0000a5a5
0001a5a5
0002a5a5
0003a5a5
0004a5a5
0005a5a5
0006a5a5
0007a5a5
0008a5a5
0009a5a5
000aa5a5
000ba5a5
000ca5a5
000da5a5
000ea5a5
000fa5a5
0010a5a5
0011a5a5
0012a5a5
0013a5a5
0014a5a5
0015a5a5
0016a5a5
0017a5a5
0018a5a5
0019a5a5
001aa5a5
001ba5a5
001ca5a5
001da5a5
001ea5a5
001fa5a5
0020a5a5
0021a5a5
0022a5a5
0023a5a5
0024a5a5
0025a5a5
0026a5a5
0027a5a5
0028a5a5
0029a5a5
002aa5a5
002ba5a5
002ca5a5
002da5a5
002ea5a5
002fa5a5
0030a5a5
0031a5a5
0032a5a5
0033a5a5
0034a5a5
0035a5a5
0036a5a5
0037a5a5
0038a5a5
0039a5a5
003aa5a5
003ba5a5
003ca5a5
003da5a5
003ea5a5
003fa5a5
0040a5a5
0041a5a5
0042a5a5
0043a5a5
0044a5a5
0045a5a5
0046a5a5
0047a5a5
0048a5a5
0049a5a5
004aa5a5
004ba5a5
004ca5a5
004da5a5
004ea5a5
004fa5a5
0050a5a5
0051a5a5
0052a5a5
0053a5a5
0054a5a5
0055a5a5
0056a5a5
0057a5a5
0058a5a5
0059a5a5
005aa5a5
005ba5a5
005ca5a5
005da5a5
005ea5a5
005fa5a5
0060a5a5
0061a5a5
0062a5a5
0063a5a5
0064a5a5
0065a5a5
0066a5a5
0067a5a5
0068a5a5
0069a5a5
006aa5a5
006ba5a5
006ca5a5
006da5a5
006ea5a5
006fa5a5
0070a5a5
0071a5a5
0072a5a5
0073a5a5
0074a5a5
0075a5a5
0076a5a5
0077a5a5
0078a5a5
0079a5a5
007aa5a5
007ba5a5
007ca5a5
007da5a5
007ea5a5
007fa5a5
0080a5a5
0081a5a5
0082a5a5
0083a5a5
0084a5a5
0085a5a5
0086a5a5
0087a5a5
0088a5a5
0089a5a5
008aa5a5
008ba5a5
008ca5a5
008da5a5
008ea5a5
008fa5a5
0090a5a5
0091a5a5
0092a5a5
0093a5a5
0094a5a5
0095a5a5
0096a5a5
0097a5a5
0098a5a5
0099a5a5
009aa5a5
009ba5a5
009ca5a5
009da5a5
009ea5a5
009fa5a5
00a0a5a5
00a1a5a5
00a2a5a5
00a3a5a5
00a4a5a5
00a5a5a5
00a6a5a5
00a7a5a5
00a8a5a5
00a9a5a5
00aaa5a5
00aba5a5
00aca5a5
00ada5a5
00aea5a5
00afa5a5
00b0a5a5
00b1a5a5
00b2a5a5
00b3a5a5
00b4a5a5
00b5a5a5
00b6a5a5
00b7a5a5
00b8a5a5
00b9a5a5
00baa5a5
00bba5a5
00bca5a5
00bda5a5
00bea5a5
00bfa5a5
00c0a5a5
00c1a5a5
00c2a5a5
00c3a5a5
00c4a5a5
00c5a5a5
00c6a5a5
00c7a5a5
00c8a5a5
00c9a5a5
00caa5a5
00cba5a5
00cca5a5
00cda5a5
00cea5a5
00cfa5a5
00d0a5a5
00d1a5a5
00d2a5a5
00d3a5a5
00d4a5a5
00d5a5a5
00d6a5a5
00d7a5a5
00d8a5a5
00d9a5a5
00daa5a5
00dba5a5
00dca5a5
00dda5a5
00dea5a5
00dfa5a5
00e0a5a5
00e1a5a5
00e2a5a5
00e3a5a5
00e4a5a5
00e5a5a5
00e6a5a5
00e7a5a5
00e8a5a5
00e9a5a5
00eaa5a5
00eba5a5
00eca5a5
00eda5a5
00eea5a5
00efa5a5
00f0a5a5
00f1a5a5
00f2a5a5
00f3a5a5
00f4a5a5
00f5a5a5
00f6a5a5
00f7a5a5
00f8a5a5
00f9a5a5
00faa5a5
00fba5a5
00fca5a5
00fda5a5
00fea5a5
00ffa5a5
0100a5a5
0101a5a5
0102a5a5
0103a5a5
0104a5a5
0105a5a5
0106a5a5
0107a5a5
0108a5a5
0109a5a5
010aa5a5
010ba5a5
010ca5a5
010da5a5
010ea5a5
010fa5a5
0110a5a5
0111a5a5
0112a5a5
0113a5a5
0114a5a5
0115a5a5
0116a5a5
0117a5a5
0118a5a5
0119a5a5
011aa5a5
011ba5a5
011ca5a5
011da5a5
011ea5a5
011fa5a5
0120a5a5
0121a5a5
0122a5a5
0123a5a5
0124a5a5
0125a5a5
0126a5a5
0127a5a5
0128a5a5
0129a5a5
012aa5a5
012ba5a5
012ca5a5
012da5a5
012ea5a5
012fa5a5
0130a5a5
0131a5a5
0132a5a5
0133a5a5
0134a5a5
0135a5a5
0136a5a5
0137a5a5
0138a5a5
0139a5a5
013aa5a5
013ba5a5
013ca5a5
013da5a5
013ea5a5
013fa5a5
0140a5a5
0141a5a5
0142a5a5
0143a5a5
0144a5a5
0145a5a5
0146a5a5
0147a5a5
0148a5a5
0149a5a5
014aa5a5
014ba5a5
014ca5a5
014da5a5
014ea5a5
014fa5a5
0150a5a5
0151a5a5
0152a5a5
0153a5a5
0154a5a5
0155a5a5
0156a5a5
0157a5a5
0158a5a5
0159a5a5
015aa5a5
015ba5a5
015ca5a5
015da5a5
015ea5a5
015fa5a5
0160a5a5
0161a5a5
0162a5a5
0163a5a5
0164a5a5
0165a5a5
0166a5a5
0167a5a5
0168a5a5
0169a5a5
016aa5a5
016ba5a5
016ca5a5
016da5a5
016ea5a5
016fa5a5
0170a5a5
0171a5a5
0172a5a5
0173a5a5
0174a5a5
0175a5a5
0176a5a5
0177a5a5
0178a5a5
0179a5a5
017aa5a5
017ba5a5
017ca5a5
017da5a5
017ea5a5
017fa5a5
0180a5a5
0181a5a5
0182a5a5
0183a5a5
0184a5a5
0185a5a5
0186a5a5
0187a5a5
0188a5a5
0189a5a5
018aa5a5
018ba5a5
018ca5a5
018da5a5
018ea5a5
018fa5a5
0190a5a5
0191a5a5
0192a5a5
0193a5a5
0194a5a5
0195a5a5
0196a5a5
0197a5a5
0198a5a5
0199a5a5
019aa5a5
019ba5a5
019ca5a5
019da5a5
019ea5a5
019fa5a5
01a0a5a5
01a1a5a5
01a2a5a5
01a3a5a5
01a4a5a5
01a5a5a5
01a6a5a5
01a7a5a5
01a8a5a5
01a9a5a5
01aaa5a5
01aba5a5
01aca5a5
01ada5a5
01aea5a5
01afa5a5
01b0a5a5
01b1a5a5
01b2a5a5
01b3a5a5
01b4a5a5
01b5a5a5
01b6a5a5
01b7a5a5
01b8a5a5
01b9a5a5
01baa5a5
01bba5a5
01bca5a5
01bda5a5
01bea5a5
01bfa5a5
01c0a5a5
01c1a5a5
01c2a5a5
01c3a5a5
01c4a5a5
01c5a5a5
01c6a5a5
01c7a5a5
01c8a5a5
01c9a5a5
01caa5a5
01cba5a5
01cca5a5
01cda5a5
01cea5a5
01cfa5a5
01d0a5a5
01d1a5a5
01d2a5a5
01d3a5a5
01d4a5a5
01d5a5a5
01d6a5a5
01d7a5a5
01d8a5a5
01d9a5a5
01daa5a5
01dba5a5
01dca5a5
01dda5a5
01dea5a5
01dfa5a5
01e0a5a5
01e1a5a5
01e2a5a5
01e3a5a5
01e4a5a5
01e5a5a5
01e6a5a5
01e7a5a5
01e8a5a5
01e9a5a5
01eaa5a5
01eba5a5
01eca5a5
01eda5a5
01eea5a5
01efa5a5
01f0a5a5
01f1a5a5
01f2a5a5
01f3a5a5
01f4a5a5
01f5a5a5
01f6a5a5
01f7a5a5
01f8a5a5
01f9a5a5
01faa5a5
01fba5a5
01fca5a5
01fda5a5
01fea5a5
01ffa5a5
0200a5a5
0201a5a5
0202a5a5
0203a5a5
0204a5a5
0205a5a5
0206a5a5
0207a5a5
0208a5a5
0209a5a5
020aa5a5
020ba5a5
020ca5a5
020da5a5
020ea5a5
020fa5a5
0210a5a5
0211a5a5
0212a5a5
0213a5a5
0214a5a5
0215a5a5
0216a5a5
0217a5a5
0218a5a5
0219a5a5
021aa5a5
021ba5a5
021ca5a5
021da5a5
021ea5a5
021fa5a5
0220a5a5
0221a5a5
0222a5a5
0223a5a5
0224a5a5
0225a5a5
0226a5a5
0227a5a5
0228a5a5
0229a5a5
022aa5a5
022ba5a5
022ca5a5
022da5a5
022ea5a5
022fa5a5
0230a5a5
0231a5a5
0232a5a5
0233a5a5
0234a5a5
0235a5a5
0236a5a5
0237a5a5
0238a5a5
0239a5a5
023aa5a5
023ba5a5
023ca5a5
023da5a5
023ea5a5
023fa5a5
0240a5a5
0241a5a5
0242a5a5
0243a5a5
0244a5a5
0245a5a5
0246a5a5
0247a5a5
0248a5a5
0249a5a5
024aa5a5
024ba5a5
024ca5a5
024da5a5
024ea5a5
024fa5a5
0250a5a5
0251a5a5
0252a5a5
0253a5a5
0254a5a5
0255a5a5
0256a5a5
0257a5a5
0258a5a5
0259a5a5
025aa5a5
025ba5a5
025ca5a5
025da5a5
025ea5a5
025fa5a5
0260a5a5
0261a5a5
0262a5a5
0263a5a5
0264a5a5
0265a5a5
0266a5a5
0267a5a5
0268a5a5
0269a5a5
026aa5a5
026ba5a5
026ca5a5
026da5a5
026ea5a5
026fa5a5
0270a5a5
0271a5a5
0272a5a5
0273a5a5
0274a5a5
0275a5a5
0276a5a5
0277a5a5
0278a5a5
0279a5a5
027aa5a5
027ba5a5
027ca5a5
027da5a5
027ea5a5
027fa5a5
0280a5a5
0281a5a5
0282a5a5
0283a5a5
0284a5a5
0285a5a5
0286a5a5
0287a5a5
0288a5a5
0289a5a5
028aa5a5
028ba5a5
028ca5a5
028da5a5
028ea5a5
028fa5a5
0290a5a5
0291a5a5
0292a5a5
0293a5a5
0294a5a5
0295a5a5
0296a5a5
0297a5a5
0298a5a5
0299a5a5
029aa5a5
029ba5a5
029ca5a5
029da5a5
029ea5a5
029fa5a5
02a0a5a5
02a1a5a5
02a2a5a5
02a3a5a5
02a4a5a5
02a5a5a5
02a6a5a5
02a7a5a5
02a8a5a5
02a9a5a5
02aaa5a5
02aba5a5
02aca5a5
02ada5a5
02aea5a5
02afa5a5
02b0a5a5
02b1a5a5
02b2a5a5
02b3a5a5
02b4a5a5
02b5a5a5
02b6a5a5
02b7a5a5
02b8a5a5
02b9a5a5
02baa5a5
02bba5a5
02bca5a5
02bda5a5
02bea5a5
02bfa5a5
02c0a5a5
02c1a5a5
02c2a5a5
02c3a5a5
02c4a5a5
02c5a5a5
02c6a5a5
02c7a5a5
02c8a5a5
02c9a5a5
02caa5a5
02cba5a5
02cca5a5
02cda5a5
02cea5a5
02cfa5a5
02d0a5a5
02d1a5a5
02d2a5a5
02d3a5a5
02d4a5a5
02d5a5a5
02d6a5a5
02d7a5a5
02d8a5a5
02d9a5a5
02daa5a5
02dba5a5
02dca5a5
02dda5a5
02dea5a5
02dfa5a5
02e0a5a5
02e1a5a5
02e2a5a5
02e3a5a5
02e4a5a5
02e5a5a5
02e6a5a5
02e7a5a5
02e8a5a5
02e9a5a5
02eaa5a5
02eba5a5
02eca5a5
02eda5a5
02eea5a5
02efa5a5
02f0a5a5
02f1a5a5
02f2a5a5
02f3a5a5
02f4a5a5
02f5a5a5
02f6a5a5
02f7a5a5
02f8a5a5
02f9a5a5
02faa5a5
02fba5a5
02fca5a5
02fda5a5
02fea5a5
02ffa5a5
0300a5a5
0301a5a5
0302a5a5
0303a5a5
0304a5a5
0305a5a5
0306a5a5
0307a5a5
0308a5a5
0309a5a5
030aa5a5
030ba5a5
030ca5a5
030da5a5
030ea5a5
030fa5a5
0310a5a5
0311a5a5
0312a5a5
0313a5a5
0314a5a5
0315a5a5
0316a5a5
0317a5a5
0318a5a5
0319a5a5
031aa5a5
031ba5a5
031ca5a5
031da5a5
031ea5a5
031fa5a5
0320a5a5
0321a5a5
0322a5a5
0323a5a5
0324a5a5
0325a5a5
0326a5a5
0327a5a5
0328a5a5
0329a5a5
032aa5a5
032ba5a5
032ca5a5
032da5a5
032ea5a5
032fa5a5
0330a5a5
0331a5a5
0332a5a5
0333a5a5
0334a5a5
0335a5a5
0336a5a5
0337a5a5
0338a5a5
0339a5a5
033aa5a5
033ba5a5
033ca5a5
033da5a5
033ea5a5
033fa5a5
0340a5a5
0341a5a5
0342a5a5
0343a5a5
0344a5a5
0345a5a5
0346a5a5
0347a5a5
0348a5a5
0349a5a5
034aa5a5
034ba5a5
034ca5a5
034da5a5
034ea5a5
034fa5a5
0350a5a5
0351a5a5
0352a5a5
0353a5a5
0354a5a5
0355a5a5
0356a5a5
0357a5a5
0358a5a5
0359a5a5
035aa5a5
035ba5a5
035ca5a5
035da5a5
035ea5a5
035fa5a5
0360a5a5
0361a5a5
0362a5a5
0363a5a5
0364a5a5
0365a5a5
0366a5a5
0367a5a5
0368a5a5
0369a5a5
036aa5a5
036ba5a5
036ca5a5
036da5a5
036ea5a5
036fa5a5
0370a5a5
0371a5a5
0372a5a5
0373a5a5
0374a5a5
0375a5a5
0376a5a5
0377a5a5
0378a5a5
0379a5a5
037aa5a5
037ba5a5
037ca5a5
037da5a5
037ea5a5
037fa5a5
0380a5a5
0381a5a5
0382a5a5
0383a5a5
0384a5a5
0385a5a5
0386a5a5
0387a5a5
0388a5a5
0389a5a5
038aa5a5
038ba5a5
038ca5a5
038da5a5
038ea5a5
038fa5a5
0390a5a5
0391a5a5
0392a5a5
0393a5a5
0394a5a5
0395a5a5
0396a5a5
0397a5a5
0398a5a5
0399a5a5
039aa5a5
039ba5a5
039ca5a5
039da5a5
039ea5a5
039fa5a5
03a0a5a5
03a1a5a5
03a2a5a5
03a3a5a5
03a4a5a5
03a5a5a5
03a6a5a5
03a7a5a5
03a8a5a5
03a9a5a5
03aaa5a5
03aba5a5
03aca5a5
03ada5a5
03aea5a5
03afa5a5
03b0a5a5
03b1a5a5
03b2a5a5
03b3a5a5
03b4a5a5
03b5a5a5
03b6a5a5
03b7a5a5
03b8a5a5
03b9a5a5
03baa5a5
03bba5a5
03bca5a5
03bda5a5
03bea5a5
03bfa5a5
03c0a5a5
03c1a5a5
03c2a5a5
03c3a5a5
03c4a5a5
03c5a5a5
03c6a5a5
03c7a5a5
03c8a5a5
03c9a5a5
03caa5a5
03cba5a5
03cca5a5
03cda5a5
03cea5a5
03cfa5a5
03d0a5a5
03d1a5a5
03d2a5a5
03d3a5a5
03d4a5a5
03d5a5a5
03d6a5a5
03d7a5a5
03d8a5a5
03d9a5a5
03daa5a5
03dba5a5
03dca5a5
03dda5a5
03dea5a5
03dfa5a5
03e0a5a5
03e1a5a5
03e2a5a5
03e3a5a5
03e4a5a5
03e5a5a5
03e6a5a5
03e7a5a5
03e8a5a5
03e9a5a5
03eaa5a5
03eba5a5
03eca5a5
03eda5a5
03eea5a5
03efa5a5
03f0a5a5
03f1a5a5
03f2a5a5
03f3a5a5
03f4a5a5
03f5a5a5
03f6a5a5
03f7a5a5
03f8a5a5
03f9a5a5
03faa5a5
03fba5a5
03fca5a5
03fda5a5
03fea5a5
03ffa5a5
0400a5a5
0401a5a5
0402a5a5
0403a5a5
0404a5a5
0405a5a5
0406a5a5
0407a5a5
0408a5a5
0409a5a5
040aa5a5
040ba5a5
040ca5a5
040da5a5
040ea5a5
040fa5a5
0410a5a5
0411a5a5
0412a5a5
0413a5a5
0414a5a5
0415a5a5
0416a5a5
0417a5a5
0418a5a5
0419a5a5
041aa5a5
041ba5a5
041ca5a5
041da5a5
041ea5a5
041fa5a5
0420a5a5
0421a5a5
0422a5a5
0423a5a5
0424a5a5
0425a5a5
0426a5a5
0427a5a5
0428a5a5
0429a5a5
042aa5a5
042ba5a5
042ca5a5
042da5a5
042ea5a5
042fa5a5
0430a5a5
0431a5a5
0432a5a5
0433a5a5
0434a5a5
0435a5a5
0436a5a5
0437a5a5
0438a5a5
0439a5a5
043aa5a5
043ba5a5
043ca5a5
043da5a5
043ea5a5
043fa5a5
0440a5a5
0441a5a5
0442a5a5
0443a5a5
0444a5a5
0445a5a5
0446a5a5
0447a5a5
0448a5a5
0449a5a5
044aa5a5
044ba5a5
044ca5a5
044da5a5
044ea5a5
044fa5a5
0450a5a5
0451a5a5
0452a5a5
0453a5a5
0454a5a5
0455a5a5
0456a5a5
0457a5a5
0458a5a5
0459a5a5
045aa5a5
045ba5a5
045ca5a5
045da5a5
045ea5a5
045fa5a5
0460a5a5
0461a5a5
0462a5a5
0463a5a5
0464a5a5
0465a5a5
0466a5a5
0467a5a5
0468a5a5
0469a5a5
046aa5a5
046ba5a5
046ca5a5
046da5a5
046ea5a5
046fa5a5
0470a5a5
0471a5a5
0472a5a5
0473a5a5
0474a5a5
0475a5a5
0476a5a5
0477a5a5
0478a5a5
0479a5a5
047aa5a5
047ba5a5
047ca5a5
047da5a5
047ea5a5
047fa5a5
0480a5a5
0481a5a5
0482a5a5
0483a5a5
0484a5a5
0485a5a5
0486a5a5
0487a5a5
0488a5a5
0489a5a5
048aa5a5
048ba5a5
048ca5a5
048da5a5
048ea5a5
048fa5a5
0490a5a5
0491a5a5
0492a5a5
0493a5a5
0494a5a5
0495a5a5
0496a5a5
0497a5a5
0498a5a5
0499a5a5
049aa5a5
049ba5a5
049ca5a5
049da5a5
049ea5a5
049fa5a5
04a0a5a5
04a1a5a5
04a2a5a5
04a3a5a5
04a4a5a5
04a5a5a5
04a6a5a5
04a7a5a5
04a8a5a5
04a9a5a5
04aaa5a5
04aba5a5
04aca5a5
04ada5a5
04aea5a5
04afa5a5
04b0a5a5
04b1a5a5
04b2a5a5
04b3a5a5
04b4a5a5
04b5a5a5
04b6a5a5
04b7a5a5
04b8a5a5
04b9a5a5
04baa5a5
04bba5a5
04bca5a5
04bda5a5
04bea5a5
04bfa5a5
04c0a5a5
04c1a5a5
04c2a5a5
04c3a5a5
04c4a5a5
04c5a5a5
04c6a5a5
04c7a5a5
04c8a5a5
04c9a5a5
04caa5a5
04cba5a5
04cca5a5
04cda5a5
04cea5a5
04cfa5a5
04d0a5a5
04d1a5a5
04d2a5a5
04d3a5a5
04d4a5a5
04d5a5a5
04d6a5a5
04d7a5a5
04d8a5a5
04d9a5a5
04daa5a5
04dba5a5
04dca5a5
04dda5a5
04dea5a5
04dfa5a5
04e0a5a5
04e1a5a5
04e2a5a5
04e3a5a5
04e4a5a5
04e5a5a5
04e6a5a5
04e7a5a5
04e8a5a5
04e9a5a5
04eaa5a5
04eba5a5
04eca5a5
04eda5a5
04eea5a5
04efa5a5
04f0a5a5
04f1a5a5
04f2a5a5
04f3a5a5
04f4a5a5
04f5a5a5
04f6a5a5
04f7a5a5
04f8a5a5
04f9a5a5
04faa5a5
04fba5a5
04fca5a5
04fda5a5
04fea5a5
04ffa5a5
0500a5a5
0501a5a5
0502a5a5
0503a5a5
0504a5a5
0505a5a5
0506a5a5
0507a5a5
0508a5a5
0509a5a5
050aa5a5
050ba5a5
050ca5a5
050da5a5
050ea5a5
050fa5a5
0510a5a5
0511a5a5
0512a5a5
0513a5a5
0514a5a5
0515a5a5
0516a5a5
0517a5a5
0518a5a5
0519a5a5
051aa5a5
051ba5a5
051ca5a5
051da5a5
051ea5a5
051fa5a5
0520a5a5
0521a5a5
0522a5a5
0523a5a5
0524a5a5
0525a5a5
0526a5a5
0527a5a5
0528a5a5
0529a5a5
052aa5a5
052ba5a5
052ca5a5
052da5a5
052ea5a5
052fa5a5
0530a5a5
0531a5a5
0532a5a5
0533a5a5
0534a5a5
0535a5a5
0536a5a5
0537a5a5
0538a5a5
0539a5a5
053aa5a5
053ba5a5
053ca5a5
053da5a5
053ea5a5
053fa5a5
0540a5a5
0541a5a5
0542a5a5
0543a5a5
0544a5a5
0545a5a5
0546a5a5
0547a5a5
0548a5a5
0549a5a5
054aa5a5
054ba5a5
054ca5a5
054da5a5
054ea5a5
054fa5a5
0550a5a5
0551a5a5
0552a5a5
0553a5a5
0554a5a5
0555a5a5
0556a5a5
0557a5a5
0558a5a5
0559a5a5
055aa5a5
055ba5a5
055ca5a5
055da5a5
055ea5a5
055fa5a5
0560a5a5
0561a5a5
0562a5a5
0563a5a5
0564a5a5
0565a5a5
0566a5a5
0567a5a5
0568a5a5
0569a5a5
056aa5a5
056ba5a5
056ca5a5
056da5a5
056ea5a5
056fa5a5
0570a5a5
0571a5a5
0572a5a5
0573a5a5
0574a5a5
0575a5a5
0576a5a5
0577a5a5
0578a5a5
0579a5a5
057aa5a5
057ba5a5
057ca5a5
057da5a5
057ea5a5
057fa5a5
0580a5a5
0581a5a5
0582a5a5
0583a5a5
0584a5a5
0585a5a5
0586a5a5
0587a5a5
0588a5a5
0589a5a5
058aa5a5
058ba5a5
058ca5a5
058da5a5
058ea5a5
058fa5a5
0590a5a5
0591a5a5
0592a5a5
0593a5a5
0594a5a5
0595a5a5
0596a5a5
0597a5a5
0598a5a5
0599a5a5
059aa5a5
059ba5a5
059ca5a5
059da5a5
059ea5a5
059fa5a5
05a0a5a5
05a1a5a5
05a2a5a5
05a3a5a5
05a4a5a5
05a5a5a5
05a6a5a5
05a7a5a5
05a8a5a5
05a9a5a5
05aaa5a5
05aba5a5
05aca5a5
05ada5a5
05aea5a5
05afa5a5
05b0a5a5
05b1a5a5
05b2a5a5
05b3a5a5
05b4a5a5
05b5a5a5
05b6a5a5
05b7a5a5
05b8a5a5
05b9a5a5
05baa5a5
05bba5a5
05bca5a5
05bda5a5
05bea5a5
05bfa5a5
05c0a5a5
05c1a5a5
05c2a5a5
05c3a5a5
05c4a5a5
05c5a5a5
05c6a5a5
05c7a5a5
05c8a5a5
05c9a5a5
05caa5a5
05cba5a5
05cca5a5
05cda5a5
05cea5a5
05cfa5a5
05d0a5a5
05d1a5a5
05d2a5a5
05d3a5a5
05d4a5a5
05d5a5a5
05d6a5a5
05d7a5a5
05d8a5a5
05d9a5a5
05daa5a5
05dba5a5
05dca5a5
05dda5a5
05dea5a5
05dfa5a5
05e0a5a5
05e1a5a5
05e2a5a5
05e3a5a5
05e4a5a5
05e5a5a5
05e6a5a5
05e7a5a5
05e8a5a5
05e9a5a5
05eaa5a5
05eba5a5
05eca5a5
05eda5a5
05eea5a5
05efa5a5
05f0a5a5
05f1a5a5
05f2a5a5
05f3a5a5
05f4a5a5
05f5a5a5
05f6a5a5
05f7a5a5
05f8a5a5
05f9a5a5
05faa5a5
05fba5a5
05fca5a5
05fda5a5
05fea5a5
05ffa5a5
0600a5a5
0601a5a5
0602a5a5
0603a5a5
0604a5a5
0605a5a5
0606a5a5
0607a5a5
0608a5a5
0609a5a5
060aa5a5
060ba5a5
060ca5a5
060da5a5
060ea5a5
060fa5a5
0610a5a5
0611a5a5
0612a5a5
0613a5a5
0614a5a5
0615a5a5
0616a5a5
0617a5a5
0618a5a5
0619a5a5
061aa5a5
061ba5a5
061ca5a5
061da5a5
061ea5a5
061fa5a5
0620a5a5
0621a5a5
0622a5a5
0623a5a5
0624a5a5
0625a5a5
0626a5a5
0627a5a5
0628a5a5
0629a5a5
062aa5a5
062ba5a5
062ca5a5
062da5a5
062ea5a5
062fa5a5
0630a5a5
0631a5a5
0632a5a5
0633a5a5
0634a5a5
0635a5a5
0636a5a5
0637a5a5
0638a5a5
0639a5a5
063aa5a5
063ba5a5
063ca5a5
063da5a5
063ea5a5
063fa5a5
0640a5a5
0641a5a5
0642a5a5
0643a5a5
0644a5a5
0645a5a5
0646a5a5
0647a5a5
0648a5a5
0649a5a5
064aa5a5
064ba5a5
064ca5a5
064da5a5
064ea5a5
064fa5a5
0650a5a5
0651a5a5
0652a5a5
0653a5a5
0654a5a5
0655a5a5
0656a5a5
0657a5a5
0658a5a5
0659a5a5
065aa5a5
065ba5a5
065ca5a5
065da5a5
065ea5a5
065fa5a5
0660a5a5
0661a5a5
0662a5a5
0663a5a5
0664a5a5
0665a5a5
0666a5a5
0667a5a5
0668a5a5
0669a5a5
066aa5a5
066ba5a5
066ca5a5
066da5a5
066ea5a5
066fa5a5
0670a5a5
0671a5a5
0672a5a5
0673a5a5
0674a5a5
0675a5a5
0676a5a5
0677a5a5
0678a5a5
0679a5a5
067aa5a5
067ba5a5
067ca5a5
067da5a5
067ea5a5
067fa5a5
0680a5a5
0681a5a5
0682a5a5
0683a5a5
0684a5a5
0685a5a5
0686a5a5
0687a5a5
0688a5a5
0689a5a5
068aa5a5
068ba5a5
068ca5a5
068da5a5
068ea5a5
068fa5a5
0690a5a5
0691a5a5
0692a5a5
0693a5a5
0694a5a5
0695a5a5
0696a5a5
0697a5a5
0698a5a5
0699a5a5
069aa5a5
069ba5a5
069ca5a5
069da5a5
069ea5a5
069fa5a5
06a0a5a5
06a1a5a5
06a2a5a5
06a3a5a5
06a4a5a5
06a5a5a5
06a6a5a5
06a7a5a5
06a8a5a5
06a9a5a5
06aaa5a5
06aba5a5
06aca5a5
06ada5a5
06aea5a5
06afa5a5
06b0a5a5
06b1a5a5
06b2a5a5
06b3a5a5
06b4a5a5
06b5a5a5
06b6a5a5
06b7a5a5
06b8a5a5
06b9a5a5
06baa5a5
06bba5a5
06bca5a5
06bda5a5
06bea5a5
06bfa5a5
06c0a5a5
06c1a5a5
06c2a5a5
06c3a5a5
06c4a5a5
06c5a5a5
06c6a5a5
06c7a5a5
06c8a5a5
06c9a5a5
06caa5a5
06cba5a5
06cca5a5
06cda5a5
06cea5a5
06cfa5a5
06d0a5a5
06d1a5a5
06d2a5a5
06d3a5a5
06d4a5a5
06d5a5a5
06d6a5a5
06d7a5a5
06d8a5a5
06d9a5a5
06daa5a5
06dba5a5
06dca5a5
06dda5a5
06dea5a5
06dfa5a5
06e0a5a5
06e1a5a5
06e2a5a5
06e3a5a5
06e4a5a5
06e5a5a5
06e6a5a5
06e7a5a5
06e8a5a5
06e9a5a5
06eaa5a5
06eba5a5
06eca5a5
06eda5a5
06eea5a5
06efa5a5
06f0a5a5
06f1a5a5
06f2a5a5
06f3a5a5
06f4a5a5
06f5a5a5
06f6a5a5
06f7a5a5
06f8a5a5
06f9a5a5
06faa5a5
06fba5a5
06fca5a5
06fda5a5
06fea5a5
06ffa5a5
0700a5a5
0701a5a5
0702a5a5
0703a5a5
0704a5a5
0705a5a5
0706a5a5
0707a5a5
0708a5a5
0709a5a5
070aa5a5
070ba5a5
070ca5a5
070da5a5
070ea5a5
070fa5a5
0710a5a5
0711a5a5
0712a5a5
0713a5a5
0714a5a5
0715a5a5
0716a5a5
0717a5a5
0718a5a5
0719a5a5
071aa5a5
071ba5a5
071ca5a5
071da5a5
071ea5a5
071fa5a5
0720a5a5
0721a5a5
0722a5a5
0723a5a5
0724a5a5
0725a5a5
0726a5a5
0727a5a5
0728a5a5
0729a5a5
072aa5a5
072ba5a5
072ca5a5
072da5a5
072ea5a5
072fa5a5
0730a5a5
0731a5a5
0732a5a5
0733a5a5
0734a5a5
0735a5a5
0736a5a5
0737a5a5
0738a5a5
0739a5a5
073aa5a5
073ba5a5
073ca5a5
073da5a5
073ea5a5
073fa5a5
0740a5a5
0741a5a5
0742a5a5
0743a5a5
0744a5a5
0745a5a5
0746a5a5
0747a5a5
0748a5a5
0749a5a5
074aa5a5
074ba5a5
074ca5a5
074da5a5
074ea5a5
074fa5a5
0750a5a5
0751a5a5
0752a5a5
0753a5a5
0754a5a5
0755a5a5
0756a5a5
0757a5a5
0758a5a5
0759a5a5
075aa5a5
075ba5a5
075ca5a5
075da5a5
075ea5a5
075fa5a5
0760a5a5
0761a5a5
0762a5a5
0763a5a5
0764a5a5
0765a5a5
0766a5a5
0767a5a5
0768a5a5
0769a5a5
076aa5a5
076ba5a5
076ca5a5
076da5a5
076ea5a5
076fa5a5
0770a5a5
0771a5a5
0772a5a5
0773a5a5
0774a5a5
0775a5a5
0776a5a5
0777a5a5
0778a5a5
0779a5a5
077aa5a5
077ba5a5
077ca5a5
077da5a5
077ea5a5
077fa5a5
0780a5a5
0781a5a5
0782a5a5
0783a5a5
0784a5a5
0785a5a5
0786a5a5
0787a5a5
0788a5a5
0789a5a5
078aa5a5
078ba5a5
078ca5a5
078da5a5
078ea5a5
078fa5a5
0790a5a5
0791a5a5
0792a5a5
0793a5a5
0794a5a5
0795a5a5
0796a5a5
0797a5a5
0798a5a5
0799a5a5
079aa5a5
079ba5a5
079ca5a5
079da5a5
079ea5a5
079fa5a5
07a0a5a5
07a1a5a5
07a2a5a5
07a3a5a5
07a4a5a5
07a5a5a5
07a6a5a5
07a7a5a5
07a8a5a5
07a9a5a5
07aaa5a5
07aba5a5
07aca5a5
07ada5a5
07aea5a5
07afa5a5
07b0a5a5
07b1a5a5
07b2a5a5
07b3a5a5
07b4a5a5
07b5a5a5
07b6a5a5
07b7a5a5
07b8a5a5
07b9a5a5
07baa5a5
07bba5a5
07bca5a5
07bda5a5
07bea5a5
07bfa5a5
07c0a5a5
07c1a5a5
07c2a5a5
07c3a5a5
07c4a5a5
07c5a5a5
07c6a5a5
07c7a5a5
07c8a5a5
07c9a5a5
07caa5a5
07cba5a5
07cca5a5
07cda5a5
07cea5a5
07cfa5a5
07d0a5a5
07d1a5a5
07d2a5a5
07d3a5a5
07d4a5a5
07d5a5a5
07d6a5a5
07d7a5a5
07d8a5a5
07d9a5a5
07daa5a5
07dba5a5
07dca5a5
07dda5a5
07dea5a5
07dfa5a5
07e0a5a5
07e1a5a5
07e2a5a5
07e3a5a5
07e4a5a5
07e5a5a5
07e6a5a5
07e7a5a5
07e8a5a5
07e9a5a5
07eaa5a5
07eba5a5
07eca5a5
07eda5a5
07eea5a5
07efa5a5
07f0a5a5
07f1a5a5
07f2a5a5
07f3a5a5
07f4a5a5
07f5a5a5
07f6a5a5
07f7a5a5
07f8a5a5
07f9a5a5
07faa5a5
07fba5a5
07fca5a5
07fda5a5
07fea5a5
07ffa5a5
0800a5a5
0801a5a5
0802a5a5
0803a5a5
0804a5a5
0805a5a5
0806a5a5
0807a5a5
0808a5a5
0809a5a5
080aa5a5
080ba5a5
080ca5a5
080da5a5
080ea5a5
080fa5a5
0810a5a5
0811a5a5
0812a5a5
0813a5a5
0814a5a5
0815a5a5
0816a5a5
0817a5a5
0818a5a5
0819a5a5
081aa5a5
081ba5a5
081ca5a5
081da5a5
081ea5a5
081fa5a5
0820a5a5
0821a5a5
0822a5a5
0823a5a5
0824a5a5
0825a5a5
0826a5a5
0827a5a5
0828a5a5
0829a5a5
082aa5a5
082ba5a5
082ca5a5
082da5a5
082ea5a5
082fa5a5
0830a5a5
0831a5a5
0832a5a5
0833a5a5
0834a5a5
0835a5a5
0836a5a5
0837a5a5
0838a5a5
0839a5a5
083aa5a5
083ba5a5
083ca5a5
083da5a5
083ea5a5
083fa5a5
0840a5a5
0841a5a5
0842a5a5
0843a5a5
0844a5a5
0845a5a5
0846a5a5
0847a5a5
0848a5a5
0849a5a5
084aa5a5
084ba5a5
084ca5a5
084da5a5
084ea5a5
084fa5a5
0850a5a5
0851a5a5
0852a5a5
0853a5a5
0854a5a5
0855a5a5
0856a5a5
0857a5a5
0858a5a5
0859a5a5
085aa5a5
085ba5a5
085ca5a5
085da5a5
085ea5a5
085fa5a5
0860a5a5
0861a5a5
0862a5a5
0863a5a5
0864a5a5
0865a5a5
0866a5a5
0867a5a5
0868a5a5
0869a5a5
086aa5a5
086ba5a5
086ca5a5
086da5a5
086ea5a5
086fa5a5
0870a5a5
0871a5a5
0872a5a5
0873a5a5
0874a5a5
0875a5a5
0876a5a5
0877a5a5
0878a5a5
0879a5a5
087aa5a5
087ba5a5
087ca5a5
087da5a5
087ea5a5
087fa5a5
0880a5a5
0881a5a5
0882a5a5
0883a5a5
0884a5a5
0885a5a5
0886a5a5
0887a5a5
0888a5a5
0889a5a5
088aa5a5
088ba5a5
088ca5a5
088da5a5
088ea5a5
088fa5a5
0890a5a5
0891a5a5
0892a5a5
0893a5a5
0894a5a5
0895a5a5
0896a5a5
0897a5a5
0898a5a5
0899a5a5
089aa5a5
089ba5a5
089ca5a5
089da5a5
089ea5a5
089fa5a5
08a0a5a5
08a1a5a5
08a2a5a5
08a3a5a5
08a4a5a5
08a5a5a5
08a6a5a5
08a7a5a5
08a8a5a5
08a9a5a5
08aaa5a5
08aba5a5
08aca5a5
08ada5a5
08aea5a5
08afa5a5
08b0a5a5
08b1a5a5
08b2a5a5
08b3a5a5
08b4a5a5
08b5a5a5
08b6a5a5
08b7a5a5
08b8a5a5
08b9a5a5
08baa5a5
08bba5a5
08bca5a5
08bda5a5
08bea5a5
08bfa5a5
08c0a5a5
08c1a5a5
08c2a5a5
08c3a5a5
08c4a5a5
08c5a5a5
08c6a5a5
08c7a5a5
08c8a5a5
08c9a5a5
08caa5a5
08cba5a5
08cca5a5
08cda5a5
08cea5a5
08cfa5a5
08d0a5a5
08d1a5a5
08d2a5a5
08d3a5a5
08d4a5a5
08d5a5a5
08d6a5a5
08d7a5a5
08d8a5a5
08d9a5a5
08daa5a5
08dba5a5
08dca5a5
08dda5a5
08dea5a5
08dfa5a5
08e0a5a5
08e1a5a5
08e2a5a5
08e3a5a5
08e4a5a5
08e5a5a5
08e6a5a5
08e7a5a5
08e8a5a5
08e9a5a5
08eaa5a5
08eba5a5
08eca5a5
08eda5a5
08eea5a5
08efa5a5
08f0a5a5
08f1a5a5
08f2a5a5
08f3a5a5
08f4a5a5
08f5a5a5
08f6a5a5
08f7a5a5
08f8a5a5
08f9a5a5
08faa5a5
08fba5a5
08fca5a5
08fda5a5
08fea5a5
08ffa5a5
0900a5a5
0901a5a5
0902a5a5
0903a5a5
0904a5a5
0905a5a5
0906a5a5
0907a5a5
0908a5a5
0909a5a5
090aa5a5
090ba5a5
090ca5a5
090da5a5
090ea5a5
090fa5a5
0910a5a5
0911a5a5
0912a5a5
0913a5a5
0914a5a5
0915a5a5
0916a5a5
0917a5a5
0918a5a5
0919a5a5
091aa5a5
091ba5a5
091ca5a5
091da5a5
091ea5a5
091fa5a5
0920a5a5
0921a5a5
0922a5a5
0923a5a5
0924a5a5
0925a5a5
0926a5a5
0927a5a5
0928a5a5
0929a5a5
092aa5a5
092ba5a5
092ca5a5
092da5a5
092ea5a5
092fa5a5
0930a5a5
0931a5a5
0932a5a5
0933a5a5
0934a5a5
0935a5a5
0936a5a5
0937a5a5
0938a5a5
0939a5a5
093aa5a5
093ba5a5
093ca5a5
093da5a5
093ea5a5
093fa5a5
0940a5a5
0941a5a5
0942a5a5
0943a5a5
0944a5a5
0945a5a5
0946a5a5
0947a5a5
0948a5a5
0949a5a5
094aa5a5
094ba5a5
094ca5a5
094da5a5
094ea5a5
094fa5a5
0950a5a5
0951a5a5
0952a5a5
0953a5a5
0954a5a5
0955a5a5
0956a5a5
0957a5a5
0958a5a5
0959a5a5
095aa5a5
095ba5a5
095ca5a5
095da5a5
095ea5a5
095fa5a5
0960a5a5
0961a5a5
0962a5a5
0963a5a5
0964a5a5
0965a5a5
0966a5a5
0967a5a5
0968a5a5
0969a5a5
096aa5a5
096ba5a5
096ca5a5
096da5a5
096ea5a5
096fa5a5
0970a5a5
0971a5a5
0972a5a5
0973a5a5
0974a5a5
0975a5a5
0976a5a5
0977a5a5
0978a5a5
0979a5a5
097aa5a5
097ba5a5
097ca5a5
097da5a5
097ea5a5
097fa5a5
0980a5a5
0981a5a5
0982a5a5
0983a5a5
0984a5a5
0985a5a5
0986a5a5
0987a5a5
0988a5a5
0989a5a5
098aa5a5
098ba5a5
098ca5a5
098da5a5
098ea5a5
098fa5a5
0990a5a5
0991a5a5
0992a5a5
0993a5a5
0994a5a5
0995a5a5
0996a5a5
0997a5a5
0998a5a5
0999a5a5
099aa5a5
099ba5a5
099ca5a5
099da5a5
099ea5a5
099fa5a5
09a0a5a5
09a1a5a5
09a2a5a5
09a3a5a5
09a4a5a5
09a5a5a5
09a6a5a5
09a7a5a5
09a8a5a5
09a9a5a5
09aaa5a5
09aba5a5
09aca5a5
09ada5a5
09aea5a5
09afa5a5
09b0a5a5
09b1a5a5
09b2a5a5
09b3a5a5
09b4a5a5
09b5a5a5
09b6a5a5
09b7a5a5
09b8a5a5
09b9a5a5
09baa5a5
09bba5a5
09bca5a5
09bda5a5
09bea5a5
09bfa5a5
09c0a5a5
09c1a5a5
09c2a5a5
09c3a5a5
09c4a5a5
09c5a5a5
09c6a5a5
09c7a5a5
09c8a5a5
09c9a5a5
09caa5a5
09cba5a5
09cca5a5
09cda5a5
09cea5a5
09cfa5a5
09d0a5a5
09d1a5a5
09d2a5a5
09d3a5a5
09d4a5a5
09d5a5a5
09d6a5a5
09d7a5a5
09d8a5a5
09d9a5a5
09daa5a5
09dba5a5
09dca5a5
09dda5a5
09dea5a5
09dfa5a5
09e0a5a5
09e1a5a5
09e2a5a5
09e3a5a5
09e4a5a5
09e5a5a5
09e6a5a5
09e7a5a5
09e8a5a5
09e9a5a5
09eaa5a5
09eba5a5
09eca5a5
09eda5a5
09eea5a5
09efa5a5
09f0a5a5
09f1a5a5
09f2a5a5
09f3a5a5
09f4a5a5
09f5a5a5
09f6a5a5
09f7a5a5
09f8a5a5
09f9a5a5
09faa5a5
09fba5a5
09fca5a5
09fda5a5
09fea5a5
09ffa5a5
0a00a5a5
0a01a5a5
0a02a5a5
0a03a5a5
0a04a5a5
0a05a5a5
0a06a5a5
0a07a5a5
0a08a5a5
0a09a5a5
0a0aa5a5
0a0ba5a5
0a0ca5a5
0a0da5a5
0a0ea5a5
0a0fa5a5
0a10a5a5
0a11a5a5
0a12a5a5
0a13a5a5
0a14a5a5
0a15a5a5
0a16a5a5
0a17a5a5
0a18a5a5
0a19a5a5
0a1aa5a5
0a1ba5a5
0a1ca5a5
0a1da5a5
0a1ea5a5
0a1fa5a5
0a20a5a5
0a21a5a5
0a22a5a5
0a23a5a5
0a24a5a5
0a25a5a5
0a26a5a5
0a27a5a5
0a28a5a5
0a29a5a5
0a2aa5a5
0a2ba5a5
0a2ca5a5
0a2da5a5
0a2ea5a5
0a2fa5a5
0a30a5a5
0a31a5a5
0a32a5a5
0a33a5a5
0a34a5a5
0a35a5a5
0a36a5a5
0a37a5a5
0a38a5a5
0a39a5a5
0a3aa5a5
0a3ba5a5
0a3ca5a5
0a3da5a5
0a3ea5a5
0a3fa5a5
0a40a5a5
0a41a5a5
0a42a5a5
0a43a5a5
0a44a5a5
0a45a5a5
0a46a5a5
0a47a5a5
0a48a5a5
0a49a5a5
0a4aa5a5
0a4ba5a5
0a4ca5a5
0a4da5a5
0a4ea5a5
0a4fa5a5
0a50a5a5
0a51a5a5
0a52a5a5
0a53a5a5
0a54a5a5
0a55a5a5
0a56a5a5
0a57a5a5
0a58a5a5
0a59a5a5
0a5aa5a5
0a5ba5a5
0a5ca5a5
0a5da5a5
0a5ea5a5
0a5fa5a5
0a60a5a5
0a61a5a5
0a62a5a5
0a63a5a5
0a64a5a5
0a65a5a5
0a66a5a5
0a67a5a5
0a68a5a5
0a69a5a5
0a6aa5a5
0a6ba5a5
0a6ca5a5
0a6da5a5
0a6ea5a5
0a6fa5a5
0a70a5a5
0a71a5a5
0a72a5a5
0a73a5a5
0a74a5a5
0a75a5a5
0a76a5a5
0a77a5a5
0a78a5a5
0a79a5a5
0a7aa5a5
0a7ba5a5
0a7ca5a5
0a7da5a5
0a7ea5a5
0a7fa5a5
0a80a5a5
0a81a5a5
0a82a5a5
0a83a5a5
0a84a5a5
0a85a5a5
0a86a5a5
0a87a5a5
0a88a5a5
0a89a5a5
0a8aa5a5
0a8ba5a5
0a8ca5a5
0a8da5a5
0a8ea5a5
0a8fa5a5
0a90a5a5
0a91a5a5
0a92a5a5
0a93a5a5
0a94a5a5
0a95a5a5
0a96a5a5
0a97a5a5
0a98a5a5
0a99a5a5
0a9aa5a5
0a9ba5a5
0a9ca5a5
0a9da5a5
0a9ea5a5
0a9fa5a5
0aa0a5a5
0aa1a5a5
0aa2a5a5
0aa3a5a5
0aa4a5a5
0aa5a5a5
0aa6a5a5
0aa7a5a5
0aa8a5a5
0aa9a5a5
0aaaa5a5
0aaba5a5
0aaca5a5
0aada5a5
0aaea5a5
0aafa5a5
0ab0a5a5
0ab1a5a5
0ab2a5a5
0ab3a5a5
0ab4a5a5
0ab5a5a5
0ab6a5a5
0ab7a5a5
0ab8a5a5
0ab9a5a5
0abaa5a5
0abba5a5
0abca5a5
0abda5a5
0abea5a5
0abfa5a5
0ac0a5a5
0ac1a5a5
0ac2a5a5
0ac3a5a5
0ac4a5a5
0ac5a5a5
0ac6a5a5
0ac7a5a5
0ac8a5a5
0ac9a5a5
0acaa5a5
0acba5a5
0acca5a5
0acda5a5
0acea5a5
0acfa5a5
0ad0a5a5
0ad1a5a5
0ad2a5a5
0ad3a5a5
0ad4a5a5
0ad5a5a5
0ad6a5a5
0ad7a5a5
0ad8a5a5
0ad9a5a5
0adaa5a5
0adba5a5
0adca5a5
0adda5a5
0adea5a5
0adfa5a5
0ae0a5a5
0ae1a5a5
0ae2a5a5
0ae3a5a5
0ae4a5a5
0ae5a5a5
0ae6a5a5
0ae7a5a5
0ae8a5a5
0ae9a5a5
0aeaa5a5
0aeba5a5
0aeca5a5
0aeda5a5
0aeea5a5
0aefa5a5
0af0a5a5
0af1a5a5
0af2a5a5
0af3a5a5
0af4a5a5
0af5a5a5
0af6a5a5
0af7a5a5
0af8a5a5
0af9a5a5
0afaa5a5
0afba5a5
0afca5a5
0afda5a5
0afea5a5
0affa5a5
0b00a5a5
0b01a5a5
0b02a5a5
0b03a5a5
0b04a5a5
0b05a5a5
0b06a5a5
0b07a5a5
0b08a5a5
0b09a5a5
0b0aa5a5
0b0ba5a5
0b0ca5a5
0b0da5a5
0b0ea5a5
0b0fa5a5
0b10a5a5
0b11a5a5
0b12a5a5
0b13a5a5
0b14a5a5
0b15a5a5
0b16a5a5
0b17a5a5
0b18a5a5
0b19a5a5
0b1aa5a5
0b1ba5a5
0b1ca5a5
0b1da5a5
0b1ea5a5
0b1fa5a5
0b20a5a5
0b21a5a5
0b22a5a5
0b23a5a5
0b24a5a5
0b25a5a5
0b26a5a5
0b27a5a5
0b28a5a5
0b29a5a5
0b2aa5a5
0b2ba5a5
0b2ca5a5
0b2da5a5
0b2ea5a5
0b2fa5a5
0b30a5a5
0b31a5a5
0b32a5a5
0b33a5a5
0b34a5a5
0b35a5a5
0b36a5a5
0b37a5a5
0b38a5a5
0b39a5a5
0b3aa5a5
0b3ba5a5
0b3ca5a5
0b3da5a5
0b3ea5a5
0b3fa5a5
0b40a5a5
0b41a5a5
0b42a5a5
0b43a5a5
0b44a5a5
0b45a5a5
0b46a5a5
0b47a5a5
0b48a5a5
0b49a5a5
0b4aa5a5
0b4ba5a5
0b4ca5a5
0b4da5a5
0b4ea5a5
0b4fa5a5
0b50a5a5
0b51a5a5
0b52a5a5
0b53a5a5
0b54a5a5
0b55a5a5
0b56a5a5
0b57a5a5
0b58a5a5
0b59a5a5
0b5aa5a5
0b5ba5a5
0b5ca5a5
0b5da5a5
0b5ea5a5
0b5fa5a5
0b60a5a5
0b61a5a5
0b62a5a5
0b63a5a5
0b64a5a5
0b65a5a5
0b66a5a5
0b67a5a5
0b68a5a5
0b69a5a5
0b6aa5a5
0b6ba5a5
0b6ca5a5
0b6da5a5
0b6ea5a5
0b6fa5a5
0b70a5a5
0b71a5a5
0b72a5a5
0b73a5a5
0b74a5a5
0b75a5a5
0b76a5a5
0b77a5a5
0b78a5a5
0b79a5a5
0b7aa5a5
0b7ba5a5
0b7ca5a5
0b7da5a5
0b7ea5a5
0b7fa5a5
0b80a5a5
0b81a5a5
0b82a5a5
0b83a5a5
0b84a5a5
0b85a5a5
0b86a5a5
0b87a5a5
0b88a5a5
0b89a5a5
0b8aa5a5
0b8ba5a5
0b8ca5a5
0b8da5a5
0b8ea5a5
0b8fa5a5
0b90a5a5
0b91a5a5
0b92a5a5
0b93a5a5
0b94a5a5
0b95a5a5
0b96a5a5
0b97a5a5
0b98a5a5
0b99a5a5
0b9aa5a5
0b9ba5a5
0b9ca5a5
0b9da5a5
0b9ea5a5
0b9fa5a5
0ba0a5a5
0ba1a5a5
0ba2a5a5
0ba3a5a5
0ba4a5a5
0ba5a5a5
0ba6a5a5
0ba7a5a5
0ba8a5a5
0ba9a5a5
0baaa5a5
0baba5a5
0baca5a5
0bada5a5
0baea5a5
0bafa5a5
0bb0a5a5
0bb1a5a5
0bb2a5a5
0bb3a5a5
0bb4a5a5
0bb5a5a5
0bb6a5a5
0bb7a5a5
0bb8a5a5
0bb9a5a5
0bbaa5a5
0bbba5a5
0bbca5a5
0bbda5a5
0bbea5a5
0bbfa5a5
0bc0a5a5
0bc1a5a5
0bc2a5a5
0bc3a5a5
0bc4a5a5
0bc5a5a5
0bc6a5a5
0bc7a5a5
0bc8a5a5
0bc9a5a5
0bcaa5a5
0bcba5a5
0bcca5a5
0bcda5a5
0bcea5a5
0bcfa5a5
0bd0a5a5
0bd1a5a5
0bd2a5a5
0bd3a5a5
0bd4a5a5
0bd5a5a5
0bd6a5a5
0bd7a5a5
0bd8a5a5
0bd9a5a5
0bdaa5a5
0bdba5a5
0bdca5a5
0bdda5a5
0bdea5a5
0bdfa5a5
0be0a5a5
0be1a5a5
0be2a5a5
0be3a5a5
0be4a5a5
0be5a5a5
0be6a5a5
0be7a5a5
0be8a5a5
0be9a5a5
0beaa5a5
0beba5a5
0beca5a5
0beda5a5
0beea5a5
0befa5a5
0bf0a5a5
0bf1a5a5
0bf2a5a5
0bf3a5a5
0bf4a5a5
0bf5a5a5
0bf6a5a5
0bf7a5a5
0bf8a5a5
0bf9a5a5
0bfaa5a5
0bfba5a5
0bfca5a5
0bfda5a5
0bfea5a5
0bffa5a5
0c00a5a5
0c01a5a5
0c02a5a5
0c03a5a5
0c04a5a5
0c05a5a5
0c06a5a5
0c07a5a5
0c08a5a5
0c09a5a5
0c0aa5a5
0c0ba5a5
0c0ca5a5
0c0da5a5
0c0ea5a5
0c0fa5a5
0c10a5a5
0c11a5a5
0c12a5a5
0c13a5a5
0c14a5a5
0c15a5a5
0c16a5a5
0c17a5a5
0c18a5a5
0c19a5a5
0c1aa5a5
0c1ba5a5
0c1ca5a5
0c1da5a5
0c1ea5a5
0c1fa5a5
0c20a5a5
0c21a5a5
0c22a5a5
0c23a5a5
0c24a5a5
0c25a5a5
0c26a5a5
0c27a5a5
0c28a5a5
0c29a5a5
0c2aa5a5
0c2ba5a5
0c2ca5a5
0c2da5a5
0c2ea5a5
0c2fa5a5
0c30a5a5
0c31a5a5
0c32a5a5
0c33a5a5
0c34a5a5
0c35a5a5
0c36a5a5
0c37a5a5
0c38a5a5
0c39a5a5
0c3aa5a5
0c3ba5a5
0c3ca5a5
0c3da5a5
0c3ea5a5
0c3fa5a5
0c40a5a5
0c41a5a5
0c42a5a5
0c43a5a5
0c44a5a5
0c45a5a5
0c46a5a5
0c47a5a5
0c48a5a5
0c49a5a5
0c4aa5a5
0c4ba5a5
0c4ca5a5
0c4da5a5
0c4ea5a5
0c4fa5a5
0c50a5a5
0c51a5a5
0c52a5a5
0c53a5a5
0c54a5a5
0c55a5a5
0c56a5a5
0c57a5a5
0c58a5a5
0c59a5a5
0c5aa5a5
0c5ba5a5
0c5ca5a5
0c5da5a5
0c5ea5a5
0c5fa5a5
0c60a5a5
0c61a5a5
0c62a5a5
0c63a5a5
0c64a5a5
0c65a5a5
0c66a5a5
0c67a5a5
0c68a5a5
0c69a5a5
0c6aa5a5
0c6ba5a5
0c6ca5a5
0c6da5a5
0c6ea5a5
0c6fa5a5
0c70a5a5
0c71a5a5
0c72a5a5
0c73a5a5
0c74a5a5
0c75a5a5
0c76a5a5
0c77a5a5
0c78a5a5
0c79a5a5
0c7aa5a5
0c7ba5a5
0c7ca5a5
0c7da5a5
0c7ea5a5
0c7fa5a5
0c80a5a5
0c81a5a5
0c82a5a5
0c83a5a5
0c84a5a5
0c85a5a5
0c86a5a5
0c87a5a5
0c88a5a5
0c89a5a5
0c8aa5a5
0c8ba5a5
0c8ca5a5
0c8da5a5
0c8ea5a5
0c8fa5a5
0c90a5a5
0c91a5a5
0c92a5a5
0c93a5a5
0c94a5a5
0c95a5a5
0c96a5a5
0c97a5a5
0c98a5a5
0c99a5a5
0c9aa5a5
0c9ba5a5
0c9ca5a5
0c9da5a5
0c9ea5a5
0c9fa5a5
0ca0a5a5
0ca1a5a5
0ca2a5a5
0ca3a5a5
0ca4a5a5
0ca5a5a5
0ca6a5a5
0ca7a5a5
0ca8a5a5
0ca9a5a5
0caaa5a5
0caba5a5
0caca5a5
0cada5a5
0caea5a5
0cafa5a5
0cb0a5a5
0cb1a5a5
0cb2a5a5
0cb3a5a5
0cb4a5a5
0cb5a5a5
0cb6a5a5
0cb7a5a5
0cb8a5a5
0cb9a5a5
0cbaa5a5
0cbba5a5
0cbca5a5
0cbda5a5
0cbea5a5
0cbfa5a5
0cc0a5a5
0cc1a5a5
0cc2a5a5
0cc3a5a5
0cc4a5a5
0cc5a5a5
0cc6a5a5
0cc7a5a5
0cc8a5a5
0cc9a5a5
0ccaa5a5
0ccba5a5
0ccca5a5
0ccda5a5
0ccea5a5
0ccfa5a5
0cd0a5a5
0cd1a5a5
0cd2a5a5
0cd3a5a5
0cd4a5a5
0cd5a5a5
0cd6a5a5
0cd7a5a5
0cd8a5a5
0cd9a5a5
0cdaa5a5
0cdba5a5
0cdca5a5
0cdda5a5
0cdea5a5
0cdfa5a5
0ce0a5a5
0ce1a5a5
0ce2a5a5
0ce3a5a5
0ce4a5a5
0ce5a5a5
0ce6a5a5
0ce7a5a5
0ce8a5a5
0ce9a5a5
0ceaa5a5
0ceba5a5
0ceca5a5
0ceda5a5
0ceea5a5
0cefa5a5
0cf0a5a5
0cf1a5a5
0cf2a5a5
0cf3a5a5
0cf4a5a5
0cf5a5a5
0cf6a5a5
0cf7a5a5
0cf8a5a5
0cf9a5a5
0cfaa5a5
0cfba5a5
0cfca5a5
0cfda5a5
0cfea5a5
0cffa5a5
0d00a5a5
0d01a5a5
0d02a5a5
0d03a5a5
0d04a5a5
0d05a5a5
0d06a5a5
0d07a5a5
0d08a5a5
0d09a5a5
0d0aa5a5
0d0ba5a5
0d0ca5a5
0d0da5a5
0d0ea5a5
0d0fa5a5
0d10a5a5
0d11a5a5
0d12a5a5
0d13a5a5
0d14a5a5
0d15a5a5
0d16a5a5
0d17a5a5
0d18a5a5
0d19a5a5
0d1aa5a5
0d1ba5a5
0d1ca5a5
0d1da5a5
0d1ea5a5
0d1fa5a5
0d20a5a5
0d21a5a5
0d22a5a5
0d23a5a5
0d24a5a5
0d25a5a5
0d26a5a5
0d27a5a5
0d28a5a5
0d29a5a5
0d2aa5a5
0d2ba5a5
0d2ca5a5
0d2da5a5
0d2ea5a5
0d2fa5a5
0d30a5a5
0d31a5a5
0d32a5a5
0d33a5a5
0d34a5a5
0d35a5a5
0d36a5a5
0d37a5a5
0d38a5a5
0d39a5a5
0d3aa5a5
0d3ba5a5
0d3ca5a5
0d3da5a5
0d3ea5a5
0d3fa5a5
0d40a5a5
0d41a5a5
0d42a5a5
0d43a5a5
0d44a5a5
0d45a5a5
0d46a5a5
0d47a5a5
0d48a5a5
0d49a5a5
0d4aa5a5
0d4ba5a5
0d4ca5a5
0d4da5a5
0d4ea5a5
0d4fa5a5
0d50a5a5
0d51a5a5
0d52a5a5
0d53a5a5
0d54a5a5
0d55a5a5
0d56a5a5
0d57a5a5
0d58a5a5
0d59a5a5
0d5aa5a5
0d5ba5a5
0d5ca5a5
0d5da5a5
0d5ea5a5
0d5fa5a5
0d60a5a5
0d61a5a5
0d62a5a5
0d63a5a5
0d64a5a5
0d65a5a5
0d66a5a5
0d67a5a5
0d68a5a5
0d69a5a5
0d6aa5a5
0d6ba5a5
0d6ca5a5
0d6da5a5
0d6ea5a5
0d6fa5a5
0d70a5a5
0d71a5a5
0d72a5a5
0d73a5a5
0d74a5a5
0d75a5a5
0d76a5a5
0d77a5a5
0d78a5a5
0d79a5a5
0d7aa5a5
0d7ba5a5
0d7ca5a5
0d7da5a5
0d7ea5a5
0d7fa5a5
0d80a5a5
0d81a5a5
0d82a5a5
0d83a5a5
0d84a5a5
0d85a5a5
0d86a5a5
0d87a5a5
0d88a5a5
0d89a5a5
0d8aa5a5
0d8ba5a5
0d8ca5a5
0d8da5a5
0d8ea5a5
0d8fa5a5
0d90a5a5
0d91a5a5
0d92a5a5
0d93a5a5
0d94a5a5
0d95a5a5
0d96a5a5
0d97a5a5
0d98a5a5
0d99a5a5
0d9aa5a5
0d9ba5a5
0d9ca5a5
0d9da5a5
0d9ea5a5
0d9fa5a5
0da0a5a5
0da1a5a5
0da2a5a5
0da3a5a5
0da4a5a5
0da5a5a5
0da6a5a5
0da7a5a5
0da8a5a5
0da9a5a5
0daaa5a5
0daba5a5
0daca5a5
0dada5a5
0daea5a5
0dafa5a5
0db0a5a5
0db1a5a5
0db2a5a5
0db3a5a5
0db4a5a5
0db5a5a5
0db6a5a5
0db7a5a5
0db8a5a5
0db9a5a5
0dbaa5a5
0dbba5a5
0dbca5a5
0dbda5a5
0dbea5a5
0dbfa5a5
0dc0a5a5
0dc1a5a5
0dc2a5a5
0dc3a5a5
0dc4a5a5
0dc5a5a5
0dc6a5a5
0dc7a5a5
0dc8a5a5
0dc9a5a5
0dcaa5a5
0dcba5a5
0dcca5a5
0dcda5a5
0dcea5a5
0dcfa5a5
0dd0a5a5
0dd1a5a5
0dd2a5a5
0dd3a5a5
0dd4a5a5
0dd5a5a5
0dd6a5a5
0dd7a5a5
0dd8a5a5
0dd9a5a5
0ddaa5a5
0ddba5a5
0ddca5a5
0ddda5a5
0ddea5a5
0ddfa5a5
0de0a5a5
0de1a5a5
0de2a5a5
0de3a5a5
0de4a5a5
0de5a5a5
0de6a5a5
0de7a5a5
0de8a5a5
0de9a5a5
0deaa5a5
0deba5a5
0deca5a5
0deda5a5
0deea5a5
0defa5a5
0df0a5a5
0df1a5a5
0df2a5a5
0df3a5a5
0df4a5a5
0df5a5a5
0df6a5a5
0df7a5a5
0df8a5a5
0df9a5a5
0dfaa5a5
0dfba5a5
0dfca5a5
0dfda5a5
0dfea5a5
0dffa5a5
0e00a5a5
0e01a5a5
0e02a5a5
0e03a5a5
0e04a5a5
0e05a5a5
0e06a5a5
0e07a5a5
0e08a5a5
0e09a5a5
0e0aa5a5
0e0ba5a5
0e0ca5a5
0e0da5a5
0e0ea5a5
0e0fa5a5
0e10a5a5
0e11a5a5
0e12a5a5
0e13a5a5
0e14a5a5
0e15a5a5
0e16a5a5
0e17a5a5
0e18a5a5
0e19a5a5
0e1aa5a5
0e1ba5a5
0e1ca5a5
0e1da5a5
0e1ea5a5
0e1fa5a5
0e20a5a5
0e21a5a5
0e22a5a5
0e23a5a5
0e24a5a5
0e25a5a5
0e26a5a5
0e27a5a5
0e28a5a5
0e29a5a5
0e2aa5a5
0e2ba5a5
0e2ca5a5
0e2da5a5
0e2ea5a5
0e2fa5a5
0e30a5a5
0e31a5a5
0e32a5a5
0e33a5a5
0e34a5a5
0e35a5a5
0e36a5a5
0e37a5a5
0e38a5a5
0e39a5a5
0e3aa5a5
0e3ba5a5
0e3ca5a5
0e3da5a5
0e3ea5a5
0e3fa5a5
0e40a5a5
0e41a5a5
0e42a5a5
0e43a5a5
0e44a5a5
0e45a5a5
0e46a5a5
0e47a5a5
0e48a5a5
0e49a5a5
0e4aa5a5
0e4ba5a5
0e4ca5a5
0e4da5a5
0e4ea5a5
0e4fa5a5
0e50a5a5
0e51a5a5
0e52a5a5
0e53a5a5
0e54a5a5
0e55a5a5
0e56a5a5
0e57a5a5
0e58a5a5
0e59a5a5
0e5aa5a5
0e5ba5a5
0e5ca5a5
0e5da5a5
0e5ea5a5
0e5fa5a5
0e60a5a5
0e61a5a5
0e62a5a5
0e63a5a5
0e64a5a5
0e65a5a5
0e66a5a5
0e67a5a5
0e68a5a5
0e69a5a5
0e6aa5a5
0e6ba5a5
0e6ca5a5
0e6da5a5
0e6ea5a5
0e6fa5a5
0e70a5a5
0e71a5a5
0e72a5a5
0e73a5a5
0e74a5a5
0e75a5a5
0e76a5a5
0e77a5a5
0e78a5a5
0e79a5a5
0e7aa5a5
0e7ba5a5
0e7ca5a5
0e7da5a5
0e7ea5a5
0e7fa5a5
0e80a5a5
0e81a5a5
0e82a5a5
0e83a5a5
0e84a5a5
0e85a5a5
0e86a5a5
0e87a5a5
0e88a5a5
0e89a5a5
0e8aa5a5
0e8ba5a5
0e8ca5a5
0e8da5a5
0e8ea5a5
0e8fa5a5
0e90a5a5
0e91a5a5
0e92a5a5
0e93a5a5
0e94a5a5
0e95a5a5
0e96a5a5
0e97a5a5
0e98a5a5
0e99a5a5
0e9aa5a5
0e9ba5a5
0e9ca5a5
0e9da5a5
0e9ea5a5
0e9fa5a5
0ea0a5a5
0ea1a5a5
0ea2a5a5
0ea3a5a5
0ea4a5a5
0ea5a5a5
0ea6a5a5
0ea7a5a5
0ea8a5a5
0ea9a5a5
0eaaa5a5
0eaba5a5
0eaca5a5
0eada5a5
0eaea5a5
0eafa5a5
0eb0a5a5
0eb1a5a5
0eb2a5a5
0eb3a5a5
0eb4a5a5
0eb5a5a5
0eb6a5a5
0eb7a5a5
0eb8a5a5
0eb9a5a5
0ebaa5a5
0ebba5a5
0ebca5a5
0ebda5a5
0ebea5a5
0ebfa5a5
0ec0a5a5
0ec1a5a5
0ec2a5a5
0ec3a5a5
0ec4a5a5
0ec5a5a5
0ec6a5a5
0ec7a5a5
0ec8a5a5
0ec9a5a5
0ecaa5a5
0ecba5a5
0ecca5a5
0ecda5a5
0ecea5a5
0ecfa5a5
0ed0a5a5
0ed1a5a5
0ed2a5a5
0ed3a5a5
0ed4a5a5
0ed5a5a5
0ed6a5a5
0ed7a5a5
0ed8a5a5
0ed9a5a5
0edaa5a5
0edba5a5
0edca5a5
0edda5a5
0edea5a5
0edfa5a5
0ee0a5a5
0ee1a5a5
0ee2a5a5
0ee3a5a5
0ee4a5a5
0ee5a5a5
0ee6a5a5
0ee7a5a5
0ee8a5a5
0ee9a5a5
0eeaa5a5
0eeba5a5
0eeca5a5
0eeda5a5
0eeea5a5
0eefa5a5
0ef0a5a5
0ef1a5a5
0ef2a5a5
0ef3a5a5
0ef4a5a5
0ef5a5a5
0ef6a5a5
0ef7a5a5
0ef8a5a5
0ef9a5a5
0efaa5a5
0efba5a5
0efca5a5
0efda5a5
0efea5a5
0effa5a5
0f00a5a5
0f01a5a5
0f02a5a5
0f03a5a5
0f04a5a5
0f05a5a5
0f06a5a5
0f07a5a5
0f08a5a5
0f09a5a5
0f0aa5a5
0f0ba5a5
0f0ca5a5
0f0da5a5
0f0ea5a5
0f0fa5a5
0f10a5a5
0f11a5a5
0f12a5a5
0f13a5a5
0f14a5a5
0f15a5a5
0f16a5a5
0f17a5a5
0f18a5a5
0f19a5a5
0f1aa5a5
0f1ba5a5
0f1ca5a5
0f1da5a5
0f1ea5a5
0f1fa5a5
0f20a5a5
0f21a5a5
0f22a5a5
0f23a5a5
0f24a5a5
0f25a5a5
0f26a5a5
0f27a5a5
0f28a5a5
0f29a5a5
0f2aa5a5
0f2ba5a5
0f2ca5a5
0f2da5a5
0f2ea5a5
0f2fa5a5
0f30a5a5
0f31a5a5
0f32a5a5
0f33a5a5
0f34a5a5
0f35a5a5
0f36a5a5
0f37a5a5
0f38a5a5
0f39a5a5
0f3aa5a5
0f3ba5a5
0f3ca5a5
0f3da5a5
0f3ea5a5
0f3fa5a5
0f40a5a5
0f41a5a5
0f42a5a5
0f43a5a5
0f44a5a5
0f45a5a5
0f46a5a5
0f47a5a5
0f48a5a5
0f49a5a5
0f4aa5a5
0f4ba5a5
0f4ca5a5
0f4da5a5
0f4ea5a5
0f4fa5a5
0f50a5a5
0f51a5a5
0f52a5a5
0f53a5a5
0f54a5a5
0f55a5a5
0f56a5a5
0f57a5a5
0f58a5a5
0f59a5a5
0f5aa5a5
0f5ba5a5
0f5ca5a5
0f5da5a5
0f5ea5a5
0f5fa5a5
0f60a5a5
0f61a5a5
0f62a5a5
0f63a5a5
0f64a5a5
0f65a5a5
0f66a5a5
0f67a5a5
0f68a5a5
0f69a5a5
0f6aa5a5
0f6ba5a5
0f6ca5a5
0f6da5a5
0f6ea5a5
0f6fa5a5
0f70a5a5
0f71a5a5
0f72a5a5
0f73a5a5
0f74a5a5
0f75a5a5
0f76a5a5
0f77a5a5
0f78a5a5
0f79a5a5
0f7aa5a5
0f7ba5a5
0f7ca5a5
0f7da5a5
0f7ea5a5
0f7fa5a5
0f80a5a5
0f81a5a5
0f82a5a5
0f83a5a5
0f84a5a5
0f85a5a5
0f86a5a5
0f87a5a5
0f88a5a5
0f89a5a5
0f8aa5a5
0f8ba5a5
0f8ca5a5
0f8da5a5
0f8ea5a5
0f8fa5a5
0f90a5a5
0f91a5a5
0f92a5a5
0f93a5a5
0f94a5a5
0f95a5a5
0f96a5a5
0f97a5a5
0f98a5a5
0f99a5a5
0f9aa5a5
0f9ba5a5
0f9ca5a5
0f9da5a5
0f9ea5a5
0f9fa5a5
0fa0a5a5
0fa1a5a5
0fa2a5a5
0fa3a5a5
0fa4a5a5
0fa5a5a5
0fa6a5a5
0fa7a5a5
0fa8a5a5
0fa9a5a5
0faaa5a5
0faba5a5
0faca5a5
0fada5a5
0faea5a5
0fafa5a5
0fb0a5a5
0fb1a5a5
0fb2a5a5
0fb3a5a5
0fb4a5a5
0fb5a5a5
0fb6a5a5
0fb7a5a5
0fb8a5a5
0fb9a5a5
0fbaa5a5
0fbba5a5
0fbca5a5
0fbda5a5
0fbea5a5
0fbfa5a5
0fc0a5a5
0fc1a5a5
0fc2a5a5
0fc3a5a5
0fc4a5a5
0fc5a5a5
0fc6a5a5
0fc7a5a5
0fc8a5a5
0fc9a5a5
0fcaa5a5
0fcba5a5
0fcca5a5
0fcda5a5
0fcea5a5
0fcfa5a5
0fd0a5a5
0fd1a5a5
0fd2a5a5
0fd3a5a5
0fd4a5a5
0fd5a5a5
0fd6a5a5
0fd7a5a5
0fd8a5a5
0fd9a5a5
0fdaa5a5
0fdba5a5
0fdca5a5
0fdda5a5
0fdea5a5
0fdfa5a5
0fe0a5a5
0fe1a5a5
0fe2a5a5
0fe3a5a5
0fe4a5a5
0fe5a5a5
0fe6a5a5
0fe7a5a5
0fe8a5a5
0fe9a5a5
0feaa5a5
0feba5a5
0feca5a5
0feda5a5
0feea5a5
0fefa5a5
0ff0a5a5
0ff1a5a5
0ff2a5a5
0ff3a5a5
0ff4a5a5
0ff5a5a5
0ff6a5a5
0ff7a5a5
0ff8a5a5
0ff9a5a5
0ffaa5a5
0ffba5a5
0ffca5a5
0ffda5a5
0ffea5a5
0fffa5a5
1000a5a5
1001a5a5
1002a5a5
1003a5a5
1004a5a5
1005a5a5
1006a5a5
1007a5a5
1008a5a5
1009a5a5
100aa5a5
100ba5a5
100ca5a5
100da5a5
100ea5a5
100fa5a5
1010a5a5
1011a5a5
1012a5a5
1013a5a5
1014a5a5
1015a5a5
1016a5a5
1017a5a5
1018a5a5
1019a5a5
101aa5a5
101ba5a5
101ca5a5
101da5a5
101ea5a5
101fa5a5
1020a5a5
1021a5a5
1022a5a5
1023a5a5
1024a5a5
1025a5a5
1026a5a5
1027a5a5
1028a5a5
1029a5a5
102aa5a5
102ba5a5
102ca5a5
102da5a5
102ea5a5
102fa5a5
1030a5a5
1031a5a5
1032a5a5
1033a5a5
1034a5a5
1035a5a5
1036a5a5
1037a5a5
1038a5a5
1039a5a5
103aa5a5
103ba5a5
103ca5a5
103da5a5
103ea5a5
103fa5a5
1040a5a5
1041a5a5
1042a5a5
1043a5a5
1044a5a5
1045a5a5
1046a5a5
1047a5a5
1048a5a5
1049a5a5
104aa5a5
104ba5a5
104ca5a5
104da5a5
104ea5a5
104fa5a5
1050a5a5
1051a5a5
1052a5a5
1053a5a5
1054a5a5
1055a5a5
1056a5a5
1057a5a5
1058a5a5
1059a5a5
105aa5a5
105ba5a5
105ca5a5
105da5a5
105ea5a5
105fa5a5
1060a5a5
1061a5a5
1062a5a5
1063a5a5
1064a5a5
1065a5a5
1066a5a5
1067a5a5
1068a5a5
1069a5a5
106aa5a5
106ba5a5
106ca5a5
106da5a5
106ea5a5
106fa5a5
1070a5a5
1071a5a5
1072a5a5
1073a5a5
1074a5a5
1075a5a5
1076a5a5
1077a5a5
1078a5a5
1079a5a5
107aa5a5
107ba5a5
107ca5a5
107da5a5
107ea5a5
107fa5a5
1080a5a5
1081a5a5
1082a5a5
1083a5a5
1084a5a5
1085a5a5
1086a5a5
1087a5a5
1088a5a5
1089a5a5
108aa5a5
108ba5a5
108ca5a5
108da5a5
108ea5a5
108fa5a5
1090a5a5
1091a5a5
1092a5a5
1093a5a5
1094a5a5
1095a5a5
1096a5a5
1097a5a5
1098a5a5
1099a5a5
109aa5a5
109ba5a5
109ca5a5
109da5a5
109ea5a5
109fa5a5
10a0a5a5
10a1a5a5
10a2a5a5
10a3a5a5
10a4a5a5
10a5a5a5
10a6a5a5
10a7a5a5
10a8a5a5
10a9a5a5
10aaa5a5
10aba5a5
10aca5a5
10ada5a5
10aea5a5
10afa5a5
10b0a5a5
10b1a5a5
10b2a5a5
10b3a5a5
10b4a5a5
10b5a5a5
10b6a5a5
10b7a5a5
10b8a5a5
10b9a5a5
10baa5a5
10bba5a5
10bca5a5
10bda5a5
10bea5a5
10bfa5a5
10c0a5a5
10c1a5a5
10c2a5a5
10c3a5a5
10c4a5a5
10c5a5a5
10c6a5a5
10c7a5a5
10c8a5a5
10c9a5a5
10caa5a5
10cba5a5
10cca5a5
10cda5a5
10cea5a5
10cfa5a5
10d0a5a5
10d1a5a5
10d2a5a5
10d3a5a5
10d4a5a5
10d5a5a5
10d6a5a5
10d7a5a5
10d8a5a5
10d9a5a5
10daa5a5
10dba5a5
10dca5a5
10dda5a5
10dea5a5
10dfa5a5
10e0a5a5
10e1a5a5
10e2a5a5
10e3a5a5
10e4a5a5
10e5a5a5
10e6a5a5
10e7a5a5
10e8a5a5
10e9a5a5
10eaa5a5
10eba5a5
10eca5a5
10eda5a5
10eea5a5
10efa5a5
10f0a5a5
10f1a5a5
10f2a5a5
10f3a5a5
10f4a5a5
10f5a5a5
10f6a5a5
10f7a5a5
10f8a5a5
10f9a5a5
10faa5a5
10fba5a5
10fca5a5
10fda5a5
10fea5a5
10ffa5a5
1100a5a5
1101a5a5
1102a5a5
1103a5a5
1104a5a5
1105a5a5
1106a5a5
1107a5a5
1108a5a5
1109a5a5
110aa5a5
110ba5a5
110ca5a5
110da5a5
110ea5a5
110fa5a5
1110a5a5
1111a5a5
1112a5a5
1113a5a5
1114a5a5
1115a5a5
1116a5a5
1117a5a5
1118a5a5
1119a5a5
111aa5a5
111ba5a5
111ca5a5
111da5a5
111ea5a5
111fa5a5
1120a5a5
1121a5a5
1122a5a5
1123a5a5
1124a5a5
1125a5a5
1126a5a5
1127a5a5
1128a5a5
1129a5a5
112aa5a5
112ba5a5
112ca5a5
112da5a5
112ea5a5
112fa5a5
1130a5a5
1131a5a5
1132a5a5
1133a5a5
1134a5a5
1135a5a5
1136a5a5
1137a5a5
1138a5a5
1139a5a5
113aa5a5
113ba5a5
113ca5a5
113da5a5
113ea5a5
113fa5a5
1140a5a5
1141a5a5
1142a5a5
1143a5a5
1144a5a5
1145a5a5
1146a5a5
1147a5a5
1148a5a5
1149a5a5
114aa5a5
114ba5a5
114ca5a5
114da5a5
114ea5a5
114fa5a5
1150a5a5
1151a5a5
1152a5a5
1153a5a5
1154a5a5
1155a5a5
1156a5a5
1157a5a5
1158a5a5
1159a5a5
115aa5a5
115ba5a5
115ca5a5
115da5a5
115ea5a5
115fa5a5
1160a5a5
1161a5a5
1162a5a5
1163a5a5
1164a5a5
1165a5a5
1166a5a5
1167a5a5
1168a5a5
1169a5a5
116aa5a5
116ba5a5
116ca5a5
116da5a5
116ea5a5
116fa5a5
1170a5a5
1171a5a5
1172a5a5
1173a5a5
1174a5a5
1175a5a5
1176a5a5
1177a5a5
1178a5a5
1179a5a5
117aa5a5
117ba5a5
117ca5a5
117da5a5
117ea5a5
117fa5a5
1180a5a5
1181a5a5
1182a5a5
1183a5a5
1184a5a5
1185a5a5
1186a5a5
1187a5a5
1188a5a5
1189a5a5
118aa5a5
118ba5a5
118ca5a5
118da5a5
118ea5a5
118fa5a5
1190a5a5
1191a5a5
1192a5a5
1193a5a5
1194a5a5
1195a5a5
1196a5a5
1197a5a5
1198a5a5
1199a5a5
119aa5a5
119ba5a5
119ca5a5
119da5a5
119ea5a5
119fa5a5
11a0a5a5
11a1a5a5
11a2a5a5
11a3a5a5
11a4a5a5
11a5a5a5
11a6a5a5
11a7a5a5
11a8a5a5
11a9a5a5
11aaa5a5
11aba5a5
11aca5a5
11ada5a5
11aea5a5
11afa5a5
11b0a5a5
11b1a5a5
11b2a5a5
11b3a5a5
11b4a5a5
11b5a5a5
11b6a5a5
11b7a5a5
11b8a5a5
11b9a5a5
11baa5a5
11bba5a5
11bca5a5
11bda5a5
11bea5a5
11bfa5a5
11c0a5a5
11c1a5a5
11c2a5a5
11c3a5a5
11c4a5a5
11c5a5a5
11c6a5a5
11c7a5a5
11c8a5a5
11c9a5a5
11caa5a5
11cba5a5
11cca5a5
11cda5a5
11cea5a5
11cfa5a5
11d0a5a5
11d1a5a5
11d2a5a5
11d3a5a5
11d4a5a5
11d5a5a5
11d6a5a5
11d7a5a5
11d8a5a5
11d9a5a5
11daa5a5
11dba5a5
11dca5a5
11dda5a5
11dea5a5
11dfa5a5
11e0a5a5
11e1a5a5
11e2a5a5
11e3a5a5
11e4a5a5
11e5a5a5
11e6a5a5
11e7a5a5
11e8a5a5
11e9a5a5
11eaa5a5
11eba5a5
11eca5a5
11eda5a5
11eea5a5
11efa5a5
11f0a5a5
11f1a5a5
11f2a5a5
11f3a5a5
11f4a5a5
11f5a5a5
11f6a5a5
11f7a5a5
11f8a5a5
11f9a5a5
11faa5a5
11fba5a5
11fca5a5
11fda5a5
11fea5a5
11ffa5a5
1200a5a5
1201a5a5
1202a5a5
1203a5a5
1204a5a5
1205a5a5
1206a5a5
1207a5a5
1208a5a5
1209a5a5
120aa5a5
120ba5a5
120ca5a5
120da5a5
120ea5a5
120fa5a5
1210a5a5
1211a5a5
1212a5a5
1213a5a5
1214a5a5
1215a5a5
1216a5a5
1217a5a5
1218a5a5
1219a5a5
121aa5a5
121ba5a5
121ca5a5
121da5a5
121ea5a5
121fa5a5
1220a5a5
1221a5a5
1222a5a5
1223a5a5
1224a5a5
1225a5a5
1226a5a5
1227a5a5
1228a5a5
1229a5a5
122aa5a5
122ba5a5
122ca5a5
122da5a5
122ea5a5
122fa5a5
1230a5a5
1231a5a5
1232a5a5
1233a5a5
1234a5a5
1235a5a5
1236a5a5
1237a5a5
1238a5a5
1239a5a5
123aa5a5
123ba5a5
123ca5a5
123da5a5
123ea5a5
123fa5a5
1240a5a5
1241a5a5
1242a5a5
1243a5a5
1244a5a5
1245a5a5
1246a5a5
1247a5a5
1248a5a5
1249a5a5
124aa5a5
124ba5a5
124ca5a5
124da5a5
124ea5a5
124fa5a5
1250a5a5
1251a5a5
1252a5a5
1253a5a5
1254a5a5
1255a5a5
1256a5a5
1257a5a5
1258a5a5
1259a5a5
125aa5a5
125ba5a5
125ca5a5
125da5a5
125ea5a5
125fa5a5
1260a5a5
1261a5a5
1262a5a5
1263a5a5
1264a5a5
1265a5a5
1266a5a5
1267a5a5
1268a5a5
1269a5a5
126aa5a5
126ba5a5
126ca5a5
126da5a5
126ea5a5
126fa5a5
1270a5a5
1271a5a5
1272a5a5
1273a5a5
1274a5a5
1275a5a5
1276a5a5
1277a5a5
1278a5a5
1279a5a5
127aa5a5
127ba5a5
127ca5a5
127da5a5
127ea5a5
127fa5a5
1280a5a5
1281a5a5
1282a5a5
1283a5a5
1284a5a5
1285a5a5
1286a5a5
1287a5a5
1288a5a5
1289a5a5
128aa5a5
128ba5a5
128ca5a5
128da5a5
128ea5a5
128fa5a5
1290a5a5
1291a5a5
1292a5a5
1293a5a5
1294a5a5
1295a5a5
1296a5a5
1297a5a5
1298a5a5
1299a5a5
129aa5a5
129ba5a5
129ca5a5
129da5a5
129ea5a5
129fa5a5
12a0a5a5
12a1a5a5
12a2a5a5
12a3a5a5
12a4a5a5
12a5a5a5
12a6a5a5
12a7a5a5
12a8a5a5
12a9a5a5
12aaa5a5
12aba5a5
12aca5a5
12ada5a5
12aea5a5
12afa5a5
12b0a5a5
12b1a5a5
12b2a5a5
12b3a5a5
12b4a5a5
12b5a5a5
12b6a5a5
12b7a5a5
12b8a5a5
12b9a5a5
12baa5a5
12bba5a5
12bca5a5
12bda5a5
12bea5a5
12bfa5a5
12c0a5a5
12c1a5a5
12c2a5a5
12c3a5a5
12c4a5a5
12c5a5a5
12c6a5a5
12c7a5a5
12c8a5a5
12c9a5a5
12caa5a5
12cba5a5
12cca5a5
12cda5a5
12cea5a5
12cfa5a5
12d0a5a5
12d1a5a5
12d2a5a5
12d3a5a5
12d4a5a5
12d5a5a5
12d6a5a5
12d7a5a5
12d8a5a5
12d9a5a5
12daa5a5
12dba5a5
12dca5a5
12dda5a5
12dea5a5
12dfa5a5
12e0a5a5
12e1a5a5
12e2a5a5
12e3a5a5
12e4a5a5
12e5a5a5
12e6a5a5
12e7a5a5
12e8a5a5
12e9a5a5
12eaa5a5
12eba5a5
12eca5a5
12eda5a5
12eea5a5
12efa5a5
12f0a5a5
12f1a5a5
12f2a5a5
12f3a5a5
12f4a5a5
12f5a5a5
12f6a5a5
12f7a5a5
12f8a5a5
12f9a5a5
12faa5a5
12fba5a5
12fca5a5
12fda5a5
12fea5a5
12ffa5a5
1300a5a5
1301a5a5
1302a5a5
1303a5a5
1304a5a5
1305a5a5
1306a5a5
1307a5a5
1308a5a5
1309a5a5
130aa5a5
130ba5a5
130ca5a5
130da5a5
130ea5a5
130fa5a5
1310a5a5
1311a5a5
1312a5a5
1313a5a5
1314a5a5
1315a5a5
1316a5a5
1317a5a5
1318a5a5
1319a5a5
131aa5a5
131ba5a5
131ca5a5
131da5a5
131ea5a5
131fa5a5
1320a5a5
1321a5a5
1322a5a5
1323a5a5
1324a5a5
1325a5a5
1326a5a5
1327a5a5
1328a5a5
1329a5a5
132aa5a5
132ba5a5
132ca5a5
132da5a5
132ea5a5
132fa5a5
1330a5a5
1331a5a5
1332a5a5
1333a5a5
1334a5a5
1335a5a5
1336a5a5
1337a5a5
1338a5a5
1339a5a5
133aa5a5
133ba5a5
133ca5a5
133da5a5
133ea5a5
133fa5a5
1340a5a5
1341a5a5
1342a5a5
1343a5a5
1344a5a5
1345a5a5
1346a5a5
1347a5a5
1348a5a5
1349a5a5
134aa5a5
134ba5a5
134ca5a5
134da5a5
134ea5a5
134fa5a5
1350a5a5
1351a5a5
1352a5a5
1353a5a5
1354a5a5
1355a5a5
1356a5a5
1357a5a5
1358a5a5
1359a5a5
135aa5a5
135ba5a5
135ca5a5
135da5a5
135ea5a5
135fa5a5
1360a5a5
1361a5a5
1362a5a5
1363a5a5
1364a5a5
1365a5a5
1366a5a5
1367a5a5
1368a5a5
1369a5a5
136aa5a5
136ba5a5
136ca5a5
136da5a5
136ea5a5
136fa5a5
1370a5a5
1371a5a5
1372a5a5
1373a5a5
1374a5a5
1375a5a5
1376a5a5
1377a5a5
1378a5a5
1379a5a5
137aa5a5
137ba5a5
137ca5a5
137da5a5
137ea5a5
137fa5a5
1380a5a5
1381a5a5
1382a5a5
1383a5a5
1384a5a5
1385a5a5
1386a5a5
1387a5a5
1388a5a5
1389a5a5
138aa5a5
138ba5a5
138ca5a5
138da5a5
138ea5a5
138fa5a5
1390a5a5
1391a5a5
1392a5a5
1393a5a5
1394a5a5
1395a5a5
1396a5a5
1397a5a5
1398a5a5
1399a5a5
139aa5a5
139ba5a5
139ca5a5
139da5a5
139ea5a5
139fa5a5
13a0a5a5
13a1a5a5
13a2a5a5
13a3a5a5
13a4a5a5
13a5a5a5
13a6a5a5
13a7a5a5
13a8a5a5
13a9a5a5
13aaa5a5
13aba5a5
13aca5a5
13ada5a5
13aea5a5
13afa5a5
13b0a5a5
13b1a5a5
13b2a5a5
13b3a5a5
13b4a5a5
13b5a5a5
13b6a5a5
13b7a5a5
13b8a5a5
13b9a5a5
13baa5a5
13bba5a5
13bca5a5
13bda5a5
13bea5a5
13bfa5a5
13c0a5a5
13c1a5a5
13c2a5a5
13c3a5a5
13c4a5a5
13c5a5a5
13c6a5a5
13c7a5a5
13c8a5a5
13c9a5a5
13caa5a5
13cba5a5
13cca5a5
13cda5a5
13cea5a5
13cfa5a5
13d0a5a5
13d1a5a5
13d2a5a5
13d3a5a5
13d4a5a5
13d5a5a5
13d6a5a5
13d7a5a5
13d8a5a5
13d9a5a5
13daa5a5
13dba5a5
13dca5a5
13dda5a5
13dea5a5
13dfa5a5
13e0a5a5
13e1a5a5
13e2a5a5
13e3a5a5
13e4a5a5
13e5a5a5
13e6a5a5
13e7a5a5
13e8a5a5
13e9a5a5
13eaa5a5
13eba5a5
13eca5a5
13eda5a5
13eea5a5
13efa5a5
13f0a5a5
13f1a5a5
13f2a5a5
13f3a5a5
13f4a5a5
13f5a5a5
13f6a5a5
13f7a5a5
13f8a5a5
13f9a5a5
13faa5a5
13fba5a5
13fca5a5
13fda5a5
13fea5a5
13ffa5a5
1400a5a5
1401a5a5
1402a5a5
1403a5a5
1404a5a5
1405a5a5
1406a5a5
1407a5a5
1408a5a5
1409a5a5
140aa5a5
140ba5a5
140ca5a5
140da5a5
140ea5a5
140fa5a5
1410a5a5
1411a5a5
1412a5a5
1413a5a5
1414a5a5
1415a5a5
1416a5a5
1417a5a5
1418a5a5
1419a5a5
141aa5a5
141ba5a5
141ca5a5
141da5a5
141ea5a5
141fa5a5
1420a5a5
1421a5a5
1422a5a5
1423a5a5
1424a5a5
1425a5a5
1426a5a5
1427a5a5
1428a5a5
1429a5a5
142aa5a5
142ba5a5
142ca5a5
142da5a5
142ea5a5
142fa5a5
1430a5a5
1431a5a5
1432a5a5
1433a5a5
1434a5a5
1435a5a5
1436a5a5
1437a5a5
1438a5a5
1439a5a5
143aa5a5
143ba5a5
143ca5a5
143da5a5
143ea5a5
143fa5a5
1440a5a5
1441a5a5
1442a5a5
1443a5a5
1444a5a5
1445a5a5
1446a5a5
1447a5a5
1448a5a5
1449a5a5
144aa5a5
144ba5a5
144ca5a5
144da5a5
144ea5a5
144fa5a5
1450a5a5
1451a5a5
1452a5a5
1453a5a5
1454a5a5
1455a5a5
1456a5a5
1457a5a5
1458a5a5
1459a5a5
145aa5a5
145ba5a5
145ca5a5
145da5a5
145ea5a5
145fa5a5
1460a5a5
1461a5a5
1462a5a5
1463a5a5
1464a5a5
1465a5a5
1466a5a5
1467a5a5
1468a5a5
1469a5a5
146aa5a5
146ba5a5
146ca5a5
146da5a5
146ea5a5
146fa5a5
1470a5a5
1471a5a5
1472a5a5
1473a5a5
1474a5a5
1475a5a5
1476a5a5
1477a5a5
1478a5a5
1479a5a5
147aa5a5
147ba5a5
147ca5a5
147da5a5
147ea5a5
147fa5a5
1480a5a5
1481a5a5
1482a5a5
1483a5a5
1484a5a5
1485a5a5
1486a5a5
1487a5a5
1488a5a5
1489a5a5
148aa5a5
148ba5a5
148ca5a5
148da5a5
148ea5a5
148fa5a5
1490a5a5
1491a5a5
1492a5a5
1493a5a5
1494a5a5
1495a5a5
1496a5a5
1497a5a5
1498a5a5
1499a5a5
149aa5a5
149ba5a5
149ca5a5
149da5a5
149ea5a5
149fa5a5
14a0a5a5
14a1a5a5
14a2a5a5
14a3a5a5
14a4a5a5
14a5a5a5
14a6a5a5
14a7a5a5
14a8a5a5
14a9a5a5
14aaa5a5
14aba5a5
14aca5a5
14ada5a5
14aea5a5
14afa5a5
14b0a5a5
14b1a5a5
14b2a5a5
14b3a5a5
14b4a5a5
14b5a5a5
14b6a5a5
14b7a5a5
14b8a5a5
14b9a5a5
14baa5a5
14bba5a5
14bca5a5
14bda5a5
14bea5a5
14bfa5a5
14c0a5a5
14c1a5a5
14c2a5a5
14c3a5a5
14c4a5a5
14c5a5a5
14c6a5a5
14c7a5a5
14c8a5a5
14c9a5a5
14caa5a5
14cba5a5
14cca5a5
14cda5a5
14cea5a5
14cfa5a5
14d0a5a5
14d1a5a5
14d2a5a5
14d3a5a5
14d4a5a5
14d5a5a5
14d6a5a5
14d7a5a5
14d8a5a5
14d9a5a5
14daa5a5
14dba5a5
14dca5a5
14dda5a5
14dea5a5
14dfa5a5
14e0a5a5
14e1a5a5
14e2a5a5
14e3a5a5
14e4a5a5
14e5a5a5
14e6a5a5
14e7a5a5
14e8a5a5
14e9a5a5
14eaa5a5
14eba5a5
14eca5a5
14eda5a5
14eea5a5
14efa5a5
14f0a5a5
14f1a5a5
14f2a5a5
14f3a5a5
14f4a5a5
14f5a5a5
14f6a5a5
14f7a5a5
14f8a5a5
14f9a5a5
14faa5a5
14fba5a5
14fca5a5
14fda5a5
14fea5a5
14ffa5a5
1500a5a5
1501a5a5
1502a5a5
1503a5a5
1504a5a5
1505a5a5
1506a5a5
1507a5a5
1508a5a5
1509a5a5
150aa5a5
150ba5a5
150ca5a5
150da5a5
150ea5a5
150fa5a5
1510a5a5
1511a5a5
1512a5a5
1513a5a5
1514a5a5
1515a5a5
1516a5a5
1517a5a5
1518a5a5
1519a5a5
151aa5a5
151ba5a5
151ca5a5
151da5a5
151ea5a5
151fa5a5
1520a5a5
1521a5a5
1522a5a5
1523a5a5
1524a5a5
1525a5a5
1526a5a5
1527a5a5
1528a5a5
1529a5a5
152aa5a5
152ba5a5
152ca5a5
152da5a5
152ea5a5
152fa5a5
1530a5a5
1531a5a5
1532a5a5
1533a5a5
1534a5a5
1535a5a5
1536a5a5
1537a5a5
1538a5a5
1539a5a5
153aa5a5
153ba5a5
153ca5a5
153da5a5
153ea5a5
153fa5a5
1540a5a5
1541a5a5
1542a5a5
1543a5a5
1544a5a5
1545a5a5
1546a5a5
1547a5a5
1548a5a5
1549a5a5
154aa5a5
154ba5a5
154ca5a5
154da5a5
154ea5a5
154fa5a5
1550a5a5
1551a5a5
1552a5a5
1553a5a5
1554a5a5
1555a5a5
1556a5a5
1557a5a5
1558a5a5
1559a5a5
155aa5a5
155ba5a5
155ca5a5
155da5a5
155ea5a5
155fa5a5
1560a5a5
1561a5a5
1562a5a5
1563a5a5
1564a5a5
1565a5a5
1566a5a5
1567a5a5
1568a5a5
1569a5a5
156aa5a5
156ba5a5
156ca5a5
156da5a5
156ea5a5
156fa5a5
1570a5a5
1571a5a5
1572a5a5
1573a5a5
1574a5a5
1575a5a5
1576a5a5
1577a5a5
1578a5a5
1579a5a5
157aa5a5
157ba5a5
157ca5a5
157da5a5
157ea5a5
157fa5a5
1580a5a5
1581a5a5
1582a5a5
1583a5a5
1584a5a5
1585a5a5
1586a5a5
1587a5a5
1588a5a5
1589a5a5
158aa5a5
158ba5a5
158ca5a5
158da5a5
158ea5a5
158fa5a5
1590a5a5
1591a5a5
1592a5a5
1593a5a5
1594a5a5
1595a5a5
1596a5a5
1597a5a5
1598a5a5
1599a5a5
159aa5a5
159ba5a5
159ca5a5
159da5a5
159ea5a5
159fa5a5
15a0a5a5
15a1a5a5
15a2a5a5
15a3a5a5
15a4a5a5
15a5a5a5
15a6a5a5
15a7a5a5
15a8a5a5
15a9a5a5
15aaa5a5
15aba5a5
15aca5a5
15ada5a5
15aea5a5
15afa5a5
15b0a5a5
15b1a5a5
15b2a5a5
15b3a5a5
15b4a5a5
15b5a5a5
15b6a5a5
15b7a5a5
15b8a5a5
15b9a5a5
15baa5a5
15bba5a5
15bca5a5
15bda5a5
15bea5a5
15bfa5a5
15c0a5a5
15c1a5a5
15c2a5a5
15c3a5a5
15c4a5a5
15c5a5a5
15c6a5a5
15c7a5a5
15c8a5a5
15c9a5a5
15caa5a5
15cba5a5
15cca5a5
15cda5a5
15cea5a5
15cfa5a5
15d0a5a5
15d1a5a5
15d2a5a5
15d3a5a5
15d4a5a5
15d5a5a5
15d6a5a5
15d7a5a5
15d8a5a5
15d9a5a5
15daa5a5
15dba5a5
15dca5a5
15dda5a5
15dea5a5
15dfa5a5
15e0a5a5
15e1a5a5
15e2a5a5
15e3a5a5
15e4a5a5
15e5a5a5
15e6a5a5
15e7a5a5
15e8a5a5
15e9a5a5
15eaa5a5
15eba5a5
15eca5a5
15eda5a5
15eea5a5
15efa5a5
15f0a5a5
15f1a5a5
15f2a5a5
15f3a5a5
15f4a5a5
15f5a5a5
15f6a5a5
15f7a5a5
15f8a5a5
15f9a5a5
15faa5a5
15fba5a5
15fca5a5
15fda5a5
15fea5a5
15ffa5a5
1600a5a5
1601a5a5
1602a5a5
1603a5a5
1604a5a5
1605a5a5
1606a5a5
1607a5a5
1608a5a5
1609a5a5
160aa5a5
160ba5a5
160ca5a5
160da5a5
160ea5a5
160fa5a5
1610a5a5
1611a5a5
1612a5a5
1613a5a5
1614a5a5
1615a5a5
1616a5a5
1617a5a5
1618a5a5
1619a5a5
161aa5a5
161ba5a5
161ca5a5
161da5a5
161ea5a5
161fa5a5
1620a5a5
1621a5a5
1622a5a5
1623a5a5
1624a5a5
1625a5a5
1626a5a5
1627a5a5
1628a5a5
1629a5a5
162aa5a5
162ba5a5
162ca5a5
162da5a5
162ea5a5
162fa5a5
1630a5a5
1631a5a5
1632a5a5
1633a5a5
1634a5a5
1635a5a5
1636a5a5
1637a5a5
1638a5a5
1639a5a5
163aa5a5
163ba5a5
163ca5a5
163da5a5
163ea5a5
163fa5a5
1640a5a5
1641a5a5
1642a5a5
1643a5a5
1644a5a5
1645a5a5
1646a5a5
1647a5a5
1648a5a5
1649a5a5
164aa5a5
164ba5a5
164ca5a5
164da5a5
164ea5a5
164fa5a5
1650a5a5
1651a5a5
1652a5a5
1653a5a5
1654a5a5
1655a5a5
1656a5a5
1657a5a5
1658a5a5
1659a5a5
165aa5a5
165ba5a5
165ca5a5
165da5a5
165ea5a5
165fa5a5
1660a5a5
1661a5a5
1662a5a5
1663a5a5
1664a5a5
1665a5a5
1666a5a5
1667a5a5
1668a5a5
1669a5a5
166aa5a5
166ba5a5
166ca5a5
166da5a5
166ea5a5
166fa5a5
1670a5a5
1671a5a5
1672a5a5
1673a5a5
1674a5a5
1675a5a5
1676a5a5
1677a5a5
1678a5a5
1679a5a5
167aa5a5
167ba5a5
167ca5a5
167da5a5
167ea5a5
167fa5a5
1680a5a5
1681a5a5
1682a5a5
1683a5a5
1684a5a5
1685a5a5
1686a5a5
1687a5a5
1688a5a5
1689a5a5
168aa5a5
168ba5a5
168ca5a5
168da5a5
168ea5a5
168fa5a5
1690a5a5
1691a5a5
1692a5a5
1693a5a5
1694a5a5
1695a5a5
1696a5a5
1697a5a5
1698a5a5
1699a5a5
169aa5a5
169ba5a5
169ca5a5
169da5a5
169ea5a5
169fa5a5
16a0a5a5
16a1a5a5
16a2a5a5
16a3a5a5
16a4a5a5
16a5a5a5
16a6a5a5
16a7a5a5
16a8a5a5
16a9a5a5
16aaa5a5
16aba5a5
16aca5a5
16ada5a5
16aea5a5
16afa5a5
16b0a5a5
16b1a5a5
16b2a5a5
16b3a5a5
16b4a5a5
16b5a5a5
16b6a5a5
16b7a5a5
16b8a5a5
16b9a5a5
16baa5a5
16bba5a5
16bca5a5
16bda5a5
16bea5a5
16bfa5a5
16c0a5a5
16c1a5a5
16c2a5a5
16c3a5a5
16c4a5a5
16c5a5a5
16c6a5a5
16c7a5a5
16c8a5a5
16c9a5a5
16caa5a5
16cba5a5
16cca5a5
16cda5a5
16cea5a5
16cfa5a5
16d0a5a5
16d1a5a5
16d2a5a5
16d3a5a5
16d4a5a5
16d5a5a5
16d6a5a5
16d7a5a5
16d8a5a5
16d9a5a5
16daa5a5
16dba5a5
16dca5a5
16dda5a5
16dea5a5
16dfa5a5
16e0a5a5
16e1a5a5
16e2a5a5
16e3a5a5
16e4a5a5
16e5a5a5
16e6a5a5
16e7a5a5
16e8a5a5
16e9a5a5
16eaa5a5
16eba5a5
16eca5a5
16eda5a5
16eea5a5
16efa5a5
16f0a5a5
16f1a5a5
16f2a5a5
16f3a5a5
16f4a5a5
16f5a5a5
16f6a5a5
16f7a5a5
16f8a5a5
16f9a5a5
16faa5a5
16fba5a5
16fca5a5
16fda5a5
16fea5a5
16ffa5a5
1700a5a5
1701a5a5
1702a5a5
1703a5a5
1704a5a5
1705a5a5
1706a5a5
1707a5a5
1708a5a5
1709a5a5
170aa5a5
170ba5a5
170ca5a5
170da5a5
170ea5a5
170fa5a5
1710a5a5
1711a5a5
1712a5a5
1713a5a5
1714a5a5
1715a5a5
1716a5a5
1717a5a5
1718a5a5
1719a5a5
171aa5a5
171ba5a5
171ca5a5
171da5a5
171ea5a5
171fa5a5
1720a5a5
1721a5a5
1722a5a5
1723a5a5
1724a5a5
1725a5a5
1726a5a5
1727a5a5
1728a5a5
1729a5a5
172aa5a5
172ba5a5
172ca5a5
172da5a5
172ea5a5
172fa5a5
1730a5a5
1731a5a5
1732a5a5
1733a5a5
1734a5a5
1735a5a5
1736a5a5
1737a5a5
1738a5a5
1739a5a5
173aa5a5
173ba5a5
173ca5a5
173da5a5
173ea5a5
173fa5a5
1740a5a5
1741a5a5
1742a5a5
1743a5a5
1744a5a5
1745a5a5
1746a5a5
1747a5a5
1748a5a5
1749a5a5
174aa5a5
174ba5a5
174ca5a5
174da5a5
174ea5a5
174fa5a5
1750a5a5
1751a5a5
1752a5a5
1753a5a5
1754a5a5
1755a5a5
1756a5a5
1757a5a5
1758a5a5
1759a5a5
175aa5a5
175ba5a5
175ca5a5
175da5a5
175ea5a5
175fa5a5
1760a5a5
1761a5a5
1762a5a5
1763a5a5
1764a5a5
1765a5a5
1766a5a5
1767a5a5
1768a5a5
1769a5a5
176aa5a5
176ba5a5
176ca5a5
176da5a5
176ea5a5
176fa5a5
1770a5a5
1771a5a5
1772a5a5
1773a5a5
1774a5a5
1775a5a5
1776a5a5
1777a5a5
1778a5a5
1779a5a5
177aa5a5
177ba5a5
177ca5a5
177da5a5
177ea5a5
177fa5a5
1780a5a5
1781a5a5
1782a5a5
1783a5a5
1784a5a5
1785a5a5
1786a5a5
1787a5a5
1788a5a5
1789a5a5
178aa5a5
178ba5a5
178ca5a5
178da5a5
178ea5a5
178fa5a5
1790a5a5
1791a5a5
1792a5a5
1793a5a5
1794a5a5
1795a5a5
1796a5a5
1797a5a5
1798a5a5
1799a5a5
179aa5a5
179ba5a5
179ca5a5
179da5a5
179ea5a5
179fa5a5
17a0a5a5
17a1a5a5
17a2a5a5
17a3a5a5
17a4a5a5
17a5a5a5
17a6a5a5
17a7a5a5
17a8a5a5
17a9a5a5
17aaa5a5
17aba5a5
17aca5a5
17ada5a5
17aea5a5
17afa5a5
17b0a5a5
17b1a5a5
17b2a5a5
17b3a5a5
17b4a5a5
17b5a5a5
17b6a5a5
17b7a5a5
17b8a5a5
17b9a5a5
17baa5a5
17bba5a5
17bca5a5
17bda5a5
17bea5a5
17bfa5a5
17c0a5a5
17c1a5a5
17c2a5a5
17c3a5a5
17c4a5a5
17c5a5a5
17c6a5a5
17c7a5a5
17c8a5a5
17c9a5a5
17caa5a5
17cba5a5
17cca5a5
17cda5a5
17cea5a5
17cfa5a5
17d0a5a5
17d1a5a5
17d2a5a5
17d3a5a5
17d4a5a5
17d5a5a5
17d6a5a5
17d7a5a5
17d8a5a5
17d9a5a5
17daa5a5
17dba5a5
17dca5a5
17dda5a5
17dea5a5
17dfa5a5
17e0a5a5
17e1a5a5
17e2a5a5
17e3a5a5
17e4a5a5
17e5a5a5
17e6a5a5
17e7a5a5
17e8a5a5
17e9a5a5
17eaa5a5
17eba5a5
17eca5a5
17eda5a5
17eea5a5
17efa5a5
17f0a5a5
17f1a5a5
17f2a5a5
17f3a5a5
17f4a5a5
17f5a5a5
17f6a5a5
17f7a5a5
17f8a5a5
17f9a5a5
17faa5a5
17fba5a5
17fca5a5
17fda5a5
17fea5a5
17ffa5a5
1800a5a5
1801a5a5
1802a5a5
1803a5a5
1804a5a5
1805a5a5
1806a5a5
1807a5a5
1808a5a5
1809a5a5
180aa5a5
180ba5a5
180ca5a5
180da5a5
180ea5a5
180fa5a5
1810a5a5
1811a5a5
1812a5a5
1813a5a5
1814a5a5
1815a5a5
1816a5a5
1817a5a5
1818a5a5
1819a5a5
181aa5a5
181ba5a5
181ca5a5
181da5a5
181ea5a5
181fa5a5
1820a5a5
1821a5a5
1822a5a5
1823a5a5
1824a5a5
1825a5a5
1826a5a5
1827a5a5
1828a5a5
1829a5a5
182aa5a5
182ba5a5
182ca5a5
182da5a5
182ea5a5
182fa5a5
1830a5a5
1831a5a5
1832a5a5
1833a5a5
1834a5a5
1835a5a5
1836a5a5
1837a5a5
1838a5a5
1839a5a5
183aa5a5
183ba5a5
183ca5a5
183da5a5
183ea5a5
183fa5a5
1840a5a5
1841a5a5
1842a5a5
1843a5a5
1844a5a5
1845a5a5
1846a5a5
1847a5a5
1848a5a5
1849a5a5
184aa5a5
184ba5a5
184ca5a5
184da5a5
184ea5a5
184fa5a5
1850a5a5
1851a5a5
1852a5a5
1853a5a5
1854a5a5
1855a5a5
1856a5a5
1857a5a5
1858a5a5
1859a5a5
185aa5a5
185ba5a5
185ca5a5
185da5a5
185ea5a5
185fa5a5
1860a5a5
1861a5a5
1862a5a5
1863a5a5
1864a5a5
1865a5a5
1866a5a5
1867a5a5
1868a5a5
1869a5a5
186aa5a5
186ba5a5
186ca5a5
186da5a5
186ea5a5
186fa5a5
1870a5a5
1871a5a5
1872a5a5
1873a5a5
1874a5a5
1875a5a5
1876a5a5
1877a5a5
1878a5a5
1879a5a5
187aa5a5
187ba5a5
187ca5a5
187da5a5
187ea5a5
187fa5a5
1880a5a5
1881a5a5
1882a5a5
1883a5a5
1884a5a5
1885a5a5
1886a5a5
1887a5a5
1888a5a5
1889a5a5
188aa5a5
188ba5a5
188ca5a5
188da5a5
188ea5a5
188fa5a5
1890a5a5
1891a5a5
1892a5a5
1893a5a5
1894a5a5
1895a5a5
1896a5a5
1897a5a5
1898a5a5
1899a5a5
189aa5a5
189ba5a5
189ca5a5
189da5a5
189ea5a5
189fa5a5
18a0a5a5
18a1a5a5
18a2a5a5
18a3a5a5
18a4a5a5
18a5a5a5
18a6a5a5
18a7a5a5
18a8a5a5
18a9a5a5
18aaa5a5
18aba5a5
18aca5a5
18ada5a5
18aea5a5
18afa5a5
18b0a5a5
18b1a5a5
18b2a5a5
18b3a5a5
18b4a5a5
18b5a5a5
18b6a5a5
18b7a5a5
18b8a5a5
18b9a5a5
18baa5a5
18bba5a5
18bca5a5
18bda5a5
18bea5a5
18bfa5a5
18c0a5a5
18c1a5a5
18c2a5a5
18c3a5a5
18c4a5a5
18c5a5a5
18c6a5a5
18c7a5a5
18c8a5a5
18c9a5a5
18caa5a5
18cba5a5
18cca5a5
18cda5a5
18cea5a5
18cfa5a5
18d0a5a5
18d1a5a5
18d2a5a5
18d3a5a5
18d4a5a5
18d5a5a5
18d6a5a5
18d7a5a5
18d8a5a5
18d9a5a5
18daa5a5
18dba5a5
18dca5a5
18dda5a5
18dea5a5
18dfa5a5
18e0a5a5
18e1a5a5
18e2a5a5
18e3a5a5
18e4a5a5
18e5a5a5
18e6a5a5
18e7a5a5
18e8a5a5
18e9a5a5
18eaa5a5
18eba5a5
18eca5a5
18eda5a5
18eea5a5
18efa5a5
18f0a5a5
18f1a5a5
18f2a5a5
18f3a5a5
18f4a5a5
18f5a5a5
18f6a5a5
18f7a5a5
18f8a5a5
18f9a5a5
18faa5a5
18fba5a5
18fca5a5
18fda5a5
18fea5a5
18ffa5a5
1900a5a5
1901a5a5
1902a5a5
1903a5a5
1904a5a5
1905a5a5
1906a5a5
1907a5a5
1908a5a5
1909a5a5
190aa5a5
190ba5a5
190ca5a5
190da5a5
190ea5a5
190fa5a5
1910a5a5
1911a5a5
1912a5a5
1913a5a5
1914a5a5
1915a5a5
1916a5a5
1917a5a5
1918a5a5
1919a5a5
191aa5a5
191ba5a5
191ca5a5
191da5a5
191ea5a5
191fa5a5
1920a5a5
1921a5a5
1922a5a5
1923a5a5
1924a5a5
1925a5a5
1926a5a5
1927a5a5
1928a5a5
1929a5a5
192aa5a5
192ba5a5
192ca5a5
192da5a5
192ea5a5
192fa5a5
1930a5a5
1931a5a5
1932a5a5
1933a5a5
1934a5a5
1935a5a5
1936a5a5
1937a5a5
1938a5a5
1939a5a5
193aa5a5
193ba5a5
193ca5a5
193da5a5
193ea5a5
193fa5a5
1940a5a5
1941a5a5
1942a5a5
1943a5a5
1944a5a5
1945a5a5
1946a5a5
1947a5a5
1948a5a5
1949a5a5
194aa5a5
194ba5a5
194ca5a5
194da5a5
194ea5a5
194fa5a5
1950a5a5
1951a5a5
1952a5a5
1953a5a5
1954a5a5
1955a5a5
1956a5a5
1957a5a5
1958a5a5
1959a5a5
195aa5a5
195ba5a5
195ca5a5
195da5a5
195ea5a5
195fa5a5
1960a5a5
1961a5a5
1962a5a5
1963a5a5
1964a5a5
1965a5a5
1966a5a5
1967a5a5
1968a5a5
1969a5a5
196aa5a5
196ba5a5
196ca5a5
196da5a5
196ea5a5
196fa5a5
1970a5a5
1971a5a5
1972a5a5
1973a5a5
1974a5a5
1975a5a5
1976a5a5
1977a5a5
1978a5a5
1979a5a5
197aa5a5
197ba5a5
197ca5a5
197da5a5
197ea5a5
197fa5a5
1980a5a5
1981a5a5
1982a5a5
1983a5a5
1984a5a5
1985a5a5
1986a5a5
1987a5a5
1988a5a5
1989a5a5
198aa5a5
198ba5a5
198ca5a5
198da5a5
198ea5a5
198fa5a5
1990a5a5
1991a5a5
1992a5a5
1993a5a5
1994a5a5
1995a5a5
1996a5a5
1997a5a5
1998a5a5
1999a5a5
199aa5a5
199ba5a5
199ca5a5
199da5a5
199ea5a5
199fa5a5
19a0a5a5
19a1a5a5
19a2a5a5
19a3a5a5
19a4a5a5
19a5a5a5
19a6a5a5
19a7a5a5
19a8a5a5
19a9a5a5
19aaa5a5
19aba5a5
19aca5a5
19ada5a5
19aea5a5
19afa5a5
19b0a5a5
19b1a5a5
19b2a5a5
19b3a5a5
19b4a5a5
19b5a5a5
19b6a5a5
19b7a5a5
19b8a5a5
19b9a5a5
19baa5a5
19bba5a5
19bca5a5
19bda5a5
19bea5a5
19bfa5a5
19c0a5a5
19c1a5a5
19c2a5a5
19c3a5a5
19c4a5a5
19c5a5a5
19c6a5a5
19c7a5a5
19c8a5a5
19c9a5a5
19caa5a5
19cba5a5
19cca5a5
19cda5a5
19cea5a5
19cfa5a5
19d0a5a5
19d1a5a5
19d2a5a5
19d3a5a5
19d4a5a5
19d5a5a5
19d6a5a5
19d7a5a5
19d8a5a5
19d9a5a5
19daa5a5
19dba5a5
19dca5a5
19dda5a5
19dea5a5
19dfa5a5
19e0a5a5
19e1a5a5
19e2a5a5
19e3a5a5
19e4a5a5
19e5a5a5
19e6a5a5
19e7a5a5
19e8a5a5
19e9a5a5
19eaa5a5
19eba5a5
19eca5a5
19eda5a5
19eea5a5
19efa5a5
19f0a5a5
19f1a5a5
19f2a5a5
19f3a5a5
19f4a5a5
19f5a5a5
19f6a5a5
19f7a5a5
19f8a5a5
19f9a5a5
19faa5a5
19fba5a5
19fca5a5
19fda5a5
19fea5a5
19ffa5a5
1a00a5a5
1a01a5a5
1a02a5a5
1a03a5a5
1a04a5a5
1a05a5a5
1a06a5a5
1a07a5a5
1a08a5a5
1a09a5a5
1a0aa5a5
1a0ba5a5
1a0ca5a5
1a0da5a5
1a0ea5a5
1a0fa5a5
1a10a5a5
1a11a5a5
1a12a5a5
1a13a5a5
1a14a5a5
1a15a5a5
1a16a5a5
1a17a5a5
1a18a5a5
1a19a5a5
1a1aa5a5
1a1ba5a5
1a1ca5a5
1a1da5a5
1a1ea5a5
1a1fa5a5
1a20a5a5
1a21a5a5
1a22a5a5
1a23a5a5
1a24a5a5
1a25a5a5
1a26a5a5
1a27a5a5
1a28a5a5
1a29a5a5
1a2aa5a5
1a2ba5a5
1a2ca5a5
1a2da5a5
1a2ea5a5
1a2fa5a5
1a30a5a5
1a31a5a5
1a32a5a5
1a33a5a5
1a34a5a5
1a35a5a5
1a36a5a5
1a37a5a5
1a38a5a5
1a39a5a5
1a3aa5a5
1a3ba5a5
1a3ca5a5
1a3da5a5
1a3ea5a5
1a3fa5a5
1a40a5a5
1a41a5a5
1a42a5a5
1a43a5a5
1a44a5a5
1a45a5a5
1a46a5a5
1a47a5a5
1a48a5a5
1a49a5a5
1a4aa5a5
1a4ba5a5
1a4ca5a5
1a4da5a5
1a4ea5a5
1a4fa5a5
1a50a5a5
1a51a5a5
1a52a5a5
1a53a5a5
1a54a5a5
1a55a5a5
1a56a5a5
1a57a5a5
1a58a5a5
1a59a5a5
1a5aa5a5
1a5ba5a5
1a5ca5a5
1a5da5a5
1a5ea5a5
1a5fa5a5
1a60a5a5
1a61a5a5
1a62a5a5
1a63a5a5
1a64a5a5
1a65a5a5
1a66a5a5
1a67a5a5
1a68a5a5
1a69a5a5
1a6aa5a5
1a6ba5a5
1a6ca5a5
1a6da5a5
1a6ea5a5
1a6fa5a5
1a70a5a5
1a71a5a5
1a72a5a5
1a73a5a5
1a74a5a5
1a75a5a5
1a76a5a5
1a77a5a5
1a78a5a5
1a79a5a5
1a7aa5a5
1a7ba5a5
1a7ca5a5
1a7da5a5
1a7ea5a5
1a7fa5a5
1a80a5a5
1a81a5a5
1a82a5a5
1a83a5a5
1a84a5a5
1a85a5a5
1a86a5a5
1a87a5a5
1a88a5a5
1a89a5a5
1a8aa5a5
1a8ba5a5
1a8ca5a5
1a8da5a5
1a8ea5a5
1a8fa5a5
1a90a5a5
1a91a5a5
1a92a5a5
1a93a5a5
1a94a5a5
1a95a5a5
1a96a5a5
1a97a5a5
1a98a5a5
1a99a5a5
1a9aa5a5
1a9ba5a5
1a9ca5a5
1a9da5a5
1a9ea5a5
1a9fa5a5
1aa0a5a5
1aa1a5a5
1aa2a5a5
1aa3a5a5
1aa4a5a5
1aa5a5a5
1aa6a5a5
1aa7a5a5
1aa8a5a5
1aa9a5a5
1aaaa5a5
1aaba5a5
1aaca5a5
1aada5a5
1aaea5a5
1aafa5a5
1ab0a5a5
1ab1a5a5
1ab2a5a5
1ab3a5a5
1ab4a5a5
1ab5a5a5
1ab6a5a5
1ab7a5a5
1ab8a5a5
1ab9a5a5
1abaa5a5
1abba5a5
1abca5a5
1abda5a5
1abea5a5
1abfa5a5
1ac0a5a5
1ac1a5a5
1ac2a5a5
1ac3a5a5
1ac4a5a5
1ac5a5a5
1ac6a5a5
1ac7a5a5
1ac8a5a5
1ac9a5a5
1acaa5a5
1acba5a5
1acca5a5
1acda5a5
1acea5a5
1acfa5a5
1ad0a5a5
1ad1a5a5
1ad2a5a5
1ad3a5a5
1ad4a5a5
1ad5a5a5
1ad6a5a5
1ad7a5a5
1ad8a5a5
1ad9a5a5
1adaa5a5
1adba5a5
1adca5a5
1adda5a5
1adea5a5
1adfa5a5
1ae0a5a5
1ae1a5a5
1ae2a5a5
1ae3a5a5
1ae4a5a5
1ae5a5a5
1ae6a5a5
1ae7a5a5
1ae8a5a5
1ae9a5a5
1aeaa5a5
1aeba5a5
1aeca5a5
1aeda5a5
1aeea5a5
1aefa5a5
1af0a5a5
1af1a5a5
1af2a5a5
1af3a5a5
1af4a5a5
1af5a5a5
1af6a5a5
1af7a5a5
1af8a5a5
1af9a5a5
1afaa5a5
1afba5a5
1afca5a5
1afda5a5
1afea5a5
1affa5a5
1b00a5a5
1b01a5a5
1b02a5a5
1b03a5a5
1b04a5a5
1b05a5a5
1b06a5a5
1b07a5a5
1b08a5a5
1b09a5a5
1b0aa5a5
1b0ba5a5
1b0ca5a5
1b0da5a5
1b0ea5a5
1b0fa5a5
1b10a5a5
1b11a5a5
1b12a5a5
1b13a5a5
1b14a5a5
1b15a5a5
1b16a5a5
1b17a5a5
1b18a5a5
1b19a5a5
1b1aa5a5
1b1ba5a5
1b1ca5a5
1b1da5a5
1b1ea5a5
1b1fa5a5
1b20a5a5
1b21a5a5
1b22a5a5
1b23a5a5
1b24a5a5
1b25a5a5
1b26a5a5
1b27a5a5
1b28a5a5
1b29a5a5
1b2aa5a5
1b2ba5a5
1b2ca5a5
1b2da5a5
1b2ea5a5
1b2fa5a5
1b30a5a5
1b31a5a5
1b32a5a5
1b33a5a5
1b34a5a5
1b35a5a5
1b36a5a5
1b37a5a5
1b38a5a5
1b39a5a5
1b3aa5a5
1b3ba5a5
1b3ca5a5
1b3da5a5
1b3ea5a5
1b3fa5a5
1b40a5a5
1b41a5a5
1b42a5a5
1b43a5a5
1b44a5a5
1b45a5a5
1b46a5a5
1b47a5a5
1b48a5a5
1b49a5a5
1b4aa5a5
1b4ba5a5
1b4ca5a5
1b4da5a5
1b4ea5a5
1b4fa5a5
1b50a5a5
1b51a5a5
1b52a5a5
1b53a5a5
1b54a5a5
1b55a5a5
1b56a5a5
1b57a5a5
1b58a5a5
1b59a5a5
1b5aa5a5
1b5ba5a5
1b5ca5a5
1b5da5a5
1b5ea5a5
1b5fa5a5
1b60a5a5
1b61a5a5
1b62a5a5
1b63a5a5
1b64a5a5
1b65a5a5
1b66a5a5
1b67a5a5
1b68a5a5
1b69a5a5
1b6aa5a5
1b6ba5a5
1b6ca5a5
1b6da5a5
1b6ea5a5
1b6fa5a5
1b70a5a5
1b71a5a5
1b72a5a5
1b73a5a5
1b74a5a5
1b75a5a5
1b76a5a5
1b77a5a5
1b78a5a5
1b79a5a5
1b7aa5a5
1b7ba5a5
1b7ca5a5
1b7da5a5
1b7ea5a5
1b7fa5a5
1b80a5a5
1b81a5a5
1b82a5a5
1b83a5a5
1b84a5a5
1b85a5a5
1b86a5a5
1b87a5a5
1b88a5a5
1b89a5a5
1b8aa5a5
1b8ba5a5
1b8ca5a5
1b8da5a5
1b8ea5a5
1b8fa5a5
1b90a5a5
1b91a5a5
1b92a5a5
1b93a5a5
1b94a5a5
1b95a5a5
1b96a5a5
1b97a5a5
1b98a5a5
1b99a5a5
1b9aa5a5
1b9ba5a5
1b9ca5a5
1b9da5a5
1b9ea5a5
1b9fa5a5
1ba0a5a5
1ba1a5a5
1ba2a5a5
1ba3a5a5
1ba4a5a5
1ba5a5a5
1ba6a5a5
1ba7a5a5
1ba8a5a5
1ba9a5a5
1baaa5a5
1baba5a5
1baca5a5
1bada5a5
1baea5a5
1bafa5a5
1bb0a5a5
1bb1a5a5
1bb2a5a5
1bb3a5a5
1bb4a5a5
1bb5a5a5
1bb6a5a5
1bb7a5a5
1bb8a5a5
1bb9a5a5
1bbaa5a5
1bbba5a5
1bbca5a5
1bbda5a5
1bbea5a5
1bbfa5a5
1bc0a5a5
1bc1a5a5
1bc2a5a5
1bc3a5a5
1bc4a5a5
1bc5a5a5
1bc6a5a5
1bc7a5a5
1bc8a5a5
1bc9a5a5
1bcaa5a5
1bcba5a5
1bcca5a5
1bcda5a5
1bcea5a5
1bcfa5a5
1bd0a5a5
1bd1a5a5
1bd2a5a5
1bd3a5a5
1bd4a5a5
1bd5a5a5
1bd6a5a5
1bd7a5a5
1bd8a5a5
1bd9a5a5
1bdaa5a5
1bdba5a5
1bdca5a5
1bdda5a5
1bdea5a5
1bdfa5a5
1be0a5a5
1be1a5a5
1be2a5a5
1be3a5a5
1be4a5a5
1be5a5a5
1be6a5a5
1be7a5a5
1be8a5a5
1be9a5a5
1beaa5a5
1beba5a5
1beca5a5
1beda5a5
1beea5a5
1befa5a5
1bf0a5a5
1bf1a5a5
1bf2a5a5
1bf3a5a5
1bf4a5a5
1bf5a5a5
1bf6a5a5
1bf7a5a5
1bf8a5a5
1bf9a5a5
1bfaa5a5
1bfba5a5
1bfca5a5
1bfda5a5
1bfea5a5
1bffa5a5
1c00a5a5
1c01a5a5
1c02a5a5
1c03a5a5
1c04a5a5
1c05a5a5
1c06a5a5
1c07a5a5
1c08a5a5
1c09a5a5
1c0aa5a5
1c0ba5a5
1c0ca5a5
1c0da5a5
1c0ea5a5
1c0fa5a5
1c10a5a5
1c11a5a5
1c12a5a5
1c13a5a5
1c14a5a5
1c15a5a5
1c16a5a5
1c17a5a5
1c18a5a5
1c19a5a5
1c1aa5a5
1c1ba5a5
1c1ca5a5
1c1da5a5
1c1ea5a5
1c1fa5a5
1c20a5a5
1c21a5a5
1c22a5a5
1c23a5a5
1c24a5a5
1c25a5a5
1c26a5a5
1c27a5a5
1c28a5a5
1c29a5a5
1c2aa5a5
1c2ba5a5
1c2ca5a5
1c2da5a5
1c2ea5a5
1c2fa5a5
1c30a5a5
1c31a5a5
1c32a5a5
1c33a5a5
1c34a5a5
1c35a5a5
1c36a5a5
1c37a5a5
1c38a5a5
1c39a5a5
1c3aa5a5
1c3ba5a5
1c3ca5a5
1c3da5a5
1c3ea5a5
1c3fa5a5
1c40a5a5
1c41a5a5
1c42a5a5
1c43a5a5
1c44a5a5
1c45a5a5
1c46a5a5
1c47a5a5
1c48a5a5
1c49a5a5
1c4aa5a5
1c4ba5a5
1c4ca5a5
1c4da5a5
1c4ea5a5
1c4fa5a5
1c50a5a5
1c51a5a5
1c52a5a5
1c53a5a5
1c54a5a5
1c55a5a5
1c56a5a5
1c57a5a5
1c58a5a5
1c59a5a5
1c5aa5a5
1c5ba5a5
1c5ca5a5
1c5da5a5
1c5ea5a5
1c5fa5a5
1c60a5a5
1c61a5a5
1c62a5a5
1c63a5a5
1c64a5a5
1c65a5a5
1c66a5a5
1c67a5a5
1c68a5a5
1c69a5a5
1c6aa5a5
1c6ba5a5
1c6ca5a5
1c6da5a5
1c6ea5a5
1c6fa5a5
1c70a5a5
1c71a5a5
1c72a5a5
1c73a5a5
1c74a5a5
1c75a5a5
1c76a5a5
1c77a5a5
1c78a5a5
1c79a5a5
1c7aa5a5
1c7ba5a5
1c7ca5a5
1c7da5a5
1c7ea5a5
1c7fa5a5
1c80a5a5
1c81a5a5
1c82a5a5
1c83a5a5
1c84a5a5
1c85a5a5
1c86a5a5
1c87a5a5
1c88a5a5
1c89a5a5
1c8aa5a5
1c8ba5a5
1c8ca5a5
1c8da5a5
1c8ea5a5
1c8fa5a5
1c90a5a5
1c91a5a5
1c92a5a5
1c93a5a5
1c94a5a5
1c95a5a5
1c96a5a5
1c97a5a5
1c98a5a5
1c99a5a5
1c9aa5a5
1c9ba5a5
1c9ca5a5
1c9da5a5
1c9ea5a5
1c9fa5a5
1ca0a5a5
1ca1a5a5
1ca2a5a5
1ca3a5a5
1ca4a5a5
1ca5a5a5
1ca6a5a5
1ca7a5a5
1ca8a5a5
1ca9a5a5
1caaa5a5
1caba5a5
1caca5a5
1cada5a5
1caea5a5
1cafa5a5
1cb0a5a5
1cb1a5a5
1cb2a5a5
1cb3a5a5
1cb4a5a5
1cb5a5a5
1cb6a5a5
1cb7a5a5
1cb8a5a5
1cb9a5a5
1cbaa5a5
1cbba5a5
1cbca5a5
1cbda5a5
1cbea5a5
1cbfa5a5
1cc0a5a5
1cc1a5a5
1cc2a5a5
1cc3a5a5
1cc4a5a5
1cc5a5a5
1cc6a5a5
1cc7a5a5
1cc8a5a5
1cc9a5a5
1ccaa5a5
1ccba5a5
1ccca5a5
1ccda5a5
1ccea5a5
1ccfa5a5
1cd0a5a5
1cd1a5a5
1cd2a5a5
1cd3a5a5
1cd4a5a5
1cd5a5a5
1cd6a5a5
1cd7a5a5
1cd8a5a5
1cd9a5a5
1cdaa5a5
1cdba5a5
1cdca5a5
1cdda5a5
1cdea5a5
1cdfa5a5
1ce0a5a5
1ce1a5a5
1ce2a5a5
1ce3a5a5
1ce4a5a5
1ce5a5a5
1ce6a5a5
1ce7a5a5
1ce8a5a5
1ce9a5a5
1ceaa5a5
1ceba5a5
1ceca5a5
1ceda5a5
1ceea5a5
1cefa5a5
1cf0a5a5
1cf1a5a5
1cf2a5a5
1cf3a5a5
1cf4a5a5
1cf5a5a5
1cf6a5a5
1cf7a5a5
1cf8a5a5
1cf9a5a5
1cfaa5a5
1cfba5a5
1cfca5a5
1cfda5a5
1cfea5a5
1cffa5a5
1d00a5a5
1d01a5a5
1d02a5a5
1d03a5a5
1d04a5a5
1d05a5a5
1d06a5a5
1d07a5a5
1d08a5a5
1d09a5a5
1d0aa5a5
1d0ba5a5
1d0ca5a5
1d0da5a5
1d0ea5a5
1d0fa5a5
1d10a5a5
1d11a5a5
1d12a5a5
1d13a5a5
1d14a5a5
1d15a5a5
1d16a5a5
1d17a5a5
1d18a5a5
1d19a5a5
1d1aa5a5
1d1ba5a5
1d1ca5a5
1d1da5a5
1d1ea5a5
1d1fa5a5
1d20a5a5
1d21a5a5
1d22a5a5
1d23a5a5
1d24a5a5
1d25a5a5
1d26a5a5
1d27a5a5
1d28a5a5
1d29a5a5
1d2aa5a5
1d2ba5a5
1d2ca5a5
1d2da5a5
1d2ea5a5
1d2fa5a5
1d30a5a5
1d31a5a5
1d32a5a5
1d33a5a5
1d34a5a5
1d35a5a5
1d36a5a5
1d37a5a5
1d38a5a5
1d39a5a5
1d3aa5a5
1d3ba5a5
1d3ca5a5
1d3da5a5
1d3ea5a5
1d3fa5a5
1d40a5a5
1d41a5a5
1d42a5a5
1d43a5a5
1d44a5a5
1d45a5a5
1d46a5a5
1d47a5a5
1d48a5a5
1d49a5a5
1d4aa5a5
1d4ba5a5
1d4ca5a5
1d4da5a5
1d4ea5a5
1d4fa5a5
1d50a5a5
1d51a5a5
1d52a5a5
1d53a5a5
1d54a5a5
1d55a5a5
1d56a5a5
1d57a5a5
1d58a5a5
1d59a5a5
1d5aa5a5
1d5ba5a5
1d5ca5a5
1d5da5a5
1d5ea5a5
1d5fa5a5
1d60a5a5
1d61a5a5
1d62a5a5
1d63a5a5
1d64a5a5
1d65a5a5
1d66a5a5
1d67a5a5
1d68a5a5
1d69a5a5
1d6aa5a5
1d6ba5a5
1d6ca5a5
1d6da5a5
1d6ea5a5
1d6fa5a5
1d70a5a5
1d71a5a5
1d72a5a5
1d73a5a5
1d74a5a5
1d75a5a5
1d76a5a5
1d77a5a5
1d78a5a5
1d79a5a5
1d7aa5a5
1d7ba5a5
1d7ca5a5
1d7da5a5
1d7ea5a5
1d7fa5a5
1d80a5a5
1d81a5a5
1d82a5a5
1d83a5a5
1d84a5a5
1d85a5a5
1d86a5a5
1d87a5a5
1d88a5a5
1d89a5a5
1d8aa5a5
1d8ba5a5
1d8ca5a5
1d8da5a5
1d8ea5a5
1d8fa5a5
1d90a5a5
1d91a5a5
1d92a5a5
1d93a5a5
1d94a5a5
1d95a5a5
1d96a5a5
1d97a5a5
1d98a5a5
1d99a5a5
1d9aa5a5
1d9ba5a5
1d9ca5a5
1d9da5a5
1d9ea5a5
1d9fa5a5
1da0a5a5
1da1a5a5
1da2a5a5
1da3a5a5
1da4a5a5
1da5a5a5
1da6a5a5
1da7a5a5
1da8a5a5
1da9a5a5
1daaa5a5
1daba5a5
1daca5a5
1dada5a5
1daea5a5
1dafa5a5
1db0a5a5
1db1a5a5
1db2a5a5
1db3a5a5
1db4a5a5
1db5a5a5
1db6a5a5
1db7a5a5
1db8a5a5
1db9a5a5
1dbaa5a5
1dbba5a5
1dbca5a5
1dbda5a5
1dbea5a5
1dbfa5a5
1dc0a5a5
1dc1a5a5
1dc2a5a5
1dc3a5a5
1dc4a5a5
1dc5a5a5
1dc6a5a5
1dc7a5a5
1dc8a5a5
1dc9a5a5
1dcaa5a5
1dcba5a5
1dcca5a5
1dcda5a5
1dcea5a5
1dcfa5a5
1dd0a5a5
1dd1a5a5
1dd2a5a5
1dd3a5a5
1dd4a5a5
1dd5a5a5
1dd6a5a5
1dd7a5a5
1dd8a5a5
1dd9a5a5
1ddaa5a5
1ddba5a5
1ddca5a5
1ddda5a5
1ddea5a5
1ddfa5a5
1de0a5a5
1de1a5a5
1de2a5a5
1de3a5a5
1de4a5a5
1de5a5a5
1de6a5a5
1de7a5a5
1de8a5a5
1de9a5a5
1deaa5a5
1deba5a5
1deca5a5
1deda5a5
1deea5a5
1defa5a5
1df0a5a5
1df1a5a5
1df2a5a5
1df3a5a5
1df4a5a5
1df5a5a5
1df6a5a5
1df7a5a5
1df8a5a5
1df9a5a5
1dfaa5a5
1dfba5a5
1dfca5a5
1dfda5a5
1dfea5a5
1dffa5a5
1e00a5a5
1e01a5a5
1e02a5a5
1e03a5a5
1e04a5a5
1e05a5a5
1e06a5a5
1e07a5a5
1e08a5a5
1e09a5a5
1e0aa5a5
1e0ba5a5
1e0ca5a5
1e0da5a5
1e0ea5a5
1e0fa5a5
1e10a5a5
1e11a5a5
1e12a5a5
1e13a5a5
1e14a5a5
1e15a5a5
1e16a5a5
1e17a5a5
1e18a5a5
1e19a5a5
1e1aa5a5
1e1ba5a5
1e1ca5a5
1e1da5a5
1e1ea5a5
1e1fa5a5
1e20a5a5
1e21a5a5
1e22a5a5
1e23a5a5
1e24a5a5
1e25a5a5
1e26a5a5
1e27a5a5
1e28a5a5
1e29a5a5
1e2aa5a5
1e2ba5a5
1e2ca5a5
1e2da5a5
1e2ea5a5
1e2fa5a5
1e30a5a5
1e31a5a5
1e32a5a5
1e33a5a5
1e34a5a5
1e35a5a5
1e36a5a5
1e37a5a5
1e38a5a5
1e39a5a5
1e3aa5a5
1e3ba5a5
1e3ca5a5
1e3da5a5
1e3ea5a5
1e3fa5a5
1e40a5a5
1e41a5a5
1e42a5a5
1e43a5a5
1e44a5a5
1e45a5a5
1e46a5a5
1e47a5a5
1e48a5a5
1e49a5a5
1e4aa5a5
1e4ba5a5
1e4ca5a5
1e4da5a5
1e4ea5a5
1e4fa5a5
1e50a5a5
1e51a5a5
1e52a5a5
1e53a5a5
1e54a5a5
1e55a5a5
1e56a5a5
1e57a5a5
1e58a5a5
1e59a5a5
1e5aa5a5
1e5ba5a5
1e5ca5a5
1e5da5a5
1e5ea5a5
1e5fa5a5
1e60a5a5
1e61a5a5
1e62a5a5
1e63a5a5
1e64a5a5
1e65a5a5
1e66a5a5
1e67a5a5
1e68a5a5
1e69a5a5
1e6aa5a5
1e6ba5a5
1e6ca5a5
1e6da5a5
1e6ea5a5
1e6fa5a5
1e70a5a5
1e71a5a5
1e72a5a5
1e73a5a5
1e74a5a5
1e75a5a5
1e76a5a5
1e77a5a5
1e78a5a5
1e79a5a5
1e7aa5a5
1e7ba5a5
1e7ca5a5
1e7da5a5
1e7ea5a5
1e7fa5a5
1e80a5a5
1e81a5a5
1e82a5a5
1e83a5a5
1e84a5a5
1e85a5a5
1e86a5a5
1e87a5a5
1e88a5a5
1e89a5a5
1e8aa5a5
1e8ba5a5
1e8ca5a5
1e8da5a5
1e8ea5a5
1e8fa5a5
1e90a5a5
1e91a5a5
1e92a5a5
1e93a5a5
1e94a5a5
1e95a5a5
1e96a5a5
1e97a5a5
1e98a5a5
1e99a5a5
1e9aa5a5
1e9ba5a5
1e9ca5a5
1e9da5a5
1e9ea5a5
1e9fa5a5
1ea0a5a5
1ea1a5a5
1ea2a5a5
1ea3a5a5
1ea4a5a5
1ea5a5a5
1ea6a5a5
1ea7a5a5
1ea8a5a5
1ea9a5a5
1eaaa5a5
1eaba5a5
1eaca5a5
1eada5a5
1eaea5a5
1eafa5a5
1eb0a5a5
1eb1a5a5
1eb2a5a5
1eb3a5a5
1eb4a5a5
1eb5a5a5
1eb6a5a5
1eb7a5a5
1eb8a5a5
1eb9a5a5
1ebaa5a5
1ebba5a5
1ebca5a5
1ebda5a5
1ebea5a5
1ebfa5a5
1ec0a5a5
1ec1a5a5
1ec2a5a5
1ec3a5a5
1ec4a5a5
1ec5a5a5
1ec6a5a5
1ec7a5a5
1ec8a5a5
1ec9a5a5
1ecaa5a5
1ecba5a5
1ecca5a5
1ecda5a5
1ecea5a5
1ecfa5a5
1ed0a5a5
1ed1a5a5
1ed2a5a5
1ed3a5a5
1ed4a5a5
1ed5a5a5
1ed6a5a5
1ed7a5a5
1ed8a5a5
1ed9a5a5
1edaa5a5
1edba5a5
1edca5a5
1edda5a5
1edea5a5
1edfa5a5
1ee0a5a5
1ee1a5a5
1ee2a5a5
1ee3a5a5
1ee4a5a5
1ee5a5a5
1ee6a5a5
1ee7a5a5
1ee8a5a5
1ee9a5a5
1eeaa5a5
1eeba5a5
1eeca5a5
1eeda5a5
1eeea5a5
1eefa5a5
1ef0a5a5
1ef1a5a5
1ef2a5a5
1ef3a5a5
1ef4a5a5
1ef5a5a5
1ef6a5a5
1ef7a5a5
1ef8a5a5
1ef9a5a5
1efaa5a5
1efba5a5
1efca5a5
1efda5a5
1efea5a5
1effa5a5
1f00a5a5
1f01a5a5
1f02a5a5
1f03a5a5
1f04a5a5
1f05a5a5
1f06a5a5
1f07a5a5
1f08a5a5
1f09a5a5
1f0aa5a5
1f0ba5a5
1f0ca5a5
1f0da5a5
1f0ea5a5
1f0fa5a5
1f10a5a5
1f11a5a5
1f12a5a5
1f13a5a5
1f14a5a5
1f15a5a5
1f16a5a5
1f17a5a5
1f18a5a5
1f19a5a5
1f1aa5a5
1f1ba5a5
1f1ca5a5
1f1da5a5
1f1ea5a5
1f1fa5a5
1f20a5a5
1f21a5a5
1f22a5a5
1f23a5a5
1f24a5a5
1f25a5a5
1f26a5a5
1f27a5a5
1f28a5a5
1f29a5a5
1f2aa5a5
1f2ba5a5
1f2ca5a5
1f2da5a5
1f2ea5a5
1f2fa5a5
1f30a5a5
1f31a5a5
1f32a5a5
1f33a5a5
1f34a5a5
1f35a5a5
1f36a5a5
1f37a5a5
1f38a5a5
1f39a5a5
1f3aa5a5
1f3ba5a5
1f3ca5a5
1f3da5a5
1f3ea5a5
1f3fa5a5
1f40a5a5
1f41a5a5
1f42a5a5
1f43a5a5
1f44a5a5
1f45a5a5
1f46a5a5
1f47a5a5
1f48a5a5
1f49a5a5
1f4aa5a5
1f4ba5a5
1f4ca5a5
1f4da5a5
1f4ea5a5
1f4fa5a5
1f50a5a5
1f51a5a5
1f52a5a5
1f53a5a5
1f54a5a5
1f55a5a5
1f56a5a5
1f57a5a5
1f58a5a5
1f59a5a5
1f5aa5a5
1f5ba5a5
1f5ca5a5
1f5da5a5
1f5ea5a5
1f5fa5a5
1f60a5a5
1f61a5a5
1f62a5a5
1f63a5a5
1f64a5a5
1f65a5a5
1f66a5a5
1f67a5a5
1f68a5a5
1f69a5a5
1f6aa5a5
1f6ba5a5
1f6ca5a5
1f6da5a5
1f6ea5a5
1f6fa5a5
1f70a5a5
1f71a5a5
1f72a5a5
1f73a5a5
1f74a5a5
1f75a5a5
1f76a5a5
1f77a5a5
1f78a5a5
1f79a5a5
1f7aa5a5
1f7ba5a5
1f7ca5a5
1f7da5a5
1f7ea5a5
1f7fa5a5
1f80a5a5
1f81a5a5
1f82a5a5
1f83a5a5
1f84a5a5
1f85a5a5
1f86a5a5
1f87a5a5
1f88a5a5
1f89a5a5
1f8aa5a5
1f8ba5a5
1f8ca5a5
1f8da5a5
1f8ea5a5
1f8fa5a5
1f90a5a5
1f91a5a5
1f92a5a5
1f93a5a5
1f94a5a5
1f95a5a5
1f96a5a5
1f97a5a5
1f98a5a5
1f99a5a5
1f9aa5a5
1f9ba5a5
1f9ca5a5
1f9da5a5
1f9ea5a5
1f9fa5a5
1fa0a5a5
1fa1a5a5
1fa2a5a5
1fa3a5a5
1fa4a5a5
1fa5a5a5
1fa6a5a5
1fa7a5a5
1fa8a5a5
1fa9a5a5
1faaa5a5
1faba5a5
1faca5a5
1fada5a5
1faea5a5
1fafa5a5
1fb0a5a5
1fb1a5a5
1fb2a5a5
1fb3a5a5
1fb4a5a5
1fb5a5a5
1fb6a5a5
1fb7a5a5
1fb8a5a5
1fb9a5a5
1fbaa5a5
1fbba5a5
1fbca5a5
1fbda5a5
1fbea5a5
1fbfa5a5
1fc0a5a5
1fc1a5a5
1fc2a5a5
1fc3a5a5
1fc4a5a5
1fc5a5a5
1fc6a5a5
1fc7a5a5
1fc8a5a5
1fc9a5a5
1fcaa5a5
1fcba5a5
1fcca5a5
1fcda5a5
1fcea5a5
1fcfa5a5
1fd0a5a5
1fd1a5a5
1fd2a5a5
1fd3a5a5
1fd4a5a5
1fd5a5a5
1fd6a5a5
1fd7a5a5
1fd8a5a5
1fd9a5a5
1fdaa5a5
1fdba5a5
1fdca5a5
1fdda5a5
1fdea5a5
1fdfa5a5
1fe0a5a5
1fe1a5a5
1fe2a5a5
1fe3a5a5
1fe4a5a5
1fe5a5a5
1fe6a5a5
1fe7a5a5
1fe8a5a5
1fe9a5a5
1feaa5a5
1feba5a5
1feca5a5
1feda5a5
1feea5a5
1fefa5a5
1ff0a5a5
1ff1a5a5
1ff2a5a5
1ff3a5a5
1ff4a5a5
1ff5a5a5
1ff6a5a5
1ff7a5a5
1ff8a5a5
1ff9a5a5
1ffaa5a5
1ffba5a5
1ffca5a5
1ffda5a5
1ffea5a5
1fffa5a5
2000a5a5
2001a5a5
2002a5a5
2003a5a5
2004a5a5
2005a5a5
2006a5a5
2007a5a5
2008a5a5
2009a5a5
200aa5a5
200ba5a5
200ca5a5
200da5a5
200ea5a5
200fa5a5
2010a5a5
2011a5a5
2012a5a5
2013a5a5
2014a5a5
2015a5a5
2016a5a5
2017a5a5
2018a5a5
2019a5a5
201aa5a5
201ba5a5
201ca5a5
201da5a5
201ea5a5
201fa5a5
2020a5a5
2021a5a5
2022a5a5
2023a5a5
2024a5a5
2025a5a5
2026a5a5
2027a5a5
2028a5a5
2029a5a5
202aa5a5
202ba5a5
202ca5a5
202da5a5
202ea5a5
202fa5a5
2030a5a5
2031a5a5
2032a5a5
2033a5a5
2034a5a5
2035a5a5
2036a5a5
2037a5a5
2038a5a5
2039a5a5
203aa5a5
203ba5a5
203ca5a5
203da5a5
203ea5a5
203fa5a5
2040a5a5
2041a5a5
2042a5a5
2043a5a5
2044a5a5
2045a5a5
2046a5a5
2047a5a5
2048a5a5
2049a5a5
204aa5a5
204ba5a5
204ca5a5
204da5a5
204ea5a5
204fa5a5
2050a5a5
2051a5a5
2052a5a5
2053a5a5
2054a5a5
2055a5a5
2056a5a5
2057a5a5
2058a5a5
2059a5a5
205aa5a5
205ba5a5
205ca5a5
205da5a5
205ea5a5
205fa5a5
2060a5a5
2061a5a5
2062a5a5
2063a5a5
2064a5a5
2065a5a5
2066a5a5
2067a5a5
2068a5a5
2069a5a5
206aa5a5
206ba5a5
206ca5a5
206da5a5
206ea5a5
206fa5a5
2070a5a5
2071a5a5
2072a5a5
2073a5a5
2074a5a5
2075a5a5
2076a5a5
2077a5a5
2078a5a5
2079a5a5
207aa5a5
207ba5a5
207ca5a5
207da5a5
207ea5a5
207fa5a5
2080a5a5
2081a5a5
2082a5a5
2083a5a5
2084a5a5
2085a5a5
2086a5a5
2087a5a5
2088a5a5
2089a5a5
208aa5a5
208ba5a5
208ca5a5
208da5a5
208ea5a5
208fa5a5
2090a5a5
2091a5a5
2092a5a5
2093a5a5
2094a5a5
2095a5a5
2096a5a5
2097a5a5
2098a5a5
2099a5a5
209aa5a5
209ba5a5
209ca5a5
209da5a5
209ea5a5
209fa5a5
20a0a5a5
20a1a5a5
20a2a5a5
20a3a5a5
20a4a5a5
20a5a5a5
20a6a5a5
20a7a5a5
20a8a5a5
20a9a5a5
20aaa5a5
20aba5a5
20aca5a5
20ada5a5
20aea5a5
20afa5a5
20b0a5a5
20b1a5a5
20b2a5a5
20b3a5a5
20b4a5a5
20b5a5a5
20b6a5a5
20b7a5a5
20b8a5a5
20b9a5a5
20baa5a5
20bba5a5
20bca5a5
20bda5a5
20bea5a5
20bfa5a5
20c0a5a5
20c1a5a5
20c2a5a5
20c3a5a5
20c4a5a5
20c5a5a5
20c6a5a5
20c7a5a5
20c8a5a5
20c9a5a5
20caa5a5
20cba5a5
20cca5a5
20cda5a5
20cea5a5
20cfa5a5
20d0a5a5
20d1a5a5
20d2a5a5
20d3a5a5
20d4a5a5
20d5a5a5
20d6a5a5
20d7a5a5
20d8a5a5
20d9a5a5
20daa5a5
20dba5a5
20dca5a5
20dda5a5
20dea5a5
20dfa5a5
20e0a5a5
20e1a5a5
20e2a5a5
20e3a5a5
20e4a5a5
20e5a5a5
20e6a5a5
20e7a5a5
20e8a5a5
20e9a5a5
20eaa5a5
20eba5a5
20eca5a5
20eda5a5
20eea5a5
20efa5a5
20f0a5a5
20f1a5a5
20f2a5a5
20f3a5a5
20f4a5a5
20f5a5a5
20f6a5a5
20f7a5a5
20f8a5a5
20f9a5a5
20faa5a5
20fba5a5
20fca5a5
20fda5a5
20fea5a5
20ffa5a5
2100a5a5
2101a5a5
2102a5a5
2103a5a5
2104a5a5
2105a5a5
2106a5a5
2107a5a5
2108a5a5
2109a5a5
210aa5a5
210ba5a5
210ca5a5
210da5a5
210ea5a5
210fa5a5
2110a5a5
2111a5a5
2112a5a5
2113a5a5
2114a5a5
2115a5a5
2116a5a5
2117a5a5
2118a5a5
2119a5a5
211aa5a5
211ba5a5
211ca5a5
211da5a5
211ea5a5
211fa5a5
2120a5a5
2121a5a5
2122a5a5
2123a5a5
2124a5a5
2125a5a5
2126a5a5
2127a5a5
2128a5a5
2129a5a5
212aa5a5
212ba5a5
212ca5a5
212da5a5
212ea5a5
212fa5a5
2130a5a5
2131a5a5
2132a5a5
2133a5a5
2134a5a5
2135a5a5
2136a5a5
2137a5a5
2138a5a5
2139a5a5
213aa5a5
213ba5a5
213ca5a5
213da5a5
213ea5a5
213fa5a5
2140a5a5
2141a5a5
2142a5a5
2143a5a5
2144a5a5
2145a5a5
2146a5a5
2147a5a5
2148a5a5
2149a5a5
214aa5a5
214ba5a5
214ca5a5
214da5a5
214ea5a5
214fa5a5
2150a5a5
2151a5a5
2152a5a5
2153a5a5
2154a5a5
2155a5a5
2156a5a5
2157a5a5
2158a5a5
2159a5a5
215aa5a5
215ba5a5
215ca5a5
215da5a5
215ea5a5
215fa5a5
2160a5a5
2161a5a5
2162a5a5
2163a5a5
2164a5a5
2165a5a5
2166a5a5
2167a5a5
2168a5a5
2169a5a5
216aa5a5
216ba5a5
216ca5a5
216da5a5
216ea5a5
216fa5a5
2170a5a5
2171a5a5
2172a5a5
2173a5a5
2174a5a5
2175a5a5
2176a5a5
2177a5a5
2178a5a5
2179a5a5
217aa5a5
217ba5a5
217ca5a5
217da5a5
217ea5a5
217fa5a5
2180a5a5
2181a5a5
2182a5a5
2183a5a5
2184a5a5
2185a5a5
2186a5a5
2187a5a5
2188a5a5
2189a5a5
218aa5a5
218ba5a5
218ca5a5
218da5a5
218ea5a5
218fa5a5
2190a5a5
2191a5a5
2192a5a5
2193a5a5
2194a5a5
2195a5a5
2196a5a5
2197a5a5
2198a5a5
2199a5a5
219aa5a5
219ba5a5
219ca5a5
219da5a5
219ea5a5
219fa5a5
21a0a5a5
21a1a5a5
21a2a5a5
21a3a5a5
21a4a5a5
21a5a5a5
21a6a5a5
21a7a5a5
21a8a5a5
21a9a5a5
21aaa5a5
21aba5a5
21aca5a5
21ada5a5
21aea5a5
21afa5a5
21b0a5a5
21b1a5a5
21b2a5a5
21b3a5a5
21b4a5a5
21b5a5a5
21b6a5a5
21b7a5a5
21b8a5a5
21b9a5a5
21baa5a5
21bba5a5
21bca5a5
21bda5a5
21bea5a5
21bfa5a5
21c0a5a5
21c1a5a5
21c2a5a5
21c3a5a5
21c4a5a5
21c5a5a5
21c6a5a5
21c7a5a5
21c8a5a5
21c9a5a5
21caa5a5
21cba5a5
21cca5a5
21cda5a5
21cea5a5
21cfa5a5
21d0a5a5
21d1a5a5
21d2a5a5
21d3a5a5
21d4a5a5
21d5a5a5
21d6a5a5
21d7a5a5
21d8a5a5
21d9a5a5
21daa5a5
21dba5a5
21dca5a5
21dda5a5
21dea5a5
21dfa5a5
21e0a5a5
21e1a5a5
21e2a5a5
21e3a5a5
21e4a5a5
21e5a5a5
21e6a5a5
21e7a5a5
21e8a5a5
21e9a5a5
21eaa5a5
21eba5a5
21eca5a5
21eda5a5
21eea5a5
21efa5a5
21f0a5a5
21f1a5a5
21f2a5a5
21f3a5a5
21f4a5a5
21f5a5a5
21f6a5a5
21f7a5a5
21f8a5a5
21f9a5a5
21faa5a5
21fba5a5
21fca5a5
21fda5a5
21fea5a5
21ffa5a5
2200a5a5
2201a5a5
2202a5a5
2203a5a5
2204a5a5
2205a5a5
2206a5a5
2207a5a5
2208a5a5
2209a5a5
220aa5a5
220ba5a5
220ca5a5
220da5a5
220ea5a5
220fa5a5
2210a5a5
2211a5a5
2212a5a5
2213a5a5
2214a5a5
2215a5a5
2216a5a5
2217a5a5
2218a5a5
2219a5a5
221aa5a5
221ba5a5
221ca5a5
221da5a5
221ea5a5
221fa5a5
2220a5a5
2221a5a5
2222a5a5
2223a5a5
2224a5a5
2225a5a5
2226a5a5
2227a5a5
2228a5a5
2229a5a5
222aa5a5
222ba5a5
222ca5a5
222da5a5
222ea5a5
222fa5a5
2230a5a5
2231a5a5
2232a5a5
2233a5a5
2234a5a5
2235a5a5
2236a5a5
2237a5a5
2238a5a5
2239a5a5
223aa5a5
223ba5a5
223ca5a5
223da5a5
223ea5a5
223fa5a5
2240a5a5
2241a5a5
2242a5a5
2243a5a5
2244a5a5
2245a5a5
2246a5a5
2247a5a5
2248a5a5
2249a5a5
224aa5a5
224ba5a5
224ca5a5
224da5a5
224ea5a5
224fa5a5
2250a5a5
2251a5a5
2252a5a5
2253a5a5
2254a5a5
2255a5a5
2256a5a5
2257a5a5
2258a5a5
2259a5a5
225aa5a5
225ba5a5
225ca5a5
225da5a5
225ea5a5
225fa5a5
2260a5a5
2261a5a5
2262a5a5
2263a5a5
2264a5a5
2265a5a5
2266a5a5
2267a5a5
2268a5a5
2269a5a5
226aa5a5
226ba5a5
226ca5a5
226da5a5
226ea5a5
226fa5a5
2270a5a5
2271a5a5
2272a5a5
2273a5a5
2274a5a5
2275a5a5
2276a5a5
2277a5a5
2278a5a5
2279a5a5
227aa5a5
227ba5a5
227ca5a5
227da5a5
227ea5a5
227fa5a5
2280a5a5
2281a5a5
2282a5a5
2283a5a5
2284a5a5
2285a5a5
2286a5a5
2287a5a5
2288a5a5
2289a5a5
228aa5a5
228ba5a5
228ca5a5
228da5a5
228ea5a5
228fa5a5
2290a5a5
2291a5a5
2292a5a5
2293a5a5
2294a5a5
2295a5a5
2296a5a5
2297a5a5
2298a5a5
2299a5a5
229aa5a5
229ba5a5
229ca5a5
229da5a5
229ea5a5
229fa5a5
22a0a5a5
22a1a5a5
22a2a5a5
22a3a5a5
22a4a5a5
22a5a5a5
22a6a5a5
22a7a5a5
22a8a5a5
22a9a5a5
22aaa5a5
22aba5a5
22aca5a5
22ada5a5
22aea5a5
22afa5a5
22b0a5a5
22b1a5a5
22b2a5a5
22b3a5a5
22b4a5a5
22b5a5a5
22b6a5a5
22b7a5a5
22b8a5a5
22b9a5a5
22baa5a5
22bba5a5
22bca5a5
22bda5a5
22bea5a5
22bfa5a5
22c0a5a5
22c1a5a5
22c2a5a5
22c3a5a5
22c4a5a5
22c5a5a5
22c6a5a5
22c7a5a5
22c8a5a5
22c9a5a5
22caa5a5
22cba5a5
22cca5a5
22cda5a5
22cea5a5
22cfa5a5
22d0a5a5
22d1a5a5
22d2a5a5
22d3a5a5
22d4a5a5
22d5a5a5
22d6a5a5
22d7a5a5
22d8a5a5
22d9a5a5
22daa5a5
22dba5a5
22dca5a5
22dda5a5
22dea5a5
22dfa5a5
22e0a5a5
22e1a5a5
22e2a5a5
22e3a5a5
22e4a5a5
22e5a5a5
22e6a5a5
22e7a5a5
22e8a5a5
22e9a5a5
22eaa5a5
22eba5a5
22eca5a5
22eda5a5
22eea5a5
22efa5a5
22f0a5a5
22f1a5a5
22f2a5a5
22f3a5a5
22f4a5a5
22f5a5a5
22f6a5a5
22f7a5a5
22f8a5a5
22f9a5a5
22faa5a5
22fba5a5
22fca5a5
22fda5a5
22fea5a5
22ffa5a5
2300a5a5
2301a5a5
2302a5a5
2303a5a5
2304a5a5
2305a5a5
2306a5a5
2307a5a5
2308a5a5
2309a5a5
230aa5a5
230ba5a5
230ca5a5
230da5a5
230ea5a5
230fa5a5
2310a5a5
2311a5a5
2312a5a5
2313a5a5
2314a5a5
2315a5a5
2316a5a5
2317a5a5
2318a5a5
2319a5a5
231aa5a5
231ba5a5
231ca5a5
231da5a5
231ea5a5
231fa5a5
2320a5a5
2321a5a5
2322a5a5
2323a5a5
2324a5a5
2325a5a5
2326a5a5
2327a5a5
2328a5a5
2329a5a5
232aa5a5
232ba5a5
232ca5a5
232da5a5
232ea5a5
232fa5a5
2330a5a5
2331a5a5
2332a5a5
2333a5a5
2334a5a5
2335a5a5
2336a5a5
2337a5a5
2338a5a5
2339a5a5
233aa5a5
233ba5a5
233ca5a5
233da5a5
233ea5a5
233fa5a5
2340a5a5
2341a5a5
2342a5a5
2343a5a5
2344a5a5
2345a5a5
2346a5a5
2347a5a5
2348a5a5
2349a5a5
234aa5a5
234ba5a5
234ca5a5
234da5a5
234ea5a5
234fa5a5
2350a5a5
2351a5a5
2352a5a5
2353a5a5
2354a5a5
2355a5a5
2356a5a5
2357a5a5
2358a5a5
2359a5a5
235aa5a5
235ba5a5
235ca5a5
235da5a5
235ea5a5
235fa5a5
2360a5a5
2361a5a5
2362a5a5
2363a5a5
2364a5a5
2365a5a5
2366a5a5
2367a5a5
2368a5a5
2369a5a5
236aa5a5
236ba5a5
236ca5a5
236da5a5
236ea5a5
236fa5a5
2370a5a5
2371a5a5
2372a5a5
2373a5a5
2374a5a5
2375a5a5
2376a5a5
2377a5a5
2378a5a5
2379a5a5
237aa5a5
237ba5a5
237ca5a5
237da5a5
237ea5a5
237fa5a5
2380a5a5
2381a5a5
2382a5a5
2383a5a5
2384a5a5
2385a5a5
2386a5a5
2387a5a5
2388a5a5
2389a5a5
238aa5a5
238ba5a5
238ca5a5
238da5a5
238ea5a5
238fa5a5
2390a5a5
2391a5a5
2392a5a5
2393a5a5
2394a5a5
2395a5a5
2396a5a5
2397a5a5
2398a5a5
2399a5a5
239aa5a5
239ba5a5
239ca5a5
239da5a5
239ea5a5
239fa5a5
23a0a5a5
23a1a5a5
23a2a5a5
23a3a5a5
23a4a5a5
23a5a5a5
23a6a5a5
23a7a5a5
23a8a5a5
23a9a5a5
23aaa5a5
23aba5a5
23aca5a5
23ada5a5
23aea5a5
23afa5a5
23b0a5a5
23b1a5a5
23b2a5a5
23b3a5a5
23b4a5a5
23b5a5a5
23b6a5a5
23b7a5a5
23b8a5a5
23b9a5a5
23baa5a5
23bba5a5
23bca5a5
23bda5a5
23bea5a5
23bfa5a5
23c0a5a5
23c1a5a5
23c2a5a5
23c3a5a5
23c4a5a5
23c5a5a5
23c6a5a5
23c7a5a5
23c8a5a5
23c9a5a5
23caa5a5
23cba5a5
23cca5a5
23cda5a5
23cea5a5
23cfa5a5
23d0a5a5
23d1a5a5
23d2a5a5
23d3a5a5
23d4a5a5
23d5a5a5
23d6a5a5
23d7a5a5
23d8a5a5
23d9a5a5
23daa5a5
23dba5a5
23dca5a5
23dda5a5
23dea5a5
23dfa5a5
23e0a5a5
23e1a5a5
23e2a5a5
23e3a5a5
23e4a5a5
23e5a5a5
23e6a5a5
23e7a5a5
23e8a5a5
23e9a5a5
23eaa5a5
23eba5a5
23eca5a5
23eda5a5
23eea5a5
23efa5a5
23f0a5a5
23f1a5a5
23f2a5a5
23f3a5a5
23f4a5a5
23f5a5a5
23f6a5a5
23f7a5a5
23f8a5a5
23f9a5a5
23faa5a5
23fba5a5
23fca5a5
23fda5a5
23fea5a5
23ffa5a5
2400a5a5
2401a5a5
2402a5a5
2403a5a5
2404a5a5
2405a5a5
2406a5a5
2407a5a5
2408a5a5
2409a5a5
240aa5a5
240ba5a5
240ca5a5
240da5a5
240ea5a5
240fa5a5
2410a5a5
2411a5a5
2412a5a5
2413a5a5
2414a5a5
2415a5a5
2416a5a5
2417a5a5
2418a5a5
2419a5a5
241aa5a5
241ba5a5
241ca5a5
241da5a5
241ea5a5
241fa5a5
2420a5a5
2421a5a5
2422a5a5
2423a5a5
2424a5a5
2425a5a5
2426a5a5
2427a5a5
2428a5a5
2429a5a5
242aa5a5
242ba5a5
242ca5a5
242da5a5
242ea5a5
242fa5a5
2430a5a5
2431a5a5
2432a5a5
2433a5a5
2434a5a5
2435a5a5
2436a5a5
2437a5a5
2438a5a5
2439a5a5
243aa5a5
243ba5a5
243ca5a5
243da5a5
243ea5a5
243fa5a5
2440a5a5
2441a5a5
2442a5a5
2443a5a5
2444a5a5
2445a5a5
2446a5a5
2447a5a5
2448a5a5
2449a5a5
244aa5a5
244ba5a5
244ca5a5
244da5a5
244ea5a5
244fa5a5
2450a5a5
2451a5a5
2452a5a5
2453a5a5
2454a5a5
2455a5a5
2456a5a5
2457a5a5
2458a5a5
2459a5a5
245aa5a5
245ba5a5
245ca5a5
245da5a5
245ea5a5
245fa5a5
2460a5a5
2461a5a5
2462a5a5
2463a5a5
2464a5a5
2465a5a5
2466a5a5
2467a5a5
2468a5a5
2469a5a5
246aa5a5
246ba5a5
246ca5a5
246da5a5
246ea5a5
246fa5a5
2470a5a5
2471a5a5
2472a5a5
2473a5a5
2474a5a5
2475a5a5
2476a5a5
2477a5a5
2478a5a5
2479a5a5
247aa5a5
247ba5a5
247ca5a5
247da5a5
247ea5a5
247fa5a5
2480a5a5
2481a5a5
2482a5a5
2483a5a5
2484a5a5
2485a5a5
2486a5a5
2487a5a5
2488a5a5
2489a5a5
248aa5a5
248ba5a5
248ca5a5
248da5a5
248ea5a5
248fa5a5
2490a5a5
2491a5a5
2492a5a5
2493a5a5
2494a5a5
2495a5a5
2496a5a5
2497a5a5
2498a5a5
2499a5a5
249aa5a5
249ba5a5
249ca5a5
249da5a5
249ea5a5
249fa5a5
24a0a5a5
24a1a5a5
24a2a5a5
24a3a5a5
24a4a5a5
24a5a5a5
24a6a5a5
24a7a5a5
24a8a5a5
24a9a5a5
24aaa5a5
24aba5a5
24aca5a5
24ada5a5
24aea5a5
24afa5a5
24b0a5a5
24b1a5a5
24b2a5a5
24b3a5a5
24b4a5a5
24b5a5a5
24b6a5a5
24b7a5a5
24b8a5a5
24b9a5a5
24baa5a5
24bba5a5
24bca5a5
24bda5a5
24bea5a5
24bfa5a5
24c0a5a5
24c1a5a5
24c2a5a5
24c3a5a5
24c4a5a5
24c5a5a5
24c6a5a5
24c7a5a5
24c8a5a5
24c9a5a5
24caa5a5
24cba5a5
24cca5a5
24cda5a5
24cea5a5
24cfa5a5
24d0a5a5
24d1a5a5
24d2a5a5
24d3a5a5
24d4a5a5
24d5a5a5
24d6a5a5
24d7a5a5
24d8a5a5
24d9a5a5
24daa5a5
24dba5a5
24dca5a5
24dda5a5
24dea5a5
24dfa5a5
24e0a5a5
24e1a5a5
24e2a5a5
24e3a5a5
24e4a5a5
24e5a5a5
24e6a5a5
24e7a5a5
24e8a5a5
24e9a5a5
24eaa5a5
24eba5a5
24eca5a5
24eda5a5
24eea5a5
24efa5a5
24f0a5a5
24f1a5a5
24f2a5a5
24f3a5a5
24f4a5a5
24f5a5a5
24f6a5a5
24f7a5a5
24f8a5a5
24f9a5a5
24faa5a5
24fba5a5
24fca5a5
24fda5a5
24fea5a5
24ffa5a5
2500a5a5
2501a5a5
2502a5a5
2503a5a5
2504a5a5
2505a5a5
2506a5a5
2507a5a5
2508a5a5
2509a5a5
250aa5a5
250ba5a5
250ca5a5
250da5a5
250ea5a5
250fa5a5
2510a5a5
2511a5a5
2512a5a5
2513a5a5
2514a5a5
2515a5a5
2516a5a5
2517a5a5
2518a5a5
2519a5a5
251aa5a5
251ba5a5
251ca5a5
251da5a5
251ea5a5
251fa5a5
2520a5a5
2521a5a5
2522a5a5
2523a5a5
2524a5a5
2525a5a5
2526a5a5
2527a5a5
2528a5a5
2529a5a5
252aa5a5
252ba5a5
252ca5a5
252da5a5
252ea5a5
252fa5a5
2530a5a5
2531a5a5
2532a5a5
2533a5a5
2534a5a5
2535a5a5
2536a5a5
2537a5a5
2538a5a5
2539a5a5
253aa5a5
253ba5a5
253ca5a5
253da5a5
253ea5a5
253fa5a5
2540a5a5
2541a5a5
2542a5a5
2543a5a5
2544a5a5
2545a5a5
2546a5a5
2547a5a5
2548a5a5
2549a5a5
254aa5a5
254ba5a5
254ca5a5
254da5a5
254ea5a5
254fa5a5
2550a5a5
2551a5a5
2552a5a5
2553a5a5
2554a5a5
2555a5a5
2556a5a5
2557a5a5
2558a5a5
2559a5a5
255aa5a5
255ba5a5
255ca5a5
255da5a5
255ea5a5
255fa5a5
2560a5a5
2561a5a5
2562a5a5
2563a5a5
2564a5a5
2565a5a5
2566a5a5
2567a5a5
2568a5a5
2569a5a5
256aa5a5
256ba5a5
256ca5a5
256da5a5
256ea5a5
256fa5a5
2570a5a5
2571a5a5
2572a5a5
2573a5a5
2574a5a5
2575a5a5
2576a5a5
2577a5a5
2578a5a5
2579a5a5
257aa5a5
257ba5a5
257ca5a5
257da5a5
257ea5a5
257fa5a5
2580a5a5
2581a5a5
2582a5a5
2583a5a5
2584a5a5
2585a5a5
2586a5a5
2587a5a5
2588a5a5
2589a5a5
258aa5a5
258ba5a5
258ca5a5
258da5a5
258ea5a5
258fa5a5
2590a5a5
2591a5a5
2592a5a5
2593a5a5
2594a5a5
2595a5a5
2596a5a5
2597a5a5
2598a5a5
2599a5a5
259aa5a5
259ba5a5
259ca5a5
259da5a5
259ea5a5
259fa5a5
25a0a5a5
25a1a5a5
25a2a5a5
25a3a5a5
25a4a5a5
25a5a5a5
25a6a5a5
25a7a5a5
25a8a5a5
25a9a5a5
25aaa5a5
25aba5a5
25aca5a5
25ada5a5
25aea5a5
25afa5a5
25b0a5a5
25b1a5a5
25b2a5a5
25b3a5a5
25b4a5a5
25b5a5a5
25b6a5a5
25b7a5a5
25b8a5a5
25b9a5a5
25baa5a5
25bba5a5
25bca5a5
25bda5a5
25bea5a5
25bfa5a5
25c0a5a5
25c1a5a5
25c2a5a5
25c3a5a5
25c4a5a5
25c5a5a5
25c6a5a5
25c7a5a5
25c8a5a5
25c9a5a5
25caa5a5
25cba5a5
25cca5a5
25cda5a5
25cea5a5
25cfa5a5
25d0a5a5
25d1a5a5
25d2a5a5
25d3a5a5
25d4a5a5
25d5a5a5
25d6a5a5
25d7a5a5
25d8a5a5
25d9a5a5
25daa5a5
25dba5a5
25dca5a5
25dda5a5
25dea5a5
25dfa5a5
25e0a5a5
25e1a5a5
25e2a5a5
25e3a5a5
25e4a5a5
25e5a5a5
25e6a5a5
25e7a5a5
25e8a5a5
25e9a5a5
25eaa5a5
25eba5a5
25eca5a5
25eda5a5
25eea5a5
25efa5a5
25f0a5a5
25f1a5a5
25f2a5a5
25f3a5a5
25f4a5a5
25f5a5a5
25f6a5a5
25f7a5a5
25f8a5a5
25f9a5a5
25faa5a5
25fba5a5
25fca5a5
25fda5a5
25fea5a5
25ffa5a5
2600a5a5
2601a5a5
2602a5a5
2603a5a5
2604a5a5
2605a5a5
2606a5a5
2607a5a5
2608a5a5
2609a5a5
260aa5a5
260ba5a5
260ca5a5
260da5a5
260ea5a5
260fa5a5
2610a5a5
2611a5a5
2612a5a5
2613a5a5
2614a5a5
2615a5a5
2616a5a5
2617a5a5
2618a5a5
2619a5a5
261aa5a5
261ba5a5
261ca5a5
261da5a5
261ea5a5
261fa5a5
2620a5a5
2621a5a5
2622a5a5
2623a5a5
2624a5a5
2625a5a5
2626a5a5
2627a5a5
2628a5a5
2629a5a5
262aa5a5
262ba5a5
262ca5a5
262da5a5
262ea5a5
262fa5a5
2630a5a5
2631a5a5
2632a5a5
2633a5a5
2634a5a5
2635a5a5
2636a5a5
2637a5a5
2638a5a5
2639a5a5
263aa5a5
263ba5a5
263ca5a5
263da5a5
263ea5a5
263fa5a5
2640a5a5
2641a5a5
2642a5a5
2643a5a5
2644a5a5
2645a5a5
2646a5a5
2647a5a5
2648a5a5
2649a5a5
264aa5a5
264ba5a5
264ca5a5
264da5a5
264ea5a5
264fa5a5
2650a5a5
2651a5a5
2652a5a5
2653a5a5
2654a5a5
2655a5a5
2656a5a5
2657a5a5
2658a5a5
2659a5a5
265aa5a5
265ba5a5
265ca5a5
265da5a5
265ea5a5
265fa5a5
2660a5a5
2661a5a5
2662a5a5
2663a5a5
2664a5a5
2665a5a5
2666a5a5
2667a5a5
2668a5a5
2669a5a5
266aa5a5
266ba5a5
266ca5a5
266da5a5
266ea5a5
266fa5a5
2670a5a5
2671a5a5
2672a5a5
2673a5a5
2674a5a5
2675a5a5
2676a5a5
2677a5a5
2678a5a5
2679a5a5
267aa5a5
267ba5a5
267ca5a5
267da5a5
267ea5a5
267fa5a5
2680a5a5
2681a5a5
2682a5a5
2683a5a5
2684a5a5
2685a5a5
2686a5a5
2687a5a5
2688a5a5
2689a5a5
268aa5a5
268ba5a5
268ca5a5
268da5a5
268ea5a5
268fa5a5
2690a5a5
2691a5a5
2692a5a5
2693a5a5
2694a5a5
2695a5a5
2696a5a5
2697a5a5
2698a5a5
2699a5a5
269aa5a5
269ba5a5
269ca5a5
269da5a5
269ea5a5
269fa5a5
26a0a5a5
26a1a5a5
26a2a5a5
26a3a5a5
26a4a5a5
26a5a5a5
26a6a5a5
26a7a5a5
26a8a5a5
26a9a5a5
26aaa5a5
26aba5a5
26aca5a5
26ada5a5
26aea5a5
26afa5a5
26b0a5a5
26b1a5a5
26b2a5a5
26b3a5a5
26b4a5a5
26b5a5a5
26b6a5a5
26b7a5a5
26b8a5a5
26b9a5a5
26baa5a5
26bba5a5
26bca5a5
26bda5a5
26bea5a5
26bfa5a5
26c0a5a5
26c1a5a5
26c2a5a5
26c3a5a5
26c4a5a5
26c5a5a5
26c6a5a5
26c7a5a5
26c8a5a5
26c9a5a5
26caa5a5
26cba5a5
26cca5a5
26cda5a5
26cea5a5
26cfa5a5
26d0a5a5
26d1a5a5
26d2a5a5
26d3a5a5
26d4a5a5
26d5a5a5
26d6a5a5
26d7a5a5
26d8a5a5
26d9a5a5
26daa5a5
26dba5a5
26dca5a5
26dda5a5
26dea5a5
26dfa5a5
26e0a5a5
26e1a5a5
26e2a5a5
26e3a5a5
26e4a5a5
26e5a5a5
26e6a5a5
26e7a5a5
26e8a5a5
26e9a5a5
26eaa5a5
26eba5a5
26eca5a5
26eda5a5
26eea5a5
26efa5a5
26f0a5a5
26f1a5a5
26f2a5a5
26f3a5a5
26f4a5a5
26f5a5a5
26f6a5a5
26f7a5a5
26f8a5a5
26f9a5a5
26faa5a5
26fba5a5
26fca5a5
26fda5a5
26fea5a5
26ffa5a5
2700a5a5
2701a5a5
2702a5a5
2703a5a5
2704a5a5
2705a5a5
2706a5a5
2707a5a5
2708a5a5
2709a5a5
270aa5a5
270ba5a5
270ca5a5
270da5a5
270ea5a5
270fa5a5
2710a5a5
2711a5a5
2712a5a5
2713a5a5
2714a5a5
2715a5a5
2716a5a5
2717a5a5
2718a5a5
2719a5a5
271aa5a5
271ba5a5
271ca5a5
271da5a5
271ea5a5
271fa5a5
2720a5a5
2721a5a5
2722a5a5
2723a5a5
2724a5a5
2725a5a5
2726a5a5
2727a5a5
2728a5a5
2729a5a5
272aa5a5
272ba5a5
272ca5a5
272da5a5
272ea5a5
272fa5a5
2730a5a5
2731a5a5
2732a5a5
2733a5a5
2734a5a5
2735a5a5
2736a5a5
2737a5a5
2738a5a5
2739a5a5
273aa5a5
273ba5a5
273ca5a5
273da5a5
273ea5a5
273fa5a5
2740a5a5
2741a5a5
2742a5a5
2743a5a5
2744a5a5
2745a5a5
2746a5a5
2747a5a5
2748a5a5
2749a5a5
274aa5a5
274ba5a5
274ca5a5
274da5a5
274ea5a5
274fa5a5
2750a5a5
2751a5a5
2752a5a5
2753a5a5
2754a5a5
2755a5a5
2756a5a5
2757a5a5
2758a5a5
2759a5a5
275aa5a5
275ba5a5
275ca5a5
275da5a5
275ea5a5
275fa5a5
2760a5a5
2761a5a5
2762a5a5
2763a5a5
2764a5a5
2765a5a5
2766a5a5
2767a5a5
2768a5a5
2769a5a5
276aa5a5
276ba5a5
276ca5a5
276da5a5
276ea5a5
276fa5a5
2770a5a5
2771a5a5
2772a5a5
2773a5a5
2774a5a5
2775a5a5
2776a5a5
2777a5a5
2778a5a5
2779a5a5
277aa5a5
277ba5a5
277ca5a5
277da5a5
277ea5a5
277fa5a5
2780a5a5
2781a5a5
2782a5a5
2783a5a5
2784a5a5
2785a5a5
2786a5a5
2787a5a5
2788a5a5
2789a5a5
278aa5a5
278ba5a5
278ca5a5
278da5a5
278ea5a5
278fa5a5
2790a5a5
2791a5a5
2792a5a5
2793a5a5
2794a5a5
2795a5a5
2796a5a5
2797a5a5
2798a5a5
2799a5a5
279aa5a5
279ba5a5
279ca5a5
279da5a5
279ea5a5
279fa5a5
27a0a5a5
27a1a5a5
27a2a5a5
27a3a5a5
27a4a5a5
27a5a5a5
27a6a5a5
27a7a5a5
27a8a5a5
27a9a5a5
27aaa5a5
27aba5a5
27aca5a5
27ada5a5
27aea5a5
27afa5a5
27b0a5a5
27b1a5a5
27b2a5a5
27b3a5a5
27b4a5a5
27b5a5a5
27b6a5a5
27b7a5a5
27b8a5a5
27b9a5a5
27baa5a5
27bba5a5
27bca5a5
27bda5a5
27bea5a5
27bfa5a5
27c0a5a5
27c1a5a5
27c2a5a5
27c3a5a5
27c4a5a5
27c5a5a5
27c6a5a5
27c7a5a5
27c8a5a5
27c9a5a5
27caa5a5
27cba5a5
27cca5a5
27cda5a5
27cea5a5
27cfa5a5
27d0a5a5
27d1a5a5
27d2a5a5
27d3a5a5
27d4a5a5
27d5a5a5
27d6a5a5
27d7a5a5
27d8a5a5
27d9a5a5
27daa5a5
27dba5a5
27dca5a5
27dda5a5
27dea5a5
27dfa5a5
27e0a5a5
27e1a5a5
27e2a5a5
27e3a5a5
27e4a5a5
27e5a5a5
27e6a5a5
27e7a5a5
27e8a5a5
27e9a5a5
27eaa5a5
27eba5a5
27eca5a5
27eda5a5
27eea5a5
27efa5a5
27f0a5a5
27f1a5a5
27f2a5a5
27f3a5a5
27f4a5a5
27f5a5a5
27f6a5a5
27f7a5a5
27f8a5a5
27f9a5a5
27faa5a5
27fba5a5
27fca5a5
27fda5a5
27fea5a5
27ffa5a5
2800a5a5
2801a5a5
2802a5a5
2803a5a5
2804a5a5
2805a5a5
2806a5a5
2807a5a5
2808a5a5
2809a5a5
280aa5a5
280ba5a5
280ca5a5
280da5a5
280ea5a5
280fa5a5
2810a5a5
2811a5a5
2812a5a5
2813a5a5
2814a5a5
2815a5a5
2816a5a5
2817a5a5
2818a5a5
2819a5a5
281aa5a5
281ba5a5
281ca5a5
281da5a5
281ea5a5
281fa5a5
2820a5a5
2821a5a5
2822a5a5
2823a5a5
2824a5a5
2825a5a5
2826a5a5
2827a5a5
2828a5a5
2829a5a5
282aa5a5
282ba5a5
282ca5a5
282da5a5
282ea5a5
282fa5a5
2830a5a5
2831a5a5
2832a5a5
2833a5a5
2834a5a5
2835a5a5
2836a5a5
2837a5a5
2838a5a5
2839a5a5
283aa5a5
283ba5a5
283ca5a5
283da5a5
283ea5a5
283fa5a5
2840a5a5
2841a5a5
2842a5a5
2843a5a5
2844a5a5
2845a5a5
2846a5a5
2847a5a5
2848a5a5
2849a5a5
284aa5a5
284ba5a5
284ca5a5
284da5a5
284ea5a5
284fa5a5
2850a5a5
2851a5a5
2852a5a5
2853a5a5
2854a5a5
2855a5a5
2856a5a5
2857a5a5
2858a5a5
2859a5a5
285aa5a5
285ba5a5
285ca5a5
285da5a5
285ea5a5
285fa5a5
2860a5a5
2861a5a5
2862a5a5
2863a5a5
2864a5a5
2865a5a5
2866a5a5
2867a5a5
2868a5a5
2869a5a5
286aa5a5
286ba5a5
286ca5a5
286da5a5
286ea5a5
286fa5a5
2870a5a5
2871a5a5
2872a5a5
2873a5a5
2874a5a5
2875a5a5
2876a5a5
2877a5a5
2878a5a5
2879a5a5
287aa5a5
287ba5a5
287ca5a5
287da5a5
287ea5a5
287fa5a5
2880a5a5
2881a5a5
2882a5a5
2883a5a5
2884a5a5
2885a5a5
2886a5a5
2887a5a5
2888a5a5
2889a5a5
288aa5a5
288ba5a5
288ca5a5
288da5a5
288ea5a5
288fa5a5
2890a5a5
2891a5a5
2892a5a5
2893a5a5
2894a5a5
2895a5a5
2896a5a5
2897a5a5
2898a5a5
2899a5a5
289aa5a5
289ba5a5
289ca5a5
289da5a5
289ea5a5
289fa5a5
28a0a5a5
28a1a5a5
28a2a5a5
28a3a5a5
28a4a5a5
28a5a5a5
28a6a5a5
28a7a5a5
28a8a5a5
28a9a5a5
28aaa5a5
28aba5a5
28aca5a5
28ada5a5
28aea5a5
28afa5a5
28b0a5a5
28b1a5a5
28b2a5a5
28b3a5a5
28b4a5a5
28b5a5a5
28b6a5a5
28b7a5a5
28b8a5a5
28b9a5a5
28baa5a5
28bba5a5
28bca5a5
28bda5a5
28bea5a5
28bfa5a5
28c0a5a5
28c1a5a5
28c2a5a5
28c3a5a5
28c4a5a5
28c5a5a5
28c6a5a5
28c7a5a5
28c8a5a5
28c9a5a5
28caa5a5
28cba5a5
28cca5a5
28cda5a5
28cea5a5
28cfa5a5
28d0a5a5
28d1a5a5
28d2a5a5
28d3a5a5
28d4a5a5
28d5a5a5
28d6a5a5
28d7a5a5
28d8a5a5
28d9a5a5
28daa5a5
28dba5a5
28dca5a5
28dda5a5
28dea5a5
28dfa5a5
28e0a5a5
28e1a5a5
28e2a5a5
28e3a5a5
28e4a5a5
28e5a5a5
28e6a5a5
28e7a5a5
28e8a5a5
28e9a5a5
28eaa5a5
28eba5a5
28eca5a5
28eda5a5
28eea5a5
28efa5a5
28f0a5a5
28f1a5a5
28f2a5a5
28f3a5a5
28f4a5a5
28f5a5a5
28f6a5a5
28f7a5a5
28f8a5a5
28f9a5a5
28faa5a5
28fba5a5
28fca5a5
28fda5a5
28fea5a5
28ffa5a5
2900a5a5
2901a5a5
2902a5a5
2903a5a5
2904a5a5
2905a5a5
2906a5a5
2907a5a5
2908a5a5
2909a5a5
290aa5a5
290ba5a5
290ca5a5
290da5a5
290ea5a5
290fa5a5
2910a5a5
2911a5a5
2912a5a5
2913a5a5
2914a5a5
2915a5a5
2916a5a5
2917a5a5
2918a5a5
2919a5a5
291aa5a5
291ba5a5
291ca5a5
291da5a5
291ea5a5
291fa5a5
2920a5a5
2921a5a5
2922a5a5
2923a5a5
2924a5a5
2925a5a5
2926a5a5
2927a5a5
2928a5a5
2929a5a5
292aa5a5
292ba5a5
292ca5a5
292da5a5
292ea5a5
292fa5a5
2930a5a5
2931a5a5
2932a5a5
2933a5a5
2934a5a5
2935a5a5
2936a5a5
2937a5a5
2938a5a5
2939a5a5
293aa5a5
293ba5a5
293ca5a5
293da5a5
293ea5a5
293fa5a5
2940a5a5
2941a5a5
2942a5a5
2943a5a5
2944a5a5
2945a5a5
2946a5a5
2947a5a5
2948a5a5
2949a5a5
294aa5a5
294ba5a5
294ca5a5
294da5a5
294ea5a5
294fa5a5
2950a5a5
2951a5a5
2952a5a5
2953a5a5
2954a5a5
2955a5a5
2956a5a5
2957a5a5
2958a5a5
2959a5a5
295aa5a5
295ba5a5
295ca5a5
295da5a5
295ea5a5
295fa5a5
2960a5a5
2961a5a5
2962a5a5
2963a5a5
2964a5a5
2965a5a5
2966a5a5
2967a5a5
2968a5a5
2969a5a5
296aa5a5
296ba5a5
296ca5a5
296da5a5
296ea5a5
296fa5a5
2970a5a5
2971a5a5
2972a5a5
2973a5a5
2974a5a5
2975a5a5
2976a5a5
2977a5a5
2978a5a5
2979a5a5
297aa5a5
297ba5a5
297ca5a5
297da5a5
297ea5a5
297fa5a5
2980a5a5
2981a5a5
2982a5a5
2983a5a5
2984a5a5
2985a5a5
2986a5a5
2987a5a5
2988a5a5
2989a5a5
298aa5a5
298ba5a5
298ca5a5
298da5a5
298ea5a5
298fa5a5
2990a5a5
2991a5a5
2992a5a5
2993a5a5
2994a5a5
2995a5a5
2996a5a5
2997a5a5
2998a5a5
2999a5a5
299aa5a5
299ba5a5
299ca5a5
299da5a5
299ea5a5
299fa5a5
29a0a5a5
29a1a5a5
29a2a5a5
29a3a5a5
29a4a5a5
29a5a5a5
29a6a5a5
29a7a5a5
29a8a5a5
29a9a5a5
29aaa5a5
29aba5a5
29aca5a5
29ada5a5
29aea5a5
29afa5a5
29b0a5a5
29b1a5a5
29b2a5a5
29b3a5a5
29b4a5a5
29b5a5a5
29b6a5a5
29b7a5a5
29b8a5a5
29b9a5a5
29baa5a5
29bba5a5
29bca5a5
29bda5a5
29bea5a5
29bfa5a5
29c0a5a5
29c1a5a5
29c2a5a5
29c3a5a5
29c4a5a5
29c5a5a5
29c6a5a5
29c7a5a5
29c8a5a5
29c9a5a5
29caa5a5
29cba5a5
29cca5a5
29cda5a5
29cea5a5
29cfa5a5
29d0a5a5
29d1a5a5
29d2a5a5
29d3a5a5
29d4a5a5
29d5a5a5
29d6a5a5
29d7a5a5
29d8a5a5
29d9a5a5
29daa5a5
29dba5a5
29dca5a5
29dda5a5
29dea5a5
29dfa5a5
29e0a5a5
29e1a5a5
29e2a5a5
29e3a5a5
29e4a5a5
29e5a5a5
29e6a5a5
29e7a5a5
29e8a5a5
29e9a5a5
29eaa5a5
29eba5a5
29eca5a5
29eda5a5
29eea5a5
29efa5a5
29f0a5a5
29f1a5a5
29f2a5a5
29f3a5a5
29f4a5a5
29f5a5a5
29f6a5a5
29f7a5a5
29f8a5a5
29f9a5a5
29faa5a5
29fba5a5
29fca5a5
29fda5a5
29fea5a5
29ffa5a5
2a00a5a5
2a01a5a5
2a02a5a5
2a03a5a5
2a04a5a5
2a05a5a5
2a06a5a5
2a07a5a5
2a08a5a5
2a09a5a5
2a0aa5a5
2a0ba5a5
2a0ca5a5
2a0da5a5
2a0ea5a5
2a0fa5a5
2a10a5a5
2a11a5a5
2a12a5a5
2a13a5a5
2a14a5a5
2a15a5a5
2a16a5a5
2a17a5a5
2a18a5a5
2a19a5a5
2a1aa5a5
2a1ba5a5
2a1ca5a5
2a1da5a5
2a1ea5a5
2a1fa5a5
2a20a5a5
2a21a5a5
2a22a5a5
2a23a5a5
2a24a5a5
2a25a5a5
2a26a5a5
2a27a5a5
2a28a5a5
2a29a5a5
2a2aa5a5
2a2ba5a5
2a2ca5a5
2a2da5a5
2a2ea5a5
2a2fa5a5
2a30a5a5
2a31a5a5
2a32a5a5
2a33a5a5
2a34a5a5
2a35a5a5
2a36a5a5
2a37a5a5
2a38a5a5
2a39a5a5
2a3aa5a5
2a3ba5a5
2a3ca5a5
2a3da5a5
2a3ea5a5
2a3fa5a5
2a40a5a5
2a41a5a5
2a42a5a5
2a43a5a5
2a44a5a5
2a45a5a5
2a46a5a5
2a47a5a5
2a48a5a5
2a49a5a5
2a4aa5a5
2a4ba5a5
2a4ca5a5
2a4da5a5
2a4ea5a5
2a4fa5a5
2a50a5a5
2a51a5a5
2a52a5a5
2a53a5a5
2a54a5a5
2a55a5a5
2a56a5a5
2a57a5a5
2a58a5a5
2a59a5a5
2a5aa5a5
2a5ba5a5
2a5ca5a5
2a5da5a5
2a5ea5a5
2a5fa5a5
2a60a5a5
2a61a5a5
2a62a5a5
2a63a5a5
2a64a5a5
2a65a5a5
2a66a5a5
2a67a5a5
2a68a5a5
2a69a5a5
2a6aa5a5
2a6ba5a5
2a6ca5a5
2a6da5a5
2a6ea5a5
2a6fa5a5
2a70a5a5
2a71a5a5
2a72a5a5
2a73a5a5
2a74a5a5
2a75a5a5
2a76a5a5
2a77a5a5
2a78a5a5
2a79a5a5
2a7aa5a5
2a7ba5a5
2a7ca5a5
2a7da5a5
2a7ea5a5
2a7fa5a5
2a80a5a5
2a81a5a5
2a82a5a5
2a83a5a5
2a84a5a5
2a85a5a5
2a86a5a5
2a87a5a5
2a88a5a5
2a89a5a5
2a8aa5a5
2a8ba5a5
2a8ca5a5
2a8da5a5
2a8ea5a5
2a8fa5a5
2a90a5a5
2a91a5a5
2a92a5a5
2a93a5a5
2a94a5a5
2a95a5a5
2a96a5a5
2a97a5a5
2a98a5a5
2a99a5a5
2a9aa5a5
2a9ba5a5
2a9ca5a5
2a9da5a5
2a9ea5a5
2a9fa5a5
2aa0a5a5
2aa1a5a5
2aa2a5a5
2aa3a5a5
2aa4a5a5
2aa5a5a5
2aa6a5a5
2aa7a5a5
2aa8a5a5
2aa9a5a5
2aaaa5a5
2aaba5a5
2aaca5a5
2aada5a5
2aaea5a5
2aafa5a5
2ab0a5a5
2ab1a5a5
2ab2a5a5
2ab3a5a5
2ab4a5a5
2ab5a5a5
2ab6a5a5
2ab7a5a5
2ab8a5a5
2ab9a5a5
2abaa5a5
2abba5a5
2abca5a5
2abda5a5
2abea5a5
2abfa5a5
2ac0a5a5
2ac1a5a5
2ac2a5a5
2ac3a5a5
2ac4a5a5
2ac5a5a5
2ac6a5a5
2ac7a5a5
2ac8a5a5
2ac9a5a5
2acaa5a5
2acba5a5
2acca5a5
2acda5a5
2acea5a5
2acfa5a5
2ad0a5a5
2ad1a5a5
2ad2a5a5
2ad3a5a5
2ad4a5a5
2ad5a5a5
2ad6a5a5
2ad7a5a5
2ad8a5a5
2ad9a5a5
2adaa5a5
2adba5a5
2adca5a5
2adda5a5
2adea5a5
2adfa5a5
2ae0a5a5
2ae1a5a5
2ae2a5a5
2ae3a5a5
2ae4a5a5
2ae5a5a5
2ae6a5a5
2ae7a5a5
2ae8a5a5
2ae9a5a5
2aeaa5a5
2aeba5a5
2aeca5a5
2aeda5a5
2aeea5a5
2aefa5a5
2af0a5a5
2af1a5a5
2af2a5a5
2af3a5a5
2af4a5a5
2af5a5a5
2af6a5a5
2af7a5a5
2af8a5a5
2af9a5a5
2afaa5a5
2afba5a5
2afca5a5
2afda5a5
2afea5a5
2affa5a5
2b00a5a5
2b01a5a5
2b02a5a5
2b03a5a5
2b04a5a5
2b05a5a5
2b06a5a5
2b07a5a5
2b08a5a5
2b09a5a5
2b0aa5a5
2b0ba5a5
2b0ca5a5
2b0da5a5
2b0ea5a5
2b0fa5a5
2b10a5a5
2b11a5a5
2b12a5a5
2b13a5a5
2b14a5a5
2b15a5a5
2b16a5a5
2b17a5a5
2b18a5a5
2b19a5a5
2b1aa5a5
2b1ba5a5
2b1ca5a5
2b1da5a5
2b1ea5a5
2b1fa5a5
2b20a5a5
2b21a5a5
2b22a5a5
2b23a5a5
2b24a5a5
2b25a5a5
2b26a5a5
2b27a5a5
2b28a5a5
2b29a5a5
2b2aa5a5
2b2ba5a5
2b2ca5a5
2b2da5a5
2b2ea5a5
2b2fa5a5
2b30a5a5
2b31a5a5
2b32a5a5
2b33a5a5
2b34a5a5
2b35a5a5
2b36a5a5
2b37a5a5
2b38a5a5
2b39a5a5
2b3aa5a5
2b3ba5a5
2b3ca5a5
2b3da5a5
2b3ea5a5
2b3fa5a5
2b40a5a5
2b41a5a5
2b42a5a5
2b43a5a5
2b44a5a5
2b45a5a5
2b46a5a5
2b47a5a5
2b48a5a5
2b49a5a5
2b4aa5a5
2b4ba5a5
2b4ca5a5
2b4da5a5
2b4ea5a5
2b4fa5a5
2b50a5a5
2b51a5a5
2b52a5a5
2b53a5a5
2b54a5a5
2b55a5a5
2b56a5a5
2b57a5a5
2b58a5a5
2b59a5a5
2b5aa5a5
2b5ba5a5
2b5ca5a5
2b5da5a5
2b5ea5a5
2b5fa5a5
2b60a5a5
2b61a5a5
2b62a5a5
2b63a5a5
2b64a5a5
2b65a5a5
2b66a5a5
2b67a5a5
2b68a5a5
2b69a5a5
2b6aa5a5
2b6ba5a5
2b6ca5a5
2b6da5a5
2b6ea5a5
2b6fa5a5
2b70a5a5
2b71a5a5
2b72a5a5
2b73a5a5
2b74a5a5
2b75a5a5
2b76a5a5
2b77a5a5
2b78a5a5
2b79a5a5
2b7aa5a5
2b7ba5a5
2b7ca5a5
2b7da5a5
2b7ea5a5
2b7fa5a5
2b80a5a5
2b81a5a5
2b82a5a5
2b83a5a5
2b84a5a5
2b85a5a5
2b86a5a5
2b87a5a5
2b88a5a5
2b89a5a5
2b8aa5a5
2b8ba5a5
2b8ca5a5
2b8da5a5
2b8ea5a5
2b8fa5a5
2b90a5a5
2b91a5a5
2b92a5a5
2b93a5a5
2b94a5a5
2b95a5a5
2b96a5a5
2b97a5a5
2b98a5a5
2b99a5a5
2b9aa5a5
2b9ba5a5
2b9ca5a5
2b9da5a5
2b9ea5a5
2b9fa5a5
2ba0a5a5
2ba1a5a5
2ba2a5a5
2ba3a5a5
2ba4a5a5
2ba5a5a5
2ba6a5a5
2ba7a5a5
2ba8a5a5
2ba9a5a5
2baaa5a5
2baba5a5
2baca5a5
2bada5a5
2baea5a5
2bafa5a5
2bb0a5a5
2bb1a5a5
2bb2a5a5
2bb3a5a5
2bb4a5a5
2bb5a5a5
2bb6a5a5
2bb7a5a5
2bb8a5a5
2bb9a5a5
2bbaa5a5
2bbba5a5
2bbca5a5
2bbda5a5
2bbea5a5
2bbfa5a5
2bc0a5a5
2bc1a5a5
2bc2a5a5
2bc3a5a5
2bc4a5a5
2bc5a5a5
2bc6a5a5
2bc7a5a5
2bc8a5a5
2bc9a5a5
2bcaa5a5
2bcba5a5
2bcca5a5
2bcda5a5
2bcea5a5
2bcfa5a5
2bd0a5a5
2bd1a5a5
2bd2a5a5
2bd3a5a5
2bd4a5a5
2bd5a5a5
2bd6a5a5
2bd7a5a5
2bd8a5a5
2bd9a5a5
2bdaa5a5
2bdba5a5
2bdca5a5
2bdda5a5
2bdea5a5
2bdfa5a5
2be0a5a5
2be1a5a5
2be2a5a5
2be3a5a5
2be4a5a5
2be5a5a5
2be6a5a5
2be7a5a5
2be8a5a5
2be9a5a5
2beaa5a5
2beba5a5
2beca5a5
2beda5a5
2beea5a5
2befa5a5
2bf0a5a5
2bf1a5a5
2bf2a5a5
2bf3a5a5
2bf4a5a5
2bf5a5a5
2bf6a5a5
2bf7a5a5
2bf8a5a5
2bf9a5a5
2bfaa5a5
2bfba5a5
2bfca5a5
2bfda5a5
2bfea5a5
2bffa5a5
2c00a5a5
2c01a5a5
2c02a5a5
2c03a5a5
2c04a5a5
2c05a5a5
2c06a5a5
2c07a5a5
2c08a5a5
2c09a5a5
2c0aa5a5
2c0ba5a5
2c0ca5a5
2c0da5a5
2c0ea5a5
2c0fa5a5
2c10a5a5
2c11a5a5
2c12a5a5
2c13a5a5
2c14a5a5
2c15a5a5
2c16a5a5
2c17a5a5
2c18a5a5
2c19a5a5
2c1aa5a5
2c1ba5a5
2c1ca5a5
2c1da5a5
2c1ea5a5
2c1fa5a5
2c20a5a5
2c21a5a5
2c22a5a5
2c23a5a5
2c24a5a5
2c25a5a5
2c26a5a5
2c27a5a5
2c28a5a5
2c29a5a5
2c2aa5a5
2c2ba5a5
2c2ca5a5
2c2da5a5
2c2ea5a5
2c2fa5a5
2c30a5a5
2c31a5a5
2c32a5a5
2c33a5a5
2c34a5a5
2c35a5a5
2c36a5a5
2c37a5a5
2c38a5a5
2c39a5a5
2c3aa5a5
2c3ba5a5
2c3ca5a5
2c3da5a5
2c3ea5a5
2c3fa5a5
2c40a5a5
2c41a5a5
2c42a5a5
2c43a5a5
2c44a5a5
2c45a5a5
2c46a5a5
2c47a5a5
2c48a5a5
2c49a5a5
2c4aa5a5
2c4ba5a5
2c4ca5a5
2c4da5a5
2c4ea5a5
2c4fa5a5
2c50a5a5
2c51a5a5
2c52a5a5
2c53a5a5
2c54a5a5
2c55a5a5
2c56a5a5
2c57a5a5
2c58a5a5
2c59a5a5
2c5aa5a5
2c5ba5a5
2c5ca5a5
2c5da5a5
2c5ea5a5
2c5fa5a5
2c60a5a5
2c61a5a5
2c62a5a5
2c63a5a5
2c64a5a5
2c65a5a5
2c66a5a5
2c67a5a5
2c68a5a5
2c69a5a5
2c6aa5a5
2c6ba5a5
2c6ca5a5
2c6da5a5
2c6ea5a5
2c6fa5a5
2c70a5a5
2c71a5a5
2c72a5a5
2c73a5a5
2c74a5a5
2c75a5a5
2c76a5a5
2c77a5a5
2c78a5a5
2c79a5a5
2c7aa5a5
2c7ba5a5
2c7ca5a5
2c7da5a5
2c7ea5a5
2c7fa5a5
2c80a5a5
2c81a5a5
2c82a5a5
2c83a5a5
2c84a5a5
2c85a5a5
2c86a5a5
2c87a5a5
2c88a5a5
2c89a5a5
2c8aa5a5
2c8ba5a5
2c8ca5a5
2c8da5a5
2c8ea5a5
2c8fa5a5
2c90a5a5
2c91a5a5
2c92a5a5
2c93a5a5
2c94a5a5
2c95a5a5
2c96a5a5
2c97a5a5
2c98a5a5
2c99a5a5
2c9aa5a5
2c9ba5a5
2c9ca5a5
2c9da5a5
2c9ea5a5
2c9fa5a5
2ca0a5a5
2ca1a5a5
2ca2a5a5
2ca3a5a5
2ca4a5a5
2ca5a5a5
2ca6a5a5
2ca7a5a5
2ca8a5a5
2ca9a5a5
2caaa5a5
2caba5a5
2caca5a5
2cada5a5
2caea5a5
2cafa5a5
2cb0a5a5
2cb1a5a5
2cb2a5a5
2cb3a5a5
2cb4a5a5
2cb5a5a5
2cb6a5a5
2cb7a5a5
2cb8a5a5
2cb9a5a5
2cbaa5a5
2cbba5a5
2cbca5a5
2cbda5a5
2cbea5a5
2cbfa5a5
2cc0a5a5
2cc1a5a5
2cc2a5a5
2cc3a5a5
2cc4a5a5
2cc5a5a5
2cc6a5a5
2cc7a5a5
2cc8a5a5
2cc9a5a5
2ccaa5a5
2ccba5a5
2ccca5a5
2ccda5a5
2ccea5a5
2ccfa5a5
2cd0a5a5
2cd1a5a5
2cd2a5a5
2cd3a5a5
2cd4a5a5
2cd5a5a5
2cd6a5a5
2cd7a5a5
2cd8a5a5
2cd9a5a5
2cdaa5a5
2cdba5a5
2cdca5a5
2cdda5a5
2cdea5a5
2cdfa5a5
2ce0a5a5
2ce1a5a5
2ce2a5a5
2ce3a5a5
2ce4a5a5
2ce5a5a5
2ce6a5a5
2ce7a5a5
2ce8a5a5
2ce9a5a5
2ceaa5a5
2ceba5a5
2ceca5a5
2ceda5a5
2ceea5a5
2cefa5a5
2cf0a5a5
2cf1a5a5
2cf2a5a5
2cf3a5a5
2cf4a5a5
2cf5a5a5
2cf6a5a5
2cf7a5a5
2cf8a5a5
2cf9a5a5
2cfaa5a5
2cfba5a5
2cfca5a5
2cfda5a5
2cfea5a5
2cffa5a5
2d00a5a5
2d01a5a5
2d02a5a5
2d03a5a5
2d04a5a5
2d05a5a5
2d06a5a5
2d07a5a5
2d08a5a5
2d09a5a5
2d0aa5a5
2d0ba5a5
2d0ca5a5
2d0da5a5
2d0ea5a5
2d0fa5a5
2d10a5a5
2d11a5a5
2d12a5a5
2d13a5a5
2d14a5a5
2d15a5a5
2d16a5a5
2d17a5a5
2d18a5a5
2d19a5a5
2d1aa5a5
2d1ba5a5
2d1ca5a5
2d1da5a5
2d1ea5a5
2d1fa5a5
2d20a5a5
2d21a5a5
2d22a5a5
2d23a5a5
2d24a5a5
2d25a5a5
2d26a5a5
2d27a5a5
2d28a5a5
2d29a5a5
2d2aa5a5
2d2ba5a5
2d2ca5a5
2d2da5a5
2d2ea5a5
2d2fa5a5
2d30a5a5
2d31a5a5
2d32a5a5
2d33a5a5
2d34a5a5
2d35a5a5
2d36a5a5
2d37a5a5
2d38a5a5
2d39a5a5
2d3aa5a5
2d3ba5a5
2d3ca5a5
2d3da5a5
2d3ea5a5
2d3fa5a5
2d40a5a5
2d41a5a5
2d42a5a5
2d43a5a5
2d44a5a5
2d45a5a5
2d46a5a5
2d47a5a5
2d48a5a5
2d49a5a5
2d4aa5a5
2d4ba5a5
2d4ca5a5
2d4da5a5
2d4ea5a5
2d4fa5a5
2d50a5a5
2d51a5a5
2d52a5a5
2d53a5a5
2d54a5a5
2d55a5a5
2d56a5a5
2d57a5a5
2d58a5a5
2d59a5a5
2d5aa5a5
2d5ba5a5
2d5ca5a5
2d5da5a5
2d5ea5a5
2d5fa5a5
2d60a5a5
2d61a5a5
2d62a5a5
2d63a5a5
2d64a5a5
2d65a5a5
2d66a5a5
2d67a5a5
2d68a5a5
2d69a5a5
2d6aa5a5
2d6ba5a5
2d6ca5a5
2d6da5a5
2d6ea5a5
2d6fa5a5
2d70a5a5
2d71a5a5
2d72a5a5
2d73a5a5
2d74a5a5
2d75a5a5
2d76a5a5
2d77a5a5
2d78a5a5
2d79a5a5
2d7aa5a5
2d7ba5a5
2d7ca5a5
2d7da5a5
2d7ea5a5
2d7fa5a5
2d80a5a5
2d81a5a5
2d82a5a5
2d83a5a5
2d84a5a5
2d85a5a5
2d86a5a5
2d87a5a5
2d88a5a5
2d89a5a5
2d8aa5a5
2d8ba5a5
2d8ca5a5
2d8da5a5
2d8ea5a5
2d8fa5a5
2d90a5a5
2d91a5a5
2d92a5a5
2d93a5a5
2d94a5a5
2d95a5a5
2d96a5a5
2d97a5a5
2d98a5a5
2d99a5a5
2d9aa5a5
2d9ba5a5
2d9ca5a5
2d9da5a5
2d9ea5a5
2d9fa5a5
2da0a5a5
2da1a5a5
2da2a5a5
2da3a5a5
2da4a5a5
2da5a5a5
2da6a5a5
2da7a5a5
2da8a5a5
2da9a5a5
2daaa5a5
2daba5a5
2daca5a5
2dada5a5
2daea5a5
2dafa5a5
2db0a5a5
2db1a5a5
2db2a5a5
2db3a5a5
2db4a5a5
2db5a5a5
2db6a5a5
2db7a5a5
2db8a5a5
2db9a5a5
2dbaa5a5
2dbba5a5
2dbca5a5
2dbda5a5
2dbea5a5
2dbfa5a5
2dc0a5a5
2dc1a5a5
2dc2a5a5
2dc3a5a5
2dc4a5a5
2dc5a5a5
2dc6a5a5
2dc7a5a5
2dc8a5a5
2dc9a5a5
2dcaa5a5
2dcba5a5
2dcca5a5
2dcda5a5
2dcea5a5
2dcfa5a5
2dd0a5a5
2dd1a5a5
2dd2a5a5
2dd3a5a5
2dd4a5a5
2dd5a5a5
2dd6a5a5
2dd7a5a5
2dd8a5a5
2dd9a5a5
2ddaa5a5
2ddba5a5
2ddca5a5
2ddda5a5
2ddea5a5
2ddfa5a5
2de0a5a5
2de1a5a5
2de2a5a5
2de3a5a5
2de4a5a5
2de5a5a5
2de6a5a5
2de7a5a5
2de8a5a5
2de9a5a5
2deaa5a5
2deba5a5
2deca5a5
2deda5a5
2deea5a5
2defa5a5
2df0a5a5
2df1a5a5
2df2a5a5
2df3a5a5
2df4a5a5
2df5a5a5
2df6a5a5
2df7a5a5
2df8a5a5
2df9a5a5
2dfaa5a5
2dfba5a5
2dfca5a5
2dfda5a5
2dfea5a5
2dffa5a5
2e00a5a5
2e01a5a5
2e02a5a5
2e03a5a5
2e04a5a5
2e05a5a5
2e06a5a5
2e07a5a5
2e08a5a5
2e09a5a5
2e0aa5a5
2e0ba5a5
2e0ca5a5
2e0da5a5
2e0ea5a5
2e0fa5a5
2e10a5a5
2e11a5a5
2e12a5a5
2e13a5a5
2e14a5a5
2e15a5a5
2e16a5a5
2e17a5a5
2e18a5a5
2e19a5a5
2e1aa5a5
2e1ba5a5
2e1ca5a5
2e1da5a5
2e1ea5a5
2e1fa5a5
2e20a5a5
2e21a5a5
2e22a5a5
2e23a5a5
2e24a5a5
2e25a5a5
2e26a5a5
2e27a5a5
2e28a5a5
2e29a5a5
2e2aa5a5
2e2ba5a5
2e2ca5a5
2e2da5a5
2e2ea5a5
2e2fa5a5
2e30a5a5
2e31a5a5
2e32a5a5
2e33a5a5
2e34a5a5
2e35a5a5
2e36a5a5
2e37a5a5
2e38a5a5
2e39a5a5
2e3aa5a5
2e3ba5a5
2e3ca5a5
2e3da5a5
2e3ea5a5
2e3fa5a5
2e40a5a5
2e41a5a5
2e42a5a5
2e43a5a5
2e44a5a5
2e45a5a5
2e46a5a5
2e47a5a5
2e48a5a5
2e49a5a5
2e4aa5a5
2e4ba5a5
2e4ca5a5
2e4da5a5
2e4ea5a5
2e4fa5a5
2e50a5a5
2e51a5a5
2e52a5a5
2e53a5a5
2e54a5a5
2e55a5a5
2e56a5a5
2e57a5a5
2e58a5a5
2e59a5a5
2e5aa5a5
2e5ba5a5
2e5ca5a5
2e5da5a5
2e5ea5a5
2e5fa5a5
2e60a5a5
2e61a5a5
2e62a5a5
2e63a5a5
2e64a5a5
2e65a5a5
2e66a5a5
2e67a5a5
2e68a5a5
2e69a5a5
2e6aa5a5
2e6ba5a5
2e6ca5a5
2e6da5a5
2e6ea5a5
2e6fa5a5
2e70a5a5
2e71a5a5
2e72a5a5
2e73a5a5
2e74a5a5
2e75a5a5
2e76a5a5
2e77a5a5
2e78a5a5
2e79a5a5
2e7aa5a5
2e7ba5a5
2e7ca5a5
2e7da5a5
2e7ea5a5
2e7fa5a5
2e80a5a5
2e81a5a5
2e82a5a5
2e83a5a5
2e84a5a5
2e85a5a5
2e86a5a5
2e87a5a5
2e88a5a5
2e89a5a5
2e8aa5a5
2e8ba5a5
2e8ca5a5
2e8da5a5
2e8ea5a5
2e8fa5a5
2e90a5a5
2e91a5a5
2e92a5a5
2e93a5a5
2e94a5a5
2e95a5a5
2e96a5a5
2e97a5a5
2e98a5a5
2e99a5a5
2e9aa5a5
2e9ba5a5
2e9ca5a5
2e9da5a5
2e9ea5a5
2e9fa5a5
2ea0a5a5
2ea1a5a5
2ea2a5a5
2ea3a5a5
2ea4a5a5
2ea5a5a5
2ea6a5a5
2ea7a5a5
2ea8a5a5
2ea9a5a5
2eaaa5a5
2eaba5a5
2eaca5a5
2eada5a5
2eaea5a5
2eafa5a5
2eb0a5a5
2eb1a5a5
2eb2a5a5
2eb3a5a5
2eb4a5a5
2eb5a5a5
2eb6a5a5
2eb7a5a5
2eb8a5a5
2eb9a5a5
2ebaa5a5
2ebba5a5
2ebca5a5
2ebda5a5
2ebea5a5
2ebfa5a5
2ec0a5a5
2ec1a5a5
2ec2a5a5
2ec3a5a5
2ec4a5a5
2ec5a5a5
2ec6a5a5
2ec7a5a5
2ec8a5a5
2ec9a5a5
2ecaa5a5
2ecba5a5
2ecca5a5
2ecda5a5
2ecea5a5
2ecfa5a5
2ed0a5a5
2ed1a5a5
2ed2a5a5
2ed3a5a5
2ed4a5a5
2ed5a5a5
2ed6a5a5
2ed7a5a5
2ed8a5a5
2ed9a5a5
2edaa5a5
2edba5a5
2edca5a5
2edda5a5
2edea5a5
2edfa5a5
2ee0a5a5
2ee1a5a5
2ee2a5a5
2ee3a5a5
2ee4a5a5
2ee5a5a5
2ee6a5a5
2ee7a5a5
2ee8a5a5
2ee9a5a5
2eeaa5a5
2eeba5a5
2eeca5a5
2eeda5a5
2eeea5a5
2eefa5a5
2ef0a5a5
2ef1a5a5
2ef2a5a5
2ef3a5a5
2ef4a5a5
2ef5a5a5
2ef6a5a5
2ef7a5a5
2ef8a5a5
2ef9a5a5
2efaa5a5
2efba5a5
2efca5a5
2efda5a5
2efea5a5
2effa5a5
2f00a5a5
2f01a5a5
2f02a5a5
2f03a5a5
2f04a5a5
2f05a5a5
2f06a5a5
2f07a5a5
2f08a5a5
2f09a5a5
2f0aa5a5
2f0ba5a5
2f0ca5a5
2f0da5a5
2f0ea5a5
2f0fa5a5
2f10a5a5
2f11a5a5
2f12a5a5
2f13a5a5
2f14a5a5
2f15a5a5
2f16a5a5
2f17a5a5
2f18a5a5
2f19a5a5
2f1aa5a5
2f1ba5a5
2f1ca5a5
2f1da5a5
2f1ea5a5
2f1fa5a5
2f20a5a5
2f21a5a5
2f22a5a5
2f23a5a5
2f24a5a5
2f25a5a5
2f26a5a5
2f27a5a5
2f28a5a5
2f29a5a5
2f2aa5a5
2f2ba5a5
2f2ca5a5
2f2da5a5
2f2ea5a5
2f2fa5a5
2f30a5a5
2f31a5a5
2f32a5a5
2f33a5a5
2f34a5a5
2f35a5a5
2f36a5a5
2f37a5a5
2f38a5a5
2f39a5a5
2f3aa5a5
2f3ba5a5
2f3ca5a5
2f3da5a5
2f3ea5a5
2f3fa5a5
2f40a5a5
2f41a5a5
2f42a5a5
2f43a5a5
2f44a5a5
2f45a5a5
2f46a5a5
2f47a5a5
2f48a5a5
2f49a5a5
2f4aa5a5
2f4ba5a5
2f4ca5a5
2f4da5a5
2f4ea5a5
2f4fa5a5
2f50a5a5
2f51a5a5
2f52a5a5
2f53a5a5
2f54a5a5
2f55a5a5
2f56a5a5
2f57a5a5
2f58a5a5
2f59a5a5
2f5aa5a5
2f5ba5a5
2f5ca5a5
2f5da5a5
2f5ea5a5
2f5fa5a5
2f60a5a5
2f61a5a5
2f62a5a5
2f63a5a5
2f64a5a5
2f65a5a5
2f66a5a5
2f67a5a5
2f68a5a5
2f69a5a5
2f6aa5a5
2f6ba5a5
2f6ca5a5
2f6da5a5
2f6ea5a5
2f6fa5a5
2f70a5a5
2f71a5a5
2f72a5a5
2f73a5a5
2f74a5a5
2f75a5a5
2f76a5a5
2f77a5a5
2f78a5a5
2f79a5a5
2f7aa5a5
2f7ba5a5
2f7ca5a5
2f7da5a5
2f7ea5a5
2f7fa5a5
2f80a5a5
2f81a5a5
2f82a5a5
2f83a5a5
2f84a5a5
2f85a5a5
2f86a5a5
2f87a5a5
2f88a5a5
2f89a5a5
2f8aa5a5
2f8ba5a5
2f8ca5a5
2f8da5a5
2f8ea5a5
2f8fa5a5
2f90a5a5
2f91a5a5
2f92a5a5
2f93a5a5
2f94a5a5
2f95a5a5
2f96a5a5
2f97a5a5
2f98a5a5
2f99a5a5
2f9aa5a5
2f9ba5a5
2f9ca5a5
2f9da5a5
2f9ea5a5
2f9fa5a5
2fa0a5a5
2fa1a5a5
2fa2a5a5
2fa3a5a5
2fa4a5a5
2fa5a5a5
2fa6a5a5
2fa7a5a5
2fa8a5a5
2fa9a5a5
2faaa5a5
2faba5a5
2faca5a5
2fada5a5
2faea5a5
2fafa5a5
2fb0a5a5
2fb1a5a5
2fb2a5a5
2fb3a5a5
2fb4a5a5
2fb5a5a5
2fb6a5a5
2fb7a5a5
2fb8a5a5
2fb9a5a5
2fbaa5a5
2fbba5a5
2fbca5a5
2fbda5a5
2fbea5a5
2fbfa5a5
2fc0a5a5
2fc1a5a5
2fc2a5a5
2fc3a5a5
2fc4a5a5
2fc5a5a5
2fc6a5a5
2fc7a5a5
2fc8a5a5
2fc9a5a5
2fcaa5a5
2fcba5a5
2fcca5a5
2fcda5a5
2fcea5a5
2fcfa5a5
2fd0a5a5
2fd1a5a5
2fd2a5a5
2fd3a5a5
2fd4a5a5
2fd5a5a5
2fd6a5a5
2fd7a5a5
2fd8a5a5
2fd9a5a5
2fdaa5a5
2fdba5a5
2fdca5a5
2fdda5a5
2fdea5a5
2fdfa5a5
2fe0a5a5
2fe1a5a5
2fe2a5a5
2fe3a5a5
2fe4a5a5
2fe5a5a5
2fe6a5a5
2fe7a5a5
2fe8a5a5
2fe9a5a5
2feaa5a5
2feba5a5
2feca5a5
2feda5a5
2feea5a5
2fefa5a5
2ff0a5a5
2ff1a5a5
2ff2a5a5
2ff3a5a5
2ff4a5a5
2ff5a5a5
2ff6a5a5
2ff7a5a5
2ff8a5a5
2ff9a5a5
2ffaa5a5
2ffba5a5
2ffca5a5
2ffda5a5
2ffea5a5
2fffa5a5
3000a5a5
3001a5a5
3002a5a5
3003a5a5
3004a5a5
3005a5a5
3006a5a5
3007a5a5
3008a5a5
3009a5a5
300aa5a5
300ba5a5
300ca5a5
300da5a5
300ea5a5
300fa5a5
3010a5a5
3011a5a5
3012a5a5
3013a5a5
3014a5a5
3015a5a5
3016a5a5
3017a5a5
3018a5a5
3019a5a5
301aa5a5
301ba5a5
301ca5a5
301da5a5
301ea5a5
301fa5a5
3020a5a5
3021a5a5
3022a5a5
3023a5a5
3024a5a5
3025a5a5
3026a5a5
3027a5a5
3028a5a5
3029a5a5
302aa5a5
302ba5a5
302ca5a5
302da5a5
302ea5a5
302fa5a5
3030a5a5
3031a5a5
3032a5a5
3033a5a5
3034a5a5
3035a5a5
3036a5a5
3037a5a5
3038a5a5
3039a5a5
303aa5a5
303ba5a5
303ca5a5
303da5a5
303ea5a5
303fa5a5
3040a5a5
3041a5a5
3042a5a5
3043a5a5
3044a5a5
3045a5a5
3046a5a5
3047a5a5
3048a5a5
3049a5a5
304aa5a5
304ba5a5
304ca5a5
304da5a5
304ea5a5
304fa5a5
3050a5a5
3051a5a5
3052a5a5
3053a5a5
3054a5a5
3055a5a5
3056a5a5
3057a5a5
3058a5a5
3059a5a5
305aa5a5
305ba5a5
305ca5a5
305da5a5
305ea5a5
305fa5a5
3060a5a5
3061a5a5
3062a5a5
3063a5a5
3064a5a5
3065a5a5
3066a5a5
3067a5a5
3068a5a5
3069a5a5
306aa5a5
306ba5a5
306ca5a5
306da5a5
306ea5a5
306fa5a5
3070a5a5
3071a5a5
3072a5a5
3073a5a5
3074a5a5
3075a5a5
3076a5a5
3077a5a5
3078a5a5
3079a5a5
307aa5a5
307ba5a5
307ca5a5
307da5a5
307ea5a5
307fa5a5
3080a5a5
3081a5a5
3082a5a5
3083a5a5
3084a5a5
3085a5a5
3086a5a5
3087a5a5
3088a5a5
3089a5a5
308aa5a5
308ba5a5
308ca5a5
308da5a5
308ea5a5
308fa5a5
3090a5a5
3091a5a5
3092a5a5
3093a5a5
3094a5a5
3095a5a5
3096a5a5
3097a5a5
3098a5a5
3099a5a5
309aa5a5
309ba5a5
309ca5a5
309da5a5
309ea5a5
309fa5a5
30a0a5a5
30a1a5a5
30a2a5a5
30a3a5a5
30a4a5a5
30a5a5a5
30a6a5a5
30a7a5a5
30a8a5a5
30a9a5a5
30aaa5a5
30aba5a5
30aca5a5
30ada5a5
30aea5a5
30afa5a5
30b0a5a5
30b1a5a5
30b2a5a5
30b3a5a5
30b4a5a5
30b5a5a5
30b6a5a5
30b7a5a5
30b8a5a5
30b9a5a5
30baa5a5
30bba5a5
30bca5a5
30bda5a5
30bea5a5
30bfa5a5
30c0a5a5
30c1a5a5
30c2a5a5
30c3a5a5
30c4a5a5
30c5a5a5
30c6a5a5
30c7a5a5
30c8a5a5
30c9a5a5
30caa5a5
30cba5a5
30cca5a5
30cda5a5
30cea5a5
30cfa5a5
30d0a5a5
30d1a5a5
30d2a5a5
30d3a5a5
30d4a5a5
30d5a5a5
30d6a5a5
30d7a5a5
30d8a5a5
30d9a5a5
30daa5a5
30dba5a5
30dca5a5
30dda5a5
30dea5a5
30dfa5a5
30e0a5a5
30e1a5a5
30e2a5a5
30e3a5a5
30e4a5a5
30e5a5a5
30e6a5a5
30e7a5a5
30e8a5a5
30e9a5a5
30eaa5a5
30eba5a5
30eca5a5
30eda5a5
30eea5a5
30efa5a5
30f0a5a5
30f1a5a5
30f2a5a5
30f3a5a5
30f4a5a5
30f5a5a5
30f6a5a5
30f7a5a5
30f8a5a5
30f9a5a5
30faa5a5
30fba5a5
30fca5a5
30fda5a5
30fea5a5
30ffa5a5
3100a5a5
3101a5a5
3102a5a5
3103a5a5
3104a5a5
3105a5a5
3106a5a5
3107a5a5
3108a5a5
3109a5a5
310aa5a5
310ba5a5
310ca5a5
310da5a5
310ea5a5
310fa5a5
3110a5a5
3111a5a5
3112a5a5
3113a5a5
3114a5a5
3115a5a5
3116a5a5
3117a5a5
3118a5a5
3119a5a5
311aa5a5
311ba5a5
311ca5a5
311da5a5
311ea5a5
311fa5a5
3120a5a5
3121a5a5
3122a5a5
3123a5a5
3124a5a5
3125a5a5
3126a5a5
3127a5a5
3128a5a5
3129a5a5
312aa5a5
312ba5a5
312ca5a5
312da5a5
312ea5a5
312fa5a5
3130a5a5
3131a5a5
3132a5a5
3133a5a5
3134a5a5
3135a5a5
3136a5a5
3137a5a5
3138a5a5
3139a5a5
313aa5a5
313ba5a5
313ca5a5
313da5a5
313ea5a5
313fa5a5
3140a5a5
3141a5a5
3142a5a5
3143a5a5
3144a5a5
3145a5a5
3146a5a5
3147a5a5
3148a5a5
3149a5a5
314aa5a5
314ba5a5
314ca5a5
314da5a5
314ea5a5
314fa5a5
3150a5a5
3151a5a5
3152a5a5
3153a5a5
3154a5a5
3155a5a5
3156a5a5
3157a5a5
3158a5a5
3159a5a5
315aa5a5
315ba5a5
315ca5a5
315da5a5
315ea5a5
315fa5a5
3160a5a5
3161a5a5
3162a5a5
3163a5a5
3164a5a5
3165a5a5
3166a5a5
3167a5a5
3168a5a5
3169a5a5
316aa5a5
316ba5a5
316ca5a5
316da5a5
316ea5a5
316fa5a5
3170a5a5
3171a5a5
3172a5a5
3173a5a5
3174a5a5
3175a5a5
3176a5a5
3177a5a5
3178a5a5
3179a5a5
317aa5a5
317ba5a5
317ca5a5
317da5a5
317ea5a5
317fa5a5
3180a5a5
3181a5a5
3182a5a5
3183a5a5
3184a5a5
3185a5a5
3186a5a5
3187a5a5
3188a5a5
3189a5a5
318aa5a5
318ba5a5
318ca5a5
318da5a5
318ea5a5
318fa5a5
3190a5a5
3191a5a5
3192a5a5
3193a5a5
3194a5a5
3195a5a5
3196a5a5
3197a5a5
3198a5a5
3199a5a5
319aa5a5
319ba5a5
319ca5a5
319da5a5
319ea5a5
319fa5a5
31a0a5a5
31a1a5a5
31a2a5a5
31a3a5a5
31a4a5a5
31a5a5a5
31a6a5a5
31a7a5a5
31a8a5a5
31a9a5a5
31aaa5a5
31aba5a5
31aca5a5
31ada5a5
31aea5a5
31afa5a5
31b0a5a5
31b1a5a5
31b2a5a5
31b3a5a5
31b4a5a5
31b5a5a5
31b6a5a5
31b7a5a5
31b8a5a5
31b9a5a5
31baa5a5
31bba5a5
31bca5a5
31bda5a5
31bea5a5
31bfa5a5
31c0a5a5
31c1a5a5
31c2a5a5
31c3a5a5
31c4a5a5
31c5a5a5
31c6a5a5
31c7a5a5
31c8a5a5
31c9a5a5
31caa5a5
31cba5a5
31cca5a5
31cda5a5
31cea5a5
31cfa5a5
31d0a5a5
31d1a5a5
31d2a5a5
31d3a5a5
31d4a5a5
31d5a5a5
31d6a5a5
31d7a5a5
31d8a5a5
31d9a5a5
31daa5a5
31dba5a5
31dca5a5
31dda5a5
31dea5a5
31dfa5a5
31e0a5a5
31e1a5a5
31e2a5a5
31e3a5a5
31e4a5a5
31e5a5a5
31e6a5a5
31e7a5a5
31e8a5a5
31e9a5a5
31eaa5a5
31eba5a5
31eca5a5
31eda5a5
31eea5a5
31efa5a5
31f0a5a5
31f1a5a5
31f2a5a5
31f3a5a5
31f4a5a5
31f5a5a5
31f6a5a5
31f7a5a5
31f8a5a5
31f9a5a5
31faa5a5
31fba5a5
31fca5a5
31fda5a5
31fea5a5
31ffa5a5
3200a5a5
3201a5a5
3202a5a5
3203a5a5
3204a5a5
3205a5a5
3206a5a5
3207a5a5
3208a5a5
3209a5a5
320aa5a5
320ba5a5
320ca5a5
320da5a5
320ea5a5
320fa5a5
3210a5a5
3211a5a5
3212a5a5
3213a5a5
3214a5a5
3215a5a5
3216a5a5
3217a5a5
3218a5a5
3219a5a5
321aa5a5
321ba5a5
321ca5a5
321da5a5
321ea5a5
321fa5a5
3220a5a5
3221a5a5
3222a5a5
3223a5a5
3224a5a5
3225a5a5
3226a5a5
3227a5a5
3228a5a5
3229a5a5
322aa5a5
322ba5a5
322ca5a5
322da5a5
322ea5a5
322fa5a5
3230a5a5
3231a5a5
3232a5a5
3233a5a5
3234a5a5
3235a5a5
3236a5a5
3237a5a5
3238a5a5
3239a5a5
323aa5a5
323ba5a5
323ca5a5
323da5a5
323ea5a5
323fa5a5
3240a5a5
3241a5a5
3242a5a5
3243a5a5
3244a5a5
3245a5a5
3246a5a5
3247a5a5
3248a5a5
3249a5a5
324aa5a5
324ba5a5
324ca5a5
324da5a5
324ea5a5
324fa5a5
3250a5a5
3251a5a5
3252a5a5
3253a5a5
3254a5a5
3255a5a5
3256a5a5
3257a5a5
3258a5a5
3259a5a5
325aa5a5
325ba5a5
325ca5a5
325da5a5
325ea5a5
325fa5a5
3260a5a5
3261a5a5
3262a5a5
3263a5a5
3264a5a5
3265a5a5
3266a5a5
3267a5a5
3268a5a5
3269a5a5
326aa5a5
326ba5a5
326ca5a5
326da5a5
326ea5a5
326fa5a5
3270a5a5
3271a5a5
3272a5a5
3273a5a5
3274a5a5
3275a5a5
3276a5a5
3277a5a5
3278a5a5
3279a5a5
327aa5a5
327ba5a5
327ca5a5
327da5a5
327ea5a5
327fa5a5
3280a5a5
3281a5a5
3282a5a5
3283a5a5
3284a5a5
3285a5a5
3286a5a5
3287a5a5
3288a5a5
3289a5a5
328aa5a5
328ba5a5
328ca5a5
328da5a5
328ea5a5
328fa5a5
3290a5a5
3291a5a5
3292a5a5
3293a5a5
3294a5a5
3295a5a5
3296a5a5
3297a5a5
3298a5a5
3299a5a5
329aa5a5
329ba5a5
329ca5a5
329da5a5
329ea5a5
329fa5a5
32a0a5a5
32a1a5a5
32a2a5a5
32a3a5a5
32a4a5a5
32a5a5a5
32a6a5a5
32a7a5a5
32a8a5a5
32a9a5a5
32aaa5a5
32aba5a5
32aca5a5
32ada5a5
32aea5a5
32afa5a5
32b0a5a5
32b1a5a5
32b2a5a5
32b3a5a5
32b4a5a5
32b5a5a5
32b6a5a5
32b7a5a5
32b8a5a5
32b9a5a5
32baa5a5
32bba5a5
32bca5a5
32bda5a5
32bea5a5
32bfa5a5
32c0a5a5
32c1a5a5
32c2a5a5
32c3a5a5
32c4a5a5
32c5a5a5
32c6a5a5
32c7a5a5
32c8a5a5
32c9a5a5
32caa5a5
32cba5a5
32cca5a5
32cda5a5
32cea5a5
32cfa5a5
32d0a5a5
32d1a5a5
32d2a5a5
32d3a5a5
32d4a5a5
32d5a5a5
32d6a5a5
32d7a5a5
32d8a5a5
32d9a5a5
32daa5a5
32dba5a5
32dca5a5
32dda5a5
32dea5a5
32dfa5a5
32e0a5a5
32e1a5a5
32e2a5a5
32e3a5a5
32e4a5a5
32e5a5a5
32e6a5a5
32e7a5a5
32e8a5a5
32e9a5a5
32eaa5a5
32eba5a5
32eca5a5
32eda5a5
32eea5a5
32efa5a5
32f0a5a5
32f1a5a5
32f2a5a5
32f3a5a5
32f4a5a5
32f5a5a5
32f6a5a5
32f7a5a5
32f8a5a5
32f9a5a5
32faa5a5
32fba5a5
32fca5a5
32fda5a5
32fea5a5
32ffa5a5
3300a5a5
3301a5a5
3302a5a5
3303a5a5
3304a5a5
3305a5a5
3306a5a5
3307a5a5
3308a5a5
3309a5a5
330aa5a5
330ba5a5
330ca5a5
330da5a5
330ea5a5
330fa5a5
3310a5a5
3311a5a5
3312a5a5
3313a5a5
3314a5a5
3315a5a5
3316a5a5
3317a5a5
3318a5a5
3319a5a5
331aa5a5
331ba5a5
331ca5a5
331da5a5
331ea5a5
331fa5a5
3320a5a5
3321a5a5
3322a5a5
3323a5a5
3324a5a5
3325a5a5
3326a5a5
3327a5a5
3328a5a5
3329a5a5
332aa5a5
332ba5a5
332ca5a5
332da5a5
332ea5a5
332fa5a5
3330a5a5
3331a5a5
3332a5a5
3333a5a5
3334a5a5
3335a5a5
3336a5a5
3337a5a5
3338a5a5
3339a5a5
333aa5a5
333ba5a5
333ca5a5
333da5a5
333ea5a5
333fa5a5
3340a5a5
3341a5a5
3342a5a5
3343a5a5
3344a5a5
3345a5a5
3346a5a5
3347a5a5
3348a5a5
3349a5a5
334aa5a5
334ba5a5
334ca5a5
334da5a5
334ea5a5
334fa5a5
3350a5a5
3351a5a5
3352a5a5
3353a5a5
3354a5a5
3355a5a5
3356a5a5
3357a5a5
3358a5a5
3359a5a5
335aa5a5
335ba5a5
335ca5a5
335da5a5
335ea5a5
335fa5a5
3360a5a5
3361a5a5
3362a5a5
3363a5a5
3364a5a5
3365a5a5
3366a5a5
3367a5a5
3368a5a5
3369a5a5
336aa5a5
336ba5a5
336ca5a5
336da5a5
336ea5a5
336fa5a5
3370a5a5
3371a5a5
3372a5a5
3373a5a5
3374a5a5
3375a5a5
3376a5a5
3377a5a5
3378a5a5
3379a5a5
337aa5a5
337ba5a5
337ca5a5
337da5a5
337ea5a5
337fa5a5
3380a5a5
3381a5a5
3382a5a5
3383a5a5
3384a5a5
3385a5a5
3386a5a5
3387a5a5
3388a5a5
3389a5a5
338aa5a5
338ba5a5
338ca5a5
338da5a5
338ea5a5
338fa5a5
3390a5a5
3391a5a5
3392a5a5
3393a5a5
3394a5a5
3395a5a5
3396a5a5
3397a5a5
3398a5a5
3399a5a5
339aa5a5
339ba5a5
339ca5a5
339da5a5
339ea5a5
339fa5a5
33a0a5a5
33a1a5a5
33a2a5a5
33a3a5a5
33a4a5a5
33a5a5a5
33a6a5a5
33a7a5a5
33a8a5a5
33a9a5a5
33aaa5a5
33aba5a5
33aca5a5
33ada5a5
33aea5a5
33afa5a5
33b0a5a5
33b1a5a5
33b2a5a5
33b3a5a5
33b4a5a5
33b5a5a5
33b6a5a5
33b7a5a5
33b8a5a5
33b9a5a5
33baa5a5
33bba5a5
33bca5a5
33bda5a5
33bea5a5
33bfa5a5
33c0a5a5
33c1a5a5
33c2a5a5
33c3a5a5
33c4a5a5
33c5a5a5
33c6a5a5
33c7a5a5
33c8a5a5
33c9a5a5
33caa5a5
33cba5a5
33cca5a5
33cda5a5
33cea5a5
33cfa5a5
33d0a5a5
33d1a5a5
33d2a5a5
33d3a5a5
33d4a5a5
33d5a5a5
33d6a5a5
33d7a5a5
33d8a5a5
33d9a5a5
33daa5a5
33dba5a5
33dca5a5
33dda5a5
33dea5a5
33dfa5a5
33e0a5a5
33e1a5a5
33e2a5a5
33e3a5a5
33e4a5a5
33e5a5a5
33e6a5a5
33e7a5a5
33e8a5a5
33e9a5a5
33eaa5a5
33eba5a5
33eca5a5
33eda5a5
33eea5a5
33efa5a5
33f0a5a5
33f1a5a5
33f2a5a5
33f3a5a5
33f4a5a5
33f5a5a5
33f6a5a5
33f7a5a5
33f8a5a5
33f9a5a5
33faa5a5
33fba5a5
33fca5a5
33fda5a5
33fea5a5
33ffa5a5
3400a5a5
3401a5a5
3402a5a5
3403a5a5
3404a5a5
3405a5a5
3406a5a5
3407a5a5
3408a5a5
3409a5a5
340aa5a5
340ba5a5
340ca5a5
340da5a5
340ea5a5
340fa5a5
3410a5a5
3411a5a5
3412a5a5
3413a5a5
3414a5a5
3415a5a5
3416a5a5
3417a5a5
3418a5a5
3419a5a5
341aa5a5
341ba5a5
341ca5a5
341da5a5
341ea5a5
341fa5a5
3420a5a5
3421a5a5
3422a5a5
3423a5a5
3424a5a5
3425a5a5
3426a5a5
3427a5a5
3428a5a5
3429a5a5
342aa5a5
342ba5a5
342ca5a5
342da5a5
342ea5a5
342fa5a5
3430a5a5
3431a5a5
3432a5a5
3433a5a5
3434a5a5
3435a5a5
3436a5a5
3437a5a5
3438a5a5
3439a5a5
343aa5a5
343ba5a5
343ca5a5
343da5a5
343ea5a5
343fa5a5
3440a5a5
3441a5a5
3442a5a5
3443a5a5
3444a5a5
3445a5a5
3446a5a5
3447a5a5
3448a5a5
3449a5a5
344aa5a5
344ba5a5
344ca5a5
344da5a5
344ea5a5
344fa5a5
3450a5a5
3451a5a5
3452a5a5
3453a5a5
3454a5a5
3455a5a5
3456a5a5
3457a5a5
3458a5a5
3459a5a5
345aa5a5
345ba5a5
345ca5a5
345da5a5
345ea5a5
345fa5a5
3460a5a5
3461a5a5
3462a5a5
3463a5a5
3464a5a5
3465a5a5
3466a5a5
3467a5a5
3468a5a5
3469a5a5
346aa5a5
346ba5a5
346ca5a5
346da5a5
346ea5a5
346fa5a5
3470a5a5
3471a5a5
3472a5a5
3473a5a5
3474a5a5
3475a5a5
3476a5a5
3477a5a5
3478a5a5
3479a5a5
347aa5a5
347ba5a5
347ca5a5
347da5a5
347ea5a5
347fa5a5
3480a5a5
3481a5a5
3482a5a5
3483a5a5
3484a5a5
3485a5a5
3486a5a5
3487a5a5
3488a5a5
3489a5a5
348aa5a5
348ba5a5
348ca5a5
348da5a5
348ea5a5
348fa5a5
3490a5a5
3491a5a5
3492a5a5
3493a5a5
3494a5a5
3495a5a5
3496a5a5
3497a5a5
3498a5a5
3499a5a5
349aa5a5
349ba5a5
349ca5a5
349da5a5
349ea5a5
349fa5a5
34a0a5a5
34a1a5a5
34a2a5a5
34a3a5a5
34a4a5a5
34a5a5a5
34a6a5a5
34a7a5a5
34a8a5a5
34a9a5a5
34aaa5a5
34aba5a5
34aca5a5
34ada5a5
34aea5a5
34afa5a5
34b0a5a5
34b1a5a5
34b2a5a5
34b3a5a5
34b4a5a5
34b5a5a5
34b6a5a5
34b7a5a5
34b8a5a5
34b9a5a5
34baa5a5
34bba5a5
34bca5a5
34bda5a5
34bea5a5
34bfa5a5
34c0a5a5
34c1a5a5
34c2a5a5
34c3a5a5
34c4a5a5
34c5a5a5
34c6a5a5
34c7a5a5
34c8a5a5
34c9a5a5
34caa5a5
34cba5a5
34cca5a5
34cda5a5
34cea5a5
34cfa5a5
34d0a5a5
34d1a5a5
34d2a5a5
34d3a5a5
34d4a5a5
34d5a5a5
34d6a5a5
34d7a5a5
34d8a5a5
34d9a5a5
34daa5a5
34dba5a5
34dca5a5
34dda5a5
34dea5a5
34dfa5a5
34e0a5a5
34e1a5a5
34e2a5a5
34e3a5a5
34e4a5a5
34e5a5a5
34e6a5a5
34e7a5a5
34e8a5a5
34e9a5a5
34eaa5a5
34eba5a5
34eca5a5
34eda5a5
34eea5a5
34efa5a5
34f0a5a5
34f1a5a5
34f2a5a5
34f3a5a5
34f4a5a5
34f5a5a5
34f6a5a5
34f7a5a5
34f8a5a5
34f9a5a5
34faa5a5
34fba5a5
34fca5a5
34fda5a5
34fea5a5
34ffa5a5
3500a5a5
3501a5a5
3502a5a5
3503a5a5
3504a5a5
3505a5a5
3506a5a5
3507a5a5
3508a5a5
3509a5a5
350aa5a5
350ba5a5
350ca5a5
350da5a5
350ea5a5
350fa5a5
3510a5a5
3511a5a5
3512a5a5
3513a5a5
3514a5a5
3515a5a5
3516a5a5
3517a5a5
3518a5a5
3519a5a5
351aa5a5
351ba5a5
351ca5a5
351da5a5
351ea5a5
351fa5a5
3520a5a5
3521a5a5
3522a5a5
3523a5a5
3524a5a5
3525a5a5
3526a5a5
3527a5a5
3528a5a5
3529a5a5
352aa5a5
352ba5a5
352ca5a5
352da5a5
352ea5a5
352fa5a5
3530a5a5
3531a5a5
3532a5a5
3533a5a5
3534a5a5
3535a5a5
3536a5a5
3537a5a5
3538a5a5
3539a5a5
353aa5a5
353ba5a5
353ca5a5
353da5a5
353ea5a5
353fa5a5
3540a5a5
3541a5a5
3542a5a5
3543a5a5
3544a5a5
3545a5a5
3546a5a5
3547a5a5
3548a5a5
3549a5a5
354aa5a5
354ba5a5
354ca5a5
354da5a5
354ea5a5
354fa5a5
3550a5a5
3551a5a5
3552a5a5
3553a5a5
3554a5a5
3555a5a5
3556a5a5
3557a5a5
3558a5a5
3559a5a5
355aa5a5
355ba5a5
355ca5a5
355da5a5
355ea5a5
355fa5a5
3560a5a5
3561a5a5
3562a5a5
3563a5a5
3564a5a5
3565a5a5
3566a5a5
3567a5a5
3568a5a5
3569a5a5
356aa5a5
356ba5a5
356ca5a5
356da5a5
356ea5a5
356fa5a5
3570a5a5
3571a5a5
3572a5a5
3573a5a5
3574a5a5
3575a5a5
3576a5a5
3577a5a5
3578a5a5
3579a5a5
357aa5a5
357ba5a5
357ca5a5
357da5a5
357ea5a5
357fa5a5
3580a5a5
3581a5a5
3582a5a5
3583a5a5
3584a5a5
3585a5a5
3586a5a5
3587a5a5
3588a5a5
3589a5a5
358aa5a5
358ba5a5
358ca5a5
358da5a5
358ea5a5
358fa5a5
3590a5a5
3591a5a5
3592a5a5
3593a5a5
3594a5a5
3595a5a5
3596a5a5
3597a5a5
3598a5a5
3599a5a5
359aa5a5
359ba5a5
359ca5a5
359da5a5
359ea5a5
359fa5a5
35a0a5a5
35a1a5a5
35a2a5a5
35a3a5a5
35a4a5a5
35a5a5a5
35a6a5a5
35a7a5a5
35a8a5a5
35a9a5a5
35aaa5a5
35aba5a5
35aca5a5
35ada5a5
35aea5a5
35afa5a5
35b0a5a5
35b1a5a5
35b2a5a5
35b3a5a5
35b4a5a5
35b5a5a5
35b6a5a5
35b7a5a5
35b8a5a5
35b9a5a5
35baa5a5
35bba5a5
35bca5a5
35bda5a5
35bea5a5
35bfa5a5
35c0a5a5
35c1a5a5
35c2a5a5
35c3a5a5
35c4a5a5
35c5a5a5
35c6a5a5
35c7a5a5
35c8a5a5
35c9a5a5
35caa5a5
35cba5a5
35cca5a5
35cda5a5
35cea5a5
35cfa5a5
35d0a5a5
35d1a5a5
35d2a5a5
35d3a5a5
35d4a5a5
35d5a5a5
35d6a5a5
35d7a5a5
35d8a5a5
35d9a5a5
35daa5a5
35dba5a5
35dca5a5
35dda5a5
35dea5a5
35dfa5a5
35e0a5a5
35e1a5a5
35e2a5a5
35e3a5a5
35e4a5a5
35e5a5a5
35e6a5a5
35e7a5a5
35e8a5a5
35e9a5a5
35eaa5a5
35eba5a5
35eca5a5
35eda5a5
35eea5a5
35efa5a5
35f0a5a5
35f1a5a5
35f2a5a5
35f3a5a5
35f4a5a5
35f5a5a5
35f6a5a5
35f7a5a5
35f8a5a5
35f9a5a5
35faa5a5
35fba5a5
35fca5a5
35fda5a5
35fea5a5
35ffa5a5
3600a5a5
3601a5a5
3602a5a5
3603a5a5
3604a5a5
3605a5a5
3606a5a5
3607a5a5
3608a5a5
3609a5a5
360aa5a5
360ba5a5
360ca5a5
360da5a5
360ea5a5
360fa5a5
3610a5a5
3611a5a5
3612a5a5
3613a5a5
3614a5a5
3615a5a5
3616a5a5
3617a5a5
3618a5a5
3619a5a5
361aa5a5
361ba5a5
361ca5a5
361da5a5
361ea5a5
361fa5a5
3620a5a5
3621a5a5
3622a5a5
3623a5a5
3624a5a5
3625a5a5
3626a5a5
3627a5a5
3628a5a5
3629a5a5
362aa5a5
362ba5a5
362ca5a5
362da5a5
362ea5a5
362fa5a5
3630a5a5
3631a5a5
3632a5a5
3633a5a5
3634a5a5
3635a5a5
3636a5a5
3637a5a5
3638a5a5
3639a5a5
363aa5a5
363ba5a5
363ca5a5
363da5a5
363ea5a5
363fa5a5
3640a5a5
3641a5a5
3642a5a5
3643a5a5
3644a5a5
3645a5a5
3646a5a5
3647a5a5
3648a5a5
3649a5a5
364aa5a5
364ba5a5
364ca5a5
364da5a5
364ea5a5
364fa5a5
3650a5a5
3651a5a5
3652a5a5
3653a5a5
3654a5a5
3655a5a5
3656a5a5
3657a5a5
3658a5a5
3659a5a5
365aa5a5
365ba5a5
365ca5a5
365da5a5
365ea5a5
365fa5a5
3660a5a5
3661a5a5
3662a5a5
3663a5a5
3664a5a5
3665a5a5
3666a5a5
3667a5a5
3668a5a5
3669a5a5
366aa5a5
366ba5a5
366ca5a5
366da5a5
366ea5a5
366fa5a5
3670a5a5
3671a5a5
3672a5a5
3673a5a5
3674a5a5
3675a5a5
3676a5a5
3677a5a5
3678a5a5
3679a5a5
367aa5a5
367ba5a5
367ca5a5
367da5a5
367ea5a5
367fa5a5
3680a5a5
3681a5a5
3682a5a5
3683a5a5
3684a5a5
3685a5a5
3686a5a5
3687a5a5
3688a5a5
3689a5a5
368aa5a5
368ba5a5
368ca5a5
368da5a5
368ea5a5
368fa5a5
3690a5a5
3691a5a5
3692a5a5
3693a5a5
3694a5a5
3695a5a5
3696a5a5
3697a5a5
3698a5a5
3699a5a5
369aa5a5
369ba5a5
369ca5a5
369da5a5
369ea5a5
369fa5a5
36a0a5a5
36a1a5a5
36a2a5a5
36a3a5a5
36a4a5a5
36a5a5a5
36a6a5a5
36a7a5a5
36a8a5a5
36a9a5a5
36aaa5a5
36aba5a5
36aca5a5
36ada5a5
36aea5a5
36afa5a5
36b0a5a5
36b1a5a5
36b2a5a5
36b3a5a5
36b4a5a5
36b5a5a5
36b6a5a5
36b7a5a5
36b8a5a5
36b9a5a5
36baa5a5
36bba5a5
36bca5a5
36bda5a5
36bea5a5
36bfa5a5
36c0a5a5
36c1a5a5
36c2a5a5
36c3a5a5
36c4a5a5
36c5a5a5
36c6a5a5
36c7a5a5
36c8a5a5
36c9a5a5
36caa5a5
36cba5a5
36cca5a5
36cda5a5
36cea5a5
36cfa5a5
36d0a5a5
36d1a5a5
36d2a5a5
36d3a5a5
36d4a5a5
36d5a5a5
36d6a5a5
36d7a5a5
36d8a5a5
36d9a5a5
36daa5a5
36dba5a5
36dca5a5
36dda5a5
36dea5a5
36dfa5a5
36e0a5a5
36e1a5a5
36e2a5a5
36e3a5a5
36e4a5a5
36e5a5a5
36e6a5a5
36e7a5a5
36e8a5a5
36e9a5a5
36eaa5a5
36eba5a5
36eca5a5
36eda5a5
36eea5a5
36efa5a5
36f0a5a5
36f1a5a5
36f2a5a5
36f3a5a5
36f4a5a5
36f5a5a5
36f6a5a5
36f7a5a5
36f8a5a5
36f9a5a5
36faa5a5
36fba5a5
36fca5a5
36fda5a5
36fea5a5
36ffa5a5
3700a5a5
3701a5a5
3702a5a5
3703a5a5
3704a5a5
3705a5a5
3706a5a5
3707a5a5
3708a5a5
3709a5a5
370aa5a5
370ba5a5
370ca5a5
370da5a5
370ea5a5
370fa5a5
3710a5a5
3711a5a5
3712a5a5
3713a5a5
3714a5a5
3715a5a5
3716a5a5
3717a5a5
3718a5a5
3719a5a5
371aa5a5
371ba5a5
371ca5a5
371da5a5
371ea5a5
371fa5a5
3720a5a5
3721a5a5
3722a5a5
3723a5a5
3724a5a5
3725a5a5
3726a5a5
3727a5a5
3728a5a5
3729a5a5
372aa5a5
372ba5a5
372ca5a5
372da5a5
372ea5a5
372fa5a5
3730a5a5
3731a5a5
3732a5a5
3733a5a5
3734a5a5
3735a5a5
3736a5a5
3737a5a5
3738a5a5
3739a5a5
373aa5a5
373ba5a5
373ca5a5
373da5a5
373ea5a5
373fa5a5
3740a5a5
3741a5a5
3742a5a5
3743a5a5
3744a5a5
3745a5a5
3746a5a5
3747a5a5
3748a5a5
3749a5a5
374aa5a5
374ba5a5
374ca5a5
374da5a5
374ea5a5
374fa5a5
3750a5a5
3751a5a5
3752a5a5
3753a5a5
3754a5a5
3755a5a5
3756a5a5
3757a5a5
3758a5a5
3759a5a5
375aa5a5
375ba5a5
375ca5a5
375da5a5
375ea5a5
375fa5a5
3760a5a5
3761a5a5
3762a5a5
3763a5a5
3764a5a5
3765a5a5
3766a5a5
3767a5a5
3768a5a5
3769a5a5
376aa5a5
376ba5a5
376ca5a5
376da5a5
376ea5a5
376fa5a5
3770a5a5
3771a5a5
3772a5a5
3773a5a5
3774a5a5
3775a5a5
3776a5a5
3777a5a5
3778a5a5
3779a5a5
377aa5a5
377ba5a5
377ca5a5
377da5a5
377ea5a5
377fa5a5
3780a5a5
3781a5a5
3782a5a5
3783a5a5
3784a5a5
3785a5a5
3786a5a5
3787a5a5
3788a5a5
3789a5a5
378aa5a5
378ba5a5
378ca5a5
378da5a5
378ea5a5
378fa5a5
3790a5a5
3791a5a5
3792a5a5
3793a5a5
3794a5a5
3795a5a5
3796a5a5
3797a5a5
3798a5a5
3799a5a5
379aa5a5
379ba5a5
379ca5a5
379da5a5
379ea5a5
379fa5a5
37a0a5a5
37a1a5a5
37a2a5a5
37a3a5a5
37a4a5a5
37a5a5a5
37a6a5a5
37a7a5a5
37a8a5a5
37a9a5a5
37aaa5a5
37aba5a5
37aca5a5
37ada5a5
37aea5a5
37afa5a5
37b0a5a5
37b1a5a5
37b2a5a5
37b3a5a5
37b4a5a5
37b5a5a5
37b6a5a5
37b7a5a5
37b8a5a5
37b9a5a5
37baa5a5
37bba5a5
37bca5a5
37bda5a5
37bea5a5
37bfa5a5
37c0a5a5
37c1a5a5
37c2a5a5
37c3a5a5
37c4a5a5
37c5a5a5
37c6a5a5
37c7a5a5
37c8a5a5
37c9a5a5
37caa5a5
37cba5a5
37cca5a5
37cda5a5
37cea5a5
37cfa5a5
37d0a5a5
37d1a5a5
37d2a5a5
37d3a5a5
37d4a5a5
37d5a5a5
37d6a5a5
37d7a5a5
37d8a5a5
37d9a5a5
37daa5a5
37dba5a5
37dca5a5
37dda5a5
37dea5a5
37dfa5a5
37e0a5a5
37e1a5a5
37e2a5a5
37e3a5a5
37e4a5a5
37e5a5a5
37e6a5a5
37e7a5a5
37e8a5a5
37e9a5a5
37eaa5a5
37eba5a5
37eca5a5
37eda5a5
37eea5a5
37efa5a5
37f0a5a5
37f1a5a5
37f2a5a5
37f3a5a5
37f4a5a5
37f5a5a5
37f6a5a5
37f7a5a5
37f8a5a5
37f9a5a5
37faa5a5
37fba5a5
37fca5a5
37fda5a5
37fea5a5
37ffa5a5
3800a5a5
3801a5a5
3802a5a5
3803a5a5
3804a5a5
3805a5a5
3806a5a5
3807a5a5
3808a5a5
3809a5a5
380aa5a5
380ba5a5
380ca5a5
380da5a5
380ea5a5
380fa5a5
3810a5a5
3811a5a5
3812a5a5
3813a5a5
3814a5a5
3815a5a5
3816a5a5
3817a5a5
3818a5a5
3819a5a5
381aa5a5
381ba5a5
381ca5a5
381da5a5
381ea5a5
381fa5a5
3820a5a5
3821a5a5
3822a5a5
3823a5a5
3824a5a5
3825a5a5
3826a5a5
3827a5a5
3828a5a5
3829a5a5
382aa5a5
382ba5a5
382ca5a5
382da5a5
382ea5a5
382fa5a5
3830a5a5
3831a5a5
3832a5a5
3833a5a5
3834a5a5
3835a5a5
3836a5a5
3837a5a5
3838a5a5
3839a5a5
383aa5a5
383ba5a5
383ca5a5
383da5a5
383ea5a5
383fa5a5
3840a5a5
3841a5a5
3842a5a5
3843a5a5
3844a5a5
3845a5a5
3846a5a5
3847a5a5
3848a5a5
3849a5a5
384aa5a5
384ba5a5
384ca5a5
384da5a5
384ea5a5
384fa5a5
3850a5a5
3851a5a5
3852a5a5
3853a5a5
3854a5a5
3855a5a5
3856a5a5
3857a5a5
3858a5a5
3859a5a5
385aa5a5
385ba5a5
385ca5a5
385da5a5
385ea5a5
385fa5a5
3860a5a5
3861a5a5
3862a5a5
3863a5a5
3864a5a5
3865a5a5
3866a5a5
3867a5a5
3868a5a5
3869a5a5
386aa5a5
386ba5a5
386ca5a5
386da5a5
386ea5a5
386fa5a5
3870a5a5
3871a5a5
3872a5a5
3873a5a5
3874a5a5
3875a5a5
3876a5a5
3877a5a5
3878a5a5
3879a5a5
387aa5a5
387ba5a5
387ca5a5
387da5a5
387ea5a5
387fa5a5
3880a5a5
3881a5a5
3882a5a5
3883a5a5
3884a5a5
3885a5a5
3886a5a5
3887a5a5
3888a5a5
3889a5a5
388aa5a5
388ba5a5
388ca5a5
388da5a5
388ea5a5
388fa5a5
3890a5a5
3891a5a5
3892a5a5
3893a5a5
3894a5a5
3895a5a5
3896a5a5
3897a5a5
3898a5a5
3899a5a5
389aa5a5
389ba5a5
389ca5a5
389da5a5
389ea5a5
389fa5a5
38a0a5a5
38a1a5a5
38a2a5a5
38a3a5a5
38a4a5a5
38a5a5a5
38a6a5a5
38a7a5a5
38a8a5a5
38a9a5a5
38aaa5a5
38aba5a5
38aca5a5
38ada5a5
38aea5a5
38afa5a5
38b0a5a5
38b1a5a5
38b2a5a5
38b3a5a5
38b4a5a5
38b5a5a5
38b6a5a5
38b7a5a5
38b8a5a5
38b9a5a5
38baa5a5
38bba5a5
38bca5a5
38bda5a5
38bea5a5
38bfa5a5
38c0a5a5
38c1a5a5
38c2a5a5
38c3a5a5
38c4a5a5
38c5a5a5
38c6a5a5
38c7a5a5
38c8a5a5
38c9a5a5
38caa5a5
38cba5a5
38cca5a5
38cda5a5
38cea5a5
38cfa5a5
38d0a5a5
38d1a5a5
38d2a5a5
38d3a5a5
38d4a5a5
38d5a5a5
38d6a5a5
38d7a5a5
38d8a5a5
38d9a5a5
38daa5a5
38dba5a5
38dca5a5
38dda5a5
38dea5a5
38dfa5a5
38e0a5a5
38e1a5a5
38e2a5a5
38e3a5a5
38e4a5a5
38e5a5a5
38e6a5a5
38e7a5a5
38e8a5a5
38e9a5a5
38eaa5a5
38eba5a5
38eca5a5
38eda5a5
38eea5a5
38efa5a5
38f0a5a5
38f1a5a5
38f2a5a5
38f3a5a5
38f4a5a5
38f5a5a5
38f6a5a5
38f7a5a5
38f8a5a5
38f9a5a5
38faa5a5
38fba5a5
38fca5a5
38fda5a5
38fea5a5
38ffa5a5
3900a5a5
3901a5a5
3902a5a5
3903a5a5
3904a5a5
3905a5a5
3906a5a5
3907a5a5
3908a5a5
3909a5a5
390aa5a5
390ba5a5
390ca5a5
390da5a5
390ea5a5
390fa5a5
3910a5a5
3911a5a5
3912a5a5
3913a5a5
3914a5a5
3915a5a5
3916a5a5
3917a5a5
3918a5a5
3919a5a5
391aa5a5
391ba5a5
391ca5a5
391da5a5
391ea5a5
391fa5a5
3920a5a5
3921a5a5
3922a5a5
3923a5a5
3924a5a5
3925a5a5
3926a5a5
3927a5a5
3928a5a5
3929a5a5
392aa5a5
392ba5a5
392ca5a5
392da5a5
392ea5a5
392fa5a5
3930a5a5
3931a5a5
3932a5a5
3933a5a5
3934a5a5
3935a5a5
3936a5a5
3937a5a5
3938a5a5
3939a5a5
393aa5a5
393ba5a5
393ca5a5
393da5a5
393ea5a5
393fa5a5
3940a5a5
3941a5a5
3942a5a5
3943a5a5
3944a5a5
3945a5a5
3946a5a5
3947a5a5
3948a5a5
3949a5a5
394aa5a5
394ba5a5
394ca5a5
394da5a5
394ea5a5
394fa5a5
3950a5a5
3951a5a5
3952a5a5
3953a5a5
3954a5a5
3955a5a5
3956a5a5
3957a5a5
3958a5a5
3959a5a5
395aa5a5
395ba5a5
395ca5a5
395da5a5
395ea5a5
395fa5a5
3960a5a5
3961a5a5
3962a5a5
3963a5a5
3964a5a5
3965a5a5
3966a5a5
3967a5a5
3968a5a5
3969a5a5
396aa5a5
396ba5a5
396ca5a5
396da5a5
396ea5a5
396fa5a5
3970a5a5
3971a5a5
3972a5a5
3973a5a5
3974a5a5
3975a5a5
3976a5a5
3977a5a5
3978a5a5
3979a5a5
397aa5a5
397ba5a5
397ca5a5
397da5a5
397ea5a5
397fa5a5
3980a5a5
3981a5a5
3982a5a5
3983a5a5
3984a5a5
3985a5a5
3986a5a5
3987a5a5
3988a5a5
3989a5a5
398aa5a5
398ba5a5
398ca5a5
398da5a5
398ea5a5
398fa5a5
3990a5a5
3991a5a5
3992a5a5
3993a5a5
3994a5a5
3995a5a5
3996a5a5
3997a5a5
3998a5a5
3999a5a5
399aa5a5
399ba5a5
399ca5a5
399da5a5
399ea5a5
399fa5a5
39a0a5a5
39a1a5a5
39a2a5a5
39a3a5a5
39a4a5a5
39a5a5a5
39a6a5a5
39a7a5a5
39a8a5a5
39a9a5a5
39aaa5a5
39aba5a5
39aca5a5
39ada5a5
39aea5a5
39afa5a5
39b0a5a5
39b1a5a5
39b2a5a5
39b3a5a5
39b4a5a5
39b5a5a5
39b6a5a5
39b7a5a5
39b8a5a5
39b9a5a5
39baa5a5
39bba5a5
39bca5a5
39bda5a5
39bea5a5
39bfa5a5
39c0a5a5
39c1a5a5
39c2a5a5
39c3a5a5
39c4a5a5
39c5a5a5
39c6a5a5
39c7a5a5
39c8a5a5
39c9a5a5
39caa5a5
39cba5a5
39cca5a5
39cda5a5
39cea5a5
39cfa5a5
39d0a5a5
39d1a5a5
39d2a5a5
39d3a5a5
39d4a5a5
39d5a5a5
39d6a5a5
39d7a5a5
39d8a5a5
39d9a5a5
39daa5a5
39dba5a5
39dca5a5
39dda5a5
39dea5a5
39dfa5a5
39e0a5a5
39e1a5a5
39e2a5a5
39e3a5a5
39e4a5a5
39e5a5a5
39e6a5a5
39e7a5a5
39e8a5a5
39e9a5a5
39eaa5a5
39eba5a5
39eca5a5
39eda5a5
39eea5a5
39efa5a5
39f0a5a5
39f1a5a5
39f2a5a5
39f3a5a5
39f4a5a5
39f5a5a5
39f6a5a5
39f7a5a5
39f8a5a5
39f9a5a5
39faa5a5
39fba5a5
39fca5a5
39fda5a5
39fea5a5
39ffa5a5
3a00a5a5
3a01a5a5
3a02a5a5
3a03a5a5
3a04a5a5
3a05a5a5
3a06a5a5
3a07a5a5
3a08a5a5
3a09a5a5
3a0aa5a5
3a0ba5a5
3a0ca5a5
3a0da5a5
3a0ea5a5
3a0fa5a5
3a10a5a5
3a11a5a5
3a12a5a5
3a13a5a5
3a14a5a5
3a15a5a5
3a16a5a5
3a17a5a5
3a18a5a5
3a19a5a5
3a1aa5a5
3a1ba5a5
3a1ca5a5
3a1da5a5
3a1ea5a5
3a1fa5a5
3a20a5a5
3a21a5a5
3a22a5a5
3a23a5a5
3a24a5a5
3a25a5a5
3a26a5a5
3a27a5a5
3a28a5a5
3a29a5a5
3a2aa5a5
3a2ba5a5
3a2ca5a5
3a2da5a5
3a2ea5a5
3a2fa5a5
3a30a5a5
3a31a5a5
3a32a5a5
3a33a5a5
3a34a5a5
3a35a5a5
3a36a5a5
3a37a5a5
3a38a5a5
3a39a5a5
3a3aa5a5
3a3ba5a5
3a3ca5a5
3a3da5a5
3a3ea5a5
3a3fa5a5
3a40a5a5
3a41a5a5
3a42a5a5
3a43a5a5
3a44a5a5
3a45a5a5
3a46a5a5
3a47a5a5
3a48a5a5
3a49a5a5
3a4aa5a5
3a4ba5a5
3a4ca5a5
3a4da5a5
3a4ea5a5
3a4fa5a5
3a50a5a5
3a51a5a5
3a52a5a5
3a53a5a5
3a54a5a5
3a55a5a5
3a56a5a5
3a57a5a5
3a58a5a5
3a59a5a5
3a5aa5a5
3a5ba5a5
3a5ca5a5
3a5da5a5
3a5ea5a5
3a5fa5a5
3a60a5a5
3a61a5a5
3a62a5a5
3a63a5a5
3a64a5a5
3a65a5a5
3a66a5a5
3a67a5a5
3a68a5a5
3a69a5a5
3a6aa5a5
3a6ba5a5
3a6ca5a5
3a6da5a5
3a6ea5a5
3a6fa5a5
3a70a5a5
3a71a5a5
3a72a5a5
3a73a5a5
3a74a5a5
3a75a5a5
3a76a5a5
3a77a5a5
3a78a5a5
3a79a5a5
3a7aa5a5
3a7ba5a5
3a7ca5a5
3a7da5a5
3a7ea5a5
3a7fa5a5
3a80a5a5
3a81a5a5
3a82a5a5
3a83a5a5
3a84a5a5
3a85a5a5
3a86a5a5
3a87a5a5
3a88a5a5
3a89a5a5
3a8aa5a5
3a8ba5a5
3a8ca5a5
3a8da5a5
3a8ea5a5
3a8fa5a5
3a90a5a5
3a91a5a5
3a92a5a5
3a93a5a5
3a94a5a5
3a95a5a5
3a96a5a5
3a97a5a5
3a98a5a5
3a99a5a5
3a9aa5a5
3a9ba5a5
3a9ca5a5
3a9da5a5
3a9ea5a5
3a9fa5a5
3aa0a5a5
3aa1a5a5
3aa2a5a5
3aa3a5a5
3aa4a5a5
3aa5a5a5
3aa6a5a5
3aa7a5a5
3aa8a5a5
3aa9a5a5
3aaaa5a5
3aaba5a5
3aaca5a5
3aada5a5
3aaea5a5
3aafa5a5
3ab0a5a5
3ab1a5a5
3ab2a5a5
3ab3a5a5
3ab4a5a5
3ab5a5a5
3ab6a5a5
3ab7a5a5
3ab8a5a5
3ab9a5a5
3abaa5a5
3abba5a5
3abca5a5
3abda5a5
3abea5a5
3abfa5a5
3ac0a5a5
3ac1a5a5
3ac2a5a5
3ac3a5a5
3ac4a5a5
3ac5a5a5
3ac6a5a5
3ac7a5a5
3ac8a5a5
3ac9a5a5
3acaa5a5
3acba5a5
3acca5a5
3acda5a5
3acea5a5
3acfa5a5
3ad0a5a5
3ad1a5a5
3ad2a5a5
3ad3a5a5
3ad4a5a5
3ad5a5a5
3ad6a5a5
3ad7a5a5
3ad8a5a5
3ad9a5a5
3adaa5a5
3adba5a5
3adca5a5
3adda5a5
3adea5a5
3adfa5a5
3ae0a5a5
3ae1a5a5
3ae2a5a5
3ae3a5a5
3ae4a5a5
3ae5a5a5
3ae6a5a5
3ae7a5a5
3ae8a5a5
3ae9a5a5
3aeaa5a5
3aeba5a5
3aeca5a5
3aeda5a5
3aeea5a5
3aefa5a5
3af0a5a5
3af1a5a5
3af2a5a5
3af3a5a5
3af4a5a5
3af5a5a5
3af6a5a5
3af7a5a5
3af8a5a5
3af9a5a5
3afaa5a5
3afba5a5
3afca5a5
3afda5a5
3afea5a5
3affa5a5
3b00a5a5
3b01a5a5
3b02a5a5
3b03a5a5
3b04a5a5
3b05a5a5
3b06a5a5
3b07a5a5
3b08a5a5
3b09a5a5
3b0aa5a5
3b0ba5a5
3b0ca5a5
3b0da5a5
3b0ea5a5
3b0fa5a5
3b10a5a5
3b11a5a5
3b12a5a5
3b13a5a5
3b14a5a5
3b15a5a5
3b16a5a5
3b17a5a5
3b18a5a5
3b19a5a5
3b1aa5a5
3b1ba5a5
3b1ca5a5
3b1da5a5
3b1ea5a5
3b1fa5a5
3b20a5a5
3b21a5a5
3b22a5a5
3b23a5a5
3b24a5a5
3b25a5a5
3b26a5a5
3b27a5a5
3b28a5a5
3b29a5a5
3b2aa5a5
3b2ba5a5
3b2ca5a5
3b2da5a5
3b2ea5a5
3b2fa5a5
3b30a5a5
3b31a5a5
3b32a5a5
3b33a5a5
3b34a5a5
3b35a5a5
3b36a5a5
3b37a5a5
3b38a5a5
3b39a5a5
3b3aa5a5
3b3ba5a5
3b3ca5a5
3b3da5a5
3b3ea5a5
3b3fa5a5
3b40a5a5
3b41a5a5
3b42a5a5
3b43a5a5
3b44a5a5
3b45a5a5
3b46a5a5
3b47a5a5
3b48a5a5
3b49a5a5
3b4aa5a5
3b4ba5a5
3b4ca5a5
3b4da5a5
3b4ea5a5
3b4fa5a5
3b50a5a5
3b51a5a5
3b52a5a5
3b53a5a5
3b54a5a5
3b55a5a5
3b56a5a5
3b57a5a5
3b58a5a5
3b59a5a5
3b5aa5a5
3b5ba5a5
3b5ca5a5
3b5da5a5
3b5ea5a5
3b5fa5a5
3b60a5a5
3b61a5a5
3b62a5a5
3b63a5a5
3b64a5a5
3b65a5a5
3b66a5a5
3b67a5a5
3b68a5a5
3b69a5a5
3b6aa5a5
3b6ba5a5
3b6ca5a5
3b6da5a5
3b6ea5a5
3b6fa5a5
3b70a5a5
3b71a5a5
3b72a5a5
3b73a5a5
3b74a5a5
3b75a5a5
3b76a5a5
3b77a5a5
3b78a5a5
3b79a5a5
3b7aa5a5
3b7ba5a5
3b7ca5a5
3b7da5a5
3b7ea5a5
3b7fa5a5
3b80a5a5
3b81a5a5
3b82a5a5
3b83a5a5
3b84a5a5
3b85a5a5
3b86a5a5
3b87a5a5
3b88a5a5
3b89a5a5
3b8aa5a5
3b8ba5a5
3b8ca5a5
3b8da5a5
3b8ea5a5
3b8fa5a5
3b90a5a5
3b91a5a5
3b92a5a5
3b93a5a5
3b94a5a5
3b95a5a5
3b96a5a5
3b97a5a5
3b98a5a5
3b99a5a5
3b9aa5a5
3b9ba5a5
3b9ca5a5
3b9da5a5
3b9ea5a5
3b9fa5a5
3ba0a5a5
3ba1a5a5
3ba2a5a5
3ba3a5a5
3ba4a5a5
3ba5a5a5
3ba6a5a5
3ba7a5a5
3ba8a5a5
3ba9a5a5
3baaa5a5
3baba5a5
3baca5a5
3bada5a5
3baea5a5
3bafa5a5
3bb0a5a5
3bb1a5a5
3bb2a5a5
3bb3a5a5
3bb4a5a5
3bb5a5a5
3bb6a5a5
3bb7a5a5
3bb8a5a5
3bb9a5a5
3bbaa5a5
3bbba5a5
3bbca5a5
3bbda5a5
3bbea5a5
3bbfa5a5
3bc0a5a5
3bc1a5a5
3bc2a5a5
3bc3a5a5
3bc4a5a5
3bc5a5a5
3bc6a5a5
3bc7a5a5
3bc8a5a5
3bc9a5a5
3bcaa5a5
3bcba5a5
3bcca5a5
3bcda5a5
3bcea5a5
3bcfa5a5
3bd0a5a5
3bd1a5a5
3bd2a5a5
3bd3a5a5
3bd4a5a5
3bd5a5a5
3bd6a5a5
3bd7a5a5
3bd8a5a5
3bd9a5a5
3bdaa5a5
3bdba5a5
3bdca5a5
3bdda5a5
3bdea5a5
3bdfa5a5
3be0a5a5
3be1a5a5
3be2a5a5
3be3a5a5
3be4a5a5
3be5a5a5
3be6a5a5
3be7a5a5
3be8a5a5
3be9a5a5
3beaa5a5
3beba5a5
3beca5a5
3beda5a5
3beea5a5
3befa5a5
3bf0a5a5
3bf1a5a5
3bf2a5a5
3bf3a5a5
3bf4a5a5
3bf5a5a5
3bf6a5a5
3bf7a5a5
3bf8a5a5
3bf9a5a5
3bfaa5a5
3bfba5a5
3bfca5a5
3bfda5a5
3bfea5a5
3bffa5a5
3c00a5a5
3c01a5a5
3c02a5a5
3c03a5a5
3c04a5a5
3c05a5a5
3c06a5a5
3c07a5a5
3c08a5a5
3c09a5a5
3c0aa5a5
3c0ba5a5
3c0ca5a5
3c0da5a5
3c0ea5a5
3c0fa5a5
3c10a5a5
3c11a5a5
3c12a5a5
3c13a5a5
3c14a5a5
3c15a5a5
3c16a5a5
3c17a5a5
3c18a5a5
3c19a5a5
3c1aa5a5
3c1ba5a5
3c1ca5a5
3c1da5a5
3c1ea5a5
3c1fa5a5
3c20a5a5
3c21a5a5
3c22a5a5
3c23a5a5
3c24a5a5
3c25a5a5
3c26a5a5
3c27a5a5
3c28a5a5
3c29a5a5
3c2aa5a5
3c2ba5a5
3c2ca5a5
3c2da5a5
3c2ea5a5
3c2fa5a5
3c30a5a5
3c31a5a5
3c32a5a5
3c33a5a5
3c34a5a5
3c35a5a5
3c36a5a5
3c37a5a5
3c38a5a5
3c39a5a5
3c3aa5a5
3c3ba5a5
3c3ca5a5
3c3da5a5
3c3ea5a5
3c3fa5a5
3c40a5a5
3c41a5a5
3c42a5a5
3c43a5a5
3c44a5a5
3c45a5a5
3c46a5a5
3c47a5a5
3c48a5a5
3c49a5a5
3c4aa5a5
3c4ba5a5
3c4ca5a5
3c4da5a5
3c4ea5a5
3c4fa5a5
3c50a5a5
3c51a5a5
3c52a5a5
3c53a5a5
3c54a5a5
3c55a5a5
3c56a5a5
3c57a5a5
3c58a5a5
3c59a5a5
3c5aa5a5
3c5ba5a5
3c5ca5a5
3c5da5a5
3c5ea5a5
3c5fa5a5
3c60a5a5
3c61a5a5
3c62a5a5
3c63a5a5
3c64a5a5
3c65a5a5
3c66a5a5
3c67a5a5
3c68a5a5
3c69a5a5
3c6aa5a5
3c6ba5a5
3c6ca5a5
3c6da5a5
3c6ea5a5
3c6fa5a5
3c70a5a5
3c71a5a5
3c72a5a5
3c73a5a5
3c74a5a5
3c75a5a5
3c76a5a5
3c77a5a5
3c78a5a5
3c79a5a5
3c7aa5a5
3c7ba5a5
3c7ca5a5
3c7da5a5
3c7ea5a5
3c7fa5a5
3c80a5a5
3c81a5a5
3c82a5a5
3c83a5a5
3c84a5a5
3c85a5a5
3c86a5a5
3c87a5a5
3c88a5a5
3c89a5a5
3c8aa5a5
3c8ba5a5
3c8ca5a5
3c8da5a5
3c8ea5a5
3c8fa5a5
3c90a5a5
3c91a5a5
3c92a5a5
3c93a5a5
3c94a5a5
3c95a5a5
3c96a5a5
3c97a5a5
3c98a5a5
3c99a5a5
3c9aa5a5
3c9ba5a5
3c9ca5a5
3c9da5a5
3c9ea5a5
3c9fa5a5
3ca0a5a5
3ca1a5a5
3ca2a5a5
3ca3a5a5
3ca4a5a5
3ca5a5a5
3ca6a5a5
3ca7a5a5
3ca8a5a5
3ca9a5a5
3caaa5a5
3caba5a5
3caca5a5
3cada5a5
3caea5a5
3cafa5a5
3cb0a5a5
3cb1a5a5
3cb2a5a5
3cb3a5a5
3cb4a5a5
3cb5a5a5
3cb6a5a5
3cb7a5a5
3cb8a5a5
3cb9a5a5
3cbaa5a5
3cbba5a5
3cbca5a5
3cbda5a5
3cbea5a5
3cbfa5a5
3cc0a5a5
3cc1a5a5
3cc2a5a5
3cc3a5a5
3cc4a5a5
3cc5a5a5
3cc6a5a5
3cc7a5a5
3cc8a5a5
3cc9a5a5
3ccaa5a5
3ccba5a5
3ccca5a5
3ccda5a5
3ccea5a5
3ccfa5a5
3cd0a5a5
3cd1a5a5
3cd2a5a5
3cd3a5a5
3cd4a5a5
3cd5a5a5
3cd6a5a5
3cd7a5a5
3cd8a5a5
3cd9a5a5
3cdaa5a5
3cdba5a5
3cdca5a5
3cdda5a5
3cdea5a5
3cdfa5a5
3ce0a5a5
3ce1a5a5
3ce2a5a5
3ce3a5a5
3ce4a5a5
3ce5a5a5
3ce6a5a5
3ce7a5a5
3ce8a5a5
3ce9a5a5
3ceaa5a5
3ceba5a5
3ceca5a5
3ceda5a5
3ceea5a5
3cefa5a5
3cf0a5a5
3cf1a5a5
3cf2a5a5
3cf3a5a5
3cf4a5a5
3cf5a5a5
3cf6a5a5
3cf7a5a5
3cf8a5a5
3cf9a5a5
3cfaa5a5
3cfba5a5
3cfca5a5
3cfda5a5
3cfea5a5
3cffa5a5
3d00a5a5
3d01a5a5
3d02a5a5
3d03a5a5
3d04a5a5
3d05a5a5
3d06a5a5
3d07a5a5
3d08a5a5
3d09a5a5
3d0aa5a5
3d0ba5a5
3d0ca5a5
3d0da5a5
3d0ea5a5
3d0fa5a5
3d10a5a5
3d11a5a5
3d12a5a5
3d13a5a5
3d14a5a5
3d15a5a5
3d16a5a5
3d17a5a5
3d18a5a5
3d19a5a5
3d1aa5a5
3d1ba5a5
3d1ca5a5
3d1da5a5
3d1ea5a5
3d1fa5a5
3d20a5a5
3d21a5a5
3d22a5a5
3d23a5a5
3d24a5a5
3d25a5a5
3d26a5a5
3d27a5a5
3d28a5a5
3d29a5a5
3d2aa5a5
3d2ba5a5
3d2ca5a5
3d2da5a5
3d2ea5a5
3d2fa5a5
3d30a5a5
3d31a5a5
3d32a5a5
3d33a5a5
3d34a5a5
3d35a5a5
3d36a5a5
3d37a5a5
3d38a5a5
3d39a5a5
3d3aa5a5
3d3ba5a5
3d3ca5a5
3d3da5a5
3d3ea5a5
3d3fa5a5
3d40a5a5
3d41a5a5
3d42a5a5
3d43a5a5
3d44a5a5
3d45a5a5
3d46a5a5
3d47a5a5
3d48a5a5
3d49a5a5
3d4aa5a5
3d4ba5a5
3d4ca5a5
3d4da5a5
3d4ea5a5
3d4fa5a5
3d50a5a5
3d51a5a5
3d52a5a5
3d53a5a5
3d54a5a5
3d55a5a5
3d56a5a5
3d57a5a5
3d58a5a5
3d59a5a5
3d5aa5a5
3d5ba5a5
3d5ca5a5
3d5da5a5
3d5ea5a5
3d5fa5a5
3d60a5a5
3d61a5a5
3d62a5a5
3d63a5a5
3d64a5a5
3d65a5a5
3d66a5a5
3d67a5a5
3d68a5a5
3d69a5a5
3d6aa5a5
3d6ba5a5
3d6ca5a5
3d6da5a5
3d6ea5a5
3d6fa5a5
3d70a5a5
3d71a5a5
3d72a5a5
3d73a5a5
3d74a5a5
3d75a5a5
3d76a5a5
3d77a5a5
3d78a5a5
3d79a5a5
3d7aa5a5
3d7ba5a5
3d7ca5a5
3d7da5a5
3d7ea5a5
3d7fa5a5
3d80a5a5
3d81a5a5
3d82a5a5
3d83a5a5
3d84a5a5
3d85a5a5
3d86a5a5
3d87a5a5
3d88a5a5
3d89a5a5
3d8aa5a5
3d8ba5a5
3d8ca5a5
3d8da5a5
3d8ea5a5
3d8fa5a5
3d90a5a5
3d91a5a5
3d92a5a5
3d93a5a5
3d94a5a5
3d95a5a5
3d96a5a5
3d97a5a5
3d98a5a5
3d99a5a5
3d9aa5a5
3d9ba5a5
3d9ca5a5
3d9da5a5
3d9ea5a5
3d9fa5a5
3da0a5a5
3da1a5a5
3da2a5a5
3da3a5a5
3da4a5a5
3da5a5a5
3da6a5a5
3da7a5a5
3da8a5a5
3da9a5a5
3daaa5a5
3daba5a5
3daca5a5
3dada5a5
3daea5a5
3dafa5a5
3db0a5a5
3db1a5a5
3db2a5a5
3db3a5a5
3db4a5a5
3db5a5a5
3db6a5a5
3db7a5a5
3db8a5a5
3db9a5a5
3dbaa5a5
3dbba5a5
3dbca5a5
3dbda5a5
3dbea5a5
3dbfa5a5
3dc0a5a5
3dc1a5a5
3dc2a5a5
3dc3a5a5
3dc4a5a5
3dc5a5a5
3dc6a5a5
3dc7a5a5
3dc8a5a5
3dc9a5a5
3dcaa5a5
3dcba5a5
3dcca5a5
3dcda5a5
3dcea5a5
3dcfa5a5
3dd0a5a5
3dd1a5a5
3dd2a5a5
3dd3a5a5
3dd4a5a5
3dd5a5a5
3dd6a5a5
3dd7a5a5
3dd8a5a5
3dd9a5a5
3ddaa5a5
3ddba5a5
3ddca5a5
3ddda5a5
3ddea5a5
3ddfa5a5
3de0a5a5
3de1a5a5
3de2a5a5
3de3a5a5
3de4a5a5
3de5a5a5
3de6a5a5
3de7a5a5
3de8a5a5
3de9a5a5
3deaa5a5
3deba5a5
3deca5a5
3deda5a5
3deea5a5
3defa5a5
3df0a5a5
3df1a5a5
3df2a5a5
3df3a5a5
3df4a5a5
3df5a5a5
3df6a5a5
3df7a5a5
3df8a5a5
3df9a5a5
3dfaa5a5
3dfba5a5
3dfca5a5
3dfda5a5
3dfea5a5
3dffa5a5
3e00a5a5
3e01a5a5
3e02a5a5
3e03a5a5
3e04a5a5
3e05a5a5
3e06a5a5
3e07a5a5
3e08a5a5
3e09a5a5
3e0aa5a5
3e0ba5a5
3e0ca5a5
3e0da5a5
3e0ea5a5
3e0fa5a5
3e10a5a5
3e11a5a5
3e12a5a5
3e13a5a5
3e14a5a5
3e15a5a5
3e16a5a5
3e17a5a5
3e18a5a5
3e19a5a5
3e1aa5a5
3e1ba5a5
3e1ca5a5
3e1da5a5
3e1ea5a5
3e1fa5a5
3e20a5a5
3e21a5a5
3e22a5a5
3e23a5a5
3e24a5a5
3e25a5a5
3e26a5a5
3e27a5a5
3e28a5a5
3e29a5a5
3e2aa5a5
3e2ba5a5
3e2ca5a5
3e2da5a5
3e2ea5a5
3e2fa5a5
3e30a5a5
3e31a5a5
3e32a5a5
3e33a5a5
3e34a5a5
3e35a5a5
3e36a5a5
3e37a5a5
3e38a5a5
3e39a5a5
3e3aa5a5
3e3ba5a5
3e3ca5a5
3e3da5a5
3e3ea5a5
3e3fa5a5
3e40a5a5
3e41a5a5
3e42a5a5
3e43a5a5
3e44a5a5
3e45a5a5
3e46a5a5
3e47a5a5
3e48a5a5
3e49a5a5
3e4aa5a5
3e4ba5a5
3e4ca5a5
3e4da5a5
3e4ea5a5
3e4fa5a5
3e50a5a5
3e51a5a5
3e52a5a5
3e53a5a5
3e54a5a5
3e55a5a5
3e56a5a5
3e57a5a5
3e58a5a5
3e59a5a5
3e5aa5a5
3e5ba5a5
3e5ca5a5
3e5da5a5
3e5ea5a5
3e5fa5a5
3e60a5a5
3e61a5a5
3e62a5a5
3e63a5a5
3e64a5a5
3e65a5a5
3e66a5a5
3e67a5a5
3e68a5a5
3e69a5a5
3e6aa5a5
3e6ba5a5
3e6ca5a5
3e6da5a5
3e6ea5a5
3e6fa5a5
3e70a5a5
3e71a5a5
3e72a5a5
3e73a5a5
3e74a5a5
3e75a5a5
3e76a5a5
3e77a5a5
3e78a5a5
3e79a5a5
3e7aa5a5
3e7ba5a5
3e7ca5a5
3e7da5a5
3e7ea5a5
3e7fa5a5
3e80a5a5
3e81a5a5
3e82a5a5
3e83a5a5
3e84a5a5
3e85a5a5
3e86a5a5
3e87a5a5
3e88a5a5
3e89a5a5
3e8aa5a5
3e8ba5a5
3e8ca5a5
3e8da5a5
3e8ea5a5
3e8fa5a5
3e90a5a5
3e91a5a5
3e92a5a5
3e93a5a5
3e94a5a5
3e95a5a5
3e96a5a5
3e97a5a5
3e98a5a5
3e99a5a5
3e9aa5a5
3e9ba5a5
3e9ca5a5
3e9da5a5
3e9ea5a5
3e9fa5a5
3ea0a5a5
3ea1a5a5
3ea2a5a5
3ea3a5a5
3ea4a5a5
3ea5a5a5
3ea6a5a5
3ea7a5a5
3ea8a5a5
3ea9a5a5
3eaaa5a5
3eaba5a5
3eaca5a5
3eada5a5
3eaea5a5
3eafa5a5
3eb0a5a5
3eb1a5a5
3eb2a5a5
3eb3a5a5
3eb4a5a5
3eb5a5a5
3eb6a5a5
3eb7a5a5
3eb8a5a5
3eb9a5a5
3ebaa5a5
3ebba5a5
3ebca5a5
3ebda5a5
3ebea5a5
3ebfa5a5
3ec0a5a5
3ec1a5a5
3ec2a5a5
3ec3a5a5
3ec4a5a5
3ec5a5a5
3ec6a5a5
3ec7a5a5
3ec8a5a5
3ec9a5a5
3ecaa5a5
3ecba5a5
3ecca5a5
3ecda5a5
3ecea5a5
3ecfa5a5
3ed0a5a5
3ed1a5a5
3ed2a5a5
3ed3a5a5
3ed4a5a5
3ed5a5a5
3ed6a5a5
3ed7a5a5
3ed8a5a5
3ed9a5a5
3edaa5a5
3edba5a5
3edca5a5
3edda5a5
3edea5a5
3edfa5a5
3ee0a5a5
3ee1a5a5
3ee2a5a5
3ee3a5a5
3ee4a5a5
3ee5a5a5
3ee6a5a5
3ee7a5a5
3ee8a5a5
3ee9a5a5
3eeaa5a5
3eeba5a5
3eeca5a5
3eeda5a5
3eeea5a5
3eefa5a5
3ef0a5a5
3ef1a5a5
3ef2a5a5
3ef3a5a5
3ef4a5a5
3ef5a5a5
3ef6a5a5
3ef7a5a5
3ef8a5a5
3ef9a5a5
3efaa5a5
3efba5a5
3efca5a5
3efda5a5
3efea5a5
3effa5a5
3f00a5a5
3f01a5a5
3f02a5a5
3f03a5a5
3f04a5a5
3f05a5a5
3f06a5a5
3f07a5a5
3f08a5a5
3f09a5a5
3f0aa5a5
3f0ba5a5
3f0ca5a5
3f0da5a5
3f0ea5a5
3f0fa5a5
3f10a5a5
3f11a5a5
3f12a5a5
3f13a5a5
3f14a5a5
3f15a5a5
3f16a5a5
3f17a5a5
3f18a5a5
3f19a5a5
3f1aa5a5
3f1ba5a5
3f1ca5a5
3f1da5a5
3f1ea5a5
3f1fa5a5
3f20a5a5
3f21a5a5
3f22a5a5
3f23a5a5
3f24a5a5
3f25a5a5
3f26a5a5
3f27a5a5
3f28a5a5
3f29a5a5
3f2aa5a5
3f2ba5a5
3f2ca5a5
3f2da5a5
3f2ea5a5
3f2fa5a5
3f30a5a5
3f31a5a5
3f32a5a5
3f33a5a5
3f34a5a5
3f35a5a5
3f36a5a5
3f37a5a5
3f38a5a5
3f39a5a5
3f3aa5a5
3f3ba5a5
3f3ca5a5
3f3da5a5
3f3ea5a5
3f3fa5a5
3f40a5a5
3f41a5a5
3f42a5a5
3f43a5a5
3f44a5a5
3f45a5a5
3f46a5a5
3f47a5a5
3f48a5a5
3f49a5a5
3f4aa5a5
3f4ba5a5
3f4ca5a5
3f4da5a5
3f4ea5a5
3f4fa5a5
3f50a5a5
3f51a5a5
3f52a5a5
3f53a5a5
3f54a5a5
3f55a5a5
3f56a5a5
3f57a5a5
3f58a5a5
3f59a5a5
3f5aa5a5
3f5ba5a5
3f5ca5a5
3f5da5a5
3f5ea5a5
3f5fa5a5
3f60a5a5
3f61a5a5
3f62a5a5
3f63a5a5
3f64a5a5
3f65a5a5
3f66a5a5
3f67a5a5
3f68a5a5
3f69a5a5
3f6aa5a5
3f6ba5a5
3f6ca5a5
3f6da5a5
3f6ea5a5
3f6fa5a5
3f70a5a5
3f71a5a5
3f72a5a5
3f73a5a5
3f74a5a5
3f75a5a5
3f76a5a5
3f77a5a5
3f78a5a5
3f79a5a5
3f7aa5a5
3f7ba5a5
3f7ca5a5
3f7da5a5
3f7ea5a5
3f7fa5a5
3f80a5a5
3f81a5a5
3f82a5a5
3f83a5a5
3f84a5a5
3f85a5a5
3f86a5a5
3f87a5a5
3f88a5a5
3f89a5a5
3f8aa5a5
3f8ba5a5
3f8ca5a5
3f8da5a5
3f8ea5a5
3f8fa5a5
3f90a5a5
3f91a5a5
3f92a5a5
3f93a5a5
3f94a5a5
3f95a5a5
3f96a5a5
3f97a5a5
3f98a5a5
3f99a5a5
3f9aa5a5
3f9ba5a5
3f9ca5a5
3f9da5a5
3f9ea5a5
3f9fa5a5
3fa0a5a5
3fa1a5a5
3fa2a5a5
3fa3a5a5
3fa4a5a5
3fa5a5a5
3fa6a5a5
3fa7a5a5
3fa8a5a5
3fa9a5a5
3faaa5a5
3faba5a5
3faca5a5
3fada5a5
3faea5a5
3fafa5a5
3fb0a5a5
3fb1a5a5
3fb2a5a5
3fb3a5a5
3fb4a5a5
3fb5a5a5
3fb6a5a5
3fb7a5a5
3fb8a5a5
3fb9a5a5
3fbaa5a5
3fbba5a5
3fbca5a5
3fbda5a5
3fbea5a5
3fbfa5a5
3fc0a5a5
3fc1a5a5
3fc2a5a5
3fc3a5a5
3fc4a5a5
3fc5a5a5
3fc6a5a5
3fc7a5a5
3fc8a5a5
3fc9a5a5
3fcaa5a5
3fcba5a5
3fcca5a5
3fcda5a5
3fcea5a5
3fcfa5a5
3fd0a5a5
3fd1a5a5
3fd2a5a5
3fd3a5a5
3fd4a5a5
3fd5a5a5
3fd6a5a5
3fd7a5a5
3fd8a5a5
3fd9a5a5
3fdaa5a5
3fdba5a5
3fdca5a5
3fdda5a5
3fdea5a5
3fdfa5a5
3fe0a5a5
3fe1a5a5
3fe2a5a5
3fe3a5a5
3fe4a5a5
3fe5a5a5
3fe6a5a5
3fe7a5a5
3fe8a5a5
3fe9a5a5
3feaa5a5
3feba5a5
3feca5a5
3feda5a5
3feea5a5
3fefa5a5
3ff0a5a5
3ff1a5a5
3ff2a5a5
3ff3a5a5
3ff4a5a5
3ff5a5a5
3ff6a5a5
3ff7a5a5
3ff8a5a5
3ff9a5a5
3ffaa5a5
3ffba5a5
3ffca5a5
3ffda5a5
3ffea5a5
3fffa5a5
4000a5a5
4001a5a5
4002a5a5
4003a5a5
4004a5a5
4005a5a5
4006a5a5
4007a5a5
4008a5a5
4009a5a5
400aa5a5
400ba5a5
400ca5a5
400da5a5
400ea5a5
400fa5a5
4010a5a5
4011a5a5
4012a5a5
4013a5a5
4014a5a5
4015a5a5
4016a5a5
4017a5a5
4018a5a5
4019a5a5
401aa5a5
401ba5a5
401ca5a5
401da5a5
401ea5a5
401fa5a5
4020a5a5
4021a5a5
4022a5a5
4023a5a5
4024a5a5
4025a5a5
4026a5a5
4027a5a5
4028a5a5
4029a5a5
402aa5a5
402ba5a5
402ca5a5
402da5a5
402ea5a5
402fa5a5
4030a5a5
4031a5a5
4032a5a5
4033a5a5
4034a5a5
4035a5a5
4036a5a5
4037a5a5
4038a5a5
4039a5a5
403aa5a5
403ba5a5
403ca5a5
403da5a5
403ea5a5
403fa5a5
4040a5a5
4041a5a5
4042a5a5
4043a5a5
4044a5a5
4045a5a5
4046a5a5
4047a5a5
4048a5a5
4049a5a5
404aa5a5
404ba5a5
404ca5a5
404da5a5
404ea5a5
404fa5a5
4050a5a5
4051a5a5
4052a5a5
4053a5a5
4054a5a5
4055a5a5
4056a5a5
4057a5a5
4058a5a5
4059a5a5
405aa5a5
405ba5a5
405ca5a5
405da5a5
405ea5a5
405fa5a5
4060a5a5
4061a5a5
4062a5a5
4063a5a5
4064a5a5
4065a5a5
4066a5a5
4067a5a5
4068a5a5
4069a5a5
406aa5a5
406ba5a5
406ca5a5
406da5a5
406ea5a5
406fa5a5
4070a5a5
4071a5a5
4072a5a5
4073a5a5
4074a5a5
4075a5a5
4076a5a5
4077a5a5
4078a5a5
4079a5a5
407aa5a5
407ba5a5
407ca5a5
407da5a5
407ea5a5
407fa5a5
4080a5a5
4081a5a5
4082a5a5
4083a5a5
4084a5a5
4085a5a5
4086a5a5
4087a5a5
4088a5a5
4089a5a5
408aa5a5
408ba5a5
408ca5a5
408da5a5
408ea5a5
408fa5a5
4090a5a5
4091a5a5
4092a5a5
4093a5a5
4094a5a5
4095a5a5
4096a5a5
4097a5a5
4098a5a5
4099a5a5
409aa5a5
409ba5a5
409ca5a5
409da5a5
409ea5a5
409fa5a5
40a0a5a5
40a1a5a5
40a2a5a5
40a3a5a5
40a4a5a5
40a5a5a5
40a6a5a5
40a7a5a5
40a8a5a5
40a9a5a5
40aaa5a5
40aba5a5
40aca5a5
40ada5a5
40aea5a5
40afa5a5
40b0a5a5
40b1a5a5
40b2a5a5
40b3a5a5
40b4a5a5
40b5a5a5
40b6a5a5
40b7a5a5
40b8a5a5
40b9a5a5
40baa5a5
40bba5a5
40bca5a5
40bda5a5
40bea5a5
40bfa5a5
40c0a5a5
40c1a5a5
40c2a5a5
40c3a5a5
40c4a5a5
40c5a5a5
40c6a5a5
40c7a5a5
40c8a5a5
40c9a5a5
40caa5a5
40cba5a5
40cca5a5
40cda5a5
40cea5a5
40cfa5a5
40d0a5a5
40d1a5a5
40d2a5a5
40d3a5a5
40d4a5a5
40d5a5a5
40d6a5a5
40d7a5a5
40d8a5a5
40d9a5a5
40daa5a5
40dba5a5
40dca5a5
40dda5a5
40dea5a5
40dfa5a5
40e0a5a5
40e1a5a5
40e2a5a5
40e3a5a5
40e4a5a5
40e5a5a5
40e6a5a5
40e7a5a5
40e8a5a5
40e9a5a5
40eaa5a5
40eba5a5
40eca5a5
40eda5a5
40eea5a5
40efa5a5
40f0a5a5
40f1a5a5
40f2a5a5
40f3a5a5
40f4a5a5
40f5a5a5
40f6a5a5
40f7a5a5
40f8a5a5
40f9a5a5
40faa5a5
40fba5a5
40fca5a5
40fda5a5
40fea5a5
40ffa5a5
4100a5a5
4101a5a5
4102a5a5
4103a5a5
4104a5a5
4105a5a5
4106a5a5
4107a5a5
4108a5a5
4109a5a5
410aa5a5
410ba5a5
410ca5a5
410da5a5
410ea5a5
410fa5a5
4110a5a5
4111a5a5
4112a5a5
4113a5a5
4114a5a5
4115a5a5
4116a5a5
4117a5a5
4118a5a5
4119a5a5
411aa5a5
411ba5a5
411ca5a5
411da5a5
411ea5a5
411fa5a5
4120a5a5
4121a5a5
4122a5a5
4123a5a5
4124a5a5
4125a5a5
4126a5a5
4127a5a5
4128a5a5
4129a5a5
412aa5a5
412ba5a5
412ca5a5
412da5a5
412ea5a5
412fa5a5
4130a5a5
4131a5a5
4132a5a5
4133a5a5
4134a5a5
4135a5a5
4136a5a5
4137a5a5
4138a5a5
4139a5a5
413aa5a5
413ba5a5
413ca5a5
413da5a5
413ea5a5
413fa5a5
4140a5a5
4141a5a5
4142a5a5
4143a5a5
4144a5a5
4145a5a5
4146a5a5
4147a5a5
4148a5a5
4149a5a5
414aa5a5
414ba5a5
414ca5a5
414da5a5
414ea5a5
414fa5a5
4150a5a5
4151a5a5
4152a5a5
4153a5a5
4154a5a5
4155a5a5
4156a5a5
4157a5a5
4158a5a5
4159a5a5
415aa5a5
415ba5a5
415ca5a5
415da5a5
415ea5a5
415fa5a5
4160a5a5
4161a5a5
4162a5a5
4163a5a5
4164a5a5
4165a5a5
4166a5a5
4167a5a5
4168a5a5
4169a5a5
416aa5a5
416ba5a5
416ca5a5
416da5a5
416ea5a5
416fa5a5
4170a5a5
4171a5a5
4172a5a5
4173a5a5
4174a5a5
4175a5a5
4176a5a5
4177a5a5
4178a5a5
4179a5a5
417aa5a5
417ba5a5
417ca5a5
417da5a5
417ea5a5
417fa5a5
4180a5a5
4181a5a5
4182a5a5
4183a5a5
4184a5a5
4185a5a5
4186a5a5
4187a5a5
4188a5a5
4189a5a5
418aa5a5
418ba5a5
418ca5a5
418da5a5
418ea5a5
418fa5a5
4190a5a5
4191a5a5
4192a5a5
4193a5a5
4194a5a5
4195a5a5
4196a5a5
4197a5a5
4198a5a5
4199a5a5
419aa5a5
419ba5a5
419ca5a5
419da5a5
419ea5a5
419fa5a5
41a0a5a5
41a1a5a5
41a2a5a5
41a3a5a5
41a4a5a5
41a5a5a5
41a6a5a5
41a7a5a5
41a8a5a5
41a9a5a5
41aaa5a5
41aba5a5
41aca5a5
41ada5a5
41aea5a5
41afa5a5
41b0a5a5
41b1a5a5
41b2a5a5
41b3a5a5
41b4a5a5
41b5a5a5
41b6a5a5
41b7a5a5
41b8a5a5
41b9a5a5
41baa5a5
41bba5a5
41bca5a5
41bda5a5
41bea5a5
41bfa5a5
41c0a5a5
41c1a5a5
41c2a5a5
41c3a5a5
41c4a5a5
41c5a5a5
41c6a5a5
41c7a5a5
41c8a5a5
41c9a5a5
41caa5a5
41cba5a5
41cca5a5
41cda5a5
41cea5a5
41cfa5a5
41d0a5a5
41d1a5a5
41d2a5a5
41d3a5a5
41d4a5a5
41d5a5a5
41d6a5a5
41d7a5a5
41d8a5a5
41d9a5a5
41daa5a5
41dba5a5
41dca5a5
41dda5a5
41dea5a5
41dfa5a5
41e0a5a5
41e1a5a5
41e2a5a5
41e3a5a5
41e4a5a5
41e5a5a5
41e6a5a5
41e7a5a5
41e8a5a5
41e9a5a5
41eaa5a5
41eba5a5
41eca5a5
41eda5a5
41eea5a5
41efa5a5
41f0a5a5
41f1a5a5
41f2a5a5
41f3a5a5
41f4a5a5
41f5a5a5
41f6a5a5
41f7a5a5
41f8a5a5
41f9a5a5
41faa5a5
41fba5a5
41fca5a5
41fda5a5
41fea5a5
41ffa5a5
4200a5a5
4201a5a5
4202a5a5
4203a5a5
4204a5a5
4205a5a5
4206a5a5
4207a5a5
4208a5a5
4209a5a5
420aa5a5
420ba5a5
420ca5a5
420da5a5
420ea5a5
420fa5a5
4210a5a5
4211a5a5
4212a5a5
4213a5a5
4214a5a5
4215a5a5
4216a5a5
4217a5a5
4218a5a5
4219a5a5
421aa5a5
421ba5a5
421ca5a5
421da5a5
421ea5a5
421fa5a5
4220a5a5
4221a5a5
4222a5a5
4223a5a5
4224a5a5
4225a5a5
4226a5a5
4227a5a5
4228a5a5
4229a5a5
422aa5a5
422ba5a5
422ca5a5
422da5a5
422ea5a5
422fa5a5
4230a5a5
4231a5a5
4232a5a5
4233a5a5
4234a5a5
4235a5a5
4236a5a5
4237a5a5
4238a5a5
4239a5a5
423aa5a5
423ba5a5
423ca5a5
423da5a5
423ea5a5
423fa5a5
4240a5a5
4241a5a5
4242a5a5
4243a5a5
4244a5a5
4245a5a5
4246a5a5
4247a5a5
4248a5a5
4249a5a5
424aa5a5
424ba5a5
424ca5a5
424da5a5
424ea5a5
424fa5a5
4250a5a5
4251a5a5
4252a5a5
4253a5a5
4254a5a5
4255a5a5
4256a5a5
4257a5a5
4258a5a5
4259a5a5
425aa5a5
425ba5a5
425ca5a5
425da5a5
425ea5a5
425fa5a5
4260a5a5
4261a5a5
4262a5a5
4263a5a5
4264a5a5
4265a5a5
4266a5a5
4267a5a5
4268a5a5
4269a5a5
426aa5a5
426ba5a5
426ca5a5
426da5a5
426ea5a5
426fa5a5
4270a5a5
4271a5a5
4272a5a5
4273a5a5
4274a5a5
4275a5a5
4276a5a5
4277a5a5
4278a5a5
4279a5a5
427aa5a5
427ba5a5
427ca5a5
427da5a5
427ea5a5
427fa5a5
4280a5a5
4281a5a5
4282a5a5
4283a5a5
4284a5a5
4285a5a5
4286a5a5
4287a5a5
4288a5a5
4289a5a5
428aa5a5
428ba5a5
428ca5a5
428da5a5
428ea5a5
428fa5a5
4290a5a5
4291a5a5
4292a5a5
4293a5a5
4294a5a5
4295a5a5
4296a5a5
4297a5a5
4298a5a5
4299a5a5
429aa5a5
429ba5a5
429ca5a5
429da5a5
429ea5a5
429fa5a5
42a0a5a5
42a1a5a5
42a2a5a5
42a3a5a5
42a4a5a5
42a5a5a5
42a6a5a5
42a7a5a5
42a8a5a5
42a9a5a5
42aaa5a5
42aba5a5
42aca5a5
42ada5a5
42aea5a5
42afa5a5
42b0a5a5
42b1a5a5
42b2a5a5
42b3a5a5
42b4a5a5
42b5a5a5
42b6a5a5
42b7a5a5
42b8a5a5
42b9a5a5
42baa5a5
42bba5a5
42bca5a5
42bda5a5
42bea5a5
42bfa5a5
42c0a5a5
42c1a5a5
42c2a5a5
42c3a5a5
42c4a5a5
42c5a5a5
42c6a5a5
42c7a5a5
42c8a5a5
42c9a5a5
42caa5a5
42cba5a5
42cca5a5
42cda5a5
42cea5a5
42cfa5a5
42d0a5a5
42d1a5a5
42d2a5a5
42d3a5a5
42d4a5a5
42d5a5a5
42d6a5a5
42d7a5a5
42d8a5a5
42d9a5a5
42daa5a5
42dba5a5
42dca5a5
42dda5a5
42dea5a5
42dfa5a5
42e0a5a5
42e1a5a5
42e2a5a5
42e3a5a5
42e4a5a5
42e5a5a5
42e6a5a5
42e7a5a5
42e8a5a5
42e9a5a5
42eaa5a5
42eba5a5
42eca5a5
42eda5a5
42eea5a5
42efa5a5
42f0a5a5
42f1a5a5
42f2a5a5
42f3a5a5
42f4a5a5
42f5a5a5
42f6a5a5
42f7a5a5
42f8a5a5
42f9a5a5
42faa5a5
42fba5a5
42fca5a5
42fda5a5
42fea5a5
42ffa5a5
4300a5a5
4301a5a5
4302a5a5
4303a5a5
4304a5a5
4305a5a5
4306a5a5
4307a5a5
4308a5a5
4309a5a5
430aa5a5
430ba5a5
430ca5a5
430da5a5
430ea5a5
430fa5a5
4310a5a5
4311a5a5
4312a5a5
4313a5a5
4314a5a5
4315a5a5
4316a5a5
4317a5a5
4318a5a5
4319a5a5
431aa5a5
431ba5a5
431ca5a5
431da5a5
431ea5a5
431fa5a5
4320a5a5
4321a5a5
4322a5a5
4323a5a5
4324a5a5
4325a5a5
4326a5a5
4327a5a5
4328a5a5
4329a5a5
432aa5a5
432ba5a5
432ca5a5
432da5a5
432ea5a5
432fa5a5
4330a5a5
4331a5a5
4332a5a5
4333a5a5
4334a5a5
4335a5a5
4336a5a5
4337a5a5
4338a5a5
4339a5a5
433aa5a5
433ba5a5
433ca5a5
433da5a5
433ea5a5
433fa5a5
4340a5a5
4341a5a5
4342a5a5
4343a5a5
4344a5a5
4345a5a5
4346a5a5
4347a5a5
4348a5a5
4349a5a5
434aa5a5
434ba5a5
434ca5a5
434da5a5
434ea5a5
434fa5a5
4350a5a5
4351a5a5
4352a5a5
4353a5a5
4354a5a5
4355a5a5
4356a5a5
4357a5a5
4358a5a5
4359a5a5
435aa5a5
435ba5a5
435ca5a5
435da5a5
435ea5a5
435fa5a5
4360a5a5
4361a5a5
4362a5a5
4363a5a5
4364a5a5
4365a5a5
4366a5a5
4367a5a5
4368a5a5
4369a5a5
436aa5a5
436ba5a5
436ca5a5
436da5a5
436ea5a5
436fa5a5
4370a5a5
4371a5a5
4372a5a5
4373a5a5
4374a5a5
4375a5a5
4376a5a5
4377a5a5
4378a5a5
4379a5a5
437aa5a5
437ba5a5
437ca5a5
437da5a5
437ea5a5
437fa5a5
4380a5a5
4381a5a5
4382a5a5
4383a5a5
4384a5a5
4385a5a5
4386a5a5
4387a5a5
4388a5a5
4389a5a5
438aa5a5
438ba5a5
438ca5a5
438da5a5
438ea5a5
438fa5a5
4390a5a5
4391a5a5
4392a5a5
4393a5a5
4394a5a5
4395a5a5
4396a5a5
4397a5a5
4398a5a5
4399a5a5
439aa5a5
439ba5a5
439ca5a5
439da5a5
439ea5a5
439fa5a5
43a0a5a5
43a1a5a5
43a2a5a5
43a3a5a5
43a4a5a5
43a5a5a5
43a6a5a5
43a7a5a5
43a8a5a5
43a9a5a5
43aaa5a5
43aba5a5
43aca5a5
43ada5a5
43aea5a5
43afa5a5
43b0a5a5
43b1a5a5
43b2a5a5
43b3a5a5
43b4a5a5
43b5a5a5
43b6a5a5
43b7a5a5
43b8a5a5
43b9a5a5
43baa5a5
43bba5a5
43bca5a5
43bda5a5
43bea5a5
43bfa5a5
43c0a5a5
43c1a5a5
43c2a5a5
43c3a5a5
43c4a5a5
43c5a5a5
43c6a5a5
43c7a5a5
43c8a5a5
43c9a5a5
43caa5a5
43cba5a5
43cca5a5
43cda5a5
43cea5a5
43cfa5a5
43d0a5a5
43d1a5a5
43d2a5a5
43d3a5a5
43d4a5a5
43d5a5a5
43d6a5a5
43d7a5a5
43d8a5a5
43d9a5a5
43daa5a5
43dba5a5
43dca5a5
43dda5a5
43dea5a5
43dfa5a5
43e0a5a5
43e1a5a5
43e2a5a5
43e3a5a5
43e4a5a5
43e5a5a5
43e6a5a5
43e7a5a5
43e8a5a5
43e9a5a5
43eaa5a5
43eba5a5
43eca5a5
43eda5a5
43eea5a5
43efa5a5
43f0a5a5
43f1a5a5
43f2a5a5
43f3a5a5
43f4a5a5
43f5a5a5
43f6a5a5
43f7a5a5
43f8a5a5
43f9a5a5
43faa5a5
43fba5a5
43fca5a5
43fda5a5
43fea5a5
43ffa5a5
4400a5a5
4401a5a5
4402a5a5
4403a5a5
4404a5a5
4405a5a5
4406a5a5
4407a5a5
4408a5a5
4409a5a5
440aa5a5
440ba5a5
440ca5a5
440da5a5
440ea5a5
440fa5a5
4410a5a5
4411a5a5
4412a5a5
4413a5a5
4414a5a5
4415a5a5
4416a5a5
4417a5a5
4418a5a5
4419a5a5
441aa5a5
441ba5a5
441ca5a5
441da5a5
441ea5a5
441fa5a5
4420a5a5
4421a5a5
4422a5a5
4423a5a5
4424a5a5
4425a5a5
4426a5a5
4427a5a5
4428a5a5
4429a5a5
442aa5a5
442ba5a5
442ca5a5
442da5a5
442ea5a5
442fa5a5
4430a5a5
4431a5a5
4432a5a5
4433a5a5
4434a5a5
4435a5a5
4436a5a5
4437a5a5
4438a5a5
4439a5a5
443aa5a5
443ba5a5
443ca5a5
443da5a5
443ea5a5
443fa5a5
4440a5a5
4441a5a5
4442a5a5
4443a5a5
4444a5a5
4445a5a5
4446a5a5
4447a5a5
4448a5a5
4449a5a5
444aa5a5
444ba5a5
444ca5a5
444da5a5
444ea5a5
444fa5a5
4450a5a5
4451a5a5
4452a5a5
4453a5a5
4454a5a5
4455a5a5
4456a5a5
4457a5a5
4458a5a5
4459a5a5
445aa5a5
445ba5a5
445ca5a5
445da5a5
445ea5a5
445fa5a5
4460a5a5
4461a5a5
4462a5a5
4463a5a5
4464a5a5
4465a5a5
4466a5a5
4467a5a5
4468a5a5
4469a5a5
446aa5a5
446ba5a5
446ca5a5
446da5a5
446ea5a5
446fa5a5
4470a5a5
4471a5a5
4472a5a5
4473a5a5
4474a5a5
4475a5a5
4476a5a5
4477a5a5
4478a5a5
4479a5a5
447aa5a5
447ba5a5
447ca5a5
447da5a5
447ea5a5
447fa5a5
4480a5a5
4481a5a5
4482a5a5
4483a5a5
4484a5a5
4485a5a5
4486a5a5
4487a5a5
4488a5a5
4489a5a5
448aa5a5
448ba5a5
448ca5a5
448da5a5
448ea5a5
448fa5a5
4490a5a5
4491a5a5
4492a5a5
4493a5a5
4494a5a5
4495a5a5
4496a5a5
4497a5a5
4498a5a5
4499a5a5
449aa5a5
449ba5a5
449ca5a5
449da5a5
449ea5a5
449fa5a5
44a0a5a5
44a1a5a5
44a2a5a5
44a3a5a5
44a4a5a5
44a5a5a5
44a6a5a5
44a7a5a5
44a8a5a5
44a9a5a5
44aaa5a5
44aba5a5
44aca5a5
44ada5a5
44aea5a5
44afa5a5
44b0a5a5
44b1a5a5
44b2a5a5
44b3a5a5
44b4a5a5
44b5a5a5
44b6a5a5
44b7a5a5
44b8a5a5
44b9a5a5
44baa5a5
44bba5a5
44bca5a5
44bda5a5
44bea5a5
44bfa5a5
44c0a5a5
44c1a5a5
44c2a5a5
44c3a5a5
44c4a5a5
44c5a5a5
44c6a5a5
44c7a5a5
44c8a5a5
44c9a5a5
44caa5a5
44cba5a5
44cca5a5
44cda5a5
44cea5a5
44cfa5a5
44d0a5a5
44d1a5a5
44d2a5a5
44d3a5a5
44d4a5a5
44d5a5a5
44d6a5a5
44d7a5a5
44d8a5a5
44d9a5a5
44daa5a5
44dba5a5
44dca5a5
44dda5a5
44dea5a5
44dfa5a5
44e0a5a5
44e1a5a5
44e2a5a5
44e3a5a5
44e4a5a5
44e5a5a5
44e6a5a5
44e7a5a5
44e8a5a5
44e9a5a5
44eaa5a5
44eba5a5
44eca5a5
44eda5a5
44eea5a5
44efa5a5
44f0a5a5
44f1a5a5
44f2a5a5
44f3a5a5
44f4a5a5
44f5a5a5
44f6a5a5
44f7a5a5
44f8a5a5
44f9a5a5
44faa5a5
44fba5a5
44fca5a5
44fda5a5
44fea5a5
44ffa5a5
4500a5a5
4501a5a5
4502a5a5
4503a5a5
4504a5a5
4505a5a5
4506a5a5
4507a5a5
4508a5a5
4509a5a5
450aa5a5
450ba5a5
450ca5a5
450da5a5
450ea5a5
450fa5a5
4510a5a5
4511a5a5
4512a5a5
4513a5a5
4514a5a5
4515a5a5
4516a5a5
4517a5a5
4518a5a5
4519a5a5
451aa5a5
451ba5a5
451ca5a5
451da5a5
451ea5a5
451fa5a5
4520a5a5
4521a5a5
4522a5a5
4523a5a5
4524a5a5
4525a5a5
4526a5a5
4527a5a5
4528a5a5
4529a5a5
452aa5a5
452ba5a5
452ca5a5
452da5a5
452ea5a5
452fa5a5
4530a5a5
4531a5a5
4532a5a5
4533a5a5
4534a5a5
4535a5a5
4536a5a5
4537a5a5
4538a5a5
4539a5a5
453aa5a5
453ba5a5
453ca5a5
453da5a5
453ea5a5
453fa5a5
4540a5a5
4541a5a5
4542a5a5
4543a5a5
4544a5a5
4545a5a5
4546a5a5
4547a5a5
4548a5a5
4549a5a5
454aa5a5
454ba5a5
454ca5a5
454da5a5
454ea5a5
454fa5a5
4550a5a5
4551a5a5
4552a5a5
4553a5a5
4554a5a5
4555a5a5
4556a5a5
4557a5a5
4558a5a5
4559a5a5
455aa5a5
455ba5a5
455ca5a5
455da5a5
455ea5a5
455fa5a5
4560a5a5
4561a5a5
4562a5a5
4563a5a5
4564a5a5
4565a5a5
4566a5a5
4567a5a5
4568a5a5
4569a5a5
456aa5a5
456ba5a5
456ca5a5
456da5a5
456ea5a5
456fa5a5
4570a5a5
4571a5a5
4572a5a5
4573a5a5
4574a5a5
4575a5a5
4576a5a5
4577a5a5
4578a5a5
4579a5a5
457aa5a5
457ba5a5
457ca5a5
457da5a5
457ea5a5
457fa5a5
4580a5a5
4581a5a5
4582a5a5
4583a5a5
4584a5a5
4585a5a5
4586a5a5
4587a5a5
4588a5a5
4589a5a5
458aa5a5
458ba5a5
458ca5a5
458da5a5
458ea5a5
458fa5a5
4590a5a5
4591a5a5
4592a5a5
4593a5a5
4594a5a5
4595a5a5
4596a5a5
4597a5a5
4598a5a5
4599a5a5
459aa5a5
459ba5a5
459ca5a5
459da5a5
459ea5a5
459fa5a5
45a0a5a5
45a1a5a5
45a2a5a5
45a3a5a5
45a4a5a5
45a5a5a5
45a6a5a5
45a7a5a5
45a8a5a5
45a9a5a5
45aaa5a5
45aba5a5
45aca5a5
45ada5a5
45aea5a5
45afa5a5
45b0a5a5
45b1a5a5
45b2a5a5
45b3a5a5
45b4a5a5
45b5a5a5
45b6a5a5
45b7a5a5
45b8a5a5
45b9a5a5
45baa5a5
45bba5a5
45bca5a5
45bda5a5
45bea5a5
45bfa5a5
45c0a5a5
45c1a5a5
45c2a5a5
45c3a5a5
45c4a5a5
45c5a5a5
45c6a5a5
45c7a5a5
45c8a5a5
45c9a5a5
45caa5a5
45cba5a5
45cca5a5
45cda5a5
45cea5a5
45cfa5a5
45d0a5a5
45d1a5a5
45d2a5a5
45d3a5a5
45d4a5a5
45d5a5a5
45d6a5a5
45d7a5a5
45d8a5a5
45d9a5a5
45daa5a5
45dba5a5
45dca5a5
45dda5a5
45dea5a5
45dfa5a5
45e0a5a5
45e1a5a5
45e2a5a5
45e3a5a5
45e4a5a5
45e5a5a5
45e6a5a5
45e7a5a5
45e8a5a5
45e9a5a5
45eaa5a5
45eba5a5
45eca5a5
45eda5a5
45eea5a5
45efa5a5
45f0a5a5
45f1a5a5
45f2a5a5
45f3a5a5
45f4a5a5
45f5a5a5
45f6a5a5
45f7a5a5
45f8a5a5
45f9a5a5
45faa5a5
45fba5a5
45fca5a5
45fda5a5
45fea5a5
45ffa5a5
4600a5a5
4601a5a5
4602a5a5
4603a5a5
4604a5a5
4605a5a5
4606a5a5
4607a5a5
4608a5a5
4609a5a5
460aa5a5
460ba5a5
460ca5a5
460da5a5
460ea5a5
460fa5a5
4610a5a5
4611a5a5
4612a5a5
4613a5a5
4614a5a5
4615a5a5
4616a5a5
4617a5a5
4618a5a5
4619a5a5
461aa5a5
461ba5a5
461ca5a5
461da5a5
461ea5a5
461fa5a5
4620a5a5
4621a5a5
4622a5a5
4623a5a5
4624a5a5
4625a5a5
4626a5a5
4627a5a5
4628a5a5
4629a5a5
462aa5a5
462ba5a5
462ca5a5
462da5a5
462ea5a5
462fa5a5
4630a5a5
4631a5a5
4632a5a5
4633a5a5
4634a5a5
4635a5a5
4636a5a5
4637a5a5
4638a5a5
4639a5a5
463aa5a5
463ba5a5
463ca5a5
463da5a5
463ea5a5
463fa5a5
4640a5a5
4641a5a5
4642a5a5
4643a5a5
4644a5a5
4645a5a5
4646a5a5
4647a5a5
4648a5a5
4649a5a5
464aa5a5
464ba5a5
464ca5a5
464da5a5
464ea5a5
464fa5a5
4650a5a5
4651a5a5
4652a5a5
4653a5a5
4654a5a5
4655a5a5
4656a5a5
4657a5a5
4658a5a5
4659a5a5
465aa5a5
465ba5a5
465ca5a5
465da5a5
465ea5a5
465fa5a5
4660a5a5
4661a5a5
4662a5a5
4663a5a5
4664a5a5
4665a5a5
4666a5a5
4667a5a5
4668a5a5
4669a5a5
466aa5a5
466ba5a5
466ca5a5
466da5a5
466ea5a5
466fa5a5
4670a5a5
4671a5a5
4672a5a5
4673a5a5
4674a5a5
4675a5a5
4676a5a5
4677a5a5
4678a5a5
4679a5a5
467aa5a5
467ba5a5
467ca5a5
467da5a5
467ea5a5
467fa5a5
4680a5a5
4681a5a5
4682a5a5
4683a5a5
4684a5a5
4685a5a5
4686a5a5
4687a5a5
4688a5a5
4689a5a5
468aa5a5
468ba5a5
468ca5a5
468da5a5
468ea5a5
468fa5a5
4690a5a5
4691a5a5
4692a5a5
4693a5a5
4694a5a5
4695a5a5
4696a5a5
4697a5a5
4698a5a5
4699a5a5
469aa5a5
469ba5a5
469ca5a5
469da5a5
469ea5a5
469fa5a5
46a0a5a5
46a1a5a5
46a2a5a5
46a3a5a5
46a4a5a5
46a5a5a5
46a6a5a5
46a7a5a5
46a8a5a5
46a9a5a5
46aaa5a5
46aba5a5
46aca5a5
46ada5a5
46aea5a5
46afa5a5
46b0a5a5
46b1a5a5
46b2a5a5
46b3a5a5
46b4a5a5
46b5a5a5
46b6a5a5
46b7a5a5
46b8a5a5
46b9a5a5
46baa5a5
46bba5a5
46bca5a5
46bda5a5
46bea5a5
46bfa5a5
46c0a5a5
46c1a5a5
46c2a5a5
46c3a5a5
46c4a5a5
46c5a5a5
46c6a5a5
46c7a5a5
46c8a5a5
46c9a5a5
46caa5a5
46cba5a5
46cca5a5
46cda5a5
46cea5a5
46cfa5a5
46d0a5a5
46d1a5a5
46d2a5a5
46d3a5a5
46d4a5a5
46d5a5a5
46d6a5a5
46d7a5a5
46d8a5a5
46d9a5a5
46daa5a5
46dba5a5
46dca5a5
46dda5a5
46dea5a5
46dfa5a5
46e0a5a5
46e1a5a5
46e2a5a5
46e3a5a5
46e4a5a5
46e5a5a5
46e6a5a5
46e7a5a5
46e8a5a5
46e9a5a5
46eaa5a5
46eba5a5
46eca5a5
46eda5a5
46eea5a5
46efa5a5
46f0a5a5
46f1a5a5
46f2a5a5
46f3a5a5
46f4a5a5
46f5a5a5
46f6a5a5
46f7a5a5
46f8a5a5
46f9a5a5
46faa5a5
46fba5a5
46fca5a5
46fda5a5
46fea5a5
46ffa5a5
4700a5a5
4701a5a5
4702a5a5
4703a5a5
4704a5a5
4705a5a5
4706a5a5
4707a5a5
4708a5a5
4709a5a5
470aa5a5
470ba5a5
470ca5a5
470da5a5
470ea5a5
470fa5a5
4710a5a5
4711a5a5
4712a5a5
4713a5a5
4714a5a5
4715a5a5
4716a5a5
4717a5a5
4718a5a5
4719a5a5
471aa5a5
471ba5a5
471ca5a5
471da5a5
471ea5a5
471fa5a5
4720a5a5
4721a5a5
4722a5a5
4723a5a5
4724a5a5
4725a5a5
4726a5a5
4727a5a5
4728a5a5
4729a5a5
472aa5a5
472ba5a5
472ca5a5
472da5a5
472ea5a5
472fa5a5
4730a5a5
4731a5a5
4732a5a5
4733a5a5
4734a5a5
4735a5a5
4736a5a5
4737a5a5
4738a5a5
4739a5a5
473aa5a5
473ba5a5
473ca5a5
473da5a5
473ea5a5
473fa5a5
4740a5a5
4741a5a5
4742a5a5
4743a5a5
4744a5a5
4745a5a5
4746a5a5
4747a5a5
4748a5a5
4749a5a5
474aa5a5
474ba5a5
474ca5a5
474da5a5
474ea5a5
474fa5a5
4750a5a5
4751a5a5
4752a5a5
4753a5a5
4754a5a5
4755a5a5
4756a5a5
4757a5a5
4758a5a5
4759a5a5
475aa5a5
475ba5a5
475ca5a5
475da5a5
475ea5a5
475fa5a5
4760a5a5
4761a5a5
4762a5a5
4763a5a5
4764a5a5
4765a5a5
4766a5a5
4767a5a5
4768a5a5
4769a5a5
476aa5a5
476ba5a5
476ca5a5
476da5a5
476ea5a5
476fa5a5
4770a5a5
4771a5a5
4772a5a5
4773a5a5
4774a5a5
4775a5a5
4776a5a5
4777a5a5
4778a5a5
4779a5a5
477aa5a5
477ba5a5
477ca5a5
477da5a5
477ea5a5
477fa5a5
4780a5a5
4781a5a5
4782a5a5
4783a5a5
4784a5a5
4785a5a5
4786a5a5
4787a5a5
4788a5a5
4789a5a5
478aa5a5
478ba5a5
478ca5a5
478da5a5
478ea5a5
478fa5a5
4790a5a5
4791a5a5
4792a5a5
4793a5a5
4794a5a5
4795a5a5
4796a5a5
4797a5a5
4798a5a5
4799a5a5
479aa5a5
479ba5a5
479ca5a5
479da5a5
479ea5a5
479fa5a5
47a0a5a5
47a1a5a5
47a2a5a5
47a3a5a5
47a4a5a5
47a5a5a5
47a6a5a5
47a7a5a5
47a8a5a5
47a9a5a5
47aaa5a5
47aba5a5
47aca5a5
47ada5a5
47aea5a5
47afa5a5
47b0a5a5
47b1a5a5
47b2a5a5
47b3a5a5
47b4a5a5
47b5a5a5
47b6a5a5
47b7a5a5
47b8a5a5
47b9a5a5
47baa5a5
47bba5a5
47bca5a5
47bda5a5
47bea5a5
47bfa5a5
47c0a5a5
47c1a5a5
47c2a5a5
47c3a5a5
47c4a5a5
47c5a5a5
47c6a5a5
47c7a5a5
47c8a5a5
47c9a5a5
47caa5a5
47cba5a5
47cca5a5
47cda5a5
47cea5a5
47cfa5a5
47d0a5a5
47d1a5a5
47d2a5a5
47d3a5a5
47d4a5a5
47d5a5a5
47d6a5a5
47d7a5a5
47d8a5a5
47d9a5a5
47daa5a5
47dba5a5
47dca5a5
47dda5a5
47dea5a5
47dfa5a5
47e0a5a5
47e1a5a5
47e2a5a5
47e3a5a5
47e4a5a5
47e5a5a5
47e6a5a5
47e7a5a5
47e8a5a5
47e9a5a5
47eaa5a5
47eba5a5
47eca5a5
47eda5a5
47eea5a5
47efa5a5
47f0a5a5
47f1a5a5
47f2a5a5
47f3a5a5
47f4a5a5
47f5a5a5
47f6a5a5
47f7a5a5
47f8a5a5
47f9a5a5
47faa5a5
47fba5a5
47fca5a5
47fda5a5
47fea5a5
47ffa5a5
4800a5a5
4801a5a5
4802a5a5
4803a5a5
4804a5a5
4805a5a5
4806a5a5
4807a5a5
4808a5a5
4809a5a5
480aa5a5
480ba5a5
480ca5a5
480da5a5
480ea5a5
480fa5a5
4810a5a5
4811a5a5
4812a5a5
4813a5a5
4814a5a5
4815a5a5
4816a5a5
4817a5a5
4818a5a5
4819a5a5
481aa5a5
481ba5a5
481ca5a5
481da5a5
481ea5a5
481fa5a5
4820a5a5
4821a5a5
4822a5a5
4823a5a5
4824a5a5
4825a5a5
4826a5a5
4827a5a5
4828a5a5
4829a5a5
482aa5a5
482ba5a5
482ca5a5
482da5a5
482ea5a5
482fa5a5
4830a5a5
4831a5a5
4832a5a5
4833a5a5
4834a5a5
4835a5a5
4836a5a5
4837a5a5
4838a5a5
4839a5a5
483aa5a5
483ba5a5
483ca5a5
483da5a5
483ea5a5
483fa5a5
4840a5a5
4841a5a5
4842a5a5
4843a5a5
4844a5a5
4845a5a5
4846a5a5
4847a5a5
4848a5a5
4849a5a5
484aa5a5
484ba5a5
484ca5a5
484da5a5
484ea5a5
484fa5a5
4850a5a5
4851a5a5
4852a5a5
4853a5a5
4854a5a5
4855a5a5
4856a5a5
4857a5a5
4858a5a5
4859a5a5
485aa5a5
485ba5a5
485ca5a5
485da5a5
485ea5a5
485fa5a5
4860a5a5
4861a5a5
4862a5a5
4863a5a5
4864a5a5
4865a5a5
4866a5a5
4867a5a5
4868a5a5
4869a5a5
486aa5a5
486ba5a5
486ca5a5
486da5a5
486ea5a5
486fa5a5
4870a5a5
4871a5a5
4872a5a5
4873a5a5
4874a5a5
4875a5a5
4876a5a5
4877a5a5
4878a5a5
4879a5a5
487aa5a5
487ba5a5
487ca5a5
487da5a5
487ea5a5
487fa5a5
4880a5a5
4881a5a5
4882a5a5
4883a5a5
4884a5a5
4885a5a5
4886a5a5
4887a5a5
4888a5a5
4889a5a5
488aa5a5
488ba5a5
488ca5a5
488da5a5
488ea5a5
488fa5a5
4890a5a5
4891a5a5
4892a5a5
4893a5a5
4894a5a5
4895a5a5
4896a5a5
4897a5a5
4898a5a5
4899a5a5
489aa5a5
489ba5a5
489ca5a5
489da5a5
489ea5a5
489fa5a5
48a0a5a5
48a1a5a5
48a2a5a5
48a3a5a5
48a4a5a5
48a5a5a5
48a6a5a5
48a7a5a5
48a8a5a5
48a9a5a5
48aaa5a5
48aba5a5
48aca5a5
48ada5a5
48aea5a5
48afa5a5
48b0a5a5
48b1a5a5
48b2a5a5
48b3a5a5
48b4a5a5
48b5a5a5
48b6a5a5
48b7a5a5
48b8a5a5
48b9a5a5
48baa5a5
48bba5a5
48bca5a5
48bda5a5
48bea5a5
48bfa5a5
48c0a5a5
48c1a5a5
48c2a5a5
48c3a5a5
48c4a5a5
48c5a5a5
48c6a5a5
48c7a5a5
48c8a5a5
48c9a5a5
48caa5a5
48cba5a5
48cca5a5
48cda5a5
48cea5a5
48cfa5a5
48d0a5a5
48d1a5a5
48d2a5a5
48d3a5a5
48d4a5a5
48d5a5a5
48d6a5a5
48d7a5a5
48d8a5a5
48d9a5a5
48daa5a5
48dba5a5
48dca5a5
48dda5a5
48dea5a5
48dfa5a5
48e0a5a5
48e1a5a5
48e2a5a5
48e3a5a5
48e4a5a5
48e5a5a5
48e6a5a5
48e7a5a5
48e8a5a5
48e9a5a5
48eaa5a5
48eba5a5
48eca5a5
48eda5a5
48eea5a5
48efa5a5
48f0a5a5
48f1a5a5
48f2a5a5
48f3a5a5
48f4a5a5
48f5a5a5
48f6a5a5
48f7a5a5
48f8a5a5
48f9a5a5
48faa5a5
48fba5a5
48fca5a5
48fda5a5
48fea5a5
48ffa5a5
4900a5a5
4901a5a5
4902a5a5
4903a5a5
4904a5a5
4905a5a5
4906a5a5
4907a5a5
4908a5a5
4909a5a5
490aa5a5
490ba5a5
490ca5a5
490da5a5
490ea5a5
490fa5a5
4910a5a5
4911a5a5
4912a5a5
4913a5a5
4914a5a5
4915a5a5
4916a5a5
4917a5a5
4918a5a5
4919a5a5
491aa5a5
491ba5a5
491ca5a5
491da5a5
491ea5a5
491fa5a5
4920a5a5
4921a5a5
4922a5a5
4923a5a5
4924a5a5
4925a5a5
4926a5a5
4927a5a5
4928a5a5
4929a5a5
492aa5a5
492ba5a5
492ca5a5
492da5a5
492ea5a5
492fa5a5
4930a5a5
4931a5a5
4932a5a5
4933a5a5
4934a5a5
4935a5a5
4936a5a5
4937a5a5
4938a5a5
4939a5a5
493aa5a5
493ba5a5
493ca5a5
493da5a5
493ea5a5
493fa5a5
4940a5a5
4941a5a5
4942a5a5
4943a5a5
4944a5a5
4945a5a5
4946a5a5
4947a5a5
4948a5a5
4949a5a5
494aa5a5
494ba5a5
494ca5a5
494da5a5
494ea5a5
494fa5a5
4950a5a5
4951a5a5
4952a5a5
4953a5a5
4954a5a5
4955a5a5
4956a5a5
4957a5a5
4958a5a5
4959a5a5
495aa5a5
495ba5a5
495ca5a5
495da5a5
495ea5a5
495fa5a5
4960a5a5
4961a5a5
4962a5a5
4963a5a5
4964a5a5
4965a5a5
4966a5a5
4967a5a5
4968a5a5
4969a5a5
496aa5a5
496ba5a5
496ca5a5
496da5a5
496ea5a5
496fa5a5
4970a5a5
4971a5a5
4972a5a5
4973a5a5
4974a5a5
4975a5a5
4976a5a5
4977a5a5
4978a5a5
4979a5a5
497aa5a5
497ba5a5
497ca5a5
497da5a5
497ea5a5
497fa5a5
4980a5a5
4981a5a5
4982a5a5
4983a5a5
4984a5a5
4985a5a5
4986a5a5
4987a5a5
4988a5a5
4989a5a5
498aa5a5
498ba5a5
498ca5a5
498da5a5
498ea5a5
498fa5a5
4990a5a5
4991a5a5
4992a5a5
4993a5a5
4994a5a5
4995a5a5
4996a5a5
4997a5a5
4998a5a5
4999a5a5
499aa5a5
499ba5a5
499ca5a5
499da5a5
499ea5a5
499fa5a5
49a0a5a5
49a1a5a5
49a2a5a5
49a3a5a5
49a4a5a5
49a5a5a5
49a6a5a5
49a7a5a5
49a8a5a5
49a9a5a5
49aaa5a5
49aba5a5
49aca5a5
49ada5a5
49aea5a5
49afa5a5
49b0a5a5
49b1a5a5
49b2a5a5
49b3a5a5
49b4a5a5
49b5a5a5
49b6a5a5
49b7a5a5
49b8a5a5
49b9a5a5
49baa5a5
49bba5a5
49bca5a5
49bda5a5
49bea5a5
49bfa5a5
49c0a5a5
49c1a5a5
49c2a5a5
49c3a5a5
49c4a5a5
49c5a5a5
49c6a5a5
49c7a5a5
49c8a5a5
49c9a5a5
49caa5a5
49cba5a5
49cca5a5
49cda5a5
49cea5a5
49cfa5a5
49d0a5a5
49d1a5a5
49d2a5a5
49d3a5a5
49d4a5a5
49d5a5a5
49d6a5a5
49d7a5a5
49d8a5a5
49d9a5a5
49daa5a5
49dba5a5
49dca5a5
49dda5a5
49dea5a5
49dfa5a5
49e0a5a5
49e1a5a5
49e2a5a5
49e3a5a5
49e4a5a5
49e5a5a5
49e6a5a5
49e7a5a5
49e8a5a5
49e9a5a5
49eaa5a5
49eba5a5
49eca5a5
49eda5a5
49eea5a5
49efa5a5
49f0a5a5
49f1a5a5
49f2a5a5
49f3a5a5
49f4a5a5
49f5a5a5
49f6a5a5
49f7a5a5
49f8a5a5
49f9a5a5
49faa5a5
49fba5a5
49fca5a5
49fda5a5
49fea5a5
49ffa5a5
4a00a5a5
4a01a5a5
4a02a5a5
4a03a5a5
4a04a5a5
4a05a5a5
4a06a5a5
4a07a5a5
4a08a5a5
4a09a5a5
4a0aa5a5
4a0ba5a5
4a0ca5a5
4a0da5a5
4a0ea5a5
4a0fa5a5
4a10a5a5
4a11a5a5
4a12a5a5
4a13a5a5
4a14a5a5
4a15a5a5
4a16a5a5
4a17a5a5
4a18a5a5
4a19a5a5
4a1aa5a5
4a1ba5a5
4a1ca5a5
4a1da5a5
4a1ea5a5
4a1fa5a5
4a20a5a5
4a21a5a5
4a22a5a5
4a23a5a5
4a24a5a5
4a25a5a5
4a26a5a5
4a27a5a5
4a28a5a5
4a29a5a5
4a2aa5a5
4a2ba5a5
4a2ca5a5
4a2da5a5
4a2ea5a5
4a2fa5a5
4a30a5a5
4a31a5a5
4a32a5a5
4a33a5a5
4a34a5a5
4a35a5a5
4a36a5a5
4a37a5a5
4a38a5a5
4a39a5a5
4a3aa5a5
4a3ba5a5
4a3ca5a5
4a3da5a5
4a3ea5a5
4a3fa5a5
4a40a5a5
4a41a5a5
4a42a5a5
4a43a5a5
4a44a5a5
4a45a5a5
4a46a5a5
4a47a5a5
4a48a5a5
4a49a5a5
4a4aa5a5
4a4ba5a5
4a4ca5a5
4a4da5a5
4a4ea5a5
4a4fa5a5
4a50a5a5
4a51a5a5
4a52a5a5
4a53a5a5
4a54a5a5
4a55a5a5
4a56a5a5
4a57a5a5
4a58a5a5
4a59a5a5
4a5aa5a5
4a5ba5a5
4a5ca5a5
4a5da5a5
4a5ea5a5
4a5fa5a5
4a60a5a5
4a61a5a5
4a62a5a5
4a63a5a5
4a64a5a5
4a65a5a5
4a66a5a5
4a67a5a5
4a68a5a5
4a69a5a5
4a6aa5a5
4a6ba5a5
4a6ca5a5
4a6da5a5
4a6ea5a5
4a6fa5a5
4a70a5a5
4a71a5a5
4a72a5a5
4a73a5a5
4a74a5a5
4a75a5a5
4a76a5a5
4a77a5a5
4a78a5a5
4a79a5a5
4a7aa5a5
4a7ba5a5
4a7ca5a5
4a7da5a5
4a7ea5a5
4a7fa5a5
4a80a5a5
4a81a5a5
4a82a5a5
4a83a5a5
4a84a5a5
4a85a5a5
4a86a5a5
4a87a5a5
4a88a5a5
4a89a5a5
4a8aa5a5
4a8ba5a5
4a8ca5a5
4a8da5a5
4a8ea5a5
4a8fa5a5
4a90a5a5
4a91a5a5
4a92a5a5
4a93a5a5
4a94a5a5
4a95a5a5
4a96a5a5
4a97a5a5
4a98a5a5
4a99a5a5
4a9aa5a5
4a9ba5a5
4a9ca5a5
4a9da5a5
4a9ea5a5
4a9fa5a5
4aa0a5a5
4aa1a5a5
4aa2a5a5
4aa3a5a5
4aa4a5a5
4aa5a5a5
4aa6a5a5
4aa7a5a5
4aa8a5a5
4aa9a5a5
4aaaa5a5
4aaba5a5
4aaca5a5
4aada5a5
4aaea5a5
4aafa5a5
4ab0a5a5
4ab1a5a5
4ab2a5a5
4ab3a5a5
4ab4a5a5
4ab5a5a5
4ab6a5a5
4ab7a5a5
4ab8a5a5
4ab9a5a5
4abaa5a5
4abba5a5
4abca5a5
4abda5a5
4abea5a5
4abfa5a5
4ac0a5a5
4ac1a5a5
4ac2a5a5
4ac3a5a5
4ac4a5a5
4ac5a5a5
4ac6a5a5
4ac7a5a5
4ac8a5a5
4ac9a5a5
4acaa5a5
4acba5a5
4acca5a5
4acda5a5
4acea5a5
4acfa5a5
4ad0a5a5
4ad1a5a5
4ad2a5a5
4ad3a5a5
4ad4a5a5
4ad5a5a5
4ad6a5a5
4ad7a5a5
4ad8a5a5
4ad9a5a5
4adaa5a5
4adba5a5
4adca5a5
4adda5a5
4adea5a5
4adfa5a5
4ae0a5a5
4ae1a5a5
4ae2a5a5
4ae3a5a5
4ae4a5a5
4ae5a5a5
4ae6a5a5
4ae7a5a5
4ae8a5a5
4ae9a5a5
4aeaa5a5
4aeba5a5
4aeca5a5
4aeda5a5
4aeea5a5
4aefa5a5
4af0a5a5
4af1a5a5
4af2a5a5
4af3a5a5
4af4a5a5
4af5a5a5
4af6a5a5
4af7a5a5
4af8a5a5
4af9a5a5
4afaa5a5
4afba5a5
4afca5a5
4afda5a5
4afea5a5
4affa5a5
4b00a5a5
4b01a5a5
4b02a5a5
4b03a5a5
4b04a5a5
4b05a5a5
4b06a5a5
4b07a5a5
4b08a5a5
4b09a5a5
4b0aa5a5
4b0ba5a5
4b0ca5a5
4b0da5a5
4b0ea5a5
4b0fa5a5
4b10a5a5
4b11a5a5
4b12a5a5
4b13a5a5
4b14a5a5
4b15a5a5
4b16a5a5
4b17a5a5
4b18a5a5
4b19a5a5
4b1aa5a5
4b1ba5a5
4b1ca5a5
4b1da5a5
4b1ea5a5
4b1fa5a5
4b20a5a5
4b21a5a5
4b22a5a5
4b23a5a5
4b24a5a5
4b25a5a5
4b26a5a5
4b27a5a5
4b28a5a5
4b29a5a5
4b2aa5a5
4b2ba5a5
4b2ca5a5
4b2da5a5
4b2ea5a5
4b2fa5a5
4b30a5a5
4b31a5a5
4b32a5a5
4b33a5a5
4b34a5a5
4b35a5a5
4b36a5a5
4b37a5a5
4b38a5a5
4b39a5a5
4b3aa5a5
4b3ba5a5
4b3ca5a5
4b3da5a5
4b3ea5a5
4b3fa5a5
4b40a5a5
4b41a5a5
4b42a5a5
4b43a5a5
4b44a5a5
4b45a5a5
4b46a5a5
4b47a5a5
4b48a5a5
4b49a5a5
4b4aa5a5
4b4ba5a5
4b4ca5a5
4b4da5a5
4b4ea5a5
4b4fa5a5
4b50a5a5
4b51a5a5
4b52a5a5
4b53a5a5
4b54a5a5
4b55a5a5
4b56a5a5
4b57a5a5
4b58a5a5
4b59a5a5
4b5aa5a5
4b5ba5a5
4b5ca5a5
4b5da5a5
4b5ea5a5
4b5fa5a5
4b60a5a5
4b61a5a5
4b62a5a5
4b63a5a5
4b64a5a5
4b65a5a5
4b66a5a5
4b67a5a5
4b68a5a5
4b69a5a5
4b6aa5a5
4b6ba5a5
4b6ca5a5
4b6da5a5
4b6ea5a5
4b6fa5a5
4b70a5a5
4b71a5a5
4b72a5a5
4b73a5a5
4b74a5a5
4b75a5a5
4b76a5a5
4b77a5a5
4b78a5a5
4b79a5a5
4b7aa5a5
4b7ba5a5
4b7ca5a5
4b7da5a5
4b7ea5a5
4b7fa5a5
4b80a5a5
4b81a5a5
4b82a5a5
4b83a5a5
4b84a5a5
4b85a5a5
4b86a5a5
4b87a5a5
4b88a5a5
4b89a5a5
4b8aa5a5
4b8ba5a5
4b8ca5a5
4b8da5a5
4b8ea5a5
4b8fa5a5
4b90a5a5
4b91a5a5
4b92a5a5
4b93a5a5
4b94a5a5
4b95a5a5
4b96a5a5
4b97a5a5
4b98a5a5
4b99a5a5
4b9aa5a5
4b9ba5a5
4b9ca5a5
4b9da5a5
4b9ea5a5
4b9fa5a5
4ba0a5a5
4ba1a5a5
4ba2a5a5
4ba3a5a5
4ba4a5a5
4ba5a5a5
4ba6a5a5
4ba7a5a5
4ba8a5a5
4ba9a5a5
4baaa5a5
4baba5a5
4baca5a5
4bada5a5
4baea5a5
4bafa5a5
4bb0a5a5
4bb1a5a5
4bb2a5a5
4bb3a5a5
4bb4a5a5
4bb5a5a5
4bb6a5a5
4bb7a5a5
4bb8a5a5
4bb9a5a5
4bbaa5a5
4bbba5a5
4bbca5a5
4bbda5a5
4bbea5a5
4bbfa5a5
4bc0a5a5
4bc1a5a5
4bc2a5a5
4bc3a5a5
4bc4a5a5
4bc5a5a5
4bc6a5a5
4bc7a5a5
4bc8a5a5
4bc9a5a5
4bcaa5a5
4bcba5a5
4bcca5a5
4bcda5a5
4bcea5a5
4bcfa5a5
4bd0a5a5
4bd1a5a5
4bd2a5a5
4bd3a5a5
4bd4a5a5
4bd5a5a5
4bd6a5a5
4bd7a5a5
4bd8a5a5
4bd9a5a5
4bdaa5a5
4bdba5a5
4bdca5a5
4bdda5a5
4bdea5a5
4bdfa5a5
4be0a5a5
4be1a5a5
4be2a5a5
4be3a5a5
4be4a5a5
4be5a5a5
4be6a5a5
4be7a5a5
4be8a5a5
4be9a5a5
4beaa5a5
4beba5a5
4beca5a5
4beda5a5
4beea5a5
4befa5a5
4bf0a5a5
4bf1a5a5
4bf2a5a5
4bf3a5a5
4bf4a5a5
4bf5a5a5
4bf6a5a5
4bf7a5a5
4bf8a5a5
4bf9a5a5
4bfaa5a5
4bfba5a5
4bfca5a5
4bfda5a5
4bfea5a5
4bffa5a5
4c00a5a5
4c01a5a5
4c02a5a5
4c03a5a5
4c04a5a5
4c05a5a5
4c06a5a5
4c07a5a5
4c08a5a5
4c09a5a5
4c0aa5a5
4c0ba5a5
4c0ca5a5
4c0da5a5
4c0ea5a5
4c0fa5a5
4c10a5a5
4c11a5a5
4c12a5a5
4c13a5a5
4c14a5a5
4c15a5a5
4c16a5a5
4c17a5a5
4c18a5a5
4c19a5a5
4c1aa5a5
4c1ba5a5
4c1ca5a5
4c1da5a5
4c1ea5a5
4c1fa5a5
4c20a5a5
4c21a5a5
4c22a5a5
4c23a5a5
4c24a5a5
4c25a5a5
4c26a5a5
4c27a5a5
4c28a5a5
4c29a5a5
4c2aa5a5
4c2ba5a5
4c2ca5a5
4c2da5a5
4c2ea5a5
4c2fa5a5
4c30a5a5
4c31a5a5
4c32a5a5
4c33a5a5
4c34a5a5
4c35a5a5
4c36a5a5
4c37a5a5
4c38a5a5
4c39a5a5
4c3aa5a5
4c3ba5a5
4c3ca5a5
4c3da5a5
4c3ea5a5
4c3fa5a5
4c40a5a5
4c41a5a5
4c42a5a5
4c43a5a5
4c44a5a5
4c45a5a5
4c46a5a5
4c47a5a5
4c48a5a5
4c49a5a5
4c4aa5a5
4c4ba5a5
4c4ca5a5
4c4da5a5
4c4ea5a5
4c4fa5a5
4c50a5a5
4c51a5a5
4c52a5a5
4c53a5a5
4c54a5a5
4c55a5a5
4c56a5a5
4c57a5a5
4c58a5a5
4c59a5a5
4c5aa5a5
4c5ba5a5
4c5ca5a5
4c5da5a5
4c5ea5a5
4c5fa5a5
4c60a5a5
4c61a5a5
4c62a5a5
4c63a5a5
4c64a5a5
4c65a5a5
4c66a5a5
4c67a5a5
4c68a5a5
4c69a5a5
4c6aa5a5
4c6ba5a5
4c6ca5a5
4c6da5a5
4c6ea5a5
4c6fa5a5
4c70a5a5
4c71a5a5
4c72a5a5
4c73a5a5
4c74a5a5
4c75a5a5
4c76a5a5
4c77a5a5
4c78a5a5
4c79a5a5
4c7aa5a5
4c7ba5a5
4c7ca5a5
4c7da5a5
4c7ea5a5
4c7fa5a5
4c80a5a5
4c81a5a5
4c82a5a5
4c83a5a5
4c84a5a5
4c85a5a5
4c86a5a5
4c87a5a5
4c88a5a5
4c89a5a5
4c8aa5a5
4c8ba5a5
4c8ca5a5
4c8da5a5
4c8ea5a5
4c8fa5a5
4c90a5a5
4c91a5a5
4c92a5a5
4c93a5a5
4c94a5a5
4c95a5a5
4c96a5a5
4c97a5a5
4c98a5a5
4c99a5a5
4c9aa5a5
4c9ba5a5
4c9ca5a5
4c9da5a5
4c9ea5a5
4c9fa5a5
4ca0a5a5
4ca1a5a5
4ca2a5a5
4ca3a5a5
4ca4a5a5
4ca5a5a5
4ca6a5a5
4ca7a5a5
4ca8a5a5
4ca9a5a5
4caaa5a5
4caba5a5
4caca5a5
4cada5a5
4caea5a5
4cafa5a5
4cb0a5a5
4cb1a5a5
4cb2a5a5
4cb3a5a5
4cb4a5a5
4cb5a5a5
4cb6a5a5
4cb7a5a5
4cb8a5a5
4cb9a5a5
4cbaa5a5
4cbba5a5
4cbca5a5
4cbda5a5
4cbea5a5
4cbfa5a5
4cc0a5a5
4cc1a5a5
4cc2a5a5
4cc3a5a5
4cc4a5a5
4cc5a5a5
4cc6a5a5
4cc7a5a5
4cc8a5a5
4cc9a5a5
4ccaa5a5
4ccba5a5
4ccca5a5
4ccda5a5
4ccea5a5
4ccfa5a5
4cd0a5a5
4cd1a5a5
4cd2a5a5
4cd3a5a5
4cd4a5a5
4cd5a5a5
4cd6a5a5
4cd7a5a5
4cd8a5a5
4cd9a5a5
4cdaa5a5
4cdba5a5
4cdca5a5
4cdda5a5
4cdea5a5
4cdfa5a5
4ce0a5a5
4ce1a5a5
4ce2a5a5
4ce3a5a5
4ce4a5a5
4ce5a5a5
4ce6a5a5
4ce7a5a5
4ce8a5a5
4ce9a5a5
4ceaa5a5
4ceba5a5
4ceca5a5
4ceda5a5
4ceea5a5
4cefa5a5
4cf0a5a5
4cf1a5a5
4cf2a5a5
4cf3a5a5
4cf4a5a5
4cf5a5a5
4cf6a5a5
4cf7a5a5
4cf8a5a5
4cf9a5a5
4cfaa5a5
4cfba5a5
4cfca5a5
4cfda5a5
4cfea5a5
4cffa5a5
4d00a5a5
4d01a5a5
4d02a5a5
4d03a5a5
4d04a5a5
4d05a5a5
4d06a5a5
4d07a5a5
4d08a5a5
4d09a5a5
4d0aa5a5
4d0ba5a5
4d0ca5a5
4d0da5a5
4d0ea5a5
4d0fa5a5
4d10a5a5
4d11a5a5
4d12a5a5
4d13a5a5
4d14a5a5
4d15a5a5
4d16a5a5
4d17a5a5
4d18a5a5
4d19a5a5
4d1aa5a5
4d1ba5a5
4d1ca5a5
4d1da5a5
4d1ea5a5
4d1fa5a5
4d20a5a5
4d21a5a5
4d22a5a5
4d23a5a5
4d24a5a5
4d25a5a5
4d26a5a5
4d27a5a5
4d28a5a5
4d29a5a5
4d2aa5a5
4d2ba5a5
4d2ca5a5
4d2da5a5
4d2ea5a5
4d2fa5a5
4d30a5a5
4d31a5a5
4d32a5a5
4d33a5a5
4d34a5a5
4d35a5a5
4d36a5a5
4d37a5a5
4d38a5a5
4d39a5a5
4d3aa5a5
4d3ba5a5
4d3ca5a5
4d3da5a5
4d3ea5a5
4d3fa5a5
4d40a5a5
4d41a5a5
4d42a5a5
4d43a5a5
4d44a5a5
4d45a5a5
4d46a5a5
4d47a5a5
4d48a5a5
4d49a5a5
4d4aa5a5
4d4ba5a5
4d4ca5a5
4d4da5a5
4d4ea5a5
4d4fa5a5
4d50a5a5
4d51a5a5
4d52a5a5
4d53a5a5
4d54a5a5
4d55a5a5
4d56a5a5
4d57a5a5
4d58a5a5
4d59a5a5
4d5aa5a5
4d5ba5a5
4d5ca5a5
4d5da5a5
4d5ea5a5
4d5fa5a5
4d60a5a5
4d61a5a5
4d62a5a5
4d63a5a5
4d64a5a5
4d65a5a5
4d66a5a5
4d67a5a5
4d68a5a5
4d69a5a5
4d6aa5a5
4d6ba5a5
4d6ca5a5
4d6da5a5
4d6ea5a5
4d6fa5a5
4d70a5a5
4d71a5a5
4d72a5a5
4d73a5a5
4d74a5a5
4d75a5a5
4d76a5a5
4d77a5a5
4d78a5a5
4d79a5a5
4d7aa5a5
4d7ba5a5
4d7ca5a5
4d7da5a5
4d7ea5a5
4d7fa5a5
4d80a5a5
4d81a5a5
4d82a5a5
4d83a5a5
4d84a5a5
4d85a5a5
4d86a5a5
4d87a5a5
4d88a5a5
4d89a5a5
4d8aa5a5
4d8ba5a5
4d8ca5a5
4d8da5a5
4d8ea5a5
4d8fa5a5
4d90a5a5
4d91a5a5
4d92a5a5
4d93a5a5
4d94a5a5
4d95a5a5
4d96a5a5
4d97a5a5
4d98a5a5
4d99a5a5
4d9aa5a5
4d9ba5a5
4d9ca5a5
4d9da5a5
4d9ea5a5
4d9fa5a5
4da0a5a5
4da1a5a5
4da2a5a5
4da3a5a5
4da4a5a5
4da5a5a5
4da6a5a5
4da7a5a5
4da8a5a5
4da9a5a5
4daaa5a5
4daba5a5
4daca5a5
4dada5a5
4daea5a5
4dafa5a5
4db0a5a5
4db1a5a5
4db2a5a5
4db3a5a5
4db4a5a5
4db5a5a5
4db6a5a5
4db7a5a5
4db8a5a5
4db9a5a5
4dbaa5a5
4dbba5a5
4dbca5a5
4dbda5a5
4dbea5a5
4dbfa5a5
4dc0a5a5
4dc1a5a5
4dc2a5a5
4dc3a5a5
4dc4a5a5
4dc5a5a5
4dc6a5a5
4dc7a5a5
4dc8a5a5
4dc9a5a5
4dcaa5a5
4dcba5a5
4dcca5a5
4dcda5a5
4dcea5a5
4dcfa5a5
4dd0a5a5
4dd1a5a5
4dd2a5a5
4dd3a5a5
4dd4a5a5
4dd5a5a5
4dd6a5a5
4dd7a5a5
4dd8a5a5
4dd9a5a5
4ddaa5a5
4ddba5a5
4ddca5a5
4ddda5a5
4ddea5a5
4ddfa5a5
4de0a5a5
4de1a5a5
4de2a5a5
4de3a5a5
4de4a5a5
4de5a5a5
4de6a5a5
4de7a5a5
4de8a5a5
4de9a5a5
4deaa5a5
4deba5a5
4deca5a5
4deda5a5
4deea5a5
4defa5a5
4df0a5a5
4df1a5a5
4df2a5a5
4df3a5a5
4df4a5a5
4df5a5a5
4df6a5a5
4df7a5a5
4df8a5a5
4df9a5a5
4dfaa5a5
4dfba5a5
4dfca5a5
4dfda5a5
4dfea5a5
4dffa5a5
4e00a5a5
4e01a5a5
4e02a5a5
4e03a5a5
4e04a5a5
4e05a5a5
4e06a5a5
4e07a5a5
4e08a5a5
4e09a5a5
4e0aa5a5
4e0ba5a5
4e0ca5a5
4e0da5a5
4e0ea5a5
4e0fa5a5
4e10a5a5
4e11a5a5
4e12a5a5
4e13a5a5
4e14a5a5
4e15a5a5
4e16a5a5
4e17a5a5
4e18a5a5
4e19a5a5
4e1aa5a5
4e1ba5a5
4e1ca5a5
4e1da5a5
4e1ea5a5
4e1fa5a5
4e20a5a5
4e21a5a5
4e22a5a5
4e23a5a5
4e24a5a5
4e25a5a5
4e26a5a5
4e27a5a5
4e28a5a5
4e29a5a5
4e2aa5a5
4e2ba5a5
4e2ca5a5
4e2da5a5
4e2ea5a5
4e2fa5a5
4e30a5a5
4e31a5a5
4e32a5a5
4e33a5a5
4e34a5a5
4e35a5a5
4e36a5a5
4e37a5a5
4e38a5a5
4e39a5a5
4e3aa5a5
4e3ba5a5
4e3ca5a5
4e3da5a5
4e3ea5a5
4e3fa5a5
4e40a5a5
4e41a5a5
4e42a5a5
4e43a5a5
4e44a5a5
4e45a5a5
4e46a5a5
4e47a5a5
4e48a5a5
4e49a5a5
4e4aa5a5
4e4ba5a5
4e4ca5a5
4e4da5a5
4e4ea5a5
4e4fa5a5
4e50a5a5
4e51a5a5
4e52a5a5
4e53a5a5
4e54a5a5
4e55a5a5
4e56a5a5
4e57a5a5
4e58a5a5
4e59a5a5
4e5aa5a5
4e5ba5a5
4e5ca5a5
4e5da5a5
4e5ea5a5
4e5fa5a5
4e60a5a5
4e61a5a5
4e62a5a5
4e63a5a5
4e64a5a5
4e65a5a5
4e66a5a5
4e67a5a5
4e68a5a5
4e69a5a5
4e6aa5a5
4e6ba5a5
4e6ca5a5
4e6da5a5
4e6ea5a5
4e6fa5a5
4e70a5a5
4e71a5a5
4e72a5a5
4e73a5a5
4e74a5a5
4e75a5a5
4e76a5a5
4e77a5a5
4e78a5a5
4e79a5a5
4e7aa5a5
4e7ba5a5
4e7ca5a5
4e7da5a5
4e7ea5a5
4e7fa5a5
4e80a5a5
4e81a5a5
4e82a5a5
4e83a5a5
4e84a5a5
4e85a5a5
4e86a5a5
4e87a5a5
4e88a5a5
4e89a5a5
4e8aa5a5
4e8ba5a5
4e8ca5a5
4e8da5a5
4e8ea5a5
4e8fa5a5
4e90a5a5
4e91a5a5
4e92a5a5
4e93a5a5
4e94a5a5
4e95a5a5
4e96a5a5
4e97a5a5
4e98a5a5
4e99a5a5
4e9aa5a5
4e9ba5a5
4e9ca5a5
4e9da5a5
4e9ea5a5
4e9fa5a5
4ea0a5a5
4ea1a5a5
4ea2a5a5
4ea3a5a5
4ea4a5a5
4ea5a5a5
4ea6a5a5
4ea7a5a5
4ea8a5a5
4ea9a5a5
4eaaa5a5
4eaba5a5
4eaca5a5
4eada5a5
4eaea5a5
4eafa5a5
4eb0a5a5
4eb1a5a5
4eb2a5a5
4eb3a5a5
4eb4a5a5
4eb5a5a5
4eb6a5a5
4eb7a5a5
4eb8a5a5
4eb9a5a5
4ebaa5a5
4ebba5a5
4ebca5a5
4ebda5a5
4ebea5a5
4ebfa5a5
4ec0a5a5
4ec1a5a5
4ec2a5a5
4ec3a5a5
4ec4a5a5
4ec5a5a5
4ec6a5a5
4ec7a5a5
4ec8a5a5
4ec9a5a5
4ecaa5a5
4ecba5a5
4ecca5a5
4ecda5a5
4ecea5a5
4ecfa5a5
4ed0a5a5
4ed1a5a5
4ed2a5a5
4ed3a5a5
4ed4a5a5
4ed5a5a5
4ed6a5a5
4ed7a5a5
4ed8a5a5
4ed9a5a5
4edaa5a5
4edba5a5
4edca5a5
4edda5a5
4edea5a5
4edfa5a5
4ee0a5a5
4ee1a5a5
4ee2a5a5
4ee3a5a5
4ee4a5a5
4ee5a5a5
4ee6a5a5
4ee7a5a5
4ee8a5a5
4ee9a5a5
4eeaa5a5
4eeba5a5
4eeca5a5
4eeda5a5
4eeea5a5
4eefa5a5
4ef0a5a5
4ef1a5a5
4ef2a5a5
4ef3a5a5
4ef4a5a5
4ef5a5a5
4ef6a5a5
4ef7a5a5
4ef8a5a5
4ef9a5a5
4efaa5a5
4efba5a5
4efca5a5
4efda5a5
4efea5a5
4effa5a5
4f00a5a5
4f01a5a5
4f02a5a5
4f03a5a5
4f04a5a5
4f05a5a5
4f06a5a5
4f07a5a5
4f08a5a5
4f09a5a5
4f0aa5a5
4f0ba5a5
4f0ca5a5
4f0da5a5
4f0ea5a5
4f0fa5a5
4f10a5a5
4f11a5a5
4f12a5a5
4f13a5a5
4f14a5a5
4f15a5a5
4f16a5a5
4f17a5a5
4f18a5a5
4f19a5a5
4f1aa5a5
4f1ba5a5
4f1ca5a5
4f1da5a5
4f1ea5a5
4f1fa5a5
4f20a5a5
4f21a5a5
4f22a5a5
4f23a5a5
4f24a5a5
4f25a5a5
4f26a5a5
4f27a5a5
4f28a5a5
4f29a5a5
4f2aa5a5
4f2ba5a5
4f2ca5a5
4f2da5a5
4f2ea5a5
4f2fa5a5
4f30a5a5
4f31a5a5
4f32a5a5
4f33a5a5
4f34a5a5
4f35a5a5
4f36a5a5
4f37a5a5
4f38a5a5
4f39a5a5
4f3aa5a5
4f3ba5a5
4f3ca5a5
4f3da5a5
4f3ea5a5
4f3fa5a5
4f40a5a5
4f41a5a5
4f42a5a5
4f43a5a5
4f44a5a5
4f45a5a5
4f46a5a5
4f47a5a5
4f48a5a5
4f49a5a5
4f4aa5a5
4f4ba5a5
4f4ca5a5
4f4da5a5
4f4ea5a5
4f4fa5a5
4f50a5a5
4f51a5a5
4f52a5a5
4f53a5a5
4f54a5a5
4f55a5a5
4f56a5a5
4f57a5a5
4f58a5a5
4f59a5a5
4f5aa5a5
4f5ba5a5
4f5ca5a5
4f5da5a5
4f5ea5a5
4f5fa5a5
4f60a5a5
4f61a5a5
4f62a5a5
4f63a5a5
4f64a5a5
4f65a5a5
4f66a5a5
4f67a5a5
4f68a5a5
4f69a5a5
4f6aa5a5
4f6ba5a5
4f6ca5a5
4f6da5a5
4f6ea5a5
4f6fa5a5
4f70a5a5
4f71a5a5
4f72a5a5
4f73a5a5
4f74a5a5
4f75a5a5
4f76a5a5
4f77a5a5
4f78a5a5
4f79a5a5
4f7aa5a5
4f7ba5a5
4f7ca5a5
4f7da5a5
4f7ea5a5
4f7fa5a5
4f80a5a5
4f81a5a5
4f82a5a5
4f83a5a5
4f84a5a5
4f85a5a5
4f86a5a5
4f87a5a5
4f88a5a5
4f89a5a5
4f8aa5a5
4f8ba5a5
4f8ca5a5
4f8da5a5
4f8ea5a5
4f8fa5a5
4f90a5a5
4f91a5a5
4f92a5a5
4f93a5a5
4f94a5a5
4f95a5a5
4f96a5a5
4f97a5a5
4f98a5a5
4f99a5a5
4f9aa5a5
4f9ba5a5
4f9ca5a5
4f9da5a5
4f9ea5a5
4f9fa5a5
4fa0a5a5
4fa1a5a5
4fa2a5a5
4fa3a5a5
4fa4a5a5
4fa5a5a5
4fa6a5a5
4fa7a5a5
4fa8a5a5
4fa9a5a5
4faaa5a5
4faba5a5
4faca5a5
4fada5a5
4faea5a5
4fafa5a5
4fb0a5a5
4fb1a5a5
4fb2a5a5
4fb3a5a5
4fb4a5a5
4fb5a5a5
4fb6a5a5
4fb7a5a5
4fb8a5a5
4fb9a5a5
4fbaa5a5
4fbba5a5
4fbca5a5
4fbda5a5
4fbea5a5
4fbfa5a5
4fc0a5a5
4fc1a5a5
4fc2a5a5
4fc3a5a5
4fc4a5a5
4fc5a5a5
4fc6a5a5
4fc7a5a5
4fc8a5a5
4fc9a5a5
4fcaa5a5
4fcba5a5
4fcca5a5
4fcda5a5
4fcea5a5
4fcfa5a5
4fd0a5a5
4fd1a5a5
4fd2a5a5
4fd3a5a5
4fd4a5a5
4fd5a5a5
4fd6a5a5
4fd7a5a5
4fd8a5a5
4fd9a5a5
4fdaa5a5
4fdba5a5
4fdca5a5
4fdda5a5
4fdea5a5
4fdfa5a5
4fe0a5a5
4fe1a5a5
4fe2a5a5
4fe3a5a5
4fe4a5a5
4fe5a5a5
4fe6a5a5
4fe7a5a5
4fe8a5a5
4fe9a5a5
4feaa5a5
4feba5a5
4feca5a5
4feda5a5
4feea5a5
4fefa5a5
4ff0a5a5
4ff1a5a5
4ff2a5a5
4ff3a5a5
4ff4a5a5
4ff5a5a5
4ff6a5a5
4ff7a5a5
4ff8a5a5
4ff9a5a5
4ffaa5a5
4ffba5a5
4ffca5a5
4ffda5a5
4ffea5a5
4fffa5a5
5000a5a5
5001a5a5
5002a5a5
5003a5a5
5004a5a5
5005a5a5
5006a5a5
5007a5a5
5008a5a5
5009a5a5
500aa5a5
500ba5a5
500ca5a5
500da5a5
500ea5a5
500fa5a5
5010a5a5
5011a5a5
5012a5a5
5013a5a5
5014a5a5
5015a5a5
5016a5a5
5017a5a5
5018a5a5
5019a5a5
501aa5a5
501ba5a5
501ca5a5
501da5a5
501ea5a5
501fa5a5
5020a5a5
5021a5a5
5022a5a5
5023a5a5
5024a5a5
5025a5a5
5026a5a5
5027a5a5
5028a5a5
5029a5a5
502aa5a5
502ba5a5
502ca5a5
502da5a5
502ea5a5
502fa5a5
5030a5a5
5031a5a5
5032a5a5
5033a5a5
5034a5a5
5035a5a5
5036a5a5
5037a5a5
5038a5a5
5039a5a5
503aa5a5
503ba5a5
503ca5a5
503da5a5
503ea5a5
503fa5a5
5040a5a5
5041a5a5
5042a5a5
5043a5a5
5044a5a5
5045a5a5
5046a5a5
5047a5a5
5048a5a5
5049a5a5
504aa5a5
504ba5a5
504ca5a5
504da5a5
504ea5a5
504fa5a5
5050a5a5
5051a5a5
5052a5a5
5053a5a5
5054a5a5
5055a5a5
5056a5a5
5057a5a5
5058a5a5
5059a5a5
505aa5a5
505ba5a5
505ca5a5
505da5a5
505ea5a5
505fa5a5
5060a5a5
5061a5a5
5062a5a5
5063a5a5
5064a5a5
5065a5a5
5066a5a5
5067a5a5
5068a5a5
5069a5a5
506aa5a5
506ba5a5
506ca5a5
506da5a5
506ea5a5
506fa5a5
5070a5a5
5071a5a5
5072a5a5
5073a5a5
5074a5a5
5075a5a5
5076a5a5
5077a5a5
5078a5a5
5079a5a5
507aa5a5
507ba5a5
507ca5a5
507da5a5
507ea5a5
507fa5a5
5080a5a5
5081a5a5
5082a5a5
5083a5a5
5084a5a5
5085a5a5
5086a5a5
5087a5a5
5088a5a5
5089a5a5
508aa5a5
508ba5a5
508ca5a5
508da5a5
508ea5a5
508fa5a5
5090a5a5
5091a5a5
5092a5a5
5093a5a5
5094a5a5
5095a5a5
5096a5a5
5097a5a5
5098a5a5
5099a5a5
509aa5a5
509ba5a5
509ca5a5
509da5a5
509ea5a5
509fa5a5
50a0a5a5
50a1a5a5
50a2a5a5
50a3a5a5
50a4a5a5
50a5a5a5
50a6a5a5
50a7a5a5
50a8a5a5
50a9a5a5
50aaa5a5
50aba5a5
50aca5a5
50ada5a5
50aea5a5
50afa5a5
50b0a5a5
50b1a5a5
50b2a5a5
50b3a5a5
50b4a5a5
50b5a5a5
50b6a5a5
50b7a5a5
50b8a5a5
50b9a5a5
50baa5a5
50bba5a5
50bca5a5
50bda5a5
50bea5a5
50bfa5a5
50c0a5a5
50c1a5a5
50c2a5a5
50c3a5a5
50c4a5a5
50c5a5a5
50c6a5a5
50c7a5a5
50c8a5a5
50c9a5a5
50caa5a5
50cba5a5
50cca5a5
50cda5a5
50cea5a5
50cfa5a5
50d0a5a5
50d1a5a5
50d2a5a5
50d3a5a5
50d4a5a5
50d5a5a5
50d6a5a5
50d7a5a5
50d8a5a5
50d9a5a5
50daa5a5
50dba5a5
50dca5a5
50dda5a5
50dea5a5
50dfa5a5
50e0a5a5
50e1a5a5
50e2a5a5
50e3a5a5
50e4a5a5
50e5a5a5
50e6a5a5
50e7a5a5
50e8a5a5
50e9a5a5
50eaa5a5
50eba5a5
50eca5a5
50eda5a5
50eea5a5
50efa5a5
50f0a5a5
50f1a5a5
50f2a5a5
50f3a5a5
50f4a5a5
50f5a5a5
50f6a5a5
50f7a5a5
50f8a5a5
50f9a5a5
50faa5a5
50fba5a5
50fca5a5
50fda5a5
50fea5a5
50ffa5a5
5100a5a5
5101a5a5
5102a5a5
5103a5a5
5104a5a5
5105a5a5
5106a5a5
5107a5a5
5108a5a5
5109a5a5
510aa5a5
510ba5a5
510ca5a5
510da5a5
510ea5a5
510fa5a5
5110a5a5
5111a5a5
5112a5a5
5113a5a5
5114a5a5
5115a5a5
5116a5a5
5117a5a5
5118a5a5
5119a5a5
511aa5a5
511ba5a5
511ca5a5
511da5a5
511ea5a5
511fa5a5
5120a5a5
5121a5a5
5122a5a5
5123a5a5
5124a5a5
5125a5a5
5126a5a5
5127a5a5
5128a5a5
5129a5a5
512aa5a5
512ba5a5
512ca5a5
512da5a5
512ea5a5
512fa5a5
5130a5a5
5131a5a5
5132a5a5
5133a5a5
5134a5a5
5135a5a5
5136a5a5
5137a5a5
5138a5a5
5139a5a5
513aa5a5
513ba5a5
513ca5a5
513da5a5
513ea5a5
513fa5a5
5140a5a5
5141a5a5
5142a5a5
5143a5a5
5144a5a5
5145a5a5
5146a5a5
5147a5a5
5148a5a5
5149a5a5
514aa5a5
514ba5a5
514ca5a5
514da5a5
514ea5a5
514fa5a5
5150a5a5
5151a5a5
5152a5a5
5153a5a5
5154a5a5
5155a5a5
5156a5a5
5157a5a5
5158a5a5
5159a5a5
515aa5a5
515ba5a5
515ca5a5
515da5a5
515ea5a5
515fa5a5
5160a5a5
5161a5a5
5162a5a5
5163a5a5
5164a5a5
5165a5a5
5166a5a5
5167a5a5
5168a5a5
5169a5a5
516aa5a5
516ba5a5
516ca5a5
516da5a5
516ea5a5
516fa5a5
5170a5a5
5171a5a5
5172a5a5
5173a5a5
5174a5a5
5175a5a5
5176a5a5
5177a5a5
5178a5a5
5179a5a5
517aa5a5
517ba5a5
517ca5a5
517da5a5
517ea5a5
517fa5a5
5180a5a5
5181a5a5
5182a5a5
5183a5a5
5184a5a5
5185a5a5
5186a5a5
5187a5a5
5188a5a5
5189a5a5
518aa5a5
518ba5a5
518ca5a5
518da5a5
518ea5a5
518fa5a5
5190a5a5
5191a5a5
5192a5a5
5193a5a5
5194a5a5
5195a5a5
5196a5a5
5197a5a5
5198a5a5
5199a5a5
519aa5a5
519ba5a5
519ca5a5
519da5a5
519ea5a5
519fa5a5
51a0a5a5
51a1a5a5
51a2a5a5
51a3a5a5
51a4a5a5
51a5a5a5
51a6a5a5
51a7a5a5
51a8a5a5
51a9a5a5
51aaa5a5
51aba5a5
51aca5a5
51ada5a5
51aea5a5
51afa5a5
51b0a5a5
51b1a5a5
51b2a5a5
51b3a5a5
51b4a5a5
51b5a5a5
51b6a5a5
51b7a5a5
51b8a5a5
51b9a5a5
51baa5a5
51bba5a5
51bca5a5
51bda5a5
51bea5a5
51bfa5a5
51c0a5a5
51c1a5a5
51c2a5a5
51c3a5a5
51c4a5a5
51c5a5a5
51c6a5a5
51c7a5a5
51c8a5a5
51c9a5a5
51caa5a5
51cba5a5
51cca5a5
51cda5a5
51cea5a5
51cfa5a5
51d0a5a5
51d1a5a5
51d2a5a5
51d3a5a5
51d4a5a5
51d5a5a5
51d6a5a5
51d7a5a5
51d8a5a5
51d9a5a5
51daa5a5
51dba5a5
51dca5a5
51dda5a5
51dea5a5
51dfa5a5
51e0a5a5
51e1a5a5
51e2a5a5
51e3a5a5
51e4a5a5
51e5a5a5
51e6a5a5
51e7a5a5
51e8a5a5
51e9a5a5
51eaa5a5
51eba5a5
51eca5a5
51eda5a5
51eea5a5
51efa5a5
51f0a5a5
51f1a5a5
51f2a5a5
51f3a5a5
51f4a5a5
51f5a5a5
51f6a5a5
51f7a5a5
51f8a5a5
51f9a5a5
51faa5a5
51fba5a5
51fca5a5
51fda5a5
51fea5a5
51ffa5a5
5200a5a5
5201a5a5
5202a5a5
5203a5a5
5204a5a5
5205a5a5
5206a5a5
5207a5a5
5208a5a5
5209a5a5
520aa5a5
520ba5a5
520ca5a5
520da5a5
520ea5a5
520fa5a5
5210a5a5
5211a5a5
5212a5a5
5213a5a5
5214a5a5
5215a5a5
5216a5a5
5217a5a5
5218a5a5
5219a5a5
521aa5a5
521ba5a5
521ca5a5
521da5a5
521ea5a5
521fa5a5
5220a5a5
5221a5a5
5222a5a5
5223a5a5
5224a5a5
5225a5a5
5226a5a5
5227a5a5
5228a5a5
5229a5a5
522aa5a5
522ba5a5
522ca5a5
522da5a5
522ea5a5
522fa5a5
5230a5a5
5231a5a5
5232a5a5
5233a5a5
5234a5a5
5235a5a5
5236a5a5
5237a5a5
5238a5a5
5239a5a5
523aa5a5
523ba5a5
523ca5a5
523da5a5
523ea5a5
523fa5a5
5240a5a5
5241a5a5
5242a5a5
5243a5a5
5244a5a5
5245a5a5
5246a5a5
5247a5a5
5248a5a5
5249a5a5
524aa5a5
524ba5a5
524ca5a5
524da5a5
524ea5a5
524fa5a5
5250a5a5
5251a5a5
5252a5a5
5253a5a5
5254a5a5
5255a5a5
5256a5a5
5257a5a5
5258a5a5
5259a5a5
525aa5a5
525ba5a5
525ca5a5
525da5a5
525ea5a5
525fa5a5
5260a5a5
5261a5a5
5262a5a5
5263a5a5
5264a5a5
5265a5a5
5266a5a5
5267a5a5
5268a5a5
5269a5a5
526aa5a5
526ba5a5
526ca5a5
526da5a5
526ea5a5
526fa5a5
5270a5a5
5271a5a5
5272a5a5
5273a5a5
5274a5a5
5275a5a5
5276a5a5
5277a5a5
5278a5a5
5279a5a5
527aa5a5
527ba5a5
527ca5a5
527da5a5
527ea5a5
527fa5a5
5280a5a5
5281a5a5
5282a5a5
5283a5a5
5284a5a5
5285a5a5
5286a5a5
5287a5a5
5288a5a5
5289a5a5
528aa5a5
528ba5a5
528ca5a5
528da5a5
528ea5a5
528fa5a5
5290a5a5
5291a5a5
5292a5a5
5293a5a5
5294a5a5
5295a5a5
5296a5a5
5297a5a5
5298a5a5
5299a5a5
529aa5a5
529ba5a5
529ca5a5
529da5a5
529ea5a5
529fa5a5
52a0a5a5
52a1a5a5
52a2a5a5
52a3a5a5
52a4a5a5
52a5a5a5
52a6a5a5
52a7a5a5
52a8a5a5
52a9a5a5
52aaa5a5
52aba5a5
52aca5a5
52ada5a5
52aea5a5
52afa5a5
52b0a5a5
52b1a5a5
52b2a5a5
52b3a5a5
52b4a5a5
52b5a5a5
52b6a5a5
52b7a5a5
52b8a5a5
52b9a5a5
52baa5a5
52bba5a5
52bca5a5
52bda5a5
52bea5a5
52bfa5a5
52c0a5a5
52c1a5a5
52c2a5a5
52c3a5a5
52c4a5a5
52c5a5a5
52c6a5a5
52c7a5a5
52c8a5a5
52c9a5a5
52caa5a5
52cba5a5
52cca5a5
52cda5a5
52cea5a5
52cfa5a5
52d0a5a5
52d1a5a5
52d2a5a5
52d3a5a5
52d4a5a5
52d5a5a5
52d6a5a5
52d7a5a5
52d8a5a5
52d9a5a5
52daa5a5
52dba5a5
52dca5a5
52dda5a5
52dea5a5
52dfa5a5
52e0a5a5
52e1a5a5
52e2a5a5
52e3a5a5
52e4a5a5
52e5a5a5
52e6a5a5
52e7a5a5
52e8a5a5
52e9a5a5
52eaa5a5
52eba5a5
52eca5a5
52eda5a5
52eea5a5
52efa5a5
52f0a5a5
52f1a5a5
52f2a5a5
52f3a5a5
52f4a5a5
52f5a5a5
52f6a5a5
52f7a5a5
52f8a5a5
52f9a5a5
52faa5a5
52fba5a5
52fca5a5
52fda5a5
52fea5a5
52ffa5a5
5300a5a5
5301a5a5
5302a5a5
5303a5a5
5304a5a5
5305a5a5
5306a5a5
5307a5a5
5308a5a5
5309a5a5
530aa5a5
530ba5a5
530ca5a5
530da5a5
530ea5a5
530fa5a5
5310a5a5
5311a5a5
5312a5a5
5313a5a5
5314a5a5
5315a5a5
5316a5a5
5317a5a5
5318a5a5
5319a5a5
531aa5a5
531ba5a5
531ca5a5
531da5a5
531ea5a5
531fa5a5
5320a5a5
5321a5a5
5322a5a5
5323a5a5
5324a5a5
5325a5a5
5326a5a5
5327a5a5
5328a5a5
5329a5a5
532aa5a5
532ba5a5
532ca5a5
532da5a5
532ea5a5
532fa5a5
5330a5a5
5331a5a5
5332a5a5
5333a5a5
5334a5a5
5335a5a5
5336a5a5
5337a5a5
5338a5a5
5339a5a5
533aa5a5
533ba5a5
533ca5a5
533da5a5
533ea5a5
533fa5a5
5340a5a5
5341a5a5
5342a5a5
5343a5a5
5344a5a5
5345a5a5
5346a5a5
5347a5a5
5348a5a5
5349a5a5
534aa5a5
534ba5a5
534ca5a5
534da5a5
534ea5a5
534fa5a5
5350a5a5
5351a5a5
5352a5a5
5353a5a5
5354a5a5
5355a5a5
5356a5a5
5357a5a5
5358a5a5
5359a5a5
535aa5a5
535ba5a5
535ca5a5
535da5a5
535ea5a5
535fa5a5
5360a5a5
5361a5a5
5362a5a5
5363a5a5
5364a5a5
5365a5a5
5366a5a5
5367a5a5
5368a5a5
5369a5a5
536aa5a5
536ba5a5
536ca5a5
536da5a5
536ea5a5
536fa5a5
5370a5a5
5371a5a5
5372a5a5
5373a5a5
5374a5a5
5375a5a5
5376a5a5
5377a5a5
5378a5a5
5379a5a5
537aa5a5
537ba5a5
537ca5a5
537da5a5
537ea5a5
537fa5a5
5380a5a5
5381a5a5
5382a5a5
5383a5a5
5384a5a5
5385a5a5
5386a5a5
5387a5a5
5388a5a5
5389a5a5
538aa5a5
538ba5a5
538ca5a5
538da5a5
538ea5a5
538fa5a5
5390a5a5
5391a5a5
5392a5a5
5393a5a5
5394a5a5
5395a5a5
5396a5a5
5397a5a5
5398a5a5
5399a5a5
539aa5a5
539ba5a5
539ca5a5
539da5a5
539ea5a5
539fa5a5
53a0a5a5
53a1a5a5
53a2a5a5
53a3a5a5
53a4a5a5
53a5a5a5
53a6a5a5
53a7a5a5
53a8a5a5
53a9a5a5
53aaa5a5
53aba5a5
53aca5a5
53ada5a5
53aea5a5
53afa5a5
53b0a5a5
53b1a5a5
53b2a5a5
53b3a5a5
53b4a5a5
53b5a5a5
53b6a5a5
53b7a5a5
53b8a5a5
53b9a5a5
53baa5a5
53bba5a5
53bca5a5
53bda5a5
53bea5a5
53bfa5a5
53c0a5a5
53c1a5a5
53c2a5a5
53c3a5a5
53c4a5a5
53c5a5a5
53c6a5a5
53c7a5a5
53c8a5a5
53c9a5a5
53caa5a5
53cba5a5
53cca5a5
53cda5a5
53cea5a5
53cfa5a5
53d0a5a5
53d1a5a5
53d2a5a5
53d3a5a5
53d4a5a5
53d5a5a5
53d6a5a5
53d7a5a5
53d8a5a5
53d9a5a5
53daa5a5
53dba5a5
53dca5a5
53dda5a5
53dea5a5
53dfa5a5
53e0a5a5
53e1a5a5
53e2a5a5
53e3a5a5
53e4a5a5
53e5a5a5
53e6a5a5
53e7a5a5
53e8a5a5
53e9a5a5
53eaa5a5
53eba5a5
53eca5a5
53eda5a5
53eea5a5
53efa5a5
53f0a5a5
53f1a5a5
53f2a5a5
53f3a5a5
53f4a5a5
53f5a5a5
53f6a5a5
53f7a5a5
53f8a5a5
53f9a5a5
53faa5a5
53fba5a5
53fca5a5
53fda5a5
53fea5a5
53ffa5a5
5400a5a5
5401a5a5
5402a5a5
5403a5a5
5404a5a5
5405a5a5
5406a5a5
5407a5a5
5408a5a5
5409a5a5
540aa5a5
540ba5a5
540ca5a5
540da5a5
540ea5a5
540fa5a5
5410a5a5
5411a5a5
5412a5a5
5413a5a5
5414a5a5
5415a5a5
5416a5a5
5417a5a5
5418a5a5
5419a5a5
541aa5a5
541ba5a5
541ca5a5
541da5a5
541ea5a5
541fa5a5
5420a5a5
5421a5a5
5422a5a5
5423a5a5
5424a5a5
5425a5a5
5426a5a5
5427a5a5
5428a5a5
5429a5a5
542aa5a5
542ba5a5
542ca5a5
542da5a5
542ea5a5
542fa5a5
5430a5a5
5431a5a5
5432a5a5
5433a5a5
5434a5a5
5435a5a5
5436a5a5
5437a5a5
5438a5a5
5439a5a5
543aa5a5
543ba5a5
543ca5a5
543da5a5
543ea5a5
543fa5a5
5440a5a5
5441a5a5
5442a5a5
5443a5a5
5444a5a5
5445a5a5
5446a5a5
5447a5a5
5448a5a5
5449a5a5
544aa5a5
544ba5a5
544ca5a5
544da5a5
544ea5a5
544fa5a5
5450a5a5
5451a5a5
5452a5a5
5453a5a5
5454a5a5
5455a5a5
5456a5a5
5457a5a5
5458a5a5
5459a5a5
545aa5a5
545ba5a5
545ca5a5
545da5a5
545ea5a5
545fa5a5
5460a5a5
5461a5a5
5462a5a5
5463a5a5
5464a5a5
5465a5a5
5466a5a5
5467a5a5
5468a5a5
5469a5a5
546aa5a5
546ba5a5
546ca5a5
546da5a5
546ea5a5
546fa5a5
5470a5a5
5471a5a5
5472a5a5
5473a5a5
5474a5a5
5475a5a5
5476a5a5
5477a5a5
5478a5a5
5479a5a5
547aa5a5
547ba5a5
547ca5a5
547da5a5
547ea5a5
547fa5a5
5480a5a5
5481a5a5
5482a5a5
5483a5a5
5484a5a5
5485a5a5
5486a5a5
5487a5a5
5488a5a5
5489a5a5
548aa5a5
548ba5a5
548ca5a5
548da5a5
548ea5a5
548fa5a5
5490a5a5
5491a5a5
5492a5a5
5493a5a5
5494a5a5
5495a5a5
5496a5a5
5497a5a5
5498a5a5
5499a5a5
549aa5a5
549ba5a5
549ca5a5
549da5a5
549ea5a5
549fa5a5
54a0a5a5
54a1a5a5
54a2a5a5
54a3a5a5
54a4a5a5
54a5a5a5
54a6a5a5
54a7a5a5
54a8a5a5
54a9a5a5
54aaa5a5
54aba5a5
54aca5a5
54ada5a5
54aea5a5
54afa5a5
54b0a5a5
54b1a5a5
54b2a5a5
54b3a5a5
54b4a5a5
54b5a5a5
54b6a5a5
54b7a5a5
54b8a5a5
54b9a5a5
54baa5a5
54bba5a5
54bca5a5
54bda5a5
54bea5a5
54bfa5a5
54c0a5a5
54c1a5a5
54c2a5a5
54c3a5a5
54c4a5a5
54c5a5a5
54c6a5a5
54c7a5a5
54c8a5a5
54c9a5a5
54caa5a5
54cba5a5
54cca5a5
54cda5a5
54cea5a5
54cfa5a5
54d0a5a5
54d1a5a5
54d2a5a5
54d3a5a5
54d4a5a5
54d5a5a5
54d6a5a5
54d7a5a5
54d8a5a5
54d9a5a5
54daa5a5
54dba5a5
54dca5a5
54dda5a5
54dea5a5
54dfa5a5
54e0a5a5
54e1a5a5
54e2a5a5
54e3a5a5
54e4a5a5
54e5a5a5
54e6a5a5
54e7a5a5
54e8a5a5
54e9a5a5
54eaa5a5
54eba5a5
54eca5a5
54eda5a5
54eea5a5
54efa5a5
54f0a5a5
54f1a5a5
54f2a5a5
54f3a5a5
54f4a5a5
54f5a5a5
54f6a5a5
54f7a5a5
54f8a5a5
54f9a5a5
54faa5a5
54fba5a5
54fca5a5
54fda5a5
54fea5a5
54ffa5a5
5500a5a5
5501a5a5
5502a5a5
5503a5a5
5504a5a5
5505a5a5
5506a5a5
5507a5a5
5508a5a5
5509a5a5
550aa5a5
550ba5a5
550ca5a5
550da5a5
550ea5a5
550fa5a5
5510a5a5
5511a5a5
5512a5a5
5513a5a5
5514a5a5
5515a5a5
5516a5a5
5517a5a5
5518a5a5
5519a5a5
551aa5a5
551ba5a5
551ca5a5
551da5a5
551ea5a5
551fa5a5
5520a5a5
5521a5a5
5522a5a5
5523a5a5
5524a5a5
5525a5a5
5526a5a5
5527a5a5
5528a5a5
5529a5a5
552aa5a5
552ba5a5
552ca5a5
552da5a5
552ea5a5
552fa5a5
5530a5a5
5531a5a5
5532a5a5
5533a5a5
5534a5a5
5535a5a5
5536a5a5
5537a5a5
5538a5a5
5539a5a5
553aa5a5
553ba5a5
553ca5a5
553da5a5
553ea5a5
553fa5a5
5540a5a5
5541a5a5
5542a5a5
5543a5a5
5544a5a5
5545a5a5
5546a5a5
5547a5a5
5548a5a5
5549a5a5
554aa5a5
554ba5a5
554ca5a5
554da5a5
554ea5a5
554fa5a5
5550a5a5
5551a5a5
5552a5a5
5553a5a5
5554a5a5
5555a5a5
5556a5a5
5557a5a5
5558a5a5
5559a5a5
555aa5a5
555ba5a5
555ca5a5
555da5a5
555ea5a5
555fa5a5
5560a5a5
5561a5a5
5562a5a5
5563a5a5
5564a5a5
5565a5a5
5566a5a5
5567a5a5
5568a5a5
5569a5a5
556aa5a5
556ba5a5
556ca5a5
556da5a5
556ea5a5
556fa5a5
5570a5a5
5571a5a5
5572a5a5
5573a5a5
5574a5a5
5575a5a5
5576a5a5
5577a5a5
5578a5a5
5579a5a5
557aa5a5
557ba5a5
557ca5a5
557da5a5
557ea5a5
557fa5a5
5580a5a5
5581a5a5
5582a5a5
5583a5a5
5584a5a5
5585a5a5
5586a5a5
5587a5a5
5588a5a5
5589a5a5
558aa5a5
558ba5a5
558ca5a5
558da5a5
558ea5a5
558fa5a5
5590a5a5
5591a5a5
5592a5a5
5593a5a5
5594a5a5
5595a5a5
5596a5a5
5597a5a5
5598a5a5
5599a5a5
559aa5a5
559ba5a5
559ca5a5
559da5a5
559ea5a5
559fa5a5
55a0a5a5
55a1a5a5
55a2a5a5
55a3a5a5
55a4a5a5
55a5a5a5
55a6a5a5
55a7a5a5
55a8a5a5
55a9a5a5
55aaa5a5
55aba5a5
55aca5a5
55ada5a5
55aea5a5
55afa5a5
55b0a5a5
55b1a5a5
55b2a5a5
55b3a5a5
55b4a5a5
55b5a5a5
55b6a5a5
55b7a5a5
55b8a5a5
55b9a5a5
55baa5a5
55bba5a5
55bca5a5
55bda5a5
55bea5a5
55bfa5a5
55c0a5a5
55c1a5a5
55c2a5a5
55c3a5a5
55c4a5a5
55c5a5a5
55c6a5a5
55c7a5a5
55c8a5a5
55c9a5a5
55caa5a5
55cba5a5
55cca5a5
55cda5a5
55cea5a5
55cfa5a5
55d0a5a5
55d1a5a5
55d2a5a5
55d3a5a5
55d4a5a5
55d5a5a5
55d6a5a5
55d7a5a5
55d8a5a5
55d9a5a5
55daa5a5
55dba5a5
55dca5a5
55dda5a5
55dea5a5
55dfa5a5
55e0a5a5
55e1a5a5
55e2a5a5
55e3a5a5
55e4a5a5
55e5a5a5
55e6a5a5
55e7a5a5
55e8a5a5
55e9a5a5
55eaa5a5
55eba5a5
55eca5a5
55eda5a5
55eea5a5
55efa5a5
55f0a5a5
55f1a5a5
55f2a5a5
55f3a5a5
55f4a5a5
55f5a5a5
55f6a5a5
55f7a5a5
55f8a5a5
55f9a5a5
55faa5a5
55fba5a5
55fca5a5
55fda5a5
55fea5a5
55ffa5a5
5600a5a5
5601a5a5
5602a5a5
5603a5a5
5604a5a5
5605a5a5
5606a5a5
5607a5a5
5608a5a5
5609a5a5
560aa5a5
560ba5a5
560ca5a5
560da5a5
560ea5a5
560fa5a5
5610a5a5
5611a5a5
5612a5a5
5613a5a5
5614a5a5
5615a5a5
5616a5a5
5617a5a5
5618a5a5
5619a5a5
561aa5a5
561ba5a5
561ca5a5
561da5a5
561ea5a5
561fa5a5
5620a5a5
5621a5a5
5622a5a5
5623a5a5
5624a5a5
5625a5a5
5626a5a5
5627a5a5
5628a5a5
5629a5a5
562aa5a5
562ba5a5
562ca5a5
562da5a5
562ea5a5
562fa5a5
5630a5a5
5631a5a5
5632a5a5
5633a5a5
5634a5a5
5635a5a5
5636a5a5
5637a5a5
5638a5a5
5639a5a5
563aa5a5
563ba5a5
563ca5a5
563da5a5
563ea5a5
563fa5a5
5640a5a5
5641a5a5
5642a5a5
5643a5a5
5644a5a5
5645a5a5
5646a5a5
5647a5a5
5648a5a5
5649a5a5
564aa5a5
564ba5a5
564ca5a5
564da5a5
564ea5a5
564fa5a5
5650a5a5
5651a5a5
5652a5a5
5653a5a5
5654a5a5
5655a5a5
5656a5a5
5657a5a5
5658a5a5
5659a5a5
565aa5a5
565ba5a5
565ca5a5
565da5a5
565ea5a5
565fa5a5
5660a5a5
5661a5a5
5662a5a5
5663a5a5
5664a5a5
5665a5a5
5666a5a5
5667a5a5
5668a5a5
5669a5a5
566aa5a5
566ba5a5
566ca5a5
566da5a5
566ea5a5
566fa5a5
5670a5a5
5671a5a5
5672a5a5
5673a5a5
5674a5a5
5675a5a5
5676a5a5
5677a5a5
5678a5a5
5679a5a5
567aa5a5
567ba5a5
567ca5a5
567da5a5
567ea5a5
567fa5a5
5680a5a5
5681a5a5
5682a5a5
5683a5a5
5684a5a5
5685a5a5
5686a5a5
5687a5a5
5688a5a5
5689a5a5
568aa5a5
568ba5a5
568ca5a5
568da5a5
568ea5a5
568fa5a5
5690a5a5
5691a5a5
5692a5a5
5693a5a5
5694a5a5
5695a5a5
5696a5a5
5697a5a5
5698a5a5
5699a5a5
569aa5a5
569ba5a5
569ca5a5
569da5a5
569ea5a5
569fa5a5
56a0a5a5
56a1a5a5
56a2a5a5
56a3a5a5
56a4a5a5
56a5a5a5
56a6a5a5
56a7a5a5
56a8a5a5
56a9a5a5
56aaa5a5
56aba5a5
56aca5a5
56ada5a5
56aea5a5
56afa5a5
56b0a5a5
56b1a5a5
56b2a5a5
56b3a5a5
56b4a5a5
56b5a5a5
56b6a5a5
56b7a5a5
56b8a5a5
56b9a5a5
56baa5a5
56bba5a5
56bca5a5
56bda5a5
56bea5a5
56bfa5a5
56c0a5a5
56c1a5a5
56c2a5a5
56c3a5a5
56c4a5a5
56c5a5a5
56c6a5a5
56c7a5a5
56c8a5a5
56c9a5a5
56caa5a5
56cba5a5
56cca5a5
56cda5a5
56cea5a5
56cfa5a5
56d0a5a5
56d1a5a5
56d2a5a5
56d3a5a5
56d4a5a5
56d5a5a5
56d6a5a5
56d7a5a5
56d8a5a5
56d9a5a5
56daa5a5
56dba5a5
56dca5a5
56dda5a5
56dea5a5
56dfa5a5
56e0a5a5
56e1a5a5
56e2a5a5
56e3a5a5
56e4a5a5
56e5a5a5
56e6a5a5
56e7a5a5
56e8a5a5
56e9a5a5
56eaa5a5
56eba5a5
56eca5a5
56eda5a5
56eea5a5
56efa5a5
56f0a5a5
56f1a5a5
56f2a5a5
56f3a5a5
56f4a5a5
56f5a5a5
56f6a5a5
56f7a5a5
56f8a5a5
56f9a5a5
56faa5a5
56fba5a5
56fca5a5
56fda5a5
56fea5a5
56ffa5a5
5700a5a5
5701a5a5
5702a5a5
5703a5a5
5704a5a5
5705a5a5
5706a5a5
5707a5a5
5708a5a5
5709a5a5
570aa5a5
570ba5a5
570ca5a5
570da5a5
570ea5a5
570fa5a5
5710a5a5
5711a5a5
5712a5a5
5713a5a5
5714a5a5
5715a5a5
5716a5a5
5717a5a5
5718a5a5
5719a5a5
571aa5a5
571ba5a5
571ca5a5
571da5a5
571ea5a5
571fa5a5
5720a5a5
5721a5a5
5722a5a5
5723a5a5
5724a5a5
5725a5a5
5726a5a5
5727a5a5
5728a5a5
5729a5a5
572aa5a5
572ba5a5
572ca5a5
572da5a5
572ea5a5
572fa5a5
5730a5a5
5731a5a5
5732a5a5
5733a5a5
5734a5a5
5735a5a5
5736a5a5
5737a5a5
5738a5a5
5739a5a5
573aa5a5
573ba5a5
573ca5a5
573da5a5
573ea5a5
573fa5a5
5740a5a5
5741a5a5
5742a5a5
5743a5a5
5744a5a5
5745a5a5
5746a5a5
5747a5a5
5748a5a5
5749a5a5
574aa5a5
574ba5a5
574ca5a5
574da5a5
574ea5a5
574fa5a5
5750a5a5
5751a5a5
5752a5a5
5753a5a5
5754a5a5
5755a5a5
5756a5a5
5757a5a5
5758a5a5
5759a5a5
575aa5a5
575ba5a5
575ca5a5
575da5a5
575ea5a5
575fa5a5
5760a5a5
5761a5a5
5762a5a5
5763a5a5
5764a5a5
5765a5a5
5766a5a5
5767a5a5
5768a5a5
5769a5a5
576aa5a5
576ba5a5
576ca5a5
576da5a5
576ea5a5
576fa5a5
5770a5a5
5771a5a5
5772a5a5
5773a5a5
5774a5a5
5775a5a5
5776a5a5
5777a5a5
5778a5a5
5779a5a5
577aa5a5
577ba5a5
577ca5a5
577da5a5
577ea5a5
577fa5a5
5780a5a5
5781a5a5
5782a5a5
5783a5a5
5784a5a5
5785a5a5
5786a5a5
5787a5a5
5788a5a5
5789a5a5
578aa5a5
578ba5a5
578ca5a5
578da5a5
578ea5a5
578fa5a5
5790a5a5
5791a5a5
5792a5a5
5793a5a5
5794a5a5
5795a5a5
5796a5a5
5797a5a5
5798a5a5
5799a5a5
579aa5a5
579ba5a5
579ca5a5
579da5a5
579ea5a5
579fa5a5
57a0a5a5
57a1a5a5
57a2a5a5
57a3a5a5
57a4a5a5
57a5a5a5
57a6a5a5
57a7a5a5
57a8a5a5
57a9a5a5
57aaa5a5
57aba5a5
57aca5a5
57ada5a5
57aea5a5
57afa5a5
57b0a5a5
57b1a5a5
57b2a5a5
57b3a5a5
57b4a5a5
57b5a5a5
57b6a5a5
57b7a5a5
57b8a5a5
57b9a5a5
57baa5a5
57bba5a5
57bca5a5
57bda5a5
57bea5a5
57bfa5a5
57c0a5a5
57c1a5a5
57c2a5a5
57c3a5a5
57c4a5a5
57c5a5a5
57c6a5a5
57c7a5a5
57c8a5a5
57c9a5a5
57caa5a5
57cba5a5
57cca5a5
57cda5a5
57cea5a5
57cfa5a5
57d0a5a5
57d1a5a5
57d2a5a5
57d3a5a5
57d4a5a5
57d5a5a5
57d6a5a5
57d7a5a5
57d8a5a5
57d9a5a5
57daa5a5
57dba5a5
57dca5a5
57dda5a5
57dea5a5
57dfa5a5
57e0a5a5
57e1a5a5
57e2a5a5
57e3a5a5
57e4a5a5
57e5a5a5
57e6a5a5
57e7a5a5
57e8a5a5
57e9a5a5
57eaa5a5
57eba5a5
57eca5a5
57eda5a5
57eea5a5
57efa5a5
57f0a5a5
57f1a5a5
57f2a5a5
57f3a5a5
57f4a5a5
57f5a5a5
57f6a5a5
57f7a5a5
57f8a5a5
57f9a5a5
57faa5a5
57fba5a5
57fca5a5
57fda5a5
57fea5a5
57ffa5a5
5800a5a5
5801a5a5
5802a5a5
5803a5a5
5804a5a5
5805a5a5
5806a5a5
5807a5a5
5808a5a5
5809a5a5
580aa5a5
580ba5a5
580ca5a5
580da5a5
580ea5a5
580fa5a5
5810a5a5
5811a5a5
5812a5a5
5813a5a5
5814a5a5
5815a5a5
5816a5a5
5817a5a5
5818a5a5
5819a5a5
581aa5a5
581ba5a5
581ca5a5
581da5a5
581ea5a5
581fa5a5
5820a5a5
5821a5a5
5822a5a5
5823a5a5
5824a5a5
5825a5a5
5826a5a5
5827a5a5
5828a5a5
5829a5a5
582aa5a5
582ba5a5
582ca5a5
582da5a5
582ea5a5
582fa5a5
5830a5a5
5831a5a5
5832a5a5
5833a5a5
5834a5a5
5835a5a5
5836a5a5
5837a5a5
5838a5a5
5839a5a5
583aa5a5
583ba5a5
583ca5a5
583da5a5
583ea5a5
583fa5a5
5840a5a5
5841a5a5
5842a5a5
5843a5a5
5844a5a5
5845a5a5
5846a5a5
5847a5a5
5848a5a5
5849a5a5
584aa5a5
584ba5a5
584ca5a5
584da5a5
584ea5a5
584fa5a5
5850a5a5
5851a5a5
5852a5a5
5853a5a5
5854a5a5
5855a5a5
5856a5a5
5857a5a5
5858a5a5
5859a5a5
585aa5a5
585ba5a5
585ca5a5
585da5a5
585ea5a5
585fa5a5
5860a5a5
5861a5a5
5862a5a5
5863a5a5
5864a5a5
5865a5a5
5866a5a5
5867a5a5
5868a5a5
5869a5a5
586aa5a5
586ba5a5
586ca5a5
586da5a5
586ea5a5
586fa5a5
5870a5a5
5871a5a5
5872a5a5
5873a5a5
5874a5a5
5875a5a5
5876a5a5
5877a5a5
5878a5a5
5879a5a5
587aa5a5
587ba5a5
587ca5a5
587da5a5
587ea5a5
587fa5a5
5880a5a5
5881a5a5
5882a5a5
5883a5a5
5884a5a5
5885a5a5
5886a5a5
5887a5a5
5888a5a5
5889a5a5
588aa5a5
588ba5a5
588ca5a5
588da5a5
588ea5a5
588fa5a5
5890a5a5
5891a5a5
5892a5a5
5893a5a5
5894a5a5
5895a5a5
5896a5a5
5897a5a5
5898a5a5
5899a5a5
589aa5a5
589ba5a5
589ca5a5
589da5a5
589ea5a5
589fa5a5
58a0a5a5
58a1a5a5
58a2a5a5
58a3a5a5
58a4a5a5
58a5a5a5
58a6a5a5
58a7a5a5
58a8a5a5
58a9a5a5
58aaa5a5
58aba5a5
58aca5a5
58ada5a5
58aea5a5
58afa5a5
58b0a5a5
58b1a5a5
58b2a5a5
58b3a5a5
58b4a5a5
58b5a5a5
58b6a5a5
58b7a5a5
58b8a5a5
58b9a5a5
58baa5a5
58bba5a5
58bca5a5
58bda5a5
58bea5a5
58bfa5a5
58c0a5a5
58c1a5a5
58c2a5a5
58c3a5a5
58c4a5a5
58c5a5a5
58c6a5a5
58c7a5a5
58c8a5a5
58c9a5a5
58caa5a5
58cba5a5
58cca5a5
58cda5a5
58cea5a5
58cfa5a5
58d0a5a5
58d1a5a5
58d2a5a5
58d3a5a5
58d4a5a5
58d5a5a5
58d6a5a5
58d7a5a5
58d8a5a5
58d9a5a5
58daa5a5
58dba5a5
58dca5a5
58dda5a5
58dea5a5
58dfa5a5
58e0a5a5
58e1a5a5
58e2a5a5
58e3a5a5
58e4a5a5
58e5a5a5
58e6a5a5
58e7a5a5
58e8a5a5
58e9a5a5
58eaa5a5
58eba5a5
58eca5a5
58eda5a5
58eea5a5
58efa5a5
58f0a5a5
58f1a5a5
58f2a5a5
58f3a5a5
58f4a5a5
58f5a5a5
58f6a5a5
58f7a5a5
58f8a5a5
58f9a5a5
58faa5a5
58fba5a5
58fca5a5
58fda5a5
58fea5a5
58ffa5a5
5900a5a5
5901a5a5
5902a5a5
5903a5a5
5904a5a5
5905a5a5
5906a5a5
5907a5a5
5908a5a5
5909a5a5
590aa5a5
590ba5a5
590ca5a5
590da5a5
590ea5a5
590fa5a5
5910a5a5
5911a5a5
5912a5a5
5913a5a5
5914a5a5
5915a5a5
5916a5a5
5917a5a5
5918a5a5
5919a5a5
591aa5a5
591ba5a5
591ca5a5
591da5a5
591ea5a5
591fa5a5
5920a5a5
5921a5a5
5922a5a5
5923a5a5
5924a5a5
5925a5a5
5926a5a5
5927a5a5
5928a5a5
5929a5a5
592aa5a5
592ba5a5
592ca5a5
592da5a5
592ea5a5
592fa5a5
5930a5a5
5931a5a5
5932a5a5
5933a5a5
5934a5a5
5935a5a5
5936a5a5
5937a5a5
5938a5a5
5939a5a5
593aa5a5
593ba5a5
593ca5a5
593da5a5
593ea5a5
593fa5a5
5940a5a5
5941a5a5
5942a5a5
5943a5a5
5944a5a5
5945a5a5
5946a5a5
5947a5a5
5948a5a5
5949a5a5
594aa5a5
594ba5a5
594ca5a5
594da5a5
594ea5a5
594fa5a5
5950a5a5
5951a5a5
5952a5a5
5953a5a5
5954a5a5
5955a5a5
5956a5a5
5957a5a5
5958a5a5
5959a5a5
595aa5a5
595ba5a5
595ca5a5
595da5a5
595ea5a5
595fa5a5
5960a5a5
5961a5a5
5962a5a5
5963a5a5
5964a5a5
5965a5a5
5966a5a5
5967a5a5
5968a5a5
5969a5a5
596aa5a5
596ba5a5
596ca5a5
596da5a5
596ea5a5
596fa5a5
5970a5a5
5971a5a5
5972a5a5
5973a5a5
5974a5a5
5975a5a5
5976a5a5
5977a5a5
5978a5a5
5979a5a5
597aa5a5
597ba5a5
597ca5a5
597da5a5
597ea5a5
597fa5a5
5980a5a5
5981a5a5
5982a5a5
5983a5a5
5984a5a5
5985a5a5
5986a5a5
5987a5a5
5988a5a5
5989a5a5
598aa5a5
598ba5a5
598ca5a5
598da5a5
598ea5a5
598fa5a5
5990a5a5
5991a5a5
5992a5a5
5993a5a5
5994a5a5
5995a5a5
5996a5a5
5997a5a5
5998a5a5
5999a5a5
599aa5a5
599ba5a5
599ca5a5
599da5a5
599ea5a5
599fa5a5
59a0a5a5
59a1a5a5
59a2a5a5
59a3a5a5
59a4a5a5
59a5a5a5
59a6a5a5
59a7a5a5
59a8a5a5
59a9a5a5
59aaa5a5
59aba5a5
59aca5a5
59ada5a5
59aea5a5
59afa5a5
59b0a5a5
59b1a5a5
59b2a5a5
59b3a5a5
59b4a5a5
59b5a5a5
59b6a5a5
59b7a5a5
59b8a5a5
59b9a5a5
59baa5a5
59bba5a5
59bca5a5
59bda5a5
59bea5a5
59bfa5a5
59c0a5a5
59c1a5a5
59c2a5a5
59c3a5a5
59c4a5a5
59c5a5a5
59c6a5a5
59c7a5a5
59c8a5a5
59c9a5a5
59caa5a5
59cba5a5
59cca5a5
59cda5a5
59cea5a5
59cfa5a5
59d0a5a5
59d1a5a5
59d2a5a5
59d3a5a5
59d4a5a5
59d5a5a5
59d6a5a5
59d7a5a5
59d8a5a5
59d9a5a5
59daa5a5
59dba5a5
59dca5a5
59dda5a5
59dea5a5
59dfa5a5
59e0a5a5
59e1a5a5
59e2a5a5
59e3a5a5
59e4a5a5
59e5a5a5
59e6a5a5
59e7a5a5
59e8a5a5
59e9a5a5
59eaa5a5
59eba5a5
59eca5a5
59eda5a5
59eea5a5
59efa5a5
59f0a5a5
59f1a5a5
59f2a5a5
59f3a5a5
59f4a5a5
59f5a5a5
59f6a5a5
59f7a5a5
59f8a5a5
59f9a5a5
59faa5a5
59fba5a5
59fca5a5
59fda5a5
59fea5a5
59ffa5a5
5a00a5a5
5a01a5a5
5a02a5a5
5a03a5a5
5a04a5a5
5a05a5a5
5a06a5a5
5a07a5a5
5a08a5a5
5a09a5a5
5a0aa5a5
5a0ba5a5
5a0ca5a5
5a0da5a5
5a0ea5a5
5a0fa5a5
5a10a5a5
5a11a5a5
5a12a5a5
5a13a5a5
5a14a5a5
5a15a5a5
5a16a5a5
5a17a5a5
5a18a5a5
5a19a5a5
5a1aa5a5
5a1ba5a5
5a1ca5a5
5a1da5a5
5a1ea5a5
5a1fa5a5
5a20a5a5
5a21a5a5
5a22a5a5
5a23a5a5
5a24a5a5
5a25a5a5
5a26a5a5
5a27a5a5
5a28a5a5
5a29a5a5
5a2aa5a5
5a2ba5a5
5a2ca5a5
5a2da5a5
5a2ea5a5
5a2fa5a5
5a30a5a5
5a31a5a5
5a32a5a5
5a33a5a5
5a34a5a5
5a35a5a5
5a36a5a5
5a37a5a5
5a38a5a5
5a39a5a5
5a3aa5a5
5a3ba5a5
5a3ca5a5
5a3da5a5
5a3ea5a5
5a3fa5a5
5a40a5a5
5a41a5a5
5a42a5a5
5a43a5a5
5a44a5a5
5a45a5a5
5a46a5a5
5a47a5a5
5a48a5a5
5a49a5a5
5a4aa5a5
5a4ba5a5
5a4ca5a5
5a4da5a5
5a4ea5a5
5a4fa5a5
5a50a5a5
5a51a5a5
5a52a5a5
5a53a5a5
5a54a5a5
5a55a5a5
5a56a5a5
5a57a5a5
5a58a5a5
5a59a5a5
5a5aa5a5
5a5ba5a5
5a5ca5a5
5a5da5a5
5a5ea5a5
5a5fa5a5
5a60a5a5
5a61a5a5
5a62a5a5
5a63a5a5
5a64a5a5
5a65a5a5
5a66a5a5
5a67a5a5
5a68a5a5
5a69a5a5
5a6aa5a5
5a6ba5a5
5a6ca5a5
5a6da5a5
5a6ea5a5
5a6fa5a5
5a70a5a5
5a71a5a5
5a72a5a5
5a73a5a5
5a74a5a5
5a75a5a5
5a76a5a5
5a77a5a5
5a78a5a5
5a79a5a5
5a7aa5a5
5a7ba5a5
5a7ca5a5
5a7da5a5
5a7ea5a5
5a7fa5a5
5a80a5a5
5a81a5a5
5a82a5a5
5a83a5a5
5a84a5a5
5a85a5a5
5a86a5a5
5a87a5a5
5a88a5a5
5a89a5a5
5a8aa5a5
5a8ba5a5
5a8ca5a5
5a8da5a5
5a8ea5a5
5a8fa5a5
5a90a5a5
5a91a5a5
5a92a5a5
5a93a5a5
5a94a5a5
5a95a5a5
5a96a5a5
5a97a5a5
5a98a5a5
5a99a5a5
5a9aa5a5
5a9ba5a5
5a9ca5a5
5a9da5a5
5a9ea5a5
5a9fa5a5
5aa0a5a5
5aa1a5a5
5aa2a5a5
5aa3a5a5
5aa4a5a5
5aa5a5a5
5aa6a5a5
5aa7a5a5
5aa8a5a5
5aa9a5a5
5aaaa5a5
5aaba5a5
5aaca5a5
5aada5a5
5aaea5a5
5aafa5a5
5ab0a5a5
5ab1a5a5
5ab2a5a5
5ab3a5a5
5ab4a5a5
5ab5a5a5
5ab6a5a5
5ab7a5a5
5ab8a5a5
5ab9a5a5
5abaa5a5
5abba5a5
5abca5a5
5abda5a5
5abea5a5
5abfa5a5
5ac0a5a5
5ac1a5a5
5ac2a5a5
5ac3a5a5
5ac4a5a5
5ac5a5a5
5ac6a5a5
5ac7a5a5
5ac8a5a5
5ac9a5a5
5acaa5a5
5acba5a5
5acca5a5
5acda5a5
5acea5a5
5acfa5a5
5ad0a5a5
5ad1a5a5
5ad2a5a5
5ad3a5a5
5ad4a5a5
5ad5a5a5
5ad6a5a5
5ad7a5a5
5ad8a5a5
5ad9a5a5
5adaa5a5
5adba5a5
5adca5a5
5adda5a5
5adea5a5
5adfa5a5
5ae0a5a5
5ae1a5a5
5ae2a5a5
5ae3a5a5
5ae4a5a5
5ae5a5a5
5ae6a5a5
5ae7a5a5
5ae8a5a5
5ae9a5a5
5aeaa5a5
5aeba5a5
5aeca5a5
5aeda5a5
5aeea5a5
5aefa5a5
5af0a5a5
5af1a5a5
5af2a5a5
5af3a5a5
5af4a5a5
5af5a5a5
5af6a5a5
5af7a5a5
5af8a5a5
5af9a5a5
5afaa5a5
5afba5a5
5afca5a5
5afda5a5
5afea5a5
5affa5a5
5b00a5a5
5b01a5a5
5b02a5a5
5b03a5a5
5b04a5a5
5b05a5a5
5b06a5a5
5b07a5a5
5b08a5a5
5b09a5a5
5b0aa5a5
5b0ba5a5
5b0ca5a5
5b0da5a5
5b0ea5a5
5b0fa5a5
5b10a5a5
5b11a5a5
5b12a5a5
5b13a5a5
5b14a5a5
5b15a5a5
5b16a5a5
5b17a5a5
5b18a5a5
5b19a5a5
5b1aa5a5
5b1ba5a5
5b1ca5a5
5b1da5a5
5b1ea5a5
5b1fa5a5
5b20a5a5
5b21a5a5
5b22a5a5
5b23a5a5
5b24a5a5
5b25a5a5
5b26a5a5
5b27a5a5
5b28a5a5
5b29a5a5
5b2aa5a5
5b2ba5a5
5b2ca5a5
5b2da5a5
5b2ea5a5
5b2fa5a5
5b30a5a5
5b31a5a5
5b32a5a5
5b33a5a5
5b34a5a5
5b35a5a5
5b36a5a5
5b37a5a5
5b38a5a5
5b39a5a5
5b3aa5a5
5b3ba5a5
5b3ca5a5
5b3da5a5
5b3ea5a5
5b3fa5a5
5b40a5a5
5b41a5a5
5b42a5a5
5b43a5a5
5b44a5a5
5b45a5a5
5b46a5a5
5b47a5a5
5b48a5a5
5b49a5a5
5b4aa5a5
5b4ba5a5
5b4ca5a5
5b4da5a5
5b4ea5a5
5b4fa5a5
5b50a5a5
5b51a5a5
5b52a5a5
5b53a5a5
5b54a5a5
5b55a5a5
5b56a5a5
5b57a5a5
5b58a5a5
5b59a5a5
5b5aa5a5
5b5ba5a5
5b5ca5a5
5b5da5a5
5b5ea5a5
5b5fa5a5
5b60a5a5
5b61a5a5
5b62a5a5
5b63a5a5
5b64a5a5
5b65a5a5
5b66a5a5
5b67a5a5
5b68a5a5
5b69a5a5
5b6aa5a5
5b6ba5a5
5b6ca5a5
5b6da5a5
5b6ea5a5
5b6fa5a5
5b70a5a5
5b71a5a5
5b72a5a5
5b73a5a5
5b74a5a5
5b75a5a5
5b76a5a5
5b77a5a5
5b78a5a5
5b79a5a5
5b7aa5a5
5b7ba5a5
5b7ca5a5
5b7da5a5
5b7ea5a5
5b7fa5a5
5b80a5a5
5b81a5a5
5b82a5a5
5b83a5a5
5b84a5a5
5b85a5a5
5b86a5a5
5b87a5a5
5b88a5a5
5b89a5a5
5b8aa5a5
5b8ba5a5
5b8ca5a5
5b8da5a5
5b8ea5a5
5b8fa5a5
5b90a5a5
5b91a5a5
5b92a5a5
5b93a5a5
5b94a5a5
5b95a5a5
5b96a5a5
5b97a5a5
5b98a5a5
5b99a5a5
5b9aa5a5
5b9ba5a5
5b9ca5a5
5b9da5a5
5b9ea5a5
5b9fa5a5
5ba0a5a5
5ba1a5a5
5ba2a5a5
5ba3a5a5
5ba4a5a5
5ba5a5a5
5ba6a5a5
5ba7a5a5
5ba8a5a5
5ba9a5a5
5baaa5a5
5baba5a5
5baca5a5
5bada5a5
5baea5a5
5bafa5a5
5bb0a5a5
5bb1a5a5
5bb2a5a5
5bb3a5a5
5bb4a5a5
5bb5a5a5
5bb6a5a5
5bb7a5a5
5bb8a5a5
5bb9a5a5
5bbaa5a5
5bbba5a5
5bbca5a5
5bbda5a5
5bbea5a5
5bbfa5a5
5bc0a5a5
5bc1a5a5
5bc2a5a5
5bc3a5a5
5bc4a5a5
5bc5a5a5
5bc6a5a5
5bc7a5a5
5bc8a5a5
5bc9a5a5
5bcaa5a5
5bcba5a5
5bcca5a5
5bcda5a5
5bcea5a5
5bcfa5a5
5bd0a5a5
5bd1a5a5
5bd2a5a5
5bd3a5a5
5bd4a5a5
5bd5a5a5
5bd6a5a5
5bd7a5a5
5bd8a5a5
5bd9a5a5
5bdaa5a5
5bdba5a5
5bdca5a5
5bdda5a5
5bdea5a5
5bdfa5a5
5be0a5a5
5be1a5a5
5be2a5a5
5be3a5a5
5be4a5a5
5be5a5a5
5be6a5a5
5be7a5a5
5be8a5a5
5be9a5a5
5beaa5a5
5beba5a5
5beca5a5
5beda5a5
5beea5a5
5befa5a5
5bf0a5a5
5bf1a5a5
5bf2a5a5
5bf3a5a5
5bf4a5a5
5bf5a5a5
5bf6a5a5
5bf7a5a5
5bf8a5a5
5bf9a5a5
5bfaa5a5
5bfba5a5
5bfca5a5
5bfda5a5
5bfea5a5
5bffa5a5
5c00a5a5
5c01a5a5
5c02a5a5
5c03a5a5
5c04a5a5
5c05a5a5
5c06a5a5
5c07a5a5
5c08a5a5
5c09a5a5
5c0aa5a5
5c0ba5a5
5c0ca5a5
5c0da5a5
5c0ea5a5
5c0fa5a5
5c10a5a5
5c11a5a5
5c12a5a5
5c13a5a5
5c14a5a5
5c15a5a5
5c16a5a5
5c17a5a5
5c18a5a5
5c19a5a5
5c1aa5a5
5c1ba5a5
5c1ca5a5
5c1da5a5
5c1ea5a5
5c1fa5a5
5c20a5a5
5c21a5a5
5c22a5a5
5c23a5a5
5c24a5a5
5c25a5a5
5c26a5a5
5c27a5a5
5c28a5a5
5c29a5a5
5c2aa5a5
5c2ba5a5
5c2ca5a5
5c2da5a5
5c2ea5a5
5c2fa5a5
5c30a5a5
5c31a5a5
5c32a5a5
5c33a5a5
5c34a5a5
5c35a5a5
5c36a5a5
5c37a5a5
5c38a5a5
5c39a5a5
5c3aa5a5
5c3ba5a5
5c3ca5a5
5c3da5a5
5c3ea5a5
5c3fa5a5
5c40a5a5
5c41a5a5
5c42a5a5
5c43a5a5
5c44a5a5
5c45a5a5
5c46a5a5
5c47a5a5
5c48a5a5
5c49a5a5
5c4aa5a5
5c4ba5a5
5c4ca5a5
5c4da5a5
5c4ea5a5
5c4fa5a5
5c50a5a5
5c51a5a5
5c52a5a5
5c53a5a5
5c54a5a5
5c55a5a5
5c56a5a5
5c57a5a5
5c58a5a5
5c59a5a5
5c5aa5a5
5c5ba5a5
5c5ca5a5
5c5da5a5
5c5ea5a5
5c5fa5a5
5c60a5a5
5c61a5a5
5c62a5a5
5c63a5a5
5c64a5a5
5c65a5a5
5c66a5a5
5c67a5a5
5c68a5a5
5c69a5a5
5c6aa5a5
5c6ba5a5
5c6ca5a5
5c6da5a5
5c6ea5a5
5c6fa5a5
5c70a5a5
5c71a5a5
5c72a5a5
5c73a5a5
5c74a5a5
5c75a5a5
5c76a5a5
5c77a5a5
5c78a5a5
5c79a5a5
5c7aa5a5
5c7ba5a5
5c7ca5a5
5c7da5a5
5c7ea5a5
5c7fa5a5
5c80a5a5
5c81a5a5
5c82a5a5
5c83a5a5
5c84a5a5
5c85a5a5
5c86a5a5
5c87a5a5
5c88a5a5
5c89a5a5
5c8aa5a5
5c8ba5a5
5c8ca5a5
5c8da5a5
5c8ea5a5
5c8fa5a5
5c90a5a5
5c91a5a5
5c92a5a5
5c93a5a5
5c94a5a5
5c95a5a5
5c96a5a5
5c97a5a5
5c98a5a5
5c99a5a5
5c9aa5a5
5c9ba5a5
5c9ca5a5
5c9da5a5
5c9ea5a5
5c9fa5a5
5ca0a5a5
5ca1a5a5
5ca2a5a5
5ca3a5a5
5ca4a5a5
5ca5a5a5
5ca6a5a5
5ca7a5a5
5ca8a5a5
5ca9a5a5
5caaa5a5
5caba5a5
5caca5a5
5cada5a5
5caea5a5
5cafa5a5
5cb0a5a5
5cb1a5a5
5cb2a5a5
5cb3a5a5
5cb4a5a5
5cb5a5a5
5cb6a5a5
5cb7a5a5
5cb8a5a5
5cb9a5a5
5cbaa5a5
5cbba5a5
5cbca5a5
5cbda5a5
5cbea5a5
5cbfa5a5
5cc0a5a5
5cc1a5a5
5cc2a5a5
5cc3a5a5
5cc4a5a5
5cc5a5a5
5cc6a5a5
5cc7a5a5
5cc8a5a5
5cc9a5a5
5ccaa5a5
5ccba5a5
5ccca5a5
5ccda5a5
5ccea5a5
5ccfa5a5
5cd0a5a5
5cd1a5a5
5cd2a5a5
5cd3a5a5
5cd4a5a5
5cd5a5a5
5cd6a5a5
5cd7a5a5
5cd8a5a5
5cd9a5a5
5cdaa5a5
5cdba5a5
5cdca5a5
5cdda5a5
5cdea5a5
5cdfa5a5
5ce0a5a5
5ce1a5a5
5ce2a5a5
5ce3a5a5
5ce4a5a5
5ce5a5a5
5ce6a5a5
5ce7a5a5
5ce8a5a5
5ce9a5a5
5ceaa5a5
5ceba5a5
5ceca5a5
5ceda5a5
5ceea5a5
5cefa5a5
5cf0a5a5
5cf1a5a5
5cf2a5a5
5cf3a5a5
5cf4a5a5
5cf5a5a5
5cf6a5a5
5cf7a5a5
5cf8a5a5
5cf9a5a5
5cfaa5a5
5cfba5a5
5cfca5a5
5cfda5a5
5cfea5a5
5cffa5a5
5d00a5a5
5d01a5a5
5d02a5a5
5d03a5a5
5d04a5a5
5d05a5a5
5d06a5a5
5d07a5a5
5d08a5a5
5d09a5a5
5d0aa5a5
5d0ba5a5
5d0ca5a5
5d0da5a5
5d0ea5a5
5d0fa5a5
5d10a5a5
5d11a5a5
5d12a5a5
5d13a5a5
5d14a5a5
5d15a5a5
5d16a5a5
5d17a5a5
5d18a5a5
5d19a5a5
5d1aa5a5
5d1ba5a5
5d1ca5a5
5d1da5a5
5d1ea5a5
5d1fa5a5
5d20a5a5
5d21a5a5
5d22a5a5
5d23a5a5
5d24a5a5
5d25a5a5
5d26a5a5
5d27a5a5
5d28a5a5
5d29a5a5
5d2aa5a5
5d2ba5a5
5d2ca5a5
5d2da5a5
5d2ea5a5
5d2fa5a5
5d30a5a5
5d31a5a5
5d32a5a5
5d33a5a5
5d34a5a5
5d35a5a5
5d36a5a5
5d37a5a5
5d38a5a5
5d39a5a5
5d3aa5a5
5d3ba5a5
5d3ca5a5
5d3da5a5
5d3ea5a5
5d3fa5a5
5d40a5a5
5d41a5a5
5d42a5a5
5d43a5a5
5d44a5a5
5d45a5a5
5d46a5a5
5d47a5a5
5d48a5a5
5d49a5a5
5d4aa5a5
5d4ba5a5
5d4ca5a5
5d4da5a5
5d4ea5a5
5d4fa5a5
5d50a5a5
5d51a5a5
5d52a5a5
5d53a5a5
5d54a5a5
5d55a5a5
5d56a5a5
5d57a5a5
5d58a5a5
5d59a5a5
5d5aa5a5
5d5ba5a5
5d5ca5a5
5d5da5a5
5d5ea5a5
5d5fa5a5
5d60a5a5
5d61a5a5
5d62a5a5
5d63a5a5
5d64a5a5
5d65a5a5
5d66a5a5
5d67a5a5
5d68a5a5
5d69a5a5
5d6aa5a5
5d6ba5a5
5d6ca5a5
5d6da5a5
5d6ea5a5
5d6fa5a5
5d70a5a5
5d71a5a5
5d72a5a5
5d73a5a5
5d74a5a5
5d75a5a5
5d76a5a5
5d77a5a5
5d78a5a5
5d79a5a5
5d7aa5a5
5d7ba5a5
5d7ca5a5
5d7da5a5
5d7ea5a5
5d7fa5a5
5d80a5a5
5d81a5a5
5d82a5a5
5d83a5a5
5d84a5a5
5d85a5a5
5d86a5a5
5d87a5a5
5d88a5a5
5d89a5a5
5d8aa5a5
5d8ba5a5
5d8ca5a5
5d8da5a5
5d8ea5a5
5d8fa5a5
5d90a5a5
5d91a5a5
5d92a5a5
5d93a5a5
5d94a5a5
5d95a5a5
5d96a5a5
5d97a5a5
5d98a5a5
5d99a5a5
5d9aa5a5
5d9ba5a5
5d9ca5a5
5d9da5a5
5d9ea5a5
5d9fa5a5
5da0a5a5
5da1a5a5
5da2a5a5
5da3a5a5
5da4a5a5
5da5a5a5
5da6a5a5
5da7a5a5
5da8a5a5
5da9a5a5
5daaa5a5
5daba5a5
5daca5a5
5dada5a5
5daea5a5
5dafa5a5
5db0a5a5
5db1a5a5
5db2a5a5
5db3a5a5
5db4a5a5
5db5a5a5
5db6a5a5
5db7a5a5
5db8a5a5
5db9a5a5
5dbaa5a5
5dbba5a5
5dbca5a5
5dbda5a5
5dbea5a5
5dbfa5a5
5dc0a5a5
5dc1a5a5
5dc2a5a5
5dc3a5a5
5dc4a5a5
5dc5a5a5
5dc6a5a5
5dc7a5a5
5dc8a5a5
5dc9a5a5
5dcaa5a5
5dcba5a5
5dcca5a5
5dcda5a5
5dcea5a5
5dcfa5a5
5dd0a5a5
5dd1a5a5
5dd2a5a5
5dd3a5a5
5dd4a5a5
5dd5a5a5
5dd6a5a5
5dd7a5a5
5dd8a5a5
5dd9a5a5
5ddaa5a5
5ddba5a5
5ddca5a5
5ddda5a5
5ddea5a5
5ddfa5a5
5de0a5a5
5de1a5a5
5de2a5a5
5de3a5a5
5de4a5a5
5de5a5a5
5de6a5a5
5de7a5a5
5de8a5a5
5de9a5a5
5deaa5a5
5deba5a5
5deca5a5
5deda5a5
5deea5a5
5defa5a5
5df0a5a5
5df1a5a5
5df2a5a5
5df3a5a5
5df4a5a5
5df5a5a5
5df6a5a5
5df7a5a5
5df8a5a5
5df9a5a5
5dfaa5a5
5dfba5a5
5dfca5a5
5dfda5a5
5dfea5a5
5dffa5a5
5e00a5a5
5e01a5a5
5e02a5a5
5e03a5a5
5e04a5a5
5e05a5a5
5e06a5a5
5e07a5a5
5e08a5a5
5e09a5a5
5e0aa5a5
5e0ba5a5
5e0ca5a5
5e0da5a5
5e0ea5a5
5e0fa5a5
5e10a5a5
5e11a5a5
5e12a5a5
5e13a5a5
5e14a5a5
5e15a5a5
5e16a5a5
5e17a5a5
5e18a5a5
5e19a5a5
5e1aa5a5
5e1ba5a5
5e1ca5a5
5e1da5a5
5e1ea5a5
5e1fa5a5
5e20a5a5
5e21a5a5
5e22a5a5
5e23a5a5
5e24a5a5
5e25a5a5
5e26a5a5
5e27a5a5
5e28a5a5
5e29a5a5
5e2aa5a5
5e2ba5a5
5e2ca5a5
5e2da5a5
5e2ea5a5
5e2fa5a5
5e30a5a5
5e31a5a5
5e32a5a5
5e33a5a5
5e34a5a5
5e35a5a5
5e36a5a5
5e37a5a5
5e38a5a5
5e39a5a5
5e3aa5a5
5e3ba5a5
5e3ca5a5
5e3da5a5
5e3ea5a5
5e3fa5a5
5e40a5a5
5e41a5a5
5e42a5a5
5e43a5a5
5e44a5a5
5e45a5a5
5e46a5a5
5e47a5a5
5e48a5a5
5e49a5a5
5e4aa5a5
5e4ba5a5
5e4ca5a5
5e4da5a5
5e4ea5a5
5e4fa5a5
5e50a5a5
5e51a5a5
5e52a5a5
5e53a5a5
5e54a5a5
5e55a5a5
5e56a5a5
5e57a5a5
5e58a5a5
5e59a5a5
5e5aa5a5
5e5ba5a5
5e5ca5a5
5e5da5a5
5e5ea5a5
5e5fa5a5
5e60a5a5
5e61a5a5
5e62a5a5
5e63a5a5
5e64a5a5
5e65a5a5
5e66a5a5
5e67a5a5
5e68a5a5
5e69a5a5
5e6aa5a5
5e6ba5a5
5e6ca5a5
5e6da5a5
5e6ea5a5
5e6fa5a5
5e70a5a5
5e71a5a5
5e72a5a5
5e73a5a5
5e74a5a5
5e75a5a5
5e76a5a5
5e77a5a5
5e78a5a5
5e79a5a5
5e7aa5a5
5e7ba5a5
5e7ca5a5
5e7da5a5
5e7ea5a5
5e7fa5a5
5e80a5a5
5e81a5a5
5e82a5a5
5e83a5a5
5e84a5a5
5e85a5a5
5e86a5a5
5e87a5a5
5e88a5a5
5e89a5a5
5e8aa5a5
5e8ba5a5
5e8ca5a5
5e8da5a5
5e8ea5a5
5e8fa5a5
5e90a5a5
5e91a5a5
5e92a5a5
5e93a5a5
5e94a5a5
5e95a5a5
5e96a5a5
5e97a5a5
5e98a5a5
5e99a5a5
5e9aa5a5
5e9ba5a5
5e9ca5a5
5e9da5a5
5e9ea5a5
5e9fa5a5
5ea0a5a5
5ea1a5a5
5ea2a5a5
5ea3a5a5
5ea4a5a5
5ea5a5a5
5ea6a5a5
5ea7a5a5
5ea8a5a5
5ea9a5a5
5eaaa5a5
5eaba5a5
5eaca5a5
5eada5a5
5eaea5a5
5eafa5a5
5eb0a5a5
5eb1a5a5
5eb2a5a5
5eb3a5a5
5eb4a5a5
5eb5a5a5
5eb6a5a5
5eb7a5a5
5eb8a5a5
5eb9a5a5
5ebaa5a5
5ebba5a5
5ebca5a5
5ebda5a5
5ebea5a5
5ebfa5a5
5ec0a5a5
5ec1a5a5
5ec2a5a5
5ec3a5a5
5ec4a5a5
5ec5a5a5
5ec6a5a5
5ec7a5a5
5ec8a5a5
5ec9a5a5
5ecaa5a5
5ecba5a5
5ecca5a5
5ecda5a5
5ecea5a5
5ecfa5a5
5ed0a5a5
5ed1a5a5
5ed2a5a5
5ed3a5a5
5ed4a5a5
5ed5a5a5
5ed6a5a5
5ed7a5a5
5ed8a5a5
5ed9a5a5
5edaa5a5
5edba5a5
5edca5a5
5edda5a5
5edea5a5
5edfa5a5
5ee0a5a5
5ee1a5a5
5ee2a5a5
5ee3a5a5
5ee4a5a5
5ee5a5a5
5ee6a5a5
5ee7a5a5
5ee8a5a5
5ee9a5a5
5eeaa5a5
5eeba5a5
5eeca5a5
5eeda5a5
5eeea5a5
5eefa5a5
5ef0a5a5
5ef1a5a5
5ef2a5a5
5ef3a5a5
5ef4a5a5
5ef5a5a5
5ef6a5a5
5ef7a5a5
5ef8a5a5
5ef9a5a5
5efaa5a5
5efba5a5
5efca5a5
5efda5a5
5efea5a5
5effa5a5
5f00a5a5
5f01a5a5
5f02a5a5
5f03a5a5
5f04a5a5
5f05a5a5
5f06a5a5
5f07a5a5
5f08a5a5
5f09a5a5
5f0aa5a5
5f0ba5a5
5f0ca5a5
5f0da5a5
5f0ea5a5
5f0fa5a5
5f10a5a5
5f11a5a5
5f12a5a5
5f13a5a5
5f14a5a5
5f15a5a5
5f16a5a5
5f17a5a5
5f18a5a5
5f19a5a5
5f1aa5a5
5f1ba5a5
5f1ca5a5
5f1da5a5
5f1ea5a5
5f1fa5a5
5f20a5a5
5f21a5a5
5f22a5a5
5f23a5a5
5f24a5a5
5f25a5a5
5f26a5a5
5f27a5a5
5f28a5a5
5f29a5a5
5f2aa5a5
5f2ba5a5
5f2ca5a5
5f2da5a5
5f2ea5a5
5f2fa5a5
5f30a5a5
5f31a5a5
5f32a5a5
5f33a5a5
5f34a5a5
5f35a5a5
5f36a5a5
5f37a5a5
5f38a5a5
5f39a5a5
5f3aa5a5
5f3ba5a5
5f3ca5a5
5f3da5a5
5f3ea5a5
5f3fa5a5
5f40a5a5
5f41a5a5
5f42a5a5
5f43a5a5
5f44a5a5
5f45a5a5
5f46a5a5
5f47a5a5
5f48a5a5
5f49a5a5
5f4aa5a5
5f4ba5a5
5f4ca5a5
5f4da5a5
5f4ea5a5
5f4fa5a5
5f50a5a5
5f51a5a5
5f52a5a5
5f53a5a5
5f54a5a5
5f55a5a5
5f56a5a5
5f57a5a5
5f58a5a5
5f59a5a5
5f5aa5a5
5f5ba5a5
5f5ca5a5
5f5da5a5
5f5ea5a5
5f5fa5a5
5f60a5a5
5f61a5a5
5f62a5a5
5f63a5a5
5f64a5a5
5f65a5a5
5f66a5a5
5f67a5a5
5f68a5a5
5f69a5a5
5f6aa5a5
5f6ba5a5
5f6ca5a5
5f6da5a5
5f6ea5a5
5f6fa5a5
5f70a5a5
5f71a5a5
5f72a5a5
5f73a5a5
5f74a5a5
5f75a5a5
5f76a5a5
5f77a5a5
5f78a5a5
5f79a5a5
5f7aa5a5
5f7ba5a5
5f7ca5a5
5f7da5a5
5f7ea5a5
5f7fa5a5
5f80a5a5
5f81a5a5
5f82a5a5
5f83a5a5
5f84a5a5
5f85a5a5
5f86a5a5
5f87a5a5
5f88a5a5
5f89a5a5
5f8aa5a5
5f8ba5a5
5f8ca5a5
5f8da5a5
5f8ea5a5
5f8fa5a5
5f90a5a5
5f91a5a5
5f92a5a5
5f93a5a5
5f94a5a5
5f95a5a5
5f96a5a5
5f97a5a5
5f98a5a5
5f99a5a5
5f9aa5a5
5f9ba5a5
5f9ca5a5
5f9da5a5
5f9ea5a5
5f9fa5a5
5fa0a5a5
5fa1a5a5
5fa2a5a5
5fa3a5a5
5fa4a5a5
5fa5a5a5
5fa6a5a5
5fa7a5a5
5fa8a5a5
5fa9a5a5
5faaa5a5
5faba5a5
5faca5a5
5fada5a5
5faea5a5
5fafa5a5
5fb0a5a5
5fb1a5a5
5fb2a5a5
5fb3a5a5
5fb4a5a5
5fb5a5a5
5fb6a5a5
5fb7a5a5
5fb8a5a5
5fb9a5a5
5fbaa5a5
5fbba5a5
5fbca5a5
5fbda5a5
5fbea5a5
5fbfa5a5
5fc0a5a5
5fc1a5a5
5fc2a5a5
5fc3a5a5
5fc4a5a5
5fc5a5a5
5fc6a5a5
5fc7a5a5
5fc8a5a5
5fc9a5a5
5fcaa5a5
5fcba5a5
5fcca5a5
5fcda5a5
5fcea5a5
5fcfa5a5
5fd0a5a5
5fd1a5a5
5fd2a5a5
5fd3a5a5
5fd4a5a5
5fd5a5a5
5fd6a5a5
5fd7a5a5
5fd8a5a5
5fd9a5a5
5fdaa5a5
5fdba5a5
5fdca5a5
5fdda5a5
5fdea5a5
5fdfa5a5
5fe0a5a5
5fe1a5a5
5fe2a5a5
5fe3a5a5
5fe4a5a5
5fe5a5a5
5fe6a5a5
5fe7a5a5
5fe8a5a5
5fe9a5a5
5feaa5a5
5feba5a5
5feca5a5
5feda5a5
5feea5a5
5fefa5a5
5ff0a5a5
5ff1a5a5
5ff2a5a5
5ff3a5a5
5ff4a5a5
5ff5a5a5
5ff6a5a5
5ff7a5a5
5ff8a5a5
5ff9a5a5
5ffaa5a5
5ffba5a5
5ffca5a5
5ffda5a5
5ffea5a5
5fffa5a5
6000a5a5
6001a5a5
6002a5a5
6003a5a5
6004a5a5
6005a5a5
6006a5a5
6007a5a5
6008a5a5
6009a5a5
600aa5a5
600ba5a5
600ca5a5
600da5a5
600ea5a5
600fa5a5
6010a5a5
6011a5a5
6012a5a5
6013a5a5
6014a5a5
6015a5a5
6016a5a5
6017a5a5
6018a5a5
6019a5a5
601aa5a5
601ba5a5
601ca5a5
601da5a5
601ea5a5
601fa5a5
6020a5a5
6021a5a5
6022a5a5
6023a5a5
6024a5a5
6025a5a5
6026a5a5
6027a5a5
6028a5a5
6029a5a5
602aa5a5
602ba5a5
602ca5a5
602da5a5
602ea5a5
602fa5a5
6030a5a5
6031a5a5
6032a5a5
6033a5a5
6034a5a5
6035a5a5
6036a5a5
6037a5a5
6038a5a5
6039a5a5
603aa5a5
603ba5a5
603ca5a5
603da5a5
603ea5a5
603fa5a5
6040a5a5
6041a5a5
6042a5a5
6043a5a5
6044a5a5
6045a5a5
6046a5a5
6047a5a5
6048a5a5
6049a5a5
604aa5a5
604ba5a5
604ca5a5
604da5a5
604ea5a5
604fa5a5
6050a5a5
6051a5a5
6052a5a5
6053a5a5
6054a5a5
6055a5a5
6056a5a5
6057a5a5
6058a5a5
6059a5a5
605aa5a5
605ba5a5
605ca5a5
605da5a5
605ea5a5
605fa5a5
6060a5a5
6061a5a5
6062a5a5
6063a5a5
6064a5a5
6065a5a5
6066a5a5
6067a5a5
6068a5a5
6069a5a5
606aa5a5
606ba5a5
606ca5a5
606da5a5
606ea5a5
606fa5a5
6070a5a5
6071a5a5
6072a5a5
6073a5a5
6074a5a5
6075a5a5
6076a5a5
6077a5a5
6078a5a5
6079a5a5
607aa5a5
607ba5a5
607ca5a5
607da5a5
607ea5a5
607fa5a5
6080a5a5
6081a5a5
6082a5a5
6083a5a5
6084a5a5
6085a5a5
6086a5a5
6087a5a5
6088a5a5
6089a5a5
608aa5a5
608ba5a5
608ca5a5
608da5a5
608ea5a5
608fa5a5
6090a5a5
6091a5a5
6092a5a5
6093a5a5
6094a5a5
6095a5a5
6096a5a5
6097a5a5
6098a5a5
6099a5a5
609aa5a5
609ba5a5
609ca5a5
609da5a5
609ea5a5
609fa5a5
60a0a5a5
60a1a5a5
60a2a5a5
60a3a5a5
60a4a5a5
60a5a5a5
60a6a5a5
60a7a5a5
60a8a5a5
60a9a5a5
60aaa5a5
60aba5a5
60aca5a5
60ada5a5
60aea5a5
60afa5a5
60b0a5a5
60b1a5a5
60b2a5a5
60b3a5a5
60b4a5a5
60b5a5a5
60b6a5a5
60b7a5a5
60b8a5a5
60b9a5a5
60baa5a5
60bba5a5
60bca5a5
60bda5a5
60bea5a5
60bfa5a5
60c0a5a5
60c1a5a5
60c2a5a5
60c3a5a5
60c4a5a5
60c5a5a5
60c6a5a5
60c7a5a5
60c8a5a5
60c9a5a5
60caa5a5
60cba5a5
60cca5a5
60cda5a5
60cea5a5
60cfa5a5
60d0a5a5
60d1a5a5
60d2a5a5
60d3a5a5
60d4a5a5
60d5a5a5
60d6a5a5
60d7a5a5
60d8a5a5
60d9a5a5
60daa5a5
60dba5a5
60dca5a5
60dda5a5
60dea5a5
60dfa5a5
60e0a5a5
60e1a5a5
60e2a5a5
60e3a5a5
60e4a5a5
60e5a5a5
60e6a5a5
60e7a5a5
60e8a5a5
60e9a5a5
60eaa5a5
60eba5a5
60eca5a5
60eda5a5
60eea5a5
60efa5a5
60f0a5a5
60f1a5a5
60f2a5a5
60f3a5a5
60f4a5a5
60f5a5a5
60f6a5a5
60f7a5a5
60f8a5a5
60f9a5a5
60faa5a5
60fba5a5
60fca5a5
60fda5a5
60fea5a5
60ffa5a5
6100a5a5
6101a5a5
6102a5a5
6103a5a5
6104a5a5
6105a5a5
6106a5a5
6107a5a5
6108a5a5
6109a5a5
610aa5a5
610ba5a5
610ca5a5
610da5a5
610ea5a5
610fa5a5
6110a5a5
6111a5a5
6112a5a5
6113a5a5
6114a5a5
6115a5a5
6116a5a5
6117a5a5
6118a5a5
6119a5a5
611aa5a5
611ba5a5
611ca5a5
611da5a5
611ea5a5
611fa5a5
6120a5a5
6121a5a5
6122a5a5
6123a5a5
6124a5a5
6125a5a5
6126a5a5
6127a5a5
6128a5a5
6129a5a5
612aa5a5
612ba5a5
612ca5a5
612da5a5
612ea5a5
612fa5a5
6130a5a5
6131a5a5
6132a5a5
6133a5a5
6134a5a5
6135a5a5
6136a5a5
6137a5a5
6138a5a5
6139a5a5
613aa5a5
613ba5a5
613ca5a5
613da5a5
613ea5a5
613fa5a5
6140a5a5
6141a5a5
6142a5a5
6143a5a5
6144a5a5
6145a5a5
6146a5a5
6147a5a5
6148a5a5
6149a5a5
614aa5a5
614ba5a5
614ca5a5
614da5a5
614ea5a5
614fa5a5
6150a5a5
6151a5a5
6152a5a5
6153a5a5
6154a5a5
6155a5a5
6156a5a5
6157a5a5
6158a5a5
6159a5a5
615aa5a5
615ba5a5
615ca5a5
615da5a5
615ea5a5
615fa5a5
6160a5a5
6161a5a5
6162a5a5
6163a5a5
6164a5a5
6165a5a5
6166a5a5
6167a5a5
6168a5a5
6169a5a5
616aa5a5
616ba5a5
616ca5a5
616da5a5
616ea5a5
616fa5a5
6170a5a5
6171a5a5
6172a5a5
6173a5a5
6174a5a5
6175a5a5
6176a5a5
6177a5a5
6178a5a5
6179a5a5
617aa5a5
617ba5a5
617ca5a5
617da5a5
617ea5a5
617fa5a5
6180a5a5
6181a5a5
6182a5a5
6183a5a5
6184a5a5
6185a5a5
6186a5a5
6187a5a5
6188a5a5
6189a5a5
618aa5a5
618ba5a5
618ca5a5
618da5a5
618ea5a5
618fa5a5
6190a5a5
6191a5a5
6192a5a5
6193a5a5
6194a5a5
6195a5a5
6196a5a5
6197a5a5
6198a5a5
6199a5a5
619aa5a5
619ba5a5
619ca5a5
619da5a5
619ea5a5
619fa5a5
61a0a5a5
61a1a5a5
61a2a5a5
61a3a5a5
61a4a5a5
61a5a5a5
61a6a5a5
61a7a5a5
61a8a5a5
61a9a5a5
61aaa5a5
61aba5a5
61aca5a5
61ada5a5
61aea5a5
61afa5a5
61b0a5a5
61b1a5a5
61b2a5a5
61b3a5a5
61b4a5a5
61b5a5a5
61b6a5a5
61b7a5a5
61b8a5a5
61b9a5a5
61baa5a5
61bba5a5
61bca5a5
61bda5a5
61bea5a5
61bfa5a5
61c0a5a5
61c1a5a5
61c2a5a5
61c3a5a5
61c4a5a5
61c5a5a5
61c6a5a5
61c7a5a5
61c8a5a5
61c9a5a5
61caa5a5
61cba5a5
61cca5a5
61cda5a5
61cea5a5
61cfa5a5
61d0a5a5
61d1a5a5
61d2a5a5
61d3a5a5
61d4a5a5
61d5a5a5
61d6a5a5
61d7a5a5
61d8a5a5
61d9a5a5
61daa5a5
61dba5a5
61dca5a5
61dda5a5
61dea5a5
61dfa5a5
61e0a5a5
61e1a5a5
61e2a5a5
61e3a5a5
61e4a5a5
61e5a5a5
61e6a5a5
61e7a5a5
61e8a5a5
61e9a5a5
61eaa5a5
61eba5a5
61eca5a5
61eda5a5
61eea5a5
61efa5a5
61f0a5a5
61f1a5a5
61f2a5a5
61f3a5a5
61f4a5a5
61f5a5a5
61f6a5a5
61f7a5a5
61f8a5a5
61f9a5a5
61faa5a5
61fba5a5
61fca5a5
61fda5a5
61fea5a5
61ffa5a5
6200a5a5
6201a5a5
6202a5a5
6203a5a5
6204a5a5
6205a5a5
6206a5a5
6207a5a5
6208a5a5
6209a5a5
620aa5a5
620ba5a5
620ca5a5
620da5a5
620ea5a5
620fa5a5
6210a5a5
6211a5a5
6212a5a5
6213a5a5
6214a5a5
6215a5a5
6216a5a5
6217a5a5
6218a5a5
6219a5a5
621aa5a5
621ba5a5
621ca5a5
621da5a5
621ea5a5
621fa5a5
6220a5a5
6221a5a5
6222a5a5
6223a5a5
6224a5a5
6225a5a5
6226a5a5
6227a5a5
6228a5a5
6229a5a5
622aa5a5
622ba5a5
622ca5a5
622da5a5
622ea5a5
622fa5a5
6230a5a5
6231a5a5
6232a5a5
6233a5a5
6234a5a5
6235a5a5
6236a5a5
6237a5a5
6238a5a5
6239a5a5
623aa5a5
623ba5a5
623ca5a5
623da5a5
623ea5a5
623fa5a5
6240a5a5
6241a5a5
6242a5a5
6243a5a5
6244a5a5
6245a5a5
6246a5a5
6247a5a5
6248a5a5
6249a5a5
624aa5a5
624ba5a5
624ca5a5
624da5a5
624ea5a5
624fa5a5
6250a5a5
6251a5a5
6252a5a5
6253a5a5
6254a5a5
6255a5a5
6256a5a5
6257a5a5
6258a5a5
6259a5a5
625aa5a5
625ba5a5
625ca5a5
625da5a5
625ea5a5
625fa5a5
6260a5a5
6261a5a5
6262a5a5
6263a5a5
6264a5a5
6265a5a5
6266a5a5
6267a5a5
6268a5a5
6269a5a5
626aa5a5
626ba5a5
626ca5a5
626da5a5
626ea5a5
626fa5a5
6270a5a5
6271a5a5
6272a5a5
6273a5a5
6274a5a5
6275a5a5
6276a5a5
6277a5a5
6278a5a5
6279a5a5
627aa5a5
627ba5a5
627ca5a5
627da5a5
627ea5a5
627fa5a5
6280a5a5
6281a5a5
6282a5a5
6283a5a5
6284a5a5
6285a5a5
6286a5a5
6287a5a5
6288a5a5
6289a5a5
628aa5a5
628ba5a5
628ca5a5
628da5a5
628ea5a5
628fa5a5
6290a5a5
6291a5a5
6292a5a5
6293a5a5
6294a5a5
6295a5a5
6296a5a5
6297a5a5
6298a5a5
6299a5a5
629aa5a5
629ba5a5
629ca5a5
629da5a5
629ea5a5
629fa5a5
62a0a5a5
62a1a5a5
62a2a5a5
62a3a5a5
62a4a5a5
62a5a5a5
62a6a5a5
62a7a5a5
62a8a5a5
62a9a5a5
62aaa5a5
62aba5a5
62aca5a5
62ada5a5
62aea5a5
62afa5a5
62b0a5a5
62b1a5a5
62b2a5a5
62b3a5a5
62b4a5a5
62b5a5a5
62b6a5a5
62b7a5a5
62b8a5a5
62b9a5a5
62baa5a5
62bba5a5
62bca5a5
62bda5a5
62bea5a5
62bfa5a5
62c0a5a5
62c1a5a5
62c2a5a5
62c3a5a5
62c4a5a5
62c5a5a5
62c6a5a5
62c7a5a5
62c8a5a5
62c9a5a5
62caa5a5
62cba5a5
62cca5a5
62cda5a5
62cea5a5
62cfa5a5
62d0a5a5
62d1a5a5
62d2a5a5
62d3a5a5
62d4a5a5
62d5a5a5
62d6a5a5
62d7a5a5
62d8a5a5
62d9a5a5
62daa5a5
62dba5a5
62dca5a5
62dda5a5
62dea5a5
62dfa5a5
62e0a5a5
62e1a5a5
62e2a5a5
62e3a5a5
62e4a5a5
62e5a5a5
62e6a5a5
62e7a5a5
62e8a5a5
62e9a5a5
62eaa5a5
62eba5a5
62eca5a5
62eda5a5
62eea5a5
62efa5a5
62f0a5a5
62f1a5a5
62f2a5a5
62f3a5a5
62f4a5a5
62f5a5a5
62f6a5a5
62f7a5a5
62f8a5a5
62f9a5a5
62faa5a5
62fba5a5
62fca5a5
62fda5a5
62fea5a5
62ffa5a5
6300a5a5
6301a5a5
6302a5a5
6303a5a5
6304a5a5
6305a5a5
6306a5a5
6307a5a5
6308a5a5
6309a5a5
630aa5a5
630ba5a5
630ca5a5
630da5a5
630ea5a5
630fa5a5
6310a5a5
6311a5a5
6312a5a5
6313a5a5
6314a5a5
6315a5a5
6316a5a5
6317a5a5
6318a5a5
6319a5a5
631aa5a5
631ba5a5
631ca5a5
631da5a5
631ea5a5
631fa5a5
6320a5a5
6321a5a5
6322a5a5
6323a5a5
6324a5a5
6325a5a5
6326a5a5
6327a5a5
6328a5a5
6329a5a5
632aa5a5
632ba5a5
632ca5a5
632da5a5
632ea5a5
632fa5a5
6330a5a5
6331a5a5
6332a5a5
6333a5a5
6334a5a5
6335a5a5
6336a5a5
6337a5a5
6338a5a5
6339a5a5
633aa5a5
633ba5a5
633ca5a5
633da5a5
633ea5a5
633fa5a5
6340a5a5
6341a5a5
6342a5a5
6343a5a5
6344a5a5
6345a5a5
6346a5a5
6347a5a5
6348a5a5
6349a5a5
634aa5a5
634ba5a5
634ca5a5
634da5a5
634ea5a5
634fa5a5
6350a5a5
6351a5a5
6352a5a5
6353a5a5
6354a5a5
6355a5a5
6356a5a5
6357a5a5
6358a5a5
6359a5a5
635aa5a5
635ba5a5
635ca5a5
635da5a5
635ea5a5
635fa5a5
6360a5a5
6361a5a5
6362a5a5
6363a5a5
6364a5a5
6365a5a5
6366a5a5
6367a5a5
6368a5a5
6369a5a5
636aa5a5
636ba5a5
636ca5a5
636da5a5
636ea5a5
636fa5a5
6370a5a5
6371a5a5
6372a5a5
6373a5a5
6374a5a5
6375a5a5
6376a5a5
6377a5a5
6378a5a5
6379a5a5
637aa5a5
637ba5a5
637ca5a5
637da5a5
637ea5a5
637fa5a5
6380a5a5
6381a5a5
6382a5a5
6383a5a5
6384a5a5
6385a5a5
6386a5a5
6387a5a5
6388a5a5
6389a5a5
638aa5a5
638ba5a5
638ca5a5
638da5a5
638ea5a5
638fa5a5
6390a5a5
6391a5a5
6392a5a5
6393a5a5
6394a5a5
6395a5a5
6396a5a5
6397a5a5
6398a5a5
6399a5a5
639aa5a5
639ba5a5
639ca5a5
639da5a5
639ea5a5
639fa5a5
63a0a5a5
63a1a5a5
63a2a5a5
63a3a5a5
63a4a5a5
63a5a5a5
63a6a5a5
63a7a5a5
63a8a5a5
63a9a5a5
63aaa5a5
63aba5a5
63aca5a5
63ada5a5
63aea5a5
63afa5a5
63b0a5a5
63b1a5a5
63b2a5a5
63b3a5a5
63b4a5a5
63b5a5a5
63b6a5a5
63b7a5a5
63b8a5a5
63b9a5a5
63baa5a5
63bba5a5
63bca5a5
63bda5a5
63bea5a5
63bfa5a5
63c0a5a5
63c1a5a5
63c2a5a5
63c3a5a5
63c4a5a5
63c5a5a5
63c6a5a5
63c7a5a5
63c8a5a5
63c9a5a5
63caa5a5
63cba5a5
63cca5a5
63cda5a5
63cea5a5
63cfa5a5
63d0a5a5
63d1a5a5
63d2a5a5
63d3a5a5
63d4a5a5
63d5a5a5
63d6a5a5
63d7a5a5
63d8a5a5
63d9a5a5
63daa5a5
63dba5a5
63dca5a5
63dda5a5
63dea5a5
63dfa5a5
63e0a5a5
63e1a5a5
63e2a5a5
63e3a5a5
63e4a5a5
63e5a5a5
63e6a5a5
63e7a5a5
63e8a5a5
63e9a5a5
63eaa5a5
63eba5a5
63eca5a5
63eda5a5
63eea5a5
63efa5a5
63f0a5a5
63f1a5a5
63f2a5a5
63f3a5a5
63f4a5a5
63f5a5a5
63f6a5a5
63f7a5a5
63f8a5a5
63f9a5a5
63faa5a5
63fba5a5
63fca5a5
63fda5a5
63fea5a5
63ffa5a5
6400a5a5
6401a5a5
6402a5a5
6403a5a5
6404a5a5
6405a5a5
6406a5a5
6407a5a5
6408a5a5
6409a5a5
640aa5a5
640ba5a5
640ca5a5
640da5a5
640ea5a5
640fa5a5
6410a5a5
6411a5a5
6412a5a5
6413a5a5
6414a5a5
6415a5a5
6416a5a5
6417a5a5
6418a5a5
6419a5a5
641aa5a5
641ba5a5
641ca5a5
641da5a5
641ea5a5
641fa5a5
6420a5a5
6421a5a5
6422a5a5
6423a5a5
6424a5a5
6425a5a5
6426a5a5
6427a5a5
6428a5a5
6429a5a5
642aa5a5
642ba5a5
642ca5a5
642da5a5
642ea5a5
642fa5a5
6430a5a5
6431a5a5
6432a5a5
6433a5a5
6434a5a5
6435a5a5
6436a5a5
6437a5a5
6438a5a5
6439a5a5
643aa5a5
643ba5a5
643ca5a5
643da5a5
643ea5a5
643fa5a5
6440a5a5
6441a5a5
6442a5a5
6443a5a5
6444a5a5
6445a5a5
6446a5a5
6447a5a5
6448a5a5
6449a5a5
644aa5a5
644ba5a5
644ca5a5
644da5a5
644ea5a5
644fa5a5
6450a5a5
6451a5a5
6452a5a5
6453a5a5
6454a5a5
6455a5a5
6456a5a5
6457a5a5
6458a5a5
6459a5a5
645aa5a5
645ba5a5
645ca5a5
645da5a5
645ea5a5
645fa5a5
6460a5a5
6461a5a5
6462a5a5
6463a5a5
6464a5a5
6465a5a5
6466a5a5
6467a5a5
6468a5a5
6469a5a5
646aa5a5
646ba5a5
646ca5a5
646da5a5
646ea5a5
646fa5a5
6470a5a5
6471a5a5
6472a5a5
6473a5a5
6474a5a5
6475a5a5
6476a5a5
6477a5a5
6478a5a5
6479a5a5
647aa5a5
647ba5a5
647ca5a5
647da5a5
647ea5a5
647fa5a5
6480a5a5
6481a5a5
6482a5a5
6483a5a5
6484a5a5
6485a5a5
6486a5a5
6487a5a5
6488a5a5
6489a5a5
648aa5a5
648ba5a5
648ca5a5
648da5a5
648ea5a5
648fa5a5
6490a5a5
6491a5a5
6492a5a5
6493a5a5
6494a5a5
6495a5a5
6496a5a5
6497a5a5
6498a5a5
6499a5a5
649aa5a5
649ba5a5
649ca5a5
649da5a5
649ea5a5
649fa5a5
64a0a5a5
64a1a5a5
64a2a5a5
64a3a5a5
64a4a5a5
64a5a5a5
64a6a5a5
64a7a5a5
64a8a5a5
64a9a5a5
64aaa5a5
64aba5a5
64aca5a5
64ada5a5
64aea5a5
64afa5a5
64b0a5a5
64b1a5a5
64b2a5a5
64b3a5a5
64b4a5a5
64b5a5a5
64b6a5a5
64b7a5a5
64b8a5a5
64b9a5a5
64baa5a5
64bba5a5
64bca5a5
64bda5a5
64bea5a5
64bfa5a5
64c0a5a5
64c1a5a5
64c2a5a5
64c3a5a5
64c4a5a5
64c5a5a5
64c6a5a5
64c7a5a5
64c8a5a5
64c9a5a5
64caa5a5
64cba5a5
64cca5a5
64cda5a5
64cea5a5
64cfa5a5
64d0a5a5
64d1a5a5
64d2a5a5
64d3a5a5
64d4a5a5
64d5a5a5
64d6a5a5
64d7a5a5
64d8a5a5
64d9a5a5
64daa5a5
64dba5a5
64dca5a5
64dda5a5
64dea5a5
64dfa5a5
64e0a5a5
64e1a5a5
64e2a5a5
64e3a5a5
64e4a5a5
64e5a5a5
64e6a5a5
64e7a5a5
64e8a5a5
64e9a5a5
64eaa5a5
64eba5a5
64eca5a5
64eda5a5
64eea5a5
64efa5a5
64f0a5a5
64f1a5a5
64f2a5a5
64f3a5a5
64f4a5a5
64f5a5a5
64f6a5a5
64f7a5a5
64f8a5a5
64f9a5a5
64faa5a5
64fba5a5
64fca5a5
64fda5a5
64fea5a5
64ffa5a5
6500a5a5
6501a5a5
6502a5a5
6503a5a5
6504a5a5
6505a5a5
6506a5a5
6507a5a5
6508a5a5
6509a5a5
650aa5a5
650ba5a5
650ca5a5
650da5a5
650ea5a5
650fa5a5
6510a5a5
6511a5a5
6512a5a5
6513a5a5
6514a5a5
6515a5a5
6516a5a5
6517a5a5
6518a5a5
6519a5a5
651aa5a5
651ba5a5
651ca5a5
651da5a5
651ea5a5
651fa5a5
6520a5a5
6521a5a5
6522a5a5
6523a5a5
6524a5a5
6525a5a5
6526a5a5
6527a5a5
6528a5a5
6529a5a5
652aa5a5
652ba5a5
652ca5a5
652da5a5
652ea5a5
652fa5a5
6530a5a5
6531a5a5
6532a5a5
6533a5a5
6534a5a5
6535a5a5
6536a5a5
6537a5a5
6538a5a5
6539a5a5
653aa5a5
653ba5a5
653ca5a5
653da5a5
653ea5a5
653fa5a5
6540a5a5
6541a5a5
6542a5a5
6543a5a5
6544a5a5
6545a5a5
6546a5a5
6547a5a5
6548a5a5
6549a5a5
654aa5a5
654ba5a5
654ca5a5
654da5a5
654ea5a5
654fa5a5
6550a5a5
6551a5a5
6552a5a5
6553a5a5
6554a5a5
6555a5a5
6556a5a5
6557a5a5
6558a5a5
6559a5a5
655aa5a5
655ba5a5
655ca5a5
655da5a5
655ea5a5
655fa5a5
6560a5a5
6561a5a5
6562a5a5
6563a5a5
6564a5a5
6565a5a5
6566a5a5
6567a5a5
6568a5a5
6569a5a5
656aa5a5
656ba5a5
656ca5a5
656da5a5
656ea5a5
656fa5a5
6570a5a5
6571a5a5
6572a5a5
6573a5a5
6574a5a5
6575a5a5
6576a5a5
6577a5a5
6578a5a5
6579a5a5
657aa5a5
657ba5a5
657ca5a5
657da5a5
657ea5a5
657fa5a5
6580a5a5
6581a5a5
6582a5a5
6583a5a5
6584a5a5
6585a5a5
6586a5a5
6587a5a5
6588a5a5
6589a5a5
658aa5a5
658ba5a5
658ca5a5
658da5a5
658ea5a5
658fa5a5
6590a5a5
6591a5a5
6592a5a5
6593a5a5
6594a5a5
6595a5a5
6596a5a5
6597a5a5
6598a5a5
6599a5a5
659aa5a5
659ba5a5
659ca5a5
659da5a5
659ea5a5
659fa5a5
65a0a5a5
65a1a5a5
65a2a5a5
65a3a5a5
65a4a5a5
65a5a5a5
65a6a5a5
65a7a5a5
65a8a5a5
65a9a5a5
65aaa5a5
65aba5a5
65aca5a5
65ada5a5
65aea5a5
65afa5a5
65b0a5a5
65b1a5a5
65b2a5a5
65b3a5a5
65b4a5a5
65b5a5a5
65b6a5a5
65b7a5a5
65b8a5a5
65b9a5a5
65baa5a5
65bba5a5
65bca5a5
65bda5a5
65bea5a5
65bfa5a5
65c0a5a5
65c1a5a5
65c2a5a5
65c3a5a5
65c4a5a5
65c5a5a5
65c6a5a5
65c7a5a5
65c8a5a5
65c9a5a5
65caa5a5
65cba5a5
65cca5a5
65cda5a5
65cea5a5
65cfa5a5
65d0a5a5
65d1a5a5
65d2a5a5
65d3a5a5
65d4a5a5
65d5a5a5
65d6a5a5
65d7a5a5
65d8a5a5
65d9a5a5
65daa5a5
65dba5a5
65dca5a5
65dda5a5
65dea5a5
65dfa5a5
65e0a5a5
65e1a5a5
65e2a5a5
65e3a5a5
65e4a5a5
65e5a5a5
65e6a5a5
65e7a5a5
65e8a5a5
65e9a5a5
65eaa5a5
65eba5a5
65eca5a5
65eda5a5
65eea5a5
65efa5a5
65f0a5a5
65f1a5a5
65f2a5a5
65f3a5a5
65f4a5a5
65f5a5a5
65f6a5a5
65f7a5a5
65f8a5a5
65f9a5a5
65faa5a5
65fba5a5
65fca5a5
65fda5a5
65fea5a5
65ffa5a5
6600a5a5
6601a5a5
6602a5a5
6603a5a5
6604a5a5
6605a5a5
6606a5a5
6607a5a5
6608a5a5
6609a5a5
660aa5a5
660ba5a5
660ca5a5
660da5a5
660ea5a5
660fa5a5
6610a5a5
6611a5a5
6612a5a5
6613a5a5
6614a5a5
6615a5a5
6616a5a5
6617a5a5
6618a5a5
6619a5a5
661aa5a5
661ba5a5
661ca5a5
661da5a5
661ea5a5
661fa5a5
6620a5a5
6621a5a5
6622a5a5
6623a5a5
6624a5a5
6625a5a5
6626a5a5
6627a5a5
6628a5a5
6629a5a5
662aa5a5
662ba5a5
662ca5a5
662da5a5
662ea5a5
662fa5a5
6630a5a5
6631a5a5
6632a5a5
6633a5a5
6634a5a5
6635a5a5
6636a5a5
6637a5a5
6638a5a5
6639a5a5
663aa5a5
663ba5a5
663ca5a5
663da5a5
663ea5a5
663fa5a5
6640a5a5
6641a5a5
6642a5a5
6643a5a5
6644a5a5
6645a5a5
6646a5a5
6647a5a5
6648a5a5
6649a5a5
664aa5a5
664ba5a5
664ca5a5
664da5a5
664ea5a5
664fa5a5
6650a5a5
6651a5a5
6652a5a5
6653a5a5
6654a5a5
6655a5a5
6656a5a5
6657a5a5
6658a5a5
6659a5a5
665aa5a5
665ba5a5
665ca5a5
665da5a5
665ea5a5
665fa5a5
6660a5a5
6661a5a5
6662a5a5
6663a5a5
6664a5a5
6665a5a5
6666a5a5
6667a5a5
6668a5a5
6669a5a5
666aa5a5
666ba5a5
666ca5a5
666da5a5
666ea5a5
666fa5a5
6670a5a5
6671a5a5
6672a5a5
6673a5a5
6674a5a5
6675a5a5
6676a5a5
6677a5a5
6678a5a5
6679a5a5
667aa5a5
667ba5a5
667ca5a5
667da5a5
667ea5a5
667fa5a5
6680a5a5
6681a5a5
6682a5a5
6683a5a5
6684a5a5
6685a5a5
6686a5a5
6687a5a5
6688a5a5
6689a5a5
668aa5a5
668ba5a5
668ca5a5
668da5a5
668ea5a5
668fa5a5
6690a5a5
6691a5a5
6692a5a5
6693a5a5
6694a5a5
6695a5a5
6696a5a5
6697a5a5
6698a5a5
6699a5a5
669aa5a5
669ba5a5
669ca5a5
669da5a5
669ea5a5
669fa5a5
66a0a5a5
66a1a5a5
66a2a5a5
66a3a5a5
66a4a5a5
66a5a5a5
66a6a5a5
66a7a5a5
66a8a5a5
66a9a5a5
66aaa5a5
66aba5a5
66aca5a5
66ada5a5
66aea5a5
66afa5a5
66b0a5a5
66b1a5a5
66b2a5a5
66b3a5a5
66b4a5a5
66b5a5a5
66b6a5a5
66b7a5a5
66b8a5a5
66b9a5a5
66baa5a5
66bba5a5
66bca5a5
66bda5a5
66bea5a5
66bfa5a5
66c0a5a5
66c1a5a5
66c2a5a5
66c3a5a5
66c4a5a5
66c5a5a5
66c6a5a5
66c7a5a5
66c8a5a5
66c9a5a5
66caa5a5
66cba5a5
66cca5a5
66cda5a5
66cea5a5
66cfa5a5
66d0a5a5
66d1a5a5
66d2a5a5
66d3a5a5
66d4a5a5
66d5a5a5
66d6a5a5
66d7a5a5
66d8a5a5
66d9a5a5
66daa5a5
66dba5a5
66dca5a5
66dda5a5
66dea5a5
66dfa5a5
66e0a5a5
66e1a5a5
66e2a5a5
66e3a5a5
66e4a5a5
66e5a5a5
66e6a5a5
66e7a5a5
66e8a5a5
66e9a5a5
66eaa5a5
66eba5a5
66eca5a5
66eda5a5
66eea5a5
66efa5a5
66f0a5a5
66f1a5a5
66f2a5a5
66f3a5a5
66f4a5a5
66f5a5a5
66f6a5a5
66f7a5a5
66f8a5a5
66f9a5a5
66faa5a5
66fba5a5
66fca5a5
66fda5a5
66fea5a5
66ffa5a5
6700a5a5
6701a5a5
6702a5a5
6703a5a5
6704a5a5
6705a5a5
6706a5a5
6707a5a5
6708a5a5
6709a5a5
670aa5a5
670ba5a5
670ca5a5
670da5a5
670ea5a5
670fa5a5
6710a5a5
6711a5a5
6712a5a5
6713a5a5
6714a5a5
6715a5a5
6716a5a5
6717a5a5
6718a5a5
6719a5a5
671aa5a5
671ba5a5
671ca5a5
671da5a5
671ea5a5
671fa5a5
6720a5a5
6721a5a5
6722a5a5
6723a5a5
6724a5a5
6725a5a5
6726a5a5
6727a5a5
6728a5a5
6729a5a5
672aa5a5
672ba5a5
672ca5a5
672da5a5
672ea5a5
672fa5a5
6730a5a5
6731a5a5
6732a5a5
6733a5a5
6734a5a5
6735a5a5
6736a5a5
6737a5a5
6738a5a5
6739a5a5
673aa5a5
673ba5a5
673ca5a5
673da5a5
673ea5a5
673fa5a5
6740a5a5
6741a5a5
6742a5a5
6743a5a5
6744a5a5
6745a5a5
6746a5a5
6747a5a5
6748a5a5
6749a5a5
674aa5a5
674ba5a5
674ca5a5
674da5a5
674ea5a5
674fa5a5
6750a5a5
6751a5a5
6752a5a5
6753a5a5
6754a5a5
6755a5a5
6756a5a5
6757a5a5
6758a5a5
6759a5a5
675aa5a5
675ba5a5
675ca5a5
675da5a5
675ea5a5
675fa5a5
6760a5a5
6761a5a5
6762a5a5
6763a5a5
6764a5a5
6765a5a5
6766a5a5
6767a5a5
6768a5a5
6769a5a5
676aa5a5
676ba5a5
676ca5a5
676da5a5
676ea5a5
676fa5a5
6770a5a5
6771a5a5
6772a5a5
6773a5a5
6774a5a5
6775a5a5
6776a5a5
6777a5a5
6778a5a5
6779a5a5
677aa5a5
677ba5a5
677ca5a5
677da5a5
677ea5a5
677fa5a5
6780a5a5
6781a5a5
6782a5a5
6783a5a5
6784a5a5
6785a5a5
6786a5a5
6787a5a5
6788a5a5
6789a5a5
678aa5a5
678ba5a5
678ca5a5
678da5a5
678ea5a5
678fa5a5
6790a5a5
6791a5a5
6792a5a5
6793a5a5
6794a5a5
6795a5a5
6796a5a5
6797a5a5
6798a5a5
6799a5a5
679aa5a5
679ba5a5
679ca5a5
679da5a5
679ea5a5
679fa5a5
67a0a5a5
67a1a5a5
67a2a5a5
67a3a5a5
67a4a5a5
67a5a5a5
67a6a5a5
67a7a5a5
67a8a5a5
67a9a5a5
67aaa5a5
67aba5a5
67aca5a5
67ada5a5
67aea5a5
67afa5a5
67b0a5a5
67b1a5a5
67b2a5a5
67b3a5a5
67b4a5a5
67b5a5a5
67b6a5a5
67b7a5a5
67b8a5a5
67b9a5a5
67baa5a5
67bba5a5
67bca5a5
67bda5a5
67bea5a5
67bfa5a5
67c0a5a5
67c1a5a5
67c2a5a5
67c3a5a5
67c4a5a5
67c5a5a5
67c6a5a5
67c7a5a5
67c8a5a5
67c9a5a5
67caa5a5
67cba5a5
67cca5a5
67cda5a5
67cea5a5
67cfa5a5
67d0a5a5
67d1a5a5
67d2a5a5
67d3a5a5
67d4a5a5
67d5a5a5
67d6a5a5
67d7a5a5
67d8a5a5
67d9a5a5
67daa5a5
67dba5a5
67dca5a5
67dda5a5
67dea5a5
67dfa5a5
67e0a5a5
67e1a5a5
67e2a5a5
67e3a5a5
67e4a5a5
67e5a5a5
67e6a5a5
67e7a5a5
67e8a5a5
67e9a5a5
67eaa5a5
67eba5a5
67eca5a5
67eda5a5
67eea5a5
67efa5a5
67f0a5a5
67f1a5a5
67f2a5a5
67f3a5a5
67f4a5a5
67f5a5a5
67f6a5a5
67f7a5a5
67f8a5a5
67f9a5a5
67faa5a5
67fba5a5
67fca5a5
67fda5a5
67fea5a5
67ffa5a5
6800a5a5
6801a5a5
6802a5a5
6803a5a5
6804a5a5
6805a5a5
6806a5a5
6807a5a5
6808a5a5
6809a5a5
680aa5a5
680ba5a5
680ca5a5
680da5a5
680ea5a5
680fa5a5
6810a5a5
6811a5a5
6812a5a5
6813a5a5
6814a5a5
6815a5a5
6816a5a5
6817a5a5
6818a5a5
6819a5a5
681aa5a5
681ba5a5
681ca5a5
681da5a5
681ea5a5
681fa5a5
6820a5a5
6821a5a5
6822a5a5
6823a5a5
6824a5a5
6825a5a5
6826a5a5
6827a5a5
6828a5a5
6829a5a5
682aa5a5
682ba5a5
682ca5a5
682da5a5
682ea5a5
682fa5a5
6830a5a5
6831a5a5
6832a5a5
6833a5a5
6834a5a5
6835a5a5
6836a5a5
6837a5a5
6838a5a5
6839a5a5
683aa5a5
683ba5a5
683ca5a5
683da5a5
683ea5a5
683fa5a5
6840a5a5
6841a5a5
6842a5a5
6843a5a5
6844a5a5
6845a5a5
6846a5a5
6847a5a5
6848a5a5
6849a5a5
684aa5a5
684ba5a5
684ca5a5
684da5a5
684ea5a5
684fa5a5
6850a5a5
6851a5a5
6852a5a5
6853a5a5
6854a5a5
6855a5a5
6856a5a5
6857a5a5
6858a5a5
6859a5a5
685aa5a5
685ba5a5
685ca5a5
685da5a5
685ea5a5
685fa5a5
6860a5a5
6861a5a5
6862a5a5
6863a5a5
6864a5a5
6865a5a5
6866a5a5
6867a5a5
6868a5a5
6869a5a5
686aa5a5
686ba5a5
686ca5a5
686da5a5
686ea5a5
686fa5a5
6870a5a5
6871a5a5
6872a5a5
6873a5a5
6874a5a5
6875a5a5
6876a5a5
6877a5a5
6878a5a5
6879a5a5
687aa5a5
687ba5a5
687ca5a5
687da5a5
687ea5a5
687fa5a5
6880a5a5
6881a5a5
6882a5a5
6883a5a5
6884a5a5
6885a5a5
6886a5a5
6887a5a5
6888a5a5
6889a5a5
688aa5a5
688ba5a5
688ca5a5
688da5a5
688ea5a5
688fa5a5
6890a5a5
6891a5a5
6892a5a5
6893a5a5
6894a5a5
6895a5a5
6896a5a5
6897a5a5
6898a5a5
6899a5a5
689aa5a5
689ba5a5
689ca5a5
689da5a5
689ea5a5
689fa5a5
68a0a5a5
68a1a5a5
68a2a5a5
68a3a5a5
68a4a5a5
68a5a5a5
68a6a5a5
68a7a5a5
68a8a5a5
68a9a5a5
68aaa5a5
68aba5a5
68aca5a5
68ada5a5
68aea5a5
68afa5a5
68b0a5a5
68b1a5a5
68b2a5a5
68b3a5a5
68b4a5a5
68b5a5a5
68b6a5a5
68b7a5a5
68b8a5a5
68b9a5a5
68baa5a5
68bba5a5
68bca5a5
68bda5a5
68bea5a5
68bfa5a5
68c0a5a5
68c1a5a5
68c2a5a5
68c3a5a5
68c4a5a5
68c5a5a5
68c6a5a5
68c7a5a5
68c8a5a5
68c9a5a5
68caa5a5
68cba5a5
68cca5a5
68cda5a5
68cea5a5
68cfa5a5
68d0a5a5
68d1a5a5
68d2a5a5
68d3a5a5
68d4a5a5
68d5a5a5
68d6a5a5
68d7a5a5
68d8a5a5
68d9a5a5
68daa5a5
68dba5a5
68dca5a5
68dda5a5
68dea5a5
68dfa5a5
68e0a5a5
68e1a5a5
68e2a5a5
68e3a5a5
68e4a5a5
68e5a5a5
68e6a5a5
68e7a5a5
68e8a5a5
68e9a5a5
68eaa5a5
68eba5a5
68eca5a5
68eda5a5
68eea5a5
68efa5a5
68f0a5a5
68f1a5a5
68f2a5a5
68f3a5a5
68f4a5a5
68f5a5a5
68f6a5a5
68f7a5a5
68f8a5a5
68f9a5a5
68faa5a5
68fba5a5
68fca5a5
68fda5a5
68fea5a5
68ffa5a5
6900a5a5
6901a5a5
6902a5a5
6903a5a5
6904a5a5
6905a5a5
6906a5a5
6907a5a5
6908a5a5
6909a5a5
690aa5a5
690ba5a5
690ca5a5
690da5a5
690ea5a5
690fa5a5
6910a5a5
6911a5a5
6912a5a5
6913a5a5
6914a5a5
6915a5a5
6916a5a5
6917a5a5
6918a5a5
6919a5a5
691aa5a5
691ba5a5
691ca5a5
691da5a5
691ea5a5
691fa5a5
6920a5a5
6921a5a5
6922a5a5
6923a5a5
6924a5a5
6925a5a5
6926a5a5
6927a5a5
6928a5a5
6929a5a5
692aa5a5
692ba5a5
692ca5a5
692da5a5
692ea5a5
692fa5a5
6930a5a5
6931a5a5
6932a5a5
6933a5a5
6934a5a5
6935a5a5
6936a5a5
6937a5a5
6938a5a5
6939a5a5
693aa5a5
693ba5a5
693ca5a5
693da5a5
693ea5a5
693fa5a5
6940a5a5
6941a5a5
6942a5a5
6943a5a5
6944a5a5
6945a5a5
6946a5a5
6947a5a5
6948a5a5
6949a5a5
694aa5a5
694ba5a5
694ca5a5
694da5a5
694ea5a5
694fa5a5
6950a5a5
6951a5a5
6952a5a5
6953a5a5
6954a5a5
6955a5a5
6956a5a5
6957a5a5
6958a5a5
6959a5a5
695aa5a5
695ba5a5
695ca5a5
695da5a5
695ea5a5
695fa5a5
6960a5a5
6961a5a5
6962a5a5
6963a5a5
6964a5a5
6965a5a5
6966a5a5
6967a5a5
6968a5a5
6969a5a5
696aa5a5
696ba5a5
696ca5a5
696da5a5
696ea5a5
696fa5a5
6970a5a5
6971a5a5
6972a5a5
6973a5a5
6974a5a5
6975a5a5
6976a5a5
6977a5a5
6978a5a5
6979a5a5
697aa5a5
697ba5a5
697ca5a5
697da5a5
697ea5a5
697fa5a5
6980a5a5
6981a5a5
6982a5a5
6983a5a5
6984a5a5
6985a5a5
6986a5a5
6987a5a5
6988a5a5
6989a5a5
698aa5a5
698ba5a5
698ca5a5
698da5a5
698ea5a5
698fa5a5
6990a5a5
6991a5a5
6992a5a5
6993a5a5
6994a5a5
6995a5a5
6996a5a5
6997a5a5
6998a5a5
6999a5a5
699aa5a5
699ba5a5
699ca5a5
699da5a5
699ea5a5
699fa5a5
69a0a5a5
69a1a5a5
69a2a5a5
69a3a5a5
69a4a5a5
69a5a5a5
69a6a5a5
69a7a5a5
69a8a5a5
69a9a5a5
69aaa5a5
69aba5a5
69aca5a5
69ada5a5
69aea5a5
69afa5a5
69b0a5a5
69b1a5a5
69b2a5a5
69b3a5a5
69b4a5a5
69b5a5a5
69b6a5a5
69b7a5a5
69b8a5a5
69b9a5a5
69baa5a5
69bba5a5
69bca5a5
69bda5a5
69bea5a5
69bfa5a5
69c0a5a5
69c1a5a5
69c2a5a5
69c3a5a5
69c4a5a5
69c5a5a5
69c6a5a5
69c7a5a5
69c8a5a5
69c9a5a5
69caa5a5
69cba5a5
69cca5a5
69cda5a5
69cea5a5
69cfa5a5
69d0a5a5
69d1a5a5
69d2a5a5
69d3a5a5
69d4a5a5
69d5a5a5
69d6a5a5
69d7a5a5
69d8a5a5
69d9a5a5
69daa5a5
69dba5a5
69dca5a5
69dda5a5
69dea5a5
69dfa5a5
69e0a5a5
69e1a5a5
69e2a5a5
69e3a5a5
69e4a5a5
69e5a5a5
69e6a5a5
69e7a5a5
69e8a5a5
69e9a5a5
69eaa5a5
69eba5a5
69eca5a5
69eda5a5
69eea5a5
69efa5a5
69f0a5a5
69f1a5a5
69f2a5a5
69f3a5a5
69f4a5a5
69f5a5a5
69f6a5a5
69f7a5a5
69f8a5a5
69f9a5a5
69faa5a5
69fba5a5
69fca5a5
69fda5a5
69fea5a5
69ffa5a5
6a00a5a5
6a01a5a5
6a02a5a5
6a03a5a5
6a04a5a5
6a05a5a5
6a06a5a5
6a07a5a5
6a08a5a5
6a09a5a5
6a0aa5a5
6a0ba5a5
6a0ca5a5
6a0da5a5
6a0ea5a5
6a0fa5a5
6a10a5a5
6a11a5a5
6a12a5a5
6a13a5a5
6a14a5a5
6a15a5a5
6a16a5a5
6a17a5a5
6a18a5a5
6a19a5a5
6a1aa5a5
6a1ba5a5
6a1ca5a5
6a1da5a5
6a1ea5a5
6a1fa5a5
6a20a5a5
6a21a5a5
6a22a5a5
6a23a5a5
6a24a5a5
6a25a5a5
6a26a5a5
6a27a5a5
6a28a5a5
6a29a5a5
6a2aa5a5
6a2ba5a5
6a2ca5a5
6a2da5a5
6a2ea5a5
6a2fa5a5
6a30a5a5
6a31a5a5
6a32a5a5
6a33a5a5
6a34a5a5
6a35a5a5
6a36a5a5
6a37a5a5
6a38a5a5
6a39a5a5
6a3aa5a5
6a3ba5a5
6a3ca5a5
6a3da5a5
6a3ea5a5
6a3fa5a5
6a40a5a5
6a41a5a5
6a42a5a5
6a43a5a5
6a44a5a5
6a45a5a5
6a46a5a5
6a47a5a5
6a48a5a5
6a49a5a5
6a4aa5a5
6a4ba5a5
6a4ca5a5
6a4da5a5
6a4ea5a5
6a4fa5a5
6a50a5a5
6a51a5a5
6a52a5a5
6a53a5a5
6a54a5a5
6a55a5a5
6a56a5a5
6a57a5a5
6a58a5a5
6a59a5a5
6a5aa5a5
6a5ba5a5
6a5ca5a5
6a5da5a5
6a5ea5a5
6a5fa5a5
6a60a5a5
6a61a5a5
6a62a5a5
6a63a5a5
6a64a5a5
6a65a5a5
6a66a5a5
6a67a5a5
6a68a5a5
6a69a5a5
6a6aa5a5
6a6ba5a5
6a6ca5a5
6a6da5a5
6a6ea5a5
6a6fa5a5
6a70a5a5
6a71a5a5
6a72a5a5
6a73a5a5
6a74a5a5
6a75a5a5
6a76a5a5
6a77a5a5
6a78a5a5
6a79a5a5
6a7aa5a5
6a7ba5a5
6a7ca5a5
6a7da5a5
6a7ea5a5
6a7fa5a5
6a80a5a5
6a81a5a5
6a82a5a5
6a83a5a5
6a84a5a5
6a85a5a5
6a86a5a5
6a87a5a5
6a88a5a5
6a89a5a5
6a8aa5a5
6a8ba5a5
6a8ca5a5
6a8da5a5
6a8ea5a5
6a8fa5a5
6a90a5a5
6a91a5a5
6a92a5a5
6a93a5a5
6a94a5a5
6a95a5a5
6a96a5a5
6a97a5a5
6a98a5a5
6a99a5a5
6a9aa5a5
6a9ba5a5
6a9ca5a5
6a9da5a5
6a9ea5a5
6a9fa5a5
6aa0a5a5
6aa1a5a5
6aa2a5a5
6aa3a5a5
6aa4a5a5
6aa5a5a5
6aa6a5a5
6aa7a5a5
6aa8a5a5
6aa9a5a5
6aaaa5a5
6aaba5a5
6aaca5a5
6aada5a5
6aaea5a5
6aafa5a5
6ab0a5a5
6ab1a5a5
6ab2a5a5
6ab3a5a5
6ab4a5a5
6ab5a5a5
6ab6a5a5
6ab7a5a5
6ab8a5a5
6ab9a5a5
6abaa5a5
6abba5a5
6abca5a5
6abda5a5
6abea5a5
6abfa5a5
6ac0a5a5
6ac1a5a5
6ac2a5a5
6ac3a5a5
6ac4a5a5
6ac5a5a5
6ac6a5a5
6ac7a5a5
6ac8a5a5
6ac9a5a5
6acaa5a5
6acba5a5
6acca5a5
6acda5a5
6acea5a5
6acfa5a5
6ad0a5a5
6ad1a5a5
6ad2a5a5
6ad3a5a5
6ad4a5a5
6ad5a5a5
6ad6a5a5
6ad7a5a5
6ad8a5a5
6ad9a5a5
6adaa5a5
6adba5a5
6adca5a5
6adda5a5
6adea5a5
6adfa5a5
6ae0a5a5
6ae1a5a5
6ae2a5a5
6ae3a5a5
6ae4a5a5
6ae5a5a5
6ae6a5a5
6ae7a5a5
6ae8a5a5
6ae9a5a5
6aeaa5a5
6aeba5a5
6aeca5a5
6aeda5a5
6aeea5a5
6aefa5a5
6af0a5a5
6af1a5a5
6af2a5a5
6af3a5a5
6af4a5a5
6af5a5a5
6af6a5a5
6af7a5a5
6af8a5a5
6af9a5a5
6afaa5a5
6afba5a5
6afca5a5
6afda5a5
6afea5a5
6affa5a5
6b00a5a5
6b01a5a5
6b02a5a5
6b03a5a5
6b04a5a5
6b05a5a5
6b06a5a5
6b07a5a5
6b08a5a5
6b09a5a5
6b0aa5a5
6b0ba5a5
6b0ca5a5
6b0da5a5
6b0ea5a5
6b0fa5a5
6b10a5a5
6b11a5a5
6b12a5a5
6b13a5a5
6b14a5a5
6b15a5a5
6b16a5a5
6b17a5a5
6b18a5a5
6b19a5a5
6b1aa5a5
6b1ba5a5
6b1ca5a5
6b1da5a5
6b1ea5a5
6b1fa5a5
6b20a5a5
6b21a5a5
6b22a5a5
6b23a5a5
6b24a5a5
6b25a5a5
6b26a5a5
6b27a5a5
6b28a5a5
6b29a5a5
6b2aa5a5
6b2ba5a5
6b2ca5a5
6b2da5a5
6b2ea5a5
6b2fa5a5
6b30a5a5
6b31a5a5
6b32a5a5
6b33a5a5
6b34a5a5
6b35a5a5
6b36a5a5
6b37a5a5
6b38a5a5
6b39a5a5
6b3aa5a5
6b3ba5a5
6b3ca5a5
6b3da5a5
6b3ea5a5
6b3fa5a5
6b40a5a5
6b41a5a5
6b42a5a5
6b43a5a5
6b44a5a5
6b45a5a5
6b46a5a5
6b47a5a5
6b48a5a5
6b49a5a5
6b4aa5a5
6b4ba5a5
6b4ca5a5
6b4da5a5
6b4ea5a5
6b4fa5a5
6b50a5a5
6b51a5a5
6b52a5a5
6b53a5a5
6b54a5a5
6b55a5a5
6b56a5a5
6b57a5a5
6b58a5a5
6b59a5a5
6b5aa5a5
6b5ba5a5
6b5ca5a5
6b5da5a5
6b5ea5a5
6b5fa5a5
6b60a5a5
6b61a5a5
6b62a5a5
6b63a5a5
6b64a5a5
6b65a5a5
6b66a5a5
6b67a5a5
6b68a5a5
6b69a5a5
6b6aa5a5
6b6ba5a5
6b6ca5a5
6b6da5a5
6b6ea5a5
6b6fa5a5
6b70a5a5
6b71a5a5
6b72a5a5
6b73a5a5
6b74a5a5
6b75a5a5
6b76a5a5
6b77a5a5
6b78a5a5
6b79a5a5
6b7aa5a5
6b7ba5a5
6b7ca5a5
6b7da5a5
6b7ea5a5
6b7fa5a5
6b80a5a5
6b81a5a5
6b82a5a5
6b83a5a5
6b84a5a5
6b85a5a5
6b86a5a5
6b87a5a5
6b88a5a5
6b89a5a5
6b8aa5a5
6b8ba5a5
6b8ca5a5
6b8da5a5
6b8ea5a5
6b8fa5a5
6b90a5a5
6b91a5a5
6b92a5a5
6b93a5a5
6b94a5a5
6b95a5a5
6b96a5a5
6b97a5a5
6b98a5a5
6b99a5a5
6b9aa5a5
6b9ba5a5
6b9ca5a5
6b9da5a5
6b9ea5a5
6b9fa5a5
6ba0a5a5
6ba1a5a5
6ba2a5a5
6ba3a5a5
6ba4a5a5
6ba5a5a5
6ba6a5a5
6ba7a5a5
6ba8a5a5
6ba9a5a5
6baaa5a5
6baba5a5
6baca5a5
6bada5a5
6baea5a5
6bafa5a5
6bb0a5a5
6bb1a5a5
6bb2a5a5
6bb3a5a5
6bb4a5a5
6bb5a5a5
6bb6a5a5
6bb7a5a5
6bb8a5a5
6bb9a5a5
6bbaa5a5
6bbba5a5
6bbca5a5
6bbda5a5
6bbea5a5
6bbfa5a5
6bc0a5a5
6bc1a5a5
6bc2a5a5
6bc3a5a5
6bc4a5a5
6bc5a5a5
6bc6a5a5
6bc7a5a5
6bc8a5a5
6bc9a5a5
6bcaa5a5
6bcba5a5
6bcca5a5
6bcda5a5
6bcea5a5
6bcfa5a5
6bd0a5a5
6bd1a5a5
6bd2a5a5
6bd3a5a5
6bd4a5a5
6bd5a5a5
6bd6a5a5
6bd7a5a5
6bd8a5a5
6bd9a5a5
6bdaa5a5
6bdba5a5
6bdca5a5
6bdda5a5
6bdea5a5
6bdfa5a5
6be0a5a5
6be1a5a5
6be2a5a5
6be3a5a5
6be4a5a5
6be5a5a5
6be6a5a5
6be7a5a5
6be8a5a5
6be9a5a5
6beaa5a5
6beba5a5
6beca5a5
6beda5a5
6beea5a5
6befa5a5
6bf0a5a5
6bf1a5a5
6bf2a5a5
6bf3a5a5
6bf4a5a5
6bf5a5a5
6bf6a5a5
6bf7a5a5
6bf8a5a5
6bf9a5a5
6bfaa5a5
6bfba5a5
6bfca5a5
6bfda5a5
6bfea5a5
6bffa5a5
6c00a5a5
6c01a5a5
6c02a5a5
6c03a5a5
6c04a5a5
6c05a5a5
6c06a5a5
6c07a5a5
6c08a5a5
6c09a5a5
6c0aa5a5
6c0ba5a5
6c0ca5a5
6c0da5a5
6c0ea5a5
6c0fa5a5
6c10a5a5
6c11a5a5
6c12a5a5
6c13a5a5
6c14a5a5
6c15a5a5
6c16a5a5
6c17a5a5
6c18a5a5
6c19a5a5
6c1aa5a5
6c1ba5a5
6c1ca5a5
6c1da5a5
6c1ea5a5
6c1fa5a5
6c20a5a5
6c21a5a5
6c22a5a5
6c23a5a5
6c24a5a5
6c25a5a5
6c26a5a5
6c27a5a5
6c28a5a5
6c29a5a5
6c2aa5a5
6c2ba5a5
6c2ca5a5
6c2da5a5
6c2ea5a5
6c2fa5a5
6c30a5a5
6c31a5a5
6c32a5a5
6c33a5a5
6c34a5a5
6c35a5a5
6c36a5a5
6c37a5a5
6c38a5a5
6c39a5a5
6c3aa5a5
6c3ba5a5
6c3ca5a5
6c3da5a5
6c3ea5a5
6c3fa5a5
6c40a5a5
6c41a5a5
6c42a5a5
6c43a5a5
6c44a5a5
6c45a5a5
6c46a5a5
6c47a5a5
6c48a5a5
6c49a5a5
6c4aa5a5
6c4ba5a5
6c4ca5a5
6c4da5a5
6c4ea5a5
6c4fa5a5
6c50a5a5
6c51a5a5
6c52a5a5
6c53a5a5
6c54a5a5
6c55a5a5
6c56a5a5
6c57a5a5
6c58a5a5
6c59a5a5
6c5aa5a5
6c5ba5a5
6c5ca5a5
6c5da5a5
6c5ea5a5
6c5fa5a5
6c60a5a5
6c61a5a5
6c62a5a5
6c63a5a5
6c64a5a5
6c65a5a5
6c66a5a5
6c67a5a5
6c68a5a5
6c69a5a5
6c6aa5a5
6c6ba5a5
6c6ca5a5
6c6da5a5
6c6ea5a5
6c6fa5a5
6c70a5a5
6c71a5a5
6c72a5a5
6c73a5a5
6c74a5a5
6c75a5a5
6c76a5a5
6c77a5a5
6c78a5a5
6c79a5a5
6c7aa5a5
6c7ba5a5
6c7ca5a5
6c7da5a5
6c7ea5a5
6c7fa5a5
6c80a5a5
6c81a5a5
6c82a5a5
6c83a5a5
6c84a5a5
6c85a5a5
6c86a5a5
6c87a5a5
6c88a5a5
6c89a5a5
6c8aa5a5
6c8ba5a5
6c8ca5a5
6c8da5a5
6c8ea5a5
6c8fa5a5
6c90a5a5
6c91a5a5
6c92a5a5
6c93a5a5
6c94a5a5
6c95a5a5
6c96a5a5
6c97a5a5
6c98a5a5
6c99a5a5
6c9aa5a5
6c9ba5a5
6c9ca5a5
6c9da5a5
6c9ea5a5
6c9fa5a5
6ca0a5a5
6ca1a5a5
6ca2a5a5
6ca3a5a5
6ca4a5a5
6ca5a5a5
6ca6a5a5
6ca7a5a5
6ca8a5a5
6ca9a5a5
6caaa5a5
6caba5a5
6caca5a5
6cada5a5
6caea5a5
6cafa5a5
6cb0a5a5
6cb1a5a5
6cb2a5a5
6cb3a5a5
6cb4a5a5
6cb5a5a5
6cb6a5a5
6cb7a5a5
6cb8a5a5
6cb9a5a5
6cbaa5a5
6cbba5a5
6cbca5a5
6cbda5a5
6cbea5a5
6cbfa5a5
6cc0a5a5
6cc1a5a5
6cc2a5a5
6cc3a5a5
6cc4a5a5
6cc5a5a5
6cc6a5a5
6cc7a5a5
6cc8a5a5
6cc9a5a5
6ccaa5a5
6ccba5a5
6ccca5a5
6ccda5a5
6ccea5a5
6ccfa5a5
6cd0a5a5
6cd1a5a5
6cd2a5a5
6cd3a5a5
6cd4a5a5
6cd5a5a5
6cd6a5a5
6cd7a5a5
6cd8a5a5
6cd9a5a5
6cdaa5a5
6cdba5a5
6cdca5a5
6cdda5a5
6cdea5a5
6cdfa5a5
6ce0a5a5
6ce1a5a5
6ce2a5a5
6ce3a5a5
6ce4a5a5
6ce5a5a5
6ce6a5a5
6ce7a5a5
6ce8a5a5
6ce9a5a5
6ceaa5a5
6ceba5a5
6ceca5a5
6ceda5a5
6ceea5a5
6cefa5a5
6cf0a5a5
6cf1a5a5
6cf2a5a5
6cf3a5a5
6cf4a5a5
6cf5a5a5
6cf6a5a5
6cf7a5a5
6cf8a5a5
6cf9a5a5
6cfaa5a5
6cfba5a5
6cfca5a5
6cfda5a5
6cfea5a5
6cffa5a5
6d00a5a5
6d01a5a5
6d02a5a5
6d03a5a5
6d04a5a5
6d05a5a5
6d06a5a5
6d07a5a5
6d08a5a5
6d09a5a5
6d0aa5a5
6d0ba5a5
6d0ca5a5
6d0da5a5
6d0ea5a5
6d0fa5a5
6d10a5a5
6d11a5a5
6d12a5a5
6d13a5a5
6d14a5a5
6d15a5a5
6d16a5a5
6d17a5a5
6d18a5a5
6d19a5a5
6d1aa5a5
6d1ba5a5
6d1ca5a5
6d1da5a5
6d1ea5a5
6d1fa5a5
6d20a5a5
6d21a5a5
6d22a5a5
6d23a5a5
6d24a5a5
6d25a5a5
6d26a5a5
6d27a5a5
6d28a5a5
6d29a5a5
6d2aa5a5
6d2ba5a5
6d2ca5a5
6d2da5a5
6d2ea5a5
6d2fa5a5
6d30a5a5
6d31a5a5
6d32a5a5
6d33a5a5
6d34a5a5
6d35a5a5
6d36a5a5
6d37a5a5
6d38a5a5
6d39a5a5
6d3aa5a5
6d3ba5a5
6d3ca5a5
6d3da5a5
6d3ea5a5
6d3fa5a5
6d40a5a5
6d41a5a5
6d42a5a5
6d43a5a5
6d44a5a5
6d45a5a5
6d46a5a5
6d47a5a5
6d48a5a5
6d49a5a5
6d4aa5a5
6d4ba5a5
6d4ca5a5
6d4da5a5
6d4ea5a5
6d4fa5a5
6d50a5a5
6d51a5a5
6d52a5a5
6d53a5a5
6d54a5a5
6d55a5a5
6d56a5a5
6d57a5a5
6d58a5a5
6d59a5a5
6d5aa5a5
6d5ba5a5
6d5ca5a5
6d5da5a5
6d5ea5a5
6d5fa5a5
6d60a5a5
6d61a5a5
6d62a5a5
6d63a5a5
6d64a5a5
6d65a5a5
6d66a5a5
6d67a5a5
6d68a5a5
6d69a5a5
6d6aa5a5
6d6ba5a5
6d6ca5a5
6d6da5a5
6d6ea5a5
6d6fa5a5
6d70a5a5
6d71a5a5
6d72a5a5
6d73a5a5
6d74a5a5
6d75a5a5
6d76a5a5
6d77a5a5
6d78a5a5
6d79a5a5
6d7aa5a5
6d7ba5a5
6d7ca5a5
6d7da5a5
6d7ea5a5
6d7fa5a5
6d80a5a5
6d81a5a5
6d82a5a5
6d83a5a5
6d84a5a5
6d85a5a5
6d86a5a5
6d87a5a5
6d88a5a5
6d89a5a5
6d8aa5a5
6d8ba5a5
6d8ca5a5
6d8da5a5
6d8ea5a5
6d8fa5a5
6d90a5a5
6d91a5a5
6d92a5a5
6d93a5a5
6d94a5a5
6d95a5a5
6d96a5a5
6d97a5a5
6d98a5a5
6d99a5a5
6d9aa5a5
6d9ba5a5
6d9ca5a5
6d9da5a5
6d9ea5a5
6d9fa5a5
6da0a5a5
6da1a5a5
6da2a5a5
6da3a5a5
6da4a5a5
6da5a5a5
6da6a5a5
6da7a5a5
6da8a5a5
6da9a5a5
6daaa5a5
6daba5a5
6daca5a5
6dada5a5
6daea5a5
6dafa5a5
6db0a5a5
6db1a5a5
6db2a5a5
6db3a5a5
6db4a5a5
6db5a5a5
6db6a5a5
6db7a5a5
6db8a5a5
6db9a5a5
6dbaa5a5
6dbba5a5
6dbca5a5
6dbda5a5
6dbea5a5
6dbfa5a5
6dc0a5a5
6dc1a5a5
6dc2a5a5
6dc3a5a5
6dc4a5a5
6dc5a5a5
6dc6a5a5
6dc7a5a5
6dc8a5a5
6dc9a5a5
6dcaa5a5
6dcba5a5
6dcca5a5
6dcda5a5
6dcea5a5
6dcfa5a5
6dd0a5a5
6dd1a5a5
6dd2a5a5
6dd3a5a5
6dd4a5a5
6dd5a5a5
6dd6a5a5
6dd7a5a5
6dd8a5a5
6dd9a5a5
6ddaa5a5
6ddba5a5
6ddca5a5
6ddda5a5
6ddea5a5
6ddfa5a5
6de0a5a5
6de1a5a5
6de2a5a5
6de3a5a5
6de4a5a5
6de5a5a5
6de6a5a5
6de7a5a5
6de8a5a5
6de9a5a5
6deaa5a5
6deba5a5
6deca5a5
6deda5a5
6deea5a5
6defa5a5
6df0a5a5
6df1a5a5
6df2a5a5
6df3a5a5
6df4a5a5
6df5a5a5
6df6a5a5
6df7a5a5
6df8a5a5
6df9a5a5
6dfaa5a5
6dfba5a5
6dfca5a5
6dfda5a5
6dfea5a5
6dffa5a5
6e00a5a5
6e01a5a5
6e02a5a5
6e03a5a5
6e04a5a5
6e05a5a5
6e06a5a5
6e07a5a5
6e08a5a5
6e09a5a5
6e0aa5a5
6e0ba5a5
6e0ca5a5
6e0da5a5
6e0ea5a5
6e0fa5a5
6e10a5a5
6e11a5a5
6e12a5a5
6e13a5a5
6e14a5a5
6e15a5a5
6e16a5a5
6e17a5a5
6e18a5a5
6e19a5a5
6e1aa5a5
6e1ba5a5
6e1ca5a5
6e1da5a5
6e1ea5a5
6e1fa5a5
6e20a5a5
6e21a5a5
6e22a5a5
6e23a5a5
6e24a5a5
6e25a5a5
6e26a5a5
6e27a5a5
6e28a5a5
6e29a5a5
6e2aa5a5
6e2ba5a5
6e2ca5a5
6e2da5a5
6e2ea5a5
6e2fa5a5
6e30a5a5
6e31a5a5
6e32a5a5
6e33a5a5
6e34a5a5
6e35a5a5
6e36a5a5
6e37a5a5
6e38a5a5
6e39a5a5
6e3aa5a5
6e3ba5a5
6e3ca5a5
6e3da5a5
6e3ea5a5
6e3fa5a5
6e40a5a5
6e41a5a5
6e42a5a5
6e43a5a5
6e44a5a5
6e45a5a5
6e46a5a5
6e47a5a5
6e48a5a5
6e49a5a5
6e4aa5a5
6e4ba5a5
6e4ca5a5
6e4da5a5
6e4ea5a5
6e4fa5a5
6e50a5a5
6e51a5a5
6e52a5a5
6e53a5a5
6e54a5a5
6e55a5a5
6e56a5a5
6e57a5a5
6e58a5a5
6e59a5a5
6e5aa5a5
6e5ba5a5
6e5ca5a5
6e5da5a5
6e5ea5a5
6e5fa5a5
6e60a5a5
6e61a5a5
6e62a5a5
6e63a5a5
6e64a5a5
6e65a5a5
6e66a5a5
6e67a5a5
6e68a5a5
6e69a5a5
6e6aa5a5
6e6ba5a5
6e6ca5a5
6e6da5a5
6e6ea5a5
6e6fa5a5
6e70a5a5
6e71a5a5
6e72a5a5
6e73a5a5
6e74a5a5
6e75a5a5
6e76a5a5
6e77a5a5
6e78a5a5
6e79a5a5
6e7aa5a5
6e7ba5a5
6e7ca5a5
6e7da5a5
6e7ea5a5
6e7fa5a5
6e80a5a5
6e81a5a5
6e82a5a5
6e83a5a5
6e84a5a5
6e85a5a5
6e86a5a5
6e87a5a5
6e88a5a5
6e89a5a5
6e8aa5a5
6e8ba5a5
6e8ca5a5
6e8da5a5
6e8ea5a5
6e8fa5a5
6e90a5a5
6e91a5a5
6e92a5a5
6e93a5a5
6e94a5a5
6e95a5a5
6e96a5a5
6e97a5a5
6e98a5a5
6e99a5a5
6e9aa5a5
6e9ba5a5
6e9ca5a5
6e9da5a5
6e9ea5a5
6e9fa5a5
6ea0a5a5
6ea1a5a5
6ea2a5a5
6ea3a5a5
6ea4a5a5
6ea5a5a5
6ea6a5a5
6ea7a5a5
6ea8a5a5
6ea9a5a5
6eaaa5a5
6eaba5a5
6eaca5a5
6eada5a5
6eaea5a5
6eafa5a5
6eb0a5a5
6eb1a5a5
6eb2a5a5
6eb3a5a5
6eb4a5a5
6eb5a5a5
6eb6a5a5
6eb7a5a5
6eb8a5a5
6eb9a5a5
6ebaa5a5
6ebba5a5
6ebca5a5
6ebda5a5
6ebea5a5
6ebfa5a5
6ec0a5a5
6ec1a5a5
6ec2a5a5
6ec3a5a5
6ec4a5a5
6ec5a5a5
6ec6a5a5
6ec7a5a5
6ec8a5a5
6ec9a5a5
6ecaa5a5
6ecba5a5
6ecca5a5
6ecda5a5
6ecea5a5
6ecfa5a5
6ed0a5a5
6ed1a5a5
6ed2a5a5
6ed3a5a5
6ed4a5a5
6ed5a5a5
6ed6a5a5
6ed7a5a5
6ed8a5a5
6ed9a5a5
6edaa5a5
6edba5a5
6edca5a5
6edda5a5
6edea5a5
6edfa5a5
6ee0a5a5
6ee1a5a5
6ee2a5a5
6ee3a5a5
6ee4a5a5
6ee5a5a5
6ee6a5a5
6ee7a5a5
6ee8a5a5
6ee9a5a5
6eeaa5a5
6eeba5a5
6eeca5a5
6eeda5a5
6eeea5a5
6eefa5a5
6ef0a5a5
6ef1a5a5
6ef2a5a5
6ef3a5a5
6ef4a5a5
6ef5a5a5
6ef6a5a5
6ef7a5a5
6ef8a5a5
6ef9a5a5
6efaa5a5
6efba5a5
6efca5a5
6efda5a5
6efea5a5
6effa5a5
6f00a5a5
6f01a5a5
6f02a5a5
6f03a5a5
6f04a5a5
6f05a5a5
6f06a5a5
6f07a5a5
6f08a5a5
6f09a5a5
6f0aa5a5
6f0ba5a5
6f0ca5a5
6f0da5a5
6f0ea5a5
6f0fa5a5
6f10a5a5
6f11a5a5
6f12a5a5
6f13a5a5
6f14a5a5
6f15a5a5
6f16a5a5
6f17a5a5
6f18a5a5
6f19a5a5
6f1aa5a5
6f1ba5a5
6f1ca5a5
6f1da5a5
6f1ea5a5
6f1fa5a5
6f20a5a5
6f21a5a5
6f22a5a5
6f23a5a5
6f24a5a5
6f25a5a5
6f26a5a5
6f27a5a5
6f28a5a5
6f29a5a5
6f2aa5a5
6f2ba5a5
6f2ca5a5
6f2da5a5
6f2ea5a5
6f2fa5a5
6f30a5a5
6f31a5a5
6f32a5a5
6f33a5a5
6f34a5a5
6f35a5a5
6f36a5a5
6f37a5a5
6f38a5a5
6f39a5a5
6f3aa5a5
6f3ba5a5
6f3ca5a5
6f3da5a5
6f3ea5a5
6f3fa5a5
6f40a5a5
6f41a5a5
6f42a5a5
6f43a5a5
6f44a5a5
6f45a5a5
6f46a5a5
6f47a5a5
6f48a5a5
6f49a5a5
6f4aa5a5
6f4ba5a5
6f4ca5a5
6f4da5a5
6f4ea5a5
6f4fa5a5
6f50a5a5
6f51a5a5
6f52a5a5
6f53a5a5
6f54a5a5
6f55a5a5
6f56a5a5
6f57a5a5
6f58a5a5
6f59a5a5
6f5aa5a5
6f5ba5a5
6f5ca5a5
6f5da5a5
6f5ea5a5
6f5fa5a5
6f60a5a5
6f61a5a5
6f62a5a5
6f63a5a5
6f64a5a5
6f65a5a5
6f66a5a5
6f67a5a5
6f68a5a5
6f69a5a5
6f6aa5a5
6f6ba5a5
6f6ca5a5
6f6da5a5
6f6ea5a5
6f6fa5a5
6f70a5a5
6f71a5a5
6f72a5a5
6f73a5a5
6f74a5a5
6f75a5a5
6f76a5a5
6f77a5a5
6f78a5a5
6f79a5a5
6f7aa5a5
6f7ba5a5
6f7ca5a5
6f7da5a5
6f7ea5a5
6f7fa5a5
6f80a5a5
6f81a5a5
6f82a5a5
6f83a5a5
6f84a5a5
6f85a5a5
6f86a5a5
6f87a5a5
6f88a5a5
6f89a5a5
6f8aa5a5
6f8ba5a5
6f8ca5a5
6f8da5a5
6f8ea5a5
6f8fa5a5
6f90a5a5
6f91a5a5
6f92a5a5
6f93a5a5
6f94a5a5
6f95a5a5
6f96a5a5
6f97a5a5
6f98a5a5
6f99a5a5
6f9aa5a5
6f9ba5a5
6f9ca5a5
6f9da5a5
6f9ea5a5
6f9fa5a5
6fa0a5a5
6fa1a5a5
6fa2a5a5
6fa3a5a5
6fa4a5a5
6fa5a5a5
6fa6a5a5
6fa7a5a5
6fa8a5a5
6fa9a5a5
6faaa5a5
6faba5a5
6faca5a5
6fada5a5
6faea5a5
6fafa5a5
6fb0a5a5
6fb1a5a5
6fb2a5a5
6fb3a5a5
6fb4a5a5
6fb5a5a5
6fb6a5a5
6fb7a5a5
6fb8a5a5
6fb9a5a5
6fbaa5a5
6fbba5a5
6fbca5a5
6fbda5a5
6fbea5a5
6fbfa5a5
6fc0a5a5
6fc1a5a5
6fc2a5a5
6fc3a5a5
6fc4a5a5
6fc5a5a5
6fc6a5a5
6fc7a5a5
6fc8a5a5
6fc9a5a5
6fcaa5a5
6fcba5a5
6fcca5a5
6fcda5a5
6fcea5a5
6fcfa5a5
6fd0a5a5
6fd1a5a5
6fd2a5a5
6fd3a5a5
6fd4a5a5
6fd5a5a5
6fd6a5a5
6fd7a5a5
6fd8a5a5
6fd9a5a5
6fdaa5a5
6fdba5a5
6fdca5a5
6fdda5a5
6fdea5a5
6fdfa5a5
6fe0a5a5
6fe1a5a5
6fe2a5a5
6fe3a5a5
6fe4a5a5
6fe5a5a5
6fe6a5a5
6fe7a5a5
6fe8a5a5
6fe9a5a5
6feaa5a5
6feba5a5
6feca5a5
6feda5a5
6feea5a5
6fefa5a5
6ff0a5a5
6ff1a5a5
6ff2a5a5
6ff3a5a5
6ff4a5a5
6ff5a5a5
6ff6a5a5
6ff7a5a5
6ff8a5a5
6ff9a5a5
6ffaa5a5
6ffba5a5
6ffca5a5
6ffda5a5
6ffea5a5
6fffa5a5
7000a5a5
7001a5a5
7002a5a5
7003a5a5
7004a5a5
7005a5a5
7006a5a5
7007a5a5
7008a5a5
7009a5a5
700aa5a5
700ba5a5
700ca5a5
700da5a5
700ea5a5
700fa5a5
7010a5a5
7011a5a5
7012a5a5
7013a5a5
7014a5a5
7015a5a5
7016a5a5
7017a5a5
7018a5a5
7019a5a5
701aa5a5
701ba5a5
701ca5a5
701da5a5
701ea5a5
701fa5a5
7020a5a5
7021a5a5
7022a5a5
7023a5a5
7024a5a5
7025a5a5
7026a5a5
7027a5a5
7028a5a5
7029a5a5
702aa5a5
702ba5a5
702ca5a5
702da5a5
702ea5a5
702fa5a5
7030a5a5
7031a5a5
7032a5a5
7033a5a5
7034a5a5
7035a5a5
7036a5a5
7037a5a5
7038a5a5
7039a5a5
703aa5a5
703ba5a5
703ca5a5
703da5a5
703ea5a5
703fa5a5
7040a5a5
7041a5a5
7042a5a5
7043a5a5
7044a5a5
7045a5a5
7046a5a5
7047a5a5
7048a5a5
7049a5a5
704aa5a5
704ba5a5
704ca5a5
704da5a5
704ea5a5
704fa5a5
7050a5a5
7051a5a5
7052a5a5
7053a5a5
7054a5a5
7055a5a5
7056a5a5
7057a5a5
7058a5a5
7059a5a5
705aa5a5
705ba5a5
705ca5a5
705da5a5
705ea5a5
705fa5a5
7060a5a5
7061a5a5
7062a5a5
7063a5a5
7064a5a5
7065a5a5
7066a5a5
7067a5a5
7068a5a5
7069a5a5
706aa5a5
706ba5a5
706ca5a5
706da5a5
706ea5a5
706fa5a5
7070a5a5
7071a5a5
7072a5a5
7073a5a5
7074a5a5
7075a5a5
7076a5a5
7077a5a5
7078a5a5
7079a5a5
707aa5a5
707ba5a5
707ca5a5
707da5a5
707ea5a5
707fa5a5
7080a5a5
7081a5a5
7082a5a5
7083a5a5
7084a5a5
7085a5a5
7086a5a5
7087a5a5
7088a5a5
7089a5a5
708aa5a5
708ba5a5
708ca5a5
708da5a5
708ea5a5
708fa5a5
7090a5a5
7091a5a5
7092a5a5
7093a5a5
7094a5a5
7095a5a5
7096a5a5
7097a5a5
7098a5a5
7099a5a5
709aa5a5
709ba5a5
709ca5a5
709da5a5
709ea5a5
709fa5a5
70a0a5a5
70a1a5a5
70a2a5a5
70a3a5a5
70a4a5a5
70a5a5a5
70a6a5a5
70a7a5a5
70a8a5a5
70a9a5a5
70aaa5a5
70aba5a5
70aca5a5
70ada5a5
70aea5a5
70afa5a5
70b0a5a5
70b1a5a5
70b2a5a5
70b3a5a5
70b4a5a5
70b5a5a5
70b6a5a5
70b7a5a5
70b8a5a5
70b9a5a5
70baa5a5
70bba5a5
70bca5a5
70bda5a5
70bea5a5
70bfa5a5
70c0a5a5
70c1a5a5
70c2a5a5
70c3a5a5
70c4a5a5
70c5a5a5
70c6a5a5
70c7a5a5
70c8a5a5
70c9a5a5
70caa5a5
70cba5a5
70cca5a5
70cda5a5
70cea5a5
70cfa5a5
70d0a5a5
70d1a5a5
70d2a5a5
70d3a5a5
70d4a5a5
70d5a5a5
70d6a5a5
70d7a5a5
70d8a5a5
70d9a5a5
70daa5a5
70dba5a5
70dca5a5
70dda5a5
70dea5a5
70dfa5a5
70e0a5a5
70e1a5a5
70e2a5a5
70e3a5a5
70e4a5a5
70e5a5a5
70e6a5a5
70e7a5a5
70e8a5a5
70e9a5a5
70eaa5a5
70eba5a5
70eca5a5
70eda5a5
70eea5a5
70efa5a5
70f0a5a5
70f1a5a5
70f2a5a5
70f3a5a5
70f4a5a5
70f5a5a5
70f6a5a5
70f7a5a5
70f8a5a5
70f9a5a5
70faa5a5
70fba5a5
70fca5a5
70fda5a5
70fea5a5
70ffa5a5
7100a5a5
7101a5a5
7102a5a5
7103a5a5
7104a5a5
7105a5a5
7106a5a5
7107a5a5
7108a5a5
7109a5a5
710aa5a5
710ba5a5
710ca5a5
710da5a5
710ea5a5
710fa5a5
7110a5a5
7111a5a5
7112a5a5
7113a5a5
7114a5a5
7115a5a5
7116a5a5
7117a5a5
7118a5a5
7119a5a5
711aa5a5
711ba5a5
711ca5a5
711da5a5
711ea5a5
711fa5a5
7120a5a5
7121a5a5
7122a5a5
7123a5a5
7124a5a5
7125a5a5
7126a5a5
7127a5a5
7128a5a5
7129a5a5
712aa5a5
712ba5a5
712ca5a5
712da5a5
712ea5a5
712fa5a5
7130a5a5
7131a5a5
7132a5a5
7133a5a5
7134a5a5
7135a5a5
7136a5a5
7137a5a5
7138a5a5
7139a5a5
713aa5a5
713ba5a5
713ca5a5
713da5a5
713ea5a5
713fa5a5
7140a5a5
7141a5a5
7142a5a5
7143a5a5
7144a5a5
7145a5a5
7146a5a5
7147a5a5
7148a5a5
7149a5a5
714aa5a5
714ba5a5
714ca5a5
714da5a5
714ea5a5
714fa5a5
7150a5a5
7151a5a5
7152a5a5
7153a5a5
7154a5a5
7155a5a5
7156a5a5
7157a5a5
7158a5a5
7159a5a5
715aa5a5
715ba5a5
715ca5a5
715da5a5
715ea5a5
715fa5a5
7160a5a5
7161a5a5
7162a5a5
7163a5a5
7164a5a5
7165a5a5
7166a5a5
7167a5a5
7168a5a5
7169a5a5
716aa5a5
716ba5a5
716ca5a5
716da5a5
716ea5a5
716fa5a5
7170a5a5
7171a5a5
7172a5a5
7173a5a5
7174a5a5
7175a5a5
7176a5a5
7177a5a5
7178a5a5
7179a5a5
717aa5a5
717ba5a5
717ca5a5
717da5a5
717ea5a5
717fa5a5
7180a5a5
7181a5a5
7182a5a5
7183a5a5
7184a5a5
7185a5a5
7186a5a5
7187a5a5
7188a5a5
7189a5a5
718aa5a5
718ba5a5
718ca5a5
718da5a5
718ea5a5
718fa5a5
7190a5a5
7191a5a5
7192a5a5
7193a5a5
7194a5a5
7195a5a5
7196a5a5
7197a5a5
7198a5a5
7199a5a5
719aa5a5
719ba5a5
719ca5a5
719da5a5
719ea5a5
719fa5a5
71a0a5a5
71a1a5a5
71a2a5a5
71a3a5a5
71a4a5a5
71a5a5a5
71a6a5a5
71a7a5a5
71a8a5a5
71a9a5a5
71aaa5a5
71aba5a5
71aca5a5
71ada5a5
71aea5a5
71afa5a5
71b0a5a5
71b1a5a5
71b2a5a5
71b3a5a5
71b4a5a5
71b5a5a5
71b6a5a5
71b7a5a5
71b8a5a5
71b9a5a5
71baa5a5
71bba5a5
71bca5a5
71bda5a5
71bea5a5
71bfa5a5
71c0a5a5
71c1a5a5
71c2a5a5
71c3a5a5
71c4a5a5
71c5a5a5
71c6a5a5
71c7a5a5
71c8a5a5
71c9a5a5
71caa5a5
71cba5a5
71cca5a5
71cda5a5
71cea5a5
71cfa5a5
71d0a5a5
71d1a5a5
71d2a5a5
71d3a5a5
71d4a5a5
71d5a5a5
71d6a5a5
71d7a5a5
71d8a5a5
71d9a5a5
71daa5a5
71dba5a5
71dca5a5
71dda5a5
71dea5a5
71dfa5a5
71e0a5a5
71e1a5a5
71e2a5a5
71e3a5a5
71e4a5a5
71e5a5a5
71e6a5a5
71e7a5a5
71e8a5a5
71e9a5a5
71eaa5a5
71eba5a5
71eca5a5
71eda5a5
71eea5a5
71efa5a5
71f0a5a5
71f1a5a5
71f2a5a5
71f3a5a5
71f4a5a5
71f5a5a5
71f6a5a5
71f7a5a5
71f8a5a5
71f9a5a5
71faa5a5
71fba5a5
71fca5a5
71fda5a5
71fea5a5
71ffa5a5
7200a5a5
7201a5a5
7202a5a5
7203a5a5
7204a5a5
7205a5a5
7206a5a5
7207a5a5
7208a5a5
7209a5a5
720aa5a5
720ba5a5
720ca5a5
720da5a5
720ea5a5
720fa5a5
7210a5a5
7211a5a5
7212a5a5
7213a5a5
7214a5a5
7215a5a5
7216a5a5
7217a5a5
7218a5a5
7219a5a5
721aa5a5
721ba5a5
721ca5a5
721da5a5
721ea5a5
721fa5a5
7220a5a5
7221a5a5
7222a5a5
7223a5a5
7224a5a5
7225a5a5
7226a5a5
7227a5a5
7228a5a5
7229a5a5
722aa5a5
722ba5a5
722ca5a5
722da5a5
722ea5a5
722fa5a5
7230a5a5
7231a5a5
7232a5a5
7233a5a5
7234a5a5
7235a5a5
7236a5a5
7237a5a5
7238a5a5
7239a5a5
723aa5a5
723ba5a5
723ca5a5
723da5a5
723ea5a5
723fa5a5
7240a5a5
7241a5a5
7242a5a5
7243a5a5
7244a5a5
7245a5a5
7246a5a5
7247a5a5
7248a5a5
7249a5a5
724aa5a5
724ba5a5
724ca5a5
724da5a5
724ea5a5
724fa5a5
7250a5a5
7251a5a5
7252a5a5
7253a5a5
7254a5a5
7255a5a5
7256a5a5
7257a5a5
7258a5a5
7259a5a5
725aa5a5
725ba5a5
725ca5a5
725da5a5
725ea5a5
725fa5a5
7260a5a5
7261a5a5
7262a5a5
7263a5a5
7264a5a5
7265a5a5
7266a5a5
7267a5a5
7268a5a5
7269a5a5
726aa5a5
726ba5a5
726ca5a5
726da5a5
726ea5a5
726fa5a5
7270a5a5
7271a5a5
7272a5a5
7273a5a5
7274a5a5
7275a5a5
7276a5a5
7277a5a5
7278a5a5
7279a5a5
727aa5a5
727ba5a5
727ca5a5
727da5a5
727ea5a5
727fa5a5
7280a5a5
7281a5a5
7282a5a5
7283a5a5
7284a5a5
7285a5a5
7286a5a5
7287a5a5
7288a5a5
7289a5a5
728aa5a5
728ba5a5
728ca5a5
728da5a5
728ea5a5
728fa5a5
7290a5a5
7291a5a5
7292a5a5
7293a5a5
7294a5a5
7295a5a5
7296a5a5
7297a5a5
7298a5a5
7299a5a5
729aa5a5
729ba5a5
729ca5a5
729da5a5
729ea5a5
729fa5a5
72a0a5a5
72a1a5a5
72a2a5a5
72a3a5a5
72a4a5a5
72a5a5a5
72a6a5a5
72a7a5a5
72a8a5a5
72a9a5a5
72aaa5a5
72aba5a5
72aca5a5
72ada5a5
72aea5a5
72afa5a5
72b0a5a5
72b1a5a5
72b2a5a5
72b3a5a5
72b4a5a5
72b5a5a5
72b6a5a5
72b7a5a5
72b8a5a5
72b9a5a5
72baa5a5
72bba5a5
72bca5a5
72bda5a5
72bea5a5
72bfa5a5
72c0a5a5
72c1a5a5
72c2a5a5
72c3a5a5
72c4a5a5
72c5a5a5
72c6a5a5
72c7a5a5
72c8a5a5
72c9a5a5
72caa5a5
72cba5a5
72cca5a5
72cda5a5
72cea5a5
72cfa5a5
72d0a5a5
72d1a5a5
72d2a5a5
72d3a5a5
72d4a5a5
72d5a5a5
72d6a5a5
72d7a5a5
72d8a5a5
72d9a5a5
72daa5a5
72dba5a5
72dca5a5
72dda5a5
72dea5a5
72dfa5a5
72e0a5a5
72e1a5a5
72e2a5a5
72e3a5a5
72e4a5a5
72e5a5a5
72e6a5a5
72e7a5a5
72e8a5a5
72e9a5a5
72eaa5a5
72eba5a5
72eca5a5
72eda5a5
72eea5a5
72efa5a5
72f0a5a5
72f1a5a5
72f2a5a5
72f3a5a5
72f4a5a5
72f5a5a5
72f6a5a5
72f7a5a5
72f8a5a5
72f9a5a5
72faa5a5
72fba5a5
72fca5a5
72fda5a5
72fea5a5
72ffa5a5
7300a5a5
7301a5a5
7302a5a5
7303a5a5
7304a5a5
7305a5a5
7306a5a5
7307a5a5
7308a5a5
7309a5a5
730aa5a5
730ba5a5
730ca5a5
730da5a5
730ea5a5
730fa5a5
7310a5a5
7311a5a5
7312a5a5
7313a5a5
7314a5a5
7315a5a5
7316a5a5
7317a5a5
7318a5a5
7319a5a5
731aa5a5
731ba5a5
731ca5a5
731da5a5
731ea5a5
731fa5a5
7320a5a5
7321a5a5
7322a5a5
7323a5a5
7324a5a5
7325a5a5
7326a5a5
7327a5a5
7328a5a5
7329a5a5
732aa5a5
732ba5a5
732ca5a5
732da5a5
732ea5a5
732fa5a5
7330a5a5
7331a5a5
7332a5a5
7333a5a5
7334a5a5
7335a5a5
7336a5a5
7337a5a5
7338a5a5
7339a5a5
733aa5a5
733ba5a5
733ca5a5
733da5a5
733ea5a5
733fa5a5
7340a5a5
7341a5a5
7342a5a5
7343a5a5
7344a5a5
7345a5a5
7346a5a5
7347a5a5
7348a5a5
7349a5a5
734aa5a5
734ba5a5
734ca5a5
734da5a5
734ea5a5
734fa5a5
7350a5a5
7351a5a5
7352a5a5
7353a5a5
7354a5a5
7355a5a5
7356a5a5
7357a5a5
7358a5a5
7359a5a5
735aa5a5
735ba5a5
735ca5a5
735da5a5
735ea5a5
735fa5a5
7360a5a5
7361a5a5
7362a5a5
7363a5a5
7364a5a5
7365a5a5
7366a5a5
7367a5a5
7368a5a5
7369a5a5
736aa5a5
736ba5a5
736ca5a5
736da5a5
736ea5a5
736fa5a5
7370a5a5
7371a5a5
7372a5a5
7373a5a5
7374a5a5
7375a5a5
7376a5a5
7377a5a5
7378a5a5
7379a5a5
737aa5a5
737ba5a5
737ca5a5
737da5a5
737ea5a5
737fa5a5
7380a5a5
7381a5a5
7382a5a5
7383a5a5
7384a5a5
7385a5a5
7386a5a5
7387a5a5
7388a5a5
7389a5a5
738aa5a5
738ba5a5
738ca5a5
738da5a5
738ea5a5
738fa5a5
7390a5a5
7391a5a5
7392a5a5
7393a5a5
7394a5a5
7395a5a5
7396a5a5
7397a5a5
7398a5a5
7399a5a5
739aa5a5
739ba5a5
739ca5a5
739da5a5
739ea5a5
739fa5a5
73a0a5a5
73a1a5a5
73a2a5a5
73a3a5a5
73a4a5a5
73a5a5a5
73a6a5a5
73a7a5a5
73a8a5a5
73a9a5a5
73aaa5a5
73aba5a5
73aca5a5
73ada5a5
73aea5a5
73afa5a5
73b0a5a5
73b1a5a5
73b2a5a5
73b3a5a5
73b4a5a5
73b5a5a5
73b6a5a5
73b7a5a5
73b8a5a5
73b9a5a5
73baa5a5
73bba5a5
73bca5a5
73bda5a5
73bea5a5
73bfa5a5
73c0a5a5
73c1a5a5
73c2a5a5
73c3a5a5
73c4a5a5
73c5a5a5
73c6a5a5
73c7a5a5
73c8a5a5
73c9a5a5
73caa5a5
73cba5a5
73cca5a5
73cda5a5
73cea5a5
73cfa5a5
73d0a5a5
73d1a5a5
73d2a5a5
73d3a5a5
73d4a5a5
73d5a5a5
73d6a5a5
73d7a5a5
73d8a5a5
73d9a5a5
73daa5a5
73dba5a5
73dca5a5
73dda5a5
73dea5a5
73dfa5a5
73e0a5a5
73e1a5a5
73e2a5a5
73e3a5a5
73e4a5a5
73e5a5a5
73e6a5a5
73e7a5a5
73e8a5a5
73e9a5a5
73eaa5a5
73eba5a5
73eca5a5
73eda5a5
73eea5a5
73efa5a5
73f0a5a5
73f1a5a5
73f2a5a5
73f3a5a5
73f4a5a5
73f5a5a5
73f6a5a5
73f7a5a5
73f8a5a5
73f9a5a5
73faa5a5
73fba5a5
73fca5a5
73fda5a5
73fea5a5
73ffa5a5
7400a5a5
7401a5a5
7402a5a5
7403a5a5
7404a5a5
7405a5a5
7406a5a5
7407a5a5
7408a5a5
7409a5a5
740aa5a5
740ba5a5
740ca5a5
740da5a5
740ea5a5
740fa5a5
7410a5a5
7411a5a5
7412a5a5
7413a5a5
7414a5a5
7415a5a5
7416a5a5
7417a5a5
7418a5a5
7419a5a5
741aa5a5
741ba5a5
741ca5a5
741da5a5
741ea5a5
741fa5a5
7420a5a5
7421a5a5
7422a5a5
7423a5a5
7424a5a5
7425a5a5
7426a5a5
7427a5a5
7428a5a5
7429a5a5
742aa5a5
742ba5a5
742ca5a5
742da5a5
742ea5a5
742fa5a5
7430a5a5
7431a5a5
7432a5a5
7433a5a5
7434a5a5
7435a5a5
7436a5a5
7437a5a5
7438a5a5
7439a5a5
743aa5a5
743ba5a5
743ca5a5
743da5a5
743ea5a5
743fa5a5
7440a5a5
7441a5a5
7442a5a5
7443a5a5
7444a5a5
7445a5a5
7446a5a5
7447a5a5
7448a5a5
7449a5a5
744aa5a5
744ba5a5
744ca5a5
744da5a5
744ea5a5
744fa5a5
7450a5a5
7451a5a5
7452a5a5
7453a5a5
7454a5a5
7455a5a5
7456a5a5
7457a5a5
7458a5a5
7459a5a5
745aa5a5
745ba5a5
745ca5a5
745da5a5
745ea5a5
745fa5a5
7460a5a5
7461a5a5
7462a5a5
7463a5a5
7464a5a5
7465a5a5
7466a5a5
7467a5a5
7468a5a5
7469a5a5
746aa5a5
746ba5a5
746ca5a5
746da5a5
746ea5a5
746fa5a5
7470a5a5
7471a5a5
7472a5a5
7473a5a5
7474a5a5
7475a5a5
7476a5a5
7477a5a5
7478a5a5
7479a5a5
747aa5a5
747ba5a5
747ca5a5
747da5a5
747ea5a5
747fa5a5
7480a5a5
7481a5a5
7482a5a5
7483a5a5
7484a5a5
7485a5a5
7486a5a5
7487a5a5
7488a5a5
7489a5a5
748aa5a5
748ba5a5
748ca5a5
748da5a5
748ea5a5
748fa5a5
7490a5a5
7491a5a5
7492a5a5
7493a5a5
7494a5a5
7495a5a5
7496a5a5
7497a5a5
7498a5a5
7499a5a5
749aa5a5
749ba5a5
749ca5a5
749da5a5
749ea5a5
749fa5a5
74a0a5a5
74a1a5a5
74a2a5a5
74a3a5a5
74a4a5a5
74a5a5a5
74a6a5a5
74a7a5a5
74a8a5a5
74a9a5a5
74aaa5a5
74aba5a5
74aca5a5
74ada5a5
74aea5a5
74afa5a5
74b0a5a5
74b1a5a5
74b2a5a5
74b3a5a5
74b4a5a5
74b5a5a5
74b6a5a5
74b7a5a5
74b8a5a5
74b9a5a5
74baa5a5
74bba5a5
74bca5a5
74bda5a5
74bea5a5
74bfa5a5
74c0a5a5
74c1a5a5
74c2a5a5
74c3a5a5
74c4a5a5
74c5a5a5
74c6a5a5
74c7a5a5
74c8a5a5
74c9a5a5
74caa5a5
74cba5a5
74cca5a5
74cda5a5
74cea5a5
74cfa5a5
74d0a5a5
74d1a5a5
74d2a5a5
74d3a5a5
74d4a5a5
74d5a5a5
74d6a5a5
74d7a5a5
74d8a5a5
74d9a5a5
74daa5a5
74dba5a5
74dca5a5
74dda5a5
74dea5a5
74dfa5a5
74e0a5a5
74e1a5a5
74e2a5a5
74e3a5a5
74e4a5a5
74e5a5a5
74e6a5a5
74e7a5a5
74e8a5a5
74e9a5a5
74eaa5a5
74eba5a5
74eca5a5
74eda5a5
74eea5a5
74efa5a5
74f0a5a5
74f1a5a5
74f2a5a5
74f3a5a5
74f4a5a5
74f5a5a5
74f6a5a5
74f7a5a5
74f8a5a5
74f9a5a5
74faa5a5
74fba5a5
74fca5a5
74fda5a5
74fea5a5
74ffa5a5
7500a5a5
7501a5a5
7502a5a5
7503a5a5
7504a5a5
7505a5a5
7506a5a5
7507a5a5
7508a5a5
7509a5a5
750aa5a5
750ba5a5
750ca5a5
750da5a5
750ea5a5
750fa5a5
7510a5a5
7511a5a5
7512a5a5
7513a5a5
7514a5a5
7515a5a5
7516a5a5
7517a5a5
7518a5a5
7519a5a5
751aa5a5
751ba5a5
751ca5a5
751da5a5
751ea5a5
751fa5a5
7520a5a5
7521a5a5
7522a5a5
7523a5a5
7524a5a5
7525a5a5
7526a5a5
7527a5a5
7528a5a5
7529a5a5
752aa5a5
752ba5a5
752ca5a5
752da5a5
752ea5a5
752fa5a5
7530a5a5
7531a5a5
7532a5a5
7533a5a5
7534a5a5
7535a5a5
7536a5a5
7537a5a5
7538a5a5
7539a5a5
753aa5a5
753ba5a5
753ca5a5
753da5a5
753ea5a5
753fa5a5
7540a5a5
7541a5a5
7542a5a5
7543a5a5
7544a5a5
7545a5a5
7546a5a5
7547a5a5
7548a5a5
7549a5a5
754aa5a5
754ba5a5
754ca5a5
754da5a5
754ea5a5
754fa5a5
7550a5a5
7551a5a5
7552a5a5
7553a5a5
7554a5a5
7555a5a5
7556a5a5
7557a5a5
7558a5a5
7559a5a5
755aa5a5
755ba5a5
755ca5a5
755da5a5
755ea5a5
755fa5a5
7560a5a5
7561a5a5
7562a5a5
7563a5a5
7564a5a5
7565a5a5
7566a5a5
7567a5a5
7568a5a5
7569a5a5
756aa5a5
756ba5a5
756ca5a5
756da5a5
756ea5a5
756fa5a5
7570a5a5
7571a5a5
7572a5a5
7573a5a5
7574a5a5
7575a5a5
7576a5a5
7577a5a5
7578a5a5
7579a5a5
757aa5a5
757ba5a5
757ca5a5
757da5a5
757ea5a5
757fa5a5
7580a5a5
7581a5a5
7582a5a5
7583a5a5
7584a5a5
7585a5a5
7586a5a5
7587a5a5
7588a5a5
7589a5a5
758aa5a5
758ba5a5
758ca5a5
758da5a5
758ea5a5
758fa5a5
7590a5a5
7591a5a5
7592a5a5
7593a5a5
7594a5a5
7595a5a5
7596a5a5
7597a5a5
7598a5a5
7599a5a5
759aa5a5
759ba5a5
759ca5a5
759da5a5
759ea5a5
759fa5a5
75a0a5a5
75a1a5a5
75a2a5a5
75a3a5a5
75a4a5a5
75a5a5a5
75a6a5a5
75a7a5a5
75a8a5a5
75a9a5a5
75aaa5a5
75aba5a5
75aca5a5
75ada5a5
75aea5a5
75afa5a5
75b0a5a5
75b1a5a5
75b2a5a5
75b3a5a5
75b4a5a5
75b5a5a5
75b6a5a5
75b7a5a5
75b8a5a5
75b9a5a5
75baa5a5
75bba5a5
75bca5a5
75bda5a5
75bea5a5
75bfa5a5
75c0a5a5
75c1a5a5
75c2a5a5
75c3a5a5
75c4a5a5
75c5a5a5
75c6a5a5
75c7a5a5
75c8a5a5
75c9a5a5
75caa5a5
75cba5a5
75cca5a5
75cda5a5
75cea5a5
75cfa5a5
75d0a5a5
75d1a5a5
75d2a5a5
75d3a5a5
75d4a5a5
75d5a5a5
75d6a5a5
75d7a5a5
75d8a5a5
75d9a5a5
75daa5a5
75dba5a5
75dca5a5
75dda5a5
75dea5a5
75dfa5a5
75e0a5a5
75e1a5a5
75e2a5a5
75e3a5a5
75e4a5a5
75e5a5a5
75e6a5a5
75e7a5a5
75e8a5a5
75e9a5a5
75eaa5a5
75eba5a5
75eca5a5
75eda5a5
75eea5a5
75efa5a5
75f0a5a5
75f1a5a5
75f2a5a5
75f3a5a5
75f4a5a5
75f5a5a5
75f6a5a5
75f7a5a5
75f8a5a5
75f9a5a5
75faa5a5
75fba5a5
75fca5a5
75fda5a5
75fea5a5
75ffa5a5
7600a5a5
7601a5a5
7602a5a5
7603a5a5
7604a5a5
7605a5a5
7606a5a5
7607a5a5
7608a5a5
7609a5a5
760aa5a5
760ba5a5
760ca5a5
760da5a5
760ea5a5
760fa5a5
7610a5a5
7611a5a5
7612a5a5
7613a5a5
7614a5a5
7615a5a5
7616a5a5
7617a5a5
7618a5a5
7619a5a5
761aa5a5
761ba5a5
761ca5a5
761da5a5
761ea5a5
761fa5a5
7620a5a5
7621a5a5
7622a5a5
7623a5a5
7624a5a5
7625a5a5
7626a5a5
7627a5a5
7628a5a5
7629a5a5
762aa5a5
762ba5a5
762ca5a5
762da5a5
762ea5a5
762fa5a5
7630a5a5
7631a5a5
7632a5a5
7633a5a5
7634a5a5
7635a5a5
7636a5a5
7637a5a5
7638a5a5
7639a5a5
763aa5a5
763ba5a5
763ca5a5
763da5a5
763ea5a5
763fa5a5
7640a5a5
7641a5a5
7642a5a5
7643a5a5
7644a5a5
7645a5a5
7646a5a5
7647a5a5
7648a5a5
7649a5a5
764aa5a5
764ba5a5
764ca5a5
764da5a5
764ea5a5
764fa5a5
7650a5a5
7651a5a5
7652a5a5
7653a5a5
7654a5a5
7655a5a5
7656a5a5
7657a5a5
7658a5a5
7659a5a5
765aa5a5
765ba5a5
765ca5a5
765da5a5
765ea5a5
765fa5a5
7660a5a5
7661a5a5
7662a5a5
7663a5a5
7664a5a5
7665a5a5
7666a5a5
7667a5a5
7668a5a5
7669a5a5
766aa5a5
766ba5a5
766ca5a5
766da5a5
766ea5a5
766fa5a5
7670a5a5
7671a5a5
7672a5a5
7673a5a5
7674a5a5
7675a5a5
7676a5a5
7677a5a5
7678a5a5
7679a5a5
767aa5a5
767ba5a5
767ca5a5
767da5a5
767ea5a5
767fa5a5
7680a5a5
7681a5a5
7682a5a5
7683a5a5
7684a5a5
7685a5a5
7686a5a5
7687a5a5
7688a5a5
7689a5a5
768aa5a5
768ba5a5
768ca5a5
768da5a5
768ea5a5
768fa5a5
7690a5a5
7691a5a5
7692a5a5
7693a5a5
7694a5a5
7695a5a5
7696a5a5
7697a5a5
7698a5a5
7699a5a5
769aa5a5
769ba5a5
769ca5a5
769da5a5
769ea5a5
769fa5a5
76a0a5a5
76a1a5a5
76a2a5a5
76a3a5a5
76a4a5a5
76a5a5a5
76a6a5a5
76a7a5a5
76a8a5a5
76a9a5a5
76aaa5a5
76aba5a5
76aca5a5
76ada5a5
76aea5a5
76afa5a5
76b0a5a5
76b1a5a5
76b2a5a5
76b3a5a5
76b4a5a5
76b5a5a5
76b6a5a5
76b7a5a5
76b8a5a5
76b9a5a5
76baa5a5
76bba5a5
76bca5a5
76bda5a5
76bea5a5
76bfa5a5
76c0a5a5
76c1a5a5
76c2a5a5
76c3a5a5
76c4a5a5
76c5a5a5
76c6a5a5
76c7a5a5
76c8a5a5
76c9a5a5
76caa5a5
76cba5a5
76cca5a5
76cda5a5
76cea5a5
76cfa5a5
76d0a5a5
76d1a5a5
76d2a5a5
76d3a5a5
76d4a5a5
76d5a5a5
76d6a5a5
76d7a5a5
76d8a5a5
76d9a5a5
76daa5a5
76dba5a5
76dca5a5
76dda5a5
76dea5a5
76dfa5a5
76e0a5a5
76e1a5a5
76e2a5a5
76e3a5a5
76e4a5a5
76e5a5a5
76e6a5a5
76e7a5a5
76e8a5a5
76e9a5a5
76eaa5a5
76eba5a5
76eca5a5
76eda5a5
76eea5a5
76efa5a5
76f0a5a5
76f1a5a5
76f2a5a5
76f3a5a5
76f4a5a5
76f5a5a5
76f6a5a5
76f7a5a5
76f8a5a5
76f9a5a5
76faa5a5
76fba5a5
76fca5a5
76fda5a5
76fea5a5
76ffa5a5
7700a5a5
7701a5a5
7702a5a5
7703a5a5
7704a5a5
7705a5a5
7706a5a5
7707a5a5
7708a5a5
7709a5a5
770aa5a5
770ba5a5
770ca5a5
770da5a5
770ea5a5
770fa5a5
7710a5a5
7711a5a5
7712a5a5
7713a5a5
7714a5a5
7715a5a5
7716a5a5
7717a5a5
7718a5a5
7719a5a5
771aa5a5
771ba5a5
771ca5a5
771da5a5
771ea5a5
771fa5a5
7720a5a5
7721a5a5
7722a5a5
7723a5a5
7724a5a5
7725a5a5
7726a5a5
7727a5a5
7728a5a5
7729a5a5
772aa5a5
772ba5a5
772ca5a5
772da5a5
772ea5a5
772fa5a5
7730a5a5
7731a5a5
7732a5a5
7733a5a5
7734a5a5
7735a5a5
7736a5a5
7737a5a5
7738a5a5
7739a5a5
773aa5a5
773ba5a5
773ca5a5
773da5a5
773ea5a5
773fa5a5
7740a5a5
7741a5a5
7742a5a5
7743a5a5
7744a5a5
7745a5a5
7746a5a5
7747a5a5
7748a5a5
7749a5a5
774aa5a5
774ba5a5
774ca5a5
774da5a5
774ea5a5
774fa5a5
7750a5a5
7751a5a5
7752a5a5
7753a5a5
7754a5a5
7755a5a5
7756a5a5
7757a5a5
7758a5a5
7759a5a5
775aa5a5
775ba5a5
775ca5a5
775da5a5
775ea5a5
775fa5a5
7760a5a5
7761a5a5
7762a5a5
7763a5a5
7764a5a5
7765a5a5
7766a5a5
7767a5a5
7768a5a5
7769a5a5
776aa5a5
776ba5a5
776ca5a5
776da5a5
776ea5a5
776fa5a5
7770a5a5
7771a5a5
7772a5a5
7773a5a5
7774a5a5
7775a5a5
7776a5a5
7777a5a5
7778a5a5
7779a5a5
777aa5a5
777ba5a5
777ca5a5
777da5a5
777ea5a5
777fa5a5
7780a5a5
7781a5a5
7782a5a5
7783a5a5
7784a5a5
7785a5a5
7786a5a5
7787a5a5
7788a5a5
7789a5a5
778aa5a5
778ba5a5
778ca5a5
778da5a5
778ea5a5
778fa5a5
7790a5a5
7791a5a5
7792a5a5
7793a5a5
7794a5a5
7795a5a5
7796a5a5
7797a5a5
7798a5a5
7799a5a5
779aa5a5
779ba5a5
779ca5a5
779da5a5
779ea5a5
779fa5a5
77a0a5a5
77a1a5a5
77a2a5a5
77a3a5a5
77a4a5a5
77a5a5a5
77a6a5a5
77a7a5a5
77a8a5a5
77a9a5a5
77aaa5a5
77aba5a5
77aca5a5
77ada5a5
77aea5a5
77afa5a5
77b0a5a5
77b1a5a5
77b2a5a5
77b3a5a5
77b4a5a5
77b5a5a5
77b6a5a5
77b7a5a5
77b8a5a5
77b9a5a5
77baa5a5
77bba5a5
77bca5a5
77bda5a5
77bea5a5
77bfa5a5
77c0a5a5
77c1a5a5
77c2a5a5
77c3a5a5
77c4a5a5
77c5a5a5
77c6a5a5
77c7a5a5
77c8a5a5
77c9a5a5
77caa5a5
77cba5a5
77cca5a5
77cda5a5
77cea5a5
77cfa5a5
77d0a5a5
77d1a5a5
77d2a5a5
77d3a5a5
77d4a5a5
77d5a5a5
77d6a5a5
77d7a5a5
77d8a5a5
77d9a5a5
77daa5a5
77dba5a5
77dca5a5
77dda5a5
77dea5a5
77dfa5a5
77e0a5a5
77e1a5a5
77e2a5a5
77e3a5a5
77e4a5a5
77e5a5a5
77e6a5a5
77e7a5a5
77e8a5a5
77e9a5a5
77eaa5a5
77eba5a5
77eca5a5
77eda5a5
77eea5a5
77efa5a5
77f0a5a5
77f1a5a5
77f2a5a5
77f3a5a5
77f4a5a5
77f5a5a5
77f6a5a5
77f7a5a5
77f8a5a5
77f9a5a5
77faa5a5
77fba5a5
77fca5a5
77fda5a5
77fea5a5
77ffa5a5
7800a5a5
7801a5a5
7802a5a5
7803a5a5
7804a5a5
7805a5a5
7806a5a5
7807a5a5
7808a5a5
7809a5a5
780aa5a5
780ba5a5
780ca5a5
780da5a5
780ea5a5
780fa5a5
7810a5a5
7811a5a5
7812a5a5
7813a5a5
7814a5a5
7815a5a5
7816a5a5
7817a5a5
7818a5a5
7819a5a5
781aa5a5
781ba5a5
781ca5a5
781da5a5
781ea5a5
781fa5a5
7820a5a5
7821a5a5
7822a5a5
7823a5a5
7824a5a5
7825a5a5
7826a5a5
7827a5a5
7828a5a5
7829a5a5
782aa5a5
782ba5a5
782ca5a5
782da5a5
782ea5a5
782fa5a5
7830a5a5
7831a5a5
7832a5a5
7833a5a5
7834a5a5
7835a5a5
7836a5a5
7837a5a5
7838a5a5
7839a5a5
783aa5a5
783ba5a5
783ca5a5
783da5a5
783ea5a5
783fa5a5
7840a5a5
7841a5a5
7842a5a5
7843a5a5
7844a5a5
7845a5a5
7846a5a5
7847a5a5
7848a5a5
7849a5a5
784aa5a5
784ba5a5
784ca5a5
784da5a5
784ea5a5
784fa5a5
7850a5a5
7851a5a5
7852a5a5
7853a5a5
7854a5a5
7855a5a5
7856a5a5
7857a5a5
7858a5a5
7859a5a5
785aa5a5
785ba5a5
785ca5a5
785da5a5
785ea5a5
785fa5a5
7860a5a5
7861a5a5
7862a5a5
7863a5a5
7864a5a5
7865a5a5
7866a5a5
7867a5a5
7868a5a5
7869a5a5
786aa5a5
786ba5a5
786ca5a5
786da5a5
786ea5a5
786fa5a5
7870a5a5
7871a5a5
7872a5a5
7873a5a5
7874a5a5
7875a5a5
7876a5a5
7877a5a5
7878a5a5
7879a5a5
787aa5a5
787ba5a5
787ca5a5
787da5a5
787ea5a5
787fa5a5
7880a5a5
7881a5a5
7882a5a5
7883a5a5
7884a5a5
7885a5a5
7886a5a5
7887a5a5
7888a5a5
7889a5a5
788aa5a5
788ba5a5
788ca5a5
788da5a5
788ea5a5
788fa5a5
7890a5a5
7891a5a5
7892a5a5
7893a5a5
7894a5a5
7895a5a5
7896a5a5
7897a5a5
7898a5a5
7899a5a5
789aa5a5
789ba5a5
789ca5a5
789da5a5
789ea5a5
789fa5a5
78a0a5a5
78a1a5a5
78a2a5a5
78a3a5a5
78a4a5a5
78a5a5a5
78a6a5a5
78a7a5a5
78a8a5a5
78a9a5a5
78aaa5a5
78aba5a5
78aca5a5
78ada5a5
78aea5a5
78afa5a5
78b0a5a5
78b1a5a5
78b2a5a5
78b3a5a5
78b4a5a5
78b5a5a5
78b6a5a5
78b7a5a5
78b8a5a5
78b9a5a5
78baa5a5
78bba5a5
78bca5a5
78bda5a5
78bea5a5
78bfa5a5
78c0a5a5
78c1a5a5
78c2a5a5
78c3a5a5
78c4a5a5
78c5a5a5
78c6a5a5
78c7a5a5
78c8a5a5
78c9a5a5
78caa5a5
78cba5a5
78cca5a5
78cda5a5
78cea5a5
78cfa5a5
78d0a5a5
78d1a5a5
78d2a5a5
78d3a5a5
78d4a5a5
78d5a5a5
78d6a5a5
78d7a5a5
78d8a5a5
78d9a5a5
78daa5a5
78dba5a5
78dca5a5
78dda5a5
78dea5a5
78dfa5a5
78e0a5a5
78e1a5a5
78e2a5a5
78e3a5a5
78e4a5a5
78e5a5a5
78e6a5a5
78e7a5a5
78e8a5a5
78e9a5a5
78eaa5a5
78eba5a5
78eca5a5
78eda5a5
78eea5a5
78efa5a5
78f0a5a5
78f1a5a5
78f2a5a5
78f3a5a5
78f4a5a5
78f5a5a5
78f6a5a5
78f7a5a5
78f8a5a5
78f9a5a5
78faa5a5
78fba5a5
78fca5a5
78fda5a5
78fea5a5
78ffa5a5
7900a5a5
7901a5a5
7902a5a5
7903a5a5
7904a5a5
7905a5a5
7906a5a5
7907a5a5
7908a5a5
7909a5a5
790aa5a5
790ba5a5
790ca5a5
790da5a5
790ea5a5
790fa5a5
7910a5a5
7911a5a5
7912a5a5
7913a5a5
7914a5a5
7915a5a5
7916a5a5
7917a5a5
7918a5a5
7919a5a5
791aa5a5
791ba5a5
791ca5a5
791da5a5
791ea5a5
791fa5a5
7920a5a5
7921a5a5
7922a5a5
7923a5a5
7924a5a5
7925a5a5
7926a5a5
7927a5a5
7928a5a5
7929a5a5
792aa5a5
792ba5a5
792ca5a5
792da5a5
792ea5a5
792fa5a5
7930a5a5
7931a5a5
7932a5a5
7933a5a5
7934a5a5
7935a5a5
7936a5a5
7937a5a5
7938a5a5
7939a5a5
793aa5a5
793ba5a5
793ca5a5
793da5a5
793ea5a5
793fa5a5
7940a5a5
7941a5a5
7942a5a5
7943a5a5
7944a5a5
7945a5a5
7946a5a5
7947a5a5
7948a5a5
7949a5a5
794aa5a5
794ba5a5
794ca5a5
794da5a5
794ea5a5
794fa5a5
7950a5a5
7951a5a5
7952a5a5
7953a5a5
7954a5a5
7955a5a5
7956a5a5
7957a5a5
7958a5a5
7959a5a5
795aa5a5
795ba5a5
795ca5a5
795da5a5
795ea5a5
795fa5a5
7960a5a5
7961a5a5
7962a5a5
7963a5a5
7964a5a5
7965a5a5
7966a5a5
7967a5a5
7968a5a5
7969a5a5
796aa5a5
796ba5a5
796ca5a5
796da5a5
796ea5a5
796fa5a5
7970a5a5
7971a5a5
7972a5a5
7973a5a5
7974a5a5
7975a5a5
7976a5a5
7977a5a5
7978a5a5
7979a5a5
797aa5a5
797ba5a5
797ca5a5
797da5a5
797ea5a5
797fa5a5
7980a5a5
7981a5a5
7982a5a5
7983a5a5
7984a5a5
7985a5a5
7986a5a5
7987a5a5
7988a5a5
7989a5a5
798aa5a5
798ba5a5
798ca5a5
798da5a5
798ea5a5
798fa5a5
7990a5a5
7991a5a5
7992a5a5
7993a5a5
7994a5a5
7995a5a5
7996a5a5
7997a5a5
7998a5a5
7999a5a5
799aa5a5
799ba5a5
799ca5a5
799da5a5
799ea5a5
799fa5a5
79a0a5a5
79a1a5a5
79a2a5a5
79a3a5a5
79a4a5a5
79a5a5a5
79a6a5a5
79a7a5a5
79a8a5a5
79a9a5a5
79aaa5a5
79aba5a5
79aca5a5
79ada5a5
79aea5a5
79afa5a5
79b0a5a5
79b1a5a5
79b2a5a5
79b3a5a5
79b4a5a5
79b5a5a5
79b6a5a5
79b7a5a5
79b8a5a5
79b9a5a5
79baa5a5
79bba5a5
79bca5a5
79bda5a5
79bea5a5
79bfa5a5
79c0a5a5
79c1a5a5
79c2a5a5
79c3a5a5
79c4a5a5
79c5a5a5
79c6a5a5
79c7a5a5
79c8a5a5
79c9a5a5
79caa5a5
79cba5a5
79cca5a5
79cda5a5
79cea5a5
79cfa5a5
79d0a5a5
79d1a5a5
79d2a5a5
79d3a5a5
79d4a5a5
79d5a5a5
79d6a5a5
79d7a5a5
79d8a5a5
79d9a5a5
79daa5a5
79dba5a5
79dca5a5
79dda5a5
79dea5a5
79dfa5a5
79e0a5a5
79e1a5a5
79e2a5a5
79e3a5a5
79e4a5a5
79e5a5a5
79e6a5a5
79e7a5a5
79e8a5a5
79e9a5a5
79eaa5a5
79eba5a5
79eca5a5
79eda5a5
79eea5a5
79efa5a5
79f0a5a5
79f1a5a5
79f2a5a5
79f3a5a5
79f4a5a5
79f5a5a5
79f6a5a5
79f7a5a5
79f8a5a5
79f9a5a5
79faa5a5
79fba5a5
79fca5a5
79fda5a5
79fea5a5
79ffa5a5
7a00a5a5
7a01a5a5
7a02a5a5
7a03a5a5
7a04a5a5
7a05a5a5
7a06a5a5
7a07a5a5
7a08a5a5
7a09a5a5
7a0aa5a5
7a0ba5a5
7a0ca5a5
7a0da5a5
7a0ea5a5
7a0fa5a5
7a10a5a5
7a11a5a5
7a12a5a5
7a13a5a5
7a14a5a5
7a15a5a5
7a16a5a5
7a17a5a5
7a18a5a5
7a19a5a5
7a1aa5a5
7a1ba5a5
7a1ca5a5
7a1da5a5
7a1ea5a5
7a1fa5a5
7a20a5a5
7a21a5a5
7a22a5a5
7a23a5a5
7a24a5a5
7a25a5a5
7a26a5a5
7a27a5a5
7a28a5a5
7a29a5a5
7a2aa5a5
7a2ba5a5
7a2ca5a5
7a2da5a5
7a2ea5a5
7a2fa5a5
7a30a5a5
7a31a5a5
7a32a5a5
7a33a5a5
7a34a5a5
7a35a5a5
7a36a5a5
7a37a5a5
7a38a5a5
7a39a5a5
7a3aa5a5
7a3ba5a5
7a3ca5a5
7a3da5a5
7a3ea5a5
7a3fa5a5
7a40a5a5
7a41a5a5
7a42a5a5
7a43a5a5
7a44a5a5
7a45a5a5
7a46a5a5
7a47a5a5
7a48a5a5
7a49a5a5
7a4aa5a5
7a4ba5a5
7a4ca5a5
7a4da5a5
7a4ea5a5
7a4fa5a5
7a50a5a5
7a51a5a5
7a52a5a5
7a53a5a5
7a54a5a5
7a55a5a5
7a56a5a5
7a57a5a5
7a58a5a5
7a59a5a5
7a5aa5a5
7a5ba5a5
7a5ca5a5
7a5da5a5
7a5ea5a5
7a5fa5a5
7a60a5a5
7a61a5a5
7a62a5a5
7a63a5a5
7a64a5a5
7a65a5a5
7a66a5a5
7a67a5a5
7a68a5a5
7a69a5a5
7a6aa5a5
7a6ba5a5
7a6ca5a5
7a6da5a5
7a6ea5a5
7a6fa5a5
7a70a5a5
7a71a5a5
7a72a5a5
7a73a5a5
7a74a5a5
7a75a5a5
7a76a5a5
7a77a5a5
7a78a5a5
7a79a5a5
7a7aa5a5
7a7ba5a5
7a7ca5a5
7a7da5a5
7a7ea5a5
7a7fa5a5
7a80a5a5
7a81a5a5
7a82a5a5
7a83a5a5
7a84a5a5
7a85a5a5
7a86a5a5
7a87a5a5
7a88a5a5
7a89a5a5
7a8aa5a5
7a8ba5a5
7a8ca5a5
7a8da5a5
7a8ea5a5
7a8fa5a5
7a90a5a5
7a91a5a5
7a92a5a5
7a93a5a5
7a94a5a5
7a95a5a5
7a96a5a5
7a97a5a5
7a98a5a5
7a99a5a5
7a9aa5a5
7a9ba5a5
7a9ca5a5
7a9da5a5
7a9ea5a5
7a9fa5a5
7aa0a5a5
7aa1a5a5
7aa2a5a5
7aa3a5a5
7aa4a5a5
7aa5a5a5
7aa6a5a5
7aa7a5a5
7aa8a5a5
7aa9a5a5
7aaaa5a5
7aaba5a5
7aaca5a5
7aada5a5
7aaea5a5
7aafa5a5
7ab0a5a5
7ab1a5a5
7ab2a5a5
7ab3a5a5
7ab4a5a5
7ab5a5a5
7ab6a5a5
7ab7a5a5
7ab8a5a5
7ab9a5a5
7abaa5a5
7abba5a5
7abca5a5
7abda5a5
7abea5a5
7abfa5a5
7ac0a5a5
7ac1a5a5
7ac2a5a5
7ac3a5a5
7ac4a5a5
7ac5a5a5
7ac6a5a5
7ac7a5a5
7ac8a5a5
7ac9a5a5
7acaa5a5
7acba5a5
7acca5a5
7acda5a5
7acea5a5
7acfa5a5
7ad0a5a5
7ad1a5a5
7ad2a5a5
7ad3a5a5
7ad4a5a5
7ad5a5a5
7ad6a5a5
7ad7a5a5
7ad8a5a5
7ad9a5a5
7adaa5a5
7adba5a5
7adca5a5
7adda5a5
7adea5a5
7adfa5a5
7ae0a5a5
7ae1a5a5
7ae2a5a5
7ae3a5a5
7ae4a5a5
7ae5a5a5
7ae6a5a5
7ae7a5a5
7ae8a5a5
7ae9a5a5
7aeaa5a5
7aeba5a5
7aeca5a5
7aeda5a5
7aeea5a5
7aefa5a5
7af0a5a5
7af1a5a5
7af2a5a5
7af3a5a5
7af4a5a5
7af5a5a5
7af6a5a5
7af7a5a5
7af8a5a5
7af9a5a5
7afaa5a5
7afba5a5
7afca5a5
7afda5a5
7afea5a5
7affa5a5
7b00a5a5
7b01a5a5
7b02a5a5
7b03a5a5
7b04a5a5
7b05a5a5
7b06a5a5
7b07a5a5
7b08a5a5
7b09a5a5
7b0aa5a5
7b0ba5a5
7b0ca5a5
7b0da5a5
7b0ea5a5
7b0fa5a5
7b10a5a5
7b11a5a5
7b12a5a5
7b13a5a5
7b14a5a5
7b15a5a5
7b16a5a5
7b17a5a5
7b18a5a5
7b19a5a5
7b1aa5a5
7b1ba5a5
7b1ca5a5
7b1da5a5
7b1ea5a5
7b1fa5a5
7b20a5a5
7b21a5a5
7b22a5a5
7b23a5a5
7b24a5a5
7b25a5a5
7b26a5a5
7b27a5a5
7b28a5a5
7b29a5a5
7b2aa5a5
7b2ba5a5
7b2ca5a5
7b2da5a5
7b2ea5a5
7b2fa5a5
7b30a5a5
7b31a5a5
7b32a5a5
7b33a5a5
7b34a5a5
7b35a5a5
7b36a5a5
7b37a5a5
7b38a5a5
7b39a5a5
7b3aa5a5
7b3ba5a5
7b3ca5a5
7b3da5a5
7b3ea5a5
7b3fa5a5
7b40a5a5
7b41a5a5
7b42a5a5
7b43a5a5
7b44a5a5
7b45a5a5
7b46a5a5
7b47a5a5
7b48a5a5
7b49a5a5
7b4aa5a5
7b4ba5a5
7b4ca5a5
7b4da5a5
7b4ea5a5
7b4fa5a5
7b50a5a5
7b51a5a5
7b52a5a5
7b53a5a5
7b54a5a5
7b55a5a5
7b56a5a5
7b57a5a5
7b58a5a5
7b59a5a5
7b5aa5a5
7b5ba5a5
7b5ca5a5
7b5da5a5
7b5ea5a5
7b5fa5a5
7b60a5a5
7b61a5a5
7b62a5a5
7b63a5a5
7b64a5a5
7b65a5a5
7b66a5a5
7b67a5a5
7b68a5a5
7b69a5a5
7b6aa5a5
7b6ba5a5
7b6ca5a5
7b6da5a5
7b6ea5a5
7b6fa5a5
7b70a5a5
7b71a5a5
7b72a5a5
7b73a5a5
7b74a5a5
7b75a5a5
7b76a5a5
7b77a5a5
7b78a5a5
7b79a5a5
7b7aa5a5
7b7ba5a5
7b7ca5a5
7b7da5a5
7b7ea5a5
7b7fa5a5
7b80a5a5
7b81a5a5
7b82a5a5
7b83a5a5
7b84a5a5
7b85a5a5
7b86a5a5
7b87a5a5
7b88a5a5
7b89a5a5
7b8aa5a5
7b8ba5a5
7b8ca5a5
7b8da5a5
7b8ea5a5
7b8fa5a5
7b90a5a5
7b91a5a5
7b92a5a5
7b93a5a5
7b94a5a5
7b95a5a5
7b96a5a5
7b97a5a5
7b98a5a5
7b99a5a5
7b9aa5a5
7b9ba5a5
7b9ca5a5
7b9da5a5
7b9ea5a5
7b9fa5a5
7ba0a5a5
7ba1a5a5
7ba2a5a5
7ba3a5a5
7ba4a5a5
7ba5a5a5
7ba6a5a5
7ba7a5a5
7ba8a5a5
7ba9a5a5
7baaa5a5
7baba5a5
7baca5a5
7bada5a5
7baea5a5
7bafa5a5
7bb0a5a5
7bb1a5a5
7bb2a5a5
7bb3a5a5
7bb4a5a5
7bb5a5a5
7bb6a5a5
7bb7a5a5
7bb8a5a5
7bb9a5a5
7bbaa5a5
7bbba5a5
7bbca5a5
7bbda5a5
7bbea5a5
7bbfa5a5
7bc0a5a5
7bc1a5a5
7bc2a5a5
7bc3a5a5
7bc4a5a5
7bc5a5a5
7bc6a5a5
7bc7a5a5
7bc8a5a5
7bc9a5a5
7bcaa5a5
7bcba5a5
7bcca5a5
7bcda5a5
7bcea5a5
7bcfa5a5
7bd0a5a5
7bd1a5a5
7bd2a5a5
7bd3a5a5
7bd4a5a5
7bd5a5a5
7bd6a5a5
7bd7a5a5
7bd8a5a5
7bd9a5a5
7bdaa5a5
7bdba5a5
7bdca5a5
7bdda5a5
7bdea5a5
7bdfa5a5
7be0a5a5
7be1a5a5
7be2a5a5
7be3a5a5
7be4a5a5
7be5a5a5
7be6a5a5
7be7a5a5
7be8a5a5
7be9a5a5
7beaa5a5
7beba5a5
7beca5a5
7beda5a5
7beea5a5
7befa5a5
7bf0a5a5
7bf1a5a5
7bf2a5a5
7bf3a5a5
7bf4a5a5
7bf5a5a5
7bf6a5a5
7bf7a5a5
7bf8a5a5
7bf9a5a5
7bfaa5a5
7bfba5a5
7bfca5a5
7bfda5a5
7bfea5a5
7bffa5a5
7c00a5a5
7c01a5a5
7c02a5a5
7c03a5a5
7c04a5a5
7c05a5a5
7c06a5a5
7c07a5a5
7c08a5a5
7c09a5a5
7c0aa5a5
7c0ba5a5
7c0ca5a5
7c0da5a5
7c0ea5a5
7c0fa5a5
7c10a5a5
7c11a5a5
7c12a5a5
7c13a5a5
7c14a5a5
7c15a5a5
7c16a5a5
7c17a5a5
7c18a5a5
7c19a5a5
7c1aa5a5
7c1ba5a5
7c1ca5a5
7c1da5a5
7c1ea5a5
7c1fa5a5
7c20a5a5
7c21a5a5
7c22a5a5
7c23a5a5
7c24a5a5
7c25a5a5
7c26a5a5
7c27a5a5
7c28a5a5
7c29a5a5
7c2aa5a5
7c2ba5a5
7c2ca5a5
7c2da5a5
7c2ea5a5
7c2fa5a5
7c30a5a5
7c31a5a5
7c32a5a5
7c33a5a5
7c34a5a5
7c35a5a5
7c36a5a5
7c37a5a5
7c38a5a5
7c39a5a5
7c3aa5a5
7c3ba5a5
7c3ca5a5
7c3da5a5
7c3ea5a5
7c3fa5a5
7c40a5a5
7c41a5a5
7c42a5a5
7c43a5a5
7c44a5a5
7c45a5a5
7c46a5a5
7c47a5a5
7c48a5a5
7c49a5a5
7c4aa5a5
7c4ba5a5
7c4ca5a5
7c4da5a5
7c4ea5a5
7c4fa5a5
7c50a5a5
7c51a5a5
7c52a5a5
7c53a5a5
7c54a5a5
7c55a5a5
7c56a5a5
7c57a5a5
7c58a5a5
7c59a5a5
7c5aa5a5
7c5ba5a5
7c5ca5a5
7c5da5a5
7c5ea5a5
7c5fa5a5
7c60a5a5
7c61a5a5
7c62a5a5
7c63a5a5
7c64a5a5
7c65a5a5
7c66a5a5
7c67a5a5
7c68a5a5
7c69a5a5
7c6aa5a5
7c6ba5a5
7c6ca5a5
7c6da5a5
7c6ea5a5
7c6fa5a5
7c70a5a5
7c71a5a5
7c72a5a5
7c73a5a5
7c74a5a5
7c75a5a5
7c76a5a5
7c77a5a5
7c78a5a5
7c79a5a5
7c7aa5a5
7c7ba5a5
7c7ca5a5
7c7da5a5
7c7ea5a5
7c7fa5a5
7c80a5a5
7c81a5a5
7c82a5a5
7c83a5a5
7c84a5a5
7c85a5a5
7c86a5a5
7c87a5a5
7c88a5a5
7c89a5a5
7c8aa5a5
7c8ba5a5
7c8ca5a5
7c8da5a5
7c8ea5a5
7c8fa5a5
7c90a5a5
7c91a5a5
7c92a5a5
7c93a5a5
7c94a5a5
7c95a5a5
7c96a5a5
7c97a5a5
7c98a5a5
7c99a5a5
7c9aa5a5
7c9ba5a5
7c9ca5a5
7c9da5a5
7c9ea5a5
7c9fa5a5
7ca0a5a5
7ca1a5a5
7ca2a5a5
7ca3a5a5
7ca4a5a5
7ca5a5a5
7ca6a5a5
7ca7a5a5
7ca8a5a5
7ca9a5a5
7caaa5a5
7caba5a5
7caca5a5
7cada5a5
7caea5a5
7cafa5a5
7cb0a5a5
7cb1a5a5
7cb2a5a5
7cb3a5a5
7cb4a5a5
7cb5a5a5
7cb6a5a5
7cb7a5a5
7cb8a5a5
7cb9a5a5
7cbaa5a5
7cbba5a5
7cbca5a5
7cbda5a5
7cbea5a5
7cbfa5a5
7cc0a5a5
7cc1a5a5
7cc2a5a5
7cc3a5a5
7cc4a5a5
7cc5a5a5
7cc6a5a5
7cc7a5a5
7cc8a5a5
7cc9a5a5
7ccaa5a5
7ccba5a5
7ccca5a5
7ccda5a5
7ccea5a5
7ccfa5a5
7cd0a5a5
7cd1a5a5
7cd2a5a5
7cd3a5a5
7cd4a5a5
7cd5a5a5
7cd6a5a5
7cd7a5a5
7cd8a5a5
7cd9a5a5
7cdaa5a5
7cdba5a5
7cdca5a5
7cdda5a5
7cdea5a5
7cdfa5a5
7ce0a5a5
7ce1a5a5
7ce2a5a5
7ce3a5a5
7ce4a5a5
7ce5a5a5
7ce6a5a5
7ce7a5a5
7ce8a5a5
7ce9a5a5
7ceaa5a5
7ceba5a5
7ceca5a5
7ceda5a5
7ceea5a5
7cefa5a5
7cf0a5a5
7cf1a5a5
7cf2a5a5
7cf3a5a5
7cf4a5a5
7cf5a5a5
7cf6a5a5
7cf7a5a5
7cf8a5a5
7cf9a5a5
7cfaa5a5
7cfba5a5
7cfca5a5
7cfda5a5
7cfea5a5
7cffa5a5
7d00a5a5
7d01a5a5
7d02a5a5
7d03a5a5
7d04a5a5
7d05a5a5
7d06a5a5
7d07a5a5
7d08a5a5
7d09a5a5
7d0aa5a5
7d0ba5a5
7d0ca5a5
7d0da5a5
7d0ea5a5
7d0fa5a5
7d10a5a5
7d11a5a5
7d12a5a5
7d13a5a5
7d14a5a5
7d15a5a5
7d16a5a5
7d17a5a5
7d18a5a5
7d19a5a5
7d1aa5a5
7d1ba5a5
7d1ca5a5
7d1da5a5
7d1ea5a5
7d1fa5a5
7d20a5a5
7d21a5a5
7d22a5a5
7d23a5a5
7d24a5a5
7d25a5a5
7d26a5a5
7d27a5a5
7d28a5a5
7d29a5a5
7d2aa5a5
7d2ba5a5
7d2ca5a5
7d2da5a5
7d2ea5a5
7d2fa5a5
7d30a5a5
7d31a5a5
7d32a5a5
7d33a5a5
7d34a5a5
7d35a5a5
7d36a5a5
7d37a5a5
7d38a5a5
7d39a5a5
7d3aa5a5
7d3ba5a5
7d3ca5a5
7d3da5a5
7d3ea5a5
7d3fa5a5
7d40a5a5
7d41a5a5
7d42a5a5
7d43a5a5
7d44a5a5
7d45a5a5
7d46a5a5
7d47a5a5
7d48a5a5
7d49a5a5
7d4aa5a5
7d4ba5a5
7d4ca5a5
7d4da5a5
7d4ea5a5
7d4fa5a5
7d50a5a5
7d51a5a5
7d52a5a5
7d53a5a5
7d54a5a5
7d55a5a5
7d56a5a5
7d57a5a5
7d58a5a5
7d59a5a5
7d5aa5a5
7d5ba5a5
7d5ca5a5
7d5da5a5
7d5ea5a5
7d5fa5a5
7d60a5a5
7d61a5a5
7d62a5a5
7d63a5a5
7d64a5a5
7d65a5a5
7d66a5a5
7d67a5a5
7d68a5a5
7d69a5a5
7d6aa5a5
7d6ba5a5
7d6ca5a5
7d6da5a5
7d6ea5a5
7d6fa5a5
7d70a5a5
7d71a5a5
7d72a5a5
7d73a5a5
7d74a5a5
7d75a5a5
7d76a5a5
7d77a5a5
7d78a5a5
7d79a5a5
7d7aa5a5
7d7ba5a5
7d7ca5a5
7d7da5a5
7d7ea5a5
7d7fa5a5
7d80a5a5
7d81a5a5
7d82a5a5
7d83a5a5
7d84a5a5
7d85a5a5
7d86a5a5
7d87a5a5
7d88a5a5
7d89a5a5
7d8aa5a5
7d8ba5a5
7d8ca5a5
7d8da5a5
7d8ea5a5
7d8fa5a5
7d90a5a5
7d91a5a5
7d92a5a5
7d93a5a5
7d94a5a5
7d95a5a5
7d96a5a5
7d97a5a5
7d98a5a5
7d99a5a5
7d9aa5a5
7d9ba5a5
7d9ca5a5
7d9da5a5
7d9ea5a5
7d9fa5a5
7da0a5a5
7da1a5a5
7da2a5a5
7da3a5a5
7da4a5a5
7da5a5a5
7da6a5a5
7da7a5a5
7da8a5a5
7da9a5a5
7daaa5a5
7daba5a5
7daca5a5
7dada5a5
7daea5a5
7dafa5a5
7db0a5a5
7db1a5a5
7db2a5a5
7db3a5a5
7db4a5a5
7db5a5a5
7db6a5a5
7db7a5a5
7db8a5a5
7db9a5a5
7dbaa5a5
7dbba5a5
7dbca5a5
7dbda5a5
7dbea5a5
7dbfa5a5
7dc0a5a5
7dc1a5a5
7dc2a5a5
7dc3a5a5
7dc4a5a5
7dc5a5a5
7dc6a5a5
7dc7a5a5
7dc8a5a5
7dc9a5a5
7dcaa5a5
7dcba5a5
7dcca5a5
7dcda5a5
7dcea5a5
7dcfa5a5
7dd0a5a5
7dd1a5a5
7dd2a5a5
7dd3a5a5
7dd4a5a5
7dd5a5a5
7dd6a5a5
7dd7a5a5
7dd8a5a5
7dd9a5a5
7ddaa5a5
7ddba5a5
7ddca5a5
7ddda5a5
7ddea5a5
7ddfa5a5
7de0a5a5
7de1a5a5
7de2a5a5
7de3a5a5
7de4a5a5
7de5a5a5
7de6a5a5
7de7a5a5
7de8a5a5
7de9a5a5
7deaa5a5
7deba5a5
7deca5a5
7deda5a5
7deea5a5
7defa5a5
7df0a5a5
7df1a5a5
7df2a5a5
7df3a5a5
7df4a5a5
7df5a5a5
7df6a5a5
7df7a5a5
7df8a5a5
7df9a5a5
7dfaa5a5
7dfba5a5
7dfca5a5
7dfda5a5
7dfea5a5
7dffa5a5
7e00a5a5
7e01a5a5
7e02a5a5
7e03a5a5
7e04a5a5
7e05a5a5
7e06a5a5
7e07a5a5
7e08a5a5
7e09a5a5
7e0aa5a5
7e0ba5a5
7e0ca5a5
7e0da5a5
7e0ea5a5
7e0fa5a5
7e10a5a5
7e11a5a5
7e12a5a5
7e13a5a5
7e14a5a5
7e15a5a5
7e16a5a5
7e17a5a5
7e18a5a5
7e19a5a5
7e1aa5a5
7e1ba5a5
7e1ca5a5
7e1da5a5
7e1ea5a5
7e1fa5a5
7e20a5a5
7e21a5a5
7e22a5a5
7e23a5a5
7e24a5a5
7e25a5a5
7e26a5a5
7e27a5a5
7e28a5a5
7e29a5a5
7e2aa5a5
7e2ba5a5
7e2ca5a5
7e2da5a5
7e2ea5a5
7e2fa5a5
7e30a5a5
7e31a5a5
7e32a5a5
7e33a5a5
7e34a5a5
7e35a5a5
7e36a5a5
7e37a5a5
7e38a5a5
7e39a5a5
7e3aa5a5
7e3ba5a5
7e3ca5a5
7e3da5a5
7e3ea5a5
7e3fa5a5
7e40a5a5
7e41a5a5
7e42a5a5
7e43a5a5
7e44a5a5
7e45a5a5
7e46a5a5
7e47a5a5
7e48a5a5
7e49a5a5
7e4aa5a5
7e4ba5a5
7e4ca5a5
7e4da5a5
7e4ea5a5
7e4fa5a5
7e50a5a5
7e51a5a5
7e52a5a5
7e53a5a5
7e54a5a5
7e55a5a5
7e56a5a5
7e57a5a5
7e58a5a5
7e59a5a5
7e5aa5a5
7e5ba5a5
7e5ca5a5
7e5da5a5
7e5ea5a5
7e5fa5a5
7e60a5a5
7e61a5a5
7e62a5a5
7e63a5a5
7e64a5a5
7e65a5a5
7e66a5a5
7e67a5a5
7e68a5a5
7e69a5a5
7e6aa5a5
7e6ba5a5
7e6ca5a5
7e6da5a5
7e6ea5a5
7e6fa5a5
7e70a5a5
7e71a5a5
7e72a5a5
7e73a5a5
7e74a5a5
7e75a5a5
7e76a5a5
7e77a5a5
7e78a5a5
7e79a5a5
7e7aa5a5
7e7ba5a5
7e7ca5a5
7e7da5a5
7e7ea5a5
7e7fa5a5
7e80a5a5
7e81a5a5
7e82a5a5
7e83a5a5
7e84a5a5
7e85a5a5
7e86a5a5
7e87a5a5
7e88a5a5
7e89a5a5
7e8aa5a5
7e8ba5a5
7e8ca5a5
7e8da5a5
7e8ea5a5
7e8fa5a5
7e90a5a5
7e91a5a5
7e92a5a5
7e93a5a5
7e94a5a5
7e95a5a5
7e96a5a5
7e97a5a5
7e98a5a5
7e99a5a5
7e9aa5a5
7e9ba5a5
7e9ca5a5
7e9da5a5
7e9ea5a5
7e9fa5a5
7ea0a5a5
7ea1a5a5
7ea2a5a5
7ea3a5a5
7ea4a5a5
7ea5a5a5
7ea6a5a5
7ea7a5a5
7ea8a5a5
7ea9a5a5
7eaaa5a5
7eaba5a5
7eaca5a5
7eada5a5
7eaea5a5
7eafa5a5
7eb0a5a5
7eb1a5a5
7eb2a5a5
7eb3a5a5
7eb4a5a5
7eb5a5a5
7eb6a5a5
7eb7a5a5
7eb8a5a5
7eb9a5a5
7ebaa5a5
7ebba5a5
7ebca5a5
7ebda5a5
7ebea5a5
7ebfa5a5
7ec0a5a5
7ec1a5a5
7ec2a5a5
7ec3a5a5
7ec4a5a5
7ec5a5a5
7ec6a5a5
7ec7a5a5
7ec8a5a5
7ec9a5a5
7ecaa5a5
7ecba5a5
7ecca5a5
7ecda5a5
7ecea5a5
7ecfa5a5
7ed0a5a5
7ed1a5a5
7ed2a5a5
7ed3a5a5
7ed4a5a5
7ed5a5a5
7ed6a5a5
7ed7a5a5
7ed8a5a5
7ed9a5a5
7edaa5a5
7edba5a5
7edca5a5
7edda5a5
7edea5a5
7edfa5a5
7ee0a5a5
7ee1a5a5
7ee2a5a5
7ee3a5a5
7ee4a5a5
7ee5a5a5
7ee6a5a5
7ee7a5a5
7ee8a5a5
7ee9a5a5
7eeaa5a5
7eeba5a5
7eeca5a5
7eeda5a5
7eeea5a5
7eefa5a5
7ef0a5a5
7ef1a5a5
7ef2a5a5
7ef3a5a5
7ef4a5a5
7ef5a5a5
7ef6a5a5
7ef7a5a5
7ef8a5a5
7ef9a5a5
7efaa5a5
7efba5a5
7efca5a5
7efda5a5
7efea5a5
7effa5a5
7f00a5a5
7f01a5a5
7f02a5a5
7f03a5a5
7f04a5a5
7f05a5a5
7f06a5a5
7f07a5a5
7f08a5a5
7f09a5a5
7f0aa5a5
7f0ba5a5
7f0ca5a5
7f0da5a5
7f0ea5a5
7f0fa5a5
7f10a5a5
7f11a5a5
7f12a5a5
7f13a5a5
7f14a5a5
7f15a5a5
7f16a5a5
7f17a5a5
7f18a5a5
7f19a5a5
7f1aa5a5
7f1ba5a5
7f1ca5a5
7f1da5a5
7f1ea5a5
7f1fa5a5
7f20a5a5
7f21a5a5
7f22a5a5
7f23a5a5
7f24a5a5
7f25a5a5
7f26a5a5
7f27a5a5
7f28a5a5
7f29a5a5
7f2aa5a5
7f2ba5a5
7f2ca5a5
7f2da5a5
7f2ea5a5
7f2fa5a5
7f30a5a5
7f31a5a5
7f32a5a5
7f33a5a5
7f34a5a5
7f35a5a5
7f36a5a5
7f37a5a5
7f38a5a5
7f39a5a5
7f3aa5a5
7f3ba5a5
7f3ca5a5
7f3da5a5
7f3ea5a5
7f3fa5a5
7f40a5a5
7f41a5a5
7f42a5a5
7f43a5a5
7f44a5a5
7f45a5a5
7f46a5a5
7f47a5a5
7f48a5a5
7f49a5a5
7f4aa5a5
7f4ba5a5
7f4ca5a5
7f4da5a5
7f4ea5a5
7f4fa5a5
7f50a5a5
7f51a5a5
7f52a5a5
7f53a5a5
7f54a5a5
7f55a5a5
7f56a5a5
7f57a5a5
7f58a5a5
7f59a5a5
7f5aa5a5
7f5ba5a5
7f5ca5a5
7f5da5a5
7f5ea5a5
7f5fa5a5
7f60a5a5
7f61a5a5
7f62a5a5
7f63a5a5
7f64a5a5
7f65a5a5
7f66a5a5
7f67a5a5
7f68a5a5
7f69a5a5
7f6aa5a5
7f6ba5a5
7f6ca5a5
7f6da5a5
7f6ea5a5
7f6fa5a5
7f70a5a5
7f71a5a5
7f72a5a5
7f73a5a5
7f74a5a5
7f75a5a5
7f76a5a5
7f77a5a5
7f78a5a5
7f79a5a5
7f7aa5a5
7f7ba5a5
7f7ca5a5
7f7da5a5
7f7ea5a5
7f7fa5a5
7f80a5a5
7f81a5a5
7f82a5a5
7f83a5a5
7f84a5a5
7f85a5a5
7f86a5a5
7f87a5a5
7f88a5a5
7f89a5a5
7f8aa5a5
7f8ba5a5
7f8ca5a5
7f8da5a5
7f8ea5a5
7f8fa5a5
7f90a5a5
7f91a5a5
7f92a5a5
7f93a5a5
7f94a5a5
7f95a5a5
7f96a5a5
7f97a5a5
7f98a5a5
7f99a5a5
7f9aa5a5
7f9ba5a5
7f9ca5a5
7f9da5a5
7f9ea5a5
7f9fa5a5
7fa0a5a5
7fa1a5a5
7fa2a5a5
7fa3a5a5
7fa4a5a5
7fa5a5a5
7fa6a5a5
7fa7a5a5
7fa8a5a5
7fa9a5a5
7faaa5a5
7faba5a5
7faca5a5
7fada5a5
7faea5a5
7fafa5a5
7fb0a5a5
7fb1a5a5
7fb2a5a5
7fb3a5a5
7fb4a5a5
7fb5a5a5
7fb6a5a5
7fb7a5a5
7fb8a5a5
7fb9a5a5
7fbaa5a5
7fbba5a5
7fbca5a5
7fbda5a5
7fbea5a5
7fbfa5a5
7fc0a5a5
7fc1a5a5
7fc2a5a5
7fc3a5a5
7fc4a5a5
7fc5a5a5
7fc6a5a5
7fc7a5a5
7fc8a5a5
7fc9a5a5
7fcaa5a5
7fcba5a5
7fcca5a5
7fcda5a5
7fcea5a5
7fcfa5a5
7fd0a5a5
7fd1a5a5
7fd2a5a5
7fd3a5a5
7fd4a5a5
7fd5a5a5
7fd6a5a5
7fd7a5a5
7fd8a5a5
7fd9a5a5
7fdaa5a5
7fdba5a5
7fdca5a5
7fdda5a5
7fdea5a5
7fdfa5a5
7fe0a5a5
7fe1a5a5
7fe2a5a5
7fe3a5a5
7fe4a5a5
7fe5a5a5
7fe6a5a5
7fe7a5a5
7fe8a5a5
7fe9a5a5
7feaa5a5
7feba5a5
7feca5a5
7feda5a5
7feea5a5
7fefa5a5
7ff0a5a5
7ff1a5a5
7ff2a5a5
7ff3a5a5
7ff4a5a5
7ff5a5a5
7ff6a5a5
7ff7a5a5
7ff8a5a5
7ff9a5a5
7ffaa5a5
7ffba5a5
7ffca5a5
7ffda5a5
7ffea5a5
7fffa5a5
8000a5a5
8001a5a5
8002a5a5
8003a5a5
8004a5a5
8005a5a5
8006a5a5
8007a5a5
8008a5a5
8009a5a5
800aa5a5
800ba5a5
800ca5a5
800da5a5
800ea5a5
800fa5a5
8010a5a5
8011a5a5
8012a5a5
8013a5a5
8014a5a5
8015a5a5
8016a5a5
8017a5a5
8018a5a5
8019a5a5
801aa5a5
801ba5a5
801ca5a5
801da5a5
801ea5a5
801fa5a5
8020a5a5
8021a5a5
8022a5a5
8023a5a5
8024a5a5
8025a5a5
8026a5a5
8027a5a5
8028a5a5
8029a5a5
802aa5a5
802ba5a5
802ca5a5
802da5a5
802ea5a5
802fa5a5
8030a5a5
8031a5a5
8032a5a5
8033a5a5
8034a5a5
8035a5a5
8036a5a5
8037a5a5
8038a5a5
8039a5a5
803aa5a5
803ba5a5
803ca5a5
803da5a5
803ea5a5
803fa5a5
8040a5a5
8041a5a5
8042a5a5
8043a5a5
8044a5a5
8045a5a5
8046a5a5
8047a5a5
8048a5a5
8049a5a5
804aa5a5
804ba5a5
804ca5a5
804da5a5
804ea5a5
804fa5a5
8050a5a5
8051a5a5
8052a5a5
8053a5a5
8054a5a5
8055a5a5
8056a5a5
8057a5a5
8058a5a5
8059a5a5
805aa5a5
805ba5a5
805ca5a5
805da5a5
805ea5a5
805fa5a5
8060a5a5
8061a5a5
8062a5a5
8063a5a5
8064a5a5
8065a5a5
8066a5a5
8067a5a5
8068a5a5
8069a5a5
806aa5a5
806ba5a5
806ca5a5
806da5a5
806ea5a5
806fa5a5
8070a5a5
8071a5a5
8072a5a5
8073a5a5
8074a5a5
8075a5a5
8076a5a5
8077a5a5
8078a5a5
8079a5a5
807aa5a5
807ba5a5
807ca5a5
807da5a5
807ea5a5
807fa5a5
8080a5a5
8081a5a5
8082a5a5
8083a5a5
8084a5a5
8085a5a5
8086a5a5
8087a5a5
8088a5a5
8089a5a5
808aa5a5
808ba5a5
808ca5a5
808da5a5
808ea5a5
808fa5a5
8090a5a5
8091a5a5
8092a5a5
8093a5a5
8094a5a5
8095a5a5
8096a5a5
8097a5a5
8098a5a5
8099a5a5
809aa5a5
809ba5a5
809ca5a5
809da5a5
809ea5a5
809fa5a5
80a0a5a5
80a1a5a5
80a2a5a5
80a3a5a5
80a4a5a5
80a5a5a5
80a6a5a5
80a7a5a5
80a8a5a5
80a9a5a5
80aaa5a5
80aba5a5
80aca5a5
80ada5a5
80aea5a5
80afa5a5
80b0a5a5
80b1a5a5
80b2a5a5
80b3a5a5
80b4a5a5
80b5a5a5
80b6a5a5
80b7a5a5
80b8a5a5
80b9a5a5
80baa5a5
80bba5a5
80bca5a5
80bda5a5
80bea5a5
80bfa5a5
80c0a5a5
80c1a5a5
80c2a5a5
80c3a5a5
80c4a5a5
80c5a5a5
80c6a5a5
80c7a5a5
80c8a5a5
80c9a5a5
80caa5a5
80cba5a5
80cca5a5
80cda5a5
80cea5a5
80cfa5a5
80d0a5a5
80d1a5a5
80d2a5a5
80d3a5a5
80d4a5a5
80d5a5a5
80d6a5a5
80d7a5a5
80d8a5a5
80d9a5a5
80daa5a5
80dba5a5
80dca5a5
80dda5a5
80dea5a5
80dfa5a5
80e0a5a5
80e1a5a5
80e2a5a5
80e3a5a5
80e4a5a5
80e5a5a5
80e6a5a5
80e7a5a5
80e8a5a5
80e9a5a5
80eaa5a5
80eba5a5
80eca5a5
80eda5a5
80eea5a5
80efa5a5
80f0a5a5
80f1a5a5
80f2a5a5
80f3a5a5
80f4a5a5
80f5a5a5
80f6a5a5
80f7a5a5
80f8a5a5
80f9a5a5
80faa5a5
80fba5a5
80fca5a5
80fda5a5
80fea5a5
80ffa5a5
8100a5a5
8101a5a5
8102a5a5
8103a5a5
8104a5a5
8105a5a5
8106a5a5
8107a5a5
8108a5a5
8109a5a5
810aa5a5
810ba5a5
810ca5a5
810da5a5
810ea5a5
810fa5a5
8110a5a5
8111a5a5
8112a5a5
8113a5a5
8114a5a5
8115a5a5
8116a5a5
8117a5a5
8118a5a5
8119a5a5
811aa5a5
811ba5a5
811ca5a5
811da5a5
811ea5a5
811fa5a5
8120a5a5
8121a5a5
8122a5a5
8123a5a5
8124a5a5
8125a5a5
8126a5a5
8127a5a5
8128a5a5
8129a5a5
812aa5a5
812ba5a5
812ca5a5
812da5a5
812ea5a5
812fa5a5
8130a5a5
8131a5a5
8132a5a5
8133a5a5
8134a5a5
8135a5a5
8136a5a5
8137a5a5
8138a5a5
8139a5a5
813aa5a5
813ba5a5
813ca5a5
813da5a5
813ea5a5
813fa5a5
8140a5a5
8141a5a5
8142a5a5
8143a5a5
8144a5a5
8145a5a5
8146a5a5
8147a5a5
8148a5a5
8149a5a5
814aa5a5
814ba5a5
814ca5a5
814da5a5
814ea5a5
814fa5a5
8150a5a5
8151a5a5
8152a5a5
8153a5a5
8154a5a5
8155a5a5
8156a5a5
8157a5a5
8158a5a5
8159a5a5
815aa5a5
815ba5a5
815ca5a5
815da5a5
815ea5a5
815fa5a5
8160a5a5
8161a5a5
8162a5a5
8163a5a5
8164a5a5
8165a5a5
8166a5a5
8167a5a5
8168a5a5
8169a5a5
816aa5a5
816ba5a5
816ca5a5
816da5a5
816ea5a5
816fa5a5
8170a5a5
8171a5a5
8172a5a5
8173a5a5
8174a5a5
8175a5a5
8176a5a5
8177a5a5
8178a5a5
8179a5a5
817aa5a5
817ba5a5
817ca5a5
817da5a5
817ea5a5
817fa5a5
8180a5a5
8181a5a5
8182a5a5
8183a5a5
8184a5a5
8185a5a5
8186a5a5
8187a5a5
8188a5a5
8189a5a5
818aa5a5
818ba5a5
818ca5a5
818da5a5
818ea5a5
818fa5a5
8190a5a5
8191a5a5
8192a5a5
8193a5a5
8194a5a5
8195a5a5
8196a5a5
8197a5a5
8198a5a5
8199a5a5
819aa5a5
819ba5a5
819ca5a5
819da5a5
819ea5a5
819fa5a5
81a0a5a5
81a1a5a5
81a2a5a5
81a3a5a5
81a4a5a5
81a5a5a5
81a6a5a5
81a7a5a5
81a8a5a5
81a9a5a5
81aaa5a5
81aba5a5
81aca5a5
81ada5a5
81aea5a5
81afa5a5
81b0a5a5
81b1a5a5
81b2a5a5
81b3a5a5
81b4a5a5
81b5a5a5
81b6a5a5
81b7a5a5
81b8a5a5
81b9a5a5
81baa5a5
81bba5a5
81bca5a5
81bda5a5
81bea5a5
81bfa5a5
81c0a5a5
81c1a5a5
81c2a5a5
81c3a5a5
81c4a5a5
81c5a5a5
81c6a5a5
81c7a5a5
81c8a5a5
81c9a5a5
81caa5a5
81cba5a5
81cca5a5
81cda5a5
81cea5a5
81cfa5a5
81d0a5a5
81d1a5a5
81d2a5a5
81d3a5a5
81d4a5a5
81d5a5a5
81d6a5a5
81d7a5a5
81d8a5a5
81d9a5a5
81daa5a5
81dba5a5
81dca5a5
81dda5a5
81dea5a5
81dfa5a5
81e0a5a5
81e1a5a5
81e2a5a5
81e3a5a5
81e4a5a5
81e5a5a5
81e6a5a5
81e7a5a5
81e8a5a5
81e9a5a5
81eaa5a5
81eba5a5
81eca5a5
81eda5a5
81eea5a5
81efa5a5
81f0a5a5
81f1a5a5
81f2a5a5
81f3a5a5
81f4a5a5
81f5a5a5
81f6a5a5
81f7a5a5
81f8a5a5
81f9a5a5
81faa5a5
81fba5a5
81fca5a5
81fda5a5
81fea5a5
81ffa5a5
8200a5a5
8201a5a5
8202a5a5
8203a5a5
8204a5a5
8205a5a5
8206a5a5
8207a5a5
8208a5a5
8209a5a5
820aa5a5
820ba5a5
820ca5a5
820da5a5
820ea5a5
820fa5a5
8210a5a5
8211a5a5
8212a5a5
8213a5a5
8214a5a5
8215a5a5
8216a5a5
8217a5a5
8218a5a5
8219a5a5
821aa5a5
821ba5a5
821ca5a5
821da5a5
821ea5a5
821fa5a5
8220a5a5
8221a5a5
8222a5a5
8223a5a5
8224a5a5
8225a5a5
8226a5a5
8227a5a5
8228a5a5
8229a5a5
822aa5a5
822ba5a5
822ca5a5
822da5a5
822ea5a5
822fa5a5
8230a5a5
8231a5a5
8232a5a5
8233a5a5
8234a5a5
8235a5a5
8236a5a5
8237a5a5
8238a5a5
8239a5a5
823aa5a5
823ba5a5
823ca5a5
823da5a5
823ea5a5
823fa5a5
8240a5a5
8241a5a5
8242a5a5
8243a5a5
8244a5a5
8245a5a5
8246a5a5
8247a5a5
8248a5a5
8249a5a5
824aa5a5
824ba5a5
824ca5a5
824da5a5
824ea5a5
824fa5a5
8250a5a5
8251a5a5
8252a5a5
8253a5a5
8254a5a5
8255a5a5
8256a5a5
8257a5a5
8258a5a5
8259a5a5
825aa5a5
825ba5a5
825ca5a5
825da5a5
825ea5a5
825fa5a5
8260a5a5
8261a5a5
8262a5a5
8263a5a5
8264a5a5
8265a5a5
8266a5a5
8267a5a5
8268a5a5
8269a5a5
826aa5a5
826ba5a5
826ca5a5
826da5a5
826ea5a5
826fa5a5
8270a5a5
8271a5a5
8272a5a5
8273a5a5
8274a5a5
8275a5a5
8276a5a5
8277a5a5
8278a5a5
8279a5a5
827aa5a5
827ba5a5
827ca5a5
827da5a5
827ea5a5
827fa5a5
8280a5a5
8281a5a5
8282a5a5
8283a5a5
8284a5a5
8285a5a5
8286a5a5
8287a5a5
8288a5a5
8289a5a5
828aa5a5
828ba5a5
828ca5a5
828da5a5
828ea5a5
828fa5a5
8290a5a5
8291a5a5
8292a5a5
8293a5a5
8294a5a5
8295a5a5
8296a5a5
8297a5a5
8298a5a5
8299a5a5
829aa5a5
829ba5a5
829ca5a5
829da5a5
829ea5a5
829fa5a5
82a0a5a5
82a1a5a5
82a2a5a5
82a3a5a5
82a4a5a5
82a5a5a5
82a6a5a5
82a7a5a5
82a8a5a5
82a9a5a5
82aaa5a5
82aba5a5
82aca5a5
82ada5a5
82aea5a5
82afa5a5
82b0a5a5
82b1a5a5
82b2a5a5
82b3a5a5
82b4a5a5
82b5a5a5
82b6a5a5
82b7a5a5
82b8a5a5
82b9a5a5
82baa5a5
82bba5a5
82bca5a5
82bda5a5
82bea5a5
82bfa5a5
82c0a5a5
82c1a5a5
82c2a5a5
82c3a5a5
82c4a5a5
82c5a5a5
82c6a5a5
82c7a5a5
82c8a5a5
82c9a5a5
82caa5a5
82cba5a5
82cca5a5
82cda5a5
82cea5a5
82cfa5a5
82d0a5a5
82d1a5a5
82d2a5a5
82d3a5a5
82d4a5a5
82d5a5a5
82d6a5a5
82d7a5a5
82d8a5a5
82d9a5a5
82daa5a5
82dba5a5
82dca5a5
82dda5a5
82dea5a5
82dfa5a5
82e0a5a5
82e1a5a5
82e2a5a5
82e3a5a5
82e4a5a5
82e5a5a5
82e6a5a5
82e7a5a5
82e8a5a5
82e9a5a5
82eaa5a5
82eba5a5
82eca5a5
82eda5a5
82eea5a5
82efa5a5
82f0a5a5
82f1a5a5
82f2a5a5
82f3a5a5
82f4a5a5
82f5a5a5
82f6a5a5
82f7a5a5
82f8a5a5
82f9a5a5
82faa5a5
82fba5a5
82fca5a5
82fda5a5
82fea5a5
82ffa5a5
8300a5a5
8301a5a5
8302a5a5
8303a5a5
8304a5a5
8305a5a5
8306a5a5
8307a5a5
8308a5a5
8309a5a5
830aa5a5
830ba5a5
830ca5a5
830da5a5
830ea5a5
830fa5a5
8310a5a5
8311a5a5
8312a5a5
8313a5a5
8314a5a5
8315a5a5
8316a5a5
8317a5a5
8318a5a5
8319a5a5
831aa5a5
831ba5a5
831ca5a5
831da5a5
831ea5a5
831fa5a5
8320a5a5
8321a5a5
8322a5a5
8323a5a5
8324a5a5
8325a5a5
8326a5a5
8327a5a5
8328a5a5
8329a5a5
832aa5a5
832ba5a5
832ca5a5
832da5a5
832ea5a5
832fa5a5
8330a5a5
8331a5a5
8332a5a5
8333a5a5
8334a5a5
8335a5a5
8336a5a5
8337a5a5
8338a5a5
8339a5a5
833aa5a5
833ba5a5
833ca5a5
833da5a5
833ea5a5
833fa5a5
8340a5a5
8341a5a5
8342a5a5
8343a5a5
8344a5a5
8345a5a5
8346a5a5
8347a5a5
8348a5a5
8349a5a5
834aa5a5
834ba5a5
834ca5a5
834da5a5
834ea5a5
834fa5a5
8350a5a5
8351a5a5
8352a5a5
8353a5a5
8354a5a5
8355a5a5
8356a5a5
8357a5a5
8358a5a5
8359a5a5
835aa5a5
835ba5a5
835ca5a5
835da5a5
835ea5a5
835fa5a5
8360a5a5
8361a5a5
8362a5a5
8363a5a5
8364a5a5
8365a5a5
8366a5a5
8367a5a5
8368a5a5
8369a5a5
836aa5a5
836ba5a5
836ca5a5
836da5a5
836ea5a5
836fa5a5
8370a5a5
8371a5a5
8372a5a5
8373a5a5
8374a5a5
8375a5a5
8376a5a5
8377a5a5
8378a5a5
8379a5a5
837aa5a5
837ba5a5
837ca5a5
837da5a5
837ea5a5
837fa5a5
8380a5a5
8381a5a5
8382a5a5
8383a5a5
8384a5a5
8385a5a5
8386a5a5
8387a5a5
8388a5a5
8389a5a5
838aa5a5
838ba5a5
838ca5a5
838da5a5
838ea5a5
838fa5a5
8390a5a5
8391a5a5
8392a5a5
8393a5a5
8394a5a5
8395a5a5
8396a5a5
8397a5a5
8398a5a5
8399a5a5
839aa5a5
839ba5a5
839ca5a5
839da5a5
839ea5a5
839fa5a5
83a0a5a5
83a1a5a5
83a2a5a5
83a3a5a5
83a4a5a5
83a5a5a5
83a6a5a5
83a7a5a5
83a8a5a5
83a9a5a5
83aaa5a5
83aba5a5
83aca5a5
83ada5a5
83aea5a5
83afa5a5
83b0a5a5
83b1a5a5
83b2a5a5
83b3a5a5
83b4a5a5
83b5a5a5
83b6a5a5
83b7a5a5
83b8a5a5
83b9a5a5
83baa5a5
83bba5a5
83bca5a5
83bda5a5
83bea5a5
83bfa5a5
83c0a5a5
83c1a5a5
83c2a5a5
83c3a5a5
83c4a5a5
83c5a5a5
83c6a5a5
83c7a5a5
83c8a5a5
83c9a5a5
83caa5a5
83cba5a5
83cca5a5
83cda5a5
83cea5a5
83cfa5a5
83d0a5a5
83d1a5a5
83d2a5a5
83d3a5a5
83d4a5a5
83d5a5a5
83d6a5a5
83d7a5a5
83d8a5a5
83d9a5a5
83daa5a5
83dba5a5
83dca5a5
83dda5a5
83dea5a5
83dfa5a5
83e0a5a5
83e1a5a5
83e2a5a5
83e3a5a5
83e4a5a5
83e5a5a5
83e6a5a5
83e7a5a5
83e8a5a5
83e9a5a5
83eaa5a5
83eba5a5
83eca5a5
83eda5a5
83eea5a5
83efa5a5
83f0a5a5
83f1a5a5
83f2a5a5
83f3a5a5
83f4a5a5
83f5a5a5
83f6a5a5
83f7a5a5
83f8a5a5
83f9a5a5
83faa5a5
83fba5a5
83fca5a5
83fda5a5
83fea5a5
83ffa5a5
8400a5a5
8401a5a5
8402a5a5
8403a5a5
8404a5a5
8405a5a5
8406a5a5
8407a5a5
8408a5a5
8409a5a5
840aa5a5
840ba5a5
840ca5a5
840da5a5
840ea5a5
840fa5a5
8410a5a5
8411a5a5
8412a5a5
8413a5a5
8414a5a5
8415a5a5
8416a5a5
8417a5a5
8418a5a5
8419a5a5
841aa5a5
841ba5a5
841ca5a5
841da5a5
841ea5a5
841fa5a5
8420a5a5
8421a5a5
8422a5a5
8423a5a5
8424a5a5
8425a5a5
8426a5a5
8427a5a5
8428a5a5
8429a5a5
842aa5a5
842ba5a5
842ca5a5
842da5a5
842ea5a5
842fa5a5
8430a5a5
8431a5a5
8432a5a5
8433a5a5
8434a5a5
8435a5a5
8436a5a5
8437a5a5
8438a5a5
8439a5a5
843aa5a5
843ba5a5
843ca5a5
843da5a5
843ea5a5
843fa5a5
8440a5a5
8441a5a5
8442a5a5
8443a5a5
8444a5a5
8445a5a5
8446a5a5
8447a5a5
8448a5a5
8449a5a5
844aa5a5
844ba5a5
844ca5a5
844da5a5
844ea5a5
844fa5a5
8450a5a5
8451a5a5
8452a5a5
8453a5a5
8454a5a5
8455a5a5
8456a5a5
8457a5a5
8458a5a5
8459a5a5
845aa5a5
845ba5a5
845ca5a5
845da5a5
845ea5a5
845fa5a5
8460a5a5
8461a5a5
8462a5a5
8463a5a5
8464a5a5
8465a5a5
8466a5a5
8467a5a5
8468a5a5
8469a5a5
846aa5a5
846ba5a5
846ca5a5
846da5a5
846ea5a5
846fa5a5
8470a5a5
8471a5a5
8472a5a5
8473a5a5
8474a5a5
8475a5a5
8476a5a5
8477a5a5
8478a5a5
8479a5a5
847aa5a5
847ba5a5
847ca5a5
847da5a5
847ea5a5
847fa5a5
8480a5a5
8481a5a5
8482a5a5
8483a5a5
8484a5a5
8485a5a5
8486a5a5
8487a5a5
8488a5a5
8489a5a5
848aa5a5
848ba5a5
848ca5a5
848da5a5
848ea5a5
848fa5a5
8490a5a5
8491a5a5
8492a5a5
8493a5a5
8494a5a5
8495a5a5
8496a5a5
8497a5a5
8498a5a5
8499a5a5
849aa5a5
849ba5a5
849ca5a5
849da5a5
849ea5a5
849fa5a5
84a0a5a5
84a1a5a5
84a2a5a5
84a3a5a5
84a4a5a5
84a5a5a5
84a6a5a5
84a7a5a5
84a8a5a5
84a9a5a5
84aaa5a5
84aba5a5
84aca5a5
84ada5a5
84aea5a5
84afa5a5
84b0a5a5
84b1a5a5
84b2a5a5
84b3a5a5
84b4a5a5
84b5a5a5
84b6a5a5
84b7a5a5
84b8a5a5
84b9a5a5
84baa5a5
84bba5a5
84bca5a5
84bda5a5
84bea5a5
84bfa5a5
84c0a5a5
84c1a5a5
84c2a5a5
84c3a5a5
84c4a5a5
84c5a5a5
84c6a5a5
84c7a5a5
84c8a5a5
84c9a5a5
84caa5a5
84cba5a5
84cca5a5
84cda5a5
84cea5a5
84cfa5a5
84d0a5a5
84d1a5a5
84d2a5a5
84d3a5a5
84d4a5a5
84d5a5a5
84d6a5a5
84d7a5a5
84d8a5a5
84d9a5a5
84daa5a5
84dba5a5
84dca5a5
84dda5a5
84dea5a5
84dfa5a5
84e0a5a5
84e1a5a5
84e2a5a5
84e3a5a5
84e4a5a5
84e5a5a5
84e6a5a5
84e7a5a5
84e8a5a5
84e9a5a5
84eaa5a5
84eba5a5
84eca5a5
84eda5a5
84eea5a5
84efa5a5
84f0a5a5
84f1a5a5
84f2a5a5
84f3a5a5
84f4a5a5
84f5a5a5
84f6a5a5
84f7a5a5
84f8a5a5
84f9a5a5
84faa5a5
84fba5a5
84fca5a5
84fda5a5
84fea5a5
84ffa5a5
8500a5a5
8501a5a5
8502a5a5
8503a5a5
8504a5a5
8505a5a5
8506a5a5
8507a5a5
8508a5a5
8509a5a5
850aa5a5
850ba5a5
850ca5a5
850da5a5
850ea5a5
850fa5a5
8510a5a5
8511a5a5
8512a5a5
8513a5a5
8514a5a5
8515a5a5
8516a5a5
8517a5a5
8518a5a5
8519a5a5
851aa5a5
851ba5a5
851ca5a5
851da5a5
851ea5a5
851fa5a5
8520a5a5
8521a5a5
8522a5a5
8523a5a5
8524a5a5
8525a5a5
8526a5a5
8527a5a5
8528a5a5
8529a5a5
852aa5a5
852ba5a5
852ca5a5
852da5a5
852ea5a5
852fa5a5
8530a5a5
8531a5a5
8532a5a5
8533a5a5
8534a5a5
8535a5a5
8536a5a5
8537a5a5
8538a5a5
8539a5a5
853aa5a5
853ba5a5
853ca5a5
853da5a5
853ea5a5
853fa5a5
8540a5a5
8541a5a5
8542a5a5
8543a5a5
8544a5a5
8545a5a5
8546a5a5
8547a5a5
8548a5a5
8549a5a5
854aa5a5
854ba5a5
854ca5a5
854da5a5
854ea5a5
854fa5a5
8550a5a5
8551a5a5
8552a5a5
8553a5a5
8554a5a5
8555a5a5
8556a5a5
8557a5a5
8558a5a5
8559a5a5
855aa5a5
855ba5a5
855ca5a5
855da5a5
855ea5a5
855fa5a5
8560a5a5
8561a5a5
8562a5a5
8563a5a5
8564a5a5
8565a5a5
8566a5a5
8567a5a5
8568a5a5
8569a5a5
856aa5a5
856ba5a5
856ca5a5
856da5a5
856ea5a5
856fa5a5
8570a5a5
8571a5a5
8572a5a5
8573a5a5
8574a5a5
8575a5a5
8576a5a5
8577a5a5
8578a5a5
8579a5a5
857aa5a5
857ba5a5
857ca5a5
857da5a5
857ea5a5
857fa5a5
8580a5a5
8581a5a5
8582a5a5
8583a5a5
8584a5a5
8585a5a5
8586a5a5
8587a5a5
8588a5a5
8589a5a5
858aa5a5
858ba5a5
858ca5a5
858da5a5
858ea5a5
858fa5a5
8590a5a5
8591a5a5
8592a5a5
8593a5a5
8594a5a5
8595a5a5
8596a5a5
8597a5a5
8598a5a5
8599a5a5
859aa5a5
859ba5a5
859ca5a5
859da5a5
859ea5a5
859fa5a5
85a0a5a5
85a1a5a5
85a2a5a5
85a3a5a5
85a4a5a5
85a5a5a5
85a6a5a5
85a7a5a5
85a8a5a5
85a9a5a5
85aaa5a5
85aba5a5
85aca5a5
85ada5a5
85aea5a5
85afa5a5
85b0a5a5
85b1a5a5
85b2a5a5
85b3a5a5
85b4a5a5
85b5a5a5
85b6a5a5
85b7a5a5
85b8a5a5
85b9a5a5
85baa5a5
85bba5a5
85bca5a5
85bda5a5
85bea5a5
85bfa5a5
85c0a5a5
85c1a5a5
85c2a5a5
85c3a5a5
85c4a5a5
85c5a5a5
85c6a5a5
85c7a5a5
85c8a5a5
85c9a5a5
85caa5a5
85cba5a5
85cca5a5
85cda5a5
85cea5a5
85cfa5a5
85d0a5a5
85d1a5a5
85d2a5a5
85d3a5a5
85d4a5a5
85d5a5a5
85d6a5a5
85d7a5a5
85d8a5a5
85d9a5a5
85daa5a5
85dba5a5
85dca5a5
85dda5a5
85dea5a5
85dfa5a5
85e0a5a5
85e1a5a5
85e2a5a5
85e3a5a5
85e4a5a5
85e5a5a5
85e6a5a5
85e7a5a5
85e8a5a5
85e9a5a5
85eaa5a5
85eba5a5
85eca5a5
85eda5a5
85eea5a5
85efa5a5
85f0a5a5
85f1a5a5
85f2a5a5
85f3a5a5
85f4a5a5
85f5a5a5
85f6a5a5
85f7a5a5
85f8a5a5
85f9a5a5
85faa5a5
85fba5a5
85fca5a5
85fda5a5
85fea5a5
85ffa5a5
8600a5a5
8601a5a5
8602a5a5
8603a5a5
8604a5a5
8605a5a5
8606a5a5
8607a5a5
8608a5a5
8609a5a5
860aa5a5
860ba5a5
860ca5a5
860da5a5
860ea5a5
860fa5a5
8610a5a5
8611a5a5
8612a5a5
8613a5a5
8614a5a5
8615a5a5
8616a5a5
8617a5a5
8618a5a5
8619a5a5
861aa5a5
861ba5a5
861ca5a5
861da5a5
861ea5a5
861fa5a5
8620a5a5
8621a5a5
8622a5a5
8623a5a5
8624a5a5
8625a5a5
8626a5a5
8627a5a5
8628a5a5
8629a5a5
862aa5a5
862ba5a5
862ca5a5
862da5a5
862ea5a5
862fa5a5
8630a5a5
8631a5a5
8632a5a5
8633a5a5
8634a5a5
8635a5a5
8636a5a5
8637a5a5
8638a5a5
8639a5a5
863aa5a5
863ba5a5
863ca5a5
863da5a5
863ea5a5
863fa5a5
8640a5a5
8641a5a5
8642a5a5
8643a5a5
8644a5a5
8645a5a5
8646a5a5
8647a5a5
8648a5a5
8649a5a5
864aa5a5
864ba5a5
864ca5a5
864da5a5
864ea5a5
864fa5a5
8650a5a5
8651a5a5
8652a5a5
8653a5a5
8654a5a5
8655a5a5
8656a5a5
8657a5a5
8658a5a5
8659a5a5
865aa5a5
865ba5a5
865ca5a5
865da5a5
865ea5a5
865fa5a5
8660a5a5
8661a5a5
8662a5a5
8663a5a5
8664a5a5
8665a5a5
8666a5a5
8667a5a5
8668a5a5
8669a5a5
866aa5a5
866ba5a5
866ca5a5
866da5a5
866ea5a5
866fa5a5
8670a5a5
8671a5a5
8672a5a5
8673a5a5
8674a5a5
8675a5a5
8676a5a5
8677a5a5
8678a5a5
8679a5a5
867aa5a5
867ba5a5
867ca5a5
867da5a5
867ea5a5
867fa5a5
8680a5a5
8681a5a5
8682a5a5
8683a5a5
8684a5a5
8685a5a5
8686a5a5
8687a5a5
8688a5a5
8689a5a5
868aa5a5
868ba5a5
868ca5a5
868da5a5
868ea5a5
868fa5a5
8690a5a5
8691a5a5
8692a5a5
8693a5a5
8694a5a5
8695a5a5
8696a5a5
8697a5a5
8698a5a5
8699a5a5
869aa5a5
869ba5a5
869ca5a5
869da5a5
869ea5a5
869fa5a5
86a0a5a5
86a1a5a5
86a2a5a5
86a3a5a5
86a4a5a5
86a5a5a5
86a6a5a5
86a7a5a5
86a8a5a5
86a9a5a5
86aaa5a5
86aba5a5
86aca5a5
86ada5a5
86aea5a5
86afa5a5
86b0a5a5
86b1a5a5
86b2a5a5
86b3a5a5
86b4a5a5
86b5a5a5
86b6a5a5
86b7a5a5
86b8a5a5
86b9a5a5
86baa5a5
86bba5a5
86bca5a5
86bda5a5
86bea5a5
86bfa5a5
86c0a5a5
86c1a5a5
86c2a5a5
86c3a5a5
86c4a5a5
86c5a5a5
86c6a5a5
86c7a5a5
86c8a5a5
86c9a5a5
86caa5a5
86cba5a5
86cca5a5
86cda5a5
86cea5a5
86cfa5a5
86d0a5a5
86d1a5a5
86d2a5a5
86d3a5a5
86d4a5a5
86d5a5a5
86d6a5a5
86d7a5a5
86d8a5a5
86d9a5a5
86daa5a5
86dba5a5
86dca5a5
86dda5a5
86dea5a5
86dfa5a5
86e0a5a5
86e1a5a5
86e2a5a5
86e3a5a5
86e4a5a5
86e5a5a5
86e6a5a5
86e7a5a5
86e8a5a5
86e9a5a5
86eaa5a5
86eba5a5
86eca5a5
86eda5a5
86eea5a5
86efa5a5
86f0a5a5
86f1a5a5
86f2a5a5
86f3a5a5
86f4a5a5
86f5a5a5
86f6a5a5
86f7a5a5
86f8a5a5
86f9a5a5
86faa5a5
86fba5a5
86fca5a5
86fda5a5
86fea5a5
86ffa5a5
8700a5a5
8701a5a5
8702a5a5
8703a5a5
8704a5a5
8705a5a5
8706a5a5
8707a5a5
8708a5a5
8709a5a5
870aa5a5
870ba5a5
870ca5a5
870da5a5
870ea5a5
870fa5a5
8710a5a5
8711a5a5
8712a5a5
8713a5a5
8714a5a5
8715a5a5
8716a5a5
8717a5a5
8718a5a5
8719a5a5
871aa5a5
871ba5a5
871ca5a5
871da5a5
871ea5a5
871fa5a5
8720a5a5
8721a5a5
8722a5a5
8723a5a5
8724a5a5
8725a5a5
8726a5a5
8727a5a5
8728a5a5
8729a5a5
872aa5a5
872ba5a5
872ca5a5
872da5a5
872ea5a5
872fa5a5
8730a5a5
8731a5a5
8732a5a5
8733a5a5
8734a5a5
8735a5a5
8736a5a5
8737a5a5
8738a5a5
8739a5a5
873aa5a5
873ba5a5
873ca5a5
873da5a5
873ea5a5
873fa5a5
8740a5a5
8741a5a5
8742a5a5
8743a5a5
8744a5a5
8745a5a5
8746a5a5
8747a5a5
8748a5a5
8749a5a5
874aa5a5
874ba5a5
874ca5a5
874da5a5
874ea5a5
874fa5a5
8750a5a5
8751a5a5
8752a5a5
8753a5a5
8754a5a5
8755a5a5
8756a5a5
8757a5a5
8758a5a5
8759a5a5
875aa5a5
875ba5a5
875ca5a5
875da5a5
875ea5a5
875fa5a5
8760a5a5
8761a5a5
8762a5a5
8763a5a5
8764a5a5
8765a5a5
8766a5a5
8767a5a5
8768a5a5
8769a5a5
876aa5a5
876ba5a5
876ca5a5
876da5a5
876ea5a5
876fa5a5
8770a5a5
8771a5a5
8772a5a5
8773a5a5
8774a5a5
8775a5a5
8776a5a5
8777a5a5
8778a5a5
8779a5a5
877aa5a5
877ba5a5
877ca5a5
877da5a5
877ea5a5
877fa5a5
8780a5a5
8781a5a5
8782a5a5
8783a5a5
8784a5a5
8785a5a5
8786a5a5
8787a5a5
8788a5a5
8789a5a5
878aa5a5
878ba5a5
878ca5a5
878da5a5
878ea5a5
878fa5a5
8790a5a5
8791a5a5
8792a5a5
8793a5a5
8794a5a5
8795a5a5
8796a5a5
8797a5a5
8798a5a5
8799a5a5
879aa5a5
879ba5a5
879ca5a5
879da5a5
879ea5a5
879fa5a5
87a0a5a5
87a1a5a5
87a2a5a5
87a3a5a5
87a4a5a5
87a5a5a5
87a6a5a5
87a7a5a5
87a8a5a5
87a9a5a5
87aaa5a5
87aba5a5
87aca5a5
87ada5a5
87aea5a5
87afa5a5
87b0a5a5
87b1a5a5
87b2a5a5
87b3a5a5
87b4a5a5
87b5a5a5
87b6a5a5
87b7a5a5
87b8a5a5
87b9a5a5
87baa5a5
87bba5a5
87bca5a5
87bda5a5
87bea5a5
87bfa5a5
87c0a5a5
87c1a5a5
87c2a5a5
87c3a5a5
87c4a5a5
87c5a5a5
87c6a5a5
87c7a5a5
87c8a5a5
87c9a5a5
87caa5a5
87cba5a5
87cca5a5
87cda5a5
87cea5a5
87cfa5a5
87d0a5a5
87d1a5a5
87d2a5a5
87d3a5a5
87d4a5a5
87d5a5a5
87d6a5a5
87d7a5a5
87d8a5a5
87d9a5a5
87daa5a5
87dba5a5
87dca5a5
87dda5a5
87dea5a5
87dfa5a5
87e0a5a5
87e1a5a5
87e2a5a5
87e3a5a5
87e4a5a5
87e5a5a5
87e6a5a5
87e7a5a5
87e8a5a5
87e9a5a5
87eaa5a5
87eba5a5
87eca5a5
87eda5a5
87eea5a5
87efa5a5
87f0a5a5
87f1a5a5
87f2a5a5
87f3a5a5
87f4a5a5
87f5a5a5
87f6a5a5
87f7a5a5
87f8a5a5
87f9a5a5
87faa5a5
87fba5a5
87fca5a5
87fda5a5
87fea5a5
87ffa5a5
8800a5a5
8801a5a5
8802a5a5
8803a5a5
8804a5a5
8805a5a5
8806a5a5
8807a5a5
8808a5a5
8809a5a5
880aa5a5
880ba5a5
880ca5a5
880da5a5
880ea5a5
880fa5a5
8810a5a5
8811a5a5
8812a5a5
8813a5a5
8814a5a5
8815a5a5
8816a5a5
8817a5a5
8818a5a5
8819a5a5
881aa5a5
881ba5a5
881ca5a5
881da5a5
881ea5a5
881fa5a5
8820a5a5
8821a5a5
8822a5a5
8823a5a5
8824a5a5
8825a5a5
8826a5a5
8827a5a5
8828a5a5
8829a5a5
882aa5a5
882ba5a5
882ca5a5
882da5a5
882ea5a5
882fa5a5
8830a5a5
8831a5a5
8832a5a5
8833a5a5
8834a5a5
8835a5a5
8836a5a5
8837a5a5
8838a5a5
8839a5a5
883aa5a5
883ba5a5
883ca5a5
883da5a5
883ea5a5
883fa5a5
8840a5a5
8841a5a5
8842a5a5
8843a5a5
8844a5a5
8845a5a5
8846a5a5
8847a5a5
8848a5a5
8849a5a5
884aa5a5
884ba5a5
884ca5a5
884da5a5
884ea5a5
884fa5a5
8850a5a5
8851a5a5
8852a5a5
8853a5a5
8854a5a5
8855a5a5
8856a5a5
8857a5a5
8858a5a5
8859a5a5
885aa5a5
885ba5a5
885ca5a5
885da5a5
885ea5a5
885fa5a5
8860a5a5
8861a5a5
8862a5a5
8863a5a5
8864a5a5
8865a5a5
8866a5a5
8867a5a5
8868a5a5
8869a5a5
886aa5a5
886ba5a5
886ca5a5
886da5a5
886ea5a5
886fa5a5
8870a5a5
8871a5a5
8872a5a5
8873a5a5
8874a5a5
8875a5a5
8876a5a5
8877a5a5
8878a5a5
8879a5a5
887aa5a5
887ba5a5
887ca5a5
887da5a5
887ea5a5
887fa5a5
8880a5a5
8881a5a5
8882a5a5
8883a5a5
8884a5a5
8885a5a5
8886a5a5
8887a5a5
8888a5a5
8889a5a5
888aa5a5
888ba5a5
888ca5a5
888da5a5
888ea5a5
888fa5a5
8890a5a5
8891a5a5
8892a5a5
8893a5a5
8894a5a5
8895a5a5
8896a5a5
8897a5a5
8898a5a5
8899a5a5
889aa5a5
889ba5a5
889ca5a5
889da5a5
889ea5a5
889fa5a5
88a0a5a5
88a1a5a5
88a2a5a5
88a3a5a5
88a4a5a5
88a5a5a5
88a6a5a5
88a7a5a5
88a8a5a5
88a9a5a5
88aaa5a5
88aba5a5
88aca5a5
88ada5a5
88aea5a5
88afa5a5
88b0a5a5
88b1a5a5
88b2a5a5
88b3a5a5
88b4a5a5
88b5a5a5
88b6a5a5
88b7a5a5
88b8a5a5
88b9a5a5
88baa5a5
88bba5a5
88bca5a5
88bda5a5
88bea5a5
88bfa5a5
88c0a5a5
88c1a5a5
88c2a5a5
88c3a5a5
88c4a5a5
88c5a5a5
88c6a5a5
88c7a5a5
88c8a5a5
88c9a5a5
88caa5a5
88cba5a5
88cca5a5
88cda5a5
88cea5a5
88cfa5a5
88d0a5a5
88d1a5a5
88d2a5a5
88d3a5a5
88d4a5a5
88d5a5a5
88d6a5a5
88d7a5a5
88d8a5a5
88d9a5a5
88daa5a5
88dba5a5
88dca5a5
88dda5a5
88dea5a5
88dfa5a5
88e0a5a5
88e1a5a5
88e2a5a5
88e3a5a5
88e4a5a5
88e5a5a5
88e6a5a5
88e7a5a5
88e8a5a5
88e9a5a5
88eaa5a5
88eba5a5
88eca5a5
88eda5a5
88eea5a5
88efa5a5
88f0a5a5
88f1a5a5
88f2a5a5
88f3a5a5
88f4a5a5
88f5a5a5
88f6a5a5
88f7a5a5
88f8a5a5
88f9a5a5
88faa5a5
88fba5a5
88fca5a5
88fda5a5
88fea5a5
88ffa5a5
8900a5a5
8901a5a5
8902a5a5
8903a5a5
8904a5a5
8905a5a5
8906a5a5
8907a5a5
8908a5a5
8909a5a5
890aa5a5
890ba5a5
890ca5a5
890da5a5
890ea5a5
890fa5a5
8910a5a5
8911a5a5
8912a5a5
8913a5a5
8914a5a5
8915a5a5
8916a5a5
8917a5a5
8918a5a5
8919a5a5
891aa5a5
891ba5a5
891ca5a5
891da5a5
891ea5a5
891fa5a5
8920a5a5
8921a5a5
8922a5a5
8923a5a5
8924a5a5
8925a5a5
8926a5a5
8927a5a5
8928a5a5
8929a5a5
892aa5a5
892ba5a5
892ca5a5
892da5a5
892ea5a5
892fa5a5
8930a5a5
8931a5a5
8932a5a5
8933a5a5
8934a5a5
8935a5a5
8936a5a5
8937a5a5
8938a5a5
8939a5a5
893aa5a5
893ba5a5
893ca5a5
893da5a5
893ea5a5
893fa5a5
8940a5a5
8941a5a5
8942a5a5
8943a5a5
8944a5a5
8945a5a5
8946a5a5
8947a5a5
8948a5a5
8949a5a5
894aa5a5
894ba5a5
894ca5a5
894da5a5
894ea5a5
894fa5a5
8950a5a5
8951a5a5
8952a5a5
8953a5a5
8954a5a5
8955a5a5
8956a5a5
8957a5a5
8958a5a5
8959a5a5
895aa5a5
895ba5a5
895ca5a5
895da5a5
895ea5a5
895fa5a5
8960a5a5
8961a5a5
8962a5a5
8963a5a5
8964a5a5
8965a5a5
8966a5a5
8967a5a5
8968a5a5
8969a5a5
896aa5a5
896ba5a5
896ca5a5
896da5a5
896ea5a5
896fa5a5
8970a5a5
8971a5a5
8972a5a5
8973a5a5
8974a5a5
8975a5a5
8976a5a5
8977a5a5
8978a5a5
8979a5a5
897aa5a5
897ba5a5
897ca5a5
897da5a5
897ea5a5
897fa5a5
8980a5a5
8981a5a5
8982a5a5
8983a5a5
8984a5a5
8985a5a5
8986a5a5
8987a5a5
8988a5a5
8989a5a5
898aa5a5
898ba5a5
898ca5a5
898da5a5
898ea5a5
898fa5a5
8990a5a5
8991a5a5
8992a5a5
8993a5a5
8994a5a5
8995a5a5
8996a5a5
8997a5a5
8998a5a5
8999a5a5
899aa5a5
899ba5a5
899ca5a5
899da5a5
899ea5a5
899fa5a5
89a0a5a5
89a1a5a5
89a2a5a5
89a3a5a5
89a4a5a5
89a5a5a5
89a6a5a5
89a7a5a5
89a8a5a5
89a9a5a5
89aaa5a5
89aba5a5
89aca5a5
89ada5a5
89aea5a5
89afa5a5
89b0a5a5
89b1a5a5
89b2a5a5
89b3a5a5
89b4a5a5
89b5a5a5
89b6a5a5
89b7a5a5
89b8a5a5
89b9a5a5
89baa5a5
89bba5a5
89bca5a5
89bda5a5
89bea5a5
89bfa5a5
89c0a5a5
89c1a5a5
89c2a5a5
89c3a5a5
89c4a5a5
89c5a5a5
89c6a5a5
89c7a5a5
89c8a5a5
89c9a5a5
89caa5a5
89cba5a5
89cca5a5
89cda5a5
89cea5a5
89cfa5a5
89d0a5a5
89d1a5a5
89d2a5a5
89d3a5a5
89d4a5a5
89d5a5a5
89d6a5a5
89d7a5a5
89d8a5a5
89d9a5a5
89daa5a5
89dba5a5
89dca5a5
89dda5a5
89dea5a5
89dfa5a5
89e0a5a5
89e1a5a5
89e2a5a5
89e3a5a5
89e4a5a5
89e5a5a5
89e6a5a5
89e7a5a5
89e8a5a5
89e9a5a5
89eaa5a5
89eba5a5
89eca5a5
89eda5a5
89eea5a5
89efa5a5
89f0a5a5
89f1a5a5
89f2a5a5
89f3a5a5
89f4a5a5
89f5a5a5
89f6a5a5
89f7a5a5
89f8a5a5
89f9a5a5
89faa5a5
89fba5a5
89fca5a5
89fda5a5
89fea5a5
89ffa5a5
8a00a5a5
8a01a5a5
8a02a5a5
8a03a5a5
8a04a5a5
8a05a5a5
8a06a5a5
8a07a5a5
8a08a5a5
8a09a5a5
8a0aa5a5
8a0ba5a5
8a0ca5a5
8a0da5a5
8a0ea5a5
8a0fa5a5
8a10a5a5
8a11a5a5
8a12a5a5
8a13a5a5
8a14a5a5
8a15a5a5
8a16a5a5
8a17a5a5
8a18a5a5
8a19a5a5
8a1aa5a5
8a1ba5a5
8a1ca5a5
8a1da5a5
8a1ea5a5
8a1fa5a5
8a20a5a5
8a21a5a5
8a22a5a5
8a23a5a5
8a24a5a5
8a25a5a5
8a26a5a5
8a27a5a5
8a28a5a5
8a29a5a5
8a2aa5a5
8a2ba5a5
8a2ca5a5
8a2da5a5
8a2ea5a5
8a2fa5a5
8a30a5a5
8a31a5a5
8a32a5a5
8a33a5a5
8a34a5a5
8a35a5a5
8a36a5a5
8a37a5a5
8a38a5a5
8a39a5a5
8a3aa5a5
8a3ba5a5
8a3ca5a5
8a3da5a5
8a3ea5a5
8a3fa5a5
8a40a5a5
8a41a5a5
8a42a5a5
8a43a5a5
8a44a5a5
8a45a5a5
8a46a5a5
8a47a5a5
8a48a5a5
8a49a5a5
8a4aa5a5
8a4ba5a5
8a4ca5a5
8a4da5a5
8a4ea5a5
8a4fa5a5
8a50a5a5
8a51a5a5
8a52a5a5
8a53a5a5
8a54a5a5
8a55a5a5
8a56a5a5
8a57a5a5
8a58a5a5
8a59a5a5
8a5aa5a5
8a5ba5a5
8a5ca5a5
8a5da5a5
8a5ea5a5
8a5fa5a5
8a60a5a5
8a61a5a5
8a62a5a5
8a63a5a5
8a64a5a5
8a65a5a5
8a66a5a5
8a67a5a5
8a68a5a5
8a69a5a5
8a6aa5a5
8a6ba5a5
8a6ca5a5
8a6da5a5
8a6ea5a5
8a6fa5a5
8a70a5a5
8a71a5a5
8a72a5a5
8a73a5a5
8a74a5a5
8a75a5a5
8a76a5a5
8a77a5a5
8a78a5a5
8a79a5a5
8a7aa5a5
8a7ba5a5
8a7ca5a5
8a7da5a5
8a7ea5a5
8a7fa5a5
8a80a5a5
8a81a5a5
8a82a5a5
8a83a5a5
8a84a5a5
8a85a5a5
8a86a5a5
8a87a5a5
8a88a5a5
8a89a5a5
8a8aa5a5
8a8ba5a5
8a8ca5a5
8a8da5a5
8a8ea5a5
8a8fa5a5
8a90a5a5
8a91a5a5
8a92a5a5
8a93a5a5
8a94a5a5
8a95a5a5
8a96a5a5
8a97a5a5
8a98a5a5
8a99a5a5
8a9aa5a5
8a9ba5a5
8a9ca5a5
8a9da5a5
8a9ea5a5
8a9fa5a5
8aa0a5a5
8aa1a5a5
8aa2a5a5
8aa3a5a5
8aa4a5a5
8aa5a5a5
8aa6a5a5
8aa7a5a5
8aa8a5a5
8aa9a5a5
8aaaa5a5
8aaba5a5
8aaca5a5
8aada5a5
8aaea5a5
8aafa5a5
8ab0a5a5
8ab1a5a5
8ab2a5a5
8ab3a5a5
8ab4a5a5
8ab5a5a5
8ab6a5a5
8ab7a5a5
8ab8a5a5
8ab9a5a5
8abaa5a5
8abba5a5
8abca5a5
8abda5a5
8abea5a5
8abfa5a5
8ac0a5a5
8ac1a5a5
8ac2a5a5
8ac3a5a5
8ac4a5a5
8ac5a5a5
8ac6a5a5
8ac7a5a5
8ac8a5a5
8ac9a5a5
8acaa5a5
8acba5a5
8acca5a5
8acda5a5
8acea5a5
8acfa5a5
8ad0a5a5
8ad1a5a5
8ad2a5a5
8ad3a5a5
8ad4a5a5
8ad5a5a5
8ad6a5a5
8ad7a5a5
8ad8a5a5
8ad9a5a5
8adaa5a5
8adba5a5
8adca5a5
8adda5a5
8adea5a5
8adfa5a5
8ae0a5a5
8ae1a5a5
8ae2a5a5
8ae3a5a5
8ae4a5a5
8ae5a5a5
8ae6a5a5
8ae7a5a5
8ae8a5a5
8ae9a5a5
8aeaa5a5
8aeba5a5
8aeca5a5
8aeda5a5
8aeea5a5
8aefa5a5
8af0a5a5
8af1a5a5
8af2a5a5
8af3a5a5
8af4a5a5
8af5a5a5
8af6a5a5
8af7a5a5
8af8a5a5
8af9a5a5
8afaa5a5
8afba5a5
8afca5a5
8afda5a5
8afea5a5
8affa5a5
8b00a5a5
8b01a5a5
8b02a5a5
8b03a5a5
8b04a5a5
8b05a5a5
8b06a5a5
8b07a5a5
8b08a5a5
8b09a5a5
8b0aa5a5
8b0ba5a5
8b0ca5a5
8b0da5a5
8b0ea5a5
8b0fa5a5
8b10a5a5
8b11a5a5
8b12a5a5
8b13a5a5
8b14a5a5
8b15a5a5
8b16a5a5
8b17a5a5
8b18a5a5
8b19a5a5
8b1aa5a5
8b1ba5a5
8b1ca5a5
8b1da5a5
8b1ea5a5
8b1fa5a5
8b20a5a5
8b21a5a5
8b22a5a5
8b23a5a5
8b24a5a5
8b25a5a5
8b26a5a5
8b27a5a5
8b28a5a5
8b29a5a5
8b2aa5a5
8b2ba5a5
8b2ca5a5
8b2da5a5
8b2ea5a5
8b2fa5a5
8b30a5a5
8b31a5a5
8b32a5a5
8b33a5a5
8b34a5a5
8b35a5a5
8b36a5a5
8b37a5a5
8b38a5a5
8b39a5a5
8b3aa5a5
8b3ba5a5
8b3ca5a5
8b3da5a5
8b3ea5a5
8b3fa5a5
8b40a5a5
8b41a5a5
8b42a5a5
8b43a5a5
8b44a5a5
8b45a5a5
8b46a5a5
8b47a5a5
8b48a5a5
8b49a5a5
8b4aa5a5
8b4ba5a5
8b4ca5a5
8b4da5a5
8b4ea5a5
8b4fa5a5
8b50a5a5
8b51a5a5
8b52a5a5
8b53a5a5
8b54a5a5
8b55a5a5
8b56a5a5
8b57a5a5
8b58a5a5
8b59a5a5
8b5aa5a5
8b5ba5a5
8b5ca5a5
8b5da5a5
8b5ea5a5
8b5fa5a5
8b60a5a5
8b61a5a5
8b62a5a5
8b63a5a5
8b64a5a5
8b65a5a5
8b66a5a5
8b67a5a5
8b68a5a5
8b69a5a5
8b6aa5a5
8b6ba5a5
8b6ca5a5
8b6da5a5
8b6ea5a5
8b6fa5a5
8b70a5a5
8b71a5a5
8b72a5a5
8b73a5a5
8b74a5a5
8b75a5a5
8b76a5a5
8b77a5a5
8b78a5a5
8b79a5a5
8b7aa5a5
8b7ba5a5
8b7ca5a5
8b7da5a5
8b7ea5a5
8b7fa5a5
8b80a5a5
8b81a5a5
8b82a5a5
8b83a5a5
8b84a5a5
8b85a5a5
8b86a5a5
8b87a5a5
8b88a5a5
8b89a5a5
8b8aa5a5
8b8ba5a5
8b8ca5a5
8b8da5a5
8b8ea5a5
8b8fa5a5
8b90a5a5
8b91a5a5
8b92a5a5
8b93a5a5
8b94a5a5
8b95a5a5
8b96a5a5
8b97a5a5
8b98a5a5
8b99a5a5
8b9aa5a5
8b9ba5a5
8b9ca5a5
8b9da5a5
8b9ea5a5
8b9fa5a5
8ba0a5a5
8ba1a5a5
8ba2a5a5
8ba3a5a5
8ba4a5a5
8ba5a5a5
8ba6a5a5
8ba7a5a5
8ba8a5a5
8ba9a5a5
8baaa5a5
8baba5a5
8baca5a5
8bada5a5
8baea5a5
8bafa5a5
8bb0a5a5
8bb1a5a5
8bb2a5a5
8bb3a5a5
8bb4a5a5
8bb5a5a5
8bb6a5a5
8bb7a5a5
8bb8a5a5
8bb9a5a5
8bbaa5a5
8bbba5a5
8bbca5a5
8bbda5a5
8bbea5a5
8bbfa5a5
8bc0a5a5
8bc1a5a5
8bc2a5a5
8bc3a5a5
8bc4a5a5
8bc5a5a5
8bc6a5a5
8bc7a5a5
8bc8a5a5
8bc9a5a5
8bcaa5a5
8bcba5a5
8bcca5a5
8bcda5a5
8bcea5a5
8bcfa5a5
8bd0a5a5
8bd1a5a5
8bd2a5a5
8bd3a5a5
8bd4a5a5
8bd5a5a5
8bd6a5a5
8bd7a5a5
8bd8a5a5
8bd9a5a5
8bdaa5a5
8bdba5a5
8bdca5a5
8bdda5a5
8bdea5a5
8bdfa5a5
8be0a5a5
8be1a5a5
8be2a5a5
8be3a5a5
8be4a5a5
8be5a5a5
8be6a5a5
8be7a5a5
8be8a5a5
8be9a5a5
8beaa5a5
8beba5a5
8beca5a5
8beda5a5
8beea5a5
8befa5a5
8bf0a5a5
8bf1a5a5
8bf2a5a5
8bf3a5a5
8bf4a5a5
8bf5a5a5
8bf6a5a5
8bf7a5a5
8bf8a5a5
8bf9a5a5
8bfaa5a5
8bfba5a5
8bfca5a5
8bfda5a5
8bfea5a5
8bffa5a5
8c00a5a5
8c01a5a5
8c02a5a5
8c03a5a5
8c04a5a5
8c05a5a5
8c06a5a5
8c07a5a5
8c08a5a5
8c09a5a5
8c0aa5a5
8c0ba5a5
8c0ca5a5
8c0da5a5
8c0ea5a5
8c0fa5a5
8c10a5a5
8c11a5a5
8c12a5a5
8c13a5a5
8c14a5a5
8c15a5a5
8c16a5a5
8c17a5a5
8c18a5a5
8c19a5a5
8c1aa5a5
8c1ba5a5
8c1ca5a5
8c1da5a5
8c1ea5a5
8c1fa5a5
8c20a5a5
8c21a5a5
8c22a5a5
8c23a5a5
8c24a5a5
8c25a5a5
8c26a5a5
8c27a5a5
8c28a5a5
8c29a5a5
8c2aa5a5
8c2ba5a5
8c2ca5a5
8c2da5a5
8c2ea5a5
8c2fa5a5
8c30a5a5
8c31a5a5
8c32a5a5
8c33a5a5
8c34a5a5
8c35a5a5
8c36a5a5
8c37a5a5
8c38a5a5
8c39a5a5
8c3aa5a5
8c3ba5a5
8c3ca5a5
8c3da5a5
8c3ea5a5
8c3fa5a5
8c40a5a5
8c41a5a5
8c42a5a5
8c43a5a5
8c44a5a5
8c45a5a5
8c46a5a5
8c47a5a5
8c48a5a5
8c49a5a5
8c4aa5a5
8c4ba5a5
8c4ca5a5
8c4da5a5
8c4ea5a5
8c4fa5a5
8c50a5a5
8c51a5a5
8c52a5a5
8c53a5a5
8c54a5a5
8c55a5a5
8c56a5a5
8c57a5a5
8c58a5a5
8c59a5a5
8c5aa5a5
8c5ba5a5
8c5ca5a5
8c5da5a5
8c5ea5a5
8c5fa5a5
8c60a5a5
8c61a5a5
8c62a5a5
8c63a5a5
8c64a5a5
8c65a5a5
8c66a5a5
8c67a5a5
8c68a5a5
8c69a5a5
8c6aa5a5
8c6ba5a5
8c6ca5a5
8c6da5a5
8c6ea5a5
8c6fa5a5
8c70a5a5
8c71a5a5
8c72a5a5
8c73a5a5
8c74a5a5
8c75a5a5
8c76a5a5
8c77a5a5
8c78a5a5
8c79a5a5
8c7aa5a5
8c7ba5a5
8c7ca5a5
8c7da5a5
8c7ea5a5
8c7fa5a5
8c80a5a5
8c81a5a5
8c82a5a5
8c83a5a5
8c84a5a5
8c85a5a5
8c86a5a5
8c87a5a5
8c88a5a5
8c89a5a5
8c8aa5a5
8c8ba5a5
8c8ca5a5
8c8da5a5
8c8ea5a5
8c8fa5a5
8c90a5a5
8c91a5a5
8c92a5a5
8c93a5a5
8c94a5a5
8c95a5a5
8c96a5a5
8c97a5a5
8c98a5a5
8c99a5a5
8c9aa5a5
8c9ba5a5
8c9ca5a5
8c9da5a5
8c9ea5a5
8c9fa5a5
8ca0a5a5
8ca1a5a5
8ca2a5a5
8ca3a5a5
8ca4a5a5
8ca5a5a5
8ca6a5a5
8ca7a5a5
8ca8a5a5
8ca9a5a5
8caaa5a5
8caba5a5
8caca5a5
8cada5a5
8caea5a5
8cafa5a5
8cb0a5a5
8cb1a5a5
8cb2a5a5
8cb3a5a5
8cb4a5a5
8cb5a5a5
8cb6a5a5
8cb7a5a5
8cb8a5a5
8cb9a5a5
8cbaa5a5
8cbba5a5
8cbca5a5
8cbda5a5
8cbea5a5
8cbfa5a5
8cc0a5a5
8cc1a5a5
8cc2a5a5
8cc3a5a5
8cc4a5a5
8cc5a5a5
8cc6a5a5
8cc7a5a5
8cc8a5a5
8cc9a5a5
8ccaa5a5
8ccba5a5
8ccca5a5
8ccda5a5
8ccea5a5
8ccfa5a5
8cd0a5a5
8cd1a5a5
8cd2a5a5
8cd3a5a5
8cd4a5a5
8cd5a5a5
8cd6a5a5
8cd7a5a5
8cd8a5a5
8cd9a5a5
8cdaa5a5
8cdba5a5
8cdca5a5
8cdda5a5
8cdea5a5
8cdfa5a5
8ce0a5a5
8ce1a5a5
8ce2a5a5
8ce3a5a5
8ce4a5a5
8ce5a5a5
8ce6a5a5
8ce7a5a5
8ce8a5a5
8ce9a5a5
8ceaa5a5
8ceba5a5
8ceca5a5
8ceda5a5
8ceea5a5
8cefa5a5
8cf0a5a5
8cf1a5a5
8cf2a5a5
8cf3a5a5
8cf4a5a5
8cf5a5a5
8cf6a5a5
8cf7a5a5
8cf8a5a5
8cf9a5a5
8cfaa5a5
8cfba5a5
8cfca5a5
8cfda5a5
8cfea5a5
8cffa5a5
8d00a5a5
8d01a5a5
8d02a5a5
8d03a5a5
8d04a5a5
8d05a5a5
8d06a5a5
8d07a5a5
8d08a5a5
8d09a5a5
8d0aa5a5
8d0ba5a5
8d0ca5a5
8d0da5a5
8d0ea5a5
8d0fa5a5
8d10a5a5
8d11a5a5
8d12a5a5
8d13a5a5
8d14a5a5
8d15a5a5
8d16a5a5
8d17a5a5
8d18a5a5
8d19a5a5
8d1aa5a5
8d1ba5a5
8d1ca5a5
8d1da5a5
8d1ea5a5
8d1fa5a5
8d20a5a5
8d21a5a5
8d22a5a5
8d23a5a5
8d24a5a5
8d25a5a5
8d26a5a5
8d27a5a5
8d28a5a5
8d29a5a5
8d2aa5a5
8d2ba5a5
8d2ca5a5
8d2da5a5
8d2ea5a5
8d2fa5a5
8d30a5a5
8d31a5a5
8d32a5a5
8d33a5a5
8d34a5a5
8d35a5a5
8d36a5a5
8d37a5a5
8d38a5a5
8d39a5a5
8d3aa5a5
8d3ba5a5
8d3ca5a5
8d3da5a5
8d3ea5a5
8d3fa5a5
8d40a5a5
8d41a5a5
8d42a5a5
8d43a5a5
8d44a5a5
8d45a5a5
8d46a5a5
8d47a5a5
8d48a5a5
8d49a5a5
8d4aa5a5
8d4ba5a5
8d4ca5a5
8d4da5a5
8d4ea5a5
8d4fa5a5
8d50a5a5
8d51a5a5
8d52a5a5
8d53a5a5
8d54a5a5
8d55a5a5
8d56a5a5
8d57a5a5
8d58a5a5
8d59a5a5
8d5aa5a5
8d5ba5a5
8d5ca5a5
8d5da5a5
8d5ea5a5
8d5fa5a5
8d60a5a5
8d61a5a5
8d62a5a5
8d63a5a5
8d64a5a5
8d65a5a5
8d66a5a5
8d67a5a5
8d68a5a5
8d69a5a5
8d6aa5a5
8d6ba5a5
8d6ca5a5
8d6da5a5
8d6ea5a5
8d6fa5a5
8d70a5a5
8d71a5a5
8d72a5a5
8d73a5a5
8d74a5a5
8d75a5a5
8d76a5a5
8d77a5a5
8d78a5a5
8d79a5a5
8d7aa5a5
8d7ba5a5
8d7ca5a5
8d7da5a5
8d7ea5a5
8d7fa5a5
8d80a5a5
8d81a5a5
8d82a5a5
8d83a5a5
8d84a5a5
8d85a5a5
8d86a5a5
8d87a5a5
8d88a5a5
8d89a5a5
8d8aa5a5
8d8ba5a5
8d8ca5a5
8d8da5a5
8d8ea5a5
8d8fa5a5
8d90a5a5
8d91a5a5
8d92a5a5
8d93a5a5
8d94a5a5
8d95a5a5
8d96a5a5
8d97a5a5
8d98a5a5
8d99a5a5
8d9aa5a5
8d9ba5a5
8d9ca5a5
8d9da5a5
8d9ea5a5
8d9fa5a5
8da0a5a5
8da1a5a5
8da2a5a5
8da3a5a5
8da4a5a5
8da5a5a5
8da6a5a5
8da7a5a5
8da8a5a5
8da9a5a5
8daaa5a5
8daba5a5
8daca5a5
8dada5a5
8daea5a5
8dafa5a5
8db0a5a5
8db1a5a5
8db2a5a5
8db3a5a5
8db4a5a5
8db5a5a5
8db6a5a5
8db7a5a5
8db8a5a5
8db9a5a5
8dbaa5a5
8dbba5a5
8dbca5a5
8dbda5a5
8dbea5a5
8dbfa5a5
8dc0a5a5
8dc1a5a5
8dc2a5a5
8dc3a5a5
8dc4a5a5
8dc5a5a5
8dc6a5a5
8dc7a5a5
8dc8a5a5
8dc9a5a5
8dcaa5a5
8dcba5a5
8dcca5a5
8dcda5a5
8dcea5a5
8dcfa5a5
8dd0a5a5
8dd1a5a5
8dd2a5a5
8dd3a5a5
8dd4a5a5
8dd5a5a5
8dd6a5a5
8dd7a5a5
8dd8a5a5
8dd9a5a5
8ddaa5a5
8ddba5a5
8ddca5a5
8ddda5a5
8ddea5a5
8ddfa5a5
8de0a5a5
8de1a5a5
8de2a5a5
8de3a5a5
8de4a5a5
8de5a5a5
8de6a5a5
8de7a5a5
8de8a5a5
8de9a5a5
8deaa5a5
8deba5a5
8deca5a5
8deda5a5
8deea5a5
8defa5a5
8df0a5a5
8df1a5a5
8df2a5a5
8df3a5a5
8df4a5a5
8df5a5a5
8df6a5a5
8df7a5a5
8df8a5a5
8df9a5a5
8dfaa5a5
8dfba5a5
8dfca5a5
8dfda5a5
8dfea5a5
8dffa5a5
8e00a5a5
8e01a5a5
8e02a5a5
8e03a5a5
8e04a5a5
8e05a5a5
8e06a5a5
8e07a5a5
8e08a5a5
8e09a5a5
8e0aa5a5
8e0ba5a5
8e0ca5a5
8e0da5a5
8e0ea5a5
8e0fa5a5
8e10a5a5
8e11a5a5
8e12a5a5
8e13a5a5
8e14a5a5
8e15a5a5
8e16a5a5
8e17a5a5
8e18a5a5
8e19a5a5
8e1aa5a5
8e1ba5a5
8e1ca5a5
8e1da5a5
8e1ea5a5
8e1fa5a5
8e20a5a5
8e21a5a5
8e22a5a5
8e23a5a5
8e24a5a5
8e25a5a5
8e26a5a5
8e27a5a5
8e28a5a5
8e29a5a5
8e2aa5a5
8e2ba5a5
8e2ca5a5
8e2da5a5
8e2ea5a5
8e2fa5a5
8e30a5a5
8e31a5a5
8e32a5a5
8e33a5a5
8e34a5a5
8e35a5a5
8e36a5a5
8e37a5a5
8e38a5a5
8e39a5a5
8e3aa5a5
8e3ba5a5
8e3ca5a5
8e3da5a5
8e3ea5a5
8e3fa5a5
8e40a5a5
8e41a5a5
8e42a5a5
8e43a5a5
8e44a5a5
8e45a5a5
8e46a5a5
8e47a5a5
8e48a5a5
8e49a5a5
8e4aa5a5
8e4ba5a5
8e4ca5a5
8e4da5a5
8e4ea5a5
8e4fa5a5
8e50a5a5
8e51a5a5
8e52a5a5
8e53a5a5
8e54a5a5
8e55a5a5
8e56a5a5
8e57a5a5
8e58a5a5
8e59a5a5
8e5aa5a5
8e5ba5a5
8e5ca5a5
8e5da5a5
8e5ea5a5
8e5fa5a5
8e60a5a5
8e61a5a5
8e62a5a5
8e63a5a5
8e64a5a5
8e65a5a5
8e66a5a5
8e67a5a5
8e68a5a5
8e69a5a5
8e6aa5a5
8e6ba5a5
8e6ca5a5
8e6da5a5
8e6ea5a5
8e6fa5a5
8e70a5a5
8e71a5a5
8e72a5a5
8e73a5a5
8e74a5a5
8e75a5a5
8e76a5a5
8e77a5a5
8e78a5a5
8e79a5a5
8e7aa5a5
8e7ba5a5
8e7ca5a5
8e7da5a5
8e7ea5a5
8e7fa5a5
8e80a5a5
8e81a5a5
8e82a5a5
8e83a5a5
8e84a5a5
8e85a5a5
8e86a5a5
8e87a5a5
8e88a5a5
8e89a5a5
8e8aa5a5
8e8ba5a5
8e8ca5a5
8e8da5a5
8e8ea5a5
8e8fa5a5
8e90a5a5
8e91a5a5
8e92a5a5
8e93a5a5
8e94a5a5
8e95a5a5
8e96a5a5
8e97a5a5
8e98a5a5
8e99a5a5
8e9aa5a5
8e9ba5a5
8e9ca5a5
8e9da5a5
8e9ea5a5
8e9fa5a5
8ea0a5a5
8ea1a5a5
8ea2a5a5
8ea3a5a5
8ea4a5a5
8ea5a5a5
8ea6a5a5
8ea7a5a5
8ea8a5a5
8ea9a5a5
8eaaa5a5
8eaba5a5
8eaca5a5
8eada5a5
8eaea5a5
8eafa5a5
8eb0a5a5
8eb1a5a5
8eb2a5a5
8eb3a5a5
8eb4a5a5
8eb5a5a5
8eb6a5a5
8eb7a5a5
8eb8a5a5
8eb9a5a5
8ebaa5a5
8ebba5a5
8ebca5a5
8ebda5a5
8ebea5a5
8ebfa5a5
8ec0a5a5
8ec1a5a5
8ec2a5a5
8ec3a5a5
8ec4a5a5
8ec5a5a5
8ec6a5a5
8ec7a5a5
8ec8a5a5
8ec9a5a5
8ecaa5a5
8ecba5a5
8ecca5a5
8ecda5a5
8ecea5a5
8ecfa5a5
8ed0a5a5
8ed1a5a5
8ed2a5a5
8ed3a5a5
8ed4a5a5
8ed5a5a5
8ed6a5a5
8ed7a5a5
8ed8a5a5
8ed9a5a5
8edaa5a5
8edba5a5
8edca5a5
8edda5a5
8edea5a5
8edfa5a5
8ee0a5a5
8ee1a5a5
8ee2a5a5
8ee3a5a5
8ee4a5a5
8ee5a5a5
8ee6a5a5
8ee7a5a5
8ee8a5a5
8ee9a5a5
8eeaa5a5
8eeba5a5
8eeca5a5
8eeda5a5
8eeea5a5
8eefa5a5
8ef0a5a5
8ef1a5a5
8ef2a5a5
8ef3a5a5
8ef4a5a5
8ef5a5a5
8ef6a5a5
8ef7a5a5
8ef8a5a5
8ef9a5a5
8efaa5a5
8efba5a5
8efca5a5
8efda5a5
8efea5a5
8effa5a5
8f00a5a5
8f01a5a5
8f02a5a5
8f03a5a5
8f04a5a5
8f05a5a5
8f06a5a5
8f07a5a5
8f08a5a5
8f09a5a5
8f0aa5a5
8f0ba5a5
8f0ca5a5
8f0da5a5
8f0ea5a5
8f0fa5a5
8f10a5a5
8f11a5a5
8f12a5a5
8f13a5a5
8f14a5a5
8f15a5a5
8f16a5a5
8f17a5a5
8f18a5a5
8f19a5a5
8f1aa5a5
8f1ba5a5
8f1ca5a5
8f1da5a5
8f1ea5a5
8f1fa5a5
8f20a5a5
8f21a5a5
8f22a5a5
8f23a5a5
8f24a5a5
8f25a5a5
8f26a5a5
8f27a5a5
8f28a5a5
8f29a5a5
8f2aa5a5
8f2ba5a5
8f2ca5a5
8f2da5a5
8f2ea5a5
8f2fa5a5
8f30a5a5
8f31a5a5
8f32a5a5
8f33a5a5
8f34a5a5
8f35a5a5
8f36a5a5
8f37a5a5
8f38a5a5
8f39a5a5
8f3aa5a5
8f3ba5a5
8f3ca5a5
8f3da5a5
8f3ea5a5
8f3fa5a5
8f40a5a5
8f41a5a5
8f42a5a5
8f43a5a5
8f44a5a5
8f45a5a5
8f46a5a5
8f47a5a5
8f48a5a5
8f49a5a5
8f4aa5a5
8f4ba5a5
8f4ca5a5
8f4da5a5
8f4ea5a5
8f4fa5a5
8f50a5a5
8f51a5a5
8f52a5a5
8f53a5a5
8f54a5a5
8f55a5a5
8f56a5a5
8f57a5a5
8f58a5a5
8f59a5a5
8f5aa5a5
8f5ba5a5
8f5ca5a5
8f5da5a5
8f5ea5a5
8f5fa5a5
8f60a5a5
8f61a5a5
8f62a5a5
8f63a5a5
8f64a5a5
8f65a5a5
8f66a5a5
8f67a5a5
8f68a5a5
8f69a5a5
8f6aa5a5
8f6ba5a5
8f6ca5a5
8f6da5a5
8f6ea5a5
8f6fa5a5
8f70a5a5
8f71a5a5
8f72a5a5
8f73a5a5
8f74a5a5
8f75a5a5
8f76a5a5
8f77a5a5
8f78a5a5
8f79a5a5
8f7aa5a5
8f7ba5a5
8f7ca5a5
8f7da5a5
8f7ea5a5
8f7fa5a5
8f80a5a5
8f81a5a5
8f82a5a5
8f83a5a5
8f84a5a5
8f85a5a5
8f86a5a5
8f87a5a5
8f88a5a5
8f89a5a5
8f8aa5a5
8f8ba5a5
8f8ca5a5
8f8da5a5
8f8ea5a5
8f8fa5a5
8f90a5a5
8f91a5a5
8f92a5a5
8f93a5a5
8f94a5a5
8f95a5a5
8f96a5a5
8f97a5a5
8f98a5a5
8f99a5a5
8f9aa5a5
8f9ba5a5
8f9ca5a5
8f9da5a5
8f9ea5a5
8f9fa5a5
8fa0a5a5
8fa1a5a5
8fa2a5a5
8fa3a5a5
8fa4a5a5
8fa5a5a5
8fa6a5a5
8fa7a5a5
8fa8a5a5
8fa9a5a5
8faaa5a5
8faba5a5
8faca5a5
8fada5a5
8faea5a5
8fafa5a5
8fb0a5a5
8fb1a5a5
8fb2a5a5
8fb3a5a5
8fb4a5a5
8fb5a5a5
8fb6a5a5
8fb7a5a5
8fb8a5a5
8fb9a5a5
8fbaa5a5
8fbba5a5
8fbca5a5
8fbda5a5
8fbea5a5
8fbfa5a5
8fc0a5a5
8fc1a5a5
8fc2a5a5
8fc3a5a5
8fc4a5a5
8fc5a5a5
8fc6a5a5
8fc7a5a5
8fc8a5a5
8fc9a5a5
8fcaa5a5
8fcba5a5
8fcca5a5
8fcda5a5
8fcea5a5
8fcfa5a5
8fd0a5a5
8fd1a5a5
8fd2a5a5
8fd3a5a5
8fd4a5a5
8fd5a5a5
8fd6a5a5
8fd7a5a5
8fd8a5a5
8fd9a5a5
8fdaa5a5
8fdba5a5
8fdca5a5
8fdda5a5
8fdea5a5
8fdfa5a5
8fe0a5a5
8fe1a5a5
8fe2a5a5
8fe3a5a5
8fe4a5a5
8fe5a5a5
8fe6a5a5
8fe7a5a5
8fe8a5a5
8fe9a5a5
8feaa5a5
8feba5a5
8feca5a5
8feda5a5
8feea5a5
8fefa5a5
8ff0a5a5
8ff1a5a5
8ff2a5a5
8ff3a5a5
8ff4a5a5
8ff5a5a5
8ff6a5a5
8ff7a5a5
8ff8a5a5
8ff9a5a5
8ffaa5a5
8ffba5a5
8ffca5a5
8ffda5a5
8ffea5a5
8fffa5a5
9000a5a5
9001a5a5
9002a5a5
9003a5a5
9004a5a5
9005a5a5
9006a5a5
9007a5a5
9008a5a5
9009a5a5
900aa5a5
900ba5a5
900ca5a5
900da5a5
900ea5a5
900fa5a5
9010a5a5
9011a5a5
9012a5a5
9013a5a5
9014a5a5
9015a5a5
9016a5a5
9017a5a5
9018a5a5
9019a5a5
901aa5a5
901ba5a5
901ca5a5
901da5a5
901ea5a5
901fa5a5
9020a5a5
9021a5a5
9022a5a5
9023a5a5
9024a5a5
9025a5a5
9026a5a5
9027a5a5
9028a5a5
9029a5a5
902aa5a5
902ba5a5
902ca5a5
902da5a5
902ea5a5
902fa5a5
9030a5a5
9031a5a5
9032a5a5
9033a5a5
9034a5a5
9035a5a5
9036a5a5
9037a5a5
9038a5a5
9039a5a5
903aa5a5
903ba5a5
903ca5a5
903da5a5
903ea5a5
903fa5a5
9040a5a5
9041a5a5
9042a5a5
9043a5a5
9044a5a5
9045a5a5
9046a5a5
9047a5a5
9048a5a5
9049a5a5
904aa5a5
904ba5a5
904ca5a5
904da5a5
904ea5a5
904fa5a5
9050a5a5
9051a5a5
9052a5a5
9053a5a5
9054a5a5
9055a5a5
9056a5a5
9057a5a5
9058a5a5
9059a5a5
905aa5a5
905ba5a5
905ca5a5
905da5a5
905ea5a5
905fa5a5
9060a5a5
9061a5a5
9062a5a5
9063a5a5
9064a5a5
9065a5a5
9066a5a5
9067a5a5
9068a5a5
9069a5a5
906aa5a5
906ba5a5
906ca5a5
906da5a5
906ea5a5
906fa5a5
9070a5a5
9071a5a5
9072a5a5
9073a5a5
9074a5a5
9075a5a5
9076a5a5
9077a5a5
9078a5a5
9079a5a5
907aa5a5
907ba5a5
907ca5a5
907da5a5
907ea5a5
907fa5a5
9080a5a5
9081a5a5
9082a5a5
9083a5a5
9084a5a5
9085a5a5
9086a5a5
9087a5a5
9088a5a5
9089a5a5
908aa5a5
908ba5a5
908ca5a5
908da5a5
908ea5a5
908fa5a5
9090a5a5
9091a5a5
9092a5a5
9093a5a5
9094a5a5
9095a5a5
9096a5a5
9097a5a5
9098a5a5
9099a5a5
909aa5a5
909ba5a5
909ca5a5
909da5a5
909ea5a5
909fa5a5
90a0a5a5
90a1a5a5
90a2a5a5
90a3a5a5
90a4a5a5
90a5a5a5
90a6a5a5
90a7a5a5
90a8a5a5
90a9a5a5
90aaa5a5
90aba5a5
90aca5a5
90ada5a5
90aea5a5
90afa5a5
90b0a5a5
90b1a5a5
90b2a5a5
90b3a5a5
90b4a5a5
90b5a5a5
90b6a5a5
90b7a5a5
90b8a5a5
90b9a5a5
90baa5a5
90bba5a5
90bca5a5
90bda5a5
90bea5a5
90bfa5a5
90c0a5a5
90c1a5a5
90c2a5a5
90c3a5a5
90c4a5a5
90c5a5a5
90c6a5a5
90c7a5a5
90c8a5a5
90c9a5a5
90caa5a5
90cba5a5
90cca5a5
90cda5a5
90cea5a5
90cfa5a5
90d0a5a5
90d1a5a5
90d2a5a5
90d3a5a5
90d4a5a5
90d5a5a5
90d6a5a5
90d7a5a5
90d8a5a5
90d9a5a5
90daa5a5
90dba5a5
90dca5a5
90dda5a5
90dea5a5
90dfa5a5
90e0a5a5
90e1a5a5
90e2a5a5
90e3a5a5
90e4a5a5
90e5a5a5
90e6a5a5
90e7a5a5
90e8a5a5
90e9a5a5
90eaa5a5
90eba5a5
90eca5a5
90eda5a5
90eea5a5
90efa5a5
90f0a5a5
90f1a5a5
90f2a5a5
90f3a5a5
90f4a5a5
90f5a5a5
90f6a5a5
90f7a5a5
90f8a5a5
90f9a5a5
90faa5a5
90fba5a5
90fca5a5
90fda5a5
90fea5a5
90ffa5a5
9100a5a5
9101a5a5
9102a5a5
9103a5a5
9104a5a5
9105a5a5
9106a5a5
9107a5a5
9108a5a5
9109a5a5
910aa5a5
910ba5a5
910ca5a5
910da5a5
910ea5a5
910fa5a5
9110a5a5
9111a5a5
9112a5a5
9113a5a5
9114a5a5
9115a5a5
9116a5a5
9117a5a5
9118a5a5
9119a5a5
911aa5a5
911ba5a5
911ca5a5
911da5a5
911ea5a5
911fa5a5
9120a5a5
9121a5a5
9122a5a5
9123a5a5
9124a5a5
9125a5a5
9126a5a5
9127a5a5
9128a5a5
9129a5a5
912aa5a5
912ba5a5
912ca5a5
912da5a5
912ea5a5
912fa5a5
9130a5a5
9131a5a5
9132a5a5
9133a5a5
9134a5a5
9135a5a5
9136a5a5
9137a5a5
9138a5a5
9139a5a5
913aa5a5
913ba5a5
913ca5a5
913da5a5
913ea5a5
913fa5a5
9140a5a5
9141a5a5
9142a5a5
9143a5a5
9144a5a5
9145a5a5
9146a5a5
9147a5a5
9148a5a5
9149a5a5
914aa5a5
914ba5a5
914ca5a5
914da5a5
914ea5a5
914fa5a5
9150a5a5
9151a5a5
9152a5a5
9153a5a5
9154a5a5
9155a5a5
9156a5a5
9157a5a5
9158a5a5
9159a5a5
915aa5a5
915ba5a5
915ca5a5
915da5a5
915ea5a5
915fa5a5
9160a5a5
9161a5a5
9162a5a5
9163a5a5
9164a5a5
9165a5a5
9166a5a5
9167a5a5
9168a5a5
9169a5a5
916aa5a5
916ba5a5
916ca5a5
916da5a5
916ea5a5
916fa5a5
9170a5a5
9171a5a5
9172a5a5
9173a5a5
9174a5a5
9175a5a5
9176a5a5
9177a5a5
9178a5a5
9179a5a5
917aa5a5
917ba5a5
917ca5a5
917da5a5
917ea5a5
917fa5a5
9180a5a5
9181a5a5
9182a5a5
9183a5a5
9184a5a5
9185a5a5
9186a5a5
9187a5a5
9188a5a5
9189a5a5
918aa5a5
918ba5a5
918ca5a5
918da5a5
918ea5a5
918fa5a5
9190a5a5
9191a5a5
9192a5a5
9193a5a5
9194a5a5
9195a5a5
9196a5a5
9197a5a5
9198a5a5
9199a5a5
919aa5a5
919ba5a5
919ca5a5
919da5a5
919ea5a5
919fa5a5
91a0a5a5
91a1a5a5
91a2a5a5
91a3a5a5
91a4a5a5
91a5a5a5
91a6a5a5
91a7a5a5
91a8a5a5
91a9a5a5
91aaa5a5
91aba5a5
91aca5a5
91ada5a5
91aea5a5
91afa5a5
91b0a5a5
91b1a5a5
91b2a5a5
91b3a5a5
91b4a5a5
91b5a5a5
91b6a5a5
91b7a5a5
91b8a5a5
91b9a5a5
91baa5a5
91bba5a5
91bca5a5
91bda5a5
91bea5a5
91bfa5a5
91c0a5a5
91c1a5a5
91c2a5a5
91c3a5a5
91c4a5a5
91c5a5a5
91c6a5a5
91c7a5a5
91c8a5a5
91c9a5a5
91caa5a5
91cba5a5
91cca5a5
91cda5a5
91cea5a5
91cfa5a5
91d0a5a5
91d1a5a5
91d2a5a5
91d3a5a5
91d4a5a5
91d5a5a5
91d6a5a5
91d7a5a5
91d8a5a5
91d9a5a5
91daa5a5
91dba5a5
91dca5a5
91dda5a5
91dea5a5
91dfa5a5
91e0a5a5
91e1a5a5
91e2a5a5
91e3a5a5
91e4a5a5
91e5a5a5
91e6a5a5
91e7a5a5
91e8a5a5
91e9a5a5
91eaa5a5
91eba5a5
91eca5a5
91eda5a5
91eea5a5
91efa5a5
91f0a5a5
91f1a5a5
91f2a5a5
91f3a5a5
91f4a5a5
91f5a5a5
91f6a5a5
91f7a5a5
91f8a5a5
91f9a5a5
91faa5a5
91fba5a5
91fca5a5
91fda5a5
91fea5a5
91ffa5a5
9200a5a5
9201a5a5
9202a5a5
9203a5a5
9204a5a5
9205a5a5
9206a5a5
9207a5a5
9208a5a5
9209a5a5
920aa5a5
920ba5a5
920ca5a5
920da5a5
920ea5a5
920fa5a5
9210a5a5
9211a5a5
9212a5a5
9213a5a5
9214a5a5
9215a5a5
9216a5a5
9217a5a5
9218a5a5
9219a5a5
921aa5a5
921ba5a5
921ca5a5
921da5a5
921ea5a5
921fa5a5
9220a5a5
9221a5a5
9222a5a5
9223a5a5
9224a5a5
9225a5a5
9226a5a5
9227a5a5
9228a5a5
9229a5a5
922aa5a5
922ba5a5
922ca5a5
922da5a5
922ea5a5
922fa5a5
9230a5a5
9231a5a5
9232a5a5
9233a5a5
9234a5a5
9235a5a5
9236a5a5
9237a5a5
9238a5a5
9239a5a5
923aa5a5
923ba5a5
923ca5a5
923da5a5
923ea5a5
923fa5a5
9240a5a5
9241a5a5
9242a5a5
9243a5a5
9244a5a5
9245a5a5
9246a5a5
9247a5a5
9248a5a5
9249a5a5
924aa5a5
924ba5a5
924ca5a5
924da5a5
924ea5a5
924fa5a5
9250a5a5
9251a5a5
9252a5a5
9253a5a5
9254a5a5
9255a5a5
9256a5a5
9257a5a5
9258a5a5
9259a5a5
925aa5a5
925ba5a5
925ca5a5
925da5a5
925ea5a5
925fa5a5
9260a5a5
9261a5a5
9262a5a5
9263a5a5
9264a5a5
9265a5a5
9266a5a5
9267a5a5
9268a5a5
9269a5a5
926aa5a5
926ba5a5
926ca5a5
926da5a5
926ea5a5
926fa5a5
9270a5a5
9271a5a5
9272a5a5
9273a5a5
9274a5a5
9275a5a5
9276a5a5
9277a5a5
9278a5a5
9279a5a5
927aa5a5
927ba5a5
927ca5a5
927da5a5
927ea5a5
927fa5a5
9280a5a5
9281a5a5
9282a5a5
9283a5a5
9284a5a5
9285a5a5
9286a5a5
9287a5a5
9288a5a5
9289a5a5
928aa5a5
928ba5a5
928ca5a5
928da5a5
928ea5a5
928fa5a5
9290a5a5
9291a5a5
9292a5a5
9293a5a5
9294a5a5
9295a5a5
9296a5a5
9297a5a5
9298a5a5
9299a5a5
929aa5a5
929ba5a5
929ca5a5
929da5a5
929ea5a5
929fa5a5
92a0a5a5
92a1a5a5
92a2a5a5
92a3a5a5
92a4a5a5
92a5a5a5
92a6a5a5
92a7a5a5
92a8a5a5
92a9a5a5
92aaa5a5
92aba5a5
92aca5a5
92ada5a5
92aea5a5
92afa5a5
92b0a5a5
92b1a5a5
92b2a5a5
92b3a5a5
92b4a5a5
92b5a5a5
92b6a5a5
92b7a5a5
92b8a5a5
92b9a5a5
92baa5a5
92bba5a5
92bca5a5
92bda5a5
92bea5a5
92bfa5a5
92c0a5a5
92c1a5a5
92c2a5a5
92c3a5a5
92c4a5a5
92c5a5a5
92c6a5a5
92c7a5a5
92c8a5a5
92c9a5a5
92caa5a5
92cba5a5
92cca5a5
92cda5a5
92cea5a5
92cfa5a5
92d0a5a5
92d1a5a5
92d2a5a5
92d3a5a5
92d4a5a5
92d5a5a5
92d6a5a5
92d7a5a5
92d8a5a5
92d9a5a5
92daa5a5
92dba5a5
92dca5a5
92dda5a5
92dea5a5
92dfa5a5
92e0a5a5
92e1a5a5
92e2a5a5
92e3a5a5
92e4a5a5
92e5a5a5
92e6a5a5
92e7a5a5
92e8a5a5
92e9a5a5
92eaa5a5
92eba5a5
92eca5a5
92eda5a5
92eea5a5
92efa5a5
92f0a5a5
92f1a5a5
92f2a5a5
92f3a5a5
92f4a5a5
92f5a5a5
92f6a5a5
92f7a5a5
92f8a5a5
92f9a5a5
92faa5a5
92fba5a5
92fca5a5
92fda5a5
92fea5a5
92ffa5a5
9300a5a5
9301a5a5
9302a5a5
9303a5a5
9304a5a5
9305a5a5
9306a5a5
9307a5a5
9308a5a5
9309a5a5
930aa5a5
930ba5a5
930ca5a5
930da5a5
930ea5a5
930fa5a5
9310a5a5
9311a5a5
9312a5a5
9313a5a5
9314a5a5
9315a5a5
9316a5a5
9317a5a5
9318a5a5
9319a5a5
931aa5a5
931ba5a5
931ca5a5
931da5a5
931ea5a5
931fa5a5
9320a5a5
9321a5a5
9322a5a5
9323a5a5
9324a5a5
9325a5a5
9326a5a5
9327a5a5
9328a5a5
9329a5a5
932aa5a5
932ba5a5
932ca5a5
932da5a5
932ea5a5
932fa5a5
9330a5a5
9331a5a5
9332a5a5
9333a5a5
9334a5a5
9335a5a5
9336a5a5
9337a5a5
9338a5a5
9339a5a5
933aa5a5
933ba5a5
933ca5a5
933da5a5
933ea5a5
933fa5a5
9340a5a5
9341a5a5
9342a5a5
9343a5a5
9344a5a5
9345a5a5
9346a5a5
9347a5a5
9348a5a5
9349a5a5
934aa5a5
934ba5a5
934ca5a5
934da5a5
934ea5a5
934fa5a5
9350a5a5
9351a5a5
9352a5a5
9353a5a5
9354a5a5
9355a5a5
9356a5a5
9357a5a5
9358a5a5
9359a5a5
935aa5a5
935ba5a5
935ca5a5
935da5a5
935ea5a5
935fa5a5
9360a5a5
9361a5a5
9362a5a5
9363a5a5
9364a5a5
9365a5a5
9366a5a5
9367a5a5
9368a5a5
9369a5a5
936aa5a5
936ba5a5
936ca5a5
936da5a5
936ea5a5
936fa5a5
9370a5a5
9371a5a5
9372a5a5
9373a5a5
9374a5a5
9375a5a5
9376a5a5
9377a5a5
9378a5a5
9379a5a5
937aa5a5
937ba5a5
937ca5a5
937da5a5
937ea5a5
937fa5a5
9380a5a5
9381a5a5
9382a5a5
9383a5a5
9384a5a5
9385a5a5
9386a5a5
9387a5a5
9388a5a5
9389a5a5
938aa5a5
938ba5a5
938ca5a5
938da5a5
938ea5a5
938fa5a5
9390a5a5
9391a5a5
9392a5a5
9393a5a5
9394a5a5
9395a5a5
9396a5a5
9397a5a5
9398a5a5
9399a5a5
939aa5a5
939ba5a5
939ca5a5
939da5a5
939ea5a5
939fa5a5
93a0a5a5
93a1a5a5
93a2a5a5
93a3a5a5
93a4a5a5
93a5a5a5
93a6a5a5
93a7a5a5
93a8a5a5
93a9a5a5
93aaa5a5
93aba5a5
93aca5a5
93ada5a5
93aea5a5
93afa5a5
93b0a5a5
93b1a5a5
93b2a5a5
93b3a5a5
93b4a5a5
93b5a5a5
93b6a5a5
93b7a5a5
93b8a5a5
93b9a5a5
93baa5a5
93bba5a5
93bca5a5
93bda5a5
93bea5a5
93bfa5a5
93c0a5a5
93c1a5a5
93c2a5a5
93c3a5a5
93c4a5a5
93c5a5a5
93c6a5a5
93c7a5a5
93c8a5a5
93c9a5a5
93caa5a5
93cba5a5
93cca5a5
93cda5a5
93cea5a5
93cfa5a5
93d0a5a5
93d1a5a5
93d2a5a5
93d3a5a5
93d4a5a5
93d5a5a5
93d6a5a5
93d7a5a5
93d8a5a5
93d9a5a5
93daa5a5
93dba5a5
93dca5a5
93dda5a5
93dea5a5
93dfa5a5
93e0a5a5
93e1a5a5
93e2a5a5
93e3a5a5
93e4a5a5
93e5a5a5
93e6a5a5
93e7a5a5
93e8a5a5
93e9a5a5
93eaa5a5
93eba5a5
93eca5a5
93eda5a5
93eea5a5
93efa5a5
93f0a5a5
93f1a5a5
93f2a5a5
93f3a5a5
93f4a5a5
93f5a5a5
93f6a5a5
93f7a5a5
93f8a5a5
93f9a5a5
93faa5a5
93fba5a5
93fca5a5
93fda5a5
93fea5a5
93ffa5a5
9400a5a5
9401a5a5
9402a5a5
9403a5a5
9404a5a5
9405a5a5
9406a5a5
9407a5a5
9408a5a5
9409a5a5
940aa5a5
940ba5a5
940ca5a5
940da5a5
940ea5a5
940fa5a5
9410a5a5
9411a5a5
9412a5a5
9413a5a5
9414a5a5
9415a5a5
9416a5a5
9417a5a5
9418a5a5
9419a5a5
941aa5a5
941ba5a5
941ca5a5
941da5a5
941ea5a5
941fa5a5
9420a5a5
9421a5a5
9422a5a5
9423a5a5
9424a5a5
9425a5a5
9426a5a5
9427a5a5
9428a5a5
9429a5a5
942aa5a5
942ba5a5
942ca5a5
942da5a5
942ea5a5
942fa5a5
9430a5a5
9431a5a5
9432a5a5
9433a5a5
9434a5a5
9435a5a5
9436a5a5
9437a5a5
9438a5a5
9439a5a5
943aa5a5
943ba5a5
943ca5a5
943da5a5
943ea5a5
943fa5a5
9440a5a5
9441a5a5
9442a5a5
9443a5a5
9444a5a5
9445a5a5
9446a5a5
9447a5a5
9448a5a5
9449a5a5
944aa5a5
944ba5a5
944ca5a5
944da5a5
944ea5a5
944fa5a5
9450a5a5
9451a5a5
9452a5a5
9453a5a5
9454a5a5
9455a5a5
9456a5a5
9457a5a5
9458a5a5
9459a5a5
945aa5a5
945ba5a5
945ca5a5
945da5a5
945ea5a5
945fa5a5
9460a5a5
9461a5a5
9462a5a5
9463a5a5
9464a5a5
9465a5a5
9466a5a5
9467a5a5
9468a5a5
9469a5a5
946aa5a5
946ba5a5
946ca5a5
946da5a5
946ea5a5
946fa5a5
9470a5a5
9471a5a5
9472a5a5
9473a5a5
9474a5a5
9475a5a5
9476a5a5
9477a5a5
9478a5a5
9479a5a5
947aa5a5
947ba5a5
947ca5a5
947da5a5
947ea5a5
947fa5a5
9480a5a5
9481a5a5
9482a5a5
9483a5a5
9484a5a5
9485a5a5
9486a5a5
9487a5a5
9488a5a5
9489a5a5
948aa5a5
948ba5a5
948ca5a5
948da5a5
948ea5a5
948fa5a5
9490a5a5
9491a5a5
9492a5a5
9493a5a5
9494a5a5
9495a5a5
9496a5a5
9497a5a5
9498a5a5
9499a5a5
949aa5a5
949ba5a5
949ca5a5
949da5a5
949ea5a5
949fa5a5
94a0a5a5
94a1a5a5
94a2a5a5
94a3a5a5
94a4a5a5
94a5a5a5
94a6a5a5
94a7a5a5
94a8a5a5
94a9a5a5
94aaa5a5
94aba5a5
94aca5a5
94ada5a5
94aea5a5
94afa5a5
94b0a5a5
94b1a5a5
94b2a5a5
94b3a5a5
94b4a5a5
94b5a5a5
94b6a5a5
94b7a5a5
94b8a5a5
94b9a5a5
94baa5a5
94bba5a5
94bca5a5
94bda5a5
94bea5a5
94bfa5a5
94c0a5a5
94c1a5a5
94c2a5a5
94c3a5a5
94c4a5a5
94c5a5a5
94c6a5a5
94c7a5a5
94c8a5a5
94c9a5a5
94caa5a5
94cba5a5
94cca5a5
94cda5a5
94cea5a5
94cfa5a5
94d0a5a5
94d1a5a5
94d2a5a5
94d3a5a5
94d4a5a5
94d5a5a5
94d6a5a5
94d7a5a5
94d8a5a5
94d9a5a5
94daa5a5
94dba5a5
94dca5a5
94dda5a5
94dea5a5
94dfa5a5
94e0a5a5
94e1a5a5
94e2a5a5
94e3a5a5
94e4a5a5
94e5a5a5
94e6a5a5
94e7a5a5
94e8a5a5
94e9a5a5
94eaa5a5
94eba5a5
94eca5a5
94eda5a5
94eea5a5
94efa5a5
94f0a5a5
94f1a5a5
94f2a5a5
94f3a5a5
94f4a5a5
94f5a5a5
94f6a5a5
94f7a5a5
94f8a5a5
94f9a5a5
94faa5a5
94fba5a5
94fca5a5
94fda5a5
94fea5a5
94ffa5a5
9500a5a5
9501a5a5
9502a5a5
9503a5a5
9504a5a5
9505a5a5
9506a5a5
9507a5a5
9508a5a5
9509a5a5
950aa5a5
950ba5a5
950ca5a5
950da5a5
950ea5a5
950fa5a5
9510a5a5
9511a5a5
9512a5a5
9513a5a5
9514a5a5
9515a5a5
9516a5a5
9517a5a5
9518a5a5
9519a5a5
951aa5a5
951ba5a5
951ca5a5
951da5a5
951ea5a5
951fa5a5
9520a5a5
9521a5a5
9522a5a5
9523a5a5
9524a5a5
9525a5a5
9526a5a5
9527a5a5
9528a5a5
9529a5a5
952aa5a5
952ba5a5
952ca5a5
952da5a5
952ea5a5
952fa5a5
9530a5a5
9531a5a5
9532a5a5
9533a5a5
9534a5a5
9535a5a5
9536a5a5
9537a5a5
9538a5a5
9539a5a5
953aa5a5
953ba5a5
953ca5a5
953da5a5
953ea5a5
953fa5a5
9540a5a5
9541a5a5
9542a5a5
9543a5a5
9544a5a5
9545a5a5
9546a5a5
9547a5a5
9548a5a5
9549a5a5
954aa5a5
954ba5a5
954ca5a5
954da5a5
954ea5a5
954fa5a5
9550a5a5
9551a5a5
9552a5a5
9553a5a5
9554a5a5
9555a5a5
9556a5a5
9557a5a5
9558a5a5
9559a5a5
955aa5a5
955ba5a5
955ca5a5
955da5a5
955ea5a5
955fa5a5
9560a5a5
9561a5a5
9562a5a5
9563a5a5
9564a5a5
9565a5a5
9566a5a5
9567a5a5
9568a5a5
9569a5a5
956aa5a5
956ba5a5
956ca5a5
956da5a5
956ea5a5
956fa5a5
9570a5a5
9571a5a5
9572a5a5
9573a5a5
9574a5a5
9575a5a5
9576a5a5
9577a5a5
9578a5a5
9579a5a5
957aa5a5
957ba5a5
957ca5a5
957da5a5
957ea5a5
957fa5a5
9580a5a5
9581a5a5
9582a5a5
9583a5a5
9584a5a5
9585a5a5
9586a5a5
9587a5a5
9588a5a5
9589a5a5
958aa5a5
958ba5a5
958ca5a5
958da5a5
958ea5a5
958fa5a5
9590a5a5
9591a5a5
9592a5a5
9593a5a5
9594a5a5
9595a5a5
9596a5a5
9597a5a5
9598a5a5
9599a5a5
959aa5a5
959ba5a5
959ca5a5
959da5a5
959ea5a5
959fa5a5
95a0a5a5
95a1a5a5
95a2a5a5
95a3a5a5
95a4a5a5
95a5a5a5
95a6a5a5
95a7a5a5
95a8a5a5
95a9a5a5
95aaa5a5
95aba5a5
95aca5a5
95ada5a5
95aea5a5
95afa5a5
95b0a5a5
95b1a5a5
95b2a5a5
95b3a5a5
95b4a5a5
95b5a5a5
95b6a5a5
95b7a5a5
95b8a5a5
95b9a5a5
95baa5a5
95bba5a5
95bca5a5
95bda5a5
95bea5a5
95bfa5a5
95c0a5a5
95c1a5a5
95c2a5a5
95c3a5a5
95c4a5a5
95c5a5a5
95c6a5a5
95c7a5a5
95c8a5a5
95c9a5a5
95caa5a5
95cba5a5
95cca5a5
95cda5a5
95cea5a5
95cfa5a5
95d0a5a5
95d1a5a5
95d2a5a5
95d3a5a5
95d4a5a5
95d5a5a5
95d6a5a5
95d7a5a5
95d8a5a5
95d9a5a5
95daa5a5
95dba5a5
95dca5a5
95dda5a5
95dea5a5
95dfa5a5
95e0a5a5
95e1a5a5
95e2a5a5
95e3a5a5
95e4a5a5
95e5a5a5
95e6a5a5
95e7a5a5
95e8a5a5
95e9a5a5
95eaa5a5
95eba5a5
95eca5a5
95eda5a5
95eea5a5
95efa5a5
95f0a5a5
95f1a5a5
95f2a5a5
95f3a5a5
95f4a5a5
95f5a5a5
95f6a5a5
95f7a5a5
95f8a5a5
95f9a5a5
95faa5a5
95fba5a5
95fca5a5
95fda5a5
95fea5a5
95ffa5a5
9600a5a5
9601a5a5
9602a5a5
9603a5a5
9604a5a5
9605a5a5
9606a5a5
9607a5a5
9608a5a5
9609a5a5
960aa5a5
960ba5a5
960ca5a5
960da5a5
960ea5a5
960fa5a5
9610a5a5
9611a5a5
9612a5a5
9613a5a5
9614a5a5
9615a5a5
9616a5a5
9617a5a5
9618a5a5
9619a5a5
961aa5a5
961ba5a5
961ca5a5
961da5a5
961ea5a5
961fa5a5
9620a5a5
9621a5a5
9622a5a5
9623a5a5
9624a5a5
9625a5a5
9626a5a5
9627a5a5
9628a5a5
9629a5a5
962aa5a5
962ba5a5
962ca5a5
962da5a5
962ea5a5
962fa5a5
9630a5a5
9631a5a5
9632a5a5
9633a5a5
9634a5a5
9635a5a5
9636a5a5
9637a5a5
9638a5a5
9639a5a5
963aa5a5
963ba5a5
963ca5a5
963da5a5
963ea5a5
963fa5a5
9640a5a5
9641a5a5
9642a5a5
9643a5a5
9644a5a5
9645a5a5
9646a5a5
9647a5a5
9648a5a5
9649a5a5
964aa5a5
964ba5a5
964ca5a5
964da5a5
964ea5a5
964fa5a5
9650a5a5
9651a5a5
9652a5a5
9653a5a5
9654a5a5
9655a5a5
9656a5a5
9657a5a5
9658a5a5
9659a5a5
965aa5a5
965ba5a5
965ca5a5
965da5a5
965ea5a5
965fa5a5
9660a5a5
9661a5a5
9662a5a5
9663a5a5
9664a5a5
9665a5a5
9666a5a5
9667a5a5
9668a5a5
9669a5a5
966aa5a5
966ba5a5
966ca5a5
966da5a5
966ea5a5
966fa5a5
9670a5a5
9671a5a5
9672a5a5
9673a5a5
9674a5a5
9675a5a5
9676a5a5
9677a5a5
9678a5a5
9679a5a5
967aa5a5
967ba5a5
967ca5a5
967da5a5
967ea5a5
967fa5a5
9680a5a5
9681a5a5
9682a5a5
9683a5a5
9684a5a5
9685a5a5
9686a5a5
9687a5a5
9688a5a5
9689a5a5
968aa5a5
968ba5a5
968ca5a5
968da5a5
968ea5a5
968fa5a5
9690a5a5
9691a5a5
9692a5a5
9693a5a5
9694a5a5
9695a5a5
9696a5a5
9697a5a5
9698a5a5
9699a5a5
969aa5a5
969ba5a5
969ca5a5
969da5a5
969ea5a5
969fa5a5
96a0a5a5
96a1a5a5
96a2a5a5
96a3a5a5
96a4a5a5
96a5a5a5
96a6a5a5
96a7a5a5
96a8a5a5
96a9a5a5
96aaa5a5
96aba5a5
96aca5a5
96ada5a5
96aea5a5
96afa5a5
96b0a5a5
96b1a5a5
96b2a5a5
96b3a5a5
96b4a5a5
96b5a5a5
96b6a5a5
96b7a5a5
96b8a5a5
96b9a5a5
96baa5a5
96bba5a5
96bca5a5
96bda5a5
96bea5a5
96bfa5a5
96c0a5a5
96c1a5a5
96c2a5a5
96c3a5a5
96c4a5a5
96c5a5a5
96c6a5a5
96c7a5a5
96c8a5a5
96c9a5a5
96caa5a5
96cba5a5
96cca5a5
96cda5a5
96cea5a5
96cfa5a5
96d0a5a5
96d1a5a5
96d2a5a5
96d3a5a5
96d4a5a5
96d5a5a5
96d6a5a5
96d7a5a5
96d8a5a5
96d9a5a5
96daa5a5
96dba5a5
96dca5a5
96dda5a5
96dea5a5
96dfa5a5
96e0a5a5
96e1a5a5
96e2a5a5
96e3a5a5
96e4a5a5
96e5a5a5
96e6a5a5
96e7a5a5
96e8a5a5
96e9a5a5
96eaa5a5
96eba5a5
96eca5a5
96eda5a5
96eea5a5
96efa5a5
96f0a5a5
96f1a5a5
96f2a5a5
96f3a5a5
96f4a5a5
96f5a5a5
96f6a5a5
96f7a5a5
96f8a5a5
96f9a5a5
96faa5a5
96fba5a5
96fca5a5
96fda5a5
96fea5a5
96ffa5a5
9700a5a5
9701a5a5
9702a5a5
9703a5a5
9704a5a5
9705a5a5
9706a5a5
9707a5a5
9708a5a5
9709a5a5
970aa5a5
970ba5a5
970ca5a5
970da5a5
970ea5a5
970fa5a5
9710a5a5
9711a5a5
9712a5a5
9713a5a5
9714a5a5
9715a5a5
9716a5a5
9717a5a5
9718a5a5
9719a5a5
971aa5a5
971ba5a5
971ca5a5
971da5a5
971ea5a5
971fa5a5
9720a5a5
9721a5a5
9722a5a5
9723a5a5
9724a5a5
9725a5a5
9726a5a5
9727a5a5
9728a5a5
9729a5a5
972aa5a5
972ba5a5
972ca5a5
972da5a5
972ea5a5
972fa5a5
9730a5a5
9731a5a5
9732a5a5
9733a5a5
9734a5a5
9735a5a5
9736a5a5
9737a5a5
9738a5a5
9739a5a5
973aa5a5
973ba5a5
973ca5a5
973da5a5
973ea5a5
973fa5a5
9740a5a5
9741a5a5
9742a5a5
9743a5a5
9744a5a5
9745a5a5
9746a5a5
9747a5a5
9748a5a5
9749a5a5
974aa5a5
974ba5a5
974ca5a5
974da5a5
974ea5a5
974fa5a5
9750a5a5
9751a5a5
9752a5a5
9753a5a5
9754a5a5
9755a5a5
9756a5a5
9757a5a5
9758a5a5
9759a5a5
975aa5a5
975ba5a5
975ca5a5
975da5a5
975ea5a5
975fa5a5
9760a5a5
9761a5a5
9762a5a5
9763a5a5
9764a5a5
9765a5a5
9766a5a5
9767a5a5
9768a5a5
9769a5a5
976aa5a5
976ba5a5
976ca5a5
976da5a5
976ea5a5
976fa5a5
9770a5a5
9771a5a5
9772a5a5
9773a5a5
9774a5a5
9775a5a5
9776a5a5
9777a5a5
9778a5a5
9779a5a5
977aa5a5
977ba5a5
977ca5a5
977da5a5
977ea5a5
977fa5a5
9780a5a5
9781a5a5
9782a5a5
9783a5a5
9784a5a5
9785a5a5
9786a5a5
9787a5a5
9788a5a5
9789a5a5
978aa5a5
978ba5a5
978ca5a5
978da5a5
978ea5a5
978fa5a5
9790a5a5
9791a5a5
9792a5a5
9793a5a5
9794a5a5
9795a5a5
9796a5a5
9797a5a5
9798a5a5
9799a5a5
979aa5a5
979ba5a5
979ca5a5
979da5a5
979ea5a5
979fa5a5
97a0a5a5
97a1a5a5
97a2a5a5
97a3a5a5
97a4a5a5
97a5a5a5
97a6a5a5
97a7a5a5
97a8a5a5
97a9a5a5
97aaa5a5
97aba5a5
97aca5a5
97ada5a5
97aea5a5
97afa5a5
97b0a5a5
97b1a5a5
97b2a5a5
97b3a5a5
97b4a5a5
97b5a5a5
97b6a5a5
97b7a5a5
97b8a5a5
97b9a5a5
97baa5a5
97bba5a5
97bca5a5
97bda5a5
97bea5a5
97bfa5a5
97c0a5a5
97c1a5a5
97c2a5a5
97c3a5a5
97c4a5a5
97c5a5a5
97c6a5a5
97c7a5a5
97c8a5a5
97c9a5a5
97caa5a5
97cba5a5
97cca5a5
97cda5a5
97cea5a5
97cfa5a5
97d0a5a5
97d1a5a5
97d2a5a5
97d3a5a5
97d4a5a5
97d5a5a5
97d6a5a5
97d7a5a5
97d8a5a5
97d9a5a5
97daa5a5
97dba5a5
97dca5a5
97dda5a5
97dea5a5
97dfa5a5
97e0a5a5
97e1a5a5
97e2a5a5
97e3a5a5
97e4a5a5
97e5a5a5
97e6a5a5
97e7a5a5
97e8a5a5
97e9a5a5
97eaa5a5
97eba5a5
97eca5a5
97eda5a5
97eea5a5
97efa5a5
97f0a5a5
97f1a5a5
97f2a5a5
97f3a5a5
97f4a5a5
97f5a5a5
97f6a5a5
97f7a5a5
97f8a5a5
97f9a5a5
97faa5a5
97fba5a5
97fca5a5
97fda5a5
97fea5a5
97ffa5a5
9800a5a5
9801a5a5
9802a5a5
9803a5a5
9804a5a5
9805a5a5
9806a5a5
9807a5a5
9808a5a5
9809a5a5
980aa5a5
980ba5a5
980ca5a5
980da5a5
980ea5a5
980fa5a5
9810a5a5
9811a5a5
9812a5a5
9813a5a5
9814a5a5
9815a5a5
9816a5a5
9817a5a5
9818a5a5
9819a5a5
981aa5a5
981ba5a5
981ca5a5
981da5a5
981ea5a5
981fa5a5
9820a5a5
9821a5a5
9822a5a5
9823a5a5
9824a5a5
9825a5a5
9826a5a5
9827a5a5
9828a5a5
9829a5a5
982aa5a5
982ba5a5
982ca5a5
982da5a5
982ea5a5
982fa5a5
9830a5a5
9831a5a5
9832a5a5
9833a5a5
9834a5a5
9835a5a5
9836a5a5
9837a5a5
9838a5a5
9839a5a5
983aa5a5
983ba5a5
983ca5a5
983da5a5
983ea5a5
983fa5a5
9840a5a5
9841a5a5
9842a5a5
9843a5a5
9844a5a5
9845a5a5
9846a5a5
9847a5a5
9848a5a5
9849a5a5
984aa5a5
984ba5a5
984ca5a5
984da5a5
984ea5a5
984fa5a5
9850a5a5
9851a5a5
9852a5a5
9853a5a5
9854a5a5
9855a5a5
9856a5a5
9857a5a5
9858a5a5
9859a5a5
985aa5a5
985ba5a5
985ca5a5
985da5a5
985ea5a5
985fa5a5
9860a5a5
9861a5a5
9862a5a5
9863a5a5
9864a5a5
9865a5a5
9866a5a5
9867a5a5
9868a5a5
9869a5a5
986aa5a5
986ba5a5
986ca5a5
986da5a5
986ea5a5
986fa5a5
9870a5a5
9871a5a5
9872a5a5
9873a5a5
9874a5a5
9875a5a5
9876a5a5
9877a5a5
9878a5a5
9879a5a5
987aa5a5
987ba5a5
987ca5a5
987da5a5
987ea5a5
987fa5a5
9880a5a5
9881a5a5
9882a5a5
9883a5a5
9884a5a5
9885a5a5
9886a5a5
9887a5a5
9888a5a5
9889a5a5
988aa5a5
988ba5a5
988ca5a5
988da5a5
988ea5a5
988fa5a5
9890a5a5
9891a5a5
9892a5a5
9893a5a5
9894a5a5
9895a5a5
9896a5a5
9897a5a5
9898a5a5
9899a5a5
989aa5a5
989ba5a5
989ca5a5
989da5a5
989ea5a5
989fa5a5
98a0a5a5
98a1a5a5
98a2a5a5
98a3a5a5
98a4a5a5
98a5a5a5
98a6a5a5
98a7a5a5
98a8a5a5
98a9a5a5
98aaa5a5
98aba5a5
98aca5a5
98ada5a5
98aea5a5
98afa5a5
98b0a5a5
98b1a5a5
98b2a5a5
98b3a5a5
98b4a5a5
98b5a5a5
98b6a5a5
98b7a5a5
98b8a5a5
98b9a5a5
98baa5a5
98bba5a5
98bca5a5
98bda5a5
98bea5a5
98bfa5a5
98c0a5a5
98c1a5a5
98c2a5a5
98c3a5a5
98c4a5a5
98c5a5a5
98c6a5a5
98c7a5a5
98c8a5a5
98c9a5a5
98caa5a5
98cba5a5
98cca5a5
98cda5a5
98cea5a5
98cfa5a5
98d0a5a5
98d1a5a5
98d2a5a5
98d3a5a5
98d4a5a5
98d5a5a5
98d6a5a5
98d7a5a5
98d8a5a5
98d9a5a5
98daa5a5
98dba5a5
98dca5a5
98dda5a5
98dea5a5
98dfa5a5
98e0a5a5
98e1a5a5
98e2a5a5
98e3a5a5
98e4a5a5
98e5a5a5
98e6a5a5
98e7a5a5
98e8a5a5
98e9a5a5
98eaa5a5
98eba5a5
98eca5a5
98eda5a5
98eea5a5
98efa5a5
98f0a5a5
98f1a5a5
98f2a5a5
98f3a5a5
98f4a5a5
98f5a5a5
98f6a5a5
98f7a5a5
98f8a5a5
98f9a5a5
98faa5a5
98fba5a5
98fca5a5
98fda5a5
98fea5a5
98ffa5a5
9900a5a5
9901a5a5
9902a5a5
9903a5a5
9904a5a5
9905a5a5
9906a5a5
9907a5a5
9908a5a5
9909a5a5
990aa5a5
990ba5a5
990ca5a5
990da5a5
990ea5a5
990fa5a5
9910a5a5
9911a5a5
9912a5a5
9913a5a5
9914a5a5
9915a5a5
9916a5a5
9917a5a5
9918a5a5
9919a5a5
991aa5a5
991ba5a5
991ca5a5
991da5a5
991ea5a5
991fa5a5
9920a5a5
9921a5a5
9922a5a5
9923a5a5
9924a5a5
9925a5a5
9926a5a5
9927a5a5
9928a5a5
9929a5a5
992aa5a5
992ba5a5
992ca5a5
992da5a5
992ea5a5
992fa5a5
9930a5a5
9931a5a5
9932a5a5
9933a5a5
9934a5a5
9935a5a5
9936a5a5
9937a5a5
9938a5a5
9939a5a5
993aa5a5
993ba5a5
993ca5a5
993da5a5
993ea5a5
993fa5a5
9940a5a5
9941a5a5
9942a5a5
9943a5a5
9944a5a5
9945a5a5
9946a5a5
9947a5a5
9948a5a5
9949a5a5
994aa5a5
994ba5a5
994ca5a5
994da5a5
994ea5a5
994fa5a5
9950a5a5
9951a5a5
9952a5a5
9953a5a5
9954a5a5
9955a5a5
9956a5a5
9957a5a5
9958a5a5
9959a5a5
995aa5a5
995ba5a5
995ca5a5
995da5a5
995ea5a5
995fa5a5
9960a5a5
9961a5a5
9962a5a5
9963a5a5
9964a5a5
9965a5a5
9966a5a5
9967a5a5
9968a5a5
9969a5a5
996aa5a5
996ba5a5
996ca5a5
996da5a5
996ea5a5
996fa5a5
9970a5a5
9971a5a5
9972a5a5
9973a5a5
9974a5a5
9975a5a5
9976a5a5
9977a5a5
9978a5a5
9979a5a5
997aa5a5
997ba5a5
997ca5a5
997da5a5
997ea5a5
997fa5a5
9980a5a5
9981a5a5
9982a5a5
9983a5a5
9984a5a5
9985a5a5
9986a5a5
9987a5a5
9988a5a5
9989a5a5
998aa5a5
998ba5a5
998ca5a5
998da5a5
998ea5a5
998fa5a5
9990a5a5
9991a5a5
9992a5a5
9993a5a5
9994a5a5
9995a5a5
9996a5a5
9997a5a5
9998a5a5
9999a5a5
999aa5a5
999ba5a5
999ca5a5
999da5a5
999ea5a5
999fa5a5
99a0a5a5
99a1a5a5
99a2a5a5
99a3a5a5
99a4a5a5
99a5a5a5
99a6a5a5
99a7a5a5
99a8a5a5
99a9a5a5
99aaa5a5
99aba5a5
99aca5a5
99ada5a5
99aea5a5
99afa5a5
99b0a5a5
99b1a5a5
99b2a5a5
99b3a5a5
99b4a5a5
99b5a5a5
99b6a5a5
99b7a5a5
99b8a5a5
99b9a5a5
99baa5a5
99bba5a5
99bca5a5
99bda5a5
99bea5a5
99bfa5a5
99c0a5a5
99c1a5a5
99c2a5a5
99c3a5a5
99c4a5a5
99c5a5a5
99c6a5a5
99c7a5a5
99c8a5a5
99c9a5a5
99caa5a5
99cba5a5
99cca5a5
99cda5a5
99cea5a5
99cfa5a5
99d0a5a5
99d1a5a5
99d2a5a5
99d3a5a5
99d4a5a5
99d5a5a5
99d6a5a5
99d7a5a5
99d8a5a5
99d9a5a5
99daa5a5
99dba5a5
99dca5a5
99dda5a5
99dea5a5
99dfa5a5
99e0a5a5
99e1a5a5
99e2a5a5
99e3a5a5
99e4a5a5
99e5a5a5
99e6a5a5
99e7a5a5
99e8a5a5
99e9a5a5
99eaa5a5
99eba5a5
99eca5a5
99eda5a5
99eea5a5
99efa5a5
99f0a5a5
99f1a5a5
99f2a5a5
99f3a5a5
99f4a5a5
99f5a5a5
99f6a5a5
99f7a5a5
99f8a5a5
99f9a5a5
99faa5a5
99fba5a5
99fca5a5
99fda5a5
99fea5a5
99ffa5a5
9a00a5a5
9a01a5a5
9a02a5a5
9a03a5a5
9a04a5a5
9a05a5a5
9a06a5a5
9a07a5a5
9a08a5a5
9a09a5a5
9a0aa5a5
9a0ba5a5
9a0ca5a5
9a0da5a5
9a0ea5a5
9a0fa5a5
9a10a5a5
9a11a5a5
9a12a5a5
9a13a5a5
9a14a5a5
9a15a5a5
9a16a5a5
9a17a5a5
9a18a5a5
9a19a5a5
9a1aa5a5
9a1ba5a5
9a1ca5a5
9a1da5a5
9a1ea5a5
9a1fa5a5
9a20a5a5
9a21a5a5
9a22a5a5
9a23a5a5
9a24a5a5
9a25a5a5
9a26a5a5
9a27a5a5
9a28a5a5
9a29a5a5
9a2aa5a5
9a2ba5a5
9a2ca5a5
9a2da5a5
9a2ea5a5
9a2fa5a5
9a30a5a5
9a31a5a5
9a32a5a5
9a33a5a5
9a34a5a5
9a35a5a5
9a36a5a5
9a37a5a5
9a38a5a5
9a39a5a5
9a3aa5a5
9a3ba5a5
9a3ca5a5
9a3da5a5
9a3ea5a5
9a3fa5a5
9a40a5a5
9a41a5a5
9a42a5a5
9a43a5a5
9a44a5a5
9a45a5a5
9a46a5a5
9a47a5a5
9a48a5a5
9a49a5a5
9a4aa5a5
9a4ba5a5
9a4ca5a5
9a4da5a5
9a4ea5a5
9a4fa5a5
9a50a5a5
9a51a5a5
9a52a5a5
9a53a5a5
9a54a5a5
9a55a5a5
9a56a5a5
9a57a5a5
9a58a5a5
9a59a5a5
9a5aa5a5
9a5ba5a5
9a5ca5a5
9a5da5a5
9a5ea5a5
9a5fa5a5
9a60a5a5
9a61a5a5
9a62a5a5
9a63a5a5
9a64a5a5
9a65a5a5
9a66a5a5
9a67a5a5
9a68a5a5
9a69a5a5
9a6aa5a5
9a6ba5a5
9a6ca5a5
9a6da5a5
9a6ea5a5
9a6fa5a5
9a70a5a5
9a71a5a5
9a72a5a5
9a73a5a5
9a74a5a5
9a75a5a5
9a76a5a5
9a77a5a5
9a78a5a5
9a79a5a5
9a7aa5a5
9a7ba5a5
9a7ca5a5
9a7da5a5
9a7ea5a5
9a7fa5a5
9a80a5a5
9a81a5a5
9a82a5a5
9a83a5a5
9a84a5a5
9a85a5a5
9a86a5a5
9a87a5a5
9a88a5a5
9a89a5a5
9a8aa5a5
9a8ba5a5
9a8ca5a5
9a8da5a5
9a8ea5a5
9a8fa5a5
9a90a5a5
9a91a5a5
9a92a5a5
9a93a5a5
9a94a5a5
9a95a5a5
9a96a5a5
9a97a5a5
9a98a5a5
9a99a5a5
9a9aa5a5
9a9ba5a5
9a9ca5a5
9a9da5a5
9a9ea5a5
9a9fa5a5
9aa0a5a5
9aa1a5a5
9aa2a5a5
9aa3a5a5
9aa4a5a5
9aa5a5a5
9aa6a5a5
9aa7a5a5
9aa8a5a5
9aa9a5a5
9aaaa5a5
9aaba5a5
9aaca5a5
9aada5a5
9aaea5a5
9aafa5a5
9ab0a5a5
9ab1a5a5
9ab2a5a5
9ab3a5a5
9ab4a5a5
9ab5a5a5
9ab6a5a5
9ab7a5a5
9ab8a5a5
9ab9a5a5
9abaa5a5
9abba5a5
9abca5a5
9abda5a5
9abea5a5
9abfa5a5
9ac0a5a5
9ac1a5a5
9ac2a5a5
9ac3a5a5
9ac4a5a5
9ac5a5a5
9ac6a5a5
9ac7a5a5
9ac8a5a5
9ac9a5a5
9acaa5a5
9acba5a5
9acca5a5
9acda5a5
9acea5a5
9acfa5a5
9ad0a5a5
9ad1a5a5
9ad2a5a5
9ad3a5a5
9ad4a5a5
9ad5a5a5
9ad6a5a5
9ad7a5a5
9ad8a5a5
9ad9a5a5
9adaa5a5
9adba5a5
9adca5a5
9adda5a5
9adea5a5
9adfa5a5
9ae0a5a5
9ae1a5a5
9ae2a5a5
9ae3a5a5
9ae4a5a5
9ae5a5a5
9ae6a5a5
9ae7a5a5
9ae8a5a5
9ae9a5a5
9aeaa5a5
9aeba5a5
9aeca5a5
9aeda5a5
9aeea5a5
9aefa5a5
9af0a5a5
9af1a5a5
9af2a5a5
9af3a5a5
9af4a5a5
9af5a5a5
9af6a5a5
9af7a5a5
9af8a5a5
9af9a5a5
9afaa5a5
9afba5a5
9afca5a5
9afda5a5
9afea5a5
9affa5a5
9b00a5a5
9b01a5a5
9b02a5a5
9b03a5a5
9b04a5a5
9b05a5a5
9b06a5a5
9b07a5a5
9b08a5a5
9b09a5a5
9b0aa5a5
9b0ba5a5
9b0ca5a5
9b0da5a5
9b0ea5a5
9b0fa5a5
9b10a5a5
9b11a5a5
9b12a5a5
9b13a5a5
9b14a5a5
9b15a5a5
9b16a5a5
9b17a5a5
9b18a5a5
9b19a5a5
9b1aa5a5
9b1ba5a5
9b1ca5a5
9b1da5a5
9b1ea5a5
9b1fa5a5
9b20a5a5
9b21a5a5
9b22a5a5
9b23a5a5
9b24a5a5
9b25a5a5
9b26a5a5
9b27a5a5
9b28a5a5
9b29a5a5
9b2aa5a5
9b2ba5a5
9b2ca5a5
9b2da5a5
9b2ea5a5
9b2fa5a5
9b30a5a5
9b31a5a5
9b32a5a5
9b33a5a5
9b34a5a5
9b35a5a5
9b36a5a5
9b37a5a5
9b38a5a5
9b39a5a5
9b3aa5a5
9b3ba5a5
9b3ca5a5
9b3da5a5
9b3ea5a5
9b3fa5a5
9b40a5a5
9b41a5a5
9b42a5a5
9b43a5a5
9b44a5a5
9b45a5a5
9b46a5a5
9b47a5a5
9b48a5a5
9b49a5a5
9b4aa5a5
9b4ba5a5
9b4ca5a5
9b4da5a5
9b4ea5a5
9b4fa5a5
9b50a5a5
9b51a5a5
9b52a5a5
9b53a5a5
9b54a5a5
9b55a5a5
9b56a5a5
9b57a5a5
9b58a5a5
9b59a5a5
9b5aa5a5
9b5ba5a5
9b5ca5a5
9b5da5a5
9b5ea5a5
9b5fa5a5
9b60a5a5
9b61a5a5
9b62a5a5
9b63a5a5
9b64a5a5
9b65a5a5
9b66a5a5
9b67a5a5
9b68a5a5
9b69a5a5
9b6aa5a5
9b6ba5a5
9b6ca5a5
9b6da5a5
9b6ea5a5
9b6fa5a5
9b70a5a5
9b71a5a5
9b72a5a5
9b73a5a5
9b74a5a5
9b75a5a5
9b76a5a5
9b77a5a5
9b78a5a5
9b79a5a5
9b7aa5a5
9b7ba5a5
9b7ca5a5
9b7da5a5
9b7ea5a5
9b7fa5a5
9b80a5a5
9b81a5a5
9b82a5a5
9b83a5a5
9b84a5a5
9b85a5a5
9b86a5a5
9b87a5a5
9b88a5a5
9b89a5a5
9b8aa5a5
9b8ba5a5
9b8ca5a5
9b8da5a5
9b8ea5a5
9b8fa5a5
9b90a5a5
9b91a5a5
9b92a5a5
9b93a5a5
9b94a5a5
9b95a5a5
9b96a5a5
9b97a5a5
9b98a5a5
9b99a5a5
9b9aa5a5
9b9ba5a5
9b9ca5a5
9b9da5a5
9b9ea5a5
9b9fa5a5
9ba0a5a5
9ba1a5a5
9ba2a5a5
9ba3a5a5
9ba4a5a5
9ba5a5a5
9ba6a5a5
9ba7a5a5
9ba8a5a5
9ba9a5a5
9baaa5a5
9baba5a5
9baca5a5
9bada5a5
9baea5a5
9bafa5a5
9bb0a5a5
9bb1a5a5
9bb2a5a5
9bb3a5a5
9bb4a5a5
9bb5a5a5
9bb6a5a5
9bb7a5a5
9bb8a5a5
9bb9a5a5
9bbaa5a5
9bbba5a5
9bbca5a5
9bbda5a5
9bbea5a5
9bbfa5a5
9bc0a5a5
9bc1a5a5
9bc2a5a5
9bc3a5a5
9bc4a5a5
9bc5a5a5
9bc6a5a5
9bc7a5a5
9bc8a5a5
9bc9a5a5
9bcaa5a5
9bcba5a5
9bcca5a5
9bcda5a5
9bcea5a5
9bcfa5a5
9bd0a5a5
9bd1a5a5
9bd2a5a5
9bd3a5a5
9bd4a5a5
9bd5a5a5
9bd6a5a5
9bd7a5a5
9bd8a5a5
9bd9a5a5
9bdaa5a5
9bdba5a5
9bdca5a5
9bdda5a5
9bdea5a5
9bdfa5a5
9be0a5a5
9be1a5a5
9be2a5a5
9be3a5a5
9be4a5a5
9be5a5a5
9be6a5a5
9be7a5a5
9be8a5a5
9be9a5a5
9beaa5a5
9beba5a5
9beca5a5
9beda5a5
9beea5a5
9befa5a5
9bf0a5a5
9bf1a5a5
9bf2a5a5
9bf3a5a5
9bf4a5a5
9bf5a5a5
9bf6a5a5
9bf7a5a5
9bf8a5a5
9bf9a5a5
9bfaa5a5
9bfba5a5
9bfca5a5
9bfda5a5
9bfea5a5
9bffa5a5
9c00a5a5
9c01a5a5
9c02a5a5
9c03a5a5
9c04a5a5
9c05a5a5
9c06a5a5
9c07a5a5
9c08a5a5
9c09a5a5
9c0aa5a5
9c0ba5a5
9c0ca5a5
9c0da5a5
9c0ea5a5
9c0fa5a5
9c10a5a5
9c11a5a5
9c12a5a5
9c13a5a5
9c14a5a5
9c15a5a5
9c16a5a5
9c17a5a5
9c18a5a5
9c19a5a5
9c1aa5a5
9c1ba5a5
9c1ca5a5
9c1da5a5
9c1ea5a5
9c1fa5a5
9c20a5a5
9c21a5a5
9c22a5a5
9c23a5a5
9c24a5a5
9c25a5a5
9c26a5a5
9c27a5a5
9c28a5a5
9c29a5a5
9c2aa5a5
9c2ba5a5
9c2ca5a5
9c2da5a5
9c2ea5a5
9c2fa5a5
9c30a5a5
9c31a5a5
9c32a5a5
9c33a5a5
9c34a5a5
9c35a5a5
9c36a5a5
9c37a5a5
9c38a5a5
9c39a5a5
9c3aa5a5
9c3ba5a5
9c3ca5a5
9c3da5a5
9c3ea5a5
9c3fa5a5
9c40a5a5
9c41a5a5
9c42a5a5
9c43a5a5
9c44a5a5
9c45a5a5
9c46a5a5
9c47a5a5
9c48a5a5
9c49a5a5
9c4aa5a5
9c4ba5a5
9c4ca5a5
9c4da5a5
9c4ea5a5
9c4fa5a5
9c50a5a5
9c51a5a5
9c52a5a5
9c53a5a5
9c54a5a5
9c55a5a5
9c56a5a5
9c57a5a5
9c58a5a5
9c59a5a5
9c5aa5a5
9c5ba5a5
9c5ca5a5
9c5da5a5
9c5ea5a5
9c5fa5a5
9c60a5a5
9c61a5a5
9c62a5a5
9c63a5a5
9c64a5a5
9c65a5a5
9c66a5a5
9c67a5a5
9c68a5a5
9c69a5a5
9c6aa5a5
9c6ba5a5
9c6ca5a5
9c6da5a5
9c6ea5a5
9c6fa5a5
9c70a5a5
9c71a5a5
9c72a5a5
9c73a5a5
9c74a5a5
9c75a5a5
9c76a5a5
9c77a5a5
9c78a5a5
9c79a5a5
9c7aa5a5
9c7ba5a5
9c7ca5a5
9c7da5a5
9c7ea5a5
9c7fa5a5
9c80a5a5
9c81a5a5
9c82a5a5
9c83a5a5
9c84a5a5
9c85a5a5
9c86a5a5
9c87a5a5
9c88a5a5
9c89a5a5
9c8aa5a5
9c8ba5a5
9c8ca5a5
9c8da5a5
9c8ea5a5
9c8fa5a5
9c90a5a5
9c91a5a5
9c92a5a5
9c93a5a5
9c94a5a5
9c95a5a5
9c96a5a5
9c97a5a5
9c98a5a5
9c99a5a5
9c9aa5a5
9c9ba5a5
9c9ca5a5
9c9da5a5
9c9ea5a5
9c9fa5a5
9ca0a5a5
9ca1a5a5
9ca2a5a5
9ca3a5a5
9ca4a5a5
9ca5a5a5
9ca6a5a5
9ca7a5a5
9ca8a5a5
9ca9a5a5
9caaa5a5
9caba5a5
9caca5a5
9cada5a5
9caea5a5
9cafa5a5
9cb0a5a5
9cb1a5a5
9cb2a5a5
9cb3a5a5
9cb4a5a5
9cb5a5a5
9cb6a5a5
9cb7a5a5
9cb8a5a5
9cb9a5a5
9cbaa5a5
9cbba5a5
9cbca5a5
9cbda5a5
9cbea5a5
9cbfa5a5
9cc0a5a5
9cc1a5a5
9cc2a5a5
9cc3a5a5
9cc4a5a5
9cc5a5a5
9cc6a5a5
9cc7a5a5
9cc8a5a5
9cc9a5a5
9ccaa5a5
9ccba5a5
9ccca5a5
9ccda5a5
9ccea5a5
9ccfa5a5
9cd0a5a5
9cd1a5a5
9cd2a5a5
9cd3a5a5
9cd4a5a5
9cd5a5a5
9cd6a5a5
9cd7a5a5
9cd8a5a5
9cd9a5a5
9cdaa5a5
9cdba5a5
9cdca5a5
9cdda5a5
9cdea5a5
9cdfa5a5
9ce0a5a5
9ce1a5a5
9ce2a5a5
9ce3a5a5
9ce4a5a5
9ce5a5a5
9ce6a5a5
9ce7a5a5
9ce8a5a5
9ce9a5a5
9ceaa5a5
9ceba5a5
9ceca5a5
9ceda5a5
9ceea5a5
9cefa5a5
9cf0a5a5
9cf1a5a5
9cf2a5a5
9cf3a5a5
9cf4a5a5
9cf5a5a5
9cf6a5a5
9cf7a5a5
9cf8a5a5
9cf9a5a5
9cfaa5a5
9cfba5a5
9cfca5a5
9cfda5a5
9cfea5a5
9cffa5a5
9d00a5a5
9d01a5a5
9d02a5a5
9d03a5a5
9d04a5a5
9d05a5a5
9d06a5a5
9d07a5a5
9d08a5a5
9d09a5a5
9d0aa5a5
9d0ba5a5
9d0ca5a5
9d0da5a5
9d0ea5a5
9d0fa5a5
9d10a5a5
9d11a5a5
9d12a5a5
9d13a5a5
9d14a5a5
9d15a5a5
9d16a5a5
9d17a5a5
9d18a5a5
9d19a5a5
9d1aa5a5
9d1ba5a5
9d1ca5a5
9d1da5a5
9d1ea5a5
9d1fa5a5
9d20a5a5
9d21a5a5
9d22a5a5
9d23a5a5
9d24a5a5
9d25a5a5
9d26a5a5
9d27a5a5
9d28a5a5
9d29a5a5
9d2aa5a5
9d2ba5a5
9d2ca5a5
9d2da5a5
9d2ea5a5
9d2fa5a5
9d30a5a5
9d31a5a5
9d32a5a5
9d33a5a5
9d34a5a5
9d35a5a5
9d36a5a5
9d37a5a5
9d38a5a5
9d39a5a5
9d3aa5a5
9d3ba5a5
9d3ca5a5
9d3da5a5
9d3ea5a5
9d3fa5a5
9d40a5a5
9d41a5a5
9d42a5a5
9d43a5a5
9d44a5a5
9d45a5a5
9d46a5a5
9d47a5a5
9d48a5a5
9d49a5a5
9d4aa5a5
9d4ba5a5
9d4ca5a5
9d4da5a5
9d4ea5a5
9d4fa5a5
9d50a5a5
9d51a5a5
9d52a5a5
9d53a5a5
9d54a5a5
9d55a5a5
9d56a5a5
9d57a5a5
9d58a5a5
9d59a5a5
9d5aa5a5
9d5ba5a5
9d5ca5a5
9d5da5a5
9d5ea5a5
9d5fa5a5
9d60a5a5
9d61a5a5
9d62a5a5
9d63a5a5
9d64a5a5
9d65a5a5
9d66a5a5
9d67a5a5
9d68a5a5
9d69a5a5
9d6aa5a5
9d6ba5a5
9d6ca5a5
9d6da5a5
9d6ea5a5
9d6fa5a5
9d70a5a5
9d71a5a5
9d72a5a5
9d73a5a5
9d74a5a5
9d75a5a5
9d76a5a5
9d77a5a5
9d78a5a5
9d79a5a5
9d7aa5a5
9d7ba5a5
9d7ca5a5
9d7da5a5
9d7ea5a5
9d7fa5a5
9d80a5a5
9d81a5a5
9d82a5a5
9d83a5a5
9d84a5a5
9d85a5a5
9d86a5a5
9d87a5a5
9d88a5a5
9d89a5a5
9d8aa5a5
9d8ba5a5
9d8ca5a5
9d8da5a5
9d8ea5a5
9d8fa5a5
9d90a5a5
9d91a5a5
9d92a5a5
9d93a5a5
9d94a5a5
9d95a5a5
9d96a5a5
9d97a5a5
9d98a5a5
9d99a5a5
9d9aa5a5
9d9ba5a5
9d9ca5a5
9d9da5a5
9d9ea5a5
9d9fa5a5
9da0a5a5
9da1a5a5
9da2a5a5
9da3a5a5
9da4a5a5
9da5a5a5
9da6a5a5
9da7a5a5
9da8a5a5
9da9a5a5
9daaa5a5
9daba5a5
9daca5a5
9dada5a5
9daea5a5
9dafa5a5
9db0a5a5
9db1a5a5
9db2a5a5
9db3a5a5
9db4a5a5
9db5a5a5
9db6a5a5
9db7a5a5
9db8a5a5
9db9a5a5
9dbaa5a5
9dbba5a5
9dbca5a5
9dbda5a5
9dbea5a5
9dbfa5a5
9dc0a5a5
9dc1a5a5
9dc2a5a5
9dc3a5a5
9dc4a5a5
9dc5a5a5
9dc6a5a5
9dc7a5a5
9dc8a5a5
9dc9a5a5
9dcaa5a5
9dcba5a5
9dcca5a5
9dcda5a5
9dcea5a5
9dcfa5a5
9dd0a5a5
9dd1a5a5
9dd2a5a5
9dd3a5a5
9dd4a5a5
9dd5a5a5
9dd6a5a5
9dd7a5a5
9dd8a5a5
9dd9a5a5
9ddaa5a5
9ddba5a5
9ddca5a5
9ddda5a5
9ddea5a5
9ddfa5a5
9de0a5a5
9de1a5a5
9de2a5a5
9de3a5a5
9de4a5a5
9de5a5a5
9de6a5a5
9de7a5a5
9de8a5a5
9de9a5a5
9deaa5a5
9deba5a5
9deca5a5
9deda5a5
9deea5a5
9defa5a5
9df0a5a5
9df1a5a5
9df2a5a5
9df3a5a5
9df4a5a5
9df5a5a5
9df6a5a5
9df7a5a5
9df8a5a5
9df9a5a5
9dfaa5a5
9dfba5a5
9dfca5a5
9dfda5a5
9dfea5a5
9dffa5a5
9e00a5a5
9e01a5a5
9e02a5a5
9e03a5a5
9e04a5a5
9e05a5a5
9e06a5a5
9e07a5a5
9e08a5a5
9e09a5a5
9e0aa5a5
9e0ba5a5
9e0ca5a5
9e0da5a5
9e0ea5a5
9e0fa5a5
9e10a5a5
9e11a5a5
9e12a5a5
9e13a5a5
9e14a5a5
9e15a5a5
9e16a5a5
9e17a5a5
9e18a5a5
9e19a5a5
9e1aa5a5
9e1ba5a5
9e1ca5a5
9e1da5a5
9e1ea5a5
9e1fa5a5
9e20a5a5
9e21a5a5
9e22a5a5
9e23a5a5
9e24a5a5
9e25a5a5
9e26a5a5
9e27a5a5
9e28a5a5
9e29a5a5
9e2aa5a5
9e2ba5a5
9e2ca5a5
9e2da5a5
9e2ea5a5
9e2fa5a5
9e30a5a5
9e31a5a5
9e32a5a5
9e33a5a5
9e34a5a5
9e35a5a5
9e36a5a5
9e37a5a5
9e38a5a5
9e39a5a5
9e3aa5a5
9e3ba5a5
9e3ca5a5
9e3da5a5
9e3ea5a5
9e3fa5a5
9e40a5a5
9e41a5a5
9e42a5a5
9e43a5a5
9e44a5a5
9e45a5a5
9e46a5a5
9e47a5a5
9e48a5a5
9e49a5a5
9e4aa5a5
9e4ba5a5
9e4ca5a5
9e4da5a5
9e4ea5a5
9e4fa5a5
9e50a5a5
9e51a5a5
9e52a5a5
9e53a5a5
9e54a5a5
9e55a5a5
9e56a5a5
9e57a5a5
9e58a5a5
9e59a5a5
9e5aa5a5
9e5ba5a5
9e5ca5a5
9e5da5a5
9e5ea5a5
9e5fa5a5
9e60a5a5
9e61a5a5
9e62a5a5
9e63a5a5
9e64a5a5
9e65a5a5
9e66a5a5
9e67a5a5
9e68a5a5
9e69a5a5
9e6aa5a5
9e6ba5a5
9e6ca5a5
9e6da5a5
9e6ea5a5
9e6fa5a5
9e70a5a5
9e71a5a5
9e72a5a5
9e73a5a5
9e74a5a5
9e75a5a5
9e76a5a5
9e77a5a5
9e78a5a5
9e79a5a5
9e7aa5a5
9e7ba5a5
9e7ca5a5
9e7da5a5
9e7ea5a5
9e7fa5a5
9e80a5a5
9e81a5a5
9e82a5a5
9e83a5a5
9e84a5a5
9e85a5a5
9e86a5a5
9e87a5a5
9e88a5a5
9e89a5a5
9e8aa5a5
9e8ba5a5
9e8ca5a5
9e8da5a5
9e8ea5a5
9e8fa5a5
9e90a5a5
9e91a5a5
9e92a5a5
9e93a5a5
9e94a5a5
9e95a5a5
9e96a5a5
9e97a5a5
9e98a5a5
9e99a5a5
9e9aa5a5
9e9ba5a5
9e9ca5a5
9e9da5a5
9e9ea5a5
9e9fa5a5
9ea0a5a5
9ea1a5a5
9ea2a5a5
9ea3a5a5
9ea4a5a5
9ea5a5a5
9ea6a5a5
9ea7a5a5
9ea8a5a5
9ea9a5a5
9eaaa5a5
9eaba5a5
9eaca5a5
9eada5a5
9eaea5a5
9eafa5a5
9eb0a5a5
9eb1a5a5
9eb2a5a5
9eb3a5a5
9eb4a5a5
9eb5a5a5
9eb6a5a5
9eb7a5a5
9eb8a5a5
9eb9a5a5
9ebaa5a5
9ebba5a5
9ebca5a5
9ebda5a5
9ebea5a5
9ebfa5a5
9ec0a5a5
9ec1a5a5
9ec2a5a5
9ec3a5a5
9ec4a5a5
9ec5a5a5
9ec6a5a5
9ec7a5a5
9ec8a5a5
9ec9a5a5
9ecaa5a5
9ecba5a5
9ecca5a5
9ecda5a5
9ecea5a5
9ecfa5a5
9ed0a5a5
9ed1a5a5
9ed2a5a5
9ed3a5a5
9ed4a5a5
9ed5a5a5
9ed6a5a5
9ed7a5a5
9ed8a5a5
9ed9a5a5
9edaa5a5
9edba5a5
9edca5a5
9edda5a5
9edea5a5
9edfa5a5
9ee0a5a5
9ee1a5a5
9ee2a5a5
9ee3a5a5
9ee4a5a5
9ee5a5a5
9ee6a5a5
9ee7a5a5
9ee8a5a5
9ee9a5a5
9eeaa5a5
9eeba5a5
9eeca5a5
9eeda5a5
9eeea5a5
9eefa5a5
9ef0a5a5
9ef1a5a5
9ef2a5a5
9ef3a5a5
9ef4a5a5
9ef5a5a5
9ef6a5a5
9ef7a5a5
9ef8a5a5
9ef9a5a5
9efaa5a5
9efba5a5
9efca5a5
9efda5a5
9efea5a5
9effa5a5
9f00a5a5
9f01a5a5
9f02a5a5
9f03a5a5
9f04a5a5
9f05a5a5
9f06a5a5
9f07a5a5
9f08a5a5
9f09a5a5
9f0aa5a5
9f0ba5a5
9f0ca5a5
9f0da5a5
9f0ea5a5
9f0fa5a5
9f10a5a5
9f11a5a5
9f12a5a5
9f13a5a5
9f14a5a5
9f15a5a5
9f16a5a5
9f17a5a5
9f18a5a5
9f19a5a5
9f1aa5a5
9f1ba5a5
9f1ca5a5
9f1da5a5
9f1ea5a5
9f1fa5a5
9f20a5a5
9f21a5a5
9f22a5a5
9f23a5a5
9f24a5a5
9f25a5a5
9f26a5a5
9f27a5a5
9f28a5a5
9f29a5a5
9f2aa5a5
9f2ba5a5
9f2ca5a5
9f2da5a5
9f2ea5a5
9f2fa5a5
9f30a5a5
9f31a5a5
9f32a5a5
9f33a5a5
9f34a5a5
9f35a5a5
9f36a5a5
9f37a5a5
9f38a5a5
9f39a5a5
9f3aa5a5
9f3ba5a5
9f3ca5a5
9f3da5a5
9f3ea5a5
9f3fa5a5
9f40a5a5
9f41a5a5
9f42a5a5
9f43a5a5
9f44a5a5
9f45a5a5
9f46a5a5
9f47a5a5
9f48a5a5
9f49a5a5
9f4aa5a5
9f4ba5a5
9f4ca5a5
9f4da5a5
9f4ea5a5
9f4fa5a5
9f50a5a5
9f51a5a5
9f52a5a5
9f53a5a5
9f54a5a5
9f55a5a5
9f56a5a5
9f57a5a5
9f58a5a5
9f59a5a5
9f5aa5a5
9f5ba5a5
9f5ca5a5
9f5da5a5
9f5ea5a5
9f5fa5a5
9f60a5a5
9f61a5a5
9f62a5a5
9f63a5a5
9f64a5a5
9f65a5a5
9f66a5a5
9f67a5a5
9f68a5a5
9f69a5a5
9f6aa5a5
9f6ba5a5
9f6ca5a5
9f6da5a5
9f6ea5a5
9f6fa5a5
9f70a5a5
9f71a5a5
9f72a5a5
9f73a5a5
9f74a5a5
9f75a5a5
9f76a5a5
9f77a5a5
9f78a5a5
9f79a5a5
9f7aa5a5
9f7ba5a5
9f7ca5a5
9f7da5a5
9f7ea5a5
9f7fa5a5
9f80a5a5
9f81a5a5
9f82a5a5
9f83a5a5
9f84a5a5
9f85a5a5
9f86a5a5
9f87a5a5
9f88a5a5
9f89a5a5
9f8aa5a5
9f8ba5a5
9f8ca5a5
9f8da5a5
9f8ea5a5
9f8fa5a5
9f90a5a5
9f91a5a5
9f92a5a5
9f93a5a5
9f94a5a5
9f95a5a5
9f96a5a5
9f97a5a5
9f98a5a5
9f99a5a5
9f9aa5a5
9f9ba5a5
9f9ca5a5
9f9da5a5
9f9ea5a5
9f9fa5a5
9fa0a5a5
9fa1a5a5
9fa2a5a5
9fa3a5a5
9fa4a5a5
9fa5a5a5
9fa6a5a5
9fa7a5a5
9fa8a5a5
9fa9a5a5
9faaa5a5
9faba5a5
9faca5a5
9fada5a5
9faea5a5
9fafa5a5
9fb0a5a5
9fb1a5a5
9fb2a5a5
9fb3a5a5
9fb4a5a5
9fb5a5a5
9fb6a5a5
9fb7a5a5
9fb8a5a5
9fb9a5a5
9fbaa5a5
9fbba5a5
9fbca5a5
9fbda5a5
9fbea5a5
9fbfa5a5
9fc0a5a5
9fc1a5a5
9fc2a5a5
9fc3a5a5
9fc4a5a5
9fc5a5a5
9fc6a5a5
9fc7a5a5
9fc8a5a5
9fc9a5a5
9fcaa5a5
9fcba5a5
9fcca5a5
9fcda5a5
9fcea5a5
9fcfa5a5
9fd0a5a5
9fd1a5a5
9fd2a5a5
9fd3a5a5
9fd4a5a5
9fd5a5a5
9fd6a5a5
9fd7a5a5
9fd8a5a5
9fd9a5a5
9fdaa5a5
9fdba5a5
9fdca5a5
9fdda5a5
9fdea5a5
9fdfa5a5
9fe0a5a5
9fe1a5a5
9fe2a5a5
9fe3a5a5
9fe4a5a5
9fe5a5a5
9fe6a5a5
9fe7a5a5
9fe8a5a5
9fe9a5a5
9feaa5a5
9feba5a5
9feca5a5
9feda5a5
9feea5a5
9fefa5a5
9ff0a5a5
9ff1a5a5
9ff2a5a5
9ff3a5a5
9ff4a5a5
9ff5a5a5
9ff6a5a5
9ff7a5a5
9ff8a5a5
9ff9a5a5
9ffaa5a5
9ffba5a5
9ffca5a5
9ffda5a5
9ffea5a5
9fffa5a5
a000a5a5
a001a5a5
a002a5a5
a003a5a5
a004a5a5
a005a5a5
a006a5a5
a007a5a5
a008a5a5
a009a5a5
a00aa5a5
a00ba5a5
a00ca5a5
a00da5a5
a00ea5a5
a00fa5a5
a010a5a5
a011a5a5
a012a5a5
a013a5a5
a014a5a5
a015a5a5
a016a5a5
a017a5a5
a018a5a5
a019a5a5
a01aa5a5
a01ba5a5
a01ca5a5
a01da5a5
a01ea5a5
a01fa5a5
a020a5a5
a021a5a5
a022a5a5
a023a5a5
a024a5a5
a025a5a5
a026a5a5
a027a5a5
a028a5a5
a029a5a5
a02aa5a5
a02ba5a5
a02ca5a5
a02da5a5
a02ea5a5
a02fa5a5
a030a5a5
a031a5a5
a032a5a5
a033a5a5
a034a5a5
a035a5a5
a036a5a5
a037a5a5
a038a5a5
a039a5a5
a03aa5a5
a03ba5a5
a03ca5a5
a03da5a5
a03ea5a5
a03fa5a5
a040a5a5
a041a5a5
a042a5a5
a043a5a5
a044a5a5
a045a5a5
a046a5a5
a047a5a5
a048a5a5
a049a5a5
a04aa5a5
a04ba5a5
a04ca5a5
a04da5a5
a04ea5a5
a04fa5a5
a050a5a5
a051a5a5
a052a5a5
a053a5a5
a054a5a5
a055a5a5
a056a5a5
a057a5a5
a058a5a5
a059a5a5
a05aa5a5
a05ba5a5
a05ca5a5
a05da5a5
a05ea5a5
a05fa5a5
a060a5a5
a061a5a5
a062a5a5
a063a5a5
a064a5a5
a065a5a5
a066a5a5
a067a5a5
a068a5a5
a069a5a5
a06aa5a5
a06ba5a5
a06ca5a5
a06da5a5
a06ea5a5
a06fa5a5
a070a5a5
a071a5a5
a072a5a5
a073a5a5
a074a5a5
a075a5a5
a076a5a5
a077a5a5
a078a5a5
a079a5a5
a07aa5a5
a07ba5a5
a07ca5a5
a07da5a5
a07ea5a5
a07fa5a5
a080a5a5
a081a5a5
a082a5a5
a083a5a5
a084a5a5
a085a5a5
a086a5a5
a087a5a5
a088a5a5
a089a5a5
a08aa5a5
a08ba5a5
a08ca5a5
a08da5a5
a08ea5a5
a08fa5a5
a090a5a5
a091a5a5
a092a5a5
a093a5a5
a094a5a5
a095a5a5
a096a5a5
a097a5a5
a098a5a5
a099a5a5
a09aa5a5
a09ba5a5
a09ca5a5
a09da5a5
a09ea5a5
a09fa5a5
a0a0a5a5
a0a1a5a5
a0a2a5a5
a0a3a5a5
a0a4a5a5
a0a5a5a5
a0a6a5a5
a0a7a5a5
a0a8a5a5
a0a9a5a5
a0aaa5a5
a0aba5a5
a0aca5a5
a0ada5a5
a0aea5a5
a0afa5a5
a0b0a5a5
a0b1a5a5
a0b2a5a5
a0b3a5a5
a0b4a5a5
a0b5a5a5
a0b6a5a5
a0b7a5a5
a0b8a5a5
a0b9a5a5
a0baa5a5
a0bba5a5
a0bca5a5
a0bda5a5
a0bea5a5
a0bfa5a5
a0c0a5a5
a0c1a5a5
a0c2a5a5
a0c3a5a5
a0c4a5a5
a0c5a5a5
a0c6a5a5
a0c7a5a5
a0c8a5a5
a0c9a5a5
a0caa5a5
a0cba5a5
a0cca5a5
a0cda5a5
a0cea5a5
a0cfa5a5
a0d0a5a5
a0d1a5a5
a0d2a5a5
a0d3a5a5
a0d4a5a5
a0d5a5a5
a0d6a5a5
a0d7a5a5
a0d8a5a5
a0d9a5a5
a0daa5a5
a0dba5a5
a0dca5a5
a0dda5a5
a0dea5a5
a0dfa5a5
a0e0a5a5
a0e1a5a5
a0e2a5a5
a0e3a5a5
a0e4a5a5
a0e5a5a5
a0e6a5a5
a0e7a5a5
a0e8a5a5
a0e9a5a5
a0eaa5a5
a0eba5a5
a0eca5a5
a0eda5a5
a0eea5a5
a0efa5a5
a0f0a5a5
a0f1a5a5
a0f2a5a5
a0f3a5a5
a0f4a5a5
a0f5a5a5
a0f6a5a5
a0f7a5a5
a0f8a5a5
a0f9a5a5
a0faa5a5
a0fba5a5
a0fca5a5
a0fda5a5
a0fea5a5
a0ffa5a5
a100a5a5
a101a5a5
a102a5a5
a103a5a5
a104a5a5
a105a5a5
a106a5a5
a107a5a5
a108a5a5
a109a5a5
a10aa5a5
a10ba5a5
a10ca5a5
a10da5a5
a10ea5a5
a10fa5a5
a110a5a5
a111a5a5
a112a5a5
a113a5a5
a114a5a5
a115a5a5
a116a5a5
a117a5a5
a118a5a5
a119a5a5
a11aa5a5
a11ba5a5
a11ca5a5
a11da5a5
a11ea5a5
a11fa5a5
a120a5a5
a121a5a5
a122a5a5
a123a5a5
a124a5a5
a125a5a5
a126a5a5
a127a5a5
a128a5a5
a129a5a5
a12aa5a5
a12ba5a5
a12ca5a5
a12da5a5
a12ea5a5
a12fa5a5
a130a5a5
a131a5a5
a132a5a5
a133a5a5
a134a5a5
a135a5a5
a136a5a5
a137a5a5
a138a5a5
a139a5a5
a13aa5a5
a13ba5a5
a13ca5a5
a13da5a5
a13ea5a5
a13fa5a5
a140a5a5
a141a5a5
a142a5a5
a143a5a5
a144a5a5
a145a5a5
a146a5a5
a147a5a5
a148a5a5
a149a5a5
a14aa5a5
a14ba5a5
a14ca5a5
a14da5a5
a14ea5a5
a14fa5a5
a150a5a5
a151a5a5
a152a5a5
a153a5a5
a154a5a5
a155a5a5
a156a5a5
a157a5a5
a158a5a5
a159a5a5
a15aa5a5
a15ba5a5
a15ca5a5
a15da5a5
a15ea5a5
a15fa5a5
a160a5a5
a161a5a5
a162a5a5
a163a5a5
a164a5a5
a165a5a5
a166a5a5
a167a5a5
a168a5a5
a169a5a5
a16aa5a5
a16ba5a5
a16ca5a5
a16da5a5
a16ea5a5
a16fa5a5
a170a5a5
a171a5a5
a172a5a5
a173a5a5
a174a5a5
a175a5a5
a176a5a5
a177a5a5
a178a5a5
a179a5a5
a17aa5a5
a17ba5a5
a17ca5a5
a17da5a5
a17ea5a5
a17fa5a5
a180a5a5
a181a5a5
a182a5a5
a183a5a5
a184a5a5
a185a5a5
a186a5a5
a187a5a5
a188a5a5
a189a5a5
a18aa5a5
a18ba5a5
a18ca5a5
a18da5a5
a18ea5a5
a18fa5a5
a190a5a5
a191a5a5
a192a5a5
a193a5a5
a194a5a5
a195a5a5
a196a5a5
a197a5a5
a198a5a5
a199a5a5
a19aa5a5
a19ba5a5
a19ca5a5
a19da5a5
a19ea5a5
a19fa5a5
a1a0a5a5
a1a1a5a5
a1a2a5a5
a1a3a5a5
a1a4a5a5
a1a5a5a5
a1a6a5a5
a1a7a5a5
a1a8a5a5
a1a9a5a5
a1aaa5a5
a1aba5a5
a1aca5a5
a1ada5a5
a1aea5a5
a1afa5a5
a1b0a5a5
a1b1a5a5
a1b2a5a5
a1b3a5a5
a1b4a5a5
a1b5a5a5
a1b6a5a5
a1b7a5a5
a1b8a5a5
a1b9a5a5
a1baa5a5
a1bba5a5
a1bca5a5
a1bda5a5
a1bea5a5
a1bfa5a5
a1c0a5a5
a1c1a5a5
a1c2a5a5
a1c3a5a5
a1c4a5a5
a1c5a5a5
a1c6a5a5
a1c7a5a5
a1c8a5a5
a1c9a5a5
a1caa5a5
a1cba5a5
a1cca5a5
a1cda5a5
a1cea5a5
a1cfa5a5
a1d0a5a5
a1d1a5a5
a1d2a5a5
a1d3a5a5
a1d4a5a5
a1d5a5a5
a1d6a5a5
a1d7a5a5
a1d8a5a5
a1d9a5a5
a1daa5a5
a1dba5a5
a1dca5a5
a1dda5a5
a1dea5a5
a1dfa5a5
a1e0a5a5
a1e1a5a5
a1e2a5a5
a1e3a5a5
a1e4a5a5
a1e5a5a5
a1e6a5a5
a1e7a5a5
a1e8a5a5
a1e9a5a5
a1eaa5a5
a1eba5a5
a1eca5a5
a1eda5a5
a1eea5a5
a1efa5a5
a1f0a5a5
a1f1a5a5
a1f2a5a5
a1f3a5a5
a1f4a5a5
a1f5a5a5
a1f6a5a5
a1f7a5a5
a1f8a5a5
a1f9a5a5
a1faa5a5
a1fba5a5
a1fca5a5
a1fda5a5
a1fea5a5
a1ffa5a5
a200a5a5
a201a5a5
a202a5a5
a203a5a5
a204a5a5
a205a5a5
a206a5a5
a207a5a5
a208a5a5
a209a5a5
a20aa5a5
a20ba5a5
a20ca5a5
a20da5a5
a20ea5a5
a20fa5a5
a210a5a5
a211a5a5
a212a5a5
a213a5a5
a214a5a5
a215a5a5
a216a5a5
a217a5a5
a218a5a5
a219a5a5
a21aa5a5
a21ba5a5
a21ca5a5
a21da5a5
a21ea5a5
a21fa5a5
a220a5a5
a221a5a5
a222a5a5
a223a5a5
a224a5a5
a225a5a5
a226a5a5
a227a5a5
a228a5a5
a229a5a5
a22aa5a5
a22ba5a5
a22ca5a5
a22da5a5
a22ea5a5
a22fa5a5
a230a5a5
a231a5a5
a232a5a5
a233a5a5
a234a5a5
a235a5a5
a236a5a5
a237a5a5
a238a5a5
a239a5a5
a23aa5a5
a23ba5a5
a23ca5a5
a23da5a5
a23ea5a5
a23fa5a5
a240a5a5
a241a5a5
a242a5a5
a243a5a5
a244a5a5
a245a5a5
a246a5a5
a247a5a5
a248a5a5
a249a5a5
a24aa5a5
a24ba5a5
a24ca5a5
a24da5a5
a24ea5a5
a24fa5a5
a250a5a5
a251a5a5
a252a5a5
a253a5a5
a254a5a5
a255a5a5
a256a5a5
a257a5a5
a258a5a5
a259a5a5
a25aa5a5
a25ba5a5
a25ca5a5
a25da5a5
a25ea5a5
a25fa5a5
a260a5a5
a261a5a5
a262a5a5
a263a5a5
a264a5a5
a265a5a5
a266a5a5
a267a5a5
a268a5a5
a269a5a5
a26aa5a5
a26ba5a5
a26ca5a5
a26da5a5
a26ea5a5
a26fa5a5
a270a5a5
a271a5a5
a272a5a5
a273a5a5
a274a5a5
a275a5a5
a276a5a5
a277a5a5
a278a5a5
a279a5a5
a27aa5a5
a27ba5a5
a27ca5a5
a27da5a5
a27ea5a5
a27fa5a5
a280a5a5
a281a5a5
a282a5a5
a283a5a5
a284a5a5
a285a5a5
a286a5a5
a287a5a5
a288a5a5
a289a5a5
a28aa5a5
a28ba5a5
a28ca5a5
a28da5a5
a28ea5a5
a28fa5a5
a290a5a5
a291a5a5
a292a5a5
a293a5a5
a294a5a5
a295a5a5
a296a5a5
a297a5a5
a298a5a5
a299a5a5
a29aa5a5
a29ba5a5
a29ca5a5
a29da5a5
a29ea5a5
a29fa5a5
a2a0a5a5
a2a1a5a5
a2a2a5a5
a2a3a5a5
a2a4a5a5
a2a5a5a5
a2a6a5a5
a2a7a5a5
a2a8a5a5
a2a9a5a5
a2aaa5a5
a2aba5a5
a2aca5a5
a2ada5a5
a2aea5a5
a2afa5a5
a2b0a5a5
a2b1a5a5
a2b2a5a5
a2b3a5a5
a2b4a5a5
a2b5a5a5
a2b6a5a5
a2b7a5a5
a2b8a5a5
a2b9a5a5
a2baa5a5
a2bba5a5
a2bca5a5
a2bda5a5
a2bea5a5
a2bfa5a5
a2c0a5a5
a2c1a5a5
a2c2a5a5
a2c3a5a5
a2c4a5a5
a2c5a5a5
a2c6a5a5
a2c7a5a5
a2c8a5a5
a2c9a5a5
a2caa5a5
a2cba5a5
a2cca5a5
a2cda5a5
a2cea5a5
a2cfa5a5
a2d0a5a5
a2d1a5a5
a2d2a5a5
a2d3a5a5
a2d4a5a5
a2d5a5a5
a2d6a5a5
a2d7a5a5
a2d8a5a5
a2d9a5a5
a2daa5a5
a2dba5a5
a2dca5a5
a2dda5a5
a2dea5a5
a2dfa5a5
a2e0a5a5
a2e1a5a5
a2e2a5a5
a2e3a5a5
a2e4a5a5
a2e5a5a5
a2e6a5a5
a2e7a5a5
a2e8a5a5
a2e9a5a5
a2eaa5a5
a2eba5a5
a2eca5a5
a2eda5a5
a2eea5a5
a2efa5a5
a2f0a5a5
a2f1a5a5
a2f2a5a5
a2f3a5a5
a2f4a5a5
a2f5a5a5
a2f6a5a5
a2f7a5a5
a2f8a5a5
a2f9a5a5
a2faa5a5
a2fba5a5
a2fca5a5
a2fda5a5
a2fea5a5
a2ffa5a5
a300a5a5
a301a5a5
a302a5a5
a303a5a5
a304a5a5
a305a5a5
a306a5a5
a307a5a5
a308a5a5
a309a5a5
a30aa5a5
a30ba5a5
a30ca5a5
a30da5a5
a30ea5a5
a30fa5a5
a310a5a5
a311a5a5
a312a5a5
a313a5a5
a314a5a5
a315a5a5
a316a5a5
a317a5a5
a318a5a5
a319a5a5
a31aa5a5
a31ba5a5
a31ca5a5
a31da5a5
a31ea5a5
a31fa5a5
a320a5a5
a321a5a5
a322a5a5
a323a5a5
a324a5a5
a325a5a5
a326a5a5
a327a5a5
a328a5a5
a329a5a5
a32aa5a5
a32ba5a5
a32ca5a5
a32da5a5
a32ea5a5
a32fa5a5
a330a5a5
a331a5a5
a332a5a5
a333a5a5
a334a5a5
a335a5a5
a336a5a5
a337a5a5
a338a5a5
a339a5a5
a33aa5a5
a33ba5a5
a33ca5a5
a33da5a5
a33ea5a5
a33fa5a5
a340a5a5
a341a5a5
a342a5a5
a343a5a5
a344a5a5
a345a5a5
a346a5a5
a347a5a5
a348a5a5
a349a5a5
a34aa5a5
a34ba5a5
a34ca5a5
a34da5a5
a34ea5a5
a34fa5a5
a350a5a5
a351a5a5
a352a5a5
a353a5a5
a354a5a5
a355a5a5
a356a5a5
a357a5a5
a358a5a5
a359a5a5
a35aa5a5
a35ba5a5
a35ca5a5
a35da5a5
a35ea5a5
a35fa5a5
a360a5a5
a361a5a5
a362a5a5
a363a5a5
a364a5a5
a365a5a5
a366a5a5
a367a5a5
a368a5a5
a369a5a5
a36aa5a5
a36ba5a5
a36ca5a5
a36da5a5
a36ea5a5
a36fa5a5
a370a5a5
a371a5a5
a372a5a5
a373a5a5
a374a5a5
a375a5a5
a376a5a5
a377a5a5
a378a5a5
a379a5a5
a37aa5a5
a37ba5a5
a37ca5a5
a37da5a5
a37ea5a5
a37fa5a5
a380a5a5
a381a5a5
a382a5a5
a383a5a5
a384a5a5
a385a5a5
a386a5a5
a387a5a5
a388a5a5
a389a5a5
a38aa5a5
a38ba5a5
a38ca5a5
a38da5a5
a38ea5a5
a38fa5a5
a390a5a5
a391a5a5
a392a5a5
a393a5a5
a394a5a5
a395a5a5
a396a5a5
a397a5a5
a398a5a5
a399a5a5
a39aa5a5
a39ba5a5
a39ca5a5
a39da5a5
a39ea5a5
a39fa5a5
a3a0a5a5
a3a1a5a5
a3a2a5a5
a3a3a5a5
a3a4a5a5
a3a5a5a5
a3a6a5a5
a3a7a5a5
a3a8a5a5
a3a9a5a5
a3aaa5a5
a3aba5a5
a3aca5a5
a3ada5a5
a3aea5a5
a3afa5a5
a3b0a5a5
a3b1a5a5
a3b2a5a5
a3b3a5a5
a3b4a5a5
a3b5a5a5
a3b6a5a5
a3b7a5a5
a3b8a5a5
a3b9a5a5
a3baa5a5
a3bba5a5
a3bca5a5
a3bda5a5
a3bea5a5
a3bfa5a5
a3c0a5a5
a3c1a5a5
a3c2a5a5
a3c3a5a5
a3c4a5a5
a3c5a5a5
a3c6a5a5
a3c7a5a5
a3c8a5a5
a3c9a5a5
a3caa5a5
a3cba5a5
a3cca5a5
a3cda5a5
a3cea5a5
a3cfa5a5
a3d0a5a5
a3d1a5a5
a3d2a5a5
a3d3a5a5
a3d4a5a5
a3d5a5a5
a3d6a5a5
a3d7a5a5
a3d8a5a5
a3d9a5a5
a3daa5a5
a3dba5a5
a3dca5a5
a3dda5a5
a3dea5a5
a3dfa5a5
a3e0a5a5
a3e1a5a5
a3e2a5a5
a3e3a5a5
a3e4a5a5
a3e5a5a5
a3e6a5a5
a3e7a5a5
a3e8a5a5
a3e9a5a5
a3eaa5a5
a3eba5a5
a3eca5a5
a3eda5a5
a3eea5a5
a3efa5a5
a3f0a5a5
a3f1a5a5
a3f2a5a5
a3f3a5a5
a3f4a5a5
a3f5a5a5
a3f6a5a5
a3f7a5a5
a3f8a5a5
a3f9a5a5
a3faa5a5
a3fba5a5
a3fca5a5
a3fda5a5
a3fea5a5
a3ffa5a5
a400a5a5
a401a5a5
a402a5a5
a403a5a5
a404a5a5
a405a5a5
a406a5a5
a407a5a5
a408a5a5
a409a5a5
a40aa5a5
a40ba5a5
a40ca5a5
a40da5a5
a40ea5a5
a40fa5a5
a410a5a5
a411a5a5
a412a5a5
a413a5a5
a414a5a5
a415a5a5
a416a5a5
a417a5a5
a418a5a5
a419a5a5
a41aa5a5
a41ba5a5
a41ca5a5
a41da5a5
a41ea5a5
a41fa5a5
a420a5a5
a421a5a5
a422a5a5
a423a5a5
a424a5a5
a425a5a5
a426a5a5
a427a5a5
a428a5a5
a429a5a5
a42aa5a5
a42ba5a5
a42ca5a5
a42da5a5
a42ea5a5
a42fa5a5
a430a5a5
a431a5a5
a432a5a5
a433a5a5
a434a5a5
a435a5a5
a436a5a5
a437a5a5
a438a5a5
a439a5a5
a43aa5a5
a43ba5a5
a43ca5a5
a43da5a5
a43ea5a5
a43fa5a5
a440a5a5
a441a5a5
a442a5a5
a443a5a5
a444a5a5
a445a5a5
a446a5a5
a447a5a5
a448a5a5
a449a5a5
a44aa5a5
a44ba5a5
a44ca5a5
a44da5a5
a44ea5a5
a44fa5a5
a450a5a5
a451a5a5
a452a5a5
a453a5a5
a454a5a5
a455a5a5
a456a5a5
a457a5a5
a458a5a5
a459a5a5
a45aa5a5
a45ba5a5
a45ca5a5
a45da5a5
a45ea5a5
a45fa5a5
a460a5a5
a461a5a5
a462a5a5
a463a5a5
a464a5a5
a465a5a5
a466a5a5
a467a5a5
a468a5a5
a469a5a5
a46aa5a5
a46ba5a5
a46ca5a5
a46da5a5
a46ea5a5
a46fa5a5
a470a5a5
a471a5a5
a472a5a5
a473a5a5
a474a5a5
a475a5a5
a476a5a5
a477a5a5
a478a5a5
a479a5a5
a47aa5a5
a47ba5a5
a47ca5a5
a47da5a5
a47ea5a5
a47fa5a5
a480a5a5
a481a5a5
a482a5a5
a483a5a5
a484a5a5
a485a5a5
a486a5a5
a487a5a5
a488a5a5
a489a5a5
a48aa5a5
a48ba5a5
a48ca5a5
a48da5a5
a48ea5a5
a48fa5a5
a490a5a5
a491a5a5
a492a5a5
a493a5a5
a494a5a5
a495a5a5
a496a5a5
a497a5a5
a498a5a5
a499a5a5
a49aa5a5
a49ba5a5
a49ca5a5
a49da5a5
a49ea5a5
a49fa5a5
a4a0a5a5
a4a1a5a5
a4a2a5a5
a4a3a5a5
a4a4a5a5
a4a5a5a5
a4a6a5a5
a4a7a5a5
a4a8a5a5
a4a9a5a5
a4aaa5a5
a4aba5a5
a4aca5a5
a4ada5a5
a4aea5a5
a4afa5a5
a4b0a5a5
a4b1a5a5
a4b2a5a5
a4b3a5a5
a4b4a5a5
a4b5a5a5
a4b6a5a5
a4b7a5a5
a4b8a5a5
a4b9a5a5
a4baa5a5
a4bba5a5
a4bca5a5
a4bda5a5
a4bea5a5
a4bfa5a5
a4c0a5a5
a4c1a5a5
a4c2a5a5
a4c3a5a5
a4c4a5a5
a4c5a5a5
a4c6a5a5
a4c7a5a5
a4c8a5a5
a4c9a5a5
a4caa5a5
a4cba5a5
a4cca5a5
a4cda5a5
a4cea5a5
a4cfa5a5
a4d0a5a5
a4d1a5a5
a4d2a5a5
a4d3a5a5
a4d4a5a5
a4d5a5a5
a4d6a5a5
a4d7a5a5
a4d8a5a5
a4d9a5a5
a4daa5a5
a4dba5a5
a4dca5a5
a4dda5a5
a4dea5a5
a4dfa5a5
a4e0a5a5
a4e1a5a5
a4e2a5a5
a4e3a5a5
a4e4a5a5
a4e5a5a5
a4e6a5a5
a4e7a5a5
a4e8a5a5
a4e9a5a5
a4eaa5a5
a4eba5a5
a4eca5a5
a4eda5a5
a4eea5a5
a4efa5a5
a4f0a5a5
a4f1a5a5
a4f2a5a5
a4f3a5a5
a4f4a5a5
a4f5a5a5
a4f6a5a5
a4f7a5a5
a4f8a5a5
a4f9a5a5
a4faa5a5
a4fba5a5
a4fca5a5
a4fda5a5
a4fea5a5
a4ffa5a5
a500a5a5
a501a5a5
a502a5a5
a503a5a5
a504a5a5
a505a5a5
a506a5a5
a507a5a5
a508a5a5
a509a5a5
a50aa5a5
a50ba5a5
a50ca5a5
a50da5a5
a50ea5a5
a50fa5a5
a510a5a5
a511a5a5
a512a5a5
a513a5a5
a514a5a5
a515a5a5
a516a5a5
a517a5a5
a518a5a5
a519a5a5
a51aa5a5
a51ba5a5
a51ca5a5
a51da5a5
a51ea5a5
a51fa5a5
a520a5a5
a521a5a5
a522a5a5
a523a5a5
a524a5a5
a525a5a5
a526a5a5
a527a5a5
a528a5a5
a529a5a5
a52aa5a5
a52ba5a5
a52ca5a5
a52da5a5
a52ea5a5
a52fa5a5
a530a5a5
a531a5a5
a532a5a5
a533a5a5
a534a5a5
a535a5a5
a536a5a5
a537a5a5
a538a5a5
a539a5a5
a53aa5a5
a53ba5a5
a53ca5a5
a53da5a5
a53ea5a5
a53fa5a5
a540a5a5
a541a5a5
a542a5a5
a543a5a5
a544a5a5
a545a5a5
a546a5a5
a547a5a5
a548a5a5
a549a5a5
a54aa5a5
a54ba5a5
a54ca5a5
a54da5a5
a54ea5a5
a54fa5a5
a550a5a5
a551a5a5
a552a5a5
a553a5a5
a554a5a5
a555a5a5
a556a5a5
a557a5a5
a558a5a5
a559a5a5
a55aa5a5
a55ba5a5
a55ca5a5
a55da5a5
a55ea5a5
a55fa5a5
a560a5a5
a561a5a5
a562a5a5
a563a5a5
a564a5a5
a565a5a5
a566a5a5
a567a5a5
a568a5a5
a569a5a5
a56aa5a5
a56ba5a5
a56ca5a5
a56da5a5
a56ea5a5
a56fa5a5
a570a5a5
a571a5a5
a572a5a5
a573a5a5
a574a5a5
a575a5a5
a576a5a5
a577a5a5
a578a5a5
a579a5a5
a57aa5a5
a57ba5a5
a57ca5a5
a57da5a5
a57ea5a5
a57fa5a5
a580a5a5
a581a5a5
a582a5a5
a583a5a5
a584a5a5
a585a5a5
a586a5a5
a587a5a5
a588a5a5
a589a5a5
a58aa5a5
a58ba5a5
a58ca5a5
a58da5a5
a58ea5a5
a58fa5a5
a590a5a5
a591a5a5
a592a5a5
a593a5a5
a594a5a5
a595a5a5
a596a5a5
a597a5a5
a598a5a5
a599a5a5
a59aa5a5
a59ba5a5
a59ca5a5
a59da5a5
a59ea5a5
a59fa5a5
a5a0a5a5
a5a1a5a5
a5a2a5a5
a5a3a5a5
a5a4a5a5
a5a5a5a5
a5a6a5a5
a5a7a5a5
a5a8a5a5
a5a9a5a5
a5aaa5a5
a5aba5a5
a5aca5a5
a5ada5a5
a5aea5a5
a5afa5a5
a5b0a5a5
a5b1a5a5
a5b2a5a5
a5b3a5a5
a5b4a5a5
a5b5a5a5
a5b6a5a5
a5b7a5a5
a5b8a5a5
a5b9a5a5
a5baa5a5
a5bba5a5
a5bca5a5
a5bda5a5
a5bea5a5
a5bfa5a5
a5c0a5a5
a5c1a5a5
a5c2a5a5
a5c3a5a5
a5c4a5a5
a5c5a5a5
a5c6a5a5
a5c7a5a5
a5c8a5a5
a5c9a5a5
a5caa5a5
a5cba5a5
a5cca5a5
a5cda5a5
a5cea5a5
a5cfa5a5
a5d0a5a5
a5d1a5a5
a5d2a5a5
a5d3a5a5
a5d4a5a5
a5d5a5a5
a5d6a5a5
a5d7a5a5
a5d8a5a5
a5d9a5a5
a5daa5a5
a5dba5a5
a5dca5a5
a5dda5a5
a5dea5a5
a5dfa5a5
a5e0a5a5
a5e1a5a5
a5e2a5a5
a5e3a5a5
a5e4a5a5
a5e5a5a5
a5e6a5a5
a5e7a5a5
a5e8a5a5
a5e9a5a5
a5eaa5a5
a5eba5a5
a5eca5a5
a5eda5a5
a5eea5a5
a5efa5a5
a5f0a5a5
a5f1a5a5
a5f2a5a5
a5f3a5a5
a5f4a5a5
a5f5a5a5
a5f6a5a5
a5f7a5a5
a5f8a5a5
a5f9a5a5
a5faa5a5
a5fba5a5
a5fca5a5
a5fda5a5
a5fea5a5
a5ffa5a5
a600a5a5
a601a5a5
a602a5a5
a603a5a5
a604a5a5
a605a5a5
a606a5a5
a607a5a5
a608a5a5
a609a5a5
a60aa5a5
a60ba5a5
a60ca5a5
a60da5a5
a60ea5a5
a60fa5a5
a610a5a5
a611a5a5
a612a5a5
a613a5a5
a614a5a5
a615a5a5
a616a5a5
a617a5a5
a618a5a5
a619a5a5
a61aa5a5
a61ba5a5
a61ca5a5
a61da5a5
a61ea5a5
a61fa5a5
a620a5a5
a621a5a5
a622a5a5
a623a5a5
a624a5a5
a625a5a5
a626a5a5
a627a5a5
a628a5a5
a629a5a5
a62aa5a5
a62ba5a5
a62ca5a5
a62da5a5
a62ea5a5
a62fa5a5
a630a5a5
a631a5a5
a632a5a5
a633a5a5
a634a5a5
a635a5a5
a636a5a5
a637a5a5
a638a5a5
a639a5a5
a63aa5a5
a63ba5a5
a63ca5a5
a63da5a5
a63ea5a5
a63fa5a5
a640a5a5
a641a5a5
a642a5a5
a643a5a5
a644a5a5
a645a5a5
a646a5a5
a647a5a5
a648a5a5
a649a5a5
a64aa5a5
a64ba5a5
a64ca5a5
a64da5a5
a64ea5a5
a64fa5a5
a650a5a5
a651a5a5
a652a5a5
a653a5a5
a654a5a5
a655a5a5
a656a5a5
a657a5a5
a658a5a5
a659a5a5
a65aa5a5
a65ba5a5
a65ca5a5
a65da5a5
a65ea5a5
a65fa5a5
a660a5a5
a661a5a5
a662a5a5
a663a5a5
a664a5a5
a665a5a5
a666a5a5
a667a5a5
a668a5a5
a669a5a5
a66aa5a5
a66ba5a5
a66ca5a5
a66da5a5
a66ea5a5
a66fa5a5
a670a5a5
a671a5a5
a672a5a5
a673a5a5
a674a5a5
a675a5a5
a676a5a5
a677a5a5
a678a5a5
a679a5a5
a67aa5a5
a67ba5a5
a67ca5a5
a67da5a5
a67ea5a5
a67fa5a5
a680a5a5
a681a5a5
a682a5a5
a683a5a5
a684a5a5
a685a5a5
a686a5a5
a687a5a5
a688a5a5
a689a5a5
a68aa5a5
a68ba5a5
a68ca5a5
a68da5a5
a68ea5a5
a68fa5a5
a690a5a5
a691a5a5
a692a5a5
a693a5a5
a694a5a5
a695a5a5
a696a5a5
a697a5a5
a698a5a5
a699a5a5
a69aa5a5
a69ba5a5
a69ca5a5
a69da5a5
a69ea5a5
a69fa5a5
a6a0a5a5
a6a1a5a5
a6a2a5a5
a6a3a5a5
a6a4a5a5
a6a5a5a5
a6a6a5a5
a6a7a5a5
a6a8a5a5
a6a9a5a5
a6aaa5a5
a6aba5a5
a6aca5a5
a6ada5a5
a6aea5a5
a6afa5a5
a6b0a5a5
a6b1a5a5
a6b2a5a5
a6b3a5a5
a6b4a5a5
a6b5a5a5
a6b6a5a5
a6b7a5a5
a6b8a5a5
a6b9a5a5
a6baa5a5
a6bba5a5
a6bca5a5
a6bda5a5
a6bea5a5
a6bfa5a5
a6c0a5a5
a6c1a5a5
a6c2a5a5
a6c3a5a5
a6c4a5a5
a6c5a5a5
a6c6a5a5
a6c7a5a5
a6c8a5a5
a6c9a5a5
a6caa5a5
a6cba5a5
a6cca5a5
a6cda5a5
a6cea5a5
a6cfa5a5
a6d0a5a5
a6d1a5a5
a6d2a5a5
a6d3a5a5
a6d4a5a5
a6d5a5a5
a6d6a5a5
a6d7a5a5
a6d8a5a5
a6d9a5a5
a6daa5a5
a6dba5a5
a6dca5a5
a6dda5a5
a6dea5a5
a6dfa5a5
a6e0a5a5
a6e1a5a5
a6e2a5a5
a6e3a5a5
a6e4a5a5
a6e5a5a5
a6e6a5a5
a6e7a5a5
a6e8a5a5
a6e9a5a5
a6eaa5a5
a6eba5a5
a6eca5a5
a6eda5a5
a6eea5a5
a6efa5a5
a6f0a5a5
a6f1a5a5
a6f2a5a5
a6f3a5a5
a6f4a5a5
a6f5a5a5
a6f6a5a5
a6f7a5a5
a6f8a5a5
a6f9a5a5
a6faa5a5
a6fba5a5
a6fca5a5
a6fda5a5
a6fea5a5
a6ffa5a5
a700a5a5
a701a5a5
a702a5a5
a703a5a5
a704a5a5
a705a5a5
a706a5a5
a707a5a5
a708a5a5
a709a5a5
a70aa5a5
a70ba5a5
a70ca5a5
a70da5a5
a70ea5a5
a70fa5a5
a710a5a5
a711a5a5
a712a5a5
a713a5a5
a714a5a5
a715a5a5
a716a5a5
a717a5a5
a718a5a5
a719a5a5
a71aa5a5
a71ba5a5
a71ca5a5
a71da5a5
a71ea5a5
a71fa5a5
a720a5a5
a721a5a5
a722a5a5
a723a5a5
a724a5a5
a725a5a5
a726a5a5
a727a5a5
a728a5a5
a729a5a5
a72aa5a5
a72ba5a5
a72ca5a5
a72da5a5
a72ea5a5
a72fa5a5
a730a5a5
a731a5a5
a732a5a5
a733a5a5
a734a5a5
a735a5a5
a736a5a5
a737a5a5
a738a5a5
a739a5a5
a73aa5a5
a73ba5a5
a73ca5a5
a73da5a5
a73ea5a5
a73fa5a5
a740a5a5
a741a5a5
a742a5a5
a743a5a5
a744a5a5
a745a5a5
a746a5a5
a747a5a5
a748a5a5
a749a5a5
a74aa5a5
a74ba5a5
a74ca5a5
a74da5a5
a74ea5a5
a74fa5a5
a750a5a5
a751a5a5
a752a5a5
a753a5a5
a754a5a5
a755a5a5
a756a5a5
a757a5a5
a758a5a5
a759a5a5
a75aa5a5
a75ba5a5
a75ca5a5
a75da5a5
a75ea5a5
a75fa5a5
a760a5a5
a761a5a5
a762a5a5
a763a5a5
a764a5a5
a765a5a5
a766a5a5
a767a5a5
a768a5a5
a769a5a5
a76aa5a5
a76ba5a5
a76ca5a5
a76da5a5
a76ea5a5
a76fa5a5
a770a5a5
a771a5a5
a772a5a5
a773a5a5
a774a5a5
a775a5a5
a776a5a5
a777a5a5
a778a5a5
a779a5a5
a77aa5a5
a77ba5a5
a77ca5a5
a77da5a5
a77ea5a5
a77fa5a5
a780a5a5
a781a5a5
a782a5a5
a783a5a5
a784a5a5
a785a5a5
a786a5a5
a787a5a5
a788a5a5
a789a5a5
a78aa5a5
a78ba5a5
a78ca5a5
a78da5a5
a78ea5a5
a78fa5a5
a790a5a5
a791a5a5
a792a5a5
a793a5a5
a794a5a5
a795a5a5
a796a5a5
a797a5a5
a798a5a5
a799a5a5
a79aa5a5
a79ba5a5
a79ca5a5
a79da5a5
a79ea5a5
a79fa5a5
a7a0a5a5
a7a1a5a5
a7a2a5a5
a7a3a5a5
a7a4a5a5
a7a5a5a5
a7a6a5a5
a7a7a5a5
a7a8a5a5
a7a9a5a5
a7aaa5a5
a7aba5a5
a7aca5a5
a7ada5a5
a7aea5a5
a7afa5a5
a7b0a5a5
a7b1a5a5
a7b2a5a5
a7b3a5a5
a7b4a5a5
a7b5a5a5
a7b6a5a5
a7b7a5a5
a7b8a5a5
a7b9a5a5
a7baa5a5
a7bba5a5
a7bca5a5
a7bda5a5
a7bea5a5
a7bfa5a5
a7c0a5a5
a7c1a5a5
a7c2a5a5
a7c3a5a5
a7c4a5a5
a7c5a5a5
a7c6a5a5
a7c7a5a5
a7c8a5a5
a7c9a5a5
a7caa5a5
a7cba5a5
a7cca5a5
a7cda5a5
a7cea5a5
a7cfa5a5
a7d0a5a5
a7d1a5a5
a7d2a5a5
a7d3a5a5
a7d4a5a5
a7d5a5a5
a7d6a5a5
a7d7a5a5
a7d8a5a5
a7d9a5a5
a7daa5a5
a7dba5a5
a7dca5a5
a7dda5a5
a7dea5a5
a7dfa5a5
a7e0a5a5
a7e1a5a5
a7e2a5a5
a7e3a5a5
a7e4a5a5
a7e5a5a5
a7e6a5a5
a7e7a5a5
a7e8a5a5
a7e9a5a5
a7eaa5a5
a7eba5a5
a7eca5a5
a7eda5a5
a7eea5a5
a7efa5a5
a7f0a5a5
a7f1a5a5
a7f2a5a5
a7f3a5a5
a7f4a5a5
a7f5a5a5
a7f6a5a5
a7f7a5a5
a7f8a5a5
a7f9a5a5
a7faa5a5
a7fba5a5
a7fca5a5
a7fda5a5
a7fea5a5
a7ffa5a5
a800a5a5
a801a5a5
a802a5a5
a803a5a5
a804a5a5
a805a5a5
a806a5a5
a807a5a5
a808a5a5
a809a5a5
a80aa5a5
a80ba5a5
a80ca5a5
a80da5a5
a80ea5a5
a80fa5a5
a810a5a5
a811a5a5
a812a5a5
a813a5a5
a814a5a5
a815a5a5
a816a5a5
a817a5a5
a818a5a5
a819a5a5
a81aa5a5
a81ba5a5
a81ca5a5
a81da5a5
a81ea5a5
a81fa5a5
a820a5a5
a821a5a5
a822a5a5
a823a5a5
a824a5a5
a825a5a5
a826a5a5
a827a5a5
a828a5a5
a829a5a5
a82aa5a5
a82ba5a5
a82ca5a5
a82da5a5
a82ea5a5
a82fa5a5
a830a5a5
a831a5a5
a832a5a5
a833a5a5
a834a5a5
a835a5a5
a836a5a5
a837a5a5
a838a5a5
a839a5a5
a83aa5a5
a83ba5a5
a83ca5a5
a83da5a5
a83ea5a5
a83fa5a5
a840a5a5
a841a5a5
a842a5a5
a843a5a5
a844a5a5
a845a5a5
a846a5a5
a847a5a5
a848a5a5
a849a5a5
a84aa5a5
a84ba5a5
a84ca5a5
a84da5a5
a84ea5a5
a84fa5a5
a850a5a5
a851a5a5
a852a5a5
a853a5a5
a854a5a5
a855a5a5
a856a5a5
a857a5a5
a858a5a5
a859a5a5
a85aa5a5
a85ba5a5
a85ca5a5
a85da5a5
a85ea5a5
a85fa5a5
a860a5a5
a861a5a5
a862a5a5
a863a5a5
a864a5a5
a865a5a5
a866a5a5
a867a5a5
a868a5a5
a869a5a5
a86aa5a5
a86ba5a5
a86ca5a5
a86da5a5
a86ea5a5
a86fa5a5
a870a5a5
a871a5a5
a872a5a5
a873a5a5
a874a5a5
a875a5a5
a876a5a5
a877a5a5
a878a5a5
a879a5a5
a87aa5a5
a87ba5a5
a87ca5a5
a87da5a5
a87ea5a5
a87fa5a5
a880a5a5
a881a5a5
a882a5a5
a883a5a5
a884a5a5
a885a5a5
a886a5a5
a887a5a5
a888a5a5
a889a5a5
a88aa5a5
a88ba5a5
a88ca5a5
a88da5a5
a88ea5a5
a88fa5a5
a890a5a5
a891a5a5
a892a5a5
a893a5a5
a894a5a5
a895a5a5
a896a5a5
a897a5a5
a898a5a5
a899a5a5
a89aa5a5
a89ba5a5
a89ca5a5
a89da5a5
a89ea5a5
a89fa5a5
a8a0a5a5
a8a1a5a5
a8a2a5a5
a8a3a5a5
a8a4a5a5
a8a5a5a5
a8a6a5a5
a8a7a5a5
a8a8a5a5
a8a9a5a5
a8aaa5a5
a8aba5a5
a8aca5a5
a8ada5a5
a8aea5a5
a8afa5a5
a8b0a5a5
a8b1a5a5
a8b2a5a5
a8b3a5a5
a8b4a5a5
a8b5a5a5
a8b6a5a5
a8b7a5a5
a8b8a5a5
a8b9a5a5
a8baa5a5
a8bba5a5
a8bca5a5
a8bda5a5
a8bea5a5
a8bfa5a5
a8c0a5a5
a8c1a5a5
a8c2a5a5
a8c3a5a5
a8c4a5a5
a8c5a5a5
a8c6a5a5
a8c7a5a5
a8c8a5a5
a8c9a5a5
a8caa5a5
a8cba5a5
a8cca5a5
a8cda5a5
a8cea5a5
a8cfa5a5
a8d0a5a5
a8d1a5a5
a8d2a5a5
a8d3a5a5
a8d4a5a5
a8d5a5a5
a8d6a5a5
a8d7a5a5
a8d8a5a5
a8d9a5a5
a8daa5a5
a8dba5a5
a8dca5a5
a8dda5a5
a8dea5a5
a8dfa5a5
a8e0a5a5
a8e1a5a5
a8e2a5a5
a8e3a5a5
a8e4a5a5
a8e5a5a5
a8e6a5a5
a8e7a5a5
a8e8a5a5
a8e9a5a5
a8eaa5a5
a8eba5a5
a8eca5a5
a8eda5a5
a8eea5a5
a8efa5a5
a8f0a5a5
a8f1a5a5
a8f2a5a5
a8f3a5a5
a8f4a5a5
a8f5a5a5
a8f6a5a5
a8f7a5a5
a8f8a5a5
a8f9a5a5
a8faa5a5
a8fba5a5
a8fca5a5
a8fda5a5
a8fea5a5
a8ffa5a5
a900a5a5
a901a5a5
a902a5a5
a903a5a5
a904a5a5
a905a5a5
a906a5a5
a907a5a5
a908a5a5
a909a5a5
a90aa5a5
a90ba5a5
a90ca5a5
a90da5a5
a90ea5a5
a90fa5a5
a910a5a5
a911a5a5
a912a5a5
a913a5a5
a914a5a5
a915a5a5
a916a5a5
a917a5a5
a918a5a5
a919a5a5
a91aa5a5
a91ba5a5
a91ca5a5
a91da5a5
a91ea5a5
a91fa5a5
a920a5a5
a921a5a5
a922a5a5
a923a5a5
a924a5a5
a925a5a5
a926a5a5
a927a5a5
a928a5a5
a929a5a5
a92aa5a5
a92ba5a5
a92ca5a5
a92da5a5
a92ea5a5
a92fa5a5
a930a5a5
a931a5a5
a932a5a5
a933a5a5
a934a5a5
a935a5a5
a936a5a5
a937a5a5
a938a5a5
a939a5a5
a93aa5a5
a93ba5a5
a93ca5a5
a93da5a5
a93ea5a5
a93fa5a5
a940a5a5
a941a5a5
a942a5a5
a943a5a5
a944a5a5
a945a5a5
a946a5a5
a947a5a5
a948a5a5
a949a5a5
a94aa5a5
a94ba5a5
a94ca5a5
a94da5a5
a94ea5a5
a94fa5a5
a950a5a5
a951a5a5
a952a5a5
a953a5a5
a954a5a5
a955a5a5
a956a5a5
a957a5a5
a958a5a5
a959a5a5
a95aa5a5
a95ba5a5
a95ca5a5
a95da5a5
a95ea5a5
a95fa5a5
a960a5a5
a961a5a5
a962a5a5
a963a5a5
a964a5a5
a965a5a5
a966a5a5
a967a5a5
a968a5a5
a969a5a5
a96aa5a5
a96ba5a5
a96ca5a5
a96da5a5
a96ea5a5
a96fa5a5
a970a5a5
a971a5a5
a972a5a5
a973a5a5
a974a5a5
a975a5a5
a976a5a5
a977a5a5
a978a5a5
a979a5a5
a97aa5a5
a97ba5a5
a97ca5a5
a97da5a5
a97ea5a5
a97fa5a5
a980a5a5
a981a5a5
a982a5a5
a983a5a5
a984a5a5
a985a5a5
a986a5a5
a987a5a5
a988a5a5
a989a5a5
a98aa5a5
a98ba5a5
a98ca5a5
a98da5a5
a98ea5a5
a98fa5a5
a990a5a5
a991a5a5
a992a5a5
a993a5a5
a994a5a5
a995a5a5
a996a5a5
a997a5a5
a998a5a5
a999a5a5
a99aa5a5
a99ba5a5
a99ca5a5
a99da5a5
a99ea5a5
a99fa5a5
a9a0a5a5
a9a1a5a5
a9a2a5a5
a9a3a5a5
a9a4a5a5
a9a5a5a5
a9a6a5a5
a9a7a5a5
a9a8a5a5
a9a9a5a5
a9aaa5a5
a9aba5a5
a9aca5a5
a9ada5a5
a9aea5a5
a9afa5a5
a9b0a5a5
a9b1a5a5
a9b2a5a5
a9b3a5a5
a9b4a5a5
a9b5a5a5
a9b6a5a5
a9b7a5a5
a9b8a5a5
a9b9a5a5
a9baa5a5
a9bba5a5
a9bca5a5
a9bda5a5
a9bea5a5
a9bfa5a5
a9c0a5a5
a9c1a5a5
a9c2a5a5
a9c3a5a5
a9c4a5a5
a9c5a5a5
a9c6a5a5
a9c7a5a5
a9c8a5a5
a9c9a5a5
a9caa5a5
a9cba5a5
a9cca5a5
a9cda5a5
a9cea5a5
a9cfa5a5
a9d0a5a5
a9d1a5a5
a9d2a5a5
a9d3a5a5
a9d4a5a5
a9d5a5a5
a9d6a5a5
a9d7a5a5
a9d8a5a5
a9d9a5a5
a9daa5a5
a9dba5a5
a9dca5a5
a9dda5a5
a9dea5a5
a9dfa5a5
a9e0a5a5
a9e1a5a5
a9e2a5a5
a9e3a5a5
a9e4a5a5
a9e5a5a5
a9e6a5a5
a9e7a5a5
a9e8a5a5
a9e9a5a5
a9eaa5a5
a9eba5a5
a9eca5a5
a9eda5a5
a9eea5a5
a9efa5a5
a9f0a5a5
a9f1a5a5
a9f2a5a5
a9f3a5a5
a9f4a5a5
a9f5a5a5
a9f6a5a5
a9f7a5a5
a9f8a5a5
a9f9a5a5
a9faa5a5
a9fba5a5
a9fca5a5
a9fda5a5
a9fea5a5
a9ffa5a5
aa00a5a5
aa01a5a5
aa02a5a5
aa03a5a5
aa04a5a5
aa05a5a5
aa06a5a5
aa07a5a5
aa08a5a5
aa09a5a5
aa0aa5a5
aa0ba5a5
aa0ca5a5
aa0da5a5
aa0ea5a5
aa0fa5a5
aa10a5a5
aa11a5a5
aa12a5a5
aa13a5a5
aa14a5a5
aa15a5a5
aa16a5a5
aa17a5a5
aa18a5a5
aa19a5a5
aa1aa5a5
aa1ba5a5
aa1ca5a5
aa1da5a5
aa1ea5a5
aa1fa5a5
aa20a5a5
aa21a5a5
aa22a5a5
aa23a5a5
aa24a5a5
aa25a5a5
aa26a5a5
aa27a5a5
aa28a5a5
aa29a5a5
aa2aa5a5
aa2ba5a5
aa2ca5a5
aa2da5a5
aa2ea5a5
aa2fa5a5
aa30a5a5
aa31a5a5
aa32a5a5
aa33a5a5
aa34a5a5
aa35a5a5
aa36a5a5
aa37a5a5
aa38a5a5
aa39a5a5
aa3aa5a5
aa3ba5a5
aa3ca5a5
aa3da5a5
aa3ea5a5
aa3fa5a5
aa40a5a5
aa41a5a5
aa42a5a5
aa43a5a5
aa44a5a5
aa45a5a5
aa46a5a5
aa47a5a5
aa48a5a5
aa49a5a5
aa4aa5a5
aa4ba5a5
aa4ca5a5
aa4da5a5
aa4ea5a5
aa4fa5a5
aa50a5a5
aa51a5a5
aa52a5a5
aa53a5a5
aa54a5a5
aa55a5a5
aa56a5a5
aa57a5a5
aa58a5a5
aa59a5a5
aa5aa5a5
aa5ba5a5
aa5ca5a5
aa5da5a5
aa5ea5a5
aa5fa5a5
aa60a5a5
aa61a5a5
aa62a5a5
aa63a5a5
aa64a5a5
aa65a5a5
aa66a5a5
aa67a5a5
aa68a5a5
aa69a5a5
aa6aa5a5
aa6ba5a5
aa6ca5a5
aa6da5a5
aa6ea5a5
aa6fa5a5
aa70a5a5
aa71a5a5
aa72a5a5
aa73a5a5
aa74a5a5
aa75a5a5
aa76a5a5
aa77a5a5
aa78a5a5
aa79a5a5
aa7aa5a5
aa7ba5a5
aa7ca5a5
aa7da5a5
aa7ea5a5
aa7fa5a5
aa80a5a5
aa81a5a5
aa82a5a5
aa83a5a5
aa84a5a5
aa85a5a5
aa86a5a5
aa87a5a5
aa88a5a5
aa89a5a5
aa8aa5a5
aa8ba5a5
aa8ca5a5
aa8da5a5
aa8ea5a5
aa8fa5a5
aa90a5a5
aa91a5a5
aa92a5a5
aa93a5a5
aa94a5a5
aa95a5a5
aa96a5a5
aa97a5a5
aa98a5a5
aa99a5a5
aa9aa5a5
aa9ba5a5
aa9ca5a5
aa9da5a5
aa9ea5a5
aa9fa5a5
aaa0a5a5
aaa1a5a5
aaa2a5a5
aaa3a5a5
aaa4a5a5
aaa5a5a5
aaa6a5a5
aaa7a5a5
aaa8a5a5
aaa9a5a5
aaaaa5a5
aaaba5a5
aaaca5a5
aaada5a5
aaaea5a5
aaafa5a5
aab0a5a5
aab1a5a5
aab2a5a5
aab3a5a5
aab4a5a5
aab5a5a5
aab6a5a5
aab7a5a5
aab8a5a5
aab9a5a5
aabaa5a5
aabba5a5
aabca5a5
aabda5a5
aabea5a5
aabfa5a5
aac0a5a5
aac1a5a5
aac2a5a5
aac3a5a5
aac4a5a5
aac5a5a5
aac6a5a5
aac7a5a5
aac8a5a5
aac9a5a5
aacaa5a5
aacba5a5
aacca5a5
aacda5a5
aacea5a5
aacfa5a5
aad0a5a5
aad1a5a5
aad2a5a5
aad3a5a5
aad4a5a5
aad5a5a5
aad6a5a5
aad7a5a5
aad8a5a5
aad9a5a5
aadaa5a5
aadba5a5
aadca5a5
aadda5a5
aadea5a5
aadfa5a5
aae0a5a5
aae1a5a5
aae2a5a5
aae3a5a5
aae4a5a5
aae5a5a5
aae6a5a5
aae7a5a5
aae8a5a5
aae9a5a5
aaeaa5a5
aaeba5a5
aaeca5a5
aaeda5a5
aaeea5a5
aaefa5a5
aaf0a5a5
aaf1a5a5
aaf2a5a5
aaf3a5a5
aaf4a5a5
aaf5a5a5
aaf6a5a5
aaf7a5a5
aaf8a5a5
aaf9a5a5
aafaa5a5
aafba5a5
aafca5a5
aafda5a5
aafea5a5
aaffa5a5
ab00a5a5
ab01a5a5
ab02a5a5
ab03a5a5
ab04a5a5
ab05a5a5
ab06a5a5
ab07a5a5
ab08a5a5
ab09a5a5
ab0aa5a5
ab0ba5a5
ab0ca5a5
ab0da5a5
ab0ea5a5
ab0fa5a5
ab10a5a5
ab11a5a5
ab12a5a5
ab13a5a5
ab14a5a5
ab15a5a5
ab16a5a5
ab17a5a5
ab18a5a5
ab19a5a5
ab1aa5a5
ab1ba5a5
ab1ca5a5
ab1da5a5
ab1ea5a5
ab1fa5a5
ab20a5a5
ab21a5a5
ab22a5a5
ab23a5a5
ab24a5a5
ab25a5a5
ab26a5a5
ab27a5a5
ab28a5a5
ab29a5a5
ab2aa5a5
ab2ba5a5
ab2ca5a5
ab2da5a5
ab2ea5a5
ab2fa5a5
ab30a5a5
ab31a5a5
ab32a5a5
ab33a5a5
ab34a5a5
ab35a5a5
ab36a5a5
ab37a5a5
ab38a5a5
ab39a5a5
ab3aa5a5
ab3ba5a5
ab3ca5a5
ab3da5a5
ab3ea5a5
ab3fa5a5
ab40a5a5
ab41a5a5
ab42a5a5
ab43a5a5
ab44a5a5
ab45a5a5
ab46a5a5
ab47a5a5
ab48a5a5
ab49a5a5
ab4aa5a5
ab4ba5a5
ab4ca5a5
ab4da5a5
ab4ea5a5
ab4fa5a5
ab50a5a5
ab51a5a5
ab52a5a5
ab53a5a5
ab54a5a5
ab55a5a5
ab56a5a5
ab57a5a5
ab58a5a5
ab59a5a5
ab5aa5a5
ab5ba5a5
ab5ca5a5
ab5da5a5
ab5ea5a5
ab5fa5a5
ab60a5a5
ab61a5a5
ab62a5a5
ab63a5a5
ab64a5a5
ab65a5a5
ab66a5a5
ab67a5a5
ab68a5a5
ab69a5a5
ab6aa5a5
ab6ba5a5
ab6ca5a5
ab6da5a5
ab6ea5a5
ab6fa5a5
ab70a5a5
ab71a5a5
ab72a5a5
ab73a5a5
ab74a5a5
ab75a5a5
ab76a5a5
ab77a5a5
ab78a5a5
ab79a5a5
ab7aa5a5
ab7ba5a5
ab7ca5a5
ab7da5a5
ab7ea5a5
ab7fa5a5
ab80a5a5
ab81a5a5
ab82a5a5
ab83a5a5
ab84a5a5
ab85a5a5
ab86a5a5
ab87a5a5
ab88a5a5
ab89a5a5
ab8aa5a5
ab8ba5a5
ab8ca5a5
ab8da5a5
ab8ea5a5
ab8fa5a5
ab90a5a5
ab91a5a5
ab92a5a5
ab93a5a5
ab94a5a5
ab95a5a5
ab96a5a5
ab97a5a5
ab98a5a5
ab99a5a5
ab9aa5a5
ab9ba5a5
ab9ca5a5
ab9da5a5
ab9ea5a5
ab9fa5a5
aba0a5a5
aba1a5a5
aba2a5a5
aba3a5a5
aba4a5a5
aba5a5a5
aba6a5a5
aba7a5a5
aba8a5a5
aba9a5a5
abaaa5a5
ababa5a5
abaca5a5
abada5a5
abaea5a5
abafa5a5
abb0a5a5
abb1a5a5
abb2a5a5
abb3a5a5
abb4a5a5
abb5a5a5
abb6a5a5
abb7a5a5
abb8a5a5
abb9a5a5
abbaa5a5
abbba5a5
abbca5a5
abbda5a5
abbea5a5
abbfa5a5
abc0a5a5
abc1a5a5
abc2a5a5
abc3a5a5
abc4a5a5
abc5a5a5
abc6a5a5
abc7a5a5
abc8a5a5
abc9a5a5
abcaa5a5
abcba5a5
abcca5a5
abcda5a5
abcea5a5
abcfa5a5
abd0a5a5
abd1a5a5
abd2a5a5
abd3a5a5
abd4a5a5
abd5a5a5
abd6a5a5
abd7a5a5
abd8a5a5
abd9a5a5
abdaa5a5
abdba5a5
abdca5a5
abdda5a5
abdea5a5
abdfa5a5
abe0a5a5
abe1a5a5
abe2a5a5
abe3a5a5
abe4a5a5
abe5a5a5
abe6a5a5
abe7a5a5
abe8a5a5
abe9a5a5
abeaa5a5
abeba5a5
abeca5a5
abeda5a5
abeea5a5
abefa5a5
abf0a5a5
abf1a5a5
abf2a5a5
abf3a5a5
abf4a5a5
abf5a5a5
abf6a5a5
abf7a5a5
abf8a5a5
abf9a5a5
abfaa5a5
abfba5a5
abfca5a5
abfda5a5
abfea5a5
abffa5a5
ac00a5a5
ac01a5a5
ac02a5a5
ac03a5a5
ac04a5a5
ac05a5a5
ac06a5a5
ac07a5a5
ac08a5a5
ac09a5a5
ac0aa5a5
ac0ba5a5
ac0ca5a5
ac0da5a5
ac0ea5a5
ac0fa5a5
ac10a5a5
ac11a5a5
ac12a5a5
ac13a5a5
ac14a5a5
ac15a5a5
ac16a5a5
ac17a5a5
ac18a5a5
ac19a5a5
ac1aa5a5
ac1ba5a5
ac1ca5a5
ac1da5a5
ac1ea5a5
ac1fa5a5
ac20a5a5
ac21a5a5
ac22a5a5
ac23a5a5
ac24a5a5
ac25a5a5
ac26a5a5
ac27a5a5
ac28a5a5
ac29a5a5
ac2aa5a5
ac2ba5a5
ac2ca5a5
ac2da5a5
ac2ea5a5
ac2fa5a5
ac30a5a5
ac31a5a5
ac32a5a5
ac33a5a5
ac34a5a5
ac35a5a5
ac36a5a5
ac37a5a5
ac38a5a5
ac39a5a5
ac3aa5a5
ac3ba5a5
ac3ca5a5
ac3da5a5
ac3ea5a5
ac3fa5a5
ac40a5a5
ac41a5a5
ac42a5a5
ac43a5a5
ac44a5a5
ac45a5a5
ac46a5a5
ac47a5a5
ac48a5a5
ac49a5a5
ac4aa5a5
ac4ba5a5
ac4ca5a5
ac4da5a5
ac4ea5a5
ac4fa5a5
ac50a5a5
ac51a5a5
ac52a5a5
ac53a5a5
ac54a5a5
ac55a5a5
ac56a5a5
ac57a5a5
ac58a5a5
ac59a5a5
ac5aa5a5
ac5ba5a5
ac5ca5a5
ac5da5a5
ac5ea5a5
ac5fa5a5
ac60a5a5
ac61a5a5
ac62a5a5
ac63a5a5
ac64a5a5
ac65a5a5
ac66a5a5
ac67a5a5
ac68a5a5
ac69a5a5
ac6aa5a5
ac6ba5a5
ac6ca5a5
ac6da5a5
ac6ea5a5
ac6fa5a5
ac70a5a5
ac71a5a5
ac72a5a5
ac73a5a5
ac74a5a5
ac75a5a5
ac76a5a5
ac77a5a5
ac78a5a5
ac79a5a5
ac7aa5a5
ac7ba5a5
ac7ca5a5
ac7da5a5
ac7ea5a5
ac7fa5a5
ac80a5a5
ac81a5a5
ac82a5a5
ac83a5a5
ac84a5a5
ac85a5a5
ac86a5a5
ac87a5a5
ac88a5a5
ac89a5a5
ac8aa5a5
ac8ba5a5
ac8ca5a5
ac8da5a5
ac8ea5a5
ac8fa5a5
ac90a5a5
ac91a5a5
ac92a5a5
ac93a5a5
ac94a5a5
ac95a5a5
ac96a5a5
ac97a5a5
ac98a5a5
ac99a5a5
ac9aa5a5
ac9ba5a5
ac9ca5a5
ac9da5a5
ac9ea5a5
ac9fa5a5
aca0a5a5
aca1a5a5
aca2a5a5
aca3a5a5
aca4a5a5
aca5a5a5
aca6a5a5
aca7a5a5
aca8a5a5
aca9a5a5
acaaa5a5
acaba5a5
acaca5a5
acada5a5
acaea5a5
acafa5a5
acb0a5a5
acb1a5a5
acb2a5a5
acb3a5a5
acb4a5a5
acb5a5a5
acb6a5a5
acb7a5a5
acb8a5a5
acb9a5a5
acbaa5a5
acbba5a5
acbca5a5
acbda5a5
acbea5a5
acbfa5a5
acc0a5a5
acc1a5a5
acc2a5a5
acc3a5a5
acc4a5a5
acc5a5a5
acc6a5a5
acc7a5a5
acc8a5a5
acc9a5a5
accaa5a5
accba5a5
accca5a5
accda5a5
accea5a5
accfa5a5
acd0a5a5
acd1a5a5
acd2a5a5
acd3a5a5
acd4a5a5
acd5a5a5
acd6a5a5
acd7a5a5
acd8a5a5
acd9a5a5
acdaa5a5
acdba5a5
acdca5a5
acdda5a5
acdea5a5
acdfa5a5
ace0a5a5
ace1a5a5
ace2a5a5
ace3a5a5
ace4a5a5
ace5a5a5
ace6a5a5
ace7a5a5
ace8a5a5
ace9a5a5
aceaa5a5
aceba5a5
aceca5a5
aceda5a5
aceea5a5
acefa5a5
acf0a5a5
acf1a5a5
acf2a5a5
acf3a5a5
acf4a5a5
acf5a5a5
acf6a5a5
acf7a5a5
acf8a5a5
acf9a5a5
acfaa5a5
acfba5a5
acfca5a5
acfda5a5
acfea5a5
acffa5a5
ad00a5a5
ad01a5a5
ad02a5a5
ad03a5a5
ad04a5a5
ad05a5a5
ad06a5a5
ad07a5a5
ad08a5a5
ad09a5a5
ad0aa5a5
ad0ba5a5
ad0ca5a5
ad0da5a5
ad0ea5a5
ad0fa5a5
ad10a5a5
ad11a5a5
ad12a5a5
ad13a5a5
ad14a5a5
ad15a5a5
ad16a5a5
ad17a5a5
ad18a5a5
ad19a5a5
ad1aa5a5
ad1ba5a5
ad1ca5a5
ad1da5a5
ad1ea5a5
ad1fa5a5
ad20a5a5
ad21a5a5
ad22a5a5
ad23a5a5
ad24a5a5
ad25a5a5
ad26a5a5
ad27a5a5
ad28a5a5
ad29a5a5
ad2aa5a5
ad2ba5a5
ad2ca5a5
ad2da5a5
ad2ea5a5
ad2fa5a5
ad30a5a5
ad31a5a5
ad32a5a5
ad33a5a5
ad34a5a5
ad35a5a5
ad36a5a5
ad37a5a5
ad38a5a5
ad39a5a5
ad3aa5a5
ad3ba5a5
ad3ca5a5
ad3da5a5
ad3ea5a5
ad3fa5a5
ad40a5a5
ad41a5a5
ad42a5a5
ad43a5a5
ad44a5a5
ad45a5a5
ad46a5a5
ad47a5a5
ad48a5a5
ad49a5a5
ad4aa5a5
ad4ba5a5
ad4ca5a5
ad4da5a5
ad4ea5a5
ad4fa5a5
ad50a5a5
ad51a5a5
ad52a5a5
ad53a5a5
ad54a5a5
ad55a5a5
ad56a5a5
ad57a5a5
ad58a5a5
ad59a5a5
ad5aa5a5
ad5ba5a5
ad5ca5a5
ad5da5a5
ad5ea5a5
ad5fa5a5
ad60a5a5
ad61a5a5
ad62a5a5
ad63a5a5
ad64a5a5
ad65a5a5
ad66a5a5
ad67a5a5
ad68a5a5
ad69a5a5
ad6aa5a5
ad6ba5a5
ad6ca5a5
ad6da5a5
ad6ea5a5
ad6fa5a5
ad70a5a5
ad71a5a5
ad72a5a5
ad73a5a5
ad74a5a5
ad75a5a5
ad76a5a5
ad77a5a5
ad78a5a5
ad79a5a5
ad7aa5a5
ad7ba5a5
ad7ca5a5
ad7da5a5
ad7ea5a5
ad7fa5a5
ad80a5a5
ad81a5a5
ad82a5a5
ad83a5a5
ad84a5a5
ad85a5a5
ad86a5a5
ad87a5a5
ad88a5a5
ad89a5a5
ad8aa5a5
ad8ba5a5
ad8ca5a5
ad8da5a5
ad8ea5a5
ad8fa5a5
ad90a5a5
ad91a5a5
ad92a5a5
ad93a5a5
ad94a5a5
ad95a5a5
ad96a5a5
ad97a5a5
ad98a5a5
ad99a5a5
ad9aa5a5
ad9ba5a5
ad9ca5a5
ad9da5a5
ad9ea5a5
ad9fa5a5
ada0a5a5
ada1a5a5
ada2a5a5
ada3a5a5
ada4a5a5
ada5a5a5
ada6a5a5
ada7a5a5
ada8a5a5
ada9a5a5
adaaa5a5
adaba5a5
adaca5a5
adada5a5
adaea5a5
adafa5a5
adb0a5a5
adb1a5a5
adb2a5a5
adb3a5a5
adb4a5a5
adb5a5a5
adb6a5a5
adb7a5a5
adb8a5a5
adb9a5a5
adbaa5a5
adbba5a5
adbca5a5
adbda5a5
adbea5a5
adbfa5a5
adc0a5a5
adc1a5a5
adc2a5a5
adc3a5a5
adc4a5a5
adc5a5a5
adc6a5a5
adc7a5a5
adc8a5a5
adc9a5a5
adcaa5a5
adcba5a5
adcca5a5
adcda5a5
adcea5a5
adcfa5a5
add0a5a5
add1a5a5
add2a5a5
add3a5a5
add4a5a5
add5a5a5
add6a5a5
add7a5a5
add8a5a5
add9a5a5
addaa5a5
addba5a5
addca5a5
addda5a5
addea5a5
addfa5a5
ade0a5a5
ade1a5a5
ade2a5a5
ade3a5a5
ade4a5a5
ade5a5a5
ade6a5a5
ade7a5a5
ade8a5a5
ade9a5a5
adeaa5a5
adeba5a5
adeca5a5
adeda5a5
adeea5a5
adefa5a5
adf0a5a5
adf1a5a5
adf2a5a5
adf3a5a5
adf4a5a5
adf5a5a5
adf6a5a5
adf7a5a5
adf8a5a5
adf9a5a5
adfaa5a5
adfba5a5
adfca5a5
adfda5a5
adfea5a5
adffa5a5
ae00a5a5
ae01a5a5
ae02a5a5
ae03a5a5
ae04a5a5
ae05a5a5
ae06a5a5
ae07a5a5
ae08a5a5
ae09a5a5
ae0aa5a5
ae0ba5a5
ae0ca5a5
ae0da5a5
ae0ea5a5
ae0fa5a5
ae10a5a5
ae11a5a5
ae12a5a5
ae13a5a5
ae14a5a5
ae15a5a5
ae16a5a5
ae17a5a5
ae18a5a5
ae19a5a5
ae1aa5a5
ae1ba5a5
ae1ca5a5
ae1da5a5
ae1ea5a5
ae1fa5a5
ae20a5a5
ae21a5a5
ae22a5a5
ae23a5a5
ae24a5a5
ae25a5a5
ae26a5a5
ae27a5a5
ae28a5a5
ae29a5a5
ae2aa5a5
ae2ba5a5
ae2ca5a5
ae2da5a5
ae2ea5a5
ae2fa5a5
ae30a5a5
ae31a5a5
ae32a5a5
ae33a5a5
ae34a5a5
ae35a5a5
ae36a5a5
ae37a5a5
ae38a5a5
ae39a5a5
ae3aa5a5
ae3ba5a5
ae3ca5a5
ae3da5a5
ae3ea5a5
ae3fa5a5
ae40a5a5
ae41a5a5
ae42a5a5
ae43a5a5
ae44a5a5
ae45a5a5
ae46a5a5
ae47a5a5
ae48a5a5
ae49a5a5
ae4aa5a5
ae4ba5a5
ae4ca5a5
ae4da5a5
ae4ea5a5
ae4fa5a5
ae50a5a5
ae51a5a5
ae52a5a5
ae53a5a5
ae54a5a5
ae55a5a5
ae56a5a5
ae57a5a5
ae58a5a5
ae59a5a5
ae5aa5a5
ae5ba5a5
ae5ca5a5
ae5da5a5
ae5ea5a5
ae5fa5a5
ae60a5a5
ae61a5a5
ae62a5a5
ae63a5a5
ae64a5a5
ae65a5a5
ae66a5a5
ae67a5a5
ae68a5a5
ae69a5a5
ae6aa5a5
ae6ba5a5
ae6ca5a5
ae6da5a5
ae6ea5a5
ae6fa5a5
ae70a5a5
ae71a5a5
ae72a5a5
ae73a5a5
ae74a5a5
ae75a5a5
ae76a5a5
ae77a5a5
ae78a5a5
ae79a5a5
ae7aa5a5
ae7ba5a5
ae7ca5a5
ae7da5a5
ae7ea5a5
ae7fa5a5
ae80a5a5
ae81a5a5
ae82a5a5
ae83a5a5
ae84a5a5
ae85a5a5
ae86a5a5
ae87a5a5
ae88a5a5
ae89a5a5
ae8aa5a5
ae8ba5a5
ae8ca5a5
ae8da5a5
ae8ea5a5
ae8fa5a5
ae90a5a5
ae91a5a5
ae92a5a5
ae93a5a5
ae94a5a5
ae95a5a5
ae96a5a5
ae97a5a5
ae98a5a5
ae99a5a5
ae9aa5a5
ae9ba5a5
ae9ca5a5
ae9da5a5
ae9ea5a5
ae9fa5a5
aea0a5a5
aea1a5a5
aea2a5a5
aea3a5a5
aea4a5a5
aea5a5a5
aea6a5a5
aea7a5a5
aea8a5a5
aea9a5a5
aeaaa5a5
aeaba5a5
aeaca5a5
aeada5a5
aeaea5a5
aeafa5a5
aeb0a5a5
aeb1a5a5
aeb2a5a5
aeb3a5a5
aeb4a5a5
aeb5a5a5
aeb6a5a5
aeb7a5a5
aeb8a5a5
aeb9a5a5
aebaa5a5
aebba5a5
aebca5a5
aebda5a5
aebea5a5
aebfa5a5
aec0a5a5
aec1a5a5
aec2a5a5
aec3a5a5
aec4a5a5
aec5a5a5
aec6a5a5
aec7a5a5
aec8a5a5
aec9a5a5
aecaa5a5
aecba5a5
aecca5a5
aecda5a5
aecea5a5
aecfa5a5
aed0a5a5
aed1a5a5
aed2a5a5
aed3a5a5
aed4a5a5
aed5a5a5
aed6a5a5
aed7a5a5
aed8a5a5
aed9a5a5
aedaa5a5
aedba5a5
aedca5a5
aedda5a5
aedea5a5
aedfa5a5
aee0a5a5
aee1a5a5
aee2a5a5
aee3a5a5
aee4a5a5
aee5a5a5
aee6a5a5
aee7a5a5
aee8a5a5
aee9a5a5
aeeaa5a5
aeeba5a5
aeeca5a5
aeeda5a5
aeeea5a5
aeefa5a5
aef0a5a5
aef1a5a5
aef2a5a5
aef3a5a5
aef4a5a5
aef5a5a5
aef6a5a5
aef7a5a5
aef8a5a5
aef9a5a5
aefaa5a5
aefba5a5
aefca5a5
aefda5a5
aefea5a5
aeffa5a5
af00a5a5
af01a5a5
af02a5a5
af03a5a5
af04a5a5
af05a5a5
af06a5a5
af07a5a5
af08a5a5
af09a5a5
af0aa5a5
af0ba5a5
af0ca5a5
af0da5a5
af0ea5a5
af0fa5a5
af10a5a5
af11a5a5
af12a5a5
af13a5a5
af14a5a5
af15a5a5
af16a5a5
af17a5a5
af18a5a5
af19a5a5
af1aa5a5
af1ba5a5
af1ca5a5
af1da5a5
af1ea5a5
af1fa5a5
af20a5a5
af21a5a5
af22a5a5
af23a5a5
af24a5a5
af25a5a5
af26a5a5
af27a5a5
af28a5a5
af29a5a5
af2aa5a5
af2ba5a5
af2ca5a5
af2da5a5
af2ea5a5
af2fa5a5
af30a5a5
af31a5a5
af32a5a5
af33a5a5
af34a5a5
af35a5a5
af36a5a5
af37a5a5
af38a5a5
af39a5a5
af3aa5a5
af3ba5a5
af3ca5a5
af3da5a5
af3ea5a5
af3fa5a5
af40a5a5
af41a5a5
af42a5a5
af43a5a5
af44a5a5
af45a5a5
af46a5a5
af47a5a5
af48a5a5
af49a5a5
af4aa5a5
af4ba5a5
af4ca5a5
af4da5a5
af4ea5a5
af4fa5a5
af50a5a5
af51a5a5
af52a5a5
af53a5a5
af54a5a5
af55a5a5
af56a5a5
af57a5a5
af58a5a5
af59a5a5
af5aa5a5
af5ba5a5
af5ca5a5
af5da5a5
af5ea5a5
af5fa5a5
af60a5a5
af61a5a5
af62a5a5
af63a5a5
af64a5a5
af65a5a5
af66a5a5
af67a5a5
af68a5a5
af69a5a5
af6aa5a5
af6ba5a5
af6ca5a5
af6da5a5
af6ea5a5
af6fa5a5
af70a5a5
af71a5a5
af72a5a5
af73a5a5
af74a5a5
af75a5a5
af76a5a5
af77a5a5
af78a5a5
af79a5a5
af7aa5a5
af7ba5a5
af7ca5a5
af7da5a5
af7ea5a5
af7fa5a5
af80a5a5
af81a5a5
af82a5a5
af83a5a5
af84a5a5
af85a5a5
af86a5a5
af87a5a5
af88a5a5
af89a5a5
af8aa5a5
af8ba5a5
af8ca5a5
af8da5a5
af8ea5a5
af8fa5a5
af90a5a5
af91a5a5
af92a5a5
af93a5a5
af94a5a5
af95a5a5
af96a5a5
af97a5a5
af98a5a5
af99a5a5
af9aa5a5
af9ba5a5
af9ca5a5
af9da5a5
af9ea5a5
af9fa5a5
afa0a5a5
afa1a5a5
afa2a5a5
afa3a5a5
afa4a5a5
afa5a5a5
afa6a5a5
afa7a5a5
afa8a5a5
afa9a5a5
afaaa5a5
afaba5a5
afaca5a5
afada5a5
afaea5a5
afafa5a5
afb0a5a5
afb1a5a5
afb2a5a5
afb3a5a5
afb4a5a5
afb5a5a5
afb6a5a5
afb7a5a5
afb8a5a5
afb9a5a5
afbaa5a5
afbba5a5
afbca5a5
afbda5a5
afbea5a5
afbfa5a5
afc0a5a5
afc1a5a5
afc2a5a5
afc3a5a5
afc4a5a5
afc5a5a5
afc6a5a5
afc7a5a5
afc8a5a5
afc9a5a5
afcaa5a5
afcba5a5
afcca5a5
afcda5a5
afcea5a5
afcfa5a5
afd0a5a5
afd1a5a5
afd2a5a5
afd3a5a5
afd4a5a5
afd5a5a5
afd6a5a5
afd7a5a5
afd8a5a5
afd9a5a5
afdaa5a5
afdba5a5
afdca5a5
afdda5a5
afdea5a5
afdfa5a5
afe0a5a5
afe1a5a5
afe2a5a5
afe3a5a5
afe4a5a5
afe5a5a5
afe6a5a5
afe7a5a5
afe8a5a5
afe9a5a5
afeaa5a5
afeba5a5
afeca5a5
afeda5a5
afeea5a5
afefa5a5
aff0a5a5
aff1a5a5
aff2a5a5
aff3a5a5
aff4a5a5
aff5a5a5
aff6a5a5
aff7a5a5
aff8a5a5
aff9a5a5
affaa5a5
affba5a5
affca5a5
affda5a5
affea5a5
afffa5a5
b000a5a5
b001a5a5
b002a5a5
b003a5a5
b004a5a5
b005a5a5
b006a5a5
b007a5a5
b008a5a5
b009a5a5
b00aa5a5
b00ba5a5
b00ca5a5
b00da5a5
b00ea5a5
b00fa5a5
b010a5a5
b011a5a5
b012a5a5
b013a5a5
b014a5a5
b015a5a5
b016a5a5
b017a5a5
b018a5a5
b019a5a5
b01aa5a5
b01ba5a5
b01ca5a5
b01da5a5
b01ea5a5
b01fa5a5
b020a5a5
b021a5a5
b022a5a5
b023a5a5
b024a5a5
b025a5a5
b026a5a5
b027a5a5
b028a5a5
b029a5a5
b02aa5a5
b02ba5a5
b02ca5a5
b02da5a5
b02ea5a5
b02fa5a5
b030a5a5
b031a5a5
b032a5a5
b033a5a5
b034a5a5
b035a5a5
b036a5a5
b037a5a5
b038a5a5
b039a5a5
b03aa5a5
b03ba5a5
b03ca5a5
b03da5a5
b03ea5a5
b03fa5a5
b040a5a5
b041a5a5
b042a5a5
b043a5a5
b044a5a5
b045a5a5
b046a5a5
b047a5a5
b048a5a5
b049a5a5
b04aa5a5
b04ba5a5
b04ca5a5
b04da5a5
b04ea5a5
b04fa5a5
b050a5a5
b051a5a5
b052a5a5
b053a5a5
b054a5a5
b055a5a5
b056a5a5
b057a5a5
b058a5a5
b059a5a5
b05aa5a5
b05ba5a5
b05ca5a5
b05da5a5
b05ea5a5
b05fa5a5
b060a5a5
b061a5a5
b062a5a5
b063a5a5
b064a5a5
b065a5a5
b066a5a5
b067a5a5
b068a5a5
b069a5a5
b06aa5a5
b06ba5a5
b06ca5a5
b06da5a5
b06ea5a5
b06fa5a5
b070a5a5
b071a5a5
b072a5a5
b073a5a5
b074a5a5
b075a5a5
b076a5a5
b077a5a5
b078a5a5
b079a5a5
b07aa5a5
b07ba5a5
b07ca5a5
b07da5a5
b07ea5a5
b07fa5a5
b080a5a5
b081a5a5
b082a5a5
b083a5a5
b084a5a5
b085a5a5
b086a5a5
b087a5a5
b088a5a5
b089a5a5
b08aa5a5
b08ba5a5
b08ca5a5
b08da5a5
b08ea5a5
b08fa5a5
b090a5a5
b091a5a5
b092a5a5
b093a5a5
b094a5a5
b095a5a5
b096a5a5
b097a5a5
b098a5a5
b099a5a5
b09aa5a5
b09ba5a5
b09ca5a5
b09da5a5
b09ea5a5
b09fa5a5
b0a0a5a5
b0a1a5a5
b0a2a5a5
b0a3a5a5
b0a4a5a5
b0a5a5a5
b0a6a5a5
b0a7a5a5
b0a8a5a5
b0a9a5a5
b0aaa5a5
b0aba5a5
b0aca5a5
b0ada5a5
b0aea5a5
b0afa5a5
b0b0a5a5
b0b1a5a5
b0b2a5a5
b0b3a5a5
b0b4a5a5
b0b5a5a5
b0b6a5a5
b0b7a5a5
b0b8a5a5
b0b9a5a5
b0baa5a5
b0bba5a5
b0bca5a5
b0bda5a5
b0bea5a5
b0bfa5a5
b0c0a5a5
b0c1a5a5
b0c2a5a5
b0c3a5a5
b0c4a5a5
b0c5a5a5
b0c6a5a5
b0c7a5a5
b0c8a5a5
b0c9a5a5
b0caa5a5
b0cba5a5
b0cca5a5
b0cda5a5
b0cea5a5
b0cfa5a5
b0d0a5a5
b0d1a5a5
b0d2a5a5
b0d3a5a5
b0d4a5a5
b0d5a5a5
b0d6a5a5
b0d7a5a5
b0d8a5a5
b0d9a5a5
b0daa5a5
b0dba5a5
b0dca5a5
b0dda5a5
b0dea5a5
b0dfa5a5
b0e0a5a5
b0e1a5a5
b0e2a5a5
b0e3a5a5
b0e4a5a5
b0e5a5a5
b0e6a5a5
b0e7a5a5
b0e8a5a5
b0e9a5a5
b0eaa5a5
b0eba5a5
b0eca5a5
b0eda5a5
b0eea5a5
b0efa5a5
b0f0a5a5
b0f1a5a5
b0f2a5a5
b0f3a5a5
b0f4a5a5
b0f5a5a5
b0f6a5a5
b0f7a5a5
b0f8a5a5
b0f9a5a5
b0faa5a5
b0fba5a5
b0fca5a5
b0fda5a5
b0fea5a5
b0ffa5a5
b100a5a5
b101a5a5
b102a5a5
b103a5a5
b104a5a5
b105a5a5
b106a5a5
b107a5a5
b108a5a5
b109a5a5
b10aa5a5
b10ba5a5
b10ca5a5
b10da5a5
b10ea5a5
b10fa5a5
b110a5a5
b111a5a5
b112a5a5
b113a5a5
b114a5a5
b115a5a5
b116a5a5
b117a5a5
b118a5a5
b119a5a5
b11aa5a5
b11ba5a5
b11ca5a5
b11da5a5
b11ea5a5
b11fa5a5
b120a5a5
b121a5a5
b122a5a5
b123a5a5
b124a5a5
b125a5a5
b126a5a5
b127a5a5
b128a5a5
b129a5a5
b12aa5a5
b12ba5a5
b12ca5a5
b12da5a5
b12ea5a5
b12fa5a5
b130a5a5
b131a5a5
b132a5a5
b133a5a5
b134a5a5
b135a5a5
b136a5a5
b137a5a5
b138a5a5
b139a5a5
b13aa5a5
b13ba5a5
b13ca5a5
b13da5a5
b13ea5a5
b13fa5a5
b140a5a5
b141a5a5
b142a5a5
b143a5a5
b144a5a5
b145a5a5
b146a5a5
b147a5a5
b148a5a5
b149a5a5
b14aa5a5
b14ba5a5
b14ca5a5
b14da5a5
b14ea5a5
b14fa5a5
b150a5a5
b151a5a5
b152a5a5
b153a5a5
b154a5a5
b155a5a5
b156a5a5
b157a5a5
b158a5a5
b159a5a5
b15aa5a5
b15ba5a5
b15ca5a5
b15da5a5
b15ea5a5
b15fa5a5
b160a5a5
b161a5a5
b162a5a5
b163a5a5
b164a5a5
b165a5a5
b166a5a5
b167a5a5
b168a5a5
b169a5a5
b16aa5a5
b16ba5a5
b16ca5a5
b16da5a5
b16ea5a5
b16fa5a5
b170a5a5
b171a5a5
b172a5a5
b173a5a5
b174a5a5
b175a5a5
b176a5a5
b177a5a5
b178a5a5
b179a5a5
b17aa5a5
b17ba5a5
b17ca5a5
b17da5a5
b17ea5a5
b17fa5a5
b180a5a5
b181a5a5
b182a5a5
b183a5a5
b184a5a5
b185a5a5
b186a5a5
b187a5a5
b188a5a5
b189a5a5
b18aa5a5
b18ba5a5
b18ca5a5
b18da5a5
b18ea5a5
b18fa5a5
b190a5a5
b191a5a5
b192a5a5
b193a5a5
b194a5a5
b195a5a5
b196a5a5
b197a5a5
b198a5a5
b199a5a5
b19aa5a5
b19ba5a5
b19ca5a5
b19da5a5
b19ea5a5
b19fa5a5
b1a0a5a5
b1a1a5a5
b1a2a5a5
b1a3a5a5
b1a4a5a5
b1a5a5a5
b1a6a5a5
b1a7a5a5
b1a8a5a5
b1a9a5a5
b1aaa5a5
b1aba5a5
b1aca5a5
b1ada5a5
b1aea5a5
b1afa5a5
b1b0a5a5
b1b1a5a5
b1b2a5a5
b1b3a5a5
b1b4a5a5
b1b5a5a5
b1b6a5a5
b1b7a5a5
b1b8a5a5
b1b9a5a5
b1baa5a5
b1bba5a5
b1bca5a5
b1bda5a5
b1bea5a5
b1bfa5a5
b1c0a5a5
b1c1a5a5
b1c2a5a5
b1c3a5a5
b1c4a5a5
b1c5a5a5
b1c6a5a5
b1c7a5a5
b1c8a5a5
b1c9a5a5
b1caa5a5
b1cba5a5
b1cca5a5
b1cda5a5
b1cea5a5
b1cfa5a5
b1d0a5a5
b1d1a5a5
b1d2a5a5
b1d3a5a5
b1d4a5a5
b1d5a5a5
b1d6a5a5
b1d7a5a5
b1d8a5a5
b1d9a5a5
b1daa5a5
b1dba5a5
b1dca5a5
b1dda5a5
b1dea5a5
b1dfa5a5
b1e0a5a5
b1e1a5a5
b1e2a5a5
b1e3a5a5
b1e4a5a5
b1e5a5a5
b1e6a5a5
b1e7a5a5
b1e8a5a5
b1e9a5a5
b1eaa5a5
b1eba5a5
b1eca5a5
b1eda5a5
b1eea5a5
b1efa5a5
b1f0a5a5
b1f1a5a5
b1f2a5a5
b1f3a5a5
b1f4a5a5
b1f5a5a5
b1f6a5a5
b1f7a5a5
b1f8a5a5
b1f9a5a5
b1faa5a5
b1fba5a5
b1fca5a5
b1fda5a5
b1fea5a5
b1ffa5a5
b200a5a5
b201a5a5
b202a5a5
b203a5a5
b204a5a5
b205a5a5
b206a5a5
b207a5a5
b208a5a5
b209a5a5
b20aa5a5
b20ba5a5
b20ca5a5
b20da5a5
b20ea5a5
b20fa5a5
b210a5a5
b211a5a5
b212a5a5
b213a5a5
b214a5a5
b215a5a5
b216a5a5
b217a5a5
b218a5a5
b219a5a5
b21aa5a5
b21ba5a5
b21ca5a5
b21da5a5
b21ea5a5
b21fa5a5
b220a5a5
b221a5a5
b222a5a5
b223a5a5
b224a5a5
b225a5a5
b226a5a5
b227a5a5
b228a5a5
b229a5a5
b22aa5a5
b22ba5a5
b22ca5a5
b22da5a5
b22ea5a5
b22fa5a5
b230a5a5
b231a5a5
b232a5a5
b233a5a5
b234a5a5
b235a5a5
b236a5a5
b237a5a5
b238a5a5
b239a5a5
b23aa5a5
b23ba5a5
b23ca5a5
b23da5a5
b23ea5a5
b23fa5a5
b240a5a5
b241a5a5
b242a5a5
b243a5a5
b244a5a5
b245a5a5
b246a5a5
b247a5a5
b248a5a5
b249a5a5
b24aa5a5
b24ba5a5
b24ca5a5
b24da5a5
b24ea5a5
b24fa5a5
b250a5a5
b251a5a5
b252a5a5
b253a5a5
b254a5a5
b255a5a5
b256a5a5
b257a5a5
b258a5a5
b259a5a5
b25aa5a5
b25ba5a5
b25ca5a5
b25da5a5
b25ea5a5
b25fa5a5
b260a5a5
b261a5a5
b262a5a5
b263a5a5
b264a5a5
b265a5a5
b266a5a5
b267a5a5
b268a5a5
b269a5a5
b26aa5a5
b26ba5a5
b26ca5a5
b26da5a5
b26ea5a5
b26fa5a5
b270a5a5
b271a5a5
b272a5a5
b273a5a5
b274a5a5
b275a5a5
b276a5a5
b277a5a5
b278a5a5
b279a5a5
b27aa5a5
b27ba5a5
b27ca5a5
b27da5a5
b27ea5a5
b27fa5a5
b280a5a5
b281a5a5
b282a5a5
b283a5a5
b284a5a5
b285a5a5
b286a5a5
b287a5a5
b288a5a5
b289a5a5
b28aa5a5
b28ba5a5
b28ca5a5
b28da5a5
b28ea5a5
b28fa5a5
b290a5a5
b291a5a5
b292a5a5
b293a5a5
b294a5a5
b295a5a5
b296a5a5
b297a5a5
b298a5a5
b299a5a5
b29aa5a5
b29ba5a5
b29ca5a5
b29da5a5
b29ea5a5
b29fa5a5
b2a0a5a5
b2a1a5a5
b2a2a5a5
b2a3a5a5
b2a4a5a5
b2a5a5a5
b2a6a5a5
b2a7a5a5
b2a8a5a5
b2a9a5a5
b2aaa5a5
b2aba5a5
b2aca5a5
b2ada5a5
b2aea5a5
b2afa5a5
b2b0a5a5
b2b1a5a5
b2b2a5a5
b2b3a5a5
b2b4a5a5
b2b5a5a5
b2b6a5a5
b2b7a5a5
b2b8a5a5
b2b9a5a5
b2baa5a5
b2bba5a5
b2bca5a5
b2bda5a5
b2bea5a5
b2bfa5a5
b2c0a5a5
b2c1a5a5
b2c2a5a5
b2c3a5a5
b2c4a5a5
b2c5a5a5
b2c6a5a5
b2c7a5a5
b2c8a5a5
b2c9a5a5
b2caa5a5
b2cba5a5
b2cca5a5
b2cda5a5
b2cea5a5
b2cfa5a5
b2d0a5a5
b2d1a5a5
b2d2a5a5
b2d3a5a5
b2d4a5a5
b2d5a5a5
b2d6a5a5
b2d7a5a5
b2d8a5a5
b2d9a5a5
b2daa5a5
b2dba5a5
b2dca5a5
b2dda5a5
b2dea5a5
b2dfa5a5
b2e0a5a5
b2e1a5a5
b2e2a5a5
b2e3a5a5
b2e4a5a5
b2e5a5a5
b2e6a5a5
b2e7a5a5
b2e8a5a5
b2e9a5a5
b2eaa5a5
b2eba5a5
b2eca5a5
b2eda5a5
b2eea5a5
b2efa5a5
b2f0a5a5
b2f1a5a5
b2f2a5a5
b2f3a5a5
b2f4a5a5
b2f5a5a5
b2f6a5a5
b2f7a5a5
b2f8a5a5
b2f9a5a5
b2faa5a5
b2fba5a5
b2fca5a5
b2fda5a5
b2fea5a5
b2ffa5a5
b300a5a5
b301a5a5
b302a5a5
b303a5a5
b304a5a5
b305a5a5
b306a5a5
b307a5a5
b308a5a5
b309a5a5
b30aa5a5
b30ba5a5
b30ca5a5
b30da5a5
b30ea5a5
b30fa5a5
b310a5a5
b311a5a5
b312a5a5
b313a5a5
b314a5a5
b315a5a5
b316a5a5
b317a5a5
b318a5a5
b319a5a5
b31aa5a5
b31ba5a5
b31ca5a5
b31da5a5
b31ea5a5
b31fa5a5
b320a5a5
b321a5a5
b322a5a5
b323a5a5
b324a5a5
b325a5a5
b326a5a5
b327a5a5
b328a5a5
b329a5a5
b32aa5a5
b32ba5a5
b32ca5a5
b32da5a5
b32ea5a5
b32fa5a5
b330a5a5
b331a5a5
b332a5a5
b333a5a5
b334a5a5
b335a5a5
b336a5a5
b337a5a5
b338a5a5
b339a5a5
b33aa5a5
b33ba5a5
b33ca5a5
b33da5a5
b33ea5a5
b33fa5a5
b340a5a5
b341a5a5
b342a5a5
b343a5a5
b344a5a5
b345a5a5
b346a5a5
b347a5a5
b348a5a5
b349a5a5
b34aa5a5
b34ba5a5
b34ca5a5
b34da5a5
b34ea5a5
b34fa5a5
b350a5a5
b351a5a5
b352a5a5
b353a5a5
b354a5a5
b355a5a5
b356a5a5
b357a5a5
b358a5a5
b359a5a5
b35aa5a5
b35ba5a5
b35ca5a5
b35da5a5
b35ea5a5
b35fa5a5
b360a5a5
b361a5a5
b362a5a5
b363a5a5
b364a5a5
b365a5a5
b366a5a5
b367a5a5
b368a5a5
b369a5a5
b36aa5a5
b36ba5a5
b36ca5a5
b36da5a5
b36ea5a5
b36fa5a5
b370a5a5
b371a5a5
b372a5a5
b373a5a5
b374a5a5
b375a5a5
b376a5a5
b377a5a5
b378a5a5
b379a5a5
b37aa5a5
b37ba5a5
b37ca5a5
b37da5a5
b37ea5a5
b37fa5a5
b380a5a5
b381a5a5
b382a5a5
b383a5a5
b384a5a5
b385a5a5
b386a5a5
b387a5a5
b388a5a5
b389a5a5
b38aa5a5
b38ba5a5
b38ca5a5
b38da5a5
b38ea5a5
b38fa5a5
b390a5a5
b391a5a5
b392a5a5
b393a5a5
b394a5a5
b395a5a5
b396a5a5
b397a5a5
b398a5a5
b399a5a5
b39aa5a5
b39ba5a5
b39ca5a5
b39da5a5
b39ea5a5
b39fa5a5
b3a0a5a5
b3a1a5a5
b3a2a5a5
b3a3a5a5
b3a4a5a5
b3a5a5a5
b3a6a5a5
b3a7a5a5
b3a8a5a5
b3a9a5a5
b3aaa5a5
b3aba5a5
b3aca5a5
b3ada5a5
b3aea5a5
b3afa5a5
b3b0a5a5
b3b1a5a5
b3b2a5a5
b3b3a5a5
b3b4a5a5
b3b5a5a5
b3b6a5a5
b3b7a5a5
b3b8a5a5
b3b9a5a5
b3baa5a5
b3bba5a5
b3bca5a5
b3bda5a5
b3bea5a5
b3bfa5a5
b3c0a5a5
b3c1a5a5
b3c2a5a5
b3c3a5a5
b3c4a5a5
b3c5a5a5
b3c6a5a5
b3c7a5a5
b3c8a5a5
b3c9a5a5
b3caa5a5
b3cba5a5
b3cca5a5
b3cda5a5
b3cea5a5
b3cfa5a5
b3d0a5a5
b3d1a5a5
b3d2a5a5
b3d3a5a5
b3d4a5a5
b3d5a5a5
b3d6a5a5
b3d7a5a5
b3d8a5a5
b3d9a5a5
b3daa5a5
b3dba5a5
b3dca5a5
b3dda5a5
b3dea5a5
b3dfa5a5
b3e0a5a5
b3e1a5a5
b3e2a5a5
b3e3a5a5
b3e4a5a5
b3e5a5a5
b3e6a5a5
b3e7a5a5
b3e8a5a5
b3e9a5a5
b3eaa5a5
b3eba5a5
b3eca5a5
b3eda5a5
b3eea5a5
b3efa5a5
b3f0a5a5
b3f1a5a5
b3f2a5a5
b3f3a5a5
b3f4a5a5
b3f5a5a5
b3f6a5a5
b3f7a5a5
b3f8a5a5
b3f9a5a5
b3faa5a5
b3fba5a5
b3fca5a5
b3fda5a5
b3fea5a5
b3ffa5a5
b400a5a5
b401a5a5
b402a5a5
b403a5a5
b404a5a5
b405a5a5
b406a5a5
b407a5a5
b408a5a5
b409a5a5
b40aa5a5
b40ba5a5
b40ca5a5
b40da5a5
b40ea5a5
b40fa5a5
b410a5a5
b411a5a5
b412a5a5
b413a5a5
b414a5a5
b415a5a5
b416a5a5
b417a5a5
b418a5a5
b419a5a5
b41aa5a5
b41ba5a5
b41ca5a5
b41da5a5
b41ea5a5
b41fa5a5
b420a5a5
b421a5a5
b422a5a5
b423a5a5
b424a5a5
b425a5a5
b426a5a5
b427a5a5
b428a5a5
b429a5a5
b42aa5a5
b42ba5a5
b42ca5a5
b42da5a5
b42ea5a5
b42fa5a5
b430a5a5
b431a5a5
b432a5a5
b433a5a5
b434a5a5
b435a5a5
b436a5a5
b437a5a5
b438a5a5
b439a5a5
b43aa5a5
b43ba5a5
b43ca5a5
b43da5a5
b43ea5a5
b43fa5a5
b440a5a5
b441a5a5
b442a5a5
b443a5a5
b444a5a5
b445a5a5
b446a5a5
b447a5a5
b448a5a5
b449a5a5
b44aa5a5
b44ba5a5
b44ca5a5
b44da5a5
b44ea5a5
b44fa5a5
b450a5a5
b451a5a5
b452a5a5
b453a5a5
b454a5a5
b455a5a5
b456a5a5
b457a5a5
b458a5a5
b459a5a5
b45aa5a5
b45ba5a5
b45ca5a5
b45da5a5
b45ea5a5
b45fa5a5
b460a5a5
b461a5a5
b462a5a5
b463a5a5
b464a5a5
b465a5a5
b466a5a5
b467a5a5
b468a5a5
b469a5a5
b46aa5a5
b46ba5a5
b46ca5a5
b46da5a5
b46ea5a5
b46fa5a5
b470a5a5
b471a5a5
b472a5a5
b473a5a5
b474a5a5
b475a5a5
b476a5a5
b477a5a5
b478a5a5
b479a5a5
b47aa5a5
b47ba5a5
b47ca5a5
b47da5a5
b47ea5a5
b47fa5a5
b480a5a5
b481a5a5
b482a5a5
b483a5a5
b484a5a5
b485a5a5
b486a5a5
b487a5a5
b488a5a5
b489a5a5
b48aa5a5
b48ba5a5
b48ca5a5
b48da5a5
b48ea5a5
b48fa5a5
b490a5a5
b491a5a5
b492a5a5
b493a5a5
b494a5a5
b495a5a5
b496a5a5
b497a5a5
b498a5a5
b499a5a5
b49aa5a5
b49ba5a5
b49ca5a5
b49da5a5
b49ea5a5
b49fa5a5
b4a0a5a5
b4a1a5a5
b4a2a5a5
b4a3a5a5
b4a4a5a5
b4a5a5a5
b4a6a5a5
b4a7a5a5
b4a8a5a5
b4a9a5a5
b4aaa5a5
b4aba5a5
b4aca5a5
b4ada5a5
b4aea5a5
b4afa5a5
b4b0a5a5
b4b1a5a5
b4b2a5a5
b4b3a5a5
b4b4a5a5
b4b5a5a5
b4b6a5a5
b4b7a5a5
b4b8a5a5
b4b9a5a5
b4baa5a5
b4bba5a5
b4bca5a5
b4bda5a5
b4bea5a5
b4bfa5a5
b4c0a5a5
b4c1a5a5
b4c2a5a5
b4c3a5a5
b4c4a5a5
b4c5a5a5
b4c6a5a5
b4c7a5a5
b4c8a5a5
b4c9a5a5
b4caa5a5
b4cba5a5
b4cca5a5
b4cda5a5
b4cea5a5
b4cfa5a5
b4d0a5a5
b4d1a5a5
b4d2a5a5
b4d3a5a5
b4d4a5a5
b4d5a5a5
b4d6a5a5
b4d7a5a5
b4d8a5a5
b4d9a5a5
b4daa5a5
b4dba5a5
b4dca5a5
b4dda5a5
b4dea5a5
b4dfa5a5
b4e0a5a5
b4e1a5a5
b4e2a5a5
b4e3a5a5
b4e4a5a5
b4e5a5a5
b4e6a5a5
b4e7a5a5
b4e8a5a5
b4e9a5a5
b4eaa5a5
b4eba5a5
b4eca5a5
b4eda5a5
b4eea5a5
b4efa5a5
b4f0a5a5
b4f1a5a5
b4f2a5a5
b4f3a5a5
b4f4a5a5
b4f5a5a5
b4f6a5a5
b4f7a5a5
b4f8a5a5
b4f9a5a5
b4faa5a5
b4fba5a5
b4fca5a5
b4fda5a5
b4fea5a5
b4ffa5a5
b500a5a5
b501a5a5
b502a5a5
b503a5a5
b504a5a5
b505a5a5
b506a5a5
b507a5a5
b508a5a5
b509a5a5
b50aa5a5
b50ba5a5
b50ca5a5
b50da5a5
b50ea5a5
b50fa5a5
b510a5a5
b511a5a5
b512a5a5
b513a5a5
b514a5a5
b515a5a5
b516a5a5
b517a5a5
b518a5a5
b519a5a5
b51aa5a5
b51ba5a5
b51ca5a5
b51da5a5
b51ea5a5
b51fa5a5
b520a5a5
b521a5a5
b522a5a5
b523a5a5
b524a5a5
b525a5a5
b526a5a5
b527a5a5
b528a5a5
b529a5a5
b52aa5a5
b52ba5a5
b52ca5a5
b52da5a5
b52ea5a5
b52fa5a5
b530a5a5
b531a5a5
b532a5a5
b533a5a5
b534a5a5
b535a5a5
b536a5a5
b537a5a5
b538a5a5
b539a5a5
b53aa5a5
b53ba5a5
b53ca5a5
b53da5a5
b53ea5a5
b53fa5a5
b540a5a5
b541a5a5
b542a5a5
b543a5a5
b544a5a5
b545a5a5
b546a5a5
b547a5a5
b548a5a5
b549a5a5
b54aa5a5
b54ba5a5
b54ca5a5
b54da5a5
b54ea5a5
b54fa5a5
b550a5a5
b551a5a5
b552a5a5
b553a5a5
b554a5a5
b555a5a5
b556a5a5
b557a5a5
b558a5a5
b559a5a5
b55aa5a5
b55ba5a5
b55ca5a5
b55da5a5
b55ea5a5
b55fa5a5
b560a5a5
b561a5a5
b562a5a5
b563a5a5
b564a5a5
b565a5a5
b566a5a5
b567a5a5
b568a5a5
b569a5a5
b56aa5a5
b56ba5a5
b56ca5a5
b56da5a5
b56ea5a5
b56fa5a5
b570a5a5
b571a5a5
b572a5a5
b573a5a5
b574a5a5
b575a5a5
b576a5a5
b577a5a5
b578a5a5
b579a5a5
b57aa5a5
b57ba5a5
b57ca5a5
b57da5a5
b57ea5a5
b57fa5a5
b580a5a5
b581a5a5
b582a5a5
b583a5a5
b584a5a5
b585a5a5
b586a5a5
b587a5a5
b588a5a5
b589a5a5
b58aa5a5
b58ba5a5
b58ca5a5
b58da5a5
b58ea5a5
b58fa5a5
b590a5a5
b591a5a5
b592a5a5
b593a5a5
b594a5a5
b595a5a5
b596a5a5
b597a5a5
b598a5a5
b599a5a5
b59aa5a5
b59ba5a5
b59ca5a5
b59da5a5
b59ea5a5
b59fa5a5
b5a0a5a5
b5a1a5a5
b5a2a5a5
b5a3a5a5
b5a4a5a5
b5a5a5a5
b5a6a5a5
b5a7a5a5
b5a8a5a5
b5a9a5a5
b5aaa5a5
b5aba5a5
b5aca5a5
b5ada5a5
b5aea5a5
b5afa5a5
b5b0a5a5
b5b1a5a5
b5b2a5a5
b5b3a5a5
b5b4a5a5
b5b5a5a5
b5b6a5a5
b5b7a5a5
b5b8a5a5
b5b9a5a5
b5baa5a5
b5bba5a5
b5bca5a5
b5bda5a5
b5bea5a5
b5bfa5a5
b5c0a5a5
b5c1a5a5
b5c2a5a5
b5c3a5a5
b5c4a5a5
b5c5a5a5
b5c6a5a5
b5c7a5a5
b5c8a5a5
b5c9a5a5
b5caa5a5
b5cba5a5
b5cca5a5
b5cda5a5
b5cea5a5
b5cfa5a5
b5d0a5a5
b5d1a5a5
b5d2a5a5
b5d3a5a5
b5d4a5a5
b5d5a5a5
b5d6a5a5
b5d7a5a5
b5d8a5a5
b5d9a5a5
b5daa5a5
b5dba5a5
b5dca5a5
b5dda5a5
b5dea5a5
b5dfa5a5
b5e0a5a5
b5e1a5a5
b5e2a5a5
b5e3a5a5
b5e4a5a5
b5e5a5a5
b5e6a5a5
b5e7a5a5
b5e8a5a5
b5e9a5a5
b5eaa5a5
b5eba5a5
b5eca5a5
b5eda5a5
b5eea5a5
b5efa5a5
b5f0a5a5
b5f1a5a5
b5f2a5a5
b5f3a5a5
b5f4a5a5
b5f5a5a5
b5f6a5a5
b5f7a5a5
b5f8a5a5
b5f9a5a5
b5faa5a5
b5fba5a5
b5fca5a5
b5fda5a5
b5fea5a5
b5ffa5a5
b600a5a5
b601a5a5
b602a5a5
b603a5a5
b604a5a5
b605a5a5
b606a5a5
b607a5a5
b608a5a5
b609a5a5
b60aa5a5
b60ba5a5
b60ca5a5
b60da5a5
b60ea5a5
b60fa5a5
b610a5a5
b611a5a5
b612a5a5
b613a5a5
b614a5a5
b615a5a5
b616a5a5
b617a5a5
b618a5a5
b619a5a5
b61aa5a5
b61ba5a5
b61ca5a5
b61da5a5
b61ea5a5
b61fa5a5
b620a5a5
b621a5a5
b622a5a5
b623a5a5
b624a5a5
b625a5a5
b626a5a5
b627a5a5
b628a5a5
b629a5a5
b62aa5a5
b62ba5a5
b62ca5a5
b62da5a5
b62ea5a5
b62fa5a5
b630a5a5
b631a5a5
b632a5a5
b633a5a5
b634a5a5
b635a5a5
b636a5a5
b637a5a5
b638a5a5
b639a5a5
b63aa5a5
b63ba5a5
b63ca5a5
b63da5a5
b63ea5a5
b63fa5a5
b640a5a5
b641a5a5
b642a5a5
b643a5a5
b644a5a5
b645a5a5
b646a5a5
b647a5a5
b648a5a5
b649a5a5
b64aa5a5
b64ba5a5
b64ca5a5
b64da5a5
b64ea5a5
b64fa5a5
b650a5a5
b651a5a5
b652a5a5
b653a5a5
b654a5a5
b655a5a5
b656a5a5
b657a5a5
b658a5a5
b659a5a5
b65aa5a5
b65ba5a5
b65ca5a5
b65da5a5
b65ea5a5
b65fa5a5
b660a5a5
b661a5a5
b662a5a5
b663a5a5
b664a5a5
b665a5a5
b666a5a5
b667a5a5
b668a5a5
b669a5a5
b66aa5a5
b66ba5a5
b66ca5a5
b66da5a5
b66ea5a5
b66fa5a5
b670a5a5
b671a5a5
b672a5a5
b673a5a5
b674a5a5
b675a5a5
b676a5a5
b677a5a5
b678a5a5
b679a5a5
b67aa5a5
b67ba5a5
b67ca5a5
b67da5a5
b67ea5a5
b67fa5a5
b680a5a5
b681a5a5
b682a5a5
b683a5a5
b684a5a5
b685a5a5
b686a5a5
b687a5a5
b688a5a5
b689a5a5
b68aa5a5
b68ba5a5
b68ca5a5
b68da5a5
b68ea5a5
b68fa5a5
b690a5a5
b691a5a5
b692a5a5
b693a5a5
b694a5a5
b695a5a5
b696a5a5
b697a5a5
b698a5a5
b699a5a5
b69aa5a5
b69ba5a5
b69ca5a5
b69da5a5
b69ea5a5
b69fa5a5
b6a0a5a5
b6a1a5a5
b6a2a5a5
b6a3a5a5
b6a4a5a5
b6a5a5a5
b6a6a5a5
b6a7a5a5
b6a8a5a5
b6a9a5a5
b6aaa5a5
b6aba5a5
b6aca5a5
b6ada5a5
b6aea5a5
b6afa5a5
b6b0a5a5
b6b1a5a5
b6b2a5a5
b6b3a5a5
b6b4a5a5
b6b5a5a5
b6b6a5a5
b6b7a5a5
b6b8a5a5
b6b9a5a5
b6baa5a5
b6bba5a5
b6bca5a5
b6bda5a5
b6bea5a5
b6bfa5a5
b6c0a5a5
b6c1a5a5
b6c2a5a5
b6c3a5a5
b6c4a5a5
b6c5a5a5
b6c6a5a5
b6c7a5a5
b6c8a5a5
b6c9a5a5
b6caa5a5
b6cba5a5
b6cca5a5
b6cda5a5
b6cea5a5
b6cfa5a5
b6d0a5a5
b6d1a5a5
b6d2a5a5
b6d3a5a5
b6d4a5a5
b6d5a5a5
b6d6a5a5
b6d7a5a5
b6d8a5a5
b6d9a5a5
b6daa5a5
b6dba5a5
b6dca5a5
b6dda5a5
b6dea5a5
b6dfa5a5
b6e0a5a5
b6e1a5a5
b6e2a5a5
b6e3a5a5
b6e4a5a5
b6e5a5a5
b6e6a5a5
b6e7a5a5
b6e8a5a5
b6e9a5a5
b6eaa5a5
b6eba5a5
b6eca5a5
b6eda5a5
b6eea5a5
b6efa5a5
b6f0a5a5
b6f1a5a5
b6f2a5a5
b6f3a5a5
b6f4a5a5
b6f5a5a5
b6f6a5a5
b6f7a5a5
b6f8a5a5
b6f9a5a5
b6faa5a5
b6fba5a5
b6fca5a5
b6fda5a5
b6fea5a5
b6ffa5a5
b700a5a5
b701a5a5
b702a5a5
b703a5a5
b704a5a5
b705a5a5
b706a5a5
b707a5a5
b708a5a5
b709a5a5
b70aa5a5
b70ba5a5
b70ca5a5
b70da5a5
b70ea5a5
b70fa5a5
b710a5a5
b711a5a5
b712a5a5
b713a5a5
b714a5a5
b715a5a5
b716a5a5
b717a5a5
b718a5a5
b719a5a5
b71aa5a5
b71ba5a5
b71ca5a5
b71da5a5
b71ea5a5
b71fa5a5
b720a5a5
b721a5a5
b722a5a5
b723a5a5
b724a5a5
b725a5a5
b726a5a5
b727a5a5
b728a5a5
b729a5a5
b72aa5a5
b72ba5a5
b72ca5a5
b72da5a5
b72ea5a5
b72fa5a5
b730a5a5
b731a5a5
b732a5a5
b733a5a5
b734a5a5
b735a5a5
b736a5a5
b737a5a5
b738a5a5
b739a5a5
b73aa5a5
b73ba5a5
b73ca5a5
b73da5a5
b73ea5a5
b73fa5a5
b740a5a5
b741a5a5
b742a5a5
b743a5a5
b744a5a5
b745a5a5
b746a5a5
b747a5a5
b748a5a5
b749a5a5
b74aa5a5
b74ba5a5
b74ca5a5
b74da5a5
b74ea5a5
b74fa5a5
b750a5a5
b751a5a5
b752a5a5
b753a5a5
b754a5a5
b755a5a5
b756a5a5
b757a5a5
b758a5a5
b759a5a5
b75aa5a5
b75ba5a5
b75ca5a5
b75da5a5
b75ea5a5
b75fa5a5
b760a5a5
b761a5a5
b762a5a5
b763a5a5
b764a5a5
b765a5a5
b766a5a5
b767a5a5
b768a5a5
b769a5a5
b76aa5a5
b76ba5a5
b76ca5a5
b76da5a5
b76ea5a5
b76fa5a5
b770a5a5
b771a5a5
b772a5a5
b773a5a5
b774a5a5
b775a5a5
b776a5a5
b777a5a5
b778a5a5
b779a5a5
b77aa5a5
b77ba5a5
b77ca5a5
b77da5a5
b77ea5a5
b77fa5a5
b780a5a5
b781a5a5
b782a5a5
b783a5a5
b784a5a5
b785a5a5
b786a5a5
b787a5a5
b788a5a5
b789a5a5
b78aa5a5
b78ba5a5
b78ca5a5
b78da5a5
b78ea5a5
b78fa5a5
b790a5a5
b791a5a5
b792a5a5
b793a5a5
b794a5a5
b795a5a5
b796a5a5
b797a5a5
b798a5a5
b799a5a5
b79aa5a5
b79ba5a5
b79ca5a5
b79da5a5
b79ea5a5
b79fa5a5
b7a0a5a5
b7a1a5a5
b7a2a5a5
b7a3a5a5
b7a4a5a5
b7a5a5a5
b7a6a5a5
b7a7a5a5
b7a8a5a5
b7a9a5a5
b7aaa5a5
b7aba5a5
b7aca5a5
b7ada5a5
b7aea5a5
b7afa5a5
b7b0a5a5
b7b1a5a5
b7b2a5a5
b7b3a5a5
b7b4a5a5
b7b5a5a5
b7b6a5a5
b7b7a5a5
b7b8a5a5
b7b9a5a5
b7baa5a5
b7bba5a5
b7bca5a5
b7bda5a5
b7bea5a5
b7bfa5a5
b7c0a5a5
b7c1a5a5
b7c2a5a5
b7c3a5a5
b7c4a5a5
b7c5a5a5
b7c6a5a5
b7c7a5a5
b7c8a5a5
b7c9a5a5
b7caa5a5
b7cba5a5
b7cca5a5
b7cda5a5
b7cea5a5
b7cfa5a5
b7d0a5a5
b7d1a5a5
b7d2a5a5
b7d3a5a5
b7d4a5a5
b7d5a5a5
b7d6a5a5
b7d7a5a5
b7d8a5a5
b7d9a5a5
b7daa5a5
b7dba5a5
b7dca5a5
b7dda5a5
b7dea5a5
b7dfa5a5
b7e0a5a5
b7e1a5a5
b7e2a5a5
b7e3a5a5
b7e4a5a5
b7e5a5a5
b7e6a5a5
b7e7a5a5
b7e8a5a5
b7e9a5a5
b7eaa5a5
b7eba5a5
b7eca5a5
b7eda5a5
b7eea5a5
b7efa5a5
b7f0a5a5
b7f1a5a5
b7f2a5a5
b7f3a5a5
b7f4a5a5
b7f5a5a5
b7f6a5a5
b7f7a5a5
b7f8a5a5
b7f9a5a5
b7faa5a5
b7fba5a5
b7fca5a5
b7fda5a5
b7fea5a5
b7ffa5a5
b800a5a5
b801a5a5
b802a5a5
b803a5a5
b804a5a5
b805a5a5
b806a5a5
b807a5a5
b808a5a5
b809a5a5
b80aa5a5
b80ba5a5
b80ca5a5
b80da5a5
b80ea5a5
b80fa5a5
b810a5a5
b811a5a5
b812a5a5
b813a5a5
b814a5a5
b815a5a5
b816a5a5
b817a5a5
b818a5a5
b819a5a5
b81aa5a5
b81ba5a5
b81ca5a5
b81da5a5
b81ea5a5
b81fa5a5
b820a5a5
b821a5a5
b822a5a5
b823a5a5
b824a5a5
b825a5a5
b826a5a5
b827a5a5
b828a5a5
b829a5a5
b82aa5a5
b82ba5a5
b82ca5a5
b82da5a5
b82ea5a5
b82fa5a5
b830a5a5
b831a5a5
b832a5a5
b833a5a5
b834a5a5
b835a5a5
b836a5a5
b837a5a5
b838a5a5
b839a5a5
b83aa5a5
b83ba5a5
b83ca5a5
b83da5a5
b83ea5a5
b83fa5a5
b840a5a5
b841a5a5
b842a5a5
b843a5a5
b844a5a5
b845a5a5
b846a5a5
b847a5a5
b848a5a5
b849a5a5
b84aa5a5
b84ba5a5
b84ca5a5
b84da5a5
b84ea5a5
b84fa5a5
b850a5a5
b851a5a5
b852a5a5
b853a5a5
b854a5a5
b855a5a5
b856a5a5
b857a5a5
b858a5a5
b859a5a5
b85aa5a5
b85ba5a5
b85ca5a5
b85da5a5
b85ea5a5
b85fa5a5
b860a5a5
b861a5a5
b862a5a5
b863a5a5
b864a5a5
b865a5a5
b866a5a5
b867a5a5
b868a5a5
b869a5a5
b86aa5a5
b86ba5a5
b86ca5a5
b86da5a5
b86ea5a5
b86fa5a5
b870a5a5
b871a5a5
b872a5a5
b873a5a5
b874a5a5
b875a5a5
b876a5a5
b877a5a5
b878a5a5
b879a5a5
b87aa5a5
b87ba5a5
b87ca5a5
b87da5a5
b87ea5a5
b87fa5a5
b880a5a5
b881a5a5
b882a5a5
b883a5a5
b884a5a5
b885a5a5
b886a5a5
b887a5a5
b888a5a5
b889a5a5
b88aa5a5
b88ba5a5
b88ca5a5
b88da5a5
b88ea5a5
b88fa5a5
b890a5a5
b891a5a5
b892a5a5
b893a5a5
b894a5a5
b895a5a5
b896a5a5
b897a5a5
b898a5a5
b899a5a5
b89aa5a5
b89ba5a5
b89ca5a5
b89da5a5
b89ea5a5
b89fa5a5
b8a0a5a5
b8a1a5a5
b8a2a5a5
b8a3a5a5
b8a4a5a5
b8a5a5a5
b8a6a5a5
b8a7a5a5
b8a8a5a5
b8a9a5a5
b8aaa5a5
b8aba5a5
b8aca5a5
b8ada5a5
b8aea5a5
b8afa5a5
b8b0a5a5
b8b1a5a5
b8b2a5a5
b8b3a5a5
b8b4a5a5
b8b5a5a5
b8b6a5a5
b8b7a5a5
b8b8a5a5
b8b9a5a5
b8baa5a5
b8bba5a5
b8bca5a5
b8bda5a5
b8bea5a5
b8bfa5a5
b8c0a5a5
b8c1a5a5
b8c2a5a5
b8c3a5a5
b8c4a5a5
b8c5a5a5
b8c6a5a5
b8c7a5a5
b8c8a5a5
b8c9a5a5
b8caa5a5
b8cba5a5
b8cca5a5
b8cda5a5
b8cea5a5
b8cfa5a5
b8d0a5a5
b8d1a5a5
b8d2a5a5
b8d3a5a5
b8d4a5a5
b8d5a5a5
b8d6a5a5
b8d7a5a5
b8d8a5a5
b8d9a5a5
b8daa5a5
b8dba5a5
b8dca5a5
b8dda5a5
b8dea5a5
b8dfa5a5
b8e0a5a5
b8e1a5a5
b8e2a5a5
b8e3a5a5
b8e4a5a5
b8e5a5a5
b8e6a5a5
b8e7a5a5
b8e8a5a5
b8e9a5a5
b8eaa5a5
b8eba5a5
b8eca5a5
b8eda5a5
b8eea5a5
b8efa5a5
b8f0a5a5
b8f1a5a5
b8f2a5a5
b8f3a5a5
b8f4a5a5
b8f5a5a5
b8f6a5a5
b8f7a5a5
b8f8a5a5
b8f9a5a5
b8faa5a5
b8fba5a5
b8fca5a5
b8fda5a5
b8fea5a5
b8ffa5a5
b900a5a5
b901a5a5
b902a5a5
b903a5a5
b904a5a5
b905a5a5
b906a5a5
b907a5a5
b908a5a5
b909a5a5
b90aa5a5
b90ba5a5
b90ca5a5
b90da5a5
b90ea5a5
b90fa5a5
b910a5a5
b911a5a5
b912a5a5
b913a5a5
b914a5a5
b915a5a5
b916a5a5
b917a5a5
b918a5a5
b919a5a5
b91aa5a5
b91ba5a5
b91ca5a5
b91da5a5
b91ea5a5
b91fa5a5
b920a5a5
b921a5a5
b922a5a5
b923a5a5
b924a5a5
b925a5a5
b926a5a5
b927a5a5
b928a5a5
b929a5a5
b92aa5a5
b92ba5a5
b92ca5a5
b92da5a5
b92ea5a5
b92fa5a5
b930a5a5
b931a5a5
b932a5a5
b933a5a5
b934a5a5
b935a5a5
b936a5a5
b937a5a5
b938a5a5
b939a5a5
b93aa5a5
b93ba5a5
b93ca5a5
b93da5a5
b93ea5a5
b93fa5a5
b940a5a5
b941a5a5
b942a5a5
b943a5a5
b944a5a5
b945a5a5
b946a5a5
b947a5a5
b948a5a5
b949a5a5
b94aa5a5
b94ba5a5
b94ca5a5
b94da5a5
b94ea5a5
b94fa5a5
b950a5a5
b951a5a5
b952a5a5
b953a5a5
b954a5a5
b955a5a5
b956a5a5
b957a5a5
b958a5a5
b959a5a5
b95aa5a5
b95ba5a5
b95ca5a5
b95da5a5
b95ea5a5
b95fa5a5
b960a5a5
b961a5a5
b962a5a5
b963a5a5
b964a5a5
b965a5a5
b966a5a5
b967a5a5
b968a5a5
b969a5a5
b96aa5a5
b96ba5a5
b96ca5a5
b96da5a5
b96ea5a5
b96fa5a5
b970a5a5
b971a5a5
b972a5a5
b973a5a5
b974a5a5
b975a5a5
b976a5a5
b977a5a5
b978a5a5
b979a5a5
b97aa5a5
b97ba5a5
b97ca5a5
b97da5a5
b97ea5a5
b97fa5a5
b980a5a5
b981a5a5
b982a5a5
b983a5a5
b984a5a5
b985a5a5
b986a5a5
b987a5a5
b988a5a5
b989a5a5
b98aa5a5
b98ba5a5
b98ca5a5
b98da5a5
b98ea5a5
b98fa5a5
b990a5a5
b991a5a5
b992a5a5
b993a5a5
b994a5a5
b995a5a5
b996a5a5
b997a5a5
b998a5a5
b999a5a5
b99aa5a5
b99ba5a5
b99ca5a5
b99da5a5
b99ea5a5
b99fa5a5
b9a0a5a5
b9a1a5a5
b9a2a5a5
b9a3a5a5
b9a4a5a5
b9a5a5a5
b9a6a5a5
b9a7a5a5
b9a8a5a5
b9a9a5a5
b9aaa5a5
b9aba5a5
b9aca5a5
b9ada5a5
b9aea5a5
b9afa5a5
b9b0a5a5
b9b1a5a5
b9b2a5a5
b9b3a5a5
b9b4a5a5
b9b5a5a5
b9b6a5a5
b9b7a5a5
b9b8a5a5
b9b9a5a5
b9baa5a5
b9bba5a5
b9bca5a5
b9bda5a5
b9bea5a5
b9bfa5a5
b9c0a5a5
b9c1a5a5
b9c2a5a5
b9c3a5a5
b9c4a5a5
b9c5a5a5
b9c6a5a5
b9c7a5a5
b9c8a5a5
b9c9a5a5
b9caa5a5
b9cba5a5
b9cca5a5
b9cda5a5
b9cea5a5
b9cfa5a5
b9d0a5a5
b9d1a5a5
b9d2a5a5
b9d3a5a5
b9d4a5a5
b9d5a5a5
b9d6a5a5
b9d7a5a5
b9d8a5a5
b9d9a5a5
b9daa5a5
b9dba5a5
b9dca5a5
b9dda5a5
b9dea5a5
b9dfa5a5
b9e0a5a5
b9e1a5a5
b9e2a5a5
b9e3a5a5
b9e4a5a5
b9e5a5a5
b9e6a5a5
b9e7a5a5
b9e8a5a5
b9e9a5a5
b9eaa5a5
b9eba5a5
b9eca5a5
b9eda5a5
b9eea5a5
b9efa5a5
b9f0a5a5
b9f1a5a5
b9f2a5a5
b9f3a5a5
b9f4a5a5
b9f5a5a5
b9f6a5a5
b9f7a5a5
b9f8a5a5
b9f9a5a5
b9faa5a5
b9fba5a5
b9fca5a5
b9fda5a5
b9fea5a5
b9ffa5a5
ba00a5a5
ba01a5a5
ba02a5a5
ba03a5a5
ba04a5a5
ba05a5a5
ba06a5a5
ba07a5a5
ba08a5a5
ba09a5a5
ba0aa5a5
ba0ba5a5
ba0ca5a5
ba0da5a5
ba0ea5a5
ba0fa5a5
ba10a5a5
ba11a5a5
ba12a5a5
ba13a5a5
ba14a5a5
ba15a5a5
ba16a5a5
ba17a5a5
ba18a5a5
ba19a5a5
ba1aa5a5
ba1ba5a5
ba1ca5a5
ba1da5a5
ba1ea5a5
ba1fa5a5
ba20a5a5
ba21a5a5
ba22a5a5
ba23a5a5
ba24a5a5
ba25a5a5
ba26a5a5
ba27a5a5
ba28a5a5
ba29a5a5
ba2aa5a5
ba2ba5a5
ba2ca5a5
ba2da5a5
ba2ea5a5
ba2fa5a5
ba30a5a5
ba31a5a5
ba32a5a5
ba33a5a5
ba34a5a5
ba35a5a5
ba36a5a5
ba37a5a5
ba38a5a5
ba39a5a5
ba3aa5a5
ba3ba5a5
ba3ca5a5
ba3da5a5
ba3ea5a5
ba3fa5a5
ba40a5a5
ba41a5a5
ba42a5a5
ba43a5a5
ba44a5a5
ba45a5a5
ba46a5a5
ba47a5a5
ba48a5a5
ba49a5a5
ba4aa5a5
ba4ba5a5
ba4ca5a5
ba4da5a5
ba4ea5a5
ba4fa5a5
ba50a5a5
ba51a5a5
ba52a5a5
ba53a5a5
ba54a5a5
ba55a5a5
ba56a5a5
ba57a5a5
ba58a5a5
ba59a5a5
ba5aa5a5
ba5ba5a5
ba5ca5a5
ba5da5a5
ba5ea5a5
ba5fa5a5
ba60a5a5
ba61a5a5
ba62a5a5
ba63a5a5
ba64a5a5
ba65a5a5
ba66a5a5
ba67a5a5
ba68a5a5
ba69a5a5
ba6aa5a5
ba6ba5a5
ba6ca5a5
ba6da5a5
ba6ea5a5
ba6fa5a5
ba70a5a5
ba71a5a5
ba72a5a5
ba73a5a5
ba74a5a5
ba75a5a5
ba76a5a5
ba77a5a5
ba78a5a5
ba79a5a5
ba7aa5a5
ba7ba5a5
ba7ca5a5
ba7da5a5
ba7ea5a5
ba7fa5a5
ba80a5a5
ba81a5a5
ba82a5a5
ba83a5a5
ba84a5a5
ba85a5a5
ba86a5a5
ba87a5a5
ba88a5a5
ba89a5a5
ba8aa5a5
ba8ba5a5
ba8ca5a5
ba8da5a5
ba8ea5a5
ba8fa5a5
ba90a5a5
ba91a5a5
ba92a5a5
ba93a5a5
ba94a5a5
ba95a5a5
ba96a5a5
ba97a5a5
ba98a5a5
ba99a5a5
ba9aa5a5
ba9ba5a5
ba9ca5a5
ba9da5a5
ba9ea5a5
ba9fa5a5
baa0a5a5
baa1a5a5
baa2a5a5
baa3a5a5
baa4a5a5
baa5a5a5
baa6a5a5
baa7a5a5
baa8a5a5
baa9a5a5
baaaa5a5
baaba5a5
baaca5a5
baada5a5
baaea5a5
baafa5a5
bab0a5a5
bab1a5a5
bab2a5a5
bab3a5a5
bab4a5a5
bab5a5a5
bab6a5a5
bab7a5a5
bab8a5a5
bab9a5a5
babaa5a5
babba5a5
babca5a5
babda5a5
babea5a5
babfa5a5
bac0a5a5
bac1a5a5
bac2a5a5
bac3a5a5
bac4a5a5
bac5a5a5
bac6a5a5
bac7a5a5
bac8a5a5
bac9a5a5
bacaa5a5
bacba5a5
bacca5a5
bacda5a5
bacea5a5
bacfa5a5
bad0a5a5
bad1a5a5
bad2a5a5
bad3a5a5
bad4a5a5
bad5a5a5
bad6a5a5
bad7a5a5
bad8a5a5
bad9a5a5
badaa5a5
badba5a5
badca5a5
badda5a5
badea5a5
badfa5a5
bae0a5a5
bae1a5a5
bae2a5a5
bae3a5a5
bae4a5a5
bae5a5a5
bae6a5a5
bae7a5a5
bae8a5a5
bae9a5a5
baeaa5a5
baeba5a5
baeca5a5
baeda5a5
baeea5a5
baefa5a5
baf0a5a5
baf1a5a5
baf2a5a5
baf3a5a5
baf4a5a5
baf5a5a5
baf6a5a5
baf7a5a5
baf8a5a5
baf9a5a5
bafaa5a5
bafba5a5
bafca5a5
bafda5a5
bafea5a5
baffa5a5
bb00a5a5
bb01a5a5
bb02a5a5
bb03a5a5
bb04a5a5
bb05a5a5
bb06a5a5
bb07a5a5
bb08a5a5
bb09a5a5
bb0aa5a5
bb0ba5a5
bb0ca5a5
bb0da5a5
bb0ea5a5
bb0fa5a5
bb10a5a5
bb11a5a5
bb12a5a5
bb13a5a5
bb14a5a5
bb15a5a5
bb16a5a5
bb17a5a5
bb18a5a5
bb19a5a5
bb1aa5a5
bb1ba5a5
bb1ca5a5
bb1da5a5
bb1ea5a5
bb1fa5a5
bb20a5a5
bb21a5a5
bb22a5a5
bb23a5a5
bb24a5a5
bb25a5a5
bb26a5a5
bb27a5a5
bb28a5a5
bb29a5a5
bb2aa5a5
bb2ba5a5
bb2ca5a5
bb2da5a5
bb2ea5a5
bb2fa5a5
bb30a5a5
bb31a5a5
bb32a5a5
bb33a5a5
bb34a5a5
bb35a5a5
bb36a5a5
bb37a5a5
bb38a5a5
bb39a5a5
bb3aa5a5
bb3ba5a5
bb3ca5a5
bb3da5a5
bb3ea5a5
bb3fa5a5
bb40a5a5
bb41a5a5
bb42a5a5
bb43a5a5
bb44a5a5
bb45a5a5
bb46a5a5
bb47a5a5
bb48a5a5
bb49a5a5
bb4aa5a5
bb4ba5a5
bb4ca5a5
bb4da5a5
bb4ea5a5
bb4fa5a5
bb50a5a5
bb51a5a5
bb52a5a5
bb53a5a5
bb54a5a5
bb55a5a5
bb56a5a5
bb57a5a5
bb58a5a5
bb59a5a5
bb5aa5a5
bb5ba5a5
bb5ca5a5
bb5da5a5
bb5ea5a5
bb5fa5a5
bb60a5a5
bb61a5a5
bb62a5a5
bb63a5a5
bb64a5a5
bb65a5a5
bb66a5a5
bb67a5a5
bb68a5a5
bb69a5a5
bb6aa5a5
bb6ba5a5
bb6ca5a5
bb6da5a5
bb6ea5a5
bb6fa5a5
bb70a5a5
bb71a5a5
bb72a5a5
bb73a5a5
bb74a5a5
bb75a5a5
bb76a5a5
bb77a5a5
bb78a5a5
bb79a5a5
bb7aa5a5
bb7ba5a5
bb7ca5a5
bb7da5a5
bb7ea5a5
bb7fa5a5
bb80a5a5
bb81a5a5
bb82a5a5
bb83a5a5
bb84a5a5
bb85a5a5
bb86a5a5
bb87a5a5
bb88a5a5
bb89a5a5
bb8aa5a5
bb8ba5a5
bb8ca5a5
bb8da5a5
bb8ea5a5
bb8fa5a5
bb90a5a5
bb91a5a5
bb92a5a5
bb93a5a5
bb94a5a5
bb95a5a5
bb96a5a5
bb97a5a5
bb98a5a5
bb99a5a5
bb9aa5a5
bb9ba5a5
bb9ca5a5
bb9da5a5
bb9ea5a5
bb9fa5a5
bba0a5a5
bba1a5a5
bba2a5a5
bba3a5a5
bba4a5a5
bba5a5a5
bba6a5a5
bba7a5a5
bba8a5a5
bba9a5a5
bbaaa5a5
bbaba5a5
bbaca5a5
bbada5a5
bbaea5a5
bbafa5a5
bbb0a5a5
bbb1a5a5
bbb2a5a5
bbb3a5a5
bbb4a5a5
bbb5a5a5
bbb6a5a5
bbb7a5a5
bbb8a5a5
bbb9a5a5
bbbaa5a5
bbbba5a5
bbbca5a5
bbbda5a5
bbbea5a5
bbbfa5a5
bbc0a5a5
bbc1a5a5
bbc2a5a5
bbc3a5a5
bbc4a5a5
bbc5a5a5
bbc6a5a5
bbc7a5a5
bbc8a5a5
bbc9a5a5
bbcaa5a5
bbcba5a5
bbcca5a5
bbcda5a5
bbcea5a5
bbcfa5a5
bbd0a5a5
bbd1a5a5
bbd2a5a5
bbd3a5a5
bbd4a5a5
bbd5a5a5
bbd6a5a5
bbd7a5a5
bbd8a5a5
bbd9a5a5
bbdaa5a5
bbdba5a5
bbdca5a5
bbdda5a5
bbdea5a5
bbdfa5a5
bbe0a5a5
bbe1a5a5
bbe2a5a5
bbe3a5a5
bbe4a5a5
bbe5a5a5
bbe6a5a5
bbe7a5a5
bbe8a5a5
bbe9a5a5
bbeaa5a5
bbeba5a5
bbeca5a5
bbeda5a5
bbeea5a5
bbefa5a5
bbf0a5a5
bbf1a5a5
bbf2a5a5
bbf3a5a5
bbf4a5a5
bbf5a5a5
bbf6a5a5
bbf7a5a5
bbf8a5a5
bbf9a5a5
bbfaa5a5
bbfba5a5
bbfca5a5
bbfda5a5
bbfea5a5
bbffa5a5
bc00a5a5
bc01a5a5
bc02a5a5
bc03a5a5
bc04a5a5
bc05a5a5
bc06a5a5
bc07a5a5
bc08a5a5
bc09a5a5
bc0aa5a5
bc0ba5a5
bc0ca5a5
bc0da5a5
bc0ea5a5
bc0fa5a5
bc10a5a5
bc11a5a5
bc12a5a5
bc13a5a5
bc14a5a5
bc15a5a5
bc16a5a5
bc17a5a5
bc18a5a5
bc19a5a5
bc1aa5a5
bc1ba5a5
bc1ca5a5
bc1da5a5
bc1ea5a5
bc1fa5a5
bc20a5a5
bc21a5a5
bc22a5a5
bc23a5a5
bc24a5a5
bc25a5a5
bc26a5a5
bc27a5a5
bc28a5a5
bc29a5a5
bc2aa5a5
bc2ba5a5
bc2ca5a5
bc2da5a5
bc2ea5a5
bc2fa5a5
bc30a5a5
bc31a5a5
bc32a5a5
bc33a5a5
bc34a5a5
bc35a5a5
bc36a5a5
bc37a5a5
bc38a5a5
bc39a5a5
bc3aa5a5
bc3ba5a5
bc3ca5a5
bc3da5a5
bc3ea5a5
bc3fa5a5
bc40a5a5
bc41a5a5
bc42a5a5
bc43a5a5
bc44a5a5
bc45a5a5
bc46a5a5
bc47a5a5
bc48a5a5
bc49a5a5
bc4aa5a5
bc4ba5a5
bc4ca5a5
bc4da5a5
bc4ea5a5
bc4fa5a5
bc50a5a5
bc51a5a5
bc52a5a5
bc53a5a5
bc54a5a5
bc55a5a5
bc56a5a5
bc57a5a5
bc58a5a5
bc59a5a5
bc5aa5a5
bc5ba5a5
bc5ca5a5
bc5da5a5
bc5ea5a5
bc5fa5a5
bc60a5a5
bc61a5a5
bc62a5a5
bc63a5a5
bc64a5a5
bc65a5a5
bc66a5a5
bc67a5a5
bc68a5a5
bc69a5a5
bc6aa5a5
bc6ba5a5
bc6ca5a5
bc6da5a5
bc6ea5a5
bc6fa5a5
bc70a5a5
bc71a5a5
bc72a5a5
bc73a5a5
bc74a5a5
bc75a5a5
bc76a5a5
bc77a5a5
bc78a5a5
bc79a5a5
bc7aa5a5
bc7ba5a5
bc7ca5a5
bc7da5a5
bc7ea5a5
bc7fa5a5
bc80a5a5
bc81a5a5
bc82a5a5
bc83a5a5
bc84a5a5
bc85a5a5
bc86a5a5
bc87a5a5
bc88a5a5
bc89a5a5
bc8aa5a5
bc8ba5a5
bc8ca5a5
bc8da5a5
bc8ea5a5
bc8fa5a5
bc90a5a5
bc91a5a5
bc92a5a5
bc93a5a5
bc94a5a5
bc95a5a5
bc96a5a5
bc97a5a5
bc98a5a5
bc99a5a5
bc9aa5a5
bc9ba5a5
bc9ca5a5
bc9da5a5
bc9ea5a5
bc9fa5a5
bca0a5a5
bca1a5a5
bca2a5a5
bca3a5a5
bca4a5a5
bca5a5a5
bca6a5a5
bca7a5a5
bca8a5a5
bca9a5a5
bcaaa5a5
bcaba5a5
bcaca5a5
bcada5a5
bcaea5a5
bcafa5a5
bcb0a5a5
bcb1a5a5
bcb2a5a5
bcb3a5a5
bcb4a5a5
bcb5a5a5
bcb6a5a5
bcb7a5a5
bcb8a5a5
bcb9a5a5
bcbaa5a5
bcbba5a5
bcbca5a5
bcbda5a5
bcbea5a5
bcbfa5a5
bcc0a5a5
bcc1a5a5
bcc2a5a5
bcc3a5a5
bcc4a5a5
bcc5a5a5
bcc6a5a5
bcc7a5a5
bcc8a5a5
bcc9a5a5
bccaa5a5
bccba5a5
bccca5a5
bccda5a5
bccea5a5
bccfa5a5
bcd0a5a5
bcd1a5a5
bcd2a5a5
bcd3a5a5
bcd4a5a5
bcd5a5a5
bcd6a5a5
bcd7a5a5
bcd8a5a5
bcd9a5a5
bcdaa5a5
bcdba5a5
bcdca5a5
bcdda5a5
bcdea5a5
bcdfa5a5
bce0a5a5
bce1a5a5
bce2a5a5
bce3a5a5
bce4a5a5
bce5a5a5
bce6a5a5
bce7a5a5
bce8a5a5
bce9a5a5
bceaa5a5
bceba5a5
bceca5a5
bceda5a5
bceea5a5
bcefa5a5
bcf0a5a5
bcf1a5a5
bcf2a5a5
bcf3a5a5
bcf4a5a5
bcf5a5a5
bcf6a5a5
bcf7a5a5
bcf8a5a5
bcf9a5a5
bcfaa5a5
bcfba5a5
bcfca5a5
bcfda5a5
bcfea5a5
bcffa5a5
bd00a5a5
bd01a5a5
bd02a5a5
bd03a5a5
bd04a5a5
bd05a5a5
bd06a5a5
bd07a5a5
bd08a5a5
bd09a5a5
bd0aa5a5
bd0ba5a5
bd0ca5a5
bd0da5a5
bd0ea5a5
bd0fa5a5
bd10a5a5
bd11a5a5
bd12a5a5
bd13a5a5
bd14a5a5
bd15a5a5
bd16a5a5
bd17a5a5
bd18a5a5
bd19a5a5
bd1aa5a5
bd1ba5a5
bd1ca5a5
bd1da5a5
bd1ea5a5
bd1fa5a5
bd20a5a5
bd21a5a5
bd22a5a5
bd23a5a5
bd24a5a5
bd25a5a5
bd26a5a5
bd27a5a5
bd28a5a5
bd29a5a5
bd2aa5a5
bd2ba5a5
bd2ca5a5
bd2da5a5
bd2ea5a5
bd2fa5a5
bd30a5a5
bd31a5a5
bd32a5a5
bd33a5a5
bd34a5a5
bd35a5a5
bd36a5a5
bd37a5a5
bd38a5a5
bd39a5a5
bd3aa5a5
bd3ba5a5
bd3ca5a5
bd3da5a5
bd3ea5a5
bd3fa5a5
bd40a5a5
bd41a5a5
bd42a5a5
bd43a5a5
bd44a5a5
bd45a5a5
bd46a5a5
bd47a5a5
bd48a5a5
bd49a5a5
bd4aa5a5
bd4ba5a5
bd4ca5a5
bd4da5a5
bd4ea5a5
bd4fa5a5
bd50a5a5
bd51a5a5
bd52a5a5
bd53a5a5
bd54a5a5
bd55a5a5
bd56a5a5
bd57a5a5
bd58a5a5
bd59a5a5
bd5aa5a5
bd5ba5a5
bd5ca5a5
bd5da5a5
bd5ea5a5
bd5fa5a5
bd60a5a5
bd61a5a5
bd62a5a5
bd63a5a5
bd64a5a5
bd65a5a5
bd66a5a5
bd67a5a5
bd68a5a5
bd69a5a5
bd6aa5a5
bd6ba5a5
bd6ca5a5
bd6da5a5
bd6ea5a5
bd6fa5a5
bd70a5a5
bd71a5a5
bd72a5a5
bd73a5a5
bd74a5a5
bd75a5a5
bd76a5a5
bd77a5a5
bd78a5a5
bd79a5a5
bd7aa5a5
bd7ba5a5
bd7ca5a5
bd7da5a5
bd7ea5a5
bd7fa5a5
bd80a5a5
bd81a5a5
bd82a5a5
bd83a5a5
bd84a5a5
bd85a5a5
bd86a5a5
bd87a5a5
bd88a5a5
bd89a5a5
bd8aa5a5
bd8ba5a5
bd8ca5a5
bd8da5a5
bd8ea5a5
bd8fa5a5
bd90a5a5
bd91a5a5
bd92a5a5
bd93a5a5
bd94a5a5
bd95a5a5
bd96a5a5
bd97a5a5
bd98a5a5
bd99a5a5
bd9aa5a5
bd9ba5a5
bd9ca5a5
bd9da5a5
bd9ea5a5
bd9fa5a5
bda0a5a5
bda1a5a5
bda2a5a5
bda3a5a5
bda4a5a5
bda5a5a5
bda6a5a5
bda7a5a5
bda8a5a5
bda9a5a5
bdaaa5a5
bdaba5a5
bdaca5a5
bdada5a5
bdaea5a5
bdafa5a5
bdb0a5a5
bdb1a5a5
bdb2a5a5
bdb3a5a5
bdb4a5a5
bdb5a5a5
bdb6a5a5
bdb7a5a5
bdb8a5a5
bdb9a5a5
bdbaa5a5
bdbba5a5
bdbca5a5
bdbda5a5
bdbea5a5
bdbfa5a5
bdc0a5a5
bdc1a5a5
bdc2a5a5
bdc3a5a5
bdc4a5a5
bdc5a5a5
bdc6a5a5
bdc7a5a5
bdc8a5a5
bdc9a5a5
bdcaa5a5
bdcba5a5
bdcca5a5
bdcda5a5
bdcea5a5
bdcfa5a5
bdd0a5a5
bdd1a5a5
bdd2a5a5
bdd3a5a5
bdd4a5a5
bdd5a5a5
bdd6a5a5
bdd7a5a5
bdd8a5a5
bdd9a5a5
bddaa5a5
bddba5a5
bddca5a5
bddda5a5
bddea5a5
bddfa5a5
bde0a5a5
bde1a5a5
bde2a5a5
bde3a5a5
bde4a5a5
bde5a5a5
bde6a5a5
bde7a5a5
bde8a5a5
bde9a5a5
bdeaa5a5
bdeba5a5
bdeca5a5
bdeda5a5
bdeea5a5
bdefa5a5
bdf0a5a5
bdf1a5a5
bdf2a5a5
bdf3a5a5
bdf4a5a5
bdf5a5a5
bdf6a5a5
bdf7a5a5
bdf8a5a5
bdf9a5a5
bdfaa5a5
bdfba5a5
bdfca5a5
bdfda5a5
bdfea5a5
bdffa5a5
be00a5a5
be01a5a5
be02a5a5
be03a5a5
be04a5a5
be05a5a5
be06a5a5
be07a5a5
be08a5a5
be09a5a5
be0aa5a5
be0ba5a5
be0ca5a5
be0da5a5
be0ea5a5
be0fa5a5
be10a5a5
be11a5a5
be12a5a5
be13a5a5
be14a5a5
be15a5a5
be16a5a5
be17a5a5
be18a5a5
be19a5a5
be1aa5a5
be1ba5a5
be1ca5a5
be1da5a5
be1ea5a5
be1fa5a5
be20a5a5
be21a5a5
be22a5a5
be23a5a5
be24a5a5
be25a5a5
be26a5a5
be27a5a5
be28a5a5
be29a5a5
be2aa5a5
be2ba5a5
be2ca5a5
be2da5a5
be2ea5a5
be2fa5a5
be30a5a5
be31a5a5
be32a5a5
be33a5a5
be34a5a5
be35a5a5
be36a5a5
be37a5a5
be38a5a5
be39a5a5
be3aa5a5
be3ba5a5
be3ca5a5
be3da5a5
be3ea5a5
be3fa5a5
be40a5a5
be41a5a5
be42a5a5
be43a5a5
be44a5a5
be45a5a5
be46a5a5
be47a5a5
be48a5a5
be49a5a5
be4aa5a5
be4ba5a5
be4ca5a5
be4da5a5
be4ea5a5
be4fa5a5
be50a5a5
be51a5a5
be52a5a5
be53a5a5
be54a5a5
be55a5a5
be56a5a5
be57a5a5
be58a5a5
be59a5a5
be5aa5a5
be5ba5a5
be5ca5a5
be5da5a5
be5ea5a5
be5fa5a5
be60a5a5
be61a5a5
be62a5a5
be63a5a5
be64a5a5
be65a5a5
be66a5a5
be67a5a5
be68a5a5
be69a5a5
be6aa5a5
be6ba5a5
be6ca5a5
be6da5a5
be6ea5a5
be6fa5a5
be70a5a5
be71a5a5
be72a5a5
be73a5a5
be74a5a5
be75a5a5
be76a5a5
be77a5a5
be78a5a5
be79a5a5
be7aa5a5
be7ba5a5
be7ca5a5
be7da5a5
be7ea5a5
be7fa5a5
be80a5a5
be81a5a5
be82a5a5
be83a5a5
be84a5a5
be85a5a5
be86a5a5
be87a5a5
be88a5a5
be89a5a5
be8aa5a5
be8ba5a5
be8ca5a5
be8da5a5
be8ea5a5
be8fa5a5
be90a5a5
be91a5a5
be92a5a5
be93a5a5
be94a5a5
be95a5a5
be96a5a5
be97a5a5
be98a5a5
be99a5a5
be9aa5a5
be9ba5a5
be9ca5a5
be9da5a5
be9ea5a5
be9fa5a5
bea0a5a5
bea1a5a5
bea2a5a5
bea3a5a5
bea4a5a5
bea5a5a5
bea6a5a5
bea7a5a5
bea8a5a5
bea9a5a5
beaaa5a5
beaba5a5
beaca5a5
beada5a5
beaea5a5
beafa5a5
beb0a5a5
beb1a5a5
beb2a5a5
beb3a5a5
beb4a5a5
beb5a5a5
beb6a5a5
beb7a5a5
beb8a5a5
beb9a5a5
bebaa5a5
bebba5a5
bebca5a5
bebda5a5
bebea5a5
bebfa5a5
bec0a5a5
bec1a5a5
bec2a5a5
bec3a5a5
bec4a5a5
bec5a5a5
bec6a5a5
bec7a5a5
bec8a5a5
bec9a5a5
becaa5a5
becba5a5
becca5a5
becda5a5
becea5a5
becfa5a5
bed0a5a5
bed1a5a5
bed2a5a5
bed3a5a5
bed4a5a5
bed5a5a5
bed6a5a5
bed7a5a5
bed8a5a5
bed9a5a5
bedaa5a5
bedba5a5
bedca5a5
bedda5a5
bedea5a5
bedfa5a5
bee0a5a5
bee1a5a5
bee2a5a5
bee3a5a5
bee4a5a5
bee5a5a5
bee6a5a5
bee7a5a5
bee8a5a5
bee9a5a5
beeaa5a5
beeba5a5
beeca5a5
beeda5a5
beeea5a5
beefa5a5
bef0a5a5
bef1a5a5
bef2a5a5
bef3a5a5
bef4a5a5
bef5a5a5
bef6a5a5
bef7a5a5
bef8a5a5
bef9a5a5
befaa5a5
befba5a5
befca5a5
befda5a5
befea5a5
beffa5a5
bf00a5a5
bf01a5a5
bf02a5a5
bf03a5a5
bf04a5a5
bf05a5a5
bf06a5a5
bf07a5a5
bf08a5a5
bf09a5a5
bf0aa5a5
bf0ba5a5
bf0ca5a5
bf0da5a5
bf0ea5a5
bf0fa5a5
bf10a5a5
bf11a5a5
bf12a5a5
bf13a5a5
bf14a5a5
bf15a5a5
bf16a5a5
bf17a5a5
bf18a5a5
bf19a5a5
bf1aa5a5
bf1ba5a5
bf1ca5a5
bf1da5a5
bf1ea5a5
bf1fa5a5
bf20a5a5
bf21a5a5
bf22a5a5
bf23a5a5
bf24a5a5
bf25a5a5
bf26a5a5
bf27a5a5
bf28a5a5
bf29a5a5
bf2aa5a5
bf2ba5a5
bf2ca5a5
bf2da5a5
bf2ea5a5
bf2fa5a5
bf30a5a5
bf31a5a5
bf32a5a5
bf33a5a5
bf34a5a5
bf35a5a5
bf36a5a5
bf37a5a5
bf38a5a5
bf39a5a5
bf3aa5a5
bf3ba5a5
bf3ca5a5
bf3da5a5
bf3ea5a5
bf3fa5a5
bf40a5a5
bf41a5a5
bf42a5a5
bf43a5a5
bf44a5a5
bf45a5a5
bf46a5a5
bf47a5a5
bf48a5a5
bf49a5a5
bf4aa5a5
bf4ba5a5
bf4ca5a5
bf4da5a5
bf4ea5a5
bf4fa5a5
bf50a5a5
bf51a5a5
bf52a5a5
bf53a5a5
bf54a5a5
bf55a5a5
bf56a5a5
bf57a5a5
bf58a5a5
bf59a5a5
bf5aa5a5
bf5ba5a5
bf5ca5a5
bf5da5a5
bf5ea5a5
bf5fa5a5
bf60a5a5
bf61a5a5
bf62a5a5
bf63a5a5
bf64a5a5
bf65a5a5
bf66a5a5
bf67a5a5
bf68a5a5
bf69a5a5
bf6aa5a5
bf6ba5a5
bf6ca5a5
bf6da5a5
bf6ea5a5
bf6fa5a5
bf70a5a5
bf71a5a5
bf72a5a5
bf73a5a5
bf74a5a5
bf75a5a5
bf76a5a5
bf77a5a5
bf78a5a5
bf79a5a5
bf7aa5a5
bf7ba5a5
bf7ca5a5
bf7da5a5
bf7ea5a5
bf7fa5a5
bf80a5a5
bf81a5a5
bf82a5a5
bf83a5a5
bf84a5a5
bf85a5a5
bf86a5a5
bf87a5a5
bf88a5a5
bf89a5a5
bf8aa5a5
bf8ba5a5
bf8ca5a5
bf8da5a5
bf8ea5a5
bf8fa5a5
bf90a5a5
bf91a5a5
bf92a5a5
bf93a5a5
bf94a5a5
bf95a5a5
bf96a5a5
bf97a5a5
bf98a5a5
bf99a5a5
bf9aa5a5
bf9ba5a5
bf9ca5a5
bf9da5a5
bf9ea5a5
bf9fa5a5
bfa0a5a5
bfa1a5a5
bfa2a5a5
bfa3a5a5
bfa4a5a5
bfa5a5a5
bfa6a5a5
bfa7a5a5
bfa8a5a5
bfa9a5a5
bfaaa5a5
bfaba5a5
bfaca5a5
bfada5a5
bfaea5a5
bfafa5a5
bfb0a5a5
bfb1a5a5
bfb2a5a5
bfb3a5a5
bfb4a5a5
bfb5a5a5
bfb6a5a5
bfb7a5a5
bfb8a5a5
bfb9a5a5
bfbaa5a5
bfbba5a5
bfbca5a5
bfbda5a5
bfbea5a5
bfbfa5a5
bfc0a5a5
bfc1a5a5
bfc2a5a5
bfc3a5a5
bfc4a5a5
bfc5a5a5
bfc6a5a5
bfc7a5a5
bfc8a5a5
bfc9a5a5
bfcaa5a5
bfcba5a5
bfcca5a5
bfcda5a5
bfcea5a5
bfcfa5a5
bfd0a5a5
bfd1a5a5
bfd2a5a5
bfd3a5a5
bfd4a5a5
bfd5a5a5
bfd6a5a5
bfd7a5a5
bfd8a5a5
bfd9a5a5
bfdaa5a5
bfdba5a5
bfdca5a5
bfdda5a5
bfdea5a5
bfdfa5a5
bfe0a5a5
bfe1a5a5
bfe2a5a5
bfe3a5a5
bfe4a5a5
bfe5a5a5
bfe6a5a5
bfe7a5a5
bfe8a5a5
bfe9a5a5
bfeaa5a5
bfeba5a5
bfeca5a5
bfeda5a5
bfeea5a5
bfefa5a5
bff0a5a5
bff1a5a5
bff2a5a5
bff3a5a5
bff4a5a5
bff5a5a5
bff6a5a5
bff7a5a5
bff8a5a5
bff9a5a5
bffaa5a5
bffba5a5
bffca5a5
bffda5a5
bffea5a5
bfffa5a5
c000a5a5
c001a5a5
c002a5a5
c003a5a5
c004a5a5
c005a5a5
c006a5a5
c007a5a5
c008a5a5
c009a5a5
c00aa5a5
c00ba5a5
c00ca5a5
c00da5a5
c00ea5a5
c00fa5a5
c010a5a5
c011a5a5
c012a5a5
c013a5a5
c014a5a5
c015a5a5
c016a5a5
c017a5a5
c018a5a5
c019a5a5
c01aa5a5
c01ba5a5
c01ca5a5
c01da5a5
c01ea5a5
c01fa5a5
c020a5a5
c021a5a5
c022a5a5
c023a5a5
c024a5a5
c025a5a5
c026a5a5
c027a5a5
c028a5a5
c029a5a5
c02aa5a5
c02ba5a5
c02ca5a5
c02da5a5
c02ea5a5
c02fa5a5
c030a5a5
c031a5a5
c032a5a5
c033a5a5
c034a5a5
c035a5a5
c036a5a5
c037a5a5
c038a5a5
c039a5a5
c03aa5a5
c03ba5a5
c03ca5a5
c03da5a5
c03ea5a5
c03fa5a5
c040a5a5
c041a5a5
c042a5a5
c043a5a5
c044a5a5
c045a5a5
c046a5a5
c047a5a5
c048a5a5
c049a5a5
c04aa5a5
c04ba5a5
c04ca5a5
c04da5a5
c04ea5a5
c04fa5a5
c050a5a5
c051a5a5
c052a5a5
c053a5a5
c054a5a5
c055a5a5
c056a5a5
c057a5a5
c058a5a5
c059a5a5
c05aa5a5
c05ba5a5
c05ca5a5
c05da5a5
c05ea5a5
c05fa5a5
c060a5a5
c061a5a5
c062a5a5
c063a5a5
c064a5a5
c065a5a5
c066a5a5
c067a5a5
c068a5a5
c069a5a5
c06aa5a5
c06ba5a5
c06ca5a5
c06da5a5
c06ea5a5
c06fa5a5
c070a5a5
c071a5a5
c072a5a5
c073a5a5
c074a5a5
c075a5a5
c076a5a5
c077a5a5
c078a5a5
c079a5a5
c07aa5a5
c07ba5a5
c07ca5a5
c07da5a5
c07ea5a5
c07fa5a5
c080a5a5
c081a5a5
c082a5a5
c083a5a5
c084a5a5
c085a5a5
c086a5a5
c087a5a5
c088a5a5
c089a5a5
c08aa5a5
c08ba5a5
c08ca5a5
c08da5a5
c08ea5a5
c08fa5a5
c090a5a5
c091a5a5
c092a5a5
c093a5a5
c094a5a5
c095a5a5
c096a5a5
c097a5a5
c098a5a5
c099a5a5
c09aa5a5
c09ba5a5
c09ca5a5
c09da5a5
c09ea5a5
c09fa5a5
c0a0a5a5
c0a1a5a5
c0a2a5a5
c0a3a5a5
c0a4a5a5
c0a5a5a5
c0a6a5a5
c0a7a5a5
c0a8a5a5
c0a9a5a5
c0aaa5a5
c0aba5a5
c0aca5a5
c0ada5a5
c0aea5a5
c0afa5a5
c0b0a5a5
c0b1a5a5
c0b2a5a5
c0b3a5a5
c0b4a5a5
c0b5a5a5
c0b6a5a5
c0b7a5a5
c0b8a5a5
c0b9a5a5
c0baa5a5
c0bba5a5
c0bca5a5
c0bda5a5
c0bea5a5
c0bfa5a5
c0c0a5a5
c0c1a5a5
c0c2a5a5
c0c3a5a5
c0c4a5a5
c0c5a5a5
c0c6a5a5
c0c7a5a5
c0c8a5a5
c0c9a5a5
c0caa5a5
c0cba5a5
c0cca5a5
c0cda5a5
c0cea5a5
c0cfa5a5
c0d0a5a5
c0d1a5a5
c0d2a5a5
c0d3a5a5
c0d4a5a5
c0d5a5a5
c0d6a5a5
c0d7a5a5
c0d8a5a5
c0d9a5a5
c0daa5a5
c0dba5a5
c0dca5a5
c0dda5a5
c0dea5a5
c0dfa5a5
c0e0a5a5
c0e1a5a5
c0e2a5a5
c0e3a5a5
c0e4a5a5
c0e5a5a5
c0e6a5a5
c0e7a5a5
c0e8a5a5
c0e9a5a5
c0eaa5a5
c0eba5a5
c0eca5a5
c0eda5a5
c0eea5a5
c0efa5a5
c0f0a5a5
c0f1a5a5
c0f2a5a5
c0f3a5a5
c0f4a5a5
c0f5a5a5
c0f6a5a5
c0f7a5a5
c0f8a5a5
c0f9a5a5
c0faa5a5
c0fba5a5
c0fca5a5
c0fda5a5
c0fea5a5
c0ffa5a5
c100a5a5
c101a5a5
c102a5a5
c103a5a5
c104a5a5
c105a5a5
c106a5a5
c107a5a5
c108a5a5
c109a5a5
c10aa5a5
c10ba5a5
c10ca5a5
c10da5a5
c10ea5a5
c10fa5a5
c110a5a5
c111a5a5
c112a5a5
c113a5a5
c114a5a5
c115a5a5
c116a5a5
c117a5a5
c118a5a5
c119a5a5
c11aa5a5
c11ba5a5
c11ca5a5
c11da5a5
c11ea5a5
c11fa5a5
c120a5a5
c121a5a5
c122a5a5
c123a5a5
c124a5a5
c125a5a5
c126a5a5
c127a5a5
c128a5a5
c129a5a5
c12aa5a5
c12ba5a5
c12ca5a5
c12da5a5
c12ea5a5
c12fa5a5
c130a5a5
c131a5a5
c132a5a5
c133a5a5
c134a5a5
c135a5a5
c136a5a5
c137a5a5
c138a5a5
c139a5a5
c13aa5a5
c13ba5a5
c13ca5a5
c13da5a5
c13ea5a5
c13fa5a5
c140a5a5
c141a5a5
c142a5a5
c143a5a5
c144a5a5
c145a5a5
c146a5a5
c147a5a5
c148a5a5
c149a5a5
c14aa5a5
c14ba5a5
c14ca5a5
c14da5a5
c14ea5a5
c14fa5a5
c150a5a5
c151a5a5
c152a5a5
c153a5a5
c154a5a5
c155a5a5
c156a5a5
c157a5a5
c158a5a5
c159a5a5
c15aa5a5
c15ba5a5
c15ca5a5
c15da5a5
c15ea5a5
c15fa5a5
c160a5a5
c161a5a5
c162a5a5
c163a5a5
c164a5a5
c165a5a5
c166a5a5
c167a5a5
c168a5a5
c169a5a5
c16aa5a5
c16ba5a5
c16ca5a5
c16da5a5
c16ea5a5
c16fa5a5
c170a5a5
c171a5a5
c172a5a5
c173a5a5
c174a5a5
c175a5a5
c176a5a5
c177a5a5
c178a5a5
c179a5a5
c17aa5a5
c17ba5a5
c17ca5a5
c17da5a5
c17ea5a5
c17fa5a5
c180a5a5
c181a5a5
c182a5a5
c183a5a5
c184a5a5
c185a5a5
c186a5a5
c187a5a5
c188a5a5
c189a5a5
c18aa5a5
c18ba5a5
c18ca5a5
c18da5a5
c18ea5a5
c18fa5a5
c190a5a5
c191a5a5
c192a5a5
c193a5a5
c194a5a5
c195a5a5
c196a5a5
c197a5a5
c198a5a5
c199a5a5
c19aa5a5
c19ba5a5
c19ca5a5
c19da5a5
c19ea5a5
c19fa5a5
c1a0a5a5
c1a1a5a5
c1a2a5a5
c1a3a5a5
c1a4a5a5
c1a5a5a5
c1a6a5a5
c1a7a5a5
c1a8a5a5
c1a9a5a5
c1aaa5a5
c1aba5a5
c1aca5a5
c1ada5a5
c1aea5a5
c1afa5a5
c1b0a5a5
c1b1a5a5
c1b2a5a5
c1b3a5a5
c1b4a5a5
c1b5a5a5
c1b6a5a5
c1b7a5a5
c1b8a5a5
c1b9a5a5
c1baa5a5
c1bba5a5
c1bca5a5
c1bda5a5
c1bea5a5
c1bfa5a5
c1c0a5a5
c1c1a5a5
c1c2a5a5
c1c3a5a5
c1c4a5a5
c1c5a5a5
c1c6a5a5
c1c7a5a5
c1c8a5a5
c1c9a5a5
c1caa5a5
c1cba5a5
c1cca5a5
c1cda5a5
c1cea5a5
c1cfa5a5
c1d0a5a5
c1d1a5a5
c1d2a5a5
c1d3a5a5
c1d4a5a5
c1d5a5a5
c1d6a5a5
c1d7a5a5
c1d8a5a5
c1d9a5a5
c1daa5a5
c1dba5a5
c1dca5a5
c1dda5a5
c1dea5a5
c1dfa5a5
c1e0a5a5
c1e1a5a5
c1e2a5a5
c1e3a5a5
c1e4a5a5
c1e5a5a5
c1e6a5a5
c1e7a5a5
c1e8a5a5
c1e9a5a5
c1eaa5a5
c1eba5a5
c1eca5a5
c1eda5a5
c1eea5a5
c1efa5a5
c1f0a5a5
c1f1a5a5
c1f2a5a5
c1f3a5a5
c1f4a5a5
c1f5a5a5
c1f6a5a5
c1f7a5a5
c1f8a5a5
c1f9a5a5
c1faa5a5
c1fba5a5
c1fca5a5
c1fda5a5
c1fea5a5
c1ffa5a5
c200a5a5
c201a5a5
c202a5a5
c203a5a5
c204a5a5
c205a5a5
c206a5a5
c207a5a5
c208a5a5
c209a5a5
c20aa5a5
c20ba5a5
c20ca5a5
c20da5a5
c20ea5a5
c20fa5a5
c210a5a5
c211a5a5
c212a5a5
c213a5a5
c214a5a5
c215a5a5
c216a5a5
c217a5a5
c218a5a5
c219a5a5
c21aa5a5
c21ba5a5
c21ca5a5
c21da5a5
c21ea5a5
c21fa5a5
c220a5a5
c221a5a5
c222a5a5
c223a5a5
c224a5a5
c225a5a5
c226a5a5
c227a5a5
c228a5a5
c229a5a5
c22aa5a5
c22ba5a5
c22ca5a5
c22da5a5
c22ea5a5
c22fa5a5
c230a5a5
c231a5a5
c232a5a5
c233a5a5
c234a5a5
c235a5a5
c236a5a5
c237a5a5
c238a5a5
c239a5a5
c23aa5a5
c23ba5a5
c23ca5a5
c23da5a5
c23ea5a5
c23fa5a5
c240a5a5
c241a5a5
c242a5a5
c243a5a5
c244a5a5
c245a5a5
c246a5a5
c247a5a5
c248a5a5
c249a5a5
c24aa5a5
c24ba5a5
c24ca5a5
c24da5a5
c24ea5a5
c24fa5a5
c250a5a5
c251a5a5
c252a5a5
c253a5a5
c254a5a5
c255a5a5
c256a5a5
c257a5a5
c258a5a5
c259a5a5
c25aa5a5
c25ba5a5
c25ca5a5
c25da5a5
c25ea5a5
c25fa5a5
c260a5a5
c261a5a5
c262a5a5
c263a5a5
c264a5a5
c265a5a5
c266a5a5
c267a5a5
c268a5a5
c269a5a5
c26aa5a5
c26ba5a5
c26ca5a5
c26da5a5
c26ea5a5
c26fa5a5
c270a5a5
c271a5a5
c272a5a5
c273a5a5
c274a5a5
c275a5a5
c276a5a5
c277a5a5
c278a5a5
c279a5a5
c27aa5a5
c27ba5a5
c27ca5a5
c27da5a5
c27ea5a5
c27fa5a5
c280a5a5
c281a5a5
c282a5a5
c283a5a5
c284a5a5
c285a5a5
c286a5a5
c287a5a5
c288a5a5
c289a5a5
c28aa5a5
c28ba5a5
c28ca5a5
c28da5a5
c28ea5a5
c28fa5a5
c290a5a5
c291a5a5
c292a5a5
c293a5a5
c294a5a5
c295a5a5
c296a5a5
c297a5a5
c298a5a5
c299a5a5
c29aa5a5
c29ba5a5
c29ca5a5
c29da5a5
c29ea5a5
c29fa5a5
c2a0a5a5
c2a1a5a5
c2a2a5a5
c2a3a5a5
c2a4a5a5
c2a5a5a5
c2a6a5a5
c2a7a5a5
c2a8a5a5
c2a9a5a5
c2aaa5a5
c2aba5a5
c2aca5a5
c2ada5a5
c2aea5a5
c2afa5a5
c2b0a5a5
c2b1a5a5
c2b2a5a5
c2b3a5a5
c2b4a5a5
c2b5a5a5
c2b6a5a5
c2b7a5a5
c2b8a5a5
c2b9a5a5
c2baa5a5
c2bba5a5
c2bca5a5
c2bda5a5
c2bea5a5
c2bfa5a5
c2c0a5a5
c2c1a5a5
c2c2a5a5
c2c3a5a5
c2c4a5a5
c2c5a5a5
c2c6a5a5
c2c7a5a5
c2c8a5a5
c2c9a5a5
c2caa5a5
c2cba5a5
c2cca5a5
c2cda5a5
c2cea5a5
c2cfa5a5
c2d0a5a5
c2d1a5a5
c2d2a5a5
c2d3a5a5
c2d4a5a5
c2d5a5a5
c2d6a5a5
c2d7a5a5
c2d8a5a5
c2d9a5a5
c2daa5a5
c2dba5a5
c2dca5a5
c2dda5a5
c2dea5a5
c2dfa5a5
c2e0a5a5
c2e1a5a5
c2e2a5a5
c2e3a5a5
c2e4a5a5
c2e5a5a5
c2e6a5a5
c2e7a5a5
c2e8a5a5
c2e9a5a5
c2eaa5a5
c2eba5a5
c2eca5a5
c2eda5a5
c2eea5a5
c2efa5a5
c2f0a5a5
c2f1a5a5
c2f2a5a5
c2f3a5a5
c2f4a5a5
c2f5a5a5
c2f6a5a5
c2f7a5a5
c2f8a5a5
c2f9a5a5
c2faa5a5
c2fba5a5
c2fca5a5
c2fda5a5
c2fea5a5
c2ffa5a5
c300a5a5
c301a5a5
c302a5a5
c303a5a5
c304a5a5
c305a5a5
c306a5a5
c307a5a5
c308a5a5
c309a5a5
c30aa5a5
c30ba5a5
c30ca5a5
c30da5a5
c30ea5a5
c30fa5a5
c310a5a5
c311a5a5
c312a5a5
c313a5a5
c314a5a5
c315a5a5
c316a5a5
c317a5a5
c318a5a5
c319a5a5
c31aa5a5
c31ba5a5
c31ca5a5
c31da5a5
c31ea5a5
c31fa5a5
c320a5a5
c321a5a5
c322a5a5
c323a5a5
c324a5a5
c325a5a5
c326a5a5
c327a5a5
c328a5a5
c329a5a5
c32aa5a5
c32ba5a5
c32ca5a5
c32da5a5
c32ea5a5
c32fa5a5
c330a5a5
c331a5a5
c332a5a5
c333a5a5
c334a5a5
c335a5a5
c336a5a5
c337a5a5
c338a5a5
c339a5a5
c33aa5a5
c33ba5a5
c33ca5a5
c33da5a5
c33ea5a5
c33fa5a5
c340a5a5
c341a5a5
c342a5a5
c343a5a5
c344a5a5
c345a5a5
c346a5a5
c347a5a5
c348a5a5
c349a5a5
c34aa5a5
c34ba5a5
c34ca5a5
c34da5a5
c34ea5a5
c34fa5a5
c350a5a5
c351a5a5
c352a5a5
c353a5a5
c354a5a5
c355a5a5
c356a5a5
c357a5a5
c358a5a5
c359a5a5
c35aa5a5
c35ba5a5
c35ca5a5
c35da5a5
c35ea5a5
c35fa5a5
c360a5a5
c361a5a5
c362a5a5
c363a5a5
c364a5a5
c365a5a5
c366a5a5
c367a5a5
c368a5a5
c369a5a5
c36aa5a5
c36ba5a5
c36ca5a5
c36da5a5
c36ea5a5
c36fa5a5
c370a5a5
c371a5a5
c372a5a5
c373a5a5
c374a5a5
c375a5a5
c376a5a5
c377a5a5
c378a5a5
c379a5a5
c37aa5a5
c37ba5a5
c37ca5a5
c37da5a5
c37ea5a5
c37fa5a5
c380a5a5
c381a5a5
c382a5a5
c383a5a5
c384a5a5
c385a5a5
c386a5a5
c387a5a5
c388a5a5
c389a5a5
c38aa5a5
c38ba5a5
c38ca5a5
c38da5a5
c38ea5a5
c38fa5a5
c390a5a5
c391a5a5
c392a5a5
c393a5a5
c394a5a5
c395a5a5
c396a5a5
c397a5a5
c398a5a5
c399a5a5
c39aa5a5
c39ba5a5
c39ca5a5
c39da5a5
c39ea5a5
c39fa5a5
c3a0a5a5
c3a1a5a5
c3a2a5a5
c3a3a5a5
c3a4a5a5
c3a5a5a5
c3a6a5a5
c3a7a5a5
c3a8a5a5
c3a9a5a5
c3aaa5a5
c3aba5a5
c3aca5a5
c3ada5a5
c3aea5a5
c3afa5a5
c3b0a5a5
c3b1a5a5
c3b2a5a5
c3b3a5a5
c3b4a5a5
c3b5a5a5
c3b6a5a5
c3b7a5a5
c3b8a5a5
c3b9a5a5
c3baa5a5
c3bba5a5
c3bca5a5
c3bda5a5
c3bea5a5
c3bfa5a5
c3c0a5a5
c3c1a5a5
c3c2a5a5
c3c3a5a5
c3c4a5a5
c3c5a5a5
c3c6a5a5
c3c7a5a5
c3c8a5a5
c3c9a5a5
c3caa5a5
c3cba5a5
c3cca5a5
c3cda5a5
c3cea5a5
c3cfa5a5
c3d0a5a5
c3d1a5a5
c3d2a5a5
c3d3a5a5
c3d4a5a5
c3d5a5a5
c3d6a5a5
c3d7a5a5
c3d8a5a5
c3d9a5a5
c3daa5a5
c3dba5a5
c3dca5a5
c3dda5a5
c3dea5a5
c3dfa5a5
c3e0a5a5
c3e1a5a5
c3e2a5a5
c3e3a5a5
c3e4a5a5
c3e5a5a5
c3e6a5a5
c3e7a5a5
c3e8a5a5
c3e9a5a5
c3eaa5a5
c3eba5a5
c3eca5a5
c3eda5a5
c3eea5a5
c3efa5a5
c3f0a5a5
c3f1a5a5
c3f2a5a5
c3f3a5a5
c3f4a5a5
c3f5a5a5
c3f6a5a5
c3f7a5a5
c3f8a5a5
c3f9a5a5
c3faa5a5
c3fba5a5
c3fca5a5
c3fda5a5
c3fea5a5
c3ffa5a5
c400a5a5
c401a5a5
c402a5a5
c403a5a5
c404a5a5
c405a5a5
c406a5a5
c407a5a5
c408a5a5
c409a5a5
c40aa5a5
c40ba5a5
c40ca5a5
c40da5a5
c40ea5a5
c40fa5a5
c410a5a5
c411a5a5
c412a5a5
c413a5a5
c414a5a5
c415a5a5
c416a5a5
c417a5a5
c418a5a5
c419a5a5
c41aa5a5
c41ba5a5
c41ca5a5
c41da5a5
c41ea5a5
c41fa5a5
c420a5a5
c421a5a5
c422a5a5
c423a5a5
c424a5a5
c425a5a5
c426a5a5
c427a5a5
c428a5a5
c429a5a5
c42aa5a5
c42ba5a5
c42ca5a5
c42da5a5
c42ea5a5
c42fa5a5
c430a5a5
c431a5a5
c432a5a5
c433a5a5
c434a5a5
c435a5a5
c436a5a5
c437a5a5
c438a5a5
c439a5a5
c43aa5a5
c43ba5a5
c43ca5a5
c43da5a5
c43ea5a5
c43fa5a5
c440a5a5
c441a5a5
c442a5a5
c443a5a5
c444a5a5
c445a5a5
c446a5a5
c447a5a5
c448a5a5
c449a5a5
c44aa5a5
c44ba5a5
c44ca5a5
c44da5a5
c44ea5a5
c44fa5a5
c450a5a5
c451a5a5
c452a5a5
c453a5a5
c454a5a5
c455a5a5
c456a5a5
c457a5a5
c458a5a5
c459a5a5
c45aa5a5
c45ba5a5
c45ca5a5
c45da5a5
c45ea5a5
c45fa5a5
c460a5a5
c461a5a5
c462a5a5
c463a5a5
c464a5a5
c465a5a5
c466a5a5
c467a5a5
c468a5a5
c469a5a5
c46aa5a5
c46ba5a5
c46ca5a5
c46da5a5
c46ea5a5
c46fa5a5
c470a5a5
c471a5a5
c472a5a5
c473a5a5
c474a5a5
c475a5a5
c476a5a5
c477a5a5
c478a5a5
c479a5a5
c47aa5a5
c47ba5a5
c47ca5a5
c47da5a5
c47ea5a5
c47fa5a5
c480a5a5
c481a5a5
c482a5a5
c483a5a5
c484a5a5
c485a5a5
c486a5a5
c487a5a5
c488a5a5
c489a5a5
c48aa5a5
c48ba5a5
c48ca5a5
c48da5a5
c48ea5a5
c48fa5a5
c490a5a5
c491a5a5
c492a5a5
c493a5a5
c494a5a5
c495a5a5
c496a5a5
c497a5a5
c498a5a5
c499a5a5
c49aa5a5
c49ba5a5
c49ca5a5
c49da5a5
c49ea5a5
c49fa5a5
c4a0a5a5
c4a1a5a5
c4a2a5a5
c4a3a5a5
c4a4a5a5
c4a5a5a5
c4a6a5a5
c4a7a5a5
c4a8a5a5
c4a9a5a5
c4aaa5a5
c4aba5a5
c4aca5a5
c4ada5a5
c4aea5a5
c4afa5a5
c4b0a5a5
c4b1a5a5
c4b2a5a5
c4b3a5a5
c4b4a5a5
c4b5a5a5
c4b6a5a5
c4b7a5a5
c4b8a5a5
c4b9a5a5
c4baa5a5
c4bba5a5
c4bca5a5
c4bda5a5
c4bea5a5
c4bfa5a5
c4c0a5a5
c4c1a5a5
c4c2a5a5
c4c3a5a5
c4c4a5a5
c4c5a5a5
c4c6a5a5
c4c7a5a5
c4c8a5a5
c4c9a5a5
c4caa5a5
c4cba5a5
c4cca5a5
c4cda5a5
c4cea5a5
c4cfa5a5
c4d0a5a5
c4d1a5a5
c4d2a5a5
c4d3a5a5
c4d4a5a5
c4d5a5a5
c4d6a5a5
c4d7a5a5
c4d8a5a5
c4d9a5a5
c4daa5a5
c4dba5a5
c4dca5a5
c4dda5a5
c4dea5a5
c4dfa5a5
c4e0a5a5
c4e1a5a5
c4e2a5a5
c4e3a5a5
c4e4a5a5
c4e5a5a5
c4e6a5a5
c4e7a5a5
c4e8a5a5
c4e9a5a5
c4eaa5a5
c4eba5a5
c4eca5a5
c4eda5a5
c4eea5a5
c4efa5a5
c4f0a5a5
c4f1a5a5
c4f2a5a5
c4f3a5a5
c4f4a5a5
c4f5a5a5
c4f6a5a5
c4f7a5a5
c4f8a5a5
c4f9a5a5
c4faa5a5
c4fba5a5
c4fca5a5
c4fda5a5
c4fea5a5
c4ffa5a5
c500a5a5
c501a5a5
c502a5a5
c503a5a5
c504a5a5
c505a5a5
c506a5a5
c507a5a5
c508a5a5
c509a5a5
c50aa5a5
c50ba5a5
c50ca5a5
c50da5a5
c50ea5a5
c50fa5a5
c510a5a5
c511a5a5
c512a5a5
c513a5a5
c514a5a5
c515a5a5
c516a5a5
c517a5a5
c518a5a5
c519a5a5
c51aa5a5
c51ba5a5
c51ca5a5
c51da5a5
c51ea5a5
c51fa5a5
c520a5a5
c521a5a5
c522a5a5
c523a5a5
c524a5a5
c525a5a5
c526a5a5
c527a5a5
c528a5a5
c529a5a5
c52aa5a5
c52ba5a5
c52ca5a5
c52da5a5
c52ea5a5
c52fa5a5
c530a5a5
c531a5a5
c532a5a5
c533a5a5
c534a5a5
c535a5a5
c536a5a5
c537a5a5
c538a5a5
c539a5a5
c53aa5a5
c53ba5a5
c53ca5a5
c53da5a5
c53ea5a5
c53fa5a5
c540a5a5
c541a5a5
c542a5a5
c543a5a5
c544a5a5
c545a5a5
c546a5a5
c547a5a5
c548a5a5
c549a5a5
c54aa5a5
c54ba5a5
c54ca5a5
c54da5a5
c54ea5a5
c54fa5a5
c550a5a5
c551a5a5
c552a5a5
c553a5a5
c554a5a5
c555a5a5
c556a5a5
c557a5a5
c558a5a5
c559a5a5
c55aa5a5
c55ba5a5
c55ca5a5
c55da5a5
c55ea5a5
c55fa5a5
c560a5a5
c561a5a5
c562a5a5
c563a5a5
c564a5a5
c565a5a5
c566a5a5
c567a5a5
c568a5a5
c569a5a5
c56aa5a5
c56ba5a5
c56ca5a5
c56da5a5
c56ea5a5
c56fa5a5
c570a5a5
c571a5a5
c572a5a5
c573a5a5
c574a5a5
c575a5a5
c576a5a5
c577a5a5
c578a5a5
c579a5a5
c57aa5a5
c57ba5a5
c57ca5a5
c57da5a5
c57ea5a5
c57fa5a5
c580a5a5
c581a5a5
c582a5a5
c583a5a5
c584a5a5
c585a5a5
c586a5a5
c587a5a5
c588a5a5
c589a5a5
c58aa5a5
c58ba5a5
c58ca5a5
c58da5a5
c58ea5a5
c58fa5a5
c590a5a5
c591a5a5
c592a5a5
c593a5a5
c594a5a5
c595a5a5
c596a5a5
c597a5a5
c598a5a5
c599a5a5
c59aa5a5
c59ba5a5
c59ca5a5
c59da5a5
c59ea5a5
c59fa5a5
c5a0a5a5
c5a1a5a5
c5a2a5a5
c5a3a5a5
c5a4a5a5
c5a5a5a5
c5a6a5a5
c5a7a5a5
c5a8a5a5
c5a9a5a5
c5aaa5a5
c5aba5a5
c5aca5a5
c5ada5a5
c5aea5a5
c5afa5a5
c5b0a5a5
c5b1a5a5
c5b2a5a5
c5b3a5a5
c5b4a5a5
c5b5a5a5
c5b6a5a5
c5b7a5a5
c5b8a5a5
c5b9a5a5
c5baa5a5
c5bba5a5
c5bca5a5
c5bda5a5
c5bea5a5
c5bfa5a5
c5c0a5a5
c5c1a5a5
c5c2a5a5
c5c3a5a5
c5c4a5a5
c5c5a5a5
c5c6a5a5
c5c7a5a5
c5c8a5a5
c5c9a5a5
c5caa5a5
c5cba5a5
c5cca5a5
c5cda5a5
c5cea5a5
c5cfa5a5
c5d0a5a5
c5d1a5a5
c5d2a5a5
c5d3a5a5
c5d4a5a5
c5d5a5a5
c5d6a5a5
c5d7a5a5
c5d8a5a5
c5d9a5a5
c5daa5a5
c5dba5a5
c5dca5a5
c5dda5a5
c5dea5a5
c5dfa5a5
c5e0a5a5
c5e1a5a5
c5e2a5a5
c5e3a5a5
c5e4a5a5
c5e5a5a5
c5e6a5a5
c5e7a5a5
c5e8a5a5
c5e9a5a5
c5eaa5a5
c5eba5a5
c5eca5a5
c5eda5a5
c5eea5a5
c5efa5a5
c5f0a5a5
c5f1a5a5
c5f2a5a5
c5f3a5a5
c5f4a5a5
c5f5a5a5
c5f6a5a5
c5f7a5a5
c5f8a5a5
c5f9a5a5
c5faa5a5
c5fba5a5
c5fca5a5
c5fda5a5
c5fea5a5
c5ffa5a5
c600a5a5
c601a5a5
c602a5a5
c603a5a5
c604a5a5
c605a5a5
c606a5a5
c607a5a5
c608a5a5
c609a5a5
c60aa5a5
c60ba5a5
c60ca5a5
c60da5a5
c60ea5a5
c60fa5a5
c610a5a5
c611a5a5
c612a5a5
c613a5a5
c614a5a5
c615a5a5
c616a5a5
c617a5a5
c618a5a5
c619a5a5
c61aa5a5
c61ba5a5
c61ca5a5
c61da5a5
c61ea5a5
c61fa5a5
c620a5a5
c621a5a5
c622a5a5
c623a5a5
c624a5a5
c625a5a5
c626a5a5
c627a5a5
c628a5a5
c629a5a5
c62aa5a5
c62ba5a5
c62ca5a5
c62da5a5
c62ea5a5
c62fa5a5
c630a5a5
c631a5a5
c632a5a5
c633a5a5
c634a5a5
c635a5a5
c636a5a5
c637a5a5
c638a5a5
c639a5a5
c63aa5a5
c63ba5a5
c63ca5a5
c63da5a5
c63ea5a5
c63fa5a5
c640a5a5
c641a5a5
c642a5a5
c643a5a5
c644a5a5
c645a5a5
c646a5a5
c647a5a5
c648a5a5
c649a5a5
c64aa5a5
c64ba5a5
c64ca5a5
c64da5a5
c64ea5a5
c64fa5a5
c650a5a5
c651a5a5
c652a5a5
c653a5a5
c654a5a5
c655a5a5
c656a5a5
c657a5a5
c658a5a5
c659a5a5
c65aa5a5
c65ba5a5
c65ca5a5
c65da5a5
c65ea5a5
c65fa5a5
c660a5a5
c661a5a5
c662a5a5
c663a5a5
c664a5a5
c665a5a5
c666a5a5
c667a5a5
c668a5a5
c669a5a5
c66aa5a5
c66ba5a5
c66ca5a5
c66da5a5
c66ea5a5
c66fa5a5
c670a5a5
c671a5a5
c672a5a5
c673a5a5
c674a5a5
c675a5a5
c676a5a5
c677a5a5
c678a5a5
c679a5a5
c67aa5a5
c67ba5a5
c67ca5a5
c67da5a5
c67ea5a5
c67fa5a5
c680a5a5
c681a5a5
c682a5a5
c683a5a5
c684a5a5
c685a5a5
c686a5a5
c687a5a5
c688a5a5
c689a5a5
c68aa5a5
c68ba5a5
c68ca5a5
c68da5a5
c68ea5a5
c68fa5a5
c690a5a5
c691a5a5
c692a5a5
c693a5a5
c694a5a5
c695a5a5
c696a5a5
c697a5a5
c698a5a5
c699a5a5
c69aa5a5
c69ba5a5
c69ca5a5
c69da5a5
c69ea5a5
c69fa5a5
c6a0a5a5
c6a1a5a5
c6a2a5a5
c6a3a5a5
c6a4a5a5
c6a5a5a5
c6a6a5a5
c6a7a5a5
c6a8a5a5
c6a9a5a5
c6aaa5a5
c6aba5a5
c6aca5a5
c6ada5a5
c6aea5a5
c6afa5a5
c6b0a5a5
c6b1a5a5
c6b2a5a5
c6b3a5a5
c6b4a5a5
c6b5a5a5
c6b6a5a5
c6b7a5a5
c6b8a5a5
c6b9a5a5
c6baa5a5
c6bba5a5
c6bca5a5
c6bda5a5
c6bea5a5
c6bfa5a5
c6c0a5a5
c6c1a5a5
c6c2a5a5
c6c3a5a5
c6c4a5a5
c6c5a5a5
c6c6a5a5
c6c7a5a5
c6c8a5a5
c6c9a5a5
c6caa5a5
c6cba5a5
c6cca5a5
c6cda5a5
c6cea5a5
c6cfa5a5
c6d0a5a5
c6d1a5a5
c6d2a5a5
c6d3a5a5
c6d4a5a5
c6d5a5a5
c6d6a5a5
c6d7a5a5
c6d8a5a5
c6d9a5a5
c6daa5a5
c6dba5a5
c6dca5a5
c6dda5a5
c6dea5a5
c6dfa5a5
c6e0a5a5
c6e1a5a5
c6e2a5a5
c6e3a5a5
c6e4a5a5
c6e5a5a5
c6e6a5a5
c6e7a5a5
c6e8a5a5
c6e9a5a5
c6eaa5a5
c6eba5a5
c6eca5a5
c6eda5a5
c6eea5a5
c6efa5a5
c6f0a5a5
c6f1a5a5
c6f2a5a5
c6f3a5a5
c6f4a5a5
c6f5a5a5
c6f6a5a5
c6f7a5a5
c6f8a5a5
c6f9a5a5
c6faa5a5
c6fba5a5
c6fca5a5
c6fda5a5
c6fea5a5
c6ffa5a5
c700a5a5
c701a5a5
c702a5a5
c703a5a5
c704a5a5
c705a5a5
c706a5a5
c707a5a5
c708a5a5
c709a5a5
c70aa5a5
c70ba5a5
c70ca5a5
c70da5a5
c70ea5a5
c70fa5a5
c710a5a5
c711a5a5
c712a5a5
c713a5a5
c714a5a5
c715a5a5
c716a5a5
c717a5a5
c718a5a5
c719a5a5
c71aa5a5
c71ba5a5
c71ca5a5
c71da5a5
c71ea5a5
c71fa5a5
c720a5a5
c721a5a5
c722a5a5
c723a5a5
c724a5a5
c725a5a5
c726a5a5
c727a5a5
c728a5a5
c729a5a5
c72aa5a5
c72ba5a5
c72ca5a5
c72da5a5
c72ea5a5
c72fa5a5
c730a5a5
c731a5a5
c732a5a5
c733a5a5
c734a5a5
c735a5a5
c736a5a5
c737a5a5
c738a5a5
c739a5a5
c73aa5a5
c73ba5a5
c73ca5a5
c73da5a5
c73ea5a5
c73fa5a5
c740a5a5
c741a5a5
c742a5a5
c743a5a5
c744a5a5
c745a5a5
c746a5a5
c747a5a5
c748a5a5
c749a5a5
c74aa5a5
c74ba5a5
c74ca5a5
c74da5a5
c74ea5a5
c74fa5a5
c750a5a5
c751a5a5
c752a5a5
c753a5a5
c754a5a5
c755a5a5
c756a5a5
c757a5a5
c758a5a5
c759a5a5
c75aa5a5
c75ba5a5
c75ca5a5
c75da5a5
c75ea5a5
c75fa5a5
c760a5a5
c761a5a5
c762a5a5
c763a5a5
c764a5a5
c765a5a5
c766a5a5
c767a5a5
c768a5a5
c769a5a5
c76aa5a5
c76ba5a5
c76ca5a5
c76da5a5
c76ea5a5
c76fa5a5
c770a5a5
c771a5a5
c772a5a5
c773a5a5
c774a5a5
c775a5a5
c776a5a5
c777a5a5
c778a5a5
c779a5a5
c77aa5a5
c77ba5a5
c77ca5a5
c77da5a5
c77ea5a5
c77fa5a5
c780a5a5
c781a5a5
c782a5a5
c783a5a5
c784a5a5
c785a5a5
c786a5a5
c787a5a5
c788a5a5
c789a5a5
c78aa5a5
c78ba5a5
c78ca5a5
c78da5a5
c78ea5a5
c78fa5a5
c790a5a5
c791a5a5
c792a5a5
c793a5a5
c794a5a5
c795a5a5
c796a5a5
c797a5a5
c798a5a5
c799a5a5
c79aa5a5
c79ba5a5
c79ca5a5
c79da5a5
c79ea5a5
c79fa5a5
c7a0a5a5
c7a1a5a5
c7a2a5a5
c7a3a5a5
c7a4a5a5
c7a5a5a5
c7a6a5a5
c7a7a5a5
c7a8a5a5
c7a9a5a5
c7aaa5a5
c7aba5a5
c7aca5a5
c7ada5a5
c7aea5a5
c7afa5a5
c7b0a5a5
c7b1a5a5
c7b2a5a5
c7b3a5a5
c7b4a5a5
c7b5a5a5
c7b6a5a5
c7b7a5a5
c7b8a5a5
c7b9a5a5
c7baa5a5
c7bba5a5
c7bca5a5
c7bda5a5
c7bea5a5
c7bfa5a5
c7c0a5a5
c7c1a5a5
c7c2a5a5
c7c3a5a5
c7c4a5a5
c7c5a5a5
c7c6a5a5
c7c7a5a5
c7c8a5a5
c7c9a5a5
c7caa5a5
c7cba5a5
c7cca5a5
c7cda5a5
c7cea5a5
c7cfa5a5
c7d0a5a5
c7d1a5a5
c7d2a5a5
c7d3a5a5
c7d4a5a5
c7d5a5a5
c7d6a5a5
c7d7a5a5
c7d8a5a5
c7d9a5a5
c7daa5a5
c7dba5a5
c7dca5a5
c7dda5a5
c7dea5a5
c7dfa5a5
c7e0a5a5
c7e1a5a5
c7e2a5a5
c7e3a5a5
c7e4a5a5
c7e5a5a5
c7e6a5a5
c7e7a5a5
c7e8a5a5
c7e9a5a5
c7eaa5a5
c7eba5a5
c7eca5a5
c7eda5a5
c7eea5a5
c7efa5a5
c7f0a5a5
c7f1a5a5
c7f2a5a5
c7f3a5a5
c7f4a5a5
c7f5a5a5
c7f6a5a5
c7f7a5a5
c7f8a5a5
c7f9a5a5
c7faa5a5
c7fba5a5
c7fca5a5
c7fda5a5
c7fea5a5
c7ffa5a5
c800a5a5
c801a5a5
c802a5a5
c803a5a5
c804a5a5
c805a5a5
c806a5a5
c807a5a5
c808a5a5
c809a5a5
c80aa5a5
c80ba5a5
c80ca5a5
c80da5a5
c80ea5a5
c80fa5a5
c810a5a5
c811a5a5
c812a5a5
c813a5a5
c814a5a5
c815a5a5
c816a5a5
c817a5a5
c818a5a5
c819a5a5
c81aa5a5
c81ba5a5
c81ca5a5
c81da5a5
c81ea5a5
c81fa5a5
c820a5a5
c821a5a5
c822a5a5
c823a5a5
c824a5a5
c825a5a5
c826a5a5
c827a5a5
c828a5a5
c829a5a5
c82aa5a5
c82ba5a5
c82ca5a5
c82da5a5
c82ea5a5
c82fa5a5
c830a5a5
c831a5a5
c832a5a5
c833a5a5
c834a5a5
c835a5a5
c836a5a5
c837a5a5
c838a5a5
c839a5a5
c83aa5a5
c83ba5a5
c83ca5a5
c83da5a5
c83ea5a5
c83fa5a5
c840a5a5
c841a5a5
c842a5a5
c843a5a5
c844a5a5
c845a5a5
c846a5a5
c847a5a5
c848a5a5
c849a5a5
c84aa5a5
c84ba5a5
c84ca5a5
c84da5a5
c84ea5a5
c84fa5a5
c850a5a5
c851a5a5
c852a5a5
c853a5a5
c854a5a5
c855a5a5
c856a5a5
c857a5a5
c858a5a5
c859a5a5
c85aa5a5
c85ba5a5
c85ca5a5
c85da5a5
c85ea5a5
c85fa5a5
c860a5a5
c861a5a5
c862a5a5
c863a5a5
c864a5a5
c865a5a5
c866a5a5
c867a5a5
c868a5a5
c869a5a5
c86aa5a5
c86ba5a5
c86ca5a5
c86da5a5
c86ea5a5
c86fa5a5
c870a5a5
c871a5a5
c872a5a5
c873a5a5
c874a5a5
c875a5a5
c876a5a5
c877a5a5
c878a5a5
c879a5a5
c87aa5a5
c87ba5a5
c87ca5a5
c87da5a5
c87ea5a5
c87fa5a5
c880a5a5
c881a5a5
c882a5a5
c883a5a5
c884a5a5
c885a5a5
c886a5a5
c887a5a5
c888a5a5
c889a5a5
c88aa5a5
c88ba5a5
c88ca5a5
c88da5a5
c88ea5a5
c88fa5a5
c890a5a5
c891a5a5
c892a5a5
c893a5a5
c894a5a5
c895a5a5
c896a5a5
c897a5a5
c898a5a5
c899a5a5
c89aa5a5
c89ba5a5
c89ca5a5
c89da5a5
c89ea5a5
c89fa5a5
c8a0a5a5
c8a1a5a5
c8a2a5a5
c8a3a5a5
c8a4a5a5
c8a5a5a5
c8a6a5a5
c8a7a5a5
c8a8a5a5
c8a9a5a5
c8aaa5a5
c8aba5a5
c8aca5a5
c8ada5a5
c8aea5a5
c8afa5a5
c8b0a5a5
c8b1a5a5
c8b2a5a5
c8b3a5a5
c8b4a5a5
c8b5a5a5
c8b6a5a5
c8b7a5a5
c8b8a5a5
c8b9a5a5
c8baa5a5
c8bba5a5
c8bca5a5
c8bda5a5
c8bea5a5
c8bfa5a5
c8c0a5a5
c8c1a5a5
c8c2a5a5
c8c3a5a5
c8c4a5a5
c8c5a5a5
c8c6a5a5
c8c7a5a5
c8c8a5a5
c8c9a5a5
c8caa5a5
c8cba5a5
c8cca5a5
c8cda5a5
c8cea5a5
c8cfa5a5
c8d0a5a5
c8d1a5a5
c8d2a5a5
c8d3a5a5
c8d4a5a5
c8d5a5a5
c8d6a5a5
c8d7a5a5
c8d8a5a5
c8d9a5a5
c8daa5a5
c8dba5a5
c8dca5a5
c8dda5a5
c8dea5a5
c8dfa5a5
c8e0a5a5
c8e1a5a5
c8e2a5a5
c8e3a5a5
c8e4a5a5
c8e5a5a5
c8e6a5a5
c8e7a5a5
c8e8a5a5
c8e9a5a5
c8eaa5a5
c8eba5a5
c8eca5a5
c8eda5a5
c8eea5a5
c8efa5a5
c8f0a5a5
c8f1a5a5
c8f2a5a5
c8f3a5a5
c8f4a5a5
c8f5a5a5
c8f6a5a5
c8f7a5a5
c8f8a5a5
c8f9a5a5
c8faa5a5
c8fba5a5
c8fca5a5
c8fda5a5
c8fea5a5
c8ffa5a5
c900a5a5
c901a5a5
c902a5a5
c903a5a5
c904a5a5
c905a5a5
c906a5a5
c907a5a5
c908a5a5
c909a5a5
c90aa5a5
c90ba5a5
c90ca5a5
c90da5a5
c90ea5a5
c90fa5a5
c910a5a5
c911a5a5
c912a5a5
c913a5a5
c914a5a5
c915a5a5
c916a5a5
c917a5a5
c918a5a5
c919a5a5
c91aa5a5
c91ba5a5
c91ca5a5
c91da5a5
c91ea5a5
c91fa5a5
c920a5a5
c921a5a5
c922a5a5
c923a5a5
c924a5a5
c925a5a5
c926a5a5
c927a5a5
c928a5a5
c929a5a5
c92aa5a5
c92ba5a5
c92ca5a5
c92da5a5
c92ea5a5
c92fa5a5
c930a5a5
c931a5a5
c932a5a5
c933a5a5
c934a5a5
c935a5a5
c936a5a5
c937a5a5
c938a5a5
c939a5a5
c93aa5a5
c93ba5a5
c93ca5a5
c93da5a5
c93ea5a5
c93fa5a5
c940a5a5
c941a5a5
c942a5a5
c943a5a5
c944a5a5
c945a5a5
c946a5a5
c947a5a5
c948a5a5
c949a5a5
c94aa5a5
c94ba5a5
c94ca5a5
c94da5a5
c94ea5a5
c94fa5a5
c950a5a5
c951a5a5
c952a5a5
c953a5a5
c954a5a5
c955a5a5
c956a5a5
c957a5a5
c958a5a5
c959a5a5
c95aa5a5
c95ba5a5
c95ca5a5
c95da5a5
c95ea5a5
c95fa5a5
c960a5a5
c961a5a5
c962a5a5
c963a5a5
c964a5a5
c965a5a5
c966a5a5
c967a5a5
c968a5a5
c969a5a5
c96aa5a5
c96ba5a5
c96ca5a5
c96da5a5
c96ea5a5
c96fa5a5
c970a5a5
c971a5a5
c972a5a5
c973a5a5
c974a5a5
c975a5a5
c976a5a5
c977a5a5
c978a5a5
c979a5a5
c97aa5a5
c97ba5a5
c97ca5a5
c97da5a5
c97ea5a5
c97fa5a5
c980a5a5
c981a5a5
c982a5a5
c983a5a5
c984a5a5
c985a5a5
c986a5a5
c987a5a5
c988a5a5
c989a5a5
c98aa5a5
c98ba5a5
c98ca5a5
c98da5a5
c98ea5a5
c98fa5a5
c990a5a5
c991a5a5
c992a5a5
c993a5a5
c994a5a5
c995a5a5
c996a5a5
c997a5a5
c998a5a5
c999a5a5
c99aa5a5
c99ba5a5
c99ca5a5
c99da5a5
c99ea5a5
c99fa5a5
c9a0a5a5
c9a1a5a5
c9a2a5a5
c9a3a5a5
c9a4a5a5
c9a5a5a5
c9a6a5a5
c9a7a5a5
c9a8a5a5
c9a9a5a5
c9aaa5a5
c9aba5a5
c9aca5a5
c9ada5a5
c9aea5a5
c9afa5a5
c9b0a5a5
c9b1a5a5
c9b2a5a5
c9b3a5a5
c9b4a5a5
c9b5a5a5
c9b6a5a5
c9b7a5a5
c9b8a5a5
c9b9a5a5
c9baa5a5
c9bba5a5
c9bca5a5
c9bda5a5
c9bea5a5
c9bfa5a5
c9c0a5a5
c9c1a5a5
c9c2a5a5
c9c3a5a5
c9c4a5a5
c9c5a5a5
c9c6a5a5
c9c7a5a5
c9c8a5a5
c9c9a5a5
c9caa5a5
c9cba5a5
c9cca5a5
c9cda5a5
c9cea5a5
c9cfa5a5
c9d0a5a5
c9d1a5a5
c9d2a5a5
c9d3a5a5
c9d4a5a5
c9d5a5a5
c9d6a5a5
c9d7a5a5
c9d8a5a5
c9d9a5a5
c9daa5a5
c9dba5a5
c9dca5a5
c9dda5a5
c9dea5a5
c9dfa5a5
c9e0a5a5
c9e1a5a5
c9e2a5a5
c9e3a5a5
c9e4a5a5
c9e5a5a5
c9e6a5a5
c9e7a5a5
c9e8a5a5
c9e9a5a5
c9eaa5a5
c9eba5a5
c9eca5a5
c9eda5a5
c9eea5a5
c9efa5a5
c9f0a5a5
c9f1a5a5
c9f2a5a5
c9f3a5a5
c9f4a5a5
c9f5a5a5
c9f6a5a5
c9f7a5a5
c9f8a5a5
c9f9a5a5
c9faa5a5
c9fba5a5
c9fca5a5
c9fda5a5
c9fea5a5
c9ffa5a5
ca00a5a5
ca01a5a5
ca02a5a5
ca03a5a5
ca04a5a5
ca05a5a5
ca06a5a5
ca07a5a5
ca08a5a5
ca09a5a5
ca0aa5a5
ca0ba5a5
ca0ca5a5
ca0da5a5
ca0ea5a5
ca0fa5a5
ca10a5a5
ca11a5a5
ca12a5a5
ca13a5a5
ca14a5a5
ca15a5a5
ca16a5a5
ca17a5a5
ca18a5a5
ca19a5a5
ca1aa5a5
ca1ba5a5
ca1ca5a5
ca1da5a5
ca1ea5a5
ca1fa5a5
ca20a5a5
ca21a5a5
ca22a5a5
ca23a5a5
ca24a5a5
ca25a5a5
ca26a5a5
ca27a5a5
ca28a5a5
ca29a5a5
ca2aa5a5
ca2ba5a5
ca2ca5a5
ca2da5a5
ca2ea5a5
ca2fa5a5
ca30a5a5
ca31a5a5
ca32a5a5
ca33a5a5
ca34a5a5
ca35a5a5
ca36a5a5
ca37a5a5
ca38a5a5
ca39a5a5
ca3aa5a5
ca3ba5a5
ca3ca5a5
ca3da5a5
ca3ea5a5
ca3fa5a5
ca40a5a5
ca41a5a5
ca42a5a5
ca43a5a5
ca44a5a5
ca45a5a5
ca46a5a5
ca47a5a5
ca48a5a5
ca49a5a5
ca4aa5a5
ca4ba5a5
ca4ca5a5
ca4da5a5
ca4ea5a5
ca4fa5a5
ca50a5a5
ca51a5a5
ca52a5a5
ca53a5a5
ca54a5a5
ca55a5a5
ca56a5a5
ca57a5a5
ca58a5a5
ca59a5a5
ca5aa5a5
ca5ba5a5
ca5ca5a5
ca5da5a5
ca5ea5a5
ca5fa5a5
ca60a5a5
ca61a5a5
ca62a5a5
ca63a5a5
ca64a5a5
ca65a5a5
ca66a5a5
ca67a5a5
ca68a5a5
ca69a5a5
ca6aa5a5
ca6ba5a5
ca6ca5a5
ca6da5a5
ca6ea5a5
ca6fa5a5
ca70a5a5
ca71a5a5
ca72a5a5
ca73a5a5
ca74a5a5
ca75a5a5
ca76a5a5
ca77a5a5
ca78a5a5
ca79a5a5
ca7aa5a5
ca7ba5a5
ca7ca5a5
ca7da5a5
ca7ea5a5
ca7fa5a5
ca80a5a5
ca81a5a5
ca82a5a5
ca83a5a5
ca84a5a5
ca85a5a5
ca86a5a5
ca87a5a5
ca88a5a5
ca89a5a5
ca8aa5a5
ca8ba5a5
ca8ca5a5
ca8da5a5
ca8ea5a5
ca8fa5a5
ca90a5a5
ca91a5a5
ca92a5a5
ca93a5a5
ca94a5a5
ca95a5a5
ca96a5a5
ca97a5a5
ca98a5a5
ca99a5a5
ca9aa5a5
ca9ba5a5
ca9ca5a5
ca9da5a5
ca9ea5a5
ca9fa5a5
caa0a5a5
caa1a5a5
caa2a5a5
caa3a5a5
caa4a5a5
caa5a5a5
caa6a5a5
caa7a5a5
caa8a5a5
caa9a5a5
caaaa5a5
caaba5a5
caaca5a5
caada5a5
caaea5a5
caafa5a5
cab0a5a5
cab1a5a5
cab2a5a5
cab3a5a5
cab4a5a5
cab5a5a5
cab6a5a5
cab7a5a5
cab8a5a5
cab9a5a5
cabaa5a5
cabba5a5
cabca5a5
cabda5a5
cabea5a5
cabfa5a5
cac0a5a5
cac1a5a5
cac2a5a5
cac3a5a5
cac4a5a5
cac5a5a5
cac6a5a5
cac7a5a5
cac8a5a5
cac9a5a5
cacaa5a5
cacba5a5
cacca5a5
cacda5a5
cacea5a5
cacfa5a5
cad0a5a5
cad1a5a5
cad2a5a5
cad3a5a5
cad4a5a5
cad5a5a5
cad6a5a5
cad7a5a5
cad8a5a5
cad9a5a5
cadaa5a5
cadba5a5
cadca5a5
cadda5a5
cadea5a5
cadfa5a5
cae0a5a5
cae1a5a5
cae2a5a5
cae3a5a5
cae4a5a5
cae5a5a5
cae6a5a5
cae7a5a5
cae8a5a5
cae9a5a5
caeaa5a5
caeba5a5
caeca5a5
caeda5a5
caeea5a5
caefa5a5
caf0a5a5
caf1a5a5
caf2a5a5
caf3a5a5
caf4a5a5
caf5a5a5
caf6a5a5
caf7a5a5
caf8a5a5
caf9a5a5
cafaa5a5
cafba5a5
cafca5a5
cafda5a5
cafea5a5
caffa5a5
cb00a5a5
cb01a5a5
cb02a5a5
cb03a5a5
cb04a5a5
cb05a5a5
cb06a5a5
cb07a5a5
cb08a5a5
cb09a5a5
cb0aa5a5
cb0ba5a5
cb0ca5a5
cb0da5a5
cb0ea5a5
cb0fa5a5
cb10a5a5
cb11a5a5
cb12a5a5
cb13a5a5
cb14a5a5
cb15a5a5
cb16a5a5
cb17a5a5
cb18a5a5
cb19a5a5
cb1aa5a5
cb1ba5a5
cb1ca5a5
cb1da5a5
cb1ea5a5
cb1fa5a5
cb20a5a5
cb21a5a5
cb22a5a5
cb23a5a5
cb24a5a5
cb25a5a5
cb26a5a5
cb27a5a5
cb28a5a5
cb29a5a5
cb2aa5a5
cb2ba5a5
cb2ca5a5
cb2da5a5
cb2ea5a5
cb2fa5a5
cb30a5a5
cb31a5a5
cb32a5a5
cb33a5a5
cb34a5a5
cb35a5a5
cb36a5a5
cb37a5a5
cb38a5a5
cb39a5a5
cb3aa5a5
cb3ba5a5
cb3ca5a5
cb3da5a5
cb3ea5a5
cb3fa5a5
cb40a5a5
cb41a5a5
cb42a5a5
cb43a5a5
cb44a5a5
cb45a5a5
cb46a5a5
cb47a5a5
cb48a5a5
cb49a5a5
cb4aa5a5
cb4ba5a5
cb4ca5a5
cb4da5a5
cb4ea5a5
cb4fa5a5
cb50a5a5
cb51a5a5
cb52a5a5
cb53a5a5
cb54a5a5
cb55a5a5
cb56a5a5
cb57a5a5
cb58a5a5
cb59a5a5
cb5aa5a5
cb5ba5a5
cb5ca5a5
cb5da5a5
cb5ea5a5
cb5fa5a5
cb60a5a5
cb61a5a5
cb62a5a5
cb63a5a5
cb64a5a5
cb65a5a5
cb66a5a5
cb67a5a5
cb68a5a5
cb69a5a5
cb6aa5a5
cb6ba5a5
cb6ca5a5
cb6da5a5
cb6ea5a5
cb6fa5a5
cb70a5a5
cb71a5a5
cb72a5a5
cb73a5a5
cb74a5a5
cb75a5a5
cb76a5a5
cb77a5a5
cb78a5a5
cb79a5a5
cb7aa5a5
cb7ba5a5
cb7ca5a5
cb7da5a5
cb7ea5a5
cb7fa5a5
cb80a5a5
cb81a5a5
cb82a5a5
cb83a5a5
cb84a5a5
cb85a5a5
cb86a5a5
cb87a5a5
cb88a5a5
cb89a5a5
cb8aa5a5
cb8ba5a5
cb8ca5a5
cb8da5a5
cb8ea5a5
cb8fa5a5
cb90a5a5
cb91a5a5
cb92a5a5
cb93a5a5
cb94a5a5
cb95a5a5
cb96a5a5
cb97a5a5
cb98a5a5
cb99a5a5
cb9aa5a5
cb9ba5a5
cb9ca5a5
cb9da5a5
cb9ea5a5
cb9fa5a5
cba0a5a5
cba1a5a5
cba2a5a5
cba3a5a5
cba4a5a5
cba5a5a5
cba6a5a5
cba7a5a5
cba8a5a5
cba9a5a5
cbaaa5a5
cbaba5a5
cbaca5a5
cbada5a5
cbaea5a5
cbafa5a5
cbb0a5a5
cbb1a5a5
cbb2a5a5
cbb3a5a5
cbb4a5a5
cbb5a5a5
cbb6a5a5
cbb7a5a5
cbb8a5a5
cbb9a5a5
cbbaa5a5
cbbba5a5
cbbca5a5
cbbda5a5
cbbea5a5
cbbfa5a5
cbc0a5a5
cbc1a5a5
cbc2a5a5
cbc3a5a5
cbc4a5a5
cbc5a5a5
cbc6a5a5
cbc7a5a5
cbc8a5a5
cbc9a5a5
cbcaa5a5
cbcba5a5
cbcca5a5
cbcda5a5
cbcea5a5
cbcfa5a5
cbd0a5a5
cbd1a5a5
cbd2a5a5
cbd3a5a5
cbd4a5a5
cbd5a5a5
cbd6a5a5
cbd7a5a5
cbd8a5a5
cbd9a5a5
cbdaa5a5
cbdba5a5
cbdca5a5
cbdda5a5
cbdea5a5
cbdfa5a5
cbe0a5a5
cbe1a5a5
cbe2a5a5
cbe3a5a5
cbe4a5a5
cbe5a5a5
cbe6a5a5
cbe7a5a5
cbe8a5a5
cbe9a5a5
cbeaa5a5
cbeba5a5
cbeca5a5
cbeda5a5
cbeea5a5
cbefa5a5
cbf0a5a5
cbf1a5a5
cbf2a5a5
cbf3a5a5
cbf4a5a5
cbf5a5a5
cbf6a5a5
cbf7a5a5
cbf8a5a5
cbf9a5a5
cbfaa5a5
cbfba5a5
cbfca5a5
cbfda5a5
cbfea5a5
cbffa5a5
cc00a5a5
cc01a5a5
cc02a5a5
cc03a5a5
cc04a5a5
cc05a5a5
cc06a5a5
cc07a5a5
cc08a5a5
cc09a5a5
cc0aa5a5
cc0ba5a5
cc0ca5a5
cc0da5a5
cc0ea5a5
cc0fa5a5
cc10a5a5
cc11a5a5
cc12a5a5
cc13a5a5
cc14a5a5
cc15a5a5
cc16a5a5
cc17a5a5
cc18a5a5
cc19a5a5
cc1aa5a5
cc1ba5a5
cc1ca5a5
cc1da5a5
cc1ea5a5
cc1fa5a5
cc20a5a5
cc21a5a5
cc22a5a5
cc23a5a5
cc24a5a5
cc25a5a5
cc26a5a5
cc27a5a5
cc28a5a5
cc29a5a5
cc2aa5a5
cc2ba5a5
cc2ca5a5
cc2da5a5
cc2ea5a5
cc2fa5a5
cc30a5a5
cc31a5a5
cc32a5a5
cc33a5a5
cc34a5a5
cc35a5a5
cc36a5a5
cc37a5a5
cc38a5a5
cc39a5a5
cc3aa5a5
cc3ba5a5
cc3ca5a5
cc3da5a5
cc3ea5a5
cc3fa5a5
cc40a5a5
cc41a5a5
cc42a5a5
cc43a5a5
cc44a5a5
cc45a5a5
cc46a5a5
cc47a5a5
cc48a5a5
cc49a5a5
cc4aa5a5
cc4ba5a5
cc4ca5a5
cc4da5a5
cc4ea5a5
cc4fa5a5
cc50a5a5
cc51a5a5
cc52a5a5
cc53a5a5
cc54a5a5
cc55a5a5
cc56a5a5
cc57a5a5
cc58a5a5
cc59a5a5
cc5aa5a5
cc5ba5a5
cc5ca5a5
cc5da5a5
cc5ea5a5
cc5fa5a5
cc60a5a5
cc61a5a5
cc62a5a5
cc63a5a5
cc64a5a5
cc65a5a5
cc66a5a5
cc67a5a5
cc68a5a5
cc69a5a5
cc6aa5a5
cc6ba5a5
cc6ca5a5
cc6da5a5
cc6ea5a5
cc6fa5a5
cc70a5a5
cc71a5a5
cc72a5a5
cc73a5a5
cc74a5a5
cc75a5a5
cc76a5a5
cc77a5a5
cc78a5a5
cc79a5a5
cc7aa5a5
cc7ba5a5
cc7ca5a5
cc7da5a5
cc7ea5a5
cc7fa5a5
cc80a5a5
cc81a5a5
cc82a5a5
cc83a5a5
cc84a5a5
cc85a5a5
cc86a5a5
cc87a5a5
cc88a5a5
cc89a5a5
cc8aa5a5
cc8ba5a5
cc8ca5a5
cc8da5a5
cc8ea5a5
cc8fa5a5
cc90a5a5
cc91a5a5
cc92a5a5
cc93a5a5
cc94a5a5
cc95a5a5
cc96a5a5
cc97a5a5
cc98a5a5
cc99a5a5
cc9aa5a5
cc9ba5a5
cc9ca5a5
cc9da5a5
cc9ea5a5
cc9fa5a5
cca0a5a5
cca1a5a5
cca2a5a5
cca3a5a5
cca4a5a5
cca5a5a5
cca6a5a5
cca7a5a5
cca8a5a5
cca9a5a5
ccaaa5a5
ccaba5a5
ccaca5a5
ccada5a5
ccaea5a5
ccafa5a5
ccb0a5a5
ccb1a5a5
ccb2a5a5
ccb3a5a5
ccb4a5a5
ccb5a5a5
ccb6a5a5
ccb7a5a5
ccb8a5a5
ccb9a5a5
ccbaa5a5
ccbba5a5
ccbca5a5
ccbda5a5
ccbea5a5
ccbfa5a5
ccc0a5a5
ccc1a5a5
ccc2a5a5
ccc3a5a5
ccc4a5a5
ccc5a5a5
ccc6a5a5
ccc7a5a5
ccc8a5a5
ccc9a5a5
cccaa5a5
cccba5a5
cccca5a5
cccda5a5
cccea5a5
cccfa5a5
ccd0a5a5
ccd1a5a5
ccd2a5a5
ccd3a5a5
ccd4a5a5
ccd5a5a5
ccd6a5a5
ccd7a5a5
ccd8a5a5
ccd9a5a5
ccdaa5a5
ccdba5a5
ccdca5a5
ccdda5a5
ccdea5a5
ccdfa5a5
cce0a5a5
cce1a5a5
cce2a5a5
cce3a5a5
cce4a5a5
cce5a5a5
cce6a5a5
cce7a5a5
cce8a5a5
cce9a5a5
cceaa5a5
cceba5a5
cceca5a5
cceda5a5
cceea5a5
ccefa5a5
ccf0a5a5
ccf1a5a5
ccf2a5a5
ccf3a5a5
ccf4a5a5
ccf5a5a5
ccf6a5a5
ccf7a5a5
ccf8a5a5
ccf9a5a5
ccfaa5a5
ccfba5a5
ccfca5a5
ccfda5a5
ccfea5a5
ccffa5a5
cd00a5a5
cd01a5a5
cd02a5a5
cd03a5a5
cd04a5a5
cd05a5a5
cd06a5a5
cd07a5a5
cd08a5a5
cd09a5a5
cd0aa5a5
cd0ba5a5
cd0ca5a5
cd0da5a5
cd0ea5a5
cd0fa5a5
cd10a5a5
cd11a5a5
cd12a5a5
cd13a5a5
cd14a5a5
cd15a5a5
cd16a5a5
cd17a5a5
cd18a5a5
cd19a5a5
cd1aa5a5
cd1ba5a5
cd1ca5a5
cd1da5a5
cd1ea5a5
cd1fa5a5
cd20a5a5
cd21a5a5
cd22a5a5
cd23a5a5
cd24a5a5
cd25a5a5
cd26a5a5
cd27a5a5
cd28a5a5
cd29a5a5
cd2aa5a5
cd2ba5a5
cd2ca5a5
cd2da5a5
cd2ea5a5
cd2fa5a5
cd30a5a5
cd31a5a5
cd32a5a5
cd33a5a5
cd34a5a5
cd35a5a5
cd36a5a5
cd37a5a5
cd38a5a5
cd39a5a5
cd3aa5a5
cd3ba5a5
cd3ca5a5
cd3da5a5
cd3ea5a5
cd3fa5a5
cd40a5a5
cd41a5a5
cd42a5a5
cd43a5a5
cd44a5a5
cd45a5a5
cd46a5a5
cd47a5a5
cd48a5a5
cd49a5a5
cd4aa5a5
cd4ba5a5
cd4ca5a5
cd4da5a5
cd4ea5a5
cd4fa5a5
cd50a5a5
cd51a5a5
cd52a5a5
cd53a5a5
cd54a5a5
cd55a5a5
cd56a5a5
cd57a5a5
cd58a5a5
cd59a5a5
cd5aa5a5
cd5ba5a5
cd5ca5a5
cd5da5a5
cd5ea5a5
cd5fa5a5
cd60a5a5
cd61a5a5
cd62a5a5
cd63a5a5
cd64a5a5
cd65a5a5
cd66a5a5
cd67a5a5
cd68a5a5
cd69a5a5
cd6aa5a5
cd6ba5a5
cd6ca5a5
cd6da5a5
cd6ea5a5
cd6fa5a5
cd70a5a5
cd71a5a5
cd72a5a5
cd73a5a5
cd74a5a5
cd75a5a5
cd76a5a5
cd77a5a5
cd78a5a5
cd79a5a5
cd7aa5a5
cd7ba5a5
cd7ca5a5
cd7da5a5
cd7ea5a5
cd7fa5a5
cd80a5a5
cd81a5a5
cd82a5a5
cd83a5a5
cd84a5a5
cd85a5a5
cd86a5a5
cd87a5a5
cd88a5a5
cd89a5a5
cd8aa5a5
cd8ba5a5
cd8ca5a5
cd8da5a5
cd8ea5a5
cd8fa5a5
cd90a5a5
cd91a5a5
cd92a5a5
cd93a5a5
cd94a5a5
cd95a5a5
cd96a5a5
cd97a5a5
cd98a5a5
cd99a5a5
cd9aa5a5
cd9ba5a5
cd9ca5a5
cd9da5a5
cd9ea5a5
cd9fa5a5
cda0a5a5
cda1a5a5
cda2a5a5
cda3a5a5
cda4a5a5
cda5a5a5
cda6a5a5
cda7a5a5
cda8a5a5
cda9a5a5
cdaaa5a5
cdaba5a5
cdaca5a5
cdada5a5
cdaea5a5
cdafa5a5
cdb0a5a5
cdb1a5a5
cdb2a5a5
cdb3a5a5
cdb4a5a5
cdb5a5a5
cdb6a5a5
cdb7a5a5
cdb8a5a5
cdb9a5a5
cdbaa5a5
cdbba5a5
cdbca5a5
cdbda5a5
cdbea5a5
cdbfa5a5
cdc0a5a5
cdc1a5a5
cdc2a5a5
cdc3a5a5
cdc4a5a5
cdc5a5a5
cdc6a5a5
cdc7a5a5
cdc8a5a5
cdc9a5a5
cdcaa5a5
cdcba5a5
cdcca5a5
cdcda5a5
cdcea5a5
cdcfa5a5
cdd0a5a5
cdd1a5a5
cdd2a5a5
cdd3a5a5
cdd4a5a5
cdd5a5a5
cdd6a5a5
cdd7a5a5
cdd8a5a5
cdd9a5a5
cddaa5a5
cddba5a5
cddca5a5
cddda5a5
cddea5a5
cddfa5a5
cde0a5a5
cde1a5a5
cde2a5a5
cde3a5a5
cde4a5a5
cde5a5a5
cde6a5a5
cde7a5a5
cde8a5a5
cde9a5a5
cdeaa5a5
cdeba5a5
cdeca5a5
cdeda5a5
cdeea5a5
cdefa5a5
cdf0a5a5
cdf1a5a5
cdf2a5a5
cdf3a5a5
cdf4a5a5
cdf5a5a5
cdf6a5a5
cdf7a5a5
cdf8a5a5
cdf9a5a5
cdfaa5a5
cdfba5a5
cdfca5a5
cdfda5a5
cdfea5a5
cdffa5a5
ce00a5a5
ce01a5a5
ce02a5a5
ce03a5a5
ce04a5a5
ce05a5a5
ce06a5a5
ce07a5a5
ce08a5a5
ce09a5a5
ce0aa5a5
ce0ba5a5
ce0ca5a5
ce0da5a5
ce0ea5a5
ce0fa5a5
ce10a5a5
ce11a5a5
ce12a5a5
ce13a5a5
ce14a5a5
ce15a5a5
ce16a5a5
ce17a5a5
ce18a5a5
ce19a5a5
ce1aa5a5
ce1ba5a5
ce1ca5a5
ce1da5a5
ce1ea5a5
ce1fa5a5
ce20a5a5
ce21a5a5
ce22a5a5
ce23a5a5
ce24a5a5
ce25a5a5
ce26a5a5
ce27a5a5
ce28a5a5
ce29a5a5
ce2aa5a5
ce2ba5a5
ce2ca5a5
ce2da5a5
ce2ea5a5
ce2fa5a5
ce30a5a5
ce31a5a5
ce32a5a5
ce33a5a5
ce34a5a5
ce35a5a5
ce36a5a5
ce37a5a5
ce38a5a5
ce39a5a5
ce3aa5a5
ce3ba5a5
ce3ca5a5
ce3da5a5
ce3ea5a5
ce3fa5a5
ce40a5a5
ce41a5a5
ce42a5a5
ce43a5a5
ce44a5a5
ce45a5a5
ce46a5a5
ce47a5a5
ce48a5a5
ce49a5a5
ce4aa5a5
ce4ba5a5
ce4ca5a5
ce4da5a5
ce4ea5a5
ce4fa5a5
ce50a5a5
ce51a5a5
ce52a5a5
ce53a5a5
ce54a5a5
ce55a5a5
ce56a5a5
ce57a5a5
ce58a5a5
ce59a5a5
ce5aa5a5
ce5ba5a5
ce5ca5a5
ce5da5a5
ce5ea5a5
ce5fa5a5
ce60a5a5
ce61a5a5
ce62a5a5
ce63a5a5
ce64a5a5
ce65a5a5
ce66a5a5
ce67a5a5
ce68a5a5
ce69a5a5
ce6aa5a5
ce6ba5a5
ce6ca5a5
ce6da5a5
ce6ea5a5
ce6fa5a5
ce70a5a5
ce71a5a5
ce72a5a5
ce73a5a5
ce74a5a5
ce75a5a5
ce76a5a5
ce77a5a5
ce78a5a5
ce79a5a5
ce7aa5a5
ce7ba5a5
ce7ca5a5
ce7da5a5
ce7ea5a5
ce7fa5a5
ce80a5a5
ce81a5a5
ce82a5a5
ce83a5a5
ce84a5a5
ce85a5a5
ce86a5a5
ce87a5a5
ce88a5a5
ce89a5a5
ce8aa5a5
ce8ba5a5
ce8ca5a5
ce8da5a5
ce8ea5a5
ce8fa5a5
ce90a5a5
ce91a5a5
ce92a5a5
ce93a5a5
ce94a5a5
ce95a5a5
ce96a5a5
ce97a5a5
ce98a5a5
ce99a5a5
ce9aa5a5
ce9ba5a5
ce9ca5a5
ce9da5a5
ce9ea5a5
ce9fa5a5
cea0a5a5
cea1a5a5
cea2a5a5
cea3a5a5
cea4a5a5
cea5a5a5
cea6a5a5
cea7a5a5
cea8a5a5
cea9a5a5
ceaaa5a5
ceaba5a5
ceaca5a5
ceada5a5
ceaea5a5
ceafa5a5
ceb0a5a5
ceb1a5a5
ceb2a5a5
ceb3a5a5
ceb4a5a5
ceb5a5a5
ceb6a5a5
ceb7a5a5
ceb8a5a5
ceb9a5a5
cebaa5a5
cebba5a5
cebca5a5
cebda5a5
cebea5a5
cebfa5a5
cec0a5a5
cec1a5a5
cec2a5a5
cec3a5a5
cec4a5a5
cec5a5a5
cec6a5a5
cec7a5a5
cec8a5a5
cec9a5a5
cecaa5a5
cecba5a5
cecca5a5
cecda5a5
cecea5a5
cecfa5a5
ced0a5a5
ced1a5a5
ced2a5a5
ced3a5a5
ced4a5a5
ced5a5a5
ced6a5a5
ced7a5a5
ced8a5a5
ced9a5a5
cedaa5a5
cedba5a5
cedca5a5
cedda5a5
cedea5a5
cedfa5a5
cee0a5a5
cee1a5a5
cee2a5a5
cee3a5a5
cee4a5a5
cee5a5a5
cee6a5a5
cee7a5a5
cee8a5a5
cee9a5a5
ceeaa5a5
ceeba5a5
ceeca5a5
ceeda5a5
ceeea5a5
ceefa5a5
cef0a5a5
cef1a5a5
cef2a5a5
cef3a5a5
cef4a5a5
cef5a5a5
cef6a5a5
cef7a5a5
cef8a5a5
cef9a5a5
cefaa5a5
cefba5a5
cefca5a5
cefda5a5
cefea5a5
ceffa5a5
cf00a5a5
cf01a5a5
cf02a5a5
cf03a5a5
cf04a5a5
cf05a5a5
cf06a5a5
cf07a5a5
cf08a5a5
cf09a5a5
cf0aa5a5
cf0ba5a5
cf0ca5a5
cf0da5a5
cf0ea5a5
cf0fa5a5
cf10a5a5
cf11a5a5
cf12a5a5
cf13a5a5
cf14a5a5
cf15a5a5
cf16a5a5
cf17a5a5
cf18a5a5
cf19a5a5
cf1aa5a5
cf1ba5a5
cf1ca5a5
cf1da5a5
cf1ea5a5
cf1fa5a5
cf20a5a5
cf21a5a5
cf22a5a5
cf23a5a5
cf24a5a5
cf25a5a5
cf26a5a5
cf27a5a5
cf28a5a5
cf29a5a5
cf2aa5a5
cf2ba5a5
cf2ca5a5
cf2da5a5
cf2ea5a5
cf2fa5a5
cf30a5a5
cf31a5a5
cf32a5a5
cf33a5a5
cf34a5a5
cf35a5a5
cf36a5a5
cf37a5a5
cf38a5a5
cf39a5a5
cf3aa5a5
cf3ba5a5
cf3ca5a5
cf3da5a5
cf3ea5a5
cf3fa5a5
cf40a5a5
cf41a5a5
cf42a5a5
cf43a5a5
cf44a5a5
cf45a5a5
cf46a5a5
cf47a5a5
cf48a5a5
cf49a5a5
cf4aa5a5
cf4ba5a5
cf4ca5a5
cf4da5a5
cf4ea5a5
cf4fa5a5
cf50a5a5
cf51a5a5
cf52a5a5
cf53a5a5
cf54a5a5
cf55a5a5
cf56a5a5
cf57a5a5
cf58a5a5
cf59a5a5
cf5aa5a5
cf5ba5a5
cf5ca5a5
cf5da5a5
cf5ea5a5
cf5fa5a5
cf60a5a5
cf61a5a5
cf62a5a5
cf63a5a5
cf64a5a5
cf65a5a5
cf66a5a5
cf67a5a5
cf68a5a5
cf69a5a5
cf6aa5a5
cf6ba5a5
cf6ca5a5
cf6da5a5
cf6ea5a5
cf6fa5a5
cf70a5a5
cf71a5a5
cf72a5a5
cf73a5a5
cf74a5a5
cf75a5a5
cf76a5a5
cf77a5a5
cf78a5a5
cf79a5a5
cf7aa5a5
cf7ba5a5
cf7ca5a5
cf7da5a5
cf7ea5a5
cf7fa5a5
cf80a5a5
cf81a5a5
cf82a5a5
cf83a5a5
cf84a5a5
cf85a5a5
cf86a5a5
cf87a5a5
cf88a5a5
cf89a5a5
cf8aa5a5
cf8ba5a5
cf8ca5a5
cf8da5a5
cf8ea5a5
cf8fa5a5
cf90a5a5
cf91a5a5
cf92a5a5
cf93a5a5
cf94a5a5
cf95a5a5
cf96a5a5
cf97a5a5
cf98a5a5
cf99a5a5
cf9aa5a5
cf9ba5a5
cf9ca5a5
cf9da5a5
cf9ea5a5
cf9fa5a5
cfa0a5a5
cfa1a5a5
cfa2a5a5
cfa3a5a5
cfa4a5a5
cfa5a5a5
cfa6a5a5
cfa7a5a5
cfa8a5a5
cfa9a5a5
cfaaa5a5
cfaba5a5
cfaca5a5
cfada5a5
cfaea5a5
cfafa5a5
cfb0a5a5
cfb1a5a5
cfb2a5a5
cfb3a5a5
cfb4a5a5
cfb5a5a5
cfb6a5a5
cfb7a5a5
cfb8a5a5
cfb9a5a5
cfbaa5a5
cfbba5a5
cfbca5a5
cfbda5a5
cfbea5a5
cfbfa5a5
cfc0a5a5
cfc1a5a5
cfc2a5a5
cfc3a5a5
cfc4a5a5
cfc5a5a5
cfc6a5a5
cfc7a5a5
cfc8a5a5
cfc9a5a5
cfcaa5a5
cfcba5a5
cfcca5a5
cfcda5a5
cfcea5a5
cfcfa5a5
cfd0a5a5
cfd1a5a5
cfd2a5a5
cfd3a5a5
cfd4a5a5
cfd5a5a5
cfd6a5a5
cfd7a5a5
cfd8a5a5
cfd9a5a5
cfdaa5a5
cfdba5a5
cfdca5a5
cfdda5a5
cfdea5a5
cfdfa5a5
cfe0a5a5
cfe1a5a5
cfe2a5a5
cfe3a5a5
cfe4a5a5
cfe5a5a5
cfe6a5a5
cfe7a5a5
cfe8a5a5
cfe9a5a5
cfeaa5a5
cfeba5a5
cfeca5a5
cfeda5a5
cfeea5a5
cfefa5a5
cff0a5a5
cff1a5a5
cff2a5a5
cff3a5a5
cff4a5a5
cff5a5a5
cff6a5a5
cff7a5a5
cff8a5a5
cff9a5a5
cffaa5a5
cffba5a5
cffca5a5
cffda5a5
cffea5a5
cfffa5a5
d000a5a5
d001a5a5
d002a5a5
d003a5a5
d004a5a5
d005a5a5
d006a5a5
d007a5a5
d008a5a5
d009a5a5
d00aa5a5
d00ba5a5
d00ca5a5
d00da5a5
d00ea5a5
d00fa5a5
d010a5a5
d011a5a5
d012a5a5
d013a5a5
d014a5a5
d015a5a5
d016a5a5
d017a5a5
d018a5a5
d019a5a5
d01aa5a5
d01ba5a5
d01ca5a5
d01da5a5
d01ea5a5
d01fa5a5
d020a5a5
d021a5a5
d022a5a5
d023a5a5
d024a5a5
d025a5a5
d026a5a5
d027a5a5
d028a5a5
d029a5a5
d02aa5a5
d02ba5a5
d02ca5a5
d02da5a5
d02ea5a5
d02fa5a5
d030a5a5
d031a5a5
d032a5a5
d033a5a5
d034a5a5
d035a5a5
d036a5a5
d037a5a5
d038a5a5
d039a5a5
d03aa5a5
d03ba5a5
d03ca5a5
d03da5a5
d03ea5a5
d03fa5a5
d040a5a5
d041a5a5
d042a5a5
d043a5a5
d044a5a5
d045a5a5
d046a5a5
d047a5a5
d048a5a5
d049a5a5
d04aa5a5
d04ba5a5
d04ca5a5
d04da5a5
d04ea5a5
d04fa5a5
d050a5a5
d051a5a5
d052a5a5
d053a5a5
d054a5a5
d055a5a5
d056a5a5
d057a5a5
d058a5a5
d059a5a5
d05aa5a5
d05ba5a5
d05ca5a5
d05da5a5
d05ea5a5
d05fa5a5
d060a5a5
d061a5a5
d062a5a5
d063a5a5
d064a5a5
d065a5a5
d066a5a5
d067a5a5
d068a5a5
d069a5a5
d06aa5a5
d06ba5a5
d06ca5a5
d06da5a5
d06ea5a5
d06fa5a5
d070a5a5
d071a5a5
d072a5a5
d073a5a5
d074a5a5
d075a5a5
d076a5a5
d077a5a5
d078a5a5
d079a5a5
d07aa5a5
d07ba5a5
d07ca5a5
d07da5a5
d07ea5a5
d07fa5a5
d080a5a5
d081a5a5
d082a5a5
d083a5a5
d084a5a5
d085a5a5
d086a5a5
d087a5a5
d088a5a5
d089a5a5
d08aa5a5
d08ba5a5
d08ca5a5
d08da5a5
d08ea5a5
d08fa5a5
d090a5a5
d091a5a5
d092a5a5
d093a5a5
d094a5a5
d095a5a5
d096a5a5
d097a5a5
d098a5a5
d099a5a5
d09aa5a5
d09ba5a5
d09ca5a5
d09da5a5
d09ea5a5
d09fa5a5
d0a0a5a5
d0a1a5a5
d0a2a5a5
d0a3a5a5
d0a4a5a5
d0a5a5a5
d0a6a5a5
d0a7a5a5
d0a8a5a5
d0a9a5a5
d0aaa5a5
d0aba5a5
d0aca5a5
d0ada5a5
d0aea5a5
d0afa5a5
d0b0a5a5
d0b1a5a5
d0b2a5a5
d0b3a5a5
d0b4a5a5
d0b5a5a5
d0b6a5a5
d0b7a5a5
d0b8a5a5
d0b9a5a5
d0baa5a5
d0bba5a5
d0bca5a5
d0bda5a5
d0bea5a5
d0bfa5a5
d0c0a5a5
d0c1a5a5
d0c2a5a5
d0c3a5a5
d0c4a5a5
d0c5a5a5
d0c6a5a5
d0c7a5a5
d0c8a5a5
d0c9a5a5
d0caa5a5
d0cba5a5
d0cca5a5
d0cda5a5
d0cea5a5
d0cfa5a5
d0d0a5a5
d0d1a5a5
d0d2a5a5
d0d3a5a5
d0d4a5a5
d0d5a5a5
d0d6a5a5
d0d7a5a5
d0d8a5a5
d0d9a5a5
d0daa5a5
d0dba5a5
d0dca5a5
d0dda5a5
d0dea5a5
d0dfa5a5
d0e0a5a5
d0e1a5a5
d0e2a5a5
d0e3a5a5
d0e4a5a5
d0e5a5a5
d0e6a5a5
d0e7a5a5
d0e8a5a5
d0e9a5a5
d0eaa5a5
d0eba5a5
d0eca5a5
d0eda5a5
d0eea5a5
d0efa5a5
d0f0a5a5
d0f1a5a5
d0f2a5a5
d0f3a5a5
d0f4a5a5
d0f5a5a5
d0f6a5a5
d0f7a5a5
d0f8a5a5
d0f9a5a5
d0faa5a5
d0fba5a5
d0fca5a5
d0fda5a5
d0fea5a5
d0ffa5a5
d100a5a5
d101a5a5
d102a5a5
d103a5a5
d104a5a5
d105a5a5
d106a5a5
d107a5a5
d108a5a5
d109a5a5
d10aa5a5
d10ba5a5
d10ca5a5
d10da5a5
d10ea5a5
d10fa5a5
d110a5a5
d111a5a5
d112a5a5
d113a5a5
d114a5a5
d115a5a5
d116a5a5
d117a5a5
d118a5a5
d119a5a5
d11aa5a5
d11ba5a5
d11ca5a5
d11da5a5
d11ea5a5
d11fa5a5
d120a5a5
d121a5a5
d122a5a5
d123a5a5
d124a5a5
d125a5a5
d126a5a5
d127a5a5
d128a5a5
d129a5a5
d12aa5a5
d12ba5a5
d12ca5a5
d12da5a5
d12ea5a5
d12fa5a5
d130a5a5
d131a5a5
d132a5a5
d133a5a5
d134a5a5
d135a5a5
d136a5a5
d137a5a5
d138a5a5
d139a5a5
d13aa5a5
d13ba5a5
d13ca5a5
d13da5a5
d13ea5a5
d13fa5a5
d140a5a5
d141a5a5
d142a5a5
d143a5a5
d144a5a5
d145a5a5
d146a5a5
d147a5a5
d148a5a5
d149a5a5
d14aa5a5
d14ba5a5
d14ca5a5
d14da5a5
d14ea5a5
d14fa5a5
d150a5a5
d151a5a5
d152a5a5
d153a5a5
d154a5a5
d155a5a5
d156a5a5
d157a5a5
d158a5a5
d159a5a5
d15aa5a5
d15ba5a5
d15ca5a5
d15da5a5
d15ea5a5
d15fa5a5
d160a5a5
d161a5a5
d162a5a5
d163a5a5
d164a5a5
d165a5a5
d166a5a5
d167a5a5
d168a5a5
d169a5a5
d16aa5a5
d16ba5a5
d16ca5a5
d16da5a5
d16ea5a5
d16fa5a5
d170a5a5
d171a5a5
d172a5a5
d173a5a5
d174a5a5
d175a5a5
d176a5a5
d177a5a5
d178a5a5
d179a5a5
d17aa5a5
d17ba5a5
d17ca5a5
d17da5a5
d17ea5a5
d17fa5a5
d180a5a5
d181a5a5
d182a5a5
d183a5a5
d184a5a5
d185a5a5
d186a5a5
d187a5a5
d188a5a5
d189a5a5
d18aa5a5
d18ba5a5
d18ca5a5
d18da5a5
d18ea5a5
d18fa5a5
d190a5a5
d191a5a5
d192a5a5
d193a5a5
d194a5a5
d195a5a5
d196a5a5
d197a5a5
d198a5a5
d199a5a5
d19aa5a5
d19ba5a5
d19ca5a5
d19da5a5
d19ea5a5
d19fa5a5
d1a0a5a5
d1a1a5a5
d1a2a5a5
d1a3a5a5
d1a4a5a5
d1a5a5a5
d1a6a5a5
d1a7a5a5
d1a8a5a5
d1a9a5a5
d1aaa5a5
d1aba5a5
d1aca5a5
d1ada5a5
d1aea5a5
d1afa5a5
d1b0a5a5
d1b1a5a5
d1b2a5a5
d1b3a5a5
d1b4a5a5
d1b5a5a5
d1b6a5a5
d1b7a5a5
d1b8a5a5
d1b9a5a5
d1baa5a5
d1bba5a5
d1bca5a5
d1bda5a5
d1bea5a5
d1bfa5a5
d1c0a5a5
d1c1a5a5
d1c2a5a5
d1c3a5a5
d1c4a5a5
d1c5a5a5
d1c6a5a5
d1c7a5a5
d1c8a5a5
d1c9a5a5
d1caa5a5
d1cba5a5
d1cca5a5
d1cda5a5
d1cea5a5
d1cfa5a5
d1d0a5a5
d1d1a5a5
d1d2a5a5
d1d3a5a5
d1d4a5a5
d1d5a5a5
d1d6a5a5
d1d7a5a5
d1d8a5a5
d1d9a5a5
d1daa5a5
d1dba5a5
d1dca5a5
d1dda5a5
d1dea5a5
d1dfa5a5
d1e0a5a5
d1e1a5a5
d1e2a5a5
d1e3a5a5
d1e4a5a5
d1e5a5a5
d1e6a5a5
d1e7a5a5
d1e8a5a5
d1e9a5a5
d1eaa5a5
d1eba5a5
d1eca5a5
d1eda5a5
d1eea5a5
d1efa5a5
d1f0a5a5
d1f1a5a5
d1f2a5a5
d1f3a5a5
d1f4a5a5
d1f5a5a5
d1f6a5a5
d1f7a5a5
d1f8a5a5
d1f9a5a5
d1faa5a5
d1fba5a5
d1fca5a5
d1fda5a5
d1fea5a5
d1ffa5a5
d200a5a5
d201a5a5
d202a5a5
d203a5a5
d204a5a5
d205a5a5
d206a5a5
d207a5a5
d208a5a5
d209a5a5
d20aa5a5
d20ba5a5
d20ca5a5
d20da5a5
d20ea5a5
d20fa5a5
d210a5a5
d211a5a5
d212a5a5
d213a5a5
d214a5a5
d215a5a5
d216a5a5
d217a5a5
d218a5a5
d219a5a5
d21aa5a5
d21ba5a5
d21ca5a5
d21da5a5
d21ea5a5
d21fa5a5
d220a5a5
d221a5a5
d222a5a5
d223a5a5
d224a5a5
d225a5a5
d226a5a5
d227a5a5
d228a5a5
d229a5a5
d22aa5a5
d22ba5a5
d22ca5a5
d22da5a5
d22ea5a5
d22fa5a5
d230a5a5
d231a5a5
d232a5a5
d233a5a5
d234a5a5
d235a5a5
d236a5a5
d237a5a5
d238a5a5
d239a5a5
d23aa5a5
d23ba5a5
d23ca5a5
d23da5a5
d23ea5a5
d23fa5a5
d240a5a5
d241a5a5
d242a5a5
d243a5a5
d244a5a5
d245a5a5
d246a5a5
d247a5a5
d248a5a5
d249a5a5
d24aa5a5
d24ba5a5
d24ca5a5
d24da5a5
d24ea5a5
d24fa5a5
d250a5a5
d251a5a5
d252a5a5
d253a5a5
d254a5a5
d255a5a5
d256a5a5
d257a5a5
d258a5a5
d259a5a5
d25aa5a5
d25ba5a5
d25ca5a5
d25da5a5
d25ea5a5
d25fa5a5
d260a5a5
d261a5a5
d262a5a5
d263a5a5
d264a5a5
d265a5a5
d266a5a5
d267a5a5
d268a5a5
d269a5a5
d26aa5a5
d26ba5a5
d26ca5a5
d26da5a5
d26ea5a5
d26fa5a5
d270a5a5
d271a5a5
d272a5a5
d273a5a5
d274a5a5
d275a5a5
d276a5a5
d277a5a5
d278a5a5
d279a5a5
d27aa5a5
d27ba5a5
d27ca5a5
d27da5a5
d27ea5a5
d27fa5a5
d280a5a5
d281a5a5
d282a5a5
d283a5a5
d284a5a5
d285a5a5
d286a5a5
d287a5a5
d288a5a5
d289a5a5
d28aa5a5
d28ba5a5
d28ca5a5
d28da5a5
d28ea5a5
d28fa5a5
d290a5a5
d291a5a5
d292a5a5
d293a5a5
d294a5a5
d295a5a5
d296a5a5
d297a5a5
d298a5a5
d299a5a5
d29aa5a5
d29ba5a5
d29ca5a5
d29da5a5
d29ea5a5
d29fa5a5
d2a0a5a5
d2a1a5a5
d2a2a5a5
d2a3a5a5
d2a4a5a5
d2a5a5a5
d2a6a5a5
d2a7a5a5
d2a8a5a5
d2a9a5a5
d2aaa5a5
d2aba5a5
d2aca5a5
d2ada5a5
d2aea5a5
d2afa5a5
d2b0a5a5
d2b1a5a5
d2b2a5a5
d2b3a5a5
d2b4a5a5
d2b5a5a5
d2b6a5a5
d2b7a5a5
d2b8a5a5
d2b9a5a5
d2baa5a5
d2bba5a5
d2bca5a5
d2bda5a5
d2bea5a5
d2bfa5a5
d2c0a5a5
d2c1a5a5
d2c2a5a5
d2c3a5a5
d2c4a5a5
d2c5a5a5
d2c6a5a5
d2c7a5a5
d2c8a5a5
d2c9a5a5
d2caa5a5
d2cba5a5
d2cca5a5
d2cda5a5
d2cea5a5
d2cfa5a5
d2d0a5a5
d2d1a5a5
d2d2a5a5
d2d3a5a5
d2d4a5a5
d2d5a5a5
d2d6a5a5
d2d7a5a5
d2d8a5a5
d2d9a5a5
d2daa5a5
d2dba5a5
d2dca5a5
d2dda5a5
d2dea5a5
d2dfa5a5
d2e0a5a5
d2e1a5a5
d2e2a5a5
d2e3a5a5
d2e4a5a5
d2e5a5a5
d2e6a5a5
d2e7a5a5
d2e8a5a5
d2e9a5a5
d2eaa5a5
d2eba5a5
d2eca5a5
d2eda5a5
d2eea5a5
d2efa5a5
d2f0a5a5
d2f1a5a5
d2f2a5a5
d2f3a5a5
d2f4a5a5
d2f5a5a5
d2f6a5a5
d2f7a5a5
d2f8a5a5
d2f9a5a5
d2faa5a5
d2fba5a5
d2fca5a5
d2fda5a5
d2fea5a5
d2ffa5a5
d300a5a5
d301a5a5
d302a5a5
d303a5a5
d304a5a5
d305a5a5
d306a5a5
d307a5a5
d308a5a5
d309a5a5
d30aa5a5
d30ba5a5
d30ca5a5
d30da5a5
d30ea5a5
d30fa5a5
d310a5a5
d311a5a5
d312a5a5
d313a5a5
d314a5a5
d315a5a5
d316a5a5
d317a5a5
d318a5a5
d319a5a5
d31aa5a5
d31ba5a5
d31ca5a5
d31da5a5
d31ea5a5
d31fa5a5
d320a5a5
d321a5a5
d322a5a5
d323a5a5
d324a5a5
d325a5a5
d326a5a5
d327a5a5
d328a5a5
d329a5a5
d32aa5a5
d32ba5a5
d32ca5a5
d32da5a5
d32ea5a5
d32fa5a5
d330a5a5
d331a5a5
d332a5a5
d333a5a5
d334a5a5
d335a5a5
d336a5a5
d337a5a5
d338a5a5
d339a5a5
d33aa5a5
d33ba5a5
d33ca5a5
d33da5a5
d33ea5a5
d33fa5a5
d340a5a5
d341a5a5
d342a5a5
d343a5a5
d344a5a5
d345a5a5
d346a5a5
d347a5a5
d348a5a5
d349a5a5
d34aa5a5
d34ba5a5
d34ca5a5
d34da5a5
d34ea5a5
d34fa5a5
d350a5a5
d351a5a5
d352a5a5
d353a5a5
d354a5a5
d355a5a5
d356a5a5
d357a5a5
d358a5a5
d359a5a5
d35aa5a5
d35ba5a5
d35ca5a5
d35da5a5
d35ea5a5
d35fa5a5
d360a5a5
d361a5a5
d362a5a5
d363a5a5
d364a5a5
d365a5a5
d366a5a5
d367a5a5
d368a5a5
d369a5a5
d36aa5a5
d36ba5a5
d36ca5a5
d36da5a5
d36ea5a5
d36fa5a5
d370a5a5
d371a5a5
d372a5a5
d373a5a5
d374a5a5
d375a5a5
d376a5a5
d377a5a5
d378a5a5
d379a5a5
d37aa5a5
d37ba5a5
d37ca5a5
d37da5a5
d37ea5a5
d37fa5a5
d380a5a5
d381a5a5
d382a5a5
d383a5a5
d384a5a5
d385a5a5
d386a5a5
d387a5a5
d388a5a5
d389a5a5
d38aa5a5
d38ba5a5
d38ca5a5
d38da5a5
d38ea5a5
d38fa5a5
d390a5a5
d391a5a5
d392a5a5
d393a5a5
d394a5a5
d395a5a5
d396a5a5
d397a5a5
d398a5a5
d399a5a5
d39aa5a5
d39ba5a5
d39ca5a5
d39da5a5
d39ea5a5
d39fa5a5
d3a0a5a5
d3a1a5a5
d3a2a5a5
d3a3a5a5
d3a4a5a5
d3a5a5a5
d3a6a5a5
d3a7a5a5
d3a8a5a5
d3a9a5a5
d3aaa5a5
d3aba5a5
d3aca5a5
d3ada5a5
d3aea5a5
d3afa5a5
d3b0a5a5
d3b1a5a5
d3b2a5a5
d3b3a5a5
d3b4a5a5
d3b5a5a5
d3b6a5a5
d3b7a5a5
d3b8a5a5
d3b9a5a5
d3baa5a5
d3bba5a5
d3bca5a5
d3bda5a5
d3bea5a5
d3bfa5a5
d3c0a5a5
d3c1a5a5
d3c2a5a5
d3c3a5a5
d3c4a5a5
d3c5a5a5
d3c6a5a5
d3c7a5a5
d3c8a5a5
d3c9a5a5
d3caa5a5
d3cba5a5
d3cca5a5
d3cda5a5
d3cea5a5
d3cfa5a5
d3d0a5a5
d3d1a5a5
d3d2a5a5
d3d3a5a5
d3d4a5a5
d3d5a5a5
d3d6a5a5
d3d7a5a5
d3d8a5a5
d3d9a5a5
d3daa5a5
d3dba5a5
d3dca5a5
d3dda5a5
d3dea5a5
d3dfa5a5
d3e0a5a5
d3e1a5a5
d3e2a5a5
d3e3a5a5
d3e4a5a5
d3e5a5a5
d3e6a5a5
d3e7a5a5
d3e8a5a5
d3e9a5a5
d3eaa5a5
d3eba5a5
d3eca5a5
d3eda5a5
d3eea5a5
d3efa5a5
d3f0a5a5
d3f1a5a5
d3f2a5a5
d3f3a5a5
d3f4a5a5
d3f5a5a5
d3f6a5a5
d3f7a5a5
d3f8a5a5
d3f9a5a5
d3faa5a5
d3fba5a5
d3fca5a5
d3fda5a5
d3fea5a5
d3ffa5a5
d400a5a5
d401a5a5
d402a5a5
d403a5a5
d404a5a5
d405a5a5
d406a5a5
d407a5a5
d408a5a5
d409a5a5
d40aa5a5
d40ba5a5
d40ca5a5
d40da5a5
d40ea5a5
d40fa5a5
d410a5a5
d411a5a5
d412a5a5
d413a5a5
d414a5a5
d415a5a5
d416a5a5
d417a5a5
d418a5a5
d419a5a5
d41aa5a5
d41ba5a5
d41ca5a5
d41da5a5
d41ea5a5
d41fa5a5
d420a5a5
d421a5a5
d422a5a5
d423a5a5
d424a5a5
d425a5a5
d426a5a5
d427a5a5
d428a5a5
d429a5a5
d42aa5a5
d42ba5a5
d42ca5a5
d42da5a5
d42ea5a5
d42fa5a5
d430a5a5
d431a5a5
d432a5a5
d433a5a5
d434a5a5
d435a5a5
d436a5a5
d437a5a5
d438a5a5
d439a5a5
d43aa5a5
d43ba5a5
d43ca5a5
d43da5a5
d43ea5a5
d43fa5a5
d440a5a5
d441a5a5
d442a5a5
d443a5a5
d444a5a5
d445a5a5
d446a5a5
d447a5a5
d448a5a5
d449a5a5
d44aa5a5
d44ba5a5
d44ca5a5
d44da5a5
d44ea5a5
d44fa5a5
d450a5a5
d451a5a5
d452a5a5
d453a5a5
d454a5a5
d455a5a5
d456a5a5
d457a5a5
d458a5a5
d459a5a5
d45aa5a5
d45ba5a5
d45ca5a5
d45da5a5
d45ea5a5
d45fa5a5
d460a5a5
d461a5a5
d462a5a5
d463a5a5
d464a5a5
d465a5a5
d466a5a5
d467a5a5
d468a5a5
d469a5a5
d46aa5a5
d46ba5a5
d46ca5a5
d46da5a5
d46ea5a5
d46fa5a5
d470a5a5
d471a5a5
d472a5a5
d473a5a5
d474a5a5
d475a5a5
d476a5a5
d477a5a5
d478a5a5
d479a5a5
d47aa5a5
d47ba5a5
d47ca5a5
d47da5a5
d47ea5a5
d47fa5a5
d480a5a5
d481a5a5
d482a5a5
d483a5a5
d484a5a5
d485a5a5
d486a5a5
d487a5a5
d488a5a5
d489a5a5
d48aa5a5
d48ba5a5
d48ca5a5
d48da5a5
d48ea5a5
d48fa5a5
d490a5a5
d491a5a5
d492a5a5
d493a5a5
d494a5a5
d495a5a5
d496a5a5
d497a5a5
d498a5a5
d499a5a5
d49aa5a5
d49ba5a5
d49ca5a5
d49da5a5
d49ea5a5
d49fa5a5
d4a0a5a5
d4a1a5a5
d4a2a5a5
d4a3a5a5
d4a4a5a5
d4a5a5a5
d4a6a5a5
d4a7a5a5
d4a8a5a5
d4a9a5a5
d4aaa5a5
d4aba5a5
d4aca5a5
d4ada5a5
d4aea5a5
d4afa5a5
d4b0a5a5
d4b1a5a5
d4b2a5a5
d4b3a5a5
d4b4a5a5
d4b5a5a5
d4b6a5a5
d4b7a5a5
d4b8a5a5
d4b9a5a5
d4baa5a5
d4bba5a5
d4bca5a5
d4bda5a5
d4bea5a5
d4bfa5a5
d4c0a5a5
d4c1a5a5
d4c2a5a5
d4c3a5a5
d4c4a5a5
d4c5a5a5
d4c6a5a5
d4c7a5a5
d4c8a5a5
d4c9a5a5
d4caa5a5
d4cba5a5
d4cca5a5
d4cda5a5
d4cea5a5
d4cfa5a5
d4d0a5a5
d4d1a5a5
d4d2a5a5
d4d3a5a5
d4d4a5a5
d4d5a5a5
d4d6a5a5
d4d7a5a5
d4d8a5a5
d4d9a5a5
d4daa5a5
d4dba5a5
d4dca5a5
d4dda5a5
d4dea5a5
d4dfa5a5
d4e0a5a5
d4e1a5a5
d4e2a5a5
d4e3a5a5
d4e4a5a5
d4e5a5a5
d4e6a5a5
d4e7a5a5
d4e8a5a5
d4e9a5a5
d4eaa5a5
d4eba5a5
d4eca5a5
d4eda5a5
d4eea5a5
d4efa5a5
d4f0a5a5
d4f1a5a5
d4f2a5a5
d4f3a5a5
d4f4a5a5
d4f5a5a5
d4f6a5a5
d4f7a5a5
d4f8a5a5
d4f9a5a5
d4faa5a5
d4fba5a5
d4fca5a5
d4fda5a5
d4fea5a5
d4ffa5a5
d500a5a5
d501a5a5
d502a5a5
d503a5a5
d504a5a5
d505a5a5
d506a5a5
d507a5a5
d508a5a5
d509a5a5
d50aa5a5
d50ba5a5
d50ca5a5
d50da5a5
d50ea5a5
d50fa5a5
d510a5a5
d511a5a5
d512a5a5
d513a5a5
d514a5a5
d515a5a5
d516a5a5
d517a5a5
d518a5a5
d519a5a5
d51aa5a5
d51ba5a5
d51ca5a5
d51da5a5
d51ea5a5
d51fa5a5
d520a5a5
d521a5a5
d522a5a5
d523a5a5
d524a5a5
d525a5a5
d526a5a5
d527a5a5
d528a5a5
d529a5a5
d52aa5a5
d52ba5a5
d52ca5a5
d52da5a5
d52ea5a5
d52fa5a5
d530a5a5
d531a5a5
d532a5a5
d533a5a5
d534a5a5
d535a5a5
d536a5a5
d537a5a5
d538a5a5
d539a5a5
d53aa5a5
d53ba5a5
d53ca5a5
d53da5a5
d53ea5a5
d53fa5a5
d540a5a5
d541a5a5
d542a5a5
d543a5a5
d544a5a5
d545a5a5
d546a5a5
d547a5a5
d548a5a5
d549a5a5
d54aa5a5
d54ba5a5
d54ca5a5
d54da5a5
d54ea5a5
d54fa5a5
d550a5a5
d551a5a5
d552a5a5
d553a5a5
d554a5a5
d555a5a5
d556a5a5
d557a5a5
d558a5a5
d559a5a5
d55aa5a5
d55ba5a5
d55ca5a5
d55da5a5
d55ea5a5
d55fa5a5
d560a5a5
d561a5a5
d562a5a5
d563a5a5
d564a5a5
d565a5a5
d566a5a5
d567a5a5
d568a5a5
d569a5a5
d56aa5a5
d56ba5a5
d56ca5a5
d56da5a5
d56ea5a5
d56fa5a5
d570a5a5
d571a5a5
d572a5a5
d573a5a5
d574a5a5
d575a5a5
d576a5a5
d577a5a5
d578a5a5
d579a5a5
d57aa5a5
d57ba5a5
d57ca5a5
d57da5a5
d57ea5a5
d57fa5a5
d580a5a5
d581a5a5
d582a5a5
d583a5a5
d584a5a5
d585a5a5
d586a5a5
d587a5a5
d588a5a5
d589a5a5
d58aa5a5
d58ba5a5
d58ca5a5
d58da5a5
d58ea5a5
d58fa5a5
d590a5a5
d591a5a5
d592a5a5
d593a5a5
d594a5a5
d595a5a5
d596a5a5
d597a5a5
d598a5a5
d599a5a5
d59aa5a5
d59ba5a5
d59ca5a5
d59da5a5
d59ea5a5
d59fa5a5
d5a0a5a5
d5a1a5a5
d5a2a5a5
d5a3a5a5
d5a4a5a5
d5a5a5a5
d5a6a5a5
d5a7a5a5
d5a8a5a5
d5a9a5a5
d5aaa5a5
d5aba5a5
d5aca5a5
d5ada5a5
d5aea5a5
d5afa5a5
d5b0a5a5
d5b1a5a5
d5b2a5a5
d5b3a5a5
d5b4a5a5
d5b5a5a5
d5b6a5a5
d5b7a5a5
d5b8a5a5
d5b9a5a5
d5baa5a5
d5bba5a5
d5bca5a5
d5bda5a5
d5bea5a5
d5bfa5a5
d5c0a5a5
d5c1a5a5
d5c2a5a5
d5c3a5a5
d5c4a5a5
d5c5a5a5
d5c6a5a5
d5c7a5a5
d5c8a5a5
d5c9a5a5
d5caa5a5
d5cba5a5
d5cca5a5
d5cda5a5
d5cea5a5
d5cfa5a5
d5d0a5a5
d5d1a5a5
d5d2a5a5
d5d3a5a5
d5d4a5a5
d5d5a5a5
d5d6a5a5
d5d7a5a5
d5d8a5a5
d5d9a5a5
d5daa5a5
d5dba5a5
d5dca5a5
d5dda5a5
d5dea5a5
d5dfa5a5
d5e0a5a5
d5e1a5a5
d5e2a5a5
d5e3a5a5
d5e4a5a5
d5e5a5a5
d5e6a5a5
d5e7a5a5
d5e8a5a5
d5e9a5a5
d5eaa5a5
d5eba5a5
d5eca5a5
d5eda5a5
d5eea5a5
d5efa5a5
d5f0a5a5
d5f1a5a5
d5f2a5a5
d5f3a5a5
d5f4a5a5
d5f5a5a5
d5f6a5a5
d5f7a5a5
d5f8a5a5
d5f9a5a5
d5faa5a5
d5fba5a5
d5fca5a5
d5fda5a5
d5fea5a5
d5ffa5a5
d600a5a5
d601a5a5
d602a5a5
d603a5a5
d604a5a5
d605a5a5
d606a5a5
d607a5a5
d608a5a5
d609a5a5
d60aa5a5
d60ba5a5
d60ca5a5
d60da5a5
d60ea5a5
d60fa5a5
d610a5a5
d611a5a5
d612a5a5
d613a5a5
d614a5a5
d615a5a5
d616a5a5
d617a5a5
d618a5a5
d619a5a5
d61aa5a5
d61ba5a5
d61ca5a5
d61da5a5
d61ea5a5
d61fa5a5
d620a5a5
d621a5a5
d622a5a5
d623a5a5
d624a5a5
d625a5a5
d626a5a5
d627a5a5
d628a5a5
d629a5a5
d62aa5a5
d62ba5a5
d62ca5a5
d62da5a5
d62ea5a5
d62fa5a5
d630a5a5
d631a5a5
d632a5a5
d633a5a5
d634a5a5
d635a5a5
d636a5a5
d637a5a5
d638a5a5
d639a5a5
d63aa5a5
d63ba5a5
d63ca5a5
d63da5a5
d63ea5a5
d63fa5a5
d640a5a5
d641a5a5
d642a5a5
d643a5a5
d644a5a5
d645a5a5
d646a5a5
d647a5a5
d648a5a5
d649a5a5
d64aa5a5
d64ba5a5
d64ca5a5
d64da5a5
d64ea5a5
d64fa5a5
d650a5a5
d651a5a5
d652a5a5
d653a5a5
d654a5a5
d655a5a5
d656a5a5
d657a5a5
d658a5a5
d659a5a5
d65aa5a5
d65ba5a5
d65ca5a5
d65da5a5
d65ea5a5
d65fa5a5
d660a5a5
d661a5a5
d662a5a5
d663a5a5
d664a5a5
d665a5a5
d666a5a5
d667a5a5
d668a5a5
d669a5a5
d66aa5a5
d66ba5a5
d66ca5a5
d66da5a5
d66ea5a5
d66fa5a5
d670a5a5
d671a5a5
d672a5a5
d673a5a5
d674a5a5
d675a5a5
d676a5a5
d677a5a5
d678a5a5
d679a5a5
d67aa5a5
d67ba5a5
d67ca5a5
d67da5a5
d67ea5a5
d67fa5a5
d680a5a5
d681a5a5
d682a5a5
d683a5a5
d684a5a5
d685a5a5
d686a5a5
d687a5a5
d688a5a5
d689a5a5
d68aa5a5
d68ba5a5
d68ca5a5
d68da5a5
d68ea5a5
d68fa5a5
d690a5a5
d691a5a5
d692a5a5
d693a5a5
d694a5a5
d695a5a5
d696a5a5
d697a5a5
d698a5a5
d699a5a5
d69aa5a5
d69ba5a5
d69ca5a5
d69da5a5
d69ea5a5
d69fa5a5
d6a0a5a5
d6a1a5a5
d6a2a5a5
d6a3a5a5
d6a4a5a5
d6a5a5a5
d6a6a5a5
d6a7a5a5
d6a8a5a5
d6a9a5a5
d6aaa5a5
d6aba5a5
d6aca5a5
d6ada5a5
d6aea5a5
d6afa5a5
d6b0a5a5
d6b1a5a5
d6b2a5a5
d6b3a5a5
d6b4a5a5
d6b5a5a5
d6b6a5a5
d6b7a5a5
d6b8a5a5
d6b9a5a5
d6baa5a5
d6bba5a5
d6bca5a5
d6bda5a5
d6bea5a5
d6bfa5a5
d6c0a5a5
d6c1a5a5
d6c2a5a5
d6c3a5a5
d6c4a5a5
d6c5a5a5
d6c6a5a5
d6c7a5a5
d6c8a5a5
d6c9a5a5
d6caa5a5
d6cba5a5
d6cca5a5
d6cda5a5
d6cea5a5
d6cfa5a5
d6d0a5a5
d6d1a5a5
d6d2a5a5
d6d3a5a5
d6d4a5a5
d6d5a5a5
d6d6a5a5
d6d7a5a5
d6d8a5a5
d6d9a5a5
d6daa5a5
d6dba5a5
d6dca5a5
d6dda5a5
d6dea5a5
d6dfa5a5
d6e0a5a5
d6e1a5a5
d6e2a5a5
d6e3a5a5
d6e4a5a5
d6e5a5a5
d6e6a5a5
d6e7a5a5
d6e8a5a5
d6e9a5a5
d6eaa5a5
d6eba5a5
d6eca5a5
d6eda5a5
d6eea5a5
d6efa5a5
d6f0a5a5
d6f1a5a5
d6f2a5a5
d6f3a5a5
d6f4a5a5
d6f5a5a5
d6f6a5a5
d6f7a5a5
d6f8a5a5
d6f9a5a5
d6faa5a5
d6fba5a5
d6fca5a5
d6fda5a5
d6fea5a5
d6ffa5a5
d700a5a5
d701a5a5
d702a5a5
d703a5a5
d704a5a5
d705a5a5
d706a5a5
d707a5a5
d708a5a5
d709a5a5
d70aa5a5
d70ba5a5
d70ca5a5
d70da5a5
d70ea5a5
d70fa5a5
d710a5a5
d711a5a5
d712a5a5
d713a5a5
d714a5a5
d715a5a5
d716a5a5
d717a5a5
d718a5a5
d719a5a5
d71aa5a5
d71ba5a5
d71ca5a5
d71da5a5
d71ea5a5
d71fa5a5
d720a5a5
d721a5a5
d722a5a5
d723a5a5
d724a5a5
d725a5a5
d726a5a5
d727a5a5
d728a5a5
d729a5a5
d72aa5a5
d72ba5a5
d72ca5a5
d72da5a5
d72ea5a5
d72fa5a5
d730a5a5
d731a5a5
d732a5a5
d733a5a5
d734a5a5
d735a5a5
d736a5a5
d737a5a5
d738a5a5
d739a5a5
d73aa5a5
d73ba5a5
d73ca5a5
d73da5a5
d73ea5a5
d73fa5a5
d740a5a5
d741a5a5
d742a5a5
d743a5a5
d744a5a5
d745a5a5
d746a5a5
d747a5a5
d748a5a5
d749a5a5
d74aa5a5
d74ba5a5
d74ca5a5
d74da5a5
d74ea5a5
d74fa5a5
d750a5a5
d751a5a5
d752a5a5
d753a5a5
d754a5a5
d755a5a5
d756a5a5
d757a5a5
d758a5a5
d759a5a5
d75aa5a5
d75ba5a5
d75ca5a5
d75da5a5
d75ea5a5
d75fa5a5
d760a5a5
d761a5a5
d762a5a5
d763a5a5
d764a5a5
d765a5a5
d766a5a5
d767a5a5
d768a5a5
d769a5a5
d76aa5a5
d76ba5a5
d76ca5a5
d76da5a5
d76ea5a5
d76fa5a5
d770a5a5
d771a5a5
d772a5a5
d773a5a5
d774a5a5
d775a5a5
d776a5a5
d777a5a5
d778a5a5
d779a5a5
d77aa5a5
d77ba5a5
d77ca5a5
d77da5a5
d77ea5a5
d77fa5a5
d780a5a5
d781a5a5
d782a5a5
d783a5a5
d784a5a5
d785a5a5
d786a5a5
d787a5a5
d788a5a5
d789a5a5
d78aa5a5
d78ba5a5
d78ca5a5
d78da5a5
d78ea5a5
d78fa5a5
d790a5a5
d791a5a5
d792a5a5
d793a5a5
d794a5a5
d795a5a5
d796a5a5
d797a5a5
d798a5a5
d799a5a5
d79aa5a5
d79ba5a5
d79ca5a5
d79da5a5
d79ea5a5
d79fa5a5
d7a0a5a5
d7a1a5a5
d7a2a5a5
d7a3a5a5
d7a4a5a5
d7a5a5a5
d7a6a5a5
d7a7a5a5
d7a8a5a5
d7a9a5a5
d7aaa5a5
d7aba5a5
d7aca5a5
d7ada5a5
d7aea5a5
d7afa5a5
d7b0a5a5
d7b1a5a5
d7b2a5a5
d7b3a5a5
d7b4a5a5
d7b5a5a5
d7b6a5a5
d7b7a5a5
d7b8a5a5
d7b9a5a5
d7baa5a5
d7bba5a5
d7bca5a5
d7bda5a5
d7bea5a5
d7bfa5a5
d7c0a5a5
d7c1a5a5
d7c2a5a5
d7c3a5a5
d7c4a5a5
d7c5a5a5
d7c6a5a5
d7c7a5a5
d7c8a5a5
d7c9a5a5
d7caa5a5
d7cba5a5
d7cca5a5
d7cda5a5
d7cea5a5
d7cfa5a5
d7d0a5a5
d7d1a5a5
d7d2a5a5
d7d3a5a5
d7d4a5a5
d7d5a5a5
d7d6a5a5
d7d7a5a5
d7d8a5a5
d7d9a5a5
d7daa5a5
d7dba5a5
d7dca5a5
d7dda5a5
d7dea5a5
d7dfa5a5
d7e0a5a5
d7e1a5a5
d7e2a5a5
d7e3a5a5
d7e4a5a5
d7e5a5a5
d7e6a5a5
d7e7a5a5
d7e8a5a5
d7e9a5a5
d7eaa5a5
d7eba5a5
d7eca5a5
d7eda5a5
d7eea5a5
d7efa5a5
d7f0a5a5
d7f1a5a5
d7f2a5a5
d7f3a5a5
d7f4a5a5
d7f5a5a5
d7f6a5a5
d7f7a5a5
d7f8a5a5
d7f9a5a5
d7faa5a5
d7fba5a5
d7fca5a5
d7fda5a5
d7fea5a5
d7ffa5a5
d800a5a5
d801a5a5
d802a5a5
d803a5a5
d804a5a5
d805a5a5
d806a5a5
d807a5a5
d808a5a5
d809a5a5
d80aa5a5
d80ba5a5
d80ca5a5
d80da5a5
d80ea5a5
d80fa5a5
d810a5a5
d811a5a5
d812a5a5
d813a5a5
d814a5a5
d815a5a5
d816a5a5
d817a5a5
d818a5a5
d819a5a5
d81aa5a5
d81ba5a5
d81ca5a5
d81da5a5
d81ea5a5
d81fa5a5
d820a5a5
d821a5a5
d822a5a5
d823a5a5
d824a5a5
d825a5a5
d826a5a5
d827a5a5
d828a5a5
d829a5a5
d82aa5a5
d82ba5a5
d82ca5a5
d82da5a5
d82ea5a5
d82fa5a5
d830a5a5
d831a5a5
d832a5a5
d833a5a5
d834a5a5
d835a5a5
d836a5a5
d837a5a5
d838a5a5
d839a5a5
d83aa5a5
d83ba5a5
d83ca5a5
d83da5a5
d83ea5a5
d83fa5a5
d840a5a5
d841a5a5
d842a5a5
d843a5a5
d844a5a5
d845a5a5
d846a5a5
d847a5a5
d848a5a5
d849a5a5
d84aa5a5
d84ba5a5
d84ca5a5
d84da5a5
d84ea5a5
d84fa5a5
d850a5a5
d851a5a5
d852a5a5
d853a5a5
d854a5a5
d855a5a5
d856a5a5
d857a5a5
d858a5a5
d859a5a5
d85aa5a5
d85ba5a5
d85ca5a5
d85da5a5
d85ea5a5
d85fa5a5
d860a5a5
d861a5a5
d862a5a5
d863a5a5
d864a5a5
d865a5a5
d866a5a5
d867a5a5
d868a5a5
d869a5a5
d86aa5a5
d86ba5a5
d86ca5a5
d86da5a5
d86ea5a5
d86fa5a5
d870a5a5
d871a5a5
d872a5a5
d873a5a5
d874a5a5
d875a5a5
d876a5a5
d877a5a5
d878a5a5
d879a5a5
d87aa5a5
d87ba5a5
d87ca5a5
d87da5a5
d87ea5a5
d87fa5a5
d880a5a5
d881a5a5
d882a5a5
d883a5a5
d884a5a5
d885a5a5
d886a5a5
d887a5a5
d888a5a5
d889a5a5
d88aa5a5
d88ba5a5
d88ca5a5
d88da5a5
d88ea5a5
d88fa5a5
d890a5a5
d891a5a5
d892a5a5
d893a5a5
d894a5a5
d895a5a5
d896a5a5
d897a5a5
d898a5a5
d899a5a5
d89aa5a5
d89ba5a5
d89ca5a5
d89da5a5
d89ea5a5
d89fa5a5
d8a0a5a5
d8a1a5a5
d8a2a5a5
d8a3a5a5
d8a4a5a5
d8a5a5a5
d8a6a5a5
d8a7a5a5
d8a8a5a5
d8a9a5a5
d8aaa5a5
d8aba5a5
d8aca5a5
d8ada5a5
d8aea5a5
d8afa5a5
d8b0a5a5
d8b1a5a5
d8b2a5a5
d8b3a5a5
d8b4a5a5
d8b5a5a5
d8b6a5a5
d8b7a5a5
d8b8a5a5
d8b9a5a5
d8baa5a5
d8bba5a5
d8bca5a5
d8bda5a5
d8bea5a5
d8bfa5a5
d8c0a5a5
d8c1a5a5
d8c2a5a5
d8c3a5a5
d8c4a5a5
d8c5a5a5
d8c6a5a5
d8c7a5a5
d8c8a5a5
d8c9a5a5
d8caa5a5
d8cba5a5
d8cca5a5
d8cda5a5
d8cea5a5
d8cfa5a5
d8d0a5a5
d8d1a5a5
d8d2a5a5
d8d3a5a5
d8d4a5a5
d8d5a5a5
d8d6a5a5
d8d7a5a5
d8d8a5a5
d8d9a5a5
d8daa5a5
d8dba5a5
d8dca5a5
d8dda5a5
d8dea5a5
d8dfa5a5
d8e0a5a5
d8e1a5a5
d8e2a5a5
d8e3a5a5
d8e4a5a5
d8e5a5a5
d8e6a5a5
d8e7a5a5
d8e8a5a5
d8e9a5a5
d8eaa5a5
d8eba5a5
d8eca5a5
d8eda5a5
d8eea5a5
d8efa5a5
d8f0a5a5
d8f1a5a5
d8f2a5a5
d8f3a5a5
d8f4a5a5
d8f5a5a5
d8f6a5a5
d8f7a5a5
d8f8a5a5
d8f9a5a5
d8faa5a5
d8fba5a5
d8fca5a5
d8fda5a5
d8fea5a5
d8ffa5a5
d900a5a5
d901a5a5
d902a5a5
d903a5a5
d904a5a5
d905a5a5
d906a5a5
d907a5a5
d908a5a5
d909a5a5
d90aa5a5
d90ba5a5
d90ca5a5
d90da5a5
d90ea5a5
d90fa5a5
d910a5a5
d911a5a5
d912a5a5
d913a5a5
d914a5a5
d915a5a5
d916a5a5
d917a5a5
d918a5a5
d919a5a5
d91aa5a5
d91ba5a5
d91ca5a5
d91da5a5
d91ea5a5
d91fa5a5
d920a5a5
d921a5a5
d922a5a5
d923a5a5
d924a5a5
d925a5a5
d926a5a5
d927a5a5
d928a5a5
d929a5a5
d92aa5a5
d92ba5a5
d92ca5a5
d92da5a5
d92ea5a5
d92fa5a5
d930a5a5
d931a5a5
d932a5a5
d933a5a5
d934a5a5
d935a5a5
d936a5a5
d937a5a5
d938a5a5
d939a5a5
d93aa5a5
d93ba5a5
d93ca5a5
d93da5a5
d93ea5a5
d93fa5a5
d940a5a5
d941a5a5
d942a5a5
d943a5a5
d944a5a5
d945a5a5
d946a5a5
d947a5a5
d948a5a5
d949a5a5
d94aa5a5
d94ba5a5
d94ca5a5
d94da5a5
d94ea5a5
d94fa5a5
d950a5a5
d951a5a5
d952a5a5
d953a5a5
d954a5a5
d955a5a5
d956a5a5
d957a5a5
d958a5a5
d959a5a5
d95aa5a5
d95ba5a5
d95ca5a5
d95da5a5
d95ea5a5
d95fa5a5
d960a5a5
d961a5a5
d962a5a5
d963a5a5
d964a5a5
d965a5a5
d966a5a5
d967a5a5
d968a5a5
d969a5a5
d96aa5a5
d96ba5a5
d96ca5a5
d96da5a5
d96ea5a5
d96fa5a5
d970a5a5
d971a5a5
d972a5a5
d973a5a5
d974a5a5
d975a5a5
d976a5a5
d977a5a5
d978a5a5
d979a5a5
d97aa5a5
d97ba5a5
d97ca5a5
d97da5a5
d97ea5a5
d97fa5a5
d980a5a5
d981a5a5
d982a5a5
d983a5a5
d984a5a5
d985a5a5
d986a5a5
d987a5a5
d988a5a5
d989a5a5
d98aa5a5
d98ba5a5
d98ca5a5
d98da5a5
d98ea5a5
d98fa5a5
d990a5a5
d991a5a5
d992a5a5
d993a5a5
d994a5a5
d995a5a5
d996a5a5
d997a5a5
d998a5a5
d999a5a5
d99aa5a5
d99ba5a5
d99ca5a5
d99da5a5
d99ea5a5
d99fa5a5
d9a0a5a5
d9a1a5a5
d9a2a5a5
d9a3a5a5
d9a4a5a5
d9a5a5a5
d9a6a5a5
d9a7a5a5
d9a8a5a5
d9a9a5a5
d9aaa5a5
d9aba5a5
d9aca5a5
d9ada5a5
d9aea5a5
d9afa5a5
d9b0a5a5
d9b1a5a5
d9b2a5a5
d9b3a5a5
d9b4a5a5
d9b5a5a5
d9b6a5a5
d9b7a5a5
d9b8a5a5
d9b9a5a5
d9baa5a5
d9bba5a5
d9bca5a5
d9bda5a5
d9bea5a5
d9bfa5a5
d9c0a5a5
d9c1a5a5
d9c2a5a5
d9c3a5a5
d9c4a5a5
d9c5a5a5
d9c6a5a5
d9c7a5a5
d9c8a5a5
d9c9a5a5
d9caa5a5
d9cba5a5
d9cca5a5
d9cda5a5
d9cea5a5
d9cfa5a5
d9d0a5a5
d9d1a5a5
d9d2a5a5
d9d3a5a5
d9d4a5a5
d9d5a5a5
d9d6a5a5
d9d7a5a5
d9d8a5a5
d9d9a5a5
d9daa5a5
d9dba5a5
d9dca5a5
d9dda5a5
d9dea5a5
d9dfa5a5
d9e0a5a5
d9e1a5a5
d9e2a5a5
d9e3a5a5
d9e4a5a5
d9e5a5a5
d9e6a5a5
d9e7a5a5
d9e8a5a5
d9e9a5a5
d9eaa5a5
d9eba5a5
d9eca5a5
d9eda5a5
d9eea5a5
d9efa5a5
d9f0a5a5
d9f1a5a5
d9f2a5a5
d9f3a5a5
d9f4a5a5
d9f5a5a5
d9f6a5a5
d9f7a5a5
d9f8a5a5
d9f9a5a5
d9faa5a5
d9fba5a5
d9fca5a5
d9fda5a5
d9fea5a5
d9ffa5a5
da00a5a5
da01a5a5
da02a5a5
da03a5a5
da04a5a5
da05a5a5
da06a5a5
da07a5a5
da08a5a5
da09a5a5
da0aa5a5
da0ba5a5
da0ca5a5
da0da5a5
da0ea5a5
da0fa5a5
da10a5a5
da11a5a5
da12a5a5
da13a5a5
da14a5a5
da15a5a5
da16a5a5
da17a5a5
da18a5a5
da19a5a5
da1aa5a5
da1ba5a5
da1ca5a5
da1da5a5
da1ea5a5
da1fa5a5
da20a5a5
da21a5a5
da22a5a5
da23a5a5
da24a5a5
da25a5a5
da26a5a5
da27a5a5
da28a5a5
da29a5a5
da2aa5a5
da2ba5a5
da2ca5a5
da2da5a5
da2ea5a5
da2fa5a5
da30a5a5
da31a5a5
da32a5a5
da33a5a5
da34a5a5
da35a5a5
da36a5a5
da37a5a5
da38a5a5
da39a5a5
da3aa5a5
da3ba5a5
da3ca5a5
da3da5a5
da3ea5a5
da3fa5a5
da40a5a5
da41a5a5
da42a5a5
da43a5a5
da44a5a5
da45a5a5
da46a5a5
da47a5a5
da48a5a5
da49a5a5
da4aa5a5
da4ba5a5
da4ca5a5
da4da5a5
da4ea5a5
da4fa5a5
da50a5a5
da51a5a5
da52a5a5
da53a5a5
da54a5a5
da55a5a5
da56a5a5
da57a5a5
da58a5a5
da59a5a5
da5aa5a5
da5ba5a5
da5ca5a5
da5da5a5
da5ea5a5
da5fa5a5
da60a5a5
da61a5a5
da62a5a5
da63a5a5
da64a5a5
da65a5a5
da66a5a5
da67a5a5
da68a5a5
da69a5a5
da6aa5a5
da6ba5a5
da6ca5a5
da6da5a5
da6ea5a5
da6fa5a5
da70a5a5
da71a5a5
da72a5a5
da73a5a5
da74a5a5
da75a5a5
da76a5a5
da77a5a5
da78a5a5
da79a5a5
da7aa5a5
da7ba5a5
da7ca5a5
da7da5a5
da7ea5a5
da7fa5a5
da80a5a5
da81a5a5
da82a5a5
da83a5a5
da84a5a5
da85a5a5
da86a5a5
da87a5a5
da88a5a5
da89a5a5
da8aa5a5
da8ba5a5
da8ca5a5
da8da5a5
da8ea5a5
da8fa5a5
da90a5a5
da91a5a5
da92a5a5
da93a5a5
da94a5a5
da95a5a5
da96a5a5
da97a5a5
da98a5a5
da99a5a5
da9aa5a5
da9ba5a5
da9ca5a5
da9da5a5
da9ea5a5
da9fa5a5
daa0a5a5
daa1a5a5
daa2a5a5
daa3a5a5
daa4a5a5
daa5a5a5
daa6a5a5
daa7a5a5
daa8a5a5
daa9a5a5
daaaa5a5
daaba5a5
daaca5a5
daada5a5
daaea5a5
daafa5a5
dab0a5a5
dab1a5a5
dab2a5a5
dab3a5a5
dab4a5a5
dab5a5a5
dab6a5a5
dab7a5a5
dab8a5a5
dab9a5a5
dabaa5a5
dabba5a5
dabca5a5
dabda5a5
dabea5a5
dabfa5a5
dac0a5a5
dac1a5a5
dac2a5a5
dac3a5a5
dac4a5a5
dac5a5a5
dac6a5a5
dac7a5a5
dac8a5a5
dac9a5a5
dacaa5a5
dacba5a5
dacca5a5
dacda5a5
dacea5a5
dacfa5a5
dad0a5a5
dad1a5a5
dad2a5a5
dad3a5a5
dad4a5a5
dad5a5a5
dad6a5a5
dad7a5a5
dad8a5a5
dad9a5a5
dadaa5a5
dadba5a5
dadca5a5
dadda5a5
dadea5a5
dadfa5a5
dae0a5a5
dae1a5a5
dae2a5a5
dae3a5a5
dae4a5a5
dae5a5a5
dae6a5a5
dae7a5a5
dae8a5a5
dae9a5a5
daeaa5a5
daeba5a5
daeca5a5
daeda5a5
daeea5a5
daefa5a5
daf0a5a5
daf1a5a5
daf2a5a5
daf3a5a5
daf4a5a5
daf5a5a5
daf6a5a5
daf7a5a5
daf8a5a5
daf9a5a5
dafaa5a5
dafba5a5
dafca5a5
dafda5a5
dafea5a5
daffa5a5
db00a5a5
db01a5a5
db02a5a5
db03a5a5
db04a5a5
db05a5a5
db06a5a5
db07a5a5
db08a5a5
db09a5a5
db0aa5a5
db0ba5a5
db0ca5a5
db0da5a5
db0ea5a5
db0fa5a5
db10a5a5
db11a5a5
db12a5a5
db13a5a5
db14a5a5
db15a5a5
db16a5a5
db17a5a5
db18a5a5
db19a5a5
db1aa5a5
db1ba5a5
db1ca5a5
db1da5a5
db1ea5a5
db1fa5a5
db20a5a5
db21a5a5
db22a5a5
db23a5a5
db24a5a5
db25a5a5
db26a5a5
db27a5a5
db28a5a5
db29a5a5
db2aa5a5
db2ba5a5
db2ca5a5
db2da5a5
db2ea5a5
db2fa5a5
db30a5a5
db31a5a5
db32a5a5
db33a5a5
db34a5a5
db35a5a5
db36a5a5
db37a5a5
db38a5a5
db39a5a5
db3aa5a5
db3ba5a5
db3ca5a5
db3da5a5
db3ea5a5
db3fa5a5
db40a5a5
db41a5a5
db42a5a5
db43a5a5
db44a5a5
db45a5a5
db46a5a5
db47a5a5
db48a5a5
db49a5a5
db4aa5a5
db4ba5a5
db4ca5a5
db4da5a5
db4ea5a5
db4fa5a5
db50a5a5
db51a5a5
db52a5a5
db53a5a5
db54a5a5
db55a5a5
db56a5a5
db57a5a5
db58a5a5
db59a5a5
db5aa5a5
db5ba5a5
db5ca5a5
db5da5a5
db5ea5a5
db5fa5a5
db60a5a5
db61a5a5
db62a5a5
db63a5a5
db64a5a5
db65a5a5
db66a5a5
db67a5a5
db68a5a5
db69a5a5
db6aa5a5
db6ba5a5
db6ca5a5
db6da5a5
db6ea5a5
db6fa5a5
db70a5a5
db71a5a5
db72a5a5
db73a5a5
db74a5a5
db75a5a5
db76a5a5
db77a5a5
db78a5a5
db79a5a5
db7aa5a5
db7ba5a5
db7ca5a5
db7da5a5
db7ea5a5
db7fa5a5
db80a5a5
db81a5a5
db82a5a5
db83a5a5
db84a5a5
db85a5a5
db86a5a5
db87a5a5
db88a5a5
db89a5a5
db8aa5a5
db8ba5a5
db8ca5a5
db8da5a5
db8ea5a5
db8fa5a5
db90a5a5
db91a5a5
db92a5a5
db93a5a5
db94a5a5
db95a5a5
db96a5a5
db97a5a5
db98a5a5
db99a5a5
db9aa5a5
db9ba5a5
db9ca5a5
db9da5a5
db9ea5a5
db9fa5a5
dba0a5a5
dba1a5a5
dba2a5a5
dba3a5a5
dba4a5a5
dba5a5a5
dba6a5a5
dba7a5a5
dba8a5a5
dba9a5a5
dbaaa5a5
dbaba5a5
dbaca5a5
dbada5a5
dbaea5a5
dbafa5a5
dbb0a5a5
dbb1a5a5
dbb2a5a5
dbb3a5a5
dbb4a5a5
dbb5a5a5
dbb6a5a5
dbb7a5a5
dbb8a5a5
dbb9a5a5
dbbaa5a5
dbbba5a5
dbbca5a5
dbbda5a5
dbbea5a5
dbbfa5a5
dbc0a5a5
dbc1a5a5
dbc2a5a5
dbc3a5a5
dbc4a5a5
dbc5a5a5
dbc6a5a5
dbc7a5a5
dbc8a5a5
dbc9a5a5
dbcaa5a5
dbcba5a5
dbcca5a5
dbcda5a5
dbcea5a5
dbcfa5a5
dbd0a5a5
dbd1a5a5
dbd2a5a5
dbd3a5a5
dbd4a5a5
dbd5a5a5
dbd6a5a5
dbd7a5a5
dbd8a5a5
dbd9a5a5
dbdaa5a5
dbdba5a5
dbdca5a5
dbdda5a5
dbdea5a5
dbdfa5a5
dbe0a5a5
dbe1a5a5
dbe2a5a5
dbe3a5a5
dbe4a5a5
dbe5a5a5
dbe6a5a5
dbe7a5a5
dbe8a5a5
dbe9a5a5
dbeaa5a5
dbeba5a5
dbeca5a5
dbeda5a5
dbeea5a5
dbefa5a5
dbf0a5a5
dbf1a5a5
dbf2a5a5
dbf3a5a5
dbf4a5a5
dbf5a5a5
dbf6a5a5
dbf7a5a5
dbf8a5a5
dbf9a5a5
dbfaa5a5
dbfba5a5
dbfca5a5
dbfda5a5
dbfea5a5
dbffa5a5
dc00a5a5
dc01a5a5
dc02a5a5
dc03a5a5
dc04a5a5
dc05a5a5
dc06a5a5
dc07a5a5
dc08a5a5
dc09a5a5
dc0aa5a5
dc0ba5a5
dc0ca5a5
dc0da5a5
dc0ea5a5
dc0fa5a5
dc10a5a5
dc11a5a5
dc12a5a5
dc13a5a5
dc14a5a5
dc15a5a5
dc16a5a5
dc17a5a5
dc18a5a5
dc19a5a5
dc1aa5a5
dc1ba5a5
dc1ca5a5
dc1da5a5
dc1ea5a5
dc1fa5a5
dc20a5a5
dc21a5a5
dc22a5a5
dc23a5a5
dc24a5a5
dc25a5a5
dc26a5a5
dc27a5a5
dc28a5a5
dc29a5a5
dc2aa5a5
dc2ba5a5
dc2ca5a5
dc2da5a5
dc2ea5a5
dc2fa5a5
dc30a5a5
dc31a5a5
dc32a5a5
dc33a5a5
dc34a5a5
dc35a5a5
dc36a5a5
dc37a5a5
dc38a5a5
dc39a5a5
dc3aa5a5
dc3ba5a5
dc3ca5a5
dc3da5a5
dc3ea5a5
dc3fa5a5
dc40a5a5
dc41a5a5
dc42a5a5
dc43a5a5
dc44a5a5
dc45a5a5
dc46a5a5
dc47a5a5
dc48a5a5
dc49a5a5
dc4aa5a5
dc4ba5a5
dc4ca5a5
dc4da5a5
dc4ea5a5
dc4fa5a5
dc50a5a5
dc51a5a5
dc52a5a5
dc53a5a5
dc54a5a5
dc55a5a5
dc56a5a5
dc57a5a5
dc58a5a5
dc59a5a5
dc5aa5a5
dc5ba5a5
dc5ca5a5
dc5da5a5
dc5ea5a5
dc5fa5a5
dc60a5a5
dc61a5a5
dc62a5a5
dc63a5a5
dc64a5a5
dc65a5a5
dc66a5a5
dc67a5a5
dc68a5a5
dc69a5a5
dc6aa5a5
dc6ba5a5
dc6ca5a5
dc6da5a5
dc6ea5a5
dc6fa5a5
dc70a5a5
dc71a5a5
dc72a5a5
dc73a5a5
dc74a5a5
dc75a5a5
dc76a5a5
dc77a5a5
dc78a5a5
dc79a5a5
dc7aa5a5
dc7ba5a5
dc7ca5a5
dc7da5a5
dc7ea5a5
dc7fa5a5
dc80a5a5
dc81a5a5
dc82a5a5
dc83a5a5
dc84a5a5
dc85a5a5
dc86a5a5
dc87a5a5
dc88a5a5
dc89a5a5
dc8aa5a5
dc8ba5a5
dc8ca5a5
dc8da5a5
dc8ea5a5
dc8fa5a5
dc90a5a5
dc91a5a5
dc92a5a5
dc93a5a5
dc94a5a5
dc95a5a5
dc96a5a5
dc97a5a5
dc98a5a5
dc99a5a5
dc9aa5a5
dc9ba5a5
dc9ca5a5
dc9da5a5
dc9ea5a5
dc9fa5a5
dca0a5a5
dca1a5a5
dca2a5a5
dca3a5a5
dca4a5a5
dca5a5a5
dca6a5a5
dca7a5a5
dca8a5a5
dca9a5a5
dcaaa5a5
dcaba5a5
dcaca5a5
dcada5a5
dcaea5a5
dcafa5a5
dcb0a5a5
dcb1a5a5
dcb2a5a5
dcb3a5a5
dcb4a5a5
dcb5a5a5
dcb6a5a5
dcb7a5a5
dcb8a5a5
dcb9a5a5
dcbaa5a5
dcbba5a5
dcbca5a5
dcbda5a5
dcbea5a5
dcbfa5a5
dcc0a5a5
dcc1a5a5
dcc2a5a5
dcc3a5a5
dcc4a5a5
dcc5a5a5
dcc6a5a5
dcc7a5a5
dcc8a5a5
dcc9a5a5
dccaa5a5
dccba5a5
dccca5a5
dccda5a5
dccea5a5
dccfa5a5
dcd0a5a5
dcd1a5a5
dcd2a5a5
dcd3a5a5
dcd4a5a5
dcd5a5a5
dcd6a5a5
dcd7a5a5
dcd8a5a5
dcd9a5a5
dcdaa5a5
dcdba5a5
dcdca5a5
dcdda5a5
dcdea5a5
dcdfa5a5
dce0a5a5
dce1a5a5
dce2a5a5
dce3a5a5
dce4a5a5
dce5a5a5
dce6a5a5
dce7a5a5
dce8a5a5
dce9a5a5
dceaa5a5
dceba5a5
dceca5a5
dceda5a5
dceea5a5
dcefa5a5
dcf0a5a5
dcf1a5a5
dcf2a5a5
dcf3a5a5
dcf4a5a5
dcf5a5a5
dcf6a5a5
dcf7a5a5
dcf8a5a5
dcf9a5a5
dcfaa5a5
dcfba5a5
dcfca5a5
dcfda5a5
dcfea5a5
dcffa5a5
dd00a5a5
dd01a5a5
dd02a5a5
dd03a5a5
dd04a5a5
dd05a5a5
dd06a5a5
dd07a5a5
dd08a5a5
dd09a5a5
dd0aa5a5
dd0ba5a5
dd0ca5a5
dd0da5a5
dd0ea5a5
dd0fa5a5
dd10a5a5
dd11a5a5
dd12a5a5
dd13a5a5
dd14a5a5
dd15a5a5
dd16a5a5
dd17a5a5
dd18a5a5
dd19a5a5
dd1aa5a5
dd1ba5a5
dd1ca5a5
dd1da5a5
dd1ea5a5
dd1fa5a5
dd20a5a5
dd21a5a5
dd22a5a5
dd23a5a5
dd24a5a5
dd25a5a5
dd26a5a5
dd27a5a5
dd28a5a5
dd29a5a5
dd2aa5a5
dd2ba5a5
dd2ca5a5
dd2da5a5
dd2ea5a5
dd2fa5a5
dd30a5a5
dd31a5a5
dd32a5a5
dd33a5a5
dd34a5a5
dd35a5a5
dd36a5a5
dd37a5a5
dd38a5a5
dd39a5a5
dd3aa5a5
dd3ba5a5
dd3ca5a5
dd3da5a5
dd3ea5a5
dd3fa5a5
dd40a5a5
dd41a5a5
dd42a5a5
dd43a5a5
dd44a5a5
dd45a5a5
dd46a5a5
dd47a5a5
dd48a5a5
dd49a5a5
dd4aa5a5
dd4ba5a5
dd4ca5a5
dd4da5a5
dd4ea5a5
dd4fa5a5
dd50a5a5
dd51a5a5
dd52a5a5
dd53a5a5
dd54a5a5
dd55a5a5
dd56a5a5
dd57a5a5
dd58a5a5
dd59a5a5
dd5aa5a5
dd5ba5a5
dd5ca5a5
dd5da5a5
dd5ea5a5
dd5fa5a5
dd60a5a5
dd61a5a5
dd62a5a5
dd63a5a5
dd64a5a5
dd65a5a5
dd66a5a5
dd67a5a5
dd68a5a5
dd69a5a5
dd6aa5a5
dd6ba5a5
dd6ca5a5
dd6da5a5
dd6ea5a5
dd6fa5a5
dd70a5a5
dd71a5a5
dd72a5a5
dd73a5a5
dd74a5a5
dd75a5a5
dd76a5a5
dd77a5a5
dd78a5a5
dd79a5a5
dd7aa5a5
dd7ba5a5
dd7ca5a5
dd7da5a5
dd7ea5a5
dd7fa5a5
dd80a5a5
dd81a5a5
dd82a5a5
dd83a5a5
dd84a5a5
dd85a5a5
dd86a5a5
dd87a5a5
dd88a5a5
dd89a5a5
dd8aa5a5
dd8ba5a5
dd8ca5a5
dd8da5a5
dd8ea5a5
dd8fa5a5
dd90a5a5
dd91a5a5
dd92a5a5
dd93a5a5
dd94a5a5
dd95a5a5
dd96a5a5
dd97a5a5
dd98a5a5
dd99a5a5
dd9aa5a5
dd9ba5a5
dd9ca5a5
dd9da5a5
dd9ea5a5
dd9fa5a5
dda0a5a5
dda1a5a5
dda2a5a5
dda3a5a5
dda4a5a5
dda5a5a5
dda6a5a5
dda7a5a5
dda8a5a5
dda9a5a5
ddaaa5a5
ddaba5a5
ddaca5a5
ddada5a5
ddaea5a5
ddafa5a5
ddb0a5a5
ddb1a5a5
ddb2a5a5
ddb3a5a5
ddb4a5a5
ddb5a5a5
ddb6a5a5
ddb7a5a5
ddb8a5a5
ddb9a5a5
ddbaa5a5
ddbba5a5
ddbca5a5
ddbda5a5
ddbea5a5
ddbfa5a5
ddc0a5a5
ddc1a5a5
ddc2a5a5
ddc3a5a5
ddc4a5a5
ddc5a5a5
ddc6a5a5
ddc7a5a5
ddc8a5a5
ddc9a5a5
ddcaa5a5
ddcba5a5
ddcca5a5
ddcda5a5
ddcea5a5
ddcfa5a5
ddd0a5a5
ddd1a5a5
ddd2a5a5
ddd3a5a5
ddd4a5a5
ddd5a5a5
ddd6a5a5
ddd7a5a5
ddd8a5a5
ddd9a5a5
dddaa5a5
dddba5a5
dddca5a5
dddda5a5
dddea5a5
dddfa5a5
dde0a5a5
dde1a5a5
dde2a5a5
dde3a5a5
dde4a5a5
dde5a5a5
dde6a5a5
dde7a5a5
dde8a5a5
dde9a5a5
ddeaa5a5
ddeba5a5
ddeca5a5
ddeda5a5
ddeea5a5
ddefa5a5
ddf0a5a5
ddf1a5a5
ddf2a5a5
ddf3a5a5
ddf4a5a5
ddf5a5a5
ddf6a5a5
ddf7a5a5
ddf8a5a5
ddf9a5a5
ddfaa5a5
ddfba5a5
ddfca5a5
ddfda5a5
ddfea5a5
ddffa5a5
de00a5a5
de01a5a5
de02a5a5
de03a5a5
de04a5a5
de05a5a5
de06a5a5
de07a5a5
de08a5a5
de09a5a5
de0aa5a5
de0ba5a5
de0ca5a5
de0da5a5
de0ea5a5
de0fa5a5
de10a5a5
de11a5a5
de12a5a5
de13a5a5
de14a5a5
de15a5a5
de16a5a5
de17a5a5
de18a5a5
de19a5a5
de1aa5a5
de1ba5a5
de1ca5a5
de1da5a5
de1ea5a5
de1fa5a5
de20a5a5
de21a5a5
de22a5a5
de23a5a5
de24a5a5
de25a5a5
de26a5a5
de27a5a5
de28a5a5
de29a5a5
de2aa5a5
de2ba5a5
de2ca5a5
de2da5a5
de2ea5a5
de2fa5a5
de30a5a5
de31a5a5
de32a5a5
de33a5a5
de34a5a5
de35a5a5
de36a5a5
de37a5a5
de38a5a5
de39a5a5
de3aa5a5
de3ba5a5
de3ca5a5
de3da5a5
de3ea5a5
de3fa5a5
de40a5a5
de41a5a5
de42a5a5
de43a5a5
de44a5a5
de45a5a5
de46a5a5
de47a5a5
de48a5a5
de49a5a5
de4aa5a5
de4ba5a5
de4ca5a5
de4da5a5
de4ea5a5
de4fa5a5
de50a5a5
de51a5a5
de52a5a5
de53a5a5
de54a5a5
de55a5a5
de56a5a5
de57a5a5
de58a5a5
de59a5a5
de5aa5a5
de5ba5a5
de5ca5a5
de5da5a5
de5ea5a5
de5fa5a5
de60a5a5
de61a5a5
de62a5a5
de63a5a5
de64a5a5
de65a5a5
de66a5a5
de67a5a5
de68a5a5
de69a5a5
de6aa5a5
de6ba5a5
de6ca5a5
de6da5a5
de6ea5a5
de6fa5a5
de70a5a5
de71a5a5
de72a5a5
de73a5a5
de74a5a5
de75a5a5
de76a5a5
de77a5a5
de78a5a5
de79a5a5
de7aa5a5
de7ba5a5
de7ca5a5
de7da5a5
de7ea5a5
de7fa5a5
de80a5a5
de81a5a5
de82a5a5
de83a5a5
de84a5a5
de85a5a5
de86a5a5
de87a5a5
de88a5a5
de89a5a5
de8aa5a5
de8ba5a5
de8ca5a5
de8da5a5
de8ea5a5
de8fa5a5
de90a5a5
de91a5a5
de92a5a5
de93a5a5
de94a5a5
de95a5a5
de96a5a5
de97a5a5
de98a5a5
de99a5a5
de9aa5a5
de9ba5a5
de9ca5a5
de9da5a5
de9ea5a5
de9fa5a5
dea0a5a5
dea1a5a5
dea2a5a5
dea3a5a5
dea4a5a5
dea5a5a5
dea6a5a5
dea7a5a5
dea8a5a5
dea9a5a5
deaaa5a5
deaba5a5
deaca5a5
deada5a5
deaea5a5
deafa5a5
deb0a5a5
deb1a5a5
deb2a5a5
deb3a5a5
deb4a5a5
deb5a5a5
deb6a5a5
deb7a5a5
deb8a5a5
deb9a5a5
debaa5a5
debba5a5
debca5a5
debda5a5
debea5a5
debfa5a5
dec0a5a5
dec1a5a5
dec2a5a5
dec3a5a5
dec4a5a5
dec5a5a5
dec6a5a5
dec7a5a5
dec8a5a5
dec9a5a5
decaa5a5
decba5a5
decca5a5
decda5a5
decea5a5
decfa5a5
ded0a5a5
ded1a5a5
ded2a5a5
ded3a5a5
ded4a5a5
ded5a5a5
ded6a5a5
ded7a5a5
ded8a5a5
ded9a5a5
dedaa5a5
dedba5a5
dedca5a5
dedda5a5
dedea5a5
dedfa5a5
dee0a5a5
dee1a5a5
dee2a5a5
dee3a5a5
dee4a5a5
dee5a5a5
dee6a5a5
dee7a5a5
dee8a5a5
dee9a5a5
deeaa5a5
deeba5a5
deeca5a5
deeda5a5
deeea5a5
deefa5a5
def0a5a5
def1a5a5
def2a5a5
def3a5a5
def4a5a5
def5a5a5
def6a5a5
def7a5a5
def8a5a5
def9a5a5
defaa5a5
defba5a5
defca5a5
defda5a5
defea5a5
deffa5a5
df00a5a5
df01a5a5
df02a5a5
df03a5a5
df04a5a5
df05a5a5
df06a5a5
df07a5a5
df08a5a5
df09a5a5
df0aa5a5
df0ba5a5
df0ca5a5
df0da5a5
df0ea5a5
df0fa5a5
df10a5a5
df11a5a5
df12a5a5
df13a5a5
df14a5a5
df15a5a5
df16a5a5
df17a5a5
df18a5a5
df19a5a5
df1aa5a5
df1ba5a5
df1ca5a5
df1da5a5
df1ea5a5
df1fa5a5
df20a5a5
df21a5a5
df22a5a5
df23a5a5
df24a5a5
df25a5a5
df26a5a5
df27a5a5
df28a5a5
df29a5a5
df2aa5a5
df2ba5a5
df2ca5a5
df2da5a5
df2ea5a5
df2fa5a5
df30a5a5
df31a5a5
df32a5a5
df33a5a5
df34a5a5
df35a5a5
df36a5a5
df37a5a5
df38a5a5
df39a5a5
df3aa5a5
df3ba5a5
df3ca5a5
df3da5a5
df3ea5a5
df3fa5a5
df40a5a5
df41a5a5
df42a5a5
df43a5a5
df44a5a5
df45a5a5
df46a5a5
df47a5a5
df48a5a5
df49a5a5
df4aa5a5
df4ba5a5
df4ca5a5
df4da5a5
df4ea5a5
df4fa5a5
df50a5a5
df51a5a5
df52a5a5
df53a5a5
df54a5a5
df55a5a5
df56a5a5
df57a5a5
df58a5a5
df59a5a5
df5aa5a5
df5ba5a5
df5ca5a5
df5da5a5
df5ea5a5
df5fa5a5
df60a5a5
df61a5a5
df62a5a5
df63a5a5
df64a5a5
df65a5a5
df66a5a5
df67a5a5
df68a5a5
df69a5a5
df6aa5a5
df6ba5a5
df6ca5a5
df6da5a5
df6ea5a5
df6fa5a5
df70a5a5
df71a5a5
df72a5a5
df73a5a5
df74a5a5
df75a5a5
df76a5a5
df77a5a5
df78a5a5
df79a5a5
df7aa5a5
df7ba5a5
df7ca5a5
df7da5a5
df7ea5a5
df7fa5a5
df80a5a5
df81a5a5
df82a5a5
df83a5a5
df84a5a5
df85a5a5
df86a5a5
df87a5a5
df88a5a5
df89a5a5
df8aa5a5
df8ba5a5
df8ca5a5
df8da5a5
df8ea5a5
df8fa5a5
df90a5a5
df91a5a5
df92a5a5
df93a5a5
df94a5a5
df95a5a5
df96a5a5
df97a5a5
df98a5a5
df99a5a5
df9aa5a5
df9ba5a5
df9ca5a5
df9da5a5
df9ea5a5
df9fa5a5
dfa0a5a5
dfa1a5a5
dfa2a5a5
dfa3a5a5
dfa4a5a5
dfa5a5a5
dfa6a5a5
dfa7a5a5
dfa8a5a5
dfa9a5a5
dfaaa5a5
dfaba5a5
dfaca5a5
dfada5a5
dfaea5a5
dfafa5a5
dfb0a5a5
dfb1a5a5
dfb2a5a5
dfb3a5a5
dfb4a5a5
dfb5a5a5
dfb6a5a5
dfb7a5a5
dfb8a5a5
dfb9a5a5
dfbaa5a5
dfbba5a5
dfbca5a5
dfbda5a5
dfbea5a5
dfbfa5a5
dfc0a5a5
dfc1a5a5
dfc2a5a5
dfc3a5a5
dfc4a5a5
dfc5a5a5
dfc6a5a5
dfc7a5a5
dfc8a5a5
dfc9a5a5
dfcaa5a5
dfcba5a5
dfcca5a5
dfcda5a5
dfcea5a5
dfcfa5a5
dfd0a5a5
dfd1a5a5
dfd2a5a5
dfd3a5a5
dfd4a5a5
dfd5a5a5
dfd6a5a5
dfd7a5a5
dfd8a5a5
dfd9a5a5
dfdaa5a5
dfdba5a5
dfdca5a5
dfdda5a5
dfdea5a5
dfdfa5a5
dfe0a5a5
dfe1a5a5
dfe2a5a5
dfe3a5a5
dfe4a5a5
dfe5a5a5
dfe6a5a5
dfe7a5a5
dfe8a5a5
dfe9a5a5
dfeaa5a5
dfeba5a5
dfeca5a5
dfeda5a5
dfeea5a5
dfefa5a5
dff0a5a5
dff1a5a5
dff2a5a5
dff3a5a5
dff4a5a5
dff5a5a5
dff6a5a5
dff7a5a5
dff8a5a5
dff9a5a5
dffaa5a5
dffba5a5
dffca5a5
dffda5a5
dffea5a5
dfffa5a5
e000a5a5
e001a5a5
e002a5a5
e003a5a5
e004a5a5
e005a5a5
e006a5a5
e007a5a5
e008a5a5
e009a5a5
e00aa5a5
e00ba5a5
e00ca5a5
e00da5a5
e00ea5a5
e00fa5a5
e010a5a5
e011a5a5
e012a5a5
e013a5a5
e014a5a5
e015a5a5
e016a5a5
e017a5a5
e018a5a5
e019a5a5
e01aa5a5
e01ba5a5
e01ca5a5
e01da5a5
e01ea5a5
e01fa5a5
e020a5a5
e021a5a5
e022a5a5
e023a5a5
e024a5a5
e025a5a5
e026a5a5
e027a5a5
e028a5a5
e029a5a5
e02aa5a5
e02ba5a5
e02ca5a5
e02da5a5
e02ea5a5
e02fa5a5
e030a5a5
e031a5a5
e032a5a5
e033a5a5
e034a5a5
e035a5a5
e036a5a5
e037a5a5
e038a5a5
e039a5a5
e03aa5a5
e03ba5a5
e03ca5a5
e03da5a5
e03ea5a5
e03fa5a5
e040a5a5
e041a5a5
e042a5a5
e043a5a5
e044a5a5
e045a5a5
e046a5a5
e047a5a5
e048a5a5
e049a5a5
e04aa5a5
e04ba5a5
e04ca5a5
e04da5a5
e04ea5a5
e04fa5a5
e050a5a5
e051a5a5
e052a5a5
e053a5a5
e054a5a5
e055a5a5
e056a5a5
e057a5a5
e058a5a5
e059a5a5
e05aa5a5
e05ba5a5
e05ca5a5
e05da5a5
e05ea5a5
e05fa5a5
e060a5a5
e061a5a5
e062a5a5
e063a5a5
e064a5a5
e065a5a5
e066a5a5
e067a5a5
e068a5a5
e069a5a5
e06aa5a5
e06ba5a5
e06ca5a5
e06da5a5
e06ea5a5
e06fa5a5
e070a5a5
e071a5a5
e072a5a5
e073a5a5
e074a5a5
e075a5a5
e076a5a5
e077a5a5
e078a5a5
e079a5a5
e07aa5a5
e07ba5a5
e07ca5a5
e07da5a5
e07ea5a5
e07fa5a5
e080a5a5
e081a5a5
e082a5a5
e083a5a5
e084a5a5
e085a5a5
e086a5a5
e087a5a5
e088a5a5
e089a5a5
e08aa5a5
e08ba5a5
e08ca5a5
e08da5a5
e08ea5a5
e08fa5a5
e090a5a5
e091a5a5
e092a5a5
e093a5a5
e094a5a5
e095a5a5
e096a5a5
e097a5a5
e098a5a5
e099a5a5
e09aa5a5
e09ba5a5
e09ca5a5
e09da5a5
e09ea5a5
e09fa5a5
e0a0a5a5
e0a1a5a5
e0a2a5a5
e0a3a5a5
e0a4a5a5
e0a5a5a5
e0a6a5a5
e0a7a5a5
e0a8a5a5
e0a9a5a5
e0aaa5a5
e0aba5a5
e0aca5a5
e0ada5a5
e0aea5a5
e0afa5a5
e0b0a5a5
e0b1a5a5
e0b2a5a5
e0b3a5a5
e0b4a5a5
e0b5a5a5
e0b6a5a5
e0b7a5a5
e0b8a5a5
e0b9a5a5
e0baa5a5
e0bba5a5
e0bca5a5
e0bda5a5
e0bea5a5
e0bfa5a5
e0c0a5a5
e0c1a5a5
e0c2a5a5
e0c3a5a5
e0c4a5a5
e0c5a5a5
e0c6a5a5
e0c7a5a5
e0c8a5a5
e0c9a5a5
e0caa5a5
e0cba5a5
e0cca5a5
e0cda5a5
e0cea5a5
e0cfa5a5
e0d0a5a5
e0d1a5a5
e0d2a5a5
e0d3a5a5
e0d4a5a5
e0d5a5a5
e0d6a5a5
e0d7a5a5
e0d8a5a5
e0d9a5a5
e0daa5a5
e0dba5a5
e0dca5a5
e0dda5a5
e0dea5a5
e0dfa5a5
e0e0a5a5
e0e1a5a5
e0e2a5a5
e0e3a5a5
e0e4a5a5
e0e5a5a5
e0e6a5a5
e0e7a5a5
e0e8a5a5
e0e9a5a5
e0eaa5a5
e0eba5a5
e0eca5a5
e0eda5a5
e0eea5a5
e0efa5a5
e0f0a5a5
e0f1a5a5
e0f2a5a5
e0f3a5a5
e0f4a5a5
e0f5a5a5
e0f6a5a5
e0f7a5a5
e0f8a5a5
e0f9a5a5
e0faa5a5
e0fba5a5
e0fca5a5
e0fda5a5
e0fea5a5
e0ffa5a5
e100a5a5
e101a5a5
e102a5a5
e103a5a5
e104a5a5
e105a5a5
e106a5a5
e107a5a5
e108a5a5
e109a5a5
e10aa5a5
e10ba5a5
e10ca5a5
e10da5a5
e10ea5a5
e10fa5a5
e110a5a5
e111a5a5
e112a5a5
e113a5a5
e114a5a5
e115a5a5
e116a5a5
e117a5a5
e118a5a5
e119a5a5
e11aa5a5
e11ba5a5
e11ca5a5
e11da5a5
e11ea5a5
e11fa5a5
e120a5a5
e121a5a5
e122a5a5
e123a5a5
e124a5a5
e125a5a5
e126a5a5
e127a5a5
e128a5a5
e129a5a5
e12aa5a5
e12ba5a5
e12ca5a5
e12da5a5
e12ea5a5
e12fa5a5
e130a5a5
e131a5a5
e132a5a5
e133a5a5
e134a5a5
e135a5a5
e136a5a5
e137a5a5
e138a5a5
e139a5a5
e13aa5a5
e13ba5a5
e13ca5a5
e13da5a5
e13ea5a5
e13fa5a5
e140a5a5
e141a5a5
e142a5a5
e143a5a5
e144a5a5
e145a5a5
e146a5a5
e147a5a5
e148a5a5
e149a5a5
e14aa5a5
e14ba5a5
e14ca5a5
e14da5a5
e14ea5a5
e14fa5a5
e150a5a5
e151a5a5
e152a5a5
e153a5a5
e154a5a5
e155a5a5
e156a5a5
e157a5a5
e158a5a5
e159a5a5
e15aa5a5
e15ba5a5
e15ca5a5
e15da5a5
e15ea5a5
e15fa5a5
e160a5a5
e161a5a5
e162a5a5
e163a5a5
e164a5a5
e165a5a5
e166a5a5
e167a5a5
e168a5a5
e169a5a5
e16aa5a5
e16ba5a5
e16ca5a5
e16da5a5
e16ea5a5
e16fa5a5
e170a5a5
e171a5a5
e172a5a5
e173a5a5
e174a5a5
e175a5a5
e176a5a5
e177a5a5
e178a5a5
e179a5a5
e17aa5a5
e17ba5a5
e17ca5a5
e17da5a5
e17ea5a5
e17fa5a5
e180a5a5
e181a5a5
e182a5a5
e183a5a5
e184a5a5
e185a5a5
e186a5a5
e187a5a5
e188a5a5
e189a5a5
e18aa5a5
e18ba5a5
e18ca5a5
e18da5a5
e18ea5a5
e18fa5a5
e190a5a5
e191a5a5
e192a5a5
e193a5a5
e194a5a5
e195a5a5
e196a5a5
e197a5a5
e198a5a5
e199a5a5
e19aa5a5
e19ba5a5
e19ca5a5
e19da5a5
e19ea5a5
e19fa5a5
e1a0a5a5
e1a1a5a5
e1a2a5a5
e1a3a5a5
e1a4a5a5
e1a5a5a5
e1a6a5a5
e1a7a5a5
e1a8a5a5
e1a9a5a5
e1aaa5a5
e1aba5a5
e1aca5a5
e1ada5a5
e1aea5a5
e1afa5a5
e1b0a5a5
e1b1a5a5
e1b2a5a5
e1b3a5a5
e1b4a5a5
e1b5a5a5
e1b6a5a5
e1b7a5a5
e1b8a5a5
e1b9a5a5
e1baa5a5
e1bba5a5
e1bca5a5
e1bda5a5
e1bea5a5
e1bfa5a5
e1c0a5a5
e1c1a5a5
e1c2a5a5
e1c3a5a5
e1c4a5a5
e1c5a5a5
e1c6a5a5
e1c7a5a5
e1c8a5a5
e1c9a5a5
e1caa5a5
e1cba5a5
e1cca5a5
e1cda5a5
e1cea5a5
e1cfa5a5
e1d0a5a5
e1d1a5a5
e1d2a5a5
e1d3a5a5
e1d4a5a5
e1d5a5a5
e1d6a5a5
e1d7a5a5
e1d8a5a5
e1d9a5a5
e1daa5a5
e1dba5a5
e1dca5a5
e1dda5a5
e1dea5a5
e1dfa5a5
e1e0a5a5
e1e1a5a5
e1e2a5a5
e1e3a5a5
e1e4a5a5
e1e5a5a5
e1e6a5a5
e1e7a5a5
e1e8a5a5
e1e9a5a5
e1eaa5a5
e1eba5a5
e1eca5a5
e1eda5a5
e1eea5a5
e1efa5a5
e1f0a5a5
e1f1a5a5
e1f2a5a5
e1f3a5a5
e1f4a5a5
e1f5a5a5
e1f6a5a5
e1f7a5a5
e1f8a5a5
e1f9a5a5
e1faa5a5
e1fba5a5
e1fca5a5
e1fda5a5
e1fea5a5
e1ffa5a5
e200a5a5
e201a5a5
e202a5a5
e203a5a5
e204a5a5
e205a5a5
e206a5a5
e207a5a5
e208a5a5
e209a5a5
e20aa5a5
e20ba5a5
e20ca5a5
e20da5a5
e20ea5a5
e20fa5a5
e210a5a5
e211a5a5
e212a5a5
e213a5a5
e214a5a5
e215a5a5
e216a5a5
e217a5a5
e218a5a5
e219a5a5
e21aa5a5
e21ba5a5
e21ca5a5
e21da5a5
e21ea5a5
e21fa5a5
e220a5a5
e221a5a5
e222a5a5
e223a5a5
e224a5a5
e225a5a5
e226a5a5
e227a5a5
e228a5a5
e229a5a5
e22aa5a5
e22ba5a5
e22ca5a5
e22da5a5
e22ea5a5
e22fa5a5
e230a5a5
e231a5a5
e232a5a5
e233a5a5
e234a5a5
e235a5a5
e236a5a5
e237a5a5
e238a5a5
e239a5a5
e23aa5a5
e23ba5a5
e23ca5a5
e23da5a5
e23ea5a5
e23fa5a5
e240a5a5
e241a5a5
e242a5a5
e243a5a5
e244a5a5
e245a5a5
e246a5a5
e247a5a5
e248a5a5
e249a5a5
e24aa5a5
e24ba5a5
e24ca5a5
e24da5a5
e24ea5a5
e24fa5a5
e250a5a5
e251a5a5
e252a5a5
e253a5a5
e254a5a5
e255a5a5
e256a5a5
e257a5a5
e258a5a5
e259a5a5
e25aa5a5
e25ba5a5
e25ca5a5
e25da5a5
e25ea5a5
e25fa5a5
e260a5a5
e261a5a5
e262a5a5
e263a5a5
e264a5a5
e265a5a5
e266a5a5
e267a5a5
e268a5a5
e269a5a5
e26aa5a5
e26ba5a5
e26ca5a5
e26da5a5
e26ea5a5
e26fa5a5
e270a5a5
e271a5a5
e272a5a5
e273a5a5
e274a5a5
e275a5a5
e276a5a5
e277a5a5
e278a5a5
e279a5a5
e27aa5a5
e27ba5a5
e27ca5a5
e27da5a5
e27ea5a5
e27fa5a5
e280a5a5
e281a5a5
e282a5a5
e283a5a5
e284a5a5
e285a5a5
e286a5a5
e287a5a5
e288a5a5
e289a5a5
e28aa5a5
e28ba5a5
e28ca5a5
e28da5a5
e28ea5a5
e28fa5a5
e290a5a5
e291a5a5
e292a5a5
e293a5a5
e294a5a5
e295a5a5
e296a5a5
e297a5a5
e298a5a5
e299a5a5
e29aa5a5
e29ba5a5
e29ca5a5
e29da5a5
e29ea5a5
e29fa5a5
e2a0a5a5
e2a1a5a5
e2a2a5a5
e2a3a5a5
e2a4a5a5
e2a5a5a5
e2a6a5a5
e2a7a5a5
e2a8a5a5
e2a9a5a5
e2aaa5a5
e2aba5a5
e2aca5a5
e2ada5a5
e2aea5a5
e2afa5a5
e2b0a5a5
e2b1a5a5
e2b2a5a5
e2b3a5a5
e2b4a5a5
e2b5a5a5
e2b6a5a5
e2b7a5a5
e2b8a5a5
e2b9a5a5
e2baa5a5
e2bba5a5
e2bca5a5
e2bda5a5
e2bea5a5
e2bfa5a5
e2c0a5a5
e2c1a5a5
e2c2a5a5
e2c3a5a5
e2c4a5a5
e2c5a5a5
e2c6a5a5
e2c7a5a5
e2c8a5a5
e2c9a5a5
e2caa5a5
e2cba5a5
e2cca5a5
e2cda5a5
e2cea5a5
e2cfa5a5
e2d0a5a5
e2d1a5a5
e2d2a5a5
e2d3a5a5
e2d4a5a5
e2d5a5a5
e2d6a5a5
e2d7a5a5
e2d8a5a5
e2d9a5a5
e2daa5a5
e2dba5a5
e2dca5a5
e2dda5a5
e2dea5a5
e2dfa5a5
e2e0a5a5
e2e1a5a5
e2e2a5a5
e2e3a5a5
e2e4a5a5
e2e5a5a5
e2e6a5a5
e2e7a5a5
e2e8a5a5
e2e9a5a5
e2eaa5a5
e2eba5a5
e2eca5a5
e2eda5a5
e2eea5a5
e2efa5a5
e2f0a5a5
e2f1a5a5
e2f2a5a5
e2f3a5a5
e2f4a5a5
e2f5a5a5
e2f6a5a5
e2f7a5a5
e2f8a5a5
e2f9a5a5
e2faa5a5
e2fba5a5
e2fca5a5
e2fda5a5
e2fea5a5
e2ffa5a5
e300a5a5
e301a5a5
e302a5a5
e303a5a5
e304a5a5
e305a5a5
e306a5a5
e307a5a5
e308a5a5
e309a5a5
e30aa5a5
e30ba5a5
e30ca5a5
e30da5a5
e30ea5a5
e30fa5a5
e310a5a5
e311a5a5
e312a5a5
e313a5a5
e314a5a5
e315a5a5
e316a5a5
e317a5a5
e318a5a5
e319a5a5
e31aa5a5
e31ba5a5
e31ca5a5
e31da5a5
e31ea5a5
e31fa5a5
e320a5a5
e321a5a5
e322a5a5
e323a5a5
e324a5a5
e325a5a5
e326a5a5
e327a5a5
e328a5a5
e329a5a5
e32aa5a5
e32ba5a5
e32ca5a5
e32da5a5
e32ea5a5
e32fa5a5
e330a5a5
e331a5a5
e332a5a5
e333a5a5
e334a5a5
e335a5a5
e336a5a5
e337a5a5
e338a5a5
e339a5a5
e33aa5a5
e33ba5a5
e33ca5a5
e33da5a5
e33ea5a5
e33fa5a5
e340a5a5
e341a5a5
e342a5a5
e343a5a5
e344a5a5
e345a5a5
e346a5a5
e347a5a5
e348a5a5
e349a5a5
e34aa5a5
e34ba5a5
e34ca5a5
e34da5a5
e34ea5a5
e34fa5a5
e350a5a5
e351a5a5
e352a5a5
e353a5a5
e354a5a5
e355a5a5
e356a5a5
e357a5a5
e358a5a5
e359a5a5
e35aa5a5
e35ba5a5
e35ca5a5
e35da5a5
e35ea5a5
e35fa5a5
e360a5a5
e361a5a5
e362a5a5
e363a5a5
e364a5a5
e365a5a5
e366a5a5
e367a5a5
e368a5a5
e369a5a5
e36aa5a5
e36ba5a5
e36ca5a5
e36da5a5
e36ea5a5
e36fa5a5
e370a5a5
e371a5a5
e372a5a5
e373a5a5
e374a5a5
e375a5a5
e376a5a5
e377a5a5
e378a5a5
e379a5a5
e37aa5a5
e37ba5a5
e37ca5a5
e37da5a5
e37ea5a5
e37fa5a5
e380a5a5
e381a5a5
e382a5a5
e383a5a5
e384a5a5
e385a5a5
e386a5a5
e387a5a5
e388a5a5
e389a5a5
e38aa5a5
e38ba5a5
e38ca5a5
e38da5a5
e38ea5a5
e38fa5a5
e390a5a5
e391a5a5
e392a5a5
e393a5a5
e394a5a5
e395a5a5
e396a5a5
e397a5a5
e398a5a5
e399a5a5
e39aa5a5
e39ba5a5
e39ca5a5
e39da5a5
e39ea5a5
e39fa5a5
e3a0a5a5
e3a1a5a5
e3a2a5a5
e3a3a5a5
e3a4a5a5
e3a5a5a5
e3a6a5a5
e3a7a5a5
e3a8a5a5
e3a9a5a5
e3aaa5a5
e3aba5a5
e3aca5a5
e3ada5a5
e3aea5a5
e3afa5a5
e3b0a5a5
e3b1a5a5
e3b2a5a5
e3b3a5a5
e3b4a5a5
e3b5a5a5
e3b6a5a5
e3b7a5a5
e3b8a5a5
e3b9a5a5
e3baa5a5
e3bba5a5
e3bca5a5
e3bda5a5
e3bea5a5
e3bfa5a5
e3c0a5a5
e3c1a5a5
e3c2a5a5
e3c3a5a5
e3c4a5a5
e3c5a5a5
e3c6a5a5
e3c7a5a5
e3c8a5a5
e3c9a5a5
e3caa5a5
e3cba5a5
e3cca5a5
e3cda5a5
e3cea5a5
e3cfa5a5
e3d0a5a5
e3d1a5a5
e3d2a5a5
e3d3a5a5
e3d4a5a5
e3d5a5a5
e3d6a5a5
e3d7a5a5
e3d8a5a5
e3d9a5a5
e3daa5a5
e3dba5a5
e3dca5a5
e3dda5a5
e3dea5a5
e3dfa5a5
e3e0a5a5
e3e1a5a5
e3e2a5a5
e3e3a5a5
e3e4a5a5
e3e5a5a5
e3e6a5a5
e3e7a5a5
e3e8a5a5
e3e9a5a5
e3eaa5a5
e3eba5a5
e3eca5a5
e3eda5a5
e3eea5a5
e3efa5a5
e3f0a5a5
e3f1a5a5
e3f2a5a5
e3f3a5a5
e3f4a5a5
e3f5a5a5
e3f6a5a5
e3f7a5a5
e3f8a5a5
e3f9a5a5
e3faa5a5
e3fba5a5
e3fca5a5
e3fda5a5
e3fea5a5
e3ffa5a5
e400a5a5
e401a5a5
e402a5a5
e403a5a5
e404a5a5
e405a5a5
e406a5a5
e407a5a5
e408a5a5
e409a5a5
e40aa5a5
e40ba5a5
e40ca5a5
e40da5a5
e40ea5a5
e40fa5a5
e410a5a5
e411a5a5
e412a5a5
e413a5a5
e414a5a5
e415a5a5
e416a5a5
e417a5a5
e418a5a5
e419a5a5
e41aa5a5
e41ba5a5
e41ca5a5
e41da5a5
e41ea5a5
e41fa5a5
e420a5a5
e421a5a5
e422a5a5
e423a5a5
e424a5a5
e425a5a5
e426a5a5
e427a5a5
e428a5a5
e429a5a5
e42aa5a5
e42ba5a5
e42ca5a5
e42da5a5
e42ea5a5
e42fa5a5
e430a5a5
e431a5a5
e432a5a5
e433a5a5
e434a5a5
e435a5a5
e436a5a5
e437a5a5
e438a5a5
e439a5a5
e43aa5a5
e43ba5a5
e43ca5a5
e43da5a5
e43ea5a5
e43fa5a5
e440a5a5
e441a5a5
e442a5a5
e443a5a5
e444a5a5
e445a5a5
e446a5a5
e447a5a5
e448a5a5
e449a5a5
e44aa5a5
e44ba5a5
e44ca5a5
e44da5a5
e44ea5a5
e44fa5a5
e450a5a5
e451a5a5
e452a5a5
e453a5a5
e454a5a5
e455a5a5
e456a5a5
e457a5a5
e458a5a5
e459a5a5
e45aa5a5
e45ba5a5
e45ca5a5
e45da5a5
e45ea5a5
e45fa5a5
e460a5a5
e461a5a5
e462a5a5
e463a5a5
e464a5a5
e465a5a5
e466a5a5
e467a5a5
e468a5a5
e469a5a5
e46aa5a5
e46ba5a5
e46ca5a5
e46da5a5
e46ea5a5
e46fa5a5
e470a5a5
e471a5a5
e472a5a5
e473a5a5
e474a5a5
e475a5a5
e476a5a5
e477a5a5
e478a5a5
e479a5a5
e47aa5a5
e47ba5a5
e47ca5a5
e47da5a5
e47ea5a5
e47fa5a5
e480a5a5
e481a5a5
e482a5a5
e483a5a5
e484a5a5
e485a5a5
e486a5a5
e487a5a5
e488a5a5
e489a5a5
e48aa5a5
e48ba5a5
e48ca5a5
e48da5a5
e48ea5a5
e48fa5a5
e490a5a5
e491a5a5
e492a5a5
e493a5a5
e494a5a5
e495a5a5
e496a5a5
e497a5a5
e498a5a5
e499a5a5
e49aa5a5
e49ba5a5
e49ca5a5
e49da5a5
e49ea5a5
e49fa5a5
e4a0a5a5
e4a1a5a5
e4a2a5a5
e4a3a5a5
e4a4a5a5
e4a5a5a5
e4a6a5a5
e4a7a5a5
e4a8a5a5
e4a9a5a5
e4aaa5a5
e4aba5a5
e4aca5a5
e4ada5a5
e4aea5a5
e4afa5a5
e4b0a5a5
e4b1a5a5
e4b2a5a5
e4b3a5a5
e4b4a5a5
e4b5a5a5
e4b6a5a5
e4b7a5a5
e4b8a5a5
e4b9a5a5
e4baa5a5
e4bba5a5
e4bca5a5
e4bda5a5
e4bea5a5
e4bfa5a5
e4c0a5a5
e4c1a5a5
e4c2a5a5
e4c3a5a5
e4c4a5a5
e4c5a5a5
e4c6a5a5
e4c7a5a5
e4c8a5a5
e4c9a5a5
e4caa5a5
e4cba5a5
e4cca5a5
e4cda5a5
e4cea5a5
e4cfa5a5
e4d0a5a5
e4d1a5a5
e4d2a5a5
e4d3a5a5
e4d4a5a5
e4d5a5a5
e4d6a5a5
e4d7a5a5
e4d8a5a5
e4d9a5a5
e4daa5a5
e4dba5a5
e4dca5a5
e4dda5a5
e4dea5a5
e4dfa5a5
e4e0a5a5
e4e1a5a5
e4e2a5a5
e4e3a5a5
e4e4a5a5
e4e5a5a5
e4e6a5a5
e4e7a5a5
e4e8a5a5
e4e9a5a5
e4eaa5a5
e4eba5a5
e4eca5a5
e4eda5a5
e4eea5a5
e4efa5a5
e4f0a5a5
e4f1a5a5
e4f2a5a5
e4f3a5a5
e4f4a5a5
e4f5a5a5
e4f6a5a5
e4f7a5a5
e4f8a5a5
e4f9a5a5
e4faa5a5
e4fba5a5
e4fca5a5
e4fda5a5
e4fea5a5
e4ffa5a5
e500a5a5
e501a5a5
e502a5a5
e503a5a5
e504a5a5
e505a5a5
e506a5a5
e507a5a5
e508a5a5
e509a5a5
e50aa5a5
e50ba5a5
e50ca5a5
e50da5a5
e50ea5a5
e50fa5a5
e510a5a5
e511a5a5
e512a5a5
e513a5a5
e514a5a5
e515a5a5
e516a5a5
e517a5a5
e518a5a5
e519a5a5
e51aa5a5
e51ba5a5
e51ca5a5
e51da5a5
e51ea5a5
e51fa5a5
e520a5a5
e521a5a5
e522a5a5
e523a5a5
e524a5a5
e525a5a5
e526a5a5
e527a5a5
e528a5a5
e529a5a5
e52aa5a5
e52ba5a5
e52ca5a5
e52da5a5
e52ea5a5
e52fa5a5
e530a5a5
e531a5a5
e532a5a5
e533a5a5
e534a5a5
e535a5a5
e536a5a5
e537a5a5
e538a5a5
e539a5a5
e53aa5a5
e53ba5a5
e53ca5a5
e53da5a5
e53ea5a5
e53fa5a5
e540a5a5
e541a5a5
e542a5a5
e543a5a5
e544a5a5
e545a5a5
e546a5a5
e547a5a5
e548a5a5
e549a5a5
e54aa5a5
e54ba5a5
e54ca5a5
e54da5a5
e54ea5a5
e54fa5a5
e550a5a5
e551a5a5
e552a5a5
e553a5a5
e554a5a5
e555a5a5
e556a5a5
e557a5a5
e558a5a5
e559a5a5
e55aa5a5
e55ba5a5
e55ca5a5
e55da5a5
e55ea5a5
e55fa5a5
e560a5a5
e561a5a5
e562a5a5
e563a5a5
e564a5a5
e565a5a5
e566a5a5
e567a5a5
e568a5a5
e569a5a5
e56aa5a5
e56ba5a5
e56ca5a5
e56da5a5
e56ea5a5
e56fa5a5
e570a5a5
e571a5a5
e572a5a5
e573a5a5
e574a5a5
e575a5a5
e576a5a5
e577a5a5
e578a5a5
e579a5a5
e57aa5a5
e57ba5a5
e57ca5a5
e57da5a5
e57ea5a5
e57fa5a5
e580a5a5
e581a5a5
e582a5a5
e583a5a5
e584a5a5
e585a5a5
e586a5a5
e587a5a5
e588a5a5
e589a5a5
e58aa5a5
e58ba5a5
e58ca5a5
e58da5a5
e58ea5a5
e58fa5a5
e590a5a5
e591a5a5
e592a5a5
e593a5a5
e594a5a5
e595a5a5
e596a5a5
e597a5a5
e598a5a5
e599a5a5
e59aa5a5
e59ba5a5
e59ca5a5
e59da5a5
e59ea5a5
e59fa5a5
e5a0a5a5
e5a1a5a5
e5a2a5a5
e5a3a5a5
e5a4a5a5
e5a5a5a5
e5a6a5a5
e5a7a5a5
e5a8a5a5
e5a9a5a5
e5aaa5a5
e5aba5a5
e5aca5a5
e5ada5a5
e5aea5a5
e5afa5a5
e5b0a5a5
e5b1a5a5
e5b2a5a5
e5b3a5a5
e5b4a5a5
e5b5a5a5
e5b6a5a5
e5b7a5a5
e5b8a5a5
e5b9a5a5
e5baa5a5
e5bba5a5
e5bca5a5
e5bda5a5
e5bea5a5
e5bfa5a5
e5c0a5a5
e5c1a5a5
e5c2a5a5
e5c3a5a5
e5c4a5a5
e5c5a5a5
e5c6a5a5
e5c7a5a5
e5c8a5a5
e5c9a5a5
e5caa5a5
e5cba5a5
e5cca5a5
e5cda5a5
e5cea5a5
e5cfa5a5
e5d0a5a5
e5d1a5a5
e5d2a5a5
e5d3a5a5
e5d4a5a5
e5d5a5a5
e5d6a5a5
e5d7a5a5
e5d8a5a5
e5d9a5a5
e5daa5a5
e5dba5a5
e5dca5a5
e5dda5a5
e5dea5a5
e5dfa5a5
e5e0a5a5
e5e1a5a5
e5e2a5a5
e5e3a5a5
e5e4a5a5
e5e5a5a5
e5e6a5a5
e5e7a5a5
e5e8a5a5
e5e9a5a5
e5eaa5a5
e5eba5a5
e5eca5a5
e5eda5a5
e5eea5a5
e5efa5a5
e5f0a5a5
e5f1a5a5
e5f2a5a5
e5f3a5a5
e5f4a5a5
e5f5a5a5
e5f6a5a5
e5f7a5a5
e5f8a5a5
e5f9a5a5
e5faa5a5
e5fba5a5
e5fca5a5
e5fda5a5
e5fea5a5
e5ffa5a5
e600a5a5
e601a5a5
e602a5a5
e603a5a5
e604a5a5
e605a5a5
e606a5a5
e607a5a5
e608a5a5
e609a5a5
e60aa5a5
e60ba5a5
e60ca5a5
e60da5a5
e60ea5a5
e60fa5a5
e610a5a5
e611a5a5
e612a5a5
e613a5a5
e614a5a5
e615a5a5
e616a5a5
e617a5a5
e618a5a5
e619a5a5
e61aa5a5
e61ba5a5
e61ca5a5
e61da5a5
e61ea5a5
e61fa5a5
e620a5a5
e621a5a5
e622a5a5
e623a5a5
e624a5a5
e625a5a5
e626a5a5
e627a5a5
e628a5a5
e629a5a5
e62aa5a5
e62ba5a5
e62ca5a5
e62da5a5
e62ea5a5
e62fa5a5
e630a5a5
e631a5a5
e632a5a5
e633a5a5
e634a5a5
e635a5a5
e636a5a5
e637a5a5
e638a5a5
e639a5a5
e63aa5a5
e63ba5a5
e63ca5a5
e63da5a5
e63ea5a5
e63fa5a5
e640a5a5
e641a5a5
e642a5a5
e643a5a5
e644a5a5
e645a5a5
e646a5a5
e647a5a5
e648a5a5
e649a5a5
e64aa5a5
e64ba5a5
e64ca5a5
e64da5a5
e64ea5a5
e64fa5a5
e650a5a5
e651a5a5
e652a5a5
e653a5a5
e654a5a5
e655a5a5
e656a5a5
e657a5a5
e658a5a5
e659a5a5
e65aa5a5
e65ba5a5
e65ca5a5
e65da5a5
e65ea5a5
e65fa5a5
e660a5a5
e661a5a5
e662a5a5
e663a5a5
e664a5a5
e665a5a5
e666a5a5
e667a5a5
e668a5a5
e669a5a5
e66aa5a5
e66ba5a5
e66ca5a5
e66da5a5
e66ea5a5
e66fa5a5
e670a5a5
e671a5a5
e672a5a5
e673a5a5
e674a5a5
e675a5a5
e676a5a5
e677a5a5
e678a5a5
e679a5a5
e67aa5a5
e67ba5a5
e67ca5a5
e67da5a5
e67ea5a5
e67fa5a5
e680a5a5
e681a5a5
e682a5a5
e683a5a5
e684a5a5
e685a5a5
e686a5a5
e687a5a5
e688a5a5
e689a5a5
e68aa5a5
e68ba5a5
e68ca5a5
e68da5a5
e68ea5a5
e68fa5a5
e690a5a5
e691a5a5
e692a5a5
e693a5a5
e694a5a5
e695a5a5
e696a5a5
e697a5a5
e698a5a5
e699a5a5
e69aa5a5
e69ba5a5
e69ca5a5
e69da5a5
e69ea5a5
e69fa5a5
e6a0a5a5
e6a1a5a5
e6a2a5a5
e6a3a5a5
e6a4a5a5
e6a5a5a5
e6a6a5a5
e6a7a5a5
e6a8a5a5
e6a9a5a5
e6aaa5a5
e6aba5a5
e6aca5a5
e6ada5a5
e6aea5a5
e6afa5a5
e6b0a5a5
e6b1a5a5
e6b2a5a5
e6b3a5a5
e6b4a5a5
e6b5a5a5
e6b6a5a5
e6b7a5a5
e6b8a5a5
e6b9a5a5
e6baa5a5
e6bba5a5
e6bca5a5
e6bda5a5
e6bea5a5
e6bfa5a5
e6c0a5a5
e6c1a5a5
e6c2a5a5
e6c3a5a5
e6c4a5a5
e6c5a5a5
e6c6a5a5
e6c7a5a5
e6c8a5a5
e6c9a5a5
e6caa5a5
e6cba5a5
e6cca5a5
e6cda5a5
e6cea5a5
e6cfa5a5
e6d0a5a5
e6d1a5a5
e6d2a5a5
e6d3a5a5
e6d4a5a5
e6d5a5a5
e6d6a5a5
e6d7a5a5
e6d8a5a5
e6d9a5a5
e6daa5a5
e6dba5a5
e6dca5a5
e6dda5a5
e6dea5a5
e6dfa5a5
e6e0a5a5
e6e1a5a5
e6e2a5a5
e6e3a5a5
e6e4a5a5
e6e5a5a5
e6e6a5a5
e6e7a5a5
e6e8a5a5
e6e9a5a5
e6eaa5a5
e6eba5a5
e6eca5a5
e6eda5a5
e6eea5a5
e6efa5a5
e6f0a5a5
e6f1a5a5
e6f2a5a5
e6f3a5a5
e6f4a5a5
e6f5a5a5
e6f6a5a5
e6f7a5a5
e6f8a5a5
e6f9a5a5
e6faa5a5
e6fba5a5
e6fca5a5
e6fda5a5
e6fea5a5
e6ffa5a5
e700a5a5
e701a5a5
e702a5a5
e703a5a5
e704a5a5
e705a5a5
e706a5a5
e707a5a5
e708a5a5
e709a5a5
e70aa5a5
e70ba5a5
e70ca5a5
e70da5a5
e70ea5a5
e70fa5a5
e710a5a5
e711a5a5
e712a5a5
e713a5a5
e714a5a5
e715a5a5
e716a5a5
e717a5a5
e718a5a5
e719a5a5
e71aa5a5
e71ba5a5
e71ca5a5
e71da5a5
e71ea5a5
e71fa5a5
e720a5a5
e721a5a5
e722a5a5
e723a5a5
e724a5a5
e725a5a5
e726a5a5
e727a5a5
e728a5a5
e729a5a5
e72aa5a5
e72ba5a5
e72ca5a5
e72da5a5
e72ea5a5
e72fa5a5
e730a5a5
e731a5a5
e732a5a5
e733a5a5
e734a5a5
e735a5a5
e736a5a5
e737a5a5
e738a5a5
e739a5a5
e73aa5a5
e73ba5a5
e73ca5a5
e73da5a5
e73ea5a5
e73fa5a5
e740a5a5
e741a5a5
e742a5a5
e743a5a5
e744a5a5
e745a5a5
e746a5a5
e747a5a5
e748a5a5
e749a5a5
e74aa5a5
e74ba5a5
e74ca5a5
e74da5a5
e74ea5a5
e74fa5a5
e750a5a5
e751a5a5
e752a5a5
e753a5a5
e754a5a5
e755a5a5
e756a5a5
e757a5a5
e758a5a5
e759a5a5
e75aa5a5
e75ba5a5
e75ca5a5
e75da5a5
e75ea5a5
e75fa5a5
e760a5a5
e761a5a5
e762a5a5
e763a5a5
e764a5a5
e765a5a5
e766a5a5
e767a5a5
e768a5a5
e769a5a5
e76aa5a5
e76ba5a5
e76ca5a5
e76da5a5
e76ea5a5
e76fa5a5
e770a5a5
e771a5a5
e772a5a5
e773a5a5
e774a5a5
e775a5a5
e776a5a5
e777a5a5
e778a5a5
e779a5a5
e77aa5a5
e77ba5a5
e77ca5a5
e77da5a5
e77ea5a5
e77fa5a5
e780a5a5
e781a5a5
e782a5a5
e783a5a5
e784a5a5
e785a5a5
e786a5a5
e787a5a5
e788a5a5
e789a5a5
e78aa5a5
e78ba5a5
e78ca5a5
e78da5a5
e78ea5a5
e78fa5a5
e790a5a5
e791a5a5
e792a5a5
e793a5a5
e794a5a5
e795a5a5
e796a5a5
e797a5a5
e798a5a5
e799a5a5
e79aa5a5
e79ba5a5
e79ca5a5
e79da5a5
e79ea5a5
e79fa5a5
e7a0a5a5
e7a1a5a5
e7a2a5a5
e7a3a5a5
e7a4a5a5
e7a5a5a5
e7a6a5a5
e7a7a5a5
e7a8a5a5
e7a9a5a5
e7aaa5a5
e7aba5a5
e7aca5a5
e7ada5a5
e7aea5a5
e7afa5a5
e7b0a5a5
e7b1a5a5
e7b2a5a5
e7b3a5a5
e7b4a5a5
e7b5a5a5
e7b6a5a5
e7b7a5a5
e7b8a5a5
e7b9a5a5
e7baa5a5
e7bba5a5
e7bca5a5
e7bda5a5
e7bea5a5
e7bfa5a5
e7c0a5a5
e7c1a5a5
e7c2a5a5
e7c3a5a5
e7c4a5a5
e7c5a5a5
e7c6a5a5
e7c7a5a5
e7c8a5a5
e7c9a5a5
e7caa5a5
e7cba5a5
e7cca5a5
e7cda5a5
e7cea5a5
e7cfa5a5
e7d0a5a5
e7d1a5a5
e7d2a5a5
e7d3a5a5
e7d4a5a5
e7d5a5a5
e7d6a5a5
e7d7a5a5
e7d8a5a5
e7d9a5a5
e7daa5a5
e7dba5a5
e7dca5a5
e7dda5a5
e7dea5a5
e7dfa5a5
e7e0a5a5
e7e1a5a5
e7e2a5a5
e7e3a5a5
e7e4a5a5
e7e5a5a5
e7e6a5a5
e7e7a5a5
e7e8a5a5
e7e9a5a5
e7eaa5a5
e7eba5a5
e7eca5a5
e7eda5a5
e7eea5a5
e7efa5a5
e7f0a5a5
e7f1a5a5
e7f2a5a5
e7f3a5a5
e7f4a5a5
e7f5a5a5
e7f6a5a5
e7f7a5a5
e7f8a5a5
e7f9a5a5
e7faa5a5
e7fba5a5
e7fca5a5
e7fda5a5
e7fea5a5
e7ffa5a5
e800a5a5
e801a5a5
e802a5a5
e803a5a5
e804a5a5
e805a5a5
e806a5a5
e807a5a5
e808a5a5
e809a5a5
e80aa5a5
e80ba5a5
e80ca5a5
e80da5a5
e80ea5a5
e80fa5a5
e810a5a5
e811a5a5
e812a5a5
e813a5a5
e814a5a5
e815a5a5
e816a5a5
e817a5a5
e818a5a5
e819a5a5
e81aa5a5
e81ba5a5
e81ca5a5
e81da5a5
e81ea5a5
e81fa5a5
e820a5a5
e821a5a5
e822a5a5
e823a5a5
e824a5a5
e825a5a5
e826a5a5
e827a5a5
e828a5a5
e829a5a5
e82aa5a5
e82ba5a5
e82ca5a5
e82da5a5
e82ea5a5
e82fa5a5
e830a5a5
e831a5a5
e832a5a5
e833a5a5
e834a5a5
e835a5a5
e836a5a5
e837a5a5
e838a5a5
e839a5a5
e83aa5a5
e83ba5a5
e83ca5a5
e83da5a5
e83ea5a5
e83fa5a5
e840a5a5
e841a5a5
e842a5a5
e843a5a5
e844a5a5
e845a5a5
e846a5a5
e847a5a5
e848a5a5
e849a5a5
e84aa5a5
e84ba5a5
e84ca5a5
e84da5a5
e84ea5a5
e84fa5a5
e850a5a5
e851a5a5
e852a5a5
e853a5a5
e854a5a5
e855a5a5
e856a5a5
e857a5a5
e858a5a5
e859a5a5
e85aa5a5
e85ba5a5
e85ca5a5
e85da5a5
e85ea5a5
e85fa5a5
e860a5a5
e861a5a5
e862a5a5
e863a5a5
e864a5a5
e865a5a5
e866a5a5
e867a5a5
e868a5a5
e869a5a5
e86aa5a5
e86ba5a5
e86ca5a5
e86da5a5
e86ea5a5
e86fa5a5
e870a5a5
e871a5a5
e872a5a5
e873a5a5
e874a5a5
e875a5a5
e876a5a5
e877a5a5
e878a5a5
e879a5a5
e87aa5a5
e87ba5a5
e87ca5a5
e87da5a5
e87ea5a5
e87fa5a5
e880a5a5
e881a5a5
e882a5a5
e883a5a5
e884a5a5
e885a5a5
e886a5a5
e887a5a5
e888a5a5
e889a5a5
e88aa5a5
e88ba5a5
e88ca5a5
e88da5a5
e88ea5a5
e88fa5a5
e890a5a5
e891a5a5
e892a5a5
e893a5a5
e894a5a5
e895a5a5
e896a5a5
e897a5a5
e898a5a5
e899a5a5
e89aa5a5
e89ba5a5
e89ca5a5
e89da5a5
e89ea5a5
e89fa5a5
e8a0a5a5
e8a1a5a5
e8a2a5a5
e8a3a5a5
e8a4a5a5
e8a5a5a5
e8a6a5a5
e8a7a5a5
e8a8a5a5
e8a9a5a5
e8aaa5a5
e8aba5a5
e8aca5a5
e8ada5a5
e8aea5a5
e8afa5a5
e8b0a5a5
e8b1a5a5
e8b2a5a5
e8b3a5a5
e8b4a5a5
e8b5a5a5
e8b6a5a5
e8b7a5a5
e8b8a5a5
e8b9a5a5
e8baa5a5
e8bba5a5
e8bca5a5
e8bda5a5
e8bea5a5
e8bfa5a5
e8c0a5a5
e8c1a5a5
e8c2a5a5
e8c3a5a5
e8c4a5a5
e8c5a5a5
e8c6a5a5
e8c7a5a5
e8c8a5a5
e8c9a5a5
e8caa5a5
e8cba5a5
e8cca5a5
e8cda5a5
e8cea5a5
e8cfa5a5
e8d0a5a5
e8d1a5a5
e8d2a5a5
e8d3a5a5
e8d4a5a5
e8d5a5a5
e8d6a5a5
e8d7a5a5
e8d8a5a5
e8d9a5a5
e8daa5a5
e8dba5a5
e8dca5a5
e8dda5a5
e8dea5a5
e8dfa5a5
e8e0a5a5
e8e1a5a5
e8e2a5a5
e8e3a5a5
e8e4a5a5
e8e5a5a5
e8e6a5a5
e8e7a5a5
e8e8a5a5
e8e9a5a5
e8eaa5a5
e8eba5a5
e8eca5a5
e8eda5a5
e8eea5a5
e8efa5a5
e8f0a5a5
e8f1a5a5
e8f2a5a5
e8f3a5a5
e8f4a5a5
e8f5a5a5
e8f6a5a5
e8f7a5a5
e8f8a5a5
e8f9a5a5
e8faa5a5
e8fba5a5
e8fca5a5
e8fda5a5
e8fea5a5
e8ffa5a5
e900a5a5
e901a5a5
e902a5a5
e903a5a5
e904a5a5
e905a5a5
e906a5a5
e907a5a5
e908a5a5
e909a5a5
e90aa5a5
e90ba5a5
e90ca5a5
e90da5a5
e90ea5a5
e90fa5a5
e910a5a5
e911a5a5
e912a5a5
e913a5a5
e914a5a5
e915a5a5
e916a5a5
e917a5a5
e918a5a5
e919a5a5
e91aa5a5
e91ba5a5
e91ca5a5
e91da5a5
e91ea5a5
e91fa5a5
e920a5a5
e921a5a5
e922a5a5
e923a5a5
e924a5a5
e925a5a5
e926a5a5
e927a5a5
e928a5a5
e929a5a5
e92aa5a5
e92ba5a5
e92ca5a5
e92da5a5
e92ea5a5
e92fa5a5
e930a5a5
e931a5a5
e932a5a5
e933a5a5
e934a5a5
e935a5a5
e936a5a5
e937a5a5
e938a5a5
e939a5a5
e93aa5a5
e93ba5a5
e93ca5a5
e93da5a5
e93ea5a5
e93fa5a5
e940a5a5
e941a5a5
e942a5a5
e943a5a5
e944a5a5
e945a5a5
e946a5a5
e947a5a5
e948a5a5
e949a5a5
e94aa5a5
e94ba5a5
e94ca5a5
e94da5a5
e94ea5a5
e94fa5a5
e950a5a5
e951a5a5
e952a5a5
e953a5a5
e954a5a5
e955a5a5
e956a5a5
e957a5a5
e958a5a5
e959a5a5
e95aa5a5
e95ba5a5
e95ca5a5
e95da5a5
e95ea5a5
e95fa5a5
e960a5a5
e961a5a5
e962a5a5
e963a5a5
e964a5a5
e965a5a5
e966a5a5
e967a5a5
e968a5a5
e969a5a5
e96aa5a5
e96ba5a5
e96ca5a5
e96da5a5
e96ea5a5
e96fa5a5
e970a5a5
e971a5a5
e972a5a5
e973a5a5
e974a5a5
e975a5a5
e976a5a5
e977a5a5
e978a5a5
e979a5a5
e97aa5a5
e97ba5a5
e97ca5a5
e97da5a5
e97ea5a5
e97fa5a5
e980a5a5
e981a5a5
e982a5a5
e983a5a5
e984a5a5
e985a5a5
e986a5a5
e987a5a5
e988a5a5
e989a5a5
e98aa5a5
e98ba5a5
e98ca5a5
e98da5a5
e98ea5a5
e98fa5a5
e990a5a5
e991a5a5
e992a5a5
e993a5a5
e994a5a5
e995a5a5
e996a5a5
e997a5a5
e998a5a5
e999a5a5
e99aa5a5
e99ba5a5
e99ca5a5
e99da5a5
e99ea5a5
e99fa5a5
e9a0a5a5
e9a1a5a5
e9a2a5a5
e9a3a5a5
e9a4a5a5
e9a5a5a5
e9a6a5a5
e9a7a5a5
e9a8a5a5
e9a9a5a5
e9aaa5a5
e9aba5a5
e9aca5a5
e9ada5a5
e9aea5a5
e9afa5a5
e9b0a5a5
e9b1a5a5
e9b2a5a5
e9b3a5a5
e9b4a5a5
e9b5a5a5
e9b6a5a5
e9b7a5a5
e9b8a5a5
e9b9a5a5
e9baa5a5
e9bba5a5
e9bca5a5
e9bda5a5
e9bea5a5
e9bfa5a5
e9c0a5a5
e9c1a5a5
e9c2a5a5
e9c3a5a5
e9c4a5a5
e9c5a5a5
e9c6a5a5
e9c7a5a5
e9c8a5a5
e9c9a5a5
e9caa5a5
e9cba5a5
e9cca5a5
e9cda5a5
e9cea5a5
e9cfa5a5
e9d0a5a5
e9d1a5a5
e9d2a5a5
e9d3a5a5
e9d4a5a5
e9d5a5a5
e9d6a5a5
e9d7a5a5
e9d8a5a5
e9d9a5a5
e9daa5a5
e9dba5a5
e9dca5a5
e9dda5a5
e9dea5a5
e9dfa5a5
e9e0a5a5
e9e1a5a5
e9e2a5a5
e9e3a5a5
e9e4a5a5
e9e5a5a5
e9e6a5a5
e9e7a5a5
e9e8a5a5
e9e9a5a5
e9eaa5a5
e9eba5a5
e9eca5a5
e9eda5a5
e9eea5a5
e9efa5a5
e9f0a5a5
e9f1a5a5
e9f2a5a5
e9f3a5a5
e9f4a5a5
e9f5a5a5
e9f6a5a5
e9f7a5a5
e9f8a5a5
e9f9a5a5
e9faa5a5
e9fba5a5
e9fca5a5
e9fda5a5
e9fea5a5
e9ffa5a5
ea00a5a5
ea01a5a5
ea02a5a5
ea03a5a5
ea04a5a5
ea05a5a5
ea06a5a5
ea07a5a5
ea08a5a5
ea09a5a5
ea0aa5a5
ea0ba5a5
ea0ca5a5
ea0da5a5
ea0ea5a5
ea0fa5a5
ea10a5a5
ea11a5a5
ea12a5a5
ea13a5a5
ea14a5a5
ea15a5a5
ea16a5a5
ea17a5a5
ea18a5a5
ea19a5a5
ea1aa5a5
ea1ba5a5
ea1ca5a5
ea1da5a5
ea1ea5a5
ea1fa5a5
ea20a5a5
ea21a5a5
ea22a5a5
ea23a5a5
ea24a5a5
ea25a5a5
ea26a5a5
ea27a5a5
ea28a5a5
ea29a5a5
ea2aa5a5
ea2ba5a5
ea2ca5a5
ea2da5a5
ea2ea5a5
ea2fa5a5
ea30a5a5
ea31a5a5
ea32a5a5
ea33a5a5
ea34a5a5
ea35a5a5
ea36a5a5
ea37a5a5
ea38a5a5
ea39a5a5
ea3aa5a5
ea3ba5a5
ea3ca5a5
ea3da5a5
ea3ea5a5
ea3fa5a5
ea40a5a5
ea41a5a5
ea42a5a5
ea43a5a5
ea44a5a5
ea45a5a5
ea46a5a5
ea47a5a5
ea48a5a5
ea49a5a5
ea4aa5a5
ea4ba5a5
ea4ca5a5
ea4da5a5
ea4ea5a5
ea4fa5a5
ea50a5a5
ea51a5a5
ea52a5a5
ea53a5a5
ea54a5a5
ea55a5a5
ea56a5a5
ea57a5a5
ea58a5a5
ea59a5a5
ea5aa5a5
ea5ba5a5
ea5ca5a5
ea5da5a5
ea5ea5a5
ea5fa5a5
ea60a5a5
ea61a5a5
ea62a5a5
ea63a5a5
ea64a5a5
ea65a5a5
ea66a5a5
ea67a5a5
ea68a5a5
ea69a5a5
ea6aa5a5
ea6ba5a5
ea6ca5a5
ea6da5a5
ea6ea5a5
ea6fa5a5
ea70a5a5
ea71a5a5
ea72a5a5
ea73a5a5
ea74a5a5
ea75a5a5
ea76a5a5
ea77a5a5
ea78a5a5
ea79a5a5
ea7aa5a5
ea7ba5a5
ea7ca5a5
ea7da5a5
ea7ea5a5
ea7fa5a5
ea80a5a5
ea81a5a5
ea82a5a5
ea83a5a5
ea84a5a5
ea85a5a5
ea86a5a5
ea87a5a5
ea88a5a5
ea89a5a5
ea8aa5a5
ea8ba5a5
ea8ca5a5
ea8da5a5
ea8ea5a5
ea8fa5a5
ea90a5a5
ea91a5a5
ea92a5a5
ea93a5a5
ea94a5a5
ea95a5a5
ea96a5a5
ea97a5a5
ea98a5a5
ea99a5a5
ea9aa5a5
ea9ba5a5
ea9ca5a5
ea9da5a5
ea9ea5a5
ea9fa5a5
eaa0a5a5
eaa1a5a5
eaa2a5a5
eaa3a5a5
eaa4a5a5
eaa5a5a5
eaa6a5a5
eaa7a5a5
eaa8a5a5
eaa9a5a5
eaaaa5a5
eaaba5a5
eaaca5a5
eaada5a5
eaaea5a5
eaafa5a5
eab0a5a5
eab1a5a5
eab2a5a5
eab3a5a5
eab4a5a5
eab5a5a5
eab6a5a5
eab7a5a5
eab8a5a5
eab9a5a5
eabaa5a5
eabba5a5
eabca5a5
eabda5a5
eabea5a5
eabfa5a5
eac0a5a5
eac1a5a5
eac2a5a5
eac3a5a5
eac4a5a5
eac5a5a5
eac6a5a5
eac7a5a5
eac8a5a5
eac9a5a5
eacaa5a5
eacba5a5
eacca5a5
eacda5a5
eacea5a5
eacfa5a5
ead0a5a5
ead1a5a5
ead2a5a5
ead3a5a5
ead4a5a5
ead5a5a5
ead6a5a5
ead7a5a5
ead8a5a5
ead9a5a5
eadaa5a5
eadba5a5
eadca5a5
eadda5a5
eadea5a5
eadfa5a5
eae0a5a5
eae1a5a5
eae2a5a5
eae3a5a5
eae4a5a5
eae5a5a5
eae6a5a5
eae7a5a5
eae8a5a5
eae9a5a5
eaeaa5a5
eaeba5a5
eaeca5a5
eaeda5a5
eaeea5a5
eaefa5a5
eaf0a5a5
eaf1a5a5
eaf2a5a5
eaf3a5a5
eaf4a5a5
eaf5a5a5
eaf6a5a5
eaf7a5a5
eaf8a5a5
eaf9a5a5
eafaa5a5
eafba5a5
eafca5a5
eafda5a5
eafea5a5
eaffa5a5
eb00a5a5
eb01a5a5
eb02a5a5
eb03a5a5
eb04a5a5
eb05a5a5
eb06a5a5
eb07a5a5
eb08a5a5
eb09a5a5
eb0aa5a5
eb0ba5a5
eb0ca5a5
eb0da5a5
eb0ea5a5
eb0fa5a5
eb10a5a5
eb11a5a5
eb12a5a5
eb13a5a5
eb14a5a5
eb15a5a5
eb16a5a5
eb17a5a5
eb18a5a5
eb19a5a5
eb1aa5a5
eb1ba5a5
eb1ca5a5
eb1da5a5
eb1ea5a5
eb1fa5a5
eb20a5a5
eb21a5a5
eb22a5a5
eb23a5a5
eb24a5a5
eb25a5a5
eb26a5a5
eb27a5a5
eb28a5a5
eb29a5a5
eb2aa5a5
eb2ba5a5
eb2ca5a5
eb2da5a5
eb2ea5a5
eb2fa5a5
eb30a5a5
eb31a5a5
eb32a5a5
eb33a5a5
eb34a5a5
eb35a5a5
eb36a5a5
eb37a5a5
eb38a5a5
eb39a5a5
eb3aa5a5
eb3ba5a5
eb3ca5a5
eb3da5a5
eb3ea5a5
eb3fa5a5
eb40a5a5
eb41a5a5
eb42a5a5
eb43a5a5
eb44a5a5
eb45a5a5
eb46a5a5
eb47a5a5
eb48a5a5
eb49a5a5
eb4aa5a5
eb4ba5a5
eb4ca5a5
eb4da5a5
eb4ea5a5
eb4fa5a5
eb50a5a5
eb51a5a5
eb52a5a5
eb53a5a5
eb54a5a5
eb55a5a5
eb56a5a5
eb57a5a5
eb58a5a5
eb59a5a5
eb5aa5a5
eb5ba5a5
eb5ca5a5
eb5da5a5
eb5ea5a5
eb5fa5a5
eb60a5a5
eb61a5a5
eb62a5a5
eb63a5a5
eb64a5a5
eb65a5a5
eb66a5a5
eb67a5a5
eb68a5a5
eb69a5a5
eb6aa5a5
eb6ba5a5
eb6ca5a5
eb6da5a5
eb6ea5a5
eb6fa5a5
eb70a5a5
eb71a5a5
eb72a5a5
eb73a5a5
eb74a5a5
eb75a5a5
eb76a5a5
eb77a5a5
eb78a5a5
eb79a5a5
eb7aa5a5
eb7ba5a5
eb7ca5a5
eb7da5a5
eb7ea5a5
eb7fa5a5
eb80a5a5
eb81a5a5
eb82a5a5
eb83a5a5
eb84a5a5
eb85a5a5
eb86a5a5
eb87a5a5
eb88a5a5
eb89a5a5
eb8aa5a5
eb8ba5a5
eb8ca5a5
eb8da5a5
eb8ea5a5
eb8fa5a5
eb90a5a5
eb91a5a5
eb92a5a5
eb93a5a5
eb94a5a5
eb95a5a5
eb96a5a5
eb97a5a5
eb98a5a5
eb99a5a5
eb9aa5a5
eb9ba5a5
eb9ca5a5
eb9da5a5
eb9ea5a5
eb9fa5a5
eba0a5a5
eba1a5a5
eba2a5a5
eba3a5a5
eba4a5a5
eba5a5a5
eba6a5a5
eba7a5a5
eba8a5a5
eba9a5a5
ebaaa5a5
ebaba5a5
ebaca5a5
ebada5a5
ebaea5a5
ebafa5a5
ebb0a5a5
ebb1a5a5
ebb2a5a5
ebb3a5a5
ebb4a5a5
ebb5a5a5
ebb6a5a5
ebb7a5a5
ebb8a5a5
ebb9a5a5
ebbaa5a5
ebbba5a5
ebbca5a5
ebbda5a5
ebbea5a5
ebbfa5a5
ebc0a5a5
ebc1a5a5
ebc2a5a5
ebc3a5a5
ebc4a5a5
ebc5a5a5
ebc6a5a5
ebc7a5a5
ebc8a5a5
ebc9a5a5
ebcaa5a5
ebcba5a5
ebcca5a5
ebcda5a5
ebcea5a5
ebcfa5a5
ebd0a5a5
ebd1a5a5
ebd2a5a5
ebd3a5a5
ebd4a5a5
ebd5a5a5
ebd6a5a5
ebd7a5a5
ebd8a5a5
ebd9a5a5
ebdaa5a5
ebdba5a5
ebdca5a5
ebdda5a5
ebdea5a5
ebdfa5a5
ebe0a5a5
ebe1a5a5
ebe2a5a5
ebe3a5a5
ebe4a5a5
ebe5a5a5
ebe6a5a5
ebe7a5a5
ebe8a5a5
ebe9a5a5
ebeaa5a5
ebeba5a5
ebeca5a5
ebeda5a5
ebeea5a5
ebefa5a5
ebf0a5a5
ebf1a5a5
ebf2a5a5
ebf3a5a5
ebf4a5a5
ebf5a5a5
ebf6a5a5
ebf7a5a5
ebf8a5a5
ebf9a5a5
ebfaa5a5
ebfba5a5
ebfca5a5
ebfda5a5
ebfea5a5
ebffa5a5
ec00a5a5
ec01a5a5
ec02a5a5
ec03a5a5
ec04a5a5
ec05a5a5
ec06a5a5
ec07a5a5
ec08a5a5
ec09a5a5
ec0aa5a5
ec0ba5a5
ec0ca5a5
ec0da5a5
ec0ea5a5
ec0fa5a5
ec10a5a5
ec11a5a5
ec12a5a5
ec13a5a5
ec14a5a5
ec15a5a5
ec16a5a5
ec17a5a5
ec18a5a5
ec19a5a5
ec1aa5a5
ec1ba5a5
ec1ca5a5
ec1da5a5
ec1ea5a5
ec1fa5a5
ec20a5a5
ec21a5a5
ec22a5a5
ec23a5a5
ec24a5a5
ec25a5a5
ec26a5a5
ec27a5a5
ec28a5a5
ec29a5a5
ec2aa5a5
ec2ba5a5
ec2ca5a5
ec2da5a5
ec2ea5a5
ec2fa5a5
ec30a5a5
ec31a5a5
ec32a5a5
ec33a5a5
ec34a5a5
ec35a5a5
ec36a5a5
ec37a5a5
ec38a5a5
ec39a5a5
ec3aa5a5
ec3ba5a5
ec3ca5a5
ec3da5a5
ec3ea5a5
ec3fa5a5
ec40a5a5
ec41a5a5
ec42a5a5
ec43a5a5
ec44a5a5
ec45a5a5
ec46a5a5
ec47a5a5
ec48a5a5
ec49a5a5
ec4aa5a5
ec4ba5a5
ec4ca5a5
ec4da5a5
ec4ea5a5
ec4fa5a5
ec50a5a5
ec51a5a5
ec52a5a5
ec53a5a5
ec54a5a5
ec55a5a5
ec56a5a5
ec57a5a5
ec58a5a5
ec59a5a5
ec5aa5a5
ec5ba5a5
ec5ca5a5
ec5da5a5
ec5ea5a5
ec5fa5a5
ec60a5a5
ec61a5a5
ec62a5a5
ec63a5a5
ec64a5a5
ec65a5a5
ec66a5a5
ec67a5a5
ec68a5a5
ec69a5a5
ec6aa5a5
ec6ba5a5
ec6ca5a5
ec6da5a5
ec6ea5a5
ec6fa5a5
ec70a5a5
ec71a5a5
ec72a5a5
ec73a5a5
ec74a5a5
ec75a5a5
ec76a5a5
ec77a5a5
ec78a5a5
ec79a5a5
ec7aa5a5
ec7ba5a5
ec7ca5a5
ec7da5a5
ec7ea5a5
ec7fa5a5
ec80a5a5
ec81a5a5
ec82a5a5
ec83a5a5
ec84a5a5
ec85a5a5
ec86a5a5
ec87a5a5
ec88a5a5
ec89a5a5
ec8aa5a5
ec8ba5a5
ec8ca5a5
ec8da5a5
ec8ea5a5
ec8fa5a5
ec90a5a5
ec91a5a5
ec92a5a5
ec93a5a5
ec94a5a5
ec95a5a5
ec96a5a5
ec97a5a5
ec98a5a5
ec99a5a5
ec9aa5a5
ec9ba5a5
ec9ca5a5
ec9da5a5
ec9ea5a5
ec9fa5a5
eca0a5a5
eca1a5a5
eca2a5a5
eca3a5a5
eca4a5a5
eca5a5a5
eca6a5a5
eca7a5a5
eca8a5a5
eca9a5a5
ecaaa5a5
ecaba5a5
ecaca5a5
ecada5a5
ecaea5a5
ecafa5a5
ecb0a5a5
ecb1a5a5
ecb2a5a5
ecb3a5a5
ecb4a5a5
ecb5a5a5
ecb6a5a5
ecb7a5a5
ecb8a5a5
ecb9a5a5
ecbaa5a5
ecbba5a5
ecbca5a5
ecbda5a5
ecbea5a5
ecbfa5a5
ecc0a5a5
ecc1a5a5
ecc2a5a5
ecc3a5a5
ecc4a5a5
ecc5a5a5
ecc6a5a5
ecc7a5a5
ecc8a5a5
ecc9a5a5
eccaa5a5
eccba5a5
eccca5a5
eccda5a5
eccea5a5
eccfa5a5
ecd0a5a5
ecd1a5a5
ecd2a5a5
ecd3a5a5
ecd4a5a5
ecd5a5a5
ecd6a5a5
ecd7a5a5
ecd8a5a5
ecd9a5a5
ecdaa5a5
ecdba5a5
ecdca5a5
ecdda5a5
ecdea5a5
ecdfa5a5
ece0a5a5
ece1a5a5
ece2a5a5
ece3a5a5
ece4a5a5
ece5a5a5
ece6a5a5
ece7a5a5
ece8a5a5
ece9a5a5
eceaa5a5
eceba5a5
ececa5a5
eceda5a5
eceea5a5
ecefa5a5
ecf0a5a5
ecf1a5a5
ecf2a5a5
ecf3a5a5
ecf4a5a5
ecf5a5a5
ecf6a5a5
ecf7a5a5
ecf8a5a5
ecf9a5a5
ecfaa5a5
ecfba5a5
ecfca5a5
ecfda5a5
ecfea5a5
ecffa5a5
ed00a5a5
ed01a5a5
ed02a5a5
ed03a5a5
ed04a5a5
ed05a5a5
ed06a5a5
ed07a5a5
ed08a5a5
ed09a5a5
ed0aa5a5
ed0ba5a5
ed0ca5a5
ed0da5a5
ed0ea5a5
ed0fa5a5
ed10a5a5
ed11a5a5
ed12a5a5
ed13a5a5
ed14a5a5
ed15a5a5
ed16a5a5
ed17a5a5
ed18a5a5
ed19a5a5
ed1aa5a5
ed1ba5a5
ed1ca5a5
ed1da5a5
ed1ea5a5
ed1fa5a5
ed20a5a5
ed21a5a5
ed22a5a5
ed23a5a5
ed24a5a5
ed25a5a5
ed26a5a5
ed27a5a5
ed28a5a5
ed29a5a5
ed2aa5a5
ed2ba5a5
ed2ca5a5
ed2da5a5
ed2ea5a5
ed2fa5a5
ed30a5a5
ed31a5a5
ed32a5a5
ed33a5a5
ed34a5a5
ed35a5a5
ed36a5a5
ed37a5a5
ed38a5a5
ed39a5a5
ed3aa5a5
ed3ba5a5
ed3ca5a5
ed3da5a5
ed3ea5a5
ed3fa5a5
ed40a5a5
ed41a5a5
ed42a5a5
ed43a5a5
ed44a5a5
ed45a5a5
ed46a5a5
ed47a5a5
ed48a5a5
ed49a5a5
ed4aa5a5
ed4ba5a5
ed4ca5a5
ed4da5a5
ed4ea5a5
ed4fa5a5
ed50a5a5
ed51a5a5
ed52a5a5
ed53a5a5
ed54a5a5
ed55a5a5
ed56a5a5
ed57a5a5
ed58a5a5
ed59a5a5
ed5aa5a5
ed5ba5a5
ed5ca5a5
ed5da5a5
ed5ea5a5
ed5fa5a5
ed60a5a5
ed61a5a5
ed62a5a5
ed63a5a5
ed64a5a5
ed65a5a5
ed66a5a5
ed67a5a5
ed68a5a5
ed69a5a5
ed6aa5a5
ed6ba5a5
ed6ca5a5
ed6da5a5
ed6ea5a5
ed6fa5a5
ed70a5a5
ed71a5a5
ed72a5a5
ed73a5a5
ed74a5a5
ed75a5a5
ed76a5a5
ed77a5a5
ed78a5a5
ed79a5a5
ed7aa5a5
ed7ba5a5
ed7ca5a5
ed7da5a5
ed7ea5a5
ed7fa5a5
ed80a5a5
ed81a5a5
ed82a5a5
ed83a5a5
ed84a5a5
ed85a5a5
ed86a5a5
ed87a5a5
ed88a5a5
ed89a5a5
ed8aa5a5
ed8ba5a5
ed8ca5a5
ed8da5a5
ed8ea5a5
ed8fa5a5
ed90a5a5
ed91a5a5
ed92a5a5
ed93a5a5
ed94a5a5
ed95a5a5
ed96a5a5
ed97a5a5
ed98a5a5
ed99a5a5
ed9aa5a5
ed9ba5a5
ed9ca5a5
ed9da5a5
ed9ea5a5
ed9fa5a5
eda0a5a5
eda1a5a5
eda2a5a5
eda3a5a5
eda4a5a5
eda5a5a5
eda6a5a5
eda7a5a5
eda8a5a5
eda9a5a5
edaaa5a5
edaba5a5
edaca5a5
edada5a5
edaea5a5
edafa5a5
edb0a5a5
edb1a5a5
edb2a5a5
edb3a5a5
edb4a5a5
edb5a5a5
edb6a5a5
edb7a5a5
edb8a5a5
edb9a5a5
edbaa5a5
edbba5a5
edbca5a5
edbda5a5
edbea5a5
edbfa5a5
edc0a5a5
edc1a5a5
edc2a5a5
edc3a5a5
edc4a5a5
edc5a5a5
edc6a5a5
edc7a5a5
edc8a5a5
edc9a5a5
edcaa5a5
edcba5a5
edcca5a5
edcda5a5
edcea5a5
edcfa5a5
edd0a5a5
edd1a5a5
edd2a5a5
edd3a5a5
edd4a5a5
edd5a5a5
edd6a5a5
edd7a5a5
edd8a5a5
edd9a5a5
eddaa5a5
eddba5a5
eddca5a5
eddda5a5
eddea5a5
eddfa5a5
ede0a5a5
ede1a5a5
ede2a5a5
ede3a5a5
ede4a5a5
ede5a5a5
ede6a5a5
ede7a5a5
ede8a5a5
ede9a5a5
edeaa5a5
edeba5a5
edeca5a5
ededa5a5
edeea5a5
edefa5a5
edf0a5a5
edf1a5a5
edf2a5a5
edf3a5a5
edf4a5a5
edf5a5a5
edf6a5a5
edf7a5a5
edf8a5a5
edf9a5a5
edfaa5a5
edfba5a5
edfca5a5
edfda5a5
edfea5a5
edffa5a5
ee00a5a5
ee01a5a5
ee02a5a5
ee03a5a5
ee04a5a5
ee05a5a5
ee06a5a5
ee07a5a5
ee08a5a5
ee09a5a5
ee0aa5a5
ee0ba5a5
ee0ca5a5
ee0da5a5
ee0ea5a5
ee0fa5a5
ee10a5a5
ee11a5a5
ee12a5a5
ee13a5a5
ee14a5a5
ee15a5a5
ee16a5a5
ee17a5a5
ee18a5a5
ee19a5a5
ee1aa5a5
ee1ba5a5
ee1ca5a5
ee1da5a5
ee1ea5a5
ee1fa5a5
ee20a5a5
ee21a5a5
ee22a5a5
ee23a5a5
ee24a5a5
ee25a5a5
ee26a5a5
ee27a5a5
ee28a5a5
ee29a5a5
ee2aa5a5
ee2ba5a5
ee2ca5a5
ee2da5a5
ee2ea5a5
ee2fa5a5
ee30a5a5
ee31a5a5
ee32a5a5
ee33a5a5
ee34a5a5
ee35a5a5
ee36a5a5
ee37a5a5
ee38a5a5
ee39a5a5
ee3aa5a5
ee3ba5a5
ee3ca5a5
ee3da5a5
ee3ea5a5
ee3fa5a5
ee40a5a5
ee41a5a5
ee42a5a5
ee43a5a5
ee44a5a5
ee45a5a5
ee46a5a5
ee47a5a5
ee48a5a5
ee49a5a5
ee4aa5a5
ee4ba5a5
ee4ca5a5
ee4da5a5
ee4ea5a5
ee4fa5a5
ee50a5a5
ee51a5a5
ee52a5a5
ee53a5a5
ee54a5a5
ee55a5a5
ee56a5a5
ee57a5a5
ee58a5a5
ee59a5a5
ee5aa5a5
ee5ba5a5
ee5ca5a5
ee5da5a5
ee5ea5a5
ee5fa5a5
ee60a5a5
ee61a5a5
ee62a5a5
ee63a5a5
ee64a5a5
ee65a5a5
ee66a5a5
ee67a5a5
ee68a5a5
ee69a5a5
ee6aa5a5
ee6ba5a5
ee6ca5a5
ee6da5a5
ee6ea5a5
ee6fa5a5
ee70a5a5
ee71a5a5
ee72a5a5
ee73a5a5
ee74a5a5
ee75a5a5
ee76a5a5
ee77a5a5
ee78a5a5
ee79a5a5
ee7aa5a5
ee7ba5a5
ee7ca5a5
ee7da5a5
ee7ea5a5
ee7fa5a5
ee80a5a5
ee81a5a5
ee82a5a5
ee83a5a5
ee84a5a5
ee85a5a5
ee86a5a5
ee87a5a5
ee88a5a5
ee89a5a5
ee8aa5a5
ee8ba5a5
ee8ca5a5
ee8da5a5
ee8ea5a5
ee8fa5a5
ee90a5a5
ee91a5a5
ee92a5a5
ee93a5a5
ee94a5a5
ee95a5a5
ee96a5a5
ee97a5a5
ee98a5a5
ee99a5a5
ee9aa5a5
ee9ba5a5
ee9ca5a5
ee9da5a5
ee9ea5a5
ee9fa5a5
eea0a5a5
eea1a5a5
eea2a5a5
eea3a5a5
eea4a5a5
eea5a5a5
eea6a5a5
eea7a5a5
eea8a5a5
eea9a5a5
eeaaa5a5
eeaba5a5
eeaca5a5
eeada5a5
eeaea5a5
eeafa5a5
eeb0a5a5
eeb1a5a5
eeb2a5a5
eeb3a5a5
eeb4a5a5
eeb5a5a5
eeb6a5a5
eeb7a5a5
eeb8a5a5
eeb9a5a5
eebaa5a5
eebba5a5
eebca5a5
eebda5a5
eebea5a5
eebfa5a5
eec0a5a5
eec1a5a5
eec2a5a5
eec3a5a5
eec4a5a5
eec5a5a5
eec6a5a5
eec7a5a5
eec8a5a5
eec9a5a5
eecaa5a5
eecba5a5
eecca5a5
eecda5a5
eecea5a5
eecfa5a5
eed0a5a5
eed1a5a5
eed2a5a5
eed3a5a5
eed4a5a5
eed5a5a5
eed6a5a5
eed7a5a5
eed8a5a5
eed9a5a5
eedaa5a5
eedba5a5
eedca5a5
eedda5a5
eedea5a5
eedfa5a5
eee0a5a5
eee1a5a5
eee2a5a5
eee3a5a5
eee4a5a5
eee5a5a5
eee6a5a5
eee7a5a5
eee8a5a5
eee9a5a5
eeeaa5a5
eeeba5a5
eeeca5a5
eeeda5a5
eeeea5a5
eeefa5a5
eef0a5a5
eef1a5a5
eef2a5a5
eef3a5a5
eef4a5a5
eef5a5a5
eef6a5a5
eef7a5a5
eef8a5a5
eef9a5a5
eefaa5a5
eefba5a5
eefca5a5
eefda5a5
eefea5a5
eeffa5a5
ef00a5a5
ef01a5a5
ef02a5a5
ef03a5a5
ef04a5a5
ef05a5a5
ef06a5a5
ef07a5a5
ef08a5a5
ef09a5a5
ef0aa5a5
ef0ba5a5
ef0ca5a5
ef0da5a5
ef0ea5a5
ef0fa5a5
ef10a5a5
ef11a5a5
ef12a5a5
ef13a5a5
ef14a5a5
ef15a5a5
ef16a5a5
ef17a5a5
ef18a5a5
ef19a5a5
ef1aa5a5
ef1ba5a5
ef1ca5a5
ef1da5a5
ef1ea5a5
ef1fa5a5
ef20a5a5
ef21a5a5
ef22a5a5
ef23a5a5
ef24a5a5
ef25a5a5
ef26a5a5
ef27a5a5
ef28a5a5
ef29a5a5
ef2aa5a5
ef2ba5a5
ef2ca5a5
ef2da5a5
ef2ea5a5
ef2fa5a5
ef30a5a5
ef31a5a5
ef32a5a5
ef33a5a5
ef34a5a5
ef35a5a5
ef36a5a5
ef37a5a5
ef38a5a5
ef39a5a5
ef3aa5a5
ef3ba5a5
ef3ca5a5
ef3da5a5
ef3ea5a5
ef3fa5a5
ef40a5a5
ef41a5a5
ef42a5a5
ef43a5a5
ef44a5a5
ef45a5a5
ef46a5a5
ef47a5a5
ef48a5a5
ef49a5a5
ef4aa5a5
ef4ba5a5
ef4ca5a5
ef4da5a5
ef4ea5a5
ef4fa5a5
ef50a5a5
ef51a5a5
ef52a5a5
ef53a5a5
ef54a5a5
ef55a5a5
ef56a5a5
ef57a5a5
ef58a5a5
ef59a5a5
ef5aa5a5
ef5ba5a5
ef5ca5a5
ef5da5a5
ef5ea5a5
ef5fa5a5
ef60a5a5
ef61a5a5
ef62a5a5
ef63a5a5
ef64a5a5
ef65a5a5
ef66a5a5
ef67a5a5
ef68a5a5
ef69a5a5
ef6aa5a5
ef6ba5a5
ef6ca5a5
ef6da5a5
ef6ea5a5
ef6fa5a5
ef70a5a5
ef71a5a5
ef72a5a5
ef73a5a5
ef74a5a5
ef75a5a5
ef76a5a5
ef77a5a5
ef78a5a5
ef79a5a5
ef7aa5a5
ef7ba5a5
ef7ca5a5
ef7da5a5
ef7ea5a5
ef7fa5a5
ef80a5a5
ef81a5a5
ef82a5a5
ef83a5a5
ef84a5a5
ef85a5a5
ef86a5a5
ef87a5a5
ef88a5a5
ef89a5a5
ef8aa5a5
ef8ba5a5
ef8ca5a5
ef8da5a5
ef8ea5a5
ef8fa5a5
ef90a5a5
ef91a5a5
ef92a5a5
ef93a5a5
ef94a5a5
ef95a5a5
ef96a5a5
ef97a5a5
ef98a5a5
ef99a5a5
ef9aa5a5
ef9ba5a5
ef9ca5a5
ef9da5a5
ef9ea5a5
ef9fa5a5
efa0a5a5
efa1a5a5
efa2a5a5
efa3a5a5
efa4a5a5
efa5a5a5
efa6a5a5
efa7a5a5
efa8a5a5
efa9a5a5
efaaa5a5
efaba5a5
efaca5a5
efada5a5
efaea5a5
efafa5a5
efb0a5a5
efb1a5a5
efb2a5a5
efb3a5a5
efb4a5a5
efb5a5a5
efb6a5a5
efb7a5a5
efb8a5a5
efb9a5a5
efbaa5a5
efbba5a5
efbca5a5
efbda5a5
efbea5a5
efbfa5a5
efc0a5a5
efc1a5a5
efc2a5a5
efc3a5a5
efc4a5a5
efc5a5a5
efc6a5a5
efc7a5a5
efc8a5a5
efc9a5a5
efcaa5a5
efcba5a5
efcca5a5
efcda5a5
efcea5a5
efcfa5a5
efd0a5a5
efd1a5a5
efd2a5a5
efd3a5a5
efd4a5a5
efd5a5a5
efd6a5a5
efd7a5a5
efd8a5a5
efd9a5a5
efdaa5a5
efdba5a5
efdca5a5
efdda5a5
efdea5a5
efdfa5a5
efe0a5a5
efe1a5a5
efe2a5a5
efe3a5a5
efe4a5a5
efe5a5a5
efe6a5a5
efe7a5a5
efe8a5a5
efe9a5a5
efeaa5a5
efeba5a5
efeca5a5
efeda5a5
efeea5a5
efefa5a5
eff0a5a5
eff1a5a5
eff2a5a5
eff3a5a5
eff4a5a5
eff5a5a5
eff6a5a5
eff7a5a5
eff8a5a5
eff9a5a5
effaa5a5
effba5a5
effca5a5
effda5a5
effea5a5
efffa5a5
f000a5a5
f001a5a5
f002a5a5
f003a5a5
f004a5a5
f005a5a5
f006a5a5
f007a5a5
f008a5a5
f009a5a5
f00aa5a5
f00ba5a5
f00ca5a5
f00da5a5
f00ea5a5
f00fa5a5
f010a5a5
f011a5a5
f012a5a5
f013a5a5
f014a5a5
f015a5a5
f016a5a5
f017a5a5
f018a5a5
f019a5a5
f01aa5a5
f01ba5a5
f01ca5a5
f01da5a5
f01ea5a5
f01fa5a5
f020a5a5
f021a5a5
f022a5a5
f023a5a5
f024a5a5
f025a5a5
f026a5a5
f027a5a5
f028a5a5
f029a5a5
f02aa5a5
f02ba5a5
f02ca5a5
f02da5a5
f02ea5a5
f02fa5a5
f030a5a5
f031a5a5
f032a5a5
f033a5a5
f034a5a5
f035a5a5
f036a5a5
f037a5a5
f038a5a5
f039a5a5
f03aa5a5
f03ba5a5
f03ca5a5
f03da5a5
f03ea5a5
f03fa5a5
f040a5a5
f041a5a5
f042a5a5
f043a5a5
f044a5a5
f045a5a5
f046a5a5
f047a5a5
f048a5a5
f049a5a5
f04aa5a5
f04ba5a5
f04ca5a5
f04da5a5
f04ea5a5
f04fa5a5
f050a5a5
f051a5a5
f052a5a5
f053a5a5
f054a5a5
f055a5a5
f056a5a5
f057a5a5
f058a5a5
f059a5a5
f05aa5a5
f05ba5a5
f05ca5a5
f05da5a5
f05ea5a5
f05fa5a5
f060a5a5
f061a5a5
f062a5a5
f063a5a5
f064a5a5
f065a5a5
f066a5a5
f067a5a5
f068a5a5
f069a5a5
f06aa5a5
f06ba5a5
f06ca5a5
f06da5a5
f06ea5a5
f06fa5a5
f070a5a5
f071a5a5
f072a5a5
f073a5a5
f074a5a5
f075a5a5
f076a5a5
f077a5a5
f078a5a5
f079a5a5
f07aa5a5
f07ba5a5
f07ca5a5
f07da5a5
f07ea5a5
f07fa5a5
f080a5a5
f081a5a5
f082a5a5
f083a5a5
f084a5a5
f085a5a5
f086a5a5
f087a5a5
f088a5a5
f089a5a5
f08aa5a5
f08ba5a5
f08ca5a5
f08da5a5
f08ea5a5
f08fa5a5
f090a5a5
f091a5a5
f092a5a5
f093a5a5
f094a5a5
f095a5a5
f096a5a5
f097a5a5
f098a5a5
f099a5a5
f09aa5a5
f09ba5a5
f09ca5a5
f09da5a5
f09ea5a5
f09fa5a5
f0a0a5a5
f0a1a5a5
f0a2a5a5
f0a3a5a5
f0a4a5a5
f0a5a5a5
f0a6a5a5
f0a7a5a5
f0a8a5a5
f0a9a5a5
f0aaa5a5
f0aba5a5
f0aca5a5
f0ada5a5
f0aea5a5
f0afa5a5
f0b0a5a5
f0b1a5a5
f0b2a5a5
f0b3a5a5
f0b4a5a5
f0b5a5a5
f0b6a5a5
f0b7a5a5
f0b8a5a5
f0b9a5a5
f0baa5a5
f0bba5a5
f0bca5a5
f0bda5a5
f0bea5a5
f0bfa5a5
f0c0a5a5
f0c1a5a5
f0c2a5a5
f0c3a5a5
f0c4a5a5
f0c5a5a5
f0c6a5a5
f0c7a5a5
f0c8a5a5
f0c9a5a5
f0caa5a5
f0cba5a5
f0cca5a5
f0cda5a5
f0cea5a5
f0cfa5a5
f0d0a5a5
f0d1a5a5
f0d2a5a5
f0d3a5a5
f0d4a5a5
f0d5a5a5
f0d6a5a5
f0d7a5a5
f0d8a5a5
f0d9a5a5
f0daa5a5
f0dba5a5
f0dca5a5
f0dda5a5
f0dea5a5
f0dfa5a5
f0e0a5a5
f0e1a5a5
f0e2a5a5
f0e3a5a5
f0e4a5a5
f0e5a5a5
f0e6a5a5
f0e7a5a5
f0e8a5a5
f0e9a5a5
f0eaa5a5
f0eba5a5
f0eca5a5
f0eda5a5
f0eea5a5
f0efa5a5
f0f0a5a5
f0f1a5a5
f0f2a5a5
f0f3a5a5
f0f4a5a5
f0f5a5a5
f0f6a5a5
f0f7a5a5
f0f8a5a5
f0f9a5a5
f0faa5a5
f0fba5a5
f0fca5a5
f0fda5a5
f0fea5a5
f0ffa5a5
f100a5a5
f101a5a5
f102a5a5
f103a5a5
f104a5a5
f105a5a5
f106a5a5
f107a5a5
f108a5a5
f109a5a5
f10aa5a5
f10ba5a5
f10ca5a5
f10da5a5
f10ea5a5
f10fa5a5
f110a5a5
f111a5a5
f112a5a5
f113a5a5
f114a5a5
f115a5a5
f116a5a5
f117a5a5
f118a5a5
f119a5a5
f11aa5a5
f11ba5a5
f11ca5a5
f11da5a5
f11ea5a5
f11fa5a5
f120a5a5
f121a5a5
f122a5a5
f123a5a5
f124a5a5
f125a5a5
f126a5a5
f127a5a5
f128a5a5
f129a5a5
f12aa5a5
f12ba5a5
f12ca5a5
f12da5a5
f12ea5a5
f12fa5a5
f130a5a5
f131a5a5
f132a5a5
f133a5a5
f134a5a5
f135a5a5
f136a5a5
f137a5a5
f138a5a5
f139a5a5
f13aa5a5
f13ba5a5
f13ca5a5
f13da5a5
f13ea5a5
f13fa5a5
f140a5a5
f141a5a5
f142a5a5
f143a5a5
f144a5a5
f145a5a5
f146a5a5
f147a5a5
f148a5a5
f149a5a5
f14aa5a5
f14ba5a5
f14ca5a5
f14da5a5
f14ea5a5
f14fa5a5
f150a5a5
f151a5a5
f152a5a5
f153a5a5
f154a5a5
f155a5a5
f156a5a5
f157a5a5
f158a5a5
f159a5a5
f15aa5a5
f15ba5a5
f15ca5a5
f15da5a5
f15ea5a5
f15fa5a5
f160a5a5
f161a5a5
f162a5a5
f163a5a5
f164a5a5
f165a5a5
f166a5a5
f167a5a5
f168a5a5
f169a5a5
f16aa5a5
f16ba5a5
f16ca5a5
f16da5a5
f16ea5a5
f16fa5a5
f170a5a5
f171a5a5
f172a5a5
f173a5a5
f174a5a5
f175a5a5
f176a5a5
f177a5a5
f178a5a5
f179a5a5
f17aa5a5
f17ba5a5
f17ca5a5
f17da5a5
f17ea5a5
f17fa5a5
f180a5a5
f181a5a5
f182a5a5
f183a5a5
f184a5a5
f185a5a5
f186a5a5
f187a5a5
f188a5a5
f189a5a5
f18aa5a5
f18ba5a5
f18ca5a5
f18da5a5
f18ea5a5
f18fa5a5
f190a5a5
f191a5a5
f192a5a5
f193a5a5
f194a5a5
f195a5a5
f196a5a5
f197a5a5
f198a5a5
f199a5a5
f19aa5a5
f19ba5a5
f19ca5a5
f19da5a5
f19ea5a5
f19fa5a5
f1a0a5a5
f1a1a5a5
f1a2a5a5
f1a3a5a5
f1a4a5a5
f1a5a5a5
f1a6a5a5
f1a7a5a5
f1a8a5a5
f1a9a5a5
f1aaa5a5
f1aba5a5
f1aca5a5
f1ada5a5
f1aea5a5
f1afa5a5
f1b0a5a5
f1b1a5a5
f1b2a5a5
f1b3a5a5
f1b4a5a5
f1b5a5a5
f1b6a5a5
f1b7a5a5
f1b8a5a5
f1b9a5a5
f1baa5a5
f1bba5a5
f1bca5a5
f1bda5a5
f1bea5a5
f1bfa5a5
f1c0a5a5
f1c1a5a5
f1c2a5a5
f1c3a5a5
f1c4a5a5
f1c5a5a5
f1c6a5a5
f1c7a5a5
f1c8a5a5
f1c9a5a5
f1caa5a5
f1cba5a5
f1cca5a5
f1cda5a5
f1cea5a5
f1cfa5a5
f1d0a5a5
f1d1a5a5
f1d2a5a5
f1d3a5a5
f1d4a5a5
f1d5a5a5
f1d6a5a5
f1d7a5a5
f1d8a5a5
f1d9a5a5
f1daa5a5
f1dba5a5
f1dca5a5
f1dda5a5
f1dea5a5
f1dfa5a5
f1e0a5a5
f1e1a5a5
f1e2a5a5
f1e3a5a5
f1e4a5a5
f1e5a5a5
f1e6a5a5
f1e7a5a5
f1e8a5a5
f1e9a5a5
f1eaa5a5
f1eba5a5
f1eca5a5
f1eda5a5
f1eea5a5
f1efa5a5
f1f0a5a5
f1f1a5a5
f1f2a5a5
f1f3a5a5
f1f4a5a5
f1f5a5a5
f1f6a5a5
f1f7a5a5
f1f8a5a5
f1f9a5a5
f1faa5a5
f1fba5a5
f1fca5a5
f1fda5a5
f1fea5a5
f1ffa5a5
f200a5a5
f201a5a5
f202a5a5
f203a5a5
f204a5a5
f205a5a5
f206a5a5
f207a5a5
f208a5a5
f209a5a5
f20aa5a5
f20ba5a5
f20ca5a5
f20da5a5
f20ea5a5
f20fa5a5
f210a5a5
f211a5a5
f212a5a5
f213a5a5
f214a5a5
f215a5a5
f216a5a5
f217a5a5
f218a5a5
f219a5a5
f21aa5a5
f21ba5a5
f21ca5a5
f21da5a5
f21ea5a5
f21fa5a5
f220a5a5
f221a5a5
f222a5a5
f223a5a5
f224a5a5
f225a5a5
f226a5a5
f227a5a5
f228a5a5
f229a5a5
f22aa5a5
f22ba5a5
f22ca5a5
f22da5a5
f22ea5a5
f22fa5a5
f230a5a5
f231a5a5
f232a5a5
f233a5a5
f234a5a5
f235a5a5
f236a5a5
f237a5a5
f238a5a5
f239a5a5
f23aa5a5
f23ba5a5
f23ca5a5
f23da5a5
f23ea5a5
f23fa5a5
f240a5a5
f241a5a5
f242a5a5
f243a5a5
f244a5a5
f245a5a5
f246a5a5
f247a5a5
f248a5a5
f249a5a5
f24aa5a5
f24ba5a5
f24ca5a5
f24da5a5
f24ea5a5
f24fa5a5
f250a5a5
f251a5a5
f252a5a5
f253a5a5
f254a5a5
f255a5a5
f256a5a5
f257a5a5
f258a5a5
f259a5a5
f25aa5a5
f25ba5a5
f25ca5a5
f25da5a5
f25ea5a5
f25fa5a5
f260a5a5
f261a5a5
f262a5a5
f263a5a5
f264a5a5
f265a5a5
f266a5a5
f267a5a5
f268a5a5
f269a5a5
f26aa5a5
f26ba5a5
f26ca5a5
f26da5a5
f26ea5a5
f26fa5a5
f270a5a5
f271a5a5
f272a5a5
f273a5a5
f274a5a5
f275a5a5
f276a5a5
f277a5a5
f278a5a5
f279a5a5
f27aa5a5
f27ba5a5
f27ca5a5
f27da5a5
f27ea5a5
f27fa5a5
f280a5a5
f281a5a5
f282a5a5
f283a5a5
f284a5a5
f285a5a5
f286a5a5
f287a5a5
f288a5a5
f289a5a5
f28aa5a5
f28ba5a5
f28ca5a5
f28da5a5
f28ea5a5
f28fa5a5
f290a5a5
f291a5a5
f292a5a5
f293a5a5
f294a5a5
f295a5a5
f296a5a5
f297a5a5
f298a5a5
f299a5a5
f29aa5a5
f29ba5a5
f29ca5a5
f29da5a5
f29ea5a5
f29fa5a5
f2a0a5a5
f2a1a5a5
f2a2a5a5
f2a3a5a5
f2a4a5a5
f2a5a5a5
f2a6a5a5
f2a7a5a5
f2a8a5a5
f2a9a5a5
f2aaa5a5
f2aba5a5
f2aca5a5
f2ada5a5
f2aea5a5
f2afa5a5
f2b0a5a5
f2b1a5a5
f2b2a5a5
f2b3a5a5
f2b4a5a5
f2b5a5a5
f2b6a5a5
f2b7a5a5
f2b8a5a5
f2b9a5a5
f2baa5a5
f2bba5a5
f2bca5a5
f2bda5a5
f2bea5a5
f2bfa5a5
f2c0a5a5
f2c1a5a5
f2c2a5a5
f2c3a5a5
f2c4a5a5
f2c5a5a5
f2c6a5a5
f2c7a5a5
f2c8a5a5
f2c9a5a5
f2caa5a5
f2cba5a5
f2cca5a5
f2cda5a5
f2cea5a5
f2cfa5a5
f2d0a5a5
f2d1a5a5
f2d2a5a5
f2d3a5a5
f2d4a5a5
f2d5a5a5
f2d6a5a5
f2d7a5a5
f2d8a5a5
f2d9a5a5
f2daa5a5
f2dba5a5
f2dca5a5
f2dda5a5
f2dea5a5
f2dfa5a5
f2e0a5a5
f2e1a5a5
f2e2a5a5
f2e3a5a5
f2e4a5a5
f2e5a5a5
f2e6a5a5
f2e7a5a5
f2e8a5a5
f2e9a5a5
f2eaa5a5
f2eba5a5
f2eca5a5
f2eda5a5
f2eea5a5
f2efa5a5
f2f0a5a5
f2f1a5a5
f2f2a5a5
f2f3a5a5
f2f4a5a5
f2f5a5a5
f2f6a5a5
f2f7a5a5
f2f8a5a5
f2f9a5a5
f2faa5a5
f2fba5a5
f2fca5a5
f2fda5a5
f2fea5a5
f2ffa5a5
f300a5a5
f301a5a5
f302a5a5
f303a5a5
f304a5a5
f305a5a5
f306a5a5
f307a5a5
f308a5a5
f309a5a5
f30aa5a5
f30ba5a5
f30ca5a5
f30da5a5
f30ea5a5
f30fa5a5
f310a5a5
f311a5a5
f312a5a5
f313a5a5
f314a5a5
f315a5a5
f316a5a5
f317a5a5
f318a5a5
f319a5a5
f31aa5a5
f31ba5a5
f31ca5a5
f31da5a5
f31ea5a5
f31fa5a5
f320a5a5
f321a5a5
f322a5a5
f323a5a5
f324a5a5
f325a5a5
f326a5a5
f327a5a5
f328a5a5
f329a5a5
f32aa5a5
f32ba5a5
f32ca5a5
f32da5a5
f32ea5a5
f32fa5a5
f330a5a5
f331a5a5
f332a5a5
f333a5a5
f334a5a5
f335a5a5
f336a5a5
f337a5a5
f338a5a5
f339a5a5
f33aa5a5
f33ba5a5
f33ca5a5
f33da5a5
f33ea5a5
f33fa5a5
f340a5a5
f341a5a5
f342a5a5
f343a5a5
f344a5a5
f345a5a5
f346a5a5
f347a5a5
f348a5a5
f349a5a5
f34aa5a5
f34ba5a5
f34ca5a5
f34da5a5
f34ea5a5
f34fa5a5
f350a5a5
f351a5a5
f352a5a5
f353a5a5
f354a5a5
f355a5a5
f356a5a5
f357a5a5
f358a5a5
f359a5a5
f35aa5a5
f35ba5a5
f35ca5a5
f35da5a5
f35ea5a5
f35fa5a5
f360a5a5
f361a5a5
f362a5a5
f363a5a5
f364a5a5
f365a5a5
f366a5a5
f367a5a5
f368a5a5
f369a5a5
f36aa5a5
f36ba5a5
f36ca5a5
f36da5a5
f36ea5a5
f36fa5a5
f370a5a5
f371a5a5
f372a5a5
f373a5a5
f374a5a5
f375a5a5
f376a5a5
f377a5a5
f378a5a5
f379a5a5
f37aa5a5
f37ba5a5
f37ca5a5
f37da5a5
f37ea5a5
f37fa5a5
f380a5a5
f381a5a5
f382a5a5
f383a5a5
f384a5a5
f385a5a5
f386a5a5
f387a5a5
f388a5a5
f389a5a5
f38aa5a5
f38ba5a5
f38ca5a5
f38da5a5
f38ea5a5
f38fa5a5
f390a5a5
f391a5a5
f392a5a5
f393a5a5
f394a5a5
f395a5a5
f396a5a5
f397a5a5
f398a5a5
f399a5a5
f39aa5a5
f39ba5a5
f39ca5a5
f39da5a5
f39ea5a5
f39fa5a5
f3a0a5a5
f3a1a5a5
f3a2a5a5
f3a3a5a5
f3a4a5a5
f3a5a5a5
f3a6a5a5
f3a7a5a5
f3a8a5a5
f3a9a5a5
f3aaa5a5
f3aba5a5
f3aca5a5
f3ada5a5
f3aea5a5
f3afa5a5
f3b0a5a5
f3b1a5a5
f3b2a5a5
f3b3a5a5
f3b4a5a5
f3b5a5a5
f3b6a5a5
f3b7a5a5
f3b8a5a5
f3b9a5a5
f3baa5a5
f3bba5a5
f3bca5a5
f3bda5a5
f3bea5a5
f3bfa5a5
f3c0a5a5
f3c1a5a5
f3c2a5a5
f3c3a5a5
f3c4a5a5
f3c5a5a5
f3c6a5a5
f3c7a5a5
f3c8a5a5
f3c9a5a5
f3caa5a5
f3cba5a5
f3cca5a5
f3cda5a5
f3cea5a5
f3cfa5a5
f3d0a5a5
f3d1a5a5
f3d2a5a5
f3d3a5a5
f3d4a5a5
f3d5a5a5
f3d6a5a5
f3d7a5a5
f3d8a5a5
f3d9a5a5
f3daa5a5
f3dba5a5
f3dca5a5
f3dda5a5
f3dea5a5
f3dfa5a5
f3e0a5a5
f3e1a5a5
f3e2a5a5
f3e3a5a5
f3e4a5a5
f3e5a5a5
f3e6a5a5
f3e7a5a5
f3e8a5a5
f3e9a5a5
f3eaa5a5
f3eba5a5
f3eca5a5
f3eda5a5
f3eea5a5
f3efa5a5
f3f0a5a5
f3f1a5a5
f3f2a5a5
f3f3a5a5
f3f4a5a5
f3f5a5a5
f3f6a5a5
f3f7a5a5
f3f8a5a5
f3f9a5a5
f3faa5a5
f3fba5a5
f3fca5a5
f3fda5a5
f3fea5a5
f3ffa5a5
f400a5a5
f401a5a5
f402a5a5
f403a5a5
f404a5a5
f405a5a5
f406a5a5
f407a5a5
f408a5a5
f409a5a5
f40aa5a5
f40ba5a5
f40ca5a5
f40da5a5
f40ea5a5
f40fa5a5
f410a5a5
f411a5a5
f412a5a5
f413a5a5
f414a5a5
f415a5a5
f416a5a5
f417a5a5
f418a5a5
f419a5a5
f41aa5a5
f41ba5a5
f41ca5a5
f41da5a5
f41ea5a5
f41fa5a5
f420a5a5
f421a5a5
f422a5a5
f423a5a5
f424a5a5
f425a5a5
f426a5a5
f427a5a5
f428a5a5
f429a5a5
f42aa5a5
f42ba5a5
f42ca5a5
f42da5a5
f42ea5a5
f42fa5a5
f430a5a5
f431a5a5
f432a5a5
f433a5a5
f434a5a5
f435a5a5
f436a5a5
f437a5a5
f438a5a5
f439a5a5
f43aa5a5
f43ba5a5
f43ca5a5
f43da5a5
f43ea5a5
f43fa5a5
f440a5a5
f441a5a5
f442a5a5
f443a5a5
f444a5a5
f445a5a5
f446a5a5
f447a5a5
f448a5a5
f449a5a5
f44aa5a5
f44ba5a5
f44ca5a5
f44da5a5
f44ea5a5
f44fa5a5
f450a5a5
f451a5a5
f452a5a5
f453a5a5
f454a5a5
f455a5a5
f456a5a5
f457a5a5
f458a5a5
f459a5a5
f45aa5a5
f45ba5a5
f45ca5a5
f45da5a5
f45ea5a5
f45fa5a5
f460a5a5
f461a5a5
f462a5a5
f463a5a5
f464a5a5
f465a5a5
f466a5a5
f467a5a5
f468a5a5
f469a5a5
f46aa5a5
f46ba5a5
f46ca5a5
f46da5a5
f46ea5a5
f46fa5a5
f470a5a5
f471a5a5
f472a5a5
f473a5a5
f474a5a5
f475a5a5
f476a5a5
f477a5a5
f478a5a5
f479a5a5
f47aa5a5
f47ba5a5
f47ca5a5
f47da5a5
f47ea5a5
f47fa5a5
f480a5a5
f481a5a5
f482a5a5
f483a5a5
f484a5a5
f485a5a5
f486a5a5
f487a5a5
f488a5a5
f489a5a5
f48aa5a5
f48ba5a5
f48ca5a5
f48da5a5
f48ea5a5
f48fa5a5
f490a5a5
f491a5a5
f492a5a5
f493a5a5
f494a5a5
f495a5a5
f496a5a5
f497a5a5
f498a5a5
f499a5a5
f49aa5a5
f49ba5a5
f49ca5a5
f49da5a5
f49ea5a5
f49fa5a5
f4a0a5a5
f4a1a5a5
f4a2a5a5
f4a3a5a5
f4a4a5a5
f4a5a5a5
f4a6a5a5
f4a7a5a5
f4a8a5a5
f4a9a5a5
f4aaa5a5
f4aba5a5
f4aca5a5
f4ada5a5
f4aea5a5
f4afa5a5
f4b0a5a5
f4b1a5a5
f4b2a5a5
f4b3a5a5
f4b4a5a5
f4b5a5a5
f4b6a5a5
f4b7a5a5
f4b8a5a5
f4b9a5a5
f4baa5a5
f4bba5a5
f4bca5a5
f4bda5a5
f4bea5a5
f4bfa5a5
f4c0a5a5
f4c1a5a5
f4c2a5a5
f4c3a5a5
f4c4a5a5
f4c5a5a5
f4c6a5a5
f4c7a5a5
f4c8a5a5
f4c9a5a5
f4caa5a5
f4cba5a5
f4cca5a5
f4cda5a5
f4cea5a5
f4cfa5a5
f4d0a5a5
f4d1a5a5
f4d2a5a5
f4d3a5a5
f4d4a5a5
f4d5a5a5
f4d6a5a5
f4d7a5a5
f4d8a5a5
f4d9a5a5
f4daa5a5
f4dba5a5
f4dca5a5
f4dda5a5
f4dea5a5
f4dfa5a5
f4e0a5a5
f4e1a5a5
f4e2a5a5
f4e3a5a5
f4e4a5a5
f4e5a5a5
f4e6a5a5
f4e7a5a5
f4e8a5a5
f4e9a5a5
f4eaa5a5
f4eba5a5
f4eca5a5
f4eda5a5
f4eea5a5
f4efa5a5
f4f0a5a5
f4f1a5a5
f4f2a5a5
f4f3a5a5
f4f4a5a5
f4f5a5a5
f4f6a5a5
f4f7a5a5
f4f8a5a5
f4f9a5a5
f4faa5a5
f4fba5a5
f4fca5a5
f4fda5a5
f4fea5a5
f4ffa5a5
f500a5a5
f501a5a5
f502a5a5
f503a5a5
f504a5a5
f505a5a5
f506a5a5
f507a5a5
f508a5a5
f509a5a5
f50aa5a5
f50ba5a5
f50ca5a5
f50da5a5
f50ea5a5
f50fa5a5
f510a5a5
f511a5a5
f512a5a5
f513a5a5
f514a5a5
f515a5a5
f516a5a5
f517a5a5
f518a5a5
f519a5a5
f51aa5a5
f51ba5a5
f51ca5a5
f51da5a5
f51ea5a5
f51fa5a5
f520a5a5
f521a5a5
f522a5a5
f523a5a5
f524a5a5
f525a5a5
f526a5a5
f527a5a5
f528a5a5
f529a5a5
f52aa5a5
f52ba5a5
f52ca5a5
f52da5a5
f52ea5a5
f52fa5a5
f530a5a5
f531a5a5
f532a5a5
f533a5a5
f534a5a5
f535a5a5
f536a5a5
f537a5a5
f538a5a5
f539a5a5
f53aa5a5
f53ba5a5
f53ca5a5
f53da5a5
f53ea5a5
f53fa5a5
f540a5a5
f541a5a5
f542a5a5
f543a5a5
f544a5a5
f545a5a5
f546a5a5
f547a5a5
f548a5a5
f549a5a5
f54aa5a5
f54ba5a5
f54ca5a5
f54da5a5
f54ea5a5
f54fa5a5
f550a5a5
f551a5a5
f552a5a5
f553a5a5
f554a5a5
f555a5a5
f556a5a5
f557a5a5
f558a5a5
f559a5a5
f55aa5a5
f55ba5a5
f55ca5a5
f55da5a5
f55ea5a5
f55fa5a5
f560a5a5
f561a5a5
f562a5a5
f563a5a5
f564a5a5
f565a5a5
f566a5a5
f567a5a5
f568a5a5
f569a5a5
f56aa5a5
f56ba5a5
f56ca5a5
f56da5a5
f56ea5a5
f56fa5a5
f570a5a5
f571a5a5
f572a5a5
f573a5a5
f574a5a5
f575a5a5
f576a5a5
f577a5a5
f578a5a5
f579a5a5
f57aa5a5
f57ba5a5
f57ca5a5
f57da5a5
f57ea5a5
f57fa5a5
f580a5a5
f581a5a5
f582a5a5
f583a5a5
f584a5a5
f585a5a5
f586a5a5
f587a5a5
f588a5a5
f589a5a5
f58aa5a5
f58ba5a5
f58ca5a5
f58da5a5
f58ea5a5
f58fa5a5
f590a5a5
f591a5a5
f592a5a5
f593a5a5
f594a5a5
f595a5a5
f596a5a5
f597a5a5
f598a5a5
f599a5a5
f59aa5a5
f59ba5a5
f59ca5a5
f59da5a5
f59ea5a5
f59fa5a5
f5a0a5a5
f5a1a5a5
f5a2a5a5
f5a3a5a5
f5a4a5a5
f5a5a5a5
f5a6a5a5
f5a7a5a5
f5a8a5a5
f5a9a5a5
f5aaa5a5
f5aba5a5
f5aca5a5
f5ada5a5
f5aea5a5
f5afa5a5
f5b0a5a5
f5b1a5a5
f5b2a5a5
f5b3a5a5
f5b4a5a5
f5b5a5a5
f5b6a5a5
f5b7a5a5
f5b8a5a5
f5b9a5a5
f5baa5a5
f5bba5a5
f5bca5a5
f5bda5a5
f5bea5a5
f5bfa5a5
f5c0a5a5
f5c1a5a5
f5c2a5a5
f5c3a5a5
f5c4a5a5
f5c5a5a5
f5c6a5a5
f5c7a5a5
f5c8a5a5
f5c9a5a5
f5caa5a5
f5cba5a5
f5cca5a5
f5cda5a5
f5cea5a5
f5cfa5a5
f5d0a5a5
f5d1a5a5
f5d2a5a5
f5d3a5a5
f5d4a5a5
f5d5a5a5
f5d6a5a5
f5d7a5a5
f5d8a5a5
f5d9a5a5
f5daa5a5
f5dba5a5
f5dca5a5
f5dda5a5
f5dea5a5
f5dfa5a5
f5e0a5a5
f5e1a5a5
f5e2a5a5
f5e3a5a5
f5e4a5a5
f5e5a5a5
f5e6a5a5
f5e7a5a5
f5e8a5a5
f5e9a5a5
f5eaa5a5
f5eba5a5
f5eca5a5
f5eda5a5
f5eea5a5
f5efa5a5
f5f0a5a5
f5f1a5a5
f5f2a5a5
f5f3a5a5
f5f4a5a5
f5f5a5a5
f5f6a5a5
f5f7a5a5
f5f8a5a5
f5f9a5a5
f5faa5a5
f5fba5a5
f5fca5a5
f5fda5a5
f5fea5a5
f5ffa5a5
f600a5a5
f601a5a5
f602a5a5
f603a5a5
f604a5a5
f605a5a5
f606a5a5
f607a5a5
f608a5a5
f609a5a5
f60aa5a5
f60ba5a5
f60ca5a5
f60da5a5
f60ea5a5
f60fa5a5
f610a5a5
f611a5a5
f612a5a5
f613a5a5
f614a5a5
f615a5a5
f616a5a5
f617a5a5
f618a5a5
f619a5a5
f61aa5a5
f61ba5a5
f61ca5a5
f61da5a5
f61ea5a5
f61fa5a5
f620a5a5
f621a5a5
f622a5a5
f623a5a5
f624a5a5
f625a5a5
f626a5a5
f627a5a5
f628a5a5
f629a5a5
f62aa5a5
f62ba5a5
f62ca5a5
f62da5a5
f62ea5a5
f62fa5a5
f630a5a5
f631a5a5
f632a5a5
f633a5a5
f634a5a5
f635a5a5
f636a5a5
f637a5a5
f638a5a5
f639a5a5
f63aa5a5
f63ba5a5
f63ca5a5
f63da5a5
f63ea5a5
f63fa5a5
f640a5a5
f641a5a5
f642a5a5
f643a5a5
f644a5a5
f645a5a5
f646a5a5
f647a5a5
f648a5a5
f649a5a5
f64aa5a5
f64ba5a5
f64ca5a5
f64da5a5
f64ea5a5
f64fa5a5
f650a5a5
f651a5a5
f652a5a5
f653a5a5
f654a5a5
f655a5a5
f656a5a5
f657a5a5
f658a5a5
f659a5a5
f65aa5a5
f65ba5a5
f65ca5a5
f65da5a5
f65ea5a5
f65fa5a5
f660a5a5
f661a5a5
f662a5a5
f663a5a5
f664a5a5
f665a5a5
f666a5a5
f667a5a5
f668a5a5
f669a5a5
f66aa5a5
f66ba5a5
f66ca5a5
f66da5a5
f66ea5a5
f66fa5a5
f670a5a5
f671a5a5
f672a5a5
f673a5a5
f674a5a5
f675a5a5
f676a5a5
f677a5a5
f678a5a5
f679a5a5
f67aa5a5
f67ba5a5
f67ca5a5
f67da5a5
f67ea5a5
f67fa5a5
f680a5a5
f681a5a5
f682a5a5
f683a5a5
f684a5a5
f685a5a5
f686a5a5
f687a5a5
f688a5a5
f689a5a5
f68aa5a5
f68ba5a5
f68ca5a5
f68da5a5
f68ea5a5
f68fa5a5
f690a5a5
f691a5a5
f692a5a5
f693a5a5
f694a5a5
f695a5a5
f696a5a5
f697a5a5
f698a5a5
f699a5a5
f69aa5a5
f69ba5a5
f69ca5a5
f69da5a5
f69ea5a5
f69fa5a5
f6a0a5a5
f6a1a5a5
f6a2a5a5
f6a3a5a5
f6a4a5a5
f6a5a5a5
f6a6a5a5
f6a7a5a5
f6a8a5a5
f6a9a5a5
f6aaa5a5
f6aba5a5
f6aca5a5
f6ada5a5
f6aea5a5
f6afa5a5
f6b0a5a5
f6b1a5a5
f6b2a5a5
f6b3a5a5
f6b4a5a5
f6b5a5a5
f6b6a5a5
f6b7a5a5
f6b8a5a5
f6b9a5a5
f6baa5a5
f6bba5a5
f6bca5a5
f6bda5a5
f6bea5a5
f6bfa5a5
f6c0a5a5
f6c1a5a5
f6c2a5a5
f6c3a5a5
f6c4a5a5
f6c5a5a5
f6c6a5a5
f6c7a5a5
f6c8a5a5
f6c9a5a5
f6caa5a5
f6cba5a5
f6cca5a5
f6cda5a5
f6cea5a5
f6cfa5a5
f6d0a5a5
f6d1a5a5
f6d2a5a5
f6d3a5a5
f6d4a5a5
f6d5a5a5
f6d6a5a5
f6d7a5a5
f6d8a5a5
f6d9a5a5
f6daa5a5
f6dba5a5
f6dca5a5
f6dda5a5
f6dea5a5
f6dfa5a5
f6e0a5a5
f6e1a5a5
f6e2a5a5
f6e3a5a5
f6e4a5a5
f6e5a5a5
f6e6a5a5
f6e7a5a5
f6e8a5a5
f6e9a5a5
f6eaa5a5
f6eba5a5
f6eca5a5
f6eda5a5
f6eea5a5
f6efa5a5
f6f0a5a5
f6f1a5a5
f6f2a5a5
f6f3a5a5
f6f4a5a5
f6f5a5a5
f6f6a5a5
f6f7a5a5
f6f8a5a5
f6f9a5a5
f6faa5a5
f6fba5a5
f6fca5a5
f6fda5a5
f6fea5a5
f6ffa5a5
f700a5a5
f701a5a5
f702a5a5
f703a5a5
f704a5a5
f705a5a5
f706a5a5
f707a5a5
f708a5a5
f709a5a5
f70aa5a5
f70ba5a5
f70ca5a5
f70da5a5
f70ea5a5
f70fa5a5
f710a5a5
f711a5a5
f712a5a5
f713a5a5
f714a5a5
f715a5a5
f716a5a5
f717a5a5
f718a5a5
f719a5a5
f71aa5a5
f71ba5a5
f71ca5a5
f71da5a5
f71ea5a5
f71fa5a5
f720a5a5
f721a5a5
f722a5a5
f723a5a5
f724a5a5
f725a5a5
f726a5a5
f727a5a5
f728a5a5
f729a5a5
f72aa5a5
f72ba5a5
f72ca5a5
f72da5a5
f72ea5a5
f72fa5a5
f730a5a5
f731a5a5
f732a5a5
f733a5a5
f734a5a5
f735a5a5
f736a5a5
f737a5a5
f738a5a5
f739a5a5
f73aa5a5
f73ba5a5
f73ca5a5
f73da5a5
f73ea5a5
f73fa5a5
f740a5a5
f741a5a5
f742a5a5
f743a5a5
f744a5a5
f745a5a5
f746a5a5
f747a5a5
f748a5a5
f749a5a5
f74aa5a5
f74ba5a5
f74ca5a5
f74da5a5
f74ea5a5
f74fa5a5
f750a5a5
f751a5a5
f752a5a5
f753a5a5
f754a5a5
f755a5a5
f756a5a5
f757a5a5
f758a5a5
f759a5a5
f75aa5a5
f75ba5a5
f75ca5a5
f75da5a5
f75ea5a5
f75fa5a5
f760a5a5
f761a5a5
f762a5a5
f763a5a5
f764a5a5
f765a5a5
f766a5a5
f767a5a5
f768a5a5
f769a5a5
f76aa5a5
f76ba5a5
f76ca5a5
f76da5a5
f76ea5a5
f76fa5a5
f770a5a5
f771a5a5
f772a5a5
f773a5a5
f774a5a5
f775a5a5
f776a5a5
f777a5a5
f778a5a5
f779a5a5
f77aa5a5
f77ba5a5
f77ca5a5
f77da5a5
f77ea5a5
f77fa5a5
f780a5a5
f781a5a5
f782a5a5
f783a5a5
f784a5a5
f785a5a5
f786a5a5
f787a5a5
f788a5a5
f789a5a5
f78aa5a5
f78ba5a5
f78ca5a5
f78da5a5
f78ea5a5
f78fa5a5
f790a5a5
f791a5a5
f792a5a5
f793a5a5
f794a5a5
f795a5a5
f796a5a5
f797a5a5
f798a5a5
f799a5a5
f79aa5a5
f79ba5a5
f79ca5a5
f79da5a5
f79ea5a5
f79fa5a5
f7a0a5a5
f7a1a5a5
f7a2a5a5
f7a3a5a5
f7a4a5a5
f7a5a5a5
f7a6a5a5
f7a7a5a5
f7a8a5a5
f7a9a5a5
f7aaa5a5
f7aba5a5
f7aca5a5
f7ada5a5
f7aea5a5
f7afa5a5
f7b0a5a5
f7b1a5a5
f7b2a5a5
f7b3a5a5
f7b4a5a5
f7b5a5a5
f7b6a5a5
f7b7a5a5
f7b8a5a5
f7b9a5a5
f7baa5a5
f7bba5a5
f7bca5a5
f7bda5a5
f7bea5a5
f7bfa5a5
f7c0a5a5
f7c1a5a5
f7c2a5a5
f7c3a5a5
f7c4a5a5
f7c5a5a5
f7c6a5a5
f7c7a5a5
f7c8a5a5
f7c9a5a5
f7caa5a5
f7cba5a5
f7cca5a5
f7cda5a5
f7cea5a5
f7cfa5a5
f7d0a5a5
f7d1a5a5
f7d2a5a5
f7d3a5a5
f7d4a5a5
f7d5a5a5
f7d6a5a5
f7d7a5a5
f7d8a5a5
f7d9a5a5
f7daa5a5
f7dba5a5
f7dca5a5
f7dda5a5
f7dea5a5
f7dfa5a5
f7e0a5a5
f7e1a5a5
f7e2a5a5
f7e3a5a5
f7e4a5a5
f7e5a5a5
f7e6a5a5
f7e7a5a5
f7e8a5a5
f7e9a5a5
f7eaa5a5
f7eba5a5
f7eca5a5
f7eda5a5
f7eea5a5
f7efa5a5
f7f0a5a5
f7f1a5a5
f7f2a5a5
f7f3a5a5
f7f4a5a5
f7f5a5a5
f7f6a5a5
f7f7a5a5
f7f8a5a5
f7f9a5a5
f7faa5a5
f7fba5a5
f7fca5a5
f7fda5a5
f7fea5a5
f7ffa5a5
f800a5a5
f801a5a5
f802a5a5
f803a5a5
f804a5a5
f805a5a5
f806a5a5
f807a5a5
f808a5a5
f809a5a5
f80aa5a5
f80ba5a5
f80ca5a5
f80da5a5
f80ea5a5
f80fa5a5
f810a5a5
f811a5a5
f812a5a5
f813a5a5
f814a5a5
f815a5a5
f816a5a5
f817a5a5
f818a5a5
f819a5a5
f81aa5a5
f81ba5a5
f81ca5a5
f81da5a5
f81ea5a5
f81fa5a5
f820a5a5
f821a5a5
f822a5a5
f823a5a5
f824a5a5
f825a5a5
f826a5a5
f827a5a5
f828a5a5
f829a5a5
f82aa5a5
f82ba5a5
f82ca5a5
f82da5a5
f82ea5a5
f82fa5a5
f830a5a5
f831a5a5
f832a5a5
f833a5a5
f834a5a5
f835a5a5
f836a5a5
f837a5a5
f838a5a5
f839a5a5
f83aa5a5
f83ba5a5
f83ca5a5
f83da5a5
f83ea5a5
f83fa5a5
f840a5a5
f841a5a5
f842a5a5
f843a5a5
f844a5a5
f845a5a5
f846a5a5
f847a5a5
f848a5a5
f849a5a5
f84aa5a5
f84ba5a5
f84ca5a5
f84da5a5
f84ea5a5
f84fa5a5
f850a5a5
f851a5a5
f852a5a5
f853a5a5
f854a5a5
f855a5a5
f856a5a5
f857a5a5
f858a5a5
f859a5a5
f85aa5a5
f85ba5a5
f85ca5a5
f85da5a5
f85ea5a5
f85fa5a5
f860a5a5
f861a5a5
f862a5a5
f863a5a5
f864a5a5
f865a5a5
f866a5a5
f867a5a5
f868a5a5
f869a5a5
f86aa5a5
f86ba5a5
f86ca5a5
f86da5a5
f86ea5a5
f86fa5a5
f870a5a5
f871a5a5
f872a5a5
f873a5a5
f874a5a5
f875a5a5
f876a5a5
f877a5a5
f878a5a5
f879a5a5
f87aa5a5
f87ba5a5
f87ca5a5
f87da5a5
f87ea5a5
f87fa5a5
f880a5a5
f881a5a5
f882a5a5
f883a5a5
f884a5a5
f885a5a5
f886a5a5
f887a5a5
f888a5a5
f889a5a5
f88aa5a5
f88ba5a5
f88ca5a5
f88da5a5
f88ea5a5
f88fa5a5
f890a5a5
f891a5a5
f892a5a5
f893a5a5
f894a5a5
f895a5a5
f896a5a5
f897a5a5
f898a5a5
f899a5a5
f89aa5a5
f89ba5a5
f89ca5a5
f89da5a5
f89ea5a5
f89fa5a5
f8a0a5a5
f8a1a5a5
f8a2a5a5
f8a3a5a5
f8a4a5a5
f8a5a5a5
f8a6a5a5
f8a7a5a5
f8a8a5a5
f8a9a5a5
f8aaa5a5
f8aba5a5
f8aca5a5
f8ada5a5
f8aea5a5
f8afa5a5
f8b0a5a5
f8b1a5a5
f8b2a5a5
f8b3a5a5
f8b4a5a5
f8b5a5a5
f8b6a5a5
f8b7a5a5
f8b8a5a5
f8b9a5a5
f8baa5a5
f8bba5a5
f8bca5a5
f8bda5a5
f8bea5a5
f8bfa5a5
f8c0a5a5
f8c1a5a5
f8c2a5a5
f8c3a5a5
f8c4a5a5
f8c5a5a5
f8c6a5a5
f8c7a5a5
f8c8a5a5
f8c9a5a5
f8caa5a5
f8cba5a5
f8cca5a5
f8cda5a5
f8cea5a5
f8cfa5a5
f8d0a5a5
f8d1a5a5
f8d2a5a5
f8d3a5a5
f8d4a5a5
f8d5a5a5
f8d6a5a5
f8d7a5a5
f8d8a5a5
f8d9a5a5
f8daa5a5
f8dba5a5
f8dca5a5
f8dda5a5
f8dea5a5
f8dfa5a5
f8e0a5a5
f8e1a5a5
f8e2a5a5
f8e3a5a5
f8e4a5a5
f8e5a5a5
f8e6a5a5
f8e7a5a5
f8e8a5a5
f8e9a5a5
f8eaa5a5
f8eba5a5
f8eca5a5
f8eda5a5
f8eea5a5
f8efa5a5
f8f0a5a5
f8f1a5a5
f8f2a5a5
f8f3a5a5
f8f4a5a5
f8f5a5a5
f8f6a5a5
f8f7a5a5
f8f8a5a5
f8f9a5a5
f8faa5a5
f8fba5a5
f8fca5a5
f8fda5a5
f8fea5a5
f8ffa5a5
f900a5a5
f901a5a5
f902a5a5
f903a5a5
f904a5a5
f905a5a5
f906a5a5
f907a5a5
f908a5a5
f909a5a5
f90aa5a5
f90ba5a5
f90ca5a5
f90da5a5
f90ea5a5
f90fa5a5
f910a5a5
f911a5a5
f912a5a5
f913a5a5
f914a5a5
f915a5a5
f916a5a5
f917a5a5
f918a5a5
f919a5a5
f91aa5a5
f91ba5a5
f91ca5a5
f91da5a5
f91ea5a5
f91fa5a5
f920a5a5
f921a5a5
f922a5a5
f923a5a5
f924a5a5
f925a5a5
f926a5a5
f927a5a5
f928a5a5
f929a5a5
f92aa5a5
f92ba5a5
f92ca5a5
f92da5a5
f92ea5a5
f92fa5a5
f930a5a5
f931a5a5
f932a5a5
f933a5a5
f934a5a5
f935a5a5
f936a5a5
f937a5a5
f938a5a5
f939a5a5
f93aa5a5
f93ba5a5
f93ca5a5
f93da5a5
f93ea5a5
f93fa5a5
f940a5a5
f941a5a5
f942a5a5
f943a5a5
f944a5a5
f945a5a5
f946a5a5
f947a5a5
f948a5a5
f949a5a5
f94aa5a5
f94ba5a5
f94ca5a5
f94da5a5
f94ea5a5
f94fa5a5
f950a5a5
f951a5a5
f952a5a5
f953a5a5
f954a5a5
f955a5a5
f956a5a5
f957a5a5
f958a5a5
f959a5a5
f95aa5a5
f95ba5a5
f95ca5a5
f95da5a5
f95ea5a5
f95fa5a5
f960a5a5
f961a5a5
f962a5a5
f963a5a5
f964a5a5
f965a5a5
f966a5a5
f967a5a5
f968a5a5
f969a5a5
f96aa5a5
f96ba5a5
f96ca5a5
f96da5a5
f96ea5a5
f96fa5a5
f970a5a5
f971a5a5
f972a5a5
f973a5a5
f974a5a5
f975a5a5
f976a5a5
f977a5a5
f978a5a5
f979a5a5
f97aa5a5
f97ba5a5
f97ca5a5
f97da5a5
f97ea5a5
f97fa5a5
f980a5a5
f981a5a5
f982a5a5
f983a5a5
f984a5a5
f985a5a5
f986a5a5
f987a5a5
f988a5a5
f989a5a5
f98aa5a5
f98ba5a5
f98ca5a5
f98da5a5
f98ea5a5
f98fa5a5
f990a5a5
f991a5a5
f992a5a5
f993a5a5
f994a5a5
f995a5a5
f996a5a5
f997a5a5
f998a5a5
f999a5a5
f99aa5a5
f99ba5a5
f99ca5a5
f99da5a5
f99ea5a5
f99fa5a5
f9a0a5a5
f9a1a5a5
f9a2a5a5
f9a3a5a5
f9a4a5a5
f9a5a5a5
f9a6a5a5
f9a7a5a5
f9a8a5a5
f9a9a5a5
f9aaa5a5
f9aba5a5
f9aca5a5
f9ada5a5
f9aea5a5
f9afa5a5
f9b0a5a5
f9b1a5a5
f9b2a5a5
f9b3a5a5
f9b4a5a5
f9b5a5a5
f9b6a5a5
f9b7a5a5
f9b8a5a5
f9b9a5a5
f9baa5a5
f9bba5a5
f9bca5a5
f9bda5a5
f9bea5a5
f9bfa5a5
f9c0a5a5
f9c1a5a5
f9c2a5a5
f9c3a5a5
f9c4a5a5
f9c5a5a5
f9c6a5a5
f9c7a5a5
f9c8a5a5
f9c9a5a5
f9caa5a5
f9cba5a5
f9cca5a5
f9cda5a5
f9cea5a5
f9cfa5a5
f9d0a5a5
f9d1a5a5
f9d2a5a5
f9d3a5a5
f9d4a5a5
f9d5a5a5
f9d6a5a5
f9d7a5a5
f9d8a5a5
f9d9a5a5
f9daa5a5
f9dba5a5
f9dca5a5
f9dda5a5
f9dea5a5
f9dfa5a5
f9e0a5a5
f9e1a5a5
f9e2a5a5
f9e3a5a5
f9e4a5a5
f9e5a5a5
f9e6a5a5
f9e7a5a5
f9e8a5a5
f9e9a5a5
f9eaa5a5
f9eba5a5
f9eca5a5
f9eda5a5
f9eea5a5
f9efa5a5
f9f0a5a5
f9f1a5a5
f9f2a5a5
f9f3a5a5
f9f4a5a5
f9f5a5a5
f9f6a5a5
f9f7a5a5
f9f8a5a5
f9f9a5a5
f9faa5a5
f9fba5a5
f9fca5a5
f9fda5a5
f9fea5a5
f9ffa5a5
fa00a5a5
fa01a5a5
fa02a5a5
fa03a5a5
fa04a5a5
fa05a5a5
fa06a5a5
fa07a5a5
fa08a5a5
fa09a5a5
fa0aa5a5
fa0ba5a5
fa0ca5a5
fa0da5a5
fa0ea5a5
fa0fa5a5
fa10a5a5
fa11a5a5
fa12a5a5
fa13a5a5
fa14a5a5
fa15a5a5
fa16a5a5
fa17a5a5
fa18a5a5
fa19a5a5
fa1aa5a5
fa1ba5a5
fa1ca5a5
fa1da5a5
fa1ea5a5
fa1fa5a5
fa20a5a5
fa21a5a5
fa22a5a5
fa23a5a5
fa24a5a5
fa25a5a5
fa26a5a5
fa27a5a5
fa28a5a5
fa29a5a5
fa2aa5a5
fa2ba5a5
fa2ca5a5
fa2da5a5
fa2ea5a5
fa2fa5a5
fa30a5a5
fa31a5a5
fa32a5a5
fa33a5a5
fa34a5a5
fa35a5a5
fa36a5a5
fa37a5a5
fa38a5a5
fa39a5a5
fa3aa5a5
fa3ba5a5
fa3ca5a5
fa3da5a5
fa3ea5a5
fa3fa5a5
fa40a5a5
fa41a5a5
fa42a5a5
fa43a5a5
fa44a5a5
fa45a5a5
fa46a5a5
fa47a5a5
fa48a5a5
fa49a5a5
fa4aa5a5
fa4ba5a5
fa4ca5a5
fa4da5a5
fa4ea5a5
fa4fa5a5
fa50a5a5
fa51a5a5
fa52a5a5
fa53a5a5
fa54a5a5
fa55a5a5
fa56a5a5
fa57a5a5
fa58a5a5
fa59a5a5
fa5aa5a5
fa5ba5a5
fa5ca5a5
fa5da5a5
fa5ea5a5
fa5fa5a5
fa60a5a5
fa61a5a5
fa62a5a5
fa63a5a5
fa64a5a5
fa65a5a5
fa66a5a5
fa67a5a5
fa68a5a5
fa69a5a5
fa6aa5a5
fa6ba5a5
fa6ca5a5
fa6da5a5
fa6ea5a5
fa6fa5a5
fa70a5a5
fa71a5a5
fa72a5a5
fa73a5a5
fa74a5a5
fa75a5a5
fa76a5a5
fa77a5a5
fa78a5a5
fa79a5a5
fa7aa5a5
fa7ba5a5
fa7ca5a5
fa7da5a5
fa7ea5a5
fa7fa5a5
fa80a5a5
fa81a5a5
fa82a5a5
fa83a5a5
fa84a5a5
fa85a5a5
fa86a5a5
fa87a5a5
fa88a5a5
fa89a5a5
fa8aa5a5
fa8ba5a5
fa8ca5a5
fa8da5a5
fa8ea5a5
fa8fa5a5
fa90a5a5
fa91a5a5
fa92a5a5
fa93a5a5
fa94a5a5
fa95a5a5
fa96a5a5
fa97a5a5
fa98a5a5
fa99a5a5
fa9aa5a5
fa9ba5a5
fa9ca5a5
fa9da5a5
fa9ea5a5
fa9fa5a5
faa0a5a5
faa1a5a5
faa2a5a5
faa3a5a5
faa4a5a5
faa5a5a5
faa6a5a5
faa7a5a5
faa8a5a5
faa9a5a5
faaaa5a5
faaba5a5
faaca5a5
faada5a5
faaea5a5
faafa5a5
fab0a5a5
fab1a5a5
fab2a5a5
fab3a5a5
fab4a5a5
fab5a5a5
fab6a5a5
fab7a5a5
fab8a5a5
fab9a5a5
fabaa5a5
fabba5a5
fabca5a5
fabda5a5
fabea5a5
fabfa5a5
fac0a5a5
fac1a5a5
fac2a5a5
fac3a5a5
fac4a5a5
fac5a5a5
fac6a5a5
fac7a5a5
fac8a5a5
fac9a5a5
facaa5a5
facba5a5
facca5a5
facda5a5
facea5a5
facfa5a5
fad0a5a5
fad1a5a5
fad2a5a5
fad3a5a5
fad4a5a5
fad5a5a5
fad6a5a5
fad7a5a5
fad8a5a5
fad9a5a5
fadaa5a5
fadba5a5
fadca5a5
fadda5a5
fadea5a5
fadfa5a5
fae0a5a5
fae1a5a5
fae2a5a5
fae3a5a5
fae4a5a5
fae5a5a5
fae6a5a5
fae7a5a5
fae8a5a5
fae9a5a5
faeaa5a5
faeba5a5
faeca5a5
faeda5a5
faeea5a5
faefa5a5
faf0a5a5
faf1a5a5
faf2a5a5
faf3a5a5
faf4a5a5
faf5a5a5
faf6a5a5
faf7a5a5
faf8a5a5
faf9a5a5
fafaa5a5
fafba5a5
fafca5a5
fafda5a5
fafea5a5
faffa5a5
fb00a5a5
fb01a5a5
fb02a5a5
fb03a5a5
fb04a5a5
fb05a5a5
fb06a5a5
fb07a5a5
fb08a5a5
fb09a5a5
fb0aa5a5
fb0ba5a5
fb0ca5a5
fb0da5a5
fb0ea5a5
fb0fa5a5
fb10a5a5
fb11a5a5
fb12a5a5
fb13a5a5
fb14a5a5
fb15a5a5
fb16a5a5
fb17a5a5
fb18a5a5
fb19a5a5
fb1aa5a5
fb1ba5a5
fb1ca5a5
fb1da5a5
fb1ea5a5
fb1fa5a5
fb20a5a5
fb21a5a5
fb22a5a5
fb23a5a5
fb24a5a5
fb25a5a5
fb26a5a5
fb27a5a5
fb28a5a5
fb29a5a5
fb2aa5a5
fb2ba5a5
fb2ca5a5
fb2da5a5
fb2ea5a5
fb2fa5a5
fb30a5a5
fb31a5a5
fb32a5a5
fb33a5a5
fb34a5a5
fb35a5a5
fb36a5a5
fb37a5a5
fb38a5a5
fb39a5a5
fb3aa5a5
fb3ba5a5
fb3ca5a5
fb3da5a5
fb3ea5a5
fb3fa5a5
fb40a5a5
fb41a5a5
fb42a5a5
fb43a5a5
fb44a5a5
fb45a5a5
fb46a5a5
fb47a5a5
fb48a5a5
fb49a5a5
fb4aa5a5
fb4ba5a5
fb4ca5a5
fb4da5a5
fb4ea5a5
fb4fa5a5
fb50a5a5
fb51a5a5
fb52a5a5
fb53a5a5
fb54a5a5
fb55a5a5
fb56a5a5
fb57a5a5
fb58a5a5
fb59a5a5
fb5aa5a5
fb5ba5a5
fb5ca5a5
fb5da5a5
fb5ea5a5
fb5fa5a5
fb60a5a5
fb61a5a5
fb62a5a5
fb63a5a5
fb64a5a5
fb65a5a5
fb66a5a5
fb67a5a5
fb68a5a5
fb69a5a5
fb6aa5a5
fb6ba5a5
fb6ca5a5
fb6da5a5
fb6ea5a5
fb6fa5a5
fb70a5a5
fb71a5a5
fb72a5a5
fb73a5a5
fb74a5a5
fb75a5a5
fb76a5a5
fb77a5a5
fb78a5a5
fb79a5a5
fb7aa5a5
fb7ba5a5
fb7ca5a5
fb7da5a5
fb7ea5a5
fb7fa5a5
fb80a5a5
fb81a5a5
fb82a5a5
fb83a5a5
fb84a5a5
fb85a5a5
fb86a5a5
fb87a5a5
fb88a5a5
fb89a5a5
fb8aa5a5
fb8ba5a5
fb8ca5a5
fb8da5a5
fb8ea5a5
fb8fa5a5
fb90a5a5
fb91a5a5
fb92a5a5
fb93a5a5
fb94a5a5
fb95a5a5
fb96a5a5
fb97a5a5
fb98a5a5
fb99a5a5
fb9aa5a5
fb9ba5a5
fb9ca5a5
fb9da5a5
fb9ea5a5
fb9fa5a5
fba0a5a5
fba1a5a5
fba2a5a5
fba3a5a5
fba4a5a5
fba5a5a5
fba6a5a5
fba7a5a5
fba8a5a5
fba9a5a5
fbaaa5a5
fbaba5a5
fbaca5a5
fbada5a5
fbaea5a5
fbafa5a5
fbb0a5a5
fbb1a5a5
fbb2a5a5
fbb3a5a5
fbb4a5a5
fbb5a5a5
fbb6a5a5
fbb7a5a5
fbb8a5a5
fbb9a5a5
fbbaa5a5
fbbba5a5
fbbca5a5
fbbda5a5
fbbea5a5
fbbfa5a5
fbc0a5a5
fbc1a5a5
fbc2a5a5
fbc3a5a5
fbc4a5a5
fbc5a5a5
fbc6a5a5
fbc7a5a5
fbc8a5a5
fbc9a5a5
fbcaa5a5
fbcba5a5
fbcca5a5
fbcda5a5
fbcea5a5
fbcfa5a5
fbd0a5a5
fbd1a5a5
fbd2a5a5
fbd3a5a5
fbd4a5a5
fbd5a5a5
fbd6a5a5
fbd7a5a5
fbd8a5a5
fbd9a5a5
fbdaa5a5
fbdba5a5
fbdca5a5
fbdda5a5
fbdea5a5
fbdfa5a5
fbe0a5a5
fbe1a5a5
fbe2a5a5
fbe3a5a5
fbe4a5a5
fbe5a5a5
fbe6a5a5
fbe7a5a5
fbe8a5a5
fbe9a5a5
fbeaa5a5
fbeba5a5
fbeca5a5
fbeda5a5
fbeea5a5
fbefa5a5
fbf0a5a5
fbf1a5a5
fbf2a5a5
fbf3a5a5
fbf4a5a5
fbf5a5a5
fbf6a5a5
fbf7a5a5
fbf8a5a5
fbf9a5a5
fbfaa5a5
fbfba5a5
fbfca5a5
fbfda5a5
fbfea5a5
fbffa5a5
fc00a5a5
fc01a5a5
fc02a5a5
fc03a5a5
fc04a5a5
fc05a5a5
fc06a5a5
fc07a5a5
fc08a5a5
fc09a5a5
fc0aa5a5
fc0ba5a5
fc0ca5a5
fc0da5a5
fc0ea5a5
fc0fa5a5
fc10a5a5
fc11a5a5
fc12a5a5
fc13a5a5
fc14a5a5
fc15a5a5
fc16a5a5
fc17a5a5
fc18a5a5
fc19a5a5
fc1aa5a5
fc1ba5a5
fc1ca5a5
fc1da5a5
fc1ea5a5
fc1fa5a5
fc20a5a5
fc21a5a5
fc22a5a5
fc23a5a5
fc24a5a5
fc25a5a5
fc26a5a5
fc27a5a5
fc28a5a5
fc29a5a5
fc2aa5a5
fc2ba5a5
fc2ca5a5
fc2da5a5
fc2ea5a5
fc2fa5a5
fc30a5a5
fc31a5a5
fc32a5a5
fc33a5a5
fc34a5a5
fc35a5a5
fc36a5a5
fc37a5a5
fc38a5a5
fc39a5a5
fc3aa5a5
fc3ba5a5
fc3ca5a5
fc3da5a5
fc3ea5a5
fc3fa5a5
fc40a5a5
fc41a5a5
fc42a5a5
fc43a5a5
fc44a5a5
fc45a5a5
fc46a5a5
fc47a5a5
fc48a5a5
fc49a5a5
fc4aa5a5
fc4ba5a5
fc4ca5a5
fc4da5a5
fc4ea5a5
fc4fa5a5
fc50a5a5
fc51a5a5
fc52a5a5
fc53a5a5
fc54a5a5
fc55a5a5
fc56a5a5
fc57a5a5
fc58a5a5
fc59a5a5
fc5aa5a5
fc5ba5a5
fc5ca5a5
fc5da5a5
fc5ea5a5
fc5fa5a5
fc60a5a5
fc61a5a5
fc62a5a5
fc63a5a5
fc64a5a5
fc65a5a5
fc66a5a5
fc67a5a5
fc68a5a5
fc69a5a5
fc6aa5a5
fc6ba5a5
fc6ca5a5
fc6da5a5
fc6ea5a5
fc6fa5a5
fc70a5a5
fc71a5a5
fc72a5a5
fc73a5a5
fc74a5a5
fc75a5a5
fc76a5a5
fc77a5a5
fc78a5a5
fc79a5a5
fc7aa5a5
fc7ba5a5
fc7ca5a5
fc7da5a5
fc7ea5a5
fc7fa5a5
fc80a5a5
fc81a5a5
fc82a5a5
fc83a5a5
fc84a5a5
fc85a5a5
fc86a5a5
fc87a5a5
fc88a5a5
fc89a5a5
fc8aa5a5
fc8ba5a5
fc8ca5a5
fc8da5a5
fc8ea5a5
fc8fa5a5
fc90a5a5
fc91a5a5
fc92a5a5
fc93a5a5
fc94a5a5
fc95a5a5
fc96a5a5
fc97a5a5
fc98a5a5
fc99a5a5
fc9aa5a5
fc9ba5a5
fc9ca5a5
fc9da5a5
fc9ea5a5
fc9fa5a5
fca0a5a5
fca1a5a5
fca2a5a5
fca3a5a5
fca4a5a5
fca5a5a5
fca6a5a5
fca7a5a5
fca8a5a5
fca9a5a5
fcaaa5a5
fcaba5a5
fcaca5a5
fcada5a5
fcaea5a5
fcafa5a5
fcb0a5a5
fcb1a5a5
fcb2a5a5
fcb3a5a5
fcb4a5a5
fcb5a5a5
fcb6a5a5
fcb7a5a5
fcb8a5a5
fcb9a5a5
fcbaa5a5
fcbba5a5
fcbca5a5
fcbda5a5
fcbea5a5
fcbfa5a5
fcc0a5a5
fcc1a5a5
fcc2a5a5
fcc3a5a5
fcc4a5a5
fcc5a5a5
fcc6a5a5
fcc7a5a5
fcc8a5a5
fcc9a5a5
fccaa5a5
fccba5a5
fccca5a5
fccda5a5
fccea5a5
fccfa5a5
fcd0a5a5
fcd1a5a5
fcd2a5a5
fcd3a5a5
fcd4a5a5
fcd5a5a5
fcd6a5a5
fcd7a5a5
fcd8a5a5
fcd9a5a5
fcdaa5a5
fcdba5a5
fcdca5a5
fcdda5a5
fcdea5a5
fcdfa5a5
fce0a5a5
fce1a5a5
fce2a5a5
fce3a5a5
fce4a5a5
fce5a5a5
fce6a5a5
fce7a5a5
fce8a5a5
fce9a5a5
fceaa5a5
fceba5a5
fceca5a5
fceda5a5
fceea5a5
fcefa5a5
fcf0a5a5
fcf1a5a5
fcf2a5a5
fcf3a5a5
fcf4a5a5
fcf5a5a5
fcf6a5a5
fcf7a5a5
fcf8a5a5
fcf9a5a5
fcfaa5a5
fcfba5a5
fcfca5a5
fcfda5a5
fcfea5a5
fcffa5a5
fd00a5a5
fd01a5a5
fd02a5a5
fd03a5a5
fd04a5a5
fd05a5a5
fd06a5a5
fd07a5a5
fd08a5a5
fd09a5a5
fd0aa5a5
fd0ba5a5
fd0ca5a5
fd0da5a5
fd0ea5a5
fd0fa5a5
fd10a5a5
fd11a5a5
fd12a5a5
fd13a5a5
fd14a5a5
fd15a5a5
fd16a5a5
fd17a5a5
fd18a5a5
fd19a5a5
fd1aa5a5
fd1ba5a5
fd1ca5a5
fd1da5a5
fd1ea5a5
fd1fa5a5
fd20a5a5
fd21a5a5
fd22a5a5
fd23a5a5
fd24a5a5
fd25a5a5
fd26a5a5
fd27a5a5
fd28a5a5
fd29a5a5
fd2aa5a5
fd2ba5a5
fd2ca5a5
fd2da5a5
fd2ea5a5
fd2fa5a5
fd30a5a5
fd31a5a5
fd32a5a5
fd33a5a5
fd34a5a5
fd35a5a5
fd36a5a5
fd37a5a5
fd38a5a5
fd39a5a5
fd3aa5a5
fd3ba5a5
fd3ca5a5
fd3da5a5
fd3ea5a5
fd3fa5a5
fd40a5a5
fd41a5a5
fd42a5a5
fd43a5a5
fd44a5a5
fd45a5a5
fd46a5a5
fd47a5a5
fd48a5a5
fd49a5a5
fd4aa5a5
fd4ba5a5
fd4ca5a5
fd4da5a5
fd4ea5a5
fd4fa5a5
fd50a5a5
fd51a5a5
fd52a5a5
fd53a5a5
fd54a5a5
fd55a5a5
fd56a5a5
fd57a5a5
fd58a5a5
fd59a5a5
fd5aa5a5
fd5ba5a5
fd5ca5a5
fd5da5a5
fd5ea5a5
fd5fa5a5
fd60a5a5
fd61a5a5
fd62a5a5
fd63a5a5
fd64a5a5
fd65a5a5
fd66a5a5
fd67a5a5
fd68a5a5
fd69a5a5
fd6aa5a5
fd6ba5a5
fd6ca5a5
fd6da5a5
fd6ea5a5
fd6fa5a5
fd70a5a5
fd71a5a5
fd72a5a5
fd73a5a5
fd74a5a5
fd75a5a5
fd76a5a5
fd77a5a5
fd78a5a5
fd79a5a5
fd7aa5a5
fd7ba5a5
fd7ca5a5
fd7da5a5
fd7ea5a5
fd7fa5a5
fd80a5a5
fd81a5a5
fd82a5a5
fd83a5a5
fd84a5a5
fd85a5a5
fd86a5a5
fd87a5a5
fd88a5a5
fd89a5a5
fd8aa5a5
fd8ba5a5
fd8ca5a5
fd8da5a5
fd8ea5a5
fd8fa5a5
fd90a5a5
fd91a5a5
fd92a5a5
fd93a5a5
fd94a5a5
fd95a5a5
fd96a5a5
fd97a5a5
fd98a5a5
fd99a5a5
fd9aa5a5
fd9ba5a5
fd9ca5a5
fd9da5a5
fd9ea5a5
fd9fa5a5
fda0a5a5
fda1a5a5
fda2a5a5
fda3a5a5
fda4a5a5
fda5a5a5
fda6a5a5
fda7a5a5
fda8a5a5
fda9a5a5
fdaaa5a5
fdaba5a5
fdaca5a5
fdada5a5
fdaea5a5
fdafa5a5
fdb0a5a5
fdb1a5a5
fdb2a5a5
fdb3a5a5
fdb4a5a5
fdb5a5a5
fdb6a5a5
fdb7a5a5
fdb8a5a5
fdb9a5a5
fdbaa5a5
fdbba5a5
fdbca5a5
fdbda5a5
fdbea5a5
fdbfa5a5
fdc0a5a5
fdc1a5a5
fdc2a5a5
fdc3a5a5
fdc4a5a5
fdc5a5a5
fdc6a5a5
fdc7a5a5
fdc8a5a5
fdc9a5a5
fdcaa5a5
fdcba5a5
fdcca5a5
fdcda5a5
fdcea5a5
fdcfa5a5
fdd0a5a5
fdd1a5a5
fdd2a5a5
fdd3a5a5
fdd4a5a5
fdd5a5a5
fdd6a5a5
fdd7a5a5
fdd8a5a5
fdd9a5a5
fddaa5a5
fddba5a5
fddca5a5
fddda5a5
fddea5a5
fddfa5a5
fde0a5a5
fde1a5a5
fde2a5a5
fde3a5a5
fde4a5a5
fde5a5a5
fde6a5a5
fde7a5a5
fde8a5a5
fde9a5a5
fdeaa5a5
fdeba5a5
fdeca5a5
fdeda5a5
fdeea5a5
fdefa5a5
fdf0a5a5
fdf1a5a5
fdf2a5a5
fdf3a5a5
fdf4a5a5
fdf5a5a5
fdf6a5a5
fdf7a5a5
fdf8a5a5
fdf9a5a5
fdfaa5a5
fdfba5a5
fdfca5a5
fdfda5a5
fdfea5a5
fdffa5a5
fe00a5a5
fe01a5a5
fe02a5a5
fe03a5a5
fe04a5a5
fe05a5a5
fe06a5a5
fe07a5a5
fe08a5a5
fe09a5a5
fe0aa5a5
fe0ba5a5
fe0ca5a5
fe0da5a5
fe0ea5a5
fe0fa5a5
fe10a5a5
fe11a5a5
fe12a5a5
fe13a5a5
fe14a5a5
fe15a5a5
fe16a5a5
fe17a5a5
fe18a5a5
fe19a5a5
fe1aa5a5
fe1ba5a5
fe1ca5a5
fe1da5a5
fe1ea5a5
fe1fa5a5
fe20a5a5
fe21a5a5
fe22a5a5
fe23a5a5
fe24a5a5
fe25a5a5
fe26a5a5
fe27a5a5
fe28a5a5
fe29a5a5
fe2aa5a5
fe2ba5a5
fe2ca5a5
fe2da5a5
fe2ea5a5
fe2fa5a5
fe30a5a5
fe31a5a5
fe32a5a5
fe33a5a5
fe34a5a5
fe35a5a5
fe36a5a5
fe37a5a5
fe38a5a5
fe39a5a5
fe3aa5a5
fe3ba5a5
fe3ca5a5
fe3da5a5
fe3ea5a5
fe3fa5a5
fe40a5a5
fe41a5a5
fe42a5a5
fe43a5a5
fe44a5a5
fe45a5a5
fe46a5a5
fe47a5a5
fe48a5a5
fe49a5a5
fe4aa5a5
fe4ba5a5
fe4ca5a5
fe4da5a5
fe4ea5a5
fe4fa5a5
fe50a5a5
fe51a5a5
fe52a5a5
fe53a5a5
fe54a5a5
fe55a5a5
fe56a5a5
fe57a5a5
fe58a5a5
fe59a5a5
fe5aa5a5
fe5ba5a5
fe5ca5a5
fe5da5a5
fe5ea5a5
fe5fa5a5
fe60a5a5
fe61a5a5
fe62a5a5
fe63a5a5
fe64a5a5
fe65a5a5
fe66a5a5
fe67a5a5
fe68a5a5
fe69a5a5
fe6aa5a5
fe6ba5a5
fe6ca5a5
fe6da5a5
fe6ea5a5
fe6fa5a5
fe70a5a5
fe71a5a5
fe72a5a5
fe73a5a5
fe74a5a5
fe75a5a5
fe76a5a5
fe77a5a5
fe78a5a5
fe79a5a5
fe7aa5a5
fe7ba5a5
fe7ca5a5
fe7da5a5
fe7ea5a5
fe7fa5a5
fe80a5a5
fe81a5a5
fe82a5a5
fe83a5a5
fe84a5a5
fe85a5a5
fe86a5a5
fe87a5a5
fe88a5a5
fe89a5a5
fe8aa5a5
fe8ba5a5
fe8ca5a5
fe8da5a5
fe8ea5a5
fe8fa5a5
fe90a5a5
fe91a5a5
fe92a5a5
fe93a5a5
fe94a5a5
fe95a5a5
fe96a5a5
fe97a5a5
fe98a5a5
fe99a5a5
fe9aa5a5
fe9ba5a5
fe9ca5a5
fe9da5a5
fe9ea5a5
fe9fa5a5
fea0a5a5
fea1a5a5
fea2a5a5
fea3a5a5
fea4a5a5
fea5a5a5
fea6a5a5
fea7a5a5
fea8a5a5
fea9a5a5
feaaa5a5
feaba5a5
feaca5a5
feada5a5
feaea5a5
feafa5a5
feb0a5a5
feb1a5a5
feb2a5a5
feb3a5a5
feb4a5a5
feb5a5a5
feb6a5a5
feb7a5a5
feb8a5a5
feb9a5a5
febaa5a5
febba5a5
febca5a5
febda5a5
febea5a5
febfa5a5
fec0a5a5
fec1a5a5
fec2a5a5
fec3a5a5
fec4a5a5
fec5a5a5
fec6a5a5
fec7a5a5
fec8a5a5
fec9a5a5
fecaa5a5
fecba5a5
fecca5a5
fecda5a5
fecea5a5
fecfa5a5
fed0a5a5
fed1a5a5
fed2a5a5
fed3a5a5
fed4a5a5
fed5a5a5
fed6a5a5
fed7a5a5
fed8a5a5
fed9a5a5
fedaa5a5
fedba5a5
fedca5a5
fedda5a5
fedea5a5
fedfa5a5
fee0a5a5
fee1a5a5
fee2a5a5
fee3a5a5
fee4a5a5
fee5a5a5
fee6a5a5
fee7a5a5
fee8a5a5
fee9a5a5
feeaa5a5
feeba5a5
feeca5a5
feeda5a5
feeea5a5
feefa5a5
fef0a5a5
fef1a5a5
fef2a5a5
fef3a5a5
fef4a5a5
fef5a5a5
fef6a5a5
fef7a5a5
fef8a5a5
fef9a5a5
fefaa5a5
fefba5a5
fefca5a5
fefda5a5
fefea5a5
feffa5a5
ff00a5a5
ff01a5a5
ff02a5a5
ff03a5a5
ff04a5a5
ff05a5a5
ff06a5a5
ff07a5a5
ff08a5a5
ff09a5a5
ff0aa5a5
ff0ba5a5
ff0ca5a5
ff0da5a5
ff0ea5a5
ff0fa5a5
ff10a5a5
ff11a5a5
ff12a5a5
ff13a5a5
ff14a5a5
ff15a5a5
ff16a5a5
ff17a5a5
ff18a5a5
ff19a5a5
ff1aa5a5
ff1ba5a5
ff1ca5a5
ff1da5a5
ff1ea5a5
ff1fa5a5
ff20a5a5
ff21a5a5
ff22a5a5
ff23a5a5
ff24a5a5
ff25a5a5
ff26a5a5
ff27a5a5
ff28a5a5
ff29a5a5
ff2aa5a5
ff2ba5a5
ff2ca5a5
ff2da5a5
ff2ea5a5
ff2fa5a5
ff30a5a5
ff31a5a5
ff32a5a5
ff33a5a5
ff34a5a5
ff35a5a5
ff36a5a5
ff37a5a5
ff38a5a5
ff39a5a5
ff3aa5a5
ff3ba5a5
ff3ca5a5
ff3da5a5
ff3ea5a5
ff3fa5a5
ff40a5a5
ff41a5a5
ff42a5a5
ff43a5a5
ff44a5a5
ff45a5a5
ff46a5a5
ff47a5a5
ff48a5a5
ff49a5a5
ff4aa5a5
ff4ba5a5
ff4ca5a5
ff4da5a5
ff4ea5a5
ff4fa5a5
ff50a5a5
ff51a5a5
ff52a5a5
ff53a5a5
ff54a5a5
ff55a5a5
ff56a5a5
ff57a5a5
ff58a5a5
ff59a5a5
ff5aa5a5
ff5ba5a5
ff5ca5a5
ff5da5a5
ff5ea5a5
ff5fa5a5
ff60a5a5
ff61a5a5
ff62a5a5
ff63a5a5
ff64a5a5
ff65a5a5
ff66a5a5
ff67a5a5
ff68a5a5
ff69a5a5
ff6aa5a5
ff6ba5a5
ff6ca5a5
ff6da5a5
ff6ea5a5
ff6fa5a5
ff70a5a5
ff71a5a5
ff72a5a5
ff73a5a5
ff74a5a5
ff75a5a5
ff76a5a5
ff77a5a5
ff78a5a5
ff79a5a5
ff7aa5a5
ff7ba5a5
ff7ca5a5
ff7da5a5
ff7ea5a5
ff7fa5a5
ff80a5a5
ff81a5a5
ff82a5a5
ff83a5a5
ff84a5a5
ff85a5a5
ff86a5a5
ff87a5a5
ff88a5a5
ff89a5a5
ff8aa5a5
ff8ba5a5
ff8ca5a5
ff8da5a5
ff8ea5a5
ff8fa5a5
ff90a5a5
ff91a5a5
ff92a5a5
ff93a5a5
ff94a5a5
ff95a5a5
ff96a5a5
ff97a5a5
ff98a5a5
ff99a5a5
ff9aa5a5
ff9ba5a5
ff9ca5a5
ff9da5a5
ff9ea5a5
ff9fa5a5
ffa0a5a5
ffa1a5a5
ffa2a5a5
ffa3a5a5
ffa4a5a5
ffa5a5a5
ffa6a5a5
ffa7a5a5
ffa8a5a5
ffa9a5a5
ffaaa5a5
ffaba5a5
ffaca5a5
ffada5a5
ffaea5a5
ffafa5a5
ffb0a5a5
ffb1a5a5
ffb2a5a5
ffb3a5a5
ffb4a5a5
ffb5a5a5
ffb6a5a5
ffb7a5a5
ffb8a5a5
ffb9a5a5
ffbaa5a5
ffbba5a5
ffbca5a5
ffbda5a5
ffbea5a5
ffbfa5a5
ffc0a5a5
ffc1a5a5
ffc2a5a5
ffc3a5a5
ffc4a5a5
ffc5a5a5
ffc6a5a5
ffc7a5a5
ffc8a5a5
ffc9a5a5
ffcaa5a5
ffcba5a5
ffcca5a5
ffcda5a5
ffcea5a5
ffcfa5a5
ffd0a5a5
ffd1a5a5
ffd2a5a5
ffd3a5a5
ffd4a5a5
ffd5a5a5
ffd6a5a5
ffd7a5a5
ffd8a5a5
ffd9a5a5
ffdaa5a5
ffdba5a5
ffdca5a5
ffdda5a5
ffdea5a5
ffdfa5a5
ffe0a5a5
ffe1a5a5
ffe2a5a5
ffe3a5a5
ffe4a5a5
ffe5a5a5
ffe6a5a5
ffe7a5a5
ffe8a5a5
ffe9a5a5
ffeaa5a5
ffeba5a5
ffeca5a5
ffeda5a5
ffeea5a5
ffefa5a5
fff0a5a5
fff1a5a5
fff2a5a5
fff3a5a5
fff4a5a5
fff5a5a5
fff6a5a5
fff7a5a5
fff8a5a5
fff9a5a5
fffaa5a5
fffba5a5
fffca5a5
fffda5a5
fffea5a5
ffffa5a5
