0 32767
0 32767
6 32767
6 32767
13 32767
13 32767
19 32767
19 32767
25 32767
25 32767
31 32767
31 32767
38 32767
38 32767
44 32767
44 32767
50 32767
50 32767
57 32767
57 32767
63 32767
63 32767
69 32767
69 32767
75 32767
75 32767
82 32767
82 32767
88 32767
88 32767
94 32767
94 32767
101 32767
101 32767
107 32767
107 32767
113 32767
113 32767
119 32767
119 32767
126 32767
126 32767
132 32767
132 32767
138 32766
138 32766
144 32766
144 32766
151 32766
151 32766
157 32766
157 32766
163 32766
163 32766
170 32766
170 32766
176 32767
176 32767
182 32767
182 32767
188 32767
188 32767
195 32767
195 32767
201 32767
201 32767
207 32767
207 32767
214 32767
214 32767
220 32767
220 32767
226 32766
226 32766
232 32766
232 32766
239 32766
239 32766
245 32766
245 32766
251 32766
251 32766
258 32766
258 32766
264 32766
264 32766
270 32766
270 32766
276 32766
276 32766
283 32766
283 32766
289 32766
289 32766
295 32766
295 32766
302 32766
302 32766
308 32766
308 32766
314 32765
314 32765
320 32765
320 32765
327 32765
327 32765
333 32765
333 32765
339 32765
339 32765
345 32765
345 32765
352 32765
352 32765
358 32765
358 32765
364 32765
364 32765
371 32765
371 32765
377 32765
377 32765
383 32765
383 32765
389 32765
389 32765
396 32765
396 32765
402 32765
402 32765
408 32764
408 32764
415 32764
415 32764
421 32764
421 32764
427 32764
427 32764
433 32764
433 32764
440 32764
440 32764
446 32764
446 32764
452 32764
452 32764
459 32764
459 32764
465 32764
465 32764
471 32764
471 32764
477 32764
477 32764
484 32764
484 32764
490 32764
490 32764
496 32763
496 32763
503 32763
503 32763
509 32763
509 32763
515 32763
515 32763
521 32763
521 32763
528 32763
528 32763
534 32763
534 32763
540 32763
540 32763
546 32763
546 32763
553 32763
553 32763
559 32763
559 32763
565 32763
565 32763
572 32763
572 32763
578 32763
578 32763
584 32762
584 32762
590 32762
590 32762
597 32762
597 32762
603 32762
603 32762
609 32762
609 32762
616 32762
616 32762
622 32762
622 32762
628 32762
628 32762
634 32761
634 32761
641 32761
641 32761
647 32761
647 32761
653 32761
653 32761
660 32761
660 32761
666 32761
666 32761
672 32760
672 32760
678 32760
678 32760
685 32760
685 32760
691 32760
691 32760
697 32760
697 32760
704 32760
704 32760
710 32760
710 32760
716 32760
716 32760
722 32760
722 32760
729 32760
729 32760
735 32760
735 32760
741 32760
741 32760
747 32760
747 32760
754 32760
754 32760
760 32758
760 32758
766 32758
766 32758
773 32758
773 32758
779 32758
779 32758
785 32758
785 32758
791 32758
791 32758
798 32758
798 32758
804 32758
804 32758
810 32758
810 32758
817 32758
817 32758
823 32757
823 32757
829 32757
829 32757
835 32757
835 32757
842 32757
842 32757
848 32757
848 32757
854 32757
854 32757
861 32757
861 32757
867 32757
867 32757
873 32757
873 32757
879 32756
879 32756
886 32756
886 32756
892 32756
892 32756
898 32756
898 32756
905 32755
905 32755
911 32755
911 32755
917 32755
917 32755
923 32755
923 32755
930 32754
930 32754
936 32754
936 32754
942 32754
942 32754
948 32754
948 32754
955 32755
955 32755
961 32754
961 32754
967 32754
967 32754
974 32754
974 32754
980 32754
980 32754
986 32753
986 32753
992 32753
992 32753
999 32753
999 32753
1005 32753
1005 32753
1011 32753
1011 32753
1018 32752
1018 32752
1024 32752
1024 32752
1030 32752
1030 32752
1036 32752
1036 32752
1043 32751
1043 32751
1049 32751
1049 32751
1055 32751
1055 32751
1062 32751
1062 32751
1068 32750
1068 32750
1074 32750
1074 32750
1080 32750
1080 32750
1087 32750
1087 32750
1093 32750
1093 32750
1099 32749
1099 32749
1106 32749
1106 32749
1112 32749
1112 32749
1118 32749
1118 32749
1124 32748
1124 32748
1131 32748
1131 32748
1137 32748
1137 32748
1143 32748
1143 32748
1149 32748
1149 32748
1156 32747
1156 32747
1162 32747
1162 32747
1168 32747
1168 32747
1175 32747
1175 32747
1181 32746
1181 32746
1187 32746
1187 32746
1193 32746
1193 32746
1200 32746
1200 32746
1206 32747
1206 32747
1212 32745
1212 32745
1219 32745
1219 32745
1225 32745
1225 32745
1231 32745
1231 32745
1237 32744
1237 32744
1244 32744
1244 32744
1250 32744
1250 32744
1256 32744
1256 32744
1263 32743
1263 32743
1269 32743
1269 32743
1275 32743
1275 32743
1281 32743
1281 32743
1288 32743
1288 32743
1294 32742
1294 32742
1300 32742
1300 32742
1307 32742
1307 32742
1313 32742
1313 32742
1319 32741
1319 32741
1325 32741
1325 32741
1332 32741
1332 32741
1338 32741
1338 32741
1344 32741
1344 32741
1350 32740
1350 32740
1357 32740
1357 32740
1363 32740
1363 32740
1369 32740
1369 32740
1376 32739
1376 32739
1382 32739
1382 32739
1388 32739
1388 32739
1394 32739
1394 32739
1401 32738
1401 32738
1407 32738
1407 32738
1413 32738
1413 32738
1420 32738
1420 32738
1426 32738
1426 32738
1432 32737
1432 32737
1438 32737
1438 32737
1445 32737
1445 32737
1451 32737
1451 32737
1457 32736
1457 32736
1464 32735
1464 32735
1470 32735
1470 32735
1476 32735
1476 32735
1482 32735
1482 32735
1489 32734
1489 32734
1495 32734
1495 32734
1501 32734
1501 32734
1508 32734
1508 32734
1514 32733
1514 32733
1520 32733
1520 32733
1526 32733
1526 32733
1533 32733
1533 32733
1539 32732
1539 32732
1545 32732
1545 32732
1551 32732
1551 32732
1558 32732
1558 32732
1564 32732
1564 32732
1570 32730
1570 32730
1577 32730
1577 32730
1583 32730
1583 32730
1589 32730
1589 32730
1595 32729
1595 32729
1602 32729
1602 32729
1608 32729
1608 32729
1614 32729
1614 32729
1621 32728
1621 32728
1627 32728
1627 32728
1633 32727
1633 32727
1639 32727
1639 32727
1646 32727
1646 32727
1652 32727
1652 32727
1658 32727
1658 32727
1664 32726
1664 32726
1671 32726
1671 32726
1677 32726
1677 32726
1683 32725
1683 32725
1690 32725
1690 32725
1696 32725
1696 32725
1702 32724
1702 32724
1708 32724
1708 32724
1715 32723
1715 32723
1721 32723
1721 32723
1727 32723
1727 32723
1733 32722
1733 32722
1740 32722
1740 32722
1746 32721
1746 32721
1752 32722
1752 32722
1759 32722
1759 32722
1765 32721
1765 32721
1771 32721
1771 32721
1777 32720
1777 32720
1784 32720
1784 32720
1790 32720
1790 32720
1796 32719
1796 32719
1802 32719
1802 32719
1809 32719
1809 32719
1815 32718
1815 32718
1821 32718
1821 32718
1828 32717
1828 32717
1834 32717
1834 32717
1840 32717
1840 32717
1846 32716
1846 32716
1853 32716
1853 32716
1859 32715
1859 32715
1865 32715
1865 32715
1871 32715
1871 32715
1878 32714
1878 32714
1884 32714
1884 32714
1890 32713
1890 32713
1897 32713
1897 32713
1903 32713
1903 32713
1909 32712
1909 32712
1915 32712
1915 32712
1922 32711
1922 32711
1928 32712
1928 32712
1934 32712
1934 32712
1940 32711
1940 32711
1947 32711
1947 32711
1953 32711
1953 32711
1959 32710
1959 32710
1966 32710
1966 32710
1972 32709
1972 32709
1978 32709
1978 32709
1984 32709
1984 32709
1991 32708
1991 32708
1997 32708
1997 32708
2003 32707
2003 32707
2010 32707
2010 32707
2016 32707
2016 32707
2022 32706
2022 32706
2028 32706
2028 32706
2035 32705
2035 32705
2041 32705
2041 32705
2047 32705
2047 32705
2053 32704
2053 32704
2060 32704
2060 32704
2066 32703
2066 32703
2072 32703
2072 32703
2079 32703
2079 32703
2085 32702
2085 32702
2091 32702
2091 32702
2097 32701
2097 32701
2104 32700
2104 32700
2110 32700
2110 32700
2116 32699
2116 32699
2122 32699
2122 32699
2129 32699
2129 32699
2135 32698
2135 32698
2141 32698
2141 32698
2148 32697
2148 32697
2154 32697
2154 32697
2160 32697
2160 32697
2166 32696
2166 32696
2173 32696
2173 32696
2179 32695
2179 32695
2185 32695
2185 32695
2191 32695
2191 32695
2198 32694
2198 32694
2204 32694
2204 32694
2210 32694
2210 32694
2217 32693
2217 32693
2223 32693
2223 32693
2229 32692
2229 32692
2235 32692
2235 32692
2242 32692
2242 32692
2248 32691
2248 32691
2254 32691
2254 32691
2260 32690
2260 32690
2267 32690
2267 32690
2273 32689
2273 32689
2279 32688
2279 32688
2286 32688
2286 32688
2292 32687
2292 32687
2298 32687
2298 32687
2304 32687
2304 32687
2311 32686
2311 32686
2317 32686
2317 32686
2323 32685
2323 32685
2329 32685
2329 32685
2336 32685
2336 32685
2342 32684
2342 32684
2348 32684
2348 32684
2355 32684
2355 32684
2361 32683
2361 32683
2367 32683
2367 32683
2373 32681
2373 32681
2380 32681
2380 32681
2386 32681
2386 32681
2392 32680
2392 32680
2398 32680
2398 32680
2405 32679
2405 32679
2411 32679
2411 32679
2417 32678
2417 32678
2424 32678
2424 32678
2430 32677
2430 32677
2436 32677
2436 32677
2442 32676
2442 32676
2449 32676
2449 32676
2455 32675
2455 32675
2461 32676
2461 32676
2467 32675
2467 32675
2474 32675
2474 32675
2480 32674
2480 32674
2486 32674
2486 32674
2492 32673
2492 32673
2499 32672
2499 32672
2505 32672
2505 32672
2511 32671
2511 32671
2517 32671
2517 32671
2524 32670
2524 32670
2530 32670
2530 32670
2536 32669
2536 32669
2542 32669
2542 32669
2549 32668
2549 32668
2555 32668
2555 32668
2561 32667
2561 32667
2567 32667
2567 32667
2574 32667
2574 32667
2580 32666
2580 32666
2586 32666
2586 32666
2592 32665
2592 32665
2599 32665
2599 32665
2605 32664
2605 32664
2611 32664
2611 32664
2618 32663
2618 32663
2624 32663
2624 32663
2630 32662
2630 32662
2636 32662
2636 32662
2643 32661
2643 32661
2649 32661
2649 32661
2655 32660
2655 32660
2661 32659
2661 32659
2668 32659
2668 32659
2674 32658
2674 32658
2680 32658
2680 32658
2686 32657
2686 32657
2693 32657
2693 32657
2699 32656
2699 32656
2705 32656
2705 32656
2711 32655
2711 32655
2718 32655
2718 32655
2724 32654
2724 32654
2730 32654
2730 32654
2736 32653
2736 32653
2743 32652
2743 32652
2749 32652
2749 32652
2755 32651
2755 32651
2761 32651
2761 32651
2768 32650
2768 32650
2774 32650
2774 32650
2780 32649
2780 32649
2786 32649
2786 32649
2793 32648
2793 32648
2799 32648
2799 32648
2805 32647
2805 32647
2812 32647
2812 32647
2818 32646
2818 32646
2824 32645
2824 32645
2830 32645
2830 32645
2837 32644
2837 32644
2843 32644
2843 32644
2849 32643
2849 32643
2855 32643
2855 32643
2862 32642
2862 32642
2868 32642
2868 32642
2874 32641
2874 32641
2880 32641
2880 32641
2887 32640
2887 32640
2893 32639
2893 32639
2899 32639
2899 32639
2905 32638
2905 32638
2912 32638
2912 32638
2918 32637
2918 32637
2924 32637
2924 32637
2930 32636
2930 32636
2937 32636
2937 32636
2943 32635
2943 32635
2949 32635
2949 32635
2955 32634
2955 32634
2962 32634
2962 32634
2968 32633
2968 32633
2974 32632
2974 32632
2980 32632
2980 32632
2987 32631
2987 32631
2993 32631
2993 32631
2999 32630
2999 32630
3005 32630
3005 32630
3012 32629
3012 32629
3018 32629
3018 32629
3024 32628
3024 32628
3031 32628
3031 32628
3037 32627
3037 32627
3043 32627
3043 32627
3049 32626
3049 32626
3056 32624
3056 32624
3062 32624
3062 32624
3068 32623
3068 32623
3074 32623
3074 32623
3081 32622
3081 32622
3087 32622
3087 32622
3093 32621
3093 32621
3099 32621
3099 32621
3106 32620
3106 32620
3112 32620
3112 32620
3118 32619
3118 32619
3124 32619
3124 32619
3131 32618
3131 32618
3137 32617
3137 32617
3143 32617
3143 32617
3149 32616
3149 32616
3156 32616
3156 32616
3162 32615
3162 32615
3168 32614
3168 32614
3174 32613
3174 32613
3181 32613
3181 32613
3187 32612
3187 32612
3193 32612
3193 32612
3199 32611
3199 32611
3206 32611
3206 32611
3212 32610
3212 32610
3218 32609
3218 32609
3224 32609
3224 32609
3231 32608
3231 32608
3237 32607
3237 32607
3243 32607
3243 32607
3249 32606
3249 32606
3256 32605
3256 32605
3262 32606
3262 32606
3268 32605
3268 32605
3274 32604
3274 32604
3281 32603
3281 32603
3287 32603
3287 32603
3293 32602
3293 32602
3299 32601
3299 32601
3306 32601
3306 32601
3312 32600
3312 32600
3318 32599
3318 32599
3324 32599
3324 32599
3331 32598
3331 32598
3337 32597
3337 32597
3343 32597
3343 32597
3349 32596
3349 32596
3356 32595
3356 32595
3362 32595
3362 32595
3368 32594
3368 32594
3374 32594
3374 32594
3381 32593
3381 32593
3387 32593
3387 32593
3393 32592
3393 32592
3399 32591
3399 32591
3406 32591
3406 32591
3412 32590
3412 32590
3418 32589
3418 32589
3424 32589
3424 32589
3430 32588
3430 32588
3437 32587
3437 32587
3443 32587
3443 32587
3449 32586
3449 32586
3455 32585
3455 32585
3462 32585
3462 32585
3468 32584
3468 32584
3474 32583
3474 32583
3480 32582
3480 32582
3487 32582
3487 32582
3493 32581
3493 32581
3499 32580
3499 32580
3505 32580
3505 32580
3512 32579
3512 32579
3518 32578
3518 32578
3524 32578
3524 32578
3530 32577
3530 32577
3537 32576
3537 32576
3543 32576
3543 32576
3549 32575
3549 32575
3555 32574
3555 32574
3562 32574
3562 32574
3568 32573
3568 32573
3574 32572
3574 32572
3580 32571
3580 32571
3587 32571
3587 32571
3593 32570
3593 32570
3599 32569
3599 32569
3605 32569
3605 32569
3612 32568
3612 32568
3618 32567
3618 32567
3624 32567
3624 32567
3630 32566
3630 32566
3636 32565
3636 32565
3643 32565
3643 32565
3649 32564
3649 32564
3655 32563
3655 32563
3661 32563
3661 32563
3668 32562
3668 32562
3674 32561
3674 32561
3680 32560
3680 32560
3686 32560
3686 32560
3693 32559
3693 32559
3699 32558
3699 32558
3705 32558
3705 32558
3711 32557
3711 32557
3718 32556
3718 32556
3724 32556
3724 32556
3730 32555
3730 32555
3736 32554
3736 32554
3743 32554
3743 32554
3749 32553
3749 32553
3755 32552
3755 32552
3761 32552
3761 32552
3768 32551
3768 32551
3774 32550
3774 32550
3780 32549
3780 32549
3786 32549
3786 32549
3793 32548
3793 32548
3799 32547
3799 32547
3805 32547
3805 32547
3811 32546
3811 32546
3817 32545
3817 32545
3824 32545
3824 32545
3830 32544
3830 32544
3836 32543
3836 32543
3842 32543
3842 32543
3849 32542
3849 32542
3855 32540
3855 32540
3861 32540
3861 32540
3867 32539
3867 32539
3874 32538
3874 32538
3880 32537
3880 32537
3886 32537
3886 32537
3892 32536
3892 32536
3899 32535
3899 32535
3905 32535
3905 32535
3911 32534
3911 32534
3917 32533
3917 32533
3924 32533
3924 32533
3930 32532
3930 32532
3936 32531
3936 32531
3942 32531
3942 32531
3949 32530
3949 32530
3955 32529
3955 32529
3961 32529
3961 32529
3967 32527
3967 32527
3974 32526
3974 32526
3980 32525
3980 32525
3986 32525
3986 32525
3992 32524
3992 32524
3999 32523
3999 32523
4005 32523
4005 32523
4011 32522
4011 32522
4017 32521
4017 32521
4023 32520
4023 32520
4030 32519
4030 32519
4036 32519
4036 32519
4042 32518
4042 32518
4048 32517
4048 32517
4055 32517
4055 32517
4061 32516
4061 32516
4067 32515
4067 32515
4073 32514
4073 32514
4079 32514
4079 32514
4086 32513
4086 32513
4092 32512
4092 32512
4098 32511
4098 32511
4104 32510
4104 32510
4111 32509
4111 32509
4117 32509
4117 32509
4123 32508
4123 32508
4129 32507
4129 32507
4136 32506
4136 32506
4142 32505
4142 32505
4148 32504
4148 32504
4154 32504
4154 32504
4160 32504
4160 32504
4167 32503
4167 32503
4173 32502
4173 32502
4179 32501
4179 32501
4185 32500
4185 32500
4192 32499
4192 32499
4198 32498
4198 32498
4204 32498
4204 32498
4210 32497
4210 32497
4216 32496
4216 32496
4223 32495
4223 32495
4229 32494
4229 32494
4235 32493
4235 32493
4241 32492
4241 32492
4248 32492
4248 32492
4254 32491
4254 32491
4260 32490
4260 32490
4266 32489
4266 32489
4273 32488
4273 32488
4279 32487
4279 32487
4285 32487
4285 32487
4291 32486
4291 32486
4297 32485
4297 32485
4304 32484
4304 32484
4310 32483
4310 32483
4316 32482
4316 32482
4322 32481
4322 32481
4329 32482
4329 32482
4335 32481
4335 32481
4341 32480
4341 32480
4347 32479
4347 32479
4353 32478
4353 32478
4360 32477
4360 32477
4366 32476
4366 32476
4372 32476
4372 32476
4378 32475
4378 32475
4385 32474
4385 32474
4391 32473
4391 32473
4397 32472
4397 32472
4403 32471
4403 32471
4410 32471
4410 32471
4416 32470
4416 32470
4422 32469
4422 32469
4428 32468
4428 32468
4434 32467
4434 32467
4441 32466
4441 32466
4447 32465
4447 32465
4453 32465
4453 32465
4459 32464
4459 32464
4466 32463
4466 32463
4472 32462
4472 32462
4478 32461
4478 32461
4484 32460
4484 32460
4490 32459
4490 32459
4497 32458
4497 32458
4503 32457
4503 32457
4509 32456
4509 32456
4515 32455
4515 32455
4522 32454
4522 32454
4528 32453
4528 32453
4534 32452
4534 32452
4540 32452
4540 32452
4546 32451
4546 32451
4553 32450
4553 32450
4559 32449
4559 32449
4565 32448
4565 32448
4571 32447
4571 32447
4578 32447
4578 32447
4584 32446
4584 32446
4590 32445
4590 32445
4596 32444
4596 32444
4603 32443
4603 32443
4609 32442
4609 32442
4615 32441
4615 32441
4621 32441
4621 32441
4627 32440
4627 32440
4634 32439
4634 32439
4640 32438
4640 32438
4646 32437
4646 32437
4652 32436
4652 32436
4659 32435
4659 32435
4665 32435
4665 32435
4671 32433
4671 32433
4677 32432
4677 32432
4683 32431
4683 32431
4690 32430
4690 32430
4696 32429
4696 32429
4702 32428
4702 32428
4708 32428
4708 32428
4715 32427
4715 32427
4721 32426
4721 32426
4727 32425
4727 32425
4733 32424
4733 32424
4740 32423
4740 32423
4746 32423
4746 32423
4752 32422
4752 32422
4758 32421
4758 32421
4764 32420
4764 32420
4771 32418
4771 32418
4777 32417
4777 32417
4783 32416
4783 32416
4789 32416
4789 32416
4796 32415
4796 32415
4802 32414
4802 32414
4808 32413
4808 32413
4814 32412
4814 32412
4820 32411
4820 32411
4827 32410
4827 32410
4833 32409
4833 32409
4839 32408
4839 32408
4845 32407
4845 32407
4851 32406
4851 32406
4858 32406
4858 32406
4864 32405
4864 32405
4870 32404
4870 32404
4876 32403
4876 32403
4882 32402
4882 32402
4889 32401
4889 32401
4895 32400
4895 32400
4901 32399
4901 32399
4907 32398
4907 32398
4913 32397
4913 32397
4920 32396
4920 32396
4926 32395
4926 32395
4932 32394
4932 32394
4938 32393
4938 32393
4944 32392
4944 32392
4951 32391
4951 32391
4957 32390
4957 32390
4963 32389
4963 32389
4969 32388
4969 32388
4975 32387
4975 32387
4982 32387
4982 32387
4988 32386
4988 32386
4994 32385
4994 32385
5000 32384
5000 32384
5007 32383
5007 32383
5013 32382
5013 32382
5019 32381
5019 32381
5025 32380
5025 32380
5031 32379
5031 32379
5038 32378
5038 32378
5044 32377
5044 32377
5050 32376
5050 32376
5056 32375
5056 32375
5062 32374
5062 32374
5069 32373
5069 32373
5075 32372
5075 32372
5081 32371
5081 32371
5087 32370
5087 32370
5093 32369
5093 32369
5100 32368
5100 32368
5106 32367
5106 32367
5112 32366
5112 32366
5118 32365
5118 32365
5124 32364
5124 32364
5131 32363
5131 32363
5137 32362
5137 32362
5143 32361
5143 32361
5149 32360
5149 32360
5155 32359
5155 32359
5162 32358
5162 32358
5168 32357
5168 32357
5174 32356
5174 32356
5180 32355
5180 32355
5186 32354
5186 32354
5193 32353
5193 32353
5199 32352
5199 32352
5205 32352
5205 32352
5211 32351
5211 32351
5217 32350
5217 32350
5224 32349
5224 32349
5230 32348
5230 32348
5236 32347
5236 32347
5242 32346
5242 32346
5248 32345
5248 32345
5255 32344
5255 32344
5261 32343
5261 32343
5267 32342
5267 32342
5273 32341
5273 32341
5279 32340
5279 32340
5286 32339
5286 32339
5292 32338
5292 32338
5298 32337
5298 32337
5304 32336
5304 32336
5310 32335
5310 32335
5317 32334
5317 32334
5323 32333
5323 32333
5329 32332
5329 32332
5335 32331
5335 32331
5341 32330
5341 32330
5348 32329
5348 32329
5354 32328
5354 32328
5360 32327
5360 32327
5366 32326
5366 32326
5372 32325
5372 32325
5379 32324
5379 32324
5385 32323
5385 32323
5391 32322
5391 32322
5397 32321
5397 32321
5404 32320
5404 32320
5410 32319
5410 32319
5416 32318
5416 32318
5422 32317
5422 32317
5428 32316
5428 32316
5435 32314
5435 32314
5441 32313
5441 32313
5447 32312
5447 32312
5453 32311
5453 32311
5459 32310
5459 32310
5466 32309
5466 32309
5472 32308
5472 32308
5478 32307
5478 32307
5484 32306
5484 32306
5490 32305
5490 32305
5497 32304
5497 32304
5503 32303
5503 32303
5509 32302
5509 32302
5515 32301
5515 32301
5521 32300
5521 32300
5528 32299
5528 32299
5534 32298
5534 32298
5540 32297
5540 32297
5546 32296
5546 32296
5552 32295
5552 32295
5559 32293
5559 32293
5565 32292
5565 32292
5571 32291
5571 32291
5577 32290
5577 32290
5583 32289
5583 32289
5590 32288
5590 32288
5596 32287
5596 32287
5602 32286
5602 32286
5608 32285
5608 32285
5614 32284
5614 32284
5621 32283
5621 32283
5627 32281
5627 32281
5633 32280
5633 32280
5639 32279
5639 32279
5645 32279
5645 32279
5651 32278
5651 32278
5658 32277
5658 32277
5664 32275
5664 32275
5670 32274
5670 32274
5676 32273
5676 32273
5682 32272
5682 32272
5689 32271
5689 32271
5695 32270
5695 32270
5701 32269
5701 32269
5707 32267
5707 32267
5713 32266
5713 32266
5719 32265
5719 32265
5726 32264
5726 32264
5732 32263
5732 32263
5738 32262
5738 32262
5744 32261
5744 32261
5750 32260
5750 32260
5756 32259
5756 32259
5763 32258
5763 32258
5769 32257
5769 32257
5775 32256
5775 32256
5781 32254
5781 32254
5787 32253
5787 32253
5794 32252
5794 32252
5800 32251
5800 32251
5806 32250
5806 32250
5812 32249
5812 32249
5818 32248
5818 32248
5824 32246
5824 32246
5831 32245
5831 32245
5837 32244
5837 32244
5843 32243
5843 32243
5849 32242
5849 32242
5855 32241
5855 32241
5862 32239
5862 32239
5868 32238
5868 32238
5874 32237
5874 32237
5880 32236
5880 32236
5886 32235
5886 32235
5892 32234
5892 32234
5899 32233
5899 32233
5905 32231
5905 32231
5911 32230
5911 32230
5917 32230
5917 32230
5923 32229
5923 32229
5930 32228
5930 32228
5936 32227
5936 32227
5942 32225
5942 32225
5948 32224
5948 32224
5954 32223
5954 32223
5960 32222
5960 32222
5967 32221
5967 32221
5973 32220
5973 32220
5979 32218
5979 32218
5985 32217
5985 32217
5991 32216
5991 32216
5999 32215
5999 32215
6004 32214
6004 32214
6010 32213
6010 32213
6016 32212
6016 32212
6022 32210
6022 32210
6028 32209
6028 32209
6035 32208
6035 32208
6041 32207
6041 32207
6047 32206
6047 32206
6053 32205
6053 32205
6059 32203
6059 32203
6065 32202
6065 32202
6072 32201
6072 32201
6078 32200
6078 32200
6084 32198
6084 32198
6090 32197
6090 32197
6096 32196
6096 32196
6103 32194
6103 32194
6109 32193
6109 32193
6115 32192
6115 32192
6121 32191
6121 32191
6127 32190
6127 32190
6133 32189
6133 32189
6140 32187
6140 32187
6146 32186
6146 32186
6152 32185
6152 32185
6158 32184
6158 32184
6164 32183
6164 32183
6171 32182
6171 32182
6177 32180
6177 32180
6183 32179
6183 32179
6189 32178
6189 32178
6195 32177
6195 32177
6201 32176
6201 32176
6208 32175
6208 32175
6214 32174
6214 32174
6220 32172
6220 32172
6226 32171
6226 32171
6232 32170
6232 32170
6239 32169
6239 32169
6245 32168
6245 32168
6251 32167
6251 32167
6257 32164
6257 32164
6263 32163
6263 32163
6269 32162
6269 32162
6276 32161
6276 32161
6282 32160
6282 32160
6288 32159
6288 32159
6294 32158
6294 32158
6300 32156
6300 32156
6306 32155
6306 32155
6313 32154
6313 32154
6319 32153
6319 32153
6325 32152
6325 32152
6331 32151
6331 32151
6337 32149
6337 32149
6344 32148
6344 32148
6350 32147
6350 32147
6356 32145
6356 32145
6362 32144
6362 32144
6368 32143
6368 32143
6374 32141
6374 32141
6381 32140
6381 32140
6387 32139
6387 32139
6393 32138
6393 32138
6399 32137
6399 32137
6405 32135
6405 32135
6411 32134
6411 32134
6418 32133
6418 32133
6424 32132
6424 32132
6430 32130
6430 32130
6436 32129
6436 32129
6442 32129
6442 32129
6448 32127
6448 32127
6454 32126
6454 32126
6461 32125
6461 32125
6467 32123
6467 32123
6473 32122
6473 32122
6479 32121
6479 32121
6485 32120
6485 32120
6491 32118
6491 32118
6498 32117
6498 32117
6504 32116
6504 32116
6510 32114
6510 32114
6516 32113
6516 32113
6522 32112
6522 32112
6528 32110
6528 32110
6534 32109
6534 32109
6541 32108
6541 32108
6547 32107
6547 32107
6553 32105
6553 32105
6559 32104
6559 32104
6565 32104
6565 32104
6571 32102
6571 32102
6577 32101
6577 32101
6584 32100
6584 32100
6590 32099
6590 32099
6596 32097
6596 32097
6602 32096
6602 32096
6608 32095
6608 32095
6615 32093
6615 32093
6621 32092
6621 32092
6628 32091
6628 32091
6634 32089
6634 32089
6640 32088
6640 32088
6646 32087
6646 32087
6652 32086
6652 32086
6658 32084
6658 32084
6665 32083
6665 32083
6671 32082
6671 32082
6677 32080
6677 32080
6683 32079
6683 32079
6689 32078
6689 32078
6695 32076
6695 32076
6701 32075
6701 32075
6708 32074
6708 32074
6714 32073
6714 32073
6720 32071
6720 32071
6726 32070
6726 32070
6732 32069
6732 32069
6738 32067
6738 32067
6744 32066
6744 32066
6751 32065
6751 32065
6757 32063
6757 32063
6763 32062
6763 32062
6769 32061
6769 32061
6775 32060
6775 32060
6781 32058
6781 32058
6788 32057
6788 32057
6794 32056
6794 32056
6800 32054
6800 32054
6806 32053
6806 32053
6812 32052
6812 32052
6818 32051
6818 32051
6824 32049
6824 32049
6831 32048
6831 32048
6837 32047
6837 32047
6843 32045
6843 32045
6849 32044
6849 32044
6855 32043
6855 32043
6861 32041
6861 32041
6867 32040
6867 32040
6874 32039
6874 32039
6880 32038
6880 32038
6886 32036
6886 32036
6892 32035
6892 32035
6898 32034
6898 32034
6904 32032
6904 32032
6910 32031
6910 32031
6917 32030
6917 32030
6923 32028
6923 32028
6929 32027
6929 32027
6935 32026
6935 32026
6941 32025
6941 32025
6947 32023
6947 32023
6954 32022
6954 32022
6960 32021
6960 32021
6965 32019
6965 32019
6971 32018
6971 32018
6977 32017
6977 32017
6983 32016
6983 32016
6989 32014
6989 32014
6996 32013
6996 32013
7002 32012
7002 32012
7008 32010
7008 32010
7014 32008
7014 32008
7020 32007
7020 32007
7026 32005
7026 32005
7032 32004
7032 32004
7039 32003
7039 32003
7045 32002
7045 32002
7051 32000
7051 32000
7057 31999
7057 31999
7063 31998
7063 31998
7069 31996
7069 31996
7075 31995
7075 31995
7082 31994
7082 31994
7088 31992
7088 31992
7094 31991
7094 31991
7100 31990
7100 31990
7106 31989
7106 31989
7112 31987
7112 31987
7119 31986
7119 31986
7125 31985
7125 31985
7131 31983
7131 31983
7137 31981
7137 31981
7143 31980
7143 31980
7149 31978
7149 31978
7155 31977
7155 31977
7162 31976
7162 31976
7168 31975
7168 31975
7174 31973
7174 31973
7180 31972
7180 31972
7186 31971
7186 31971
7192 31969
7192 31969
7198 31968
7198 31968
7204 31966
7204 31966
7211 31965
7211 31965
7217 31963
7217 31963
7223 31963
7223 31963
7229 31961
7229 31961
7235 31960
7235 31960
7241 31958
7241 31958
7247 31957
7247 31957
7253 31956
7253 31956
7259 31954
7259 31954
7266 31953
7266 31953
7272 31951
7272 31951
7278 31950
7278 31950
7284 31948
7284 31948
7290 31947
7290 31947
7296 31945
7296 31945
7302 31944
7302 31944
7308 31942
7308 31942
7314 31941
7314 31941
7321 31940
7321 31940
7327 31939
7327 31939
7333 31938
7333 31938
7339 31936
7339 31936
7345 31935
7345 31935
7351 31933
7351 31933
7357 31932
7357 31932
7363 31930
7363 31930
7369 31929
7369 31929
7376 31928
7376 31928
7382 31926
7382 31926
7388 31925
7388 31925
7394 31923
7394 31923
7400 31922
7400 31922
7406 31920
7406 31920
7412 31919
7412 31919
7418 31917
7418 31917
7424 31916
7424 31916
7430 31914
7430 31914
7437 31913
7437 31913
7443 31912
7443 31912
7449 31910
7449 31910
7455 31909
7455 31909
7461 31907
7461 31907
7467 31906
7467 31906
7473 31904
7473 31904
7479 31903
7479 31903
7485 31901
7485 31901
7492 31900
7492 31900
7498 31898
7498 31898
7504 31897
7504 31897
7510 31896
7510 31896
7516 31894
7516 31894
7522 31893
7522 31893
7528 31891
7528 31891
7534 31890
7534 31890
7540 31888
7540 31888
7547 31887
7547 31887
7553 31885
7553 31885
7559 31884
7559 31884
7565 31882
7565 31882
7572 31882
7572 31882
7577 31880
7577 31880
7583 31878
7583 31878
7589 31877
7589 31877
7595 31875
7595 31875
7602 31874
7602 31874
7608 31872
7608 31872
7614 31871
7614 31871
7620 31869
7620 31869
7626 31868
7626 31868
7632 31866
7632 31866
7638 31865
7638 31865
7644 31864
7644 31864
7650 31862
7650 31862
7657 31861
7657 31861
7663 31859
7663 31859
7669 31858
7669 31858
7675 31856
7675 31856
7681 31855
7681 31855
7687 31853
7687 31853
7693 31852
7693 31852
7699 31850
7699 31850
7705 31849
7705 31849
7712 31848
7712 31848
7718 31846
7718 31846
7724 31845
7724 31845
7730 31843
7730 31843
7736 31842
7736 31842
7742 31840
7742 31840
7748 31839
7748 31839
7754 31837
7754 31837
7760 31836
7760 31836
7767 31835
7767 31835
7773 31833
7773 31833
7779 31832
7779 31832
7785 31830
7785 31830
7791 31829
7791 31829
7797 31827
7797 31827
7803 31826
7803 31826
7809 31824
7809 31824
7815 31823
7815 31823
7821 31820
7821 31820
7828 31819
7828 31819
7834 31818
7834 31818
7840 31816
7840 31816
7846 31815
7846 31815
7852 31813
7852 31813
7858 31812
7858 31812
7864 31810
7864 31810
7870 31809
7870 31809
7876 31807
7876 31807
7883 31806
7883 31806
7889 31804
7889 31804
7895 31803
7895 31803
7901 31802
7901 31802
7907 31800
7907 31800
7913 31799
7913 31799
7919 31797
7919 31797
7925 31795
7925 31795
7931 31793
7931 31793
7938 31792
7938 31792
7944 31790
7944 31790
7950 31789
7950 31789
7956 31787
7956 31787
7962 31786
7962 31786
7968 31784
7968 31784
7974 31783
7974 31783
7980 31781
7980 31781
7986 31780
7986 31780
7992 31778
7992 31778
7998 31776
7998 31776
8005 31775
8005 31775
8011 31774
8011 31774
8017 31773
8017 31773
8023 31771
8023 31771
8029 31769
8029 31769
8035 31768
8035 31768
8041 31766
8041 31766
8047 31765
8047 31765
8053 31763
8053 31763
8059 31761
8059 31761
8065 31760
8065 31760
8071 31758
8071 31758
8077 31757
8077 31757
8084 31755
8084 31755
8090 31753
8090 31753
8096 31752
8096 31752
8102 31750
8102 31750
8108 31749
8108 31749
8114 31747
8114 31747
8120 31746
8120 31746
8126 31745
8126 31745
8133 31743
8133 31743
8139 31742
8139 31742
8145 31740
8145 31740
8151 31738
8151 31738
8158 31737
8158 31737
8164 31735
8164 31735
8170 31734
8170 31734
8176 31732
8176 31732
8182 31730
8182 31730
8188 31729
8188 31729
8194 31727
8194 31727
8200 31726
8200 31726
8206 31724
8206 31724
8212 31722
8212 31722
8218 31721
8218 31721
8224 31719
8224 31719
8230 31718
8230 31718
8237 31716
8237 31716
8243 31714
8243 31714
8249 31713
8249 31713
8255 31711
8255 31711
8261 31710
8261 31710
8267 31708
8267 31708
8273 31706
8273 31706
8279 31705
8279 31705
8285 31703
8285 31703
8291 31702
8291 31702
8297 31700
8297 31700
8303 31698
8303 31698
8309 31697
8309 31697
8316 31695
8316 31695
8322 31694
8322 31694
8328 31692
8328 31692
8334 31690
8334 31690
8340 31689
8340 31689
8346 31687
8346 31687
8352 31686
8352 31686
8358 31684
8358 31684
8364 31682
8364 31682
8370 31681
8370 31681
8376 31679
8376 31679
8382 31677
8382 31677
8388 31676
8388 31676
8395 31674
8395 31674
8401 31673
8401 31673
8407 31671
8407 31671
8413 31669
8413 31669
8419 31668
8419 31668
8425 31666
8425 31666
8431 31665
8431 31665
8437 31663
8437 31663
8443 31661
8443 31661
8449 31660
8449 31660
8455 31658
8455 31658
8461 31657
8461 31657
8467 31655
8467 31655
8474 31653
8474 31653
8480 31652
8480 31652
8486 31650
8486 31650
8492 31649
8492 31649
8498 31647
8498 31647
8504 31645
8504 31645
8510 31644
8510 31644
8516 31642
8516 31642
8522 31641
8522 31641
8528 31639
8528 31639
8534 31637
8534 31637
8540 31636
8540 31636
8547 31634
8547 31634
8553 31633
8553 31633
8559 31631
8559 31631
8565 31629
8565 31629
8571 31628
8571 31628
8576 31626
8576 31626
8582 31625
8582 31625
8588 31622
8588 31622
8594 31620
8594 31620
8600 31619
8600 31619
8606 31617
8606 31617
8612 31616
8612 31616
8618 31614
8618 31614
8625 31612
8625 31612
8631 31611
8631 31611
8637 31609
8637 31609
8643 31608
8643 31608
8649 31606
8649 31606
8655 31604
8655 31604
8661 31603
8661 31603
8667 31601
8667 31601
8673 31600
8673 31600
8679 31598
8679 31598
8685 31596
8685 31596
8691 31595
8691 31595
8697 31592
8697 31592
8704 31591
8704 31591
8710 31589
8710 31589
8716 31587
8716 31587
8722 31586
8722 31586
8728 31584
8728 31584
8734 31583
8734 31583
8740 31581
8740 31581
8746 31579
8746 31579
8752 31578
8752 31578
8758 31576
8758 31576
8764 31574
8764 31574
8770 31572
8770 31572
8776 31571
8776 31571
8782 31569
8782 31569
8788 31568
8788 31568
8794 31566
8794 31566
8800 31565
8800 31565
8806 31563
8806 31563
8812 31561
8812 31561
8818 31559
8818 31559
8824 31558
8824 31558
8830 31556
8830 31556
8837 31554
8837 31554
8843 31552
8843 31552
8849 31551
8849 31551
8855 31549
8855 31549
8861 31547
8861 31547
8867 31545
8867 31545
8873 31544
8873 31544
8879 31542
8879 31542
8885 31540
8885 31540
8891 31538
8891 31538
8897 31538
8897 31538
8903 31536
8903 31536
8909 31534
8909 31534
8915 31532
8915 31532
8921 31531
8921 31531
8927 31529
8927 31529
8933 31527
8933 31527
8939 31525
8939 31525
8945 31524
8945 31524
8951 31522
8951 31522
8958 31520
8958 31520
8964 31518
8964 31518
8970 31517
8970 31517
8976 31515
8976 31515
8982 31513
8982 31513
8988 31511
8988 31511
8994 31510
8994 31510
9000 31508
9000 31508
9006 31506
9006 31506
9012 31504
9012 31504
9018 31503
9018 31503
9024 31501
9024 31501
9031 31499
9031 31499
9037 31497
9037 31497
9043 31496
9043 31496
9049 31494
9049 31494
9055 31492
9055 31492
9061 31490
9061 31490
9067 31489
9067 31489
9073 31487
9073 31487
9079 31485
9079 31485
9085 31483
9085 31483
9091 31482
9091 31482
9097 31480
9097 31480
9103 31478
9103 31478
9109 31476
9109 31476
9115 31475
9115 31475
9121 31473
9121 31473
9127 31471
9127 31471
9133 31469
9133 31469
9139 31468
9139 31468
9145 31466
9145 31466
9151 31464
9151 31464
9157 31462
9157 31462
9163 31461
9163 31461
9169 31459
9169 31459
9175 31457
9175 31457
9181 31455
9181 31455
9187 31454
9187 31454
9193 31452
9193 31452
9199 31450
9199 31450
9205 31448
9205 31448
9211 31447
9211 31447
9217 31445
9217 31445
9224 31443
9224 31443
9230 31441
9230 31441
9236 31440
9236 31440
9242 31438
9242 31438
9248 31436
9248 31436
9254 31434
9254 31434
9260 31433
9260 31433
9266 31431
9266 31431
9272 31429
9272 31429
9278 31427
9278 31427
9284 31426
9284 31426
9290 31424
9290 31424
9296 31422
9296 31422
9301 31420
9301 31420
9307 31419
9307 31419
9313 31417
9313 31417
9319 31415
9319 31415
9325 31413
9325 31413
9331 31412
9331 31412
9337 31410
9337 31410
9343 31408
9343 31408
9349 31406
9349 31406
9355 31405
9355 31405
9361 31402
9361 31402
9367 31400
9367 31400
9373 31398
9373 31398
9379 31397
9379 31397
9385 31395
9385 31395
9391 31393
9391 31393
9397 31391
9397 31391
9403 31390
9403 31390
9409 31388
9409 31388
9416 31386
9416 31386
9422 31384
9422 31384
9428 31383
9428 31383
9434 31381
9434 31381
9440 31379
9440 31379
9446 31377
9446 31377
9452 31376
9452 31376
9458 31374
9458 31374
9464 31372
9464 31372
9470 31369
9470 31369
9476 31368
9476 31368
9482 31366
9482 31366
9488 31364
9488 31364
9494 31362
9494 31362
9500 31361
9500 31361
9506 31359
9506 31359
9512 31357
9512 31357
9518 31355
9518 31355
9524 31353
9524 31353
9530 31351
9530 31351
9536 31349
9536 31349
9542 31348
9542 31348
9548 31346
9548 31346
9554 31344
9554 31344
9560 31343
9560 31343
9566 31341
9566 31341
9572 31339
9572 31339
9578 31337
9578 31337
9584 31335
9584 31335
9590 31333
9590 31333
9596 31331
9596 31331
9602 31330
9602 31330
9608 31328
9608 31328
9614 31326
9614 31326
9620 31324
9620 31324
9626 31322
9626 31322
9632 31320
9632 31320
9638 31318
9638 31318
9644 31316
9644 31316
9651 31314
9651 31314
9657 31312
9657 31312
9663 31311
9663 31311
9669 31310
9669 31310
9675 31308
9675 31308
9681 31306
9681 31306
9687 31304
9687 31304
9693 31302
9693 31302
9699 31300
9699 31300
9705 31298
9705 31298
9711 31296
9711 31296
9717 31294
9717 31294
9723 31293
9723 31293
9729 31291
9729 31291
9735 31289
9735 31289
9741 31287
9741 31287
9747 31285
9747 31285
9753 31283
9753 31283
9759 31281
9759 31281
9765 31279
9765 31279
9771 31277
9771 31277
9777 31275
9777 31275
9783 31274
9783 31274
9789 31272
9789 31272
9795 31270
9795 31270
9801 31268
9801 31268
9807 31266
9807 31266
9813 31264
9813 31264
9819 31262
9819 31262
9825 31260
9825 31260
9831 31258
9831 31258
9837 31256
9837 31256
9843 31255
9843 31255
9849 31253
9849 31253
9855 31251
9855 31251
9861 31249
9861 31249
9867 31247
9867 31247
9873 31245
9873 31245
9879 31243
9879 31243
9885 31241
9885 31241
9891 31239
9891 31239
9897 31238
9897 31238
9902 31236
9902 31236
9908 31234
9908 31234
9914 31232
9914 31232
9920 31230
9920 31230
9926 31228
9926 31228
9932 31226
9932 31226
9938 31224
9938 31224
9944 31222
9944 31222
9950 31220
9950 31220
9956 31219
9956 31219
9962 31217
9962 31217
9968 31215
9968 31215
9974 31213
9974 31213
9980 31211
9980 31211
9986 31209
9986 31209
9992 31207
9992 31207
9998 31205
9998 31205
10004 31203
10004 31203
10010 31201
10010 31201
10016 31200
10016 31200
10022 31198
10022 31198
10028 31196
10028 31196
10034 31194
10034 31194
10040 31192
10040 31192
10046 31190
10046 31190
10052 31188
10052 31188
10058 31186
10058 31186
10064 31184
10064 31184
10070 31182
10070 31182
10076 31181
10076 31181
10082 31179
10082 31179
10088 31177
10088 31177
10094 31175
10094 31175
10100 31173
10100 31173
10106 31171
10106 31171
10112 31169
10112 31169
10118 31167
10118 31167
10124 31165
10124 31165
10130 31162
10130 31162
10136 31161
10136 31161
10142 31159
10142 31159
10147 31157
10147 31157
10153 31155
10153 31155
10159 31153
10159 31153
10165 31151
10165 31151
10171 31149
10171 31149
10177 31147
10177 31147
10183 31145
10183 31145
10189 31143
10189 31143
10195 31142
10195 31142
10201 31140
10201 31140
10207 31138
10207 31138
10213 31136
10213 31136
10219 31134
10219 31134
10225 31132
10225 31132
10231 31130
10231 31130
10237 31127
10237 31127
10243 31125
10243 31125
10249 31123
10249 31123
10255 31122
10255 31122
10261 31120
10261 31120
10267 31118
10267 31118
10273 31116
10273 31116
10279 31114
10279 31114
10285 31112
10285 31112
10291 31110
10291 31110
10297 31108
10297 31108
10303 31106
10303 31106
10309 31104
10309 31104
10315 31102
10315 31102
10321 31100
10321 31100
10327 31099
10327 31099
10332 31097
10332 31097
10338 31095
10338 31095
10344 31093
10344 31093
10350 31091
10350 31091
10356 31088
10356 31088
10362 31086
10362 31086
10368 31084
10368 31084
10374 31082
10374 31082
10380 31080
10380 31080
10386 31078
10386 31078
10392 31076
10392 31076
10398 31074
10398 31074
10404 31072
10404 31072
10410 31070
10410 31070
10416 31068
10416 31068
10422 31066
10422 31066
10427 31064
10427 31064
10433 31062
10433 31062
10439 31060
10439 31060
10446 31059
10446 31059
10452 31057
10452 31057
10458 31055
10458 31055
10464 31053
10464 31053
10470 31051
10470 31051
10476 31049
10476 31049
10482 31047
10482 31047
10488 31045
10488 31045
10494 31043
10494 31043
10500 31041
10500 31041
10506 31039
10506 31039
10512 31036
10512 31036
10518 31034
10518 31034
10523 31032
10523 31032
10529 31030
10529 31030
10535 31028
10535 31028
10541 31026
10541 31026
10547 31024
10547 31024
10553 31022
10553 31022
10559 31020
10559 31020
10565 31018
10565 31018
10571 31016
10571 31016
10577 31014
10577 31014
10583 31012
10583 31012
10589 31010
10589 31010
10595 31008
10595 31008
10601 31006
10601 31006
10607 31004
10607 31004
10613 31002
10613 31002
10618 31000
10618 31000
10624 30998
10624 30998
10630 30996
10630 30996
10636 30994
10636 30994
10642 30992
10642 30992
10648 30990
10648 30990
10654 30988
10654 30988
10660 30986
10660 30986
10666 30983
10666 30983
10672 30981
10672 30981
10678 30979
10678 30979
10684 30977
10684 30977
10690 30975
10690 30975
10696 30973
10696 30973
10702 30971
10702 30971
10708 30969
10708 30969
10713 30967
10713 30967
10719 30965
10719 30965
10725 30963
10725 30963
10731 30961
10731 30961
10737 30959
10737 30959
10743 30957
10743 30957
10749 30955
10749 30955
10755 30953
10755 30953
10761 30951
10761 30951
10767 30949
10767 30949
10773 30947
10773 30947
10779 30945
10779 30945
10785 30943
10785 30943
10791 30941
10791 30941
10797 30939
10797 30939
10803 30937
10803 30937
10808 30935
10808 30935
10814 30932
10814 30932
10820 30930
10820 30930
10826 30928
10826 30928
10832 30926
10832 30926
10838 30924
10838 30924
10844 30922
10844 30922
10850 30920
10850 30920
10856 30918
10856 30918
10862 30916
10862 30916
10868 30914
10868 30914
10874 30912
10874 30912
10879 30909
10879 30909
10885 30907
10885 30907
10891 30905
10891 30905
10897 30903
10897 30903
10902 30901
10902 30901
10908 30899
10908 30899
10914 30897
10914 30897
10920 30895
10920 30895
10926 30893
10926 30893
10932 30891
10932 30891
10938 30889
10938 30889
10944 30887
10944 30887
10950 30885
10950 30885
10956 30883
10956 30883
10962 30881
10962 30881
10968 30878
10968 30878
10974 30876
10974 30876
10980 30874
10980 30874
10986 30872
10986 30872
10992 30870
10992 30870
10997 30867
10997 30867
11003 30865
11003 30865
11009 30863
11009 30863
11015 30861
11015 30861
11021 30859
11021 30859
11027 30857
11027 30857
11033 30855
11033 30855
11039 30853
11039 30853
11045 30851
11045 30851
11051 30849
11051 30849
11057 30846
11057 30846
11063 30844
11063 30844
11068 30842
11068 30842
11074 30840
11074 30840
11080 30839
11080 30839
11086 30836
11086 30836
11092 30834
11092 30834
11098 30832
11098 30832
11104 30830
11104 30830
11110 30828
11110 30828
11116 30825
11116 30825
11121 30823
11121 30823
11127 30821
11127 30821
11133 30819
11133 30819
11139 30817
11139 30817
11145 30814
11145 30814
11151 30812
11151 30812
11157 30810
11157 30810
11163 30808
11163 30808
11169 30806
11169 30806
11175 30804
11175 30804
11181 30802
11181 30802
11187 30800
11187 30800
11193 30798
11193 30798
11199 30796
11199 30796
11205 30794
11205 30794
11211 30791
11211 30791
11217 30789
11217 30789
11223 30787
11223 30787
11229 30785
11229 30785
11234 30783
11234 30783
11240 30780
11240 30780
11246 30778
11246 30778
11252 30776
11252 30776
11258 30774
11258 30774
11264 30772
11264 30772
11270 30769
11270 30769
11276 30767
11276 30767
11282 30765
11282 30765
11287 30763
11287 30763
11293 30761
11293 30761
11299 30758
11299 30758
11305 30756
11305 30756
11311 30754
11311 30754
11317 30752
11317 30752
11323 30750
11323 30750
11329 30747
11329 30747
11335 30745
11335 30745
11340 30743
11340 30743
11346 30741
11346 30741
11352 30739
11352 30739
11358 30736
11358 30736
11364 30734
11364 30734
11370 30732
11370 30732
11376 30730
11376 30730
11382 30728
11382 30728
11388 30725
11388 30725
11393 30723
11393 30723
11399 30721
11399 30721
11405 30719
11405 30719
11411 30717
11411 30717
11417 30716
11417 30716
11423 30712
11423 30712
11429 30710
11429 30710
11435 30708
11435 30708
11441 30706
11441 30706
11446 30704
11446 30704
11452 30701
11452 30701
11458 30699
11458 30699
11464 30697
11464 30697
11470 30695
11470 30695
11476 30693
11476 30693
11482 30690
11482 30690
11488 30688
11488 30688
11494 30686
11494 30686
11499 30684
11499 30684
11505 30682
11505 30682
11511 30679
11511 30679
11517 30677
11517 30677
11523 30675
11523 30675
11529 30673
11529 30673
11535 30671
11535 30671
11541 30668
11541 30668
11547 30666
11547 30666
11552 30664
11552 30664
11558 30662
11558 30662
11564 30660
11564 30660
11570 30657
11570 30657
11576 30655
11576 30655
11582 30653
11582 30653
11588 30651
11588 30651
11594 30649
11594 30649
11600 30646
11600 30646
11606 30644
11606 30644
11611 30642
11611 30642
11617 30640
11617 30640
11623 30638
11623 30638
11629 30635
11629 30635
11635 30633
11635 30633
11641 30631
11641 30631
11647 30629
11647 30629
11653 30627
11653 30627
11659 30623
11659 30623
11663 30621
11663 30621
11669 30619
11669 30619
11675 30617
11675 30617
11681 30615
11681 30615
11687 30613
11687 30613
11693 30610
11693 30610
11699 30608
11699 30608
11705 30606
11705 30606
11711 30604
11711 30604
11716 30602
11716 30602
11722 30599
11722 30599
11728 30597
11728 30597
11734 30595
11734 30595
11740 30593
11740 30593
11746 30591
11746 30591
11752 30588
11752 30588
11758 30585
11758 30585
11764 30583
11764 30583
11769 30581
11769 30581
11775 30579
11775 30579
11781 30576
11781 30576
11787 30574
11787 30574
11793 30572
11793 30572
11799 30570
11799 30570
11805 30567
11805 30567
11811 30565
11811 30565
11816 30563
11816 30563
11822 30560
11822 30560
11828 30558
11828 30558
11834 30556
11834 30556
11840 30553
11840 30553
11846 30552
11846 30552
11851 30550
11851 30550
11857 30547
11857 30547
11863 30545
11863 30545
11869 30543
11869 30543
11875 30540
11875 30540
11881 30538
11881 30538
11886 30536
11886 30536
11892 30533
11892 30533
11898 30531
11898 30531
11905 30529
11905 30529
11911 30526
11911 30526
11917 30524
11917 30524
11922 30522
11922 30522
11928 30519
11928 30519
11934 30517
11934 30517
11940 30515
11940 30515
11946 30512
11946 30512
11952 30510
11952 30510
11957 30508
11957 30508
11963 30505
11963 30505
11969 30504
11969 30504
11975 30502
11975 30502
11981 30500
11981 30500
11987 30497
11987 30497
11992 30495
11992 30495
11998 30493
11998 30493
12004 30490
12004 30490
12010 30488
12010 30488
12016 30486
12016 30486
12022 30483
12022 30483
12027 30481
12027 30481
12033 30479
12033 30479
12039 30476
12039 30476
12045 30474
12045 30474
12051 30472
12051 30472
12057 30469
12057 30469
12062 30467
12062 30467
12068 30465
12068 30465
12074 30462
12074 30462
12080 30460
12080 30460
12086 30458
12086 30458
12092 30455
12092 30455
12097 30453
12097 30453
12103 30451
12103 30451
12109 30448
12109 30448
12115 30446
12115 30446
12121 30444
12121 30444
12127 30441
12127 30441
12132 30439
12132 30439
12138 30437
12138 30437
12144 30434
12144 30434
12150 30432
12150 30432
12156 30430
12156 30430
12162 30427
12162 30427
12168 30425
12168 30425
12173 30423
12173 30423
12179 30420
12179 30420
12185 30418
12185 30418
12191 30416
12191 30416
12197 30413
12197 30413
12203 30411
12203 30411
12208 30409
12208 30409
12214 30406
12214 30406
12220 30404
12220 30404
12226 30402
12226 30402
12232 30399
12232 30399
12238 30397
12238 30397
12243 30395
12243 30395
12249 30392
12249 30392
12255 30390
12255 30390
12261 30388
12261 30388
12267 30385
12267 30385
12273 30383
12273 30383
12278 30381
12278 30381
12284 30378
12284 30378
12290 30376
12290 30376
12296 30374
12296 30374
12302 30371
12302 30371
12308 30369
12308 30369
12313 30367
12313 30367
12319 30364
12319 30364
12325 30362
12325 30362
12331 30360
12331 30360
12337 30357
12337 30357
12343 30355
12343 30355
12348 30353
12348 30353
12354 30351
12354 30351
12360 30348
12360 30348
12366 30346
12366 30346
12372 30343
12372 30343
12378 30340
12378 30340
12383 30338
12383 30338
12389 30336
12389 30336
12395 30333
12395 30333
12401 30331
12401 30331
12407 30329
12407 30329
12413 30326
12413 30326
12418 30324
12418 30324
12424 30322
12424 30322
12430 30319
12430 30319
12435 30317
12435 30317
12441 30315
12441 30315
12447 30312
12447 30312
12452 30310
12452 30310
12458 30308
12458 30308
12464 30305
12464 30305
12470 30303
12470 30303
12476 30301
12476 30301
12482 30298
12482 30298
12487 30296
12487 30296
12493 30293
12493 30293
12499 30290
12499 30290
12505 30288
12505 30288
12511 30286
12511 30286
12517 30283
12517 30283
12522 30281
12522 30281
12528 30279
12528 30279
12534 30276
12534 30276
12540 30274
12540 30274
12546 30272
12546 30272
12552 30269
12552 30269
12557 30267
12557 30267
12563 30264
12563 30264
12569 30262
12569 30262
12575 30259
12575 30259
12580 30257
12580 30257
12586 30255
12586 30255
12592 30253
12592 30253
12598 30250
12598 30250
12604 30248
12604 30248
12609 30245
12609 30245
12615 30243
12615 30243
12621 30240
12621 30240
12627 30238
12627 30238
12632 30235
12632 30235
12638 30233
12638 30233
12644 30230
12644 30230
12651 30228
12651 30228
12656 30225
12656 30225
12662 30223
12662 30223
12668 30221
12668 30221
12674 30218
12674 30218
12680 30216
12680 30216
12685 30213
12685 30213
12691 30212
12691 30212
12697 30209
12697 30209
12703 30207
12703 30207
12708 30204
12708 30204
12714 30202
12714 30202
12720 30199
12720 30199
12726 30197
12726 30197
12732 30194
12732 30194
12737 30192
12737 30192
12743 30189
12743 30189
12749 30187
12749 30187
12755 30184
12755 30184
12760 30182
12760 30182
12766 30179
12766 30179
12772 30177
12772 30177
12778 30174
12778 30174
12783 30172
12783 30172
12789 30170
12789 30170
12795 30167
12795 30167
12801 30165
12801 30165
12807 30162
12807 30162
12812 30160
12812 30160
12818 30157
12818 30157
12824 30155
12824 30155
12830 30152
12830 30152
12835 30150
12835 30150
12841 30147
12841 30147
12847 30145
12847 30145
12853 30142
12853 30142
12859 30140
12859 30140
12864 30137
12864 30137
12870 30135
12870 30135
12876 30132
12876 30132
12882 30130
12882 30130
12887 30127
12887 30127
12893 30125
12893 30125
12899 30122
12899 30122
12905 30120
12905 30120
12911 30118
12911 30118
12916 30115
12916 30115
12922 30113
12922 30113
12928 30110
12928 30110
12934 30108
12934 30108
12939 30105
12939 30105
12945 30103
12945 30103
12951 30100
12951 30100
12957 30098
12957 30098
12962 30095
12962 30095
12968 30093
12968 30093
12974 30090
12974 30090
12980 30088
12980 30088
12986 30085
12986 30085
12991 30083
12991 30083
12997 30080
12997 30080
13003 30078
13003 30078
13009 30075
13009 30075
13014 30073
13014 30073
13020 30070
13020 30070
13026 30068
13026 30068
13032 30065
13032 30065
13038 30063
13038 30063
13043 30061
13043 30061
13049 30058
13049 30058
13055 30056
13055 30056
13061 30053
13061 30053
13066 30051
13066 30051
13072 30048
13072 30048
13078 30046
13078 30046
13084 30043
13084 30043
13089 30041
13089 30041
13095 30038
13095 30038
13101 30036
13101 30036
13107 30033
13107 30033
13113 30031
13113 30031
13118 30028
13118 30028
13124 30026
13124 30026
13130 30023
13130 30023
13136 30020
13136 30020
13141 30017
13141 30017
13147 30015
13147 30015
13153 30012
13153 30012
13159 30010
13159 30010
13165 30008
13165 30008
13170 30005
13170 30005
13175 30003
13175 30003
13181 30000
13181 30000
13187 29998
13187 29998
13192 29995
13192 29995
13198 29993
13198 29993
13204 29990
13204 29990
13210 29988
13210 29988
13215 29985
13215 29985
13221 29983
13221 29983
13227 29980
13227 29980
13233 29978
13233 29978
13239 29974
13239 29974
13244 29972
13244 29972
13250 29969
13250 29969
13256 29967
13256 29967
13262 29964
13262 29964
13267 29962
13267 29962
13273 29959
13273 29959
13279 29957
13279 29957
13285 29954
13285 29954
13290 29952
13290 29952
13296 29949
13296 29949
13302 29947
13302 29947
13308 29944
13308 29944
13313 29941
13313 29941
13319 29939
13319 29939
13325 29937
13325 29937
13330 29934
13330 29934
13336 29932
13336 29932
13342 29929
13342 29929
13348 29927
13348 29927
13353 29924
13353 29924
13359 29921
13359 29921
13365 29919
13365 29919
13370 29916
13370 29916
13376 29914
13376 29914
13382 29911
13382 29911
13389 29908
13389 29908
13394 29906
13394 29906
13400 29903
13400 29903
13406 29900
13406 29900
13411 29898
13411 29898
13417 29895
13417 29895
13423 29893
13423 29893
13428 29890
13428 29890
13434 29887
13434 29887
13440 29886
13440 29886
13446 29883
13446 29883
13451 29880
13451 29880
13457 29878
13457 29878
13463 29875
13463 29875
13468 29873
13468 29873
13474 29870
13474 29870
13480 29867
13480 29867
13486 29865
13486 29865
13491 29862
13491 29862
13497 29860
13497 29860
13503 29857
13503 29857
13508 29854
13508 29854
13514 29852
13514 29852
13520 29849
13520 29849
13526 29846
13526 29846
13531 29844
13531 29844
13537 29841
13537 29841
13543 29839
13543 29839
13548 29836
13548 29836
13554 29833
13554 29833
13560 29831
13560 29831
13566 29828
13566 29828
13571 29826
13571 29826
13577 29823
13577 29823
13583 29820
13583 29820
13588 29818
13588 29818
13594 29815
13594 29815
13600 29812
13600 29812
13606 29810
13606 29810
13611 29807
13611 29807
13617 29805
13617 29805
13623 29802
13623 29802
13628 29799
13628 29799
13634 29797
13634 29797
13640 29794
13640 29794
13646 29792
13646 29792
13651 29789
13651 29789
13657 29786
13657 29786
13663 29784
13663 29784
13668 29781
13668 29781
13674 29778
13674 29778
13680 29776
13680 29776
13685 29773
13685 29773
13691 29771
13691 29771
13697 29768
13697 29768
13703 29765
13703 29765
13708 29763
13708 29763
13714 29760
13714 29760
13720 29757
13720 29757
13725 29755
13725 29755
13731 29752
13731 29752
13737 29750
13737 29750
13743 29747
13743 29747
13748 29744
13748 29744
13754 29742
13754 29742
13760 29739
13760 29739
13765 29737
13765 29737
13771 29734
13771 29734
13777 29731
13777 29731
13783 29729
13783 29729
13788 29726
13788 29726
13794 29723
13794 29723
13800 29721
13800 29721
13805 29718
13805 29718
13811 29716
13811 29716
13817 29713
13817 29713
13823 29710
13823 29710
13828 29708
13828 29708
13834 29705
13834 29705
13840 29703
13840 29703
13845 29700
13845 29700
13851 29697
13851 29697
13857 29694
13857 29694
13863 29691
13863 29691
13868 29688
13868 29688
13874 29686
13874 29686
13880 29683
13880 29683
13885 29681
13885 29681
13891 29678
13891 29678
13897 29675
13897 29675
13902 29673
13902 29673
13907 29670
13907 29670
13913 29667
13913 29667
13919 29665
13919 29665
13924 29662
13924 29662
13930 29660
13930 29660
13936 29657
13936 29657
13941 29654
13941 29654
13947 29652
13947 29652
13953 29649
13953 29649
13959 29647
13959 29647
13964 29644
13964 29644
13970 29640
13970 29640
13976 29638
13976 29638
13981 29635
13981 29635
13987 29632
13987 29632
13993 29630
13993 29630
13999 29627
13999 29627
14004 29625
14004 29625
14010 29622
14010 29622
14016 29619
14016 29619
14021 29616
14021 29616
14027 29614
14027 29614
14033 29611
14033 29611
14038 29608
14038 29608
14044 29605
14044 29605
14050 29603
14050 29603
14055 29601
14055 29601
14061 29598
14061 29598
14066 29595
14066 29595
14072 29593
14072 29593
14078 29590
14078 29590
14083 29587
14083 29587
14089 29584
14089 29584
14095 29582
14095 29582
14100 29579
14100 29579
14107 29576
14107 29576
14113 29573
14113 29573
14118 29571
14118 29571
14124 29568
14124 29568
14130 29565
14130 29565
14135 29562
14135 29562
14141 29560
14141 29560
14147 29557
14147 29557
14152 29554
14152 29554
14158 29551
14158 29551
14164 29549
14164 29549
14169 29547
14169 29547
14175 29544
14175 29544
14180 29541
14180 29541
14186 29539
14186 29539
14192 29536
14192 29536
14197 29533
14197 29533
14203 29530
14203 29530
14209 29527
14209 29527
14214 29525
14214 29525
14220 29522
14220 29522
14226 29519
14226 29519
14231 29516
14231 29516
14237 29514
14237 29514
14243 29511
14243 29511
14248 29508
14248 29508
14254 29505
14254 29505
14260 29503
14260 29503
14265 29500
14265 29500
14271 29497
14271 29497
14276 29494
14276 29494
14282 29492
14282 29492
14288 29489
14288 29489
14293 29486
14293 29486
14299 29483
14299 29483
14305 29481
14305 29481
14310 29478
14310 29478
14316 29475
14316 29475
14322 29472
14322 29472
14327 29470
14327 29470
14333 29467
14333 29467
14339 29464
14339 29464
14344 29461
14344 29461
14350 29459
14350 29459
14356 29456
14356 29456
14361 29453
14361 29453
14367 29450
14367 29450
14373 29448
14373 29448
14378 29445
14378 29445
14384 29442
14384 29442
14389 29439
14389 29439
14395 29436
14395 29436
14401 29434
14401 29434
14406 29431
14406 29431
14412 29428
14412 29428
14418 29425
14418 29425
14423 29423
14423 29423
14429 29420
14429 29420
14435 29417
14435 29417
14440 29414
14440 29414
14446 29412
14446 29412
14452 29409
14452 29409
14457 29406
14457 29406
14463 29403
14463 29403
14469 29401
14469 29401
14474 29398
14474 29398
14480 29395
14480 29395
14485 29392
14485 29392
14491 29390
14491 29390
14497 29387
14497 29387
14502 29384
14502 29384
14508 29381
14508 29381
14514 29379
14514 29379
14519 29376
14519 29376
14525 29373
14525 29373
14531 29370
14531 29370
14536 29368
14536 29368
14542 29365
14542 29365
14548 29362
14548 29362
14553 29359
14553 29359
14559 29356
14559 29356
14565 29354
14565 29354
14570 29351
14570 29351
14576 29348
14576 29348
14581 29344
14581 29344
14587 29342
14587 29342
14593 29339
14593 29339
14598 29336
14598 29336
14604 29333
14604 29333
14610 29331
14610 29331
14615 29328
14615 29328
14621 29325
14621 29325
14627 29322
14627 29322
14632 29320
14632 29320
14638 29317
14638 29317
14643 29314
14643 29314
14648 29311
14648 29311
14654 29309
14654 29309
14660 29306
14660 29306
14665 29303
14665 29303
14671 29300
14671 29300
14677 29298
14677 29298
14682 29295
14682 29295
14688 29292
14688 29292
14693 29288
14693 29288
14699 29286
14699 29286
14705 29283
14705 29283
14710 29280
14710 29280
14716 29277
14716 29277
14722 29275
14722 29275
14727 29272
14727 29272
14733 29269
14733 29269
14739 29266
14739 29266
14744 29263
14744 29263
14750 29260
14750 29260
14755 29257
14755 29257
14761 29255
14761 29255
14766 29252
14766 29252
14772 29249
14772 29249
14778 29246
14778 29246
14783 29244
14783 29244
14789 29241
14789 29241
14794 29238
14794 29238
14800 29235
14800 29235
14806 29232
14806 29232
14811 29230
14811 29230
14818 29227
14818 29227
14823 29224
14823 29224
14829 29221
14829 29221
14834 29218
14834 29218
14840 29215
14840 29215
14846 29212
14846 29212
14851 29209
14851 29209
14857 29206
14857 29206
14862 29204
14862 29204
14868 29201
14868 29201
14873 29198
14873 29198
14879 29195
14879 29195
14885 29192
14885 29192
14890 29189
14890 29189
14896 29186
14896 29186
14901 29184
14901 29184
14907 29181
14907 29181
14913 29179
14913 29179
14918 29176
14918 29176
14924 29173
14924 29173
14929 29170
14929 29170
14935 29167
14935 29167
14940 29164
14940 29164
14946 29161
14946 29161
14952 29158
14952 29158
14957 29155
14957 29155
14963 29152
14963 29152
14968 29150
14968 29150
14974 29147
14974 29147
14979 29144
14979 29144
14985 29141
14985 29141
14991 29138
14991 29138
14996 29135
14996 29135
15002 29132
15002 29132
15007 29129
15007 29129
15013 29126
15013 29126
15018 29124
15018 29124
15024 29121
15024 29121
15030 29118
15030 29118
15035 29115
15035 29115
15041 29112
15041 29112
15046 29109
15046 29109
15052 29106
15052 29106
15058 29103
15058 29103
15063 29100
15063 29100
15069 29098
15069 29098
15074 29095
15074 29095
15080 29092
15080 29092
15085 29089
15085 29089
15091 29086
15091 29086
15097 29083
15097 29083
15102 29080
15102 29080
15108 29077
15108 29077
15113 29074
15113 29074
15119 29072
15119 29072
15124 29069
15124 29069
15130 29066
15130 29066
15136 29063
15136 29063
15141 29060
15141 29060
15147 29057
15147 29057
15152 29054
15152 29054
15158 29051
15158 29051
15164 29048
15164 29048
15169 29046
15169 29046
15175 29043
15175 29043
15180 29040
15180 29040
15186 29037
15186 29037
15191 29034
15191 29034
15197 29031
15197 29031
15203 29028
15203 29028
15208 29025
15208 29025
15214 29022
15214 29022
15219 29020
15219 29020
15225 29017
15225 29017
15230 29014
15230 29014
15236 29011
15236 29011
15242 29008
15242 29008
15247 29005
15247 29005
15253 29002
15253 29002
15258 28999
15258 28999
15264 28996
15264 28996
15270 28994
15270 28994
15275 28991
15275 28991
15281 28988
15281 28988
15286 28984
15286 28984
15292 28981
15292 28981
15297 28978
15297 28978
15303 28975
15303 28975
15309 28972
15309 28972
15314 28969
15314 28969
15320 28966
15320 28966
15325 28964
15325 28964
15331 28961
15331 28961
15336 28958
15336 28958
15342 28955
15342 28955
15348 28952
15348 28952
15353 28949
15353 28949
15359 28946
15359 28946
15364 28943
15364 28943
15369 28940
15369 28940
15374 28938
15374 28938
15380 28935
15380 28935
15386 28932
15386 28932
15391 28929
15391 28929
15397 28926
15397 28926
15402 28922
15402 28922
15408 28919
15408 28919
15414 28916
15414 28916
15419 28913
15419 28913
15425 28911
15425 28911
15430 28908
15430 28908
15436 28905
15436 28905
15441 28902
15441 28902
15447 28899
15447 28899
15453 28896
15453 28896
15458 28893
15458 28893
15464 28890
15464 28890
15469 28887
15469 28887
15475 28884
15475 28884
15480 28881
15480 28881
15486 28878
15486 28878
15491 28876
15491 28876
15497 28873
15497 28873
15502 28870
15502 28870
15508 28867
15508 28867
15513 28864
15513 28864
15519 28861
15519 28861
15524 28858
15524 28858
15530 28855
15530 28855
15535 28852
15535 28852
15542 28848
15542 28848
15547 28845
15547 28845
15553 28842
15553 28842
15558 28839
15558 28839
15564 28836
15564 28836
15569 28833
15569 28833
15575 28830
15575 28830
15580 28827
15580 28827
15586 28824
15586 28824
15591 28821
15591 28821
15597 28818
15597 28818
15602 28816
15602 28816
15608 28813
15608 28813
15613 28810
15613 28810
15619 28807
15619 28807
15624 28804
15624 28804
15630 28801
15630 28801
15635 28798
15635 28798
15641 28795
15641 28795
15646 28792
15646 28792
15652 28789
15652 28789
15657 28786
15657 28786
15663 28783
15663 28783
15668 28780
15668 28780
15674 28777
15674 28777
15679 28774
15679 28774
15685 28771
15685 28771
15690 28768
15690 28768
15696 28765
15696 28765
15701 28762
15701 28762
15707 28759
15707 28759
15712 28756
15712 28756
15718 28752
15718 28752
15723 28749
15723 28749
15729 28746
15729 28746
15734 28743
15734 28743
15740 28740
15740 28740
15745 28737
15745 28737
15751 28734
15751 28734
15756 28731
15756 28731
15762 28728
15762 28728
15767 28725
15767 28725
15773 28722
15773 28722
15778 28719
15778 28719
15784 28716
15784 28716
15789 28713
15789 28713
15795 28710
15795 28710
15800 28707
15800 28707
15806 28704
15806 28704
15811 28701
15811 28701
15817 28698
15817 28698
15822 28695
15822 28695
15828 28692
15828 28692
15833 28689
15833 28689
15839 28686
15839 28686
15844 28683
15844 28683
15850 28680
15850 28680
15855 28677
15855 28677
15861 28674
15861 28674
15866 28671
15866 28671
15872 28668
15872 28668
15877 28665
15877 28665
15883 28662
15883 28662
15888 28659
15888 28659
15894 28655
15894 28655
15899 28652
15899 28652
15905 28649
15905 28649
15910 28646
15910 28646
15916 28643
15916 28643
15921 28640
15921 28640
15927 28637
15927 28637
15932 28634
15932 28634
15938 28631
15938 28631
15943 28628
15943 28628
15949 28625
15949 28625
15954 28622
15954 28622
15960 28619
15960 28619
15965 28616
15965 28616
15971 28613
15971 28613
15976 28610
15976 28610
15982 28607
15982 28607
15987 28604
15987 28604
15993 28601
15993 28601
15998 28598
15998 28598
16004 28594
16004 28594
16009 28591
16009 28591
16015 28588
16015 28588
16020 28585
16020 28585
16026 28582
16026 28582
16031 28579
16031 28579
16037 28576
16037 28576
16042 28573
16042 28573
16048 28570
16048 28570
16053 28567
16053 28567
16059 28564
16059 28564
16063 28561
16063 28561
16069 28557
16069 28557
16074 28554
16074 28554
16080 28551
16080 28551
16085 28548
16085 28548
16091 28545
16091 28545
16096 28542
16096 28542
16102 28539
16102 28539
16107 28536
16107 28536
16113 28532
16113 28532
16118 28529
16118 28529
16124 28526
16124 28526
16129 28523
16129 28523
16135 28520
16135 28520
16140 28517
16140 28517
16146 28514
16146 28514
16151 28511
16151 28511
16156 28508
16156 28508
16162 28505
16162 28505
16167 28502
16167 28502
16173 28498
16173 28498
16178 28495
16178 28495
16184 28492
16184 28492
16189 28489
16189 28489
16194 28486
16194 28486
16200 28484
16200 28484
16205 28480
16205 28480
16211 28477
16211 28477
16216 28474
16216 28474
16222 28471
16222 28471
16227 28468
16227 28468
16233 28465
16233 28465
16239 28461
16239 28461
16244 28458
16244 28458
16250 28455
16250 28455
16255 28452
16255 28452
16261 28449
16261 28449
16266 28446
16266 28446
16271 28442
16271 28442
16277 28439
16277 28439
16282 28436
16282 28436
16288 28433
16288 28433
16293 28430
16293 28430
16299 28427
16299 28427
16304 28423
16304 28423
16309 28420
16309 28420
16315 28418
16315 28418
16320 28415
16320 28415
16326 28412
16326 28412
16331 28409
16331 28409
16337 28405
16337 28405
16342 28402
16342 28402
16347 28399
16347 28399
16353 28396
16353 28396
16358 28393
16358 28393
16364 28390
16364 28390
16369 28386
16369 28386
16375 28383
16375 28383
16380 28380
16380 28380
16385 28377
16385 28377
16391 28374
16391 28374
16396 28371
16396 28371
16402 28367
16402 28367
16407 28364
16407 28364
16413 28361
16413 28361
16418 28358
16418 28358
16423 28355
16423 28355
16429 28352
16429 28352
16434 28348
16434 28348
16440 28345
16440 28345
16445 28342
16445 28342
16451 28339
16451 28339
16456 28336
16456 28336
16461 28333
16461 28333
16467 28329
16467 28329
16472 28326
16472 28326
16478 28323
16478 28323
16483 28320
16483 28320
16489 28317
16489 28317
16494 28314
16494 28314
16500 28311
16500 28311
16505 28307
16505 28307
16510 28304
16510 28304
16516 28301
16516 28301
16521 28298
16521 28298
16527 28295
16527 28295
16532 28292
16532 28292
16538 28288
16538 28288
16543 28285
16543 28285
16548 28282
16548 28282
16554 28279
16554 28279
16559 28276
16559 28276
16565 28273
16565 28273
16570 28269
16570 28269
16576 28266
16576 28266
16581 28263
16581 28263
16586 28260
16586 28260
16592 28257
16592 28257
16597 28254
16597 28254
16603 28250
16603 28250
16608 28247
16608 28247
16614 28244
16614 28244
16619 28241
16619 28241
16624 28238
16624 28238
16630 28235
16630 28235
16635 28231
16635 28231
16641 28228
16641 28228
16646 28225
16646 28225
16652 28222
16652 28222
16657 28219
16657 28219
16662 28216
16662 28216
16668 28212
16668 28212
16673 28209
16673 28209
16679 28206
16679 28206
16684 28203
16684 28203
16690 28199
16690 28199
16695 28196
16695 28196
16700 28192
16700 28192
16706 28189
16706 28189
16711 28186
16711 28186
16717 28183
16717 28183
16722 28180
16722 28180
16728 28177
16728 28177
16733 28173
16733 28173
16738 28170
16738 28170
16744 28167
16744 28167
16749 28164
16749 28164
16755 28161
16755 28161
16760 28158
16760 28158
16766 28154
16766 28154
16770 28151
16770 28151
16775 28148
16775 28148
16781 28145
16781 28145
16786 28142
16786 28142
16792 28139
16792 28139
16797 28135
16797 28135
16803 28131
16803 28131
16808 28128
16808 28128
16813 28125
16813 28125
16819 28122
16819 28122
16824 28119
16824 28119
16830 28115
16830 28115
16835 28112
16835 28112
16841 28109
16841 28109
16846 28106
16846 28106
16851 28103
16851 28103
16857 28099
16857 28099
16862 28096
16862 28096
16867 28093
16867 28093
16873 28090
16873 28090
16878 28086
16878 28086
16883 28083
16883 28083
16889 28080
16889 28080
16894 28077
16894 28077
16900 28074
16900 28074
16905 28071
16905 28071
16910 28067
16910 28067
16917 28064
16917 28064
16922 28061
16922 28061
16927 28058
16927 28058
16933 28054
16933 28054
16938 28051
16938 28051
16943 28048
16943 28048
16949 28044
16949 28044
16954 28041
16954 28041
16959 28038
16959 28038
16965 28034
16965 28034
16970 28031
16970 28031
16975 28028
16975 28028
16981 28025
16981 28025
16986 28021
16986 28021
16991 28018
16991 28018
16997 28015
16997 28015
17002 28011
17002 28011
17008 28009
17008 28009
17013 28006
17013 28006
17018 28003
17018 28003
17024 27999
17024 27999
17029 27996
17029 27996
17034 27993
17034 27993
17040 27989
17040 27989
17045 27986
17045 27986
17050 27983
17050 27983
17056 27979
17056 27979
17061 27976
17061 27976
17066 27973
17066 27973
17072 27970
17072 27970
17077 27966
17077 27966
17082 27963
17082 27963
17088 27960
17088 27960
17093 27956
17093 27956
17099 27953
17099 27953
17104 27950
17104 27950
17109 27946
17109 27946
17115 27943
17115 27943
17120 27940
17120 27940
17125 27937
17125 27937
17131 27933
17131 27933
17136 27930
17136 27930
17141 27927
17141 27927
17147 27923
17147 27923
17152 27920
17152 27920
17157 27917
17157 27917
17163 27913
17163 27913
17168 27910
17168 27910
17173 27907
17173 27907
17179 27904
17179 27904
17184 27900
17184 27900
17190 27897
17190 27897
17195 27894
17195 27894
17200 27890
17200 27890
17206 27887
17206 27887
17211 27884
17211 27884
17216 27881
17216 27881
17222 27877
17222 27877
17227 27874
17227 27874
17232 27871
17232 27871
17238 27867
17238 27867
17243 27864
17243 27864
17248 27861
17248 27861
17254 27857
17254 27857
17259 27854
17259 27854
17264 27851
17264 27851
17270 27848
17270 27848
17275 27844
17275 27844
17280 27841
17280 27841
17286 27838
17286 27838
17291 27834
17291 27834
17297 27831
17297 27831
17302 27828
17302 27828
17307 27824
17307 27824
17313 27821
17313 27821
17318 27818
17318 27818
17323 27815
17323 27815
17329 27811
17329 27811
17334 27808
17334 27808
17339 27805
17339 27805
17345 27801
17345 27801
17350 27798
17350 27798
17355 27795
17355 27795
17361 27792
17361 27792
17366 27788
17366 27788
17371 27785
17371 27785
17377 27781
17377 27781
17382 27777
17382 27777
17388 27774
17388 27774
17393 27771
17393 27771
17398 27767
17398 27767
17404 27764
17404 27764
17409 27761
17409 27761
17414 27758
17414 27758
17420 27754
17420 27754
17425 27751
17425 27751
17430 27748
17430 27748
17436 27744
17436 27744
17441 27741
17441 27741
17446 27738
17446 27738
17452 27734
17452 27734
17457 27731
17457 27731
17462 27728
17462 27728
17467 27725
17467 27725
17472 27721
17472 27721
17477 27718
17477 27718
17483 27715
17483 27715
17488 27710
17488 27710
17494 27707
17494 27707
17499 27704
17499 27704
17504 27700
17504 27700
17510 27697
17510 27697
17515 27694
17515 27694
17520 27691
17520 27691
17526 27687
17526 27687
17531 27684
17531 27684
17536 27681
17536 27681
17542 27677
17542 27677
17547 27674
17547 27674
17552 27670
17552 27670
17557 27667
17557 27667
17563 27663
17563 27663
17568 27660
17568 27660
17573 27657
17573 27657
17578 27654
17578 27654
17584 27651
17584 27651
17589 27647
17589 27647
17594 27644
17594 27644
17600 27641
17600 27641
17606 27637
17606 27637
17611 27634
17611 27634
17616 27630
17616 27630
17622 27627
17622 27627
17627 27623
17627 27623
17632 27620
17632 27620
17637 27617
17637 27617
17643 27613
17643 27613
17648 27610
17648 27610
17653 27606
17653 27606
17658 27603
17658 27603
17664 27599
17664 27599
17669 27596
17669 27596
17674 27593
17674 27593
17679 27589
17679 27589
17685 27586
17685 27586
17690 27582
17690 27582
17695 27579
17695 27579
17701 27577
17701 27577
17706 27573
17706 27573
17711 27570
17711 27570
17716 27566
17716 27566
17722 27563
17722 27563
17727 27559
17727 27559
17732 27556
17732 27556
17737 27553
17737 27553
17743 27549
17743 27549
17748 27546
17748 27546
17753 27542
17753 27542
17758 27539
17758 27539
17764 27535
17764 27535
17769 27532
17769 27532
17774 27529
17774 27529
17779 27525
17779 27525
17785 27522
17785 27522
17790 27518
17790 27518
17795 27515
17795 27515
17801 27511
17801 27511
17806 27508
17806 27508
17811 27505
17811 27505
17816 27501
17816 27501
17822 27498
17822 27498
17827 27494
17827 27494
17832 27491
17832 27491
17837 27488
17837 27488
17843 27484
17843 27484
17848 27481
17848 27481
17853 27477
17853 27477
17858 27474
17858 27474
17864 27470
17864 27470
17869 27467
17869 27467
17874 27464
17874 27464
17880 27460
17880 27460
17885 27457
17885 27457
17890 27453
17890 27453
17895 27450
17895 27450
17901 27446
17901 27446
17906 27443
17906 27443
17911 27440
17911 27440
17916 27436
17916 27436
17922 27433
17922 27433
17927 27429
17927 27429
17932 27426
17932 27426
17937 27423
17937 27423
17943 27419
17943 27419
17948 27416
17948 27416
17953 27412
17953 27412
17959 27409
17959 27409
17964 27405
17964 27405
17969 27402
17969 27402
17974 27399
17974 27399
17980 27395
17980 27395
17985 27392
17985 27392
17990 27388
17990 27388
17995 27385
17995 27385
18001 27381
18001 27381
18006 27378
18006 27378
18011 27375
18011 27375
18016 27371
18016 27371
18022 27368
18022 27368
18027 27364
18027 27364
18032 27361
18032 27361
18038 27358
18038 27358
18043 27353
18043 27353
18048 27350
18048 27350
18053 27346
18053 27346
18059 27343
18059 27343
18064 27339
18064 27339
18069 27336
18069 27336
18074 27333
18074 27333
18080 27329
18080 27329
18085 27326
18085 27326
18090 27322
18090 27322
18095 27319
18095 27319
18101 27315
18101 27315
18106 27312
18106 27312
18111 27309
18111 27309
18116 27305
18116 27305
18122 27302
18122 27302
18127 27298
18127 27298
18132 27295
18132 27295
18138 27291
18138 27291
18142 27288
18142 27288
18147 27285
18147 27285
18152 27281
18152 27281
18158 27278
18158 27278
18163 27273
18163 27273
18168 27270
18168 27270
18173 27267
18173 27267
18179 27263
18179 27263
18184 27260
18184 27260
18189 27256
18189 27256
18194 27253
18194 27253
18200 27249
18200 27249
18205 27246
18205 27246
18210 27242
18210 27242
18215 27239
18215 27239
18221 27235
18221 27235
18226 27232
18226 27232
18231 27228
18231 27228
18236 27225
18236 27225
18241 27221
18241 27221
18246 27218
18246 27218
18252 27215
18252 27215
18257 27211
18257 27211
18262 27208
18262 27208
18267 27204
18267 27204
18273 27201
18273 27201
18279 27197
18279 27197
18284 27194
18284 27194
18289 27190
18289 27190
18294 27187
18294 27187
18299 27183
18299 27183
18304 27179
18304 27179
18310 27176
18310 27176
18315 27172
18315 27172
18320 27169
18320 27169
18325 27165
18325 27165
18330 27162
18330 27162
18335 27158
18335 27158
18341 27155
18341 27155
18346 27151
18346 27151
18351 27147
18351 27147
18356 27144
18356 27144
18361 27141
18361 27141
18367 27138
18367 27138
18372 27134
18372 27134
18377 27131
18377 27131
18382 27127
18382 27127
18387 27124
18387 27124
18392 27120
18392 27120
18398 27116
18398 27116
18403 27113
18403 27113
18408 27109
18408 27109
18413 27106
18413 27106
18418 27102
18418 27102
18424 27099
18424 27099
18429 27095
18429 27095
18434 27092
18434 27092
18439 27088
18439 27088
18444 27084
18444 27084
18449 27081
18449 27081
18455 27077
18455 27077
18460 27074
18460 27074
18465 27070
18465 27070
18470 27067
18470 27067
18475 27063
18475 27063
18481 27060
18481 27060
18486 27056
18486 27056
18491 27052
18491 27052
18496 27049
18496 27049
18501 27045
18501 27045
18506 27042
18506 27042
18512 27038
18512 27038
18517 27035
18517 27035
18522 27031
18522 27031
18527 27028
18527 27028
18532 27024
18532 27024
18538 27021
18538 27021
18543 27017
18543 27017
18548 27013
18548 27013
18553 27010
18553 27010
18558 27006
18558 27006
18563 27003
18563 27003
18569 26999
18569 26999
18574 26996
18574 26996
18579 26992
18579 26992
18584 26989
18584 26989
18589 26985
18589 26985
18594 26981
18594 26981
18600 26978
18600 26978
18605 26974
18605 26974
18610 26971
18610 26971
18615 26967
18615 26967
18620 26964
18620 26964
18626 26960
18626 26960
18631 26957
18631 26957
18636 26953
18636 26953
18641 26949
18641 26949
18646 26946
18646 26946
18651 26942
18651 26942
18657 26939
18657 26939
18662 26935
18662 26935
18667 26932
18667 26932
18672 26928
18672 26928
18677 26925
18677 26925
18683 26921
18683 26921
18688 26917
18688 26917
18693 26914
18693 26914
18698 26910
18698 26910
18703 26907
18703 26907
18708 26903
18708 26903
18714 26900
18714 26900
18719 26895
18719 26895
18724 26892
18724 26892
18729 26888
18729 26888
18734 26884
18734 26884
18740 26881
18740 26881
18745 26877
18745 26877
18750 26874
18750 26874
18755 26870
18755 26870
18760 26867
18760 26867
18765 26863
18765 26863
18771 26860
18771 26860
18776 26856
18776 26856
18781 26852
18781 26852
18786 26849
18786 26849
18791 26845
18791 26845
18796 26842
18796 26842
18802 26838
18802 26838
18806 26835
18806 26835
18811 26831
18811 26831
18816 26828
18816 26828
18821 26824
18821 26824
18827 26819
18827 26819
18832 26816
18832 26816
18837 26812
18837 26812
18842 26809
18842 26809
18847 26805
18847 26805
18852 26802
18852 26802
18858 26798
18858 26798
18863 26795
18863 26795
18868 26791
18868 26791
18873 26787
18873 26787
18878 26784
18878 26784
18883 26780
18883 26780
18888 26776
18888 26776
18893 26773
18893 26773
18899 26769
18899 26769
18904 26765
18904 26765
18909 26762
18909 26762
18914 26759
18914 26759
18919 26755
18919 26755
18924 26752
18924 26752
18930 26748
18930 26748
18935 26744
18935 26744
18940 26740
18940 26740
18945 26737
18945 26737
18951 26733
18951 26733
18956 26729
18956 26729
18961 26726
18961 26726
18966 26722
18966 26722
18971 26718
18971 26718
18976 26715
18976 26715
18981 26711
18981 26711
18986 26707
18986 26707
18991 26704
18991 26704
18996 26700
18996 26700
19001 26696
19001 26696
19007 26693
19007 26693
19012 26689
19012 26689
19017 26685
19017 26685
19022 26682
19022 26682
19027 26678
19027 26678
19032 26675
19032 26675
19037 26672
19037 26672
19042 26668
19042 26668
19047 26664
19047 26664
19052 26661
19052 26661
19057 26657
19057 26657
19063 26653
19063 26653
19068 26649
19068 26649
19073 26646
19073 26646
19078 26642
19078 26642
19083 26638
19083 26638
19088 26635
19088 26635
19093 26631
19093 26631
19098 26627
19098 26627
19103 26624
19103 26624
19108 26620
19108 26620
19114 26616
19114 26616
19119 26613
19119 26613
19124 26609
19124 26609
19129 26605
19129 26605
19134 26602
19134 26602
19139 26598
19139 26598
19144 26594
19144 26594
19149 26591
19149 26591
19154 26587
19154 26587
19159 26583
19159 26583
19164 26580
19164 26580
19170 26576
19170 26576
19175 26572
19175 26572
19180 26569
19180 26569
19185 26565
19185 26565
19190 26561
19190 26561
19196 26558
19196 26558
19200 26554
19200 26554
19205 26550
19205 26550
19210 26546
19210 26546
19215 26543
19215 26543
19220 26539
19220 26539
19226 26535
19226 26535
19231 26532
19231 26532
19236 26528
19236 26528
19241 26524
19241 26524
19246 26521
19246 26521
19251 26517
19251 26517
19256 26513
19256 26513
19261 26510
19261 26510
19266 26506
19266 26506
19271 26502
19271 26502
19277 26499
19277 26499
19282 26495
19282 26495
19287 26491
19287 26491
19292 26488
19292 26488
19297 26484
19297 26484
19302 26480
19302 26480
19307 26477
19307 26477
19312 26473
19312 26473
19317 26469
19317 26469
19322 26466
19322 26466
19327 26462
19327 26462
19333 26458
19333 26458
19338 26454
19338 26454
19343 26451
19343 26451
19348 26447
19348 26447
19353 26443
19353 26443
19358 26440
19358 26440
19363 26435
19363 26435
19368 26431
19368 26431
19373 26428
19373 26428
19378 26424
19378 26424
19383 26420
19383 26420
19389 26417
19389 26417
19394 26413
19394 26413
19399 26409
19399 26409
19404 26406
19404 26406
19409 26402
19409 26402
19414 26398
19414 26398
19419 26395
19419 26395
19424 26391
19424 26391
19429 26387
19429 26387
19434 26384
19434 26384
19440 26380
19440 26380
19445 26376
19445 26376
19450 26373
19450 26373
19455 26369
19455 26369
19460 26365
19460 26365
19464 26361
19464 26361
19469 26358
19469 26358
19474 26354
19474 26354
19479 26349
19479 26349
19484 26346
19484 26346
19489 26342
19489 26342
19495 26338
19495 26338
19500 26335
19500 26335
19505 26331
19505 26331
19510 26327
19510 26327
19515 26324
19515 26324
19520 26320
19520 26320
19525 26316
19525 26316
19530 26312
19530 26312
19535 26309
19535 26309
19540 26305
19540 26305
19545 26301
19545 26301
19550 26297
19550 26297
19555 26293
19555 26293
19560 26290
19560 26290
19565 26287
19565 26287
19570 26283
19570 26283
19575 26279
19575 26279
19581 26275
19581 26275
19586 26272
19586 26272
19591 26268
19591 26268
19596 26264
19596 26264
19601 26260
19601 26260
19606 26256
19606 26256
19611 26253
19611 26253
19616 26249
19616 26249
19621 26245
19621 26245
19626 26241
19626 26241
19631 26237
19631 26237
19636 26233
19636 26233
19641 26230
19641 26230
19646 26226
19646 26226
19651 26222
19651 26222
19656 26218
19656 26218
19661 26214
19661 26214
19666 26211
19666 26211
19671 26207
19671 26207
19676 26203
19676 26203
19681 26200
19681 26200
19686 26196
19686 26196
19691 26193
19691 26193
19696 26189
19696 26189
19701 26185
19701 26185
19706 26181
19706 26181
19711 26177
19711 26177
19716 26174
19716 26174
19721 26170
19721 26170
19726 26166
19726 26166
19731 26162
19731 26162
19736 26158
19736 26158
19741 26155
19741 26155
19746 26151
19746 26151
19751 26147
19751 26147
19756 26143
19756 26143
19761 26139
19761 26139
19766 26136
19766 26136
19771 26132
19771 26132
19776 26128
19776 26128
19781 26124
19781 26124
19786 26120
19786 26120
19791 26117
19791 26117
19796 26113
19796 26113
19801 26109
19801 26109
19806 26105
19806 26105
19811 26101
19811 26101
19816 26098
19816 26098
19821 26094
19821 26094
19826 26090
19826 26090
19831 26086
19831 26086
19836 26082
19836 26082
19842 26079
19842 26079
19846 26075
19846 26075
19851 26071
19851 26071
19856 26067
19856 26067
19861 26063
19861 26063
19866 26059
19866 26059
19871 26056
19871 26056
19876 26052
19876 26052
19881 26048
19881 26048
19886 26044
19886 26044
19891 26040
19891 26040
19896 26037
19896 26037
19901 26033
19901 26033
19906 26029
19906 26029
19911 26025
19911 26025
19916 26021
19916 26021
19921 26018
19921 26018
19926 26014
19926 26014
19931 26010
19931 26010
19936 26006
19936 26006
19941 26002
19941 26002
19946 25999
19946 25999
19951 25995
19951 25995
19956 25991
19956 25991
19961 25987
19961 25987
19966 25983
19966 25983
19971 25980
19971 25980
19976 25976
19976 25976
19981 25972
19981 25972
19986 25968
19986 25968
19991 25964
19991 25964
19996 25961
19996 25961
20001 25957
20001 25957
20006 25952
20006 25952
20011 25948
20011 25948
20016 25944
20016 25944
20021 25941
20021 25941
20026 25937
20026 25937
20031 25933
20031 25933
20036 25929
20036 25929
20041 25925
20041 25925
20046 25922
20046 25922
20051 25918
20051 25918
20056 25914
20056 25914
20061 25910
20061 25910
20066 25906
20066 25906
20071 25902
20071 25902
20076 25899
20076 25899
20081 25895
20081 25895
20086 25891
20086 25891
20091 25887
20091 25887
20096 25883
20096 25883
20101 25880
20101 25880
20105 25876
20105 25876
20110 25872
20110 25872
20115 25868
20115 25868
20120 25863
20120 25863
20125 25860
20125 25860
20130 25856
20130 25856
20135 25852
20135 25852
20140 25848
20140 25848
20145 25844
20145 25844
20150 25841
20150 25841
20155 25837
20155 25837
20160 25833
20160 25833
20165 25829
20165 25829
20170 25825
20170 25825
20175 25821
20175 25821
20180 25817
20180 25817
20185 25813
20185 25813
20189 25809
20189 25809
20194 25805
20194 25805
20199 25802
20199 25802
20204 25799
20204 25799
20209 25795
20209 25795
20215 25791
20215 25791
20220 25787
20220 25787
20225 25783
20225 25783
20230 25779
20230 25779
20235 25775
20235 25775
20240 25771
20240 25771
20244 25767
20244 25767
20249 25763
20249 25763
20254 25759
20254 25759
20259 25755
20259 25755
20264 25751
20264 25751
20269 25748
20269 25748
20274 25744
20274 25744
20279 25740
20279 25740
20284 25736
20284 25736
20289 25732
20289 25732
20293 25728
20293 25728
20298 25724
20298 25724
20303 25720
20303 25720
20308 25716
20308 25716
20313 25712
20313 25712
20318 25709
20318 25709
20323 25705
20323 25705
20328 25701
20328 25701
20333 25697
20333 25697
20338 25694
20338 25694
20343 25690
20343 25690
20347 25686
20347 25686
20352 25682
20352 25682
20357 25678
20357 25678
20362 25674
20362 25674
20367 25670
20367 25670
20372 25666
20372 25666
20377 25662
20377 25662
20382 25658
20382 25658
20387 25654
20387 25654
20393 25650
20393 25650
20398 25646
20398 25646
20402 25642
20402 25642
20407 25639
20407 25639
20412 25635
20412 25635
20417 25631
20417 25631
20422 25627
20422 25627
20427 25623
20427 25623
20432 25619
20432 25619
20437 25615
20437 25615
20442 25611
20442 25611
20447 25607
20447 25607
20451 25603
20451 25603
20456 25599
20456 25599
20461 25595
20461 25595
20466 25591
20466 25591
20471 25587
20471 25587
20476 25584
20476 25584
20481 25580
20481 25580
20486 25576
20486 25576
20491 25572
20491 25572
20496 25568
20496 25568
20501 25564
20501 25564
20505 25560
20505 25560
20510 25556
20510 25556
20515 25552
20515 25552
20520 25548
20520 25548
20525 25544
20525 25544
20530 25540
20530 25540
20535 25536
20535 25536
20540 25532
20540 25532
20545 25528
20545 25528
20550 25525
20550 25525
20555 25521
20555 25521
20559 25517
20559 25517
20563 25513
20563 25513
20568 25509
20568 25509
20573 25505
20573 25505
20578 25501
20578 25501
20583 25497
20583 25497
20588 25493
20588 25493
20593 25489
20593 25489
20598 25485
20598 25485
20603 25481
20603 25481
20607 25477
20607 25477
20612 25473
20612 25473
20617 25470
20617 25470
20622 25466
20622 25466
20627 25462
20627 25462
20632 25458
20632 25458
20637 25453
20637 25453
20642 25449
20642 25449
20647 25445
20647 25445
20652 25441
20652 25441
20657 25437
20657 25437
20661 25433
20661 25433
20666 25429
20666 25429
20671 25425
20671 25425
20676 25421
20676 25421
20681 25417
20681 25417
20686 25414
20686 25414
20691 25410
20691 25410
20696 25406
20696 25406
20701 25402
20701 25402
20706 25398
20706 25398
20711 25394
20711 25394
20715 25390
20715 25390
20720 25386
20720 25386
20725 25382
20725 25382
20730 25378
20730 25378
20735 25374
20735 25374
20739 25370
20739 25370
20744 25366
20744 25366
20749 25361
20749 25361
20754 25358
20754 25358
20759 25354
20759 25354
20763 25350
20763 25350
20768 25346
20768 25346
20773 25342
20773 25342
20778 25338
20778 25338
20783 25334
20783 25334
20788 25330
20788 25330
20793 25326
20793 25326
20798 25322
20798 25322
20802 25318
20802 25318
20807 25314
20807 25314
20812 25310
20812 25310
20817 25306
20817 25306
20822 25302
20822 25302
20826 25298
20826 25298
20831 25294
20831 25294
20836 25291
20836 25291
20841 25286
20841 25286
20847 25282
20847 25282
20851 25278
20851 25278
20856 25274
20856 25274
20861 25270
20861 25270
20866 25266
20866 25266
20871 25262
20871 25262
20875 25258
20875 25258
20880 25254
20880 25254
20885 25250
20885 25250
20890 25246
20890 25246
20895 25242
20895 25242
20900 25238
20900 25238
20904 25234
20904 25234
20909 25230
20909 25230
20914 25226
20914 25226
20919 25222
20919 25222
20924 25218
20924 25218
20928 25214
20928 25214
20933 25210
20933 25210
20938 25206
20938 25206
20943 25202
20943 25202
20948 25197
20948 25197
20952 25193
20952 25193
20957 25189
20957 25189
20962 25186
20962 25186
20967 25182
20967 25182
20972 25178
20972 25178
20976 25174
20976 25174
20981 25170
20981 25170
20986 25166
20986 25166
20991 25162
20991 25162
20996 25158
20996 25158
21000 25154
21000 25154
21005 25150
21005 25150
21010 25146
21010 25146
21015 25142
21015 25142
21020 25138
21020 25138
21024 25134
21024 25134
21029 25130
21029 25130
21034 25126
21034 25126
21039 25122
21039 25122
21044 25118
21044 25118
21048 25113
21048 25113
21053 25109
21053 25109
21058 25105
21058 25105
21063 25101
21063 25101
21068 25097
21068 25097
21072 25093
21072 25093
21077 25089
21077 25089
21082 25085
21082 25085
21087 25081
21087 25081
21092 25077
21092 25077
21098 25073
21098 25073
21101 25069
21101 25069
21106 25065
21106 25065
21111 25061
21111 25061
21116 25057
21116 25057
21121 25053
21121 25053
21125 25049
21125 25049
21130 25045
21130 25045
21135 25041
21135 25041
21140 25037
21140 25037
21145 25033
21145 25033
21149 25028
21149 25028
21154 25024
21154 25024
21159 25020
21159 25020
21164 25016
21164 25016
21169 25012
21169 25012
21173 25008
21173 25008
21178 25004
21178 25004
21183 25000
21183 25000
21188 24996
21188 24996
21193 24992
21193 24992
21197 24988
21197 24988
21202 24984
21202 24984
21207 24980
21207 24980
21212 24976
21212 24976
21217 24972
21217 24972
21221 24968
21221 24968
21226 24964
21226 24964
21231 24960
21231 24960
21236 24955
21236 24955
21241 24951
21241 24951
21245 24947
21245 24947
21250 24943
21250 24943
21255 24938
21255 24938
21260 24934
21260 24934
21265 24930
21265 24930
21269 24926
21269 24926
21274 24922
21274 24922
21279 24918
21279 24918
21284 24914
21284 24914
21289 24910
21289 24910
21293 24906
21293 24906
21298 24902
21298 24902
21303 24898
21303 24898
21308 24894
21308 24894
21313 24890
21313 24890
21318 24886
21318 24886
21322 24882
21322 24882
21327 24878
21327 24878
21332 24874
21332 24874
21337 24870
21337 24870
21342 24866
21342 24866
21346 24862
21346 24862
21350 24858
21350 24858
21355 24853
21355 24853
21360 24848
21360 24848
21365 24844
21365 24844
21369 24840
21369 24840
21374 24836
21374 24836
21379 24832
21379 24832
21384 24828
21384 24828
21389 24824
21389 24824
21393 24820
21393 24820
21398 24816
21398 24816
21403 24812
21403 24812
21408 24808
21408 24808
21412 24804
21412 24804
21417 24800
21417 24800
21422 24795
21422 24795
21427 24791
21427 24791
21431 24787
21431 24787
21436 24783
21436 24783
21441 24779
21441 24779
21445 24775
21445 24775
21451 24771
21451 24771
21456 24767
21456 24767
21461 24763
21461 24763
21465 24759
21465 24759
21470 24755
21470 24755
21475 24751
21475 24751
21479 24746
21479 24746
21484 24742
21484 24742
21489 24738
21489 24738
21494 24734
21494 24734
21498 24730
21498 24730
21503 24726
21503 24726
21508 24721
21508 24721
21512 24717
21512 24717
21517 24713
21517 24713
21522 24709
21522 24709
21526 24705
21526 24705
21531 24701
21531 24701
21536 24696
21536 24696
21541 24692
21541 24692
21545 24688
21545 24688
21550 24684
21550 24684
21555 24680
21555 24680
21559 24676
21559 24676
21564 24671
21564 24671
21569 24667
21569 24667
21574 24664
21574 24664
21578 24660
21578 24660
21583 24656
21583 24656
21588 24652
21588 24652
21593 24647
21593 24647
21598 24643
21598 24643
21603 24639
21603 24639
21608 24635
21608 24635
21612 24631
21612 24631
21617 24627
21617 24627
21622 24622
21622 24622
21626 24618
21626 24618
21631 24614
21631 24614
21636 24610
21636 24610
21641 24606
21641 24606
21645 24602
21645 24602
21650 24597
21650 24597
21655 24593
21655 24593
21659 24589
21659 24589
21664 24585
21664 24585
21669 24581
21669 24581
21674 24577
21674 24577
21678 24572
21678 24572
21683 24568
21683 24568
21688 24564
21688 24564
21692 24560
21692 24560
21697 24556
21697 24556
21702 24552
21702 24552
21707 24548
21707 24548
21711 24543
21711 24543
21716 24539
21716 24539
21721 24535
21721 24535
21725 24531
21725 24531
21730 24527
21730 24527
21735 24523
21735 24523
21739 24518
21739 24518
21744 24514
21744 24514
21749 24510
21749 24510
21754 24506
21754 24506
21758 24502
21758 24502
21763 24498
21763 24498
21768 24493
21768 24493
21772 24489
21772 24489
21777 24485
21777 24485
21782 24481
21782 24481
21787 24477
21787 24477
21791 24473
21791 24473
21796 24468
21796 24468
21801 24464
21801 24464
21805 24460
21805 24460
21810 24456
21810 24456
21815 24452
21815 24452
21820 24448
21820 24448
21823 24443
21823 24443
21828 24439
21828 24439
21833 24435
21833 24435
21837 24431
21837 24431
21842 24426
21842 24426
21847 24422
21847 24422
21852 24417
21852 24417
21856 24413
21856 24413
21861 24409
21861 24409
21866 24405
21866 24405
21870 24401
21870 24401
21875 24397
21875 24397
21880 24392
21880 24392
21885 24388
21885 24388
21889 24384
21889 24384
21894 24380
21894 24380
21899 24376
21899 24376
21903 24372
21903 24372
21908 24367
21908 24367
21913 24363
21913 24363
21917 24359
21917 24359
21922 24355
21922 24355
21927 24351
21927 24351
21932 24347
21932 24347
21936 24342
21936 24342
21941 24338
21941 24338
21946 24334
21946 24334
21950 24330
21950 24330
21955 24326
21955 24326
21960 24322
21960 24322
21964 24316
21964 24316
21968 24312
21968 24312
21973 24308
21973 24308
21978 24304
21978 24304
21982 24300
21982 24300
21987 24296
21987 24296
21992 24291
21992 24291
21997 24287
21997 24287
22001 24283
22001 24283
22006 24279
22006 24279
22011 24275
22011 24275
22015 24270
22015 24270
22020 24266
22020 24266
22024 24262
22024 24262
22029 24258
22029 24258
22034 24253
22034 24253
22038 24249
22038 24249
22043 24245
22043 24245
22047 24241
22047 24241
22053 24237
22053 24237
22058 24233
22058 24233
22062 24229
22062 24229
22067 24224
22067 24224
22071 24220
22071 24220
22076 24216
22076 24216
22081 24212
22081 24212
22085 24207
22085 24207
22090 24203
22090 24203
22094 24199
22094 24199
22099 24195
22099 24195
22104 24190
22104 24190
22108 24186
22108 24186
22113 24182
22113 24182
22117 24177
22117 24177
22122 24173
22122 24173
22127 24169
22127 24169
22131 24165
22131 24165
22136 24160
22136 24160
22140 24156
22140 24156
22145 24152
22145 24152
22150 24148
22150 24148
22154 24143
22154 24143
22159 24139
22159 24139
22163 24135
22163 24135
22168 24130
22168 24130
22173 24126
22173 24126
22177 24122
22177 24122
22182 24118
22182 24118
22186 24113
22186 24113
22192 24110
22192 24110
22197 24106
22197 24106
22201 24102
22201 24102
22206 24097
22206 24097
22210 24093
22210 24093
22215 24089
22215 24089
22220 24084
22220 24084
22224 24080
22224 24080
22229 24076
22229 24076
22233 24072
22233 24072
22238 24067
22238 24067
22243 24063
22243 24063
22247 24059
22247 24059
22252 24055
22252 24055
22256 24050
22256 24050
22261 24046
22261 24046
22266 24042
22266 24042
22270 24037
22270 24037
22275 24033
22275 24033
22279 24029
22279 24029
22284 24025
22284 24025
22289 24020
22289 24020
22293 24016
22293 24016
22298 24012
22298 24012
22303 24008
22303 24008
22307 24003
22307 24003
22312 23999
22312 23999
22316 23995
22316 23995
22321 23990
22321 23990
22326 23986
22326 23986
22330 23982
22330 23982
22335 23978
22335 23978
22339 23973
22339 23973
22344 23969
22344 23969
22349 23965
22349 23965
22353 23960
22353 23960
22358 23956
22358 23956
22362 23952
22362 23952
22367 23948
22367 23948
22372 23943
22372 23943
22376 23939
22376 23939
22381 23935
22381 23935
22385 23931
22385 23931
22390 23926
22390 23926
22395 23922
22395 23922
22399 23918
22399 23918
22404 23913
22404 23913
22408 23909
22408 23909
22413 23905
22413 23905
22417 23900
22417 23900
22421 23895
22421 23895
22426 23891
22426 23891
22430 23887
22430 23887
22435 23883
22435 23883
22440 23878
22440 23878
22444 23874
22444 23874
22449 23870
22449 23870
22453 23865
22453 23865
22458 23861
22458 23861
22463 23857
22463 23857
22467 23853
22467 23853
22472 23848
22472 23848
22476 23844
22476 23844
22481 23840
22481 23840
22486 23836
22486 23836
22490 23831
22490 23831
22495 23827
22495 23827
22499 23823
22499 23823
22504 23818
22504 23818
22509 23814
22509 23814
22513 23810
22513 23810
22518 23806
22518 23806
22522 23801
22522 23801
22527 23797
22527 23797
22532 23793
22532 23793
22536 23789
22536 23789
22541 23784
22541 23784
22545 23780
22545 23780
22550 23776
22550 23776
22554 23770
22554 23770
22558 23766
22558 23766
22563 23762
22563 23762
22567 23758
22567 23758
22572 23753
22572 23753
22577 23749
22577 23749
22581 23745
22581 23745
22586 23741
22586 23741
22590 23736
22590 23736
22595 23732
22595 23732
22599 23728
22599 23728
22604 23723
22604 23723
22608 23719
22608 23719
22613 23714
22613 23714
22617 23710
22617 23710
22622 23706
22622 23706
22626 23701
22626 23701
22631 23697
22631 23697
22635 23692
22635 23692
22640 23689
22640 23689
22645 23685
22645 23685
22650 23680
22650 23680
22654 23676
22654 23676
22659 23672
22659 23672
22663 23667
22663 23667
22668 23663
22668 23663
22672 23658
22672 23658
22677 23654
22677 23654
22681 23650
22681 23650
22686 23645
22686 23645
22690 23641
22690 23641
22695 23636
22695 23636
22699 23632
22699 23632
22704 23628
22704 23628
22708 23623
22708 23623
22713 23619
22713 23619
22717 23614
22717 23614
22722 23610
22722 23610
22726 23606
22726 23606
22731 23601
22731 23601
22735 23597
22735 23597
22740 23593
22740 23593
22744 23588
22744 23588
22749 23584
22749 23584
22753 23579
22753 23579
22758 23576
22758 23576
22762 23572
22762 23572
22767 23567
22767 23567
22771 23563
22771 23563
22776 23558
22776 23558
22780 23554
22780 23554
22785 23550
22785 23550
22789 23545
22789 23545
22794 23541
22794 23541
22798 23536
22798 23536
22803 23532
22803 23532
22808 23528
22808 23528
22813 23523
22813 23523
22817 23519
22817 23519
22822 23514
22822 23514
22826 23510
22826 23510
22831 23506
22831 23506
22835 23501
22835 23501
22840 23497
22840 23497
22844 23493
22844 23493
22849 23488
22849 23488
22853 23484
22853 23484
22858 23479
22858 23479
22862 23475
22862 23475
22867 23471
22867 23471
22871 23466
22871 23466
22876 23462
22876 23462
22880 23457
22880 23457
22885 23453
22885 23453
22889 23449
22889 23449
22893 23444
22893 23444
22898 23440
22898 23440
22902 23435
22902 23435
22907 23431
22907 23431
22911 23427
22911 23427
22916 23422
22916 23422
22920 23418
22920 23418
22925 23413
22925 23413
22929 23409
22929 23409
22934 23405
22934 23405
22938 23400
22938 23400
22943 23396
22943 23396
22947 23392
22947 23392
22952 23387
22952 23387
22956 23383
22956 23383
22961 23378
22961 23378
22964 23374
22964 23374
22969 23370
22969 23370
22973 23365
22973 23365
22978 23361
22978 23361
22982 23356
22982 23356
22987 23352
22987 23352
22991 23348
22991 23348
22996 23343
22996 23343
23000 23339
23000 23339
23005 23334
23005 23334
23009 23330
23009 23330
23014 23325
23014 23325
23018 23320
23018 23320
23023 23316
23023 23316
23027 23312
23027 23312
23032 23307
23032 23307
23036 23303
23036 23303
23041 23298
23041 23298
23045 23294
23045 23294
23050 23290
23050 23290
23054 23285
23054 23285
23059 23281
23059 23281
23063 23276
23063 23276
23068 23272
23068 23272
23072 23268
23072 23268
23077 23263
23077 23263
23081 23259
23081 23259
23086 23254
23086 23254
23090 23250
23090 23250
23095 23246
23095 23246
23099 23241
23099 23241
23104 23237
23104 23237
23108 23232
23108 23232
23113 23228
23113 23228
23117 23224
23117 23224
23122 23219
23122 23219
23125 23215
23125 23215
23130 23210
23130 23210
23134 23205
23134 23205
23139 23201
23139 23201
23143 23196
23143 23196
23148 23192
23148 23192
23152 23188
23152 23188
23157 23183
23157 23183
23161 23179
23161 23179
23166 23174
23166 23174
23170 23170
23170 23170
23174 23166
23174 23166
23179 23161
23179 23161
23183 23157
23183 23157
23188 23152
23188 23152
23192 23148
23192 23148
23196 23143
23196 23143
23201 23139
23201 23139
23205 23134
23205 23134
23210 23130
23210 23130
23215 23125
23215 23125
23219 23122
23219 23122
23224 23117
23224 23117
23228 23113
23228 23113
23232 23108
23232 23108
23237 23104
23237 23104
23241 23099
23241 23099
23246 23095
23246 23095
23250 23090
23250 23090
23254 23086
23254 23086
23259 23081
23259 23081
23263 23077
23263 23077
23268 23072
23268 23072
23272 23068
23272 23068
23276 23063
23276 23063
23281 23059
23281 23059
23285 23054
23285 23054
23290 23050
23290 23050
23294 23045
23294 23045
23298 23041
23298 23041
23303 23036
23303 23036
23307 23032
23307 23032
23312 23027
23312 23027
23316 23023
23316 23023
23320 23018
23320 23018
23325 23014
23325 23014
23330 23009
23330 23009
23334 23005
23334 23005
23339 23000
23339 23000
23343 22996
23343 22996
23348 22991
23348 22991
23352 22987
23352 22987
23356 22982
23356 22982
23361 22978
23361 22978
23365 22973
23365 22973
23370 22969
23370 22969
23374 22964
23374 22964
23378 22961
23378 22961
23383 22956
23383 22956
23387 22952
23387 22952
23392 22947
23392 22947
23396 22943
23396 22943
23400 22938
23400 22938
23405 22934
23405 22934
23409 22929
23409 22929
23413 22925
23413 22925
23418 22920
23418 22920
23422 22916
23422 22916
23427 22911
23427 22911
23431 22907
23431 22907
23435 22902
23435 22902
23440 22898
23440 22898
23444 22893
23444 22893
23449 22889
23449 22889
23453 22885
23453 22885
23457 22880
23457 22880
23462 22876
23462 22876
23466 22871
23466 22871
23471 22867
23471 22867
23475 22862
23475 22862
23479 22858
23479 22858
23484 22853
23484 22853
23488 22849
23488 22849
23493 22844
23493 22844
23497 22840
23497 22840
23501 22835
23501 22835
23506 22831
23506 22831
23510 22826
23510 22826
23514 22822
23514 22822
23519 22817
23519 22817
23523 22813
23523 22813
23528 22808
23528 22808
23532 22803
23532 22803
23536 22798
23536 22798
23541 22794
23541 22794
23545 22789
23545 22789
23550 22785
23550 22785
23554 22780
23554 22780
23558 22776
23558 22776
23563 22771
23563 22771
23567 22767
23567 22767
23572 22762
23572 22762
23576 22758
23576 22758
23579 22753
23579 22753
23584 22749
23584 22749
23588 22744
23588 22744
23593 22740
23593 22740
23597 22735
23597 22735
23601 22731
23601 22731
23606 22726
23606 22726
23610 22722
23610 22722
23614 22717
23614 22717
23619 22713
23619 22713
23623 22708
23623 22708
23628 22704
23628 22704
23632 22699
23632 22699
23636 22695
23636 22695
23641 22690
23641 22690
23645 22686
23645 22686
23650 22681
23650 22681
23654 22677
23654 22677
23658 22672
23658 22672
23663 22668
23663 22668
23667 22663
23667 22663
23672 22659
23672 22659
23676 22654
23676 22654
23680 22650
23680 22650
23685 22645
23685 22645
23689 22640
23689 22640
23692 22635
23692 22635
23697 22631
23697 22631
23701 22626
23701 22626
23706 22622
23706 22622
23710 22617
23710 22617
23714 22613
23714 22613
23719 22608
23719 22608
23723 22604
23723 22604
23728 22599
23728 22599
23732 22595
23732 22595
23736 22590
23736 22590
23741 22586
23741 22586
23745 22581
23745 22581
23749 22577
23749 22577
23753 22572
23753 22572
23758 22567
23758 22567
23762 22563
23762 22563
23766 22558
23766 22558
23770 22554
23770 22554
23776 22550
23776 22550
23780 22545
23780 22545
23784 22541
23784 22541
23789 22536
23789 22536
23793 22532
23793 22532
23797 22527
23797 22527
23801 22522
23801 22522
23806 22518
23806 22518
23810 22513
23810 22513
23814 22509
23814 22509
23818 22504
23818 22504
23823 22499
23823 22499
23827 22495
23827 22495
23831 22490
23831 22490
23836 22486
23836 22486
23840 22481
23840 22481
23844 22476
23844 22476
23848 22472
23848 22472
23853 22467
23853 22467
23857 22463
23857 22463
23861 22458
23861 22458
23865 22453
23865 22453
23870 22449
23870 22449
23874 22444
23874 22444
23878 22440
23878 22440
23883 22435
23883 22435
23887 22430
23887 22430
23891 22426
23891 22426
23895 22421
23895 22421
23900 22417
23900 22417
23905 22413
23905 22413
23909 22408
23909 22408
23913 22404
23913 22404
23918 22399
23918 22399
23922 22395
23922 22395
23926 22390
23926 22390
23931 22385
23931 22385
23935 22381
23935 22381
23939 22376
23939 22376
23943 22372
23943 22372
23948 22367
23948 22367
23952 22362
23952 22362
23956 22358
23956 22358
23960 22353
23960 22353
23965 22349
23965 22349
23969 22344
23969 22344
23973 22339
23973 22339
23978 22335
23978 22335
23982 22330
23982 22330
23986 22326
23986 22326
23990 22321
23990 22321
23995 22316
23995 22316
23999 22312
23999 22312
24003 22307
24003 22307
24008 22303
24008 22303
24012 22298
24012 22298
24016 22293
24016 22293
24020 22289
24020 22289
24025 22284
24025 22284
24029 22279
24029 22279
24033 22275
24033 22275
24037 22270
24037 22270
24042 22266
24042 22266
24046 22261
24046 22261
24050 22256
24050 22256
24055 22252
24055 22252
24059 22247
24059 22247
24063 22243
24063 22243
24067 22238
24067 22238
24072 22233
24072 22233
24076 22229
24076 22229
24080 22224
24080 22224
24084 22220
24084 22220
24089 22215
24089 22215
24093 22210
24093 22210
24097 22206
24097 22206
24102 22201
24102 22201
24106 22197
24106 22197
24110 22192
24110 22192
24113 22186
24113 22186
24118 22182
24118 22182
24122 22177
24122 22177
24126 22173
24126 22173
24130 22168
24130 22168
24135 22163
24135 22163
24139 22159
24139 22159
24143 22154
24143 22154
24148 22150
24148 22150
24152 22145
24152 22145
24156 22140
24156 22140
24160 22136
24160 22136
24165 22131
24165 22131
24169 22127
24169 22127
24173 22122
24173 22122
24177 22117
24177 22117
24182 22113
24182 22113
24186 22108
24186 22108
24190 22104
24190 22104
24195 22099
24195 22099
24199 22094
24199 22094
24203 22090
24203 22090
24207 22085
24207 22085
24212 22081
24212 22081
24216 22076
24216 22076
24220 22071
24220 22071
24224 22067
24224 22067
24229 22062
24229 22062
24233 22058
24233 22058
24237 22053
24237 22053
24241 22047
24241 22047
24245 22043
24245 22043
24249 22038
24249 22038
24253 22034
24253 22034
24258 22029
24258 22029
24262 22024
24262 22024
24266 22020
24266 22020
24270 22015
24270 22015
24275 22011
24275 22011
24279 22006
24279 22006
24283 22001
24283 22001
24287 21997
24287 21997
24291 21992
24291 21992
24296 21987
24296 21987
24300 21982
24300 21982
24304 21978
24304 21978
24308 21973
24308 21973
24312 21968
24312 21968
24316 21964
24316 21964
24322 21960
24322 21960
24326 21955
24326 21955
24330 21950
24330 21950
24334 21946
24334 21946
24338 21941
24338 21941
24342 21936
24342 21936
24347 21932
24347 21932
24351 21927
24351 21927
24355 21922
24355 21922
24359 21917
24359 21917
24363 21913
24363 21913
24367 21908
24367 21908
24372 21903
24372 21903
24376 21899
24376 21899
24380 21894
24380 21894
24384 21889
24384 21889
24388 21885
24388 21885
24392 21880
24392 21880
24397 21875
24397 21875
24401 21870
24401 21870
24405 21866
24405 21866
24409 21861
24409 21861
24413 21856
24413 21856
24417 21852
24417 21852
24422 21847
24422 21847
24426 21842
24426 21842
24431 21837
24431 21837
24435 21833
24435 21833
24439 21828
24439 21828
24443 21823
24443 21823
24448 21820
24448 21820
24452 21815
24452 21815
24456 21810
24456 21810
24460 21805
24460 21805
24464 21801
24464 21801
24468 21796
24468 21796
24473 21791
24473 21791
24477 21787
24477 21787
24481 21782
24481 21782
24485 21777
24485 21777
24489 21772
24489 21772
24493 21768
24493 21768
24498 21763
24498 21763
24502 21758
24502 21758
24506 21754
24506 21754
24510 21749
24510 21749
24514 21744
24514 21744
24518 21739
24518 21739
24523 21735
24523 21735
24527 21730
24527 21730
24531 21725
24531 21725
24535 21721
24535 21721
24539 21716
24539 21716
24543 21711
24543 21711
24548 21707
24548 21707
24552 21702
24552 21702
24556 21697
24556 21697
24560 21692
24560 21692
24564 21688
24564 21688
24568 21683
24568 21683
24572 21678
24572 21678
24577 21674
24577 21674
24581 21669
24581 21669
24585 21664
24585 21664
24589 21659
24589 21659
24593 21655
24593 21655
24597 21650
24597 21650
24602 21645
24602 21645
24606 21641
24606 21641
24610 21636
24610 21636
24614 21631
24614 21631
24618 21626
24618 21626
24622 21622
24622 21622
24627 21617
24627 21617
24631 21612
24631 21612
24635 21608
24635 21608
24639 21603
24639 21603
24643 21598
24643 21598
24647 21593
24647 21593
24652 21588
24652 21588
24656 21583
24656 21583
24660 21578
24660 21578
24664 21574
24664 21574
24667 21569
24667 21569
24671 21564
24671 21564
24676 21559
24676 21559
24680 21555
24680 21555
24684 21550
24684 21550
24688 21545
24688 21545
24692 21541
24692 21541
24696 21536
24696 21536
24701 21531
24701 21531
24705 21526
24705 21526
24709 21522
24709 21522
24713 21517
24713 21517
24717 21512
24717 21512
24721 21508
24721 21508
24726 21503
24726 21503
24730 21498
24730 21498
24734 21494
24734 21494
24738 21489
24738 21489
24742 21484
24742 21484
24746 21479
24746 21479
24751 21475
24751 21475
24755 21470
24755 21470
24759 21465
24759 21465
24763 21461
24763 21461
24767 21456
24767 21456
24771 21451
24771 21451
24775 21445
24775 21445
24779 21441
24779 21441
24783 21436
24783 21436
24787 21431
24787 21431
24791 21427
24791 21427
24795 21422
24795 21422
24800 21417
24800 21417
24804 21412
24804 21412
24808 21408
24808 21408
24812 21403
24812 21403
24816 21398
24816 21398
24820 21393
24820 21393
24824 21389
24824 21389
24828 21384
24828 21384
24832 21379
24832 21379
24836 21374
24836 21374
24840 21369
24840 21369
24844 21365
24844 21365
24848 21360
24848 21360
24853 21355
24853 21355
24858 21350
24858 21350
24862 21346
24862 21346
24866 21342
24866 21342
24870 21337
24870 21337
24874 21332
24874 21332
24878 21327
24878 21327
24882 21322
24882 21322
24886 21318
24886 21318
24890 21313
24890 21313
24894 21308
24894 21308
24898 21303
24898 21303
24902 21298
24902 21298
24906 21293
24906 21293
24910 21289
24910 21289
24914 21284
24914 21284
24918 21279
24918 21279
24922 21274
24922 21274
24926 21269
24926 21269
24930 21265
24930 21265
24934 21260
24934 21260
24938 21255
24938 21255
24943 21250
24943 21250
24947 21245
24947 21245
24951 21241
24951 21241
24955 21236
24955 21236
24960 21231
24960 21231
24964 21226
24964 21226
24968 21221
24968 21221
24972 21217
24972 21217
24976 21212
24976 21212
24980 21207
24980 21207
24984 21202
24984 21202
24988 21197
24988 21197
24992 21193
24992 21193
24996 21188
24996 21188
25000 21183
25000 21183
25004 21178
25004 21178
25008 21173
25008 21173
25012 21169
25012 21169
25016 21164
25016 21164
25020 21159
25020 21159
25024 21154
25024 21154
25028 21149
25028 21149
25033 21145
25033 21145
25037 21140
25037 21140
25041 21135
25041 21135
25045 21130
25045 21130
25049 21125
25049 21125
25053 21121
25053 21121
25057 21116
25057 21116
25061 21111
25061 21111
25065 21106
25065 21106
25069 21101
25069 21101
25073 21098
25073 21098
25077 21092
25077 21092
25081 21087
25081 21087
25085 21082
25085 21082
25089 21077
25089 21077
25093 21072
25093 21072
25097 21068
25097 21068
25101 21063
25101 21063
25105 21058
25105 21058
25109 21053
25109 21053
25113 21048
25113 21048
25118 21044
25118 21044
25122 21039
25122 21039
25126 21034
25126 21034
25130 21029
25130 21029
25134 21024
25134 21024
25138 21020
25138 21020
25142 21015
25142 21015
25146 21010
25146 21010
25150 21005
25150 21005
25154 21000
25154 21000
25158 20996
25158 20996
25162 20991
25162 20991
25166 20986
25166 20986
25170 20981
25170 20981
25174 20976
25174 20976
25178 20972
25178 20972
25182 20967
25182 20967
25186 20962
25186 20962
25189 20957
25189 20957
25193 20952
25193 20952
25197 20948
25197 20948
25202 20943
25202 20943
25206 20938
25206 20938
25210 20933
25210 20933
25214 20928
25214 20928
25218 20924
25218 20924
25222 20919
25222 20919
25226 20914
25226 20914
25230 20909
25230 20909
25234 20904
25234 20904
25238 20900
25238 20900
25242 20895
25242 20895
25246 20890
25246 20890
25250 20885
25250 20885
25254 20880
25254 20880
25258 20875
25258 20875
25262 20871
25262 20871
25266 20866
25266 20866
25270 20861
25270 20861
25274 20856
25274 20856
25278 20851
25278 20851
25282 20847
25282 20847
25286 20841
25286 20841
25291 20836
25291 20836
25294 20831
25294 20831
25298 20826
25298 20826
25302 20822
25302 20822
25306 20817
25306 20817
25310 20812
25310 20812
25314 20807
25314 20807
25318 20802
25318 20802
25322 20798
25322 20798
25326 20793
25326 20793
25330 20788
25330 20788
25334 20783
25334 20783
25338 20778
25338 20778
25342 20773
25342 20773
25346 20768
25346 20768
25350 20763
25350 20763
25354 20759
25354 20759
25358 20754
25358 20754
25361 20749
25361 20749
25366 20744
25366 20744
25370 20739
25370 20739
25374 20735
25374 20735
25378 20730
25378 20730
25382 20725
25382 20725
25386 20720
25386 20720
25390 20715
25390 20715
25394 20711
25394 20711
25398 20706
25398 20706
25402 20701
25402 20701
25406 20696
25406 20696
25410 20691
25410 20691
25414 20686
25414 20686
25417 20681
25417 20681
25421 20676
25421 20676
25425 20671
25425 20671
25429 20666
25429 20666
25433 20661
25433 20661
25437 20657
25437 20657
25441 20652
25441 20652
25445 20647
25445 20647
25449 20642
25449 20642
25453 20637
25453 20637
25458 20632
25458 20632
25462 20627
25462 20627
25466 20622
25466 20622
25470 20617
25470 20617
25473 20612
25473 20612
25477 20607
25477 20607
25481 20603
25481 20603
25485 20598
25485 20598
25489 20593
25489 20593
25493 20588
25493 20588
25497 20583
25497 20583
25501 20578
25501 20578
25505 20573
25505 20573
25509 20568
25509 20568
25513 20563
25513 20563
25517 20559
25517 20559
25521 20555
25521 20555
25525 20550
25525 20550
25528 20545
25528 20545
25532 20540
25532 20540
25536 20535
25536 20535
25540 20530
25540 20530
25544 20525
25544 20525
25548 20520
25548 20520
25552 20515
25552 20515
25556 20510
25556 20510
25560 20505
25560 20505
25564 20501
25564 20501
25568 20496
25568 20496
25572 20491
25572 20491
25576 20486
25576 20486
25580 20481
25580 20481
25584 20476
25584 20476
25587 20471
25587 20471
25591 20466
25591 20466
25595 20461
25595 20461
25599 20456
25599 20456
25603 20451
25603 20451
25607 20447
25607 20447
25611 20442
25611 20442
25615 20437
25615 20437
25619 20432
25619 20432
25623 20427
25623 20427
25627 20422
25627 20422
25631 20417
25631 20417
25635 20412
25635 20412
25639 20407
25639 20407
25642 20402
25642 20402
25646 20398
25646 20398
25650 20393
25650 20393
25654 20387
25654 20387
25658 20382
25658 20382
25662 20377
25662 20377
25666 20372
25666 20372
25670 20367
25670 20367
25674 20362
25674 20362
25678 20357
25678 20357
25682 20352
25682 20352
25686 20347
25686 20347
25690 20343
25690 20343
25694 20338
25694 20338
25697 20333
25697 20333
25701 20328
25701 20328
25705 20323
25705 20323
25709 20318
25709 20318
25712 20313
25712 20313
25716 20308
25716 20308
25720 20303
25720 20303
25724 20298
25724 20298
25728 20293
25728 20293
25732 20289
25732 20289
25736 20284
25736 20284
25740 20279
25740 20279
25744 20274
25744 20274
25748 20269
25748 20269
25751 20264
25751 20264
25755 20259
25755 20259
25759 20254
25759 20254
25763 20249
25763 20249
25767 20244
25767 20244
25771 20240
25771 20240
25775 20235
25775 20235
25779 20230
25779 20230
25783 20225
25783 20225
25787 20220
25787 20220
25791 20215
25791 20215
25795 20209
25795 20209
25799 20204
25799 20204
25802 20199
25802 20199
25805 20194
25805 20194
25809 20189
25809 20189
25813 20185
25813 20185
25817 20180
25817 20180
25821 20175
25821 20175
25825 20170
25825 20170
25829 20165
25829 20165
25833 20160
25833 20160
25837 20155
25837 20155
25841 20150
25841 20150
25844 20145
25844 20145
25848 20140
25848 20140
25852 20135
25852 20135
25856 20130
25856 20130
25860 20125
25860 20125
25863 20120
25863 20120
25868 20115
25868 20115
25872 20110
25872 20110
25876 20105
25876 20105
25880 20101
25880 20101
25883 20096
25883 20096
25887 20091
25887 20091
25891 20086
25891 20086
25895 20081
25895 20081
25899 20076
25899 20076
25902 20071
25902 20071
25906 20066
25906 20066
25910 20061
25910 20061
25914 20056
25914 20056
25918 20051
25918 20051
25922 20046
25922 20046
25925 20041
25925 20041
25929 20036
25929 20036
25933 20031
25933 20031
25937 20026
25937 20026
25941 20021
25941 20021
25944 20016
25944 20016
25948 20011
25948 20011
25952 20006
25952 20006
25957 20001
25957 20001
25961 19996
25961 19996
25964 19991
25964 19991
25968 19986
25968 19986
25972 19981
25972 19981
25976 19976
25976 19976
25980 19971
25980 19971
25983 19966
25983 19966
25987 19961
25987 19961
25991 19956
25991 19956
25995 19951
25995 19951
25999 19946
25999 19946
26002 19941
26002 19941
26006 19936
26006 19936
26010 19931
26010 19931
26014 19926
26014 19926
26018 19921
26018 19921
26021 19916
26021 19916
26025 19911
26025 19911
26029 19906
26029 19906
26033 19901
26033 19901
26037 19896
26037 19896
26040 19891
26040 19891
26044 19886
26044 19886
26048 19881
26048 19881
26052 19876
26052 19876
26056 19871
26056 19871
26059 19866
26059 19866
26063 19861
26063 19861
26067 19856
26067 19856
26071 19851
26071 19851
26075 19846
26075 19846
26079 19842
26079 19842
26082 19836
26082 19836
26086 19831
26086 19831
26090 19826
26090 19826
26094 19821
26094 19821
26098 19816
26098 19816
26101 19811
26101 19811
26105 19806
26105 19806
26109 19801
26109 19801
26113 19796
26113 19796
26117 19791
26117 19791
26120 19786
26120 19786
26124 19781
26124 19781
26128 19776
26128 19776
26132 19771
26132 19771
26136 19766
26136 19766
26139 19761
26139 19761
26143 19756
26143 19756
26147 19751
26147 19751
26151 19746
26151 19746
26155 19741
26155 19741
26158 19736
26158 19736
26162 19731
26162 19731
26166 19726
26166 19726
26170 19721
26170 19721
26174 19716
26174 19716
26177 19711
26177 19711
26181 19706
26181 19706
26185 19701
26185 19701
26189 19696
26189 19696
26193 19691
26193 19691
26196 19686
26196 19686
26200 19681
26200 19681
26203 19676
26203 19676
26207 19671
26207 19671
26211 19666
26211 19666
26214 19661
26214 19661
26218 19656
26218 19656
26222 19651
26222 19651
26226 19646
26226 19646
26230 19641
26230 19641
26233 19636
26233 19636
26237 19631
26237 19631
26241 19626
26241 19626
26245 19621
26245 19621
26249 19616
26249 19616
26253 19611
26253 19611
26256 19606
26256 19606
26260 19601
26260 19601
26264 19596
26264 19596
26268 19591
26268 19591
26272 19586
26272 19586
26275 19581
26275 19581
26279 19575
26279 19575
26283 19570
26283 19570
26287 19565
26287 19565
26290 19560
26290 19560
26293 19555
26293 19555
26297 19550
26297 19550
26301 19545
26301 19545
26305 19540
26305 19540
26309 19535
26309 19535
26312 19530
26312 19530
26316 19525
26316 19525
26320 19520
26320 19520
26324 19515
26324 19515
26327 19510
26327 19510
26331 19505
26331 19505
26335 19500
26335 19500
26338 19495
26338 19495
26342 19489
26342 19489
26346 19484
26346 19484
26349 19479
26349 19479
26354 19474
26354 19474
26358 19469
26358 19469
26361 19464
26361 19464
26365 19460
26365 19460
26369 19455
26369 19455
26373 19450
26373 19450
26376 19445
26376 19445
26380 19440
26380 19440
26384 19434
26384 19434
26387 19429
26387 19429
26391 19424
26391 19424
26395 19419
26395 19419
26398 19414
26398 19414
26402 19409
26402 19409
26406 19404
26406 19404
26409 19399
26409 19399
26413 19394
26413 19394
26417 19389
26417 19389
26420 19383
26420 19383
26424 19378
26424 19378
26428 19373
26428 19373
26431 19368
26431 19368
26435 19363
26435 19363
26440 19358
26440 19358
26443 19353
26443 19353
26447 19348
26447 19348
26451 19343
26451 19343
26454 19338
26454 19338
26458 19333
26458 19333
26462 19327
26462 19327
26466 19322
26466 19322
26469 19317
26469 19317
26473 19312
26473 19312
26477 19307
26477 19307
26480 19302
26480 19302
26484 19297
26484 19297
26488 19292
26488 19292
26491 19287
26491 19287
26495 19282
26495 19282
26499 19277
26499 19277
26502 19271
26502 19271
26506 19266
26506 19266
26510 19261
26510 19261
26513 19256
26513 19256
26517 19251
26517 19251
26521 19246
26521 19246
26524 19241
26524 19241
26528 19236
26528 19236
26532 19231
26532 19231
26535 19226
26535 19226
26539 19220
26539 19220
26543 19215
26543 19215
26546 19210
26546 19210
26550 19205
26550 19205
26554 19200
26554 19200
26558 19196
26558 19196
26561 19190
26561 19190
26565 19185
26565 19185
26569 19180
26569 19180
26572 19175
26572 19175
26576 19170
26576 19170
26580 19164
26580 19164
26583 19159
26583 19159
26587 19154
26587 19154
26591 19149
26591 19149
26594 19144
26594 19144
26598 19139
26598 19139
26602 19134
26602 19134
26605 19129
26605 19129
26609 19124
26609 19124
26613 19119
26613 19119
26616 19114
26616 19114
26620 19108
26620 19108
26624 19103
26624 19103
26627 19098
26627 19098
26631 19093
26631 19093
26635 19088
26635 19088
26638 19083
26638 19083
26642 19078
26642 19078
26646 19073
26646 19073
26649 19068
26649 19068
26653 19063
26653 19063
26657 19057
26657 19057
26661 19052
26661 19052
26664 19047
26664 19047
26668 19042
26668 19042
26672 19037
26672 19037
26675 19032
26675 19032
26678 19027
26678 19027
26682 19022
26682 19022
26685 19017
26685 19017
26689 19012
26689 19012
26693 19007
26693 19007
26696 19001
26696 19001
26700 18996
26700 18996
26704 18991
26704 18991
26707 18986
26707 18986
26711 18981
26711 18981
26715 18976
26715 18976
26718 18971
26718 18971
26722 18966
26722 18966
26726 18961
26726 18961
26729 18956
26729 18956
26733 18951
26733 18951
26737 18945
26737 18945
26740 18940
26740 18940
26744 18935
26744 18935
26748 18930
26748 18930
26752 18924
26752 18924
26755 18919
26755 18919
26759 18914
26759 18914
26762 18909
26762 18909
26765 18904
26765 18904
26769 18899
26769 18899
26773 18893
26773 18893
26776 18888
26776 18888
26780 18883
26780 18883
26784 18878
26784 18878
26787 18873
26787 18873
26791 18868
26791 18868
26795 18863
26795 18863
26798 18858
26798 18858
26802 18852
26802 18852
26805 18847
26805 18847
26809 18842
26809 18842
26812 18837
26812 18837
26816 18832
26816 18832
26819 18827
26819 18827
26824 18821
26824 18821
26828 18816
26828 18816
26831 18811
26831 18811
26835 18806
26835 18806
26838 18802
26838 18802
26842 18796
26842 18796
26845 18791
26845 18791
26849 18786
26849 18786
26852 18781
26852 18781
26856 18776
26856 18776
26860 18771
26860 18771
26863 18765
26863 18765
26867 18760
26867 18760
26870 18755
26870 18755
26874 18750
26874 18750
26877 18745
26877 18745
26881 18740
26881 18740
26884 18734
26884 18734
26888 18729
26888 18729
26892 18724
26892 18724
26895 18719
26895 18719
26900 18714
26900 18714
26903 18708
26903 18708
26907 18703
26907 18703
26910 18698
26910 18698
26914 18693
26914 18693
26917 18688
26917 18688
26921 18683
26921 18683
26925 18677
26925 18677
26928 18672
26928 18672
26932 18667
26932 18667
26935 18662
26935 18662
26939 18657
26939 18657
26942 18651
26942 18651
26946 18646
26946 18646
26949 18641
26949 18641
26953 18636
26953 18636
26957 18631
26957 18631
26960 18626
26960 18626
26964 18620
26964 18620
26967 18615
26967 18615
26971 18610
26971 18610
26974 18605
26974 18605
26978 18600
26978 18600
26981 18594
26981 18594
26985 18589
26985 18589
26989 18584
26989 18584
26992 18579
26992 18579
26996 18574
26996 18574
26999 18569
26999 18569
27003 18563
27003 18563
27006 18558
27006 18558
27010 18553
27010 18553
27013 18548
27013 18548
27017 18543
27017 18543
27021 18538
27021 18538
27024 18532
27024 18532
27028 18527
27028 18527
27031 18522
27031 18522
27035 18517
27035 18517
27038 18512
27038 18512
27042 18506
27042 18506
27045 18501
27045 18501
27049 18496
27049 18496
27052 18491
27052 18491
27056 18486
27056 18486
27060 18481
27060 18481
27063 18475
27063 18475
27067 18470
27067 18470
27070 18465
27070 18465
27074 18460
27074 18460
27077 18455
27077 18455
27081 18449
27081 18449
27084 18444
27084 18444
27088 18439
27088 18439
27092 18434
27092 18434
27095 18429
27095 18429
27099 18424
27099 18424
27102 18418
27102 18418
27106 18413
27106 18413
27109 18408
27109 18408
27113 18403
27113 18403
27116 18398
27116 18398
27120 18392
27120 18392
27124 18387
27124 18387
27127 18382
27127 18382
27131 18377
27131 18377
27134 18372
27134 18372
27138 18367
27138 18367
27141 18361
27141 18361
27144 18356
27144 18356
27147 18351
27147 18351
27151 18346
27151 18346
27155 18341
27155 18341
27158 18335
27158 18335
27162 18330
27162 18330
27165 18325
27165 18325
27169 18320
27169 18320
27172 18315
27172 18315
27176 18310
27176 18310
27179 18304
27179 18304
27183 18299
27183 18299
27187 18294
27187 18294
27190 18289
27190 18289
27194 18284
27194 18284
27197 18279
27197 18279
27201 18273
27201 18273
27204 18267
27204 18267
27208 18262
27208 18262
27211 18257
27211 18257
27215 18252
27215 18252
27218 18246
27218 18246
27221 18241
27221 18241
27225 18236
27225 18236
27228 18231
27228 18231
27232 18226
27232 18226
27235 18221
27235 18221
27239 18215
27239 18215
27242 18210
27242 18210
27246 18205
27246 18205
27249 18200
27249 18200
27253 18194
27253 18194
27256 18189
27256 18189
27260 18184
27260 18184
27263 18179
27263 18179
27267 18173
27267 18173
27270 18168
27270 18168
27273 18163
27273 18163
27278 18158
27278 18158
27281 18152
27281 18152
27285 18147
27285 18147
27288 18142
27288 18142
27291 18138
27291 18138
27295 18132
27295 18132
27298 18127
27298 18127
27302 18122
27302 18122
27305 18116
27305 18116
27309 18111
27309 18111
27312 18106
27312 18106
27315 18101
27315 18101
27319 18095
27319 18095
27322 18090
27322 18090
27326 18085
27326 18085
27329 18080
27329 18080
27333 18074
27333 18074
27336 18069
27336 18069
27339 18064
27339 18064
27343 18059
27343 18059
27346 18053
27346 18053
27350 18048
27350 18048
27353 18043
27353 18043
27358 18038
27358 18038
27361 18032
27361 18032
27364 18027
27364 18027
27368 18022
27368 18022
27371 18016
27371 18016
27375 18011
27375 18011
27378 18006
27378 18006
27381 18001
27381 18001
27385 17995
27385 17995
27388 17990
27388 17990
27392 17985
27392 17985
27395 17980
27395 17980
27399 17974
27399 17974
27402 17969
27402 17969
27405 17964
27405 17964
27409 17959
27409 17959
27412 17953
27412 17953
27416 17948
27416 17948
27419 17943
27419 17943
27423 17937
27423 17937
27426 17932
27426 17932
27429 17927
27429 17927
27433 17922
27433 17922
27436 17916
27436 17916
27440 17911
27440 17911
27443 17906
27443 17906
27446 17901
27446 17901
27450 17895
27450 17895
27453 17890
27453 17890
27457 17885
27457 17885
27460 17880
27460 17880
27464 17874
27464 17874
27467 17869
27467 17869
27470 17864
27470 17864
27474 17858
27474 17858
27477 17853
27477 17853
27481 17848
27481 17848
27484 17843
27484 17843
27488 17837
27488 17837
27491 17832
27491 17832
27494 17827
27494 17827
27498 17822
27498 17822
27501 17816
27501 17816
27505 17811
27505 17811
27508 17806
27508 17806
27511 17801
27511 17801
27515 17795
27515 17795
27518 17790
27518 17790
27522 17785
27522 17785
27525 17779
27525 17779
27529 17774
27529 17774
27532 17769
27532 17769
27535 17764
27535 17764
27539 17758
27539 17758
27542 17753
27542 17753
27546 17748
27546 17748
27549 17743
27549 17743
27553 17737
27553 17737
27556 17732
27556 17732
27559 17727
27559 17727
27563 17722
27563 17722
27566 17716
27566 17716
27570 17711
27570 17711
27573 17706
27573 17706
27577 17701
27577 17701
27579 17695
27579 17695
27582 17690
27582 17690
27586 17685
27586 17685
27589 17679
27589 17679
27593 17674
27593 17674
27596 17669
27596 17669
27599 17664
27599 17664
27603 17658
27603 17658
27606 17653
27606 17653
27610 17648
27610 17648
27613 17643
27613 17643
27617 17637
27617 17637
27620 17632
27620 17632
27623 17627
27623 17627
27627 17622
27627 17622
27630 17616
27630 17616
27634 17611
27634 17611
27637 17606
27637 17606
27641 17600
27641 17600
27644 17594
27644 17594
27647 17589
27647 17589
27651 17584
27651 17584
27654 17578
27654 17578
27657 17573
27657 17573
27660 17568
27660 17568
27663 17563
27663 17563
27667 17557
27667 17557
27670 17552
27670 17552
27674 17547
27674 17547
27677 17542
27677 17542
27681 17536
27681 17536
27684 17531
27684 17531
27687 17526
27687 17526
27691 17520
27691 17520
27694 17515
27694 17515
27697 17510
27697 17510
27700 17504
27700 17504
27704 17499
27704 17499
27707 17494
27707 17494
27710 17488
27710 17488
27715 17483
27715 17483
27718 17477
27718 17477
27721 17472
27721 17472
27725 17467
27725 17467
27728 17462
27728 17462
27731 17457
27731 17457
27734 17452
27734 17452
27738 17446
27738 17446
27741 17441
27741 17441
27744 17436
27744 17436
27748 17430
27748 17430
27751 17425
27751 17425
27754 17420
27754 17420
27758 17414
27758 17414
27761 17409
27761 17409
27764 17404
27764 17404
27767 17398
27767 17398
27771 17393
27771 17393
27774 17388
27774 17388
27777 17382
27777 17382
27781 17377
27781 17377
27785 17371
27785 17371
27788 17366
27788 17366
27792 17361
27792 17361
27795 17355
27795 17355
27798 17350
27798 17350
27801 17345
27801 17345
27805 17339
27805 17339
27808 17334
27808 17334
27811 17329
27811 17329
27815 17323
27815 17323
27818 17318
27818 17318
27821 17313
27821 17313
27824 17307
27824 17307
27828 17302
27828 17302
27831 17297
27831 17297
27834 17291
27834 17291
27838 17286
27838 17286
27841 17280
27841 17280
27844 17275
27844 17275
27848 17270
27848 17270
27851 17264
27851 17264
27854 17259
27854 17259
27857 17254
27857 17254
27861 17248
27861 17248
27864 17243
27864 17243
27867 17238
27867 17238
27871 17232
27871 17232
27874 17227
27874 17227
27877 17222
27877 17222
27881 17216
27881 17216
27884 17211
27884 17211
27887 17206
27887 17206
27890 17200
27890 17200
27894 17195
27894 17195
27897 17190
27897 17190
27900 17184
27900 17184
27904 17179
27904 17179
27907 17173
27907 17173
27910 17168
27910 17168
27913 17163
27913 17163
27917 17157
27917 17157
27920 17152
27920 17152
27923 17147
27923 17147
27927 17141
27927 17141
27930 17136
27930 17136
27933 17131
27933 17131
27937 17125
27937 17125
27940 17120
27940 17120
27943 17115
27943 17115
27946 17109
27946 17109
27950 17104
27950 17104
27953 17099
27953 17099
27956 17093
27956 17093
27960 17088
27960 17088
27963 17082
27963 17082
27966 17077
27966 17077
27970 17072
27970 17072
27973 17066
27973 17066
27976 17061
27976 17061
27979 17056
27979 17056
27983 17050
27983 17050
27986 17045
27986 17045
27989 17040
27989 17040
27993 17034
27993 17034
27996 17029
27996 17029
27999 17024
27999 17024
28003 17018
28003 17018
28006 17013
28006 17013
28009 17008
28009 17008
28011 17002
28011 17002
28015 16997
28015 16997
28018 16991
28018 16991
28021 16986
28021 16986
28025 16981
28025 16981
28028 16975
28028 16975
28031 16970
28031 16970
28034 16965
28034 16965
28038 16959
28038 16959
28041 16954
28041 16954
28044 16949
28044 16949
28048 16943
28048 16943
28051 16938
28051 16938
28054 16933
28054 16933
28058 16927
28058 16927
28061 16922
28061 16922
28064 16917
28064 16917
28067 16910
28067 16910
28071 16905
28071 16905
28074 16900
28074 16900
28077 16894
28077 16894
28080 16889
28080 16889
28083 16883
28083 16883
28086 16878
28086 16878
28090 16873
28090 16873
28093 16867
28093 16867
28096 16862
28096 16862
28099 16857
28099 16857
28103 16851
28103 16851
28106 16846
28106 16846
28109 16841
28109 16841
28112 16835
28112 16835
28115 16830
28115 16830
28119 16824
28119 16824
28122 16819
28122 16819
28125 16813
28125 16813
28128 16808
28128 16808
28131 16803
28131 16803
28135 16797
28135 16797
28139 16792
28139 16792
28142 16786
28142 16786
28145 16781
28145 16781
28148 16775
28148 16775
28151 16770
28151 16770
28154 16766
28154 16766
28158 16760
28158 16760
28161 16755
28161 16755
28164 16749
28164 16749
28167 16744
28167 16744
28170 16738
28170 16738
28173 16733
28173 16733
28177 16728
28177 16728
28180 16722
28180 16722
28183 16717
28183 16717
28186 16711
28186 16711
28189 16706
28189 16706
28192 16700
28192 16700
28196 16695
28196 16695
28199 16690
28199 16690
28203 16684
28203 16684
28206 16679
28206 16679
28209 16673
28209 16673
28212 16668
28212 16668
28216 16662
28216 16662
28219 16657
28219 16657
28222 16652
28222 16652
28225 16646
28225 16646
28228 16641
28228 16641
28231 16635
28231 16635
28235 16630
28235 16630
28238 16624
28238 16624
28241 16619
28241 16619
28244 16614
28244 16614
28247 16608
28247 16608
28250 16603
28250 16603
28254 16597
28254 16597
28257 16592
28257 16592
28260 16586
28260 16586
28263 16581
28263 16581
28266 16576
28266 16576
28269 16570
28269 16570
28273 16565
28273 16565
28276 16559
28276 16559
28279 16554
28279 16554
28282 16548
28282 16548
28285 16543
28285 16543
28288 16538
28288 16538
28292 16532
28292 16532
28295 16527
28295 16527
28298 16521
28298 16521
28301 16516
28301 16516
28304 16510
28304 16510
28307 16505
28307 16505
28311 16500
28311 16500
28314 16494
28314 16494
28317 16489
28317 16489
28320 16483
28320 16483
28323 16478
28323 16478
28326 16472
28326 16472
28329 16467
28329 16467
28333 16461
28333 16461
28336 16456
28336 16456
28339 16451
28339 16451
28342 16445
28342 16445
28345 16440
28345 16440
28348 16434
28348 16434
28352 16429
28352 16429
28355 16423
28355 16423
28358 16418
28358 16418
28361 16413
28361 16413
28364 16407
28364 16407
28367 16402
28367 16402
28371 16396
28371 16396
28374 16391
28374 16391
28377 16385
28377 16385
28380 16380
28380 16380
28383 16375
28383 16375
28386 16369
28386 16369
28390 16364
28390 16364
28393 16358
28393 16358
28396 16353
28396 16353
28399 16347
28399 16347
28402 16342
28402 16342
28405 16337
28405 16337
28409 16331
28409 16331
28412 16326
28412 16326
28415 16320
28415 16320
28418 16315
28418 16315
28420 16309
28420 16309
28423 16304
28423 16304
28427 16299
28427 16299
28430 16293
28430 16293
28433 16288
28433 16288
28436 16282
28436 16282
28439 16277
28439 16277
28442 16271
28442 16271
28446 16266
28446 16266
28449 16261
28449 16261
28452 16255
28452 16255
28455 16250
28455 16250
28458 16244
28458 16244
28461 16239
28461 16239
28465 16233
28465 16233
28468 16227
28468 16227
28471 16222
28471 16222
28474 16216
28474 16216
28477 16211
28477 16211
28480 16205
28480 16205
28484 16200
28484 16200
28486 16194
28486 16194
28489 16189
28489 16189
28492 16184
28492 16184
28495 16178
28495 16178
28498 16173
28498 16173
28502 16167
28502 16167
28505 16162
28505 16162
28508 16156
28508 16156
28511 16151
28511 16151
28514 16146
28514 16146
28517 16140
28517 16140
28520 16135
28520 16135
28523 16129
28523 16129
28526 16124
28526 16124
28529 16118
28529 16118
28532 16113
28532 16113
28536 16107
28536 16107
28539 16102
28539 16102
28542 16096
28542 16096
28545 16091
28545 16091
28548 16085
28548 16085
28551 16080
28551 16080
28554 16074
28554 16074
28557 16069
28557 16069
28561 16063
28561 16063
28564 16059
28564 16059
28567 16053
28567 16053
28570 16048
28570 16048
28573 16042
28573 16042
28576 16037
28576 16037
28579 16031
28579 16031
28582 16026
28582 16026
28585 16020
28585 16020
28588 16015
28588 16015
28591 16009
28591 16009
28594 16004
28594 16004
28598 15998
28598 15998
28601 15993
28601 15993
28604 15987
28604 15987
28607 15982
28607 15982
28610 15976
28610 15976
28613 15971
28613 15971
28616 15965
28616 15965
28619 15960
28619 15960
28622 15954
28622 15954
28625 15949
28625 15949
28628 15943
28628 15943
28631 15938
28631 15938
28634 15932
28634 15932
28637 15927
28637 15927
28640 15921
28640 15921
28643 15916
28643 15916
28646 15910
28646 15910
28649 15905
28649 15905
28652 15899
28652 15899
28655 15894
28655 15894
28659 15888
28659 15888
28662 15883
28662 15883
28665 15877
28665 15877
28668 15872
28668 15872
28671 15866
28671 15866
28674 15861
28674 15861
28677 15855
28677 15855
28680 15850
28680 15850
28683 15844
28683 15844
28686 15839
28686 15839
28689 15833
28689 15833
28692 15828
28692 15828
28695 15822
28695 15822
28698 15817
28698 15817
28701 15811
28701 15811
28704 15806
28704 15806
28707 15800
28707 15800
28710 15795
28710 15795
28713 15789
28713 15789
28716 15784
28716 15784
28719 15778
28719 15778
28722 15773
28722 15773
28725 15767
28725 15767
28728 15762
28728 15762
28731 15756
28731 15756
28734 15751
28734 15751
28737 15745
28737 15745
28740 15740
28740 15740
28743 15734
28743 15734
28746 15729
28746 15729
28749 15723
28749 15723
28752 15718
28752 15718
28756 15712
28756 15712
28759 15707
28759 15707
28762 15701
28762 15701
28765 15696
28765 15696
28768 15690
28768 15690
28771 15685
28771 15685
28774 15679
28774 15679
28777 15674
28777 15674
28780 15668
28780 15668
28783 15663
28783 15663
28786 15657
28786 15657
28789 15652
28789 15652
28792 15646
28792 15646
28795 15641
28795 15641
28798 15635
28798 15635
28801 15630
28801 15630
28804 15624
28804 15624
28807 15619
28807 15619
28810 15613
28810 15613
28813 15608
28813 15608
28816 15602
28816 15602
28818 15597
28818 15597
28821 15591
28821 15591
28824 15586
28824 15586
28827 15580
28827 15580
28830 15575
28830 15575
28833 15569
28833 15569
28836 15564
28836 15564
28839 15558
28839 15558
28842 15553
28842 15553
28845 15547
28845 15547
28848 15542
28848 15542
28852 15535
28852 15535
28855 15530
28855 15530
28858 15524
28858 15524
28861 15519
28861 15519
28864 15513
28864 15513
28867 15508
28867 15508
28870 15502
28870 15502
28873 15497
28873 15497
28876 15491
28876 15491
28878 15486
28878 15486
28881 15480
28881 15480
28884 15475
28884 15475
28887 15469
28887 15469
28890 15464
28890 15464
28893 15458
28893 15458
28896 15453
28896 15453
28899 15447
28899 15447
28902 15441
28902 15441
28905 15436
28905 15436
28908 15430
28908 15430
28911 15425
28911 15425
28913 15419
28913 15419
28916 15414
28916 15414
28919 15408
28919 15408
28922 15402
28922 15402
28926 15397
28926 15397
28929 15391
28929 15391
28932 15386
28932 15386
28935 15380
28935 15380
28938 15374
28938 15374
28940 15369
28940 15369
28943 15364
28943 15364
28946 15359
28946 15359
28949 15353
28949 15353
28952 15348
28952 15348
28955 15342
28955 15342
28958 15336
28958 15336
28961 15331
28961 15331
28964 15325
28964 15325
28966 15320
28966 15320
28969 15314
28969 15314
28972 15309
28972 15309
28975 15303
28975 15303
28978 15297
28978 15297
28981 15292
28981 15292
28984 15286
28984 15286
28988 15281
28988 15281
28991 15275
28991 15275
28994 15270
28994 15270
28996 15264
28996 15264
28999 15258
28999 15258
29002 15253
29002 15253
29005 15247
29005 15247
29008 15242
29008 15242
29011 15236
29011 15236
29014 15230
29014 15230
29017 15225
29017 15225
29020 15219
29020 15219
29022 15214
29022 15214
29025 15208
29025 15208
29028 15203
29028 15203
29031 15197
29031 15197
29034 15191
29034 15191
29037 15186
29037 15186
29040 15180
29040 15180
29043 15175
29043 15175
29046 15169
29046 15169
29048 15164
29048 15164
29051 15158
29051 15158
29054 15152
29054 15152
29057 15147
29057 15147
29060 15141
29060 15141
29063 15136
29063 15136
29066 15130
29066 15130
29069 15124
29069 15124
29072 15119
29072 15119
29074 15113
29074 15113
29077 15108
29077 15108
29080 15102
29080 15102
29083 15097
29083 15097
29086 15091
29086 15091
29089 15085
29089 15085
29092 15080
29092 15080
29095 15074
29095 15074
29098 15069
29098 15069
29100 15063
29100 15063
29103 15058
29103 15058
29106 15052
29106 15052
29109 15046
29109 15046
29112 15041
29112 15041
29115 15035
29115 15035
29118 15030
29118 15030
29121 15024
29121 15024
29124 15018
29124 15018
29126 15013
29126 15013
29129 15007
29129 15007
29132 15002
29132 15002
29135 14996
29135 14996
29138 14991
29138 14991
29141 14985
29141 14985
29144 14979
29144 14979
29147 14974
29147 14974
29150 14968
29150 14968
29152 14963
29152 14963
29155 14957
29155 14957
29158 14952
29158 14952
29161 14946
29161 14946
29164 14940
29164 14940
29167 14935
29167 14935
29170 14929
29170 14929
29173 14924
29173 14924
29176 14918
29176 14918
29179 14913
29179 14913
29181 14907
29181 14907
29184 14901
29184 14901
29186 14896
29186 14896
29189 14890
29189 14890
29192 14885
29192 14885
29195 14879
29195 14879
29198 14873
29198 14873
29201 14868
29201 14868
29204 14862
29204 14862
29206 14857
29206 14857
29209 14851
29209 14851
29212 14846
29212 14846
29215 14840
29215 14840
29218 14834
29218 14834
29221 14829
29221 14829
29224 14823
29224 14823
29227 14818
29227 14818
29230 14811
29230 14811
29232 14806
29232 14806
29235 14800
29235 14800
29238 14794
29238 14794
29241 14789
29241 14789
29244 14783
29244 14783
29246 14778
29246 14778
29249 14772
29249 14772
29252 14766
29252 14766
29255 14761
29255 14761
29257 14755
29257 14755
29260 14750
29260 14750
29263 14744
29263 14744
29266 14739
29266 14739
29269 14733
29269 14733
29272 14727
29272 14727
29275 14722
29275 14722
29277 14716
29277 14716
29280 14710
29280 14710
29283 14705
29283 14705
29286 14699
29286 14699
29288 14693
29288 14693
29292 14688
29292 14688
29295 14682
29295 14682
29298 14677
29298 14677
29300 14671
29300 14671
29303 14665
29303 14665
29306 14660
29306 14660
29309 14654
29309 14654
29311 14648
29311 14648
29314 14643
29314 14643
29317 14638
29317 14638
29320 14632
29320 14632
29322 14627
29322 14627
29325 14621
29325 14621
29328 14615
29328 14615
29331 14610
29331 14610
29333 14604
29333 14604
29336 14598
29336 14598
29339 14593
29339 14593
29342 14587
29342 14587
29344 14581
29344 14581
29348 14576
29348 14576
29351 14570
29351 14570
29354 14565
29354 14565
29356 14559
29356 14559
29359 14553
29359 14553
29362 14548
29362 14548
29365 14542
29365 14542
29368 14536
29368 14536
29370 14531
29370 14531
29373 14525
29373 14525
29376 14519
29376 14519
29379 14514
29379 14514
29381 14508
29381 14508
29384 14502
29384 14502
29387 14497
29387 14497
29390 14491
29390 14491
29392 14485
29392 14485
29395 14480
29395 14480
29398 14474
29398 14474
29401 14469
29401 14469
29403 14463
29403 14463
29406 14457
29406 14457
29409 14452
29409 14452
29412 14446
29412 14446
29414 14440
29414 14440
29417 14435
29417 14435
29420 14429
29420 14429
29423 14423
29423 14423
29425 14418
29425 14418
29428 14412
29428 14412
29431 14406
29431 14406
29434 14401
29434 14401
29436 14395
29436 14395
29439 14389
29439 14389
29442 14384
29442 14384
29445 14378
29445 14378
29448 14373
29448 14373
29450 14367
29450 14367
29453 14361
29453 14361
29456 14356
29456 14356
29459 14350
29459 14350
29461 14344
29461 14344
29464 14339
29464 14339
29467 14333
29467 14333
29470 14327
29470 14327
29472 14322
29472 14322
29475 14316
29475 14316
29478 14310
29478 14310
29481 14305
29481 14305
29483 14299
29483 14299
29486 14293
29486 14293
29489 14288
29489 14288
29492 14282
29492 14282
29494 14276
29494 14276
29497 14271
29497 14271
29500 14265
29500 14265
29503 14260
29503 14260
29505 14254
29505 14254
29508 14248
29508 14248
29511 14243
29511 14243
29514 14237
29514 14237
29516 14231
29516 14231
29519 14226
29519 14226
29522 14220
29522 14220
29525 14214
29525 14214
29527 14209
29527 14209
29530 14203
29530 14203
29533 14197
29533 14197
29536 14192
29536 14192
29539 14186
29539 14186
29541 14180
29541 14180
29544 14175
29544 14175
29547 14169
29547 14169
29549 14164
29549 14164
29551 14158
29551 14158
29554 14152
29554 14152
29557 14147
29557 14147
29560 14141
29560 14141
29562 14135
29562 14135
29565 14130
29565 14130
29568 14124
29568 14124
29571 14118
29571 14118
29573 14113
29573 14113
29576 14107
29576 14107
29579 14100
29579 14100
29582 14095
29582 14095
29584 14089
29584 14089
29587 14083
29587 14083
29590 14078
29590 14078
29593 14072
29593 14072
29595 14066
29595 14066
29598 14061
29598 14061
29601 14055
29601 14055
29603 14050
29603 14050
29605 14044
29605 14044
29608 14038
29608 14038
29611 14033
29611 14033
29614 14027
29614 14027
29616 14021
29616 14021
29619 14016
29619 14016
29622 14010
29622 14010
29625 14004
29625 14004
29627 13999
29627 13999
29630 13993
29630 13993
29632 13987
29632 13987
29635 13981
29635 13981
29638 13976
29638 13976
29640 13970
29640 13970
29644 13964
29644 13964
29647 13959
29647 13959
29649 13953
29649 13953
29652 13947
29652 13947
29654 13941
29654 13941
29657 13936
29657 13936
29660 13930
29660 13930
29662 13924
29662 13924
29665 13919
29665 13919
29667 13913
29667 13913
29670 13907
29670 13907
29673 13902
29673 13902
29675 13897
29675 13897
29678 13891
29678 13891
29681 13885
29681 13885
29683 13880
29683 13880
29686 13874
29686 13874
29688 13868
29688 13868
29691 13863
29691 13863
29694 13857
29694 13857
29697 13851
29697 13851
29700 13845
29700 13845
29703 13840
29703 13840
29705 13834
29705 13834
29708 13828
29708 13828
29710 13823
29710 13823
29713 13817
29713 13817
29716 13811
29716 13811
29718 13805
29718 13805
29721 13800
29721 13800
29723 13794
29723 13794
29726 13788
29726 13788
29729 13783
29729 13783
29731 13777
29731 13777
29734 13771
29734 13771
29737 13765
29737 13765
29739 13760
29739 13760
29742 13754
29742 13754
29744 13748
29744 13748
29747 13743
29747 13743
29750 13737
29750 13737
29752 13731
29752 13731
29755 13725
29755 13725
29757 13720
29757 13720
29760 13714
29760 13714
29763 13708
29763 13708
29765 13703
29765 13703
29768 13697
29768 13697
29771 13691
29771 13691
29773 13685
29773 13685
29776 13680
29776 13680
29778 13674
29778 13674
29781 13668
29781 13668
29784 13663
29784 13663
29786 13657
29786 13657
29789 13651
29789 13651
29792 13646
29792 13646
29794 13640
29794 13640
29797 13634
29797 13634
29799 13628
29799 13628
29802 13623
29802 13623
29805 13617
29805 13617
29807 13611
29807 13611
29810 13606
29810 13606
29812 13600
29812 13600
29815 13594
29815 13594
29818 13588
29818 13588
29820 13583
29820 13583
29823 13577
29823 13577
29826 13571
29826 13571
29828 13566
29828 13566
29831 13560
29831 13560
29833 13554
29833 13554
29836 13548
29836 13548
29839 13543
29839 13543
29841 13537
29841 13537
29844 13531
29844 13531
29846 13526
29846 13526
29849 13520
29849 13520
29852 13514
29852 13514
29854 13508
29854 13508
29857 13503
29857 13503
29860 13497
29860 13497
29862 13491
29862 13491
29865 13486
29865 13486
29867 13480
29867 13480
29870 13474
29870 13474
29873 13468
29873 13468
29875 13463
29875 13463
29878 13457
29878 13457
29880 13451
29880 13451
29883 13446
29883 13446
29886 13440
29886 13440
29887 13434
29887 13434
29890 13428
29890 13428
29893 13423
29893 13423
29895 13417
29895 13417
29898 13411
29898 13411
29900 13406
29900 13406
29903 13400
29903 13400
29906 13394
29906 13394
29908 13389
29908 13389
29911 13382
29911 13382
29914 13376
29914 13376
29916 13370
29916 13370
29919 13365
29919 13365
29921 13359
29921 13359
29924 13353
29924 13353
29927 13348
29927 13348
29929 13342
29929 13342
29932 13336
29932 13336
29934 13330
29934 13330
29937 13325
29937 13325
29939 13319
29939 13319
29941 13313
29941 13313
29944 13308
29944 13308
29947 13302
29947 13302
29949 13296
29949 13296
29952 13290
29952 13290
29954 13285
29954 13285
29957 13279
29957 13279
29959 13273
29959 13273
29962 13267
29962 13267
29964 13262
29964 13262
29967 13256
29967 13256
29969 13250
29969 13250
29972 13244
29972 13244
29974 13239
29974 13239
29978 13233
29978 13233
29980 13227
29980 13227
29983 13221
29983 13221
29985 13215
29985 13215
29988 13210
29988 13210
29990 13204
29990 13204
29993 13198
29993 13198
29995 13192
29995 13192
29998 13187
29998 13187
30000 13181
30000 13181
30003 13175
30003 13175
30005 13170
30005 13170
30008 13165
30008 13165
30010 13159
30010 13159
30012 13153
30012 13153
30015 13147
30015 13147
30017 13141
30017 13141
30020 13136
30020 13136
30023 13130
30023 13130
30026 13124
30026 13124
30028 13118
30028 13118
30031 13113
30031 13113
30033 13107
30033 13107
30036 13101
30036 13101
30038 13095
30038 13095
30041 13089
30041 13089
30043 13084
30043 13084
30046 13078
30046 13078
30048 13072
30048 13072
30051 13066
30051 13066
30053 13061
30053 13061
30056 13055
30056 13055
30058 13049
30058 13049
30061 13043
30061 13043
30063 13038
30063 13038
30065 13032
30065 13032
30068 13026
30068 13026
30070 13020
30070 13020
30073 13014
30073 13014
30075 13009
30075 13009
30078 13003
30078 13003
30080 12997
30080 12997
30083 12991
30083 12991
30085 12986
30085 12986
30088 12980
30088 12980
30090 12974
30090 12974
30093 12968
30093 12968
30095 12962
30095 12962
30098 12957
30098 12957
30100 12951
30100 12951
30103 12945
30103 12945
30105 12939
30105 12939
30108 12934
30108 12934
30110 12928
30110 12928
30113 12922
30113 12922
30115 12916
30115 12916
30118 12911
30118 12911
30120 12905
30120 12905
30122 12899
30122 12899
30125 12893
30125 12893
30127 12887
30127 12887
30130 12882
30130 12882
30132 12876
30132 12876
30135 12870
30135 12870
30137 12864
30137 12864
30140 12859
30140 12859
30142 12853
30142 12853
30145 12847
30145 12847
30147 12841
30147 12841
30150 12835
30150 12835
30152 12830
30152 12830
30155 12824
30155 12824
30157 12818
30157 12818
30160 12812
30160 12812
30162 12807
30162 12807
30165 12801
30165 12801
30167 12795
30167 12795
30170 12789
30170 12789
30172 12783
30172 12783
30174 12778
30174 12778
30177 12772
30177 12772
30179 12766
30179 12766
30182 12760
30182 12760
30184 12755
30184 12755
30187 12749
30187 12749
30189 12743
30189 12743
30192 12737
30192 12737
30194 12732
30194 12732
30197 12726
30197 12726
30199 12720
30199 12720
30202 12714
30202 12714
30204 12708
30204 12708
30207 12703
30207 12703
30209 12697
30209 12697
30212 12691
30212 12691
30213 12685
30213 12685
30216 12680
30216 12680
30218 12674
30218 12674
30221 12668
30221 12668
30223 12662
30223 12662
30225 12656
30225 12656
30228 12651
30228 12651
30230 12644
30230 12644
30233 12638
30233 12638
30235 12632
30235 12632
30238 12627
30238 12627
30240 12621
30240 12621
30243 12615
30243 12615
30245 12609
30245 12609
30248 12604
30248 12604
30250 12598
30250 12598
30253 12592
30253 12592
30255 12586
30255 12586
30257 12580
30257 12580
30259 12575
30259 12575
30262 12569
30262 12569
30264 12563
30264 12563
30267 12557
30267 12557
30269 12552
30269 12552
30272 12546
30272 12546
30274 12540
30274 12540
30276 12534
30276 12534
30279 12528
30279 12528
30281 12522
30281 12522
30283 12517
30283 12517
30286 12511
30286 12511
30288 12505
30288 12505
30290 12499
30290 12499
30293 12493
30293 12493
30296 12487
30296 12487
30298 12482
30298 12482
30301 12476
30301 12476
30303 12470
30303 12470
30305 12464
30305 12464
30308 12458
30308 12458
30310 12452
30310 12452
30312 12447
30312 12447
30315 12441
30315 12441
30317 12435
30317 12435
30319 12430
30319 12430
30322 12424
30322 12424
30324 12418
30324 12418
30326 12413
30326 12413
30329 12407
30329 12407
30331 12401
30331 12401
30333 12395
30333 12395
30336 12389
30336 12389
30338 12383
30338 12383
30340 12378
30340 12378
30343 12372
30343 12372
30346 12366
30346 12366
30348 12360
30348 12360
30351 12354
30351 12354
30353 12348
30353 12348
30355 12343
30355 12343
30357 12337
30357 12337
30360 12331
30360 12331
30362 12325
30362 12325
30364 12319
30364 12319
30367 12313
30367 12313
30369 12308
30369 12308
30371 12302
30371 12302
30374 12296
30374 12296
30376 12290
30376 12290
30378 12284
30378 12284
30381 12278
30381 12278
30383 12273
30383 12273
30385 12267
30385 12267
30388 12261
30388 12261
30390 12255
30390 12255
30392 12249
30392 12249
30395 12243
30395 12243
30397 12238
30397 12238
30399 12232
30399 12232
30402 12226
30402 12226
30404 12220
30404 12220
30406 12214
30406 12214
30409 12208
30409 12208
30411 12203
30411 12203
30413 12197
30413 12197
30416 12191
30416 12191
30418 12185
30418 12185
30420 12179
30420 12179
30423 12173
30423 12173
30425 12168
30425 12168
30427 12162
30427 12162
30430 12156
30430 12156
30432 12150
30432 12150
30434 12144
30434 12144
30437 12138
30437 12138
30439 12132
30439 12132
30441 12127
30441 12127
30444 12121
30444 12121
30446 12115
30446 12115
30448 12109
30448 12109
30451 12103
30451 12103
30453 12097
30453 12097
30455 12092
30455 12092
30458 12086
30458 12086
30460 12080
30460 12080
30462 12074
30462 12074
30465 12068
30465 12068
30467 12062
30467 12062
30469 12057
30469 12057
30472 12051
30472 12051
30474 12045
30474 12045
30476 12039
30476 12039
30479 12033
30479 12033
30481 12027
30481 12027
30483 12022
30483 12022
30486 12016
30486 12016
30488 12010
30488 12010
30490 12004
30490 12004
30493 11998
30493 11998
30495 11992
30495 11992
30497 11987
30497 11987
30500 11981
30500 11981
30502 11975
30502 11975
30504 11969
30504 11969
30505 11963
30505 11963
30508 11957
30508 11957
30510 11952
30510 11952
30512 11946
30512 11946
30515 11940
30515 11940
30517 11934
30517 11934
30519 11928
30519 11928
30522 11922
30522 11922
30524 11917
30524 11917
30526 11911
30526 11911
30529 11905
30529 11905
30531 11898
30531 11898
30533 11892
30533 11892
30536 11886
30536 11886
30538 11881
30538 11881
30540 11875
30540 11875
30543 11869
30543 11869
30545 11863
30545 11863
30547 11857
30547 11857
30550 11851
30550 11851
30552 11846
30552 11846
30553 11840
30553 11840
30556 11834
30556 11834
30558 11828
30558 11828
30560 11822
30560 11822
30563 11816
30563 11816
30565 11811
30565 11811
30567 11805
30567 11805
30570 11799
30570 11799
30572 11793
30572 11793
30574 11787
30574 11787
30576 11781
30576 11781
30579 11775
30579 11775
30581 11769
30581 11769
30583 11764
30583 11764
30585 11758
30585 11758
30588 11752
30588 11752
30591 11746
30591 11746
30593 11740
30593 11740
30595 11734
30595 11734
30597 11728
30597 11728
30599 11722
30599 11722
30602 11716
30602 11716
30604 11711
30604 11711
30606 11705
30606 11705
30608 11699
30608 11699
30610 11693
30610 11693
30613 11687
30613 11687
30615 11681
30615 11681
30617 11675
30617 11675
30619 11669
30619 11669
30621 11663
30621 11663
30623 11659
30623 11659
30627 11653
30627 11653
30629 11647
30629 11647
30631 11641
30631 11641
30633 11635
30633 11635
30635 11629
30635 11629
30638 11623
30638 11623
30640 11617
30640 11617
30642 11611
30642 11611
30644 11606
30644 11606
30646 11600
30646 11600
30649 11594
30649 11594
30651 11588
30651 11588
30653 11582
30653 11582
30655 11576
30655 11576
30657 11570
30657 11570
30660 11564
30660 11564
30662 11558
30662 11558
30664 11552
30664 11552
30666 11547
30666 11547
30668 11541
30668 11541
30671 11535
30671 11535
30673 11529
30673 11529
30675 11523
30675 11523
30677 11517
30677 11517
30679 11511
30679 11511
30682 11505
30682 11505
30684 11499
30684 11499
30686 11494
30686 11494
30688 11488
30688 11488
30690 11482
30690 11482
30693 11476
30693 11476
30695 11470
30695 11470
30697 11464
30697 11464
30699 11458
30699 11458
30701 11452
30701 11452
30704 11446
30704 11446
30706 11441
30706 11441
30708 11435
30708 11435
30710 11429
30710 11429
30712 11423
30712 11423
30716 11417
30716 11417
30717 11411
30717 11411
30719 11405
30719 11405
30721 11399
30721 11399
30723 11393
30723 11393
30725 11388
30725 11388
30728 11382
30728 11382
30730 11376
30730 11376
30732 11370
30732 11370
30734 11364
30734 11364
30736 11358
30736 11358
30739 11352
30739 11352
30741 11346
30741 11346
30743 11340
30743 11340
30745 11335
30745 11335
30747 11329
30747 11329
30750 11323
30750 11323
30752 11317
30752 11317
30754 11311
30754 11311
30756 11305
30756 11305
30758 11299
30758 11299
30761 11293
30761 11293
30763 11287
30763 11287
30765 11282
30765 11282
30767 11276
30767 11276
30769 11270
30769 11270
30772 11264
30772 11264
30774 11258
30774 11258
30776 11252
30776 11252
30778 11246
30778 11246
30780 11240
30780 11240
30783 11234
30783 11234
30785 11229
30785 11229
30787 11223
30787 11223
30789 11217
30789 11217
30791 11211
30791 11211
30794 11205
30794 11205
30796 11199
30796 11199
30798 11193
30798 11193
30800 11187
30800 11187
30802 11181
30802 11181
30804 11175
30804 11175
30806 11169
30806 11169
30808 11163
30808 11163
30810 11157
30810 11157
30812 11151
30812 11151
30814 11145
30814 11145
30817 11139
30817 11139
30819 11133
30819 11133
30821 11127
30821 11127
30823 11121
30823 11121
30825 11116
30825 11116
30828 11110
30828 11110
30830 11104
30830 11104
30832 11098
30832 11098
30834 11092
30834 11092
30836 11086
30836 11086
30839 11080
30839 11080
30840 11074
30840 11074
30842 11068
30842 11068
30844 11063
30844 11063
30846 11057
30846 11057
30849 11051
30849 11051
30851 11045
30851 11045
30853 11039
30853 11039
30855 11033
30855 11033
30857 11027
30857 11027
30859 11021
30859 11021
30861 11015
30861 11015
30863 11009
30863 11009
30865 11003
30865 11003
30867 10997
30867 10997
30870 10992
30870 10992
30872 10986
30872 10986
30874 10980
30874 10980
30876 10974
30876 10974
30878 10968
30878 10968
30881 10962
30881 10962
30883 10956
30883 10956
30885 10950
30885 10950
30887 10944
30887 10944
30889 10938
30889 10938
30891 10932
30891 10932
30893 10926
30893 10926
30895 10920
30895 10920
30897 10914
30897 10914
30899 10908
30899 10908
30901 10902
30901 10902
30903 10897
30903 10897
30905 10891
30905 10891
30907 10885
30907 10885
30909 10879
30909 10879
30912 10874
30912 10874
30914 10868
30914 10868
30916 10862
30916 10862
30918 10856
30918 10856
30920 10850
30920 10850
30922 10844
30922 10844
30924 10838
30924 10838
30926 10832
30926 10832
30928 10826
30928 10826
30930 10820
30930 10820
30932 10814
30932 10814
30935 10808
30935 10808
30937 10803
30937 10803
30939 10797
30939 10797
30941 10791
30941 10791
30943 10785
30943 10785
30945 10779
30945 10779
30947 10773
30947 10773
30949 10767
30949 10767
30951 10761
30951 10761
30953 10755
30953 10755
30955 10749
30955 10749
30957 10743
30957 10743
30959 10737
30959 10737
30961 10731
30961 10731
30963 10725
30963 10725
30965 10719
30965 10719
30967 10713
30967 10713
30969 10708
30969 10708
30971 10702
30971 10702
30973 10696
30973 10696
30975 10690
30975 10690
30977 10684
30977 10684
30979 10678
30979 10678
30981 10672
30981 10672
30983 10666
30983 10666
30986 10660
30986 10660
30988 10654
30988 10654
30990 10648
30990 10648
30992 10642
30992 10642
30994 10636
30994 10636
30996 10630
30996 10630
30998 10624
30998 10624
31000 10618
31000 10618
31002 10613
31002 10613
31004 10607
31004 10607
31006 10601
31006 10601
31008 10595
31008 10595
31010 10589
31010 10589
31012 10583
31012 10583
31014 10577
31014 10577
31016 10571
31016 10571
31018 10565
31018 10565
31020 10559
31020 10559
31022 10553
31022 10553
31024 10547
31024 10547
31026 10541
31026 10541
31028 10535
31028 10535
31030 10529
31030 10529
31032 10523
31032 10523
31034 10518
31034 10518
31036 10512
31036 10512
31039 10506
31039 10506
31041 10500
31041 10500
31043 10494
31043 10494
31045 10488
31045 10488
31047 10482
31047 10482
31049 10476
31049 10476
31051 10470
31051 10470
31053 10464
31053 10464
31055 10458
31055 10458
31057 10452
31057 10452
31059 10446
31059 10446
31060 10439
31060 10439
31062 10433
31062 10433
31064 10427
31064 10427
31066 10422
31066 10422
31068 10416
31068 10416
31070 10410
31070 10410
31072 10404
31072 10404
31074 10398
31074 10398
31076 10392
31076 10392
31078 10386
31078 10386
31080 10380
31080 10380
31082 10374
31082 10374
31084 10368
31084 10368
31086 10362
31086 10362
31088 10356
31088 10356
31091 10350
31091 10350
31093 10344
31093 10344
31095 10338
31095 10338
31097 10332
31097 10332
31099 10327
31099 10327
31100 10321
31100 10321
31102 10315
31102 10315
31104 10309
31104 10309
31106 10303
31106 10303
31108 10297
31108 10297
31110 10291
31110 10291
31112 10285
31112 10285
31114 10279
31114 10279
31116 10273
31116 10273
31118 10267
31118 10267
31120 10261
31120 10261
31122 10255
31122 10255
31123 10249
31123 10249
31125 10243
31125 10243
31127 10237
31127 10237
31130 10231
31130 10231
31132 10225
31132 10225
31134 10219
31134 10219
31136 10213
31136 10213
31138 10207
31138 10207
31140 10201
31140 10201
31142 10195
31142 10195
31143 10189
31143 10189
31145 10183
31145 10183
31147 10177
31147 10177
31149 10171
31149 10171
31151 10165
31151 10165
31153 10159
31153 10159
31155 10153
31155 10153
31157 10147
31157 10147
31159 10142
31159 10142
31161 10136
31161 10136
31162 10130
31162 10130
31165 10124
31165 10124
31167 10118
31167 10118
31169 10112
31169 10112
31171 10106
31171 10106
31173 10100
31173 10100
31175 10094
31175 10094
31177 10088
31177 10088
31179 10082
31179 10082
31181 10076
31181 10076
31182 10070
31182 10070
31184 10064
31184 10064
31186 10058
31186 10058
31188 10052
31188 10052
31190 10046
31190 10046
31192 10040
31192 10040
31194 10034
31194 10034
31196 10028
31196 10028
31198 10022
31198 10022
31200 10016
31200 10016
31201 10010
31201 10010
31203 10004
31203 10004
31205 9998
31205 9998
31207 9992
31207 9992
31209 9986
31209 9986
31211 9980
31211 9980
31213 9974
31213 9974
31215 9968
31215 9968
31217 9962
31217 9962
31219 9956
31219 9956
31220 9950
31220 9950
31222 9944
31222 9944
31224 9938
31224 9938
31226 9932
31226 9932
31228 9926
31228 9926
31230 9920
31230 9920
31232 9914
31232 9914
31234 9908
31234 9908
31236 9902
31236 9902
31238 9897
31238 9897
31239 9891
31239 9891
31241 9885
31241 9885
31243 9879
31243 9879
31245 9873
31245 9873
31247 9867
31247 9867
31249 9861
31249 9861
31251 9855
31251 9855
31253 9849
31253 9849
31255 9843
31255 9843
31256 9837
31256 9837
31258 9831
31258 9831
31260 9825
31260 9825
31262 9819
31262 9819
31264 9813
31264 9813
31266 9807
31266 9807
31268 9801
31268 9801
31270 9795
31270 9795
31272 9789
31272 9789
31274 9783
31274 9783
31275 9777
31275 9777
31277 9771
31277 9771
31279 9765
31279 9765
31281 9759
31281 9759
31283 9753
31283 9753
31285 9747
31285 9747
31287 9741
31287 9741
31289 9735
31289 9735
31291 9729
31291 9729
31293 9723
31293 9723
31294 9717
31294 9717
31296 9711
31296 9711
31298 9705
31298 9705
31300 9699
31300 9699
31302 9693
31302 9693
31304 9687
31304 9687
31306 9681
31306 9681
31308 9675
31308 9675
31310 9669
31310 9669
31311 9663
31311 9663
31312 9657
31312 9657
31314 9651
31314 9651
31316 9644
31316 9644
31318 9638
31318 9638
31320 9632
31320 9632
31322 9626
31322 9626
31324 9620
31324 9620
31326 9614
31326 9614
31328 9608
31328 9608
31330 9602
31330 9602
31331 9596
31331 9596
31333 9590
31333 9590
31335 9584
31335 9584
31337 9578
31337 9578
31339 9572
31339 9572
31341 9566
31341 9566
31343 9560
31343 9560
31344 9554
31344 9554
31346 9548
31346 9548
31348 9542
31348 9542
31349 9536
31349 9536
31351 9530
31351 9530
31353 9524
31353 9524
31355 9518
31355 9518
31357 9512
31357 9512
31359 9506
31359 9506
31361 9500
31361 9500
31362 9494
31362 9494
31364 9488
31364 9488
31366 9482
31366 9482
31368 9476
31368 9476
31369 9470
31369 9470
31372 9464
31372 9464
31374 9458
31374 9458
31376 9452
31376 9452
31377 9446
31377 9446
31379 9440
31379 9440
31381 9434
31381 9434
31383 9428
31383 9428
31384 9422
31384 9422
31386 9416
31386 9416
31388 9409
31388 9409
31390 9403
31390 9403
31391 9397
31391 9397
31393 9391
31393 9391
31395 9385
31395 9385
31397 9379
31397 9379
31398 9373
31398 9373
31400 9367
31400 9367
31402 9361
31402 9361
31405 9355
31405 9355
31406 9349
31406 9349
31408 9343
31408 9343
31410 9337
31410 9337
31412 9331
31412 9331
31413 9325
31413 9325
31415 9319
31415 9319
31417 9313
31417 9313
31419 9307
31419 9307
31420 9301
31420 9301
31422 9296
31422 9296
31424 9290
31424 9290
31426 9284
31426 9284
31427 9278
31427 9278
31429 9272
31429 9272
31431 9266
31431 9266
31433 9260
31433 9260
31434 9254
31434 9254
31436 9248
31436 9248
31438 9242
31438 9242
31440 9236
31440 9236
31441 9230
31441 9230
31443 9224
31443 9224
31445 9217
31445 9217
31447 9211
31447 9211
31448 9205
31448 9205
31450 9199
31450 9199
31452 9193
31452 9193
31454 9187
31454 9187
31455 9181
31455 9181
31457 9175
31457 9175
31459 9169
31459 9169
31461 9163
31461 9163
31462 9157
31462 9157
31464 9151
31464 9151
31466 9145
31466 9145
31468 9139
31468 9139
31469 9133
31469 9133
31471 9127
31471 9127
31473 9121
31473 9121
31475 9115
31475 9115
31476 9109
31476 9109
31478 9103
31478 9103
31480 9097
31480 9097
31482 9091
31482 9091
31483 9085
31483 9085
31485 9079
31485 9079
31487 9073
31487 9073
31489 9067
31489 9067
31490 9061
31490 9061
31492 9055
31492 9055
31494 9049
31494 9049
31496 9043
31496 9043
31497 9037
31497 9037
31499 9031
31499 9031
31501 9024
31501 9024
31503 9018
31503 9018
31504 9012
31504 9012
31506 9006
31506 9006
31508 9000
31508 9000
31510 8994
31510 8994
31511 8988
31511 8988
31513 8982
31513 8982
31515 8976
31515 8976
31517 8970
31517 8970
31518 8964
31518 8964
31520 8958
31520 8958
31522 8951
31522 8951
31524 8945
31524 8945
31525 8939
31525 8939
31527 8933
31527 8933
31529 8927
31529 8927
31531 8921
31531 8921
31532 8915
31532 8915
31534 8909
31534 8909
31536 8903
31536 8903
31538 8897
31538 8897
31538 8891
31538 8891
31540 8885
31540 8885
31542 8879
31542 8879
31544 8873
31544 8873
31545 8867
31545 8867
31547 8861
31547 8861
31549 8855
31549 8855
31551 8849
31551 8849
31552 8843
31552 8843
31554 8837
31554 8837
31556 8830
31556 8830
31558 8824
31558 8824
31559 8818
31559 8818
31561 8812
31561 8812
31563 8806
31563 8806
31565 8800
31565 8800
31566 8794
31566 8794
31568 8788
31568 8788
31569 8782
31569 8782
31571 8776
31571 8776
31572 8770
31572 8770
31574 8764
31574 8764
31576 8758
31576 8758
31578 8752
31578 8752
31579 8746
31579 8746
31581 8740
31581 8740
31583 8734
31583 8734
31584 8728
31584 8728
31586 8722
31586 8722
31587 8716
31587 8716
31589 8710
31589 8710
31591 8704
31591 8704
31592 8697
31592 8697
31595 8691
31595 8691
31596 8685
31596 8685
31598 8679
31598 8679
31600 8673
31600 8673
31601 8667
31601 8667
31603 8661
31603 8661
31604 8655
31604 8655
31606 8649
31606 8649
31608 8643
31608 8643
31609 8637
31609 8637
31611 8631
31611 8631
31612 8625
31612 8625
31614 8618
31614 8618
31616 8612
31616 8612
31617 8606
31617 8606
31619 8600
31619 8600
31620 8594
31620 8594
31622 8588
31622 8588
31625 8582
31625 8582
31626 8576
31626 8576
31628 8571
31628 8571
31629 8565
31629 8565
31631 8559
31631 8559
31633 8553
31633 8553
31634 8547
31634 8547
31636 8540
31636 8540
31637 8534
31637 8534
31639 8528
31639 8528
31641 8522
31641 8522
31642 8516
31642 8516
31644 8510
31644 8510
31645 8504
31645 8504
31647 8498
31647 8498
31649 8492
31649 8492
31650 8486
31650 8486
31652 8480
31652 8480
31653 8474
31653 8474
31655 8467
31655 8467
31657 8461
31657 8461
31658 8455
31658 8455
31660 8449
31660 8449
31661 8443
31661 8443
31663 8437
31663 8437
31665 8431
31665 8431
31666 8425
31666 8425
31668 8419
31668 8419
31669 8413
31669 8413
31671 8407
31671 8407
31673 8401
31673 8401
31674 8395
31674 8395
31676 8388
31676 8388
31677 8382
31677 8382
31679 8376
31679 8376
31681 8370
31681 8370
31682 8364
31682 8364
31684 8358
31684 8358
31686 8352
31686 8352
31687 8346
31687 8346
31689 8340
31689 8340
31690 8334
31690 8334
31692 8328
31692 8328
31694 8322
31694 8322
31695 8316
31695 8316
31697 8309
31697 8309
31698 8303
31698 8303
31700 8297
31700 8297
31702 8291
31702 8291
31703 8285
31703 8285
31705 8279
31705 8279
31706 8273
31706 8273
31708 8267
31708 8267
31710 8261
31710 8261
31711 8255
31711 8255
31713 8249
31713 8249
31714 8243
31714 8243
31716 8237
31716 8237
31718 8230
31718 8230
31719 8224
31719 8224
31721 8218
31721 8218
31722 8212
31722 8212
31724 8206
31724 8206
31726 8200
31726 8200
31727 8194
31727 8194
31729 8188
31729 8188
31730 8182
31730 8182
31732 8176
31732 8176
31734 8170
31734 8170
31735 8164
31735 8164
31737 8158
31737 8158
31738 8151
31738 8151
31740 8145
31740 8145
31742 8139
31742 8139
31743 8133
31743 8133
31745 8126
31745 8126
31746 8120
31746 8120
31747 8114
31747 8114
31749 8108
31749 8108
31750 8102
31750 8102
31752 8096
31752 8096
31753 8090
31753 8090
31755 8084
31755 8084
31757 8077
31757 8077
31758 8071
31758 8071
31760 8065
31760 8065
31761 8059
31761 8059
31763 8053
31763 8053
31765 8047
31765 8047
31766 8041
31766 8041
31768 8035
31768 8035
31769 8029
31769 8029
31771 8023
31771 8023
31773 8017
31773 8017
31774 8011
31774 8011
31775 8005
31775 8005
31776 7998
31776 7998
31778 7992
31778 7992
31780 7986
31780 7986
31781 7980
31781 7980
31783 7974
31783 7974
31784 7968
31784 7968
31786 7962
31786 7962
31787 7956
31787 7956
31789 7950
31789 7950
31790 7944
31790 7944
31792 7938
31792 7938
31793 7931
31793 7931
31795 7925
31795 7925
31797 7919
31797 7919
31799 7913
31799 7913
31800 7907
31800 7907
31802 7901
31802 7901
31803 7895
31803 7895
31804 7889
31804 7889
31806 7883
31806 7883
31807 7876
31807 7876
31809 7870
31809 7870
31810 7864
31810 7864
31812 7858
31812 7858
31813 7852
31813 7852
31815 7846
31815 7846
31816 7840
31816 7840
31818 7834
31818 7834
31819 7828
31819 7828
31820 7821
31820 7821
31823 7815
31823 7815
31824 7809
31824 7809
31826 7803
31826 7803
31827 7797
31827 7797
31829 7791
31829 7791
31830 7785
31830 7785
31832 7779
31832 7779
31833 7773
31833 7773
31835 7767
31835 7767
31836 7760
31836 7760
31837 7754
31837 7754
31839 7748
31839 7748
31840 7742
31840 7742
31842 7736
31842 7736
31843 7730
31843 7730
31845 7724
31845 7724
31846 7718
31846 7718
31848 7712
31848 7712
31849 7705
31849 7705
31850 7699
31850 7699
31852 7693
31852 7693
31853 7687
31853 7687
31855 7681
31855 7681
31856 7675
31856 7675
31858 7669
31858 7669
31859 7663
31859 7663
31861 7657
31861 7657
31862 7650
31862 7650
31864 7644
31864 7644
31865 7638
31865 7638
31866 7632
31866 7632
31868 7626
31868 7626
31869 7620
31869 7620
31871 7614
31871 7614
31872 7608
31872 7608
31874 7602
31874 7602
31875 7595
31875 7595
31877 7589
31877 7589
31878 7583
31878 7583
31880 7577
31880 7577
31882 7572
31882 7572
31882 7565
31882 7565
31884 7559
31884 7559
31885 7553
31885 7553
31887 7547
31887 7547
31888 7540
31888 7540
31890 7534
31890 7534
31891 7528
31891 7528
31893 7522
31893 7522
31894 7516
31894 7516
31896 7510
31896 7510
31897 7504
31897 7504
31898 7498
31898 7498
31900 7492
31900 7492
31901 7485
31901 7485
31903 7479
31903 7479
31904 7473
31904 7473
31906 7467
31906 7467
31907 7461
31907 7461
31909 7455
31909 7455
31910 7449
31910 7449
31912 7443
31912 7443
31913 7437
31913 7437
31914 7430
31914 7430
31916 7424
31916 7424
31917 7418
31917 7418
31919 7412
31919 7412
31920 7406
31920 7406
31922 7400
31922 7400
31923 7394
31923 7394
31925 7388
31925 7388
31926 7382
31926 7382
31928 7376
31928 7376
31929 7369
31929 7369
31930 7363
31930 7363
31932 7357
31932 7357
31933 7351
31933 7351
31935 7345
31935 7345
31936 7339
31936 7339
31938 7333
31938 7333
31939 7327
31939 7327
31940 7321
31940 7321
31941 7314
31941 7314
31942 7308
31942 7308
31944 7302
31944 7302
31945 7296
31945 7296
31947 7290
31947 7290
31948 7284
31948 7284
31950 7278
31950 7278
31951 7272
31951 7272
31953 7266
31953 7266
31954 7259
31954 7259
31956 7253
31956 7253
31957 7247
31957 7247
31958 7241
31958 7241
31960 7235
31960 7235
31961 7229
31961 7229
31963 7223
31963 7223
31963 7217
31963 7217
31965 7211
31965 7211
31966 7204
31966 7204
31968 7198
31968 7198
31969 7192
31969 7192
31971 7186
31971 7186
31972 7180
31972 7180
31973 7174
31973 7174
31975 7168
31975 7168
31976 7162
31976 7162
31977 7155
31977 7155
31978 7149
31978 7149
31980 7143
31980 7143
31981 7137
31981 7137
31983 7131
31983 7131
31985 7125
31985 7125
31986 7119
31986 7119
31987 7112
31987 7112
31989 7106
31989 7106
31990 7100
31990 7100
31991 7094
31991 7094
31992 7088
31992 7088
31994 7082
31994 7082
31995 7075
31995 7075
31996 7069
31996 7069
31998 7063
31998 7063
31999 7057
31999 7057
32000 7051
32000 7051
32002 7045
32002 7045
32003 7039
32003 7039
32004 7032
32004 7032
32005 7026
32005 7026
32007 7020
32007 7020
32008 7014
32008 7014
32010 7008
32010 7008
32012 7002
32012 7002
32013 6996
32013 6996
32014 6989
32014 6989
32016 6983
32016 6983
32017 6977
32017 6977
32018 6971
32018 6971
32019 6965
32019 6965
32021 6960
32021 6960
32022 6954
32022 6954
32023 6947
32023 6947
32025 6941
32025 6941
32026 6935
32026 6935
32027 6929
32027 6929
32028 6923
32028 6923
32030 6917
32030 6917
32031 6910
32031 6910
32032 6904
32032 6904
32034 6898
32034 6898
32035 6892
32035 6892
32036 6886
32036 6886
32038 6880
32038 6880
32039 6874
32039 6874
32040 6867
32040 6867
32041 6861
32041 6861
32043 6855
32043 6855
32044 6849
32044 6849
32045 6843
32045 6843
32047 6837
32047 6837
32048 6831
32048 6831
32049 6824
32049 6824
32051 6818
32051 6818
32052 6812
32052 6812
32053 6806
32053 6806
32054 6800
32054 6800
32056 6794
32056 6794
32057 6788
32057 6788
32058 6781
32058 6781
32060 6775
32060 6775
32061 6769
32061 6769
32062 6763
32062 6763
32063 6757
32063 6757
32065 6751
32065 6751
32066 6744
32066 6744
32067 6738
32067 6738
32069 6732
32069 6732
32070 6726
32070 6726
32071 6720
32071 6720
32073 6714
32073 6714
32074 6708
32074 6708
32075 6701
32075 6701
32076 6695
32076 6695
32078 6689
32078 6689
32079 6683
32079 6683
32080 6677
32080 6677
32082 6671
32082 6671
32083 6665
32083 6665
32084 6658
32084 6658
32086 6652
32086 6652
32087 6646
32087 6646
32088 6640
32088 6640
32089 6634
32089 6634
32091 6628
32091 6628
32092 6621
32092 6621
32093 6615
32093 6615
32095 6608
32095 6608
32096 6602
32096 6602
32097 6596
32097 6596
32099 6590
32099 6590
32100 6584
32100 6584
32101 6577
32101 6577
32102 6571
32102 6571
32104 6565
32104 6565
32104 6559
32104 6559
32105 6553
32105 6553
32107 6547
32107 6547
32108 6541
32108 6541
32109 6534
32109 6534
32110 6528
32110 6528
32112 6522
32112 6522
32113 6516
32113 6516
32114 6510
32114 6510
32116 6504
32116 6504
32117 6498
32117 6498
32118 6491
32118 6491
32120 6485
32120 6485
32121 6479
32121 6479
32122 6473
32122 6473
32123 6467
32123 6467
32125 6461
32125 6461
32126 6454
32126 6454
32127 6448
32127 6448
32129 6442
32129 6442
32129 6436
32129 6436
32130 6430
32130 6430
32132 6424
32132 6424
32133 6418
32133 6418
32134 6411
32134 6411
32135 6405
32135 6405
32137 6399
32137 6399
32138 6393
32138 6393
32139 6387
32139 6387
32140 6381
32140 6381
32141 6374
32141 6374
32143 6368
32143 6368
32144 6362
32144 6362
32145 6356
32145 6356
32147 6350
32147 6350
32148 6344
32148 6344
32149 6337
32149 6337
32151 6331
32151 6331
32152 6325
32152 6325
32153 6319
32153 6319
32154 6313
32154 6313
32155 6306
32155 6306
32156 6300
32156 6300
32158 6294
32158 6294
32159 6288
32159 6288
32160 6282
32160 6282
32161 6276
32161 6276
32162 6269
32162 6269
32163 6263
32163 6263
32164 6257
32164 6257
32167 6251
32167 6251
32168 6245
32168 6245
32169 6239
32169 6239
32170 6232
32170 6232
32171 6226
32171 6226
32172 6220
32172 6220
32174 6214
32174 6214
32175 6208
32175 6208
32176 6201
32176 6201
32177 6195
32177 6195
32178 6189
32178 6189
32179 6183
32179 6183
32180 6177
32180 6177
32182 6171
32182 6171
32183 6164
32183 6164
32184 6158
32184 6158
32185 6152
32185 6152
32186 6146
32186 6146
32187 6140
32187 6140
32189 6133
32189 6133
32190 6127
32190 6127
32191 6121
32191 6121
32192 6115
32192 6115
32193 6109
32193 6109
32194 6103
32194 6103
32196 6096
32196 6096
32197 6090
32197 6090
32198 6084
32198 6084
32200 6078
32200 6078
32201 6072
32201 6072
32202 6065
32202 6065
32203 6059
32203 6059
32205 6053
32205 6053
32206 6047
32206 6047
32207 6041
32207 6041
32208 6035
32208 6035
32209 6028
32209 6028
32210 6022
32210 6022
32212 6016
32212 6016
32213 6010
32213 6010
32214 6004
32214 6004
32215 5999
32215 5999
32216 5991
32216 5991
32217 5985
32217 5985
32218 5979
32218 5979
32220 5973
32220 5973
32221 5967
32221 5967
32222 5960
32222 5960
32223 5954
32223 5954
32224 5948
32224 5948
32225 5942
32225 5942
32227 5936
32227 5936
32228 5930
32228 5930
32229 5923
32229 5923
32230 5917
32230 5917
32230 5911
32230 5911
32231 5905
32231 5905
32233 5899
32233 5899
32234 5892
32234 5892
32235 5886
32235 5886
32236 5880
32236 5880
32237 5874
32237 5874
32238 5868
32238 5868
32239 5862
32239 5862
32241 5855
32241 5855
32242 5849
32242 5849
32243 5843
32243 5843
32244 5837
32244 5837
32245 5831
32245 5831
32246 5824
32246 5824
32248 5818
32248 5818
32249 5812
32249 5812
32250 5806
32250 5806
32251 5800
32251 5800
32252 5794
32252 5794
32253 5787
32253 5787
32254 5781
32254 5781
32256 5775
32256 5775
32257 5769
32257 5769
32258 5763
32258 5763
32259 5756
32259 5756
32260 5750
32260 5750
32261 5744
32261 5744
32262 5738
32262 5738
32263 5732
32263 5732
32264 5726
32264 5726
32265 5719
32265 5719
32266 5713
32266 5713
32267 5707
32267 5707
32269 5701
32269 5701
32270 5695
32270 5695
32271 5689
32271 5689
32272 5682
32272 5682
32273 5676
32273 5676
32274 5670
32274 5670
32275 5664
32275 5664
32277 5658
32277 5658
32278 5651
32278 5651
32279 5645
32279 5645
32279 5639
32279 5639
32280 5633
32280 5633
32281 5627
32281 5627
32283 5621
32283 5621
32284 5614
32284 5614
32285 5608
32285 5608
32286 5602
32286 5602
32287 5596
32287 5596
32288 5590
32288 5590
32289 5583
32289 5583
32290 5577
32290 5577
32291 5571
32291 5571
32292 5565
32292 5565
32293 5559
32293 5559
32295 5552
32295 5552
32296 5546
32296 5546
32297 5540
32297 5540
32298 5534
32298 5534
32299 5528
32299 5528
32300 5521
32300 5521
32301 5515
32301 5515
32302 5509
32302 5509
32303 5503
32303 5503
32304 5497
32304 5497
32305 5490
32305 5490
32306 5484
32306 5484
32307 5478
32307 5478
32308 5472
32308 5472
32309 5466
32309 5466
32310 5459
32310 5459
32311 5453
32311 5453
32312 5447
32312 5447
32313 5441
32313 5441
32314 5435
32314 5435
32316 5428
32316 5428
32317 5422
32317 5422
32318 5416
32318 5416
32319 5410
32319 5410
32320 5404
32320 5404
32321 5397
32321 5397
32322 5391
32322 5391
32323 5385
32323 5385
32324 5379
32324 5379
32325 5372
32325 5372
32326 5366
32326 5366
32327 5360
32327 5360
32328 5354
32328 5354
32329 5348
32329 5348
32330 5341
32330 5341
32331 5335
32331 5335
32332 5329
32332 5329
32333 5323
32333 5323
32334 5317
32334 5317
32335 5310
32335 5310
32336 5304
32336 5304
32337 5298
32337 5298
32338 5292
32338 5292
32339 5286
32339 5286
32340 5279
32340 5279
32341 5273
32341 5273
32342 5267
32342 5267
32343 5261
32343 5261
32344 5255
32344 5255
32345 5248
32345 5248
32346 5242
32346 5242
32347 5236
32347 5236
32348 5230
32348 5230
32349 5224
32349 5224
32350 5217
32350 5217
32351 5211
32351 5211
32352 5205
32352 5205
32352 5199
32352 5199
32353 5193
32353 5193
32354 5186
32354 5186
32355 5180
32355 5180
32356 5174
32356 5174
32357 5168
32357 5168
32358 5162
32358 5162
32359 5155
32359 5155
32360 5149
32360 5149
32361 5143
32361 5143
32362 5137
32362 5137
32363 5131
32363 5131
32364 5124
32364 5124
32365 5118
32365 5118
32366 5112
32366 5112
32367 5106
32367 5106
32368 5100
32368 5100
32369 5093
32369 5093
32370 5087
32370 5087
32371 5081
32371 5081
32372 5075
32372 5075
32373 5069
32373 5069
32374 5062
32374 5062
32375 5056
32375 5056
32376 5050
32376 5050
32377 5044
32377 5044
32378 5038
32378 5038
32379 5031
32379 5031
32380 5025
32380 5025
32381 5019
32381 5019
32382 5013
32382 5013
32383 5007
32383 5007
32384 5000
32384 5000
32385 4994
32385 4994
32386 4988
32386 4988
32387 4982
32387 4982
32387 4975
32387 4975
32388 4969
32388 4969
32389 4963
32389 4963
32390 4957
32390 4957
32391 4951
32391 4951
32392 4944
32392 4944
32393 4938
32393 4938
32394 4932
32394 4932
32395 4926
32395 4926
32396 4920
32396 4920
32397 4913
32397 4913
32398 4907
32398 4907
32399 4901
32399 4901
32400 4895
32400 4895
32401 4889
32401 4889
32402 4882
32402 4882
32403 4876
32403 4876
32404 4870
32404 4870
32405 4864
32405 4864
32406 4858
32406 4858
32406 4851
32406 4851
32407 4845
32407 4845
32408 4839
32408 4839
32409 4833
32409 4833
32410 4827
32410 4827
32411 4820
32411 4820
32412 4814
32412 4814
32413 4808
32413 4808
32414 4802
32414 4802
32415 4796
32415 4796
32416 4789
32416 4789
32416 4783
32416 4783
32417 4777
32417 4777
32418 4771
32418 4771
32420 4764
32420 4764
32421 4758
32421 4758
32422 4752
32422 4752
32423 4746
32423 4746
32423 4740
32423 4740
32424 4733
32424 4733
32425 4727
32425 4727
32426 4721
32426 4721
32427 4715
32427 4715
32428 4708
32428 4708
32428 4702
32428 4702
32429 4696
32429 4696
32430 4690
32430 4690
32431 4683
32431 4683
32432 4677
32432 4677
32433 4671
32433 4671
32435 4665
32435 4665
32435 4659
32435 4659
32436 4652
32436 4652
32437 4646
32437 4646
32438 4640
32438 4640
32439 4634
32439 4634
32440 4627
32440 4627
32441 4621
32441 4621
32441 4615
32441 4615
32442 4609
32442 4609
32443 4603
32443 4603
32444 4596
32444 4596
32445 4590
32445 4590
32446 4584
32446 4584
32447 4578
32447 4578
32447 4571
32447 4571
32448 4565
32448 4565
32449 4559
32449 4559
32450 4553
32450 4553
32451 4546
32451 4546
32452 4540
32452 4540
32452 4534
32452 4534
32453 4528
32453 4528
32454 4522
32454 4522
32455 4515
32455 4515
32456 4509
32456 4509
32457 4503
32457 4503
32458 4497
32458 4497
32459 4490
32459 4490
32460 4484
32460 4484
32461 4478
32461 4478
32462 4472
32462 4472
32463 4466
32463 4466
32464 4459
32464 4459
32465 4453
32465 4453
32465 4447
32465 4447
32466 4441
32466 4441
32467 4434
32467 4434
32468 4428
32468 4428
32469 4422
32469 4422
32470 4416
32470 4416
32471 4410
32471 4410
32471 4403
32471 4403
32472 4397
32472 4397
32473 4391
32473 4391
32474 4385
32474 4385
32475 4378
32475 4378
32476 4372
32476 4372
32476 4366
32476 4366
32477 4360
32477 4360
32478 4353
32478 4353
32479 4347
32479 4347
32480 4341
32480 4341
32481 4335
32481 4335
32482 4329
32482 4329
32481 4322
32481 4322
32482 4316
32482 4316
32483 4310
32483 4310
32484 4304
32484 4304
32485 4297
32485 4297
32486 4291
32486 4291
32487 4285
32487 4285
32487 4279
32487 4279
32488 4273
32488 4273
32489 4266
32489 4266
32490 4260
32490 4260
32491 4254
32491 4254
32492 4248
32492 4248
32492 4241
32492 4241
32493 4235
32493 4235
32494 4229
32494 4229
32495 4223
32495 4223
32496 4216
32496 4216
32497 4210
32497 4210
32498 4204
32498 4204
32498 4198
32498 4198
32499 4192
32499 4192
32500 4185
32500 4185
32501 4179
32501 4179
32502 4173
32502 4173
32503 4167
32503 4167
32504 4160
32504 4160
32504 4154
32504 4154
32504 4148
32504 4148
32505 4142
32505 4142
32506 4136
32506 4136
32507 4129
32507 4129
32508 4123
32508 4123
32509 4117
32509 4117
32509 4111
32509 4111
32510 4104
32510 4104
32511 4098
32511 4098
32512 4092
32512 4092
32513 4086
32513 4086
32514 4079
32514 4079
32514 4073
32514 4073
32515 4067
32515 4067
32516 4061
32516 4061
32517 4055
32517 4055
32517 4048
32517 4048
32518 4042
32518 4042
32519 4036
32519 4036
32519 4030
32519 4030
32520 4023
32520 4023
32521 4017
32521 4017
32522 4011
32522 4011
32523 4005
32523 4005
32523 3999
32523 3999
32524 3992
32524 3992
32525 3986
32525 3986
32525 3980
32525 3980
32526 3974
32526 3974
32527 3967
32527 3967
32529 3961
32529 3961
32529 3955
32529 3955
32530 3949
32530 3949
32531 3942
32531 3942
32531 3936
32531 3936
32532 3930
32532 3930
32533 3924
32533 3924
32533 3917
32533 3917
32534 3911
32534 3911
32535 3905
32535 3905
32535 3899
32535 3899
32536 3892
32536 3892
32537 3886
32537 3886
32537 3880
32537 3880
32538 3874
32538 3874
32539 3867
32539 3867
32540 3861
32540 3861
32540 3855
32540 3855
32542 3849
32542 3849
32543 3842
32543 3842
32543 3836
32543 3836
32544 3830
32544 3830
32545 3824
32545 3824
32545 3817
32545 3817
32546 3811
32546 3811
32547 3805
32547 3805
32547 3799
32547 3799
32548 3793
32548 3793
32549 3786
32549 3786
32549 3780
32549 3780
32550 3774
32550 3774
32551 3768
32551 3768
32552 3761
32552 3761
32552 3755
32552 3755
32553 3749
32553 3749
32554 3743
32554 3743
32554 3736
32554 3736
32555 3730
32555 3730
32556 3724
32556 3724
32556 3718
32556 3718
32557 3711
32557 3711
32558 3705
32558 3705
32558 3699
32558 3699
32559 3693
32559 3693
32560 3686
32560 3686
32560 3680
32560 3680
32561 3674
32561 3674
32562 3668
32562 3668
32563 3661
32563 3661
32563 3655
32563 3655
32564 3649
32564 3649
32565 3643
32565 3643
32565 3636
32565 3636
32566 3630
32566 3630
32567 3624
32567 3624
32567 3618
32567 3618
32568 3612
32568 3612
32569 3605
32569 3605
32569 3599
32569 3599
32570 3593
32570 3593
32571 3587
32571 3587
32571 3580
32571 3580
32572 3574
32572 3574
32573 3568
32573 3568
32574 3562
32574 3562
32574 3555
32574 3555
32575 3549
32575 3549
32576 3543
32576 3543
32576 3537
32576 3537
32577 3530
32577 3530
32578 3524
32578 3524
32578 3518
32578 3518
32579 3512
32579 3512
32580 3505
32580 3505
32580 3499
32580 3499
32581 3493
32581 3493
32582 3487
32582 3487
32582 3480
32582 3480
32583 3474
32583 3474
32584 3468
32584 3468
32585 3462
32585 3462
32585 3455
32585 3455
32586 3449
32586 3449
32587 3443
32587 3443
32587 3437
32587 3437
32588 3430
32588 3430
32589 3424
32589 3424
32589 3418
32589 3418
32590 3412
32590 3412
32591 3406
32591 3406
32591 3399
32591 3399
32592 3393
32592 3393
32593 3387
32593 3387
32593 3381
32593 3381
32594 3374
32594 3374
32594 3368
32594 3368
32595 3362
32595 3362
32595 3356
32595 3356
32596 3349
32596 3349
32597 3343
32597 3343
32597 3337
32597 3337
32598 3331
32598 3331
32599 3324
32599 3324
32599 3318
32599 3318
32600 3312
32600 3312
32601 3306
32601 3306
32601 3299
32601 3299
32602 3293
32602 3293
32603 3287
32603 3287
32603 3281
32603 3281
32604 3274
32604 3274
32605 3268
32605 3268
32606 3262
32606 3262
32605 3256
32605 3256
32606 3249
32606 3249
32607 3243
32607 3243
32607 3237
32607 3237
32608 3231
32608 3231
32609 3224
32609 3224
32609 3218
32609 3218
32610 3212
32610 3212
32611 3206
32611 3206
32611 3199
32611 3199
32612 3193
32612 3193
32612 3187
32612 3187
32613 3181
32613 3181
32613 3174
32613 3174
32614 3168
32614 3168
32615 3162
32615 3162
32616 3156
32616 3156
32616 3149
32616 3149
32617 3143
32617 3143
32617 3137
32617 3137
32618 3131
32618 3131
32619 3124
32619 3124
32619 3118
32619 3118
32620 3112
32620 3112
32620 3106
32620 3106
32621 3099
32621 3099
32621 3093
32621 3093
32622 3087
32622 3087
32622 3081
32622 3081
32623 3074
32623 3074
32623 3068
32623 3068
32624 3062
32624 3062
32624 3056
32624 3056
32626 3049
32626 3049
32627 3043
32627 3043
32627 3037
32627 3037
32628 3031
32628 3031
32628 3024
32628 3024
32629 3018
32629 3018
32629 3012
32629 3012
32630 3005
32630 3005
32630 2999
32630 2999
32631 2993
32631 2993
32631 2987
32631 2987
32632 2980
32632 2980
32632 2974
32632 2974
32633 2968
32633 2968
32634 2962
32634 2962
32634 2955
32634 2955
32635 2949
32635 2949
32635 2943
32635 2943
32636 2937
32636 2937
32636 2930
32636 2930
32637 2924
32637 2924
32637 2918
32637 2918
32638 2912
32638 2912
32638 2905
32638 2905
32639 2899
32639 2899
32639 2893
32639 2893
32640 2887
32640 2887
32641 2880
32641 2880
32641 2874
32641 2874
32642 2868
32642 2868
32642 2862
32642 2862
32643 2855
32643 2855
32643 2849
32643 2849
32644 2843
32644 2843
32644 2837
32644 2837
32645 2830
32645 2830
32645 2824
32645 2824
32646 2818
32646 2818
32647 2812
32647 2812
32647 2805
32647 2805
32648 2799
32648 2799
32648 2793
32648 2793
32649 2786
32649 2786
32649 2780
32649 2780
32650 2774
32650 2774
32650 2768
32650 2768
32651 2761
32651 2761
32651 2755
32651 2755
32652 2749
32652 2749
32652 2743
32652 2743
32653 2736
32653 2736
32654 2730
32654 2730
32654 2724
32654 2724
32655 2718
32655 2718
32655 2711
32655 2711
32656 2705
32656 2705
32656 2699
32656 2699
32657 2693
32657 2693
32657 2686
32657 2686
32658 2680
32658 2680
32658 2674
32658 2674
32659 2668
32659 2668
32659 2661
32659 2661
32660 2655
32660 2655
32661 2649
32661 2649
32661 2643
32661 2643
32662 2636
32662 2636
32662 2630
32662 2630
32663 2624
32663 2624
32663 2618
32663 2618
32664 2611
32664 2611
32664 2605
32664 2605
32665 2599
32665 2599
32665 2592
32665 2592
32666 2586
32666 2586
32666 2580
32666 2580
32667 2574
32667 2574
32667 2567
32667 2567
32667 2561
32667 2561
32668 2555
32668 2555
32668 2549
32668 2549
32669 2542
32669 2542
32669 2536
32669 2536
32670 2530
32670 2530
32670 2524
32670 2524
32671 2517
32671 2517
32671 2511
32671 2511
32672 2505
32672 2505
32672 2499
32672 2499
32673 2492
32673 2492
32674 2486
32674 2486
32674 2480
32674 2480
32675 2474
32675 2474
32675 2467
32675 2467
32676 2461
32676 2461
32675 2455
32675 2455
32676 2449
32676 2449
32676 2442
32676 2442
32677 2436
32677 2436
32677 2430
32677 2430
32678 2424
32678 2424
32678 2417
32678 2417
32679 2411
32679 2411
32679 2405
32679 2405
32680 2398
32680 2398
32680 2392
32680 2392
32681 2386
32681 2386
32681 2380
32681 2380
32681 2373
32681 2373
32683 2367
32683 2367
32683 2361
32683 2361
32684 2355
32684 2355
32684 2348
32684 2348
32684 2342
32684 2342
32685 2336
32685 2336
32685 2329
32685 2329
32685 2323
32685 2323
32686 2317
32686 2317
32686 2311
32686 2311
32687 2304
32687 2304
32687 2298
32687 2298
32687 2292
32687 2292
32688 2286
32688 2286
32688 2279
32688 2279
32689 2273
32689 2273
32690 2267
32690 2267
32690 2260
32690 2260
32691 2254
32691 2254
32691 2248
32691 2248
32692 2242
32692 2242
32692 2235
32692 2235
32692 2229
32692 2229
32693 2223
32693 2223
32693 2217
32693 2217
32694 2210
32694 2210
32694 2204
32694 2204
32694 2198
32694 2198
32695 2191
32695 2191
32695 2185
32695 2185
32695 2179
32695 2179
32696 2173
32696 2173
32696 2166
32696 2166
32697 2160
32697 2160
32697 2154
32697 2154
32697 2148
32697 2148
32698 2141
32698 2141
32698 2135
32698 2135
32699 2129
32699 2129
32699 2122
32699 2122
32699 2116
32699 2116
32700 2110
32700 2110
32700 2104
32700 2104
32701 2097
32701 2097
32702 2091
32702 2091
32702 2085
32702 2085
32703 2079
32703 2079
32703 2072
32703 2072
32703 2066
32703 2066
32704 2060
32704 2060
32704 2053
32704 2053
32705 2047
32705 2047
32705 2041
32705 2041
32705 2035
32705 2035
32706 2028
32706 2028
32706 2022
32706 2022
32707 2016
32707 2016
32707 2010
32707 2010
32707 2003
32707 2003
32708 1997
32708 1997
32708 1991
32708 1991
32709 1984
32709 1984
32709 1978
32709 1978
32709 1972
32709 1972
32710 1966
32710 1966
32710 1959
32710 1959
32711 1953
32711 1953
32711 1947
32711 1947
32711 1940
32711 1940
32712 1934
32712 1934
32712 1928
32712 1928
32711 1922
32711 1922
32712 1915
32712 1915
32712 1909
32712 1909
32713 1903
32713 1903
32713 1897
32713 1897
32713 1890
32713 1890
32714 1884
32714 1884
32714 1878
32714 1878
32715 1871
32715 1871
32715 1865
32715 1865
32715 1859
32715 1859
32716 1853
32716 1853
32716 1846
32716 1846
32717 1840
32717 1840
32717 1834
32717 1834
32717 1828
32717 1828
32718 1821
32718 1821
32718 1815
32718 1815
32719 1809
32719 1809
32719 1802
32719 1802
32719 1796
32719 1796
32720 1790
32720 1790
32720 1784
32720 1784
32720 1777
32720 1777
32721 1771
32721 1771
32721 1765
32721 1765
32722 1759
32722 1759
32722 1752
32722 1752
32721 1746
32721 1746
32722 1740
32722 1740
32722 1733
32722 1733
32723 1727
32723 1727
32723 1721
32723 1721
32723 1715
32723 1715
32724 1708
32724 1708
32724 1702
32724 1702
32725 1696
32725 1696
32725 1690
32725 1690
32725 1683
32725 1683
32726 1677
32726 1677
32726 1671
32726 1671
32726 1664
32726 1664
32727 1658
32727 1658
32727 1652
32727 1652
32727 1646
32727 1646
32727 1639
32727 1639
32727 1633
32727 1633
32728 1627
32728 1627
32728 1621
32728 1621
32729 1614
32729 1614
32729 1608
32729 1608
32729 1602
32729 1602
32729 1595
32729 1595
32730 1589
32730 1589
32730 1583
32730 1583
32730 1577
32730 1577
32730 1570
32730 1570
32732 1564
32732 1564
32732 1558
32732 1558
32732 1551
32732 1551
32732 1545
32732 1545
32732 1539
32732 1539
32733 1533
32733 1533
32733 1526
32733 1526
32733 1520
32733 1520
32733 1514
32733 1514
32734 1508
32734 1508
32734 1501
32734 1501
32734 1495
32734 1495
32734 1489
32734 1489
32735 1482
32735 1482
32735 1476
32735 1476
32735 1470
32735 1470
32735 1464
32735 1464
32736 1457
32736 1457
32737 1451
32737 1451
32737 1445
32737 1445
32737 1438
32737 1438
32737 1432
32737 1432
32738 1426
32738 1426
32738 1420
32738 1420
32738 1413
32738 1413
32738 1407
32738 1407
32738 1401
32738 1401
32739 1394
32739 1394
32739 1388
32739 1388
32739 1382
32739 1382
32739 1376
32739 1376
32740 1369
32740 1369
32740 1363
32740 1363
32740 1357
32740 1357
32740 1350
32740 1350
32741 1344
32741 1344
32741 1338
32741 1338
32741 1332
32741 1332
32741 1325
32741 1325
32741 1319
32741 1319
32742 1313
32742 1313
32742 1307
32742 1307
32742 1300
32742 1300
32742 1294
32742 1294
32743 1288
32743 1288
32743 1281
32743 1281
32743 1275
32743 1275
32743 1269
32743 1269
32743 1263
32743 1263
32744 1256
32744 1256
32744 1250
32744 1250
32744 1244
32744 1244
32744 1237
32744 1237
32745 1231
32745 1231
32745 1225
32745 1225
32745 1219
32745 1219
32745 1212
32745 1212
32747 1206
32747 1206
32746 1200
32746 1200
32746 1193
32746 1193
32746 1187
32746 1187
32746 1181
32746 1181
32747 1175
32747 1175
32747 1168
32747 1168
32747 1162
32747 1162
32747 1156
32747 1156
32748 1149
32748 1149
32748 1143
32748 1143
32748 1137
32748 1137
32748 1131
32748 1131
32748 1124
32748 1124
32749 1118
32749 1118
32749 1112
32749 1112
32749 1106
32749 1106
32749 1099
32749 1099
32750 1093
32750 1093
32750 1087
32750 1087
32750 1080
32750 1080
32750 1074
32750 1074
32750 1068
32750 1068
32751 1062
32751 1062
32751 1055
32751 1055
32751 1049
32751 1049
32751 1043
32751 1043
32752 1036
32752 1036
32752 1030
32752 1030
32752 1024
32752 1024
32752 1018
32752 1018
32753 1011
32753 1011
32753 1005
32753 1005
32753 999
32753 999
32753 992
32753 992
32753 986
32753 986
32754 980
32754 980
32754 974
32754 974
32754 967
32754 967
32754 961
32754 961
32755 955
32755 955
32754 948
32754 948
32754 942
32754 942
32754 936
32754 936
32754 930
32754 930
32755 923
32755 923
32755 917
32755 917
32755 911
32755 911
32755 905
32755 905
32756 898
32756 898
32756 892
32756 892
32756 886
32756 886
32756 879
32756 879
32757 873
32757 873
32757 867
32757 867
32757 861
32757 861
32757 854
32757 854
32757 848
32757 848
32757 842
32757 842
32757 835
32757 835
32757 829
32757 829
32757 823
32757 823
32758 817
32758 817
32758 810
32758 810
32758 804
32758 804
32758 798
32758 798
32758 791
32758 791
32758 785
32758 785
32758 779
32758 779
32758 773
32758 773
32758 766
32758 766
32758 760
32758 760
32760 754
32760 754
32760 747
32760 747
32760 741
32760 741
32760 735
32760 735
32760 729
32760 729
32760 722
32760 722
32760 716
32760 716
32760 710
32760 710
32760 704
32760 704
32760 697
32760 697
32760 691
32760 691
32760 685
32760 685
32760 678
32760 678
32760 672
32760 672
32761 666
32761 666
32761 660
32761 660
32761 653
32761 653
32761 647
32761 647
32761 641
32761 641
32761 634
32761 634
32762 628
32762 628
32762 622
32762 622
32762 616
32762 616
32762 609
32762 609
32762 603
32762 603
32762 597
32762 597
32762 590
32762 590
32762 584
32762 584
32763 578
32763 578
32763 572
32763 572
32763 565
32763 565
32763 559
32763 559
32763 553
32763 553
32763 546
32763 546
32763 540
32763 540
32763 534
32763 534
32763 528
32763 528
32763 521
32763 521
32763 515
32763 515
32763 509
32763 509
32763 503
32763 503
32763 496
32763 496
32764 490
32764 490
32764 484
32764 484
32764 477
32764 477
32764 471
32764 471
32764 465
32764 465
32764 459
32764 459
32764 452
32764 452
32764 446
32764 446
32764 440
32764 440
32764 433
32764 433
32764 427
32764 427
32764 421
32764 421
32764 415
32764 415
32764 408
32764 408
32765 402
32765 402
32765 396
32765 396
32765 389
32765 389
32765 383
32765 383
32765 377
32765 377
32765 371
32765 371
32765 364
32765 364
32765 358
32765 358
32765 352
32765 352
32765 345
32765 345
32765 339
32765 339
32765 333
32765 333
32765 327
32765 327
32765 320
32765 320
32765 314
32765 314
32766 308
32766 308
32766 302
32766 302
32766 295
32766 295
32766 289
32766 289
32766 283
32766 283
32766 276
32766 276
32766 270
32766 270
32766 264
32766 264
32766 258
32766 258
32766 251
32766 251
32766 245
32766 245
32766 239
32766 239
32766 232
32766 232
32766 226
32766 226
32767 220
32767 220
32767 214
32767 214
32767 207
32767 207
32767 201
32767 201
32767 195
32767 195
32767 188
32767 188
32767 182
32767 182
32767 176
32767 176
32766 170
32766 170
32766 163
32766 163
32766 157
32766 157
32766 151
32766 151
32766 144
32766 144
32766 138
32766 138
32767 132
32767 132
32767 126
32767 126
32767 119
32767 119
32767 113
32767 113
32767 107
32767 107
32767 101
32767 101
32767 94
32767 94
32767 88
32767 88
32767 82
32767 82
32767 75
32767 75
32767 69
32767 69
32767 63
32767 63
32767 57
32767 57
32767 50
32767 50
32767 44
32767 44
32767 38
32767 38
32767 31
32767 31
32767 25
32767 25
32767 19
32767 19
32767 13
32767 13
32767 6
32767 6
32767 0
32767 0
32767 -6
32767 -6
32767 -13
32767 -13
32767 -19
32767 -19
32767 -25
32767 -25
32767 -31
32767 -31
32767 -38
32767 -38
32767 -44
32767 -44
32767 -50
32767 -50
32767 -57
32767 -57
32767 -63
32767 -63
32767 -69
32767 -69
32767 -75
32767 -75
32767 -82
32767 -82
32767 -88
32767 -88
32767 -94
32767 -94
32767 -101
32767 -101
32767 -107
32767 -107
32767 -113
32767 -113
32767 -119
32767 -119
32767 -126
32767 -126
32767 -132
32767 -132
32766 -138
32766 -138
32766 -144
32766 -144
32766 -151
32766 -151
32766 -157
32766 -157
32766 -163
32766 -163
32766 -170
32766 -170
32767 -176
32767 -176
32767 -182
32767 -182
32767 -188
32767 -188
32767 -195
32767 -195
32767 -201
32767 -201
32767 -207
32767 -207
32767 -214
32767 -214
32767 -220
32767 -220
32766 -226
32766 -226
32766 -232
32766 -232
32766 -239
32766 -239
32766 -245
32766 -245
32766 -251
32766 -251
32766 -258
32766 -258
32766 -264
32766 -264
32766 -270
32766 -270
32766 -276
32766 -276
32766 -283
32766 -283
32766 -289
32766 -289
32766 -295
32766 -295
32766 -302
32766 -302
32766 -308
32766 -308
32765 -314
32765 -314
32765 -320
32765 -320
32765 -327
32765 -327
32765 -333
32765 -333
32765 -339
32765 -339
32765 -345
32765 -345
32765 -352
32765 -352
32765 -358
32765 -358
32765 -364
32765 -364
32765 -371
32765 -371
32765 -377
32765 -377
32765 -383
32765 -383
32765 -389
32765 -389
32765 -396
32765 -396
32765 -402
32765 -402
32764 -408
32764 -408
32764 -415
32764 -415
32764 -421
32764 -421
32764 -427
32764 -427
32764 -433
32764 -433
32764 -440
32764 -440
32764 -446
32764 -446
32764 -452
32764 -452
32764 -459
32764 -459
32764 -465
32764 -465
32764 -471
32764 -471
32764 -477
32764 -477
32764 -484
32764 -484
32764 -490
32764 -490
32763 -496
32763 -496
32763 -503
32763 -503
32763 -509
32763 -509
32763 -515
32763 -515
32763 -521
32763 -521
32763 -528
32763 -528
32763 -534
32763 -534
32763 -540
32763 -540
32763 -546
32763 -546
32763 -553
32763 -553
32763 -559
32763 -559
32763 -565
32763 -565
32763 -572
32763 -572
32763 -578
32763 -578
32762 -584
32762 -584
32762 -590
32762 -590
32762 -597
32762 -597
32762 -603
32762 -603
32762 -609
32762 -609
32762 -616
32762 -616
32762 -622
32762 -622
32762 -628
32762 -628
32761 -634
32761 -634
32761 -641
32761 -641
32761 -647
32761 -647
32761 -653
32761 -653
32761 -660
32761 -660
32761 -666
32761 -666
32760 -672
32760 -672
32760 -678
32760 -678
32760 -685
32760 -685
32760 -691
32760 -691
32760 -697
32760 -697
32760 -704
32760 -704
32760 -710
32760 -710
32760 -716
32760 -716
32760 -722
32760 -722
32760 -729
32760 -729
32760 -735
32760 -735
32760 -741
32760 -741
32760 -747
32760 -747
32760 -754
32760 -754
32758 -760
32758 -760
32758 -766
32758 -766
32758 -773
32758 -773
32758 -779
32758 -779
32758 -785
32758 -785
32758 -791
32758 -791
32758 -798
32758 -798
32758 -804
32758 -804
32758 -810
32758 -810
32758 -817
32758 -817
32757 -823
32757 -823
32757 -829
32757 -829
32757 -835
32757 -835
32757 -842
32757 -842
32757 -848
32757 -848
32757 -854
32757 -854
32757 -861
32757 -861
32757 -867
32757 -867
32757 -873
32757 -873
32756 -879
32756 -879
32756 -886
32756 -886
32756 -892
32756 -892
32756 -898
32756 -898
32755 -905
32755 -905
32755 -911
32755 -911
32755 -917
32755 -917
32755 -923
32755 -923
32754 -930
32754 -930
32754 -936
32754 -936
32754 -942
32754 -942
32754 -948
32754 -948
32755 -955
32755 -955
32754 -961
32754 -961
32754 -967
32754 -967
32754 -974
32754 -974
32754 -980
32754 -980
32753 -986
32753 -986
32753 -992
32753 -992
32753 -999
32753 -999
32753 -1005
32753 -1005
32753 -1011
32753 -1011
32752 -1018
32752 -1018
32752 -1024
32752 -1024
32752 -1030
32752 -1030
32752 -1036
32752 -1036
32751 -1043
32751 -1043
32751 -1049
32751 -1049
32751 -1055
32751 -1055
32751 -1062
32751 -1062
32750 -1068
32750 -1068
32750 -1074
32750 -1074
32750 -1080
32750 -1080
32750 -1087
32750 -1087
32750 -1093
32750 -1093
32749 -1099
32749 -1099
32749 -1106
32749 -1106
32749 -1112
32749 -1112
32749 -1118
32749 -1118
32748 -1124
32748 -1124
32748 -1131
32748 -1131
32748 -1137
32748 -1137
32748 -1143
32748 -1143
32748 -1149
32748 -1149
32747 -1156
32747 -1156
32747 -1162
32747 -1162
32747 -1168
32747 -1168
32747 -1175
32747 -1175
32746 -1181
32746 -1181
32746 -1187
32746 -1187
32746 -1193
32746 -1193
32746 -1200
32746 -1200
32747 -1206
32747 -1206
32745 -1212
32745 -1212
32745 -1219
32745 -1219
32745 -1225
32745 -1225
32745 -1231
32745 -1231
32744 -1237
32744 -1237
32744 -1244
32744 -1244
32744 -1250
32744 -1250
32744 -1256
32744 -1256
32743 -1263
32743 -1263
32743 -1269
32743 -1269
32743 -1275
32743 -1275
32743 -1281
32743 -1281
32743 -1288
32743 -1288
32742 -1294
32742 -1294
32742 -1300
32742 -1300
32742 -1307
32742 -1307
32742 -1313
32742 -1313
32741 -1319
32741 -1319
32741 -1325
32741 -1325
32741 -1332
32741 -1332
32741 -1338
32741 -1338
32741 -1344
32741 -1344
32740 -1350
32740 -1350
32740 -1357
32740 -1357
32740 -1363
32740 -1363
32740 -1369
32740 -1369
32739 -1376
32739 -1376
32739 -1382
32739 -1382
32739 -1388
32739 -1388
32739 -1394
32739 -1394
32738 -1401
32738 -1401
32738 -1407
32738 -1407
32738 -1413
32738 -1413
32738 -1420
32738 -1420
32738 -1426
32738 -1426
32737 -1432
32737 -1432
32737 -1438
32737 -1438
32737 -1445
32737 -1445
32737 -1451
32737 -1451
32736 -1457
32736 -1457
32735 -1464
32735 -1464
32735 -1470
32735 -1470
32735 -1476
32735 -1476
32735 -1482
32735 -1482
32734 -1489
32734 -1489
32734 -1495
32734 -1495
32734 -1501
32734 -1501
32734 -1508
32734 -1508
32733 -1514
32733 -1514
32733 -1520
32733 -1520
32733 -1526
32733 -1526
32733 -1533
32733 -1533
32732 -1539
32732 -1539
32732 -1545
32732 -1545
32732 -1551
32732 -1551
32732 -1558
32732 -1558
32732 -1564
32732 -1564
32730 -1570
32730 -1570
32730 -1577
32730 -1577
32730 -1583
32730 -1583
32730 -1589
32730 -1589
32729 -1595
32729 -1595
32729 -1602
32729 -1602
32729 -1608
32729 -1608
32729 -1614
32729 -1614
32728 -1621
32728 -1621
32728 -1627
32728 -1627
32727 -1633
32727 -1633
32727 -1639
32727 -1639
32727 -1646
32727 -1646
32727 -1652
32727 -1652
32727 -1658
32727 -1658
32726 -1664
32726 -1664
32726 -1671
32726 -1671
32726 -1677
32726 -1677
32725 -1683
32725 -1683
32725 -1690
32725 -1690
32725 -1696
32725 -1696
32724 -1702
32724 -1702
32724 -1708
32724 -1708
32723 -1715
32723 -1715
32723 -1721
32723 -1721
32723 -1727
32723 -1727
32722 -1733
32722 -1733
32722 -1740
32722 -1740
32721 -1746
32721 -1746
32722 -1752
32722 -1752
32722 -1759
32722 -1759
32721 -1765
32721 -1765
32721 -1771
32721 -1771
32720 -1777
32720 -1777
32720 -1784
32720 -1784
32720 -1790
32720 -1790
32719 -1796
32719 -1796
32719 -1802
32719 -1802
32719 -1809
32719 -1809
32718 -1815
32718 -1815
32718 -1821
32718 -1821
32717 -1828
32717 -1828
32717 -1834
32717 -1834
32717 -1840
32717 -1840
32716 -1846
32716 -1846
32716 -1853
32716 -1853
32715 -1859
32715 -1859
32715 -1865
32715 -1865
32715 -1871
32715 -1871
32714 -1878
32714 -1878
32714 -1884
32714 -1884
32713 -1890
32713 -1890
32713 -1897
32713 -1897
32713 -1903
32713 -1903
32712 -1909
32712 -1909
32712 -1915
32712 -1915
32711 -1922
32711 -1922
32712 -1928
32712 -1928
32712 -1934
32712 -1934
32711 -1940
32711 -1940
32711 -1947
32711 -1947
32711 -1953
32711 -1953
32710 -1959
32710 -1959
32710 -1966
32710 -1966
32709 -1972
32709 -1972
32709 -1978
32709 -1978
32709 -1984
32709 -1984
32708 -1991
32708 -1991
32708 -1997
32708 -1997
32707 -2003
32707 -2003
32707 -2010
32707 -2010
32707 -2016
32707 -2016
32706 -2022
32706 -2022
32706 -2028
32706 -2028
32705 -2035
32705 -2035
32705 -2041
32705 -2041
32705 -2047
32705 -2047
32704 -2053
32704 -2053
32704 -2060
32704 -2060
32703 -2066
32703 -2066
32703 -2072
32703 -2072
32703 -2079
32703 -2079
32702 -2085
32702 -2085
32702 -2091
32702 -2091
32701 -2097
32701 -2097
32700 -2104
32700 -2104
32700 -2110
32700 -2110
32699 -2116
32699 -2116
32699 -2122
32699 -2122
32699 -2129
32699 -2129
32698 -2135
32698 -2135
32698 -2141
32698 -2141
32697 -2148
32697 -2148
32697 -2154
32697 -2154
32697 -2160
32697 -2160
32696 -2166
32696 -2166
32696 -2173
32696 -2173
32695 -2179
32695 -2179
32695 -2185
32695 -2185
32695 -2191
32695 -2191
32694 -2198
32694 -2198
32694 -2204
32694 -2204
32694 -2210
32694 -2210
32693 -2217
32693 -2217
32693 -2223
32693 -2223
32692 -2229
32692 -2229
32692 -2235
32692 -2235
32692 -2242
32692 -2242
32691 -2248
32691 -2248
32691 -2254
32691 -2254
32690 -2260
32690 -2260
32690 -2267
32690 -2267
32689 -2273
32689 -2273
32688 -2279
32688 -2279
32688 -2286
32688 -2286
32687 -2292
32687 -2292
32687 -2298
32687 -2298
32687 -2304
32687 -2304
32686 -2311
32686 -2311
32686 -2317
32686 -2317
32685 -2323
32685 -2323
32685 -2329
32685 -2329
32685 -2336
32685 -2336
32684 -2342
32684 -2342
32684 -2348
32684 -2348
32684 -2355
32684 -2355
32683 -2361
32683 -2361
32683 -2367
32683 -2367
32681 -2373
32681 -2373
32681 -2380
32681 -2380
32681 -2386
32681 -2386
32680 -2392
32680 -2392
32680 -2398
32680 -2398
32679 -2405
32679 -2405
32679 -2411
32679 -2411
32678 -2417
32678 -2417
32678 -2424
32678 -2424
32677 -2430
32677 -2430
32677 -2436
32677 -2436
32676 -2442
32676 -2442
32676 -2449
32676 -2449
32675 -2455
32675 -2455
32676 -2461
32676 -2461
32675 -2467
32675 -2467
32675 -2474
32675 -2474
32674 -2480
32674 -2480
32674 -2486
32674 -2486
32673 -2492
32673 -2492
32672 -2499
32672 -2499
32672 -2505
32672 -2505
32671 -2511
32671 -2511
32671 -2517
32671 -2517
32670 -2524
32670 -2524
32670 -2530
32670 -2530
32669 -2536
32669 -2536
32669 -2542
32669 -2542
32668 -2549
32668 -2549
32668 -2555
32668 -2555
32667 -2561
32667 -2561
32667 -2567
32667 -2567
32667 -2574
32667 -2574
32666 -2580
32666 -2580
32666 -2586
32666 -2586
32665 -2592
32665 -2592
32665 -2599
32665 -2599
32664 -2605
32664 -2605
32664 -2611
32664 -2611
32663 -2618
32663 -2618
32663 -2624
32663 -2624
32662 -2630
32662 -2630
32662 -2636
32662 -2636
32661 -2643
32661 -2643
32661 -2649
32661 -2649
32660 -2655
32660 -2655
32659 -2661
32659 -2661
32659 -2668
32659 -2668
32658 -2674
32658 -2674
32658 -2680
32658 -2680
32657 -2686
32657 -2686
32657 -2693
32657 -2693
32656 -2699
32656 -2699
32656 -2705
32656 -2705
32655 -2711
32655 -2711
32655 -2718
32655 -2718
32654 -2724
32654 -2724
32654 -2730
32654 -2730
32653 -2736
32653 -2736
32652 -2743
32652 -2743
32652 -2749
32652 -2749
32651 -2755
32651 -2755
32651 -2761
32651 -2761
32650 -2768
32650 -2768
32650 -2774
32650 -2774
32649 -2780
32649 -2780
32649 -2786
32649 -2786
32648 -2793
32648 -2793
32648 -2799
32648 -2799
32647 -2805
32647 -2805
32647 -2812
32647 -2812
32646 -2818
32646 -2818
32645 -2824
32645 -2824
32645 -2830
32645 -2830
32644 -2837
32644 -2837
32644 -2843
32644 -2843
32643 -2849
32643 -2849
32643 -2855
32643 -2855
32642 -2862
32642 -2862
32642 -2868
32642 -2868
32641 -2874
32641 -2874
32641 -2880
32641 -2880
32640 -2887
32640 -2887
32639 -2893
32639 -2893
32639 -2899
32639 -2899
32638 -2905
32638 -2905
32638 -2912
32638 -2912
32637 -2918
32637 -2918
32637 -2924
32637 -2924
32636 -2930
32636 -2930
32636 -2937
32636 -2937
32635 -2943
32635 -2943
32635 -2949
32635 -2949
32634 -2955
32634 -2955
32634 -2962
32634 -2962
32633 -2968
32633 -2968
32632 -2974
32632 -2974
32632 -2980
32632 -2980
32631 -2987
32631 -2987
32631 -2993
32631 -2993
32630 -2999
32630 -2999
32630 -3005
32630 -3005
32629 -3012
32629 -3012
32629 -3018
32629 -3018
32628 -3024
32628 -3024
32628 -3031
32628 -3031
32627 -3037
32627 -3037
32627 -3043
32627 -3043
32626 -3049
32626 -3049
32624 -3056
32624 -3056
32624 -3062
32624 -3062
32623 -3068
32623 -3068
32623 -3074
32623 -3074
32622 -3081
32622 -3081
32622 -3087
32622 -3087
32621 -3093
32621 -3093
32621 -3099
32621 -3099
32620 -3106
32620 -3106
32620 -3112
32620 -3112
32619 -3118
32619 -3118
32619 -3124
32619 -3124
32618 -3131
32618 -3131
32617 -3137
32617 -3137
32617 -3143
32617 -3143
32616 -3149
32616 -3149
32616 -3156
32616 -3156
32615 -3162
32615 -3162
32614 -3168
32614 -3168
32613 -3174
32613 -3174
32613 -3181
32613 -3181
32612 -3187
32612 -3187
32612 -3193
32612 -3193
32611 -3199
32611 -3199
32611 -3206
32611 -3206
32610 -3212
32610 -3212
32609 -3218
32609 -3218
32609 -3224
32609 -3224
32608 -3231
32608 -3231
32607 -3237
32607 -3237
32607 -3243
32607 -3243
32606 -3249
32606 -3249
32605 -3256
32605 -3256
32606 -3262
32606 -3262
32605 -3268
32605 -3268
32604 -3274
32604 -3274
32603 -3281
32603 -3281
32603 -3287
32603 -3287
32602 -3293
32602 -3293
32601 -3299
32601 -3299
32601 -3306
32601 -3306
32600 -3312
32600 -3312
32599 -3318
32599 -3318
32599 -3324
32599 -3324
32598 -3331
32598 -3331
32597 -3337
32597 -3337
32597 -3343
32597 -3343
32596 -3349
32596 -3349
32595 -3356
32595 -3356
32595 -3362
32595 -3362
32594 -3368
32594 -3368
32594 -3374
32594 -3374
32593 -3381
32593 -3381
32593 -3387
32593 -3387
32592 -3393
32592 -3393
32591 -3399
32591 -3399
32591 -3406
32591 -3406
32590 -3412
32590 -3412
32589 -3418
32589 -3418
32589 -3424
32589 -3424
32588 -3430
32588 -3430
32587 -3437
32587 -3437
32587 -3443
32587 -3443
32586 -3449
32586 -3449
32585 -3455
32585 -3455
32585 -3462
32585 -3462
32584 -3468
32584 -3468
32583 -3474
32583 -3474
32582 -3480
32582 -3480
32582 -3487
32582 -3487
32581 -3493
32581 -3493
32580 -3499
32580 -3499
32580 -3505
32580 -3505
32579 -3512
32579 -3512
32578 -3518
32578 -3518
32578 -3524
32578 -3524
32577 -3530
32577 -3530
32576 -3537
32576 -3537
32576 -3543
32576 -3543
32575 -3549
32575 -3549
32574 -3555
32574 -3555
32574 -3562
32574 -3562
32573 -3568
32573 -3568
32572 -3574
32572 -3574
32571 -3580
32571 -3580
32571 -3587
32571 -3587
32570 -3593
32570 -3593
32569 -3599
32569 -3599
32569 -3605
32569 -3605
32568 -3612
32568 -3612
32567 -3618
32567 -3618
32567 -3624
32567 -3624
32566 -3630
32566 -3630
32565 -3636
32565 -3636
32565 -3643
32565 -3643
32564 -3649
32564 -3649
32563 -3655
32563 -3655
32563 -3661
32563 -3661
32562 -3668
32562 -3668
32561 -3674
32561 -3674
32560 -3680
32560 -3680
32560 -3686
32560 -3686
32559 -3693
32559 -3693
32558 -3699
32558 -3699
32558 -3705
32558 -3705
32557 -3711
32557 -3711
32556 -3718
32556 -3718
32556 -3724
32556 -3724
32555 -3730
32555 -3730
32554 -3736
32554 -3736
32554 -3743
32554 -3743
32553 -3749
32553 -3749
32552 -3755
32552 -3755
32552 -3761
32552 -3761
32551 -3768
32551 -3768
32550 -3774
32550 -3774
32549 -3780
32549 -3780
32549 -3786
32549 -3786
32548 -3793
32548 -3793
32547 -3799
32547 -3799
32547 -3805
32547 -3805
32546 -3811
32546 -3811
32545 -3817
32545 -3817
32545 -3824
32545 -3824
32544 -3830
32544 -3830
32543 -3836
32543 -3836
32543 -3842
32543 -3842
32542 -3849
32542 -3849
32540 -3855
32540 -3855
32540 -3861
32540 -3861
32539 -3867
32539 -3867
32538 -3874
32538 -3874
32537 -3880
32537 -3880
32537 -3886
32537 -3886
32536 -3892
32536 -3892
32535 -3899
32535 -3899
32535 -3905
32535 -3905
32534 -3911
32534 -3911
32533 -3917
32533 -3917
32533 -3924
32533 -3924
32532 -3930
32532 -3930
32531 -3936
32531 -3936
32531 -3942
32531 -3942
32530 -3949
32530 -3949
32529 -3955
32529 -3955
32529 -3961
32529 -3961
32527 -3967
32527 -3967
32526 -3974
32526 -3974
32525 -3980
32525 -3980
32525 -3986
32525 -3986
32524 -3992
32524 -3992
32523 -3999
32523 -3999
32523 -4005
32523 -4005
32522 -4011
32522 -4011
32521 -4017
32521 -4017
32520 -4023
32520 -4023
32519 -4030
32519 -4030
32519 -4036
32519 -4036
32518 -4042
32518 -4042
32517 -4048
32517 -4048
32517 -4055
32517 -4055
32516 -4061
32516 -4061
32515 -4067
32515 -4067
32514 -4073
32514 -4073
32514 -4079
32514 -4079
32513 -4086
32513 -4086
32512 -4092
32512 -4092
32511 -4098
32511 -4098
32510 -4104
32510 -4104
32509 -4111
32509 -4111
32509 -4117
32509 -4117
32508 -4123
32508 -4123
32507 -4129
32507 -4129
32506 -4136
32506 -4136
32505 -4142
32505 -4142
32504 -4148
32504 -4148
32504 -4154
32504 -4154
32504 -4160
32504 -4160
32503 -4167
32503 -4167
32502 -4173
32502 -4173
32501 -4179
32501 -4179
32500 -4185
32500 -4185
32499 -4192
32499 -4192
32498 -4198
32498 -4198
32498 -4204
32498 -4204
32497 -4210
32497 -4210
32496 -4216
32496 -4216
32495 -4223
32495 -4223
32494 -4229
32494 -4229
32493 -4235
32493 -4235
32492 -4241
32492 -4241
32492 -4248
32492 -4248
32491 -4254
32491 -4254
32490 -4260
32490 -4260
32489 -4266
32489 -4266
32488 -4273
32488 -4273
32487 -4279
32487 -4279
32487 -4285
32487 -4285
32486 -4291
32486 -4291
32485 -4297
32485 -4297
32484 -4304
32484 -4304
32483 -4310
32483 -4310
32482 -4316
32482 -4316
32481 -4322
32481 -4322
32482 -4329
32482 -4329
32481 -4335
32481 -4335
32480 -4341
32480 -4341
32479 -4347
32479 -4347
32478 -4353
32478 -4353
32477 -4360
32477 -4360
32476 -4366
32476 -4366
32476 -4372
32476 -4372
32475 -4378
32475 -4378
32474 -4385
32474 -4385
32473 -4391
32473 -4391
32472 -4397
32472 -4397
32471 -4403
32471 -4403
32471 -4410
32471 -4410
32470 -4416
32470 -4416
32469 -4422
32469 -4422
32468 -4428
32468 -4428
32467 -4434
32467 -4434
32466 -4441
32466 -4441
32465 -4447
32465 -4447
32465 -4453
32465 -4453
32464 -4459
32464 -4459
32463 -4466
32463 -4466
32462 -4472
32462 -4472
32461 -4478
32461 -4478
32460 -4484
32460 -4484
32459 -4490
32459 -4490
32458 -4497
32458 -4497
32457 -4503
32457 -4503
32456 -4509
32456 -4509
32455 -4515
32455 -4515
32454 -4522
32454 -4522
32453 -4528
32453 -4528
32452 -4534
32452 -4534
32452 -4540
32452 -4540
32451 -4546
32451 -4546
32450 -4553
32450 -4553
32449 -4559
32449 -4559
32448 -4565
32448 -4565
32447 -4571
32447 -4571
32447 -4578
32447 -4578
32446 -4584
32446 -4584
32445 -4590
32445 -4590
32444 -4596
32444 -4596
32443 -4603
32443 -4603
32442 -4609
32442 -4609
32441 -4615
32441 -4615
32441 -4621
32441 -4621
32440 -4627
32440 -4627
32439 -4634
32439 -4634
32438 -4640
32438 -4640
32437 -4646
32437 -4646
32436 -4652
32436 -4652
32435 -4659
32435 -4659
32435 -4665
32435 -4665
32433 -4671
32433 -4671
32432 -4677
32432 -4677
32431 -4683
32431 -4683
32430 -4690
32430 -4690
32429 -4696
32429 -4696
32428 -4702
32428 -4702
32428 -4708
32428 -4708
32427 -4715
32427 -4715
32426 -4721
32426 -4721
32425 -4727
32425 -4727
32424 -4733
32424 -4733
32423 -4740
32423 -4740
32423 -4746
32423 -4746
32422 -4752
32422 -4752
32421 -4758
32421 -4758
32420 -4764
32420 -4764
32418 -4771
32418 -4771
32417 -4777
32417 -4777
32416 -4783
32416 -4783
32416 -4789
32416 -4789
32415 -4796
32415 -4796
32414 -4802
32414 -4802
32413 -4808
32413 -4808
32412 -4814
32412 -4814
32411 -4820
32411 -4820
32410 -4827
32410 -4827
32409 -4833
32409 -4833
32408 -4839
32408 -4839
32407 -4845
32407 -4845
32406 -4851
32406 -4851
32406 -4858
32406 -4858
32405 -4864
32405 -4864
32404 -4870
32404 -4870
32403 -4876
32403 -4876
32402 -4882
32402 -4882
32401 -4889
32401 -4889
32400 -4895
32400 -4895
32399 -4901
32399 -4901
32398 -4907
32398 -4907
32397 -4913
32397 -4913
32396 -4920
32396 -4920
32395 -4926
32395 -4926
32394 -4932
32394 -4932
32393 -4938
32393 -4938
32392 -4944
32392 -4944
32391 -4951
32391 -4951
32390 -4957
32390 -4957
32389 -4963
32389 -4963
32388 -4969
32388 -4969
32387 -4975
32387 -4975
32387 -4982
32387 -4982
32386 -4988
32386 -4988
32385 -4994
32385 -4994
32384 -5000
32384 -5000
32383 -5007
32383 -5007
32382 -5013
32382 -5013
32381 -5019
32381 -5019
32380 -5025
32380 -5025
32379 -5031
32379 -5031
32378 -5038
32378 -5038
32377 -5044
32377 -5044
32376 -5050
32376 -5050
32375 -5056
32375 -5056
32374 -5062
32374 -5062
32373 -5069
32373 -5069
32372 -5075
32372 -5075
32371 -5081
32371 -5081
32370 -5087
32370 -5087
32369 -5093
32369 -5093
32368 -5100
32368 -5100
32367 -5106
32367 -5106
32366 -5112
32366 -5112
32365 -5118
32365 -5118
32364 -5124
32364 -5124
32363 -5131
32363 -5131
32362 -5137
32362 -5137
32361 -5143
32361 -5143
32360 -5149
32360 -5149
32359 -5155
32359 -5155
32358 -5162
32358 -5162
32357 -5168
32357 -5168
32356 -5174
32356 -5174
32355 -5180
32355 -5180
32354 -5186
32354 -5186
32353 -5193
32353 -5193
32352 -5199
32352 -5199
32352 -5205
32352 -5205
32351 -5211
32351 -5211
32350 -5217
32350 -5217
32349 -5224
32349 -5224
32348 -5230
32348 -5230
32347 -5236
32347 -5236
32346 -5242
32346 -5242
32345 -5248
32345 -5248
32344 -5255
32344 -5255
32343 -5261
32343 -5261
32342 -5267
32342 -5267
32341 -5273
32341 -5273
32340 -5279
32340 -5279
32339 -5286
32339 -5286
32338 -5292
32338 -5292
32337 -5298
32337 -5298
32336 -5304
32336 -5304
32335 -5310
32335 -5310
32334 -5317
32334 -5317
32333 -5323
32333 -5323
32332 -5329
32332 -5329
32331 -5335
32331 -5335
32330 -5341
32330 -5341
32329 -5348
32329 -5348
32328 -5354
32328 -5354
32327 -5360
32327 -5360
32326 -5366
32326 -5366
32325 -5372
32325 -5372
32324 -5379
32324 -5379
32323 -5385
32323 -5385
32322 -5391
32322 -5391
32321 -5397
32321 -5397
32320 -5404
32320 -5404
32319 -5410
32319 -5410
32318 -5416
32318 -5416
32317 -5422
32317 -5422
32316 -5428
32316 -5428
32314 -5435
32314 -5435
32313 -5441
32313 -5441
32312 -5447
32312 -5447
32311 -5453
32311 -5453
32310 -5459
32310 -5459
32309 -5466
32309 -5466
32308 -5472
32308 -5472
32307 -5478
32307 -5478
32306 -5484
32306 -5484
32305 -5490
32305 -5490
32304 -5497
32304 -5497
32303 -5503
32303 -5503
32302 -5509
32302 -5509
32301 -5515
32301 -5515
32300 -5521
32300 -5521
32299 -5528
32299 -5528
32298 -5534
32298 -5534
32297 -5540
32297 -5540
32296 -5546
32296 -5546
32295 -5552
32295 -5552
32293 -5559
32293 -5559
32292 -5565
32292 -5565
32291 -5571
32291 -5571
32290 -5577
32290 -5577
32289 -5583
32289 -5583
32288 -5590
32288 -5590
32287 -5596
32287 -5596
32286 -5602
32286 -5602
32285 -5608
32285 -5608
32284 -5614
32284 -5614
32283 -5621
32283 -5621
32281 -5627
32281 -5627
32280 -5633
32280 -5633
32279 -5639
32279 -5639
32279 -5645
32279 -5645
32278 -5651
32278 -5651
32277 -5658
32277 -5658
32275 -5664
32275 -5664
32274 -5670
32274 -5670
32273 -5676
32273 -5676
32272 -5682
32272 -5682
32271 -5689
32271 -5689
32270 -5695
32270 -5695
32269 -5701
32269 -5701
32267 -5707
32267 -5707
32266 -5713
32266 -5713
32265 -5719
32265 -5719
32264 -5726
32264 -5726
32263 -5732
32263 -5732
32262 -5738
32262 -5738
32261 -5744
32261 -5744
32260 -5750
32260 -5750
32259 -5756
32259 -5756
32258 -5763
32258 -5763
32257 -5769
32257 -5769
32256 -5775
32256 -5775
32254 -5781
32254 -5781
32253 -5787
32253 -5787
32252 -5794
32252 -5794
32251 -5800
32251 -5800
32250 -5806
32250 -5806
32249 -5812
32249 -5812
32248 -5818
32248 -5818
32246 -5824
32246 -5824
32245 -5831
32245 -5831
32244 -5837
32244 -5837
32243 -5843
32243 -5843
32242 -5849
32242 -5849
32241 -5855
32241 -5855
32239 -5862
32239 -5862
32238 -5868
32238 -5868
32237 -5874
32237 -5874
32236 -5880
32236 -5880
32235 -5886
32235 -5886
32234 -5892
32234 -5892
32233 -5899
32233 -5899
32231 -5905
32231 -5905
32230 -5911
32230 -5911
32230 -5917
32230 -5917
32229 -5923
32229 -5923
32228 -5930
32228 -5930
32227 -5936
32227 -5936
32225 -5942
32225 -5942
32224 -5948
32224 -5948
32223 -5954
32223 -5954
32222 -5960
32222 -5960
32221 -5967
32221 -5967
32220 -5973
32220 -5973
32218 -5979
32218 -5979
32217 -5985
32217 -5985
32216 -5991
32216 -5991
32215 -5999
32215 -5999
32214 -6004
32214 -6004
32213 -6010
32213 -6010
32212 -6016
32212 -6016
32210 -6022
32210 -6022
32209 -6028
32209 -6028
32208 -6035
32208 -6035
32207 -6041
32207 -6041
32206 -6047
32206 -6047
32205 -6053
32205 -6053
32203 -6059
32203 -6059
32202 -6065
32202 -6065
32201 -6072
32201 -6072
32200 -6078
32200 -6078
32198 -6084
32198 -6084
32197 -6090
32197 -6090
32196 -6096
32196 -6096
32194 -6103
32194 -6103
32193 -6109
32193 -6109
32192 -6115
32192 -6115
32191 -6121
32191 -6121
32190 -6127
32190 -6127
32189 -6133
32189 -6133
32187 -6140
32187 -6140
32186 -6146
32186 -6146
32185 -6152
32185 -6152
32184 -6158
32184 -6158
32183 -6164
32183 -6164
32182 -6171
32182 -6171
32180 -6177
32180 -6177
32179 -6183
32179 -6183
32178 -6189
32178 -6189
32177 -6195
32177 -6195
32176 -6201
32176 -6201
32175 -6208
32175 -6208
32174 -6214
32174 -6214
32172 -6220
32172 -6220
32171 -6226
32171 -6226
32170 -6232
32170 -6232
32169 -6239
32169 -6239
32168 -6245
32168 -6245
32167 -6251
32167 -6251
32164 -6257
32164 -6257
32163 -6263
32163 -6263
32162 -6269
32162 -6269
32161 -6276
32161 -6276
32160 -6282
32160 -6282
32159 -6288
32159 -6288
32158 -6294
32158 -6294
32156 -6300
32156 -6300
32155 -6306
32155 -6306
32154 -6313
32154 -6313
32153 -6319
32153 -6319
32152 -6325
32152 -6325
32151 -6331
32151 -6331
32149 -6337
32149 -6337
32148 -6344
32148 -6344
32147 -6350
32147 -6350
32145 -6356
32145 -6356
32144 -6362
32144 -6362
32143 -6368
32143 -6368
32141 -6374
32141 -6374
32140 -6381
32140 -6381
32139 -6387
32139 -6387
32138 -6393
32138 -6393
32137 -6399
32137 -6399
32135 -6405
32135 -6405
32134 -6411
32134 -6411
32133 -6418
32133 -6418
32132 -6424
32132 -6424
32130 -6430
32130 -6430
32129 -6436
32129 -6436
32129 -6442
32129 -6442
32127 -6448
32127 -6448
32126 -6454
32126 -6454
32125 -6461
32125 -6461
32123 -6467
32123 -6467
32122 -6473
32122 -6473
32121 -6479
32121 -6479
32120 -6485
32120 -6485
32118 -6491
32118 -6491
32117 -6498
32117 -6498
32116 -6504
32116 -6504
32114 -6510
32114 -6510
32113 -6516
32113 -6516
32112 -6522
32112 -6522
32110 -6528
32110 -6528
32109 -6534
32109 -6534
32108 -6541
32108 -6541
32107 -6547
32107 -6547
32105 -6553
32105 -6553
32104 -6559
32104 -6559
32104 -6565
32104 -6565
32102 -6571
32102 -6571
32101 -6577
32101 -6577
32100 -6584
32100 -6584
32099 -6590
32099 -6590
32097 -6596
32097 -6596
32096 -6602
32096 -6602
32095 -6608
32095 -6608
32093 -6615
32093 -6615
32092 -6621
32092 -6621
32091 -6628
32091 -6628
32089 -6634
32089 -6634
32088 -6640
32088 -6640
32087 -6646
32087 -6646
32086 -6652
32086 -6652
32084 -6658
32084 -6658
32083 -6665
32083 -6665
32082 -6671
32082 -6671
32080 -6677
32080 -6677
32079 -6683
32079 -6683
32078 -6689
32078 -6689
32076 -6695
32076 -6695
32075 -6701
32075 -6701
32074 -6708
32074 -6708
32073 -6714
32073 -6714
32071 -6720
32071 -6720
32070 -6726
32070 -6726
32069 -6732
32069 -6732
32067 -6738
32067 -6738
32066 -6744
32066 -6744
32065 -6751
32065 -6751
32063 -6757
32063 -6757
32062 -6763
32062 -6763
32061 -6769
32061 -6769
32060 -6775
32060 -6775
32058 -6781
32058 -6781
32057 -6788
32057 -6788
32056 -6794
32056 -6794
32054 -6800
32054 -6800
32053 -6806
32053 -6806
32052 -6812
32052 -6812
32051 -6818
32051 -6818
32049 -6824
32049 -6824
32048 -6831
32048 -6831
32047 -6837
32047 -6837
32045 -6843
32045 -6843
32044 -6849
32044 -6849
32043 -6855
32043 -6855
32041 -6861
32041 -6861
32040 -6867
32040 -6867
32039 -6874
32039 -6874
32038 -6880
32038 -6880
32036 -6886
32036 -6886
32035 -6892
32035 -6892
32034 -6898
32034 -6898
32032 -6904
32032 -6904
32031 -6910
32031 -6910
32030 -6917
32030 -6917
32028 -6923
32028 -6923
32027 -6929
32027 -6929
32026 -6935
32026 -6935
32025 -6941
32025 -6941
32023 -6947
32023 -6947
32022 -6954
32022 -6954
32021 -6960
32021 -6960
32019 -6965
32019 -6965
32018 -6971
32018 -6971
32017 -6977
32017 -6977
32016 -6983
32016 -6983
32014 -6989
32014 -6989
32013 -6996
32013 -6996
32012 -7002
32012 -7002
32010 -7008
32010 -7008
32008 -7014
32008 -7014
32007 -7020
32007 -7020
32005 -7026
32005 -7026
32004 -7032
32004 -7032
32003 -7039
32003 -7039
32002 -7045
32002 -7045
32000 -7051
32000 -7051
31999 -7057
31999 -7057
31998 -7063
31998 -7063
31996 -7069
31996 -7069
31995 -7075
31995 -7075
31994 -7082
31994 -7082
31992 -7088
31992 -7088
31991 -7094
31991 -7094
31990 -7100
31990 -7100
31989 -7106
31989 -7106
31987 -7112
31987 -7112
31986 -7119
31986 -7119
31985 -7125
31985 -7125
31983 -7131
31983 -7131
31981 -7137
31981 -7137
31980 -7143
31980 -7143
31978 -7149
31978 -7149
31977 -7155
31977 -7155
31976 -7162
31976 -7162
31975 -7168
31975 -7168
31973 -7174
31973 -7174
31972 -7180
31972 -7180
31971 -7186
31971 -7186
31969 -7192
31969 -7192
31968 -7198
31968 -7198
31966 -7204
31966 -7204
31965 -7211
31965 -7211
31963 -7217
31963 -7217
31963 -7223
31963 -7223
31961 -7229
31961 -7229
31960 -7235
31960 -7235
31958 -7241
31958 -7241
31957 -7247
31957 -7247
31956 -7253
31956 -7253
31954 -7259
31954 -7259
31953 -7266
31953 -7266
31951 -7272
31951 -7272
31950 -7278
31950 -7278
31948 -7284
31948 -7284
31947 -7290
31947 -7290
31945 -7296
31945 -7296
31944 -7302
31944 -7302
31942 -7308
31942 -7308
31941 -7314
31941 -7314
31940 -7321
31940 -7321
31939 -7327
31939 -7327
31938 -7333
31938 -7333
31936 -7339
31936 -7339
31935 -7345
31935 -7345
31933 -7351
31933 -7351
31932 -7357
31932 -7357
31930 -7363
31930 -7363
31929 -7369
31929 -7369
31928 -7376
31928 -7376
31926 -7382
31926 -7382
31925 -7388
31925 -7388
31923 -7394
31923 -7394
31922 -7400
31922 -7400
31920 -7406
31920 -7406
31919 -7412
31919 -7412
31917 -7418
31917 -7418
31916 -7424
31916 -7424
31914 -7430
31914 -7430
31913 -7437
31913 -7437
31912 -7443
31912 -7443
31910 -7449
31910 -7449
31909 -7455
31909 -7455
31907 -7461
31907 -7461
31906 -7467
31906 -7467
31904 -7473
31904 -7473
31903 -7479
31903 -7479
31901 -7485
31901 -7485
31900 -7492
31900 -7492
31898 -7498
31898 -7498
31897 -7504
31897 -7504
31896 -7510
31896 -7510
31894 -7516
31894 -7516
31893 -7522
31893 -7522
31891 -7528
31891 -7528
31890 -7534
31890 -7534
31888 -7540
31888 -7540
31887 -7547
31887 -7547
31885 -7553
31885 -7553
31884 -7559
31884 -7559
31882 -7565
31882 -7565
31882 -7572
31882 -7572
31880 -7577
31880 -7577
31878 -7583
31878 -7583
31877 -7589
31877 -7589
31875 -7595
31875 -7595
31874 -7602
31874 -7602
31872 -7608
31872 -7608
31871 -7614
31871 -7614
31869 -7620
31869 -7620
31868 -7626
31868 -7626
31866 -7632
31866 -7632
31865 -7638
31865 -7638
31864 -7644
31864 -7644
31862 -7650
31862 -7650
31861 -7657
31861 -7657
31859 -7663
31859 -7663
31858 -7669
31858 -7669
31856 -7675
31856 -7675
31855 -7681
31855 -7681
31853 -7687
31853 -7687
31852 -7693
31852 -7693
31850 -7699
31850 -7699
31849 -7705
31849 -7705
31848 -7712
31848 -7712
31846 -7718
31846 -7718
31845 -7724
31845 -7724
31843 -7730
31843 -7730
31842 -7736
31842 -7736
31840 -7742
31840 -7742
31839 -7748
31839 -7748
31837 -7754
31837 -7754
31836 -7760
31836 -7760
31835 -7767
31835 -7767
31833 -7773
31833 -7773
31832 -7779
31832 -7779
31830 -7785
31830 -7785
31829 -7791
31829 -7791
31827 -7797
31827 -7797
31826 -7803
31826 -7803
31824 -7809
31824 -7809
31823 -7815
31823 -7815
31820 -7821
31820 -7821
31819 -7828
31819 -7828
31818 -7834
31818 -7834
31816 -7840
31816 -7840
31815 -7846
31815 -7846
31813 -7852
31813 -7852
31812 -7858
31812 -7858
31810 -7864
31810 -7864
31809 -7870
31809 -7870
31807 -7876
31807 -7876
31806 -7883
31806 -7883
31804 -7889
31804 -7889
31803 -7895
31803 -7895
31802 -7901
31802 -7901
31800 -7907
31800 -7907
31799 -7913
31799 -7913
31797 -7919
31797 -7919
31795 -7925
31795 -7925
31793 -7931
31793 -7931
31792 -7938
31792 -7938
31790 -7944
31790 -7944
31789 -7950
31789 -7950
31787 -7956
31787 -7956
31786 -7962
31786 -7962
31784 -7968
31784 -7968
31783 -7974
31783 -7974
31781 -7980
31781 -7980
31780 -7986
31780 -7986
31778 -7992
31778 -7992
31776 -7998
31776 -7998
31775 -8005
31775 -8005
31774 -8011
31774 -8011
31773 -8017
31773 -8017
31771 -8023
31771 -8023
31769 -8029
31769 -8029
31768 -8035
31768 -8035
31766 -8041
31766 -8041
31765 -8047
31765 -8047
31763 -8053
31763 -8053
31761 -8059
31761 -8059
31760 -8065
31760 -8065
31758 -8071
31758 -8071
31757 -8077
31757 -8077
31755 -8084
31755 -8084
31753 -8090
31753 -8090
31752 -8096
31752 -8096
31750 -8102
31750 -8102
31749 -8108
31749 -8108
31747 -8114
31747 -8114
31746 -8120
31746 -8120
31745 -8126
31745 -8126
31743 -8133
31743 -8133
31742 -8139
31742 -8139
31740 -8145
31740 -8145
31738 -8151
31738 -8151
31737 -8158
31737 -8158
31735 -8164
31735 -8164
31734 -8170
31734 -8170
31732 -8176
31732 -8176
31730 -8182
31730 -8182
31729 -8188
31729 -8188
31727 -8194
31727 -8194
31726 -8200
31726 -8200
31724 -8206
31724 -8206
31722 -8212
31722 -8212
31721 -8218
31721 -8218
31719 -8224
31719 -8224
31718 -8230
31718 -8230
31716 -8237
31716 -8237
31714 -8243
31714 -8243
31713 -8249
31713 -8249
31711 -8255
31711 -8255
31710 -8261
31710 -8261
31708 -8267
31708 -8267
31706 -8273
31706 -8273
31705 -8279
31705 -8279
31703 -8285
31703 -8285
31702 -8291
31702 -8291
31700 -8297
31700 -8297
31698 -8303
31698 -8303
31697 -8309
31697 -8309
31695 -8316
31695 -8316
31694 -8322
31694 -8322
31692 -8328
31692 -8328
31690 -8334
31690 -8334
31689 -8340
31689 -8340
31687 -8346
31687 -8346
31686 -8352
31686 -8352
31684 -8358
31684 -8358
31682 -8364
31682 -8364
31681 -8370
31681 -8370
31679 -8376
31679 -8376
31677 -8382
31677 -8382
31676 -8388
31676 -8388
31674 -8395
31674 -8395
31673 -8401
31673 -8401
31671 -8407
31671 -8407
31669 -8413
31669 -8413
31668 -8419
31668 -8419
31666 -8425
31666 -8425
31665 -8431
31665 -8431
31663 -8437
31663 -8437
31661 -8443
31661 -8443
31660 -8449
31660 -8449
31658 -8455
31658 -8455
31657 -8461
31657 -8461
31655 -8467
31655 -8467
31653 -8474
31653 -8474
31652 -8480
31652 -8480
31650 -8486
31650 -8486
31649 -8492
31649 -8492
31647 -8498
31647 -8498
31645 -8504
31645 -8504
31644 -8510
31644 -8510
31642 -8516
31642 -8516
31641 -8522
31641 -8522
31639 -8528
31639 -8528
31637 -8534
31637 -8534
31636 -8540
31636 -8540
31634 -8547
31634 -8547
31633 -8553
31633 -8553
31631 -8559
31631 -8559
31629 -8565
31629 -8565
31628 -8571
31628 -8571
31626 -8576
31626 -8576
31625 -8582
31625 -8582
31622 -8588
31622 -8588
31620 -8594
31620 -8594
31619 -8600
31619 -8600
31617 -8606
31617 -8606
31616 -8612
31616 -8612
31614 -8618
31614 -8618
31612 -8625
31612 -8625
31611 -8631
31611 -8631
31609 -8637
31609 -8637
31608 -8643
31608 -8643
31606 -8649
31606 -8649
31604 -8655
31604 -8655
31603 -8661
31603 -8661
31601 -8667
31601 -8667
31600 -8673
31600 -8673
31598 -8679
31598 -8679
31596 -8685
31596 -8685
31595 -8691
31595 -8691
31592 -8697
31592 -8697
31591 -8704
31591 -8704
31589 -8710
31589 -8710
31587 -8716
31587 -8716
31586 -8722
31586 -8722
31584 -8728
31584 -8728
31583 -8734
31583 -8734
31581 -8740
31581 -8740
31579 -8746
31579 -8746
31578 -8752
31578 -8752
31576 -8758
31576 -8758
31574 -8764
31574 -8764
31572 -8770
31572 -8770
31571 -8776
31571 -8776
31569 -8782
31569 -8782
31568 -8788
31568 -8788
31566 -8794
31566 -8794
31565 -8800
31565 -8800
31563 -8806
31563 -8806
31561 -8812
31561 -8812
31559 -8818
31559 -8818
31558 -8824
31558 -8824
31556 -8830
31556 -8830
31554 -8837
31554 -8837
31552 -8843
31552 -8843
31551 -8849
31551 -8849
31549 -8855
31549 -8855
31547 -8861
31547 -8861
31545 -8867
31545 -8867
31544 -8873
31544 -8873
31542 -8879
31542 -8879
31540 -8885
31540 -8885
31538 -8891
31538 -8891
31538 -8897
31538 -8897
31536 -8903
31536 -8903
31534 -8909
31534 -8909
31532 -8915
31532 -8915
31531 -8921
31531 -8921
31529 -8927
31529 -8927
31527 -8933
31527 -8933
31525 -8939
31525 -8939
31524 -8945
31524 -8945
31522 -8951
31522 -8951
31520 -8958
31520 -8958
31518 -8964
31518 -8964
31517 -8970
31517 -8970
31515 -8976
31515 -8976
31513 -8982
31513 -8982
31511 -8988
31511 -8988
31510 -8994
31510 -8994
31508 -9000
31508 -9000
31506 -9006
31506 -9006
31504 -9012
31504 -9012
31503 -9018
31503 -9018
31501 -9024
31501 -9024
31499 -9031
31499 -9031
31497 -9037
31497 -9037
31496 -9043
31496 -9043
31494 -9049
31494 -9049
31492 -9055
31492 -9055
31490 -9061
31490 -9061
31489 -9067
31489 -9067
31487 -9073
31487 -9073
31485 -9079
31485 -9079
31483 -9085
31483 -9085
31482 -9091
31482 -9091
31480 -9097
31480 -9097
31478 -9103
31478 -9103
31476 -9109
31476 -9109
31475 -9115
31475 -9115
31473 -9121
31473 -9121
31471 -9127
31471 -9127
31469 -9133
31469 -9133
31468 -9139
31468 -9139
31466 -9145
31466 -9145
31464 -9151
31464 -9151
31462 -9157
31462 -9157
31461 -9163
31461 -9163
31459 -9169
31459 -9169
31457 -9175
31457 -9175
31455 -9181
31455 -9181
31454 -9187
31454 -9187
31452 -9193
31452 -9193
31450 -9199
31450 -9199
31448 -9205
31448 -9205
31447 -9211
31447 -9211
31445 -9217
31445 -9217
31443 -9224
31443 -9224
31441 -9230
31441 -9230
31440 -9236
31440 -9236
31438 -9242
31438 -9242
31436 -9248
31436 -9248
31434 -9254
31434 -9254
31433 -9260
31433 -9260
31431 -9266
31431 -9266
31429 -9272
31429 -9272
31427 -9278
31427 -9278
31426 -9284
31426 -9284
31424 -9290
31424 -9290
31422 -9296
31422 -9296
31420 -9301
31420 -9301
31419 -9307
31419 -9307
31417 -9313
31417 -9313
31415 -9319
31415 -9319
31413 -9325
31413 -9325
31412 -9331
31412 -9331
31410 -9337
31410 -9337
31408 -9343
31408 -9343
31406 -9349
31406 -9349
31405 -9355
31405 -9355
31402 -9361
31402 -9361
31400 -9367
31400 -9367
31398 -9373
31398 -9373
31397 -9379
31397 -9379
31395 -9385
31395 -9385
31393 -9391
31393 -9391
31391 -9397
31391 -9397
31390 -9403
31390 -9403
31388 -9409
31388 -9409
31386 -9416
31386 -9416
31384 -9422
31384 -9422
31383 -9428
31383 -9428
31381 -9434
31381 -9434
31379 -9440
31379 -9440
31377 -9446
31377 -9446
31376 -9452
31376 -9452
31374 -9458
31374 -9458
31372 -9464
31372 -9464
31369 -9470
31369 -9470
31368 -9476
31368 -9476
31366 -9482
31366 -9482
31364 -9488
31364 -9488
31362 -9494
31362 -9494
31361 -9500
31361 -9500
31359 -9506
31359 -9506
31357 -9512
31357 -9512
31355 -9518
31355 -9518
31353 -9524
31353 -9524
31351 -9530
31351 -9530
31349 -9536
31349 -9536
31348 -9542
31348 -9542
31346 -9548
31346 -9548
31344 -9554
31344 -9554
31343 -9560
31343 -9560
31341 -9566
31341 -9566
31339 -9572
31339 -9572
31337 -9578
31337 -9578
31335 -9584
31335 -9584
31333 -9590
31333 -9590
31331 -9596
31331 -9596
31330 -9602
31330 -9602
31328 -9608
31328 -9608
31326 -9614
31326 -9614
31324 -9620
31324 -9620
31322 -9626
31322 -9626
31320 -9632
31320 -9632
31318 -9638
31318 -9638
31316 -9644
31316 -9644
31314 -9651
31314 -9651
31312 -9657
31312 -9657
31311 -9663
31311 -9663
31310 -9669
31310 -9669
31308 -9675
31308 -9675
31306 -9681
31306 -9681
31304 -9687
31304 -9687
31302 -9693
31302 -9693
31300 -9699
31300 -9699
31298 -9705
31298 -9705
31296 -9711
31296 -9711
31294 -9717
31294 -9717
31293 -9723
31293 -9723
31291 -9729
31291 -9729
31289 -9735
31289 -9735
31287 -9741
31287 -9741
31285 -9747
31285 -9747
31283 -9753
31283 -9753
31281 -9759
31281 -9759
31279 -9765
31279 -9765
31277 -9771
31277 -9771
31275 -9777
31275 -9777
31274 -9783
31274 -9783
31272 -9789
31272 -9789
31270 -9795
31270 -9795
31268 -9801
31268 -9801
31266 -9807
31266 -9807
31264 -9813
31264 -9813
31262 -9819
31262 -9819
31260 -9825
31260 -9825
31258 -9831
31258 -9831
31256 -9837
31256 -9837
31255 -9843
31255 -9843
31253 -9849
31253 -9849
31251 -9855
31251 -9855
31249 -9861
31249 -9861
31247 -9867
31247 -9867
31245 -9873
31245 -9873
31243 -9879
31243 -9879
31241 -9885
31241 -9885
31239 -9891
31239 -9891
31238 -9897
31238 -9897
31236 -9902
31236 -9902
31234 -9908
31234 -9908
31232 -9914
31232 -9914
31230 -9920
31230 -9920
31228 -9926
31228 -9926
31226 -9932
31226 -9932
31224 -9938
31224 -9938
31222 -9944
31222 -9944
31220 -9950
31220 -9950
31219 -9956
31219 -9956
31217 -9962
31217 -9962
31215 -9968
31215 -9968
31213 -9974
31213 -9974
31211 -9980
31211 -9980
31209 -9986
31209 -9986
31207 -9992
31207 -9992
31205 -9998
31205 -9998
31203 -10004
31203 -10004
31201 -10010
31201 -10010
31200 -10016
31200 -10016
31198 -10022
31198 -10022
31196 -10028
31196 -10028
31194 -10034
31194 -10034
31192 -10040
31192 -10040
31190 -10046
31190 -10046
31188 -10052
31188 -10052
31186 -10058
31186 -10058
31184 -10064
31184 -10064
31182 -10070
31182 -10070
31181 -10076
31181 -10076
31179 -10082
31179 -10082
31177 -10088
31177 -10088
31175 -10094
31175 -10094
31173 -10100
31173 -10100
31171 -10106
31171 -10106
31169 -10112
31169 -10112
31167 -10118
31167 -10118
31165 -10124
31165 -10124
31162 -10130
31162 -10130
31161 -10136
31161 -10136
31159 -10142
31159 -10142
31157 -10147
31157 -10147
31155 -10153
31155 -10153
31153 -10159
31153 -10159
31151 -10165
31151 -10165
31149 -10171
31149 -10171
31147 -10177
31147 -10177
31145 -10183
31145 -10183
31143 -10189
31143 -10189
31142 -10195
31142 -10195
31140 -10201
31140 -10201
31138 -10207
31138 -10207
31136 -10213
31136 -10213
31134 -10219
31134 -10219
31132 -10225
31132 -10225
31130 -10231
31130 -10231
31127 -10237
31127 -10237
31125 -10243
31125 -10243
31123 -10249
31123 -10249
31122 -10255
31122 -10255
31120 -10261
31120 -10261
31118 -10267
31118 -10267
31116 -10273
31116 -10273
31114 -10279
31114 -10279
31112 -10285
31112 -10285
31110 -10291
31110 -10291
31108 -10297
31108 -10297
31106 -10303
31106 -10303
31104 -10309
31104 -10309
31102 -10315
31102 -10315
31100 -10321
31100 -10321
31099 -10327
31099 -10327
31097 -10332
31097 -10332
31095 -10338
31095 -10338
31093 -10344
31093 -10344
31091 -10350
31091 -10350
31088 -10356
31088 -10356
31086 -10362
31086 -10362
31084 -10368
31084 -10368
31082 -10374
31082 -10374
31080 -10380
31080 -10380
31078 -10386
31078 -10386
31076 -10392
31076 -10392
31074 -10398
31074 -10398
31072 -10404
31072 -10404
31070 -10410
31070 -10410
31068 -10416
31068 -10416
31066 -10422
31066 -10422
31064 -10427
31064 -10427
31062 -10433
31062 -10433
31060 -10439
31060 -10439
31059 -10446
31059 -10446
31057 -10452
31057 -10452
31055 -10458
31055 -10458
31053 -10464
31053 -10464
31051 -10470
31051 -10470
31049 -10476
31049 -10476
31047 -10482
31047 -10482
31045 -10488
31045 -10488
31043 -10494
31043 -10494
31041 -10500
31041 -10500
31039 -10506
31039 -10506
31036 -10512
31036 -10512
31034 -10518
31034 -10518
31032 -10523
31032 -10523
31030 -10529
31030 -10529
31028 -10535
31028 -10535
31026 -10541
31026 -10541
31024 -10547
31024 -10547
31022 -10553
31022 -10553
31020 -10559
31020 -10559
31018 -10565
31018 -10565
31016 -10571
31016 -10571
31014 -10577
31014 -10577
31012 -10583
31012 -10583
31010 -10589
31010 -10589
31008 -10595
31008 -10595
31006 -10601
31006 -10601
31004 -10607
31004 -10607
31002 -10613
31002 -10613
31000 -10618
31000 -10618
30998 -10624
30998 -10624
30996 -10630
30996 -10630
30994 -10636
30994 -10636
30992 -10642
30992 -10642
30990 -10648
30990 -10648
30988 -10654
30988 -10654
30986 -10660
30986 -10660
30983 -10666
30983 -10666
30981 -10672
30981 -10672
30979 -10678
30979 -10678
30977 -10684
30977 -10684
30975 -10690
30975 -10690
30973 -10696
30973 -10696
30971 -10702
30971 -10702
30969 -10708
30969 -10708
30967 -10713
30967 -10713
30965 -10719
30965 -10719
30963 -10725
30963 -10725
30961 -10731
30961 -10731
30959 -10737
30959 -10737
30957 -10743
30957 -10743
30955 -10749
30955 -10749
30953 -10755
30953 -10755
30951 -10761
30951 -10761
30949 -10767
30949 -10767
30947 -10773
30947 -10773
30945 -10779
30945 -10779
30943 -10785
30943 -10785
30941 -10791
30941 -10791
30939 -10797
30939 -10797
30937 -10803
30937 -10803
30935 -10808
30935 -10808
30932 -10814
30932 -10814
30930 -10820
30930 -10820
30928 -10826
30928 -10826
30926 -10832
30926 -10832
30924 -10838
30924 -10838
30922 -10844
30922 -10844
30920 -10850
30920 -10850
30918 -10856
30918 -10856
30916 -10862
30916 -10862
30914 -10868
30914 -10868
30912 -10874
30912 -10874
30909 -10879
30909 -10879
30907 -10885
30907 -10885
30905 -10891
30905 -10891
30903 -10897
30903 -10897
30901 -10902
30901 -10902
30899 -10908
30899 -10908
30897 -10914
30897 -10914
30895 -10920
30895 -10920
30893 -10926
30893 -10926
30891 -10932
30891 -10932
30889 -10938
30889 -10938
30887 -10944
30887 -10944
30885 -10950
30885 -10950
30883 -10956
30883 -10956
30881 -10962
30881 -10962
30878 -10968
30878 -10968
30876 -10974
30876 -10974
30874 -10980
30874 -10980
30872 -10986
30872 -10986
30870 -10992
30870 -10992
30867 -10997
30867 -10997
30865 -11003
30865 -11003
30863 -11009
30863 -11009
30861 -11015
30861 -11015
30859 -11021
30859 -11021
30857 -11027
30857 -11027
30855 -11033
30855 -11033
30853 -11039
30853 -11039
30851 -11045
30851 -11045
30849 -11051
30849 -11051
30846 -11057
30846 -11057
30844 -11063
30844 -11063
30842 -11068
30842 -11068
30840 -11074
30840 -11074
30839 -11080
30839 -11080
30836 -11086
30836 -11086
30834 -11092
30834 -11092
30832 -11098
30832 -11098
30830 -11104
30830 -11104
30828 -11110
30828 -11110
30825 -11116
30825 -11116
30823 -11121
30823 -11121
30821 -11127
30821 -11127
30819 -11133
30819 -11133
30817 -11139
30817 -11139
30814 -11145
30814 -11145
30812 -11151
30812 -11151
30810 -11157
30810 -11157
30808 -11163
30808 -11163
30806 -11169
30806 -11169
30804 -11175
30804 -11175
30802 -11181
30802 -11181
30800 -11187
30800 -11187
30798 -11193
30798 -11193
30796 -11199
30796 -11199
30794 -11205
30794 -11205
30791 -11211
30791 -11211
30789 -11217
30789 -11217
30787 -11223
30787 -11223
30785 -11229
30785 -11229
30783 -11234
30783 -11234
30780 -11240
30780 -11240
30778 -11246
30778 -11246
30776 -11252
30776 -11252
30774 -11258
30774 -11258
30772 -11264
30772 -11264
30769 -11270
30769 -11270
30767 -11276
30767 -11276
30765 -11282
30765 -11282
30763 -11287
30763 -11287
30761 -11293
30761 -11293
30758 -11299
30758 -11299
30756 -11305
30756 -11305
30754 -11311
30754 -11311
30752 -11317
30752 -11317
30750 -11323
30750 -11323
30747 -11329
30747 -11329
30745 -11335
30745 -11335
30743 -11340
30743 -11340
30741 -11346
30741 -11346
30739 -11352
30739 -11352
30736 -11358
30736 -11358
30734 -11364
30734 -11364
30732 -11370
30732 -11370
30730 -11376
30730 -11376
30728 -11382
30728 -11382
30725 -11388
30725 -11388
30723 -11393
30723 -11393
30721 -11399
30721 -11399
30719 -11405
30719 -11405
30717 -11411
30717 -11411
30716 -11417
30716 -11417
30712 -11423
30712 -11423
30710 -11429
30710 -11429
30708 -11435
30708 -11435
30706 -11441
30706 -11441
30704 -11446
30704 -11446
30701 -11452
30701 -11452
30699 -11458
30699 -11458
30697 -11464
30697 -11464
30695 -11470
30695 -11470
30693 -11476
30693 -11476
30690 -11482
30690 -11482
30688 -11488
30688 -11488
30686 -11494
30686 -11494
30684 -11499
30684 -11499
30682 -11505
30682 -11505
30679 -11511
30679 -11511
30677 -11517
30677 -11517
30675 -11523
30675 -11523
30673 -11529
30673 -11529
30671 -11535
30671 -11535
30668 -11541
30668 -11541
30666 -11547
30666 -11547
30664 -11552
30664 -11552
30662 -11558
30662 -11558
30660 -11564
30660 -11564
30657 -11570
30657 -11570
30655 -11576
30655 -11576
30653 -11582
30653 -11582
30651 -11588
30651 -11588
30649 -11594
30649 -11594
30646 -11600
30646 -11600
30644 -11606
30644 -11606
30642 -11611
30642 -11611
30640 -11617
30640 -11617
30638 -11623
30638 -11623
30635 -11629
30635 -11629
30633 -11635
30633 -11635
30631 -11641
30631 -11641
30629 -11647
30629 -11647
30627 -11653
30627 -11653
30623 -11659
30623 -11659
30621 -11663
30621 -11663
30619 -11669
30619 -11669
30617 -11675
30617 -11675
30615 -11681
30615 -11681
30613 -11687
30613 -11687
30610 -11693
30610 -11693
30608 -11699
30608 -11699
30606 -11705
30606 -11705
30604 -11711
30604 -11711
30602 -11716
30602 -11716
30599 -11722
30599 -11722
30597 -11728
30597 -11728
30595 -11734
30595 -11734
30593 -11740
30593 -11740
30591 -11746
30591 -11746
30588 -11752
30588 -11752
30585 -11758
30585 -11758
30583 -11764
30583 -11764
30581 -11769
30581 -11769
30579 -11775
30579 -11775
30576 -11781
30576 -11781
30574 -11787
30574 -11787
30572 -11793
30572 -11793
30570 -11799
30570 -11799
30567 -11805
30567 -11805
30565 -11811
30565 -11811
30563 -11816
30563 -11816
30560 -11822
30560 -11822
30558 -11828
30558 -11828
30556 -11834
30556 -11834
30553 -11840
30553 -11840
30552 -11846
30552 -11846
30550 -11851
30550 -11851
30547 -11857
30547 -11857
30545 -11863
30545 -11863
30543 -11869
30543 -11869
30540 -11875
30540 -11875
30538 -11881
30538 -11881
30536 -11886
30536 -11886
30533 -11892
30533 -11892
30531 -11898
30531 -11898
30529 -11905
30529 -11905
30526 -11911
30526 -11911
30524 -11917
30524 -11917
30522 -11922
30522 -11922
30519 -11928
30519 -11928
30517 -11934
30517 -11934
30515 -11940
30515 -11940
30512 -11946
30512 -11946
30510 -11952
30510 -11952
30508 -11957
30508 -11957
30505 -11963
30505 -11963
30504 -11969
30504 -11969
30502 -11975
30502 -11975
30500 -11981
30500 -11981
30497 -11987
30497 -11987
30495 -11992
30495 -11992
30493 -11998
30493 -11998
30490 -12004
30490 -12004
30488 -12010
30488 -12010
30486 -12016
30486 -12016
30483 -12022
30483 -12022
30481 -12027
30481 -12027
30479 -12033
30479 -12033
30476 -12039
30476 -12039
30474 -12045
30474 -12045
30472 -12051
30472 -12051
30469 -12057
30469 -12057
30467 -12062
30467 -12062
30465 -12068
30465 -12068
30462 -12074
30462 -12074
30460 -12080
30460 -12080
30458 -12086
30458 -12086
30455 -12092
30455 -12092
30453 -12097
30453 -12097
30451 -12103
30451 -12103
30448 -12109
30448 -12109
30446 -12115
30446 -12115
30444 -12121
30444 -12121
30441 -12127
30441 -12127
30439 -12132
30439 -12132
30437 -12138
30437 -12138
30434 -12144
30434 -12144
30432 -12150
30432 -12150
30430 -12156
30430 -12156
30427 -12162
30427 -12162
30425 -12168
30425 -12168
30423 -12173
30423 -12173
30420 -12179
30420 -12179
30418 -12185
30418 -12185
30416 -12191
30416 -12191
30413 -12197
30413 -12197
30411 -12203
30411 -12203
30409 -12208
30409 -12208
30406 -12214
30406 -12214
30404 -12220
30404 -12220
30402 -12226
30402 -12226
30399 -12232
30399 -12232
30397 -12238
30397 -12238
30395 -12243
30395 -12243
30392 -12249
30392 -12249
30390 -12255
30390 -12255
30388 -12261
30388 -12261
30385 -12267
30385 -12267
30383 -12273
30383 -12273
30381 -12278
30381 -12278
30378 -12284
30378 -12284
30376 -12290
30376 -12290
30374 -12296
30374 -12296
30371 -12302
30371 -12302
30369 -12308
30369 -12308
30367 -12313
30367 -12313
30364 -12319
30364 -12319
30362 -12325
30362 -12325
30360 -12331
30360 -12331
30357 -12337
30357 -12337
30355 -12343
30355 -12343
30353 -12348
30353 -12348
30351 -12354
30351 -12354
30348 -12360
30348 -12360
30346 -12366
30346 -12366
30343 -12372
30343 -12372
30340 -12378
30340 -12378
30338 -12383
30338 -12383
30336 -12389
30336 -12389
30333 -12395
30333 -12395
30331 -12401
30331 -12401
30329 -12407
30329 -12407
30326 -12413
30326 -12413
30324 -12418
30324 -12418
30322 -12424
30322 -12424
30319 -12430
30319 -12430
30317 -12435
30317 -12435
30315 -12441
30315 -12441
30312 -12447
30312 -12447
30310 -12452
30310 -12452
30308 -12458
30308 -12458
30305 -12464
30305 -12464
30303 -12470
30303 -12470
30301 -12476
30301 -12476
30298 -12482
30298 -12482
30296 -12487
30296 -12487
30293 -12493
30293 -12493
30290 -12499
30290 -12499
30288 -12505
30288 -12505
30286 -12511
30286 -12511
30283 -12517
30283 -12517
30281 -12522
30281 -12522
30279 -12528
30279 -12528
30276 -12534
30276 -12534
30274 -12540
30274 -12540
30272 -12546
30272 -12546
30269 -12552
30269 -12552
30267 -12557
30267 -12557
30264 -12563
30264 -12563
30262 -12569
30262 -12569
30259 -12575
30259 -12575
30257 -12580
30257 -12580
30255 -12586
30255 -12586
30253 -12592
30253 -12592
30250 -12598
30250 -12598
30248 -12604
30248 -12604
30245 -12609
30245 -12609
30243 -12615
30243 -12615
30240 -12621
30240 -12621
30238 -12627
30238 -12627
30235 -12632
30235 -12632
30233 -12638
30233 -12638
30230 -12644
30230 -12644
30228 -12651
30228 -12651
30225 -12656
30225 -12656
30223 -12662
30223 -12662
30221 -12668
30221 -12668
30218 -12674
30218 -12674
30216 -12680
30216 -12680
30213 -12685
30213 -12685
30212 -12691
30212 -12691
30209 -12697
30209 -12697
30207 -12703
30207 -12703
30204 -12708
30204 -12708
30202 -12714
30202 -12714
30199 -12720
30199 -12720
30197 -12726
30197 -12726
30194 -12732
30194 -12732
30192 -12737
30192 -12737
30189 -12743
30189 -12743
30187 -12749
30187 -12749
30184 -12755
30184 -12755
30182 -12760
30182 -12760
30179 -12766
30179 -12766
30177 -12772
30177 -12772
30174 -12778
30174 -12778
30172 -12783
30172 -12783
30170 -12789
30170 -12789
30167 -12795
30167 -12795
30165 -12801
30165 -12801
30162 -12807
30162 -12807
30160 -12812
30160 -12812
30157 -12818
30157 -12818
30155 -12824
30155 -12824
30152 -12830
30152 -12830
30150 -12835
30150 -12835
30147 -12841
30147 -12841
30145 -12847
30145 -12847
30142 -12853
30142 -12853
30140 -12859
30140 -12859
30137 -12864
30137 -12864
30135 -12870
30135 -12870
30132 -12876
30132 -12876
30130 -12882
30130 -12882
30127 -12887
30127 -12887
30125 -12893
30125 -12893
30122 -12899
30122 -12899
30120 -12905
30120 -12905
30118 -12911
30118 -12911
30115 -12916
30115 -12916
30113 -12922
30113 -12922
30110 -12928
30110 -12928
30108 -12934
30108 -12934
30105 -12939
30105 -12939
30103 -12945
30103 -12945
30100 -12951
30100 -12951
30098 -12957
30098 -12957
30095 -12962
30095 -12962
30093 -12968
30093 -12968
30090 -12974
30090 -12974
30088 -12980
30088 -12980
30085 -12986
30085 -12986
30083 -12991
30083 -12991
30080 -12997
30080 -12997
30078 -13003
30078 -13003
30075 -13009
30075 -13009
30073 -13014
30073 -13014
30070 -13020
30070 -13020
30068 -13026
30068 -13026
30065 -13032
30065 -13032
30063 -13038
30063 -13038
30061 -13043
30061 -13043
30058 -13049
30058 -13049
30056 -13055
30056 -13055
30053 -13061
30053 -13061
30051 -13066
30051 -13066
30048 -13072
30048 -13072
30046 -13078
30046 -13078
30043 -13084
30043 -13084
30041 -13089
30041 -13089
30038 -13095
30038 -13095
30036 -13101
30036 -13101
30033 -13107
30033 -13107
30031 -13113
30031 -13113
30028 -13118
30028 -13118
30026 -13124
30026 -13124
30023 -13130
30023 -13130
30020 -13136
30020 -13136
30017 -13141
30017 -13141
30015 -13147
30015 -13147
30012 -13153
30012 -13153
30010 -13159
30010 -13159
30008 -13165
30008 -13165
30005 -13170
30005 -13170
30003 -13175
30003 -13175
30000 -13181
30000 -13181
29998 -13187
29998 -13187
29995 -13192
29995 -13192
29993 -13198
29993 -13198
29990 -13204
29990 -13204
29988 -13210
29988 -13210
29985 -13215
29985 -13215
29983 -13221
29983 -13221
29980 -13227
29980 -13227
29978 -13233
29978 -13233
29974 -13239
29974 -13239
29972 -13244
29972 -13244
29969 -13250
29969 -13250
29967 -13256
29967 -13256
29964 -13262
29964 -13262
29962 -13267
29962 -13267
29959 -13273
29959 -13273
29957 -13279
29957 -13279
29954 -13285
29954 -13285
29952 -13290
29952 -13290
29949 -13296
29949 -13296
29947 -13302
29947 -13302
29944 -13308
29944 -13308
29941 -13313
29941 -13313
29939 -13319
29939 -13319
29937 -13325
29937 -13325
29934 -13330
29934 -13330
29932 -13336
29932 -13336
29929 -13342
29929 -13342
29927 -13348
29927 -13348
29924 -13353
29924 -13353
29921 -13359
29921 -13359
29919 -13365
29919 -13365
29916 -13370
29916 -13370
29914 -13376
29914 -13376
29911 -13382
29911 -13382
29908 -13389
29908 -13389
29906 -13394
29906 -13394
29903 -13400
29903 -13400
29900 -13406
29900 -13406
29898 -13411
29898 -13411
29895 -13417
29895 -13417
29893 -13423
29893 -13423
29890 -13428
29890 -13428
29887 -13434
29887 -13434
29886 -13440
29886 -13440
29883 -13446
29883 -13446
29880 -13451
29880 -13451
29878 -13457
29878 -13457
29875 -13463
29875 -13463
29873 -13468
29873 -13468
29870 -13474
29870 -13474
29867 -13480
29867 -13480
29865 -13486
29865 -13486
29862 -13491
29862 -13491
29860 -13497
29860 -13497
29857 -13503
29857 -13503
29854 -13508
29854 -13508
29852 -13514
29852 -13514
29849 -13520
29849 -13520
29846 -13526
29846 -13526
29844 -13531
29844 -13531
29841 -13537
29841 -13537
29839 -13543
29839 -13543
29836 -13548
29836 -13548
29833 -13554
29833 -13554
29831 -13560
29831 -13560
29828 -13566
29828 -13566
29826 -13571
29826 -13571
29823 -13577
29823 -13577
29820 -13583
29820 -13583
29818 -13588
29818 -13588
29815 -13594
29815 -13594
29812 -13600
29812 -13600
29810 -13606
29810 -13606
29807 -13611
29807 -13611
29805 -13617
29805 -13617
29802 -13623
29802 -13623
29799 -13628
29799 -13628
29797 -13634
29797 -13634
29794 -13640
29794 -13640
29792 -13646
29792 -13646
29789 -13651
29789 -13651
29786 -13657
29786 -13657
29784 -13663
29784 -13663
29781 -13668
29781 -13668
29778 -13674
29778 -13674
29776 -13680
29776 -13680
29773 -13685
29773 -13685
29771 -13691
29771 -13691
29768 -13697
29768 -13697
29765 -13703
29765 -13703
29763 -13708
29763 -13708
29760 -13714
29760 -13714
29757 -13720
29757 -13720
29755 -13725
29755 -13725
29752 -13731
29752 -13731
29750 -13737
29750 -13737
29747 -13743
29747 -13743
29744 -13748
29744 -13748
29742 -13754
29742 -13754
29739 -13760
29739 -13760
29737 -13765
29737 -13765
29734 -13771
29734 -13771
29731 -13777
29731 -13777
29729 -13783
29729 -13783
29726 -13788
29726 -13788
29723 -13794
29723 -13794
29721 -13800
29721 -13800
29718 -13805
29718 -13805
29716 -13811
29716 -13811
29713 -13817
29713 -13817
29710 -13823
29710 -13823
29708 -13828
29708 -13828
29705 -13834
29705 -13834
29703 -13840
29703 -13840
29700 -13845
29700 -13845
29697 -13851
29697 -13851
29694 -13857
29694 -13857
29691 -13863
29691 -13863
29688 -13868
29688 -13868
29686 -13874
29686 -13874
29683 -13880
29683 -13880
29681 -13885
29681 -13885
29678 -13891
29678 -13891
29675 -13897
29675 -13897
29673 -13902
29673 -13902
29670 -13907
29670 -13907
29667 -13913
29667 -13913
29665 -13919
29665 -13919
29662 -13924
29662 -13924
29660 -13930
29660 -13930
29657 -13936
29657 -13936
29654 -13941
29654 -13941
29652 -13947
29652 -13947
29649 -13953
29649 -13953
29647 -13959
29647 -13959
29644 -13964
29644 -13964
29640 -13970
29640 -13970
29638 -13976
29638 -13976
29635 -13981
29635 -13981
29632 -13987
29632 -13987
29630 -13993
29630 -13993
29627 -13999
29627 -13999
29625 -14004
29625 -14004
29622 -14010
29622 -14010
29619 -14016
29619 -14016
29616 -14021
29616 -14021
29614 -14027
29614 -14027
29611 -14033
29611 -14033
29608 -14038
29608 -14038
29605 -14044
29605 -14044
29603 -14050
29603 -14050
29601 -14055
29601 -14055
29598 -14061
29598 -14061
29595 -14066
29595 -14066
29593 -14072
29593 -14072
29590 -14078
29590 -14078
29587 -14083
29587 -14083
29584 -14089
29584 -14089
29582 -14095
29582 -14095
29579 -14100
29579 -14100
29576 -14107
29576 -14107
29573 -14113
29573 -14113
29571 -14118
29571 -14118
29568 -14124
29568 -14124
29565 -14130
29565 -14130
29562 -14135
29562 -14135
29560 -14141
29560 -14141
29557 -14147
29557 -14147
29554 -14152
29554 -14152
29551 -14158
29551 -14158
29549 -14164
29549 -14164
29547 -14169
29547 -14169
29544 -14175
29544 -14175
29541 -14180
29541 -14180
29539 -14186
29539 -14186
29536 -14192
29536 -14192
29533 -14197
29533 -14197
29530 -14203
29530 -14203
29527 -14209
29527 -14209
29525 -14214
29525 -14214
29522 -14220
29522 -14220
29519 -14226
29519 -14226
29516 -14231
29516 -14231
29514 -14237
29514 -14237
29511 -14243
29511 -14243
29508 -14248
29508 -14248
29505 -14254
29505 -14254
29503 -14260
29503 -14260
29500 -14265
29500 -14265
29497 -14271
29497 -14271
29494 -14276
29494 -14276
29492 -14282
29492 -14282
29489 -14288
29489 -14288
29486 -14293
29486 -14293
29483 -14299
29483 -14299
29481 -14305
29481 -14305
29478 -14310
29478 -14310
29475 -14316
29475 -14316
29472 -14322
29472 -14322
29470 -14327
29470 -14327
29467 -14333
29467 -14333
29464 -14339
29464 -14339
29461 -14344
29461 -14344
29459 -14350
29459 -14350
29456 -14356
29456 -14356
29453 -14361
29453 -14361
29450 -14367
29450 -14367
29448 -14373
29448 -14373
29445 -14378
29445 -14378
29442 -14384
29442 -14384
29439 -14389
29439 -14389
29436 -14395
29436 -14395
29434 -14401
29434 -14401
29431 -14406
29431 -14406
29428 -14412
29428 -14412
29425 -14418
29425 -14418
29423 -14423
29423 -14423
29420 -14429
29420 -14429
29417 -14435
29417 -14435
29414 -14440
29414 -14440
29412 -14446
29412 -14446
29409 -14452
29409 -14452
29406 -14457
29406 -14457
29403 -14463
29403 -14463
29401 -14469
29401 -14469
29398 -14474
29398 -14474
29395 -14480
29395 -14480
29392 -14485
29392 -14485
29390 -14491
29390 -14491
29387 -14497
29387 -14497
29384 -14502
29384 -14502
29381 -14508
29381 -14508
29379 -14514
29379 -14514
29376 -14519
29376 -14519
29373 -14525
29373 -14525
29370 -14531
29370 -14531
29368 -14536
29368 -14536
29365 -14542
29365 -14542
29362 -14548
29362 -14548
29359 -14553
29359 -14553
29356 -14559
29356 -14559
29354 -14565
29354 -14565
29351 -14570
29351 -14570
29348 -14576
29348 -14576
29344 -14581
29344 -14581
29342 -14587
29342 -14587
29339 -14593
29339 -14593
29336 -14598
29336 -14598
29333 -14604
29333 -14604
29331 -14610
29331 -14610
29328 -14615
29328 -14615
29325 -14621
29325 -14621
29322 -14627
29322 -14627
29320 -14632
29320 -14632
29317 -14638
29317 -14638
29314 -14643
29314 -14643
29311 -14648
29311 -14648
29309 -14654
29309 -14654
29306 -14660
29306 -14660
29303 -14665
29303 -14665
29300 -14671
29300 -14671
29298 -14677
29298 -14677
29295 -14682
29295 -14682
29292 -14688
29292 -14688
29288 -14693
29288 -14693
29286 -14699
29286 -14699
29283 -14705
29283 -14705
29280 -14710
29280 -14710
29277 -14716
29277 -14716
29275 -14722
29275 -14722
29272 -14727
29272 -14727
29269 -14733
29269 -14733
29266 -14739
29266 -14739
29263 -14744
29263 -14744
29260 -14750
29260 -14750
29257 -14755
29257 -14755
29255 -14761
29255 -14761
29252 -14766
29252 -14766
29249 -14772
29249 -14772
29246 -14778
29246 -14778
29244 -14783
29244 -14783
29241 -14789
29241 -14789
29238 -14794
29238 -14794
29235 -14800
29235 -14800
29232 -14806
29232 -14806
29230 -14811
29230 -14811
29227 -14818
29227 -14818
29224 -14823
29224 -14823
29221 -14829
29221 -14829
29218 -14834
29218 -14834
29215 -14840
29215 -14840
29212 -14846
29212 -14846
29209 -14851
29209 -14851
29206 -14857
29206 -14857
29204 -14862
29204 -14862
29201 -14868
29201 -14868
29198 -14873
29198 -14873
29195 -14879
29195 -14879
29192 -14885
29192 -14885
29189 -14890
29189 -14890
29186 -14896
29186 -14896
29184 -14901
29184 -14901
29181 -14907
29181 -14907
29179 -14913
29179 -14913
29176 -14918
29176 -14918
29173 -14924
29173 -14924
29170 -14929
29170 -14929
29167 -14935
29167 -14935
29164 -14940
29164 -14940
29161 -14946
29161 -14946
29158 -14952
29158 -14952
29155 -14957
29155 -14957
29152 -14963
29152 -14963
29150 -14968
29150 -14968
29147 -14974
29147 -14974
29144 -14979
29144 -14979
29141 -14985
29141 -14985
29138 -14991
29138 -14991
29135 -14996
29135 -14996
29132 -15002
29132 -15002
29129 -15007
29129 -15007
29126 -15013
29126 -15013
29124 -15018
29124 -15018
29121 -15024
29121 -15024
29118 -15030
29118 -15030
29115 -15035
29115 -15035
29112 -15041
29112 -15041
29109 -15046
29109 -15046
29106 -15052
29106 -15052
29103 -15058
29103 -15058
29100 -15063
29100 -15063
29098 -15069
29098 -15069
29095 -15074
29095 -15074
29092 -15080
29092 -15080
29089 -15085
29089 -15085
29086 -15091
29086 -15091
29083 -15097
29083 -15097
29080 -15102
29080 -15102
29077 -15108
29077 -15108
29074 -15113
29074 -15113
29072 -15119
29072 -15119
29069 -15124
29069 -15124
29066 -15130
29066 -15130
29063 -15136
29063 -15136
29060 -15141
29060 -15141
29057 -15147
29057 -15147
29054 -15152
29054 -15152
29051 -15158
29051 -15158
29048 -15164
29048 -15164
29046 -15169
29046 -15169
29043 -15175
29043 -15175
29040 -15180
29040 -15180
29037 -15186
29037 -15186
29034 -15191
29034 -15191
29031 -15197
29031 -15197
29028 -15203
29028 -15203
29025 -15208
29025 -15208
29022 -15214
29022 -15214
29020 -15219
29020 -15219
29017 -15225
29017 -15225
29014 -15230
29014 -15230
29011 -15236
29011 -15236
29008 -15242
29008 -15242
29005 -15247
29005 -15247
29002 -15253
29002 -15253
28999 -15258
28999 -15258
28996 -15264
28996 -15264
28994 -15270
28994 -15270
28991 -15275
28991 -15275
28988 -15281
28988 -15281
28984 -15286
28984 -15286
28981 -15292
28981 -15292
28978 -15297
28978 -15297
28975 -15303
28975 -15303
28972 -15309
28972 -15309
28969 -15314
28969 -15314
28966 -15320
28966 -15320
28964 -15325
28964 -15325
28961 -15331
28961 -15331
28958 -15336
28958 -15336
28955 -15342
28955 -15342
28952 -15348
28952 -15348
28949 -15353
28949 -15353
28946 -15359
28946 -15359
28943 -15364
28943 -15364
28940 -15369
28940 -15369
28938 -15374
28938 -15374
28935 -15380
28935 -15380
28932 -15386
28932 -15386
28929 -15391
28929 -15391
28926 -15397
28926 -15397
28922 -15402
28922 -15402
28919 -15408
28919 -15408
28916 -15414
28916 -15414
28913 -15419
28913 -15419
28911 -15425
28911 -15425
28908 -15430
28908 -15430
28905 -15436
28905 -15436
28902 -15441
28902 -15441
28899 -15447
28899 -15447
28896 -15453
28896 -15453
28893 -15458
28893 -15458
28890 -15464
28890 -15464
28887 -15469
28887 -15469
28884 -15475
28884 -15475
28881 -15480
28881 -15480
28878 -15486
28878 -15486
28876 -15491
28876 -15491
28873 -15497
28873 -15497
28870 -15502
28870 -15502
28867 -15508
28867 -15508
28864 -15513
28864 -15513
28861 -15519
28861 -15519
28858 -15524
28858 -15524
28855 -15530
28855 -15530
28852 -15535
28852 -15535
28848 -15542
28848 -15542
28845 -15547
28845 -15547
28842 -15553
28842 -15553
28839 -15558
28839 -15558
28836 -15564
28836 -15564
28833 -15569
28833 -15569
28830 -15575
28830 -15575
28827 -15580
28827 -15580
28824 -15586
28824 -15586
28821 -15591
28821 -15591
28818 -15597
28818 -15597
28816 -15602
28816 -15602
28813 -15608
28813 -15608
28810 -15613
28810 -15613
28807 -15619
28807 -15619
28804 -15624
28804 -15624
28801 -15630
28801 -15630
28798 -15635
28798 -15635
28795 -15641
28795 -15641
28792 -15646
28792 -15646
28789 -15652
28789 -15652
28786 -15657
28786 -15657
28783 -15663
28783 -15663
28780 -15668
28780 -15668
28777 -15674
28777 -15674
28774 -15679
28774 -15679
28771 -15685
28771 -15685
28768 -15690
28768 -15690
28765 -15696
28765 -15696
28762 -15701
28762 -15701
28759 -15707
28759 -15707
28756 -15712
28756 -15712
28752 -15718
28752 -15718
28749 -15723
28749 -15723
28746 -15729
28746 -15729
28743 -15734
28743 -15734
28740 -15740
28740 -15740
28737 -15745
28737 -15745
28734 -15751
28734 -15751
28731 -15756
28731 -15756
28728 -15762
28728 -15762
28725 -15767
28725 -15767
28722 -15773
28722 -15773
28719 -15778
28719 -15778
28716 -15784
28716 -15784
28713 -15789
28713 -15789
28710 -15795
28710 -15795
28707 -15800
28707 -15800
28704 -15806
28704 -15806
28701 -15811
28701 -15811
28698 -15817
28698 -15817
28695 -15822
28695 -15822
28692 -15828
28692 -15828
28689 -15833
28689 -15833
28686 -15839
28686 -15839
28683 -15844
28683 -15844
28680 -15850
28680 -15850
28677 -15855
28677 -15855
28674 -15861
28674 -15861
28671 -15866
28671 -15866
28668 -15872
28668 -15872
28665 -15877
28665 -15877
28662 -15883
28662 -15883
28659 -15888
28659 -15888
28655 -15894
28655 -15894
28652 -15899
28652 -15899
28649 -15905
28649 -15905
28646 -15910
28646 -15910
28643 -15916
28643 -15916
28640 -15921
28640 -15921
28637 -15927
28637 -15927
28634 -15932
28634 -15932
28631 -15938
28631 -15938
28628 -15943
28628 -15943
28625 -15949
28625 -15949
28622 -15954
28622 -15954
28619 -15960
28619 -15960
28616 -15965
28616 -15965
28613 -15971
28613 -15971
28610 -15976
28610 -15976
28607 -15982
28607 -15982
28604 -15987
28604 -15987
28601 -15993
28601 -15993
28598 -15998
28598 -15998
28594 -16004
28594 -16004
28591 -16009
28591 -16009
28588 -16015
28588 -16015
28585 -16020
28585 -16020
28582 -16026
28582 -16026
28579 -16031
28579 -16031
28576 -16037
28576 -16037
28573 -16042
28573 -16042
28570 -16048
28570 -16048
28567 -16053
28567 -16053
28564 -16059
28564 -16059
28561 -16063
28561 -16063
28557 -16069
28557 -16069
28554 -16074
28554 -16074
28551 -16080
28551 -16080
28548 -16085
28548 -16085
28545 -16091
28545 -16091
28542 -16096
28542 -16096
28539 -16102
28539 -16102
28536 -16107
28536 -16107
28532 -16113
28532 -16113
28529 -16118
28529 -16118
28526 -16124
28526 -16124
28523 -16129
28523 -16129
28520 -16135
28520 -16135
28517 -16140
28517 -16140
28514 -16146
28514 -16146
28511 -16151
28511 -16151
28508 -16156
28508 -16156
28505 -16162
28505 -16162
28502 -16167
28502 -16167
28498 -16173
28498 -16173
28495 -16178
28495 -16178
28492 -16184
28492 -16184
28489 -16189
28489 -16189
28486 -16194
28486 -16194
28484 -16200
28484 -16200
28480 -16205
28480 -16205
28477 -16211
28477 -16211
28474 -16216
28474 -16216
28471 -16222
28471 -16222
28468 -16227
28468 -16227
28465 -16233
28465 -16233
28461 -16239
28461 -16239
28458 -16244
28458 -16244
28455 -16250
28455 -16250
28452 -16255
28452 -16255
28449 -16261
28449 -16261
28446 -16266
28446 -16266
28442 -16271
28442 -16271
28439 -16277
28439 -16277
28436 -16282
28436 -16282
28433 -16288
28433 -16288
28430 -16293
28430 -16293
28427 -16299
28427 -16299
28423 -16304
28423 -16304
28420 -16309
28420 -16309
28418 -16315
28418 -16315
28415 -16320
28415 -16320
28412 -16326
28412 -16326
28409 -16331
28409 -16331
28405 -16337
28405 -16337
28402 -16342
28402 -16342
28399 -16347
28399 -16347
28396 -16353
28396 -16353
28393 -16358
28393 -16358
28390 -16364
28390 -16364
28386 -16369
28386 -16369
28383 -16375
28383 -16375
28380 -16380
28380 -16380
28377 -16385
28377 -16385
28374 -16391
28374 -16391
28371 -16396
28371 -16396
28367 -16402
28367 -16402
28364 -16407
28364 -16407
28361 -16413
28361 -16413
28358 -16418
28358 -16418
28355 -16423
28355 -16423
28352 -16429
28352 -16429
28348 -16434
28348 -16434
28345 -16440
28345 -16440
28342 -16445
28342 -16445
28339 -16451
28339 -16451
28336 -16456
28336 -16456
28333 -16461
28333 -16461
28329 -16467
28329 -16467
28326 -16472
28326 -16472
28323 -16478
28323 -16478
28320 -16483
28320 -16483
28317 -16489
28317 -16489
28314 -16494
28314 -16494
28311 -16500
28311 -16500
28307 -16505
28307 -16505
28304 -16510
28304 -16510
28301 -16516
28301 -16516
28298 -16521
28298 -16521
28295 -16527
28295 -16527
28292 -16532
28292 -16532
28288 -16538
28288 -16538
28285 -16543
28285 -16543
28282 -16548
28282 -16548
28279 -16554
28279 -16554
28276 -16559
28276 -16559
28273 -16565
28273 -16565
28269 -16570
28269 -16570
28266 -16576
28266 -16576
28263 -16581
28263 -16581
28260 -16586
28260 -16586
28257 -16592
28257 -16592
28254 -16597
28254 -16597
28250 -16603
28250 -16603
28247 -16608
28247 -16608
28244 -16614
28244 -16614
28241 -16619
28241 -16619
28238 -16624
28238 -16624
28235 -16630
28235 -16630
28231 -16635
28231 -16635
28228 -16641
28228 -16641
28225 -16646
28225 -16646
28222 -16652
28222 -16652
28219 -16657
28219 -16657
28216 -16662
28216 -16662
28212 -16668
28212 -16668
28209 -16673
28209 -16673
28206 -16679
28206 -16679
28203 -16684
28203 -16684
28199 -16690
28199 -16690
28196 -16695
28196 -16695
28192 -16700
28192 -16700
28189 -16706
28189 -16706
28186 -16711
28186 -16711
28183 -16717
28183 -16717
28180 -16722
28180 -16722
28177 -16728
28177 -16728
28173 -16733
28173 -16733
28170 -16738
28170 -16738
28167 -16744
28167 -16744
28164 -16749
28164 -16749
28161 -16755
28161 -16755
28158 -16760
28158 -16760
28154 -16766
28154 -16766
28151 -16770
28151 -16770
28148 -16775
28148 -16775
28145 -16781
28145 -16781
28142 -16786
28142 -16786
28139 -16792
28139 -16792
28135 -16797
28135 -16797
28131 -16803
28131 -16803
28128 -16808
28128 -16808
28125 -16813
28125 -16813
28122 -16819
28122 -16819
28119 -16824
28119 -16824
28115 -16830
28115 -16830
28112 -16835
28112 -16835
28109 -16841
28109 -16841
28106 -16846
28106 -16846
28103 -16851
28103 -16851
28099 -16857
28099 -16857
28096 -16862
28096 -16862
28093 -16867
28093 -16867
28090 -16873
28090 -16873
28086 -16878
28086 -16878
28083 -16883
28083 -16883
28080 -16889
28080 -16889
28077 -16894
28077 -16894
28074 -16900
28074 -16900
28071 -16905
28071 -16905
28067 -16910
28067 -16910
28064 -16917
28064 -16917
28061 -16922
28061 -16922
28058 -16927
28058 -16927
28054 -16933
28054 -16933
28051 -16938
28051 -16938
28048 -16943
28048 -16943
28044 -16949
28044 -16949
28041 -16954
28041 -16954
28038 -16959
28038 -16959
28034 -16965
28034 -16965
28031 -16970
28031 -16970
28028 -16975
28028 -16975
28025 -16981
28025 -16981
28021 -16986
28021 -16986
28018 -16991
28018 -16991
28015 -16997
28015 -16997
28011 -17002
28011 -17002
28009 -17008
28009 -17008
28006 -17013
28006 -17013
28003 -17018
28003 -17018
27999 -17024
27999 -17024
27996 -17029
27996 -17029
27993 -17034
27993 -17034
27989 -17040
27989 -17040
27986 -17045
27986 -17045
27983 -17050
27983 -17050
27979 -17056
27979 -17056
27976 -17061
27976 -17061
27973 -17066
27973 -17066
27970 -17072
27970 -17072
27966 -17077
27966 -17077
27963 -17082
27963 -17082
27960 -17088
27960 -17088
27956 -17093
27956 -17093
27953 -17099
27953 -17099
27950 -17104
27950 -17104
27946 -17109
27946 -17109
27943 -17115
27943 -17115
27940 -17120
27940 -17120
27937 -17125
27937 -17125
27933 -17131
27933 -17131
27930 -17136
27930 -17136
27927 -17141
27927 -17141
27923 -17147
27923 -17147
27920 -17152
27920 -17152
27917 -17157
27917 -17157
27913 -17163
27913 -17163
27910 -17168
27910 -17168
27907 -17173
27907 -17173
27904 -17179
27904 -17179
27900 -17184
27900 -17184
27897 -17190
27897 -17190
27894 -17195
27894 -17195
27890 -17200
27890 -17200
27887 -17206
27887 -17206
27884 -17211
27884 -17211
27881 -17216
27881 -17216
27877 -17222
27877 -17222
27874 -17227
27874 -17227
27871 -17232
27871 -17232
27867 -17238
27867 -17238
27864 -17243
27864 -17243
27861 -17248
27861 -17248
27857 -17254
27857 -17254
27854 -17259
27854 -17259
27851 -17264
27851 -17264
27848 -17270
27848 -17270
27844 -17275
27844 -17275
27841 -17280
27841 -17280
27838 -17286
27838 -17286
27834 -17291
27834 -17291
27831 -17297
27831 -17297
27828 -17302
27828 -17302
27824 -17307
27824 -17307
27821 -17313
27821 -17313
27818 -17318
27818 -17318
27815 -17323
27815 -17323
27811 -17329
27811 -17329
27808 -17334
27808 -17334
27805 -17339
27805 -17339
27801 -17345
27801 -17345
27798 -17350
27798 -17350
27795 -17355
27795 -17355
27792 -17361
27792 -17361
27788 -17366
27788 -17366
27785 -17371
27785 -17371
27781 -17377
27781 -17377
27777 -17382
27777 -17382
27774 -17388
27774 -17388
27771 -17393
27771 -17393
27767 -17398
27767 -17398
27764 -17404
27764 -17404
27761 -17409
27761 -17409
27758 -17414
27758 -17414
27754 -17420
27754 -17420
27751 -17425
27751 -17425
27748 -17430
27748 -17430
27744 -17436
27744 -17436
27741 -17441
27741 -17441
27738 -17446
27738 -17446
27734 -17452
27734 -17452
27731 -17457
27731 -17457
27728 -17462
27728 -17462
27725 -17467
27725 -17467
27721 -17472
27721 -17472
27718 -17477
27718 -17477
27715 -17483
27715 -17483
27710 -17488
27710 -17488
27707 -17494
27707 -17494
27704 -17499
27704 -17499
27700 -17504
27700 -17504
27697 -17510
27697 -17510
27694 -17515
27694 -17515
27691 -17520
27691 -17520
27687 -17526
27687 -17526
27684 -17531
27684 -17531
27681 -17536
27681 -17536
27677 -17542
27677 -17542
27674 -17547
27674 -17547
27670 -17552
27670 -17552
27667 -17557
27667 -17557
27663 -17563
27663 -17563
27660 -17568
27660 -17568
27657 -17573
27657 -17573
27654 -17578
27654 -17578
27651 -17584
27651 -17584
27647 -17589
27647 -17589
27644 -17594
27644 -17594
27641 -17600
27641 -17600
27637 -17606
27637 -17606
27634 -17611
27634 -17611
27630 -17616
27630 -17616
27627 -17622
27627 -17622
27623 -17627
27623 -17627
27620 -17632
27620 -17632
27617 -17637
27617 -17637
27613 -17643
27613 -17643
27610 -17648
27610 -17648
27606 -17653
27606 -17653
27603 -17658
27603 -17658
27599 -17664
27599 -17664
27596 -17669
27596 -17669
27593 -17674
27593 -17674
27589 -17679
27589 -17679
27586 -17685
27586 -17685
27582 -17690
27582 -17690
27579 -17695
27579 -17695
27577 -17701
27577 -17701
27573 -17706
27573 -17706
27570 -17711
27570 -17711
27566 -17716
27566 -17716
27563 -17722
27563 -17722
27559 -17727
27559 -17727
27556 -17732
27556 -17732
27553 -17737
27553 -17737
27549 -17743
27549 -17743
27546 -17748
27546 -17748
27542 -17753
27542 -17753
27539 -17758
27539 -17758
27535 -17764
27535 -17764
27532 -17769
27532 -17769
27529 -17774
27529 -17774
27525 -17779
27525 -17779
27522 -17785
27522 -17785
27518 -17790
27518 -17790
27515 -17795
27515 -17795
27511 -17801
27511 -17801
27508 -17806
27508 -17806
27505 -17811
27505 -17811
27501 -17816
27501 -17816
27498 -17822
27498 -17822
27494 -17827
27494 -17827
27491 -17832
27491 -17832
27488 -17837
27488 -17837
27484 -17843
27484 -17843
27481 -17848
27481 -17848
27477 -17853
27477 -17853
27474 -17858
27474 -17858
27470 -17864
27470 -17864
27467 -17869
27467 -17869
27464 -17874
27464 -17874
27460 -17880
27460 -17880
27457 -17885
27457 -17885
27453 -17890
27453 -17890
27450 -17895
27450 -17895
27446 -17901
27446 -17901
27443 -17906
27443 -17906
27440 -17911
27440 -17911
27436 -17916
27436 -17916
27433 -17922
27433 -17922
27429 -17927
27429 -17927
27426 -17932
27426 -17932
27423 -17937
27423 -17937
27419 -17943
27419 -17943
27416 -17948
27416 -17948
27412 -17953
27412 -17953
27409 -17959
27409 -17959
27405 -17964
27405 -17964
27402 -17969
27402 -17969
27399 -17974
27399 -17974
27395 -17980
27395 -17980
27392 -17985
27392 -17985
27388 -17990
27388 -17990
27385 -17995
27385 -17995
27381 -18001
27381 -18001
27378 -18006
27378 -18006
27375 -18011
27375 -18011
27371 -18016
27371 -18016
27368 -18022
27368 -18022
27364 -18027
27364 -18027
27361 -18032
27361 -18032
27358 -18038
27358 -18038
27353 -18043
27353 -18043
27350 -18048
27350 -18048
27346 -18053
27346 -18053
27343 -18059
27343 -18059
27339 -18064
27339 -18064
27336 -18069
27336 -18069
27333 -18074
27333 -18074
27329 -18080
27329 -18080
27326 -18085
27326 -18085
27322 -18090
27322 -18090
27319 -18095
27319 -18095
27315 -18101
27315 -18101
27312 -18106
27312 -18106
27309 -18111
27309 -18111
27305 -18116
27305 -18116
27302 -18122
27302 -18122
27298 -18127
27298 -18127
27295 -18132
27295 -18132
27291 -18138
27291 -18138
27288 -18142
27288 -18142
27285 -18147
27285 -18147
27281 -18152
27281 -18152
27278 -18158
27278 -18158
27273 -18163
27273 -18163
27270 -18168
27270 -18168
27267 -18173
27267 -18173
27263 -18179
27263 -18179
27260 -18184
27260 -18184
27256 -18189
27256 -18189
27253 -18194
27253 -18194
27249 -18200
27249 -18200
27246 -18205
27246 -18205
27242 -18210
27242 -18210
27239 -18215
27239 -18215
27235 -18221
27235 -18221
27232 -18226
27232 -18226
27228 -18231
27228 -18231
27225 -18236
27225 -18236
27221 -18241
27221 -18241
27218 -18246
27218 -18246
27215 -18252
27215 -18252
27211 -18257
27211 -18257
27208 -18262
27208 -18262
27204 -18267
27204 -18267
27201 -18273
27201 -18273
27197 -18279
27197 -18279
27194 -18284
27194 -18284
27190 -18289
27190 -18289
27187 -18294
27187 -18294
27183 -18299
27183 -18299
27179 -18304
27179 -18304
27176 -18310
27176 -18310
27172 -18315
27172 -18315
27169 -18320
27169 -18320
27165 -18325
27165 -18325
27162 -18330
27162 -18330
27158 -18335
27158 -18335
27155 -18341
27155 -18341
27151 -18346
27151 -18346
27147 -18351
27147 -18351
27144 -18356
27144 -18356
27141 -18361
27141 -18361
27138 -18367
27138 -18367
27134 -18372
27134 -18372
27131 -18377
27131 -18377
27127 -18382
27127 -18382
27124 -18387
27124 -18387
27120 -18392
27120 -18392
27116 -18398
27116 -18398
27113 -18403
27113 -18403
27109 -18408
27109 -18408
27106 -18413
27106 -18413
27102 -18418
27102 -18418
27099 -18424
27099 -18424
27095 -18429
27095 -18429
27092 -18434
27092 -18434
27088 -18439
27088 -18439
27084 -18444
27084 -18444
27081 -18449
27081 -18449
27077 -18455
27077 -18455
27074 -18460
27074 -18460
27070 -18465
27070 -18465
27067 -18470
27067 -18470
27063 -18475
27063 -18475
27060 -18481
27060 -18481
27056 -18486
27056 -18486
27052 -18491
27052 -18491
27049 -18496
27049 -18496
27045 -18501
27045 -18501
27042 -18506
27042 -18506
27038 -18512
27038 -18512
27035 -18517
27035 -18517
27031 -18522
27031 -18522
27028 -18527
27028 -18527
27024 -18532
27024 -18532
27021 -18538
27021 -18538
27017 -18543
27017 -18543
27013 -18548
27013 -18548
27010 -18553
27010 -18553
27006 -18558
27006 -18558
27003 -18563
27003 -18563
26999 -18569
26999 -18569
26996 -18574
26996 -18574
26992 -18579
26992 -18579
26989 -18584
26989 -18584
26985 -18589
26985 -18589
26981 -18594
26981 -18594
26978 -18600
26978 -18600
26974 -18605
26974 -18605
26971 -18610
26971 -18610
26967 -18615
26967 -18615
26964 -18620
26964 -18620
26960 -18626
26960 -18626
26957 -18631
26957 -18631
26953 -18636
26953 -18636
26949 -18641
26949 -18641
26946 -18646
26946 -18646
26942 -18651
26942 -18651
26939 -18657
26939 -18657
26935 -18662
26935 -18662
26932 -18667
26932 -18667
26928 -18672
26928 -18672
26925 -18677
26925 -18677
26921 -18683
26921 -18683
26917 -18688
26917 -18688
26914 -18693
26914 -18693
26910 -18698
26910 -18698
26907 -18703
26907 -18703
26903 -18708
26903 -18708
26900 -18714
26900 -18714
26895 -18719
26895 -18719
26892 -18724
26892 -18724
26888 -18729
26888 -18729
26884 -18734
26884 -18734
26881 -18740
26881 -18740
26877 -18745
26877 -18745
26874 -18750
26874 -18750
26870 -18755
26870 -18755
26867 -18760
26867 -18760
26863 -18765
26863 -18765
26860 -18771
26860 -18771
26856 -18776
26856 -18776
26852 -18781
26852 -18781
26849 -18786
26849 -18786
26845 -18791
26845 -18791
26842 -18796
26842 -18796
26838 -18802
26838 -18802
26835 -18806
26835 -18806
26831 -18811
26831 -18811
26828 -18816
26828 -18816
26824 -18821
26824 -18821
26819 -18827
26819 -18827
26816 -18832
26816 -18832
26812 -18837
26812 -18837
26809 -18842
26809 -18842
26805 -18847
26805 -18847
26802 -18852
26802 -18852
26798 -18858
26798 -18858
26795 -18863
26795 -18863
26791 -18868
26791 -18868
26787 -18873
26787 -18873
26784 -18878
26784 -18878
26780 -18883
26780 -18883
26776 -18888
26776 -18888
26773 -18893
26773 -18893
26769 -18899
26769 -18899
26765 -18904
26765 -18904
26762 -18909
26762 -18909
26759 -18914
26759 -18914
26755 -18919
26755 -18919
26752 -18924
26752 -18924
26748 -18930
26748 -18930
26744 -18935
26744 -18935
26740 -18940
26740 -18940
26737 -18945
26737 -18945
26733 -18951
26733 -18951
26729 -18956
26729 -18956
26726 -18961
26726 -18961
26722 -18966
26722 -18966
26718 -18971
26718 -18971
26715 -18976
26715 -18976
26711 -18981
26711 -18981
26707 -18986
26707 -18986
26704 -18991
26704 -18991
26700 -18996
26700 -18996
26696 -19001
26696 -19001
26693 -19007
26693 -19007
26689 -19012
26689 -19012
26685 -19017
26685 -19017
26682 -19022
26682 -19022
26678 -19027
26678 -19027
26675 -19032
26675 -19032
26672 -19037
26672 -19037
26668 -19042
26668 -19042
26664 -19047
26664 -19047
26661 -19052
26661 -19052
26657 -19057
26657 -19057
26653 -19063
26653 -19063
26649 -19068
26649 -19068
26646 -19073
26646 -19073
26642 -19078
26642 -19078
26638 -19083
26638 -19083
26635 -19088
26635 -19088
26631 -19093
26631 -19093
26627 -19098
26627 -19098
26624 -19103
26624 -19103
26620 -19108
26620 -19108
26616 -19114
26616 -19114
26613 -19119
26613 -19119
26609 -19124
26609 -19124
26605 -19129
26605 -19129
26602 -19134
26602 -19134
26598 -19139
26598 -19139
26594 -19144
26594 -19144
26591 -19149
26591 -19149
26587 -19154
26587 -19154
26583 -19159
26583 -19159
26580 -19164
26580 -19164
26576 -19170
26576 -19170
26572 -19175
26572 -19175
26569 -19180
26569 -19180
26565 -19185
26565 -19185
26561 -19190
26561 -19190
26558 -19196
26558 -19196
26554 -19200
26554 -19200
26550 -19205
26550 -19205
26546 -19210
26546 -19210
26543 -19215
26543 -19215
26539 -19220
26539 -19220
26535 -19226
26535 -19226
26532 -19231
26532 -19231
26528 -19236
26528 -19236
26524 -19241
26524 -19241
26521 -19246
26521 -19246
26517 -19251
26517 -19251
26513 -19256
26513 -19256
26510 -19261
26510 -19261
26506 -19266
26506 -19266
26502 -19271
26502 -19271
26499 -19277
26499 -19277
26495 -19282
26495 -19282
26491 -19287
26491 -19287
26488 -19292
26488 -19292
26484 -19297
26484 -19297
26480 -19302
26480 -19302
26477 -19307
26477 -19307
26473 -19312
26473 -19312
26469 -19317
26469 -19317
26466 -19322
26466 -19322
26462 -19327
26462 -19327
26458 -19333
26458 -19333
26454 -19338
26454 -19338
26451 -19343
26451 -19343
26447 -19348
26447 -19348
26443 -19353
26443 -19353
26440 -19358
26440 -19358
26435 -19363
26435 -19363
26431 -19368
26431 -19368
26428 -19373
26428 -19373
26424 -19378
26424 -19378
26420 -19383
26420 -19383
26417 -19389
26417 -19389
26413 -19394
26413 -19394
26409 -19399
26409 -19399
26406 -19404
26406 -19404
26402 -19409
26402 -19409
26398 -19414
26398 -19414
26395 -19419
26395 -19419
26391 -19424
26391 -19424
26387 -19429
26387 -19429
26384 -19434
26384 -19434
26380 -19440
26380 -19440
26376 -19445
26376 -19445
26373 -19450
26373 -19450
26369 -19455
26369 -19455
26365 -19460
26365 -19460
26361 -19464
26361 -19464
26358 -19469
26358 -19469
26354 -19474
26354 -19474
26349 -19479
26349 -19479
26346 -19484
26346 -19484
26342 -19489
26342 -19489
26338 -19495
26338 -19495
26335 -19500
26335 -19500
26331 -19505
26331 -19505
26327 -19510
26327 -19510
26324 -19515
26324 -19515
26320 -19520
26320 -19520
26316 -19525
26316 -19525
26312 -19530
26312 -19530
26309 -19535
26309 -19535
26305 -19540
26305 -19540
26301 -19545
26301 -19545
26297 -19550
26297 -19550
26293 -19555
26293 -19555
26290 -19560
26290 -19560
26287 -19565
26287 -19565
26283 -19570
26283 -19570
26279 -19575
26279 -19575
26275 -19581
26275 -19581
26272 -19586
26272 -19586
26268 -19591
26268 -19591
26264 -19596
26264 -19596
26260 -19601
26260 -19601
26256 -19606
26256 -19606
26253 -19611
26253 -19611
26249 -19616
26249 -19616
26245 -19621
26245 -19621
26241 -19626
26241 -19626
26237 -19631
26237 -19631
26233 -19636
26233 -19636
26230 -19641
26230 -19641
26226 -19646
26226 -19646
26222 -19651
26222 -19651
26218 -19656
26218 -19656
26214 -19661
26214 -19661
26211 -19666
26211 -19666
26207 -19671
26207 -19671
26203 -19676
26203 -19676
26200 -19681
26200 -19681
26196 -19686
26196 -19686
26193 -19691
26193 -19691
26189 -19696
26189 -19696
26185 -19701
26185 -19701
26181 -19706
26181 -19706
26177 -19711
26177 -19711
26174 -19716
26174 -19716
26170 -19721
26170 -19721
26166 -19726
26166 -19726
26162 -19731
26162 -19731
26158 -19736
26158 -19736
26155 -19741
26155 -19741
26151 -19746
26151 -19746
26147 -19751
26147 -19751
26143 -19756
26143 -19756
26139 -19761
26139 -19761
26136 -19766
26136 -19766
26132 -19771
26132 -19771
26128 -19776
26128 -19776
26124 -19781
26124 -19781
26120 -19786
26120 -19786
26117 -19791
26117 -19791
26113 -19796
26113 -19796
26109 -19801
26109 -19801
26105 -19806
26105 -19806
26101 -19811
26101 -19811
26098 -19816
26098 -19816
26094 -19821
26094 -19821
26090 -19826
26090 -19826
26086 -19831
26086 -19831
26082 -19836
26082 -19836
26079 -19842
26079 -19842
26075 -19846
26075 -19846
26071 -19851
26071 -19851
26067 -19856
26067 -19856
26063 -19861
26063 -19861
26059 -19866
26059 -19866
26056 -19871
26056 -19871
26052 -19876
26052 -19876
26048 -19881
26048 -19881
26044 -19886
26044 -19886
26040 -19891
26040 -19891
26037 -19896
26037 -19896
26033 -19901
26033 -19901
26029 -19906
26029 -19906
26025 -19911
26025 -19911
26021 -19916
26021 -19916
26018 -19921
26018 -19921
26014 -19926
26014 -19926
26010 -19931
26010 -19931
26006 -19936
26006 -19936
26002 -19941
26002 -19941
25999 -19946
25999 -19946
25995 -19951
25995 -19951
25991 -19956
25991 -19956
25987 -19961
25987 -19961
25983 -19966
25983 -19966
25980 -19971
25980 -19971
25976 -19976
25976 -19976
25972 -19981
25972 -19981
25968 -19986
25968 -19986
25964 -19991
25964 -19991
25961 -19996
25961 -19996
25957 -20001
25957 -20001
25952 -20006
25952 -20006
25948 -20011
25948 -20011
25944 -20016
25944 -20016
25941 -20021
25941 -20021
25937 -20026
25937 -20026
25933 -20031
25933 -20031
25929 -20036
25929 -20036
25925 -20041
25925 -20041
25922 -20046
25922 -20046
25918 -20051
25918 -20051
25914 -20056
25914 -20056
25910 -20061
25910 -20061
25906 -20066
25906 -20066
25902 -20071
25902 -20071
25899 -20076
25899 -20076
25895 -20081
25895 -20081
25891 -20086
25891 -20086
25887 -20091
25887 -20091
25883 -20096
25883 -20096
25880 -20101
25880 -20101
25876 -20105
25876 -20105
25872 -20110
25872 -20110
25868 -20115
25868 -20115
25863 -20120
25863 -20120
25860 -20125
25860 -20125
25856 -20130
25856 -20130
25852 -20135
25852 -20135
25848 -20140
25848 -20140
25844 -20145
25844 -20145
25841 -20150
25841 -20150
25837 -20155
25837 -20155
25833 -20160
25833 -20160
25829 -20165
25829 -20165
25825 -20170
25825 -20170
25821 -20175
25821 -20175
25817 -20180
25817 -20180
25813 -20185
25813 -20185
25809 -20189
25809 -20189
25805 -20194
25805 -20194
25802 -20199
25802 -20199
25799 -20204
25799 -20204
25795 -20209
25795 -20209
25791 -20215
25791 -20215
25787 -20220
25787 -20220
25783 -20225
25783 -20225
25779 -20230
25779 -20230
25775 -20235
25775 -20235
25771 -20240
25771 -20240
25767 -20244
25767 -20244
25763 -20249
25763 -20249
25759 -20254
25759 -20254
25755 -20259
25755 -20259
25751 -20264
25751 -20264
25748 -20269
25748 -20269
25744 -20274
25744 -20274
25740 -20279
25740 -20279
25736 -20284
25736 -20284
25732 -20289
25732 -20289
25728 -20293
25728 -20293
25724 -20298
25724 -20298
25720 -20303
25720 -20303
25716 -20308
25716 -20308
25712 -20313
25712 -20313
25709 -20318
25709 -20318
25705 -20323
25705 -20323
25701 -20328
25701 -20328
25697 -20333
25697 -20333
25694 -20338
25694 -20338
25690 -20343
25690 -20343
25686 -20347
25686 -20347
25682 -20352
25682 -20352
25678 -20357
25678 -20357
25674 -20362
25674 -20362
25670 -20367
25670 -20367
25666 -20372
25666 -20372
25662 -20377
25662 -20377
25658 -20382
25658 -20382
25654 -20387
25654 -20387
25650 -20393
25650 -20393
25646 -20398
25646 -20398
25642 -20402
25642 -20402
25639 -20407
25639 -20407
25635 -20412
25635 -20412
25631 -20417
25631 -20417
25627 -20422
25627 -20422
25623 -20427
25623 -20427
25619 -20432
25619 -20432
25615 -20437
25615 -20437
25611 -20442
25611 -20442
25607 -20447
25607 -20447
25603 -20451
25603 -20451
25599 -20456
25599 -20456
25595 -20461
25595 -20461
25591 -20466
25591 -20466
25587 -20471
25587 -20471
25584 -20476
25584 -20476
25580 -20481
25580 -20481
25576 -20486
25576 -20486
25572 -20491
25572 -20491
25568 -20496
25568 -20496
25564 -20501
25564 -20501
25560 -20505
25560 -20505
25556 -20510
25556 -20510
25552 -20515
25552 -20515
25548 -20520
25548 -20520
25544 -20525
25544 -20525
25540 -20530
25540 -20530
25536 -20535
25536 -20535
25532 -20540
25532 -20540
25528 -20545
25528 -20545
25525 -20550
25525 -20550
25521 -20555
25521 -20555
25517 -20559
25517 -20559
25513 -20563
25513 -20563
25509 -20568
25509 -20568
25505 -20573
25505 -20573
25501 -20578
25501 -20578
25497 -20583
25497 -20583
25493 -20588
25493 -20588
25489 -20593
25489 -20593
25485 -20598
25485 -20598
25481 -20603
25481 -20603
25477 -20607
25477 -20607
25473 -20612
25473 -20612
25470 -20617
25470 -20617
25466 -20622
25466 -20622
25462 -20627
25462 -20627
25458 -20632
25458 -20632
25453 -20637
25453 -20637
25449 -20642
25449 -20642
25445 -20647
25445 -20647
25441 -20652
25441 -20652
25437 -20657
25437 -20657
25433 -20661
25433 -20661
25429 -20666
25429 -20666
25425 -20671
25425 -20671
25421 -20676
25421 -20676
25417 -20681
25417 -20681
25414 -20686
25414 -20686
25410 -20691
25410 -20691
25406 -20696
25406 -20696
25402 -20701
25402 -20701
25398 -20706
25398 -20706
25394 -20711
25394 -20711
25390 -20715
25390 -20715
25386 -20720
25386 -20720
25382 -20725
25382 -20725
25378 -20730
25378 -20730
25374 -20735
25374 -20735
25370 -20739
25370 -20739
25366 -20744
25366 -20744
25361 -20749
25361 -20749
25358 -20754
25358 -20754
25354 -20759
25354 -20759
25350 -20763
25350 -20763
25346 -20768
25346 -20768
25342 -20773
25342 -20773
25338 -20778
25338 -20778
25334 -20783
25334 -20783
25330 -20788
25330 -20788
25326 -20793
25326 -20793
25322 -20798
25322 -20798
25318 -20802
25318 -20802
25314 -20807
25314 -20807
25310 -20812
25310 -20812
25306 -20817
25306 -20817
25302 -20822
25302 -20822
25298 -20826
25298 -20826
25294 -20831
25294 -20831
25291 -20836
25291 -20836
25286 -20841
25286 -20841
25282 -20847
25282 -20847
25278 -20851
25278 -20851
25274 -20856
25274 -20856
25270 -20861
25270 -20861
25266 -20866
25266 -20866
25262 -20871
25262 -20871
25258 -20875
25258 -20875
25254 -20880
25254 -20880
25250 -20885
25250 -20885
25246 -20890
25246 -20890
25242 -20895
25242 -20895
25238 -20900
25238 -20900
25234 -20904
25234 -20904
25230 -20909
25230 -20909
25226 -20914
25226 -20914
25222 -20919
25222 -20919
25218 -20924
25218 -20924
25214 -20928
25214 -20928
25210 -20933
25210 -20933
25206 -20938
25206 -20938
25202 -20943
25202 -20943
25197 -20948
25197 -20948
25193 -20952
25193 -20952
25189 -20957
25189 -20957
25186 -20962
25186 -20962
25182 -20967
25182 -20967
25178 -20972
25178 -20972
25174 -20976
25174 -20976
25170 -20981
25170 -20981
25166 -20986
25166 -20986
25162 -20991
25162 -20991
25158 -20996
25158 -20996
25154 -21000
25154 -21000
25150 -21005
25150 -21005
25146 -21010
25146 -21010
25142 -21015
25142 -21015
25138 -21020
25138 -21020
25134 -21024
25134 -21024
25130 -21029
25130 -21029
25126 -21034
25126 -21034
25122 -21039
25122 -21039
25118 -21044
25118 -21044
25113 -21048
25113 -21048
25109 -21053
25109 -21053
25105 -21058
25105 -21058
25101 -21063
25101 -21063
25097 -21068
25097 -21068
25093 -21072
25093 -21072
25089 -21077
25089 -21077
25085 -21082
25085 -21082
25081 -21087
25081 -21087
25077 -21092
25077 -21092
25073 -21098
25073 -21098
25069 -21101
25069 -21101
25065 -21106
25065 -21106
25061 -21111
25061 -21111
25057 -21116
25057 -21116
25053 -21121
25053 -21121
25049 -21125
25049 -21125
25045 -21130
25045 -21130
25041 -21135
25041 -21135
25037 -21140
25037 -21140
25033 -21145
25033 -21145
25028 -21149
25028 -21149
25024 -21154
25024 -21154
25020 -21159
25020 -21159
25016 -21164
25016 -21164
25012 -21169
25012 -21169
25008 -21173
25008 -21173
25004 -21178
25004 -21178
25000 -21183
25000 -21183
24996 -21188
24996 -21188
24992 -21193
24992 -21193
24988 -21197
24988 -21197
24984 -21202
24984 -21202
24980 -21207
24980 -21207
24976 -21212
24976 -21212
24972 -21217
24972 -21217
24968 -21221
24968 -21221
24964 -21226
24964 -21226
24960 -21231
24960 -21231
24955 -21236
24955 -21236
24951 -21241
24951 -21241
24947 -21245
24947 -21245
24943 -21250
24943 -21250
24938 -21255
24938 -21255
24934 -21260
24934 -21260
24930 -21265
24930 -21265
24926 -21269
24926 -21269
24922 -21274
24922 -21274
24918 -21279
24918 -21279
24914 -21284
24914 -21284
24910 -21289
24910 -21289
24906 -21293
24906 -21293
24902 -21298
24902 -21298
24898 -21303
24898 -21303
24894 -21308
24894 -21308
24890 -21313
24890 -21313
24886 -21318
24886 -21318
24882 -21322
24882 -21322
24878 -21327
24878 -21327
24874 -21332
24874 -21332
24870 -21337
24870 -21337
24866 -21342
24866 -21342
24862 -21346
24862 -21346
24858 -21350
24858 -21350
24853 -21355
24853 -21355
24848 -21360
24848 -21360
24844 -21365
24844 -21365
24840 -21369
24840 -21369
24836 -21374
24836 -21374
24832 -21379
24832 -21379
24828 -21384
24828 -21384
24824 -21389
24824 -21389
24820 -21393
24820 -21393
24816 -21398
24816 -21398
24812 -21403
24812 -21403
24808 -21408
24808 -21408
24804 -21412
24804 -21412
24800 -21417
24800 -21417
24795 -21422
24795 -21422
24791 -21427
24791 -21427
24787 -21431
24787 -21431
24783 -21436
24783 -21436
24779 -21441
24779 -21441
24775 -21445
24775 -21445
24771 -21451
24771 -21451
24767 -21456
24767 -21456
24763 -21461
24763 -21461
24759 -21465
24759 -21465
24755 -21470
24755 -21470
24751 -21475
24751 -21475
24746 -21479
24746 -21479
24742 -21484
24742 -21484
24738 -21489
24738 -21489
24734 -21494
24734 -21494
24730 -21498
24730 -21498
24726 -21503
24726 -21503
24721 -21508
24721 -21508
24717 -21512
24717 -21512
24713 -21517
24713 -21517
24709 -21522
24709 -21522
24705 -21526
24705 -21526
24701 -21531
24701 -21531
24696 -21536
24696 -21536
24692 -21541
24692 -21541
24688 -21545
24688 -21545
24684 -21550
24684 -21550
24680 -21555
24680 -21555
24676 -21559
24676 -21559
24671 -21564
24671 -21564
24667 -21569
24667 -21569
24664 -21574
24664 -21574
24660 -21578
24660 -21578
24656 -21583
24656 -21583
24652 -21588
24652 -21588
24647 -21593
24647 -21593
24643 -21598
24643 -21598
24639 -21603
24639 -21603
24635 -21608
24635 -21608
24631 -21612
24631 -21612
24627 -21617
24627 -21617
24622 -21622
24622 -21622
24618 -21626
24618 -21626
24614 -21631
24614 -21631
24610 -21636
24610 -21636
24606 -21641
24606 -21641
24602 -21645
24602 -21645
24597 -21650
24597 -21650
24593 -21655
24593 -21655
24589 -21659
24589 -21659
24585 -21664
24585 -21664
24581 -21669
24581 -21669
24577 -21674
24577 -21674
24572 -21678
24572 -21678
24568 -21683
24568 -21683
24564 -21688
24564 -21688
24560 -21692
24560 -21692
24556 -21697
24556 -21697
24552 -21702
24552 -21702
24548 -21707
24548 -21707
24543 -21711
24543 -21711
24539 -21716
24539 -21716
24535 -21721
24535 -21721
24531 -21725
24531 -21725
24527 -21730
24527 -21730
24523 -21735
24523 -21735
24518 -21739
24518 -21739
24514 -21744
24514 -21744
24510 -21749
24510 -21749
24506 -21754
24506 -21754
24502 -21758
24502 -21758
24498 -21763
24498 -21763
24493 -21768
24493 -21768
24489 -21772
24489 -21772
24485 -21777
24485 -21777
24481 -21782
24481 -21782
24477 -21787
24477 -21787
24473 -21791
24473 -21791
24468 -21796
24468 -21796
24464 -21801
24464 -21801
24460 -21805
24460 -21805
24456 -21810
24456 -21810
24452 -21815
24452 -21815
24448 -21820
24448 -21820
24443 -21823
24443 -21823
24439 -21828
24439 -21828
24435 -21833
24435 -21833
24431 -21837
24431 -21837
24426 -21842
24426 -21842
24422 -21847
24422 -21847
24417 -21852
24417 -21852
24413 -21856
24413 -21856
24409 -21861
24409 -21861
24405 -21866
24405 -21866
24401 -21870
24401 -21870
24397 -21875
24397 -21875
24392 -21880
24392 -21880
24388 -21885
24388 -21885
24384 -21889
24384 -21889
24380 -21894
24380 -21894
24376 -21899
24376 -21899
24372 -21903
24372 -21903
24367 -21908
24367 -21908
24363 -21913
24363 -21913
24359 -21917
24359 -21917
24355 -21922
24355 -21922
24351 -21927
24351 -21927
24347 -21932
24347 -21932
24342 -21936
24342 -21936
24338 -21941
24338 -21941
24334 -21946
24334 -21946
24330 -21950
24330 -21950
24326 -21955
24326 -21955
24322 -21960
24322 -21960
24316 -21964
24316 -21964
24312 -21968
24312 -21968
24308 -21973
24308 -21973
24304 -21978
24304 -21978
24300 -21982
24300 -21982
24296 -21987
24296 -21987
24291 -21992
24291 -21992
24287 -21997
24287 -21997
24283 -22001
24283 -22001
24279 -22006
24279 -22006
24275 -22011
24275 -22011
24270 -22015
24270 -22015
24266 -22020
24266 -22020
24262 -22024
24262 -22024
24258 -22029
24258 -22029
24253 -22034
24253 -22034
24249 -22038
24249 -22038
24245 -22043
24245 -22043
24241 -22047
24241 -22047
24237 -22053
24237 -22053
24233 -22058
24233 -22058
24229 -22062
24229 -22062
24224 -22067
24224 -22067
24220 -22071
24220 -22071
24216 -22076
24216 -22076
24212 -22081
24212 -22081
24207 -22085
24207 -22085
24203 -22090
24203 -22090
24199 -22094
24199 -22094
24195 -22099
24195 -22099
24190 -22104
24190 -22104
24186 -22108
24186 -22108
24182 -22113
24182 -22113
24177 -22117
24177 -22117
24173 -22122
24173 -22122
24169 -22127
24169 -22127
24165 -22131
24165 -22131
24160 -22136
24160 -22136
24156 -22140
24156 -22140
24152 -22145
24152 -22145
24148 -22150
24148 -22150
24143 -22154
24143 -22154
24139 -22159
24139 -22159
24135 -22163
24135 -22163
24130 -22168
24130 -22168
24126 -22173
24126 -22173
24122 -22177
24122 -22177
24118 -22182
24118 -22182
24113 -22186
24113 -22186
24110 -22192
24110 -22192
24106 -22197
24106 -22197
24102 -22201
24102 -22201
24097 -22206
24097 -22206
24093 -22210
24093 -22210
24089 -22215
24089 -22215
24084 -22220
24084 -22220
24080 -22224
24080 -22224
24076 -22229
24076 -22229
24072 -22233
24072 -22233
24067 -22238
24067 -22238
24063 -22243
24063 -22243
24059 -22247
24059 -22247
24055 -22252
24055 -22252
24050 -22256
24050 -22256
24046 -22261
24046 -22261
24042 -22266
24042 -22266
24037 -22270
24037 -22270
24033 -22275
24033 -22275
24029 -22279
24029 -22279
24025 -22284
24025 -22284
24020 -22289
24020 -22289
24016 -22293
24016 -22293
24012 -22298
24012 -22298
24008 -22303
24008 -22303
24003 -22307
24003 -22307
23999 -22312
23999 -22312
23995 -22316
23995 -22316
23990 -22321
23990 -22321
23986 -22326
23986 -22326
23982 -22330
23982 -22330
23978 -22335
23978 -22335
23973 -22339
23973 -22339
23969 -22344
23969 -22344
23965 -22349
23965 -22349
23960 -22353
23960 -22353
23956 -22358
23956 -22358
23952 -22362
23952 -22362
23948 -22367
23948 -22367
23943 -22372
23943 -22372
23939 -22376
23939 -22376
23935 -22381
23935 -22381
23931 -22385
23931 -22385
23926 -22390
23926 -22390
23922 -22395
23922 -22395
23918 -22399
23918 -22399
23913 -22404
23913 -22404
23909 -22408
23909 -22408
23905 -22413
23905 -22413
23900 -22417
23900 -22417
23895 -22421
23895 -22421
23891 -22426
23891 -22426
23887 -22430
23887 -22430
23883 -22435
23883 -22435
23878 -22440
23878 -22440
23874 -22444
23874 -22444
23870 -22449
23870 -22449
23865 -22453
23865 -22453
23861 -22458
23861 -22458
23857 -22463
23857 -22463
23853 -22467
23853 -22467
23848 -22472
23848 -22472
23844 -22476
23844 -22476
23840 -22481
23840 -22481
23836 -22486
23836 -22486
23831 -22490
23831 -22490
23827 -22495
23827 -22495
23823 -22499
23823 -22499
23818 -22504
23818 -22504
23814 -22509
23814 -22509
23810 -22513
23810 -22513
23806 -22518
23806 -22518
23801 -22522
23801 -22522
23797 -22527
23797 -22527
23793 -22532
23793 -22532
23789 -22536
23789 -22536
23784 -22541
23784 -22541
23780 -22545
23780 -22545
23776 -22550
23776 -22550
23770 -22554
23770 -22554
23766 -22558
23766 -22558
23762 -22563
23762 -22563
23758 -22567
23758 -22567
23753 -22572
23753 -22572
23749 -22577
23749 -22577
23745 -22581
23745 -22581
23741 -22586
23741 -22586
23736 -22590
23736 -22590
23732 -22595
23732 -22595
23728 -22599
23728 -22599
23723 -22604
23723 -22604
23719 -22608
23719 -22608
23714 -22613
23714 -22613
23710 -22617
23710 -22617
23706 -22622
23706 -22622
23701 -22626
23701 -22626
23697 -22631
23697 -22631
23692 -22635
23692 -22635
23689 -22640
23689 -22640
23685 -22645
23685 -22645
23680 -22650
23680 -22650
23676 -22654
23676 -22654
23672 -22659
23672 -22659
23667 -22663
23667 -22663
23663 -22668
23663 -22668
23658 -22672
23658 -22672
23654 -22677
23654 -22677
23650 -22681
23650 -22681
23645 -22686
23645 -22686
23641 -22690
23641 -22690
23636 -22695
23636 -22695
23632 -22699
23632 -22699
23628 -22704
23628 -22704
23623 -22708
23623 -22708
23619 -22713
23619 -22713
23614 -22717
23614 -22717
23610 -22722
23610 -22722
23606 -22726
23606 -22726
23601 -22731
23601 -22731
23597 -22735
23597 -22735
23593 -22740
23593 -22740
23588 -22744
23588 -22744
23584 -22749
23584 -22749
23579 -22753
23579 -22753
23576 -22758
23576 -22758
23572 -22762
23572 -22762
23567 -22767
23567 -22767
23563 -22771
23563 -22771
23558 -22776
23558 -22776
23554 -22780
23554 -22780
23550 -22785
23550 -22785
23545 -22789
23545 -22789
23541 -22794
23541 -22794
23536 -22798
23536 -22798
23532 -22803
23532 -22803
23528 -22808
23528 -22808
23523 -22813
23523 -22813
23519 -22817
23519 -22817
23514 -22822
23514 -22822
23510 -22826
23510 -22826
23506 -22831
23506 -22831
23501 -22835
23501 -22835
23497 -22840
23497 -22840
23493 -22844
23493 -22844
23488 -22849
23488 -22849
23484 -22853
23484 -22853
23479 -22858
23479 -22858
23475 -22862
23475 -22862
23471 -22867
23471 -22867
23466 -22871
23466 -22871
23462 -22876
23462 -22876
23457 -22880
23457 -22880
23453 -22885
23453 -22885
23449 -22889
23449 -22889
23444 -22893
23444 -22893
23440 -22898
23440 -22898
23435 -22902
23435 -22902
23431 -22907
23431 -22907
23427 -22911
23427 -22911
23422 -22916
23422 -22916
23418 -22920
23418 -22920
23413 -22925
23413 -22925
23409 -22929
23409 -22929
23405 -22934
23405 -22934
23400 -22938
23400 -22938
23396 -22943
23396 -22943
23392 -22947
23392 -22947
23387 -22952
23387 -22952
23383 -22956
23383 -22956
23378 -22961
23378 -22961
23374 -22964
23374 -22964
23370 -22969
23370 -22969
23365 -22973
23365 -22973
23361 -22978
23361 -22978
23356 -22982
23356 -22982
23352 -22987
23352 -22987
23348 -22991
23348 -22991
23343 -22996
23343 -22996
23339 -23000
23339 -23000
23334 -23005
23334 -23005
23330 -23009
23330 -23009
23325 -23014
23325 -23014
23320 -23018
23320 -23018
23316 -23023
23316 -23023
23312 -23027
23312 -23027
23307 -23032
23307 -23032
23303 -23036
23303 -23036
23298 -23041
23298 -23041
23294 -23045
23294 -23045
23290 -23050
23290 -23050
23285 -23054
23285 -23054
23281 -23059
23281 -23059
23276 -23063
23276 -23063
23272 -23068
23272 -23068
23268 -23072
23268 -23072
23263 -23077
23263 -23077
23259 -23081
23259 -23081
23254 -23086
23254 -23086
23250 -23090
23250 -23090
23246 -23095
23246 -23095
23241 -23099
23241 -23099
23237 -23104
23237 -23104
23232 -23108
23232 -23108
23228 -23113
23228 -23113
23224 -23117
23224 -23117
23219 -23122
23219 -23122
23215 -23125
23215 -23125
23210 -23130
23210 -23130
23205 -23134
23205 -23134
23201 -23139
23201 -23139
23196 -23143
23196 -23143
23192 -23148
23192 -23148
23188 -23152
23188 -23152
23183 -23157
23183 -23157
23179 -23161
23179 -23161
23174 -23166
23174 -23166
23170 -23170
23170 -23170
23166 -23174
23166 -23174
23161 -23179
23161 -23179
23157 -23183
23157 -23183
23152 -23188
23152 -23188
23148 -23192
23148 -23192
23143 -23196
23143 -23196
23139 -23201
23139 -23201
23134 -23205
23134 -23205
23130 -23210
23130 -23210
23125 -23215
23125 -23215
23122 -23219
23122 -23219
23117 -23224
23117 -23224
23113 -23228
23113 -23228
23108 -23232
23108 -23232
23104 -23237
23104 -23237
23099 -23241
23099 -23241
23095 -23246
23095 -23246
23090 -23250
23090 -23250
23086 -23254
23086 -23254
23081 -23259
23081 -23259
23077 -23263
23077 -23263
23072 -23268
23072 -23268
23068 -23272
23068 -23272
23063 -23276
23063 -23276
23059 -23281
23059 -23281
23054 -23285
23054 -23285
23050 -23290
23050 -23290
23045 -23294
23045 -23294
23041 -23298
23041 -23298
23036 -23303
23036 -23303
23032 -23307
23032 -23307
23027 -23312
23027 -23312
23023 -23316
23023 -23316
23018 -23320
23018 -23320
23014 -23325
23014 -23325
23009 -23330
23009 -23330
23005 -23334
23005 -23334
23000 -23339
23000 -23339
22996 -23343
22996 -23343
22991 -23348
22991 -23348
22987 -23352
22987 -23352
22982 -23356
22982 -23356
22978 -23361
22978 -23361
22973 -23365
22973 -23365
22969 -23370
22969 -23370
22964 -23374
22964 -23374
22961 -23378
22961 -23378
22956 -23383
22956 -23383
22952 -23387
22952 -23387
22947 -23392
22947 -23392
22943 -23396
22943 -23396
22938 -23400
22938 -23400
22934 -23405
22934 -23405
22929 -23409
22929 -23409
22925 -23413
22925 -23413
22920 -23418
22920 -23418
22916 -23422
22916 -23422
22911 -23427
22911 -23427
22907 -23431
22907 -23431
22902 -23435
22902 -23435
22898 -23440
22898 -23440
22893 -23444
22893 -23444
22889 -23449
22889 -23449
22885 -23453
22885 -23453
22880 -23457
22880 -23457
22876 -23462
22876 -23462
22871 -23466
22871 -23466
22867 -23471
22867 -23471
22862 -23475
22862 -23475
22858 -23479
22858 -23479
22853 -23484
22853 -23484
22849 -23488
22849 -23488
22844 -23493
22844 -23493
22840 -23497
22840 -23497
22835 -23501
22835 -23501
22831 -23506
22831 -23506
22826 -23510
22826 -23510
22822 -23514
22822 -23514
22817 -23519
22817 -23519
22813 -23523
22813 -23523
22808 -23528
22808 -23528
22803 -23532
22803 -23532
22798 -23536
22798 -23536
22794 -23541
22794 -23541
22789 -23545
22789 -23545
22785 -23550
22785 -23550
22780 -23554
22780 -23554
22776 -23558
22776 -23558
22771 -23563
22771 -23563
22767 -23567
22767 -23567
22762 -23572
22762 -23572
22758 -23576
22758 -23576
22753 -23579
22753 -23579
22749 -23584
22749 -23584
22744 -23588
22744 -23588
22740 -23593
22740 -23593
22735 -23597
22735 -23597
22731 -23601
22731 -23601
22726 -23606
22726 -23606
22722 -23610
22722 -23610
22717 -23614
22717 -23614
22713 -23619
22713 -23619
22708 -23623
22708 -23623
22704 -23628
22704 -23628
22699 -23632
22699 -23632
22695 -23636
22695 -23636
22690 -23641
22690 -23641
22686 -23645
22686 -23645
22681 -23650
22681 -23650
22677 -23654
22677 -23654
22672 -23658
22672 -23658
22668 -23663
22668 -23663
22663 -23667
22663 -23667
22659 -23672
22659 -23672
22654 -23676
22654 -23676
22650 -23680
22650 -23680
22645 -23685
22645 -23685
22640 -23689
22640 -23689
22635 -23692
22635 -23692
22631 -23697
22631 -23697
22626 -23701
22626 -23701
22622 -23706
22622 -23706
22617 -23710
22617 -23710
22613 -23714
22613 -23714
22608 -23719
22608 -23719
22604 -23723
22604 -23723
22599 -23728
22599 -23728
22595 -23732
22595 -23732
22590 -23736
22590 -23736
22586 -23741
22586 -23741
22581 -23745
22581 -23745
22577 -23749
22577 -23749
22572 -23753
22572 -23753
22567 -23758
22567 -23758
22563 -23762
22563 -23762
22558 -23766
22558 -23766
22554 -23770
22554 -23770
22550 -23776
22550 -23776
22545 -23780
22545 -23780
22541 -23784
22541 -23784
22536 -23789
22536 -23789
22532 -23793
22532 -23793
22527 -23797
22527 -23797
22522 -23801
22522 -23801
22518 -23806
22518 -23806
22513 -23810
22513 -23810
22509 -23814
22509 -23814
22504 -23818
22504 -23818
22499 -23823
22499 -23823
22495 -23827
22495 -23827
22490 -23831
22490 -23831
22486 -23836
22486 -23836
22481 -23840
22481 -23840
22476 -23844
22476 -23844
22472 -23848
22472 -23848
22467 -23853
22467 -23853
22463 -23857
22463 -23857
22458 -23861
22458 -23861
22453 -23865
22453 -23865
22449 -23870
22449 -23870
22444 -23874
22444 -23874
22440 -23878
22440 -23878
22435 -23883
22435 -23883
22430 -23887
22430 -23887
22426 -23891
22426 -23891
22421 -23895
22421 -23895
22417 -23900
22417 -23900
22413 -23905
22413 -23905
22408 -23909
22408 -23909
22404 -23913
22404 -23913
22399 -23918
22399 -23918
22395 -23922
22395 -23922
22390 -23926
22390 -23926
22385 -23931
22385 -23931
22381 -23935
22381 -23935
22376 -23939
22376 -23939
22372 -23943
22372 -23943
22367 -23948
22367 -23948
22362 -23952
22362 -23952
22358 -23956
22358 -23956
22353 -23960
22353 -23960
22349 -23965
22349 -23965
22344 -23969
22344 -23969
22339 -23973
22339 -23973
22335 -23978
22335 -23978
22330 -23982
22330 -23982
22326 -23986
22326 -23986
22321 -23990
22321 -23990
22316 -23995
22316 -23995
22312 -23999
22312 -23999
22307 -24003
22307 -24003
22303 -24008
22303 -24008
22298 -24012
22298 -24012
22293 -24016
22293 -24016
22289 -24020
22289 -24020
22284 -24025
22284 -24025
22279 -24029
22279 -24029
22275 -24033
22275 -24033
22270 -24037
22270 -24037
22266 -24042
22266 -24042
22261 -24046
22261 -24046
22256 -24050
22256 -24050
22252 -24055
22252 -24055
22247 -24059
22247 -24059
22243 -24063
22243 -24063
22238 -24067
22238 -24067
22233 -24072
22233 -24072
22229 -24076
22229 -24076
22224 -24080
22224 -24080
22220 -24084
22220 -24084
22215 -24089
22215 -24089
22210 -24093
22210 -24093
22206 -24097
22206 -24097
22201 -24102
22201 -24102
22197 -24106
22197 -24106
22192 -24110
22192 -24110
22186 -24113
22186 -24113
22182 -24118
22182 -24118
22177 -24122
22177 -24122
22173 -24126
22173 -24126
22168 -24130
22168 -24130
22163 -24135
22163 -24135
22159 -24139
22159 -24139
22154 -24143
22154 -24143
22150 -24148
22150 -24148
22145 -24152
22145 -24152
22140 -24156
22140 -24156
22136 -24160
22136 -24160
22131 -24165
22131 -24165
22127 -24169
22127 -24169
22122 -24173
22122 -24173
22117 -24177
22117 -24177
22113 -24182
22113 -24182
22108 -24186
22108 -24186
22104 -24190
22104 -24190
22099 -24195
22099 -24195
22094 -24199
22094 -24199
22090 -24203
22090 -24203
22085 -24207
22085 -24207
22081 -24212
22081 -24212
22076 -24216
22076 -24216
22071 -24220
22071 -24220
22067 -24224
22067 -24224
22062 -24229
22062 -24229
22058 -24233
22058 -24233
22053 -24237
22053 -24237
22047 -24241
22047 -24241
22043 -24245
22043 -24245
22038 -24249
22038 -24249
22034 -24253
22034 -24253
22029 -24258
22029 -24258
22024 -24262
22024 -24262
22020 -24266
22020 -24266
22015 -24270
22015 -24270
22011 -24275
22011 -24275
22006 -24279
22006 -24279
22001 -24283
22001 -24283
21997 -24287
21997 -24287
21992 -24291
21992 -24291
21987 -24296
21987 -24296
21982 -24300
21982 -24300
21978 -24304
21978 -24304
21973 -24308
21973 -24308
21968 -24312
21968 -24312
21964 -24316
21964 -24316
21960 -24322
21960 -24322
21955 -24326
21955 -24326
21950 -24330
21950 -24330
21946 -24334
21946 -24334
21941 -24338
21941 -24338
21936 -24342
21936 -24342
21932 -24347
21932 -24347
21927 -24351
21927 -24351
21922 -24355
21922 -24355
21917 -24359
21917 -24359
21913 -24363
21913 -24363
21908 -24367
21908 -24367
21903 -24372
21903 -24372
21899 -24376
21899 -24376
21894 -24380
21894 -24380
21889 -24384
21889 -24384
21885 -24388
21885 -24388
21880 -24392
21880 -24392
21875 -24397
21875 -24397
21870 -24401
21870 -24401
21866 -24405
21866 -24405
21861 -24409
21861 -24409
21856 -24413
21856 -24413
21852 -24417
21852 -24417
21847 -24422
21847 -24422
21842 -24426
21842 -24426
21837 -24431
21837 -24431
21833 -24435
21833 -24435
21828 -24439
21828 -24439
21823 -24443
21823 -24443
21820 -24448
21820 -24448
21815 -24452
21815 -24452
21810 -24456
21810 -24456
21805 -24460
21805 -24460
21801 -24464
21801 -24464
21796 -24468
21796 -24468
21791 -24473
21791 -24473
21787 -24477
21787 -24477
21782 -24481
21782 -24481
21777 -24485
21777 -24485
21772 -24489
21772 -24489
21768 -24493
21768 -24493
21763 -24498
21763 -24498
21758 -24502
21758 -24502
21754 -24506
21754 -24506
21749 -24510
21749 -24510
21744 -24514
21744 -24514
21739 -24518
21739 -24518
21735 -24523
21735 -24523
21730 -24527
21730 -24527
21725 -24531
21725 -24531
21721 -24535
21721 -24535
21716 -24539
21716 -24539
21711 -24543
21711 -24543
21707 -24548
21707 -24548
21702 -24552
21702 -24552
21697 -24556
21697 -24556
21692 -24560
21692 -24560
21688 -24564
21688 -24564
21683 -24568
21683 -24568
21678 -24572
21678 -24572
21674 -24577
21674 -24577
21669 -24581
21669 -24581
21664 -24585
21664 -24585
21659 -24589
21659 -24589
21655 -24593
21655 -24593
21650 -24597
21650 -24597
21645 -24602
21645 -24602
21641 -24606
21641 -24606
21636 -24610
21636 -24610
21631 -24614
21631 -24614
21626 -24618
21626 -24618
21622 -24622
21622 -24622
21617 -24627
21617 -24627
21612 -24631
21612 -24631
21608 -24635
21608 -24635
21603 -24639
21603 -24639
21598 -24643
21598 -24643
21593 -24647
21593 -24647
21588 -24652
21588 -24652
21583 -24656
21583 -24656
21578 -24660
21578 -24660
21574 -24664
21574 -24664
21569 -24667
21569 -24667
21564 -24671
21564 -24671
21559 -24676
21559 -24676
21555 -24680
21555 -24680
21550 -24684
21550 -24684
21545 -24688
21545 -24688
21541 -24692
21541 -24692
21536 -24696
21536 -24696
21531 -24701
21531 -24701
21526 -24705
21526 -24705
21522 -24709
21522 -24709
21517 -24713
21517 -24713
21512 -24717
21512 -24717
21508 -24721
21508 -24721
21503 -24726
21503 -24726
21498 -24730
21498 -24730
21494 -24734
21494 -24734
21489 -24738
21489 -24738
21484 -24742
21484 -24742
21479 -24746
21479 -24746
21475 -24751
21475 -24751
21470 -24755
21470 -24755
21465 -24759
21465 -24759
21461 -24763
21461 -24763
21456 -24767
21456 -24767
21451 -24771
21451 -24771
21445 -24775
21445 -24775
21441 -24779
21441 -24779
21436 -24783
21436 -24783
21431 -24787
21431 -24787
21427 -24791
21427 -24791
21422 -24795
21422 -24795
21417 -24800
21417 -24800
21412 -24804
21412 -24804
21408 -24808
21408 -24808
21403 -24812
21403 -24812
21398 -24816
21398 -24816
21393 -24820
21393 -24820
21389 -24824
21389 -24824
21384 -24828
21384 -24828
21379 -24832
21379 -24832
21374 -24836
21374 -24836
21369 -24840
21369 -24840
21365 -24844
21365 -24844
21360 -24848
21360 -24848
21355 -24853
21355 -24853
21350 -24858
21350 -24858
21346 -24862
21346 -24862
21342 -24866
21342 -24866
21337 -24870
21337 -24870
21332 -24874
21332 -24874
21327 -24878
21327 -24878
21322 -24882
21322 -24882
21318 -24886
21318 -24886
21313 -24890
21313 -24890
21308 -24894
21308 -24894
21303 -24898
21303 -24898
21298 -24902
21298 -24902
21293 -24906
21293 -24906
21289 -24910
21289 -24910
21284 -24914
21284 -24914
21279 -24918
21279 -24918
21274 -24922
21274 -24922
21269 -24926
21269 -24926
21265 -24930
21265 -24930
21260 -24934
21260 -24934
21255 -24938
21255 -24938
21250 -24943
21250 -24943
21245 -24947
21245 -24947
21241 -24951
21241 -24951
21236 -24955
21236 -24955
21231 -24960
21231 -24960
21226 -24964
21226 -24964
21221 -24968
21221 -24968
21217 -24972
21217 -24972
21212 -24976
21212 -24976
21207 -24980
21207 -24980
21202 -24984
21202 -24984
21197 -24988
21197 -24988
21193 -24992
21193 -24992
21188 -24996
21188 -24996
21183 -25000
21183 -25000
21178 -25004
21178 -25004
21173 -25008
21173 -25008
21169 -25012
21169 -25012
21164 -25016
21164 -25016
21159 -25020
21159 -25020
21154 -25024
21154 -25024
21149 -25028
21149 -25028
21145 -25033
21145 -25033
21140 -25037
21140 -25037
21135 -25041
21135 -25041
21130 -25045
21130 -25045
21125 -25049
21125 -25049
21121 -25053
21121 -25053
21116 -25057
21116 -25057
21111 -25061
21111 -25061
21106 -25065
21106 -25065
21101 -25069
21101 -25069
21098 -25073
21098 -25073
21092 -25077
21092 -25077
21087 -25081
21087 -25081
21082 -25085
21082 -25085
21077 -25089
21077 -25089
21072 -25093
21072 -25093
21068 -25097
21068 -25097
21063 -25101
21063 -25101
21058 -25105
21058 -25105
21053 -25109
21053 -25109
21048 -25113
21048 -25113
21044 -25118
21044 -25118
21039 -25122
21039 -25122
21034 -25126
21034 -25126
21029 -25130
21029 -25130
21024 -25134
21024 -25134
21020 -25138
21020 -25138
21015 -25142
21015 -25142
21010 -25146
21010 -25146
21005 -25150
21005 -25150
21000 -25154
21000 -25154
20996 -25158
20996 -25158
20991 -25162
20991 -25162
20986 -25166
20986 -25166
20981 -25170
20981 -25170
20976 -25174
20976 -25174
20972 -25178
20972 -25178
20967 -25182
20967 -25182
20962 -25186
20962 -25186
20957 -25189
20957 -25189
20952 -25193
20952 -25193
20948 -25197
20948 -25197
20943 -25202
20943 -25202
20938 -25206
20938 -25206
20933 -25210
20933 -25210
20928 -25214
20928 -25214
20924 -25218
20924 -25218
20919 -25222
20919 -25222
20914 -25226
20914 -25226
20909 -25230
20909 -25230
20904 -25234
20904 -25234
20900 -25238
20900 -25238
20895 -25242
20895 -25242
20890 -25246
20890 -25246
20885 -25250
20885 -25250
20880 -25254
20880 -25254
20875 -25258
20875 -25258
20871 -25262
20871 -25262
20866 -25266
20866 -25266
20861 -25270
20861 -25270
20856 -25274
20856 -25274
20851 -25278
20851 -25278
20847 -25282
20847 -25282
20841 -25286
20841 -25286
20836 -25291
20836 -25291
20831 -25294
20831 -25294
20826 -25298
20826 -25298
20822 -25302
20822 -25302
20817 -25306
20817 -25306
20812 -25310
20812 -25310
20807 -25314
20807 -25314
20802 -25318
20802 -25318
20798 -25322
20798 -25322
20793 -25326
20793 -25326
20788 -25330
20788 -25330
20783 -25334
20783 -25334
20778 -25338
20778 -25338
20773 -25342
20773 -25342
20768 -25346
20768 -25346
20763 -25350
20763 -25350
20759 -25354
20759 -25354
20754 -25358
20754 -25358
20749 -25361
20749 -25361
20744 -25366
20744 -25366
20739 -25370
20739 -25370
20735 -25374
20735 -25374
20730 -25378
20730 -25378
20725 -25382
20725 -25382
20720 -25386
20720 -25386
20715 -25390
20715 -25390
20711 -25394
20711 -25394
20706 -25398
20706 -25398
20701 -25402
20701 -25402
20696 -25406
20696 -25406
20691 -25410
20691 -25410
20686 -25414
20686 -25414
20681 -25417
20681 -25417
20676 -25421
20676 -25421
20671 -25425
20671 -25425
20666 -25429
20666 -25429
20661 -25433
20661 -25433
20657 -25437
20657 -25437
20652 -25441
20652 -25441
20647 -25445
20647 -25445
20642 -25449
20642 -25449
20637 -25453
20637 -25453
20632 -25458
20632 -25458
20627 -25462
20627 -25462
20622 -25466
20622 -25466
20617 -25470
20617 -25470
20612 -25473
20612 -25473
20607 -25477
20607 -25477
20603 -25481
20603 -25481
20598 -25485
20598 -25485
20593 -25489
20593 -25489
20588 -25493
20588 -25493
20583 -25497
20583 -25497
20578 -25501
20578 -25501
20573 -25505
20573 -25505
20568 -25509
20568 -25509
20563 -25513
20563 -25513
20559 -25517
20559 -25517
20555 -25521
20555 -25521
20550 -25525
20550 -25525
20545 -25528
20545 -25528
20540 -25532
20540 -25532
20535 -25536
20535 -25536
20530 -25540
20530 -25540
20525 -25544
20525 -25544
20520 -25548
20520 -25548
20515 -25552
20515 -25552
20510 -25556
20510 -25556
20505 -25560
20505 -25560
20501 -25564
20501 -25564
20496 -25568
20496 -25568
20491 -25572
20491 -25572
20486 -25576
20486 -25576
20481 -25580
20481 -25580
20476 -25584
20476 -25584
20471 -25587
20471 -25587
20466 -25591
20466 -25591
20461 -25595
20461 -25595
20456 -25599
20456 -25599
20451 -25603
20451 -25603
20447 -25607
20447 -25607
20442 -25611
20442 -25611
20437 -25615
20437 -25615
20432 -25619
20432 -25619
20427 -25623
20427 -25623
20422 -25627
20422 -25627
20417 -25631
20417 -25631
20412 -25635
20412 -25635
20407 -25639
20407 -25639
20402 -25642
20402 -25642
20398 -25646
20398 -25646
20393 -25650
20393 -25650
20387 -25654
20387 -25654
20382 -25658
20382 -25658
20377 -25662
20377 -25662
20372 -25666
20372 -25666
20367 -25670
20367 -25670
20362 -25674
20362 -25674
20357 -25678
20357 -25678
20352 -25682
20352 -25682
20347 -25686
20347 -25686
20343 -25690
20343 -25690
20338 -25694
20338 -25694
20333 -25697
20333 -25697
20328 -25701
20328 -25701
20323 -25705
20323 -25705
20318 -25709
20318 -25709
20313 -25712
20313 -25712
20308 -25716
20308 -25716
20303 -25720
20303 -25720
20298 -25724
20298 -25724
20293 -25728
20293 -25728
20289 -25732
20289 -25732
20284 -25736
20284 -25736
20279 -25740
20279 -25740
20274 -25744
20274 -25744
20269 -25748
20269 -25748
20264 -25751
20264 -25751
20259 -25755
20259 -25755
20254 -25759
20254 -25759
20249 -25763
20249 -25763
20244 -25767
20244 -25767
20240 -25771
20240 -25771
20235 -25775
20235 -25775
20230 -25779
20230 -25779
20225 -25783
20225 -25783
20220 -25787
20220 -25787
20215 -25791
20215 -25791
20209 -25795
20209 -25795
20204 -25799
20204 -25799
20199 -25802
20199 -25802
20194 -25805
20194 -25805
20189 -25809
20189 -25809
20185 -25813
20185 -25813
20180 -25817
20180 -25817
20175 -25821
20175 -25821
20170 -25825
20170 -25825
20165 -25829
20165 -25829
20160 -25833
20160 -25833
20155 -25837
20155 -25837
20150 -25841
20150 -25841
20145 -25844
20145 -25844
20140 -25848
20140 -25848
20135 -25852
20135 -25852
20130 -25856
20130 -25856
20125 -25860
20125 -25860
20120 -25863
20120 -25863
20115 -25868
20115 -25868
20110 -25872
20110 -25872
20105 -25876
20105 -25876
20101 -25880
20101 -25880
20096 -25883
20096 -25883
20091 -25887
20091 -25887
20086 -25891
20086 -25891
20081 -25895
20081 -25895
20076 -25899
20076 -25899
20071 -25902
20071 -25902
20066 -25906
20066 -25906
20061 -25910
20061 -25910
20056 -25914
20056 -25914
20051 -25918
20051 -25918
20046 -25922
20046 -25922
20041 -25925
20041 -25925
20036 -25929
20036 -25929
20031 -25933
20031 -25933
20026 -25937
20026 -25937
20021 -25941
20021 -25941
20016 -25944
20016 -25944
20011 -25948
20011 -25948
20006 -25952
20006 -25952
20001 -25957
20001 -25957
19996 -25961
19996 -25961
19991 -25964
19991 -25964
19986 -25968
19986 -25968
19981 -25972
19981 -25972
19976 -25976
19976 -25976
19971 -25980
19971 -25980
19966 -25983
19966 -25983
19961 -25987
19961 -25987
19956 -25991
19956 -25991
19951 -25995
19951 -25995
19946 -25999
19946 -25999
19941 -26002
19941 -26002
19936 -26006
19936 -26006
19931 -26010
19931 -26010
19926 -26014
19926 -26014
19921 -26018
19921 -26018
19916 -26021
19916 -26021
19911 -26025
19911 -26025
19906 -26029
19906 -26029
19901 -26033
19901 -26033
19896 -26037
19896 -26037
19891 -26040
19891 -26040
19886 -26044
19886 -26044
19881 -26048
19881 -26048
19876 -26052
19876 -26052
19871 -26056
19871 -26056
19866 -26059
19866 -26059
19861 -26063
19861 -26063
19856 -26067
19856 -26067
19851 -26071
19851 -26071
19846 -26075
19846 -26075
19842 -26079
19842 -26079
19836 -26082
19836 -26082
19831 -26086
19831 -26086
19826 -26090
19826 -26090
19821 -26094
19821 -26094
19816 -26098
19816 -26098
19811 -26101
19811 -26101
19806 -26105
19806 -26105
19801 -26109
19801 -26109
19796 -26113
19796 -26113
19791 -26117
19791 -26117
19786 -26120
19786 -26120
19781 -26124
19781 -26124
19776 -26128
19776 -26128
19771 -26132
19771 -26132
19766 -26136
19766 -26136
19761 -26139
19761 -26139
19756 -26143
19756 -26143
19751 -26147
19751 -26147
19746 -26151
19746 -26151
19741 -26155
19741 -26155
19736 -26158
19736 -26158
19731 -26162
19731 -26162
19726 -26166
19726 -26166
19721 -26170
19721 -26170
19716 -26174
19716 -26174
19711 -26177
19711 -26177
19706 -26181
19706 -26181
19701 -26185
19701 -26185
19696 -26189
19696 -26189
19691 -26193
19691 -26193
19686 -26196
19686 -26196
19681 -26200
19681 -26200
19676 -26203
19676 -26203
19671 -26207
19671 -26207
19666 -26211
19666 -26211
19661 -26214
19661 -26214
19656 -26218
19656 -26218
19651 -26222
19651 -26222
19646 -26226
19646 -26226
19641 -26230
19641 -26230
19636 -26233
19636 -26233
19631 -26237
19631 -26237
19626 -26241
19626 -26241
19621 -26245
19621 -26245
19616 -26249
19616 -26249
19611 -26253
19611 -26253
19606 -26256
19606 -26256
19601 -26260
19601 -26260
19596 -26264
19596 -26264
19591 -26268
19591 -26268
19586 -26272
19586 -26272
19581 -26275
19581 -26275
19575 -26279
19575 -26279
19570 -26283
19570 -26283
19565 -26287
19565 -26287
19560 -26290
19560 -26290
19555 -26293
19555 -26293
19550 -26297
19550 -26297
19545 -26301
19545 -26301
19540 -26305
19540 -26305
19535 -26309
19535 -26309
19530 -26312
19530 -26312
19525 -26316
19525 -26316
19520 -26320
19520 -26320
19515 -26324
19515 -26324
19510 -26327
19510 -26327
19505 -26331
19505 -26331
19500 -26335
19500 -26335
19495 -26338
19495 -26338
19489 -26342
19489 -26342
19484 -26346
19484 -26346
19479 -26349
19479 -26349
19474 -26354
19474 -26354
19469 -26358
19469 -26358
19464 -26361
19464 -26361
19460 -26365
19460 -26365
19455 -26369
19455 -26369
19450 -26373
19450 -26373
19445 -26376
19445 -26376
19440 -26380
19440 -26380
19434 -26384
19434 -26384
19429 -26387
19429 -26387
19424 -26391
19424 -26391
19419 -26395
19419 -26395
19414 -26398
19414 -26398
19409 -26402
19409 -26402
19404 -26406
19404 -26406
19399 -26409
19399 -26409
19394 -26413
19394 -26413
19389 -26417
19389 -26417
19383 -26420
19383 -26420
19378 -26424
19378 -26424
19373 -26428
19373 -26428
19368 -26431
19368 -26431
19363 -26435
19363 -26435
19358 -26440
19358 -26440
19353 -26443
19353 -26443
19348 -26447
19348 -26447
19343 -26451
19343 -26451
19338 -26454
19338 -26454
19333 -26458
19333 -26458
19327 -26462
19327 -26462
19322 -26466
19322 -26466
19317 -26469
19317 -26469
19312 -26473
19312 -26473
19307 -26477
19307 -26477
19302 -26480
19302 -26480
19297 -26484
19297 -26484
19292 -26488
19292 -26488
19287 -26491
19287 -26491
19282 -26495
19282 -26495
19277 -26499
19277 -26499
19271 -26502
19271 -26502
19266 -26506
19266 -26506
19261 -26510
19261 -26510
19256 -26513
19256 -26513
19251 -26517
19251 -26517
19246 -26521
19246 -26521
19241 -26524
19241 -26524
19236 -26528
19236 -26528
19231 -26532
19231 -26532
19226 -26535
19226 -26535
19220 -26539
19220 -26539
19215 -26543
19215 -26543
19210 -26546
19210 -26546
19205 -26550
19205 -26550
19200 -26554
19200 -26554
19196 -26558
19196 -26558
19190 -26561
19190 -26561
19185 -26565
19185 -26565
19180 -26569
19180 -26569
19175 -26572
19175 -26572
19170 -26576
19170 -26576
19164 -26580
19164 -26580
19159 -26583
19159 -26583
19154 -26587
19154 -26587
19149 -26591
19149 -26591
19144 -26594
19144 -26594
19139 -26598
19139 -26598
19134 -26602
19134 -26602
19129 -26605
19129 -26605
19124 -26609
19124 -26609
19119 -26613
19119 -26613
19114 -26616
19114 -26616
19108 -26620
19108 -26620
19103 -26624
19103 -26624
19098 -26627
19098 -26627
19093 -26631
19093 -26631
19088 -26635
19088 -26635
19083 -26638
19083 -26638
19078 -26642
19078 -26642
19073 -26646
19073 -26646
19068 -26649
19068 -26649
19063 -26653
19063 -26653
19057 -26657
19057 -26657
19052 -26661
19052 -26661
19047 -26664
19047 -26664
19042 -26668
19042 -26668
19037 -26672
19037 -26672
19032 -26675
19032 -26675
19027 -26678
19027 -26678
19022 -26682
19022 -26682
19017 -26685
19017 -26685
19012 -26689
19012 -26689
19007 -26693
19007 -26693
19001 -26696
19001 -26696
18996 -26700
18996 -26700
18991 -26704
18991 -26704
18986 -26707
18986 -26707
18981 -26711
18981 -26711
18976 -26715
18976 -26715
18971 -26718
18971 -26718
18966 -26722
18966 -26722
18961 -26726
18961 -26726
18956 -26729
18956 -26729
18951 -26733
18951 -26733
18945 -26737
18945 -26737
18940 -26740
18940 -26740
18935 -26744
18935 -26744
18930 -26748
18930 -26748
18924 -26752
18924 -26752
18919 -26755
18919 -26755
18914 -26759
18914 -26759
18909 -26762
18909 -26762
18904 -26765
18904 -26765
18899 -26769
18899 -26769
18893 -26773
18893 -26773
18888 -26776
18888 -26776
18883 -26780
18883 -26780
18878 -26784
18878 -26784
18873 -26787
18873 -26787
18868 -26791
18868 -26791
18863 -26795
18863 -26795
18858 -26798
18858 -26798
18852 -26802
18852 -26802
18847 -26805
18847 -26805
18842 -26809
18842 -26809
18837 -26812
18837 -26812
18832 -26816
18832 -26816
18827 -26819
18827 -26819
18821 -26824
18821 -26824
18816 -26828
18816 -26828
18811 -26831
18811 -26831
18806 -26835
18806 -26835
18802 -26838
18802 -26838
18796 -26842
18796 -26842
18791 -26845
18791 -26845
18786 -26849
18786 -26849
18781 -26852
18781 -26852
18776 -26856
18776 -26856
18771 -26860
18771 -26860
18765 -26863
18765 -26863
18760 -26867
18760 -26867
18755 -26870
18755 -26870
18750 -26874
18750 -26874
18745 -26877
18745 -26877
18740 -26881
18740 -26881
18734 -26884
18734 -26884
18729 -26888
18729 -26888
18724 -26892
18724 -26892
18719 -26895
18719 -26895
18714 -26900
18714 -26900
18708 -26903
18708 -26903
18703 -26907
18703 -26907
18698 -26910
18698 -26910
18693 -26914
18693 -26914
18688 -26917
18688 -26917
18683 -26921
18683 -26921
18677 -26925
18677 -26925
18672 -26928
18672 -26928
18667 -26932
18667 -26932
18662 -26935
18662 -26935
18657 -26939
18657 -26939
18651 -26942
18651 -26942
18646 -26946
18646 -26946
18641 -26949
18641 -26949
18636 -26953
18636 -26953
18631 -26957
18631 -26957
18626 -26960
18626 -26960
18620 -26964
18620 -26964
18615 -26967
18615 -26967
18610 -26971
18610 -26971
18605 -26974
18605 -26974
18600 -26978
18600 -26978
18594 -26981
18594 -26981
18589 -26985
18589 -26985
18584 -26989
18584 -26989
18579 -26992
18579 -26992
18574 -26996
18574 -26996
18569 -26999
18569 -26999
18563 -27003
18563 -27003
18558 -27006
18558 -27006
18553 -27010
18553 -27010
18548 -27013
18548 -27013
18543 -27017
18543 -27017
18538 -27021
18538 -27021
18532 -27024
18532 -27024
18527 -27028
18527 -27028
18522 -27031
18522 -27031
18517 -27035
18517 -27035
18512 -27038
18512 -27038
18506 -27042
18506 -27042
18501 -27045
18501 -27045
18496 -27049
18496 -27049
18491 -27052
18491 -27052
18486 -27056
18486 -27056
18481 -27060
18481 -27060
18475 -27063
18475 -27063
18470 -27067
18470 -27067
18465 -27070
18465 -27070
18460 -27074
18460 -27074
18455 -27077
18455 -27077
18449 -27081
18449 -27081
18444 -27084
18444 -27084
18439 -27088
18439 -27088
18434 -27092
18434 -27092
18429 -27095
18429 -27095
18424 -27099
18424 -27099
18418 -27102
18418 -27102
18413 -27106
18413 -27106
18408 -27109
18408 -27109
18403 -27113
18403 -27113
18398 -27116
18398 -27116
18392 -27120
18392 -27120
18387 -27124
18387 -27124
18382 -27127
18382 -27127
18377 -27131
18377 -27131
18372 -27134
18372 -27134
18367 -27138
18367 -27138
18361 -27141
18361 -27141
18356 -27144
18356 -27144
18351 -27147
18351 -27147
18346 -27151
18346 -27151
18341 -27155
18341 -27155
18335 -27158
18335 -27158
18330 -27162
18330 -27162
18325 -27165
18325 -27165
18320 -27169
18320 -27169
18315 -27172
18315 -27172
18310 -27176
18310 -27176
18304 -27179
18304 -27179
18299 -27183
18299 -27183
18294 -27187
18294 -27187
18289 -27190
18289 -27190
18284 -27194
18284 -27194
18279 -27197
18279 -27197
18273 -27201
18273 -27201
18267 -27204
18267 -27204
18262 -27208
18262 -27208
18257 -27211
18257 -27211
18252 -27215
18252 -27215
18246 -27218
18246 -27218
18241 -27221
18241 -27221
18236 -27225
18236 -27225
18231 -27228
18231 -27228
18226 -27232
18226 -27232
18221 -27235
18221 -27235
18215 -27239
18215 -27239
18210 -27242
18210 -27242
18205 -27246
18205 -27246
18200 -27249
18200 -27249
18194 -27253
18194 -27253
18189 -27256
18189 -27256
18184 -27260
18184 -27260
18179 -27263
18179 -27263
18173 -27267
18173 -27267
18168 -27270
18168 -27270
18163 -27273
18163 -27273
18158 -27278
18158 -27278
18152 -27281
18152 -27281
18147 -27285
18147 -27285
18142 -27288
18142 -27288
18138 -27291
18138 -27291
18132 -27295
18132 -27295
18127 -27298
18127 -27298
18122 -27302
18122 -27302
18116 -27305
18116 -27305
18111 -27309
18111 -27309
18106 -27312
18106 -27312
18101 -27315
18101 -27315
18095 -27319
18095 -27319
18090 -27322
18090 -27322
18085 -27326
18085 -27326
18080 -27329
18080 -27329
18074 -27333
18074 -27333
18069 -27336
18069 -27336
18064 -27339
18064 -27339
18059 -27343
18059 -27343
18053 -27346
18053 -27346
18048 -27350
18048 -27350
18043 -27353
18043 -27353
18038 -27358
18038 -27358
18032 -27361
18032 -27361
18027 -27364
18027 -27364
18022 -27368
18022 -27368
18016 -27371
18016 -27371
18011 -27375
18011 -27375
18006 -27378
18006 -27378
18001 -27381
18001 -27381
17995 -27385
17995 -27385
17990 -27388
17990 -27388
17985 -27392
17985 -27392
17980 -27395
17980 -27395
17974 -27399
17974 -27399
17969 -27402
17969 -27402
17964 -27405
17964 -27405
17959 -27409
17959 -27409
17953 -27412
17953 -27412
17948 -27416
17948 -27416
17943 -27419
17943 -27419
17937 -27423
17937 -27423
17932 -27426
17932 -27426
17927 -27429
17927 -27429
17922 -27433
17922 -27433
17916 -27436
17916 -27436
17911 -27440
17911 -27440
17906 -27443
17906 -27443
17901 -27446
17901 -27446
17895 -27450
17895 -27450
17890 -27453
17890 -27453
17885 -27457
17885 -27457
17880 -27460
17880 -27460
17874 -27464
17874 -27464
17869 -27467
17869 -27467
17864 -27470
17864 -27470
17858 -27474
17858 -27474
17853 -27477
17853 -27477
17848 -27481
17848 -27481
17843 -27484
17843 -27484
17837 -27488
17837 -27488
17832 -27491
17832 -27491
17827 -27494
17827 -27494
17822 -27498
17822 -27498
17816 -27501
17816 -27501
17811 -27505
17811 -27505
17806 -27508
17806 -27508
17801 -27511
17801 -27511
17795 -27515
17795 -27515
17790 -27518
17790 -27518
17785 -27522
17785 -27522
17779 -27525
17779 -27525
17774 -27529
17774 -27529
17769 -27532
17769 -27532
17764 -27535
17764 -27535
17758 -27539
17758 -27539
17753 -27542
17753 -27542
17748 -27546
17748 -27546
17743 -27549
17743 -27549
17737 -27553
17737 -27553
17732 -27556
17732 -27556
17727 -27559
17727 -27559
17722 -27563
17722 -27563
17716 -27566
17716 -27566
17711 -27570
17711 -27570
17706 -27573
17706 -27573
17701 -27577
17701 -27577
17695 -27579
17695 -27579
17690 -27582
17690 -27582
17685 -27586
17685 -27586
17679 -27589
17679 -27589
17674 -27593
17674 -27593
17669 -27596
17669 -27596
17664 -27599
17664 -27599
17658 -27603
17658 -27603
17653 -27606
17653 -27606
17648 -27610
17648 -27610
17643 -27613
17643 -27613
17637 -27617
17637 -27617
17632 -27620
17632 -27620
17627 -27623
17627 -27623
17622 -27627
17622 -27627
17616 -27630
17616 -27630
17611 -27634
17611 -27634
17606 -27637
17606 -27637
17600 -27641
17600 -27641
17594 -27644
17594 -27644
17589 -27647
17589 -27647
17584 -27651
17584 -27651
17578 -27654
17578 -27654
17573 -27657
17573 -27657
17568 -27660
17568 -27660
17563 -27663
17563 -27663
17557 -27667
17557 -27667
17552 -27670
17552 -27670
17547 -27674
17547 -27674
17542 -27677
17542 -27677
17536 -27681
17536 -27681
17531 -27684
17531 -27684
17526 -27687
17526 -27687
17520 -27691
17520 -27691
17515 -27694
17515 -27694
17510 -27697
17510 -27697
17504 -27700
17504 -27700
17499 -27704
17499 -27704
17494 -27707
17494 -27707
17488 -27710
17488 -27710
17483 -27715
17483 -27715
17477 -27718
17477 -27718
17472 -27721
17472 -27721
17467 -27725
17467 -27725
17462 -27728
17462 -27728
17457 -27731
17457 -27731
17452 -27734
17452 -27734
17446 -27738
17446 -27738
17441 -27741
17441 -27741
17436 -27744
17436 -27744
17430 -27748
17430 -27748
17425 -27751
17425 -27751
17420 -27754
17420 -27754
17414 -27758
17414 -27758
17409 -27761
17409 -27761
17404 -27764
17404 -27764
17398 -27767
17398 -27767
17393 -27771
17393 -27771
17388 -27774
17388 -27774
17382 -27777
17382 -27777
17377 -27781
17377 -27781
17371 -27785
17371 -27785
17366 -27788
17366 -27788
17361 -27792
17361 -27792
17355 -27795
17355 -27795
17350 -27798
17350 -27798
17345 -27801
17345 -27801
17339 -27805
17339 -27805
17334 -27808
17334 -27808
17329 -27811
17329 -27811
17323 -27815
17323 -27815
17318 -27818
17318 -27818
17313 -27821
17313 -27821
17307 -27824
17307 -27824
17302 -27828
17302 -27828
17297 -27831
17297 -27831
17291 -27834
17291 -27834
17286 -27838
17286 -27838
17280 -27841
17280 -27841
17275 -27844
17275 -27844
17270 -27848
17270 -27848
17264 -27851
17264 -27851
17259 -27854
17259 -27854
17254 -27857
17254 -27857
17248 -27861
17248 -27861
17243 -27864
17243 -27864
17238 -27867
17238 -27867
17232 -27871
17232 -27871
17227 -27874
17227 -27874
17222 -27877
17222 -27877
17216 -27881
17216 -27881
17211 -27884
17211 -27884
17206 -27887
17206 -27887
17200 -27890
17200 -27890
17195 -27894
17195 -27894
17190 -27897
17190 -27897
17184 -27900
17184 -27900
17179 -27904
17179 -27904
17173 -27907
17173 -27907
17168 -27910
17168 -27910
17163 -27913
17163 -27913
17157 -27917
17157 -27917
17152 -27920
17152 -27920
17147 -27923
17147 -27923
17141 -27927
17141 -27927
17136 -27930
17136 -27930
17131 -27933
17131 -27933
17125 -27937
17125 -27937
17120 -27940
17120 -27940
17115 -27943
17115 -27943
17109 -27946
17109 -27946
17104 -27950
17104 -27950
17099 -27953
17099 -27953
17093 -27956
17093 -27956
17088 -27960
17088 -27960
17082 -27963
17082 -27963
17077 -27966
17077 -27966
17072 -27970
17072 -27970
17066 -27973
17066 -27973
17061 -27976
17061 -27976
17056 -27979
17056 -27979
17050 -27983
17050 -27983
17045 -27986
17045 -27986
17040 -27989
17040 -27989
17034 -27993
17034 -27993
17029 -27996
17029 -27996
17024 -27999
17024 -27999
17018 -28003
17018 -28003
17013 -28006
17013 -28006
17008 -28009
17008 -28009
17002 -28011
17002 -28011
16997 -28015
16997 -28015
16991 -28018
16991 -28018
16986 -28021
16986 -28021
16981 -28025
16981 -28025
16975 -28028
16975 -28028
16970 -28031
16970 -28031
16965 -28034
16965 -28034
16959 -28038
16959 -28038
16954 -28041
16954 -28041
16949 -28044
16949 -28044
16943 -28048
16943 -28048
16938 -28051
16938 -28051
16933 -28054
16933 -28054
16927 -28058
16927 -28058
16922 -28061
16922 -28061
16917 -28064
16917 -28064
16910 -28067
16910 -28067
16905 -28071
16905 -28071
16900 -28074
16900 -28074
16894 -28077
16894 -28077
16889 -28080
16889 -28080
16883 -28083
16883 -28083
16878 -28086
16878 -28086
16873 -28090
16873 -28090
16867 -28093
16867 -28093
16862 -28096
16862 -28096
16857 -28099
16857 -28099
16851 -28103
16851 -28103
16846 -28106
16846 -28106
16841 -28109
16841 -28109
16835 -28112
16835 -28112
16830 -28115
16830 -28115
16824 -28119
16824 -28119
16819 -28122
16819 -28122
16813 -28125
16813 -28125
16808 -28128
16808 -28128
16803 -28131
16803 -28131
16797 -28135
16797 -28135
16792 -28139
16792 -28139
16786 -28142
16786 -28142
16781 -28145
16781 -28145
16775 -28148
16775 -28148
16770 -28151
16770 -28151
16766 -28154
16766 -28154
16760 -28158
16760 -28158
16755 -28161
16755 -28161
16749 -28164
16749 -28164
16744 -28167
16744 -28167
16738 -28170
16738 -28170
16733 -28173
16733 -28173
16728 -28177
16728 -28177
16722 -28180
16722 -28180
16717 -28183
16717 -28183
16711 -28186
16711 -28186
16706 -28189
16706 -28189
16700 -28192
16700 -28192
16695 -28196
16695 -28196
16690 -28199
16690 -28199
16684 -28203
16684 -28203
16679 -28206
16679 -28206
16673 -28209
16673 -28209
16668 -28212
16668 -28212
16662 -28216
16662 -28216
16657 -28219
16657 -28219
16652 -28222
16652 -28222
16646 -28225
16646 -28225
16641 -28228
16641 -28228
16635 -28231
16635 -28231
16630 -28235
16630 -28235
16624 -28238
16624 -28238
16619 -28241
16619 -28241
16614 -28244
16614 -28244
16608 -28247
16608 -28247
16603 -28250
16603 -28250
16597 -28254
16597 -28254
16592 -28257
16592 -28257
16586 -28260
16586 -28260
16581 -28263
16581 -28263
16576 -28266
16576 -28266
16570 -28269
16570 -28269
16565 -28273
16565 -28273
16559 -28276
16559 -28276
16554 -28279
16554 -28279
16548 -28282
16548 -28282
16543 -28285
16543 -28285
16538 -28288
16538 -28288
16532 -28292
16532 -28292
16527 -28295
16527 -28295
16521 -28298
16521 -28298
16516 -28301
16516 -28301
16510 -28304
16510 -28304
16505 -28307
16505 -28307
16500 -28311
16500 -28311
16494 -28314
16494 -28314
16489 -28317
16489 -28317
16483 -28320
16483 -28320
16478 -28323
16478 -28323
16472 -28326
16472 -28326
16467 -28329
16467 -28329
16461 -28333
16461 -28333
16456 -28336
16456 -28336
16451 -28339
16451 -28339
16445 -28342
16445 -28342
16440 -28345
16440 -28345
16434 -28348
16434 -28348
16429 -28352
16429 -28352
16423 -28355
16423 -28355
16418 -28358
16418 -28358
16413 -28361
16413 -28361
16407 -28364
16407 -28364
16402 -28367
16402 -28367
16396 -28371
16396 -28371
16391 -28374
16391 -28374
16385 -28377
16385 -28377
16380 -28380
16380 -28380
16375 -28383
16375 -28383
16369 -28386
16369 -28386
16364 -28390
16364 -28390
16358 -28393
16358 -28393
16353 -28396
16353 -28396
16347 -28399
16347 -28399
16342 -28402
16342 -28402
16337 -28405
16337 -28405
16331 -28409
16331 -28409
16326 -28412
16326 -28412
16320 -28415
16320 -28415
16315 -28418
16315 -28418
16309 -28420
16309 -28420
16304 -28423
16304 -28423
16299 -28427
16299 -28427
16293 -28430
16293 -28430
16288 -28433
16288 -28433
16282 -28436
16282 -28436
16277 -28439
16277 -28439
16271 -28442
16271 -28442
16266 -28446
16266 -28446
16261 -28449
16261 -28449
16255 -28452
16255 -28452
16250 -28455
16250 -28455
16244 -28458
16244 -28458
16239 -28461
16239 -28461
16233 -28465
16233 -28465
16227 -28468
16227 -28468
16222 -28471
16222 -28471
16216 -28474
16216 -28474
16211 -28477
16211 -28477
16205 -28480
16205 -28480
16200 -28484
16200 -28484
16194 -28486
16194 -28486
16189 -28489
16189 -28489
16184 -28492
16184 -28492
16178 -28495
16178 -28495
16173 -28498
16173 -28498
16167 -28502
16167 -28502
16162 -28505
16162 -28505
16156 -28508
16156 -28508
16151 -28511
16151 -28511
16146 -28514
16146 -28514
16140 -28517
16140 -28517
16135 -28520
16135 -28520
16129 -28523
16129 -28523
16124 -28526
16124 -28526
16118 -28529
16118 -28529
16113 -28532
16113 -28532
16107 -28536
16107 -28536
16102 -28539
16102 -28539
16096 -28542
16096 -28542
16091 -28545
16091 -28545
16085 -28548
16085 -28548
16080 -28551
16080 -28551
16074 -28554
16074 -28554
16069 -28557
16069 -28557
16063 -28561
16063 -28561
16059 -28564
16059 -28564
16053 -28567
16053 -28567
16048 -28570
16048 -28570
16042 -28573
16042 -28573
16037 -28576
16037 -28576
16031 -28579
16031 -28579
16026 -28582
16026 -28582
16020 -28585
16020 -28585
16015 -28588
16015 -28588
16009 -28591
16009 -28591
16004 -28594
16004 -28594
15998 -28598
15998 -28598
15993 -28601
15993 -28601
15987 -28604
15987 -28604
15982 -28607
15982 -28607
15976 -28610
15976 -28610
15971 -28613
15971 -28613
15965 -28616
15965 -28616
15960 -28619
15960 -28619
15954 -28622
15954 -28622
15949 -28625
15949 -28625
15943 -28628
15943 -28628
15938 -28631
15938 -28631
15932 -28634
15932 -28634
15927 -28637
15927 -28637
15921 -28640
15921 -28640
15916 -28643
15916 -28643
15910 -28646
15910 -28646
15905 -28649
15905 -28649
15899 -28652
15899 -28652
15894 -28655
15894 -28655
15888 -28659
15888 -28659
15883 -28662
15883 -28662
15877 -28665
15877 -28665
15872 -28668
15872 -28668
15866 -28671
15866 -28671
15861 -28674
15861 -28674
15855 -28677
15855 -28677
15850 -28680
15850 -28680
15844 -28683
15844 -28683
15839 -28686
15839 -28686
15833 -28689
15833 -28689
15828 -28692
15828 -28692
15822 -28695
15822 -28695
15817 -28698
15817 -28698
15811 -28701
15811 -28701
15806 -28704
15806 -28704
15800 -28707
15800 -28707
15795 -28710
15795 -28710
15789 -28713
15789 -28713
15784 -28716
15784 -28716
15778 -28719
15778 -28719
15773 -28722
15773 -28722
15767 -28725
15767 -28725
15762 -28728
15762 -28728
15756 -28731
15756 -28731
15751 -28734
15751 -28734
15745 -28737
15745 -28737
15740 -28740
15740 -28740
15734 -28743
15734 -28743
15729 -28746
15729 -28746
15723 -28749
15723 -28749
15718 -28752
15718 -28752
15712 -28756
15712 -28756
15707 -28759
15707 -28759
15701 -28762
15701 -28762
15696 -28765
15696 -28765
15690 -28768
15690 -28768
15685 -28771
15685 -28771
15679 -28774
15679 -28774
15674 -28777
15674 -28777
15668 -28780
15668 -28780
15663 -28783
15663 -28783
15657 -28786
15657 -28786
15652 -28789
15652 -28789
15646 -28792
15646 -28792
15641 -28795
15641 -28795
15635 -28798
15635 -28798
15630 -28801
15630 -28801
15624 -28804
15624 -28804
15619 -28807
15619 -28807
15613 -28810
15613 -28810
15608 -28813
15608 -28813
15602 -28816
15602 -28816
15597 -28818
15597 -28818
15591 -28821
15591 -28821
15586 -28824
15586 -28824
15580 -28827
15580 -28827
15575 -28830
15575 -28830
15569 -28833
15569 -28833
15564 -28836
15564 -28836
15558 -28839
15558 -28839
15553 -28842
15553 -28842
15547 -28845
15547 -28845
15542 -28848
15542 -28848
15535 -28852
15535 -28852
15530 -28855
15530 -28855
15524 -28858
15524 -28858
15519 -28861
15519 -28861
15513 -28864
15513 -28864
15508 -28867
15508 -28867
15502 -28870
15502 -28870
15497 -28873
15497 -28873
15491 -28876
15491 -28876
15486 -28878
15486 -28878
15480 -28881
15480 -28881
15475 -28884
15475 -28884
15469 -28887
15469 -28887
15464 -28890
15464 -28890
15458 -28893
15458 -28893
15453 -28896
15453 -28896
15447 -28899
15447 -28899
15441 -28902
15441 -28902
15436 -28905
15436 -28905
15430 -28908
15430 -28908
15425 -28911
15425 -28911
15419 -28913
15419 -28913
15414 -28916
15414 -28916
15408 -28919
15408 -28919
15402 -28922
15402 -28922
15397 -28926
15397 -28926
15391 -28929
15391 -28929
15386 -28932
15386 -28932
15380 -28935
15380 -28935
15374 -28938
15374 -28938
15369 -28940
15369 -28940
15364 -28943
15364 -28943
15359 -28946
15359 -28946
15353 -28949
15353 -28949
15348 -28952
15348 -28952
15342 -28955
15342 -28955
15336 -28958
15336 -28958
15331 -28961
15331 -28961
15325 -28964
15325 -28964
15320 -28966
15320 -28966
15314 -28969
15314 -28969
15309 -28972
15309 -28972
15303 -28975
15303 -28975
15297 -28978
15297 -28978
15292 -28981
15292 -28981
15286 -28984
15286 -28984
15281 -28988
15281 -28988
15275 -28991
15275 -28991
15270 -28994
15270 -28994
15264 -28996
15264 -28996
15258 -28999
15258 -28999
15253 -29002
15253 -29002
15247 -29005
15247 -29005
15242 -29008
15242 -29008
15236 -29011
15236 -29011
15230 -29014
15230 -29014
15225 -29017
15225 -29017
15219 -29020
15219 -29020
15214 -29022
15214 -29022
15208 -29025
15208 -29025
15203 -29028
15203 -29028
15197 -29031
15197 -29031
15191 -29034
15191 -29034
15186 -29037
15186 -29037
15180 -29040
15180 -29040
15175 -29043
15175 -29043
15169 -29046
15169 -29046
15164 -29048
15164 -29048
15158 -29051
15158 -29051
15152 -29054
15152 -29054
15147 -29057
15147 -29057
15141 -29060
15141 -29060
15136 -29063
15136 -29063
15130 -29066
15130 -29066
15124 -29069
15124 -29069
15119 -29072
15119 -29072
15113 -29074
15113 -29074
15108 -29077
15108 -29077
15102 -29080
15102 -29080
15097 -29083
15097 -29083
15091 -29086
15091 -29086
15085 -29089
15085 -29089
15080 -29092
15080 -29092
15074 -29095
15074 -29095
15069 -29098
15069 -29098
15063 -29100
15063 -29100
15058 -29103
15058 -29103
15052 -29106
15052 -29106
15046 -29109
15046 -29109
15041 -29112
15041 -29112
15035 -29115
15035 -29115
15030 -29118
15030 -29118
15024 -29121
15024 -29121
15018 -29124
15018 -29124
15013 -29126
15013 -29126
15007 -29129
15007 -29129
15002 -29132
15002 -29132
14996 -29135
14996 -29135
14991 -29138
14991 -29138
14985 -29141
14985 -29141
14979 -29144
14979 -29144
14974 -29147
14974 -29147
14968 -29150
14968 -29150
14963 -29152
14963 -29152
14957 -29155
14957 -29155
14952 -29158
14952 -29158
14946 -29161
14946 -29161
14940 -29164
14940 -29164
14935 -29167
14935 -29167
14929 -29170
14929 -29170
14924 -29173
14924 -29173
14918 -29176
14918 -29176
14913 -29179
14913 -29179
14907 -29181
14907 -29181
14901 -29184
14901 -29184
14896 -29186
14896 -29186
14890 -29189
14890 -29189
14885 -29192
14885 -29192
14879 -29195
14879 -29195
14873 -29198
14873 -29198
14868 -29201
14868 -29201
14862 -29204
14862 -29204
14857 -29206
14857 -29206
14851 -29209
14851 -29209
14846 -29212
14846 -29212
14840 -29215
14840 -29215
14834 -29218
14834 -29218
14829 -29221
14829 -29221
14823 -29224
14823 -29224
14818 -29227
14818 -29227
14811 -29230
14811 -29230
14806 -29232
14806 -29232
14800 -29235
14800 -29235
14794 -29238
14794 -29238
14789 -29241
14789 -29241
14783 -29244
14783 -29244
14778 -29246
14778 -29246
14772 -29249
14772 -29249
14766 -29252
14766 -29252
14761 -29255
14761 -29255
14755 -29257
14755 -29257
14750 -29260
14750 -29260
14744 -29263
14744 -29263
14739 -29266
14739 -29266
14733 -29269
14733 -29269
14727 -29272
14727 -29272
14722 -29275
14722 -29275
14716 -29277
14716 -29277
14710 -29280
14710 -29280
14705 -29283
14705 -29283
14699 -29286
14699 -29286
14693 -29288
14693 -29288
14688 -29292
14688 -29292
14682 -29295
14682 -29295
14677 -29298
14677 -29298
14671 -29300
14671 -29300
14665 -29303
14665 -29303
14660 -29306
14660 -29306
14654 -29309
14654 -29309
14648 -29311
14648 -29311
14643 -29314
14643 -29314
14638 -29317
14638 -29317
14632 -29320
14632 -29320
14627 -29322
14627 -29322
14621 -29325
14621 -29325
14615 -29328
14615 -29328
14610 -29331
14610 -29331
14604 -29333
14604 -29333
14598 -29336
14598 -29336
14593 -29339
14593 -29339
14587 -29342
14587 -29342
14581 -29344
14581 -29344
14576 -29348
14576 -29348
14570 -29351
14570 -29351
14565 -29354
14565 -29354
14559 -29356
14559 -29356
14553 -29359
14553 -29359
14548 -29362
14548 -29362
14542 -29365
14542 -29365
14536 -29368
14536 -29368
14531 -29370
14531 -29370
14525 -29373
14525 -29373
14519 -29376
14519 -29376
14514 -29379
14514 -29379
14508 -29381
14508 -29381
14502 -29384
14502 -29384
14497 -29387
14497 -29387
14491 -29390
14491 -29390
14485 -29392
14485 -29392
14480 -29395
14480 -29395
14474 -29398
14474 -29398
14469 -29401
14469 -29401
14463 -29403
14463 -29403
14457 -29406
14457 -29406
14452 -29409
14452 -29409
14446 -29412
14446 -29412
14440 -29414
14440 -29414
14435 -29417
14435 -29417
14429 -29420
14429 -29420
14423 -29423
14423 -29423
14418 -29425
14418 -29425
14412 -29428
14412 -29428
14406 -29431
14406 -29431
14401 -29434
14401 -29434
14395 -29436
14395 -29436
14389 -29439
14389 -29439
14384 -29442
14384 -29442
14378 -29445
14378 -29445
14373 -29448
14373 -29448
14367 -29450
14367 -29450
14361 -29453
14361 -29453
14356 -29456
14356 -29456
14350 -29459
14350 -29459
14344 -29461
14344 -29461
14339 -29464
14339 -29464
14333 -29467
14333 -29467
14327 -29470
14327 -29470
14322 -29472
14322 -29472
14316 -29475
14316 -29475
14310 -29478
14310 -29478
14305 -29481
14305 -29481
14299 -29483
14299 -29483
14293 -29486
14293 -29486
14288 -29489
14288 -29489
14282 -29492
14282 -29492
14276 -29494
14276 -29494
14271 -29497
14271 -29497
14265 -29500
14265 -29500
14260 -29503
14260 -29503
14254 -29505
14254 -29505
14248 -29508
14248 -29508
14243 -29511
14243 -29511
14237 -29514
14237 -29514
14231 -29516
14231 -29516
14226 -29519
14226 -29519
14220 -29522
14220 -29522
14214 -29525
14214 -29525
14209 -29527
14209 -29527
14203 -29530
14203 -29530
14197 -29533
14197 -29533
14192 -29536
14192 -29536
14186 -29539
14186 -29539
14180 -29541
14180 -29541
14175 -29544
14175 -29544
14169 -29547
14169 -29547
14164 -29549
14164 -29549
14158 -29551
14158 -29551
14152 -29554
14152 -29554
14147 -29557
14147 -29557
14141 -29560
14141 -29560
14135 -29562
14135 -29562
14130 -29565
14130 -29565
14124 -29568
14124 -29568
14118 -29571
14118 -29571
14113 -29573
14113 -29573
14107 -29576
14107 -29576
14100 -29579
14100 -29579
14095 -29582
14095 -29582
14089 -29584
14089 -29584
14083 -29587
14083 -29587
14078 -29590
14078 -29590
14072 -29593
14072 -29593
14066 -29595
14066 -29595
14061 -29598
14061 -29598
14055 -29601
14055 -29601
14050 -29603
14050 -29603
14044 -29605
14044 -29605
14038 -29608
14038 -29608
14033 -29611
14033 -29611
14027 -29614
14027 -29614
14021 -29616
14021 -29616
14016 -29619
14016 -29619
14010 -29622
14010 -29622
14004 -29625
14004 -29625
13999 -29627
13999 -29627
13993 -29630
13993 -29630
13987 -29632
13987 -29632
13981 -29635
13981 -29635
13976 -29638
13976 -29638
13970 -29640
13970 -29640
13964 -29644
13964 -29644
13959 -29647
13959 -29647
13953 -29649
13953 -29649
13947 -29652
13947 -29652
13941 -29654
13941 -29654
13936 -29657
13936 -29657
13930 -29660
13930 -29660
13924 -29662
13924 -29662
13919 -29665
13919 -29665
13913 -29667
13913 -29667
13907 -29670
13907 -29670
13902 -29673
13902 -29673
13897 -29675
13897 -29675
13891 -29678
13891 -29678
13885 -29681
13885 -29681
13880 -29683
13880 -29683
13874 -29686
13874 -29686
13868 -29688
13868 -29688
13863 -29691
13863 -29691
13857 -29694
13857 -29694
13851 -29697
13851 -29697
13845 -29700
13845 -29700
13840 -29703
13840 -29703
13834 -29705
13834 -29705
13828 -29708
13828 -29708
13823 -29710
13823 -29710
13817 -29713
13817 -29713
13811 -29716
13811 -29716
13805 -29718
13805 -29718
13800 -29721
13800 -29721
13794 -29723
13794 -29723
13788 -29726
13788 -29726
13783 -29729
13783 -29729
13777 -29731
13777 -29731
13771 -29734
13771 -29734
13765 -29737
13765 -29737
13760 -29739
13760 -29739
13754 -29742
13754 -29742
13748 -29744
13748 -29744
13743 -29747
13743 -29747
13737 -29750
13737 -29750
13731 -29752
13731 -29752
13725 -29755
13725 -29755
13720 -29757
13720 -29757
13714 -29760
13714 -29760
13708 -29763
13708 -29763
13703 -29765
13703 -29765
13697 -29768
13697 -29768
13691 -29771
13691 -29771
13685 -29773
13685 -29773
13680 -29776
13680 -29776
13674 -29778
13674 -29778
13668 -29781
13668 -29781
13663 -29784
13663 -29784
13657 -29786
13657 -29786
13651 -29789
13651 -29789
13646 -29792
13646 -29792
13640 -29794
13640 -29794
13634 -29797
13634 -29797
13628 -29799
13628 -29799
13623 -29802
13623 -29802
13617 -29805
13617 -29805
13611 -29807
13611 -29807
13606 -29810
13606 -29810
13600 -29812
13600 -29812
13594 -29815
13594 -29815
13588 -29818
13588 -29818
13583 -29820
13583 -29820
13577 -29823
13577 -29823
13571 -29826
13571 -29826
13566 -29828
13566 -29828
13560 -29831
13560 -29831
13554 -29833
13554 -29833
13548 -29836
13548 -29836
13543 -29839
13543 -29839
13537 -29841
13537 -29841
13531 -29844
13531 -29844
13526 -29846
13526 -29846
13520 -29849
13520 -29849
13514 -29852
13514 -29852
13508 -29854
13508 -29854
13503 -29857
13503 -29857
13497 -29860
13497 -29860
13491 -29862
13491 -29862
13486 -29865
13486 -29865
13480 -29867
13480 -29867
13474 -29870
13474 -29870
13468 -29873
13468 -29873
13463 -29875
13463 -29875
13457 -29878
13457 -29878
13451 -29880
13451 -29880
13446 -29883
13446 -29883
13440 -29886
13440 -29886
13434 -29887
13434 -29887
13428 -29890
13428 -29890
13423 -29893
13423 -29893
13417 -29895
13417 -29895
13411 -29898
13411 -29898
13406 -29900
13406 -29900
13400 -29903
13400 -29903
13394 -29906
13394 -29906
13389 -29908
13389 -29908
13382 -29911
13382 -29911
13376 -29914
13376 -29914
13370 -29916
13370 -29916
13365 -29919
13365 -29919
13359 -29921
13359 -29921
13353 -29924
13353 -29924
13348 -29927
13348 -29927
13342 -29929
13342 -29929
13336 -29932
13336 -29932
13330 -29934
13330 -29934
13325 -29937
13325 -29937
13319 -29939
13319 -29939
13313 -29941
13313 -29941
13308 -29944
13308 -29944
13302 -29947
13302 -29947
13296 -29949
13296 -29949
13290 -29952
13290 -29952
13285 -29954
13285 -29954
13279 -29957
13279 -29957
13273 -29959
13273 -29959
13267 -29962
13267 -29962
13262 -29964
13262 -29964
13256 -29967
13256 -29967
13250 -29969
13250 -29969
13244 -29972
13244 -29972
13239 -29974
13239 -29974
13233 -29978
13233 -29978
13227 -29980
13227 -29980
13221 -29983
13221 -29983
13215 -29985
13215 -29985
13210 -29988
13210 -29988
13204 -29990
13204 -29990
13198 -29993
13198 -29993
13192 -29995
13192 -29995
13187 -29998
13187 -29998
13181 -30000
13181 -30000
13175 -30003
13175 -30003
13170 -30005
13170 -30005
13165 -30008
13165 -30008
13159 -30010
13159 -30010
13153 -30012
13153 -30012
13147 -30015
13147 -30015
13141 -30017
13141 -30017
13136 -30020
13136 -30020
13130 -30023
13130 -30023
13124 -30026
13124 -30026
13118 -30028
13118 -30028
13113 -30031
13113 -30031
13107 -30033
13107 -30033
13101 -30036
13101 -30036
13095 -30038
13095 -30038
13089 -30041
13089 -30041
13084 -30043
13084 -30043
13078 -30046
13078 -30046
13072 -30048
13072 -30048
13066 -30051
13066 -30051
13061 -30053
13061 -30053
13055 -30056
13055 -30056
13049 -30058
13049 -30058
13043 -30061
13043 -30061
13038 -30063
13038 -30063
13032 -30065
13032 -30065
13026 -30068
13026 -30068
13020 -30070
13020 -30070
13014 -30073
13014 -30073
13009 -30075
13009 -30075
13003 -30078
13003 -30078
12997 -30080
12997 -30080
12991 -30083
12991 -30083
12986 -30085
12986 -30085
12980 -30088
12980 -30088
12974 -30090
12974 -30090
12968 -30093
12968 -30093
12962 -30095
12962 -30095
12957 -30098
12957 -30098
12951 -30100
12951 -30100
12945 -30103
12945 -30103
12939 -30105
12939 -30105
12934 -30108
12934 -30108
12928 -30110
12928 -30110
12922 -30113
12922 -30113
12916 -30115
12916 -30115
12911 -30118
12911 -30118
12905 -30120
12905 -30120
12899 -30122
12899 -30122
12893 -30125
12893 -30125
12887 -30127
12887 -30127
12882 -30130
12882 -30130
12876 -30132
12876 -30132
12870 -30135
12870 -30135
12864 -30137
12864 -30137
12859 -30140
12859 -30140
12853 -30142
12853 -30142
12847 -30145
12847 -30145
12841 -30147
12841 -30147
12835 -30150
12835 -30150
12830 -30152
12830 -30152
12824 -30155
12824 -30155
12818 -30157
12818 -30157
12812 -30160
12812 -30160
12807 -30162
12807 -30162
12801 -30165
12801 -30165
12795 -30167
12795 -30167
12789 -30170
12789 -30170
12783 -30172
12783 -30172
12778 -30174
12778 -30174
12772 -30177
12772 -30177
12766 -30179
12766 -30179
12760 -30182
12760 -30182
12755 -30184
12755 -30184
12749 -30187
12749 -30187
12743 -30189
12743 -30189
12737 -30192
12737 -30192
12732 -30194
12732 -30194
12726 -30197
12726 -30197
12720 -30199
12720 -30199
12714 -30202
12714 -30202
12708 -30204
12708 -30204
12703 -30207
12703 -30207
12697 -30209
12697 -30209
12691 -30212
12691 -30212
12685 -30213
12685 -30213
12680 -30216
12680 -30216
12674 -30218
12674 -30218
12668 -30221
12668 -30221
12662 -30223
12662 -30223
12656 -30225
12656 -30225
12651 -30228
12651 -30228
12644 -30230
12644 -30230
12638 -30233
12638 -30233
12632 -30235
12632 -30235
12627 -30238
12627 -30238
12621 -30240
12621 -30240
12615 -30243
12615 -30243
12609 -30245
12609 -30245
12604 -30248
12604 -30248
12598 -30250
12598 -30250
12592 -30253
12592 -30253
12586 -30255
12586 -30255
12580 -30257
12580 -30257
12575 -30259
12575 -30259
12569 -30262
12569 -30262
12563 -30264
12563 -30264
12557 -30267
12557 -30267
12552 -30269
12552 -30269
12546 -30272
12546 -30272
12540 -30274
12540 -30274
12534 -30276
12534 -30276
12528 -30279
12528 -30279
12522 -30281
12522 -30281
12517 -30283
12517 -30283
12511 -30286
12511 -30286
12505 -30288
12505 -30288
12499 -30290
12499 -30290
12493 -30293
12493 -30293
12487 -30296
12487 -30296
12482 -30298
12482 -30298
12476 -30301
12476 -30301
12470 -30303
12470 -30303
12464 -30305
12464 -30305
12458 -30308
12458 -30308
12452 -30310
12452 -30310
12447 -30312
12447 -30312
12441 -30315
12441 -30315
12435 -30317
12435 -30317
12430 -30319
12430 -30319
12424 -30322
12424 -30322
12418 -30324
12418 -30324
12413 -30326
12413 -30326
12407 -30329
12407 -30329
12401 -30331
12401 -30331
12395 -30333
12395 -30333
12389 -30336
12389 -30336
12383 -30338
12383 -30338
12378 -30340
12378 -30340
12372 -30343
12372 -30343
12366 -30346
12366 -30346
12360 -30348
12360 -30348
12354 -30351
12354 -30351
12348 -30353
12348 -30353
12343 -30355
12343 -30355
12337 -30357
12337 -30357
12331 -30360
12331 -30360
12325 -30362
12325 -30362
12319 -30364
12319 -30364
12313 -30367
12313 -30367
12308 -30369
12308 -30369
12302 -30371
12302 -30371
12296 -30374
12296 -30374
12290 -30376
12290 -30376
12284 -30378
12284 -30378
12278 -30381
12278 -30381
12273 -30383
12273 -30383
12267 -30385
12267 -30385
12261 -30388
12261 -30388
12255 -30390
12255 -30390
12249 -30392
12249 -30392
12243 -30395
12243 -30395
12238 -30397
12238 -30397
12232 -30399
12232 -30399
12226 -30402
12226 -30402
12220 -30404
12220 -30404
12214 -30406
12214 -30406
12208 -30409
12208 -30409
12203 -30411
12203 -30411
12197 -30413
12197 -30413
12191 -30416
12191 -30416
12185 -30418
12185 -30418
12179 -30420
12179 -30420
12173 -30423
12173 -30423
12168 -30425
12168 -30425
12162 -30427
12162 -30427
12156 -30430
12156 -30430
12150 -30432
12150 -30432
12144 -30434
12144 -30434
12138 -30437
12138 -30437
12132 -30439
12132 -30439
12127 -30441
12127 -30441
12121 -30444
12121 -30444
12115 -30446
12115 -30446
12109 -30448
12109 -30448
12103 -30451
12103 -30451
12097 -30453
12097 -30453
12092 -30455
12092 -30455
12086 -30458
12086 -30458
12080 -30460
12080 -30460
12074 -30462
12074 -30462
12068 -30465
12068 -30465
12062 -30467
12062 -30467
12057 -30469
12057 -30469
12051 -30472
12051 -30472
12045 -30474
12045 -30474
12039 -30476
12039 -30476
12033 -30479
12033 -30479
12027 -30481
12027 -30481
12022 -30483
12022 -30483
12016 -30486
12016 -30486
12010 -30488
12010 -30488
12004 -30490
12004 -30490
11998 -30493
11998 -30493
11992 -30495
11992 -30495
11987 -30497
11987 -30497
11981 -30500
11981 -30500
11975 -30502
11975 -30502
11969 -30504
11969 -30504
11963 -30505
11963 -30505
11957 -30508
11957 -30508
11952 -30510
11952 -30510
11946 -30512
11946 -30512
11940 -30515
11940 -30515
11934 -30517
11934 -30517
11928 -30519
11928 -30519
11922 -30522
11922 -30522
11917 -30524
11917 -30524
11911 -30526
11911 -30526
11905 -30529
11905 -30529
11898 -30531
11898 -30531
11892 -30533
11892 -30533
11886 -30536
11886 -30536
11881 -30538
11881 -30538
11875 -30540
11875 -30540
11869 -30543
11869 -30543
11863 -30545
11863 -30545
11857 -30547
11857 -30547
11851 -30550
11851 -30550
11846 -30552
11846 -30552
11840 -30553
11840 -30553
11834 -30556
11834 -30556
11828 -30558
11828 -30558
11822 -30560
11822 -30560
11816 -30563
11816 -30563
11811 -30565
11811 -30565
11805 -30567
11805 -30567
11799 -30570
11799 -30570
11793 -30572
11793 -30572
11787 -30574
11787 -30574
11781 -30576
11781 -30576
11775 -30579
11775 -30579
11769 -30581
11769 -30581
11764 -30583
11764 -30583
11758 -30585
11758 -30585
11752 -30588
11752 -30588
11746 -30591
11746 -30591
11740 -30593
11740 -30593
11734 -30595
11734 -30595
11728 -30597
11728 -30597
11722 -30599
11722 -30599
11716 -30602
11716 -30602
11711 -30604
11711 -30604
11705 -30606
11705 -30606
11699 -30608
11699 -30608
11693 -30610
11693 -30610
11687 -30613
11687 -30613
11681 -30615
11681 -30615
11675 -30617
11675 -30617
11669 -30619
11669 -30619
11663 -30621
11663 -30621
11659 -30623
11659 -30623
11653 -30627
11653 -30627
11647 -30629
11647 -30629
11641 -30631
11641 -30631
11635 -30633
11635 -30633
11629 -30635
11629 -30635
11623 -30638
11623 -30638
11617 -30640
11617 -30640
11611 -30642
11611 -30642
11606 -30644
11606 -30644
11600 -30646
11600 -30646
11594 -30649
11594 -30649
11588 -30651
11588 -30651
11582 -30653
11582 -30653
11576 -30655
11576 -30655
11570 -30657
11570 -30657
11564 -30660
11564 -30660
11558 -30662
11558 -30662
11552 -30664
11552 -30664
11547 -30666
11547 -30666
11541 -30668
11541 -30668
11535 -30671
11535 -30671
11529 -30673
11529 -30673
11523 -30675
11523 -30675
11517 -30677
11517 -30677
11511 -30679
11511 -30679
11505 -30682
11505 -30682
11499 -30684
11499 -30684
11494 -30686
11494 -30686
11488 -30688
11488 -30688
11482 -30690
11482 -30690
11476 -30693
11476 -30693
11470 -30695
11470 -30695
11464 -30697
11464 -30697
11458 -30699
11458 -30699
11452 -30701
11452 -30701
11446 -30704
11446 -30704
11441 -30706
11441 -30706
11435 -30708
11435 -30708
11429 -30710
11429 -30710
11423 -30712
11423 -30712
11417 -30716
11417 -30716
11411 -30717
11411 -30717
11405 -30719
11405 -30719
11399 -30721
11399 -30721
11393 -30723
11393 -30723
11388 -30725
11388 -30725
11382 -30728
11382 -30728
11376 -30730
11376 -30730
11370 -30732
11370 -30732
11364 -30734
11364 -30734
11358 -30736
11358 -30736
11352 -30739
11352 -30739
11346 -30741
11346 -30741
11340 -30743
11340 -30743
11335 -30745
11335 -30745
11329 -30747
11329 -30747
11323 -30750
11323 -30750
11317 -30752
11317 -30752
11311 -30754
11311 -30754
11305 -30756
11305 -30756
11299 -30758
11299 -30758
11293 -30761
11293 -30761
11287 -30763
11287 -30763
11282 -30765
11282 -30765
11276 -30767
11276 -30767
11270 -30769
11270 -30769
11264 -30772
11264 -30772
11258 -30774
11258 -30774
11252 -30776
11252 -30776
11246 -30778
11246 -30778
11240 -30780
11240 -30780
11234 -30783
11234 -30783
11229 -30785
11229 -30785
11223 -30787
11223 -30787
11217 -30789
11217 -30789
11211 -30791
11211 -30791
11205 -30794
11205 -30794
11199 -30796
11199 -30796
11193 -30798
11193 -30798
11187 -30800
11187 -30800
11181 -30802
11181 -30802
11175 -30804
11175 -30804
11169 -30806
11169 -30806
11163 -30808
11163 -30808
11157 -30810
11157 -30810
11151 -30812
11151 -30812
11145 -30814
11145 -30814
11139 -30817
11139 -30817
11133 -30819
11133 -30819
11127 -30821
11127 -30821
11121 -30823
11121 -30823
11116 -30825
11116 -30825
11110 -30828
11110 -30828
11104 -30830
11104 -30830
11098 -30832
11098 -30832
11092 -30834
11092 -30834
11086 -30836
11086 -30836
11080 -30839
11080 -30839
11074 -30840
11074 -30840
11068 -30842
11068 -30842
11063 -30844
11063 -30844
11057 -30846
11057 -30846
11051 -30849
11051 -30849
11045 -30851
11045 -30851
11039 -30853
11039 -30853
11033 -30855
11033 -30855
11027 -30857
11027 -30857
11021 -30859
11021 -30859
11015 -30861
11015 -30861
11009 -30863
11009 -30863
11003 -30865
11003 -30865
10997 -30867
10997 -30867
10992 -30870
10992 -30870
10986 -30872
10986 -30872
10980 -30874
10980 -30874
10974 -30876
10974 -30876
10968 -30878
10968 -30878
10962 -30881
10962 -30881
10956 -30883
10956 -30883
10950 -30885
10950 -30885
10944 -30887
10944 -30887
10938 -30889
10938 -30889
10932 -30891
10932 -30891
10926 -30893
10926 -30893
10920 -30895
10920 -30895
10914 -30897
10914 -30897
10908 -30899
10908 -30899
10902 -30901
10902 -30901
10897 -30903
10897 -30903
10891 -30905
10891 -30905
10885 -30907
10885 -30907
10879 -30909
10879 -30909
10874 -30912
10874 -30912
10868 -30914
10868 -30914
10862 -30916
10862 -30916
10856 -30918
10856 -30918
10850 -30920
10850 -30920
10844 -30922
10844 -30922
10838 -30924
10838 -30924
10832 -30926
10832 -30926
10826 -30928
10826 -30928
10820 -30930
10820 -30930
10814 -30932
10814 -30932
10808 -30935
10808 -30935
10803 -30937
10803 -30937
10797 -30939
10797 -30939
10791 -30941
10791 -30941
10785 -30943
10785 -30943
10779 -30945
10779 -30945
10773 -30947
10773 -30947
10767 -30949
10767 -30949
10761 -30951
10761 -30951
10755 -30953
10755 -30953
10749 -30955
10749 -30955
10743 -30957
10743 -30957
10737 -30959
10737 -30959
10731 -30961
10731 -30961
10725 -30963
10725 -30963
10719 -30965
10719 -30965
10713 -30967
10713 -30967
10708 -30969
10708 -30969
10702 -30971
10702 -30971
10696 -30973
10696 -30973
10690 -30975
10690 -30975
10684 -30977
10684 -30977
10678 -30979
10678 -30979
10672 -30981
10672 -30981
10666 -30983
10666 -30983
10660 -30986
10660 -30986
10654 -30988
10654 -30988
10648 -30990
10648 -30990
10642 -30992
10642 -30992
10636 -30994
10636 -30994
10630 -30996
10630 -30996
10624 -30998
10624 -30998
10618 -31000
10618 -31000
10613 -31002
10613 -31002
10607 -31004
10607 -31004
10601 -31006
10601 -31006
10595 -31008
10595 -31008
10589 -31010
10589 -31010
10583 -31012
10583 -31012
10577 -31014
10577 -31014
10571 -31016
10571 -31016
10565 -31018
10565 -31018
10559 -31020
10559 -31020
10553 -31022
10553 -31022
10547 -31024
10547 -31024
10541 -31026
10541 -31026
10535 -31028
10535 -31028
10529 -31030
10529 -31030
10523 -31032
10523 -31032
10518 -31034
10518 -31034
10512 -31036
10512 -31036
10506 -31039
10506 -31039
10500 -31041
10500 -31041
10494 -31043
10494 -31043
10488 -31045
10488 -31045
10482 -31047
10482 -31047
10476 -31049
10476 -31049
10470 -31051
10470 -31051
10464 -31053
10464 -31053
10458 -31055
10458 -31055
10452 -31057
10452 -31057
10446 -31059
10446 -31059
10439 -31060
10439 -31060
10433 -31062
10433 -31062
10427 -31064
10427 -31064
10422 -31066
10422 -31066
10416 -31068
10416 -31068
10410 -31070
10410 -31070
10404 -31072
10404 -31072
10398 -31074
10398 -31074
10392 -31076
10392 -31076
10386 -31078
10386 -31078
10380 -31080
10380 -31080
10374 -31082
10374 -31082
10368 -31084
10368 -31084
10362 -31086
10362 -31086
10356 -31088
10356 -31088
10350 -31091
10350 -31091
10344 -31093
10344 -31093
10338 -31095
10338 -31095
10332 -31097
10332 -31097
10327 -31099
10327 -31099
10321 -31100
10321 -31100
10315 -31102
10315 -31102
10309 -31104
10309 -31104
10303 -31106
10303 -31106
10297 -31108
10297 -31108
10291 -31110
10291 -31110
10285 -31112
10285 -31112
10279 -31114
10279 -31114
10273 -31116
10273 -31116
10267 -31118
10267 -31118
10261 -31120
10261 -31120
10255 -31122
10255 -31122
10249 -31123
10249 -31123
10243 -31125
10243 -31125
10237 -31127
10237 -31127
10231 -31130
10231 -31130
10225 -31132
10225 -31132
10219 -31134
10219 -31134
10213 -31136
10213 -31136
10207 -31138
10207 -31138
10201 -31140
10201 -31140
10195 -31142
10195 -31142
10189 -31143
10189 -31143
10183 -31145
10183 -31145
10177 -31147
10177 -31147
10171 -31149
10171 -31149
10165 -31151
10165 -31151
10159 -31153
10159 -31153
10153 -31155
10153 -31155
10147 -31157
10147 -31157
10142 -31159
10142 -31159
10136 -31161
10136 -31161
10130 -31162
10130 -31162
10124 -31165
10124 -31165
10118 -31167
10118 -31167
10112 -31169
10112 -31169
10106 -31171
10106 -31171
10100 -31173
10100 -31173
10094 -31175
10094 -31175
10088 -31177
10088 -31177
10082 -31179
10082 -31179
10076 -31181
10076 -31181
10070 -31182
10070 -31182
10064 -31184
10064 -31184
10058 -31186
10058 -31186
10052 -31188
10052 -31188
10046 -31190
10046 -31190
10040 -31192
10040 -31192
10034 -31194
10034 -31194
10028 -31196
10028 -31196
10022 -31198
10022 -31198
10016 -31200
10016 -31200
10010 -31201
10010 -31201
10004 -31203
10004 -31203
9998 -31205
9998 -31205
9992 -31207
9992 -31207
9986 -31209
9986 -31209
9980 -31211
9980 -31211
9974 -31213
9974 -31213
9968 -31215
9968 -31215
9962 -31217
9962 -31217
9956 -31219
9956 -31219
9950 -31220
9950 -31220
9944 -31222
9944 -31222
9938 -31224
9938 -31224
9932 -31226
9932 -31226
9926 -31228
9926 -31228
9920 -31230
9920 -31230
9914 -31232
9914 -31232
9908 -31234
9908 -31234
9902 -31236
9902 -31236
9897 -31238
9897 -31238
9891 -31239
9891 -31239
9885 -31241
9885 -31241
9879 -31243
9879 -31243
9873 -31245
9873 -31245
9867 -31247
9867 -31247
9861 -31249
9861 -31249
9855 -31251
9855 -31251
9849 -31253
9849 -31253
9843 -31255
9843 -31255
9837 -31256
9837 -31256
9831 -31258
9831 -31258
9825 -31260
9825 -31260
9819 -31262
9819 -31262
9813 -31264
9813 -31264
9807 -31266
9807 -31266
9801 -31268
9801 -31268
9795 -31270
9795 -31270
9789 -31272
9789 -31272
9783 -31274
9783 -31274
9777 -31275
9777 -31275
9771 -31277
9771 -31277
9765 -31279
9765 -31279
9759 -31281
9759 -31281
9753 -31283
9753 -31283
9747 -31285
9747 -31285
9741 -31287
9741 -31287
9735 -31289
9735 -31289
9729 -31291
9729 -31291
9723 -31293
9723 -31293
9717 -31294
9717 -31294
9711 -31296
9711 -31296
9705 -31298
9705 -31298
9699 -31300
9699 -31300
9693 -31302
9693 -31302
9687 -31304
9687 -31304
9681 -31306
9681 -31306
9675 -31308
9675 -31308
9669 -31310
9669 -31310
9663 -31311
9663 -31311
9657 -31312
9657 -31312
9651 -31314
9651 -31314
9644 -31316
9644 -31316
9638 -31318
9638 -31318
9632 -31320
9632 -31320
9626 -31322
9626 -31322
9620 -31324
9620 -31324
9614 -31326
9614 -31326
9608 -31328
9608 -31328
9602 -31330
9602 -31330
9596 -31331
9596 -31331
9590 -31333
9590 -31333
9584 -31335
9584 -31335
9578 -31337
9578 -31337
9572 -31339
9572 -31339
9566 -31341
9566 -31341
9560 -31343
9560 -31343
9554 -31344
9554 -31344
9548 -31346
9548 -31346
9542 -31348
9542 -31348
9536 -31349
9536 -31349
9530 -31351
9530 -31351
9524 -31353
9524 -31353
9518 -31355
9518 -31355
9512 -31357
9512 -31357
9506 -31359
9506 -31359
9500 -31361
9500 -31361
9494 -31362
9494 -31362
9488 -31364
9488 -31364
9482 -31366
9482 -31366
9476 -31368
9476 -31368
9470 -31369
9470 -31369
9464 -31372
9464 -31372
9458 -31374
9458 -31374
9452 -31376
9452 -31376
9446 -31377
9446 -31377
9440 -31379
9440 -31379
9434 -31381
9434 -31381
9428 -31383
9428 -31383
9422 -31384
9422 -31384
9416 -31386
9416 -31386
9409 -31388
9409 -31388
9403 -31390
9403 -31390
9397 -31391
9397 -31391
9391 -31393
9391 -31393
9385 -31395
9385 -31395
9379 -31397
9379 -31397
9373 -31398
9373 -31398
9367 -31400
9367 -31400
9361 -31402
9361 -31402
9355 -31405
9355 -31405
9349 -31406
9349 -31406
9343 -31408
9343 -31408
9337 -31410
9337 -31410
9331 -31412
9331 -31412
9325 -31413
9325 -31413
9319 -31415
9319 -31415
9313 -31417
9313 -31417
9307 -31419
9307 -31419
9301 -31420
9301 -31420
9296 -31422
9296 -31422
9290 -31424
9290 -31424
9284 -31426
9284 -31426
9278 -31427
9278 -31427
9272 -31429
9272 -31429
9266 -31431
9266 -31431
9260 -31433
9260 -31433
9254 -31434
9254 -31434
9248 -31436
9248 -31436
9242 -31438
9242 -31438
9236 -31440
9236 -31440
9230 -31441
9230 -31441
9224 -31443
9224 -31443
9217 -31445
9217 -31445
9211 -31447
9211 -31447
9205 -31448
9205 -31448
9199 -31450
9199 -31450
9193 -31452
9193 -31452
9187 -31454
9187 -31454
9181 -31455
9181 -31455
9175 -31457
9175 -31457
9169 -31459
9169 -31459
9163 -31461
9163 -31461
9157 -31462
9157 -31462
9151 -31464
9151 -31464
9145 -31466
9145 -31466
9139 -31468
9139 -31468
9133 -31469
9133 -31469
9127 -31471
9127 -31471
9121 -31473
9121 -31473
9115 -31475
9115 -31475
9109 -31476
9109 -31476
9103 -31478
9103 -31478
9097 -31480
9097 -31480
9091 -31482
9091 -31482
9085 -31483
9085 -31483
9079 -31485
9079 -31485
9073 -31487
9073 -31487
9067 -31489
9067 -31489
9061 -31490
9061 -31490
9055 -31492
9055 -31492
9049 -31494
9049 -31494
9043 -31496
9043 -31496
9037 -31497
9037 -31497
9031 -31499
9031 -31499
9024 -31501
9024 -31501
9018 -31503
9018 -31503
9012 -31504
9012 -31504
9006 -31506
9006 -31506
9000 -31508
9000 -31508
8994 -31510
8994 -31510
8988 -31511
8988 -31511
8982 -31513
8982 -31513
8976 -31515
8976 -31515
8970 -31517
8970 -31517
8964 -31518
8964 -31518
8958 -31520
8958 -31520
8951 -31522
8951 -31522
8945 -31524
8945 -31524
8939 -31525
8939 -31525
8933 -31527
8933 -31527
8927 -31529
8927 -31529
8921 -31531
8921 -31531
8915 -31532
8915 -31532
8909 -31534
8909 -31534
8903 -31536
8903 -31536
8897 -31538
8897 -31538
8891 -31538
8891 -31538
8885 -31540
8885 -31540
8879 -31542
8879 -31542
8873 -31544
8873 -31544
8867 -31545
8867 -31545
8861 -31547
8861 -31547
8855 -31549
8855 -31549
8849 -31551
8849 -31551
8843 -31552
8843 -31552
8837 -31554
8837 -31554
8830 -31556
8830 -31556
8824 -31558
8824 -31558
8818 -31559
8818 -31559
8812 -31561
8812 -31561
8806 -31563
8806 -31563
8800 -31565
8800 -31565
8794 -31566
8794 -31566
8788 -31568
8788 -31568
8782 -31569
8782 -31569
8776 -31571
8776 -31571
8770 -31572
8770 -31572
8764 -31574
8764 -31574
8758 -31576
8758 -31576
8752 -31578
8752 -31578
8746 -31579
8746 -31579
8740 -31581
8740 -31581
8734 -31583
8734 -31583
8728 -31584
8728 -31584
8722 -31586
8722 -31586
8716 -31587
8716 -31587
8710 -31589
8710 -31589
8704 -31591
8704 -31591
8697 -31592
8697 -31592
8691 -31595
8691 -31595
8685 -31596
8685 -31596
8679 -31598
8679 -31598
8673 -31600
8673 -31600
8667 -31601
8667 -31601
8661 -31603
8661 -31603
8655 -31604
8655 -31604
8649 -31606
8649 -31606
8643 -31608
8643 -31608
8637 -31609
8637 -31609
8631 -31611
8631 -31611
8625 -31612
8625 -31612
8618 -31614
8618 -31614
8612 -31616
8612 -31616
8606 -31617
8606 -31617
8600 -31619
8600 -31619
8594 -31620
8594 -31620
8588 -31622
8588 -31622
8582 -31625
8582 -31625
8576 -31626
8576 -31626
8571 -31628
8571 -31628
8565 -31629
8565 -31629
8559 -31631
8559 -31631
8553 -31633
8553 -31633
8547 -31634
8547 -31634
8540 -31636
8540 -31636
8534 -31637
8534 -31637
8528 -31639
8528 -31639
8522 -31641
8522 -31641
8516 -31642
8516 -31642
8510 -31644
8510 -31644
8504 -31645
8504 -31645
8498 -31647
8498 -31647
8492 -31649
8492 -31649
8486 -31650
8486 -31650
8480 -31652
8480 -31652
8474 -31653
8474 -31653
8467 -31655
8467 -31655
8461 -31657
8461 -31657
8455 -31658
8455 -31658
8449 -31660
8449 -31660
8443 -31661
8443 -31661
8437 -31663
8437 -31663
8431 -31665
8431 -31665
8425 -31666
8425 -31666
8419 -31668
8419 -31668
8413 -31669
8413 -31669
8407 -31671
8407 -31671
8401 -31673
8401 -31673
8395 -31674
8395 -31674
8388 -31676
8388 -31676
8382 -31677
8382 -31677
8376 -31679
8376 -31679
8370 -31681
8370 -31681
8364 -31682
8364 -31682
8358 -31684
8358 -31684
8352 -31686
8352 -31686
8346 -31687
8346 -31687
8340 -31689
8340 -31689
8334 -31690
8334 -31690
8328 -31692
8328 -31692
8322 -31694
8322 -31694
8316 -31695
8316 -31695
8309 -31697
8309 -31697
8303 -31698
8303 -31698
8297 -31700
8297 -31700
8291 -31702
8291 -31702
8285 -31703
8285 -31703
8279 -31705
8279 -31705
8273 -31706
8273 -31706
8267 -31708
8267 -31708
8261 -31710
8261 -31710
8255 -31711
8255 -31711
8249 -31713
8249 -31713
8243 -31714
8243 -31714
8237 -31716
8237 -31716
8230 -31718
8230 -31718
8224 -31719
8224 -31719
8218 -31721
8218 -31721
8212 -31722
8212 -31722
8206 -31724
8206 -31724
8200 -31726
8200 -31726
8194 -31727
8194 -31727
8188 -31729
8188 -31729
8182 -31730
8182 -31730
8176 -31732
8176 -31732
8170 -31734
8170 -31734
8164 -31735
8164 -31735
8158 -31737
8158 -31737
8151 -31738
8151 -31738
8145 -31740
8145 -31740
8139 -31742
8139 -31742
8133 -31743
8133 -31743
8126 -31745
8126 -31745
8120 -31746
8120 -31746
8114 -31747
8114 -31747
8108 -31749
8108 -31749
8102 -31750
8102 -31750
8096 -31752
8096 -31752
8090 -31753
8090 -31753
8084 -31755
8084 -31755
8077 -31757
8077 -31757
8071 -31758
8071 -31758
8065 -31760
8065 -31760
8059 -31761
8059 -31761
8053 -31763
8053 -31763
8047 -31765
8047 -31765
8041 -31766
8041 -31766
8035 -31768
8035 -31768
8029 -31769
8029 -31769
8023 -31771
8023 -31771
8017 -31773
8017 -31773
8011 -31774
8011 -31774
8005 -31775
8005 -31775
7998 -31776
7998 -31776
7992 -31778
7992 -31778
7986 -31780
7986 -31780
7980 -31781
7980 -31781
7974 -31783
7974 -31783
7968 -31784
7968 -31784
7962 -31786
7962 -31786
7956 -31787
7956 -31787
7950 -31789
7950 -31789
7944 -31790
7944 -31790
7938 -31792
7938 -31792
7931 -31793
7931 -31793
7925 -31795
7925 -31795
7919 -31797
7919 -31797
7913 -31799
7913 -31799
7907 -31800
7907 -31800
7901 -31802
7901 -31802
7895 -31803
7895 -31803
7889 -31804
7889 -31804
7883 -31806
7883 -31806
7876 -31807
7876 -31807
7870 -31809
7870 -31809
7864 -31810
7864 -31810
7858 -31812
7858 -31812
7852 -31813
7852 -31813
7846 -31815
7846 -31815
7840 -31816
7840 -31816
7834 -31818
7834 -31818
7828 -31819
7828 -31819
7821 -31820
7821 -31820
7815 -31823
7815 -31823
7809 -31824
7809 -31824
7803 -31826
7803 -31826
7797 -31827
7797 -31827
7791 -31829
7791 -31829
7785 -31830
7785 -31830
7779 -31832
7779 -31832
7773 -31833
7773 -31833
7767 -31835
7767 -31835
7760 -31836
7760 -31836
7754 -31837
7754 -31837
7748 -31839
7748 -31839
7742 -31840
7742 -31840
7736 -31842
7736 -31842
7730 -31843
7730 -31843
7724 -31845
7724 -31845
7718 -31846
7718 -31846
7712 -31848
7712 -31848
7705 -31849
7705 -31849
7699 -31850
7699 -31850
7693 -31852
7693 -31852
7687 -31853
7687 -31853
7681 -31855
7681 -31855
7675 -31856
7675 -31856
7669 -31858
7669 -31858
7663 -31859
7663 -31859
7657 -31861
7657 -31861
7650 -31862
7650 -31862
7644 -31864
7644 -31864
7638 -31865
7638 -31865
7632 -31866
7632 -31866
7626 -31868
7626 -31868
7620 -31869
7620 -31869
7614 -31871
7614 -31871
7608 -31872
7608 -31872
7602 -31874
7602 -31874
7595 -31875
7595 -31875
7589 -31877
7589 -31877
7583 -31878
7583 -31878
7577 -31880
7577 -31880
7572 -31882
7572 -31882
7565 -31882
7565 -31882
7559 -31884
7559 -31884
7553 -31885
7553 -31885
7547 -31887
7547 -31887
7540 -31888
7540 -31888
7534 -31890
7534 -31890
7528 -31891
7528 -31891
7522 -31893
7522 -31893
7516 -31894
7516 -31894
7510 -31896
7510 -31896
7504 -31897
7504 -31897
7498 -31898
7498 -31898
7492 -31900
7492 -31900
7485 -31901
7485 -31901
7479 -31903
7479 -31903
7473 -31904
7473 -31904
7467 -31906
7467 -31906
7461 -31907
7461 -31907
7455 -31909
7455 -31909
7449 -31910
7449 -31910
7443 -31912
7443 -31912
7437 -31913
7437 -31913
7430 -31914
7430 -31914
7424 -31916
7424 -31916
7418 -31917
7418 -31917
7412 -31919
7412 -31919
7406 -31920
7406 -31920
7400 -31922
7400 -31922
7394 -31923
7394 -31923
7388 -31925
7388 -31925
7382 -31926
7382 -31926
7376 -31928
7376 -31928
7369 -31929
7369 -31929
7363 -31930
7363 -31930
7357 -31932
7357 -31932
7351 -31933
7351 -31933
7345 -31935
7345 -31935
7339 -31936
7339 -31936
7333 -31938
7333 -31938
7327 -31939
7327 -31939
7321 -31940
7321 -31940
7314 -31941
7314 -31941
7308 -31942
7308 -31942
7302 -31944
7302 -31944
7296 -31945
7296 -31945
7290 -31947
7290 -31947
7284 -31948
7284 -31948
7278 -31950
7278 -31950
7272 -31951
7272 -31951
7266 -31953
7266 -31953
7259 -31954
7259 -31954
7253 -31956
7253 -31956
7247 -31957
7247 -31957
7241 -31958
7241 -31958
7235 -31960
7235 -31960
7229 -31961
7229 -31961
7223 -31963
7223 -31963
7217 -31963
7217 -31963
7211 -31965
7211 -31965
7204 -31966
7204 -31966
7198 -31968
7198 -31968
7192 -31969
7192 -31969
7186 -31971
7186 -31971
7180 -31972
7180 -31972
7174 -31973
7174 -31973
7168 -31975
7168 -31975
7162 -31976
7162 -31976
7155 -31977
7155 -31977
7149 -31978
7149 -31978
7143 -31980
7143 -31980
7137 -31981
7137 -31981
7131 -31983
7131 -31983
7125 -31985
7125 -31985
7119 -31986
7119 -31986
7112 -31987
7112 -31987
7106 -31989
7106 -31989
7100 -31990
7100 -31990
7094 -31991
7094 -31991
7088 -31992
7088 -31992
7082 -31994
7082 -31994
7075 -31995
7075 -31995
7069 -31996
7069 -31996
7063 -31998
7063 -31998
7057 -31999
7057 -31999
7051 -32000
7051 -32000
7045 -32002
7045 -32002
7039 -32003
7039 -32003
7032 -32004
7032 -32004
7026 -32005
7026 -32005
7020 -32007
7020 -32007
7014 -32008
7014 -32008
7008 -32010
7008 -32010
7002 -32012
7002 -32012
6996 -32013
6996 -32013
6989 -32014
6989 -32014
6983 -32016
6983 -32016
6977 -32017
6977 -32017
6971 -32018
6971 -32018
6965 -32019
6965 -32019
6960 -32021
6960 -32021
6954 -32022
6954 -32022
6947 -32023
6947 -32023
6941 -32025
6941 -32025
6935 -32026
6935 -32026
6929 -32027
6929 -32027
6923 -32028
6923 -32028
6917 -32030
6917 -32030
6910 -32031
6910 -32031
6904 -32032
6904 -32032
6898 -32034
6898 -32034
6892 -32035
6892 -32035
6886 -32036
6886 -32036
6880 -32038
6880 -32038
6874 -32039
6874 -32039
6867 -32040
6867 -32040
6861 -32041
6861 -32041
6855 -32043
6855 -32043
6849 -32044
6849 -32044
6843 -32045
6843 -32045
6837 -32047
6837 -32047
6831 -32048
6831 -32048
6824 -32049
6824 -32049
6818 -32051
6818 -32051
6812 -32052
6812 -32052
6806 -32053
6806 -32053
6800 -32054
6800 -32054
6794 -32056
6794 -32056
6788 -32057
6788 -32057
6781 -32058
6781 -32058
6775 -32060
6775 -32060
6769 -32061
6769 -32061
6763 -32062
6763 -32062
6757 -32063
6757 -32063
6751 -32065
6751 -32065
6744 -32066
6744 -32066
6738 -32067
6738 -32067
6732 -32069
6732 -32069
6726 -32070
6726 -32070
6720 -32071
6720 -32071
6714 -32073
6714 -32073
6708 -32074
6708 -32074
6701 -32075
6701 -32075
6695 -32076
6695 -32076
6689 -32078
6689 -32078
6683 -32079
6683 -32079
6677 -32080
6677 -32080
6671 -32082
6671 -32082
6665 -32083
6665 -32083
6658 -32084
6658 -32084
6652 -32086
6652 -32086
6646 -32087
6646 -32087
6640 -32088
6640 -32088
6634 -32089
6634 -32089
6628 -32091
6628 -32091
6621 -32092
6621 -32092
6615 -32093
6615 -32093
6608 -32095
6608 -32095
6602 -32096
6602 -32096
6596 -32097
6596 -32097
6590 -32099
6590 -32099
6584 -32100
6584 -32100
6577 -32101
6577 -32101
6571 -32102
6571 -32102
6565 -32104
6565 -32104
6559 -32104
6559 -32104
6553 -32105
6553 -32105
6547 -32107
6547 -32107
6541 -32108
6541 -32108
6534 -32109
6534 -32109
6528 -32110
6528 -32110
6522 -32112
6522 -32112
6516 -32113
6516 -32113
6510 -32114
6510 -32114
6504 -32116
6504 -32116
6498 -32117
6498 -32117
6491 -32118
6491 -32118
6485 -32120
6485 -32120
6479 -32121
6479 -32121
6473 -32122
6473 -32122
6467 -32123
6467 -32123
6461 -32125
6461 -32125
6454 -32126
6454 -32126
6448 -32127
6448 -32127
6442 -32129
6442 -32129
6436 -32129
6436 -32129
6430 -32130
6430 -32130
6424 -32132
6424 -32132
6418 -32133
6418 -32133
6411 -32134
6411 -32134
6405 -32135
6405 -32135
6399 -32137
6399 -32137
6393 -32138
6393 -32138
6387 -32139
6387 -32139
6381 -32140
6381 -32140
6374 -32141
6374 -32141
6368 -32143
6368 -32143
6362 -32144
6362 -32144
6356 -32145
6356 -32145
6350 -32147
6350 -32147
6344 -32148
6344 -32148
6337 -32149
6337 -32149
6331 -32151
6331 -32151
6325 -32152
6325 -32152
6319 -32153
6319 -32153
6313 -32154
6313 -32154
6306 -32155
6306 -32155
6300 -32156
6300 -32156
6294 -32158
6294 -32158
6288 -32159
6288 -32159
6282 -32160
6282 -32160
6276 -32161
6276 -32161
6269 -32162
6269 -32162
6263 -32163
6263 -32163
6257 -32164
6257 -32164
6251 -32167
6251 -32167
6245 -32168
6245 -32168
6239 -32169
6239 -32169
6232 -32170
6232 -32170
6226 -32171
6226 -32171
6220 -32172
6220 -32172
6214 -32174
6214 -32174
6208 -32175
6208 -32175
6201 -32176
6201 -32176
6195 -32177
6195 -32177
6189 -32178
6189 -32178
6183 -32179
6183 -32179
6177 -32180
6177 -32180
6171 -32182
6171 -32182
6164 -32183
6164 -32183
6158 -32184
6158 -32184
6152 -32185
6152 -32185
6146 -32186
6146 -32186
6140 -32187
6140 -32187
6133 -32189
6133 -32189
6127 -32190
6127 -32190
6121 -32191
6121 -32191
6115 -32192
6115 -32192
6109 -32193
6109 -32193
6103 -32194
6103 -32194
6096 -32196
6096 -32196
6090 -32197
6090 -32197
6084 -32198
6084 -32198
6078 -32200
6078 -32200
6072 -32201
6072 -32201
6065 -32202
6065 -32202
6059 -32203
6059 -32203
6053 -32205
6053 -32205
6047 -32206
6047 -32206
6041 -32207
6041 -32207
6035 -32208
6035 -32208
6028 -32209
6028 -32209
6022 -32210
6022 -32210
6016 -32212
6016 -32212
6010 -32213
6010 -32213
6004 -32214
6004 -32214
5999 -32215
5999 -32215
5991 -32216
5991 -32216
5985 -32217
5985 -32217
5979 -32218
5979 -32218
5973 -32220
5973 -32220
5967 -32221
5967 -32221
5960 -32222
5960 -32222
5954 -32223
5954 -32223
5948 -32224
5948 -32224
5942 -32225
5942 -32225
5936 -32227
5936 -32227
5930 -32228
5930 -32228
5923 -32229
5923 -32229
5917 -32230
5917 -32230
5911 -32230
5911 -32230
5905 -32231
5905 -32231
5899 -32233
5899 -32233
5892 -32234
5892 -32234
5886 -32235
5886 -32235
5880 -32236
5880 -32236
5874 -32237
5874 -32237
5868 -32238
5868 -32238
5862 -32239
5862 -32239
5855 -32241
5855 -32241
5849 -32242
5849 -32242
5843 -32243
5843 -32243
5837 -32244
5837 -32244
5831 -32245
5831 -32245
5824 -32246
5824 -32246
5818 -32248
5818 -32248
5812 -32249
5812 -32249
5806 -32250
5806 -32250
5800 -32251
5800 -32251
5794 -32252
5794 -32252
5787 -32253
5787 -32253
5781 -32254
5781 -32254
5775 -32256
5775 -32256
5769 -32257
5769 -32257
5763 -32258
5763 -32258
5756 -32259
5756 -32259
5750 -32260
5750 -32260
5744 -32261
5744 -32261
5738 -32262
5738 -32262
5732 -32263
5732 -32263
5726 -32264
5726 -32264
5719 -32265
5719 -32265
5713 -32266
5713 -32266
5707 -32267
5707 -32267
5701 -32269
5701 -32269
5695 -32270
5695 -32270
5689 -32271
5689 -32271
5682 -32272
5682 -32272
5676 -32273
5676 -32273
5670 -32274
5670 -32274
5664 -32275
5664 -32275
5658 -32277
5658 -32277
5651 -32278
5651 -32278
5645 -32279
5645 -32279
5639 -32279
5639 -32279
5633 -32280
5633 -32280
5627 -32281
5627 -32281
5621 -32283
5621 -32283
5614 -32284
5614 -32284
5608 -32285
5608 -32285
5602 -32286
5602 -32286
5596 -32287
5596 -32287
5590 -32288
5590 -32288
5583 -32289
5583 -32289
5577 -32290
5577 -32290
5571 -32291
5571 -32291
5565 -32292
5565 -32292
5559 -32293
5559 -32293
5552 -32295
5552 -32295
5546 -32296
5546 -32296
5540 -32297
5540 -32297
5534 -32298
5534 -32298
5528 -32299
5528 -32299
5521 -32300
5521 -32300
5515 -32301
5515 -32301
5509 -32302
5509 -32302
5503 -32303
5503 -32303
5497 -32304
5497 -32304
5490 -32305
5490 -32305
5484 -32306
5484 -32306
5478 -32307
5478 -32307
5472 -32308
5472 -32308
5466 -32309
5466 -32309
5459 -32310
5459 -32310
5453 -32311
5453 -32311
5447 -32312
5447 -32312
5441 -32313
5441 -32313
5435 -32314
5435 -32314
5428 -32316
5428 -32316
5422 -32317
5422 -32317
5416 -32318
5416 -32318
5410 -32319
5410 -32319
5404 -32320
5404 -32320
5397 -32321
5397 -32321
5391 -32322
5391 -32322
5385 -32323
5385 -32323
5379 -32324
5379 -32324
5372 -32325
5372 -32325
5366 -32326
5366 -32326
5360 -32327
5360 -32327
5354 -32328
5354 -32328
5348 -32329
5348 -32329
5341 -32330
5341 -32330
5335 -32331
5335 -32331
5329 -32332
5329 -32332
5323 -32333
5323 -32333
5317 -32334
5317 -32334
5310 -32335
5310 -32335
5304 -32336
5304 -32336
5298 -32337
5298 -32337
5292 -32338
5292 -32338
5286 -32339
5286 -32339
5279 -32340
5279 -32340
5273 -32341
5273 -32341
5267 -32342
5267 -32342
5261 -32343
5261 -32343
5255 -32344
5255 -32344
5248 -32345
5248 -32345
5242 -32346
5242 -32346
5236 -32347
5236 -32347
5230 -32348
5230 -32348
5224 -32349
5224 -32349
5217 -32350
5217 -32350
5211 -32351
5211 -32351
5205 -32352
5205 -32352
5199 -32352
5199 -32352
5193 -32353
5193 -32353
5186 -32354
5186 -32354
5180 -32355
5180 -32355
5174 -32356
5174 -32356
5168 -32357
5168 -32357
5162 -32358
5162 -32358
5155 -32359
5155 -32359
5149 -32360
5149 -32360
5143 -32361
5143 -32361
5137 -32362
5137 -32362
5131 -32363
5131 -32363
5124 -32364
5124 -32364
5118 -32365
5118 -32365
5112 -32366
5112 -32366
5106 -32367
5106 -32367
5100 -32368
5100 -32368
5093 -32369
5093 -32369
5087 -32370
5087 -32370
5081 -32371
5081 -32371
5075 -32372
5075 -32372
5069 -32373
5069 -32373
5062 -32374
5062 -32374
5056 -32375
5056 -32375
5050 -32376
5050 -32376
5044 -32377
5044 -32377
5038 -32378
5038 -32378
5031 -32379
5031 -32379
5025 -32380
5025 -32380
5019 -32381
5019 -32381
5013 -32382
5013 -32382
5007 -32383
5007 -32383
5000 -32384
5000 -32384
4994 -32385
4994 -32385
4988 -32386
4988 -32386
4982 -32387
4982 -32387
4975 -32387
4975 -32387
4969 -32388
4969 -32388
4963 -32389
4963 -32389
4957 -32390
4957 -32390
4951 -32391
4951 -32391
4944 -32392
4944 -32392
4938 -32393
4938 -32393
4932 -32394
4932 -32394
4926 -32395
4926 -32395
4920 -32396
4920 -32396
4913 -32397
4913 -32397
4907 -32398
4907 -32398
4901 -32399
4901 -32399
4895 -32400
4895 -32400
4889 -32401
4889 -32401
4882 -32402
4882 -32402
4876 -32403
4876 -32403
4870 -32404
4870 -32404
4864 -32405
4864 -32405
4858 -32406
4858 -32406
4851 -32406
4851 -32406
4845 -32407
4845 -32407
4839 -32408
4839 -32408
4833 -32409
4833 -32409
4827 -32410
4827 -32410
4820 -32411
4820 -32411
4814 -32412
4814 -32412
4808 -32413
4808 -32413
4802 -32414
4802 -32414
4796 -32415
4796 -32415
4789 -32416
4789 -32416
4783 -32416
4783 -32416
4777 -32417
4777 -32417
4771 -32418
4771 -32418
4764 -32420
4764 -32420
4758 -32421
4758 -32421
4752 -32422
4752 -32422
4746 -32423
4746 -32423
4740 -32423
4740 -32423
4733 -32424
4733 -32424
4727 -32425
4727 -32425
4721 -32426
4721 -32426
4715 -32427
4715 -32427
4708 -32428
4708 -32428
4702 -32428
4702 -32428
4696 -32429
4696 -32429
4690 -32430
4690 -32430
4683 -32431
4683 -32431
4677 -32432
4677 -32432
4671 -32433
4671 -32433
4665 -32435
4665 -32435
4659 -32435
4659 -32435
4652 -32436
4652 -32436
4646 -32437
4646 -32437
4640 -32438
4640 -32438
4634 -32439
4634 -32439
4627 -32440
4627 -32440
4621 -32441
4621 -32441
4615 -32441
4615 -32441
4609 -32442
4609 -32442
4603 -32443
4603 -32443
4596 -32444
4596 -32444
4590 -32445
4590 -32445
4584 -32446
4584 -32446
4578 -32447
4578 -32447
4571 -32447
4571 -32447
4565 -32448
4565 -32448
4559 -32449
4559 -32449
4553 -32450
4553 -32450
4546 -32451
4546 -32451
4540 -32452
4540 -32452
4534 -32452
4534 -32452
4528 -32453
4528 -32453
4522 -32454
4522 -32454
4515 -32455
4515 -32455
4509 -32456
4509 -32456
4503 -32457
4503 -32457
4497 -32458
4497 -32458
4490 -32459
4490 -32459
4484 -32460
4484 -32460
4478 -32461
4478 -32461
4472 -32462
4472 -32462
4466 -32463
4466 -32463
4459 -32464
4459 -32464
4453 -32465
4453 -32465
4447 -32465
4447 -32465
4441 -32466
4441 -32466
4434 -32467
4434 -32467
4428 -32468
4428 -32468
4422 -32469
4422 -32469
4416 -32470
4416 -32470
4410 -32471
4410 -32471
4403 -32471
4403 -32471
4397 -32472
4397 -32472
4391 -32473
4391 -32473
4385 -32474
4385 -32474
4378 -32475
4378 -32475
4372 -32476
4372 -32476
4366 -32476
4366 -32476
4360 -32477
4360 -32477
4353 -32478
4353 -32478
4347 -32479
4347 -32479
4341 -32480
4341 -32480
4335 -32481
4335 -32481
4329 -32482
4329 -32482
4322 -32481
4322 -32481
4316 -32482
4316 -32482
4310 -32483
4310 -32483
4304 -32484
4304 -32484
4297 -32485
4297 -32485
4291 -32486
4291 -32486
4285 -32487
4285 -32487
4279 -32487
4279 -32487
4273 -32488
4273 -32488
4266 -32489
4266 -32489
4260 -32490
4260 -32490
4254 -32491
4254 -32491
4248 -32492
4248 -32492
4241 -32492
4241 -32492
4235 -32493
4235 -32493
4229 -32494
4229 -32494
4223 -32495
4223 -32495
4216 -32496
4216 -32496
4210 -32497
4210 -32497
4204 -32498
4204 -32498
4198 -32498
4198 -32498
4192 -32499
4192 -32499
4185 -32500
4185 -32500
4179 -32501
4179 -32501
4173 -32502
4173 -32502
4167 -32503
4167 -32503
4160 -32504
4160 -32504
4154 -32504
4154 -32504
4148 -32504
4148 -32504
4142 -32505
4142 -32505
4136 -32506
4136 -32506
4129 -32507
4129 -32507
4123 -32508
4123 -32508
4117 -32509
4117 -32509
4111 -32509
4111 -32509
4104 -32510
4104 -32510
4098 -32511
4098 -32511
4092 -32512
4092 -32512
4086 -32513
4086 -32513
4079 -32514
4079 -32514
4073 -32514
4073 -32514
4067 -32515
4067 -32515
4061 -32516
4061 -32516
4055 -32517
4055 -32517
4048 -32517
4048 -32517
4042 -32518
4042 -32518
4036 -32519
4036 -32519
4030 -32519
4030 -32519
4023 -32520
4023 -32520
4017 -32521
4017 -32521
4011 -32522
4011 -32522
4005 -32523
4005 -32523
3999 -32523
3999 -32523
3992 -32524
3992 -32524
3986 -32525
3986 -32525
3980 -32525
3980 -32525
3974 -32526
3974 -32526
3967 -32527
3967 -32527
3961 -32529
3961 -32529
3955 -32529
3955 -32529
3949 -32530
3949 -32530
3942 -32531
3942 -32531
3936 -32531
3936 -32531
3930 -32532
3930 -32532
3924 -32533
3924 -32533
3917 -32533
3917 -32533
3911 -32534
3911 -32534
3905 -32535
3905 -32535
3899 -32535
3899 -32535
3892 -32536
3892 -32536
3886 -32537
3886 -32537
3880 -32537
3880 -32537
3874 -32538
3874 -32538
3867 -32539
3867 -32539
3861 -32540
3861 -32540
3855 -32540
3855 -32540
3849 -32542
3849 -32542
3842 -32543
3842 -32543
3836 -32543
3836 -32543
3830 -32544
3830 -32544
3824 -32545
3824 -32545
3817 -32545
3817 -32545
3811 -32546
3811 -32546
3805 -32547
3805 -32547
3799 -32547
3799 -32547
3793 -32548
3793 -32548
3786 -32549
3786 -32549
3780 -32549
3780 -32549
3774 -32550
3774 -32550
3768 -32551
3768 -32551
3761 -32552
3761 -32552
3755 -32552
3755 -32552
3749 -32553
3749 -32553
3743 -32554
3743 -32554
3736 -32554
3736 -32554
3730 -32555
3730 -32555
3724 -32556
3724 -32556
3718 -32556
3718 -32556
3711 -32557
3711 -32557
3705 -32558
3705 -32558
3699 -32558
3699 -32558
3693 -32559
3693 -32559
3686 -32560
3686 -32560
3680 -32560
3680 -32560
3674 -32561
3674 -32561
3668 -32562
3668 -32562
3661 -32563
3661 -32563
3655 -32563
3655 -32563
3649 -32564
3649 -32564
3643 -32565
3643 -32565
3636 -32565
3636 -32565
3630 -32566
3630 -32566
3624 -32567
3624 -32567
3618 -32567
3618 -32567
3612 -32568
3612 -32568
3605 -32569
3605 -32569
3599 -32569
3599 -32569
3593 -32570
3593 -32570
3587 -32571
3587 -32571
3580 -32571
3580 -32571
3574 -32572
3574 -32572
3568 -32573
3568 -32573
3562 -32574
3562 -32574
3555 -32574
3555 -32574
3549 -32575
3549 -32575
3543 -32576
3543 -32576
3537 -32576
3537 -32576
3530 -32577
3530 -32577
3524 -32578
3524 -32578
3518 -32578
3518 -32578
3512 -32579
3512 -32579
3505 -32580
3505 -32580
3499 -32580
3499 -32580
3493 -32581
3493 -32581
3487 -32582
3487 -32582
3480 -32582
3480 -32582
3474 -32583
3474 -32583
3468 -32584
3468 -32584
3462 -32585
3462 -32585
3455 -32585
3455 -32585
3449 -32586
3449 -32586
3443 -32587
3443 -32587
3437 -32587
3437 -32587
3430 -32588
3430 -32588
3424 -32589
3424 -32589
3418 -32589
3418 -32589
3412 -32590
3412 -32590
3406 -32591
3406 -32591
3399 -32591
3399 -32591
3393 -32592
3393 -32592
3387 -32593
3387 -32593
3381 -32593
3381 -32593
3374 -32594
3374 -32594
3368 -32594
3368 -32594
3362 -32595
3362 -32595
3356 -32595
3356 -32595
3349 -32596
3349 -32596
3343 -32597
3343 -32597
3337 -32597
3337 -32597
3331 -32598
3331 -32598
3324 -32599
3324 -32599
3318 -32599
3318 -32599
3312 -32600
3312 -32600
3306 -32601
3306 -32601
3299 -32601
3299 -32601
3293 -32602
3293 -32602
3287 -32603
3287 -32603
3281 -32603
3281 -32603
3274 -32604
3274 -32604
3268 -32605
3268 -32605
3262 -32606
3262 -32606
3256 -32605
3256 -32605
3249 -32606
3249 -32606
3243 -32607
3243 -32607
3237 -32607
3237 -32607
3231 -32608
3231 -32608
3224 -32609
3224 -32609
3218 -32609
3218 -32609
3212 -32610
3212 -32610
3206 -32611
3206 -32611
3199 -32611
3199 -32611
3193 -32612
3193 -32612
3187 -32612
3187 -32612
3181 -32613
3181 -32613
3174 -32613
3174 -32613
3168 -32614
3168 -32614
3162 -32615
3162 -32615
3156 -32616
3156 -32616
3149 -32616
3149 -32616
3143 -32617
3143 -32617
3137 -32617
3137 -32617
3131 -32618
3131 -32618
3124 -32619
3124 -32619
3118 -32619
3118 -32619
3112 -32620
3112 -32620
3106 -32620
3106 -32620
3099 -32621
3099 -32621
3093 -32621
3093 -32621
3087 -32622
3087 -32622
3081 -32622
3081 -32622
3074 -32623
3074 -32623
3068 -32623
3068 -32623
3062 -32624
3062 -32624
3056 -32624
3056 -32624
3049 -32626
3049 -32626
3043 -32627
3043 -32627
3037 -32627
3037 -32627
3031 -32628
3031 -32628
3024 -32628
3024 -32628
3018 -32629
3018 -32629
3012 -32629
3012 -32629
3005 -32630
3005 -32630
2999 -32630
2999 -32630
2993 -32631
2993 -32631
2987 -32631
2987 -32631
2980 -32632
2980 -32632
2974 -32632
2974 -32632
2968 -32633
2968 -32633
2962 -32634
2962 -32634
2955 -32634
2955 -32634
2949 -32635
2949 -32635
2943 -32635
2943 -32635
2937 -32636
2937 -32636
2930 -32636
2930 -32636
2924 -32637
2924 -32637
2918 -32637
2918 -32637
2912 -32638
2912 -32638
2905 -32638
2905 -32638
2899 -32639
2899 -32639
2893 -32639
2893 -32639
2887 -32640
2887 -32640
2880 -32641
2880 -32641
2874 -32641
2874 -32641
2868 -32642
2868 -32642
2862 -32642
2862 -32642
2855 -32643
2855 -32643
2849 -32643
2849 -32643
2843 -32644
2843 -32644
2837 -32644
2837 -32644
2830 -32645
2830 -32645
2824 -32645
2824 -32645
2818 -32646
2818 -32646
2812 -32647
2812 -32647
2805 -32647
2805 -32647
2799 -32648
2799 -32648
2793 -32648
2793 -32648
2786 -32649
2786 -32649
2780 -32649
2780 -32649
2774 -32650
2774 -32650
2768 -32650
2768 -32650
2761 -32651
2761 -32651
2755 -32651
2755 -32651
2749 -32652
2749 -32652
2743 -32652
2743 -32652
2736 -32653
2736 -32653
2730 -32654
2730 -32654
2724 -32654
2724 -32654
2718 -32655
2718 -32655
2711 -32655
2711 -32655
2705 -32656
2705 -32656
2699 -32656
2699 -32656
2693 -32657
2693 -32657
2686 -32657
2686 -32657
2680 -32658
2680 -32658
2674 -32658
2674 -32658
2668 -32659
2668 -32659
2661 -32659
2661 -32659
2655 -32660
2655 -32660
2649 -32661
2649 -32661
2643 -32661
2643 -32661
2636 -32662
2636 -32662
2630 -32662
2630 -32662
2624 -32663
2624 -32663
2618 -32663
2618 -32663
2611 -32664
2611 -32664
2605 -32664
2605 -32664
2599 -32665
2599 -32665
2592 -32665
2592 -32665
2586 -32666
2586 -32666
2580 -32666
2580 -32666
2574 -32667
2574 -32667
2567 -32667
2567 -32667
2561 -32667
2561 -32667
2555 -32668
2555 -32668
2549 -32668
2549 -32668
2542 -32669
2542 -32669
2536 -32669
2536 -32669
2530 -32670
2530 -32670
2524 -32670
2524 -32670
2517 -32671
2517 -32671
2511 -32671
2511 -32671
2505 -32672
2505 -32672
2499 -32672
2499 -32672
2492 -32673
2492 -32673
2486 -32674
2486 -32674
2480 -32674
2480 -32674
2474 -32675
2474 -32675
2467 -32675
2467 -32675
2461 -32676
2461 -32676
2455 -32675
2455 -32675
2449 -32676
2449 -32676
2442 -32676
2442 -32676
2436 -32677
2436 -32677
2430 -32677
2430 -32677
2424 -32678
2424 -32678
2417 -32678
2417 -32678
2411 -32679
2411 -32679
2405 -32679
2405 -32679
2398 -32680
2398 -32680
2392 -32680
2392 -32680
2386 -32681
2386 -32681
2380 -32681
2380 -32681
2373 -32681
2373 -32681
2367 -32683
2367 -32683
2361 -32683
2361 -32683
2355 -32684
2355 -32684
2348 -32684
2348 -32684
2342 -32684
2342 -32684
2336 -32685
2336 -32685
2329 -32685
2329 -32685
2323 -32685
2323 -32685
2317 -32686
2317 -32686
2311 -32686
2311 -32686
2304 -32687
2304 -32687
2298 -32687
2298 -32687
2292 -32687
2292 -32687
2286 -32688
2286 -32688
2279 -32688
2279 -32688
2273 -32689
2273 -32689
2267 -32690
2267 -32690
2260 -32690
2260 -32690
2254 -32691
2254 -32691
2248 -32691
2248 -32691
2242 -32692
2242 -32692
2235 -32692
2235 -32692
2229 -32692
2229 -32692
2223 -32693
2223 -32693
2217 -32693
2217 -32693
2210 -32694
2210 -32694
2204 -32694
2204 -32694
2198 -32694
2198 -32694
2191 -32695
2191 -32695
2185 -32695
2185 -32695
2179 -32695
2179 -32695
2173 -32696
2173 -32696
2166 -32696
2166 -32696
2160 -32697
2160 -32697
2154 -32697
2154 -32697
2148 -32697
2148 -32697
2141 -32698
2141 -32698
2135 -32698
2135 -32698
2129 -32699
2129 -32699
2122 -32699
2122 -32699
2116 -32699
2116 -32699
2110 -32700
2110 -32700
2104 -32700
2104 -32700
2097 -32701
2097 -32701
2091 -32702
2091 -32702
2085 -32702
2085 -32702
2079 -32703
2079 -32703
2072 -32703
2072 -32703
2066 -32703
2066 -32703
2060 -32704
2060 -32704
2053 -32704
2053 -32704
2047 -32705
2047 -32705
2041 -32705
2041 -32705
2035 -32705
2035 -32705
2028 -32706
2028 -32706
2022 -32706
2022 -32706
2016 -32707
2016 -32707
2010 -32707
2010 -32707
2003 -32707
2003 -32707
1997 -32708
1997 -32708
1991 -32708
1991 -32708
1984 -32709
1984 -32709
1978 -32709
1978 -32709
1972 -32709
1972 -32709
1966 -32710
1966 -32710
1959 -32710
1959 -32710
1953 -32711
1953 -32711
1947 -32711
1947 -32711
1940 -32711
1940 -32711
1934 -32712
1934 -32712
1928 -32712
1928 -32712
1922 -32711
1922 -32711
1915 -32712
1915 -32712
1909 -32712
1909 -32712
1903 -32713
1903 -32713
1897 -32713
1897 -32713
1890 -32713
1890 -32713
1884 -32714
1884 -32714
1878 -32714
1878 -32714
1871 -32715
1871 -32715
1865 -32715
1865 -32715
1859 -32715
1859 -32715
1853 -32716
1853 -32716
1846 -32716
1846 -32716
1840 -32717
1840 -32717
1834 -32717
1834 -32717
1828 -32717
1828 -32717
1821 -32718
1821 -32718
1815 -32718
1815 -32718
1809 -32719
1809 -32719
1802 -32719
1802 -32719
1796 -32719
1796 -32719
1790 -32720
1790 -32720
1784 -32720
1784 -32720
1777 -32720
1777 -32720
1771 -32721
1771 -32721
1765 -32721
1765 -32721
1759 -32722
1759 -32722
1752 -32722
1752 -32722
1746 -32721
1746 -32721
1740 -32722
1740 -32722
1733 -32722
1733 -32722
1727 -32723
1727 -32723
1721 -32723
1721 -32723
1715 -32723
1715 -32723
1708 -32724
1708 -32724
1702 -32724
1702 -32724
1696 -32725
1696 -32725
1690 -32725
1690 -32725
1683 -32725
1683 -32725
1677 -32726
1677 -32726
1671 -32726
1671 -32726
1664 -32726
1664 -32726
1658 -32727
1658 -32727
1652 -32727
1652 -32727
1646 -32727
1646 -32727
1639 -32727
1639 -32727
1633 -32727
1633 -32727
1627 -32728
1627 -32728
1621 -32728
1621 -32728
1614 -32729
1614 -32729
1608 -32729
1608 -32729
1602 -32729
1602 -32729
1595 -32729
1595 -32729
1589 -32730
1589 -32730
1583 -32730
1583 -32730
1577 -32730
1577 -32730
1570 -32730
1570 -32730
1564 -32732
1564 -32732
1558 -32732
1558 -32732
1551 -32732
1551 -32732
1545 -32732
1545 -32732
1539 -32732
1539 -32732
1533 -32733
1533 -32733
1526 -32733
1526 -32733
1520 -32733
1520 -32733
1514 -32733
1514 -32733
1508 -32734
1508 -32734
1501 -32734
1501 -32734
1495 -32734
1495 -32734
1489 -32734
1489 -32734
1482 -32735
1482 -32735
1476 -32735
1476 -32735
1470 -32735
1470 -32735
1464 -32735
1464 -32735
1457 -32736
1457 -32736
1451 -32737
1451 -32737
1445 -32737
1445 -32737
1438 -32737
1438 -32737
1432 -32737
1432 -32737
1426 -32738
1426 -32738
1420 -32738
1420 -32738
1413 -32738
1413 -32738
1407 -32738
1407 -32738
1401 -32738
1401 -32738
1394 -32739
1394 -32739
1388 -32739
1388 -32739
1382 -32739
1382 -32739
1376 -32739
1376 -32739
1369 -32740
1369 -32740
1363 -32740
1363 -32740
1357 -32740
1357 -32740
1350 -32740
1350 -32740
1344 -32741
1344 -32741
1338 -32741
1338 -32741
1332 -32741
1332 -32741
1325 -32741
1325 -32741
1319 -32741
1319 -32741
1313 -32742
1313 -32742
1307 -32742
1307 -32742
1300 -32742
1300 -32742
1294 -32742
1294 -32742
1288 -32743
1288 -32743
1281 -32743
1281 -32743
1275 -32743
1275 -32743
1269 -32743
1269 -32743
1263 -32743
1263 -32743
1256 -32744
1256 -32744
1250 -32744
1250 -32744
1244 -32744
1244 -32744
1237 -32744
1237 -32744
1231 -32745
1231 -32745
1225 -32745
1225 -32745
1219 -32745
1219 -32745
1212 -32745
1212 -32745
1206 -32747
1206 -32747
1200 -32746
1200 -32746
1193 -32746
1193 -32746
1187 -32746
1187 -32746
1181 -32746
1181 -32746
1175 -32747
1175 -32747
1168 -32747
1168 -32747
1162 -32747
1162 -32747
1156 -32747
1156 -32747
1149 -32748
1149 -32748
1143 -32748
1143 -32748
1137 -32748
1137 -32748
1131 -32748
1131 -32748
1124 -32748
1124 -32748
1118 -32749
1118 -32749
1112 -32749
1112 -32749
1106 -32749
1106 -32749
1099 -32749
1099 -32749
1093 -32750
1093 -32750
1087 -32750
1087 -32750
1080 -32750
1080 -32750
1074 -32750
1074 -32750
1068 -32750
1068 -32750
1062 -32751
1062 -32751
1055 -32751
1055 -32751
1049 -32751
1049 -32751
1043 -32751
1043 -32751
1036 -32752
1036 -32752
1030 -32752
1030 -32752
1024 -32752
1024 -32752
1018 -32752
1018 -32752
1011 -32753
1011 -32753
1005 -32753
1005 -32753
999 -32753
999 -32753
992 -32753
992 -32753
986 -32753
986 -32753
980 -32754
980 -32754
974 -32754
974 -32754
967 -32754
967 -32754
961 -32754
961 -32754
955 -32755
955 -32755
948 -32754
948 -32754
942 -32754
942 -32754
936 -32754
936 -32754
930 -32754
930 -32754
923 -32755
923 -32755
917 -32755
917 -32755
911 -32755
911 -32755
905 -32755
905 -32755
898 -32756
898 -32756
892 -32756
892 -32756
886 -32756
886 -32756
879 -32756
879 -32756
873 -32757
873 -32757
867 -32757
867 -32757
861 -32757
861 -32757
854 -32757
854 -32757
848 -32757
848 -32757
842 -32757
842 -32757
835 -32757
835 -32757
829 -32757
829 -32757
823 -32757
823 -32757
817 -32758
817 -32758
810 -32758
810 -32758
804 -32758
804 -32758
798 -32758
798 -32758
791 -32758
791 -32758
785 -32758
785 -32758
779 -32758
779 -32758
773 -32758
773 -32758
766 -32758
766 -32758
760 -32758
760 -32758
754 -32760
754 -32760
747 -32760
747 -32760
741 -32760
741 -32760
735 -32760
735 -32760
729 -32760
729 -32760
722 -32760
722 -32760
716 -32760
716 -32760
710 -32760
710 -32760
704 -32760
704 -32760
697 -32760
697 -32760
691 -32760
691 -32760
685 -32760
685 -32760
678 -32760
678 -32760
672 -32760
672 -32760
666 -32761
666 -32761
660 -32761
660 -32761
653 -32761
653 -32761
647 -32761
647 -32761
641 -32761
641 -32761
634 -32761
634 -32761
628 -32762
628 -32762
622 -32762
622 -32762
616 -32762
616 -32762
609 -32762
609 -32762
603 -32762
603 -32762
597 -32762
597 -32762
590 -32762
590 -32762
584 -32762
584 -32762
578 -32763
578 -32763
572 -32763
572 -32763
565 -32763
565 -32763
559 -32763
559 -32763
553 -32763
553 -32763
546 -32763
546 -32763
540 -32763
540 -32763
534 -32763
534 -32763
528 -32763
528 -32763
521 -32763
521 -32763
515 -32763
515 -32763
509 -32763
509 -32763
503 -32763
503 -32763
496 -32763
496 -32763
490 -32764
490 -32764
484 -32764
484 -32764
477 -32764
477 -32764
471 -32764
471 -32764
465 -32764
465 -32764
459 -32764
459 -32764
452 -32764
452 -32764
446 -32764
446 -32764
440 -32764
440 -32764
433 -32764
433 -32764
427 -32764
427 -32764
421 -32764
421 -32764
415 -32764
415 -32764
408 -32764
408 -32764
402 -32765
402 -32765
396 -32765
396 -32765
389 -32765
389 -32765
383 -32765
383 -32765
377 -32765
377 -32765
371 -32765
371 -32765
364 -32765
364 -32765
358 -32765
358 -32765
352 -32765
352 -32765
345 -32765
345 -32765
339 -32765
339 -32765
333 -32765
333 -32765
327 -32765
327 -32765
320 -32765
320 -32765
314 -32765
314 -32765
308 -32766
308 -32766
302 -32766
302 -32766
295 -32766
295 -32766
289 -32766
289 -32766
283 -32766
283 -32766
276 -32766
276 -32766
270 -32766
270 -32766
264 -32766
264 -32766
258 -32766
258 -32766
251 -32766
251 -32766
245 -32766
245 -32766
239 -32766
239 -32766
232 -32766
232 -32766
226 -32766
226 -32766
220 -32767
220 -32767
214 -32767
214 -32767
207 -32767
207 -32767
201 -32767
201 -32767
195 -32767
195 -32767
188 -32767
188 -32767
182 -32767
182 -32767
176 -32767
176 -32767
170 -32766
170 -32766
163 -32766
163 -32766
157 -32766
157 -32766
151 -32766
151 -32766
144 -32766
144 -32766
138 -32766
138 -32766
132 -32767
132 -32767
126 -32767
126 -32767
119 -32767
119 -32767
113 -32767
113 -32767
107 -32767
107 -32767
101 -32767
101 -32767
94 -32767
94 -32767
88 -32767
88 -32767
82 -32767
82 -32767
75 -32767
75 -32767
69 -32767
69 -32767
63 -32767
63 -32767
57 -32767
57 -32767
50 -32767
50 -32767
44 -32767
44 -32767
38 -32767
38 -32767
31 -32767
31 -32767
25 -32767
25 -32767
19 -32767
19 -32767
13 -32767
13 -32767
6 -32767
6 -32767
0 -32767
0 -32767
-6 -32767
-6 -32767
-13 -32767
-13 -32767
-19 -32767
-19 -32767
-25 -32767
-25 -32767
-31 -32767
-31 -32767
-38 -32767
-38 -32767
-44 -32767
-44 -32767
-50 -32767
-50 -32767
-57 -32767
-57 -32767
-63 -32767
-63 -32767
-69 -32767
-69 -32767
-75 -32767
-75 -32767
-82 -32767
-82 -32767
-88 -32767
-88 -32767
-94 -32767
-94 -32767
-101 -32767
-101 -32767
-107 -32767
-107 -32767
-113 -32767
-113 -32767
-119 -32767
-119 -32767
-126 -32767
-126 -32767
-132 -32767
-132 -32767
-138 -32766
-138 -32766
-144 -32766
-144 -32766
-151 -32766
-151 -32766
-157 -32766
-157 -32766
-163 -32766
-163 -32766
-170 -32766
-170 -32766
-176 -32767
-176 -32767
-182 -32767
-182 -32767
-188 -32767
-188 -32767
-195 -32767
-195 -32767
-201 -32767
-201 -32767
-207 -32767
-207 -32767
-214 -32767
-214 -32767
-220 -32767
-220 -32767
-226 -32766
-226 -32766
-232 -32766
-232 -32766
-239 -32766
-239 -32766
-245 -32766
-245 -32766
-251 -32766
-251 -32766
-258 -32766
-258 -32766
-264 -32766
-264 -32766
-270 -32766
-270 -32766
-276 -32766
-276 -32766
-283 -32766
-283 -32766
-289 -32766
-289 -32766
-295 -32766
-295 -32766
-302 -32766
-302 -32766
-308 -32766
-308 -32766
-314 -32765
-314 -32765
-320 -32765
-320 -32765
-327 -32765
-327 -32765
-333 -32765
-333 -32765
-339 -32765
-339 -32765
-345 -32765
-345 -32765
-352 -32765
-352 -32765
-358 -32765
-358 -32765
-364 -32765
-364 -32765
-371 -32765
-371 -32765
-377 -32765
-377 -32765
-383 -32765
-383 -32765
-389 -32765
-389 -32765
-396 -32765
-396 -32765
-402 -32765
-402 -32765
-408 -32764
-408 -32764
-415 -32764
-415 -32764
-421 -32764
-421 -32764
-427 -32764
-427 -32764
-433 -32764
-433 -32764
-440 -32764
-440 -32764
-446 -32764
-446 -32764
-452 -32764
-452 -32764
-459 -32764
-459 -32764
-465 -32764
-465 -32764
-471 -32764
-471 -32764
-477 -32764
-477 -32764
-484 -32764
-484 -32764
-490 -32764
-490 -32764
-496 -32763
-496 -32763
-503 -32763
-503 -32763
-509 -32763
-509 -32763
-515 -32763
-515 -32763
-521 -32763
-521 -32763
-528 -32763
-528 -32763
-534 -32763
-534 -32763
-540 -32763
-540 -32763
-546 -32763
-546 -32763
-553 -32763
-553 -32763
-559 -32763
-559 -32763
-565 -32763
-565 -32763
-572 -32763
-572 -32763
-578 -32763
-578 -32763
-584 -32762
-584 -32762
-590 -32762
-590 -32762
-597 -32762
-597 -32762
-603 -32762
-603 -32762
-609 -32762
-609 -32762
-616 -32762
-616 -32762
-622 -32762
-622 -32762
-628 -32762
-628 -32762
-634 -32761
-634 -32761
-641 -32761
-641 -32761
-647 -32761
-647 -32761
-653 -32761
-653 -32761
-660 -32761
-660 -32761
-666 -32761
-666 -32761
-672 -32760
-672 -32760
-678 -32760
-678 -32760
-685 -32760
-685 -32760
-691 -32760
-691 -32760
-697 -32760
-697 -32760
-704 -32760
-704 -32760
-710 -32760
-710 -32760
-716 -32760
-716 -32760
-722 -32760
-722 -32760
-729 -32760
-729 -32760
-735 -32760
-735 -32760
-741 -32760
-741 -32760
-747 -32760
-747 -32760
-754 -32760
-754 -32760
-760 -32758
-760 -32758
-766 -32758
-766 -32758
-773 -32758
-773 -32758
-779 -32758
-779 -32758
-785 -32758
-785 -32758
-791 -32758
-791 -32758
-798 -32758
-798 -32758
-804 -32758
-804 -32758
-810 -32758
-810 -32758
-817 -32758
-817 -32758
-823 -32757
-823 -32757
-829 -32757
-829 -32757
-835 -32757
-835 -32757
-842 -32757
-842 -32757
-848 -32757
-848 -32757
-854 -32757
-854 -32757
-861 -32757
-861 -32757
-867 -32757
-867 -32757
-873 -32757
-873 -32757
-879 -32756
-879 -32756
-886 -32756
-886 -32756
-892 -32756
-892 -32756
-898 -32756
-898 -32756
-905 -32755
-905 -32755
-911 -32755
-911 -32755
-917 -32755
-917 -32755
-923 -32755
-923 -32755
-930 -32754
-930 -32754
-936 -32754
-936 -32754
-942 -32754
-942 -32754
-948 -32754
-948 -32754
-955 -32755
-955 -32755
-961 -32754
-961 -32754
-967 -32754
-967 -32754
-974 -32754
-974 -32754
-980 -32754
-980 -32754
-986 -32753
-986 -32753
-992 -32753
-992 -32753
-999 -32753
-999 -32753
-1005 -32753
-1005 -32753
-1011 -32753
-1011 -32753
-1018 -32752
-1018 -32752
-1024 -32752
-1024 -32752
-1030 -32752
-1030 -32752
-1036 -32752
-1036 -32752
-1043 -32751
-1043 -32751
-1049 -32751
-1049 -32751
-1055 -32751
-1055 -32751
-1062 -32751
-1062 -32751
-1068 -32750
-1068 -32750
-1074 -32750
-1074 -32750
-1080 -32750
-1080 -32750
-1087 -32750
-1087 -32750
-1093 -32750
-1093 -32750
-1099 -32749
-1099 -32749
-1106 -32749
-1106 -32749
-1112 -32749
-1112 -32749
-1118 -32749
-1118 -32749
-1124 -32748
-1124 -32748
-1131 -32748
-1131 -32748
-1137 -32748
-1137 -32748
-1143 -32748
-1143 -32748
-1149 -32748
-1149 -32748
-1156 -32747
-1156 -32747
-1162 -32747
-1162 -32747
-1168 -32747
-1168 -32747
-1175 -32747
-1175 -32747
-1181 -32746
-1181 -32746
-1187 -32746
-1187 -32746
-1193 -32746
-1193 -32746
-1200 -32746
-1200 -32746
-1206 -32747
-1206 -32747
-1212 -32745
-1212 -32745
-1219 -32745
-1219 -32745
-1225 -32745
-1225 -32745
-1231 -32745
-1231 -32745
-1237 -32744
-1237 -32744
-1244 -32744
-1244 -32744
-1250 -32744
-1250 -32744
-1256 -32744
-1256 -32744
-1263 -32743
-1263 -32743
-1269 -32743
-1269 -32743
-1275 -32743
-1275 -32743
-1281 -32743
-1281 -32743
-1288 -32743
-1288 -32743
-1294 -32742
-1294 -32742
-1300 -32742
-1300 -32742
-1307 -32742
-1307 -32742
-1313 -32742
-1313 -32742
-1319 -32741
-1319 -32741
-1325 -32741
-1325 -32741
-1332 -32741
-1332 -32741
-1338 -32741
-1338 -32741
-1344 -32741
-1344 -32741
-1350 -32740
-1350 -32740
-1357 -32740
-1357 -32740
-1363 -32740
-1363 -32740
-1369 -32740
-1369 -32740
-1376 -32739
-1376 -32739
-1382 -32739
-1382 -32739
-1388 -32739
-1388 -32739
-1394 -32739
-1394 -32739
-1401 -32738
-1401 -32738
-1407 -32738
-1407 -32738
-1413 -32738
-1413 -32738
-1420 -32738
-1420 -32738
-1426 -32738
-1426 -32738
-1432 -32737
-1432 -32737
-1438 -32737
-1438 -32737
-1445 -32737
-1445 -32737
-1451 -32737
-1451 -32737
-1457 -32736
-1457 -32736
-1464 -32735
-1464 -32735
-1470 -32735
-1470 -32735
-1476 -32735
-1476 -32735
-1482 -32735
-1482 -32735
-1489 -32734
-1489 -32734
-1495 -32734
-1495 -32734
-1501 -32734
-1501 -32734
-1508 -32734
-1508 -32734
-1514 -32733
-1514 -32733
-1520 -32733
-1520 -32733
-1526 -32733
-1526 -32733
-1533 -32733
-1533 -32733
-1539 -32732
-1539 -32732
-1545 -32732
-1545 -32732
-1551 -32732
-1551 -32732
-1558 -32732
-1558 -32732
-1564 -32732
-1564 -32732
-1570 -32730
-1570 -32730
-1577 -32730
-1577 -32730
-1583 -32730
-1583 -32730
-1589 -32730
-1589 -32730
-1595 -32729
-1595 -32729
-1602 -32729
-1602 -32729
-1608 -32729
-1608 -32729
-1614 -32729
-1614 -32729
-1621 -32728
-1621 -32728
-1627 -32728
-1627 -32728
-1633 -32727
-1633 -32727
-1639 -32727
-1639 -32727
-1646 -32727
-1646 -32727
-1652 -32727
-1652 -32727
-1658 -32727
-1658 -32727
-1664 -32726
-1664 -32726
-1671 -32726
-1671 -32726
-1677 -32726
-1677 -32726
-1683 -32725
-1683 -32725
-1690 -32725
-1690 -32725
-1696 -32725
-1696 -32725
-1702 -32724
-1702 -32724
-1708 -32724
-1708 -32724
-1715 -32723
-1715 -32723
-1721 -32723
-1721 -32723
-1727 -32723
-1727 -32723
-1733 -32722
-1733 -32722
-1740 -32722
-1740 -32722
-1746 -32721
-1746 -32721
-1752 -32722
-1752 -32722
-1759 -32722
-1759 -32722
-1765 -32721
-1765 -32721
-1771 -32721
-1771 -32721
-1777 -32720
-1777 -32720
-1784 -32720
-1784 -32720
-1790 -32720
-1790 -32720
-1796 -32719
-1796 -32719
-1802 -32719
-1802 -32719
-1809 -32719
-1809 -32719
-1815 -32718
-1815 -32718
-1821 -32718
-1821 -32718
-1828 -32717
-1828 -32717
-1834 -32717
-1834 -32717
-1840 -32717
-1840 -32717
-1846 -32716
-1846 -32716
-1853 -32716
-1853 -32716
-1859 -32715
-1859 -32715
-1865 -32715
-1865 -32715
-1871 -32715
-1871 -32715
-1878 -32714
-1878 -32714
-1884 -32714
-1884 -32714
-1890 -32713
-1890 -32713
-1897 -32713
-1897 -32713
-1903 -32713
-1903 -32713
-1909 -32712
-1909 -32712
-1915 -32712
-1915 -32712
-1922 -32711
-1922 -32711
-1928 -32712
-1928 -32712
-1934 -32712
-1934 -32712
-1940 -32711
-1940 -32711
-1947 -32711
-1947 -32711
-1953 -32711
-1953 -32711
-1959 -32710
-1959 -32710
-1966 -32710
-1966 -32710
-1972 -32709
-1972 -32709
-1978 -32709
-1978 -32709
-1984 -32709
-1984 -32709
-1991 -32708
-1991 -32708
-1997 -32708
-1997 -32708
-2003 -32707
-2003 -32707
-2010 -32707
-2010 -32707
-2016 -32707
-2016 -32707
-2022 -32706
-2022 -32706
-2028 -32706
-2028 -32706
-2035 -32705
-2035 -32705
-2041 -32705
-2041 -32705
-2047 -32705
-2047 -32705
-2053 -32704
-2053 -32704
-2060 -32704
-2060 -32704
-2066 -32703
-2066 -32703
-2072 -32703
-2072 -32703
-2079 -32703
-2079 -32703
-2085 -32702
-2085 -32702
-2091 -32702
-2091 -32702
-2097 -32701
-2097 -32701
-2104 -32700
-2104 -32700
-2110 -32700
-2110 -32700
-2116 -32699
-2116 -32699
-2122 -32699
-2122 -32699
-2129 -32699
-2129 -32699
-2135 -32698
-2135 -32698
-2141 -32698
-2141 -32698
-2148 -32697
-2148 -32697
-2154 -32697
-2154 -32697
-2160 -32697
-2160 -32697
-2166 -32696
-2166 -32696
-2173 -32696
-2173 -32696
-2179 -32695
-2179 -32695
-2185 -32695
-2185 -32695
-2191 -32695
-2191 -32695
-2198 -32694
-2198 -32694
-2204 -32694
-2204 -32694
-2210 -32694
-2210 -32694
-2217 -32693
-2217 -32693
-2223 -32693
-2223 -32693
-2229 -32692
-2229 -32692
-2235 -32692
-2235 -32692
-2242 -32692
-2242 -32692
-2248 -32691
-2248 -32691
-2254 -32691
-2254 -32691
-2260 -32690
-2260 -32690
-2267 -32690
-2267 -32690
-2273 -32689
-2273 -32689
-2279 -32688
-2279 -32688
-2286 -32688
-2286 -32688
-2292 -32687
-2292 -32687
-2298 -32687
-2298 -32687
-2304 -32687
-2304 -32687
-2311 -32686
-2311 -32686
-2317 -32686
-2317 -32686
-2323 -32685
-2323 -32685
-2329 -32685
-2329 -32685
-2336 -32685
-2336 -32685
-2342 -32684
-2342 -32684
-2348 -32684
-2348 -32684
-2355 -32684
-2355 -32684
-2361 -32683
-2361 -32683
-2367 -32683
-2367 -32683
-2373 -32681
-2373 -32681
-2380 -32681
-2380 -32681
-2386 -32681
-2386 -32681
-2392 -32680
-2392 -32680
-2398 -32680
-2398 -32680
-2405 -32679
-2405 -32679
-2411 -32679
-2411 -32679
-2417 -32678
-2417 -32678
-2424 -32678
-2424 -32678
-2430 -32677
-2430 -32677
-2436 -32677
-2436 -32677
-2442 -32676
-2442 -32676
-2449 -32676
-2449 -32676
-2455 -32675
-2455 -32675
-2461 -32676
-2461 -32676
-2467 -32675
-2467 -32675
-2474 -32675
-2474 -32675
-2480 -32674
-2480 -32674
-2486 -32674
-2486 -32674
-2492 -32673
-2492 -32673
-2499 -32672
-2499 -32672
-2505 -32672
-2505 -32672
-2511 -32671
-2511 -32671
-2517 -32671
-2517 -32671
-2524 -32670
-2524 -32670
-2530 -32670
-2530 -32670
-2536 -32669
-2536 -32669
-2542 -32669
-2542 -32669
-2549 -32668
-2549 -32668
-2555 -32668
-2555 -32668
-2561 -32667
-2561 -32667
-2567 -32667
-2567 -32667
-2574 -32667
-2574 -32667
-2580 -32666
-2580 -32666
-2586 -32666
-2586 -32666
-2592 -32665
-2592 -32665
-2599 -32665
-2599 -32665
-2605 -32664
-2605 -32664
-2611 -32664
-2611 -32664
-2618 -32663
-2618 -32663
-2624 -32663
-2624 -32663
-2630 -32662
-2630 -32662
-2636 -32662
-2636 -32662
-2643 -32661
-2643 -32661
-2649 -32661
-2649 -32661
-2655 -32660
-2655 -32660
-2661 -32659
-2661 -32659
-2668 -32659
-2668 -32659
-2674 -32658
-2674 -32658
-2680 -32658
-2680 -32658
-2686 -32657
-2686 -32657
-2693 -32657
-2693 -32657
-2699 -32656
-2699 -32656
-2705 -32656
-2705 -32656
-2711 -32655
-2711 -32655
-2718 -32655
-2718 -32655
-2724 -32654
-2724 -32654
-2730 -32654
-2730 -32654
-2736 -32653
-2736 -32653
-2743 -32652
-2743 -32652
-2749 -32652
-2749 -32652
-2755 -32651
-2755 -32651
-2761 -32651
-2761 -32651
-2768 -32650
-2768 -32650
-2774 -32650
-2774 -32650
-2780 -32649
-2780 -32649
-2786 -32649
-2786 -32649
-2793 -32648
-2793 -32648
-2799 -32648
-2799 -32648
-2805 -32647
-2805 -32647
-2812 -32647
-2812 -32647
-2818 -32646
-2818 -32646
-2824 -32645
-2824 -32645
-2830 -32645
-2830 -32645
-2837 -32644
-2837 -32644
-2843 -32644
-2843 -32644
-2849 -32643
-2849 -32643
-2855 -32643
-2855 -32643
-2862 -32642
-2862 -32642
-2868 -32642
-2868 -32642
-2874 -32641
-2874 -32641
-2880 -32641
-2880 -32641
-2887 -32640
-2887 -32640
-2893 -32639
-2893 -32639
-2899 -32639
-2899 -32639
-2905 -32638
-2905 -32638
-2912 -32638
-2912 -32638
-2918 -32637
-2918 -32637
-2924 -32637
-2924 -32637
-2930 -32636
-2930 -32636
-2937 -32636
-2937 -32636
-2943 -32635
-2943 -32635
-2949 -32635
-2949 -32635
-2955 -32634
-2955 -32634
-2962 -32634
-2962 -32634
-2968 -32633
-2968 -32633
-2974 -32632
-2974 -32632
-2980 -32632
-2980 -32632
-2987 -32631
-2987 -32631
-2993 -32631
-2993 -32631
-2999 -32630
-2999 -32630
-3005 -32630
-3005 -32630
-3012 -32629
-3012 -32629
-3018 -32629
-3018 -32629
-3024 -32628
-3024 -32628
-3031 -32628
-3031 -32628
-3037 -32627
-3037 -32627
-3043 -32627
-3043 -32627
-3049 -32626
-3049 -32626
-3056 -32624
-3056 -32624
-3062 -32624
-3062 -32624
-3068 -32623
-3068 -32623
-3074 -32623
-3074 -32623
-3081 -32622
-3081 -32622
-3087 -32622
-3087 -32622
-3093 -32621
-3093 -32621
-3099 -32621
-3099 -32621
-3106 -32620
-3106 -32620
-3112 -32620
-3112 -32620
-3118 -32619
-3118 -32619
-3124 -32619
-3124 -32619
-3131 -32618
-3131 -32618
-3137 -32617
-3137 -32617
-3143 -32617
-3143 -32617
-3149 -32616
-3149 -32616
-3156 -32616
-3156 -32616
-3162 -32615
-3162 -32615
-3168 -32614
-3168 -32614
-3174 -32613
-3174 -32613
-3181 -32613
-3181 -32613
-3187 -32612
-3187 -32612
-3193 -32612
-3193 -32612
-3199 -32611
-3199 -32611
-3206 -32611
-3206 -32611
-3212 -32610
-3212 -32610
-3218 -32609
-3218 -32609
-3224 -32609
-3224 -32609
-3231 -32608
-3231 -32608
-3237 -32607
-3237 -32607
-3243 -32607
-3243 -32607
-3249 -32606
-3249 -32606
-3256 -32605
-3256 -32605
-3262 -32606
-3262 -32606
-3268 -32605
-3268 -32605
-3274 -32604
-3274 -32604
-3281 -32603
-3281 -32603
-3287 -32603
-3287 -32603
-3293 -32602
-3293 -32602
-3299 -32601
-3299 -32601
-3306 -32601
-3306 -32601
-3312 -32600
-3312 -32600
-3318 -32599
-3318 -32599
-3324 -32599
-3324 -32599
-3331 -32598
-3331 -32598
-3337 -32597
-3337 -32597
-3343 -32597
-3343 -32597
-3349 -32596
-3349 -32596
-3356 -32595
-3356 -32595
-3362 -32595
-3362 -32595
-3368 -32594
-3368 -32594
-3374 -32594
-3374 -32594
-3381 -32593
-3381 -32593
-3387 -32593
-3387 -32593
-3393 -32592
-3393 -32592
-3399 -32591
-3399 -32591
-3406 -32591
-3406 -32591
-3412 -32590
-3412 -32590
-3418 -32589
-3418 -32589
-3424 -32589
-3424 -32589
-3430 -32588
-3430 -32588
-3437 -32587
-3437 -32587
-3443 -32587
-3443 -32587
-3449 -32586
-3449 -32586
-3455 -32585
-3455 -32585
-3462 -32585
-3462 -32585
-3468 -32584
-3468 -32584
-3474 -32583
-3474 -32583
-3480 -32582
-3480 -32582
-3487 -32582
-3487 -32582
-3493 -32581
-3493 -32581
-3499 -32580
-3499 -32580
-3505 -32580
-3505 -32580
-3512 -32579
-3512 -32579
-3518 -32578
-3518 -32578
-3524 -32578
-3524 -32578
-3530 -32577
-3530 -32577
-3537 -32576
-3537 -32576
-3543 -32576
-3543 -32576
-3549 -32575
-3549 -32575
-3555 -32574
-3555 -32574
-3562 -32574
-3562 -32574
-3568 -32573
-3568 -32573
-3574 -32572
-3574 -32572
-3580 -32571
-3580 -32571
-3587 -32571
-3587 -32571
-3593 -32570
-3593 -32570
-3599 -32569
-3599 -32569
-3605 -32569
-3605 -32569
-3612 -32568
-3612 -32568
-3618 -32567
-3618 -32567
-3624 -32567
-3624 -32567
-3630 -32566
-3630 -32566
-3636 -32565
-3636 -32565
-3643 -32565
-3643 -32565
-3649 -32564
-3649 -32564
-3655 -32563
-3655 -32563
-3661 -32563
-3661 -32563
-3668 -32562
-3668 -32562
-3674 -32561
-3674 -32561
-3680 -32560
-3680 -32560
-3686 -32560
-3686 -32560
-3693 -32559
-3693 -32559
-3699 -32558
-3699 -32558
-3705 -32558
-3705 -32558
-3711 -32557
-3711 -32557
-3718 -32556
-3718 -32556
-3724 -32556
-3724 -32556
-3730 -32555
-3730 -32555
-3736 -32554
-3736 -32554
-3743 -32554
-3743 -32554
-3749 -32553
-3749 -32553
-3755 -32552
-3755 -32552
-3761 -32552
-3761 -32552
-3768 -32551
-3768 -32551
-3774 -32550
-3774 -32550
-3780 -32549
-3780 -32549
-3786 -32549
-3786 -32549
-3793 -32548
-3793 -32548
-3799 -32547
-3799 -32547
-3805 -32547
-3805 -32547
-3811 -32546
-3811 -32546
-3817 -32545
-3817 -32545
-3824 -32545
-3824 -32545
-3830 -32544
-3830 -32544
-3836 -32543
-3836 -32543
-3842 -32543
-3842 -32543
-3849 -32542
-3849 -32542
-3855 -32540
-3855 -32540
-3861 -32540
-3861 -32540
-3867 -32539
-3867 -32539
-3874 -32538
-3874 -32538
-3880 -32537
-3880 -32537
-3886 -32537
-3886 -32537
-3892 -32536
-3892 -32536
-3899 -32535
-3899 -32535
-3905 -32535
-3905 -32535
-3911 -32534
-3911 -32534
-3917 -32533
-3917 -32533
-3924 -32533
-3924 -32533
-3930 -32532
-3930 -32532
-3936 -32531
-3936 -32531
-3942 -32531
-3942 -32531
-3949 -32530
-3949 -32530
-3955 -32529
-3955 -32529
-3961 -32529
-3961 -32529
-3967 -32527
-3967 -32527
-3974 -32526
-3974 -32526
-3980 -32525
-3980 -32525
-3986 -32525
-3986 -32525
-3992 -32524
-3992 -32524
-3999 -32523
-3999 -32523
-4005 -32523
-4005 -32523
-4011 -32522
-4011 -32522
-4017 -32521
-4017 -32521
-4023 -32520
-4023 -32520
-4030 -32519
-4030 -32519
-4036 -32519
-4036 -32519
-4042 -32518
-4042 -32518
-4048 -32517
-4048 -32517
-4055 -32517
-4055 -32517
-4061 -32516
-4061 -32516
-4067 -32515
-4067 -32515
-4073 -32514
-4073 -32514
-4079 -32514
-4079 -32514
-4086 -32513
-4086 -32513
-4092 -32512
-4092 -32512
-4098 -32511
-4098 -32511
-4104 -32510
-4104 -32510
-4111 -32509
-4111 -32509
-4117 -32509
-4117 -32509
-4123 -32508
-4123 -32508
-4129 -32507
-4129 -32507
-4136 -32506
-4136 -32506
-4142 -32505
-4142 -32505
-4148 -32504
-4148 -32504
-4154 -32504
-4154 -32504
-4160 -32504
-4160 -32504
-4167 -32503
-4167 -32503
-4173 -32502
-4173 -32502
-4179 -32501
-4179 -32501
-4185 -32500
-4185 -32500
-4192 -32499
-4192 -32499
-4198 -32498
-4198 -32498
-4204 -32498
-4204 -32498
-4210 -32497
-4210 -32497
-4216 -32496
-4216 -32496
-4223 -32495
-4223 -32495
-4229 -32494
-4229 -32494
-4235 -32493
-4235 -32493
-4241 -32492
-4241 -32492
-4248 -32492
-4248 -32492
-4254 -32491
-4254 -32491
-4260 -32490
-4260 -32490
-4266 -32489
-4266 -32489
-4273 -32488
-4273 -32488
-4279 -32487
-4279 -32487
-4285 -32487
-4285 -32487
-4291 -32486
-4291 -32486
-4297 -32485
-4297 -32485
-4304 -32484
-4304 -32484
-4310 -32483
-4310 -32483
-4316 -32482
-4316 -32482
-4322 -32481
-4322 -32481
-4329 -32482
-4329 -32482
-4335 -32481
-4335 -32481
-4341 -32480
-4341 -32480
-4347 -32479
-4347 -32479
-4353 -32478
-4353 -32478
-4360 -32477
-4360 -32477
-4366 -32476
-4366 -32476
-4372 -32476
-4372 -32476
-4378 -32475
-4378 -32475
-4385 -32474
-4385 -32474
-4391 -32473
-4391 -32473
-4397 -32472
-4397 -32472
-4403 -32471
-4403 -32471
-4410 -32471
-4410 -32471
-4416 -32470
-4416 -32470
-4422 -32469
-4422 -32469
-4428 -32468
-4428 -32468
-4434 -32467
-4434 -32467
-4441 -32466
-4441 -32466
-4447 -32465
-4447 -32465
-4453 -32465
-4453 -32465
-4459 -32464
-4459 -32464
-4466 -32463
-4466 -32463
-4472 -32462
-4472 -32462
-4478 -32461
-4478 -32461
-4484 -32460
-4484 -32460
-4490 -32459
-4490 -32459
-4497 -32458
-4497 -32458
-4503 -32457
-4503 -32457
-4509 -32456
-4509 -32456
-4515 -32455
-4515 -32455
-4522 -32454
-4522 -32454
-4528 -32453
-4528 -32453
-4534 -32452
-4534 -32452
-4540 -32452
-4540 -32452
-4546 -32451
-4546 -32451
-4553 -32450
-4553 -32450
-4559 -32449
-4559 -32449
-4565 -32448
-4565 -32448
-4571 -32447
-4571 -32447
-4578 -32447
-4578 -32447
-4584 -32446
-4584 -32446
-4590 -32445
-4590 -32445
-4596 -32444
-4596 -32444
-4603 -32443
-4603 -32443
-4609 -32442
-4609 -32442
-4615 -32441
-4615 -32441
-4621 -32441
-4621 -32441
-4627 -32440
-4627 -32440
-4634 -32439
-4634 -32439
-4640 -32438
-4640 -32438
-4646 -32437
-4646 -32437
-4652 -32436
-4652 -32436
-4659 -32435
-4659 -32435
-4665 -32435
-4665 -32435
-4671 -32433
-4671 -32433
-4677 -32432
-4677 -32432
-4683 -32431
-4683 -32431
-4690 -32430
-4690 -32430
-4696 -32429
-4696 -32429
-4702 -32428
-4702 -32428
-4708 -32428
-4708 -32428
-4715 -32427
-4715 -32427
-4721 -32426
-4721 -32426
-4727 -32425
-4727 -32425
-4733 -32424
-4733 -32424
-4740 -32423
-4740 -32423
-4746 -32423
-4746 -32423
-4752 -32422
-4752 -32422
-4758 -32421
-4758 -32421
-4764 -32420
-4764 -32420
-4771 -32418
-4771 -32418
-4777 -32417
-4777 -32417
-4783 -32416
-4783 -32416
-4789 -32416
-4789 -32416
-4796 -32415
-4796 -32415
-4802 -32414
-4802 -32414
-4808 -32413
-4808 -32413
-4814 -32412
-4814 -32412
-4820 -32411
-4820 -32411
-4827 -32410
-4827 -32410
-4833 -32409
-4833 -32409
-4839 -32408
-4839 -32408
-4845 -32407
-4845 -32407
-4851 -32406
-4851 -32406
-4858 -32406
-4858 -32406
-4864 -32405
-4864 -32405
-4870 -32404
-4870 -32404
-4876 -32403
-4876 -32403
-4882 -32402
-4882 -32402
-4889 -32401
-4889 -32401
-4895 -32400
-4895 -32400
-4901 -32399
-4901 -32399
-4907 -32398
-4907 -32398
-4913 -32397
-4913 -32397
-4920 -32396
-4920 -32396
-4926 -32395
-4926 -32395
-4932 -32394
-4932 -32394
-4938 -32393
-4938 -32393
-4944 -32392
-4944 -32392
-4951 -32391
-4951 -32391
-4957 -32390
-4957 -32390
-4963 -32389
-4963 -32389
-4969 -32388
-4969 -32388
-4975 -32387
-4975 -32387
-4982 -32387
-4982 -32387
-4988 -32386
-4988 -32386
-4994 -32385
-4994 -32385
-5000 -32384
-5000 -32384
-5007 -32383
-5007 -32383
-5013 -32382
-5013 -32382
-5019 -32381
-5019 -32381
-5025 -32380
-5025 -32380
-5031 -32379
-5031 -32379
-5038 -32378
-5038 -32378
-5044 -32377
-5044 -32377
-5050 -32376
-5050 -32376
-5056 -32375
-5056 -32375
-5062 -32374
-5062 -32374
-5069 -32373
-5069 -32373
-5075 -32372
-5075 -32372
-5081 -32371
-5081 -32371
-5087 -32370
-5087 -32370
-5093 -32369
-5093 -32369
-5100 -32368
-5100 -32368
-5106 -32367
-5106 -32367
-5112 -32366
-5112 -32366
-5118 -32365
-5118 -32365
-5124 -32364
-5124 -32364
-5131 -32363
-5131 -32363
-5137 -32362
-5137 -32362
-5143 -32361
-5143 -32361
-5149 -32360
-5149 -32360
-5155 -32359
-5155 -32359
-5162 -32358
-5162 -32358
-5168 -32357
-5168 -32357
-5174 -32356
-5174 -32356
-5180 -32355
-5180 -32355
-5186 -32354
-5186 -32354
-5193 -32353
-5193 -32353
-5199 -32352
-5199 -32352
-5205 -32352
-5205 -32352
-5211 -32351
-5211 -32351
-5217 -32350
-5217 -32350
-5224 -32349
-5224 -32349
-5230 -32348
-5230 -32348
-5236 -32347
-5236 -32347
-5242 -32346
-5242 -32346
-5248 -32345
-5248 -32345
-5255 -32344
-5255 -32344
-5261 -32343
-5261 -32343
-5267 -32342
-5267 -32342
-5273 -32341
-5273 -32341
-5279 -32340
-5279 -32340
-5286 -32339
-5286 -32339
-5292 -32338
-5292 -32338
-5298 -32337
-5298 -32337
-5304 -32336
-5304 -32336
-5310 -32335
-5310 -32335
-5317 -32334
-5317 -32334
-5323 -32333
-5323 -32333
-5329 -32332
-5329 -32332
-5335 -32331
-5335 -32331
-5341 -32330
-5341 -32330
-5348 -32329
-5348 -32329
-5354 -32328
-5354 -32328
-5360 -32327
-5360 -32327
-5366 -32326
-5366 -32326
-5372 -32325
-5372 -32325
-5379 -32324
-5379 -32324
-5385 -32323
-5385 -32323
-5391 -32322
-5391 -32322
-5397 -32321
-5397 -32321
-5404 -32320
-5404 -32320
-5410 -32319
-5410 -32319
-5416 -32318
-5416 -32318
-5422 -32317
-5422 -32317
-5428 -32316
-5428 -32316
-5435 -32314
-5435 -32314
-5441 -32313
-5441 -32313
-5447 -32312
-5447 -32312
-5453 -32311
-5453 -32311
-5459 -32310
-5459 -32310
-5466 -32309
-5466 -32309
-5472 -32308
-5472 -32308
-5478 -32307
-5478 -32307
-5484 -32306
-5484 -32306
-5490 -32305
-5490 -32305
-5497 -32304
-5497 -32304
-5503 -32303
-5503 -32303
-5509 -32302
-5509 -32302
-5515 -32301
-5515 -32301
-5521 -32300
-5521 -32300
-5528 -32299
-5528 -32299
-5534 -32298
-5534 -32298
-5540 -32297
-5540 -32297
-5546 -32296
-5546 -32296
-5552 -32295
-5552 -32295
-5559 -32293
-5559 -32293
-5565 -32292
-5565 -32292
-5571 -32291
-5571 -32291
-5577 -32290
-5577 -32290
-5583 -32289
-5583 -32289
-5590 -32288
-5590 -32288
-5596 -32287
-5596 -32287
-5602 -32286
-5602 -32286
-5608 -32285
-5608 -32285
-5614 -32284
-5614 -32284
-5621 -32283
-5621 -32283
-5627 -32281
-5627 -32281
-5633 -32280
-5633 -32280
-5639 -32279
-5639 -32279
-5645 -32279
-5645 -32279
-5651 -32278
-5651 -32278
-5658 -32277
-5658 -32277
-5664 -32275
-5664 -32275
-5670 -32274
-5670 -32274
-5676 -32273
-5676 -32273
-5682 -32272
-5682 -32272
-5689 -32271
-5689 -32271
-5695 -32270
-5695 -32270
-5701 -32269
-5701 -32269
-5707 -32267
-5707 -32267
-5713 -32266
-5713 -32266
-5719 -32265
-5719 -32265
-5726 -32264
-5726 -32264
-5732 -32263
-5732 -32263
-5738 -32262
-5738 -32262
-5744 -32261
-5744 -32261
-5750 -32260
-5750 -32260
-5756 -32259
-5756 -32259
-5763 -32258
-5763 -32258
-5769 -32257
-5769 -32257
-5775 -32256
-5775 -32256
-5781 -32254
-5781 -32254
-5787 -32253
-5787 -32253
-5794 -32252
-5794 -32252
-5800 -32251
-5800 -32251
-5806 -32250
-5806 -32250
-5812 -32249
-5812 -32249
-5818 -32248
-5818 -32248
-5824 -32246
-5824 -32246
-5831 -32245
-5831 -32245
-5837 -32244
-5837 -32244
-5843 -32243
-5843 -32243
-5849 -32242
-5849 -32242
-5855 -32241
-5855 -32241
-5862 -32239
-5862 -32239
-5868 -32238
-5868 -32238
-5874 -32237
-5874 -32237
-5880 -32236
-5880 -32236
-5886 -32235
-5886 -32235
-5892 -32234
-5892 -32234
-5899 -32233
-5899 -32233
-5905 -32231
-5905 -32231
-5911 -32230
-5911 -32230
-5917 -32230
-5917 -32230
-5923 -32229
-5923 -32229
-5930 -32228
-5930 -32228
-5936 -32227
-5936 -32227
-5942 -32225
-5942 -32225
-5948 -32224
-5948 -32224
-5954 -32223
-5954 -32223
-5960 -32222
-5960 -32222
-5967 -32221
-5967 -32221
-5973 -32220
-5973 -32220
-5979 -32218
-5979 -32218
-5985 -32217
-5985 -32217
-5991 -32216
-5991 -32216
-5999 -32215
-5999 -32215
-6004 -32214
-6004 -32214
-6010 -32213
-6010 -32213
-6016 -32212
-6016 -32212
-6022 -32210
-6022 -32210
-6028 -32209
-6028 -32209
-6035 -32208
-6035 -32208
-6041 -32207
-6041 -32207
-6047 -32206
-6047 -32206
-6053 -32205
-6053 -32205
-6059 -32203
-6059 -32203
-6065 -32202
-6065 -32202
-6072 -32201
-6072 -32201
-6078 -32200
-6078 -32200
-6084 -32198
-6084 -32198
-6090 -32197
-6090 -32197
-6096 -32196
-6096 -32196
-6103 -32194
-6103 -32194
-6109 -32193
-6109 -32193
-6115 -32192
-6115 -32192
-6121 -32191
-6121 -32191
-6127 -32190
-6127 -32190
-6133 -32189
-6133 -32189
-6140 -32187
-6140 -32187
-6146 -32186
-6146 -32186
-6152 -32185
-6152 -32185
-6158 -32184
-6158 -32184
-6164 -32183
-6164 -32183
-6171 -32182
-6171 -32182
-6177 -32180
-6177 -32180
-6183 -32179
-6183 -32179
-6189 -32178
-6189 -32178
-6195 -32177
-6195 -32177
-6201 -32176
-6201 -32176
-6208 -32175
-6208 -32175
-6214 -32174
-6214 -32174
-6220 -32172
-6220 -32172
-6226 -32171
-6226 -32171
-6232 -32170
-6232 -32170
-6239 -32169
-6239 -32169
-6245 -32168
-6245 -32168
-6251 -32167
-6251 -32167
-6257 -32164
-6257 -32164
-6263 -32163
-6263 -32163
-6269 -32162
-6269 -32162
-6276 -32161
-6276 -32161
-6282 -32160
-6282 -32160
-6288 -32159
-6288 -32159
-6294 -32158
-6294 -32158
-6300 -32156
-6300 -32156
-6306 -32155
-6306 -32155
-6313 -32154
-6313 -32154
-6319 -32153
-6319 -32153
-6325 -32152
-6325 -32152
-6331 -32151
-6331 -32151
-6337 -32149
-6337 -32149
-6344 -32148
-6344 -32148
-6350 -32147
-6350 -32147
-6356 -32145
-6356 -32145
-6362 -32144
-6362 -32144
-6368 -32143
-6368 -32143
-6374 -32141
-6374 -32141
-6381 -32140
-6381 -32140
-6387 -32139
-6387 -32139
-6393 -32138
-6393 -32138
-6399 -32137
-6399 -32137
-6405 -32135
-6405 -32135
-6411 -32134
-6411 -32134
-6418 -32133
-6418 -32133
-6424 -32132
-6424 -32132
-6430 -32130
-6430 -32130
-6436 -32129
-6436 -32129
-6442 -32129
-6442 -32129
-6448 -32127
-6448 -32127
-6454 -32126
-6454 -32126
-6461 -32125
-6461 -32125
-6467 -32123
-6467 -32123
-6473 -32122
-6473 -32122
-6479 -32121
-6479 -32121
-6485 -32120
-6485 -32120
-6491 -32118
-6491 -32118
-6498 -32117
-6498 -32117
-6504 -32116
-6504 -32116
-6510 -32114
-6510 -32114
-6516 -32113
-6516 -32113
-6522 -32112
-6522 -32112
-6528 -32110
-6528 -32110
-6534 -32109
-6534 -32109
-6541 -32108
-6541 -32108
-6547 -32107
-6547 -32107
-6553 -32105
-6553 -32105
-6559 -32104
-6559 -32104
-6565 -32104
-6565 -32104
-6571 -32102
-6571 -32102
-6577 -32101
-6577 -32101
-6584 -32100
-6584 -32100
-6590 -32099
-6590 -32099
-6596 -32097
-6596 -32097
-6602 -32096
-6602 -32096
-6608 -32095
-6608 -32095
-6615 -32093
-6615 -32093
-6621 -32092
-6621 -32092
-6628 -32091
-6628 -32091
-6634 -32089
-6634 -32089
-6640 -32088
-6640 -32088
-6646 -32087
-6646 -32087
-6652 -32086
-6652 -32086
-6658 -32084
-6658 -32084
-6665 -32083
-6665 -32083
-6671 -32082
-6671 -32082
-6677 -32080
-6677 -32080
-6683 -32079
-6683 -32079
-6689 -32078
-6689 -32078
-6695 -32076
-6695 -32076
-6701 -32075
-6701 -32075
-6708 -32074
-6708 -32074
-6714 -32073
-6714 -32073
-6720 -32071
-6720 -32071
-6726 -32070
-6726 -32070
-6732 -32069
-6732 -32069
-6738 -32067
-6738 -32067
-6744 -32066
-6744 -32066
-6751 -32065
-6751 -32065
-6757 -32063
-6757 -32063
-6763 -32062
-6763 -32062
-6769 -32061
-6769 -32061
-6775 -32060
-6775 -32060
-6781 -32058
-6781 -32058
-6788 -32057
-6788 -32057
-6794 -32056
-6794 -32056
-6800 -32054
-6800 -32054
-6806 -32053
-6806 -32053
-6812 -32052
-6812 -32052
-6818 -32051
-6818 -32051
-6824 -32049
-6824 -32049
-6831 -32048
-6831 -32048
-6837 -32047
-6837 -32047
-6843 -32045
-6843 -32045
-6849 -32044
-6849 -32044
-6855 -32043
-6855 -32043
-6861 -32041
-6861 -32041
-6867 -32040
-6867 -32040
-6874 -32039
-6874 -32039
-6880 -32038
-6880 -32038
-6886 -32036
-6886 -32036
-6892 -32035
-6892 -32035
-6898 -32034
-6898 -32034
-6904 -32032
-6904 -32032
-6910 -32031
-6910 -32031
-6917 -32030
-6917 -32030
-6923 -32028
-6923 -32028
-6929 -32027
-6929 -32027
-6935 -32026
-6935 -32026
-6941 -32025
-6941 -32025
-6947 -32023
-6947 -32023
-6954 -32022
-6954 -32022
-6960 -32021
-6960 -32021
-6965 -32019
-6965 -32019
-6971 -32018
-6971 -32018
-6977 -32017
-6977 -32017
-6983 -32016
-6983 -32016
-6989 -32014
-6989 -32014
-6996 -32013
-6996 -32013
-7002 -32012
-7002 -32012
-7008 -32010
-7008 -32010
-7014 -32008
-7014 -32008
-7020 -32007
-7020 -32007
-7026 -32005
-7026 -32005
-7032 -32004
-7032 -32004
-7039 -32003
-7039 -32003
-7045 -32002
-7045 -32002
-7051 -32000
-7051 -32000
-7057 -31999
-7057 -31999
-7063 -31998
-7063 -31998
-7069 -31996
-7069 -31996
-7075 -31995
-7075 -31995
-7082 -31994
-7082 -31994
-7088 -31992
-7088 -31992
-7094 -31991
-7094 -31991
-7100 -31990
-7100 -31990
-7106 -31989
-7106 -31989
-7112 -31987
-7112 -31987
-7119 -31986
-7119 -31986
-7125 -31985
-7125 -31985
-7131 -31983
-7131 -31983
-7137 -31981
-7137 -31981
-7143 -31980
-7143 -31980
-7149 -31978
-7149 -31978
-7155 -31977
-7155 -31977
-7162 -31976
-7162 -31976
-7168 -31975
-7168 -31975
-7174 -31973
-7174 -31973
-7180 -31972
-7180 -31972
-7186 -31971
-7186 -31971
-7192 -31969
-7192 -31969
-7198 -31968
-7198 -31968
-7204 -31966
-7204 -31966
-7211 -31965
-7211 -31965
-7217 -31963
-7217 -31963
-7223 -31963
-7223 -31963
-7229 -31961
-7229 -31961
-7235 -31960
-7235 -31960
-7241 -31958
-7241 -31958
-7247 -31957
-7247 -31957
-7253 -31956
-7253 -31956
-7259 -31954
-7259 -31954
-7266 -31953
-7266 -31953
-7272 -31951
-7272 -31951
-7278 -31950
-7278 -31950
-7284 -31948
-7284 -31948
-7290 -31947
-7290 -31947
-7296 -31945
-7296 -31945
-7302 -31944
-7302 -31944
-7308 -31942
-7308 -31942
-7314 -31941
-7314 -31941
-7321 -31940
-7321 -31940
-7327 -31939
-7327 -31939
-7333 -31938
-7333 -31938
-7339 -31936
-7339 -31936
-7345 -31935
-7345 -31935
-7351 -31933
-7351 -31933
-7357 -31932
-7357 -31932
-7363 -31930
-7363 -31930
-7369 -31929
-7369 -31929
-7376 -31928
-7376 -31928
-7382 -31926
-7382 -31926
-7388 -31925
-7388 -31925
-7394 -31923
-7394 -31923
-7400 -31922
-7400 -31922
-7406 -31920
-7406 -31920
-7412 -31919
-7412 -31919
-7418 -31917
-7418 -31917
-7424 -31916
-7424 -31916
-7430 -31914
-7430 -31914
-7437 -31913
-7437 -31913
-7443 -31912
-7443 -31912
-7449 -31910
-7449 -31910
-7455 -31909
-7455 -31909
-7461 -31907
-7461 -31907
-7467 -31906
-7467 -31906
-7473 -31904
-7473 -31904
-7479 -31903
-7479 -31903
-7485 -31901
-7485 -31901
-7492 -31900
-7492 -31900
-7498 -31898
-7498 -31898
-7504 -31897
-7504 -31897
-7510 -31896
-7510 -31896
-7516 -31894
-7516 -31894
-7522 -31893
-7522 -31893
-7528 -31891
-7528 -31891
-7534 -31890
-7534 -31890
-7540 -31888
-7540 -31888
-7547 -31887
-7547 -31887
-7553 -31885
-7553 -31885
-7559 -31884
-7559 -31884
-7565 -31882
-7565 -31882
-7572 -31882
-7572 -31882
-7577 -31880
-7577 -31880
-7583 -31878
-7583 -31878
-7589 -31877
-7589 -31877
-7595 -31875
-7595 -31875
-7602 -31874
-7602 -31874
-7608 -31872
-7608 -31872
-7614 -31871
-7614 -31871
-7620 -31869
-7620 -31869
-7626 -31868
-7626 -31868
-7632 -31866
-7632 -31866
-7638 -31865
-7638 -31865
-7644 -31864
-7644 -31864
-7650 -31862
-7650 -31862
-7657 -31861
-7657 -31861
-7663 -31859
-7663 -31859
-7669 -31858
-7669 -31858
-7675 -31856
-7675 -31856
-7681 -31855
-7681 -31855
-7687 -31853
-7687 -31853
-7693 -31852
-7693 -31852
-7699 -31850
-7699 -31850
-7705 -31849
-7705 -31849
-7712 -31848
-7712 -31848
-7718 -31846
-7718 -31846
-7724 -31845
-7724 -31845
-7730 -31843
-7730 -31843
-7736 -31842
-7736 -31842
-7742 -31840
-7742 -31840
-7748 -31839
-7748 -31839
-7754 -31837
-7754 -31837
-7760 -31836
-7760 -31836
-7767 -31835
-7767 -31835
-7773 -31833
-7773 -31833
-7779 -31832
-7779 -31832
-7785 -31830
-7785 -31830
-7791 -31829
-7791 -31829
-7797 -31827
-7797 -31827
-7803 -31826
-7803 -31826
-7809 -31824
-7809 -31824
-7815 -31823
-7815 -31823
-7821 -31820
-7821 -31820
-7828 -31819
-7828 -31819
-7834 -31818
-7834 -31818
-7840 -31816
-7840 -31816
-7846 -31815
-7846 -31815
-7852 -31813
-7852 -31813
-7858 -31812
-7858 -31812
-7864 -31810
-7864 -31810
-7870 -31809
-7870 -31809
-7876 -31807
-7876 -31807
-7883 -31806
-7883 -31806
-7889 -31804
-7889 -31804
-7895 -31803
-7895 -31803
-7901 -31802
-7901 -31802
-7907 -31800
-7907 -31800
-7913 -31799
-7913 -31799
-7919 -31797
-7919 -31797
-7925 -31795
-7925 -31795
-7931 -31793
-7931 -31793
-7938 -31792
-7938 -31792
-7944 -31790
-7944 -31790
-7950 -31789
-7950 -31789
-7956 -31787
-7956 -31787
-7962 -31786
-7962 -31786
-7968 -31784
-7968 -31784
-7974 -31783
-7974 -31783
-7980 -31781
-7980 -31781
-7986 -31780
-7986 -31780
-7992 -31778
-7992 -31778
-7998 -31776
-7998 -31776
-8005 -31775
-8005 -31775
-8011 -31774
-8011 -31774
-8017 -31773
-8017 -31773
-8023 -31771
-8023 -31771
-8029 -31769
-8029 -31769
-8035 -31768
-8035 -31768
-8041 -31766
-8041 -31766
-8047 -31765
-8047 -31765
-8053 -31763
-8053 -31763
-8059 -31761
-8059 -31761
-8065 -31760
-8065 -31760
-8071 -31758
-8071 -31758
-8077 -31757
-8077 -31757
-8084 -31755
-8084 -31755
-8090 -31753
-8090 -31753
-8096 -31752
-8096 -31752
-8102 -31750
-8102 -31750
-8108 -31749
-8108 -31749
-8114 -31747
-8114 -31747
-8120 -31746
-8120 -31746
-8126 -31745
-8126 -31745
-8133 -31743
-8133 -31743
-8139 -31742
-8139 -31742
-8145 -31740
-8145 -31740
-8151 -31738
-8151 -31738
-8158 -31737
-8158 -31737
-8164 -31735
-8164 -31735
-8170 -31734
-8170 -31734
-8176 -31732
-8176 -31732
-8182 -31730
-8182 -31730
-8188 -31729
-8188 -31729
-8194 -31727
-8194 -31727
-8200 -31726
-8200 -31726
-8206 -31724
-8206 -31724
-8212 -31722
-8212 -31722
-8218 -31721
-8218 -31721
-8224 -31719
-8224 -31719
-8230 -31718
-8230 -31718
-8237 -31716
-8237 -31716
-8243 -31714
-8243 -31714
-8249 -31713
-8249 -31713
-8255 -31711
-8255 -31711
-8261 -31710
-8261 -31710
-8267 -31708
-8267 -31708
-8273 -31706
-8273 -31706
-8279 -31705
-8279 -31705
-8285 -31703
-8285 -31703
-8291 -31702
-8291 -31702
-8297 -31700
-8297 -31700
-8303 -31698
-8303 -31698
-8309 -31697
-8309 -31697
-8316 -31695
-8316 -31695
-8322 -31694
-8322 -31694
-8328 -31692
-8328 -31692
-8334 -31690
-8334 -31690
-8340 -31689
-8340 -31689
-8346 -31687
-8346 -31687
-8352 -31686
-8352 -31686
-8358 -31684
-8358 -31684
-8364 -31682
-8364 -31682
-8370 -31681
-8370 -31681
-8376 -31679
-8376 -31679
-8382 -31677
-8382 -31677
-8388 -31676
-8388 -31676
-8395 -31674
-8395 -31674
-8401 -31673
-8401 -31673
-8407 -31671
-8407 -31671
-8413 -31669
-8413 -31669
-8419 -31668
-8419 -31668
-8425 -31666
-8425 -31666
-8431 -31665
-8431 -31665
-8437 -31663
-8437 -31663
-8443 -31661
-8443 -31661
-8449 -31660
-8449 -31660
-8455 -31658
-8455 -31658
-8461 -31657
-8461 -31657
-8467 -31655
-8467 -31655
-8474 -31653
-8474 -31653
-8480 -31652
-8480 -31652
-8486 -31650
-8486 -31650
-8492 -31649
-8492 -31649
-8498 -31647
-8498 -31647
-8504 -31645
-8504 -31645
-8510 -31644
-8510 -31644
-8516 -31642
-8516 -31642
-8522 -31641
-8522 -31641
-8528 -31639
-8528 -31639
-8534 -31637
-8534 -31637
-8540 -31636
-8540 -31636
-8547 -31634
-8547 -31634
-8553 -31633
-8553 -31633
-8559 -31631
-8559 -31631
-8565 -31629
-8565 -31629
-8571 -31628
-8571 -31628
-8576 -31626
-8576 -31626
-8582 -31625
-8582 -31625
-8588 -31622
-8588 -31622
-8594 -31620
-8594 -31620
-8600 -31619
-8600 -31619
-8606 -31617
-8606 -31617
-8612 -31616
-8612 -31616
-8618 -31614
-8618 -31614
-8625 -31612
-8625 -31612
-8631 -31611
-8631 -31611
-8637 -31609
-8637 -31609
-8643 -31608
-8643 -31608
-8649 -31606
-8649 -31606
-8655 -31604
-8655 -31604
-8661 -31603
-8661 -31603
-8667 -31601
-8667 -31601
-8673 -31600
-8673 -31600
-8679 -31598
-8679 -31598
-8685 -31596
-8685 -31596
-8691 -31595
-8691 -31595
-8697 -31592
-8697 -31592
-8704 -31591
-8704 -31591
-8710 -31589
-8710 -31589
-8716 -31587
-8716 -31587
-8722 -31586
-8722 -31586
-8728 -31584
-8728 -31584
-8734 -31583
-8734 -31583
-8740 -31581
-8740 -31581
-8746 -31579
-8746 -31579
-8752 -31578
-8752 -31578
-8758 -31576
-8758 -31576
-8764 -31574
-8764 -31574
-8770 -31572
-8770 -31572
-8776 -31571
-8776 -31571
-8782 -31569
-8782 -31569
-8788 -31568
-8788 -31568
-8794 -31566
-8794 -31566
-8800 -31565
-8800 -31565
-8806 -31563
-8806 -31563
-8812 -31561
-8812 -31561
-8818 -31559
-8818 -31559
-8824 -31558
-8824 -31558
-8830 -31556
-8830 -31556
-8837 -31554
-8837 -31554
-8843 -31552
-8843 -31552
-8849 -31551
-8849 -31551
-8855 -31549
-8855 -31549
-8861 -31547
-8861 -31547
-8867 -31545
-8867 -31545
-8873 -31544
-8873 -31544
-8879 -31542
-8879 -31542
-8885 -31540
-8885 -31540
-8891 -31538
-8891 -31538
-8897 -31538
-8897 -31538
-8903 -31536
-8903 -31536
-8909 -31534
-8909 -31534
-8915 -31532
-8915 -31532
-8921 -31531
-8921 -31531
-8927 -31529
-8927 -31529
-8933 -31527
-8933 -31527
-8939 -31525
-8939 -31525
-8945 -31524
-8945 -31524
-8951 -31522
-8951 -31522
-8958 -31520
-8958 -31520
-8964 -31518
-8964 -31518
-8970 -31517
-8970 -31517
-8976 -31515
-8976 -31515
-8982 -31513
-8982 -31513
-8988 -31511
-8988 -31511
-8994 -31510
-8994 -31510
-9000 -31508
-9000 -31508
-9006 -31506
-9006 -31506
-9012 -31504
-9012 -31504
-9018 -31503
-9018 -31503
-9024 -31501
-9024 -31501
-9031 -31499
-9031 -31499
-9037 -31497
-9037 -31497
-9043 -31496
-9043 -31496
-9049 -31494
-9049 -31494
-9055 -31492
-9055 -31492
-9061 -31490
-9061 -31490
-9067 -31489
-9067 -31489
-9073 -31487
-9073 -31487
-9079 -31485
-9079 -31485
-9085 -31483
-9085 -31483
-9091 -31482
-9091 -31482
-9097 -31480
-9097 -31480
-9103 -31478
-9103 -31478
-9109 -31476
-9109 -31476
-9115 -31475
-9115 -31475
-9121 -31473
-9121 -31473
-9127 -31471
-9127 -31471
-9133 -31469
-9133 -31469
-9139 -31468
-9139 -31468
-9145 -31466
-9145 -31466
-9151 -31464
-9151 -31464
-9157 -31462
-9157 -31462
-9163 -31461
-9163 -31461
-9169 -31459
-9169 -31459
-9175 -31457
-9175 -31457
-9181 -31455
-9181 -31455
-9187 -31454
-9187 -31454
-9193 -31452
-9193 -31452
-9199 -31450
-9199 -31450
-9205 -31448
-9205 -31448
-9211 -31447
-9211 -31447
-9217 -31445
-9217 -31445
-9224 -31443
-9224 -31443
-9230 -31441
-9230 -31441
-9236 -31440
-9236 -31440
-9242 -31438
-9242 -31438
-9248 -31436
-9248 -31436
-9254 -31434
-9254 -31434
-9260 -31433
-9260 -31433
-9266 -31431
-9266 -31431
-9272 -31429
-9272 -31429
-9278 -31427
-9278 -31427
-9284 -31426
-9284 -31426
-9290 -31424
-9290 -31424
-9296 -31422
-9296 -31422
-9301 -31420
-9301 -31420
-9307 -31419
-9307 -31419
-9313 -31417
-9313 -31417
-9319 -31415
-9319 -31415
-9325 -31413
-9325 -31413
-9331 -31412
-9331 -31412
-9337 -31410
-9337 -31410
-9343 -31408
-9343 -31408
-9349 -31406
-9349 -31406
-9355 -31405
-9355 -31405
-9361 -31402
-9361 -31402
-9367 -31400
-9367 -31400
-9373 -31398
-9373 -31398
-9379 -31397
-9379 -31397
-9385 -31395
-9385 -31395
-9391 -31393
-9391 -31393
-9397 -31391
-9397 -31391
-9403 -31390
-9403 -31390
-9409 -31388
-9409 -31388
-9416 -31386
-9416 -31386
-9422 -31384
-9422 -31384
-9428 -31383
-9428 -31383
-9434 -31381
-9434 -31381
-9440 -31379
-9440 -31379
-9446 -31377
-9446 -31377
-9452 -31376
-9452 -31376
-9458 -31374
-9458 -31374
-9464 -31372
-9464 -31372
-9470 -31369
-9470 -31369
-9476 -31368
-9476 -31368
-9482 -31366
-9482 -31366
-9488 -31364
-9488 -31364
-9494 -31362
-9494 -31362
-9500 -31361
-9500 -31361
-9506 -31359
-9506 -31359
-9512 -31357
-9512 -31357
-9518 -31355
-9518 -31355
-9524 -31353
-9524 -31353
-9530 -31351
-9530 -31351
-9536 -31349
-9536 -31349
-9542 -31348
-9542 -31348
-9548 -31346
-9548 -31346
-9554 -31344
-9554 -31344
-9560 -31343
-9560 -31343
-9566 -31341
-9566 -31341
-9572 -31339
-9572 -31339
-9578 -31337
-9578 -31337
-9584 -31335
-9584 -31335
-9590 -31333
-9590 -31333
-9596 -31331
-9596 -31331
-9602 -31330
-9602 -31330
-9608 -31328
-9608 -31328
-9614 -31326
-9614 -31326
-9620 -31324
-9620 -31324
-9626 -31322
-9626 -31322
-9632 -31320
-9632 -31320
-9638 -31318
-9638 -31318
-9644 -31316
-9644 -31316
-9651 -31314
-9651 -31314
-9657 -31312
-9657 -31312
-9663 -31311
-9663 -31311
-9669 -31310
-9669 -31310
-9675 -31308
-9675 -31308
-9681 -31306
-9681 -31306
-9687 -31304
-9687 -31304
-9693 -31302
-9693 -31302
-9699 -31300
-9699 -31300
-9705 -31298
-9705 -31298
-9711 -31296
-9711 -31296
-9717 -31294
-9717 -31294
-9723 -31293
-9723 -31293
-9729 -31291
-9729 -31291
-9735 -31289
-9735 -31289
-9741 -31287
-9741 -31287
-9747 -31285
-9747 -31285
-9753 -31283
-9753 -31283
-9759 -31281
-9759 -31281
-9765 -31279
-9765 -31279
-9771 -31277
-9771 -31277
-9777 -31275
-9777 -31275
-9783 -31274
-9783 -31274
-9789 -31272
-9789 -31272
-9795 -31270
-9795 -31270
-9801 -31268
-9801 -31268
-9807 -31266
-9807 -31266
-9813 -31264
-9813 -31264
-9819 -31262
-9819 -31262
-9825 -31260
-9825 -31260
-9831 -31258
-9831 -31258
-9837 -31256
-9837 -31256
-9843 -31255
-9843 -31255
-9849 -31253
-9849 -31253
-9855 -31251
-9855 -31251
-9861 -31249
-9861 -31249
-9867 -31247
-9867 -31247
-9873 -31245
-9873 -31245
-9879 -31243
-9879 -31243
-9885 -31241
-9885 -31241
-9891 -31239
-9891 -31239
-9897 -31238
-9897 -31238
-9902 -31236
-9902 -31236
-9908 -31234
-9908 -31234
-9914 -31232
-9914 -31232
-9920 -31230
-9920 -31230
-9926 -31228
-9926 -31228
-9932 -31226
-9932 -31226
-9938 -31224
-9938 -31224
-9944 -31222
-9944 -31222
-9950 -31220
-9950 -31220
-9956 -31219
-9956 -31219
-9962 -31217
-9962 -31217
-9968 -31215
-9968 -31215
-9974 -31213
-9974 -31213
-9980 -31211
-9980 -31211
-9986 -31209
-9986 -31209
-9992 -31207
-9992 -31207
-9998 -31205
-9998 -31205
-10004 -31203
-10004 -31203
-10010 -31201
-10010 -31201
-10016 -31200
-10016 -31200
-10022 -31198
-10022 -31198
-10028 -31196
-10028 -31196
-10034 -31194
-10034 -31194
-10040 -31192
-10040 -31192
-10046 -31190
-10046 -31190
-10052 -31188
-10052 -31188
-10058 -31186
-10058 -31186
-10064 -31184
-10064 -31184
-10070 -31182
-10070 -31182
-10076 -31181
-10076 -31181
-10082 -31179
-10082 -31179
-10088 -31177
-10088 -31177
-10094 -31175
-10094 -31175
-10100 -31173
-10100 -31173
-10106 -31171
-10106 -31171
-10112 -31169
-10112 -31169
-10118 -31167
-10118 -31167
-10124 -31165
-10124 -31165
-10130 -31162
-10130 -31162
-10136 -31161
-10136 -31161
-10142 -31159
-10142 -31159
-10147 -31157
-10147 -31157
-10153 -31155
-10153 -31155
-10159 -31153
-10159 -31153
-10165 -31151
-10165 -31151
-10171 -31149
-10171 -31149
-10177 -31147
-10177 -31147
-10183 -31145
-10183 -31145
-10189 -31143
-10189 -31143
-10195 -31142
-10195 -31142
-10201 -31140
-10201 -31140
-10207 -31138
-10207 -31138
-10213 -31136
-10213 -31136
-10219 -31134
-10219 -31134
-10225 -31132
-10225 -31132
-10231 -31130
-10231 -31130
-10237 -31127
-10237 -31127
-10243 -31125
-10243 -31125
-10249 -31123
-10249 -31123
-10255 -31122
-10255 -31122
-10261 -31120
-10261 -31120
-10267 -31118
-10267 -31118
-10273 -31116
-10273 -31116
-10279 -31114
-10279 -31114
-10285 -31112
-10285 -31112
-10291 -31110
-10291 -31110
-10297 -31108
-10297 -31108
-10303 -31106
-10303 -31106
-10309 -31104
-10309 -31104
-10315 -31102
-10315 -31102
-10321 -31100
-10321 -31100
-10327 -31099
-10327 -31099
-10332 -31097
-10332 -31097
-10338 -31095
-10338 -31095
-10344 -31093
-10344 -31093
-10350 -31091
-10350 -31091
-10356 -31088
-10356 -31088
-10362 -31086
-10362 -31086
-10368 -31084
-10368 -31084
-10374 -31082
-10374 -31082
-10380 -31080
-10380 -31080
-10386 -31078
-10386 -31078
-10392 -31076
-10392 -31076
-10398 -31074
-10398 -31074
-10404 -31072
-10404 -31072
-10410 -31070
-10410 -31070
-10416 -31068
-10416 -31068
-10422 -31066
-10422 -31066
-10427 -31064
-10427 -31064
-10433 -31062
-10433 -31062
-10439 -31060
-10439 -31060
-10446 -31059
-10446 -31059
-10452 -31057
-10452 -31057
-10458 -31055
-10458 -31055
-10464 -31053
-10464 -31053
-10470 -31051
-10470 -31051
-10476 -31049
-10476 -31049
-10482 -31047
-10482 -31047
-10488 -31045
-10488 -31045
-10494 -31043
-10494 -31043
-10500 -31041
-10500 -31041
-10506 -31039
-10506 -31039
-10512 -31036
-10512 -31036
-10518 -31034
-10518 -31034
-10523 -31032
-10523 -31032
-10529 -31030
-10529 -31030
-10535 -31028
-10535 -31028
-10541 -31026
-10541 -31026
-10547 -31024
-10547 -31024
-10553 -31022
-10553 -31022
-10559 -31020
-10559 -31020
-10565 -31018
-10565 -31018
-10571 -31016
-10571 -31016
-10577 -31014
-10577 -31014
-10583 -31012
-10583 -31012
-10589 -31010
-10589 -31010
-10595 -31008
-10595 -31008
-10601 -31006
-10601 -31006
-10607 -31004
-10607 -31004
-10613 -31002
-10613 -31002
-10618 -31000
-10618 -31000
-10624 -30998
-10624 -30998
-10630 -30996
-10630 -30996
-10636 -30994
-10636 -30994
-10642 -30992
-10642 -30992
-10648 -30990
-10648 -30990
-10654 -30988
-10654 -30988
-10660 -30986
-10660 -30986
-10666 -30983
-10666 -30983
-10672 -30981
-10672 -30981
-10678 -30979
-10678 -30979
-10684 -30977
-10684 -30977
-10690 -30975
-10690 -30975
-10696 -30973
-10696 -30973
-10702 -30971
-10702 -30971
-10708 -30969
-10708 -30969
-10713 -30967
-10713 -30967
-10719 -30965
-10719 -30965
-10725 -30963
-10725 -30963
-10731 -30961
-10731 -30961
-10737 -30959
-10737 -30959
-10743 -30957
-10743 -30957
-10749 -30955
-10749 -30955
-10755 -30953
-10755 -30953
-10761 -30951
-10761 -30951
-10767 -30949
-10767 -30949
-10773 -30947
-10773 -30947
-10779 -30945
-10779 -30945
-10785 -30943
-10785 -30943
-10791 -30941
-10791 -30941
-10797 -30939
-10797 -30939
-10803 -30937
-10803 -30937
-10808 -30935
-10808 -30935
-10814 -30932
-10814 -30932
-10820 -30930
-10820 -30930
-10826 -30928
-10826 -30928
-10832 -30926
-10832 -30926
-10838 -30924
-10838 -30924
-10844 -30922
-10844 -30922
-10850 -30920
-10850 -30920
-10856 -30918
-10856 -30918
-10862 -30916
-10862 -30916
-10868 -30914
-10868 -30914
-10874 -30912
-10874 -30912
-10879 -30909
-10879 -30909
-10885 -30907
-10885 -30907
-10891 -30905
-10891 -30905
-10897 -30903
-10897 -30903
-10902 -30901
-10902 -30901
-10908 -30899
-10908 -30899
-10914 -30897
-10914 -30897
-10920 -30895
-10920 -30895
-10926 -30893
-10926 -30893
-10932 -30891
-10932 -30891
-10938 -30889
-10938 -30889
-10944 -30887
-10944 -30887
-10950 -30885
-10950 -30885
-10956 -30883
-10956 -30883
-10962 -30881
-10962 -30881
-10968 -30878
-10968 -30878
-10974 -30876
-10974 -30876
-10980 -30874
-10980 -30874
-10986 -30872
-10986 -30872
-10992 -30870
-10992 -30870
-10997 -30867
-10997 -30867
-11003 -30865
-11003 -30865
-11009 -30863
-11009 -30863
-11015 -30861
-11015 -30861
-11021 -30859
-11021 -30859
-11027 -30857
-11027 -30857
-11033 -30855
-11033 -30855
-11039 -30853
-11039 -30853
-11045 -30851
-11045 -30851
-11051 -30849
-11051 -30849
-11057 -30846
-11057 -30846
-11063 -30844
-11063 -30844
-11068 -30842
-11068 -30842
-11074 -30840
-11074 -30840
-11080 -30839
-11080 -30839
-11086 -30836
-11086 -30836
-11092 -30834
-11092 -30834
-11098 -30832
-11098 -30832
-11104 -30830
-11104 -30830
-11110 -30828
-11110 -30828
-11116 -30825
-11116 -30825
-11121 -30823
-11121 -30823
-11127 -30821
-11127 -30821
-11133 -30819
-11133 -30819
-11139 -30817
-11139 -30817
-11145 -30814
-11145 -30814
-11151 -30812
-11151 -30812
-11157 -30810
-11157 -30810
-11163 -30808
-11163 -30808
-11169 -30806
-11169 -30806
-11175 -30804
-11175 -30804
-11181 -30802
-11181 -30802
-11187 -30800
-11187 -30800
-11193 -30798
-11193 -30798
-11199 -30796
-11199 -30796
-11205 -30794
-11205 -30794
-11211 -30791
-11211 -30791
-11217 -30789
-11217 -30789
-11223 -30787
-11223 -30787
-11229 -30785
-11229 -30785
-11234 -30783
-11234 -30783
-11240 -30780
-11240 -30780
-11246 -30778
-11246 -30778
-11252 -30776
-11252 -30776
-11258 -30774
-11258 -30774
-11264 -30772
-11264 -30772
-11270 -30769
-11270 -30769
-11276 -30767
-11276 -30767
-11282 -30765
-11282 -30765
-11287 -30763
-11287 -30763
-11293 -30761
-11293 -30761
-11299 -30758
-11299 -30758
-11305 -30756
-11305 -30756
-11311 -30754
-11311 -30754
-11317 -30752
-11317 -30752
-11323 -30750
-11323 -30750
-11329 -30747
-11329 -30747
-11335 -30745
-11335 -30745
-11340 -30743
-11340 -30743
-11346 -30741
-11346 -30741
-11352 -30739
-11352 -30739
-11358 -30736
-11358 -30736
-11364 -30734
-11364 -30734
-11370 -30732
-11370 -30732
-11376 -30730
-11376 -30730
-11382 -30728
-11382 -30728
-11388 -30725
-11388 -30725
-11393 -30723
-11393 -30723
-11399 -30721
-11399 -30721
-11405 -30719
-11405 -30719
-11411 -30717
-11411 -30717
-11417 -30716
-11417 -30716
-11423 -30712
-11423 -30712
-11429 -30710
-11429 -30710
-11435 -30708
-11435 -30708
-11441 -30706
-11441 -30706
-11446 -30704
-11446 -30704
-11452 -30701
-11452 -30701
-11458 -30699
-11458 -30699
-11464 -30697
-11464 -30697
-11470 -30695
-11470 -30695
-11476 -30693
-11476 -30693
-11482 -30690
-11482 -30690
-11488 -30688
-11488 -30688
-11494 -30686
-11494 -30686
-11499 -30684
-11499 -30684
-11505 -30682
-11505 -30682
-11511 -30679
-11511 -30679
-11517 -30677
-11517 -30677
-11523 -30675
-11523 -30675
-11529 -30673
-11529 -30673
-11535 -30671
-11535 -30671
-11541 -30668
-11541 -30668
-11547 -30666
-11547 -30666
-11552 -30664
-11552 -30664
-11558 -30662
-11558 -30662
-11564 -30660
-11564 -30660
-11570 -30657
-11570 -30657
-11576 -30655
-11576 -30655
-11582 -30653
-11582 -30653
-11588 -30651
-11588 -30651
-11594 -30649
-11594 -30649
-11600 -30646
-11600 -30646
-11606 -30644
-11606 -30644
-11611 -30642
-11611 -30642
-11617 -30640
-11617 -30640
-11623 -30638
-11623 -30638
-11629 -30635
-11629 -30635
-11635 -30633
-11635 -30633
-11641 -30631
-11641 -30631
-11647 -30629
-11647 -30629
-11653 -30627
-11653 -30627
-11659 -30623
-11659 -30623
-11663 -30621
-11663 -30621
-11669 -30619
-11669 -30619
-11675 -30617
-11675 -30617
-11681 -30615
-11681 -30615
-11687 -30613
-11687 -30613
-11693 -30610
-11693 -30610
-11699 -30608
-11699 -30608
-11705 -30606
-11705 -30606
-11711 -30604
-11711 -30604
-11716 -30602
-11716 -30602
-11722 -30599
-11722 -30599
-11728 -30597
-11728 -30597
-11734 -30595
-11734 -30595
-11740 -30593
-11740 -30593
-11746 -30591
-11746 -30591
-11752 -30588
-11752 -30588
-11758 -30585
-11758 -30585
-11764 -30583
-11764 -30583
-11769 -30581
-11769 -30581
-11775 -30579
-11775 -30579
-11781 -30576
-11781 -30576
-11787 -30574
-11787 -30574
-11793 -30572
-11793 -30572
-11799 -30570
-11799 -30570
-11805 -30567
-11805 -30567
-11811 -30565
-11811 -30565
-11816 -30563
-11816 -30563
-11822 -30560
-11822 -30560
-11828 -30558
-11828 -30558
-11834 -30556
-11834 -30556
-11840 -30553
-11840 -30553
-11846 -30552
-11846 -30552
-11851 -30550
-11851 -30550
-11857 -30547
-11857 -30547
-11863 -30545
-11863 -30545
-11869 -30543
-11869 -30543
-11875 -30540
-11875 -30540
-11881 -30538
-11881 -30538
-11886 -30536
-11886 -30536
-11892 -30533
-11892 -30533
-11898 -30531
-11898 -30531
-11905 -30529
-11905 -30529
-11911 -30526
-11911 -30526
-11917 -30524
-11917 -30524
-11922 -30522
-11922 -30522
-11928 -30519
-11928 -30519
-11934 -30517
-11934 -30517
-11940 -30515
-11940 -30515
-11946 -30512
-11946 -30512
-11952 -30510
-11952 -30510
-11957 -30508
-11957 -30508
-11963 -30505
-11963 -30505
-11969 -30504
-11969 -30504
-11975 -30502
-11975 -30502
-11981 -30500
-11981 -30500
-11987 -30497
-11987 -30497
-11992 -30495
-11992 -30495
-11998 -30493
-11998 -30493
-12004 -30490
-12004 -30490
-12010 -30488
-12010 -30488
-12016 -30486
-12016 -30486
-12022 -30483
-12022 -30483
-12027 -30481
-12027 -30481
-12033 -30479
-12033 -30479
-12039 -30476
-12039 -30476
-12045 -30474
-12045 -30474
-12051 -30472
-12051 -30472
-12057 -30469
-12057 -30469
-12062 -30467
-12062 -30467
-12068 -30465
-12068 -30465
-12074 -30462
-12074 -30462
-12080 -30460
-12080 -30460
-12086 -30458
-12086 -30458
-12092 -30455
-12092 -30455
-12097 -30453
-12097 -30453
-12103 -30451
-12103 -30451
-12109 -30448
-12109 -30448
-12115 -30446
-12115 -30446
-12121 -30444
-12121 -30444
-12127 -30441
-12127 -30441
-12132 -30439
-12132 -30439
-12138 -30437
-12138 -30437
-12144 -30434
-12144 -30434
-12150 -30432
-12150 -30432
-12156 -30430
-12156 -30430
-12162 -30427
-12162 -30427
-12168 -30425
-12168 -30425
-12173 -30423
-12173 -30423
-12179 -30420
-12179 -30420
-12185 -30418
-12185 -30418
-12191 -30416
-12191 -30416
-12197 -30413
-12197 -30413
-12203 -30411
-12203 -30411
-12208 -30409
-12208 -30409
-12214 -30406
-12214 -30406
-12220 -30404
-12220 -30404
-12226 -30402
-12226 -30402
-12232 -30399
-12232 -30399
-12238 -30397
-12238 -30397
-12243 -30395
-12243 -30395
-12249 -30392
-12249 -30392
-12255 -30390
-12255 -30390
-12261 -30388
-12261 -30388
-12267 -30385
-12267 -30385
-12273 -30383
-12273 -30383
-12278 -30381
-12278 -30381
-12284 -30378
-12284 -30378
-12290 -30376
-12290 -30376
-12296 -30374
-12296 -30374
-12302 -30371
-12302 -30371
-12308 -30369
-12308 -30369
-12313 -30367
-12313 -30367
-12319 -30364
-12319 -30364
-12325 -30362
-12325 -30362
-12331 -30360
-12331 -30360
-12337 -30357
-12337 -30357
-12343 -30355
-12343 -30355
-12348 -30353
-12348 -30353
-12354 -30351
-12354 -30351
-12360 -30348
-12360 -30348
-12366 -30346
-12366 -30346
-12372 -30343
-12372 -30343
-12378 -30340
-12378 -30340
-12383 -30338
-12383 -30338
-12389 -30336
-12389 -30336
-12395 -30333
-12395 -30333
-12401 -30331
-12401 -30331
-12407 -30329
-12407 -30329
-12413 -30326
-12413 -30326
-12418 -30324
-12418 -30324
-12424 -30322
-12424 -30322
-12430 -30319
-12430 -30319
-12435 -30317
-12435 -30317
-12441 -30315
-12441 -30315
-12447 -30312
-12447 -30312
-12452 -30310
-12452 -30310
-12458 -30308
-12458 -30308
-12464 -30305
-12464 -30305
-12470 -30303
-12470 -30303
-12476 -30301
-12476 -30301
-12482 -30298
-12482 -30298
-12487 -30296
-12487 -30296
-12493 -30293
-12493 -30293
-12499 -30290
-12499 -30290
-12505 -30288
-12505 -30288
-12511 -30286
-12511 -30286
-12517 -30283
-12517 -30283
-12522 -30281
-12522 -30281
-12528 -30279
-12528 -30279
-12534 -30276
-12534 -30276
-12540 -30274
-12540 -30274
-12546 -30272
-12546 -30272
-12552 -30269
-12552 -30269
-12557 -30267
-12557 -30267
-12563 -30264
-12563 -30264
-12569 -30262
-12569 -30262
-12575 -30259
-12575 -30259
-12580 -30257
-12580 -30257
-12586 -30255
-12586 -30255
-12592 -30253
-12592 -30253
-12598 -30250
-12598 -30250
-12604 -30248
-12604 -30248
-12609 -30245
-12609 -30245
-12615 -30243
-12615 -30243
-12621 -30240
-12621 -30240
-12627 -30238
-12627 -30238
-12632 -30235
-12632 -30235
-12638 -30233
-12638 -30233
-12644 -30230
-12644 -30230
-12651 -30228
-12651 -30228
-12656 -30225
-12656 -30225
-12662 -30223
-12662 -30223
-12668 -30221
-12668 -30221
-12674 -30218
-12674 -30218
-12680 -30216
-12680 -30216
-12685 -30213
-12685 -30213
-12691 -30212
-12691 -30212
-12697 -30209
-12697 -30209
-12703 -30207
-12703 -30207
-12708 -30204
-12708 -30204
-12714 -30202
-12714 -30202
-12720 -30199
-12720 -30199
-12726 -30197
-12726 -30197
-12732 -30194
-12732 -30194
-12737 -30192
-12737 -30192
-12743 -30189
-12743 -30189
-12749 -30187
-12749 -30187
-12755 -30184
-12755 -30184
-12760 -30182
-12760 -30182
-12766 -30179
-12766 -30179
-12772 -30177
-12772 -30177
-12778 -30174
-12778 -30174
-12783 -30172
-12783 -30172
-12789 -30170
-12789 -30170
-12795 -30167
-12795 -30167
-12801 -30165
-12801 -30165
-12807 -30162
-12807 -30162
-12812 -30160
-12812 -30160
-12818 -30157
-12818 -30157
-12824 -30155
-12824 -30155
-12830 -30152
-12830 -30152
-12835 -30150
-12835 -30150
-12841 -30147
-12841 -30147
-12847 -30145
-12847 -30145
-12853 -30142
-12853 -30142
-12859 -30140
-12859 -30140
-12864 -30137
-12864 -30137
-12870 -30135
-12870 -30135
-12876 -30132
-12876 -30132
-12882 -30130
-12882 -30130
-12887 -30127
-12887 -30127
-12893 -30125
-12893 -30125
-12899 -30122
-12899 -30122
-12905 -30120
-12905 -30120
-12911 -30118
-12911 -30118
-12916 -30115
-12916 -30115
-12922 -30113
-12922 -30113
-12928 -30110
-12928 -30110
-12934 -30108
-12934 -30108
-12939 -30105
-12939 -30105
-12945 -30103
-12945 -30103
-12951 -30100
-12951 -30100
-12957 -30098
-12957 -30098
-12962 -30095
-12962 -30095
-12968 -30093
-12968 -30093
-12974 -30090
-12974 -30090
-12980 -30088
-12980 -30088
-12986 -30085
-12986 -30085
-12991 -30083
-12991 -30083
-12997 -30080
-12997 -30080
-13003 -30078
-13003 -30078
-13009 -30075
-13009 -30075
-13014 -30073
-13014 -30073
-13020 -30070
-13020 -30070
-13026 -30068
-13026 -30068
-13032 -30065
-13032 -30065
-13038 -30063
-13038 -30063
-13043 -30061
-13043 -30061
-13049 -30058
-13049 -30058
-13055 -30056
-13055 -30056
-13061 -30053
-13061 -30053
-13066 -30051
-13066 -30051
-13072 -30048
-13072 -30048
-13078 -30046
-13078 -30046
-13084 -30043
-13084 -30043
-13089 -30041
-13089 -30041
-13095 -30038
-13095 -30038
-13101 -30036
-13101 -30036
-13107 -30033
-13107 -30033
-13113 -30031
-13113 -30031
-13118 -30028
-13118 -30028
-13124 -30026
-13124 -30026
-13130 -30023
-13130 -30023
-13136 -30020
-13136 -30020
-13141 -30017
-13141 -30017
-13147 -30015
-13147 -30015
-13153 -30012
-13153 -30012
-13159 -30010
-13159 -30010
-13165 -30008
-13165 -30008
-13170 -30005
-13170 -30005
-13175 -30003
-13175 -30003
-13181 -30000
-13181 -30000
-13187 -29998
-13187 -29998
-13192 -29995
-13192 -29995
-13198 -29993
-13198 -29993
-13204 -29990
-13204 -29990
-13210 -29988
-13210 -29988
-13215 -29985
-13215 -29985
-13221 -29983
-13221 -29983
-13227 -29980
-13227 -29980
-13233 -29978
-13233 -29978
-13239 -29974
-13239 -29974
-13244 -29972
-13244 -29972
-13250 -29969
-13250 -29969
-13256 -29967
-13256 -29967
-13262 -29964
-13262 -29964
-13267 -29962
-13267 -29962
-13273 -29959
-13273 -29959
-13279 -29957
-13279 -29957
-13285 -29954
-13285 -29954
-13290 -29952
-13290 -29952
-13296 -29949
-13296 -29949
-13302 -29947
-13302 -29947
-13308 -29944
-13308 -29944
-13313 -29941
-13313 -29941
-13319 -29939
-13319 -29939
-13325 -29937
-13325 -29937
-13330 -29934
-13330 -29934
-13336 -29932
-13336 -29932
-13342 -29929
-13342 -29929
-13348 -29927
-13348 -29927
-13353 -29924
-13353 -29924
-13359 -29921
-13359 -29921
-13365 -29919
-13365 -29919
-13370 -29916
-13370 -29916
-13376 -29914
-13376 -29914
-13382 -29911
-13382 -29911
-13389 -29908
-13389 -29908
-13394 -29906
-13394 -29906
-13400 -29903
-13400 -29903
-13406 -29900
-13406 -29900
-13411 -29898
-13411 -29898
-13417 -29895
-13417 -29895
-13423 -29893
-13423 -29893
-13428 -29890
-13428 -29890
-13434 -29887
-13434 -29887
-13440 -29886
-13440 -29886
-13446 -29883
-13446 -29883
-13451 -29880
-13451 -29880
-13457 -29878
-13457 -29878
-13463 -29875
-13463 -29875
-13468 -29873
-13468 -29873
-13474 -29870
-13474 -29870
-13480 -29867
-13480 -29867
-13486 -29865
-13486 -29865
-13491 -29862
-13491 -29862
-13497 -29860
-13497 -29860
-13503 -29857
-13503 -29857
-13508 -29854
-13508 -29854
-13514 -29852
-13514 -29852
-13520 -29849
-13520 -29849
-13526 -29846
-13526 -29846
-13531 -29844
-13531 -29844
-13537 -29841
-13537 -29841
-13543 -29839
-13543 -29839
-13548 -29836
-13548 -29836
-13554 -29833
-13554 -29833
-13560 -29831
-13560 -29831
-13566 -29828
-13566 -29828
-13571 -29826
-13571 -29826
-13577 -29823
-13577 -29823
-13583 -29820
-13583 -29820
-13588 -29818
-13588 -29818
-13594 -29815
-13594 -29815
-13600 -29812
-13600 -29812
-13606 -29810
-13606 -29810
-13611 -29807
-13611 -29807
-13617 -29805
-13617 -29805
-13623 -29802
-13623 -29802
-13628 -29799
-13628 -29799
-13634 -29797
-13634 -29797
-13640 -29794
-13640 -29794
-13646 -29792
-13646 -29792
-13651 -29789
-13651 -29789
-13657 -29786
-13657 -29786
-13663 -29784
-13663 -29784
-13668 -29781
-13668 -29781
-13674 -29778
-13674 -29778
-13680 -29776
-13680 -29776
-13685 -29773
-13685 -29773
-13691 -29771
-13691 -29771
-13697 -29768
-13697 -29768
-13703 -29765
-13703 -29765
-13708 -29763
-13708 -29763
-13714 -29760
-13714 -29760
-13720 -29757
-13720 -29757
-13725 -29755
-13725 -29755
-13731 -29752
-13731 -29752
-13737 -29750
-13737 -29750
-13743 -29747
-13743 -29747
-13748 -29744
-13748 -29744
-13754 -29742
-13754 -29742
-13760 -29739
-13760 -29739
-13765 -29737
-13765 -29737
-13771 -29734
-13771 -29734
-13777 -29731
-13777 -29731
-13783 -29729
-13783 -29729
-13788 -29726
-13788 -29726
-13794 -29723
-13794 -29723
-13800 -29721
-13800 -29721
-13805 -29718
-13805 -29718
-13811 -29716
-13811 -29716
-13817 -29713
-13817 -29713
-13823 -29710
-13823 -29710
-13828 -29708
-13828 -29708
-13834 -29705
-13834 -29705
-13840 -29703
-13840 -29703
-13845 -29700
-13845 -29700
-13851 -29697
-13851 -29697
-13857 -29694
-13857 -29694
-13863 -29691
-13863 -29691
-13868 -29688
-13868 -29688
-13874 -29686
-13874 -29686
-13880 -29683
-13880 -29683
-13885 -29681
-13885 -29681
-13891 -29678
-13891 -29678
-13897 -29675
-13897 -29675
-13902 -29673
-13902 -29673
-13907 -29670
-13907 -29670
-13913 -29667
-13913 -29667
-13919 -29665
-13919 -29665
-13924 -29662
-13924 -29662
-13930 -29660
-13930 -29660
-13936 -29657
-13936 -29657
-13941 -29654
-13941 -29654
-13947 -29652
-13947 -29652
-13953 -29649
-13953 -29649
-13959 -29647
-13959 -29647
-13964 -29644
-13964 -29644
-13970 -29640
-13970 -29640
-13976 -29638
-13976 -29638
-13981 -29635
-13981 -29635
-13987 -29632
-13987 -29632
-13993 -29630
-13993 -29630
-13999 -29627
-13999 -29627
-14004 -29625
-14004 -29625
-14010 -29622
-14010 -29622
-14016 -29619
-14016 -29619
-14021 -29616
-14021 -29616
-14027 -29614
-14027 -29614
-14033 -29611
-14033 -29611
-14038 -29608
-14038 -29608
-14044 -29605
-14044 -29605
-14050 -29603
-14050 -29603
-14055 -29601
-14055 -29601
-14061 -29598
-14061 -29598
-14066 -29595
-14066 -29595
-14072 -29593
-14072 -29593
-14078 -29590
-14078 -29590
-14083 -29587
-14083 -29587
-14089 -29584
-14089 -29584
-14095 -29582
-14095 -29582
-14100 -29579
-14100 -29579
-14107 -29576
-14107 -29576
-14113 -29573
-14113 -29573
-14118 -29571
-14118 -29571
-14124 -29568
-14124 -29568
-14130 -29565
-14130 -29565
-14135 -29562
-14135 -29562
-14141 -29560
-14141 -29560
-14147 -29557
-14147 -29557
-14152 -29554
-14152 -29554
-14158 -29551
-14158 -29551
-14164 -29549
-14164 -29549
-14169 -29547
-14169 -29547
-14175 -29544
-14175 -29544
-14180 -29541
-14180 -29541
-14186 -29539
-14186 -29539
-14192 -29536
-14192 -29536
-14197 -29533
-14197 -29533
-14203 -29530
-14203 -29530
-14209 -29527
-14209 -29527
-14214 -29525
-14214 -29525
-14220 -29522
-14220 -29522
-14226 -29519
-14226 -29519
-14231 -29516
-14231 -29516
-14237 -29514
-14237 -29514
-14243 -29511
-14243 -29511
-14248 -29508
-14248 -29508
-14254 -29505
-14254 -29505
-14260 -29503
-14260 -29503
-14265 -29500
-14265 -29500
-14271 -29497
-14271 -29497
-14276 -29494
-14276 -29494
-14282 -29492
-14282 -29492
-14288 -29489
-14288 -29489
-14293 -29486
-14293 -29486
-14299 -29483
-14299 -29483
-14305 -29481
-14305 -29481
-14310 -29478
-14310 -29478
-14316 -29475
-14316 -29475
-14322 -29472
-14322 -29472
-14327 -29470
-14327 -29470
-14333 -29467
-14333 -29467
-14339 -29464
-14339 -29464
-14344 -29461
-14344 -29461
-14350 -29459
-14350 -29459
-14356 -29456
-14356 -29456
-14361 -29453
-14361 -29453
-14367 -29450
-14367 -29450
-14373 -29448
-14373 -29448
-14378 -29445
-14378 -29445
-14384 -29442
-14384 -29442
-14389 -29439
-14389 -29439
-14395 -29436
-14395 -29436
-14401 -29434
-14401 -29434
-14406 -29431
-14406 -29431
-14412 -29428
-14412 -29428
-14418 -29425
-14418 -29425
-14423 -29423
-14423 -29423
-14429 -29420
-14429 -29420
-14435 -29417
-14435 -29417
-14440 -29414
-14440 -29414
-14446 -29412
-14446 -29412
-14452 -29409
-14452 -29409
-14457 -29406
-14457 -29406
-14463 -29403
-14463 -29403
-14469 -29401
-14469 -29401
-14474 -29398
-14474 -29398
-14480 -29395
-14480 -29395
-14485 -29392
-14485 -29392
-14491 -29390
-14491 -29390
-14497 -29387
-14497 -29387
-14502 -29384
-14502 -29384
-14508 -29381
-14508 -29381
-14514 -29379
-14514 -29379
-14519 -29376
-14519 -29376
-14525 -29373
-14525 -29373
-14531 -29370
-14531 -29370
-14536 -29368
-14536 -29368
-14542 -29365
-14542 -29365
-14548 -29362
-14548 -29362
-14553 -29359
-14553 -29359
-14559 -29356
-14559 -29356
-14565 -29354
-14565 -29354
-14570 -29351
-14570 -29351
-14576 -29348
-14576 -29348
-14581 -29344
-14581 -29344
-14587 -29342
-14587 -29342
-14593 -29339
-14593 -29339
-14598 -29336
-14598 -29336
-14604 -29333
-14604 -29333
-14610 -29331
-14610 -29331
-14615 -29328
-14615 -29328
-14621 -29325
-14621 -29325
-14627 -29322
-14627 -29322
-14632 -29320
-14632 -29320
-14638 -29317
-14638 -29317
-14643 -29314
-14643 -29314
-14648 -29311
-14648 -29311
-14654 -29309
-14654 -29309
-14660 -29306
-14660 -29306
-14665 -29303
-14665 -29303
-14671 -29300
-14671 -29300
-14677 -29298
-14677 -29298
-14682 -29295
-14682 -29295
-14688 -29292
-14688 -29292
-14693 -29288
-14693 -29288
-14699 -29286
-14699 -29286
-14705 -29283
-14705 -29283
-14710 -29280
-14710 -29280
-14716 -29277
-14716 -29277
-14722 -29275
-14722 -29275
-14727 -29272
-14727 -29272
-14733 -29269
-14733 -29269
-14739 -29266
-14739 -29266
-14744 -29263
-14744 -29263
-14750 -29260
-14750 -29260
-14755 -29257
-14755 -29257
-14761 -29255
-14761 -29255
-14766 -29252
-14766 -29252
-14772 -29249
-14772 -29249
-14778 -29246
-14778 -29246
-14783 -29244
-14783 -29244
-14789 -29241
-14789 -29241
-14794 -29238
-14794 -29238
-14800 -29235
-14800 -29235
-14806 -29232
-14806 -29232
-14811 -29230
-14811 -29230
-14818 -29227
-14818 -29227
-14823 -29224
-14823 -29224
-14829 -29221
-14829 -29221
-14834 -29218
-14834 -29218
-14840 -29215
-14840 -29215
-14846 -29212
-14846 -29212
-14851 -29209
-14851 -29209
-14857 -29206
-14857 -29206
-14862 -29204
-14862 -29204
-14868 -29201
-14868 -29201
-14873 -29198
-14873 -29198
-14879 -29195
-14879 -29195
-14885 -29192
-14885 -29192
-14890 -29189
-14890 -29189
-14896 -29186
-14896 -29186
-14901 -29184
-14901 -29184
-14907 -29181
-14907 -29181
-14913 -29179
-14913 -29179
-14918 -29176
-14918 -29176
-14924 -29173
-14924 -29173
-14929 -29170
-14929 -29170
-14935 -29167
-14935 -29167
-14940 -29164
-14940 -29164
-14946 -29161
-14946 -29161
-14952 -29158
-14952 -29158
-14957 -29155
-14957 -29155
-14963 -29152
-14963 -29152
-14968 -29150
-14968 -29150
-14974 -29147
-14974 -29147
-14979 -29144
-14979 -29144
-14985 -29141
-14985 -29141
-14991 -29138
-14991 -29138
-14996 -29135
-14996 -29135
-15002 -29132
-15002 -29132
-15007 -29129
-15007 -29129
-15013 -29126
-15013 -29126
-15018 -29124
-15018 -29124
-15024 -29121
-15024 -29121
-15030 -29118
-15030 -29118
-15035 -29115
-15035 -29115
-15041 -29112
-15041 -29112
-15046 -29109
-15046 -29109
-15052 -29106
-15052 -29106
-15058 -29103
-15058 -29103
-15063 -29100
-15063 -29100
-15069 -29098
-15069 -29098
-15074 -29095
-15074 -29095
-15080 -29092
-15080 -29092
-15085 -29089
-15085 -29089
-15091 -29086
-15091 -29086
-15097 -29083
-15097 -29083
-15102 -29080
-15102 -29080
-15108 -29077
-15108 -29077
-15113 -29074
-15113 -29074
-15119 -29072
-15119 -29072
-15124 -29069
-15124 -29069
-15130 -29066
-15130 -29066
-15136 -29063
-15136 -29063
-15141 -29060
-15141 -29060
-15147 -29057
-15147 -29057
-15152 -29054
-15152 -29054
-15158 -29051
-15158 -29051
-15164 -29048
-15164 -29048
-15169 -29046
-15169 -29046
-15175 -29043
-15175 -29043
-15180 -29040
-15180 -29040
-15186 -29037
-15186 -29037
-15191 -29034
-15191 -29034
-15197 -29031
-15197 -29031
-15203 -29028
-15203 -29028
-15208 -29025
-15208 -29025
-15214 -29022
-15214 -29022
-15219 -29020
-15219 -29020
-15225 -29017
-15225 -29017
-15230 -29014
-15230 -29014
-15236 -29011
-15236 -29011
-15242 -29008
-15242 -29008
-15247 -29005
-15247 -29005
-15253 -29002
-15253 -29002
-15258 -28999
-15258 -28999
-15264 -28996
-15264 -28996
-15270 -28994
-15270 -28994
-15275 -28991
-15275 -28991
-15281 -28988
-15281 -28988
-15286 -28984
-15286 -28984
-15292 -28981
-15292 -28981
-15297 -28978
-15297 -28978
-15303 -28975
-15303 -28975
-15309 -28972
-15309 -28972
-15314 -28969
-15314 -28969
-15320 -28966
-15320 -28966
-15325 -28964
-15325 -28964
-15331 -28961
-15331 -28961
-15336 -28958
-15336 -28958
-15342 -28955
-15342 -28955
-15348 -28952
-15348 -28952
-15353 -28949
-15353 -28949
-15359 -28946
-15359 -28946
-15364 -28943
-15364 -28943
-15369 -28940
-15369 -28940
-15374 -28938
-15374 -28938
-15380 -28935
-15380 -28935
-15386 -28932
-15386 -28932
-15391 -28929
-15391 -28929
-15397 -28926
-15397 -28926
-15402 -28922
-15402 -28922
-15408 -28919
-15408 -28919
-15414 -28916
-15414 -28916
-15419 -28913
-15419 -28913
-15425 -28911
-15425 -28911
-15430 -28908
-15430 -28908
-15436 -28905
-15436 -28905
-15441 -28902
-15441 -28902
-15447 -28899
-15447 -28899
-15453 -28896
-15453 -28896
-15458 -28893
-15458 -28893
-15464 -28890
-15464 -28890
-15469 -28887
-15469 -28887
-15475 -28884
-15475 -28884
-15480 -28881
-15480 -28881
-15486 -28878
-15486 -28878
-15491 -28876
-15491 -28876
-15497 -28873
-15497 -28873
-15502 -28870
-15502 -28870
-15508 -28867
-15508 -28867
-15513 -28864
-15513 -28864
-15519 -28861
-15519 -28861
-15524 -28858
-15524 -28858
-15530 -28855
-15530 -28855
-15535 -28852
-15535 -28852
-15542 -28848
-15542 -28848
-15547 -28845
-15547 -28845
-15553 -28842
-15553 -28842
-15558 -28839
-15558 -28839
-15564 -28836
-15564 -28836
-15569 -28833
-15569 -28833
-15575 -28830
-15575 -28830
-15580 -28827
-15580 -28827
-15586 -28824
-15586 -28824
-15591 -28821
-15591 -28821
-15597 -28818
-15597 -28818
-15602 -28816
-15602 -28816
-15608 -28813
-15608 -28813
-15613 -28810
-15613 -28810
-15619 -28807
-15619 -28807
-15624 -28804
-15624 -28804
-15630 -28801
-15630 -28801
-15635 -28798
-15635 -28798
-15641 -28795
-15641 -28795
-15646 -28792
-15646 -28792
-15652 -28789
-15652 -28789
-15657 -28786
-15657 -28786
-15663 -28783
-15663 -28783
-15668 -28780
-15668 -28780
-15674 -28777
-15674 -28777
-15679 -28774
-15679 -28774
-15685 -28771
-15685 -28771
-15690 -28768
-15690 -28768
-15696 -28765
-15696 -28765
-15701 -28762
-15701 -28762
-15707 -28759
-15707 -28759
-15712 -28756
-15712 -28756
-15718 -28752
-15718 -28752
-15723 -28749
-15723 -28749
-15729 -28746
-15729 -28746
-15734 -28743
-15734 -28743
-15740 -28740
-15740 -28740
-15745 -28737
-15745 -28737
-15751 -28734
-15751 -28734
-15756 -28731
-15756 -28731
-15762 -28728
-15762 -28728
-15767 -28725
-15767 -28725
-15773 -28722
-15773 -28722
-15778 -28719
-15778 -28719
-15784 -28716
-15784 -28716
-15789 -28713
-15789 -28713
-15795 -28710
-15795 -28710
-15800 -28707
-15800 -28707
-15806 -28704
-15806 -28704
-15811 -28701
-15811 -28701
-15817 -28698
-15817 -28698
-15822 -28695
-15822 -28695
-15828 -28692
-15828 -28692
-15833 -28689
-15833 -28689
-15839 -28686
-15839 -28686
-15844 -28683
-15844 -28683
-15850 -28680
-15850 -28680
-15855 -28677
-15855 -28677
-15861 -28674
-15861 -28674
-15866 -28671
-15866 -28671
-15872 -28668
-15872 -28668
-15877 -28665
-15877 -28665
-15883 -28662
-15883 -28662
-15888 -28659
-15888 -28659
-15894 -28655
-15894 -28655
-15899 -28652
-15899 -28652
-15905 -28649
-15905 -28649
-15910 -28646
-15910 -28646
-15916 -28643
-15916 -28643
-15921 -28640
-15921 -28640
-15927 -28637
-15927 -28637
-15932 -28634
-15932 -28634
-15938 -28631
-15938 -28631
-15943 -28628
-15943 -28628
-15949 -28625
-15949 -28625
-15954 -28622
-15954 -28622
-15960 -28619
-15960 -28619
-15965 -28616
-15965 -28616
-15971 -28613
-15971 -28613
-15976 -28610
-15976 -28610
-15982 -28607
-15982 -28607
-15987 -28604
-15987 -28604
-15993 -28601
-15993 -28601
-15998 -28598
-15998 -28598
-16004 -28594
-16004 -28594
-16009 -28591
-16009 -28591
-16015 -28588
-16015 -28588
-16020 -28585
-16020 -28585
-16026 -28582
-16026 -28582
-16031 -28579
-16031 -28579
-16037 -28576
-16037 -28576
-16042 -28573
-16042 -28573
-16048 -28570
-16048 -28570
-16053 -28567
-16053 -28567
-16059 -28564
-16059 -28564
-16063 -28561
-16063 -28561
-16069 -28557
-16069 -28557
-16074 -28554
-16074 -28554
-16080 -28551
-16080 -28551
-16085 -28548
-16085 -28548
-16091 -28545
-16091 -28545
-16096 -28542
-16096 -28542
-16102 -28539
-16102 -28539
-16107 -28536
-16107 -28536
-16113 -28532
-16113 -28532
-16118 -28529
-16118 -28529
-16124 -28526
-16124 -28526
-16129 -28523
-16129 -28523
-16135 -28520
-16135 -28520
-16140 -28517
-16140 -28517
-16146 -28514
-16146 -28514
-16151 -28511
-16151 -28511
-16156 -28508
-16156 -28508
-16162 -28505
-16162 -28505
-16167 -28502
-16167 -28502
-16173 -28498
-16173 -28498
-16178 -28495
-16178 -28495
-16184 -28492
-16184 -28492
-16189 -28489
-16189 -28489
-16194 -28486
-16194 -28486
-16200 -28484
-16200 -28484
-16205 -28480
-16205 -28480
-16211 -28477
-16211 -28477
-16216 -28474
-16216 -28474
-16222 -28471
-16222 -28471
-16227 -28468
-16227 -28468
-16233 -28465
-16233 -28465
-16239 -28461
-16239 -28461
-16244 -28458
-16244 -28458
-16250 -28455
-16250 -28455
-16255 -28452
-16255 -28452
-16261 -28449
-16261 -28449
-16266 -28446
-16266 -28446
-16271 -28442
-16271 -28442
-16277 -28439
-16277 -28439
-16282 -28436
-16282 -28436
-16288 -28433
-16288 -28433
-16293 -28430
-16293 -28430
-16299 -28427
-16299 -28427
-16304 -28423
-16304 -28423
-16309 -28420
-16309 -28420
-16315 -28418
-16315 -28418
-16320 -28415
-16320 -28415
-16326 -28412
-16326 -28412
-16331 -28409
-16331 -28409
-16337 -28405
-16337 -28405
-16342 -28402
-16342 -28402
-16347 -28399
-16347 -28399
-16353 -28396
-16353 -28396
-16358 -28393
-16358 -28393
-16364 -28390
-16364 -28390
-16369 -28386
-16369 -28386
-16375 -28383
-16375 -28383
-16380 -28380
-16380 -28380
-16385 -28377
-16385 -28377
-16391 -28374
-16391 -28374
-16396 -28371
-16396 -28371
-16402 -28367
-16402 -28367
-16407 -28364
-16407 -28364
-16413 -28361
-16413 -28361
-16418 -28358
-16418 -28358
-16423 -28355
-16423 -28355
-16429 -28352
-16429 -28352
-16434 -28348
-16434 -28348
-16440 -28345
-16440 -28345
-16445 -28342
-16445 -28342
-16451 -28339
-16451 -28339
-16456 -28336
-16456 -28336
-16461 -28333
-16461 -28333
-16467 -28329
-16467 -28329
-16472 -28326
-16472 -28326
-16478 -28323
-16478 -28323
-16483 -28320
-16483 -28320
-16489 -28317
-16489 -28317
-16494 -28314
-16494 -28314
-16500 -28311
-16500 -28311
-16505 -28307
-16505 -28307
-16510 -28304
-16510 -28304
-16516 -28301
-16516 -28301
-16521 -28298
-16521 -28298
-16527 -28295
-16527 -28295
-16532 -28292
-16532 -28292
-16538 -28288
-16538 -28288
-16543 -28285
-16543 -28285
-16548 -28282
-16548 -28282
-16554 -28279
-16554 -28279
-16559 -28276
-16559 -28276
-16565 -28273
-16565 -28273
-16570 -28269
-16570 -28269
-16576 -28266
-16576 -28266
-16581 -28263
-16581 -28263
-16586 -28260
-16586 -28260
-16592 -28257
-16592 -28257
-16597 -28254
-16597 -28254
-16603 -28250
-16603 -28250
-16608 -28247
-16608 -28247
-16614 -28244
-16614 -28244
-16619 -28241
-16619 -28241
-16624 -28238
-16624 -28238
-16630 -28235
-16630 -28235
-16635 -28231
-16635 -28231
-16641 -28228
-16641 -28228
-16646 -28225
-16646 -28225
-16652 -28222
-16652 -28222
-16657 -28219
-16657 -28219
-16662 -28216
-16662 -28216
-16668 -28212
-16668 -28212
-16673 -28209
-16673 -28209
-16679 -28206
-16679 -28206
-16684 -28203
-16684 -28203
-16690 -28199
-16690 -28199
-16695 -28196
-16695 -28196
-16700 -28192
-16700 -28192
-16706 -28189
-16706 -28189
-16711 -28186
-16711 -28186
-16717 -28183
-16717 -28183
-16722 -28180
-16722 -28180
-16728 -28177
-16728 -28177
-16733 -28173
-16733 -28173
-16738 -28170
-16738 -28170
-16744 -28167
-16744 -28167
-16749 -28164
-16749 -28164
-16755 -28161
-16755 -28161
-16760 -28158
-16760 -28158
-16766 -28154
-16766 -28154
-16770 -28151
-16770 -28151
-16775 -28148
-16775 -28148
-16781 -28145
-16781 -28145
-16786 -28142
-16786 -28142
-16792 -28139
-16792 -28139
-16797 -28135
-16797 -28135
-16803 -28131
-16803 -28131
-16808 -28128
-16808 -28128
-16813 -28125
-16813 -28125
-16819 -28122
-16819 -28122
-16824 -28119
-16824 -28119
-16830 -28115
-16830 -28115
-16835 -28112
-16835 -28112
-16841 -28109
-16841 -28109
-16846 -28106
-16846 -28106
-16851 -28103
-16851 -28103
-16857 -28099
-16857 -28099
-16862 -28096
-16862 -28096
-16867 -28093
-16867 -28093
-16873 -28090
-16873 -28090
-16878 -28086
-16878 -28086
-16883 -28083
-16883 -28083
-16889 -28080
-16889 -28080
-16894 -28077
-16894 -28077
-16900 -28074
-16900 -28074
-16905 -28071
-16905 -28071
-16910 -28067
-16910 -28067
-16917 -28064
-16917 -28064
-16922 -28061
-16922 -28061
-16927 -28058
-16927 -28058
-16933 -28054
-16933 -28054
-16938 -28051
-16938 -28051
-16943 -28048
-16943 -28048
-16949 -28044
-16949 -28044
-16954 -28041
-16954 -28041
-16959 -28038
-16959 -28038
-16965 -28034
-16965 -28034
-16970 -28031
-16970 -28031
-16975 -28028
-16975 -28028
-16981 -28025
-16981 -28025
-16986 -28021
-16986 -28021
-16991 -28018
-16991 -28018
-16997 -28015
-16997 -28015
-17002 -28011
-17002 -28011
-17008 -28009
-17008 -28009
-17013 -28006
-17013 -28006
-17018 -28003
-17018 -28003
-17024 -27999
-17024 -27999
-17029 -27996
-17029 -27996
-17034 -27993
-17034 -27993
-17040 -27989
-17040 -27989
-17045 -27986
-17045 -27986
-17050 -27983
-17050 -27983
-17056 -27979
-17056 -27979
-17061 -27976
-17061 -27976
-17066 -27973
-17066 -27973
-17072 -27970
-17072 -27970
-17077 -27966
-17077 -27966
-17082 -27963
-17082 -27963
-17088 -27960
-17088 -27960
-17093 -27956
-17093 -27956
-17099 -27953
-17099 -27953
-17104 -27950
-17104 -27950
-17109 -27946
-17109 -27946
-17115 -27943
-17115 -27943
-17120 -27940
-17120 -27940
-17125 -27937
-17125 -27937
-17131 -27933
-17131 -27933
-17136 -27930
-17136 -27930
-17141 -27927
-17141 -27927
-17147 -27923
-17147 -27923
-17152 -27920
-17152 -27920
-17157 -27917
-17157 -27917
-17163 -27913
-17163 -27913
-17168 -27910
-17168 -27910
-17173 -27907
-17173 -27907
-17179 -27904
-17179 -27904
-17184 -27900
-17184 -27900
-17190 -27897
-17190 -27897
-17195 -27894
-17195 -27894
-17200 -27890
-17200 -27890
-17206 -27887
-17206 -27887
-17211 -27884
-17211 -27884
-17216 -27881
-17216 -27881
-17222 -27877
-17222 -27877
-17227 -27874
-17227 -27874
-17232 -27871
-17232 -27871
-17238 -27867
-17238 -27867
-17243 -27864
-17243 -27864
-17248 -27861
-17248 -27861
-17254 -27857
-17254 -27857
-17259 -27854
-17259 -27854
-17264 -27851
-17264 -27851
-17270 -27848
-17270 -27848
-17275 -27844
-17275 -27844
-17280 -27841
-17280 -27841
-17286 -27838
-17286 -27838
-17291 -27834
-17291 -27834
-17297 -27831
-17297 -27831
-17302 -27828
-17302 -27828
-17307 -27824
-17307 -27824
-17313 -27821
-17313 -27821
-17318 -27818
-17318 -27818
-17323 -27815
-17323 -27815
-17329 -27811
-17329 -27811
-17334 -27808
-17334 -27808
-17339 -27805
-17339 -27805
-17345 -27801
-17345 -27801
-17350 -27798
-17350 -27798
-17355 -27795
-17355 -27795
-17361 -27792
-17361 -27792
-17366 -27788
-17366 -27788
-17371 -27785
-17371 -27785
-17377 -27781
-17377 -27781
-17382 -27777
-17382 -27777
-17388 -27774
-17388 -27774
-17393 -27771
-17393 -27771
-17398 -27767
-17398 -27767
-17404 -27764
-17404 -27764
-17409 -27761
-17409 -27761
-17414 -27758
-17414 -27758
-17420 -27754
-17420 -27754
-17425 -27751
-17425 -27751
-17430 -27748
-17430 -27748
-17436 -27744
-17436 -27744
-17441 -27741
-17441 -27741
-17446 -27738
-17446 -27738
-17452 -27734
-17452 -27734
-17457 -27731
-17457 -27731
-17462 -27728
-17462 -27728
-17467 -27725
-17467 -27725
-17472 -27721
-17472 -27721
-17477 -27718
-17477 -27718
-17483 -27715
-17483 -27715
-17488 -27710
-17488 -27710
-17494 -27707
-17494 -27707
-17499 -27704
-17499 -27704
-17504 -27700
-17504 -27700
-17510 -27697
-17510 -27697
-17515 -27694
-17515 -27694
-17520 -27691
-17520 -27691
-17526 -27687
-17526 -27687
-17531 -27684
-17531 -27684
-17536 -27681
-17536 -27681
-17542 -27677
-17542 -27677
-17547 -27674
-17547 -27674
-17552 -27670
-17552 -27670
-17557 -27667
-17557 -27667
-17563 -27663
-17563 -27663
-17568 -27660
-17568 -27660
-17573 -27657
-17573 -27657
-17578 -27654
-17578 -27654
-17584 -27651
-17584 -27651
-17589 -27647
-17589 -27647
-17594 -27644
-17594 -27644
-17600 -27641
-17600 -27641
-17606 -27637
-17606 -27637
-17611 -27634
-17611 -27634
-17616 -27630
-17616 -27630
-17622 -27627
-17622 -27627
-17627 -27623
-17627 -27623
-17632 -27620
-17632 -27620
-17637 -27617
-17637 -27617
-17643 -27613
-17643 -27613
-17648 -27610
-17648 -27610
-17653 -27606
-17653 -27606
-17658 -27603
-17658 -27603
-17664 -27599
-17664 -27599
-17669 -27596
-17669 -27596
-17674 -27593
-17674 -27593
-17679 -27589
-17679 -27589
-17685 -27586
-17685 -27586
-17690 -27582
-17690 -27582
-17695 -27579
-17695 -27579
-17701 -27577
-17701 -27577
-17706 -27573
-17706 -27573
-17711 -27570
-17711 -27570
-17716 -27566
-17716 -27566
-17722 -27563
-17722 -27563
-17727 -27559
-17727 -27559
-17732 -27556
-17732 -27556
-17737 -27553
-17737 -27553
-17743 -27549
-17743 -27549
-17748 -27546
-17748 -27546
-17753 -27542
-17753 -27542
-17758 -27539
-17758 -27539
-17764 -27535
-17764 -27535
-17769 -27532
-17769 -27532
-17774 -27529
-17774 -27529
-17779 -27525
-17779 -27525
-17785 -27522
-17785 -27522
-17790 -27518
-17790 -27518
-17795 -27515
-17795 -27515
-17801 -27511
-17801 -27511
-17806 -27508
-17806 -27508
-17811 -27505
-17811 -27505
-17816 -27501
-17816 -27501
-17822 -27498
-17822 -27498
-17827 -27494
-17827 -27494
-17832 -27491
-17832 -27491
-17837 -27488
-17837 -27488
-17843 -27484
-17843 -27484
-17848 -27481
-17848 -27481
-17853 -27477
-17853 -27477
-17858 -27474
-17858 -27474
-17864 -27470
-17864 -27470
-17869 -27467
-17869 -27467
-17874 -27464
-17874 -27464
-17880 -27460
-17880 -27460
-17885 -27457
-17885 -27457
-17890 -27453
-17890 -27453
-17895 -27450
-17895 -27450
-17901 -27446
-17901 -27446
-17906 -27443
-17906 -27443
-17911 -27440
-17911 -27440
-17916 -27436
-17916 -27436
-17922 -27433
-17922 -27433
-17927 -27429
-17927 -27429
-17932 -27426
-17932 -27426
-17937 -27423
-17937 -27423
-17943 -27419
-17943 -27419
-17948 -27416
-17948 -27416
-17953 -27412
-17953 -27412
-17959 -27409
-17959 -27409
-17964 -27405
-17964 -27405
-17969 -27402
-17969 -27402
-17974 -27399
-17974 -27399
-17980 -27395
-17980 -27395
-17985 -27392
-17985 -27392
-17990 -27388
-17990 -27388
-17995 -27385
-17995 -27385
-18001 -27381
-18001 -27381
-18006 -27378
-18006 -27378
-18011 -27375
-18011 -27375
-18016 -27371
-18016 -27371
-18022 -27368
-18022 -27368
-18027 -27364
-18027 -27364
-18032 -27361
-18032 -27361
-18038 -27358
-18038 -27358
-18043 -27353
-18043 -27353
-18048 -27350
-18048 -27350
-18053 -27346
-18053 -27346
-18059 -27343
-18059 -27343
-18064 -27339
-18064 -27339
-18069 -27336
-18069 -27336
-18074 -27333
-18074 -27333
-18080 -27329
-18080 -27329
-18085 -27326
-18085 -27326
-18090 -27322
-18090 -27322
-18095 -27319
-18095 -27319
-18101 -27315
-18101 -27315
-18106 -27312
-18106 -27312
-18111 -27309
-18111 -27309
-18116 -27305
-18116 -27305
-18122 -27302
-18122 -27302
-18127 -27298
-18127 -27298
-18132 -27295
-18132 -27295
-18138 -27291
-18138 -27291
-18142 -27288
-18142 -27288
-18147 -27285
-18147 -27285
-18152 -27281
-18152 -27281
-18158 -27278
-18158 -27278
-18163 -27273
-18163 -27273
-18168 -27270
-18168 -27270
-18173 -27267
-18173 -27267
-18179 -27263
-18179 -27263
-18184 -27260
-18184 -27260
-18189 -27256
-18189 -27256
-18194 -27253
-18194 -27253
-18200 -27249
-18200 -27249
-18205 -27246
-18205 -27246
-18210 -27242
-18210 -27242
-18215 -27239
-18215 -27239
-18221 -27235
-18221 -27235
-18226 -27232
-18226 -27232
-18231 -27228
-18231 -27228
-18236 -27225
-18236 -27225
-18241 -27221
-18241 -27221
-18246 -27218
-18246 -27218
-18252 -27215
-18252 -27215
-18257 -27211
-18257 -27211
-18262 -27208
-18262 -27208
-18267 -27204
-18267 -27204
-18273 -27201
-18273 -27201
-18279 -27197
-18279 -27197
-18284 -27194
-18284 -27194
-18289 -27190
-18289 -27190
-18294 -27187
-18294 -27187
-18299 -27183
-18299 -27183
-18304 -27179
-18304 -27179
-18310 -27176
-18310 -27176
-18315 -27172
-18315 -27172
-18320 -27169
-18320 -27169
-18325 -27165
-18325 -27165
-18330 -27162
-18330 -27162
-18335 -27158
-18335 -27158
-18341 -27155
-18341 -27155
-18346 -27151
-18346 -27151
-18351 -27147
-18351 -27147
-18356 -27144
-18356 -27144
-18361 -27141
-18361 -27141
-18367 -27138
-18367 -27138
-18372 -27134
-18372 -27134
-18377 -27131
-18377 -27131
-18382 -27127
-18382 -27127
-18387 -27124
-18387 -27124
-18392 -27120
-18392 -27120
-18398 -27116
-18398 -27116
-18403 -27113
-18403 -27113
-18408 -27109
-18408 -27109
-18413 -27106
-18413 -27106
-18418 -27102
-18418 -27102
-18424 -27099
-18424 -27099
-18429 -27095
-18429 -27095
-18434 -27092
-18434 -27092
-18439 -27088
-18439 -27088
-18444 -27084
-18444 -27084
-18449 -27081
-18449 -27081
-18455 -27077
-18455 -27077
-18460 -27074
-18460 -27074
-18465 -27070
-18465 -27070
-18470 -27067
-18470 -27067
-18475 -27063
-18475 -27063
-18481 -27060
-18481 -27060
-18486 -27056
-18486 -27056
-18491 -27052
-18491 -27052
-18496 -27049
-18496 -27049
-18501 -27045
-18501 -27045
-18506 -27042
-18506 -27042
-18512 -27038
-18512 -27038
-18517 -27035
-18517 -27035
-18522 -27031
-18522 -27031
-18527 -27028
-18527 -27028
-18532 -27024
-18532 -27024
-18538 -27021
-18538 -27021
-18543 -27017
-18543 -27017
-18548 -27013
-18548 -27013
-18553 -27010
-18553 -27010
-18558 -27006
-18558 -27006
-18563 -27003
-18563 -27003
-18569 -26999
-18569 -26999
-18574 -26996
-18574 -26996
-18579 -26992
-18579 -26992
-18584 -26989
-18584 -26989
-18589 -26985
-18589 -26985
-18594 -26981
-18594 -26981
-18600 -26978
-18600 -26978
-18605 -26974
-18605 -26974
-18610 -26971
-18610 -26971
-18615 -26967
-18615 -26967
-18620 -26964
-18620 -26964
-18626 -26960
-18626 -26960
-18631 -26957
-18631 -26957
-18636 -26953
-18636 -26953
-18641 -26949
-18641 -26949
-18646 -26946
-18646 -26946
-18651 -26942
-18651 -26942
-18657 -26939
-18657 -26939
-18662 -26935
-18662 -26935
-18667 -26932
-18667 -26932
-18672 -26928
-18672 -26928
-18677 -26925
-18677 -26925
-18683 -26921
-18683 -26921
-18688 -26917
-18688 -26917
-18693 -26914
-18693 -26914
-18698 -26910
-18698 -26910
-18703 -26907
-18703 -26907
-18708 -26903
-18708 -26903
-18714 -26900
-18714 -26900
-18719 -26895
-18719 -26895
-18724 -26892
-18724 -26892
-18729 -26888
-18729 -26888
-18734 -26884
-18734 -26884
-18740 -26881
-18740 -26881
-18745 -26877
-18745 -26877
-18750 -26874
-18750 -26874
-18755 -26870
-18755 -26870
-18760 -26867
-18760 -26867
-18765 -26863
-18765 -26863
-18771 -26860
-18771 -26860
-18776 -26856
-18776 -26856
-18781 -26852
-18781 -26852
-18786 -26849
-18786 -26849
-18791 -26845
-18791 -26845
-18796 -26842
-18796 -26842
-18802 -26838
-18802 -26838
-18806 -26835
-18806 -26835
-18811 -26831
-18811 -26831
-18816 -26828
-18816 -26828
-18821 -26824
-18821 -26824
-18827 -26819
-18827 -26819
-18832 -26816
-18832 -26816
-18837 -26812
-18837 -26812
-18842 -26809
-18842 -26809
-18847 -26805
-18847 -26805
-18852 -26802
-18852 -26802
-18858 -26798
-18858 -26798
-18863 -26795
-18863 -26795
-18868 -26791
-18868 -26791
-18873 -26787
-18873 -26787
-18878 -26784
-18878 -26784
-18883 -26780
-18883 -26780
-18888 -26776
-18888 -26776
-18893 -26773
-18893 -26773
-18899 -26769
-18899 -26769
-18904 -26765
-18904 -26765
-18909 -26762
-18909 -26762
-18914 -26759
-18914 -26759
-18919 -26755
-18919 -26755
-18924 -26752
-18924 -26752
-18930 -26748
-18930 -26748
-18935 -26744
-18935 -26744
-18940 -26740
-18940 -26740
-18945 -26737
-18945 -26737
-18951 -26733
-18951 -26733
-18956 -26729
-18956 -26729
-18961 -26726
-18961 -26726
-18966 -26722
-18966 -26722
-18971 -26718
-18971 -26718
-18976 -26715
-18976 -26715
-18981 -26711
-18981 -26711
-18986 -26707
-18986 -26707
-18991 -26704
-18991 -26704
-18996 -26700
-18996 -26700
-19001 -26696
-19001 -26696
-19007 -26693
-19007 -26693
-19012 -26689
-19012 -26689
-19017 -26685
-19017 -26685
-19022 -26682
-19022 -26682
-19027 -26678
-19027 -26678
-19032 -26675
-19032 -26675
-19037 -26672
-19037 -26672
-19042 -26668
-19042 -26668
-19047 -26664
-19047 -26664
-19052 -26661
-19052 -26661
-19057 -26657
-19057 -26657
-19063 -26653
-19063 -26653
-19068 -26649
-19068 -26649
-19073 -26646
-19073 -26646
-19078 -26642
-19078 -26642
-19083 -26638
-19083 -26638
-19088 -26635
-19088 -26635
-19093 -26631
-19093 -26631
-19098 -26627
-19098 -26627
-19103 -26624
-19103 -26624
-19108 -26620
-19108 -26620
-19114 -26616
-19114 -26616
-19119 -26613
-19119 -26613
-19124 -26609
-19124 -26609
-19129 -26605
-19129 -26605
-19134 -26602
-19134 -26602
-19139 -26598
-19139 -26598
-19144 -26594
-19144 -26594
-19149 -26591
-19149 -26591
-19154 -26587
-19154 -26587
-19159 -26583
-19159 -26583
-19164 -26580
-19164 -26580
-19170 -26576
-19170 -26576
-19175 -26572
-19175 -26572
-19180 -26569
-19180 -26569
-19185 -26565
-19185 -26565
-19190 -26561
-19190 -26561
-19196 -26558
-19196 -26558
-19200 -26554
-19200 -26554
-19205 -26550
-19205 -26550
-19210 -26546
-19210 -26546
-19215 -26543
-19215 -26543
-19220 -26539
-19220 -26539
-19226 -26535
-19226 -26535
-19231 -26532
-19231 -26532
-19236 -26528
-19236 -26528
-19241 -26524
-19241 -26524
-19246 -26521
-19246 -26521
-19251 -26517
-19251 -26517
-19256 -26513
-19256 -26513
-19261 -26510
-19261 -26510
-19266 -26506
-19266 -26506
-19271 -26502
-19271 -26502
-19277 -26499
-19277 -26499
-19282 -26495
-19282 -26495
-19287 -26491
-19287 -26491
-19292 -26488
-19292 -26488
-19297 -26484
-19297 -26484
-19302 -26480
-19302 -26480
-19307 -26477
-19307 -26477
-19312 -26473
-19312 -26473
-19317 -26469
-19317 -26469
-19322 -26466
-19322 -26466
-19327 -26462
-19327 -26462
-19333 -26458
-19333 -26458
-19338 -26454
-19338 -26454
-19343 -26451
-19343 -26451
-19348 -26447
-19348 -26447
-19353 -26443
-19353 -26443
-19358 -26440
-19358 -26440
-19363 -26435
-19363 -26435
-19368 -26431
-19368 -26431
-19373 -26428
-19373 -26428
-19378 -26424
-19378 -26424
-19383 -26420
-19383 -26420
-19389 -26417
-19389 -26417
-19394 -26413
-19394 -26413
-19399 -26409
-19399 -26409
-19404 -26406
-19404 -26406
-19409 -26402
-19409 -26402
-19414 -26398
-19414 -26398
-19419 -26395
-19419 -26395
-19424 -26391
-19424 -26391
-19429 -26387
-19429 -26387
-19434 -26384
-19434 -26384
-19440 -26380
-19440 -26380
-19445 -26376
-19445 -26376
-19450 -26373
-19450 -26373
-19455 -26369
-19455 -26369
-19460 -26365
-19460 -26365
-19464 -26361
-19464 -26361
-19469 -26358
-19469 -26358
-19474 -26354
-19474 -26354
-19479 -26349
-19479 -26349
-19484 -26346
-19484 -26346
-19489 -26342
-19489 -26342
-19495 -26338
-19495 -26338
-19500 -26335
-19500 -26335
-19505 -26331
-19505 -26331
-19510 -26327
-19510 -26327
-19515 -26324
-19515 -26324
-19520 -26320
-19520 -26320
-19525 -26316
-19525 -26316
-19530 -26312
-19530 -26312
-19535 -26309
-19535 -26309
-19540 -26305
-19540 -26305
-19545 -26301
-19545 -26301
-19550 -26297
-19550 -26297
-19555 -26293
-19555 -26293
-19560 -26290
-19560 -26290
-19565 -26287
-19565 -26287
-19570 -26283
-19570 -26283
-19575 -26279
-19575 -26279
-19581 -26275
-19581 -26275
-19586 -26272
-19586 -26272
-19591 -26268
-19591 -26268
-19596 -26264
-19596 -26264
-19601 -26260
-19601 -26260
-19606 -26256
-19606 -26256
-19611 -26253
-19611 -26253
-19616 -26249
-19616 -26249
-19621 -26245
-19621 -26245
-19626 -26241
-19626 -26241
-19631 -26237
-19631 -26237
-19636 -26233
-19636 -26233
-19641 -26230
-19641 -26230
-19646 -26226
-19646 -26226
-19651 -26222
-19651 -26222
-19656 -26218
-19656 -26218
-19661 -26214
-19661 -26214
-19666 -26211
-19666 -26211
-19671 -26207
-19671 -26207
-19676 -26203
-19676 -26203
-19681 -26200
-19681 -26200
-19686 -26196
-19686 -26196
-19691 -26193
-19691 -26193
-19696 -26189
-19696 -26189
-19701 -26185
-19701 -26185
-19706 -26181
-19706 -26181
-19711 -26177
-19711 -26177
-19716 -26174
-19716 -26174
-19721 -26170
-19721 -26170
-19726 -26166
-19726 -26166
-19731 -26162
-19731 -26162
-19736 -26158
-19736 -26158
-19741 -26155
-19741 -26155
-19746 -26151
-19746 -26151
-19751 -26147
-19751 -26147
-19756 -26143
-19756 -26143
-19761 -26139
-19761 -26139
-19766 -26136
-19766 -26136
-19771 -26132
-19771 -26132
-19776 -26128
-19776 -26128
-19781 -26124
-19781 -26124
-19786 -26120
-19786 -26120
-19791 -26117
-19791 -26117
-19796 -26113
-19796 -26113
-19801 -26109
-19801 -26109
-19806 -26105
-19806 -26105
-19811 -26101
-19811 -26101
-19816 -26098
-19816 -26098
-19821 -26094
-19821 -26094
-19826 -26090
-19826 -26090
-19831 -26086
-19831 -26086
-19836 -26082
-19836 -26082
-19842 -26079
-19842 -26079
-19846 -26075
-19846 -26075
-19851 -26071
-19851 -26071
-19856 -26067
-19856 -26067
-19861 -26063
-19861 -26063
-19866 -26059
-19866 -26059
-19871 -26056
-19871 -26056
-19876 -26052
-19876 -26052
-19881 -26048
-19881 -26048
-19886 -26044
-19886 -26044
-19891 -26040
-19891 -26040
-19896 -26037
-19896 -26037
-19901 -26033
-19901 -26033
-19906 -26029
-19906 -26029
-19911 -26025
-19911 -26025
-19916 -26021
-19916 -26021
-19921 -26018
-19921 -26018
-19926 -26014
-19926 -26014
-19931 -26010
-19931 -26010
-19936 -26006
-19936 -26006
-19941 -26002
-19941 -26002
-19946 -25999
-19946 -25999
-19951 -25995
-19951 -25995
-19956 -25991
-19956 -25991
-19961 -25987
-19961 -25987
-19966 -25983
-19966 -25983
-19971 -25980
-19971 -25980
-19976 -25976
-19976 -25976
-19981 -25972
-19981 -25972
-19986 -25968
-19986 -25968
-19991 -25964
-19991 -25964
-19996 -25961
-19996 -25961
-20001 -25957
-20001 -25957
-20006 -25952
-20006 -25952
-20011 -25948
-20011 -25948
-20016 -25944
-20016 -25944
-20021 -25941
-20021 -25941
-20026 -25937
-20026 -25937
-20031 -25933
-20031 -25933
-20036 -25929
-20036 -25929
-20041 -25925
-20041 -25925
-20046 -25922
-20046 -25922
-20051 -25918
-20051 -25918
-20056 -25914
-20056 -25914
-20061 -25910
-20061 -25910
-20066 -25906
-20066 -25906
-20071 -25902
-20071 -25902
-20076 -25899
-20076 -25899
-20081 -25895
-20081 -25895
-20086 -25891
-20086 -25891
-20091 -25887
-20091 -25887
-20096 -25883
-20096 -25883
-20101 -25880
-20101 -25880
-20105 -25876
-20105 -25876
-20110 -25872
-20110 -25872
-20115 -25868
-20115 -25868
-20120 -25863
-20120 -25863
-20125 -25860
-20125 -25860
-20130 -25856
-20130 -25856
-20135 -25852
-20135 -25852
-20140 -25848
-20140 -25848
-20145 -25844
-20145 -25844
-20150 -25841
-20150 -25841
-20155 -25837
-20155 -25837
-20160 -25833
-20160 -25833
-20165 -25829
-20165 -25829
-20170 -25825
-20170 -25825
-20175 -25821
-20175 -25821
-20180 -25817
-20180 -25817
-20185 -25813
-20185 -25813
-20189 -25809
-20189 -25809
-20194 -25805
-20194 -25805
-20199 -25802
-20199 -25802
-20204 -25799
-20204 -25799
-20209 -25795
-20209 -25795
-20215 -25791
-20215 -25791
-20220 -25787
-20220 -25787
-20225 -25783
-20225 -25783
-20230 -25779
-20230 -25779
-20235 -25775
-20235 -25775
-20240 -25771
-20240 -25771
-20244 -25767
-20244 -25767
-20249 -25763
-20249 -25763
-20254 -25759
-20254 -25759
-20259 -25755
-20259 -25755
-20264 -25751
-20264 -25751
-20269 -25748
-20269 -25748
-20274 -25744
-20274 -25744
-20279 -25740
-20279 -25740
-20284 -25736
-20284 -25736
-20289 -25732
-20289 -25732
-20293 -25728
-20293 -25728
-20298 -25724
-20298 -25724
-20303 -25720
-20303 -25720
-20308 -25716
-20308 -25716
-20313 -25712
-20313 -25712
-20318 -25709
-20318 -25709
-20323 -25705
-20323 -25705
-20328 -25701
-20328 -25701
-20333 -25697
-20333 -25697
-20338 -25694
-20338 -25694
-20343 -25690
-20343 -25690
-20347 -25686
-20347 -25686
-20352 -25682
-20352 -25682
-20357 -25678
-20357 -25678
-20362 -25674
-20362 -25674
-20367 -25670
-20367 -25670
-20372 -25666
-20372 -25666
-20377 -25662
-20377 -25662
-20382 -25658
-20382 -25658
-20387 -25654
-20387 -25654
-20393 -25650
-20393 -25650
-20398 -25646
-20398 -25646
-20402 -25642
-20402 -25642
-20407 -25639
-20407 -25639
-20412 -25635
-20412 -25635
-20417 -25631
-20417 -25631
-20422 -25627
-20422 -25627
-20427 -25623
-20427 -25623
-20432 -25619
-20432 -25619
-20437 -25615
-20437 -25615
-20442 -25611
-20442 -25611
-20447 -25607
-20447 -25607
-20451 -25603
-20451 -25603
-20456 -25599
-20456 -25599
-20461 -25595
-20461 -25595
-20466 -25591
-20466 -25591
-20471 -25587
-20471 -25587
-20476 -25584
-20476 -25584
-20481 -25580
-20481 -25580
-20486 -25576
-20486 -25576
-20491 -25572
-20491 -25572
-20496 -25568
-20496 -25568
-20501 -25564
-20501 -25564
-20505 -25560
-20505 -25560
-20510 -25556
-20510 -25556
-20515 -25552
-20515 -25552
-20520 -25548
-20520 -25548
-20525 -25544
-20525 -25544
-20530 -25540
-20530 -25540
-20535 -25536
-20535 -25536
-20540 -25532
-20540 -25532
-20545 -25528
-20545 -25528
-20550 -25525
-20550 -25525
-20555 -25521
-20555 -25521
-20559 -25517
-20559 -25517
-20563 -25513
-20563 -25513
-20568 -25509
-20568 -25509
-20573 -25505
-20573 -25505
-20578 -25501
-20578 -25501
-20583 -25497
-20583 -25497
-20588 -25493
-20588 -25493
-20593 -25489
-20593 -25489
-20598 -25485
-20598 -25485
-20603 -25481
-20603 -25481
-20607 -25477
-20607 -25477
-20612 -25473
-20612 -25473
-20617 -25470
-20617 -25470
-20622 -25466
-20622 -25466
-20627 -25462
-20627 -25462
-20632 -25458
-20632 -25458
-20637 -25453
-20637 -25453
-20642 -25449
-20642 -25449
-20647 -25445
-20647 -25445
-20652 -25441
-20652 -25441
-20657 -25437
-20657 -25437
-20661 -25433
-20661 -25433
-20666 -25429
-20666 -25429
-20671 -25425
-20671 -25425
-20676 -25421
-20676 -25421
-20681 -25417
-20681 -25417
-20686 -25414
-20686 -25414
-20691 -25410
-20691 -25410
-20696 -25406
-20696 -25406
-20701 -25402
-20701 -25402
-20706 -25398
-20706 -25398
-20711 -25394
-20711 -25394
-20715 -25390
-20715 -25390
-20720 -25386
-20720 -25386
-20725 -25382
-20725 -25382
-20730 -25378
-20730 -25378
-20735 -25374
-20735 -25374
-20739 -25370
-20739 -25370
-20744 -25366
-20744 -25366
-20749 -25361
-20749 -25361
-20754 -25358
-20754 -25358
-20759 -25354
-20759 -25354
-20763 -25350
-20763 -25350
-20768 -25346
-20768 -25346
-20773 -25342
-20773 -25342
-20778 -25338
-20778 -25338
-20783 -25334
-20783 -25334
-20788 -25330
-20788 -25330
-20793 -25326
-20793 -25326
-20798 -25322
-20798 -25322
-20802 -25318
-20802 -25318
-20807 -25314
-20807 -25314
-20812 -25310
-20812 -25310
-20817 -25306
-20817 -25306
-20822 -25302
-20822 -25302
-20826 -25298
-20826 -25298
-20831 -25294
-20831 -25294
-20836 -25291
-20836 -25291
-20841 -25286
-20841 -25286
-20847 -25282
-20847 -25282
-20851 -25278
-20851 -25278
-20856 -25274
-20856 -25274
-20861 -25270
-20861 -25270
-20866 -25266
-20866 -25266
-20871 -25262
-20871 -25262
-20875 -25258
-20875 -25258
-20880 -25254
-20880 -25254
-20885 -25250
-20885 -25250
-20890 -25246
-20890 -25246
-20895 -25242
-20895 -25242
-20900 -25238
-20900 -25238
-20904 -25234
-20904 -25234
-20909 -25230
-20909 -25230
-20914 -25226
-20914 -25226
-20919 -25222
-20919 -25222
-20924 -25218
-20924 -25218
-20928 -25214
-20928 -25214
-20933 -25210
-20933 -25210
-20938 -25206
-20938 -25206
-20943 -25202
-20943 -25202
-20948 -25197
-20948 -25197
-20952 -25193
-20952 -25193
-20957 -25189
-20957 -25189
-20962 -25186
-20962 -25186
-20967 -25182
-20967 -25182
-20972 -25178
-20972 -25178
-20976 -25174
-20976 -25174
-20981 -25170
-20981 -25170
-20986 -25166
-20986 -25166
-20991 -25162
-20991 -25162
-20996 -25158
-20996 -25158
-21000 -25154
-21000 -25154
-21005 -25150
-21005 -25150
-21010 -25146
-21010 -25146
-21015 -25142
-21015 -25142
-21020 -25138
-21020 -25138
-21024 -25134
-21024 -25134
-21029 -25130
-21029 -25130
-21034 -25126
-21034 -25126
-21039 -25122
-21039 -25122
-21044 -25118
-21044 -25118
-21048 -25113
-21048 -25113
-21053 -25109
-21053 -25109
-21058 -25105
-21058 -25105
-21063 -25101
-21063 -25101
-21068 -25097
-21068 -25097
-21072 -25093
-21072 -25093
-21077 -25089
-21077 -25089
-21082 -25085
-21082 -25085
-21087 -25081
-21087 -25081
-21092 -25077
-21092 -25077
-21098 -25073
-21098 -25073
-21101 -25069
-21101 -25069
-21106 -25065
-21106 -25065
-21111 -25061
-21111 -25061
-21116 -25057
-21116 -25057
-21121 -25053
-21121 -25053
-21125 -25049
-21125 -25049
-21130 -25045
-21130 -25045
-21135 -25041
-21135 -25041
-21140 -25037
-21140 -25037
-21145 -25033
-21145 -25033
-21149 -25028
-21149 -25028
-21154 -25024
-21154 -25024
-21159 -25020
-21159 -25020
-21164 -25016
-21164 -25016
-21169 -25012
-21169 -25012
-21173 -25008
-21173 -25008
-21178 -25004
-21178 -25004
-21183 -25000
-21183 -25000
-21188 -24996
-21188 -24996
-21193 -24992
-21193 -24992
-21197 -24988
-21197 -24988
-21202 -24984
-21202 -24984
-21207 -24980
-21207 -24980
-21212 -24976
-21212 -24976
-21217 -24972
-21217 -24972
-21221 -24968
-21221 -24968
-21226 -24964
-21226 -24964
-21231 -24960
-21231 -24960
-21236 -24955
-21236 -24955
-21241 -24951
-21241 -24951
-21245 -24947
-21245 -24947
-21250 -24943
-21250 -24943
-21255 -24938
-21255 -24938
-21260 -24934
-21260 -24934
-21265 -24930
-21265 -24930
-21269 -24926
-21269 -24926
-21274 -24922
-21274 -24922
-21279 -24918
-21279 -24918
-21284 -24914
-21284 -24914
-21289 -24910
-21289 -24910
-21293 -24906
-21293 -24906
-21298 -24902
-21298 -24902
-21303 -24898
-21303 -24898
-21308 -24894
-21308 -24894
-21313 -24890
-21313 -24890
-21318 -24886
-21318 -24886
-21322 -24882
-21322 -24882
-21327 -24878
-21327 -24878
-21332 -24874
-21332 -24874
-21337 -24870
-21337 -24870
-21342 -24866
-21342 -24866
-21346 -24862
-21346 -24862
-21350 -24858
-21350 -24858
-21355 -24853
-21355 -24853
-21360 -24848
-21360 -24848
-21365 -24844
-21365 -24844
-21369 -24840
-21369 -24840
-21374 -24836
-21374 -24836
-21379 -24832
-21379 -24832
-21384 -24828
-21384 -24828
-21389 -24824
-21389 -24824
-21393 -24820
-21393 -24820
-21398 -24816
-21398 -24816
-21403 -24812
-21403 -24812
-21408 -24808
-21408 -24808
-21412 -24804
-21412 -24804
-21417 -24800
-21417 -24800
-21422 -24795
-21422 -24795
-21427 -24791
-21427 -24791
-21431 -24787
-21431 -24787
-21436 -24783
-21436 -24783
-21441 -24779
-21441 -24779
-21445 -24775
-21445 -24775
-21451 -24771
-21451 -24771
-21456 -24767
-21456 -24767
-21461 -24763
-21461 -24763
-21465 -24759
-21465 -24759
-21470 -24755
-21470 -24755
-21475 -24751
-21475 -24751
-21479 -24746
-21479 -24746
-21484 -24742
-21484 -24742
-21489 -24738
-21489 -24738
-21494 -24734
-21494 -24734
-21498 -24730
-21498 -24730
-21503 -24726
-21503 -24726
-21508 -24721
-21508 -24721
-21512 -24717
-21512 -24717
-21517 -24713
-21517 -24713
-21522 -24709
-21522 -24709
-21526 -24705
-21526 -24705
-21531 -24701
-21531 -24701
-21536 -24696
-21536 -24696
-21541 -24692
-21541 -24692
-21545 -24688
-21545 -24688
-21550 -24684
-21550 -24684
-21555 -24680
-21555 -24680
-21559 -24676
-21559 -24676
-21564 -24671
-21564 -24671
-21569 -24667
-21569 -24667
-21574 -24664
-21574 -24664
-21578 -24660
-21578 -24660
-21583 -24656
-21583 -24656
-21588 -24652
-21588 -24652
-21593 -24647
-21593 -24647
-21598 -24643
-21598 -24643
-21603 -24639
-21603 -24639
-21608 -24635
-21608 -24635
-21612 -24631
-21612 -24631
-21617 -24627
-21617 -24627
-21622 -24622
-21622 -24622
-21626 -24618
-21626 -24618
-21631 -24614
-21631 -24614
-21636 -24610
-21636 -24610
-21641 -24606
-21641 -24606
-21645 -24602
-21645 -24602
-21650 -24597
-21650 -24597
-21655 -24593
-21655 -24593
-21659 -24589
-21659 -24589
-21664 -24585
-21664 -24585
-21669 -24581
-21669 -24581
-21674 -24577
-21674 -24577
-21678 -24572
-21678 -24572
-21683 -24568
-21683 -24568
-21688 -24564
-21688 -24564
-21692 -24560
-21692 -24560
-21697 -24556
-21697 -24556
-21702 -24552
-21702 -24552
-21707 -24548
-21707 -24548
-21711 -24543
-21711 -24543
-21716 -24539
-21716 -24539
-21721 -24535
-21721 -24535
-21725 -24531
-21725 -24531
-21730 -24527
-21730 -24527
-21735 -24523
-21735 -24523
-21739 -24518
-21739 -24518
-21744 -24514
-21744 -24514
-21749 -24510
-21749 -24510
-21754 -24506
-21754 -24506
-21758 -24502
-21758 -24502
-21763 -24498
-21763 -24498
-21768 -24493
-21768 -24493
-21772 -24489
-21772 -24489
-21777 -24485
-21777 -24485
-21782 -24481
-21782 -24481
-21787 -24477
-21787 -24477
-21791 -24473
-21791 -24473
-21796 -24468
-21796 -24468
-21801 -24464
-21801 -24464
-21805 -24460
-21805 -24460
-21810 -24456
-21810 -24456
-21815 -24452
-21815 -24452
-21820 -24448
-21820 -24448
-21823 -24443
-21823 -24443
-21828 -24439
-21828 -24439
-21833 -24435
-21833 -24435
-21837 -24431
-21837 -24431
-21842 -24426
-21842 -24426
-21847 -24422
-21847 -24422
-21852 -24417
-21852 -24417
-21856 -24413
-21856 -24413
-21861 -24409
-21861 -24409
-21866 -24405
-21866 -24405
-21870 -24401
-21870 -24401
-21875 -24397
-21875 -24397
-21880 -24392
-21880 -24392
-21885 -24388
-21885 -24388
-21889 -24384
-21889 -24384
-21894 -24380
-21894 -24380
-21899 -24376
-21899 -24376
-21903 -24372
-21903 -24372
-21908 -24367
-21908 -24367
-21913 -24363
-21913 -24363
-21917 -24359
-21917 -24359
-21922 -24355
-21922 -24355
-21927 -24351
-21927 -24351
-21932 -24347
-21932 -24347
-21936 -24342
-21936 -24342
-21941 -24338
-21941 -24338
-21946 -24334
-21946 -24334
-21950 -24330
-21950 -24330
-21955 -24326
-21955 -24326
-21960 -24322
-21960 -24322
-21964 -24316
-21964 -24316
-21968 -24312
-21968 -24312
-21973 -24308
-21973 -24308
-21978 -24304
-21978 -24304
-21982 -24300
-21982 -24300
-21987 -24296
-21987 -24296
-21992 -24291
-21992 -24291
-21997 -24287
-21997 -24287
-22001 -24283
-22001 -24283
-22006 -24279
-22006 -24279
-22011 -24275
-22011 -24275
-22015 -24270
-22015 -24270
-22020 -24266
-22020 -24266
-22024 -24262
-22024 -24262
-22029 -24258
-22029 -24258
-22034 -24253
-22034 -24253
-22038 -24249
-22038 -24249
-22043 -24245
-22043 -24245
-22047 -24241
-22047 -24241
-22053 -24237
-22053 -24237
-22058 -24233
-22058 -24233
-22062 -24229
-22062 -24229
-22067 -24224
-22067 -24224
-22071 -24220
-22071 -24220
-22076 -24216
-22076 -24216
-22081 -24212
-22081 -24212
-22085 -24207
-22085 -24207
-22090 -24203
-22090 -24203
-22094 -24199
-22094 -24199
-22099 -24195
-22099 -24195
-22104 -24190
-22104 -24190
-22108 -24186
-22108 -24186
-22113 -24182
-22113 -24182
-22117 -24177
-22117 -24177
-22122 -24173
-22122 -24173
-22127 -24169
-22127 -24169
-22131 -24165
-22131 -24165
-22136 -24160
-22136 -24160
-22140 -24156
-22140 -24156
-22145 -24152
-22145 -24152
-22150 -24148
-22150 -24148
-22154 -24143
-22154 -24143
-22159 -24139
-22159 -24139
-22163 -24135
-22163 -24135
-22168 -24130
-22168 -24130
-22173 -24126
-22173 -24126
-22177 -24122
-22177 -24122
-22182 -24118
-22182 -24118
-22186 -24113
-22186 -24113
-22192 -24110
-22192 -24110
-22197 -24106
-22197 -24106
-22201 -24102
-22201 -24102
-22206 -24097
-22206 -24097
-22210 -24093
-22210 -24093
-22215 -24089
-22215 -24089
-22220 -24084
-22220 -24084
-22224 -24080
-22224 -24080
-22229 -24076
-22229 -24076
-22233 -24072
-22233 -24072
-22238 -24067
-22238 -24067
-22243 -24063
-22243 -24063
-22247 -24059
-22247 -24059
-22252 -24055
-22252 -24055
-22256 -24050
-22256 -24050
-22261 -24046
-22261 -24046
-22266 -24042
-22266 -24042
-22270 -24037
-22270 -24037
-22275 -24033
-22275 -24033
-22279 -24029
-22279 -24029
-22284 -24025
-22284 -24025
-22289 -24020
-22289 -24020
-22293 -24016
-22293 -24016
-22298 -24012
-22298 -24012
-22303 -24008
-22303 -24008
-22307 -24003
-22307 -24003
-22312 -23999
-22312 -23999
-22316 -23995
-22316 -23995
-22321 -23990
-22321 -23990
-22326 -23986
-22326 -23986
-22330 -23982
-22330 -23982
-22335 -23978
-22335 -23978
-22339 -23973
-22339 -23973
-22344 -23969
-22344 -23969
-22349 -23965
-22349 -23965
-22353 -23960
-22353 -23960
-22358 -23956
-22358 -23956
-22362 -23952
-22362 -23952
-22367 -23948
-22367 -23948
-22372 -23943
-22372 -23943
-22376 -23939
-22376 -23939
-22381 -23935
-22381 -23935
-22385 -23931
-22385 -23931
-22390 -23926
-22390 -23926
-22395 -23922
-22395 -23922
-22399 -23918
-22399 -23918
-22404 -23913
-22404 -23913
-22408 -23909
-22408 -23909
-22413 -23905
-22413 -23905
-22417 -23900
-22417 -23900
-22421 -23895
-22421 -23895
-22426 -23891
-22426 -23891
-22430 -23887
-22430 -23887
-22435 -23883
-22435 -23883
-22440 -23878
-22440 -23878
-22444 -23874
-22444 -23874
-22449 -23870
-22449 -23870
-22453 -23865
-22453 -23865
-22458 -23861
-22458 -23861
-22463 -23857
-22463 -23857
-22467 -23853
-22467 -23853
-22472 -23848
-22472 -23848
-22476 -23844
-22476 -23844
-22481 -23840
-22481 -23840
-22486 -23836
-22486 -23836
-22490 -23831
-22490 -23831
-22495 -23827
-22495 -23827
-22499 -23823
-22499 -23823
-22504 -23818
-22504 -23818
-22509 -23814
-22509 -23814
-22513 -23810
-22513 -23810
-22518 -23806
-22518 -23806
-22522 -23801
-22522 -23801
-22527 -23797
-22527 -23797
-22532 -23793
-22532 -23793
-22536 -23789
-22536 -23789
-22541 -23784
-22541 -23784
-22545 -23780
-22545 -23780
-22550 -23776
-22550 -23776
-22554 -23770
-22554 -23770
-22558 -23766
-22558 -23766
-22563 -23762
-22563 -23762
-22567 -23758
-22567 -23758
-22572 -23753
-22572 -23753
-22577 -23749
-22577 -23749
-22581 -23745
-22581 -23745
-22586 -23741
-22586 -23741
-22590 -23736
-22590 -23736
-22595 -23732
-22595 -23732
-22599 -23728
-22599 -23728
-22604 -23723
-22604 -23723
-22608 -23719
-22608 -23719
-22613 -23714
-22613 -23714
-22617 -23710
-22617 -23710
-22622 -23706
-22622 -23706
-22626 -23701
-22626 -23701
-22631 -23697
-22631 -23697
-22635 -23692
-22635 -23692
-22640 -23689
-22640 -23689
-22645 -23685
-22645 -23685
-22650 -23680
-22650 -23680
-22654 -23676
-22654 -23676
-22659 -23672
-22659 -23672
-22663 -23667
-22663 -23667
-22668 -23663
-22668 -23663
-22672 -23658
-22672 -23658
-22677 -23654
-22677 -23654
-22681 -23650
-22681 -23650
-22686 -23645
-22686 -23645
-22690 -23641
-22690 -23641
-22695 -23636
-22695 -23636
-22699 -23632
-22699 -23632
-22704 -23628
-22704 -23628
-22708 -23623
-22708 -23623
-22713 -23619
-22713 -23619
-22717 -23614
-22717 -23614
-22722 -23610
-22722 -23610
-22726 -23606
-22726 -23606
-22731 -23601
-22731 -23601
-22735 -23597
-22735 -23597
-22740 -23593
-22740 -23593
-22744 -23588
-22744 -23588
-22749 -23584
-22749 -23584
-22753 -23579
-22753 -23579
-22758 -23576
-22758 -23576
-22762 -23572
-22762 -23572
-22767 -23567
-22767 -23567
-22771 -23563
-22771 -23563
-22776 -23558
-22776 -23558
-22780 -23554
-22780 -23554
-22785 -23550
-22785 -23550
-22789 -23545
-22789 -23545
-22794 -23541
-22794 -23541
-22798 -23536
-22798 -23536
-22803 -23532
-22803 -23532
-22808 -23528
-22808 -23528
-22813 -23523
-22813 -23523
-22817 -23519
-22817 -23519
-22822 -23514
-22822 -23514
-22826 -23510
-22826 -23510
-22831 -23506
-22831 -23506
-22835 -23501
-22835 -23501
-22840 -23497
-22840 -23497
-22844 -23493
-22844 -23493
-22849 -23488
-22849 -23488
-22853 -23484
-22853 -23484
-22858 -23479
-22858 -23479
-22862 -23475
-22862 -23475
-22867 -23471
-22867 -23471
-22871 -23466
-22871 -23466
-22876 -23462
-22876 -23462
-22880 -23457
-22880 -23457
-22885 -23453
-22885 -23453
-22889 -23449
-22889 -23449
-22893 -23444
-22893 -23444
-22898 -23440
-22898 -23440
-22902 -23435
-22902 -23435
-22907 -23431
-22907 -23431
-22911 -23427
-22911 -23427
-22916 -23422
-22916 -23422
-22920 -23418
-22920 -23418
-22925 -23413
-22925 -23413
-22929 -23409
-22929 -23409
-22934 -23405
-22934 -23405
-22938 -23400
-22938 -23400
-22943 -23396
-22943 -23396
-22947 -23392
-22947 -23392
-22952 -23387
-22952 -23387
-22956 -23383
-22956 -23383
-22961 -23378
-22961 -23378
-22964 -23374
-22964 -23374
-22969 -23370
-22969 -23370
-22973 -23365
-22973 -23365
-22978 -23361
-22978 -23361
-22982 -23356
-22982 -23356
-22987 -23352
-22987 -23352
-22991 -23348
-22991 -23348
-22996 -23343
-22996 -23343
-23000 -23339
-23000 -23339
-23005 -23334
-23005 -23334
-23009 -23330
-23009 -23330
-23014 -23325
-23014 -23325
-23018 -23320
-23018 -23320
-23023 -23316
-23023 -23316
-23027 -23312
-23027 -23312
-23032 -23307
-23032 -23307
-23036 -23303
-23036 -23303
-23041 -23298
-23041 -23298
-23045 -23294
-23045 -23294
-23050 -23290
-23050 -23290
-23054 -23285
-23054 -23285
-23059 -23281
-23059 -23281
-23063 -23276
-23063 -23276
-23068 -23272
-23068 -23272
-23072 -23268
-23072 -23268
-23077 -23263
-23077 -23263
-23081 -23259
-23081 -23259
-23086 -23254
-23086 -23254
-23090 -23250
-23090 -23250
-23095 -23246
-23095 -23246
-23099 -23241
-23099 -23241
-23104 -23237
-23104 -23237
-23108 -23232
-23108 -23232
-23113 -23228
-23113 -23228
-23117 -23224
-23117 -23224
-23122 -23219
-23122 -23219
-23125 -23215
-23125 -23215
-23130 -23210
-23130 -23210
-23134 -23205
-23134 -23205
-23139 -23201
-23139 -23201
-23143 -23196
-23143 -23196
-23148 -23192
-23148 -23192
-23152 -23188
-23152 -23188
-23157 -23183
-23157 -23183
-23161 -23179
-23161 -23179
-23166 -23174
-23166 -23174
-23170 -23170
-23170 -23170
-23174 -23166
-23174 -23166
-23179 -23161
-23179 -23161
-23183 -23157
-23183 -23157
-23188 -23152
-23188 -23152
-23192 -23148
-23192 -23148
-23196 -23143
-23196 -23143
-23201 -23139
-23201 -23139
-23205 -23134
-23205 -23134
-23210 -23130
-23210 -23130
-23215 -23125
-23215 -23125
-23219 -23122
-23219 -23122
-23224 -23117
-23224 -23117
-23228 -23113
-23228 -23113
-23232 -23108
-23232 -23108
-23237 -23104
-23237 -23104
-23241 -23099
-23241 -23099
-23246 -23095
-23246 -23095
-23250 -23090
-23250 -23090
-23254 -23086
-23254 -23086
-23259 -23081
-23259 -23081
-23263 -23077
-23263 -23077
-23268 -23072
-23268 -23072
-23272 -23068
-23272 -23068
-23276 -23063
-23276 -23063
-23281 -23059
-23281 -23059
-23285 -23054
-23285 -23054
-23290 -23050
-23290 -23050
-23294 -23045
-23294 -23045
-23298 -23041
-23298 -23041
-23303 -23036
-23303 -23036
-23307 -23032
-23307 -23032
-23312 -23027
-23312 -23027
-23316 -23023
-23316 -23023
-23320 -23018
-23320 -23018
-23325 -23014
-23325 -23014
-23330 -23009
-23330 -23009
-23334 -23005
-23334 -23005
-23339 -23000
-23339 -23000
-23343 -22996
-23343 -22996
-23348 -22991
-23348 -22991
-23352 -22987
-23352 -22987
-23356 -22982
-23356 -22982
-23361 -22978
-23361 -22978
-23365 -22973
-23365 -22973
-23370 -22969
-23370 -22969
-23374 -22964
-23374 -22964
-23378 -22961
-23378 -22961
-23383 -22956
-23383 -22956
-23387 -22952
-23387 -22952
-23392 -22947
-23392 -22947
-23396 -22943
-23396 -22943
-23400 -22938
-23400 -22938
-23405 -22934
-23405 -22934
-23409 -22929
-23409 -22929
-23413 -22925
-23413 -22925
-23418 -22920
-23418 -22920
-23422 -22916
-23422 -22916
-23427 -22911
-23427 -22911
-23431 -22907
-23431 -22907
-23435 -22902
-23435 -22902
-23440 -22898
-23440 -22898
-23444 -22893
-23444 -22893
-23449 -22889
-23449 -22889
-23453 -22885
-23453 -22885
-23457 -22880
-23457 -22880
-23462 -22876
-23462 -22876
-23466 -22871
-23466 -22871
-23471 -22867
-23471 -22867
-23475 -22862
-23475 -22862
-23479 -22858
-23479 -22858
-23484 -22853
-23484 -22853
-23488 -22849
-23488 -22849
-23493 -22844
-23493 -22844
-23497 -22840
-23497 -22840
-23501 -22835
-23501 -22835
-23506 -22831
-23506 -22831
-23510 -22826
-23510 -22826
-23514 -22822
-23514 -22822
-23519 -22817
-23519 -22817
-23523 -22813
-23523 -22813
-23528 -22808
-23528 -22808
-23532 -22803
-23532 -22803
-23536 -22798
-23536 -22798
-23541 -22794
-23541 -22794
-23545 -22789
-23545 -22789
-23550 -22785
-23550 -22785
-23554 -22780
-23554 -22780
-23558 -22776
-23558 -22776
-23563 -22771
-23563 -22771
-23567 -22767
-23567 -22767
-23572 -22762
-23572 -22762
-23576 -22758
-23576 -22758
-23579 -22753
-23579 -22753
-23584 -22749
-23584 -22749
-23588 -22744
-23588 -22744
-23593 -22740
-23593 -22740
-23597 -22735
-23597 -22735
-23601 -22731
-23601 -22731
-23606 -22726
-23606 -22726
-23610 -22722
-23610 -22722
-23614 -22717
-23614 -22717
-23619 -22713
-23619 -22713
-23623 -22708
-23623 -22708
-23628 -22704
-23628 -22704
-23632 -22699
-23632 -22699
-23636 -22695
-23636 -22695
-23641 -22690
-23641 -22690
-23645 -22686
-23645 -22686
-23650 -22681
-23650 -22681
-23654 -22677
-23654 -22677
-23658 -22672
-23658 -22672
-23663 -22668
-23663 -22668
-23667 -22663
-23667 -22663
-23672 -22659
-23672 -22659
-23676 -22654
-23676 -22654
-23680 -22650
-23680 -22650
-23685 -22645
-23685 -22645
-23689 -22640
-23689 -22640
-23692 -22635
-23692 -22635
-23697 -22631
-23697 -22631
-23701 -22626
-23701 -22626
-23706 -22622
-23706 -22622
-23710 -22617
-23710 -22617
-23714 -22613
-23714 -22613
-23719 -22608
-23719 -22608
-23723 -22604
-23723 -22604
-23728 -22599
-23728 -22599
-23732 -22595
-23732 -22595
-23736 -22590
-23736 -22590
-23741 -22586
-23741 -22586
-23745 -22581
-23745 -22581
-23749 -22577
-23749 -22577
-23753 -22572
-23753 -22572
-23758 -22567
-23758 -22567
-23762 -22563
-23762 -22563
-23766 -22558
-23766 -22558
-23770 -22554
-23770 -22554
-23776 -22550
-23776 -22550
-23780 -22545
-23780 -22545
-23784 -22541
-23784 -22541
-23789 -22536
-23789 -22536
-23793 -22532
-23793 -22532
-23797 -22527
-23797 -22527
-23801 -22522
-23801 -22522
-23806 -22518
-23806 -22518
-23810 -22513
-23810 -22513
-23814 -22509
-23814 -22509
-23818 -22504
-23818 -22504
-23823 -22499
-23823 -22499
-23827 -22495
-23827 -22495
-23831 -22490
-23831 -22490
-23836 -22486
-23836 -22486
-23840 -22481
-23840 -22481
-23844 -22476
-23844 -22476
-23848 -22472
-23848 -22472
-23853 -22467
-23853 -22467
-23857 -22463
-23857 -22463
-23861 -22458
-23861 -22458
-23865 -22453
-23865 -22453
-23870 -22449
-23870 -22449
-23874 -22444
-23874 -22444
-23878 -22440
-23878 -22440
-23883 -22435
-23883 -22435
-23887 -22430
-23887 -22430
-23891 -22426
-23891 -22426
-23895 -22421
-23895 -22421
-23900 -22417
-23900 -22417
-23905 -22413
-23905 -22413
-23909 -22408
-23909 -22408
-23913 -22404
-23913 -22404
-23918 -22399
-23918 -22399
-23922 -22395
-23922 -22395
-23926 -22390
-23926 -22390
-23931 -22385
-23931 -22385
-23935 -22381
-23935 -22381
-23939 -22376
-23939 -22376
-23943 -22372
-23943 -22372
-23948 -22367
-23948 -22367
-23952 -22362
-23952 -22362
-23956 -22358
-23956 -22358
-23960 -22353
-23960 -22353
-23965 -22349
-23965 -22349
-23969 -22344
-23969 -22344
-23973 -22339
-23973 -22339
-23978 -22335
-23978 -22335
-23982 -22330
-23982 -22330
-23986 -22326
-23986 -22326
-23990 -22321
-23990 -22321
-23995 -22316
-23995 -22316
-23999 -22312
-23999 -22312
-24003 -22307
-24003 -22307
-24008 -22303
-24008 -22303
-24012 -22298
-24012 -22298
-24016 -22293
-24016 -22293
-24020 -22289
-24020 -22289
-24025 -22284
-24025 -22284
-24029 -22279
-24029 -22279
-24033 -22275
-24033 -22275
-24037 -22270
-24037 -22270
-24042 -22266
-24042 -22266
-24046 -22261
-24046 -22261
-24050 -22256
-24050 -22256
-24055 -22252
-24055 -22252
-24059 -22247
-24059 -22247
-24063 -22243
-24063 -22243
-24067 -22238
-24067 -22238
-24072 -22233
-24072 -22233
-24076 -22229
-24076 -22229
-24080 -22224
-24080 -22224
-24084 -22220
-24084 -22220
-24089 -22215
-24089 -22215
-24093 -22210
-24093 -22210
-24097 -22206
-24097 -22206
-24102 -22201
-24102 -22201
-24106 -22197
-24106 -22197
-24110 -22192
-24110 -22192
-24113 -22186
-24113 -22186
-24118 -22182
-24118 -22182
-24122 -22177
-24122 -22177
-24126 -22173
-24126 -22173
-24130 -22168
-24130 -22168
-24135 -22163
-24135 -22163
-24139 -22159
-24139 -22159
-24143 -22154
-24143 -22154
-24148 -22150
-24148 -22150
-24152 -22145
-24152 -22145
-24156 -22140
-24156 -22140
-24160 -22136
-24160 -22136
-24165 -22131
-24165 -22131
-24169 -22127
-24169 -22127
-24173 -22122
-24173 -22122
-24177 -22117
-24177 -22117
-24182 -22113
-24182 -22113
-24186 -22108
-24186 -22108
-24190 -22104
-24190 -22104
-24195 -22099
-24195 -22099
-24199 -22094
-24199 -22094
-24203 -22090
-24203 -22090
-24207 -22085
-24207 -22085
-24212 -22081
-24212 -22081
-24216 -22076
-24216 -22076
-24220 -22071
-24220 -22071
-24224 -22067
-24224 -22067
-24229 -22062
-24229 -22062
-24233 -22058
-24233 -22058
-24237 -22053
-24237 -22053
-24241 -22047
-24241 -22047
-24245 -22043
-24245 -22043
-24249 -22038
-24249 -22038
-24253 -22034
-24253 -22034
-24258 -22029
-24258 -22029
-24262 -22024
-24262 -22024
-24266 -22020
-24266 -22020
-24270 -22015
-24270 -22015
-24275 -22011
-24275 -22011
-24279 -22006
-24279 -22006
-24283 -22001
-24283 -22001
-24287 -21997
-24287 -21997
-24291 -21992
-24291 -21992
-24296 -21987
-24296 -21987
-24300 -21982
-24300 -21982
-24304 -21978
-24304 -21978
-24308 -21973
-24308 -21973
-24312 -21968
-24312 -21968
-24316 -21964
-24316 -21964
-24322 -21960
-24322 -21960
-24326 -21955
-24326 -21955
-24330 -21950
-24330 -21950
-24334 -21946
-24334 -21946
-24338 -21941
-24338 -21941
-24342 -21936
-24342 -21936
-24347 -21932
-24347 -21932
-24351 -21927
-24351 -21927
-24355 -21922
-24355 -21922
-24359 -21917
-24359 -21917
-24363 -21913
-24363 -21913
-24367 -21908
-24367 -21908
-24372 -21903
-24372 -21903
-24376 -21899
-24376 -21899
-24380 -21894
-24380 -21894
-24384 -21889
-24384 -21889
-24388 -21885
-24388 -21885
-24392 -21880
-24392 -21880
-24397 -21875
-24397 -21875
-24401 -21870
-24401 -21870
-24405 -21866
-24405 -21866
-24409 -21861
-24409 -21861
-24413 -21856
-24413 -21856
-24417 -21852
-24417 -21852
-24422 -21847
-24422 -21847
-24426 -21842
-24426 -21842
-24431 -21837
-24431 -21837
-24435 -21833
-24435 -21833
-24439 -21828
-24439 -21828
-24443 -21823
-24443 -21823
-24448 -21820
-24448 -21820
-24452 -21815
-24452 -21815
-24456 -21810
-24456 -21810
-24460 -21805
-24460 -21805
-24464 -21801
-24464 -21801
-24468 -21796
-24468 -21796
-24473 -21791
-24473 -21791
-24477 -21787
-24477 -21787
-24481 -21782
-24481 -21782
-24485 -21777
-24485 -21777
-24489 -21772
-24489 -21772
-24493 -21768
-24493 -21768
-24498 -21763
-24498 -21763
-24502 -21758
-24502 -21758
-24506 -21754
-24506 -21754
-24510 -21749
-24510 -21749
-24514 -21744
-24514 -21744
-24518 -21739
-24518 -21739
-24523 -21735
-24523 -21735
-24527 -21730
-24527 -21730
-24531 -21725
-24531 -21725
-24535 -21721
-24535 -21721
-24539 -21716
-24539 -21716
-24543 -21711
-24543 -21711
-24548 -21707
-24548 -21707
-24552 -21702
-24552 -21702
-24556 -21697
-24556 -21697
-24560 -21692
-24560 -21692
-24564 -21688
-24564 -21688
-24568 -21683
-24568 -21683
-24572 -21678
-24572 -21678
-24577 -21674
-24577 -21674
-24581 -21669
-24581 -21669
-24585 -21664
-24585 -21664
-24589 -21659
-24589 -21659
-24593 -21655
-24593 -21655
-24597 -21650
-24597 -21650
-24602 -21645
-24602 -21645
-24606 -21641
-24606 -21641
-24610 -21636
-24610 -21636
-24614 -21631
-24614 -21631
-24618 -21626
-24618 -21626
-24622 -21622
-24622 -21622
-24627 -21617
-24627 -21617
-24631 -21612
-24631 -21612
-24635 -21608
-24635 -21608
-24639 -21603
-24639 -21603
-24643 -21598
-24643 -21598
-24647 -21593
-24647 -21593
-24652 -21588
-24652 -21588
-24656 -21583
-24656 -21583
-24660 -21578
-24660 -21578
-24664 -21574
-24664 -21574
-24667 -21569
-24667 -21569
-24671 -21564
-24671 -21564
-24676 -21559
-24676 -21559
-24680 -21555
-24680 -21555
-24684 -21550
-24684 -21550
-24688 -21545
-24688 -21545
-24692 -21541
-24692 -21541
-24696 -21536
-24696 -21536
-24701 -21531
-24701 -21531
-24705 -21526
-24705 -21526
-24709 -21522
-24709 -21522
-24713 -21517
-24713 -21517
-24717 -21512
-24717 -21512
-24721 -21508
-24721 -21508
-24726 -21503
-24726 -21503
-24730 -21498
-24730 -21498
-24734 -21494
-24734 -21494
-24738 -21489
-24738 -21489
-24742 -21484
-24742 -21484
-24746 -21479
-24746 -21479
-24751 -21475
-24751 -21475
-24755 -21470
-24755 -21470
-24759 -21465
-24759 -21465
-24763 -21461
-24763 -21461
-24767 -21456
-24767 -21456
-24771 -21451
-24771 -21451
-24775 -21445
-24775 -21445
-24779 -21441
-24779 -21441
-24783 -21436
-24783 -21436
-24787 -21431
-24787 -21431
-24791 -21427
-24791 -21427
-24795 -21422
-24795 -21422
-24800 -21417
-24800 -21417
-24804 -21412
-24804 -21412
-24808 -21408
-24808 -21408
-24812 -21403
-24812 -21403
-24816 -21398
-24816 -21398
-24820 -21393
-24820 -21393
-24824 -21389
-24824 -21389
-24828 -21384
-24828 -21384
-24832 -21379
-24832 -21379
-24836 -21374
-24836 -21374
-24840 -21369
-24840 -21369
-24844 -21365
-24844 -21365
-24848 -21360
-24848 -21360
-24853 -21355
-24853 -21355
-24858 -21350
-24858 -21350
-24862 -21346
-24862 -21346
-24866 -21342
-24866 -21342
-24870 -21337
-24870 -21337
-24874 -21332
-24874 -21332
-24878 -21327
-24878 -21327
-24882 -21322
-24882 -21322
-24886 -21318
-24886 -21318
-24890 -21313
-24890 -21313
-24894 -21308
-24894 -21308
-24898 -21303
-24898 -21303
-24902 -21298
-24902 -21298
-24906 -21293
-24906 -21293
-24910 -21289
-24910 -21289
-24914 -21284
-24914 -21284
-24918 -21279
-24918 -21279
-24922 -21274
-24922 -21274
-24926 -21269
-24926 -21269
-24930 -21265
-24930 -21265
-24934 -21260
-24934 -21260
-24938 -21255
-24938 -21255
-24943 -21250
-24943 -21250
-24947 -21245
-24947 -21245
-24951 -21241
-24951 -21241
-24955 -21236
-24955 -21236
-24960 -21231
-24960 -21231
-24964 -21226
-24964 -21226
-24968 -21221
-24968 -21221
-24972 -21217
-24972 -21217
-24976 -21212
-24976 -21212
-24980 -21207
-24980 -21207
-24984 -21202
-24984 -21202
-24988 -21197
-24988 -21197
-24992 -21193
-24992 -21193
-24996 -21188
-24996 -21188
-25000 -21183
-25000 -21183
-25004 -21178
-25004 -21178
-25008 -21173
-25008 -21173
-25012 -21169
-25012 -21169
-25016 -21164
-25016 -21164
-25020 -21159
-25020 -21159
-25024 -21154
-25024 -21154
-25028 -21149
-25028 -21149
-25033 -21145
-25033 -21145
-25037 -21140
-25037 -21140
-25041 -21135
-25041 -21135
-25045 -21130
-25045 -21130
-25049 -21125
-25049 -21125
-25053 -21121
-25053 -21121
-25057 -21116
-25057 -21116
-25061 -21111
-25061 -21111
-25065 -21106
-25065 -21106
-25069 -21101
-25069 -21101
-25073 -21098
-25073 -21098
-25077 -21092
-25077 -21092
-25081 -21087
-25081 -21087
-25085 -21082
-25085 -21082
-25089 -21077
-25089 -21077
-25093 -21072
-25093 -21072
-25097 -21068
-25097 -21068
-25101 -21063
-25101 -21063
-25105 -21058
-25105 -21058
-25109 -21053
-25109 -21053
-25113 -21048
-25113 -21048
-25118 -21044
-25118 -21044
-25122 -21039
-25122 -21039
-25126 -21034
-25126 -21034
-25130 -21029
-25130 -21029
-25134 -21024
-25134 -21024
-25138 -21020
-25138 -21020
-25142 -21015
-25142 -21015
-25146 -21010
-25146 -21010
-25150 -21005
-25150 -21005
-25154 -21000
-25154 -21000
-25158 -20996
-25158 -20996
-25162 -20991
-25162 -20991
-25166 -20986
-25166 -20986
-25170 -20981
-25170 -20981
-25174 -20976
-25174 -20976
-25178 -20972
-25178 -20972
-25182 -20967
-25182 -20967
-25186 -20962
-25186 -20962
-25189 -20957
-25189 -20957
-25193 -20952
-25193 -20952
-25197 -20948
-25197 -20948
-25202 -20943
-25202 -20943
-25206 -20938
-25206 -20938
-25210 -20933
-25210 -20933
-25214 -20928
-25214 -20928
-25218 -20924
-25218 -20924
-25222 -20919
-25222 -20919
-25226 -20914
-25226 -20914
-25230 -20909
-25230 -20909
-25234 -20904
-25234 -20904
-25238 -20900
-25238 -20900
-25242 -20895
-25242 -20895
-25246 -20890
-25246 -20890
-25250 -20885
-25250 -20885
-25254 -20880
-25254 -20880
-25258 -20875
-25258 -20875
-25262 -20871
-25262 -20871
-25266 -20866
-25266 -20866
-25270 -20861
-25270 -20861
-25274 -20856
-25274 -20856
-25278 -20851
-25278 -20851
-25282 -20847
-25282 -20847
-25286 -20841
-25286 -20841
-25291 -20836
-25291 -20836
-25294 -20831
-25294 -20831
-25298 -20826
-25298 -20826
-25302 -20822
-25302 -20822
-25306 -20817
-25306 -20817
-25310 -20812
-25310 -20812
-25314 -20807
-25314 -20807
-25318 -20802
-25318 -20802
-25322 -20798
-25322 -20798
-25326 -20793
-25326 -20793
-25330 -20788
-25330 -20788
-25334 -20783
-25334 -20783
-25338 -20778
-25338 -20778
-25342 -20773
-25342 -20773
-25346 -20768
-25346 -20768
-25350 -20763
-25350 -20763
-25354 -20759
-25354 -20759
-25358 -20754
-25358 -20754
-25361 -20749
-25361 -20749
-25366 -20744
-25366 -20744
-25370 -20739
-25370 -20739
-25374 -20735
-25374 -20735
-25378 -20730
-25378 -20730
-25382 -20725
-25382 -20725
-25386 -20720
-25386 -20720
-25390 -20715
-25390 -20715
-25394 -20711
-25394 -20711
-25398 -20706
-25398 -20706
-25402 -20701
-25402 -20701
-25406 -20696
-25406 -20696
-25410 -20691
-25410 -20691
-25414 -20686
-25414 -20686
-25417 -20681
-25417 -20681
-25421 -20676
-25421 -20676
-25425 -20671
-25425 -20671
-25429 -20666
-25429 -20666
-25433 -20661
-25433 -20661
-25437 -20657
-25437 -20657
-25441 -20652
-25441 -20652
-25445 -20647
-25445 -20647
-25449 -20642
-25449 -20642
-25453 -20637
-25453 -20637
-25458 -20632
-25458 -20632
-25462 -20627
-25462 -20627
-25466 -20622
-25466 -20622
-25470 -20617
-25470 -20617
-25473 -20612
-25473 -20612
-25477 -20607
-25477 -20607
-25481 -20603
-25481 -20603
-25485 -20598
-25485 -20598
-25489 -20593
-25489 -20593
-25493 -20588
-25493 -20588
-25497 -20583
-25497 -20583
-25501 -20578
-25501 -20578
-25505 -20573
-25505 -20573
-25509 -20568
-25509 -20568
-25513 -20563
-25513 -20563
-25517 -20559
-25517 -20559
-25521 -20555
-25521 -20555
-25525 -20550
-25525 -20550
-25528 -20545
-25528 -20545
-25532 -20540
-25532 -20540
-25536 -20535
-25536 -20535
-25540 -20530
-25540 -20530
-25544 -20525
-25544 -20525
-25548 -20520
-25548 -20520
-25552 -20515
-25552 -20515
-25556 -20510
-25556 -20510
-25560 -20505
-25560 -20505
-25564 -20501
-25564 -20501
-25568 -20496
-25568 -20496
-25572 -20491
-25572 -20491
-25576 -20486
-25576 -20486
-25580 -20481
-25580 -20481
-25584 -20476
-25584 -20476
-25587 -20471
-25587 -20471
-25591 -20466
-25591 -20466
-25595 -20461
-25595 -20461
-25599 -20456
-25599 -20456
-25603 -20451
-25603 -20451
-25607 -20447
-25607 -20447
-25611 -20442
-25611 -20442
-25615 -20437
-25615 -20437
-25619 -20432
-25619 -20432
-25623 -20427
-25623 -20427
-25627 -20422
-25627 -20422
-25631 -20417
-25631 -20417
-25635 -20412
-25635 -20412
-25639 -20407
-25639 -20407
-25642 -20402
-25642 -20402
-25646 -20398
-25646 -20398
-25650 -20393
-25650 -20393
-25654 -20387
-25654 -20387
-25658 -20382
-25658 -20382
-25662 -20377
-25662 -20377
-25666 -20372
-25666 -20372
-25670 -20367
-25670 -20367
-25674 -20362
-25674 -20362
-25678 -20357
-25678 -20357
-25682 -20352
-25682 -20352
-25686 -20347
-25686 -20347
-25690 -20343
-25690 -20343
-25694 -20338
-25694 -20338
-25697 -20333
-25697 -20333
-25701 -20328
-25701 -20328
-25705 -20323
-25705 -20323
-25709 -20318
-25709 -20318
-25712 -20313
-25712 -20313
-25716 -20308
-25716 -20308
-25720 -20303
-25720 -20303
-25724 -20298
-25724 -20298
-25728 -20293
-25728 -20293
-25732 -20289
-25732 -20289
-25736 -20284
-25736 -20284
-25740 -20279
-25740 -20279
-25744 -20274
-25744 -20274
-25748 -20269
-25748 -20269
-25751 -20264
-25751 -20264
-25755 -20259
-25755 -20259
-25759 -20254
-25759 -20254
-25763 -20249
-25763 -20249
-25767 -20244
-25767 -20244
-25771 -20240
-25771 -20240
-25775 -20235
-25775 -20235
-25779 -20230
-25779 -20230
-25783 -20225
-25783 -20225
-25787 -20220
-25787 -20220
-25791 -20215
-25791 -20215
-25795 -20209
-25795 -20209
-25799 -20204
-25799 -20204
-25802 -20199
-25802 -20199
-25805 -20194
-25805 -20194
-25809 -20189
-25809 -20189
-25813 -20185
-25813 -20185
-25817 -20180
-25817 -20180
-25821 -20175
-25821 -20175
-25825 -20170
-25825 -20170
-25829 -20165
-25829 -20165
-25833 -20160
-25833 -20160
-25837 -20155
-25837 -20155
-25841 -20150
-25841 -20150
-25844 -20145
-25844 -20145
-25848 -20140
-25848 -20140
-25852 -20135
-25852 -20135
-25856 -20130
-25856 -20130
-25860 -20125
-25860 -20125
-25863 -20120
-25863 -20120
-25868 -20115
-25868 -20115
-25872 -20110
-25872 -20110
-25876 -20105
-25876 -20105
-25880 -20101
-25880 -20101
-25883 -20096
-25883 -20096
-25887 -20091
-25887 -20091
-25891 -20086
-25891 -20086
-25895 -20081
-25895 -20081
-25899 -20076
-25899 -20076
-25902 -20071
-25902 -20071
-25906 -20066
-25906 -20066
-25910 -20061
-25910 -20061
-25914 -20056
-25914 -20056
-25918 -20051
-25918 -20051
-25922 -20046
-25922 -20046
-25925 -20041
-25925 -20041
-25929 -20036
-25929 -20036
-25933 -20031
-25933 -20031
-25937 -20026
-25937 -20026
-25941 -20021
-25941 -20021
-25944 -20016
-25944 -20016
-25948 -20011
-25948 -20011
-25952 -20006
-25952 -20006
-25957 -20001
-25957 -20001
-25961 -19996
-25961 -19996
-25964 -19991
-25964 -19991
-25968 -19986
-25968 -19986
-25972 -19981
-25972 -19981
-25976 -19976
-25976 -19976
-25980 -19971
-25980 -19971
-25983 -19966
-25983 -19966
-25987 -19961
-25987 -19961
-25991 -19956
-25991 -19956
-25995 -19951
-25995 -19951
-25999 -19946
-25999 -19946
-26002 -19941
-26002 -19941
-26006 -19936
-26006 -19936
-26010 -19931
-26010 -19931
-26014 -19926
-26014 -19926
-26018 -19921
-26018 -19921
-26021 -19916
-26021 -19916
-26025 -19911
-26025 -19911
-26029 -19906
-26029 -19906
-26033 -19901
-26033 -19901
-26037 -19896
-26037 -19896
-26040 -19891
-26040 -19891
-26044 -19886
-26044 -19886
-26048 -19881
-26048 -19881
-26052 -19876
-26052 -19876
-26056 -19871
-26056 -19871
-26059 -19866
-26059 -19866
-26063 -19861
-26063 -19861
-26067 -19856
-26067 -19856
-26071 -19851
-26071 -19851
-26075 -19846
-26075 -19846
-26079 -19842
-26079 -19842
-26082 -19836
-26082 -19836
-26086 -19831
-26086 -19831
-26090 -19826
-26090 -19826
-26094 -19821
-26094 -19821
-26098 -19816
-26098 -19816
-26101 -19811
-26101 -19811
-26105 -19806
-26105 -19806
-26109 -19801
-26109 -19801
-26113 -19796
-26113 -19796
-26117 -19791
-26117 -19791
-26120 -19786
-26120 -19786
-26124 -19781
-26124 -19781
-26128 -19776
-26128 -19776
-26132 -19771
-26132 -19771
-26136 -19766
-26136 -19766
-26139 -19761
-26139 -19761
-26143 -19756
-26143 -19756
-26147 -19751
-26147 -19751
-26151 -19746
-26151 -19746
-26155 -19741
-26155 -19741
-26158 -19736
-26158 -19736
-26162 -19731
-26162 -19731
-26166 -19726
-26166 -19726
-26170 -19721
-26170 -19721
-26174 -19716
-26174 -19716
-26177 -19711
-26177 -19711
-26181 -19706
-26181 -19706
-26185 -19701
-26185 -19701
-26189 -19696
-26189 -19696
-26193 -19691
-26193 -19691
-26196 -19686
-26196 -19686
-26200 -19681
-26200 -19681
-26203 -19676
-26203 -19676
-26207 -19671
-26207 -19671
-26211 -19666
-26211 -19666
-26214 -19661
-26214 -19661
-26218 -19656
-26218 -19656
-26222 -19651
-26222 -19651
-26226 -19646
-26226 -19646
-26230 -19641
-26230 -19641
-26233 -19636
-26233 -19636
-26237 -19631
-26237 -19631
-26241 -19626
-26241 -19626
-26245 -19621
-26245 -19621
-26249 -19616
-26249 -19616
-26253 -19611
-26253 -19611
-26256 -19606
-26256 -19606
-26260 -19601
-26260 -19601
-26264 -19596
-26264 -19596
-26268 -19591
-26268 -19591
-26272 -19586
-26272 -19586
-26275 -19581
-26275 -19581
-26279 -19575
-26279 -19575
-26283 -19570
-26283 -19570
-26287 -19565
-26287 -19565
-26290 -19560
-26290 -19560
-26293 -19555
-26293 -19555
-26297 -19550
-26297 -19550
-26301 -19545
-26301 -19545
-26305 -19540
-26305 -19540
-26309 -19535
-26309 -19535
-26312 -19530
-26312 -19530
-26316 -19525
-26316 -19525
-26320 -19520
-26320 -19520
-26324 -19515
-26324 -19515
-26327 -19510
-26327 -19510
-26331 -19505
-26331 -19505
-26335 -19500
-26335 -19500
-26338 -19495
-26338 -19495
-26342 -19489
-26342 -19489
-26346 -19484
-26346 -19484
-26349 -19479
-26349 -19479
-26354 -19474
-26354 -19474
-26358 -19469
-26358 -19469
-26361 -19464
-26361 -19464
-26365 -19460
-26365 -19460
-26369 -19455
-26369 -19455
-26373 -19450
-26373 -19450
-26376 -19445
-26376 -19445
-26380 -19440
-26380 -19440
-26384 -19434
-26384 -19434
-26387 -19429
-26387 -19429
-26391 -19424
-26391 -19424
-26395 -19419
-26395 -19419
-26398 -19414
-26398 -19414
-26402 -19409
-26402 -19409
-26406 -19404
-26406 -19404
-26409 -19399
-26409 -19399
-26413 -19394
-26413 -19394
-26417 -19389
-26417 -19389
-26420 -19383
-26420 -19383
-26424 -19378
-26424 -19378
-26428 -19373
-26428 -19373
-26431 -19368
-26431 -19368
-26435 -19363
-26435 -19363
-26440 -19358
-26440 -19358
-26443 -19353
-26443 -19353
-26447 -19348
-26447 -19348
-26451 -19343
-26451 -19343
-26454 -19338
-26454 -19338
-26458 -19333
-26458 -19333
-26462 -19327
-26462 -19327
-26466 -19322
-26466 -19322
-26469 -19317
-26469 -19317
-26473 -19312
-26473 -19312
-26477 -19307
-26477 -19307
-26480 -19302
-26480 -19302
-26484 -19297
-26484 -19297
-26488 -19292
-26488 -19292
-26491 -19287
-26491 -19287
-26495 -19282
-26495 -19282
-26499 -19277
-26499 -19277
-26502 -19271
-26502 -19271
-26506 -19266
-26506 -19266
-26510 -19261
-26510 -19261
-26513 -19256
-26513 -19256
-26517 -19251
-26517 -19251
-26521 -19246
-26521 -19246
-26524 -19241
-26524 -19241
-26528 -19236
-26528 -19236
-26532 -19231
-26532 -19231
-26535 -19226
-26535 -19226
-26539 -19220
-26539 -19220
-26543 -19215
-26543 -19215
-26546 -19210
-26546 -19210
-26550 -19205
-26550 -19205
-26554 -19200
-26554 -19200
-26558 -19196
-26558 -19196
-26561 -19190
-26561 -19190
-26565 -19185
-26565 -19185
-26569 -19180
-26569 -19180
-26572 -19175
-26572 -19175
-26576 -19170
-26576 -19170
-26580 -19164
-26580 -19164
-26583 -19159
-26583 -19159
-26587 -19154
-26587 -19154
-26591 -19149
-26591 -19149
-26594 -19144
-26594 -19144
-26598 -19139
-26598 -19139
-26602 -19134
-26602 -19134
-26605 -19129
-26605 -19129
-26609 -19124
-26609 -19124
-26613 -19119
-26613 -19119
-26616 -19114
-26616 -19114
-26620 -19108
-26620 -19108
-26624 -19103
-26624 -19103
-26627 -19098
-26627 -19098
-26631 -19093
-26631 -19093
-26635 -19088
-26635 -19088
-26638 -19083
-26638 -19083
-26642 -19078
-26642 -19078
-26646 -19073
-26646 -19073
-26649 -19068
-26649 -19068
-26653 -19063
-26653 -19063
-26657 -19057
-26657 -19057
-26661 -19052
-26661 -19052
-26664 -19047
-26664 -19047
-26668 -19042
-26668 -19042
-26672 -19037
-26672 -19037
-26675 -19032
-26675 -19032
-26678 -19027
-26678 -19027
-26682 -19022
-26682 -19022
-26685 -19017
-26685 -19017
-26689 -19012
-26689 -19012
-26693 -19007
-26693 -19007
-26696 -19001
-26696 -19001
-26700 -18996
-26700 -18996
-26704 -18991
-26704 -18991
-26707 -18986
-26707 -18986
-26711 -18981
-26711 -18981
-26715 -18976
-26715 -18976
-26718 -18971
-26718 -18971
-26722 -18966
-26722 -18966
-26726 -18961
-26726 -18961
-26729 -18956
-26729 -18956
-26733 -18951
-26733 -18951
-26737 -18945
-26737 -18945
-26740 -18940
-26740 -18940
-26744 -18935
-26744 -18935
-26748 -18930
-26748 -18930
-26752 -18924
-26752 -18924
-26755 -18919
-26755 -18919
-26759 -18914
-26759 -18914
-26762 -18909
-26762 -18909
-26765 -18904
-26765 -18904
-26769 -18899
-26769 -18899
-26773 -18893
-26773 -18893
-26776 -18888
-26776 -18888
-26780 -18883
-26780 -18883
-26784 -18878
-26784 -18878
-26787 -18873
-26787 -18873
-26791 -18868
-26791 -18868
-26795 -18863
-26795 -18863
-26798 -18858
-26798 -18858
-26802 -18852
-26802 -18852
-26805 -18847
-26805 -18847
-26809 -18842
-26809 -18842
-26812 -18837
-26812 -18837
-26816 -18832
-26816 -18832
-26819 -18827
-26819 -18827
-26824 -18821
-26824 -18821
-26828 -18816
-26828 -18816
-26831 -18811
-26831 -18811
-26835 -18806
-26835 -18806
-26838 -18802
-26838 -18802
-26842 -18796
-26842 -18796
-26845 -18791
-26845 -18791
-26849 -18786
-26849 -18786
-26852 -18781
-26852 -18781
-26856 -18776
-26856 -18776
-26860 -18771
-26860 -18771
-26863 -18765
-26863 -18765
-26867 -18760
-26867 -18760
-26870 -18755
-26870 -18755
-26874 -18750
-26874 -18750
-26877 -18745
-26877 -18745
-26881 -18740
-26881 -18740
-26884 -18734
-26884 -18734
-26888 -18729
-26888 -18729
-26892 -18724
-26892 -18724
-26895 -18719
-26895 -18719
-26900 -18714
-26900 -18714
-26903 -18708
-26903 -18708
-26907 -18703
-26907 -18703
-26910 -18698
-26910 -18698
-26914 -18693
-26914 -18693
-26917 -18688
-26917 -18688
-26921 -18683
-26921 -18683
-26925 -18677
-26925 -18677
-26928 -18672
-26928 -18672
-26932 -18667
-26932 -18667
-26935 -18662
-26935 -18662
-26939 -18657
-26939 -18657
-26942 -18651
-26942 -18651
-26946 -18646
-26946 -18646
-26949 -18641
-26949 -18641
-26953 -18636
-26953 -18636
-26957 -18631
-26957 -18631
-26960 -18626
-26960 -18626
-26964 -18620
-26964 -18620
-26967 -18615
-26967 -18615
-26971 -18610
-26971 -18610
-26974 -18605
-26974 -18605
-26978 -18600
-26978 -18600
-26981 -18594
-26981 -18594
-26985 -18589
-26985 -18589
-26989 -18584
-26989 -18584
-26992 -18579
-26992 -18579
-26996 -18574
-26996 -18574
-26999 -18569
-26999 -18569
-27003 -18563
-27003 -18563
-27006 -18558
-27006 -18558
-27010 -18553
-27010 -18553
-27013 -18548
-27013 -18548
-27017 -18543
-27017 -18543
-27021 -18538
-27021 -18538
-27024 -18532
-27024 -18532
-27028 -18527
-27028 -18527
-27031 -18522
-27031 -18522
-27035 -18517
-27035 -18517
-27038 -18512
-27038 -18512
-27042 -18506
-27042 -18506
-27045 -18501
-27045 -18501
-27049 -18496
-27049 -18496
-27052 -18491
-27052 -18491
-27056 -18486
-27056 -18486
-27060 -18481
-27060 -18481
-27063 -18475
-27063 -18475
-27067 -18470
-27067 -18470
-27070 -18465
-27070 -18465
-27074 -18460
-27074 -18460
-27077 -18455
-27077 -18455
-27081 -18449
-27081 -18449
-27084 -18444
-27084 -18444
-27088 -18439
-27088 -18439
-27092 -18434
-27092 -18434
-27095 -18429
-27095 -18429
-27099 -18424
-27099 -18424
-27102 -18418
-27102 -18418
-27106 -18413
-27106 -18413
-27109 -18408
-27109 -18408
-27113 -18403
-27113 -18403
-27116 -18398
-27116 -18398
-27120 -18392
-27120 -18392
-27124 -18387
-27124 -18387
-27127 -18382
-27127 -18382
-27131 -18377
-27131 -18377
-27134 -18372
-27134 -18372
-27138 -18367
-27138 -18367
-27141 -18361
-27141 -18361
-27144 -18356
-27144 -18356
-27147 -18351
-27147 -18351
-27151 -18346
-27151 -18346
-27155 -18341
-27155 -18341
-27158 -18335
-27158 -18335
-27162 -18330
-27162 -18330
-27165 -18325
-27165 -18325
-27169 -18320
-27169 -18320
-27172 -18315
-27172 -18315
-27176 -18310
-27176 -18310
-27179 -18304
-27179 -18304
-27183 -18299
-27183 -18299
-27187 -18294
-27187 -18294
-27190 -18289
-27190 -18289
-27194 -18284
-27194 -18284
-27197 -18279
-27197 -18279
-27201 -18273
-27201 -18273
-27204 -18267
-27204 -18267
-27208 -18262
-27208 -18262
-27211 -18257
-27211 -18257
-27215 -18252
-27215 -18252
-27218 -18246
-27218 -18246
-27221 -18241
-27221 -18241
-27225 -18236
-27225 -18236
-27228 -18231
-27228 -18231
-27232 -18226
-27232 -18226
-27235 -18221
-27235 -18221
-27239 -18215
-27239 -18215
-27242 -18210
-27242 -18210
-27246 -18205
-27246 -18205
-27249 -18200
-27249 -18200
-27253 -18194
-27253 -18194
-27256 -18189
-27256 -18189
-27260 -18184
-27260 -18184
-27263 -18179
-27263 -18179
-27267 -18173
-27267 -18173
-27270 -18168
-27270 -18168
-27273 -18163
-27273 -18163
-27278 -18158
-27278 -18158
-27281 -18152
-27281 -18152
-27285 -18147
-27285 -18147
-27288 -18142
-27288 -18142
-27291 -18138
-27291 -18138
-27295 -18132
-27295 -18132
-27298 -18127
-27298 -18127
-27302 -18122
-27302 -18122
-27305 -18116
-27305 -18116
-27309 -18111
-27309 -18111
-27312 -18106
-27312 -18106
-27315 -18101
-27315 -18101
-27319 -18095
-27319 -18095
-27322 -18090
-27322 -18090
-27326 -18085
-27326 -18085
-27329 -18080
-27329 -18080
-27333 -18074
-27333 -18074
-27336 -18069
-27336 -18069
-27339 -18064
-27339 -18064
-27343 -18059
-27343 -18059
-27346 -18053
-27346 -18053
-27350 -18048
-27350 -18048
-27353 -18043
-27353 -18043
-27358 -18038
-27358 -18038
-27361 -18032
-27361 -18032
-27364 -18027
-27364 -18027
-27368 -18022
-27368 -18022
-27371 -18016
-27371 -18016
-27375 -18011
-27375 -18011
-27378 -18006
-27378 -18006
-27381 -18001
-27381 -18001
-27385 -17995
-27385 -17995
-27388 -17990
-27388 -17990
-27392 -17985
-27392 -17985
-27395 -17980
-27395 -17980
-27399 -17974
-27399 -17974
-27402 -17969
-27402 -17969
-27405 -17964
-27405 -17964
-27409 -17959
-27409 -17959
-27412 -17953
-27412 -17953
-27416 -17948
-27416 -17948
-27419 -17943
-27419 -17943
-27423 -17937
-27423 -17937
-27426 -17932
-27426 -17932
-27429 -17927
-27429 -17927
-27433 -17922
-27433 -17922
-27436 -17916
-27436 -17916
-27440 -17911
-27440 -17911
-27443 -17906
-27443 -17906
-27446 -17901
-27446 -17901
-27450 -17895
-27450 -17895
-27453 -17890
-27453 -17890
-27457 -17885
-27457 -17885
-27460 -17880
-27460 -17880
-27464 -17874
-27464 -17874
-27467 -17869
-27467 -17869
-27470 -17864
-27470 -17864
-27474 -17858
-27474 -17858
-27477 -17853
-27477 -17853
-27481 -17848
-27481 -17848
-27484 -17843
-27484 -17843
-27488 -17837
-27488 -17837
-27491 -17832
-27491 -17832
-27494 -17827
-27494 -17827
-27498 -17822
-27498 -17822
-27501 -17816
-27501 -17816
-27505 -17811
-27505 -17811
-27508 -17806
-27508 -17806
-27511 -17801
-27511 -17801
-27515 -17795
-27515 -17795
-27518 -17790
-27518 -17790
-27522 -17785
-27522 -17785
-27525 -17779
-27525 -17779
-27529 -17774
-27529 -17774
-27532 -17769
-27532 -17769
-27535 -17764
-27535 -17764
-27539 -17758
-27539 -17758
-27542 -17753
-27542 -17753
-27546 -17748
-27546 -17748
-27549 -17743
-27549 -17743
-27553 -17737
-27553 -17737
-27556 -17732
-27556 -17732
-27559 -17727
-27559 -17727
-27563 -17722
-27563 -17722
-27566 -17716
-27566 -17716
-27570 -17711
-27570 -17711
-27573 -17706
-27573 -17706
-27577 -17701
-27577 -17701
-27579 -17695
-27579 -17695
-27582 -17690
-27582 -17690
-27586 -17685
-27586 -17685
-27589 -17679
-27589 -17679
-27593 -17674
-27593 -17674
-27596 -17669
-27596 -17669
-27599 -17664
-27599 -17664
-27603 -17658
-27603 -17658
-27606 -17653
-27606 -17653
-27610 -17648
-27610 -17648
-27613 -17643
-27613 -17643
-27617 -17637
-27617 -17637
-27620 -17632
-27620 -17632
-27623 -17627
-27623 -17627
-27627 -17622
-27627 -17622
-27630 -17616
-27630 -17616
-27634 -17611
-27634 -17611
-27637 -17606
-27637 -17606
-27641 -17600
-27641 -17600
-27644 -17594
-27644 -17594
-27647 -17589
-27647 -17589
-27651 -17584
-27651 -17584
-27654 -17578
-27654 -17578
-27657 -17573
-27657 -17573
-27660 -17568
-27660 -17568
-27663 -17563
-27663 -17563
-27667 -17557
-27667 -17557
-27670 -17552
-27670 -17552
-27674 -17547
-27674 -17547
-27677 -17542
-27677 -17542
-27681 -17536
-27681 -17536
-27684 -17531
-27684 -17531
-27687 -17526
-27687 -17526
-27691 -17520
-27691 -17520
-27694 -17515
-27694 -17515
-27697 -17510
-27697 -17510
-27700 -17504
-27700 -17504
-27704 -17499
-27704 -17499
-27707 -17494
-27707 -17494
-27710 -17488
-27710 -17488
-27715 -17483
-27715 -17483
-27718 -17477
-27718 -17477
-27721 -17472
-27721 -17472
-27725 -17467
-27725 -17467
-27728 -17462
-27728 -17462
-27731 -17457
-27731 -17457
-27734 -17452
-27734 -17452
-27738 -17446
-27738 -17446
-27741 -17441
-27741 -17441
-27744 -17436
-27744 -17436
-27748 -17430
-27748 -17430
-27751 -17425
-27751 -17425
-27754 -17420
-27754 -17420
-27758 -17414
-27758 -17414
-27761 -17409
-27761 -17409
-27764 -17404
-27764 -17404
-27767 -17398
-27767 -17398
-27771 -17393
-27771 -17393
-27774 -17388
-27774 -17388
-27777 -17382
-27777 -17382
-27781 -17377
-27781 -17377
-27785 -17371
-27785 -17371
-27788 -17366
-27788 -17366
-27792 -17361
-27792 -17361
-27795 -17355
-27795 -17355
-27798 -17350
-27798 -17350
-27801 -17345
-27801 -17345
-27805 -17339
-27805 -17339
-27808 -17334
-27808 -17334
-27811 -17329
-27811 -17329
-27815 -17323
-27815 -17323
-27818 -17318
-27818 -17318
-27821 -17313
-27821 -17313
-27824 -17307
-27824 -17307
-27828 -17302
-27828 -17302
-27831 -17297
-27831 -17297
-27834 -17291
-27834 -17291
-27838 -17286
-27838 -17286
-27841 -17280
-27841 -17280
-27844 -17275
-27844 -17275
-27848 -17270
-27848 -17270
-27851 -17264
-27851 -17264
-27854 -17259
-27854 -17259
-27857 -17254
-27857 -17254
-27861 -17248
-27861 -17248
-27864 -17243
-27864 -17243
-27867 -17238
-27867 -17238
-27871 -17232
-27871 -17232
-27874 -17227
-27874 -17227
-27877 -17222
-27877 -17222
-27881 -17216
-27881 -17216
-27884 -17211
-27884 -17211
-27887 -17206
-27887 -17206
-27890 -17200
-27890 -17200
-27894 -17195
-27894 -17195
-27897 -17190
-27897 -17190
-27900 -17184
-27900 -17184
-27904 -17179
-27904 -17179
-27907 -17173
-27907 -17173
-27910 -17168
-27910 -17168
-27913 -17163
-27913 -17163
-27917 -17157
-27917 -17157
-27920 -17152
-27920 -17152
-27923 -17147
-27923 -17147
-27927 -17141
-27927 -17141
-27930 -17136
-27930 -17136
-27933 -17131
-27933 -17131
-27937 -17125
-27937 -17125
-27940 -17120
-27940 -17120
-27943 -17115
-27943 -17115
-27946 -17109
-27946 -17109
-27950 -17104
-27950 -17104
-27953 -17099
-27953 -17099
-27956 -17093
-27956 -17093
-27960 -17088
-27960 -17088
-27963 -17082
-27963 -17082
-27966 -17077
-27966 -17077
-27970 -17072
-27970 -17072
-27973 -17066
-27973 -17066
-27976 -17061
-27976 -17061
-27979 -17056
-27979 -17056
-27983 -17050
-27983 -17050
-27986 -17045
-27986 -17045
-27989 -17040
-27989 -17040
-27993 -17034
-27993 -17034
-27996 -17029
-27996 -17029
-27999 -17024
-27999 -17024
-28003 -17018
-28003 -17018
-28006 -17013
-28006 -17013
-28009 -17008
-28009 -17008
-28011 -17002
-28011 -17002
-28015 -16997
-28015 -16997
-28018 -16991
-28018 -16991
-28021 -16986
-28021 -16986
-28025 -16981
-28025 -16981
-28028 -16975
-28028 -16975
-28031 -16970
-28031 -16970
-28034 -16965
-28034 -16965
-28038 -16959
-28038 -16959
-28041 -16954
-28041 -16954
-28044 -16949
-28044 -16949
-28048 -16943
-28048 -16943
-28051 -16938
-28051 -16938
-28054 -16933
-28054 -16933
-28058 -16927
-28058 -16927
-28061 -16922
-28061 -16922
-28064 -16917
-28064 -16917
-28067 -16910
-28067 -16910
-28071 -16905
-28071 -16905
-28074 -16900
-28074 -16900
-28077 -16894
-28077 -16894
-28080 -16889
-28080 -16889
-28083 -16883
-28083 -16883
-28086 -16878
-28086 -16878
-28090 -16873
-28090 -16873
-28093 -16867
-28093 -16867
-28096 -16862
-28096 -16862
-28099 -16857
-28099 -16857
-28103 -16851
-28103 -16851
-28106 -16846
-28106 -16846
-28109 -16841
-28109 -16841
-28112 -16835
-28112 -16835
-28115 -16830
-28115 -16830
-28119 -16824
-28119 -16824
-28122 -16819
-28122 -16819
-28125 -16813
-28125 -16813
-28128 -16808
-28128 -16808
-28131 -16803
-28131 -16803
-28135 -16797
-28135 -16797
-28139 -16792
-28139 -16792
-28142 -16786
-28142 -16786
-28145 -16781
-28145 -16781
-28148 -16775
-28148 -16775
-28151 -16770
-28151 -16770
-28154 -16766
-28154 -16766
-28158 -16760
-28158 -16760
-28161 -16755
-28161 -16755
-28164 -16749
-28164 -16749
-28167 -16744
-28167 -16744
-28170 -16738
-28170 -16738
-28173 -16733
-28173 -16733
-28177 -16728
-28177 -16728
-28180 -16722
-28180 -16722
-28183 -16717
-28183 -16717
-28186 -16711
-28186 -16711
-28189 -16706
-28189 -16706
-28192 -16700
-28192 -16700
-28196 -16695
-28196 -16695
-28199 -16690
-28199 -16690
-28203 -16684
-28203 -16684
-28206 -16679
-28206 -16679
-28209 -16673
-28209 -16673
-28212 -16668
-28212 -16668
-28216 -16662
-28216 -16662
-28219 -16657
-28219 -16657
-28222 -16652
-28222 -16652
-28225 -16646
-28225 -16646
-28228 -16641
-28228 -16641
-28231 -16635
-28231 -16635
-28235 -16630
-28235 -16630
-28238 -16624
-28238 -16624
-28241 -16619
-28241 -16619
-28244 -16614
-28244 -16614
-28247 -16608
-28247 -16608
-28250 -16603
-28250 -16603
-28254 -16597
-28254 -16597
-28257 -16592
-28257 -16592
-28260 -16586
-28260 -16586
-28263 -16581
-28263 -16581
-28266 -16576
-28266 -16576
-28269 -16570
-28269 -16570
-28273 -16565
-28273 -16565
-28276 -16559
-28276 -16559
-28279 -16554
-28279 -16554
-28282 -16548
-28282 -16548
-28285 -16543
-28285 -16543
-28288 -16538
-28288 -16538
-28292 -16532
-28292 -16532
-28295 -16527
-28295 -16527
-28298 -16521
-28298 -16521
-28301 -16516
-28301 -16516
-28304 -16510
-28304 -16510
-28307 -16505
-28307 -16505
-28311 -16500
-28311 -16500
-28314 -16494
-28314 -16494
-28317 -16489
-28317 -16489
-28320 -16483
-28320 -16483
-28323 -16478
-28323 -16478
-28326 -16472
-28326 -16472
-28329 -16467
-28329 -16467
-28333 -16461
-28333 -16461
-28336 -16456
-28336 -16456
-28339 -16451
-28339 -16451
-28342 -16445
-28342 -16445
-28345 -16440
-28345 -16440
-28348 -16434
-28348 -16434
-28352 -16429
-28352 -16429
-28355 -16423
-28355 -16423
-28358 -16418
-28358 -16418
-28361 -16413
-28361 -16413
-28364 -16407
-28364 -16407
-28367 -16402
-28367 -16402
-28371 -16396
-28371 -16396
-28374 -16391
-28374 -16391
-28377 -16385
-28377 -16385
-28380 -16380
-28380 -16380
-28383 -16375
-28383 -16375
-28386 -16369
-28386 -16369
-28390 -16364
-28390 -16364
-28393 -16358
-28393 -16358
-28396 -16353
-28396 -16353
-28399 -16347
-28399 -16347
-28402 -16342
-28402 -16342
-28405 -16337
-28405 -16337
-28409 -16331
-28409 -16331
-28412 -16326
-28412 -16326
-28415 -16320
-28415 -16320
-28418 -16315
-28418 -16315
-28420 -16309
-28420 -16309
-28423 -16304
-28423 -16304
-28427 -16299
-28427 -16299
-28430 -16293
-28430 -16293
-28433 -16288
-28433 -16288
-28436 -16282
-28436 -16282
-28439 -16277
-28439 -16277
-28442 -16271
-28442 -16271
-28446 -16266
-28446 -16266
-28449 -16261
-28449 -16261
-28452 -16255
-28452 -16255
-28455 -16250
-28455 -16250
-28458 -16244
-28458 -16244
-28461 -16239
-28461 -16239
-28465 -16233
-28465 -16233
-28468 -16227
-28468 -16227
-28471 -16222
-28471 -16222
-28474 -16216
-28474 -16216
-28477 -16211
-28477 -16211
-28480 -16205
-28480 -16205
-28484 -16200
-28484 -16200
-28486 -16194
-28486 -16194
-28489 -16189
-28489 -16189
-28492 -16184
-28492 -16184
-28495 -16178
-28495 -16178
-28498 -16173
-28498 -16173
-28502 -16167
-28502 -16167
-28505 -16162
-28505 -16162
-28508 -16156
-28508 -16156
-28511 -16151
-28511 -16151
-28514 -16146
-28514 -16146
-28517 -16140
-28517 -16140
-28520 -16135
-28520 -16135
-28523 -16129
-28523 -16129
-28526 -16124
-28526 -16124
-28529 -16118
-28529 -16118
-28532 -16113
-28532 -16113
-28536 -16107
-28536 -16107
-28539 -16102
-28539 -16102
-28542 -16096
-28542 -16096
-28545 -16091
-28545 -16091
-28548 -16085
-28548 -16085
-28551 -16080
-28551 -16080
-28554 -16074
-28554 -16074
-28557 -16069
-28557 -16069
-28561 -16063
-28561 -16063
-28564 -16059
-28564 -16059
-28567 -16053
-28567 -16053
-28570 -16048
-28570 -16048
-28573 -16042
-28573 -16042
-28576 -16037
-28576 -16037
-28579 -16031
-28579 -16031
-28582 -16026
-28582 -16026
-28585 -16020
-28585 -16020
-28588 -16015
-28588 -16015
-28591 -16009
-28591 -16009
-28594 -16004
-28594 -16004
-28598 -15998
-28598 -15998
-28601 -15993
-28601 -15993
-28604 -15987
-28604 -15987
-28607 -15982
-28607 -15982
-28610 -15976
-28610 -15976
-28613 -15971
-28613 -15971
-28616 -15965
-28616 -15965
-28619 -15960
-28619 -15960
-28622 -15954
-28622 -15954
-28625 -15949
-28625 -15949
-28628 -15943
-28628 -15943
-28631 -15938
-28631 -15938
-28634 -15932
-28634 -15932
-28637 -15927
-28637 -15927
-28640 -15921
-28640 -15921
-28643 -15916
-28643 -15916
-28646 -15910
-28646 -15910
-28649 -15905
-28649 -15905
-28652 -15899
-28652 -15899
-28655 -15894
-28655 -15894
-28659 -15888
-28659 -15888
-28662 -15883
-28662 -15883
-28665 -15877
-28665 -15877
-28668 -15872
-28668 -15872
-28671 -15866
-28671 -15866
-28674 -15861
-28674 -15861
-28677 -15855
-28677 -15855
-28680 -15850
-28680 -15850
-28683 -15844
-28683 -15844
-28686 -15839
-28686 -15839
-28689 -15833
-28689 -15833
-28692 -15828
-28692 -15828
-28695 -15822
-28695 -15822
-28698 -15817
-28698 -15817
-28701 -15811
-28701 -15811
-28704 -15806
-28704 -15806
-28707 -15800
-28707 -15800
-28710 -15795
-28710 -15795
-28713 -15789
-28713 -15789
-28716 -15784
-28716 -15784
-28719 -15778
-28719 -15778
-28722 -15773
-28722 -15773
-28725 -15767
-28725 -15767
-28728 -15762
-28728 -15762
-28731 -15756
-28731 -15756
-28734 -15751
-28734 -15751
-28737 -15745
-28737 -15745
-28740 -15740
-28740 -15740
-28743 -15734
-28743 -15734
-28746 -15729
-28746 -15729
-28749 -15723
-28749 -15723
-28752 -15718
-28752 -15718
-28756 -15712
-28756 -15712
-28759 -15707
-28759 -15707
-28762 -15701
-28762 -15701
-28765 -15696
-28765 -15696
-28768 -15690
-28768 -15690
-28771 -15685
-28771 -15685
-28774 -15679
-28774 -15679
-28777 -15674
-28777 -15674
-28780 -15668
-28780 -15668
-28783 -15663
-28783 -15663
-28786 -15657
-28786 -15657
-28789 -15652
-28789 -15652
-28792 -15646
-28792 -15646
-28795 -15641
-28795 -15641
-28798 -15635
-28798 -15635
-28801 -15630
-28801 -15630
-28804 -15624
-28804 -15624
-28807 -15619
-28807 -15619
-28810 -15613
-28810 -15613
-28813 -15608
-28813 -15608
-28816 -15602
-28816 -15602
-28818 -15597
-28818 -15597
-28821 -15591
-28821 -15591
-28824 -15586
-28824 -15586
-28827 -15580
-28827 -15580
-28830 -15575
-28830 -15575
-28833 -15569
-28833 -15569
-28836 -15564
-28836 -15564
-28839 -15558
-28839 -15558
-28842 -15553
-28842 -15553
-28845 -15547
-28845 -15547
-28848 -15542
-28848 -15542
-28852 -15535
-28852 -15535
-28855 -15530
-28855 -15530
-28858 -15524
-28858 -15524
-28861 -15519
-28861 -15519
-28864 -15513
-28864 -15513
-28867 -15508
-28867 -15508
-28870 -15502
-28870 -15502
-28873 -15497
-28873 -15497
-28876 -15491
-28876 -15491
-28878 -15486
-28878 -15486
-28881 -15480
-28881 -15480
-28884 -15475
-28884 -15475
-28887 -15469
-28887 -15469
-28890 -15464
-28890 -15464
-28893 -15458
-28893 -15458
-28896 -15453
-28896 -15453
-28899 -15447
-28899 -15447
-28902 -15441
-28902 -15441
-28905 -15436
-28905 -15436
-28908 -15430
-28908 -15430
-28911 -15425
-28911 -15425
-28913 -15419
-28913 -15419
-28916 -15414
-28916 -15414
-28919 -15408
-28919 -15408
-28922 -15402
-28922 -15402
-28926 -15397
-28926 -15397
-28929 -15391
-28929 -15391
-28932 -15386
-28932 -15386
-28935 -15380
-28935 -15380
-28938 -15374
-28938 -15374
-28940 -15369
-28940 -15369
-28943 -15364
-28943 -15364
-28946 -15359
-28946 -15359
-28949 -15353
-28949 -15353
-28952 -15348
-28952 -15348
-28955 -15342
-28955 -15342
-28958 -15336
-28958 -15336
-28961 -15331
-28961 -15331
-28964 -15325
-28964 -15325
-28966 -15320
-28966 -15320
-28969 -15314
-28969 -15314
-28972 -15309
-28972 -15309
-28975 -15303
-28975 -15303
-28978 -15297
-28978 -15297
-28981 -15292
-28981 -15292
-28984 -15286
-28984 -15286
-28988 -15281
-28988 -15281
-28991 -15275
-28991 -15275
-28994 -15270
-28994 -15270
-28996 -15264
-28996 -15264
-28999 -15258
-28999 -15258
-29002 -15253
-29002 -15253
-29005 -15247
-29005 -15247
-29008 -15242
-29008 -15242
-29011 -15236
-29011 -15236
-29014 -15230
-29014 -15230
-29017 -15225
-29017 -15225
-29020 -15219
-29020 -15219
-29022 -15214
-29022 -15214
-29025 -15208
-29025 -15208
-29028 -15203
-29028 -15203
-29031 -15197
-29031 -15197
-29034 -15191
-29034 -15191
-29037 -15186
-29037 -15186
-29040 -15180
-29040 -15180
-29043 -15175
-29043 -15175
-29046 -15169
-29046 -15169
-29048 -15164
-29048 -15164
-29051 -15158
-29051 -15158
-29054 -15152
-29054 -15152
-29057 -15147
-29057 -15147
-29060 -15141
-29060 -15141
-29063 -15136
-29063 -15136
-29066 -15130
-29066 -15130
-29069 -15124
-29069 -15124
-29072 -15119
-29072 -15119
-29074 -15113
-29074 -15113
-29077 -15108
-29077 -15108
-29080 -15102
-29080 -15102
-29083 -15097
-29083 -15097
-29086 -15091
-29086 -15091
-29089 -15085
-29089 -15085
-29092 -15080
-29092 -15080
-29095 -15074
-29095 -15074
-29098 -15069
-29098 -15069
-29100 -15063
-29100 -15063
-29103 -15058
-29103 -15058
-29106 -15052
-29106 -15052
-29109 -15046
-29109 -15046
-29112 -15041
-29112 -15041
-29115 -15035
-29115 -15035
-29118 -15030
-29118 -15030
-29121 -15024
-29121 -15024
-29124 -15018
-29124 -15018
-29126 -15013
-29126 -15013
-29129 -15007
-29129 -15007
-29132 -15002
-29132 -15002
-29135 -14996
-29135 -14996
-29138 -14991
-29138 -14991
-29141 -14985
-29141 -14985
-29144 -14979
-29144 -14979
-29147 -14974
-29147 -14974
-29150 -14968
-29150 -14968
-29152 -14963
-29152 -14963
-29155 -14957
-29155 -14957
-29158 -14952
-29158 -14952
-29161 -14946
-29161 -14946
-29164 -14940
-29164 -14940
-29167 -14935
-29167 -14935
-29170 -14929
-29170 -14929
-29173 -14924
-29173 -14924
-29176 -14918
-29176 -14918
-29179 -14913
-29179 -14913
-29181 -14907
-29181 -14907
-29184 -14901
-29184 -14901
-29186 -14896
-29186 -14896
-29189 -14890
-29189 -14890
-29192 -14885
-29192 -14885
-29195 -14879
-29195 -14879
-29198 -14873
-29198 -14873
-29201 -14868
-29201 -14868
-29204 -14862
-29204 -14862
-29206 -14857
-29206 -14857
-29209 -14851
-29209 -14851
-29212 -14846
-29212 -14846
-29215 -14840
-29215 -14840
-29218 -14834
-29218 -14834
-29221 -14829
-29221 -14829
-29224 -14823
-29224 -14823
-29227 -14818
-29227 -14818
-29230 -14811
-29230 -14811
-29232 -14806
-29232 -14806
-29235 -14800
-29235 -14800
-29238 -14794
-29238 -14794
-29241 -14789
-29241 -14789
-29244 -14783
-29244 -14783
-29246 -14778
-29246 -14778
-29249 -14772
-29249 -14772
-29252 -14766
-29252 -14766
-29255 -14761
-29255 -14761
-29257 -14755
-29257 -14755
-29260 -14750
-29260 -14750
-29263 -14744
-29263 -14744
-29266 -14739
-29266 -14739
-29269 -14733
-29269 -14733
-29272 -14727
-29272 -14727
-29275 -14722
-29275 -14722
-29277 -14716
-29277 -14716
-29280 -14710
-29280 -14710
-29283 -14705
-29283 -14705
-29286 -14699
-29286 -14699
-29288 -14693
-29288 -14693
-29292 -14688
-29292 -14688
-29295 -14682
-29295 -14682
-29298 -14677
-29298 -14677
-29300 -14671
-29300 -14671
-29303 -14665
-29303 -14665
-29306 -14660
-29306 -14660
-29309 -14654
-29309 -14654
-29311 -14648
-29311 -14648
-29314 -14643
-29314 -14643
-29317 -14638
-29317 -14638
-29320 -14632
-29320 -14632
-29322 -14627
-29322 -14627
-29325 -14621
-29325 -14621
-29328 -14615
-29328 -14615
-29331 -14610
-29331 -14610
-29333 -14604
-29333 -14604
-29336 -14598
-29336 -14598
-29339 -14593
-29339 -14593
-29342 -14587
-29342 -14587
-29344 -14581
-29344 -14581
-29348 -14576
-29348 -14576
-29351 -14570
-29351 -14570
-29354 -14565
-29354 -14565
-29356 -14559
-29356 -14559
-29359 -14553
-29359 -14553
-29362 -14548
-29362 -14548
-29365 -14542
-29365 -14542
-29368 -14536
-29368 -14536
-29370 -14531
-29370 -14531
-29373 -14525
-29373 -14525
-29376 -14519
-29376 -14519
-29379 -14514
-29379 -14514
-29381 -14508
-29381 -14508
-29384 -14502
-29384 -14502
-29387 -14497
-29387 -14497
-29390 -14491
-29390 -14491
-29392 -14485
-29392 -14485
-29395 -14480
-29395 -14480
-29398 -14474
-29398 -14474
-29401 -14469
-29401 -14469
-29403 -14463
-29403 -14463
-29406 -14457
-29406 -14457
-29409 -14452
-29409 -14452
-29412 -14446
-29412 -14446
-29414 -14440
-29414 -14440
-29417 -14435
-29417 -14435
-29420 -14429
-29420 -14429
-29423 -14423
-29423 -14423
-29425 -14418
-29425 -14418
-29428 -14412
-29428 -14412
-29431 -14406
-29431 -14406
-29434 -14401
-29434 -14401
-29436 -14395
-29436 -14395
-29439 -14389
-29439 -14389
-29442 -14384
-29442 -14384
-29445 -14378
-29445 -14378
-29448 -14373
-29448 -14373
-29450 -14367
-29450 -14367
-29453 -14361
-29453 -14361
-29456 -14356
-29456 -14356
-29459 -14350
-29459 -14350
-29461 -14344
-29461 -14344
-29464 -14339
-29464 -14339
-29467 -14333
-29467 -14333
-29470 -14327
-29470 -14327
-29472 -14322
-29472 -14322
-29475 -14316
-29475 -14316
-29478 -14310
-29478 -14310
-29481 -14305
-29481 -14305
-29483 -14299
-29483 -14299
-29486 -14293
-29486 -14293
-29489 -14288
-29489 -14288
-29492 -14282
-29492 -14282
-29494 -14276
-29494 -14276
-29497 -14271
-29497 -14271
-29500 -14265
-29500 -14265
-29503 -14260
-29503 -14260
-29505 -14254
-29505 -14254
-29508 -14248
-29508 -14248
-29511 -14243
-29511 -14243
-29514 -14237
-29514 -14237
-29516 -14231
-29516 -14231
-29519 -14226
-29519 -14226
-29522 -14220
-29522 -14220
-29525 -14214
-29525 -14214
-29527 -14209
-29527 -14209
-29530 -14203
-29530 -14203
-29533 -14197
-29533 -14197
-29536 -14192
-29536 -14192
-29539 -14186
-29539 -14186
-29541 -14180
-29541 -14180
-29544 -14175
-29544 -14175
-29547 -14169
-29547 -14169
-29549 -14164
-29549 -14164
-29551 -14158
-29551 -14158
-29554 -14152
-29554 -14152
-29557 -14147
-29557 -14147
-29560 -14141
-29560 -14141
-29562 -14135
-29562 -14135
-29565 -14130
-29565 -14130
-29568 -14124
-29568 -14124
-29571 -14118
-29571 -14118
-29573 -14113
-29573 -14113
-29576 -14107
-29576 -14107
-29579 -14100
-29579 -14100
-29582 -14095
-29582 -14095
-29584 -14089
-29584 -14089
-29587 -14083
-29587 -14083
-29590 -14078
-29590 -14078
-29593 -14072
-29593 -14072
-29595 -14066
-29595 -14066
-29598 -14061
-29598 -14061
-29601 -14055
-29601 -14055
-29603 -14050
-29603 -14050
-29605 -14044
-29605 -14044
-29608 -14038
-29608 -14038
-29611 -14033
-29611 -14033
-29614 -14027
-29614 -14027
-29616 -14021
-29616 -14021
-29619 -14016
-29619 -14016
-29622 -14010
-29622 -14010
-29625 -14004
-29625 -14004
-29627 -13999
-29627 -13999
-29630 -13993
-29630 -13993
-29632 -13987
-29632 -13987
-29635 -13981
-29635 -13981
-29638 -13976
-29638 -13976
-29640 -13970
-29640 -13970
-29644 -13964
-29644 -13964
-29647 -13959
-29647 -13959
-29649 -13953
-29649 -13953
-29652 -13947
-29652 -13947
-29654 -13941
-29654 -13941
-29657 -13936
-29657 -13936
-29660 -13930
-29660 -13930
-29662 -13924
-29662 -13924
-29665 -13919
-29665 -13919
-29667 -13913
-29667 -13913
-29670 -13907
-29670 -13907
-29673 -13902
-29673 -13902
-29675 -13897
-29675 -13897
-29678 -13891
-29678 -13891
-29681 -13885
-29681 -13885
-29683 -13880
-29683 -13880
-29686 -13874
-29686 -13874
-29688 -13868
-29688 -13868
-29691 -13863
-29691 -13863
-29694 -13857
-29694 -13857
-29697 -13851
-29697 -13851
-29700 -13845
-29700 -13845
-29703 -13840
-29703 -13840
-29705 -13834
-29705 -13834
-29708 -13828
-29708 -13828
-29710 -13823
-29710 -13823
-29713 -13817
-29713 -13817
-29716 -13811
-29716 -13811
-29718 -13805
-29718 -13805
-29721 -13800
-29721 -13800
-29723 -13794
-29723 -13794
-29726 -13788
-29726 -13788
-29729 -13783
-29729 -13783
-29731 -13777
-29731 -13777
-29734 -13771
-29734 -13771
-29737 -13765
-29737 -13765
-29739 -13760
-29739 -13760
-29742 -13754
-29742 -13754
-29744 -13748
-29744 -13748
-29747 -13743
-29747 -13743
-29750 -13737
-29750 -13737
-29752 -13731
-29752 -13731
-29755 -13725
-29755 -13725
-29757 -13720
-29757 -13720
-29760 -13714
-29760 -13714
-29763 -13708
-29763 -13708
-29765 -13703
-29765 -13703
-29768 -13697
-29768 -13697
-29771 -13691
-29771 -13691
-29773 -13685
-29773 -13685
-29776 -13680
-29776 -13680
-29778 -13674
-29778 -13674
-29781 -13668
-29781 -13668
-29784 -13663
-29784 -13663
-29786 -13657
-29786 -13657
-29789 -13651
-29789 -13651
-29792 -13646
-29792 -13646
-29794 -13640
-29794 -13640
-29797 -13634
-29797 -13634
-29799 -13628
-29799 -13628
-29802 -13623
-29802 -13623
-29805 -13617
-29805 -13617
-29807 -13611
-29807 -13611
-29810 -13606
-29810 -13606
-29812 -13600
-29812 -13600
-29815 -13594
-29815 -13594
-29818 -13588
-29818 -13588
-29820 -13583
-29820 -13583
-29823 -13577
-29823 -13577
-29826 -13571
-29826 -13571
-29828 -13566
-29828 -13566
-29831 -13560
-29831 -13560
-29833 -13554
-29833 -13554
-29836 -13548
-29836 -13548
-29839 -13543
-29839 -13543
-29841 -13537
-29841 -13537
-29844 -13531
-29844 -13531
-29846 -13526
-29846 -13526
-29849 -13520
-29849 -13520
-29852 -13514
-29852 -13514
-29854 -13508
-29854 -13508
-29857 -13503
-29857 -13503
-29860 -13497
-29860 -13497
-29862 -13491
-29862 -13491
-29865 -13486
-29865 -13486
-29867 -13480
-29867 -13480
-29870 -13474
-29870 -13474
-29873 -13468
-29873 -13468
-29875 -13463
-29875 -13463
-29878 -13457
-29878 -13457
-29880 -13451
-29880 -13451
-29883 -13446
-29883 -13446
-29886 -13440
-29886 -13440
-29887 -13434
-29887 -13434
-29890 -13428
-29890 -13428
-29893 -13423
-29893 -13423
-29895 -13417
-29895 -13417
-29898 -13411
-29898 -13411
-29900 -13406
-29900 -13406
-29903 -13400
-29903 -13400
-29906 -13394
-29906 -13394
-29908 -13389
-29908 -13389
-29911 -13382
-29911 -13382
-29914 -13376
-29914 -13376
-29916 -13370
-29916 -13370
-29919 -13365
-29919 -13365
-29921 -13359
-29921 -13359
-29924 -13353
-29924 -13353
-29927 -13348
-29927 -13348
-29929 -13342
-29929 -13342
-29932 -13336
-29932 -13336
-29934 -13330
-29934 -13330
-29937 -13325
-29937 -13325
-29939 -13319
-29939 -13319
-29941 -13313
-29941 -13313
-29944 -13308
-29944 -13308
-29947 -13302
-29947 -13302
-29949 -13296
-29949 -13296
-29952 -13290
-29952 -13290
-29954 -13285
-29954 -13285
-29957 -13279
-29957 -13279
-29959 -13273
-29959 -13273
-29962 -13267
-29962 -13267
-29964 -13262
-29964 -13262
-29967 -13256
-29967 -13256
-29969 -13250
-29969 -13250
-29972 -13244
-29972 -13244
-29974 -13239
-29974 -13239
-29978 -13233
-29978 -13233
-29980 -13227
-29980 -13227
-29983 -13221
-29983 -13221
-29985 -13215
-29985 -13215
-29988 -13210
-29988 -13210
-29990 -13204
-29990 -13204
-29993 -13198
-29993 -13198
-29995 -13192
-29995 -13192
-29998 -13187
-29998 -13187
-30000 -13181
-30000 -13181
-30003 -13175
-30003 -13175
-30005 -13170
-30005 -13170
-30008 -13165
-30008 -13165
-30010 -13159
-30010 -13159
-30012 -13153
-30012 -13153
-30015 -13147
-30015 -13147
-30017 -13141
-30017 -13141
-30020 -13136
-30020 -13136
-30023 -13130
-30023 -13130
-30026 -13124
-30026 -13124
-30028 -13118
-30028 -13118
-30031 -13113
-30031 -13113
-30033 -13107
-30033 -13107
-30036 -13101
-30036 -13101
-30038 -13095
-30038 -13095
-30041 -13089
-30041 -13089
-30043 -13084
-30043 -13084
-30046 -13078
-30046 -13078
-30048 -13072
-30048 -13072
-30051 -13066
-30051 -13066
-30053 -13061
-30053 -13061
-30056 -13055
-30056 -13055
-30058 -13049
-30058 -13049
-30061 -13043
-30061 -13043
-30063 -13038
-30063 -13038
-30065 -13032
-30065 -13032
-30068 -13026
-30068 -13026
-30070 -13020
-30070 -13020
-30073 -13014
-30073 -13014
-30075 -13009
-30075 -13009
-30078 -13003
-30078 -13003
-30080 -12997
-30080 -12997
-30083 -12991
-30083 -12991
-30085 -12986
-30085 -12986
-30088 -12980
-30088 -12980
-30090 -12974
-30090 -12974
-30093 -12968
-30093 -12968
-30095 -12962
-30095 -12962
-30098 -12957
-30098 -12957
-30100 -12951
-30100 -12951
-30103 -12945
-30103 -12945
-30105 -12939
-30105 -12939
-30108 -12934
-30108 -12934
-30110 -12928
-30110 -12928
-30113 -12922
-30113 -12922
-30115 -12916
-30115 -12916
-30118 -12911
-30118 -12911
-30120 -12905
-30120 -12905
-30122 -12899
-30122 -12899
-30125 -12893
-30125 -12893
-30127 -12887
-30127 -12887
-30130 -12882
-30130 -12882
-30132 -12876
-30132 -12876
-30135 -12870
-30135 -12870
-30137 -12864
-30137 -12864
-30140 -12859
-30140 -12859
-30142 -12853
-30142 -12853
-30145 -12847
-30145 -12847
-30147 -12841
-30147 -12841
-30150 -12835
-30150 -12835
-30152 -12830
-30152 -12830
-30155 -12824
-30155 -12824
-30157 -12818
-30157 -12818
-30160 -12812
-30160 -12812
-30162 -12807
-30162 -12807
-30165 -12801
-30165 -12801
-30167 -12795
-30167 -12795
-30170 -12789
-30170 -12789
-30172 -12783
-30172 -12783
-30174 -12778
-30174 -12778
-30177 -12772
-30177 -12772
-30179 -12766
-30179 -12766
-30182 -12760
-30182 -12760
-30184 -12755
-30184 -12755
-30187 -12749
-30187 -12749
-30189 -12743
-30189 -12743
-30192 -12737
-30192 -12737
-30194 -12732
-30194 -12732
-30197 -12726
-30197 -12726
-30199 -12720
-30199 -12720
-30202 -12714
-30202 -12714
-30204 -12708
-30204 -12708
-30207 -12703
-30207 -12703
-30209 -12697
-30209 -12697
-30212 -12691
-30212 -12691
-30213 -12685
-30213 -12685
-30216 -12680
-30216 -12680
-30218 -12674
-30218 -12674
-30221 -12668
-30221 -12668
-30223 -12662
-30223 -12662
-30225 -12656
-30225 -12656
-30228 -12651
-30228 -12651
-30230 -12644
-30230 -12644
-30233 -12638
-30233 -12638
-30235 -12632
-30235 -12632
-30238 -12627
-30238 -12627
-30240 -12621
-30240 -12621
-30243 -12615
-30243 -12615
-30245 -12609
-30245 -12609
-30248 -12604
-30248 -12604
-30250 -12598
-30250 -12598
-30253 -12592
-30253 -12592
-30255 -12586
-30255 -12586
-30257 -12580
-30257 -12580
-30259 -12575
-30259 -12575
-30262 -12569
-30262 -12569
-30264 -12563
-30264 -12563
-30267 -12557
-30267 -12557
-30269 -12552
-30269 -12552
-30272 -12546
-30272 -12546
-30274 -12540
-30274 -12540
-30276 -12534
-30276 -12534
-30279 -12528
-30279 -12528
-30281 -12522
-30281 -12522
-30283 -12517
-30283 -12517
-30286 -12511
-30286 -12511
-30288 -12505
-30288 -12505
-30290 -12499
-30290 -12499
-30293 -12493
-30293 -12493
-30296 -12487
-30296 -12487
-30298 -12482
-30298 -12482
-30301 -12476
-30301 -12476
-30303 -12470
-30303 -12470
-30305 -12464
-30305 -12464
-30308 -12458
-30308 -12458
-30310 -12452
-30310 -12452
-30312 -12447
-30312 -12447
-30315 -12441
-30315 -12441
-30317 -12435
-30317 -12435
-30319 -12430
-30319 -12430
-30322 -12424
-30322 -12424
-30324 -12418
-30324 -12418
-30326 -12413
-30326 -12413
-30329 -12407
-30329 -12407
-30331 -12401
-30331 -12401
-30333 -12395
-30333 -12395
-30336 -12389
-30336 -12389
-30338 -12383
-30338 -12383
-30340 -12378
-30340 -12378
-30343 -12372
-30343 -12372
-30346 -12366
-30346 -12366
-30348 -12360
-30348 -12360
-30351 -12354
-30351 -12354
-30353 -12348
-30353 -12348
-30355 -12343
-30355 -12343
-30357 -12337
-30357 -12337
-30360 -12331
-30360 -12331
-30362 -12325
-30362 -12325
-30364 -12319
-30364 -12319
-30367 -12313
-30367 -12313
-30369 -12308
-30369 -12308
-30371 -12302
-30371 -12302
-30374 -12296
-30374 -12296
-30376 -12290
-30376 -12290
-30378 -12284
-30378 -12284
-30381 -12278
-30381 -12278
-30383 -12273
-30383 -12273
-30385 -12267
-30385 -12267
-30388 -12261
-30388 -12261
-30390 -12255
-30390 -12255
-30392 -12249
-30392 -12249
-30395 -12243
-30395 -12243
-30397 -12238
-30397 -12238
-30399 -12232
-30399 -12232
-30402 -12226
-30402 -12226
-30404 -12220
-30404 -12220
-30406 -12214
-30406 -12214
-30409 -12208
-30409 -12208
-30411 -12203
-30411 -12203
-30413 -12197
-30413 -12197
-30416 -12191
-30416 -12191
-30418 -12185
-30418 -12185
-30420 -12179
-30420 -12179
-30423 -12173
-30423 -12173
-30425 -12168
-30425 -12168
-30427 -12162
-30427 -12162
-30430 -12156
-30430 -12156
-30432 -12150
-30432 -12150
-30434 -12144
-30434 -12144
-30437 -12138
-30437 -12138
-30439 -12132
-30439 -12132
-30441 -12127
-30441 -12127
-30444 -12121
-30444 -12121
-30446 -12115
-30446 -12115
-30448 -12109
-30448 -12109
-30451 -12103
-30451 -12103
-30453 -12097
-30453 -12097
-30455 -12092
-30455 -12092
-30458 -12086
-30458 -12086
-30460 -12080
-30460 -12080
-30462 -12074
-30462 -12074
-30465 -12068
-30465 -12068
-30467 -12062
-30467 -12062
-30469 -12057
-30469 -12057
-30472 -12051
-30472 -12051
-30474 -12045
-30474 -12045
-30476 -12039
-30476 -12039
-30479 -12033
-30479 -12033
-30481 -12027
-30481 -12027
-30483 -12022
-30483 -12022
-30486 -12016
-30486 -12016
-30488 -12010
-30488 -12010
-30490 -12004
-30490 -12004
-30493 -11998
-30493 -11998
-30495 -11992
-30495 -11992
-30497 -11987
-30497 -11987
-30500 -11981
-30500 -11981
-30502 -11975
-30502 -11975
-30504 -11969
-30504 -11969
-30505 -11963
-30505 -11963
-30508 -11957
-30508 -11957
-30510 -11952
-30510 -11952
-30512 -11946
-30512 -11946
-30515 -11940
-30515 -11940
-30517 -11934
-30517 -11934
-30519 -11928
-30519 -11928
-30522 -11922
-30522 -11922
-30524 -11917
-30524 -11917
-30526 -11911
-30526 -11911
-30529 -11905
-30529 -11905
-30531 -11898
-30531 -11898
-30533 -11892
-30533 -11892
-30536 -11886
-30536 -11886
-30538 -11881
-30538 -11881
-30540 -11875
-30540 -11875
-30543 -11869
-30543 -11869
-30545 -11863
-30545 -11863
-30547 -11857
-30547 -11857
-30550 -11851
-30550 -11851
-30552 -11846
-30552 -11846
-30553 -11840
-30553 -11840
-30556 -11834
-30556 -11834
-30558 -11828
-30558 -11828
-30560 -11822
-30560 -11822
-30563 -11816
-30563 -11816
-30565 -11811
-30565 -11811
-30567 -11805
-30567 -11805
-30570 -11799
-30570 -11799
-30572 -11793
-30572 -11793
-30574 -11787
-30574 -11787
-30576 -11781
-30576 -11781
-30579 -11775
-30579 -11775
-30581 -11769
-30581 -11769
-30583 -11764
-30583 -11764
-30585 -11758
-30585 -11758
-30588 -11752
-30588 -11752
-30591 -11746
-30591 -11746
-30593 -11740
-30593 -11740
-30595 -11734
-30595 -11734
-30597 -11728
-30597 -11728
-30599 -11722
-30599 -11722
-30602 -11716
-30602 -11716
-30604 -11711
-30604 -11711
-30606 -11705
-30606 -11705
-30608 -11699
-30608 -11699
-30610 -11693
-30610 -11693
-30613 -11687
-30613 -11687
-30615 -11681
-30615 -11681
-30617 -11675
-30617 -11675
-30619 -11669
-30619 -11669
-30621 -11663
-30621 -11663
-30623 -11659
-30623 -11659
-30627 -11653
-30627 -11653
-30629 -11647
-30629 -11647
-30631 -11641
-30631 -11641
-30633 -11635
-30633 -11635
-30635 -11629
-30635 -11629
-30638 -11623
-30638 -11623
-30640 -11617
-30640 -11617
-30642 -11611
-30642 -11611
-30644 -11606
-30644 -11606
-30646 -11600
-30646 -11600
-30649 -11594
-30649 -11594
-30651 -11588
-30651 -11588
-30653 -11582
-30653 -11582
-30655 -11576
-30655 -11576
-30657 -11570
-30657 -11570
-30660 -11564
-30660 -11564
-30662 -11558
-30662 -11558
-30664 -11552
-30664 -11552
-30666 -11547
-30666 -11547
-30668 -11541
-30668 -11541
-30671 -11535
-30671 -11535
-30673 -11529
-30673 -11529
-30675 -11523
-30675 -11523
-30677 -11517
-30677 -11517
-30679 -11511
-30679 -11511
-30682 -11505
-30682 -11505
-30684 -11499
-30684 -11499
-30686 -11494
-30686 -11494
-30688 -11488
-30688 -11488
-30690 -11482
-30690 -11482
-30693 -11476
-30693 -11476
-30695 -11470
-30695 -11470
-30697 -11464
-30697 -11464
-30699 -11458
-30699 -11458
-30701 -11452
-30701 -11452
-30704 -11446
-30704 -11446
-30706 -11441
-30706 -11441
-30708 -11435
-30708 -11435
-30710 -11429
-30710 -11429
-30712 -11423
-30712 -11423
-30716 -11417
-30716 -11417
-30717 -11411
-30717 -11411
-30719 -11405
-30719 -11405
-30721 -11399
-30721 -11399
-30723 -11393
-30723 -11393
-30725 -11388
-30725 -11388
-30728 -11382
-30728 -11382
-30730 -11376
-30730 -11376
-30732 -11370
-30732 -11370
-30734 -11364
-30734 -11364
-30736 -11358
-30736 -11358
-30739 -11352
-30739 -11352
-30741 -11346
-30741 -11346
-30743 -11340
-30743 -11340
-30745 -11335
-30745 -11335
-30747 -11329
-30747 -11329
-30750 -11323
-30750 -11323
-30752 -11317
-30752 -11317
-30754 -11311
-30754 -11311
-30756 -11305
-30756 -11305
-30758 -11299
-30758 -11299
-30761 -11293
-30761 -11293
-30763 -11287
-30763 -11287
-30765 -11282
-30765 -11282
-30767 -11276
-30767 -11276
-30769 -11270
-30769 -11270
-30772 -11264
-30772 -11264
-30774 -11258
-30774 -11258
-30776 -11252
-30776 -11252
-30778 -11246
-30778 -11246
-30780 -11240
-30780 -11240
-30783 -11234
-30783 -11234
-30785 -11229
-30785 -11229
-30787 -11223
-30787 -11223
-30789 -11217
-30789 -11217
-30791 -11211
-30791 -11211
-30794 -11205
-30794 -11205
-30796 -11199
-30796 -11199
-30798 -11193
-30798 -11193
-30800 -11187
-30800 -11187
-30802 -11181
-30802 -11181
-30804 -11175
-30804 -11175
-30806 -11169
-30806 -11169
-30808 -11163
-30808 -11163
-30810 -11157
-30810 -11157
-30812 -11151
-30812 -11151
-30814 -11145
-30814 -11145
-30817 -11139
-30817 -11139
-30819 -11133
-30819 -11133
-30821 -11127
-30821 -11127
-30823 -11121
-30823 -11121
-30825 -11116
-30825 -11116
-30828 -11110
-30828 -11110
-30830 -11104
-30830 -11104
-30832 -11098
-30832 -11098
-30834 -11092
-30834 -11092
-30836 -11086
-30836 -11086
-30839 -11080
-30839 -11080
-30840 -11074
-30840 -11074
-30842 -11068
-30842 -11068
-30844 -11063
-30844 -11063
-30846 -11057
-30846 -11057
-30849 -11051
-30849 -11051
-30851 -11045
-30851 -11045
-30853 -11039
-30853 -11039
-30855 -11033
-30855 -11033
-30857 -11027
-30857 -11027
-30859 -11021
-30859 -11021
-30861 -11015
-30861 -11015
-30863 -11009
-30863 -11009
-30865 -11003
-30865 -11003
-30867 -10997
-30867 -10997
-30870 -10992
-30870 -10992
-30872 -10986
-30872 -10986
-30874 -10980
-30874 -10980
-30876 -10974
-30876 -10974
-30878 -10968
-30878 -10968
-30881 -10962
-30881 -10962
-30883 -10956
-30883 -10956
-30885 -10950
-30885 -10950
-30887 -10944
-30887 -10944
-30889 -10938
-30889 -10938
-30891 -10932
-30891 -10932
-30893 -10926
-30893 -10926
-30895 -10920
-30895 -10920
-30897 -10914
-30897 -10914
-30899 -10908
-30899 -10908
-30901 -10902
-30901 -10902
-30903 -10897
-30903 -10897
-30905 -10891
-30905 -10891
-30907 -10885
-30907 -10885
-30909 -10879
-30909 -10879
-30912 -10874
-30912 -10874
-30914 -10868
-30914 -10868
-30916 -10862
-30916 -10862
-30918 -10856
-30918 -10856
-30920 -10850
-30920 -10850
-30922 -10844
-30922 -10844
-30924 -10838
-30924 -10838
-30926 -10832
-30926 -10832
-30928 -10826
-30928 -10826
-30930 -10820
-30930 -10820
-30932 -10814
-30932 -10814
-30935 -10808
-30935 -10808
-30937 -10803
-30937 -10803
-30939 -10797
-30939 -10797
-30941 -10791
-30941 -10791
-30943 -10785
-30943 -10785
-30945 -10779
-30945 -10779
-30947 -10773
-30947 -10773
-30949 -10767
-30949 -10767
-30951 -10761
-30951 -10761
-30953 -10755
-30953 -10755
-30955 -10749
-30955 -10749
-30957 -10743
-30957 -10743
-30959 -10737
-30959 -10737
-30961 -10731
-30961 -10731
-30963 -10725
-30963 -10725
-30965 -10719
-30965 -10719
-30967 -10713
-30967 -10713
-30969 -10708
-30969 -10708
-30971 -10702
-30971 -10702
-30973 -10696
-30973 -10696
-30975 -10690
-30975 -10690
-30977 -10684
-30977 -10684
-30979 -10678
-30979 -10678
-30981 -10672
-30981 -10672
-30983 -10666
-30983 -10666
-30986 -10660
-30986 -10660
-30988 -10654
-30988 -10654
-30990 -10648
-30990 -10648
-30992 -10642
-30992 -10642
-30994 -10636
-30994 -10636
-30996 -10630
-30996 -10630
-30998 -10624
-30998 -10624
-31000 -10618
-31000 -10618
-31002 -10613
-31002 -10613
-31004 -10607
-31004 -10607
-31006 -10601
-31006 -10601
-31008 -10595
-31008 -10595
-31010 -10589
-31010 -10589
-31012 -10583
-31012 -10583
-31014 -10577
-31014 -10577
-31016 -10571
-31016 -10571
-31018 -10565
-31018 -10565
-31020 -10559
-31020 -10559
-31022 -10553
-31022 -10553
-31024 -10547
-31024 -10547
-31026 -10541
-31026 -10541
-31028 -10535
-31028 -10535
-31030 -10529
-31030 -10529
-31032 -10523
-31032 -10523
-31034 -10518
-31034 -10518
-31036 -10512
-31036 -10512
-31039 -10506
-31039 -10506
-31041 -10500
-31041 -10500
-31043 -10494
-31043 -10494
-31045 -10488
-31045 -10488
-31047 -10482
-31047 -10482
-31049 -10476
-31049 -10476
-31051 -10470
-31051 -10470
-31053 -10464
-31053 -10464
-31055 -10458
-31055 -10458
-31057 -10452
-31057 -10452
-31059 -10446
-31059 -10446
-31060 -10439
-31060 -10439
-31062 -10433
-31062 -10433
-31064 -10427
-31064 -10427
-31066 -10422
-31066 -10422
-31068 -10416
-31068 -10416
-31070 -10410
-31070 -10410
-31072 -10404
-31072 -10404
-31074 -10398
-31074 -10398
-31076 -10392
-31076 -10392
-31078 -10386
-31078 -10386
-31080 -10380
-31080 -10380
-31082 -10374
-31082 -10374
-31084 -10368
-31084 -10368
-31086 -10362
-31086 -10362
-31088 -10356
-31088 -10356
-31091 -10350
-31091 -10350
-31093 -10344
-31093 -10344
-31095 -10338
-31095 -10338
-31097 -10332
-31097 -10332
-31099 -10327
-31099 -10327
-31100 -10321
-31100 -10321
-31102 -10315
-31102 -10315
-31104 -10309
-31104 -10309
-31106 -10303
-31106 -10303
-31108 -10297
-31108 -10297
-31110 -10291
-31110 -10291
-31112 -10285
-31112 -10285
-31114 -10279
-31114 -10279
-31116 -10273
-31116 -10273
-31118 -10267
-31118 -10267
-31120 -10261
-31120 -10261
-31122 -10255
-31122 -10255
-31123 -10249
-31123 -10249
-31125 -10243
-31125 -10243
-31127 -10237
-31127 -10237
-31130 -10231
-31130 -10231
-31132 -10225
-31132 -10225
-31134 -10219
-31134 -10219
-31136 -10213
-31136 -10213
-31138 -10207
-31138 -10207
-31140 -10201
-31140 -10201
-31142 -10195
-31142 -10195
-31143 -10189
-31143 -10189
-31145 -10183
-31145 -10183
-31147 -10177
-31147 -10177
-31149 -10171
-31149 -10171
-31151 -10165
-31151 -10165
-31153 -10159
-31153 -10159
-31155 -10153
-31155 -10153
-31157 -10147
-31157 -10147
-31159 -10142
-31159 -10142
-31161 -10136
-31161 -10136
-31162 -10130
-31162 -10130
-31165 -10124
-31165 -10124
-31167 -10118
-31167 -10118
-31169 -10112
-31169 -10112
-31171 -10106
-31171 -10106
-31173 -10100
-31173 -10100
-31175 -10094
-31175 -10094
-31177 -10088
-31177 -10088
-31179 -10082
-31179 -10082
-31181 -10076
-31181 -10076
-31182 -10070
-31182 -10070
-31184 -10064
-31184 -10064
-31186 -10058
-31186 -10058
-31188 -10052
-31188 -10052
-31190 -10046
-31190 -10046
-31192 -10040
-31192 -10040
-31194 -10034
-31194 -10034
-31196 -10028
-31196 -10028
-31198 -10022
-31198 -10022
-31200 -10016
-31200 -10016
-31201 -10010
-31201 -10010
-31203 -10004
-31203 -10004
-31205 -9998
-31205 -9998
-31207 -9992
-31207 -9992
-31209 -9986
-31209 -9986
-31211 -9980
-31211 -9980
-31213 -9974
-31213 -9974
-31215 -9968
-31215 -9968
-31217 -9962
-31217 -9962
-31219 -9956
-31219 -9956
-31220 -9950
-31220 -9950
-31222 -9944
-31222 -9944
-31224 -9938
-31224 -9938
-31226 -9932
-31226 -9932
-31228 -9926
-31228 -9926
-31230 -9920
-31230 -9920
-31232 -9914
-31232 -9914
-31234 -9908
-31234 -9908
-31236 -9902
-31236 -9902
-31238 -9897
-31238 -9897
-31239 -9891
-31239 -9891
-31241 -9885
-31241 -9885
-31243 -9879
-31243 -9879
-31245 -9873
-31245 -9873
-31247 -9867
-31247 -9867
-31249 -9861
-31249 -9861
-31251 -9855
-31251 -9855
-31253 -9849
-31253 -9849
-31255 -9843
-31255 -9843
-31256 -9837
-31256 -9837
-31258 -9831
-31258 -9831
-31260 -9825
-31260 -9825
-31262 -9819
-31262 -9819
-31264 -9813
-31264 -9813
-31266 -9807
-31266 -9807
-31268 -9801
-31268 -9801
-31270 -9795
-31270 -9795
-31272 -9789
-31272 -9789
-31274 -9783
-31274 -9783
-31275 -9777
-31275 -9777
-31277 -9771
-31277 -9771
-31279 -9765
-31279 -9765
-31281 -9759
-31281 -9759
-31283 -9753
-31283 -9753
-31285 -9747
-31285 -9747
-31287 -9741
-31287 -9741
-31289 -9735
-31289 -9735
-31291 -9729
-31291 -9729
-31293 -9723
-31293 -9723
-31294 -9717
-31294 -9717
-31296 -9711
-31296 -9711
-31298 -9705
-31298 -9705
-31300 -9699
-31300 -9699
-31302 -9693
-31302 -9693
-31304 -9687
-31304 -9687
-31306 -9681
-31306 -9681
-31308 -9675
-31308 -9675
-31310 -9669
-31310 -9669
-31311 -9663
-31311 -9663
-31312 -9657
-31312 -9657
-31314 -9651
-31314 -9651
-31316 -9644
-31316 -9644
-31318 -9638
-31318 -9638
-31320 -9632
-31320 -9632
-31322 -9626
-31322 -9626
-31324 -9620
-31324 -9620
-31326 -9614
-31326 -9614
-31328 -9608
-31328 -9608
-31330 -9602
-31330 -9602
-31331 -9596
-31331 -9596
-31333 -9590
-31333 -9590
-31335 -9584
-31335 -9584
-31337 -9578
-31337 -9578
-31339 -9572
-31339 -9572
-31341 -9566
-31341 -9566
-31343 -9560
-31343 -9560
-31344 -9554
-31344 -9554
-31346 -9548
-31346 -9548
-31348 -9542
-31348 -9542
-31349 -9536
-31349 -9536
-31351 -9530
-31351 -9530
-31353 -9524
-31353 -9524
-31355 -9518
-31355 -9518
-31357 -9512
-31357 -9512
-31359 -9506
-31359 -9506
-31361 -9500
-31361 -9500
-31362 -9494
-31362 -9494
-31364 -9488
-31364 -9488
-31366 -9482
-31366 -9482
-31368 -9476
-31368 -9476
-31369 -9470
-31369 -9470
-31372 -9464
-31372 -9464
-31374 -9458
-31374 -9458
-31376 -9452
-31376 -9452
-31377 -9446
-31377 -9446
-31379 -9440
-31379 -9440
-31381 -9434
-31381 -9434
-31383 -9428
-31383 -9428
-31384 -9422
-31384 -9422
-31386 -9416
-31386 -9416
-31388 -9409
-31388 -9409
-31390 -9403
-31390 -9403
-31391 -9397
-31391 -9397
-31393 -9391
-31393 -9391
-31395 -9385
-31395 -9385
-31397 -9379
-31397 -9379
-31398 -9373
-31398 -9373
-31400 -9367
-31400 -9367
-31402 -9361
-31402 -9361
-31405 -9355
-31405 -9355
-31406 -9349
-31406 -9349
-31408 -9343
-31408 -9343
-31410 -9337
-31410 -9337
-31412 -9331
-31412 -9331
-31413 -9325
-31413 -9325
-31415 -9319
-31415 -9319
-31417 -9313
-31417 -9313
-31419 -9307
-31419 -9307
-31420 -9301
-31420 -9301
-31422 -9296
-31422 -9296
-31424 -9290
-31424 -9290
-31426 -9284
-31426 -9284
-31427 -9278
-31427 -9278
-31429 -9272
-31429 -9272
-31431 -9266
-31431 -9266
-31433 -9260
-31433 -9260
-31434 -9254
-31434 -9254
-31436 -9248
-31436 -9248
-31438 -9242
-31438 -9242
-31440 -9236
-31440 -9236
-31441 -9230
-31441 -9230
-31443 -9224
-31443 -9224
-31445 -9217
-31445 -9217
-31447 -9211
-31447 -9211
-31448 -9205
-31448 -9205
-31450 -9199
-31450 -9199
-31452 -9193
-31452 -9193
-31454 -9187
-31454 -9187
-31455 -9181
-31455 -9181
-31457 -9175
-31457 -9175
-31459 -9169
-31459 -9169
-31461 -9163
-31461 -9163
-31462 -9157
-31462 -9157
-31464 -9151
-31464 -9151
-31466 -9145
-31466 -9145
-31468 -9139
-31468 -9139
-31469 -9133
-31469 -9133
-31471 -9127
-31471 -9127
-31473 -9121
-31473 -9121
-31475 -9115
-31475 -9115
-31476 -9109
-31476 -9109
-31478 -9103
-31478 -9103
-31480 -9097
-31480 -9097
-31482 -9091
-31482 -9091
-31483 -9085
-31483 -9085
-31485 -9079
-31485 -9079
-31487 -9073
-31487 -9073
-31489 -9067
-31489 -9067
-31490 -9061
-31490 -9061
-31492 -9055
-31492 -9055
-31494 -9049
-31494 -9049
-31496 -9043
-31496 -9043
-31497 -9037
-31497 -9037
-31499 -9031
-31499 -9031
-31501 -9024
-31501 -9024
-31503 -9018
-31503 -9018
-31504 -9012
-31504 -9012
-31506 -9006
-31506 -9006
-31508 -9000
-31508 -9000
-31510 -8994
-31510 -8994
-31511 -8988
-31511 -8988
-31513 -8982
-31513 -8982
-31515 -8976
-31515 -8976
-31517 -8970
-31517 -8970
-31518 -8964
-31518 -8964
-31520 -8958
-31520 -8958
-31522 -8951
-31522 -8951
-31524 -8945
-31524 -8945
-31525 -8939
-31525 -8939
-31527 -8933
-31527 -8933
-31529 -8927
-31529 -8927
-31531 -8921
-31531 -8921
-31532 -8915
-31532 -8915
-31534 -8909
-31534 -8909
-31536 -8903
-31536 -8903
-31538 -8897
-31538 -8897
-31538 -8891
-31538 -8891
-31540 -8885
-31540 -8885
-31542 -8879
-31542 -8879
-31544 -8873
-31544 -8873
-31545 -8867
-31545 -8867
-31547 -8861
-31547 -8861
-31549 -8855
-31549 -8855
-31551 -8849
-31551 -8849
-31552 -8843
-31552 -8843
-31554 -8837
-31554 -8837
-31556 -8830
-31556 -8830
-31558 -8824
-31558 -8824
-31559 -8818
-31559 -8818
-31561 -8812
-31561 -8812
-31563 -8806
-31563 -8806
-31565 -8800
-31565 -8800
-31566 -8794
-31566 -8794
-31568 -8788
-31568 -8788
-31569 -8782
-31569 -8782
-31571 -8776
-31571 -8776
-31572 -8770
-31572 -8770
-31574 -8764
-31574 -8764
-31576 -8758
-31576 -8758
-31578 -8752
-31578 -8752
-31579 -8746
-31579 -8746
-31581 -8740
-31581 -8740
-31583 -8734
-31583 -8734
-31584 -8728
-31584 -8728
-31586 -8722
-31586 -8722
-31587 -8716
-31587 -8716
-31589 -8710
-31589 -8710
-31591 -8704
-31591 -8704
-31592 -8697
-31592 -8697
-31595 -8691
-31595 -8691
-31596 -8685
-31596 -8685
-31598 -8679
-31598 -8679
-31600 -8673
-31600 -8673
-31601 -8667
-31601 -8667
-31603 -8661
-31603 -8661
-31604 -8655
-31604 -8655
-31606 -8649
-31606 -8649
-31608 -8643
-31608 -8643
-31609 -8637
-31609 -8637
-31611 -8631
-31611 -8631
-31612 -8625
-31612 -8625
-31614 -8618
-31614 -8618
-31616 -8612
-31616 -8612
-31617 -8606
-31617 -8606
-31619 -8600
-31619 -8600
-31620 -8594
-31620 -8594
-31622 -8588
-31622 -8588
-31625 -8582
-31625 -8582
-31626 -8576
-31626 -8576
-31628 -8571
-31628 -8571
-31629 -8565
-31629 -8565
-31631 -8559
-31631 -8559
-31633 -8553
-31633 -8553
-31634 -8547
-31634 -8547
-31636 -8540
-31636 -8540
-31637 -8534
-31637 -8534
-31639 -8528
-31639 -8528
-31641 -8522
-31641 -8522
-31642 -8516
-31642 -8516
-31644 -8510
-31644 -8510
-31645 -8504
-31645 -8504
-31647 -8498
-31647 -8498
-31649 -8492
-31649 -8492
-31650 -8486
-31650 -8486
-31652 -8480
-31652 -8480
-31653 -8474
-31653 -8474
-31655 -8467
-31655 -8467
-31657 -8461
-31657 -8461
-31658 -8455
-31658 -8455
-31660 -8449
-31660 -8449
-31661 -8443
-31661 -8443
-31663 -8437
-31663 -8437
-31665 -8431
-31665 -8431
-31666 -8425
-31666 -8425
-31668 -8419
-31668 -8419
-31669 -8413
-31669 -8413
-31671 -8407
-31671 -8407
-31673 -8401
-31673 -8401
-31674 -8395
-31674 -8395
-31676 -8388
-31676 -8388
-31677 -8382
-31677 -8382
-31679 -8376
-31679 -8376
-31681 -8370
-31681 -8370
-31682 -8364
-31682 -8364
-31684 -8358
-31684 -8358
-31686 -8352
-31686 -8352
-31687 -8346
-31687 -8346
-31689 -8340
-31689 -8340
-31690 -8334
-31690 -8334
-31692 -8328
-31692 -8328
-31694 -8322
-31694 -8322
-31695 -8316
-31695 -8316
-31697 -8309
-31697 -8309
-31698 -8303
-31698 -8303
-31700 -8297
-31700 -8297
-31702 -8291
-31702 -8291
-31703 -8285
-31703 -8285
-31705 -8279
-31705 -8279
-31706 -8273
-31706 -8273
-31708 -8267
-31708 -8267
-31710 -8261
-31710 -8261
-31711 -8255
-31711 -8255
-31713 -8249
-31713 -8249
-31714 -8243
-31714 -8243
-31716 -8237
-31716 -8237
-31718 -8230
-31718 -8230
-31719 -8224
-31719 -8224
-31721 -8218
-31721 -8218
-31722 -8212
-31722 -8212
-31724 -8206
-31724 -8206
-31726 -8200
-31726 -8200
-31727 -8194
-31727 -8194
-31729 -8188
-31729 -8188
-31730 -8182
-31730 -8182
-31732 -8176
-31732 -8176
-31734 -8170
-31734 -8170
-31735 -8164
-31735 -8164
-31737 -8158
-31737 -8158
-31738 -8151
-31738 -8151
-31740 -8145
-31740 -8145
-31742 -8139
-31742 -8139
-31743 -8133
-31743 -8133
-31745 -8126
-31745 -8126
-31746 -8120
-31746 -8120
-31747 -8114
-31747 -8114
-31749 -8108
-31749 -8108
-31750 -8102
-31750 -8102
-31752 -8096
-31752 -8096
-31753 -8090
-31753 -8090
-31755 -8084
-31755 -8084
-31757 -8077
-31757 -8077
-31758 -8071
-31758 -8071
-31760 -8065
-31760 -8065
-31761 -8059
-31761 -8059
-31763 -8053
-31763 -8053
-31765 -8047
-31765 -8047
-31766 -8041
-31766 -8041
-31768 -8035
-31768 -8035
-31769 -8029
-31769 -8029
-31771 -8023
-31771 -8023
-31773 -8017
-31773 -8017
-31774 -8011
-31774 -8011
-31775 -8005
-31775 -8005
-31776 -7998
-31776 -7998
-31778 -7992
-31778 -7992
-31780 -7986
-31780 -7986
-31781 -7980
-31781 -7980
-31783 -7974
-31783 -7974
-31784 -7968
-31784 -7968
-31786 -7962
-31786 -7962
-31787 -7956
-31787 -7956
-31789 -7950
-31789 -7950
-31790 -7944
-31790 -7944
-31792 -7938
-31792 -7938
-31793 -7931
-31793 -7931
-31795 -7925
-31795 -7925
-31797 -7919
-31797 -7919
-31799 -7913
-31799 -7913
-31800 -7907
-31800 -7907
-31802 -7901
-31802 -7901
-31803 -7895
-31803 -7895
-31804 -7889
-31804 -7889
-31806 -7883
-31806 -7883
-31807 -7876
-31807 -7876
-31809 -7870
-31809 -7870
-31810 -7864
-31810 -7864
-31812 -7858
-31812 -7858
-31813 -7852
-31813 -7852
-31815 -7846
-31815 -7846
-31816 -7840
-31816 -7840
-31818 -7834
-31818 -7834
-31819 -7828
-31819 -7828
-31820 -7821
-31820 -7821
-31823 -7815
-31823 -7815
-31824 -7809
-31824 -7809
-31826 -7803
-31826 -7803
-31827 -7797
-31827 -7797
-31829 -7791
-31829 -7791
-31830 -7785
-31830 -7785
-31832 -7779
-31832 -7779
-31833 -7773
-31833 -7773
-31835 -7767
-31835 -7767
-31836 -7760
-31836 -7760
-31837 -7754
-31837 -7754
-31839 -7748
-31839 -7748
-31840 -7742
-31840 -7742
-31842 -7736
-31842 -7736
-31843 -7730
-31843 -7730
-31845 -7724
-31845 -7724
-31846 -7718
-31846 -7718
-31848 -7712
-31848 -7712
-31849 -7705
-31849 -7705
-31850 -7699
-31850 -7699
-31852 -7693
-31852 -7693
-31853 -7687
-31853 -7687
-31855 -7681
-31855 -7681
-31856 -7675
-31856 -7675
-31858 -7669
-31858 -7669
-31859 -7663
-31859 -7663
-31861 -7657
-31861 -7657
-31862 -7650
-31862 -7650
-31864 -7644
-31864 -7644
-31865 -7638
-31865 -7638
-31866 -7632
-31866 -7632
-31868 -7626
-31868 -7626
-31869 -7620
-31869 -7620
-31871 -7614
-31871 -7614
-31872 -7608
-31872 -7608
-31874 -7602
-31874 -7602
-31875 -7595
-31875 -7595
-31877 -7589
-31877 -7589
-31878 -7583
-31878 -7583
-31880 -7577
-31880 -7577
-31882 -7572
-31882 -7572
-31882 -7565
-31882 -7565
-31884 -7559
-31884 -7559
-31885 -7553
-31885 -7553
-31887 -7547
-31887 -7547
-31888 -7540
-31888 -7540
-31890 -7534
-31890 -7534
-31891 -7528
-31891 -7528
-31893 -7522
-31893 -7522
-31894 -7516
-31894 -7516
-31896 -7510
-31896 -7510
-31897 -7504
-31897 -7504
-31898 -7498
-31898 -7498
-31900 -7492
-31900 -7492
-31901 -7485
-31901 -7485
-31903 -7479
-31903 -7479
-31904 -7473
-31904 -7473
-31906 -7467
-31906 -7467
-31907 -7461
-31907 -7461
-31909 -7455
-31909 -7455
-31910 -7449
-31910 -7449
-31912 -7443
-31912 -7443
-31913 -7437
-31913 -7437
-31914 -7430
-31914 -7430
-31916 -7424
-31916 -7424
-31917 -7418
-31917 -7418
-31919 -7412
-31919 -7412
-31920 -7406
-31920 -7406
-31922 -7400
-31922 -7400
-31923 -7394
-31923 -7394
-31925 -7388
-31925 -7388
-31926 -7382
-31926 -7382
-31928 -7376
-31928 -7376
-31929 -7369
-31929 -7369
-31930 -7363
-31930 -7363
-31932 -7357
-31932 -7357
-31933 -7351
-31933 -7351
-31935 -7345
-31935 -7345
-31936 -7339
-31936 -7339
-31938 -7333
-31938 -7333
-31939 -7327
-31939 -7327
-31940 -7321
-31940 -7321
-31941 -7314
-31941 -7314
-31942 -7308
-31942 -7308
-31944 -7302
-31944 -7302
-31945 -7296
-31945 -7296
-31947 -7290
-31947 -7290
-31948 -7284
-31948 -7284
-31950 -7278
-31950 -7278
-31951 -7272
-31951 -7272
-31953 -7266
-31953 -7266
-31954 -7259
-31954 -7259
-31956 -7253
-31956 -7253
-31957 -7247
-31957 -7247
-31958 -7241
-31958 -7241
-31960 -7235
-31960 -7235
-31961 -7229
-31961 -7229
-31963 -7223
-31963 -7223
-31963 -7217
-31963 -7217
-31965 -7211
-31965 -7211
-31966 -7204
-31966 -7204
-31968 -7198
-31968 -7198
-31969 -7192
-31969 -7192
-31971 -7186
-31971 -7186
-31972 -7180
-31972 -7180
-31973 -7174
-31973 -7174
-31975 -7168
-31975 -7168
-31976 -7162
-31976 -7162
-31977 -7155
-31977 -7155
-31978 -7149
-31978 -7149
-31980 -7143
-31980 -7143
-31981 -7137
-31981 -7137
-31983 -7131
-31983 -7131
-31985 -7125
-31985 -7125
-31986 -7119
-31986 -7119
-31987 -7112
-31987 -7112
-31989 -7106
-31989 -7106
-31990 -7100
-31990 -7100
-31991 -7094
-31991 -7094
-31992 -7088
-31992 -7088
-31994 -7082
-31994 -7082
-31995 -7075
-31995 -7075
-31996 -7069
-31996 -7069
-31998 -7063
-31998 -7063
-31999 -7057
-31999 -7057
-32000 -7051
-32000 -7051
-32002 -7045
-32002 -7045
-32003 -7039
-32003 -7039
-32004 -7032
-32004 -7032
-32005 -7026
-32005 -7026
-32007 -7020
-32007 -7020
-32008 -7014
-32008 -7014
-32010 -7008
-32010 -7008
-32012 -7002
-32012 -7002
-32013 -6996
-32013 -6996
-32014 -6989
-32014 -6989
-32016 -6983
-32016 -6983
-32017 -6977
-32017 -6977
-32018 -6971
-32018 -6971
-32019 -6965
-32019 -6965
-32021 -6960
-32021 -6960
-32022 -6954
-32022 -6954
-32023 -6947
-32023 -6947
-32025 -6941
-32025 -6941
-32026 -6935
-32026 -6935
-32027 -6929
-32027 -6929
-32028 -6923
-32028 -6923
-32030 -6917
-32030 -6917
-32031 -6910
-32031 -6910
-32032 -6904
-32032 -6904
-32034 -6898
-32034 -6898
-32035 -6892
-32035 -6892
-32036 -6886
-32036 -6886
-32038 -6880
-32038 -6880
-32039 -6874
-32039 -6874
-32040 -6867
-32040 -6867
-32041 -6861
-32041 -6861
-32043 -6855
-32043 -6855
-32044 -6849
-32044 -6849
-32045 -6843
-32045 -6843
-32047 -6837
-32047 -6837
-32048 -6831
-32048 -6831
-32049 -6824
-32049 -6824
-32051 -6818
-32051 -6818
-32052 -6812
-32052 -6812
-32053 -6806
-32053 -6806
-32054 -6800
-32054 -6800
-32056 -6794
-32056 -6794
-32057 -6788
-32057 -6788
-32058 -6781
-32058 -6781
-32060 -6775
-32060 -6775
-32061 -6769
-32061 -6769
-32062 -6763
-32062 -6763
-32063 -6757
-32063 -6757
-32065 -6751
-32065 -6751
-32066 -6744
-32066 -6744
-32067 -6738
-32067 -6738
-32069 -6732
-32069 -6732
-32070 -6726
-32070 -6726
-32071 -6720
-32071 -6720
-32073 -6714
-32073 -6714
-32074 -6708
-32074 -6708
-32075 -6701
-32075 -6701
-32076 -6695
-32076 -6695
-32078 -6689
-32078 -6689
-32079 -6683
-32079 -6683
-32080 -6677
-32080 -6677
-32082 -6671
-32082 -6671
-32083 -6665
-32083 -6665
-32084 -6658
-32084 -6658
-32086 -6652
-32086 -6652
-32087 -6646
-32087 -6646
-32088 -6640
-32088 -6640
-32089 -6634
-32089 -6634
-32091 -6628
-32091 -6628
-32092 -6621
-32092 -6621
-32093 -6615
-32093 -6615
-32095 -6608
-32095 -6608
-32096 -6602
-32096 -6602
-32097 -6596
-32097 -6596
-32099 -6590
-32099 -6590
-32100 -6584
-32100 -6584
-32101 -6577
-32101 -6577
-32102 -6571
-32102 -6571
-32104 -6565
-32104 -6565
-32104 -6559
-32104 -6559
-32105 -6553
-32105 -6553
-32107 -6547
-32107 -6547
-32108 -6541
-32108 -6541
-32109 -6534
-32109 -6534
-32110 -6528
-32110 -6528
-32112 -6522
-32112 -6522
-32113 -6516
-32113 -6516
-32114 -6510
-32114 -6510
-32116 -6504
-32116 -6504
-32117 -6498
-32117 -6498
-32118 -6491
-32118 -6491
-32120 -6485
-32120 -6485
-32121 -6479
-32121 -6479
-32122 -6473
-32122 -6473
-32123 -6467
-32123 -6467
-32125 -6461
-32125 -6461
-32126 -6454
-32126 -6454
-32127 -6448
-32127 -6448
-32129 -6442
-32129 -6442
-32129 -6436
-32129 -6436
-32130 -6430
-32130 -6430
-32132 -6424
-32132 -6424
-32133 -6418
-32133 -6418
-32134 -6411
-32134 -6411
-32135 -6405
-32135 -6405
-32137 -6399
-32137 -6399
-32138 -6393
-32138 -6393
-32139 -6387
-32139 -6387
-32140 -6381
-32140 -6381
-32141 -6374
-32141 -6374
-32143 -6368
-32143 -6368
-32144 -6362
-32144 -6362
-32145 -6356
-32145 -6356
-32147 -6350
-32147 -6350
-32148 -6344
-32148 -6344
-32149 -6337
-32149 -6337
-32151 -6331
-32151 -6331
-32152 -6325
-32152 -6325
-32153 -6319
-32153 -6319
-32154 -6313
-32154 -6313
-32155 -6306
-32155 -6306
-32156 -6300
-32156 -6300
-32158 -6294
-32158 -6294
-32159 -6288
-32159 -6288
-32160 -6282
-32160 -6282
-32161 -6276
-32161 -6276
-32162 -6269
-32162 -6269
-32163 -6263
-32163 -6263
-32164 -6257
-32164 -6257
-32167 -6251
-32167 -6251
-32168 -6245
-32168 -6245
-32169 -6239
-32169 -6239
-32170 -6232
-32170 -6232
-32171 -6226
-32171 -6226
-32172 -6220
-32172 -6220
-32174 -6214
-32174 -6214
-32175 -6208
-32175 -6208
-32176 -6201
-32176 -6201
-32177 -6195
-32177 -6195
-32178 -6189
-32178 -6189
-32179 -6183
-32179 -6183
-32180 -6177
-32180 -6177
-32182 -6171
-32182 -6171
-32183 -6164
-32183 -6164
-32184 -6158
-32184 -6158
-32185 -6152
-32185 -6152
-32186 -6146
-32186 -6146
-32187 -6140
-32187 -6140
-32189 -6133
-32189 -6133
-32190 -6127
-32190 -6127
-32191 -6121
-32191 -6121
-32192 -6115
-32192 -6115
-32193 -6109
-32193 -6109
-32194 -6103
-32194 -6103
-32196 -6096
-32196 -6096
-32197 -6090
-32197 -6090
-32198 -6084
-32198 -6084
-32200 -6078
-32200 -6078
-32201 -6072
-32201 -6072
-32202 -6065
-32202 -6065
-32203 -6059
-32203 -6059
-32205 -6053
-32205 -6053
-32206 -6047
-32206 -6047
-32207 -6041
-32207 -6041
-32208 -6035
-32208 -6035
-32209 -6028
-32209 -6028
-32210 -6022
-32210 -6022
-32212 -6016
-32212 -6016
-32213 -6010
-32213 -6010
-32214 -6004
-32214 -6004
-32215 -5999
-32215 -5999
-32216 -5991
-32216 -5991
-32217 -5985
-32217 -5985
-32218 -5979
-32218 -5979
-32220 -5973
-32220 -5973
-32221 -5967
-32221 -5967
-32222 -5960
-32222 -5960
-32223 -5954
-32223 -5954
-32224 -5948
-32224 -5948
-32225 -5942
-32225 -5942
-32227 -5936
-32227 -5936
-32228 -5930
-32228 -5930
-32229 -5923
-32229 -5923
-32230 -5917
-32230 -5917
-32230 -5911
-32230 -5911
-32231 -5905
-32231 -5905
-32233 -5899
-32233 -5899
-32234 -5892
-32234 -5892
-32235 -5886
-32235 -5886
-32236 -5880
-32236 -5880
-32237 -5874
-32237 -5874
-32238 -5868
-32238 -5868
-32239 -5862
-32239 -5862
-32241 -5855
-32241 -5855
-32242 -5849
-32242 -5849
-32243 -5843
-32243 -5843
-32244 -5837
-32244 -5837
-32245 -5831
-32245 -5831
-32246 -5824
-32246 -5824
-32248 -5818
-32248 -5818
-32249 -5812
-32249 -5812
-32250 -5806
-32250 -5806
-32251 -5800
-32251 -5800
-32252 -5794
-32252 -5794
-32253 -5787
-32253 -5787
-32254 -5781
-32254 -5781
-32256 -5775
-32256 -5775
-32257 -5769
-32257 -5769
-32258 -5763
-32258 -5763
-32259 -5756
-32259 -5756
-32260 -5750
-32260 -5750
-32261 -5744
-32261 -5744
-32262 -5738
-32262 -5738
-32263 -5732
-32263 -5732
-32264 -5726
-32264 -5726
-32265 -5719
-32265 -5719
-32266 -5713
-32266 -5713
-32267 -5707
-32267 -5707
-32269 -5701
-32269 -5701
-32270 -5695
-32270 -5695
-32271 -5689
-32271 -5689
-32272 -5682
-32272 -5682
-32273 -5676
-32273 -5676
-32274 -5670
-32274 -5670
-32275 -5664
-32275 -5664
-32277 -5658
-32277 -5658
-32278 -5651
-32278 -5651
-32279 -5645
-32279 -5645
-32279 -5639
-32279 -5639
-32280 -5633
-32280 -5633
-32281 -5627
-32281 -5627
-32283 -5621
-32283 -5621
-32284 -5614
-32284 -5614
-32285 -5608
-32285 -5608
-32286 -5602
-32286 -5602
-32287 -5596
-32287 -5596
-32288 -5590
-32288 -5590
-32289 -5583
-32289 -5583
-32290 -5577
-32290 -5577
-32291 -5571
-32291 -5571
-32292 -5565
-32292 -5565
-32293 -5559
-32293 -5559
-32295 -5552
-32295 -5552
-32296 -5546
-32296 -5546
-32297 -5540
-32297 -5540
-32298 -5534
-32298 -5534
-32299 -5528
-32299 -5528
-32300 -5521
-32300 -5521
-32301 -5515
-32301 -5515
-32302 -5509
-32302 -5509
-32303 -5503
-32303 -5503
-32304 -5497
-32304 -5497
-32305 -5490
-32305 -5490
-32306 -5484
-32306 -5484
-32307 -5478
-32307 -5478
-32308 -5472
-32308 -5472
-32309 -5466
-32309 -5466
-32310 -5459
-32310 -5459
-32311 -5453
-32311 -5453
-32312 -5447
-32312 -5447
-32313 -5441
-32313 -5441
-32314 -5435
-32314 -5435
-32316 -5428
-32316 -5428
-32317 -5422
-32317 -5422
-32318 -5416
-32318 -5416
-32319 -5410
-32319 -5410
-32320 -5404
-32320 -5404
-32321 -5397
-32321 -5397
-32322 -5391
-32322 -5391
-32323 -5385
-32323 -5385
-32324 -5379
-32324 -5379
-32325 -5372
-32325 -5372
-32326 -5366
-32326 -5366
-32327 -5360
-32327 -5360
-32328 -5354
-32328 -5354
-32329 -5348
-32329 -5348
-32330 -5341
-32330 -5341
-32331 -5335
-32331 -5335
-32332 -5329
-32332 -5329
-32333 -5323
-32333 -5323
-32334 -5317
-32334 -5317
-32335 -5310
-32335 -5310
-32336 -5304
-32336 -5304
-32337 -5298
-32337 -5298
-32338 -5292
-32338 -5292
-32339 -5286
-32339 -5286
-32340 -5279
-32340 -5279
-32341 -5273
-32341 -5273
-32342 -5267
-32342 -5267
-32343 -5261
-32343 -5261
-32344 -5255
-32344 -5255
-32345 -5248
-32345 -5248
-32346 -5242
-32346 -5242
-32347 -5236
-32347 -5236
-32348 -5230
-32348 -5230
-32349 -5224
-32349 -5224
-32350 -5217
-32350 -5217
-32351 -5211
-32351 -5211
-32352 -5205
-32352 -5205
-32352 -5199
-32352 -5199
-32353 -5193
-32353 -5193
-32354 -5186
-32354 -5186
-32355 -5180
-32355 -5180
-32356 -5174
-32356 -5174
-32357 -5168
-32357 -5168
-32358 -5162
-32358 -5162
-32359 -5155
-32359 -5155
-32360 -5149
-32360 -5149
-32361 -5143
-32361 -5143
-32362 -5137
-32362 -5137
-32363 -5131
-32363 -5131
-32364 -5124
-32364 -5124
-32365 -5118
-32365 -5118
-32366 -5112
-32366 -5112
-32367 -5106
-32367 -5106
-32368 -5100
-32368 -5100
-32369 -5093
-32369 -5093
-32370 -5087
-32370 -5087
-32371 -5081
-32371 -5081
-32372 -5075
-32372 -5075
-32373 -5069
-32373 -5069
-32374 -5062
-32374 -5062
-32375 -5056
-32375 -5056
-32376 -5050
-32376 -5050
-32377 -5044
-32377 -5044
-32378 -5038
-32378 -5038
-32379 -5031
-32379 -5031
-32380 -5025
-32380 -5025
-32381 -5019
-32381 -5019
-32382 -5013
-32382 -5013
-32383 -5007
-32383 -5007
-32384 -5000
-32384 -5000
-32385 -4994
-32385 -4994
-32386 -4988
-32386 -4988
-32387 -4982
-32387 -4982
-32387 -4975
-32387 -4975
-32388 -4969
-32388 -4969
-32389 -4963
-32389 -4963
-32390 -4957
-32390 -4957
-32391 -4951
-32391 -4951
-32392 -4944
-32392 -4944
-32393 -4938
-32393 -4938
-32394 -4932
-32394 -4932
-32395 -4926
-32395 -4926
-32396 -4920
-32396 -4920
-32397 -4913
-32397 -4913
-32398 -4907
-32398 -4907
-32399 -4901
-32399 -4901
-32400 -4895
-32400 -4895
-32401 -4889
-32401 -4889
-32402 -4882
-32402 -4882
-32403 -4876
-32403 -4876
-32404 -4870
-32404 -4870
-32405 -4864
-32405 -4864
-32406 -4858
-32406 -4858
-32406 -4851
-32406 -4851
-32407 -4845
-32407 -4845
-32408 -4839
-32408 -4839
-32409 -4833
-32409 -4833
-32410 -4827
-32410 -4827
-32411 -4820
-32411 -4820
-32412 -4814
-32412 -4814
-32413 -4808
-32413 -4808
-32414 -4802
-32414 -4802
-32415 -4796
-32415 -4796
-32416 -4789
-32416 -4789
-32416 -4783
-32416 -4783
-32417 -4777
-32417 -4777
-32418 -4771
-32418 -4771
-32420 -4764
-32420 -4764
-32421 -4758
-32421 -4758
-32422 -4752
-32422 -4752
-32423 -4746
-32423 -4746
-32423 -4740
-32423 -4740
-32424 -4733
-32424 -4733
-32425 -4727
-32425 -4727
-32426 -4721
-32426 -4721
-32427 -4715
-32427 -4715
-32428 -4708
-32428 -4708
-32428 -4702
-32428 -4702
-32429 -4696
-32429 -4696
-32430 -4690
-32430 -4690
-32431 -4683
-32431 -4683
-32432 -4677
-32432 -4677
-32433 -4671
-32433 -4671
-32435 -4665
-32435 -4665
-32435 -4659
-32435 -4659
-32436 -4652
-32436 -4652
-32437 -4646
-32437 -4646
-32438 -4640
-32438 -4640
-32439 -4634
-32439 -4634
-32440 -4627
-32440 -4627
-32441 -4621
-32441 -4621
-32441 -4615
-32441 -4615
-32442 -4609
-32442 -4609
-32443 -4603
-32443 -4603
-32444 -4596
-32444 -4596
-32445 -4590
-32445 -4590
-32446 -4584
-32446 -4584
-32447 -4578
-32447 -4578
-32447 -4571
-32447 -4571
-32448 -4565
-32448 -4565
-32449 -4559
-32449 -4559
-32450 -4553
-32450 -4553
-32451 -4546
-32451 -4546
-32452 -4540
-32452 -4540
-32452 -4534
-32452 -4534
-32453 -4528
-32453 -4528
-32454 -4522
-32454 -4522
-32455 -4515
-32455 -4515
-32456 -4509
-32456 -4509
-32457 -4503
-32457 -4503
-32458 -4497
-32458 -4497
-32459 -4490
-32459 -4490
-32460 -4484
-32460 -4484
-32461 -4478
-32461 -4478
-32462 -4472
-32462 -4472
-32463 -4466
-32463 -4466
-32464 -4459
-32464 -4459
-32465 -4453
-32465 -4453
-32465 -4447
-32465 -4447
-32466 -4441
-32466 -4441
-32467 -4434
-32467 -4434
-32468 -4428
-32468 -4428
-32469 -4422
-32469 -4422
-32470 -4416
-32470 -4416
-32471 -4410
-32471 -4410
-32471 -4403
-32471 -4403
-32472 -4397
-32472 -4397
-32473 -4391
-32473 -4391
-32474 -4385
-32474 -4385
-32475 -4378
-32475 -4378
-32476 -4372
-32476 -4372
-32476 -4366
-32476 -4366
-32477 -4360
-32477 -4360
-32478 -4353
-32478 -4353
-32479 -4347
-32479 -4347
-32480 -4341
-32480 -4341
-32481 -4335
-32481 -4335
-32482 -4329
-32482 -4329
-32481 -4322
-32481 -4322
-32482 -4316
-32482 -4316
-32483 -4310
-32483 -4310
-32484 -4304
-32484 -4304
-32485 -4297
-32485 -4297
-32486 -4291
-32486 -4291
-32487 -4285
-32487 -4285
-32487 -4279
-32487 -4279
-32488 -4273
-32488 -4273
-32489 -4266
-32489 -4266
-32490 -4260
-32490 -4260
-32491 -4254
-32491 -4254
-32492 -4248
-32492 -4248
-32492 -4241
-32492 -4241
-32493 -4235
-32493 -4235
-32494 -4229
-32494 -4229
-32495 -4223
-32495 -4223
-32496 -4216
-32496 -4216
-32497 -4210
-32497 -4210
-32498 -4204
-32498 -4204
-32498 -4198
-32498 -4198
-32499 -4192
-32499 -4192
-32500 -4185
-32500 -4185
-32501 -4179
-32501 -4179
-32502 -4173
-32502 -4173
-32503 -4167
-32503 -4167
-32504 -4160
-32504 -4160
-32504 -4154
-32504 -4154
-32504 -4148
-32504 -4148
-32505 -4142
-32505 -4142
-32506 -4136
-32506 -4136
-32507 -4129
-32507 -4129
-32508 -4123
-32508 -4123
-32509 -4117
-32509 -4117
-32509 -4111
-32509 -4111
-32510 -4104
-32510 -4104
-32511 -4098
-32511 -4098
-32512 -4092
-32512 -4092
-32513 -4086
-32513 -4086
-32514 -4079
-32514 -4079
-32514 -4073
-32514 -4073
-32515 -4067
-32515 -4067
-32516 -4061
-32516 -4061
-32517 -4055
-32517 -4055
-32517 -4048
-32517 -4048
-32518 -4042
-32518 -4042
-32519 -4036
-32519 -4036
-32519 -4030
-32519 -4030
-32520 -4023
-32520 -4023
-32521 -4017
-32521 -4017
-32522 -4011
-32522 -4011
-32523 -4005
-32523 -4005
-32523 -3999
-32523 -3999
-32524 -3992
-32524 -3992
-32525 -3986
-32525 -3986
-32525 -3980
-32525 -3980
-32526 -3974
-32526 -3974
-32527 -3967
-32527 -3967
-32529 -3961
-32529 -3961
-32529 -3955
-32529 -3955
-32530 -3949
-32530 -3949
-32531 -3942
-32531 -3942
-32531 -3936
-32531 -3936
-32532 -3930
-32532 -3930
-32533 -3924
-32533 -3924
-32533 -3917
-32533 -3917
-32534 -3911
-32534 -3911
-32535 -3905
-32535 -3905
-32535 -3899
-32535 -3899
-32536 -3892
-32536 -3892
-32537 -3886
-32537 -3886
-32537 -3880
-32537 -3880
-32538 -3874
-32538 -3874
-32539 -3867
-32539 -3867
-32540 -3861
-32540 -3861
-32540 -3855
-32540 -3855
-32542 -3849
-32542 -3849
-32543 -3842
-32543 -3842
-32543 -3836
-32543 -3836
-32544 -3830
-32544 -3830
-32545 -3824
-32545 -3824
-32545 -3817
-32545 -3817
-32546 -3811
-32546 -3811
-32547 -3805
-32547 -3805
-32547 -3799
-32547 -3799
-32548 -3793
-32548 -3793
-32549 -3786
-32549 -3786
-32549 -3780
-32549 -3780
-32550 -3774
-32550 -3774
-32551 -3768
-32551 -3768
-32552 -3761
-32552 -3761
-32552 -3755
-32552 -3755
-32553 -3749
-32553 -3749
-32554 -3743
-32554 -3743
-32554 -3736
-32554 -3736
-32555 -3730
-32555 -3730
-32556 -3724
-32556 -3724
-32556 -3718
-32556 -3718
-32557 -3711
-32557 -3711
-32558 -3705
-32558 -3705
-32558 -3699
-32558 -3699
-32559 -3693
-32559 -3693
-32560 -3686
-32560 -3686
-32560 -3680
-32560 -3680
-32561 -3674
-32561 -3674
-32562 -3668
-32562 -3668
-32563 -3661
-32563 -3661
-32563 -3655
-32563 -3655
-32564 -3649
-32564 -3649
-32565 -3643
-32565 -3643
-32565 -3636
-32565 -3636
-32566 -3630
-32566 -3630
-32567 -3624
-32567 -3624
-32567 -3618
-32567 -3618
-32568 -3612
-32568 -3612
-32569 -3605
-32569 -3605
-32569 -3599
-32569 -3599
-32570 -3593
-32570 -3593
-32571 -3587
-32571 -3587
-32571 -3580
-32571 -3580
-32572 -3574
-32572 -3574
-32573 -3568
-32573 -3568
-32574 -3562
-32574 -3562
-32574 -3555
-32574 -3555
-32575 -3549
-32575 -3549
-32576 -3543
-32576 -3543
-32576 -3537
-32576 -3537
-32577 -3530
-32577 -3530
-32578 -3524
-32578 -3524
-32578 -3518
-32578 -3518
-32579 -3512
-32579 -3512
-32580 -3505
-32580 -3505
-32580 -3499
-32580 -3499
-32581 -3493
-32581 -3493
-32582 -3487
-32582 -3487
-32582 -3480
-32582 -3480
-32583 -3474
-32583 -3474
-32584 -3468
-32584 -3468
-32585 -3462
-32585 -3462
-32585 -3455
-32585 -3455
-32586 -3449
-32586 -3449
-32587 -3443
-32587 -3443
-32587 -3437
-32587 -3437
-32588 -3430
-32588 -3430
-32589 -3424
-32589 -3424
-32589 -3418
-32589 -3418
-32590 -3412
-32590 -3412
-32591 -3406
-32591 -3406
-32591 -3399
-32591 -3399
-32592 -3393
-32592 -3393
-32593 -3387
-32593 -3387
-32593 -3381
-32593 -3381
-32594 -3374
-32594 -3374
-32594 -3368
-32594 -3368
-32595 -3362
-32595 -3362
-32595 -3356
-32595 -3356
-32596 -3349
-32596 -3349
-32597 -3343
-32597 -3343
-32597 -3337
-32597 -3337
-32598 -3331
-32598 -3331
-32599 -3324
-32599 -3324
-32599 -3318
-32599 -3318
-32600 -3312
-32600 -3312
-32601 -3306
-32601 -3306
-32601 -3299
-32601 -3299
-32602 -3293
-32602 -3293
-32603 -3287
-32603 -3287
-32603 -3281
-32603 -3281
-32604 -3274
-32604 -3274
-32605 -3268
-32605 -3268
-32606 -3262
-32606 -3262
-32605 -3256
-32605 -3256
-32606 -3249
-32606 -3249
-32607 -3243
-32607 -3243
-32607 -3237
-32607 -3237
-32608 -3231
-32608 -3231
-32609 -3224
-32609 -3224
-32609 -3218
-32609 -3218
-32610 -3212
-32610 -3212
-32611 -3206
-32611 -3206
-32611 -3199
-32611 -3199
-32612 -3193
-32612 -3193
-32612 -3187
-32612 -3187
-32613 -3181
-32613 -3181
-32613 -3174
-32613 -3174
-32614 -3168
-32614 -3168
-32615 -3162
-32615 -3162
-32616 -3156
-32616 -3156
-32616 -3149
-32616 -3149
-32617 -3143
-32617 -3143
-32617 -3137
-32617 -3137
-32618 -3131
-32618 -3131
-32619 -3124
-32619 -3124
-32619 -3118
-32619 -3118
-32620 -3112
-32620 -3112
-32620 -3106
-32620 -3106
-32621 -3099
-32621 -3099
-32621 -3093
-32621 -3093
-32622 -3087
-32622 -3087
-32622 -3081
-32622 -3081
-32623 -3074
-32623 -3074
-32623 -3068
-32623 -3068
-32624 -3062
-32624 -3062
-32624 -3056
-32624 -3056
-32626 -3049
-32626 -3049
-32627 -3043
-32627 -3043
-32627 -3037
-32627 -3037
-32628 -3031
-32628 -3031
-32628 -3024
-32628 -3024
-32629 -3018
-32629 -3018
-32629 -3012
-32629 -3012
-32630 -3005
-32630 -3005
-32630 -2999
-32630 -2999
-32631 -2993
-32631 -2993
-32631 -2987
-32631 -2987
-32632 -2980
-32632 -2980
-32632 -2974
-32632 -2974
-32633 -2968
-32633 -2968
-32634 -2962
-32634 -2962
-32634 -2955
-32634 -2955
-32635 -2949
-32635 -2949
-32635 -2943
-32635 -2943
-32636 -2937
-32636 -2937
-32636 -2930
-32636 -2930
-32637 -2924
-32637 -2924
-32637 -2918
-32637 -2918
-32638 -2912
-32638 -2912
-32638 -2905
-32638 -2905
-32639 -2899
-32639 -2899
-32639 -2893
-32639 -2893
-32640 -2887
-32640 -2887
-32641 -2880
-32641 -2880
-32641 -2874
-32641 -2874
-32642 -2868
-32642 -2868
-32642 -2862
-32642 -2862
-32643 -2855
-32643 -2855
-32643 -2849
-32643 -2849
-32644 -2843
-32644 -2843
-32644 -2837
-32644 -2837
-32645 -2830
-32645 -2830
-32645 -2824
-32645 -2824
-32646 -2818
-32646 -2818
-32647 -2812
-32647 -2812
-32647 -2805
-32647 -2805
-32648 -2799
-32648 -2799
-32648 -2793
-32648 -2793
-32649 -2786
-32649 -2786
-32649 -2780
-32649 -2780
-32650 -2774
-32650 -2774
-32650 -2768
-32650 -2768
-32651 -2761
-32651 -2761
-32651 -2755
-32651 -2755
-32652 -2749
-32652 -2749
-32652 -2743
-32652 -2743
-32653 -2736
-32653 -2736
-32654 -2730
-32654 -2730
-32654 -2724
-32654 -2724
-32655 -2718
-32655 -2718
-32655 -2711
-32655 -2711
-32656 -2705
-32656 -2705
-32656 -2699
-32656 -2699
-32657 -2693
-32657 -2693
-32657 -2686
-32657 -2686
-32658 -2680
-32658 -2680
-32658 -2674
-32658 -2674
-32659 -2668
-32659 -2668
-32659 -2661
-32659 -2661
-32660 -2655
-32660 -2655
-32661 -2649
-32661 -2649
-32661 -2643
-32661 -2643
-32662 -2636
-32662 -2636
-32662 -2630
-32662 -2630
-32663 -2624
-32663 -2624
-32663 -2618
-32663 -2618
-32664 -2611
-32664 -2611
-32664 -2605
-32664 -2605
-32665 -2599
-32665 -2599
-32665 -2592
-32665 -2592
-32666 -2586
-32666 -2586
-32666 -2580
-32666 -2580
-32667 -2574
-32667 -2574
-32667 -2567
-32667 -2567
-32667 -2561
-32667 -2561
-32668 -2555
-32668 -2555
-32668 -2549
-32668 -2549
-32669 -2542
-32669 -2542
-32669 -2536
-32669 -2536
-32670 -2530
-32670 -2530
-32670 -2524
-32670 -2524
-32671 -2517
-32671 -2517
-32671 -2511
-32671 -2511
-32672 -2505
-32672 -2505
-32672 -2499
-32672 -2499
-32673 -2492
-32673 -2492
-32674 -2486
-32674 -2486
-32674 -2480
-32674 -2480
-32675 -2474
-32675 -2474
-32675 -2467
-32675 -2467
-32676 -2461
-32676 -2461
-32675 -2455
-32675 -2455
-32676 -2449
-32676 -2449
-32676 -2442
-32676 -2442
-32677 -2436
-32677 -2436
-32677 -2430
-32677 -2430
-32678 -2424
-32678 -2424
-32678 -2417
-32678 -2417
-32679 -2411
-32679 -2411
-32679 -2405
-32679 -2405
-32680 -2398
-32680 -2398
-32680 -2392
-32680 -2392
-32681 -2386
-32681 -2386
-32681 -2380
-32681 -2380
-32681 -2373
-32681 -2373
-32683 -2367
-32683 -2367
-32683 -2361
-32683 -2361
-32684 -2355
-32684 -2355
-32684 -2348
-32684 -2348
-32684 -2342
-32684 -2342
-32685 -2336
-32685 -2336
-32685 -2329
-32685 -2329
-32685 -2323
-32685 -2323
-32686 -2317
-32686 -2317
-32686 -2311
-32686 -2311
-32687 -2304
-32687 -2304
-32687 -2298
-32687 -2298
-32687 -2292
-32687 -2292
-32688 -2286
-32688 -2286
-32688 -2279
-32688 -2279
-32689 -2273
-32689 -2273
-32690 -2267
-32690 -2267
-32690 -2260
-32690 -2260
-32691 -2254
-32691 -2254
-32691 -2248
-32691 -2248
-32692 -2242
-32692 -2242
-32692 -2235
-32692 -2235
-32692 -2229
-32692 -2229
-32693 -2223
-32693 -2223
-32693 -2217
-32693 -2217
-32694 -2210
-32694 -2210
-32694 -2204
-32694 -2204
-32694 -2198
-32694 -2198
-32695 -2191
-32695 -2191
-32695 -2185
-32695 -2185
-32695 -2179
-32695 -2179
-32696 -2173
-32696 -2173
-32696 -2166
-32696 -2166
-32697 -2160
-32697 -2160
-32697 -2154
-32697 -2154
-32697 -2148
-32697 -2148
-32698 -2141
-32698 -2141
-32698 -2135
-32698 -2135
-32699 -2129
-32699 -2129
-32699 -2122
-32699 -2122
-32699 -2116
-32699 -2116
-32700 -2110
-32700 -2110
-32700 -2104
-32700 -2104
-32701 -2097
-32701 -2097
-32702 -2091
-32702 -2091
-32702 -2085
-32702 -2085
-32703 -2079
-32703 -2079
-32703 -2072
-32703 -2072
-32703 -2066
-32703 -2066
-32704 -2060
-32704 -2060
-32704 -2053
-32704 -2053
-32705 -2047
-32705 -2047
-32705 -2041
-32705 -2041
-32705 -2035
-32705 -2035
-32706 -2028
-32706 -2028
-32706 -2022
-32706 -2022
-32707 -2016
-32707 -2016
-32707 -2010
-32707 -2010
-32707 -2003
-32707 -2003
-32708 -1997
-32708 -1997
-32708 -1991
-32708 -1991
-32709 -1984
-32709 -1984
-32709 -1978
-32709 -1978
-32709 -1972
-32709 -1972
-32710 -1966
-32710 -1966
-32710 -1959
-32710 -1959
-32711 -1953
-32711 -1953
-32711 -1947
-32711 -1947
-32711 -1940
-32711 -1940
-32712 -1934
-32712 -1934
-32712 -1928
-32712 -1928
-32711 -1922
-32711 -1922
-32712 -1915
-32712 -1915
-32712 -1909
-32712 -1909
-32713 -1903
-32713 -1903
-32713 -1897
-32713 -1897
-32713 -1890
-32713 -1890
-32714 -1884
-32714 -1884
-32714 -1878
-32714 -1878
-32715 -1871
-32715 -1871
-32715 -1865
-32715 -1865
-32715 -1859
-32715 -1859
-32716 -1853
-32716 -1853
-32716 -1846
-32716 -1846
-32717 -1840
-32717 -1840
-32717 -1834
-32717 -1834
-32717 -1828
-32717 -1828
-32718 -1821
-32718 -1821
-32718 -1815
-32718 -1815
-32719 -1809
-32719 -1809
-32719 -1802
-32719 -1802
-32719 -1796
-32719 -1796
-32720 -1790
-32720 -1790
-32720 -1784
-32720 -1784
-32720 -1777
-32720 -1777
-32721 -1771
-32721 -1771
-32721 -1765
-32721 -1765
-32722 -1759
-32722 -1759
-32722 -1752
-32722 -1752
-32721 -1746
-32721 -1746
-32722 -1740
-32722 -1740
-32722 -1733
-32722 -1733
-32723 -1727
-32723 -1727
-32723 -1721
-32723 -1721
-32723 -1715
-32723 -1715
-32724 -1708
-32724 -1708
-32724 -1702
-32724 -1702
-32725 -1696
-32725 -1696
-32725 -1690
-32725 -1690
-32725 -1683
-32725 -1683
-32726 -1677
-32726 -1677
-32726 -1671
-32726 -1671
-32726 -1664
-32726 -1664
-32727 -1658
-32727 -1658
-32727 -1652
-32727 -1652
-32727 -1646
-32727 -1646
-32727 -1639
-32727 -1639
-32727 -1633
-32727 -1633
-32728 -1627
-32728 -1627
-32728 -1621
-32728 -1621
-32729 -1614
-32729 -1614
-32729 -1608
-32729 -1608
-32729 -1602
-32729 -1602
-32729 -1595
-32729 -1595
-32730 -1589
-32730 -1589
-32730 -1583
-32730 -1583
-32730 -1577
-32730 -1577
-32730 -1570
-32730 -1570
-32732 -1564
-32732 -1564
-32732 -1558
-32732 -1558
-32732 -1551
-32732 -1551
-32732 -1545
-32732 -1545
-32732 -1539
-32732 -1539
-32733 -1533
-32733 -1533
-32733 -1526
-32733 -1526
-32733 -1520
-32733 -1520
-32733 -1514
-32733 -1514
-32734 -1508
-32734 -1508
-32734 -1501
-32734 -1501
-32734 -1495
-32734 -1495
-32734 -1489
-32734 -1489
-32735 -1482
-32735 -1482
-32735 -1476
-32735 -1476
-32735 -1470
-32735 -1470
-32735 -1464
-32735 -1464
-32736 -1457
-32736 -1457
-32737 -1451
-32737 -1451
-32737 -1445
-32737 -1445
-32737 -1438
-32737 -1438
-32737 -1432
-32737 -1432
-32738 -1426
-32738 -1426
-32738 -1420
-32738 -1420
-32738 -1413
-32738 -1413
-32738 -1407
-32738 -1407
-32738 -1401
-32738 -1401
-32739 -1394
-32739 -1394
-32739 -1388
-32739 -1388
-32739 -1382
-32739 -1382
-32739 -1376
-32739 -1376
-32740 -1369
-32740 -1369
-32740 -1363
-32740 -1363
-32740 -1357
-32740 -1357
-32740 -1350
-32740 -1350
-32741 -1344
-32741 -1344
-32741 -1338
-32741 -1338
-32741 -1332
-32741 -1332
-32741 -1325
-32741 -1325
-32741 -1319
-32741 -1319
-32742 -1313
-32742 -1313
-32742 -1307
-32742 -1307
-32742 -1300
-32742 -1300
-32742 -1294
-32742 -1294
-32743 -1288
-32743 -1288
-32743 -1281
-32743 -1281
-32743 -1275
-32743 -1275
-32743 -1269
-32743 -1269
-32743 -1263
-32743 -1263
-32744 -1256
-32744 -1256
-32744 -1250
-32744 -1250
-32744 -1244
-32744 -1244
-32744 -1237
-32744 -1237
-32745 -1231
-32745 -1231
-32745 -1225
-32745 -1225
-32745 -1219
-32745 -1219
-32745 -1212
-32745 -1212
-32747 -1206
-32747 -1206
-32746 -1200
-32746 -1200
-32746 -1193
-32746 -1193
-32746 -1187
-32746 -1187
-32746 -1181
-32746 -1181
-32747 -1175
-32747 -1175
-32747 -1168
-32747 -1168
-32747 -1162
-32747 -1162
-32747 -1156
-32747 -1156
-32748 -1149
-32748 -1149
-32748 -1143
-32748 -1143
-32748 -1137
-32748 -1137
-32748 -1131
-32748 -1131
-32748 -1124
-32748 -1124
-32749 -1118
-32749 -1118
-32749 -1112
-32749 -1112
-32749 -1106
-32749 -1106
-32749 -1099
-32749 -1099
-32750 -1093
-32750 -1093
-32750 -1087
-32750 -1087
-32750 -1080
-32750 -1080
-32750 -1074
-32750 -1074
-32750 -1068
-32750 -1068
-32751 -1062
-32751 -1062
-32751 -1055
-32751 -1055
-32751 -1049
-32751 -1049
-32751 -1043
-32751 -1043
-32752 -1036
-32752 -1036
-32752 -1030
-32752 -1030
-32752 -1024
-32752 -1024
-32752 -1018
-32752 -1018
-32753 -1011
-32753 -1011
-32753 -1005
-32753 -1005
-32753 -999
-32753 -999
-32753 -992
-32753 -992
-32753 -986
-32753 -986
-32754 -980
-32754 -980
-32754 -974
-32754 -974
-32754 -967
-32754 -967
-32754 -961
-32754 -961
-32755 -955
-32755 -955
-32754 -948
-32754 -948
-32754 -942
-32754 -942
-32754 -936
-32754 -936
-32754 -930
-32754 -930
-32755 -923
-32755 -923
-32755 -917
-32755 -917
-32755 -911
-32755 -911
-32755 -905
-32755 -905
-32756 -898
-32756 -898
-32756 -892
-32756 -892
-32756 -886
-32756 -886
-32756 -879
-32756 -879
-32757 -873
-32757 -873
-32757 -867
-32757 -867
-32757 -861
-32757 -861
-32757 -854
-32757 -854
-32757 -848
-32757 -848
-32757 -842
-32757 -842
-32757 -835
-32757 -835
-32757 -829
-32757 -829
-32757 -823
-32757 -823
-32758 -817
-32758 -817
-32758 -810
-32758 -810
-32758 -804
-32758 -804
-32758 -798
-32758 -798
-32758 -791
-32758 -791
-32758 -785
-32758 -785
-32758 -779
-32758 -779
-32758 -773
-32758 -773
-32758 -766
-32758 -766
-32758 -760
-32758 -760
-32760 -754
-32760 -754
-32760 -747
-32760 -747
-32760 -741
-32760 -741
-32760 -735
-32760 -735
-32760 -729
-32760 -729
-32760 -722
-32760 -722
-32760 -716
-32760 -716
-32760 -710
-32760 -710
-32760 -704
-32760 -704
-32760 -697
-32760 -697
-32760 -691
-32760 -691
-32760 -685
-32760 -685
-32760 -678
-32760 -678
-32760 -672
-32760 -672
-32761 -666
-32761 -666
-32761 -660
-32761 -660
-32761 -653
-32761 -653
-32761 -647
-32761 -647
-32761 -641
-32761 -641
-32761 -634
-32761 -634
-32762 -628
-32762 -628
-32762 -622
-32762 -622
-32762 -616
-32762 -616
-32762 -609
-32762 -609
-32762 -603
-32762 -603
-32762 -597
-32762 -597
-32762 -590
-32762 -590
-32762 -584
-32762 -584
-32763 -578
-32763 -578
-32763 -572
-32763 -572
-32763 -565
-32763 -565
-32763 -559
-32763 -559
-32763 -553
-32763 -553
-32763 -546
-32763 -546
-32763 -540
-32763 -540
-32763 -534
-32763 -534
-32763 -528
-32763 -528
-32763 -521
-32763 -521
-32763 -515
-32763 -515
-32763 -509
-32763 -509
-32763 -503
-32763 -503
-32763 -496
-32763 -496
-32764 -490
-32764 -490
-32764 -484
-32764 -484
-32764 -477
-32764 -477
-32764 -471
-32764 -471
-32764 -465
-32764 -465
-32764 -459
-32764 -459
-32764 -452
-32764 -452
-32764 -446
-32764 -446
-32764 -440
-32764 -440
-32764 -433
-32764 -433
-32764 -427
-32764 -427
-32764 -421
-32764 -421
-32764 -415
-32764 -415
-32764 -408
-32764 -408
-32765 -402
-32765 -402
-32765 -396
-32765 -396
-32765 -389
-32765 -389
-32765 -383
-32765 -383
-32765 -377
-32765 -377
-32765 -371
-32765 -371
-32765 -364
-32765 -364
-32765 -358
-32765 -358
-32765 -352
-32765 -352
-32765 -345
-32765 -345
-32765 -339
-32765 -339
-32765 -333
-32765 -333
-32765 -327
-32765 -327
-32765 -320
-32765 -320
-32765 -314
-32765 -314
-32766 -308
-32766 -308
-32766 -302
-32766 -302
-32766 -295
-32766 -295
-32766 -289
-32766 -289
-32766 -283
-32766 -283
-32766 -276
-32766 -276
-32766 -270
-32766 -270
-32766 -264
-32766 -264
-32766 -258
-32766 -258
-32766 -251
-32766 -251
-32766 -245
-32766 -245
-32766 -239
-32766 -239
-32766 -232
-32766 -232
-32766 -226
-32766 -226
-32767 -220
-32767 -220
-32767 -214
-32767 -214
-32767 -207
-32767 -207
-32767 -201
-32767 -201
-32767 -195
-32767 -195
-32767 -188
-32767 -188
-32767 -182
-32767 -182
-32767 -176
-32767 -176
-32766 -170
-32766 -170
-32766 -163
-32766 -163
-32766 -157
-32766 -157
-32766 -151
-32766 -151
-32766 -144
-32766 -144
-32766 -138
-32766 -138
-32767 -132
-32767 -132
-32767 -126
-32767 -126
-32767 -119
-32767 -119
-32767 -113
-32767 -113
-32767 -107
-32767 -107
-32767 -101
-32767 -101
-32767 -94
-32767 -94
-32767 -88
-32767 -88
-32767 -82
-32767 -82
-32767 -75
-32767 -75
-32767 -69
-32767 -69
-32767 -63
-32767 -63
-32767 -57
-32767 -57
-32767 -50
-32767 -50
-32767 -44
-32767 -44
-32767 -38
-32767 -38
-32767 -31
-32767 -31
-32767 -25
-32767 -25
-32767 -19
-32767 -19
-32767 -13
-32767 -13
-32767 -6
-32767 -6
-32767 0
-32767 0
-32767 6
-32767 6
-32767 13
-32767 13
-32767 19
-32767 19
-32767 25
-32767 25
-32767 31
-32767 31
-32767 38
-32767 38
-32767 44
-32767 44
-32767 50
-32767 50
-32767 57
-32767 57
-32767 63
-32767 63
-32767 69
-32767 69
-32767 75
-32767 75
-32767 82
-32767 82
-32767 88
-32767 88
-32767 94
-32767 94
-32767 101
-32767 101
-32767 107
-32767 107
-32767 113
-32767 113
-32767 119
-32767 119
-32767 126
-32767 126
-32767 132
-32767 132
-32766 138
-32766 138
-32766 144
-32766 144
-32766 151
-32766 151
-32766 157
-32766 157
-32766 163
-32766 163
-32766 170
-32766 170
-32767 176
-32767 176
-32767 182
-32767 182
-32767 188
-32767 188
-32767 195
-32767 195
-32767 201
-32767 201
-32767 207
-32767 207
-32767 214
-32767 214
-32767 220
-32767 220
-32766 226
-32766 226
-32766 232
-32766 232
-32766 239
-32766 239
-32766 245
-32766 245
-32766 251
-32766 251
-32766 258
-32766 258
-32766 264
-32766 264
-32766 270
-32766 270
-32766 276
-32766 276
-32766 283
-32766 283
-32766 289
-32766 289
-32766 295
-32766 295
-32766 302
-32766 302
-32766 308
-32766 308
-32765 314
-32765 314
-32765 320
-32765 320
-32765 327
-32765 327
-32765 333
-32765 333
-32765 339
-32765 339
-32765 345
-32765 345
-32765 352
-32765 352
-32765 358
-32765 358
-32765 364
-32765 364
-32765 371
-32765 371
-32765 377
-32765 377
-32765 383
-32765 383
-32765 389
-32765 389
-32765 396
-32765 396
-32765 402
-32765 402
-32764 408
-32764 408
-32764 415
-32764 415
-32764 421
-32764 421
-32764 427
-32764 427
-32764 433
-32764 433
-32764 440
-32764 440
-32764 446
-32764 446
-32764 452
-32764 452
-32764 459
-32764 459
-32764 465
-32764 465
-32764 471
-32764 471
-32764 477
-32764 477
-32764 484
-32764 484
-32764 490
-32764 490
-32763 496
-32763 496
-32763 503
-32763 503
-32763 509
-32763 509
-32763 515
-32763 515
-32763 521
-32763 521
-32763 528
-32763 528
-32763 534
-32763 534
-32763 540
-32763 540
-32763 546
-32763 546
-32763 553
-32763 553
-32763 559
-32763 559
-32763 565
-32763 565
-32763 572
-32763 572
-32763 578
-32763 578
-32762 584
-32762 584
-32762 590
-32762 590
-32762 597
-32762 597
-32762 603
-32762 603
-32762 609
-32762 609
-32762 616
-32762 616
-32762 622
-32762 622
-32762 628
-32762 628
-32761 634
-32761 634
-32761 641
-32761 641
-32761 647
-32761 647
-32761 653
-32761 653
-32761 660
-32761 660
-32761 666
-32761 666
-32760 672
-32760 672
-32760 678
-32760 678
-32760 685
-32760 685
-32760 691
-32760 691
-32760 697
-32760 697
-32760 704
-32760 704
-32760 710
-32760 710
-32760 716
-32760 716
-32760 722
-32760 722
-32760 729
-32760 729
-32760 735
-32760 735
-32760 741
-32760 741
-32760 747
-32760 747
-32760 754
-32760 754
-32758 760
-32758 760
-32758 766
-32758 766
-32758 773
-32758 773
-32758 779
-32758 779
-32758 785
-32758 785
-32758 791
-32758 791
-32758 798
-32758 798
-32758 804
-32758 804
-32758 810
-32758 810
-32758 817
-32758 817
-32757 823
-32757 823
-32757 829
-32757 829
-32757 835
-32757 835
-32757 842
-32757 842
-32757 848
-32757 848
-32757 854
-32757 854
-32757 861
-32757 861
-32757 867
-32757 867
-32757 873
-32757 873
-32756 879
-32756 879
-32756 886
-32756 886
-32756 892
-32756 892
-32756 898
-32756 898
-32755 905
-32755 905
-32755 911
-32755 911
-32755 917
-32755 917
-32755 923
-32755 923
-32754 930
-32754 930
-32754 936
-32754 936
-32754 942
-32754 942
-32754 948
-32754 948
-32755 955
-32755 955
-32754 961
-32754 961
-32754 967
-32754 967
-32754 974
-32754 974
-32754 980
-32754 980
-32753 986
-32753 986
-32753 992
-32753 992
-32753 999
-32753 999
-32753 1005
-32753 1005
-32753 1011
-32753 1011
-32752 1018
-32752 1018
-32752 1024
-32752 1024
-32752 1030
-32752 1030
-32752 1036
-32752 1036
-32751 1043
-32751 1043
-32751 1049
-32751 1049
-32751 1055
-32751 1055
-32751 1062
-32751 1062
-32750 1068
-32750 1068
-32750 1074
-32750 1074
-32750 1080
-32750 1080
-32750 1087
-32750 1087
-32750 1093
-32750 1093
-32749 1099
-32749 1099
-32749 1106
-32749 1106
-32749 1112
-32749 1112
-32749 1118
-32749 1118
-32748 1124
-32748 1124
-32748 1131
-32748 1131
-32748 1137
-32748 1137
-32748 1143
-32748 1143
-32748 1149
-32748 1149
-32747 1156
-32747 1156
-32747 1162
-32747 1162
-32747 1168
-32747 1168
-32747 1175
-32747 1175
-32746 1181
-32746 1181
-32746 1187
-32746 1187
-32746 1193
-32746 1193
-32746 1200
-32746 1200
-32747 1206
-32747 1206
-32745 1212
-32745 1212
-32745 1219
-32745 1219
-32745 1225
-32745 1225
-32745 1231
-32745 1231
-32744 1237
-32744 1237
-32744 1244
-32744 1244
-32744 1250
-32744 1250
-32744 1256
-32744 1256
-32743 1263
-32743 1263
-32743 1269
-32743 1269
-32743 1275
-32743 1275
-32743 1281
-32743 1281
-32743 1288
-32743 1288
-32742 1294
-32742 1294
-32742 1300
-32742 1300
-32742 1307
-32742 1307
-32742 1313
-32742 1313
-32741 1319
-32741 1319
-32741 1325
-32741 1325
-32741 1332
-32741 1332
-32741 1338
-32741 1338
-32741 1344
-32741 1344
-32740 1350
-32740 1350
-32740 1357
-32740 1357
-32740 1363
-32740 1363
-32740 1369
-32740 1369
-32739 1376
-32739 1376
-32739 1382
-32739 1382
-32739 1388
-32739 1388
-32739 1394
-32739 1394
-32738 1401
-32738 1401
-32738 1407
-32738 1407
-32738 1413
-32738 1413
-32738 1420
-32738 1420
-32738 1426
-32738 1426
-32737 1432
-32737 1432
-32737 1438
-32737 1438
-32737 1445
-32737 1445
-32737 1451
-32737 1451
-32736 1457
-32736 1457
-32735 1464
-32735 1464
-32735 1470
-32735 1470
-32735 1476
-32735 1476
-32735 1482
-32735 1482
-32734 1489
-32734 1489
-32734 1495
-32734 1495
-32734 1501
-32734 1501
-32734 1508
-32734 1508
-32733 1514
-32733 1514
-32733 1520
-32733 1520
-32733 1526
-32733 1526
-32733 1533
-32733 1533
-32732 1539
-32732 1539
-32732 1545
-32732 1545
-32732 1551
-32732 1551
-32732 1558
-32732 1558
-32732 1564
-32732 1564
-32730 1570
-32730 1570
-32730 1577
-32730 1577
-32730 1583
-32730 1583
-32730 1589
-32730 1589
-32729 1595
-32729 1595
-32729 1602
-32729 1602
-32729 1608
-32729 1608
-32729 1614
-32729 1614
-32728 1621
-32728 1621
-32728 1627
-32728 1627
-32727 1633
-32727 1633
-32727 1639
-32727 1639
-32727 1646
-32727 1646
-32727 1652
-32727 1652
-32727 1658
-32727 1658
-32726 1664
-32726 1664
-32726 1671
-32726 1671
-32726 1677
-32726 1677
-32725 1683
-32725 1683
-32725 1690
-32725 1690
-32725 1696
-32725 1696
-32724 1702
-32724 1702
-32724 1708
-32724 1708
-32723 1715
-32723 1715
-32723 1721
-32723 1721
-32723 1727
-32723 1727
-32722 1733
-32722 1733
-32722 1740
-32722 1740
-32721 1746
-32721 1746
-32722 1752
-32722 1752
-32722 1759
-32722 1759
-32721 1765
-32721 1765
-32721 1771
-32721 1771
-32720 1777
-32720 1777
-32720 1784
-32720 1784
-32720 1790
-32720 1790
-32719 1796
-32719 1796
-32719 1802
-32719 1802
-32719 1809
-32719 1809
-32718 1815
-32718 1815
-32718 1821
-32718 1821
-32717 1828
-32717 1828
-32717 1834
-32717 1834
-32717 1840
-32717 1840
-32716 1846
-32716 1846
-32716 1853
-32716 1853
-32715 1859
-32715 1859
-32715 1865
-32715 1865
-32715 1871
-32715 1871
-32714 1878
-32714 1878
-32714 1884
-32714 1884
-32713 1890
-32713 1890
-32713 1897
-32713 1897
-32713 1903
-32713 1903
-32712 1909
-32712 1909
-32712 1915
-32712 1915
-32711 1922
-32711 1922
-32712 1928
-32712 1928
-32712 1934
-32712 1934
-32711 1940
-32711 1940
-32711 1947
-32711 1947
-32711 1953
-32711 1953
-32710 1959
-32710 1959
-32710 1966
-32710 1966
-32709 1972
-32709 1972
-32709 1978
-32709 1978
-32709 1984
-32709 1984
-32708 1991
-32708 1991
-32708 1997
-32708 1997
-32707 2003
-32707 2003
-32707 2010
-32707 2010
-32707 2016
-32707 2016
-32706 2022
-32706 2022
-32706 2028
-32706 2028
-32705 2035
-32705 2035
-32705 2041
-32705 2041
-32705 2047
-32705 2047
-32704 2053
-32704 2053
-32704 2060
-32704 2060
-32703 2066
-32703 2066
-32703 2072
-32703 2072
-32703 2079
-32703 2079
-32702 2085
-32702 2085
-32702 2091
-32702 2091
-32701 2097
-32701 2097
-32700 2104
-32700 2104
-32700 2110
-32700 2110
-32699 2116
-32699 2116
-32699 2122
-32699 2122
-32699 2129
-32699 2129
-32698 2135
-32698 2135
-32698 2141
-32698 2141
-32697 2148
-32697 2148
-32697 2154
-32697 2154
-32697 2160
-32697 2160
-32696 2166
-32696 2166
-32696 2173
-32696 2173
-32695 2179
-32695 2179
-32695 2185
-32695 2185
-32695 2191
-32695 2191
-32694 2198
-32694 2198
-32694 2204
-32694 2204
-32694 2210
-32694 2210
-32693 2217
-32693 2217
-32693 2223
-32693 2223
-32692 2229
-32692 2229
-32692 2235
-32692 2235
-32692 2242
-32692 2242
-32691 2248
-32691 2248
-32691 2254
-32691 2254
-32690 2260
-32690 2260
-32690 2267
-32690 2267
-32689 2273
-32689 2273
-32688 2279
-32688 2279
-32688 2286
-32688 2286
-32687 2292
-32687 2292
-32687 2298
-32687 2298
-32687 2304
-32687 2304
-32686 2311
-32686 2311
-32686 2317
-32686 2317
-32685 2323
-32685 2323
-32685 2329
-32685 2329
-32685 2336
-32685 2336
-32684 2342
-32684 2342
-32684 2348
-32684 2348
-32684 2355
-32684 2355
-32683 2361
-32683 2361
-32683 2367
-32683 2367
-32681 2373
-32681 2373
-32681 2380
-32681 2380
-32681 2386
-32681 2386
-32680 2392
-32680 2392
-32680 2398
-32680 2398
-32679 2405
-32679 2405
-32679 2411
-32679 2411
-32678 2417
-32678 2417
-32678 2424
-32678 2424
-32677 2430
-32677 2430
-32677 2436
-32677 2436
-32676 2442
-32676 2442
-32676 2449
-32676 2449
-32675 2455
-32675 2455
-32676 2461
-32676 2461
-32675 2467
-32675 2467
-32675 2474
-32675 2474
-32674 2480
-32674 2480
-32674 2486
-32674 2486
-32673 2492
-32673 2492
-32672 2499
-32672 2499
-32672 2505
-32672 2505
-32671 2511
-32671 2511
-32671 2517
-32671 2517
-32670 2524
-32670 2524
-32670 2530
-32670 2530
-32669 2536
-32669 2536
-32669 2542
-32669 2542
-32668 2549
-32668 2549
-32668 2555
-32668 2555
-32667 2561
-32667 2561
-32667 2567
-32667 2567
-32667 2574
-32667 2574
-32666 2580
-32666 2580
-32666 2586
-32666 2586
-32665 2592
-32665 2592
-32665 2599
-32665 2599
-32664 2605
-32664 2605
-32664 2611
-32664 2611
-32663 2618
-32663 2618
-32663 2624
-32663 2624
-32662 2630
-32662 2630
-32662 2636
-32662 2636
-32661 2643
-32661 2643
-32661 2649
-32661 2649
-32660 2655
-32660 2655
-32659 2661
-32659 2661
-32659 2668
-32659 2668
-32658 2674
-32658 2674
-32658 2680
-32658 2680
-32657 2686
-32657 2686
-32657 2693
-32657 2693
-32656 2699
-32656 2699
-32656 2705
-32656 2705
-32655 2711
-32655 2711
-32655 2718
-32655 2718
-32654 2724
-32654 2724
-32654 2730
-32654 2730
-32653 2736
-32653 2736
-32652 2743
-32652 2743
-32652 2749
-32652 2749
-32651 2755
-32651 2755
-32651 2761
-32651 2761
-32650 2768
-32650 2768
-32650 2774
-32650 2774
-32649 2780
-32649 2780
-32649 2786
-32649 2786
-32648 2793
-32648 2793
-32648 2799
-32648 2799
-32647 2805
-32647 2805
-32647 2812
-32647 2812
-32646 2818
-32646 2818
-32645 2824
-32645 2824
-32645 2830
-32645 2830
-32644 2837
-32644 2837
-32644 2843
-32644 2843
-32643 2849
-32643 2849
-32643 2855
-32643 2855
-32642 2862
-32642 2862
-32642 2868
-32642 2868
-32641 2874
-32641 2874
-32641 2880
-32641 2880
-32640 2887
-32640 2887
-32639 2893
-32639 2893
-32639 2899
-32639 2899
-32638 2905
-32638 2905
-32638 2912
-32638 2912
-32637 2918
-32637 2918
-32637 2924
-32637 2924
-32636 2930
-32636 2930
-32636 2937
-32636 2937
-32635 2943
-32635 2943
-32635 2949
-32635 2949
-32634 2955
-32634 2955
-32634 2962
-32634 2962
-32633 2968
-32633 2968
-32632 2974
-32632 2974
-32632 2980
-32632 2980
-32631 2987
-32631 2987
-32631 2993
-32631 2993
-32630 2999
-32630 2999
-32630 3005
-32630 3005
-32629 3012
-32629 3012
-32629 3018
-32629 3018
-32628 3024
-32628 3024
-32628 3031
-32628 3031
-32627 3037
-32627 3037
-32627 3043
-32627 3043
-32626 3049
-32626 3049
-32624 3056
-32624 3056
-32624 3062
-32624 3062
-32623 3068
-32623 3068
-32623 3074
-32623 3074
-32622 3081
-32622 3081
-32622 3087
-32622 3087
-32621 3093
-32621 3093
-32621 3099
-32621 3099
-32620 3106
-32620 3106
-32620 3112
-32620 3112
-32619 3118
-32619 3118
-32619 3124
-32619 3124
-32618 3131
-32618 3131
-32617 3137
-32617 3137
-32617 3143
-32617 3143
-32616 3149
-32616 3149
-32616 3156
-32616 3156
-32615 3162
-32615 3162
-32614 3168
-32614 3168
-32613 3174
-32613 3174
-32613 3181
-32613 3181
-32612 3187
-32612 3187
-32612 3193
-32612 3193
-32611 3199
-32611 3199
-32611 3206
-32611 3206
-32610 3212
-32610 3212
-32609 3218
-32609 3218
-32609 3224
-32609 3224
-32608 3231
-32608 3231
-32607 3237
-32607 3237
-32607 3243
-32607 3243
-32606 3249
-32606 3249
-32605 3256
-32605 3256
-32606 3262
-32606 3262
-32605 3268
-32605 3268
-32604 3274
-32604 3274
-32603 3281
-32603 3281
-32603 3287
-32603 3287
-32602 3293
-32602 3293
-32601 3299
-32601 3299
-32601 3306
-32601 3306
-32600 3312
-32600 3312
-32599 3318
-32599 3318
-32599 3324
-32599 3324
-32598 3331
-32598 3331
-32597 3337
-32597 3337
-32597 3343
-32597 3343
-32596 3349
-32596 3349
-32595 3356
-32595 3356
-32595 3362
-32595 3362
-32594 3368
-32594 3368
-32594 3374
-32594 3374
-32593 3381
-32593 3381
-32593 3387
-32593 3387
-32592 3393
-32592 3393
-32591 3399
-32591 3399
-32591 3406
-32591 3406
-32590 3412
-32590 3412
-32589 3418
-32589 3418
-32589 3424
-32589 3424
-32588 3430
-32588 3430
-32587 3437
-32587 3437
-32587 3443
-32587 3443
-32586 3449
-32586 3449
-32585 3455
-32585 3455
-32585 3462
-32585 3462
-32584 3468
-32584 3468
-32583 3474
-32583 3474
-32582 3480
-32582 3480
-32582 3487
-32582 3487
-32581 3493
-32581 3493
-32580 3499
-32580 3499
-32580 3505
-32580 3505
-32579 3512
-32579 3512
-32578 3518
-32578 3518
-32578 3524
-32578 3524
-32577 3530
-32577 3530
-32576 3537
-32576 3537
-32576 3543
-32576 3543
-32575 3549
-32575 3549
-32574 3555
-32574 3555
-32574 3562
-32574 3562
-32573 3568
-32573 3568
-32572 3574
-32572 3574
-32571 3580
-32571 3580
-32571 3587
-32571 3587
-32570 3593
-32570 3593
-32569 3599
-32569 3599
-32569 3605
-32569 3605
-32568 3612
-32568 3612
-32567 3618
-32567 3618
-32567 3624
-32567 3624
-32566 3630
-32566 3630
-32565 3636
-32565 3636
-32565 3643
-32565 3643
-32564 3649
-32564 3649
-32563 3655
-32563 3655
-32563 3661
-32563 3661
-32562 3668
-32562 3668
-32561 3674
-32561 3674
-32560 3680
-32560 3680
-32560 3686
-32560 3686
-32559 3693
-32559 3693
-32558 3699
-32558 3699
-32558 3705
-32558 3705
-32557 3711
-32557 3711
-32556 3718
-32556 3718
-32556 3724
-32556 3724
-32555 3730
-32555 3730
-32554 3736
-32554 3736
-32554 3743
-32554 3743
-32553 3749
-32553 3749
-32552 3755
-32552 3755
-32552 3761
-32552 3761
-32551 3768
-32551 3768
-32550 3774
-32550 3774
-32549 3780
-32549 3780
-32549 3786
-32549 3786
-32548 3793
-32548 3793
-32547 3799
-32547 3799
-32547 3805
-32547 3805
-32546 3811
-32546 3811
-32545 3817
-32545 3817
-32545 3824
-32545 3824
-32544 3830
-32544 3830
-32543 3836
-32543 3836
-32543 3842
-32543 3842
-32542 3849
-32542 3849
-32540 3855
-32540 3855
-32540 3861
-32540 3861
-32539 3867
-32539 3867
-32538 3874
-32538 3874
-32537 3880
-32537 3880
-32537 3886
-32537 3886
-32536 3892
-32536 3892
-32535 3899
-32535 3899
-32535 3905
-32535 3905
-32534 3911
-32534 3911
-32533 3917
-32533 3917
-32533 3924
-32533 3924
-32532 3930
-32532 3930
-32531 3936
-32531 3936
-32531 3942
-32531 3942
-32530 3949
-32530 3949
-32529 3955
-32529 3955
-32529 3961
-32529 3961
-32527 3967
-32527 3967
-32526 3974
-32526 3974
-32525 3980
-32525 3980
-32525 3986
-32525 3986
-32524 3992
-32524 3992
-32523 3999
-32523 3999
-32523 4005
-32523 4005
-32522 4011
-32522 4011
-32521 4017
-32521 4017
-32520 4023
-32520 4023
-32519 4030
-32519 4030
-32519 4036
-32519 4036
-32518 4042
-32518 4042
-32517 4048
-32517 4048
-32517 4055
-32517 4055
-32516 4061
-32516 4061
-32515 4067
-32515 4067
-32514 4073
-32514 4073
-32514 4079
-32514 4079
-32513 4086
-32513 4086
-32512 4092
-32512 4092
-32511 4098
-32511 4098
-32510 4104
-32510 4104
-32509 4111
-32509 4111
-32509 4117
-32509 4117
-32508 4123
-32508 4123
-32507 4129
-32507 4129
-32506 4136
-32506 4136
-32505 4142
-32505 4142
-32504 4148
-32504 4148
-32504 4154
-32504 4154
-32504 4160
-32504 4160
-32503 4167
-32503 4167
-32502 4173
-32502 4173
-32501 4179
-32501 4179
-32500 4185
-32500 4185
-32499 4192
-32499 4192
-32498 4198
-32498 4198
-32498 4204
-32498 4204
-32497 4210
-32497 4210
-32496 4216
-32496 4216
-32495 4223
-32495 4223
-32494 4229
-32494 4229
-32493 4235
-32493 4235
-32492 4241
-32492 4241
-32492 4248
-32492 4248
-32491 4254
-32491 4254
-32490 4260
-32490 4260
-32489 4266
-32489 4266
-32488 4273
-32488 4273
-32487 4279
-32487 4279
-32487 4285
-32487 4285
-32486 4291
-32486 4291
-32485 4297
-32485 4297
-32484 4304
-32484 4304
-32483 4310
-32483 4310
-32482 4316
-32482 4316
-32481 4322
-32481 4322
-32482 4329
-32482 4329
-32481 4335
-32481 4335
-32480 4341
-32480 4341
-32479 4347
-32479 4347
-32478 4353
-32478 4353
-32477 4360
-32477 4360
-32476 4366
-32476 4366
-32476 4372
-32476 4372
-32475 4378
-32475 4378
-32474 4385
-32474 4385
-32473 4391
-32473 4391
-32472 4397
-32472 4397
-32471 4403
-32471 4403
-32471 4410
-32471 4410
-32470 4416
-32470 4416
-32469 4422
-32469 4422
-32468 4428
-32468 4428
-32467 4434
-32467 4434
-32466 4441
-32466 4441
-32465 4447
-32465 4447
-32465 4453
-32465 4453
-32464 4459
-32464 4459
-32463 4466
-32463 4466
-32462 4472
-32462 4472
-32461 4478
-32461 4478
-32460 4484
-32460 4484
-32459 4490
-32459 4490
-32458 4497
-32458 4497
-32457 4503
-32457 4503
-32456 4509
-32456 4509
-32455 4515
-32455 4515
-32454 4522
-32454 4522
-32453 4528
-32453 4528
-32452 4534
-32452 4534
-32452 4540
-32452 4540
-32451 4546
-32451 4546
-32450 4553
-32450 4553
-32449 4559
-32449 4559
-32448 4565
-32448 4565
-32447 4571
-32447 4571
-32447 4578
-32447 4578
-32446 4584
-32446 4584
-32445 4590
-32445 4590
-32444 4596
-32444 4596
-32443 4603
-32443 4603
-32442 4609
-32442 4609
-32441 4615
-32441 4615
-32441 4621
-32441 4621
-32440 4627
-32440 4627
-32439 4634
-32439 4634
-32438 4640
-32438 4640
-32437 4646
-32437 4646
-32436 4652
-32436 4652
-32435 4659
-32435 4659
-32435 4665
-32435 4665
-32433 4671
-32433 4671
-32432 4677
-32432 4677
-32431 4683
-32431 4683
-32430 4690
-32430 4690
-32429 4696
-32429 4696
-32428 4702
-32428 4702
-32428 4708
-32428 4708
-32427 4715
-32427 4715
-32426 4721
-32426 4721
-32425 4727
-32425 4727
-32424 4733
-32424 4733
-32423 4740
-32423 4740
-32423 4746
-32423 4746
-32422 4752
-32422 4752
-32421 4758
-32421 4758
-32420 4764
-32420 4764
-32418 4771
-32418 4771
-32417 4777
-32417 4777
-32416 4783
-32416 4783
-32416 4789
-32416 4789
-32415 4796
-32415 4796
-32414 4802
-32414 4802
-32413 4808
-32413 4808
-32412 4814
-32412 4814
-32411 4820
-32411 4820
-32410 4827
-32410 4827
-32409 4833
-32409 4833
-32408 4839
-32408 4839
-32407 4845
-32407 4845
-32406 4851
-32406 4851
-32406 4858
-32406 4858
-32405 4864
-32405 4864
-32404 4870
-32404 4870
-32403 4876
-32403 4876
-32402 4882
-32402 4882
-32401 4889
-32401 4889
-32400 4895
-32400 4895
-32399 4901
-32399 4901
-32398 4907
-32398 4907
-32397 4913
-32397 4913
-32396 4920
-32396 4920
-32395 4926
-32395 4926
-32394 4932
-32394 4932
-32393 4938
-32393 4938
-32392 4944
-32392 4944
-32391 4951
-32391 4951
-32390 4957
-32390 4957
-32389 4963
-32389 4963
-32388 4969
-32388 4969
-32387 4975
-32387 4975
-32387 4982
-32387 4982
-32386 4988
-32386 4988
-32385 4994
-32385 4994
-32384 5000
-32384 5000
-32383 5007
-32383 5007
-32382 5013
-32382 5013
-32381 5019
-32381 5019
-32380 5025
-32380 5025
-32379 5031
-32379 5031
-32378 5038
-32378 5038
-32377 5044
-32377 5044
-32376 5050
-32376 5050
-32375 5056
-32375 5056
-32374 5062
-32374 5062
-32373 5069
-32373 5069
-32372 5075
-32372 5075
-32371 5081
-32371 5081
-32370 5087
-32370 5087
-32369 5093
-32369 5093
-32368 5100
-32368 5100
-32367 5106
-32367 5106
-32366 5112
-32366 5112
-32365 5118
-32365 5118
-32364 5124
-32364 5124
-32363 5131
-32363 5131
-32362 5137
-32362 5137
-32361 5143
-32361 5143
-32360 5149
-32360 5149
-32359 5155
-32359 5155
-32358 5162
-32358 5162
-32357 5168
-32357 5168
-32356 5174
-32356 5174
-32355 5180
-32355 5180
-32354 5186
-32354 5186
-32353 5193
-32353 5193
-32352 5199
-32352 5199
-32352 5205
-32352 5205
-32351 5211
-32351 5211
-32350 5217
-32350 5217
-32349 5224
-32349 5224
-32348 5230
-32348 5230
-32347 5236
-32347 5236
-32346 5242
-32346 5242
-32345 5248
-32345 5248
-32344 5255
-32344 5255
-32343 5261
-32343 5261
-32342 5267
-32342 5267
-32341 5273
-32341 5273
-32340 5279
-32340 5279
-32339 5286
-32339 5286
-32338 5292
-32338 5292
-32337 5298
-32337 5298
-32336 5304
-32336 5304
-32335 5310
-32335 5310
-32334 5317
-32334 5317
-32333 5323
-32333 5323
-32332 5329
-32332 5329
-32331 5335
-32331 5335
-32330 5341
-32330 5341
-32329 5348
-32329 5348
-32328 5354
-32328 5354
-32327 5360
-32327 5360
-32326 5366
-32326 5366
-32325 5372
-32325 5372
-32324 5379
-32324 5379
-32323 5385
-32323 5385
-32322 5391
-32322 5391
-32321 5397
-32321 5397
-32320 5404
-32320 5404
-32319 5410
-32319 5410
-32318 5416
-32318 5416
-32317 5422
-32317 5422
-32316 5428
-32316 5428
-32314 5435
-32314 5435
-32313 5441
-32313 5441
-32312 5447
-32312 5447
-32311 5453
-32311 5453
-32310 5459
-32310 5459
-32309 5466
-32309 5466
-32308 5472
-32308 5472
-32307 5478
-32307 5478
-32306 5484
-32306 5484
-32305 5490
-32305 5490
-32304 5497
-32304 5497
-32303 5503
-32303 5503
-32302 5509
-32302 5509
-32301 5515
-32301 5515
-32300 5521
-32300 5521
-32299 5528
-32299 5528
-32298 5534
-32298 5534
-32297 5540
-32297 5540
-32296 5546
-32296 5546
-32295 5552
-32295 5552
-32293 5559
-32293 5559
-32292 5565
-32292 5565
-32291 5571
-32291 5571
-32290 5577
-32290 5577
-32289 5583
-32289 5583
-32288 5590
-32288 5590
-32287 5596
-32287 5596
-32286 5602
-32286 5602
-32285 5608
-32285 5608
-32284 5614
-32284 5614
-32283 5621
-32283 5621
-32281 5627
-32281 5627
-32280 5633
-32280 5633
-32279 5639
-32279 5639
-32279 5645
-32279 5645
-32278 5651
-32278 5651
-32277 5658
-32277 5658
-32275 5664
-32275 5664
-32274 5670
-32274 5670
-32273 5676
-32273 5676
-32272 5682
-32272 5682
-32271 5689
-32271 5689
-32270 5695
-32270 5695
-32269 5701
-32269 5701
-32267 5707
-32267 5707
-32266 5713
-32266 5713
-32265 5719
-32265 5719
-32264 5726
-32264 5726
-32263 5732
-32263 5732
-32262 5738
-32262 5738
-32261 5744
-32261 5744
-32260 5750
-32260 5750
-32259 5756
-32259 5756
-32258 5763
-32258 5763
-32257 5769
-32257 5769
-32256 5775
-32256 5775
-32254 5781
-32254 5781
-32253 5787
-32253 5787
-32252 5794
-32252 5794
-32251 5800
-32251 5800
-32250 5806
-32250 5806
-32249 5812
-32249 5812
-32248 5818
-32248 5818
-32246 5824
-32246 5824
-32245 5831
-32245 5831
-32244 5837
-32244 5837
-32243 5843
-32243 5843
-32242 5849
-32242 5849
-32241 5855
-32241 5855
-32239 5862
-32239 5862
-32238 5868
-32238 5868
-32237 5874
-32237 5874
-32236 5880
-32236 5880
-32235 5886
-32235 5886
-32234 5892
-32234 5892
-32233 5899
-32233 5899
-32231 5905
-32231 5905
-32230 5911
-32230 5911
-32230 5917
-32230 5917
-32229 5923
-32229 5923
-32228 5930
-32228 5930
-32227 5936
-32227 5936
-32225 5942
-32225 5942
-32224 5948
-32224 5948
-32223 5954
-32223 5954
-32222 5960
-32222 5960
-32221 5967
-32221 5967
-32220 5973
-32220 5973
-32218 5979
-32218 5979
-32217 5985
-32217 5985
-32216 5991
-32216 5991
-32215 5999
-32215 5999
-32214 6004
-32214 6004
-32213 6010
-32213 6010
-32212 6016
-32212 6016
-32210 6022
-32210 6022
-32209 6028
-32209 6028
-32208 6035
-32208 6035
-32207 6041
-32207 6041
-32206 6047
-32206 6047
-32205 6053
-32205 6053
-32203 6059
-32203 6059
-32202 6065
-32202 6065
-32201 6072
-32201 6072
-32200 6078
-32200 6078
-32198 6084
-32198 6084
-32197 6090
-32197 6090
-32196 6096
-32196 6096
-32194 6103
-32194 6103
-32193 6109
-32193 6109
-32192 6115
-32192 6115
-32191 6121
-32191 6121
-32190 6127
-32190 6127
-32189 6133
-32189 6133
-32187 6140
-32187 6140
-32186 6146
-32186 6146
-32185 6152
-32185 6152
-32184 6158
-32184 6158
-32183 6164
-32183 6164
-32182 6171
-32182 6171
-32180 6177
-32180 6177
-32179 6183
-32179 6183
-32178 6189
-32178 6189
-32177 6195
-32177 6195
-32176 6201
-32176 6201
-32175 6208
-32175 6208
-32174 6214
-32174 6214
-32172 6220
-32172 6220
-32171 6226
-32171 6226
-32170 6232
-32170 6232
-32169 6239
-32169 6239
-32168 6245
-32168 6245
-32167 6251
-32167 6251
-32164 6257
-32164 6257
-32163 6263
-32163 6263
-32162 6269
-32162 6269
-32161 6276
-32161 6276
-32160 6282
-32160 6282
-32159 6288
-32159 6288
-32158 6294
-32158 6294
-32156 6300
-32156 6300
-32155 6306
-32155 6306
-32154 6313
-32154 6313
-32153 6319
-32153 6319
-32152 6325
-32152 6325
-32151 6331
-32151 6331
-32149 6337
-32149 6337
-32148 6344
-32148 6344
-32147 6350
-32147 6350
-32145 6356
-32145 6356
-32144 6362
-32144 6362
-32143 6368
-32143 6368
-32141 6374
-32141 6374
-32140 6381
-32140 6381
-32139 6387
-32139 6387
-32138 6393
-32138 6393
-32137 6399
-32137 6399
-32135 6405
-32135 6405
-32134 6411
-32134 6411
-32133 6418
-32133 6418
-32132 6424
-32132 6424
-32130 6430
-32130 6430
-32129 6436
-32129 6436
-32129 6442
-32129 6442
-32127 6448
-32127 6448
-32126 6454
-32126 6454
-32125 6461
-32125 6461
-32123 6467
-32123 6467
-32122 6473
-32122 6473
-32121 6479
-32121 6479
-32120 6485
-32120 6485
-32118 6491
-32118 6491
-32117 6498
-32117 6498
-32116 6504
-32116 6504
-32114 6510
-32114 6510
-32113 6516
-32113 6516
-32112 6522
-32112 6522
-32110 6528
-32110 6528
-32109 6534
-32109 6534
-32108 6541
-32108 6541
-32107 6547
-32107 6547
-32105 6553
-32105 6553
-32104 6559
-32104 6559
-32104 6565
-32104 6565
-32102 6571
-32102 6571
-32101 6577
-32101 6577
-32100 6584
-32100 6584
-32099 6590
-32099 6590
-32097 6596
-32097 6596
-32096 6602
-32096 6602
-32095 6608
-32095 6608
-32093 6615
-32093 6615
-32092 6621
-32092 6621
-32091 6628
-32091 6628
-32089 6634
-32089 6634
-32088 6640
-32088 6640
-32087 6646
-32087 6646
-32086 6652
-32086 6652
-32084 6658
-32084 6658
-32083 6665
-32083 6665
-32082 6671
-32082 6671
-32080 6677
-32080 6677
-32079 6683
-32079 6683
-32078 6689
-32078 6689
-32076 6695
-32076 6695
-32075 6701
-32075 6701
-32074 6708
-32074 6708
-32073 6714
-32073 6714
-32071 6720
-32071 6720
-32070 6726
-32070 6726
-32069 6732
-32069 6732
-32067 6738
-32067 6738
-32066 6744
-32066 6744
-32065 6751
-32065 6751
-32063 6757
-32063 6757
-32062 6763
-32062 6763
-32061 6769
-32061 6769
-32060 6775
-32060 6775
-32058 6781
-32058 6781
-32057 6788
-32057 6788
-32056 6794
-32056 6794
-32054 6800
-32054 6800
-32053 6806
-32053 6806
-32052 6812
-32052 6812
-32051 6818
-32051 6818
-32049 6824
-32049 6824
-32048 6831
-32048 6831
-32047 6837
-32047 6837
-32045 6843
-32045 6843
-32044 6849
-32044 6849
-32043 6855
-32043 6855
-32041 6861
-32041 6861
-32040 6867
-32040 6867
-32039 6874
-32039 6874
-32038 6880
-32038 6880
-32036 6886
-32036 6886
-32035 6892
-32035 6892
-32034 6898
-32034 6898
-32032 6904
-32032 6904
-32031 6910
-32031 6910
-32030 6917
-32030 6917
-32028 6923
-32028 6923
-32027 6929
-32027 6929
-32026 6935
-32026 6935
-32025 6941
-32025 6941
-32023 6947
-32023 6947
-32022 6954
-32022 6954
-32021 6960
-32021 6960
-32019 6965
-32019 6965
-32018 6971
-32018 6971
-32017 6977
-32017 6977
-32016 6983
-32016 6983
-32014 6989
-32014 6989
-32013 6996
-32013 6996
-32012 7002
-32012 7002
-32010 7008
-32010 7008
-32008 7014
-32008 7014
-32007 7020
-32007 7020
-32005 7026
-32005 7026
-32004 7032
-32004 7032
-32003 7039
-32003 7039
-32002 7045
-32002 7045
-32000 7051
-32000 7051
-31999 7057
-31999 7057
-31998 7063
-31998 7063
-31996 7069
-31996 7069
-31995 7075
-31995 7075
-31994 7082
-31994 7082
-31992 7088
-31992 7088
-31991 7094
-31991 7094
-31990 7100
-31990 7100
-31989 7106
-31989 7106
-31987 7112
-31987 7112
-31986 7119
-31986 7119
-31985 7125
-31985 7125
-31983 7131
-31983 7131
-31981 7137
-31981 7137
-31980 7143
-31980 7143
-31978 7149
-31978 7149
-31977 7155
-31977 7155
-31976 7162
-31976 7162
-31975 7168
-31975 7168
-31973 7174
-31973 7174
-31972 7180
-31972 7180
-31971 7186
-31971 7186
-31969 7192
-31969 7192
-31968 7198
-31968 7198
-31966 7204
-31966 7204
-31965 7211
-31965 7211
-31963 7217
-31963 7217
-31963 7223
-31963 7223
-31961 7229
-31961 7229
-31960 7235
-31960 7235
-31958 7241
-31958 7241
-31957 7247
-31957 7247
-31956 7253
-31956 7253
-31954 7259
-31954 7259
-31953 7266
-31953 7266
-31951 7272
-31951 7272
-31950 7278
-31950 7278
-31948 7284
-31948 7284
-31947 7290
-31947 7290
-31945 7296
-31945 7296
-31944 7302
-31944 7302
-31942 7308
-31942 7308
-31941 7314
-31941 7314
-31940 7321
-31940 7321
-31939 7327
-31939 7327
-31938 7333
-31938 7333
-31936 7339
-31936 7339
-31935 7345
-31935 7345
-31933 7351
-31933 7351
-31932 7357
-31932 7357
-31930 7363
-31930 7363
-31929 7369
-31929 7369
-31928 7376
-31928 7376
-31926 7382
-31926 7382
-31925 7388
-31925 7388
-31923 7394
-31923 7394
-31922 7400
-31922 7400
-31920 7406
-31920 7406
-31919 7412
-31919 7412
-31917 7418
-31917 7418
-31916 7424
-31916 7424
-31914 7430
-31914 7430
-31913 7437
-31913 7437
-31912 7443
-31912 7443
-31910 7449
-31910 7449
-31909 7455
-31909 7455
-31907 7461
-31907 7461
-31906 7467
-31906 7467
-31904 7473
-31904 7473
-31903 7479
-31903 7479
-31901 7485
-31901 7485
-31900 7492
-31900 7492
-31898 7498
-31898 7498
-31897 7504
-31897 7504
-31896 7510
-31896 7510
-31894 7516
-31894 7516
-31893 7522
-31893 7522
-31891 7528
-31891 7528
-31890 7534
-31890 7534
-31888 7540
-31888 7540
-31887 7547
-31887 7547
-31885 7553
-31885 7553
-31884 7559
-31884 7559
-31882 7565
-31882 7565
-31882 7572
-31882 7572
-31880 7577
-31880 7577
-31878 7583
-31878 7583
-31877 7589
-31877 7589
-31875 7595
-31875 7595
-31874 7602
-31874 7602
-31872 7608
-31872 7608
-31871 7614
-31871 7614
-31869 7620
-31869 7620
-31868 7626
-31868 7626
-31866 7632
-31866 7632
-31865 7638
-31865 7638
-31864 7644
-31864 7644
-31862 7650
-31862 7650
-31861 7657
-31861 7657
-31859 7663
-31859 7663
-31858 7669
-31858 7669
-31856 7675
-31856 7675
-31855 7681
-31855 7681
-31853 7687
-31853 7687
-31852 7693
-31852 7693
-31850 7699
-31850 7699
-31849 7705
-31849 7705
-31848 7712
-31848 7712
-31846 7718
-31846 7718
-31845 7724
-31845 7724
-31843 7730
-31843 7730
-31842 7736
-31842 7736
-31840 7742
-31840 7742
-31839 7748
-31839 7748
-31837 7754
-31837 7754
-31836 7760
-31836 7760
-31835 7767
-31835 7767
-31833 7773
-31833 7773
-31832 7779
-31832 7779
-31830 7785
-31830 7785
-31829 7791
-31829 7791
-31827 7797
-31827 7797
-31826 7803
-31826 7803
-31824 7809
-31824 7809
-31823 7815
-31823 7815
-31820 7821
-31820 7821
-31819 7828
-31819 7828
-31818 7834
-31818 7834
-31816 7840
-31816 7840
-31815 7846
-31815 7846
-31813 7852
-31813 7852
-31812 7858
-31812 7858
-31810 7864
-31810 7864
-31809 7870
-31809 7870
-31807 7876
-31807 7876
-31806 7883
-31806 7883
-31804 7889
-31804 7889
-31803 7895
-31803 7895
-31802 7901
-31802 7901
-31800 7907
-31800 7907
-31799 7913
-31799 7913
-31797 7919
-31797 7919
-31795 7925
-31795 7925
-31793 7931
-31793 7931
-31792 7938
-31792 7938
-31790 7944
-31790 7944
-31789 7950
-31789 7950
-31787 7956
-31787 7956
-31786 7962
-31786 7962
-31784 7968
-31784 7968
-31783 7974
-31783 7974
-31781 7980
-31781 7980
-31780 7986
-31780 7986
-31778 7992
-31778 7992
-31776 7998
-31776 7998
-31775 8005
-31775 8005
-31774 8011
-31774 8011
-31773 8017
-31773 8017
-31771 8023
-31771 8023
-31769 8029
-31769 8029
-31768 8035
-31768 8035
-31766 8041
-31766 8041
-31765 8047
-31765 8047
-31763 8053
-31763 8053
-31761 8059
-31761 8059
-31760 8065
-31760 8065
-31758 8071
-31758 8071
-31757 8077
-31757 8077
-31755 8084
-31755 8084
-31753 8090
-31753 8090
-31752 8096
-31752 8096
-31750 8102
-31750 8102
-31749 8108
-31749 8108
-31747 8114
-31747 8114
-31746 8120
-31746 8120
-31745 8126
-31745 8126
-31743 8133
-31743 8133
-31742 8139
-31742 8139
-31740 8145
-31740 8145
-31738 8151
-31738 8151
-31737 8158
-31737 8158
-31735 8164
-31735 8164
-31734 8170
-31734 8170
-31732 8176
-31732 8176
-31730 8182
-31730 8182
-31729 8188
-31729 8188
-31727 8194
-31727 8194
-31726 8200
-31726 8200
-31724 8206
-31724 8206
-31722 8212
-31722 8212
-31721 8218
-31721 8218
-31719 8224
-31719 8224
-31718 8230
-31718 8230
-31716 8237
-31716 8237
-31714 8243
-31714 8243
-31713 8249
-31713 8249
-31711 8255
-31711 8255
-31710 8261
-31710 8261
-31708 8267
-31708 8267
-31706 8273
-31706 8273
-31705 8279
-31705 8279
-31703 8285
-31703 8285
-31702 8291
-31702 8291
-31700 8297
-31700 8297
-31698 8303
-31698 8303
-31697 8309
-31697 8309
-31695 8316
-31695 8316
-31694 8322
-31694 8322
-31692 8328
-31692 8328
-31690 8334
-31690 8334
-31689 8340
-31689 8340
-31687 8346
-31687 8346
-31686 8352
-31686 8352
-31684 8358
-31684 8358
-31682 8364
-31682 8364
-31681 8370
-31681 8370
-31679 8376
-31679 8376
-31677 8382
-31677 8382
-31676 8388
-31676 8388
-31674 8395
-31674 8395
-31673 8401
-31673 8401
-31671 8407
-31671 8407
-31669 8413
-31669 8413
-31668 8419
-31668 8419
-31666 8425
-31666 8425
-31665 8431
-31665 8431
-31663 8437
-31663 8437
-31661 8443
-31661 8443
-31660 8449
-31660 8449
-31658 8455
-31658 8455
-31657 8461
-31657 8461
-31655 8467
-31655 8467
-31653 8474
-31653 8474
-31652 8480
-31652 8480
-31650 8486
-31650 8486
-31649 8492
-31649 8492
-31647 8498
-31647 8498
-31645 8504
-31645 8504
-31644 8510
-31644 8510
-31642 8516
-31642 8516
-31641 8522
-31641 8522
-31639 8528
-31639 8528
-31637 8534
-31637 8534
-31636 8540
-31636 8540
-31634 8547
-31634 8547
-31633 8553
-31633 8553
-31631 8559
-31631 8559
-31629 8565
-31629 8565
-31628 8571
-31628 8571
-31626 8576
-31626 8576
-31625 8582
-31625 8582
-31622 8588
-31622 8588
-31620 8594
-31620 8594
-31619 8600
-31619 8600
-31617 8606
-31617 8606
-31616 8612
-31616 8612
-31614 8618
-31614 8618
-31612 8625
-31612 8625
-31611 8631
-31611 8631
-31609 8637
-31609 8637
-31608 8643
-31608 8643
-31606 8649
-31606 8649
-31604 8655
-31604 8655
-31603 8661
-31603 8661
-31601 8667
-31601 8667
-31600 8673
-31600 8673
-31598 8679
-31598 8679
-31596 8685
-31596 8685
-31595 8691
-31595 8691
-31592 8697
-31592 8697
-31591 8704
-31591 8704
-31589 8710
-31589 8710
-31587 8716
-31587 8716
-31586 8722
-31586 8722
-31584 8728
-31584 8728
-31583 8734
-31583 8734
-31581 8740
-31581 8740
-31579 8746
-31579 8746
-31578 8752
-31578 8752
-31576 8758
-31576 8758
-31574 8764
-31574 8764
-31572 8770
-31572 8770
-31571 8776
-31571 8776
-31569 8782
-31569 8782
-31568 8788
-31568 8788
-31566 8794
-31566 8794
-31565 8800
-31565 8800
-31563 8806
-31563 8806
-31561 8812
-31561 8812
-31559 8818
-31559 8818
-31558 8824
-31558 8824
-31556 8830
-31556 8830
-31554 8837
-31554 8837
-31552 8843
-31552 8843
-31551 8849
-31551 8849
-31549 8855
-31549 8855
-31547 8861
-31547 8861
-31545 8867
-31545 8867
-31544 8873
-31544 8873
-31542 8879
-31542 8879
-31540 8885
-31540 8885
-31538 8891
-31538 8891
-31538 8897
-31538 8897
-31536 8903
-31536 8903
-31534 8909
-31534 8909
-31532 8915
-31532 8915
-31531 8921
-31531 8921
-31529 8927
-31529 8927
-31527 8933
-31527 8933
-31525 8939
-31525 8939
-31524 8945
-31524 8945
-31522 8951
-31522 8951
-31520 8958
-31520 8958
-31518 8964
-31518 8964
-31517 8970
-31517 8970
-31515 8976
-31515 8976
-31513 8982
-31513 8982
-31511 8988
-31511 8988
-31510 8994
-31510 8994
-31508 9000
-31508 9000
-31506 9006
-31506 9006
-31504 9012
-31504 9012
-31503 9018
-31503 9018
-31501 9024
-31501 9024
-31499 9031
-31499 9031
-31497 9037
-31497 9037
-31496 9043
-31496 9043
-31494 9049
-31494 9049
-31492 9055
-31492 9055
-31490 9061
-31490 9061
-31489 9067
-31489 9067
-31487 9073
-31487 9073
-31485 9079
-31485 9079
-31483 9085
-31483 9085
-31482 9091
-31482 9091
-31480 9097
-31480 9097
-31478 9103
-31478 9103
-31476 9109
-31476 9109
-31475 9115
-31475 9115
-31473 9121
-31473 9121
-31471 9127
-31471 9127
-31469 9133
-31469 9133
-31468 9139
-31468 9139
-31466 9145
-31466 9145
-31464 9151
-31464 9151
-31462 9157
-31462 9157
-31461 9163
-31461 9163
-31459 9169
-31459 9169
-31457 9175
-31457 9175
-31455 9181
-31455 9181
-31454 9187
-31454 9187
-31452 9193
-31452 9193
-31450 9199
-31450 9199
-31448 9205
-31448 9205
-31447 9211
-31447 9211
-31445 9217
-31445 9217
-31443 9224
-31443 9224
-31441 9230
-31441 9230
-31440 9236
-31440 9236
-31438 9242
-31438 9242
-31436 9248
-31436 9248
-31434 9254
-31434 9254
-31433 9260
-31433 9260
-31431 9266
-31431 9266
-31429 9272
-31429 9272
-31427 9278
-31427 9278
-31426 9284
-31426 9284
-31424 9290
-31424 9290
-31422 9296
-31422 9296
-31420 9301
-31420 9301
-31419 9307
-31419 9307
-31417 9313
-31417 9313
-31415 9319
-31415 9319
-31413 9325
-31413 9325
-31412 9331
-31412 9331
-31410 9337
-31410 9337
-31408 9343
-31408 9343
-31406 9349
-31406 9349
-31405 9355
-31405 9355
-31402 9361
-31402 9361
-31400 9367
-31400 9367
-31398 9373
-31398 9373
-31397 9379
-31397 9379
-31395 9385
-31395 9385
-31393 9391
-31393 9391
-31391 9397
-31391 9397
-31390 9403
-31390 9403
-31388 9409
-31388 9409
-31386 9416
-31386 9416
-31384 9422
-31384 9422
-31383 9428
-31383 9428
-31381 9434
-31381 9434
-31379 9440
-31379 9440
-31377 9446
-31377 9446
-31376 9452
-31376 9452
-31374 9458
-31374 9458
-31372 9464
-31372 9464
-31369 9470
-31369 9470
-31368 9476
-31368 9476
-31366 9482
-31366 9482
-31364 9488
-31364 9488
-31362 9494
-31362 9494
-31361 9500
-31361 9500
-31359 9506
-31359 9506
-31357 9512
-31357 9512
-31355 9518
-31355 9518
-31353 9524
-31353 9524
-31351 9530
-31351 9530
-31349 9536
-31349 9536
-31348 9542
-31348 9542
-31346 9548
-31346 9548
-31344 9554
-31344 9554
-31343 9560
-31343 9560
-31341 9566
-31341 9566
-31339 9572
-31339 9572
-31337 9578
-31337 9578
-31335 9584
-31335 9584
-31333 9590
-31333 9590
-31331 9596
-31331 9596
-31330 9602
-31330 9602
-31328 9608
-31328 9608
-31326 9614
-31326 9614
-31324 9620
-31324 9620
-31322 9626
-31322 9626
-31320 9632
-31320 9632
-31318 9638
-31318 9638
-31316 9644
-31316 9644
-31314 9651
-31314 9651
-31312 9657
-31312 9657
-31311 9663
-31311 9663
-31310 9669
-31310 9669
-31308 9675
-31308 9675
-31306 9681
-31306 9681
-31304 9687
-31304 9687
-31302 9693
-31302 9693
-31300 9699
-31300 9699
-31298 9705
-31298 9705
-31296 9711
-31296 9711
-31294 9717
-31294 9717
-31293 9723
-31293 9723
-31291 9729
-31291 9729
-31289 9735
-31289 9735
-31287 9741
-31287 9741
-31285 9747
-31285 9747
-31283 9753
-31283 9753
-31281 9759
-31281 9759
-31279 9765
-31279 9765
-31277 9771
-31277 9771
-31275 9777
-31275 9777
-31274 9783
-31274 9783
-31272 9789
-31272 9789
-31270 9795
-31270 9795
-31268 9801
-31268 9801
-31266 9807
-31266 9807
-31264 9813
-31264 9813
-31262 9819
-31262 9819
-31260 9825
-31260 9825
-31258 9831
-31258 9831
-31256 9837
-31256 9837
-31255 9843
-31255 9843
-31253 9849
-31253 9849
-31251 9855
-31251 9855
-31249 9861
-31249 9861
-31247 9867
-31247 9867
-31245 9873
-31245 9873
-31243 9879
-31243 9879
-31241 9885
-31241 9885
-31239 9891
-31239 9891
-31238 9897
-31238 9897
-31236 9902
-31236 9902
-31234 9908
-31234 9908
-31232 9914
-31232 9914
-31230 9920
-31230 9920
-31228 9926
-31228 9926
-31226 9932
-31226 9932
-31224 9938
-31224 9938
-31222 9944
-31222 9944
-31220 9950
-31220 9950
-31219 9956
-31219 9956
-31217 9962
-31217 9962
-31215 9968
-31215 9968
-31213 9974
-31213 9974
-31211 9980
-31211 9980
-31209 9986
-31209 9986
-31207 9992
-31207 9992
-31205 9998
-31205 9998
-31203 10004
-31203 10004
-31201 10010
-31201 10010
-31200 10016
-31200 10016
-31198 10022
-31198 10022
-31196 10028
-31196 10028
-31194 10034
-31194 10034
-31192 10040
-31192 10040
-31190 10046
-31190 10046
-31188 10052
-31188 10052
-31186 10058
-31186 10058
-31184 10064
-31184 10064
-31182 10070
-31182 10070
-31181 10076
-31181 10076
-31179 10082
-31179 10082
-31177 10088
-31177 10088
-31175 10094
-31175 10094
-31173 10100
-31173 10100
-31171 10106
-31171 10106
-31169 10112
-31169 10112
-31167 10118
-31167 10118
-31165 10124
-31165 10124
-31162 10130
-31162 10130
-31161 10136
-31161 10136
-31159 10142
-31159 10142
-31157 10147
-31157 10147
-31155 10153
-31155 10153
-31153 10159
-31153 10159
-31151 10165
-31151 10165
-31149 10171
-31149 10171
-31147 10177
-31147 10177
-31145 10183
-31145 10183
-31143 10189
-31143 10189
-31142 10195
-31142 10195
-31140 10201
-31140 10201
-31138 10207
-31138 10207
-31136 10213
-31136 10213
-31134 10219
-31134 10219
-31132 10225
-31132 10225
-31130 10231
-31130 10231
-31127 10237
-31127 10237
-31125 10243
-31125 10243
-31123 10249
-31123 10249
-31122 10255
-31122 10255
-31120 10261
-31120 10261
-31118 10267
-31118 10267
-31116 10273
-31116 10273
-31114 10279
-31114 10279
-31112 10285
-31112 10285
-31110 10291
-31110 10291
-31108 10297
-31108 10297
-31106 10303
-31106 10303
-31104 10309
-31104 10309
-31102 10315
-31102 10315
-31100 10321
-31100 10321
-31099 10327
-31099 10327
-31097 10332
-31097 10332
-31095 10338
-31095 10338
-31093 10344
-31093 10344
-31091 10350
-31091 10350
-31088 10356
-31088 10356
-31086 10362
-31086 10362
-31084 10368
-31084 10368
-31082 10374
-31082 10374
-31080 10380
-31080 10380
-31078 10386
-31078 10386
-31076 10392
-31076 10392
-31074 10398
-31074 10398
-31072 10404
-31072 10404
-31070 10410
-31070 10410
-31068 10416
-31068 10416
-31066 10422
-31066 10422
-31064 10427
-31064 10427
-31062 10433
-31062 10433
-31060 10439
-31060 10439
-31059 10446
-31059 10446
-31057 10452
-31057 10452
-31055 10458
-31055 10458
-31053 10464
-31053 10464
-31051 10470
-31051 10470
-31049 10476
-31049 10476
-31047 10482
-31047 10482
-31045 10488
-31045 10488
-31043 10494
-31043 10494
-31041 10500
-31041 10500
-31039 10506
-31039 10506
-31036 10512
-31036 10512
-31034 10518
-31034 10518
-31032 10523
-31032 10523
-31030 10529
-31030 10529
-31028 10535
-31028 10535
-31026 10541
-31026 10541
-31024 10547
-31024 10547
-31022 10553
-31022 10553
-31020 10559
-31020 10559
-31018 10565
-31018 10565
-31016 10571
-31016 10571
-31014 10577
-31014 10577
-31012 10583
-31012 10583
-31010 10589
-31010 10589
-31008 10595
-31008 10595
-31006 10601
-31006 10601
-31004 10607
-31004 10607
-31002 10613
-31002 10613
-31000 10618
-31000 10618
-30998 10624
-30998 10624
-30996 10630
-30996 10630
-30994 10636
-30994 10636
-30992 10642
-30992 10642
-30990 10648
-30990 10648
-30988 10654
-30988 10654
-30986 10660
-30986 10660
-30983 10666
-30983 10666
-30981 10672
-30981 10672
-30979 10678
-30979 10678
-30977 10684
-30977 10684
-30975 10690
-30975 10690
-30973 10696
-30973 10696
-30971 10702
-30971 10702
-30969 10708
-30969 10708
-30967 10713
-30967 10713
-30965 10719
-30965 10719
-30963 10725
-30963 10725
-30961 10731
-30961 10731
-30959 10737
-30959 10737
-30957 10743
-30957 10743
-30955 10749
-30955 10749
-30953 10755
-30953 10755
-30951 10761
-30951 10761
-30949 10767
-30949 10767
-30947 10773
-30947 10773
-30945 10779
-30945 10779
-30943 10785
-30943 10785
-30941 10791
-30941 10791
-30939 10797
-30939 10797
-30937 10803
-30937 10803
-30935 10808
-30935 10808
-30932 10814
-30932 10814
-30930 10820
-30930 10820
-30928 10826
-30928 10826
-30926 10832
-30926 10832
-30924 10838
-30924 10838
-30922 10844
-30922 10844
-30920 10850
-30920 10850
-30918 10856
-30918 10856
-30916 10862
-30916 10862
-30914 10868
-30914 10868
-30912 10874
-30912 10874
-30909 10879
-30909 10879
-30907 10885
-30907 10885
-30905 10891
-30905 10891
-30903 10897
-30903 10897
-30901 10902
-30901 10902
-30899 10908
-30899 10908
-30897 10914
-30897 10914
-30895 10920
-30895 10920
-30893 10926
-30893 10926
-30891 10932
-30891 10932
-30889 10938
-30889 10938
-30887 10944
-30887 10944
-30885 10950
-30885 10950
-30883 10956
-30883 10956
-30881 10962
-30881 10962
-30878 10968
-30878 10968
-30876 10974
-30876 10974
-30874 10980
-30874 10980
-30872 10986
-30872 10986
-30870 10992
-30870 10992
-30867 10997
-30867 10997
-30865 11003
-30865 11003
-30863 11009
-30863 11009
-30861 11015
-30861 11015
-30859 11021
-30859 11021
-30857 11027
-30857 11027
-30855 11033
-30855 11033
-30853 11039
-30853 11039
-30851 11045
-30851 11045
-30849 11051
-30849 11051
-30846 11057
-30846 11057
-30844 11063
-30844 11063
-30842 11068
-30842 11068
-30840 11074
-30840 11074
-30839 11080
-30839 11080
-30836 11086
-30836 11086
-30834 11092
-30834 11092
-30832 11098
-30832 11098
-30830 11104
-30830 11104
-30828 11110
-30828 11110
-30825 11116
-30825 11116
-30823 11121
-30823 11121
-30821 11127
-30821 11127
-30819 11133
-30819 11133
-30817 11139
-30817 11139
-30814 11145
-30814 11145
-30812 11151
-30812 11151
-30810 11157
-30810 11157
-30808 11163
-30808 11163
-30806 11169
-30806 11169
-30804 11175
-30804 11175
-30802 11181
-30802 11181
-30800 11187
-30800 11187
-30798 11193
-30798 11193
-30796 11199
-30796 11199
-30794 11205
-30794 11205
-30791 11211
-30791 11211
-30789 11217
-30789 11217
-30787 11223
-30787 11223
-30785 11229
-30785 11229
-30783 11234
-30783 11234
-30780 11240
-30780 11240
-30778 11246
-30778 11246
-30776 11252
-30776 11252
-30774 11258
-30774 11258
-30772 11264
-30772 11264
-30769 11270
-30769 11270
-30767 11276
-30767 11276
-30765 11282
-30765 11282
-30763 11287
-30763 11287
-30761 11293
-30761 11293
-30758 11299
-30758 11299
-30756 11305
-30756 11305
-30754 11311
-30754 11311
-30752 11317
-30752 11317
-30750 11323
-30750 11323
-30747 11329
-30747 11329
-30745 11335
-30745 11335
-30743 11340
-30743 11340
-30741 11346
-30741 11346
-30739 11352
-30739 11352
-30736 11358
-30736 11358
-30734 11364
-30734 11364
-30732 11370
-30732 11370
-30730 11376
-30730 11376
-30728 11382
-30728 11382
-30725 11388
-30725 11388
-30723 11393
-30723 11393
-30721 11399
-30721 11399
-30719 11405
-30719 11405
-30717 11411
-30717 11411
-30716 11417
-30716 11417
-30712 11423
-30712 11423
-30710 11429
-30710 11429
-30708 11435
-30708 11435
-30706 11441
-30706 11441
-30704 11446
-30704 11446
-30701 11452
-30701 11452
-30699 11458
-30699 11458
-30697 11464
-30697 11464
-30695 11470
-30695 11470
-30693 11476
-30693 11476
-30690 11482
-30690 11482
-30688 11488
-30688 11488
-30686 11494
-30686 11494
-30684 11499
-30684 11499
-30682 11505
-30682 11505
-30679 11511
-30679 11511
-30677 11517
-30677 11517
-30675 11523
-30675 11523
-30673 11529
-30673 11529
-30671 11535
-30671 11535
-30668 11541
-30668 11541
-30666 11547
-30666 11547
-30664 11552
-30664 11552
-30662 11558
-30662 11558
-30660 11564
-30660 11564
-30657 11570
-30657 11570
-30655 11576
-30655 11576
-30653 11582
-30653 11582
-30651 11588
-30651 11588
-30649 11594
-30649 11594
-30646 11600
-30646 11600
-30644 11606
-30644 11606
-30642 11611
-30642 11611
-30640 11617
-30640 11617
-30638 11623
-30638 11623
-30635 11629
-30635 11629
-30633 11635
-30633 11635
-30631 11641
-30631 11641
-30629 11647
-30629 11647
-30627 11653
-30627 11653
-30623 11659
-30623 11659
-30621 11663
-30621 11663
-30619 11669
-30619 11669
-30617 11675
-30617 11675
-30615 11681
-30615 11681
-30613 11687
-30613 11687
-30610 11693
-30610 11693
-30608 11699
-30608 11699
-30606 11705
-30606 11705
-30604 11711
-30604 11711
-30602 11716
-30602 11716
-30599 11722
-30599 11722
-30597 11728
-30597 11728
-30595 11734
-30595 11734
-30593 11740
-30593 11740
-30591 11746
-30591 11746
-30588 11752
-30588 11752
-30585 11758
-30585 11758
-30583 11764
-30583 11764
-30581 11769
-30581 11769
-30579 11775
-30579 11775
-30576 11781
-30576 11781
-30574 11787
-30574 11787
-30572 11793
-30572 11793
-30570 11799
-30570 11799
-30567 11805
-30567 11805
-30565 11811
-30565 11811
-30563 11816
-30563 11816
-30560 11822
-30560 11822
-30558 11828
-30558 11828
-30556 11834
-30556 11834
-30553 11840
-30553 11840
-30552 11846
-30552 11846
-30550 11851
-30550 11851
-30547 11857
-30547 11857
-30545 11863
-30545 11863
-30543 11869
-30543 11869
-30540 11875
-30540 11875
-30538 11881
-30538 11881
-30536 11886
-30536 11886
-30533 11892
-30533 11892
-30531 11898
-30531 11898
-30529 11905
-30529 11905
-30526 11911
-30526 11911
-30524 11917
-30524 11917
-30522 11922
-30522 11922
-30519 11928
-30519 11928
-30517 11934
-30517 11934
-30515 11940
-30515 11940
-30512 11946
-30512 11946
-30510 11952
-30510 11952
-30508 11957
-30508 11957
-30505 11963
-30505 11963
-30504 11969
-30504 11969
-30502 11975
-30502 11975
-30500 11981
-30500 11981
-30497 11987
-30497 11987
-30495 11992
-30495 11992
-30493 11998
-30493 11998
-30490 12004
-30490 12004
-30488 12010
-30488 12010
-30486 12016
-30486 12016
-30483 12022
-30483 12022
-30481 12027
-30481 12027
-30479 12033
-30479 12033
-30476 12039
-30476 12039
-30474 12045
-30474 12045
-30472 12051
-30472 12051
-30469 12057
-30469 12057
-30467 12062
-30467 12062
-30465 12068
-30465 12068
-30462 12074
-30462 12074
-30460 12080
-30460 12080
-30458 12086
-30458 12086
-30455 12092
-30455 12092
-30453 12097
-30453 12097
-30451 12103
-30451 12103
-30448 12109
-30448 12109
-30446 12115
-30446 12115
-30444 12121
-30444 12121
-30441 12127
-30441 12127
-30439 12132
-30439 12132
-30437 12138
-30437 12138
-30434 12144
-30434 12144
-30432 12150
-30432 12150
-30430 12156
-30430 12156
-30427 12162
-30427 12162
-30425 12168
-30425 12168
-30423 12173
-30423 12173
-30420 12179
-30420 12179
-30418 12185
-30418 12185
-30416 12191
-30416 12191
-30413 12197
-30413 12197
-30411 12203
-30411 12203
-30409 12208
-30409 12208
-30406 12214
-30406 12214
-30404 12220
-30404 12220
-30402 12226
-30402 12226
-30399 12232
-30399 12232
-30397 12238
-30397 12238
-30395 12243
-30395 12243
-30392 12249
-30392 12249
-30390 12255
-30390 12255
-30388 12261
-30388 12261
-30385 12267
-30385 12267
-30383 12273
-30383 12273
-30381 12278
-30381 12278
-30378 12284
-30378 12284
-30376 12290
-30376 12290
-30374 12296
-30374 12296
-30371 12302
-30371 12302
-30369 12308
-30369 12308
-30367 12313
-30367 12313
-30364 12319
-30364 12319
-30362 12325
-30362 12325
-30360 12331
-30360 12331
-30357 12337
-30357 12337
-30355 12343
-30355 12343
-30353 12348
-30353 12348
-30351 12354
-30351 12354
-30348 12360
-30348 12360
-30346 12366
-30346 12366
-30343 12372
-30343 12372
-30340 12378
-30340 12378
-30338 12383
-30338 12383
-30336 12389
-30336 12389
-30333 12395
-30333 12395
-30331 12401
-30331 12401
-30329 12407
-30329 12407
-30326 12413
-30326 12413
-30324 12418
-30324 12418
-30322 12424
-30322 12424
-30319 12430
-30319 12430
-30317 12435
-30317 12435
-30315 12441
-30315 12441
-30312 12447
-30312 12447
-30310 12452
-30310 12452
-30308 12458
-30308 12458
-30305 12464
-30305 12464
-30303 12470
-30303 12470
-30301 12476
-30301 12476
-30298 12482
-30298 12482
-30296 12487
-30296 12487
-30293 12493
-30293 12493
-30290 12499
-30290 12499
-30288 12505
-30288 12505
-30286 12511
-30286 12511
-30283 12517
-30283 12517
-30281 12522
-30281 12522
-30279 12528
-30279 12528
-30276 12534
-30276 12534
-30274 12540
-30274 12540
-30272 12546
-30272 12546
-30269 12552
-30269 12552
-30267 12557
-30267 12557
-30264 12563
-30264 12563
-30262 12569
-30262 12569
-30259 12575
-30259 12575
-30257 12580
-30257 12580
-30255 12586
-30255 12586
-30253 12592
-30253 12592
-30250 12598
-30250 12598
-30248 12604
-30248 12604
-30245 12609
-30245 12609
-30243 12615
-30243 12615
-30240 12621
-30240 12621
-30238 12627
-30238 12627
-30235 12632
-30235 12632
-30233 12638
-30233 12638
-30230 12644
-30230 12644
-30228 12651
-30228 12651
-30225 12656
-30225 12656
-30223 12662
-30223 12662
-30221 12668
-30221 12668
-30218 12674
-30218 12674
-30216 12680
-30216 12680
-30213 12685
-30213 12685
-30212 12691
-30212 12691
-30209 12697
-30209 12697
-30207 12703
-30207 12703
-30204 12708
-30204 12708
-30202 12714
-30202 12714
-30199 12720
-30199 12720
-30197 12726
-30197 12726
-30194 12732
-30194 12732
-30192 12737
-30192 12737
-30189 12743
-30189 12743
-30187 12749
-30187 12749
-30184 12755
-30184 12755
-30182 12760
-30182 12760
-30179 12766
-30179 12766
-30177 12772
-30177 12772
-30174 12778
-30174 12778
-30172 12783
-30172 12783
-30170 12789
-30170 12789
-30167 12795
-30167 12795
-30165 12801
-30165 12801
-30162 12807
-30162 12807
-30160 12812
-30160 12812
-30157 12818
-30157 12818
-30155 12824
-30155 12824
-30152 12830
-30152 12830
-30150 12835
-30150 12835
-30147 12841
-30147 12841
-30145 12847
-30145 12847
-30142 12853
-30142 12853
-30140 12859
-30140 12859
-30137 12864
-30137 12864
-30135 12870
-30135 12870
-30132 12876
-30132 12876
-30130 12882
-30130 12882
-30127 12887
-30127 12887
-30125 12893
-30125 12893
-30122 12899
-30122 12899
-30120 12905
-30120 12905
-30118 12911
-30118 12911
-30115 12916
-30115 12916
-30113 12922
-30113 12922
-30110 12928
-30110 12928
-30108 12934
-30108 12934
-30105 12939
-30105 12939
-30103 12945
-30103 12945
-30100 12951
-30100 12951
-30098 12957
-30098 12957
-30095 12962
-30095 12962
-30093 12968
-30093 12968
-30090 12974
-30090 12974
-30088 12980
-30088 12980
-30085 12986
-30085 12986
-30083 12991
-30083 12991
-30080 12997
-30080 12997
-30078 13003
-30078 13003
-30075 13009
-30075 13009
-30073 13014
-30073 13014
-30070 13020
-30070 13020
-30068 13026
-30068 13026
-30065 13032
-30065 13032
-30063 13038
-30063 13038
-30061 13043
-30061 13043
-30058 13049
-30058 13049
-30056 13055
-30056 13055
-30053 13061
-30053 13061
-30051 13066
-30051 13066
-30048 13072
-30048 13072
-30046 13078
-30046 13078
-30043 13084
-30043 13084
-30041 13089
-30041 13089
-30038 13095
-30038 13095
-30036 13101
-30036 13101
-30033 13107
-30033 13107
-30031 13113
-30031 13113
-30028 13118
-30028 13118
-30026 13124
-30026 13124
-30023 13130
-30023 13130
-30020 13136
-30020 13136
-30017 13141
-30017 13141
-30015 13147
-30015 13147
-30012 13153
-30012 13153
-30010 13159
-30010 13159
-30008 13165
-30008 13165
-30005 13170
-30005 13170
-30003 13175
-30003 13175
-30000 13181
-30000 13181
-29998 13187
-29998 13187
-29995 13192
-29995 13192
-29993 13198
-29993 13198
-29990 13204
-29990 13204
-29988 13210
-29988 13210
-29985 13215
-29985 13215
-29983 13221
-29983 13221
-29980 13227
-29980 13227
-29978 13233
-29978 13233
-29974 13239
-29974 13239
-29972 13244
-29972 13244
-29969 13250
-29969 13250
-29967 13256
-29967 13256
-29964 13262
-29964 13262
-29962 13267
-29962 13267
-29959 13273
-29959 13273
-29957 13279
-29957 13279
-29954 13285
-29954 13285
-29952 13290
-29952 13290
-29949 13296
-29949 13296
-29947 13302
-29947 13302
-29944 13308
-29944 13308
-29941 13313
-29941 13313
-29939 13319
-29939 13319
-29937 13325
-29937 13325
-29934 13330
-29934 13330
-29932 13336
-29932 13336
-29929 13342
-29929 13342
-29927 13348
-29927 13348
-29924 13353
-29924 13353
-29921 13359
-29921 13359
-29919 13365
-29919 13365
-29916 13370
-29916 13370
-29914 13376
-29914 13376
-29911 13382
-29911 13382
-29908 13389
-29908 13389
-29906 13394
-29906 13394
-29903 13400
-29903 13400
-29900 13406
-29900 13406
-29898 13411
-29898 13411
-29895 13417
-29895 13417
-29893 13423
-29893 13423
-29890 13428
-29890 13428
-29887 13434
-29887 13434
-29886 13440
-29886 13440
-29883 13446
-29883 13446
-29880 13451
-29880 13451
-29878 13457
-29878 13457
-29875 13463
-29875 13463
-29873 13468
-29873 13468
-29870 13474
-29870 13474
-29867 13480
-29867 13480
-29865 13486
-29865 13486
-29862 13491
-29862 13491
-29860 13497
-29860 13497
-29857 13503
-29857 13503
-29854 13508
-29854 13508
-29852 13514
-29852 13514
-29849 13520
-29849 13520
-29846 13526
-29846 13526
-29844 13531
-29844 13531
-29841 13537
-29841 13537
-29839 13543
-29839 13543
-29836 13548
-29836 13548
-29833 13554
-29833 13554
-29831 13560
-29831 13560
-29828 13566
-29828 13566
-29826 13571
-29826 13571
-29823 13577
-29823 13577
-29820 13583
-29820 13583
-29818 13588
-29818 13588
-29815 13594
-29815 13594
-29812 13600
-29812 13600
-29810 13606
-29810 13606
-29807 13611
-29807 13611
-29805 13617
-29805 13617
-29802 13623
-29802 13623
-29799 13628
-29799 13628
-29797 13634
-29797 13634
-29794 13640
-29794 13640
-29792 13646
-29792 13646
-29789 13651
-29789 13651
-29786 13657
-29786 13657
-29784 13663
-29784 13663
-29781 13668
-29781 13668
-29778 13674
-29778 13674
-29776 13680
-29776 13680
-29773 13685
-29773 13685
-29771 13691
-29771 13691
-29768 13697
-29768 13697
-29765 13703
-29765 13703
-29763 13708
-29763 13708
-29760 13714
-29760 13714
-29757 13720
-29757 13720
-29755 13725
-29755 13725
-29752 13731
-29752 13731
-29750 13737
-29750 13737
-29747 13743
-29747 13743
-29744 13748
-29744 13748
-29742 13754
-29742 13754
-29739 13760
-29739 13760
-29737 13765
-29737 13765
-29734 13771
-29734 13771
-29731 13777
-29731 13777
-29729 13783
-29729 13783
-29726 13788
-29726 13788
-29723 13794
-29723 13794
-29721 13800
-29721 13800
-29718 13805
-29718 13805
-29716 13811
-29716 13811
-29713 13817
-29713 13817
-29710 13823
-29710 13823
-29708 13828
-29708 13828
-29705 13834
-29705 13834
-29703 13840
-29703 13840
-29700 13845
-29700 13845
-29697 13851
-29697 13851
-29694 13857
-29694 13857
-29691 13863
-29691 13863
-29688 13868
-29688 13868
-29686 13874
-29686 13874
-29683 13880
-29683 13880
-29681 13885
-29681 13885
-29678 13891
-29678 13891
-29675 13897
-29675 13897
-29673 13902
-29673 13902
-29670 13907
-29670 13907
-29667 13913
-29667 13913
-29665 13919
-29665 13919
-29662 13924
-29662 13924
-29660 13930
-29660 13930
-29657 13936
-29657 13936
-29654 13941
-29654 13941
-29652 13947
-29652 13947
-29649 13953
-29649 13953
-29647 13959
-29647 13959
-29644 13964
-29644 13964
-29640 13970
-29640 13970
-29638 13976
-29638 13976
-29635 13981
-29635 13981
-29632 13987
-29632 13987
-29630 13993
-29630 13993
-29627 13999
-29627 13999
-29625 14004
-29625 14004
-29622 14010
-29622 14010
-29619 14016
-29619 14016
-29616 14021
-29616 14021
-29614 14027
-29614 14027
-29611 14033
-29611 14033
-29608 14038
-29608 14038
-29605 14044
-29605 14044
-29603 14050
-29603 14050
-29601 14055
-29601 14055
-29598 14061
-29598 14061
-29595 14066
-29595 14066
-29593 14072
-29593 14072
-29590 14078
-29590 14078
-29587 14083
-29587 14083
-29584 14089
-29584 14089
-29582 14095
-29582 14095
-29579 14100
-29579 14100
-29576 14107
-29576 14107
-29573 14113
-29573 14113
-29571 14118
-29571 14118
-29568 14124
-29568 14124
-29565 14130
-29565 14130
-29562 14135
-29562 14135
-29560 14141
-29560 14141
-29557 14147
-29557 14147
-29554 14152
-29554 14152
-29551 14158
-29551 14158
-29549 14164
-29549 14164
-29547 14169
-29547 14169
-29544 14175
-29544 14175
-29541 14180
-29541 14180
-29539 14186
-29539 14186
-29536 14192
-29536 14192
-29533 14197
-29533 14197
-29530 14203
-29530 14203
-29527 14209
-29527 14209
-29525 14214
-29525 14214
-29522 14220
-29522 14220
-29519 14226
-29519 14226
-29516 14231
-29516 14231
-29514 14237
-29514 14237
-29511 14243
-29511 14243
-29508 14248
-29508 14248
-29505 14254
-29505 14254
-29503 14260
-29503 14260
-29500 14265
-29500 14265
-29497 14271
-29497 14271
-29494 14276
-29494 14276
-29492 14282
-29492 14282
-29489 14288
-29489 14288
-29486 14293
-29486 14293
-29483 14299
-29483 14299
-29481 14305
-29481 14305
-29478 14310
-29478 14310
-29475 14316
-29475 14316
-29472 14322
-29472 14322
-29470 14327
-29470 14327
-29467 14333
-29467 14333
-29464 14339
-29464 14339
-29461 14344
-29461 14344
-29459 14350
-29459 14350
-29456 14356
-29456 14356
-29453 14361
-29453 14361
-29450 14367
-29450 14367
-29448 14373
-29448 14373
-29445 14378
-29445 14378
-29442 14384
-29442 14384
-29439 14389
-29439 14389
-29436 14395
-29436 14395
-29434 14401
-29434 14401
-29431 14406
-29431 14406
-29428 14412
-29428 14412
-29425 14418
-29425 14418
-29423 14423
-29423 14423
-29420 14429
-29420 14429
-29417 14435
-29417 14435
-29414 14440
-29414 14440
-29412 14446
-29412 14446
-29409 14452
-29409 14452
-29406 14457
-29406 14457
-29403 14463
-29403 14463
-29401 14469
-29401 14469
-29398 14474
-29398 14474
-29395 14480
-29395 14480
-29392 14485
-29392 14485
-29390 14491
-29390 14491
-29387 14497
-29387 14497
-29384 14502
-29384 14502
-29381 14508
-29381 14508
-29379 14514
-29379 14514
-29376 14519
-29376 14519
-29373 14525
-29373 14525
-29370 14531
-29370 14531
-29368 14536
-29368 14536
-29365 14542
-29365 14542
-29362 14548
-29362 14548
-29359 14553
-29359 14553
-29356 14559
-29356 14559
-29354 14565
-29354 14565
-29351 14570
-29351 14570
-29348 14576
-29348 14576
-29344 14581
-29344 14581
-29342 14587
-29342 14587
-29339 14593
-29339 14593
-29336 14598
-29336 14598
-29333 14604
-29333 14604
-29331 14610
-29331 14610
-29328 14615
-29328 14615
-29325 14621
-29325 14621
-29322 14627
-29322 14627
-29320 14632
-29320 14632
-29317 14638
-29317 14638
-29314 14643
-29314 14643
-29311 14648
-29311 14648
-29309 14654
-29309 14654
-29306 14660
-29306 14660
-29303 14665
-29303 14665
-29300 14671
-29300 14671
-29298 14677
-29298 14677
-29295 14682
-29295 14682
-29292 14688
-29292 14688
-29288 14693
-29288 14693
-29286 14699
-29286 14699
-29283 14705
-29283 14705
-29280 14710
-29280 14710
-29277 14716
-29277 14716
-29275 14722
-29275 14722
-29272 14727
-29272 14727
-29269 14733
-29269 14733
-29266 14739
-29266 14739
-29263 14744
-29263 14744
-29260 14750
-29260 14750
-29257 14755
-29257 14755
-29255 14761
-29255 14761
-29252 14766
-29252 14766
-29249 14772
-29249 14772
-29246 14778
-29246 14778
-29244 14783
-29244 14783
-29241 14789
-29241 14789
-29238 14794
-29238 14794
-29235 14800
-29235 14800
-29232 14806
-29232 14806
-29230 14811
-29230 14811
-29227 14818
-29227 14818
-29224 14823
-29224 14823
-29221 14829
-29221 14829
-29218 14834
-29218 14834
-29215 14840
-29215 14840
-29212 14846
-29212 14846
-29209 14851
-29209 14851
-29206 14857
-29206 14857
-29204 14862
-29204 14862
-29201 14868
-29201 14868
-29198 14873
-29198 14873
-29195 14879
-29195 14879
-29192 14885
-29192 14885
-29189 14890
-29189 14890
-29186 14896
-29186 14896
-29184 14901
-29184 14901
-29181 14907
-29181 14907
-29179 14913
-29179 14913
-29176 14918
-29176 14918
-29173 14924
-29173 14924
-29170 14929
-29170 14929
-29167 14935
-29167 14935
-29164 14940
-29164 14940
-29161 14946
-29161 14946
-29158 14952
-29158 14952
-29155 14957
-29155 14957
-29152 14963
-29152 14963
-29150 14968
-29150 14968
-29147 14974
-29147 14974
-29144 14979
-29144 14979
-29141 14985
-29141 14985
-29138 14991
-29138 14991
-29135 14996
-29135 14996
-29132 15002
-29132 15002
-29129 15007
-29129 15007
-29126 15013
-29126 15013
-29124 15018
-29124 15018
-29121 15024
-29121 15024
-29118 15030
-29118 15030
-29115 15035
-29115 15035
-29112 15041
-29112 15041
-29109 15046
-29109 15046
-29106 15052
-29106 15052
-29103 15058
-29103 15058
-29100 15063
-29100 15063
-29098 15069
-29098 15069
-29095 15074
-29095 15074
-29092 15080
-29092 15080
-29089 15085
-29089 15085
-29086 15091
-29086 15091
-29083 15097
-29083 15097
-29080 15102
-29080 15102
-29077 15108
-29077 15108
-29074 15113
-29074 15113
-29072 15119
-29072 15119
-29069 15124
-29069 15124
-29066 15130
-29066 15130
-29063 15136
-29063 15136
-29060 15141
-29060 15141
-29057 15147
-29057 15147
-29054 15152
-29054 15152
-29051 15158
-29051 15158
-29048 15164
-29048 15164
-29046 15169
-29046 15169
-29043 15175
-29043 15175
-29040 15180
-29040 15180
-29037 15186
-29037 15186
-29034 15191
-29034 15191
-29031 15197
-29031 15197
-29028 15203
-29028 15203
-29025 15208
-29025 15208
-29022 15214
-29022 15214
-29020 15219
-29020 15219
-29017 15225
-29017 15225
-29014 15230
-29014 15230
-29011 15236
-29011 15236
-29008 15242
-29008 15242
-29005 15247
-29005 15247
-29002 15253
-29002 15253
-28999 15258
-28999 15258
-28996 15264
-28996 15264
-28994 15270
-28994 15270
-28991 15275
-28991 15275
-28988 15281
-28988 15281
-28984 15286
-28984 15286
-28981 15292
-28981 15292
-28978 15297
-28978 15297
-28975 15303
-28975 15303
-28972 15309
-28972 15309
-28969 15314
-28969 15314
-28966 15320
-28966 15320
-28964 15325
-28964 15325
-28961 15331
-28961 15331
-28958 15336
-28958 15336
-28955 15342
-28955 15342
-28952 15348
-28952 15348
-28949 15353
-28949 15353
-28946 15359
-28946 15359
-28943 15364
-28943 15364
-28940 15369
-28940 15369
-28938 15374
-28938 15374
-28935 15380
-28935 15380
-28932 15386
-28932 15386
-28929 15391
-28929 15391
-28926 15397
-28926 15397
-28922 15402
-28922 15402
-28919 15408
-28919 15408
-28916 15414
-28916 15414
-28913 15419
-28913 15419
-28911 15425
-28911 15425
-28908 15430
-28908 15430
-28905 15436
-28905 15436
-28902 15441
-28902 15441
-28899 15447
-28899 15447
-28896 15453
-28896 15453
-28893 15458
-28893 15458
-28890 15464
-28890 15464
-28887 15469
-28887 15469
-28884 15475
-28884 15475
-28881 15480
-28881 15480
-28878 15486
-28878 15486
-28876 15491
-28876 15491
-28873 15497
-28873 15497
-28870 15502
-28870 15502
-28867 15508
-28867 15508
-28864 15513
-28864 15513
-28861 15519
-28861 15519
-28858 15524
-28858 15524
-28855 15530
-28855 15530
-28852 15535
-28852 15535
-28848 15542
-28848 15542
-28845 15547
-28845 15547
-28842 15553
-28842 15553
-28839 15558
-28839 15558
-28836 15564
-28836 15564
-28833 15569
-28833 15569
-28830 15575
-28830 15575
-28827 15580
-28827 15580
-28824 15586
-28824 15586
-28821 15591
-28821 15591
-28818 15597
-28818 15597
-28816 15602
-28816 15602
-28813 15608
-28813 15608
-28810 15613
-28810 15613
-28807 15619
-28807 15619
-28804 15624
-28804 15624
-28801 15630
-28801 15630
-28798 15635
-28798 15635
-28795 15641
-28795 15641
-28792 15646
-28792 15646
-28789 15652
-28789 15652
-28786 15657
-28786 15657
-28783 15663
-28783 15663
-28780 15668
-28780 15668
-28777 15674
-28777 15674
-28774 15679
-28774 15679
-28771 15685
-28771 15685
-28768 15690
-28768 15690
-28765 15696
-28765 15696
-28762 15701
-28762 15701
-28759 15707
-28759 15707
-28756 15712
-28756 15712
-28752 15718
-28752 15718
-28749 15723
-28749 15723
-28746 15729
-28746 15729
-28743 15734
-28743 15734
-28740 15740
-28740 15740
-28737 15745
-28737 15745
-28734 15751
-28734 15751
-28731 15756
-28731 15756
-28728 15762
-28728 15762
-28725 15767
-28725 15767
-28722 15773
-28722 15773
-28719 15778
-28719 15778
-28716 15784
-28716 15784
-28713 15789
-28713 15789
-28710 15795
-28710 15795
-28707 15800
-28707 15800
-28704 15806
-28704 15806
-28701 15811
-28701 15811
-28698 15817
-28698 15817
-28695 15822
-28695 15822
-28692 15828
-28692 15828
-28689 15833
-28689 15833
-28686 15839
-28686 15839
-28683 15844
-28683 15844
-28680 15850
-28680 15850
-28677 15855
-28677 15855
-28674 15861
-28674 15861
-28671 15866
-28671 15866
-28668 15872
-28668 15872
-28665 15877
-28665 15877
-28662 15883
-28662 15883
-28659 15888
-28659 15888
-28655 15894
-28655 15894
-28652 15899
-28652 15899
-28649 15905
-28649 15905
-28646 15910
-28646 15910
-28643 15916
-28643 15916
-28640 15921
-28640 15921
-28637 15927
-28637 15927
-28634 15932
-28634 15932
-28631 15938
-28631 15938
-28628 15943
-28628 15943
-28625 15949
-28625 15949
-28622 15954
-28622 15954
-28619 15960
-28619 15960
-28616 15965
-28616 15965
-28613 15971
-28613 15971
-28610 15976
-28610 15976
-28607 15982
-28607 15982
-28604 15987
-28604 15987
-28601 15993
-28601 15993
-28598 15998
-28598 15998
-28594 16004
-28594 16004
-28591 16009
-28591 16009
-28588 16015
-28588 16015
-28585 16020
-28585 16020
-28582 16026
-28582 16026
-28579 16031
-28579 16031
-28576 16037
-28576 16037
-28573 16042
-28573 16042
-28570 16048
-28570 16048
-28567 16053
-28567 16053
-28564 16059
-28564 16059
-28561 16063
-28561 16063
-28557 16069
-28557 16069
-28554 16074
-28554 16074
-28551 16080
-28551 16080
-28548 16085
-28548 16085
-28545 16091
-28545 16091
-28542 16096
-28542 16096
-28539 16102
-28539 16102
-28536 16107
-28536 16107
-28532 16113
-28532 16113
-28529 16118
-28529 16118
-28526 16124
-28526 16124
-28523 16129
-28523 16129
-28520 16135
-28520 16135
-28517 16140
-28517 16140
-28514 16146
-28514 16146
-28511 16151
-28511 16151
-28508 16156
-28508 16156
-28505 16162
-28505 16162
-28502 16167
-28502 16167
-28498 16173
-28498 16173
-28495 16178
-28495 16178
-28492 16184
-28492 16184
-28489 16189
-28489 16189
-28486 16194
-28486 16194
-28484 16200
-28484 16200
-28480 16205
-28480 16205
-28477 16211
-28477 16211
-28474 16216
-28474 16216
-28471 16222
-28471 16222
-28468 16227
-28468 16227
-28465 16233
-28465 16233
-28461 16239
-28461 16239
-28458 16244
-28458 16244
-28455 16250
-28455 16250
-28452 16255
-28452 16255
-28449 16261
-28449 16261
-28446 16266
-28446 16266
-28442 16271
-28442 16271
-28439 16277
-28439 16277
-28436 16282
-28436 16282
-28433 16288
-28433 16288
-28430 16293
-28430 16293
-28427 16299
-28427 16299
-28423 16304
-28423 16304
-28420 16309
-28420 16309
-28418 16315
-28418 16315
-28415 16320
-28415 16320
-28412 16326
-28412 16326
-28409 16331
-28409 16331
-28405 16337
-28405 16337
-28402 16342
-28402 16342
-28399 16347
-28399 16347
-28396 16353
-28396 16353
-28393 16358
-28393 16358
-28390 16364
-28390 16364
-28386 16369
-28386 16369
-28383 16375
-28383 16375
-28380 16380
-28380 16380
-28377 16385
-28377 16385
-28374 16391
-28374 16391
-28371 16396
-28371 16396
-28367 16402
-28367 16402
-28364 16407
-28364 16407
-28361 16413
-28361 16413
-28358 16418
-28358 16418
-28355 16423
-28355 16423
-28352 16429
-28352 16429
-28348 16434
-28348 16434
-28345 16440
-28345 16440
-28342 16445
-28342 16445
-28339 16451
-28339 16451
-28336 16456
-28336 16456
-28333 16461
-28333 16461
-28329 16467
-28329 16467
-28326 16472
-28326 16472
-28323 16478
-28323 16478
-28320 16483
-28320 16483
-28317 16489
-28317 16489
-28314 16494
-28314 16494
-28311 16500
-28311 16500
-28307 16505
-28307 16505
-28304 16510
-28304 16510
-28301 16516
-28301 16516
-28298 16521
-28298 16521
-28295 16527
-28295 16527
-28292 16532
-28292 16532
-28288 16538
-28288 16538
-28285 16543
-28285 16543
-28282 16548
-28282 16548
-28279 16554
-28279 16554
-28276 16559
-28276 16559
-28273 16565
-28273 16565
-28269 16570
-28269 16570
-28266 16576
-28266 16576
-28263 16581
-28263 16581
-28260 16586
-28260 16586
-28257 16592
-28257 16592
-28254 16597
-28254 16597
-28250 16603
-28250 16603
-28247 16608
-28247 16608
-28244 16614
-28244 16614
-28241 16619
-28241 16619
-28238 16624
-28238 16624
-28235 16630
-28235 16630
-28231 16635
-28231 16635
-28228 16641
-28228 16641
-28225 16646
-28225 16646
-28222 16652
-28222 16652
-28219 16657
-28219 16657
-28216 16662
-28216 16662
-28212 16668
-28212 16668
-28209 16673
-28209 16673
-28206 16679
-28206 16679
-28203 16684
-28203 16684
-28199 16690
-28199 16690
-28196 16695
-28196 16695
-28192 16700
-28192 16700
-28189 16706
-28189 16706
-28186 16711
-28186 16711
-28183 16717
-28183 16717
-28180 16722
-28180 16722
-28177 16728
-28177 16728
-28173 16733
-28173 16733
-28170 16738
-28170 16738
-28167 16744
-28167 16744
-28164 16749
-28164 16749
-28161 16755
-28161 16755
-28158 16760
-28158 16760
-28154 16766
-28154 16766
-28151 16770
-28151 16770
-28148 16775
-28148 16775
-28145 16781
-28145 16781
-28142 16786
-28142 16786
-28139 16792
-28139 16792
-28135 16797
-28135 16797
-28131 16803
-28131 16803
-28128 16808
-28128 16808
-28125 16813
-28125 16813
-28122 16819
-28122 16819
-28119 16824
-28119 16824
-28115 16830
-28115 16830
-28112 16835
-28112 16835
-28109 16841
-28109 16841
-28106 16846
-28106 16846
-28103 16851
-28103 16851
-28099 16857
-28099 16857
-28096 16862
-28096 16862
-28093 16867
-28093 16867
-28090 16873
-28090 16873
-28086 16878
-28086 16878
-28083 16883
-28083 16883
-28080 16889
-28080 16889
-28077 16894
-28077 16894
-28074 16900
-28074 16900
-28071 16905
-28071 16905
-28067 16910
-28067 16910
-28064 16917
-28064 16917
-28061 16922
-28061 16922
-28058 16927
-28058 16927
-28054 16933
-28054 16933
-28051 16938
-28051 16938
-28048 16943
-28048 16943
-28044 16949
-28044 16949
-28041 16954
-28041 16954
-28038 16959
-28038 16959
-28034 16965
-28034 16965
-28031 16970
-28031 16970
-28028 16975
-28028 16975
-28025 16981
-28025 16981
-28021 16986
-28021 16986
-28018 16991
-28018 16991
-28015 16997
-28015 16997
-28011 17002
-28011 17002
-28009 17008
-28009 17008
-28006 17013
-28006 17013
-28003 17018
-28003 17018
-27999 17024
-27999 17024
-27996 17029
-27996 17029
-27993 17034
-27993 17034
-27989 17040
-27989 17040
-27986 17045
-27986 17045
-27983 17050
-27983 17050
-27979 17056
-27979 17056
-27976 17061
-27976 17061
-27973 17066
-27973 17066
-27970 17072
-27970 17072
-27966 17077
-27966 17077
-27963 17082
-27963 17082
-27960 17088
-27960 17088
-27956 17093
-27956 17093
-27953 17099
-27953 17099
-27950 17104
-27950 17104
-27946 17109
-27946 17109
-27943 17115
-27943 17115
-27940 17120
-27940 17120
-27937 17125
-27937 17125
-27933 17131
-27933 17131
-27930 17136
-27930 17136
-27927 17141
-27927 17141
-27923 17147
-27923 17147
-27920 17152
-27920 17152
-27917 17157
-27917 17157
-27913 17163
-27913 17163
-27910 17168
-27910 17168
-27907 17173
-27907 17173
-27904 17179
-27904 17179
-27900 17184
-27900 17184
-27897 17190
-27897 17190
-27894 17195
-27894 17195
-27890 17200
-27890 17200
-27887 17206
-27887 17206
-27884 17211
-27884 17211
-27881 17216
-27881 17216
-27877 17222
-27877 17222
-27874 17227
-27874 17227
-27871 17232
-27871 17232
-27867 17238
-27867 17238
-27864 17243
-27864 17243
-27861 17248
-27861 17248
-27857 17254
-27857 17254
-27854 17259
-27854 17259
-27851 17264
-27851 17264
-27848 17270
-27848 17270
-27844 17275
-27844 17275
-27841 17280
-27841 17280
-27838 17286
-27838 17286
-27834 17291
-27834 17291
-27831 17297
-27831 17297
-27828 17302
-27828 17302
-27824 17307
-27824 17307
-27821 17313
-27821 17313
-27818 17318
-27818 17318
-27815 17323
-27815 17323
-27811 17329
-27811 17329
-27808 17334
-27808 17334
-27805 17339
-27805 17339
-27801 17345
-27801 17345
-27798 17350
-27798 17350
-27795 17355
-27795 17355
-27792 17361
-27792 17361
-27788 17366
-27788 17366
-27785 17371
-27785 17371
-27781 17377
-27781 17377
-27777 17382
-27777 17382
-27774 17388
-27774 17388
-27771 17393
-27771 17393
-27767 17398
-27767 17398
-27764 17404
-27764 17404
-27761 17409
-27761 17409
-27758 17414
-27758 17414
-27754 17420
-27754 17420
-27751 17425
-27751 17425
-27748 17430
-27748 17430
-27744 17436
-27744 17436
-27741 17441
-27741 17441
-27738 17446
-27738 17446
-27734 17452
-27734 17452
-27731 17457
-27731 17457
-27728 17462
-27728 17462
-27725 17467
-27725 17467
-27721 17472
-27721 17472
-27718 17477
-27718 17477
-27715 17483
-27715 17483
-27710 17488
-27710 17488
-27707 17494
-27707 17494
-27704 17499
-27704 17499
-27700 17504
-27700 17504
-27697 17510
-27697 17510
-27694 17515
-27694 17515
-27691 17520
-27691 17520
-27687 17526
-27687 17526
-27684 17531
-27684 17531
-27681 17536
-27681 17536
-27677 17542
-27677 17542
-27674 17547
-27674 17547
-27670 17552
-27670 17552
-27667 17557
-27667 17557
-27663 17563
-27663 17563
-27660 17568
-27660 17568
-27657 17573
-27657 17573
-27654 17578
-27654 17578
-27651 17584
-27651 17584
-27647 17589
-27647 17589
-27644 17594
-27644 17594
-27641 17600
-27641 17600
-27637 17606
-27637 17606
-27634 17611
-27634 17611
-27630 17616
-27630 17616
-27627 17622
-27627 17622
-27623 17627
-27623 17627
-27620 17632
-27620 17632
-27617 17637
-27617 17637
-27613 17643
-27613 17643
-27610 17648
-27610 17648
-27606 17653
-27606 17653
-27603 17658
-27603 17658
-27599 17664
-27599 17664
-27596 17669
-27596 17669
-27593 17674
-27593 17674
-27589 17679
-27589 17679
-27586 17685
-27586 17685
-27582 17690
-27582 17690
-27579 17695
-27579 17695
-27577 17701
-27577 17701
-27573 17706
-27573 17706
-27570 17711
-27570 17711
-27566 17716
-27566 17716
-27563 17722
-27563 17722
-27559 17727
-27559 17727
-27556 17732
-27556 17732
-27553 17737
-27553 17737
-27549 17743
-27549 17743
-27546 17748
-27546 17748
-27542 17753
-27542 17753
-27539 17758
-27539 17758
-27535 17764
-27535 17764
-27532 17769
-27532 17769
-27529 17774
-27529 17774
-27525 17779
-27525 17779
-27522 17785
-27522 17785
-27518 17790
-27518 17790
-27515 17795
-27515 17795
-27511 17801
-27511 17801
-27508 17806
-27508 17806
-27505 17811
-27505 17811
-27501 17816
-27501 17816
-27498 17822
-27498 17822
-27494 17827
-27494 17827
-27491 17832
-27491 17832
-27488 17837
-27488 17837
-27484 17843
-27484 17843
-27481 17848
-27481 17848
-27477 17853
-27477 17853
-27474 17858
-27474 17858
-27470 17864
-27470 17864
-27467 17869
-27467 17869
-27464 17874
-27464 17874
-27460 17880
-27460 17880
-27457 17885
-27457 17885
-27453 17890
-27453 17890
-27450 17895
-27450 17895
-27446 17901
-27446 17901
-27443 17906
-27443 17906
-27440 17911
-27440 17911
-27436 17916
-27436 17916
-27433 17922
-27433 17922
-27429 17927
-27429 17927
-27426 17932
-27426 17932
-27423 17937
-27423 17937
-27419 17943
-27419 17943
-27416 17948
-27416 17948
-27412 17953
-27412 17953
-27409 17959
-27409 17959
-27405 17964
-27405 17964
-27402 17969
-27402 17969
-27399 17974
-27399 17974
-27395 17980
-27395 17980
-27392 17985
-27392 17985
-27388 17990
-27388 17990
-27385 17995
-27385 17995
-27381 18001
-27381 18001
-27378 18006
-27378 18006
-27375 18011
-27375 18011
-27371 18016
-27371 18016
-27368 18022
-27368 18022
-27364 18027
-27364 18027
-27361 18032
-27361 18032
-27358 18038
-27358 18038
-27353 18043
-27353 18043
-27350 18048
-27350 18048
-27346 18053
-27346 18053
-27343 18059
-27343 18059
-27339 18064
-27339 18064
-27336 18069
-27336 18069
-27333 18074
-27333 18074
-27329 18080
-27329 18080
-27326 18085
-27326 18085
-27322 18090
-27322 18090
-27319 18095
-27319 18095
-27315 18101
-27315 18101
-27312 18106
-27312 18106
-27309 18111
-27309 18111
-27305 18116
-27305 18116
-27302 18122
-27302 18122
-27298 18127
-27298 18127
-27295 18132
-27295 18132
-27291 18138
-27291 18138
-27288 18142
-27288 18142
-27285 18147
-27285 18147
-27281 18152
-27281 18152
-27278 18158
-27278 18158
-27273 18163
-27273 18163
-27270 18168
-27270 18168
-27267 18173
-27267 18173
-27263 18179
-27263 18179
-27260 18184
-27260 18184
-27256 18189
-27256 18189
-27253 18194
-27253 18194
-27249 18200
-27249 18200
-27246 18205
-27246 18205
-27242 18210
-27242 18210
-27239 18215
-27239 18215
-27235 18221
-27235 18221
-27232 18226
-27232 18226
-27228 18231
-27228 18231
-27225 18236
-27225 18236
-27221 18241
-27221 18241
-27218 18246
-27218 18246
-27215 18252
-27215 18252
-27211 18257
-27211 18257
-27208 18262
-27208 18262
-27204 18267
-27204 18267
-27201 18273
-27201 18273
-27197 18279
-27197 18279
-27194 18284
-27194 18284
-27190 18289
-27190 18289
-27187 18294
-27187 18294
-27183 18299
-27183 18299
-27179 18304
-27179 18304
-27176 18310
-27176 18310
-27172 18315
-27172 18315
-27169 18320
-27169 18320
-27165 18325
-27165 18325
-27162 18330
-27162 18330
-27158 18335
-27158 18335
-27155 18341
-27155 18341
-27151 18346
-27151 18346
-27147 18351
-27147 18351
-27144 18356
-27144 18356
-27141 18361
-27141 18361
-27138 18367
-27138 18367
-27134 18372
-27134 18372
-27131 18377
-27131 18377
-27127 18382
-27127 18382
-27124 18387
-27124 18387
-27120 18392
-27120 18392
-27116 18398
-27116 18398
-27113 18403
-27113 18403
-27109 18408
-27109 18408
-27106 18413
-27106 18413
-27102 18418
-27102 18418
-27099 18424
-27099 18424
-27095 18429
-27095 18429
-27092 18434
-27092 18434
-27088 18439
-27088 18439
-27084 18444
-27084 18444
-27081 18449
-27081 18449
-27077 18455
-27077 18455
-27074 18460
-27074 18460
-27070 18465
-27070 18465
-27067 18470
-27067 18470
-27063 18475
-27063 18475
-27060 18481
-27060 18481
-27056 18486
-27056 18486
-27052 18491
-27052 18491
-27049 18496
-27049 18496
-27045 18501
-27045 18501
-27042 18506
-27042 18506
-27038 18512
-27038 18512
-27035 18517
-27035 18517
-27031 18522
-27031 18522
-27028 18527
-27028 18527
-27024 18532
-27024 18532
-27021 18538
-27021 18538
-27017 18543
-27017 18543
-27013 18548
-27013 18548
-27010 18553
-27010 18553
-27006 18558
-27006 18558
-27003 18563
-27003 18563
-26999 18569
-26999 18569
-26996 18574
-26996 18574
-26992 18579
-26992 18579
-26989 18584
-26989 18584
-26985 18589
-26985 18589
-26981 18594
-26981 18594
-26978 18600
-26978 18600
-26974 18605
-26974 18605
-26971 18610
-26971 18610
-26967 18615
-26967 18615
-26964 18620
-26964 18620
-26960 18626
-26960 18626
-26957 18631
-26957 18631
-26953 18636
-26953 18636
-26949 18641
-26949 18641
-26946 18646
-26946 18646
-26942 18651
-26942 18651
-26939 18657
-26939 18657
-26935 18662
-26935 18662
-26932 18667
-26932 18667
-26928 18672
-26928 18672
-26925 18677
-26925 18677
-26921 18683
-26921 18683
-26917 18688
-26917 18688
-26914 18693
-26914 18693
-26910 18698
-26910 18698
-26907 18703
-26907 18703
-26903 18708
-26903 18708
-26900 18714
-26900 18714
-26895 18719
-26895 18719
-26892 18724
-26892 18724
-26888 18729
-26888 18729
-26884 18734
-26884 18734
-26881 18740
-26881 18740
-26877 18745
-26877 18745
-26874 18750
-26874 18750
-26870 18755
-26870 18755
-26867 18760
-26867 18760
-26863 18765
-26863 18765
-26860 18771
-26860 18771
-26856 18776
-26856 18776
-26852 18781
-26852 18781
-26849 18786
-26849 18786
-26845 18791
-26845 18791
-26842 18796
-26842 18796
-26838 18802
-26838 18802
-26835 18806
-26835 18806
-26831 18811
-26831 18811
-26828 18816
-26828 18816
-26824 18821
-26824 18821
-26819 18827
-26819 18827
-26816 18832
-26816 18832
-26812 18837
-26812 18837
-26809 18842
-26809 18842
-26805 18847
-26805 18847
-26802 18852
-26802 18852
-26798 18858
-26798 18858
-26795 18863
-26795 18863
-26791 18868
-26791 18868
-26787 18873
-26787 18873
-26784 18878
-26784 18878
-26780 18883
-26780 18883
-26776 18888
-26776 18888
-26773 18893
-26773 18893
-26769 18899
-26769 18899
-26765 18904
-26765 18904
-26762 18909
-26762 18909
-26759 18914
-26759 18914
-26755 18919
-26755 18919
-26752 18924
-26752 18924
-26748 18930
-26748 18930
-26744 18935
-26744 18935
-26740 18940
-26740 18940
-26737 18945
-26737 18945
-26733 18951
-26733 18951
-26729 18956
-26729 18956
-26726 18961
-26726 18961
-26722 18966
-26722 18966
-26718 18971
-26718 18971
-26715 18976
-26715 18976
-26711 18981
-26711 18981
-26707 18986
-26707 18986
-26704 18991
-26704 18991
-26700 18996
-26700 18996
-26696 19001
-26696 19001
-26693 19007
-26693 19007
-26689 19012
-26689 19012
-26685 19017
-26685 19017
-26682 19022
-26682 19022
-26678 19027
-26678 19027
-26675 19032
-26675 19032
-26672 19037
-26672 19037
-26668 19042
-26668 19042
-26664 19047
-26664 19047
-26661 19052
-26661 19052
-26657 19057
-26657 19057
-26653 19063
-26653 19063
-26649 19068
-26649 19068
-26646 19073
-26646 19073
-26642 19078
-26642 19078
-26638 19083
-26638 19083
-26635 19088
-26635 19088
-26631 19093
-26631 19093
-26627 19098
-26627 19098
-26624 19103
-26624 19103
-26620 19108
-26620 19108
-26616 19114
-26616 19114
-26613 19119
-26613 19119
-26609 19124
-26609 19124
-26605 19129
-26605 19129
-26602 19134
-26602 19134
-26598 19139
-26598 19139
-26594 19144
-26594 19144
-26591 19149
-26591 19149
-26587 19154
-26587 19154
-26583 19159
-26583 19159
-26580 19164
-26580 19164
-26576 19170
-26576 19170
-26572 19175
-26572 19175
-26569 19180
-26569 19180
-26565 19185
-26565 19185
-26561 19190
-26561 19190
-26558 19196
-26558 19196
-26554 19200
-26554 19200
-26550 19205
-26550 19205
-26546 19210
-26546 19210
-26543 19215
-26543 19215
-26539 19220
-26539 19220
-26535 19226
-26535 19226
-26532 19231
-26532 19231
-26528 19236
-26528 19236
-26524 19241
-26524 19241
-26521 19246
-26521 19246
-26517 19251
-26517 19251
-26513 19256
-26513 19256
-26510 19261
-26510 19261
-26506 19266
-26506 19266
-26502 19271
-26502 19271
-26499 19277
-26499 19277
-26495 19282
-26495 19282
-26491 19287
-26491 19287
-26488 19292
-26488 19292
-26484 19297
-26484 19297
-26480 19302
-26480 19302
-26477 19307
-26477 19307
-26473 19312
-26473 19312
-26469 19317
-26469 19317
-26466 19322
-26466 19322
-26462 19327
-26462 19327
-26458 19333
-26458 19333
-26454 19338
-26454 19338
-26451 19343
-26451 19343
-26447 19348
-26447 19348
-26443 19353
-26443 19353
-26440 19358
-26440 19358
-26435 19363
-26435 19363
-26431 19368
-26431 19368
-26428 19373
-26428 19373
-26424 19378
-26424 19378
-26420 19383
-26420 19383
-26417 19389
-26417 19389
-26413 19394
-26413 19394
-26409 19399
-26409 19399
-26406 19404
-26406 19404
-26402 19409
-26402 19409
-26398 19414
-26398 19414
-26395 19419
-26395 19419
-26391 19424
-26391 19424
-26387 19429
-26387 19429
-26384 19434
-26384 19434
-26380 19440
-26380 19440
-26376 19445
-26376 19445
-26373 19450
-26373 19450
-26369 19455
-26369 19455
-26365 19460
-26365 19460
-26361 19464
-26361 19464
-26358 19469
-26358 19469
-26354 19474
-26354 19474
-26349 19479
-26349 19479
-26346 19484
-26346 19484
-26342 19489
-26342 19489
-26338 19495
-26338 19495
-26335 19500
-26335 19500
-26331 19505
-26331 19505
-26327 19510
-26327 19510
-26324 19515
-26324 19515
-26320 19520
-26320 19520
-26316 19525
-26316 19525
-26312 19530
-26312 19530
-26309 19535
-26309 19535
-26305 19540
-26305 19540
-26301 19545
-26301 19545
-26297 19550
-26297 19550
-26293 19555
-26293 19555
-26290 19560
-26290 19560
-26287 19565
-26287 19565
-26283 19570
-26283 19570
-26279 19575
-26279 19575
-26275 19581
-26275 19581
-26272 19586
-26272 19586
-26268 19591
-26268 19591
-26264 19596
-26264 19596
-26260 19601
-26260 19601
-26256 19606
-26256 19606
-26253 19611
-26253 19611
-26249 19616
-26249 19616
-26245 19621
-26245 19621
-26241 19626
-26241 19626
-26237 19631
-26237 19631
-26233 19636
-26233 19636
-26230 19641
-26230 19641
-26226 19646
-26226 19646
-26222 19651
-26222 19651
-26218 19656
-26218 19656
-26214 19661
-26214 19661
-26211 19666
-26211 19666
-26207 19671
-26207 19671
-26203 19676
-26203 19676
-26200 19681
-26200 19681
-26196 19686
-26196 19686
-26193 19691
-26193 19691
-26189 19696
-26189 19696
-26185 19701
-26185 19701
-26181 19706
-26181 19706
-26177 19711
-26177 19711
-26174 19716
-26174 19716
-26170 19721
-26170 19721
-26166 19726
-26166 19726
-26162 19731
-26162 19731
-26158 19736
-26158 19736
-26155 19741
-26155 19741
-26151 19746
-26151 19746
-26147 19751
-26147 19751
-26143 19756
-26143 19756
-26139 19761
-26139 19761
-26136 19766
-26136 19766
-26132 19771
-26132 19771
-26128 19776
-26128 19776
-26124 19781
-26124 19781
-26120 19786
-26120 19786
-26117 19791
-26117 19791
-26113 19796
-26113 19796
-26109 19801
-26109 19801
-26105 19806
-26105 19806
-26101 19811
-26101 19811
-26098 19816
-26098 19816
-26094 19821
-26094 19821
-26090 19826
-26090 19826
-26086 19831
-26086 19831
-26082 19836
-26082 19836
-26079 19842
-26079 19842
-26075 19846
-26075 19846
-26071 19851
-26071 19851
-26067 19856
-26067 19856
-26063 19861
-26063 19861
-26059 19866
-26059 19866
-26056 19871
-26056 19871
-26052 19876
-26052 19876
-26048 19881
-26048 19881
-26044 19886
-26044 19886
-26040 19891
-26040 19891
-26037 19896
-26037 19896
-26033 19901
-26033 19901
-26029 19906
-26029 19906
-26025 19911
-26025 19911
-26021 19916
-26021 19916
-26018 19921
-26018 19921
-26014 19926
-26014 19926
-26010 19931
-26010 19931
-26006 19936
-26006 19936
-26002 19941
-26002 19941
-25999 19946
-25999 19946
-25995 19951
-25995 19951
-25991 19956
-25991 19956
-25987 19961
-25987 19961
-25983 19966
-25983 19966
-25980 19971
-25980 19971
-25976 19976
-25976 19976
-25972 19981
-25972 19981
-25968 19986
-25968 19986
-25964 19991
-25964 19991
-25961 19996
-25961 19996
-25957 20001
-25957 20001
-25952 20006
-25952 20006
-25948 20011
-25948 20011
-25944 20016
-25944 20016
-25941 20021
-25941 20021
-25937 20026
-25937 20026
-25933 20031
-25933 20031
-25929 20036
-25929 20036
-25925 20041
-25925 20041
-25922 20046
-25922 20046
-25918 20051
-25918 20051
-25914 20056
-25914 20056
-25910 20061
-25910 20061
-25906 20066
-25906 20066
-25902 20071
-25902 20071
-25899 20076
-25899 20076
-25895 20081
-25895 20081
-25891 20086
-25891 20086
-25887 20091
-25887 20091
-25883 20096
-25883 20096
-25880 20101
-25880 20101
-25876 20105
-25876 20105
-25872 20110
-25872 20110
-25868 20115
-25868 20115
-25863 20120
-25863 20120
-25860 20125
-25860 20125
-25856 20130
-25856 20130
-25852 20135
-25852 20135
-25848 20140
-25848 20140
-25844 20145
-25844 20145
-25841 20150
-25841 20150
-25837 20155
-25837 20155
-25833 20160
-25833 20160
-25829 20165
-25829 20165
-25825 20170
-25825 20170
-25821 20175
-25821 20175
-25817 20180
-25817 20180
-25813 20185
-25813 20185
-25809 20189
-25809 20189
-25805 20194
-25805 20194
-25802 20199
-25802 20199
-25799 20204
-25799 20204
-25795 20209
-25795 20209
-25791 20215
-25791 20215
-25787 20220
-25787 20220
-25783 20225
-25783 20225
-25779 20230
-25779 20230
-25775 20235
-25775 20235
-25771 20240
-25771 20240
-25767 20244
-25767 20244
-25763 20249
-25763 20249
-25759 20254
-25759 20254
-25755 20259
-25755 20259
-25751 20264
-25751 20264
-25748 20269
-25748 20269
-25744 20274
-25744 20274
-25740 20279
-25740 20279
-25736 20284
-25736 20284
-25732 20289
-25732 20289
-25728 20293
-25728 20293
-25724 20298
-25724 20298
-25720 20303
-25720 20303
-25716 20308
-25716 20308
-25712 20313
-25712 20313
-25709 20318
-25709 20318
-25705 20323
-25705 20323
-25701 20328
-25701 20328
-25697 20333
-25697 20333
-25694 20338
-25694 20338
-25690 20343
-25690 20343
-25686 20347
-25686 20347
-25682 20352
-25682 20352
-25678 20357
-25678 20357
-25674 20362
-25674 20362
-25670 20367
-25670 20367
-25666 20372
-25666 20372
-25662 20377
-25662 20377
-25658 20382
-25658 20382
-25654 20387
-25654 20387
-25650 20393
-25650 20393
-25646 20398
-25646 20398
-25642 20402
-25642 20402
-25639 20407
-25639 20407
-25635 20412
-25635 20412
-25631 20417
-25631 20417
-25627 20422
-25627 20422
-25623 20427
-25623 20427
-25619 20432
-25619 20432
-25615 20437
-25615 20437
-25611 20442
-25611 20442
-25607 20447
-25607 20447
-25603 20451
-25603 20451
-25599 20456
-25599 20456
-25595 20461
-25595 20461
-25591 20466
-25591 20466
-25587 20471
-25587 20471
-25584 20476
-25584 20476
-25580 20481
-25580 20481
-25576 20486
-25576 20486
-25572 20491
-25572 20491
-25568 20496
-25568 20496
-25564 20501
-25564 20501
-25560 20505
-25560 20505
-25556 20510
-25556 20510
-25552 20515
-25552 20515
-25548 20520
-25548 20520
-25544 20525
-25544 20525
-25540 20530
-25540 20530
-25536 20535
-25536 20535
-25532 20540
-25532 20540
-25528 20545
-25528 20545
-25525 20550
-25525 20550
-25521 20555
-25521 20555
-25517 20559
-25517 20559
-25513 20563
-25513 20563
-25509 20568
-25509 20568
-25505 20573
-25505 20573
-25501 20578
-25501 20578
-25497 20583
-25497 20583
-25493 20588
-25493 20588
-25489 20593
-25489 20593
-25485 20598
-25485 20598
-25481 20603
-25481 20603
-25477 20607
-25477 20607
-25473 20612
-25473 20612
-25470 20617
-25470 20617
-25466 20622
-25466 20622
-25462 20627
-25462 20627
-25458 20632
-25458 20632
-25453 20637
-25453 20637
-25449 20642
-25449 20642
-25445 20647
-25445 20647
-25441 20652
-25441 20652
-25437 20657
-25437 20657
-25433 20661
-25433 20661
-25429 20666
-25429 20666
-25425 20671
-25425 20671
-25421 20676
-25421 20676
-25417 20681
-25417 20681
-25414 20686
-25414 20686
-25410 20691
-25410 20691
-25406 20696
-25406 20696
-25402 20701
-25402 20701
-25398 20706
-25398 20706
-25394 20711
-25394 20711
-25390 20715
-25390 20715
-25386 20720
-25386 20720
-25382 20725
-25382 20725
-25378 20730
-25378 20730
-25374 20735
-25374 20735
-25370 20739
-25370 20739
-25366 20744
-25366 20744
-25361 20749
-25361 20749
-25358 20754
-25358 20754
-25354 20759
-25354 20759
-25350 20763
-25350 20763
-25346 20768
-25346 20768
-25342 20773
-25342 20773
-25338 20778
-25338 20778
-25334 20783
-25334 20783
-25330 20788
-25330 20788
-25326 20793
-25326 20793
-25322 20798
-25322 20798
-25318 20802
-25318 20802
-25314 20807
-25314 20807
-25310 20812
-25310 20812
-25306 20817
-25306 20817
-25302 20822
-25302 20822
-25298 20826
-25298 20826
-25294 20831
-25294 20831
-25291 20836
-25291 20836
-25286 20841
-25286 20841
-25282 20847
-25282 20847
-25278 20851
-25278 20851
-25274 20856
-25274 20856
-25270 20861
-25270 20861
-25266 20866
-25266 20866
-25262 20871
-25262 20871
-25258 20875
-25258 20875
-25254 20880
-25254 20880
-25250 20885
-25250 20885
-25246 20890
-25246 20890
-25242 20895
-25242 20895
-25238 20900
-25238 20900
-25234 20904
-25234 20904
-25230 20909
-25230 20909
-25226 20914
-25226 20914
-25222 20919
-25222 20919
-25218 20924
-25218 20924
-25214 20928
-25214 20928
-25210 20933
-25210 20933
-25206 20938
-25206 20938
-25202 20943
-25202 20943
-25197 20948
-25197 20948
-25193 20952
-25193 20952
-25189 20957
-25189 20957
-25186 20962
-25186 20962
-25182 20967
-25182 20967
-25178 20972
-25178 20972
-25174 20976
-25174 20976
-25170 20981
-25170 20981
-25166 20986
-25166 20986
-25162 20991
-25162 20991
-25158 20996
-25158 20996
-25154 21000
-25154 21000
-25150 21005
-25150 21005
-25146 21010
-25146 21010
-25142 21015
-25142 21015
-25138 21020
-25138 21020
-25134 21024
-25134 21024
-25130 21029
-25130 21029
-25126 21034
-25126 21034
-25122 21039
-25122 21039
-25118 21044
-25118 21044
-25113 21048
-25113 21048
-25109 21053
-25109 21053
-25105 21058
-25105 21058
-25101 21063
-25101 21063
-25097 21068
-25097 21068
-25093 21072
-25093 21072
-25089 21077
-25089 21077
-25085 21082
-25085 21082
-25081 21087
-25081 21087
-25077 21092
-25077 21092
-25073 21098
-25073 21098
-25069 21101
-25069 21101
-25065 21106
-25065 21106
-25061 21111
-25061 21111
-25057 21116
-25057 21116
-25053 21121
-25053 21121
-25049 21125
-25049 21125
-25045 21130
-25045 21130
-25041 21135
-25041 21135
-25037 21140
-25037 21140
-25033 21145
-25033 21145
-25028 21149
-25028 21149
-25024 21154
-25024 21154
-25020 21159
-25020 21159
-25016 21164
-25016 21164
-25012 21169
-25012 21169
-25008 21173
-25008 21173
-25004 21178
-25004 21178
-25000 21183
-25000 21183
-24996 21188
-24996 21188
-24992 21193
-24992 21193
-24988 21197
-24988 21197
-24984 21202
-24984 21202
-24980 21207
-24980 21207
-24976 21212
-24976 21212
-24972 21217
-24972 21217
-24968 21221
-24968 21221
-24964 21226
-24964 21226
-24960 21231
-24960 21231
-24955 21236
-24955 21236
-24951 21241
-24951 21241
-24947 21245
-24947 21245
-24943 21250
-24943 21250
-24938 21255
-24938 21255
-24934 21260
-24934 21260
-24930 21265
-24930 21265
-24926 21269
-24926 21269
-24922 21274
-24922 21274
-24918 21279
-24918 21279
-24914 21284
-24914 21284
-24910 21289
-24910 21289
-24906 21293
-24906 21293
-24902 21298
-24902 21298
-24898 21303
-24898 21303
-24894 21308
-24894 21308
-24890 21313
-24890 21313
-24886 21318
-24886 21318
-24882 21322
-24882 21322
-24878 21327
-24878 21327
-24874 21332
-24874 21332
-24870 21337
-24870 21337
-24866 21342
-24866 21342
-24862 21346
-24862 21346
-24858 21350
-24858 21350
-24853 21355
-24853 21355
-24848 21360
-24848 21360
-24844 21365
-24844 21365
-24840 21369
-24840 21369
-24836 21374
-24836 21374
-24832 21379
-24832 21379
-24828 21384
-24828 21384
-24824 21389
-24824 21389
-24820 21393
-24820 21393
-24816 21398
-24816 21398
-24812 21403
-24812 21403
-24808 21408
-24808 21408
-24804 21412
-24804 21412
-24800 21417
-24800 21417
-24795 21422
-24795 21422
-24791 21427
-24791 21427
-24787 21431
-24787 21431
-24783 21436
-24783 21436
-24779 21441
-24779 21441
-24775 21445
-24775 21445
-24771 21451
-24771 21451
-24767 21456
-24767 21456
-24763 21461
-24763 21461
-24759 21465
-24759 21465
-24755 21470
-24755 21470
-24751 21475
-24751 21475
-24746 21479
-24746 21479
-24742 21484
-24742 21484
-24738 21489
-24738 21489
-24734 21494
-24734 21494
-24730 21498
-24730 21498
-24726 21503
-24726 21503
-24721 21508
-24721 21508
-24717 21512
-24717 21512
-24713 21517
-24713 21517
-24709 21522
-24709 21522
-24705 21526
-24705 21526
-24701 21531
-24701 21531
-24696 21536
-24696 21536
-24692 21541
-24692 21541
-24688 21545
-24688 21545
-24684 21550
-24684 21550
-24680 21555
-24680 21555
-24676 21559
-24676 21559
-24671 21564
-24671 21564
-24667 21569
-24667 21569
-24664 21574
-24664 21574
-24660 21578
-24660 21578
-24656 21583
-24656 21583
-24652 21588
-24652 21588
-24647 21593
-24647 21593
-24643 21598
-24643 21598
-24639 21603
-24639 21603
-24635 21608
-24635 21608
-24631 21612
-24631 21612
-24627 21617
-24627 21617
-24622 21622
-24622 21622
-24618 21626
-24618 21626
-24614 21631
-24614 21631
-24610 21636
-24610 21636
-24606 21641
-24606 21641
-24602 21645
-24602 21645
-24597 21650
-24597 21650
-24593 21655
-24593 21655
-24589 21659
-24589 21659
-24585 21664
-24585 21664
-24581 21669
-24581 21669
-24577 21674
-24577 21674
-24572 21678
-24572 21678
-24568 21683
-24568 21683
-24564 21688
-24564 21688
-24560 21692
-24560 21692
-24556 21697
-24556 21697
-24552 21702
-24552 21702
-24548 21707
-24548 21707
-24543 21711
-24543 21711
-24539 21716
-24539 21716
-24535 21721
-24535 21721
-24531 21725
-24531 21725
-24527 21730
-24527 21730
-24523 21735
-24523 21735
-24518 21739
-24518 21739
-24514 21744
-24514 21744
-24510 21749
-24510 21749
-24506 21754
-24506 21754
-24502 21758
-24502 21758
-24498 21763
-24498 21763
-24493 21768
-24493 21768
-24489 21772
-24489 21772
-24485 21777
-24485 21777
-24481 21782
-24481 21782
-24477 21787
-24477 21787
-24473 21791
-24473 21791
-24468 21796
-24468 21796
-24464 21801
-24464 21801
-24460 21805
-24460 21805
-24456 21810
-24456 21810
-24452 21815
-24452 21815
-24448 21820
-24448 21820
-24443 21823
-24443 21823
-24439 21828
-24439 21828
-24435 21833
-24435 21833
-24431 21837
-24431 21837
-24426 21842
-24426 21842
-24422 21847
-24422 21847
-24417 21852
-24417 21852
-24413 21856
-24413 21856
-24409 21861
-24409 21861
-24405 21866
-24405 21866
-24401 21870
-24401 21870
-24397 21875
-24397 21875
-24392 21880
-24392 21880
-24388 21885
-24388 21885
-24384 21889
-24384 21889
-24380 21894
-24380 21894
-24376 21899
-24376 21899
-24372 21903
-24372 21903
-24367 21908
-24367 21908
-24363 21913
-24363 21913
-24359 21917
-24359 21917
-24355 21922
-24355 21922
-24351 21927
-24351 21927
-24347 21932
-24347 21932
-24342 21936
-24342 21936
-24338 21941
-24338 21941
-24334 21946
-24334 21946
-24330 21950
-24330 21950
-24326 21955
-24326 21955
-24322 21960
-24322 21960
-24316 21964
-24316 21964
-24312 21968
-24312 21968
-24308 21973
-24308 21973
-24304 21978
-24304 21978
-24300 21982
-24300 21982
-24296 21987
-24296 21987
-24291 21992
-24291 21992
-24287 21997
-24287 21997
-24283 22001
-24283 22001
-24279 22006
-24279 22006
-24275 22011
-24275 22011
-24270 22015
-24270 22015
-24266 22020
-24266 22020
-24262 22024
-24262 22024
-24258 22029
-24258 22029
-24253 22034
-24253 22034
-24249 22038
-24249 22038
-24245 22043
-24245 22043
-24241 22047
-24241 22047
-24237 22053
-24237 22053
-24233 22058
-24233 22058
-24229 22062
-24229 22062
-24224 22067
-24224 22067
-24220 22071
-24220 22071
-24216 22076
-24216 22076
-24212 22081
-24212 22081
-24207 22085
-24207 22085
-24203 22090
-24203 22090
-24199 22094
-24199 22094
-24195 22099
-24195 22099
-24190 22104
-24190 22104
-24186 22108
-24186 22108
-24182 22113
-24182 22113
-24177 22117
-24177 22117
-24173 22122
-24173 22122
-24169 22127
-24169 22127
-24165 22131
-24165 22131
-24160 22136
-24160 22136
-24156 22140
-24156 22140
-24152 22145
-24152 22145
-24148 22150
-24148 22150
-24143 22154
-24143 22154
-24139 22159
-24139 22159
-24135 22163
-24135 22163
-24130 22168
-24130 22168
-24126 22173
-24126 22173
-24122 22177
-24122 22177
-24118 22182
-24118 22182
-24113 22186
-24113 22186
-24110 22192
-24110 22192
-24106 22197
-24106 22197
-24102 22201
-24102 22201
-24097 22206
-24097 22206
-24093 22210
-24093 22210
-24089 22215
-24089 22215
-24084 22220
-24084 22220
-24080 22224
-24080 22224
-24076 22229
-24076 22229
-24072 22233
-24072 22233
-24067 22238
-24067 22238
-24063 22243
-24063 22243
-24059 22247
-24059 22247
-24055 22252
-24055 22252
-24050 22256
-24050 22256
-24046 22261
-24046 22261
-24042 22266
-24042 22266
-24037 22270
-24037 22270
-24033 22275
-24033 22275
-24029 22279
-24029 22279
-24025 22284
-24025 22284
-24020 22289
-24020 22289
-24016 22293
-24016 22293
-24012 22298
-24012 22298
-24008 22303
-24008 22303
-24003 22307
-24003 22307
-23999 22312
-23999 22312
-23995 22316
-23995 22316
-23990 22321
-23990 22321
-23986 22326
-23986 22326
-23982 22330
-23982 22330
-23978 22335
-23978 22335
-23973 22339
-23973 22339
-23969 22344
-23969 22344
-23965 22349
-23965 22349
-23960 22353
-23960 22353
-23956 22358
-23956 22358
-23952 22362
-23952 22362
-23948 22367
-23948 22367
-23943 22372
-23943 22372
-23939 22376
-23939 22376
-23935 22381
-23935 22381
-23931 22385
-23931 22385
-23926 22390
-23926 22390
-23922 22395
-23922 22395
-23918 22399
-23918 22399
-23913 22404
-23913 22404
-23909 22408
-23909 22408
-23905 22413
-23905 22413
-23900 22417
-23900 22417
-23895 22421
-23895 22421
-23891 22426
-23891 22426
-23887 22430
-23887 22430
-23883 22435
-23883 22435
-23878 22440
-23878 22440
-23874 22444
-23874 22444
-23870 22449
-23870 22449
-23865 22453
-23865 22453
-23861 22458
-23861 22458
-23857 22463
-23857 22463
-23853 22467
-23853 22467
-23848 22472
-23848 22472
-23844 22476
-23844 22476
-23840 22481
-23840 22481
-23836 22486
-23836 22486
-23831 22490
-23831 22490
-23827 22495
-23827 22495
-23823 22499
-23823 22499
-23818 22504
-23818 22504
-23814 22509
-23814 22509
-23810 22513
-23810 22513
-23806 22518
-23806 22518
-23801 22522
-23801 22522
-23797 22527
-23797 22527
-23793 22532
-23793 22532
-23789 22536
-23789 22536
-23784 22541
-23784 22541
-23780 22545
-23780 22545
-23776 22550
-23776 22550
-23770 22554
-23770 22554
-23766 22558
-23766 22558
-23762 22563
-23762 22563
-23758 22567
-23758 22567
-23753 22572
-23753 22572
-23749 22577
-23749 22577
-23745 22581
-23745 22581
-23741 22586
-23741 22586
-23736 22590
-23736 22590
-23732 22595
-23732 22595
-23728 22599
-23728 22599
-23723 22604
-23723 22604
-23719 22608
-23719 22608
-23714 22613
-23714 22613
-23710 22617
-23710 22617
-23706 22622
-23706 22622
-23701 22626
-23701 22626
-23697 22631
-23697 22631
-23692 22635
-23692 22635
-23689 22640
-23689 22640
-23685 22645
-23685 22645
-23680 22650
-23680 22650
-23676 22654
-23676 22654
-23672 22659
-23672 22659
-23667 22663
-23667 22663
-23663 22668
-23663 22668
-23658 22672
-23658 22672
-23654 22677
-23654 22677
-23650 22681
-23650 22681
-23645 22686
-23645 22686
-23641 22690
-23641 22690
-23636 22695
-23636 22695
-23632 22699
-23632 22699
-23628 22704
-23628 22704
-23623 22708
-23623 22708
-23619 22713
-23619 22713
-23614 22717
-23614 22717
-23610 22722
-23610 22722
-23606 22726
-23606 22726
-23601 22731
-23601 22731
-23597 22735
-23597 22735
-23593 22740
-23593 22740
-23588 22744
-23588 22744
-23584 22749
-23584 22749
-23579 22753
-23579 22753
-23576 22758
-23576 22758
-23572 22762
-23572 22762
-23567 22767
-23567 22767
-23563 22771
-23563 22771
-23558 22776
-23558 22776
-23554 22780
-23554 22780
-23550 22785
-23550 22785
-23545 22789
-23545 22789
-23541 22794
-23541 22794
-23536 22798
-23536 22798
-23532 22803
-23532 22803
-23528 22808
-23528 22808
-23523 22813
-23523 22813
-23519 22817
-23519 22817
-23514 22822
-23514 22822
-23510 22826
-23510 22826
-23506 22831
-23506 22831
-23501 22835
-23501 22835
-23497 22840
-23497 22840
-23493 22844
-23493 22844
-23488 22849
-23488 22849
-23484 22853
-23484 22853
-23479 22858
-23479 22858
-23475 22862
-23475 22862
-23471 22867
-23471 22867
-23466 22871
-23466 22871
-23462 22876
-23462 22876
-23457 22880
-23457 22880
-23453 22885
-23453 22885
-23449 22889
-23449 22889
-23444 22893
-23444 22893
-23440 22898
-23440 22898
-23435 22902
-23435 22902
-23431 22907
-23431 22907
-23427 22911
-23427 22911
-23422 22916
-23422 22916
-23418 22920
-23418 22920
-23413 22925
-23413 22925
-23409 22929
-23409 22929
-23405 22934
-23405 22934
-23400 22938
-23400 22938
-23396 22943
-23396 22943
-23392 22947
-23392 22947
-23387 22952
-23387 22952
-23383 22956
-23383 22956
-23378 22961
-23378 22961
-23374 22964
-23374 22964
-23370 22969
-23370 22969
-23365 22973
-23365 22973
-23361 22978
-23361 22978
-23356 22982
-23356 22982
-23352 22987
-23352 22987
-23348 22991
-23348 22991
-23343 22996
-23343 22996
-23339 23000
-23339 23000
-23334 23005
-23334 23005
-23330 23009
-23330 23009
-23325 23014
-23325 23014
-23320 23018
-23320 23018
-23316 23023
-23316 23023
-23312 23027
-23312 23027
-23307 23032
-23307 23032
-23303 23036
-23303 23036
-23298 23041
-23298 23041
-23294 23045
-23294 23045
-23290 23050
-23290 23050
-23285 23054
-23285 23054
-23281 23059
-23281 23059
-23276 23063
-23276 23063
-23272 23068
-23272 23068
-23268 23072
-23268 23072
-23263 23077
-23263 23077
-23259 23081
-23259 23081
-23254 23086
-23254 23086
-23250 23090
-23250 23090
-23246 23095
-23246 23095
-23241 23099
-23241 23099
-23237 23104
-23237 23104
-23232 23108
-23232 23108
-23228 23113
-23228 23113
-23224 23117
-23224 23117
-23219 23122
-23219 23122
-23215 23125
-23215 23125
-23210 23130
-23210 23130
-23205 23134
-23205 23134
-23201 23139
-23201 23139
-23196 23143
-23196 23143
-23192 23148
-23192 23148
-23188 23152
-23188 23152
-23183 23157
-23183 23157
-23179 23161
-23179 23161
-23174 23166
-23174 23166
-23170 23170
-23170 23170
-23166 23174
-23166 23174
-23161 23179
-23161 23179
-23157 23183
-23157 23183
-23152 23188
-23152 23188
-23148 23192
-23148 23192
-23143 23196
-23143 23196
-23139 23201
-23139 23201
-23134 23205
-23134 23205
-23130 23210
-23130 23210
-23125 23215
-23125 23215
-23122 23219
-23122 23219
-23117 23224
-23117 23224
-23113 23228
-23113 23228
-23108 23232
-23108 23232
-23104 23237
-23104 23237
-23099 23241
-23099 23241
-23095 23246
-23095 23246
-23090 23250
-23090 23250
-23086 23254
-23086 23254
-23081 23259
-23081 23259
-23077 23263
-23077 23263
-23072 23268
-23072 23268
-23068 23272
-23068 23272
-23063 23276
-23063 23276
-23059 23281
-23059 23281
-23054 23285
-23054 23285
-23050 23290
-23050 23290
-23045 23294
-23045 23294
-23041 23298
-23041 23298
-23036 23303
-23036 23303
-23032 23307
-23032 23307
-23027 23312
-23027 23312
-23023 23316
-23023 23316
-23018 23320
-23018 23320
-23014 23325
-23014 23325
-23009 23330
-23009 23330
-23005 23334
-23005 23334
-23000 23339
-23000 23339
-22996 23343
-22996 23343
-22991 23348
-22991 23348
-22987 23352
-22987 23352
-22982 23356
-22982 23356
-22978 23361
-22978 23361
-22973 23365
-22973 23365
-22969 23370
-22969 23370
-22964 23374
-22964 23374
-22961 23378
-22961 23378
-22956 23383
-22956 23383
-22952 23387
-22952 23387
-22947 23392
-22947 23392
-22943 23396
-22943 23396
-22938 23400
-22938 23400
-22934 23405
-22934 23405
-22929 23409
-22929 23409
-22925 23413
-22925 23413
-22920 23418
-22920 23418
-22916 23422
-22916 23422
-22911 23427
-22911 23427
-22907 23431
-22907 23431
-22902 23435
-22902 23435
-22898 23440
-22898 23440
-22893 23444
-22893 23444
-22889 23449
-22889 23449
-22885 23453
-22885 23453
-22880 23457
-22880 23457
-22876 23462
-22876 23462
-22871 23466
-22871 23466
-22867 23471
-22867 23471
-22862 23475
-22862 23475
-22858 23479
-22858 23479
-22853 23484
-22853 23484
-22849 23488
-22849 23488
-22844 23493
-22844 23493
-22840 23497
-22840 23497
-22835 23501
-22835 23501
-22831 23506
-22831 23506
-22826 23510
-22826 23510
-22822 23514
-22822 23514
-22817 23519
-22817 23519
-22813 23523
-22813 23523
-22808 23528
-22808 23528
-22803 23532
-22803 23532
-22798 23536
-22798 23536
-22794 23541
-22794 23541
-22789 23545
-22789 23545
-22785 23550
-22785 23550
-22780 23554
-22780 23554
-22776 23558
-22776 23558
-22771 23563
-22771 23563
-22767 23567
-22767 23567
-22762 23572
-22762 23572
-22758 23576
-22758 23576
-22753 23579
-22753 23579
-22749 23584
-22749 23584
-22744 23588
-22744 23588
-22740 23593
-22740 23593
-22735 23597
-22735 23597
-22731 23601
-22731 23601
-22726 23606
-22726 23606
-22722 23610
-22722 23610
-22717 23614
-22717 23614
-22713 23619
-22713 23619
-22708 23623
-22708 23623
-22704 23628
-22704 23628
-22699 23632
-22699 23632
-22695 23636
-22695 23636
-22690 23641
-22690 23641
-22686 23645
-22686 23645
-22681 23650
-22681 23650
-22677 23654
-22677 23654
-22672 23658
-22672 23658
-22668 23663
-22668 23663
-22663 23667
-22663 23667
-22659 23672
-22659 23672
-22654 23676
-22654 23676
-22650 23680
-22650 23680
-22645 23685
-22645 23685
-22640 23689
-22640 23689
-22635 23692
-22635 23692
-22631 23697
-22631 23697
-22626 23701
-22626 23701
-22622 23706
-22622 23706
-22617 23710
-22617 23710
-22613 23714
-22613 23714
-22608 23719
-22608 23719
-22604 23723
-22604 23723
-22599 23728
-22599 23728
-22595 23732
-22595 23732
-22590 23736
-22590 23736
-22586 23741
-22586 23741
-22581 23745
-22581 23745
-22577 23749
-22577 23749
-22572 23753
-22572 23753
-22567 23758
-22567 23758
-22563 23762
-22563 23762
-22558 23766
-22558 23766
-22554 23770
-22554 23770
-22550 23776
-22550 23776
-22545 23780
-22545 23780
-22541 23784
-22541 23784
-22536 23789
-22536 23789
-22532 23793
-22532 23793
-22527 23797
-22527 23797
-22522 23801
-22522 23801
-22518 23806
-22518 23806
-22513 23810
-22513 23810
-22509 23814
-22509 23814
-22504 23818
-22504 23818
-22499 23823
-22499 23823
-22495 23827
-22495 23827
-22490 23831
-22490 23831
-22486 23836
-22486 23836
-22481 23840
-22481 23840
-22476 23844
-22476 23844
-22472 23848
-22472 23848
-22467 23853
-22467 23853
-22463 23857
-22463 23857
-22458 23861
-22458 23861
-22453 23865
-22453 23865
-22449 23870
-22449 23870
-22444 23874
-22444 23874
-22440 23878
-22440 23878
-22435 23883
-22435 23883
-22430 23887
-22430 23887
-22426 23891
-22426 23891
-22421 23895
-22421 23895
-22417 23900
-22417 23900
-22413 23905
-22413 23905
-22408 23909
-22408 23909
-22404 23913
-22404 23913
-22399 23918
-22399 23918
-22395 23922
-22395 23922
-22390 23926
-22390 23926
-22385 23931
-22385 23931
-22381 23935
-22381 23935
-22376 23939
-22376 23939
-22372 23943
-22372 23943
-22367 23948
-22367 23948
-22362 23952
-22362 23952
-22358 23956
-22358 23956
-22353 23960
-22353 23960
-22349 23965
-22349 23965
-22344 23969
-22344 23969
-22339 23973
-22339 23973
-22335 23978
-22335 23978
-22330 23982
-22330 23982
-22326 23986
-22326 23986
-22321 23990
-22321 23990
-22316 23995
-22316 23995
-22312 23999
-22312 23999
-22307 24003
-22307 24003
-22303 24008
-22303 24008
-22298 24012
-22298 24012
-22293 24016
-22293 24016
-22289 24020
-22289 24020
-22284 24025
-22284 24025
-22279 24029
-22279 24029
-22275 24033
-22275 24033
-22270 24037
-22270 24037
-22266 24042
-22266 24042
-22261 24046
-22261 24046
-22256 24050
-22256 24050
-22252 24055
-22252 24055
-22247 24059
-22247 24059
-22243 24063
-22243 24063
-22238 24067
-22238 24067
-22233 24072
-22233 24072
-22229 24076
-22229 24076
-22224 24080
-22224 24080
-22220 24084
-22220 24084
-22215 24089
-22215 24089
-22210 24093
-22210 24093
-22206 24097
-22206 24097
-22201 24102
-22201 24102
-22197 24106
-22197 24106
-22192 24110
-22192 24110
-22186 24113
-22186 24113
-22182 24118
-22182 24118
-22177 24122
-22177 24122
-22173 24126
-22173 24126
-22168 24130
-22168 24130
-22163 24135
-22163 24135
-22159 24139
-22159 24139
-22154 24143
-22154 24143
-22150 24148
-22150 24148
-22145 24152
-22145 24152
-22140 24156
-22140 24156
-22136 24160
-22136 24160
-22131 24165
-22131 24165
-22127 24169
-22127 24169
-22122 24173
-22122 24173
-22117 24177
-22117 24177
-22113 24182
-22113 24182
-22108 24186
-22108 24186
-22104 24190
-22104 24190
-22099 24195
-22099 24195
-22094 24199
-22094 24199
-22090 24203
-22090 24203
-22085 24207
-22085 24207
-22081 24212
-22081 24212
-22076 24216
-22076 24216
-22071 24220
-22071 24220
-22067 24224
-22067 24224
-22062 24229
-22062 24229
-22058 24233
-22058 24233
-22053 24237
-22053 24237
-22047 24241
-22047 24241
-22043 24245
-22043 24245
-22038 24249
-22038 24249
-22034 24253
-22034 24253
-22029 24258
-22029 24258
-22024 24262
-22024 24262
-22020 24266
-22020 24266
-22015 24270
-22015 24270
-22011 24275
-22011 24275
-22006 24279
-22006 24279
-22001 24283
-22001 24283
-21997 24287
-21997 24287
-21992 24291
-21992 24291
-21987 24296
-21987 24296
-21982 24300
-21982 24300
-21978 24304
-21978 24304
-21973 24308
-21973 24308
-21968 24312
-21968 24312
-21964 24316
-21964 24316
-21960 24322
-21960 24322
-21955 24326
-21955 24326
-21950 24330
-21950 24330
-21946 24334
-21946 24334
-21941 24338
-21941 24338
-21936 24342
-21936 24342
-21932 24347
-21932 24347
-21927 24351
-21927 24351
-21922 24355
-21922 24355
-21917 24359
-21917 24359
-21913 24363
-21913 24363
-21908 24367
-21908 24367
-21903 24372
-21903 24372
-21899 24376
-21899 24376
-21894 24380
-21894 24380
-21889 24384
-21889 24384
-21885 24388
-21885 24388
-21880 24392
-21880 24392
-21875 24397
-21875 24397
-21870 24401
-21870 24401
-21866 24405
-21866 24405
-21861 24409
-21861 24409
-21856 24413
-21856 24413
-21852 24417
-21852 24417
-21847 24422
-21847 24422
-21842 24426
-21842 24426
-21837 24431
-21837 24431
-21833 24435
-21833 24435
-21828 24439
-21828 24439
-21823 24443
-21823 24443
-21820 24448
-21820 24448
-21815 24452
-21815 24452
-21810 24456
-21810 24456
-21805 24460
-21805 24460
-21801 24464
-21801 24464
-21796 24468
-21796 24468
-21791 24473
-21791 24473
-21787 24477
-21787 24477
-21782 24481
-21782 24481
-21777 24485
-21777 24485
-21772 24489
-21772 24489
-21768 24493
-21768 24493
-21763 24498
-21763 24498
-21758 24502
-21758 24502
-21754 24506
-21754 24506
-21749 24510
-21749 24510
-21744 24514
-21744 24514
-21739 24518
-21739 24518
-21735 24523
-21735 24523
-21730 24527
-21730 24527
-21725 24531
-21725 24531
-21721 24535
-21721 24535
-21716 24539
-21716 24539
-21711 24543
-21711 24543
-21707 24548
-21707 24548
-21702 24552
-21702 24552
-21697 24556
-21697 24556
-21692 24560
-21692 24560
-21688 24564
-21688 24564
-21683 24568
-21683 24568
-21678 24572
-21678 24572
-21674 24577
-21674 24577
-21669 24581
-21669 24581
-21664 24585
-21664 24585
-21659 24589
-21659 24589
-21655 24593
-21655 24593
-21650 24597
-21650 24597
-21645 24602
-21645 24602
-21641 24606
-21641 24606
-21636 24610
-21636 24610
-21631 24614
-21631 24614
-21626 24618
-21626 24618
-21622 24622
-21622 24622
-21617 24627
-21617 24627
-21612 24631
-21612 24631
-21608 24635
-21608 24635
-21603 24639
-21603 24639
-21598 24643
-21598 24643
-21593 24647
-21593 24647
-21588 24652
-21588 24652
-21583 24656
-21583 24656
-21578 24660
-21578 24660
-21574 24664
-21574 24664
-21569 24667
-21569 24667
-21564 24671
-21564 24671
-21559 24676
-21559 24676
-21555 24680
-21555 24680
-21550 24684
-21550 24684
-21545 24688
-21545 24688
-21541 24692
-21541 24692
-21536 24696
-21536 24696
-21531 24701
-21531 24701
-21526 24705
-21526 24705
-21522 24709
-21522 24709
-21517 24713
-21517 24713
-21512 24717
-21512 24717
-21508 24721
-21508 24721
-21503 24726
-21503 24726
-21498 24730
-21498 24730
-21494 24734
-21494 24734
-21489 24738
-21489 24738
-21484 24742
-21484 24742
-21479 24746
-21479 24746
-21475 24751
-21475 24751
-21470 24755
-21470 24755
-21465 24759
-21465 24759
-21461 24763
-21461 24763
-21456 24767
-21456 24767
-21451 24771
-21451 24771
-21445 24775
-21445 24775
-21441 24779
-21441 24779
-21436 24783
-21436 24783
-21431 24787
-21431 24787
-21427 24791
-21427 24791
-21422 24795
-21422 24795
-21417 24800
-21417 24800
-21412 24804
-21412 24804
-21408 24808
-21408 24808
-21403 24812
-21403 24812
-21398 24816
-21398 24816
-21393 24820
-21393 24820
-21389 24824
-21389 24824
-21384 24828
-21384 24828
-21379 24832
-21379 24832
-21374 24836
-21374 24836
-21369 24840
-21369 24840
-21365 24844
-21365 24844
-21360 24848
-21360 24848
-21355 24853
-21355 24853
-21350 24858
-21350 24858
-21346 24862
-21346 24862
-21342 24866
-21342 24866
-21337 24870
-21337 24870
-21332 24874
-21332 24874
-21327 24878
-21327 24878
-21322 24882
-21322 24882
-21318 24886
-21318 24886
-21313 24890
-21313 24890
-21308 24894
-21308 24894
-21303 24898
-21303 24898
-21298 24902
-21298 24902
-21293 24906
-21293 24906
-21289 24910
-21289 24910
-21284 24914
-21284 24914
-21279 24918
-21279 24918
-21274 24922
-21274 24922
-21269 24926
-21269 24926
-21265 24930
-21265 24930
-21260 24934
-21260 24934
-21255 24938
-21255 24938
-21250 24943
-21250 24943
-21245 24947
-21245 24947
-21241 24951
-21241 24951
-21236 24955
-21236 24955
-21231 24960
-21231 24960
-21226 24964
-21226 24964
-21221 24968
-21221 24968
-21217 24972
-21217 24972
-21212 24976
-21212 24976
-21207 24980
-21207 24980
-21202 24984
-21202 24984
-21197 24988
-21197 24988
-21193 24992
-21193 24992
-21188 24996
-21188 24996
-21183 25000
-21183 25000
-21178 25004
-21178 25004
-21173 25008
-21173 25008
-21169 25012
-21169 25012
-21164 25016
-21164 25016
-21159 25020
-21159 25020
-21154 25024
-21154 25024
-21149 25028
-21149 25028
-21145 25033
-21145 25033
-21140 25037
-21140 25037
-21135 25041
-21135 25041
-21130 25045
-21130 25045
-21125 25049
-21125 25049
-21121 25053
-21121 25053
-21116 25057
-21116 25057
-21111 25061
-21111 25061
-21106 25065
-21106 25065
-21101 25069
-21101 25069
-21098 25073
-21098 25073
-21092 25077
-21092 25077
-21087 25081
-21087 25081
-21082 25085
-21082 25085
-21077 25089
-21077 25089
-21072 25093
-21072 25093
-21068 25097
-21068 25097
-21063 25101
-21063 25101
-21058 25105
-21058 25105
-21053 25109
-21053 25109
-21048 25113
-21048 25113
-21044 25118
-21044 25118
-21039 25122
-21039 25122
-21034 25126
-21034 25126
-21029 25130
-21029 25130
-21024 25134
-21024 25134
-21020 25138
-21020 25138
-21015 25142
-21015 25142
-21010 25146
-21010 25146
-21005 25150
-21005 25150
-21000 25154
-21000 25154
-20996 25158
-20996 25158
-20991 25162
-20991 25162
-20986 25166
-20986 25166
-20981 25170
-20981 25170
-20976 25174
-20976 25174
-20972 25178
-20972 25178
-20967 25182
-20967 25182
-20962 25186
-20962 25186
-20957 25189
-20957 25189
-20952 25193
-20952 25193
-20948 25197
-20948 25197
-20943 25202
-20943 25202
-20938 25206
-20938 25206
-20933 25210
-20933 25210
-20928 25214
-20928 25214
-20924 25218
-20924 25218
-20919 25222
-20919 25222
-20914 25226
-20914 25226
-20909 25230
-20909 25230
-20904 25234
-20904 25234
-20900 25238
-20900 25238
-20895 25242
-20895 25242
-20890 25246
-20890 25246
-20885 25250
-20885 25250
-20880 25254
-20880 25254
-20875 25258
-20875 25258
-20871 25262
-20871 25262
-20866 25266
-20866 25266
-20861 25270
-20861 25270
-20856 25274
-20856 25274
-20851 25278
-20851 25278
-20847 25282
-20847 25282
-20841 25286
-20841 25286
-20836 25291
-20836 25291
-20831 25294
-20831 25294
-20826 25298
-20826 25298
-20822 25302
-20822 25302
-20817 25306
-20817 25306
-20812 25310
-20812 25310
-20807 25314
-20807 25314
-20802 25318
-20802 25318
-20798 25322
-20798 25322
-20793 25326
-20793 25326
-20788 25330
-20788 25330
-20783 25334
-20783 25334
-20778 25338
-20778 25338
-20773 25342
-20773 25342
-20768 25346
-20768 25346
-20763 25350
-20763 25350
-20759 25354
-20759 25354
-20754 25358
-20754 25358
-20749 25361
-20749 25361
-20744 25366
-20744 25366
-20739 25370
-20739 25370
-20735 25374
-20735 25374
-20730 25378
-20730 25378
-20725 25382
-20725 25382
-20720 25386
-20720 25386
-20715 25390
-20715 25390
-20711 25394
-20711 25394
-20706 25398
-20706 25398
-20701 25402
-20701 25402
-20696 25406
-20696 25406
-20691 25410
-20691 25410
-20686 25414
-20686 25414
-20681 25417
-20681 25417
-20676 25421
-20676 25421
-20671 25425
-20671 25425
-20666 25429
-20666 25429
-20661 25433
-20661 25433
-20657 25437
-20657 25437
-20652 25441
-20652 25441
-20647 25445
-20647 25445
-20642 25449
-20642 25449
-20637 25453
-20637 25453
-20632 25458
-20632 25458
-20627 25462
-20627 25462
-20622 25466
-20622 25466
-20617 25470
-20617 25470
-20612 25473
-20612 25473
-20607 25477
-20607 25477
-20603 25481
-20603 25481
-20598 25485
-20598 25485
-20593 25489
-20593 25489
-20588 25493
-20588 25493
-20583 25497
-20583 25497
-20578 25501
-20578 25501
-20573 25505
-20573 25505
-20568 25509
-20568 25509
-20563 25513
-20563 25513
-20559 25517
-20559 25517
-20555 25521
-20555 25521
-20550 25525
-20550 25525
-20545 25528
-20545 25528
-20540 25532
-20540 25532
-20535 25536
-20535 25536
-20530 25540
-20530 25540
-20525 25544
-20525 25544
-20520 25548
-20520 25548
-20515 25552
-20515 25552
-20510 25556
-20510 25556
-20505 25560
-20505 25560
-20501 25564
-20501 25564
-20496 25568
-20496 25568
-20491 25572
-20491 25572
-20486 25576
-20486 25576
-20481 25580
-20481 25580
-20476 25584
-20476 25584
-20471 25587
-20471 25587
-20466 25591
-20466 25591
-20461 25595
-20461 25595
-20456 25599
-20456 25599
-20451 25603
-20451 25603
-20447 25607
-20447 25607
-20442 25611
-20442 25611
-20437 25615
-20437 25615
-20432 25619
-20432 25619
-20427 25623
-20427 25623
-20422 25627
-20422 25627
-20417 25631
-20417 25631
-20412 25635
-20412 25635
-20407 25639
-20407 25639
-20402 25642
-20402 25642
-20398 25646
-20398 25646
-20393 25650
-20393 25650
-20387 25654
-20387 25654
-20382 25658
-20382 25658
-20377 25662
-20377 25662
-20372 25666
-20372 25666
-20367 25670
-20367 25670
-20362 25674
-20362 25674
-20357 25678
-20357 25678
-20352 25682
-20352 25682
-20347 25686
-20347 25686
-20343 25690
-20343 25690
-20338 25694
-20338 25694
-20333 25697
-20333 25697
-20328 25701
-20328 25701
-20323 25705
-20323 25705
-20318 25709
-20318 25709
-20313 25712
-20313 25712
-20308 25716
-20308 25716
-20303 25720
-20303 25720
-20298 25724
-20298 25724
-20293 25728
-20293 25728
-20289 25732
-20289 25732
-20284 25736
-20284 25736
-20279 25740
-20279 25740
-20274 25744
-20274 25744
-20269 25748
-20269 25748
-20264 25751
-20264 25751
-20259 25755
-20259 25755
-20254 25759
-20254 25759
-20249 25763
-20249 25763
-20244 25767
-20244 25767
-20240 25771
-20240 25771
-20235 25775
-20235 25775
-20230 25779
-20230 25779
-20225 25783
-20225 25783
-20220 25787
-20220 25787
-20215 25791
-20215 25791
-20209 25795
-20209 25795
-20204 25799
-20204 25799
-20199 25802
-20199 25802
-20194 25805
-20194 25805
-20189 25809
-20189 25809
-20185 25813
-20185 25813
-20180 25817
-20180 25817
-20175 25821
-20175 25821
-20170 25825
-20170 25825
-20165 25829
-20165 25829
-20160 25833
-20160 25833
-20155 25837
-20155 25837
-20150 25841
-20150 25841
-20145 25844
-20145 25844
-20140 25848
-20140 25848
-20135 25852
-20135 25852
-20130 25856
-20130 25856
-20125 25860
-20125 25860
-20120 25863
-20120 25863
-20115 25868
-20115 25868
-20110 25872
-20110 25872
-20105 25876
-20105 25876
-20101 25880
-20101 25880
-20096 25883
-20096 25883
-20091 25887
-20091 25887
-20086 25891
-20086 25891
-20081 25895
-20081 25895
-20076 25899
-20076 25899
-20071 25902
-20071 25902
-20066 25906
-20066 25906
-20061 25910
-20061 25910
-20056 25914
-20056 25914
-20051 25918
-20051 25918
-20046 25922
-20046 25922
-20041 25925
-20041 25925
-20036 25929
-20036 25929
-20031 25933
-20031 25933
-20026 25937
-20026 25937
-20021 25941
-20021 25941
-20016 25944
-20016 25944
-20011 25948
-20011 25948
-20006 25952
-20006 25952
-20001 25957
-20001 25957
-19996 25961
-19996 25961
-19991 25964
-19991 25964
-19986 25968
-19986 25968
-19981 25972
-19981 25972
-19976 25976
-19976 25976
-19971 25980
-19971 25980
-19966 25983
-19966 25983
-19961 25987
-19961 25987
-19956 25991
-19956 25991
-19951 25995
-19951 25995
-19946 25999
-19946 25999
-19941 26002
-19941 26002
-19936 26006
-19936 26006
-19931 26010
-19931 26010
-19926 26014
-19926 26014
-19921 26018
-19921 26018
-19916 26021
-19916 26021
-19911 26025
-19911 26025
-19906 26029
-19906 26029
-19901 26033
-19901 26033
-19896 26037
-19896 26037
-19891 26040
-19891 26040
-19886 26044
-19886 26044
-19881 26048
-19881 26048
-19876 26052
-19876 26052
-19871 26056
-19871 26056
-19866 26059
-19866 26059
-19861 26063
-19861 26063
-19856 26067
-19856 26067
-19851 26071
-19851 26071
-19846 26075
-19846 26075
-19842 26079
-19842 26079
-19836 26082
-19836 26082
-19831 26086
-19831 26086
-19826 26090
-19826 26090
-19821 26094
-19821 26094
-19816 26098
-19816 26098
-19811 26101
-19811 26101
-19806 26105
-19806 26105
-19801 26109
-19801 26109
-19796 26113
-19796 26113
-19791 26117
-19791 26117
-19786 26120
-19786 26120
-19781 26124
-19781 26124
-19776 26128
-19776 26128
-19771 26132
-19771 26132
-19766 26136
-19766 26136
-19761 26139
-19761 26139
-19756 26143
-19756 26143
-19751 26147
-19751 26147
-19746 26151
-19746 26151
-19741 26155
-19741 26155
-19736 26158
-19736 26158
-19731 26162
-19731 26162
-19726 26166
-19726 26166
-19721 26170
-19721 26170
-19716 26174
-19716 26174
-19711 26177
-19711 26177
-19706 26181
-19706 26181
-19701 26185
-19701 26185
-19696 26189
-19696 26189
-19691 26193
-19691 26193
-19686 26196
-19686 26196
-19681 26200
-19681 26200
-19676 26203
-19676 26203
-19671 26207
-19671 26207
-19666 26211
-19666 26211
-19661 26214
-19661 26214
-19656 26218
-19656 26218
-19651 26222
-19651 26222
-19646 26226
-19646 26226
-19641 26230
-19641 26230
-19636 26233
-19636 26233
-19631 26237
-19631 26237
-19626 26241
-19626 26241
-19621 26245
-19621 26245
-19616 26249
-19616 26249
-19611 26253
-19611 26253
-19606 26256
-19606 26256
-19601 26260
-19601 26260
-19596 26264
-19596 26264
-19591 26268
-19591 26268
-19586 26272
-19586 26272
-19581 26275
-19581 26275
-19575 26279
-19575 26279
-19570 26283
-19570 26283
-19565 26287
-19565 26287
-19560 26290
-19560 26290
-19555 26293
-19555 26293
-19550 26297
-19550 26297
-19545 26301
-19545 26301
-19540 26305
-19540 26305
-19535 26309
-19535 26309
-19530 26312
-19530 26312
-19525 26316
-19525 26316
-19520 26320
-19520 26320
-19515 26324
-19515 26324
-19510 26327
-19510 26327
-19505 26331
-19505 26331
-19500 26335
-19500 26335
-19495 26338
-19495 26338
-19489 26342
-19489 26342
-19484 26346
-19484 26346
-19479 26349
-19479 26349
-19474 26354
-19474 26354
-19469 26358
-19469 26358
-19464 26361
-19464 26361
-19460 26365
-19460 26365
-19455 26369
-19455 26369
-19450 26373
-19450 26373
-19445 26376
-19445 26376
-19440 26380
-19440 26380
-19434 26384
-19434 26384
-19429 26387
-19429 26387
-19424 26391
-19424 26391
-19419 26395
-19419 26395
-19414 26398
-19414 26398
-19409 26402
-19409 26402
-19404 26406
-19404 26406
-19399 26409
-19399 26409
-19394 26413
-19394 26413
-19389 26417
-19389 26417
-19383 26420
-19383 26420
-19378 26424
-19378 26424
-19373 26428
-19373 26428
-19368 26431
-19368 26431
-19363 26435
-19363 26435
-19358 26440
-19358 26440
-19353 26443
-19353 26443
-19348 26447
-19348 26447
-19343 26451
-19343 26451
-19338 26454
-19338 26454
-19333 26458
-19333 26458
-19327 26462
-19327 26462
-19322 26466
-19322 26466
-19317 26469
-19317 26469
-19312 26473
-19312 26473
-19307 26477
-19307 26477
-19302 26480
-19302 26480
-19297 26484
-19297 26484
-19292 26488
-19292 26488
-19287 26491
-19287 26491
-19282 26495
-19282 26495
-19277 26499
-19277 26499
-19271 26502
-19271 26502
-19266 26506
-19266 26506
-19261 26510
-19261 26510
-19256 26513
-19256 26513
-19251 26517
-19251 26517
-19246 26521
-19246 26521
-19241 26524
-19241 26524
-19236 26528
-19236 26528
-19231 26532
-19231 26532
-19226 26535
-19226 26535
-19220 26539
-19220 26539
-19215 26543
-19215 26543
-19210 26546
-19210 26546
-19205 26550
-19205 26550
-19200 26554
-19200 26554
-19196 26558
-19196 26558
-19190 26561
-19190 26561
-19185 26565
-19185 26565
-19180 26569
-19180 26569
-19175 26572
-19175 26572
-19170 26576
-19170 26576
-19164 26580
-19164 26580
-19159 26583
-19159 26583
-19154 26587
-19154 26587
-19149 26591
-19149 26591
-19144 26594
-19144 26594
-19139 26598
-19139 26598
-19134 26602
-19134 26602
-19129 26605
-19129 26605
-19124 26609
-19124 26609
-19119 26613
-19119 26613
-19114 26616
-19114 26616
-19108 26620
-19108 26620
-19103 26624
-19103 26624
-19098 26627
-19098 26627
-19093 26631
-19093 26631
-19088 26635
-19088 26635
-19083 26638
-19083 26638
-19078 26642
-19078 26642
-19073 26646
-19073 26646
-19068 26649
-19068 26649
-19063 26653
-19063 26653
-19057 26657
-19057 26657
-19052 26661
-19052 26661
-19047 26664
-19047 26664
-19042 26668
-19042 26668
-19037 26672
-19037 26672
-19032 26675
-19032 26675
-19027 26678
-19027 26678
-19022 26682
-19022 26682
-19017 26685
-19017 26685
-19012 26689
-19012 26689
-19007 26693
-19007 26693
-19001 26696
-19001 26696
-18996 26700
-18996 26700
-18991 26704
-18991 26704
-18986 26707
-18986 26707
-18981 26711
-18981 26711
-18976 26715
-18976 26715
-18971 26718
-18971 26718
-18966 26722
-18966 26722
-18961 26726
-18961 26726
-18956 26729
-18956 26729
-18951 26733
-18951 26733
-18945 26737
-18945 26737
-18940 26740
-18940 26740
-18935 26744
-18935 26744
-18930 26748
-18930 26748
-18924 26752
-18924 26752
-18919 26755
-18919 26755
-18914 26759
-18914 26759
-18909 26762
-18909 26762
-18904 26765
-18904 26765
-18899 26769
-18899 26769
-18893 26773
-18893 26773
-18888 26776
-18888 26776
-18883 26780
-18883 26780
-18878 26784
-18878 26784
-18873 26787
-18873 26787
-18868 26791
-18868 26791
-18863 26795
-18863 26795
-18858 26798
-18858 26798
-18852 26802
-18852 26802
-18847 26805
-18847 26805
-18842 26809
-18842 26809
-18837 26812
-18837 26812
-18832 26816
-18832 26816
-18827 26819
-18827 26819
-18821 26824
-18821 26824
-18816 26828
-18816 26828
-18811 26831
-18811 26831
-18806 26835
-18806 26835
-18802 26838
-18802 26838
-18796 26842
-18796 26842
-18791 26845
-18791 26845
-18786 26849
-18786 26849
-18781 26852
-18781 26852
-18776 26856
-18776 26856
-18771 26860
-18771 26860
-18765 26863
-18765 26863
-18760 26867
-18760 26867
-18755 26870
-18755 26870
-18750 26874
-18750 26874
-18745 26877
-18745 26877
-18740 26881
-18740 26881
-18734 26884
-18734 26884
-18729 26888
-18729 26888
-18724 26892
-18724 26892
-18719 26895
-18719 26895
-18714 26900
-18714 26900
-18708 26903
-18708 26903
-18703 26907
-18703 26907
-18698 26910
-18698 26910
-18693 26914
-18693 26914
-18688 26917
-18688 26917
-18683 26921
-18683 26921
-18677 26925
-18677 26925
-18672 26928
-18672 26928
-18667 26932
-18667 26932
-18662 26935
-18662 26935
-18657 26939
-18657 26939
-18651 26942
-18651 26942
-18646 26946
-18646 26946
-18641 26949
-18641 26949
-18636 26953
-18636 26953
-18631 26957
-18631 26957
-18626 26960
-18626 26960
-18620 26964
-18620 26964
-18615 26967
-18615 26967
-18610 26971
-18610 26971
-18605 26974
-18605 26974
-18600 26978
-18600 26978
-18594 26981
-18594 26981
-18589 26985
-18589 26985
-18584 26989
-18584 26989
-18579 26992
-18579 26992
-18574 26996
-18574 26996
-18569 26999
-18569 26999
-18563 27003
-18563 27003
-18558 27006
-18558 27006
-18553 27010
-18553 27010
-18548 27013
-18548 27013
-18543 27017
-18543 27017
-18538 27021
-18538 27021
-18532 27024
-18532 27024
-18527 27028
-18527 27028
-18522 27031
-18522 27031
-18517 27035
-18517 27035
-18512 27038
-18512 27038
-18506 27042
-18506 27042
-18501 27045
-18501 27045
-18496 27049
-18496 27049
-18491 27052
-18491 27052
-18486 27056
-18486 27056
-18481 27060
-18481 27060
-18475 27063
-18475 27063
-18470 27067
-18470 27067
-18465 27070
-18465 27070
-18460 27074
-18460 27074
-18455 27077
-18455 27077
-18449 27081
-18449 27081
-18444 27084
-18444 27084
-18439 27088
-18439 27088
-18434 27092
-18434 27092
-18429 27095
-18429 27095
-18424 27099
-18424 27099
-18418 27102
-18418 27102
-18413 27106
-18413 27106
-18408 27109
-18408 27109
-18403 27113
-18403 27113
-18398 27116
-18398 27116
-18392 27120
-18392 27120
-18387 27124
-18387 27124
-18382 27127
-18382 27127
-18377 27131
-18377 27131
-18372 27134
-18372 27134
-18367 27138
-18367 27138
-18361 27141
-18361 27141
-18356 27144
-18356 27144
-18351 27147
-18351 27147
-18346 27151
-18346 27151
-18341 27155
-18341 27155
-18335 27158
-18335 27158
-18330 27162
-18330 27162
-18325 27165
-18325 27165
-18320 27169
-18320 27169
-18315 27172
-18315 27172
-18310 27176
-18310 27176
-18304 27179
-18304 27179
-18299 27183
-18299 27183
-18294 27187
-18294 27187
-18289 27190
-18289 27190
-18284 27194
-18284 27194
-18279 27197
-18279 27197
-18273 27201
-18273 27201
-18267 27204
-18267 27204
-18262 27208
-18262 27208
-18257 27211
-18257 27211
-18252 27215
-18252 27215
-18246 27218
-18246 27218
-18241 27221
-18241 27221
-18236 27225
-18236 27225
-18231 27228
-18231 27228
-18226 27232
-18226 27232
-18221 27235
-18221 27235
-18215 27239
-18215 27239
-18210 27242
-18210 27242
-18205 27246
-18205 27246
-18200 27249
-18200 27249
-18194 27253
-18194 27253
-18189 27256
-18189 27256
-18184 27260
-18184 27260
-18179 27263
-18179 27263
-18173 27267
-18173 27267
-18168 27270
-18168 27270
-18163 27273
-18163 27273
-18158 27278
-18158 27278
-18152 27281
-18152 27281
-18147 27285
-18147 27285
-18142 27288
-18142 27288
-18138 27291
-18138 27291
-18132 27295
-18132 27295
-18127 27298
-18127 27298
-18122 27302
-18122 27302
-18116 27305
-18116 27305
-18111 27309
-18111 27309
-18106 27312
-18106 27312
-18101 27315
-18101 27315
-18095 27319
-18095 27319
-18090 27322
-18090 27322
-18085 27326
-18085 27326
-18080 27329
-18080 27329
-18074 27333
-18074 27333
-18069 27336
-18069 27336
-18064 27339
-18064 27339
-18059 27343
-18059 27343
-18053 27346
-18053 27346
-18048 27350
-18048 27350
-18043 27353
-18043 27353
-18038 27358
-18038 27358
-18032 27361
-18032 27361
-18027 27364
-18027 27364
-18022 27368
-18022 27368
-18016 27371
-18016 27371
-18011 27375
-18011 27375
-18006 27378
-18006 27378
-18001 27381
-18001 27381
-17995 27385
-17995 27385
-17990 27388
-17990 27388
-17985 27392
-17985 27392
-17980 27395
-17980 27395
-17974 27399
-17974 27399
-17969 27402
-17969 27402
-17964 27405
-17964 27405
-17959 27409
-17959 27409
-17953 27412
-17953 27412
-17948 27416
-17948 27416
-17943 27419
-17943 27419
-17937 27423
-17937 27423
-17932 27426
-17932 27426
-17927 27429
-17927 27429
-17922 27433
-17922 27433
-17916 27436
-17916 27436
-17911 27440
-17911 27440
-17906 27443
-17906 27443
-17901 27446
-17901 27446
-17895 27450
-17895 27450
-17890 27453
-17890 27453
-17885 27457
-17885 27457
-17880 27460
-17880 27460
-17874 27464
-17874 27464
-17869 27467
-17869 27467
-17864 27470
-17864 27470
-17858 27474
-17858 27474
-17853 27477
-17853 27477
-17848 27481
-17848 27481
-17843 27484
-17843 27484
-17837 27488
-17837 27488
-17832 27491
-17832 27491
-17827 27494
-17827 27494
-17822 27498
-17822 27498
-17816 27501
-17816 27501
-17811 27505
-17811 27505
-17806 27508
-17806 27508
-17801 27511
-17801 27511
-17795 27515
-17795 27515
-17790 27518
-17790 27518
-17785 27522
-17785 27522
-17779 27525
-17779 27525
-17774 27529
-17774 27529
-17769 27532
-17769 27532
-17764 27535
-17764 27535
-17758 27539
-17758 27539
-17753 27542
-17753 27542
-17748 27546
-17748 27546
-17743 27549
-17743 27549
-17737 27553
-17737 27553
-17732 27556
-17732 27556
-17727 27559
-17727 27559
-17722 27563
-17722 27563
-17716 27566
-17716 27566
-17711 27570
-17711 27570
-17706 27573
-17706 27573
-17701 27577
-17701 27577
-17695 27579
-17695 27579
-17690 27582
-17690 27582
-17685 27586
-17685 27586
-17679 27589
-17679 27589
-17674 27593
-17674 27593
-17669 27596
-17669 27596
-17664 27599
-17664 27599
-17658 27603
-17658 27603
-17653 27606
-17653 27606
-17648 27610
-17648 27610
-17643 27613
-17643 27613
-17637 27617
-17637 27617
-17632 27620
-17632 27620
-17627 27623
-17627 27623
-17622 27627
-17622 27627
-17616 27630
-17616 27630
-17611 27634
-17611 27634
-17606 27637
-17606 27637
-17600 27641
-17600 27641
-17594 27644
-17594 27644
-17589 27647
-17589 27647
-17584 27651
-17584 27651
-17578 27654
-17578 27654
-17573 27657
-17573 27657
-17568 27660
-17568 27660
-17563 27663
-17563 27663
-17557 27667
-17557 27667
-17552 27670
-17552 27670
-17547 27674
-17547 27674
-17542 27677
-17542 27677
-17536 27681
-17536 27681
-17531 27684
-17531 27684
-17526 27687
-17526 27687
-17520 27691
-17520 27691
-17515 27694
-17515 27694
-17510 27697
-17510 27697
-17504 27700
-17504 27700
-17499 27704
-17499 27704
-17494 27707
-17494 27707
-17488 27710
-17488 27710
-17483 27715
-17483 27715
-17477 27718
-17477 27718
-17472 27721
-17472 27721
-17467 27725
-17467 27725
-17462 27728
-17462 27728
-17457 27731
-17457 27731
-17452 27734
-17452 27734
-17446 27738
-17446 27738
-17441 27741
-17441 27741
-17436 27744
-17436 27744
-17430 27748
-17430 27748
-17425 27751
-17425 27751
-17420 27754
-17420 27754
-17414 27758
-17414 27758
-17409 27761
-17409 27761
-17404 27764
-17404 27764
-17398 27767
-17398 27767
-17393 27771
-17393 27771
-17388 27774
-17388 27774
-17382 27777
-17382 27777
-17377 27781
-17377 27781
-17371 27785
-17371 27785
-17366 27788
-17366 27788
-17361 27792
-17361 27792
-17355 27795
-17355 27795
-17350 27798
-17350 27798
-17345 27801
-17345 27801
-17339 27805
-17339 27805
-17334 27808
-17334 27808
-17329 27811
-17329 27811
-17323 27815
-17323 27815
-17318 27818
-17318 27818
-17313 27821
-17313 27821
-17307 27824
-17307 27824
-17302 27828
-17302 27828
-17297 27831
-17297 27831
-17291 27834
-17291 27834
-17286 27838
-17286 27838
-17280 27841
-17280 27841
-17275 27844
-17275 27844
-17270 27848
-17270 27848
-17264 27851
-17264 27851
-17259 27854
-17259 27854
-17254 27857
-17254 27857
-17248 27861
-17248 27861
-17243 27864
-17243 27864
-17238 27867
-17238 27867
-17232 27871
-17232 27871
-17227 27874
-17227 27874
-17222 27877
-17222 27877
-17216 27881
-17216 27881
-17211 27884
-17211 27884
-17206 27887
-17206 27887
-17200 27890
-17200 27890
-17195 27894
-17195 27894
-17190 27897
-17190 27897
-17184 27900
-17184 27900
-17179 27904
-17179 27904
-17173 27907
-17173 27907
-17168 27910
-17168 27910
-17163 27913
-17163 27913
-17157 27917
-17157 27917
-17152 27920
-17152 27920
-17147 27923
-17147 27923
-17141 27927
-17141 27927
-17136 27930
-17136 27930
-17131 27933
-17131 27933
-17125 27937
-17125 27937
-17120 27940
-17120 27940
-17115 27943
-17115 27943
-17109 27946
-17109 27946
-17104 27950
-17104 27950
-17099 27953
-17099 27953
-17093 27956
-17093 27956
-17088 27960
-17088 27960
-17082 27963
-17082 27963
-17077 27966
-17077 27966
-17072 27970
-17072 27970
-17066 27973
-17066 27973
-17061 27976
-17061 27976
-17056 27979
-17056 27979
-17050 27983
-17050 27983
-17045 27986
-17045 27986
-17040 27989
-17040 27989
-17034 27993
-17034 27993
-17029 27996
-17029 27996
-17024 27999
-17024 27999
-17018 28003
-17018 28003
-17013 28006
-17013 28006
-17008 28009
-17008 28009
-17002 28011
-17002 28011
-16997 28015
-16997 28015
-16991 28018
-16991 28018
-16986 28021
-16986 28021
-16981 28025
-16981 28025
-16975 28028
-16975 28028
-16970 28031
-16970 28031
-16965 28034
-16965 28034
-16959 28038
-16959 28038
-16954 28041
-16954 28041
-16949 28044
-16949 28044
-16943 28048
-16943 28048
-16938 28051
-16938 28051
-16933 28054
-16933 28054
-16927 28058
-16927 28058
-16922 28061
-16922 28061
-16917 28064
-16917 28064
-16910 28067
-16910 28067
-16905 28071
-16905 28071
-16900 28074
-16900 28074
-16894 28077
-16894 28077
-16889 28080
-16889 28080
-16883 28083
-16883 28083
-16878 28086
-16878 28086
-16873 28090
-16873 28090
-16867 28093
-16867 28093
-16862 28096
-16862 28096
-16857 28099
-16857 28099
-16851 28103
-16851 28103
-16846 28106
-16846 28106
-16841 28109
-16841 28109
-16835 28112
-16835 28112
-16830 28115
-16830 28115
-16824 28119
-16824 28119
-16819 28122
-16819 28122
-16813 28125
-16813 28125
-16808 28128
-16808 28128
-16803 28131
-16803 28131
-16797 28135
-16797 28135
-16792 28139
-16792 28139
-16786 28142
-16786 28142
-16781 28145
-16781 28145
-16775 28148
-16775 28148
-16770 28151
-16770 28151
-16766 28154
-16766 28154
-16760 28158
-16760 28158
-16755 28161
-16755 28161
-16749 28164
-16749 28164
-16744 28167
-16744 28167
-16738 28170
-16738 28170
-16733 28173
-16733 28173
-16728 28177
-16728 28177
-16722 28180
-16722 28180
-16717 28183
-16717 28183
-16711 28186
-16711 28186
-16706 28189
-16706 28189
-16700 28192
-16700 28192
-16695 28196
-16695 28196
-16690 28199
-16690 28199
-16684 28203
-16684 28203
-16679 28206
-16679 28206
-16673 28209
-16673 28209
-16668 28212
-16668 28212
-16662 28216
-16662 28216
-16657 28219
-16657 28219
-16652 28222
-16652 28222
-16646 28225
-16646 28225
-16641 28228
-16641 28228
-16635 28231
-16635 28231
-16630 28235
-16630 28235
-16624 28238
-16624 28238
-16619 28241
-16619 28241
-16614 28244
-16614 28244
-16608 28247
-16608 28247
-16603 28250
-16603 28250
-16597 28254
-16597 28254
-16592 28257
-16592 28257
-16586 28260
-16586 28260
-16581 28263
-16581 28263
-16576 28266
-16576 28266
-16570 28269
-16570 28269
-16565 28273
-16565 28273
-16559 28276
-16559 28276
-16554 28279
-16554 28279
-16548 28282
-16548 28282
-16543 28285
-16543 28285
-16538 28288
-16538 28288
-16532 28292
-16532 28292
-16527 28295
-16527 28295
-16521 28298
-16521 28298
-16516 28301
-16516 28301
-16510 28304
-16510 28304
-16505 28307
-16505 28307
-16500 28311
-16500 28311
-16494 28314
-16494 28314
-16489 28317
-16489 28317
-16483 28320
-16483 28320
-16478 28323
-16478 28323
-16472 28326
-16472 28326
-16467 28329
-16467 28329
-16461 28333
-16461 28333
-16456 28336
-16456 28336
-16451 28339
-16451 28339
-16445 28342
-16445 28342
-16440 28345
-16440 28345
-16434 28348
-16434 28348
-16429 28352
-16429 28352
-16423 28355
-16423 28355
-16418 28358
-16418 28358
-16413 28361
-16413 28361
-16407 28364
-16407 28364
-16402 28367
-16402 28367
-16396 28371
-16396 28371
-16391 28374
-16391 28374
-16385 28377
-16385 28377
-16380 28380
-16380 28380
-16375 28383
-16375 28383
-16369 28386
-16369 28386
-16364 28390
-16364 28390
-16358 28393
-16358 28393
-16353 28396
-16353 28396
-16347 28399
-16347 28399
-16342 28402
-16342 28402
-16337 28405
-16337 28405
-16331 28409
-16331 28409
-16326 28412
-16326 28412
-16320 28415
-16320 28415
-16315 28418
-16315 28418
-16309 28420
-16309 28420
-16304 28423
-16304 28423
-16299 28427
-16299 28427
-16293 28430
-16293 28430
-16288 28433
-16288 28433
-16282 28436
-16282 28436
-16277 28439
-16277 28439
-16271 28442
-16271 28442
-16266 28446
-16266 28446
-16261 28449
-16261 28449
-16255 28452
-16255 28452
-16250 28455
-16250 28455
-16244 28458
-16244 28458
-16239 28461
-16239 28461
-16233 28465
-16233 28465
-16227 28468
-16227 28468
-16222 28471
-16222 28471
-16216 28474
-16216 28474
-16211 28477
-16211 28477
-16205 28480
-16205 28480
-16200 28484
-16200 28484
-16194 28486
-16194 28486
-16189 28489
-16189 28489
-16184 28492
-16184 28492
-16178 28495
-16178 28495
-16173 28498
-16173 28498
-16167 28502
-16167 28502
-16162 28505
-16162 28505
-16156 28508
-16156 28508
-16151 28511
-16151 28511
-16146 28514
-16146 28514
-16140 28517
-16140 28517
-16135 28520
-16135 28520
-16129 28523
-16129 28523
-16124 28526
-16124 28526
-16118 28529
-16118 28529
-16113 28532
-16113 28532
-16107 28536
-16107 28536
-16102 28539
-16102 28539
-16096 28542
-16096 28542
-16091 28545
-16091 28545
-16085 28548
-16085 28548
-16080 28551
-16080 28551
-16074 28554
-16074 28554
-16069 28557
-16069 28557
-16063 28561
-16063 28561
-16059 28564
-16059 28564
-16053 28567
-16053 28567
-16048 28570
-16048 28570
-16042 28573
-16042 28573
-16037 28576
-16037 28576
-16031 28579
-16031 28579
-16026 28582
-16026 28582
-16020 28585
-16020 28585
-16015 28588
-16015 28588
-16009 28591
-16009 28591
-16004 28594
-16004 28594
-15998 28598
-15998 28598
-15993 28601
-15993 28601
-15987 28604
-15987 28604
-15982 28607
-15982 28607
-15976 28610
-15976 28610
-15971 28613
-15971 28613
-15965 28616
-15965 28616
-15960 28619
-15960 28619
-15954 28622
-15954 28622
-15949 28625
-15949 28625
-15943 28628
-15943 28628
-15938 28631
-15938 28631
-15932 28634
-15932 28634
-15927 28637
-15927 28637
-15921 28640
-15921 28640
-15916 28643
-15916 28643
-15910 28646
-15910 28646
-15905 28649
-15905 28649
-15899 28652
-15899 28652
-15894 28655
-15894 28655
-15888 28659
-15888 28659
-15883 28662
-15883 28662
-15877 28665
-15877 28665
-15872 28668
-15872 28668
-15866 28671
-15866 28671
-15861 28674
-15861 28674
-15855 28677
-15855 28677
-15850 28680
-15850 28680
-15844 28683
-15844 28683
-15839 28686
-15839 28686
-15833 28689
-15833 28689
-15828 28692
-15828 28692
-15822 28695
-15822 28695
-15817 28698
-15817 28698
-15811 28701
-15811 28701
-15806 28704
-15806 28704
-15800 28707
-15800 28707
-15795 28710
-15795 28710
-15789 28713
-15789 28713
-15784 28716
-15784 28716
-15778 28719
-15778 28719
-15773 28722
-15773 28722
-15767 28725
-15767 28725
-15762 28728
-15762 28728
-15756 28731
-15756 28731
-15751 28734
-15751 28734
-15745 28737
-15745 28737
-15740 28740
-15740 28740
-15734 28743
-15734 28743
-15729 28746
-15729 28746
-15723 28749
-15723 28749
-15718 28752
-15718 28752
-15712 28756
-15712 28756
-15707 28759
-15707 28759
-15701 28762
-15701 28762
-15696 28765
-15696 28765
-15690 28768
-15690 28768
-15685 28771
-15685 28771
-15679 28774
-15679 28774
-15674 28777
-15674 28777
-15668 28780
-15668 28780
-15663 28783
-15663 28783
-15657 28786
-15657 28786
-15652 28789
-15652 28789
-15646 28792
-15646 28792
-15641 28795
-15641 28795
-15635 28798
-15635 28798
-15630 28801
-15630 28801
-15624 28804
-15624 28804
-15619 28807
-15619 28807
-15613 28810
-15613 28810
-15608 28813
-15608 28813
-15602 28816
-15602 28816
-15597 28818
-15597 28818
-15591 28821
-15591 28821
-15586 28824
-15586 28824
-15580 28827
-15580 28827
-15575 28830
-15575 28830
-15569 28833
-15569 28833
-15564 28836
-15564 28836
-15558 28839
-15558 28839
-15553 28842
-15553 28842
-15547 28845
-15547 28845
-15542 28848
-15542 28848
-15535 28852
-15535 28852
-15530 28855
-15530 28855
-15524 28858
-15524 28858
-15519 28861
-15519 28861
-15513 28864
-15513 28864
-15508 28867
-15508 28867
-15502 28870
-15502 28870
-15497 28873
-15497 28873
-15491 28876
-15491 28876
-15486 28878
-15486 28878
-15480 28881
-15480 28881
-15475 28884
-15475 28884
-15469 28887
-15469 28887
-15464 28890
-15464 28890
-15458 28893
-15458 28893
-15453 28896
-15453 28896
-15447 28899
-15447 28899
-15441 28902
-15441 28902
-15436 28905
-15436 28905
-15430 28908
-15430 28908
-15425 28911
-15425 28911
-15419 28913
-15419 28913
-15414 28916
-15414 28916
-15408 28919
-15408 28919
-15402 28922
-15402 28922
-15397 28926
-15397 28926
-15391 28929
-15391 28929
-15386 28932
-15386 28932
-15380 28935
-15380 28935
-15374 28938
-15374 28938
-15369 28940
-15369 28940
-15364 28943
-15364 28943
-15359 28946
-15359 28946
-15353 28949
-15353 28949
-15348 28952
-15348 28952
-15342 28955
-15342 28955
-15336 28958
-15336 28958
-15331 28961
-15331 28961
-15325 28964
-15325 28964
-15320 28966
-15320 28966
-15314 28969
-15314 28969
-15309 28972
-15309 28972
-15303 28975
-15303 28975
-15297 28978
-15297 28978
-15292 28981
-15292 28981
-15286 28984
-15286 28984
-15281 28988
-15281 28988
-15275 28991
-15275 28991
-15270 28994
-15270 28994
-15264 28996
-15264 28996
-15258 28999
-15258 28999
-15253 29002
-15253 29002
-15247 29005
-15247 29005
-15242 29008
-15242 29008
-15236 29011
-15236 29011
-15230 29014
-15230 29014
-15225 29017
-15225 29017
-15219 29020
-15219 29020
-15214 29022
-15214 29022
-15208 29025
-15208 29025
-15203 29028
-15203 29028
-15197 29031
-15197 29031
-15191 29034
-15191 29034
-15186 29037
-15186 29037
-15180 29040
-15180 29040
-15175 29043
-15175 29043
-15169 29046
-15169 29046
-15164 29048
-15164 29048
-15158 29051
-15158 29051
-15152 29054
-15152 29054
-15147 29057
-15147 29057
-15141 29060
-15141 29060
-15136 29063
-15136 29063
-15130 29066
-15130 29066
-15124 29069
-15124 29069
-15119 29072
-15119 29072
-15113 29074
-15113 29074
-15108 29077
-15108 29077
-15102 29080
-15102 29080
-15097 29083
-15097 29083
-15091 29086
-15091 29086
-15085 29089
-15085 29089
-15080 29092
-15080 29092
-15074 29095
-15074 29095
-15069 29098
-15069 29098
-15063 29100
-15063 29100
-15058 29103
-15058 29103
-15052 29106
-15052 29106
-15046 29109
-15046 29109
-15041 29112
-15041 29112
-15035 29115
-15035 29115
-15030 29118
-15030 29118
-15024 29121
-15024 29121
-15018 29124
-15018 29124
-15013 29126
-15013 29126
-15007 29129
-15007 29129
-15002 29132
-15002 29132
-14996 29135
-14996 29135
-14991 29138
-14991 29138
-14985 29141
-14985 29141
-14979 29144
-14979 29144
-14974 29147
-14974 29147
-14968 29150
-14968 29150
-14963 29152
-14963 29152
-14957 29155
-14957 29155
-14952 29158
-14952 29158
-14946 29161
-14946 29161
-14940 29164
-14940 29164
-14935 29167
-14935 29167
-14929 29170
-14929 29170
-14924 29173
-14924 29173
-14918 29176
-14918 29176
-14913 29179
-14913 29179
-14907 29181
-14907 29181
-14901 29184
-14901 29184
-14896 29186
-14896 29186
-14890 29189
-14890 29189
-14885 29192
-14885 29192
-14879 29195
-14879 29195
-14873 29198
-14873 29198
-14868 29201
-14868 29201
-14862 29204
-14862 29204
-14857 29206
-14857 29206
-14851 29209
-14851 29209
-14846 29212
-14846 29212
-14840 29215
-14840 29215
-14834 29218
-14834 29218
-14829 29221
-14829 29221
-14823 29224
-14823 29224
-14818 29227
-14818 29227
-14811 29230
-14811 29230
-14806 29232
-14806 29232
-14800 29235
-14800 29235
-14794 29238
-14794 29238
-14789 29241
-14789 29241
-14783 29244
-14783 29244
-14778 29246
-14778 29246
-14772 29249
-14772 29249
-14766 29252
-14766 29252
-14761 29255
-14761 29255
-14755 29257
-14755 29257
-14750 29260
-14750 29260
-14744 29263
-14744 29263
-14739 29266
-14739 29266
-14733 29269
-14733 29269
-14727 29272
-14727 29272
-14722 29275
-14722 29275
-14716 29277
-14716 29277
-14710 29280
-14710 29280
-14705 29283
-14705 29283
-14699 29286
-14699 29286
-14693 29288
-14693 29288
-14688 29292
-14688 29292
-14682 29295
-14682 29295
-14677 29298
-14677 29298
-14671 29300
-14671 29300
-14665 29303
-14665 29303
-14660 29306
-14660 29306
-14654 29309
-14654 29309
-14648 29311
-14648 29311
-14643 29314
-14643 29314
-14638 29317
-14638 29317
-14632 29320
-14632 29320
-14627 29322
-14627 29322
-14621 29325
-14621 29325
-14615 29328
-14615 29328
-14610 29331
-14610 29331
-14604 29333
-14604 29333
-14598 29336
-14598 29336
-14593 29339
-14593 29339
-14587 29342
-14587 29342
-14581 29344
-14581 29344
-14576 29348
-14576 29348
-14570 29351
-14570 29351
-14565 29354
-14565 29354
-14559 29356
-14559 29356
-14553 29359
-14553 29359
-14548 29362
-14548 29362
-14542 29365
-14542 29365
-14536 29368
-14536 29368
-14531 29370
-14531 29370
-14525 29373
-14525 29373
-14519 29376
-14519 29376
-14514 29379
-14514 29379
-14508 29381
-14508 29381
-14502 29384
-14502 29384
-14497 29387
-14497 29387
-14491 29390
-14491 29390
-14485 29392
-14485 29392
-14480 29395
-14480 29395
-14474 29398
-14474 29398
-14469 29401
-14469 29401
-14463 29403
-14463 29403
-14457 29406
-14457 29406
-14452 29409
-14452 29409
-14446 29412
-14446 29412
-14440 29414
-14440 29414
-14435 29417
-14435 29417
-14429 29420
-14429 29420
-14423 29423
-14423 29423
-14418 29425
-14418 29425
-14412 29428
-14412 29428
-14406 29431
-14406 29431
-14401 29434
-14401 29434
-14395 29436
-14395 29436
-14389 29439
-14389 29439
-14384 29442
-14384 29442
-14378 29445
-14378 29445
-14373 29448
-14373 29448
-14367 29450
-14367 29450
-14361 29453
-14361 29453
-14356 29456
-14356 29456
-14350 29459
-14350 29459
-14344 29461
-14344 29461
-14339 29464
-14339 29464
-14333 29467
-14333 29467
-14327 29470
-14327 29470
-14322 29472
-14322 29472
-14316 29475
-14316 29475
-14310 29478
-14310 29478
-14305 29481
-14305 29481
-14299 29483
-14299 29483
-14293 29486
-14293 29486
-14288 29489
-14288 29489
-14282 29492
-14282 29492
-14276 29494
-14276 29494
-14271 29497
-14271 29497
-14265 29500
-14265 29500
-14260 29503
-14260 29503
-14254 29505
-14254 29505
-14248 29508
-14248 29508
-14243 29511
-14243 29511
-14237 29514
-14237 29514
-14231 29516
-14231 29516
-14226 29519
-14226 29519
-14220 29522
-14220 29522
-14214 29525
-14214 29525
-14209 29527
-14209 29527
-14203 29530
-14203 29530
-14197 29533
-14197 29533
-14192 29536
-14192 29536
-14186 29539
-14186 29539
-14180 29541
-14180 29541
-14175 29544
-14175 29544
-14169 29547
-14169 29547
-14164 29549
-14164 29549
-14158 29551
-14158 29551
-14152 29554
-14152 29554
-14147 29557
-14147 29557
-14141 29560
-14141 29560
-14135 29562
-14135 29562
-14130 29565
-14130 29565
-14124 29568
-14124 29568
-14118 29571
-14118 29571
-14113 29573
-14113 29573
-14107 29576
-14107 29576
-14100 29579
-14100 29579
-14095 29582
-14095 29582
-14089 29584
-14089 29584
-14083 29587
-14083 29587
-14078 29590
-14078 29590
-14072 29593
-14072 29593
-14066 29595
-14066 29595
-14061 29598
-14061 29598
-14055 29601
-14055 29601
-14050 29603
-14050 29603
-14044 29605
-14044 29605
-14038 29608
-14038 29608
-14033 29611
-14033 29611
-14027 29614
-14027 29614
-14021 29616
-14021 29616
-14016 29619
-14016 29619
-14010 29622
-14010 29622
-14004 29625
-14004 29625
-13999 29627
-13999 29627
-13993 29630
-13993 29630
-13987 29632
-13987 29632
-13981 29635
-13981 29635
-13976 29638
-13976 29638
-13970 29640
-13970 29640
-13964 29644
-13964 29644
-13959 29647
-13959 29647
-13953 29649
-13953 29649
-13947 29652
-13947 29652
-13941 29654
-13941 29654
-13936 29657
-13936 29657
-13930 29660
-13930 29660
-13924 29662
-13924 29662
-13919 29665
-13919 29665
-13913 29667
-13913 29667
-13907 29670
-13907 29670
-13902 29673
-13902 29673
-13897 29675
-13897 29675
-13891 29678
-13891 29678
-13885 29681
-13885 29681
-13880 29683
-13880 29683
-13874 29686
-13874 29686
-13868 29688
-13868 29688
-13863 29691
-13863 29691
-13857 29694
-13857 29694
-13851 29697
-13851 29697
-13845 29700
-13845 29700
-13840 29703
-13840 29703
-13834 29705
-13834 29705
-13828 29708
-13828 29708
-13823 29710
-13823 29710
-13817 29713
-13817 29713
-13811 29716
-13811 29716
-13805 29718
-13805 29718
-13800 29721
-13800 29721
-13794 29723
-13794 29723
-13788 29726
-13788 29726
-13783 29729
-13783 29729
-13777 29731
-13777 29731
-13771 29734
-13771 29734
-13765 29737
-13765 29737
-13760 29739
-13760 29739
-13754 29742
-13754 29742
-13748 29744
-13748 29744
-13743 29747
-13743 29747
-13737 29750
-13737 29750
-13731 29752
-13731 29752
-13725 29755
-13725 29755
-13720 29757
-13720 29757
-13714 29760
-13714 29760
-13708 29763
-13708 29763
-13703 29765
-13703 29765
-13697 29768
-13697 29768
-13691 29771
-13691 29771
-13685 29773
-13685 29773
-13680 29776
-13680 29776
-13674 29778
-13674 29778
-13668 29781
-13668 29781
-13663 29784
-13663 29784
-13657 29786
-13657 29786
-13651 29789
-13651 29789
-13646 29792
-13646 29792
-13640 29794
-13640 29794
-13634 29797
-13634 29797
-13628 29799
-13628 29799
-13623 29802
-13623 29802
-13617 29805
-13617 29805
-13611 29807
-13611 29807
-13606 29810
-13606 29810
-13600 29812
-13600 29812
-13594 29815
-13594 29815
-13588 29818
-13588 29818
-13583 29820
-13583 29820
-13577 29823
-13577 29823
-13571 29826
-13571 29826
-13566 29828
-13566 29828
-13560 29831
-13560 29831
-13554 29833
-13554 29833
-13548 29836
-13548 29836
-13543 29839
-13543 29839
-13537 29841
-13537 29841
-13531 29844
-13531 29844
-13526 29846
-13526 29846
-13520 29849
-13520 29849
-13514 29852
-13514 29852
-13508 29854
-13508 29854
-13503 29857
-13503 29857
-13497 29860
-13497 29860
-13491 29862
-13491 29862
-13486 29865
-13486 29865
-13480 29867
-13480 29867
-13474 29870
-13474 29870
-13468 29873
-13468 29873
-13463 29875
-13463 29875
-13457 29878
-13457 29878
-13451 29880
-13451 29880
-13446 29883
-13446 29883
-13440 29886
-13440 29886
-13434 29887
-13434 29887
-13428 29890
-13428 29890
-13423 29893
-13423 29893
-13417 29895
-13417 29895
-13411 29898
-13411 29898
-13406 29900
-13406 29900
-13400 29903
-13400 29903
-13394 29906
-13394 29906
-13389 29908
-13389 29908
-13382 29911
-13382 29911
-13376 29914
-13376 29914
-13370 29916
-13370 29916
-13365 29919
-13365 29919
-13359 29921
-13359 29921
-13353 29924
-13353 29924
-13348 29927
-13348 29927
-13342 29929
-13342 29929
-13336 29932
-13336 29932
-13330 29934
-13330 29934
-13325 29937
-13325 29937
-13319 29939
-13319 29939
-13313 29941
-13313 29941
-13308 29944
-13308 29944
-13302 29947
-13302 29947
-13296 29949
-13296 29949
-13290 29952
-13290 29952
-13285 29954
-13285 29954
-13279 29957
-13279 29957
-13273 29959
-13273 29959
-13267 29962
-13267 29962
-13262 29964
-13262 29964
-13256 29967
-13256 29967
-13250 29969
-13250 29969
-13244 29972
-13244 29972
-13239 29974
-13239 29974
-13233 29978
-13233 29978
-13227 29980
-13227 29980
-13221 29983
-13221 29983
-13215 29985
-13215 29985
-13210 29988
-13210 29988
-13204 29990
-13204 29990
-13198 29993
-13198 29993
-13192 29995
-13192 29995
-13187 29998
-13187 29998
-13181 30000
-13181 30000
-13175 30003
-13175 30003
-13170 30005
-13170 30005
-13165 30008
-13165 30008
-13159 30010
-13159 30010
-13153 30012
-13153 30012
-13147 30015
-13147 30015
-13141 30017
-13141 30017
-13136 30020
-13136 30020
-13130 30023
-13130 30023
-13124 30026
-13124 30026
-13118 30028
-13118 30028
-13113 30031
-13113 30031
-13107 30033
-13107 30033
-13101 30036
-13101 30036
-13095 30038
-13095 30038
-13089 30041
-13089 30041
-13084 30043
-13084 30043
-13078 30046
-13078 30046
-13072 30048
-13072 30048
-13066 30051
-13066 30051
-13061 30053
-13061 30053
-13055 30056
-13055 30056
-13049 30058
-13049 30058
-13043 30061
-13043 30061
-13038 30063
-13038 30063
-13032 30065
-13032 30065
-13026 30068
-13026 30068
-13020 30070
-13020 30070
-13014 30073
-13014 30073
-13009 30075
-13009 30075
-13003 30078
-13003 30078
-12997 30080
-12997 30080
-12991 30083
-12991 30083
-12986 30085
-12986 30085
-12980 30088
-12980 30088
-12974 30090
-12974 30090
-12968 30093
-12968 30093
-12962 30095
-12962 30095
-12957 30098
-12957 30098
-12951 30100
-12951 30100
-12945 30103
-12945 30103
-12939 30105
-12939 30105
-12934 30108
-12934 30108
-12928 30110
-12928 30110
-12922 30113
-12922 30113
-12916 30115
-12916 30115
-12911 30118
-12911 30118
-12905 30120
-12905 30120
-12899 30122
-12899 30122
-12893 30125
-12893 30125
-12887 30127
-12887 30127
-12882 30130
-12882 30130
-12876 30132
-12876 30132
-12870 30135
-12870 30135
-12864 30137
-12864 30137
-12859 30140
-12859 30140
-12853 30142
-12853 30142
-12847 30145
-12847 30145
-12841 30147
-12841 30147
-12835 30150
-12835 30150
-12830 30152
-12830 30152
-12824 30155
-12824 30155
-12818 30157
-12818 30157
-12812 30160
-12812 30160
-12807 30162
-12807 30162
-12801 30165
-12801 30165
-12795 30167
-12795 30167
-12789 30170
-12789 30170
-12783 30172
-12783 30172
-12778 30174
-12778 30174
-12772 30177
-12772 30177
-12766 30179
-12766 30179
-12760 30182
-12760 30182
-12755 30184
-12755 30184
-12749 30187
-12749 30187
-12743 30189
-12743 30189
-12737 30192
-12737 30192
-12732 30194
-12732 30194
-12726 30197
-12726 30197
-12720 30199
-12720 30199
-12714 30202
-12714 30202
-12708 30204
-12708 30204
-12703 30207
-12703 30207
-12697 30209
-12697 30209
-12691 30212
-12691 30212
-12685 30213
-12685 30213
-12680 30216
-12680 30216
-12674 30218
-12674 30218
-12668 30221
-12668 30221
-12662 30223
-12662 30223
-12656 30225
-12656 30225
-12651 30228
-12651 30228
-12644 30230
-12644 30230
-12638 30233
-12638 30233
-12632 30235
-12632 30235
-12627 30238
-12627 30238
-12621 30240
-12621 30240
-12615 30243
-12615 30243
-12609 30245
-12609 30245
-12604 30248
-12604 30248
-12598 30250
-12598 30250
-12592 30253
-12592 30253
-12586 30255
-12586 30255
-12580 30257
-12580 30257
-12575 30259
-12575 30259
-12569 30262
-12569 30262
-12563 30264
-12563 30264
-12557 30267
-12557 30267
-12552 30269
-12552 30269
-12546 30272
-12546 30272
-12540 30274
-12540 30274
-12534 30276
-12534 30276
-12528 30279
-12528 30279
-12522 30281
-12522 30281
-12517 30283
-12517 30283
-12511 30286
-12511 30286
-12505 30288
-12505 30288
-12499 30290
-12499 30290
-12493 30293
-12493 30293
-12487 30296
-12487 30296
-12482 30298
-12482 30298
-12476 30301
-12476 30301
-12470 30303
-12470 30303
-12464 30305
-12464 30305
-12458 30308
-12458 30308
-12452 30310
-12452 30310
-12447 30312
-12447 30312
-12441 30315
-12441 30315
-12435 30317
-12435 30317
-12430 30319
-12430 30319
-12424 30322
-12424 30322
-12418 30324
-12418 30324
-12413 30326
-12413 30326
-12407 30329
-12407 30329
-12401 30331
-12401 30331
-12395 30333
-12395 30333
-12389 30336
-12389 30336
-12383 30338
-12383 30338
-12378 30340
-12378 30340
-12372 30343
-12372 30343
-12366 30346
-12366 30346
-12360 30348
-12360 30348
-12354 30351
-12354 30351
-12348 30353
-12348 30353
-12343 30355
-12343 30355
-12337 30357
-12337 30357
-12331 30360
-12331 30360
-12325 30362
-12325 30362
-12319 30364
-12319 30364
-12313 30367
-12313 30367
-12308 30369
-12308 30369
-12302 30371
-12302 30371
-12296 30374
-12296 30374
-12290 30376
-12290 30376
-12284 30378
-12284 30378
-12278 30381
-12278 30381
-12273 30383
-12273 30383
-12267 30385
-12267 30385
-12261 30388
-12261 30388
-12255 30390
-12255 30390
-12249 30392
-12249 30392
-12243 30395
-12243 30395
-12238 30397
-12238 30397
-12232 30399
-12232 30399
-12226 30402
-12226 30402
-12220 30404
-12220 30404
-12214 30406
-12214 30406
-12208 30409
-12208 30409
-12203 30411
-12203 30411
-12197 30413
-12197 30413
-12191 30416
-12191 30416
-12185 30418
-12185 30418
-12179 30420
-12179 30420
-12173 30423
-12173 30423
-12168 30425
-12168 30425
-12162 30427
-12162 30427
-12156 30430
-12156 30430
-12150 30432
-12150 30432
-12144 30434
-12144 30434
-12138 30437
-12138 30437
-12132 30439
-12132 30439
-12127 30441
-12127 30441
-12121 30444
-12121 30444
-12115 30446
-12115 30446
-12109 30448
-12109 30448
-12103 30451
-12103 30451
-12097 30453
-12097 30453
-12092 30455
-12092 30455
-12086 30458
-12086 30458
-12080 30460
-12080 30460
-12074 30462
-12074 30462
-12068 30465
-12068 30465
-12062 30467
-12062 30467
-12057 30469
-12057 30469
-12051 30472
-12051 30472
-12045 30474
-12045 30474
-12039 30476
-12039 30476
-12033 30479
-12033 30479
-12027 30481
-12027 30481
-12022 30483
-12022 30483
-12016 30486
-12016 30486
-12010 30488
-12010 30488
-12004 30490
-12004 30490
-11998 30493
-11998 30493
-11992 30495
-11992 30495
-11987 30497
-11987 30497
-11981 30500
-11981 30500
-11975 30502
-11975 30502
-11969 30504
-11969 30504
-11963 30505
-11963 30505
-11957 30508
-11957 30508
-11952 30510
-11952 30510
-11946 30512
-11946 30512
-11940 30515
-11940 30515
-11934 30517
-11934 30517
-11928 30519
-11928 30519
-11922 30522
-11922 30522
-11917 30524
-11917 30524
-11911 30526
-11911 30526
-11905 30529
-11905 30529
-11898 30531
-11898 30531
-11892 30533
-11892 30533
-11886 30536
-11886 30536
-11881 30538
-11881 30538
-11875 30540
-11875 30540
-11869 30543
-11869 30543
-11863 30545
-11863 30545
-11857 30547
-11857 30547
-11851 30550
-11851 30550
-11846 30552
-11846 30552
-11840 30553
-11840 30553
-11834 30556
-11834 30556
-11828 30558
-11828 30558
-11822 30560
-11822 30560
-11816 30563
-11816 30563
-11811 30565
-11811 30565
-11805 30567
-11805 30567
-11799 30570
-11799 30570
-11793 30572
-11793 30572
-11787 30574
-11787 30574
-11781 30576
-11781 30576
-11775 30579
-11775 30579
-11769 30581
-11769 30581
-11764 30583
-11764 30583
-11758 30585
-11758 30585
-11752 30588
-11752 30588
-11746 30591
-11746 30591
-11740 30593
-11740 30593
-11734 30595
-11734 30595
-11728 30597
-11728 30597
-11722 30599
-11722 30599
-11716 30602
-11716 30602
-11711 30604
-11711 30604
-11705 30606
-11705 30606
-11699 30608
-11699 30608
-11693 30610
-11693 30610
-11687 30613
-11687 30613
-11681 30615
-11681 30615
-11675 30617
-11675 30617
-11669 30619
-11669 30619
-11663 30621
-11663 30621
-11659 30623
-11659 30623
-11653 30627
-11653 30627
-11647 30629
-11647 30629
-11641 30631
-11641 30631
-11635 30633
-11635 30633
-11629 30635
-11629 30635
-11623 30638
-11623 30638
-11617 30640
-11617 30640
-11611 30642
-11611 30642
-11606 30644
-11606 30644
-11600 30646
-11600 30646
-11594 30649
-11594 30649
-11588 30651
-11588 30651
-11582 30653
-11582 30653
-11576 30655
-11576 30655
-11570 30657
-11570 30657
-11564 30660
-11564 30660
-11558 30662
-11558 30662
-11552 30664
-11552 30664
-11547 30666
-11547 30666
-11541 30668
-11541 30668
-11535 30671
-11535 30671
-11529 30673
-11529 30673
-11523 30675
-11523 30675
-11517 30677
-11517 30677
-11511 30679
-11511 30679
-11505 30682
-11505 30682
-11499 30684
-11499 30684
-11494 30686
-11494 30686
-11488 30688
-11488 30688
-11482 30690
-11482 30690
-11476 30693
-11476 30693
-11470 30695
-11470 30695
-11464 30697
-11464 30697
-11458 30699
-11458 30699
-11452 30701
-11452 30701
-11446 30704
-11446 30704
-11441 30706
-11441 30706
-11435 30708
-11435 30708
-11429 30710
-11429 30710
-11423 30712
-11423 30712
-11417 30716
-11417 30716
-11411 30717
-11411 30717
-11405 30719
-11405 30719
-11399 30721
-11399 30721
-11393 30723
-11393 30723
-11388 30725
-11388 30725
-11382 30728
-11382 30728
-11376 30730
-11376 30730
-11370 30732
-11370 30732
-11364 30734
-11364 30734
-11358 30736
-11358 30736
-11352 30739
-11352 30739
-11346 30741
-11346 30741
-11340 30743
-11340 30743
-11335 30745
-11335 30745
-11329 30747
-11329 30747
-11323 30750
-11323 30750
-11317 30752
-11317 30752
-11311 30754
-11311 30754
-11305 30756
-11305 30756
-11299 30758
-11299 30758
-11293 30761
-11293 30761
-11287 30763
-11287 30763
-11282 30765
-11282 30765
-11276 30767
-11276 30767
-11270 30769
-11270 30769
-11264 30772
-11264 30772
-11258 30774
-11258 30774
-11252 30776
-11252 30776
-11246 30778
-11246 30778
-11240 30780
-11240 30780
-11234 30783
-11234 30783
-11229 30785
-11229 30785
-11223 30787
-11223 30787
-11217 30789
-11217 30789
-11211 30791
-11211 30791
-11205 30794
-11205 30794
-11199 30796
-11199 30796
-11193 30798
-11193 30798
-11187 30800
-11187 30800
-11181 30802
-11181 30802
-11175 30804
-11175 30804
-11169 30806
-11169 30806
-11163 30808
-11163 30808
-11157 30810
-11157 30810
-11151 30812
-11151 30812
-11145 30814
-11145 30814
-11139 30817
-11139 30817
-11133 30819
-11133 30819
-11127 30821
-11127 30821
-11121 30823
-11121 30823
-11116 30825
-11116 30825
-11110 30828
-11110 30828
-11104 30830
-11104 30830
-11098 30832
-11098 30832
-11092 30834
-11092 30834
-11086 30836
-11086 30836
-11080 30839
-11080 30839
-11074 30840
-11074 30840
-11068 30842
-11068 30842
-11063 30844
-11063 30844
-11057 30846
-11057 30846
-11051 30849
-11051 30849
-11045 30851
-11045 30851
-11039 30853
-11039 30853
-11033 30855
-11033 30855
-11027 30857
-11027 30857
-11021 30859
-11021 30859
-11015 30861
-11015 30861
-11009 30863
-11009 30863
-11003 30865
-11003 30865
-10997 30867
-10997 30867
-10992 30870
-10992 30870
-10986 30872
-10986 30872
-10980 30874
-10980 30874
-10974 30876
-10974 30876
-10968 30878
-10968 30878
-10962 30881
-10962 30881
-10956 30883
-10956 30883
-10950 30885
-10950 30885
-10944 30887
-10944 30887
-10938 30889
-10938 30889
-10932 30891
-10932 30891
-10926 30893
-10926 30893
-10920 30895
-10920 30895
-10914 30897
-10914 30897
-10908 30899
-10908 30899
-10902 30901
-10902 30901
-10897 30903
-10897 30903
-10891 30905
-10891 30905
-10885 30907
-10885 30907
-10879 30909
-10879 30909
-10874 30912
-10874 30912
-10868 30914
-10868 30914
-10862 30916
-10862 30916
-10856 30918
-10856 30918
-10850 30920
-10850 30920
-10844 30922
-10844 30922
-10838 30924
-10838 30924
-10832 30926
-10832 30926
-10826 30928
-10826 30928
-10820 30930
-10820 30930
-10814 30932
-10814 30932
-10808 30935
-10808 30935
-10803 30937
-10803 30937
-10797 30939
-10797 30939
-10791 30941
-10791 30941
-10785 30943
-10785 30943
-10779 30945
-10779 30945
-10773 30947
-10773 30947
-10767 30949
-10767 30949
-10761 30951
-10761 30951
-10755 30953
-10755 30953
-10749 30955
-10749 30955
-10743 30957
-10743 30957
-10737 30959
-10737 30959
-10731 30961
-10731 30961
-10725 30963
-10725 30963
-10719 30965
-10719 30965
-10713 30967
-10713 30967
-10708 30969
-10708 30969
-10702 30971
-10702 30971
-10696 30973
-10696 30973
-10690 30975
-10690 30975
-10684 30977
-10684 30977
-10678 30979
-10678 30979
-10672 30981
-10672 30981
-10666 30983
-10666 30983
-10660 30986
-10660 30986
-10654 30988
-10654 30988
-10648 30990
-10648 30990
-10642 30992
-10642 30992
-10636 30994
-10636 30994
-10630 30996
-10630 30996
-10624 30998
-10624 30998
-10618 31000
-10618 31000
-10613 31002
-10613 31002
-10607 31004
-10607 31004
-10601 31006
-10601 31006
-10595 31008
-10595 31008
-10589 31010
-10589 31010
-10583 31012
-10583 31012
-10577 31014
-10577 31014
-10571 31016
-10571 31016
-10565 31018
-10565 31018
-10559 31020
-10559 31020
-10553 31022
-10553 31022
-10547 31024
-10547 31024
-10541 31026
-10541 31026
-10535 31028
-10535 31028
-10529 31030
-10529 31030
-10523 31032
-10523 31032
-10518 31034
-10518 31034
-10512 31036
-10512 31036
-10506 31039
-10506 31039
-10500 31041
-10500 31041
-10494 31043
-10494 31043
-10488 31045
-10488 31045
-10482 31047
-10482 31047
-10476 31049
-10476 31049
-10470 31051
-10470 31051
-10464 31053
-10464 31053
-10458 31055
-10458 31055
-10452 31057
-10452 31057
-10446 31059
-10446 31059
-10439 31060
-10439 31060
-10433 31062
-10433 31062
-10427 31064
-10427 31064
-10422 31066
-10422 31066
-10416 31068
-10416 31068
-10410 31070
-10410 31070
-10404 31072
-10404 31072
-10398 31074
-10398 31074
-10392 31076
-10392 31076
-10386 31078
-10386 31078
-10380 31080
-10380 31080
-10374 31082
-10374 31082
-10368 31084
-10368 31084
-10362 31086
-10362 31086
-10356 31088
-10356 31088
-10350 31091
-10350 31091
-10344 31093
-10344 31093
-10338 31095
-10338 31095
-10332 31097
-10332 31097
-10327 31099
-10327 31099
-10321 31100
-10321 31100
-10315 31102
-10315 31102
-10309 31104
-10309 31104
-10303 31106
-10303 31106
-10297 31108
-10297 31108
-10291 31110
-10291 31110
-10285 31112
-10285 31112
-10279 31114
-10279 31114
-10273 31116
-10273 31116
-10267 31118
-10267 31118
-10261 31120
-10261 31120
-10255 31122
-10255 31122
-10249 31123
-10249 31123
-10243 31125
-10243 31125
-10237 31127
-10237 31127
-10231 31130
-10231 31130
-10225 31132
-10225 31132
-10219 31134
-10219 31134
-10213 31136
-10213 31136
-10207 31138
-10207 31138
-10201 31140
-10201 31140
-10195 31142
-10195 31142
-10189 31143
-10189 31143
-10183 31145
-10183 31145
-10177 31147
-10177 31147
-10171 31149
-10171 31149
-10165 31151
-10165 31151
-10159 31153
-10159 31153
-10153 31155
-10153 31155
-10147 31157
-10147 31157
-10142 31159
-10142 31159
-10136 31161
-10136 31161
-10130 31162
-10130 31162
-10124 31165
-10124 31165
-10118 31167
-10118 31167
-10112 31169
-10112 31169
-10106 31171
-10106 31171
-10100 31173
-10100 31173
-10094 31175
-10094 31175
-10088 31177
-10088 31177
-10082 31179
-10082 31179
-10076 31181
-10076 31181
-10070 31182
-10070 31182
-10064 31184
-10064 31184
-10058 31186
-10058 31186
-10052 31188
-10052 31188
-10046 31190
-10046 31190
-10040 31192
-10040 31192
-10034 31194
-10034 31194
-10028 31196
-10028 31196
-10022 31198
-10022 31198
-10016 31200
-10016 31200
-10010 31201
-10010 31201
-10004 31203
-10004 31203
-9998 31205
-9998 31205
-9992 31207
-9992 31207
-9986 31209
-9986 31209
-9980 31211
-9980 31211
-9974 31213
-9974 31213
-9968 31215
-9968 31215
-9962 31217
-9962 31217
-9956 31219
-9956 31219
-9950 31220
-9950 31220
-9944 31222
-9944 31222
-9938 31224
-9938 31224
-9932 31226
-9932 31226
-9926 31228
-9926 31228
-9920 31230
-9920 31230
-9914 31232
-9914 31232
-9908 31234
-9908 31234
-9902 31236
-9902 31236
-9897 31238
-9897 31238
-9891 31239
-9891 31239
-9885 31241
-9885 31241
-9879 31243
-9879 31243
-9873 31245
-9873 31245
-9867 31247
-9867 31247
-9861 31249
-9861 31249
-9855 31251
-9855 31251
-9849 31253
-9849 31253
-9843 31255
-9843 31255
-9837 31256
-9837 31256
-9831 31258
-9831 31258
-9825 31260
-9825 31260
-9819 31262
-9819 31262
-9813 31264
-9813 31264
-9807 31266
-9807 31266
-9801 31268
-9801 31268
-9795 31270
-9795 31270
-9789 31272
-9789 31272
-9783 31274
-9783 31274
-9777 31275
-9777 31275
-9771 31277
-9771 31277
-9765 31279
-9765 31279
-9759 31281
-9759 31281
-9753 31283
-9753 31283
-9747 31285
-9747 31285
-9741 31287
-9741 31287
-9735 31289
-9735 31289
-9729 31291
-9729 31291
-9723 31293
-9723 31293
-9717 31294
-9717 31294
-9711 31296
-9711 31296
-9705 31298
-9705 31298
-9699 31300
-9699 31300
-9693 31302
-9693 31302
-9687 31304
-9687 31304
-9681 31306
-9681 31306
-9675 31308
-9675 31308
-9669 31310
-9669 31310
-9663 31311
-9663 31311
-9657 31312
-9657 31312
-9651 31314
-9651 31314
-9644 31316
-9644 31316
-9638 31318
-9638 31318
-9632 31320
-9632 31320
-9626 31322
-9626 31322
-9620 31324
-9620 31324
-9614 31326
-9614 31326
-9608 31328
-9608 31328
-9602 31330
-9602 31330
-9596 31331
-9596 31331
-9590 31333
-9590 31333
-9584 31335
-9584 31335
-9578 31337
-9578 31337
-9572 31339
-9572 31339
-9566 31341
-9566 31341
-9560 31343
-9560 31343
-9554 31344
-9554 31344
-9548 31346
-9548 31346
-9542 31348
-9542 31348
-9536 31349
-9536 31349
-9530 31351
-9530 31351
-9524 31353
-9524 31353
-9518 31355
-9518 31355
-9512 31357
-9512 31357
-9506 31359
-9506 31359
-9500 31361
-9500 31361
-9494 31362
-9494 31362
-9488 31364
-9488 31364
-9482 31366
-9482 31366
-9476 31368
-9476 31368
-9470 31369
-9470 31369
-9464 31372
-9464 31372
-9458 31374
-9458 31374
-9452 31376
-9452 31376
-9446 31377
-9446 31377
-9440 31379
-9440 31379
-9434 31381
-9434 31381
-9428 31383
-9428 31383
-9422 31384
-9422 31384
-9416 31386
-9416 31386
-9409 31388
-9409 31388
-9403 31390
-9403 31390
-9397 31391
-9397 31391
-9391 31393
-9391 31393
-9385 31395
-9385 31395
-9379 31397
-9379 31397
-9373 31398
-9373 31398
-9367 31400
-9367 31400
-9361 31402
-9361 31402
-9355 31405
-9355 31405
-9349 31406
-9349 31406
-9343 31408
-9343 31408
-9337 31410
-9337 31410
-9331 31412
-9331 31412
-9325 31413
-9325 31413
-9319 31415
-9319 31415
-9313 31417
-9313 31417
-9307 31419
-9307 31419
-9301 31420
-9301 31420
-9296 31422
-9296 31422
-9290 31424
-9290 31424
-9284 31426
-9284 31426
-9278 31427
-9278 31427
-9272 31429
-9272 31429
-9266 31431
-9266 31431
-9260 31433
-9260 31433
-9254 31434
-9254 31434
-9248 31436
-9248 31436
-9242 31438
-9242 31438
-9236 31440
-9236 31440
-9230 31441
-9230 31441
-9224 31443
-9224 31443
-9217 31445
-9217 31445
-9211 31447
-9211 31447
-9205 31448
-9205 31448
-9199 31450
-9199 31450
-9193 31452
-9193 31452
-9187 31454
-9187 31454
-9181 31455
-9181 31455
-9175 31457
-9175 31457
-9169 31459
-9169 31459
-9163 31461
-9163 31461
-9157 31462
-9157 31462
-9151 31464
-9151 31464
-9145 31466
-9145 31466
-9139 31468
-9139 31468
-9133 31469
-9133 31469
-9127 31471
-9127 31471
-9121 31473
-9121 31473
-9115 31475
-9115 31475
-9109 31476
-9109 31476
-9103 31478
-9103 31478
-9097 31480
-9097 31480
-9091 31482
-9091 31482
-9085 31483
-9085 31483
-9079 31485
-9079 31485
-9073 31487
-9073 31487
-9067 31489
-9067 31489
-9061 31490
-9061 31490
-9055 31492
-9055 31492
-9049 31494
-9049 31494
-9043 31496
-9043 31496
-9037 31497
-9037 31497
-9031 31499
-9031 31499
-9024 31501
-9024 31501
-9018 31503
-9018 31503
-9012 31504
-9012 31504
-9006 31506
-9006 31506
-9000 31508
-9000 31508
-8994 31510
-8994 31510
-8988 31511
-8988 31511
-8982 31513
-8982 31513
-8976 31515
-8976 31515
-8970 31517
-8970 31517
-8964 31518
-8964 31518
-8958 31520
-8958 31520
-8951 31522
-8951 31522
-8945 31524
-8945 31524
-8939 31525
-8939 31525
-8933 31527
-8933 31527
-8927 31529
-8927 31529
-8921 31531
-8921 31531
-8915 31532
-8915 31532
-8909 31534
-8909 31534
-8903 31536
-8903 31536
-8897 31538
-8897 31538
-8891 31538
-8891 31538
-8885 31540
-8885 31540
-8879 31542
-8879 31542
-8873 31544
-8873 31544
-8867 31545
-8867 31545
-8861 31547
-8861 31547
-8855 31549
-8855 31549
-8849 31551
-8849 31551
-8843 31552
-8843 31552
-8837 31554
-8837 31554
-8830 31556
-8830 31556
-8824 31558
-8824 31558
-8818 31559
-8818 31559
-8812 31561
-8812 31561
-8806 31563
-8806 31563
-8800 31565
-8800 31565
-8794 31566
-8794 31566
-8788 31568
-8788 31568
-8782 31569
-8782 31569
-8776 31571
-8776 31571
-8770 31572
-8770 31572
-8764 31574
-8764 31574
-8758 31576
-8758 31576
-8752 31578
-8752 31578
-8746 31579
-8746 31579
-8740 31581
-8740 31581
-8734 31583
-8734 31583
-8728 31584
-8728 31584
-8722 31586
-8722 31586
-8716 31587
-8716 31587
-8710 31589
-8710 31589
-8704 31591
-8704 31591
-8697 31592
-8697 31592
-8691 31595
-8691 31595
-8685 31596
-8685 31596
-8679 31598
-8679 31598
-8673 31600
-8673 31600
-8667 31601
-8667 31601
-8661 31603
-8661 31603
-8655 31604
-8655 31604
-8649 31606
-8649 31606
-8643 31608
-8643 31608
-8637 31609
-8637 31609
-8631 31611
-8631 31611
-8625 31612
-8625 31612
-8618 31614
-8618 31614
-8612 31616
-8612 31616
-8606 31617
-8606 31617
-8600 31619
-8600 31619
-8594 31620
-8594 31620
-8588 31622
-8588 31622
-8582 31625
-8582 31625
-8576 31626
-8576 31626
-8571 31628
-8571 31628
-8565 31629
-8565 31629
-8559 31631
-8559 31631
-8553 31633
-8553 31633
-8547 31634
-8547 31634
-8540 31636
-8540 31636
-8534 31637
-8534 31637
-8528 31639
-8528 31639
-8522 31641
-8522 31641
-8516 31642
-8516 31642
-8510 31644
-8510 31644
-8504 31645
-8504 31645
-8498 31647
-8498 31647
-8492 31649
-8492 31649
-8486 31650
-8486 31650
-8480 31652
-8480 31652
-8474 31653
-8474 31653
-8467 31655
-8467 31655
-8461 31657
-8461 31657
-8455 31658
-8455 31658
-8449 31660
-8449 31660
-8443 31661
-8443 31661
-8437 31663
-8437 31663
-8431 31665
-8431 31665
-8425 31666
-8425 31666
-8419 31668
-8419 31668
-8413 31669
-8413 31669
-8407 31671
-8407 31671
-8401 31673
-8401 31673
-8395 31674
-8395 31674
-8388 31676
-8388 31676
-8382 31677
-8382 31677
-8376 31679
-8376 31679
-8370 31681
-8370 31681
-8364 31682
-8364 31682
-8358 31684
-8358 31684
-8352 31686
-8352 31686
-8346 31687
-8346 31687
-8340 31689
-8340 31689
-8334 31690
-8334 31690
-8328 31692
-8328 31692
-8322 31694
-8322 31694
-8316 31695
-8316 31695
-8309 31697
-8309 31697
-8303 31698
-8303 31698
-8297 31700
-8297 31700
-8291 31702
-8291 31702
-8285 31703
-8285 31703
-8279 31705
-8279 31705
-8273 31706
-8273 31706
-8267 31708
-8267 31708
-8261 31710
-8261 31710
-8255 31711
-8255 31711
-8249 31713
-8249 31713
-8243 31714
-8243 31714
-8237 31716
-8237 31716
-8230 31718
-8230 31718
-8224 31719
-8224 31719
-8218 31721
-8218 31721
-8212 31722
-8212 31722
-8206 31724
-8206 31724
-8200 31726
-8200 31726
-8194 31727
-8194 31727
-8188 31729
-8188 31729
-8182 31730
-8182 31730
-8176 31732
-8176 31732
-8170 31734
-8170 31734
-8164 31735
-8164 31735
-8158 31737
-8158 31737
-8151 31738
-8151 31738
-8145 31740
-8145 31740
-8139 31742
-8139 31742
-8133 31743
-8133 31743
-8126 31745
-8126 31745
-8120 31746
-8120 31746
-8114 31747
-8114 31747
-8108 31749
-8108 31749
-8102 31750
-8102 31750
-8096 31752
-8096 31752
-8090 31753
-8090 31753
-8084 31755
-8084 31755
-8077 31757
-8077 31757
-8071 31758
-8071 31758
-8065 31760
-8065 31760
-8059 31761
-8059 31761
-8053 31763
-8053 31763
-8047 31765
-8047 31765
-8041 31766
-8041 31766
-8035 31768
-8035 31768
-8029 31769
-8029 31769
-8023 31771
-8023 31771
-8017 31773
-8017 31773
-8011 31774
-8011 31774
-8005 31775
-8005 31775
-7998 31776
-7998 31776
-7992 31778
-7992 31778
-7986 31780
-7986 31780
-7980 31781
-7980 31781
-7974 31783
-7974 31783
-7968 31784
-7968 31784
-7962 31786
-7962 31786
-7956 31787
-7956 31787
-7950 31789
-7950 31789
-7944 31790
-7944 31790
-7938 31792
-7938 31792
-7931 31793
-7931 31793
-7925 31795
-7925 31795
-7919 31797
-7919 31797
-7913 31799
-7913 31799
-7907 31800
-7907 31800
-7901 31802
-7901 31802
-7895 31803
-7895 31803
-7889 31804
-7889 31804
-7883 31806
-7883 31806
-7876 31807
-7876 31807
-7870 31809
-7870 31809
-7864 31810
-7864 31810
-7858 31812
-7858 31812
-7852 31813
-7852 31813
-7846 31815
-7846 31815
-7840 31816
-7840 31816
-7834 31818
-7834 31818
-7828 31819
-7828 31819
-7821 31820
-7821 31820
-7815 31823
-7815 31823
-7809 31824
-7809 31824
-7803 31826
-7803 31826
-7797 31827
-7797 31827
-7791 31829
-7791 31829
-7785 31830
-7785 31830
-7779 31832
-7779 31832
-7773 31833
-7773 31833
-7767 31835
-7767 31835
-7760 31836
-7760 31836
-7754 31837
-7754 31837
-7748 31839
-7748 31839
-7742 31840
-7742 31840
-7736 31842
-7736 31842
-7730 31843
-7730 31843
-7724 31845
-7724 31845
-7718 31846
-7718 31846
-7712 31848
-7712 31848
-7705 31849
-7705 31849
-7699 31850
-7699 31850
-7693 31852
-7693 31852
-7687 31853
-7687 31853
-7681 31855
-7681 31855
-7675 31856
-7675 31856
-7669 31858
-7669 31858
-7663 31859
-7663 31859
-7657 31861
-7657 31861
-7650 31862
-7650 31862
-7644 31864
-7644 31864
-7638 31865
-7638 31865
-7632 31866
-7632 31866
-7626 31868
-7626 31868
-7620 31869
-7620 31869
-7614 31871
-7614 31871
-7608 31872
-7608 31872
-7602 31874
-7602 31874
-7595 31875
-7595 31875
-7589 31877
-7589 31877
-7583 31878
-7583 31878
-7577 31880
-7577 31880
-7572 31882
-7572 31882
-7565 31882
-7565 31882
-7559 31884
-7559 31884
-7553 31885
-7553 31885
-7547 31887
-7547 31887
-7540 31888
-7540 31888
-7534 31890
-7534 31890
-7528 31891
-7528 31891
-7522 31893
-7522 31893
-7516 31894
-7516 31894
-7510 31896
-7510 31896
-7504 31897
-7504 31897
-7498 31898
-7498 31898
-7492 31900
-7492 31900
-7485 31901
-7485 31901
-7479 31903
-7479 31903
-7473 31904
-7473 31904
-7467 31906
-7467 31906
-7461 31907
-7461 31907
-7455 31909
-7455 31909
-7449 31910
-7449 31910
-7443 31912
-7443 31912
-7437 31913
-7437 31913
-7430 31914
-7430 31914
-7424 31916
-7424 31916
-7418 31917
-7418 31917
-7412 31919
-7412 31919
-7406 31920
-7406 31920
-7400 31922
-7400 31922
-7394 31923
-7394 31923
-7388 31925
-7388 31925
-7382 31926
-7382 31926
-7376 31928
-7376 31928
-7369 31929
-7369 31929
-7363 31930
-7363 31930
-7357 31932
-7357 31932
-7351 31933
-7351 31933
-7345 31935
-7345 31935
-7339 31936
-7339 31936
-7333 31938
-7333 31938
-7327 31939
-7327 31939
-7321 31940
-7321 31940
-7314 31941
-7314 31941
-7308 31942
-7308 31942
-7302 31944
-7302 31944
-7296 31945
-7296 31945
-7290 31947
-7290 31947
-7284 31948
-7284 31948
-7278 31950
-7278 31950
-7272 31951
-7272 31951
-7266 31953
-7266 31953
-7259 31954
-7259 31954
-7253 31956
-7253 31956
-7247 31957
-7247 31957
-7241 31958
-7241 31958
-7235 31960
-7235 31960
-7229 31961
-7229 31961
-7223 31963
-7223 31963
-7217 31963
-7217 31963
-7211 31965
-7211 31965
-7204 31966
-7204 31966
-7198 31968
-7198 31968
-7192 31969
-7192 31969
-7186 31971
-7186 31971
-7180 31972
-7180 31972
-7174 31973
-7174 31973
-7168 31975
-7168 31975
-7162 31976
-7162 31976
-7155 31977
-7155 31977
-7149 31978
-7149 31978
-7143 31980
-7143 31980
-7137 31981
-7137 31981
-7131 31983
-7131 31983
-7125 31985
-7125 31985
-7119 31986
-7119 31986
-7112 31987
-7112 31987
-7106 31989
-7106 31989
-7100 31990
-7100 31990
-7094 31991
-7094 31991
-7088 31992
-7088 31992
-7082 31994
-7082 31994
-7075 31995
-7075 31995
-7069 31996
-7069 31996
-7063 31998
-7063 31998
-7057 31999
-7057 31999
-7051 32000
-7051 32000
-7045 32002
-7045 32002
-7039 32003
-7039 32003
-7032 32004
-7032 32004
-7026 32005
-7026 32005
-7020 32007
-7020 32007
-7014 32008
-7014 32008
-7008 32010
-7008 32010
-7002 32012
-7002 32012
-6996 32013
-6996 32013
-6989 32014
-6989 32014
-6983 32016
-6983 32016
-6977 32017
-6977 32017
-6971 32018
-6971 32018
-6965 32019
-6965 32019
-6960 32021
-6960 32021
-6954 32022
-6954 32022
-6947 32023
-6947 32023
-6941 32025
-6941 32025
-6935 32026
-6935 32026
-6929 32027
-6929 32027
-6923 32028
-6923 32028
-6917 32030
-6917 32030
-6910 32031
-6910 32031
-6904 32032
-6904 32032
-6898 32034
-6898 32034
-6892 32035
-6892 32035
-6886 32036
-6886 32036
-6880 32038
-6880 32038
-6874 32039
-6874 32039
-6867 32040
-6867 32040
-6861 32041
-6861 32041
-6855 32043
-6855 32043
-6849 32044
-6849 32044
-6843 32045
-6843 32045
-6837 32047
-6837 32047
-6831 32048
-6831 32048
-6824 32049
-6824 32049
-6818 32051
-6818 32051
-6812 32052
-6812 32052
-6806 32053
-6806 32053
-6800 32054
-6800 32054
-6794 32056
-6794 32056
-6788 32057
-6788 32057
-6781 32058
-6781 32058
-6775 32060
-6775 32060
-6769 32061
-6769 32061
-6763 32062
-6763 32062
-6757 32063
-6757 32063
-6751 32065
-6751 32065
-6744 32066
-6744 32066
-6738 32067
-6738 32067
-6732 32069
-6732 32069
-6726 32070
-6726 32070
-6720 32071
-6720 32071
-6714 32073
-6714 32073
-6708 32074
-6708 32074
-6701 32075
-6701 32075
-6695 32076
-6695 32076
-6689 32078
-6689 32078
-6683 32079
-6683 32079
-6677 32080
-6677 32080
-6671 32082
-6671 32082
-6665 32083
-6665 32083
-6658 32084
-6658 32084
-6652 32086
-6652 32086
-6646 32087
-6646 32087
-6640 32088
-6640 32088
-6634 32089
-6634 32089
-6628 32091
-6628 32091
-6621 32092
-6621 32092
-6615 32093
-6615 32093
-6608 32095
-6608 32095
-6602 32096
-6602 32096
-6596 32097
-6596 32097
-6590 32099
-6590 32099
-6584 32100
-6584 32100
-6577 32101
-6577 32101
-6571 32102
-6571 32102
-6565 32104
-6565 32104
-6559 32104
-6559 32104
-6553 32105
-6553 32105
-6547 32107
-6547 32107
-6541 32108
-6541 32108
-6534 32109
-6534 32109
-6528 32110
-6528 32110
-6522 32112
-6522 32112
-6516 32113
-6516 32113
-6510 32114
-6510 32114
-6504 32116
-6504 32116
-6498 32117
-6498 32117
-6491 32118
-6491 32118
-6485 32120
-6485 32120
-6479 32121
-6479 32121
-6473 32122
-6473 32122
-6467 32123
-6467 32123
-6461 32125
-6461 32125
-6454 32126
-6454 32126
-6448 32127
-6448 32127
-6442 32129
-6442 32129
-6436 32129
-6436 32129
-6430 32130
-6430 32130
-6424 32132
-6424 32132
-6418 32133
-6418 32133
-6411 32134
-6411 32134
-6405 32135
-6405 32135
-6399 32137
-6399 32137
-6393 32138
-6393 32138
-6387 32139
-6387 32139
-6381 32140
-6381 32140
-6374 32141
-6374 32141
-6368 32143
-6368 32143
-6362 32144
-6362 32144
-6356 32145
-6356 32145
-6350 32147
-6350 32147
-6344 32148
-6344 32148
-6337 32149
-6337 32149
-6331 32151
-6331 32151
-6325 32152
-6325 32152
-6319 32153
-6319 32153
-6313 32154
-6313 32154
-6306 32155
-6306 32155
-6300 32156
-6300 32156
-6294 32158
-6294 32158
-6288 32159
-6288 32159
-6282 32160
-6282 32160
-6276 32161
-6276 32161
-6269 32162
-6269 32162
-6263 32163
-6263 32163
-6257 32164
-6257 32164
-6251 32167
-6251 32167
-6245 32168
-6245 32168
-6239 32169
-6239 32169
-6232 32170
-6232 32170
-6226 32171
-6226 32171
-6220 32172
-6220 32172
-6214 32174
-6214 32174
-6208 32175
-6208 32175
-6201 32176
-6201 32176
-6195 32177
-6195 32177
-6189 32178
-6189 32178
-6183 32179
-6183 32179
-6177 32180
-6177 32180
-6171 32182
-6171 32182
-6164 32183
-6164 32183
-6158 32184
-6158 32184
-6152 32185
-6152 32185
-6146 32186
-6146 32186
-6140 32187
-6140 32187
-6133 32189
-6133 32189
-6127 32190
-6127 32190
-6121 32191
-6121 32191
-6115 32192
-6115 32192
-6109 32193
-6109 32193
-6103 32194
-6103 32194
-6096 32196
-6096 32196
-6090 32197
-6090 32197
-6084 32198
-6084 32198
-6078 32200
-6078 32200
-6072 32201
-6072 32201
-6065 32202
-6065 32202
-6059 32203
-6059 32203
-6053 32205
-6053 32205
-6047 32206
-6047 32206
-6041 32207
-6041 32207
-6035 32208
-6035 32208
-6028 32209
-6028 32209
-6022 32210
-6022 32210
-6016 32212
-6016 32212
-6010 32213
-6010 32213
-6004 32214
-6004 32214
-5999 32215
-5999 32215
-5991 32216
-5991 32216
-5985 32217
-5985 32217
-5979 32218
-5979 32218
-5973 32220
-5973 32220
-5967 32221
-5967 32221
-5960 32222
-5960 32222
-5954 32223
-5954 32223
-5948 32224
-5948 32224
-5942 32225
-5942 32225
-5936 32227
-5936 32227
-5930 32228
-5930 32228
-5923 32229
-5923 32229
-5917 32230
-5917 32230
-5911 32230
-5911 32230
-5905 32231
-5905 32231
-5899 32233
-5899 32233
-5892 32234
-5892 32234
-5886 32235
-5886 32235
-5880 32236
-5880 32236
-5874 32237
-5874 32237
-5868 32238
-5868 32238
-5862 32239
-5862 32239
-5855 32241
-5855 32241
-5849 32242
-5849 32242
-5843 32243
-5843 32243
-5837 32244
-5837 32244
-5831 32245
-5831 32245
-5824 32246
-5824 32246
-5818 32248
-5818 32248
-5812 32249
-5812 32249
-5806 32250
-5806 32250
-5800 32251
-5800 32251
-5794 32252
-5794 32252
-5787 32253
-5787 32253
-5781 32254
-5781 32254
-5775 32256
-5775 32256
-5769 32257
-5769 32257
-5763 32258
-5763 32258
-5756 32259
-5756 32259
-5750 32260
-5750 32260
-5744 32261
-5744 32261
-5738 32262
-5738 32262
-5732 32263
-5732 32263
-5726 32264
-5726 32264
-5719 32265
-5719 32265
-5713 32266
-5713 32266
-5707 32267
-5707 32267
-5701 32269
-5701 32269
-5695 32270
-5695 32270
-5689 32271
-5689 32271
-5682 32272
-5682 32272
-5676 32273
-5676 32273
-5670 32274
-5670 32274
-5664 32275
-5664 32275
-5658 32277
-5658 32277
-5651 32278
-5651 32278
-5645 32279
-5645 32279
-5639 32279
-5639 32279
-5633 32280
-5633 32280
-5627 32281
-5627 32281
-5621 32283
-5621 32283
-5614 32284
-5614 32284
-5608 32285
-5608 32285
-5602 32286
-5602 32286
-5596 32287
-5596 32287
-5590 32288
-5590 32288
-5583 32289
-5583 32289
-5577 32290
-5577 32290
-5571 32291
-5571 32291
-5565 32292
-5565 32292
-5559 32293
-5559 32293
-5552 32295
-5552 32295
-5546 32296
-5546 32296
-5540 32297
-5540 32297
-5534 32298
-5534 32298
-5528 32299
-5528 32299
-5521 32300
-5521 32300
-5515 32301
-5515 32301
-5509 32302
-5509 32302
-5503 32303
-5503 32303
-5497 32304
-5497 32304
-5490 32305
-5490 32305
-5484 32306
-5484 32306
-5478 32307
-5478 32307
-5472 32308
-5472 32308
-5466 32309
-5466 32309
-5459 32310
-5459 32310
-5453 32311
-5453 32311
-5447 32312
-5447 32312
-5441 32313
-5441 32313
-5435 32314
-5435 32314
-5428 32316
-5428 32316
-5422 32317
-5422 32317
-5416 32318
-5416 32318
-5410 32319
-5410 32319
-5404 32320
-5404 32320
-5397 32321
-5397 32321
-5391 32322
-5391 32322
-5385 32323
-5385 32323
-5379 32324
-5379 32324
-5372 32325
-5372 32325
-5366 32326
-5366 32326
-5360 32327
-5360 32327
-5354 32328
-5354 32328
-5348 32329
-5348 32329
-5341 32330
-5341 32330
-5335 32331
-5335 32331
-5329 32332
-5329 32332
-5323 32333
-5323 32333
-5317 32334
-5317 32334
-5310 32335
-5310 32335
-5304 32336
-5304 32336
-5298 32337
-5298 32337
-5292 32338
-5292 32338
-5286 32339
-5286 32339
-5279 32340
-5279 32340
-5273 32341
-5273 32341
-5267 32342
-5267 32342
-5261 32343
-5261 32343
-5255 32344
-5255 32344
-5248 32345
-5248 32345
-5242 32346
-5242 32346
-5236 32347
-5236 32347
-5230 32348
-5230 32348
-5224 32349
-5224 32349
-5217 32350
-5217 32350
-5211 32351
-5211 32351
-5205 32352
-5205 32352
-5199 32352
-5199 32352
-5193 32353
-5193 32353
-5186 32354
-5186 32354
-5180 32355
-5180 32355
-5174 32356
-5174 32356
-5168 32357
-5168 32357
-5162 32358
-5162 32358
-5155 32359
-5155 32359
-5149 32360
-5149 32360
-5143 32361
-5143 32361
-5137 32362
-5137 32362
-5131 32363
-5131 32363
-5124 32364
-5124 32364
-5118 32365
-5118 32365
-5112 32366
-5112 32366
-5106 32367
-5106 32367
-5100 32368
-5100 32368
-5093 32369
-5093 32369
-5087 32370
-5087 32370
-5081 32371
-5081 32371
-5075 32372
-5075 32372
-5069 32373
-5069 32373
-5062 32374
-5062 32374
-5056 32375
-5056 32375
-5050 32376
-5050 32376
-5044 32377
-5044 32377
-5038 32378
-5038 32378
-5031 32379
-5031 32379
-5025 32380
-5025 32380
-5019 32381
-5019 32381
-5013 32382
-5013 32382
-5007 32383
-5007 32383
-5000 32384
-5000 32384
-4994 32385
-4994 32385
-4988 32386
-4988 32386
-4982 32387
-4982 32387
-4975 32387
-4975 32387
-4969 32388
-4969 32388
-4963 32389
-4963 32389
-4957 32390
-4957 32390
-4951 32391
-4951 32391
-4944 32392
-4944 32392
-4938 32393
-4938 32393
-4932 32394
-4932 32394
-4926 32395
-4926 32395
-4920 32396
-4920 32396
-4913 32397
-4913 32397
-4907 32398
-4907 32398
-4901 32399
-4901 32399
-4895 32400
-4895 32400
-4889 32401
-4889 32401
-4882 32402
-4882 32402
-4876 32403
-4876 32403
-4870 32404
-4870 32404
-4864 32405
-4864 32405
-4858 32406
-4858 32406
-4851 32406
-4851 32406
-4845 32407
-4845 32407
-4839 32408
-4839 32408
-4833 32409
-4833 32409
-4827 32410
-4827 32410
-4820 32411
-4820 32411
-4814 32412
-4814 32412
-4808 32413
-4808 32413
-4802 32414
-4802 32414
-4796 32415
-4796 32415
-4789 32416
-4789 32416
-4783 32416
-4783 32416
-4777 32417
-4777 32417
-4771 32418
-4771 32418
-4764 32420
-4764 32420
-4758 32421
-4758 32421
-4752 32422
-4752 32422
-4746 32423
-4746 32423
-4740 32423
-4740 32423
-4733 32424
-4733 32424
-4727 32425
-4727 32425
-4721 32426
-4721 32426
-4715 32427
-4715 32427
-4708 32428
-4708 32428
-4702 32428
-4702 32428
-4696 32429
-4696 32429
-4690 32430
-4690 32430
-4683 32431
-4683 32431
-4677 32432
-4677 32432
-4671 32433
-4671 32433
-4665 32435
-4665 32435
-4659 32435
-4659 32435
-4652 32436
-4652 32436
-4646 32437
-4646 32437
-4640 32438
-4640 32438
-4634 32439
-4634 32439
-4627 32440
-4627 32440
-4621 32441
-4621 32441
-4615 32441
-4615 32441
-4609 32442
-4609 32442
-4603 32443
-4603 32443
-4596 32444
-4596 32444
-4590 32445
-4590 32445
-4584 32446
-4584 32446
-4578 32447
-4578 32447
-4571 32447
-4571 32447
-4565 32448
-4565 32448
-4559 32449
-4559 32449
-4553 32450
-4553 32450
-4546 32451
-4546 32451
-4540 32452
-4540 32452
-4534 32452
-4534 32452
-4528 32453
-4528 32453
-4522 32454
-4522 32454
-4515 32455
-4515 32455
-4509 32456
-4509 32456
-4503 32457
-4503 32457
-4497 32458
-4497 32458
-4490 32459
-4490 32459
-4484 32460
-4484 32460
-4478 32461
-4478 32461
-4472 32462
-4472 32462
-4466 32463
-4466 32463
-4459 32464
-4459 32464
-4453 32465
-4453 32465
-4447 32465
-4447 32465
-4441 32466
-4441 32466
-4434 32467
-4434 32467
-4428 32468
-4428 32468
-4422 32469
-4422 32469
-4416 32470
-4416 32470
-4410 32471
-4410 32471
-4403 32471
-4403 32471
-4397 32472
-4397 32472
-4391 32473
-4391 32473
-4385 32474
-4385 32474
-4378 32475
-4378 32475
-4372 32476
-4372 32476
-4366 32476
-4366 32476
-4360 32477
-4360 32477
-4353 32478
-4353 32478
-4347 32479
-4347 32479
-4341 32480
-4341 32480
-4335 32481
-4335 32481
-4329 32482
-4329 32482
-4322 32481
-4322 32481
-4316 32482
-4316 32482
-4310 32483
-4310 32483
-4304 32484
-4304 32484
-4297 32485
-4297 32485
-4291 32486
-4291 32486
-4285 32487
-4285 32487
-4279 32487
-4279 32487
-4273 32488
-4273 32488
-4266 32489
-4266 32489
-4260 32490
-4260 32490
-4254 32491
-4254 32491
-4248 32492
-4248 32492
-4241 32492
-4241 32492
-4235 32493
-4235 32493
-4229 32494
-4229 32494
-4223 32495
-4223 32495
-4216 32496
-4216 32496
-4210 32497
-4210 32497
-4204 32498
-4204 32498
-4198 32498
-4198 32498
-4192 32499
-4192 32499
-4185 32500
-4185 32500
-4179 32501
-4179 32501
-4173 32502
-4173 32502
-4167 32503
-4167 32503
-4160 32504
-4160 32504
-4154 32504
-4154 32504
-4148 32504
-4148 32504
-4142 32505
-4142 32505
-4136 32506
-4136 32506
-4129 32507
-4129 32507
-4123 32508
-4123 32508
-4117 32509
-4117 32509
-4111 32509
-4111 32509
-4104 32510
-4104 32510
-4098 32511
-4098 32511
-4092 32512
-4092 32512
-4086 32513
-4086 32513
-4079 32514
-4079 32514
-4073 32514
-4073 32514
-4067 32515
-4067 32515
-4061 32516
-4061 32516
-4055 32517
-4055 32517
-4048 32517
-4048 32517
-4042 32518
-4042 32518
-4036 32519
-4036 32519
-4030 32519
-4030 32519
-4023 32520
-4023 32520
-4017 32521
-4017 32521
-4011 32522
-4011 32522
-4005 32523
-4005 32523
-3999 32523
-3999 32523
-3992 32524
-3992 32524
-3986 32525
-3986 32525
-3980 32525
-3980 32525
-3974 32526
-3974 32526
-3967 32527
-3967 32527
-3961 32529
-3961 32529
-3955 32529
-3955 32529
-3949 32530
-3949 32530
-3942 32531
-3942 32531
-3936 32531
-3936 32531
-3930 32532
-3930 32532
-3924 32533
-3924 32533
-3917 32533
-3917 32533
-3911 32534
-3911 32534
-3905 32535
-3905 32535
-3899 32535
-3899 32535
-3892 32536
-3892 32536
-3886 32537
-3886 32537
-3880 32537
-3880 32537
-3874 32538
-3874 32538
-3867 32539
-3867 32539
-3861 32540
-3861 32540
-3855 32540
-3855 32540
-3849 32542
-3849 32542
-3842 32543
-3842 32543
-3836 32543
-3836 32543
-3830 32544
-3830 32544
-3824 32545
-3824 32545
-3817 32545
-3817 32545
-3811 32546
-3811 32546
-3805 32547
-3805 32547
-3799 32547
-3799 32547
-3793 32548
-3793 32548
-3786 32549
-3786 32549
-3780 32549
-3780 32549
-3774 32550
-3774 32550
-3768 32551
-3768 32551
-3761 32552
-3761 32552
-3755 32552
-3755 32552
-3749 32553
-3749 32553
-3743 32554
-3743 32554
-3736 32554
-3736 32554
-3730 32555
-3730 32555
-3724 32556
-3724 32556
-3718 32556
-3718 32556
-3711 32557
-3711 32557
-3705 32558
-3705 32558
-3699 32558
-3699 32558
-3693 32559
-3693 32559
-3686 32560
-3686 32560
-3680 32560
-3680 32560
-3674 32561
-3674 32561
-3668 32562
-3668 32562
-3661 32563
-3661 32563
-3655 32563
-3655 32563
-3649 32564
-3649 32564
-3643 32565
-3643 32565
-3636 32565
-3636 32565
-3630 32566
-3630 32566
-3624 32567
-3624 32567
-3618 32567
-3618 32567
-3612 32568
-3612 32568
-3605 32569
-3605 32569
-3599 32569
-3599 32569
-3593 32570
-3593 32570
-3587 32571
-3587 32571
-3580 32571
-3580 32571
-3574 32572
-3574 32572
-3568 32573
-3568 32573
-3562 32574
-3562 32574
-3555 32574
-3555 32574
-3549 32575
-3549 32575
-3543 32576
-3543 32576
-3537 32576
-3537 32576
-3530 32577
-3530 32577
-3524 32578
-3524 32578
-3518 32578
-3518 32578
-3512 32579
-3512 32579
-3505 32580
-3505 32580
-3499 32580
-3499 32580
-3493 32581
-3493 32581
-3487 32582
-3487 32582
-3480 32582
-3480 32582
-3474 32583
-3474 32583
-3468 32584
-3468 32584
-3462 32585
-3462 32585
-3455 32585
-3455 32585
-3449 32586
-3449 32586
-3443 32587
-3443 32587
-3437 32587
-3437 32587
-3430 32588
-3430 32588
-3424 32589
-3424 32589
-3418 32589
-3418 32589
-3412 32590
-3412 32590
-3406 32591
-3406 32591
-3399 32591
-3399 32591
-3393 32592
-3393 32592
-3387 32593
-3387 32593
-3381 32593
-3381 32593
-3374 32594
-3374 32594
-3368 32594
-3368 32594
-3362 32595
-3362 32595
-3356 32595
-3356 32595
-3349 32596
-3349 32596
-3343 32597
-3343 32597
-3337 32597
-3337 32597
-3331 32598
-3331 32598
-3324 32599
-3324 32599
-3318 32599
-3318 32599
-3312 32600
-3312 32600
-3306 32601
-3306 32601
-3299 32601
-3299 32601
-3293 32602
-3293 32602
-3287 32603
-3287 32603
-3281 32603
-3281 32603
-3274 32604
-3274 32604
-3268 32605
-3268 32605
-3262 32606
-3262 32606
-3256 32605
-3256 32605
-3249 32606
-3249 32606
-3243 32607
-3243 32607
-3237 32607
-3237 32607
-3231 32608
-3231 32608
-3224 32609
-3224 32609
-3218 32609
-3218 32609
-3212 32610
-3212 32610
-3206 32611
-3206 32611
-3199 32611
-3199 32611
-3193 32612
-3193 32612
-3187 32612
-3187 32612
-3181 32613
-3181 32613
-3174 32613
-3174 32613
-3168 32614
-3168 32614
-3162 32615
-3162 32615
-3156 32616
-3156 32616
-3149 32616
-3149 32616
-3143 32617
-3143 32617
-3137 32617
-3137 32617
-3131 32618
-3131 32618
-3124 32619
-3124 32619
-3118 32619
-3118 32619
-3112 32620
-3112 32620
-3106 32620
-3106 32620
-3099 32621
-3099 32621
-3093 32621
-3093 32621
-3087 32622
-3087 32622
-3081 32622
-3081 32622
-3074 32623
-3074 32623
-3068 32623
-3068 32623
-3062 32624
-3062 32624
-3056 32624
-3056 32624
-3049 32626
-3049 32626
-3043 32627
-3043 32627
-3037 32627
-3037 32627
-3031 32628
-3031 32628
-3024 32628
-3024 32628
-3018 32629
-3018 32629
-3012 32629
-3012 32629
-3005 32630
-3005 32630
-2999 32630
-2999 32630
-2993 32631
-2993 32631
-2987 32631
-2987 32631
-2980 32632
-2980 32632
-2974 32632
-2974 32632
-2968 32633
-2968 32633
-2962 32634
-2962 32634
-2955 32634
-2955 32634
-2949 32635
-2949 32635
-2943 32635
-2943 32635
-2937 32636
-2937 32636
-2930 32636
-2930 32636
-2924 32637
-2924 32637
-2918 32637
-2918 32637
-2912 32638
-2912 32638
-2905 32638
-2905 32638
-2899 32639
-2899 32639
-2893 32639
-2893 32639
-2887 32640
-2887 32640
-2880 32641
-2880 32641
-2874 32641
-2874 32641
-2868 32642
-2868 32642
-2862 32642
-2862 32642
-2855 32643
-2855 32643
-2849 32643
-2849 32643
-2843 32644
-2843 32644
-2837 32644
-2837 32644
-2830 32645
-2830 32645
-2824 32645
-2824 32645
-2818 32646
-2818 32646
-2812 32647
-2812 32647
-2805 32647
-2805 32647
-2799 32648
-2799 32648
-2793 32648
-2793 32648
-2786 32649
-2786 32649
-2780 32649
-2780 32649
-2774 32650
-2774 32650
-2768 32650
-2768 32650
-2761 32651
-2761 32651
-2755 32651
-2755 32651
-2749 32652
-2749 32652
-2743 32652
-2743 32652
-2736 32653
-2736 32653
-2730 32654
-2730 32654
-2724 32654
-2724 32654
-2718 32655
-2718 32655
-2711 32655
-2711 32655
-2705 32656
-2705 32656
-2699 32656
-2699 32656
-2693 32657
-2693 32657
-2686 32657
-2686 32657
-2680 32658
-2680 32658
-2674 32658
-2674 32658
-2668 32659
-2668 32659
-2661 32659
-2661 32659
-2655 32660
-2655 32660
-2649 32661
-2649 32661
-2643 32661
-2643 32661
-2636 32662
-2636 32662
-2630 32662
-2630 32662
-2624 32663
-2624 32663
-2618 32663
-2618 32663
-2611 32664
-2611 32664
-2605 32664
-2605 32664
-2599 32665
-2599 32665
-2592 32665
-2592 32665
-2586 32666
-2586 32666
-2580 32666
-2580 32666
-2574 32667
-2574 32667
-2567 32667
-2567 32667
-2561 32667
-2561 32667
-2555 32668
-2555 32668
-2549 32668
-2549 32668
-2542 32669
-2542 32669
-2536 32669
-2536 32669
-2530 32670
-2530 32670
-2524 32670
-2524 32670
-2517 32671
-2517 32671
-2511 32671
-2511 32671
-2505 32672
-2505 32672
-2499 32672
-2499 32672
-2492 32673
-2492 32673
-2486 32674
-2486 32674
-2480 32674
-2480 32674
-2474 32675
-2474 32675
-2467 32675
-2467 32675
-2461 32676
-2461 32676
-2455 32675
-2455 32675
-2449 32676
-2449 32676
-2442 32676
-2442 32676
-2436 32677
-2436 32677
-2430 32677
-2430 32677
-2424 32678
-2424 32678
-2417 32678
-2417 32678
-2411 32679
-2411 32679
-2405 32679
-2405 32679
-2398 32680
-2398 32680
-2392 32680
-2392 32680
-2386 32681
-2386 32681
-2380 32681
-2380 32681
-2373 32681
-2373 32681
-2367 32683
-2367 32683
-2361 32683
-2361 32683
-2355 32684
-2355 32684
-2348 32684
-2348 32684
-2342 32684
-2342 32684
-2336 32685
-2336 32685
-2329 32685
-2329 32685
-2323 32685
-2323 32685
-2317 32686
-2317 32686
-2311 32686
-2311 32686
-2304 32687
-2304 32687
-2298 32687
-2298 32687
-2292 32687
-2292 32687
-2286 32688
-2286 32688
-2279 32688
-2279 32688
-2273 32689
-2273 32689
-2267 32690
-2267 32690
-2260 32690
-2260 32690
-2254 32691
-2254 32691
-2248 32691
-2248 32691
-2242 32692
-2242 32692
-2235 32692
-2235 32692
-2229 32692
-2229 32692
-2223 32693
-2223 32693
-2217 32693
-2217 32693
-2210 32694
-2210 32694
-2204 32694
-2204 32694
-2198 32694
-2198 32694
-2191 32695
-2191 32695
-2185 32695
-2185 32695
-2179 32695
-2179 32695
-2173 32696
-2173 32696
-2166 32696
-2166 32696
-2160 32697
-2160 32697
-2154 32697
-2154 32697
-2148 32697
-2148 32697
-2141 32698
-2141 32698
-2135 32698
-2135 32698
-2129 32699
-2129 32699
-2122 32699
-2122 32699
-2116 32699
-2116 32699
-2110 32700
-2110 32700
-2104 32700
-2104 32700
-2097 32701
-2097 32701
-2091 32702
-2091 32702
-2085 32702
-2085 32702
-2079 32703
-2079 32703
-2072 32703
-2072 32703
-2066 32703
-2066 32703
-2060 32704
-2060 32704
-2053 32704
-2053 32704
-2047 32705
-2047 32705
-2041 32705
-2041 32705
-2035 32705
-2035 32705
-2028 32706
-2028 32706
-2022 32706
-2022 32706
-2016 32707
-2016 32707
-2010 32707
-2010 32707
-2003 32707
-2003 32707
-1997 32708
-1997 32708
-1991 32708
-1991 32708
-1984 32709
-1984 32709
-1978 32709
-1978 32709
-1972 32709
-1972 32709
-1966 32710
-1966 32710
-1959 32710
-1959 32710
-1953 32711
-1953 32711
-1947 32711
-1947 32711
-1940 32711
-1940 32711
-1934 32712
-1934 32712
-1928 32712
-1928 32712
-1922 32711
-1922 32711
-1915 32712
-1915 32712
-1909 32712
-1909 32712
-1903 32713
-1903 32713
-1897 32713
-1897 32713
-1890 32713
-1890 32713
-1884 32714
-1884 32714
-1878 32714
-1878 32714
-1871 32715
-1871 32715
-1865 32715
-1865 32715
-1859 32715
-1859 32715
-1853 32716
-1853 32716
-1846 32716
-1846 32716
-1840 32717
-1840 32717
-1834 32717
-1834 32717
-1828 32717
-1828 32717
-1821 32718
-1821 32718
-1815 32718
-1815 32718
-1809 32719
-1809 32719
-1802 32719
-1802 32719
-1796 32719
-1796 32719
-1790 32720
-1790 32720
-1784 32720
-1784 32720
-1777 32720
-1777 32720
-1771 32721
-1771 32721
-1765 32721
-1765 32721
-1759 32722
-1759 32722
-1752 32722
-1752 32722
-1746 32721
-1746 32721
-1740 32722
-1740 32722
-1733 32722
-1733 32722
-1727 32723
-1727 32723
-1721 32723
-1721 32723
-1715 32723
-1715 32723
-1708 32724
-1708 32724
-1702 32724
-1702 32724
-1696 32725
-1696 32725
-1690 32725
-1690 32725
-1683 32725
-1683 32725
-1677 32726
-1677 32726
-1671 32726
-1671 32726
-1664 32726
-1664 32726
-1658 32727
-1658 32727
-1652 32727
-1652 32727
-1646 32727
-1646 32727
-1639 32727
-1639 32727
-1633 32727
-1633 32727
-1627 32728
-1627 32728
-1621 32728
-1621 32728
-1614 32729
-1614 32729
-1608 32729
-1608 32729
-1602 32729
-1602 32729
-1595 32729
-1595 32729
-1589 32730
-1589 32730
-1583 32730
-1583 32730
-1577 32730
-1577 32730
-1570 32730
-1570 32730
-1564 32732
-1564 32732
-1558 32732
-1558 32732
-1551 32732
-1551 32732
-1545 32732
-1545 32732
-1539 32732
-1539 32732
-1533 32733
-1533 32733
-1526 32733
-1526 32733
-1520 32733
-1520 32733
-1514 32733
-1514 32733
-1508 32734
-1508 32734
-1501 32734
-1501 32734
-1495 32734
-1495 32734
-1489 32734
-1489 32734
-1482 32735
-1482 32735
-1476 32735
-1476 32735
-1470 32735
-1470 32735
-1464 32735
-1464 32735
-1457 32736
-1457 32736
-1451 32737
-1451 32737
-1445 32737
-1445 32737
-1438 32737
-1438 32737
-1432 32737
-1432 32737
-1426 32738
-1426 32738
-1420 32738
-1420 32738
-1413 32738
-1413 32738
-1407 32738
-1407 32738
-1401 32738
-1401 32738
-1394 32739
-1394 32739
-1388 32739
-1388 32739
-1382 32739
-1382 32739
-1376 32739
-1376 32739
-1369 32740
-1369 32740
-1363 32740
-1363 32740
-1357 32740
-1357 32740
-1350 32740
-1350 32740
-1344 32741
-1344 32741
-1338 32741
-1338 32741
-1332 32741
-1332 32741
-1325 32741
-1325 32741
-1319 32741
-1319 32741
-1313 32742
-1313 32742
-1307 32742
-1307 32742
-1300 32742
-1300 32742
-1294 32742
-1294 32742
-1288 32743
-1288 32743
-1281 32743
-1281 32743
-1275 32743
-1275 32743
-1269 32743
-1269 32743
-1263 32743
-1263 32743
-1256 32744
-1256 32744
-1250 32744
-1250 32744
-1244 32744
-1244 32744
-1237 32744
-1237 32744
-1231 32745
-1231 32745
-1225 32745
-1225 32745
-1219 32745
-1219 32745
-1212 32745
-1212 32745
-1206 32747
-1206 32747
-1200 32746
-1200 32746
-1193 32746
-1193 32746
-1187 32746
-1187 32746
-1181 32746
-1181 32746
-1175 32747
-1175 32747
-1168 32747
-1168 32747
-1162 32747
-1162 32747
-1156 32747
-1156 32747
-1149 32748
-1149 32748
-1143 32748
-1143 32748
-1137 32748
-1137 32748
-1131 32748
-1131 32748
-1124 32748
-1124 32748
-1118 32749
-1118 32749
-1112 32749
-1112 32749
-1106 32749
-1106 32749
-1099 32749
-1099 32749
-1093 32750
-1093 32750
-1087 32750
-1087 32750
-1080 32750
-1080 32750
-1074 32750
-1074 32750
-1068 32750
-1068 32750
-1062 32751
-1062 32751
-1055 32751
-1055 32751
-1049 32751
-1049 32751
-1043 32751
-1043 32751
-1036 32752
-1036 32752
-1030 32752
-1030 32752
-1024 32752
-1024 32752
-1018 32752
-1018 32752
-1011 32753
-1011 32753
-1005 32753
-1005 32753
-999 32753
-999 32753
-992 32753
-992 32753
-986 32753
-986 32753
-980 32754
-980 32754
-974 32754
-974 32754
-967 32754
-967 32754
-961 32754
-961 32754
-955 32755
-955 32755
-948 32754
-948 32754
-942 32754
-942 32754
-936 32754
-936 32754
-930 32754
-930 32754
-923 32755
-923 32755
-917 32755
-917 32755
-911 32755
-911 32755
-905 32755
-905 32755
-898 32756
-898 32756
-892 32756
-892 32756
-886 32756
-886 32756
-879 32756
-879 32756
-873 32757
-873 32757
-867 32757
-867 32757
-861 32757
-861 32757
-854 32757
-854 32757
-848 32757
-848 32757
-842 32757
-842 32757
-835 32757
-835 32757
-829 32757
-829 32757
-823 32757
-823 32757
-817 32758
-817 32758
-810 32758
-810 32758
-804 32758
-804 32758
-798 32758
-798 32758
-791 32758
-791 32758
-785 32758
-785 32758
-779 32758
-779 32758
-773 32758
-773 32758
-766 32758
-766 32758
-760 32758
-760 32758
-754 32760
-754 32760
-747 32760
-747 32760
-741 32760
-741 32760
-735 32760
-735 32760
-729 32760
-729 32760
-722 32760
-722 32760
-716 32760
-716 32760
-710 32760
-710 32760
-704 32760
-704 32760
-697 32760
-697 32760
-691 32760
-691 32760
-685 32760
-685 32760
-678 32760
-678 32760
-672 32760
-672 32760
-666 32761
-666 32761
-660 32761
-660 32761
-653 32761
-653 32761
-647 32761
-647 32761
-641 32761
-641 32761
-634 32761
-634 32761
-628 32762
-628 32762
-622 32762
-622 32762
-616 32762
-616 32762
-609 32762
-609 32762
-603 32762
-603 32762
-597 32762
-597 32762
-590 32762
-590 32762
-584 32762
-584 32762
-578 32763
-578 32763
-572 32763
-572 32763
-565 32763
-565 32763
-559 32763
-559 32763
-553 32763
-553 32763
-546 32763
-546 32763
-540 32763
-540 32763
-534 32763
-534 32763
-528 32763
-528 32763
-521 32763
-521 32763
-515 32763
-515 32763
-509 32763
-509 32763
-503 32763
-503 32763
-496 32763
-496 32763
-490 32764
-490 32764
-484 32764
-484 32764
-477 32764
-477 32764
-471 32764
-471 32764
-465 32764
-465 32764
-459 32764
-459 32764
-452 32764
-452 32764
-446 32764
-446 32764
-440 32764
-440 32764
-433 32764
-433 32764
-427 32764
-427 32764
-421 32764
-421 32764
-415 32764
-415 32764
-408 32764
-408 32764
-402 32765
-402 32765
-396 32765
-396 32765
-389 32765
-389 32765
-383 32765
-383 32765
-377 32765
-377 32765
-371 32765
-371 32765
-364 32765
-364 32765
-358 32765
-358 32765
-352 32765
-352 32765
-345 32765
-345 32765
-339 32765
-339 32765
-333 32765
-333 32765
-327 32765
-327 32765
-320 32765
-320 32765
-314 32765
-314 32765
-308 32766
-308 32766
-302 32766
-302 32766
-295 32766
-295 32766
-289 32766
-289 32766
-283 32766
-283 32766
-276 32766
-276 32766
-270 32766
-270 32766
-264 32766
-264 32766
-258 32766
-258 32766
-251 32766
-251 32766
-245 32766
-245 32766
-239 32766
-239 32766
-232 32766
-232 32766
-226 32766
-226 32766
-220 32767
-220 32767
-214 32767
-214 32767
-207 32767
-207 32767
-201 32767
-201 32767
-195 32767
-195 32767
-188 32767
-188 32767
-182 32767
-182 32767
-176 32767
-176 32767
-170 32766
-170 32766
-163 32766
-163 32766
-157 32766
-157 32766
-151 32766
-151 32766
-144 32766
-144 32766
-138 32766
-138 32766
-132 32767
-132 32767
-126 32767
-126 32767
-119 32767
-119 32767
-113 32767
-113 32767
-107 32767
-107 32767
-101 32767
-101 32767
-94 32767
-94 32767
-88 32767
-88 32767
-82 32767
-82 32767
-75 32767
-75 32767
-69 32767
-69 32767
-63 32767
-63 32767
-57 32767
-57 32767
-50 32767
-50 32767
-44 32767
-44 32767
-38 32767
-38 32767
-31 32767
-31 32767
-25 32767
-25 32767
-19 32767
-19 32767
-13 32767
-13 32767
-6 32767
-6 32767
