-8 32766
-8 32766
-8 32766
23 32766
23 32766
23 32766
23 32766
23 32766
23 32766
23 32766
23 32766
23 32766
23 32766
55 32766
55 32766
55 32766
55 32766
55 32766
55 32766
55 32766
55 32766
55 32766
55 32766
87 32766
87 32766
87 32766
87 32766
87 32766
87 32766
87 32766
87 32766
87 32766
87 32766
119 32766
119 32766
119 32766
119 32766
119 32766
119 32766
119 32766
119 32766
119 32766
119 32766
119 32766
151 32766
151 32766
151 32766
151 32766
151 32766
151 32766
151 32766
151 32766
151 32766
151 32766
183 32766
183 32766
183 32766
183 32766
183 32766
183 32766
183 32766
183 32766
183 32766
183 32766
214 32766
214 32766
214 32766
214 32766
214 32766
214 32766
214 32766
214 32766
214 32766
214 32766
247 32766
247 32766
247 32766
247 32766
247 32766
247 32766
247 32766
247 32766
247 32766
247 32766
279 32766
279 32766
279 32766
279 32766
279 32766
279 32766
279 32766
279 32766
279 32766
279 32766
311 32765
311 32765
311 32765
311 32765
311 32765
311 32765
311 32765
311 32765
311 32765
311 32765
342 32765
342 32765
342 32765
342 32765
342 32765
342 32765
342 32765
342 32765
342 32765
342 32765
375 32765
375 32765
375 32765
375 32765
375 32765
375 32765
375 32765
375 32765
375 32765
375 32765
375 32765
406 32765
406 32765
406 32765
397 32735
397 32735
397 32735
397 32735
429 32735
429 32735
429 32735
429 32735
429 32735
429 32735
429 32735
429 32735
429 32735
429 32735
461 32734
461 32734
461 32734
461 32734
461 32734
461 32734
461 32734
461 32734
461 32734
461 32734
461 32734
493 32734
493 32734
493 32734
493 32734
493 32734
493 32734
493 32734
493 32734
493 32734
493 32734
525 32734
525 32734
525 32734
525 32734
525 32734
525 32734
525 32734
525 32734
525 32734
525 32734
556 32733
556 32733
556 32733
556 32733
556 32733
556 32733
556 32733
556 32733
556 32733
556 32733
589 32732
589 32732
589 32732
589 32732
589 32732
589 32732
589 32732
589 32732
589 32732
589 32732
621 32731
621 32731
621 32731
621 32731
621 32731
621 32731
621 32731
621 32731
621 32731
621 32731
653 32731
653 32731
653 32731
653 32731
653 32731
653 32731
653 32731
653 32731
653 32731
653 32731
684 32730
684 32730
684 32730
684 32730
684 32730
684 32730
684 32730
684 32730
684 32730
684 32730
716 32729
716 32729
716 32729
716 32729
716 32729
716 32729
716 32729
716 32729
716 32729
716 32729
716 32729
748 32728
748 32728
748 32728
748 32728
748 32728
748 32728
748 32728
748 32728
748 32728
748 32728
780 32728
780 32728
780 32728
780 32728
780 32728
780 32728
780 32728
780 32728
780 32728
780 32728
812 32727
812 32727
795 32727
795 32727
795 32727
826 32726
826 32726
826 32726
826 32726
826 32726
826 32726
826 32726
826 32726
826 32726
826 32726
858 32726
858 32726
858 32726
858 32726
858 32726
858 32726
858 32726
858 32726
858 32726
858 32726
890 32725
890 32725
890 32725
890 32725
890 32725
890 32725
890 32725
890 32725
890 32725
890 32725
922 32724
922 32724
922 32724
922 32724
922 32724
922 32724
922 32724
922 32724
922 32724
922 32724
922 32724
954 32723
954 32723
954 32723
954 32723
954 32723
954 32723
954 32723
954 32723
954 32723
954 32723
986 32723
986 32723
986 32723
986 32723
986 32723
986 32723
986 32723
986 32723
986 32723
986 32723
1017 32722
1017 32722
1017 32722
1017 32722
1017 32722
1017 32722
1017 32722
1017 32722
1017 32722
1017 32722
1050 32721
1050 32721
1050 32721
1050 32721
1050 32721
1050 32721
1050 32721
1050 32721
1050 32721
1050 32721
1082 32720
1082 32720
1082 32720
1082 32720
1082 32720
1082 32720
1082 32720
1082 32720
1082 32720
1082 32720
1114 32718
1114 32718
1114 32718
1114 32718
1114 32718
1114 32718
1114 32718
1114 32718
1114 32718
1114 32718
1145 32718
1145 32718
1145 32718
1145 32718
1145 32718
1145 32718
1145 32718
1145 32718
1145 32718
1145 32718
1177 32717
1177 32717
1177 32717
1177 32717
1177 32717
1177 32717
1177 32717
1177 32717
1177 32717
1177 32717
1177 32717
1208 32716
1208 32716
1208 32716
1201 32706
1201 32706
1201 32706
1201 32706
1233 32705
1233 32705
1233 32705
1233 32705
1233 32705
1233 32705
1233 32705
1233 32705
1233 32705
1233 32705
1265 32704
1265 32704
1265 32704
1265 32704
1265 32704
1265 32704
1265 32704
1265 32704
1265 32704
1265 32704
1265 32704
1297 32702
1297 32702
1297 32702
1297 32702
1297 32702
1297 32702
1297 32702
1297 32702
1297 32702
1297 32702
1329 32702
1329 32702
1329 32702
1329 32702
1329 32702
1329 32702
1329 32702
1329 32702
1329 32702
1329 32702
1360 32700
1360 32700
1360 32700
1360 32700
1360 32700
1360 32700
1360 32700
1360 32700
1360 32700
1360 32700
1392 32698
1392 32698
1392 32698
1392 32698
1392 32698
1392 32698
1392 32698
1392 32698
1392 32698
1392 32698
1424 32697
1424 32697
1424 32697
1424 32697
1424 32697
1424 32697
1424 32697
1424 32697
1424 32697
1424 32697
1456 32695
1456 32695
1456 32695
1456 32695
1456 32695
1456 32695
1456 32695
1456 32695
1456 32695
1456 32695
1487 32694
1487 32694
1487 32694
1487 32694
1487 32694
1487 32694
1487 32694
1487 32694
1487 32694
1487 32694
1519 32692
1519 32692
1519 32692
1519 32692
1519 32692
1519 32692
1519 32692
1519 32692
1519 32692
1519 32692
1519 32692
1551 32691
1551 32691
1551 32691
1551 32691
1551 32691
1551 32691
1551 32691
1551 32691
1551 32691
1551 32691
1583 32689
1583 32689
1583 32689
1583 32689
1583 32689
1583 32689
1583 32689
1583 32689
1583 32689
1583 32689
1615 32688
1615 32688
1598 32688
1598 32688
1598 32688
1629 32687
1629 32687
1629 32687
1629 32687
1629 32687
1629 32687
1629 32687
1629 32687
1629 32687
1629 32687
1661 32685
1661 32685
1661 32685
1661 32685
1661 32685
1661 32685
1661 32685
1661 32685
1661 32685
1661 32685
1693 32684
1693 32684
1693 32684
1693 32684
1693 32684
1693 32684
1693 32684
1693 32684
1693 32684
1693 32684
1725 32682
1725 32682
1725 32682
1725 32682
1725 32682
1725 32682
1725 32682
1725 32682
1725 32682
1725 32682
1725 32682
1757 32681
1757 32681
1757 32681
1757 32681
1757 32681
1757 32681
1757 32681
1757 32681
1757 32681
1757 32681
1789 32679
1789 32679
1789 32679
1789 32679
1789 32679
1789 32679
1789 32679
1789 32679
1789 32679
1789 32679
1819 32678
1819 32678
1819 32678
1819 32678
1819 32678
1819 32678
1819 32678
1819 32678
1819 32678
1819 32678
1852 32676
1852 32676
1852 32676
1852 32676
1852 32676
1852 32676
1852 32676
1852 32676
1852 32676
1852 32676
1884 32674
1884 32674
1884 32674
1884 32674
1884 32674
1884 32674
1884 32674
1884 32674
1884 32674
1884 32674
1916 32672
1916 32672
1916 32672
1916 32672
1916 32672
1916 32672
1916 32672
1916 32672
1916 32672
1916 32672
1947 32670
1947 32670
1947 32670
1947 32670
1947 32670
1947 32670
1947 32670
1947 32670
1947 32670
1947 32670
1980 32669
1980 32669
1980 32669
1980 32669
1980 32669
1980 32669
1980 32669
1980 32669
1980 32669
1980 32669
1980 32669
2011 32667
2011 32667
2011 32667
2004 32676
2004 32676
2004 32676
2004 32676
2036 32675
2036 32675
2036 32675
2036 32675
2036 32675
2036 32675
2036 32675
2036 32675
2036 32675
2036 32675
2068 32672
2068 32672
2068 32672
2068 32672
2068 32672
2068 32672
2068 32672
2068 32672
2068 32672
2068 32672
2068 32672
2100 32670
2100 32670
2100 32670
2100 32670
2100 32670
2100 32670
2100 32670
2100 32670
2100 32670
2100 32670
2132 32668
2132 32668
2132 32668
2132 32668
2132 32668
2132 32668
2132 32668
2132 32668
2132 32668
2132 32668
2163 32666
2163 32666
2163 32666
2163 32666
2163 32666
2163 32666
2163 32666
2163 32666
2163 32666
2163 32666
2196 32664
2196 32664
2196 32664
2196 32664
2196 32664
2196 32664
2196 32664
2196 32664
2196 32664
2196 32664
2228 32661
2228 32661
2228 32661
2228 32661
2228 32661
2228 32661
2228 32661
2228 32661
2228 32661
2228 32661
2259 32659
2259 32659
2259 32659
2259 32659
2259 32659
2259 32659
2259 32659
2259 32659
2259 32659
2259 32659
2290 32657
2290 32657
2290 32657
2290 32657
2290 32657
2290 32657
2290 32657
2290 32657
2290 32657
2290 32657
2322 32654
2322 32654
2322 32654
2322 32654
2322 32654
2322 32654
2322 32654
2322 32654
2322 32654
2322 32654
2322 32654
2354 32652
2354 32652
2354 32652
2354 32652
2354 32652
2354 32652
2354 32652
2354 32652
2354 32652
2354 32652
2386 32650
2386 32650
2386 32650
2386 32650
2386 32650
2386 32650
2386 32650
2386 32650
2386 32650
2386 32650
2418 32647
2418 32647
2401 32649
2401 32649
2401 32649
2432 32646
2432 32646
2432 32646
2432 32646
2432 32646
2432 32646
2432 32646
2432 32646
2432 32646
2432 32646
2464 32644
2464 32644
2464 32644
2464 32644
2464 32644
2464 32644
2464 32644
2464 32644
2464 32644
2464 32644
2496 32642
2496 32642
2496 32642
2496 32642
2496 32642
2496 32642
2496 32642
2496 32642
2496 32642
2496 32642
2527 32639
2527 32639
2527 32639
2527 32639
2527 32639
2527 32639
2527 32639
2527 32639
2527 32639
2527 32639
2527 32639
2559 32637
2559 32637
2559 32637
2559 32637
2559 32637
2559 32637
2559 32637
2559 32637
2559 32637
2559 32637
2591 32635
2591 32635
2591 32635
2591 32635
2591 32635
2591 32635
2591 32635
2591 32635
2591 32635
2591 32635
2622 32632
2622 32632
2622 32632
2622 32632
2622 32632
2622 32632
2622 32632
2622 32632
2622 32632
2622 32632
2655 32630
2655 32630
2655 32630
2655 32630
2655 32630
2655 32630
2655 32630
2655 32630
2655 32630
2655 32630
2687 32627
2687 32627
2687 32627
2687 32627
2687 32627
2687 32627
2687 32627
2687 32627
2687 32627
2687 32627
2719 32624
2719 32624
2719 32624
2719 32624
2719 32624
2719 32624
2719 32624
2719 32624
2719 32624
2719 32624
2750 32622
2750 32622
2750 32622
2750 32622
2750 32622
2750 32622
2750 32622
2750 32622
2750 32622
2750 32622
2782 32619
2782 32619
2782 32619
2782 32619
2782 32619
2782 32619
2782 32619
2782 32619
2782 32619
2782 32619
2782 32619
2813 32617
2813 32617
2813 32617
2808 32647
2808 32647
2808 32647
2808 32647
2840 32645
2840 32645
2840 32645
2840 32645
2840 32645
2840 32645
2840 32645
2840 32645
2840 32645
2840 32645
2871 32642
2871 32642
2871 32642
2871 32642
2871 32642
2871 32642
2871 32642
2871 32642
2871 32642
2871 32642
2871 32642
2903 32638
2903 32638
2903 32638
2903 32638
2903 32638
2903 32638
2903 32638
2903 32638
2903 32638
2903 32638
2935 32636
2935 32636
2935 32636
2935 32636
2935 32636
2935 32636
2935 32636
2935 32636
2935 32636
2935 32636
2966 32633
2966 32633
2966 32633
2966 32633
2966 32633
2966 32633
2966 32633
2966 32633
2966 32633
2966 32633
2999 32630
2999 32630
2999 32630
2999 32630
2999 32630
2999 32630
2999 32630
2999 32630
2999 32630
2999 32630
3031 32627
3031 32627
3031 32627
3031 32627
3031 32627
3031 32627
3031 32627
3031 32627
3031 32627
3031 32627
3063 32624
3063 32624
3063 32624
3063 32624
3063 32624
3063 32624
3063 32624
3063 32624
3063 32624
3063 32624
3093 32621
3093 32621
3093 32621
3093 32621
3093 32621
3093 32621
3093 32621
3093 32621
3093 32621
3093 32621
3125 32618
3125 32618
3125 32618
3125 32618
3125 32618
3125 32618
3125 32618
3125 32618
3125 32618
3125 32618
3125 32618
3157 32614
3157 32614
3157 32614
3157 32614
3157 32614
3157 32614
3157 32614
3157 32614
3157 32614
3157 32614
3189 32611
3189 32611
3189 32611
3189 32611
3189 32611
3189 32611
3189 32611
3189 32611
3189 32611
3189 32611
3221 32608
3221 32608
3204 32610
3204 32610
3204 32610
3235 32607
3235 32607
3235 32607
3235 32607
3235 32607
3235 32607
3235 32607
3235 32607
3235 32607
3235 32607
3267 32604
3267 32604
3267 32604
3267 32604
3267 32604
3267 32604
3267 32604
3267 32604
3267 32604
3267 32604
3298 32600
3298 32600
3298 32600
3298 32600
3298 32600
3298 32600
3298 32600
3298 32600
3298 32600
3298 32600
3330 32597
3330 32597
3330 32597
3330 32597
3330 32597
3330 32597
3330 32597
3330 32597
3330 32597
3330 32597
3330 32597
3362 32594
3362 32594
3362 32594
3362 32594
3362 32594
3362 32594
3362 32594
3362 32594
3362 32594
3362 32594
3394 32591
3394 32591
3394 32591
3394 32591
3394 32591
3394 32591
3394 32591
3394 32591
3394 32591
3394 32591
3425 32588
3425 32588
3425 32588
3425 32588
3425 32588
3425 32588
3425 32588
3425 32588
3425 32588
3425 32588
3458 32585
3458 32585
3458 32585
3458 32585
3458 32585
3458 32585
3458 32585
3458 32585
3458 32585
3458 32585
3490 32582
3490 32582
3490 32582
3490 32582
3490 32582
3490 32582
3490 32582
3490 32582
3490 32582
3490 32582
3521 32578
3521 32578
3521 32578
3521 32578
3521 32578
3521 32578
3521 32578
3521 32578
3521 32578
3521 32578
3552 32574
3552 32574
3552 32574
3552 32574
3552 32574
3552 32574
3552 32574
3552 32574
3552 32574
3552 32574
3585 32571
3585 32571
3585 32571
3585 32571
3585 32571
3585 32571
3585 32571
3585 32571
3585 32571
3585 32571
3585 32571
3616 32568
3616 32568
3616 32568
3604 32539
3604 32539
3604 32539
3604 32539
3636 32536
3636 32536
3636 32536
3636 32536
3636 32536
3636 32536
3636 32536
3636 32536
3636 32536
3636 32536
3668 32532
3668 32532
3668 32532
3668 32532
3668 32532
3668 32532
3668 32532
3668 32532
3668 32532
3668 32532
3668 32532
3699 32528
3699 32528
3699 32528
3699 32528
3699 32528
3699 32528
3699 32528
3699 32528
3699 32528
3699 32528
3731 32525
3731 32525
3731 32525
3731 32525
3731 32525
3731 32525
3731 32525
3731 32525
3731 32525
3731 32525
3762 32521
3762 32521
3762 32521
3762 32521
3762 32521
3762 32521
3762 32521
3762 32521
3762 32521
3762 32521
3795 32517
3795 32517
3795 32517
3795 32517
3795 32517
3795 32517
3795 32517
3795 32517
3795 32517
3795 32517
3826 32513
3826 32513
3826 32513
3826 32513
3826 32513
3826 32513
3826 32513
3826 32513
3826 32513
3826 32513
3858 32509
3858 32509
3858 32509
3858 32509
3858 32509
3858 32509
3858 32509
3858 32509
3858 32509
3858 32509
3889 32506
3889 32506
3889 32506
3889 32506
3889 32506
3889 32506
3889 32506
3889 32506
3889 32506
3889 32506
3921 32502
3921 32502
3921 32502
3921 32502
3921 32502
3921 32502
3921 32502
3921 32502
3921 32502
3921 32502
3921 32502
3952 32498
3952 32498
3952 32498
3952 32498
3952 32498
3952 32498
3952 32498
3952 32498
3952 32498
3952 32498
3984 32494
3984 32494
3984 32494
3984 32494
3984 32494
3984 32494
3984 32494
3984 32494
3984 32494
3984 32494
4016 32490
4016 32490
3999 32492
3999 32492
3999 32492
4030 32488
4030 32488
4030 32488
4030 32488
4030 32488
4030 32488
4030 32488
4030 32488
4030 32488
4030 32488
4061 32484
4061 32484
4061 32484
4061 32484
4061 32484
4061 32484
4061 32484
4061 32484
4061 32484
4061 32484
4093 32480
4093 32480
4093 32480
4093 32480
4093 32480
4093 32480
4093 32480
4093 32480
4093 32480
4093 32480
4125 32476
4125 32476
4125 32476
4125 32476
4125 32476
4125 32476
4125 32476
4125 32476
4125 32476
4125 32476
4125 32476
4157 32473
4157 32473
4157 32473
4157 32473
4157 32473
4157 32473
4157 32473
4157 32473
4157 32473
4157 32473
4188 32469
4188 32469
4188 32469
4188 32469
4188 32469
4188 32469
4188 32469
4188 32469
4188 32469
4188 32469
4219 32465
4219 32465
4219 32465
4219 32465
4219 32465
4219 32465
4219 32465
4219 32465
4219 32465
4219 32465
4252 32461
4252 32461
4252 32461
4252 32461
4252 32461
4252 32461
4252 32461
4252 32461
4252 32461
4252 32461
4284 32457
4284 32457
4284 32457
4284 32457
4284 32457
4284 32457
4284 32457
4284 32457
4284 32457
4284 32457
4315 32452
4315 32452
4315 32452
4315 32452
4315 32452
4315 32452
4315 32452
4315 32452
4315 32452
4315 32452
4346 32448
4346 32448
4346 32448
4346 32448
4346 32448
4346 32448
4346 32448
4346 32448
4346 32448
4346 32448
4379 32444
4379 32444
4379 32444
4379 32444
4379 32444
4379 32444
4379 32444
4379 32444
4379 32444
4379 32444
4379 32444
4409 32440
4409 32440
4409 32440
4401 32431
4401 32431
4401 32431
4401 32431
4433 32427
4433 32427
4433 32427
4433 32427
4433 32427
4433 32427
4433 32427
4433 32427
4433 32427
4433 32427
4465 32422
4465 32422
4465 32422
4465 32422
4465 32422
4465 32422
4465 32422
4465 32422
4465 32422
4465 32422
4465 32422
4496 32417
4496 32417
4496 32417
4496 32417
4496 32417
4496 32417
4496 32417
4496 32417
4496 32417
4496 32417
4528 32414
4528 32414
4528 32414
4528 32414
4528 32414
4528 32414
4528 32414
4528 32414
4528 32414
4528 32414
4559 32409
4559 32409
4559 32409
4559 32409
4559 32409
4559 32409
4559 32409
4559 32409
4559 32409
4559 32409
4591 32404
4591 32404
4591 32404
4591 32404
4591 32404
4591 32404
4591 32404
4591 32404
4591 32404
4591 32404
4623 32400
4623 32400
4623 32400
4623 32400
4623 32400
4623 32400
4623 32400
4623 32400
4623 32400
4623 32400
4655 32395
4655 32395
4655 32395
4655 32395
4655 32395
4655 32395
4655 32395
4655 32395
4655 32395
4655 32395
4685 32390
4685 32390
4685 32390
4685 32390
4685 32390
4685 32390
4685 32390
4685 32390
4685 32390
4685 32390
4717 32386
4717 32386
4717 32386
4717 32386
4717 32386
4717 32386
4717 32386
4717 32386
4717 32386
4717 32386
4717 32386
4749 32381
4749 32381
4749 32381
4749 32381
4749 32381
4749 32381
4749 32381
4749 32381
4749 32381
4749 32381
4780 32376
4780 32376
4780 32376
4780 32376
4780 32376
4780 32376
4780 32376
4780 32376
4780 32376
4780 32376
4812 32372
4812 32372
4795 32374
4795 32374
4795 32374
4826 32370
4826 32370
4826 32370
4826 32370
4826 32370
4826 32370
4826 32370
4826 32370
4826 32370
4826 32370
4857 32365
4857 32365
4857 32365
4857 32365
4857 32365
4857 32365
4857 32365
4857 32365
4857 32365
4857 32365
4889 32360
4889 32360
4889 32360
4889 32360
4889 32360
4889 32360
4889 32360
4889 32360
4889 32360
4889 32360
4920 32356
4920 32356
4920 32356
4920 32356
4920 32356
4920 32356
4920 32356
4920 32356
4920 32356
4920 32356
4920 32356
4952 32351
4952 32351
4952 32351
4952 32351
4952 32351
4952 32351
4952 32351
4952 32351
4952 32351
4952 32351
4984 32346
4984 32346
4984 32346
4984 32346
4984 32346
4984 32346
4984 32346
4984 32346
4984 32346
4984 32346
5014 32342
5014 32342
5014 32342
5014 32342
5014 32342
5014 32342
5014 32342
5014 32342
5014 32342
5014 32342
5047 32337
5047 32337
5047 32337
5047 32337
5047 32337
5047 32337
5047 32337
5047 32337
5047 32337
5047 32337
5078 32332
5078 32332
5078 32332
5078 32332
5078 32332
5078 32332
5078 32332
5078 32332
5078 32332
5078 32332
5110 32326
5110 32326
5110 32326
5110 32326
5110 32326
5110 32326
5110 32326
5110 32326
5110 32326
5110 32326
5141 32322
5141 32322
5141 32322
5141 32322
5141 32322
5141 32322
5141 32322
5141 32322
5141 32322
5141 32322
5173 32317
5173 32317
5173 32317
5173 32317
5173 32317
5173 32317
5173 32317
5173 32317
5173 32317
5173 32317
5173 32317
5204 32313
5204 32313
5204 32313
5198 32322
5198 32322
5198 32322
5198 32322
5230 32318
5230 32318
5230 32318
5230 32318
5230 32318
5230 32318
5230 32318
5230 32318
5230 32318
5230 32318
5261 32312
5261 32312
5261 32312
5261 32312
5261 32312
5261 32312
5261 32312
5261 32312
5261 32312
5261 32312
5261 32312
5293 32307
5293 32307
5293 32307
5293 32307
5293 32307
5293 32307
5293 32307
5293 32307
5293 32307
5293 32307
5324 32303
5324 32303
5324 32303
5324 32303
5324 32303
5324 32303
5324 32303
5324 32303
5324 32303
5324 32303
5355 32297
5355 32297
5355 32297
5355 32297
5355 32297
5355 32297
5355 32297
5355 32297
5355 32297
5355 32297
5387 32292
5387 32292
5387 32292
5387 32292
5387 32292
5387 32292
5387 32292
5387 32292
5387 32292
5387 32292
5419 32286
5419 32286
5419 32286
5419 32286
5419 32286
5419 32286
5419 32286
5419 32286
5419 32286
5419 32286
5450 32281
5450 32281
5450 32281
5450 32281
5450 32281
5450 32281
5450 32281
5450 32281
5450 32281
5450 32281
5481 32275
5481 32275
5481 32275
5481 32275
5481 32275
5481 32275
5481 32275
5481 32275
5481 32275
5481 32275
5512 32270
5512 32270
5512 32270
5512 32270
5512 32270
5512 32270
5512 32270
5512 32270
5512 32270
5512 32270
5512 32270
5544 32264
5544 32264
5544 32264
5544 32264
5544 32264
5544 32264
5544 32264
5544 32264
5544 32264
5544 32264
5575 32259
5575 32259
5575 32259
5575 32259
5575 32259
5575 32259
5575 32259
5575 32259
5575 32259
5575 32259
5607 32253
5607 32253
5590 32256
5590 32256
5590 32256
5620 32251
5620 32251
5620 32251
5620 32251
5620 32251
5620 32251
5620 32251
5620 32251
5620 32251
5620 32251
5652 32246
5652 32246
5652 32246
5652 32246
5652 32246
5652 32246
5652 32246
5652 32246
5652 32246
5652 32246
5683 32240
5683 32240
5683 32240
5683 32240
5683 32240
5683 32240
5683 32240
5683 32240
5683 32240
5683 32240
5715 32235
5715 32235
5715 32235
5715 32235
5715 32235
5715 32235
5715 32235
5715 32235
5715 32235
5715 32235
5715 32235
5746 32229
5746 32229
5746 32229
5746 32229
5746 32229
5746 32229
5746 32229
5746 32229
5746 32229
5746 32229
5778 32224
5778 32224
5778 32224
5778 32224
5778 32224
5778 32224
5778 32224
5778 32224
5778 32224
5778 32224
5808 32218
5808 32218
5808 32218
5808 32218
5808 32218
5808 32218
5808 32218
5808 32218
5808 32218
5808 32218
5841 32213
5841 32213
5841 32213
5841 32213
5841 32213
5841 32213
5841 32213
5841 32213
5841 32213
5841 32213
5872 32207
5872 32207
5872 32207
5872 32207
5872 32207
5872 32207
5872 32207
5872 32207
5872 32207
5872 32207
5904 32201
5904 32201
5904 32201
5904 32201
5904 32201
5904 32201
5904 32201
5904 32201
5904 32201
5904 32201
5934 32196
5934 32196
5934 32196
5934 32196
5934 32196
5934 32196
5934 32196
5934 32196
5934 32196
5934 32196
5967 32190
5967 32190
5967 32190
5967 32190
5967 32190
5967 32190
5967 32190
5967 32190
5967 32190
5967 32190
5967 32190
5997 32185
5997 32185
5997 32185
5994 32214
5994 32214
5994 32214
5994 32214
6026 32209
6026 32209
6026 32209
6026 32209
6026 32209
6026 32209
6026 32209
6026 32209
6026 32209
6026 32209
6057 32203
6057 32203
6057 32203
6057 32203
6057 32203
6057 32203
6057 32203
6057 32203
6057 32203
6057 32203
6057 32203
6089 32197
6089 32197
6089 32197
6089 32197
6089 32197
6089 32197
6089 32197
6089 32197
6089 32197
6089 32197
6120 32191
6120 32191
6120 32191
6120 32191
6120 32191
6120 32191
6120 32191
6120 32191
6120 32191
6120 32191
6151 32185
6151 32185
6151 32185
6151 32185
6151 32185
6151 32185
6151 32185
6151 32185
6151 32185
6151 32185
6183 32179
6183 32179
6183 32179
6183 32179
6183 32179
6183 32179
6183 32179
6183 32179
6183 32179
6183 32179
6214 32173
6214 32173
6214 32173
6214 32173
6214 32173
6214 32173
6214 32173
6214 32173
6214 32173
6214 32173
6246 32166
6246 32166
6246 32166
6246 32166
6246 32166
6246 32166
6246 32166
6246 32166
6246 32166
6246 32166
6276 32160
6276 32160
6276 32160
6276 32160
6276 32160
6276 32160
6276 32160
6276 32160
6276 32160
6276 32160
6307 32154
6307 32154
6307 32154
6307 32154
6307 32154
6307 32154
6307 32154
6307 32154
6307 32154
6307 32154
6307 32154
6339 32148
6339 32148
6339 32148
6339 32148
6339 32148
6339 32148
6339 32148
6339 32148
6339 32148
6339 32148
6370 32142
6370 32142
6370 32142
6370 32142
6370 32142
6370 32142
6370 32142
6370 32142
6370 32142
6370 32142
6402 32135
6402 32135
6385 32139
6385 32139
6385 32139
6415 32133
6415 32133
6415 32133
6415 32133
6415 32133
6415 32133
6415 32133
6415 32133
6415 32133
6415 32133
6447 32126
6447 32126
6447 32126
6447 32126
6447 32126
6447 32126
6447 32126
6447 32126
6447 32126
6447 32126
6478 32120
6478 32120
6478 32120
6478 32120
6478 32120
6478 32120
6478 32120
6478 32120
6478 32120
6478 32120
6510 32114
6510 32114
6510 32114
6510 32114
6510 32114
6510 32114
6510 32114
6510 32114
6510 32114
6510 32114
6510 32114
6541 32108
6541 32108
6541 32108
6541 32108
6541 32108
6541 32108
6541 32108
6541 32108
6541 32108
6541 32108
6572 32101
6572 32101
6572 32101
6572 32101
6572 32101
6572 32101
6572 32101
6572 32101
6572 32101
6572 32101
6603 32095
6603 32095
6603 32095
6603 32095
6603 32095
6603 32095
6603 32095
6603 32095
6603 32095
6603 32095
6635 32089
6635 32089
6635 32089
6635 32089
6635 32089
6635 32089
6635 32089
6635 32089
6635 32089
6635 32089
6666 32083
6666 32083
6666 32083
6666 32083
6666 32083
6666 32083
6666 32083
6666 32083
6666 32083
6666 32083
6698 32075
6698 32075
6698 32075
6698 32075
6698 32075
6698 32075
6698 32075
6698 32075
6698 32075
6698 32075
6728 32069
6728 32069
6728 32069
6728 32069
6728 32069
6728 32069
6728 32069
6728 32069
6728 32069
6728 32069
6760 32063
6760 32063
6760 32063
6760 32063
6760 32063
6760 32063
6760 32063
6760 32063
6760 32063
6760 32063
6760 32063
6791 32057
6791 32057
6791 32057
6777 32029
6777 32029
6777 32029
6777 32029
6808 32023
6808 32023
6808 32023
6808 32023
6808 32023
6808 32023
6808 32023
6808 32023
6808 32023
6808 32023
6839 32016
6839 32016
6839 32016
6839 32016
6839 32016
6839 32016
6839 32016
6839 32016
6839 32016
6839 32016
6839 32016
6870 32009
6870 32009
6870 32009
6870 32009
6870 32009
6870 32009
6870 32009
6870 32009
6870 32009
6870 32009
6902 32003
6902 32003
6902 32003
6902 32003
6902 32003
6902 32003
6902 32003
6902 32003
6902 32003
6902 32003
6932 31996
6932 31996
6932 31996
6932 31996
6932 31996
6932 31996
6932 31996
6932 31996
6932 31996
6932 31996
6964 31989
6964 31989
6964 31989
6964 31989
6964 31989
6964 31989
6964 31989
6964 31989
6964 31989
6964 31989
6995 31982
6995 31982
6995 31982
6995 31982
6995 31982
6995 31982
6995 31982
6995 31982
6995 31982
6995 31982
7027 31975
7027 31975
7027 31975
7027 31975
7027 31975
7027 31975
7027 31975
7027 31975
7027 31975
7027 31975
7057 31968
7057 31968
7057 31968
7057 31968
7057 31968
7057 31968
7057 31968
7057 31968
7057 31968
7057 31968
7088 31961
7088 31961
7088 31961
7088 31961
7088 31961
7088 31961
7088 31961
7088 31961
7088 31961
7088 31961
7088 31961
7119 31954
7119 31954
7119 31954
7119 31954
7119 31954
7119 31954
7119 31954
7119 31954
7119 31954
7119 31954
7150 31947
7150 31947
7150 31947
7150 31947
7150 31947
7150 31947
7150 31947
7150 31947
7150 31947
7150 31947
7182 31940
7182 31940
7165 31944
7165 31944
7165 31944
7195 31937
7195 31937
7195 31937
7195 31937
7195 31937
7195 31937
7195 31937
7195 31937
7195 31937
7195 31937
7226 31930
7226 31930
7226 31930
7226 31930
7226 31930
7226 31930
7226 31930
7226 31930
7226 31930
7226 31930
7258 31923
7258 31923
7258 31923
7258 31923
7258 31923
7258 31923
7258 31923
7258 31923
7258 31923
7258 31923
7289 31916
7289 31916
7289 31916
7289 31916
7289 31916
7289 31916
7289 31916
7289 31916
7289 31916
7289 31916
7289 31916
7320 31909
7320 31909
7320 31909
7320 31909
7320 31909
7320 31909
7320 31909
7320 31909
7320 31909
7320 31909
7351 31902
7351 31902
7351 31902
7351 31902
7351 31902
7351 31902
7351 31902
7351 31902
7351 31902
7351 31902
7381 31895
7381 31895
7381 31895
7381 31895
7381 31895
7381 31895
7381 31895
7381 31895
7381 31895
7381 31895
7414 31888
7414 31888
7414 31888
7414 31888
7414 31888
7414 31888
7414 31888
7414 31888
7414 31888
7414 31888
7445 31881
7445 31881
7445 31881
7445 31881
7445 31881
7445 31881
7445 31881
7445 31881
7445 31881
7445 31881
7476 31873
7476 31873
7476 31873
7476 31873
7476 31873
7476 31873
7476 31873
7476 31873
7476 31873
7476 31873
7506 31866
7506 31866
7506 31866
7506 31866
7506 31866
7506 31866
7506 31866
7506 31866
7506 31866
7506 31866
7538 31859
7538 31859
7538 31859
7538 31859
7538 31859
7538 31859
7538 31859
7538 31859
7538 31859
7538 31859
7538 31859
7568 31852
7568 31852
7568 31852
7559 31844
7559 31844
7559 31844
7559 31844
7590 31837
7590 31837
7590 31837
7590 31837
7590 31837
7590 31837
7590 31837
7590 31837
7590 31837
7590 31837
7621 31829
7621 31829
7621 31829
7621 31829
7621 31829
7621 31829
7621 31829
7621 31829
7621 31829
7621 31829
7621 31829
7652 31821
7652 31821
7652 31821
7652 31821
7652 31821
7652 31821
7652 31821
7652 31821
7652 31821
7652 31821
7683 31815
7683 31815
7683 31815
7683 31815
7683 31815
7683 31815
7683 31815
7683 31815
7683 31815
7683 31815
7713 31807
7713 31807
7713 31807
7713 31807
7713 31807
7713 31807
7713 31807
7713 31807
7713 31807
7713 31807
7745 31799
7745 31799
7745 31799
7745 31799
7745 31799
7745 31799
7745 31799
7745 31799
7745 31799
7745 31799
7776 31791
7776 31791
7776 31791
7776 31791
7776 31791
7776 31791
7776 31791
7776 31791
7776 31791
7776 31791
7807 31783
7807 31783
7807 31783
7807 31783
7807 31783
7807 31783
7807 31783
7807 31783
7807 31783
7807 31783
7837 31776
7837 31776
7837 31776
7837 31776
7837 31776
7837 31776
7837 31776
7837 31776
7837 31776
7837 31776
7868 31768
7868 31768
7868 31768
7868 31768
7868 31768
7868 31768
7868 31768
7868 31768
7868 31768
7868 31768
7868 31768
7899 31760
7899 31760
7899 31760
7899 31760
7899 31760
7899 31760
7899 31760
7899 31760
7899 31760
7899 31760
7930 31753
7930 31753
7930 31753
7930 31753
7930 31753
7930 31753
7930 31753
7930 31753
7930 31753
7930 31753
7961 31745
7961 31745
7945 31749
7945 31749
7945 31749
7975 31741
7975 31741
7975 31741
7975 31741
7975 31741
7975 31741
7975 31741
7975 31741
7975 31741
7975 31741
8006 31734
8006 31734
8006 31734
8006 31734
8006 31734
8006 31734
8006 31734
8006 31734
8006 31734
8006 31734
8037 31726
8037 31726
8037 31726
8037 31726
8037 31726
8037 31726
8037 31726
8037 31726
8037 31726
8037 31726
8068 31718
8068 31718
8068 31718
8068 31718
8068 31718
8068 31718
8068 31718
8068 31718
8068 31718
8068 31718
8068 31718
8099 31710
8099 31710
8099 31710
8099 31710
8099 31710
8099 31710
8099 31710
8099 31710
8099 31710
8099 31710
8130 31703
8130 31703
8130 31703
8130 31703
8130 31703
8130 31703
8130 31703
8130 31703
8130 31703
8130 31703
8160 31695
8160 31695
8160 31695
8160 31695
8160 31695
8160 31695
8160 31695
8160 31695
8160 31695
8160 31695
8192 31687
8192 31687
8192 31687
8192 31687
8192 31687
8192 31687
8192 31687
8192 31687
8192 31687
8192 31687
8223 31679
8223 31679
8223 31679
8223 31679
8223 31679
8223 31679
8223 31679
8223 31679
8223 31679
8223 31679
8254 31671
8254 31671
8254 31671
8254 31671
8254 31671
8254 31671
8254 31671
8254 31671
8254 31671
8254 31671
8284 31663
8284 31663
8284 31663
8284 31663
8284 31663
8284 31663
8284 31663
8284 31663
8284 31663
8284 31663
8316 31655
8316 31655
8316 31655
8316 31655
8316 31655
8316 31655
8316 31655
8316 31655
8316 31655
8316 31655
8316 31655
8346 31648
8346 31648
8346 31648
8340 31657
8340 31657
8340 31657
8340 31657
8371 31650
8371 31650
8371 31650
8371 31650
8371 31650
8371 31650
8371 31650
8371 31650
8371 31650
8371 31650
8402 31641
8402 31641
8402 31641
8402 31641
8402 31641
8402 31641
8402 31641
8402 31641
8402 31641
8402 31641
8402 31641
8433 31633
8433 31633
8433 31633
8433 31633
8433 31633
8433 31633
8433 31633
8433 31633
8433 31633
8433 31633
8464 31625
8464 31625
8464 31625
8464 31625
8464 31625
8464 31625
8464 31625
8464 31625
8464 31625
8464 31625
8494 31617
8494 31617
8494 31617
8494 31617
8494 31617
8494 31617
8494 31617
8494 31617
8494 31617
8494 31617
8526 31608
8526 31608
8526 31608
8526 31608
8526 31608
8526 31608
8526 31608
8526 31608
8526 31608
8526 31608
8556 31600
8556 31600
8556 31600
8556 31600
8556 31600
8556 31600
8556 31600
8556 31600
8556 31600
8556 31600
8587 31591
8587 31591
8587 31591
8587 31591
8587 31591
8587 31591
8587 31591
8587 31591
8587 31591
8587 31591
8617 31583
8617 31583
8617 31583
8617 31583
8617 31583
8617 31583
8617 31583
8617 31583
8617 31583
8617 31583
8648 31574
8648 31574
8648 31574
8648 31574
8648 31574
8648 31574
8648 31574
8648 31574
8648 31574
8648 31574
8648 31574
8679 31566
8679 31566
8679 31566
8679 31566
8679 31566
8679 31566
8679 31566
8679 31566
8679 31566
8679 31566
8710 31557
8710 31557
8710 31557
8710 31557
8710 31557
8710 31557
8710 31557
8710 31557
8710 31557
8710 31557
8740 31549
8740 31549
8724 31553
8724 31553
8724 31553
8754 31545
8754 31545
8754 31545
8754 31545
8754 31545
8754 31545
8754 31545
8754 31545
8754 31545
8754 31545
8785 31536
8785 31536
8785 31536
8785 31536
8785 31536
8785 31536
8785 31536
8785 31536
8785 31536
8785 31536
8816 31528
8816 31528
8816 31528
8816 31528
8816 31528
8816 31528
8816 31528
8816 31528
8816 31528
8816 31528
8846 31519
8846 31519
8846 31519
8846 31519
8846 31519
8846 31519
8846 31519
8846 31519
8846 31519
8846 31519
8846 31519
8877 31511
8877 31511
8877 31511
8877 31511
8877 31511
8877 31511
8877 31511
8877 31511
8877 31511
8877 31511
8908 31502
8908 31502
8908 31502
8908 31502
8908 31502
8908 31502
8908 31502
8908 31502
8908 31502
8908 31502
8938 31494
8938 31494
8938 31494
8938 31494
8938 31494
8938 31494
8938 31494
8938 31494
8938 31494
8938 31494
8970 31485
8970 31485
8970 31485
8970 31485
8970 31485
8970 31485
8970 31485
8970 31485
8970 31485
8970 31485
9000 31477
9000 31477
9000 31477
9000 31477
9000 31477
9000 31477
9000 31477
9000 31477
9000 31477
9000 31477
9031 31467
9031 31467
9031 31467
9031 31467
9031 31467
9031 31467
9031 31467
9031 31467
9031 31467
9031 31467
9061 31459
9061 31459
9061 31459
9061 31459
9061 31459
9061 31459
9061 31459
9061 31459
9061 31459
9061 31459
9093 31450
9093 31450
9093 31450
9093 31450
9093 31450
9093 31450
9093 31450
9093 31450
9093 31450
9093 31450
9093 31450
9122 31442
9122 31442
9122 31442
9123 31472
9123 31472
9123 31472
9123 31472
9154 31464
9154 31464
9154 31464
9154 31464
9154 31464
9154 31464
9154 31464
9154 31464
9154 31464
9154 31464
9184 31454
9184 31454
9184 31454
9184 31454
9184 31454
9184 31454
9184 31454
9184 31454
9184 31454
9184 31454
9184 31454
9215 31445
9215 31445
9215 31445
9215 31445
9215 31445
9215 31445
9215 31445
9215 31445
9215 31445
9215 31445
9246 31437
9246 31437
9246 31437
9246 31437
9246 31437
9246 31437
9246 31437
9246 31437
9246 31437
9246 31437
9275 31428
9275 31428
9275 31428
9275 31428
9275 31428
9275 31428
9275 31428
9275 31428
9275 31428
9275 31428
9307 31418
9307 31418
9307 31418
9307 31418
9307 31418
9307 31418
9307 31418
9307 31418
9307 31418
9307 31418
9338 31409
9338 31409
9338 31409
9338 31409
9338 31409
9338 31409
9338 31409
9338 31409
9338 31409
9338 31409
9368 31400
9368 31400
9368 31400
9368 31400
9368 31400
9368 31400
9368 31400
9368 31400
9368 31400
9368 31400
9398 31391
9398 31391
9398 31391
9398 31391
9398 31391
9398 31391
9398 31391
9398 31391
9398 31391
9398 31391
9428 31381
9428 31381
9428 31381
9428 31381
9428 31381
9428 31381
9428 31381
9428 31381
9428 31381
9428 31381
9428 31381
9459 31372
9459 31372
9459 31372
9459 31372
9459 31372
9459 31372
9459 31372
9459 31372
9459 31372
9459 31372
9490 31363
9490 31363
9490 31363
9490 31363
9490 31363
9490 31363
9490 31363
9490 31363
9490 31363
9490 31363
9520 31353
9520 31353
9504 31358
9504 31358
9504 31358
9534 31349
9534 31349
9534 31349
9534 31349
9534 31349
9534 31349
9534 31349
9534 31349
9534 31349
9534 31349
9564 31340
9564 31340
9564 31340
9564 31340
9564 31340
9564 31340
9564 31340
9564 31340
9564 31340
9564 31340
9595 31331
9595 31331
9595 31331
9595 31331
9595 31331
9595 31331
9595 31331
9595 31331
9595 31331
9595 31331
9626 31321
9626 31321
9626 31321
9626 31321
9626 31321
9626 31321
9626 31321
9626 31321
9626 31321
9626 31321
9626 31321
9656 31312
9656 31312
9656 31312
9656 31312
9656 31312
9656 31312
9656 31312
9656 31312
9656 31312
9656 31312
9687 31303
9687 31303
9687 31303
9687 31303
9687 31303
9687 31303
9687 31303
9687 31303
9687 31303
9687 31303
9716 31294
9716 31294
9716 31294
9716 31294
9716 31294
9716 31294
9716 31294
9716 31294
9716 31294
9716 31294
9748 31284
9748 31284
9748 31284
9748 31284
9748 31284
9748 31284
9748 31284
9748 31284
9748 31284
9748 31284
9779 31275
9779 31275
9779 31275
9779 31275
9779 31275
9779 31275
9779 31275
9779 31275
9779 31275
9779 31275
9809 31265
9809 31265
9809 31265
9809 31265
9809 31265
9809 31265
9809 31265
9809 31265
9809 31265
9809 31265
9839 31256
9839 31256
9839 31256
9839 31256
9839 31256
9839 31256
9839 31256
9839 31256
9839 31256
9839 31256
9870 31246
9870 31246
9870 31246
9870 31246
9870 31246
9870 31246
9870 31246
9870 31246
9870 31246
9870 31246
9870 31246
9900 31237
9900 31237
9900 31237
9883 31210
9883 31210
9883 31210
9883 31210
9914 31201
9914 31201
9914 31201
9914 31201
9914 31201
9914 31201
9914 31201
9914 31201
9914 31201
9914 31201
9944 31191
9944 31191
9944 31191
9944 31191
9944 31191
9944 31191
9944 31191
9944 31191
9944 31191
9944 31191
9944 31191
9974 31181
9974 31181
9974 31181
9974 31181
9974 31181
9974 31181
9974 31181
9974 31181
9974 31181
9974 31181
10005 31172
10005 31172
10005 31172
10005 31172
10005 31172
10005 31172
10005 31172
10005 31172
10005 31172
10005 31172
10034 31162
10034 31162
10034 31162
10034 31162
10034 31162
10034 31162
10034 31162
10034 31162
10034 31162
10034 31162
10066 31152
10066 31152
10066 31152
10066 31152
10066 31152
10066 31152
10066 31152
10066 31152
10066 31152
10066 31152
10096 31142
10096 31142
10096 31142
10096 31142
10096 31142
10096 31142
10096 31142
10096 31142
10096 31142
10096 31142
10126 31132
10126 31132
10126 31132
10126 31132
10126 31132
10126 31132
10126 31132
10126 31132
10126 31132
10126 31132
10156 31122
10156 31122
10156 31122
10156 31122
10156 31122
10156 31122
10156 31122
10156 31122
10156 31122
10156 31122
10186 31112
10186 31112
10186 31112
10186 31112
10186 31112
10186 31112
10186 31112
10186 31112
10186 31112
10186 31112
10186 31112
10217 31102
10217 31102
10217 31102
10217 31102
10217 31102
10217 31102
10217 31102
10217 31102
10217 31102
10217 31102
10247 31092
10247 31092
10247 31092
10247 31092
10247 31092
10247 31092
10247 31092
10247 31092
10247 31092
10247 31092
10277 31082
10277 31082
10261 31088
10261 31088
10261 31088
10291 31078
10291 31078
10291 31078
10291 31078
10291 31078
10291 31078
10291 31078
10291 31078
10291 31078
10291 31078
10321 31068
10321 31068
10321 31068
10321 31068
10321 31068
10321 31068
10321 31068
10321 31068
10321 31068
10321 31068
10351 31058
10351 31058
10351 31058
10351 31058
10351 31058
10351 31058
10351 31058
10351 31058
10351 31058
10351 31058
10382 31048
10382 31048
10382 31048
10382 31048
10382 31048
10382 31048
10382 31048
10382 31048
10382 31048
10382 31048
10382 31048
10412 31038
10412 31038
10412 31038
10412 31038
10412 31038
10412 31038
10412 31038
10412 31038
10412 31038
10412 31038
10442 31028
10442 31028
10442 31028
10442 31028
10442 31028
10442 31028
10442 31028
10442 31028
10442 31028
10442 31028
10472 31018
10472 31018
10472 31018
10472 31018
10472 31018
10472 31018
10472 31018
10472 31018
10472 31018
10472 31018
10503 31008
10503 31008
10503 31008
10503 31008
10503 31008
10503 31008
10503 31008
10503 31008
10503 31008
10503 31008
10533 30998
10533 30998
10533 30998
10533 30998
10533 30998
10533 30998
10533 30998
10533 30998
10533 30998
10533 30998
10563 30987
10563 30987
10563 30987
10563 30987
10563 30987
10563 30987
10563 30987
10563 30987
10563 30987
10563 30987
10593 30977
10593 30977
10593 30977
10593 30977
10593 30977
10593 30977
10593 30977
10593 30977
10593 30977
10593 30977
10624 30967
10624 30967
10624 30967
10624 30967
10624 30967
10624 30967
10624 30967
10624 30967
10624 30967
10624 30967
10624 30967
10654 30957
10654 30957
10654 30957
10643 30950
10643 30950
10643 30950
10643 30950
10674 30940
10674 30940
10674 30940
10674 30940
10674 30940
10674 30940
10674 30940
10674 30940
10674 30940
10674 30940
10704 30929
10704 30929
10704 30929
10704 30929
10704 30929
10704 30929
10704 30929
10704 30929
10704 30929
10704 30929
10704 30929
10734 30918
10734 30918
10734 30918
10734 30918
10734 30918
10734 30918
10734 30918
10734 30918
10734 30918
10734 30918
10764 30909
10764 30909
10764 30909
10764 30909
10764 30909
10764 30909
10764 30909
10764 30909
10764 30909
10764 30909
10793 30898
10793 30898
10793 30898
10793 30898
10793 30898
10793 30898
10793 30898
10793 30898
10793 30898
10793 30898
10824 30887
10824 30887
10824 30887
10824 30887
10824 30887
10824 30887
10824 30887
10824 30887
10824 30887
10824 30887
10855 30876
10855 30876
10855 30876
10855 30876
10855 30876
10855 30876
10855 30876
10855 30876
10855 30876
10855 30876
10885 30866
10885 30866
10885 30866
10885 30866
10885 30866
10885 30866
10885 30866
10885 30866
10885 30866
10885 30866
10914 30855
10914 30855
10914 30855
10914 30855
10914 30855
10914 30855
10914 30855
10914 30855
10914 30855
10914 30855
10944 30844
10944 30844
10944 30844
10944 30844
10944 30844
10944 30844
10944 30844
10944 30844
10944 30844
10944 30844
10944 30844
10974 30834
10974 30834
10974 30834
10974 30834
10974 30834
10974 30834
10974 30834
10974 30834
10974 30834
10974 30834
11004 30823
11004 30823
11004 30823
11004 30823
11004 30823
11004 30823
11004 30823
11004 30823
11004 30823
11004 30823
11034 30812
11034 30812
11018 30818
11018 30818
11018 30818
11047 30807
11047 30807
11047 30807
11047 30807
11047 30807
11047 30807
11047 30807
11047 30807
11047 30807
11047 30807
11077 30797
11077 30797
11077 30797
11077 30797
11077 30797
11077 30797
11077 30797
11077 30797
11077 30797
11077 30797
11107 30786
11107 30786
11107 30786
11107 30786
11107 30786
11107 30786
11107 30786
11107 30786
11107 30786
11107 30786
11138 30775
11138 30775
11138 30775
11138 30775
11138 30775
11138 30775
11138 30775
11138 30775
11138 30775
11138 30775
11138 30775
11168 30764
11168 30764
11168 30764
11168 30764
11168 30764
11168 30764
11168 30764
11168 30764
11168 30764
11168 30764
11198 30753
11198 30753
11198 30753
11198 30753
11198 30753
11198 30753
11198 30753
11198 30753
11198 30753
11198 30753
11227 30743
11227 30743
11227 30743
11227 30743
11227 30743
11227 30743
11227 30743
11227 30743
11227 30743
11227 30743
11258 30732
11258 30732
11258 30732
11258 30732
11258 30732
11258 30732
11258 30732
11258 30732
11258 30732
11258 30732
11288 30721
11288 30721
11288 30721
11288 30721
11288 30721
11288 30721
11288 30721
11288 30721
11288 30721
11288 30721
11318 30709
11318 30709
11318 30709
11318 30709
11318 30709
11318 30709
11318 30709
11318 30709
11318 30709
11318 30709
11347 30699
11347 30699
11347 30699
11347 30699
11347 30699
11347 30699
11347 30699
11347 30699
11347 30699
11347 30699
11378 30688
11378 30688
11378 30688
11378 30688
11378 30688
11378 30688
11378 30688
11378 30688
11378 30688
11378 30688
11378 30688
11407 30678
11407 30678
11407 30678
11403 30688
11403 30688
11403 30688
11403 30688
11434 30678
11434 30678
11434 30678
11434 30678
11434 30678
11434 30678
11434 30678
11434 30678
11434 30678
11434 30678
11463 30666
11463 30666
11463 30666
11463 30666
11463 30666
11463 30666
11463 30666
11463 30666
11463 30666
11463 30666
11463 30666
11493 30655
11493 30655
11493 30655
11493 30655
11493 30655
11493 30655
11493 30655
11493 30655
11493 30655
11493 30655
11524 30644
11524 30644
11524 30644
11524 30644
11524 30644
11524 30644
11524 30644
11524 30644
11524 30644
11524 30644
11552 30633
11552 30633
11552 30633
11552 30633
11552 30633
11552 30633
11552 30633
11552 30633
11552 30633
11552 30633
11583 30621
11583 30621
11583 30621
11583 30621
11583 30621
11583 30621
11583 30621
11583 30621
11583 30621
11583 30621
11613 30610
11613 30610
11613 30610
11613 30610
11613 30610
11613 30610
11613 30610
11613 30610
11613 30610
11613 30610
11643 30598
11643 30598
11643 30598
11643 30598
11643 30598
11643 30598
11643 30598
11643 30598
11643 30598
11643 30598
11672 30587
11672 30587
11672 30587
11672 30587
11672 30587
11672 30587
11672 30587
11672 30587
11672 30587
11672 30587
11702 30575
11702 30575
11702 30575
11702 30575
11702 30575
11702 30575
11702 30575
11702 30575
11702 30575
11702 30575
11702 30575
11731 30564
11731 30564
11731 30564
11731 30564
11731 30564
11731 30564
11731 30564
11731 30564
11731 30564
11731 30564
11761 30552
11761 30552
11761 30552
11761 30552
11761 30552
11761 30552
11761 30552
11761 30552
11761 30552
11761 30552
11791 30541
11791 30541
11775 30547
11775 30547
11775 30547
11804 30536
11804 30536
11804 30536
11804 30536
11804 30536
11804 30536
11804 30536
11804 30536
11804 30536
11804 30536
11834 30524
11834 30524
11834 30524
11834 30524
11834 30524
11834 30524
11834 30524
11834 30524
11834 30524
11834 30524
11864 30513
11864 30513
11864 30513
11864 30513
11864 30513
11864 30513
11864 30513
11864 30513
11864 30513
11864 30513
11894 30501
11894 30501
11894 30501
11894 30501
11894 30501
11894 30501
11894 30501
11894 30501
11894 30501
11894 30501
11894 30501
11923 30490
11923 30490
11923 30490
11923 30490
11923 30490
11923 30490
11923 30490
11923 30490
11923 30490
11923 30490
11953 30478
11953 30478
11953 30478
11953 30478
11953 30478
11953 30478
11953 30478
11953 30478
11953 30478
11953 30478
11982 30467
11982 30467
11982 30467
11982 30467
11982 30467
11982 30467
11982 30467
11982 30467
11982 30467
11982 30467
12013 30455
12013 30455
12013 30455
12013 30455
12013 30455
12013 30455
12013 30455
12013 30455
12013 30455
12013 30455
12043 30444
12043 30444
12043 30444
12043 30444
12043 30444
12043 30444
12043 30444
12043 30444
12043 30444
12043 30444
12072 30431
12072 30431
12072 30431
12072 30431
12072 30431
12072 30431
12072 30431
12072 30431
12072 30431
12072 30431
12101 30420
12101 30420
12101 30420
12101 30420
12101 30420
12101 30420
12101 30420
12101 30420
12101 30420
12101 30420
12132 30408
12132 30408
12132 30408
12132 30408
12132 30408
12132 30408
12132 30408
12132 30408
12132 30408
12132 30408
12132 30408
12161 30397
12161 30397
12161 30397
12164 30427
12164 30427
12164 30427
12164 30427
12194 30415
12194 30415
12194 30415
12194 30415
12194 30415
12194 30415
12194 30415
12194 30415
12194 30415
12194 30415
12223 30403
12223 30403
12223 30403
12223 30403
12223 30403
12223 30403
12223 30403
12223 30403
12223 30403
12223 30403
12223 30403
12253 30391
12253 30391
12253 30391
12253 30391
12253 30391
12253 30391
12253 30391
12253 30391
12253 30391
12253 30391
12283 30379
12283 30379
12283 30379
12283 30379
12283 30379
12283 30379
12283 30379
12283 30379
12283 30379
12283 30379
12311 30368
12311 30368
12311 30368
12311 30368
12311 30368
12311 30368
12311 30368
12311 30368
12311 30368
12311 30368
12342 30355
12342 30355
12342 30355
12342 30355
12342 30355
12342 30355
12342 30355
12342 30355
12342 30355
12342 30355
12371 30343
12371 30343
12371 30343
12371 30343
12371 30343
12371 30343
12371 30343
12371 30343
12371 30343
12371 30343
12401 30330
12401 30330
12401 30330
12401 30330
12401 30330
12401 30330
12401 30330
12401 30330
12401 30330
12401 30330
12430 30319
12430 30319
12430 30319
12430 30319
12430 30319
12430 30319
12430 30319
12430 30319
12430 30319
12430 30319
12459 30306
12459 30306
12459 30306
12459 30306
12459 30306
12459 30306
12459 30306
12459 30306
12459 30306
12459 30306
12459 30306
12489 30294
12489 30294
12489 30294
12489 30294
12489 30294
12489 30294
12489 30294
12489 30294
12489 30294
12489 30294
12518 30282
12518 30282
12518 30282
12518 30282
12518 30282
12518 30282
12518 30282
12518 30282
12518 30282
12518 30282
12548 30270
12548 30270
12532 30276
12532 30276
12532 30276
12561 30264
12561 30264
12561 30264
12561 30264
12561 30264
12561 30264
12561 30264
12561 30264
12561 30264
12561 30264
12590 30252
12590 30252
12590 30252
12590 30252
12590 30252
12590 30252
12590 30252
12590 30252
12590 30252
12590 30252
12620 30240
12620 30240
12620 30240
12620 30240
12620 30240
12620 30240
12620 30240
12620 30240
12620 30240
12620 30240
12650 30228
12650 30228
12650 30228
12650 30228
12650 30228
12650 30228
12650 30228
12650 30228
12650 30228
12650 30228
12650 30228
12679 30215
12679 30215
12679 30215
12679 30215
12679 30215
12679 30215
12679 30215
12679 30215
12679 30215
12679 30215
12709 30203
12709 30203
12709 30203
12709 30203
12709 30203
12709 30203
12709 30203
12709 30203
12709 30203
12709 30203
12737 30191
12737 30191
12737 30191
12737 30191
12737 30191
12737 30191
12737 30191
12737 30191
12737 30191
12737 30191
12768 30179
12768 30179
12768 30179
12768 30179
12768 30179
12768 30179
12768 30179
12768 30179
12768 30179
12768 30179
12797 30166
12797 30166
12797 30166
12797 30166
12797 30166
12797 30166
12797 30166
12797 30166
12797 30166
12797 30166
12827 30153
12827 30153
12827 30153
12827 30153
12827 30153
12827 30153
12827 30153
12827 30153
12827 30153
12827 30153
12855 30141
12855 30141
12855 30141
12855 30141
12855 30141
12855 30141
12855 30141
12855 30141
12855 30141
12855 30141
12886 30129
12886 30129
12886 30129
12886 30129
12886 30129
12886 30129
12886 30129
12886 30129
12886 30129
12886 30129
12886 30129
12914 30117
12914 30117
12914 30117
12895 30092
12895 30092
12895 30092
12895 30092
12925 30080
12925 30080
12925 30080
12925 30080
12925 30080
12925 30080
12925 30080
12925 30080
12925 30080
12925 30080
12954 30067
12954 30067
12954 30067
12954 30067
12954 30067
12954 30067
12954 30067
12954 30067
12954 30067
12954 30067
12954 30067
12983 30054
12983 30054
12983 30054
12983 30054
12983 30054
12983 30054
12983 30054
12983 30054
12983 30054
12983 30054
13013 30042
13013 30042
13013 30042
13013 30042
13013 30042
13013 30042
13013 30042
13013 30042
13013 30042
13013 30042
13041 30029
13041 30029
13041 30029
13041 30029
13041 30029
13041 30029
13041 30029
13041 30029
13041 30029
13041 30029
13071 30016
13071 30016
13071 30016
13071 30016
13071 30016
13071 30016
13071 30016
13071 30016
13071 30016
13071 30016
13100 30003
13100 30003
13100 30003
13100 30003
13100 30003
13100 30003
13100 30003
13100 30003
13100 30003
13100 30003
13130 29990
13130 29990
13130 29990
13130 29990
13130 29990
13130 29990
13130 29990
13130 29990
13130 29990
13130 29990
13158 29977
13158 29977
13158 29977
13158 29977
13158 29977
13158 29977
13158 29977
13158 29977
13158 29977
13158 29977
13187 29964
13187 29964
13187 29964
13187 29964
13187 29964
13187 29964
13187 29964
13187 29964
13187 29964
13187 29964
13187 29964
13216 29951
13216 29951
13216 29951
13216 29951
13216 29951
13216 29951
13216 29951
13216 29951
13216 29951
13216 29951
13246 29938
13246 29938
13246 29938
13246 29938
13246 29938
13246 29938
13246 29938
13246 29938
13246 29938
13246 29938
13275 29925
13275 29925
13259 29932
13259 29932
13259 29932
13288 29920
13288 29920
13288 29920
13288 29920
13288 29920
13288 29920
13288 29920
13288 29920
13288 29920
13288 29920
13317 29907
13317 29907
13317 29907
13317 29907
13317 29907
13317 29907
13317 29907
13317 29907
13317 29907
13317 29907
13346 29894
13346 29894
13346 29894
13346 29894
13346 29894
13346 29894
13346 29894
13346 29894
13346 29894
13346 29894
13375 29881
13375 29881
13375 29881
13375 29881
13375 29881
13375 29881
13375 29881
13375 29881
13375 29881
13375 29881
13375 29881
13405 29868
13405 29868
13405 29868
13405 29868
13405 29868
13405 29868
13405 29868
13405 29868
13405 29868
13405 29868
13434 29855
13434 29855
13434 29855
13434 29855
13434 29855
13434 29855
13434 29855
13434 29855
13434 29855
13434 29855
13462 29842
13462 29842
13462 29842
13462 29842
13462 29842
13462 29842
13462 29842
13462 29842
13462 29842
13462 29842
13492 29829
13492 29829
13492 29829
13492 29829
13492 29829
13492 29829
13492 29829
13492 29829
13492 29829
13492 29829
13521 29816
13521 29816
13521 29816
13521 29816
13521 29816
13521 29816
13521 29816
13521 29816
13521 29816
13521 29816
13550 29802
13550 29802
13550 29802
13550 29802
13550 29802
13550 29802
13550 29802
13550 29802
13550 29802
13550 29802
13579 29790
13579 29790
13579 29790
13579 29790
13579 29790
13579 29790
13579 29790
13579 29790
13579 29790
13579 29790
13609 29776
13609 29776
13609 29776
13609 29776
13609 29776
13609 29776
13609 29776
13609 29776
13609 29776
13609 29776
13609 29776
13637 29764
13637 29764
13637 29764
13626 29758
13626 29758
13626 29758
13626 29758
13655 29745
13655 29745
13655 29745
13655 29745
13655 29745
13655 29745
13655 29745
13655 29745
13655 29745
13655 29745
13684 29731
13684 29731
13684 29731
13684 29731
13684 29731
13684 29731
13684 29731
13684 29731
13684 29731
13684 29731
13684 29731
13713 29718
13713 29718
13713 29718
13713 29718
13713 29718
13713 29718
13713 29718
13713 29718
13713 29718
13713 29718
13743 29705
13743 29705
13743 29705
13743 29705
13743 29705
13743 29705
13743 29705
13743 29705
13743 29705
13743 29705
13771 29692
13771 29692
13771 29692
13771 29692
13771 29692
13771 29692
13771 29692
13771 29692
13771 29692
13771 29692
13800 29677
13800 29677
13800 29677
13800 29677
13800 29677
13800 29677
13800 29677
13800 29677
13800 29677
13800 29677
13829 29664
13829 29664
13829 29664
13829 29664
13829 29664
13829 29664
13829 29664
13829 29664
13829 29664
13829 29664
13858 29650
13858 29650
13858 29650
13858 29650
13858 29650
13858 29650
13858 29650
13858 29650
13858 29650
13858 29650
13886 29637
13886 29637
13886 29637
13886 29637
13886 29637
13886 29637
13886 29637
13886 29637
13886 29637
13886 29637
13915 29623
13915 29623
13915 29623
13915 29623
13915 29623
13915 29623
13915 29623
13915 29623
13915 29623
13915 29623
13915 29623
13944 29610
13944 29610
13944 29610
13944 29610
13944 29610
13944 29610
13944 29610
13944 29610
13944 29610
13944 29610
13973 29596
13973 29596
13973 29596
13973 29596
13973 29596
13973 29596
13973 29596
13973 29596
13973 29596
13973 29596
14002 29582
14002 29582
13986 29590
13986 29590
13986 29590
14014 29576
14014 29576
14014 29576
14014 29576
14014 29576
14014 29576
14014 29576
14014 29576
14014 29576
14014 29576
14043 29563
14043 29563
14043 29563
14043 29563
14043 29563
14043 29563
14043 29563
14043 29563
14043 29563
14043 29563
14072 29549
14072 29549
14072 29549
14072 29549
14072 29549
14072 29549
14072 29549
14072 29549
14072 29549
14072 29549
14101 29535
14101 29535
14101 29535
14101 29535
14101 29535
14101 29535
14101 29535
14101 29535
14101 29535
14101 29535
14101 29535
14130 29522
14130 29522
14130 29522
14130 29522
14130 29522
14130 29522
14130 29522
14130 29522
14130 29522
14130 29522
14159 29508
14159 29508
14159 29508
14159 29508
14159 29508
14159 29508
14159 29508
14159 29508
14159 29508
14159 29508
14187 29495
14187 29495
14187 29495
14187 29495
14187 29495
14187 29495
14187 29495
14187 29495
14187 29495
14187 29495
14217 29481
14217 29481
14217 29481
14217 29481
14217 29481
14217 29481
14217 29481
14217 29481
14217 29481
14217 29481
14245 29467
14245 29467
14245 29467
14245 29467
14245 29467
14245 29467
14245 29467
14245 29467
14245 29467
14245 29467
14274 29452
14274 29452
14274 29452
14274 29452
14274 29452
14274 29452
14274 29452
14274 29452
14274 29452
14274 29452
14302 29439
14302 29439
14302 29439
14302 29439
14302 29439
14302 29439
14302 29439
14302 29439
14302 29439
14302 29439
14332 29425
14332 29425
14332 29425
14332 29425
14332 29425
14332 29425
14332 29425
14332 29425
14332 29425
14332 29425
14332 29425
14360 29412
14360 29412
14360 29412
14356 29423
14356 29423
14356 29423
14356 29423
14385 29409
14385 29409
14385 29409
14385 29409
14385 29409
14385 29409
14385 29409
14385 29409
14385 29409
14385 29409
14414 29395
14414 29395
14414 29395
14414 29395
14414 29395
14414 29395
14414 29395
14414 29395
14414 29395
14414 29395
14414 29395
14442 29380
14442 29380
14442 29380
14442 29380
14442 29380
14442 29380
14442 29380
14442 29380
14442 29380
14442 29380
14471 29367
14471 29367
14471 29367
14471 29367
14471 29367
14471 29367
14471 29367
14471 29367
14471 29367
14471 29367
14499 29353
14499 29353
14499 29353
14499 29353
14499 29353
14499 29353
14499 29353
14499 29353
14499 29353
14499 29353
14529 29338
14529 29338
14529 29338
14529 29338
14529 29338
14529 29338
14529 29338
14529 29338
14529 29338
14529 29338
14557 29324
14557 29324
14557 29324
14557 29324
14557 29324
14557 29324
14557 29324
14557 29324
14557 29324
14557 29324
14586 29309
14586 29309
14586 29309
14586 29309
14586 29309
14586 29309
14586 29309
14586 29309
14586 29309
14586 29309
14613 29296
14613 29296
14613 29296
14613 29296
14613 29296
14613 29296
14613 29296
14613 29296
14613 29296
14613 29296
14642 29281
14642 29281
14642 29281
14642 29281
14642 29281
14642 29281
14642 29281
14642 29281
14642 29281
14642 29281
14642 29281
14670 29267
14670 29267
14670 29267
14670 29267
14670 29267
14670 29267
14670 29267
14670 29267
14670 29267
14670 29267
14699 29252
14699 29252
14699 29252
14699 29252
14699 29252
14699 29252
14699 29252
14699 29252
14699 29252
14699 29252
14728 29238
14728 29238
14712 29246
14712 29246
14712 29246
14740 29232
14740 29232
14740 29232
14740 29232
14740 29232
14740 29232
14740 29232
14740 29232
14740 29232
14740 29232
14769 29217
14769 29217
14769 29217
14769 29217
14769 29217
14769 29217
14769 29217
14769 29217
14769 29217
14769 29217
14797 29203
14797 29203
14797 29203
14797 29203
14797 29203
14797 29203
14797 29203
14797 29203
14797 29203
14797 29203
14826 29189
14826 29189
14826 29189
14826 29189
14826 29189
14826 29189
14826 29189
14826 29189
14826 29189
14826 29189
14826 29189
14854 29174
14854 29174
14854 29174
14854 29174
14854 29174
14854 29174
14854 29174
14854 29174
14854 29174
14854 29174
14883 29160
14883 29160
14883 29160
14883 29160
14883 29160
14883 29160
14883 29160
14883 29160
14883 29160
14883 29160
14911 29146
14911 29146
14911 29146
14911 29146
14911 29146
14911 29146
14911 29146
14911 29146
14911 29146
14911 29146
14940 29131
14940 29131
14940 29131
14940 29131
14940 29131
14940 29131
14940 29131
14940 29131
14940 29131
14940 29131
14969 29117
14969 29117
14969 29117
14969 29117
14969 29117
14969 29117
14969 29117
14969 29117
14969 29117
14969 29117
14997 29102
14997 29102
14997 29102
14997 29102
14997 29102
14997 29102
14997 29102
14997 29102
14997 29102
14997 29102
15024 29088
15024 29088
15024 29088
15024 29088
15024 29088
15024 29088
15024 29088
15024 29088
15024 29088
15024 29088
15054 29073
15054 29073
15054 29073
15054 29073
15054 29073
15054 29073
15054 29073
15054 29073
15054 29073
15054 29073
15054 29073
15081 29059
15081 29059
15081 29059
15088 29088
15088 29088
15088 29088
15088 29088
15116 29074
15116 29074
15116 29074
15116 29074
15116 29074
15116 29074
15116 29074
15116 29074
15116 29074
15116 29074
15144 29058
15144 29058
15144 29058
15144 29058
15144 29058
15144 29058
15144 29058
15144 29058
15144 29058
15144 29058
15144 29058
15173 29043
15173 29043
15173 29043
15173 29043
15173 29043
15173 29043
15173 29043
15173 29043
15173 29043
15173 29043
15201 29029
15201 29029
15201 29029
15201 29029
15201 29029
15201 29029
15201 29029
15201 29029
15201 29029
15201 29029
15229 29015
15229 29015
15229 29015
15229 29015
15229 29015
15229 29015
15229 29015
15229 29015
15229 29015
15229 29015
15258 28999
15258 28999
15258 28999
15258 28999
15258 28999
15258 28999
15258 28999
15258 28999
15258 28999
15258 28999
15286 28984
15286 28984
15286 28984
15286 28984
15286 28984
15286 28984
15286 28984
15286 28984
15286 28984
15286 28984
15314 28969
15314 28969
15314 28969
15314 28969
15314 28969
15314 28969
15314 28969
15314 28969
15314 28969
15314 28969
15342 28954
15342 28954
15342 28954
15342 28954
15342 28954
15342 28954
15342 28954
15342 28954
15342 28954
15342 28954
15370 28939
15370 28939
15370 28939
15370 28939
15370 28939
15370 28939
15370 28939
15370 28939
15370 28939
15370 28939
15370 28939
15398 28924
15398 28924
15398 28924
15398 28924
15398 28924
15398 28924
15398 28924
15398 28924
15398 28924
15398 28924
15426 28909
15426 28909
15426 28909
15426 28909
15426 28909
15426 28909
15426 28909
15426 28909
15426 28909
15426 28909
15454 28894
15454 28894
15439 28902
15439 28902
15439 28902
15467 28887
15467 28887
15467 28887
15467 28887
15467 28887
15467 28887
15467 28887
15467 28887
15467 28887
15467 28887
15495 28872
15495 28872
15495 28872
15495 28872
15495 28872
15495 28872
15495 28872
15495 28872
15495 28872
15495 28872
15523 28857
15523 28857
15523 28857
15523 28857
15523 28857
15523 28857
15523 28857
15523 28857
15523 28857
15523 28857
15551 28842
15551 28842
15551 28842
15551 28842
15551 28842
15551 28842
15551 28842
15551 28842
15551 28842
15551 28842
15551 28842
15580 28827
15580 28827
15580 28827
15580 28827
15580 28827
15580 28827
15580 28827
15580 28827
15580 28827
15580 28827
15608 28812
15608 28812
15608 28812
15608 28812
15608 28812
15608 28812
15608 28812
15608 28812
15608 28812
15608 28812
15635 28797
15635 28797
15635 28797
15635 28797
15635 28797
15635 28797
15635 28797
15635 28797
15635 28797
15635 28797
15664 28782
15664 28782
15664 28782
15664 28782
15664 28782
15664 28782
15664 28782
15664 28782
15664 28782
15664 28782
15693 28767
15693 28767
15693 28767
15693 28767
15693 28767
15693 28767
15693 28767
15693 28767
15693 28767
15693 28767
15720 28751
15720 28751
15720 28751
15720 28751
15720 28751
15720 28751
15720 28751
15720 28751
15720 28751
15720 28751
15748 28736
15748 28736
15748 28736
15748 28736
15748 28736
15748 28736
15748 28736
15748 28736
15748 28736
15748 28736
15777 28720
15777 28720
15777 28720
15777 28720
15777 28720
15777 28720
15777 28720
15777 28720
15777 28720
15777 28720
15777 28720
15804 28706
15804 28706
15804 28706
15783 28683
15783 28683
15783 28683
15783 28683
15811 28668
15811 28668
15811 28668
15811 28668
15811 28668
15811 28668
15811 28668
15811 28668
15811 28668
15811 28668
15839 28653
15839 28653
15839 28653
15839 28653
15839 28653
15839 28653
15839 28653
15839 28653
15839 28653
15839 28653
15839 28653
15867 28637
15867 28637
15867 28637
15867 28637
15867 28637
15867 28637
15867 28637
15867 28637
15867 28637
15867 28637
15895 28622
15895 28622
15895 28622
15895 28622
15895 28622
15895 28622
15895 28622
15895 28622
15895 28622
15895 28622
15922 28607
15922 28607
15922 28607
15922 28607
15922 28607
15922 28607
15922 28607
15922 28607
15922 28607
15922 28607
15950 28591
15950 28591
15950 28591
15950 28591
15950 28591
15950 28591
15950 28591
15950 28591
15950 28591
15950 28591
15978 28575
15978 28575
15978 28575
15978 28575
15978 28575
15978 28575
15978 28575
15978 28575
15978 28575
15978 28575
16006 28559
16006 28559
16006 28559
16006 28559
16006 28559
16006 28559
16006 28559
16006 28559
16006 28559
16006 28559
16033 28544
16033 28544
16033 28544
16033 28544
16033 28544
16033 28544
16033 28544
16033 28544
16033 28544
16033 28544
16061 28528
16061 28528
16061 28528
16061 28528
16061 28528
16061 28528
16061 28528
16061 28528
16061 28528
16061 28528
16061 28528
16089 28512
16089 28512
16089 28512
16089 28512
16089 28512
16089 28512
16089 28512
16089 28512
16089 28512
16089 28512
16117 28496
16117 28496
16117 28496
16117 28496
16117 28496
16117 28496
16117 28496
16117 28496
16117 28496
16117 28496
16144 28481
16144 28481
16130 28489
16130 28489
16130 28489
16157 28474
16157 28474
16157 28474
16157 28474
16157 28474
16157 28474
16157 28474
16157 28474
16157 28474
16157 28474
16184 28458
16184 28458
16184 28458
16184 28458
16184 28458
16184 28458
16184 28458
16184 28458
16184 28458
16184 28458
16212 28442
16212 28442
16212 28442
16212 28442
16212 28442
16212 28442
16212 28442
16212 28442
16212 28442
16212 28442
16240 28427
16240 28427
16240 28427
16240 28427
16240 28427
16240 28427
16240 28427
16240 28427
16240 28427
16240 28427
16240 28427
16268 28411
16268 28411
16268 28411
16268 28411
16268 28411
16268 28411
16268 28411
16268 28411
16268 28411
16268 28411
16296 28395
16296 28395
16296 28395
16296 28395
16296 28395
16296 28395
16296 28395
16296 28395
16296 28395
16296 28395
16323 28380
16323 28380
16323 28380
16323 28380
16323 28380
16323 28380
16323 28380
16323 28380
16323 28380
16323 28380
16351 28363
16351 28363
16351 28363
16351 28363
16351 28363
16351 28363
16351 28363
16351 28363
16351 28363
16351 28363
16379 28348
16379 28348
16379 28348
16379 28348
16379 28348
16379 28348
16379 28348
16379 28348
16379 28348
16379 28348
16406 28331
16406 28331
16406 28331
16406 28331
16406 28331
16406 28331
16406 28331
16406 28331
16406 28331
16406 28331
16433 28316
16433 28316
16433 28316
16433 28316
16433 28316
16433 28316
16433 28316
16433 28316
16433 28316
16433 28316
16462 28300
16462 28300
16462 28300
16462 28300
16462 28300
16462 28300
16462 28300
16462 28300
16462 28300
16462 28300
16462 28300
16489 28284
16489 28284
16489 28284
16477 28279
16477 28279
16477 28279
16477 28279
16505 28263
16505 28263
16505 28263
16505 28263
16505 28263
16505 28263
16505 28263
16505 28263
16505 28263
16505 28263
16532 28247
16532 28247
16532 28247
16532 28247
16532 28247
16532 28247
16532 28247
16532 28247
16532 28247
16532 28247
16532 28247
16559 28230
16559 28230
16559 28230
16559 28230
16559 28230
16559 28230
16559 28230
16559 28230
16559 28230
16559 28230
16587 28215
16587 28215
16587 28215
16587 28215
16587 28215
16587 28215
16587 28215
16587 28215
16587 28215
16587 28215
16614 28199
16614 28199
16614 28199
16614 28199
16614 28199
16614 28199
16614 28199
16614 28199
16614 28199
16614 28199
16642 28182
16642 28182
16642 28182
16642 28182
16642 28182
16642 28182
16642 28182
16642 28182
16642 28182
16642 28182
16670 28166
16670 28166
16670 28166
16670 28166
16670 28166
16670 28166
16670 28166
16670 28166
16670 28166
16670 28166
16697 28149
16697 28149
16697 28149
16697 28149
16697 28149
16697 28149
16697 28149
16697 28149
16697 28149
16697 28149
16724 28133
16724 28133
16724 28133
16724 28133
16724 28133
16724 28133
16724 28133
16724 28133
16724 28133
16724 28133
16751 28117
16751 28117
16751 28117
16751 28117
16751 28117
16751 28117
16751 28117
16751 28117
16751 28117
16751 28117
16751 28117
16778 28100
16778 28100
16778 28100
16778 28100
16778 28100
16778 28100
16778 28100
16778 28100
16778 28100
16778 28100
16806 28084
16806 28084
16806 28084
16806 28084
16806 28084
16806 28084
16806 28084
16806 28084
16806 28084
16806 28084
16833 28068
16833 28068
16819 28076
16819 28076
16819 28076
16845 28060
16845 28060
16845 28060
16845 28060
16845 28060
16845 28060
16845 28060
16845 28060
16845 28060
16845 28060
16873 28044
16873 28044
16873 28044
16873 28044
16873 28044
16873 28044
16873 28044
16873 28044
16873 28044
16873 28044
16900 28027
16900 28027
16900 28027
16900 28027
16900 28027
16900 28027
16900 28027
16900 28027
16900 28027
16900 28027
16927 28011
16927 28011
16927 28011
16927 28011
16927 28011
16927 28011
16927 28011
16927 28011
16927 28011
16927 28011
16927 28011
16955 27995
16955 27995
16955 27995
16955 27995
16955 27995
16955 27995
16955 27995
16955 27995
16955 27995
16955 27995
16982 27978
16982 27978
16982 27978
16982 27978
16982 27978
16982 27978
16982 27978
16982 27978
16982 27978
16982 27978
17009 27962
17009 27962
17009 27962
17009 27962
17009 27962
17009 27962
17009 27962
17009 27962
17009 27962
17009 27962
17037 27945
17037 27945
17037 27945
17037 27945
17037 27945
17037 27945
17037 27945
17037 27945
17037 27945
17037 27945
17065 27929
17065 27929
17065 27929
17065 27929
17065 27929
17065 27929
17065 27929
17065 27929
17065 27929
17065 27929
17091 27912
17091 27912
17091 27912
17091 27912
17091 27912
17091 27912
17091 27912
17091 27912
17091 27912
17091 27912
17118 27896
17118 27896
17118 27896
17118 27896
17118 27896
17118 27896
17118 27896
17118 27896
17118 27896
17118 27896
17146 27879
17146 27879
17146 27879
17146 27879
17146 27879
17146 27879
17146 27879
17146 27879
17146 27879
17146 27879
17146 27879
17173 27863
17173 27863
17173 27863
17172 27873
17172 27873
17172 27873
17172 27873
17199 27857
17199 27857
17199 27857
17199 27857
17199 27857
17199 27857
17199 27857
17199 27857
17199 27857
17199 27857
17226 27840
17226 27840
17226 27840
17226 27840
17226 27840
17226 27840
17226 27840
17226 27840
17226 27840
17226 27840
17226 27840
17253 27823
17253 27823
17253 27823
17253 27823
17253 27823
17253 27823
17253 27823
17253 27823
17253 27823
17253 27823
17281 27807
17281 27807
17281 27807
17281 27807
17281 27807
17281 27807
17281 27807
17281 27807
17281 27807
17281 27807
17307 27790
17307 27790
17307 27790
17307 27790
17307 27790
17307 27790
17307 27790
17307 27790
17307 27790
17307 27790
17335 27773
17335 27773
17335 27773
17335 27773
17335 27773
17335 27773
17335 27773
17335 27773
17335 27773
17335 27773
17362 27755
17362 27755
17362 27755
17362 27755
17362 27755
17362 27755
17362 27755
17362 27755
17362 27755
17362 27755
17389 27738
17389 27738
17389 27738
17389 27738
17389 27738
17389 27738
17389 27738
17389 27738
17389 27738
17389 27738
17415 27722
17415 27722
17415 27722
17415 27722
17415 27722
17415 27722
17415 27722
17415 27722
17415 27722
17415 27722
17442 27705
17442 27705
17442 27705
17442 27705
17442 27705
17442 27705
17442 27705
17442 27705
17442 27705
17442 27705
17442 27705
17469 27688
17469 27688
17469 27688
17469 27688
17469 27688
17469 27688
17469 27688
17469 27688
17469 27688
17469 27688
17496 27670
17496 27670
17496 27670
17496 27670
17496 27670
17496 27670
17496 27670
17496 27670
17496 27670
17496 27670
17523 27653
17523 27653
17509 27662
17509 27662
17509 27662
17535 27646
17535 27646
17535 27646
17535 27646
17535 27646
17535 27646
17535 27646
17535 27646
17535 27646
17535 27646
17562 27629
17562 27629
17562 27629
17562 27629
17562 27629
17562 27629
17562 27629
17562 27629
17562 27629
17562 27629
17589 27612
17589 27612
17589 27612
17589 27612
17589 27612
17589 27612
17589 27612
17589 27612
17589 27612
17589 27612
17616 27595
17616 27595
17616 27595
17616 27595
17616 27595
17616 27595
17616 27595
17616 27595
17616 27595
17616 27595
17616 27595
17643 27577
17643 27577
17643 27577
17643 27577
17643 27577
17643 27577
17643 27577
17643 27577
17643 27577
17643 27577
17670 27560
17670 27560
17670 27560
17670 27560
17670 27560
17670 27560
17670 27560
17670 27560
17670 27560
17670 27560
17696 27544
17696 27544
17696 27544
17696 27544
17696 27544
17696 27544
17696 27544
17696 27544
17696 27544
17696 27544
17724 27526
17724 27526
17724 27526
17724 27526
17724 27526
17724 27526
17724 27526
17724 27526
17724 27526
17724 27526
17751 27509
17751 27509
17751 27509
17751 27509
17751 27509
17751 27509
17751 27509
17751 27509
17751 27509
17751 27509
17777 27491
17777 27491
17777 27491
17777 27491
17777 27491
17777 27491
17777 27491
17777 27491
17777 27491
17777 27491
17804 27474
17804 27474
17804 27474
17804 27474
17804 27474
17804 27474
17804 27474
17804 27474
17804 27474
17804 27474
17831 27457
17831 27457
17831 27457
17831 27457
17831 27457
17831 27457
17831 27457
17831 27457
17831 27457
17831 27457
17831 27457
17858 27440
17858 27440
17858 27440
17866 27469
17866 27469
17866 27469
17866 27469
17893 27452
17893 27452
17893 27452
17893 27452
17893 27452
17893 27452
17893 27452
17893 27452
17893 27452
17893 27452
17920 27434
17920 27434
17920 27434
17920 27434
17920 27434
17920 27434
17920 27434
17920 27434
17920 27434
17920 27434
17920 27434
17946 27417
17946 27417
17946 27417
17946 27417
17946 27417
17946 27417
17946 27417
17946 27417
17946 27417
17946 27417
17973 27400
17973 27400
17973 27400
17973 27400
17973 27400
17973 27400
17973 27400
17973 27400
17973 27400
17973 27400
17999 27382
17999 27382
17999 27382
17999 27382
17999 27382
17999 27382
17999 27382
17999 27382
17999 27382
17999 27382
18027 27364
18027 27364
18027 27364
18027 27364
18027 27364
18027 27364
18027 27364
18027 27364
18027 27364
18027 27364
18053 27346
18053 27346
18053 27346
18053 27346
18053 27346
18053 27346
18053 27346
18053 27346
18053 27346
18053 27346
18080 27329
18080 27329
18080 27329
18080 27329
18080 27329
18080 27329
18080 27329
18080 27329
18080 27329
18080 27329
18105 27311
18105 27311
18105 27311
18105 27311
18105 27311
18105 27311
18105 27311
18105 27311
18105 27311
18105 27311
18132 27294
18132 27294
18132 27294
18132 27294
18132 27294
18132 27294
18132 27294
18132 27294
18132 27294
18132 27294
18132 27294
18159 27276
18159 27276
18159 27276
18159 27276
18159 27276
18159 27276
18159 27276
18159 27276
18159 27276
18159 27276
18185 27258
18185 27258
18185 27258
18185 27258
18185 27258
18185 27258
18185 27258
18185 27258
18185 27258
18185 27258
18212 27240
18212 27240
18198 27250
18198 27250
18198 27250
18224 27232
18224 27232
18224 27232
18224 27232
18224 27232
18224 27232
18224 27232
18224 27232
18224 27232
18224 27232
18250 27215
18250 27215
18250 27215
18250 27215
18250 27215
18250 27215
18250 27215
18250 27215
18250 27215
18250 27215
18277 27197
18277 27197
18277 27197
18277 27197
18277 27197
18277 27197
18277 27197
18277 27197
18277 27197
18277 27197
18303 27179
18303 27179
18303 27179
18303 27179
18303 27179
18303 27179
18303 27179
18303 27179
18303 27179
18303 27179
18303 27179
18330 27161
18330 27161
18330 27161
18330 27161
18330 27161
18330 27161
18330 27161
18330 27161
18330 27161
18330 27161
18357 27143
18357 27143
18357 27143
18357 27143
18357 27143
18357 27143
18357 27143
18357 27143
18357 27143
18357 27143
18382 27126
18382 27126
18382 27126
18382 27126
18382 27126
18382 27126
18382 27126
18382 27126
18382 27126
18382 27126
18410 27108
18410 27108
18410 27108
18410 27108
18410 27108
18410 27108
18410 27108
18410 27108
18410 27108
18410 27108
18436 27090
18436 27090
18436 27090
18436 27090
18436 27090
18436 27090
18436 27090
18436 27090
18436 27090
18436 27090
18462 27072
18462 27072
18462 27072
18462 27072
18462 27072
18462 27072
18462 27072
18462 27072
18462 27072
18462 27072
18488 27054
18488 27054
18488 27054
18488 27054
18488 27054
18488 27054
18488 27054
18488 27054
18488 27054
18488 27054
18516 27036
18516 27036
18516 27036
18516 27036
18516 27036
18516 27036
18516 27036
18516 27036
18516 27036
18516 27036
18516 27036
18541 27019
18541 27019
18541 27019
18518 26998
18518 26998
18518 26998
18518 26998
18544 26981
18544 26981
18544 26981
18544 26981
18544 26981
18544 26981
18544 26981
18544 26981
18544 26981
18544 26981
18570 26962
18570 26962
18570 26962
18570 26962
18570 26962
18570 26962
18570 26962
18570 26962
18570 26962
18570 26962
18570 26962
18597 26944
18597 26944
18597 26944
18597 26944
18597 26944
18597 26944
18597 26944
18597 26944
18597 26944
18597 26944
18623 26926
18623 26926
18623 26926
18623 26926
18623 26926
18623 26926
18623 26926
18623 26926
18623 26926
18623 26926
18649 26908
18649 26908
18649 26908
18649 26908
18649 26908
18649 26908
18649 26908
18649 26908
18649 26908
18649 26908
18676 26889
18676 26889
18676 26889
18676 26889
18676 26889
18676 26889
18676 26889
18676 26889
18676 26889
18676 26889
18702 26871
18702 26871
18702 26871
18702 26871
18702 26871
18702 26871
18702 26871
18702 26871
18702 26871
18702 26871
18728 26852
18728 26852
18728 26852
18728 26852
18728 26852
18728 26852
18728 26852
18728 26852
18728 26852
18728 26852
18753 26835
18753 26835
18753 26835
18753 26835
18753 26835
18753 26835
18753 26835
18753 26835
18753 26835
18753 26835
18779 26816
18779 26816
18779 26816
18779 26816
18779 26816
18779 26816
18779 26816
18779 26816
18779 26816
18779 26816
18779 26816
18805 26798
18805 26798
18805 26798
18805 26798
18805 26798
18805 26798
18805 26798
18805 26798
18805 26798
18805 26798
18832 26779
18832 26779
18832 26779
18832 26779
18832 26779
18832 26779
18832 26779
18832 26779
18832 26779
18832 26779
18858 26761
18858 26761
18844 26771
18844 26771
18844 26771
18869 26753
18869 26753
18869 26753
18869 26753
18869 26753
18869 26753
18869 26753
18869 26753
18869 26753
18869 26753
18895 26735
18895 26735
18895 26735
18895 26735
18895 26735
18895 26735
18895 26735
18895 26735
18895 26735
18895 26735
18921 26716
18921 26716
18921 26716
18921 26716
18921 26716
18921 26716
18921 26716
18921 26716
18921 26716
18921 26716
18948 26698
18948 26698
18948 26698
18948 26698
18948 26698
18948 26698
18948 26698
18948 26698
18948 26698
18948 26698
18948 26698
18974 26679
18974 26679
18974 26679
18974 26679
18974 26679
18974 26679
18974 26679
18974 26679
18974 26679
18974 26679
19000 26661
19000 26661
19000 26661
19000 26661
19000 26661
19000 26661
19000 26661
19000 26661
19000 26661
19000 26661
19025 26643
19025 26643
19025 26643
19025 26643
19025 26643
19025 26643
19025 26643
19025 26643
19025 26643
19025 26643
19052 26624
19052 26624
19052 26624
19052 26624
19052 26624
19052 26624
19052 26624
19052 26624
19052 26624
19052 26624
19078 26606
19078 26606
19078 26606
19078 26606
19078 26606
19078 26606
19078 26606
19078 26606
19078 26606
19078 26606
19104 26586
19104 26586
19104 26586
19104 26586
19104 26586
19104 26586
19104 26586
19104 26586
19104 26586
19104 26586
19129 26569
19129 26569
19129 26569
19129 26569
19129 26569
19129 26569
19129 26569
19129 26569
19129 26569
19129 26569
19156 26550
19156 26550
19156 26550
19156 26550
19156 26550
19156 26550
19156 26550
19156 26550
19156 26550
19156 26550
19156 26550
19181 26532
19181 26532
19181 26532
19170 26527
19170 26527
19170 26527
19170 26527
19196 26509
19196 26509
19196 26509
19196 26509
19196 26509
19196 26509
19196 26509
19196 26509
19196 26509
19196 26509
19221 26490
19221 26490
19221 26490
19221 26490
19221 26490
19221 26490
19221 26490
19221 26490
19221 26490
19221 26490
19221 26490
19247 26471
19247 26471
19247 26471
19247 26471
19247 26471
19247 26471
19247 26471
19247 26471
19247 26471
19247 26471
19273 26453
19273 26453
19273 26453
19273 26453
19273 26453
19273 26453
19273 26453
19273 26453
19273 26453
19273 26453
19298 26434
19298 26434
19298 26434
19298 26434
19298 26434
19298 26434
19298 26434
19298 26434
19298 26434
19298 26434
19325 26415
19325 26415
19325 26415
19325 26415
19325 26415
19325 26415
19325 26415
19325 26415
19325 26415
19325 26415
19350 26395
19350 26395
19350 26395
19350 26395
19350 26395
19350 26395
19350 26395
19350 26395
19350 26395
19350 26395
19376 26376
19376 26376
19376 26376
19376 26376
19376 26376
19376 26376
19376 26376
19376 26376
19376 26376
19376 26376
19401 26358
19401 26358
19401 26358
19401 26358
19401 26358
19401 26358
19401 26358
19401 26358
19401 26358
19401 26358
19427 26339
19427 26339
19427 26339
19427 26339
19427 26339
19427 26339
19427 26339
19427 26339
19427 26339
19427 26339
19427 26339
19452 26320
19452 26320
19452 26320
19452 26320
19452 26320
19452 26320
19452 26320
19452 26320
19452 26320
19452 26320
19478 26301
19478 26301
19478 26301
19478 26301
19478 26301
19478 26301
19478 26301
19478 26301
19478 26301
19478 26301
19504 26282
19504 26282
19490 26292
19490 26292
19490 26292
19515 26274
19515 26274
19515 26274
19515 26274
19515 26274
19515 26274
19515 26274
19515 26274
19515 26274
19515 26274
19541 26254
19541 26254
19541 26254
19541 26254
19541 26254
19541 26254
19541 26254
19541 26254
19541 26254
19541 26254
19566 26235
19566 26235
19566 26235
19566 26235
19566 26235
19566 26235
19566 26235
19566 26235
19566 26235
19566 26235
19592 26216
19592 26216
19592 26216
19592 26216
19592 26216
19592 26216
19592 26216
19592 26216
19592 26216
19592 26216
19592 26216
19618 26197
19618 26197
19618 26197
19618 26197
19618 26197
19618 26197
19618 26197
19618 26197
19618 26197
19618 26197
19643 26178
19643 26178
19643 26178
19643 26178
19643 26178
19643 26178
19643 26178
19643 26178
19643 26178
19643 26178
19668 26160
19668 26160
19668 26160
19668 26160
19668 26160
19668 26160
19668 26160
19668 26160
19668 26160
19668 26160
19695 26140
19695 26140
19695 26140
19695 26140
19695 26140
19695 26140
19695 26140
19695 26140
19695 26140
19695 26140
19720 26121
19720 26121
19720 26121
19720 26121
19720 26121
19720 26121
19720 26121
19720 26121
19720 26121
19720 26121
19745 26101
19745 26101
19745 26101
19745 26101
19745 26101
19745 26101
19745 26101
19745 26101
19745 26101
19745 26101
19770 26083
19770 26083
19770 26083
19770 26083
19770 26083
19770 26083
19770 26083
19770 26083
19770 26083
19770 26083
19797 26063
19797 26063
19797 26063
19797 26063
19797 26063
19797 26063
19797 26063
19797 26063
19797 26063
19797 26063
19797 26063
19822 26045
19822 26045
19822 26045
19820 26056
19820 26056
19820 26056
19820 26056
19846 26037
19846 26037
19846 26037
19846 26037
19846 26037
19846 26037
19846 26037
19846 26037
19846 26037
19846 26037
19871 26018
19871 26018
19871 26018
19871 26018
19871 26018
19871 26018
19871 26018
19871 26018
19871 26018
19871 26018
19871 26018
19897 25998
19897 25998
19897 25998
19897 25998
19897 25998
19897 25998
19897 25998
19897 25998
19897 25998
19897 25998
19922 25979
19922 25979
19922 25979
19922 25979
19922 25979
19922 25979
19922 25979
19922 25979
19922 25979
19922 25979
19947 25960
19947 25960
19947 25960
19947 25960
19947 25960
19947 25960
19947 25960
19947 25960
19947 25960
19947 25960
19973 25940
19973 25940
19973 25940
19973 25940
19973 25940
19973 25940
19973 25940
19973 25940
19973 25940
19973 25940
19998 25920
19998 25920
19998 25920
19998 25920
19998 25920
19998 25920
19998 25920
19998 25920
19998 25920
19998 25920
20023 25900
20023 25900
20023 25900
20023 25900
20023 25900
20023 25900
20023 25900
20023 25900
20023 25900
20023 25900
20048 25881
20048 25881
20048 25881
20048 25881
20048 25881
20048 25881
20048 25881
20048 25881
20048 25881
20048 25881
20073 25862
20073 25862
20073 25862
20073 25862
20073 25862
20073 25862
20073 25862
20073 25862
20073 25862
20073 25862
20073 25862
20098 25842
20098 25842
20098 25842
20098 25842
20098 25842
20098 25842
20098 25842
20098 25842
20098 25842
20098 25842
20123 25822
20123 25822
20123 25822
20123 25822
20123 25822
20123 25822
20123 25822
20123 25822
20123 25822
20123 25822
20148 25803
20148 25803
20135 25813
20135 25813
20135 25813
20160 25794
20160 25794
20160 25794
20160 25794
20160 25794
20160 25794
20160 25794
20160 25794
20160 25794
20160 25794
20185 25774
20185 25774
20185 25774
20185 25774
20185 25774
20185 25774
20185 25774
20185 25774
20185 25774
20185 25774
20210 25755
20210 25755
20210 25755
20210 25755
20210 25755
20210 25755
20210 25755
20210 25755
20210 25755
20210 25755
20235 25735
20235 25735
20235 25735
20235 25735
20235 25735
20235 25735
20235 25735
20235 25735
20235 25735
20235 25735
20235 25735
20260 25715
20260 25715
20260 25715
20260 25715
20260 25715
20260 25715
20260 25715
20260 25715
20260 25715
20260 25715
20286 25696
20286 25696
20286 25696
20286 25696
20286 25696
20286 25696
20286 25696
20286 25696
20286 25696
20286 25696
20310 25677
20310 25677
20310 25677
20310 25677
20310 25677
20310 25677
20310 25677
20310 25677
20310 25677
20310 25677
20336 25656
20336 25656
20336 25656
20336 25656
20336 25656
20336 25656
20336 25656
20336 25656
20336 25656
20336 25656
20361 25637
20361 25637
20361 25637
20361 25637
20361 25637
20361 25637
20361 25637
20361 25637
20361 25637
20361 25637
20386 25616
20386 25616
20386 25616
20386 25616
20386 25616
20386 25616
20386 25616
20386 25616
20386 25616
20386 25616
20410 25597
20410 25597
20410 25597
20410 25597
20410 25597
20410 25597
20410 25597
20410 25597
20410 25597
20410 25597
20436 25577
20436 25577
20436 25577
20436 25577
20436 25577
20436 25577
20436 25577
20436 25577
20436 25577
20436 25577
20436 25577
20461 25558
20461 25558
20461 25558
20472 25585
20472 25585
20472 25585
20472 25585
20498 25566
20498 25566
20498 25566
20498 25566
20498 25566
20498 25566
20498 25566
20498 25566
20498 25566
20498 25566
20522 25545
20522 25545
20522 25545
20522 25545
20522 25545
20522 25545
20522 25545
20522 25545
20522 25545
20522 25545
20522 25545
20547 25525
20547 25525
20547 25525
20547 25525
20547 25525
20547 25525
20547 25525
20547 25525
20547 25525
20547 25525
20572 25506
20572 25506
20572 25506
20572 25506
20572 25506
20572 25506
20572 25506
20572 25506
20572 25506
20572 25506
20596 25486
20596 25486
20596 25486
20596 25486
20596 25486
20596 25486
20596 25486
20596 25486
20596 25486
20596 25486
20622 25465
20622 25465
20622 25465
20622 25465
20622 25465
20622 25465
20622 25465
20622 25465
20622 25465
20622 25465
20647 25445
20647 25445
20647 25445
20647 25445
20647 25445
20647 25445
20647 25445
20647 25445
20647 25445
20647 25445
20671 25424
20671 25424
20671 25424
20671 25424
20671 25424
20671 25424
20671 25424
20671 25424
20671 25424
20671 25424
20695 25405
20695 25405
20695 25405
20695 25405
20695 25405
20695 25405
20695 25405
20695 25405
20695 25405
20695 25405
20720 25384
20720 25384
20720 25384
20720 25384
20720 25384
20720 25384
20720 25384
20720 25384
20720 25384
20720 25384
20720 25384
20745 25364
20745 25364
20745 25364
20745 25364
20745 25364
20745 25364
20745 25364
20745 25364
20745 25364
20745 25364
20770 25344
20770 25344
20770 25344
20770 25344
20770 25344
20770 25344
20770 25344
20770 25344
20770 25344
20770 25344
20794 25324
20794 25324
20781 25334
20781 25334
20781 25334
20805 25315
20805 25315
20805 25315
20805 25315
20805 25315
20805 25315
20805 25315
20805 25315
20805 25315
20805 25315
20830 25294
20830 25294
20830 25294
20830 25294
20830 25294
20830 25294
20830 25294
20830 25294
20830 25294
20830 25294
20855 25274
20855 25274
20855 25274
20855 25274
20855 25274
20855 25274
20855 25274
20855 25274
20855 25274
20855 25274
20879 25254
20879 25254
20879 25254
20879 25254
20879 25254
20879 25254
20879 25254
20879 25254
20879 25254
20879 25254
20879 25254
20904 25233
20904 25233
20904 25233
20904 25233
20904 25233
20904 25233
20904 25233
20904 25233
20904 25233
20904 25233
20929 25213
20929 25213
20929 25213
20929 25213
20929 25213
20929 25213
20929 25213
20929 25213
20929 25213
20929 25213
20953 25193
20953 25193
20953 25193
20953 25193
20953 25193
20953 25193
20953 25193
20953 25193
20953 25193
20953 25193
20978 25173
20978 25173
20978 25173
20978 25173
20978 25173
20978 25173
20978 25173
20978 25173
20978 25173
20978 25173
21003 25152
21003 25152
21003 25152
21003 25152
21003 25152
21003 25152
21003 25152
21003 25152
21003 25152
21003 25152
21027 25131
21027 25131
21027 25131
21027 25131
21027 25131
21027 25131
21027 25131
21027 25131
21027 25131
21027 25131
21051 25111
21051 25111
21051 25111
21051 25111
21051 25111
21051 25111
21051 25111
21051 25111
21051 25111
21051 25111
21077 25091
21077 25091
21077 25091
21077 25091
21077 25091
21077 25091
21077 25091
21077 25091
21077 25091
21077 25091
21077 25091
21101 25071
21101 25071
21101 25071
21075 25053
21075 25053
21075 25053
21075 25053
21100 25033
21100 25033
21100 25033
21100 25033
21100 25033
21100 25033
21100 25033
21100 25033
21100 25033
21100 25033
21124 25012
21124 25012
21124 25012
21124 25012
21124 25012
21124 25012
21124 25012
21124 25012
21124 25012
21124 25012
21124 25012
21148 24991
21148 24991
21148 24991
21148 24991
21148 24991
21148 24991
21148 24991
21148 24991
21148 24991
21148 24991
21173 24971
21173 24971
21173 24971
21173 24971
21173 24971
21173 24971
21173 24971
21173 24971
21173 24971
21173 24971
21196 24950
21196 24950
21196 24950
21196 24950
21196 24950
21196 24950
21196 24950
21196 24950
21196 24950
21196 24950
21221 24929
21221 24929
21221 24929
21221 24929
21221 24929
21221 24929
21221 24929
21221 24929
21221 24929
21221 24929
21246 24908
21246 24908
21246 24908
21246 24908
21246 24908
21246 24908
21246 24908
21246 24908
21246 24908
21246 24908
21270 24887
21270 24887
21270 24887
21270 24887
21270 24887
21270 24887
21270 24887
21270 24887
21270 24887
21270 24887
21293 24867
21293 24867
21293 24867
21293 24867
21293 24867
21293 24867
21293 24867
21293 24867
21293 24867
21293 24867
21318 24846
21318 24846
21318 24846
21318 24846
21318 24846
21318 24846
21318 24846
21318 24846
21318 24846
21318 24846
21318 24846
21342 24825
21342 24825
21342 24825
21342 24825
21342 24825
21342 24825
21342 24825
21342 24825
21342 24825
21342 24825
21366 24804
21366 24804
21366 24804
21366 24804
21366 24804
21366 24804
21366 24804
21366 24804
21366 24804
21366 24804
21390 24783
21390 24783
21377 24794
21377 24794
21377 24794
21401 24774
21401 24774
21401 24774
21401 24774
21401 24774
21401 24774
21401 24774
21401 24774
21401 24774
21401 24774
21425 24753
21425 24753
21425 24753
21425 24753
21425 24753
21425 24753
21425 24753
21425 24753
21425 24753
21425 24753
21449 24732
21449 24732
21449 24732
21449 24732
21449 24732
21449 24732
21449 24732
21449 24732
21449 24732
21449 24732
21473 24712
21473 24712
21473 24712
21473 24712
21473 24712
21473 24712
21473 24712
21473 24712
21473 24712
21473 24712
21473 24712
21498 24691
21498 24691
21498 24691
21498 24691
21498 24691
21498 24691
21498 24691
21498 24691
21498 24691
21498 24691
21522 24670
21522 24670
21522 24670
21522 24670
21522 24670
21522 24670
21522 24670
21522 24670
21522 24670
21522 24670
21545 24650
21545 24650
21545 24650
21545 24650
21545 24650
21545 24650
21545 24650
21545 24650
21545 24650
21545 24650
21570 24628
21570 24628
21570 24628
21570 24628
21570 24628
21570 24628
21570 24628
21570 24628
21570 24628
21570 24628
21594 24607
21594 24607
21594 24607
21594 24607
21594 24607
21594 24607
21594 24607
21594 24607
21594 24607
21594 24607
21618 24586
21618 24586
21618 24586
21618 24586
21618 24586
21618 24586
21618 24586
21618 24586
21618 24586
21618 24586
21641 24565
21641 24565
21641 24565
21641 24565
21641 24565
21641 24565
21641 24565
21641 24565
21641 24565
21641 24565
21666 24544
21666 24544
21666 24544
21666 24544
21666 24544
21666 24544
21666 24544
21666 24544
21666 24544
21666 24544
21666 24544
21690 24524
21690 24524
21690 24524
21677 24520
21677 24520
21677 24520
21677 24520
21701 24499
21701 24499
21701 24499
21701 24499
21701 24499
21701 24499
21701 24499
21701 24499
21701 24499
21701 24499
21725 24478
21725 24478
21725 24478
21725 24478
21725 24478
21725 24478
21725 24478
21725 24478
21725 24478
21725 24478
21725 24478
21748 24456
21748 24456
21748 24456
21748 24456
21748 24456
21748 24456
21748 24456
21748 24456
21748 24456
21748 24456
21773 24436
21773 24436
21773 24436
21773 24436
21773 24436
21773 24436
21773 24436
21773 24436
21773 24436
21773 24436
21796 24415
21796 24415
21796 24415
21796 24415
21796 24415
21796 24415
21796 24415
21796 24415
21796 24415
21796 24415
21820 24393
21820 24393
21820 24393
21820 24393
21820 24393
21820 24393
21820 24393
21820 24393
21820 24393
21820 24393
21844 24371
21844 24371
21844 24371
21844 24371
21844 24371
21844 24371
21844 24371
21844 24371
21844 24371
21844 24371
21867 24350
21867 24350
21867 24350
21867 24350
21867 24350
21867 24350
21867 24350
21867 24350
21867 24350
21867 24350
21890 24329
21890 24329
21890 24329
21890 24329
21890 24329
21890 24329
21890 24329
21890 24329
21890 24329
21890 24329
21914 24308
21914 24308
21914 24308
21914 24308
21914 24308
21914 24308
21914 24308
21914 24308
21914 24308
21914 24308
21914 24308
21938 24286
21938 24286
21938 24286
21938 24286
21938 24286
21938 24286
21938 24286
21938 24286
21938 24286
21938 24286
21961 24265
21961 24265
21961 24265
21961 24265
21961 24265
21961 24265
21961 24265
21961 24265
21961 24265
21961 24265
21985 24243
21985 24243
21972 24255
21972 24255
21972 24255
21995 24234
21995 24234
21995 24234
21995 24234
21995 24234
21995 24234
21995 24234
21995 24234
21995 24234
21995 24234
22019 24212
22019 24212
22019 24212
22019 24212
22019 24212
22019 24212
22019 24212
22019 24212
22019 24212
22019 24212
22043 24191
22043 24191
22043 24191
22043 24191
22043 24191
22043 24191
22043 24191
22043 24191
22043 24191
22043 24191
22066 24169
22066 24169
22066 24169
22066 24169
22066 24169
22066 24169
22066 24169
22066 24169
22066 24169
22066 24169
22066 24169
22090 24148
22090 24148
22090 24148
22090 24148
22090 24148
22090 24148
22090 24148
22090 24148
22090 24148
22090 24148
22114 24127
22114 24127
22114 24127
22114 24127
22114 24127
22114 24127
22114 24127
22114 24127
22114 24127
22114 24127
22137 24106
22137 24106
22137 24106
22137 24106
22137 24106
22137 24106
22137 24106
22137 24106
22137 24106
22137 24106
22161 24084
22161 24084
22161 24084
22161 24084
22161 24084
22161 24084
22161 24084
22161 24084
22161 24084
22161 24084
22185 24062
22185 24062
22185 24062
22185 24062
22185 24062
22185 24062
22185 24062
22185 24062
22185 24062
22185 24062
22208 24040
22208 24040
22208 24040
22208 24040
22208 24040
22208 24040
22208 24040
22208 24040
22208 24040
22208 24040
22231 24019
22231 24019
22231 24019
22231 24019
22231 24019
22231 24019
22231 24019
22231 24019
22231 24019
22231 24019
22255 23997
22255 23997
22255 23997
22255 23997
22255 23997
22255 23997
22255 23997
22255 23997
22255 23997
22255 23997
22255 23997
22278 23976
22278 23976
22278 23976
22279 23988
22279 23988
22279 23988
22279 23988
22303 23966
22303 23966
22303 23966
22303 23966
22303 23966
22303 23966
22303 23966
22303 23966
22303 23966
22303 23966
22326 23944
22326 23944
22326 23944
22326 23944
22326 23944
22326 23944
22326 23944
22326 23944
22326 23944
22326 23944
22326 23944
22349 23922
22349 23922
22349 23922
22349 23922
22349 23922
22349 23922
22349 23922
22349 23922
22349 23922
22349 23922
22373 23901
22373 23901
22373 23901
22373 23901
22373 23901
22373 23901
22373 23901
22373 23901
22373 23901
22373 23901
22396 23879
22396 23879
22396 23879
22396 23879
22396 23879
22396 23879
22396 23879
22396 23879
22396 23879
22396 23879
22419 23857
22419 23857
22419 23857
22419 23857
22419 23857
22419 23857
22419 23857
22419 23857
22419 23857
22419 23857
22443 23835
22443 23835
22443 23835
22443 23835
22443 23835
22443 23835
22443 23835
22443 23835
22443 23835
22443 23835
22466 23813
22466 23813
22466 23813
22466 23813
22466 23813
22466 23813
22466 23813
22466 23813
22466 23813
22466 23813
22488 23791
22488 23791
22488 23791
22488 23791
22488 23791
22488 23791
22488 23791
22488 23791
22488 23791
22488 23791
22511 23769
22511 23769
22511 23769
22511 23769
22511 23769
22511 23769
22511 23769
22511 23769
22511 23769
22511 23769
22511 23769
22535 23747
22535 23747
22535 23747
22535 23747
22535 23747
22535 23747
22535 23747
22535 23747
22535 23747
22535 23747
22558 23725
22558 23725
22558 23725
22558 23725
22558 23725
22558 23725
22558 23725
22558 23725
22558 23725
22558 23725
22581 23703
22581 23703
22569 23715
22569 23715
22569 23715
22591 23693
22591 23693
22591 23693
22591 23693
22591 23693
22591 23693
22591 23693
22591 23693
22591 23693
22591 23693
22614 23671
22614 23671
22614 23671
22614 23671
22614 23671
22614 23671
22614 23671
22614 23671
22614 23671
22614 23671
22637 23649
22637 23649
22637 23649
22637 23649
22637 23649
22637 23649
22637 23649
22637 23649
22637 23649
22637 23649
22660 23627
22660 23627
22660 23627
22660 23627
22660 23627
22660 23627
22660 23627
22660 23627
22660 23627
22660 23627
22660 23627
22684 23605
22684 23605
22684 23605
22684 23605
22684 23605
22684 23605
22684 23605
22684 23605
22684 23605
22684 23605
22707 23583
22707 23583
22707 23583
22707 23583
22707 23583
22707 23583
22707 23583
22707 23583
22707 23583
22707 23583
22729 23562
22729 23562
22729 23562
22729 23562
22729 23562
22729 23562
22729 23562
22729 23562
22729 23562
22729 23562
22753 23539
22753 23539
22753 23539
22753 23539
22753 23539
22753 23539
22753 23539
22753 23539
22753 23539
22753 23539
22776 23517
22776 23517
22776 23517
22776 23517
22776 23517
22776 23517
22776 23517
22776 23517
22776 23517
22776 23517
22799 23494
22799 23494
22799 23494
22799 23494
22799 23494
22799 23494
22799 23494
22799 23494
22799 23494
22799 23494
22821 23473
22821 23473
22821 23473
22821 23473
22821 23473
22821 23473
22821 23473
22821 23473
22821 23473
22821 23473
22845 23450
22845 23450
22845 23450
22845 23450
22845 23450
22845 23450
22845 23450
22845 23450
22845 23450
22845 23450
22845 23450
22867 23429
22867 23429
22867 23429
22881 23455
22881 23455
22881 23455
22881 23455
22904 23433
22904 23433
22904 23433
22904 23433
22904 23433
22904 23433
22904 23433
22904 23433
22904 23433
22904 23433
22927 23410
22927 23410
22927 23410
22927 23410
22927 23410
22927 23410
22927 23410
22927 23410
22927 23410
22927 23410
22927 23410
22949 23388
22949 23388
22949 23388
22949 23388
22949 23388
22949 23388
22949 23388
22949 23388
22949 23388
22949 23388
22973 23366
22973 23366
22973 23366
22973 23366
22973 23366
22973 23366
22973 23366
22973 23366
22973 23366
22973 23366
22995 23344
22995 23344
22995 23344
22995 23344
22995 23344
22995 23344
22995 23344
22995 23344
22995 23344
22995 23344
23018 23321
23018 23321
23018 23321
23018 23321
23018 23321
23018 23321
23018 23321
23018 23321
23018 23321
23018 23321
23041 23298
23041 23298
23041 23298
23041 23298
23041 23298
23041 23298
23041 23298
23041 23298
23041 23298
23041 23298
23063 23275
23063 23275
23063 23275
23063 23275
23063 23275
23063 23275
23063 23275
23063 23275
23063 23275
23063 23275
23085 23253
23085 23253
23085 23253
23085 23253
23085 23253
23085 23253
23085 23253
23085 23253
23085 23253
23085 23253
23108 23231
23108 23231
23108 23231
23108 23231
23108 23231
23108 23231
23108 23231
23108 23231
23108 23231
23108 23231
23108 23231
23130 23208
23130 23208
23130 23208
23130 23208
23130 23208
23130 23208
23130 23208
23130 23208
23130 23208
23130 23208
23153 23186
23153 23186
23153 23186
23153 23186
23153 23186
23153 23186
23153 23186
23153 23186
23153 23186
23153 23186
23176 23163
23176 23163
23164 23175
23164 23175
23164 23175
23186 23153
23186 23153
23186 23153
23186 23153
23186 23153
23186 23153
23186 23153
23186 23153
23186 23153
23186 23153
23208 23130
23208 23130
23208 23130
23208 23130
23208 23130
23208 23130
23208 23130
23208 23130
23208 23130
23208 23130
23231 23108
23231 23108
23231 23108
23231 23108
23231 23108
23231 23108
23231 23108
23231 23108
23231 23108
23231 23108
23253 23085
23253 23085
23253 23085
23253 23085
23253 23085
23253 23085
23253 23085
23253 23085
23253 23085
23253 23085
23253 23085
23276 23063
23276 23063
23276 23063
23276 23063
23276 23063
23276 23063
23276 23063
23276 23063
23276 23063
23276 23063
23299 23040
23299 23040
23299 23040
23299 23040
23299 23040
23299 23040
23299 23040
23299 23040
23299 23040
23299 23040
23321 23018
23321 23018
23321 23018
23321 23018
23321 23018
23321 23018
23321 23018
23321 23018
23321 23018
23321 23018
23344 22995
23344 22995
23344 22995
23344 22995
23344 22995
23344 22995
23344 22995
23344 22995
23344 22995
23344 22995
23367 22972
23367 22972
23367 22972
23367 22972
23367 22972
23367 22972
23367 22972
23367 22972
23367 22972
23367 22972
23388 22949
23388 22949
23388 22949
23388 22949
23388 22949
23388 22949
23388 22949
23388 22949
23388 22949
23388 22949
23410 22927
23410 22927
23410 22927
23410 22927
23410 22927
23410 22927
23410 22927
23410 22927
23410 22927
23410 22927
23434 22903
23434 22903
23434 22903
23434 22903
23434 22903
23434 22903
23434 22903
23434 22903
23434 22903
23434 22903
23434 22903
23456 22882
23456 22882
23456 22882
23428 22867
23428 22867
23428 22867
23428 22867
23451 22844
23451 22844
23451 22844
23451 22844
23451 22844
23451 22844
23451 22844
23451 22844
23451 22844
23451 22844
23473 22821
23473 22821
23473 22821
23473 22821
23473 22821
23473 22821
23473 22821
23473 22821
23473 22821
23473 22821
23473 22821
23495 22798
23495 22798
23495 22798
23495 22798
23495 22798
23495 22798
23495 22798
23495 22798
23495 22798
23495 22798
23518 22775
23518 22775
23518 22775
23518 22775
23518 22775
23518 22775
23518 22775
23518 22775
23518 22775
23518 22775
23539 22753
23539 22753
23539 22753
23539 22753
23539 22753
23539 22753
23539 22753
23539 22753
23539 22753
23539 22753
23562 22729
23562 22729
23562 22729
23562 22729
23562 22729
23562 22729
23562 22729
23562 22729
23562 22729
23562 22729
23584 22706
23584 22706
23584 22706
23584 22706
23584 22706
23584 22706
23584 22706
23584 22706
23584 22706
23584 22706
23606 22683
23606 22683
23606 22683
23606 22683
23606 22683
23606 22683
23606 22683
23606 22683
23606 22683
23606 22683
23627 22660
23627 22660
23627 22660
23627 22660
23627 22660
23627 22660
23627 22660
23627 22660
23627 22660
23627 22660
23649 22637
23649 22637
23649 22637
23649 22637
23649 22637
23649 22637
23649 22637
23649 22637
23649 22637
23649 22637
23649 22637
23671 22614
23671 22614
23671 22614
23671 22614
23671 22614
23671 22614
23671 22614
23671 22614
23671 22614
23671 22614
23693 22591
23693 22591
23693 22591
23693 22591
23693 22591
23693 22591
23693 22591
23693 22591
23693 22591
23693 22591
23715 22568
23715 22568
23704 22580
23704 22580
23704 22580
23725 22558
23725 22558
23725 22558
23725 22558
23725 22558
23725 22558
23725 22558
23725 22558
23725 22558
23725 22558
23747 22535
23747 22535
23747 22535
23747 22535
23747 22535
23747 22535
23747 22535
23747 22535
23747 22535
23747 22535
23769 22511
23769 22511
23769 22511
23769 22511
23769 22511
23769 22511
23769 22511
23769 22511
23769 22511
23769 22511
23791 22488
23791 22488
23791 22488
23791 22488
23791 22488
23791 22488
23791 22488
23791 22488
23791 22488
23791 22488
23791 22488
23813 22465
23813 22465
23813 22465
23813 22465
23813 22465
23813 22465
23813 22465
23813 22465
23813 22465
23813 22465
23835 22442
23835 22442
23835 22442
23835 22442
23835 22442
23835 22442
23835 22442
23835 22442
23835 22442
23835 22442
23857 22419
23857 22419
23857 22419
23857 22419
23857 22419
23857 22419
23857 22419
23857 22419
23857 22419
23857 22419
23879 22396
23879 22396
23879 22396
23879 22396
23879 22396
23879 22396
23879 22396
23879 22396
23879 22396
23879 22396
23901 22372
23901 22372
23901 22372
23901 22372
23901 22372
23901 22372
23901 22372
23901 22372
23901 22372
23901 22372
23923 22349
23923 22349
23923 22349
23923 22349
23923 22349
23923 22349
23923 22349
23923 22349
23923 22349
23923 22349
23944 22326
23944 22326
23944 22326
23944 22326
23944 22326
23944 22326
23944 22326
23944 22326
23944 22326
23944 22326
23967 22302
23967 22302
23967 22302
23967 22302
23967 22302
23967 22302
23967 22302
23967 22302
23967 22302
23967 22302
23967 22302
23988 22280
23988 22280
23988 22280
23975 22277
23975 22277
23975 22277
23975 22277
23998 22254
23998 22254
23998 22254
23998 22254
23998 22254
23998 22254
23998 22254
23998 22254
23998 22254
23998 22254
24019 22231
24019 22231
24019 22231
24019 22231
24019 22231
24019 22231
24019 22231
24019 22231
24019 22231
24019 22231
24019 22231
24041 22207
24041 22207
24041 22207
24041 22207
24041 22207
24041 22207
24041 22207
24041 22207
24041 22207
24041 22207
24063 22184
24063 22184
24063 22184
24063 22184
24063 22184
24063 22184
24063 22184
24063 22184
24063 22184
24063 22184
24084 22161
24084 22161
24084 22161
24084 22161
24084 22161
24084 22161
24084 22161
24084 22161
24084 22161
24084 22161
24106 22137
24106 22137
24106 22137
24106 22137
24106 22137
24106 22137
24106 22137
24106 22137
24106 22137
24106 22137
24127 22113
24127 22113
24127 22113
24127 22113
24127 22113
24127 22113
24127 22113
24127 22113
24127 22113
24127 22113
24149 22089
24149 22089
24149 22089
24149 22089
24149 22089
24149 22089
24149 22089
24149 22089
24149 22089
24149 22089
24169 22066
24169 22066
24169 22066
24169 22066
24169 22066
24169 22066
24169 22066
24169 22066
24169 22066
24169 22066
24191 22043
24191 22043
24191 22043
24191 22043
24191 22043
24191 22043
24191 22043
24191 22043
24191 22043
24191 22043
24191 22043
24212 22019
24212 22019
24212 22019
24212 22019
24212 22019
24212 22019
24212 22019
24212 22019
24212 22019
24212 22019
24234 21995
24234 21995
24234 21995
24234 21995
24234 21995
24234 21995
24234 21995
24234 21995
24234 21995
24234 21995
24255 21972
24255 21972
24244 21984
24244 21984
24244 21984
24265 21961
24265 21961
24265 21961
24265 21961
24265 21961
24265 21961
24265 21961
24265 21961
24265 21961
24265 21961
24286 21938
24286 21938
24286 21938
24286 21938
24286 21938
24286 21938
24286 21938
24286 21938
24286 21938
24286 21938
24308 21914
24308 21914
24308 21914
24308 21914
24308 21914
24308 21914
24308 21914
24308 21914
24308 21914
24308 21914
24329 21890
24329 21890
24329 21890
24329 21890
24329 21890
24329 21890
24329 21890
24329 21890
24329 21890
24329 21890
24329 21890
24351 21867
24351 21867
24351 21867
24351 21867
24351 21867
24351 21867
24351 21867
24351 21867
24351 21867
24351 21867
24372 21843
24372 21843
24372 21843
24372 21843
24372 21843
24372 21843
24372 21843
24372 21843
24372 21843
24372 21843
24393 21820
24393 21820
24393 21820
24393 21820
24393 21820
24393 21820
24393 21820
24393 21820
24393 21820
24393 21820
24415 21796
24415 21796
24415 21796
24415 21796
24415 21796
24415 21796
24415 21796
24415 21796
24415 21796
24415 21796
24436 21772
24436 21772
24436 21772
24436 21772
24436 21772
24436 21772
24436 21772
24436 21772
24436 21772
24436 21772
24457 21748
24457 21748
24457 21748
24457 21748
24457 21748
24457 21748
24457 21748
24457 21748
24457 21748
24457 21748
24478 21725
24478 21725
24478 21725
24478 21725
24478 21725
24478 21725
24478 21725
24478 21725
24478 21725
24478 21725
24500 21700
24500 21700
24500 21700
24500 21700
24500 21700
24500 21700
24500 21700
24500 21700
24500 21700
24500 21700
24500 21700
24521 21677
24521 21677
24521 21677
24523 21689
24523 21689
24523 21689
24523 21689
24544 21666
24544 21666
24544 21666
24544 21666
24544 21666
24544 21666
24544 21666
24544 21666
24544 21666
24544 21666
24565 21641
24565 21641
24565 21641
24565 21641
24565 21641
24565 21641
24565 21641
24565 21641
24565 21641
24565 21641
24565 21641
24586 21617
24586 21617
24586 21617
24586 21617
24586 21617
24586 21617
24586 21617
24586 21617
24586 21617
24586 21617
24608 21594
24608 21594
24608 21594
24608 21594
24608 21594
24608 21594
24608 21594
24608 21594
24608 21594
24608 21594
24628 21570
24628 21570
24628 21570
24628 21570
24628 21570
24628 21570
24628 21570
24628 21570
24628 21570
24628 21570
24650 21545
24650 21545
24650 21545
24650 21545
24650 21545
24650 21545
24650 21545
24650 21545
24650 21545
24650 21545
24670 21521
24670 21521
24670 21521
24670 21521
24670 21521
24670 21521
24670 21521
24670 21521
24670 21521
24670 21521
24691 21497
24691 21497
24691 21497
24691 21497
24691 21497
24691 21497
24691 21497
24691 21497
24691 21497
24691 21497
24712 21473
24712 21473
24712 21473
24712 21473
24712 21473
24712 21473
24712 21473
24712 21473
24712 21473
24712 21473
24732 21449
24732 21449
24732 21449
24732 21449
24732 21449
24732 21449
24732 21449
24732 21449
24732 21449
24732 21449
24732 21449
24753 21425
24753 21425
24753 21425
24753 21425
24753 21425
24753 21425
24753 21425
24753 21425
24753 21425
24753 21425
24774 21401
24774 21401
24774 21401
24774 21401
24774 21401
24774 21401
24774 21401
24774 21401
24774 21401
24774 21401
24795 21377
24795 21377
24784 21389
24784 21389
24784 21389
24804 21366
24804 21366
24804 21366
24804 21366
24804 21366
24804 21366
24804 21366
24804 21366
24804 21366
24804 21366
24825 21342
24825 21342
24825 21342
24825 21342
24825 21342
24825 21342
24825 21342
24825 21342
24825 21342
24825 21342
24846 21318
24846 21318
24846 21318
24846 21318
24846 21318
24846 21318
24846 21318
24846 21318
24846 21318
24846 21318
24867 21293
24867 21293
24867 21293
24867 21293
24867 21293
24867 21293
24867 21293
24867 21293
24867 21293
24867 21293
24867 21293
24888 21269
24888 21269
24888 21269
24888 21269
24888 21269
24888 21269
24888 21269
24888 21269
24888 21269
24888 21269
24909 21245
24909 21245
24909 21245
24909 21245
24909 21245
24909 21245
24909 21245
24909 21245
24909 21245
24909 21245
24929 21221
24929 21221
24929 21221
24929 21221
24929 21221
24929 21221
24929 21221
24929 21221
24929 21221
24929 21221
24950 21196
24950 21196
24950 21196
24950 21196
24950 21196
24950 21196
24950 21196
24950 21196
24950 21196
24950 21196
24971 21172
24971 21172
24971 21172
24971 21172
24971 21172
24971 21172
24971 21172
24971 21172
24971 21172
24971 21172
24991 21147
24991 21147
24991 21147
24991 21147
24991 21147
24991 21147
24991 21147
24991 21147
24991 21147
24991 21147
25012 21124
25012 21124
25012 21124
25012 21124
25012 21124
25012 21124
25012 21124
25012 21124
25012 21124
25012 21124
25033 21099
25033 21099
25033 21099
25033 21099
25033 21099
25033 21099
25033 21099
25033 21099
25033 21099
25033 21099
25033 21099
25053 21076
25053 21076
25053 21076
25070 21100
25070 21100
25070 21100
25070 21100
25091 21076
25091 21076
25091 21076
25091 21076
25091 21076
25091 21076
25091 21076
25091 21076
25091 21076
25091 21076
25111 21051
25111 21051
25111 21051
25111 21051
25111 21051
25111 21051
25111 21051
25111 21051
25111 21051
25111 21051
25111 21051
25132 21026
25132 21026
25132 21026
25132 21026
25132 21026
25132 21026
25132 21026
25132 21026
25132 21026
25132 21026
25153 21002
25153 21002
25153 21002
25153 21002
25153 21002
25153 21002
25153 21002
25153 21002
25153 21002
25153 21002
25173 20978
25173 20978
25173 20978
25173 20978
25173 20978
25173 20978
25173 20978
25173 20978
25173 20978
25173 20978
25193 20953
25193 20953
25193 20953
25193 20953
25193 20953
25193 20953
25193 20953
25193 20953
25193 20953
25193 20953
25214 20928
25214 20928
25214 20928
25214 20928
25214 20928
25214 20928
25214 20928
25214 20928
25214 20928
25214 20928
25234 20903
25234 20903
25234 20903
25234 20903
25234 20903
25234 20903
25234 20903
25234 20903
25234 20903
25234 20903
25254 20879
25254 20879
25254 20879
25254 20879
25254 20879
25254 20879
25254 20879
25254 20879
25254 20879
25254 20879
25274 20855
25274 20855
25274 20855
25274 20855
25274 20855
25274 20855
25274 20855
25274 20855
25274 20855
25274 20855
25274 20855
25294 20830
25294 20830
25294 20830
25294 20830
25294 20830
25294 20830
25294 20830
25294 20830
25294 20830
25294 20830
25315 20805
25315 20805
25315 20805
25315 20805
25315 20805
25315 20805
25315 20805
25315 20805
25315 20805
25315 20805
25335 20780
25335 20780
25324 20794
25324 20794
25324 20794
25344 20770
25344 20770
25344 20770
25344 20770
25344 20770
25344 20770
25344 20770
25344 20770
25344 20770
25344 20770
25364 20745
25364 20745
25364 20745
25364 20745
25364 20745
25364 20745
25364 20745
25364 20745
25364 20745
25364 20745
25384 20720
25384 20720
25384 20720
25384 20720
25384 20720
25384 20720
25384 20720
25384 20720
25384 20720
25384 20720
25405 20695
25405 20695
25405 20695
25405 20695
25405 20695
25405 20695
25405 20695
25405 20695
25405 20695
25405 20695
25405 20695
25425 20671
25425 20671
25425 20671
25425 20671
25425 20671
25425 20671
25425 20671
25425 20671
25425 20671
25425 20671
25445 20646
25445 20646
25445 20646
25445 20646
25445 20646
25445 20646
25445 20646
25445 20646
25445 20646
25445 20646
25465 20622
25465 20622
25465 20622
25465 20622
25465 20622
25465 20622
25465 20622
25465 20622
25465 20622
25465 20622
25486 20596
25486 20596
25486 20596
25486 20596
25486 20596
25486 20596
25486 20596
25486 20596
25486 20596
25486 20596
25506 20572
25506 20572
25506 20572
25506 20572
25506 20572
25506 20572
25506 20572
25506 20572
25506 20572
25506 20572
25526 20546
25526 20546
25526 20546
25526 20546
25526 20546
25526 20546
25526 20546
25526 20546
25526 20546
25526 20546
25545 20522
25545 20522
25545 20522
25545 20522
25545 20522
25545 20522
25545 20522
25545 20522
25545 20522
25545 20522
25566 20497
25566 20497
25566 20497
25566 20497
25566 20497
25566 20497
25566 20497
25566 20497
25566 20497
25566 20497
25566 20497
25586 20473
25586 20473
25586 20473
25557 20460
25557 20460
25557 20460
25557 20460
25578 20435
25578 20435
25578 20435
25578 20435
25578 20435
25578 20435
25578 20435
25578 20435
25578 20435
25578 20435
25597 20410
25597 20410
25597 20410
25597 20410
25597 20410
25597 20410
25597 20410
25597 20410
25597 20410
25597 20410
25597 20410
25617 20385
25617 20385
25617 20385
25617 20385
25617 20385
25617 20385
25617 20385
25617 20385
25617 20385
25617 20385
25637 20360
25637 20360
25637 20360
25637 20360
25637 20360
25637 20360
25637 20360
25637 20360
25637 20360
25637 20360
25656 20336
25656 20336
25656 20336
25656 20336
25656 20336
25656 20336
25656 20336
25656 20336
25656 20336
25656 20336
25677 20310
25677 20310
25677 20310
25677 20310
25677 20310
25677 20310
25677 20310
25677 20310
25677 20310
25677 20310
25696 20285
25696 20285
25696 20285
25696 20285
25696 20285
25696 20285
25696 20285
25696 20285
25696 20285
25696 20285
25716 20260
25716 20260
25716 20260
25716 20260
25716 20260
25716 20260
25716 20260
25716 20260
25716 20260
25716 20260
25735 20235
25735 20235
25735 20235
25735 20235
25735 20235
25735 20235
25735 20235
25735 20235
25735 20235
25735 20235
25755 20210
25755 20210
25755 20210
25755 20210
25755 20210
25755 20210
25755 20210
25755 20210
25755 20210
25755 20210
25755 20210
25774 20185
25774 20185
25774 20185
25774 20185
25774 20185
25774 20185
25774 20185
25774 20185
25774 20185
25774 20185
25794 20160
25794 20160
25794 20160
25794 20160
25794 20160
25794 20160
25794 20160
25794 20160
25794 20160
25794 20160
25814 20134
25814 20134
25803 20148
25803 20148
25803 20148
25822 20123
25822 20123
25822 20123
25822 20123
25822 20123
25822 20123
25822 20123
25822 20123
25822 20123
25822 20123
25842 20098
25842 20098
25842 20098
25842 20098
25842 20098
25842 20098
25842 20098
25842 20098
25842 20098
25842 20098
25862 20073
25862 20073
25862 20073
25862 20073
25862 20073
25862 20073
25862 20073
25862 20073
25862 20073
25862 20073
25881 20048
25881 20048
25881 20048
25881 20048
25881 20048
25881 20048
25881 20048
25881 20048
25881 20048
25881 20048
25881 20048
25901 20022
25901 20022
25901 20022
25901 20022
25901 20022
25901 20022
25901 20022
25901 20022
25901 20022
25901 20022
25921 19997
25921 19997
25921 19997
25921 19997
25921 19997
25921 19997
25921 19997
25921 19997
25921 19997
25921 19997
25940 19973
25940 19973
25940 19973
25940 19973
25940 19973
25940 19973
25940 19973
25940 19973
25940 19973
25940 19973
25960 19947
25960 19947
25960 19947
25960 19947
25960 19947
25960 19947
25960 19947
25960 19947
25960 19947
25960 19947
25980 19922
25980 19922
25980 19922
25980 19922
25980 19922
25980 19922
25980 19922
25980 19922
25980 19922
25980 19922
25999 19896
25999 19896
25999 19896
25999 19896
25999 19896
25999 19896
25999 19896
25999 19896
25999 19896
25999 19896
26018 19871
26018 19871
26018 19871
26018 19871
26018 19871
26018 19871
26018 19871
26018 19871
26018 19871
26018 19871
26038 19845
26038 19845
26038 19845
26038 19845
26038 19845
26038 19845
26038 19845
26038 19845
26038 19845
26038 19845
26038 19845
26057 19821
26057 19821
26057 19821
26044 19821
26044 19821
26044 19821
26044 19821
26064 19796
26064 19796
26064 19796
26064 19796
26064 19796
26064 19796
26064 19796
26064 19796
26064 19796
26064 19796
26083 19770
26083 19770
26083 19770
26083 19770
26083 19770
26083 19770
26083 19770
26083 19770
26083 19770
26083 19770
26083 19770
26102 19745
26102 19745
26102 19745
26102 19745
26102 19745
26102 19745
26102 19745
26102 19745
26102 19745
26102 19745
26122 19719
26122 19719
26122 19719
26122 19719
26122 19719
26122 19719
26122 19719
26122 19719
26122 19719
26122 19719
26140 19695
26140 19695
26140 19695
26140 19695
26140 19695
26140 19695
26140 19695
26140 19695
26140 19695
26140 19695
26160 19668
26160 19668
26160 19668
26160 19668
26160 19668
26160 19668
26160 19668
26160 19668
26160 19668
26160 19668
26179 19642
26179 19642
26179 19642
26179 19642
26179 19642
26179 19642
26179 19642
26179 19642
26179 19642
26179 19642
26198 19617
26198 19617
26198 19617
26198 19617
26198 19617
26198 19617
26198 19617
26198 19617
26198 19617
26198 19617
26216 19592
26216 19592
26216 19592
26216 19592
26216 19592
26216 19592
26216 19592
26216 19592
26216 19592
26216 19592
26235 19566
26235 19566
26235 19566
26235 19566
26235 19566
26235 19566
26235 19566
26235 19566
26235 19566
26235 19566
26235 19566
26254 19541
26254 19541
26254 19541
26254 19541
26254 19541
26254 19541
26254 19541
26254 19541
26254 19541
26254 19541
26274 19515
26274 19515
26274 19515
26274 19515
26274 19515
26274 19515
26274 19515
26274 19515
26274 19515
26274 19515
26293 19489
26293 19489
26282 19503
26282 19503
26282 19503
26301 19478
26301 19478
26301 19478
26301 19478
26301 19478
26301 19478
26301 19478
26301 19478
26301 19478
26301 19478
26320 19452
26320 19452
26320 19452
26320 19452
26320 19452
26320 19452
26320 19452
26320 19452
26320 19452
26320 19452
26339 19427
26339 19427
26339 19427
26339 19427
26339 19427
26339 19427
26339 19427
26339 19427
26339 19427
26339 19427
26358 19401
26358 19401
26358 19401
26358 19401
26358 19401
26358 19401
26358 19401
26358 19401
26358 19401
26358 19401
26358 19401
26377 19375
26377 19375
26377 19375
26377 19375
26377 19375
26377 19375
26377 19375
26377 19375
26377 19375
26377 19375
26396 19350
26396 19350
26396 19350
26396 19350
26396 19350
26396 19350
26396 19350
26396 19350
26396 19350
26396 19350
26415 19325
26415 19325
26415 19325
26415 19325
26415 19325
26415 19325
26415 19325
26415 19325
26415 19325
26415 19325
26434 19298
26434 19298
26434 19298
26434 19298
26434 19298
26434 19298
26434 19298
26434 19298
26434 19298
26434 19298
26453 19273
26453 19273
26453 19273
26453 19273
26453 19273
26453 19273
26453 19273
26453 19273
26453 19273
26453 19273
26471 19246
26471 19246
26471 19246
26471 19246
26471 19246
26471 19246
26471 19246
26471 19246
26471 19246
26471 19246
26490 19221
26490 19221
26490 19221
26490 19221
26490 19221
26490 19221
26490 19221
26490 19221
26490 19221
26490 19221
26510 19195
26510 19195
26510 19195
26510 19195
26510 19195
26510 19195
26510 19195
26510 19195
26510 19195
26510 19195
26510 19195
26528 19170
26528 19170
26528 19170
26531 19181
26531 19181
26531 19181
26531 19181
26550 19155
26550 19155
26550 19155
26550 19155
26550 19155
26550 19155
26550 19155
26550 19155
26550 19155
26550 19155
26569 19129
26569 19129
26569 19129
26569 19129
26569 19129
26569 19129
26569 19129
26569 19129
26569 19129
26569 19129
26569 19129
26587 19103
26587 19103
26587 19103
26587 19103
26587 19103
26587 19103
26587 19103
26587 19103
26587 19103
26587 19103
26606 19078
26606 19078
26606 19078
26606 19078
26606 19078
26606 19078
26606 19078
26606 19078
26606 19078
26606 19078
26624 19052
26624 19052
26624 19052
26624 19052
26624 19052
26624 19052
26624 19052
26624 19052
26624 19052
26624 19052
26643 19025
26643 19025
26643 19025
26643 19025
26643 19025
26643 19025
26643 19025
26643 19025
26643 19025
26643 19025
26661 18999
26661 18999
26661 18999
26661 18999
26661 18999
26661 18999
26661 18999
26661 18999
26661 18999
26661 18999
26680 18973
26680 18973
26680 18973
26680 18973
26680 18973
26680 18973
26680 18973
26680 18973
26680 18973
26680 18973
26698 18948
26698 18948
26698 18948
26698 18948
26698 18948
26698 18948
26698 18948
26698 18948
26698 18948
26698 18948
26716 18921
26716 18921
26716 18921
26716 18921
26716 18921
26716 18921
26716 18921
26716 18921
26716 18921
26716 18921
26716 18921
26735 18895
26735 18895
26735 18895
26735 18895
26735 18895
26735 18895
26735 18895
26735 18895
26735 18895
26735 18895
26753 18869
26753 18869
26753 18869
26753 18869
26753 18869
26753 18869
26753 18869
26753 18869
26753 18869
26753 18869
26771 18843
26771 18843
26762 18857
26762 18857
26762 18857
26779 18832
26779 18832
26779 18832
26779 18832
26779 18832
26779 18832
26779 18832
26779 18832
26779 18832
26779 18832
26798 18805
26798 18805
26798 18805
26798 18805
26798 18805
26798 18805
26798 18805
26798 18805
26798 18805
26798 18805
26816 18779
26816 18779
26816 18779
26816 18779
26816 18779
26816 18779
26816 18779
26816 18779
26816 18779
26816 18779
26835 18753
26835 18753
26835 18753
26835 18753
26835 18753
26835 18753
26835 18753
26835 18753
26835 18753
26835 18753
26835 18753
26853 18727
26853 18727
26853 18727
26853 18727
26853 18727
26853 18727
26853 18727
26853 18727
26853 18727
26853 18727
26871 18701
26871 18701
26871 18701
26871 18701
26871 18701
26871 18701
26871 18701
26871 18701
26871 18701
26871 18701
26889 18676
26889 18676
26889 18676
26889 18676
26889 18676
26889 18676
26889 18676
26889 18676
26889 18676
26889 18676
26908 18649
26908 18649
26908 18649
26908 18649
26908 18649
26908 18649
26908 18649
26908 18649
26908 18649
26908 18649
26927 18623
26927 18623
26927 18623
26927 18623
26927 18623
26927 18623
26927 18623
26927 18623
26927 18623
26927 18623
26944 18596
26944 18596
26944 18596
26944 18596
26944 18596
26944 18596
26944 18596
26944 18596
26944 18596
26944 18596
26962 18570
26962 18570
26962 18570
26962 18570
26962 18570
26962 18570
26962 18570
26962 18570
26962 18570
26962 18570
26981 18544
26981 18544
26981 18544
26981 18544
26981 18544
26981 18544
26981 18544
26981 18544
26981 18544
26981 18544
26981 18544
26999 18518
26999 18518
26999 18518
27018 18541
27018 18541
27018 18541
27018 18541
27037 18515
27037 18515
27037 18515
27037 18515
27037 18515
27037 18515
27037 18515
27037 18515
27037 18515
27037 18515
27054 18488
27054 18488
27054 18488
27054 18488
27054 18488
27054 18488
27054 18488
27054 18488
27054 18488
27054 18488
27054 18488
27072 18462
27072 18462
27072 18462
27072 18462
27072 18462
27072 18462
27072 18462
27072 18462
27072 18462
27072 18462
27091 18436
27091 18436
27091 18436
27091 18436
27091 18436
27091 18436
27091 18436
27091 18436
27091 18436
27091 18436
27108 18410
27108 18410
27108 18410
27108 18410
27108 18410
27108 18410
27108 18410
27108 18410
27108 18410
27108 18410
27126 18382
27126 18382
27126 18382
27126 18382
27126 18382
27126 18382
27126 18382
27126 18382
27126 18382
27126 18382
27144 18356
27144 18356
27144 18356
27144 18356
27144 18356
27144 18356
27144 18356
27144 18356
27144 18356
27144 18356
27162 18329
27162 18329
27162 18329
27162 18329
27162 18329
27162 18329
27162 18329
27162 18329
27162 18329
27162 18329
27179 18303
27179 18303
27179 18303
27179 18303
27179 18303
27179 18303
27179 18303
27179 18303
27179 18303
27179 18303
27197 18277
27197 18277
27197 18277
27197 18277
27197 18277
27197 18277
27197 18277
27197 18277
27197 18277
27197 18277
27197 18277
27215 18250
27215 18250
27215 18250
27215 18250
27215 18250
27215 18250
27215 18250
27215 18250
27215 18250
27215 18250
27232 18224
27232 18224
27232 18224
27232 18224
27232 18224
27232 18224
27232 18224
27232 18224
27232 18224
27232 18224
27250 18197
27250 18197
27241 18211
27241 18211
27241 18211
27258 18185
27258 18185
27258 18185
27258 18185
27258 18185
27258 18185
27258 18185
27258 18185
27258 18185
27258 18185
27276 18159
27276 18159
27276 18159
27276 18159
27276 18159
27276 18159
27276 18159
27276 18159
27276 18159
27276 18159
27294 18132
27294 18132
27294 18132
27294 18132
27294 18132
27294 18132
27294 18132
27294 18132
27294 18132
27294 18132
27311 18105
27311 18105
27311 18105
27311 18105
27311 18105
27311 18105
27311 18105
27311 18105
27311 18105
27311 18105
27311 18105
27329 18079
27329 18079
27329 18079
27329 18079
27329 18079
27329 18079
27329 18079
27329 18079
27329 18079
27329 18079
27347 18052
27347 18052
27347 18052
27347 18052
27347 18052
27347 18052
27347 18052
27347 18052
27347 18052
27347 18052
27364 18027
27364 18027
27364 18027
27364 18027
27364 18027
27364 18027
27364 18027
27364 18027
27364 18027
27364 18027
27382 17999
27382 17999
27382 17999
27382 17999
27382 17999
27382 17999
27382 17999
27382 17999
27382 17999
27382 17999
27400 17972
27400 17972
27400 17972
27400 17972
27400 17972
27400 17972
27400 17972
27400 17972
27400 17972
27400 17972
27417 17945
27417 17945
27417 17945
27417 17945
27417 17945
27417 17945
27417 17945
27417 17945
27417 17945
27417 17945
27434 17920
27434 17920
27434 17920
27434 17920
27434 17920
27434 17920
27434 17920
27434 17920
27434 17920
27434 17920
27453 17892
27453 17892
27453 17892
27453 17892
27453 17892
27453 17892
27453 17892
27453 17892
27453 17892
27453 17892
27453 17892
27470 17866
27470 17866
27470 17866
27439 17857
27439 17857
27439 17857
27439 17857
27457 17831
27457 17831
27457 17831
27457 17831
27457 17831
27457 17831
27457 17831
27457 17831
27457 17831
27457 17831
27474 17804
27474 17804
27474 17804
27474 17804
27474 17804
27474 17804
27474 17804
27474 17804
27474 17804
27474 17804
27474 17804
27492 17777
27492 17777
27492 17777
27492 17777
27492 17777
27492 17777
27492 17777
27492 17777
27492 17777
27492 17777
27510 17750
27510 17750
27510 17750
27510 17750
27510 17750
27510 17750
27510 17750
27510 17750
27510 17750
27510 17750
27526 17724
27526 17724
27526 17724
27526 17724
27526 17724
27526 17724
27526 17724
27526 17724
27526 17724
27526 17724
27544 17696
27544 17696
27544 17696
27544 17696
27544 17696
27544 17696
27544 17696
27544 17696
27544 17696
27544 17696
27561 17669
27561 17669
27561 17669
27561 17669
27561 17669
27561 17669
27561 17669
27561 17669
27561 17669
27561 17669
27578 17642
27578 17642
27578 17642
27578 17642
27578 17642
27578 17642
27578 17642
27578 17642
27578 17642
27578 17642
27595 17616
27595 17616
27595 17616
27595 17616
27595 17616
27595 17616
27595 17616
27595 17616
27595 17616
27595 17616
27612 17589
27612 17589
27612 17589
27612 17589
27612 17589
27612 17589
27612 17589
27612 17589
27612 17589
27612 17589
27612 17589
27629 17562
27629 17562
27629 17562
27629 17562
27629 17562
27629 17562
27629 17562
27629 17562
27629 17562
27629 17562
27646 17535
27646 17535
27646 17535
27646 17535
27646 17535
27646 17535
27646 17535
27646 17535
27646 17535
27646 17535
27663 17508
27663 17508
27654 17522
27654 17522
27654 17522
27670 17496
27670 17496
27670 17496
27670 17496
27670 17496
27670 17496
27670 17496
27670 17496
27670 17496
27670 17496
27688 17469
27688 17469
27688 17469
27688 17469
27688 17469
27688 17469
27688 17469
27688 17469
27688 17469
27688 17469
27705 17442
27705 17442
27705 17442
27705 17442
27705 17442
27705 17442
27705 17442
27705 17442
27705 17442
27705 17442
27722 17415
27722 17415
27722 17415
27722 17415
27722 17415
27722 17415
27722 17415
27722 17415
27722 17415
27722 17415
27722 17415
27739 17388
27739 17388
27739 17388
27739 17388
27739 17388
27739 17388
27739 17388
27739 17388
27739 17388
27739 17388
27756 17361
27756 17361
27756 17361
27756 17361
27756 17361
27756 17361
27756 17361
27756 17361
27756 17361
27756 17361
27773 17335
27773 17335
27773 17335
27773 17335
27773 17335
27773 17335
27773 17335
27773 17335
27773 17335
27773 17335
27790 17307
27790 17307
27790 17307
27790 17307
27790 17307
27790 17307
27790 17307
27790 17307
27790 17307
27790 17307
27807 17280
27807 17280
27807 17280
27807 17280
27807 17280
27807 17280
27807 17280
27807 17280
27807 17280
27807 17280
27824 17252
27824 17252
27824 17252
27824 17252
27824 17252
27824 17252
27824 17252
27824 17252
27824 17252
27824 17252
27840 17226
27840 17226
27840 17226
27840 17226
27840 17226
27840 17226
27840 17226
27840 17226
27840 17226
27840 17226
27858 17198
27858 17198
27858 17198
27858 17198
27858 17198
27858 17198
27858 17198
27858 17198
27858 17198
27858 17198
27858 17198
27874 17172
27874 17172
27874 17172
27862 17172
27862 17172
27862 17172
27862 17172
27879 17145
27879 17145
27879 17145
27879 17145
27879 17145
27879 17145
27879 17145
27879 17145
27879 17145
27879 17145
27896 17118
27896 17118
27896 17118
27896 17118
27896 17118
27896 17118
27896 17118
27896 17118
27896 17118
27896 17118
27896 17118
27912 17091
27912 17091
27912 17091
27912 17091
27912 17091
27912 17091
27912 17091
27912 17091
27912 17091
27912 17091
27929 17064
27929 17064
27929 17064
27929 17064
27929 17064
27929 17064
27929 17064
27929 17064
27929 17064
27929 17064
27945 17037
27945 17037
27945 17037
27945 17037
27945 17037
27945 17037
27945 17037
27945 17037
27945 17037
27945 17037
27962 17009
27962 17009
27962 17009
27962 17009
27962 17009
27962 17009
27962 17009
27962 17009
27962 17009
27962 17009
27979 16981
27979 16981
27979 16981
27979 16981
27979 16981
27979 16981
27979 16981
27979 16981
27979 16981
27979 16981
27995 16954
27995 16954
27995 16954
27995 16954
27995 16954
27995 16954
27995 16954
27995 16954
27995 16954
27995 16954
28011 16927
28011 16927
28011 16927
28011 16927
28011 16927
28011 16927
28011 16927
28011 16927
28011 16927
28011 16927
28027 16900
28027 16900
28027 16900
28027 16900
28027 16900
28027 16900
28027 16900
28027 16900
28027 16900
28027 16900
28027 16900
28044 16873
28044 16873
28044 16873
28044 16873
28044 16873
28044 16873
28044 16873
28044 16873
28044 16873
28044 16873
28060 16845
28060 16845
28060 16845
28060 16845
28060 16845
28060 16845
28060 16845
28060 16845
28060 16845
28060 16845
28077 16818
28077 16818
28068 16832
28068 16832
28068 16832
28084 16806
28084 16806
28084 16806
28084 16806
28084 16806
28084 16806
28084 16806
28084 16806
28084 16806
28084 16806
28100 16778
28100 16778
28100 16778
28100 16778
28100 16778
28100 16778
28100 16778
28100 16778
28100 16778
28100 16778
28117 16751
28117 16751
28117 16751
28117 16751
28117 16751
28117 16751
28117 16751
28117 16751
28117 16751
28117 16751
28133 16724
28133 16724
28133 16724
28133 16724
28133 16724
28133 16724
28133 16724
28133 16724
28133 16724
28133 16724
28133 16724
28150 16696
28150 16696
28150 16696
28150 16696
28150 16696
28150 16696
28150 16696
28150 16696
28150 16696
28150 16696
28166 16669
28166 16669
28166 16669
28166 16669
28166 16669
28166 16669
28166 16669
28166 16669
28166 16669
28166 16669
28182 16642
28182 16642
28182 16642
28182 16642
28182 16642
28182 16642
28182 16642
28182 16642
28182 16642
28182 16642
28199 16614
28199 16614
28199 16614
28199 16614
28199 16614
28199 16614
28199 16614
28199 16614
28199 16614
28199 16614
28215 16586
28215 16586
28215 16586
28215 16586
28215 16586
28215 16586
28215 16586
28215 16586
28215 16586
28215 16586
28231 16559
28231 16559
28231 16559
28231 16559
28231 16559
28231 16559
28231 16559
28231 16559
28231 16559
28231 16559
28247 16532
28247 16532
28247 16532
28247 16532
28247 16532
28247 16532
28247 16532
28247 16532
28247 16532
28247 16532
28264 16504
28264 16504
28264 16504
28264 16504
28264 16504
28264 16504
28264 16504
28264 16504
28264 16504
28264 16504
28264 16504
28280 16477
28280 16477
28280 16477
28283 16488
28283 16488
28283 16488
28283 16488
28300 16461
28300 16461
28300 16461
28300 16461
28300 16461
28300 16461
28300 16461
28300 16461
28300 16461
28300 16461
28316 16433
28316 16433
28316 16433
28316 16433
28316 16433
28316 16433
28316 16433
28316 16433
28316 16433
28316 16433
28316 16433
28332 16406
28332 16406
28332 16406
28332 16406
28332 16406
28332 16406
28332 16406
28332 16406
28332 16406
28332 16406
28348 16378
28348 16378
28348 16378
28348 16378
28348 16378
28348 16378
28348 16378
28348 16378
28348 16378
28348 16378
28363 16351
28363 16351
28363 16351
28363 16351
28363 16351
28363 16351
28363 16351
28363 16351
28363 16351
28363 16351
28380 16323
28380 16323
28380 16323
28380 16323
28380 16323
28380 16323
28380 16323
28380 16323
28380 16323
28380 16323
28396 16295
28396 16295
28396 16295
28396 16295
28396 16295
28396 16295
28396 16295
28396 16295
28396 16295
28396 16295
28411 16267
28411 16267
28411 16267
28411 16267
28411 16267
28411 16267
28411 16267
28411 16267
28411 16267
28411 16267
28427 16240
28427 16240
28427 16240
28427 16240
28427 16240
28427 16240
28427 16240
28427 16240
28427 16240
28427 16240
28442 16212
28442 16212
28442 16212
28442 16212
28442 16212
28442 16212
28442 16212
28442 16212
28442 16212
28442 16212
28442 16212
28458 16184
28458 16184
28458 16184
28458 16184
28458 16184
28458 16184
28458 16184
28458 16184
28458 16184
28458 16184
28474 16157
28474 16157
28474 16157
28474 16157
28474 16157
28474 16157
28474 16157
28474 16157
28474 16157
28474 16157
28490 16129
28490 16129
28481 16143
28481 16143
28481 16143
28496 16117
28496 16117
28496 16117
28496 16117
28496 16117
28496 16117
28496 16117
28496 16117
28496 16117
28496 16117
28512 16089
28512 16089
28512 16089
28512 16089
28512 16089
28512 16089
28512 16089
28512 16089
28512 16089
28512 16089
28528 16061
28528 16061
28528 16061
28528 16061
28528 16061
28528 16061
28528 16061
28528 16061
28528 16061
28528 16061
28544 16033
28544 16033
28544 16033
28544 16033
28544 16033
28544 16033
28544 16033
28544 16033
28544 16033
28544 16033
28544 16033
28559 16005
28559 16005
28559 16005
28559 16005
28559 16005
28559 16005
28559 16005
28559 16005
28559 16005
28559 16005
28575 15977
28575 15977
28575 15977
28575 15977
28575 15977
28575 15977
28575 15977
28575 15977
28575 15977
28575 15977
28591 15950
28591 15950
28591 15950
28591 15950
28591 15950
28591 15950
28591 15950
28591 15950
28591 15950
28591 15950
28607 15922
28607 15922
28607 15922
28607 15922
28607 15922
28607 15922
28607 15922
28607 15922
28607 15922
28607 15922
28623 15894
28623 15894
28623 15894
28623 15894
28623 15894
28623 15894
28623 15894
28623 15894
28623 15894
28623 15894
28637 15866
28637 15866
28637 15866
28637 15866
28637 15866
28637 15866
28637 15866
28637 15866
28637 15866
28637 15866
28653 15839
28653 15839
28653 15839
28653 15839
28653 15839
28653 15839
28653 15839
28653 15839
28653 15839
28653 15839
28669 15810
28669 15810
28669 15810
28669 15810
28669 15810
28669 15810
28669 15810
28669 15810
28669 15810
28669 15810
28669 15810
28684 15783
28684 15783
28684 15783
28705 15804
28705 15804
28705 15804
28705 15804
28721 15776
28721 15776
28721 15776
28721 15776
28721 15776
28721 15776
28721 15776
28721 15776
28721 15776
28721 15776
28736 15748
28736 15748
28736 15748
28736 15748
28736 15748
28736 15748
28736 15748
28736 15748
28736 15748
28736 15748
28736 15748
28751 15719
28751 15719
28751 15719
28751 15719
28751 15719
28751 15719
28751 15719
28751 15719
28751 15719
28751 15719
28767 15692
28767 15692
28767 15692
28767 15692
28767 15692
28767 15692
28767 15692
28767 15692
28767 15692
28767 15692
28782 15664
28782 15664
28782 15664
28782 15664
28782 15664
28782 15664
28782 15664
28782 15664
28782 15664
28782 15664
28797 15635
28797 15635
28797 15635
28797 15635
28797 15635
28797 15635
28797 15635
28797 15635
28797 15635
28797 15635
28812 15607
28812 15607
28812 15607
28812 15607
28812 15607
28812 15607
28812 15607
28812 15607
28812 15607
28812 15607
28827 15579
28827 15579
28827 15579
28827 15579
28827 15579
28827 15579
28827 15579
28827 15579
28827 15579
28827 15579
28842 15551
28842 15551
28842 15551
28842 15551
28842 15551
28842 15551
28842 15551
28842 15551
28842 15551
28842 15551
28857 15523
28857 15523
28857 15523
28857 15523
28857 15523
28857 15523
28857 15523
28857 15523
28857 15523
28857 15523
28857 15523
28872 15495
28872 15495
28872 15495
28872 15495
28872 15495
28872 15495
28872 15495
28872 15495
28872 15495
28872 15495
28887 15467
28887 15467
28887 15467
28887 15467
28887 15467
28887 15467
28887 15467
28887 15467
28887 15467
28887 15467
28902 15439
28902 15439
28894 15454
28894 15454
28894 15454
28909 15426
28909 15426
28909 15426
28909 15426
28909 15426
28909 15426
28909 15426
28909 15426
28909 15426
28909 15426
28924 15398
28924 15398
28924 15398
28924 15398
28924 15398
28924 15398
28924 15398
28924 15398
28924 15398
28924 15398
28939 15370
28939 15370
28939 15370
28939 15370
28939 15370
28939 15370
28939 15370
28939 15370
28939 15370
28939 15370
28954 15342
28954 15342
28954 15342
28954 15342
28954 15342
28954 15342
28954 15342
28954 15342
28954 15342
28954 15342
28954 15342
28969 15313
28969 15313
28969 15313
28969 15313
28969 15313
28969 15313
28969 15313
28969 15313
28969 15313
28969 15313
28984 15285
28984 15285
28984 15285
28984 15285
28984 15285
28984 15285
28984 15285
28984 15285
28984 15285
28984 15285
28999 15258
28999 15258
28999 15258
28999 15258
28999 15258
28999 15258
28999 15258
28999 15258
28999 15258
28999 15258
29015 15229
29015 15229
29015 15229
29015 15229
29015 15229
29015 15229
29015 15229
29015 15229
29015 15229
29015 15229
29030 15200
29030 15200
29030 15200
29030 15200
29030 15200
29030 15200
29030 15200
29030 15200
29030 15200
29030 15200
29044 15172
29044 15172
29044 15172
29044 15172
29044 15172
29044 15172
29044 15172
29044 15172
29044 15172
29044 15172
29058 15144
29058 15144
29058 15144
29058 15144
29058 15144
29058 15144
29058 15144
29058 15144
29058 15144
29058 15144
29074 15115
29074 15115
29074 15115
29074 15115
29074 15115
29074 15115
29074 15115
29074 15115
29074 15115
29074 15115
29074 15115
29089 15088
29089 15088
29089 15088
29058 15081
29058 15081
29058 15081
29058 15081
29073 15053
29073 15053
29073 15053
29073 15053
29073 15053
29073 15053
29073 15053
29073 15053
29073 15053
29073 15053
29088 15024
29088 15024
29088 15024
29088 15024
29088 15024
29088 15024
29088 15024
29088 15024
29088 15024
29088 15024
29088 15024
29102 14996
29102 14996
29102 14996
29102 14996
29102 14996
29102 14996
29102 14996
29102 14996
29102 14996
29102 14996
29117 14968
29117 14968
29117 14968
29117 14968
29117 14968
29117 14968
29117 14968
29117 14968
29117 14968
29117 14968
29131 14940
29131 14940
29131 14940
29131 14940
29131 14940
29131 14940
29131 14940
29131 14940
29131 14940
29131 14940
29146 14911
29146 14911
29146 14911
29146 14911
29146 14911
29146 14911
29146 14911
29146 14911
29146 14911
29146 14911
29160 14882
29160 14882
29160 14882
29160 14882
29160 14882
29160 14882
29160 14882
29160 14882
29160 14882
29160 14882
29175 14853
29175 14853
29175 14853
29175 14853
29175 14853
29175 14853
29175 14853
29175 14853
29175 14853
29175 14853
29189 14826
29189 14826
29189 14826
29189 14826
29189 14826
29189 14826
29189 14826
29189 14826
29189 14826
29189 14826
29203 14797
29203 14797
29203 14797
29203 14797
29203 14797
29203 14797
29203 14797
29203 14797
29203 14797
29203 14797
29203 14797
29217 14769
29217 14769
29217 14769
29217 14769
29217 14769
29217 14769
29217 14769
29217 14769
29217 14769
29217 14769
29232 14740
29232 14740
29232 14740
29232 14740
29232 14740
29232 14740
29232 14740
29232 14740
29232 14740
29232 14740
29246 14712
29246 14712
29239 14727
29239 14727
29239 14727
29252 14699
29252 14699
29252 14699
29252 14699
29252 14699
29252 14699
29252 14699
29252 14699
29252 14699
29252 14699
29267 14670
29267 14670
29267 14670
29267 14670
29267 14670
29267 14670
29267 14670
29267 14670
29267 14670
29267 14670
29281 14642
29281 14642
29281 14642
29281 14642
29281 14642
29281 14642
29281 14642
29281 14642
29281 14642
29281 14642
29296 14613
29296 14613
29296 14613
29296 14613
29296 14613
29296 14613
29296 14613
29296 14613
29296 14613
29296 14613
29296 14613
29310 14585
29310 14585
29310 14585
29310 14585
29310 14585
29310 14585
29310 14585
29310 14585
29310 14585
29310 14585
29324 14556
29324 14556
29324 14556
29324 14556
29324 14556
29324 14556
29324 14556
29324 14556
29324 14556
29324 14556
29338 14529
29338 14529
29338 14529
29338 14529
29338 14529
29338 14529
29338 14529
29338 14529
29338 14529
29338 14529
29353 14499
29353 14499
29353 14499
29353 14499
29353 14499
29353 14499
29353 14499
29353 14499
29353 14499
29353 14499
29367 14471
29367 14471
29367 14471
29367 14471
29367 14471
29367 14471
29367 14471
29367 14471
29367 14471
29367 14471
29381 14442
29381 14442
29381 14442
29381 14442
29381 14442
29381 14442
29381 14442
29381 14442
29381 14442
29381 14442
29395 14414
29395 14414
29395 14414
29395 14414
29395 14414
29395 14414
29395 14414
29395 14414
29395 14414
29395 14414
29410 14384
29410 14384
29410 14384
29410 14384
29410 14384
29410 14384
29410 14384
29410 14384
29410 14384
29410 14384
29410 14384
29424 14357
29424 14357
29424 14357
29411 14359
29411 14359
29411 14359
29411 14359
29425 14331
29425 14331
29425 14331
29425 14331
29425 14331
29425 14331
29425 14331
29425 14331
29425 14331
29425 14331
29439 14302
29439 14302
29439 14302
29439 14302
29439 14302
29439 14302
29439 14302
29439 14302
29439 14302
29439 14302
29439 14302
29453 14273
29453 14273
29453 14273
29453 14273
29453 14273
29453 14273
29453 14273
29453 14273
29453 14273
29453 14273
29467 14245
29467 14245
29467 14245
29467 14245
29467 14245
29467 14245
29467 14245
29467 14245
29467 14245
29467 14245
29481 14217
29481 14217
29481 14217
29481 14217
29481 14217
29481 14217
29481 14217
29481 14217
29481 14217
29481 14217
29495 14187
29495 14187
29495 14187
29495 14187
29495 14187
29495 14187
29495 14187
29495 14187
29495 14187
29495 14187
29508 14158
29508 14158
29508 14158
29508 14158
29508 14158
29508 14158
29508 14158
29508 14158
29508 14158
29508 14158
29522 14129
29522 14129
29522 14129
29522 14129
29522 14129
29522 14129
29522 14129
29522 14129
29522 14129
29522 14129
29535 14101
29535 14101
29535 14101
29535 14101
29535 14101
29535 14101
29535 14101
29535 14101
29535 14101
29535 14101
29549 14072
29549 14072
29549 14072
29549 14072
29549 14072
29549 14072
29549 14072
29549 14072
29549 14072
29549 14072
29549 14072
29563 14043
29563 14043
29563 14043
29563 14043
29563 14043
29563 14043
29563 14043
29563 14043
29563 14043
29563 14043
29576 14014
29576 14014
29576 14014
29576 14014
29576 14014
29576 14014
29576 14014
29576 14014
29576 14014
29576 14014
29590 13985
29590 13985
29583 14001
29583 14001
29583 14001
29596 13973
29596 13973
29596 13973
29596 13973
29596 13973
29596 13973
29596 13973
29596 13973
29596 13973
29596 13973
29610 13944
29610 13944
29610 13944
29610 13944
29610 13944
29610 13944
29610 13944
29610 13944
29610 13944
29610 13944
29623 13915
29623 13915
29623 13915
29623 13915
29623 13915
29623 13915
29623 13915
29623 13915
29623 13915
29623 13915
29637 13886
29637 13886
29637 13886
29637 13886
29637 13886
29637 13886
29637 13886
29637 13886
29637 13886
29637 13886
29637 13886
29651 13857
29651 13857
29651 13857
29651 13857
29651 13857
29651 13857
29651 13857
29651 13857
29651 13857
29651 13857
29664 13828
29664 13828
29664 13828
29664 13828
29664 13828
29664 13828
29664 13828
29664 13828
29664 13828
29664 13828
29677 13800
29677 13800
29677 13800
29677 13800
29677 13800
29677 13800
29677 13800
29677 13800
29677 13800
29677 13800
29692 13771
29692 13771
29692 13771
29692 13771
29692 13771
29692 13771
29692 13771
29692 13771
29692 13771
29692 13771
29705 13742
29705 13742
29705 13742
29705 13742
29705 13742
29705 13742
29705 13742
29705 13742
29705 13742
29705 13742
29718 13712
29718 13712
29718 13712
29718 13712
29718 13712
29718 13712
29718 13712
29718 13712
29718 13712
29718 13712
29731 13684
29731 13684
29731 13684
29731 13684
29731 13684
29731 13684
29731 13684
29731 13684
29731 13684
29731 13684
29745 13655
29745 13655
29745 13655
29745 13655
29745 13655
29745 13655
29745 13655
29745 13655
29745 13655
29745 13655
29745 13655
29759 13627
29759 13627
29759 13627
29763 13637
29763 13637
29763 13637
29763 13637
29777 13608
29777 13608
29777 13608
29777 13608
29777 13608
29777 13608
29777 13608
29777 13608
29777 13608
29777 13608
29790 13579
29790 13579
29790 13579
29790 13579
29790 13579
29790 13579
29790 13579
29790 13579
29790 13579
29790 13579
29790 13579
29803 13549
29803 13549
29803 13549
29803 13549
29803 13549
29803 13549
29803 13549
29803 13549
29803 13549
29803 13549
29817 13521
29817 13521
29817 13521
29817 13521
29817 13521
29817 13521
29817 13521
29817 13521
29817 13521
29817 13521
29829 13492
29829 13492
29829 13492
29829 13492
29829 13492
29829 13492
29829 13492
29829 13492
29829 13492
29829 13492
29842 13462
29842 13462
29842 13462
29842 13462
29842 13462
29842 13462
29842 13462
29842 13462
29842 13462
29842 13462
29855 13433
29855 13433
29855 13433
29855 13433
29855 13433
29855 13433
29855 13433
29855 13433
29855 13433
29855 13433
29868 13404
29868 13404
29868 13404
29868 13404
29868 13404
29868 13404
29868 13404
29868 13404
29868 13404
29868 13404
29881 13375
29881 13375
29881 13375
29881 13375
29881 13375
29881 13375
29881 13375
29881 13375
29881 13375
29881 13375
29894 13346
29894 13346
29894 13346
29894 13346
29894 13346
29894 13346
29894 13346
29894 13346
29894 13346
29894 13346
29894 13346
29907 13317
29907 13317
29907 13317
29907 13317
29907 13317
29907 13317
29907 13317
29907 13317
29907 13317
29907 13317
29920 13288
29920 13288
29920 13288
29920 13288
29920 13288
29920 13288
29920 13288
29920 13288
29920 13288
29920 13288
29933 13258
29933 13258
29926 13274
29926 13274
29926 13274
29938 13246
29938 13246
29938 13246
29938 13246
29938 13246
29938 13246
29938 13246
29938 13246
29938 13246
29938 13246
29951 13216
29951 13216
29951 13216
29951 13216
29951 13216
29951 13216
29951 13216
29951 13216
29951 13216
29951 13216
29964 13187
29964 13187
29964 13187
29964 13187
29964 13187
29964 13187
29964 13187
29964 13187
29964 13187
29964 13187
29977 13158
29977 13158
29977 13158
29977 13158
29977 13158
29977 13158
29977 13158
29977 13158
29977 13158
29977 13158
29977 13158
29990 13129
29990 13129
29990 13129
29990 13129
29990 13129
29990 13129
29990 13129
29990 13129
29990 13129
29990 13129
30003 13099
30003 13099
30003 13099
30003 13099
30003 13099
30003 13099
30003 13099
30003 13099
30003 13099
30003 13099
30016 13071
30016 13071
30016 13071
30016 13071
30016 13071
30016 13071
30016 13071
30016 13071
30016 13071
30016 13071
30029 13041
30029 13041
30029 13041
30029 13041
30029 13041
30029 13041
30029 13041
30029 13041
30029 13041
30029 13041
30042 13012
30042 13012
30042 13012
30042 13012
30042 13012
30042 13012
30042 13012
30042 13012
30042 13012
30042 13012
30054 12982
30054 12982
30054 12982
30054 12982
30054 12982
30054 12982
30054 12982
30054 12982
30054 12982
30054 12982
30067 12954
30067 12954
30067 12954
30067 12954
30067 12954
30067 12954
30067 12954
30067 12954
30067 12954
30067 12954
30080 12924
30080 12924
30080 12924
30080 12924
30080 12924
30080 12924
30080 12924
30080 12924
30080 12924
30080 12924
30080 12924
30093 12895
30093 12895
30093 12895
30116 12914
30116 12914
30116 12914
30116 12914
30129 12885
30129 12885
30129 12885
30129 12885
30129 12885
30129 12885
30129 12885
30129 12885
30129 12885
30129 12885
30141 12855
30141 12855
30141 12855
30141 12855
30141 12855
30141 12855
30141 12855
30141 12855
30141 12855
30141 12855
30141 12855
30154 12826
30154 12826
30154 12826
30154 12826
30154 12826
30154 12826
30154 12826
30154 12826
30154 12826
30154 12826
30167 12796
30167 12796
30167 12796
30167 12796
30167 12796
30167 12796
30167 12796
30167 12796
30167 12796
30167 12796
30179 12768
30179 12768
30179 12768
30179 12768
30179 12768
30179 12768
30179 12768
30179 12768
30179 12768
30179 12768
30191 12737
30191 12737
30191 12737
30191 12737
30191 12737
30191 12737
30191 12737
30191 12737
30191 12737
30191 12737
30203 12708
30203 12708
30203 12708
30203 12708
30203 12708
30203 12708
30203 12708
30203 12708
30203 12708
30203 12708
30216 12678
30216 12678
30216 12678
30216 12678
30216 12678
30216 12678
30216 12678
30216 12678
30216 12678
30216 12678
30228 12650
30228 12650
30228 12650
30228 12650
30228 12650
30228 12650
30228 12650
30228 12650
30228 12650
30228 12650
30240 12620
30240 12620
30240 12620
30240 12620
30240 12620
30240 12620
30240 12620
30240 12620
30240 12620
30240 12620
30240 12620
30252 12590
30252 12590
30252 12590
30252 12590
30252 12590
30252 12590
30252 12590
30252 12590
30252 12590
30252 12590
30264 12561
30264 12561
30264 12561
30264 12561
30264 12561
30264 12561
30264 12561
30264 12561
30264 12561
30264 12561
30277 12531
30277 12531
30270 12547
30270 12547
30270 12547
30282 12518
30282 12518
30282 12518
30282 12518
30282 12518
30282 12518
30282 12518
30282 12518
30282 12518
30282 12518
30294 12489
30294 12489
30294 12489
30294 12489
30294 12489
30294 12489
30294 12489
30294 12489
30294 12489
30294 12489
30306 12459
30306 12459
30306 12459
30306 12459
30306 12459
30306 12459
30306 12459
30306 12459
30306 12459
30306 12459
30319 12430
30319 12430
30319 12430
30319 12430
30319 12430
30319 12430
30319 12430
30319 12430
30319 12430
30319 12430
30319 12430
30331 12400
30331 12400
30331 12400
30331 12400
30331 12400
30331 12400
30331 12400
30331 12400
30331 12400
30331 12400
30343 12371
30343 12371
30343 12371
30343 12371
30343 12371
30343 12371
30343 12371
30343 12371
30343 12371
30343 12371
30355 12342
30355 12342
30355 12342
30355 12342
30355 12342
30355 12342
30355 12342
30355 12342
30355 12342
30355 12342
30368 12311
30368 12311
30368 12311
30368 12311
30368 12311
30368 12311
30368 12311
30368 12311
30368 12311
30368 12311
30380 12282
30380 12282
30380 12282
30380 12282
30380 12282
30380 12282
30380 12282
30380 12282
30380 12282
30380 12282
30391 12252
30391 12252
30391 12252
30391 12252
30391 12252
30391 12252
30391 12252
30391 12252
30391 12252
30391 12252
30403 12223
30403 12223
30403 12223
30403 12223
30403 12223
30403 12223
30403 12223
30403 12223
30403 12223
30403 12223
30416 12193
30416 12193
30416 12193
30416 12193
30416 12193
30416 12193
30416 12193
30416 12193
30416 12193
30416 12193
30416 12193
30428 12164
30428 12164
30428 12164
30396 12160
30396 12160
30396 12160
30396 12160
30409 12131
30409 12131
30409 12131
30409 12131
30409 12131
30409 12131
30409 12131
30409 12131
30409 12131
30409 12131
30420 12101
30420 12101
30420 12101
30420 12101
30420 12101
30420 12101
30420 12101
30420 12101
30420 12101
30420 12101
30420 12101
30432 12071
30432 12071
30432 12071
30432 12071
30432 12071
30432 12071
30432 12071
30432 12071
30432 12071
30432 12071
30444 12042
30444 12042
30444 12042
30444 12042
30444 12042
30444 12042
30444 12042
30444 12042
30444 12042
30444 12042
30455 12013
30455 12013
30455 12013
30455 12013
30455 12013
30455 12013
30455 12013
30455 12013
30455 12013
30455 12013
30467 11982
30467 11982
30467 11982
30467 11982
30467 11982
30467 11982
30467 11982
30467 11982
30467 11982
30467 11982
30479 11952
30479 11952
30479 11952
30479 11952
30479 11952
30479 11952
30479 11952
30479 11952
30479 11952
30479 11952
30490 11922
30490 11922
30490 11922
30490 11922
30490 11922
30490 11922
30490 11922
30490 11922
30490 11922
30490 11922
30501 11894
30501 11894
30501 11894
30501 11894
30501 11894
30501 11894
30501 11894
30501 11894
30501 11894
30501 11894
30513 11864
30513 11864
30513 11864
30513 11864
30513 11864
30513 11864
30513 11864
30513 11864
30513 11864
30513 11864
30513 11864
30524 11834
30524 11834
30524 11834
30524 11834
30524 11834
30524 11834
30524 11834
30524 11834
30524 11834
30524 11834
30536 11804
30536 11804
30536 11804
30536 11804
30536 11804
30536 11804
30536 11804
30536 11804
30536 11804
30536 11804
30547 11774
30547 11774
30541 11790
30541 11790
30541 11790
30552 11761
30552 11761
30552 11761
30552 11761
30552 11761
30552 11761
30552 11761
30552 11761
30552 11761
30552 11761
30564 11731
30564 11731
30564 11731
30564 11731
30564 11731
30564 11731
30564 11731
30564 11731
30564 11731
30564 11731
30575 11702
30575 11702
30575 11702
30575 11702
30575 11702
30575 11702
30575 11702
30575 11702
30575 11702
30575 11702
30587 11672
30587 11672
30587 11672
30587 11672
30587 11672
30587 11672
30587 11672
30587 11672
30587 11672
30587 11672
30587 11672
30598 11642
30598 11642
30598 11642
30598 11642
30598 11642
30598 11642
30598 11642
30598 11642
30598 11642
30598 11642
30610 11612
30610 11612
30610 11612
30610 11612
30610 11612
30610 11612
30610 11612
30610 11612
30610 11612
30610 11612
30621 11583
30621 11583
30621 11583
30621 11583
30621 11583
30621 11583
30621 11583
30621 11583
30621 11583
30621 11583
30633 11552
30633 11552
30633 11552
30633 11552
30633 11552
30633 11552
30633 11552
30633 11552
30633 11552
30633 11552
30644 11523
30644 11523
30644 11523
30644 11523
30644 11523
30644 11523
30644 11523
30644 11523
30644 11523
30644 11523
30655 11492
30655 11492
30655 11492
30655 11492
30655 11492
30655 11492
30655 11492
30655 11492
30655 11492
30655 11492
30666 11463
30666 11463
30666 11463
30666 11463
30666 11463
30666 11463
30666 11463
30666 11463
30666 11463
30666 11463
30678 11433
30678 11433
30678 11433
30678 11433
30678 11433
30678 11433
30678 11433
30678 11433
30678 11433
30678 11433
30678 11433
30689 11404
30689 11404
30689 11404
30677 11407
30677 11407
30677 11407
30677 11407
30688 11377
30688 11377
30688 11377
30688 11377
30688 11377
30688 11377
30688 11377
30688 11377
30688 11377
30688 11377
30699 11347
30699 11347
30699 11347
30699 11347
30699 11347
30699 11347
30699 11347
30699 11347
30699 11347
30699 11347
30699 11347
30710 11317
30710 11317
30710 11317
30710 11317
30710 11317
30710 11317
30710 11317
30710 11317
30710 11317
30710 11317
30722 11287
30722 11287
30722 11287
30722 11287
30722 11287
30722 11287
30722 11287
30722 11287
30722 11287
30722 11287
30732 11258
30732 11258
30732 11258
30732 11258
30732 11258
30732 11258
30732 11258
30732 11258
30732 11258
30732 11258
30743 11227
30743 11227
30743 11227
30743 11227
30743 11227
30743 11227
30743 11227
30743 11227
30743 11227
30743 11227
30754 11197
30754 11197
30754 11197
30754 11197
30754 11197
30754 11197
30754 11197
30754 11197
30754 11197
30754 11197
30765 11167
30765 11167
30765 11167
30765 11167
30765 11167
30765 11167
30765 11167
30765 11167
30765 11167
30765 11167
30775 11138
30775 11138
30775 11138
30775 11138
30775 11138
30775 11138
30775 11138
30775 11138
30775 11138
30775 11138
30786 11107
30786 11107
30786 11107
30786 11107
30786 11107
30786 11107
30786 11107
30786 11107
30786 11107
30786 11107
30786 11107
30797 11077
30797 11077
30797 11077
30797 11077
30797 11077
30797 11077
30797 11077
30797 11077
30797 11077
30797 11077
30807 11047
30807 11047
30807 11047
30807 11047
30807 11047
30807 11047
30807 11047
30807 11047
30807 11047
30807 11047
30818 11017
30818 11017
30812 11033
30812 11033
30812 11033
30823 11004
30823 11004
30823 11004
30823 11004
30823 11004
30823 11004
30823 11004
30823 11004
30823 11004
30823 11004
30834 10974
30834 10974
30834 10974
30834 10974
30834 10974
30834 10974
30834 10974
30834 10974
30834 10974
30834 10974
30844 10944
30844 10944
30844 10944
30844 10944
30844 10944
30844 10944
30844 10944
30844 10944
30844 10944
30844 10944
30855 10914
30855 10914
30855 10914
30855 10914
30855 10914
30855 10914
30855 10914
30855 10914
30855 10914
30855 10914
30855 10914
30866 10884
30866 10884
30866 10884
30866 10884
30866 10884
30866 10884
30866 10884
30866 10884
30866 10884
30866 10884
30877 10854
30877 10854
30877 10854
30877 10854
30877 10854
30877 10854
30877 10854
30877 10854
30877 10854
30877 10854
30887 10824
30887 10824
30887 10824
30887 10824
30887 10824
30887 10824
30887 10824
30887 10824
30887 10824
30887 10824
30898 10793
30898 10793
30898 10793
30898 10793
30898 10793
30898 10793
30898 10793
30898 10793
30898 10793
30898 10793
30909 10763
30909 10763
30909 10763
30909 10763
30909 10763
30909 10763
30909 10763
30909 10763
30909 10763
30909 10763
30919 10733
30919 10733
30919 10733
30919 10733
30919 10733
30919 10733
30919 10733
30919 10733
30919 10733
30919 10733
30929 10704
30929 10704
30929 10704
30929 10704
30929 10704
30929 10704
30929 10704
30929 10704
30929 10704
30929 10704
30940 10673
30940 10673
30940 10673
30940 10673
30940 10673
30940 10673
30940 10673
30940 10673
30940 10673
30940 10673
30940 10673
30951 10644
30951 10644
30951 10644
30956 10653
30956 10653
30956 10653
30956 10653
30967 10623
30967 10623
30967 10623
30967 10623
30967 10623
30967 10623
30967 10623
30967 10623
30967 10623
30967 10623
30977 10593
30977 10593
30977 10593
30977 10593
30977 10593
30977 10593
30977 10593
30977 10593
30977 10593
30977 10593
30977 10593
30987 10562
30987 10562
30987 10562
30987 10562
30987 10562
30987 10562
30987 10562
30987 10562
30987 10562
30987 10562
30998 10532
30998 10532
30998 10532
30998 10532
30998 10532
30998 10532
30998 10532
30998 10532
30998 10532
30998 10532
31008 10503
31008 10503
31008 10503
31008 10503
31008 10503
31008 10503
31008 10503
31008 10503
31008 10503
31008 10503
31018 10472
31018 10472
31018 10472
31018 10472
31018 10472
31018 10472
31018 10472
31018 10472
31018 10472
31018 10472
31028 10441
31028 10441
31028 10441
31028 10441
31028 10441
31028 10441
31028 10441
31028 10441
31028 10441
31028 10441
31038 10411
31038 10411
31038 10411
31038 10411
31038 10411
31038 10411
31038 10411
31038 10411
31038 10411
31038 10411
31048 10382
31048 10382
31048 10382
31048 10382
31048 10382
31048 10382
31048 10382
31048 10382
31048 10382
31048 10382
31058 10351
31058 10351
31058 10351
31058 10351
31058 10351
31058 10351
31058 10351
31058 10351
31058 10351
31058 10351
31058 10351
31068 10321
31068 10321
31068 10321
31068 10321
31068 10321
31068 10321
31068 10321
31068 10321
31068 10321
31068 10321
31078 10291
31078 10291
31078 10291
31078 10291
31078 10291
31078 10291
31078 10291
31078 10291
31078 10291
31078 10291
31088 10260
31088 10260
31083 10276
31083 10276
31083 10276
31092 10247
31092 10247
31092 10247
31092 10247
31092 10247
31092 10247
31092 10247
31092 10247
31092 10247
31092 10247
31102 10217
31102 10217
31102 10217
31102 10217
31102 10217
31102 10217
31102 10217
31102 10217
31102 10217
31102 10217
31112 10186
31112 10186
31112 10186
31112 10186
31112 10186
31112 10186
31112 10186
31112 10186
31112 10186
31112 10186
31122 10156
31122 10156
31122 10156
31122 10156
31122 10156
31122 10156
31122 10156
31122 10156
31122 10156
31122 10156
31122 10156
31132 10125
31132 10125
31132 10125
31132 10125
31132 10125
31132 10125
31132 10125
31132 10125
31132 10125
31132 10125
31142 10095
31142 10095
31142 10095
31142 10095
31142 10095
31142 10095
31142 10095
31142 10095
31142 10095
31142 10095
31152 10066
31152 10066
31152 10066
31152 10066
31152 10066
31152 10066
31152 10066
31152 10066
31152 10066
31152 10066
31162 10034
31162 10034
31162 10034
31162 10034
31162 10034
31162 10034
31162 10034
31162 10034
31162 10034
31162 10034
31172 10004
31172 10004
31172 10004
31172 10004
31172 10004
31172 10004
31172 10004
31172 10004
31172 10004
31172 10004
31182 9973
31182 9973
31182 9973
31182 9973
31182 9973
31182 9973
31182 9973
31182 9973
31182 9973
31182 9973
31191 9944
31191 9944
31191 9944
31191 9944
31191 9944
31191 9944
31191 9944
31191 9944
31191 9944
31191 9944
31202 9913
31202 9913
31202 9913
31202 9913
31202 9913
31202 9913
31202 9913
31202 9913
31202 9913
31202 9913
31202 9913
31211 9883
31211 9883
31211 9883
31236 9900
31236 9900
31236 9900
31236 9900
31247 9869
31247 9869
31247 9869
31247 9869
31247 9869
31247 9869
31247 9869
31247 9869
31247 9869
31247 9869
31256 9839
31256 9839
31256 9839
31256 9839
31256 9839
31256 9839
31256 9839
31256 9839
31256 9839
31256 9839
31256 9839
31265 9808
31265 9808
31265 9808
31265 9808
31265 9808
31265 9808
31265 9808
31265 9808
31265 9808
31265 9808
31275 9778
31275 9778
31275 9778
31275 9778
31275 9778
31275 9778
31275 9778
31275 9778
31275 9778
31275 9778
31284 9748
31284 9748
31284 9748
31284 9748
31284 9748
31284 9748
31284 9748
31284 9748
31284 9748
31284 9748
31294 9716
31294 9716
31294 9716
31294 9716
31294 9716
31294 9716
31294 9716
31294 9716
31294 9716
31294 9716
31303 9686
31303 9686
31303 9686
31303 9686
31303 9686
31303 9686
31303 9686
31303 9686
31303 9686
31303 9686
31313 9655
31313 9655
31313 9655
31313 9655
31313 9655
31313 9655
31313 9655
31313 9655
31313 9655
31313 9655
31321 9626
31321 9626
31321 9626
31321 9626
31321 9626
31321 9626
31321 9626
31321 9626
31321 9626
31321 9626
31331 9595
31331 9595
31331 9595
31331 9595
31331 9595
31331 9595
31331 9595
31331 9595
31331 9595
31331 9595
31331 9595
31340 9564
31340 9564
31340 9564
31340 9564
31340 9564
31340 9564
31340 9564
31340 9564
31340 9564
31340 9564
31349 9534
31349 9534
31349 9534
31349 9534
31349 9534
31349 9534
31349 9534
31349 9534
31349 9534
31349 9534
31359 9503
31359 9503
31354 9519
31354 9519
31354 9519
31363 9490
31363 9490
31363 9490
31363 9490
31363 9490
31363 9490
31363 9490
31363 9490
31363 9490
31363 9490
31372 9459
31372 9459
31372 9459
31372 9459
31372 9459
31372 9459
31372 9459
31372 9459
31372 9459
31372 9459
31381 9428
31381 9428
31381 9428
31381 9428
31381 9428
31381 9428
31381 9428
31381 9428
31381 9428
31381 9428
31391 9398
31391 9398
31391 9398
31391 9398
31391 9398
31391 9398
31391 9398
31391 9398
31391 9398
31391 9398
31391 9398
31400 9367
31400 9367
31400 9367
31400 9367
31400 9367
31400 9367
31400 9367
31400 9367
31400 9367
31400 9367
31409 9337
31409 9337
31409 9337
31409 9337
31409 9337
31409 9337
31409 9337
31409 9337
31409 9337
31409 9337
31418 9307
31418 9307
31418 9307
31418 9307
31418 9307
31418 9307
31418 9307
31418 9307
31418 9307
31418 9307
31428 9275
31428 9275
31428 9275
31428 9275
31428 9275
31428 9275
31428 9275
31428 9275
31428 9275
31428 9275
31437 9245
31437 9245
31437 9245
31437 9245
31437 9245
31437 9245
31437 9245
31437 9245
31437 9245
31437 9245
31445 9214
31445 9214
31445 9214
31445 9214
31445 9214
31445 9214
31445 9214
31445 9214
31445 9214
31445 9214
31454 9184
31454 9184
31454 9184
31454 9184
31454 9184
31454 9184
31454 9184
31454 9184
31454 9184
31454 9184
31464 9153
31464 9153
31464 9153
31464 9153
31464 9153
31464 9153
31464 9153
31464 9153
31464 9153
31464 9153
31464 9153
31473 9123
31473 9123
31473 9123
31441 9122
31441 9122
31441 9122
31441 9122
31450 9092
31450 9092
31450 9092
31450 9092
31450 9092
31450 9092
31450 9092
31450 9092
31450 9092
31450 9092
31459 9061
31459 9061
31459 9061
31459 9061
31459 9061
31459 9061
31459 9061
31459 9061
31459 9061
31459 9061
31459 9061
31467 9030
31467 9030
31467 9030
31467 9030
31467 9030
31467 9030
31467 9030
31467 9030
31467 9030
31467 9030
31477 8999
31477 8999
31477 8999
31477 8999
31477 8999
31477 8999
31477 8999
31477 8999
31477 8999
31477 8999
31485 8970
31485 8970
31485 8970
31485 8970
31485 8970
31485 8970
31485 8970
31485 8970
31485 8970
31485 8970
31494 8938
31494 8938
31494 8938
31494 8938
31494 8938
31494 8938
31494 8938
31494 8938
31494 8938
31494 8938
31503 8907
31503 8907
31503 8907
31503 8907
31503 8907
31503 8907
31503 8907
31503 8907
31503 8907
31503 8907
31511 8876
31511 8876
31511 8876
31511 8876
31511 8876
31511 8876
31511 8876
31511 8876
31511 8876
31511 8876
31519 8846
31519 8846
31519 8846
31519 8846
31519 8846
31519 8846
31519 8846
31519 8846
31519 8846
31519 8846
31528 8816
31528 8816
31528 8816
31528 8816
31528 8816
31528 8816
31528 8816
31528 8816
31528 8816
31528 8816
31528 8816
31536 8785
31536 8785
31536 8785
31536 8785
31536 8785
31536 8785
31536 8785
31536 8785
31536 8785
31536 8785
31545 8754
31545 8754
31545 8754
31545 8754
31545 8754
31545 8754
31545 8754
31545 8754
31545 8754
31545 8754
31553 8723
31553 8723
31549 8739
31549 8739
31549 8739
31557 8710
31557 8710
31557 8710
31557 8710
31557 8710
31557 8710
31557 8710
31557 8710
31557 8710
31557 8710
31566 8679
31566 8679
31566 8679
31566 8679
31566 8679
31566 8679
31566 8679
31566 8679
31566 8679
31566 8679
31574 8648
31574 8648
31574 8648
31574 8648
31574 8648
31574 8648
31574 8648
31574 8648
31574 8648
31574 8648
31583 8617
31583 8617
31583 8617
31583 8617
31583 8617
31583 8617
31583 8617
31583 8617
31583 8617
31583 8617
31583 8617
31591 8586
31591 8586
31591 8586
31591 8586
31591 8586
31591 8586
31591 8586
31591 8586
31591 8586
31591 8586
31600 8556
31600 8556
31600 8556
31600 8556
31600 8556
31600 8556
31600 8556
31600 8556
31600 8556
31600 8556
31608 8526
31608 8526
31608 8526
31608 8526
31608 8526
31608 8526
31608 8526
31608 8526
31608 8526
31608 8526
31617 8494
31617 8494
31617 8494
31617 8494
31617 8494
31617 8494
31617 8494
31617 8494
31617 8494
31617 8494
31625 8463
31625 8463
31625 8463
31625 8463
31625 8463
31625 8463
31625 8463
31625 8463
31625 8463
31625 8463
31633 8432
31633 8432
31633 8432
31633 8432
31633 8432
31633 8432
31633 8432
31633 8432
31633 8432
31633 8432
31641 8402
31641 8402
31641 8402
31641 8402
31641 8402
31641 8402
31641 8402
31641 8402
31641 8402
31641 8402
31650 8370
31650 8370
31650 8370
31650 8370
31650 8370
31650 8370
31650 8370
31650 8370
31650 8370
31650 8370
31650 8370
31658 8341
31658 8341
31658 8341
31647 8346
31647 8346
31647 8346
31647 8346
31655 8315
31655 8315
31655 8315
31655 8315
31655 8315
31655 8315
31655 8315
31655 8315
31655 8315
31655 8315
31663 8284
31663 8284
31663 8284
31663 8284
31663 8284
31663 8284
31663 8284
31663 8284
31663 8284
31663 8284
31663 8284
31671 8253
31671 8253
31671 8253
31671 8253
31671 8253
31671 8253
31671 8253
31671 8253
31671 8253
31671 8253
31680 8222
31680 8222
31680 8222
31680 8222
31680 8222
31680 8222
31680 8222
31680 8222
31680 8222
31680 8222
31687 8192
31687 8192
31687 8192
31687 8192
31687 8192
31687 8192
31687 8192
31687 8192
31687 8192
31687 8192
31695 8160
31695 8160
31695 8160
31695 8160
31695 8160
31695 8160
31695 8160
31695 8160
31695 8160
31695 8160
31703 8129
31703 8129
31703 8129
31703 8129
31703 8129
31703 8129
31703 8129
31703 8129
31703 8129
31703 8129
31711 8098
31711 8098
31711 8098
31711 8098
31711 8098
31711 8098
31711 8098
31711 8098
31711 8098
31711 8098
31718 8068
31718 8068
31718 8068
31718 8068
31718 8068
31718 8068
31718 8068
31718 8068
31718 8068
31718 8068
31726 8037
31726 8037
31726 8037
31726 8037
31726 8037
31726 8037
31726 8037
31726 8037
31726 8037
31726 8037
31726 8037
31734 8006
31734 8006
31734 8006
31734 8006
31734 8006
31734 8006
31734 8006
31734 8006
31734 8006
31734 8006
31741 7975
31741 7975
31741 7975
31741 7975
31741 7975
31741 7975
31741 7975
31741 7975
31741 7975
31741 7975
31749 7944
31749 7944
31745 7961
31745 7961
31745 7961
31753 7930
31753 7930
31753 7930
31753 7930
31753 7930
31753 7930
31753 7930
31753 7930
31753 7930
31753 7930
31760 7899
31760 7899
31760 7899
31760 7899
31760 7899
31760 7899
31760 7899
31760 7899
31760 7899
31760 7899
31768 7868
31768 7868
31768 7868
31768 7868
31768 7868
31768 7868
31768 7868
31768 7868
31768 7868
31768 7868
31776 7837
31776 7837
31776 7837
31776 7837
31776 7837
31776 7837
31776 7837
31776 7837
31776 7837
31776 7837
31776 7837
31784 7806
31784 7806
31784 7806
31784 7806
31784 7806
31784 7806
31784 7806
31784 7806
31784 7806
31784 7806
31791 7775
31791 7775
31791 7775
31791 7775
31791 7775
31791 7775
31791 7775
31791 7775
31791 7775
31791 7775
31799 7745
31799 7745
31799 7745
31799 7745
31799 7745
31799 7745
31799 7745
31799 7745
31799 7745
31799 7745
31807 7713
31807 7713
31807 7713
31807 7713
31807 7713
31807 7713
31807 7713
31807 7713
31807 7713
31807 7713
31815 7682
31815 7682
31815 7682
31815 7682
31815 7682
31815 7682
31815 7682
31815 7682
31815 7682
31815 7682
31822 7651
31822 7651
31822 7651
31822 7651
31822 7651
31822 7651
31822 7651
31822 7651
31822 7651
31822 7651
31829 7621
31829 7621
31829 7621
31829 7621
31829 7621
31829 7621
31829 7621
31829 7621
31829 7621
31829 7621
31837 7589
31837 7589
31837 7589
31837 7589
31837 7589
31837 7589
31837 7589
31837 7589
31837 7589
31837 7589
31837 7589
31845 7559
31845 7559
31845 7559
31851 7568
31851 7568
31851 7568
31851 7568
31859 7537
31859 7537
31859 7537
31859 7537
31859 7537
31859 7537
31859 7537
31859 7537
31859 7537
31859 7537
31866 7506
31866 7506
31866 7506
31866 7506
31866 7506
31866 7506
31866 7506
31866 7506
31866 7506
31866 7506
31866 7506
31873 7475
31873 7475
31873 7475
31873 7475
31873 7475
31873 7475
31873 7475
31873 7475
31873 7475
31873 7475
31881 7444
31881 7444
31881 7444
31881 7444
31881 7444
31881 7444
31881 7444
31881 7444
31881 7444
31881 7444
31888 7414
31888 7414
31888 7414
31888 7414
31888 7414
31888 7414
31888 7414
31888 7414
31888 7414
31888 7414
31895 7381
31895 7381
31895 7381
31895 7381
31895 7381
31895 7381
31895 7381
31895 7381
31895 7381
31895 7381
31902 7350
31902 7350
31902 7350
31902 7350
31902 7350
31902 7350
31902 7350
31902 7350
31902 7350
31902 7350
31909 7319
31909 7319
31909 7319
31909 7319
31909 7319
31909 7319
31909 7319
31909 7319
31909 7319
31909 7319
31916 7289
31916 7289
31916 7289
31916 7289
31916 7289
31916 7289
31916 7289
31916 7289
31916 7289
31916 7289
31923 7258
31923 7258
31923 7258
31923 7258
31923 7258
31923 7258
31923 7258
31923 7258
31923 7258
31923 7258
31923 7258
31930 7226
31930 7226
31930 7226
31930 7226
31930 7226
31930 7226
31930 7226
31930 7226
31930 7226
31930 7226
31937 7195
31937 7195
31937 7195
31937 7195
31937 7195
31937 7195
31937 7195
31937 7195
31937 7195
31937 7195
31944 7164
31944 7164
31940 7181
31940 7181
31940 7181
31947 7150
31947 7150
31947 7150
31947 7150
31947 7150
31947 7150
31947 7150
31947 7150
31947 7150
31947 7150
31954 7119
31954 7119
31954 7119
31954 7119
31954 7119
31954 7119
31954 7119
31954 7119
31954 7119
31954 7119
31961 7088
31961 7088
31961 7088
31961 7088
31961 7088
31961 7088
31961 7088
31961 7088
31961 7088
31961 7088
31968 7057
31968 7057
31968 7057
31968 7057
31968 7057
31968 7057
31968 7057
31968 7057
31968 7057
31968 7057
31968 7057
31975 7026
31975 7026
31975 7026
31975 7026
31975 7026
31975 7026
31975 7026
31975 7026
31975 7026
31975 7026
31982 6994
31982 6994
31982 6994
31982 6994
31982 6994
31982 6994
31982 6994
31982 6994
31982 6994
31982 6994
31989 6964
31989 6964
31989 6964
31989 6964
31989 6964
31989 6964
31989 6964
31989 6964
31989 6964
31989 6964
31996 6932
31996 6932
31996 6932
31996 6932
31996 6932
31996 6932
31996 6932
31996 6932
31996 6932
31996 6932
32003 6901
32003 6901
32003 6901
32003 6901
32003 6901
32003 6901
32003 6901
32003 6901
32003 6901
32003 6901
32009 6869
32009 6869
32009 6869
32009 6869
32009 6869
32009 6869
32009 6869
32009 6869
32009 6869
32009 6869
32016 6839
32016 6839
32016 6839
32016 6839
32016 6839
32016 6839
32016 6839
32016 6839
32016 6839
32016 6839
32023 6807
32023 6807
32023 6807
32023 6807
32023 6807
32023 6807
32023 6807
32023 6807
32023 6807
32023 6807
32023 6807
32030 6777
32030 6777
32030 6777
32056 6791
32056 6791
32056 6791
32056 6791
32063 6759
32063 6759
32063 6759
32063 6759
32063 6759
32063 6759
32063 6759
32063 6759
32063 6759
32063 6759
32069 6728
32069 6728
32069 6728
32069 6728
32069 6728
32069 6728
32069 6728
32069 6728
32069 6728
32069 6728
32069 6728
32076 6697
32076 6697
32076 6697
32076 6697
32076 6697
32076 6697
32076 6697
32076 6697
32076 6697
32076 6697
32083 6665
32083 6665
32083 6665
32083 6665
32083 6665
32083 6665
32083 6665
32083 6665
32083 6665
32083 6665
32089 6635
32089 6635
32089 6635
32089 6635
32089 6635
32089 6635
32089 6635
32089 6635
32089 6635
32089 6635
32095 6603
32095 6603
32095 6603
32095 6603
32095 6603
32095 6603
32095 6603
32095 6603
32095 6603
32095 6603
32102 6571
32102 6571
32102 6571
32102 6571
32102 6571
32102 6571
32102 6571
32102 6571
32102 6571
32102 6571
32108 6540
32108 6540
32108 6540
32108 6540
32108 6540
32108 6540
32108 6540
32108 6540
32108 6540
32108 6540
32114 6510
32114 6510
32114 6510
32114 6510
32114 6510
32114 6510
32114 6510
32114 6510
32114 6510
32114 6510
32120 6478
32120 6478
32120 6478
32120 6478
32120 6478
32120 6478
32120 6478
32120 6478
32120 6478
32120 6478
32120 6478
32126 6447
32126 6447
32126 6447
32126 6447
32126 6447
32126 6447
32126 6447
32126 6447
32126 6447
32126 6447
32133 6415
32133 6415
32133 6415
32133 6415
32133 6415
32133 6415
32133 6415
32133 6415
32133 6415
32133 6415
32139 6384
32139 6384
32135 6401
32135 6401
32135 6401
32142 6370
32142 6370
32142 6370
32142 6370
32142 6370
32142 6370
32142 6370
32142 6370
32142 6370
32142 6370
32148 6339
32148 6339
32148 6339
32148 6339
32148 6339
32148 6339
32148 6339
32148 6339
32148 6339
32148 6339
32154 6307
32154 6307
32154 6307
32154 6307
32154 6307
32154 6307
32154 6307
32154 6307
32154 6307
32154 6307
32160 6276
32160 6276
32160 6276
32160 6276
32160 6276
32160 6276
32160 6276
32160 6276
32160 6276
32160 6276
32160 6276
32166 6245
32166 6245
32166 6245
32166 6245
32166 6245
32166 6245
32166 6245
32166 6245
32166 6245
32166 6245
32173 6213
32173 6213
32173 6213
32173 6213
32173 6213
32173 6213
32173 6213
32173 6213
32173 6213
32173 6213
32179 6183
32179 6183
32179 6183
32179 6183
32179 6183
32179 6183
32179 6183
32179 6183
32179 6183
32179 6183
32185 6151
32185 6151
32185 6151
32185 6151
32185 6151
32185 6151
32185 6151
32185 6151
32185 6151
32185 6151
32191 6119
32191 6119
32191 6119
32191 6119
32191 6119
32191 6119
32191 6119
32191 6119
32191 6119
32191 6119
32197 6088
32197 6088
32197 6088
32197 6088
32197 6088
32197 6088
32197 6088
32197 6088
32197 6088
32197 6088
32203 6057
32203 6057
32203 6057
32203 6057
32203 6057
32203 6057
32203 6057
32203 6057
32203 6057
32203 6057
32209 6025
32209 6025
32209 6025
32209 6025
32209 6025
32209 6025
32209 6025
32209 6025
32209 6025
32209 6025
32209 6025
32215 5994
32215 5994
32215 5994
32184 5997
32184 5997
32184 5997
32184 5997
32190 5966
32190 5966
32190 5966
32190 5966
32190 5966
32190 5966
32190 5966
32190 5966
32190 5966
32190 5966
32196 5934
32196 5934
32196 5934
32196 5934
32196 5934
32196 5934
32196 5934
32196 5934
32196 5934
32196 5934
32196 5934
32201 5903
32201 5903
32201 5903
32201 5903
32201 5903
32201 5903
32201 5903
32201 5903
32201 5903
32201 5903
32208 5871
32208 5871
32208 5871
32208 5871
32208 5871
32208 5871
32208 5871
32208 5871
32208 5871
32208 5871
32213 5841
32213 5841
32213 5841
32213 5841
32213 5841
32213 5841
32213 5841
32213 5841
32213 5841
32213 5841
32218 5808
32218 5808
32218 5808
32218 5808
32218 5808
32218 5808
32218 5808
32218 5808
32218 5808
32218 5808
32224 5777
32224 5777
32224 5777
32224 5777
32224 5777
32224 5777
32224 5777
32224 5777
32224 5777
32224 5777
32229 5745
32229 5745
32229 5745
32229 5745
32229 5745
32229 5745
32229 5745
32229 5745
32229 5745
32229 5745
32235 5715
32235 5715
32235 5715
32235 5715
32235 5715
32235 5715
32235 5715
32235 5715
32235 5715
32235 5715
32240 5683
32240 5683
32240 5683
32240 5683
32240 5683
32240 5683
32240 5683
32240 5683
32240 5683
32240 5683
32240 5683
32246 5652
32246 5652
32246 5652
32246 5652
32246 5652
32246 5652
32246 5652
32246 5652
32246 5652
32246 5652
32251 5620
32251 5620
32251 5620
32251 5620
32251 5620
32251 5620
32251 5620
32251 5620
32251 5620
32251 5620
32257 5589
32257 5589
32254 5606
32254 5606
32254 5606
32259 5575
32259 5575
32259 5575
32259 5575
32259 5575
32259 5575
32259 5575
32259 5575
32259 5575
32259 5575
32264 5544
32264 5544
32264 5544
32264 5544
32264 5544
32264 5544
32264 5544
32264 5544
32264 5544
32264 5544
32270 5512
32270 5512
32270 5512
32270 5512
32270 5512
32270 5512
32270 5512
32270 5512
32270 5512
32270 5512
32275 5481
32275 5481
32275 5481
32275 5481
32275 5481
32275 5481
32275 5481
32275 5481
32275 5481
32275 5481
32275 5481
32281 5449
32281 5449
32281 5449
32281 5449
32281 5449
32281 5449
32281 5449
32281 5449
32281 5449
32281 5449
32286 5418
32286 5418
32286 5418
32286 5418
32286 5418
32286 5418
32286 5418
32286 5418
32286 5418
32286 5418
32292 5387
32292 5387
32292 5387
32292 5387
32292 5387
32292 5387
32292 5387
32292 5387
32292 5387
32292 5387
32297 5355
32297 5355
32297 5355
32297 5355
32297 5355
32297 5355
32297 5355
32297 5355
32297 5355
32297 5355
32303 5323
32303 5323
32303 5323
32303 5323
32303 5323
32303 5323
32303 5323
32303 5323
32303 5323
32303 5323
32307 5292
32307 5292
32307 5292
32307 5292
32307 5292
32307 5292
32307 5292
32307 5292
32307 5292
32307 5292
32312 5261
32312 5261
32312 5261
32312 5261
32312 5261
32312 5261
32312 5261
32312 5261
32312 5261
32312 5261
32318 5229
32318 5229
32318 5229
32318 5229
32318 5229
32318 5229
32318 5229
32318 5229
32318 5229
32318 5229
32318 5229
32323 5198
32323 5198
32323 5198
32312 5204
32312 5204
32312 5204
32312 5204
32317 5172
32317 5172
32317 5172
32317 5172
32317 5172
32317 5172
32317 5172
32317 5172
32317 5172
32317 5172
32322 5141
32322 5141
32322 5141
32322 5141
32322 5141
32322 5141
32322 5141
32322 5141
32322 5141
32322 5141
32322 5141
32327 5109
32327 5109
32327 5109
32327 5109
32327 5109
32327 5109
32327 5109
32327 5109
32327 5109
32327 5109
32332 5078
32332 5078
32332 5078
32332 5078
32332 5078
32332 5078
32332 5078
32332 5078
32332 5078
32332 5078
32337 5047
32337 5047
32337 5047
32337 5047
32337 5047
32337 5047
32337 5047
32337 5047
32337 5047
32337 5047
32342 5014
32342 5014
32342 5014
32342 5014
32342 5014
32342 5014
32342 5014
32342 5014
32342 5014
32342 5014
32346 4983
32346 4983
32346 4983
32346 4983
32346 4983
32346 4983
32346 4983
32346 4983
32346 4983
32346 4983
32351 4951
32351 4951
32351 4951
32351 4951
32351 4951
32351 4951
32351 4951
32351 4951
32351 4951
32351 4951
32356 4920
32356 4920
32356 4920
32356 4920
32356 4920
32356 4920
32356 4920
32356 4920
32356 4920
32356 4920
32360 4889
32360 4889
32360 4889
32360 4889
32360 4889
32360 4889
32360 4889
32360 4889
32360 4889
32360 4889
32360 4889
32365 4857
32365 4857
32365 4857
32365 4857
32365 4857
32365 4857
32365 4857
32365 4857
32365 4857
32365 4857
32370 4826
32370 4826
32370 4826
32370 4826
32370 4826
32370 4826
32370 4826
32370 4826
32370 4826
32370 4826
32374 4794
32374 4794
32372 4811
32372 4811
32372 4811
32376 4780
32376 4780
32376 4780
32376 4780
32376 4780
32376 4780
32376 4780
32376 4780
32376 4780
32376 4780
32381 4749
32381 4749
32381 4749
32381 4749
32381 4749
32381 4749
32381 4749
32381 4749
32381 4749
32381 4749
32386 4717
32386 4717
32386 4717
32386 4717
32386 4717
32386 4717
32386 4717
32386 4717
32386 4717
32386 4717
32390 4685
32390 4685
32390 4685
32390 4685
32390 4685
32390 4685
32390 4685
32390 4685
32390 4685
32390 4685
32390 4685
32395 4654
32395 4654
32395 4654
32395 4654
32395 4654
32395 4654
32395 4654
32395 4654
32395 4654
32395 4654
32400 4622
32400 4622
32400 4622
32400 4622
32400 4622
32400 4622
32400 4622
32400 4622
32400 4622
32400 4622
32404 4591
32404 4591
32404 4591
32404 4591
32404 4591
32404 4591
32404 4591
32404 4591
32404 4591
32404 4591
32409 4559
32409 4559
32409 4559
32409 4559
32409 4559
32409 4559
32409 4559
32409 4559
32409 4559
32409 4559
32414 4527
32414 4527
32414 4527
32414 4527
32414 4527
32414 4527
32414 4527
32414 4527
32414 4527
32414 4527
32418 4495
32418 4495
32418 4495
32418 4495
32418 4495
32418 4495
32418 4495
32418 4495
32418 4495
32418 4495
32422 4465
32422 4465
32422 4465
32422 4465
32422 4465
32422 4465
32422 4465
32422 4465
32422 4465
32422 4465
32427 4432
32427 4432
32427 4432
32427 4432
32427 4432
32427 4432
32427 4432
32427 4432
32427 4432
32427 4432
32427 4432
32432 4402
32432 4402
32432 4402
32439 4409
32439 4409
32439 4409
32439 4409
32444 4378
32444 4378
32444 4378
32444 4378
32444 4378
32444 4378
32444 4378
32444 4378
32444 4378
32444 4378
32448 4346
32448 4346
32448 4346
32448 4346
32448 4346
32448 4346
32448 4346
32448 4346
32448 4346
32448 4346
32448 4346
32452 4314
32452 4314
32452 4314
32452 4314
32452 4314
32452 4314
32452 4314
32452 4314
32452 4314
32452 4314
32457 4283
32457 4283
32457 4283
32457 4283
32457 4283
32457 4283
32457 4283
32457 4283
32457 4283
32457 4283
32461 4252
32461 4252
32461 4252
32461 4252
32461 4252
32461 4252
32461 4252
32461 4252
32461 4252
32461 4252
32465 4219
32465 4219
32465 4219
32465 4219
32465 4219
32465 4219
32465 4219
32465 4219
32465 4219
32465 4219
32469 4187
32469 4187
32469 4187
32469 4187
32469 4187
32469 4187
32469 4187
32469 4187
32469 4187
32469 4187
32473 4156
32473 4156
32473 4156
32473 4156
32473 4156
32473 4156
32473 4156
32473 4156
32473 4156
32473 4156
32476 4125
32476 4125
32476 4125
32476 4125
32476 4125
32476 4125
32476 4125
32476 4125
32476 4125
32476 4125
32480 4093
32480 4093
32480 4093
32480 4093
32480 4093
32480 4093
32480 4093
32480 4093
32480 4093
32480 4093
32480 4093
32484 4061
32484 4061
32484 4061
32484 4061
32484 4061
32484 4061
32484 4061
32484 4061
32484 4061
32484 4061
32488 4030
32488 4030
32488 4030
32488 4030
32488 4030
32488 4030
32488 4030
32488 4030
32488 4030
32488 4030
32492 3998
32492 3998
32490 4015
32490 4015
32490 4015
32494 3984
32494 3984
32494 3984
32494 3984
32494 3984
32494 3984
32494 3984
32494 3984
32494 3984
32494 3984
32498 3952
32498 3952
32498 3952
32498 3952
32498 3952
32498 3952
32498 3952
32498 3952
32498 3952
32498 3952
32502 3921
32502 3921
32502 3921
32502 3921
32502 3921
32502 3921
32502 3921
32502 3921
32502 3921
32502 3921
32506 3889
32506 3889
32506 3889
32506 3889
32506 3889
32506 3889
32506 3889
32506 3889
32506 3889
32506 3889
32506 3889
32509 3857
32509 3857
32509 3857
32509 3857
32509 3857
32509 3857
32509 3857
32509 3857
32509 3857
32509 3857
32513 3825
32513 3825
32513 3825
32513 3825
32513 3825
32513 3825
32513 3825
32513 3825
32513 3825
32513 3825
32517 3795
32517 3795
32517 3795
32517 3795
32517 3795
32517 3795
32517 3795
32517 3795
32517 3795
32517 3795
32521 3762
32521 3762
32521 3762
32521 3762
32521 3762
32521 3762
32521 3762
32521 3762
32521 3762
32521 3762
32525 3730
32525 3730
32525 3730
32525 3730
32525 3730
32525 3730
32525 3730
32525 3730
32525 3730
32525 3730
32528 3698
32528 3698
32528 3698
32528 3698
32528 3698
32528 3698
32528 3698
32528 3698
32528 3698
32528 3698
32532 3668
32532 3668
32532 3668
32532 3668
32532 3668
32532 3668
32532 3668
32532 3668
32532 3668
32532 3668
32536 3635
32536 3635
32536 3635
32536 3635
32536 3635
32536 3635
32536 3635
32536 3635
32536 3635
32536 3635
32536 3635
32540 3604
32540 3604
32540 3604
32567 3616
32567 3616
32567 3616
32567 3616
32571 3584
32571 3584
32571 3584
32571 3584
32571 3584
32571 3584
32571 3584
32571 3584
32571 3584
32571 3584
32574 3552
32574 3552
32574 3552
32574 3552
32574 3552
32574 3552
32574 3552
32574 3552
32574 3552
32574 3552
32574 3552
32578 3520
32578 3520
32578 3520
32578 3520
32578 3520
32578 3520
32578 3520
32578 3520
32578 3520
32578 3520
32582 3489
32582 3489
32582 3489
32582 3489
32582 3489
32582 3489
32582 3489
32582 3489
32582 3489
32582 3489
32585 3458
32585 3458
32585 3458
32585 3458
32585 3458
32585 3458
32585 3458
32585 3458
32585 3458
32585 3458
32588 3425
32588 3425
32588 3425
32588 3425
32588 3425
32588 3425
32588 3425
32588 3425
32588 3425
32588 3425
32591 3393
32591 3393
32591 3393
32591 3393
32591 3393
32591 3393
32591 3393
32591 3393
32591 3393
32591 3393
32594 3361
32594 3361
32594 3361
32594 3361
32594 3361
32594 3361
32594 3361
32594 3361
32594 3361
32594 3361
32597 3330
32597 3330
32597 3330
32597 3330
32597 3330
32597 3330
32597 3330
32597 3330
32597 3330
32597 3330
32600 3298
32600 3298
32600 3298
32600 3298
32600 3298
32600 3298
32600 3298
32600 3298
32600 3298
32600 3298
32600 3298
32604 3267
32604 3267
32604 3267
32604 3267
32604 3267
32604 3267
32604 3267
32604 3267
32604 3267
32604 3267
32607 3235
32607 3235
32607 3235
32607 3235
32607 3235
32607 3235
32607 3235
32607 3235
32607 3235
32607 3235
32610 3203
32610 3203
32608 3220
32608 3220
32608 3220
32611 3189
32611 3189
32611 3189
32611 3189
32611 3189
32611 3189
32611 3189
32611 3189
32611 3189
32611 3189
32614 3157
32614 3157
32614 3157
32614 3157
32614 3157
32614 3157
32614 3157
32614 3157
32614 3157
32614 3157
32618 3125
32618 3125
32618 3125
32618 3125
32618 3125
32618 3125
32618 3125
32618 3125
32618 3125
32618 3125
32621 3093
32621 3093
32621 3093
32621 3093
32621 3093
32621 3093
32621 3093
32621 3093
32621 3093
32621 3093
32621 3093
32624 3062
32624 3062
32624 3062
32624 3062
32624 3062
32624 3062
32624 3062
32624 3062
32624 3062
32624 3062
32627 3030
32627 3030
32627 3030
32627 3030
32627 3030
32627 3030
32627 3030
32627 3030
32627 3030
32627 3030
32630 2999
32630 2999
32630 2999
32630 2999
32630 2999
32630 2999
32630 2999
32630 2999
32630 2999
32630 2999
32633 2966
32633 2966
32633 2966
32633 2966
32633 2966
32633 2966
32633 2966
32633 2966
32633 2966
32633 2966
32636 2934
32636 2934
32636 2934
32636 2934
32636 2934
32636 2934
32636 2934
32636 2934
32636 2934
32636 2934
32638 2902
32638 2902
32638 2902
32638 2902
32638 2902
32638 2902
32638 2902
32638 2902
32638 2902
32638 2902
32642 2871
32642 2871
32642 2871
32642 2871
32642 2871
32642 2871
32642 2871
32642 2871
32642 2871
32642 2871
32645 2839
32645 2839
32645 2839
32645 2839
32645 2839
32645 2839
32645 2839
32645 2839
32645 2839
32645 2839
32645 2839
32648 2808
32648 2808
32648 2808
32616 2813
32616 2813
32616 2813
32616 2813
32620 2781
32620 2781
32620 2781
32620 2781
32620 2781
32620 2781
32620 2781
32620 2781
32620 2781
32620 2781
32622 2750
32622 2750
32622 2750
32622 2750
32622 2750
32622 2750
32622 2750
32622 2750
32622 2750
32622 2750
32622 2750
32624 2718
32624 2718
32624 2718
32624 2718
32624 2718
32624 2718
32624 2718
32624 2718
32624 2718
32624 2718
32628 2686
32628 2686
32628 2686
32628 2686
32628 2686
32628 2686
32628 2686
32628 2686
32628 2686
32628 2686
32630 2655
32630 2655
32630 2655
32630 2655
32630 2655
32630 2655
32630 2655
32630 2655
32630 2655
32630 2655
32632 2622
32632 2622
32632 2622
32632 2622
32632 2622
32632 2622
32632 2622
32632 2622
32632 2622
32632 2622
32635 2590
32635 2590
32635 2590
32635 2590
32635 2590
32635 2590
32635 2590
32635 2590
32635 2590
32635 2590
32637 2558
32637 2558
32637 2558
32637 2558
32637 2558
32637 2558
32637 2558
32637 2558
32637 2558
32637 2558
32639 2527
32639 2527
32639 2527
32639 2527
32639 2527
32639 2527
32639 2527
32639 2527
32639 2527
32639 2527
32642 2496
32642 2496
32642 2496
32642 2496
32642 2496
32642 2496
32642 2496
32642 2496
32642 2496
32642 2496
32642 2496
32644 2464
32644 2464
32644 2464
32644 2464
32644 2464
32644 2464
32644 2464
32644 2464
32644 2464
32644 2464
32646 2432
32646 2432
32646 2432
32646 2432
32646 2432
32646 2432
32646 2432
32646 2432
32646 2432
32646 2432
32649 2400
32649 2400
32647 2417
32647 2417
32647 2417
32650 2386
32650 2386
32650 2386
32650 2386
32650 2386
32650 2386
32650 2386
32650 2386
32650 2386
32650 2386
32652 2354
32652 2354
32652 2354
32652 2354
32652 2354
32652 2354
32652 2354
32652 2354
32652 2354
32652 2354
32654 2322
32654 2322
32654 2322
32654 2322
32654 2322
32654 2322
32654 2322
32654 2322
32654 2322
32654 2322
32657 2290
32657 2290
32657 2290
32657 2290
32657 2290
32657 2290
32657 2290
32657 2290
32657 2290
32657 2290
32657 2290
32659 2258
32659 2258
32659 2258
32659 2258
32659 2258
32659 2258
32659 2258
32659 2258
32659 2258
32659 2258
32661 2227
32661 2227
32661 2227
32661 2227
32661 2227
32661 2227
32661 2227
32661 2227
32661 2227
32661 2227
32664 2196
32664 2196
32664 2196
32664 2196
32664 2196
32664 2196
32664 2196
32664 2196
32664 2196
32664 2196
32666 2163
32666 2163
32666 2163
32666 2163
32666 2163
32666 2163
32666 2163
32666 2163
32666 2163
32666 2163
32669 2131
32669 2131
32669 2131
32669 2131
32669 2131
32669 2131
32669 2131
32669 2131
32669 2131
32669 2131
32670 2099
32670 2099
32670 2099
32670 2099
32670 2099
32670 2099
32670 2099
32670 2099
32670 2099
32670 2099
32672 2068
32672 2068
32672 2068
32672 2068
32672 2068
32672 2068
32672 2068
32672 2068
32672 2068
32672 2068
32675 2035
32675 2035
32675 2035
32675 2035
32675 2035
32675 2035
32675 2035
32675 2035
32675 2035
32675 2035
32675 2035
32677 2004
32677 2004
32677 2004
32666 2011
32666 2011
32666 2011
32666 2011
32669 1979
32669 1979
32669 1979
32669 1979
32669 1979
32669 1979
32669 1979
32669 1979
32669 1979
32669 1979
32670 1947
32670 1947
32670 1947
32670 1947
32670 1947
32670 1947
32670 1947
32670 1947
32670 1947
32670 1947
32670 1947
32672 1915
32672 1915
32672 1915
32672 1915
32672 1915
32672 1915
32672 1915
32672 1915
32672 1915
32672 1915
32674 1883
32674 1883
32674 1883
32674 1883
32674 1883
32674 1883
32674 1883
32674 1883
32674 1883
32674 1883
32676 1852
32676 1852
32676 1852
32676 1852
32676 1852
32676 1852
32676 1852
32676 1852
32676 1852
32676 1852
32678 1819
32678 1819
32678 1819
32678 1819
32678 1819
32678 1819
32678 1819
32678 1819
32678 1819
32678 1819
32679 1788
32679 1788
32679 1788
32679 1788
32679 1788
32679 1788
32679 1788
32679 1788
32679 1788
32679 1788
32681 1756
32681 1756
32681 1756
32681 1756
32681 1756
32681 1756
32681 1756
32681 1756
32681 1756
32681 1756
32682 1725
32682 1725
32682 1725
32682 1725
32682 1725
32682 1725
32682 1725
32682 1725
32682 1725
32682 1725
32684 1693
32684 1693
32684 1693
32684 1693
32684 1693
32684 1693
32684 1693
32684 1693
32684 1693
32684 1693
32684 1693
32685 1661
32685 1661
32685 1661
32685 1661
32685 1661
32685 1661
32685 1661
32685 1661
32685 1661
32685 1661
32687 1629
32687 1629
32687 1629
32687 1629
32687 1629
32687 1629
32687 1629
32687 1629
32687 1629
32687 1629
32688 1597
32688 1597
32688 1614
32688 1614
32688 1614
32689 1583
32689 1583
32689 1583
32689 1583
32689 1583
32689 1583
32689 1583
32689 1583
32689 1583
32689 1583
32691 1551
32691 1551
32691 1551
32691 1551
32691 1551
32691 1551
32691 1551
32691 1551
32691 1551
32691 1551
32692 1519
32692 1519
32692 1519
32692 1519
32692 1519
32692 1519
32692 1519
32692 1519
32692 1519
32692 1519
32694 1487
32694 1487
32694 1487
32694 1487
32694 1487
32694 1487
32694 1487
32694 1487
32694 1487
32694 1487
32694 1487
32695 1455
32695 1455
32695 1455
32695 1455
32695 1455
32695 1455
32695 1455
32695 1455
32695 1455
32695 1455
32697 1423
32697 1423
32697 1423
32697 1423
32697 1423
32697 1423
32697 1423
32697 1423
32697 1423
32697 1423
32698 1392
32698 1392
32698 1392
32698 1392
32698 1392
32698 1392
32698 1392
32698 1392
32698 1392
32698 1392
32700 1360
32700 1360
32700 1360
32700 1360
32700 1360
32700 1360
32700 1360
32700 1360
32700 1360
32700 1360
32702 1328
32702 1328
32702 1328
32702 1328
32702 1328
32702 1328
32702 1328
32702 1328
32702 1328
32702 1328
32702 1296
32702 1296
32702 1296
32702 1296
32702 1296
32702 1296
32702 1296
32702 1296
32702 1296
32702 1296
32704 1265
32704 1265
32704 1265
32704 1265
32704 1265
32704 1265
32704 1265
32704 1265
32704 1265
32704 1265
32705 1232
32705 1232
32705 1232
32705 1232
32705 1232
32705 1232
32705 1232
32705 1232
32705 1232
32705 1232
32705 1232
32707 1201
32707 1201
32707 1201
32715 1208
32715 1208
32715 1208
32715 1208
32717 1176
32717 1176
32717 1176
32717 1176
32717 1176
32717 1176
32717 1176
32717 1176
32717 1176
32717 1176
32718 1145
32718 1145
32718 1145
32718 1145
32718 1145
32718 1145
32718 1145
32718 1145
32718 1145
32718 1145
32718 1145
32718 1113
32718 1113
32718 1113
32718 1113
32718 1113
32718 1113
32718 1113
32718 1113
32718 1113
32718 1113
32720 1081
32720 1081
32720 1081
32720 1081
32720 1081
32720 1081
32720 1081
32720 1081
32720 1081
32720 1081
32721 1050
32721 1050
32721 1050
32721 1050
32721 1050
32721 1050
32721 1050
32721 1050
32721 1050
32721 1050
32722 1017
32722 1017
32722 1017
32722 1017
32722 1017
32722 1017
32722 1017
32722 1017
32722 1017
32722 1017
32723 985
32723 985
32723 985
32723 985
32723 985
32723 985
32723 985
32723 985
32723 985
32723 985
32723 953
32723 953
32723 953
32723 953
32723 953
32723 953
32723 953
32723 953
32723 953
32723 953
32724 922
32724 922
32724 922
32724 922
32724 922
32724 922
32724 922
32724 922
32724 922
32724 922
32725 890
32725 890
32725 890
32725 890
32725 890
32725 890
32725 890
32725 890
32725 890
32725 890
32725 890
32726 858
32726 858
32726 858
32726 858
32726 858
32726 858
32726 858
32726 858
32726 858
32726 858
32726 826
32726 826
32726 826
32726 826
32726 826
32726 826
32726 826
32726 826
32726 826
32726 826
32727 794
32727 794
32727 811
32727 811
32727 811
32728 780
32728 780
32728 780
32728 780
32728 780
32728 780
32728 780
32728 780
32728 780
32728 780
32728 748
32728 748
32728 748
32728 748
32728 748
32728 748
32728 748
32728 748
32728 748
32728 748
32729 716
32729 716
32729 716
32729 716
32729 716
32729 716
32729 716
32729 716
32729 716
32729 716
32730 684
32730 684
32730 684
32730 684
32730 684
32730 684
32730 684
32730 684
32730 684
32730 684
32730 684
32731 652
32731 652
32731 652
32731 652
32731 652
32731 652
32731 652
32731 652
32731 652
32731 652
32731 620
32731 620
32731 620
32731 620
32731 620
32731 620
32731 620
32731 620
32731 620
32731 620
32732 589
32732 589
32732 589
32732 589
32732 589
32732 589
32732 589
32732 589
32732 589
32732 589
32733 556
32733 556
32733 556
32733 556
32733 556
32733 556
32733 556
32733 556
32733 556
32733 556
32734 524
32734 524
32734 524
32734 524
32734 524
32734 524
32734 524
32734 524
32734 524
32734 524
32734 492
32734 492
32734 492
32734 492
32734 492
32734 492
32734 492
32734 492
32734 492
32734 492
32734 461
32734 461
32734 461
32734 461
32734 461
32734 461
32734 461
32734 461
32734 461
32734 461
32735 428
32735 428
32735 428
32735 428
32735 428
32735 428
32735 428
32735 428
32735 428
32735 428
32735 428
32736 397
32736 397
32736 397
32764 406
32764 406
32764 406
32764 406
32765 374
32765 374
32765 374
32765 374
32765 374
32765 374
32765 374
32765 374
32765 374
32765 374
32765 342
32765 342
32765 342
32765 342
32765 342
32765 342
32765 342
32765 342
32765 342
32765 342
32765 342
32765 310
32765 310
32765 310
32765 310
32765 310
32765 310
32765 310
32765 310
32765 310
32765 310
32766 278
32766 278
32766 278
32766 278
32766 278
32766 278
32766 278
32766 278
32766 278
32766 278
32766 247
32766 247
32766 247
32766 247
32766 247
32766 247
32766 247
32766 247
32766 247
32766 247
32766 214
32766 214
32766 214
32766 214
32766 214
32766 214
32766 214
32766 214
32766 214
32766 214
32766 182
32766 182
32766 182
32766 182
32766 182
32766 182
32766 182
32766 182
32766 182
32766 182
32766 150
32766 150
32766 150
32766 150
32766 150
32766 150
32766 150
32766 150
32766 150
32766 150
32766 119
32766 119
32766 119
32766 119
32766 119
32766 119
32766 119
32766 119
32766 119
32766 119
32766 87
32766 87
32766 87
32766 87
32766 87
32766 87
32766 87
32766 87
32766 87
32766 87
32766 87
32766 55
32766 55
32766 55
32766 55
32766 55
32766 55
32766 55
32766 55
32766 55
32766 55
32766 23
32766 23
32766 23
32766 23
32766 23
32766 23
32766 23
32766 23
32766 23
32766 23
32766 -9
32766 -9
32766 8
32766 8
32766 8
32766 -23
32766 -23
32766 -23
32766 -23
32766 -23
32766 -23
32766 -23
32766 -23
32766 -23
32766 -23
32766 -55
32766 -55
32766 -55
32766 -55
32766 -55
32766 -55
32766 -55
32766 -55
32766 -55
32766 -55
32766 -87
32766 -87
32766 -87
32766 -87
32766 -87
32766 -87
32766 -87
32766 -87
32766 -87
32766 -87
32766 -119
32766 -119
32766 -119
32766 -119
32766 -119
32766 -119
32766 -119
32766 -119
32766 -119
32766 -119
32766 -119
32766 -151
32766 -151
32766 -151
32766 -151
32766 -151
32766 -151
32766 -151
32766 -151
32766 -151
32766 -151
32766 -183
32766 -183
32766 -183
32766 -183
32766 -183
32766 -183
32766 -183
32766 -183
32766 -183
32766 -183
32766 -214
32766 -214
32766 -214
32766 -214
32766 -214
32766 -214
32766 -214
32766 -214
32766 -214
32766 -214
32766 -247
32766 -247
32766 -247
32766 -247
32766 -247
32766 -247
32766 -247
32766 -247
32766 -247
32766 -247
32766 -279
32766 -279
32766 -279
32766 -279
32766 -279
32766 -279
32766 -279
32766 -279
32766 -279
32766 -279
32765 -311
32765 -311
32765 -311
32765 -311
32765 -311
32765 -311
32765 -311
32765 -311
32765 -311
32765 -311
32765 -342
32765 -342
32765 -342
32765 -342
32765 -342
32765 -342
32765 -342
32765 -342
32765 -342
32765 -342
32765 -375
32765 -375
32765 -375
32765 -375
32765 -375
32765 -375
32765 -375
32765 -375
32765 -375
32765 -375
32765 -375
32765 -406
32765 -406
32765 -406
32735 -397
32735 -397
32735 -397
32735 -397
32735 -429
32735 -429
32735 -429
32735 -429
32735 -429
32735 -429
32735 -429
32735 -429
32735 -429
32735 -429
32734 -461
32734 -461
32734 -461
32734 -461
32734 -461
32734 -461
32734 -461
32734 -461
32734 -461
32734 -461
32734 -461
32734 -493
32734 -493
32734 -493
32734 -493
32734 -493
32734 -493
32734 -493
32734 -493
32734 -493
32734 -493
32734 -525
32734 -525
32734 -525
32734 -525
32734 -525
32734 -525
32734 -525
32734 -525
32734 -525
32734 -525
32733 -556
32733 -556
32733 -556
32733 -556
32733 -556
32733 -556
32733 -556
32733 -556
32733 -556
32733 -556
32732 -589
32732 -589
32732 -589
32732 -589
32732 -589
32732 -589
32732 -589
32732 -589
32732 -589
32732 -589
32731 -621
32731 -621
32731 -621
32731 -621
32731 -621
32731 -621
32731 -621
32731 -621
32731 -621
32731 -621
32731 -653
32731 -653
32731 -653
32731 -653
32731 -653
32731 -653
32731 -653
32731 -653
32731 -653
32731 -653
32730 -684
32730 -684
32730 -684
32730 -684
32730 -684
32730 -684
32730 -684
32730 -684
32730 -684
32730 -684
32729 -716
32729 -716
32729 -716
32729 -716
32729 -716
32729 -716
32729 -716
32729 -716
32729 -716
32729 -716
32729 -716
32728 -748
32728 -748
32728 -748
32728 -748
32728 -748
32728 -748
32728 -748
32728 -748
32728 -748
32728 -748
32728 -780
32728 -780
32728 -780
32728 -780
32728 -780
32728 -780
32728 -780
32728 -780
32728 -780
32728 -780
32727 -812
32727 -812
32727 -795
32727 -795
32727 -795
32726 -826
32726 -826
32726 -826
32726 -826
32726 -826
32726 -826
32726 -826
32726 -826
32726 -826
32726 -826
32726 -858
32726 -858
32726 -858
32726 -858
32726 -858
32726 -858
32726 -858
32726 -858
32726 -858
32726 -858
32725 -890
32725 -890
32725 -890
32725 -890
32725 -890
32725 -890
32725 -890
32725 -890
32725 -890
32725 -890
32724 -922
32724 -922
32724 -922
32724 -922
32724 -922
32724 -922
32724 -922
32724 -922
32724 -922
32724 -922
32724 -922
32723 -954
32723 -954
32723 -954
32723 -954
32723 -954
32723 -954
32723 -954
32723 -954
32723 -954
32723 -954
32723 -986
32723 -986
32723 -986
32723 -986
32723 -986
32723 -986
32723 -986
32723 -986
32723 -986
32723 -986
32722 -1017
32722 -1017
32722 -1017
32722 -1017
32722 -1017
32722 -1017
32722 -1017
32722 -1017
32722 -1017
32722 -1017
32721 -1050
32721 -1050
32721 -1050
32721 -1050
32721 -1050
32721 -1050
32721 -1050
32721 -1050
32721 -1050
32721 -1050
32720 -1082
32720 -1082
32720 -1082
32720 -1082
32720 -1082
32720 -1082
32720 -1082
32720 -1082
32720 -1082
32720 -1082
32718 -1114
32718 -1114
32718 -1114
32718 -1114
32718 -1114
32718 -1114
32718 -1114
32718 -1114
32718 -1114
32718 -1114
32718 -1145
32718 -1145
32718 -1145
32718 -1145
32718 -1145
32718 -1145
32718 -1145
32718 -1145
32718 -1145
32718 -1145
32717 -1177
32717 -1177
32717 -1177
32717 -1177
32717 -1177
32717 -1177
32717 -1177
32717 -1177
32717 -1177
32717 -1177
32717 -1177
32716 -1208
32716 -1208
32716 -1208
32706 -1201
32706 -1201
32706 -1201
32706 -1201
32705 -1233
32705 -1233
32705 -1233
32705 -1233
32705 -1233
32705 -1233
32705 -1233
32705 -1233
32705 -1233
32705 -1233
32704 -1265
32704 -1265
32704 -1265
32704 -1265
32704 -1265
32704 -1265
32704 -1265
32704 -1265
32704 -1265
32704 -1265
32704 -1265
32702 -1297
32702 -1297
32702 -1297
32702 -1297
32702 -1297
32702 -1297
32702 -1297
32702 -1297
32702 -1297
32702 -1297
32702 -1329
32702 -1329
32702 -1329
32702 -1329
32702 -1329
32702 -1329
32702 -1329
32702 -1329
32702 -1329
32702 -1329
32700 -1360
32700 -1360
32700 -1360
32700 -1360
32700 -1360
32700 -1360
32700 -1360
32700 -1360
32700 -1360
32700 -1360
32698 -1392
32698 -1392
32698 -1392
32698 -1392
32698 -1392
32698 -1392
32698 -1392
32698 -1392
32698 -1392
32698 -1392
32697 -1424
32697 -1424
32697 -1424
32697 -1424
32697 -1424
32697 -1424
32697 -1424
32697 -1424
32697 -1424
32697 -1424
32695 -1456
32695 -1456
32695 -1456
32695 -1456
32695 -1456
32695 -1456
32695 -1456
32695 -1456
32695 -1456
32695 -1456
32694 -1487
32694 -1487
32694 -1487
32694 -1487
32694 -1487
32694 -1487
32694 -1487
32694 -1487
32694 -1487
32694 -1487
32692 -1519
32692 -1519
32692 -1519
32692 -1519
32692 -1519
32692 -1519
32692 -1519
32692 -1519
32692 -1519
32692 -1519
32692 -1519
32691 -1551
32691 -1551
32691 -1551
32691 -1551
32691 -1551
32691 -1551
32691 -1551
32691 -1551
32691 -1551
32691 -1551
32689 -1583
32689 -1583
32689 -1583
32689 -1583
32689 -1583
32689 -1583
32689 -1583
32689 -1583
32689 -1583
32689 -1583
32688 -1615
32688 -1615
32688 -1598
32688 -1598
32688 -1598
32687 -1629
32687 -1629
32687 -1629
32687 -1629
32687 -1629
32687 -1629
32687 -1629
32687 -1629
32687 -1629
32687 -1629
32685 -1661
32685 -1661
32685 -1661
32685 -1661
32685 -1661
32685 -1661
32685 -1661
32685 -1661
32685 -1661
32685 -1661
32684 -1693
32684 -1693
32684 -1693
32684 -1693
32684 -1693
32684 -1693
32684 -1693
32684 -1693
32684 -1693
32684 -1693
32682 -1725
32682 -1725
32682 -1725
32682 -1725
32682 -1725
32682 -1725
32682 -1725
32682 -1725
32682 -1725
32682 -1725
32682 -1725
32681 -1757
32681 -1757
32681 -1757
32681 -1757
32681 -1757
32681 -1757
32681 -1757
32681 -1757
32681 -1757
32681 -1757
32679 -1789
32679 -1789
32679 -1789
32679 -1789
32679 -1789
32679 -1789
32679 -1789
32679 -1789
32679 -1789
32679 -1789
32678 -1819
32678 -1819
32678 -1819
32678 -1819
32678 -1819
32678 -1819
32678 -1819
32678 -1819
32678 -1819
32678 -1819
32676 -1852
32676 -1852
32676 -1852
32676 -1852
32676 -1852
32676 -1852
32676 -1852
32676 -1852
32676 -1852
32676 -1852
32674 -1884
32674 -1884
32674 -1884
32674 -1884
32674 -1884
32674 -1884
32674 -1884
32674 -1884
32674 -1884
32674 -1884
32672 -1916
32672 -1916
32672 -1916
32672 -1916
32672 -1916
32672 -1916
32672 -1916
32672 -1916
32672 -1916
32672 -1916
32670 -1947
32670 -1947
32670 -1947
32670 -1947
32670 -1947
32670 -1947
32670 -1947
32670 -1947
32670 -1947
32670 -1947
32669 -1980
32669 -1980
32669 -1980
32669 -1980
32669 -1980
32669 -1980
32669 -1980
32669 -1980
32669 -1980
32669 -1980
32669 -1980
32667 -2011
32667 -2011
32667 -2011
32676 -2004
32676 -2004
32676 -2004
32676 -2004
32675 -2036
32675 -2036
32675 -2036
32675 -2036
32675 -2036
32675 -2036
32675 -2036
32675 -2036
32675 -2036
32675 -2036
32672 -2068
32672 -2068
32672 -2068
32672 -2068
32672 -2068
32672 -2068
32672 -2068
32672 -2068
32672 -2068
32672 -2068
32672 -2068
32670 -2100
32670 -2100
32670 -2100
32670 -2100
32670 -2100
32670 -2100
32670 -2100
32670 -2100
32670 -2100
32670 -2100
32668 -2132
32668 -2132
32668 -2132
32668 -2132
32668 -2132
32668 -2132
32668 -2132
32668 -2132
32668 -2132
32668 -2132
32666 -2163
32666 -2163
32666 -2163
32666 -2163
32666 -2163
32666 -2163
32666 -2163
32666 -2163
32666 -2163
32666 -2163
32664 -2196
32664 -2196
32664 -2196
32664 -2196
32664 -2196
32664 -2196
32664 -2196
32664 -2196
32664 -2196
32664 -2196
32661 -2228
32661 -2228
32661 -2228
32661 -2228
32661 -2228
32661 -2228
32661 -2228
32661 -2228
32661 -2228
32661 -2228
32659 -2259
32659 -2259
32659 -2259
32659 -2259
32659 -2259
32659 -2259
32659 -2259
32659 -2259
32659 -2259
32659 -2259
32657 -2290
32657 -2290
32657 -2290
32657 -2290
32657 -2290
32657 -2290
32657 -2290
32657 -2290
32657 -2290
32657 -2290
32654 -2322
32654 -2322
32654 -2322
32654 -2322
32654 -2322
32654 -2322
32654 -2322
32654 -2322
32654 -2322
32654 -2322
32654 -2322
32652 -2354
32652 -2354
32652 -2354
32652 -2354
32652 -2354
32652 -2354
32652 -2354
32652 -2354
32652 -2354
32652 -2354
32650 -2386
32650 -2386
32650 -2386
32650 -2386
32650 -2386
32650 -2386
32650 -2386
32650 -2386
32650 -2386
32650 -2386
32647 -2418
32647 -2418
32649 -2401
32649 -2401
32649 -2401
32646 -2432
32646 -2432
32646 -2432
32646 -2432
32646 -2432
32646 -2432
32646 -2432
32646 -2432
32646 -2432
32646 -2432
32644 -2464
32644 -2464
32644 -2464
32644 -2464
32644 -2464
32644 -2464
32644 -2464
32644 -2464
32644 -2464
32644 -2464
32642 -2496
32642 -2496
32642 -2496
32642 -2496
32642 -2496
32642 -2496
32642 -2496
32642 -2496
32642 -2496
32642 -2496
32639 -2527
32639 -2527
32639 -2527
32639 -2527
32639 -2527
32639 -2527
32639 -2527
32639 -2527
32639 -2527
32639 -2527
32639 -2527
32637 -2559
32637 -2559
32637 -2559
32637 -2559
32637 -2559
32637 -2559
32637 -2559
32637 -2559
32637 -2559
32637 -2559
32635 -2591
32635 -2591
32635 -2591
32635 -2591
32635 -2591
32635 -2591
32635 -2591
32635 -2591
32635 -2591
32635 -2591
32632 -2622
32632 -2622
32632 -2622
32632 -2622
32632 -2622
32632 -2622
32632 -2622
32632 -2622
32632 -2622
32632 -2622
32630 -2655
32630 -2655
32630 -2655
32630 -2655
32630 -2655
32630 -2655
32630 -2655
32630 -2655
32630 -2655
32630 -2655
32627 -2687
32627 -2687
32627 -2687
32627 -2687
32627 -2687
32627 -2687
32627 -2687
32627 -2687
32627 -2687
32627 -2687
32624 -2719
32624 -2719
32624 -2719
32624 -2719
32624 -2719
32624 -2719
32624 -2719
32624 -2719
32624 -2719
32624 -2719
32622 -2750
32622 -2750
32622 -2750
32622 -2750
32622 -2750
32622 -2750
32622 -2750
32622 -2750
32622 -2750
32622 -2750
32619 -2782
32619 -2782
32619 -2782
32619 -2782
32619 -2782
32619 -2782
32619 -2782
32619 -2782
32619 -2782
32619 -2782
32619 -2782
32617 -2813
32617 -2813
32617 -2813
32647 -2808
32647 -2808
32647 -2808
32647 -2808
32645 -2840
32645 -2840
32645 -2840
32645 -2840
32645 -2840
32645 -2840
32645 -2840
32645 -2840
32645 -2840
32645 -2840
32642 -2871
32642 -2871
32642 -2871
32642 -2871
32642 -2871
32642 -2871
32642 -2871
32642 -2871
32642 -2871
32642 -2871
32642 -2871
32638 -2903
32638 -2903
32638 -2903
32638 -2903
32638 -2903
32638 -2903
32638 -2903
32638 -2903
32638 -2903
32638 -2903
32636 -2935
32636 -2935
32636 -2935
32636 -2935
32636 -2935
32636 -2935
32636 -2935
32636 -2935
32636 -2935
32636 -2935
32633 -2966
32633 -2966
32633 -2966
32633 -2966
32633 -2966
32633 -2966
32633 -2966
32633 -2966
32633 -2966
32633 -2966
32630 -2999
32630 -2999
32630 -2999
32630 -2999
32630 -2999
32630 -2999
32630 -2999
32630 -2999
32630 -2999
32630 -2999
32627 -3031
32627 -3031
32627 -3031
32627 -3031
32627 -3031
32627 -3031
32627 -3031
32627 -3031
32627 -3031
32627 -3031
32624 -3063
32624 -3063
32624 -3063
32624 -3063
32624 -3063
32624 -3063
32624 -3063
32624 -3063
32624 -3063
32624 -3063
32621 -3093
32621 -3093
32621 -3093
32621 -3093
32621 -3093
32621 -3093
32621 -3093
32621 -3093
32621 -3093
32621 -3093
32618 -3125
32618 -3125
32618 -3125
32618 -3125
32618 -3125
32618 -3125
32618 -3125
32618 -3125
32618 -3125
32618 -3125
32618 -3125
32614 -3157
32614 -3157
32614 -3157
32614 -3157
32614 -3157
32614 -3157
32614 -3157
32614 -3157
32614 -3157
32614 -3157
32611 -3189
32611 -3189
32611 -3189
32611 -3189
32611 -3189
32611 -3189
32611 -3189
32611 -3189
32611 -3189
32611 -3189
32608 -3221
32608 -3221
32610 -3204
32610 -3204
32610 -3204
32607 -3235
32607 -3235
32607 -3235
32607 -3235
32607 -3235
32607 -3235
32607 -3235
32607 -3235
32607 -3235
32607 -3235
32604 -3267
32604 -3267
32604 -3267
32604 -3267
32604 -3267
32604 -3267
32604 -3267
32604 -3267
32604 -3267
32604 -3267
32600 -3298
32600 -3298
32600 -3298
32600 -3298
32600 -3298
32600 -3298
32600 -3298
32600 -3298
32600 -3298
32600 -3298
32597 -3330
32597 -3330
32597 -3330
32597 -3330
32597 -3330
32597 -3330
32597 -3330
32597 -3330
32597 -3330
32597 -3330
32597 -3330
32594 -3362
32594 -3362
32594 -3362
32594 -3362
32594 -3362
32594 -3362
32594 -3362
32594 -3362
32594 -3362
32594 -3362
32591 -3394
32591 -3394
32591 -3394
32591 -3394
32591 -3394
32591 -3394
32591 -3394
32591 -3394
32591 -3394
32591 -3394
32588 -3425
32588 -3425
32588 -3425
32588 -3425
32588 -3425
32588 -3425
32588 -3425
32588 -3425
32588 -3425
32588 -3425
32585 -3458
32585 -3458
32585 -3458
32585 -3458
32585 -3458
32585 -3458
32585 -3458
32585 -3458
32585 -3458
32585 -3458
32582 -3490
32582 -3490
32582 -3490
32582 -3490
32582 -3490
32582 -3490
32582 -3490
32582 -3490
32582 -3490
32582 -3490
32578 -3521
32578 -3521
32578 -3521
32578 -3521
32578 -3521
32578 -3521
32578 -3521
32578 -3521
32578 -3521
32578 -3521
32574 -3552
32574 -3552
32574 -3552
32574 -3552
32574 -3552
32574 -3552
32574 -3552
32574 -3552
32574 -3552
32574 -3552
32571 -3585
32571 -3585
32571 -3585
32571 -3585
32571 -3585
32571 -3585
32571 -3585
32571 -3585
32571 -3585
32571 -3585
32571 -3585
32568 -3616
32568 -3616
32568 -3616
32539 -3604
32539 -3604
32539 -3604
32539 -3604
32536 -3636
32536 -3636
32536 -3636
32536 -3636
32536 -3636
32536 -3636
32536 -3636
32536 -3636
32536 -3636
32536 -3636
32532 -3668
32532 -3668
32532 -3668
32532 -3668
32532 -3668
32532 -3668
32532 -3668
32532 -3668
32532 -3668
32532 -3668
32532 -3668
32528 -3699
32528 -3699
32528 -3699
32528 -3699
32528 -3699
32528 -3699
32528 -3699
32528 -3699
32528 -3699
32528 -3699
32525 -3731
32525 -3731
32525 -3731
32525 -3731
32525 -3731
32525 -3731
32525 -3731
32525 -3731
32525 -3731
32525 -3731
32521 -3762
32521 -3762
32521 -3762
32521 -3762
32521 -3762
32521 -3762
32521 -3762
32521 -3762
32521 -3762
32521 -3762
32517 -3795
32517 -3795
32517 -3795
32517 -3795
32517 -3795
32517 -3795
32517 -3795
32517 -3795
32517 -3795
32517 -3795
32513 -3826
32513 -3826
32513 -3826
32513 -3826
32513 -3826
32513 -3826
32513 -3826
32513 -3826
32513 -3826
32513 -3826
32509 -3858
32509 -3858
32509 -3858
32509 -3858
32509 -3858
32509 -3858
32509 -3858
32509 -3858
32509 -3858
32509 -3858
32506 -3889
32506 -3889
32506 -3889
32506 -3889
32506 -3889
32506 -3889
32506 -3889
32506 -3889
32506 -3889
32506 -3889
32502 -3921
32502 -3921
32502 -3921
32502 -3921
32502 -3921
32502 -3921
32502 -3921
32502 -3921
32502 -3921
32502 -3921
32502 -3921
32498 -3952
32498 -3952
32498 -3952
32498 -3952
32498 -3952
32498 -3952
32498 -3952
32498 -3952
32498 -3952
32498 -3952
32494 -3984
32494 -3984
32494 -3984
32494 -3984
32494 -3984
32494 -3984
32494 -3984
32494 -3984
32494 -3984
32494 -3984
32490 -4016
32490 -4016
32492 -3999
32492 -3999
32492 -3999
32488 -4030
32488 -4030
32488 -4030
32488 -4030
32488 -4030
32488 -4030
32488 -4030
32488 -4030
32488 -4030
32488 -4030
32484 -4061
32484 -4061
32484 -4061
32484 -4061
32484 -4061
32484 -4061
32484 -4061
32484 -4061
32484 -4061
32484 -4061
32480 -4093
32480 -4093
32480 -4093
32480 -4093
32480 -4093
32480 -4093
32480 -4093
32480 -4093
32480 -4093
32480 -4093
32476 -4125
32476 -4125
32476 -4125
32476 -4125
32476 -4125
32476 -4125
32476 -4125
32476 -4125
32476 -4125
32476 -4125
32476 -4125
32473 -4157
32473 -4157
32473 -4157
32473 -4157
32473 -4157
32473 -4157
32473 -4157
32473 -4157
32473 -4157
32473 -4157
32469 -4188
32469 -4188
32469 -4188
32469 -4188
32469 -4188
32469 -4188
32469 -4188
32469 -4188
32469 -4188
32469 -4188
32465 -4219
32465 -4219
32465 -4219
32465 -4219
32465 -4219
32465 -4219
32465 -4219
32465 -4219
32465 -4219
32465 -4219
32461 -4252
32461 -4252
32461 -4252
32461 -4252
32461 -4252
32461 -4252
32461 -4252
32461 -4252
32461 -4252
32461 -4252
32457 -4284
32457 -4284
32457 -4284
32457 -4284
32457 -4284
32457 -4284
32457 -4284
32457 -4284
32457 -4284
32457 -4284
32452 -4315
32452 -4315
32452 -4315
32452 -4315
32452 -4315
32452 -4315
32452 -4315
32452 -4315
32452 -4315
32452 -4315
32448 -4346
32448 -4346
32448 -4346
32448 -4346
32448 -4346
32448 -4346
32448 -4346
32448 -4346
32448 -4346
32448 -4346
32444 -4379
32444 -4379
32444 -4379
32444 -4379
32444 -4379
32444 -4379
32444 -4379
32444 -4379
32444 -4379
32444 -4379
32444 -4379
32440 -4409
32440 -4409
32440 -4409
32431 -4401
32431 -4401
32431 -4401
32431 -4401
32427 -4433
32427 -4433
32427 -4433
32427 -4433
32427 -4433
32427 -4433
32427 -4433
32427 -4433
32427 -4433
32427 -4433
32422 -4465
32422 -4465
32422 -4465
32422 -4465
32422 -4465
32422 -4465
32422 -4465
32422 -4465
32422 -4465
32422 -4465
32422 -4465
32417 -4496
32417 -4496
32417 -4496
32417 -4496
32417 -4496
32417 -4496
32417 -4496
32417 -4496
32417 -4496
32417 -4496
32414 -4528
32414 -4528
32414 -4528
32414 -4528
32414 -4528
32414 -4528
32414 -4528
32414 -4528
32414 -4528
32414 -4528
32409 -4559
32409 -4559
32409 -4559
32409 -4559
32409 -4559
32409 -4559
32409 -4559
32409 -4559
32409 -4559
32409 -4559
32404 -4591
32404 -4591
32404 -4591
32404 -4591
32404 -4591
32404 -4591
32404 -4591
32404 -4591
32404 -4591
32404 -4591
32400 -4623
32400 -4623
32400 -4623
32400 -4623
32400 -4623
32400 -4623
32400 -4623
32400 -4623
32400 -4623
32400 -4623
32395 -4655
32395 -4655
32395 -4655
32395 -4655
32395 -4655
32395 -4655
32395 -4655
32395 -4655
32395 -4655
32395 -4655
32390 -4685
32390 -4685
32390 -4685
32390 -4685
32390 -4685
32390 -4685
32390 -4685
32390 -4685
32390 -4685
32390 -4685
32386 -4717
32386 -4717
32386 -4717
32386 -4717
32386 -4717
32386 -4717
32386 -4717
32386 -4717
32386 -4717
32386 -4717
32386 -4717
32381 -4749
32381 -4749
32381 -4749
32381 -4749
32381 -4749
32381 -4749
32381 -4749
32381 -4749
32381 -4749
32381 -4749
32376 -4780
32376 -4780
32376 -4780
32376 -4780
32376 -4780
32376 -4780
32376 -4780
32376 -4780
32376 -4780
32376 -4780
32372 -4812
32372 -4812
32374 -4795
32374 -4795
32374 -4795
32370 -4826
32370 -4826
32370 -4826
32370 -4826
32370 -4826
32370 -4826
32370 -4826
32370 -4826
32370 -4826
32370 -4826
32365 -4857
32365 -4857
32365 -4857
32365 -4857
32365 -4857
32365 -4857
32365 -4857
32365 -4857
32365 -4857
32365 -4857
32360 -4889
32360 -4889
32360 -4889
32360 -4889
32360 -4889
32360 -4889
32360 -4889
32360 -4889
32360 -4889
32360 -4889
32356 -4920
32356 -4920
32356 -4920
32356 -4920
32356 -4920
32356 -4920
32356 -4920
32356 -4920
32356 -4920
32356 -4920
32356 -4920
32351 -4952
32351 -4952
32351 -4952
32351 -4952
32351 -4952
32351 -4952
32351 -4952
32351 -4952
32351 -4952
32351 -4952
32346 -4984
32346 -4984
32346 -4984
32346 -4984
32346 -4984
32346 -4984
32346 -4984
32346 -4984
32346 -4984
32346 -4984
32342 -5014
32342 -5014
32342 -5014
32342 -5014
32342 -5014
32342 -5014
32342 -5014
32342 -5014
32342 -5014
32342 -5014
32337 -5047
32337 -5047
32337 -5047
32337 -5047
32337 -5047
32337 -5047
32337 -5047
32337 -5047
32337 -5047
32337 -5047
32332 -5078
32332 -5078
32332 -5078
32332 -5078
32332 -5078
32332 -5078
32332 -5078
32332 -5078
32332 -5078
32332 -5078
32326 -5110
32326 -5110
32326 -5110
32326 -5110
32326 -5110
32326 -5110
32326 -5110
32326 -5110
32326 -5110
32326 -5110
32322 -5141
32322 -5141
32322 -5141
32322 -5141
32322 -5141
32322 -5141
32322 -5141
32322 -5141
32322 -5141
32322 -5141
32317 -5173
32317 -5173
32317 -5173
32317 -5173
32317 -5173
32317 -5173
32317 -5173
32317 -5173
32317 -5173
32317 -5173
32317 -5173
32313 -5204
32313 -5204
32313 -5204
32322 -5198
32322 -5198
32322 -5198
32322 -5198
32318 -5230
32318 -5230
32318 -5230
32318 -5230
32318 -5230
32318 -5230
32318 -5230
32318 -5230
32318 -5230
32318 -5230
32312 -5261
32312 -5261
32312 -5261
32312 -5261
32312 -5261
32312 -5261
32312 -5261
32312 -5261
32312 -5261
32312 -5261
32312 -5261
32307 -5293
32307 -5293
32307 -5293
32307 -5293
32307 -5293
32307 -5293
32307 -5293
32307 -5293
32307 -5293
32307 -5293
32303 -5324
32303 -5324
32303 -5324
32303 -5324
32303 -5324
32303 -5324
32303 -5324
32303 -5324
32303 -5324
32303 -5324
32297 -5355
32297 -5355
32297 -5355
32297 -5355
32297 -5355
32297 -5355
32297 -5355
32297 -5355
32297 -5355
32297 -5355
32292 -5387
32292 -5387
32292 -5387
32292 -5387
32292 -5387
32292 -5387
32292 -5387
32292 -5387
32292 -5387
32292 -5387
32286 -5419
32286 -5419
32286 -5419
32286 -5419
32286 -5419
32286 -5419
32286 -5419
32286 -5419
32286 -5419
32286 -5419
32281 -5450
32281 -5450
32281 -5450
32281 -5450
32281 -5450
32281 -5450
32281 -5450
32281 -5450
32281 -5450
32281 -5450
32275 -5481
32275 -5481
32275 -5481
32275 -5481
32275 -5481
32275 -5481
32275 -5481
32275 -5481
32275 -5481
32275 -5481
32270 -5512
32270 -5512
32270 -5512
32270 -5512
32270 -5512
32270 -5512
32270 -5512
32270 -5512
32270 -5512
32270 -5512
32270 -5512
32264 -5544
32264 -5544
32264 -5544
32264 -5544
32264 -5544
32264 -5544
32264 -5544
32264 -5544
32264 -5544
32264 -5544
32259 -5575
32259 -5575
32259 -5575
32259 -5575
32259 -5575
32259 -5575
32259 -5575
32259 -5575
32259 -5575
32259 -5575
32253 -5607
32253 -5607
32256 -5590
32256 -5590
32256 -5590
32251 -5620
32251 -5620
32251 -5620
32251 -5620
32251 -5620
32251 -5620
32251 -5620
32251 -5620
32251 -5620
32251 -5620
32246 -5652
32246 -5652
32246 -5652
32246 -5652
32246 -5652
32246 -5652
32246 -5652
32246 -5652
32246 -5652
32246 -5652
32240 -5683
32240 -5683
32240 -5683
32240 -5683
32240 -5683
32240 -5683
32240 -5683
32240 -5683
32240 -5683
32240 -5683
32235 -5715
32235 -5715
32235 -5715
32235 -5715
32235 -5715
32235 -5715
32235 -5715
32235 -5715
32235 -5715
32235 -5715
32235 -5715
32229 -5746
32229 -5746
32229 -5746
32229 -5746
32229 -5746
32229 -5746
32229 -5746
32229 -5746
32229 -5746
32229 -5746
32224 -5778
32224 -5778
32224 -5778
32224 -5778
32224 -5778
32224 -5778
32224 -5778
32224 -5778
32224 -5778
32224 -5778
32218 -5808
32218 -5808
32218 -5808
32218 -5808
32218 -5808
32218 -5808
32218 -5808
32218 -5808
32218 -5808
32218 -5808
32213 -5841
32213 -5841
32213 -5841
32213 -5841
32213 -5841
32213 -5841
32213 -5841
32213 -5841
32213 -5841
32213 -5841
32207 -5872
32207 -5872
32207 -5872
32207 -5872
32207 -5872
32207 -5872
32207 -5872
32207 -5872
32207 -5872
32207 -5872
32201 -5904
32201 -5904
32201 -5904
32201 -5904
32201 -5904
32201 -5904
32201 -5904
32201 -5904
32201 -5904
32201 -5904
32196 -5934
32196 -5934
32196 -5934
32196 -5934
32196 -5934
32196 -5934
32196 -5934
32196 -5934
32196 -5934
32196 -5934
32190 -5967
32190 -5967
32190 -5967
32190 -5967
32190 -5967
32190 -5967
32190 -5967
32190 -5967
32190 -5967
32190 -5967
32190 -5967
32185 -5997
32185 -5997
32185 -5997
32214 -5994
32214 -5994
32214 -5994
32214 -5994
32209 -6026
32209 -6026
32209 -6026
32209 -6026
32209 -6026
32209 -6026
32209 -6026
32209 -6026
32209 -6026
32209 -6026
32203 -6057
32203 -6057
32203 -6057
32203 -6057
32203 -6057
32203 -6057
32203 -6057
32203 -6057
32203 -6057
32203 -6057
32203 -6057
32197 -6089
32197 -6089
32197 -6089
32197 -6089
32197 -6089
32197 -6089
32197 -6089
32197 -6089
32197 -6089
32197 -6089
32191 -6120
32191 -6120
32191 -6120
32191 -6120
32191 -6120
32191 -6120
32191 -6120
32191 -6120
32191 -6120
32191 -6120
32185 -6151
32185 -6151
32185 -6151
32185 -6151
32185 -6151
32185 -6151
32185 -6151
32185 -6151
32185 -6151
32185 -6151
32179 -6183
32179 -6183
32179 -6183
32179 -6183
32179 -6183
32179 -6183
32179 -6183
32179 -6183
32179 -6183
32179 -6183
32173 -6214
32173 -6214
32173 -6214
32173 -6214
32173 -6214
32173 -6214
32173 -6214
32173 -6214
32173 -6214
32173 -6214
32166 -6246
32166 -6246
32166 -6246
32166 -6246
32166 -6246
32166 -6246
32166 -6246
32166 -6246
32166 -6246
32166 -6246
32160 -6276
32160 -6276
32160 -6276
32160 -6276
32160 -6276
32160 -6276
32160 -6276
32160 -6276
32160 -6276
32160 -6276
32154 -6307
32154 -6307
32154 -6307
32154 -6307
32154 -6307
32154 -6307
32154 -6307
32154 -6307
32154 -6307
32154 -6307
32154 -6307
32148 -6339
32148 -6339
32148 -6339
32148 -6339
32148 -6339
32148 -6339
32148 -6339
32148 -6339
32148 -6339
32148 -6339
32142 -6370
32142 -6370
32142 -6370
32142 -6370
32142 -6370
32142 -6370
32142 -6370
32142 -6370
32142 -6370
32142 -6370
32135 -6402
32135 -6402
32139 -6385
32139 -6385
32139 -6385
32133 -6415
32133 -6415
32133 -6415
32133 -6415
32133 -6415
32133 -6415
32133 -6415
32133 -6415
32133 -6415
32133 -6415
32126 -6447
32126 -6447
32126 -6447
32126 -6447
32126 -6447
32126 -6447
32126 -6447
32126 -6447
32126 -6447
32126 -6447
32120 -6478
32120 -6478
32120 -6478
32120 -6478
32120 -6478
32120 -6478
32120 -6478
32120 -6478
32120 -6478
32120 -6478
32114 -6510
32114 -6510
32114 -6510
32114 -6510
32114 -6510
32114 -6510
32114 -6510
32114 -6510
32114 -6510
32114 -6510
32114 -6510
32108 -6541
32108 -6541
32108 -6541
32108 -6541
32108 -6541
32108 -6541
32108 -6541
32108 -6541
32108 -6541
32108 -6541
32101 -6572
32101 -6572
32101 -6572
32101 -6572
32101 -6572
32101 -6572
32101 -6572
32101 -6572
32101 -6572
32101 -6572
32095 -6603
32095 -6603
32095 -6603
32095 -6603
32095 -6603
32095 -6603
32095 -6603
32095 -6603
32095 -6603
32095 -6603
32089 -6635
32089 -6635
32089 -6635
32089 -6635
32089 -6635
32089 -6635
32089 -6635
32089 -6635
32089 -6635
32089 -6635
32083 -6666
32083 -6666
32083 -6666
32083 -6666
32083 -6666
32083 -6666
32083 -6666
32083 -6666
32083 -6666
32083 -6666
32075 -6698
32075 -6698
32075 -6698
32075 -6698
32075 -6698
32075 -6698
32075 -6698
32075 -6698
32075 -6698
32075 -6698
32069 -6728
32069 -6728
32069 -6728
32069 -6728
32069 -6728
32069 -6728
32069 -6728
32069 -6728
32069 -6728
32069 -6728
32063 -6760
32063 -6760
32063 -6760
32063 -6760
32063 -6760
32063 -6760
32063 -6760
32063 -6760
32063 -6760
32063 -6760
32063 -6760
32057 -6791
32057 -6791
32057 -6791
32029 -6777
32029 -6777
32029 -6777
32029 -6777
32023 -6808
32023 -6808
32023 -6808
32023 -6808
32023 -6808
32023 -6808
32023 -6808
32023 -6808
32023 -6808
32023 -6808
32016 -6839
32016 -6839
32016 -6839
32016 -6839
32016 -6839
32016 -6839
32016 -6839
32016 -6839
32016 -6839
32016 -6839
32016 -6839
32009 -6870
32009 -6870
32009 -6870
32009 -6870
32009 -6870
32009 -6870
32009 -6870
32009 -6870
32009 -6870
32009 -6870
32003 -6902
32003 -6902
32003 -6902
32003 -6902
32003 -6902
32003 -6902
32003 -6902
32003 -6902
32003 -6902
32003 -6902
31996 -6932
31996 -6932
31996 -6932
31996 -6932
31996 -6932
31996 -6932
31996 -6932
31996 -6932
31996 -6932
31996 -6932
31989 -6964
31989 -6964
31989 -6964
31989 -6964
31989 -6964
31989 -6964
31989 -6964
31989 -6964
31989 -6964
31989 -6964
31982 -6995
31982 -6995
31982 -6995
31982 -6995
31982 -6995
31982 -6995
31982 -6995
31982 -6995
31982 -6995
31982 -6995
31975 -7027
31975 -7027
31975 -7027
31975 -7027
31975 -7027
31975 -7027
31975 -7027
31975 -7027
31975 -7027
31975 -7027
31968 -7057
31968 -7057
31968 -7057
31968 -7057
31968 -7057
31968 -7057
31968 -7057
31968 -7057
31968 -7057
31968 -7057
31961 -7088
31961 -7088
31961 -7088
31961 -7088
31961 -7088
31961 -7088
31961 -7088
31961 -7088
31961 -7088
31961 -7088
31961 -7088
31954 -7119
31954 -7119
31954 -7119
31954 -7119
31954 -7119
31954 -7119
31954 -7119
31954 -7119
31954 -7119
31954 -7119
31947 -7150
31947 -7150
31947 -7150
31947 -7150
31947 -7150
31947 -7150
31947 -7150
31947 -7150
31947 -7150
31947 -7150
31940 -7182
31940 -7182
31944 -7165
31944 -7165
31944 -7165
31937 -7195
31937 -7195
31937 -7195
31937 -7195
31937 -7195
31937 -7195
31937 -7195
31937 -7195
31937 -7195
31937 -7195
31930 -7226
31930 -7226
31930 -7226
31930 -7226
31930 -7226
31930 -7226
31930 -7226
31930 -7226
31930 -7226
31930 -7226
31923 -7258
31923 -7258
31923 -7258
31923 -7258
31923 -7258
31923 -7258
31923 -7258
31923 -7258
31923 -7258
31923 -7258
31916 -7289
31916 -7289
31916 -7289
31916 -7289
31916 -7289
31916 -7289
31916 -7289
31916 -7289
31916 -7289
31916 -7289
31916 -7289
31909 -7320
31909 -7320
31909 -7320
31909 -7320
31909 -7320
31909 -7320
31909 -7320
31909 -7320
31909 -7320
31909 -7320
31902 -7351
31902 -7351
31902 -7351
31902 -7351
31902 -7351
31902 -7351
31902 -7351
31902 -7351
31902 -7351
31902 -7351
31895 -7381
31895 -7381
31895 -7381
31895 -7381
31895 -7381
31895 -7381
31895 -7381
31895 -7381
31895 -7381
31895 -7381
31888 -7414
31888 -7414
31888 -7414
31888 -7414
31888 -7414
31888 -7414
31888 -7414
31888 -7414
31888 -7414
31888 -7414
31881 -7445
31881 -7445
31881 -7445
31881 -7445
31881 -7445
31881 -7445
31881 -7445
31881 -7445
31881 -7445
31881 -7445
31873 -7476
31873 -7476
31873 -7476
31873 -7476
31873 -7476
31873 -7476
31873 -7476
31873 -7476
31873 -7476
31873 -7476
31866 -7506
31866 -7506
31866 -7506
31866 -7506
31866 -7506
31866 -7506
31866 -7506
31866 -7506
31866 -7506
31866 -7506
31859 -7538
31859 -7538
31859 -7538
31859 -7538
31859 -7538
31859 -7538
31859 -7538
31859 -7538
31859 -7538
31859 -7538
31859 -7538
31852 -7568
31852 -7568
31852 -7568
31844 -7559
31844 -7559
31844 -7559
31844 -7559
31837 -7590
31837 -7590
31837 -7590
31837 -7590
31837 -7590
31837 -7590
31837 -7590
31837 -7590
31837 -7590
31837 -7590
31829 -7621
31829 -7621
31829 -7621
31829 -7621
31829 -7621
31829 -7621
31829 -7621
31829 -7621
31829 -7621
31829 -7621
31829 -7621
31821 -7652
31821 -7652
31821 -7652
31821 -7652
31821 -7652
31821 -7652
31821 -7652
31821 -7652
31821 -7652
31821 -7652
31815 -7683
31815 -7683
31815 -7683
31815 -7683
31815 -7683
31815 -7683
31815 -7683
31815 -7683
31815 -7683
31815 -7683
31807 -7713
31807 -7713
31807 -7713
31807 -7713
31807 -7713
31807 -7713
31807 -7713
31807 -7713
31807 -7713
31807 -7713
31799 -7745
31799 -7745
31799 -7745
31799 -7745
31799 -7745
31799 -7745
31799 -7745
31799 -7745
31799 -7745
31799 -7745
31791 -7776
31791 -7776
31791 -7776
31791 -7776
31791 -7776
31791 -7776
31791 -7776
31791 -7776
31791 -7776
31791 -7776
31783 -7807
31783 -7807
31783 -7807
31783 -7807
31783 -7807
31783 -7807
31783 -7807
31783 -7807
31783 -7807
31783 -7807
31776 -7837
31776 -7837
31776 -7837
31776 -7837
31776 -7837
31776 -7837
31776 -7837
31776 -7837
31776 -7837
31776 -7837
31768 -7868
31768 -7868
31768 -7868
31768 -7868
31768 -7868
31768 -7868
31768 -7868
31768 -7868
31768 -7868
31768 -7868
31768 -7868
31760 -7899
31760 -7899
31760 -7899
31760 -7899
31760 -7899
31760 -7899
31760 -7899
31760 -7899
31760 -7899
31760 -7899
31753 -7930
31753 -7930
31753 -7930
31753 -7930
31753 -7930
31753 -7930
31753 -7930
31753 -7930
31753 -7930
31753 -7930
31745 -7961
31745 -7961
31749 -7945
31749 -7945
31749 -7945
31741 -7975
31741 -7975
31741 -7975
31741 -7975
31741 -7975
31741 -7975
31741 -7975
31741 -7975
31741 -7975
31741 -7975
31734 -8006
31734 -8006
31734 -8006
31734 -8006
31734 -8006
31734 -8006
31734 -8006
31734 -8006
31734 -8006
31734 -8006
31726 -8037
31726 -8037
31726 -8037
31726 -8037
31726 -8037
31726 -8037
31726 -8037
31726 -8037
31726 -8037
31726 -8037
31718 -8068
31718 -8068
31718 -8068
31718 -8068
31718 -8068
31718 -8068
31718 -8068
31718 -8068
31718 -8068
31718 -8068
31718 -8068
31710 -8099
31710 -8099
31710 -8099
31710 -8099
31710 -8099
31710 -8099
31710 -8099
31710 -8099
31710 -8099
31710 -8099
31703 -8130
31703 -8130
31703 -8130
31703 -8130
31703 -8130
31703 -8130
31703 -8130
31703 -8130
31703 -8130
31703 -8130
31695 -8160
31695 -8160
31695 -8160
31695 -8160
31695 -8160
31695 -8160
31695 -8160
31695 -8160
31695 -8160
31695 -8160
31687 -8192
31687 -8192
31687 -8192
31687 -8192
31687 -8192
31687 -8192
31687 -8192
31687 -8192
31687 -8192
31687 -8192
31679 -8223
31679 -8223
31679 -8223
31679 -8223
31679 -8223
31679 -8223
31679 -8223
31679 -8223
31679 -8223
31679 -8223
31671 -8254
31671 -8254
31671 -8254
31671 -8254
31671 -8254
31671 -8254
31671 -8254
31671 -8254
31671 -8254
31671 -8254
31663 -8284
31663 -8284
31663 -8284
31663 -8284
31663 -8284
31663 -8284
31663 -8284
31663 -8284
31663 -8284
31663 -8284
31655 -8316
31655 -8316
31655 -8316
31655 -8316
31655 -8316
31655 -8316
31655 -8316
31655 -8316
31655 -8316
31655 -8316
31655 -8316
31648 -8346
31648 -8346
31648 -8346
31657 -8340
31657 -8340
31657 -8340
31657 -8340
31650 -8371
31650 -8371
31650 -8371
31650 -8371
31650 -8371
31650 -8371
31650 -8371
31650 -8371
31650 -8371
31650 -8371
31641 -8402
31641 -8402
31641 -8402
31641 -8402
31641 -8402
31641 -8402
31641 -8402
31641 -8402
31641 -8402
31641 -8402
31641 -8402
31633 -8433
31633 -8433
31633 -8433
31633 -8433
31633 -8433
31633 -8433
31633 -8433
31633 -8433
31633 -8433
31633 -8433
31625 -8464
31625 -8464
31625 -8464
31625 -8464
31625 -8464
31625 -8464
31625 -8464
31625 -8464
31625 -8464
31625 -8464
31617 -8494
31617 -8494
31617 -8494
31617 -8494
31617 -8494
31617 -8494
31617 -8494
31617 -8494
31617 -8494
31617 -8494
31608 -8526
31608 -8526
31608 -8526
31608 -8526
31608 -8526
31608 -8526
31608 -8526
31608 -8526
31608 -8526
31608 -8526
31600 -8556
31600 -8556
31600 -8556
31600 -8556
31600 -8556
31600 -8556
31600 -8556
31600 -8556
31600 -8556
31600 -8556
31591 -8587
31591 -8587
31591 -8587
31591 -8587
31591 -8587
31591 -8587
31591 -8587
31591 -8587
31591 -8587
31591 -8587
31583 -8617
31583 -8617
31583 -8617
31583 -8617
31583 -8617
31583 -8617
31583 -8617
31583 -8617
31583 -8617
31583 -8617
31574 -8648
31574 -8648
31574 -8648
31574 -8648
31574 -8648
31574 -8648
31574 -8648
31574 -8648
31574 -8648
31574 -8648
31574 -8648
31566 -8679
31566 -8679
31566 -8679
31566 -8679
31566 -8679
31566 -8679
31566 -8679
31566 -8679
31566 -8679
31566 -8679
31557 -8710
31557 -8710
31557 -8710
31557 -8710
31557 -8710
31557 -8710
31557 -8710
31557 -8710
31557 -8710
31557 -8710
31549 -8740
31549 -8740
31553 -8724
31553 -8724
31553 -8724
31545 -8754
31545 -8754
31545 -8754
31545 -8754
31545 -8754
31545 -8754
31545 -8754
31545 -8754
31545 -8754
31545 -8754
31536 -8785
31536 -8785
31536 -8785
31536 -8785
31536 -8785
31536 -8785
31536 -8785
31536 -8785
31536 -8785
31536 -8785
31528 -8816
31528 -8816
31528 -8816
31528 -8816
31528 -8816
31528 -8816
31528 -8816
31528 -8816
31528 -8816
31528 -8816
31519 -8846
31519 -8846
31519 -8846
31519 -8846
31519 -8846
31519 -8846
31519 -8846
31519 -8846
31519 -8846
31519 -8846
31519 -8846
31511 -8877
31511 -8877
31511 -8877
31511 -8877
31511 -8877
31511 -8877
31511 -8877
31511 -8877
31511 -8877
31511 -8877
31502 -8908
31502 -8908
31502 -8908
31502 -8908
31502 -8908
31502 -8908
31502 -8908
31502 -8908
31502 -8908
31502 -8908
31494 -8938
31494 -8938
31494 -8938
31494 -8938
31494 -8938
31494 -8938
31494 -8938
31494 -8938
31494 -8938
31494 -8938
31485 -8970
31485 -8970
31485 -8970
31485 -8970
31485 -8970
31485 -8970
31485 -8970
31485 -8970
31485 -8970
31485 -8970
31477 -9000
31477 -9000
31477 -9000
31477 -9000
31477 -9000
31477 -9000
31477 -9000
31477 -9000
31477 -9000
31477 -9000
31467 -9031
31467 -9031
31467 -9031
31467 -9031
31467 -9031
31467 -9031
31467 -9031
31467 -9031
31467 -9031
31467 -9031
31459 -9061
31459 -9061
31459 -9061
31459 -9061
31459 -9061
31459 -9061
31459 -9061
31459 -9061
31459 -9061
31459 -9061
31450 -9093
31450 -9093
31450 -9093
31450 -9093
31450 -9093
31450 -9093
31450 -9093
31450 -9093
31450 -9093
31450 -9093
31450 -9093
31442 -9122
31442 -9122
31442 -9122
31472 -9123
31472 -9123
31472 -9123
31472 -9123
31464 -9154
31464 -9154
31464 -9154
31464 -9154
31464 -9154
31464 -9154
31464 -9154
31464 -9154
31464 -9154
31464 -9154
31454 -9184
31454 -9184
31454 -9184
31454 -9184
31454 -9184
31454 -9184
31454 -9184
31454 -9184
31454 -9184
31454 -9184
31454 -9184
31445 -9215
31445 -9215
31445 -9215
31445 -9215
31445 -9215
31445 -9215
31445 -9215
31445 -9215
31445 -9215
31445 -9215
31437 -9246
31437 -9246
31437 -9246
31437 -9246
31437 -9246
31437 -9246
31437 -9246
31437 -9246
31437 -9246
31437 -9246
31428 -9275
31428 -9275
31428 -9275
31428 -9275
31428 -9275
31428 -9275
31428 -9275
31428 -9275
31428 -9275
31428 -9275
31418 -9307
31418 -9307
31418 -9307
31418 -9307
31418 -9307
31418 -9307
31418 -9307
31418 -9307
31418 -9307
31418 -9307
31409 -9338
31409 -9338
31409 -9338
31409 -9338
31409 -9338
31409 -9338
31409 -9338
31409 -9338
31409 -9338
31409 -9338
31400 -9368
31400 -9368
31400 -9368
31400 -9368
31400 -9368
31400 -9368
31400 -9368
31400 -9368
31400 -9368
31400 -9368
31391 -9398
31391 -9398
31391 -9398
31391 -9398
31391 -9398
31391 -9398
31391 -9398
31391 -9398
31391 -9398
31391 -9398
31381 -9428
31381 -9428
31381 -9428
31381 -9428
31381 -9428
31381 -9428
31381 -9428
31381 -9428
31381 -9428
31381 -9428
31381 -9428
31372 -9459
31372 -9459
31372 -9459
31372 -9459
31372 -9459
31372 -9459
31372 -9459
31372 -9459
31372 -9459
31372 -9459
31363 -9490
31363 -9490
31363 -9490
31363 -9490
31363 -9490
31363 -9490
31363 -9490
31363 -9490
31363 -9490
31363 -9490
31353 -9520
31353 -9520
31358 -9504
31358 -9504
31358 -9504
31349 -9534
31349 -9534
31349 -9534
31349 -9534
31349 -9534
31349 -9534
31349 -9534
31349 -9534
31349 -9534
31349 -9534
31340 -9564
31340 -9564
31340 -9564
31340 -9564
31340 -9564
31340 -9564
31340 -9564
31340 -9564
31340 -9564
31340 -9564
31331 -9595
31331 -9595
31331 -9595
31331 -9595
31331 -9595
31331 -9595
31331 -9595
31331 -9595
31331 -9595
31331 -9595
31321 -9626
31321 -9626
31321 -9626
31321 -9626
31321 -9626
31321 -9626
31321 -9626
31321 -9626
31321 -9626
31321 -9626
31321 -9626
31312 -9656
31312 -9656
31312 -9656
31312 -9656
31312 -9656
31312 -9656
31312 -9656
31312 -9656
31312 -9656
31312 -9656
31303 -9687
31303 -9687
31303 -9687
31303 -9687
31303 -9687
31303 -9687
31303 -9687
31303 -9687
31303 -9687
31303 -9687
31294 -9716
31294 -9716
31294 -9716
31294 -9716
31294 -9716
31294 -9716
31294 -9716
31294 -9716
31294 -9716
31294 -9716
31284 -9748
31284 -9748
31284 -9748
31284 -9748
31284 -9748
31284 -9748
31284 -9748
31284 -9748
31284 -9748
31284 -9748
31275 -9779
31275 -9779
31275 -9779
31275 -9779
31275 -9779
31275 -9779
31275 -9779
31275 -9779
31275 -9779
31275 -9779
31265 -9809
31265 -9809
31265 -9809
31265 -9809
31265 -9809
31265 -9809
31265 -9809
31265 -9809
31265 -9809
31265 -9809
31256 -9839
31256 -9839
31256 -9839
31256 -9839
31256 -9839
31256 -9839
31256 -9839
31256 -9839
31256 -9839
31256 -9839
31246 -9870
31246 -9870
31246 -9870
31246 -9870
31246 -9870
31246 -9870
31246 -9870
31246 -9870
31246 -9870
31246 -9870
31246 -9870
31237 -9900
31237 -9900
31237 -9900
31210 -9883
31210 -9883
31210 -9883
31210 -9883
31201 -9914
31201 -9914
31201 -9914
31201 -9914
31201 -9914
31201 -9914
31201 -9914
31201 -9914
31201 -9914
31201 -9914
31191 -9944
31191 -9944
31191 -9944
31191 -9944
31191 -9944
31191 -9944
31191 -9944
31191 -9944
31191 -9944
31191 -9944
31191 -9944
31181 -9974
31181 -9974
31181 -9974
31181 -9974
31181 -9974
31181 -9974
31181 -9974
31181 -9974
31181 -9974
31181 -9974
31172 -10005
31172 -10005
31172 -10005
31172 -10005
31172 -10005
31172 -10005
31172 -10005
31172 -10005
31172 -10005
31172 -10005
31162 -10034
31162 -10034
31162 -10034
31162 -10034
31162 -10034
31162 -10034
31162 -10034
31162 -10034
31162 -10034
31162 -10034
31152 -10066
31152 -10066
31152 -10066
31152 -10066
31152 -10066
31152 -10066
31152 -10066
31152 -10066
31152 -10066
31152 -10066
31142 -10096
31142 -10096
31142 -10096
31142 -10096
31142 -10096
31142 -10096
31142 -10096
31142 -10096
31142 -10096
31142 -10096
31132 -10126
31132 -10126
31132 -10126
31132 -10126
31132 -10126
31132 -10126
31132 -10126
31132 -10126
31132 -10126
31132 -10126
31122 -10156
31122 -10156
31122 -10156
31122 -10156
31122 -10156
31122 -10156
31122 -10156
31122 -10156
31122 -10156
31122 -10156
31112 -10186
31112 -10186
31112 -10186
31112 -10186
31112 -10186
31112 -10186
31112 -10186
31112 -10186
31112 -10186
31112 -10186
31112 -10186
31102 -10217
31102 -10217
31102 -10217
31102 -10217
31102 -10217
31102 -10217
31102 -10217
31102 -10217
31102 -10217
31102 -10217
31092 -10247
31092 -10247
31092 -10247
31092 -10247
31092 -10247
31092 -10247
31092 -10247
31092 -10247
31092 -10247
31092 -10247
31082 -10277
31082 -10277
31088 -10261
31088 -10261
31088 -10261
31078 -10291
31078 -10291
31078 -10291
31078 -10291
31078 -10291
31078 -10291
31078 -10291
31078 -10291
31078 -10291
31078 -10291
31068 -10321
31068 -10321
31068 -10321
31068 -10321
31068 -10321
31068 -10321
31068 -10321
31068 -10321
31068 -10321
31068 -10321
31058 -10351
31058 -10351
31058 -10351
31058 -10351
31058 -10351
31058 -10351
31058 -10351
31058 -10351
31058 -10351
31058 -10351
31048 -10382
31048 -10382
31048 -10382
31048 -10382
31048 -10382
31048 -10382
31048 -10382
31048 -10382
31048 -10382
31048 -10382
31048 -10382
31038 -10412
31038 -10412
31038 -10412
31038 -10412
31038 -10412
31038 -10412
31038 -10412
31038 -10412
31038 -10412
31038 -10412
31028 -10442
31028 -10442
31028 -10442
31028 -10442
31028 -10442
31028 -10442
31028 -10442
31028 -10442
31028 -10442
31028 -10442
31018 -10472
31018 -10472
31018 -10472
31018 -10472
31018 -10472
31018 -10472
31018 -10472
31018 -10472
31018 -10472
31018 -10472
31008 -10503
31008 -10503
31008 -10503
31008 -10503
31008 -10503
31008 -10503
31008 -10503
31008 -10503
31008 -10503
31008 -10503
30998 -10533
30998 -10533
30998 -10533
30998 -10533
30998 -10533
30998 -10533
30998 -10533
30998 -10533
30998 -10533
30998 -10533
30987 -10563
30987 -10563
30987 -10563
30987 -10563
30987 -10563
30987 -10563
30987 -10563
30987 -10563
30987 -10563
30987 -10563
30977 -10593
30977 -10593
30977 -10593
30977 -10593
30977 -10593
30977 -10593
30977 -10593
30977 -10593
30977 -10593
30977 -10593
30967 -10624
30967 -10624
30967 -10624
30967 -10624
30967 -10624
30967 -10624
30967 -10624
30967 -10624
30967 -10624
30967 -10624
30967 -10624
30957 -10654
30957 -10654
30957 -10654
30950 -10643
30950 -10643
30950 -10643
30950 -10643
30940 -10674
30940 -10674
30940 -10674
30940 -10674
30940 -10674
30940 -10674
30940 -10674
30940 -10674
30940 -10674
30940 -10674
30929 -10704
30929 -10704
30929 -10704
30929 -10704
30929 -10704
30929 -10704
30929 -10704
30929 -10704
30929 -10704
30929 -10704
30929 -10704
30918 -10734
30918 -10734
30918 -10734
30918 -10734
30918 -10734
30918 -10734
30918 -10734
30918 -10734
30918 -10734
30918 -10734
30909 -10764
30909 -10764
30909 -10764
30909 -10764
30909 -10764
30909 -10764
30909 -10764
30909 -10764
30909 -10764
30909 -10764
30898 -10793
30898 -10793
30898 -10793
30898 -10793
30898 -10793
30898 -10793
30898 -10793
30898 -10793
30898 -10793
30898 -10793
30887 -10824
30887 -10824
30887 -10824
30887 -10824
30887 -10824
30887 -10824
30887 -10824
30887 -10824
30887 -10824
30887 -10824
30876 -10855
30876 -10855
30876 -10855
30876 -10855
30876 -10855
30876 -10855
30876 -10855
30876 -10855
30876 -10855
30876 -10855
30866 -10885
30866 -10885
30866 -10885
30866 -10885
30866 -10885
30866 -10885
30866 -10885
30866 -10885
30866 -10885
30866 -10885
30855 -10914
30855 -10914
30855 -10914
30855 -10914
30855 -10914
30855 -10914
30855 -10914
30855 -10914
30855 -10914
30855 -10914
30844 -10944
30844 -10944
30844 -10944
30844 -10944
30844 -10944
30844 -10944
30844 -10944
30844 -10944
30844 -10944
30844 -10944
30844 -10944
30834 -10974
30834 -10974
30834 -10974
30834 -10974
30834 -10974
30834 -10974
30834 -10974
30834 -10974
30834 -10974
30834 -10974
30823 -11004
30823 -11004
30823 -11004
30823 -11004
30823 -11004
30823 -11004
30823 -11004
30823 -11004
30823 -11004
30823 -11004
30812 -11034
30812 -11034
30818 -11018
30818 -11018
30818 -11018
30807 -11047
30807 -11047
30807 -11047
30807 -11047
30807 -11047
30807 -11047
30807 -11047
30807 -11047
30807 -11047
30807 -11047
30797 -11077
30797 -11077
30797 -11077
30797 -11077
30797 -11077
30797 -11077
30797 -11077
30797 -11077
30797 -11077
30797 -11077
30786 -11107
30786 -11107
30786 -11107
30786 -11107
30786 -11107
30786 -11107
30786 -11107
30786 -11107
30786 -11107
30786 -11107
30775 -11138
30775 -11138
30775 -11138
30775 -11138
30775 -11138
30775 -11138
30775 -11138
30775 -11138
30775 -11138
30775 -11138
30775 -11138
30764 -11168
30764 -11168
30764 -11168
30764 -11168
30764 -11168
30764 -11168
30764 -11168
30764 -11168
30764 -11168
30764 -11168
30753 -11198
30753 -11198
30753 -11198
30753 -11198
30753 -11198
30753 -11198
30753 -11198
30753 -11198
30753 -11198
30753 -11198
30743 -11227
30743 -11227
30743 -11227
30743 -11227
30743 -11227
30743 -11227
30743 -11227
30743 -11227
30743 -11227
30743 -11227
30732 -11258
30732 -11258
30732 -11258
30732 -11258
30732 -11258
30732 -11258
30732 -11258
30732 -11258
30732 -11258
30732 -11258
30721 -11288
30721 -11288
30721 -11288
30721 -11288
30721 -11288
30721 -11288
30721 -11288
30721 -11288
30721 -11288
30721 -11288
30709 -11318
30709 -11318
30709 -11318
30709 -11318
30709 -11318
30709 -11318
30709 -11318
30709 -11318
30709 -11318
30709 -11318
30699 -11347
30699 -11347
30699 -11347
30699 -11347
30699 -11347
30699 -11347
30699 -11347
30699 -11347
30699 -11347
30699 -11347
30688 -11378
30688 -11378
30688 -11378
30688 -11378
30688 -11378
30688 -11378
30688 -11378
30688 -11378
30688 -11378
30688 -11378
30688 -11378
30678 -11407
30678 -11407
30678 -11407
30688 -11403
30688 -11403
30688 -11403
30688 -11403
30678 -11434
30678 -11434
30678 -11434
30678 -11434
30678 -11434
30678 -11434
30678 -11434
30678 -11434
30678 -11434
30678 -11434
30666 -11463
30666 -11463
30666 -11463
30666 -11463
30666 -11463
30666 -11463
30666 -11463
30666 -11463
30666 -11463
30666 -11463
30666 -11463
30655 -11493
30655 -11493
30655 -11493
30655 -11493
30655 -11493
30655 -11493
30655 -11493
30655 -11493
30655 -11493
30655 -11493
30644 -11524
30644 -11524
30644 -11524
30644 -11524
30644 -11524
30644 -11524
30644 -11524
30644 -11524
30644 -11524
30644 -11524
30633 -11552
30633 -11552
30633 -11552
30633 -11552
30633 -11552
30633 -11552
30633 -11552
30633 -11552
30633 -11552
30633 -11552
30621 -11583
30621 -11583
30621 -11583
30621 -11583
30621 -11583
30621 -11583
30621 -11583
30621 -11583
30621 -11583
30621 -11583
30610 -11613
30610 -11613
30610 -11613
30610 -11613
30610 -11613
30610 -11613
30610 -11613
30610 -11613
30610 -11613
30610 -11613
30598 -11643
30598 -11643
30598 -11643
30598 -11643
30598 -11643
30598 -11643
30598 -11643
30598 -11643
30598 -11643
30598 -11643
30587 -11672
30587 -11672
30587 -11672
30587 -11672
30587 -11672
30587 -11672
30587 -11672
30587 -11672
30587 -11672
30587 -11672
30575 -11702
30575 -11702
30575 -11702
30575 -11702
30575 -11702
30575 -11702
30575 -11702
30575 -11702
30575 -11702
30575 -11702
30575 -11702
30564 -11731
30564 -11731
30564 -11731
30564 -11731
30564 -11731
30564 -11731
30564 -11731
30564 -11731
30564 -11731
30564 -11731
30552 -11761
30552 -11761
30552 -11761
30552 -11761
30552 -11761
30552 -11761
30552 -11761
30552 -11761
30552 -11761
30552 -11761
30541 -11791
30541 -11791
30547 -11775
30547 -11775
30547 -11775
30536 -11804
30536 -11804
30536 -11804
30536 -11804
30536 -11804
30536 -11804
30536 -11804
30536 -11804
30536 -11804
30536 -11804
30524 -11834
30524 -11834
30524 -11834
30524 -11834
30524 -11834
30524 -11834
30524 -11834
30524 -11834
30524 -11834
30524 -11834
30513 -11864
30513 -11864
30513 -11864
30513 -11864
30513 -11864
30513 -11864
30513 -11864
30513 -11864
30513 -11864
30513 -11864
30501 -11894
30501 -11894
30501 -11894
30501 -11894
30501 -11894
30501 -11894
30501 -11894
30501 -11894
30501 -11894
30501 -11894
30501 -11894
30490 -11923
30490 -11923
30490 -11923
30490 -11923
30490 -11923
30490 -11923
30490 -11923
30490 -11923
30490 -11923
30490 -11923
30478 -11953
30478 -11953
30478 -11953
30478 -11953
30478 -11953
30478 -11953
30478 -11953
30478 -11953
30478 -11953
30478 -11953
30467 -11982
30467 -11982
30467 -11982
30467 -11982
30467 -11982
30467 -11982
30467 -11982
30467 -11982
30467 -11982
30467 -11982
30455 -12013
30455 -12013
30455 -12013
30455 -12013
30455 -12013
30455 -12013
30455 -12013
30455 -12013
30455 -12013
30455 -12013
30444 -12043
30444 -12043
30444 -12043
30444 -12043
30444 -12043
30444 -12043
30444 -12043
30444 -12043
30444 -12043
30444 -12043
30431 -12072
30431 -12072
30431 -12072
30431 -12072
30431 -12072
30431 -12072
30431 -12072
30431 -12072
30431 -12072
30431 -12072
30420 -12101
30420 -12101
30420 -12101
30420 -12101
30420 -12101
30420 -12101
30420 -12101
30420 -12101
30420 -12101
30420 -12101
30408 -12132
30408 -12132
30408 -12132
30408 -12132
30408 -12132
30408 -12132
30408 -12132
30408 -12132
30408 -12132
30408 -12132
30408 -12132
30397 -12161
30397 -12161
30397 -12161
30427 -12164
30427 -12164
30427 -12164
30427 -12164
30415 -12194
30415 -12194
30415 -12194
30415 -12194
30415 -12194
30415 -12194
30415 -12194
30415 -12194
30415 -12194
30415 -12194
30403 -12223
30403 -12223
30403 -12223
30403 -12223
30403 -12223
30403 -12223
30403 -12223
30403 -12223
30403 -12223
30403 -12223
30403 -12223
30391 -12253
30391 -12253
30391 -12253
30391 -12253
30391 -12253
30391 -12253
30391 -12253
30391 -12253
30391 -12253
30391 -12253
30379 -12283
30379 -12283
30379 -12283
30379 -12283
30379 -12283
30379 -12283
30379 -12283
30379 -12283
30379 -12283
30379 -12283
30368 -12311
30368 -12311
30368 -12311
30368 -12311
30368 -12311
30368 -12311
30368 -12311
30368 -12311
30368 -12311
30368 -12311
30355 -12342
30355 -12342
30355 -12342
30355 -12342
30355 -12342
30355 -12342
30355 -12342
30355 -12342
30355 -12342
30355 -12342
30343 -12371
30343 -12371
30343 -12371
30343 -12371
30343 -12371
30343 -12371
30343 -12371
30343 -12371
30343 -12371
30343 -12371
30330 -12401
30330 -12401
30330 -12401
30330 -12401
30330 -12401
30330 -12401
30330 -12401
30330 -12401
30330 -12401
30330 -12401
30319 -12430
30319 -12430
30319 -12430
30319 -12430
30319 -12430
30319 -12430
30319 -12430
30319 -12430
30319 -12430
30319 -12430
30306 -12459
30306 -12459
30306 -12459
30306 -12459
30306 -12459
30306 -12459
30306 -12459
30306 -12459
30306 -12459
30306 -12459
30306 -12459
30294 -12489
30294 -12489
30294 -12489
30294 -12489
30294 -12489
30294 -12489
30294 -12489
30294 -12489
30294 -12489
30294 -12489
30282 -12518
30282 -12518
30282 -12518
30282 -12518
30282 -12518
30282 -12518
30282 -12518
30282 -12518
30282 -12518
30282 -12518
30270 -12548
30270 -12548
30276 -12532
30276 -12532
30276 -12532
30264 -12561
30264 -12561
30264 -12561
30264 -12561
30264 -12561
30264 -12561
30264 -12561
30264 -12561
30264 -12561
30264 -12561
30252 -12590
30252 -12590
30252 -12590
30252 -12590
30252 -12590
30252 -12590
30252 -12590
30252 -12590
30252 -12590
30252 -12590
30240 -12620
30240 -12620
30240 -12620
30240 -12620
30240 -12620
30240 -12620
30240 -12620
30240 -12620
30240 -12620
30240 -12620
30228 -12650
30228 -12650
30228 -12650
30228 -12650
30228 -12650
30228 -12650
30228 -12650
30228 -12650
30228 -12650
30228 -12650
30228 -12650
30215 -12679
30215 -12679
30215 -12679
30215 -12679
30215 -12679
30215 -12679
30215 -12679
30215 -12679
30215 -12679
30215 -12679
30203 -12709
30203 -12709
30203 -12709
30203 -12709
30203 -12709
30203 -12709
30203 -12709
30203 -12709
30203 -12709
30203 -12709
30191 -12737
30191 -12737
30191 -12737
30191 -12737
30191 -12737
30191 -12737
30191 -12737
30191 -12737
30191 -12737
30191 -12737
30179 -12768
30179 -12768
30179 -12768
30179 -12768
30179 -12768
30179 -12768
30179 -12768
30179 -12768
30179 -12768
30179 -12768
30166 -12797
30166 -12797
30166 -12797
30166 -12797
30166 -12797
30166 -12797
30166 -12797
30166 -12797
30166 -12797
30166 -12797
30153 -12827
30153 -12827
30153 -12827
30153 -12827
30153 -12827
30153 -12827
30153 -12827
30153 -12827
30153 -12827
30153 -12827
30141 -12855
30141 -12855
30141 -12855
30141 -12855
30141 -12855
30141 -12855
30141 -12855
30141 -12855
30141 -12855
30141 -12855
30129 -12886
30129 -12886
30129 -12886
30129 -12886
30129 -12886
30129 -12886
30129 -12886
30129 -12886
30129 -12886
30129 -12886
30129 -12886
30117 -12914
30117 -12914
30117 -12914
30092 -12895
30092 -12895
30092 -12895
30092 -12895
30080 -12925
30080 -12925
30080 -12925
30080 -12925
30080 -12925
30080 -12925
30080 -12925
30080 -12925
30080 -12925
30080 -12925
30067 -12954
30067 -12954
30067 -12954
30067 -12954
30067 -12954
30067 -12954
30067 -12954
30067 -12954
30067 -12954
30067 -12954
30067 -12954
30054 -12983
30054 -12983
30054 -12983
30054 -12983
30054 -12983
30054 -12983
30054 -12983
30054 -12983
30054 -12983
30054 -12983
30042 -13013
30042 -13013
30042 -13013
30042 -13013
30042 -13013
30042 -13013
30042 -13013
30042 -13013
30042 -13013
30042 -13013
30029 -13041
30029 -13041
30029 -13041
30029 -13041
30029 -13041
30029 -13041
30029 -13041
30029 -13041
30029 -13041
30029 -13041
30016 -13071
30016 -13071
30016 -13071
30016 -13071
30016 -13071
30016 -13071
30016 -13071
30016 -13071
30016 -13071
30016 -13071
30003 -13100
30003 -13100
30003 -13100
30003 -13100
30003 -13100
30003 -13100
30003 -13100
30003 -13100
30003 -13100
30003 -13100
29990 -13130
29990 -13130
29990 -13130
29990 -13130
29990 -13130
29990 -13130
29990 -13130
29990 -13130
29990 -13130
29990 -13130
29977 -13158
29977 -13158
29977 -13158
29977 -13158
29977 -13158
29977 -13158
29977 -13158
29977 -13158
29977 -13158
29977 -13158
29964 -13187
29964 -13187
29964 -13187
29964 -13187
29964 -13187
29964 -13187
29964 -13187
29964 -13187
29964 -13187
29964 -13187
29964 -13187
29951 -13216
29951 -13216
29951 -13216
29951 -13216
29951 -13216
29951 -13216
29951 -13216
29951 -13216
29951 -13216
29951 -13216
29938 -13246
29938 -13246
29938 -13246
29938 -13246
29938 -13246
29938 -13246
29938 -13246
29938 -13246
29938 -13246
29938 -13246
29925 -13275
29925 -13275
29932 -13259
29932 -13259
29932 -13259
29920 -13288
29920 -13288
29920 -13288
29920 -13288
29920 -13288
29920 -13288
29920 -13288
29920 -13288
29920 -13288
29920 -13288
29907 -13317
29907 -13317
29907 -13317
29907 -13317
29907 -13317
29907 -13317
29907 -13317
29907 -13317
29907 -13317
29907 -13317
29894 -13346
29894 -13346
29894 -13346
29894 -13346
29894 -13346
29894 -13346
29894 -13346
29894 -13346
29894 -13346
29894 -13346
29881 -13375
29881 -13375
29881 -13375
29881 -13375
29881 -13375
29881 -13375
29881 -13375
29881 -13375
29881 -13375
29881 -13375
29881 -13375
29868 -13405
29868 -13405
29868 -13405
29868 -13405
29868 -13405
29868 -13405
29868 -13405
29868 -13405
29868 -13405
29868 -13405
29855 -13434
29855 -13434
29855 -13434
29855 -13434
29855 -13434
29855 -13434
29855 -13434
29855 -13434
29855 -13434
29855 -13434
29842 -13462
29842 -13462
29842 -13462
29842 -13462
29842 -13462
29842 -13462
29842 -13462
29842 -13462
29842 -13462
29842 -13462
29829 -13492
29829 -13492
29829 -13492
29829 -13492
29829 -13492
29829 -13492
29829 -13492
29829 -13492
29829 -13492
29829 -13492
29816 -13521
29816 -13521
29816 -13521
29816 -13521
29816 -13521
29816 -13521
29816 -13521
29816 -13521
29816 -13521
29816 -13521
29802 -13550
29802 -13550
29802 -13550
29802 -13550
29802 -13550
29802 -13550
29802 -13550
29802 -13550
29802 -13550
29802 -13550
29790 -13579
29790 -13579
29790 -13579
29790 -13579
29790 -13579
29790 -13579
29790 -13579
29790 -13579
29790 -13579
29790 -13579
29776 -13609
29776 -13609
29776 -13609
29776 -13609
29776 -13609
29776 -13609
29776 -13609
29776 -13609
29776 -13609
29776 -13609
29776 -13609
29764 -13637
29764 -13637
29764 -13637
29758 -13626
29758 -13626
29758 -13626
29758 -13626
29745 -13655
29745 -13655
29745 -13655
29745 -13655
29745 -13655
29745 -13655
29745 -13655
29745 -13655
29745 -13655
29745 -13655
29731 -13684
29731 -13684
29731 -13684
29731 -13684
29731 -13684
29731 -13684
29731 -13684
29731 -13684
29731 -13684
29731 -13684
29731 -13684
29718 -13713
29718 -13713
29718 -13713
29718 -13713
29718 -13713
29718 -13713
29718 -13713
29718 -13713
29718 -13713
29718 -13713
29705 -13743
29705 -13743
29705 -13743
29705 -13743
29705 -13743
29705 -13743
29705 -13743
29705 -13743
29705 -13743
29705 -13743
29692 -13771
29692 -13771
29692 -13771
29692 -13771
29692 -13771
29692 -13771
29692 -13771
29692 -13771
29692 -13771
29692 -13771
29677 -13800
29677 -13800
29677 -13800
29677 -13800
29677 -13800
29677 -13800
29677 -13800
29677 -13800
29677 -13800
29677 -13800
29664 -13829
29664 -13829
29664 -13829
29664 -13829
29664 -13829
29664 -13829
29664 -13829
29664 -13829
29664 -13829
29664 -13829
29650 -13858
29650 -13858
29650 -13858
29650 -13858
29650 -13858
29650 -13858
29650 -13858
29650 -13858
29650 -13858
29650 -13858
29637 -13886
29637 -13886
29637 -13886
29637 -13886
29637 -13886
29637 -13886
29637 -13886
29637 -13886
29637 -13886
29637 -13886
29623 -13915
29623 -13915
29623 -13915
29623 -13915
29623 -13915
29623 -13915
29623 -13915
29623 -13915
29623 -13915
29623 -13915
29623 -13915
29610 -13944
29610 -13944
29610 -13944
29610 -13944
29610 -13944
29610 -13944
29610 -13944
29610 -13944
29610 -13944
29610 -13944
29596 -13973
29596 -13973
29596 -13973
29596 -13973
29596 -13973
29596 -13973
29596 -13973
29596 -13973
29596 -13973
29596 -13973
29582 -14002
29582 -14002
29590 -13986
29590 -13986
29590 -13986
29576 -14014
29576 -14014
29576 -14014
29576 -14014
29576 -14014
29576 -14014
29576 -14014
29576 -14014
29576 -14014
29576 -14014
29563 -14043
29563 -14043
29563 -14043
29563 -14043
29563 -14043
29563 -14043
29563 -14043
29563 -14043
29563 -14043
29563 -14043
29549 -14072
29549 -14072
29549 -14072
29549 -14072
29549 -14072
29549 -14072
29549 -14072
29549 -14072
29549 -14072
29549 -14072
29535 -14101
29535 -14101
29535 -14101
29535 -14101
29535 -14101
29535 -14101
29535 -14101
29535 -14101
29535 -14101
29535 -14101
29535 -14101
29522 -14130
29522 -14130
29522 -14130
29522 -14130
29522 -14130
29522 -14130
29522 -14130
29522 -14130
29522 -14130
29522 -14130
29508 -14159
29508 -14159
29508 -14159
29508 -14159
29508 -14159
29508 -14159
29508 -14159
29508 -14159
29508 -14159
29508 -14159
29495 -14187
29495 -14187
29495 -14187
29495 -14187
29495 -14187
29495 -14187
29495 -14187
29495 -14187
29495 -14187
29495 -14187
29481 -14217
29481 -14217
29481 -14217
29481 -14217
29481 -14217
29481 -14217
29481 -14217
29481 -14217
29481 -14217
29481 -14217
29467 -14245
29467 -14245
29467 -14245
29467 -14245
29467 -14245
29467 -14245
29467 -14245
29467 -14245
29467 -14245
29467 -14245
29452 -14274
29452 -14274
29452 -14274
29452 -14274
29452 -14274
29452 -14274
29452 -14274
29452 -14274
29452 -14274
29452 -14274
29439 -14302
29439 -14302
29439 -14302
29439 -14302
29439 -14302
29439 -14302
29439 -14302
29439 -14302
29439 -14302
29439 -14302
29425 -14332
29425 -14332
29425 -14332
29425 -14332
29425 -14332
29425 -14332
29425 -14332
29425 -14332
29425 -14332
29425 -14332
29425 -14332
29412 -14360
29412 -14360
29412 -14360
29423 -14356
29423 -14356
29423 -14356
29423 -14356
29409 -14385
29409 -14385
29409 -14385
29409 -14385
29409 -14385
29409 -14385
29409 -14385
29409 -14385
29409 -14385
29409 -14385
29395 -14414
29395 -14414
29395 -14414
29395 -14414
29395 -14414
29395 -14414
29395 -14414
29395 -14414
29395 -14414
29395 -14414
29395 -14414
29380 -14442
29380 -14442
29380 -14442
29380 -14442
29380 -14442
29380 -14442
29380 -14442
29380 -14442
29380 -14442
29380 -14442
29367 -14471
29367 -14471
29367 -14471
29367 -14471
29367 -14471
29367 -14471
29367 -14471
29367 -14471
29367 -14471
29367 -14471
29353 -14499
29353 -14499
29353 -14499
29353 -14499
29353 -14499
29353 -14499
29353 -14499
29353 -14499
29353 -14499
29353 -14499
29338 -14529
29338 -14529
29338 -14529
29338 -14529
29338 -14529
29338 -14529
29338 -14529
29338 -14529
29338 -14529
29338 -14529
29324 -14557
29324 -14557
29324 -14557
29324 -14557
29324 -14557
29324 -14557
29324 -14557
29324 -14557
29324 -14557
29324 -14557
29309 -14586
29309 -14586
29309 -14586
29309 -14586
29309 -14586
29309 -14586
29309 -14586
29309 -14586
29309 -14586
29309 -14586
29296 -14613
29296 -14613
29296 -14613
29296 -14613
29296 -14613
29296 -14613
29296 -14613
29296 -14613
29296 -14613
29296 -14613
29281 -14642
29281 -14642
29281 -14642
29281 -14642
29281 -14642
29281 -14642
29281 -14642
29281 -14642
29281 -14642
29281 -14642
29281 -14642
29267 -14670
29267 -14670
29267 -14670
29267 -14670
29267 -14670
29267 -14670
29267 -14670
29267 -14670
29267 -14670
29267 -14670
29252 -14699
29252 -14699
29252 -14699
29252 -14699
29252 -14699
29252 -14699
29252 -14699
29252 -14699
29252 -14699
29252 -14699
29238 -14728
29238 -14728
29246 -14712
29246 -14712
29246 -14712
29232 -14740
29232 -14740
29232 -14740
29232 -14740
29232 -14740
29232 -14740
29232 -14740
29232 -14740
29232 -14740
29232 -14740
29217 -14769
29217 -14769
29217 -14769
29217 -14769
29217 -14769
29217 -14769
29217 -14769
29217 -14769
29217 -14769
29217 -14769
29203 -14797
29203 -14797
29203 -14797
29203 -14797
29203 -14797
29203 -14797
29203 -14797
29203 -14797
29203 -14797
29203 -14797
29189 -14826
29189 -14826
29189 -14826
29189 -14826
29189 -14826
29189 -14826
29189 -14826
29189 -14826
29189 -14826
29189 -14826
29189 -14826
29174 -14854
29174 -14854
29174 -14854
29174 -14854
29174 -14854
29174 -14854
29174 -14854
29174 -14854
29174 -14854
29174 -14854
29160 -14883
29160 -14883
29160 -14883
29160 -14883
29160 -14883
29160 -14883
29160 -14883
29160 -14883
29160 -14883
29160 -14883
29146 -14911
29146 -14911
29146 -14911
29146 -14911
29146 -14911
29146 -14911
29146 -14911
29146 -14911
29146 -14911
29146 -14911
29131 -14940
29131 -14940
29131 -14940
29131 -14940
29131 -14940
29131 -14940
29131 -14940
29131 -14940
29131 -14940
29131 -14940
29117 -14969
29117 -14969
29117 -14969
29117 -14969
29117 -14969
29117 -14969
29117 -14969
29117 -14969
29117 -14969
29117 -14969
29102 -14997
29102 -14997
29102 -14997
29102 -14997
29102 -14997
29102 -14997
29102 -14997
29102 -14997
29102 -14997
29102 -14997
29088 -15024
29088 -15024
29088 -15024
29088 -15024
29088 -15024
29088 -15024
29088 -15024
29088 -15024
29088 -15024
29088 -15024
29073 -15054
29073 -15054
29073 -15054
29073 -15054
29073 -15054
29073 -15054
29073 -15054
29073 -15054
29073 -15054
29073 -15054
29073 -15054
29059 -15081
29059 -15081
29059 -15081
29088 -15088
29088 -15088
29088 -15088
29088 -15088
29074 -15116
29074 -15116
29074 -15116
29074 -15116
29074 -15116
29074 -15116
29074 -15116
29074 -15116
29074 -15116
29074 -15116
29058 -15144
29058 -15144
29058 -15144
29058 -15144
29058 -15144
29058 -15144
29058 -15144
29058 -15144
29058 -15144
29058 -15144
29058 -15144
29043 -15173
29043 -15173
29043 -15173
29043 -15173
29043 -15173
29043 -15173
29043 -15173
29043 -15173
29043 -15173
29043 -15173
29029 -15201
29029 -15201
29029 -15201
29029 -15201
29029 -15201
29029 -15201
29029 -15201
29029 -15201
29029 -15201
29029 -15201
29015 -15229
29015 -15229
29015 -15229
29015 -15229
29015 -15229
29015 -15229
29015 -15229
29015 -15229
29015 -15229
29015 -15229
28999 -15258
28999 -15258
28999 -15258
28999 -15258
28999 -15258
28999 -15258
28999 -15258
28999 -15258
28999 -15258
28999 -15258
28984 -15286
28984 -15286
28984 -15286
28984 -15286
28984 -15286
28984 -15286
28984 -15286
28984 -15286
28984 -15286
28984 -15286
28969 -15314
28969 -15314
28969 -15314
28969 -15314
28969 -15314
28969 -15314
28969 -15314
28969 -15314
28969 -15314
28969 -15314
28954 -15342
28954 -15342
28954 -15342
28954 -15342
28954 -15342
28954 -15342
28954 -15342
28954 -15342
28954 -15342
28954 -15342
28939 -15370
28939 -15370
28939 -15370
28939 -15370
28939 -15370
28939 -15370
28939 -15370
28939 -15370
28939 -15370
28939 -15370
28939 -15370
28924 -15398
28924 -15398
28924 -15398
28924 -15398
28924 -15398
28924 -15398
28924 -15398
28924 -15398
28924 -15398
28924 -15398
28909 -15426
28909 -15426
28909 -15426
28909 -15426
28909 -15426
28909 -15426
28909 -15426
28909 -15426
28909 -15426
28909 -15426
28894 -15454
28894 -15454
28902 -15439
28902 -15439
28902 -15439
28887 -15467
28887 -15467
28887 -15467
28887 -15467
28887 -15467
28887 -15467
28887 -15467
28887 -15467
28887 -15467
28887 -15467
28872 -15495
28872 -15495
28872 -15495
28872 -15495
28872 -15495
28872 -15495
28872 -15495
28872 -15495
28872 -15495
28872 -15495
28857 -15523
28857 -15523
28857 -15523
28857 -15523
28857 -15523
28857 -15523
28857 -15523
28857 -15523
28857 -15523
28857 -15523
28842 -15551
28842 -15551
28842 -15551
28842 -15551
28842 -15551
28842 -15551
28842 -15551
28842 -15551
28842 -15551
28842 -15551
28842 -15551
28827 -15580
28827 -15580
28827 -15580
28827 -15580
28827 -15580
28827 -15580
28827 -15580
28827 -15580
28827 -15580
28827 -15580
28812 -15608
28812 -15608
28812 -15608
28812 -15608
28812 -15608
28812 -15608
28812 -15608
28812 -15608
28812 -15608
28812 -15608
28797 -15635
28797 -15635
28797 -15635
28797 -15635
28797 -15635
28797 -15635
28797 -15635
28797 -15635
28797 -15635
28797 -15635
28782 -15664
28782 -15664
28782 -15664
28782 -15664
28782 -15664
28782 -15664
28782 -15664
28782 -15664
28782 -15664
28782 -15664
28767 -15693
28767 -15693
28767 -15693
28767 -15693
28767 -15693
28767 -15693
28767 -15693
28767 -15693
28767 -15693
28767 -15693
28751 -15720
28751 -15720
28751 -15720
28751 -15720
28751 -15720
28751 -15720
28751 -15720
28751 -15720
28751 -15720
28751 -15720
28736 -15748
28736 -15748
28736 -15748
28736 -15748
28736 -15748
28736 -15748
28736 -15748
28736 -15748
28736 -15748
28736 -15748
28720 -15777
28720 -15777
28720 -15777
28720 -15777
28720 -15777
28720 -15777
28720 -15777
28720 -15777
28720 -15777
28720 -15777
28720 -15777
28706 -15804
28706 -15804
28706 -15804
28683 -15783
28683 -15783
28683 -15783
28683 -15783
28668 -15811
28668 -15811
28668 -15811
28668 -15811
28668 -15811
28668 -15811
28668 -15811
28668 -15811
28668 -15811
28668 -15811
28653 -15839
28653 -15839
28653 -15839
28653 -15839
28653 -15839
28653 -15839
28653 -15839
28653 -15839
28653 -15839
28653 -15839
28653 -15839
28637 -15867
28637 -15867
28637 -15867
28637 -15867
28637 -15867
28637 -15867
28637 -15867
28637 -15867
28637 -15867
28637 -15867
28622 -15895
28622 -15895
28622 -15895
28622 -15895
28622 -15895
28622 -15895
28622 -15895
28622 -15895
28622 -15895
28622 -15895
28607 -15922
28607 -15922
28607 -15922
28607 -15922
28607 -15922
28607 -15922
28607 -15922
28607 -15922
28607 -15922
28607 -15922
28591 -15950
28591 -15950
28591 -15950
28591 -15950
28591 -15950
28591 -15950
28591 -15950
28591 -15950
28591 -15950
28591 -15950
28575 -15978
28575 -15978
28575 -15978
28575 -15978
28575 -15978
28575 -15978
28575 -15978
28575 -15978
28575 -15978
28575 -15978
28559 -16006
28559 -16006
28559 -16006
28559 -16006
28559 -16006
28559 -16006
28559 -16006
28559 -16006
28559 -16006
28559 -16006
28544 -16033
28544 -16033
28544 -16033
28544 -16033
28544 -16033
28544 -16033
28544 -16033
28544 -16033
28544 -16033
28544 -16033
28528 -16061
28528 -16061
28528 -16061
28528 -16061
28528 -16061
28528 -16061
28528 -16061
28528 -16061
28528 -16061
28528 -16061
28528 -16061
28512 -16089
28512 -16089
28512 -16089
28512 -16089
28512 -16089
28512 -16089
28512 -16089
28512 -16089
28512 -16089
28512 -16089
28496 -16117
28496 -16117
28496 -16117
28496 -16117
28496 -16117
28496 -16117
28496 -16117
28496 -16117
28496 -16117
28496 -16117
28481 -16144
28481 -16144
28489 -16130
28489 -16130
28489 -16130
28474 -16157
28474 -16157
28474 -16157
28474 -16157
28474 -16157
28474 -16157
28474 -16157
28474 -16157
28474 -16157
28474 -16157
28458 -16184
28458 -16184
28458 -16184
28458 -16184
28458 -16184
28458 -16184
28458 -16184
28458 -16184
28458 -16184
28458 -16184
28442 -16212
28442 -16212
28442 -16212
28442 -16212
28442 -16212
28442 -16212
28442 -16212
28442 -16212
28442 -16212
28442 -16212
28427 -16240
28427 -16240
28427 -16240
28427 -16240
28427 -16240
28427 -16240
28427 -16240
28427 -16240
28427 -16240
28427 -16240
28427 -16240
28411 -16268
28411 -16268
28411 -16268
28411 -16268
28411 -16268
28411 -16268
28411 -16268
28411 -16268
28411 -16268
28411 -16268
28395 -16296
28395 -16296
28395 -16296
28395 -16296
28395 -16296
28395 -16296
28395 -16296
28395 -16296
28395 -16296
28395 -16296
28380 -16323
28380 -16323
28380 -16323
28380 -16323
28380 -16323
28380 -16323
28380 -16323
28380 -16323
28380 -16323
28380 -16323
28363 -16351
28363 -16351
28363 -16351
28363 -16351
28363 -16351
28363 -16351
28363 -16351
28363 -16351
28363 -16351
28363 -16351
28348 -16379
28348 -16379
28348 -16379
28348 -16379
28348 -16379
28348 -16379
28348 -16379
28348 -16379
28348 -16379
28348 -16379
28331 -16406
28331 -16406
28331 -16406
28331 -16406
28331 -16406
28331 -16406
28331 -16406
28331 -16406
28331 -16406
28331 -16406
28316 -16433
28316 -16433
28316 -16433
28316 -16433
28316 -16433
28316 -16433
28316 -16433
28316 -16433
28316 -16433
28316 -16433
28300 -16462
28300 -16462
28300 -16462
28300 -16462
28300 -16462
28300 -16462
28300 -16462
28300 -16462
28300 -16462
28300 -16462
28300 -16462
28284 -16489
28284 -16489
28284 -16489
28279 -16477
28279 -16477
28279 -16477
28279 -16477
28263 -16505
28263 -16505
28263 -16505
28263 -16505
28263 -16505
28263 -16505
28263 -16505
28263 -16505
28263 -16505
28263 -16505
28247 -16532
28247 -16532
28247 -16532
28247 -16532
28247 -16532
28247 -16532
28247 -16532
28247 -16532
28247 -16532
28247 -16532
28247 -16532
28230 -16559
28230 -16559
28230 -16559
28230 -16559
28230 -16559
28230 -16559
28230 -16559
28230 -16559
28230 -16559
28230 -16559
28215 -16587
28215 -16587
28215 -16587
28215 -16587
28215 -16587
28215 -16587
28215 -16587
28215 -16587
28215 -16587
28215 -16587
28199 -16614
28199 -16614
28199 -16614
28199 -16614
28199 -16614
28199 -16614
28199 -16614
28199 -16614
28199 -16614
28199 -16614
28182 -16642
28182 -16642
28182 -16642
28182 -16642
28182 -16642
28182 -16642
28182 -16642
28182 -16642
28182 -16642
28182 -16642
28166 -16670
28166 -16670
28166 -16670
28166 -16670
28166 -16670
28166 -16670
28166 -16670
28166 -16670
28166 -16670
28166 -16670
28149 -16697
28149 -16697
28149 -16697
28149 -16697
28149 -16697
28149 -16697
28149 -16697
28149 -16697
28149 -16697
28149 -16697
28133 -16724
28133 -16724
28133 -16724
28133 -16724
28133 -16724
28133 -16724
28133 -16724
28133 -16724
28133 -16724
28133 -16724
28117 -16751
28117 -16751
28117 -16751
28117 -16751
28117 -16751
28117 -16751
28117 -16751
28117 -16751
28117 -16751
28117 -16751
28117 -16751
28100 -16778
28100 -16778
28100 -16778
28100 -16778
28100 -16778
28100 -16778
28100 -16778
28100 -16778
28100 -16778
28100 -16778
28084 -16806
28084 -16806
28084 -16806
28084 -16806
28084 -16806
28084 -16806
28084 -16806
28084 -16806
28084 -16806
28084 -16806
28068 -16833
28068 -16833
28076 -16819
28076 -16819
28076 -16819
28060 -16845
28060 -16845
28060 -16845
28060 -16845
28060 -16845
28060 -16845
28060 -16845
28060 -16845
28060 -16845
28060 -16845
28044 -16873
28044 -16873
28044 -16873
28044 -16873
28044 -16873
28044 -16873
28044 -16873
28044 -16873
28044 -16873
28044 -16873
28027 -16900
28027 -16900
28027 -16900
28027 -16900
28027 -16900
28027 -16900
28027 -16900
28027 -16900
28027 -16900
28027 -16900
28011 -16927
28011 -16927
28011 -16927
28011 -16927
28011 -16927
28011 -16927
28011 -16927
28011 -16927
28011 -16927
28011 -16927
28011 -16927
27995 -16955
27995 -16955
27995 -16955
27995 -16955
27995 -16955
27995 -16955
27995 -16955
27995 -16955
27995 -16955
27995 -16955
27978 -16982
27978 -16982
27978 -16982
27978 -16982
27978 -16982
27978 -16982
27978 -16982
27978 -16982
27978 -16982
27978 -16982
27962 -17009
27962 -17009
27962 -17009
27962 -17009
27962 -17009
27962 -17009
27962 -17009
27962 -17009
27962 -17009
27962 -17009
27945 -17037
27945 -17037
27945 -17037
27945 -17037
27945 -17037
27945 -17037
27945 -17037
27945 -17037
27945 -17037
27945 -17037
27929 -17065
27929 -17065
27929 -17065
27929 -17065
27929 -17065
27929 -17065
27929 -17065
27929 -17065
27929 -17065
27929 -17065
27912 -17091
27912 -17091
27912 -17091
27912 -17091
27912 -17091
27912 -17091
27912 -17091
27912 -17091
27912 -17091
27912 -17091
27896 -17118
27896 -17118
27896 -17118
27896 -17118
27896 -17118
27896 -17118
27896 -17118
27896 -17118
27896 -17118
27896 -17118
27879 -17146
27879 -17146
27879 -17146
27879 -17146
27879 -17146
27879 -17146
27879 -17146
27879 -17146
27879 -17146
27879 -17146
27879 -17146
27863 -17173
27863 -17173
27863 -17173
27873 -17172
27873 -17172
27873 -17172
27873 -17172
27857 -17199
27857 -17199
27857 -17199
27857 -17199
27857 -17199
27857 -17199
27857 -17199
27857 -17199
27857 -17199
27857 -17199
27840 -17226
27840 -17226
27840 -17226
27840 -17226
27840 -17226
27840 -17226
27840 -17226
27840 -17226
27840 -17226
27840 -17226
27840 -17226
27823 -17253
27823 -17253
27823 -17253
27823 -17253
27823 -17253
27823 -17253
27823 -17253
27823 -17253
27823 -17253
27823 -17253
27807 -17281
27807 -17281
27807 -17281
27807 -17281
27807 -17281
27807 -17281
27807 -17281
27807 -17281
27807 -17281
27807 -17281
27790 -17307
27790 -17307
27790 -17307
27790 -17307
27790 -17307
27790 -17307
27790 -17307
27790 -17307
27790 -17307
27790 -17307
27773 -17335
27773 -17335
27773 -17335
27773 -17335
27773 -17335
27773 -17335
27773 -17335
27773 -17335
27773 -17335
27773 -17335
27755 -17362
27755 -17362
27755 -17362
27755 -17362
27755 -17362
27755 -17362
27755 -17362
27755 -17362
27755 -17362
27755 -17362
27738 -17389
27738 -17389
27738 -17389
27738 -17389
27738 -17389
27738 -17389
27738 -17389
27738 -17389
27738 -17389
27738 -17389
27722 -17415
27722 -17415
27722 -17415
27722 -17415
27722 -17415
27722 -17415
27722 -17415
27722 -17415
27722 -17415
27722 -17415
27705 -17442
27705 -17442
27705 -17442
27705 -17442
27705 -17442
27705 -17442
27705 -17442
27705 -17442
27705 -17442
27705 -17442
27705 -17442
27688 -17469
27688 -17469
27688 -17469
27688 -17469
27688 -17469
27688 -17469
27688 -17469
27688 -17469
27688 -17469
27688 -17469
27670 -17496
27670 -17496
27670 -17496
27670 -17496
27670 -17496
27670 -17496
27670 -17496
27670 -17496
27670 -17496
27670 -17496
27653 -17523
27653 -17523
27662 -17509
27662 -17509
27662 -17509
27646 -17535
27646 -17535
27646 -17535
27646 -17535
27646 -17535
27646 -17535
27646 -17535
27646 -17535
27646 -17535
27646 -17535
27629 -17562
27629 -17562
27629 -17562
27629 -17562
27629 -17562
27629 -17562
27629 -17562
27629 -17562
27629 -17562
27629 -17562
27612 -17589
27612 -17589
27612 -17589
27612 -17589
27612 -17589
27612 -17589
27612 -17589
27612 -17589
27612 -17589
27612 -17589
27595 -17616
27595 -17616
27595 -17616
27595 -17616
27595 -17616
27595 -17616
27595 -17616
27595 -17616
27595 -17616
27595 -17616
27595 -17616
27577 -17643
27577 -17643
27577 -17643
27577 -17643
27577 -17643
27577 -17643
27577 -17643
27577 -17643
27577 -17643
27577 -17643
27560 -17670
27560 -17670
27560 -17670
27560 -17670
27560 -17670
27560 -17670
27560 -17670
27560 -17670
27560 -17670
27560 -17670
27544 -17696
27544 -17696
27544 -17696
27544 -17696
27544 -17696
27544 -17696
27544 -17696
27544 -17696
27544 -17696
27544 -17696
27526 -17724
27526 -17724
27526 -17724
27526 -17724
27526 -17724
27526 -17724
27526 -17724
27526 -17724
27526 -17724
27526 -17724
27509 -17751
27509 -17751
27509 -17751
27509 -17751
27509 -17751
27509 -17751
27509 -17751
27509 -17751
27509 -17751
27509 -17751
27491 -17777
27491 -17777
27491 -17777
27491 -17777
27491 -17777
27491 -17777
27491 -17777
27491 -17777
27491 -17777
27491 -17777
27474 -17804
27474 -17804
27474 -17804
27474 -17804
27474 -17804
27474 -17804
27474 -17804
27474 -17804
27474 -17804
27474 -17804
27457 -17831
27457 -17831
27457 -17831
27457 -17831
27457 -17831
27457 -17831
27457 -17831
27457 -17831
27457 -17831
27457 -17831
27457 -17831
27440 -17858
27440 -17858
27440 -17858
27469 -17866
27469 -17866
27469 -17866
27469 -17866
27452 -17893
27452 -17893
27452 -17893
27452 -17893
27452 -17893
27452 -17893
27452 -17893
27452 -17893
27452 -17893
27452 -17893
27434 -17920
27434 -17920
27434 -17920
27434 -17920
27434 -17920
27434 -17920
27434 -17920
27434 -17920
27434 -17920
27434 -17920
27434 -17920
27417 -17946
27417 -17946
27417 -17946
27417 -17946
27417 -17946
27417 -17946
27417 -17946
27417 -17946
27417 -17946
27417 -17946
27400 -17973
27400 -17973
27400 -17973
27400 -17973
27400 -17973
27400 -17973
27400 -17973
27400 -17973
27400 -17973
27400 -17973
27382 -17999
27382 -17999
27382 -17999
27382 -17999
27382 -17999
27382 -17999
27382 -17999
27382 -17999
27382 -17999
27382 -17999
27364 -18027
27364 -18027
27364 -18027
27364 -18027
27364 -18027
27364 -18027
27364 -18027
27364 -18027
27364 -18027
27364 -18027
27346 -18053
27346 -18053
27346 -18053
27346 -18053
27346 -18053
27346 -18053
27346 -18053
27346 -18053
27346 -18053
27346 -18053
27329 -18080
27329 -18080
27329 -18080
27329 -18080
27329 -18080
27329 -18080
27329 -18080
27329 -18080
27329 -18080
27329 -18080
27311 -18105
27311 -18105
27311 -18105
27311 -18105
27311 -18105
27311 -18105
27311 -18105
27311 -18105
27311 -18105
27311 -18105
27294 -18132
27294 -18132
27294 -18132
27294 -18132
27294 -18132
27294 -18132
27294 -18132
27294 -18132
27294 -18132
27294 -18132
27294 -18132
27276 -18159
27276 -18159
27276 -18159
27276 -18159
27276 -18159
27276 -18159
27276 -18159
27276 -18159
27276 -18159
27276 -18159
27258 -18185
27258 -18185
27258 -18185
27258 -18185
27258 -18185
27258 -18185
27258 -18185
27258 -18185
27258 -18185
27258 -18185
27240 -18212
27240 -18212
27250 -18198
27250 -18198
27250 -18198
27232 -18224
27232 -18224
27232 -18224
27232 -18224
27232 -18224
27232 -18224
27232 -18224
27232 -18224
27232 -18224
27232 -18224
27215 -18250
27215 -18250
27215 -18250
27215 -18250
27215 -18250
27215 -18250
27215 -18250
27215 -18250
27215 -18250
27215 -18250
27197 -18277
27197 -18277
27197 -18277
27197 -18277
27197 -18277
27197 -18277
27197 -18277
27197 -18277
27197 -18277
27197 -18277
27179 -18303
27179 -18303
27179 -18303
27179 -18303
27179 -18303
27179 -18303
27179 -18303
27179 -18303
27179 -18303
27179 -18303
27179 -18303
27161 -18330
27161 -18330
27161 -18330
27161 -18330
27161 -18330
27161 -18330
27161 -18330
27161 -18330
27161 -18330
27161 -18330
27143 -18357
27143 -18357
27143 -18357
27143 -18357
27143 -18357
27143 -18357
27143 -18357
27143 -18357
27143 -18357
27143 -18357
27126 -18382
27126 -18382
27126 -18382
27126 -18382
27126 -18382
27126 -18382
27126 -18382
27126 -18382
27126 -18382
27126 -18382
27108 -18410
27108 -18410
27108 -18410
27108 -18410
27108 -18410
27108 -18410
27108 -18410
27108 -18410
27108 -18410
27108 -18410
27090 -18436
27090 -18436
27090 -18436
27090 -18436
27090 -18436
27090 -18436
27090 -18436
27090 -18436
27090 -18436
27090 -18436
27072 -18462
27072 -18462
27072 -18462
27072 -18462
27072 -18462
27072 -18462
27072 -18462
27072 -18462
27072 -18462
27072 -18462
27054 -18488
27054 -18488
27054 -18488
27054 -18488
27054 -18488
27054 -18488
27054 -18488
27054 -18488
27054 -18488
27054 -18488
27036 -18516
27036 -18516
27036 -18516
27036 -18516
27036 -18516
27036 -18516
27036 -18516
27036 -18516
27036 -18516
27036 -18516
27036 -18516
27019 -18541
27019 -18541
27019 -18541
26998 -18518
26998 -18518
26998 -18518
26998 -18518
26981 -18544
26981 -18544
26981 -18544
26981 -18544
26981 -18544
26981 -18544
26981 -18544
26981 -18544
26981 -18544
26981 -18544
26962 -18570
26962 -18570
26962 -18570
26962 -18570
26962 -18570
26962 -18570
26962 -18570
26962 -18570
26962 -18570
26962 -18570
26962 -18570
26944 -18597
26944 -18597
26944 -18597
26944 -18597
26944 -18597
26944 -18597
26944 -18597
26944 -18597
26944 -18597
26944 -18597
26926 -18623
26926 -18623
26926 -18623
26926 -18623
26926 -18623
26926 -18623
26926 -18623
26926 -18623
26926 -18623
26926 -18623
26908 -18649
26908 -18649
26908 -18649
26908 -18649
26908 -18649
26908 -18649
26908 -18649
26908 -18649
26908 -18649
26908 -18649
26889 -18676
26889 -18676
26889 -18676
26889 -18676
26889 -18676
26889 -18676
26889 -18676
26889 -18676
26889 -18676
26889 -18676
26871 -18702
26871 -18702
26871 -18702
26871 -18702
26871 -18702
26871 -18702
26871 -18702
26871 -18702
26871 -18702
26871 -18702
26852 -18728
26852 -18728
26852 -18728
26852 -18728
26852 -18728
26852 -18728
26852 -18728
26852 -18728
26852 -18728
26852 -18728
26835 -18753
26835 -18753
26835 -18753
26835 -18753
26835 -18753
26835 -18753
26835 -18753
26835 -18753
26835 -18753
26835 -18753
26816 -18779
26816 -18779
26816 -18779
26816 -18779
26816 -18779
26816 -18779
26816 -18779
26816 -18779
26816 -18779
26816 -18779
26816 -18779
26798 -18805
26798 -18805
26798 -18805
26798 -18805
26798 -18805
26798 -18805
26798 -18805
26798 -18805
26798 -18805
26798 -18805
26779 -18832
26779 -18832
26779 -18832
26779 -18832
26779 -18832
26779 -18832
26779 -18832
26779 -18832
26779 -18832
26779 -18832
26761 -18858
26761 -18858
26771 -18844
26771 -18844
26771 -18844
26753 -18869
26753 -18869
26753 -18869
26753 -18869
26753 -18869
26753 -18869
26753 -18869
26753 -18869
26753 -18869
26753 -18869
26735 -18895
26735 -18895
26735 -18895
26735 -18895
26735 -18895
26735 -18895
26735 -18895
26735 -18895
26735 -18895
26735 -18895
26716 -18921
26716 -18921
26716 -18921
26716 -18921
26716 -18921
26716 -18921
26716 -18921
26716 -18921
26716 -18921
26716 -18921
26698 -18948
26698 -18948
26698 -18948
26698 -18948
26698 -18948
26698 -18948
26698 -18948
26698 -18948
26698 -18948
26698 -18948
26698 -18948
26679 -18974
26679 -18974
26679 -18974
26679 -18974
26679 -18974
26679 -18974
26679 -18974
26679 -18974
26679 -18974
26679 -18974
26661 -19000
26661 -19000
26661 -19000
26661 -19000
26661 -19000
26661 -19000
26661 -19000
26661 -19000
26661 -19000
26661 -19000
26643 -19025
26643 -19025
26643 -19025
26643 -19025
26643 -19025
26643 -19025
26643 -19025
26643 -19025
26643 -19025
26643 -19025
26624 -19052
26624 -19052
26624 -19052
26624 -19052
26624 -19052
26624 -19052
26624 -19052
26624 -19052
26624 -19052
26624 -19052
26606 -19078
26606 -19078
26606 -19078
26606 -19078
26606 -19078
26606 -19078
26606 -19078
26606 -19078
26606 -19078
26606 -19078
26586 -19104
26586 -19104
26586 -19104
26586 -19104
26586 -19104
26586 -19104
26586 -19104
26586 -19104
26586 -19104
26586 -19104
26569 -19129
26569 -19129
26569 -19129
26569 -19129
26569 -19129
26569 -19129
26569 -19129
26569 -19129
26569 -19129
26569 -19129
26550 -19156
26550 -19156
26550 -19156
26550 -19156
26550 -19156
26550 -19156
26550 -19156
26550 -19156
26550 -19156
26550 -19156
26550 -19156
26532 -19181
26532 -19181
26532 -19181
26527 -19170
26527 -19170
26527 -19170
26527 -19170
26509 -19196
26509 -19196
26509 -19196
26509 -19196
26509 -19196
26509 -19196
26509 -19196
26509 -19196
26509 -19196
26509 -19196
26490 -19221
26490 -19221
26490 -19221
26490 -19221
26490 -19221
26490 -19221
26490 -19221
26490 -19221
26490 -19221
26490 -19221
26490 -19221
26471 -19247
26471 -19247
26471 -19247
26471 -19247
26471 -19247
26471 -19247
26471 -19247
26471 -19247
26471 -19247
26471 -19247
26453 -19273
26453 -19273
26453 -19273
26453 -19273
26453 -19273
26453 -19273
26453 -19273
26453 -19273
26453 -19273
26453 -19273
26434 -19298
26434 -19298
26434 -19298
26434 -19298
26434 -19298
26434 -19298
26434 -19298
26434 -19298
26434 -19298
26434 -19298
26415 -19325
26415 -19325
26415 -19325
26415 -19325
26415 -19325
26415 -19325
26415 -19325
26415 -19325
26415 -19325
26415 -19325
26395 -19350
26395 -19350
26395 -19350
26395 -19350
26395 -19350
26395 -19350
26395 -19350
26395 -19350
26395 -19350
26395 -19350
26376 -19376
26376 -19376
26376 -19376
26376 -19376
26376 -19376
26376 -19376
26376 -19376
26376 -19376
26376 -19376
26376 -19376
26358 -19401
26358 -19401
26358 -19401
26358 -19401
26358 -19401
26358 -19401
26358 -19401
26358 -19401
26358 -19401
26358 -19401
26339 -19427
26339 -19427
26339 -19427
26339 -19427
26339 -19427
26339 -19427
26339 -19427
26339 -19427
26339 -19427
26339 -19427
26339 -19427
26320 -19452
26320 -19452
26320 -19452
26320 -19452
26320 -19452
26320 -19452
26320 -19452
26320 -19452
26320 -19452
26320 -19452
26301 -19478
26301 -19478
26301 -19478
26301 -19478
26301 -19478
26301 -19478
26301 -19478
26301 -19478
26301 -19478
26301 -19478
26282 -19504
26282 -19504
26292 -19490
26292 -19490
26292 -19490
26274 -19515
26274 -19515
26274 -19515
26274 -19515
26274 -19515
26274 -19515
26274 -19515
26274 -19515
26274 -19515
26274 -19515
26254 -19541
26254 -19541
26254 -19541
26254 -19541
26254 -19541
26254 -19541
26254 -19541
26254 -19541
26254 -19541
26254 -19541
26235 -19566
26235 -19566
26235 -19566
26235 -19566
26235 -19566
26235 -19566
26235 -19566
26235 -19566
26235 -19566
26235 -19566
26216 -19592
26216 -19592
26216 -19592
26216 -19592
26216 -19592
26216 -19592
26216 -19592
26216 -19592
26216 -19592
26216 -19592
26216 -19592
26197 -19618
26197 -19618
26197 -19618
26197 -19618
26197 -19618
26197 -19618
26197 -19618
26197 -19618
26197 -19618
26197 -19618
26178 -19643
26178 -19643
26178 -19643
26178 -19643
26178 -19643
26178 -19643
26178 -19643
26178 -19643
26178 -19643
26178 -19643
26160 -19668
26160 -19668
26160 -19668
26160 -19668
26160 -19668
26160 -19668
26160 -19668
26160 -19668
26160 -19668
26160 -19668
26140 -19695
26140 -19695
26140 -19695
26140 -19695
26140 -19695
26140 -19695
26140 -19695
26140 -19695
26140 -19695
26140 -19695
26121 -19720
26121 -19720
26121 -19720
26121 -19720
26121 -19720
26121 -19720
26121 -19720
26121 -19720
26121 -19720
26121 -19720
26101 -19745
26101 -19745
26101 -19745
26101 -19745
26101 -19745
26101 -19745
26101 -19745
26101 -19745
26101 -19745
26101 -19745
26083 -19770
26083 -19770
26083 -19770
26083 -19770
26083 -19770
26083 -19770
26083 -19770
26083 -19770
26083 -19770
26083 -19770
26063 -19797
26063 -19797
26063 -19797
26063 -19797
26063 -19797
26063 -19797
26063 -19797
26063 -19797
26063 -19797
26063 -19797
26063 -19797
26045 -19822
26045 -19822
26045 -19822
26056 -19820
26056 -19820
26056 -19820
26056 -19820
26037 -19846
26037 -19846
26037 -19846
26037 -19846
26037 -19846
26037 -19846
26037 -19846
26037 -19846
26037 -19846
26037 -19846
26018 -19871
26018 -19871
26018 -19871
26018 -19871
26018 -19871
26018 -19871
26018 -19871
26018 -19871
26018 -19871
26018 -19871
26018 -19871
25998 -19897
25998 -19897
25998 -19897
25998 -19897
25998 -19897
25998 -19897
25998 -19897
25998 -19897
25998 -19897
25998 -19897
25979 -19922
25979 -19922
25979 -19922
25979 -19922
25979 -19922
25979 -19922
25979 -19922
25979 -19922
25979 -19922
25979 -19922
25960 -19947
25960 -19947
25960 -19947
25960 -19947
25960 -19947
25960 -19947
25960 -19947
25960 -19947
25960 -19947
25960 -19947
25940 -19973
25940 -19973
25940 -19973
25940 -19973
25940 -19973
25940 -19973
25940 -19973
25940 -19973
25940 -19973
25940 -19973
25920 -19998
25920 -19998
25920 -19998
25920 -19998
25920 -19998
25920 -19998
25920 -19998
25920 -19998
25920 -19998
25920 -19998
25900 -20023
25900 -20023
25900 -20023
25900 -20023
25900 -20023
25900 -20023
25900 -20023
25900 -20023
25900 -20023
25900 -20023
25881 -20048
25881 -20048
25881 -20048
25881 -20048
25881 -20048
25881 -20048
25881 -20048
25881 -20048
25881 -20048
25881 -20048
25862 -20073
25862 -20073
25862 -20073
25862 -20073
25862 -20073
25862 -20073
25862 -20073
25862 -20073
25862 -20073
25862 -20073
25862 -20073
25842 -20098
25842 -20098
25842 -20098
25842 -20098
25842 -20098
25842 -20098
25842 -20098
25842 -20098
25842 -20098
25842 -20098
25822 -20123
25822 -20123
25822 -20123
25822 -20123
25822 -20123
25822 -20123
25822 -20123
25822 -20123
25822 -20123
25822 -20123
25803 -20148
25803 -20148
25813 -20135
25813 -20135
25813 -20135
25794 -20160
25794 -20160
25794 -20160
25794 -20160
25794 -20160
25794 -20160
25794 -20160
25794 -20160
25794 -20160
25794 -20160
25774 -20185
25774 -20185
25774 -20185
25774 -20185
25774 -20185
25774 -20185
25774 -20185
25774 -20185
25774 -20185
25774 -20185
25755 -20210
25755 -20210
25755 -20210
25755 -20210
25755 -20210
25755 -20210
25755 -20210
25755 -20210
25755 -20210
25755 -20210
25735 -20235
25735 -20235
25735 -20235
25735 -20235
25735 -20235
25735 -20235
25735 -20235
25735 -20235
25735 -20235
25735 -20235
25735 -20235
25715 -20260
25715 -20260
25715 -20260
25715 -20260
25715 -20260
25715 -20260
25715 -20260
25715 -20260
25715 -20260
25715 -20260
25696 -20286
25696 -20286
25696 -20286
25696 -20286
25696 -20286
25696 -20286
25696 -20286
25696 -20286
25696 -20286
25696 -20286
25677 -20310
25677 -20310
25677 -20310
25677 -20310
25677 -20310
25677 -20310
25677 -20310
25677 -20310
25677 -20310
25677 -20310
25656 -20336
25656 -20336
25656 -20336
25656 -20336
25656 -20336
25656 -20336
25656 -20336
25656 -20336
25656 -20336
25656 -20336
25637 -20361
25637 -20361
25637 -20361
25637 -20361
25637 -20361
25637 -20361
25637 -20361
25637 -20361
25637 -20361
25637 -20361
25616 -20386
25616 -20386
25616 -20386
25616 -20386
25616 -20386
25616 -20386
25616 -20386
25616 -20386
25616 -20386
25616 -20386
25597 -20410
25597 -20410
25597 -20410
25597 -20410
25597 -20410
25597 -20410
25597 -20410
25597 -20410
25597 -20410
25597 -20410
25577 -20436
25577 -20436
25577 -20436
25577 -20436
25577 -20436
25577 -20436
25577 -20436
25577 -20436
25577 -20436
25577 -20436
25577 -20436
25558 -20461
25558 -20461
25558 -20461
25585 -20472
25585 -20472
25585 -20472
25585 -20472
25566 -20498
25566 -20498
25566 -20498
25566 -20498
25566 -20498
25566 -20498
25566 -20498
25566 -20498
25566 -20498
25566 -20498
25545 -20522
25545 -20522
25545 -20522
25545 -20522
25545 -20522
25545 -20522
25545 -20522
25545 -20522
25545 -20522
25545 -20522
25545 -20522
25525 -20547
25525 -20547
25525 -20547
25525 -20547
25525 -20547
25525 -20547
25525 -20547
25525 -20547
25525 -20547
25525 -20547
25506 -20572
25506 -20572
25506 -20572
25506 -20572
25506 -20572
25506 -20572
25506 -20572
25506 -20572
25506 -20572
25506 -20572
25486 -20596
25486 -20596
25486 -20596
25486 -20596
25486 -20596
25486 -20596
25486 -20596
25486 -20596
25486 -20596
25486 -20596
25465 -20622
25465 -20622
25465 -20622
25465 -20622
25465 -20622
25465 -20622
25465 -20622
25465 -20622
25465 -20622
25465 -20622
25445 -20647
25445 -20647
25445 -20647
25445 -20647
25445 -20647
25445 -20647
25445 -20647
25445 -20647
25445 -20647
25445 -20647
25424 -20671
25424 -20671
25424 -20671
25424 -20671
25424 -20671
25424 -20671
25424 -20671
25424 -20671
25424 -20671
25424 -20671
25405 -20695
25405 -20695
25405 -20695
25405 -20695
25405 -20695
25405 -20695
25405 -20695
25405 -20695
25405 -20695
25405 -20695
25384 -20720
25384 -20720
25384 -20720
25384 -20720
25384 -20720
25384 -20720
25384 -20720
25384 -20720
25384 -20720
25384 -20720
25384 -20720
25364 -20745
25364 -20745
25364 -20745
25364 -20745
25364 -20745
25364 -20745
25364 -20745
25364 -20745
25364 -20745
25364 -20745
25344 -20770
25344 -20770
25344 -20770
25344 -20770
25344 -20770
25344 -20770
25344 -20770
25344 -20770
25344 -20770
25344 -20770
25324 -20794
25324 -20794
25334 -20781
25334 -20781
25334 -20781
25315 -20805
25315 -20805
25315 -20805
25315 -20805
25315 -20805
25315 -20805
25315 -20805
25315 -20805
25315 -20805
25315 -20805
25294 -20830
25294 -20830
25294 -20830
25294 -20830
25294 -20830
25294 -20830
25294 -20830
25294 -20830
25294 -20830
25294 -20830
25274 -20855
25274 -20855
25274 -20855
25274 -20855
25274 -20855
25274 -20855
25274 -20855
25274 -20855
25274 -20855
25274 -20855
25254 -20879
25254 -20879
25254 -20879
25254 -20879
25254 -20879
25254 -20879
25254 -20879
25254 -20879
25254 -20879
25254 -20879
25254 -20879
25233 -20904
25233 -20904
25233 -20904
25233 -20904
25233 -20904
25233 -20904
25233 -20904
25233 -20904
25233 -20904
25233 -20904
25213 -20929
25213 -20929
25213 -20929
25213 -20929
25213 -20929
25213 -20929
25213 -20929
25213 -20929
25213 -20929
25213 -20929
25193 -20953
25193 -20953
25193 -20953
25193 -20953
25193 -20953
25193 -20953
25193 -20953
25193 -20953
25193 -20953
25193 -20953
25173 -20978
25173 -20978
25173 -20978
25173 -20978
25173 -20978
25173 -20978
25173 -20978
25173 -20978
25173 -20978
25173 -20978
25152 -21003
25152 -21003
25152 -21003
25152 -21003
25152 -21003
25152 -21003
25152 -21003
25152 -21003
25152 -21003
25152 -21003
25131 -21027
25131 -21027
25131 -21027
25131 -21027
25131 -21027
25131 -21027
25131 -21027
25131 -21027
25131 -21027
25131 -21027
25111 -21051
25111 -21051
25111 -21051
25111 -21051
25111 -21051
25111 -21051
25111 -21051
25111 -21051
25111 -21051
25111 -21051
25091 -21077
25091 -21077
25091 -21077
25091 -21077
25091 -21077
25091 -21077
25091 -21077
25091 -21077
25091 -21077
25091 -21077
25091 -21077
25071 -21101
25071 -21101
25071 -21101
25053 -21075
25053 -21075
25053 -21075
25053 -21075
25033 -21100
25033 -21100
25033 -21100
25033 -21100
25033 -21100
25033 -21100
25033 -21100
25033 -21100
25033 -21100
25033 -21100
25012 -21124
25012 -21124
25012 -21124
25012 -21124
25012 -21124
25012 -21124
25012 -21124
25012 -21124
25012 -21124
25012 -21124
25012 -21124
24991 -21148
24991 -21148
24991 -21148
24991 -21148
24991 -21148
24991 -21148
24991 -21148
24991 -21148
24991 -21148
24991 -21148
24971 -21173
24971 -21173
24971 -21173
24971 -21173
24971 -21173
24971 -21173
24971 -21173
24971 -21173
24971 -21173
24971 -21173
24950 -21196
24950 -21196
24950 -21196
24950 -21196
24950 -21196
24950 -21196
24950 -21196
24950 -21196
24950 -21196
24950 -21196
24929 -21221
24929 -21221
24929 -21221
24929 -21221
24929 -21221
24929 -21221
24929 -21221
24929 -21221
24929 -21221
24929 -21221
24908 -21246
24908 -21246
24908 -21246
24908 -21246
24908 -21246
24908 -21246
24908 -21246
24908 -21246
24908 -21246
24908 -21246
24887 -21270
24887 -21270
24887 -21270
24887 -21270
24887 -21270
24887 -21270
24887 -21270
24887 -21270
24887 -21270
24887 -21270
24867 -21293
24867 -21293
24867 -21293
24867 -21293
24867 -21293
24867 -21293
24867 -21293
24867 -21293
24867 -21293
24867 -21293
24846 -21318
24846 -21318
24846 -21318
24846 -21318
24846 -21318
24846 -21318
24846 -21318
24846 -21318
24846 -21318
24846 -21318
24846 -21318
24825 -21342
24825 -21342
24825 -21342
24825 -21342
24825 -21342
24825 -21342
24825 -21342
24825 -21342
24825 -21342
24825 -21342
24804 -21366
24804 -21366
24804 -21366
24804 -21366
24804 -21366
24804 -21366
24804 -21366
24804 -21366
24804 -21366
24804 -21366
24783 -21390
24783 -21390
24794 -21377
24794 -21377
24794 -21377
24774 -21401
24774 -21401
24774 -21401
24774 -21401
24774 -21401
24774 -21401
24774 -21401
24774 -21401
24774 -21401
24774 -21401
24753 -21425
24753 -21425
24753 -21425
24753 -21425
24753 -21425
24753 -21425
24753 -21425
24753 -21425
24753 -21425
24753 -21425
24732 -21449
24732 -21449
24732 -21449
24732 -21449
24732 -21449
24732 -21449
24732 -21449
24732 -21449
24732 -21449
24732 -21449
24712 -21473
24712 -21473
24712 -21473
24712 -21473
24712 -21473
24712 -21473
24712 -21473
24712 -21473
24712 -21473
24712 -21473
24712 -21473
24691 -21498
24691 -21498
24691 -21498
24691 -21498
24691 -21498
24691 -21498
24691 -21498
24691 -21498
24691 -21498
24691 -21498
24670 -21522
24670 -21522
24670 -21522
24670 -21522
24670 -21522
24670 -21522
24670 -21522
24670 -21522
24670 -21522
24670 -21522
24650 -21545
24650 -21545
24650 -21545
24650 -21545
24650 -21545
24650 -21545
24650 -21545
24650 -21545
24650 -21545
24650 -21545
24628 -21570
24628 -21570
24628 -21570
24628 -21570
24628 -21570
24628 -21570
24628 -21570
24628 -21570
24628 -21570
24628 -21570
24607 -21594
24607 -21594
24607 -21594
24607 -21594
24607 -21594
24607 -21594
24607 -21594
24607 -21594
24607 -21594
24607 -21594
24586 -21618
24586 -21618
24586 -21618
24586 -21618
24586 -21618
24586 -21618
24586 -21618
24586 -21618
24586 -21618
24586 -21618
24565 -21641
24565 -21641
24565 -21641
24565 -21641
24565 -21641
24565 -21641
24565 -21641
24565 -21641
24565 -21641
24565 -21641
24544 -21666
24544 -21666
24544 -21666
24544 -21666
24544 -21666
24544 -21666
24544 -21666
24544 -21666
24544 -21666
24544 -21666
24544 -21666
24524 -21690
24524 -21690
24524 -21690
24520 -21677
24520 -21677
24520 -21677
24520 -21677
24499 -21701
24499 -21701
24499 -21701
24499 -21701
24499 -21701
24499 -21701
24499 -21701
24499 -21701
24499 -21701
24499 -21701
24478 -21725
24478 -21725
24478 -21725
24478 -21725
24478 -21725
24478 -21725
24478 -21725
24478 -21725
24478 -21725
24478 -21725
24478 -21725
24456 -21748
24456 -21748
24456 -21748
24456 -21748
24456 -21748
24456 -21748
24456 -21748
24456 -21748
24456 -21748
24456 -21748
24436 -21773
24436 -21773
24436 -21773
24436 -21773
24436 -21773
24436 -21773
24436 -21773
24436 -21773
24436 -21773
24436 -21773
24415 -21796
24415 -21796
24415 -21796
24415 -21796
24415 -21796
24415 -21796
24415 -21796
24415 -21796
24415 -21796
24415 -21796
24393 -21820
24393 -21820
24393 -21820
24393 -21820
24393 -21820
24393 -21820
24393 -21820
24393 -21820
24393 -21820
24393 -21820
24371 -21844
24371 -21844
24371 -21844
24371 -21844
24371 -21844
24371 -21844
24371 -21844
24371 -21844
24371 -21844
24371 -21844
24350 -21867
24350 -21867
24350 -21867
24350 -21867
24350 -21867
24350 -21867
24350 -21867
24350 -21867
24350 -21867
24350 -21867
24329 -21890
24329 -21890
24329 -21890
24329 -21890
24329 -21890
24329 -21890
24329 -21890
24329 -21890
24329 -21890
24329 -21890
24308 -21914
24308 -21914
24308 -21914
24308 -21914
24308 -21914
24308 -21914
24308 -21914
24308 -21914
24308 -21914
24308 -21914
24308 -21914
24286 -21938
24286 -21938
24286 -21938
24286 -21938
24286 -21938
24286 -21938
24286 -21938
24286 -21938
24286 -21938
24286 -21938
24265 -21961
24265 -21961
24265 -21961
24265 -21961
24265 -21961
24265 -21961
24265 -21961
24265 -21961
24265 -21961
24265 -21961
24243 -21985
24243 -21985
24255 -21972
24255 -21972
24255 -21972
24234 -21995
24234 -21995
24234 -21995
24234 -21995
24234 -21995
24234 -21995
24234 -21995
24234 -21995
24234 -21995
24234 -21995
24212 -22019
24212 -22019
24212 -22019
24212 -22019
24212 -22019
24212 -22019
24212 -22019
24212 -22019
24212 -22019
24212 -22019
24191 -22043
24191 -22043
24191 -22043
24191 -22043
24191 -22043
24191 -22043
24191 -22043
24191 -22043
24191 -22043
24191 -22043
24169 -22066
24169 -22066
24169 -22066
24169 -22066
24169 -22066
24169 -22066
24169 -22066
24169 -22066
24169 -22066
24169 -22066
24169 -22066
24148 -22090
24148 -22090
24148 -22090
24148 -22090
24148 -22090
24148 -22090
24148 -22090
24148 -22090
24148 -22090
24148 -22090
24127 -22114
24127 -22114
24127 -22114
24127 -22114
24127 -22114
24127 -22114
24127 -22114
24127 -22114
24127 -22114
24127 -22114
24106 -22137
24106 -22137
24106 -22137
24106 -22137
24106 -22137
24106 -22137
24106 -22137
24106 -22137
24106 -22137
24106 -22137
24084 -22161
24084 -22161
24084 -22161
24084 -22161
24084 -22161
24084 -22161
24084 -22161
24084 -22161
24084 -22161
24084 -22161
24062 -22185
24062 -22185
24062 -22185
24062 -22185
24062 -22185
24062 -22185
24062 -22185
24062 -22185
24062 -22185
24062 -22185
24040 -22208
24040 -22208
24040 -22208
24040 -22208
24040 -22208
24040 -22208
24040 -22208
24040 -22208
24040 -22208
24040 -22208
24019 -22231
24019 -22231
24019 -22231
24019 -22231
24019 -22231
24019 -22231
24019 -22231
24019 -22231
24019 -22231
24019 -22231
23997 -22255
23997 -22255
23997 -22255
23997 -22255
23997 -22255
23997 -22255
23997 -22255
23997 -22255
23997 -22255
23997 -22255
23997 -22255
23976 -22278
23976 -22278
23976 -22278
23988 -22279
23988 -22279
23988 -22279
23988 -22279
23966 -22303
23966 -22303
23966 -22303
23966 -22303
23966 -22303
23966 -22303
23966 -22303
23966 -22303
23966 -22303
23966 -22303
23944 -22326
23944 -22326
23944 -22326
23944 -22326
23944 -22326
23944 -22326
23944 -22326
23944 -22326
23944 -22326
23944 -22326
23944 -22326
23922 -22349
23922 -22349
23922 -22349
23922 -22349
23922 -22349
23922 -22349
23922 -22349
23922 -22349
23922 -22349
23922 -22349
23901 -22373
23901 -22373
23901 -22373
23901 -22373
23901 -22373
23901 -22373
23901 -22373
23901 -22373
23901 -22373
23901 -22373
23879 -22396
23879 -22396
23879 -22396
23879 -22396
23879 -22396
23879 -22396
23879 -22396
23879 -22396
23879 -22396
23879 -22396
23857 -22419
23857 -22419
23857 -22419
23857 -22419
23857 -22419
23857 -22419
23857 -22419
23857 -22419
23857 -22419
23857 -22419
23835 -22443
23835 -22443
23835 -22443
23835 -22443
23835 -22443
23835 -22443
23835 -22443
23835 -22443
23835 -22443
23835 -22443
23813 -22466
23813 -22466
23813 -22466
23813 -22466
23813 -22466
23813 -22466
23813 -22466
23813 -22466
23813 -22466
23813 -22466
23791 -22488
23791 -22488
23791 -22488
23791 -22488
23791 -22488
23791 -22488
23791 -22488
23791 -22488
23791 -22488
23791 -22488
23769 -22511
23769 -22511
23769 -22511
23769 -22511
23769 -22511
23769 -22511
23769 -22511
23769 -22511
23769 -22511
23769 -22511
23769 -22511
23747 -22535
23747 -22535
23747 -22535
23747 -22535
23747 -22535
23747 -22535
23747 -22535
23747 -22535
23747 -22535
23747 -22535
23725 -22558
23725 -22558
23725 -22558
23725 -22558
23725 -22558
23725 -22558
23725 -22558
23725 -22558
23725 -22558
23725 -22558
23703 -22581
23703 -22581
23715 -22569
23715 -22569
23715 -22569
23693 -22591
23693 -22591
23693 -22591
23693 -22591
23693 -22591
23693 -22591
23693 -22591
23693 -22591
23693 -22591
23693 -22591
23671 -22614
23671 -22614
23671 -22614
23671 -22614
23671 -22614
23671 -22614
23671 -22614
23671 -22614
23671 -22614
23671 -22614
23649 -22637
23649 -22637
23649 -22637
23649 -22637
23649 -22637
23649 -22637
23649 -22637
23649 -22637
23649 -22637
23649 -22637
23627 -22660
23627 -22660
23627 -22660
23627 -22660
23627 -22660
23627 -22660
23627 -22660
23627 -22660
23627 -22660
23627 -22660
23627 -22660
23605 -22684
23605 -22684
23605 -22684
23605 -22684
23605 -22684
23605 -22684
23605 -22684
23605 -22684
23605 -22684
23605 -22684
23583 -22707
23583 -22707
23583 -22707
23583 -22707
23583 -22707
23583 -22707
23583 -22707
23583 -22707
23583 -22707
23583 -22707
23562 -22729
23562 -22729
23562 -22729
23562 -22729
23562 -22729
23562 -22729
23562 -22729
23562 -22729
23562 -22729
23562 -22729
23539 -22753
23539 -22753
23539 -22753
23539 -22753
23539 -22753
23539 -22753
23539 -22753
23539 -22753
23539 -22753
23539 -22753
23517 -22776
23517 -22776
23517 -22776
23517 -22776
23517 -22776
23517 -22776
23517 -22776
23517 -22776
23517 -22776
23517 -22776
23494 -22799
23494 -22799
23494 -22799
23494 -22799
23494 -22799
23494 -22799
23494 -22799
23494 -22799
23494 -22799
23494 -22799
23473 -22821
23473 -22821
23473 -22821
23473 -22821
23473 -22821
23473 -22821
23473 -22821
23473 -22821
23473 -22821
23473 -22821
23450 -22845
23450 -22845
23450 -22845
23450 -22845
23450 -22845
23450 -22845
23450 -22845
23450 -22845
23450 -22845
23450 -22845
23450 -22845
23429 -22867
23429 -22867
23429 -22867
23455 -22881
23455 -22881
23455 -22881
23455 -22881
23433 -22904
23433 -22904
23433 -22904
23433 -22904
23433 -22904
23433 -22904
23433 -22904
23433 -22904
23433 -22904
23433 -22904
23410 -22927
23410 -22927
23410 -22927
23410 -22927
23410 -22927
23410 -22927
23410 -22927
23410 -22927
23410 -22927
23410 -22927
23410 -22927
23388 -22949
23388 -22949
23388 -22949
23388 -22949
23388 -22949
23388 -22949
23388 -22949
23388 -22949
23388 -22949
23388 -22949
23366 -22973
23366 -22973
23366 -22973
23366 -22973
23366 -22973
23366 -22973
23366 -22973
23366 -22973
23366 -22973
23366 -22973
23344 -22995
23344 -22995
23344 -22995
23344 -22995
23344 -22995
23344 -22995
23344 -22995
23344 -22995
23344 -22995
23344 -22995
23321 -23018
23321 -23018
23321 -23018
23321 -23018
23321 -23018
23321 -23018
23321 -23018
23321 -23018
23321 -23018
23321 -23018
23298 -23041
23298 -23041
23298 -23041
23298 -23041
23298 -23041
23298 -23041
23298 -23041
23298 -23041
23298 -23041
23298 -23041
23275 -23063
23275 -23063
23275 -23063
23275 -23063
23275 -23063
23275 -23063
23275 -23063
23275 -23063
23275 -23063
23275 -23063
23253 -23085
23253 -23085
23253 -23085
23253 -23085
23253 -23085
23253 -23085
23253 -23085
23253 -23085
23253 -23085
23253 -23085
23231 -23108
23231 -23108
23231 -23108
23231 -23108
23231 -23108
23231 -23108
23231 -23108
23231 -23108
23231 -23108
23231 -23108
23231 -23108
23208 -23130
23208 -23130
23208 -23130
23208 -23130
23208 -23130
23208 -23130
23208 -23130
23208 -23130
23208 -23130
23208 -23130
23186 -23153
23186 -23153
23186 -23153
23186 -23153
23186 -23153
23186 -23153
23186 -23153
23186 -23153
23186 -23153
23186 -23153
23163 -23176
23163 -23176
23175 -23164
23175 -23164
23175 -23164
23153 -23186
23153 -23186
23153 -23186
23153 -23186
23153 -23186
23153 -23186
23153 -23186
23153 -23186
23153 -23186
23153 -23186
23130 -23208
23130 -23208
23130 -23208
23130 -23208
23130 -23208
23130 -23208
23130 -23208
23130 -23208
23130 -23208
23130 -23208
23108 -23231
23108 -23231
23108 -23231
23108 -23231
23108 -23231
23108 -23231
23108 -23231
23108 -23231
23108 -23231
23108 -23231
23085 -23253
23085 -23253
23085 -23253
23085 -23253
23085 -23253
23085 -23253
23085 -23253
23085 -23253
23085 -23253
23085 -23253
23085 -23253
23063 -23276
23063 -23276
23063 -23276
23063 -23276
23063 -23276
23063 -23276
23063 -23276
23063 -23276
23063 -23276
23063 -23276
23040 -23299
23040 -23299
23040 -23299
23040 -23299
23040 -23299
23040 -23299
23040 -23299
23040 -23299
23040 -23299
23040 -23299
23018 -23321
23018 -23321
23018 -23321
23018 -23321
23018 -23321
23018 -23321
23018 -23321
23018 -23321
23018 -23321
23018 -23321
22995 -23344
22995 -23344
22995 -23344
22995 -23344
22995 -23344
22995 -23344
22995 -23344
22995 -23344
22995 -23344
22995 -23344
22972 -23367
22972 -23367
22972 -23367
22972 -23367
22972 -23367
22972 -23367
22972 -23367
22972 -23367
22972 -23367
22972 -23367
22949 -23388
22949 -23388
22949 -23388
22949 -23388
22949 -23388
22949 -23388
22949 -23388
22949 -23388
22949 -23388
22949 -23388
22927 -23410
22927 -23410
22927 -23410
22927 -23410
22927 -23410
22927 -23410
22927 -23410
22927 -23410
22927 -23410
22927 -23410
22903 -23434
22903 -23434
22903 -23434
22903 -23434
22903 -23434
22903 -23434
22903 -23434
22903 -23434
22903 -23434
22903 -23434
22903 -23434
22882 -23456
22882 -23456
22882 -23456
22867 -23428
22867 -23428
22867 -23428
22867 -23428
22844 -23451
22844 -23451
22844 -23451
22844 -23451
22844 -23451
22844 -23451
22844 -23451
22844 -23451
22844 -23451
22844 -23451
22821 -23473
22821 -23473
22821 -23473
22821 -23473
22821 -23473
22821 -23473
22821 -23473
22821 -23473
22821 -23473
22821 -23473
22821 -23473
22798 -23495
22798 -23495
22798 -23495
22798 -23495
22798 -23495
22798 -23495
22798 -23495
22798 -23495
22798 -23495
22798 -23495
22775 -23518
22775 -23518
22775 -23518
22775 -23518
22775 -23518
22775 -23518
22775 -23518
22775 -23518
22775 -23518
22775 -23518
22753 -23539
22753 -23539
22753 -23539
22753 -23539
22753 -23539
22753 -23539
22753 -23539
22753 -23539
22753 -23539
22753 -23539
22729 -23562
22729 -23562
22729 -23562
22729 -23562
22729 -23562
22729 -23562
22729 -23562
22729 -23562
22729 -23562
22729 -23562
22706 -23584
22706 -23584
22706 -23584
22706 -23584
22706 -23584
22706 -23584
22706 -23584
22706 -23584
22706 -23584
22706 -23584
22683 -23606
22683 -23606
22683 -23606
22683 -23606
22683 -23606
22683 -23606
22683 -23606
22683 -23606
22683 -23606
22683 -23606
22660 -23627
22660 -23627
22660 -23627
22660 -23627
22660 -23627
22660 -23627
22660 -23627
22660 -23627
22660 -23627
22660 -23627
22637 -23649
22637 -23649
22637 -23649
22637 -23649
22637 -23649
22637 -23649
22637 -23649
22637 -23649
22637 -23649
22637 -23649
22637 -23649
22614 -23671
22614 -23671
22614 -23671
22614 -23671
22614 -23671
22614 -23671
22614 -23671
22614 -23671
22614 -23671
22614 -23671
22591 -23693
22591 -23693
22591 -23693
22591 -23693
22591 -23693
22591 -23693
22591 -23693
22591 -23693
22591 -23693
22591 -23693
22568 -23715
22568 -23715
22580 -23704
22580 -23704
22580 -23704
22558 -23725
22558 -23725
22558 -23725
22558 -23725
22558 -23725
22558 -23725
22558 -23725
22558 -23725
22558 -23725
22558 -23725
22535 -23747
22535 -23747
22535 -23747
22535 -23747
22535 -23747
22535 -23747
22535 -23747
22535 -23747
22535 -23747
22535 -23747
22511 -23769
22511 -23769
22511 -23769
22511 -23769
22511 -23769
22511 -23769
22511 -23769
22511 -23769
22511 -23769
22511 -23769
22488 -23791
22488 -23791
22488 -23791
22488 -23791
22488 -23791
22488 -23791
22488 -23791
22488 -23791
22488 -23791
22488 -23791
22488 -23791
22465 -23813
22465 -23813
22465 -23813
22465 -23813
22465 -23813
22465 -23813
22465 -23813
22465 -23813
22465 -23813
22465 -23813
22442 -23835
22442 -23835
22442 -23835
22442 -23835
22442 -23835
22442 -23835
22442 -23835
22442 -23835
22442 -23835
22442 -23835
22419 -23857
22419 -23857
22419 -23857
22419 -23857
22419 -23857
22419 -23857
22419 -23857
22419 -23857
22419 -23857
22419 -23857
22396 -23879
22396 -23879
22396 -23879
22396 -23879
22396 -23879
22396 -23879
22396 -23879
22396 -23879
22396 -23879
22396 -23879
22372 -23901
22372 -23901
22372 -23901
22372 -23901
22372 -23901
22372 -23901
22372 -23901
22372 -23901
22372 -23901
22372 -23901
22349 -23923
22349 -23923
22349 -23923
22349 -23923
22349 -23923
22349 -23923
22349 -23923
22349 -23923
22349 -23923
22349 -23923
22326 -23944
22326 -23944
22326 -23944
22326 -23944
22326 -23944
22326 -23944
22326 -23944
22326 -23944
22326 -23944
22326 -23944
22302 -23967
22302 -23967
22302 -23967
22302 -23967
22302 -23967
22302 -23967
22302 -23967
22302 -23967
22302 -23967
22302 -23967
22302 -23967
22280 -23988
22280 -23988
22280 -23988
22277 -23975
22277 -23975
22277 -23975
22277 -23975
22254 -23998
22254 -23998
22254 -23998
22254 -23998
22254 -23998
22254 -23998
22254 -23998
22254 -23998
22254 -23998
22254 -23998
22231 -24019
22231 -24019
22231 -24019
22231 -24019
22231 -24019
22231 -24019
22231 -24019
22231 -24019
22231 -24019
22231 -24019
22231 -24019
22207 -24041
22207 -24041
22207 -24041
22207 -24041
22207 -24041
22207 -24041
22207 -24041
22207 -24041
22207 -24041
22207 -24041
22184 -24063
22184 -24063
22184 -24063
22184 -24063
22184 -24063
22184 -24063
22184 -24063
22184 -24063
22184 -24063
22184 -24063
22161 -24084
22161 -24084
22161 -24084
22161 -24084
22161 -24084
22161 -24084
22161 -24084
22161 -24084
22161 -24084
22161 -24084
22137 -24106
22137 -24106
22137 -24106
22137 -24106
22137 -24106
22137 -24106
22137 -24106
22137 -24106
22137 -24106
22137 -24106
22113 -24127
22113 -24127
22113 -24127
22113 -24127
22113 -24127
22113 -24127
22113 -24127
22113 -24127
22113 -24127
22113 -24127
22089 -24149
22089 -24149
22089 -24149
22089 -24149
22089 -24149
22089 -24149
22089 -24149
22089 -24149
22089 -24149
22089 -24149
22066 -24169
22066 -24169
22066 -24169
22066 -24169
22066 -24169
22066 -24169
22066 -24169
22066 -24169
22066 -24169
22066 -24169
22043 -24191
22043 -24191
22043 -24191
22043 -24191
22043 -24191
22043 -24191
22043 -24191
22043 -24191
22043 -24191
22043 -24191
22043 -24191
22019 -24212
22019 -24212
22019 -24212
22019 -24212
22019 -24212
22019 -24212
22019 -24212
22019 -24212
22019 -24212
22019 -24212
21995 -24234
21995 -24234
21995 -24234
21995 -24234
21995 -24234
21995 -24234
21995 -24234
21995 -24234
21995 -24234
21995 -24234
21972 -24255
21972 -24255
21984 -24244
21984 -24244
21984 -24244
21961 -24265
21961 -24265
21961 -24265
21961 -24265
21961 -24265
21961 -24265
21961 -24265
21961 -24265
21961 -24265
21961 -24265
21938 -24286
21938 -24286
21938 -24286
21938 -24286
21938 -24286
21938 -24286
21938 -24286
21938 -24286
21938 -24286
21938 -24286
21914 -24308
21914 -24308
21914 -24308
21914 -24308
21914 -24308
21914 -24308
21914 -24308
21914 -24308
21914 -24308
21914 -24308
21890 -24329
21890 -24329
21890 -24329
21890 -24329
21890 -24329
21890 -24329
21890 -24329
21890 -24329
21890 -24329
21890 -24329
21890 -24329
21867 -24351
21867 -24351
21867 -24351
21867 -24351
21867 -24351
21867 -24351
21867 -24351
21867 -24351
21867 -24351
21867 -24351
21843 -24372
21843 -24372
21843 -24372
21843 -24372
21843 -24372
21843 -24372
21843 -24372
21843 -24372
21843 -24372
21843 -24372
21820 -24393
21820 -24393
21820 -24393
21820 -24393
21820 -24393
21820 -24393
21820 -24393
21820 -24393
21820 -24393
21820 -24393
21796 -24415
21796 -24415
21796 -24415
21796 -24415
21796 -24415
21796 -24415
21796 -24415
21796 -24415
21796 -24415
21796 -24415
21772 -24436
21772 -24436
21772 -24436
21772 -24436
21772 -24436
21772 -24436
21772 -24436
21772 -24436
21772 -24436
21772 -24436
21748 -24457
21748 -24457
21748 -24457
21748 -24457
21748 -24457
21748 -24457
21748 -24457
21748 -24457
21748 -24457
21748 -24457
21725 -24478
21725 -24478
21725 -24478
21725 -24478
21725 -24478
21725 -24478
21725 -24478
21725 -24478
21725 -24478
21725 -24478
21700 -24500
21700 -24500
21700 -24500
21700 -24500
21700 -24500
21700 -24500
21700 -24500
21700 -24500
21700 -24500
21700 -24500
21700 -24500
21677 -24521
21677 -24521
21677 -24521
21689 -24523
21689 -24523
21689 -24523
21689 -24523
21666 -24544
21666 -24544
21666 -24544
21666 -24544
21666 -24544
21666 -24544
21666 -24544
21666 -24544
21666 -24544
21666 -24544
21641 -24565
21641 -24565
21641 -24565
21641 -24565
21641 -24565
21641 -24565
21641 -24565
21641 -24565
21641 -24565
21641 -24565
21641 -24565
21617 -24586
21617 -24586
21617 -24586
21617 -24586
21617 -24586
21617 -24586
21617 -24586
21617 -24586
21617 -24586
21617 -24586
21594 -24608
21594 -24608
21594 -24608
21594 -24608
21594 -24608
21594 -24608
21594 -24608
21594 -24608
21594 -24608
21594 -24608
21570 -24628
21570 -24628
21570 -24628
21570 -24628
21570 -24628
21570 -24628
21570 -24628
21570 -24628
21570 -24628
21570 -24628
21545 -24650
21545 -24650
21545 -24650
21545 -24650
21545 -24650
21545 -24650
21545 -24650
21545 -24650
21545 -24650
21545 -24650
21521 -24670
21521 -24670
21521 -24670
21521 -24670
21521 -24670
21521 -24670
21521 -24670
21521 -24670
21521 -24670
21521 -24670
21497 -24691
21497 -24691
21497 -24691
21497 -24691
21497 -24691
21497 -24691
21497 -24691
21497 -24691
21497 -24691
21497 -24691
21473 -24712
21473 -24712
21473 -24712
21473 -24712
21473 -24712
21473 -24712
21473 -24712
21473 -24712
21473 -24712
21473 -24712
21449 -24732
21449 -24732
21449 -24732
21449 -24732
21449 -24732
21449 -24732
21449 -24732
21449 -24732
21449 -24732
21449 -24732
21449 -24732
21425 -24753
21425 -24753
21425 -24753
21425 -24753
21425 -24753
21425 -24753
21425 -24753
21425 -24753
21425 -24753
21425 -24753
21401 -24774
21401 -24774
21401 -24774
21401 -24774
21401 -24774
21401 -24774
21401 -24774
21401 -24774
21401 -24774
21401 -24774
21377 -24795
21377 -24795
21389 -24784
21389 -24784
21389 -24784
21366 -24804
21366 -24804
21366 -24804
21366 -24804
21366 -24804
21366 -24804
21366 -24804
21366 -24804
21366 -24804
21366 -24804
21342 -24825
21342 -24825
21342 -24825
21342 -24825
21342 -24825
21342 -24825
21342 -24825
21342 -24825
21342 -24825
21342 -24825
21318 -24846
21318 -24846
21318 -24846
21318 -24846
21318 -24846
21318 -24846
21318 -24846
21318 -24846
21318 -24846
21318 -24846
21293 -24867
21293 -24867
21293 -24867
21293 -24867
21293 -24867
21293 -24867
21293 -24867
21293 -24867
21293 -24867
21293 -24867
21293 -24867
21269 -24888
21269 -24888
21269 -24888
21269 -24888
21269 -24888
21269 -24888
21269 -24888
21269 -24888
21269 -24888
21269 -24888
21245 -24909
21245 -24909
21245 -24909
21245 -24909
21245 -24909
21245 -24909
21245 -24909
21245 -24909
21245 -24909
21245 -24909
21221 -24929
21221 -24929
21221 -24929
21221 -24929
21221 -24929
21221 -24929
21221 -24929
21221 -24929
21221 -24929
21221 -24929
21196 -24950
21196 -24950
21196 -24950
21196 -24950
21196 -24950
21196 -24950
21196 -24950
21196 -24950
21196 -24950
21196 -24950
21172 -24971
21172 -24971
21172 -24971
21172 -24971
21172 -24971
21172 -24971
21172 -24971
21172 -24971
21172 -24971
21172 -24971
21147 -24991
21147 -24991
21147 -24991
21147 -24991
21147 -24991
21147 -24991
21147 -24991
21147 -24991
21147 -24991
21147 -24991
21124 -25012
21124 -25012
21124 -25012
21124 -25012
21124 -25012
21124 -25012
21124 -25012
21124 -25012
21124 -25012
21124 -25012
21099 -25033
21099 -25033
21099 -25033
21099 -25033
21099 -25033
21099 -25033
21099 -25033
21099 -25033
21099 -25033
21099 -25033
21099 -25033
21076 -25053
21076 -25053
21076 -25053
21100 -25070
21100 -25070
21100 -25070
21100 -25070
21076 -25091
21076 -25091
21076 -25091
21076 -25091
21076 -25091
21076 -25091
21076 -25091
21076 -25091
21076 -25091
21076 -25091
21051 -25111
21051 -25111
21051 -25111
21051 -25111
21051 -25111
21051 -25111
21051 -25111
21051 -25111
21051 -25111
21051 -25111
21051 -25111
21026 -25132
21026 -25132
21026 -25132
21026 -25132
21026 -25132
21026 -25132
21026 -25132
21026 -25132
21026 -25132
21026 -25132
21002 -25153
21002 -25153
21002 -25153
21002 -25153
21002 -25153
21002 -25153
21002 -25153
21002 -25153
21002 -25153
21002 -25153
20978 -25173
20978 -25173
20978 -25173
20978 -25173
20978 -25173
20978 -25173
20978 -25173
20978 -25173
20978 -25173
20978 -25173
20953 -25193
20953 -25193
20953 -25193
20953 -25193
20953 -25193
20953 -25193
20953 -25193
20953 -25193
20953 -25193
20953 -25193
20928 -25214
20928 -25214
20928 -25214
20928 -25214
20928 -25214
20928 -25214
20928 -25214
20928 -25214
20928 -25214
20928 -25214
20903 -25234
20903 -25234
20903 -25234
20903 -25234
20903 -25234
20903 -25234
20903 -25234
20903 -25234
20903 -25234
20903 -25234
20879 -25254
20879 -25254
20879 -25254
20879 -25254
20879 -25254
20879 -25254
20879 -25254
20879 -25254
20879 -25254
20879 -25254
20855 -25274
20855 -25274
20855 -25274
20855 -25274
20855 -25274
20855 -25274
20855 -25274
20855 -25274
20855 -25274
20855 -25274
20855 -25274
20830 -25294
20830 -25294
20830 -25294
20830 -25294
20830 -25294
20830 -25294
20830 -25294
20830 -25294
20830 -25294
20830 -25294
20805 -25315
20805 -25315
20805 -25315
20805 -25315
20805 -25315
20805 -25315
20805 -25315
20805 -25315
20805 -25315
20805 -25315
20780 -25335
20780 -25335
20794 -25324
20794 -25324
20794 -25324
20770 -25344
20770 -25344
20770 -25344
20770 -25344
20770 -25344
20770 -25344
20770 -25344
20770 -25344
20770 -25344
20770 -25344
20745 -25364
20745 -25364
20745 -25364
20745 -25364
20745 -25364
20745 -25364
20745 -25364
20745 -25364
20745 -25364
20745 -25364
20720 -25384
20720 -25384
20720 -25384
20720 -25384
20720 -25384
20720 -25384
20720 -25384
20720 -25384
20720 -25384
20720 -25384
20695 -25405
20695 -25405
20695 -25405
20695 -25405
20695 -25405
20695 -25405
20695 -25405
20695 -25405
20695 -25405
20695 -25405
20695 -25405
20671 -25425
20671 -25425
20671 -25425
20671 -25425
20671 -25425
20671 -25425
20671 -25425
20671 -25425
20671 -25425
20671 -25425
20646 -25445
20646 -25445
20646 -25445
20646 -25445
20646 -25445
20646 -25445
20646 -25445
20646 -25445
20646 -25445
20646 -25445
20622 -25465
20622 -25465
20622 -25465
20622 -25465
20622 -25465
20622 -25465
20622 -25465
20622 -25465
20622 -25465
20622 -25465
20596 -25486
20596 -25486
20596 -25486
20596 -25486
20596 -25486
20596 -25486
20596 -25486
20596 -25486
20596 -25486
20596 -25486
20572 -25506
20572 -25506
20572 -25506
20572 -25506
20572 -25506
20572 -25506
20572 -25506
20572 -25506
20572 -25506
20572 -25506
20546 -25526
20546 -25526
20546 -25526
20546 -25526
20546 -25526
20546 -25526
20546 -25526
20546 -25526
20546 -25526
20546 -25526
20522 -25545
20522 -25545
20522 -25545
20522 -25545
20522 -25545
20522 -25545
20522 -25545
20522 -25545
20522 -25545
20522 -25545
20497 -25566
20497 -25566
20497 -25566
20497 -25566
20497 -25566
20497 -25566
20497 -25566
20497 -25566
20497 -25566
20497 -25566
20497 -25566
20473 -25586
20473 -25586
20473 -25586
20460 -25557
20460 -25557
20460 -25557
20460 -25557
20435 -25578
20435 -25578
20435 -25578
20435 -25578
20435 -25578
20435 -25578
20435 -25578
20435 -25578
20435 -25578
20435 -25578
20410 -25597
20410 -25597
20410 -25597
20410 -25597
20410 -25597
20410 -25597
20410 -25597
20410 -25597
20410 -25597
20410 -25597
20410 -25597
20385 -25617
20385 -25617
20385 -25617
20385 -25617
20385 -25617
20385 -25617
20385 -25617
20385 -25617
20385 -25617
20385 -25617
20360 -25637
20360 -25637
20360 -25637
20360 -25637
20360 -25637
20360 -25637
20360 -25637
20360 -25637
20360 -25637
20360 -25637
20336 -25656
20336 -25656
20336 -25656
20336 -25656
20336 -25656
20336 -25656
20336 -25656
20336 -25656
20336 -25656
20336 -25656
20310 -25677
20310 -25677
20310 -25677
20310 -25677
20310 -25677
20310 -25677
20310 -25677
20310 -25677
20310 -25677
20310 -25677
20285 -25696
20285 -25696
20285 -25696
20285 -25696
20285 -25696
20285 -25696
20285 -25696
20285 -25696
20285 -25696
20285 -25696
20260 -25716
20260 -25716
20260 -25716
20260 -25716
20260 -25716
20260 -25716
20260 -25716
20260 -25716
20260 -25716
20260 -25716
20235 -25735
20235 -25735
20235 -25735
20235 -25735
20235 -25735
20235 -25735
20235 -25735
20235 -25735
20235 -25735
20235 -25735
20210 -25755
20210 -25755
20210 -25755
20210 -25755
20210 -25755
20210 -25755
20210 -25755
20210 -25755
20210 -25755
20210 -25755
20210 -25755
20185 -25774
20185 -25774
20185 -25774
20185 -25774
20185 -25774
20185 -25774
20185 -25774
20185 -25774
20185 -25774
20185 -25774
20160 -25794
20160 -25794
20160 -25794
20160 -25794
20160 -25794
20160 -25794
20160 -25794
20160 -25794
20160 -25794
20160 -25794
20134 -25814
20134 -25814
20148 -25803
20148 -25803
20148 -25803
20123 -25822
20123 -25822
20123 -25822
20123 -25822
20123 -25822
20123 -25822
20123 -25822
20123 -25822
20123 -25822
20123 -25822
20098 -25842
20098 -25842
20098 -25842
20098 -25842
20098 -25842
20098 -25842
20098 -25842
20098 -25842
20098 -25842
20098 -25842
20073 -25862
20073 -25862
20073 -25862
20073 -25862
20073 -25862
20073 -25862
20073 -25862
20073 -25862
20073 -25862
20073 -25862
20048 -25881
20048 -25881
20048 -25881
20048 -25881
20048 -25881
20048 -25881
20048 -25881
20048 -25881
20048 -25881
20048 -25881
20048 -25881
20022 -25901
20022 -25901
20022 -25901
20022 -25901
20022 -25901
20022 -25901
20022 -25901
20022 -25901
20022 -25901
20022 -25901
19997 -25921
19997 -25921
19997 -25921
19997 -25921
19997 -25921
19997 -25921
19997 -25921
19997 -25921
19997 -25921
19997 -25921
19973 -25940
19973 -25940
19973 -25940
19973 -25940
19973 -25940
19973 -25940
19973 -25940
19973 -25940
19973 -25940
19973 -25940
19947 -25960
19947 -25960
19947 -25960
19947 -25960
19947 -25960
19947 -25960
19947 -25960
19947 -25960
19947 -25960
19947 -25960
19922 -25980
19922 -25980
19922 -25980
19922 -25980
19922 -25980
19922 -25980
19922 -25980
19922 -25980
19922 -25980
19922 -25980
19896 -25999
19896 -25999
19896 -25999
19896 -25999
19896 -25999
19896 -25999
19896 -25999
19896 -25999
19896 -25999
19896 -25999
19871 -26018
19871 -26018
19871 -26018
19871 -26018
19871 -26018
19871 -26018
19871 -26018
19871 -26018
19871 -26018
19871 -26018
19845 -26038
19845 -26038
19845 -26038
19845 -26038
19845 -26038
19845 -26038
19845 -26038
19845 -26038
19845 -26038
19845 -26038
19845 -26038
19821 -26057
19821 -26057
19821 -26057
19821 -26044
19821 -26044
19821 -26044
19821 -26044
19796 -26064
19796 -26064
19796 -26064
19796 -26064
19796 -26064
19796 -26064
19796 -26064
19796 -26064
19796 -26064
19796 -26064
19770 -26083
19770 -26083
19770 -26083
19770 -26083
19770 -26083
19770 -26083
19770 -26083
19770 -26083
19770 -26083
19770 -26083
19770 -26083
19745 -26102
19745 -26102
19745 -26102
19745 -26102
19745 -26102
19745 -26102
19745 -26102
19745 -26102
19745 -26102
19745 -26102
19719 -26122
19719 -26122
19719 -26122
19719 -26122
19719 -26122
19719 -26122
19719 -26122
19719 -26122
19719 -26122
19719 -26122
19695 -26140
19695 -26140
19695 -26140
19695 -26140
19695 -26140
19695 -26140
19695 -26140
19695 -26140
19695 -26140
19695 -26140
19668 -26160
19668 -26160
19668 -26160
19668 -26160
19668 -26160
19668 -26160
19668 -26160
19668 -26160
19668 -26160
19668 -26160
19642 -26179
19642 -26179
19642 -26179
19642 -26179
19642 -26179
19642 -26179
19642 -26179
19642 -26179
19642 -26179
19642 -26179
19617 -26198
19617 -26198
19617 -26198
19617 -26198
19617 -26198
19617 -26198
19617 -26198
19617 -26198
19617 -26198
19617 -26198
19592 -26216
19592 -26216
19592 -26216
19592 -26216
19592 -26216
19592 -26216
19592 -26216
19592 -26216
19592 -26216
19592 -26216
19566 -26235
19566 -26235
19566 -26235
19566 -26235
19566 -26235
19566 -26235
19566 -26235
19566 -26235
19566 -26235
19566 -26235
19566 -26235
19541 -26254
19541 -26254
19541 -26254
19541 -26254
19541 -26254
19541 -26254
19541 -26254
19541 -26254
19541 -26254
19541 -26254
19515 -26274
19515 -26274
19515 -26274
19515 -26274
19515 -26274
19515 -26274
19515 -26274
19515 -26274
19515 -26274
19515 -26274
19489 -26293
19489 -26293
19503 -26282
19503 -26282
19503 -26282
19478 -26301
19478 -26301
19478 -26301
19478 -26301
19478 -26301
19478 -26301
19478 -26301
19478 -26301
19478 -26301
19478 -26301
19452 -26320
19452 -26320
19452 -26320
19452 -26320
19452 -26320
19452 -26320
19452 -26320
19452 -26320
19452 -26320
19452 -26320
19427 -26339
19427 -26339
19427 -26339
19427 -26339
19427 -26339
19427 -26339
19427 -26339
19427 -26339
19427 -26339
19427 -26339
19401 -26358
19401 -26358
19401 -26358
19401 -26358
19401 -26358
19401 -26358
19401 -26358
19401 -26358
19401 -26358
19401 -26358
19401 -26358
19375 -26377
19375 -26377
19375 -26377
19375 -26377
19375 -26377
19375 -26377
19375 -26377
19375 -26377
19375 -26377
19375 -26377
19350 -26396
19350 -26396
19350 -26396
19350 -26396
19350 -26396
19350 -26396
19350 -26396
19350 -26396
19350 -26396
19350 -26396
19325 -26415
19325 -26415
19325 -26415
19325 -26415
19325 -26415
19325 -26415
19325 -26415
19325 -26415
19325 -26415
19325 -26415
19298 -26434
19298 -26434
19298 -26434
19298 -26434
19298 -26434
19298 -26434
19298 -26434
19298 -26434
19298 -26434
19298 -26434
19273 -26453
19273 -26453
19273 -26453
19273 -26453
19273 -26453
19273 -26453
19273 -26453
19273 -26453
19273 -26453
19273 -26453
19246 -26471
19246 -26471
19246 -26471
19246 -26471
19246 -26471
19246 -26471
19246 -26471
19246 -26471
19246 -26471
19246 -26471
19221 -26490
19221 -26490
19221 -26490
19221 -26490
19221 -26490
19221 -26490
19221 -26490
19221 -26490
19221 -26490
19221 -26490
19195 -26510
19195 -26510
19195 -26510
19195 -26510
19195 -26510
19195 -26510
19195 -26510
19195 -26510
19195 -26510
19195 -26510
19195 -26510
19170 -26528
19170 -26528
19170 -26528
19181 -26531
19181 -26531
19181 -26531
19181 -26531
19155 -26550
19155 -26550
19155 -26550
19155 -26550
19155 -26550
19155 -26550
19155 -26550
19155 -26550
19155 -26550
19155 -26550
19129 -26569
19129 -26569
19129 -26569
19129 -26569
19129 -26569
19129 -26569
19129 -26569
19129 -26569
19129 -26569
19129 -26569
19129 -26569
19103 -26587
19103 -26587
19103 -26587
19103 -26587
19103 -26587
19103 -26587
19103 -26587
19103 -26587
19103 -26587
19103 -26587
19078 -26606
19078 -26606
19078 -26606
19078 -26606
19078 -26606
19078 -26606
19078 -26606
19078 -26606
19078 -26606
19078 -26606
19052 -26624
19052 -26624
19052 -26624
19052 -26624
19052 -26624
19052 -26624
19052 -26624
19052 -26624
19052 -26624
19052 -26624
19025 -26643
19025 -26643
19025 -26643
19025 -26643
19025 -26643
19025 -26643
19025 -26643
19025 -26643
19025 -26643
19025 -26643
18999 -26661
18999 -26661
18999 -26661
18999 -26661
18999 -26661
18999 -26661
18999 -26661
18999 -26661
18999 -26661
18999 -26661
18973 -26680
18973 -26680
18973 -26680
18973 -26680
18973 -26680
18973 -26680
18973 -26680
18973 -26680
18973 -26680
18973 -26680
18948 -26698
18948 -26698
18948 -26698
18948 -26698
18948 -26698
18948 -26698
18948 -26698
18948 -26698
18948 -26698
18948 -26698
18921 -26716
18921 -26716
18921 -26716
18921 -26716
18921 -26716
18921 -26716
18921 -26716
18921 -26716
18921 -26716
18921 -26716
18921 -26716
18895 -26735
18895 -26735
18895 -26735
18895 -26735
18895 -26735
18895 -26735
18895 -26735
18895 -26735
18895 -26735
18895 -26735
18869 -26753
18869 -26753
18869 -26753
18869 -26753
18869 -26753
18869 -26753
18869 -26753
18869 -26753
18869 -26753
18869 -26753
18843 -26771
18843 -26771
18857 -26762
18857 -26762
18857 -26762
18832 -26779
18832 -26779
18832 -26779
18832 -26779
18832 -26779
18832 -26779
18832 -26779
18832 -26779
18832 -26779
18832 -26779
18805 -26798
18805 -26798
18805 -26798
18805 -26798
18805 -26798
18805 -26798
18805 -26798
18805 -26798
18805 -26798
18805 -26798
18779 -26816
18779 -26816
18779 -26816
18779 -26816
18779 -26816
18779 -26816
18779 -26816
18779 -26816
18779 -26816
18779 -26816
18753 -26835
18753 -26835
18753 -26835
18753 -26835
18753 -26835
18753 -26835
18753 -26835
18753 -26835
18753 -26835
18753 -26835
18753 -26835
18727 -26853
18727 -26853
18727 -26853
18727 -26853
18727 -26853
18727 -26853
18727 -26853
18727 -26853
18727 -26853
18727 -26853
18701 -26871
18701 -26871
18701 -26871
18701 -26871
18701 -26871
18701 -26871
18701 -26871
18701 -26871
18701 -26871
18701 -26871
18676 -26889
18676 -26889
18676 -26889
18676 -26889
18676 -26889
18676 -26889
18676 -26889
18676 -26889
18676 -26889
18676 -26889
18649 -26908
18649 -26908
18649 -26908
18649 -26908
18649 -26908
18649 -26908
18649 -26908
18649 -26908
18649 -26908
18649 -26908
18623 -26927
18623 -26927
18623 -26927
18623 -26927
18623 -26927
18623 -26927
18623 -26927
18623 -26927
18623 -26927
18623 -26927
18596 -26944
18596 -26944
18596 -26944
18596 -26944
18596 -26944
18596 -26944
18596 -26944
18596 -26944
18596 -26944
18596 -26944
18570 -26962
18570 -26962
18570 -26962
18570 -26962
18570 -26962
18570 -26962
18570 -26962
18570 -26962
18570 -26962
18570 -26962
18544 -26981
18544 -26981
18544 -26981
18544 -26981
18544 -26981
18544 -26981
18544 -26981
18544 -26981
18544 -26981
18544 -26981
18544 -26981
18518 -26999
18518 -26999
18518 -26999
18541 -27018
18541 -27018
18541 -27018
18541 -27018
18515 -27037
18515 -27037
18515 -27037
18515 -27037
18515 -27037
18515 -27037
18515 -27037
18515 -27037
18515 -27037
18515 -27037
18488 -27054
18488 -27054
18488 -27054
18488 -27054
18488 -27054
18488 -27054
18488 -27054
18488 -27054
18488 -27054
18488 -27054
18488 -27054
18462 -27072
18462 -27072
18462 -27072
18462 -27072
18462 -27072
18462 -27072
18462 -27072
18462 -27072
18462 -27072
18462 -27072
18436 -27091
18436 -27091
18436 -27091
18436 -27091
18436 -27091
18436 -27091
18436 -27091
18436 -27091
18436 -27091
18436 -27091
18410 -27108
18410 -27108
18410 -27108
18410 -27108
18410 -27108
18410 -27108
18410 -27108
18410 -27108
18410 -27108
18410 -27108
18382 -27126
18382 -27126
18382 -27126
18382 -27126
18382 -27126
18382 -27126
18382 -27126
18382 -27126
18382 -27126
18382 -27126
18356 -27144
18356 -27144
18356 -27144
18356 -27144
18356 -27144
18356 -27144
18356 -27144
18356 -27144
18356 -27144
18356 -27144
18329 -27162
18329 -27162
18329 -27162
18329 -27162
18329 -27162
18329 -27162
18329 -27162
18329 -27162
18329 -27162
18329 -27162
18303 -27179
18303 -27179
18303 -27179
18303 -27179
18303 -27179
18303 -27179
18303 -27179
18303 -27179
18303 -27179
18303 -27179
18277 -27197
18277 -27197
18277 -27197
18277 -27197
18277 -27197
18277 -27197
18277 -27197
18277 -27197
18277 -27197
18277 -27197
18277 -27197
18250 -27215
18250 -27215
18250 -27215
18250 -27215
18250 -27215
18250 -27215
18250 -27215
18250 -27215
18250 -27215
18250 -27215
18224 -27232
18224 -27232
18224 -27232
18224 -27232
18224 -27232
18224 -27232
18224 -27232
18224 -27232
18224 -27232
18224 -27232
18197 -27250
18197 -27250
18211 -27241
18211 -27241
18211 -27241
18185 -27258
18185 -27258
18185 -27258
18185 -27258
18185 -27258
18185 -27258
18185 -27258
18185 -27258
18185 -27258
18185 -27258
18159 -27276
18159 -27276
18159 -27276
18159 -27276
18159 -27276
18159 -27276
18159 -27276
18159 -27276
18159 -27276
18159 -27276
18132 -27294
18132 -27294
18132 -27294
18132 -27294
18132 -27294
18132 -27294
18132 -27294
18132 -27294
18132 -27294
18132 -27294
18105 -27311
18105 -27311
18105 -27311
18105 -27311
18105 -27311
18105 -27311
18105 -27311
18105 -27311
18105 -27311
18105 -27311
18105 -27311
18079 -27329
18079 -27329
18079 -27329
18079 -27329
18079 -27329
18079 -27329
18079 -27329
18079 -27329
18079 -27329
18079 -27329
18052 -27347
18052 -27347
18052 -27347
18052 -27347
18052 -27347
18052 -27347
18052 -27347
18052 -27347
18052 -27347
18052 -27347
18027 -27364
18027 -27364
18027 -27364
18027 -27364
18027 -27364
18027 -27364
18027 -27364
18027 -27364
18027 -27364
18027 -27364
17999 -27382
17999 -27382
17999 -27382
17999 -27382
17999 -27382
17999 -27382
17999 -27382
17999 -27382
17999 -27382
17999 -27382
17972 -27400
17972 -27400
17972 -27400
17972 -27400
17972 -27400
17972 -27400
17972 -27400
17972 -27400
17972 -27400
17972 -27400
17945 -27417
17945 -27417
17945 -27417
17945 -27417
17945 -27417
17945 -27417
17945 -27417
17945 -27417
17945 -27417
17945 -27417
17920 -27434
17920 -27434
17920 -27434
17920 -27434
17920 -27434
17920 -27434
17920 -27434
17920 -27434
17920 -27434
17920 -27434
17892 -27453
17892 -27453
17892 -27453
17892 -27453
17892 -27453
17892 -27453
17892 -27453
17892 -27453
17892 -27453
17892 -27453
17892 -27453
17866 -27470
17866 -27470
17866 -27470
17857 -27439
17857 -27439
17857 -27439
17857 -27439
17831 -27457
17831 -27457
17831 -27457
17831 -27457
17831 -27457
17831 -27457
17831 -27457
17831 -27457
17831 -27457
17831 -27457
17804 -27474
17804 -27474
17804 -27474
17804 -27474
17804 -27474
17804 -27474
17804 -27474
17804 -27474
17804 -27474
17804 -27474
17804 -27474
17777 -27492
17777 -27492
17777 -27492
17777 -27492
17777 -27492
17777 -27492
17777 -27492
17777 -27492
17777 -27492
17777 -27492
17750 -27510
17750 -27510
17750 -27510
17750 -27510
17750 -27510
17750 -27510
17750 -27510
17750 -27510
17750 -27510
17750 -27510
17724 -27526
17724 -27526
17724 -27526
17724 -27526
17724 -27526
17724 -27526
17724 -27526
17724 -27526
17724 -27526
17724 -27526
17696 -27544
17696 -27544
17696 -27544
17696 -27544
17696 -27544
17696 -27544
17696 -27544
17696 -27544
17696 -27544
17696 -27544
17669 -27561
17669 -27561
17669 -27561
17669 -27561
17669 -27561
17669 -27561
17669 -27561
17669 -27561
17669 -27561
17669 -27561
17642 -27578
17642 -27578
17642 -27578
17642 -27578
17642 -27578
17642 -27578
17642 -27578
17642 -27578
17642 -27578
17642 -27578
17616 -27595
17616 -27595
17616 -27595
17616 -27595
17616 -27595
17616 -27595
17616 -27595
17616 -27595
17616 -27595
17616 -27595
17589 -27612
17589 -27612
17589 -27612
17589 -27612
17589 -27612
17589 -27612
17589 -27612
17589 -27612
17589 -27612
17589 -27612
17589 -27612
17562 -27629
17562 -27629
17562 -27629
17562 -27629
17562 -27629
17562 -27629
17562 -27629
17562 -27629
17562 -27629
17562 -27629
17535 -27646
17535 -27646
17535 -27646
17535 -27646
17535 -27646
17535 -27646
17535 -27646
17535 -27646
17535 -27646
17535 -27646
17508 -27663
17508 -27663
17522 -27654
17522 -27654
17522 -27654
17496 -27670
17496 -27670
17496 -27670
17496 -27670
17496 -27670
17496 -27670
17496 -27670
17496 -27670
17496 -27670
17496 -27670
17469 -27688
17469 -27688
17469 -27688
17469 -27688
17469 -27688
17469 -27688
17469 -27688
17469 -27688
17469 -27688
17469 -27688
17442 -27705
17442 -27705
17442 -27705
17442 -27705
17442 -27705
17442 -27705
17442 -27705
17442 -27705
17442 -27705
17442 -27705
17415 -27722
17415 -27722
17415 -27722
17415 -27722
17415 -27722
17415 -27722
17415 -27722
17415 -27722
17415 -27722
17415 -27722
17415 -27722
17388 -27739
17388 -27739
17388 -27739
17388 -27739
17388 -27739
17388 -27739
17388 -27739
17388 -27739
17388 -27739
17388 -27739
17361 -27756
17361 -27756
17361 -27756
17361 -27756
17361 -27756
17361 -27756
17361 -27756
17361 -27756
17361 -27756
17361 -27756
17335 -27773
17335 -27773
17335 -27773
17335 -27773
17335 -27773
17335 -27773
17335 -27773
17335 -27773
17335 -27773
17335 -27773
17307 -27790
17307 -27790
17307 -27790
17307 -27790
17307 -27790
17307 -27790
17307 -27790
17307 -27790
17307 -27790
17307 -27790
17280 -27807
17280 -27807
17280 -27807
17280 -27807
17280 -27807
17280 -27807
17280 -27807
17280 -27807
17280 -27807
17280 -27807
17252 -27824
17252 -27824
17252 -27824
17252 -27824
17252 -27824
17252 -27824
17252 -27824
17252 -27824
17252 -27824
17252 -27824
17226 -27840
17226 -27840
17226 -27840
17226 -27840
17226 -27840
17226 -27840
17226 -27840
17226 -27840
17226 -27840
17226 -27840
17198 -27858
17198 -27858
17198 -27858
17198 -27858
17198 -27858
17198 -27858
17198 -27858
17198 -27858
17198 -27858
17198 -27858
17198 -27858
17172 -27874
17172 -27874
17172 -27874
17172 -27862
17172 -27862
17172 -27862
17172 -27862
17145 -27879
17145 -27879
17145 -27879
17145 -27879
17145 -27879
17145 -27879
17145 -27879
17145 -27879
17145 -27879
17145 -27879
17118 -27896
17118 -27896
17118 -27896
17118 -27896
17118 -27896
17118 -27896
17118 -27896
17118 -27896
17118 -27896
17118 -27896
17118 -27896
17091 -27912
17091 -27912
17091 -27912
17091 -27912
17091 -27912
17091 -27912
17091 -27912
17091 -27912
17091 -27912
17091 -27912
17064 -27929
17064 -27929
17064 -27929
17064 -27929
17064 -27929
17064 -27929
17064 -27929
17064 -27929
17064 -27929
17064 -27929
17037 -27945
17037 -27945
17037 -27945
17037 -27945
17037 -27945
17037 -27945
17037 -27945
17037 -27945
17037 -27945
17037 -27945
17009 -27962
17009 -27962
17009 -27962
17009 -27962
17009 -27962
17009 -27962
17009 -27962
17009 -27962
17009 -27962
17009 -27962
16981 -27979
16981 -27979
16981 -27979
16981 -27979
16981 -27979
16981 -27979
16981 -27979
16981 -27979
16981 -27979
16981 -27979
16954 -27995
16954 -27995
16954 -27995
16954 -27995
16954 -27995
16954 -27995
16954 -27995
16954 -27995
16954 -27995
16954 -27995
16927 -28011
16927 -28011
16927 -28011
16927 -28011
16927 -28011
16927 -28011
16927 -28011
16927 -28011
16927 -28011
16927 -28011
16900 -28027
16900 -28027
16900 -28027
16900 -28027
16900 -28027
16900 -28027
16900 -28027
16900 -28027
16900 -28027
16900 -28027
16900 -28027
16873 -28044
16873 -28044
16873 -28044
16873 -28044
16873 -28044
16873 -28044
16873 -28044
16873 -28044
16873 -28044
16873 -28044
16845 -28060
16845 -28060
16845 -28060
16845 -28060
16845 -28060
16845 -28060
16845 -28060
16845 -28060
16845 -28060
16845 -28060
16818 -28077
16818 -28077
16832 -28068
16832 -28068
16832 -28068
16806 -28084
16806 -28084
16806 -28084
16806 -28084
16806 -28084
16806 -28084
16806 -28084
16806 -28084
16806 -28084
16806 -28084
16778 -28100
16778 -28100
16778 -28100
16778 -28100
16778 -28100
16778 -28100
16778 -28100
16778 -28100
16778 -28100
16778 -28100
16751 -28117
16751 -28117
16751 -28117
16751 -28117
16751 -28117
16751 -28117
16751 -28117
16751 -28117
16751 -28117
16751 -28117
16724 -28133
16724 -28133
16724 -28133
16724 -28133
16724 -28133
16724 -28133
16724 -28133
16724 -28133
16724 -28133
16724 -28133
16724 -28133
16696 -28150
16696 -28150
16696 -28150
16696 -28150
16696 -28150
16696 -28150
16696 -28150
16696 -28150
16696 -28150
16696 -28150
16669 -28166
16669 -28166
16669 -28166
16669 -28166
16669 -28166
16669 -28166
16669 -28166
16669 -28166
16669 -28166
16669 -28166
16642 -28182
16642 -28182
16642 -28182
16642 -28182
16642 -28182
16642 -28182
16642 -28182
16642 -28182
16642 -28182
16642 -28182
16614 -28199
16614 -28199
16614 -28199
16614 -28199
16614 -28199
16614 -28199
16614 -28199
16614 -28199
16614 -28199
16614 -28199
16586 -28215
16586 -28215
16586 -28215
16586 -28215
16586 -28215
16586 -28215
16586 -28215
16586 -28215
16586 -28215
16586 -28215
16559 -28231
16559 -28231
16559 -28231
16559 -28231
16559 -28231
16559 -28231
16559 -28231
16559 -28231
16559 -28231
16559 -28231
16532 -28247
16532 -28247
16532 -28247
16532 -28247
16532 -28247
16532 -28247
16532 -28247
16532 -28247
16532 -28247
16532 -28247
16504 -28264
16504 -28264
16504 -28264
16504 -28264
16504 -28264
16504 -28264
16504 -28264
16504 -28264
16504 -28264
16504 -28264
16504 -28264
16477 -28280
16477 -28280
16477 -28280
16488 -28283
16488 -28283
16488 -28283
16488 -28283
16461 -28300
16461 -28300
16461 -28300
16461 -28300
16461 -28300
16461 -28300
16461 -28300
16461 -28300
16461 -28300
16461 -28300
16433 -28316
16433 -28316
16433 -28316
16433 -28316
16433 -28316
16433 -28316
16433 -28316
16433 -28316
16433 -28316
16433 -28316
16433 -28316
16406 -28332
16406 -28332
16406 -28332
16406 -28332
16406 -28332
16406 -28332
16406 -28332
16406 -28332
16406 -28332
16406 -28332
16378 -28348
16378 -28348
16378 -28348
16378 -28348
16378 -28348
16378 -28348
16378 -28348
16378 -28348
16378 -28348
16378 -28348
16351 -28363
16351 -28363
16351 -28363
16351 -28363
16351 -28363
16351 -28363
16351 -28363
16351 -28363
16351 -28363
16351 -28363
16323 -28380
16323 -28380
16323 -28380
16323 -28380
16323 -28380
16323 -28380
16323 -28380
16323 -28380
16323 -28380
16323 -28380
16295 -28396
16295 -28396
16295 -28396
16295 -28396
16295 -28396
16295 -28396
16295 -28396
16295 -28396
16295 -28396
16295 -28396
16267 -28411
16267 -28411
16267 -28411
16267 -28411
16267 -28411
16267 -28411
16267 -28411
16267 -28411
16267 -28411
16267 -28411
16240 -28427
16240 -28427
16240 -28427
16240 -28427
16240 -28427
16240 -28427
16240 -28427
16240 -28427
16240 -28427
16240 -28427
16212 -28442
16212 -28442
16212 -28442
16212 -28442
16212 -28442
16212 -28442
16212 -28442
16212 -28442
16212 -28442
16212 -28442
16212 -28442
16184 -28458
16184 -28458
16184 -28458
16184 -28458
16184 -28458
16184 -28458
16184 -28458
16184 -28458
16184 -28458
16184 -28458
16157 -28474
16157 -28474
16157 -28474
16157 -28474
16157 -28474
16157 -28474
16157 -28474
16157 -28474
16157 -28474
16157 -28474
16129 -28490
16129 -28490
16143 -28481
16143 -28481
16143 -28481
16117 -28496
16117 -28496
16117 -28496
16117 -28496
16117 -28496
16117 -28496
16117 -28496
16117 -28496
16117 -28496
16117 -28496
16089 -28512
16089 -28512
16089 -28512
16089 -28512
16089 -28512
16089 -28512
16089 -28512
16089 -28512
16089 -28512
16089 -28512
16061 -28528
16061 -28528
16061 -28528
16061 -28528
16061 -28528
16061 -28528
16061 -28528
16061 -28528
16061 -28528
16061 -28528
16033 -28544
16033 -28544
16033 -28544
16033 -28544
16033 -28544
16033 -28544
16033 -28544
16033 -28544
16033 -28544
16033 -28544
16033 -28544
16005 -28559
16005 -28559
16005 -28559
16005 -28559
16005 -28559
16005 -28559
16005 -28559
16005 -28559
16005 -28559
16005 -28559
15977 -28575
15977 -28575
15977 -28575
15977 -28575
15977 -28575
15977 -28575
15977 -28575
15977 -28575
15977 -28575
15977 -28575
15950 -28591
15950 -28591
15950 -28591
15950 -28591
15950 -28591
15950 -28591
15950 -28591
15950 -28591
15950 -28591
15950 -28591
15922 -28607
15922 -28607
15922 -28607
15922 -28607
15922 -28607
15922 -28607
15922 -28607
15922 -28607
15922 -28607
15922 -28607
15894 -28623
15894 -28623
15894 -28623
15894 -28623
15894 -28623
15894 -28623
15894 -28623
15894 -28623
15894 -28623
15894 -28623
15866 -28637
15866 -28637
15866 -28637
15866 -28637
15866 -28637
15866 -28637
15866 -28637
15866 -28637
15866 -28637
15866 -28637
15839 -28653
15839 -28653
15839 -28653
15839 -28653
15839 -28653
15839 -28653
15839 -28653
15839 -28653
15839 -28653
15839 -28653
15810 -28669
15810 -28669
15810 -28669
15810 -28669
15810 -28669
15810 -28669
15810 -28669
15810 -28669
15810 -28669
15810 -28669
15810 -28669
15783 -28684
15783 -28684
15783 -28684
15804 -28705
15804 -28705
15804 -28705
15804 -28705
15776 -28721
15776 -28721
15776 -28721
15776 -28721
15776 -28721
15776 -28721
15776 -28721
15776 -28721
15776 -28721
15776 -28721
15748 -28736
15748 -28736
15748 -28736
15748 -28736
15748 -28736
15748 -28736
15748 -28736
15748 -28736
15748 -28736
15748 -28736
15748 -28736
15719 -28751
15719 -28751
15719 -28751
15719 -28751
15719 -28751
15719 -28751
15719 -28751
15719 -28751
15719 -28751
15719 -28751
15692 -28767
15692 -28767
15692 -28767
15692 -28767
15692 -28767
15692 -28767
15692 -28767
15692 -28767
15692 -28767
15692 -28767
15664 -28782
15664 -28782
15664 -28782
15664 -28782
15664 -28782
15664 -28782
15664 -28782
15664 -28782
15664 -28782
15664 -28782
15635 -28797
15635 -28797
15635 -28797
15635 -28797
15635 -28797
15635 -28797
15635 -28797
15635 -28797
15635 -28797
15635 -28797
15607 -28812
15607 -28812
15607 -28812
15607 -28812
15607 -28812
15607 -28812
15607 -28812
15607 -28812
15607 -28812
15607 -28812
15579 -28827
15579 -28827
15579 -28827
15579 -28827
15579 -28827
15579 -28827
15579 -28827
15579 -28827
15579 -28827
15579 -28827
15551 -28842
15551 -28842
15551 -28842
15551 -28842
15551 -28842
15551 -28842
15551 -28842
15551 -28842
15551 -28842
15551 -28842
15523 -28857
15523 -28857
15523 -28857
15523 -28857
15523 -28857
15523 -28857
15523 -28857
15523 -28857
15523 -28857
15523 -28857
15523 -28857
15495 -28872
15495 -28872
15495 -28872
15495 -28872
15495 -28872
15495 -28872
15495 -28872
15495 -28872
15495 -28872
15495 -28872
15467 -28887
15467 -28887
15467 -28887
15467 -28887
15467 -28887
15467 -28887
15467 -28887
15467 -28887
15467 -28887
15467 -28887
15439 -28902
15439 -28902
15454 -28894
15454 -28894
15454 -28894
15426 -28909
15426 -28909
15426 -28909
15426 -28909
15426 -28909
15426 -28909
15426 -28909
15426 -28909
15426 -28909
15426 -28909
15398 -28924
15398 -28924
15398 -28924
15398 -28924
15398 -28924
15398 -28924
15398 -28924
15398 -28924
15398 -28924
15398 -28924
15370 -28939
15370 -28939
15370 -28939
15370 -28939
15370 -28939
15370 -28939
15370 -28939
15370 -28939
15370 -28939
15370 -28939
15342 -28954
15342 -28954
15342 -28954
15342 -28954
15342 -28954
15342 -28954
15342 -28954
15342 -28954
15342 -28954
15342 -28954
15342 -28954
15313 -28969
15313 -28969
15313 -28969
15313 -28969
15313 -28969
15313 -28969
15313 -28969
15313 -28969
15313 -28969
15313 -28969
15285 -28984
15285 -28984
15285 -28984
15285 -28984
15285 -28984
15285 -28984
15285 -28984
15285 -28984
15285 -28984
15285 -28984
15258 -28999
15258 -28999
15258 -28999
15258 -28999
15258 -28999
15258 -28999
15258 -28999
15258 -28999
15258 -28999
15258 -28999
15229 -29015
15229 -29015
15229 -29015
15229 -29015
15229 -29015
15229 -29015
15229 -29015
15229 -29015
15229 -29015
15229 -29015
15200 -29030
15200 -29030
15200 -29030
15200 -29030
15200 -29030
15200 -29030
15200 -29030
15200 -29030
15200 -29030
15200 -29030
15172 -29044
15172 -29044
15172 -29044
15172 -29044
15172 -29044
15172 -29044
15172 -29044
15172 -29044
15172 -29044
15172 -29044
15144 -29058
15144 -29058
15144 -29058
15144 -29058
15144 -29058
15144 -29058
15144 -29058
15144 -29058
15144 -29058
15144 -29058
15115 -29074
15115 -29074
15115 -29074
15115 -29074
15115 -29074
15115 -29074
15115 -29074
15115 -29074
15115 -29074
15115 -29074
15115 -29074
15088 -29089
15088 -29089
15088 -29089
15081 -29058
15081 -29058
15081 -29058
15081 -29058
15053 -29073
15053 -29073
15053 -29073
15053 -29073
15053 -29073
15053 -29073
15053 -29073
15053 -29073
15053 -29073
15053 -29073
15024 -29088
15024 -29088
15024 -29088
15024 -29088
15024 -29088
15024 -29088
15024 -29088
15024 -29088
15024 -29088
15024 -29088
15024 -29088
14996 -29102
14996 -29102
14996 -29102
14996 -29102
14996 -29102
14996 -29102
14996 -29102
14996 -29102
14996 -29102
14996 -29102
14968 -29117
14968 -29117
14968 -29117
14968 -29117
14968 -29117
14968 -29117
14968 -29117
14968 -29117
14968 -29117
14968 -29117
14940 -29131
14940 -29131
14940 -29131
14940 -29131
14940 -29131
14940 -29131
14940 -29131
14940 -29131
14940 -29131
14940 -29131
14911 -29146
14911 -29146
14911 -29146
14911 -29146
14911 -29146
14911 -29146
14911 -29146
14911 -29146
14911 -29146
14911 -29146
14882 -29160
14882 -29160
14882 -29160
14882 -29160
14882 -29160
14882 -29160
14882 -29160
14882 -29160
14882 -29160
14882 -29160
14853 -29175
14853 -29175
14853 -29175
14853 -29175
14853 -29175
14853 -29175
14853 -29175
14853 -29175
14853 -29175
14853 -29175
14826 -29189
14826 -29189
14826 -29189
14826 -29189
14826 -29189
14826 -29189
14826 -29189
14826 -29189
14826 -29189
14826 -29189
14797 -29203
14797 -29203
14797 -29203
14797 -29203
14797 -29203
14797 -29203
14797 -29203
14797 -29203
14797 -29203
14797 -29203
14797 -29203
14769 -29217
14769 -29217
14769 -29217
14769 -29217
14769 -29217
14769 -29217
14769 -29217
14769 -29217
14769 -29217
14769 -29217
14740 -29232
14740 -29232
14740 -29232
14740 -29232
14740 -29232
14740 -29232
14740 -29232
14740 -29232
14740 -29232
14740 -29232
14712 -29246
14712 -29246
14727 -29239
14727 -29239
14727 -29239
14699 -29252
14699 -29252
14699 -29252
14699 -29252
14699 -29252
14699 -29252
14699 -29252
14699 -29252
14699 -29252
14699 -29252
14670 -29267
14670 -29267
14670 -29267
14670 -29267
14670 -29267
14670 -29267
14670 -29267
14670 -29267
14670 -29267
14670 -29267
14642 -29281
14642 -29281
14642 -29281
14642 -29281
14642 -29281
14642 -29281
14642 -29281
14642 -29281
14642 -29281
14642 -29281
14613 -29296
14613 -29296
14613 -29296
14613 -29296
14613 -29296
14613 -29296
14613 -29296
14613 -29296
14613 -29296
14613 -29296
14613 -29296
14585 -29310
14585 -29310
14585 -29310
14585 -29310
14585 -29310
14585 -29310
14585 -29310
14585 -29310
14585 -29310
14585 -29310
14556 -29324
14556 -29324
14556 -29324
14556 -29324
14556 -29324
14556 -29324
14556 -29324
14556 -29324
14556 -29324
14556 -29324
14529 -29338
14529 -29338
14529 -29338
14529 -29338
14529 -29338
14529 -29338
14529 -29338
14529 -29338
14529 -29338
14529 -29338
14499 -29353
14499 -29353
14499 -29353
14499 -29353
14499 -29353
14499 -29353
14499 -29353
14499 -29353
14499 -29353
14499 -29353
14471 -29367
14471 -29367
14471 -29367
14471 -29367
14471 -29367
14471 -29367
14471 -29367
14471 -29367
14471 -29367
14471 -29367
14442 -29381
14442 -29381
14442 -29381
14442 -29381
14442 -29381
14442 -29381
14442 -29381
14442 -29381
14442 -29381
14442 -29381
14414 -29395
14414 -29395
14414 -29395
14414 -29395
14414 -29395
14414 -29395
14414 -29395
14414 -29395
14414 -29395
14414 -29395
14384 -29410
14384 -29410
14384 -29410
14384 -29410
14384 -29410
14384 -29410
14384 -29410
14384 -29410
14384 -29410
14384 -29410
14384 -29410
14357 -29424
14357 -29424
14357 -29424
14359 -29411
14359 -29411
14359 -29411
14359 -29411
14331 -29425
14331 -29425
14331 -29425
14331 -29425
14331 -29425
14331 -29425
14331 -29425
14331 -29425
14331 -29425
14331 -29425
14302 -29439
14302 -29439
14302 -29439
14302 -29439
14302 -29439
14302 -29439
14302 -29439
14302 -29439
14302 -29439
14302 -29439
14302 -29439
14273 -29453
14273 -29453
14273 -29453
14273 -29453
14273 -29453
14273 -29453
14273 -29453
14273 -29453
14273 -29453
14273 -29453
14245 -29467
14245 -29467
14245 -29467
14245 -29467
14245 -29467
14245 -29467
14245 -29467
14245 -29467
14245 -29467
14245 -29467
14217 -29481
14217 -29481
14217 -29481
14217 -29481
14217 -29481
14217 -29481
14217 -29481
14217 -29481
14217 -29481
14217 -29481
14187 -29495
14187 -29495
14187 -29495
14187 -29495
14187 -29495
14187 -29495
14187 -29495
14187 -29495
14187 -29495
14187 -29495
14158 -29508
14158 -29508
14158 -29508
14158 -29508
14158 -29508
14158 -29508
14158 -29508
14158 -29508
14158 -29508
14158 -29508
14129 -29522
14129 -29522
14129 -29522
14129 -29522
14129 -29522
14129 -29522
14129 -29522
14129 -29522
14129 -29522
14129 -29522
14101 -29535
14101 -29535
14101 -29535
14101 -29535
14101 -29535
14101 -29535
14101 -29535
14101 -29535
14101 -29535
14101 -29535
14072 -29549
14072 -29549
14072 -29549
14072 -29549
14072 -29549
14072 -29549
14072 -29549
14072 -29549
14072 -29549
14072 -29549
14072 -29549
14043 -29563
14043 -29563
14043 -29563
14043 -29563
14043 -29563
14043 -29563
14043 -29563
14043 -29563
14043 -29563
14043 -29563
14014 -29576
14014 -29576
14014 -29576
14014 -29576
14014 -29576
14014 -29576
14014 -29576
14014 -29576
14014 -29576
14014 -29576
13985 -29590
13985 -29590
14001 -29583
14001 -29583
14001 -29583
13973 -29596
13973 -29596
13973 -29596
13973 -29596
13973 -29596
13973 -29596
13973 -29596
13973 -29596
13973 -29596
13973 -29596
13944 -29610
13944 -29610
13944 -29610
13944 -29610
13944 -29610
13944 -29610
13944 -29610
13944 -29610
13944 -29610
13944 -29610
13915 -29623
13915 -29623
13915 -29623
13915 -29623
13915 -29623
13915 -29623
13915 -29623
13915 -29623
13915 -29623
13915 -29623
13886 -29637
13886 -29637
13886 -29637
13886 -29637
13886 -29637
13886 -29637
13886 -29637
13886 -29637
13886 -29637
13886 -29637
13886 -29637
13857 -29651
13857 -29651
13857 -29651
13857 -29651
13857 -29651
13857 -29651
13857 -29651
13857 -29651
13857 -29651
13857 -29651
13828 -29664
13828 -29664
13828 -29664
13828 -29664
13828 -29664
13828 -29664
13828 -29664
13828 -29664
13828 -29664
13828 -29664
13800 -29677
13800 -29677
13800 -29677
13800 -29677
13800 -29677
13800 -29677
13800 -29677
13800 -29677
13800 -29677
13800 -29677
13771 -29692
13771 -29692
13771 -29692
13771 -29692
13771 -29692
13771 -29692
13771 -29692
13771 -29692
13771 -29692
13771 -29692
13742 -29705
13742 -29705
13742 -29705
13742 -29705
13742 -29705
13742 -29705
13742 -29705
13742 -29705
13742 -29705
13742 -29705
13712 -29718
13712 -29718
13712 -29718
13712 -29718
13712 -29718
13712 -29718
13712 -29718
13712 -29718
13712 -29718
13712 -29718
13684 -29731
13684 -29731
13684 -29731
13684 -29731
13684 -29731
13684 -29731
13684 -29731
13684 -29731
13684 -29731
13684 -29731
13655 -29745
13655 -29745
13655 -29745
13655 -29745
13655 -29745
13655 -29745
13655 -29745
13655 -29745
13655 -29745
13655 -29745
13655 -29745
13627 -29759
13627 -29759
13627 -29759
13637 -29763
13637 -29763
13637 -29763
13637 -29763
13608 -29777
13608 -29777
13608 -29777
13608 -29777
13608 -29777
13608 -29777
13608 -29777
13608 -29777
13608 -29777
13608 -29777
13579 -29790
13579 -29790
13579 -29790
13579 -29790
13579 -29790
13579 -29790
13579 -29790
13579 -29790
13579 -29790
13579 -29790
13579 -29790
13549 -29803
13549 -29803
13549 -29803
13549 -29803
13549 -29803
13549 -29803
13549 -29803
13549 -29803
13549 -29803
13549 -29803
13521 -29817
13521 -29817
13521 -29817
13521 -29817
13521 -29817
13521 -29817
13521 -29817
13521 -29817
13521 -29817
13521 -29817
13492 -29829
13492 -29829
13492 -29829
13492 -29829
13492 -29829
13492 -29829
13492 -29829
13492 -29829
13492 -29829
13492 -29829
13462 -29842
13462 -29842
13462 -29842
13462 -29842
13462 -29842
13462 -29842
13462 -29842
13462 -29842
13462 -29842
13462 -29842
13433 -29855
13433 -29855
13433 -29855
13433 -29855
13433 -29855
13433 -29855
13433 -29855
13433 -29855
13433 -29855
13433 -29855
13404 -29868
13404 -29868
13404 -29868
13404 -29868
13404 -29868
13404 -29868
13404 -29868
13404 -29868
13404 -29868
13404 -29868
13375 -29881
13375 -29881
13375 -29881
13375 -29881
13375 -29881
13375 -29881
13375 -29881
13375 -29881
13375 -29881
13375 -29881
13346 -29894
13346 -29894
13346 -29894
13346 -29894
13346 -29894
13346 -29894
13346 -29894
13346 -29894
13346 -29894
13346 -29894
13346 -29894
13317 -29907
13317 -29907
13317 -29907
13317 -29907
13317 -29907
13317 -29907
13317 -29907
13317 -29907
13317 -29907
13317 -29907
13288 -29920
13288 -29920
13288 -29920
13288 -29920
13288 -29920
13288 -29920
13288 -29920
13288 -29920
13288 -29920
13288 -29920
13258 -29933
13258 -29933
13274 -29926
13274 -29926
13274 -29926
13246 -29938
13246 -29938
13246 -29938
13246 -29938
13246 -29938
13246 -29938
13246 -29938
13246 -29938
13246 -29938
13246 -29938
13216 -29951
13216 -29951
13216 -29951
13216 -29951
13216 -29951
13216 -29951
13216 -29951
13216 -29951
13216 -29951
13216 -29951
13187 -29964
13187 -29964
13187 -29964
13187 -29964
13187 -29964
13187 -29964
13187 -29964
13187 -29964
13187 -29964
13187 -29964
13158 -29977
13158 -29977
13158 -29977
13158 -29977
13158 -29977
13158 -29977
13158 -29977
13158 -29977
13158 -29977
13158 -29977
13158 -29977
13129 -29990
13129 -29990
13129 -29990
13129 -29990
13129 -29990
13129 -29990
13129 -29990
13129 -29990
13129 -29990
13129 -29990
13099 -30003
13099 -30003
13099 -30003
13099 -30003
13099 -30003
13099 -30003
13099 -30003
13099 -30003
13099 -30003
13099 -30003
13071 -30016
13071 -30016
13071 -30016
13071 -30016
13071 -30016
13071 -30016
13071 -30016
13071 -30016
13071 -30016
13071 -30016
13041 -30029
13041 -30029
13041 -30029
13041 -30029
13041 -30029
13041 -30029
13041 -30029
13041 -30029
13041 -30029
13041 -30029
13012 -30042
13012 -30042
13012 -30042
13012 -30042
13012 -30042
13012 -30042
13012 -30042
13012 -30042
13012 -30042
13012 -30042
12982 -30054
12982 -30054
12982 -30054
12982 -30054
12982 -30054
12982 -30054
12982 -30054
12982 -30054
12982 -30054
12982 -30054
12954 -30067
12954 -30067
12954 -30067
12954 -30067
12954 -30067
12954 -30067
12954 -30067
12954 -30067
12954 -30067
12954 -30067
12924 -30080
12924 -30080
12924 -30080
12924 -30080
12924 -30080
12924 -30080
12924 -30080
12924 -30080
12924 -30080
12924 -30080
12924 -30080
12895 -30093
12895 -30093
12895 -30093
12914 -30116
12914 -30116
12914 -30116
12914 -30116
12885 -30129
12885 -30129
12885 -30129
12885 -30129
12885 -30129
12885 -30129
12885 -30129
12885 -30129
12885 -30129
12885 -30129
12855 -30141
12855 -30141
12855 -30141
12855 -30141
12855 -30141
12855 -30141
12855 -30141
12855 -30141
12855 -30141
12855 -30141
12855 -30141
12826 -30154
12826 -30154
12826 -30154
12826 -30154
12826 -30154
12826 -30154
12826 -30154
12826 -30154
12826 -30154
12826 -30154
12796 -30167
12796 -30167
12796 -30167
12796 -30167
12796 -30167
12796 -30167
12796 -30167
12796 -30167
12796 -30167
12796 -30167
12768 -30179
12768 -30179
12768 -30179
12768 -30179
12768 -30179
12768 -30179
12768 -30179
12768 -30179
12768 -30179
12768 -30179
12737 -30191
12737 -30191
12737 -30191
12737 -30191
12737 -30191
12737 -30191
12737 -30191
12737 -30191
12737 -30191
12737 -30191
12708 -30203
12708 -30203
12708 -30203
12708 -30203
12708 -30203
12708 -30203
12708 -30203
12708 -30203
12708 -30203
12708 -30203
12678 -30216
12678 -30216
12678 -30216
12678 -30216
12678 -30216
12678 -30216
12678 -30216
12678 -30216
12678 -30216
12678 -30216
12650 -30228
12650 -30228
12650 -30228
12650 -30228
12650 -30228
12650 -30228
12650 -30228
12650 -30228
12650 -30228
12650 -30228
12620 -30240
12620 -30240
12620 -30240
12620 -30240
12620 -30240
12620 -30240
12620 -30240
12620 -30240
12620 -30240
12620 -30240
12620 -30240
12590 -30252
12590 -30252
12590 -30252
12590 -30252
12590 -30252
12590 -30252
12590 -30252
12590 -30252
12590 -30252
12590 -30252
12561 -30264
12561 -30264
12561 -30264
12561 -30264
12561 -30264
12561 -30264
12561 -30264
12561 -30264
12561 -30264
12561 -30264
12531 -30277
12531 -30277
12547 -30270
12547 -30270
12547 -30270
12518 -30282
12518 -30282
12518 -30282
12518 -30282
12518 -30282
12518 -30282
12518 -30282
12518 -30282
12518 -30282
12518 -30282
12489 -30294
12489 -30294
12489 -30294
12489 -30294
12489 -30294
12489 -30294
12489 -30294
12489 -30294
12489 -30294
12489 -30294
12459 -30306
12459 -30306
12459 -30306
12459 -30306
12459 -30306
12459 -30306
12459 -30306
12459 -30306
12459 -30306
12459 -30306
12430 -30319
12430 -30319
12430 -30319
12430 -30319
12430 -30319
12430 -30319
12430 -30319
12430 -30319
12430 -30319
12430 -30319
12430 -30319
12400 -30331
12400 -30331
12400 -30331
12400 -30331
12400 -30331
12400 -30331
12400 -30331
12400 -30331
12400 -30331
12400 -30331
12371 -30343
12371 -30343
12371 -30343
12371 -30343
12371 -30343
12371 -30343
12371 -30343
12371 -30343
12371 -30343
12371 -30343
12342 -30355
12342 -30355
12342 -30355
12342 -30355
12342 -30355
12342 -30355
12342 -30355
12342 -30355
12342 -30355
12342 -30355
12311 -30368
12311 -30368
12311 -30368
12311 -30368
12311 -30368
12311 -30368
12311 -30368
12311 -30368
12311 -30368
12311 -30368
12282 -30380
12282 -30380
12282 -30380
12282 -30380
12282 -30380
12282 -30380
12282 -30380
12282 -30380
12282 -30380
12282 -30380
12252 -30391
12252 -30391
12252 -30391
12252 -30391
12252 -30391
12252 -30391
12252 -30391
12252 -30391
12252 -30391
12252 -30391
12223 -30403
12223 -30403
12223 -30403
12223 -30403
12223 -30403
12223 -30403
12223 -30403
12223 -30403
12223 -30403
12223 -30403
12193 -30416
12193 -30416
12193 -30416
12193 -30416
12193 -30416
12193 -30416
12193 -30416
12193 -30416
12193 -30416
12193 -30416
12193 -30416
12164 -30428
12164 -30428
12164 -30428
12160 -30396
12160 -30396
12160 -30396
12160 -30396
12131 -30409
12131 -30409
12131 -30409
12131 -30409
12131 -30409
12131 -30409
12131 -30409
12131 -30409
12131 -30409
12131 -30409
12101 -30420
12101 -30420
12101 -30420
12101 -30420
12101 -30420
12101 -30420
12101 -30420
12101 -30420
12101 -30420
12101 -30420
12101 -30420
12071 -30432
12071 -30432
12071 -30432
12071 -30432
12071 -30432
12071 -30432
12071 -30432
12071 -30432
12071 -30432
12071 -30432
12042 -30444
12042 -30444
12042 -30444
12042 -30444
12042 -30444
12042 -30444
12042 -30444
12042 -30444
12042 -30444
12042 -30444
12013 -30455
12013 -30455
12013 -30455
12013 -30455
12013 -30455
12013 -30455
12013 -30455
12013 -30455
12013 -30455
12013 -30455
11982 -30467
11982 -30467
11982 -30467
11982 -30467
11982 -30467
11982 -30467
11982 -30467
11982 -30467
11982 -30467
11982 -30467
11952 -30479
11952 -30479
11952 -30479
11952 -30479
11952 -30479
11952 -30479
11952 -30479
11952 -30479
11952 -30479
11952 -30479
11922 -30490
11922 -30490
11922 -30490
11922 -30490
11922 -30490
11922 -30490
11922 -30490
11922 -30490
11922 -30490
11922 -30490
11894 -30501
11894 -30501
11894 -30501
11894 -30501
11894 -30501
11894 -30501
11894 -30501
11894 -30501
11894 -30501
11894 -30501
11864 -30513
11864 -30513
11864 -30513
11864 -30513
11864 -30513
11864 -30513
11864 -30513
11864 -30513
11864 -30513
11864 -30513
11864 -30513
11834 -30524
11834 -30524
11834 -30524
11834 -30524
11834 -30524
11834 -30524
11834 -30524
11834 -30524
11834 -30524
11834 -30524
11804 -30536
11804 -30536
11804 -30536
11804 -30536
11804 -30536
11804 -30536
11804 -30536
11804 -30536
11804 -30536
11804 -30536
11774 -30547
11774 -30547
11790 -30541
11790 -30541
11790 -30541
11761 -30552
11761 -30552
11761 -30552
11761 -30552
11761 -30552
11761 -30552
11761 -30552
11761 -30552
11761 -30552
11761 -30552
11731 -30564
11731 -30564
11731 -30564
11731 -30564
11731 -30564
11731 -30564
11731 -30564
11731 -30564
11731 -30564
11731 -30564
11702 -30575
11702 -30575
11702 -30575
11702 -30575
11702 -30575
11702 -30575
11702 -30575
11702 -30575
11702 -30575
11702 -30575
11672 -30587
11672 -30587
11672 -30587
11672 -30587
11672 -30587
11672 -30587
11672 -30587
11672 -30587
11672 -30587
11672 -30587
11672 -30587
11642 -30598
11642 -30598
11642 -30598
11642 -30598
11642 -30598
11642 -30598
11642 -30598
11642 -30598
11642 -30598
11642 -30598
11612 -30610
11612 -30610
11612 -30610
11612 -30610
11612 -30610
11612 -30610
11612 -30610
11612 -30610
11612 -30610
11612 -30610
11583 -30621
11583 -30621
11583 -30621
11583 -30621
11583 -30621
11583 -30621
11583 -30621
11583 -30621
11583 -30621
11583 -30621
11552 -30633
11552 -30633
11552 -30633
11552 -30633
11552 -30633
11552 -30633
11552 -30633
11552 -30633
11552 -30633
11552 -30633
11523 -30644
11523 -30644
11523 -30644
11523 -30644
11523 -30644
11523 -30644
11523 -30644
11523 -30644
11523 -30644
11523 -30644
11492 -30655
11492 -30655
11492 -30655
11492 -30655
11492 -30655
11492 -30655
11492 -30655
11492 -30655
11492 -30655
11492 -30655
11463 -30666
11463 -30666
11463 -30666
11463 -30666
11463 -30666
11463 -30666
11463 -30666
11463 -30666
11463 -30666
11463 -30666
11433 -30678
11433 -30678
11433 -30678
11433 -30678
11433 -30678
11433 -30678
11433 -30678
11433 -30678
11433 -30678
11433 -30678
11433 -30678
11404 -30689
11404 -30689
11404 -30689
11407 -30677
11407 -30677
11407 -30677
11407 -30677
11377 -30688
11377 -30688
11377 -30688
11377 -30688
11377 -30688
11377 -30688
11377 -30688
11377 -30688
11377 -30688
11377 -30688
11347 -30699
11347 -30699
11347 -30699
11347 -30699
11347 -30699
11347 -30699
11347 -30699
11347 -30699
11347 -30699
11347 -30699
11347 -30699
11317 -30710
11317 -30710
11317 -30710
11317 -30710
11317 -30710
11317 -30710
11317 -30710
11317 -30710
11317 -30710
11317 -30710
11287 -30722
11287 -30722
11287 -30722
11287 -30722
11287 -30722
11287 -30722
11287 -30722
11287 -30722
11287 -30722
11287 -30722
11258 -30732
11258 -30732
11258 -30732
11258 -30732
11258 -30732
11258 -30732
11258 -30732
11258 -30732
11258 -30732
11258 -30732
11227 -30743
11227 -30743
11227 -30743
11227 -30743
11227 -30743
11227 -30743
11227 -30743
11227 -30743
11227 -30743
11227 -30743
11197 -30754
11197 -30754
11197 -30754
11197 -30754
11197 -30754
11197 -30754
11197 -30754
11197 -30754
11197 -30754
11197 -30754
11167 -30765
11167 -30765
11167 -30765
11167 -30765
11167 -30765
11167 -30765
11167 -30765
11167 -30765
11167 -30765
11167 -30765
11138 -30775
11138 -30775
11138 -30775
11138 -30775
11138 -30775
11138 -30775
11138 -30775
11138 -30775
11138 -30775
11138 -30775
11107 -30786
11107 -30786
11107 -30786
11107 -30786
11107 -30786
11107 -30786
11107 -30786
11107 -30786
11107 -30786
11107 -30786
11107 -30786
11077 -30797
11077 -30797
11077 -30797
11077 -30797
11077 -30797
11077 -30797
11077 -30797
11077 -30797
11077 -30797
11077 -30797
11047 -30807
11047 -30807
11047 -30807
11047 -30807
11047 -30807
11047 -30807
11047 -30807
11047 -30807
11047 -30807
11047 -30807
11017 -30818
11017 -30818
11033 -30812
11033 -30812
11033 -30812
11004 -30823
11004 -30823
11004 -30823
11004 -30823
11004 -30823
11004 -30823
11004 -30823
11004 -30823
11004 -30823
11004 -30823
10974 -30834
10974 -30834
10974 -30834
10974 -30834
10974 -30834
10974 -30834
10974 -30834
10974 -30834
10974 -30834
10974 -30834
10944 -30844
10944 -30844
10944 -30844
10944 -30844
10944 -30844
10944 -30844
10944 -30844
10944 -30844
10944 -30844
10944 -30844
10914 -30855
10914 -30855
10914 -30855
10914 -30855
10914 -30855
10914 -30855
10914 -30855
10914 -30855
10914 -30855
10914 -30855
10914 -30855
10884 -30866
10884 -30866
10884 -30866
10884 -30866
10884 -30866
10884 -30866
10884 -30866
10884 -30866
10884 -30866
10884 -30866
10854 -30877
10854 -30877
10854 -30877
10854 -30877
10854 -30877
10854 -30877
10854 -30877
10854 -30877
10854 -30877
10854 -30877
10824 -30887
10824 -30887
10824 -30887
10824 -30887
10824 -30887
10824 -30887
10824 -30887
10824 -30887
10824 -30887
10824 -30887
10793 -30898
10793 -30898
10793 -30898
10793 -30898
10793 -30898
10793 -30898
10793 -30898
10793 -30898
10793 -30898
10793 -30898
10763 -30909
10763 -30909
10763 -30909
10763 -30909
10763 -30909
10763 -30909
10763 -30909
10763 -30909
10763 -30909
10763 -30909
10733 -30919
10733 -30919
10733 -30919
10733 -30919
10733 -30919
10733 -30919
10733 -30919
10733 -30919
10733 -30919
10733 -30919
10704 -30929
10704 -30929
10704 -30929
10704 -30929
10704 -30929
10704 -30929
10704 -30929
10704 -30929
10704 -30929
10704 -30929
10673 -30940
10673 -30940
10673 -30940
10673 -30940
10673 -30940
10673 -30940
10673 -30940
10673 -30940
10673 -30940
10673 -30940
10673 -30940
10644 -30951
10644 -30951
10644 -30951
10653 -30956
10653 -30956
10653 -30956
10653 -30956
10623 -30967
10623 -30967
10623 -30967
10623 -30967
10623 -30967
10623 -30967
10623 -30967
10623 -30967
10623 -30967
10623 -30967
10593 -30977
10593 -30977
10593 -30977
10593 -30977
10593 -30977
10593 -30977
10593 -30977
10593 -30977
10593 -30977
10593 -30977
10593 -30977
10562 -30987
10562 -30987
10562 -30987
10562 -30987
10562 -30987
10562 -30987
10562 -30987
10562 -30987
10562 -30987
10562 -30987
10532 -30998
10532 -30998
10532 -30998
10532 -30998
10532 -30998
10532 -30998
10532 -30998
10532 -30998
10532 -30998
10532 -30998
10503 -31008
10503 -31008
10503 -31008
10503 -31008
10503 -31008
10503 -31008
10503 -31008
10503 -31008
10503 -31008
10503 -31008
10472 -31018
10472 -31018
10472 -31018
10472 -31018
10472 -31018
10472 -31018
10472 -31018
10472 -31018
10472 -31018
10472 -31018
10441 -31028
10441 -31028
10441 -31028
10441 -31028
10441 -31028
10441 -31028
10441 -31028
10441 -31028
10441 -31028
10441 -31028
10411 -31038
10411 -31038
10411 -31038
10411 -31038
10411 -31038
10411 -31038
10411 -31038
10411 -31038
10411 -31038
10411 -31038
10382 -31048
10382 -31048
10382 -31048
10382 -31048
10382 -31048
10382 -31048
10382 -31048
10382 -31048
10382 -31048
10382 -31048
10351 -31058
10351 -31058
10351 -31058
10351 -31058
10351 -31058
10351 -31058
10351 -31058
10351 -31058
10351 -31058
10351 -31058
10351 -31058
10321 -31068
10321 -31068
10321 -31068
10321 -31068
10321 -31068
10321 -31068
10321 -31068
10321 -31068
10321 -31068
10321 -31068
10291 -31078
10291 -31078
10291 -31078
10291 -31078
10291 -31078
10291 -31078
10291 -31078
10291 -31078
10291 -31078
10291 -31078
10260 -31088
10260 -31088
10276 -31083
10276 -31083
10276 -31083
10247 -31092
10247 -31092
10247 -31092
10247 -31092
10247 -31092
10247 -31092
10247 -31092
10247 -31092
10247 -31092
10247 -31092
10217 -31102
10217 -31102
10217 -31102
10217 -31102
10217 -31102
10217 -31102
10217 -31102
10217 -31102
10217 -31102
10217 -31102
10186 -31112
10186 -31112
10186 -31112
10186 -31112
10186 -31112
10186 -31112
10186 -31112
10186 -31112
10186 -31112
10186 -31112
10156 -31122
10156 -31122
10156 -31122
10156 -31122
10156 -31122
10156 -31122
10156 -31122
10156 -31122
10156 -31122
10156 -31122
10156 -31122
10125 -31132
10125 -31132
10125 -31132
10125 -31132
10125 -31132
10125 -31132
10125 -31132
10125 -31132
10125 -31132
10125 -31132
10095 -31142
10095 -31142
10095 -31142
10095 -31142
10095 -31142
10095 -31142
10095 -31142
10095 -31142
10095 -31142
10095 -31142
10066 -31152
10066 -31152
10066 -31152
10066 -31152
10066 -31152
10066 -31152
10066 -31152
10066 -31152
10066 -31152
10066 -31152
10034 -31162
10034 -31162
10034 -31162
10034 -31162
10034 -31162
10034 -31162
10034 -31162
10034 -31162
10034 -31162
10034 -31162
10004 -31172
10004 -31172
10004 -31172
10004 -31172
10004 -31172
10004 -31172
10004 -31172
10004 -31172
10004 -31172
10004 -31172
9973 -31182
9973 -31182
9973 -31182
9973 -31182
9973 -31182
9973 -31182
9973 -31182
9973 -31182
9973 -31182
9973 -31182
9944 -31191
9944 -31191
9944 -31191
9944 -31191
9944 -31191
9944 -31191
9944 -31191
9944 -31191
9944 -31191
9944 -31191
9913 -31202
9913 -31202
9913 -31202
9913 -31202
9913 -31202
9913 -31202
9913 -31202
9913 -31202
9913 -31202
9913 -31202
9913 -31202
9883 -31211
9883 -31211
9883 -31211
9900 -31236
9900 -31236
9900 -31236
9900 -31236
9869 -31247
9869 -31247
9869 -31247
9869 -31247
9869 -31247
9869 -31247
9869 -31247
9869 -31247
9869 -31247
9869 -31247
9839 -31256
9839 -31256
9839 -31256
9839 -31256
9839 -31256
9839 -31256
9839 -31256
9839 -31256
9839 -31256
9839 -31256
9839 -31256
9808 -31265
9808 -31265
9808 -31265
9808 -31265
9808 -31265
9808 -31265
9808 -31265
9808 -31265
9808 -31265
9808 -31265
9778 -31275
9778 -31275
9778 -31275
9778 -31275
9778 -31275
9778 -31275
9778 -31275
9778 -31275
9778 -31275
9778 -31275
9748 -31284
9748 -31284
9748 -31284
9748 -31284
9748 -31284
9748 -31284
9748 -31284
9748 -31284
9748 -31284
9748 -31284
9716 -31294
9716 -31294
9716 -31294
9716 -31294
9716 -31294
9716 -31294
9716 -31294
9716 -31294
9716 -31294
9716 -31294
9686 -31303
9686 -31303
9686 -31303
9686 -31303
9686 -31303
9686 -31303
9686 -31303
9686 -31303
9686 -31303
9686 -31303
9655 -31313
9655 -31313
9655 -31313
9655 -31313
9655 -31313
9655 -31313
9655 -31313
9655 -31313
9655 -31313
9655 -31313
9626 -31321
9626 -31321
9626 -31321
9626 -31321
9626 -31321
9626 -31321
9626 -31321
9626 -31321
9626 -31321
9626 -31321
9595 -31331
9595 -31331
9595 -31331
9595 -31331
9595 -31331
9595 -31331
9595 -31331
9595 -31331
9595 -31331
9595 -31331
9595 -31331
9564 -31340
9564 -31340
9564 -31340
9564 -31340
9564 -31340
9564 -31340
9564 -31340
9564 -31340
9564 -31340
9564 -31340
9534 -31349
9534 -31349
9534 -31349
9534 -31349
9534 -31349
9534 -31349
9534 -31349
9534 -31349
9534 -31349
9534 -31349
9503 -31359
9503 -31359
9519 -31354
9519 -31354
9519 -31354
9490 -31363
9490 -31363
9490 -31363
9490 -31363
9490 -31363
9490 -31363
9490 -31363
9490 -31363
9490 -31363
9490 -31363
9459 -31372
9459 -31372
9459 -31372
9459 -31372
9459 -31372
9459 -31372
9459 -31372
9459 -31372
9459 -31372
9459 -31372
9428 -31381
9428 -31381
9428 -31381
9428 -31381
9428 -31381
9428 -31381
9428 -31381
9428 -31381
9428 -31381
9428 -31381
9398 -31391
9398 -31391
9398 -31391
9398 -31391
9398 -31391
9398 -31391
9398 -31391
9398 -31391
9398 -31391
9398 -31391
9398 -31391
9367 -31400
9367 -31400
9367 -31400
9367 -31400
9367 -31400
9367 -31400
9367 -31400
9367 -31400
9367 -31400
9367 -31400
9337 -31409
9337 -31409
9337 -31409
9337 -31409
9337 -31409
9337 -31409
9337 -31409
9337 -31409
9337 -31409
9337 -31409
9307 -31418
9307 -31418
9307 -31418
9307 -31418
9307 -31418
9307 -31418
9307 -31418
9307 -31418
9307 -31418
9307 -31418
9275 -31428
9275 -31428
9275 -31428
9275 -31428
9275 -31428
9275 -31428
9275 -31428
9275 -31428
9275 -31428
9275 -31428
9245 -31437
9245 -31437
9245 -31437
9245 -31437
9245 -31437
9245 -31437
9245 -31437
9245 -31437
9245 -31437
9245 -31437
9214 -31445
9214 -31445
9214 -31445
9214 -31445
9214 -31445
9214 -31445
9214 -31445
9214 -31445
9214 -31445
9214 -31445
9184 -31454
9184 -31454
9184 -31454
9184 -31454
9184 -31454
9184 -31454
9184 -31454
9184 -31454
9184 -31454
9184 -31454
9153 -31464
9153 -31464
9153 -31464
9153 -31464
9153 -31464
9153 -31464
9153 -31464
9153 -31464
9153 -31464
9153 -31464
9153 -31464
9123 -31473
9123 -31473
9123 -31473
9122 -31441
9122 -31441
9122 -31441
9122 -31441
9092 -31450
9092 -31450
9092 -31450
9092 -31450
9092 -31450
9092 -31450
9092 -31450
9092 -31450
9092 -31450
9092 -31450
9061 -31459
9061 -31459
9061 -31459
9061 -31459
9061 -31459
9061 -31459
9061 -31459
9061 -31459
9061 -31459
9061 -31459
9061 -31459
9030 -31467
9030 -31467
9030 -31467
9030 -31467
9030 -31467
9030 -31467
9030 -31467
9030 -31467
9030 -31467
9030 -31467
8999 -31477
8999 -31477
8999 -31477
8999 -31477
8999 -31477
8999 -31477
8999 -31477
8999 -31477
8999 -31477
8999 -31477
8970 -31485
8970 -31485
8970 -31485
8970 -31485
8970 -31485
8970 -31485
8970 -31485
8970 -31485
8970 -31485
8970 -31485
8938 -31494
8938 -31494
8938 -31494
8938 -31494
8938 -31494
8938 -31494
8938 -31494
8938 -31494
8938 -31494
8938 -31494
8907 -31503
8907 -31503
8907 -31503
8907 -31503
8907 -31503
8907 -31503
8907 -31503
8907 -31503
8907 -31503
8907 -31503
8876 -31511
8876 -31511
8876 -31511
8876 -31511
8876 -31511
8876 -31511
8876 -31511
8876 -31511
8876 -31511
8876 -31511
8846 -31519
8846 -31519
8846 -31519
8846 -31519
8846 -31519
8846 -31519
8846 -31519
8846 -31519
8846 -31519
8846 -31519
8816 -31528
8816 -31528
8816 -31528
8816 -31528
8816 -31528
8816 -31528
8816 -31528
8816 -31528
8816 -31528
8816 -31528
8816 -31528
8785 -31536
8785 -31536
8785 -31536
8785 -31536
8785 -31536
8785 -31536
8785 -31536
8785 -31536
8785 -31536
8785 -31536
8754 -31545
8754 -31545
8754 -31545
8754 -31545
8754 -31545
8754 -31545
8754 -31545
8754 -31545
8754 -31545
8754 -31545
8723 -31553
8723 -31553
8739 -31549
8739 -31549
8739 -31549
8710 -31557
8710 -31557
8710 -31557
8710 -31557
8710 -31557
8710 -31557
8710 -31557
8710 -31557
8710 -31557
8710 -31557
8679 -31566
8679 -31566
8679 -31566
8679 -31566
8679 -31566
8679 -31566
8679 -31566
8679 -31566
8679 -31566
8679 -31566
8648 -31574
8648 -31574
8648 -31574
8648 -31574
8648 -31574
8648 -31574
8648 -31574
8648 -31574
8648 -31574
8648 -31574
8617 -31583
8617 -31583
8617 -31583
8617 -31583
8617 -31583
8617 -31583
8617 -31583
8617 -31583
8617 -31583
8617 -31583
8617 -31583
8586 -31591
8586 -31591
8586 -31591
8586 -31591
8586 -31591
8586 -31591
8586 -31591
8586 -31591
8586 -31591
8586 -31591
8556 -31600
8556 -31600
8556 -31600
8556 -31600
8556 -31600
8556 -31600
8556 -31600
8556 -31600
8556 -31600
8556 -31600
8526 -31608
8526 -31608
8526 -31608
8526 -31608
8526 -31608
8526 -31608
8526 -31608
8526 -31608
8526 -31608
8526 -31608
8494 -31617
8494 -31617
8494 -31617
8494 -31617
8494 -31617
8494 -31617
8494 -31617
8494 -31617
8494 -31617
8494 -31617
8463 -31625
8463 -31625
8463 -31625
8463 -31625
8463 -31625
8463 -31625
8463 -31625
8463 -31625
8463 -31625
8463 -31625
8432 -31633
8432 -31633
8432 -31633
8432 -31633
8432 -31633
8432 -31633
8432 -31633
8432 -31633
8432 -31633
8432 -31633
8402 -31641
8402 -31641
8402 -31641
8402 -31641
8402 -31641
8402 -31641
8402 -31641
8402 -31641
8402 -31641
8402 -31641
8370 -31650
8370 -31650
8370 -31650
8370 -31650
8370 -31650
8370 -31650
8370 -31650
8370 -31650
8370 -31650
8370 -31650
8370 -31650
8341 -31658
8341 -31658
8341 -31658
8346 -31647
8346 -31647
8346 -31647
8346 -31647
8315 -31655
8315 -31655
8315 -31655
8315 -31655
8315 -31655
8315 -31655
8315 -31655
8315 -31655
8315 -31655
8315 -31655
8284 -31663
8284 -31663
8284 -31663
8284 -31663
8284 -31663
8284 -31663
8284 -31663
8284 -31663
8284 -31663
8284 -31663
8284 -31663
8253 -31671
8253 -31671
8253 -31671
8253 -31671
8253 -31671
8253 -31671
8253 -31671
8253 -31671
8253 -31671
8253 -31671
8222 -31680
8222 -31680
8222 -31680
8222 -31680
8222 -31680
8222 -31680
8222 -31680
8222 -31680
8222 -31680
8222 -31680
8192 -31687
8192 -31687
8192 -31687
8192 -31687
8192 -31687
8192 -31687
8192 -31687
8192 -31687
8192 -31687
8192 -31687
8160 -31695
8160 -31695
8160 -31695
8160 -31695
8160 -31695
8160 -31695
8160 -31695
8160 -31695
8160 -31695
8160 -31695
8129 -31703
8129 -31703
8129 -31703
8129 -31703
8129 -31703
8129 -31703
8129 -31703
8129 -31703
8129 -31703
8129 -31703
8098 -31711
8098 -31711
8098 -31711
8098 -31711
8098 -31711
8098 -31711
8098 -31711
8098 -31711
8098 -31711
8098 -31711
8068 -31718
8068 -31718
8068 -31718
8068 -31718
8068 -31718
8068 -31718
8068 -31718
8068 -31718
8068 -31718
8068 -31718
8037 -31726
8037 -31726
8037 -31726
8037 -31726
8037 -31726
8037 -31726
8037 -31726
8037 -31726
8037 -31726
8037 -31726
8037 -31726
8006 -31734
8006 -31734
8006 -31734
8006 -31734
8006 -31734
8006 -31734
8006 -31734
8006 -31734
8006 -31734
8006 -31734
7975 -31741
7975 -31741
7975 -31741
7975 -31741
7975 -31741
7975 -31741
7975 -31741
7975 -31741
7975 -31741
7975 -31741
7944 -31749
7944 -31749
7961 -31745
7961 -31745
7961 -31745
7930 -31753
7930 -31753
7930 -31753
7930 -31753
7930 -31753
7930 -31753
7930 -31753
7930 -31753
7930 -31753
7930 -31753
7899 -31760
7899 -31760
7899 -31760
7899 -31760
7899 -31760
7899 -31760
7899 -31760
7899 -31760
7899 -31760
7899 -31760
7868 -31768
7868 -31768
7868 -31768
7868 -31768
7868 -31768
7868 -31768
7868 -31768
7868 -31768
7868 -31768
7868 -31768
7837 -31776
7837 -31776
7837 -31776
7837 -31776
7837 -31776
7837 -31776
7837 -31776
7837 -31776
7837 -31776
7837 -31776
7837 -31776
7806 -31784
7806 -31784
7806 -31784
7806 -31784
7806 -31784
7806 -31784
7806 -31784
7806 -31784
7806 -31784
7806 -31784
7775 -31791
7775 -31791
7775 -31791
7775 -31791
7775 -31791
7775 -31791
7775 -31791
7775 -31791
7775 -31791
7775 -31791
7745 -31799
7745 -31799
7745 -31799
7745 -31799
7745 -31799
7745 -31799
7745 -31799
7745 -31799
7745 -31799
7745 -31799
7713 -31807
7713 -31807
7713 -31807
7713 -31807
7713 -31807
7713 -31807
7713 -31807
7713 -31807
7713 -31807
7713 -31807
7682 -31815
7682 -31815
7682 -31815
7682 -31815
7682 -31815
7682 -31815
7682 -31815
7682 -31815
7682 -31815
7682 -31815
7651 -31822
7651 -31822
7651 -31822
7651 -31822
7651 -31822
7651 -31822
7651 -31822
7651 -31822
7651 -31822
7651 -31822
7621 -31829
7621 -31829
7621 -31829
7621 -31829
7621 -31829
7621 -31829
7621 -31829
7621 -31829
7621 -31829
7621 -31829
7589 -31837
7589 -31837
7589 -31837
7589 -31837
7589 -31837
7589 -31837
7589 -31837
7589 -31837
7589 -31837
7589 -31837
7589 -31837
7559 -31845
7559 -31845
7559 -31845
7568 -31851
7568 -31851
7568 -31851
7568 -31851
7537 -31859
7537 -31859
7537 -31859
7537 -31859
7537 -31859
7537 -31859
7537 -31859
7537 -31859
7537 -31859
7537 -31859
7506 -31866
7506 -31866
7506 -31866
7506 -31866
7506 -31866
7506 -31866
7506 -31866
7506 -31866
7506 -31866
7506 -31866
7506 -31866
7475 -31873
7475 -31873
7475 -31873
7475 -31873
7475 -31873
7475 -31873
7475 -31873
7475 -31873
7475 -31873
7475 -31873
7444 -31881
7444 -31881
7444 -31881
7444 -31881
7444 -31881
7444 -31881
7444 -31881
7444 -31881
7444 -31881
7444 -31881
7414 -31888
7414 -31888
7414 -31888
7414 -31888
7414 -31888
7414 -31888
7414 -31888
7414 -31888
7414 -31888
7414 -31888
7381 -31895
7381 -31895
7381 -31895
7381 -31895
7381 -31895
7381 -31895
7381 -31895
7381 -31895
7381 -31895
7381 -31895
7350 -31902
7350 -31902
7350 -31902
7350 -31902
7350 -31902
7350 -31902
7350 -31902
7350 -31902
7350 -31902
7350 -31902
7319 -31909
7319 -31909
7319 -31909
7319 -31909
7319 -31909
7319 -31909
7319 -31909
7319 -31909
7319 -31909
7319 -31909
7289 -31916
7289 -31916
7289 -31916
7289 -31916
7289 -31916
7289 -31916
7289 -31916
7289 -31916
7289 -31916
7289 -31916
7258 -31923
7258 -31923
7258 -31923
7258 -31923
7258 -31923
7258 -31923
7258 -31923
7258 -31923
7258 -31923
7258 -31923
7258 -31923
7226 -31930
7226 -31930
7226 -31930
7226 -31930
7226 -31930
7226 -31930
7226 -31930
7226 -31930
7226 -31930
7226 -31930
7195 -31937
7195 -31937
7195 -31937
7195 -31937
7195 -31937
7195 -31937
7195 -31937
7195 -31937
7195 -31937
7195 -31937
7164 -31944
7164 -31944
7181 -31940
7181 -31940
7181 -31940
7150 -31947
7150 -31947
7150 -31947
7150 -31947
7150 -31947
7150 -31947
7150 -31947
7150 -31947
7150 -31947
7150 -31947
7119 -31954
7119 -31954
7119 -31954
7119 -31954
7119 -31954
7119 -31954
7119 -31954
7119 -31954
7119 -31954
7119 -31954
7088 -31961
7088 -31961
7088 -31961
7088 -31961
7088 -31961
7088 -31961
7088 -31961
7088 -31961
7088 -31961
7088 -31961
7057 -31968
7057 -31968
7057 -31968
7057 -31968
7057 -31968
7057 -31968
7057 -31968
7057 -31968
7057 -31968
7057 -31968
7057 -31968
7026 -31975
7026 -31975
7026 -31975
7026 -31975
7026 -31975
7026 -31975
7026 -31975
7026 -31975
7026 -31975
7026 -31975
6994 -31982
6994 -31982
6994 -31982
6994 -31982
6994 -31982
6994 -31982
6994 -31982
6994 -31982
6994 -31982
6994 -31982
6964 -31989
6964 -31989
6964 -31989
6964 -31989
6964 -31989
6964 -31989
6964 -31989
6964 -31989
6964 -31989
6964 -31989
6932 -31996
6932 -31996
6932 -31996
6932 -31996
6932 -31996
6932 -31996
6932 -31996
6932 -31996
6932 -31996
6932 -31996
6901 -32003
6901 -32003
6901 -32003
6901 -32003
6901 -32003
6901 -32003
6901 -32003
6901 -32003
6901 -32003
6901 -32003
6869 -32009
6869 -32009
6869 -32009
6869 -32009
6869 -32009
6869 -32009
6869 -32009
6869 -32009
6869 -32009
6869 -32009
6839 -32016
6839 -32016
6839 -32016
6839 -32016
6839 -32016
6839 -32016
6839 -32016
6839 -32016
6839 -32016
6839 -32016
6807 -32023
6807 -32023
6807 -32023
6807 -32023
6807 -32023
6807 -32023
6807 -32023
6807 -32023
6807 -32023
6807 -32023
6807 -32023
6777 -32030
6777 -32030
6777 -32030
6791 -32056
6791 -32056
6791 -32056
6791 -32056
6759 -32063
6759 -32063
6759 -32063
6759 -32063
6759 -32063
6759 -32063
6759 -32063
6759 -32063
6759 -32063
6759 -32063
6728 -32069
6728 -32069
6728 -32069
6728 -32069
6728 -32069
6728 -32069
6728 -32069
6728 -32069
6728 -32069
6728 -32069
6728 -32069
6697 -32076
6697 -32076
6697 -32076
6697 -32076
6697 -32076
6697 -32076
6697 -32076
6697 -32076
6697 -32076
6697 -32076
6665 -32083
6665 -32083
6665 -32083
6665 -32083
6665 -32083
6665 -32083
6665 -32083
6665 -32083
6665 -32083
6665 -32083
6635 -32089
6635 -32089
6635 -32089
6635 -32089
6635 -32089
6635 -32089
6635 -32089
6635 -32089
6635 -32089
6635 -32089
6603 -32095
6603 -32095
6603 -32095
6603 -32095
6603 -32095
6603 -32095
6603 -32095
6603 -32095
6603 -32095
6603 -32095
6571 -32102
6571 -32102
6571 -32102
6571 -32102
6571 -32102
6571 -32102
6571 -32102
6571 -32102
6571 -32102
6571 -32102
6540 -32108
6540 -32108
6540 -32108
6540 -32108
6540 -32108
6540 -32108
6540 -32108
6540 -32108
6540 -32108
6540 -32108
6510 -32114
6510 -32114
6510 -32114
6510 -32114
6510 -32114
6510 -32114
6510 -32114
6510 -32114
6510 -32114
6510 -32114
6478 -32120
6478 -32120
6478 -32120
6478 -32120
6478 -32120
6478 -32120
6478 -32120
6478 -32120
6478 -32120
6478 -32120
6478 -32120
6447 -32126
6447 -32126
6447 -32126
6447 -32126
6447 -32126
6447 -32126
6447 -32126
6447 -32126
6447 -32126
6447 -32126
6415 -32133
6415 -32133
6415 -32133
6415 -32133
6415 -32133
6415 -32133
6415 -32133
6415 -32133
6415 -32133
6415 -32133
6384 -32139
6384 -32139
6401 -32135
6401 -32135
6401 -32135
6370 -32142
6370 -32142
6370 -32142
6370 -32142
6370 -32142
6370 -32142
6370 -32142
6370 -32142
6370 -32142
6370 -32142
6339 -32148
6339 -32148
6339 -32148
6339 -32148
6339 -32148
6339 -32148
6339 -32148
6339 -32148
6339 -32148
6339 -32148
6307 -32154
6307 -32154
6307 -32154
6307 -32154
6307 -32154
6307 -32154
6307 -32154
6307 -32154
6307 -32154
6307 -32154
6276 -32160
6276 -32160
6276 -32160
6276 -32160
6276 -32160
6276 -32160
6276 -32160
6276 -32160
6276 -32160
6276 -32160
6276 -32160
6245 -32166
6245 -32166
6245 -32166
6245 -32166
6245 -32166
6245 -32166
6245 -32166
6245 -32166
6245 -32166
6245 -32166
6213 -32173
6213 -32173
6213 -32173
6213 -32173
6213 -32173
6213 -32173
6213 -32173
6213 -32173
6213 -32173
6213 -32173
6183 -32179
6183 -32179
6183 -32179
6183 -32179
6183 -32179
6183 -32179
6183 -32179
6183 -32179
6183 -32179
6183 -32179
6151 -32185
6151 -32185
6151 -32185
6151 -32185
6151 -32185
6151 -32185
6151 -32185
6151 -32185
6151 -32185
6151 -32185
6119 -32191
6119 -32191
6119 -32191
6119 -32191
6119 -32191
6119 -32191
6119 -32191
6119 -32191
6119 -32191
6119 -32191
6088 -32197
6088 -32197
6088 -32197
6088 -32197
6088 -32197
6088 -32197
6088 -32197
6088 -32197
6088 -32197
6088 -32197
6057 -32203
6057 -32203
6057 -32203
6057 -32203
6057 -32203
6057 -32203
6057 -32203
6057 -32203
6057 -32203
6057 -32203
6025 -32209
6025 -32209
6025 -32209
6025 -32209
6025 -32209
6025 -32209
6025 -32209
6025 -32209
6025 -32209
6025 -32209
6025 -32209
5994 -32215
5994 -32215
5994 -32215
5997 -32184
5997 -32184
5997 -32184
5997 -32184
5966 -32190
5966 -32190
5966 -32190
5966 -32190
5966 -32190
5966 -32190
5966 -32190
5966 -32190
5966 -32190
5966 -32190
5934 -32196
5934 -32196
5934 -32196
5934 -32196
5934 -32196
5934 -32196
5934 -32196
5934 -32196
5934 -32196
5934 -32196
5934 -32196
5903 -32201
5903 -32201
5903 -32201
5903 -32201
5903 -32201
5903 -32201
5903 -32201
5903 -32201
5903 -32201
5903 -32201
5871 -32208
5871 -32208
5871 -32208
5871 -32208
5871 -32208
5871 -32208
5871 -32208
5871 -32208
5871 -32208
5871 -32208
5841 -32213
5841 -32213
5841 -32213
5841 -32213
5841 -32213
5841 -32213
5841 -32213
5841 -32213
5841 -32213
5841 -32213
5808 -32218
5808 -32218
5808 -32218
5808 -32218
5808 -32218
5808 -32218
5808 -32218
5808 -32218
5808 -32218
5808 -32218
5777 -32224
5777 -32224
5777 -32224
5777 -32224
5777 -32224
5777 -32224
5777 -32224
5777 -32224
5777 -32224
5777 -32224
5745 -32229
5745 -32229
5745 -32229
5745 -32229
5745 -32229
5745 -32229
5745 -32229
5745 -32229
5745 -32229
5745 -32229
5715 -32235
5715 -32235
5715 -32235
5715 -32235
5715 -32235
5715 -32235
5715 -32235
5715 -32235
5715 -32235
5715 -32235
5683 -32240
5683 -32240
5683 -32240
5683 -32240
5683 -32240
5683 -32240
5683 -32240
5683 -32240
5683 -32240
5683 -32240
5683 -32240
5652 -32246
5652 -32246
5652 -32246
5652 -32246
5652 -32246
5652 -32246
5652 -32246
5652 -32246
5652 -32246
5652 -32246
5620 -32251
5620 -32251
5620 -32251
5620 -32251
5620 -32251
5620 -32251
5620 -32251
5620 -32251
5620 -32251
5620 -32251
5589 -32257
5589 -32257
5606 -32254
5606 -32254
5606 -32254
5575 -32259
5575 -32259
5575 -32259
5575 -32259
5575 -32259
5575 -32259
5575 -32259
5575 -32259
5575 -32259
5575 -32259
5544 -32264
5544 -32264
5544 -32264
5544 -32264
5544 -32264
5544 -32264
5544 -32264
5544 -32264
5544 -32264
5544 -32264
5512 -32270
5512 -32270
5512 -32270
5512 -32270
5512 -32270
5512 -32270
5512 -32270
5512 -32270
5512 -32270
5512 -32270
5481 -32275
5481 -32275
5481 -32275
5481 -32275
5481 -32275
5481 -32275
5481 -32275
5481 -32275
5481 -32275
5481 -32275
5481 -32275
5449 -32281
5449 -32281
5449 -32281
5449 -32281
5449 -32281
5449 -32281
5449 -32281
5449 -32281
5449 -32281
5449 -32281
5418 -32286
5418 -32286
5418 -32286
5418 -32286
5418 -32286
5418 -32286
5418 -32286
5418 -32286
5418 -32286
5418 -32286
5387 -32292
5387 -32292
5387 -32292
5387 -32292
5387 -32292
5387 -32292
5387 -32292
5387 -32292
5387 -32292
5387 -32292
5355 -32297
5355 -32297
5355 -32297
5355 -32297
5355 -32297
5355 -32297
5355 -32297
5355 -32297
5355 -32297
5355 -32297
5323 -32303
5323 -32303
5323 -32303
5323 -32303
5323 -32303
5323 -32303
5323 -32303
5323 -32303
5323 -32303
5323 -32303
5292 -32307
5292 -32307
5292 -32307
5292 -32307
5292 -32307
5292 -32307
5292 -32307
5292 -32307
5292 -32307
5292 -32307
5261 -32312
5261 -32312
5261 -32312
5261 -32312
5261 -32312
5261 -32312
5261 -32312
5261 -32312
5261 -32312
5261 -32312
5229 -32318
5229 -32318
5229 -32318
5229 -32318
5229 -32318
5229 -32318
5229 -32318
5229 -32318
5229 -32318
5229 -32318
5229 -32318
5198 -32323
5198 -32323
5198 -32323
5204 -32312
5204 -32312
5204 -32312
5204 -32312
5172 -32317
5172 -32317
5172 -32317
5172 -32317
5172 -32317
5172 -32317
5172 -32317
5172 -32317
5172 -32317
5172 -32317
5141 -32322
5141 -32322
5141 -32322
5141 -32322
5141 -32322
5141 -32322
5141 -32322
5141 -32322
5141 -32322
5141 -32322
5141 -32322
5109 -32327
5109 -32327
5109 -32327
5109 -32327
5109 -32327
5109 -32327
5109 -32327
5109 -32327
5109 -32327
5109 -32327
5078 -32332
5078 -32332
5078 -32332
5078 -32332
5078 -32332
5078 -32332
5078 -32332
5078 -32332
5078 -32332
5078 -32332
5047 -32337
5047 -32337
5047 -32337
5047 -32337
5047 -32337
5047 -32337
5047 -32337
5047 -32337
5047 -32337
5047 -32337
5014 -32342
5014 -32342
5014 -32342
5014 -32342
5014 -32342
5014 -32342
5014 -32342
5014 -32342
5014 -32342
5014 -32342
4983 -32346
4983 -32346
4983 -32346
4983 -32346
4983 -32346
4983 -32346
4983 -32346
4983 -32346
4983 -32346
4983 -32346
4951 -32351
4951 -32351
4951 -32351
4951 -32351
4951 -32351
4951 -32351
4951 -32351
4951 -32351
4951 -32351
4951 -32351
4920 -32356
4920 -32356
4920 -32356
4920 -32356
4920 -32356
4920 -32356
4920 -32356
4920 -32356
4920 -32356
4920 -32356
4889 -32360
4889 -32360
4889 -32360
4889 -32360
4889 -32360
4889 -32360
4889 -32360
4889 -32360
4889 -32360
4889 -32360
4889 -32360
4857 -32365
4857 -32365
4857 -32365
4857 -32365
4857 -32365
4857 -32365
4857 -32365
4857 -32365
4857 -32365
4857 -32365
4826 -32370
4826 -32370
4826 -32370
4826 -32370
4826 -32370
4826 -32370
4826 -32370
4826 -32370
4826 -32370
4826 -32370
4794 -32374
4794 -32374
4811 -32372
4811 -32372
4811 -32372
4780 -32376
4780 -32376
4780 -32376
4780 -32376
4780 -32376
4780 -32376
4780 -32376
4780 -32376
4780 -32376
4780 -32376
4749 -32381
4749 -32381
4749 -32381
4749 -32381
4749 -32381
4749 -32381
4749 -32381
4749 -32381
4749 -32381
4749 -32381
4717 -32386
4717 -32386
4717 -32386
4717 -32386
4717 -32386
4717 -32386
4717 -32386
4717 -32386
4717 -32386
4717 -32386
4685 -32390
4685 -32390
4685 -32390
4685 -32390
4685 -32390
4685 -32390
4685 -32390
4685 -32390
4685 -32390
4685 -32390
4685 -32390
4654 -32395
4654 -32395
4654 -32395
4654 -32395
4654 -32395
4654 -32395
4654 -32395
4654 -32395
4654 -32395
4654 -32395
4622 -32400
4622 -32400
4622 -32400
4622 -32400
4622 -32400
4622 -32400
4622 -32400
4622 -32400
4622 -32400
4622 -32400
4591 -32404
4591 -32404
4591 -32404
4591 -32404
4591 -32404
4591 -32404
4591 -32404
4591 -32404
4591 -32404
4591 -32404
4559 -32409
4559 -32409
4559 -32409
4559 -32409
4559 -32409
4559 -32409
4559 -32409
4559 -32409
4559 -32409
4559 -32409
4527 -32414
4527 -32414
4527 -32414
4527 -32414
4527 -32414
4527 -32414
4527 -32414
4527 -32414
4527 -32414
4527 -32414
4495 -32418
4495 -32418
4495 -32418
4495 -32418
4495 -32418
4495 -32418
4495 -32418
4495 -32418
4495 -32418
4495 -32418
4465 -32422
4465 -32422
4465 -32422
4465 -32422
4465 -32422
4465 -32422
4465 -32422
4465 -32422
4465 -32422
4465 -32422
4432 -32427
4432 -32427
4432 -32427
4432 -32427
4432 -32427
4432 -32427
4432 -32427
4432 -32427
4432 -32427
4432 -32427
4432 -32427
4402 -32432
4402 -32432
4402 -32432
4409 -32439
4409 -32439
4409 -32439
4409 -32439
4378 -32444
4378 -32444
4378 -32444
4378 -32444
4378 -32444
4378 -32444
4378 -32444
4378 -32444
4378 -32444
4378 -32444
4346 -32448
4346 -32448
4346 -32448
4346 -32448
4346 -32448
4346 -32448
4346 -32448
4346 -32448
4346 -32448
4346 -32448
4346 -32448
4314 -32452
4314 -32452
4314 -32452
4314 -32452
4314 -32452
4314 -32452
4314 -32452
4314 -32452
4314 -32452
4314 -32452
4283 -32457
4283 -32457
4283 -32457
4283 -32457
4283 -32457
4283 -32457
4283 -32457
4283 -32457
4283 -32457
4283 -32457
4252 -32461
4252 -32461
4252 -32461
4252 -32461
4252 -32461
4252 -32461
4252 -32461
4252 -32461
4252 -32461
4252 -32461
4219 -32465
4219 -32465
4219 -32465
4219 -32465
4219 -32465
4219 -32465
4219 -32465
4219 -32465
4219 -32465
4219 -32465
4187 -32469
4187 -32469
4187 -32469
4187 -32469
4187 -32469
4187 -32469
4187 -32469
4187 -32469
4187 -32469
4187 -32469
4156 -32473
4156 -32473
4156 -32473
4156 -32473
4156 -32473
4156 -32473
4156 -32473
4156 -32473
4156 -32473
4156 -32473
4125 -32476
4125 -32476
4125 -32476
4125 -32476
4125 -32476
4125 -32476
4125 -32476
4125 -32476
4125 -32476
4125 -32476
4093 -32480
4093 -32480
4093 -32480
4093 -32480
4093 -32480
4093 -32480
4093 -32480
4093 -32480
4093 -32480
4093 -32480
4093 -32480
4061 -32484
4061 -32484
4061 -32484
4061 -32484
4061 -32484
4061 -32484
4061 -32484
4061 -32484
4061 -32484
4061 -32484
4030 -32488
4030 -32488
4030 -32488
4030 -32488
4030 -32488
4030 -32488
4030 -32488
4030 -32488
4030 -32488
4030 -32488
3998 -32492
3998 -32492
4015 -32490
4015 -32490
4015 -32490
3984 -32494
3984 -32494
3984 -32494
3984 -32494
3984 -32494
3984 -32494
3984 -32494
3984 -32494
3984 -32494
3984 -32494
3952 -32498
3952 -32498
3952 -32498
3952 -32498
3952 -32498
3952 -32498
3952 -32498
3952 -32498
3952 -32498
3952 -32498
3921 -32502
3921 -32502
3921 -32502
3921 -32502
3921 -32502
3921 -32502
3921 -32502
3921 -32502
3921 -32502
3921 -32502
3889 -32506
3889 -32506
3889 -32506
3889 -32506
3889 -32506
3889 -32506
3889 -32506
3889 -32506
3889 -32506
3889 -32506
3889 -32506
3857 -32509
3857 -32509
3857 -32509
3857 -32509
3857 -32509
3857 -32509
3857 -32509
3857 -32509
3857 -32509
3857 -32509
3825 -32513
3825 -32513
3825 -32513
3825 -32513
3825 -32513
3825 -32513
3825 -32513
3825 -32513
3825 -32513
3825 -32513
3795 -32517
3795 -32517
3795 -32517
3795 -32517
3795 -32517
3795 -32517
3795 -32517
3795 -32517
3795 -32517
3795 -32517
3762 -32521
3762 -32521
3762 -32521
3762 -32521
3762 -32521
3762 -32521
3762 -32521
3762 -32521
3762 -32521
3762 -32521
3730 -32525
3730 -32525
3730 -32525
3730 -32525
3730 -32525
3730 -32525
3730 -32525
3730 -32525
3730 -32525
3730 -32525
3698 -32528
3698 -32528
3698 -32528
3698 -32528
3698 -32528
3698 -32528
3698 -32528
3698 -32528
3698 -32528
3698 -32528
3668 -32532
3668 -32532
3668 -32532
3668 -32532
3668 -32532
3668 -32532
3668 -32532
3668 -32532
3668 -32532
3668 -32532
3635 -32536
3635 -32536
3635 -32536
3635 -32536
3635 -32536
3635 -32536
3635 -32536
3635 -32536
3635 -32536
3635 -32536
3635 -32536
3604 -32540
3604 -32540
3604 -32540
3616 -32567
3616 -32567
3616 -32567
3616 -32567
3584 -32571
3584 -32571
3584 -32571
3584 -32571
3584 -32571
3584 -32571
3584 -32571
3584 -32571
3584 -32571
3584 -32571
3552 -32574
3552 -32574
3552 -32574
3552 -32574
3552 -32574
3552 -32574
3552 -32574
3552 -32574
3552 -32574
3552 -32574
3552 -32574
3520 -32578
3520 -32578
3520 -32578
3520 -32578
3520 -32578
3520 -32578
3520 -32578
3520 -32578
3520 -32578
3520 -32578
3489 -32582
3489 -32582
3489 -32582
3489 -32582
3489 -32582
3489 -32582
3489 -32582
3489 -32582
3489 -32582
3489 -32582
3458 -32585
3458 -32585
3458 -32585
3458 -32585
3458 -32585
3458 -32585
3458 -32585
3458 -32585
3458 -32585
3458 -32585
3425 -32588
3425 -32588
3425 -32588
3425 -32588
3425 -32588
3425 -32588
3425 -32588
3425 -32588
3425 -32588
3425 -32588
3393 -32591
3393 -32591
3393 -32591
3393 -32591
3393 -32591
3393 -32591
3393 -32591
3393 -32591
3393 -32591
3393 -32591
3361 -32594
3361 -32594
3361 -32594
3361 -32594
3361 -32594
3361 -32594
3361 -32594
3361 -32594
3361 -32594
3361 -32594
3330 -32597
3330 -32597
3330 -32597
3330 -32597
3330 -32597
3330 -32597
3330 -32597
3330 -32597
3330 -32597
3330 -32597
3298 -32600
3298 -32600
3298 -32600
3298 -32600
3298 -32600
3298 -32600
3298 -32600
3298 -32600
3298 -32600
3298 -32600
3298 -32600
3267 -32604
3267 -32604
3267 -32604
3267 -32604
3267 -32604
3267 -32604
3267 -32604
3267 -32604
3267 -32604
3267 -32604
3235 -32607
3235 -32607
3235 -32607
3235 -32607
3235 -32607
3235 -32607
3235 -32607
3235 -32607
3235 -32607
3235 -32607
3203 -32610
3203 -32610
3220 -32608
3220 -32608
3220 -32608
3189 -32611
3189 -32611
3189 -32611
3189 -32611
3189 -32611
3189 -32611
3189 -32611
3189 -32611
3189 -32611
3189 -32611
3157 -32614
3157 -32614
3157 -32614
3157 -32614
3157 -32614
3157 -32614
3157 -32614
3157 -32614
3157 -32614
3157 -32614
3125 -32618
3125 -32618
3125 -32618
3125 -32618
3125 -32618
3125 -32618
3125 -32618
3125 -32618
3125 -32618
3125 -32618
3093 -32621
3093 -32621
3093 -32621
3093 -32621
3093 -32621
3093 -32621
3093 -32621
3093 -32621
3093 -32621
3093 -32621
3093 -32621
3062 -32624
3062 -32624
3062 -32624
3062 -32624
3062 -32624
3062 -32624
3062 -32624
3062 -32624
3062 -32624
3062 -32624
3030 -32627
3030 -32627
3030 -32627
3030 -32627
3030 -32627
3030 -32627
3030 -32627
3030 -32627
3030 -32627
3030 -32627
2999 -32630
2999 -32630
2999 -32630
2999 -32630
2999 -32630
2999 -32630
2999 -32630
2999 -32630
2999 -32630
2999 -32630
2966 -32633
2966 -32633
2966 -32633
2966 -32633
2966 -32633
2966 -32633
2966 -32633
2966 -32633
2966 -32633
2966 -32633
2934 -32636
2934 -32636
2934 -32636
2934 -32636
2934 -32636
2934 -32636
2934 -32636
2934 -32636
2934 -32636
2934 -32636
2902 -32638
2902 -32638
2902 -32638
2902 -32638
2902 -32638
2902 -32638
2902 -32638
2902 -32638
2902 -32638
2902 -32638
2871 -32642
2871 -32642
2871 -32642
2871 -32642
2871 -32642
2871 -32642
2871 -32642
2871 -32642
2871 -32642
2871 -32642
2839 -32645
2839 -32645
2839 -32645
2839 -32645
2839 -32645
2839 -32645
2839 -32645
2839 -32645
2839 -32645
2839 -32645
2839 -32645
2808 -32648
2808 -32648
2808 -32648
2813 -32616
2813 -32616
2813 -32616
2813 -32616
2781 -32620
2781 -32620
2781 -32620
2781 -32620
2781 -32620
2781 -32620
2781 -32620
2781 -32620
2781 -32620
2781 -32620
2750 -32622
2750 -32622
2750 -32622
2750 -32622
2750 -32622
2750 -32622
2750 -32622
2750 -32622
2750 -32622
2750 -32622
2750 -32622
2718 -32624
2718 -32624
2718 -32624
2718 -32624
2718 -32624
2718 -32624
2718 -32624
2718 -32624
2718 -32624
2718 -32624
2686 -32628
2686 -32628
2686 -32628
2686 -32628
2686 -32628
2686 -32628
2686 -32628
2686 -32628
2686 -32628
2686 -32628
2655 -32630
2655 -32630
2655 -32630
2655 -32630
2655 -32630
2655 -32630
2655 -32630
2655 -32630
2655 -32630
2655 -32630
2622 -32632
2622 -32632
2622 -32632
2622 -32632
2622 -32632
2622 -32632
2622 -32632
2622 -32632
2622 -32632
2622 -32632
2590 -32635
2590 -32635
2590 -32635
2590 -32635
2590 -32635
2590 -32635
2590 -32635
2590 -32635
2590 -32635
2590 -32635
2558 -32637
2558 -32637
2558 -32637
2558 -32637
2558 -32637
2558 -32637
2558 -32637
2558 -32637
2558 -32637
2558 -32637
2527 -32639
2527 -32639
2527 -32639
2527 -32639
2527 -32639
2527 -32639
2527 -32639
2527 -32639
2527 -32639
2527 -32639
2496 -32642
2496 -32642
2496 -32642
2496 -32642
2496 -32642
2496 -32642
2496 -32642
2496 -32642
2496 -32642
2496 -32642
2496 -32642
2464 -32644
2464 -32644
2464 -32644
2464 -32644
2464 -32644
2464 -32644
2464 -32644
2464 -32644
2464 -32644
2464 -32644
2432 -32646
2432 -32646
2432 -32646
2432 -32646
2432 -32646
2432 -32646
2432 -32646
2432 -32646
2432 -32646
2432 -32646
2400 -32649
2400 -32649
2417 -32647
2417 -32647
2417 -32647
2386 -32650
2386 -32650
2386 -32650
2386 -32650
2386 -32650
2386 -32650
2386 -32650
2386 -32650
2386 -32650
2386 -32650
2354 -32652
2354 -32652
2354 -32652
2354 -32652
2354 -32652
2354 -32652
2354 -32652
2354 -32652
2354 -32652
2354 -32652
2322 -32654
2322 -32654
2322 -32654
2322 -32654
2322 -32654
2322 -32654
2322 -32654
2322 -32654
2322 -32654
2322 -32654
2290 -32657
2290 -32657
2290 -32657
2290 -32657
2290 -32657
2290 -32657
2290 -32657
2290 -32657
2290 -32657
2290 -32657
2290 -32657
2258 -32659
2258 -32659
2258 -32659
2258 -32659
2258 -32659
2258 -32659
2258 -32659
2258 -32659
2258 -32659
2258 -32659
2227 -32661
2227 -32661
2227 -32661
2227 -32661
2227 -32661
2227 -32661
2227 -32661
2227 -32661
2227 -32661
2227 -32661
2196 -32664
2196 -32664
2196 -32664
2196 -32664
2196 -32664
2196 -32664
2196 -32664
2196 -32664
2196 -32664
2196 -32664
2163 -32666
2163 -32666
2163 -32666
2163 -32666
2163 -32666
2163 -32666
2163 -32666
2163 -32666
2163 -32666
2163 -32666
2131 -32669
2131 -32669
2131 -32669
2131 -32669
2131 -32669
2131 -32669
2131 -32669
2131 -32669
2131 -32669
2131 -32669
2099 -32670
2099 -32670
2099 -32670
2099 -32670
2099 -32670
2099 -32670
2099 -32670
2099 -32670
2099 -32670
2099 -32670
2068 -32672
2068 -32672
2068 -32672
2068 -32672
2068 -32672
2068 -32672
2068 -32672
2068 -32672
2068 -32672
2068 -32672
2035 -32675
2035 -32675
2035 -32675
2035 -32675
2035 -32675
2035 -32675
2035 -32675
2035 -32675
2035 -32675
2035 -32675
2035 -32675
2004 -32677
2004 -32677
2004 -32677
2011 -32666
2011 -32666
2011 -32666
2011 -32666
1979 -32669
1979 -32669
1979 -32669
1979 -32669
1979 -32669
1979 -32669
1979 -32669
1979 -32669
1979 -32669
1979 -32669
1947 -32670
1947 -32670
1947 -32670
1947 -32670
1947 -32670
1947 -32670
1947 -32670
1947 -32670
1947 -32670
1947 -32670
1947 -32670
1915 -32672
1915 -32672
1915 -32672
1915 -32672
1915 -32672
1915 -32672
1915 -32672
1915 -32672
1915 -32672
1915 -32672
1883 -32674
1883 -32674
1883 -32674
1883 -32674
1883 -32674
1883 -32674
1883 -32674
1883 -32674
1883 -32674
1883 -32674
1852 -32676
1852 -32676
1852 -32676
1852 -32676
1852 -32676
1852 -32676
1852 -32676
1852 -32676
1852 -32676
1852 -32676
1819 -32678
1819 -32678
1819 -32678
1819 -32678
1819 -32678
1819 -32678
1819 -32678
1819 -32678
1819 -32678
1819 -32678
1788 -32679
1788 -32679
1788 -32679
1788 -32679
1788 -32679
1788 -32679
1788 -32679
1788 -32679
1788 -32679
1788 -32679
1756 -32681
1756 -32681
1756 -32681
1756 -32681
1756 -32681
1756 -32681
1756 -32681
1756 -32681
1756 -32681
1756 -32681
1725 -32682
1725 -32682
1725 -32682
1725 -32682
1725 -32682
1725 -32682
1725 -32682
1725 -32682
1725 -32682
1725 -32682
1693 -32684
1693 -32684
1693 -32684
1693 -32684
1693 -32684
1693 -32684
1693 -32684
1693 -32684
1693 -32684
1693 -32684
1693 -32684
1661 -32685
1661 -32685
1661 -32685
1661 -32685
1661 -32685
1661 -32685
1661 -32685
1661 -32685
1661 -32685
1661 -32685
1629 -32687
1629 -32687
1629 -32687
1629 -32687
1629 -32687
1629 -32687
1629 -32687
1629 -32687
1629 -32687
1629 -32687
1597 -32688
1597 -32688
1614 -32688
1614 -32688
1614 -32688
1583 -32689
1583 -32689
1583 -32689
1583 -32689
1583 -32689
1583 -32689
1583 -32689
1583 -32689
1583 -32689
1583 -32689
1551 -32691
1551 -32691
1551 -32691
1551 -32691
1551 -32691
1551 -32691
1551 -32691
1551 -32691
1551 -32691
1551 -32691
1519 -32692
1519 -32692
1519 -32692
1519 -32692
1519 -32692
1519 -32692
1519 -32692
1519 -32692
1519 -32692
1519 -32692
1487 -32694
1487 -32694
1487 -32694
1487 -32694
1487 -32694
1487 -32694
1487 -32694
1487 -32694
1487 -32694
1487 -32694
1487 -32694
1455 -32695
1455 -32695
1455 -32695
1455 -32695
1455 -32695
1455 -32695
1455 -32695
1455 -32695
1455 -32695
1455 -32695
1423 -32697
1423 -32697
1423 -32697
1423 -32697
1423 -32697
1423 -32697
1423 -32697
1423 -32697
1423 -32697
1423 -32697
1392 -32698
1392 -32698
1392 -32698
1392 -32698
1392 -32698
1392 -32698
1392 -32698
1392 -32698
1392 -32698
1392 -32698
1360 -32700
1360 -32700
1360 -32700
1360 -32700
1360 -32700
1360 -32700
1360 -32700
1360 -32700
1360 -32700
1360 -32700
1328 -32702
1328 -32702
1328 -32702
1328 -32702
1328 -32702
1328 -32702
1328 -32702
1328 -32702
1328 -32702
1328 -32702
1296 -32702
1296 -32702
1296 -32702
1296 -32702
1296 -32702
1296 -32702
1296 -32702
1296 -32702
1296 -32702
1296 -32702
1265 -32704
1265 -32704
1265 -32704
1265 -32704
1265 -32704
1265 -32704
1265 -32704
1265 -32704
1265 -32704
1265 -32704
1232 -32705
1232 -32705
1232 -32705
1232 -32705
1232 -32705
1232 -32705
1232 -32705
1232 -32705
1232 -32705
1232 -32705
1232 -32705
1201 -32707
1201 -32707
1201 -32707
1208 -32715
1208 -32715
1208 -32715
1208 -32715
1176 -32717
1176 -32717
1176 -32717
1176 -32717
1176 -32717
1176 -32717
1176 -32717
1176 -32717
1176 -32717
1176 -32717
1145 -32718
1145 -32718
1145 -32718
1145 -32718
1145 -32718
1145 -32718
1145 -32718
1145 -32718
1145 -32718
1145 -32718
1145 -32718
1113 -32718
1113 -32718
1113 -32718
1113 -32718
1113 -32718
1113 -32718
1113 -32718
1113 -32718
1113 -32718
1113 -32718
1081 -32720
1081 -32720
1081 -32720
1081 -32720
1081 -32720
1081 -32720
1081 -32720
1081 -32720
1081 -32720
1081 -32720
1050 -32721
1050 -32721
1050 -32721
1050 -32721
1050 -32721
1050 -32721
1050 -32721
1050 -32721
1050 -32721
1050 -32721
1017 -32722
1017 -32722
1017 -32722
1017 -32722
1017 -32722
1017 -32722
1017 -32722
1017 -32722
1017 -32722
1017 -32722
985 -32723
985 -32723
985 -32723
985 -32723
985 -32723
985 -32723
985 -32723
985 -32723
985 -32723
985 -32723
953 -32723
953 -32723
953 -32723
953 -32723
953 -32723
953 -32723
953 -32723
953 -32723
953 -32723
953 -32723
922 -32724
922 -32724
922 -32724
922 -32724
922 -32724
922 -32724
922 -32724
922 -32724
922 -32724
922 -32724
890 -32725
890 -32725
890 -32725
890 -32725
890 -32725
890 -32725
890 -32725
890 -32725
890 -32725
890 -32725
890 -32725
858 -32726
858 -32726
858 -32726
858 -32726
858 -32726
858 -32726
858 -32726
858 -32726
858 -32726
858 -32726
826 -32726
826 -32726
826 -32726
826 -32726
826 -32726
826 -32726
826 -32726
826 -32726
826 -32726
826 -32726
794 -32727
794 -32727
811 -32727
811 -32727
811 -32727
780 -32728
780 -32728
780 -32728
780 -32728
780 -32728
780 -32728
780 -32728
780 -32728
780 -32728
780 -32728
748 -32728
748 -32728
748 -32728
748 -32728
748 -32728
748 -32728
748 -32728
748 -32728
748 -32728
748 -32728
716 -32729
716 -32729
716 -32729
716 -32729
716 -32729
716 -32729
716 -32729
716 -32729
716 -32729
716 -32729
684 -32730
684 -32730
684 -32730
684 -32730
684 -32730
684 -32730
684 -32730
684 -32730
684 -32730
684 -32730
684 -32730
652 -32731
652 -32731
652 -32731
652 -32731
652 -32731
652 -32731
652 -32731
652 -32731
652 -32731
652 -32731
620 -32731
620 -32731
620 -32731
620 -32731
620 -32731
620 -32731
620 -32731
620 -32731
620 -32731
620 -32731
589 -32732
589 -32732
589 -32732
589 -32732
589 -32732
589 -32732
589 -32732
589 -32732
589 -32732
589 -32732
556 -32733
556 -32733
556 -32733
556 -32733
556 -32733
556 -32733
556 -32733
556 -32733
556 -32733
556 -32733
524 -32734
524 -32734
524 -32734
524 -32734
524 -32734
524 -32734
524 -32734
524 -32734
524 -32734
524 -32734
492 -32734
492 -32734
492 -32734
492 -32734
492 -32734
492 -32734
492 -32734
492 -32734
492 -32734
492 -32734
461 -32734
461 -32734
461 -32734
461 -32734
461 -32734
461 -32734
461 -32734
461 -32734
461 -32734
461 -32734
428 -32735
428 -32735
428 -32735
428 -32735
428 -32735
428 -32735
428 -32735
428 -32735
428 -32735
428 -32735
428 -32735
397 -32736
397 -32736
397 -32736
406 -32764
406 -32764
406 -32764
406 -32764
374 -32765
374 -32765
374 -32765
374 -32765
374 -32765
374 -32765
374 -32765
374 -32765
374 -32765
374 -32765
342 -32765
342 -32765
342 -32765
342 -32765
342 -32765
342 -32765
342 -32765
342 -32765
342 -32765
342 -32765
342 -32765
310 -32765
310 -32765
310 -32765
310 -32765
310 -32765
310 -32765
310 -32765
310 -32765
310 -32765
310 -32765
278 -32766
278 -32766
278 -32766
278 -32766
278 -32766
278 -32766
278 -32766
278 -32766
278 -32766
278 -32766
247 -32766
247 -32766
247 -32766
247 -32766
247 -32766
247 -32766
247 -32766
247 -32766
247 -32766
247 -32766
214 -32766
214 -32766
214 -32766
214 -32766
214 -32766
214 -32766
214 -32766
214 -32766
214 -32766
214 -32766
182 -32766
182 -32766
182 -32766
182 -32766
182 -32766
182 -32766
182 -32766
182 -32766
182 -32766
182 -32766
150 -32766
150 -32766
150 -32766
150 -32766
150 -32766
150 -32766
150 -32766
150 -32766
150 -32766
150 -32766
119 -32766
119 -32766
119 -32766
119 -32766
119 -32766
119 -32766
119 -32766
119 -32766
119 -32766
119 -32766
87 -32766
87 -32766
87 -32766
87 -32766
87 -32766
87 -32766
87 -32766
87 -32766
87 -32766
87 -32766
87 -32766
55 -32766
55 -32766
55 -32766
55 -32766
55 -32766
55 -32766
55 -32766
55 -32766
55 -32766
55 -32766
23 -32766
23 -32766
23 -32766
23 -32766
23 -32766
23 -32766
23 -32766
23 -32766
23 -32766
23 -32766
-9 -32766
-9 -32766
8 -32766
8 -32766
8 -32766
-23 -32766
-23 -32766
-23 -32766
-23 -32766
-23 -32766
-23 -32766
-23 -32766
-23 -32766
-23 -32766
-23 -32766
-55 -32766
-55 -32766
-55 -32766
-55 -32766
-55 -32766
-55 -32766
-55 -32766
-55 -32766
-55 -32766
-55 -32766
-87 -32766
-87 -32766
-87 -32766
-87 -32766
-87 -32766
-87 -32766
-87 -32766
-87 -32766
-87 -32766
-87 -32766
-119 -32766
-119 -32766
-119 -32766
-119 -32766
-119 -32766
-119 -32766
-119 -32766
-119 -32766
-119 -32766
-119 -32766
-119 -32766
-151 -32766
-151 -32766
-151 -32766
-151 -32766
-151 -32766
-151 -32766
-151 -32766
-151 -32766
-151 -32766
-151 -32766
-183 -32766
-183 -32766
-183 -32766
-183 -32766
-183 -32766
-183 -32766
-183 -32766
-183 -32766
-183 -32766
-183 -32766
-214 -32766
-214 -32766
-214 -32766
-214 -32766
-214 -32766
-214 -32766
-214 -32766
-214 -32766
-214 -32766
-214 -32766
-247 -32766
-247 -32766
-247 -32766
-247 -32766
-247 -32766
-247 -32766
-247 -32766
-247 -32766
-247 -32766
-247 -32766
-279 -32766
-279 -32766
-279 -32766
-279 -32766
-279 -32766
-279 -32766
-279 -32766
-279 -32766
-279 -32766
-279 -32766
-311 -32765
-311 -32765
-311 -32765
-311 -32765
-311 -32765
-311 -32765
-311 -32765
-311 -32765
-311 -32765
-311 -32765
-342 -32765
-342 -32765
-342 -32765
-342 -32765
-342 -32765
-342 -32765
-342 -32765
-342 -32765
-342 -32765
-342 -32765
-375 -32765
-375 -32765
-375 -32765
-375 -32765
-375 -32765
-375 -32765
-375 -32765
-375 -32765
-375 -32765
-375 -32765
-375 -32765
-406 -32765
-406 -32765
-406 -32765
-397 -32735
-397 -32735
-397 -32735
-397 -32735
-429 -32735
-429 -32735
-429 -32735
-429 -32735
-429 -32735
-429 -32735
-429 -32735
-429 -32735
-429 -32735
-429 -32735
-461 -32734
-461 -32734
-461 -32734
-461 -32734
-461 -32734
-461 -32734
-461 -32734
-461 -32734
-461 -32734
-461 -32734
-461 -32734
-493 -32734
-493 -32734
-493 -32734
-493 -32734
-493 -32734
-493 -32734
-493 -32734
-493 -32734
-493 -32734
-493 -32734
-525 -32734
-525 -32734
-525 -32734
-525 -32734
-525 -32734
-525 -32734
-525 -32734
-525 -32734
-525 -32734
-525 -32734
-556 -32733
-556 -32733
-556 -32733
-556 -32733
-556 -32733
-556 -32733
-556 -32733
-556 -32733
-556 -32733
-556 -32733
-589 -32732
-589 -32732
-589 -32732
-589 -32732
-589 -32732
-589 -32732
-589 -32732
-589 -32732
-589 -32732
-589 -32732
-621 -32731
-621 -32731
-621 -32731
-621 -32731
-621 -32731
-621 -32731
-621 -32731
-621 -32731
-621 -32731
-621 -32731
-653 -32731
-653 -32731
-653 -32731
-653 -32731
-653 -32731
-653 -32731
-653 -32731
-653 -32731
-653 -32731
-653 -32731
-684 -32730
-684 -32730
-684 -32730
-684 -32730
-684 -32730
-684 -32730
-684 -32730
-684 -32730
-684 -32730
-684 -32730
-716 -32729
-716 -32729
-716 -32729
-716 -32729
-716 -32729
-716 -32729
-716 -32729
-716 -32729
-716 -32729
-716 -32729
-716 -32729
-748 -32728
-748 -32728
-748 -32728
-748 -32728
-748 -32728
-748 -32728
-748 -32728
-748 -32728
-748 -32728
-748 -32728
-780 -32728
-780 -32728
-780 -32728
-780 -32728
-780 -32728
-780 -32728
-780 -32728
-780 -32728
-780 -32728
-780 -32728
-812 -32727
-812 -32727
-795 -32727
-795 -32727
-795 -32727
-826 -32726
-826 -32726
-826 -32726
-826 -32726
-826 -32726
-826 -32726
-826 -32726
-826 -32726
-826 -32726
-826 -32726
-858 -32726
-858 -32726
-858 -32726
-858 -32726
-858 -32726
-858 -32726
-858 -32726
-858 -32726
-858 -32726
-858 -32726
-890 -32725
-890 -32725
-890 -32725
-890 -32725
-890 -32725
-890 -32725
-890 -32725
-890 -32725
-890 -32725
-890 -32725
-922 -32724
-922 -32724
-922 -32724
-922 -32724
-922 -32724
-922 -32724
-922 -32724
-922 -32724
-922 -32724
-922 -32724
-922 -32724
-954 -32723
-954 -32723
-954 -32723
-954 -32723
-954 -32723
-954 -32723
-954 -32723
-954 -32723
-954 -32723
-954 -32723
-986 -32723
-986 -32723
-986 -32723
-986 -32723
-986 -32723
-986 -32723
-986 -32723
-986 -32723
-986 -32723
-986 -32723
-1017 -32722
-1017 -32722
-1017 -32722
-1017 -32722
-1017 -32722
-1017 -32722
-1017 -32722
-1017 -32722
-1017 -32722
-1017 -32722
-1050 -32721
-1050 -32721
-1050 -32721
-1050 -32721
-1050 -32721
-1050 -32721
-1050 -32721
-1050 -32721
-1050 -32721
-1050 -32721
-1082 -32720
-1082 -32720
-1082 -32720
-1082 -32720
-1082 -32720
-1082 -32720
-1082 -32720
-1082 -32720
-1082 -32720
-1082 -32720
-1114 -32718
-1114 -32718
-1114 -32718
-1114 -32718
-1114 -32718
-1114 -32718
-1114 -32718
-1114 -32718
-1114 -32718
-1114 -32718
-1145 -32718
-1145 -32718
-1145 -32718
-1145 -32718
-1145 -32718
-1145 -32718
-1145 -32718
-1145 -32718
-1145 -32718
-1145 -32718
-1177 -32717
-1177 -32717
-1177 -32717
-1177 -32717
-1177 -32717
-1177 -32717
-1177 -32717
-1177 -32717
-1177 -32717
-1177 -32717
-1177 -32717
-1208 -32716
-1208 -32716
-1208 -32716
-1201 -32706
-1201 -32706
-1201 -32706
-1201 -32706
-1233 -32705
-1233 -32705
-1233 -32705
-1233 -32705
-1233 -32705
-1233 -32705
-1233 -32705
-1233 -32705
-1233 -32705
-1233 -32705
-1265 -32704
-1265 -32704
-1265 -32704
-1265 -32704
-1265 -32704
-1265 -32704
-1265 -32704
-1265 -32704
-1265 -32704
-1265 -32704
-1265 -32704
-1297 -32702
-1297 -32702
-1297 -32702
-1297 -32702
-1297 -32702
-1297 -32702
-1297 -32702
-1297 -32702
-1297 -32702
-1297 -32702
-1329 -32702
-1329 -32702
-1329 -32702
-1329 -32702
-1329 -32702
-1329 -32702
-1329 -32702
-1329 -32702
-1329 -32702
-1329 -32702
-1360 -32700
-1360 -32700
-1360 -32700
-1360 -32700
-1360 -32700
-1360 -32700
-1360 -32700
-1360 -32700
-1360 -32700
-1360 -32700
-1392 -32698
-1392 -32698
-1392 -32698
-1392 -32698
-1392 -32698
-1392 -32698
-1392 -32698
-1392 -32698
-1392 -32698
-1392 -32698
-1424 -32697
-1424 -32697
-1424 -32697
-1424 -32697
-1424 -32697
-1424 -32697
-1424 -32697
-1424 -32697
-1424 -32697
-1424 -32697
-1456 -32695
-1456 -32695
-1456 -32695
-1456 -32695
-1456 -32695
-1456 -32695
-1456 -32695
-1456 -32695
-1456 -32695
-1456 -32695
-1487 -32694
-1487 -32694
-1487 -32694
-1487 -32694
-1487 -32694
-1487 -32694
-1487 -32694
-1487 -32694
-1487 -32694
-1487 -32694
-1519 -32692
-1519 -32692
-1519 -32692
-1519 -32692
-1519 -32692
-1519 -32692
-1519 -32692
-1519 -32692
-1519 -32692
-1519 -32692
-1519 -32692
-1551 -32691
-1551 -32691
-1551 -32691
-1551 -32691
-1551 -32691
-1551 -32691
-1551 -32691
-1551 -32691
-1551 -32691
-1551 -32691
-1583 -32689
-1583 -32689
-1583 -32689
-1583 -32689
-1583 -32689
-1583 -32689
-1583 -32689
-1583 -32689
-1583 -32689
-1583 -32689
-1615 -32688
-1615 -32688
-1598 -32688
-1598 -32688
-1598 -32688
-1629 -32687
-1629 -32687
-1629 -32687
-1629 -32687
-1629 -32687
-1629 -32687
-1629 -32687
-1629 -32687
-1629 -32687
-1629 -32687
-1661 -32685
-1661 -32685
-1661 -32685
-1661 -32685
-1661 -32685
-1661 -32685
-1661 -32685
-1661 -32685
-1661 -32685
-1661 -32685
-1693 -32684
-1693 -32684
-1693 -32684
-1693 -32684
-1693 -32684
-1693 -32684
-1693 -32684
-1693 -32684
-1693 -32684
-1693 -32684
-1725 -32682
-1725 -32682
-1725 -32682
-1725 -32682
-1725 -32682
-1725 -32682
-1725 -32682
-1725 -32682
-1725 -32682
-1725 -32682
-1725 -32682
-1757 -32681
-1757 -32681
-1757 -32681
-1757 -32681
-1757 -32681
-1757 -32681
-1757 -32681
-1757 -32681
-1757 -32681
-1757 -32681
-1789 -32679
-1789 -32679
-1789 -32679
-1789 -32679
-1789 -32679
-1789 -32679
-1789 -32679
-1789 -32679
-1789 -32679
-1789 -32679
-1819 -32678
-1819 -32678
-1819 -32678
-1819 -32678
-1819 -32678
-1819 -32678
-1819 -32678
-1819 -32678
-1819 -32678
-1819 -32678
-1852 -32676
-1852 -32676
-1852 -32676
-1852 -32676
-1852 -32676
-1852 -32676
-1852 -32676
-1852 -32676
-1852 -32676
-1852 -32676
-1884 -32674
-1884 -32674
-1884 -32674
-1884 -32674
-1884 -32674
-1884 -32674
-1884 -32674
-1884 -32674
-1884 -32674
-1884 -32674
-1916 -32672
-1916 -32672
-1916 -32672
-1916 -32672
-1916 -32672
-1916 -32672
-1916 -32672
-1916 -32672
-1916 -32672
-1916 -32672
-1947 -32670
-1947 -32670
-1947 -32670
-1947 -32670
-1947 -32670
-1947 -32670
-1947 -32670
-1947 -32670
-1947 -32670
-1947 -32670
-1980 -32669
-1980 -32669
-1980 -32669
-1980 -32669
-1980 -32669
-1980 -32669
-1980 -32669
-1980 -32669
-1980 -32669
-1980 -32669
-1980 -32669
-2011 -32667
-2011 -32667
-2011 -32667
-2004 -32676
-2004 -32676
-2004 -32676
-2004 -32676
-2036 -32675
-2036 -32675
-2036 -32675
-2036 -32675
-2036 -32675
-2036 -32675
-2036 -32675
-2036 -32675
-2036 -32675
-2036 -32675
-2068 -32672
-2068 -32672
-2068 -32672
-2068 -32672
-2068 -32672
-2068 -32672
-2068 -32672
-2068 -32672
-2068 -32672
-2068 -32672
-2068 -32672
-2100 -32670
-2100 -32670
-2100 -32670
-2100 -32670
-2100 -32670
-2100 -32670
-2100 -32670
-2100 -32670
-2100 -32670
-2100 -32670
-2132 -32668
-2132 -32668
-2132 -32668
-2132 -32668
-2132 -32668
-2132 -32668
-2132 -32668
-2132 -32668
-2132 -32668
-2132 -32668
-2163 -32666
-2163 -32666
-2163 -32666
-2163 -32666
-2163 -32666
-2163 -32666
-2163 -32666
-2163 -32666
-2163 -32666
-2163 -32666
-2196 -32664
-2196 -32664
-2196 -32664
-2196 -32664
-2196 -32664
-2196 -32664
-2196 -32664
-2196 -32664
-2196 -32664
-2196 -32664
-2228 -32661
-2228 -32661
-2228 -32661
-2228 -32661
-2228 -32661
-2228 -32661
-2228 -32661
-2228 -32661
-2228 -32661
-2228 -32661
-2259 -32659
-2259 -32659
-2259 -32659
-2259 -32659
-2259 -32659
-2259 -32659
-2259 -32659
-2259 -32659
-2259 -32659
-2259 -32659
-2290 -32657
-2290 -32657
-2290 -32657
-2290 -32657
-2290 -32657
-2290 -32657
-2290 -32657
-2290 -32657
-2290 -32657
-2290 -32657
-2322 -32654
-2322 -32654
-2322 -32654
-2322 -32654
-2322 -32654
-2322 -32654
-2322 -32654
-2322 -32654
-2322 -32654
-2322 -32654
-2322 -32654
-2354 -32652
-2354 -32652
-2354 -32652
-2354 -32652
-2354 -32652
-2354 -32652
-2354 -32652
-2354 -32652
-2354 -32652
-2354 -32652
-2386 -32650
-2386 -32650
-2386 -32650
-2386 -32650
-2386 -32650
-2386 -32650
-2386 -32650
-2386 -32650
-2386 -32650
-2386 -32650
-2418 -32647
-2418 -32647
-2401 -32649
-2401 -32649
-2401 -32649
-2432 -32646
-2432 -32646
-2432 -32646
-2432 -32646
-2432 -32646
-2432 -32646
-2432 -32646
-2432 -32646
-2432 -32646
-2432 -32646
-2464 -32644
-2464 -32644
-2464 -32644
-2464 -32644
-2464 -32644
-2464 -32644
-2464 -32644
-2464 -32644
-2464 -32644
-2464 -32644
-2496 -32642
-2496 -32642
-2496 -32642
-2496 -32642
-2496 -32642
-2496 -32642
-2496 -32642
-2496 -32642
-2496 -32642
-2496 -32642
-2527 -32639
-2527 -32639
-2527 -32639
-2527 -32639
-2527 -32639
-2527 -32639
-2527 -32639
-2527 -32639
-2527 -32639
-2527 -32639
-2527 -32639
-2559 -32637
-2559 -32637
-2559 -32637
-2559 -32637
-2559 -32637
-2559 -32637
-2559 -32637
-2559 -32637
-2559 -32637
-2559 -32637
-2591 -32635
-2591 -32635
-2591 -32635
-2591 -32635
-2591 -32635
-2591 -32635
-2591 -32635
-2591 -32635
-2591 -32635
-2591 -32635
-2622 -32632
-2622 -32632
-2622 -32632
-2622 -32632
-2622 -32632
-2622 -32632
-2622 -32632
-2622 -32632
-2622 -32632
-2622 -32632
-2655 -32630
-2655 -32630
-2655 -32630
-2655 -32630
-2655 -32630
-2655 -32630
-2655 -32630
-2655 -32630
-2655 -32630
-2655 -32630
-2687 -32627
-2687 -32627
-2687 -32627
-2687 -32627
-2687 -32627
-2687 -32627
-2687 -32627
-2687 -32627
-2687 -32627
-2687 -32627
-2719 -32624
-2719 -32624
-2719 -32624
-2719 -32624
-2719 -32624
-2719 -32624
-2719 -32624
-2719 -32624
-2719 -32624
-2719 -32624
-2750 -32622
-2750 -32622
-2750 -32622
-2750 -32622
-2750 -32622
-2750 -32622
-2750 -32622
-2750 -32622
-2750 -32622
-2750 -32622
-2782 -32619
-2782 -32619
-2782 -32619
-2782 -32619
-2782 -32619
-2782 -32619
-2782 -32619
-2782 -32619
-2782 -32619
-2782 -32619
-2782 -32619
-2813 -32617
-2813 -32617
-2813 -32617
-2808 -32647
-2808 -32647
-2808 -32647
-2808 -32647
-2840 -32645
-2840 -32645
-2840 -32645
-2840 -32645
-2840 -32645
-2840 -32645
-2840 -32645
-2840 -32645
-2840 -32645
-2840 -32645
-2871 -32642
-2871 -32642
-2871 -32642
-2871 -32642
-2871 -32642
-2871 -32642
-2871 -32642
-2871 -32642
-2871 -32642
-2871 -32642
-2871 -32642
-2903 -32638
-2903 -32638
-2903 -32638
-2903 -32638
-2903 -32638
-2903 -32638
-2903 -32638
-2903 -32638
-2903 -32638
-2903 -32638
-2935 -32636
-2935 -32636
-2935 -32636
-2935 -32636
-2935 -32636
-2935 -32636
-2935 -32636
-2935 -32636
-2935 -32636
-2935 -32636
-2966 -32633
-2966 -32633
-2966 -32633
-2966 -32633
-2966 -32633
-2966 -32633
-2966 -32633
-2966 -32633
-2966 -32633
-2966 -32633
-2999 -32630
-2999 -32630
-2999 -32630
-2999 -32630
-2999 -32630
-2999 -32630
-2999 -32630
-2999 -32630
-2999 -32630
-2999 -32630
-3031 -32627
-3031 -32627
-3031 -32627
-3031 -32627
-3031 -32627
-3031 -32627
-3031 -32627
-3031 -32627
-3031 -32627
-3031 -32627
-3063 -32624
-3063 -32624
-3063 -32624
-3063 -32624
-3063 -32624
-3063 -32624
-3063 -32624
-3063 -32624
-3063 -32624
-3063 -32624
-3093 -32621
-3093 -32621
-3093 -32621
-3093 -32621
-3093 -32621
-3093 -32621
-3093 -32621
-3093 -32621
-3093 -32621
-3093 -32621
-3125 -32618
-3125 -32618
-3125 -32618
-3125 -32618
-3125 -32618
-3125 -32618
-3125 -32618
-3125 -32618
-3125 -32618
-3125 -32618
-3125 -32618
-3157 -32614
-3157 -32614
-3157 -32614
-3157 -32614
-3157 -32614
-3157 -32614
-3157 -32614
-3157 -32614
-3157 -32614
-3157 -32614
-3189 -32611
-3189 -32611
-3189 -32611
-3189 -32611
-3189 -32611
-3189 -32611
-3189 -32611
-3189 -32611
-3189 -32611
-3189 -32611
-3221 -32608
-3221 -32608
-3204 -32610
-3204 -32610
-3204 -32610
-3235 -32607
-3235 -32607
-3235 -32607
-3235 -32607
-3235 -32607
-3235 -32607
-3235 -32607
-3235 -32607
-3235 -32607
-3235 -32607
-3267 -32604
-3267 -32604
-3267 -32604
-3267 -32604
-3267 -32604
-3267 -32604
-3267 -32604
-3267 -32604
-3267 -32604
-3267 -32604
-3298 -32600
-3298 -32600
-3298 -32600
-3298 -32600
-3298 -32600
-3298 -32600
-3298 -32600
-3298 -32600
-3298 -32600
-3298 -32600
-3330 -32597
-3330 -32597
-3330 -32597
-3330 -32597
-3330 -32597
-3330 -32597
-3330 -32597
-3330 -32597
-3330 -32597
-3330 -32597
-3330 -32597
-3362 -32594
-3362 -32594
-3362 -32594
-3362 -32594
-3362 -32594
-3362 -32594
-3362 -32594
-3362 -32594
-3362 -32594
-3362 -32594
-3394 -32591
-3394 -32591
-3394 -32591
-3394 -32591
-3394 -32591
-3394 -32591
-3394 -32591
-3394 -32591
-3394 -32591
-3394 -32591
-3425 -32588
-3425 -32588
-3425 -32588
-3425 -32588
-3425 -32588
-3425 -32588
-3425 -32588
-3425 -32588
-3425 -32588
-3425 -32588
-3458 -32585
-3458 -32585
-3458 -32585
-3458 -32585
-3458 -32585
-3458 -32585
-3458 -32585
-3458 -32585
-3458 -32585
-3458 -32585
-3490 -32582
-3490 -32582
-3490 -32582
-3490 -32582
-3490 -32582
-3490 -32582
-3490 -32582
-3490 -32582
-3490 -32582
-3490 -32582
-3521 -32578
-3521 -32578
-3521 -32578
-3521 -32578
-3521 -32578
-3521 -32578
-3521 -32578
-3521 -32578
-3521 -32578
-3521 -32578
-3552 -32574
-3552 -32574
-3552 -32574
-3552 -32574
-3552 -32574
-3552 -32574
-3552 -32574
-3552 -32574
-3552 -32574
-3552 -32574
-3585 -32571
-3585 -32571
-3585 -32571
-3585 -32571
-3585 -32571
-3585 -32571
-3585 -32571
-3585 -32571
-3585 -32571
-3585 -32571
-3585 -32571
-3616 -32568
-3616 -32568
-3616 -32568
-3604 -32539
-3604 -32539
-3604 -32539
-3604 -32539
-3636 -32536
-3636 -32536
-3636 -32536
-3636 -32536
-3636 -32536
-3636 -32536
-3636 -32536
-3636 -32536
-3636 -32536
-3636 -32536
-3668 -32532
-3668 -32532
-3668 -32532
-3668 -32532
-3668 -32532
-3668 -32532
-3668 -32532
-3668 -32532
-3668 -32532
-3668 -32532
-3668 -32532
-3699 -32528
-3699 -32528
-3699 -32528
-3699 -32528
-3699 -32528
-3699 -32528
-3699 -32528
-3699 -32528
-3699 -32528
-3699 -32528
-3731 -32525
-3731 -32525
-3731 -32525
-3731 -32525
-3731 -32525
-3731 -32525
-3731 -32525
-3731 -32525
-3731 -32525
-3731 -32525
-3762 -32521
-3762 -32521
-3762 -32521
-3762 -32521
-3762 -32521
-3762 -32521
-3762 -32521
-3762 -32521
-3762 -32521
-3762 -32521
-3795 -32517
-3795 -32517
-3795 -32517
-3795 -32517
-3795 -32517
-3795 -32517
-3795 -32517
-3795 -32517
-3795 -32517
-3795 -32517
-3826 -32513
-3826 -32513
-3826 -32513
-3826 -32513
-3826 -32513
-3826 -32513
-3826 -32513
-3826 -32513
-3826 -32513
-3826 -32513
-3858 -32509
-3858 -32509
-3858 -32509
-3858 -32509
-3858 -32509
-3858 -32509
-3858 -32509
-3858 -32509
-3858 -32509
-3858 -32509
-3889 -32506
-3889 -32506
-3889 -32506
-3889 -32506
-3889 -32506
-3889 -32506
-3889 -32506
-3889 -32506
-3889 -32506
-3889 -32506
-3921 -32502
-3921 -32502
-3921 -32502
-3921 -32502
-3921 -32502
-3921 -32502
-3921 -32502
-3921 -32502
-3921 -32502
-3921 -32502
-3921 -32502
-3952 -32498
-3952 -32498
-3952 -32498
-3952 -32498
-3952 -32498
-3952 -32498
-3952 -32498
-3952 -32498
-3952 -32498
-3952 -32498
-3984 -32494
-3984 -32494
-3984 -32494
-3984 -32494
-3984 -32494
-3984 -32494
-3984 -32494
-3984 -32494
-3984 -32494
-3984 -32494
-4016 -32490
-4016 -32490
-3999 -32492
-3999 -32492
-3999 -32492
-4030 -32488
-4030 -32488
-4030 -32488
-4030 -32488
-4030 -32488
-4030 -32488
-4030 -32488
-4030 -32488
-4030 -32488
-4030 -32488
-4061 -32484
-4061 -32484
-4061 -32484
-4061 -32484
-4061 -32484
-4061 -32484
-4061 -32484
-4061 -32484
-4061 -32484
-4061 -32484
-4093 -32480
-4093 -32480
-4093 -32480
-4093 -32480
-4093 -32480
-4093 -32480
-4093 -32480
-4093 -32480
-4093 -32480
-4093 -32480
-4125 -32476
-4125 -32476
-4125 -32476
-4125 -32476
-4125 -32476
-4125 -32476
-4125 -32476
-4125 -32476
-4125 -32476
-4125 -32476
-4125 -32476
-4157 -32473
-4157 -32473
-4157 -32473
-4157 -32473
-4157 -32473
-4157 -32473
-4157 -32473
-4157 -32473
-4157 -32473
-4157 -32473
-4188 -32469
-4188 -32469
-4188 -32469
-4188 -32469
-4188 -32469
-4188 -32469
-4188 -32469
-4188 -32469
-4188 -32469
-4188 -32469
-4219 -32465
-4219 -32465
-4219 -32465
-4219 -32465
-4219 -32465
-4219 -32465
-4219 -32465
-4219 -32465
-4219 -32465
-4219 -32465
-4252 -32461
-4252 -32461
-4252 -32461
-4252 -32461
-4252 -32461
-4252 -32461
-4252 -32461
-4252 -32461
-4252 -32461
-4252 -32461
-4284 -32457
-4284 -32457
-4284 -32457
-4284 -32457
-4284 -32457
-4284 -32457
-4284 -32457
-4284 -32457
-4284 -32457
-4284 -32457
-4315 -32452
-4315 -32452
-4315 -32452
-4315 -32452
-4315 -32452
-4315 -32452
-4315 -32452
-4315 -32452
-4315 -32452
-4315 -32452
-4346 -32448
-4346 -32448
-4346 -32448
-4346 -32448
-4346 -32448
-4346 -32448
-4346 -32448
-4346 -32448
-4346 -32448
-4346 -32448
-4379 -32444
-4379 -32444
-4379 -32444
-4379 -32444
-4379 -32444
-4379 -32444
-4379 -32444
-4379 -32444
-4379 -32444
-4379 -32444
-4379 -32444
-4409 -32440
-4409 -32440
-4409 -32440
-4401 -32431
-4401 -32431
-4401 -32431
-4401 -32431
-4433 -32427
-4433 -32427
-4433 -32427
-4433 -32427
-4433 -32427
-4433 -32427
-4433 -32427
-4433 -32427
-4433 -32427
-4433 -32427
-4465 -32422
-4465 -32422
-4465 -32422
-4465 -32422
-4465 -32422
-4465 -32422
-4465 -32422
-4465 -32422
-4465 -32422
-4465 -32422
-4465 -32422
-4496 -32417
-4496 -32417
-4496 -32417
-4496 -32417
-4496 -32417
-4496 -32417
-4496 -32417
-4496 -32417
-4496 -32417
-4496 -32417
-4528 -32414
-4528 -32414
-4528 -32414
-4528 -32414
-4528 -32414
-4528 -32414
-4528 -32414
-4528 -32414
-4528 -32414
-4528 -32414
-4559 -32409
-4559 -32409
-4559 -32409
-4559 -32409
-4559 -32409
-4559 -32409
-4559 -32409
-4559 -32409
-4559 -32409
-4559 -32409
-4591 -32404
-4591 -32404
-4591 -32404
-4591 -32404
-4591 -32404
-4591 -32404
-4591 -32404
-4591 -32404
-4591 -32404
-4591 -32404
-4623 -32400
-4623 -32400
-4623 -32400
-4623 -32400
-4623 -32400
-4623 -32400
-4623 -32400
-4623 -32400
-4623 -32400
-4623 -32400
-4655 -32395
-4655 -32395
-4655 -32395
-4655 -32395
-4655 -32395
-4655 -32395
-4655 -32395
-4655 -32395
-4655 -32395
-4655 -32395
-4685 -32390
-4685 -32390
-4685 -32390
-4685 -32390
-4685 -32390
-4685 -32390
-4685 -32390
-4685 -32390
-4685 -32390
-4685 -32390
-4717 -32386
-4717 -32386
-4717 -32386
-4717 -32386
-4717 -32386
-4717 -32386
-4717 -32386
-4717 -32386
-4717 -32386
-4717 -32386
-4717 -32386
-4749 -32381
-4749 -32381
-4749 -32381
-4749 -32381
-4749 -32381
-4749 -32381
-4749 -32381
-4749 -32381
-4749 -32381
-4749 -32381
-4780 -32376
-4780 -32376
-4780 -32376
-4780 -32376
-4780 -32376
-4780 -32376
-4780 -32376
-4780 -32376
-4780 -32376
-4780 -32376
-4812 -32372
-4812 -32372
-4795 -32374
-4795 -32374
-4795 -32374
-4826 -32370
-4826 -32370
-4826 -32370
-4826 -32370
-4826 -32370
-4826 -32370
-4826 -32370
-4826 -32370
-4826 -32370
-4826 -32370
-4857 -32365
-4857 -32365
-4857 -32365
-4857 -32365
-4857 -32365
-4857 -32365
-4857 -32365
-4857 -32365
-4857 -32365
-4857 -32365
-4889 -32360
-4889 -32360
-4889 -32360
-4889 -32360
-4889 -32360
-4889 -32360
-4889 -32360
-4889 -32360
-4889 -32360
-4889 -32360
-4920 -32356
-4920 -32356
-4920 -32356
-4920 -32356
-4920 -32356
-4920 -32356
-4920 -32356
-4920 -32356
-4920 -32356
-4920 -32356
-4920 -32356
-4952 -32351
-4952 -32351
-4952 -32351
-4952 -32351
-4952 -32351
-4952 -32351
-4952 -32351
-4952 -32351
-4952 -32351
-4952 -32351
-4984 -32346
-4984 -32346
-4984 -32346
-4984 -32346
-4984 -32346
-4984 -32346
-4984 -32346
-4984 -32346
-4984 -32346
-4984 -32346
-5014 -32342
-5014 -32342
-5014 -32342
-5014 -32342
-5014 -32342
-5014 -32342
-5014 -32342
-5014 -32342
-5014 -32342
-5014 -32342
-5047 -32337
-5047 -32337
-5047 -32337
-5047 -32337
-5047 -32337
-5047 -32337
-5047 -32337
-5047 -32337
-5047 -32337
-5047 -32337
-5078 -32332
-5078 -32332
-5078 -32332
-5078 -32332
-5078 -32332
-5078 -32332
-5078 -32332
-5078 -32332
-5078 -32332
-5078 -32332
-5110 -32326
-5110 -32326
-5110 -32326
-5110 -32326
-5110 -32326
-5110 -32326
-5110 -32326
-5110 -32326
-5110 -32326
-5110 -32326
-5141 -32322
-5141 -32322
-5141 -32322
-5141 -32322
-5141 -32322
-5141 -32322
-5141 -32322
-5141 -32322
-5141 -32322
-5141 -32322
-5173 -32317
-5173 -32317
-5173 -32317
-5173 -32317
-5173 -32317
-5173 -32317
-5173 -32317
-5173 -32317
-5173 -32317
-5173 -32317
-5173 -32317
-5204 -32313
-5204 -32313
-5204 -32313
-5198 -32322
-5198 -32322
-5198 -32322
-5198 -32322
-5230 -32318
-5230 -32318
-5230 -32318
-5230 -32318
-5230 -32318
-5230 -32318
-5230 -32318
-5230 -32318
-5230 -32318
-5230 -32318
-5261 -32312
-5261 -32312
-5261 -32312
-5261 -32312
-5261 -32312
-5261 -32312
-5261 -32312
-5261 -32312
-5261 -32312
-5261 -32312
-5261 -32312
-5293 -32307
-5293 -32307
-5293 -32307
-5293 -32307
-5293 -32307
-5293 -32307
-5293 -32307
-5293 -32307
-5293 -32307
-5293 -32307
-5324 -32303
-5324 -32303
-5324 -32303
-5324 -32303
-5324 -32303
-5324 -32303
-5324 -32303
-5324 -32303
-5324 -32303
-5324 -32303
-5355 -32297
-5355 -32297
-5355 -32297
-5355 -32297
-5355 -32297
-5355 -32297
-5355 -32297
-5355 -32297
-5355 -32297
-5355 -32297
-5387 -32292
-5387 -32292
-5387 -32292
-5387 -32292
-5387 -32292
-5387 -32292
-5387 -32292
-5387 -32292
-5387 -32292
-5387 -32292
-5419 -32286
-5419 -32286
-5419 -32286
-5419 -32286
-5419 -32286
-5419 -32286
-5419 -32286
-5419 -32286
-5419 -32286
-5419 -32286
-5450 -32281
-5450 -32281
-5450 -32281
-5450 -32281
-5450 -32281
-5450 -32281
-5450 -32281
-5450 -32281
-5450 -32281
-5450 -32281
-5481 -32275
-5481 -32275
-5481 -32275
-5481 -32275
-5481 -32275
-5481 -32275
-5481 -32275
-5481 -32275
-5481 -32275
-5481 -32275
-5512 -32270
-5512 -32270
-5512 -32270
-5512 -32270
-5512 -32270
-5512 -32270
-5512 -32270
-5512 -32270
-5512 -32270
-5512 -32270
-5512 -32270
-5544 -32264
-5544 -32264
-5544 -32264
-5544 -32264
-5544 -32264
-5544 -32264
-5544 -32264
-5544 -32264
-5544 -32264
-5544 -32264
-5575 -32259
-5575 -32259
-5575 -32259
-5575 -32259
-5575 -32259
-5575 -32259
-5575 -32259
-5575 -32259
-5575 -32259
-5575 -32259
-5607 -32253
-5607 -32253
-5590 -32256
-5590 -32256
-5590 -32256
-5620 -32251
-5620 -32251
-5620 -32251
-5620 -32251
-5620 -32251
-5620 -32251
-5620 -32251
-5620 -32251
-5620 -32251
-5620 -32251
-5652 -32246
-5652 -32246
-5652 -32246
-5652 -32246
-5652 -32246
-5652 -32246
-5652 -32246
-5652 -32246
-5652 -32246
-5652 -32246
-5683 -32240
-5683 -32240
-5683 -32240
-5683 -32240
-5683 -32240
-5683 -32240
-5683 -32240
-5683 -32240
-5683 -32240
-5683 -32240
-5715 -32235
-5715 -32235
-5715 -32235
-5715 -32235
-5715 -32235
-5715 -32235
-5715 -32235
-5715 -32235
-5715 -32235
-5715 -32235
-5715 -32235
-5746 -32229
-5746 -32229
-5746 -32229
-5746 -32229
-5746 -32229
-5746 -32229
-5746 -32229
-5746 -32229
-5746 -32229
-5746 -32229
-5778 -32224
-5778 -32224
-5778 -32224
-5778 -32224
-5778 -32224
-5778 -32224
-5778 -32224
-5778 -32224
-5778 -32224
-5778 -32224
-5808 -32218
-5808 -32218
-5808 -32218
-5808 -32218
-5808 -32218
-5808 -32218
-5808 -32218
-5808 -32218
-5808 -32218
-5808 -32218
-5841 -32213
-5841 -32213
-5841 -32213
-5841 -32213
-5841 -32213
-5841 -32213
-5841 -32213
-5841 -32213
-5841 -32213
-5841 -32213
-5872 -32207
-5872 -32207
-5872 -32207
-5872 -32207
-5872 -32207
-5872 -32207
-5872 -32207
-5872 -32207
-5872 -32207
-5872 -32207
-5904 -32201
-5904 -32201
-5904 -32201
-5904 -32201
-5904 -32201
-5904 -32201
-5904 -32201
-5904 -32201
-5904 -32201
-5904 -32201
-5934 -32196
-5934 -32196
-5934 -32196
-5934 -32196
-5934 -32196
-5934 -32196
-5934 -32196
-5934 -32196
-5934 -32196
-5934 -32196
-5967 -32190
-5967 -32190
-5967 -32190
-5967 -32190
-5967 -32190
-5967 -32190
-5967 -32190
-5967 -32190
-5967 -32190
-5967 -32190
-5967 -32190
-5997 -32185
-5997 -32185
-5997 -32185
-5994 -32214
-5994 -32214
-5994 -32214
-5994 -32214
-6026 -32209
-6026 -32209
-6026 -32209
-6026 -32209
-6026 -32209
-6026 -32209
-6026 -32209
-6026 -32209
-6026 -32209
-6026 -32209
-6057 -32203
-6057 -32203
-6057 -32203
-6057 -32203
-6057 -32203
-6057 -32203
-6057 -32203
-6057 -32203
-6057 -32203
-6057 -32203
-6057 -32203
-6089 -32197
-6089 -32197
-6089 -32197
-6089 -32197
-6089 -32197
-6089 -32197
-6089 -32197
-6089 -32197
-6089 -32197
-6089 -32197
-6120 -32191
-6120 -32191
-6120 -32191
-6120 -32191
-6120 -32191
-6120 -32191
-6120 -32191
-6120 -32191
-6120 -32191
-6120 -32191
-6151 -32185
-6151 -32185
-6151 -32185
-6151 -32185
-6151 -32185
-6151 -32185
-6151 -32185
-6151 -32185
-6151 -32185
-6151 -32185
-6183 -32179
-6183 -32179
-6183 -32179
-6183 -32179
-6183 -32179
-6183 -32179
-6183 -32179
-6183 -32179
-6183 -32179
-6183 -32179
-6214 -32173
-6214 -32173
-6214 -32173
-6214 -32173
-6214 -32173
-6214 -32173
-6214 -32173
-6214 -32173
-6214 -32173
-6214 -32173
-6246 -32166
-6246 -32166
-6246 -32166
-6246 -32166
-6246 -32166
-6246 -32166
-6246 -32166
-6246 -32166
-6246 -32166
-6246 -32166
-6276 -32160
-6276 -32160
-6276 -32160
-6276 -32160
-6276 -32160
-6276 -32160
-6276 -32160
-6276 -32160
-6276 -32160
-6276 -32160
-6307 -32154
-6307 -32154
-6307 -32154
-6307 -32154
-6307 -32154
-6307 -32154
-6307 -32154
-6307 -32154
-6307 -32154
-6307 -32154
-6307 -32154
-6339 -32148
-6339 -32148
-6339 -32148
-6339 -32148
-6339 -32148
-6339 -32148
-6339 -32148
-6339 -32148
-6339 -32148
-6339 -32148
-6370 -32142
-6370 -32142
-6370 -32142
-6370 -32142
-6370 -32142
-6370 -32142
-6370 -32142
-6370 -32142
-6370 -32142
-6370 -32142
-6402 -32135
-6402 -32135
-6385 -32139
-6385 -32139
-6385 -32139
-6415 -32133
-6415 -32133
-6415 -32133
-6415 -32133
-6415 -32133
-6415 -32133
-6415 -32133
-6415 -32133
-6415 -32133
-6415 -32133
-6447 -32126
-6447 -32126
-6447 -32126
-6447 -32126
-6447 -32126
-6447 -32126
-6447 -32126
-6447 -32126
-6447 -32126
-6447 -32126
-6478 -32120
-6478 -32120
-6478 -32120
-6478 -32120
-6478 -32120
-6478 -32120
-6478 -32120
-6478 -32120
-6478 -32120
-6478 -32120
-6510 -32114
-6510 -32114
-6510 -32114
-6510 -32114
-6510 -32114
-6510 -32114
-6510 -32114
-6510 -32114
-6510 -32114
-6510 -32114
-6510 -32114
-6541 -32108
-6541 -32108
-6541 -32108
-6541 -32108
-6541 -32108
-6541 -32108
-6541 -32108
-6541 -32108
-6541 -32108
-6541 -32108
-6572 -32101
-6572 -32101
-6572 -32101
-6572 -32101
-6572 -32101
-6572 -32101
-6572 -32101
-6572 -32101
-6572 -32101
-6572 -32101
-6603 -32095
-6603 -32095
-6603 -32095
-6603 -32095
-6603 -32095
-6603 -32095
-6603 -32095
-6603 -32095
-6603 -32095
-6603 -32095
-6635 -32089
-6635 -32089
-6635 -32089
-6635 -32089
-6635 -32089
-6635 -32089
-6635 -32089
-6635 -32089
-6635 -32089
-6635 -32089
-6666 -32083
-6666 -32083
-6666 -32083
-6666 -32083
-6666 -32083
-6666 -32083
-6666 -32083
-6666 -32083
-6666 -32083
-6666 -32083
-6698 -32075
-6698 -32075
-6698 -32075
-6698 -32075
-6698 -32075
-6698 -32075
-6698 -32075
-6698 -32075
-6698 -32075
-6698 -32075
-6728 -32069
-6728 -32069
-6728 -32069
-6728 -32069
-6728 -32069
-6728 -32069
-6728 -32069
-6728 -32069
-6728 -32069
-6728 -32069
-6760 -32063
-6760 -32063
-6760 -32063
-6760 -32063
-6760 -32063
-6760 -32063
-6760 -32063
-6760 -32063
-6760 -32063
-6760 -32063
-6760 -32063
-6791 -32057
-6791 -32057
-6791 -32057
-6777 -32029
-6777 -32029
-6777 -32029
-6777 -32029
-6808 -32023
-6808 -32023
-6808 -32023
-6808 -32023
-6808 -32023
-6808 -32023
-6808 -32023
-6808 -32023
-6808 -32023
-6808 -32023
-6839 -32016
-6839 -32016
-6839 -32016
-6839 -32016
-6839 -32016
-6839 -32016
-6839 -32016
-6839 -32016
-6839 -32016
-6839 -32016
-6839 -32016
-6870 -32009
-6870 -32009
-6870 -32009
-6870 -32009
-6870 -32009
-6870 -32009
-6870 -32009
-6870 -32009
-6870 -32009
-6870 -32009
-6902 -32003
-6902 -32003
-6902 -32003
-6902 -32003
-6902 -32003
-6902 -32003
-6902 -32003
-6902 -32003
-6902 -32003
-6902 -32003
-6932 -31996
-6932 -31996
-6932 -31996
-6932 -31996
-6932 -31996
-6932 -31996
-6932 -31996
-6932 -31996
-6932 -31996
-6932 -31996
-6964 -31989
-6964 -31989
-6964 -31989
-6964 -31989
-6964 -31989
-6964 -31989
-6964 -31989
-6964 -31989
-6964 -31989
-6964 -31989
-6995 -31982
-6995 -31982
-6995 -31982
-6995 -31982
-6995 -31982
-6995 -31982
-6995 -31982
-6995 -31982
-6995 -31982
-6995 -31982
-7027 -31975
-7027 -31975
-7027 -31975
-7027 -31975
-7027 -31975
-7027 -31975
-7027 -31975
-7027 -31975
-7027 -31975
-7027 -31975
-7057 -31968
-7057 -31968
-7057 -31968
-7057 -31968
-7057 -31968
-7057 -31968
-7057 -31968
-7057 -31968
-7057 -31968
-7057 -31968
-7088 -31961
-7088 -31961
-7088 -31961
-7088 -31961
-7088 -31961
-7088 -31961
-7088 -31961
-7088 -31961
-7088 -31961
-7088 -31961
-7088 -31961
-7119 -31954
-7119 -31954
-7119 -31954
-7119 -31954
-7119 -31954
-7119 -31954
-7119 -31954
-7119 -31954
-7119 -31954
-7119 -31954
-7150 -31947
-7150 -31947
-7150 -31947
-7150 -31947
-7150 -31947
-7150 -31947
-7150 -31947
-7150 -31947
-7150 -31947
-7150 -31947
-7182 -31940
-7182 -31940
-7165 -31944
-7165 -31944
-7165 -31944
-7195 -31937
-7195 -31937
-7195 -31937
-7195 -31937
-7195 -31937
-7195 -31937
-7195 -31937
-7195 -31937
-7195 -31937
-7195 -31937
-7226 -31930
-7226 -31930
-7226 -31930
-7226 -31930
-7226 -31930
-7226 -31930
-7226 -31930
-7226 -31930
-7226 -31930
-7226 -31930
-7258 -31923
-7258 -31923
-7258 -31923
-7258 -31923
-7258 -31923
-7258 -31923
-7258 -31923
-7258 -31923
-7258 -31923
-7258 -31923
-7289 -31916
-7289 -31916
-7289 -31916
-7289 -31916
-7289 -31916
-7289 -31916
-7289 -31916
-7289 -31916
-7289 -31916
-7289 -31916
-7289 -31916
-7320 -31909
-7320 -31909
-7320 -31909
-7320 -31909
-7320 -31909
-7320 -31909
-7320 -31909
-7320 -31909
-7320 -31909
-7320 -31909
-7351 -31902
-7351 -31902
-7351 -31902
-7351 -31902
-7351 -31902
-7351 -31902
-7351 -31902
-7351 -31902
-7351 -31902
-7351 -31902
-7381 -31895
-7381 -31895
-7381 -31895
-7381 -31895
-7381 -31895
-7381 -31895
-7381 -31895
-7381 -31895
-7381 -31895
-7381 -31895
-7414 -31888
-7414 -31888
-7414 -31888
-7414 -31888
-7414 -31888
-7414 -31888
-7414 -31888
-7414 -31888
-7414 -31888
-7414 -31888
-7445 -31881
-7445 -31881
-7445 -31881
-7445 -31881
-7445 -31881
-7445 -31881
-7445 -31881
-7445 -31881
-7445 -31881
-7445 -31881
-7476 -31873
-7476 -31873
-7476 -31873
-7476 -31873
-7476 -31873
-7476 -31873
-7476 -31873
-7476 -31873
-7476 -31873
-7476 -31873
-7506 -31866
-7506 -31866
-7506 -31866
-7506 -31866
-7506 -31866
-7506 -31866
-7506 -31866
-7506 -31866
-7506 -31866
-7506 -31866
-7538 -31859
-7538 -31859
-7538 -31859
-7538 -31859
-7538 -31859
-7538 -31859
-7538 -31859
-7538 -31859
-7538 -31859
-7538 -31859
-7538 -31859
-7568 -31852
-7568 -31852
-7568 -31852
-7559 -31844
-7559 -31844
-7559 -31844
-7559 -31844
-7590 -31837
-7590 -31837
-7590 -31837
-7590 -31837
-7590 -31837
-7590 -31837
-7590 -31837
-7590 -31837
-7590 -31837
-7590 -31837
-7621 -31829
-7621 -31829
-7621 -31829
-7621 -31829
-7621 -31829
-7621 -31829
-7621 -31829
-7621 -31829
-7621 -31829
-7621 -31829
-7621 -31829
-7652 -31821
-7652 -31821
-7652 -31821
-7652 -31821
-7652 -31821
-7652 -31821
-7652 -31821
-7652 -31821
-7652 -31821
-7652 -31821
-7683 -31815
-7683 -31815
-7683 -31815
-7683 -31815
-7683 -31815
-7683 -31815
-7683 -31815
-7683 -31815
-7683 -31815
-7683 -31815
-7713 -31807
-7713 -31807
-7713 -31807
-7713 -31807
-7713 -31807
-7713 -31807
-7713 -31807
-7713 -31807
-7713 -31807
-7713 -31807
-7745 -31799
-7745 -31799
-7745 -31799
-7745 -31799
-7745 -31799
-7745 -31799
-7745 -31799
-7745 -31799
-7745 -31799
-7745 -31799
-7776 -31791
-7776 -31791
-7776 -31791
-7776 -31791
-7776 -31791
-7776 -31791
-7776 -31791
-7776 -31791
-7776 -31791
-7776 -31791
-7807 -31783
-7807 -31783
-7807 -31783
-7807 -31783
-7807 -31783
-7807 -31783
-7807 -31783
-7807 -31783
-7807 -31783
-7807 -31783
-7837 -31776
-7837 -31776
-7837 -31776
-7837 -31776
-7837 -31776
-7837 -31776
-7837 -31776
-7837 -31776
-7837 -31776
-7837 -31776
-7868 -31768
-7868 -31768
-7868 -31768
-7868 -31768
-7868 -31768
-7868 -31768
-7868 -31768
-7868 -31768
-7868 -31768
-7868 -31768
-7868 -31768
-7899 -31760
-7899 -31760
-7899 -31760
-7899 -31760
-7899 -31760
-7899 -31760
-7899 -31760
-7899 -31760
-7899 -31760
-7899 -31760
-7930 -31753
-7930 -31753
-7930 -31753
-7930 -31753
-7930 -31753
-7930 -31753
-7930 -31753
-7930 -31753
-7930 -31753
-7930 -31753
-7961 -31745
-7961 -31745
-7945 -31749
-7945 -31749
-7945 -31749
-7975 -31741
-7975 -31741
-7975 -31741
-7975 -31741
-7975 -31741
-7975 -31741
-7975 -31741
-7975 -31741
-7975 -31741
-7975 -31741
-8006 -31734
-8006 -31734
-8006 -31734
-8006 -31734
-8006 -31734
-8006 -31734
-8006 -31734
-8006 -31734
-8006 -31734
-8006 -31734
-8037 -31726
-8037 -31726
-8037 -31726
-8037 -31726
-8037 -31726
-8037 -31726
-8037 -31726
-8037 -31726
-8037 -31726
-8037 -31726
-8068 -31718
-8068 -31718
-8068 -31718
-8068 -31718
-8068 -31718
-8068 -31718
-8068 -31718
-8068 -31718
-8068 -31718
-8068 -31718
-8068 -31718
-8099 -31710
-8099 -31710
-8099 -31710
-8099 -31710
-8099 -31710
-8099 -31710
-8099 -31710
-8099 -31710
-8099 -31710
-8099 -31710
-8130 -31703
-8130 -31703
-8130 -31703
-8130 -31703
-8130 -31703
-8130 -31703
-8130 -31703
-8130 -31703
-8130 -31703
-8130 -31703
-8160 -31695
-8160 -31695
-8160 -31695
-8160 -31695
-8160 -31695
-8160 -31695
-8160 -31695
-8160 -31695
-8160 -31695
-8160 -31695
-8192 -31687
-8192 -31687
-8192 -31687
-8192 -31687
-8192 -31687
-8192 -31687
-8192 -31687
-8192 -31687
-8192 -31687
-8192 -31687
-8223 -31679
-8223 -31679
-8223 -31679
-8223 -31679
-8223 -31679
-8223 -31679
-8223 -31679
-8223 -31679
-8223 -31679
-8223 -31679
-8254 -31671
-8254 -31671
-8254 -31671
-8254 -31671
-8254 -31671
-8254 -31671
-8254 -31671
-8254 -31671
-8254 -31671
-8254 -31671
-8284 -31663
-8284 -31663
-8284 -31663
-8284 -31663
-8284 -31663
-8284 -31663
-8284 -31663
-8284 -31663
-8284 -31663
-8284 -31663
-8316 -31655
-8316 -31655
-8316 -31655
-8316 -31655
-8316 -31655
-8316 -31655
-8316 -31655
-8316 -31655
-8316 -31655
-8316 -31655
-8316 -31655
-8346 -31648
-8346 -31648
-8346 -31648
-8340 -31657
-8340 -31657
-8340 -31657
-8340 -31657
-8371 -31650
-8371 -31650
-8371 -31650
-8371 -31650
-8371 -31650
-8371 -31650
-8371 -31650
-8371 -31650
-8371 -31650
-8371 -31650
-8402 -31641
-8402 -31641
-8402 -31641
-8402 -31641
-8402 -31641
-8402 -31641
-8402 -31641
-8402 -31641
-8402 -31641
-8402 -31641
-8402 -31641
-8433 -31633
-8433 -31633
-8433 -31633
-8433 -31633
-8433 -31633
-8433 -31633
-8433 -31633
-8433 -31633
-8433 -31633
-8433 -31633
-8464 -31625
-8464 -31625
-8464 -31625
-8464 -31625
-8464 -31625
-8464 -31625
-8464 -31625
-8464 -31625
-8464 -31625
-8464 -31625
-8494 -31617
-8494 -31617
-8494 -31617
-8494 -31617
-8494 -31617
-8494 -31617
-8494 -31617
-8494 -31617
-8494 -31617
-8494 -31617
-8526 -31608
-8526 -31608
-8526 -31608
-8526 -31608
-8526 -31608
-8526 -31608
-8526 -31608
-8526 -31608
-8526 -31608
-8526 -31608
-8556 -31600
-8556 -31600
-8556 -31600
-8556 -31600
-8556 -31600
-8556 -31600
-8556 -31600
-8556 -31600
-8556 -31600
-8556 -31600
-8587 -31591
-8587 -31591
-8587 -31591
-8587 -31591
-8587 -31591
-8587 -31591
-8587 -31591
-8587 -31591
-8587 -31591
-8587 -31591
-8617 -31583
-8617 -31583
-8617 -31583
-8617 -31583
-8617 -31583
-8617 -31583
-8617 -31583
-8617 -31583
-8617 -31583
-8617 -31583
-8648 -31574
-8648 -31574
-8648 -31574
-8648 -31574
-8648 -31574
-8648 -31574
-8648 -31574
-8648 -31574
-8648 -31574
-8648 -31574
-8648 -31574
-8679 -31566
-8679 -31566
-8679 -31566
-8679 -31566
-8679 -31566
-8679 -31566
-8679 -31566
-8679 -31566
-8679 -31566
-8679 -31566
-8710 -31557
-8710 -31557
-8710 -31557
-8710 -31557
-8710 -31557
-8710 -31557
-8710 -31557
-8710 -31557
-8710 -31557
-8710 -31557
-8740 -31549
-8740 -31549
-8724 -31553
-8724 -31553
-8724 -31553
-8754 -31545
-8754 -31545
-8754 -31545
-8754 -31545
-8754 -31545
-8754 -31545
-8754 -31545
-8754 -31545
-8754 -31545
-8754 -31545
-8785 -31536
-8785 -31536
-8785 -31536
-8785 -31536
-8785 -31536
-8785 -31536
-8785 -31536
-8785 -31536
-8785 -31536
-8785 -31536
-8816 -31528
-8816 -31528
-8816 -31528
-8816 -31528
-8816 -31528
-8816 -31528
-8816 -31528
-8816 -31528
-8816 -31528
-8816 -31528
-8846 -31519
-8846 -31519
-8846 -31519
-8846 -31519
-8846 -31519
-8846 -31519
-8846 -31519
-8846 -31519
-8846 -31519
-8846 -31519
-8846 -31519
-8877 -31511
-8877 -31511
-8877 -31511
-8877 -31511
-8877 -31511
-8877 -31511
-8877 -31511
-8877 -31511
-8877 -31511
-8877 -31511
-8908 -31502
-8908 -31502
-8908 -31502
-8908 -31502
-8908 -31502
-8908 -31502
-8908 -31502
-8908 -31502
-8908 -31502
-8908 -31502
-8938 -31494
-8938 -31494
-8938 -31494
-8938 -31494
-8938 -31494
-8938 -31494
-8938 -31494
-8938 -31494
-8938 -31494
-8938 -31494
-8970 -31485
-8970 -31485
-8970 -31485
-8970 -31485
-8970 -31485
-8970 -31485
-8970 -31485
-8970 -31485
-8970 -31485
-8970 -31485
-9000 -31477
-9000 -31477
-9000 -31477
-9000 -31477
-9000 -31477
-9000 -31477
-9000 -31477
-9000 -31477
-9000 -31477
-9000 -31477
-9031 -31467
-9031 -31467
-9031 -31467
-9031 -31467
-9031 -31467
-9031 -31467
-9031 -31467
-9031 -31467
-9031 -31467
-9031 -31467
-9061 -31459
-9061 -31459
-9061 -31459
-9061 -31459
-9061 -31459
-9061 -31459
-9061 -31459
-9061 -31459
-9061 -31459
-9061 -31459
-9093 -31450
-9093 -31450
-9093 -31450
-9093 -31450
-9093 -31450
-9093 -31450
-9093 -31450
-9093 -31450
-9093 -31450
-9093 -31450
-9093 -31450
-9122 -31442
-9122 -31442
-9122 -31442
-9123 -31472
-9123 -31472
-9123 -31472
-9123 -31472
-9154 -31464
-9154 -31464
-9154 -31464
-9154 -31464
-9154 -31464
-9154 -31464
-9154 -31464
-9154 -31464
-9154 -31464
-9154 -31464
-9184 -31454
-9184 -31454
-9184 -31454
-9184 -31454
-9184 -31454
-9184 -31454
-9184 -31454
-9184 -31454
-9184 -31454
-9184 -31454
-9184 -31454
-9215 -31445
-9215 -31445
-9215 -31445
-9215 -31445
-9215 -31445
-9215 -31445
-9215 -31445
-9215 -31445
-9215 -31445
-9215 -31445
-9246 -31437
-9246 -31437
-9246 -31437
-9246 -31437
-9246 -31437
-9246 -31437
-9246 -31437
-9246 -31437
-9246 -31437
-9246 -31437
-9275 -31428
-9275 -31428
-9275 -31428
-9275 -31428
-9275 -31428
-9275 -31428
-9275 -31428
-9275 -31428
-9275 -31428
-9275 -31428
-9307 -31418
-9307 -31418
-9307 -31418
-9307 -31418
-9307 -31418
-9307 -31418
-9307 -31418
-9307 -31418
-9307 -31418
-9307 -31418
-9338 -31409
-9338 -31409
-9338 -31409
-9338 -31409
-9338 -31409
-9338 -31409
-9338 -31409
-9338 -31409
-9338 -31409
-9338 -31409
-9368 -31400
-9368 -31400
-9368 -31400
-9368 -31400
-9368 -31400
-9368 -31400
-9368 -31400
-9368 -31400
-9368 -31400
-9368 -31400
-9398 -31391
-9398 -31391
-9398 -31391
-9398 -31391
-9398 -31391
-9398 -31391
-9398 -31391
-9398 -31391
-9398 -31391
-9398 -31391
-9428 -31381
-9428 -31381
-9428 -31381
-9428 -31381
-9428 -31381
-9428 -31381
-9428 -31381
-9428 -31381
-9428 -31381
-9428 -31381
-9428 -31381
-9459 -31372
-9459 -31372
-9459 -31372
-9459 -31372
-9459 -31372
-9459 -31372
-9459 -31372
-9459 -31372
-9459 -31372
-9459 -31372
-9490 -31363
-9490 -31363
-9490 -31363
-9490 -31363
-9490 -31363
-9490 -31363
-9490 -31363
-9490 -31363
-9490 -31363
-9490 -31363
-9520 -31353
-9520 -31353
-9504 -31358
-9504 -31358
-9504 -31358
-9534 -31349
-9534 -31349
-9534 -31349
-9534 -31349
-9534 -31349
-9534 -31349
-9534 -31349
-9534 -31349
-9534 -31349
-9534 -31349
-9564 -31340
-9564 -31340
-9564 -31340
-9564 -31340
-9564 -31340
-9564 -31340
-9564 -31340
-9564 -31340
-9564 -31340
-9564 -31340
-9595 -31331
-9595 -31331
-9595 -31331
-9595 -31331
-9595 -31331
-9595 -31331
-9595 -31331
-9595 -31331
-9595 -31331
-9595 -31331
-9626 -31321
-9626 -31321
-9626 -31321
-9626 -31321
-9626 -31321
-9626 -31321
-9626 -31321
-9626 -31321
-9626 -31321
-9626 -31321
-9626 -31321
-9656 -31312
-9656 -31312
-9656 -31312
-9656 -31312
-9656 -31312
-9656 -31312
-9656 -31312
-9656 -31312
-9656 -31312
-9656 -31312
-9687 -31303
-9687 -31303
-9687 -31303
-9687 -31303
-9687 -31303
-9687 -31303
-9687 -31303
-9687 -31303
-9687 -31303
-9687 -31303
-9716 -31294
-9716 -31294
-9716 -31294
-9716 -31294
-9716 -31294
-9716 -31294
-9716 -31294
-9716 -31294
-9716 -31294
-9716 -31294
-9748 -31284
-9748 -31284
-9748 -31284
-9748 -31284
-9748 -31284
-9748 -31284
-9748 -31284
-9748 -31284
-9748 -31284
-9748 -31284
-9779 -31275
-9779 -31275
-9779 -31275
-9779 -31275
-9779 -31275
-9779 -31275
-9779 -31275
-9779 -31275
-9779 -31275
-9779 -31275
-9809 -31265
-9809 -31265
-9809 -31265
-9809 -31265
-9809 -31265
-9809 -31265
-9809 -31265
-9809 -31265
-9809 -31265
-9809 -31265
-9839 -31256
-9839 -31256
-9839 -31256
-9839 -31256
-9839 -31256
-9839 -31256
-9839 -31256
-9839 -31256
-9839 -31256
-9839 -31256
-9870 -31246
-9870 -31246
-9870 -31246
-9870 -31246
-9870 -31246
-9870 -31246
-9870 -31246
-9870 -31246
-9870 -31246
-9870 -31246
-9870 -31246
-9900 -31237
-9900 -31237
-9900 -31237
-9883 -31210
-9883 -31210
-9883 -31210
-9883 -31210
-9914 -31201
-9914 -31201
-9914 -31201
-9914 -31201
-9914 -31201
-9914 -31201
-9914 -31201
-9914 -31201
-9914 -31201
-9914 -31201
-9944 -31191
-9944 -31191
-9944 -31191
-9944 -31191
-9944 -31191
-9944 -31191
-9944 -31191
-9944 -31191
-9944 -31191
-9944 -31191
-9944 -31191
-9974 -31181
-9974 -31181
-9974 -31181
-9974 -31181
-9974 -31181
-9974 -31181
-9974 -31181
-9974 -31181
-9974 -31181
-9974 -31181
-10005 -31172
-10005 -31172
-10005 -31172
-10005 -31172
-10005 -31172
-10005 -31172
-10005 -31172
-10005 -31172
-10005 -31172
-10005 -31172
-10034 -31162
-10034 -31162
-10034 -31162
-10034 -31162
-10034 -31162
-10034 -31162
-10034 -31162
-10034 -31162
-10034 -31162
-10034 -31162
-10066 -31152
-10066 -31152
-10066 -31152
-10066 -31152
-10066 -31152
-10066 -31152
-10066 -31152
-10066 -31152
-10066 -31152
-10066 -31152
-10096 -31142
-10096 -31142
-10096 -31142
-10096 -31142
-10096 -31142
-10096 -31142
-10096 -31142
-10096 -31142
-10096 -31142
-10096 -31142
-10126 -31132
-10126 -31132
-10126 -31132
-10126 -31132
-10126 -31132
-10126 -31132
-10126 -31132
-10126 -31132
-10126 -31132
-10126 -31132
-10156 -31122
-10156 -31122
-10156 -31122
-10156 -31122
-10156 -31122
-10156 -31122
-10156 -31122
-10156 -31122
-10156 -31122
-10156 -31122
-10186 -31112
-10186 -31112
-10186 -31112
-10186 -31112
-10186 -31112
-10186 -31112
-10186 -31112
-10186 -31112
-10186 -31112
-10186 -31112
-10186 -31112
-10217 -31102
-10217 -31102
-10217 -31102
-10217 -31102
-10217 -31102
-10217 -31102
-10217 -31102
-10217 -31102
-10217 -31102
-10217 -31102
-10247 -31092
-10247 -31092
-10247 -31092
-10247 -31092
-10247 -31092
-10247 -31092
-10247 -31092
-10247 -31092
-10247 -31092
-10247 -31092
-10277 -31082
-10277 -31082
-10261 -31088
-10261 -31088
-10261 -31088
-10291 -31078
-10291 -31078
-10291 -31078
-10291 -31078
-10291 -31078
-10291 -31078
-10291 -31078
-10291 -31078
-10291 -31078
-10291 -31078
-10321 -31068
-10321 -31068
-10321 -31068
-10321 -31068
-10321 -31068
-10321 -31068
-10321 -31068
-10321 -31068
-10321 -31068
-10321 -31068
-10351 -31058
-10351 -31058
-10351 -31058
-10351 -31058
-10351 -31058
-10351 -31058
-10351 -31058
-10351 -31058
-10351 -31058
-10351 -31058
-10382 -31048
-10382 -31048
-10382 -31048
-10382 -31048
-10382 -31048
-10382 -31048
-10382 -31048
-10382 -31048
-10382 -31048
-10382 -31048
-10382 -31048
-10412 -31038
-10412 -31038
-10412 -31038
-10412 -31038
-10412 -31038
-10412 -31038
-10412 -31038
-10412 -31038
-10412 -31038
-10412 -31038
-10442 -31028
-10442 -31028
-10442 -31028
-10442 -31028
-10442 -31028
-10442 -31028
-10442 -31028
-10442 -31028
-10442 -31028
-10442 -31028
-10472 -31018
-10472 -31018
-10472 -31018
-10472 -31018
-10472 -31018
-10472 -31018
-10472 -31018
-10472 -31018
-10472 -31018
-10472 -31018
-10503 -31008
-10503 -31008
-10503 -31008
-10503 -31008
-10503 -31008
-10503 -31008
-10503 -31008
-10503 -31008
-10503 -31008
-10503 -31008
-10533 -30998
-10533 -30998
-10533 -30998
-10533 -30998
-10533 -30998
-10533 -30998
-10533 -30998
-10533 -30998
-10533 -30998
-10533 -30998
-10563 -30987
-10563 -30987
-10563 -30987
-10563 -30987
-10563 -30987
-10563 -30987
-10563 -30987
-10563 -30987
-10563 -30987
-10563 -30987
-10593 -30977
-10593 -30977
-10593 -30977
-10593 -30977
-10593 -30977
-10593 -30977
-10593 -30977
-10593 -30977
-10593 -30977
-10593 -30977
-10624 -30967
-10624 -30967
-10624 -30967
-10624 -30967
-10624 -30967
-10624 -30967
-10624 -30967
-10624 -30967
-10624 -30967
-10624 -30967
-10624 -30967
-10654 -30957
-10654 -30957
-10654 -30957
-10643 -30950
-10643 -30950
-10643 -30950
-10643 -30950
-10674 -30940
-10674 -30940
-10674 -30940
-10674 -30940
-10674 -30940
-10674 -30940
-10674 -30940
-10674 -30940
-10674 -30940
-10674 -30940
-10704 -30929
-10704 -30929
-10704 -30929
-10704 -30929
-10704 -30929
-10704 -30929
-10704 -30929
-10704 -30929
-10704 -30929
-10704 -30929
-10704 -30929
-10734 -30918
-10734 -30918
-10734 -30918
-10734 -30918
-10734 -30918
-10734 -30918
-10734 -30918
-10734 -30918
-10734 -30918
-10734 -30918
-10764 -30909
-10764 -30909
-10764 -30909
-10764 -30909
-10764 -30909
-10764 -30909
-10764 -30909
-10764 -30909
-10764 -30909
-10764 -30909
-10793 -30898
-10793 -30898
-10793 -30898
-10793 -30898
-10793 -30898
-10793 -30898
-10793 -30898
-10793 -30898
-10793 -30898
-10793 -30898
-10824 -30887
-10824 -30887
-10824 -30887
-10824 -30887
-10824 -30887
-10824 -30887
-10824 -30887
-10824 -30887
-10824 -30887
-10824 -30887
-10855 -30876
-10855 -30876
-10855 -30876
-10855 -30876
-10855 -30876
-10855 -30876
-10855 -30876
-10855 -30876
-10855 -30876
-10855 -30876
-10885 -30866
-10885 -30866
-10885 -30866
-10885 -30866
-10885 -30866
-10885 -30866
-10885 -30866
-10885 -30866
-10885 -30866
-10885 -30866
-10914 -30855
-10914 -30855
-10914 -30855
-10914 -30855
-10914 -30855
-10914 -30855
-10914 -30855
-10914 -30855
-10914 -30855
-10914 -30855
-10944 -30844
-10944 -30844
-10944 -30844
-10944 -30844
-10944 -30844
-10944 -30844
-10944 -30844
-10944 -30844
-10944 -30844
-10944 -30844
-10944 -30844
-10974 -30834
-10974 -30834
-10974 -30834
-10974 -30834
-10974 -30834
-10974 -30834
-10974 -30834
-10974 -30834
-10974 -30834
-10974 -30834
-11004 -30823
-11004 -30823
-11004 -30823
-11004 -30823
-11004 -30823
-11004 -30823
-11004 -30823
-11004 -30823
-11004 -30823
-11004 -30823
-11034 -30812
-11034 -30812
-11018 -30818
-11018 -30818
-11018 -30818
-11047 -30807
-11047 -30807
-11047 -30807
-11047 -30807
-11047 -30807
-11047 -30807
-11047 -30807
-11047 -30807
-11047 -30807
-11047 -30807
-11077 -30797
-11077 -30797
-11077 -30797
-11077 -30797
-11077 -30797
-11077 -30797
-11077 -30797
-11077 -30797
-11077 -30797
-11077 -30797
-11107 -30786
-11107 -30786
-11107 -30786
-11107 -30786
-11107 -30786
-11107 -30786
-11107 -30786
-11107 -30786
-11107 -30786
-11107 -30786
-11138 -30775
-11138 -30775
-11138 -30775
-11138 -30775
-11138 -30775
-11138 -30775
-11138 -30775
-11138 -30775
-11138 -30775
-11138 -30775
-11138 -30775
-11168 -30764
-11168 -30764
-11168 -30764
-11168 -30764
-11168 -30764
-11168 -30764
-11168 -30764
-11168 -30764
-11168 -30764
-11168 -30764
-11198 -30753
-11198 -30753
-11198 -30753
-11198 -30753
-11198 -30753
-11198 -30753
-11198 -30753
-11198 -30753
-11198 -30753
-11198 -30753
-11227 -30743
-11227 -30743
-11227 -30743
-11227 -30743
-11227 -30743
-11227 -30743
-11227 -30743
-11227 -30743
-11227 -30743
-11227 -30743
-11258 -30732
-11258 -30732
-11258 -30732
-11258 -30732
-11258 -30732
-11258 -30732
-11258 -30732
-11258 -30732
-11258 -30732
-11258 -30732
-11288 -30721
-11288 -30721
-11288 -30721
-11288 -30721
-11288 -30721
-11288 -30721
-11288 -30721
-11288 -30721
-11288 -30721
-11288 -30721
-11318 -30709
-11318 -30709
-11318 -30709
-11318 -30709
-11318 -30709
-11318 -30709
-11318 -30709
-11318 -30709
-11318 -30709
-11318 -30709
-11347 -30699
-11347 -30699
-11347 -30699
-11347 -30699
-11347 -30699
-11347 -30699
-11347 -30699
-11347 -30699
-11347 -30699
-11347 -30699
-11378 -30688
-11378 -30688
-11378 -30688
-11378 -30688
-11378 -30688
-11378 -30688
-11378 -30688
-11378 -30688
-11378 -30688
-11378 -30688
-11378 -30688
-11407 -30678
-11407 -30678
-11407 -30678
-11403 -30688
-11403 -30688
-11403 -30688
-11403 -30688
-11434 -30678
-11434 -30678
-11434 -30678
-11434 -30678
-11434 -30678
-11434 -30678
-11434 -30678
-11434 -30678
-11434 -30678
-11434 -30678
-11463 -30666
-11463 -30666
-11463 -30666
-11463 -30666
-11463 -30666
-11463 -30666
-11463 -30666
-11463 -30666
-11463 -30666
-11463 -30666
-11463 -30666
-11493 -30655
-11493 -30655
-11493 -30655
-11493 -30655
-11493 -30655
-11493 -30655
-11493 -30655
-11493 -30655
-11493 -30655
-11493 -30655
-11524 -30644
-11524 -30644
-11524 -30644
-11524 -30644
-11524 -30644
-11524 -30644
-11524 -30644
-11524 -30644
-11524 -30644
-11524 -30644
-11552 -30633
-11552 -30633
-11552 -30633
-11552 -30633
-11552 -30633
-11552 -30633
-11552 -30633
-11552 -30633
-11552 -30633
-11552 -30633
-11583 -30621
-11583 -30621
-11583 -30621
-11583 -30621
-11583 -30621
-11583 -30621
-11583 -30621
-11583 -30621
-11583 -30621
-11583 -30621
-11613 -30610
-11613 -30610
-11613 -30610
-11613 -30610
-11613 -30610
-11613 -30610
-11613 -30610
-11613 -30610
-11613 -30610
-11613 -30610
-11643 -30598
-11643 -30598
-11643 -30598
-11643 -30598
-11643 -30598
-11643 -30598
-11643 -30598
-11643 -30598
-11643 -30598
-11643 -30598
-11672 -30587
-11672 -30587
-11672 -30587
-11672 -30587
-11672 -30587
-11672 -30587
-11672 -30587
-11672 -30587
-11672 -30587
-11672 -30587
-11702 -30575
-11702 -30575
-11702 -30575
-11702 -30575
-11702 -30575
-11702 -30575
-11702 -30575
-11702 -30575
-11702 -30575
-11702 -30575
-11702 -30575
-11731 -30564
-11731 -30564
-11731 -30564
-11731 -30564
-11731 -30564
-11731 -30564
-11731 -30564
-11731 -30564
-11731 -30564
-11731 -30564
-11761 -30552
-11761 -30552
-11761 -30552
-11761 -30552
-11761 -30552
-11761 -30552
-11761 -30552
-11761 -30552
-11761 -30552
-11761 -30552
-11791 -30541
-11791 -30541
-11775 -30547
-11775 -30547
-11775 -30547
-11804 -30536
-11804 -30536
-11804 -30536
-11804 -30536
-11804 -30536
-11804 -30536
-11804 -30536
-11804 -30536
-11804 -30536
-11804 -30536
-11834 -30524
-11834 -30524
-11834 -30524
-11834 -30524
-11834 -30524
-11834 -30524
-11834 -30524
-11834 -30524
-11834 -30524
-11834 -30524
-11864 -30513
-11864 -30513
-11864 -30513
-11864 -30513
-11864 -30513
-11864 -30513
-11864 -30513
-11864 -30513
-11864 -30513
-11864 -30513
-11894 -30501
-11894 -30501
-11894 -30501
-11894 -30501
-11894 -30501
-11894 -30501
-11894 -30501
-11894 -30501
-11894 -30501
-11894 -30501
-11894 -30501
-11923 -30490
-11923 -30490
-11923 -30490
-11923 -30490
-11923 -30490
-11923 -30490
-11923 -30490
-11923 -30490
-11923 -30490
-11923 -30490
-11953 -30478
-11953 -30478
-11953 -30478
-11953 -30478
-11953 -30478
-11953 -30478
-11953 -30478
-11953 -30478
-11953 -30478
-11953 -30478
-11982 -30467
-11982 -30467
-11982 -30467
-11982 -30467
-11982 -30467
-11982 -30467
-11982 -30467
-11982 -30467
-11982 -30467
-11982 -30467
-12013 -30455
-12013 -30455
-12013 -30455
-12013 -30455
-12013 -30455
-12013 -30455
-12013 -30455
-12013 -30455
-12013 -30455
-12013 -30455
-12043 -30444
-12043 -30444
-12043 -30444
-12043 -30444
-12043 -30444
-12043 -30444
-12043 -30444
-12043 -30444
-12043 -30444
-12043 -30444
-12072 -30431
-12072 -30431
-12072 -30431
-12072 -30431
-12072 -30431
-12072 -30431
-12072 -30431
-12072 -30431
-12072 -30431
-12072 -30431
-12101 -30420
-12101 -30420
-12101 -30420
-12101 -30420
-12101 -30420
-12101 -30420
-12101 -30420
-12101 -30420
-12101 -30420
-12101 -30420
-12132 -30408
-12132 -30408
-12132 -30408
-12132 -30408
-12132 -30408
-12132 -30408
-12132 -30408
-12132 -30408
-12132 -30408
-12132 -30408
-12132 -30408
-12161 -30397
-12161 -30397
-12161 -30397
-12164 -30427
-12164 -30427
-12164 -30427
-12164 -30427
-12194 -30415
-12194 -30415
-12194 -30415
-12194 -30415
-12194 -30415
-12194 -30415
-12194 -30415
-12194 -30415
-12194 -30415
-12194 -30415
-12223 -30403
-12223 -30403
-12223 -30403
-12223 -30403
-12223 -30403
-12223 -30403
-12223 -30403
-12223 -30403
-12223 -30403
-12223 -30403
-12223 -30403
-12253 -30391
-12253 -30391
-12253 -30391
-12253 -30391
-12253 -30391
-12253 -30391
-12253 -30391
-12253 -30391
-12253 -30391
-12253 -30391
-12283 -30379
-12283 -30379
-12283 -30379
-12283 -30379
-12283 -30379
-12283 -30379
-12283 -30379
-12283 -30379
-12283 -30379
-12283 -30379
-12311 -30368
-12311 -30368
-12311 -30368
-12311 -30368
-12311 -30368
-12311 -30368
-12311 -30368
-12311 -30368
-12311 -30368
-12311 -30368
-12342 -30355
-12342 -30355
-12342 -30355
-12342 -30355
-12342 -30355
-12342 -30355
-12342 -30355
-12342 -30355
-12342 -30355
-12342 -30355
-12371 -30343
-12371 -30343
-12371 -30343
-12371 -30343
-12371 -30343
-12371 -30343
-12371 -30343
-12371 -30343
-12371 -30343
-12371 -30343
-12401 -30330
-12401 -30330
-12401 -30330
-12401 -30330
-12401 -30330
-12401 -30330
-12401 -30330
-12401 -30330
-12401 -30330
-12401 -30330
-12430 -30319
-12430 -30319
-12430 -30319
-12430 -30319
-12430 -30319
-12430 -30319
-12430 -30319
-12430 -30319
-12430 -30319
-12430 -30319
-12459 -30306
-12459 -30306
-12459 -30306
-12459 -30306
-12459 -30306
-12459 -30306
-12459 -30306
-12459 -30306
-12459 -30306
-12459 -30306
-12459 -30306
-12489 -30294
-12489 -30294
-12489 -30294
-12489 -30294
-12489 -30294
-12489 -30294
-12489 -30294
-12489 -30294
-12489 -30294
-12489 -30294
-12518 -30282
-12518 -30282
-12518 -30282
-12518 -30282
-12518 -30282
-12518 -30282
-12518 -30282
-12518 -30282
-12518 -30282
-12518 -30282
-12548 -30270
-12548 -30270
-12532 -30276
-12532 -30276
-12532 -30276
-12561 -30264
-12561 -30264
-12561 -30264
-12561 -30264
-12561 -30264
-12561 -30264
-12561 -30264
-12561 -30264
-12561 -30264
-12561 -30264
-12590 -30252
-12590 -30252
-12590 -30252
-12590 -30252
-12590 -30252
-12590 -30252
-12590 -30252
-12590 -30252
-12590 -30252
-12590 -30252
-12620 -30240
-12620 -30240
-12620 -30240
-12620 -30240
-12620 -30240
-12620 -30240
-12620 -30240
-12620 -30240
-12620 -30240
-12620 -30240
-12650 -30228
-12650 -30228
-12650 -30228
-12650 -30228
-12650 -30228
-12650 -30228
-12650 -30228
-12650 -30228
-12650 -30228
-12650 -30228
-12650 -30228
-12679 -30215
-12679 -30215
-12679 -30215
-12679 -30215
-12679 -30215
-12679 -30215
-12679 -30215
-12679 -30215
-12679 -30215
-12679 -30215
-12709 -30203
-12709 -30203
-12709 -30203
-12709 -30203
-12709 -30203
-12709 -30203
-12709 -30203
-12709 -30203
-12709 -30203
-12709 -30203
-12737 -30191
-12737 -30191
-12737 -30191
-12737 -30191
-12737 -30191
-12737 -30191
-12737 -30191
-12737 -30191
-12737 -30191
-12737 -30191
-12768 -30179
-12768 -30179
-12768 -30179
-12768 -30179
-12768 -30179
-12768 -30179
-12768 -30179
-12768 -30179
-12768 -30179
-12768 -30179
-12797 -30166
-12797 -30166
-12797 -30166
-12797 -30166
-12797 -30166
-12797 -30166
-12797 -30166
-12797 -30166
-12797 -30166
-12797 -30166
-12827 -30153
-12827 -30153
-12827 -30153
-12827 -30153
-12827 -30153
-12827 -30153
-12827 -30153
-12827 -30153
-12827 -30153
-12827 -30153
-12855 -30141
-12855 -30141
-12855 -30141
-12855 -30141
-12855 -30141
-12855 -30141
-12855 -30141
-12855 -30141
-12855 -30141
-12855 -30141
-12886 -30129
-12886 -30129
-12886 -30129
-12886 -30129
-12886 -30129
-12886 -30129
-12886 -30129
-12886 -30129
-12886 -30129
-12886 -30129
-12886 -30129
-12914 -30117
-12914 -30117
-12914 -30117
-12895 -30092
-12895 -30092
-12895 -30092
-12895 -30092
-12925 -30080
-12925 -30080
-12925 -30080
-12925 -30080
-12925 -30080
-12925 -30080
-12925 -30080
-12925 -30080
-12925 -30080
-12925 -30080
-12954 -30067
-12954 -30067
-12954 -30067
-12954 -30067
-12954 -30067
-12954 -30067
-12954 -30067
-12954 -30067
-12954 -30067
-12954 -30067
-12954 -30067
-12983 -30054
-12983 -30054
-12983 -30054
-12983 -30054
-12983 -30054
-12983 -30054
-12983 -30054
-12983 -30054
-12983 -30054
-12983 -30054
-13013 -30042
-13013 -30042
-13013 -30042
-13013 -30042
-13013 -30042
-13013 -30042
-13013 -30042
-13013 -30042
-13013 -30042
-13013 -30042
-13041 -30029
-13041 -30029
-13041 -30029
-13041 -30029
-13041 -30029
-13041 -30029
-13041 -30029
-13041 -30029
-13041 -30029
-13041 -30029
-13071 -30016
-13071 -30016
-13071 -30016
-13071 -30016
-13071 -30016
-13071 -30016
-13071 -30016
-13071 -30016
-13071 -30016
-13071 -30016
-13100 -30003
-13100 -30003
-13100 -30003
-13100 -30003
-13100 -30003
-13100 -30003
-13100 -30003
-13100 -30003
-13100 -30003
-13100 -30003
-13130 -29990
-13130 -29990
-13130 -29990
-13130 -29990
-13130 -29990
-13130 -29990
-13130 -29990
-13130 -29990
-13130 -29990
-13130 -29990
-13158 -29977
-13158 -29977
-13158 -29977
-13158 -29977
-13158 -29977
-13158 -29977
-13158 -29977
-13158 -29977
-13158 -29977
-13158 -29977
-13187 -29964
-13187 -29964
-13187 -29964
-13187 -29964
-13187 -29964
-13187 -29964
-13187 -29964
-13187 -29964
-13187 -29964
-13187 -29964
-13187 -29964
-13216 -29951
-13216 -29951
-13216 -29951
-13216 -29951
-13216 -29951
-13216 -29951
-13216 -29951
-13216 -29951
-13216 -29951
-13216 -29951
-13246 -29938
-13246 -29938
-13246 -29938
-13246 -29938
-13246 -29938
-13246 -29938
-13246 -29938
-13246 -29938
-13246 -29938
-13246 -29938
-13275 -29925
-13275 -29925
-13259 -29932
-13259 -29932
-13259 -29932
-13288 -29920
-13288 -29920
-13288 -29920
-13288 -29920
-13288 -29920
-13288 -29920
-13288 -29920
-13288 -29920
-13288 -29920
-13288 -29920
-13317 -29907
-13317 -29907
-13317 -29907
-13317 -29907
-13317 -29907
-13317 -29907
-13317 -29907
-13317 -29907
-13317 -29907
-13317 -29907
-13346 -29894
-13346 -29894
-13346 -29894
-13346 -29894
-13346 -29894
-13346 -29894
-13346 -29894
-13346 -29894
-13346 -29894
-13346 -29894
-13375 -29881
-13375 -29881
-13375 -29881
-13375 -29881
-13375 -29881
-13375 -29881
-13375 -29881
-13375 -29881
-13375 -29881
-13375 -29881
-13375 -29881
-13405 -29868
-13405 -29868
-13405 -29868
-13405 -29868
-13405 -29868
-13405 -29868
-13405 -29868
-13405 -29868
-13405 -29868
-13405 -29868
-13434 -29855
-13434 -29855
-13434 -29855
-13434 -29855
-13434 -29855
-13434 -29855
-13434 -29855
-13434 -29855
-13434 -29855
-13434 -29855
-13462 -29842
-13462 -29842
-13462 -29842
-13462 -29842
-13462 -29842
-13462 -29842
-13462 -29842
-13462 -29842
-13462 -29842
-13462 -29842
-13492 -29829
-13492 -29829
-13492 -29829
-13492 -29829
-13492 -29829
-13492 -29829
-13492 -29829
-13492 -29829
-13492 -29829
-13492 -29829
-13521 -29816
-13521 -29816
-13521 -29816
-13521 -29816
-13521 -29816
-13521 -29816
-13521 -29816
-13521 -29816
-13521 -29816
-13521 -29816
-13550 -29802
-13550 -29802
-13550 -29802
-13550 -29802
-13550 -29802
-13550 -29802
-13550 -29802
-13550 -29802
-13550 -29802
-13550 -29802
-13579 -29790
-13579 -29790
-13579 -29790
-13579 -29790
-13579 -29790
-13579 -29790
-13579 -29790
-13579 -29790
-13579 -29790
-13579 -29790
-13609 -29776
-13609 -29776
-13609 -29776
-13609 -29776
-13609 -29776
-13609 -29776
-13609 -29776
-13609 -29776
-13609 -29776
-13609 -29776
-13609 -29776
-13637 -29764
-13637 -29764
-13637 -29764
-13626 -29758
-13626 -29758
-13626 -29758
-13626 -29758
-13655 -29745
-13655 -29745
-13655 -29745
-13655 -29745
-13655 -29745
-13655 -29745
-13655 -29745
-13655 -29745
-13655 -29745
-13655 -29745
-13684 -29731
-13684 -29731
-13684 -29731
-13684 -29731
-13684 -29731
-13684 -29731
-13684 -29731
-13684 -29731
-13684 -29731
-13684 -29731
-13684 -29731
-13713 -29718
-13713 -29718
-13713 -29718
-13713 -29718
-13713 -29718
-13713 -29718
-13713 -29718
-13713 -29718
-13713 -29718
-13713 -29718
-13743 -29705
-13743 -29705
-13743 -29705
-13743 -29705
-13743 -29705
-13743 -29705
-13743 -29705
-13743 -29705
-13743 -29705
-13743 -29705
-13771 -29692
-13771 -29692
-13771 -29692
-13771 -29692
-13771 -29692
-13771 -29692
-13771 -29692
-13771 -29692
-13771 -29692
-13771 -29692
-13800 -29677
-13800 -29677
-13800 -29677
-13800 -29677
-13800 -29677
-13800 -29677
-13800 -29677
-13800 -29677
-13800 -29677
-13800 -29677
-13829 -29664
-13829 -29664
-13829 -29664
-13829 -29664
-13829 -29664
-13829 -29664
-13829 -29664
-13829 -29664
-13829 -29664
-13829 -29664
-13858 -29650
-13858 -29650
-13858 -29650
-13858 -29650
-13858 -29650
-13858 -29650
-13858 -29650
-13858 -29650
-13858 -29650
-13858 -29650
-13886 -29637
-13886 -29637
-13886 -29637
-13886 -29637
-13886 -29637
-13886 -29637
-13886 -29637
-13886 -29637
-13886 -29637
-13886 -29637
-13915 -29623
-13915 -29623
-13915 -29623
-13915 -29623
-13915 -29623
-13915 -29623
-13915 -29623
-13915 -29623
-13915 -29623
-13915 -29623
-13915 -29623
-13944 -29610
-13944 -29610
-13944 -29610
-13944 -29610
-13944 -29610
-13944 -29610
-13944 -29610
-13944 -29610
-13944 -29610
-13944 -29610
-13973 -29596
-13973 -29596
-13973 -29596
-13973 -29596
-13973 -29596
-13973 -29596
-13973 -29596
-13973 -29596
-13973 -29596
-13973 -29596
-14002 -29582
-14002 -29582
-13986 -29590
-13986 -29590
-13986 -29590
-14014 -29576
-14014 -29576
-14014 -29576
-14014 -29576
-14014 -29576
-14014 -29576
-14014 -29576
-14014 -29576
-14014 -29576
-14014 -29576
-14043 -29563
-14043 -29563
-14043 -29563
-14043 -29563
-14043 -29563
-14043 -29563
-14043 -29563
-14043 -29563
-14043 -29563
-14043 -29563
-14072 -29549
-14072 -29549
-14072 -29549
-14072 -29549
-14072 -29549
-14072 -29549
-14072 -29549
-14072 -29549
-14072 -29549
-14072 -29549
-14101 -29535
-14101 -29535
-14101 -29535
-14101 -29535
-14101 -29535
-14101 -29535
-14101 -29535
-14101 -29535
-14101 -29535
-14101 -29535
-14101 -29535
-14130 -29522
-14130 -29522
-14130 -29522
-14130 -29522
-14130 -29522
-14130 -29522
-14130 -29522
-14130 -29522
-14130 -29522
-14130 -29522
-14159 -29508
-14159 -29508
-14159 -29508
-14159 -29508
-14159 -29508
-14159 -29508
-14159 -29508
-14159 -29508
-14159 -29508
-14159 -29508
-14187 -29495
-14187 -29495
-14187 -29495
-14187 -29495
-14187 -29495
-14187 -29495
-14187 -29495
-14187 -29495
-14187 -29495
-14187 -29495
-14217 -29481
-14217 -29481
-14217 -29481
-14217 -29481
-14217 -29481
-14217 -29481
-14217 -29481
-14217 -29481
-14217 -29481
-14217 -29481
-14245 -29467
-14245 -29467
-14245 -29467
-14245 -29467
-14245 -29467
-14245 -29467
-14245 -29467
-14245 -29467
-14245 -29467
-14245 -29467
-14274 -29452
-14274 -29452
-14274 -29452
-14274 -29452
-14274 -29452
-14274 -29452
-14274 -29452
-14274 -29452
-14274 -29452
-14274 -29452
-14302 -29439
-14302 -29439
-14302 -29439
-14302 -29439
-14302 -29439
-14302 -29439
-14302 -29439
-14302 -29439
-14302 -29439
-14302 -29439
-14332 -29425
-14332 -29425
-14332 -29425
-14332 -29425
-14332 -29425
-14332 -29425
-14332 -29425
-14332 -29425
-14332 -29425
-14332 -29425
-14332 -29425
-14360 -29412
-14360 -29412
-14360 -29412
-14356 -29423
-14356 -29423
-14356 -29423
-14356 -29423
-14385 -29409
-14385 -29409
-14385 -29409
-14385 -29409
-14385 -29409
-14385 -29409
-14385 -29409
-14385 -29409
-14385 -29409
-14385 -29409
-14414 -29395
-14414 -29395
-14414 -29395
-14414 -29395
-14414 -29395
-14414 -29395
-14414 -29395
-14414 -29395
-14414 -29395
-14414 -29395
-14414 -29395
-14442 -29380
-14442 -29380
-14442 -29380
-14442 -29380
-14442 -29380
-14442 -29380
-14442 -29380
-14442 -29380
-14442 -29380
-14442 -29380
-14471 -29367
-14471 -29367
-14471 -29367
-14471 -29367
-14471 -29367
-14471 -29367
-14471 -29367
-14471 -29367
-14471 -29367
-14471 -29367
-14499 -29353
-14499 -29353
-14499 -29353
-14499 -29353
-14499 -29353
-14499 -29353
-14499 -29353
-14499 -29353
-14499 -29353
-14499 -29353
-14529 -29338
-14529 -29338
-14529 -29338
-14529 -29338
-14529 -29338
-14529 -29338
-14529 -29338
-14529 -29338
-14529 -29338
-14529 -29338
-14557 -29324
-14557 -29324
-14557 -29324
-14557 -29324
-14557 -29324
-14557 -29324
-14557 -29324
-14557 -29324
-14557 -29324
-14557 -29324
-14586 -29309
-14586 -29309
-14586 -29309
-14586 -29309
-14586 -29309
-14586 -29309
-14586 -29309
-14586 -29309
-14586 -29309
-14586 -29309
-14613 -29296
-14613 -29296
-14613 -29296
-14613 -29296
-14613 -29296
-14613 -29296
-14613 -29296
-14613 -29296
-14613 -29296
-14613 -29296
-14642 -29281
-14642 -29281
-14642 -29281
-14642 -29281
-14642 -29281
-14642 -29281
-14642 -29281
-14642 -29281
-14642 -29281
-14642 -29281
-14642 -29281
-14670 -29267
-14670 -29267
-14670 -29267
-14670 -29267
-14670 -29267
-14670 -29267
-14670 -29267
-14670 -29267
-14670 -29267
-14670 -29267
-14699 -29252
-14699 -29252
-14699 -29252
-14699 -29252
-14699 -29252
-14699 -29252
-14699 -29252
-14699 -29252
-14699 -29252
-14699 -29252
-14728 -29238
-14728 -29238
-14712 -29246
-14712 -29246
-14712 -29246
-14740 -29232
-14740 -29232
-14740 -29232
-14740 -29232
-14740 -29232
-14740 -29232
-14740 -29232
-14740 -29232
-14740 -29232
-14740 -29232
-14769 -29217
-14769 -29217
-14769 -29217
-14769 -29217
-14769 -29217
-14769 -29217
-14769 -29217
-14769 -29217
-14769 -29217
-14769 -29217
-14797 -29203
-14797 -29203
-14797 -29203
-14797 -29203
-14797 -29203
-14797 -29203
-14797 -29203
-14797 -29203
-14797 -29203
-14797 -29203
-14826 -29189
-14826 -29189
-14826 -29189
-14826 -29189
-14826 -29189
-14826 -29189
-14826 -29189
-14826 -29189
-14826 -29189
-14826 -29189
-14826 -29189
-14854 -29174
-14854 -29174
-14854 -29174
-14854 -29174
-14854 -29174
-14854 -29174
-14854 -29174
-14854 -29174
-14854 -29174
-14854 -29174
-14883 -29160
-14883 -29160
-14883 -29160
-14883 -29160
-14883 -29160
-14883 -29160
-14883 -29160
-14883 -29160
-14883 -29160
-14883 -29160
-14911 -29146
-14911 -29146
-14911 -29146
-14911 -29146
-14911 -29146
-14911 -29146
-14911 -29146
-14911 -29146
-14911 -29146
-14911 -29146
-14940 -29131
-14940 -29131
-14940 -29131
-14940 -29131
-14940 -29131
-14940 -29131
-14940 -29131
-14940 -29131
-14940 -29131
-14940 -29131
-14969 -29117
-14969 -29117
-14969 -29117
-14969 -29117
-14969 -29117
-14969 -29117
-14969 -29117
-14969 -29117
-14969 -29117
-14969 -29117
-14997 -29102
-14997 -29102
-14997 -29102
-14997 -29102
-14997 -29102
-14997 -29102
-14997 -29102
-14997 -29102
-14997 -29102
-14997 -29102
-15024 -29088
-15024 -29088
-15024 -29088
-15024 -29088
-15024 -29088
-15024 -29088
-15024 -29088
-15024 -29088
-15024 -29088
-15024 -29088
-15054 -29073
-15054 -29073
-15054 -29073
-15054 -29073
-15054 -29073
-15054 -29073
-15054 -29073
-15054 -29073
-15054 -29073
-15054 -29073
-15054 -29073
-15081 -29059
-15081 -29059
-15081 -29059
-15088 -29088
-15088 -29088
-15088 -29088
-15088 -29088
-15116 -29074
-15116 -29074
-15116 -29074
-15116 -29074
-15116 -29074
-15116 -29074
-15116 -29074
-15116 -29074
-15116 -29074
-15116 -29074
-15144 -29058
-15144 -29058
-15144 -29058
-15144 -29058
-15144 -29058
-15144 -29058
-15144 -29058
-15144 -29058
-15144 -29058
-15144 -29058
-15144 -29058
-15173 -29043
-15173 -29043
-15173 -29043
-15173 -29043
-15173 -29043
-15173 -29043
-15173 -29043
-15173 -29043
-15173 -29043
-15173 -29043
-15201 -29029
-15201 -29029
-15201 -29029
-15201 -29029
-15201 -29029
-15201 -29029
-15201 -29029
-15201 -29029
-15201 -29029
-15201 -29029
-15229 -29015
-15229 -29015
-15229 -29015
-15229 -29015
-15229 -29015
-15229 -29015
-15229 -29015
-15229 -29015
-15229 -29015
-15229 -29015
-15258 -28999
-15258 -28999
-15258 -28999
-15258 -28999
-15258 -28999
-15258 -28999
-15258 -28999
-15258 -28999
-15258 -28999
-15258 -28999
-15286 -28984
-15286 -28984
-15286 -28984
-15286 -28984
-15286 -28984
-15286 -28984
-15286 -28984
-15286 -28984
-15286 -28984
-15286 -28984
-15314 -28969
-15314 -28969
-15314 -28969
-15314 -28969
-15314 -28969
-15314 -28969
-15314 -28969
-15314 -28969
-15314 -28969
-15314 -28969
-15342 -28954
-15342 -28954
-15342 -28954
-15342 -28954
-15342 -28954
-15342 -28954
-15342 -28954
-15342 -28954
-15342 -28954
-15342 -28954
-15370 -28939
-15370 -28939
-15370 -28939
-15370 -28939
-15370 -28939
-15370 -28939
-15370 -28939
-15370 -28939
-15370 -28939
-15370 -28939
-15370 -28939
-15398 -28924
-15398 -28924
-15398 -28924
-15398 -28924
-15398 -28924
-15398 -28924
-15398 -28924
-15398 -28924
-15398 -28924
-15398 -28924
-15426 -28909
-15426 -28909
-15426 -28909
-15426 -28909
-15426 -28909
-15426 -28909
-15426 -28909
-15426 -28909
-15426 -28909
-15426 -28909
-15454 -28894
-15454 -28894
-15439 -28902
-15439 -28902
-15439 -28902
-15467 -28887
-15467 -28887
-15467 -28887
-15467 -28887
-15467 -28887
-15467 -28887
-15467 -28887
-15467 -28887
-15467 -28887
-15467 -28887
-15495 -28872
-15495 -28872
-15495 -28872
-15495 -28872
-15495 -28872
-15495 -28872
-15495 -28872
-15495 -28872
-15495 -28872
-15495 -28872
-15523 -28857
-15523 -28857
-15523 -28857
-15523 -28857
-15523 -28857
-15523 -28857
-15523 -28857
-15523 -28857
-15523 -28857
-15523 -28857
-15551 -28842
-15551 -28842
-15551 -28842
-15551 -28842
-15551 -28842
-15551 -28842
-15551 -28842
-15551 -28842
-15551 -28842
-15551 -28842
-15551 -28842
-15580 -28827
-15580 -28827
-15580 -28827
-15580 -28827
-15580 -28827
-15580 -28827
-15580 -28827
-15580 -28827
-15580 -28827
-15580 -28827
-15608 -28812
-15608 -28812
-15608 -28812
-15608 -28812
-15608 -28812
-15608 -28812
-15608 -28812
-15608 -28812
-15608 -28812
-15608 -28812
-15635 -28797
-15635 -28797
-15635 -28797
-15635 -28797
-15635 -28797
-15635 -28797
-15635 -28797
-15635 -28797
-15635 -28797
-15635 -28797
-15664 -28782
-15664 -28782
-15664 -28782
-15664 -28782
-15664 -28782
-15664 -28782
-15664 -28782
-15664 -28782
-15664 -28782
-15664 -28782
-15693 -28767
-15693 -28767
-15693 -28767
-15693 -28767
-15693 -28767
-15693 -28767
-15693 -28767
-15693 -28767
-15693 -28767
-15693 -28767
-15720 -28751
-15720 -28751
-15720 -28751
-15720 -28751
-15720 -28751
-15720 -28751
-15720 -28751
-15720 -28751
-15720 -28751
-15720 -28751
-15748 -28736
-15748 -28736
-15748 -28736
-15748 -28736
-15748 -28736
-15748 -28736
-15748 -28736
-15748 -28736
-15748 -28736
-15748 -28736
-15777 -28720
-15777 -28720
-15777 -28720
-15777 -28720
-15777 -28720
-15777 -28720
-15777 -28720
-15777 -28720
-15777 -28720
-15777 -28720
-15777 -28720
-15804 -28706
-15804 -28706
-15804 -28706
-15783 -28683
-15783 -28683
-15783 -28683
-15783 -28683
-15811 -28668
-15811 -28668
-15811 -28668
-15811 -28668
-15811 -28668
-15811 -28668
-15811 -28668
-15811 -28668
-15811 -28668
-15811 -28668
-15839 -28653
-15839 -28653
-15839 -28653
-15839 -28653
-15839 -28653
-15839 -28653
-15839 -28653
-15839 -28653
-15839 -28653
-15839 -28653
-15839 -28653
-15867 -28637
-15867 -28637
-15867 -28637
-15867 -28637
-15867 -28637
-15867 -28637
-15867 -28637
-15867 -28637
-15867 -28637
-15867 -28637
-15895 -28622
-15895 -28622
-15895 -28622
-15895 -28622
-15895 -28622
-15895 -28622
-15895 -28622
-15895 -28622
-15895 -28622
-15895 -28622
-15922 -28607
-15922 -28607
-15922 -28607
-15922 -28607
-15922 -28607
-15922 -28607
-15922 -28607
-15922 -28607
-15922 -28607
-15922 -28607
-15950 -28591
-15950 -28591
-15950 -28591
-15950 -28591
-15950 -28591
-15950 -28591
-15950 -28591
-15950 -28591
-15950 -28591
-15950 -28591
-15978 -28575
-15978 -28575
-15978 -28575
-15978 -28575
-15978 -28575
-15978 -28575
-15978 -28575
-15978 -28575
-15978 -28575
-15978 -28575
-16006 -28559
-16006 -28559
-16006 -28559
-16006 -28559
-16006 -28559
-16006 -28559
-16006 -28559
-16006 -28559
-16006 -28559
-16006 -28559
-16033 -28544
-16033 -28544
-16033 -28544
-16033 -28544
-16033 -28544
-16033 -28544
-16033 -28544
-16033 -28544
-16033 -28544
-16033 -28544
-16061 -28528
-16061 -28528
-16061 -28528
-16061 -28528
-16061 -28528
-16061 -28528
-16061 -28528
-16061 -28528
-16061 -28528
-16061 -28528
-16061 -28528
-16089 -28512
-16089 -28512
-16089 -28512
-16089 -28512
-16089 -28512
-16089 -28512
-16089 -28512
-16089 -28512
-16089 -28512
-16089 -28512
-16117 -28496
-16117 -28496
-16117 -28496
-16117 -28496
-16117 -28496
-16117 -28496
-16117 -28496
-16117 -28496
-16117 -28496
-16117 -28496
-16144 -28481
-16144 -28481
-16130 -28489
-16130 -28489
-16130 -28489
-16157 -28474
-16157 -28474
-16157 -28474
-16157 -28474
-16157 -28474
-16157 -28474
-16157 -28474
-16157 -28474
-16157 -28474
-16157 -28474
-16184 -28458
-16184 -28458
-16184 -28458
-16184 -28458
-16184 -28458
-16184 -28458
-16184 -28458
-16184 -28458
-16184 -28458
-16184 -28458
-16212 -28442
-16212 -28442
-16212 -28442
-16212 -28442
-16212 -28442
-16212 -28442
-16212 -28442
-16212 -28442
-16212 -28442
-16212 -28442
-16240 -28427
-16240 -28427
-16240 -28427
-16240 -28427
-16240 -28427
-16240 -28427
-16240 -28427
-16240 -28427
-16240 -28427
-16240 -28427
-16240 -28427
-16268 -28411
-16268 -28411
-16268 -28411
-16268 -28411
-16268 -28411
-16268 -28411
-16268 -28411
-16268 -28411
-16268 -28411
-16268 -28411
-16296 -28395
-16296 -28395
-16296 -28395
-16296 -28395
-16296 -28395
-16296 -28395
-16296 -28395
-16296 -28395
-16296 -28395
-16296 -28395
-16323 -28380
-16323 -28380
-16323 -28380
-16323 -28380
-16323 -28380
-16323 -28380
-16323 -28380
-16323 -28380
-16323 -28380
-16323 -28380
-16351 -28363
-16351 -28363
-16351 -28363
-16351 -28363
-16351 -28363
-16351 -28363
-16351 -28363
-16351 -28363
-16351 -28363
-16351 -28363
-16379 -28348
-16379 -28348
-16379 -28348
-16379 -28348
-16379 -28348
-16379 -28348
-16379 -28348
-16379 -28348
-16379 -28348
-16379 -28348
-16406 -28331
-16406 -28331
-16406 -28331
-16406 -28331
-16406 -28331
-16406 -28331
-16406 -28331
-16406 -28331
-16406 -28331
-16406 -28331
-16433 -28316
-16433 -28316
-16433 -28316
-16433 -28316
-16433 -28316
-16433 -28316
-16433 -28316
-16433 -28316
-16433 -28316
-16433 -28316
-16462 -28300
-16462 -28300
-16462 -28300
-16462 -28300
-16462 -28300
-16462 -28300
-16462 -28300
-16462 -28300
-16462 -28300
-16462 -28300
-16462 -28300
-16489 -28284
-16489 -28284
-16489 -28284
-16477 -28279
-16477 -28279
-16477 -28279
-16477 -28279
-16505 -28263
-16505 -28263
-16505 -28263
-16505 -28263
-16505 -28263
-16505 -28263
-16505 -28263
-16505 -28263
-16505 -28263
-16505 -28263
-16532 -28247
-16532 -28247
-16532 -28247
-16532 -28247
-16532 -28247
-16532 -28247
-16532 -28247
-16532 -28247
-16532 -28247
-16532 -28247
-16532 -28247
-16559 -28230
-16559 -28230
-16559 -28230
-16559 -28230
-16559 -28230
-16559 -28230
-16559 -28230
-16559 -28230
-16559 -28230
-16559 -28230
-16587 -28215
-16587 -28215
-16587 -28215
-16587 -28215
-16587 -28215
-16587 -28215
-16587 -28215
-16587 -28215
-16587 -28215
-16587 -28215
-16614 -28199
-16614 -28199
-16614 -28199
-16614 -28199
-16614 -28199
-16614 -28199
-16614 -28199
-16614 -28199
-16614 -28199
-16614 -28199
-16642 -28182
-16642 -28182
-16642 -28182
-16642 -28182
-16642 -28182
-16642 -28182
-16642 -28182
-16642 -28182
-16642 -28182
-16642 -28182
-16670 -28166
-16670 -28166
-16670 -28166
-16670 -28166
-16670 -28166
-16670 -28166
-16670 -28166
-16670 -28166
-16670 -28166
-16670 -28166
-16697 -28149
-16697 -28149
-16697 -28149
-16697 -28149
-16697 -28149
-16697 -28149
-16697 -28149
-16697 -28149
-16697 -28149
-16697 -28149
-16724 -28133
-16724 -28133
-16724 -28133
-16724 -28133
-16724 -28133
-16724 -28133
-16724 -28133
-16724 -28133
-16724 -28133
-16724 -28133
-16751 -28117
-16751 -28117
-16751 -28117
-16751 -28117
-16751 -28117
-16751 -28117
-16751 -28117
-16751 -28117
-16751 -28117
-16751 -28117
-16751 -28117
-16778 -28100
-16778 -28100
-16778 -28100
-16778 -28100
-16778 -28100
-16778 -28100
-16778 -28100
-16778 -28100
-16778 -28100
-16778 -28100
-16806 -28084
-16806 -28084
-16806 -28084
-16806 -28084
-16806 -28084
-16806 -28084
-16806 -28084
-16806 -28084
-16806 -28084
-16806 -28084
-16833 -28068
-16833 -28068
-16819 -28076
-16819 -28076
-16819 -28076
-16845 -28060
-16845 -28060
-16845 -28060
-16845 -28060
-16845 -28060
-16845 -28060
-16845 -28060
-16845 -28060
-16845 -28060
-16845 -28060
-16873 -28044
-16873 -28044
-16873 -28044
-16873 -28044
-16873 -28044
-16873 -28044
-16873 -28044
-16873 -28044
-16873 -28044
-16873 -28044
-16900 -28027
-16900 -28027
-16900 -28027
-16900 -28027
-16900 -28027
-16900 -28027
-16900 -28027
-16900 -28027
-16900 -28027
-16900 -28027
-16927 -28011
-16927 -28011
-16927 -28011
-16927 -28011
-16927 -28011
-16927 -28011
-16927 -28011
-16927 -28011
-16927 -28011
-16927 -28011
-16927 -28011
-16955 -27995
-16955 -27995
-16955 -27995
-16955 -27995
-16955 -27995
-16955 -27995
-16955 -27995
-16955 -27995
-16955 -27995
-16955 -27995
-16982 -27978
-16982 -27978
-16982 -27978
-16982 -27978
-16982 -27978
-16982 -27978
-16982 -27978
-16982 -27978
-16982 -27978
-16982 -27978
-17009 -27962
-17009 -27962
-17009 -27962
-17009 -27962
-17009 -27962
-17009 -27962
-17009 -27962
-17009 -27962
-17009 -27962
-17009 -27962
-17037 -27945
-17037 -27945
-17037 -27945
-17037 -27945
-17037 -27945
-17037 -27945
-17037 -27945
-17037 -27945
-17037 -27945
-17037 -27945
-17065 -27929
-17065 -27929
-17065 -27929
-17065 -27929
-17065 -27929
-17065 -27929
-17065 -27929
-17065 -27929
-17065 -27929
-17065 -27929
-17091 -27912
-17091 -27912
-17091 -27912
-17091 -27912
-17091 -27912
-17091 -27912
-17091 -27912
-17091 -27912
-17091 -27912
-17091 -27912
-17118 -27896
-17118 -27896
-17118 -27896
-17118 -27896
-17118 -27896
-17118 -27896
-17118 -27896
-17118 -27896
-17118 -27896
-17118 -27896
-17146 -27879
-17146 -27879
-17146 -27879
-17146 -27879
-17146 -27879
-17146 -27879
-17146 -27879
-17146 -27879
-17146 -27879
-17146 -27879
-17146 -27879
-17173 -27863
-17173 -27863
-17173 -27863
-17172 -27873
-17172 -27873
-17172 -27873
-17172 -27873
-17199 -27857
-17199 -27857
-17199 -27857
-17199 -27857
-17199 -27857
-17199 -27857
-17199 -27857
-17199 -27857
-17199 -27857
-17199 -27857
-17226 -27840
-17226 -27840
-17226 -27840
-17226 -27840
-17226 -27840
-17226 -27840
-17226 -27840
-17226 -27840
-17226 -27840
-17226 -27840
-17226 -27840
-17253 -27823
-17253 -27823
-17253 -27823
-17253 -27823
-17253 -27823
-17253 -27823
-17253 -27823
-17253 -27823
-17253 -27823
-17253 -27823
-17281 -27807
-17281 -27807
-17281 -27807
-17281 -27807
-17281 -27807
-17281 -27807
-17281 -27807
-17281 -27807
-17281 -27807
-17281 -27807
-17307 -27790
-17307 -27790
-17307 -27790
-17307 -27790
-17307 -27790
-17307 -27790
-17307 -27790
-17307 -27790
-17307 -27790
-17307 -27790
-17335 -27773
-17335 -27773
-17335 -27773
-17335 -27773
-17335 -27773
-17335 -27773
-17335 -27773
-17335 -27773
-17335 -27773
-17335 -27773
-17362 -27755
-17362 -27755
-17362 -27755
-17362 -27755
-17362 -27755
-17362 -27755
-17362 -27755
-17362 -27755
-17362 -27755
-17362 -27755
-17389 -27738
-17389 -27738
-17389 -27738
-17389 -27738
-17389 -27738
-17389 -27738
-17389 -27738
-17389 -27738
-17389 -27738
-17389 -27738
-17415 -27722
-17415 -27722
-17415 -27722
-17415 -27722
-17415 -27722
-17415 -27722
-17415 -27722
-17415 -27722
-17415 -27722
-17415 -27722
-17442 -27705
-17442 -27705
-17442 -27705
-17442 -27705
-17442 -27705
-17442 -27705
-17442 -27705
-17442 -27705
-17442 -27705
-17442 -27705
-17442 -27705
-17469 -27688
-17469 -27688
-17469 -27688
-17469 -27688
-17469 -27688
-17469 -27688
-17469 -27688
-17469 -27688
-17469 -27688
-17469 -27688
-17496 -27670
-17496 -27670
-17496 -27670
-17496 -27670
-17496 -27670
-17496 -27670
-17496 -27670
-17496 -27670
-17496 -27670
-17496 -27670
-17523 -27653
-17523 -27653
-17509 -27662
-17509 -27662
-17509 -27662
-17535 -27646
-17535 -27646
-17535 -27646
-17535 -27646
-17535 -27646
-17535 -27646
-17535 -27646
-17535 -27646
-17535 -27646
-17535 -27646
-17562 -27629
-17562 -27629
-17562 -27629
-17562 -27629
-17562 -27629
-17562 -27629
-17562 -27629
-17562 -27629
-17562 -27629
-17562 -27629
-17589 -27612
-17589 -27612
-17589 -27612
-17589 -27612
-17589 -27612
-17589 -27612
-17589 -27612
-17589 -27612
-17589 -27612
-17589 -27612
-17616 -27595
-17616 -27595
-17616 -27595
-17616 -27595
-17616 -27595
-17616 -27595
-17616 -27595
-17616 -27595
-17616 -27595
-17616 -27595
-17616 -27595
-17643 -27577
-17643 -27577
-17643 -27577
-17643 -27577
-17643 -27577
-17643 -27577
-17643 -27577
-17643 -27577
-17643 -27577
-17643 -27577
-17670 -27560
-17670 -27560
-17670 -27560
-17670 -27560
-17670 -27560
-17670 -27560
-17670 -27560
-17670 -27560
-17670 -27560
-17670 -27560
-17696 -27544
-17696 -27544
-17696 -27544
-17696 -27544
-17696 -27544
-17696 -27544
-17696 -27544
-17696 -27544
-17696 -27544
-17696 -27544
-17724 -27526
-17724 -27526
-17724 -27526
-17724 -27526
-17724 -27526
-17724 -27526
-17724 -27526
-17724 -27526
-17724 -27526
-17724 -27526
-17751 -27509
-17751 -27509
-17751 -27509
-17751 -27509
-17751 -27509
-17751 -27509
-17751 -27509
-17751 -27509
-17751 -27509
-17751 -27509
-17777 -27491
-17777 -27491
-17777 -27491
-17777 -27491
-17777 -27491
-17777 -27491
-17777 -27491
-17777 -27491
-17777 -27491
-17777 -27491
-17804 -27474
-17804 -27474
-17804 -27474
-17804 -27474
-17804 -27474
-17804 -27474
-17804 -27474
-17804 -27474
-17804 -27474
-17804 -27474
-17831 -27457
-17831 -27457
-17831 -27457
-17831 -27457
-17831 -27457
-17831 -27457
-17831 -27457
-17831 -27457
-17831 -27457
-17831 -27457
-17831 -27457
-17858 -27440
-17858 -27440
-17858 -27440
-17866 -27469
-17866 -27469
-17866 -27469
-17866 -27469
-17893 -27452
-17893 -27452
-17893 -27452
-17893 -27452
-17893 -27452
-17893 -27452
-17893 -27452
-17893 -27452
-17893 -27452
-17893 -27452
-17920 -27434
-17920 -27434
-17920 -27434
-17920 -27434
-17920 -27434
-17920 -27434
-17920 -27434
-17920 -27434
-17920 -27434
-17920 -27434
-17920 -27434
-17946 -27417
-17946 -27417
-17946 -27417
-17946 -27417
-17946 -27417
-17946 -27417
-17946 -27417
-17946 -27417
-17946 -27417
-17946 -27417
-17973 -27400
-17973 -27400
-17973 -27400
-17973 -27400
-17973 -27400
-17973 -27400
-17973 -27400
-17973 -27400
-17973 -27400
-17973 -27400
-17999 -27382
-17999 -27382
-17999 -27382
-17999 -27382
-17999 -27382
-17999 -27382
-17999 -27382
-17999 -27382
-17999 -27382
-17999 -27382
-18027 -27364
-18027 -27364
-18027 -27364
-18027 -27364
-18027 -27364
-18027 -27364
-18027 -27364
-18027 -27364
-18027 -27364
-18027 -27364
-18053 -27346
-18053 -27346
-18053 -27346
-18053 -27346
-18053 -27346
-18053 -27346
-18053 -27346
-18053 -27346
-18053 -27346
-18053 -27346
-18080 -27329
-18080 -27329
-18080 -27329
-18080 -27329
-18080 -27329
-18080 -27329
-18080 -27329
-18080 -27329
-18080 -27329
-18080 -27329
-18105 -27311
-18105 -27311
-18105 -27311
-18105 -27311
-18105 -27311
-18105 -27311
-18105 -27311
-18105 -27311
-18105 -27311
-18105 -27311
-18132 -27294
-18132 -27294
-18132 -27294
-18132 -27294
-18132 -27294
-18132 -27294
-18132 -27294
-18132 -27294
-18132 -27294
-18132 -27294
-18132 -27294
-18159 -27276
-18159 -27276
-18159 -27276
-18159 -27276
-18159 -27276
-18159 -27276
-18159 -27276
-18159 -27276
-18159 -27276
-18159 -27276
-18185 -27258
-18185 -27258
-18185 -27258
-18185 -27258
-18185 -27258
-18185 -27258
-18185 -27258
-18185 -27258
-18185 -27258
-18185 -27258
-18212 -27240
-18212 -27240
-18198 -27250
-18198 -27250
-18198 -27250
-18224 -27232
-18224 -27232
-18224 -27232
-18224 -27232
-18224 -27232
-18224 -27232
-18224 -27232
-18224 -27232
-18224 -27232
-18224 -27232
-18250 -27215
-18250 -27215
-18250 -27215
-18250 -27215
-18250 -27215
-18250 -27215
-18250 -27215
-18250 -27215
-18250 -27215
-18250 -27215
-18277 -27197
-18277 -27197
-18277 -27197
-18277 -27197
-18277 -27197
-18277 -27197
-18277 -27197
-18277 -27197
-18277 -27197
-18277 -27197
-18303 -27179
-18303 -27179
-18303 -27179
-18303 -27179
-18303 -27179
-18303 -27179
-18303 -27179
-18303 -27179
-18303 -27179
-18303 -27179
-18303 -27179
-18330 -27161
-18330 -27161
-18330 -27161
-18330 -27161
-18330 -27161
-18330 -27161
-18330 -27161
-18330 -27161
-18330 -27161
-18330 -27161
-18357 -27143
-18357 -27143
-18357 -27143
-18357 -27143
-18357 -27143
-18357 -27143
-18357 -27143
-18357 -27143
-18357 -27143
-18357 -27143
-18382 -27126
-18382 -27126
-18382 -27126
-18382 -27126
-18382 -27126
-18382 -27126
-18382 -27126
-18382 -27126
-18382 -27126
-18382 -27126
-18410 -27108
-18410 -27108
-18410 -27108
-18410 -27108
-18410 -27108
-18410 -27108
-18410 -27108
-18410 -27108
-18410 -27108
-18410 -27108
-18436 -27090
-18436 -27090
-18436 -27090
-18436 -27090
-18436 -27090
-18436 -27090
-18436 -27090
-18436 -27090
-18436 -27090
-18436 -27090
-18462 -27072
-18462 -27072
-18462 -27072
-18462 -27072
-18462 -27072
-18462 -27072
-18462 -27072
-18462 -27072
-18462 -27072
-18462 -27072
-18488 -27054
-18488 -27054
-18488 -27054
-18488 -27054
-18488 -27054
-18488 -27054
-18488 -27054
-18488 -27054
-18488 -27054
-18488 -27054
-18516 -27036
-18516 -27036
-18516 -27036
-18516 -27036
-18516 -27036
-18516 -27036
-18516 -27036
-18516 -27036
-18516 -27036
-18516 -27036
-18516 -27036
-18541 -27019
-18541 -27019
-18541 -27019
-18518 -26998
-18518 -26998
-18518 -26998
-18518 -26998
-18544 -26981
-18544 -26981
-18544 -26981
-18544 -26981
-18544 -26981
-18544 -26981
-18544 -26981
-18544 -26981
-18544 -26981
-18544 -26981
-18570 -26962
-18570 -26962
-18570 -26962
-18570 -26962
-18570 -26962
-18570 -26962
-18570 -26962
-18570 -26962
-18570 -26962
-18570 -26962
-18570 -26962
-18597 -26944
-18597 -26944
-18597 -26944
-18597 -26944
-18597 -26944
-18597 -26944
-18597 -26944
-18597 -26944
-18597 -26944
-18597 -26944
-18623 -26926
-18623 -26926
-18623 -26926
-18623 -26926
-18623 -26926
-18623 -26926
-18623 -26926
-18623 -26926
-18623 -26926
-18623 -26926
-18649 -26908
-18649 -26908
-18649 -26908
-18649 -26908
-18649 -26908
-18649 -26908
-18649 -26908
-18649 -26908
-18649 -26908
-18649 -26908
-18676 -26889
-18676 -26889
-18676 -26889
-18676 -26889
-18676 -26889
-18676 -26889
-18676 -26889
-18676 -26889
-18676 -26889
-18676 -26889
-18702 -26871
-18702 -26871
-18702 -26871
-18702 -26871
-18702 -26871
-18702 -26871
-18702 -26871
-18702 -26871
-18702 -26871
-18702 -26871
-18728 -26852
-18728 -26852
-18728 -26852
-18728 -26852
-18728 -26852
-18728 -26852
-18728 -26852
-18728 -26852
-18728 -26852
-18728 -26852
-18753 -26835
-18753 -26835
-18753 -26835
-18753 -26835
-18753 -26835
-18753 -26835
-18753 -26835
-18753 -26835
-18753 -26835
-18753 -26835
-18779 -26816
-18779 -26816
-18779 -26816
-18779 -26816
-18779 -26816
-18779 -26816
-18779 -26816
-18779 -26816
-18779 -26816
-18779 -26816
-18779 -26816
-18805 -26798
-18805 -26798
-18805 -26798
-18805 -26798
-18805 -26798
-18805 -26798
-18805 -26798
-18805 -26798
-18805 -26798
-18805 -26798
-18832 -26779
-18832 -26779
-18832 -26779
-18832 -26779
-18832 -26779
-18832 -26779
-18832 -26779
-18832 -26779
-18832 -26779
-18832 -26779
-18858 -26761
-18858 -26761
-18844 -26771
-18844 -26771
-18844 -26771
-18869 -26753
-18869 -26753
-18869 -26753
-18869 -26753
-18869 -26753
-18869 -26753
-18869 -26753
-18869 -26753
-18869 -26753
-18869 -26753
-18895 -26735
-18895 -26735
-18895 -26735
-18895 -26735
-18895 -26735
-18895 -26735
-18895 -26735
-18895 -26735
-18895 -26735
-18895 -26735
-18921 -26716
-18921 -26716
-18921 -26716
-18921 -26716
-18921 -26716
-18921 -26716
-18921 -26716
-18921 -26716
-18921 -26716
-18921 -26716
-18948 -26698
-18948 -26698
-18948 -26698
-18948 -26698
-18948 -26698
-18948 -26698
-18948 -26698
-18948 -26698
-18948 -26698
-18948 -26698
-18948 -26698
-18974 -26679
-18974 -26679
-18974 -26679
-18974 -26679
-18974 -26679
-18974 -26679
-18974 -26679
-18974 -26679
-18974 -26679
-18974 -26679
-19000 -26661
-19000 -26661
-19000 -26661
-19000 -26661
-19000 -26661
-19000 -26661
-19000 -26661
-19000 -26661
-19000 -26661
-19000 -26661
-19025 -26643
-19025 -26643
-19025 -26643
-19025 -26643
-19025 -26643
-19025 -26643
-19025 -26643
-19025 -26643
-19025 -26643
-19025 -26643
-19052 -26624
-19052 -26624
-19052 -26624
-19052 -26624
-19052 -26624
-19052 -26624
-19052 -26624
-19052 -26624
-19052 -26624
-19052 -26624
-19078 -26606
-19078 -26606
-19078 -26606
-19078 -26606
-19078 -26606
-19078 -26606
-19078 -26606
-19078 -26606
-19078 -26606
-19078 -26606
-19104 -26586
-19104 -26586
-19104 -26586
-19104 -26586
-19104 -26586
-19104 -26586
-19104 -26586
-19104 -26586
-19104 -26586
-19104 -26586
-19129 -26569
-19129 -26569
-19129 -26569
-19129 -26569
-19129 -26569
-19129 -26569
-19129 -26569
-19129 -26569
-19129 -26569
-19129 -26569
-19156 -26550
-19156 -26550
-19156 -26550
-19156 -26550
-19156 -26550
-19156 -26550
-19156 -26550
-19156 -26550
-19156 -26550
-19156 -26550
-19156 -26550
-19181 -26532
-19181 -26532
-19181 -26532
-19170 -26527
-19170 -26527
-19170 -26527
-19170 -26527
-19196 -26509
-19196 -26509
-19196 -26509
-19196 -26509
-19196 -26509
-19196 -26509
-19196 -26509
-19196 -26509
-19196 -26509
-19196 -26509
-19221 -26490
-19221 -26490
-19221 -26490
-19221 -26490
-19221 -26490
-19221 -26490
-19221 -26490
-19221 -26490
-19221 -26490
-19221 -26490
-19221 -26490
-19247 -26471
-19247 -26471
-19247 -26471
-19247 -26471
-19247 -26471
-19247 -26471
-19247 -26471
-19247 -26471
-19247 -26471
-19247 -26471
-19273 -26453
-19273 -26453
-19273 -26453
-19273 -26453
-19273 -26453
-19273 -26453
-19273 -26453
-19273 -26453
-19273 -26453
-19273 -26453
-19298 -26434
-19298 -26434
-19298 -26434
-19298 -26434
-19298 -26434
-19298 -26434
-19298 -26434
-19298 -26434
-19298 -26434
-19298 -26434
-19325 -26415
-19325 -26415
-19325 -26415
-19325 -26415
-19325 -26415
-19325 -26415
-19325 -26415
-19325 -26415
-19325 -26415
-19325 -26415
-19350 -26395
-19350 -26395
-19350 -26395
-19350 -26395
-19350 -26395
-19350 -26395
-19350 -26395
-19350 -26395
-19350 -26395
-19350 -26395
-19376 -26376
-19376 -26376
-19376 -26376
-19376 -26376
-19376 -26376
-19376 -26376
-19376 -26376
-19376 -26376
-19376 -26376
-19376 -26376
-19401 -26358
-19401 -26358
-19401 -26358
-19401 -26358
-19401 -26358
-19401 -26358
-19401 -26358
-19401 -26358
-19401 -26358
-19401 -26358
-19427 -26339
-19427 -26339
-19427 -26339
-19427 -26339
-19427 -26339
-19427 -26339
-19427 -26339
-19427 -26339
-19427 -26339
-19427 -26339
-19427 -26339
-19452 -26320
-19452 -26320
-19452 -26320
-19452 -26320
-19452 -26320
-19452 -26320
-19452 -26320
-19452 -26320
-19452 -26320
-19452 -26320
-19478 -26301
-19478 -26301
-19478 -26301
-19478 -26301
-19478 -26301
-19478 -26301
-19478 -26301
-19478 -26301
-19478 -26301
-19478 -26301
-19504 -26282
-19504 -26282
-19490 -26292
-19490 -26292
-19490 -26292
-19515 -26274
-19515 -26274
-19515 -26274
-19515 -26274
-19515 -26274
-19515 -26274
-19515 -26274
-19515 -26274
-19515 -26274
-19515 -26274
-19541 -26254
-19541 -26254
-19541 -26254
-19541 -26254
-19541 -26254
-19541 -26254
-19541 -26254
-19541 -26254
-19541 -26254
-19541 -26254
-19566 -26235
-19566 -26235
-19566 -26235
-19566 -26235
-19566 -26235
-19566 -26235
-19566 -26235
-19566 -26235
-19566 -26235
-19566 -26235
-19592 -26216
-19592 -26216
-19592 -26216
-19592 -26216
-19592 -26216
-19592 -26216
-19592 -26216
-19592 -26216
-19592 -26216
-19592 -26216
-19592 -26216
-19618 -26197
-19618 -26197
-19618 -26197
-19618 -26197
-19618 -26197
-19618 -26197
-19618 -26197
-19618 -26197
-19618 -26197
-19618 -26197
-19643 -26178
-19643 -26178
-19643 -26178
-19643 -26178
-19643 -26178
-19643 -26178
-19643 -26178
-19643 -26178
-19643 -26178
-19643 -26178
-19668 -26160
-19668 -26160
-19668 -26160
-19668 -26160
-19668 -26160
-19668 -26160
-19668 -26160
-19668 -26160
-19668 -26160
-19668 -26160
-19695 -26140
-19695 -26140
-19695 -26140
-19695 -26140
-19695 -26140
-19695 -26140
-19695 -26140
-19695 -26140
-19695 -26140
-19695 -26140
-19720 -26121
-19720 -26121
-19720 -26121
-19720 -26121
-19720 -26121
-19720 -26121
-19720 -26121
-19720 -26121
-19720 -26121
-19720 -26121
-19745 -26101
-19745 -26101
-19745 -26101
-19745 -26101
-19745 -26101
-19745 -26101
-19745 -26101
-19745 -26101
-19745 -26101
-19745 -26101
-19770 -26083
-19770 -26083
-19770 -26083
-19770 -26083
-19770 -26083
-19770 -26083
-19770 -26083
-19770 -26083
-19770 -26083
-19770 -26083
-19797 -26063
-19797 -26063
-19797 -26063
-19797 -26063
-19797 -26063
-19797 -26063
-19797 -26063
-19797 -26063
-19797 -26063
-19797 -26063
-19797 -26063
-19822 -26045
-19822 -26045
-19822 -26045
-19820 -26056
-19820 -26056
-19820 -26056
-19820 -26056
-19846 -26037
-19846 -26037
-19846 -26037
-19846 -26037
-19846 -26037
-19846 -26037
-19846 -26037
-19846 -26037
-19846 -26037
-19846 -26037
-19871 -26018
-19871 -26018
-19871 -26018
-19871 -26018
-19871 -26018
-19871 -26018
-19871 -26018
-19871 -26018
-19871 -26018
-19871 -26018
-19871 -26018
-19897 -25998
-19897 -25998
-19897 -25998
-19897 -25998
-19897 -25998
-19897 -25998
-19897 -25998
-19897 -25998
-19897 -25998
-19897 -25998
-19922 -25979
-19922 -25979
-19922 -25979
-19922 -25979
-19922 -25979
-19922 -25979
-19922 -25979
-19922 -25979
-19922 -25979
-19922 -25979
-19947 -25960
-19947 -25960
-19947 -25960
-19947 -25960
-19947 -25960
-19947 -25960
-19947 -25960
-19947 -25960
-19947 -25960
-19947 -25960
-19973 -25940
-19973 -25940
-19973 -25940
-19973 -25940
-19973 -25940
-19973 -25940
-19973 -25940
-19973 -25940
-19973 -25940
-19973 -25940
-19998 -25920
-19998 -25920
-19998 -25920
-19998 -25920
-19998 -25920
-19998 -25920
-19998 -25920
-19998 -25920
-19998 -25920
-19998 -25920
-20023 -25900
-20023 -25900
-20023 -25900
-20023 -25900
-20023 -25900
-20023 -25900
-20023 -25900
-20023 -25900
-20023 -25900
-20023 -25900
-20048 -25881
-20048 -25881
-20048 -25881
-20048 -25881
-20048 -25881
-20048 -25881
-20048 -25881
-20048 -25881
-20048 -25881
-20048 -25881
-20073 -25862
-20073 -25862
-20073 -25862
-20073 -25862
-20073 -25862
-20073 -25862
-20073 -25862
-20073 -25862
-20073 -25862
-20073 -25862
-20073 -25862
-20098 -25842
-20098 -25842
-20098 -25842
-20098 -25842
-20098 -25842
-20098 -25842
-20098 -25842
-20098 -25842
-20098 -25842
-20098 -25842
-20123 -25822
-20123 -25822
-20123 -25822
-20123 -25822
-20123 -25822
-20123 -25822
-20123 -25822
-20123 -25822
-20123 -25822
-20123 -25822
-20148 -25803
-20148 -25803
-20135 -25813
-20135 -25813
-20135 -25813
-20160 -25794
-20160 -25794
-20160 -25794
-20160 -25794
-20160 -25794
-20160 -25794
-20160 -25794
-20160 -25794
-20160 -25794
-20160 -25794
-20185 -25774
-20185 -25774
-20185 -25774
-20185 -25774
-20185 -25774
-20185 -25774
-20185 -25774
-20185 -25774
-20185 -25774
-20185 -25774
-20210 -25755
-20210 -25755
-20210 -25755
-20210 -25755
-20210 -25755
-20210 -25755
-20210 -25755
-20210 -25755
-20210 -25755
-20210 -25755
-20235 -25735
-20235 -25735
-20235 -25735
-20235 -25735
-20235 -25735
-20235 -25735
-20235 -25735
-20235 -25735
-20235 -25735
-20235 -25735
-20235 -25735
-20260 -25715
-20260 -25715
-20260 -25715
-20260 -25715
-20260 -25715
-20260 -25715
-20260 -25715
-20260 -25715
-20260 -25715
-20260 -25715
-20286 -25696
-20286 -25696
-20286 -25696
-20286 -25696
-20286 -25696
-20286 -25696
-20286 -25696
-20286 -25696
-20286 -25696
-20286 -25696
-20310 -25677
-20310 -25677
-20310 -25677
-20310 -25677
-20310 -25677
-20310 -25677
-20310 -25677
-20310 -25677
-20310 -25677
-20310 -25677
-20336 -25656
-20336 -25656
-20336 -25656
-20336 -25656
-20336 -25656
-20336 -25656
-20336 -25656
-20336 -25656
-20336 -25656
-20336 -25656
-20361 -25637
-20361 -25637
-20361 -25637
-20361 -25637
-20361 -25637
-20361 -25637
-20361 -25637
-20361 -25637
-20361 -25637
-20361 -25637
-20386 -25616
-20386 -25616
-20386 -25616
-20386 -25616
-20386 -25616
-20386 -25616
-20386 -25616
-20386 -25616
-20386 -25616
-20386 -25616
-20410 -25597
-20410 -25597
-20410 -25597
-20410 -25597
-20410 -25597
-20410 -25597
-20410 -25597
-20410 -25597
-20410 -25597
-20410 -25597
-20436 -25577
-20436 -25577
-20436 -25577
-20436 -25577
-20436 -25577
-20436 -25577
-20436 -25577
-20436 -25577
-20436 -25577
-20436 -25577
-20436 -25577
-20461 -25558
-20461 -25558
-20461 -25558
-20472 -25585
-20472 -25585
-20472 -25585
-20472 -25585
-20498 -25566
-20498 -25566
-20498 -25566
-20498 -25566
-20498 -25566
-20498 -25566
-20498 -25566
-20498 -25566
-20498 -25566
-20498 -25566
-20522 -25545
-20522 -25545
-20522 -25545
-20522 -25545
-20522 -25545
-20522 -25545
-20522 -25545
-20522 -25545
-20522 -25545
-20522 -25545
-20522 -25545
-20547 -25525
-20547 -25525
-20547 -25525
-20547 -25525
-20547 -25525
-20547 -25525
-20547 -25525
-20547 -25525
-20547 -25525
-20547 -25525
-20572 -25506
-20572 -25506
-20572 -25506
-20572 -25506
-20572 -25506
-20572 -25506
-20572 -25506
-20572 -25506
-20572 -25506
-20572 -25506
-20596 -25486
-20596 -25486
-20596 -25486
-20596 -25486
-20596 -25486
-20596 -25486
-20596 -25486
-20596 -25486
-20596 -25486
-20596 -25486
-20622 -25465
-20622 -25465
-20622 -25465
-20622 -25465
-20622 -25465
-20622 -25465
-20622 -25465
-20622 -25465
-20622 -25465
-20622 -25465
-20647 -25445
-20647 -25445
-20647 -25445
-20647 -25445
-20647 -25445
-20647 -25445
-20647 -25445
-20647 -25445
-20647 -25445
-20647 -25445
-20671 -25424
-20671 -25424
-20671 -25424
-20671 -25424
-20671 -25424
-20671 -25424
-20671 -25424
-20671 -25424
-20671 -25424
-20671 -25424
-20695 -25405
-20695 -25405
-20695 -25405
-20695 -25405
-20695 -25405
-20695 -25405
-20695 -25405
-20695 -25405
-20695 -25405
-20695 -25405
-20720 -25384
-20720 -25384
-20720 -25384
-20720 -25384
-20720 -25384
-20720 -25384
-20720 -25384
-20720 -25384
-20720 -25384
-20720 -25384
-20720 -25384
-20745 -25364
-20745 -25364
-20745 -25364
-20745 -25364
-20745 -25364
-20745 -25364
-20745 -25364
-20745 -25364
-20745 -25364
-20745 -25364
-20770 -25344
-20770 -25344
-20770 -25344
-20770 -25344
-20770 -25344
-20770 -25344
-20770 -25344
-20770 -25344
-20770 -25344
-20770 -25344
-20794 -25324
-20794 -25324
-20781 -25334
-20781 -25334
-20781 -25334
-20805 -25315
-20805 -25315
-20805 -25315
-20805 -25315
-20805 -25315
-20805 -25315
-20805 -25315
-20805 -25315
-20805 -25315
-20805 -25315
-20830 -25294
-20830 -25294
-20830 -25294
-20830 -25294
-20830 -25294
-20830 -25294
-20830 -25294
-20830 -25294
-20830 -25294
-20830 -25294
-20855 -25274
-20855 -25274
-20855 -25274
-20855 -25274
-20855 -25274
-20855 -25274
-20855 -25274
-20855 -25274
-20855 -25274
-20855 -25274
-20879 -25254
-20879 -25254
-20879 -25254
-20879 -25254
-20879 -25254
-20879 -25254
-20879 -25254
-20879 -25254
-20879 -25254
-20879 -25254
-20879 -25254
-20904 -25233
-20904 -25233
-20904 -25233
-20904 -25233
-20904 -25233
-20904 -25233
-20904 -25233
-20904 -25233
-20904 -25233
-20904 -25233
-20929 -25213
-20929 -25213
-20929 -25213
-20929 -25213
-20929 -25213
-20929 -25213
-20929 -25213
-20929 -25213
-20929 -25213
-20929 -25213
-20953 -25193
-20953 -25193
-20953 -25193
-20953 -25193
-20953 -25193
-20953 -25193
-20953 -25193
-20953 -25193
-20953 -25193
-20953 -25193
-20978 -25173
-20978 -25173
-20978 -25173
-20978 -25173
-20978 -25173
-20978 -25173
-20978 -25173
-20978 -25173
-20978 -25173
-20978 -25173
-21003 -25152
-21003 -25152
-21003 -25152
-21003 -25152
-21003 -25152
-21003 -25152
-21003 -25152
-21003 -25152
-21003 -25152
-21003 -25152
-21027 -25131
-21027 -25131
-21027 -25131
-21027 -25131
-21027 -25131
-21027 -25131
-21027 -25131
-21027 -25131
-21027 -25131
-21027 -25131
-21051 -25111
-21051 -25111
-21051 -25111
-21051 -25111
-21051 -25111
-21051 -25111
-21051 -25111
-21051 -25111
-21051 -25111
-21051 -25111
-21077 -25091
-21077 -25091
-21077 -25091
-21077 -25091
-21077 -25091
-21077 -25091
-21077 -25091
-21077 -25091
-21077 -25091
-21077 -25091
-21077 -25091
-21101 -25071
-21101 -25071
-21101 -25071
-21075 -25053
-21075 -25053
-21075 -25053
-21075 -25053
-21100 -25033
-21100 -25033
-21100 -25033
-21100 -25033
-21100 -25033
-21100 -25033
-21100 -25033
-21100 -25033
-21100 -25033
-21100 -25033
-21124 -25012
-21124 -25012
-21124 -25012
-21124 -25012
-21124 -25012
-21124 -25012
-21124 -25012
-21124 -25012
-21124 -25012
-21124 -25012
-21124 -25012
-21148 -24991
-21148 -24991
-21148 -24991
-21148 -24991
-21148 -24991
-21148 -24991
-21148 -24991
-21148 -24991
-21148 -24991
-21148 -24991
-21173 -24971
-21173 -24971
-21173 -24971
-21173 -24971
-21173 -24971
-21173 -24971
-21173 -24971
-21173 -24971
-21173 -24971
-21173 -24971
-21196 -24950
-21196 -24950
-21196 -24950
-21196 -24950
-21196 -24950
-21196 -24950
-21196 -24950
-21196 -24950
-21196 -24950
-21196 -24950
-21221 -24929
-21221 -24929
-21221 -24929
-21221 -24929
-21221 -24929
-21221 -24929
-21221 -24929
-21221 -24929
-21221 -24929
-21221 -24929
-21246 -24908
-21246 -24908
-21246 -24908
-21246 -24908
-21246 -24908
-21246 -24908
-21246 -24908
-21246 -24908
-21246 -24908
-21246 -24908
-21270 -24887
-21270 -24887
-21270 -24887
-21270 -24887
-21270 -24887
-21270 -24887
-21270 -24887
-21270 -24887
-21270 -24887
-21270 -24887
-21293 -24867
-21293 -24867
-21293 -24867
-21293 -24867
-21293 -24867
-21293 -24867
-21293 -24867
-21293 -24867
-21293 -24867
-21293 -24867
-21318 -24846
-21318 -24846
-21318 -24846
-21318 -24846
-21318 -24846
-21318 -24846
-21318 -24846
-21318 -24846
-21318 -24846
-21318 -24846
-21318 -24846
-21342 -24825
-21342 -24825
-21342 -24825
-21342 -24825
-21342 -24825
-21342 -24825
-21342 -24825
-21342 -24825
-21342 -24825
-21342 -24825
-21366 -24804
-21366 -24804
-21366 -24804
-21366 -24804
-21366 -24804
-21366 -24804
-21366 -24804
-21366 -24804
-21366 -24804
-21366 -24804
-21390 -24783
-21390 -24783
-21377 -24794
-21377 -24794
-21377 -24794
-21401 -24774
-21401 -24774
-21401 -24774
-21401 -24774
-21401 -24774
-21401 -24774
-21401 -24774
-21401 -24774
-21401 -24774
-21401 -24774
-21425 -24753
-21425 -24753
-21425 -24753
-21425 -24753
-21425 -24753
-21425 -24753
-21425 -24753
-21425 -24753
-21425 -24753
-21425 -24753
-21449 -24732
-21449 -24732
-21449 -24732
-21449 -24732
-21449 -24732
-21449 -24732
-21449 -24732
-21449 -24732
-21449 -24732
-21449 -24732
-21473 -24712
-21473 -24712
-21473 -24712
-21473 -24712
-21473 -24712
-21473 -24712
-21473 -24712
-21473 -24712
-21473 -24712
-21473 -24712
-21473 -24712
-21498 -24691
-21498 -24691
-21498 -24691
-21498 -24691
-21498 -24691
-21498 -24691
-21498 -24691
-21498 -24691
-21498 -24691
-21498 -24691
-21522 -24670
-21522 -24670
-21522 -24670
-21522 -24670
-21522 -24670
-21522 -24670
-21522 -24670
-21522 -24670
-21522 -24670
-21522 -24670
-21545 -24650
-21545 -24650
-21545 -24650
-21545 -24650
-21545 -24650
-21545 -24650
-21545 -24650
-21545 -24650
-21545 -24650
-21545 -24650
-21570 -24628
-21570 -24628
-21570 -24628
-21570 -24628
-21570 -24628
-21570 -24628
-21570 -24628
-21570 -24628
-21570 -24628
-21570 -24628
-21594 -24607
-21594 -24607
-21594 -24607
-21594 -24607
-21594 -24607
-21594 -24607
-21594 -24607
-21594 -24607
-21594 -24607
-21594 -24607
-21618 -24586
-21618 -24586
-21618 -24586
-21618 -24586
-21618 -24586
-21618 -24586
-21618 -24586
-21618 -24586
-21618 -24586
-21618 -24586
-21641 -24565
-21641 -24565
-21641 -24565
-21641 -24565
-21641 -24565
-21641 -24565
-21641 -24565
-21641 -24565
-21641 -24565
-21641 -24565
-21666 -24544
-21666 -24544
-21666 -24544
-21666 -24544
-21666 -24544
-21666 -24544
-21666 -24544
-21666 -24544
-21666 -24544
-21666 -24544
-21666 -24544
-21690 -24524
-21690 -24524
-21690 -24524
-21677 -24520
-21677 -24520
-21677 -24520
-21677 -24520
-21701 -24499
-21701 -24499
-21701 -24499
-21701 -24499
-21701 -24499
-21701 -24499
-21701 -24499
-21701 -24499
-21701 -24499
-21701 -24499
-21725 -24478
-21725 -24478
-21725 -24478
-21725 -24478
-21725 -24478
-21725 -24478
-21725 -24478
-21725 -24478
-21725 -24478
-21725 -24478
-21725 -24478
-21748 -24456
-21748 -24456
-21748 -24456
-21748 -24456
-21748 -24456
-21748 -24456
-21748 -24456
-21748 -24456
-21748 -24456
-21748 -24456
-21773 -24436
-21773 -24436
-21773 -24436
-21773 -24436
-21773 -24436
-21773 -24436
-21773 -24436
-21773 -24436
-21773 -24436
-21773 -24436
-21796 -24415
-21796 -24415
-21796 -24415
-21796 -24415
-21796 -24415
-21796 -24415
-21796 -24415
-21796 -24415
-21796 -24415
-21796 -24415
-21820 -24393
-21820 -24393
-21820 -24393
-21820 -24393
-21820 -24393
-21820 -24393
-21820 -24393
-21820 -24393
-21820 -24393
-21820 -24393
-21844 -24371
-21844 -24371
-21844 -24371
-21844 -24371
-21844 -24371
-21844 -24371
-21844 -24371
-21844 -24371
-21844 -24371
-21844 -24371
-21867 -24350
-21867 -24350
-21867 -24350
-21867 -24350
-21867 -24350
-21867 -24350
-21867 -24350
-21867 -24350
-21867 -24350
-21867 -24350
-21890 -24329
-21890 -24329
-21890 -24329
-21890 -24329
-21890 -24329
-21890 -24329
-21890 -24329
-21890 -24329
-21890 -24329
-21890 -24329
-21914 -24308
-21914 -24308
-21914 -24308
-21914 -24308
-21914 -24308
-21914 -24308
-21914 -24308
-21914 -24308
-21914 -24308
-21914 -24308
-21914 -24308
-21938 -24286
-21938 -24286
-21938 -24286
-21938 -24286
-21938 -24286
-21938 -24286
-21938 -24286
-21938 -24286
-21938 -24286
-21938 -24286
-21961 -24265
-21961 -24265
-21961 -24265
-21961 -24265
-21961 -24265
-21961 -24265
-21961 -24265
-21961 -24265
-21961 -24265
-21961 -24265
-21985 -24243
-21985 -24243
-21972 -24255
-21972 -24255
-21972 -24255
-21995 -24234
-21995 -24234
-21995 -24234
-21995 -24234
-21995 -24234
-21995 -24234
-21995 -24234
-21995 -24234
-21995 -24234
-21995 -24234
-22019 -24212
-22019 -24212
-22019 -24212
-22019 -24212
-22019 -24212
-22019 -24212
-22019 -24212
-22019 -24212
-22019 -24212
-22019 -24212
-22043 -24191
-22043 -24191
-22043 -24191
-22043 -24191
-22043 -24191
-22043 -24191
-22043 -24191
-22043 -24191
-22043 -24191
-22043 -24191
-22066 -24169
-22066 -24169
-22066 -24169
-22066 -24169
-22066 -24169
-22066 -24169
-22066 -24169
-22066 -24169
-22066 -24169
-22066 -24169
-22066 -24169
-22090 -24148
-22090 -24148
-22090 -24148
-22090 -24148
-22090 -24148
-22090 -24148
-22090 -24148
-22090 -24148
-22090 -24148
-22090 -24148
-22114 -24127
-22114 -24127
-22114 -24127
-22114 -24127
-22114 -24127
-22114 -24127
-22114 -24127
-22114 -24127
-22114 -24127
-22114 -24127
-22137 -24106
-22137 -24106
-22137 -24106
-22137 -24106
-22137 -24106
-22137 -24106
-22137 -24106
-22137 -24106
-22137 -24106
-22137 -24106
-22161 -24084
-22161 -24084
-22161 -24084
-22161 -24084
-22161 -24084
-22161 -24084
-22161 -24084
-22161 -24084
-22161 -24084
-22161 -24084
-22185 -24062
-22185 -24062
-22185 -24062
-22185 -24062
-22185 -24062
-22185 -24062
-22185 -24062
-22185 -24062
-22185 -24062
-22185 -24062
-22208 -24040
-22208 -24040
-22208 -24040
-22208 -24040
-22208 -24040
-22208 -24040
-22208 -24040
-22208 -24040
-22208 -24040
-22208 -24040
-22231 -24019
-22231 -24019
-22231 -24019
-22231 -24019
-22231 -24019
-22231 -24019
-22231 -24019
-22231 -24019
-22231 -24019
-22231 -24019
-22255 -23997
-22255 -23997
-22255 -23997
-22255 -23997
-22255 -23997
-22255 -23997
-22255 -23997
-22255 -23997
-22255 -23997
-22255 -23997
-22255 -23997
-22278 -23976
-22278 -23976
-22278 -23976
-22279 -23988
-22279 -23988
-22279 -23988
-22279 -23988
-22303 -23966
-22303 -23966
-22303 -23966
-22303 -23966
-22303 -23966
-22303 -23966
-22303 -23966
-22303 -23966
-22303 -23966
-22303 -23966
-22326 -23944
-22326 -23944
-22326 -23944
-22326 -23944
-22326 -23944
-22326 -23944
-22326 -23944
-22326 -23944
-22326 -23944
-22326 -23944
-22326 -23944
-22349 -23922
-22349 -23922
-22349 -23922
-22349 -23922
-22349 -23922
-22349 -23922
-22349 -23922
-22349 -23922
-22349 -23922
-22349 -23922
-22373 -23901
-22373 -23901
-22373 -23901
-22373 -23901
-22373 -23901
-22373 -23901
-22373 -23901
-22373 -23901
-22373 -23901
-22373 -23901
-22396 -23879
-22396 -23879
-22396 -23879
-22396 -23879
-22396 -23879
-22396 -23879
-22396 -23879
-22396 -23879
-22396 -23879
-22396 -23879
-22419 -23857
-22419 -23857
-22419 -23857
-22419 -23857
-22419 -23857
-22419 -23857
-22419 -23857
-22419 -23857
-22419 -23857
-22419 -23857
-22443 -23835
-22443 -23835
-22443 -23835
-22443 -23835
-22443 -23835
-22443 -23835
-22443 -23835
-22443 -23835
-22443 -23835
-22443 -23835
-22466 -23813
-22466 -23813
-22466 -23813
-22466 -23813
-22466 -23813
-22466 -23813
-22466 -23813
-22466 -23813
-22466 -23813
-22466 -23813
-22488 -23791
-22488 -23791
-22488 -23791
-22488 -23791
-22488 -23791
-22488 -23791
-22488 -23791
-22488 -23791
-22488 -23791
-22488 -23791
-22511 -23769
-22511 -23769
-22511 -23769
-22511 -23769
-22511 -23769
-22511 -23769
-22511 -23769
-22511 -23769
-22511 -23769
-22511 -23769
-22511 -23769
-22535 -23747
-22535 -23747
-22535 -23747
-22535 -23747
-22535 -23747
-22535 -23747
-22535 -23747
-22535 -23747
-22535 -23747
-22535 -23747
-22558 -23725
-22558 -23725
-22558 -23725
-22558 -23725
-22558 -23725
-22558 -23725
-22558 -23725
-22558 -23725
-22558 -23725
-22558 -23725
-22581 -23703
-22581 -23703
-22569 -23715
-22569 -23715
-22569 -23715
-22591 -23693
-22591 -23693
-22591 -23693
-22591 -23693
-22591 -23693
-22591 -23693
-22591 -23693
-22591 -23693
-22591 -23693
-22591 -23693
-22614 -23671
-22614 -23671
-22614 -23671
-22614 -23671
-22614 -23671
-22614 -23671
-22614 -23671
-22614 -23671
-22614 -23671
-22614 -23671
-22637 -23649
-22637 -23649
-22637 -23649
-22637 -23649
-22637 -23649
-22637 -23649
-22637 -23649
-22637 -23649
-22637 -23649
-22637 -23649
-22660 -23627
-22660 -23627
-22660 -23627
-22660 -23627
-22660 -23627
-22660 -23627
-22660 -23627
-22660 -23627
-22660 -23627
-22660 -23627
-22660 -23627
-22684 -23605
-22684 -23605
-22684 -23605
-22684 -23605
-22684 -23605
-22684 -23605
-22684 -23605
-22684 -23605
-22684 -23605
-22684 -23605
-22707 -23583
-22707 -23583
-22707 -23583
-22707 -23583
-22707 -23583
-22707 -23583
-22707 -23583
-22707 -23583
-22707 -23583
-22707 -23583
-22729 -23562
-22729 -23562
-22729 -23562
-22729 -23562
-22729 -23562
-22729 -23562
-22729 -23562
-22729 -23562
-22729 -23562
-22729 -23562
-22753 -23539
-22753 -23539
-22753 -23539
-22753 -23539
-22753 -23539
-22753 -23539
-22753 -23539
-22753 -23539
-22753 -23539
-22753 -23539
-22776 -23517
-22776 -23517
-22776 -23517
-22776 -23517
-22776 -23517
-22776 -23517
-22776 -23517
-22776 -23517
-22776 -23517
-22776 -23517
-22799 -23494
-22799 -23494
-22799 -23494
-22799 -23494
-22799 -23494
-22799 -23494
-22799 -23494
-22799 -23494
-22799 -23494
-22799 -23494
-22821 -23473
-22821 -23473
-22821 -23473
-22821 -23473
-22821 -23473
-22821 -23473
-22821 -23473
-22821 -23473
-22821 -23473
-22821 -23473
-22845 -23450
-22845 -23450
-22845 -23450
-22845 -23450
-22845 -23450
-22845 -23450
-22845 -23450
-22845 -23450
-22845 -23450
-22845 -23450
-22845 -23450
-22867 -23429
-22867 -23429
-22867 -23429
-22881 -23455
-22881 -23455
-22881 -23455
-22881 -23455
-22904 -23433
-22904 -23433
-22904 -23433
-22904 -23433
-22904 -23433
-22904 -23433
-22904 -23433
-22904 -23433
-22904 -23433
-22904 -23433
-22927 -23410
-22927 -23410
-22927 -23410
-22927 -23410
-22927 -23410
-22927 -23410
-22927 -23410
-22927 -23410
-22927 -23410
-22927 -23410
-22927 -23410
-22949 -23388
-22949 -23388
-22949 -23388
-22949 -23388
-22949 -23388
-22949 -23388
-22949 -23388
-22949 -23388
-22949 -23388
-22949 -23388
-22973 -23366
-22973 -23366
-22973 -23366
-22973 -23366
-22973 -23366
-22973 -23366
-22973 -23366
-22973 -23366
-22973 -23366
-22973 -23366
-22995 -23344
-22995 -23344
-22995 -23344
-22995 -23344
-22995 -23344
-22995 -23344
-22995 -23344
-22995 -23344
-22995 -23344
-22995 -23344
-23018 -23321
-23018 -23321
-23018 -23321
-23018 -23321
-23018 -23321
-23018 -23321
-23018 -23321
-23018 -23321
-23018 -23321
-23018 -23321
-23041 -23298
-23041 -23298
-23041 -23298
-23041 -23298
-23041 -23298
-23041 -23298
-23041 -23298
-23041 -23298
-23041 -23298
-23041 -23298
-23063 -23275
-23063 -23275
-23063 -23275
-23063 -23275
-23063 -23275
-23063 -23275
-23063 -23275
-23063 -23275
-23063 -23275
-23063 -23275
-23085 -23253
-23085 -23253
-23085 -23253
-23085 -23253
-23085 -23253
-23085 -23253
-23085 -23253
-23085 -23253
-23085 -23253
-23085 -23253
-23108 -23231
-23108 -23231
-23108 -23231
-23108 -23231
-23108 -23231
-23108 -23231
-23108 -23231
-23108 -23231
-23108 -23231
-23108 -23231
-23108 -23231
-23130 -23208
-23130 -23208
-23130 -23208
-23130 -23208
-23130 -23208
-23130 -23208
-23130 -23208
-23130 -23208
-23130 -23208
-23130 -23208
-23153 -23186
-23153 -23186
-23153 -23186
-23153 -23186
-23153 -23186
-23153 -23186
-23153 -23186
-23153 -23186
-23153 -23186
-23153 -23186
-23176 -23163
-23176 -23163
-23164 -23175
-23164 -23175
-23164 -23175
-23186 -23153
-23186 -23153
-23186 -23153
-23186 -23153
-23186 -23153
-23186 -23153
-23186 -23153
-23186 -23153
-23186 -23153
-23186 -23153
-23208 -23130
-23208 -23130
-23208 -23130
-23208 -23130
-23208 -23130
-23208 -23130
-23208 -23130
-23208 -23130
-23208 -23130
-23208 -23130
-23231 -23108
-23231 -23108
-23231 -23108
-23231 -23108
-23231 -23108
-23231 -23108
-23231 -23108
-23231 -23108
-23231 -23108
-23231 -23108
-23253 -23085
-23253 -23085
-23253 -23085
-23253 -23085
-23253 -23085
-23253 -23085
-23253 -23085
-23253 -23085
-23253 -23085
-23253 -23085
-23253 -23085
-23276 -23063
-23276 -23063
-23276 -23063
-23276 -23063
-23276 -23063
-23276 -23063
-23276 -23063
-23276 -23063
-23276 -23063
-23276 -23063
-23299 -23040
-23299 -23040
-23299 -23040
-23299 -23040
-23299 -23040
-23299 -23040
-23299 -23040
-23299 -23040
-23299 -23040
-23299 -23040
-23321 -23018
-23321 -23018
-23321 -23018
-23321 -23018
-23321 -23018
-23321 -23018
-23321 -23018
-23321 -23018
-23321 -23018
-23321 -23018
-23344 -22995
-23344 -22995
-23344 -22995
-23344 -22995
-23344 -22995
-23344 -22995
-23344 -22995
-23344 -22995
-23344 -22995
-23344 -22995
-23367 -22972
-23367 -22972
-23367 -22972
-23367 -22972
-23367 -22972
-23367 -22972
-23367 -22972
-23367 -22972
-23367 -22972
-23367 -22972
-23388 -22949
-23388 -22949
-23388 -22949
-23388 -22949
-23388 -22949
-23388 -22949
-23388 -22949
-23388 -22949
-23388 -22949
-23388 -22949
-23410 -22927
-23410 -22927
-23410 -22927
-23410 -22927
-23410 -22927
-23410 -22927
-23410 -22927
-23410 -22927
-23410 -22927
-23410 -22927
-23434 -22903
-23434 -22903
-23434 -22903
-23434 -22903
-23434 -22903
-23434 -22903
-23434 -22903
-23434 -22903
-23434 -22903
-23434 -22903
-23434 -22903
-23456 -22882
-23456 -22882
-23456 -22882
-23428 -22867
-23428 -22867
-23428 -22867
-23428 -22867
-23451 -22844
-23451 -22844
-23451 -22844
-23451 -22844
-23451 -22844
-23451 -22844
-23451 -22844
-23451 -22844
-23451 -22844
-23451 -22844
-23473 -22821
-23473 -22821
-23473 -22821
-23473 -22821
-23473 -22821
-23473 -22821
-23473 -22821
-23473 -22821
-23473 -22821
-23473 -22821
-23473 -22821
-23495 -22798
-23495 -22798
-23495 -22798
-23495 -22798
-23495 -22798
-23495 -22798
-23495 -22798
-23495 -22798
-23495 -22798
-23495 -22798
-23518 -22775
-23518 -22775
-23518 -22775
-23518 -22775
-23518 -22775
-23518 -22775
-23518 -22775
-23518 -22775
-23518 -22775
-23518 -22775
-23539 -22753
-23539 -22753
-23539 -22753
-23539 -22753
-23539 -22753
-23539 -22753
-23539 -22753
-23539 -22753
-23539 -22753
-23539 -22753
-23562 -22729
-23562 -22729
-23562 -22729
-23562 -22729
-23562 -22729
-23562 -22729
-23562 -22729
-23562 -22729
-23562 -22729
-23562 -22729
-23584 -22706
-23584 -22706
-23584 -22706
-23584 -22706
-23584 -22706
-23584 -22706
-23584 -22706
-23584 -22706
-23584 -22706
-23584 -22706
-23606 -22683
-23606 -22683
-23606 -22683
-23606 -22683
-23606 -22683
-23606 -22683
-23606 -22683
-23606 -22683
-23606 -22683
-23606 -22683
-23627 -22660
-23627 -22660
-23627 -22660
-23627 -22660
-23627 -22660
-23627 -22660
-23627 -22660
-23627 -22660
-23627 -22660
-23627 -22660
-23649 -22637
-23649 -22637
-23649 -22637
-23649 -22637
-23649 -22637
-23649 -22637
-23649 -22637
-23649 -22637
-23649 -22637
-23649 -22637
-23649 -22637
-23671 -22614
-23671 -22614
-23671 -22614
-23671 -22614
-23671 -22614
-23671 -22614
-23671 -22614
-23671 -22614
-23671 -22614
-23671 -22614
-23693 -22591
-23693 -22591
-23693 -22591
-23693 -22591
-23693 -22591
-23693 -22591
-23693 -22591
-23693 -22591
-23693 -22591
-23693 -22591
-23715 -22568
-23715 -22568
-23704 -22580
-23704 -22580
-23704 -22580
-23725 -22558
-23725 -22558
-23725 -22558
-23725 -22558
-23725 -22558
-23725 -22558
-23725 -22558
-23725 -22558
-23725 -22558
-23725 -22558
-23747 -22535
-23747 -22535
-23747 -22535
-23747 -22535
-23747 -22535
-23747 -22535
-23747 -22535
-23747 -22535
-23747 -22535
-23747 -22535
-23769 -22511
-23769 -22511
-23769 -22511
-23769 -22511
-23769 -22511
-23769 -22511
-23769 -22511
-23769 -22511
-23769 -22511
-23769 -22511
-23791 -22488
-23791 -22488
-23791 -22488
-23791 -22488
-23791 -22488
-23791 -22488
-23791 -22488
-23791 -22488
-23791 -22488
-23791 -22488
-23791 -22488
-23813 -22465
-23813 -22465
-23813 -22465
-23813 -22465
-23813 -22465
-23813 -22465
-23813 -22465
-23813 -22465
-23813 -22465
-23813 -22465
-23835 -22442
-23835 -22442
-23835 -22442
-23835 -22442
-23835 -22442
-23835 -22442
-23835 -22442
-23835 -22442
-23835 -22442
-23835 -22442
-23857 -22419
-23857 -22419
-23857 -22419
-23857 -22419
-23857 -22419
-23857 -22419
-23857 -22419
-23857 -22419
-23857 -22419
-23857 -22419
-23879 -22396
-23879 -22396
-23879 -22396
-23879 -22396
-23879 -22396
-23879 -22396
-23879 -22396
-23879 -22396
-23879 -22396
-23879 -22396
-23901 -22372
-23901 -22372
-23901 -22372
-23901 -22372
-23901 -22372
-23901 -22372
-23901 -22372
-23901 -22372
-23901 -22372
-23901 -22372
-23923 -22349
-23923 -22349
-23923 -22349
-23923 -22349
-23923 -22349
-23923 -22349
-23923 -22349
-23923 -22349
-23923 -22349
-23923 -22349
-23944 -22326
-23944 -22326
-23944 -22326
-23944 -22326
-23944 -22326
-23944 -22326
-23944 -22326
-23944 -22326
-23944 -22326
-23944 -22326
-23967 -22302
-23967 -22302
-23967 -22302
-23967 -22302
-23967 -22302
-23967 -22302
-23967 -22302
-23967 -22302
-23967 -22302
-23967 -22302
-23967 -22302
-23988 -22280
-23988 -22280
-23988 -22280
-23975 -22277
-23975 -22277
-23975 -22277
-23975 -22277
-23998 -22254
-23998 -22254
-23998 -22254
-23998 -22254
-23998 -22254
-23998 -22254
-23998 -22254
-23998 -22254
-23998 -22254
-23998 -22254
-24019 -22231
-24019 -22231
-24019 -22231
-24019 -22231
-24019 -22231
-24019 -22231
-24019 -22231
-24019 -22231
-24019 -22231
-24019 -22231
-24019 -22231
-24041 -22207
-24041 -22207
-24041 -22207
-24041 -22207
-24041 -22207
-24041 -22207
-24041 -22207
-24041 -22207
-24041 -22207
-24041 -22207
-24063 -22184
-24063 -22184
-24063 -22184
-24063 -22184
-24063 -22184
-24063 -22184
-24063 -22184
-24063 -22184
-24063 -22184
-24063 -22184
-24084 -22161
-24084 -22161
-24084 -22161
-24084 -22161
-24084 -22161
-24084 -22161
-24084 -22161
-24084 -22161
-24084 -22161
-24084 -22161
-24106 -22137
-24106 -22137
-24106 -22137
-24106 -22137
-24106 -22137
-24106 -22137
-24106 -22137
-24106 -22137
-24106 -22137
-24106 -22137
-24127 -22113
-24127 -22113
-24127 -22113
-24127 -22113
-24127 -22113
-24127 -22113
-24127 -22113
-24127 -22113
-24127 -22113
-24127 -22113
-24149 -22089
-24149 -22089
-24149 -22089
-24149 -22089
-24149 -22089
-24149 -22089
-24149 -22089
-24149 -22089
-24149 -22089
-24149 -22089
-24169 -22066
-24169 -22066
-24169 -22066
-24169 -22066
-24169 -22066
-24169 -22066
-24169 -22066
-24169 -22066
-24169 -22066
-24169 -22066
-24191 -22043
-24191 -22043
-24191 -22043
-24191 -22043
-24191 -22043
-24191 -22043
-24191 -22043
-24191 -22043
-24191 -22043
-24191 -22043
-24191 -22043
-24212 -22019
-24212 -22019
-24212 -22019
-24212 -22019
-24212 -22019
-24212 -22019
-24212 -22019
-24212 -22019
-24212 -22019
-24212 -22019
-24234 -21995
-24234 -21995
-24234 -21995
-24234 -21995
-24234 -21995
-24234 -21995
-24234 -21995
-24234 -21995
-24234 -21995
-24234 -21995
-24255 -21972
-24255 -21972
-24244 -21984
-24244 -21984
-24244 -21984
-24265 -21961
-24265 -21961
-24265 -21961
-24265 -21961
-24265 -21961
-24265 -21961
-24265 -21961
-24265 -21961
-24265 -21961
-24265 -21961
-24286 -21938
-24286 -21938
-24286 -21938
-24286 -21938
-24286 -21938
-24286 -21938
-24286 -21938
-24286 -21938
-24286 -21938
-24286 -21938
-24308 -21914
-24308 -21914
-24308 -21914
-24308 -21914
-24308 -21914
-24308 -21914
-24308 -21914
-24308 -21914
-24308 -21914
-24308 -21914
-24329 -21890
-24329 -21890
-24329 -21890
-24329 -21890
-24329 -21890
-24329 -21890
-24329 -21890
-24329 -21890
-24329 -21890
-24329 -21890
-24329 -21890
-24351 -21867
-24351 -21867
-24351 -21867
-24351 -21867
-24351 -21867
-24351 -21867
-24351 -21867
-24351 -21867
-24351 -21867
-24351 -21867
-24372 -21843
-24372 -21843
-24372 -21843
-24372 -21843
-24372 -21843
-24372 -21843
-24372 -21843
-24372 -21843
-24372 -21843
-24372 -21843
-24393 -21820
-24393 -21820
-24393 -21820
-24393 -21820
-24393 -21820
-24393 -21820
-24393 -21820
-24393 -21820
-24393 -21820
-24393 -21820
-24415 -21796
-24415 -21796
-24415 -21796
-24415 -21796
-24415 -21796
-24415 -21796
-24415 -21796
-24415 -21796
-24415 -21796
-24415 -21796
-24436 -21772
-24436 -21772
-24436 -21772
-24436 -21772
-24436 -21772
-24436 -21772
-24436 -21772
-24436 -21772
-24436 -21772
-24436 -21772
-24457 -21748
-24457 -21748
-24457 -21748
-24457 -21748
-24457 -21748
-24457 -21748
-24457 -21748
-24457 -21748
-24457 -21748
-24457 -21748
-24478 -21725
-24478 -21725
-24478 -21725
-24478 -21725
-24478 -21725
-24478 -21725
-24478 -21725
-24478 -21725
-24478 -21725
-24478 -21725
-24500 -21700
-24500 -21700
-24500 -21700
-24500 -21700
-24500 -21700
-24500 -21700
-24500 -21700
-24500 -21700
-24500 -21700
-24500 -21700
-24500 -21700
-24521 -21677
-24521 -21677
-24521 -21677
-24523 -21689
-24523 -21689
-24523 -21689
-24523 -21689
-24544 -21666
-24544 -21666
-24544 -21666
-24544 -21666
-24544 -21666
-24544 -21666
-24544 -21666
-24544 -21666
-24544 -21666
-24544 -21666
-24565 -21641
-24565 -21641
-24565 -21641
-24565 -21641
-24565 -21641
-24565 -21641
-24565 -21641
-24565 -21641
-24565 -21641
-24565 -21641
-24565 -21641
-24586 -21617
-24586 -21617
-24586 -21617
-24586 -21617
-24586 -21617
-24586 -21617
-24586 -21617
-24586 -21617
-24586 -21617
-24586 -21617
-24608 -21594
-24608 -21594
-24608 -21594
-24608 -21594
-24608 -21594
-24608 -21594
-24608 -21594
-24608 -21594
-24608 -21594
-24608 -21594
-24628 -21570
-24628 -21570
-24628 -21570
-24628 -21570
-24628 -21570
-24628 -21570
-24628 -21570
-24628 -21570
-24628 -21570
-24628 -21570
-24650 -21545
-24650 -21545
-24650 -21545
-24650 -21545
-24650 -21545
-24650 -21545
-24650 -21545
-24650 -21545
-24650 -21545
-24650 -21545
-24670 -21521
-24670 -21521
-24670 -21521
-24670 -21521
-24670 -21521
-24670 -21521
-24670 -21521
-24670 -21521
-24670 -21521
-24670 -21521
-24691 -21497
-24691 -21497
-24691 -21497
-24691 -21497
-24691 -21497
-24691 -21497
-24691 -21497
-24691 -21497
-24691 -21497
-24691 -21497
-24712 -21473
-24712 -21473
-24712 -21473
-24712 -21473
-24712 -21473
-24712 -21473
-24712 -21473
-24712 -21473
-24712 -21473
-24712 -21473
-24732 -21449
-24732 -21449
-24732 -21449
-24732 -21449
-24732 -21449
-24732 -21449
-24732 -21449
-24732 -21449
-24732 -21449
-24732 -21449
-24732 -21449
-24753 -21425
-24753 -21425
-24753 -21425
-24753 -21425
-24753 -21425
-24753 -21425
-24753 -21425
-24753 -21425
-24753 -21425
-24753 -21425
-24774 -21401
-24774 -21401
-24774 -21401
-24774 -21401
-24774 -21401
-24774 -21401
-24774 -21401
-24774 -21401
-24774 -21401
-24774 -21401
-24795 -21377
-24795 -21377
-24784 -21389
-24784 -21389
-24784 -21389
-24804 -21366
-24804 -21366
-24804 -21366
-24804 -21366
-24804 -21366
-24804 -21366
-24804 -21366
-24804 -21366
-24804 -21366
-24804 -21366
-24825 -21342
-24825 -21342
-24825 -21342
-24825 -21342
-24825 -21342
-24825 -21342
-24825 -21342
-24825 -21342
-24825 -21342
-24825 -21342
-24846 -21318
-24846 -21318
-24846 -21318
-24846 -21318
-24846 -21318
-24846 -21318
-24846 -21318
-24846 -21318
-24846 -21318
-24846 -21318
-24867 -21293
-24867 -21293
-24867 -21293
-24867 -21293
-24867 -21293
-24867 -21293
-24867 -21293
-24867 -21293
-24867 -21293
-24867 -21293
-24867 -21293
-24888 -21269
-24888 -21269
-24888 -21269
-24888 -21269
-24888 -21269
-24888 -21269
-24888 -21269
-24888 -21269
-24888 -21269
-24888 -21269
-24909 -21245
-24909 -21245
-24909 -21245
-24909 -21245
-24909 -21245
-24909 -21245
-24909 -21245
-24909 -21245
-24909 -21245
-24909 -21245
-24929 -21221
-24929 -21221
-24929 -21221
-24929 -21221
-24929 -21221
-24929 -21221
-24929 -21221
-24929 -21221
-24929 -21221
-24929 -21221
-24950 -21196
-24950 -21196
-24950 -21196
-24950 -21196
-24950 -21196
-24950 -21196
-24950 -21196
-24950 -21196
-24950 -21196
-24950 -21196
-24971 -21172
-24971 -21172
-24971 -21172
-24971 -21172
-24971 -21172
-24971 -21172
-24971 -21172
-24971 -21172
-24971 -21172
-24971 -21172
-24991 -21147
-24991 -21147
-24991 -21147
-24991 -21147
-24991 -21147
-24991 -21147
-24991 -21147
-24991 -21147
-24991 -21147
-24991 -21147
-25012 -21124
-25012 -21124
-25012 -21124
-25012 -21124
-25012 -21124
-25012 -21124
-25012 -21124
-25012 -21124
-25012 -21124
-25012 -21124
-25033 -21099
-25033 -21099
-25033 -21099
-25033 -21099
-25033 -21099
-25033 -21099
-25033 -21099
-25033 -21099
-25033 -21099
-25033 -21099
-25033 -21099
-25053 -21076
-25053 -21076
-25053 -21076
-25070 -21100
-25070 -21100
-25070 -21100
-25070 -21100
-25091 -21076
-25091 -21076
-25091 -21076
-25091 -21076
-25091 -21076
-25091 -21076
-25091 -21076
-25091 -21076
-25091 -21076
-25091 -21076
-25111 -21051
-25111 -21051
-25111 -21051
-25111 -21051
-25111 -21051
-25111 -21051
-25111 -21051
-25111 -21051
-25111 -21051
-25111 -21051
-25111 -21051
-25132 -21026
-25132 -21026
-25132 -21026
-25132 -21026
-25132 -21026
-25132 -21026
-25132 -21026
-25132 -21026
-25132 -21026
-25132 -21026
-25153 -21002
-25153 -21002
-25153 -21002
-25153 -21002
-25153 -21002
-25153 -21002
-25153 -21002
-25153 -21002
-25153 -21002
-25153 -21002
-25173 -20978
-25173 -20978
-25173 -20978
-25173 -20978
-25173 -20978
-25173 -20978
-25173 -20978
-25173 -20978
-25173 -20978
-25173 -20978
-25193 -20953
-25193 -20953
-25193 -20953
-25193 -20953
-25193 -20953
-25193 -20953
-25193 -20953
-25193 -20953
-25193 -20953
-25193 -20953
-25214 -20928
-25214 -20928
-25214 -20928
-25214 -20928
-25214 -20928
-25214 -20928
-25214 -20928
-25214 -20928
-25214 -20928
-25214 -20928
-25234 -20903
-25234 -20903
-25234 -20903
-25234 -20903
-25234 -20903
-25234 -20903
-25234 -20903
-25234 -20903
-25234 -20903
-25234 -20903
-25254 -20879
-25254 -20879
-25254 -20879
-25254 -20879
-25254 -20879
-25254 -20879
-25254 -20879
-25254 -20879
-25254 -20879
-25254 -20879
-25274 -20855
-25274 -20855
-25274 -20855
-25274 -20855
-25274 -20855
-25274 -20855
-25274 -20855
-25274 -20855
-25274 -20855
-25274 -20855
-25274 -20855
-25294 -20830
-25294 -20830
-25294 -20830
-25294 -20830
-25294 -20830
-25294 -20830
-25294 -20830
-25294 -20830
-25294 -20830
-25294 -20830
-25315 -20805
-25315 -20805
-25315 -20805
-25315 -20805
-25315 -20805
-25315 -20805
-25315 -20805
-25315 -20805
-25315 -20805
-25315 -20805
-25335 -20780
-25335 -20780
-25324 -20794
-25324 -20794
-25324 -20794
-25344 -20770
-25344 -20770
-25344 -20770
-25344 -20770
-25344 -20770
-25344 -20770
-25344 -20770
-25344 -20770
-25344 -20770
-25344 -20770
-25364 -20745
-25364 -20745
-25364 -20745
-25364 -20745
-25364 -20745
-25364 -20745
-25364 -20745
-25364 -20745
-25364 -20745
-25364 -20745
-25384 -20720
-25384 -20720
-25384 -20720
-25384 -20720
-25384 -20720
-25384 -20720
-25384 -20720
-25384 -20720
-25384 -20720
-25384 -20720
-25405 -20695
-25405 -20695
-25405 -20695
-25405 -20695
-25405 -20695
-25405 -20695
-25405 -20695
-25405 -20695
-25405 -20695
-25405 -20695
-25405 -20695
-25425 -20671
-25425 -20671
-25425 -20671
-25425 -20671
-25425 -20671
-25425 -20671
-25425 -20671
-25425 -20671
-25425 -20671
-25425 -20671
-25445 -20646
-25445 -20646
-25445 -20646
-25445 -20646
-25445 -20646
-25445 -20646
-25445 -20646
-25445 -20646
-25445 -20646
-25445 -20646
-25465 -20622
-25465 -20622
-25465 -20622
-25465 -20622
-25465 -20622
-25465 -20622
-25465 -20622
-25465 -20622
-25465 -20622
-25465 -20622
-25486 -20596
-25486 -20596
-25486 -20596
-25486 -20596
-25486 -20596
-25486 -20596
-25486 -20596
-25486 -20596
-25486 -20596
-25486 -20596
-25506 -20572
-25506 -20572
-25506 -20572
-25506 -20572
-25506 -20572
-25506 -20572
-25506 -20572
-25506 -20572
-25506 -20572
-25506 -20572
-25526 -20546
-25526 -20546
-25526 -20546
-25526 -20546
-25526 -20546
-25526 -20546
-25526 -20546
-25526 -20546
-25526 -20546
-25526 -20546
-25545 -20522
-25545 -20522
-25545 -20522
-25545 -20522
-25545 -20522
-25545 -20522
-25545 -20522
-25545 -20522
-25545 -20522
-25545 -20522
-25566 -20497
-25566 -20497
-25566 -20497
-25566 -20497
-25566 -20497
-25566 -20497
-25566 -20497
-25566 -20497
-25566 -20497
-25566 -20497
-25566 -20497
-25586 -20473
-25586 -20473
-25586 -20473
-25557 -20460
-25557 -20460
-25557 -20460
-25557 -20460
-25578 -20435
-25578 -20435
-25578 -20435
-25578 -20435
-25578 -20435
-25578 -20435
-25578 -20435
-25578 -20435
-25578 -20435
-25578 -20435
-25597 -20410
-25597 -20410
-25597 -20410
-25597 -20410
-25597 -20410
-25597 -20410
-25597 -20410
-25597 -20410
-25597 -20410
-25597 -20410
-25597 -20410
-25617 -20385
-25617 -20385
-25617 -20385
-25617 -20385
-25617 -20385
-25617 -20385
-25617 -20385
-25617 -20385
-25617 -20385
-25617 -20385
-25637 -20360
-25637 -20360
-25637 -20360
-25637 -20360
-25637 -20360
-25637 -20360
-25637 -20360
-25637 -20360
-25637 -20360
-25637 -20360
-25656 -20336
-25656 -20336
-25656 -20336
-25656 -20336
-25656 -20336
-25656 -20336
-25656 -20336
-25656 -20336
-25656 -20336
-25656 -20336
-25677 -20310
-25677 -20310
-25677 -20310
-25677 -20310
-25677 -20310
-25677 -20310
-25677 -20310
-25677 -20310
-25677 -20310
-25677 -20310
-25696 -20285
-25696 -20285
-25696 -20285
-25696 -20285
-25696 -20285
-25696 -20285
-25696 -20285
-25696 -20285
-25696 -20285
-25696 -20285
-25716 -20260
-25716 -20260
-25716 -20260
-25716 -20260
-25716 -20260
-25716 -20260
-25716 -20260
-25716 -20260
-25716 -20260
-25716 -20260
-25735 -20235
-25735 -20235
-25735 -20235
-25735 -20235
-25735 -20235
-25735 -20235
-25735 -20235
-25735 -20235
-25735 -20235
-25735 -20235
-25755 -20210
-25755 -20210
-25755 -20210
-25755 -20210
-25755 -20210
-25755 -20210
-25755 -20210
-25755 -20210
-25755 -20210
-25755 -20210
-25755 -20210
-25774 -20185
-25774 -20185
-25774 -20185
-25774 -20185
-25774 -20185
-25774 -20185
-25774 -20185
-25774 -20185
-25774 -20185
-25774 -20185
-25794 -20160
-25794 -20160
-25794 -20160
-25794 -20160
-25794 -20160
-25794 -20160
-25794 -20160
-25794 -20160
-25794 -20160
-25794 -20160
-25814 -20134
-25814 -20134
-25803 -20148
-25803 -20148
-25803 -20148
-25822 -20123
-25822 -20123
-25822 -20123
-25822 -20123
-25822 -20123
-25822 -20123
-25822 -20123
-25822 -20123
-25822 -20123
-25822 -20123
-25842 -20098
-25842 -20098
-25842 -20098
-25842 -20098
-25842 -20098
-25842 -20098
-25842 -20098
-25842 -20098
-25842 -20098
-25842 -20098
-25862 -20073
-25862 -20073
-25862 -20073
-25862 -20073
-25862 -20073
-25862 -20073
-25862 -20073
-25862 -20073
-25862 -20073
-25862 -20073
-25881 -20048
-25881 -20048
-25881 -20048
-25881 -20048
-25881 -20048
-25881 -20048
-25881 -20048
-25881 -20048
-25881 -20048
-25881 -20048
-25881 -20048
-25901 -20022
-25901 -20022
-25901 -20022
-25901 -20022
-25901 -20022
-25901 -20022
-25901 -20022
-25901 -20022
-25901 -20022
-25901 -20022
-25921 -19997
-25921 -19997
-25921 -19997
-25921 -19997
-25921 -19997
-25921 -19997
-25921 -19997
-25921 -19997
-25921 -19997
-25921 -19997
-25940 -19973
-25940 -19973
-25940 -19973
-25940 -19973
-25940 -19973
-25940 -19973
-25940 -19973
-25940 -19973
-25940 -19973
-25940 -19973
-25960 -19947
-25960 -19947
-25960 -19947
-25960 -19947
-25960 -19947
-25960 -19947
-25960 -19947
-25960 -19947
-25960 -19947
-25960 -19947
-25980 -19922
-25980 -19922
-25980 -19922
-25980 -19922
-25980 -19922
-25980 -19922
-25980 -19922
-25980 -19922
-25980 -19922
-25980 -19922
-25999 -19896
-25999 -19896
-25999 -19896
-25999 -19896
-25999 -19896
-25999 -19896
-25999 -19896
-25999 -19896
-25999 -19896
-25999 -19896
-26018 -19871
-26018 -19871
-26018 -19871
-26018 -19871
-26018 -19871
-26018 -19871
-26018 -19871
-26018 -19871
-26018 -19871
-26018 -19871
-26038 -19845
-26038 -19845
-26038 -19845
-26038 -19845
-26038 -19845
-26038 -19845
-26038 -19845
-26038 -19845
-26038 -19845
-26038 -19845
-26038 -19845
-26057 -19821
-26057 -19821
-26057 -19821
-26044 -19821
-26044 -19821
-26044 -19821
-26044 -19821
-26064 -19796
-26064 -19796
-26064 -19796
-26064 -19796
-26064 -19796
-26064 -19796
-26064 -19796
-26064 -19796
-26064 -19796
-26064 -19796
-26083 -19770
-26083 -19770
-26083 -19770
-26083 -19770
-26083 -19770
-26083 -19770
-26083 -19770
-26083 -19770
-26083 -19770
-26083 -19770
-26083 -19770
-26102 -19745
-26102 -19745
-26102 -19745
-26102 -19745
-26102 -19745
-26102 -19745
-26102 -19745
-26102 -19745
-26102 -19745
-26102 -19745
-26122 -19719
-26122 -19719
-26122 -19719
-26122 -19719
-26122 -19719
-26122 -19719
-26122 -19719
-26122 -19719
-26122 -19719
-26122 -19719
-26140 -19695
-26140 -19695
-26140 -19695
-26140 -19695
-26140 -19695
-26140 -19695
-26140 -19695
-26140 -19695
-26140 -19695
-26140 -19695
-26160 -19668
-26160 -19668
-26160 -19668
-26160 -19668
-26160 -19668
-26160 -19668
-26160 -19668
-26160 -19668
-26160 -19668
-26160 -19668
-26179 -19642
-26179 -19642
-26179 -19642
-26179 -19642
-26179 -19642
-26179 -19642
-26179 -19642
-26179 -19642
-26179 -19642
-26179 -19642
-26198 -19617
-26198 -19617
-26198 -19617
-26198 -19617
-26198 -19617
-26198 -19617
-26198 -19617
-26198 -19617
-26198 -19617
-26198 -19617
-26216 -19592
-26216 -19592
-26216 -19592
-26216 -19592
-26216 -19592
-26216 -19592
-26216 -19592
-26216 -19592
-26216 -19592
-26216 -19592
-26235 -19566
-26235 -19566
-26235 -19566
-26235 -19566
-26235 -19566
-26235 -19566
-26235 -19566
-26235 -19566
-26235 -19566
-26235 -19566
-26235 -19566
-26254 -19541
-26254 -19541
-26254 -19541
-26254 -19541
-26254 -19541
-26254 -19541
-26254 -19541
-26254 -19541
-26254 -19541
-26254 -19541
-26274 -19515
-26274 -19515
-26274 -19515
-26274 -19515
-26274 -19515
-26274 -19515
-26274 -19515
-26274 -19515
-26274 -19515
-26274 -19515
-26293 -19489
-26293 -19489
-26282 -19503
-26282 -19503
-26282 -19503
-26301 -19478
-26301 -19478
-26301 -19478
-26301 -19478
-26301 -19478
-26301 -19478
-26301 -19478
-26301 -19478
-26301 -19478
-26301 -19478
-26320 -19452
-26320 -19452
-26320 -19452
-26320 -19452
-26320 -19452
-26320 -19452
-26320 -19452
-26320 -19452
-26320 -19452
-26320 -19452
-26339 -19427
-26339 -19427
-26339 -19427
-26339 -19427
-26339 -19427
-26339 -19427
-26339 -19427
-26339 -19427
-26339 -19427
-26339 -19427
-26358 -19401
-26358 -19401
-26358 -19401
-26358 -19401
-26358 -19401
-26358 -19401
-26358 -19401
-26358 -19401
-26358 -19401
-26358 -19401
-26358 -19401
-26377 -19375
-26377 -19375
-26377 -19375
-26377 -19375
-26377 -19375
-26377 -19375
-26377 -19375
-26377 -19375
-26377 -19375
-26377 -19375
-26396 -19350
-26396 -19350
-26396 -19350
-26396 -19350
-26396 -19350
-26396 -19350
-26396 -19350
-26396 -19350
-26396 -19350
-26396 -19350
-26415 -19325
-26415 -19325
-26415 -19325
-26415 -19325
-26415 -19325
-26415 -19325
-26415 -19325
-26415 -19325
-26415 -19325
-26415 -19325
-26434 -19298
-26434 -19298
-26434 -19298
-26434 -19298
-26434 -19298
-26434 -19298
-26434 -19298
-26434 -19298
-26434 -19298
-26434 -19298
-26453 -19273
-26453 -19273
-26453 -19273
-26453 -19273
-26453 -19273
-26453 -19273
-26453 -19273
-26453 -19273
-26453 -19273
-26453 -19273
-26471 -19246
-26471 -19246
-26471 -19246
-26471 -19246
-26471 -19246
-26471 -19246
-26471 -19246
-26471 -19246
-26471 -19246
-26471 -19246
-26490 -19221
-26490 -19221
-26490 -19221
-26490 -19221
-26490 -19221
-26490 -19221
-26490 -19221
-26490 -19221
-26490 -19221
-26490 -19221
-26510 -19195
-26510 -19195
-26510 -19195
-26510 -19195
-26510 -19195
-26510 -19195
-26510 -19195
-26510 -19195
-26510 -19195
-26510 -19195
-26510 -19195
-26528 -19170
-26528 -19170
-26528 -19170
-26531 -19181
-26531 -19181
-26531 -19181
-26531 -19181
-26550 -19155
-26550 -19155
-26550 -19155
-26550 -19155
-26550 -19155
-26550 -19155
-26550 -19155
-26550 -19155
-26550 -19155
-26550 -19155
-26569 -19129
-26569 -19129
-26569 -19129
-26569 -19129
-26569 -19129
-26569 -19129
-26569 -19129
-26569 -19129
-26569 -19129
-26569 -19129
-26569 -19129
-26587 -19103
-26587 -19103
-26587 -19103
-26587 -19103
-26587 -19103
-26587 -19103
-26587 -19103
-26587 -19103
-26587 -19103
-26587 -19103
-26606 -19078
-26606 -19078
-26606 -19078
-26606 -19078
-26606 -19078
-26606 -19078
-26606 -19078
-26606 -19078
-26606 -19078
-26606 -19078
-26624 -19052
-26624 -19052
-26624 -19052
-26624 -19052
-26624 -19052
-26624 -19052
-26624 -19052
-26624 -19052
-26624 -19052
-26624 -19052
-26643 -19025
-26643 -19025
-26643 -19025
-26643 -19025
-26643 -19025
-26643 -19025
-26643 -19025
-26643 -19025
-26643 -19025
-26643 -19025
-26661 -18999
-26661 -18999
-26661 -18999
-26661 -18999
-26661 -18999
-26661 -18999
-26661 -18999
-26661 -18999
-26661 -18999
-26661 -18999
-26680 -18973
-26680 -18973
-26680 -18973
-26680 -18973
-26680 -18973
-26680 -18973
-26680 -18973
-26680 -18973
-26680 -18973
-26680 -18973
-26698 -18948
-26698 -18948
-26698 -18948
-26698 -18948
-26698 -18948
-26698 -18948
-26698 -18948
-26698 -18948
-26698 -18948
-26698 -18948
-26716 -18921
-26716 -18921
-26716 -18921
-26716 -18921
-26716 -18921
-26716 -18921
-26716 -18921
-26716 -18921
-26716 -18921
-26716 -18921
-26716 -18921
-26735 -18895
-26735 -18895
-26735 -18895
-26735 -18895
-26735 -18895
-26735 -18895
-26735 -18895
-26735 -18895
-26735 -18895
-26735 -18895
-26753 -18869
-26753 -18869
-26753 -18869
-26753 -18869
-26753 -18869
-26753 -18869
-26753 -18869
-26753 -18869
-26753 -18869
-26753 -18869
-26771 -18843
-26771 -18843
-26762 -18857
-26762 -18857
-26762 -18857
-26779 -18832
-26779 -18832
-26779 -18832
-26779 -18832
-26779 -18832
-26779 -18832
-26779 -18832
-26779 -18832
-26779 -18832
-26779 -18832
-26798 -18805
-26798 -18805
-26798 -18805
-26798 -18805
-26798 -18805
-26798 -18805
-26798 -18805
-26798 -18805
-26798 -18805
-26798 -18805
-26816 -18779
-26816 -18779
-26816 -18779
-26816 -18779
-26816 -18779
-26816 -18779
-26816 -18779
-26816 -18779
-26816 -18779
-26816 -18779
-26835 -18753
-26835 -18753
-26835 -18753
-26835 -18753
-26835 -18753
-26835 -18753
-26835 -18753
-26835 -18753
-26835 -18753
-26835 -18753
-26835 -18753
-26853 -18727
-26853 -18727
-26853 -18727
-26853 -18727
-26853 -18727
-26853 -18727
-26853 -18727
-26853 -18727
-26853 -18727
-26853 -18727
-26871 -18701
-26871 -18701
-26871 -18701
-26871 -18701
-26871 -18701
-26871 -18701
-26871 -18701
-26871 -18701
-26871 -18701
-26871 -18701
-26889 -18676
-26889 -18676
-26889 -18676
-26889 -18676
-26889 -18676
-26889 -18676
-26889 -18676
-26889 -18676
-26889 -18676
-26889 -18676
-26908 -18649
-26908 -18649
-26908 -18649
-26908 -18649
-26908 -18649
-26908 -18649
-26908 -18649
-26908 -18649
-26908 -18649
-26908 -18649
-26927 -18623
-26927 -18623
-26927 -18623
-26927 -18623
-26927 -18623
-26927 -18623
-26927 -18623
-26927 -18623
-26927 -18623
-26927 -18623
-26944 -18596
-26944 -18596
-26944 -18596
-26944 -18596
-26944 -18596
-26944 -18596
-26944 -18596
-26944 -18596
-26944 -18596
-26944 -18596
-26962 -18570
-26962 -18570
-26962 -18570
-26962 -18570
-26962 -18570
-26962 -18570
-26962 -18570
-26962 -18570
-26962 -18570
-26962 -18570
-26981 -18544
-26981 -18544
-26981 -18544
-26981 -18544
-26981 -18544
-26981 -18544
-26981 -18544
-26981 -18544
-26981 -18544
-26981 -18544
-26981 -18544
-26999 -18518
-26999 -18518
-26999 -18518
-27018 -18541
-27018 -18541
-27018 -18541
-27018 -18541
-27037 -18515
-27037 -18515
-27037 -18515
-27037 -18515
-27037 -18515
-27037 -18515
-27037 -18515
-27037 -18515
-27037 -18515
-27037 -18515
-27054 -18488
-27054 -18488
-27054 -18488
-27054 -18488
-27054 -18488
-27054 -18488
-27054 -18488
-27054 -18488
-27054 -18488
-27054 -18488
-27054 -18488
-27072 -18462
-27072 -18462
-27072 -18462
-27072 -18462
-27072 -18462
-27072 -18462
-27072 -18462
-27072 -18462
-27072 -18462
-27072 -18462
-27091 -18436
-27091 -18436
-27091 -18436
-27091 -18436
-27091 -18436
-27091 -18436
-27091 -18436
-27091 -18436
-27091 -18436
-27091 -18436
-27108 -18410
-27108 -18410
-27108 -18410
-27108 -18410
-27108 -18410
-27108 -18410
-27108 -18410
-27108 -18410
-27108 -18410
-27108 -18410
-27126 -18382
-27126 -18382
-27126 -18382
-27126 -18382
-27126 -18382
-27126 -18382
-27126 -18382
-27126 -18382
-27126 -18382
-27126 -18382
-27144 -18356
-27144 -18356
-27144 -18356
-27144 -18356
-27144 -18356
-27144 -18356
-27144 -18356
-27144 -18356
-27144 -18356
-27144 -18356
-27162 -18329
-27162 -18329
-27162 -18329
-27162 -18329
-27162 -18329
-27162 -18329
-27162 -18329
-27162 -18329
-27162 -18329
-27162 -18329
-27179 -18303
-27179 -18303
-27179 -18303
-27179 -18303
-27179 -18303
-27179 -18303
-27179 -18303
-27179 -18303
-27179 -18303
-27179 -18303
-27197 -18277
-27197 -18277
-27197 -18277
-27197 -18277
-27197 -18277
-27197 -18277
-27197 -18277
-27197 -18277
-27197 -18277
-27197 -18277
-27197 -18277
-27215 -18250
-27215 -18250
-27215 -18250
-27215 -18250
-27215 -18250
-27215 -18250
-27215 -18250
-27215 -18250
-27215 -18250
-27215 -18250
-27232 -18224
-27232 -18224
-27232 -18224
-27232 -18224
-27232 -18224
-27232 -18224
-27232 -18224
-27232 -18224
-27232 -18224
-27232 -18224
-27250 -18197
-27250 -18197
-27241 -18211
-27241 -18211
-27241 -18211
-27258 -18185
-27258 -18185
-27258 -18185
-27258 -18185
-27258 -18185
-27258 -18185
-27258 -18185
-27258 -18185
-27258 -18185
-27258 -18185
-27276 -18159
-27276 -18159
-27276 -18159
-27276 -18159
-27276 -18159
-27276 -18159
-27276 -18159
-27276 -18159
-27276 -18159
-27276 -18159
-27294 -18132
-27294 -18132
-27294 -18132
-27294 -18132
-27294 -18132
-27294 -18132
-27294 -18132
-27294 -18132
-27294 -18132
-27294 -18132
-27311 -18105
-27311 -18105
-27311 -18105
-27311 -18105
-27311 -18105
-27311 -18105
-27311 -18105
-27311 -18105
-27311 -18105
-27311 -18105
-27311 -18105
-27329 -18079
-27329 -18079
-27329 -18079
-27329 -18079
-27329 -18079
-27329 -18079
-27329 -18079
-27329 -18079
-27329 -18079
-27329 -18079
-27347 -18052
-27347 -18052
-27347 -18052
-27347 -18052
-27347 -18052
-27347 -18052
-27347 -18052
-27347 -18052
-27347 -18052
-27347 -18052
-27364 -18027
-27364 -18027
-27364 -18027
-27364 -18027
-27364 -18027
-27364 -18027
-27364 -18027
-27364 -18027
-27364 -18027
-27364 -18027
-27382 -17999
-27382 -17999
-27382 -17999
-27382 -17999
-27382 -17999
-27382 -17999
-27382 -17999
-27382 -17999
-27382 -17999
-27382 -17999
-27400 -17972
-27400 -17972
-27400 -17972
-27400 -17972
-27400 -17972
-27400 -17972
-27400 -17972
-27400 -17972
-27400 -17972
-27400 -17972
-27417 -17945
-27417 -17945
-27417 -17945
-27417 -17945
-27417 -17945
-27417 -17945
-27417 -17945
-27417 -17945
-27417 -17945
-27417 -17945
-27434 -17920
-27434 -17920
-27434 -17920
-27434 -17920
-27434 -17920
-27434 -17920
-27434 -17920
-27434 -17920
-27434 -17920
-27434 -17920
-27453 -17892
-27453 -17892
-27453 -17892
-27453 -17892
-27453 -17892
-27453 -17892
-27453 -17892
-27453 -17892
-27453 -17892
-27453 -17892
-27453 -17892
-27470 -17866
-27470 -17866
-27470 -17866
-27439 -17857
-27439 -17857
-27439 -17857
-27439 -17857
-27457 -17831
-27457 -17831
-27457 -17831
-27457 -17831
-27457 -17831
-27457 -17831
-27457 -17831
-27457 -17831
-27457 -17831
-27457 -17831
-27474 -17804
-27474 -17804
-27474 -17804
-27474 -17804
-27474 -17804
-27474 -17804
-27474 -17804
-27474 -17804
-27474 -17804
-27474 -17804
-27474 -17804
-27492 -17777
-27492 -17777
-27492 -17777
-27492 -17777
-27492 -17777
-27492 -17777
-27492 -17777
-27492 -17777
-27492 -17777
-27492 -17777
-27510 -17750
-27510 -17750
-27510 -17750
-27510 -17750
-27510 -17750
-27510 -17750
-27510 -17750
-27510 -17750
-27510 -17750
-27510 -17750
-27526 -17724
-27526 -17724
-27526 -17724
-27526 -17724
-27526 -17724
-27526 -17724
-27526 -17724
-27526 -17724
-27526 -17724
-27526 -17724
-27544 -17696
-27544 -17696
-27544 -17696
-27544 -17696
-27544 -17696
-27544 -17696
-27544 -17696
-27544 -17696
-27544 -17696
-27544 -17696
-27561 -17669
-27561 -17669
-27561 -17669
-27561 -17669
-27561 -17669
-27561 -17669
-27561 -17669
-27561 -17669
-27561 -17669
-27561 -17669
-27578 -17642
-27578 -17642
-27578 -17642
-27578 -17642
-27578 -17642
-27578 -17642
-27578 -17642
-27578 -17642
-27578 -17642
-27578 -17642
-27595 -17616
-27595 -17616
-27595 -17616
-27595 -17616
-27595 -17616
-27595 -17616
-27595 -17616
-27595 -17616
-27595 -17616
-27595 -17616
-27612 -17589
-27612 -17589
-27612 -17589
-27612 -17589
-27612 -17589
-27612 -17589
-27612 -17589
-27612 -17589
-27612 -17589
-27612 -17589
-27612 -17589
-27629 -17562
-27629 -17562
-27629 -17562
-27629 -17562
-27629 -17562
-27629 -17562
-27629 -17562
-27629 -17562
-27629 -17562
-27629 -17562
-27646 -17535
-27646 -17535
-27646 -17535
-27646 -17535
-27646 -17535
-27646 -17535
-27646 -17535
-27646 -17535
-27646 -17535
-27646 -17535
-27663 -17508
-27663 -17508
-27654 -17522
-27654 -17522
-27654 -17522
-27670 -17496
-27670 -17496
-27670 -17496
-27670 -17496
-27670 -17496
-27670 -17496
-27670 -17496
-27670 -17496
-27670 -17496
-27670 -17496
-27688 -17469
-27688 -17469
-27688 -17469
-27688 -17469
-27688 -17469
-27688 -17469
-27688 -17469
-27688 -17469
-27688 -17469
-27688 -17469
-27705 -17442
-27705 -17442
-27705 -17442
-27705 -17442
-27705 -17442
-27705 -17442
-27705 -17442
-27705 -17442
-27705 -17442
-27705 -17442
-27722 -17415
-27722 -17415
-27722 -17415
-27722 -17415
-27722 -17415
-27722 -17415
-27722 -17415
-27722 -17415
-27722 -17415
-27722 -17415
-27722 -17415
-27739 -17388
-27739 -17388
-27739 -17388
-27739 -17388
-27739 -17388
-27739 -17388
-27739 -17388
-27739 -17388
-27739 -17388
-27739 -17388
-27756 -17361
-27756 -17361
-27756 -17361
-27756 -17361
-27756 -17361
-27756 -17361
-27756 -17361
-27756 -17361
-27756 -17361
-27756 -17361
-27773 -17335
-27773 -17335
-27773 -17335
-27773 -17335
-27773 -17335
-27773 -17335
-27773 -17335
-27773 -17335
-27773 -17335
-27773 -17335
-27790 -17307
-27790 -17307
-27790 -17307
-27790 -17307
-27790 -17307
-27790 -17307
-27790 -17307
-27790 -17307
-27790 -17307
-27790 -17307
-27807 -17280
-27807 -17280
-27807 -17280
-27807 -17280
-27807 -17280
-27807 -17280
-27807 -17280
-27807 -17280
-27807 -17280
-27807 -17280
-27824 -17252
-27824 -17252
-27824 -17252
-27824 -17252
-27824 -17252
-27824 -17252
-27824 -17252
-27824 -17252
-27824 -17252
-27824 -17252
-27840 -17226
-27840 -17226
-27840 -17226
-27840 -17226
-27840 -17226
-27840 -17226
-27840 -17226
-27840 -17226
-27840 -17226
-27840 -17226
-27858 -17198
-27858 -17198
-27858 -17198
-27858 -17198
-27858 -17198
-27858 -17198
-27858 -17198
-27858 -17198
-27858 -17198
-27858 -17198
-27858 -17198
-27874 -17172
-27874 -17172
-27874 -17172
-27862 -17172
-27862 -17172
-27862 -17172
-27862 -17172
-27879 -17145
-27879 -17145
-27879 -17145
-27879 -17145
-27879 -17145
-27879 -17145
-27879 -17145
-27879 -17145
-27879 -17145
-27879 -17145
-27896 -17118
-27896 -17118
-27896 -17118
-27896 -17118
-27896 -17118
-27896 -17118
-27896 -17118
-27896 -17118
-27896 -17118
-27896 -17118
-27896 -17118
-27912 -17091
-27912 -17091
-27912 -17091
-27912 -17091
-27912 -17091
-27912 -17091
-27912 -17091
-27912 -17091
-27912 -17091
-27912 -17091
-27929 -17064
-27929 -17064
-27929 -17064
-27929 -17064
-27929 -17064
-27929 -17064
-27929 -17064
-27929 -17064
-27929 -17064
-27929 -17064
-27945 -17037
-27945 -17037
-27945 -17037
-27945 -17037
-27945 -17037
-27945 -17037
-27945 -17037
-27945 -17037
-27945 -17037
-27945 -17037
-27962 -17009
-27962 -17009
-27962 -17009
-27962 -17009
-27962 -17009
-27962 -17009
-27962 -17009
-27962 -17009
-27962 -17009
-27962 -17009
-27979 -16981
-27979 -16981
-27979 -16981
-27979 -16981
-27979 -16981
-27979 -16981
-27979 -16981
-27979 -16981
-27979 -16981
-27979 -16981
-27995 -16954
-27995 -16954
-27995 -16954
-27995 -16954
-27995 -16954
-27995 -16954
-27995 -16954
-27995 -16954
-27995 -16954
-27995 -16954
-28011 -16927
-28011 -16927
-28011 -16927
-28011 -16927
-28011 -16927
-28011 -16927
-28011 -16927
-28011 -16927
-28011 -16927
-28011 -16927
-28027 -16900
-28027 -16900
-28027 -16900
-28027 -16900
-28027 -16900
-28027 -16900
-28027 -16900
-28027 -16900
-28027 -16900
-28027 -16900
-28027 -16900
-28044 -16873
-28044 -16873
-28044 -16873
-28044 -16873
-28044 -16873
-28044 -16873
-28044 -16873
-28044 -16873
-28044 -16873
-28044 -16873
-28060 -16845
-28060 -16845
-28060 -16845
-28060 -16845
-28060 -16845
-28060 -16845
-28060 -16845
-28060 -16845
-28060 -16845
-28060 -16845
-28077 -16818
-28077 -16818
-28068 -16832
-28068 -16832
-28068 -16832
-28084 -16806
-28084 -16806
-28084 -16806
-28084 -16806
-28084 -16806
-28084 -16806
-28084 -16806
-28084 -16806
-28084 -16806
-28084 -16806
-28100 -16778
-28100 -16778
-28100 -16778
-28100 -16778
-28100 -16778
-28100 -16778
-28100 -16778
-28100 -16778
-28100 -16778
-28100 -16778
-28117 -16751
-28117 -16751
-28117 -16751
-28117 -16751
-28117 -16751
-28117 -16751
-28117 -16751
-28117 -16751
-28117 -16751
-28117 -16751
-28133 -16724
-28133 -16724
-28133 -16724
-28133 -16724
-28133 -16724
-28133 -16724
-28133 -16724
-28133 -16724
-28133 -16724
-28133 -16724
-28133 -16724
-28150 -16696
-28150 -16696
-28150 -16696
-28150 -16696
-28150 -16696
-28150 -16696
-28150 -16696
-28150 -16696
-28150 -16696
-28150 -16696
-28166 -16669
-28166 -16669
-28166 -16669
-28166 -16669
-28166 -16669
-28166 -16669
-28166 -16669
-28166 -16669
-28166 -16669
-28166 -16669
-28182 -16642
-28182 -16642
-28182 -16642
-28182 -16642
-28182 -16642
-28182 -16642
-28182 -16642
-28182 -16642
-28182 -16642
-28182 -16642
-28199 -16614
-28199 -16614
-28199 -16614
-28199 -16614
-28199 -16614
-28199 -16614
-28199 -16614
-28199 -16614
-28199 -16614
-28199 -16614
-28215 -16586
-28215 -16586
-28215 -16586
-28215 -16586
-28215 -16586
-28215 -16586
-28215 -16586
-28215 -16586
-28215 -16586
-28215 -16586
-28231 -16559
-28231 -16559
-28231 -16559
-28231 -16559
-28231 -16559
-28231 -16559
-28231 -16559
-28231 -16559
-28231 -16559
-28231 -16559
-28247 -16532
-28247 -16532
-28247 -16532
-28247 -16532
-28247 -16532
-28247 -16532
-28247 -16532
-28247 -16532
-28247 -16532
-28247 -16532
-28264 -16504
-28264 -16504
-28264 -16504
-28264 -16504
-28264 -16504
-28264 -16504
-28264 -16504
-28264 -16504
-28264 -16504
-28264 -16504
-28264 -16504
-28280 -16477
-28280 -16477
-28280 -16477
-28283 -16488
-28283 -16488
-28283 -16488
-28283 -16488
-28300 -16461
-28300 -16461
-28300 -16461
-28300 -16461
-28300 -16461
-28300 -16461
-28300 -16461
-28300 -16461
-28300 -16461
-28300 -16461
-28316 -16433
-28316 -16433
-28316 -16433
-28316 -16433
-28316 -16433
-28316 -16433
-28316 -16433
-28316 -16433
-28316 -16433
-28316 -16433
-28316 -16433
-28332 -16406
-28332 -16406
-28332 -16406
-28332 -16406
-28332 -16406
-28332 -16406
-28332 -16406
-28332 -16406
-28332 -16406
-28332 -16406
-28348 -16378
-28348 -16378
-28348 -16378
-28348 -16378
-28348 -16378
-28348 -16378
-28348 -16378
-28348 -16378
-28348 -16378
-28348 -16378
-28363 -16351
-28363 -16351
-28363 -16351
-28363 -16351
-28363 -16351
-28363 -16351
-28363 -16351
-28363 -16351
-28363 -16351
-28363 -16351
-28380 -16323
-28380 -16323
-28380 -16323
-28380 -16323
-28380 -16323
-28380 -16323
-28380 -16323
-28380 -16323
-28380 -16323
-28380 -16323
-28396 -16295
-28396 -16295
-28396 -16295
-28396 -16295
-28396 -16295
-28396 -16295
-28396 -16295
-28396 -16295
-28396 -16295
-28396 -16295
-28411 -16267
-28411 -16267
-28411 -16267
-28411 -16267
-28411 -16267
-28411 -16267
-28411 -16267
-28411 -16267
-28411 -16267
-28411 -16267
-28427 -16240
-28427 -16240
-28427 -16240
-28427 -16240
-28427 -16240
-28427 -16240
-28427 -16240
-28427 -16240
-28427 -16240
-28427 -16240
-28442 -16212
-28442 -16212
-28442 -16212
-28442 -16212
-28442 -16212
-28442 -16212
-28442 -16212
-28442 -16212
-28442 -16212
-28442 -16212
-28442 -16212
-28458 -16184
-28458 -16184
-28458 -16184
-28458 -16184
-28458 -16184
-28458 -16184
-28458 -16184
-28458 -16184
-28458 -16184
-28458 -16184
-28474 -16157
-28474 -16157
-28474 -16157
-28474 -16157
-28474 -16157
-28474 -16157
-28474 -16157
-28474 -16157
-28474 -16157
-28474 -16157
-28490 -16129
-28490 -16129
-28481 -16143
-28481 -16143
-28481 -16143
-28496 -16117
-28496 -16117
-28496 -16117
-28496 -16117
-28496 -16117
-28496 -16117
-28496 -16117
-28496 -16117
-28496 -16117
-28496 -16117
-28512 -16089
-28512 -16089
-28512 -16089
-28512 -16089
-28512 -16089
-28512 -16089
-28512 -16089
-28512 -16089
-28512 -16089
-28512 -16089
-28528 -16061
-28528 -16061
-28528 -16061
-28528 -16061
-28528 -16061
-28528 -16061
-28528 -16061
-28528 -16061
-28528 -16061
-28528 -16061
-28544 -16033
-28544 -16033
-28544 -16033
-28544 -16033
-28544 -16033
-28544 -16033
-28544 -16033
-28544 -16033
-28544 -16033
-28544 -16033
-28544 -16033
-28559 -16005
-28559 -16005
-28559 -16005
-28559 -16005
-28559 -16005
-28559 -16005
-28559 -16005
-28559 -16005
-28559 -16005
-28559 -16005
-28575 -15977
-28575 -15977
-28575 -15977
-28575 -15977
-28575 -15977
-28575 -15977
-28575 -15977
-28575 -15977
-28575 -15977
-28575 -15977
-28591 -15950
-28591 -15950
-28591 -15950
-28591 -15950
-28591 -15950
-28591 -15950
-28591 -15950
-28591 -15950
-28591 -15950
-28591 -15950
-28607 -15922
-28607 -15922
-28607 -15922
-28607 -15922
-28607 -15922
-28607 -15922
-28607 -15922
-28607 -15922
-28607 -15922
-28607 -15922
-28623 -15894
-28623 -15894
-28623 -15894
-28623 -15894
-28623 -15894
-28623 -15894
-28623 -15894
-28623 -15894
-28623 -15894
-28623 -15894
-28637 -15866
-28637 -15866
-28637 -15866
-28637 -15866
-28637 -15866
-28637 -15866
-28637 -15866
-28637 -15866
-28637 -15866
-28637 -15866
-28653 -15839
-28653 -15839
-28653 -15839
-28653 -15839
-28653 -15839
-28653 -15839
-28653 -15839
-28653 -15839
-28653 -15839
-28653 -15839
-28669 -15810
-28669 -15810
-28669 -15810
-28669 -15810
-28669 -15810
-28669 -15810
-28669 -15810
-28669 -15810
-28669 -15810
-28669 -15810
-28669 -15810
-28684 -15783
-28684 -15783
-28684 -15783
-28705 -15804
-28705 -15804
-28705 -15804
-28705 -15804
-28721 -15776
-28721 -15776
-28721 -15776
-28721 -15776
-28721 -15776
-28721 -15776
-28721 -15776
-28721 -15776
-28721 -15776
-28721 -15776
-28736 -15748
-28736 -15748
-28736 -15748
-28736 -15748
-28736 -15748
-28736 -15748
-28736 -15748
-28736 -15748
-28736 -15748
-28736 -15748
-28736 -15748
-28751 -15719
-28751 -15719
-28751 -15719
-28751 -15719
-28751 -15719
-28751 -15719
-28751 -15719
-28751 -15719
-28751 -15719
-28751 -15719
-28767 -15692
-28767 -15692
-28767 -15692
-28767 -15692
-28767 -15692
-28767 -15692
-28767 -15692
-28767 -15692
-28767 -15692
-28767 -15692
-28782 -15664
-28782 -15664
-28782 -15664
-28782 -15664
-28782 -15664
-28782 -15664
-28782 -15664
-28782 -15664
-28782 -15664
-28782 -15664
-28797 -15635
-28797 -15635
-28797 -15635
-28797 -15635
-28797 -15635
-28797 -15635
-28797 -15635
-28797 -15635
-28797 -15635
-28797 -15635
-28812 -15607
-28812 -15607
-28812 -15607
-28812 -15607
-28812 -15607
-28812 -15607
-28812 -15607
-28812 -15607
-28812 -15607
-28812 -15607
-28827 -15579
-28827 -15579
-28827 -15579
-28827 -15579
-28827 -15579
-28827 -15579
-28827 -15579
-28827 -15579
-28827 -15579
-28827 -15579
-28842 -15551
-28842 -15551
-28842 -15551
-28842 -15551
-28842 -15551
-28842 -15551
-28842 -15551
-28842 -15551
-28842 -15551
-28842 -15551
-28857 -15523
-28857 -15523
-28857 -15523
-28857 -15523
-28857 -15523
-28857 -15523
-28857 -15523
-28857 -15523
-28857 -15523
-28857 -15523
-28857 -15523
-28872 -15495
-28872 -15495
-28872 -15495
-28872 -15495
-28872 -15495
-28872 -15495
-28872 -15495
-28872 -15495
-28872 -15495
-28872 -15495
-28887 -15467
-28887 -15467
-28887 -15467
-28887 -15467
-28887 -15467
-28887 -15467
-28887 -15467
-28887 -15467
-28887 -15467
-28887 -15467
-28902 -15439
-28902 -15439
-28894 -15454
-28894 -15454
-28894 -15454
-28909 -15426
-28909 -15426
-28909 -15426
-28909 -15426
-28909 -15426
-28909 -15426
-28909 -15426
-28909 -15426
-28909 -15426
-28909 -15426
-28924 -15398
-28924 -15398
-28924 -15398
-28924 -15398
-28924 -15398
-28924 -15398
-28924 -15398
-28924 -15398
-28924 -15398
-28924 -15398
-28939 -15370
-28939 -15370
-28939 -15370
-28939 -15370
-28939 -15370
-28939 -15370
-28939 -15370
-28939 -15370
-28939 -15370
-28939 -15370
-28954 -15342
-28954 -15342
-28954 -15342
-28954 -15342
-28954 -15342
-28954 -15342
-28954 -15342
-28954 -15342
-28954 -15342
-28954 -15342
-28954 -15342
-28969 -15313
-28969 -15313
-28969 -15313
-28969 -15313
-28969 -15313
-28969 -15313
-28969 -15313
-28969 -15313
-28969 -15313
-28969 -15313
-28984 -15285
-28984 -15285
-28984 -15285
-28984 -15285
-28984 -15285
-28984 -15285
-28984 -15285
-28984 -15285
-28984 -15285
-28984 -15285
-28999 -15258
-28999 -15258
-28999 -15258
-28999 -15258
-28999 -15258
-28999 -15258
-28999 -15258
-28999 -15258
-28999 -15258
-28999 -15258
-29015 -15229
-29015 -15229
-29015 -15229
-29015 -15229
-29015 -15229
-29015 -15229
-29015 -15229
-29015 -15229
-29015 -15229
-29015 -15229
-29030 -15200
-29030 -15200
-29030 -15200
-29030 -15200
-29030 -15200
-29030 -15200
-29030 -15200
-29030 -15200
-29030 -15200
-29030 -15200
-29044 -15172
-29044 -15172
-29044 -15172
-29044 -15172
-29044 -15172
-29044 -15172
-29044 -15172
-29044 -15172
-29044 -15172
-29044 -15172
-29058 -15144
-29058 -15144
-29058 -15144
-29058 -15144
-29058 -15144
-29058 -15144
-29058 -15144
-29058 -15144
-29058 -15144
-29058 -15144
-29074 -15115
-29074 -15115
-29074 -15115
-29074 -15115
-29074 -15115
-29074 -15115
-29074 -15115
-29074 -15115
-29074 -15115
-29074 -15115
-29074 -15115
-29089 -15088
-29089 -15088
-29089 -15088
-29058 -15081
-29058 -15081
-29058 -15081
-29058 -15081
-29073 -15053
-29073 -15053
-29073 -15053
-29073 -15053
-29073 -15053
-29073 -15053
-29073 -15053
-29073 -15053
-29073 -15053
-29073 -15053
-29088 -15024
-29088 -15024
-29088 -15024
-29088 -15024
-29088 -15024
-29088 -15024
-29088 -15024
-29088 -15024
-29088 -15024
-29088 -15024
-29088 -15024
-29102 -14996
-29102 -14996
-29102 -14996
-29102 -14996
-29102 -14996
-29102 -14996
-29102 -14996
-29102 -14996
-29102 -14996
-29102 -14996
-29117 -14968
-29117 -14968
-29117 -14968
-29117 -14968
-29117 -14968
-29117 -14968
-29117 -14968
-29117 -14968
-29117 -14968
-29117 -14968
-29131 -14940
-29131 -14940
-29131 -14940
-29131 -14940
-29131 -14940
-29131 -14940
-29131 -14940
-29131 -14940
-29131 -14940
-29131 -14940
-29146 -14911
-29146 -14911
-29146 -14911
-29146 -14911
-29146 -14911
-29146 -14911
-29146 -14911
-29146 -14911
-29146 -14911
-29146 -14911
-29160 -14882
-29160 -14882
-29160 -14882
-29160 -14882
-29160 -14882
-29160 -14882
-29160 -14882
-29160 -14882
-29160 -14882
-29160 -14882
-29175 -14853
-29175 -14853
-29175 -14853
-29175 -14853
-29175 -14853
-29175 -14853
-29175 -14853
-29175 -14853
-29175 -14853
-29175 -14853
-29189 -14826
-29189 -14826
-29189 -14826
-29189 -14826
-29189 -14826
-29189 -14826
-29189 -14826
-29189 -14826
-29189 -14826
-29189 -14826
-29203 -14797
-29203 -14797
-29203 -14797
-29203 -14797
-29203 -14797
-29203 -14797
-29203 -14797
-29203 -14797
-29203 -14797
-29203 -14797
-29203 -14797
-29217 -14769
-29217 -14769
-29217 -14769
-29217 -14769
-29217 -14769
-29217 -14769
-29217 -14769
-29217 -14769
-29217 -14769
-29217 -14769
-29232 -14740
-29232 -14740
-29232 -14740
-29232 -14740
-29232 -14740
-29232 -14740
-29232 -14740
-29232 -14740
-29232 -14740
-29232 -14740
-29246 -14712
-29246 -14712
-29239 -14727
-29239 -14727
-29239 -14727
-29252 -14699
-29252 -14699
-29252 -14699
-29252 -14699
-29252 -14699
-29252 -14699
-29252 -14699
-29252 -14699
-29252 -14699
-29252 -14699
-29267 -14670
-29267 -14670
-29267 -14670
-29267 -14670
-29267 -14670
-29267 -14670
-29267 -14670
-29267 -14670
-29267 -14670
-29267 -14670
-29281 -14642
-29281 -14642
-29281 -14642
-29281 -14642
-29281 -14642
-29281 -14642
-29281 -14642
-29281 -14642
-29281 -14642
-29281 -14642
-29296 -14613
-29296 -14613
-29296 -14613
-29296 -14613
-29296 -14613
-29296 -14613
-29296 -14613
-29296 -14613
-29296 -14613
-29296 -14613
-29296 -14613
-29310 -14585
-29310 -14585
-29310 -14585
-29310 -14585
-29310 -14585
-29310 -14585
-29310 -14585
-29310 -14585
-29310 -14585
-29310 -14585
-29324 -14556
-29324 -14556
-29324 -14556
-29324 -14556
-29324 -14556
-29324 -14556
-29324 -14556
-29324 -14556
-29324 -14556
-29324 -14556
-29338 -14529
-29338 -14529
-29338 -14529
-29338 -14529
-29338 -14529
-29338 -14529
-29338 -14529
-29338 -14529
-29338 -14529
-29338 -14529
-29353 -14499
-29353 -14499
-29353 -14499
-29353 -14499
-29353 -14499
-29353 -14499
-29353 -14499
-29353 -14499
-29353 -14499
-29353 -14499
-29367 -14471
-29367 -14471
-29367 -14471
-29367 -14471
-29367 -14471
-29367 -14471
-29367 -14471
-29367 -14471
-29367 -14471
-29367 -14471
-29381 -14442
-29381 -14442
-29381 -14442
-29381 -14442
-29381 -14442
-29381 -14442
-29381 -14442
-29381 -14442
-29381 -14442
-29381 -14442
-29395 -14414
-29395 -14414
-29395 -14414
-29395 -14414
-29395 -14414
-29395 -14414
-29395 -14414
-29395 -14414
-29395 -14414
-29395 -14414
-29410 -14384
-29410 -14384
-29410 -14384
-29410 -14384
-29410 -14384
-29410 -14384
-29410 -14384
-29410 -14384
-29410 -14384
-29410 -14384
-29410 -14384
-29424 -14357
-29424 -14357
-29424 -14357
-29411 -14359
-29411 -14359
-29411 -14359
-29411 -14359
-29425 -14331
-29425 -14331
-29425 -14331
-29425 -14331
-29425 -14331
-29425 -14331
-29425 -14331
-29425 -14331
-29425 -14331
-29425 -14331
-29439 -14302
-29439 -14302
-29439 -14302
-29439 -14302
-29439 -14302
-29439 -14302
-29439 -14302
-29439 -14302
-29439 -14302
-29439 -14302
-29439 -14302
-29453 -14273
-29453 -14273
-29453 -14273
-29453 -14273
-29453 -14273
-29453 -14273
-29453 -14273
-29453 -14273
-29453 -14273
-29453 -14273
-29467 -14245
-29467 -14245
-29467 -14245
-29467 -14245
-29467 -14245
-29467 -14245
-29467 -14245
-29467 -14245
-29467 -14245
-29467 -14245
-29481 -14217
-29481 -14217
-29481 -14217
-29481 -14217
-29481 -14217
-29481 -14217
-29481 -14217
-29481 -14217
-29481 -14217
-29481 -14217
-29495 -14187
-29495 -14187
-29495 -14187
-29495 -14187
-29495 -14187
-29495 -14187
-29495 -14187
-29495 -14187
-29495 -14187
-29495 -14187
-29508 -14158
-29508 -14158
-29508 -14158
-29508 -14158
-29508 -14158
-29508 -14158
-29508 -14158
-29508 -14158
-29508 -14158
-29508 -14158
-29522 -14129
-29522 -14129
-29522 -14129
-29522 -14129
-29522 -14129
-29522 -14129
-29522 -14129
-29522 -14129
-29522 -14129
-29522 -14129
-29535 -14101
-29535 -14101
-29535 -14101
-29535 -14101
-29535 -14101
-29535 -14101
-29535 -14101
-29535 -14101
-29535 -14101
-29535 -14101
-29549 -14072
-29549 -14072
-29549 -14072
-29549 -14072
-29549 -14072
-29549 -14072
-29549 -14072
-29549 -14072
-29549 -14072
-29549 -14072
-29549 -14072
-29563 -14043
-29563 -14043
-29563 -14043
-29563 -14043
-29563 -14043
-29563 -14043
-29563 -14043
-29563 -14043
-29563 -14043
-29563 -14043
-29576 -14014
-29576 -14014
-29576 -14014
-29576 -14014
-29576 -14014
-29576 -14014
-29576 -14014
-29576 -14014
-29576 -14014
-29576 -14014
-29590 -13985
-29590 -13985
-29583 -14001
-29583 -14001
-29583 -14001
-29596 -13973
-29596 -13973
-29596 -13973
-29596 -13973
-29596 -13973
-29596 -13973
-29596 -13973
-29596 -13973
-29596 -13973
-29596 -13973
-29610 -13944
-29610 -13944
-29610 -13944
-29610 -13944
-29610 -13944
-29610 -13944
-29610 -13944
-29610 -13944
-29610 -13944
-29610 -13944
-29623 -13915
-29623 -13915
-29623 -13915
-29623 -13915
-29623 -13915
-29623 -13915
-29623 -13915
-29623 -13915
-29623 -13915
-29623 -13915
-29637 -13886
-29637 -13886
-29637 -13886
-29637 -13886
-29637 -13886
-29637 -13886
-29637 -13886
-29637 -13886
-29637 -13886
-29637 -13886
-29637 -13886
-29651 -13857
-29651 -13857
-29651 -13857
-29651 -13857
-29651 -13857
-29651 -13857
-29651 -13857
-29651 -13857
-29651 -13857
-29651 -13857
-29664 -13828
-29664 -13828
-29664 -13828
-29664 -13828
-29664 -13828
-29664 -13828
-29664 -13828
-29664 -13828
-29664 -13828
-29664 -13828
-29677 -13800
-29677 -13800
-29677 -13800
-29677 -13800
-29677 -13800
-29677 -13800
-29677 -13800
-29677 -13800
-29677 -13800
-29677 -13800
-29692 -13771
-29692 -13771
-29692 -13771
-29692 -13771
-29692 -13771
-29692 -13771
-29692 -13771
-29692 -13771
-29692 -13771
-29692 -13771
-29705 -13742
-29705 -13742
-29705 -13742
-29705 -13742
-29705 -13742
-29705 -13742
-29705 -13742
-29705 -13742
-29705 -13742
-29705 -13742
-29718 -13712
-29718 -13712
-29718 -13712
-29718 -13712
-29718 -13712
-29718 -13712
-29718 -13712
-29718 -13712
-29718 -13712
-29718 -13712
-29731 -13684
-29731 -13684
-29731 -13684
-29731 -13684
-29731 -13684
-29731 -13684
-29731 -13684
-29731 -13684
-29731 -13684
-29731 -13684
-29745 -13655
-29745 -13655
-29745 -13655
-29745 -13655
-29745 -13655
-29745 -13655
-29745 -13655
-29745 -13655
-29745 -13655
-29745 -13655
-29745 -13655
-29759 -13627
-29759 -13627
-29759 -13627
-29763 -13637
-29763 -13637
-29763 -13637
-29763 -13637
-29777 -13608
-29777 -13608
-29777 -13608
-29777 -13608
-29777 -13608
-29777 -13608
-29777 -13608
-29777 -13608
-29777 -13608
-29777 -13608
-29790 -13579
-29790 -13579
-29790 -13579
-29790 -13579
-29790 -13579
-29790 -13579
-29790 -13579
-29790 -13579
-29790 -13579
-29790 -13579
-29790 -13579
-29803 -13549
-29803 -13549
-29803 -13549
-29803 -13549
-29803 -13549
-29803 -13549
-29803 -13549
-29803 -13549
-29803 -13549
-29803 -13549
-29817 -13521
-29817 -13521
-29817 -13521
-29817 -13521
-29817 -13521
-29817 -13521
-29817 -13521
-29817 -13521
-29817 -13521
-29817 -13521
-29829 -13492
-29829 -13492
-29829 -13492
-29829 -13492
-29829 -13492
-29829 -13492
-29829 -13492
-29829 -13492
-29829 -13492
-29829 -13492
-29842 -13462
-29842 -13462
-29842 -13462
-29842 -13462
-29842 -13462
-29842 -13462
-29842 -13462
-29842 -13462
-29842 -13462
-29842 -13462
-29855 -13433
-29855 -13433
-29855 -13433
-29855 -13433
-29855 -13433
-29855 -13433
-29855 -13433
-29855 -13433
-29855 -13433
-29855 -13433
-29868 -13404
-29868 -13404
-29868 -13404
-29868 -13404
-29868 -13404
-29868 -13404
-29868 -13404
-29868 -13404
-29868 -13404
-29868 -13404
-29881 -13375
-29881 -13375
-29881 -13375
-29881 -13375
-29881 -13375
-29881 -13375
-29881 -13375
-29881 -13375
-29881 -13375
-29881 -13375
-29894 -13346
-29894 -13346
-29894 -13346
-29894 -13346
-29894 -13346
-29894 -13346
-29894 -13346
-29894 -13346
-29894 -13346
-29894 -13346
-29894 -13346
-29907 -13317
-29907 -13317
-29907 -13317
-29907 -13317
-29907 -13317
-29907 -13317
-29907 -13317
-29907 -13317
-29907 -13317
-29907 -13317
-29920 -13288
-29920 -13288
-29920 -13288
-29920 -13288
-29920 -13288
-29920 -13288
-29920 -13288
-29920 -13288
-29920 -13288
-29920 -13288
-29933 -13258
-29933 -13258
-29926 -13274
-29926 -13274
-29926 -13274
-29938 -13246
-29938 -13246
-29938 -13246
-29938 -13246
-29938 -13246
-29938 -13246
-29938 -13246
-29938 -13246
-29938 -13246
-29938 -13246
-29951 -13216
-29951 -13216
-29951 -13216
-29951 -13216
-29951 -13216
-29951 -13216
-29951 -13216
-29951 -13216
-29951 -13216
-29951 -13216
-29964 -13187
-29964 -13187
-29964 -13187
-29964 -13187
-29964 -13187
-29964 -13187
-29964 -13187
-29964 -13187
-29964 -13187
-29964 -13187
-29977 -13158
-29977 -13158
-29977 -13158
-29977 -13158
-29977 -13158
-29977 -13158
-29977 -13158
-29977 -13158
-29977 -13158
-29977 -13158
-29977 -13158
-29990 -13129
-29990 -13129
-29990 -13129
-29990 -13129
-29990 -13129
-29990 -13129
-29990 -13129
-29990 -13129
-29990 -13129
-29990 -13129
-30003 -13099
-30003 -13099
-30003 -13099
-30003 -13099
-30003 -13099
-30003 -13099
-30003 -13099
-30003 -13099
-30003 -13099
-30003 -13099
-30016 -13071
-30016 -13071
-30016 -13071
-30016 -13071
-30016 -13071
-30016 -13071
-30016 -13071
-30016 -13071
-30016 -13071
-30016 -13071
-30029 -13041
-30029 -13041
-30029 -13041
-30029 -13041
-30029 -13041
-30029 -13041
-30029 -13041
-30029 -13041
-30029 -13041
-30029 -13041
-30042 -13012
-30042 -13012
-30042 -13012
-30042 -13012
-30042 -13012
-30042 -13012
-30042 -13012
-30042 -13012
-30042 -13012
-30042 -13012
-30054 -12982
-30054 -12982
-30054 -12982
-30054 -12982
-30054 -12982
-30054 -12982
-30054 -12982
-30054 -12982
-30054 -12982
-30054 -12982
-30067 -12954
-30067 -12954
-30067 -12954
-30067 -12954
-30067 -12954
-30067 -12954
-30067 -12954
-30067 -12954
-30067 -12954
-30067 -12954
-30080 -12924
-30080 -12924
-30080 -12924
-30080 -12924
-30080 -12924
-30080 -12924
-30080 -12924
-30080 -12924
-30080 -12924
-30080 -12924
-30080 -12924
-30093 -12895
-30093 -12895
-30093 -12895
-30116 -12914
-30116 -12914
-30116 -12914
-30116 -12914
-30129 -12885
-30129 -12885
-30129 -12885
-30129 -12885
-30129 -12885
-30129 -12885
-30129 -12885
-30129 -12885
-30129 -12885
-30129 -12885
-30141 -12855
-30141 -12855
-30141 -12855
-30141 -12855
-30141 -12855
-30141 -12855
-30141 -12855
-30141 -12855
-30141 -12855
-30141 -12855
-30141 -12855
-30154 -12826
-30154 -12826
-30154 -12826
-30154 -12826
-30154 -12826
-30154 -12826
-30154 -12826
-30154 -12826
-30154 -12826
-30154 -12826
-30167 -12796
-30167 -12796
-30167 -12796
-30167 -12796
-30167 -12796
-30167 -12796
-30167 -12796
-30167 -12796
-30167 -12796
-30167 -12796
-30179 -12768
-30179 -12768
-30179 -12768
-30179 -12768
-30179 -12768
-30179 -12768
-30179 -12768
-30179 -12768
-30179 -12768
-30179 -12768
-30191 -12737
-30191 -12737
-30191 -12737
-30191 -12737
-30191 -12737
-30191 -12737
-30191 -12737
-30191 -12737
-30191 -12737
-30191 -12737
-30203 -12708
-30203 -12708
-30203 -12708
-30203 -12708
-30203 -12708
-30203 -12708
-30203 -12708
-30203 -12708
-30203 -12708
-30203 -12708
-30216 -12678
-30216 -12678
-30216 -12678
-30216 -12678
-30216 -12678
-30216 -12678
-30216 -12678
-30216 -12678
-30216 -12678
-30216 -12678
-30228 -12650
-30228 -12650
-30228 -12650
-30228 -12650
-30228 -12650
-30228 -12650
-30228 -12650
-30228 -12650
-30228 -12650
-30228 -12650
-30240 -12620
-30240 -12620
-30240 -12620
-30240 -12620
-30240 -12620
-30240 -12620
-30240 -12620
-30240 -12620
-30240 -12620
-30240 -12620
-30240 -12620
-30252 -12590
-30252 -12590
-30252 -12590
-30252 -12590
-30252 -12590
-30252 -12590
-30252 -12590
-30252 -12590
-30252 -12590
-30252 -12590
-30264 -12561
-30264 -12561
-30264 -12561
-30264 -12561
-30264 -12561
-30264 -12561
-30264 -12561
-30264 -12561
-30264 -12561
-30264 -12561
-30277 -12531
-30277 -12531
-30270 -12547
-30270 -12547
-30270 -12547
-30282 -12518
-30282 -12518
-30282 -12518
-30282 -12518
-30282 -12518
-30282 -12518
-30282 -12518
-30282 -12518
-30282 -12518
-30282 -12518
-30294 -12489
-30294 -12489
-30294 -12489
-30294 -12489
-30294 -12489
-30294 -12489
-30294 -12489
-30294 -12489
-30294 -12489
-30294 -12489
-30306 -12459
-30306 -12459
-30306 -12459
-30306 -12459
-30306 -12459
-30306 -12459
-30306 -12459
-30306 -12459
-30306 -12459
-30306 -12459
-30319 -12430
-30319 -12430
-30319 -12430
-30319 -12430
-30319 -12430
-30319 -12430
-30319 -12430
-30319 -12430
-30319 -12430
-30319 -12430
-30319 -12430
-30331 -12400
-30331 -12400
-30331 -12400
-30331 -12400
-30331 -12400
-30331 -12400
-30331 -12400
-30331 -12400
-30331 -12400
-30331 -12400
-30343 -12371
-30343 -12371
-30343 -12371
-30343 -12371
-30343 -12371
-30343 -12371
-30343 -12371
-30343 -12371
-30343 -12371
-30343 -12371
-30355 -12342
-30355 -12342
-30355 -12342
-30355 -12342
-30355 -12342
-30355 -12342
-30355 -12342
-30355 -12342
-30355 -12342
-30355 -12342
-30368 -12311
-30368 -12311
-30368 -12311
-30368 -12311
-30368 -12311
-30368 -12311
-30368 -12311
-30368 -12311
-30368 -12311
-30368 -12311
-30380 -12282
-30380 -12282
-30380 -12282
-30380 -12282
-30380 -12282
-30380 -12282
-30380 -12282
-30380 -12282
-30380 -12282
-30380 -12282
-30391 -12252
-30391 -12252
-30391 -12252
-30391 -12252
-30391 -12252
-30391 -12252
-30391 -12252
-30391 -12252
-30391 -12252
-30391 -12252
-30403 -12223
-30403 -12223
-30403 -12223
-30403 -12223
-30403 -12223
-30403 -12223
-30403 -12223
-30403 -12223
-30403 -12223
-30403 -12223
-30416 -12193
-30416 -12193
-30416 -12193
-30416 -12193
-30416 -12193
-30416 -12193
-30416 -12193
-30416 -12193
-30416 -12193
-30416 -12193
-30416 -12193
-30428 -12164
-30428 -12164
-30428 -12164
-30396 -12160
-30396 -12160
-30396 -12160
-30396 -12160
-30409 -12131
-30409 -12131
-30409 -12131
-30409 -12131
-30409 -12131
-30409 -12131
-30409 -12131
-30409 -12131
-30409 -12131
-30409 -12131
-30420 -12101
-30420 -12101
-30420 -12101
-30420 -12101
-30420 -12101
-30420 -12101
-30420 -12101
-30420 -12101
-30420 -12101
-30420 -12101
-30420 -12101
-30432 -12071
-30432 -12071
-30432 -12071
-30432 -12071
-30432 -12071
-30432 -12071
-30432 -12071
-30432 -12071
-30432 -12071
-30432 -12071
-30444 -12042
-30444 -12042
-30444 -12042
-30444 -12042
-30444 -12042
-30444 -12042
-30444 -12042
-30444 -12042
-30444 -12042
-30444 -12042
-30455 -12013
-30455 -12013
-30455 -12013
-30455 -12013
-30455 -12013
-30455 -12013
-30455 -12013
-30455 -12013
-30455 -12013
-30455 -12013
-30467 -11982
-30467 -11982
-30467 -11982
-30467 -11982
-30467 -11982
-30467 -11982
-30467 -11982
-30467 -11982
-30467 -11982
-30467 -11982
-30479 -11952
-30479 -11952
-30479 -11952
-30479 -11952
-30479 -11952
-30479 -11952
-30479 -11952
-30479 -11952
-30479 -11952
-30479 -11952
-30490 -11922
-30490 -11922
-30490 -11922
-30490 -11922
-30490 -11922
-30490 -11922
-30490 -11922
-30490 -11922
-30490 -11922
-30490 -11922
-30501 -11894
-30501 -11894
-30501 -11894
-30501 -11894
-30501 -11894
-30501 -11894
-30501 -11894
-30501 -11894
-30501 -11894
-30501 -11894
-30513 -11864
-30513 -11864
-30513 -11864
-30513 -11864
-30513 -11864
-30513 -11864
-30513 -11864
-30513 -11864
-30513 -11864
-30513 -11864
-30513 -11864
-30524 -11834
-30524 -11834
-30524 -11834
-30524 -11834
-30524 -11834
-30524 -11834
-30524 -11834
-30524 -11834
-30524 -11834
-30524 -11834
-30536 -11804
-30536 -11804
-30536 -11804
-30536 -11804
-30536 -11804
-30536 -11804
-30536 -11804
-30536 -11804
-30536 -11804
-30536 -11804
-30547 -11774
-30547 -11774
-30541 -11790
-30541 -11790
-30541 -11790
-30552 -11761
-30552 -11761
-30552 -11761
-30552 -11761
-30552 -11761
-30552 -11761
-30552 -11761
-30552 -11761
-30552 -11761
-30552 -11761
-30564 -11731
-30564 -11731
-30564 -11731
-30564 -11731
-30564 -11731
-30564 -11731
-30564 -11731
-30564 -11731
-30564 -11731
-30564 -11731
-30575 -11702
-30575 -11702
-30575 -11702
-30575 -11702
-30575 -11702
-30575 -11702
-30575 -11702
-30575 -11702
-30575 -11702
-30575 -11702
-30587 -11672
-30587 -11672
-30587 -11672
-30587 -11672
-30587 -11672
-30587 -11672
-30587 -11672
-30587 -11672
-30587 -11672
-30587 -11672
-30587 -11672
-30598 -11642
-30598 -11642
-30598 -11642
-30598 -11642
-30598 -11642
-30598 -11642
-30598 -11642
-30598 -11642
-30598 -11642
-30598 -11642
-30610 -11612
-30610 -11612
-30610 -11612
-30610 -11612
-30610 -11612
-30610 -11612
-30610 -11612
-30610 -11612
-30610 -11612
-30610 -11612
-30621 -11583
-30621 -11583
-30621 -11583
-30621 -11583
-30621 -11583
-30621 -11583
-30621 -11583
-30621 -11583
-30621 -11583
-30621 -11583
-30633 -11552
-30633 -11552
-30633 -11552
-30633 -11552
-30633 -11552
-30633 -11552
-30633 -11552
-30633 -11552
-30633 -11552
-30633 -11552
-30644 -11523
-30644 -11523
-30644 -11523
-30644 -11523
-30644 -11523
-30644 -11523
-30644 -11523
-30644 -11523
-30644 -11523
-30644 -11523
-30655 -11492
-30655 -11492
-30655 -11492
-30655 -11492
-30655 -11492
-30655 -11492
-30655 -11492
-30655 -11492
-30655 -11492
-30655 -11492
-30666 -11463
-30666 -11463
-30666 -11463
-30666 -11463
-30666 -11463
-30666 -11463
-30666 -11463
-30666 -11463
-30666 -11463
-30666 -11463
-30678 -11433
-30678 -11433
-30678 -11433
-30678 -11433
-30678 -11433
-30678 -11433
-30678 -11433
-30678 -11433
-30678 -11433
-30678 -11433
-30678 -11433
-30689 -11404
-30689 -11404
-30689 -11404
-30677 -11407
-30677 -11407
-30677 -11407
-30677 -11407
-30688 -11377
-30688 -11377
-30688 -11377
-30688 -11377
-30688 -11377
-30688 -11377
-30688 -11377
-30688 -11377
-30688 -11377
-30688 -11377
-30699 -11347
-30699 -11347
-30699 -11347
-30699 -11347
-30699 -11347
-30699 -11347
-30699 -11347
-30699 -11347
-30699 -11347
-30699 -11347
-30699 -11347
-30710 -11317
-30710 -11317
-30710 -11317
-30710 -11317
-30710 -11317
-30710 -11317
-30710 -11317
-30710 -11317
-30710 -11317
-30710 -11317
-30722 -11287
-30722 -11287
-30722 -11287
-30722 -11287
-30722 -11287
-30722 -11287
-30722 -11287
-30722 -11287
-30722 -11287
-30722 -11287
-30732 -11258
-30732 -11258
-30732 -11258
-30732 -11258
-30732 -11258
-30732 -11258
-30732 -11258
-30732 -11258
-30732 -11258
-30732 -11258
-30743 -11227
-30743 -11227
-30743 -11227
-30743 -11227
-30743 -11227
-30743 -11227
-30743 -11227
-30743 -11227
-30743 -11227
-30743 -11227
-30754 -11197
-30754 -11197
-30754 -11197
-30754 -11197
-30754 -11197
-30754 -11197
-30754 -11197
-30754 -11197
-30754 -11197
-30754 -11197
-30765 -11167
-30765 -11167
-30765 -11167
-30765 -11167
-30765 -11167
-30765 -11167
-30765 -11167
-30765 -11167
-30765 -11167
-30765 -11167
-30775 -11138
-30775 -11138
-30775 -11138
-30775 -11138
-30775 -11138
-30775 -11138
-30775 -11138
-30775 -11138
-30775 -11138
-30775 -11138
-30786 -11107
-30786 -11107
-30786 -11107
-30786 -11107
-30786 -11107
-30786 -11107
-30786 -11107
-30786 -11107
-30786 -11107
-30786 -11107
-30786 -11107
-30797 -11077
-30797 -11077
-30797 -11077
-30797 -11077
-30797 -11077
-30797 -11077
-30797 -11077
-30797 -11077
-30797 -11077
-30797 -11077
-30807 -11047
-30807 -11047
-30807 -11047
-30807 -11047
-30807 -11047
-30807 -11047
-30807 -11047
-30807 -11047
-30807 -11047
-30807 -11047
-30818 -11017
-30818 -11017
-30812 -11033
-30812 -11033
-30812 -11033
-30823 -11004
-30823 -11004
-30823 -11004
-30823 -11004
-30823 -11004
-30823 -11004
-30823 -11004
-30823 -11004
-30823 -11004
-30823 -11004
-30834 -10974
-30834 -10974
-30834 -10974
-30834 -10974
-30834 -10974
-30834 -10974
-30834 -10974
-30834 -10974
-30834 -10974
-30834 -10974
-30844 -10944
-30844 -10944
-30844 -10944
-30844 -10944
-30844 -10944
-30844 -10944
-30844 -10944
-30844 -10944
-30844 -10944
-30844 -10944
-30855 -10914
-30855 -10914
-30855 -10914
-30855 -10914
-30855 -10914
-30855 -10914
-30855 -10914
-30855 -10914
-30855 -10914
-30855 -10914
-30855 -10914
-30866 -10884
-30866 -10884
-30866 -10884
-30866 -10884
-30866 -10884
-30866 -10884
-30866 -10884
-30866 -10884
-30866 -10884
-30866 -10884
-30877 -10854
-30877 -10854
-30877 -10854
-30877 -10854
-30877 -10854
-30877 -10854
-30877 -10854
-30877 -10854
-30877 -10854
-30877 -10854
-30887 -10824
-30887 -10824
-30887 -10824
-30887 -10824
-30887 -10824
-30887 -10824
-30887 -10824
-30887 -10824
-30887 -10824
-30887 -10824
-30898 -10793
-30898 -10793
-30898 -10793
-30898 -10793
-30898 -10793
-30898 -10793
-30898 -10793
-30898 -10793
-30898 -10793
-30898 -10793
-30909 -10763
-30909 -10763
-30909 -10763
-30909 -10763
-30909 -10763
-30909 -10763
-30909 -10763
-30909 -10763
-30909 -10763
-30909 -10763
-30919 -10733
-30919 -10733
-30919 -10733
-30919 -10733
-30919 -10733
-30919 -10733
-30919 -10733
-30919 -10733
-30919 -10733
-30919 -10733
-30929 -10704
-30929 -10704
-30929 -10704
-30929 -10704
-30929 -10704
-30929 -10704
-30929 -10704
-30929 -10704
-30929 -10704
-30929 -10704
-30940 -10673
-30940 -10673
-30940 -10673
-30940 -10673
-30940 -10673
-30940 -10673
-30940 -10673
-30940 -10673
-30940 -10673
-30940 -10673
-30940 -10673
-30951 -10644
-30951 -10644
-30951 -10644
-30956 -10653
-30956 -10653
-30956 -10653
-30956 -10653
-30967 -10623
-30967 -10623
-30967 -10623
-30967 -10623
-30967 -10623
-30967 -10623
-30967 -10623
-30967 -10623
-30967 -10623
-30967 -10623
-30977 -10593
-30977 -10593
-30977 -10593
-30977 -10593
-30977 -10593
-30977 -10593
-30977 -10593
-30977 -10593
-30977 -10593
-30977 -10593
-30977 -10593
-30987 -10562
-30987 -10562
-30987 -10562
-30987 -10562
-30987 -10562
-30987 -10562
-30987 -10562
-30987 -10562
-30987 -10562
-30987 -10562
-30998 -10532
-30998 -10532
-30998 -10532
-30998 -10532
-30998 -10532
-30998 -10532
-30998 -10532
-30998 -10532
-30998 -10532
-30998 -10532
-31008 -10503
-31008 -10503
-31008 -10503
-31008 -10503
-31008 -10503
-31008 -10503
-31008 -10503
-31008 -10503
-31008 -10503
-31008 -10503
-31018 -10472
-31018 -10472
-31018 -10472
-31018 -10472
-31018 -10472
-31018 -10472
-31018 -10472
-31018 -10472
-31018 -10472
-31018 -10472
-31028 -10441
-31028 -10441
-31028 -10441
-31028 -10441
-31028 -10441
-31028 -10441
-31028 -10441
-31028 -10441
-31028 -10441
-31028 -10441
-31038 -10411
-31038 -10411
-31038 -10411
-31038 -10411
-31038 -10411
-31038 -10411
-31038 -10411
-31038 -10411
-31038 -10411
-31038 -10411
-31048 -10382
-31048 -10382
-31048 -10382
-31048 -10382
-31048 -10382
-31048 -10382
-31048 -10382
-31048 -10382
-31048 -10382
-31048 -10382
-31058 -10351
-31058 -10351
-31058 -10351
-31058 -10351
-31058 -10351
-31058 -10351
-31058 -10351
-31058 -10351
-31058 -10351
-31058 -10351
-31058 -10351
-31068 -10321
-31068 -10321
-31068 -10321
-31068 -10321
-31068 -10321
-31068 -10321
-31068 -10321
-31068 -10321
-31068 -10321
-31068 -10321
-31078 -10291
-31078 -10291
-31078 -10291
-31078 -10291
-31078 -10291
-31078 -10291
-31078 -10291
-31078 -10291
-31078 -10291
-31078 -10291
-31088 -10260
-31088 -10260
-31083 -10276
-31083 -10276
-31083 -10276
-31092 -10247
-31092 -10247
-31092 -10247
-31092 -10247
-31092 -10247
-31092 -10247
-31092 -10247
-31092 -10247
-31092 -10247
-31092 -10247
-31102 -10217
-31102 -10217
-31102 -10217
-31102 -10217
-31102 -10217
-31102 -10217
-31102 -10217
-31102 -10217
-31102 -10217
-31102 -10217
-31112 -10186
-31112 -10186
-31112 -10186
-31112 -10186
-31112 -10186
-31112 -10186
-31112 -10186
-31112 -10186
-31112 -10186
-31112 -10186
-31122 -10156
-31122 -10156
-31122 -10156
-31122 -10156
-31122 -10156
-31122 -10156
-31122 -10156
-31122 -10156
-31122 -10156
-31122 -10156
-31122 -10156
-31132 -10125
-31132 -10125
-31132 -10125
-31132 -10125
-31132 -10125
-31132 -10125
-31132 -10125
-31132 -10125
-31132 -10125
-31132 -10125
-31142 -10095
-31142 -10095
-31142 -10095
-31142 -10095
-31142 -10095
-31142 -10095
-31142 -10095
-31142 -10095
-31142 -10095
-31142 -10095
-31152 -10066
-31152 -10066
-31152 -10066
-31152 -10066
-31152 -10066
-31152 -10066
-31152 -10066
-31152 -10066
-31152 -10066
-31152 -10066
-31162 -10034
-31162 -10034
-31162 -10034
-31162 -10034
-31162 -10034
-31162 -10034
-31162 -10034
-31162 -10034
-31162 -10034
-31162 -10034
-31172 -10004
-31172 -10004
-31172 -10004
-31172 -10004
-31172 -10004
-31172 -10004
-31172 -10004
-31172 -10004
-31172 -10004
-31172 -10004
-31182 -9973
-31182 -9973
-31182 -9973
-31182 -9973
-31182 -9973
-31182 -9973
-31182 -9973
-31182 -9973
-31182 -9973
-31182 -9973
-31191 -9944
-31191 -9944
-31191 -9944
-31191 -9944
-31191 -9944
-31191 -9944
-31191 -9944
-31191 -9944
-31191 -9944
-31191 -9944
-31202 -9913
-31202 -9913
-31202 -9913
-31202 -9913
-31202 -9913
-31202 -9913
-31202 -9913
-31202 -9913
-31202 -9913
-31202 -9913
-31202 -9913
-31211 -9883
-31211 -9883
-31211 -9883
-31236 -9900
-31236 -9900
-31236 -9900
-31236 -9900
-31247 -9869
-31247 -9869
-31247 -9869
-31247 -9869
-31247 -9869
-31247 -9869
-31247 -9869
-31247 -9869
-31247 -9869
-31247 -9869
-31256 -9839
-31256 -9839
-31256 -9839
-31256 -9839
-31256 -9839
-31256 -9839
-31256 -9839
-31256 -9839
-31256 -9839
-31256 -9839
-31256 -9839
-31265 -9808
-31265 -9808
-31265 -9808
-31265 -9808
-31265 -9808
-31265 -9808
-31265 -9808
-31265 -9808
-31265 -9808
-31265 -9808
-31275 -9778
-31275 -9778
-31275 -9778
-31275 -9778
-31275 -9778
-31275 -9778
-31275 -9778
-31275 -9778
-31275 -9778
-31275 -9778
-31284 -9748
-31284 -9748
-31284 -9748
-31284 -9748
-31284 -9748
-31284 -9748
-31284 -9748
-31284 -9748
-31284 -9748
-31284 -9748
-31294 -9716
-31294 -9716
-31294 -9716
-31294 -9716
-31294 -9716
-31294 -9716
-31294 -9716
-31294 -9716
-31294 -9716
-31294 -9716
-31303 -9686
-31303 -9686
-31303 -9686
-31303 -9686
-31303 -9686
-31303 -9686
-31303 -9686
-31303 -9686
-31303 -9686
-31303 -9686
-31313 -9655
-31313 -9655
-31313 -9655
-31313 -9655
-31313 -9655
-31313 -9655
-31313 -9655
-31313 -9655
-31313 -9655
-31313 -9655
-31321 -9626
-31321 -9626
-31321 -9626
-31321 -9626
-31321 -9626
-31321 -9626
-31321 -9626
-31321 -9626
-31321 -9626
-31321 -9626
-31331 -9595
-31331 -9595
-31331 -9595
-31331 -9595
-31331 -9595
-31331 -9595
-31331 -9595
-31331 -9595
-31331 -9595
-31331 -9595
-31331 -9595
-31340 -9564
-31340 -9564
-31340 -9564
-31340 -9564
-31340 -9564
-31340 -9564
-31340 -9564
-31340 -9564
-31340 -9564
-31340 -9564
-31349 -9534
-31349 -9534
-31349 -9534
-31349 -9534
-31349 -9534
-31349 -9534
-31349 -9534
-31349 -9534
-31349 -9534
-31349 -9534
-31359 -9503
-31359 -9503
-31354 -9519
-31354 -9519
-31354 -9519
-31363 -9490
-31363 -9490
-31363 -9490
-31363 -9490
-31363 -9490
-31363 -9490
-31363 -9490
-31363 -9490
-31363 -9490
-31363 -9490
-31372 -9459
-31372 -9459
-31372 -9459
-31372 -9459
-31372 -9459
-31372 -9459
-31372 -9459
-31372 -9459
-31372 -9459
-31372 -9459
-31381 -9428
-31381 -9428
-31381 -9428
-31381 -9428
-31381 -9428
-31381 -9428
-31381 -9428
-31381 -9428
-31381 -9428
-31381 -9428
-31391 -9398
-31391 -9398
-31391 -9398
-31391 -9398
-31391 -9398
-31391 -9398
-31391 -9398
-31391 -9398
-31391 -9398
-31391 -9398
-31391 -9398
-31400 -9367
-31400 -9367
-31400 -9367
-31400 -9367
-31400 -9367
-31400 -9367
-31400 -9367
-31400 -9367
-31400 -9367
-31400 -9367
-31409 -9337
-31409 -9337
-31409 -9337
-31409 -9337
-31409 -9337
-31409 -9337
-31409 -9337
-31409 -9337
-31409 -9337
-31409 -9337
-31418 -9307
-31418 -9307
-31418 -9307
-31418 -9307
-31418 -9307
-31418 -9307
-31418 -9307
-31418 -9307
-31418 -9307
-31418 -9307
-31428 -9275
-31428 -9275
-31428 -9275
-31428 -9275
-31428 -9275
-31428 -9275
-31428 -9275
-31428 -9275
-31428 -9275
-31428 -9275
-31437 -9245
-31437 -9245
-31437 -9245
-31437 -9245
-31437 -9245
-31437 -9245
-31437 -9245
-31437 -9245
-31437 -9245
-31437 -9245
-31445 -9214
-31445 -9214
-31445 -9214
-31445 -9214
-31445 -9214
-31445 -9214
-31445 -9214
-31445 -9214
-31445 -9214
-31445 -9214
-31454 -9184
-31454 -9184
-31454 -9184
-31454 -9184
-31454 -9184
-31454 -9184
-31454 -9184
-31454 -9184
-31454 -9184
-31454 -9184
-31464 -9153
-31464 -9153
-31464 -9153
-31464 -9153
-31464 -9153
-31464 -9153
-31464 -9153
-31464 -9153
-31464 -9153
-31464 -9153
-31464 -9153
-31473 -9123
-31473 -9123
-31473 -9123
-31441 -9122
-31441 -9122
-31441 -9122
-31441 -9122
-31450 -9092
-31450 -9092
-31450 -9092
-31450 -9092
-31450 -9092
-31450 -9092
-31450 -9092
-31450 -9092
-31450 -9092
-31450 -9092
-31459 -9061
-31459 -9061
-31459 -9061
-31459 -9061
-31459 -9061
-31459 -9061
-31459 -9061
-31459 -9061
-31459 -9061
-31459 -9061
-31459 -9061
-31467 -9030
-31467 -9030
-31467 -9030
-31467 -9030
-31467 -9030
-31467 -9030
-31467 -9030
-31467 -9030
-31467 -9030
-31467 -9030
-31477 -8999
-31477 -8999
-31477 -8999
-31477 -8999
-31477 -8999
-31477 -8999
-31477 -8999
-31477 -8999
-31477 -8999
-31477 -8999
-31485 -8970
-31485 -8970
-31485 -8970
-31485 -8970
-31485 -8970
-31485 -8970
-31485 -8970
-31485 -8970
-31485 -8970
-31485 -8970
-31494 -8938
-31494 -8938
-31494 -8938
-31494 -8938
-31494 -8938
-31494 -8938
-31494 -8938
-31494 -8938
-31494 -8938
-31494 -8938
-31503 -8907
-31503 -8907
-31503 -8907
-31503 -8907
-31503 -8907
-31503 -8907
-31503 -8907
-31503 -8907
-31503 -8907
-31503 -8907
-31511 -8876
-31511 -8876
-31511 -8876
-31511 -8876
-31511 -8876
-31511 -8876
-31511 -8876
-31511 -8876
-31511 -8876
-31511 -8876
-31519 -8846
-31519 -8846
-31519 -8846
-31519 -8846
-31519 -8846
-31519 -8846
-31519 -8846
-31519 -8846
-31519 -8846
-31519 -8846
-31528 -8816
-31528 -8816
-31528 -8816
-31528 -8816
-31528 -8816
-31528 -8816
-31528 -8816
-31528 -8816
-31528 -8816
-31528 -8816
-31528 -8816
-31536 -8785
-31536 -8785
-31536 -8785
-31536 -8785
-31536 -8785
-31536 -8785
-31536 -8785
-31536 -8785
-31536 -8785
-31536 -8785
-31545 -8754
-31545 -8754
-31545 -8754
-31545 -8754
-31545 -8754
-31545 -8754
-31545 -8754
-31545 -8754
-31545 -8754
-31545 -8754
-31553 -8723
-31553 -8723
-31549 -8739
-31549 -8739
-31549 -8739
-31557 -8710
-31557 -8710
-31557 -8710
-31557 -8710
-31557 -8710
-31557 -8710
-31557 -8710
-31557 -8710
-31557 -8710
-31557 -8710
-31566 -8679
-31566 -8679
-31566 -8679
-31566 -8679
-31566 -8679
-31566 -8679
-31566 -8679
-31566 -8679
-31566 -8679
-31566 -8679
-31574 -8648
-31574 -8648
-31574 -8648
-31574 -8648
-31574 -8648
-31574 -8648
-31574 -8648
-31574 -8648
-31574 -8648
-31574 -8648
-31583 -8617
-31583 -8617
-31583 -8617
-31583 -8617
-31583 -8617
-31583 -8617
-31583 -8617
-31583 -8617
-31583 -8617
-31583 -8617
-31583 -8617
-31591 -8586
-31591 -8586
-31591 -8586
-31591 -8586
-31591 -8586
-31591 -8586
-31591 -8586
-31591 -8586
-31591 -8586
-31591 -8586
-31600 -8556
-31600 -8556
-31600 -8556
-31600 -8556
-31600 -8556
-31600 -8556
-31600 -8556
-31600 -8556
-31600 -8556
-31600 -8556
-31608 -8526
-31608 -8526
-31608 -8526
-31608 -8526
-31608 -8526
-31608 -8526
-31608 -8526
-31608 -8526
-31608 -8526
-31608 -8526
-31617 -8494
-31617 -8494
-31617 -8494
-31617 -8494
-31617 -8494
-31617 -8494
-31617 -8494
-31617 -8494
-31617 -8494
-31617 -8494
-31625 -8463
-31625 -8463
-31625 -8463
-31625 -8463
-31625 -8463
-31625 -8463
-31625 -8463
-31625 -8463
-31625 -8463
-31625 -8463
-31633 -8432
-31633 -8432
-31633 -8432
-31633 -8432
-31633 -8432
-31633 -8432
-31633 -8432
-31633 -8432
-31633 -8432
-31633 -8432
-31641 -8402
-31641 -8402
-31641 -8402
-31641 -8402
-31641 -8402
-31641 -8402
-31641 -8402
-31641 -8402
-31641 -8402
-31641 -8402
-31650 -8370
-31650 -8370
-31650 -8370
-31650 -8370
-31650 -8370
-31650 -8370
-31650 -8370
-31650 -8370
-31650 -8370
-31650 -8370
-31650 -8370
-31658 -8341
-31658 -8341
-31658 -8341
-31647 -8346
-31647 -8346
-31647 -8346
-31647 -8346
-31655 -8315
-31655 -8315
-31655 -8315
-31655 -8315
-31655 -8315
-31655 -8315
-31655 -8315
-31655 -8315
-31655 -8315
-31655 -8315
-31663 -8284
-31663 -8284
-31663 -8284
-31663 -8284
-31663 -8284
-31663 -8284
-31663 -8284
-31663 -8284
-31663 -8284
-31663 -8284
-31663 -8284
-31671 -8253
-31671 -8253
-31671 -8253
-31671 -8253
-31671 -8253
-31671 -8253
-31671 -8253
-31671 -8253
-31671 -8253
-31671 -8253
-31680 -8222
-31680 -8222
-31680 -8222
-31680 -8222
-31680 -8222
-31680 -8222
-31680 -8222
-31680 -8222
-31680 -8222
-31680 -8222
-31687 -8192
-31687 -8192
-31687 -8192
-31687 -8192
-31687 -8192
-31687 -8192
-31687 -8192
-31687 -8192
-31687 -8192
-31687 -8192
-31695 -8160
-31695 -8160
-31695 -8160
-31695 -8160
-31695 -8160
-31695 -8160
-31695 -8160
-31695 -8160
-31695 -8160
-31695 -8160
-31703 -8129
-31703 -8129
-31703 -8129
-31703 -8129
-31703 -8129
-31703 -8129
-31703 -8129
-31703 -8129
-31703 -8129
-31703 -8129
-31711 -8098
-31711 -8098
-31711 -8098
-31711 -8098
-31711 -8098
-31711 -8098
-31711 -8098
-31711 -8098
-31711 -8098
-31711 -8098
-31718 -8068
-31718 -8068
-31718 -8068
-31718 -8068
-31718 -8068
-31718 -8068
-31718 -8068
-31718 -8068
-31718 -8068
-31718 -8068
-31726 -8037
-31726 -8037
-31726 -8037
-31726 -8037
-31726 -8037
-31726 -8037
-31726 -8037
-31726 -8037
-31726 -8037
-31726 -8037
-31726 -8037
-31734 -8006
-31734 -8006
-31734 -8006
-31734 -8006
-31734 -8006
-31734 -8006
-31734 -8006
-31734 -8006
-31734 -8006
-31734 -8006
-31741 -7975
-31741 -7975
-31741 -7975
-31741 -7975
-31741 -7975
-31741 -7975
-31741 -7975
-31741 -7975
-31741 -7975
-31741 -7975
-31749 -7944
-31749 -7944
-31745 -7961
-31745 -7961
-31745 -7961
-31753 -7930
-31753 -7930
-31753 -7930
-31753 -7930
-31753 -7930
-31753 -7930
-31753 -7930
-31753 -7930
-31753 -7930
-31753 -7930
-31760 -7899
-31760 -7899
-31760 -7899
-31760 -7899
-31760 -7899
-31760 -7899
-31760 -7899
-31760 -7899
-31760 -7899
-31760 -7899
-31768 -7868
-31768 -7868
-31768 -7868
-31768 -7868
-31768 -7868
-31768 -7868
-31768 -7868
-31768 -7868
-31768 -7868
-31768 -7868
-31776 -7837
-31776 -7837
-31776 -7837
-31776 -7837
-31776 -7837
-31776 -7837
-31776 -7837
-31776 -7837
-31776 -7837
-31776 -7837
-31776 -7837
-31784 -7806
-31784 -7806
-31784 -7806
-31784 -7806
-31784 -7806
-31784 -7806
-31784 -7806
-31784 -7806
-31784 -7806
-31784 -7806
-31791 -7775
-31791 -7775
-31791 -7775
-31791 -7775
-31791 -7775
-31791 -7775
-31791 -7775
-31791 -7775
-31791 -7775
-31791 -7775
-31799 -7745
-31799 -7745
-31799 -7745
-31799 -7745
-31799 -7745
-31799 -7745
-31799 -7745
-31799 -7745
-31799 -7745
-31799 -7745
-31807 -7713
-31807 -7713
-31807 -7713
-31807 -7713
-31807 -7713
-31807 -7713
-31807 -7713
-31807 -7713
-31807 -7713
-31807 -7713
-31815 -7682
-31815 -7682
-31815 -7682
-31815 -7682
-31815 -7682
-31815 -7682
-31815 -7682
-31815 -7682
-31815 -7682
-31815 -7682
-31822 -7651
-31822 -7651
-31822 -7651
-31822 -7651
-31822 -7651
-31822 -7651
-31822 -7651
-31822 -7651
-31822 -7651
-31822 -7651
-31829 -7621
-31829 -7621
-31829 -7621
-31829 -7621
-31829 -7621
-31829 -7621
-31829 -7621
-31829 -7621
-31829 -7621
-31829 -7621
-31837 -7589
-31837 -7589
-31837 -7589
-31837 -7589
-31837 -7589
-31837 -7589
-31837 -7589
-31837 -7589
-31837 -7589
-31837 -7589
-31837 -7589
-31845 -7559
-31845 -7559
-31845 -7559
-31851 -7568
-31851 -7568
-31851 -7568
-31851 -7568
-31859 -7537
-31859 -7537
-31859 -7537
-31859 -7537
-31859 -7537
-31859 -7537
-31859 -7537
-31859 -7537
-31859 -7537
-31859 -7537
-31866 -7506
-31866 -7506
-31866 -7506
-31866 -7506
-31866 -7506
-31866 -7506
-31866 -7506
-31866 -7506
-31866 -7506
-31866 -7506
-31866 -7506
-31873 -7475
-31873 -7475
-31873 -7475
-31873 -7475
-31873 -7475
-31873 -7475
-31873 -7475
-31873 -7475
-31873 -7475
-31873 -7475
-31881 -7444
-31881 -7444
-31881 -7444
-31881 -7444
-31881 -7444
-31881 -7444
-31881 -7444
-31881 -7444
-31881 -7444
-31881 -7444
-31888 -7414
-31888 -7414
-31888 -7414
-31888 -7414
-31888 -7414
-31888 -7414
-31888 -7414
-31888 -7414
-31888 -7414
-31888 -7414
-31895 -7381
-31895 -7381
-31895 -7381
-31895 -7381
-31895 -7381
-31895 -7381
-31895 -7381
-31895 -7381
-31895 -7381
-31895 -7381
-31902 -7350
-31902 -7350
-31902 -7350
-31902 -7350
-31902 -7350
-31902 -7350
-31902 -7350
-31902 -7350
-31902 -7350
-31902 -7350
-31909 -7319
-31909 -7319
-31909 -7319
-31909 -7319
-31909 -7319
-31909 -7319
-31909 -7319
-31909 -7319
-31909 -7319
-31909 -7319
-31916 -7289
-31916 -7289
-31916 -7289
-31916 -7289
-31916 -7289
-31916 -7289
-31916 -7289
-31916 -7289
-31916 -7289
-31916 -7289
-31923 -7258
-31923 -7258
-31923 -7258
-31923 -7258
-31923 -7258
-31923 -7258
-31923 -7258
-31923 -7258
-31923 -7258
-31923 -7258
-31923 -7258
-31930 -7226
-31930 -7226
-31930 -7226
-31930 -7226
-31930 -7226
-31930 -7226
-31930 -7226
-31930 -7226
-31930 -7226
-31930 -7226
-31937 -7195
-31937 -7195
-31937 -7195
-31937 -7195
-31937 -7195
-31937 -7195
-31937 -7195
-31937 -7195
-31937 -7195
-31937 -7195
-31944 -7164
-31944 -7164
-31940 -7181
-31940 -7181
-31940 -7181
-31947 -7150
-31947 -7150
-31947 -7150
-31947 -7150
-31947 -7150
-31947 -7150
-31947 -7150
-31947 -7150
-31947 -7150
-31947 -7150
-31954 -7119
-31954 -7119
-31954 -7119
-31954 -7119
-31954 -7119
-31954 -7119
-31954 -7119
-31954 -7119
-31954 -7119
-31954 -7119
-31961 -7088
-31961 -7088
-31961 -7088
-31961 -7088
-31961 -7088
-31961 -7088
-31961 -7088
-31961 -7088
-31961 -7088
-31961 -7088
-31968 -7057
-31968 -7057
-31968 -7057
-31968 -7057
-31968 -7057
-31968 -7057
-31968 -7057
-31968 -7057
-31968 -7057
-31968 -7057
-31968 -7057
-31975 -7026
-31975 -7026
-31975 -7026
-31975 -7026
-31975 -7026
-31975 -7026
-31975 -7026
-31975 -7026
-31975 -7026
-31975 -7026
-31982 -6994
-31982 -6994
-31982 -6994
-31982 -6994
-31982 -6994
-31982 -6994
-31982 -6994
-31982 -6994
-31982 -6994
-31982 -6994
-31989 -6964
-31989 -6964
-31989 -6964
-31989 -6964
-31989 -6964
-31989 -6964
-31989 -6964
-31989 -6964
-31989 -6964
-31989 -6964
-31996 -6932
-31996 -6932
-31996 -6932
-31996 -6932
-31996 -6932
-31996 -6932
-31996 -6932
-31996 -6932
-31996 -6932
-31996 -6932
-32003 -6901
-32003 -6901
-32003 -6901
-32003 -6901
-32003 -6901
-32003 -6901
-32003 -6901
-32003 -6901
-32003 -6901
-32003 -6901
-32009 -6869
-32009 -6869
-32009 -6869
-32009 -6869
-32009 -6869
-32009 -6869
-32009 -6869
-32009 -6869
-32009 -6869
-32009 -6869
-32016 -6839
-32016 -6839
-32016 -6839
-32016 -6839
-32016 -6839
-32016 -6839
-32016 -6839
-32016 -6839
-32016 -6839
-32016 -6839
-32023 -6807
-32023 -6807
-32023 -6807
-32023 -6807
-32023 -6807
-32023 -6807
-32023 -6807
-32023 -6807
-32023 -6807
-32023 -6807
-32023 -6807
-32030 -6777
-32030 -6777
-32030 -6777
-32056 -6791
-32056 -6791
-32056 -6791
-32056 -6791
-32063 -6759
-32063 -6759
-32063 -6759
-32063 -6759
-32063 -6759
-32063 -6759
-32063 -6759
-32063 -6759
-32063 -6759
-32063 -6759
-32069 -6728
-32069 -6728
-32069 -6728
-32069 -6728
-32069 -6728
-32069 -6728
-32069 -6728
-32069 -6728
-32069 -6728
-32069 -6728
-32069 -6728
-32076 -6697
-32076 -6697
-32076 -6697
-32076 -6697
-32076 -6697
-32076 -6697
-32076 -6697
-32076 -6697
-32076 -6697
-32076 -6697
-32083 -6665
-32083 -6665
-32083 -6665
-32083 -6665
-32083 -6665
-32083 -6665
-32083 -6665
-32083 -6665
-32083 -6665
-32083 -6665
-32089 -6635
-32089 -6635
-32089 -6635
-32089 -6635
-32089 -6635
-32089 -6635
-32089 -6635
-32089 -6635
-32089 -6635
-32089 -6635
-32095 -6603
-32095 -6603
-32095 -6603
-32095 -6603
-32095 -6603
-32095 -6603
-32095 -6603
-32095 -6603
-32095 -6603
-32095 -6603
-32102 -6571
-32102 -6571
-32102 -6571
-32102 -6571
-32102 -6571
-32102 -6571
-32102 -6571
-32102 -6571
-32102 -6571
-32102 -6571
-32108 -6540
-32108 -6540
-32108 -6540
-32108 -6540
-32108 -6540
-32108 -6540
-32108 -6540
-32108 -6540
-32108 -6540
-32108 -6540
-32114 -6510
-32114 -6510
-32114 -6510
-32114 -6510
-32114 -6510
-32114 -6510
-32114 -6510
-32114 -6510
-32114 -6510
-32114 -6510
-32120 -6478
-32120 -6478
-32120 -6478
-32120 -6478
-32120 -6478
-32120 -6478
-32120 -6478
-32120 -6478
-32120 -6478
-32120 -6478
-32120 -6478
-32126 -6447
-32126 -6447
-32126 -6447
-32126 -6447
-32126 -6447
-32126 -6447
-32126 -6447
-32126 -6447
-32126 -6447
-32126 -6447
-32133 -6415
-32133 -6415
-32133 -6415
-32133 -6415
-32133 -6415
-32133 -6415
-32133 -6415
-32133 -6415
-32133 -6415
-32133 -6415
-32139 -6384
-32139 -6384
-32135 -6401
-32135 -6401
-32135 -6401
-32142 -6370
-32142 -6370
-32142 -6370
-32142 -6370
-32142 -6370
-32142 -6370
-32142 -6370
-32142 -6370
-32142 -6370
-32142 -6370
-32148 -6339
-32148 -6339
-32148 -6339
-32148 -6339
-32148 -6339
-32148 -6339
-32148 -6339
-32148 -6339
-32148 -6339
-32148 -6339
-32154 -6307
-32154 -6307
-32154 -6307
-32154 -6307
-32154 -6307
-32154 -6307
-32154 -6307
-32154 -6307
-32154 -6307
-32154 -6307
-32160 -6276
-32160 -6276
-32160 -6276
-32160 -6276
-32160 -6276
-32160 -6276
-32160 -6276
-32160 -6276
-32160 -6276
-32160 -6276
-32160 -6276
-32166 -6245
-32166 -6245
-32166 -6245
-32166 -6245
-32166 -6245
-32166 -6245
-32166 -6245
-32166 -6245
-32166 -6245
-32166 -6245
-32173 -6213
-32173 -6213
-32173 -6213
-32173 -6213
-32173 -6213
-32173 -6213
-32173 -6213
-32173 -6213
-32173 -6213
-32173 -6213
-32179 -6183
-32179 -6183
-32179 -6183
-32179 -6183
-32179 -6183
-32179 -6183
-32179 -6183
-32179 -6183
-32179 -6183
-32179 -6183
-32185 -6151
-32185 -6151
-32185 -6151
-32185 -6151
-32185 -6151
-32185 -6151
-32185 -6151
-32185 -6151
-32185 -6151
-32185 -6151
-32191 -6119
-32191 -6119
-32191 -6119
-32191 -6119
-32191 -6119
-32191 -6119
-32191 -6119
-32191 -6119
-32191 -6119
-32191 -6119
-32197 -6088
-32197 -6088
-32197 -6088
-32197 -6088
-32197 -6088
-32197 -6088
-32197 -6088
-32197 -6088
-32197 -6088
-32197 -6088
-32203 -6057
-32203 -6057
-32203 -6057
-32203 -6057
-32203 -6057
-32203 -6057
-32203 -6057
-32203 -6057
-32203 -6057
-32203 -6057
-32209 -6025
-32209 -6025
-32209 -6025
-32209 -6025
-32209 -6025
-32209 -6025
-32209 -6025
-32209 -6025
-32209 -6025
-32209 -6025
-32209 -6025
-32215 -5994
-32215 -5994
-32215 -5994
-32184 -5997
-32184 -5997
-32184 -5997
-32184 -5997
-32190 -5966
-32190 -5966
-32190 -5966
-32190 -5966
-32190 -5966
-32190 -5966
-32190 -5966
-32190 -5966
-32190 -5966
-32190 -5966
-32196 -5934
-32196 -5934
-32196 -5934
-32196 -5934
-32196 -5934
-32196 -5934
-32196 -5934
-32196 -5934
-32196 -5934
-32196 -5934
-32196 -5934
-32201 -5903
-32201 -5903
-32201 -5903
-32201 -5903
-32201 -5903
-32201 -5903
-32201 -5903
-32201 -5903
-32201 -5903
-32201 -5903
-32208 -5871
-32208 -5871
-32208 -5871
-32208 -5871
-32208 -5871
-32208 -5871
-32208 -5871
-32208 -5871
-32208 -5871
-32208 -5871
-32213 -5841
-32213 -5841
-32213 -5841
-32213 -5841
-32213 -5841
-32213 -5841
-32213 -5841
-32213 -5841
-32213 -5841
-32213 -5841
-32218 -5808
-32218 -5808
-32218 -5808
-32218 -5808
-32218 -5808
-32218 -5808
-32218 -5808
-32218 -5808
-32218 -5808
-32218 -5808
-32224 -5777
-32224 -5777
-32224 -5777
-32224 -5777
-32224 -5777
-32224 -5777
-32224 -5777
-32224 -5777
-32224 -5777
-32224 -5777
-32229 -5745
-32229 -5745
-32229 -5745
-32229 -5745
-32229 -5745
-32229 -5745
-32229 -5745
-32229 -5745
-32229 -5745
-32229 -5745
-32235 -5715
-32235 -5715
-32235 -5715
-32235 -5715
-32235 -5715
-32235 -5715
-32235 -5715
-32235 -5715
-32235 -5715
-32235 -5715
-32240 -5683
-32240 -5683
-32240 -5683
-32240 -5683
-32240 -5683
-32240 -5683
-32240 -5683
-32240 -5683
-32240 -5683
-32240 -5683
-32240 -5683
-32246 -5652
-32246 -5652
-32246 -5652
-32246 -5652
-32246 -5652
-32246 -5652
-32246 -5652
-32246 -5652
-32246 -5652
-32246 -5652
-32251 -5620
-32251 -5620
-32251 -5620
-32251 -5620
-32251 -5620
-32251 -5620
-32251 -5620
-32251 -5620
-32251 -5620
-32251 -5620
-32257 -5589
-32257 -5589
-32254 -5606
-32254 -5606
-32254 -5606
-32259 -5575
-32259 -5575
-32259 -5575
-32259 -5575
-32259 -5575
-32259 -5575
-32259 -5575
-32259 -5575
-32259 -5575
-32259 -5575
-32264 -5544
-32264 -5544
-32264 -5544
-32264 -5544
-32264 -5544
-32264 -5544
-32264 -5544
-32264 -5544
-32264 -5544
-32264 -5544
-32270 -5512
-32270 -5512
-32270 -5512
-32270 -5512
-32270 -5512
-32270 -5512
-32270 -5512
-32270 -5512
-32270 -5512
-32270 -5512
-32275 -5481
-32275 -5481
-32275 -5481
-32275 -5481
-32275 -5481
-32275 -5481
-32275 -5481
-32275 -5481
-32275 -5481
-32275 -5481
-32275 -5481
-32281 -5449
-32281 -5449
-32281 -5449
-32281 -5449
-32281 -5449
-32281 -5449
-32281 -5449
-32281 -5449
-32281 -5449
-32281 -5449
-32286 -5418
-32286 -5418
-32286 -5418
-32286 -5418
-32286 -5418
-32286 -5418
-32286 -5418
-32286 -5418
-32286 -5418
-32286 -5418
-32292 -5387
-32292 -5387
-32292 -5387
-32292 -5387
-32292 -5387
-32292 -5387
-32292 -5387
-32292 -5387
-32292 -5387
-32292 -5387
-32297 -5355
-32297 -5355
-32297 -5355
-32297 -5355
-32297 -5355
-32297 -5355
-32297 -5355
-32297 -5355
-32297 -5355
-32297 -5355
-32303 -5323
-32303 -5323
-32303 -5323
-32303 -5323
-32303 -5323
-32303 -5323
-32303 -5323
-32303 -5323
-32303 -5323
-32303 -5323
-32307 -5292
-32307 -5292
-32307 -5292
-32307 -5292
-32307 -5292
-32307 -5292
-32307 -5292
-32307 -5292
-32307 -5292
-32307 -5292
-32312 -5261
-32312 -5261
-32312 -5261
-32312 -5261
-32312 -5261
-32312 -5261
-32312 -5261
-32312 -5261
-32312 -5261
-32312 -5261
-32318 -5229
-32318 -5229
-32318 -5229
-32318 -5229
-32318 -5229
-32318 -5229
-32318 -5229
-32318 -5229
-32318 -5229
-32318 -5229
-32318 -5229
-32323 -5198
-32323 -5198
-32323 -5198
-32312 -5204
-32312 -5204
-32312 -5204
-32312 -5204
-32317 -5172
-32317 -5172
-32317 -5172
-32317 -5172
-32317 -5172
-32317 -5172
-32317 -5172
-32317 -5172
-32317 -5172
-32317 -5172
-32322 -5141
-32322 -5141
-32322 -5141
-32322 -5141
-32322 -5141
-32322 -5141
-32322 -5141
-32322 -5141
-32322 -5141
-32322 -5141
-32322 -5141
-32327 -5109
-32327 -5109
-32327 -5109
-32327 -5109
-32327 -5109
-32327 -5109
-32327 -5109
-32327 -5109
-32327 -5109
-32327 -5109
-32332 -5078
-32332 -5078
-32332 -5078
-32332 -5078
-32332 -5078
-32332 -5078
-32332 -5078
-32332 -5078
-32332 -5078
-32332 -5078
-32337 -5047
-32337 -5047
-32337 -5047
-32337 -5047
-32337 -5047
-32337 -5047
-32337 -5047
-32337 -5047
-32337 -5047
-32337 -5047
-32342 -5014
-32342 -5014
-32342 -5014
-32342 -5014
-32342 -5014
-32342 -5014
-32342 -5014
-32342 -5014
-32342 -5014
-32342 -5014
-32346 -4983
-32346 -4983
-32346 -4983
-32346 -4983
-32346 -4983
-32346 -4983
-32346 -4983
-32346 -4983
-32346 -4983
-32346 -4983
-32351 -4951
-32351 -4951
-32351 -4951
-32351 -4951
-32351 -4951
-32351 -4951
-32351 -4951
-32351 -4951
-32351 -4951
-32351 -4951
-32356 -4920
-32356 -4920
-32356 -4920
-32356 -4920
-32356 -4920
-32356 -4920
-32356 -4920
-32356 -4920
-32356 -4920
-32356 -4920
-32360 -4889
-32360 -4889
-32360 -4889
-32360 -4889
-32360 -4889
-32360 -4889
-32360 -4889
-32360 -4889
-32360 -4889
-32360 -4889
-32360 -4889
-32365 -4857
-32365 -4857
-32365 -4857
-32365 -4857
-32365 -4857
-32365 -4857
-32365 -4857
-32365 -4857
-32365 -4857
-32365 -4857
-32370 -4826
-32370 -4826
-32370 -4826
-32370 -4826
-32370 -4826
-32370 -4826
-32370 -4826
-32370 -4826
-32370 -4826
-32370 -4826
-32374 -4794
-32374 -4794
-32372 -4811
-32372 -4811
-32372 -4811
-32376 -4780
-32376 -4780
-32376 -4780
-32376 -4780
-32376 -4780
-32376 -4780
-32376 -4780
-32376 -4780
-32376 -4780
-32376 -4780
-32381 -4749
-32381 -4749
-32381 -4749
-32381 -4749
-32381 -4749
-32381 -4749
-32381 -4749
-32381 -4749
-32381 -4749
-32381 -4749
-32386 -4717
-32386 -4717
-32386 -4717
-32386 -4717
-32386 -4717
-32386 -4717
-32386 -4717
-32386 -4717
-32386 -4717
-32386 -4717
-32390 -4685
-32390 -4685
-32390 -4685
-32390 -4685
-32390 -4685
-32390 -4685
-32390 -4685
-32390 -4685
-32390 -4685
-32390 -4685
-32390 -4685
-32395 -4654
-32395 -4654
-32395 -4654
-32395 -4654
-32395 -4654
-32395 -4654
-32395 -4654
-32395 -4654
-32395 -4654
-32395 -4654
-32400 -4622
-32400 -4622
-32400 -4622
-32400 -4622
-32400 -4622
-32400 -4622
-32400 -4622
-32400 -4622
-32400 -4622
-32400 -4622
-32404 -4591
-32404 -4591
-32404 -4591
-32404 -4591
-32404 -4591
-32404 -4591
-32404 -4591
-32404 -4591
-32404 -4591
-32404 -4591
-32409 -4559
-32409 -4559
-32409 -4559
-32409 -4559
-32409 -4559
-32409 -4559
-32409 -4559
-32409 -4559
-32409 -4559
-32409 -4559
-32414 -4527
-32414 -4527
-32414 -4527
-32414 -4527
-32414 -4527
-32414 -4527
-32414 -4527
-32414 -4527
-32414 -4527
-32414 -4527
-32418 -4495
-32418 -4495
-32418 -4495
-32418 -4495
-32418 -4495
-32418 -4495
-32418 -4495
-32418 -4495
-32418 -4495
-32418 -4495
-32422 -4465
-32422 -4465
-32422 -4465
-32422 -4465
-32422 -4465
-32422 -4465
-32422 -4465
-32422 -4465
-32422 -4465
-32422 -4465
-32427 -4432
-32427 -4432
-32427 -4432
-32427 -4432
-32427 -4432
-32427 -4432
-32427 -4432
-32427 -4432
-32427 -4432
-32427 -4432
-32427 -4432
-32432 -4402
-32432 -4402
-32432 -4402
-32439 -4409
-32439 -4409
-32439 -4409
-32439 -4409
-32444 -4378
-32444 -4378
-32444 -4378
-32444 -4378
-32444 -4378
-32444 -4378
-32444 -4378
-32444 -4378
-32444 -4378
-32444 -4378
-32448 -4346
-32448 -4346
-32448 -4346
-32448 -4346
-32448 -4346
-32448 -4346
-32448 -4346
-32448 -4346
-32448 -4346
-32448 -4346
-32448 -4346
-32452 -4314
-32452 -4314
-32452 -4314
-32452 -4314
-32452 -4314
-32452 -4314
-32452 -4314
-32452 -4314
-32452 -4314
-32452 -4314
-32457 -4283
-32457 -4283
-32457 -4283
-32457 -4283
-32457 -4283
-32457 -4283
-32457 -4283
-32457 -4283
-32457 -4283
-32457 -4283
-32461 -4252
-32461 -4252
-32461 -4252
-32461 -4252
-32461 -4252
-32461 -4252
-32461 -4252
-32461 -4252
-32461 -4252
-32461 -4252
-32465 -4219
-32465 -4219
-32465 -4219
-32465 -4219
-32465 -4219
-32465 -4219
-32465 -4219
-32465 -4219
-32465 -4219
-32465 -4219
-32469 -4187
-32469 -4187
-32469 -4187
-32469 -4187
-32469 -4187
-32469 -4187
-32469 -4187
-32469 -4187
-32469 -4187
-32469 -4187
-32473 -4156
-32473 -4156
-32473 -4156
-32473 -4156
-32473 -4156
-32473 -4156
-32473 -4156
-32473 -4156
-32473 -4156
-32473 -4156
-32476 -4125
-32476 -4125
-32476 -4125
-32476 -4125
-32476 -4125
-32476 -4125
-32476 -4125
-32476 -4125
-32476 -4125
-32476 -4125
-32480 -4093
-32480 -4093
-32480 -4093
-32480 -4093
-32480 -4093
-32480 -4093
-32480 -4093
-32480 -4093
-32480 -4093
-32480 -4093
-32480 -4093
-32484 -4061
-32484 -4061
-32484 -4061
-32484 -4061
-32484 -4061
-32484 -4061
-32484 -4061
-32484 -4061
-32484 -4061
-32484 -4061
-32488 -4030
-32488 -4030
-32488 -4030
-32488 -4030
-32488 -4030
-32488 -4030
-32488 -4030
-32488 -4030
-32488 -4030
-32488 -4030
-32492 -3998
-32492 -3998
-32490 -4015
-32490 -4015
-32490 -4015
-32494 -3984
-32494 -3984
-32494 -3984
-32494 -3984
-32494 -3984
-32494 -3984
-32494 -3984
-32494 -3984
-32494 -3984
-32494 -3984
-32498 -3952
-32498 -3952
-32498 -3952
-32498 -3952
-32498 -3952
-32498 -3952
-32498 -3952
-32498 -3952
-32498 -3952
-32498 -3952
-32502 -3921
-32502 -3921
-32502 -3921
-32502 -3921
-32502 -3921
-32502 -3921
-32502 -3921
-32502 -3921
-32502 -3921
-32502 -3921
-32506 -3889
-32506 -3889
-32506 -3889
-32506 -3889
-32506 -3889
-32506 -3889
-32506 -3889
-32506 -3889
-32506 -3889
-32506 -3889
-32506 -3889
-32509 -3857
-32509 -3857
-32509 -3857
-32509 -3857
-32509 -3857
-32509 -3857
-32509 -3857
-32509 -3857
-32509 -3857
-32509 -3857
-32513 -3825
-32513 -3825
-32513 -3825
-32513 -3825
-32513 -3825
-32513 -3825
-32513 -3825
-32513 -3825
-32513 -3825
-32513 -3825
-32517 -3795
-32517 -3795
-32517 -3795
-32517 -3795
-32517 -3795
-32517 -3795
-32517 -3795
-32517 -3795
-32517 -3795
-32517 -3795
-32521 -3762
-32521 -3762
-32521 -3762
-32521 -3762
-32521 -3762
-32521 -3762
-32521 -3762
-32521 -3762
-32521 -3762
-32521 -3762
-32525 -3730
-32525 -3730
-32525 -3730
-32525 -3730
-32525 -3730
-32525 -3730
-32525 -3730
-32525 -3730
-32525 -3730
-32525 -3730
-32528 -3698
-32528 -3698
-32528 -3698
-32528 -3698
-32528 -3698
-32528 -3698
-32528 -3698
-32528 -3698
-32528 -3698
-32528 -3698
-32532 -3668
-32532 -3668
-32532 -3668
-32532 -3668
-32532 -3668
-32532 -3668
-32532 -3668
-32532 -3668
-32532 -3668
-32532 -3668
-32536 -3635
-32536 -3635
-32536 -3635
-32536 -3635
-32536 -3635
-32536 -3635
-32536 -3635
-32536 -3635
-32536 -3635
-32536 -3635
-32536 -3635
-32540 -3604
-32540 -3604
-32540 -3604
-32567 -3616
-32567 -3616
-32567 -3616
-32567 -3616
-32571 -3584
-32571 -3584
-32571 -3584
-32571 -3584
-32571 -3584
-32571 -3584
-32571 -3584
-32571 -3584
-32571 -3584
-32571 -3584
-32574 -3552
-32574 -3552
-32574 -3552
-32574 -3552
-32574 -3552
-32574 -3552
-32574 -3552
-32574 -3552
-32574 -3552
-32574 -3552
-32574 -3552
-32578 -3520
-32578 -3520
-32578 -3520
-32578 -3520
-32578 -3520
-32578 -3520
-32578 -3520
-32578 -3520
-32578 -3520
-32578 -3520
-32582 -3489
-32582 -3489
-32582 -3489
-32582 -3489
-32582 -3489
-32582 -3489
-32582 -3489
-32582 -3489
-32582 -3489
-32582 -3489
-32585 -3458
-32585 -3458
-32585 -3458
-32585 -3458
-32585 -3458
-32585 -3458
-32585 -3458
-32585 -3458
-32585 -3458
-32585 -3458
-32588 -3425
-32588 -3425
-32588 -3425
-32588 -3425
-32588 -3425
-32588 -3425
-32588 -3425
-32588 -3425
-32588 -3425
-32588 -3425
-32591 -3393
-32591 -3393
-32591 -3393
-32591 -3393
-32591 -3393
-32591 -3393
-32591 -3393
-32591 -3393
-32591 -3393
-32591 -3393
-32594 -3361
-32594 -3361
-32594 -3361
-32594 -3361
-32594 -3361
-32594 -3361
-32594 -3361
-32594 -3361
-32594 -3361
-32594 -3361
-32597 -3330
-32597 -3330
-32597 -3330
-32597 -3330
-32597 -3330
-32597 -3330
-32597 -3330
-32597 -3330
-32597 -3330
-32597 -3330
-32600 -3298
-32600 -3298
-32600 -3298
-32600 -3298
-32600 -3298
-32600 -3298
-32600 -3298
-32600 -3298
-32600 -3298
-32600 -3298
-32600 -3298
-32604 -3267
-32604 -3267
-32604 -3267
-32604 -3267
-32604 -3267
-32604 -3267
-32604 -3267
-32604 -3267
-32604 -3267
-32604 -3267
-32607 -3235
-32607 -3235
-32607 -3235
-32607 -3235
-32607 -3235
-32607 -3235
-32607 -3235
-32607 -3235
-32607 -3235
-32607 -3235
-32610 -3203
-32610 -3203
-32608 -3220
-32608 -3220
-32608 -3220
-32611 -3189
-32611 -3189
-32611 -3189
-32611 -3189
-32611 -3189
-32611 -3189
-32611 -3189
-32611 -3189
-32611 -3189
-32611 -3189
-32614 -3157
-32614 -3157
-32614 -3157
-32614 -3157
-32614 -3157
-32614 -3157
-32614 -3157
-32614 -3157
-32614 -3157
-32614 -3157
-32618 -3125
-32618 -3125
-32618 -3125
-32618 -3125
-32618 -3125
-32618 -3125
-32618 -3125
-32618 -3125
-32618 -3125
-32618 -3125
-32621 -3093
-32621 -3093
-32621 -3093
-32621 -3093
-32621 -3093
-32621 -3093
-32621 -3093
-32621 -3093
-32621 -3093
-32621 -3093
-32621 -3093
-32624 -3062
-32624 -3062
-32624 -3062
-32624 -3062
-32624 -3062
-32624 -3062
-32624 -3062
-32624 -3062
-32624 -3062
-32624 -3062
-32627 -3030
-32627 -3030
-32627 -3030
-32627 -3030
-32627 -3030
-32627 -3030
-32627 -3030
-32627 -3030
-32627 -3030
-32627 -3030
-32630 -2999
-32630 -2999
-32630 -2999
-32630 -2999
-32630 -2999
-32630 -2999
-32630 -2999
-32630 -2999
-32630 -2999
-32630 -2999
-32633 -2966
-32633 -2966
-32633 -2966
-32633 -2966
-32633 -2966
-32633 -2966
-32633 -2966
-32633 -2966
-32633 -2966
-32633 -2966
-32636 -2934
-32636 -2934
-32636 -2934
-32636 -2934
-32636 -2934
-32636 -2934
-32636 -2934
-32636 -2934
-32636 -2934
-32636 -2934
-32638 -2902
-32638 -2902
-32638 -2902
-32638 -2902
-32638 -2902
-32638 -2902
-32638 -2902
-32638 -2902
-32638 -2902
-32638 -2902
-32642 -2871
-32642 -2871
-32642 -2871
-32642 -2871
-32642 -2871
-32642 -2871
-32642 -2871
-32642 -2871
-32642 -2871
-32642 -2871
-32645 -2839
-32645 -2839
-32645 -2839
-32645 -2839
-32645 -2839
-32645 -2839
-32645 -2839
-32645 -2839
-32645 -2839
-32645 -2839
-32645 -2839
-32648 -2808
-32648 -2808
-32648 -2808
-32616 -2813
-32616 -2813
-32616 -2813
-32616 -2813
-32620 -2781
-32620 -2781
-32620 -2781
-32620 -2781
-32620 -2781
-32620 -2781
-32620 -2781
-32620 -2781
-32620 -2781
-32620 -2781
-32622 -2750
-32622 -2750
-32622 -2750
-32622 -2750
-32622 -2750
-32622 -2750
-32622 -2750
-32622 -2750
-32622 -2750
-32622 -2750
-32622 -2750
-32624 -2718
-32624 -2718
-32624 -2718
-32624 -2718
-32624 -2718
-32624 -2718
-32624 -2718
-32624 -2718
-32624 -2718
-32624 -2718
-32628 -2686
-32628 -2686
-32628 -2686
-32628 -2686
-32628 -2686
-32628 -2686
-32628 -2686
-32628 -2686
-32628 -2686
-32628 -2686
-32630 -2655
-32630 -2655
-32630 -2655
-32630 -2655
-32630 -2655
-32630 -2655
-32630 -2655
-32630 -2655
-32630 -2655
-32630 -2655
-32632 -2622
-32632 -2622
-32632 -2622
-32632 -2622
-32632 -2622
-32632 -2622
-32632 -2622
-32632 -2622
-32632 -2622
-32632 -2622
-32635 -2590
-32635 -2590
-32635 -2590
-32635 -2590
-32635 -2590
-32635 -2590
-32635 -2590
-32635 -2590
-32635 -2590
-32635 -2590
-32637 -2558
-32637 -2558
-32637 -2558
-32637 -2558
-32637 -2558
-32637 -2558
-32637 -2558
-32637 -2558
-32637 -2558
-32637 -2558
-32639 -2527
-32639 -2527
-32639 -2527
-32639 -2527
-32639 -2527
-32639 -2527
-32639 -2527
-32639 -2527
-32639 -2527
-32639 -2527
-32642 -2496
-32642 -2496
-32642 -2496
-32642 -2496
-32642 -2496
-32642 -2496
-32642 -2496
-32642 -2496
-32642 -2496
-32642 -2496
-32642 -2496
-32644 -2464
-32644 -2464
-32644 -2464
-32644 -2464
-32644 -2464
-32644 -2464
-32644 -2464
-32644 -2464
-32644 -2464
-32644 -2464
-32646 -2432
-32646 -2432
-32646 -2432
-32646 -2432
-32646 -2432
-32646 -2432
-32646 -2432
-32646 -2432
-32646 -2432
-32646 -2432
-32649 -2400
-32649 -2400
-32647 -2417
-32647 -2417
-32647 -2417
-32650 -2386
-32650 -2386
-32650 -2386
-32650 -2386
-32650 -2386
-32650 -2386
-32650 -2386
-32650 -2386
-32650 -2386
-32650 -2386
-32652 -2354
-32652 -2354
-32652 -2354
-32652 -2354
-32652 -2354
-32652 -2354
-32652 -2354
-32652 -2354
-32652 -2354
-32652 -2354
-32654 -2322
-32654 -2322
-32654 -2322
-32654 -2322
-32654 -2322
-32654 -2322
-32654 -2322
-32654 -2322
-32654 -2322
-32654 -2322
-32657 -2290
-32657 -2290
-32657 -2290
-32657 -2290
-32657 -2290
-32657 -2290
-32657 -2290
-32657 -2290
-32657 -2290
-32657 -2290
-32657 -2290
-32659 -2258
-32659 -2258
-32659 -2258
-32659 -2258
-32659 -2258
-32659 -2258
-32659 -2258
-32659 -2258
-32659 -2258
-32659 -2258
-32661 -2227
-32661 -2227
-32661 -2227
-32661 -2227
-32661 -2227
-32661 -2227
-32661 -2227
-32661 -2227
-32661 -2227
-32661 -2227
-32664 -2196
-32664 -2196
-32664 -2196
-32664 -2196
-32664 -2196
-32664 -2196
-32664 -2196
-32664 -2196
-32664 -2196
-32664 -2196
-32666 -2163
-32666 -2163
-32666 -2163
-32666 -2163
-32666 -2163
-32666 -2163
-32666 -2163
-32666 -2163
-32666 -2163
-32666 -2163
-32669 -2131
-32669 -2131
-32669 -2131
-32669 -2131
-32669 -2131
-32669 -2131
-32669 -2131
-32669 -2131
-32669 -2131
-32669 -2131
-32670 -2099
-32670 -2099
-32670 -2099
-32670 -2099
-32670 -2099
-32670 -2099
-32670 -2099
-32670 -2099
-32670 -2099
-32670 -2099
-32672 -2068
-32672 -2068
-32672 -2068
-32672 -2068
-32672 -2068
-32672 -2068
-32672 -2068
-32672 -2068
-32672 -2068
-32672 -2068
-32675 -2035
-32675 -2035
-32675 -2035
-32675 -2035
-32675 -2035
-32675 -2035
-32675 -2035
-32675 -2035
-32675 -2035
-32675 -2035
-32675 -2035
-32677 -2004
-32677 -2004
-32677 -2004
-32666 -2011
-32666 -2011
-32666 -2011
-32666 -2011
-32669 -1979
-32669 -1979
-32669 -1979
-32669 -1979
-32669 -1979
-32669 -1979
-32669 -1979
-32669 -1979
-32669 -1979
-32669 -1979
-32670 -1947
-32670 -1947
-32670 -1947
-32670 -1947
-32670 -1947
-32670 -1947
-32670 -1947
-32670 -1947
-32670 -1947
-32670 -1947
-32670 -1947
-32672 -1915
-32672 -1915
-32672 -1915
-32672 -1915
-32672 -1915
-32672 -1915
-32672 -1915
-32672 -1915
-32672 -1915
-32672 -1915
-32674 -1883
-32674 -1883
-32674 -1883
-32674 -1883
-32674 -1883
-32674 -1883
-32674 -1883
-32674 -1883
-32674 -1883
-32674 -1883
-32676 -1852
-32676 -1852
-32676 -1852
-32676 -1852
-32676 -1852
-32676 -1852
-32676 -1852
-32676 -1852
-32676 -1852
-32676 -1852
-32678 -1819
-32678 -1819
-32678 -1819
-32678 -1819
-32678 -1819
-32678 -1819
-32678 -1819
-32678 -1819
-32678 -1819
-32678 -1819
-32679 -1788
-32679 -1788
-32679 -1788
-32679 -1788
-32679 -1788
-32679 -1788
-32679 -1788
-32679 -1788
-32679 -1788
-32679 -1788
-32681 -1756
-32681 -1756
-32681 -1756
-32681 -1756
-32681 -1756
-32681 -1756
-32681 -1756
-32681 -1756
-32681 -1756
-32681 -1756
-32682 -1725
-32682 -1725
-32682 -1725
-32682 -1725
-32682 -1725
-32682 -1725
-32682 -1725
-32682 -1725
-32682 -1725
-32682 -1725
-32684 -1693
-32684 -1693
-32684 -1693
-32684 -1693
-32684 -1693
-32684 -1693
-32684 -1693
-32684 -1693
-32684 -1693
-32684 -1693
-32684 -1693
-32685 -1661
-32685 -1661
-32685 -1661
-32685 -1661
-32685 -1661
-32685 -1661
-32685 -1661
-32685 -1661
-32685 -1661
-32685 -1661
-32687 -1629
-32687 -1629
-32687 -1629
-32687 -1629
-32687 -1629
-32687 -1629
-32687 -1629
-32687 -1629
-32687 -1629
-32687 -1629
-32688 -1597
-32688 -1597
-32688 -1614
-32688 -1614
-32688 -1614
-32689 -1583
-32689 -1583
-32689 -1583
-32689 -1583
-32689 -1583
-32689 -1583
-32689 -1583
-32689 -1583
-32689 -1583
-32689 -1583
-32691 -1551
-32691 -1551
-32691 -1551
-32691 -1551
-32691 -1551
-32691 -1551
-32691 -1551
-32691 -1551
-32691 -1551
-32691 -1551
-32692 -1519
-32692 -1519
-32692 -1519
-32692 -1519
-32692 -1519
-32692 -1519
-32692 -1519
-32692 -1519
-32692 -1519
-32692 -1519
-32694 -1487
-32694 -1487
-32694 -1487
-32694 -1487
-32694 -1487
-32694 -1487
-32694 -1487
-32694 -1487
-32694 -1487
-32694 -1487
-32694 -1487
-32695 -1455
-32695 -1455
-32695 -1455
-32695 -1455
-32695 -1455
-32695 -1455
-32695 -1455
-32695 -1455
-32695 -1455
-32695 -1455
-32697 -1423
-32697 -1423
-32697 -1423
-32697 -1423
-32697 -1423
-32697 -1423
-32697 -1423
-32697 -1423
-32697 -1423
-32697 -1423
-32698 -1392
-32698 -1392
-32698 -1392
-32698 -1392
-32698 -1392
-32698 -1392
-32698 -1392
-32698 -1392
-32698 -1392
-32698 -1392
-32700 -1360
-32700 -1360
-32700 -1360
-32700 -1360
-32700 -1360
-32700 -1360
-32700 -1360
-32700 -1360
-32700 -1360
-32700 -1360
-32702 -1328
-32702 -1328
-32702 -1328
-32702 -1328
-32702 -1328
-32702 -1328
-32702 -1328
-32702 -1328
-32702 -1328
-32702 -1328
-32702 -1296
-32702 -1296
-32702 -1296
-32702 -1296
-32702 -1296
-32702 -1296
-32702 -1296
-32702 -1296
-32702 -1296
-32702 -1296
-32704 -1265
-32704 -1265
-32704 -1265
-32704 -1265
-32704 -1265
-32704 -1265
-32704 -1265
-32704 -1265
-32704 -1265
-32704 -1265
-32705 -1232
-32705 -1232
-32705 -1232
-32705 -1232
-32705 -1232
-32705 -1232
-32705 -1232
-32705 -1232
-32705 -1232
-32705 -1232
-32705 -1232
-32707 -1201
-32707 -1201
-32707 -1201
-32715 -1208
-32715 -1208
-32715 -1208
-32715 -1208
-32717 -1176
-32717 -1176
-32717 -1176
-32717 -1176
-32717 -1176
-32717 -1176
-32717 -1176
-32717 -1176
-32717 -1176
-32717 -1176
-32718 -1145
-32718 -1145
-32718 -1145
-32718 -1145
-32718 -1145
-32718 -1145
-32718 -1145
-32718 -1145
-32718 -1145
-32718 -1145
-32718 -1145
-32718 -1113
-32718 -1113
-32718 -1113
-32718 -1113
-32718 -1113
-32718 -1113
-32718 -1113
-32718 -1113
-32718 -1113
-32718 -1113
-32720 -1081
-32720 -1081
-32720 -1081
-32720 -1081
-32720 -1081
-32720 -1081
-32720 -1081
-32720 -1081
-32720 -1081
-32720 -1081
-32721 -1050
-32721 -1050
-32721 -1050
-32721 -1050
-32721 -1050
-32721 -1050
-32721 -1050
-32721 -1050
-32721 -1050
-32721 -1050
-32722 -1017
-32722 -1017
-32722 -1017
-32722 -1017
-32722 -1017
-32722 -1017
-32722 -1017
-32722 -1017
-32722 -1017
-32722 -1017
-32723 -985
-32723 -985
-32723 -985
-32723 -985
-32723 -985
-32723 -985
-32723 -985
-32723 -985
-32723 -985
-32723 -985
-32723 -953
-32723 -953
-32723 -953
-32723 -953
-32723 -953
-32723 -953
-32723 -953
-32723 -953
-32723 -953
-32723 -953
-32724 -922
-32724 -922
-32724 -922
-32724 -922
-32724 -922
-32724 -922
-32724 -922
-32724 -922
-32724 -922
-32724 -922
-32725 -890
-32725 -890
-32725 -890
-32725 -890
-32725 -890
-32725 -890
-32725 -890
-32725 -890
-32725 -890
-32725 -890
-32725 -890
-32726 -858
-32726 -858
-32726 -858
-32726 -858
-32726 -858
-32726 -858
-32726 -858
-32726 -858
-32726 -858
-32726 -858
-32726 -826
-32726 -826
-32726 -826
-32726 -826
-32726 -826
-32726 -826
-32726 -826
-32726 -826
-32726 -826
-32726 -826
-32727 -794
-32727 -794
-32727 -811
-32727 -811
-32727 -811
-32728 -780
-32728 -780
-32728 -780
-32728 -780
-32728 -780
-32728 -780
-32728 -780
-32728 -780
-32728 -780
-32728 -780
-32728 -748
-32728 -748
-32728 -748
-32728 -748
-32728 -748
-32728 -748
-32728 -748
-32728 -748
-32728 -748
-32728 -748
-32729 -716
-32729 -716
-32729 -716
-32729 -716
-32729 -716
-32729 -716
-32729 -716
-32729 -716
-32729 -716
-32729 -716
-32730 -684
-32730 -684
-32730 -684
-32730 -684
-32730 -684
-32730 -684
-32730 -684
-32730 -684
-32730 -684
-32730 -684
-32730 -684
-32731 -652
-32731 -652
-32731 -652
-32731 -652
-32731 -652
-32731 -652
-32731 -652
-32731 -652
-32731 -652
-32731 -652
-32731 -620
-32731 -620
-32731 -620
-32731 -620
-32731 -620
-32731 -620
-32731 -620
-32731 -620
-32731 -620
-32731 -620
-32732 -589
-32732 -589
-32732 -589
-32732 -589
-32732 -589
-32732 -589
-32732 -589
-32732 -589
-32732 -589
-32732 -589
-32733 -556
-32733 -556
-32733 -556
-32733 -556
-32733 -556
-32733 -556
-32733 -556
-32733 -556
-32733 -556
-32733 -556
-32734 -524
-32734 -524
-32734 -524
-32734 -524
-32734 -524
-32734 -524
-32734 -524
-32734 -524
-32734 -524
-32734 -524
-32734 -492
-32734 -492
-32734 -492
-32734 -492
-32734 -492
-32734 -492
-32734 -492
-32734 -492
-32734 -492
-32734 -492
-32734 -461
-32734 -461
-32734 -461
-32734 -461
-32734 -461
-32734 -461
-32734 -461
-32734 -461
-32734 -461
-32734 -461
-32735 -428
-32735 -428
-32735 -428
-32735 -428
-32735 -428
-32735 -428
-32735 -428
-32735 -428
-32735 -428
-32735 -428
-32735 -428
-32736 -397
-32736 -397
-32736 -397
-32764 -406
-32764 -406
-32764 -406
-32764 -406
-32765 -374
-32765 -374
-32765 -374
-32765 -374
-32765 -374
-32765 -374
-32765 -374
-32765 -374
-32765 -374
-32765 -374
-32765 -342
-32765 -342
-32765 -342
-32765 -342
-32765 -342
-32765 -342
-32765 -342
-32765 -342
-32765 -342
-32765 -342
-32765 -342
-32765 -310
-32765 -310
-32765 -310
-32765 -310
-32765 -310
-32765 -310
-32765 -310
-32765 -310
-32765 -310
-32765 -310
-32766 -278
-32766 -278
-32766 -278
-32766 -278
-32766 -278
-32766 -278
-32766 -278
-32766 -278
-32766 -278
-32766 -278
-32766 -247
-32766 -247
-32766 -247
-32766 -247
-32766 -247
-32766 -247
-32766 -247
-32766 -247
-32766 -247
-32766 -247
-32766 -214
-32766 -214
-32766 -214
-32766 -214
-32766 -214
-32766 -214
-32766 -214
-32766 -214
-32766 -214
-32766 -214
-32766 -182
-32766 -182
-32766 -182
-32766 -182
-32766 -182
-32766 -182
-32766 -182
-32766 -182
-32766 -182
-32766 -182
-32766 -150
-32766 -150
-32766 -150
-32766 -150
-32766 -150
-32766 -150
-32766 -150
-32766 -150
-32766 -150
-32766 -150
-32766 -119
-32766 -119
-32766 -119
-32766 -119
-32766 -119
-32766 -119
-32766 -119
-32766 -119
-32766 -119
-32766 -119
-32766 -87
-32766 -87
-32766 -87
-32766 -87
-32766 -87
-32766 -87
-32766 -87
-32766 -87
-32766 -87
-32766 -87
-32766 -87
-32766 -55
-32766 -55
-32766 -55
-32766 -55
-32766 -55
-32766 -55
-32766 -55
-32766 -55
-32766 -55
-32766 -55
-32766 -23
-32766 -23
-32766 -23
-32766 -23
-32766 -23
-32766 -23
-32766 -23
-32766 -23
-32766 -23
-32766 -23
-32766 9
-32766 9
-32766 -8
-32766 -8
-32766 -8
-32766 23
-32766 23
-32766 23
-32766 23
-32766 23
-32766 23
-32766 23
-32766 23
-32766 23
-32766 23
-32766 55
-32766 55
-32766 55
-32766 55
-32766 55
-32766 55
-32766 55
-32766 55
-32766 55
-32766 55
-32766 87
-32766 87
-32766 87
-32766 87
-32766 87
-32766 87
-32766 87
-32766 87
-32766 87
-32766 87
-32766 119
-32766 119
-32766 119
-32766 119
-32766 119
-32766 119
-32766 119
-32766 119
-32766 119
-32766 119
-32766 119
-32766 151
-32766 151
-32766 151
-32766 151
-32766 151
-32766 151
-32766 151
-32766 151
-32766 151
-32766 151
-32766 183
-32766 183
-32766 183
-32766 183
-32766 183
-32766 183
-32766 183
-32766 183
-32766 183
-32766 183
-32766 214
-32766 214
-32766 214
-32766 214
-32766 214
-32766 214
-32766 214
-32766 214
-32766 214
-32766 214
-32766 247
-32766 247
-32766 247
-32766 247
-32766 247
-32766 247
-32766 247
-32766 247
-32766 247
-32766 247
-32766 279
-32766 279
-32766 279
-32766 279
-32766 279
-32766 279
-32766 279
-32766 279
-32766 279
-32766 279
-32765 311
-32765 311
-32765 311
-32765 311
-32765 311
-32765 311
-32765 311
-32765 311
-32765 311
-32765 311
-32765 342
-32765 342
-32765 342
-32765 342
-32765 342
-32765 342
-32765 342
-32765 342
-32765 342
-32765 342
-32765 375
-32765 375
-32765 375
-32765 375
-32765 375
-32765 375
-32765 375
-32765 375
-32765 375
-32765 375
-32765 375
-32765 406
-32765 406
-32765 406
-32735 397
-32735 397
-32735 397
-32735 397
-32735 429
-32735 429
-32735 429
-32735 429
-32735 429
-32735 429
-32735 429
-32735 429
-32735 429
-32735 429
-32734 461
-32734 461
-32734 461
-32734 461
-32734 461
-32734 461
-32734 461
-32734 461
-32734 461
-32734 461
-32734 461
-32734 493
-32734 493
-32734 493
-32734 493
-32734 493
-32734 493
-32734 493
-32734 493
-32734 493
-32734 493
-32734 525
-32734 525
-32734 525
-32734 525
-32734 525
-32734 525
-32734 525
-32734 525
-32734 525
-32734 525
-32733 556
-32733 556
-32733 556
-32733 556
-32733 556
-32733 556
-32733 556
-32733 556
-32733 556
-32733 556
-32732 589
-32732 589
-32732 589
-32732 589
-32732 589
-32732 589
-32732 589
-32732 589
-32732 589
-32732 589
-32731 621
-32731 621
-32731 621
-32731 621
-32731 621
-32731 621
-32731 621
-32731 621
-32731 621
-32731 621
-32731 653
-32731 653
-32731 653
-32731 653
-32731 653
-32731 653
-32731 653
-32731 653
-32731 653
-32731 653
-32730 684
-32730 684
-32730 684
-32730 684
-32730 684
-32730 684
-32730 684
-32730 684
-32730 684
-32730 684
-32729 716
-32729 716
-32729 716
-32729 716
-32729 716
-32729 716
-32729 716
-32729 716
-32729 716
-32729 716
-32729 716
-32728 748
-32728 748
-32728 748
-32728 748
-32728 748
-32728 748
-32728 748
-32728 748
-32728 748
-32728 748
-32728 780
-32728 780
-32728 780
-32728 780
-32728 780
-32728 780
-32728 780
-32728 780
-32728 780
-32728 780
-32727 812
-32727 812
-32727 795
-32727 795
-32727 795
-32726 826
-32726 826
-32726 826
-32726 826
-32726 826
-32726 826
-32726 826
-32726 826
-32726 826
-32726 826
-32726 858
-32726 858
-32726 858
-32726 858
-32726 858
-32726 858
-32726 858
-32726 858
-32726 858
-32726 858
-32725 890
-32725 890
-32725 890
-32725 890
-32725 890
-32725 890
-32725 890
-32725 890
-32725 890
-32725 890
-32724 922
-32724 922
-32724 922
-32724 922
-32724 922
-32724 922
-32724 922
-32724 922
-32724 922
-32724 922
-32724 922
-32723 954
-32723 954
-32723 954
-32723 954
-32723 954
-32723 954
-32723 954
-32723 954
-32723 954
-32723 954
-32723 986
-32723 986
-32723 986
-32723 986
-32723 986
-32723 986
-32723 986
-32723 986
-32723 986
-32723 986
-32722 1017
-32722 1017
-32722 1017
-32722 1017
-32722 1017
-32722 1017
-32722 1017
-32722 1017
-32722 1017
-32722 1017
-32721 1050
-32721 1050
-32721 1050
-32721 1050
-32721 1050
-32721 1050
-32721 1050
-32721 1050
-32721 1050
-32721 1050
-32720 1082
-32720 1082
-32720 1082
-32720 1082
-32720 1082
-32720 1082
-32720 1082
-32720 1082
-32720 1082
-32720 1082
-32718 1114
-32718 1114
-32718 1114
-32718 1114
-32718 1114
-32718 1114
-32718 1114
-32718 1114
-32718 1114
-32718 1114
-32718 1145
-32718 1145
-32718 1145
-32718 1145
-32718 1145
-32718 1145
-32718 1145
-32718 1145
-32718 1145
-32718 1145
-32717 1177
-32717 1177
-32717 1177
-32717 1177
-32717 1177
-32717 1177
-32717 1177
-32717 1177
-32717 1177
-32717 1177
-32717 1177
-32716 1208
-32716 1208
-32716 1208
-32706 1201
-32706 1201
-32706 1201
-32706 1201
-32705 1233
-32705 1233
-32705 1233
-32705 1233
-32705 1233
-32705 1233
-32705 1233
-32705 1233
-32705 1233
-32705 1233
-32704 1265
-32704 1265
-32704 1265
-32704 1265
-32704 1265
-32704 1265
-32704 1265
-32704 1265
-32704 1265
-32704 1265
-32704 1265
-32702 1297
-32702 1297
-32702 1297
-32702 1297
-32702 1297
-32702 1297
-32702 1297
-32702 1297
-32702 1297
-32702 1297
-32702 1329
-32702 1329
-32702 1329
-32702 1329
-32702 1329
-32702 1329
-32702 1329
-32702 1329
-32702 1329
-32702 1329
-32700 1360
-32700 1360
-32700 1360
-32700 1360
-32700 1360
-32700 1360
-32700 1360
-32700 1360
-32700 1360
-32700 1360
-32698 1392
-32698 1392
-32698 1392
-32698 1392
-32698 1392
-32698 1392
-32698 1392
-32698 1392
-32698 1392
-32698 1392
-32697 1424
-32697 1424
-32697 1424
-32697 1424
-32697 1424
-32697 1424
-32697 1424
-32697 1424
-32697 1424
-32697 1424
-32695 1456
-32695 1456
-32695 1456
-32695 1456
-32695 1456
-32695 1456
-32695 1456
-32695 1456
-32695 1456
-32695 1456
-32694 1487
-32694 1487
-32694 1487
-32694 1487
-32694 1487
-32694 1487
-32694 1487
-32694 1487
-32694 1487
-32694 1487
-32692 1519
-32692 1519
-32692 1519
-32692 1519
-32692 1519
-32692 1519
-32692 1519
-32692 1519
-32692 1519
-32692 1519
-32692 1519
-32691 1551
-32691 1551
-32691 1551
-32691 1551
-32691 1551
-32691 1551
-32691 1551
-32691 1551
-32691 1551
-32691 1551
-32689 1583
-32689 1583
-32689 1583
-32689 1583
-32689 1583
-32689 1583
-32689 1583
-32689 1583
-32689 1583
-32689 1583
-32688 1615
-32688 1615
-32688 1598
-32688 1598
-32688 1598
-32687 1629
-32687 1629
-32687 1629
-32687 1629
-32687 1629
-32687 1629
-32687 1629
-32687 1629
-32687 1629
-32687 1629
-32685 1661
-32685 1661
-32685 1661
-32685 1661
-32685 1661
-32685 1661
-32685 1661
-32685 1661
-32685 1661
-32685 1661
-32684 1693
-32684 1693
-32684 1693
-32684 1693
-32684 1693
-32684 1693
-32684 1693
-32684 1693
-32684 1693
-32684 1693
-32682 1725
-32682 1725
-32682 1725
-32682 1725
-32682 1725
-32682 1725
-32682 1725
-32682 1725
-32682 1725
-32682 1725
-32682 1725
-32681 1757
-32681 1757
-32681 1757
-32681 1757
-32681 1757
-32681 1757
-32681 1757
-32681 1757
-32681 1757
-32681 1757
-32679 1789
-32679 1789
-32679 1789
-32679 1789
-32679 1789
-32679 1789
-32679 1789
-32679 1789
-32679 1789
-32679 1789
-32678 1819
-32678 1819
-32678 1819
-32678 1819
-32678 1819
-32678 1819
-32678 1819
-32678 1819
-32678 1819
-32678 1819
-32676 1852
-32676 1852
-32676 1852
-32676 1852
-32676 1852
-32676 1852
-32676 1852
-32676 1852
-32676 1852
-32676 1852
-32674 1884
-32674 1884
-32674 1884
-32674 1884
-32674 1884
-32674 1884
-32674 1884
-32674 1884
-32674 1884
-32674 1884
-32672 1916
-32672 1916
-32672 1916
-32672 1916
-32672 1916
-32672 1916
-32672 1916
-32672 1916
-32672 1916
-32672 1916
-32670 1947
-32670 1947
-32670 1947
-32670 1947
-32670 1947
-32670 1947
-32670 1947
-32670 1947
-32670 1947
-32670 1947
-32669 1980
-32669 1980
-32669 1980
-32669 1980
-32669 1980
-32669 1980
-32669 1980
-32669 1980
-32669 1980
-32669 1980
-32669 1980
-32667 2011
-32667 2011
-32667 2011
-32676 2004
-32676 2004
-32676 2004
-32676 2004
-32675 2036
-32675 2036
-32675 2036
-32675 2036
-32675 2036
-32675 2036
-32675 2036
-32675 2036
-32675 2036
-32675 2036
-32672 2068
-32672 2068
-32672 2068
-32672 2068
-32672 2068
-32672 2068
-32672 2068
-32672 2068
-32672 2068
-32672 2068
-32672 2068
-32670 2100
-32670 2100
-32670 2100
-32670 2100
-32670 2100
-32670 2100
-32670 2100
-32670 2100
-32670 2100
-32670 2100
-32668 2132
-32668 2132
-32668 2132
-32668 2132
-32668 2132
-32668 2132
-32668 2132
-32668 2132
-32668 2132
-32668 2132
-32666 2163
-32666 2163
-32666 2163
-32666 2163
-32666 2163
-32666 2163
-32666 2163
-32666 2163
-32666 2163
-32666 2163
-32664 2196
-32664 2196
-32664 2196
-32664 2196
-32664 2196
-32664 2196
-32664 2196
-32664 2196
-32664 2196
-32664 2196
-32661 2228
-32661 2228
-32661 2228
-32661 2228
-32661 2228
-32661 2228
-32661 2228
-32661 2228
-32661 2228
-32661 2228
-32659 2259
-32659 2259
-32659 2259
-32659 2259
-32659 2259
-32659 2259
-32659 2259
-32659 2259
-32659 2259
-32659 2259
-32657 2290
-32657 2290
-32657 2290
-32657 2290
-32657 2290
-32657 2290
-32657 2290
-32657 2290
-32657 2290
-32657 2290
-32654 2322
-32654 2322
-32654 2322
-32654 2322
-32654 2322
-32654 2322
-32654 2322
-32654 2322
-32654 2322
-32654 2322
-32654 2322
-32652 2354
-32652 2354
-32652 2354
-32652 2354
-32652 2354
-32652 2354
-32652 2354
-32652 2354
-32652 2354
-32652 2354
-32650 2386
-32650 2386
-32650 2386
-32650 2386
-32650 2386
-32650 2386
-32650 2386
-32650 2386
-32650 2386
-32650 2386
-32647 2418
-32647 2418
-32649 2401
-32649 2401
-32649 2401
-32646 2432
-32646 2432
-32646 2432
-32646 2432
-32646 2432
-32646 2432
-32646 2432
-32646 2432
-32646 2432
-32646 2432
-32644 2464
-32644 2464
-32644 2464
-32644 2464
-32644 2464
-32644 2464
-32644 2464
-32644 2464
-32644 2464
-32644 2464
-32642 2496
-32642 2496
-32642 2496
-32642 2496
-32642 2496
-32642 2496
-32642 2496
-32642 2496
-32642 2496
-32642 2496
-32639 2527
-32639 2527
-32639 2527
-32639 2527
-32639 2527
-32639 2527
-32639 2527
-32639 2527
-32639 2527
-32639 2527
-32639 2527
-32637 2559
-32637 2559
-32637 2559
-32637 2559
-32637 2559
-32637 2559
-32637 2559
-32637 2559
-32637 2559
-32637 2559
-32635 2591
-32635 2591
-32635 2591
-32635 2591
-32635 2591
-32635 2591
-32635 2591
-32635 2591
-32635 2591
-32635 2591
-32632 2622
-32632 2622
-32632 2622
-32632 2622
-32632 2622
-32632 2622
-32632 2622
-32632 2622
-32632 2622
-32632 2622
-32630 2655
-32630 2655
-32630 2655
-32630 2655
-32630 2655
-32630 2655
-32630 2655
-32630 2655
-32630 2655
-32630 2655
-32627 2687
-32627 2687
-32627 2687
-32627 2687
-32627 2687
-32627 2687
-32627 2687
-32627 2687
-32627 2687
-32627 2687
-32624 2719
-32624 2719
-32624 2719
-32624 2719
-32624 2719
-32624 2719
-32624 2719
-32624 2719
-32624 2719
-32624 2719
-32622 2750
-32622 2750
-32622 2750
-32622 2750
-32622 2750
-32622 2750
-32622 2750
-32622 2750
-32622 2750
-32622 2750
-32619 2782
-32619 2782
-32619 2782
-32619 2782
-32619 2782
-32619 2782
-32619 2782
-32619 2782
-32619 2782
-32619 2782
-32619 2782
-32617 2813
-32617 2813
-32617 2813
-32647 2808
-32647 2808
-32647 2808
-32647 2808
-32645 2840
-32645 2840
-32645 2840
-32645 2840
-32645 2840
-32645 2840
-32645 2840
-32645 2840
-32645 2840
-32645 2840
-32642 2871
-32642 2871
-32642 2871
-32642 2871
-32642 2871
-32642 2871
-32642 2871
-32642 2871
-32642 2871
-32642 2871
-32642 2871
-32638 2903
-32638 2903
-32638 2903
-32638 2903
-32638 2903
-32638 2903
-32638 2903
-32638 2903
-32638 2903
-32638 2903
-32636 2935
-32636 2935
-32636 2935
-32636 2935
-32636 2935
-32636 2935
-32636 2935
-32636 2935
-32636 2935
-32636 2935
-32633 2966
-32633 2966
-32633 2966
-32633 2966
-32633 2966
-32633 2966
-32633 2966
-32633 2966
-32633 2966
-32633 2966
-32630 2999
-32630 2999
-32630 2999
-32630 2999
-32630 2999
-32630 2999
-32630 2999
-32630 2999
-32630 2999
-32630 2999
-32627 3031
-32627 3031
-32627 3031
-32627 3031
-32627 3031
-32627 3031
-32627 3031
-32627 3031
-32627 3031
-32627 3031
-32624 3063
-32624 3063
-32624 3063
-32624 3063
-32624 3063
-32624 3063
-32624 3063
-32624 3063
-32624 3063
-32624 3063
-32621 3093
-32621 3093
-32621 3093
-32621 3093
-32621 3093
-32621 3093
-32621 3093
-32621 3093
-32621 3093
-32621 3093
-32618 3125
-32618 3125
-32618 3125
-32618 3125
-32618 3125
-32618 3125
-32618 3125
-32618 3125
-32618 3125
-32618 3125
-32618 3125
-32614 3157
-32614 3157
-32614 3157
-32614 3157
-32614 3157
-32614 3157
-32614 3157
-32614 3157
-32614 3157
-32614 3157
-32611 3189
-32611 3189
-32611 3189
-32611 3189
-32611 3189
-32611 3189
-32611 3189
-32611 3189
-32611 3189
-32611 3189
-32608 3221
-32608 3221
-32610 3204
-32610 3204
-32610 3204
-32607 3235
-32607 3235
-32607 3235
-32607 3235
-32607 3235
-32607 3235
-32607 3235
-32607 3235
-32607 3235
-32607 3235
-32604 3267
-32604 3267
-32604 3267
-32604 3267
-32604 3267
-32604 3267
-32604 3267
-32604 3267
-32604 3267
-32604 3267
-32600 3298
-32600 3298
-32600 3298
-32600 3298
-32600 3298
-32600 3298
-32600 3298
-32600 3298
-32600 3298
-32600 3298
-32597 3330
-32597 3330
-32597 3330
-32597 3330
-32597 3330
-32597 3330
-32597 3330
-32597 3330
-32597 3330
-32597 3330
-32597 3330
-32594 3362
-32594 3362
-32594 3362
-32594 3362
-32594 3362
-32594 3362
-32594 3362
-32594 3362
-32594 3362
-32594 3362
-32591 3394
-32591 3394
-32591 3394
-32591 3394
-32591 3394
-32591 3394
-32591 3394
-32591 3394
-32591 3394
-32591 3394
-32588 3425
-32588 3425
-32588 3425
-32588 3425
-32588 3425
-32588 3425
-32588 3425
-32588 3425
-32588 3425
-32588 3425
-32585 3458
-32585 3458
-32585 3458
-32585 3458
-32585 3458
-32585 3458
-32585 3458
-32585 3458
-32585 3458
-32585 3458
-32582 3490
-32582 3490
-32582 3490
-32582 3490
-32582 3490
-32582 3490
-32582 3490
-32582 3490
-32582 3490
-32582 3490
-32578 3521
-32578 3521
-32578 3521
-32578 3521
-32578 3521
-32578 3521
-32578 3521
-32578 3521
-32578 3521
-32578 3521
-32574 3552
-32574 3552
-32574 3552
-32574 3552
-32574 3552
-32574 3552
-32574 3552
-32574 3552
-32574 3552
-32574 3552
-32571 3585
-32571 3585
-32571 3585
-32571 3585
-32571 3585
-32571 3585
-32571 3585
-32571 3585
-32571 3585
-32571 3585
-32571 3585
-32568 3616
-32568 3616
-32568 3616
-32539 3604
-32539 3604
-32539 3604
-32539 3604
-32536 3636
-32536 3636
-32536 3636
-32536 3636
-32536 3636
-32536 3636
-32536 3636
-32536 3636
-32536 3636
-32536 3636
-32532 3668
-32532 3668
-32532 3668
-32532 3668
-32532 3668
-32532 3668
-32532 3668
-32532 3668
-32532 3668
-32532 3668
-32532 3668
-32528 3699
-32528 3699
-32528 3699
-32528 3699
-32528 3699
-32528 3699
-32528 3699
-32528 3699
-32528 3699
-32528 3699
-32525 3731
-32525 3731
-32525 3731
-32525 3731
-32525 3731
-32525 3731
-32525 3731
-32525 3731
-32525 3731
-32525 3731
-32521 3762
-32521 3762
-32521 3762
-32521 3762
-32521 3762
-32521 3762
-32521 3762
-32521 3762
-32521 3762
-32521 3762
-32517 3795
-32517 3795
-32517 3795
-32517 3795
-32517 3795
-32517 3795
-32517 3795
-32517 3795
-32517 3795
-32517 3795
-32513 3826
-32513 3826
-32513 3826
-32513 3826
-32513 3826
-32513 3826
-32513 3826
-32513 3826
-32513 3826
-32513 3826
-32509 3858
-32509 3858
-32509 3858
-32509 3858
-32509 3858
-32509 3858
-32509 3858
-32509 3858
-32509 3858
-32509 3858
-32506 3889
-32506 3889
-32506 3889
-32506 3889
-32506 3889
-32506 3889
-32506 3889
-32506 3889
-32506 3889
-32506 3889
-32502 3921
-32502 3921
-32502 3921
-32502 3921
-32502 3921
-32502 3921
-32502 3921
-32502 3921
-32502 3921
-32502 3921
-32502 3921
-32498 3952
-32498 3952
-32498 3952
-32498 3952
-32498 3952
-32498 3952
-32498 3952
-32498 3952
-32498 3952
-32498 3952
-32494 3984
-32494 3984
-32494 3984
-32494 3984
-32494 3984
-32494 3984
-32494 3984
-32494 3984
-32494 3984
-32494 3984
-32490 4016
-32490 4016
-32492 3999
-32492 3999
-32492 3999
-32488 4030
-32488 4030
-32488 4030
-32488 4030
-32488 4030
-32488 4030
-32488 4030
-32488 4030
-32488 4030
-32488 4030
-32484 4061
-32484 4061
-32484 4061
-32484 4061
-32484 4061
-32484 4061
-32484 4061
-32484 4061
-32484 4061
-32484 4061
-32480 4093
-32480 4093
-32480 4093
-32480 4093
-32480 4093
-32480 4093
-32480 4093
-32480 4093
-32480 4093
-32480 4093
-32476 4125
-32476 4125
-32476 4125
-32476 4125
-32476 4125
-32476 4125
-32476 4125
-32476 4125
-32476 4125
-32476 4125
-32476 4125
-32473 4157
-32473 4157
-32473 4157
-32473 4157
-32473 4157
-32473 4157
-32473 4157
-32473 4157
-32473 4157
-32473 4157
-32469 4188
-32469 4188
-32469 4188
-32469 4188
-32469 4188
-32469 4188
-32469 4188
-32469 4188
-32469 4188
-32469 4188
-32465 4219
-32465 4219
-32465 4219
-32465 4219
-32465 4219
-32465 4219
-32465 4219
-32465 4219
-32465 4219
-32465 4219
-32461 4252
-32461 4252
-32461 4252
-32461 4252
-32461 4252
-32461 4252
-32461 4252
-32461 4252
-32461 4252
-32461 4252
-32457 4284
-32457 4284
-32457 4284
-32457 4284
-32457 4284
-32457 4284
-32457 4284
-32457 4284
-32457 4284
-32457 4284
-32452 4315
-32452 4315
-32452 4315
-32452 4315
-32452 4315
-32452 4315
-32452 4315
-32452 4315
-32452 4315
-32452 4315
-32448 4346
-32448 4346
-32448 4346
-32448 4346
-32448 4346
-32448 4346
-32448 4346
-32448 4346
-32448 4346
-32448 4346
-32444 4379
-32444 4379
-32444 4379
-32444 4379
-32444 4379
-32444 4379
-32444 4379
-32444 4379
-32444 4379
-32444 4379
-32444 4379
-32440 4409
-32440 4409
-32440 4409
-32431 4401
-32431 4401
-32431 4401
-32431 4401
-32427 4433
-32427 4433
-32427 4433
-32427 4433
-32427 4433
-32427 4433
-32427 4433
-32427 4433
-32427 4433
-32427 4433
-32422 4465
-32422 4465
-32422 4465
-32422 4465
-32422 4465
-32422 4465
-32422 4465
-32422 4465
-32422 4465
-32422 4465
-32422 4465
-32417 4496
-32417 4496
-32417 4496
-32417 4496
-32417 4496
-32417 4496
-32417 4496
-32417 4496
-32417 4496
-32417 4496
-32414 4528
-32414 4528
-32414 4528
-32414 4528
-32414 4528
-32414 4528
-32414 4528
-32414 4528
-32414 4528
-32414 4528
-32409 4559
-32409 4559
-32409 4559
-32409 4559
-32409 4559
-32409 4559
-32409 4559
-32409 4559
-32409 4559
-32409 4559
-32404 4591
-32404 4591
-32404 4591
-32404 4591
-32404 4591
-32404 4591
-32404 4591
-32404 4591
-32404 4591
-32404 4591
-32400 4623
-32400 4623
-32400 4623
-32400 4623
-32400 4623
-32400 4623
-32400 4623
-32400 4623
-32400 4623
-32400 4623
-32395 4655
-32395 4655
-32395 4655
-32395 4655
-32395 4655
-32395 4655
-32395 4655
-32395 4655
-32395 4655
-32395 4655
-32390 4685
-32390 4685
-32390 4685
-32390 4685
-32390 4685
-32390 4685
-32390 4685
-32390 4685
-32390 4685
-32390 4685
-32386 4717
-32386 4717
-32386 4717
-32386 4717
-32386 4717
-32386 4717
-32386 4717
-32386 4717
-32386 4717
-32386 4717
-32386 4717
-32381 4749
-32381 4749
-32381 4749
-32381 4749
-32381 4749
-32381 4749
-32381 4749
-32381 4749
-32381 4749
-32381 4749
-32376 4780
-32376 4780
-32376 4780
-32376 4780
-32376 4780
-32376 4780
-32376 4780
-32376 4780
-32376 4780
-32376 4780
-32372 4812
-32372 4812
-32374 4795
-32374 4795
-32374 4795
-32370 4826
-32370 4826
-32370 4826
-32370 4826
-32370 4826
-32370 4826
-32370 4826
-32370 4826
-32370 4826
-32370 4826
-32365 4857
-32365 4857
-32365 4857
-32365 4857
-32365 4857
-32365 4857
-32365 4857
-32365 4857
-32365 4857
-32365 4857
-32360 4889
-32360 4889
-32360 4889
-32360 4889
-32360 4889
-32360 4889
-32360 4889
-32360 4889
-32360 4889
-32360 4889
-32356 4920
-32356 4920
-32356 4920
-32356 4920
-32356 4920
-32356 4920
-32356 4920
-32356 4920
-32356 4920
-32356 4920
-32356 4920
-32351 4952
-32351 4952
-32351 4952
-32351 4952
-32351 4952
-32351 4952
-32351 4952
-32351 4952
-32351 4952
-32351 4952
-32346 4984
-32346 4984
-32346 4984
-32346 4984
-32346 4984
-32346 4984
-32346 4984
-32346 4984
-32346 4984
-32346 4984
-32342 5014
-32342 5014
-32342 5014
-32342 5014
-32342 5014
-32342 5014
-32342 5014
-32342 5014
-32342 5014
-32342 5014
-32337 5047
-32337 5047
-32337 5047
-32337 5047
-32337 5047
-32337 5047
-32337 5047
-32337 5047
-32337 5047
-32337 5047
-32332 5078
-32332 5078
-32332 5078
-32332 5078
-32332 5078
-32332 5078
-32332 5078
-32332 5078
-32332 5078
-32332 5078
-32326 5110
-32326 5110
-32326 5110
-32326 5110
-32326 5110
-32326 5110
-32326 5110
-32326 5110
-32326 5110
-32326 5110
-32322 5141
-32322 5141
-32322 5141
-32322 5141
-32322 5141
-32322 5141
-32322 5141
-32322 5141
-32322 5141
-32322 5141
-32317 5173
-32317 5173
-32317 5173
-32317 5173
-32317 5173
-32317 5173
-32317 5173
-32317 5173
-32317 5173
-32317 5173
-32317 5173
-32313 5204
-32313 5204
-32313 5204
-32322 5198
-32322 5198
-32322 5198
-32322 5198
-32318 5230
-32318 5230
-32318 5230
-32318 5230
-32318 5230
-32318 5230
-32318 5230
-32318 5230
-32318 5230
-32318 5230
-32312 5261
-32312 5261
-32312 5261
-32312 5261
-32312 5261
-32312 5261
-32312 5261
-32312 5261
-32312 5261
-32312 5261
-32312 5261
-32307 5293
-32307 5293
-32307 5293
-32307 5293
-32307 5293
-32307 5293
-32307 5293
-32307 5293
-32307 5293
-32307 5293
-32303 5324
-32303 5324
-32303 5324
-32303 5324
-32303 5324
-32303 5324
-32303 5324
-32303 5324
-32303 5324
-32303 5324
-32297 5355
-32297 5355
-32297 5355
-32297 5355
-32297 5355
-32297 5355
-32297 5355
-32297 5355
-32297 5355
-32297 5355
-32292 5387
-32292 5387
-32292 5387
-32292 5387
-32292 5387
-32292 5387
-32292 5387
-32292 5387
-32292 5387
-32292 5387
-32286 5419
-32286 5419
-32286 5419
-32286 5419
-32286 5419
-32286 5419
-32286 5419
-32286 5419
-32286 5419
-32286 5419
-32281 5450
-32281 5450
-32281 5450
-32281 5450
-32281 5450
-32281 5450
-32281 5450
-32281 5450
-32281 5450
-32281 5450
-32275 5481
-32275 5481
-32275 5481
-32275 5481
-32275 5481
-32275 5481
-32275 5481
-32275 5481
-32275 5481
-32275 5481
-32270 5512
-32270 5512
-32270 5512
-32270 5512
-32270 5512
-32270 5512
-32270 5512
-32270 5512
-32270 5512
-32270 5512
-32270 5512
-32264 5544
-32264 5544
-32264 5544
-32264 5544
-32264 5544
-32264 5544
-32264 5544
-32264 5544
-32264 5544
-32264 5544
-32259 5575
-32259 5575
-32259 5575
-32259 5575
-32259 5575
-32259 5575
-32259 5575
-32259 5575
-32259 5575
-32259 5575
-32253 5607
-32253 5607
-32256 5590
-32256 5590
-32256 5590
-32251 5620
-32251 5620
-32251 5620
-32251 5620
-32251 5620
-32251 5620
-32251 5620
-32251 5620
-32251 5620
-32251 5620
-32246 5652
-32246 5652
-32246 5652
-32246 5652
-32246 5652
-32246 5652
-32246 5652
-32246 5652
-32246 5652
-32246 5652
-32240 5683
-32240 5683
-32240 5683
-32240 5683
-32240 5683
-32240 5683
-32240 5683
-32240 5683
-32240 5683
-32240 5683
-32235 5715
-32235 5715
-32235 5715
-32235 5715
-32235 5715
-32235 5715
-32235 5715
-32235 5715
-32235 5715
-32235 5715
-32235 5715
-32229 5746
-32229 5746
-32229 5746
-32229 5746
-32229 5746
-32229 5746
-32229 5746
-32229 5746
-32229 5746
-32229 5746
-32224 5778
-32224 5778
-32224 5778
-32224 5778
-32224 5778
-32224 5778
-32224 5778
-32224 5778
-32224 5778
-32224 5778
-32218 5808
-32218 5808
-32218 5808
-32218 5808
-32218 5808
-32218 5808
-32218 5808
-32218 5808
-32218 5808
-32218 5808
-32213 5841
-32213 5841
-32213 5841
-32213 5841
-32213 5841
-32213 5841
-32213 5841
-32213 5841
-32213 5841
-32213 5841
-32207 5872
-32207 5872
-32207 5872
-32207 5872
-32207 5872
-32207 5872
-32207 5872
-32207 5872
-32207 5872
-32207 5872
-32201 5904
-32201 5904
-32201 5904
-32201 5904
-32201 5904
-32201 5904
-32201 5904
-32201 5904
-32201 5904
-32201 5904
-32196 5934
-32196 5934
-32196 5934
-32196 5934
-32196 5934
-32196 5934
-32196 5934
-32196 5934
-32196 5934
-32196 5934
-32190 5967
-32190 5967
-32190 5967
-32190 5967
-32190 5967
-32190 5967
-32190 5967
-32190 5967
-32190 5967
-32190 5967
-32190 5967
-32185 5997
-32185 5997
-32185 5997
-32214 5994
-32214 5994
-32214 5994
-32214 5994
-32209 6026
-32209 6026
-32209 6026
-32209 6026
-32209 6026
-32209 6026
-32209 6026
-32209 6026
-32209 6026
-32209 6026
-32203 6057
-32203 6057
-32203 6057
-32203 6057
-32203 6057
-32203 6057
-32203 6057
-32203 6057
-32203 6057
-32203 6057
-32203 6057
-32197 6089
-32197 6089
-32197 6089
-32197 6089
-32197 6089
-32197 6089
-32197 6089
-32197 6089
-32197 6089
-32197 6089
-32191 6120
-32191 6120
-32191 6120
-32191 6120
-32191 6120
-32191 6120
-32191 6120
-32191 6120
-32191 6120
-32191 6120
-32185 6151
-32185 6151
-32185 6151
-32185 6151
-32185 6151
-32185 6151
-32185 6151
-32185 6151
-32185 6151
-32185 6151
-32179 6183
-32179 6183
-32179 6183
-32179 6183
-32179 6183
-32179 6183
-32179 6183
-32179 6183
-32179 6183
-32179 6183
-32173 6214
-32173 6214
-32173 6214
-32173 6214
-32173 6214
-32173 6214
-32173 6214
-32173 6214
-32173 6214
-32173 6214
-32166 6246
-32166 6246
-32166 6246
-32166 6246
-32166 6246
-32166 6246
-32166 6246
-32166 6246
-32166 6246
-32166 6246
-32160 6276
-32160 6276
-32160 6276
-32160 6276
-32160 6276
-32160 6276
-32160 6276
-32160 6276
-32160 6276
-32160 6276
-32154 6307
-32154 6307
-32154 6307
-32154 6307
-32154 6307
-32154 6307
-32154 6307
-32154 6307
-32154 6307
-32154 6307
-32154 6307
-32148 6339
-32148 6339
-32148 6339
-32148 6339
-32148 6339
-32148 6339
-32148 6339
-32148 6339
-32148 6339
-32148 6339
-32142 6370
-32142 6370
-32142 6370
-32142 6370
-32142 6370
-32142 6370
-32142 6370
-32142 6370
-32142 6370
-32142 6370
-32135 6402
-32135 6402
-32139 6385
-32139 6385
-32139 6385
-32133 6415
-32133 6415
-32133 6415
-32133 6415
-32133 6415
-32133 6415
-32133 6415
-32133 6415
-32133 6415
-32133 6415
-32126 6447
-32126 6447
-32126 6447
-32126 6447
-32126 6447
-32126 6447
-32126 6447
-32126 6447
-32126 6447
-32126 6447
-32120 6478
-32120 6478
-32120 6478
-32120 6478
-32120 6478
-32120 6478
-32120 6478
-32120 6478
-32120 6478
-32120 6478
-32114 6510
-32114 6510
-32114 6510
-32114 6510
-32114 6510
-32114 6510
-32114 6510
-32114 6510
-32114 6510
-32114 6510
-32114 6510
-32108 6541
-32108 6541
-32108 6541
-32108 6541
-32108 6541
-32108 6541
-32108 6541
-32108 6541
-32108 6541
-32108 6541
-32101 6572
-32101 6572
-32101 6572
-32101 6572
-32101 6572
-32101 6572
-32101 6572
-32101 6572
-32101 6572
-32101 6572
-32095 6603
-32095 6603
-32095 6603
-32095 6603
-32095 6603
-32095 6603
-32095 6603
-32095 6603
-32095 6603
-32095 6603
-32089 6635
-32089 6635
-32089 6635
-32089 6635
-32089 6635
-32089 6635
-32089 6635
-32089 6635
-32089 6635
-32089 6635
-32083 6666
-32083 6666
-32083 6666
-32083 6666
-32083 6666
-32083 6666
-32083 6666
-32083 6666
-32083 6666
-32083 6666
-32075 6698
-32075 6698
-32075 6698
-32075 6698
-32075 6698
-32075 6698
-32075 6698
-32075 6698
-32075 6698
-32075 6698
-32069 6728
-32069 6728
-32069 6728
-32069 6728
-32069 6728
-32069 6728
-32069 6728
-32069 6728
-32069 6728
-32069 6728
-32063 6760
-32063 6760
-32063 6760
-32063 6760
-32063 6760
-32063 6760
-32063 6760
-32063 6760
-32063 6760
-32063 6760
-32063 6760
-32057 6791
-32057 6791
-32057 6791
-32029 6777
-32029 6777
-32029 6777
-32029 6777
-32023 6808
-32023 6808
-32023 6808
-32023 6808
-32023 6808
-32023 6808
-32023 6808
-32023 6808
-32023 6808
-32023 6808
-32016 6839
-32016 6839
-32016 6839
-32016 6839
-32016 6839
-32016 6839
-32016 6839
-32016 6839
-32016 6839
-32016 6839
-32016 6839
-32009 6870
-32009 6870
-32009 6870
-32009 6870
-32009 6870
-32009 6870
-32009 6870
-32009 6870
-32009 6870
-32009 6870
-32003 6902
-32003 6902
-32003 6902
-32003 6902
-32003 6902
-32003 6902
-32003 6902
-32003 6902
-32003 6902
-32003 6902
-31996 6932
-31996 6932
-31996 6932
-31996 6932
-31996 6932
-31996 6932
-31996 6932
-31996 6932
-31996 6932
-31996 6932
-31989 6964
-31989 6964
-31989 6964
-31989 6964
-31989 6964
-31989 6964
-31989 6964
-31989 6964
-31989 6964
-31989 6964
-31982 6995
-31982 6995
-31982 6995
-31982 6995
-31982 6995
-31982 6995
-31982 6995
-31982 6995
-31982 6995
-31982 6995
-31975 7027
-31975 7027
-31975 7027
-31975 7027
-31975 7027
-31975 7027
-31975 7027
-31975 7027
-31975 7027
-31975 7027
-31968 7057
-31968 7057
-31968 7057
-31968 7057
-31968 7057
-31968 7057
-31968 7057
-31968 7057
-31968 7057
-31968 7057
-31961 7088
-31961 7088
-31961 7088
-31961 7088
-31961 7088
-31961 7088
-31961 7088
-31961 7088
-31961 7088
-31961 7088
-31961 7088
-31954 7119
-31954 7119
-31954 7119
-31954 7119
-31954 7119
-31954 7119
-31954 7119
-31954 7119
-31954 7119
-31954 7119
-31947 7150
-31947 7150
-31947 7150
-31947 7150
-31947 7150
-31947 7150
-31947 7150
-31947 7150
-31947 7150
-31947 7150
-31940 7182
-31940 7182
-31944 7165
-31944 7165
-31944 7165
-31937 7195
-31937 7195
-31937 7195
-31937 7195
-31937 7195
-31937 7195
-31937 7195
-31937 7195
-31937 7195
-31937 7195
-31930 7226
-31930 7226
-31930 7226
-31930 7226
-31930 7226
-31930 7226
-31930 7226
-31930 7226
-31930 7226
-31930 7226
-31923 7258
-31923 7258
-31923 7258
-31923 7258
-31923 7258
-31923 7258
-31923 7258
-31923 7258
-31923 7258
-31923 7258
-31916 7289
-31916 7289
-31916 7289
-31916 7289
-31916 7289
-31916 7289
-31916 7289
-31916 7289
-31916 7289
-31916 7289
-31916 7289
-31909 7320
-31909 7320
-31909 7320
-31909 7320
-31909 7320
-31909 7320
-31909 7320
-31909 7320
-31909 7320
-31909 7320
-31902 7351
-31902 7351
-31902 7351
-31902 7351
-31902 7351
-31902 7351
-31902 7351
-31902 7351
-31902 7351
-31902 7351
-31895 7381
-31895 7381
-31895 7381
-31895 7381
-31895 7381
-31895 7381
-31895 7381
-31895 7381
-31895 7381
-31895 7381
-31888 7414
-31888 7414
-31888 7414
-31888 7414
-31888 7414
-31888 7414
-31888 7414
-31888 7414
-31888 7414
-31888 7414
-31881 7445
-31881 7445
-31881 7445
-31881 7445
-31881 7445
-31881 7445
-31881 7445
-31881 7445
-31881 7445
-31881 7445
-31873 7476
-31873 7476
-31873 7476
-31873 7476
-31873 7476
-31873 7476
-31873 7476
-31873 7476
-31873 7476
-31873 7476
-31866 7506
-31866 7506
-31866 7506
-31866 7506
-31866 7506
-31866 7506
-31866 7506
-31866 7506
-31866 7506
-31866 7506
-31859 7538
-31859 7538
-31859 7538
-31859 7538
-31859 7538
-31859 7538
-31859 7538
-31859 7538
-31859 7538
-31859 7538
-31859 7538
-31852 7568
-31852 7568
-31852 7568
-31844 7559
-31844 7559
-31844 7559
-31844 7559
-31837 7590
-31837 7590
-31837 7590
-31837 7590
-31837 7590
-31837 7590
-31837 7590
-31837 7590
-31837 7590
-31837 7590
-31829 7621
-31829 7621
-31829 7621
-31829 7621
-31829 7621
-31829 7621
-31829 7621
-31829 7621
-31829 7621
-31829 7621
-31829 7621
-31821 7652
-31821 7652
-31821 7652
-31821 7652
-31821 7652
-31821 7652
-31821 7652
-31821 7652
-31821 7652
-31821 7652
-31815 7683
-31815 7683
-31815 7683
-31815 7683
-31815 7683
-31815 7683
-31815 7683
-31815 7683
-31815 7683
-31815 7683
-31807 7713
-31807 7713
-31807 7713
-31807 7713
-31807 7713
-31807 7713
-31807 7713
-31807 7713
-31807 7713
-31807 7713
-31799 7745
-31799 7745
-31799 7745
-31799 7745
-31799 7745
-31799 7745
-31799 7745
-31799 7745
-31799 7745
-31799 7745
-31791 7776
-31791 7776
-31791 7776
-31791 7776
-31791 7776
-31791 7776
-31791 7776
-31791 7776
-31791 7776
-31791 7776
-31783 7807
-31783 7807
-31783 7807
-31783 7807
-31783 7807
-31783 7807
-31783 7807
-31783 7807
-31783 7807
-31783 7807
-31776 7837
-31776 7837
-31776 7837
-31776 7837
-31776 7837
-31776 7837
-31776 7837
-31776 7837
-31776 7837
-31776 7837
-31768 7868
-31768 7868
-31768 7868
-31768 7868
-31768 7868
-31768 7868
-31768 7868
-31768 7868
-31768 7868
-31768 7868
-31768 7868
-31760 7899
-31760 7899
-31760 7899
-31760 7899
-31760 7899
-31760 7899
-31760 7899
-31760 7899
-31760 7899
-31760 7899
-31753 7930
-31753 7930
-31753 7930
-31753 7930
-31753 7930
-31753 7930
-31753 7930
-31753 7930
-31753 7930
-31753 7930
-31745 7961
-31745 7961
-31749 7945
-31749 7945
-31749 7945
-31741 7975
-31741 7975
-31741 7975
-31741 7975
-31741 7975
-31741 7975
-31741 7975
-31741 7975
-31741 7975
-31741 7975
-31734 8006
-31734 8006
-31734 8006
-31734 8006
-31734 8006
-31734 8006
-31734 8006
-31734 8006
-31734 8006
-31734 8006
-31726 8037
-31726 8037
-31726 8037
-31726 8037
-31726 8037
-31726 8037
-31726 8037
-31726 8037
-31726 8037
-31726 8037
-31718 8068
-31718 8068
-31718 8068
-31718 8068
-31718 8068
-31718 8068
-31718 8068
-31718 8068
-31718 8068
-31718 8068
-31718 8068
-31710 8099
-31710 8099
-31710 8099
-31710 8099
-31710 8099
-31710 8099
-31710 8099
-31710 8099
-31710 8099
-31710 8099
-31703 8130
-31703 8130
-31703 8130
-31703 8130
-31703 8130
-31703 8130
-31703 8130
-31703 8130
-31703 8130
-31703 8130
-31695 8160
-31695 8160
-31695 8160
-31695 8160
-31695 8160
-31695 8160
-31695 8160
-31695 8160
-31695 8160
-31695 8160
-31687 8192
-31687 8192
-31687 8192
-31687 8192
-31687 8192
-31687 8192
-31687 8192
-31687 8192
-31687 8192
-31687 8192
-31679 8223
-31679 8223
-31679 8223
-31679 8223
-31679 8223
-31679 8223
-31679 8223
-31679 8223
-31679 8223
-31679 8223
-31671 8254
-31671 8254
-31671 8254
-31671 8254
-31671 8254
-31671 8254
-31671 8254
-31671 8254
-31671 8254
-31671 8254
-31663 8284
-31663 8284
-31663 8284
-31663 8284
-31663 8284
-31663 8284
-31663 8284
-31663 8284
-31663 8284
-31663 8284
-31655 8316
-31655 8316
-31655 8316
-31655 8316
-31655 8316
-31655 8316
-31655 8316
-31655 8316
-31655 8316
-31655 8316
-31655 8316
-31648 8346
-31648 8346
-31648 8346
-31657 8340
-31657 8340
-31657 8340
-31657 8340
-31650 8371
-31650 8371
-31650 8371
-31650 8371
-31650 8371
-31650 8371
-31650 8371
-31650 8371
-31650 8371
-31650 8371
-31641 8402
-31641 8402
-31641 8402
-31641 8402
-31641 8402
-31641 8402
-31641 8402
-31641 8402
-31641 8402
-31641 8402
-31641 8402
-31633 8433
-31633 8433
-31633 8433
-31633 8433
-31633 8433
-31633 8433
-31633 8433
-31633 8433
-31633 8433
-31633 8433
-31625 8464
-31625 8464
-31625 8464
-31625 8464
-31625 8464
-31625 8464
-31625 8464
-31625 8464
-31625 8464
-31625 8464
-31617 8494
-31617 8494
-31617 8494
-31617 8494
-31617 8494
-31617 8494
-31617 8494
-31617 8494
-31617 8494
-31617 8494
-31608 8526
-31608 8526
-31608 8526
-31608 8526
-31608 8526
-31608 8526
-31608 8526
-31608 8526
-31608 8526
-31608 8526
-31600 8556
-31600 8556
-31600 8556
-31600 8556
-31600 8556
-31600 8556
-31600 8556
-31600 8556
-31600 8556
-31600 8556
-31591 8587
-31591 8587
-31591 8587
-31591 8587
-31591 8587
-31591 8587
-31591 8587
-31591 8587
-31591 8587
-31591 8587
-31583 8617
-31583 8617
-31583 8617
-31583 8617
-31583 8617
-31583 8617
-31583 8617
-31583 8617
-31583 8617
-31583 8617
-31574 8648
-31574 8648
-31574 8648
-31574 8648
-31574 8648
-31574 8648
-31574 8648
-31574 8648
-31574 8648
-31574 8648
-31574 8648
-31566 8679
-31566 8679
-31566 8679
-31566 8679
-31566 8679
-31566 8679
-31566 8679
-31566 8679
-31566 8679
-31566 8679
-31557 8710
-31557 8710
-31557 8710
-31557 8710
-31557 8710
-31557 8710
-31557 8710
-31557 8710
-31557 8710
-31557 8710
-31549 8740
-31549 8740
-31553 8724
-31553 8724
-31553 8724
-31545 8754
-31545 8754
-31545 8754
-31545 8754
-31545 8754
-31545 8754
-31545 8754
-31545 8754
-31545 8754
-31545 8754
-31536 8785
-31536 8785
-31536 8785
-31536 8785
-31536 8785
-31536 8785
-31536 8785
-31536 8785
-31536 8785
-31536 8785
-31528 8816
-31528 8816
-31528 8816
-31528 8816
-31528 8816
-31528 8816
-31528 8816
-31528 8816
-31528 8816
-31528 8816
-31519 8846
-31519 8846
-31519 8846
-31519 8846
-31519 8846
-31519 8846
-31519 8846
-31519 8846
-31519 8846
-31519 8846
-31519 8846
-31511 8877
-31511 8877
-31511 8877
-31511 8877
-31511 8877
-31511 8877
-31511 8877
-31511 8877
-31511 8877
-31511 8877
-31502 8908
-31502 8908
-31502 8908
-31502 8908
-31502 8908
-31502 8908
-31502 8908
-31502 8908
-31502 8908
-31502 8908
-31494 8938
-31494 8938
-31494 8938
-31494 8938
-31494 8938
-31494 8938
-31494 8938
-31494 8938
-31494 8938
-31494 8938
-31485 8970
-31485 8970
-31485 8970
-31485 8970
-31485 8970
-31485 8970
-31485 8970
-31485 8970
-31485 8970
-31485 8970
-31477 9000
-31477 9000
-31477 9000
-31477 9000
-31477 9000
-31477 9000
-31477 9000
-31477 9000
-31477 9000
-31477 9000
-31467 9031
-31467 9031
-31467 9031
-31467 9031
-31467 9031
-31467 9031
-31467 9031
-31467 9031
-31467 9031
-31467 9031
-31459 9061
-31459 9061
-31459 9061
-31459 9061
-31459 9061
-31459 9061
-31459 9061
-31459 9061
-31459 9061
-31459 9061
-31450 9093
-31450 9093
-31450 9093
-31450 9093
-31450 9093
-31450 9093
-31450 9093
-31450 9093
-31450 9093
-31450 9093
-31450 9093
-31442 9122
-31442 9122
-31442 9122
-31472 9123
-31472 9123
-31472 9123
-31472 9123
-31464 9154
-31464 9154
-31464 9154
-31464 9154
-31464 9154
-31464 9154
-31464 9154
-31464 9154
-31464 9154
-31464 9154
-31454 9184
-31454 9184
-31454 9184
-31454 9184
-31454 9184
-31454 9184
-31454 9184
-31454 9184
-31454 9184
-31454 9184
-31454 9184
-31445 9215
-31445 9215
-31445 9215
-31445 9215
-31445 9215
-31445 9215
-31445 9215
-31445 9215
-31445 9215
-31445 9215
-31437 9246
-31437 9246
-31437 9246
-31437 9246
-31437 9246
-31437 9246
-31437 9246
-31437 9246
-31437 9246
-31437 9246
-31428 9275
-31428 9275
-31428 9275
-31428 9275
-31428 9275
-31428 9275
-31428 9275
-31428 9275
-31428 9275
-31428 9275
-31418 9307
-31418 9307
-31418 9307
-31418 9307
-31418 9307
-31418 9307
-31418 9307
-31418 9307
-31418 9307
-31418 9307
-31409 9338
-31409 9338
-31409 9338
-31409 9338
-31409 9338
-31409 9338
-31409 9338
-31409 9338
-31409 9338
-31409 9338
-31400 9368
-31400 9368
-31400 9368
-31400 9368
-31400 9368
-31400 9368
-31400 9368
-31400 9368
-31400 9368
-31400 9368
-31391 9398
-31391 9398
-31391 9398
-31391 9398
-31391 9398
-31391 9398
-31391 9398
-31391 9398
-31391 9398
-31391 9398
-31381 9428
-31381 9428
-31381 9428
-31381 9428
-31381 9428
-31381 9428
-31381 9428
-31381 9428
-31381 9428
-31381 9428
-31381 9428
-31372 9459
-31372 9459
-31372 9459
-31372 9459
-31372 9459
-31372 9459
-31372 9459
-31372 9459
-31372 9459
-31372 9459
-31363 9490
-31363 9490
-31363 9490
-31363 9490
-31363 9490
-31363 9490
-31363 9490
-31363 9490
-31363 9490
-31363 9490
-31353 9520
-31353 9520
-31358 9504
-31358 9504
-31358 9504
-31349 9534
-31349 9534
-31349 9534
-31349 9534
-31349 9534
-31349 9534
-31349 9534
-31349 9534
-31349 9534
-31349 9534
-31340 9564
-31340 9564
-31340 9564
-31340 9564
-31340 9564
-31340 9564
-31340 9564
-31340 9564
-31340 9564
-31340 9564
-31331 9595
-31331 9595
-31331 9595
-31331 9595
-31331 9595
-31331 9595
-31331 9595
-31331 9595
-31331 9595
-31331 9595
-31321 9626
-31321 9626
-31321 9626
-31321 9626
-31321 9626
-31321 9626
-31321 9626
-31321 9626
-31321 9626
-31321 9626
-31321 9626
-31312 9656
-31312 9656
-31312 9656
-31312 9656
-31312 9656
-31312 9656
-31312 9656
-31312 9656
-31312 9656
-31312 9656
-31303 9687
-31303 9687
-31303 9687
-31303 9687
-31303 9687
-31303 9687
-31303 9687
-31303 9687
-31303 9687
-31303 9687
-31294 9716
-31294 9716
-31294 9716
-31294 9716
-31294 9716
-31294 9716
-31294 9716
-31294 9716
-31294 9716
-31294 9716
-31284 9748
-31284 9748
-31284 9748
-31284 9748
-31284 9748
-31284 9748
-31284 9748
-31284 9748
-31284 9748
-31284 9748
-31275 9779
-31275 9779
-31275 9779
-31275 9779
-31275 9779
-31275 9779
-31275 9779
-31275 9779
-31275 9779
-31275 9779
-31265 9809
-31265 9809
-31265 9809
-31265 9809
-31265 9809
-31265 9809
-31265 9809
-31265 9809
-31265 9809
-31265 9809
-31256 9839
-31256 9839
-31256 9839
-31256 9839
-31256 9839
-31256 9839
-31256 9839
-31256 9839
-31256 9839
-31256 9839
-31246 9870
-31246 9870
-31246 9870
-31246 9870
-31246 9870
-31246 9870
-31246 9870
-31246 9870
-31246 9870
-31246 9870
-31246 9870
-31237 9900
-31237 9900
-31237 9900
-31210 9883
-31210 9883
-31210 9883
-31210 9883
-31201 9914
-31201 9914
-31201 9914
-31201 9914
-31201 9914
-31201 9914
-31201 9914
-31201 9914
-31201 9914
-31201 9914
-31191 9944
-31191 9944
-31191 9944
-31191 9944
-31191 9944
-31191 9944
-31191 9944
-31191 9944
-31191 9944
-31191 9944
-31191 9944
-31181 9974
-31181 9974
-31181 9974
-31181 9974
-31181 9974
-31181 9974
-31181 9974
-31181 9974
-31181 9974
-31181 9974
-31172 10005
-31172 10005
-31172 10005
-31172 10005
-31172 10005
-31172 10005
-31172 10005
-31172 10005
-31172 10005
-31172 10005
-31162 10034
-31162 10034
-31162 10034
-31162 10034
-31162 10034
-31162 10034
-31162 10034
-31162 10034
-31162 10034
-31162 10034
-31152 10066
-31152 10066
-31152 10066
-31152 10066
-31152 10066
-31152 10066
-31152 10066
-31152 10066
-31152 10066
-31152 10066
-31142 10096
-31142 10096
-31142 10096
-31142 10096
-31142 10096
-31142 10096
-31142 10096
-31142 10096
-31142 10096
-31142 10096
-31132 10126
-31132 10126
-31132 10126
-31132 10126
-31132 10126
-31132 10126
-31132 10126
-31132 10126
-31132 10126
-31132 10126
-31122 10156
-31122 10156
-31122 10156
-31122 10156
-31122 10156
-31122 10156
-31122 10156
-31122 10156
-31122 10156
-31122 10156
-31112 10186
-31112 10186
-31112 10186
-31112 10186
-31112 10186
-31112 10186
-31112 10186
-31112 10186
-31112 10186
-31112 10186
-31112 10186
-31102 10217
-31102 10217
-31102 10217
-31102 10217
-31102 10217
-31102 10217
-31102 10217
-31102 10217
-31102 10217
-31102 10217
-31092 10247
-31092 10247
-31092 10247
-31092 10247
-31092 10247
-31092 10247
-31092 10247
-31092 10247
-31092 10247
-31092 10247
-31082 10277
-31082 10277
-31088 10261
-31088 10261
-31088 10261
-31078 10291
-31078 10291
-31078 10291
-31078 10291
-31078 10291
-31078 10291
-31078 10291
-31078 10291
-31078 10291
-31078 10291
-31068 10321
-31068 10321
-31068 10321
-31068 10321
-31068 10321
-31068 10321
-31068 10321
-31068 10321
-31068 10321
-31068 10321
-31058 10351
-31058 10351
-31058 10351
-31058 10351
-31058 10351
-31058 10351
-31058 10351
-31058 10351
-31058 10351
-31058 10351
-31048 10382
-31048 10382
-31048 10382
-31048 10382
-31048 10382
-31048 10382
-31048 10382
-31048 10382
-31048 10382
-31048 10382
-31048 10382
-31038 10412
-31038 10412
-31038 10412
-31038 10412
-31038 10412
-31038 10412
-31038 10412
-31038 10412
-31038 10412
-31038 10412
-31028 10442
-31028 10442
-31028 10442
-31028 10442
-31028 10442
-31028 10442
-31028 10442
-31028 10442
-31028 10442
-31028 10442
-31018 10472
-31018 10472
-31018 10472
-31018 10472
-31018 10472
-31018 10472
-31018 10472
-31018 10472
-31018 10472
-31018 10472
-31008 10503
-31008 10503
-31008 10503
-31008 10503
-31008 10503
-31008 10503
-31008 10503
-31008 10503
-31008 10503
-31008 10503
-30998 10533
-30998 10533
-30998 10533
-30998 10533
-30998 10533
-30998 10533
-30998 10533
-30998 10533
-30998 10533
-30998 10533
-30987 10563
-30987 10563
-30987 10563
-30987 10563
-30987 10563
-30987 10563
-30987 10563
-30987 10563
-30987 10563
-30987 10563
-30977 10593
-30977 10593
-30977 10593
-30977 10593
-30977 10593
-30977 10593
-30977 10593
-30977 10593
-30977 10593
-30977 10593
-30967 10624
-30967 10624
-30967 10624
-30967 10624
-30967 10624
-30967 10624
-30967 10624
-30967 10624
-30967 10624
-30967 10624
-30967 10624
-30957 10654
-30957 10654
-30957 10654
-30950 10643
-30950 10643
-30950 10643
-30950 10643
-30940 10674
-30940 10674
-30940 10674
-30940 10674
-30940 10674
-30940 10674
-30940 10674
-30940 10674
-30940 10674
-30940 10674
-30929 10704
-30929 10704
-30929 10704
-30929 10704
-30929 10704
-30929 10704
-30929 10704
-30929 10704
-30929 10704
-30929 10704
-30929 10704
-30918 10734
-30918 10734
-30918 10734
-30918 10734
-30918 10734
-30918 10734
-30918 10734
-30918 10734
-30918 10734
-30918 10734
-30909 10764
-30909 10764
-30909 10764
-30909 10764
-30909 10764
-30909 10764
-30909 10764
-30909 10764
-30909 10764
-30909 10764
-30898 10793
-30898 10793
-30898 10793
-30898 10793
-30898 10793
-30898 10793
-30898 10793
-30898 10793
-30898 10793
-30898 10793
-30887 10824
-30887 10824
-30887 10824
-30887 10824
-30887 10824
-30887 10824
-30887 10824
-30887 10824
-30887 10824
-30887 10824
-30876 10855
-30876 10855
-30876 10855
-30876 10855
-30876 10855
-30876 10855
-30876 10855
-30876 10855
-30876 10855
-30876 10855
-30866 10885
-30866 10885
-30866 10885
-30866 10885
-30866 10885
-30866 10885
-30866 10885
-30866 10885
-30866 10885
-30866 10885
-30855 10914
-30855 10914
-30855 10914
-30855 10914
-30855 10914
-30855 10914
-30855 10914
-30855 10914
-30855 10914
-30855 10914
-30844 10944
-30844 10944
-30844 10944
-30844 10944
-30844 10944
-30844 10944
-30844 10944
-30844 10944
-30844 10944
-30844 10944
-30844 10944
-30834 10974
-30834 10974
-30834 10974
-30834 10974
-30834 10974
-30834 10974
-30834 10974
-30834 10974
-30834 10974
-30834 10974
-30823 11004
-30823 11004
-30823 11004
-30823 11004
-30823 11004
-30823 11004
-30823 11004
-30823 11004
-30823 11004
-30823 11004
-30812 11034
-30812 11034
-30818 11018
-30818 11018
-30818 11018
-30807 11047
-30807 11047
-30807 11047
-30807 11047
-30807 11047
-30807 11047
-30807 11047
-30807 11047
-30807 11047
-30807 11047
-30797 11077
-30797 11077
-30797 11077
-30797 11077
-30797 11077
-30797 11077
-30797 11077
-30797 11077
-30797 11077
-30797 11077
-30786 11107
-30786 11107
-30786 11107
-30786 11107
-30786 11107
-30786 11107
-30786 11107
-30786 11107
-30786 11107
-30786 11107
-30775 11138
-30775 11138
-30775 11138
-30775 11138
-30775 11138
-30775 11138
-30775 11138
-30775 11138
-30775 11138
-30775 11138
-30775 11138
-30764 11168
-30764 11168
-30764 11168
-30764 11168
-30764 11168
-30764 11168
-30764 11168
-30764 11168
-30764 11168
-30764 11168
-30753 11198
-30753 11198
-30753 11198
-30753 11198
-30753 11198
-30753 11198
-30753 11198
-30753 11198
-30753 11198
-30753 11198
-30743 11227
-30743 11227
-30743 11227
-30743 11227
-30743 11227
-30743 11227
-30743 11227
-30743 11227
-30743 11227
-30743 11227
-30732 11258
-30732 11258
-30732 11258
-30732 11258
-30732 11258
-30732 11258
-30732 11258
-30732 11258
-30732 11258
-30732 11258
-30721 11288
-30721 11288
-30721 11288
-30721 11288
-30721 11288
-30721 11288
-30721 11288
-30721 11288
-30721 11288
-30721 11288
-30709 11318
-30709 11318
-30709 11318
-30709 11318
-30709 11318
-30709 11318
-30709 11318
-30709 11318
-30709 11318
-30709 11318
-30699 11347
-30699 11347
-30699 11347
-30699 11347
-30699 11347
-30699 11347
-30699 11347
-30699 11347
-30699 11347
-30699 11347
-30688 11378
-30688 11378
-30688 11378
-30688 11378
-30688 11378
-30688 11378
-30688 11378
-30688 11378
-30688 11378
-30688 11378
-30688 11378
-30678 11407
-30678 11407
-30678 11407
-30688 11403
-30688 11403
-30688 11403
-30688 11403
-30678 11434
-30678 11434
-30678 11434
-30678 11434
-30678 11434
-30678 11434
-30678 11434
-30678 11434
-30678 11434
-30678 11434
-30666 11463
-30666 11463
-30666 11463
-30666 11463
-30666 11463
-30666 11463
-30666 11463
-30666 11463
-30666 11463
-30666 11463
-30666 11463
-30655 11493
-30655 11493
-30655 11493
-30655 11493
-30655 11493
-30655 11493
-30655 11493
-30655 11493
-30655 11493
-30655 11493
-30644 11524
-30644 11524
-30644 11524
-30644 11524
-30644 11524
-30644 11524
-30644 11524
-30644 11524
-30644 11524
-30644 11524
-30633 11552
-30633 11552
-30633 11552
-30633 11552
-30633 11552
-30633 11552
-30633 11552
-30633 11552
-30633 11552
-30633 11552
-30621 11583
-30621 11583
-30621 11583
-30621 11583
-30621 11583
-30621 11583
-30621 11583
-30621 11583
-30621 11583
-30621 11583
-30610 11613
-30610 11613
-30610 11613
-30610 11613
-30610 11613
-30610 11613
-30610 11613
-30610 11613
-30610 11613
-30610 11613
-30598 11643
-30598 11643
-30598 11643
-30598 11643
-30598 11643
-30598 11643
-30598 11643
-30598 11643
-30598 11643
-30598 11643
-30587 11672
-30587 11672
-30587 11672
-30587 11672
-30587 11672
-30587 11672
-30587 11672
-30587 11672
-30587 11672
-30587 11672
-30575 11702
-30575 11702
-30575 11702
-30575 11702
-30575 11702
-30575 11702
-30575 11702
-30575 11702
-30575 11702
-30575 11702
-30575 11702
-30564 11731
-30564 11731
-30564 11731
-30564 11731
-30564 11731
-30564 11731
-30564 11731
-30564 11731
-30564 11731
-30564 11731
-30552 11761
-30552 11761
-30552 11761
-30552 11761
-30552 11761
-30552 11761
-30552 11761
-30552 11761
-30552 11761
-30552 11761
-30541 11791
-30541 11791
-30547 11775
-30547 11775
-30547 11775
-30536 11804
-30536 11804
-30536 11804
-30536 11804
-30536 11804
-30536 11804
-30536 11804
-30536 11804
-30536 11804
-30536 11804
-30524 11834
-30524 11834
-30524 11834
-30524 11834
-30524 11834
-30524 11834
-30524 11834
-30524 11834
-30524 11834
-30524 11834
-30513 11864
-30513 11864
-30513 11864
-30513 11864
-30513 11864
-30513 11864
-30513 11864
-30513 11864
-30513 11864
-30513 11864
-30501 11894
-30501 11894
-30501 11894
-30501 11894
-30501 11894
-30501 11894
-30501 11894
-30501 11894
-30501 11894
-30501 11894
-30501 11894
-30490 11923
-30490 11923
-30490 11923
-30490 11923
-30490 11923
-30490 11923
-30490 11923
-30490 11923
-30490 11923
-30490 11923
-30478 11953
-30478 11953
-30478 11953
-30478 11953
-30478 11953
-30478 11953
-30478 11953
-30478 11953
-30478 11953
-30478 11953
-30467 11982
-30467 11982
-30467 11982
-30467 11982
-30467 11982
-30467 11982
-30467 11982
-30467 11982
-30467 11982
-30467 11982
-30455 12013
-30455 12013
-30455 12013
-30455 12013
-30455 12013
-30455 12013
-30455 12013
-30455 12013
-30455 12013
-30455 12013
-30444 12043
-30444 12043
-30444 12043
-30444 12043
-30444 12043
-30444 12043
-30444 12043
-30444 12043
-30444 12043
-30444 12043
-30431 12072
-30431 12072
-30431 12072
-30431 12072
-30431 12072
-30431 12072
-30431 12072
-30431 12072
-30431 12072
-30431 12072
-30420 12101
-30420 12101
-30420 12101
-30420 12101
-30420 12101
-30420 12101
-30420 12101
-30420 12101
-30420 12101
-30420 12101
-30408 12132
-30408 12132
-30408 12132
-30408 12132
-30408 12132
-30408 12132
-30408 12132
-30408 12132
-30408 12132
-30408 12132
-30408 12132
-30397 12161
-30397 12161
-30397 12161
-30427 12164
-30427 12164
-30427 12164
-30427 12164
-30415 12194
-30415 12194
-30415 12194
-30415 12194
-30415 12194
-30415 12194
-30415 12194
-30415 12194
-30415 12194
-30415 12194
-30403 12223
-30403 12223
-30403 12223
-30403 12223
-30403 12223
-30403 12223
-30403 12223
-30403 12223
-30403 12223
-30403 12223
-30403 12223
-30391 12253
-30391 12253
-30391 12253
-30391 12253
-30391 12253
-30391 12253
-30391 12253
-30391 12253
-30391 12253
-30391 12253
-30379 12283
-30379 12283
-30379 12283
-30379 12283
-30379 12283
-30379 12283
-30379 12283
-30379 12283
-30379 12283
-30379 12283
-30368 12311
-30368 12311
-30368 12311
-30368 12311
-30368 12311
-30368 12311
-30368 12311
-30368 12311
-30368 12311
-30368 12311
-30355 12342
-30355 12342
-30355 12342
-30355 12342
-30355 12342
-30355 12342
-30355 12342
-30355 12342
-30355 12342
-30355 12342
-30343 12371
-30343 12371
-30343 12371
-30343 12371
-30343 12371
-30343 12371
-30343 12371
-30343 12371
-30343 12371
-30343 12371
-30330 12401
-30330 12401
-30330 12401
-30330 12401
-30330 12401
-30330 12401
-30330 12401
-30330 12401
-30330 12401
-30330 12401
-30319 12430
-30319 12430
-30319 12430
-30319 12430
-30319 12430
-30319 12430
-30319 12430
-30319 12430
-30319 12430
-30319 12430
-30306 12459
-30306 12459
-30306 12459
-30306 12459
-30306 12459
-30306 12459
-30306 12459
-30306 12459
-30306 12459
-30306 12459
-30306 12459
-30294 12489
-30294 12489
-30294 12489
-30294 12489
-30294 12489
-30294 12489
-30294 12489
-30294 12489
-30294 12489
-30294 12489
-30282 12518
-30282 12518
-30282 12518
-30282 12518
-30282 12518
-30282 12518
-30282 12518
-30282 12518
-30282 12518
-30282 12518
-30270 12548
-30270 12548
-30276 12532
-30276 12532
-30276 12532
-30264 12561
-30264 12561
-30264 12561
-30264 12561
-30264 12561
-30264 12561
-30264 12561
-30264 12561
-30264 12561
-30264 12561
-30252 12590
-30252 12590
-30252 12590
-30252 12590
-30252 12590
-30252 12590
-30252 12590
-30252 12590
-30252 12590
-30252 12590
-30240 12620
-30240 12620
-30240 12620
-30240 12620
-30240 12620
-30240 12620
-30240 12620
-30240 12620
-30240 12620
-30240 12620
-30228 12650
-30228 12650
-30228 12650
-30228 12650
-30228 12650
-30228 12650
-30228 12650
-30228 12650
-30228 12650
-30228 12650
-30228 12650
-30215 12679
-30215 12679
-30215 12679
-30215 12679
-30215 12679
-30215 12679
-30215 12679
-30215 12679
-30215 12679
-30215 12679
-30203 12709
-30203 12709
-30203 12709
-30203 12709
-30203 12709
-30203 12709
-30203 12709
-30203 12709
-30203 12709
-30203 12709
-30191 12737
-30191 12737
-30191 12737
-30191 12737
-30191 12737
-30191 12737
-30191 12737
-30191 12737
-30191 12737
-30191 12737
-30179 12768
-30179 12768
-30179 12768
-30179 12768
-30179 12768
-30179 12768
-30179 12768
-30179 12768
-30179 12768
-30179 12768
-30166 12797
-30166 12797
-30166 12797
-30166 12797
-30166 12797
-30166 12797
-30166 12797
-30166 12797
-30166 12797
-30166 12797
-30153 12827
-30153 12827
-30153 12827
-30153 12827
-30153 12827
-30153 12827
-30153 12827
-30153 12827
-30153 12827
-30153 12827
-30141 12855
-30141 12855
-30141 12855
-30141 12855
-30141 12855
-30141 12855
-30141 12855
-30141 12855
-30141 12855
-30141 12855
-30129 12886
-30129 12886
-30129 12886
-30129 12886
-30129 12886
-30129 12886
-30129 12886
-30129 12886
-30129 12886
-30129 12886
-30129 12886
-30117 12914
-30117 12914
-30117 12914
-30092 12895
-30092 12895
-30092 12895
-30092 12895
-30080 12925
-30080 12925
-30080 12925
-30080 12925
-30080 12925
-30080 12925
-30080 12925
-30080 12925
-30080 12925
-30080 12925
-30067 12954
-30067 12954
-30067 12954
-30067 12954
-30067 12954
-30067 12954
-30067 12954
-30067 12954
-30067 12954
-30067 12954
-30067 12954
-30054 12983
-30054 12983
-30054 12983
-30054 12983
-30054 12983
-30054 12983
-30054 12983
-30054 12983
-30054 12983
-30054 12983
-30042 13013
-30042 13013
-30042 13013
-30042 13013
-30042 13013
-30042 13013
-30042 13013
-30042 13013
-30042 13013
-30042 13013
-30029 13041
-30029 13041
-30029 13041
-30029 13041
-30029 13041
-30029 13041
-30029 13041
-30029 13041
-30029 13041
-30029 13041
-30016 13071
-30016 13071
-30016 13071
-30016 13071
-30016 13071
-30016 13071
-30016 13071
-30016 13071
-30016 13071
-30016 13071
-30003 13100
-30003 13100
-30003 13100
-30003 13100
-30003 13100
-30003 13100
-30003 13100
-30003 13100
-30003 13100
-30003 13100
-29990 13130
-29990 13130
-29990 13130
-29990 13130
-29990 13130
-29990 13130
-29990 13130
-29990 13130
-29990 13130
-29990 13130
-29977 13158
-29977 13158
-29977 13158
-29977 13158
-29977 13158
-29977 13158
-29977 13158
-29977 13158
-29977 13158
-29977 13158
-29964 13187
-29964 13187
-29964 13187
-29964 13187
-29964 13187
-29964 13187
-29964 13187
-29964 13187
-29964 13187
-29964 13187
-29964 13187
-29951 13216
-29951 13216
-29951 13216
-29951 13216
-29951 13216
-29951 13216
-29951 13216
-29951 13216
-29951 13216
-29951 13216
-29938 13246
-29938 13246
-29938 13246
-29938 13246
-29938 13246
-29938 13246
-29938 13246
-29938 13246
-29938 13246
-29938 13246
-29925 13275
-29925 13275
-29932 13259
-29932 13259
-29932 13259
-29920 13288
-29920 13288
-29920 13288
-29920 13288
-29920 13288
-29920 13288
-29920 13288
-29920 13288
-29920 13288
-29920 13288
-29907 13317
-29907 13317
-29907 13317
-29907 13317
-29907 13317
-29907 13317
-29907 13317
-29907 13317
-29907 13317
-29907 13317
-29894 13346
-29894 13346
-29894 13346
-29894 13346
-29894 13346
-29894 13346
-29894 13346
-29894 13346
-29894 13346
-29894 13346
-29881 13375
-29881 13375
-29881 13375
-29881 13375
-29881 13375
-29881 13375
-29881 13375
-29881 13375
-29881 13375
-29881 13375
-29881 13375
-29868 13405
-29868 13405
-29868 13405
-29868 13405
-29868 13405
-29868 13405
-29868 13405
-29868 13405
-29868 13405
-29868 13405
-29855 13434
-29855 13434
-29855 13434
-29855 13434
-29855 13434
-29855 13434
-29855 13434
-29855 13434
-29855 13434
-29855 13434
-29842 13462
-29842 13462
-29842 13462
-29842 13462
-29842 13462
-29842 13462
-29842 13462
-29842 13462
-29842 13462
-29842 13462
-29829 13492
-29829 13492
-29829 13492
-29829 13492
-29829 13492
-29829 13492
-29829 13492
-29829 13492
-29829 13492
-29829 13492
-29816 13521
-29816 13521
-29816 13521
-29816 13521
-29816 13521
-29816 13521
-29816 13521
-29816 13521
-29816 13521
-29816 13521
-29802 13550
-29802 13550
-29802 13550
-29802 13550
-29802 13550
-29802 13550
-29802 13550
-29802 13550
-29802 13550
-29802 13550
-29790 13579
-29790 13579
-29790 13579
-29790 13579
-29790 13579
-29790 13579
-29790 13579
-29790 13579
-29790 13579
-29790 13579
-29776 13609
-29776 13609
-29776 13609
-29776 13609
-29776 13609
-29776 13609
-29776 13609
-29776 13609
-29776 13609
-29776 13609
-29776 13609
-29764 13637
-29764 13637
-29764 13637
-29758 13626
-29758 13626
-29758 13626
-29758 13626
-29745 13655
-29745 13655
-29745 13655
-29745 13655
-29745 13655
-29745 13655
-29745 13655
-29745 13655
-29745 13655
-29745 13655
-29731 13684
-29731 13684
-29731 13684
-29731 13684
-29731 13684
-29731 13684
-29731 13684
-29731 13684
-29731 13684
-29731 13684
-29731 13684
-29718 13713
-29718 13713
-29718 13713
-29718 13713
-29718 13713
-29718 13713
-29718 13713
-29718 13713
-29718 13713
-29718 13713
-29705 13743
-29705 13743
-29705 13743
-29705 13743
-29705 13743
-29705 13743
-29705 13743
-29705 13743
-29705 13743
-29705 13743
-29692 13771
-29692 13771
-29692 13771
-29692 13771
-29692 13771
-29692 13771
-29692 13771
-29692 13771
-29692 13771
-29692 13771
-29677 13800
-29677 13800
-29677 13800
-29677 13800
-29677 13800
-29677 13800
-29677 13800
-29677 13800
-29677 13800
-29677 13800
-29664 13829
-29664 13829
-29664 13829
-29664 13829
-29664 13829
-29664 13829
-29664 13829
-29664 13829
-29664 13829
-29664 13829
-29650 13858
-29650 13858
-29650 13858
-29650 13858
-29650 13858
-29650 13858
-29650 13858
-29650 13858
-29650 13858
-29650 13858
-29637 13886
-29637 13886
-29637 13886
-29637 13886
-29637 13886
-29637 13886
-29637 13886
-29637 13886
-29637 13886
-29637 13886
-29623 13915
-29623 13915
-29623 13915
-29623 13915
-29623 13915
-29623 13915
-29623 13915
-29623 13915
-29623 13915
-29623 13915
-29623 13915
-29610 13944
-29610 13944
-29610 13944
-29610 13944
-29610 13944
-29610 13944
-29610 13944
-29610 13944
-29610 13944
-29610 13944
-29596 13973
-29596 13973
-29596 13973
-29596 13973
-29596 13973
-29596 13973
-29596 13973
-29596 13973
-29596 13973
-29596 13973
-29582 14002
-29582 14002
-29590 13986
-29590 13986
-29590 13986
-29576 14014
-29576 14014
-29576 14014
-29576 14014
-29576 14014
-29576 14014
-29576 14014
-29576 14014
-29576 14014
-29576 14014
-29563 14043
-29563 14043
-29563 14043
-29563 14043
-29563 14043
-29563 14043
-29563 14043
-29563 14043
-29563 14043
-29563 14043
-29549 14072
-29549 14072
-29549 14072
-29549 14072
-29549 14072
-29549 14072
-29549 14072
-29549 14072
-29549 14072
-29549 14072
-29535 14101
-29535 14101
-29535 14101
-29535 14101
-29535 14101
-29535 14101
-29535 14101
-29535 14101
-29535 14101
-29535 14101
-29535 14101
-29522 14130
-29522 14130
-29522 14130
-29522 14130
-29522 14130
-29522 14130
-29522 14130
-29522 14130
-29522 14130
-29522 14130
-29508 14159
-29508 14159
-29508 14159
-29508 14159
-29508 14159
-29508 14159
-29508 14159
-29508 14159
-29508 14159
-29508 14159
-29495 14187
-29495 14187
-29495 14187
-29495 14187
-29495 14187
-29495 14187
-29495 14187
-29495 14187
-29495 14187
-29495 14187
-29481 14217
-29481 14217
-29481 14217
-29481 14217
-29481 14217
-29481 14217
-29481 14217
-29481 14217
-29481 14217
-29481 14217
-29467 14245
-29467 14245
-29467 14245
-29467 14245
-29467 14245
-29467 14245
-29467 14245
-29467 14245
-29467 14245
-29467 14245
-29452 14274
-29452 14274
-29452 14274
-29452 14274
-29452 14274
-29452 14274
-29452 14274
-29452 14274
-29452 14274
-29452 14274
-29439 14302
-29439 14302
-29439 14302
-29439 14302
-29439 14302
-29439 14302
-29439 14302
-29439 14302
-29439 14302
-29439 14302
-29425 14332
-29425 14332
-29425 14332
-29425 14332
-29425 14332
-29425 14332
-29425 14332
-29425 14332
-29425 14332
-29425 14332
-29425 14332
-29412 14360
-29412 14360
-29412 14360
-29423 14356
-29423 14356
-29423 14356
-29423 14356
-29409 14385
-29409 14385
-29409 14385
-29409 14385
-29409 14385
-29409 14385
-29409 14385
-29409 14385
-29409 14385
-29409 14385
-29395 14414
-29395 14414
-29395 14414
-29395 14414
-29395 14414
-29395 14414
-29395 14414
-29395 14414
-29395 14414
-29395 14414
-29395 14414
-29380 14442
-29380 14442
-29380 14442
-29380 14442
-29380 14442
-29380 14442
-29380 14442
-29380 14442
-29380 14442
-29380 14442
-29367 14471
-29367 14471
-29367 14471
-29367 14471
-29367 14471
-29367 14471
-29367 14471
-29367 14471
-29367 14471
-29367 14471
-29353 14499
-29353 14499
-29353 14499
-29353 14499
-29353 14499
-29353 14499
-29353 14499
-29353 14499
-29353 14499
-29353 14499
-29338 14529
-29338 14529
-29338 14529
-29338 14529
-29338 14529
-29338 14529
-29338 14529
-29338 14529
-29338 14529
-29338 14529
-29324 14557
-29324 14557
-29324 14557
-29324 14557
-29324 14557
-29324 14557
-29324 14557
-29324 14557
-29324 14557
-29324 14557
-29309 14586
-29309 14586
-29309 14586
-29309 14586
-29309 14586
-29309 14586
-29309 14586
-29309 14586
-29309 14586
-29309 14586
-29296 14613
-29296 14613
-29296 14613
-29296 14613
-29296 14613
-29296 14613
-29296 14613
-29296 14613
-29296 14613
-29296 14613
-29281 14642
-29281 14642
-29281 14642
-29281 14642
-29281 14642
-29281 14642
-29281 14642
-29281 14642
-29281 14642
-29281 14642
-29281 14642
-29267 14670
-29267 14670
-29267 14670
-29267 14670
-29267 14670
-29267 14670
-29267 14670
-29267 14670
-29267 14670
-29267 14670
-29252 14699
-29252 14699
-29252 14699
-29252 14699
-29252 14699
-29252 14699
-29252 14699
-29252 14699
-29252 14699
-29252 14699
-29238 14728
-29238 14728
-29246 14712
-29246 14712
-29246 14712
-29232 14740
-29232 14740
-29232 14740
-29232 14740
-29232 14740
-29232 14740
-29232 14740
-29232 14740
-29232 14740
-29232 14740
-29217 14769
-29217 14769
-29217 14769
-29217 14769
-29217 14769
-29217 14769
-29217 14769
-29217 14769
-29217 14769
-29217 14769
-29203 14797
-29203 14797
-29203 14797
-29203 14797
-29203 14797
-29203 14797
-29203 14797
-29203 14797
-29203 14797
-29203 14797
-29189 14826
-29189 14826
-29189 14826
-29189 14826
-29189 14826
-29189 14826
-29189 14826
-29189 14826
-29189 14826
-29189 14826
-29189 14826
-29174 14854
-29174 14854
-29174 14854
-29174 14854
-29174 14854
-29174 14854
-29174 14854
-29174 14854
-29174 14854
-29174 14854
-29160 14883
-29160 14883
-29160 14883
-29160 14883
-29160 14883
-29160 14883
-29160 14883
-29160 14883
-29160 14883
-29160 14883
-29146 14911
-29146 14911
-29146 14911
-29146 14911
-29146 14911
-29146 14911
-29146 14911
-29146 14911
-29146 14911
-29146 14911
-29131 14940
-29131 14940
-29131 14940
-29131 14940
-29131 14940
-29131 14940
-29131 14940
-29131 14940
-29131 14940
-29131 14940
-29117 14969
-29117 14969
-29117 14969
-29117 14969
-29117 14969
-29117 14969
-29117 14969
-29117 14969
-29117 14969
-29117 14969
-29102 14997
-29102 14997
-29102 14997
-29102 14997
-29102 14997
-29102 14997
-29102 14997
-29102 14997
-29102 14997
-29102 14997
-29088 15024
-29088 15024
-29088 15024
-29088 15024
-29088 15024
-29088 15024
-29088 15024
-29088 15024
-29088 15024
-29088 15024
-29073 15054
-29073 15054
-29073 15054
-29073 15054
-29073 15054
-29073 15054
-29073 15054
-29073 15054
-29073 15054
-29073 15054
-29073 15054
-29059 15081
-29059 15081
-29059 15081
-29088 15088
-29088 15088
-29088 15088
-29088 15088
-29074 15116
-29074 15116
-29074 15116
-29074 15116
-29074 15116
-29074 15116
-29074 15116
-29074 15116
-29074 15116
-29074 15116
-29058 15144
-29058 15144
-29058 15144
-29058 15144
-29058 15144
-29058 15144
-29058 15144
-29058 15144
-29058 15144
-29058 15144
-29058 15144
-29043 15173
-29043 15173
-29043 15173
-29043 15173
-29043 15173
-29043 15173
-29043 15173
-29043 15173
-29043 15173
-29043 15173
-29029 15201
-29029 15201
-29029 15201
-29029 15201
-29029 15201
-29029 15201
-29029 15201
-29029 15201
-29029 15201
-29029 15201
-29015 15229
-29015 15229
-29015 15229
-29015 15229
-29015 15229
-29015 15229
-29015 15229
-29015 15229
-29015 15229
-29015 15229
-28999 15258
-28999 15258
-28999 15258
-28999 15258
-28999 15258
-28999 15258
-28999 15258
-28999 15258
-28999 15258
-28999 15258
-28984 15286
-28984 15286
-28984 15286
-28984 15286
-28984 15286
-28984 15286
-28984 15286
-28984 15286
-28984 15286
-28984 15286
-28969 15314
-28969 15314
-28969 15314
-28969 15314
-28969 15314
-28969 15314
-28969 15314
-28969 15314
-28969 15314
-28969 15314
-28954 15342
-28954 15342
-28954 15342
-28954 15342
-28954 15342
-28954 15342
-28954 15342
-28954 15342
-28954 15342
-28954 15342
-28939 15370
-28939 15370
-28939 15370
-28939 15370
-28939 15370
-28939 15370
-28939 15370
-28939 15370
-28939 15370
-28939 15370
-28939 15370
-28924 15398
-28924 15398
-28924 15398
-28924 15398
-28924 15398
-28924 15398
-28924 15398
-28924 15398
-28924 15398
-28924 15398
-28909 15426
-28909 15426
-28909 15426
-28909 15426
-28909 15426
-28909 15426
-28909 15426
-28909 15426
-28909 15426
-28909 15426
-28894 15454
-28894 15454
-28902 15439
-28902 15439
-28902 15439
-28887 15467
-28887 15467
-28887 15467
-28887 15467
-28887 15467
-28887 15467
-28887 15467
-28887 15467
-28887 15467
-28887 15467
-28872 15495
-28872 15495
-28872 15495
-28872 15495
-28872 15495
-28872 15495
-28872 15495
-28872 15495
-28872 15495
-28872 15495
-28857 15523
-28857 15523
-28857 15523
-28857 15523
-28857 15523
-28857 15523
-28857 15523
-28857 15523
-28857 15523
-28857 15523
-28842 15551
-28842 15551
-28842 15551
-28842 15551
-28842 15551
-28842 15551
-28842 15551
-28842 15551
-28842 15551
-28842 15551
-28842 15551
-28827 15580
-28827 15580
-28827 15580
-28827 15580
-28827 15580
-28827 15580
-28827 15580
-28827 15580
-28827 15580
-28827 15580
-28812 15608
-28812 15608
-28812 15608
-28812 15608
-28812 15608
-28812 15608
-28812 15608
-28812 15608
-28812 15608
-28812 15608
-28797 15635
-28797 15635
-28797 15635
-28797 15635
-28797 15635
-28797 15635
-28797 15635
-28797 15635
-28797 15635
-28797 15635
-28782 15664
-28782 15664
-28782 15664
-28782 15664
-28782 15664
-28782 15664
-28782 15664
-28782 15664
-28782 15664
-28782 15664
-28767 15693
-28767 15693
-28767 15693
-28767 15693
-28767 15693
-28767 15693
-28767 15693
-28767 15693
-28767 15693
-28767 15693
-28751 15720
-28751 15720
-28751 15720
-28751 15720
-28751 15720
-28751 15720
-28751 15720
-28751 15720
-28751 15720
-28751 15720
-28736 15748
-28736 15748
-28736 15748
-28736 15748
-28736 15748
-28736 15748
-28736 15748
-28736 15748
-28736 15748
-28736 15748
-28720 15777
-28720 15777
-28720 15777
-28720 15777
-28720 15777
-28720 15777
-28720 15777
-28720 15777
-28720 15777
-28720 15777
-28720 15777
-28706 15804
-28706 15804
-28706 15804
-28683 15783
-28683 15783
-28683 15783
-28683 15783
-28668 15811
-28668 15811
-28668 15811
-28668 15811
-28668 15811
-28668 15811
-28668 15811
-28668 15811
-28668 15811
-28668 15811
-28653 15839
-28653 15839
-28653 15839
-28653 15839
-28653 15839
-28653 15839
-28653 15839
-28653 15839
-28653 15839
-28653 15839
-28653 15839
-28637 15867
-28637 15867
-28637 15867
-28637 15867
-28637 15867
-28637 15867
-28637 15867
-28637 15867
-28637 15867
-28637 15867
-28622 15895
-28622 15895
-28622 15895
-28622 15895
-28622 15895
-28622 15895
-28622 15895
-28622 15895
-28622 15895
-28622 15895
-28607 15922
-28607 15922
-28607 15922
-28607 15922
-28607 15922
-28607 15922
-28607 15922
-28607 15922
-28607 15922
-28607 15922
-28591 15950
-28591 15950
-28591 15950
-28591 15950
-28591 15950
-28591 15950
-28591 15950
-28591 15950
-28591 15950
-28591 15950
-28575 15978
-28575 15978
-28575 15978
-28575 15978
-28575 15978
-28575 15978
-28575 15978
-28575 15978
-28575 15978
-28575 15978
-28559 16006
-28559 16006
-28559 16006
-28559 16006
-28559 16006
-28559 16006
-28559 16006
-28559 16006
-28559 16006
-28559 16006
-28544 16033
-28544 16033
-28544 16033
-28544 16033
-28544 16033
-28544 16033
-28544 16033
-28544 16033
-28544 16033
-28544 16033
-28528 16061
-28528 16061
-28528 16061
-28528 16061
-28528 16061
-28528 16061
-28528 16061
-28528 16061
-28528 16061
-28528 16061
-28528 16061
-28512 16089
-28512 16089
-28512 16089
-28512 16089
-28512 16089
-28512 16089
-28512 16089
-28512 16089
-28512 16089
-28512 16089
-28496 16117
-28496 16117
-28496 16117
-28496 16117
-28496 16117
-28496 16117
-28496 16117
-28496 16117
-28496 16117
-28496 16117
-28481 16144
-28481 16144
-28489 16130
-28489 16130
-28489 16130
-28474 16157
-28474 16157
-28474 16157
-28474 16157
-28474 16157
-28474 16157
-28474 16157
-28474 16157
-28474 16157
-28474 16157
-28458 16184
-28458 16184
-28458 16184
-28458 16184
-28458 16184
-28458 16184
-28458 16184
-28458 16184
-28458 16184
-28458 16184
-28442 16212
-28442 16212
-28442 16212
-28442 16212
-28442 16212
-28442 16212
-28442 16212
-28442 16212
-28442 16212
-28442 16212
-28427 16240
-28427 16240
-28427 16240
-28427 16240
-28427 16240
-28427 16240
-28427 16240
-28427 16240
-28427 16240
-28427 16240
-28427 16240
-28411 16268
-28411 16268
-28411 16268
-28411 16268
-28411 16268
-28411 16268
-28411 16268
-28411 16268
-28411 16268
-28411 16268
-28395 16296
-28395 16296
-28395 16296
-28395 16296
-28395 16296
-28395 16296
-28395 16296
-28395 16296
-28395 16296
-28395 16296
-28380 16323
-28380 16323
-28380 16323
-28380 16323
-28380 16323
-28380 16323
-28380 16323
-28380 16323
-28380 16323
-28380 16323
-28363 16351
-28363 16351
-28363 16351
-28363 16351
-28363 16351
-28363 16351
-28363 16351
-28363 16351
-28363 16351
-28363 16351
-28348 16379
-28348 16379
-28348 16379
-28348 16379
-28348 16379
-28348 16379
-28348 16379
-28348 16379
-28348 16379
-28348 16379
-28331 16406
-28331 16406
-28331 16406
-28331 16406
-28331 16406
-28331 16406
-28331 16406
-28331 16406
-28331 16406
-28331 16406
-28316 16433
-28316 16433
-28316 16433
-28316 16433
-28316 16433
-28316 16433
-28316 16433
-28316 16433
-28316 16433
-28316 16433
-28300 16462
-28300 16462
-28300 16462
-28300 16462
-28300 16462
-28300 16462
-28300 16462
-28300 16462
-28300 16462
-28300 16462
-28300 16462
-28284 16489
-28284 16489
-28284 16489
-28279 16477
-28279 16477
-28279 16477
-28279 16477
-28263 16505
-28263 16505
-28263 16505
-28263 16505
-28263 16505
-28263 16505
-28263 16505
-28263 16505
-28263 16505
-28263 16505
-28247 16532
-28247 16532
-28247 16532
-28247 16532
-28247 16532
-28247 16532
-28247 16532
-28247 16532
-28247 16532
-28247 16532
-28247 16532
-28230 16559
-28230 16559
-28230 16559
-28230 16559
-28230 16559
-28230 16559
-28230 16559
-28230 16559
-28230 16559
-28230 16559
-28215 16587
-28215 16587
-28215 16587
-28215 16587
-28215 16587
-28215 16587
-28215 16587
-28215 16587
-28215 16587
-28215 16587
-28199 16614
-28199 16614
-28199 16614
-28199 16614
-28199 16614
-28199 16614
-28199 16614
-28199 16614
-28199 16614
-28199 16614
-28182 16642
-28182 16642
-28182 16642
-28182 16642
-28182 16642
-28182 16642
-28182 16642
-28182 16642
-28182 16642
-28182 16642
-28166 16670
-28166 16670
-28166 16670
-28166 16670
-28166 16670
-28166 16670
-28166 16670
-28166 16670
-28166 16670
-28166 16670
-28149 16697
-28149 16697
-28149 16697
-28149 16697
-28149 16697
-28149 16697
-28149 16697
-28149 16697
-28149 16697
-28149 16697
-28133 16724
-28133 16724
-28133 16724
-28133 16724
-28133 16724
-28133 16724
-28133 16724
-28133 16724
-28133 16724
-28133 16724
-28117 16751
-28117 16751
-28117 16751
-28117 16751
-28117 16751
-28117 16751
-28117 16751
-28117 16751
-28117 16751
-28117 16751
-28117 16751
-28100 16778
-28100 16778
-28100 16778
-28100 16778
-28100 16778
-28100 16778
-28100 16778
-28100 16778
-28100 16778
-28100 16778
-28084 16806
-28084 16806
-28084 16806
-28084 16806
-28084 16806
-28084 16806
-28084 16806
-28084 16806
-28084 16806
-28084 16806
-28068 16833
-28068 16833
-28076 16819
-28076 16819
-28076 16819
-28060 16845
-28060 16845
-28060 16845
-28060 16845
-28060 16845
-28060 16845
-28060 16845
-28060 16845
-28060 16845
-28060 16845
-28044 16873
-28044 16873
-28044 16873
-28044 16873
-28044 16873
-28044 16873
-28044 16873
-28044 16873
-28044 16873
-28044 16873
-28027 16900
-28027 16900
-28027 16900
-28027 16900
-28027 16900
-28027 16900
-28027 16900
-28027 16900
-28027 16900
-28027 16900
-28011 16927
-28011 16927
-28011 16927
-28011 16927
-28011 16927
-28011 16927
-28011 16927
-28011 16927
-28011 16927
-28011 16927
-28011 16927
-27995 16955
-27995 16955
-27995 16955
-27995 16955
-27995 16955
-27995 16955
-27995 16955
-27995 16955
-27995 16955
-27995 16955
-27978 16982
-27978 16982
-27978 16982
-27978 16982
-27978 16982
-27978 16982
-27978 16982
-27978 16982
-27978 16982
-27978 16982
-27962 17009
-27962 17009
-27962 17009
-27962 17009
-27962 17009
-27962 17009
-27962 17009
-27962 17009
-27962 17009
-27962 17009
-27945 17037
-27945 17037
-27945 17037
-27945 17037
-27945 17037
-27945 17037
-27945 17037
-27945 17037
-27945 17037
-27945 17037
-27929 17065
-27929 17065
-27929 17065
-27929 17065
-27929 17065
-27929 17065
-27929 17065
-27929 17065
-27929 17065
-27929 17065
-27912 17091
-27912 17091
-27912 17091
-27912 17091
-27912 17091
-27912 17091
-27912 17091
-27912 17091
-27912 17091
-27912 17091
-27896 17118
-27896 17118
-27896 17118
-27896 17118
-27896 17118
-27896 17118
-27896 17118
-27896 17118
-27896 17118
-27896 17118
-27879 17146
-27879 17146
-27879 17146
-27879 17146
-27879 17146
-27879 17146
-27879 17146
-27879 17146
-27879 17146
-27879 17146
-27879 17146
-27863 17173
-27863 17173
-27863 17173
-27873 17172
-27873 17172
-27873 17172
-27873 17172
-27857 17199
-27857 17199
-27857 17199
-27857 17199
-27857 17199
-27857 17199
-27857 17199
-27857 17199
-27857 17199
-27857 17199
-27840 17226
-27840 17226
-27840 17226
-27840 17226
-27840 17226
-27840 17226
-27840 17226
-27840 17226
-27840 17226
-27840 17226
-27840 17226
-27823 17253
-27823 17253
-27823 17253
-27823 17253
-27823 17253
-27823 17253
-27823 17253
-27823 17253
-27823 17253
-27823 17253
-27807 17281
-27807 17281
-27807 17281
-27807 17281
-27807 17281
-27807 17281
-27807 17281
-27807 17281
-27807 17281
-27807 17281
-27790 17307
-27790 17307
-27790 17307
-27790 17307
-27790 17307
-27790 17307
-27790 17307
-27790 17307
-27790 17307
-27790 17307
-27773 17335
-27773 17335
-27773 17335
-27773 17335
-27773 17335
-27773 17335
-27773 17335
-27773 17335
-27773 17335
-27773 17335
-27755 17362
-27755 17362
-27755 17362
-27755 17362
-27755 17362
-27755 17362
-27755 17362
-27755 17362
-27755 17362
-27755 17362
-27738 17389
-27738 17389
-27738 17389
-27738 17389
-27738 17389
-27738 17389
-27738 17389
-27738 17389
-27738 17389
-27738 17389
-27722 17415
-27722 17415
-27722 17415
-27722 17415
-27722 17415
-27722 17415
-27722 17415
-27722 17415
-27722 17415
-27722 17415
-27705 17442
-27705 17442
-27705 17442
-27705 17442
-27705 17442
-27705 17442
-27705 17442
-27705 17442
-27705 17442
-27705 17442
-27705 17442
-27688 17469
-27688 17469
-27688 17469
-27688 17469
-27688 17469
-27688 17469
-27688 17469
-27688 17469
-27688 17469
-27688 17469
-27670 17496
-27670 17496
-27670 17496
-27670 17496
-27670 17496
-27670 17496
-27670 17496
-27670 17496
-27670 17496
-27670 17496
-27653 17523
-27653 17523
-27662 17509
-27662 17509
-27662 17509
-27646 17535
-27646 17535
-27646 17535
-27646 17535
-27646 17535
-27646 17535
-27646 17535
-27646 17535
-27646 17535
-27646 17535
-27629 17562
-27629 17562
-27629 17562
-27629 17562
-27629 17562
-27629 17562
-27629 17562
-27629 17562
-27629 17562
-27629 17562
-27612 17589
-27612 17589
-27612 17589
-27612 17589
-27612 17589
-27612 17589
-27612 17589
-27612 17589
-27612 17589
-27612 17589
-27595 17616
-27595 17616
-27595 17616
-27595 17616
-27595 17616
-27595 17616
-27595 17616
-27595 17616
-27595 17616
-27595 17616
-27595 17616
-27577 17643
-27577 17643
-27577 17643
-27577 17643
-27577 17643
-27577 17643
-27577 17643
-27577 17643
-27577 17643
-27577 17643
-27560 17670
-27560 17670
-27560 17670
-27560 17670
-27560 17670
-27560 17670
-27560 17670
-27560 17670
-27560 17670
-27560 17670
-27544 17696
-27544 17696
-27544 17696
-27544 17696
-27544 17696
-27544 17696
-27544 17696
-27544 17696
-27544 17696
-27544 17696
-27526 17724
-27526 17724
-27526 17724
-27526 17724
-27526 17724
-27526 17724
-27526 17724
-27526 17724
-27526 17724
-27526 17724
-27509 17751
-27509 17751
-27509 17751
-27509 17751
-27509 17751
-27509 17751
-27509 17751
-27509 17751
-27509 17751
-27509 17751
-27491 17777
-27491 17777
-27491 17777
-27491 17777
-27491 17777
-27491 17777
-27491 17777
-27491 17777
-27491 17777
-27491 17777
-27474 17804
-27474 17804
-27474 17804
-27474 17804
-27474 17804
-27474 17804
-27474 17804
-27474 17804
-27474 17804
-27474 17804
-27457 17831
-27457 17831
-27457 17831
-27457 17831
-27457 17831
-27457 17831
-27457 17831
-27457 17831
-27457 17831
-27457 17831
-27457 17831
-27440 17858
-27440 17858
-27440 17858
-27469 17866
-27469 17866
-27469 17866
-27469 17866
-27452 17893
-27452 17893
-27452 17893
-27452 17893
-27452 17893
-27452 17893
-27452 17893
-27452 17893
-27452 17893
-27452 17893
-27434 17920
-27434 17920
-27434 17920
-27434 17920
-27434 17920
-27434 17920
-27434 17920
-27434 17920
-27434 17920
-27434 17920
-27434 17920
-27417 17946
-27417 17946
-27417 17946
-27417 17946
-27417 17946
-27417 17946
-27417 17946
-27417 17946
-27417 17946
-27417 17946
-27400 17973
-27400 17973
-27400 17973
-27400 17973
-27400 17973
-27400 17973
-27400 17973
-27400 17973
-27400 17973
-27400 17973
-27382 17999
-27382 17999
-27382 17999
-27382 17999
-27382 17999
-27382 17999
-27382 17999
-27382 17999
-27382 17999
-27382 17999
-27364 18027
-27364 18027
-27364 18027
-27364 18027
-27364 18027
-27364 18027
-27364 18027
-27364 18027
-27364 18027
-27364 18027
-27346 18053
-27346 18053
-27346 18053
-27346 18053
-27346 18053
-27346 18053
-27346 18053
-27346 18053
-27346 18053
-27346 18053
-27329 18080
-27329 18080
-27329 18080
-27329 18080
-27329 18080
-27329 18080
-27329 18080
-27329 18080
-27329 18080
-27329 18080
-27311 18105
-27311 18105
-27311 18105
-27311 18105
-27311 18105
-27311 18105
-27311 18105
-27311 18105
-27311 18105
-27311 18105
-27294 18132
-27294 18132
-27294 18132
-27294 18132
-27294 18132
-27294 18132
-27294 18132
-27294 18132
-27294 18132
-27294 18132
-27294 18132
-27276 18159
-27276 18159
-27276 18159
-27276 18159
-27276 18159
-27276 18159
-27276 18159
-27276 18159
-27276 18159
-27276 18159
-27258 18185
-27258 18185
-27258 18185
-27258 18185
-27258 18185
-27258 18185
-27258 18185
-27258 18185
-27258 18185
-27258 18185
-27240 18212
-27240 18212
-27250 18198
-27250 18198
-27250 18198
-27232 18224
-27232 18224
-27232 18224
-27232 18224
-27232 18224
-27232 18224
-27232 18224
-27232 18224
-27232 18224
-27232 18224
-27215 18250
-27215 18250
-27215 18250
-27215 18250
-27215 18250
-27215 18250
-27215 18250
-27215 18250
-27215 18250
-27215 18250
-27197 18277
-27197 18277
-27197 18277
-27197 18277
-27197 18277
-27197 18277
-27197 18277
-27197 18277
-27197 18277
-27197 18277
-27179 18303
-27179 18303
-27179 18303
-27179 18303
-27179 18303
-27179 18303
-27179 18303
-27179 18303
-27179 18303
-27179 18303
-27179 18303
-27161 18330
-27161 18330
-27161 18330
-27161 18330
-27161 18330
-27161 18330
-27161 18330
-27161 18330
-27161 18330
-27161 18330
-27143 18357
-27143 18357
-27143 18357
-27143 18357
-27143 18357
-27143 18357
-27143 18357
-27143 18357
-27143 18357
-27143 18357
-27126 18382
-27126 18382
-27126 18382
-27126 18382
-27126 18382
-27126 18382
-27126 18382
-27126 18382
-27126 18382
-27126 18382
-27108 18410
-27108 18410
-27108 18410
-27108 18410
-27108 18410
-27108 18410
-27108 18410
-27108 18410
-27108 18410
-27108 18410
-27090 18436
-27090 18436
-27090 18436
-27090 18436
-27090 18436
-27090 18436
-27090 18436
-27090 18436
-27090 18436
-27090 18436
-27072 18462
-27072 18462
-27072 18462
-27072 18462
-27072 18462
-27072 18462
-27072 18462
-27072 18462
-27072 18462
-27072 18462
-27054 18488
-27054 18488
-27054 18488
-27054 18488
-27054 18488
-27054 18488
-27054 18488
-27054 18488
-27054 18488
-27054 18488
-27036 18516
-27036 18516
-27036 18516
-27036 18516
-27036 18516
-27036 18516
-27036 18516
-27036 18516
-27036 18516
-27036 18516
-27036 18516
-27019 18541
-27019 18541
-27019 18541
-26998 18518
-26998 18518
-26998 18518
-26998 18518
-26981 18544
-26981 18544
-26981 18544
-26981 18544
-26981 18544
-26981 18544
-26981 18544
-26981 18544
-26981 18544
-26981 18544
-26962 18570
-26962 18570
-26962 18570
-26962 18570
-26962 18570
-26962 18570
-26962 18570
-26962 18570
-26962 18570
-26962 18570
-26962 18570
-26944 18597
-26944 18597
-26944 18597
-26944 18597
-26944 18597
-26944 18597
-26944 18597
-26944 18597
-26944 18597
-26944 18597
-26926 18623
-26926 18623
-26926 18623
-26926 18623
-26926 18623
-26926 18623
-26926 18623
-26926 18623
-26926 18623
-26926 18623
-26908 18649
-26908 18649
-26908 18649
-26908 18649
-26908 18649
-26908 18649
-26908 18649
-26908 18649
-26908 18649
-26908 18649
-26889 18676
-26889 18676
-26889 18676
-26889 18676
-26889 18676
-26889 18676
-26889 18676
-26889 18676
-26889 18676
-26889 18676
-26871 18702
-26871 18702
-26871 18702
-26871 18702
-26871 18702
-26871 18702
-26871 18702
-26871 18702
-26871 18702
-26871 18702
-26852 18728
-26852 18728
-26852 18728
-26852 18728
-26852 18728
-26852 18728
-26852 18728
-26852 18728
-26852 18728
-26852 18728
-26835 18753
-26835 18753
-26835 18753
-26835 18753
-26835 18753
-26835 18753
-26835 18753
-26835 18753
-26835 18753
-26835 18753
-26816 18779
-26816 18779
-26816 18779
-26816 18779
-26816 18779
-26816 18779
-26816 18779
-26816 18779
-26816 18779
-26816 18779
-26816 18779
-26798 18805
-26798 18805
-26798 18805
-26798 18805
-26798 18805
-26798 18805
-26798 18805
-26798 18805
-26798 18805
-26798 18805
-26779 18832
-26779 18832
-26779 18832
-26779 18832
-26779 18832
-26779 18832
-26779 18832
-26779 18832
-26779 18832
-26779 18832
-26761 18858
-26761 18858
-26771 18844
-26771 18844
-26771 18844
-26753 18869
-26753 18869
-26753 18869
-26753 18869
-26753 18869
-26753 18869
-26753 18869
-26753 18869
-26753 18869
-26753 18869
-26735 18895
-26735 18895
-26735 18895
-26735 18895
-26735 18895
-26735 18895
-26735 18895
-26735 18895
-26735 18895
-26735 18895
-26716 18921
-26716 18921
-26716 18921
-26716 18921
-26716 18921
-26716 18921
-26716 18921
-26716 18921
-26716 18921
-26716 18921
-26698 18948
-26698 18948
-26698 18948
-26698 18948
-26698 18948
-26698 18948
-26698 18948
-26698 18948
-26698 18948
-26698 18948
-26698 18948
-26679 18974
-26679 18974
-26679 18974
-26679 18974
-26679 18974
-26679 18974
-26679 18974
-26679 18974
-26679 18974
-26679 18974
-26661 19000
-26661 19000
-26661 19000
-26661 19000
-26661 19000
-26661 19000
-26661 19000
-26661 19000
-26661 19000
-26661 19000
-26643 19025
-26643 19025
-26643 19025
-26643 19025
-26643 19025
-26643 19025
-26643 19025
-26643 19025
-26643 19025
-26643 19025
-26624 19052
-26624 19052
-26624 19052
-26624 19052
-26624 19052
-26624 19052
-26624 19052
-26624 19052
-26624 19052
-26624 19052
-26606 19078
-26606 19078
-26606 19078
-26606 19078
-26606 19078
-26606 19078
-26606 19078
-26606 19078
-26606 19078
-26606 19078
-26586 19104
-26586 19104
-26586 19104
-26586 19104
-26586 19104
-26586 19104
-26586 19104
-26586 19104
-26586 19104
-26586 19104
-26569 19129
-26569 19129
-26569 19129
-26569 19129
-26569 19129
-26569 19129
-26569 19129
-26569 19129
-26569 19129
-26569 19129
-26550 19156
-26550 19156
-26550 19156
-26550 19156
-26550 19156
-26550 19156
-26550 19156
-26550 19156
-26550 19156
-26550 19156
-26550 19156
-26532 19181
-26532 19181
-26532 19181
-26527 19170
-26527 19170
-26527 19170
-26527 19170
-26509 19196
-26509 19196
-26509 19196
-26509 19196
-26509 19196
-26509 19196
-26509 19196
-26509 19196
-26509 19196
-26509 19196
-26490 19221
-26490 19221
-26490 19221
-26490 19221
-26490 19221
-26490 19221
-26490 19221
-26490 19221
-26490 19221
-26490 19221
-26490 19221
-26471 19247
-26471 19247
-26471 19247
-26471 19247
-26471 19247
-26471 19247
-26471 19247
-26471 19247
-26471 19247
-26471 19247
-26453 19273
-26453 19273
-26453 19273
-26453 19273
-26453 19273
-26453 19273
-26453 19273
-26453 19273
-26453 19273
-26453 19273
-26434 19298
-26434 19298
-26434 19298
-26434 19298
-26434 19298
-26434 19298
-26434 19298
-26434 19298
-26434 19298
-26434 19298
-26415 19325
-26415 19325
-26415 19325
-26415 19325
-26415 19325
-26415 19325
-26415 19325
-26415 19325
-26415 19325
-26415 19325
-26395 19350
-26395 19350
-26395 19350
-26395 19350
-26395 19350
-26395 19350
-26395 19350
-26395 19350
-26395 19350
-26395 19350
-26376 19376
-26376 19376
-26376 19376
-26376 19376
-26376 19376
-26376 19376
-26376 19376
-26376 19376
-26376 19376
-26376 19376
-26358 19401
-26358 19401
-26358 19401
-26358 19401
-26358 19401
-26358 19401
-26358 19401
-26358 19401
-26358 19401
-26358 19401
-26339 19427
-26339 19427
-26339 19427
-26339 19427
-26339 19427
-26339 19427
-26339 19427
-26339 19427
-26339 19427
-26339 19427
-26339 19427
-26320 19452
-26320 19452
-26320 19452
-26320 19452
-26320 19452
-26320 19452
-26320 19452
-26320 19452
-26320 19452
-26320 19452
-26301 19478
-26301 19478
-26301 19478
-26301 19478
-26301 19478
-26301 19478
-26301 19478
-26301 19478
-26301 19478
-26301 19478
-26282 19504
-26282 19504
-26292 19490
-26292 19490
-26292 19490
-26274 19515
-26274 19515
-26274 19515
-26274 19515
-26274 19515
-26274 19515
-26274 19515
-26274 19515
-26274 19515
-26274 19515
-26254 19541
-26254 19541
-26254 19541
-26254 19541
-26254 19541
-26254 19541
-26254 19541
-26254 19541
-26254 19541
-26254 19541
-26235 19566
-26235 19566
-26235 19566
-26235 19566
-26235 19566
-26235 19566
-26235 19566
-26235 19566
-26235 19566
-26235 19566
-26216 19592
-26216 19592
-26216 19592
-26216 19592
-26216 19592
-26216 19592
-26216 19592
-26216 19592
-26216 19592
-26216 19592
-26216 19592
-26197 19618
-26197 19618
-26197 19618
-26197 19618
-26197 19618
-26197 19618
-26197 19618
-26197 19618
-26197 19618
-26197 19618
-26178 19643
-26178 19643
-26178 19643
-26178 19643
-26178 19643
-26178 19643
-26178 19643
-26178 19643
-26178 19643
-26178 19643
-26160 19668
-26160 19668
-26160 19668
-26160 19668
-26160 19668
-26160 19668
-26160 19668
-26160 19668
-26160 19668
-26160 19668
-26140 19695
-26140 19695
-26140 19695
-26140 19695
-26140 19695
-26140 19695
-26140 19695
-26140 19695
-26140 19695
-26140 19695
-26121 19720
-26121 19720
-26121 19720
-26121 19720
-26121 19720
-26121 19720
-26121 19720
-26121 19720
-26121 19720
-26121 19720
-26101 19745
-26101 19745
-26101 19745
-26101 19745
-26101 19745
-26101 19745
-26101 19745
-26101 19745
-26101 19745
-26101 19745
-26083 19770
-26083 19770
-26083 19770
-26083 19770
-26083 19770
-26083 19770
-26083 19770
-26083 19770
-26083 19770
-26083 19770
-26063 19797
-26063 19797
-26063 19797
-26063 19797
-26063 19797
-26063 19797
-26063 19797
-26063 19797
-26063 19797
-26063 19797
-26063 19797
-26045 19822
-26045 19822
-26045 19822
-26056 19820
-26056 19820
-26056 19820
-26056 19820
-26037 19846
-26037 19846
-26037 19846
-26037 19846
-26037 19846
-26037 19846
-26037 19846
-26037 19846
-26037 19846
-26037 19846
-26018 19871
-26018 19871
-26018 19871
-26018 19871
-26018 19871
-26018 19871
-26018 19871
-26018 19871
-26018 19871
-26018 19871
-26018 19871
-25998 19897
-25998 19897
-25998 19897
-25998 19897
-25998 19897
-25998 19897
-25998 19897
-25998 19897
-25998 19897
-25998 19897
-25979 19922
-25979 19922
-25979 19922
-25979 19922
-25979 19922
-25979 19922
-25979 19922
-25979 19922
-25979 19922
-25979 19922
-25960 19947
-25960 19947
-25960 19947
-25960 19947
-25960 19947
-25960 19947
-25960 19947
-25960 19947
-25960 19947
-25960 19947
-25940 19973
-25940 19973
-25940 19973
-25940 19973
-25940 19973
-25940 19973
-25940 19973
-25940 19973
-25940 19973
-25940 19973
-25920 19998
-25920 19998
-25920 19998
-25920 19998
-25920 19998
-25920 19998
-25920 19998
-25920 19998
-25920 19998
-25920 19998
-25900 20023
-25900 20023
-25900 20023
-25900 20023
-25900 20023
-25900 20023
-25900 20023
-25900 20023
-25900 20023
-25900 20023
-25881 20048
-25881 20048
-25881 20048
-25881 20048
-25881 20048
-25881 20048
-25881 20048
-25881 20048
-25881 20048
-25881 20048
-25862 20073
-25862 20073
-25862 20073
-25862 20073
-25862 20073
-25862 20073
-25862 20073
-25862 20073
-25862 20073
-25862 20073
-25862 20073
-25842 20098
-25842 20098
-25842 20098
-25842 20098
-25842 20098
-25842 20098
-25842 20098
-25842 20098
-25842 20098
-25842 20098
-25822 20123
-25822 20123
-25822 20123
-25822 20123
-25822 20123
-25822 20123
-25822 20123
-25822 20123
-25822 20123
-25822 20123
-25803 20148
-25803 20148
-25813 20135
-25813 20135
-25813 20135
-25794 20160
-25794 20160
-25794 20160
-25794 20160
-25794 20160
-25794 20160
-25794 20160
-25794 20160
-25794 20160
-25794 20160
-25774 20185
-25774 20185
-25774 20185
-25774 20185
-25774 20185
-25774 20185
-25774 20185
-25774 20185
-25774 20185
-25774 20185
-25755 20210
-25755 20210
-25755 20210
-25755 20210
-25755 20210
-25755 20210
-25755 20210
-25755 20210
-25755 20210
-25755 20210
-25735 20235
-25735 20235
-25735 20235
-25735 20235
-25735 20235
-25735 20235
-25735 20235
-25735 20235
-25735 20235
-25735 20235
-25735 20235
-25715 20260
-25715 20260
-25715 20260
-25715 20260
-25715 20260
-25715 20260
-25715 20260
-25715 20260
-25715 20260
-25715 20260
-25696 20286
-25696 20286
-25696 20286
-25696 20286
-25696 20286
-25696 20286
-25696 20286
-25696 20286
-25696 20286
-25696 20286
-25677 20310
-25677 20310
-25677 20310
-25677 20310
-25677 20310
-25677 20310
-25677 20310
-25677 20310
-25677 20310
-25677 20310
-25656 20336
-25656 20336
-25656 20336
-25656 20336
-25656 20336
-25656 20336
-25656 20336
-25656 20336
-25656 20336
-25656 20336
-25637 20361
-25637 20361
-25637 20361
-25637 20361
-25637 20361
-25637 20361
-25637 20361
-25637 20361
-25637 20361
-25637 20361
-25616 20386
-25616 20386
-25616 20386
-25616 20386
-25616 20386
-25616 20386
-25616 20386
-25616 20386
-25616 20386
-25616 20386
-25597 20410
-25597 20410
-25597 20410
-25597 20410
-25597 20410
-25597 20410
-25597 20410
-25597 20410
-25597 20410
-25597 20410
-25577 20436
-25577 20436
-25577 20436
-25577 20436
-25577 20436
-25577 20436
-25577 20436
-25577 20436
-25577 20436
-25577 20436
-25577 20436
-25558 20461
-25558 20461
-25558 20461
-25585 20472
-25585 20472
-25585 20472
-25585 20472
-25566 20498
-25566 20498
-25566 20498
-25566 20498
-25566 20498
-25566 20498
-25566 20498
-25566 20498
-25566 20498
-25566 20498
-25545 20522
-25545 20522
-25545 20522
-25545 20522
-25545 20522
-25545 20522
-25545 20522
-25545 20522
-25545 20522
-25545 20522
-25545 20522
-25525 20547
-25525 20547
-25525 20547
-25525 20547
-25525 20547
-25525 20547
-25525 20547
-25525 20547
-25525 20547
-25525 20547
-25506 20572
-25506 20572
-25506 20572
-25506 20572
-25506 20572
-25506 20572
-25506 20572
-25506 20572
-25506 20572
-25506 20572
-25486 20596
-25486 20596
-25486 20596
-25486 20596
-25486 20596
-25486 20596
-25486 20596
-25486 20596
-25486 20596
-25486 20596
-25465 20622
-25465 20622
-25465 20622
-25465 20622
-25465 20622
-25465 20622
-25465 20622
-25465 20622
-25465 20622
-25465 20622
-25445 20647
-25445 20647
-25445 20647
-25445 20647
-25445 20647
-25445 20647
-25445 20647
-25445 20647
-25445 20647
-25445 20647
-25424 20671
-25424 20671
-25424 20671
-25424 20671
-25424 20671
-25424 20671
-25424 20671
-25424 20671
-25424 20671
-25424 20671
-25405 20695
-25405 20695
-25405 20695
-25405 20695
-25405 20695
-25405 20695
-25405 20695
-25405 20695
-25405 20695
-25405 20695
-25384 20720
-25384 20720
-25384 20720
-25384 20720
-25384 20720
-25384 20720
-25384 20720
-25384 20720
-25384 20720
-25384 20720
-25384 20720
-25364 20745
-25364 20745
-25364 20745
-25364 20745
-25364 20745
-25364 20745
-25364 20745
-25364 20745
-25364 20745
-25364 20745
-25344 20770
-25344 20770
-25344 20770
-25344 20770
-25344 20770
-25344 20770
-25344 20770
-25344 20770
-25344 20770
-25344 20770
-25324 20794
-25324 20794
-25334 20781
-25334 20781
-25334 20781
-25315 20805
-25315 20805
-25315 20805
-25315 20805
-25315 20805
-25315 20805
-25315 20805
-25315 20805
-25315 20805
-25315 20805
-25294 20830
-25294 20830
-25294 20830
-25294 20830
-25294 20830
-25294 20830
-25294 20830
-25294 20830
-25294 20830
-25294 20830
-25274 20855
-25274 20855
-25274 20855
-25274 20855
-25274 20855
-25274 20855
-25274 20855
-25274 20855
-25274 20855
-25274 20855
-25254 20879
-25254 20879
-25254 20879
-25254 20879
-25254 20879
-25254 20879
-25254 20879
-25254 20879
-25254 20879
-25254 20879
-25254 20879
-25233 20904
-25233 20904
-25233 20904
-25233 20904
-25233 20904
-25233 20904
-25233 20904
-25233 20904
-25233 20904
-25233 20904
-25213 20929
-25213 20929
-25213 20929
-25213 20929
-25213 20929
-25213 20929
-25213 20929
-25213 20929
-25213 20929
-25213 20929
-25193 20953
-25193 20953
-25193 20953
-25193 20953
-25193 20953
-25193 20953
-25193 20953
-25193 20953
-25193 20953
-25193 20953
-25173 20978
-25173 20978
-25173 20978
-25173 20978
-25173 20978
-25173 20978
-25173 20978
-25173 20978
-25173 20978
-25173 20978
-25152 21003
-25152 21003
-25152 21003
-25152 21003
-25152 21003
-25152 21003
-25152 21003
-25152 21003
-25152 21003
-25152 21003
-25131 21027
-25131 21027
-25131 21027
-25131 21027
-25131 21027
-25131 21027
-25131 21027
-25131 21027
-25131 21027
-25131 21027
-25111 21051
-25111 21051
-25111 21051
-25111 21051
-25111 21051
-25111 21051
-25111 21051
-25111 21051
-25111 21051
-25111 21051
-25091 21077
-25091 21077
-25091 21077
-25091 21077
-25091 21077
-25091 21077
-25091 21077
-25091 21077
-25091 21077
-25091 21077
-25091 21077
-25071 21101
-25071 21101
-25071 21101
-25053 21075
-25053 21075
-25053 21075
-25053 21075
-25033 21100
-25033 21100
-25033 21100
-25033 21100
-25033 21100
-25033 21100
-25033 21100
-25033 21100
-25033 21100
-25033 21100
-25012 21124
-25012 21124
-25012 21124
-25012 21124
-25012 21124
-25012 21124
-25012 21124
-25012 21124
-25012 21124
-25012 21124
-25012 21124
-24991 21148
-24991 21148
-24991 21148
-24991 21148
-24991 21148
-24991 21148
-24991 21148
-24991 21148
-24991 21148
-24991 21148
-24971 21173
-24971 21173
-24971 21173
-24971 21173
-24971 21173
-24971 21173
-24971 21173
-24971 21173
-24971 21173
-24971 21173
-24950 21196
-24950 21196
-24950 21196
-24950 21196
-24950 21196
-24950 21196
-24950 21196
-24950 21196
-24950 21196
-24950 21196
-24929 21221
-24929 21221
-24929 21221
-24929 21221
-24929 21221
-24929 21221
-24929 21221
-24929 21221
-24929 21221
-24929 21221
-24908 21246
-24908 21246
-24908 21246
-24908 21246
-24908 21246
-24908 21246
-24908 21246
-24908 21246
-24908 21246
-24908 21246
-24887 21270
-24887 21270
-24887 21270
-24887 21270
-24887 21270
-24887 21270
-24887 21270
-24887 21270
-24887 21270
-24887 21270
-24867 21293
-24867 21293
-24867 21293
-24867 21293
-24867 21293
-24867 21293
-24867 21293
-24867 21293
-24867 21293
-24867 21293
-24846 21318
-24846 21318
-24846 21318
-24846 21318
-24846 21318
-24846 21318
-24846 21318
-24846 21318
-24846 21318
-24846 21318
-24846 21318
-24825 21342
-24825 21342
-24825 21342
-24825 21342
-24825 21342
-24825 21342
-24825 21342
-24825 21342
-24825 21342
-24825 21342
-24804 21366
-24804 21366
-24804 21366
-24804 21366
-24804 21366
-24804 21366
-24804 21366
-24804 21366
-24804 21366
-24804 21366
-24783 21390
-24783 21390
-24794 21377
-24794 21377
-24794 21377
-24774 21401
-24774 21401
-24774 21401
-24774 21401
-24774 21401
-24774 21401
-24774 21401
-24774 21401
-24774 21401
-24774 21401
-24753 21425
-24753 21425
-24753 21425
-24753 21425
-24753 21425
-24753 21425
-24753 21425
-24753 21425
-24753 21425
-24753 21425
-24732 21449
-24732 21449
-24732 21449
-24732 21449
-24732 21449
-24732 21449
-24732 21449
-24732 21449
-24732 21449
-24732 21449
-24712 21473
-24712 21473
-24712 21473
-24712 21473
-24712 21473
-24712 21473
-24712 21473
-24712 21473
-24712 21473
-24712 21473
-24712 21473
-24691 21498
-24691 21498
-24691 21498
-24691 21498
-24691 21498
-24691 21498
-24691 21498
-24691 21498
-24691 21498
-24691 21498
-24670 21522
-24670 21522
-24670 21522
-24670 21522
-24670 21522
-24670 21522
-24670 21522
-24670 21522
-24670 21522
-24670 21522
-24650 21545
-24650 21545
-24650 21545
-24650 21545
-24650 21545
-24650 21545
-24650 21545
-24650 21545
-24650 21545
-24650 21545
-24628 21570
-24628 21570
-24628 21570
-24628 21570
-24628 21570
-24628 21570
-24628 21570
-24628 21570
-24628 21570
-24628 21570
-24607 21594
-24607 21594
-24607 21594
-24607 21594
-24607 21594
-24607 21594
-24607 21594
-24607 21594
-24607 21594
-24607 21594
-24586 21618
-24586 21618
-24586 21618
-24586 21618
-24586 21618
-24586 21618
-24586 21618
-24586 21618
-24586 21618
-24586 21618
-24565 21641
-24565 21641
-24565 21641
-24565 21641
-24565 21641
-24565 21641
-24565 21641
-24565 21641
-24565 21641
-24565 21641
-24544 21666
-24544 21666
-24544 21666
-24544 21666
-24544 21666
-24544 21666
-24544 21666
-24544 21666
-24544 21666
-24544 21666
-24544 21666
-24524 21690
-24524 21690
-24524 21690
-24520 21677
-24520 21677
-24520 21677
-24520 21677
-24499 21701
-24499 21701
-24499 21701
-24499 21701
-24499 21701
-24499 21701
-24499 21701
-24499 21701
-24499 21701
-24499 21701
-24478 21725
-24478 21725
-24478 21725
-24478 21725
-24478 21725
-24478 21725
-24478 21725
-24478 21725
-24478 21725
-24478 21725
-24478 21725
-24456 21748
-24456 21748
-24456 21748
-24456 21748
-24456 21748
-24456 21748
-24456 21748
-24456 21748
-24456 21748
-24456 21748
-24436 21773
-24436 21773
-24436 21773
-24436 21773
-24436 21773
-24436 21773
-24436 21773
-24436 21773
-24436 21773
-24436 21773
-24415 21796
-24415 21796
-24415 21796
-24415 21796
-24415 21796
-24415 21796
-24415 21796
-24415 21796
-24415 21796
-24415 21796
-24393 21820
-24393 21820
-24393 21820
-24393 21820
-24393 21820
-24393 21820
-24393 21820
-24393 21820
-24393 21820
-24393 21820
-24371 21844
-24371 21844
-24371 21844
-24371 21844
-24371 21844
-24371 21844
-24371 21844
-24371 21844
-24371 21844
-24371 21844
-24350 21867
-24350 21867
-24350 21867
-24350 21867
-24350 21867
-24350 21867
-24350 21867
-24350 21867
-24350 21867
-24350 21867
-24329 21890
-24329 21890
-24329 21890
-24329 21890
-24329 21890
-24329 21890
-24329 21890
-24329 21890
-24329 21890
-24329 21890
-24308 21914
-24308 21914
-24308 21914
-24308 21914
-24308 21914
-24308 21914
-24308 21914
-24308 21914
-24308 21914
-24308 21914
-24308 21914
-24286 21938
-24286 21938
-24286 21938
-24286 21938
-24286 21938
-24286 21938
-24286 21938
-24286 21938
-24286 21938
-24286 21938
-24265 21961
-24265 21961
-24265 21961
-24265 21961
-24265 21961
-24265 21961
-24265 21961
-24265 21961
-24265 21961
-24265 21961
-24243 21985
-24243 21985
-24255 21972
-24255 21972
-24255 21972
-24234 21995
-24234 21995
-24234 21995
-24234 21995
-24234 21995
-24234 21995
-24234 21995
-24234 21995
-24234 21995
-24234 21995
-24212 22019
-24212 22019
-24212 22019
-24212 22019
-24212 22019
-24212 22019
-24212 22019
-24212 22019
-24212 22019
-24212 22019
-24191 22043
-24191 22043
-24191 22043
-24191 22043
-24191 22043
-24191 22043
-24191 22043
-24191 22043
-24191 22043
-24191 22043
-24169 22066
-24169 22066
-24169 22066
-24169 22066
-24169 22066
-24169 22066
-24169 22066
-24169 22066
-24169 22066
-24169 22066
-24169 22066
-24148 22090
-24148 22090
-24148 22090
-24148 22090
-24148 22090
-24148 22090
-24148 22090
-24148 22090
-24148 22090
-24148 22090
-24127 22114
-24127 22114
-24127 22114
-24127 22114
-24127 22114
-24127 22114
-24127 22114
-24127 22114
-24127 22114
-24127 22114
-24106 22137
-24106 22137
-24106 22137
-24106 22137
-24106 22137
-24106 22137
-24106 22137
-24106 22137
-24106 22137
-24106 22137
-24084 22161
-24084 22161
-24084 22161
-24084 22161
-24084 22161
-24084 22161
-24084 22161
-24084 22161
-24084 22161
-24084 22161
-24062 22185
-24062 22185
-24062 22185
-24062 22185
-24062 22185
-24062 22185
-24062 22185
-24062 22185
-24062 22185
-24062 22185
-24040 22208
-24040 22208
-24040 22208
-24040 22208
-24040 22208
-24040 22208
-24040 22208
-24040 22208
-24040 22208
-24040 22208
-24019 22231
-24019 22231
-24019 22231
-24019 22231
-24019 22231
-24019 22231
-24019 22231
-24019 22231
-24019 22231
-24019 22231
-23997 22255
-23997 22255
-23997 22255
-23997 22255
-23997 22255
-23997 22255
-23997 22255
-23997 22255
-23997 22255
-23997 22255
-23997 22255
-23976 22278
-23976 22278
-23976 22278
-23988 22279
-23988 22279
-23988 22279
-23988 22279
-23966 22303
-23966 22303
-23966 22303
-23966 22303
-23966 22303
-23966 22303
-23966 22303
-23966 22303
-23966 22303
-23966 22303
-23944 22326
-23944 22326
-23944 22326
-23944 22326
-23944 22326
-23944 22326
-23944 22326
-23944 22326
-23944 22326
-23944 22326
-23944 22326
-23922 22349
-23922 22349
-23922 22349
-23922 22349
-23922 22349
-23922 22349
-23922 22349
-23922 22349
-23922 22349
-23922 22349
-23901 22373
-23901 22373
-23901 22373
-23901 22373
-23901 22373
-23901 22373
-23901 22373
-23901 22373
-23901 22373
-23901 22373
-23879 22396
-23879 22396
-23879 22396
-23879 22396
-23879 22396
-23879 22396
-23879 22396
-23879 22396
-23879 22396
-23879 22396
-23857 22419
-23857 22419
-23857 22419
-23857 22419
-23857 22419
-23857 22419
-23857 22419
-23857 22419
-23857 22419
-23857 22419
-23835 22443
-23835 22443
-23835 22443
-23835 22443
-23835 22443
-23835 22443
-23835 22443
-23835 22443
-23835 22443
-23835 22443
-23813 22466
-23813 22466
-23813 22466
-23813 22466
-23813 22466
-23813 22466
-23813 22466
-23813 22466
-23813 22466
-23813 22466
-23791 22488
-23791 22488
-23791 22488
-23791 22488
-23791 22488
-23791 22488
-23791 22488
-23791 22488
-23791 22488
-23791 22488
-23769 22511
-23769 22511
-23769 22511
-23769 22511
-23769 22511
-23769 22511
-23769 22511
-23769 22511
-23769 22511
-23769 22511
-23769 22511
-23747 22535
-23747 22535
-23747 22535
-23747 22535
-23747 22535
-23747 22535
-23747 22535
-23747 22535
-23747 22535
-23747 22535
-23725 22558
-23725 22558
-23725 22558
-23725 22558
-23725 22558
-23725 22558
-23725 22558
-23725 22558
-23725 22558
-23725 22558
-23703 22581
-23703 22581
-23715 22569
-23715 22569
-23715 22569
-23693 22591
-23693 22591
-23693 22591
-23693 22591
-23693 22591
-23693 22591
-23693 22591
-23693 22591
-23693 22591
-23693 22591
-23671 22614
-23671 22614
-23671 22614
-23671 22614
-23671 22614
-23671 22614
-23671 22614
-23671 22614
-23671 22614
-23671 22614
-23649 22637
-23649 22637
-23649 22637
-23649 22637
-23649 22637
-23649 22637
-23649 22637
-23649 22637
-23649 22637
-23649 22637
-23627 22660
-23627 22660
-23627 22660
-23627 22660
-23627 22660
-23627 22660
-23627 22660
-23627 22660
-23627 22660
-23627 22660
-23627 22660
-23605 22684
-23605 22684
-23605 22684
-23605 22684
-23605 22684
-23605 22684
-23605 22684
-23605 22684
-23605 22684
-23605 22684
-23583 22707
-23583 22707
-23583 22707
-23583 22707
-23583 22707
-23583 22707
-23583 22707
-23583 22707
-23583 22707
-23583 22707
-23562 22729
-23562 22729
-23562 22729
-23562 22729
-23562 22729
-23562 22729
-23562 22729
-23562 22729
-23562 22729
-23562 22729
-23539 22753
-23539 22753
-23539 22753
-23539 22753
-23539 22753
-23539 22753
-23539 22753
-23539 22753
-23539 22753
-23539 22753
-23517 22776
-23517 22776
-23517 22776
-23517 22776
-23517 22776
-23517 22776
-23517 22776
-23517 22776
-23517 22776
-23517 22776
-23494 22799
-23494 22799
-23494 22799
-23494 22799
-23494 22799
-23494 22799
-23494 22799
-23494 22799
-23494 22799
-23494 22799
-23473 22821
-23473 22821
-23473 22821
-23473 22821
-23473 22821
-23473 22821
-23473 22821
-23473 22821
-23473 22821
-23473 22821
-23450 22845
-23450 22845
-23450 22845
-23450 22845
-23450 22845
-23450 22845
-23450 22845
-23450 22845
-23450 22845
-23450 22845
-23450 22845
-23429 22867
-23429 22867
-23429 22867
-23455 22881
-23455 22881
-23455 22881
-23455 22881
-23433 22904
-23433 22904
-23433 22904
-23433 22904
-23433 22904
-23433 22904
-23433 22904
-23433 22904
-23433 22904
-23433 22904
-23410 22927
-23410 22927
-23410 22927
-23410 22927
-23410 22927
-23410 22927
-23410 22927
-23410 22927
-23410 22927
-23410 22927
-23410 22927
-23388 22949
-23388 22949
-23388 22949
-23388 22949
-23388 22949
-23388 22949
-23388 22949
-23388 22949
-23388 22949
-23388 22949
-23366 22973
-23366 22973
-23366 22973
-23366 22973
-23366 22973
-23366 22973
-23366 22973
-23366 22973
-23366 22973
-23366 22973
-23344 22995
-23344 22995
-23344 22995
-23344 22995
-23344 22995
-23344 22995
-23344 22995
-23344 22995
-23344 22995
-23344 22995
-23321 23018
-23321 23018
-23321 23018
-23321 23018
-23321 23018
-23321 23018
-23321 23018
-23321 23018
-23321 23018
-23321 23018
-23298 23041
-23298 23041
-23298 23041
-23298 23041
-23298 23041
-23298 23041
-23298 23041
-23298 23041
-23298 23041
-23298 23041
-23275 23063
-23275 23063
-23275 23063
-23275 23063
-23275 23063
-23275 23063
-23275 23063
-23275 23063
-23275 23063
-23275 23063
-23253 23085
-23253 23085
-23253 23085
-23253 23085
-23253 23085
-23253 23085
-23253 23085
-23253 23085
-23253 23085
-23253 23085
-23231 23108
-23231 23108
-23231 23108
-23231 23108
-23231 23108
-23231 23108
-23231 23108
-23231 23108
-23231 23108
-23231 23108
-23231 23108
-23208 23130
-23208 23130
-23208 23130
-23208 23130
-23208 23130
-23208 23130
-23208 23130
-23208 23130
-23208 23130
-23208 23130
-23186 23153
-23186 23153
-23186 23153
-23186 23153
-23186 23153
-23186 23153
-23186 23153
-23186 23153
-23186 23153
-23186 23153
-23163 23176
-23163 23176
-23175 23164
-23175 23164
-23175 23164
-23153 23186
-23153 23186
-23153 23186
-23153 23186
-23153 23186
-23153 23186
-23153 23186
-23153 23186
-23153 23186
-23153 23186
-23130 23208
-23130 23208
-23130 23208
-23130 23208
-23130 23208
-23130 23208
-23130 23208
-23130 23208
-23130 23208
-23130 23208
-23108 23231
-23108 23231
-23108 23231
-23108 23231
-23108 23231
-23108 23231
-23108 23231
-23108 23231
-23108 23231
-23108 23231
-23085 23253
-23085 23253
-23085 23253
-23085 23253
-23085 23253
-23085 23253
-23085 23253
-23085 23253
-23085 23253
-23085 23253
-23085 23253
-23063 23276
-23063 23276
-23063 23276
-23063 23276
-23063 23276
-23063 23276
-23063 23276
-23063 23276
-23063 23276
-23063 23276
-23040 23299
-23040 23299
-23040 23299
-23040 23299
-23040 23299
-23040 23299
-23040 23299
-23040 23299
-23040 23299
-23040 23299
-23018 23321
-23018 23321
-23018 23321
-23018 23321
-23018 23321
-23018 23321
-23018 23321
-23018 23321
-23018 23321
-23018 23321
-22995 23344
-22995 23344
-22995 23344
-22995 23344
-22995 23344
-22995 23344
-22995 23344
-22995 23344
-22995 23344
-22995 23344
-22972 23367
-22972 23367
-22972 23367
-22972 23367
-22972 23367
-22972 23367
-22972 23367
-22972 23367
-22972 23367
-22972 23367
-22949 23388
-22949 23388
-22949 23388
-22949 23388
-22949 23388
-22949 23388
-22949 23388
-22949 23388
-22949 23388
-22949 23388
-22927 23410
-22927 23410
-22927 23410
-22927 23410
-22927 23410
-22927 23410
-22927 23410
-22927 23410
-22927 23410
-22927 23410
-22903 23434
-22903 23434
-22903 23434
-22903 23434
-22903 23434
-22903 23434
-22903 23434
-22903 23434
-22903 23434
-22903 23434
-22903 23434
-22882 23456
-22882 23456
-22882 23456
-22867 23428
-22867 23428
-22867 23428
-22867 23428
-22844 23451
-22844 23451
-22844 23451
-22844 23451
-22844 23451
-22844 23451
-22844 23451
-22844 23451
-22844 23451
-22844 23451
-22821 23473
-22821 23473
-22821 23473
-22821 23473
-22821 23473
-22821 23473
-22821 23473
-22821 23473
-22821 23473
-22821 23473
-22821 23473
-22798 23495
-22798 23495
-22798 23495
-22798 23495
-22798 23495
-22798 23495
-22798 23495
-22798 23495
-22798 23495
-22798 23495
-22775 23518
-22775 23518
-22775 23518
-22775 23518
-22775 23518
-22775 23518
-22775 23518
-22775 23518
-22775 23518
-22775 23518
-22753 23539
-22753 23539
-22753 23539
-22753 23539
-22753 23539
-22753 23539
-22753 23539
-22753 23539
-22753 23539
-22753 23539
-22729 23562
-22729 23562
-22729 23562
-22729 23562
-22729 23562
-22729 23562
-22729 23562
-22729 23562
-22729 23562
-22729 23562
-22706 23584
-22706 23584
-22706 23584
-22706 23584
-22706 23584
-22706 23584
-22706 23584
-22706 23584
-22706 23584
-22706 23584
-22683 23606
-22683 23606
-22683 23606
-22683 23606
-22683 23606
-22683 23606
-22683 23606
-22683 23606
-22683 23606
-22683 23606
-22660 23627
-22660 23627
-22660 23627
-22660 23627
-22660 23627
-22660 23627
-22660 23627
-22660 23627
-22660 23627
-22660 23627
-22637 23649
-22637 23649
-22637 23649
-22637 23649
-22637 23649
-22637 23649
-22637 23649
-22637 23649
-22637 23649
-22637 23649
-22637 23649
-22614 23671
-22614 23671
-22614 23671
-22614 23671
-22614 23671
-22614 23671
-22614 23671
-22614 23671
-22614 23671
-22614 23671
-22591 23693
-22591 23693
-22591 23693
-22591 23693
-22591 23693
-22591 23693
-22591 23693
-22591 23693
-22591 23693
-22591 23693
-22568 23715
-22568 23715
-22580 23704
-22580 23704
-22580 23704
-22558 23725
-22558 23725
-22558 23725
-22558 23725
-22558 23725
-22558 23725
-22558 23725
-22558 23725
-22558 23725
-22558 23725
-22535 23747
-22535 23747
-22535 23747
-22535 23747
-22535 23747
-22535 23747
-22535 23747
-22535 23747
-22535 23747
-22535 23747
-22511 23769
-22511 23769
-22511 23769
-22511 23769
-22511 23769
-22511 23769
-22511 23769
-22511 23769
-22511 23769
-22511 23769
-22488 23791
-22488 23791
-22488 23791
-22488 23791
-22488 23791
-22488 23791
-22488 23791
-22488 23791
-22488 23791
-22488 23791
-22488 23791
-22465 23813
-22465 23813
-22465 23813
-22465 23813
-22465 23813
-22465 23813
-22465 23813
-22465 23813
-22465 23813
-22465 23813
-22442 23835
-22442 23835
-22442 23835
-22442 23835
-22442 23835
-22442 23835
-22442 23835
-22442 23835
-22442 23835
-22442 23835
-22419 23857
-22419 23857
-22419 23857
-22419 23857
-22419 23857
-22419 23857
-22419 23857
-22419 23857
-22419 23857
-22419 23857
-22396 23879
-22396 23879
-22396 23879
-22396 23879
-22396 23879
-22396 23879
-22396 23879
-22396 23879
-22396 23879
-22396 23879
-22372 23901
-22372 23901
-22372 23901
-22372 23901
-22372 23901
-22372 23901
-22372 23901
-22372 23901
-22372 23901
-22372 23901
-22349 23923
-22349 23923
-22349 23923
-22349 23923
-22349 23923
-22349 23923
-22349 23923
-22349 23923
-22349 23923
-22349 23923
-22326 23944
-22326 23944
-22326 23944
-22326 23944
-22326 23944
-22326 23944
-22326 23944
-22326 23944
-22326 23944
-22326 23944
-22302 23967
-22302 23967
-22302 23967
-22302 23967
-22302 23967
-22302 23967
-22302 23967
-22302 23967
-22302 23967
-22302 23967
-22302 23967
-22280 23988
-22280 23988
-22280 23988
-22277 23975
-22277 23975
-22277 23975
-22277 23975
-22254 23998
-22254 23998
-22254 23998
-22254 23998
-22254 23998
-22254 23998
-22254 23998
-22254 23998
-22254 23998
-22254 23998
-22231 24019
-22231 24019
-22231 24019
-22231 24019
-22231 24019
-22231 24019
-22231 24019
-22231 24019
-22231 24019
-22231 24019
-22231 24019
-22207 24041
-22207 24041
-22207 24041
-22207 24041
-22207 24041
-22207 24041
-22207 24041
-22207 24041
-22207 24041
-22207 24041
-22184 24063
-22184 24063
-22184 24063
-22184 24063
-22184 24063
-22184 24063
-22184 24063
-22184 24063
-22184 24063
-22184 24063
-22161 24084
-22161 24084
-22161 24084
-22161 24084
-22161 24084
-22161 24084
-22161 24084
-22161 24084
-22161 24084
-22161 24084
-22137 24106
-22137 24106
-22137 24106
-22137 24106
-22137 24106
-22137 24106
-22137 24106
-22137 24106
-22137 24106
-22137 24106
-22113 24127
-22113 24127
-22113 24127
-22113 24127
-22113 24127
-22113 24127
-22113 24127
-22113 24127
-22113 24127
-22113 24127
-22089 24149
-22089 24149
-22089 24149
-22089 24149
-22089 24149
-22089 24149
-22089 24149
-22089 24149
-22089 24149
-22089 24149
-22066 24169
-22066 24169
-22066 24169
-22066 24169
-22066 24169
-22066 24169
-22066 24169
-22066 24169
-22066 24169
-22066 24169
-22043 24191
-22043 24191
-22043 24191
-22043 24191
-22043 24191
-22043 24191
-22043 24191
-22043 24191
-22043 24191
-22043 24191
-22043 24191
-22019 24212
-22019 24212
-22019 24212
-22019 24212
-22019 24212
-22019 24212
-22019 24212
-22019 24212
-22019 24212
-22019 24212
-21995 24234
-21995 24234
-21995 24234
-21995 24234
-21995 24234
-21995 24234
-21995 24234
-21995 24234
-21995 24234
-21995 24234
-21972 24255
-21972 24255
-21984 24244
-21984 24244
-21984 24244
-21961 24265
-21961 24265
-21961 24265
-21961 24265
-21961 24265
-21961 24265
-21961 24265
-21961 24265
-21961 24265
-21961 24265
-21938 24286
-21938 24286
-21938 24286
-21938 24286
-21938 24286
-21938 24286
-21938 24286
-21938 24286
-21938 24286
-21938 24286
-21914 24308
-21914 24308
-21914 24308
-21914 24308
-21914 24308
-21914 24308
-21914 24308
-21914 24308
-21914 24308
-21914 24308
-21890 24329
-21890 24329
-21890 24329
-21890 24329
-21890 24329
-21890 24329
-21890 24329
-21890 24329
-21890 24329
-21890 24329
-21890 24329
-21867 24351
-21867 24351
-21867 24351
-21867 24351
-21867 24351
-21867 24351
-21867 24351
-21867 24351
-21867 24351
-21867 24351
-21843 24372
-21843 24372
-21843 24372
-21843 24372
-21843 24372
-21843 24372
-21843 24372
-21843 24372
-21843 24372
-21843 24372
-21820 24393
-21820 24393
-21820 24393
-21820 24393
-21820 24393
-21820 24393
-21820 24393
-21820 24393
-21820 24393
-21820 24393
-21796 24415
-21796 24415
-21796 24415
-21796 24415
-21796 24415
-21796 24415
-21796 24415
-21796 24415
-21796 24415
-21796 24415
-21772 24436
-21772 24436
-21772 24436
-21772 24436
-21772 24436
-21772 24436
-21772 24436
-21772 24436
-21772 24436
-21772 24436
-21748 24457
-21748 24457
-21748 24457
-21748 24457
-21748 24457
-21748 24457
-21748 24457
-21748 24457
-21748 24457
-21748 24457
-21725 24478
-21725 24478
-21725 24478
-21725 24478
-21725 24478
-21725 24478
-21725 24478
-21725 24478
-21725 24478
-21725 24478
-21700 24500
-21700 24500
-21700 24500
-21700 24500
-21700 24500
-21700 24500
-21700 24500
-21700 24500
-21700 24500
-21700 24500
-21700 24500
-21677 24521
-21677 24521
-21677 24521
-21689 24523
-21689 24523
-21689 24523
-21689 24523
-21666 24544
-21666 24544
-21666 24544
-21666 24544
-21666 24544
-21666 24544
-21666 24544
-21666 24544
-21666 24544
-21666 24544
-21641 24565
-21641 24565
-21641 24565
-21641 24565
-21641 24565
-21641 24565
-21641 24565
-21641 24565
-21641 24565
-21641 24565
-21641 24565
-21617 24586
-21617 24586
-21617 24586
-21617 24586
-21617 24586
-21617 24586
-21617 24586
-21617 24586
-21617 24586
-21617 24586
-21594 24608
-21594 24608
-21594 24608
-21594 24608
-21594 24608
-21594 24608
-21594 24608
-21594 24608
-21594 24608
-21594 24608
-21570 24628
-21570 24628
-21570 24628
-21570 24628
-21570 24628
-21570 24628
-21570 24628
-21570 24628
-21570 24628
-21570 24628
-21545 24650
-21545 24650
-21545 24650
-21545 24650
-21545 24650
-21545 24650
-21545 24650
-21545 24650
-21545 24650
-21545 24650
-21521 24670
-21521 24670
-21521 24670
-21521 24670
-21521 24670
-21521 24670
-21521 24670
-21521 24670
-21521 24670
-21521 24670
-21497 24691
-21497 24691
-21497 24691
-21497 24691
-21497 24691
-21497 24691
-21497 24691
-21497 24691
-21497 24691
-21497 24691
-21473 24712
-21473 24712
-21473 24712
-21473 24712
-21473 24712
-21473 24712
-21473 24712
-21473 24712
-21473 24712
-21473 24712
-21449 24732
-21449 24732
-21449 24732
-21449 24732
-21449 24732
-21449 24732
-21449 24732
-21449 24732
-21449 24732
-21449 24732
-21449 24732
-21425 24753
-21425 24753
-21425 24753
-21425 24753
-21425 24753
-21425 24753
-21425 24753
-21425 24753
-21425 24753
-21425 24753
-21401 24774
-21401 24774
-21401 24774
-21401 24774
-21401 24774
-21401 24774
-21401 24774
-21401 24774
-21401 24774
-21401 24774
-21377 24795
-21377 24795
-21389 24784
-21389 24784
-21389 24784
-21366 24804
-21366 24804
-21366 24804
-21366 24804
-21366 24804
-21366 24804
-21366 24804
-21366 24804
-21366 24804
-21366 24804
-21342 24825
-21342 24825
-21342 24825
-21342 24825
-21342 24825
-21342 24825
-21342 24825
-21342 24825
-21342 24825
-21342 24825
-21318 24846
-21318 24846
-21318 24846
-21318 24846
-21318 24846
-21318 24846
-21318 24846
-21318 24846
-21318 24846
-21318 24846
-21293 24867
-21293 24867
-21293 24867
-21293 24867
-21293 24867
-21293 24867
-21293 24867
-21293 24867
-21293 24867
-21293 24867
-21293 24867
-21269 24888
-21269 24888
-21269 24888
-21269 24888
-21269 24888
-21269 24888
-21269 24888
-21269 24888
-21269 24888
-21269 24888
-21245 24909
-21245 24909
-21245 24909
-21245 24909
-21245 24909
-21245 24909
-21245 24909
-21245 24909
-21245 24909
-21245 24909
-21221 24929
-21221 24929
-21221 24929
-21221 24929
-21221 24929
-21221 24929
-21221 24929
-21221 24929
-21221 24929
-21221 24929
-21196 24950
-21196 24950
-21196 24950
-21196 24950
-21196 24950
-21196 24950
-21196 24950
-21196 24950
-21196 24950
-21196 24950
-21172 24971
-21172 24971
-21172 24971
-21172 24971
-21172 24971
-21172 24971
-21172 24971
-21172 24971
-21172 24971
-21172 24971
-21147 24991
-21147 24991
-21147 24991
-21147 24991
-21147 24991
-21147 24991
-21147 24991
-21147 24991
-21147 24991
-21147 24991
-21124 25012
-21124 25012
-21124 25012
-21124 25012
-21124 25012
-21124 25012
-21124 25012
-21124 25012
-21124 25012
-21124 25012
-21099 25033
-21099 25033
-21099 25033
-21099 25033
-21099 25033
-21099 25033
-21099 25033
-21099 25033
-21099 25033
-21099 25033
-21099 25033
-21076 25053
-21076 25053
-21076 25053
-21100 25070
-21100 25070
-21100 25070
-21100 25070
-21076 25091
-21076 25091
-21076 25091
-21076 25091
-21076 25091
-21076 25091
-21076 25091
-21076 25091
-21076 25091
-21076 25091
-21051 25111
-21051 25111
-21051 25111
-21051 25111
-21051 25111
-21051 25111
-21051 25111
-21051 25111
-21051 25111
-21051 25111
-21051 25111
-21026 25132
-21026 25132
-21026 25132
-21026 25132
-21026 25132
-21026 25132
-21026 25132
-21026 25132
-21026 25132
-21026 25132
-21002 25153
-21002 25153
-21002 25153
-21002 25153
-21002 25153
-21002 25153
-21002 25153
-21002 25153
-21002 25153
-21002 25153
-20978 25173
-20978 25173
-20978 25173
-20978 25173
-20978 25173
-20978 25173
-20978 25173
-20978 25173
-20978 25173
-20978 25173
-20953 25193
-20953 25193
-20953 25193
-20953 25193
-20953 25193
-20953 25193
-20953 25193
-20953 25193
-20953 25193
-20953 25193
-20928 25214
-20928 25214
-20928 25214
-20928 25214
-20928 25214
-20928 25214
-20928 25214
-20928 25214
-20928 25214
-20928 25214
-20903 25234
-20903 25234
-20903 25234
-20903 25234
-20903 25234
-20903 25234
-20903 25234
-20903 25234
-20903 25234
-20903 25234
-20879 25254
-20879 25254
-20879 25254
-20879 25254
-20879 25254
-20879 25254
-20879 25254
-20879 25254
-20879 25254
-20879 25254
-20855 25274
-20855 25274
-20855 25274
-20855 25274
-20855 25274
-20855 25274
-20855 25274
-20855 25274
-20855 25274
-20855 25274
-20855 25274
-20830 25294
-20830 25294
-20830 25294
-20830 25294
-20830 25294
-20830 25294
-20830 25294
-20830 25294
-20830 25294
-20830 25294
-20805 25315
-20805 25315
-20805 25315
-20805 25315
-20805 25315
-20805 25315
-20805 25315
-20805 25315
-20805 25315
-20805 25315
-20780 25335
-20780 25335
-20794 25324
-20794 25324
-20794 25324
-20770 25344
-20770 25344
-20770 25344
-20770 25344
-20770 25344
-20770 25344
-20770 25344
-20770 25344
-20770 25344
-20770 25344
-20745 25364
-20745 25364
-20745 25364
-20745 25364
-20745 25364
-20745 25364
-20745 25364
-20745 25364
-20745 25364
-20745 25364
-20720 25384
-20720 25384
-20720 25384
-20720 25384
-20720 25384
-20720 25384
-20720 25384
-20720 25384
-20720 25384
-20720 25384
-20695 25405
-20695 25405
-20695 25405
-20695 25405
-20695 25405
-20695 25405
-20695 25405
-20695 25405
-20695 25405
-20695 25405
-20695 25405
-20671 25425
-20671 25425
-20671 25425
-20671 25425
-20671 25425
-20671 25425
-20671 25425
-20671 25425
-20671 25425
-20671 25425
-20646 25445
-20646 25445
-20646 25445
-20646 25445
-20646 25445
-20646 25445
-20646 25445
-20646 25445
-20646 25445
-20646 25445
-20622 25465
-20622 25465
-20622 25465
-20622 25465
-20622 25465
-20622 25465
-20622 25465
-20622 25465
-20622 25465
-20622 25465
-20596 25486
-20596 25486
-20596 25486
-20596 25486
-20596 25486
-20596 25486
-20596 25486
-20596 25486
-20596 25486
-20596 25486
-20572 25506
-20572 25506
-20572 25506
-20572 25506
-20572 25506
-20572 25506
-20572 25506
-20572 25506
-20572 25506
-20572 25506
-20546 25526
-20546 25526
-20546 25526
-20546 25526
-20546 25526
-20546 25526
-20546 25526
-20546 25526
-20546 25526
-20546 25526
-20522 25545
-20522 25545
-20522 25545
-20522 25545
-20522 25545
-20522 25545
-20522 25545
-20522 25545
-20522 25545
-20522 25545
-20497 25566
-20497 25566
-20497 25566
-20497 25566
-20497 25566
-20497 25566
-20497 25566
-20497 25566
-20497 25566
-20497 25566
-20497 25566
-20473 25586
-20473 25586
-20473 25586
-20460 25557
-20460 25557
-20460 25557
-20460 25557
-20435 25578
-20435 25578
-20435 25578
-20435 25578
-20435 25578
-20435 25578
-20435 25578
-20435 25578
-20435 25578
-20435 25578
-20410 25597
-20410 25597
-20410 25597
-20410 25597
-20410 25597
-20410 25597
-20410 25597
-20410 25597
-20410 25597
-20410 25597
-20410 25597
-20385 25617
-20385 25617
-20385 25617
-20385 25617
-20385 25617
-20385 25617
-20385 25617
-20385 25617
-20385 25617
-20385 25617
-20360 25637
-20360 25637
-20360 25637
-20360 25637
-20360 25637
-20360 25637
-20360 25637
-20360 25637
-20360 25637
-20360 25637
-20336 25656
-20336 25656
-20336 25656
-20336 25656
-20336 25656
-20336 25656
-20336 25656
-20336 25656
-20336 25656
-20336 25656
-20310 25677
-20310 25677
-20310 25677
-20310 25677
-20310 25677
-20310 25677
-20310 25677
-20310 25677
-20310 25677
-20310 25677
-20285 25696
-20285 25696
-20285 25696
-20285 25696
-20285 25696
-20285 25696
-20285 25696
-20285 25696
-20285 25696
-20285 25696
-20260 25716
-20260 25716
-20260 25716
-20260 25716
-20260 25716
-20260 25716
-20260 25716
-20260 25716
-20260 25716
-20260 25716
-20235 25735
-20235 25735
-20235 25735
-20235 25735
-20235 25735
-20235 25735
-20235 25735
-20235 25735
-20235 25735
-20235 25735
-20210 25755
-20210 25755
-20210 25755
-20210 25755
-20210 25755
-20210 25755
-20210 25755
-20210 25755
-20210 25755
-20210 25755
-20210 25755
-20185 25774
-20185 25774
-20185 25774
-20185 25774
-20185 25774
-20185 25774
-20185 25774
-20185 25774
-20185 25774
-20185 25774
-20160 25794
-20160 25794
-20160 25794
-20160 25794
-20160 25794
-20160 25794
-20160 25794
-20160 25794
-20160 25794
-20160 25794
-20134 25814
-20134 25814
-20148 25803
-20148 25803
-20148 25803
-20123 25822
-20123 25822
-20123 25822
-20123 25822
-20123 25822
-20123 25822
-20123 25822
-20123 25822
-20123 25822
-20123 25822
-20098 25842
-20098 25842
-20098 25842
-20098 25842
-20098 25842
-20098 25842
-20098 25842
-20098 25842
-20098 25842
-20098 25842
-20073 25862
-20073 25862
-20073 25862
-20073 25862
-20073 25862
-20073 25862
-20073 25862
-20073 25862
-20073 25862
-20073 25862
-20048 25881
-20048 25881
-20048 25881
-20048 25881
-20048 25881
-20048 25881
-20048 25881
-20048 25881
-20048 25881
-20048 25881
-20048 25881
-20022 25901
-20022 25901
-20022 25901
-20022 25901
-20022 25901
-20022 25901
-20022 25901
-20022 25901
-20022 25901
-20022 25901
-19997 25921
-19997 25921
-19997 25921
-19997 25921
-19997 25921
-19997 25921
-19997 25921
-19997 25921
-19997 25921
-19997 25921
-19973 25940
-19973 25940
-19973 25940
-19973 25940
-19973 25940
-19973 25940
-19973 25940
-19973 25940
-19973 25940
-19973 25940
-19947 25960
-19947 25960
-19947 25960
-19947 25960
-19947 25960
-19947 25960
-19947 25960
-19947 25960
-19947 25960
-19947 25960
-19922 25980
-19922 25980
-19922 25980
-19922 25980
-19922 25980
-19922 25980
-19922 25980
-19922 25980
-19922 25980
-19922 25980
-19896 25999
-19896 25999
-19896 25999
-19896 25999
-19896 25999
-19896 25999
-19896 25999
-19896 25999
-19896 25999
-19896 25999
-19871 26018
-19871 26018
-19871 26018
-19871 26018
-19871 26018
-19871 26018
-19871 26018
-19871 26018
-19871 26018
-19871 26018
-19845 26038
-19845 26038
-19845 26038
-19845 26038
-19845 26038
-19845 26038
-19845 26038
-19845 26038
-19845 26038
-19845 26038
-19845 26038
-19821 26057
-19821 26057
-19821 26057
-19821 26044
-19821 26044
-19821 26044
-19821 26044
-19796 26064
-19796 26064
-19796 26064
-19796 26064
-19796 26064
-19796 26064
-19796 26064
-19796 26064
-19796 26064
-19796 26064
-19770 26083
-19770 26083
-19770 26083
-19770 26083
-19770 26083
-19770 26083
-19770 26083
-19770 26083
-19770 26083
-19770 26083
-19770 26083
-19745 26102
-19745 26102
-19745 26102
-19745 26102
-19745 26102
-19745 26102
-19745 26102
-19745 26102
-19745 26102
-19745 26102
-19719 26122
-19719 26122
-19719 26122
-19719 26122
-19719 26122
-19719 26122
-19719 26122
-19719 26122
-19719 26122
-19719 26122
-19695 26140
-19695 26140
-19695 26140
-19695 26140
-19695 26140
-19695 26140
-19695 26140
-19695 26140
-19695 26140
-19695 26140
-19668 26160
-19668 26160
-19668 26160
-19668 26160
-19668 26160
-19668 26160
-19668 26160
-19668 26160
-19668 26160
-19668 26160
-19642 26179
-19642 26179
-19642 26179
-19642 26179
-19642 26179
-19642 26179
-19642 26179
-19642 26179
-19642 26179
-19642 26179
-19617 26198
-19617 26198
-19617 26198
-19617 26198
-19617 26198
-19617 26198
-19617 26198
-19617 26198
-19617 26198
-19617 26198
-19592 26216
-19592 26216
-19592 26216
-19592 26216
-19592 26216
-19592 26216
-19592 26216
-19592 26216
-19592 26216
-19592 26216
-19566 26235
-19566 26235
-19566 26235
-19566 26235
-19566 26235
-19566 26235
-19566 26235
-19566 26235
-19566 26235
-19566 26235
-19566 26235
-19541 26254
-19541 26254
-19541 26254
-19541 26254
-19541 26254
-19541 26254
-19541 26254
-19541 26254
-19541 26254
-19541 26254
-19515 26274
-19515 26274
-19515 26274
-19515 26274
-19515 26274
-19515 26274
-19515 26274
-19515 26274
-19515 26274
-19515 26274
-19489 26293
-19489 26293
-19503 26282
-19503 26282
-19503 26282
-19478 26301
-19478 26301
-19478 26301
-19478 26301
-19478 26301
-19478 26301
-19478 26301
-19478 26301
-19478 26301
-19478 26301
-19452 26320
-19452 26320
-19452 26320
-19452 26320
-19452 26320
-19452 26320
-19452 26320
-19452 26320
-19452 26320
-19452 26320
-19427 26339
-19427 26339
-19427 26339
-19427 26339
-19427 26339
-19427 26339
-19427 26339
-19427 26339
-19427 26339
-19427 26339
-19401 26358
-19401 26358
-19401 26358
-19401 26358
-19401 26358
-19401 26358
-19401 26358
-19401 26358
-19401 26358
-19401 26358
-19401 26358
-19375 26377
-19375 26377
-19375 26377
-19375 26377
-19375 26377
-19375 26377
-19375 26377
-19375 26377
-19375 26377
-19375 26377
-19350 26396
-19350 26396
-19350 26396
-19350 26396
-19350 26396
-19350 26396
-19350 26396
-19350 26396
-19350 26396
-19350 26396
-19325 26415
-19325 26415
-19325 26415
-19325 26415
-19325 26415
-19325 26415
-19325 26415
-19325 26415
-19325 26415
-19325 26415
-19298 26434
-19298 26434
-19298 26434
-19298 26434
-19298 26434
-19298 26434
-19298 26434
-19298 26434
-19298 26434
-19298 26434
-19273 26453
-19273 26453
-19273 26453
-19273 26453
-19273 26453
-19273 26453
-19273 26453
-19273 26453
-19273 26453
-19273 26453
-19246 26471
-19246 26471
-19246 26471
-19246 26471
-19246 26471
-19246 26471
-19246 26471
-19246 26471
-19246 26471
-19246 26471
-19221 26490
-19221 26490
-19221 26490
-19221 26490
-19221 26490
-19221 26490
-19221 26490
-19221 26490
-19221 26490
-19221 26490
-19195 26510
-19195 26510
-19195 26510
-19195 26510
-19195 26510
-19195 26510
-19195 26510
-19195 26510
-19195 26510
-19195 26510
-19195 26510
-19170 26528
-19170 26528
-19170 26528
-19181 26531
-19181 26531
-19181 26531
-19181 26531
-19155 26550
-19155 26550
-19155 26550
-19155 26550
-19155 26550
-19155 26550
-19155 26550
-19155 26550
-19155 26550
-19155 26550
-19129 26569
-19129 26569
-19129 26569
-19129 26569
-19129 26569
-19129 26569
-19129 26569
-19129 26569
-19129 26569
-19129 26569
-19129 26569
-19103 26587
-19103 26587
-19103 26587
-19103 26587
-19103 26587
-19103 26587
-19103 26587
-19103 26587
-19103 26587
-19103 26587
-19078 26606
-19078 26606
-19078 26606
-19078 26606
-19078 26606
-19078 26606
-19078 26606
-19078 26606
-19078 26606
-19078 26606
-19052 26624
-19052 26624
-19052 26624
-19052 26624
-19052 26624
-19052 26624
-19052 26624
-19052 26624
-19052 26624
-19052 26624
-19025 26643
-19025 26643
-19025 26643
-19025 26643
-19025 26643
-19025 26643
-19025 26643
-19025 26643
-19025 26643
-19025 26643
-18999 26661
-18999 26661
-18999 26661
-18999 26661
-18999 26661
-18999 26661
-18999 26661
-18999 26661
-18999 26661
-18999 26661
-18973 26680
-18973 26680
-18973 26680
-18973 26680
-18973 26680
-18973 26680
-18973 26680
-18973 26680
-18973 26680
-18973 26680
-18948 26698
-18948 26698
-18948 26698
-18948 26698
-18948 26698
-18948 26698
-18948 26698
-18948 26698
-18948 26698
-18948 26698
-18921 26716
-18921 26716
-18921 26716
-18921 26716
-18921 26716
-18921 26716
-18921 26716
-18921 26716
-18921 26716
-18921 26716
-18921 26716
-18895 26735
-18895 26735
-18895 26735
-18895 26735
-18895 26735
-18895 26735
-18895 26735
-18895 26735
-18895 26735
-18895 26735
-18869 26753
-18869 26753
-18869 26753
-18869 26753
-18869 26753
-18869 26753
-18869 26753
-18869 26753
-18869 26753
-18869 26753
-18843 26771
-18843 26771
-18857 26762
-18857 26762
-18857 26762
-18832 26779
-18832 26779
-18832 26779
-18832 26779
-18832 26779
-18832 26779
-18832 26779
-18832 26779
-18832 26779
-18832 26779
-18805 26798
-18805 26798
-18805 26798
-18805 26798
-18805 26798
-18805 26798
-18805 26798
-18805 26798
-18805 26798
-18805 26798
-18779 26816
-18779 26816
-18779 26816
-18779 26816
-18779 26816
-18779 26816
-18779 26816
-18779 26816
-18779 26816
-18779 26816
-18753 26835
-18753 26835
-18753 26835
-18753 26835
-18753 26835
-18753 26835
-18753 26835
-18753 26835
-18753 26835
-18753 26835
-18753 26835
-18727 26853
-18727 26853
-18727 26853
-18727 26853
-18727 26853
-18727 26853
-18727 26853
-18727 26853
-18727 26853
-18727 26853
-18701 26871
-18701 26871
-18701 26871
-18701 26871
-18701 26871
-18701 26871
-18701 26871
-18701 26871
-18701 26871
-18701 26871
-18676 26889
-18676 26889
-18676 26889
-18676 26889
-18676 26889
-18676 26889
-18676 26889
-18676 26889
-18676 26889
-18676 26889
-18649 26908
-18649 26908
-18649 26908
-18649 26908
-18649 26908
-18649 26908
-18649 26908
-18649 26908
-18649 26908
-18649 26908
-18623 26927
-18623 26927
-18623 26927
-18623 26927
-18623 26927
-18623 26927
-18623 26927
-18623 26927
-18623 26927
-18623 26927
-18596 26944
-18596 26944
-18596 26944
-18596 26944
-18596 26944
-18596 26944
-18596 26944
-18596 26944
-18596 26944
-18596 26944
-18570 26962
-18570 26962
-18570 26962
-18570 26962
-18570 26962
-18570 26962
-18570 26962
-18570 26962
-18570 26962
-18570 26962
-18544 26981
-18544 26981
-18544 26981
-18544 26981
-18544 26981
-18544 26981
-18544 26981
-18544 26981
-18544 26981
-18544 26981
-18544 26981
-18518 26999
-18518 26999
-18518 26999
-18541 27018
-18541 27018
-18541 27018
-18541 27018
-18515 27037
-18515 27037
-18515 27037
-18515 27037
-18515 27037
-18515 27037
-18515 27037
-18515 27037
-18515 27037
-18515 27037
-18488 27054
-18488 27054
-18488 27054
-18488 27054
-18488 27054
-18488 27054
-18488 27054
-18488 27054
-18488 27054
-18488 27054
-18488 27054
-18462 27072
-18462 27072
-18462 27072
-18462 27072
-18462 27072
-18462 27072
-18462 27072
-18462 27072
-18462 27072
-18462 27072
-18436 27091
-18436 27091
-18436 27091
-18436 27091
-18436 27091
-18436 27091
-18436 27091
-18436 27091
-18436 27091
-18436 27091
-18410 27108
-18410 27108
-18410 27108
-18410 27108
-18410 27108
-18410 27108
-18410 27108
-18410 27108
-18410 27108
-18410 27108
-18382 27126
-18382 27126
-18382 27126
-18382 27126
-18382 27126
-18382 27126
-18382 27126
-18382 27126
-18382 27126
-18382 27126
-18356 27144
-18356 27144
-18356 27144
-18356 27144
-18356 27144
-18356 27144
-18356 27144
-18356 27144
-18356 27144
-18356 27144
-18329 27162
-18329 27162
-18329 27162
-18329 27162
-18329 27162
-18329 27162
-18329 27162
-18329 27162
-18329 27162
-18329 27162
-18303 27179
-18303 27179
-18303 27179
-18303 27179
-18303 27179
-18303 27179
-18303 27179
-18303 27179
-18303 27179
-18303 27179
-18277 27197
-18277 27197
-18277 27197
-18277 27197
-18277 27197
-18277 27197
-18277 27197
-18277 27197
-18277 27197
-18277 27197
-18277 27197
-18250 27215
-18250 27215
-18250 27215
-18250 27215
-18250 27215
-18250 27215
-18250 27215
-18250 27215
-18250 27215
-18250 27215
-18224 27232
-18224 27232
-18224 27232
-18224 27232
-18224 27232
-18224 27232
-18224 27232
-18224 27232
-18224 27232
-18224 27232
-18197 27250
-18197 27250
-18211 27241
-18211 27241
-18211 27241
-18185 27258
-18185 27258
-18185 27258
-18185 27258
-18185 27258
-18185 27258
-18185 27258
-18185 27258
-18185 27258
-18185 27258
-18159 27276
-18159 27276
-18159 27276
-18159 27276
-18159 27276
-18159 27276
-18159 27276
-18159 27276
-18159 27276
-18159 27276
-18132 27294
-18132 27294
-18132 27294
-18132 27294
-18132 27294
-18132 27294
-18132 27294
-18132 27294
-18132 27294
-18132 27294
-18105 27311
-18105 27311
-18105 27311
-18105 27311
-18105 27311
-18105 27311
-18105 27311
-18105 27311
-18105 27311
-18105 27311
-18105 27311
-18079 27329
-18079 27329
-18079 27329
-18079 27329
-18079 27329
-18079 27329
-18079 27329
-18079 27329
-18079 27329
-18079 27329
-18052 27347
-18052 27347
-18052 27347
-18052 27347
-18052 27347
-18052 27347
-18052 27347
-18052 27347
-18052 27347
-18052 27347
-18027 27364
-18027 27364
-18027 27364
-18027 27364
-18027 27364
-18027 27364
-18027 27364
-18027 27364
-18027 27364
-18027 27364
-17999 27382
-17999 27382
-17999 27382
-17999 27382
-17999 27382
-17999 27382
-17999 27382
-17999 27382
-17999 27382
-17999 27382
-17972 27400
-17972 27400
-17972 27400
-17972 27400
-17972 27400
-17972 27400
-17972 27400
-17972 27400
-17972 27400
-17972 27400
-17945 27417
-17945 27417
-17945 27417
-17945 27417
-17945 27417
-17945 27417
-17945 27417
-17945 27417
-17945 27417
-17945 27417
-17920 27434
-17920 27434
-17920 27434
-17920 27434
-17920 27434
-17920 27434
-17920 27434
-17920 27434
-17920 27434
-17920 27434
-17892 27453
-17892 27453
-17892 27453
-17892 27453
-17892 27453
-17892 27453
-17892 27453
-17892 27453
-17892 27453
-17892 27453
-17892 27453
-17866 27470
-17866 27470
-17866 27470
-17857 27439
-17857 27439
-17857 27439
-17857 27439
-17831 27457
-17831 27457
-17831 27457
-17831 27457
-17831 27457
-17831 27457
-17831 27457
-17831 27457
-17831 27457
-17831 27457
-17804 27474
-17804 27474
-17804 27474
-17804 27474
-17804 27474
-17804 27474
-17804 27474
-17804 27474
-17804 27474
-17804 27474
-17804 27474
-17777 27492
-17777 27492
-17777 27492
-17777 27492
-17777 27492
-17777 27492
-17777 27492
-17777 27492
-17777 27492
-17777 27492
-17750 27510
-17750 27510
-17750 27510
-17750 27510
-17750 27510
-17750 27510
-17750 27510
-17750 27510
-17750 27510
-17750 27510
-17724 27526
-17724 27526
-17724 27526
-17724 27526
-17724 27526
-17724 27526
-17724 27526
-17724 27526
-17724 27526
-17724 27526
-17696 27544
-17696 27544
-17696 27544
-17696 27544
-17696 27544
-17696 27544
-17696 27544
-17696 27544
-17696 27544
-17696 27544
-17669 27561
-17669 27561
-17669 27561
-17669 27561
-17669 27561
-17669 27561
-17669 27561
-17669 27561
-17669 27561
-17669 27561
-17642 27578
-17642 27578
-17642 27578
-17642 27578
-17642 27578
-17642 27578
-17642 27578
-17642 27578
-17642 27578
-17642 27578
-17616 27595
-17616 27595
-17616 27595
-17616 27595
-17616 27595
-17616 27595
-17616 27595
-17616 27595
-17616 27595
-17616 27595
-17589 27612
-17589 27612
-17589 27612
-17589 27612
-17589 27612
-17589 27612
-17589 27612
-17589 27612
-17589 27612
-17589 27612
-17589 27612
-17562 27629
-17562 27629
-17562 27629
-17562 27629
-17562 27629
-17562 27629
-17562 27629
-17562 27629
-17562 27629
-17562 27629
-17535 27646
-17535 27646
-17535 27646
-17535 27646
-17535 27646
-17535 27646
-17535 27646
-17535 27646
-17535 27646
-17535 27646
-17508 27663
-17508 27663
-17522 27654
-17522 27654
-17522 27654
-17496 27670
-17496 27670
-17496 27670
-17496 27670
-17496 27670
-17496 27670
-17496 27670
-17496 27670
-17496 27670
-17496 27670
-17469 27688
-17469 27688
-17469 27688
-17469 27688
-17469 27688
-17469 27688
-17469 27688
-17469 27688
-17469 27688
-17469 27688
-17442 27705
-17442 27705
-17442 27705
-17442 27705
-17442 27705
-17442 27705
-17442 27705
-17442 27705
-17442 27705
-17442 27705
-17415 27722
-17415 27722
-17415 27722
-17415 27722
-17415 27722
-17415 27722
-17415 27722
-17415 27722
-17415 27722
-17415 27722
-17415 27722
-17388 27739
-17388 27739
-17388 27739
-17388 27739
-17388 27739
-17388 27739
-17388 27739
-17388 27739
-17388 27739
-17388 27739
-17361 27756
-17361 27756
-17361 27756
-17361 27756
-17361 27756
-17361 27756
-17361 27756
-17361 27756
-17361 27756
-17361 27756
-17335 27773
-17335 27773
-17335 27773
-17335 27773
-17335 27773
-17335 27773
-17335 27773
-17335 27773
-17335 27773
-17335 27773
-17307 27790
-17307 27790
-17307 27790
-17307 27790
-17307 27790
-17307 27790
-17307 27790
-17307 27790
-17307 27790
-17307 27790
-17280 27807
-17280 27807
-17280 27807
-17280 27807
-17280 27807
-17280 27807
-17280 27807
-17280 27807
-17280 27807
-17280 27807
-17252 27824
-17252 27824
-17252 27824
-17252 27824
-17252 27824
-17252 27824
-17252 27824
-17252 27824
-17252 27824
-17252 27824
-17226 27840
-17226 27840
-17226 27840
-17226 27840
-17226 27840
-17226 27840
-17226 27840
-17226 27840
-17226 27840
-17226 27840
-17198 27858
-17198 27858
-17198 27858
-17198 27858
-17198 27858
-17198 27858
-17198 27858
-17198 27858
-17198 27858
-17198 27858
-17198 27858
-17172 27874
-17172 27874
-17172 27874
-17172 27862
-17172 27862
-17172 27862
-17172 27862
-17145 27879
-17145 27879
-17145 27879
-17145 27879
-17145 27879
-17145 27879
-17145 27879
-17145 27879
-17145 27879
-17145 27879
-17118 27896
-17118 27896
-17118 27896
-17118 27896
-17118 27896
-17118 27896
-17118 27896
-17118 27896
-17118 27896
-17118 27896
-17118 27896
-17091 27912
-17091 27912
-17091 27912
-17091 27912
-17091 27912
-17091 27912
-17091 27912
-17091 27912
-17091 27912
-17091 27912
-17064 27929
-17064 27929
-17064 27929
-17064 27929
-17064 27929
-17064 27929
-17064 27929
-17064 27929
-17064 27929
-17064 27929
-17037 27945
-17037 27945
-17037 27945
-17037 27945
-17037 27945
-17037 27945
-17037 27945
-17037 27945
-17037 27945
-17037 27945
-17009 27962
-17009 27962
-17009 27962
-17009 27962
-17009 27962
-17009 27962
-17009 27962
-17009 27962
-17009 27962
-17009 27962
-16981 27979
-16981 27979
-16981 27979
-16981 27979
-16981 27979
-16981 27979
-16981 27979
-16981 27979
-16981 27979
-16981 27979
-16954 27995
-16954 27995
-16954 27995
-16954 27995
-16954 27995
-16954 27995
-16954 27995
-16954 27995
-16954 27995
-16954 27995
-16927 28011
-16927 28011
-16927 28011
-16927 28011
-16927 28011
-16927 28011
-16927 28011
-16927 28011
-16927 28011
-16927 28011
-16900 28027
-16900 28027
-16900 28027
-16900 28027
-16900 28027
-16900 28027
-16900 28027
-16900 28027
-16900 28027
-16900 28027
-16900 28027
-16873 28044
-16873 28044
-16873 28044
-16873 28044
-16873 28044
-16873 28044
-16873 28044
-16873 28044
-16873 28044
-16873 28044
-16845 28060
-16845 28060
-16845 28060
-16845 28060
-16845 28060
-16845 28060
-16845 28060
-16845 28060
-16845 28060
-16845 28060
-16818 28077
-16818 28077
-16832 28068
-16832 28068
-16832 28068
-16806 28084
-16806 28084
-16806 28084
-16806 28084
-16806 28084
-16806 28084
-16806 28084
-16806 28084
-16806 28084
-16806 28084
-16778 28100
-16778 28100
-16778 28100
-16778 28100
-16778 28100
-16778 28100
-16778 28100
-16778 28100
-16778 28100
-16778 28100
-16751 28117
-16751 28117
-16751 28117
-16751 28117
-16751 28117
-16751 28117
-16751 28117
-16751 28117
-16751 28117
-16751 28117
-16724 28133
-16724 28133
-16724 28133
-16724 28133
-16724 28133
-16724 28133
-16724 28133
-16724 28133
-16724 28133
-16724 28133
-16724 28133
-16696 28150
-16696 28150
-16696 28150
-16696 28150
-16696 28150
-16696 28150
-16696 28150
-16696 28150
-16696 28150
-16696 28150
-16669 28166
-16669 28166
-16669 28166
-16669 28166
-16669 28166
-16669 28166
-16669 28166
-16669 28166
-16669 28166
-16669 28166
-16642 28182
-16642 28182
-16642 28182
-16642 28182
-16642 28182
-16642 28182
-16642 28182
-16642 28182
-16642 28182
-16642 28182
-16614 28199
-16614 28199
-16614 28199
-16614 28199
-16614 28199
-16614 28199
-16614 28199
-16614 28199
-16614 28199
-16614 28199
-16586 28215
-16586 28215
-16586 28215
-16586 28215
-16586 28215
-16586 28215
-16586 28215
-16586 28215
-16586 28215
-16586 28215
-16559 28231
-16559 28231
-16559 28231
-16559 28231
-16559 28231
-16559 28231
-16559 28231
-16559 28231
-16559 28231
-16559 28231
-16532 28247
-16532 28247
-16532 28247
-16532 28247
-16532 28247
-16532 28247
-16532 28247
-16532 28247
-16532 28247
-16532 28247
-16504 28264
-16504 28264
-16504 28264
-16504 28264
-16504 28264
-16504 28264
-16504 28264
-16504 28264
-16504 28264
-16504 28264
-16504 28264
-16477 28280
-16477 28280
-16477 28280
-16488 28283
-16488 28283
-16488 28283
-16488 28283
-16461 28300
-16461 28300
-16461 28300
-16461 28300
-16461 28300
-16461 28300
-16461 28300
-16461 28300
-16461 28300
-16461 28300
-16433 28316
-16433 28316
-16433 28316
-16433 28316
-16433 28316
-16433 28316
-16433 28316
-16433 28316
-16433 28316
-16433 28316
-16433 28316
-16406 28332
-16406 28332
-16406 28332
-16406 28332
-16406 28332
-16406 28332
-16406 28332
-16406 28332
-16406 28332
-16406 28332
-16378 28348
-16378 28348
-16378 28348
-16378 28348
-16378 28348
-16378 28348
-16378 28348
-16378 28348
-16378 28348
-16378 28348
-16351 28363
-16351 28363
-16351 28363
-16351 28363
-16351 28363
-16351 28363
-16351 28363
-16351 28363
-16351 28363
-16351 28363
-16323 28380
-16323 28380
-16323 28380
-16323 28380
-16323 28380
-16323 28380
-16323 28380
-16323 28380
-16323 28380
-16323 28380
-16295 28396
-16295 28396
-16295 28396
-16295 28396
-16295 28396
-16295 28396
-16295 28396
-16295 28396
-16295 28396
-16295 28396
-16267 28411
-16267 28411
-16267 28411
-16267 28411
-16267 28411
-16267 28411
-16267 28411
-16267 28411
-16267 28411
-16267 28411
-16240 28427
-16240 28427
-16240 28427
-16240 28427
-16240 28427
-16240 28427
-16240 28427
-16240 28427
-16240 28427
-16240 28427
-16212 28442
-16212 28442
-16212 28442
-16212 28442
-16212 28442
-16212 28442
-16212 28442
-16212 28442
-16212 28442
-16212 28442
-16212 28442
-16184 28458
-16184 28458
-16184 28458
-16184 28458
-16184 28458
-16184 28458
-16184 28458
-16184 28458
-16184 28458
-16184 28458
-16157 28474
-16157 28474
-16157 28474
-16157 28474
-16157 28474
-16157 28474
-16157 28474
-16157 28474
-16157 28474
-16157 28474
-16129 28490
-16129 28490
-16143 28481
-16143 28481
-16143 28481
-16117 28496
-16117 28496
-16117 28496
-16117 28496
-16117 28496
-16117 28496
-16117 28496
-16117 28496
-16117 28496
-16117 28496
-16089 28512
-16089 28512
-16089 28512
-16089 28512
-16089 28512
-16089 28512
-16089 28512
-16089 28512
-16089 28512
-16089 28512
-16061 28528
-16061 28528
-16061 28528
-16061 28528
-16061 28528
-16061 28528
-16061 28528
-16061 28528
-16061 28528
-16061 28528
-16033 28544
-16033 28544
-16033 28544
-16033 28544
-16033 28544
-16033 28544
-16033 28544
-16033 28544
-16033 28544
-16033 28544
-16033 28544
-16005 28559
-16005 28559
-16005 28559
-16005 28559
-16005 28559
-16005 28559
-16005 28559
-16005 28559
-16005 28559
-16005 28559
-15977 28575
-15977 28575
-15977 28575
-15977 28575
-15977 28575
-15977 28575
-15977 28575
-15977 28575
-15977 28575
-15977 28575
-15950 28591
-15950 28591
-15950 28591
-15950 28591
-15950 28591
-15950 28591
-15950 28591
-15950 28591
-15950 28591
-15950 28591
-15922 28607
-15922 28607
-15922 28607
-15922 28607
-15922 28607
-15922 28607
-15922 28607
-15922 28607
-15922 28607
-15922 28607
-15894 28623
-15894 28623
-15894 28623
-15894 28623
-15894 28623
-15894 28623
-15894 28623
-15894 28623
-15894 28623
-15894 28623
-15866 28637
-15866 28637
-15866 28637
-15866 28637
-15866 28637
-15866 28637
-15866 28637
-15866 28637
-15866 28637
-15866 28637
-15839 28653
-15839 28653
-15839 28653
-15839 28653
-15839 28653
-15839 28653
-15839 28653
-15839 28653
-15839 28653
-15839 28653
-15810 28669
-15810 28669
-15810 28669
-15810 28669
-15810 28669
-15810 28669
-15810 28669
-15810 28669
-15810 28669
-15810 28669
-15810 28669
-15783 28684
-15783 28684
-15783 28684
-15804 28705
-15804 28705
-15804 28705
-15804 28705
-15776 28721
-15776 28721
-15776 28721
-15776 28721
-15776 28721
-15776 28721
-15776 28721
-15776 28721
-15776 28721
-15776 28721
-15748 28736
-15748 28736
-15748 28736
-15748 28736
-15748 28736
-15748 28736
-15748 28736
-15748 28736
-15748 28736
-15748 28736
-15748 28736
-15719 28751
-15719 28751
-15719 28751
-15719 28751
-15719 28751
-15719 28751
-15719 28751
-15719 28751
-15719 28751
-15719 28751
-15692 28767
-15692 28767
-15692 28767
-15692 28767
-15692 28767
-15692 28767
-15692 28767
-15692 28767
-15692 28767
-15692 28767
-15664 28782
-15664 28782
-15664 28782
-15664 28782
-15664 28782
-15664 28782
-15664 28782
-15664 28782
-15664 28782
-15664 28782
-15635 28797
-15635 28797
-15635 28797
-15635 28797
-15635 28797
-15635 28797
-15635 28797
-15635 28797
-15635 28797
-15635 28797
-15607 28812
-15607 28812
-15607 28812
-15607 28812
-15607 28812
-15607 28812
-15607 28812
-15607 28812
-15607 28812
-15607 28812
-15579 28827
-15579 28827
-15579 28827
-15579 28827
-15579 28827
-15579 28827
-15579 28827
-15579 28827
-15579 28827
-15579 28827
-15551 28842
-15551 28842
-15551 28842
-15551 28842
-15551 28842
-15551 28842
-15551 28842
-15551 28842
-15551 28842
-15551 28842
-15523 28857
-15523 28857
-15523 28857
-15523 28857
-15523 28857
-15523 28857
-15523 28857
-15523 28857
-15523 28857
-15523 28857
-15523 28857
-15495 28872
-15495 28872
-15495 28872
-15495 28872
-15495 28872
-15495 28872
-15495 28872
-15495 28872
-15495 28872
-15495 28872
-15467 28887
-15467 28887
-15467 28887
-15467 28887
-15467 28887
-15467 28887
-15467 28887
-15467 28887
-15467 28887
-15467 28887
-15439 28902
-15439 28902
-15454 28894
-15454 28894
-15454 28894
-15426 28909
-15426 28909
-15426 28909
-15426 28909
-15426 28909
-15426 28909
-15426 28909
-15426 28909
-15426 28909
-15426 28909
-15398 28924
-15398 28924
-15398 28924
-15398 28924
-15398 28924
-15398 28924
-15398 28924
-15398 28924
-15398 28924
-15398 28924
-15370 28939
-15370 28939
-15370 28939
-15370 28939
-15370 28939
-15370 28939
-15370 28939
-15370 28939
-15370 28939
-15370 28939
-15342 28954
-15342 28954
-15342 28954
-15342 28954
-15342 28954
-15342 28954
-15342 28954
-15342 28954
-15342 28954
-15342 28954
-15342 28954
-15313 28969
-15313 28969
-15313 28969
-15313 28969
-15313 28969
-15313 28969
-15313 28969
-15313 28969
-15313 28969
-15313 28969
-15285 28984
-15285 28984
-15285 28984
-15285 28984
-15285 28984
-15285 28984
-15285 28984
-15285 28984
-15285 28984
-15285 28984
-15258 28999
-15258 28999
-15258 28999
-15258 28999
-15258 28999
-15258 28999
-15258 28999
-15258 28999
-15258 28999
-15258 28999
-15229 29015
-15229 29015
-15229 29015
-15229 29015
-15229 29015
-15229 29015
-15229 29015
-15229 29015
-15229 29015
-15229 29015
-15200 29030
-15200 29030
-15200 29030
-15200 29030
-15200 29030
-15200 29030
-15200 29030
-15200 29030
-15200 29030
-15200 29030
-15172 29044
-15172 29044
-15172 29044
-15172 29044
-15172 29044
-15172 29044
-15172 29044
-15172 29044
-15172 29044
-15172 29044
-15144 29058
-15144 29058
-15144 29058
-15144 29058
-15144 29058
-15144 29058
-15144 29058
-15144 29058
-15144 29058
-15144 29058
-15115 29074
-15115 29074
-15115 29074
-15115 29074
-15115 29074
-15115 29074
-15115 29074
-15115 29074
-15115 29074
-15115 29074
-15115 29074
-15088 29089
-15088 29089
-15088 29089
-15081 29058
-15081 29058
-15081 29058
-15081 29058
-15053 29073
-15053 29073
-15053 29073
-15053 29073
-15053 29073
-15053 29073
-15053 29073
-15053 29073
-15053 29073
-15053 29073
-15024 29088
-15024 29088
-15024 29088
-15024 29088
-15024 29088
-15024 29088
-15024 29088
-15024 29088
-15024 29088
-15024 29088
-15024 29088
-14996 29102
-14996 29102
-14996 29102
-14996 29102
-14996 29102
-14996 29102
-14996 29102
-14996 29102
-14996 29102
-14996 29102
-14968 29117
-14968 29117
-14968 29117
-14968 29117
-14968 29117
-14968 29117
-14968 29117
-14968 29117
-14968 29117
-14968 29117
-14940 29131
-14940 29131
-14940 29131
-14940 29131
-14940 29131
-14940 29131
-14940 29131
-14940 29131
-14940 29131
-14940 29131
-14911 29146
-14911 29146
-14911 29146
-14911 29146
-14911 29146
-14911 29146
-14911 29146
-14911 29146
-14911 29146
-14911 29146
-14882 29160
-14882 29160
-14882 29160
-14882 29160
-14882 29160
-14882 29160
-14882 29160
-14882 29160
-14882 29160
-14882 29160
-14853 29175
-14853 29175
-14853 29175
-14853 29175
-14853 29175
-14853 29175
-14853 29175
-14853 29175
-14853 29175
-14853 29175
-14826 29189
-14826 29189
-14826 29189
-14826 29189
-14826 29189
-14826 29189
-14826 29189
-14826 29189
-14826 29189
-14826 29189
-14797 29203
-14797 29203
-14797 29203
-14797 29203
-14797 29203
-14797 29203
-14797 29203
-14797 29203
-14797 29203
-14797 29203
-14797 29203
-14769 29217
-14769 29217
-14769 29217
-14769 29217
-14769 29217
-14769 29217
-14769 29217
-14769 29217
-14769 29217
-14769 29217
-14740 29232
-14740 29232
-14740 29232
-14740 29232
-14740 29232
-14740 29232
-14740 29232
-14740 29232
-14740 29232
-14740 29232
-14712 29246
-14712 29246
-14727 29239
-14727 29239
-14727 29239
-14699 29252
-14699 29252
-14699 29252
-14699 29252
-14699 29252
-14699 29252
-14699 29252
-14699 29252
-14699 29252
-14699 29252
-14670 29267
-14670 29267
-14670 29267
-14670 29267
-14670 29267
-14670 29267
-14670 29267
-14670 29267
-14670 29267
-14670 29267
-14642 29281
-14642 29281
-14642 29281
-14642 29281
-14642 29281
-14642 29281
-14642 29281
-14642 29281
-14642 29281
-14642 29281
-14613 29296
-14613 29296
-14613 29296
-14613 29296
-14613 29296
-14613 29296
-14613 29296
-14613 29296
-14613 29296
-14613 29296
-14613 29296
-14585 29310
-14585 29310
-14585 29310
-14585 29310
-14585 29310
-14585 29310
-14585 29310
-14585 29310
-14585 29310
-14585 29310
-14556 29324
-14556 29324
-14556 29324
-14556 29324
-14556 29324
-14556 29324
-14556 29324
-14556 29324
-14556 29324
-14556 29324
-14529 29338
-14529 29338
-14529 29338
-14529 29338
-14529 29338
-14529 29338
-14529 29338
-14529 29338
-14529 29338
-14529 29338
-14499 29353
-14499 29353
-14499 29353
-14499 29353
-14499 29353
-14499 29353
-14499 29353
-14499 29353
-14499 29353
-14499 29353
-14471 29367
-14471 29367
-14471 29367
-14471 29367
-14471 29367
-14471 29367
-14471 29367
-14471 29367
-14471 29367
-14471 29367
-14442 29381
-14442 29381
-14442 29381
-14442 29381
-14442 29381
-14442 29381
-14442 29381
-14442 29381
-14442 29381
-14442 29381
-14414 29395
-14414 29395
-14414 29395
-14414 29395
-14414 29395
-14414 29395
-14414 29395
-14414 29395
-14414 29395
-14414 29395
-14384 29410
-14384 29410
-14384 29410
-14384 29410
-14384 29410
-14384 29410
-14384 29410
-14384 29410
-14384 29410
-14384 29410
-14384 29410
-14357 29424
-14357 29424
-14357 29424
-14359 29411
-14359 29411
-14359 29411
-14359 29411
-14331 29425
-14331 29425
-14331 29425
-14331 29425
-14331 29425
-14331 29425
-14331 29425
-14331 29425
-14331 29425
-14331 29425
-14302 29439
-14302 29439
-14302 29439
-14302 29439
-14302 29439
-14302 29439
-14302 29439
-14302 29439
-14302 29439
-14302 29439
-14302 29439
-14273 29453
-14273 29453
-14273 29453
-14273 29453
-14273 29453
-14273 29453
-14273 29453
-14273 29453
-14273 29453
-14273 29453
-14245 29467
-14245 29467
-14245 29467
-14245 29467
-14245 29467
-14245 29467
-14245 29467
-14245 29467
-14245 29467
-14245 29467
-14217 29481
-14217 29481
-14217 29481
-14217 29481
-14217 29481
-14217 29481
-14217 29481
-14217 29481
-14217 29481
-14217 29481
-14187 29495
-14187 29495
-14187 29495
-14187 29495
-14187 29495
-14187 29495
-14187 29495
-14187 29495
-14187 29495
-14187 29495
-14158 29508
-14158 29508
-14158 29508
-14158 29508
-14158 29508
-14158 29508
-14158 29508
-14158 29508
-14158 29508
-14158 29508
-14129 29522
-14129 29522
-14129 29522
-14129 29522
-14129 29522
-14129 29522
-14129 29522
-14129 29522
-14129 29522
-14129 29522
-14101 29535
-14101 29535
-14101 29535
-14101 29535
-14101 29535
-14101 29535
-14101 29535
-14101 29535
-14101 29535
-14101 29535
-14072 29549
-14072 29549
-14072 29549
-14072 29549
-14072 29549
-14072 29549
-14072 29549
-14072 29549
-14072 29549
-14072 29549
-14072 29549
-14043 29563
-14043 29563
-14043 29563
-14043 29563
-14043 29563
-14043 29563
-14043 29563
-14043 29563
-14043 29563
-14043 29563
-14014 29576
-14014 29576
-14014 29576
-14014 29576
-14014 29576
-14014 29576
-14014 29576
-14014 29576
-14014 29576
-14014 29576
-13985 29590
-13985 29590
-14001 29583
-14001 29583
-14001 29583
-13973 29596
-13973 29596
-13973 29596
-13973 29596
-13973 29596
-13973 29596
-13973 29596
-13973 29596
-13973 29596
-13973 29596
-13944 29610
-13944 29610
-13944 29610
-13944 29610
-13944 29610
-13944 29610
-13944 29610
-13944 29610
-13944 29610
-13944 29610
-13915 29623
-13915 29623
-13915 29623
-13915 29623
-13915 29623
-13915 29623
-13915 29623
-13915 29623
-13915 29623
-13915 29623
-13886 29637
-13886 29637
-13886 29637
-13886 29637
-13886 29637
-13886 29637
-13886 29637
-13886 29637
-13886 29637
-13886 29637
-13886 29637
-13857 29651
-13857 29651
-13857 29651
-13857 29651
-13857 29651
-13857 29651
-13857 29651
-13857 29651
-13857 29651
-13857 29651
-13828 29664
-13828 29664
-13828 29664
-13828 29664
-13828 29664
-13828 29664
-13828 29664
-13828 29664
-13828 29664
-13828 29664
-13800 29677
-13800 29677
-13800 29677
-13800 29677
-13800 29677
-13800 29677
-13800 29677
-13800 29677
-13800 29677
-13800 29677
-13771 29692
-13771 29692
-13771 29692
-13771 29692
-13771 29692
-13771 29692
-13771 29692
-13771 29692
-13771 29692
-13771 29692
-13742 29705
-13742 29705
-13742 29705
-13742 29705
-13742 29705
-13742 29705
-13742 29705
-13742 29705
-13742 29705
-13742 29705
-13712 29718
-13712 29718
-13712 29718
-13712 29718
-13712 29718
-13712 29718
-13712 29718
-13712 29718
-13712 29718
-13712 29718
-13684 29731
-13684 29731
-13684 29731
-13684 29731
-13684 29731
-13684 29731
-13684 29731
-13684 29731
-13684 29731
-13684 29731
-13655 29745
-13655 29745
-13655 29745
-13655 29745
-13655 29745
-13655 29745
-13655 29745
-13655 29745
-13655 29745
-13655 29745
-13655 29745
-13627 29759
-13627 29759
-13627 29759
-13637 29763
-13637 29763
-13637 29763
-13637 29763
-13608 29777
-13608 29777
-13608 29777
-13608 29777
-13608 29777
-13608 29777
-13608 29777
-13608 29777
-13608 29777
-13608 29777
-13579 29790
-13579 29790
-13579 29790
-13579 29790
-13579 29790
-13579 29790
-13579 29790
-13579 29790
-13579 29790
-13579 29790
-13579 29790
-13549 29803
-13549 29803
-13549 29803
-13549 29803
-13549 29803
-13549 29803
-13549 29803
-13549 29803
-13549 29803
-13549 29803
-13521 29817
-13521 29817
-13521 29817
-13521 29817
-13521 29817
-13521 29817
-13521 29817
-13521 29817
-13521 29817
-13521 29817
-13492 29829
-13492 29829
-13492 29829
-13492 29829
-13492 29829
-13492 29829
-13492 29829
-13492 29829
-13492 29829
-13492 29829
-13462 29842
-13462 29842
-13462 29842
-13462 29842
-13462 29842
-13462 29842
-13462 29842
-13462 29842
-13462 29842
-13462 29842
-13433 29855
-13433 29855
-13433 29855
-13433 29855
-13433 29855
-13433 29855
-13433 29855
-13433 29855
-13433 29855
-13433 29855
-13404 29868
-13404 29868
-13404 29868
-13404 29868
-13404 29868
-13404 29868
-13404 29868
-13404 29868
-13404 29868
-13404 29868
-13375 29881
-13375 29881
-13375 29881
-13375 29881
-13375 29881
-13375 29881
-13375 29881
-13375 29881
-13375 29881
-13375 29881
-13346 29894
-13346 29894
-13346 29894
-13346 29894
-13346 29894
-13346 29894
-13346 29894
-13346 29894
-13346 29894
-13346 29894
-13346 29894
-13317 29907
-13317 29907
-13317 29907
-13317 29907
-13317 29907
-13317 29907
-13317 29907
-13317 29907
-13317 29907
-13317 29907
-13288 29920
-13288 29920
-13288 29920
-13288 29920
-13288 29920
-13288 29920
-13288 29920
-13288 29920
-13288 29920
-13288 29920
-13258 29933
-13258 29933
-13274 29926
-13274 29926
-13274 29926
-13246 29938
-13246 29938
-13246 29938
-13246 29938
-13246 29938
-13246 29938
-13246 29938
-13246 29938
-13246 29938
-13246 29938
-13216 29951
-13216 29951
-13216 29951
-13216 29951
-13216 29951
-13216 29951
-13216 29951
-13216 29951
-13216 29951
-13216 29951
-13187 29964
-13187 29964
-13187 29964
-13187 29964
-13187 29964
-13187 29964
-13187 29964
-13187 29964
-13187 29964
-13187 29964
-13158 29977
-13158 29977
-13158 29977
-13158 29977
-13158 29977
-13158 29977
-13158 29977
-13158 29977
-13158 29977
-13158 29977
-13158 29977
-13129 29990
-13129 29990
-13129 29990
-13129 29990
-13129 29990
-13129 29990
-13129 29990
-13129 29990
-13129 29990
-13129 29990
-13099 30003
-13099 30003
-13099 30003
-13099 30003
-13099 30003
-13099 30003
-13099 30003
-13099 30003
-13099 30003
-13099 30003
-13071 30016
-13071 30016
-13071 30016
-13071 30016
-13071 30016
-13071 30016
-13071 30016
-13071 30016
-13071 30016
-13071 30016
-13041 30029
-13041 30029
-13041 30029
-13041 30029
-13041 30029
-13041 30029
-13041 30029
-13041 30029
-13041 30029
-13041 30029
-13012 30042
-13012 30042
-13012 30042
-13012 30042
-13012 30042
-13012 30042
-13012 30042
-13012 30042
-13012 30042
-13012 30042
-12982 30054
-12982 30054
-12982 30054
-12982 30054
-12982 30054
-12982 30054
-12982 30054
-12982 30054
-12982 30054
-12982 30054
-12954 30067
-12954 30067
-12954 30067
-12954 30067
-12954 30067
-12954 30067
-12954 30067
-12954 30067
-12954 30067
-12954 30067
-12924 30080
-12924 30080
-12924 30080
-12924 30080
-12924 30080
-12924 30080
-12924 30080
-12924 30080
-12924 30080
-12924 30080
-12924 30080
-12895 30093
-12895 30093
-12895 30093
-12914 30116
-12914 30116
-12914 30116
-12914 30116
-12885 30129
-12885 30129
-12885 30129
-12885 30129
-12885 30129
-12885 30129
-12885 30129
-12885 30129
-12885 30129
-12885 30129
-12855 30141
-12855 30141
-12855 30141
-12855 30141
-12855 30141
-12855 30141
-12855 30141
-12855 30141
-12855 30141
-12855 30141
-12855 30141
-12826 30154
-12826 30154
-12826 30154
-12826 30154
-12826 30154
-12826 30154
-12826 30154
-12826 30154
-12826 30154
-12826 30154
-12796 30167
-12796 30167
-12796 30167
-12796 30167
-12796 30167
-12796 30167
-12796 30167
-12796 30167
-12796 30167
-12796 30167
-12768 30179
-12768 30179
-12768 30179
-12768 30179
-12768 30179
-12768 30179
-12768 30179
-12768 30179
-12768 30179
-12768 30179
-12737 30191
-12737 30191
-12737 30191
-12737 30191
-12737 30191
-12737 30191
-12737 30191
-12737 30191
-12737 30191
-12737 30191
-12708 30203
-12708 30203
-12708 30203
-12708 30203
-12708 30203
-12708 30203
-12708 30203
-12708 30203
-12708 30203
-12708 30203
-12678 30216
-12678 30216
-12678 30216
-12678 30216
-12678 30216
-12678 30216
-12678 30216
-12678 30216
-12678 30216
-12678 30216
-12650 30228
-12650 30228
-12650 30228
-12650 30228
-12650 30228
-12650 30228
-12650 30228
-12650 30228
-12650 30228
-12650 30228
-12620 30240
-12620 30240
-12620 30240
-12620 30240
-12620 30240
-12620 30240
-12620 30240
-12620 30240
-12620 30240
-12620 30240
-12620 30240
-12590 30252
-12590 30252
-12590 30252
-12590 30252
-12590 30252
-12590 30252
-12590 30252
-12590 30252
-12590 30252
-12590 30252
-12561 30264
-12561 30264
-12561 30264
-12561 30264
-12561 30264
-12561 30264
-12561 30264
-12561 30264
-12561 30264
-12561 30264
-12531 30277
-12531 30277
-12547 30270
-12547 30270
-12547 30270
-12518 30282
-12518 30282
-12518 30282
-12518 30282
-12518 30282
-12518 30282
-12518 30282
-12518 30282
-12518 30282
-12518 30282
-12489 30294
-12489 30294
-12489 30294
-12489 30294
-12489 30294
-12489 30294
-12489 30294
-12489 30294
-12489 30294
-12489 30294
-12459 30306
-12459 30306
-12459 30306
-12459 30306
-12459 30306
-12459 30306
-12459 30306
-12459 30306
-12459 30306
-12459 30306
-12430 30319
-12430 30319
-12430 30319
-12430 30319
-12430 30319
-12430 30319
-12430 30319
-12430 30319
-12430 30319
-12430 30319
-12430 30319
-12400 30331
-12400 30331
-12400 30331
-12400 30331
-12400 30331
-12400 30331
-12400 30331
-12400 30331
-12400 30331
-12400 30331
-12371 30343
-12371 30343
-12371 30343
-12371 30343
-12371 30343
-12371 30343
-12371 30343
-12371 30343
-12371 30343
-12371 30343
-12342 30355
-12342 30355
-12342 30355
-12342 30355
-12342 30355
-12342 30355
-12342 30355
-12342 30355
-12342 30355
-12342 30355
-12311 30368
-12311 30368
-12311 30368
-12311 30368
-12311 30368
-12311 30368
-12311 30368
-12311 30368
-12311 30368
-12311 30368
-12282 30380
-12282 30380
-12282 30380
-12282 30380
-12282 30380
-12282 30380
-12282 30380
-12282 30380
-12282 30380
-12282 30380
-12252 30391
-12252 30391
-12252 30391
-12252 30391
-12252 30391
-12252 30391
-12252 30391
-12252 30391
-12252 30391
-12252 30391
-12223 30403
-12223 30403
-12223 30403
-12223 30403
-12223 30403
-12223 30403
-12223 30403
-12223 30403
-12223 30403
-12223 30403
-12193 30416
-12193 30416
-12193 30416
-12193 30416
-12193 30416
-12193 30416
-12193 30416
-12193 30416
-12193 30416
-12193 30416
-12193 30416
-12164 30428
-12164 30428
-12164 30428
-12160 30396
-12160 30396
-12160 30396
-12160 30396
-12131 30409
-12131 30409
-12131 30409
-12131 30409
-12131 30409
-12131 30409
-12131 30409
-12131 30409
-12131 30409
-12131 30409
-12101 30420
-12101 30420
-12101 30420
-12101 30420
-12101 30420
-12101 30420
-12101 30420
-12101 30420
-12101 30420
-12101 30420
-12101 30420
-12071 30432
-12071 30432
-12071 30432
-12071 30432
-12071 30432
-12071 30432
-12071 30432
-12071 30432
-12071 30432
-12071 30432
-12042 30444
-12042 30444
-12042 30444
-12042 30444
-12042 30444
-12042 30444
-12042 30444
-12042 30444
-12042 30444
-12042 30444
-12013 30455
-12013 30455
-12013 30455
-12013 30455
-12013 30455
-12013 30455
-12013 30455
-12013 30455
-12013 30455
-12013 30455
-11982 30467
-11982 30467
-11982 30467
-11982 30467
-11982 30467
-11982 30467
-11982 30467
-11982 30467
-11982 30467
-11982 30467
-11952 30479
-11952 30479
-11952 30479
-11952 30479
-11952 30479
-11952 30479
-11952 30479
-11952 30479
-11952 30479
-11952 30479
-11922 30490
-11922 30490
-11922 30490
-11922 30490
-11922 30490
-11922 30490
-11922 30490
-11922 30490
-11922 30490
-11922 30490
-11894 30501
-11894 30501
-11894 30501
-11894 30501
-11894 30501
-11894 30501
-11894 30501
-11894 30501
-11894 30501
-11894 30501
-11864 30513
-11864 30513
-11864 30513
-11864 30513
-11864 30513
-11864 30513
-11864 30513
-11864 30513
-11864 30513
-11864 30513
-11864 30513
-11834 30524
-11834 30524
-11834 30524
-11834 30524
-11834 30524
-11834 30524
-11834 30524
-11834 30524
-11834 30524
-11834 30524
-11804 30536
-11804 30536
-11804 30536
-11804 30536
-11804 30536
-11804 30536
-11804 30536
-11804 30536
-11804 30536
-11804 30536
-11774 30547
-11774 30547
-11790 30541
-11790 30541
-11790 30541
-11761 30552
-11761 30552
-11761 30552
-11761 30552
-11761 30552
-11761 30552
-11761 30552
-11761 30552
-11761 30552
-11761 30552
-11731 30564
-11731 30564
-11731 30564
-11731 30564
-11731 30564
-11731 30564
-11731 30564
-11731 30564
-11731 30564
-11731 30564
-11702 30575
-11702 30575
-11702 30575
-11702 30575
-11702 30575
-11702 30575
-11702 30575
-11702 30575
-11702 30575
-11702 30575
-11672 30587
-11672 30587
-11672 30587
-11672 30587
-11672 30587
-11672 30587
-11672 30587
-11672 30587
-11672 30587
-11672 30587
-11672 30587
-11642 30598
-11642 30598
-11642 30598
-11642 30598
-11642 30598
-11642 30598
-11642 30598
-11642 30598
-11642 30598
-11642 30598
-11612 30610
-11612 30610
-11612 30610
-11612 30610
-11612 30610
-11612 30610
-11612 30610
-11612 30610
-11612 30610
-11612 30610
-11583 30621
-11583 30621
-11583 30621
-11583 30621
-11583 30621
-11583 30621
-11583 30621
-11583 30621
-11583 30621
-11583 30621
-11552 30633
-11552 30633
-11552 30633
-11552 30633
-11552 30633
-11552 30633
-11552 30633
-11552 30633
-11552 30633
-11552 30633
-11523 30644
-11523 30644
-11523 30644
-11523 30644
-11523 30644
-11523 30644
-11523 30644
-11523 30644
-11523 30644
-11523 30644
-11492 30655
-11492 30655
-11492 30655
-11492 30655
-11492 30655
-11492 30655
-11492 30655
-11492 30655
-11492 30655
-11492 30655
-11463 30666
-11463 30666
-11463 30666
-11463 30666
-11463 30666
-11463 30666
-11463 30666
-11463 30666
-11463 30666
-11463 30666
-11433 30678
-11433 30678
-11433 30678
-11433 30678
-11433 30678
-11433 30678
-11433 30678
-11433 30678
-11433 30678
-11433 30678
-11433 30678
-11404 30689
-11404 30689
-11404 30689
-11407 30677
-11407 30677
-11407 30677
-11407 30677
-11377 30688
-11377 30688
-11377 30688
-11377 30688
-11377 30688
-11377 30688
-11377 30688
-11377 30688
-11377 30688
-11377 30688
-11347 30699
-11347 30699
-11347 30699
-11347 30699
-11347 30699
-11347 30699
-11347 30699
-11347 30699
-11347 30699
-11347 30699
-11347 30699
-11317 30710
-11317 30710
-11317 30710
-11317 30710
-11317 30710
-11317 30710
-11317 30710
-11317 30710
-11317 30710
-11317 30710
-11287 30722
-11287 30722
-11287 30722
-11287 30722
-11287 30722
-11287 30722
-11287 30722
-11287 30722
-11287 30722
-11287 30722
-11258 30732
-11258 30732
-11258 30732
-11258 30732
-11258 30732
-11258 30732
-11258 30732
-11258 30732
-11258 30732
-11258 30732
-11227 30743
-11227 30743
-11227 30743
-11227 30743
-11227 30743
-11227 30743
-11227 30743
-11227 30743
-11227 30743
-11227 30743
-11197 30754
-11197 30754
-11197 30754
-11197 30754
-11197 30754
-11197 30754
-11197 30754
-11197 30754
-11197 30754
-11197 30754
-11167 30765
-11167 30765
-11167 30765
-11167 30765
-11167 30765
-11167 30765
-11167 30765
-11167 30765
-11167 30765
-11167 30765
-11138 30775
-11138 30775
-11138 30775
-11138 30775
-11138 30775
-11138 30775
-11138 30775
-11138 30775
-11138 30775
-11138 30775
-11107 30786
-11107 30786
-11107 30786
-11107 30786
-11107 30786
-11107 30786
-11107 30786
-11107 30786
-11107 30786
-11107 30786
-11107 30786
-11077 30797
-11077 30797
-11077 30797
-11077 30797
-11077 30797
-11077 30797
-11077 30797
-11077 30797
-11077 30797
-11077 30797
-11047 30807
-11047 30807
-11047 30807
-11047 30807
-11047 30807
-11047 30807
-11047 30807
-11047 30807
-11047 30807
-11047 30807
-11017 30818
-11017 30818
-11033 30812
-11033 30812
-11033 30812
-11004 30823
-11004 30823
-11004 30823
-11004 30823
-11004 30823
-11004 30823
-11004 30823
-11004 30823
-11004 30823
-11004 30823
-10974 30834
-10974 30834
-10974 30834
-10974 30834
-10974 30834
-10974 30834
-10974 30834
-10974 30834
-10974 30834
-10974 30834
-10944 30844
-10944 30844
-10944 30844
-10944 30844
-10944 30844
-10944 30844
-10944 30844
-10944 30844
-10944 30844
-10944 30844
-10914 30855
-10914 30855
-10914 30855
-10914 30855
-10914 30855
-10914 30855
-10914 30855
-10914 30855
-10914 30855
-10914 30855
-10914 30855
-10884 30866
-10884 30866
-10884 30866
-10884 30866
-10884 30866
-10884 30866
-10884 30866
-10884 30866
-10884 30866
-10884 30866
-10854 30877
-10854 30877
-10854 30877
-10854 30877
-10854 30877
-10854 30877
-10854 30877
-10854 30877
-10854 30877
-10854 30877
-10824 30887
-10824 30887
-10824 30887
-10824 30887
-10824 30887
-10824 30887
-10824 30887
-10824 30887
-10824 30887
-10824 30887
-10793 30898
-10793 30898
-10793 30898
-10793 30898
-10793 30898
-10793 30898
-10793 30898
-10793 30898
-10793 30898
-10793 30898
-10763 30909
-10763 30909
-10763 30909
-10763 30909
-10763 30909
-10763 30909
-10763 30909
-10763 30909
-10763 30909
-10763 30909
-10733 30919
-10733 30919
-10733 30919
-10733 30919
-10733 30919
-10733 30919
-10733 30919
-10733 30919
-10733 30919
-10733 30919
-10704 30929
-10704 30929
-10704 30929
-10704 30929
-10704 30929
-10704 30929
-10704 30929
-10704 30929
-10704 30929
-10704 30929
-10673 30940
-10673 30940
-10673 30940
-10673 30940
-10673 30940
-10673 30940
-10673 30940
-10673 30940
-10673 30940
-10673 30940
-10673 30940
-10644 30951
-10644 30951
-10644 30951
-10653 30956
-10653 30956
-10653 30956
-10653 30956
-10623 30967
-10623 30967
-10623 30967
-10623 30967
-10623 30967
-10623 30967
-10623 30967
-10623 30967
-10623 30967
-10623 30967
-10593 30977
-10593 30977
-10593 30977
-10593 30977
-10593 30977
-10593 30977
-10593 30977
-10593 30977
-10593 30977
-10593 30977
-10593 30977
-10562 30987
-10562 30987
-10562 30987
-10562 30987
-10562 30987
-10562 30987
-10562 30987
-10562 30987
-10562 30987
-10562 30987
-10532 30998
-10532 30998
-10532 30998
-10532 30998
-10532 30998
-10532 30998
-10532 30998
-10532 30998
-10532 30998
-10532 30998
-10503 31008
-10503 31008
-10503 31008
-10503 31008
-10503 31008
-10503 31008
-10503 31008
-10503 31008
-10503 31008
-10503 31008
-10472 31018
-10472 31018
-10472 31018
-10472 31018
-10472 31018
-10472 31018
-10472 31018
-10472 31018
-10472 31018
-10472 31018
-10441 31028
-10441 31028
-10441 31028
-10441 31028
-10441 31028
-10441 31028
-10441 31028
-10441 31028
-10441 31028
-10441 31028
-10411 31038
-10411 31038
-10411 31038
-10411 31038
-10411 31038
-10411 31038
-10411 31038
-10411 31038
-10411 31038
-10411 31038
-10382 31048
-10382 31048
-10382 31048
-10382 31048
-10382 31048
-10382 31048
-10382 31048
-10382 31048
-10382 31048
-10382 31048
-10351 31058
-10351 31058
-10351 31058
-10351 31058
-10351 31058
-10351 31058
-10351 31058
-10351 31058
-10351 31058
-10351 31058
-10351 31058
-10321 31068
-10321 31068
-10321 31068
-10321 31068
-10321 31068
-10321 31068
-10321 31068
-10321 31068
-10321 31068
-10321 31068
-10291 31078
-10291 31078
-10291 31078
-10291 31078
-10291 31078
-10291 31078
-10291 31078
-10291 31078
-10291 31078
-10291 31078
-10260 31088
-10260 31088
-10276 31083
-10276 31083
-10276 31083
-10247 31092
-10247 31092
-10247 31092
-10247 31092
-10247 31092
-10247 31092
-10247 31092
-10247 31092
-10247 31092
-10247 31092
-10217 31102
-10217 31102
-10217 31102
-10217 31102
-10217 31102
-10217 31102
-10217 31102
-10217 31102
-10217 31102
-10217 31102
-10186 31112
-10186 31112
-10186 31112
-10186 31112
-10186 31112
-10186 31112
-10186 31112
-10186 31112
-10186 31112
-10186 31112
-10156 31122
-10156 31122
-10156 31122
-10156 31122
-10156 31122
-10156 31122
-10156 31122
-10156 31122
-10156 31122
-10156 31122
-10156 31122
-10125 31132
-10125 31132
-10125 31132
-10125 31132
-10125 31132
-10125 31132
-10125 31132
-10125 31132
-10125 31132
-10125 31132
-10095 31142
-10095 31142
-10095 31142
-10095 31142
-10095 31142
-10095 31142
-10095 31142
-10095 31142
-10095 31142
-10095 31142
-10066 31152
-10066 31152
-10066 31152
-10066 31152
-10066 31152
-10066 31152
-10066 31152
-10066 31152
-10066 31152
-10066 31152
-10034 31162
-10034 31162
-10034 31162
-10034 31162
-10034 31162
-10034 31162
-10034 31162
-10034 31162
-10034 31162
-10034 31162
-10004 31172
-10004 31172
-10004 31172
-10004 31172
-10004 31172
-10004 31172
-10004 31172
-10004 31172
-10004 31172
-10004 31172
-9973 31182
-9973 31182
-9973 31182
-9973 31182
-9973 31182
-9973 31182
-9973 31182
-9973 31182
-9973 31182
-9973 31182
-9944 31191
-9944 31191
-9944 31191
-9944 31191
-9944 31191
-9944 31191
-9944 31191
-9944 31191
-9944 31191
-9944 31191
-9913 31202
-9913 31202
-9913 31202
-9913 31202
-9913 31202
-9913 31202
-9913 31202
-9913 31202
-9913 31202
-9913 31202
-9913 31202
-9883 31211
-9883 31211
-9883 31211
-9900 31236
-9900 31236
-9900 31236
-9900 31236
-9869 31247
-9869 31247
-9869 31247
-9869 31247
-9869 31247
-9869 31247
-9869 31247
-9869 31247
-9869 31247
-9869 31247
-9839 31256
-9839 31256
-9839 31256
-9839 31256
-9839 31256
-9839 31256
-9839 31256
-9839 31256
-9839 31256
-9839 31256
-9839 31256
-9808 31265
-9808 31265
-9808 31265
-9808 31265
-9808 31265
-9808 31265
-9808 31265
-9808 31265
-9808 31265
-9808 31265
-9778 31275
-9778 31275
-9778 31275
-9778 31275
-9778 31275
-9778 31275
-9778 31275
-9778 31275
-9778 31275
-9778 31275
-9748 31284
-9748 31284
-9748 31284
-9748 31284
-9748 31284
-9748 31284
-9748 31284
-9748 31284
-9748 31284
-9748 31284
-9716 31294
-9716 31294
-9716 31294
-9716 31294
-9716 31294
-9716 31294
-9716 31294
-9716 31294
-9716 31294
-9716 31294
-9686 31303
-9686 31303
-9686 31303
-9686 31303
-9686 31303
-9686 31303
-9686 31303
-9686 31303
-9686 31303
-9686 31303
-9655 31313
-9655 31313
-9655 31313
-9655 31313
-9655 31313
-9655 31313
-9655 31313
-9655 31313
-9655 31313
-9655 31313
-9626 31321
-9626 31321
-9626 31321
-9626 31321
-9626 31321
-9626 31321
-9626 31321
-9626 31321
-9626 31321
-9626 31321
-9595 31331
-9595 31331
-9595 31331
-9595 31331
-9595 31331
-9595 31331
-9595 31331
-9595 31331
-9595 31331
-9595 31331
-9595 31331
-9564 31340
-9564 31340
-9564 31340
-9564 31340
-9564 31340
-9564 31340
-9564 31340
-9564 31340
-9564 31340
-9564 31340
-9534 31349
-9534 31349
-9534 31349
-9534 31349
-9534 31349
-9534 31349
-9534 31349
-9534 31349
-9534 31349
-9534 31349
-9503 31359
-9503 31359
-9519 31354
-9519 31354
-9519 31354
-9490 31363
-9490 31363
-9490 31363
-9490 31363
-9490 31363
-9490 31363
-9490 31363
-9490 31363
-9490 31363
-9490 31363
-9459 31372
-9459 31372
-9459 31372
-9459 31372
-9459 31372
-9459 31372
-9459 31372
-9459 31372
-9459 31372
-9459 31372
-9428 31381
-9428 31381
-9428 31381
-9428 31381
-9428 31381
-9428 31381
-9428 31381
-9428 31381
-9428 31381
-9428 31381
-9398 31391
-9398 31391
-9398 31391
-9398 31391
-9398 31391
-9398 31391
-9398 31391
-9398 31391
-9398 31391
-9398 31391
-9398 31391
-9367 31400
-9367 31400
-9367 31400
-9367 31400
-9367 31400
-9367 31400
-9367 31400
-9367 31400
-9367 31400
-9367 31400
-9337 31409
-9337 31409
-9337 31409
-9337 31409
-9337 31409
-9337 31409
-9337 31409
-9337 31409
-9337 31409
-9337 31409
-9307 31418
-9307 31418
-9307 31418
-9307 31418
-9307 31418
-9307 31418
-9307 31418
-9307 31418
-9307 31418
-9307 31418
-9275 31428
-9275 31428
-9275 31428
-9275 31428
-9275 31428
-9275 31428
-9275 31428
-9275 31428
-9275 31428
-9275 31428
-9245 31437
-9245 31437
-9245 31437
-9245 31437
-9245 31437
-9245 31437
-9245 31437
-9245 31437
-9245 31437
-9245 31437
-9214 31445
-9214 31445
-9214 31445
-9214 31445
-9214 31445
-9214 31445
-9214 31445
-9214 31445
-9214 31445
-9214 31445
-9184 31454
-9184 31454
-9184 31454
-9184 31454
-9184 31454
-9184 31454
-9184 31454
-9184 31454
-9184 31454
-9184 31454
-9153 31464
-9153 31464
-9153 31464
-9153 31464
-9153 31464
-9153 31464
-9153 31464
-9153 31464
-9153 31464
-9153 31464
-9153 31464
-9123 31473
-9123 31473
-9123 31473
-9122 31441
-9122 31441
-9122 31441
-9122 31441
-9092 31450
-9092 31450
-9092 31450
-9092 31450
-9092 31450
-9092 31450
-9092 31450
-9092 31450
-9092 31450
-9092 31450
-9061 31459
-9061 31459
-9061 31459
-9061 31459
-9061 31459
-9061 31459
-9061 31459
-9061 31459
-9061 31459
-9061 31459
-9061 31459
-9030 31467
-9030 31467
-9030 31467
-9030 31467
-9030 31467
-9030 31467
-9030 31467
-9030 31467
-9030 31467
-9030 31467
-8999 31477
-8999 31477
-8999 31477
-8999 31477
-8999 31477
-8999 31477
-8999 31477
-8999 31477
-8999 31477
-8999 31477
-8970 31485
-8970 31485
-8970 31485
-8970 31485
-8970 31485
-8970 31485
-8970 31485
-8970 31485
-8970 31485
-8970 31485
-8938 31494
-8938 31494
-8938 31494
-8938 31494
-8938 31494
-8938 31494
-8938 31494
-8938 31494
-8938 31494
-8938 31494
-8907 31503
-8907 31503
-8907 31503
-8907 31503
-8907 31503
-8907 31503
-8907 31503
-8907 31503
-8907 31503
-8907 31503
-8876 31511
-8876 31511
-8876 31511
-8876 31511
-8876 31511
-8876 31511
-8876 31511
-8876 31511
-8876 31511
-8876 31511
-8846 31519
-8846 31519
-8846 31519
-8846 31519
-8846 31519
-8846 31519
-8846 31519
-8846 31519
-8846 31519
-8846 31519
-8816 31528
-8816 31528
-8816 31528
-8816 31528
-8816 31528
-8816 31528
-8816 31528
-8816 31528
-8816 31528
-8816 31528
-8816 31528
-8785 31536
-8785 31536
-8785 31536
-8785 31536
-8785 31536
-8785 31536
-8785 31536
-8785 31536
-8785 31536
-8785 31536
-8754 31545
-8754 31545
-8754 31545
-8754 31545
-8754 31545
-8754 31545
-8754 31545
-8754 31545
-8754 31545
-8754 31545
-8723 31553
-8723 31553
-8739 31549
-8739 31549
-8739 31549
-8710 31557
-8710 31557
-8710 31557
-8710 31557
-8710 31557
-8710 31557
-8710 31557
-8710 31557
-8710 31557
-8710 31557
-8679 31566
-8679 31566
-8679 31566
-8679 31566
-8679 31566
-8679 31566
-8679 31566
-8679 31566
-8679 31566
-8679 31566
-8648 31574
-8648 31574
-8648 31574
-8648 31574
-8648 31574
-8648 31574
-8648 31574
-8648 31574
-8648 31574
-8648 31574
-8617 31583
-8617 31583
-8617 31583
-8617 31583
-8617 31583
-8617 31583
-8617 31583
-8617 31583
-8617 31583
-8617 31583
-8617 31583
-8586 31591
-8586 31591
-8586 31591
-8586 31591
-8586 31591
-8586 31591
-8586 31591
-8586 31591
-8586 31591
-8586 31591
-8556 31600
-8556 31600
-8556 31600
-8556 31600
-8556 31600
-8556 31600
-8556 31600
-8556 31600
-8556 31600
-8556 31600
-8526 31608
-8526 31608
-8526 31608
-8526 31608
-8526 31608
-8526 31608
-8526 31608
-8526 31608
-8526 31608
-8526 31608
-8494 31617
-8494 31617
-8494 31617
-8494 31617
-8494 31617
-8494 31617
-8494 31617
-8494 31617
-8494 31617
-8494 31617
-8463 31625
-8463 31625
-8463 31625
-8463 31625
-8463 31625
-8463 31625
-8463 31625
-8463 31625
-8463 31625
-8463 31625
-8432 31633
-8432 31633
-8432 31633
-8432 31633
-8432 31633
-8432 31633
-8432 31633
-8432 31633
-8432 31633
-8432 31633
-8402 31641
-8402 31641
-8402 31641
-8402 31641
-8402 31641
-8402 31641
-8402 31641
-8402 31641
-8402 31641
-8402 31641
-8370 31650
-8370 31650
-8370 31650
-8370 31650
-8370 31650
-8370 31650
-8370 31650
-8370 31650
-8370 31650
-8370 31650
-8370 31650
-8341 31658
-8341 31658
-8341 31658
-8346 31647
-8346 31647
-8346 31647
-8346 31647
-8315 31655
-8315 31655
-8315 31655
-8315 31655
-8315 31655
-8315 31655
-8315 31655
-8315 31655
-8315 31655
-8315 31655
-8284 31663
-8284 31663
-8284 31663
-8284 31663
-8284 31663
-8284 31663
-8284 31663
-8284 31663
-8284 31663
-8284 31663
-8284 31663
-8253 31671
-8253 31671
-8253 31671
-8253 31671
-8253 31671
-8253 31671
-8253 31671
-8253 31671
-8253 31671
-8253 31671
-8222 31680
-8222 31680
-8222 31680
-8222 31680
-8222 31680
-8222 31680
-8222 31680
-8222 31680
-8222 31680
-8222 31680
-8192 31687
-8192 31687
-8192 31687
-8192 31687
-8192 31687
-8192 31687
-8192 31687
-8192 31687
-8192 31687
-8192 31687
-8160 31695
-8160 31695
-8160 31695
-8160 31695
-8160 31695
-8160 31695
-8160 31695
-8160 31695
-8160 31695
-8160 31695
-8129 31703
-8129 31703
-8129 31703
-8129 31703
-8129 31703
-8129 31703
-8129 31703
-8129 31703
-8129 31703
-8129 31703
-8098 31711
-8098 31711
-8098 31711
-8098 31711
-8098 31711
-8098 31711
-8098 31711
-8098 31711
-8098 31711
-8098 31711
-8068 31718
-8068 31718
-8068 31718
-8068 31718
-8068 31718
-8068 31718
-8068 31718
-8068 31718
-8068 31718
-8068 31718
-8037 31726
-8037 31726
-8037 31726
-8037 31726
-8037 31726
-8037 31726
-8037 31726
-8037 31726
-8037 31726
-8037 31726
-8037 31726
-8006 31734
-8006 31734
-8006 31734
-8006 31734
-8006 31734
-8006 31734
-8006 31734
-8006 31734
-8006 31734
-8006 31734
-7975 31741
-7975 31741
-7975 31741
-7975 31741
-7975 31741
-7975 31741
-7975 31741
-7975 31741
-7975 31741
-7975 31741
-7944 31749
-7944 31749
-7961 31745
-7961 31745
-7961 31745
-7930 31753
-7930 31753
-7930 31753
-7930 31753
-7930 31753
-7930 31753
-7930 31753
-7930 31753
-7930 31753
-7930 31753
-7899 31760
-7899 31760
-7899 31760
-7899 31760
-7899 31760
-7899 31760
-7899 31760
-7899 31760
-7899 31760
-7899 31760
-7868 31768
-7868 31768
-7868 31768
-7868 31768
-7868 31768
-7868 31768
-7868 31768
-7868 31768
-7868 31768
-7868 31768
-7837 31776
-7837 31776
-7837 31776
-7837 31776
-7837 31776
-7837 31776
-7837 31776
-7837 31776
-7837 31776
-7837 31776
-7837 31776
-7806 31784
-7806 31784
-7806 31784
-7806 31784
-7806 31784
-7806 31784
-7806 31784
-7806 31784
-7806 31784
-7806 31784
-7775 31791
-7775 31791
-7775 31791
-7775 31791
-7775 31791
-7775 31791
-7775 31791
-7775 31791
-7775 31791
-7775 31791
-7745 31799
-7745 31799
-7745 31799
-7745 31799
-7745 31799
-7745 31799
-7745 31799
-7745 31799
-7745 31799
-7745 31799
-7713 31807
-7713 31807
-7713 31807
-7713 31807
-7713 31807
-7713 31807
-7713 31807
-7713 31807
-7713 31807
-7713 31807
-7682 31815
-7682 31815
-7682 31815
-7682 31815
-7682 31815
-7682 31815
-7682 31815
-7682 31815
-7682 31815
-7682 31815
-7651 31822
-7651 31822
-7651 31822
-7651 31822
-7651 31822
-7651 31822
-7651 31822
-7651 31822
-7651 31822
-7651 31822
-7621 31829
-7621 31829
-7621 31829
-7621 31829
-7621 31829
-7621 31829
-7621 31829
-7621 31829
-7621 31829
-7621 31829
-7589 31837
-7589 31837
-7589 31837
-7589 31837
-7589 31837
-7589 31837
-7589 31837
-7589 31837
-7589 31837
-7589 31837
-7589 31837
-7559 31845
-7559 31845
-7559 31845
-7568 31851
-7568 31851
-7568 31851
-7568 31851
-7537 31859
-7537 31859
-7537 31859
-7537 31859
-7537 31859
-7537 31859
-7537 31859
-7537 31859
-7537 31859
-7537 31859
-7506 31866
-7506 31866
-7506 31866
-7506 31866
-7506 31866
-7506 31866
-7506 31866
-7506 31866
-7506 31866
-7506 31866
-7506 31866
-7475 31873
-7475 31873
-7475 31873
-7475 31873
-7475 31873
-7475 31873
-7475 31873
-7475 31873
-7475 31873
-7475 31873
-7444 31881
-7444 31881
-7444 31881
-7444 31881
-7444 31881
-7444 31881
-7444 31881
-7444 31881
-7444 31881
-7444 31881
-7414 31888
-7414 31888
-7414 31888
-7414 31888
-7414 31888
-7414 31888
-7414 31888
-7414 31888
-7414 31888
-7414 31888
-7381 31895
-7381 31895
-7381 31895
-7381 31895
-7381 31895
-7381 31895
-7381 31895
-7381 31895
-7381 31895
-7381 31895
-7350 31902
-7350 31902
-7350 31902
-7350 31902
-7350 31902
-7350 31902
-7350 31902
-7350 31902
-7350 31902
-7350 31902
-7319 31909
-7319 31909
-7319 31909
-7319 31909
-7319 31909
-7319 31909
-7319 31909
-7319 31909
-7319 31909
-7319 31909
-7289 31916
-7289 31916
-7289 31916
-7289 31916
-7289 31916
-7289 31916
-7289 31916
-7289 31916
-7289 31916
-7289 31916
-7258 31923
-7258 31923
-7258 31923
-7258 31923
-7258 31923
-7258 31923
-7258 31923
-7258 31923
-7258 31923
-7258 31923
-7258 31923
-7226 31930
-7226 31930
-7226 31930
-7226 31930
-7226 31930
-7226 31930
-7226 31930
-7226 31930
-7226 31930
-7226 31930
-7195 31937
-7195 31937
-7195 31937
-7195 31937
-7195 31937
-7195 31937
-7195 31937
-7195 31937
-7195 31937
-7195 31937
-7164 31944
-7164 31944
-7181 31940
-7181 31940
-7181 31940
-7150 31947
-7150 31947
-7150 31947
-7150 31947
-7150 31947
-7150 31947
-7150 31947
-7150 31947
-7150 31947
-7150 31947
-7119 31954
-7119 31954
-7119 31954
-7119 31954
-7119 31954
-7119 31954
-7119 31954
-7119 31954
-7119 31954
-7119 31954
-7088 31961
-7088 31961
-7088 31961
-7088 31961
-7088 31961
-7088 31961
-7088 31961
-7088 31961
-7088 31961
-7088 31961
-7057 31968
-7057 31968
-7057 31968
-7057 31968
-7057 31968
-7057 31968
-7057 31968
-7057 31968
-7057 31968
-7057 31968
-7057 31968
-7026 31975
-7026 31975
-7026 31975
-7026 31975
-7026 31975
-7026 31975
-7026 31975
-7026 31975
-7026 31975
-7026 31975
-6994 31982
-6994 31982
-6994 31982
-6994 31982
-6994 31982
-6994 31982
-6994 31982
-6994 31982
-6994 31982
-6994 31982
-6964 31989
-6964 31989
-6964 31989
-6964 31989
-6964 31989
-6964 31989
-6964 31989
-6964 31989
-6964 31989
-6964 31989
-6932 31996
-6932 31996
-6932 31996
-6932 31996
-6932 31996
-6932 31996
-6932 31996
-6932 31996
-6932 31996
-6932 31996
-6901 32003
-6901 32003
-6901 32003
-6901 32003
-6901 32003
-6901 32003
-6901 32003
-6901 32003
-6901 32003
-6901 32003
-6869 32009
-6869 32009
-6869 32009
-6869 32009
-6869 32009
-6869 32009
-6869 32009
-6869 32009
-6869 32009
-6869 32009
-6839 32016
-6839 32016
-6839 32016
-6839 32016
-6839 32016
-6839 32016
-6839 32016
-6839 32016
-6839 32016
-6839 32016
-6807 32023
-6807 32023
-6807 32023
-6807 32023
-6807 32023
-6807 32023
-6807 32023
-6807 32023
-6807 32023
-6807 32023
-6807 32023
-6777 32030
-6777 32030
-6777 32030
-6791 32056
-6791 32056
-6791 32056
-6791 32056
-6759 32063
-6759 32063
-6759 32063
-6759 32063
-6759 32063
-6759 32063
-6759 32063
-6759 32063
-6759 32063
-6759 32063
-6728 32069
-6728 32069
-6728 32069
-6728 32069
-6728 32069
-6728 32069
-6728 32069
-6728 32069
-6728 32069
-6728 32069
-6728 32069
-6697 32076
-6697 32076
-6697 32076
-6697 32076
-6697 32076
-6697 32076
-6697 32076
-6697 32076
-6697 32076
-6697 32076
-6665 32083
-6665 32083
-6665 32083
-6665 32083
-6665 32083
-6665 32083
-6665 32083
-6665 32083
-6665 32083
-6665 32083
-6635 32089
-6635 32089
-6635 32089
-6635 32089
-6635 32089
-6635 32089
-6635 32089
-6635 32089
-6635 32089
-6635 32089
-6603 32095
-6603 32095
-6603 32095
-6603 32095
-6603 32095
-6603 32095
-6603 32095
-6603 32095
-6603 32095
-6603 32095
-6571 32102
-6571 32102
-6571 32102
-6571 32102
-6571 32102
-6571 32102
-6571 32102
-6571 32102
-6571 32102
-6571 32102
-6540 32108
-6540 32108
-6540 32108
-6540 32108
-6540 32108
-6540 32108
-6540 32108
-6540 32108
-6540 32108
-6540 32108
-6510 32114
-6510 32114
-6510 32114
-6510 32114
-6510 32114
-6510 32114
-6510 32114
-6510 32114
-6510 32114
-6510 32114
-6478 32120
-6478 32120
-6478 32120
-6478 32120
-6478 32120
-6478 32120
-6478 32120
-6478 32120
-6478 32120
-6478 32120
-6478 32120
-6447 32126
-6447 32126
-6447 32126
-6447 32126
-6447 32126
-6447 32126
-6447 32126
-6447 32126
-6447 32126
-6447 32126
-6415 32133
-6415 32133
-6415 32133
-6415 32133
-6415 32133
-6415 32133
-6415 32133
-6415 32133
-6415 32133
-6415 32133
-6384 32139
-6384 32139
-6401 32135
-6401 32135
-6401 32135
-6370 32142
-6370 32142
-6370 32142
-6370 32142
-6370 32142
-6370 32142
-6370 32142
-6370 32142
-6370 32142
-6370 32142
-6339 32148
-6339 32148
-6339 32148
-6339 32148
-6339 32148
-6339 32148
-6339 32148
-6339 32148
-6339 32148
-6339 32148
-6307 32154
-6307 32154
-6307 32154
-6307 32154
-6307 32154
-6307 32154
-6307 32154
-6307 32154
-6307 32154
-6307 32154
-6276 32160
-6276 32160
-6276 32160
-6276 32160
-6276 32160
-6276 32160
-6276 32160
-6276 32160
-6276 32160
-6276 32160
-6276 32160
-6245 32166
-6245 32166
-6245 32166
-6245 32166
-6245 32166
-6245 32166
-6245 32166
-6245 32166
-6245 32166
-6245 32166
-6213 32173
-6213 32173
-6213 32173
-6213 32173
-6213 32173
-6213 32173
-6213 32173
-6213 32173
-6213 32173
-6213 32173
-6183 32179
-6183 32179
-6183 32179
-6183 32179
-6183 32179
-6183 32179
-6183 32179
-6183 32179
-6183 32179
-6183 32179
-6151 32185
-6151 32185
-6151 32185
-6151 32185
-6151 32185
-6151 32185
-6151 32185
-6151 32185
-6151 32185
-6151 32185
-6119 32191
-6119 32191
-6119 32191
-6119 32191
-6119 32191
-6119 32191
-6119 32191
-6119 32191
-6119 32191
-6119 32191
-6088 32197
-6088 32197
-6088 32197
-6088 32197
-6088 32197
-6088 32197
-6088 32197
-6088 32197
-6088 32197
-6088 32197
-6057 32203
-6057 32203
-6057 32203
-6057 32203
-6057 32203
-6057 32203
-6057 32203
-6057 32203
-6057 32203
-6057 32203
-6025 32209
-6025 32209
-6025 32209
-6025 32209
-6025 32209
-6025 32209
-6025 32209
-6025 32209
-6025 32209
-6025 32209
-6025 32209
-5994 32215
-5994 32215
-5994 32215
-5997 32184
-5997 32184
-5997 32184
-5997 32184
-5966 32190
-5966 32190
-5966 32190
-5966 32190
-5966 32190
-5966 32190
-5966 32190
-5966 32190
-5966 32190
-5966 32190
-5934 32196
-5934 32196
-5934 32196
-5934 32196
-5934 32196
-5934 32196
-5934 32196
-5934 32196
-5934 32196
-5934 32196
-5934 32196
-5903 32201
-5903 32201
-5903 32201
-5903 32201
-5903 32201
-5903 32201
-5903 32201
-5903 32201
-5903 32201
-5903 32201
-5871 32208
-5871 32208
-5871 32208
-5871 32208
-5871 32208
-5871 32208
-5871 32208
-5871 32208
-5871 32208
-5871 32208
-5841 32213
-5841 32213
-5841 32213
-5841 32213
-5841 32213
-5841 32213
-5841 32213
-5841 32213
-5841 32213
-5841 32213
-5808 32218
-5808 32218
-5808 32218
-5808 32218
-5808 32218
-5808 32218
-5808 32218
-5808 32218
-5808 32218
-5808 32218
-5777 32224
-5777 32224
-5777 32224
-5777 32224
-5777 32224
-5777 32224
-5777 32224
-5777 32224
-5777 32224
-5777 32224
-5745 32229
-5745 32229
-5745 32229
-5745 32229
-5745 32229
-5745 32229
-5745 32229
-5745 32229
-5745 32229
-5745 32229
-5715 32235
-5715 32235
-5715 32235
-5715 32235
-5715 32235
-5715 32235
-5715 32235
-5715 32235
-5715 32235
-5715 32235
-5683 32240
-5683 32240
-5683 32240
-5683 32240
-5683 32240
-5683 32240
-5683 32240
-5683 32240
-5683 32240
-5683 32240
-5683 32240
-5652 32246
-5652 32246
-5652 32246
-5652 32246
-5652 32246
-5652 32246
-5652 32246
-5652 32246
-5652 32246
-5652 32246
-5620 32251
-5620 32251
-5620 32251
-5620 32251
-5620 32251
-5620 32251
-5620 32251
-5620 32251
-5620 32251
-5620 32251
-5589 32257
-5589 32257
-5606 32254
-5606 32254
-5606 32254
-5575 32259
-5575 32259
-5575 32259
-5575 32259
-5575 32259
-5575 32259
-5575 32259
-5575 32259
-5575 32259
-5575 32259
-5544 32264
-5544 32264
-5544 32264
-5544 32264
-5544 32264
-5544 32264
-5544 32264
-5544 32264
-5544 32264
-5544 32264
-5512 32270
-5512 32270
-5512 32270
-5512 32270
-5512 32270
-5512 32270
-5512 32270
-5512 32270
-5512 32270
-5512 32270
-5481 32275
-5481 32275
-5481 32275
-5481 32275
-5481 32275
-5481 32275
-5481 32275
-5481 32275
-5481 32275
-5481 32275
-5481 32275
-5449 32281
-5449 32281
-5449 32281
-5449 32281
-5449 32281
-5449 32281
-5449 32281
-5449 32281
-5449 32281
-5449 32281
-5418 32286
-5418 32286
-5418 32286
-5418 32286
-5418 32286
-5418 32286
-5418 32286
-5418 32286
-5418 32286
-5418 32286
-5387 32292
-5387 32292
-5387 32292
-5387 32292
-5387 32292
-5387 32292
-5387 32292
-5387 32292
-5387 32292
-5387 32292
-5355 32297
-5355 32297
-5355 32297
-5355 32297
-5355 32297
-5355 32297
-5355 32297
-5355 32297
-5355 32297
-5355 32297
-5323 32303
-5323 32303
-5323 32303
-5323 32303
-5323 32303
-5323 32303
-5323 32303
-5323 32303
-5323 32303
-5323 32303
-5292 32307
-5292 32307
-5292 32307
-5292 32307
-5292 32307
-5292 32307
-5292 32307
-5292 32307
-5292 32307
-5292 32307
-5261 32312
-5261 32312
-5261 32312
-5261 32312
-5261 32312
-5261 32312
-5261 32312
-5261 32312
-5261 32312
-5261 32312
-5229 32318
-5229 32318
-5229 32318
-5229 32318
-5229 32318
-5229 32318
-5229 32318
-5229 32318
-5229 32318
-5229 32318
-5229 32318
-5198 32323
-5198 32323
-5198 32323
-5204 32312
-5204 32312
-5204 32312
-5204 32312
-5172 32317
-5172 32317
-5172 32317
-5172 32317
-5172 32317
-5172 32317
-5172 32317
-5172 32317
-5172 32317
-5172 32317
-5141 32322
-5141 32322
-5141 32322
-5141 32322
-5141 32322
-5141 32322
-5141 32322
-5141 32322
-5141 32322
-5141 32322
-5141 32322
-5109 32327
-5109 32327
-5109 32327
-5109 32327
-5109 32327
-5109 32327
-5109 32327
-5109 32327
-5109 32327
-5109 32327
-5078 32332
-5078 32332
-5078 32332
-5078 32332
-5078 32332
-5078 32332
-5078 32332
-5078 32332
-5078 32332
-5078 32332
-5047 32337
-5047 32337
-5047 32337
-5047 32337
-5047 32337
-5047 32337
-5047 32337
-5047 32337
-5047 32337
-5047 32337
-5014 32342
-5014 32342
-5014 32342
-5014 32342
-5014 32342
-5014 32342
-5014 32342
-5014 32342
-5014 32342
-5014 32342
-4983 32346
-4983 32346
-4983 32346
-4983 32346
-4983 32346
-4983 32346
-4983 32346
-4983 32346
-4983 32346
-4983 32346
-4951 32351
-4951 32351
-4951 32351
-4951 32351
-4951 32351
-4951 32351
-4951 32351
-4951 32351
-4951 32351
-4951 32351
-4920 32356
-4920 32356
-4920 32356
-4920 32356
-4920 32356
-4920 32356
-4920 32356
-4920 32356
-4920 32356
-4920 32356
-4889 32360
-4889 32360
-4889 32360
-4889 32360
-4889 32360
-4889 32360
-4889 32360
-4889 32360
-4889 32360
-4889 32360
-4889 32360
-4857 32365
-4857 32365
-4857 32365
-4857 32365
-4857 32365
-4857 32365
-4857 32365
-4857 32365
-4857 32365
-4857 32365
-4826 32370
-4826 32370
-4826 32370
-4826 32370
-4826 32370
-4826 32370
-4826 32370
-4826 32370
-4826 32370
-4826 32370
-4794 32374
-4794 32374
-4811 32372
-4811 32372
-4811 32372
-4780 32376
-4780 32376
-4780 32376
-4780 32376
-4780 32376
-4780 32376
-4780 32376
-4780 32376
-4780 32376
-4780 32376
-4749 32381
-4749 32381
-4749 32381
-4749 32381
-4749 32381
-4749 32381
-4749 32381
-4749 32381
-4749 32381
-4749 32381
-4717 32386
-4717 32386
-4717 32386
-4717 32386
-4717 32386
-4717 32386
-4717 32386
-4717 32386
-4717 32386
-4717 32386
-4685 32390
-4685 32390
-4685 32390
-4685 32390
-4685 32390
-4685 32390
-4685 32390
-4685 32390
-4685 32390
-4685 32390
-4685 32390
-4654 32395
-4654 32395
-4654 32395
-4654 32395
-4654 32395
-4654 32395
-4654 32395
-4654 32395
-4654 32395
-4654 32395
-4622 32400
-4622 32400
-4622 32400
-4622 32400
-4622 32400
-4622 32400
-4622 32400
-4622 32400
-4622 32400
-4622 32400
-4591 32404
-4591 32404
-4591 32404
-4591 32404
-4591 32404
-4591 32404
-4591 32404
-4591 32404
-4591 32404
-4591 32404
-4559 32409
-4559 32409
-4559 32409
-4559 32409
-4559 32409
-4559 32409
-4559 32409
-4559 32409
-4559 32409
-4559 32409
-4527 32414
-4527 32414
-4527 32414
-4527 32414
-4527 32414
-4527 32414
-4527 32414
-4527 32414
-4527 32414
-4527 32414
-4495 32418
-4495 32418
-4495 32418
-4495 32418
-4495 32418
-4495 32418
-4495 32418
-4495 32418
-4495 32418
-4495 32418
-4465 32422
-4465 32422
-4465 32422
-4465 32422
-4465 32422
-4465 32422
-4465 32422
-4465 32422
-4465 32422
-4465 32422
-4432 32427
-4432 32427
-4432 32427
-4432 32427
-4432 32427
-4432 32427
-4432 32427
-4432 32427
-4432 32427
-4432 32427
-4432 32427
-4402 32432
-4402 32432
-4402 32432
-4409 32439
-4409 32439
-4409 32439
-4409 32439
-4378 32444
-4378 32444
-4378 32444
-4378 32444
-4378 32444
-4378 32444
-4378 32444
-4378 32444
-4378 32444
-4378 32444
-4346 32448
-4346 32448
-4346 32448
-4346 32448
-4346 32448
-4346 32448
-4346 32448
-4346 32448
-4346 32448
-4346 32448
-4346 32448
-4314 32452
-4314 32452
-4314 32452
-4314 32452
-4314 32452
-4314 32452
-4314 32452
-4314 32452
-4314 32452
-4314 32452
-4283 32457
-4283 32457
-4283 32457
-4283 32457
-4283 32457
-4283 32457
-4283 32457
-4283 32457
-4283 32457
-4283 32457
-4252 32461
-4252 32461
-4252 32461
-4252 32461
-4252 32461
-4252 32461
-4252 32461
-4252 32461
-4252 32461
-4252 32461
-4219 32465
-4219 32465
-4219 32465
-4219 32465
-4219 32465
-4219 32465
-4219 32465
-4219 32465
-4219 32465
-4219 32465
-4187 32469
-4187 32469
-4187 32469
-4187 32469
-4187 32469
-4187 32469
-4187 32469
-4187 32469
-4187 32469
-4187 32469
-4156 32473
-4156 32473
-4156 32473
-4156 32473
-4156 32473
-4156 32473
-4156 32473
-4156 32473
-4156 32473
-4156 32473
-4125 32476
-4125 32476
-4125 32476
-4125 32476
-4125 32476
-4125 32476
-4125 32476
-4125 32476
-4125 32476
-4125 32476
-4093 32480
-4093 32480
-4093 32480
-4093 32480
-4093 32480
-4093 32480
-4093 32480
-4093 32480
-4093 32480
-4093 32480
-4093 32480
-4061 32484
-4061 32484
-4061 32484
-4061 32484
-4061 32484
-4061 32484
-4061 32484
-4061 32484
-4061 32484
-4061 32484
-4030 32488
-4030 32488
-4030 32488
-4030 32488
-4030 32488
-4030 32488
-4030 32488
-4030 32488
-4030 32488
-4030 32488
-3998 32492
-3998 32492
-4015 32490
-4015 32490
-4015 32490
-3984 32494
-3984 32494
-3984 32494
-3984 32494
-3984 32494
-3984 32494
-3984 32494
-3984 32494
-3984 32494
-3984 32494
-3952 32498
-3952 32498
-3952 32498
-3952 32498
-3952 32498
-3952 32498
-3952 32498
-3952 32498
-3952 32498
-3952 32498
-3921 32502
-3921 32502
-3921 32502
-3921 32502
-3921 32502
-3921 32502
-3921 32502
-3921 32502
-3921 32502
-3921 32502
-3889 32506
-3889 32506
-3889 32506
-3889 32506
-3889 32506
-3889 32506
-3889 32506
-3889 32506
-3889 32506
-3889 32506
-3889 32506
-3857 32509
-3857 32509
-3857 32509
-3857 32509
-3857 32509
-3857 32509
-3857 32509
-3857 32509
-3857 32509
-3857 32509
-3825 32513
-3825 32513
-3825 32513
-3825 32513
-3825 32513
-3825 32513
-3825 32513
-3825 32513
-3825 32513
-3825 32513
-3795 32517
-3795 32517
-3795 32517
-3795 32517
-3795 32517
-3795 32517
-3795 32517
-3795 32517
-3795 32517
-3795 32517
-3762 32521
-3762 32521
-3762 32521
-3762 32521
-3762 32521
-3762 32521
-3762 32521
-3762 32521
-3762 32521
-3762 32521
-3730 32525
-3730 32525
-3730 32525
-3730 32525
-3730 32525
-3730 32525
-3730 32525
-3730 32525
-3730 32525
-3730 32525
-3698 32528
-3698 32528
-3698 32528
-3698 32528
-3698 32528
-3698 32528
-3698 32528
-3698 32528
-3698 32528
-3698 32528
-3668 32532
-3668 32532
-3668 32532
-3668 32532
-3668 32532
-3668 32532
-3668 32532
-3668 32532
-3668 32532
-3668 32532
-3635 32536
-3635 32536
-3635 32536
-3635 32536
-3635 32536
-3635 32536
-3635 32536
-3635 32536
-3635 32536
-3635 32536
-3635 32536
-3604 32540
-3604 32540
-3604 32540
-3616 32567
-3616 32567
-3616 32567
-3616 32567
-3584 32571
-3584 32571
-3584 32571
-3584 32571
-3584 32571
-3584 32571
-3584 32571
-3584 32571
-3584 32571
-3584 32571
-3552 32574
-3552 32574
-3552 32574
-3552 32574
-3552 32574
-3552 32574
-3552 32574
-3552 32574
-3552 32574
-3552 32574
-3552 32574
-3520 32578
-3520 32578
-3520 32578
-3520 32578
-3520 32578
-3520 32578
-3520 32578
-3520 32578
-3520 32578
-3520 32578
-3489 32582
-3489 32582
-3489 32582
-3489 32582
-3489 32582
-3489 32582
-3489 32582
-3489 32582
-3489 32582
-3489 32582
-3458 32585
-3458 32585
-3458 32585
-3458 32585
-3458 32585
-3458 32585
-3458 32585
-3458 32585
-3458 32585
-3458 32585
-3425 32588
-3425 32588
-3425 32588
-3425 32588
-3425 32588
-3425 32588
-3425 32588
-3425 32588
-3425 32588
-3425 32588
-3393 32591
-3393 32591
-3393 32591
-3393 32591
-3393 32591
-3393 32591
-3393 32591
-3393 32591
-3393 32591
-3393 32591
-3361 32594
-3361 32594
-3361 32594
-3361 32594
-3361 32594
-3361 32594
-3361 32594
-3361 32594
-3361 32594
-3361 32594
-3330 32597
-3330 32597
-3330 32597
-3330 32597
-3330 32597
-3330 32597
-3330 32597
-3330 32597
-3330 32597
-3330 32597
-3298 32600
-3298 32600
-3298 32600
-3298 32600
-3298 32600
-3298 32600
-3298 32600
-3298 32600
-3298 32600
-3298 32600
-3298 32600
-3267 32604
-3267 32604
-3267 32604
-3267 32604
-3267 32604
-3267 32604
-3267 32604
-3267 32604
-3267 32604
-3267 32604
-3235 32607
-3235 32607
-3235 32607
-3235 32607
-3235 32607
-3235 32607
-3235 32607
-3235 32607
-3235 32607
-3235 32607
-3203 32610
-3203 32610
-3220 32608
-3220 32608
-3220 32608
-3189 32611
-3189 32611
-3189 32611
-3189 32611
-3189 32611
-3189 32611
-3189 32611
-3189 32611
-3189 32611
-3189 32611
-3157 32614
-3157 32614
-3157 32614
-3157 32614
-3157 32614
-3157 32614
-3157 32614
-3157 32614
-3157 32614
-3157 32614
-3125 32618
-3125 32618
-3125 32618
-3125 32618
-3125 32618
-3125 32618
-3125 32618
-3125 32618
-3125 32618
-3125 32618
-3093 32621
-3093 32621
-3093 32621
-3093 32621
-3093 32621
-3093 32621
-3093 32621
-3093 32621
-3093 32621
-3093 32621
-3093 32621
-3062 32624
-3062 32624
-3062 32624
-3062 32624
-3062 32624
-3062 32624
-3062 32624
-3062 32624
-3062 32624
-3062 32624
-3030 32627
-3030 32627
-3030 32627
-3030 32627
-3030 32627
-3030 32627
-3030 32627
-3030 32627
-3030 32627
-3030 32627
-2999 32630
-2999 32630
-2999 32630
-2999 32630
-2999 32630
-2999 32630
-2999 32630
-2999 32630
-2999 32630
-2999 32630
-2966 32633
-2966 32633
-2966 32633
-2966 32633
-2966 32633
-2966 32633
-2966 32633
-2966 32633
-2966 32633
-2966 32633
-2934 32636
-2934 32636
-2934 32636
-2934 32636
-2934 32636
-2934 32636
-2934 32636
-2934 32636
-2934 32636
-2934 32636
-2902 32638
-2902 32638
-2902 32638
-2902 32638
-2902 32638
-2902 32638
-2902 32638
-2902 32638
-2902 32638
-2902 32638
-2871 32642
-2871 32642
-2871 32642
-2871 32642
-2871 32642
-2871 32642
-2871 32642
-2871 32642
-2871 32642
-2871 32642
-2839 32645
-2839 32645
-2839 32645
-2839 32645
-2839 32645
-2839 32645
-2839 32645
-2839 32645
-2839 32645
-2839 32645
-2839 32645
-2808 32648
-2808 32648
-2808 32648
-2813 32616
-2813 32616
-2813 32616
-2813 32616
-2781 32620
-2781 32620
-2781 32620
-2781 32620
-2781 32620
-2781 32620
-2781 32620
-2781 32620
-2781 32620
-2781 32620
-2750 32622
-2750 32622
-2750 32622
-2750 32622
-2750 32622
-2750 32622
-2750 32622
-2750 32622
-2750 32622
-2750 32622
-2750 32622
-2718 32624
-2718 32624
-2718 32624
-2718 32624
-2718 32624
-2718 32624
-2718 32624
-2718 32624
-2718 32624
-2718 32624
-2686 32628
-2686 32628
-2686 32628
-2686 32628
-2686 32628
-2686 32628
-2686 32628
-2686 32628
-2686 32628
-2686 32628
-2655 32630
-2655 32630
-2655 32630
-2655 32630
-2655 32630
-2655 32630
-2655 32630
-2655 32630
-2655 32630
-2655 32630
-2622 32632
-2622 32632
-2622 32632
-2622 32632
-2622 32632
-2622 32632
-2622 32632
-2622 32632
-2622 32632
-2622 32632
-2590 32635
-2590 32635
-2590 32635
-2590 32635
-2590 32635
-2590 32635
-2590 32635
-2590 32635
-2590 32635
-2590 32635
-2558 32637
-2558 32637
-2558 32637
-2558 32637
-2558 32637
-2558 32637
-2558 32637
-2558 32637
-2558 32637
-2558 32637
-2527 32639
-2527 32639
-2527 32639
-2527 32639
-2527 32639
-2527 32639
-2527 32639
-2527 32639
-2527 32639
-2527 32639
-2496 32642
-2496 32642
-2496 32642
-2496 32642
-2496 32642
-2496 32642
-2496 32642
-2496 32642
-2496 32642
-2496 32642
-2496 32642
-2464 32644
-2464 32644
-2464 32644
-2464 32644
-2464 32644
-2464 32644
-2464 32644
-2464 32644
-2464 32644
-2464 32644
-2432 32646
-2432 32646
-2432 32646
-2432 32646
-2432 32646
-2432 32646
-2432 32646
-2432 32646
-2432 32646
-2432 32646
-2400 32649
-2400 32649
-2417 32647
-2417 32647
-2417 32647
-2386 32650
-2386 32650
-2386 32650
-2386 32650
-2386 32650
-2386 32650
-2386 32650
-2386 32650
-2386 32650
-2386 32650
-2354 32652
-2354 32652
-2354 32652
-2354 32652
-2354 32652
-2354 32652
-2354 32652
-2354 32652
-2354 32652
-2354 32652
-2322 32654
-2322 32654
-2322 32654
-2322 32654
-2322 32654
-2322 32654
-2322 32654
-2322 32654
-2322 32654
-2322 32654
-2290 32657
-2290 32657
-2290 32657
-2290 32657
-2290 32657
-2290 32657
-2290 32657
-2290 32657
-2290 32657
-2290 32657
-2290 32657
-2258 32659
-2258 32659
-2258 32659
-2258 32659
-2258 32659
-2258 32659
-2258 32659
-2258 32659
-2258 32659
-2258 32659
-2227 32661
-2227 32661
-2227 32661
-2227 32661
-2227 32661
-2227 32661
-2227 32661
-2227 32661
-2227 32661
-2227 32661
-2196 32664
-2196 32664
-2196 32664
-2196 32664
-2196 32664
-2196 32664
-2196 32664
-2196 32664
-2196 32664
-2196 32664
-2163 32666
-2163 32666
-2163 32666
-2163 32666
-2163 32666
-2163 32666
-2163 32666
-2163 32666
-2163 32666
-2163 32666
-2131 32669
-2131 32669
-2131 32669
-2131 32669
-2131 32669
-2131 32669
-2131 32669
-2131 32669
-2131 32669
-2131 32669
-2099 32670
-2099 32670
-2099 32670
-2099 32670
-2099 32670
-2099 32670
-2099 32670
-2099 32670
-2099 32670
-2099 32670
-2068 32672
-2068 32672
-2068 32672
-2068 32672
-2068 32672
-2068 32672
-2068 32672
-2068 32672
-2068 32672
-2068 32672
-2035 32675
-2035 32675
-2035 32675
-2035 32675
-2035 32675
-2035 32675
-2035 32675
-2035 32675
-2035 32675
-2035 32675
-2035 32675
-2004 32677
-2004 32677
-2004 32677
-2011 32666
-2011 32666
-2011 32666
-2011 32666
-1979 32669
-1979 32669
-1979 32669
-1979 32669
-1979 32669
-1979 32669
-1979 32669
-1979 32669
-1979 32669
-1979 32669
-1947 32670
-1947 32670
-1947 32670
-1947 32670
-1947 32670
-1947 32670
-1947 32670
-1947 32670
-1947 32670
-1947 32670
-1947 32670
-1915 32672
-1915 32672
-1915 32672
-1915 32672
-1915 32672
-1915 32672
-1915 32672
-1915 32672
-1915 32672
-1915 32672
-1883 32674
-1883 32674
-1883 32674
-1883 32674
-1883 32674
-1883 32674
-1883 32674
-1883 32674
-1883 32674
-1883 32674
-1852 32676
-1852 32676
-1852 32676
-1852 32676
-1852 32676
-1852 32676
-1852 32676
-1852 32676
-1852 32676
-1852 32676
-1819 32678
-1819 32678
-1819 32678
-1819 32678
-1819 32678
-1819 32678
-1819 32678
-1819 32678
-1819 32678
-1819 32678
-1788 32679
-1788 32679
-1788 32679
-1788 32679
-1788 32679
-1788 32679
-1788 32679
-1788 32679
-1788 32679
-1788 32679
-1756 32681
-1756 32681
-1756 32681
-1756 32681
-1756 32681
-1756 32681
-1756 32681
-1756 32681
-1756 32681
-1756 32681
-1725 32682
-1725 32682
-1725 32682
-1725 32682
-1725 32682
-1725 32682
-1725 32682
-1725 32682
-1725 32682
-1725 32682
-1693 32684
-1693 32684
-1693 32684
-1693 32684
-1693 32684
-1693 32684
-1693 32684
-1693 32684
-1693 32684
-1693 32684
-1693 32684
-1661 32685
-1661 32685
-1661 32685
-1661 32685
-1661 32685
-1661 32685
-1661 32685
-1661 32685
-1661 32685
-1661 32685
-1629 32687
-1629 32687
-1629 32687
-1629 32687
-1629 32687
-1629 32687
-1629 32687
-1629 32687
-1629 32687
-1629 32687
-1597 32688
-1597 32688
-1614 32688
-1614 32688
-1614 32688
-1583 32689
-1583 32689
-1583 32689
-1583 32689
-1583 32689
-1583 32689
-1583 32689
-1583 32689
-1583 32689
-1583 32689
-1551 32691
-1551 32691
-1551 32691
-1551 32691
-1551 32691
-1551 32691
-1551 32691
-1551 32691
-1551 32691
-1551 32691
-1519 32692
-1519 32692
-1519 32692
-1519 32692
-1519 32692
-1519 32692
-1519 32692
-1519 32692
-1519 32692
-1519 32692
-1487 32694
-1487 32694
-1487 32694
-1487 32694
-1487 32694
-1487 32694
-1487 32694
-1487 32694
-1487 32694
-1487 32694
-1487 32694
-1455 32695
-1455 32695
-1455 32695
-1455 32695
-1455 32695
-1455 32695
-1455 32695
-1455 32695
-1455 32695
-1455 32695
-1423 32697
-1423 32697
-1423 32697
-1423 32697
-1423 32697
-1423 32697
-1423 32697
-1423 32697
-1423 32697
-1423 32697
-1392 32698
-1392 32698
-1392 32698
-1392 32698
-1392 32698
-1392 32698
-1392 32698
-1392 32698
-1392 32698
-1392 32698
-1360 32700
-1360 32700
-1360 32700
-1360 32700
-1360 32700
-1360 32700
-1360 32700
-1360 32700
-1360 32700
-1360 32700
-1328 32702
-1328 32702
-1328 32702
-1328 32702
-1328 32702
-1328 32702
-1328 32702
-1328 32702
-1328 32702
-1328 32702
-1296 32702
-1296 32702
-1296 32702
-1296 32702
-1296 32702
-1296 32702
-1296 32702
-1296 32702
-1296 32702
-1296 32702
-1265 32704
-1265 32704
-1265 32704
-1265 32704
-1265 32704
-1265 32704
-1265 32704
-1265 32704
-1265 32704
-1265 32704
-1232 32705
-1232 32705
-1232 32705
-1232 32705
-1232 32705
-1232 32705
-1232 32705
-1232 32705
-1232 32705
-1232 32705
-1232 32705
-1201 32707
-1201 32707
-1201 32707
-1208 32715
-1208 32715
-1208 32715
-1208 32715
-1176 32717
-1176 32717
-1176 32717
-1176 32717
-1176 32717
-1176 32717
-1176 32717
-1176 32717
-1176 32717
-1176 32717
-1145 32718
-1145 32718
-1145 32718
-1145 32718
-1145 32718
-1145 32718
-1145 32718
-1145 32718
-1145 32718
-1145 32718
-1145 32718
-1113 32718
-1113 32718
-1113 32718
-1113 32718
-1113 32718
-1113 32718
-1113 32718
-1113 32718
-1113 32718
-1113 32718
-1081 32720
-1081 32720
-1081 32720
-1081 32720
-1081 32720
-1081 32720
-1081 32720
-1081 32720
-1081 32720
-1081 32720
-1050 32721
-1050 32721
-1050 32721
-1050 32721
-1050 32721
-1050 32721
-1050 32721
-1050 32721
-1050 32721
-1050 32721
-1017 32722
-1017 32722
-1017 32722
-1017 32722
-1017 32722
-1017 32722
-1017 32722
-1017 32722
-1017 32722
-1017 32722
-985 32723
-985 32723
-985 32723
-985 32723
-985 32723
-985 32723
-985 32723
-985 32723
-985 32723
-985 32723
-953 32723
-953 32723
-953 32723
-953 32723
-953 32723
-953 32723
-953 32723
-953 32723
-953 32723
-953 32723
-922 32724
-922 32724
-922 32724
-922 32724
-922 32724
-922 32724
-922 32724
-922 32724
-922 32724
-922 32724
-890 32725
-890 32725
-890 32725
-890 32725
-890 32725
-890 32725
-890 32725
-890 32725
-890 32725
-890 32725
-890 32725
-858 32726
-858 32726
-858 32726
-858 32726
-858 32726
-858 32726
-858 32726
-858 32726
-858 32726
-858 32726
-826 32726
-826 32726
-826 32726
-826 32726
-826 32726
-826 32726
-826 32726
-826 32726
-826 32726
-826 32726
-794 32727
-794 32727
-811 32727
-811 32727
-811 32727
-780 32728
-780 32728
-780 32728
-780 32728
-780 32728
-780 32728
-780 32728
-780 32728
-780 32728
-780 32728
-748 32728
-748 32728
-748 32728
-748 32728
-748 32728
-748 32728
-748 32728
-748 32728
-748 32728
-748 32728
-716 32729
-716 32729
-716 32729
-716 32729
-716 32729
-716 32729
-716 32729
-716 32729
-716 32729
-716 32729
-684 32730
-684 32730
-684 32730
-684 32730
-684 32730
-684 32730
-684 32730
-684 32730
-684 32730
-684 32730
-684 32730
-652 32731
-652 32731
-652 32731
-652 32731
-652 32731
-652 32731
-652 32731
-652 32731
-652 32731
-652 32731
-620 32731
-620 32731
-620 32731
-620 32731
-620 32731
-620 32731
-620 32731
-620 32731
-620 32731
-620 32731
-589 32732
-589 32732
-589 32732
-589 32732
-589 32732
-589 32732
-589 32732
-589 32732
-589 32732
-589 32732
-556 32733
-556 32733
-556 32733
-556 32733
-556 32733
-556 32733
-556 32733
-556 32733
-556 32733
-556 32733
-524 32734
-524 32734
-524 32734
-524 32734
-524 32734
-524 32734
-524 32734
-524 32734
-524 32734
-524 32734
-492 32734
-492 32734
-492 32734
-492 32734
-492 32734
-492 32734
-492 32734
-492 32734
-492 32734
-492 32734
-461 32734
-461 32734
-461 32734
-461 32734
-461 32734
-461 32734
-461 32734
-461 32734
-461 32734
-461 32734
-428 32735
-428 32735
-428 32735
-428 32735
-428 32735
-428 32735
-428 32735
-428 32735
-428 32735
-428 32735
-428 32735
-397 32736
-397 32736
-397 32736
-406 32764
-406 32764
-406 32764
-406 32764
-374 32765
-374 32765
-374 32765
-374 32765
-374 32765
-374 32765
-374 32765
-374 32765
-374 32765
-374 32765
-342 32765
-342 32765
-342 32765
-342 32765
-342 32765
-342 32765
-342 32765
-342 32765
-342 32765
-342 32765
-342 32765
-310 32765
-310 32765
-310 32765
-310 32765
-310 32765
-310 32765
-310 32765
-310 32765
-310 32765
-310 32765
-278 32766
-278 32766
-278 32766
-278 32766
-278 32766
-278 32766
-278 32766
-278 32766
-278 32766
-278 32766
-247 32766
-247 32766
-247 32766
-247 32766
-247 32766
-247 32766
-247 32766
-247 32766
-247 32766
-247 32766
-214 32766
-214 32766
-214 32766
-214 32766
-214 32766
-214 32766
-214 32766
-214 32766
-214 32766
-214 32766
-182 32766
-182 32766
-182 32766
-182 32766
-182 32766
-182 32766
-182 32766
-182 32766
-182 32766
-182 32766
-150 32766
-150 32766
-150 32766
-150 32766
-150 32766
-150 32766
-150 32766
-150 32766
-150 32766
-150 32766
-119 32766
-119 32766
-119 32766
-119 32766
-119 32766
-119 32766
-119 32766
-119 32766
-119 32766
-119 32766
-87 32766
-87 32766
-87 32766
-87 32766
-87 32766
-87 32766
-87 32766
-87 32766
-87 32766
-87 32766
-87 32766
-55 32766
-55 32766
-55 32766
-55 32766
-55 32766
-55 32766
-55 32766
-55 32766
-55 32766
-55 32766
-23 32766
-23 32766
-23 32766
-23 32766
-23 32766
-23 32766
-23 32766
-23 32766
-23 32766
-23 32766
9 32766
9 32766
