0000fd62
000123b3
00021c60
00031a3e
00045678
0005374c
000635a8
0007c67f
00084750
0009eb16
000a0e33
000bacbc
000caf0c
000d8d24
000e6a25
000f9704
0010f005
0011fd5e
001204f5
0013419a
001428a6
0015915d
0016e621
0017b25a
001826b4
0019e15d
001aed04
001bb5bd
001ce1a4
001d8759
001e5c7d
001fb0a1
0020adbc
00218e4a
0022ec17
00233e44
00247f79
002545c3
0026728a
0027ed47
00280aea
0029301a
002a854e
002bdf1c
002c7f95
002d23e5
002e5cdf
002f2cf9
00300543
0031dab3
00322353
0033c70e
00341082
00351fb1
00360247
0037f4f2
003844dc
00398cf0
003aa35e
003bbe27
003c711a
003db487
003e150e
003f40d0
00407949
00411b91
0042a0cc
00435522
00442898
0045b80e
004658bd
004715ef
0048a726
0049f246
004af153
004b543a
004c373a
004d228b
004eec65
004ffd3e
00504587
00518c03
005296c4
005307f4
0054517b
0055eeb5
00568223
00579a20
0058f8ad
0059794c
005a1678
005ba4e5
005c190f
005d3db9
005ebf61
005f40c1
00601dea
00617b4c
006231cf
00639275
00645d0e
0065ffa8
006689ac
0067ad3a
006887eb
0069b987
006a02f5
006b40ad
006c9863
006ddb8a
006e1a86
006fcf61
0070edef
0071084e
0072b2a0
00730d7c
00744778
00751707
00767d8e
00774af9
0078b74a
00796fdb
007a9c94
007bbbc1
007caf47
007d3218
007ef207
007fa902
008017eb
0081d5b0
0082effc
0083967b
0084234b
00854f37
00866dc6
0087f53b
00887246
00894d5c
008a4a49
008b47fc
008ce118
008d1858
008e91c4
008f6f7e
0090e8ee
009107df
0092336b
0093583c
0094d51f
0095fa4b
00969fde
00974d9b
00983f32
00991e69
009a5ebb
009b348d
009c1f40
009d5441
009e20d0
009f72dc
00a0d474
00a1a0a0
00a2ffe2
00a366fb
00a4f413
00a5af2c
00a61c55
00a73213
00a8a010
00a96c00
00aa72f3
00ab1fe5
00ac2467
00ad8d83
00ae471a
00aff237
00b0a77b
00b147ec
00b2d8a9
00b3be2d
00b4283b
00b572ba
00b606a2
00b7f059
00b88f14
00b9aa74
00ba8012
00bba360
00bccbc3
00bdabca
00bef57e
00bf2353
00c04466
00c1d405
00c25cc6
00c3f7ce
00c4ce8b
00c55b08
00c676e2
00c7c2b4
00c86708
00c93dfd
00cad4ce
00cb4cbd
00cc3fc9
00cdd04f
00cef364
00cfb849
00d0230f
00d13634
00d29653
00d308a3
00d4696a
00d5d99f
00d6d3d8
00d7fb97
00d83723
00d961ea
00da41ce
00db51c2
00dc2260
00dd346c
00dec9e2
00dfac3c
00e0c326
00e126e9
00e2c357
00e3400c
00e47468
00e56f8b
00e6fac0
00e78063
00e88637
00e935ce
00ea6a4e
00eb9123
00eca42b
00ed5e77
00eedc7f
00ef1f0f
00f00df6
00f12fad
00f2fd81
00f3745e
00f48bc2
00f589ef
00f6bdc0
00f749c8
00f88cd2
00f98764
00fab462
00fbf3de
00fc73e7
00fd400e
00fe0b2c
00ff470f
010078b7
0101ff0a
0102ae5f
0103a407
01041cca
010568b9
0106d61c
01078c0f
01085303
0109d451
010ac44d
010b8950
010cb7e6
010ddd56
010ede5c
010f4845
0110b895
0111b3ab
011270af
0113faf9
011404f4
0115a94a
01161e28
01171a81
0118bbce
01196d7c
011a2187
011b4c01
011c2139
011d72f2
011e671b
011fa4da
0120b64d
0121a5cf
01226dce
01239e64
01243e8b
0125b36c
01263979
012753ab
0128442a
0129b834
012a3463
012bf41f
012c5fa3
012d3594
012ef5c6
012f9320
01301830
013161a9
0132f05c
0133acfe
01342535
0135c0f7
0136a723
01379b1d
01381139
01397637
013a572e
013beb66
013c32a5
013d0429
013ea3a1
013f9ffa
01405be4
0141ec16
0142b141
0143ed62
01444fb2
0145d792
014652b3
0147581b
01484655
0149c3c5
014a4882
014b3f6a
014c822c
014d9b3a
014edd3a
014f5e21
01506427
0151383c
01521f99
01536582
0154b7a2
015521ec
0156beac
0157a431
0158ddec
0159d1fa
015aaff3
015bac5e
015c9a76
015d30f6
015e8e7f
015fa9cb
0160f5c4
0161bf28
01624eca
0163af78
01640eba
0165006b
01661f3d
0167695a
01689877
01690d6b
016a9436
016ba558
016cd1b1
016d4902
016e7c54
016f76fd
0170559d
0171d319
0172e7ce
0173eb30
01742b63
017576a0
0176ebb1
0177490a
0178ad2b
0179c7f4
017afcd0
017b8ca5
017ca767
017dd4ec
017efe2e
017f385b
01800919
01819669
01822985
0183ecab
01848534
0185005c
0186986a
0187a32b
0188c04b
0189ae9b
018a7f5b
018bc81a
018c4614
018dea02
018e3278
018f70f0
0190af28
01912548
01921640
01931312
019423be
0195a24e
0196c3b9
019781d5
01980dba
0199546c
019a5281
019bca43
019cfde6
019d0bb2
019edc5c
019f7212
01a0d3ae
01a1c40b
01a20b2a
01a30d69
01a47081
01a56fd3
01a65528
01a75eaa
01a8e16a
01a9a33e
01aacbed
01abef58
01ac323a
01ad7c49
01ae88de
01afc5ad
01b02400
01b10be8
01b22cb2
01b33bf0
01b45de8
01b519f5
01b6a5fa
01b77240
01b8a3ec
01b918b4
01ba42c6
01bbd8d9
01bcb9e2
01bdf68b
01beffbd
01bfd736
01c0d114
01c16e0a
01c205e0
01c3525b
01c4d818
01c5fd60
01c6b9c5
01c7e97a
01c8d03f
01c920a4
01ca24a3
01cb9196
01cc22c4
01cd1ce6
01cebef7
01cfd72b
01d0d280
01d1b9d1
01d2ad17
01d3fbc9
01d4222f
01d5f086
01d625b3
01d71ff7
01d8692a
01d93a71
01da1fb8
01db4d23
01dc4f99
01dd5ecc
01de1531
01df2df5
01e0248a
01e15d9a
01e29751
01e356df
01e4dca3
01e580c7
01e697f2
01e75451
01e8535d
01e9f13d
01ea5639
01eb1eaf
01ecd6a7
01ed6319
01ee597e
01ef93e6
01f0b163
01f197d8
01f2a554
01f342b3
01f49b32
01f5735e
01f64b94
01f71ff8
01f848c2
01f91e5b
01fac217
01fb5e1c
01fc0567
01fd4186
01fe3c5e
01ff22b7
0200e7fa
020148e6
0202e7a3
0203964e
02041530
0205a6b2
0206a5ce
0207eb43
0208b156
02094749
020a276e
020b2e4e
020cf8ed
020da0d5
020e373b
020f557e
021085f6
0211b9a2
02123f06
021314cf
02146f37
0215e2c7
02168d67
02176fcf
02184f09
0219b8fb
021a2e4d
021b3d18
021c158b
021d020c
021e8028
021fb2d1
02206c25
0221f467
0222218f
02238cde
02241df0
0225fa97
02266b9e
0227e9c2
022829eb
022992c8
022a0a9a
022b60d9
022c72ee
022d35c6
022e4847
022f9272
0230a370
023145fa
02324cce
02339fb6
02341856
0235b608
02368eda
02379512
02386540
02394fc2
023ac7cc
023b271e
023c6339
023d4e89
023eb8c6
023f384e
02404b65
0241a26c
02428dc3
02433723
0244f7a5
02451be8
0246957f
02472939
02481d7b
0249d042
024a6eb3
024b2bc7
024cb47c
024d25a0
024eecc6
024f75bb
0250967b
02517a5c
02526245
0253957d
0254b953
02557b32
02567bc9
0257d0e7
0258405b
02592690
025a7d4a
025b491f
025c5de8
025db9be
025e2447
025f2087
026085d7
0261636f
0262749f
02630ef2
0264f062
02655ca0
0266f725
026741b5
0268bdc5
02691e90
026a8711
026bcfc1
026cf2f1
026df2c0
026e5a4c
026f01d9
0270e4f7
0271e70e
027274ae
02734bff
02746598
027569ff
027681ff
0277e4b6
0278f3ff
027929d0
027a4b14
027bd10b
027cca73
027d1a5c
027e7505
027f3338
02807d08
02815850
02822aad
0283cd34
0284a09c
0285d799
0286a2ca
0287dcdd
0288949e
02896d59
028adce5
028b5a78
028c1260
028d0a2c
028efdc8
028f80ef
02908a60
0291a0b5
0292c192
02934c5f
02941f12
02955409
0296165a
0297e57b
02981b69
02996aa6
029a0248
029b92db
029c7c90
029db0d8
029e2bf7
029f02a8
02a01bcc
02a1b47f
02a28e1b
02a38620
02a435c3
02a53bb5
02a6f1de
02a7c51b
02a8b437
02a945b2
02aa2ed9
02abbd0e
02ac9e39
02ad0d9d
02aefed9
02af385f
02b063cc
02b1823b
02b26302
02b35adc
02b45dd7
02b5790b
02b63bc5
02b75eea
02b8c9b7
02b9bac2
02baee43
02bb03a5
02bcad0b
02bdb1fc
02be2e7d
02bf36e0
02c0d58b
02c18b70
02c2b506
02c37869
02c4d7f9
02c53dd0
02c64dfa
02c7df66
02c8c1a1
02c97827
02ca1c55
02cbe837
02cc9b55
02cd9d16
02ce6d2d
02cf2025
02d08a27
02d11c09
02d25f25
02d34a85
02d478d0
02d5ee22
02d6aee6
02d751fb
02d8bc80
02d9c729
02dad36b
02db8009
02dcb9b4
02ddfeba
02deba38
02df5745
02e066a9
02e14d47
02e2afba
02e399ed
02e43dca
02e5274a
02e6455b
02e7014e
02e88d99
02e9e40b
02eabd3e
02ebe23a
02ec1b19
02edfa3a
02eeffcb
02efe368
02f07967
02f1b050
02f2e847
02f3265c
02f4a1d8
02f5e43c
02f6c1a8
02f70afc
02f81695
02f964c9
02fa2910
02fb172b
02fc7c02
02fd4d47
02fe8fe8
02fff32d
0300d6a9
03014c0e
03029347
0303c802
03048b0d
030515dd
0306e79c
0307ea89
03080d2e
03093f1f
030a3185
030bcc01
030c6f76
030dc3b8
030e16f7
030f66ff
0310abcc
03118af7
03126b87
031360e1
03146b46
0315b7e2
0316e9a3
03177d92
0318f5d9
03190f7f
031a0fa1
031b5fa9
031c999c
031d84f0
031ebe14
031fd64d
0320a46a
03216c83
0322994d
03238d72
03248a51
0325fb14
0326685c
0327f964
0328a59e
032937ff
032a4a25
032bda51
032cb496
032dd4ba
032eb649
032f5ed9
03308d2e
033125b8
03322c4b
03334ce7
0334c69c
03358fde
0336e5f3
0337d3f3
03383f95
033991cb
033a402b
033bee36
033c2ac9
033d53df
033e4607
033f15cb
0340821e
0341b65e
03428b81
0343dd1e
0344e765
03458901
0346b1b6
0347eeaf
03485257
034981f6
034a453f
034b43e7
034c7d53
034d5f4d
034eb45d
034f0204
035025ef
0351159c
0352fb90
03536ef7
03543bc1
035533c4
03565399
0357181d
03583248
03590061
035a2e8a
035bf4ce
035c1f05
035d108c
035ec794
035fe67d
0360ab4e
0361f898
036216d2
036370c2
0364baa0
03652ae4
036651aa
03675473
0368cd58
03692ffb
036a294a
036b2b37
036ce11f
036d9318
036ecd88
036f83d2
03705a7d
03711022
03723763
0373d611
03742a70
0375789f
0376f9e8
0377376e
0378d26d
03798811
037aa126
037b7f60
037c4d01
037d8aaf
037e3a91
037f5d98
03800b8b
0381004f
0382d5a6
0383361c
0384f752
03850d3c
0386d175
03877406
0388f809
0389480e
038ade0b
038b1135
038c9b34
038df980
038ef8bc
038f8e14
0390aa94
03919f52
03921bb6
03932f4e
0394ef3a
03958d00
0396c3d0
0397f1d0
03983b3e
03991087
039af92d
039bf427
039c6130
039d1032
039e2aed
039f1f9b
03a0467a
03a1fedb
03a28f20
03a3f74d
03a4bcfa
03a5f52c
03a6ed72
03a7cbfb
03a8afb8
03a90a07
03aaedee
03ab493f
03acbf19
03ad7eb6
03aebf6e
03af4a4a
03b09b88
03b10c97
03b26f7a
03b37e77
03b4977c
03b5bba6
03b6a89c
03b75a42
03b8c37b
03b9b535
03baef8a
03bbc9f6
03bcd1cf
03bddab0
03beea7f
03bfd94d
03c0dfd3
03c13c7e
03c2c572
03c3715e
03c406fe
03c54e8e
03c687a6
03c719a0
03c81039
03c9c297
03ca6e3f
03cbe429
03cc7a30
03cd5f5e
03ceb006
03cf0ce4
03d0ce6a
03d1bd0e
03d277ab
03d3fa3d
03d4778f
03d5b9f1
03d6cb10
03d7d1cb
03d84785
03d9a475
03da616c
03dbbad8
03dc6010
03dd844b
03dec882
03dfbfe4
03e0711b
03e147f5
03e27a15
03e33f7a
03e4b845
03e51fb5
03e649ae
03e72694
03e8bbab
03e98d50
03eaac12
03eba0f3
03ec340b
03ed9fd9
03ee97e2
03ef8a6f
03f07f48
03f19a58
03f2c638
03f3bdab
03f4b252
03f50263
03f62021
03f7ee77
03f86bec
03f948bd
03fa61dc
03fb3bba
03fcd18c
03fd4e40
03fe0fc9
03ff51fb
04001697
0401215e
0402a165
0403a5f4
04049059
04055546
0406aa3d
04077b7a
0408041a
04093d6a
040a1391
040b0be3
040c3ada
040d95e4
040ed74d
040fe108
0410e276
04113877
0412c4d5
0413e1e5
04145da1
041514f1
04167046
041735b8
041804c8
04192db9
041aa64a
041b9e2b
041cea71
041dc90a
041ee8f2
041f121d
04202c35
04219cbb
0422b10a
0423eb21
04244a4b
04254ca6
0426f0aa
042758ea
042849c8
042961ed
042a3961
042bb7f7
042c7f1e
042d7f6e
042ea470
042fe825
04304463
0431aa15
04329433
04337d14
04344d88
04354225
0436de3f
0437943a
0438a7cb
0439b8d7
043af644
043b5bf2
043c7a46
043da494
043ec96a
043f23e5
044079f5
0441fefc
0442dea9
0443bb06
0444bd56
044590b8
044608ed
0447fb73
0448206b
04494eaa
044a97b1
044be700
044c90e2
044d98f6
044e9275
044fd895
045001a6
045150c7
045201c3
04533d81
0454c6f1
04556087
04560b01
0457f83a
0458f162
0459de1d
045aea2f
045b6da8
045c051c
045d8a96
045edbf2
045face1
0460f777
04617b9d
04626e97
04639452
0464890a
0465a384
046612f7
0467d6d8
0468d2b8
04691c3a
046a6287
046b8d6c
046c0a85
046da6c8
046ec507
046fbcd7
0470957a
0471ba82
0472d560
04731fae
04749deb
0475f00b
04765a51
0477b16f
04786f93
0479adf4
047adea3
047b3033
047c069b
047d5bda
047eba51
047f11db
0480a830
048167f8
0482483f
0483d7e9
048499d3
04858e07
04869e75
04874c2d
0488aa1a
04896c0c
048afd95
048bfa21
048c044c
048de673
048eb67d
048ff925
04902774
0491b16e
0492ba05
04930984
0494714a
0495e79d
0496676a
049748b7
04988622
04994e85
049aee21
049b1f5c
049c2e2c
049daf16
049e5b42
049fb2c6
04a0b757
04a1dae3
04a2c138
04a3ca18
04a47f42
04a55921
04a60966
04a7d0f3
04a848df
04a99b2f
04aa41b0
04abc0f7
04ac298e
04ad7136
04ae03b9
04af3315
04b050ec
04b1bec0
04b26cd9
04b3cb03
04b4d656
04b545dd
04b628d9
04b76816
04b83656
04b9b44e
04bae89c
04bb7c7e
04bcdb55
04bdec0c
04be727e
04bff78e
04c030e8
04c10d09
04c2280e
04c3a8bf
04c408b6
04c5c068
04c6dde9
04c71262
04c8fcd9
04c9c3e4
04caedff
04cb61aa
04ccefa6
04cdfb3d
04ce6be6
04cf17ec
04d0339c
04d1ef21
04d2fc85
04d3a4f1
04d49353
04d53f3b
04d646e5
04d7145d
04d87b5e
04d999b1
04daf4dd
04db530b
04dc5277
04dd0272
04dee509
04dfb4bd
04e0f09c
04e1345c
04e25965
04e33a64
04e47734
04e502bb
04e6f67f
04e7bcc2
04e83cec
04e9d823
04ea3223
04ebf807
04ecfcbc
04ed8d33
04ee1dda
04efe3ca
04f09d3e
04f11e0e
04f23101
04f3d218
04f4ffb0
04f5c723
04f650b0
04f79080
04f8ce77
04f980e7
04fad8d2
04fbfc56
04fc59b2
04fd0f5f
04fe7636
04ff5399
0500d179
0501d334
0502805d
05031845
0504caf5
0505e37a
050692e3
0507fda2
0508738e
05099345
050a00be
050b7c2c
050cb29a
050d03ea
050e52d6
050f2648
0510efd2
0511158d
0512cad0
05132192
05148889
0515d5eb
0516e14c
0517efb2
0518be20
05195009
051a7251
051b0efd
051ca409
051db959
051e7eac
051f01a6
052020f4
052141c9
0522592a
052330f3
052470e1
05250602
05266c8f
0527a2b8
0528c8d1
05298db8
052ab218
052b8a43
052cae5c
052d7ee5
052ed5da
052f34f6
05305167
0531c10f
0532a8db
053334cf
0534db38
053575bf
05361eca
053754fe
0538cd6c
0539b1c5
053abe69
053b6c0c
053c7979
053db2fd
053e59b0
053f0d60
05408ffe
05419cae
0542bd1c
05436832
0544c238
0545e8c9
05466aad
0547f351
05480cfd
05499e18
054a9f2d
054b97cb
054c66eb
054d57fc
054e5f33
054f6178
05500666
05515908
05520f64
0553f118
0554609b
05559b22
0556af98
05578422
0558b7e3
0559fe10
055a25ad
055b2553
055c2d6e
055d2504
055eb640
055ff6da
0560c2e3
0561a818
056264c3
05639437
0564d80e
0565b615
0566b827
0567a847
0568421d
05694c11
056a0142
056b4caa
056caadc
056d35fa
056e0bf7
056f3426
0570f525
0571317d
0572af90
057318c4
05747632
0575a5e4
05764f73
05776a75
05782725
0579ec74
057ac88e
057b1b25
057c05f3
057dc3bc
057eeb69
057fb06e
05807249
0581af1f
05823af3
0583a314
0584b198
0585b73a
05866690
0587d332
05880851
05893776
058a3bad
058b87f2
058c1c54
058d3b3b
058eec27
058f2a08
0590e976
0591880a
05922246
05938bf9
0594a5ff
05951f82
05960e04
05973984
05987043
05991304
059a4383
059be98d
059cd514
059d9734
059e1a2c
059f25a2
05a0abc7
05a1ba18
05a2d16e
05a3e645
05a4c9c5
05a5fc1f
05a6b8c8
05a70ca9
05a89184
05a9b628
05aaa607
05ab30fe
05ac8447
05adcd33
05ae71a2
05afbe32
05b03555
05b12dc5
05b24e41
05b3cc14
05b4e11f
05b5ae66
05b61586
05b77f4c
05b8e509
05b98706
05bab282
05bbe446
05bc1396
05bdb0e8
05be7f91
05bf4c18
05c0e5e4
05c18ed0
05c25d20
05c3efea
05c441ee
05c5d86c
05c641cd
05c75f92
05c87791
05c9b0b7
05caf120
05cb53a7
05cc7a1e
05cd48c9
05ceffa7
05cfd6fa
05d0fcdc
05d150ff
05d284b2
05d37a32
05d43020
05d53634
05d6948e
05d75ba0
05d83170
05d9be02
05da5251
05dbb6f2
05dcff0d
05ddc841
05de03d5
05df86a2
05e09f4c
05e1dc30
05e222d2
05e3ef3a
05e41a7b
05e54e8a
05e67fa4
05e75abe
05e817d6
05e994c3
05ea0ee5
05ebe392
05ec3173
05edc5b3
05ee845b
05ef91bc
05f0756b
05f194cd
05f29ce5
05f34efa
05f44575
05f5ca76
05f67fed
05f7d1dc
05f80c1b
05f956dc
05fa1112
05fb2c0c
05fc3a91
05fd9dc1
05fed1e4
05ff8efe
06007e3d
06016098
0602290c
06037b6d
0604f93f
06051381
06064d4d
0607da0f
0608391e
06094395
060a1a58
060b4e8e
060cb69b
060d26fc
060ef406
060f1a80
061039e3
06117f52
06120a58
06134e04
0614fd65
0615979f
0616a9b8
06175420
06183eb2
06193a77
061a487d
061b3877
061ce25f
061dc6d1
061eb735
061fc9e7
062027a6
062197e2
0622209a
0623232b
062421d0
06255bea
06268e92
0627543c
06288a3b
062901ee
062affaa
062bcd5d
062ccbcf
062df5e5
062e0ce7
062fada1
0630f735
063111c7
06328398
06335842
0634a6a8
0635d5b0
06369a4c
0637c2b9
0638dc25
0639bd06
063a4c34
063bb9d3
063c5193
063d52aa
063e97f0
063f4d57
06407036
0641cba2
0642ead0
0643c32d
0644b844
06457056
064659ba
0647f845
0648bf4c
0649b7de
064ac18e
064b4b5d
064c3dda
064d4b87
064ecadf
064f6d4b
065054ff
0651268d
0652c058
0653f17b
06542b88
06553316
06567ede
0657a853
06587a85
06599c95
065a8e90
065b1647
065cb24d
065da369
065e2421
065f80ac
0660fc1d
06613c59
06623f35
0663cae3
0664587d
06653815
0666d5e1
066725e4
06682936
06696a5a
066ae027
066bd645
066ce2b7
066dae60
066edf28
066f8dec
06704790
0671534e
06728737
067308d3
0674cb06
067589e9
06764ba1
0677b5d5
0678f9b3
0679fc41
067a0f9e
067b3263
067c8ce3
067d0cb1
067ef020
067fb3ff
06801fc9
0681d2c5
0682df58
06831ab9
0684ab5d
06853cb0
06867757
0687e2fd
06880bba
0689685b
068a74eb
068b1b89
068c0c93
068d2281
068e389e
068f8fd2
069061c3
06919859
069241b8
06934665
0694e117
0695502d
0696bbc2
06972a2b
0698b9c0
06996213
069ad0be
069b6084
069c8ccf
069d7add
069e964b
069f1fc2
06a0b707
06a1cf33
06a23342
06a3dba7
06a439c0
06a55768
06a6a952
06a789f5
06a85a11
06a9bb2b
06aae71b
06ab497b
06ac33ef
06ad5e4e
06ae9c5c
06af1dfb
06b0d654
06b1b2a6
06b24f83
06b31a29
06b4792f
06b5d7d4
06b6052a
06b7e8b1
06b8b6fa
06b9112d
06ba85b5
06bb5009
06bc7f06
06bd7269
06bebd75
06bf4ff0
06c077c0
06c16fbe
06c25f48
06c3fc0e
06c42d88
06c5b923
06c6b5e7
06c72605
06c8f393
06c99622
06ca3f00
06cb1835
06cc5c7a
06cd74f6
06ce4434
06cff878
06d0ad73
06d18810
06d2ad2a
06d330c2
06d4fb28
06d59e0c
06d68206
06d7efa0
06d8fadd
06d9b0a3
06da718f
06dbe1a0
06dc6383
06dd12e9
06debdee
06df2241
06e0188c
06e12441
06e20136
06e3d2d7
06e4e4e7
06e584d3
06e66029
06e76b48
06e83bf1
06e9b039
06eae566
06ebd8da
06ece3e7
06ed598f
06ee22f3
06ef214c
06f0eadc
06f1429d
06f2faad
06f34337
06f48e85
06f53204
06f6bab0
06f7c258
06f84f44
06f97c60
06faf3b0
06fbebbf
06fc874b
06fdfb6a
06fe48a4
06ff5c74
0700f616
0701f122
07021e23
0703392b
07042d37
07054fb6
07068058
0707b807
0708a8b4
07097082
070adcde
070bd0e9
070cc461
070d1bc4
070ea421
070ffc6c
07101452
07115e88
07125588
0713f614
0714d530
07155e24
07166070
07173a7f
071881a8
07194be6
071ac6df
071b31ec
071c8585
071d8f60
071e625b
071f35a1
072022e1
0721212f
07223017
07239a1f
072448c1
072587c4
0726de5f
072715b8
07287e84
07295f77
072a853a
072b880b
072cdf1a
072df824
072e4ca1
072fcc58
07300c10
073161a1
07327952
0733df6d
07341451
073562bc
0736d4cb
07376389
0738740e
0739c7f5
073a9b70
073b65d7
073cf23a
073d83ae
073e526a
073fdb02
074002cf
074147fc
07421962
074348c5
0744e27d
0745edea
0746c102
07470966
074889fb
0749ded0
074a6648
074b42a5
074c602c
074d177c
074e40df
074f93da
075091a2
07511b51
07528e35
075315fd
07541924
0755123e
0756bbbc
0757546e
0758d72b
0759b1b3
075ae1cf
075b7fa0
075ca24e
075d1b39
075e3c60
075fa490
0760be1d
07612aa5
0762c66a
076389a7
0764d934
07652942
0766bcb2
076748f5
076886e3
0769c153
076a39bb
076bc5c8
076cd975
076d26cf
076e00c4
076fb824
0770c52c
07715d14
07724019
07738f2b
07744387
07754a9d
07763b8d
0777d41a
077816c1
0779b063
077a8d89
077b6174
077c2afb
077dbcd8
077ea4b4
077f3ce0
07803252
07814cab
0782127d
0783903b
0784d9e3
0785c71d
078697e1
07873abd
07885725
0789d728
078a9786
078b39cd
078c0730
078dd1bc
078ea530
078f37de
07904e53
07913c58
07923a57
079327d8
0794f48b
0795bfa7
0796f5e8
0797e94c
079845c9
0799f3e5
079a6d4d
079b2ce0
079c08ed
079d3b29
079e2e69
079f18af
07a083cd
07a196ad
07a29106
07a3a9e3
07a4adbb
07a5250b
07a6178a
07a7d347
07a84dae
07a9307a
07aa8868
07abf611
07ac96fd
07ad9a31
07ae88e9
07af5488
07b01a05
07b1c049
07b2385e
07b3d53a
07b4bbcd
07b54af9
07b6f840
07b7a2ae
07b8c2a4
07b9326b
07ba7490
07bb5aca
07bcd92c
07bde246
07bea244
07bf5317
07c01875
07c1da51
07c2a5c5
07c32862
07c4d874
07c55f05
07c66873
07c7b784
07c82e3a
07c997d7
07cabd0b
07cb85b0
07ccf785
07cd9f2e
07ce566d
07cf332b
07d06863
07d1f37a
07d2e5b2
07d38aa5
07d43776
07d52bb4
07d6a87c
07d74c07
07d83ffc
07d9aa99
07da4cd1
07db0bab
07dc05af
07dd435d
07de81ce
07df7275
07e09e05
07e19377
07e21a13
07e37d51
07e41963
07e5fc7d
07e65070
07e7f4ee
07e81543
07e97681
07ea676d
07eb44f2
07ecd68d
07ed7bfc
07ee600b
07efe05d
07f02248
07f1c07a
07f271d3
07f30516
07f4cc23
07f5f248
07f62b5a
07f7a729
07f86035
07f96e99
07fa6cd7
07fb0728
07fc2310
07fdd475
07fe8c95
07ff0b34
0800577a
0801fe8f
08020fe4
08033722
0804d332
0805078f
0806ed71
0807ccea
0808fe0d
080959b9
080a5922
080b59ea
080cc41e
080d6e04
080e9334
080fa6be
0810394a
08119494
081212fb
0813476d
081423f7
08158b67
0816d2af
0817ad2f
0818f17d
0819c177
081a70ba
081bd57c
081cd1ec
081d50bd
081ee82b
081fae57
0820b861
08210b28
08224aaf
08236a75
0824a765
0825f6f8
082670d5
0827f14d
082841a7
0829a677
082a52d1
082b50d7
082c81ea
082da62f
082eec2e
082fdc0c
083086b5
0831df96
0832ad0b
0833e328
08341f6d
08354523
08365b38
0837ae97
0838c04e
083982f9
083a8ba7
083bcd56
083cc2a1
083d3889
083ee4f2
083f6914
0840551c
08415c45
0842e4e1
08431560
0844ebed
0845435c
0846a165
0847189e
08481e97
0849c00a
084a9147
084b95d6
084cc777
084d7f07
084ed795
084f83b5
08504c25
08518128
08521afd
0853e5a0
0854d0b8
08551e89
08568a51
08573777
08585207
0859a6bb
085a1989
085b7771
085c7a11
085d671b
085e9d30
085f9945
0860c346
08610443
086232bc
08634cf8
0864bd15
086511ac
08666f40
0867c268
0868fe75
08691c11
086a3b82
086b9322
086cad2f
086dbbe0
086e6a3e
086f590d
0870122e
0871e193
087227ba
0873efd5
08743e44
08759253
0876498d
08776c14
0878a137
087954bf
087a135c
087b6018
087c3b88
087d49df
087ec3c1
087f606b
0880354a
0881cd64
0882c0ca
0883adc6
0884a76d
0885f32d
088617f5
088798a8
0888a2c7
08890043
088aaeee
088b28f2
088cdf7e
088d25a1
088e5eb3
088fe7ee
08904641
0891f30e
08924ac1
089379a1
08943fe2
0895ee4e
0896e50e
08976fa1
0898131c
0899f89f
089a12ee
089ba0a3
089cb853
089d822c
089efd7e
089f391d
08a0a1e5
08a184b7
08a270b3
08a3ec29
08a4d24d
08a535ba
08a62d57
08a766fd
08a80e7a
08a9303a
08aa3953
08ab77e7
08ac4d3e
08ad9496
08aefdb5
08afc6fe
08b01e1f
08b1d987
08b2bb4c
08b3dfb2
08b475db
08b56cb2
08b6f467
08b779a3
08b851de
08b960c2
08ba6457
08bb5373
08bc083a
08bdc254
08be6721
08bf9c75
08c09669
08c12653
08c229ec
08c3e7b6
08c4ca4b
08c500f0
08c633c4
08c7920e
08c80cdf
08c9682a
08ca24b8
08cb2a8d
08cc7551
08cd2c64
08ce0090
08cfaacd
08d07b6c
08d1c415
08d23672
08d346f5
08d4c939
08d51a10
08d6d902
08d7082e
08d829b2
08d9c2dc
08da06af
08dbfdf5
08dc548e
08dd2fc8
08dea459
08df4e41
08e04c32
08e11b00
08e2acfb
08e368b5
08e415cd
08e53148
08e67a71
08e79a37
08e887bd
08e93137
08ea9754
08ebf31f
08eca178
08ed7c05
08ee63bd
08ef3ae8
08f07966
08f11c1d
08f25a58
08f3e9d4
08f4dc12
08f5c5b7
08f6842b
08f7966e
08f83b23
08f971e0
08faa734
08fb6243
08fcab9d
08fdfce8
08fec6eb
08fff071
09009453
09012181
090253ca
0903ba60
0904389d
090514a9
0906d634
09076270
0908b7d0
0909f567
090a9354
090b6d78
090cc05a
090d54dc
090e8122
090f4791
09109ea8
0911534f
09126098
0913d155
0914579c
0915dfd1
0916c2f8
0917bb83
09180d05
09196654
091af77e
091b2d07
091cc843
091dc5d0
091ed4a4
091f1478
0920363b
092122bc
09228e5a
0923be68
0924183b
0925bb38
0926d2a6
09274494
09284f61
0929852b
092a3660
092b2af6
092c726c
092dcedc
092e20e4
092f09d8
0930bfc8
09318458
0932ccfb
0933a421
09342da2
0935d0bc
093646ff
09378c8d
0938463f
09394f85
093a365a
093b1c20
093c012b
093d9656
093e0c99
093f9f95
094077a9
09416cf8
09425913
0943a945
0944eec1
0945a3ca
0946ea7f
09478c07
09483e1f
0949999d
094ace54
094b87ff
094c50a3
094de0df
094ec977
094ffa80
0950fb16
0951294f
09523bbb
0953b37a
09544984
095547ab
0956e35b
0957fe2d
0958fecf
0959f8be
095ac38c
095bc15d
095cffcf
095d5f3f
095e8d3a
095ff937
096077ed
09613b86
0962de2f
0963971d
09647edf
0965aaa2
09668923
09676ca7
096866f4
09697960
096ae7ed
096b5b70
096c2729
096d49aa
096e22ae
096fc758
0970007c
0971eff6
09720e0f
09732535
09748cdc
0975ecc3
09765448
097772be
09783f6a
0979c304
097adf22
097bff10
097c4350
097d9241
097e72bd
097fdd43
0980c247
0981b1a8
0982f0db
09836af5
098416eb
0985df58
0986f059
0987a4af
0988fc74
0989a37d
098a0566
098b74a6
098cf5d4
098df784
098ebead
098fa58c
0990912b
09912b69
099280f8
09933f8a
0994268b
0995c21f
09963ff4
0997629e
0998d8ad
0999aba2
099a2927
099bc3f8
099cadb7
099d82a0
099ed2cb
099f2cdc
09a071c7
09a15b9a
09a2948d
09a3f5b1
09a4189d
09a55d73
09a65ce4
09a71e6d
09a860d7
09a9ab42
09aa809a
09ab2c68
09ac5992
09ad0497
09aed11f
09afc427
09b0ec39
09b1f5fc
09b26672
09b300fb
09b4c342
09b54668
09b6a45e
09b77916
09b809a3
09b9d141
09ba2b20
09bb5b4e
09bc0df1
09bd9f3b
09beb9ac
09bf2782
09c09db1
09c17806
09c2a2d7
09c31d78
09c4dc56
09c523fc
09c60681
09c76d0d
09c8cc01
09c94233
09ca8aa7
09cbc350
09cc8289
09cd7873
09ce4e6c
09cf6484
09d0f58a
09d19a25
09d2f957
09d31088
09d49071
09d530ab
09d61cad
09d704cc
09d892e4
09d9b53f
09daf54f
09db842b
09dcd954
09dde5f6
09de6c4b
09df02e6
09e03426
09e1b187
09e26ece
09e34f14
09e4f3c3
09e59349
09e6d948
09e714b2
09e85903
09e90200
09eaab66
09eb7019
09ec0a17
09edac39
09eeaf39
09efb41a
09f0d73d
09f18fbd
09f28c09
09f3ebb5
09f43e6e
09f56999
09f6ed57
09f7010b
09f8d247
09f94f62
09fa3f33
09fb6a9a
09fcd7a3
09fd7e63
09feb60c
09ff3695
0a0077f0
0a01610f
0a020545
0a03b2ce
0a041cb7
0a05bfe7
0a06a77e
0a07915f
0a08a1ce
0a095d19
0a0a45c6
0a0bde9e
0a0c2e1b
0a0d9b99
0a0eae54
0a0f4973
0a10c3d9
0a11e84d
0a12cc25
0a13663b
0a14fa03
0a156414
0a162277
0a177590
0a18357b
0a19ca63
0a1a1dd3
0a1b099d
0a1cea6b
0a1d2a68
0a1ecd87
0a1f9ec5
0a20bd5e
0a21c579
0a2268bd
0a23a975
0a2467cc
0a252483
0a2632f9
0a273eb9
0a28dc5f
0a2947f7
0a2a594a
0a2bfcf5
0a2cb453
0a2dd6f3
0a2eceea
0a2f9a91
0a3086b5
0a31c63d
0a329536
0a33289c
0a341ffb
0a350ece
0a3629ce
0a37e3ca
0a3871b7
0a39e1e4
0a3ac672
0a3bc208
0a3ca2e7
0a3d5cae
0a3e58da
0a3fa56e
0a407ea1
0a41438f
0a425779
0a43d418
0a44db9c
0a45fea4
0a464bbd
0a4717fa
0a48c290
0a492a7a
0a4a3814
0a4be4cd
0a4c39b7
0a4d63b3
0a4e7521
0a4f7ba4
0a509a5f
0a514048
0a525ad3
0a53e005
0a54d962
0a551fc2
0a566b3a
0a577e5f
0a582407
0a590850
0a5ac308
0a5b8101
0a5cae0a
0a5dd0db
0a5e3eae
0a5f7890
0a60f398
0a61977c
0a628fb1
0a630797
0a64a611
0a6553b7
0a66cd92
0a670490
0a68072b
0a691655
0a6ab467
0a6be9c5
0a6c991b
0a6d9ba8
0a6eba55
0a6f0725
0a701ceb
0a71de0e
0a7286af
0a73426c
0a74df71
0a75c3a4
0a764ff1
0a772912
0a784825
0a79078f
0a7ac01a
0a7b5aaa
0a7cf7c5
0a7d8daf
0a7e5054
0a7f7295
0a804e91
0a81eb37
0a82ab14
0a834825
0a84efa4
0a85d39f
0a868c65
0a87a342
0a88dfa1
0a8907dd
0a8a3c8e
0a8bbe6e
0a8cdc86
0a8d7093
0a8efc21
0a8f114e
0a90cf1b
0a91ec28
0a926a83
0a933f25
0a946a7a
0a955e65
0a96130e
0a971184
0a982ace
0a993514
0a9aaf88
0a9be708
0a9c065d
0a9d1944
0a9e5e06
0a9f20a0
0aa04a30
0aa11433
0aa2d454
0aa3c78d
0aa4f9f1
0aa51cae
0aa63ab4
0aa7c3b7
0aa80393
0aa9d20d
0aaa55a1
0aabe3d4
0aacc944
0aad5a41
0aae4e51
0aafe75a
0ab038c1
0ab1f617
0ab25fde
0ab3b3dd
0ab4f37a
0ab556a8
0ab6d75c
0ab786ad
0ab87f1e
0ab93dbc
0abae741
0abb242c
0abc1dc0
0abd31e8
0abec6e0
0abfb633
0ac0c986
0ac1d0a1
0ac2ebe8
0ac330ac
0ac4d8ce
0ac594bb
0ac68f06
0ac7eef9
0ac8135d
0ac91762
0acaa73e
0acb674a
0accecfc
0acd670a
0ace617d
0acfb682
0ad0ff2c
0ad19332
0ad26578
0ad3e8d2
0ad41eb9
0ad54395
0ad64c75
0ad7a182
0ad8920c
0ad9f4b4
0adafa2a
0adbccbc
0adcbf1c
0add68a9
0adecbbd
0adfc444
0ae04a1d
0ae1f73e
0ae2c949
0ae3dbf5
0ae41634
0ae5d7cc
0ae6ae20
0ae782b4
0ae8b2b2
0ae95f0f
0aea590d
0aeb9fac
0aec7375
0aedd47c
0aeea286
0aefd2e1
0af08f66
0af1f4f1
0af26d10
0af33fbd
0af4acc2
0af56bc7
0af675af
0af7628e
0af86da3
0af9c1a7
0afabc98
0afb9b0c
0afccf2b
0afd63b3
0afecfad
0aff4f72
0b001d38
0b013679
0b02bbd9
0b03a340
0b041623
0b05fbb1
0b061c31
0b077461
0b08747d
0b0940ae
0b0aa243
0b0b2ed4
0b0c5f48
0b0d23b8
0b0e3fea
0b0f78ff
0b10c4b3
0b11dd9a
0b12a638
0b139081
0b14f23e
0b15950d
0b16da42
0b1753b9
0b186baa
0b19ca65
0b1a4351
0b1b9981
0b1c06e3
0b1d5cc3
0b1e8078
0b1f5c06
0b202e77
0b21f713
0b22fc91
0b238bcd
0b244d71
0b2520d8
0b26c45d
0b276234
0b288fd1
0b29f606
0b2a3fcf
0b2b72b7
0b2c561c
0b2d7bdc
0b2e8b5e
0b2fa1e7
0b306810
0b3198d5
0b32d5dc
0b33bd23
0b3457fe
0b35a116
0b367d4f
0b37c4b9
0b38e663
0b39a04d
0b3ad98e
0b3b70dc
0b3c34f8
0b3d8d54
0b3e5f54
0b3f378d
0b40b225
0b41d46f
0b42797a
0b43c8cb
0b44c637
0b45f706
0b46a63b
0b4720c4
0b48d99e
0b49cb13
0b4a77b4
0b4bff44
0b4c6ab7
0b4dc0aa
0b4e0cc0
0b4f073c
0b502e6c
0b51cfac
0b52a273
0b53f274
0b5416f0
0b551078
0b564c2a
0b576665
0b58498c
0b594d2f
0b5a49db
0b5bb98b
0b5c672a
0b5db091
0b5e9b6d
0b5fbd5c
0b60c5b8
0b61e844
0b62d859
0b631a72
0b64d0dc
0b651219
0b668633
0b6734eb
0b689a98
0b69a7ed
0b6afb79
0b6ba84f
0b6c5a16
0b6daf6d
0b6e8074
0b6f42d9
0b7033db
0b719eed
0b722e7b
0b739533
0b746a7a
0b75a209
0b76343d
0b779d17
0b78acee
0b799d53
0b7abb2e
0b7bd385
0b7c3eee
0b7d106b
0b7ec9d2
0b7f620b
0b801fd0
0b81718b
0b822a18
0b83d825
0b84e352
0b85b3ed
0b86a7ad
0b8744e2
0b888043
0b8968ee
0b8abd51
0b8b06d5
0b8cc028
0b8dcd64
0b8e86b0
0b8f3944
0b90413f
0b91fe1e
0b92369b
0b932948
0b940c97
0b95a7d1
0b963147
0b9708ad
0b9857b8
0b99a1e6
0b9a3bf2
0b9bfeeb
0b9c30ac
0b9d92a0
0b9e023c
0b9fc2c3
0ba020b1
0ba19433
0ba28c6e
0ba3706b
0ba4a2d7
0ba5acfc
0ba66320
0ba75a6e
0ba8d766
0ba93c62
0baa589e
0bab191d
0bac9621
0bad14f7
0bae0465
0bafd64a
0bb00788
0bb16e96
0bb264e2
0bb33e1c
0bb4b196
0bb5e99f
0bb6f21e
0bb73122
0bb87923
0bb92179
0bba98f6
0bbbdcf0
0bbceae7
0bbd7395
0bbe0b08
0bbf8e31
0bc07b65
0bc1864e
0bc20b5e
0bc310dd
0bc47642
0bc5ab20
0bc6a4e0
0bc73f2f
0bc8bd7d
0bc96a02
0bcadd9d
0bcb300a
0bccc1a8
0bcd5b4e
0bce834b
0bcf5101
0bd07fd4
0bd1954c
0bd232bb
0bd336b6
0bd4460a
0bd5a811
0bd628e1
0bd7de81
0bd8045d
0bd93c0b
0bdad099
0bdbd4c2
0bdcfae9
0bdd6fba
0bdeb186
0bdfeac8
0be07ec7
0be1a2b9
0be2fda4
0be39845
0be4e531
0be5d367
0be6a47e
0be7be26
0be804a7
0be9b460
0bead7ba
0beb5981
0becf6a5
0beda033
0beef752
0befd27e
0bf0a2b4
0bf1541c
0bf222dd
0bf3cb8e
0bf4be1c
0bf5f473
0bf6f1bc
0bf74319
0bf8a01e
0bf90e42
0bfabb20
0bfb215d
0bfce92c
0bfd4b87
0bfe377c
0bff6717
0c0026fe
0c019c53
0c02a7cd
0c03fe4e
0c04e56f
0c05ec45
0c066dce
0c07813d
0c086380
0c09ee6a
0c0ad2dd
0c0bcfee
0c0ca39d
0c0dacef
0c0e43cf
0c0fd659
0c106ced
0c113322
0c129d08
0c13d11f
0c14a172
0c1553f7
0c163db8
0c172c77
0c1880fc
0c1941b7
0c1a017a
0c1b5fd9
0c1c3078
0c1dd697
0c1e1b56
0c1fd175
0c209a59
0c2150bb
0c22a92f
0c234714
0c2444a4
0c25069a
0c26e142
0c27ad8a
0c28081c
0c29f828
0c2aaf1d
0c2b180c
0c2c5a0f
0c2d82db
0c2e2efc
0c2fd0ce
0c303c19
0c3188b1
0c320fa1
0c33099a
0c34ab41
0c351f81
0c36288a
0c37a278
0c38602d
0c39abf5
0c3adf7f
0c3bbe3a
0c3cd09c
0c3db75e
0c3ee506
0c3fa093
0c400f50
0c41388d
0c42a56b
0c433e05
0c44b765
0c45f352
0c463347
0c477105
0c48a5c9
0c49ea34
0c4a57b8
0c4b78c8
0c4c3ec1
0c4dc8bd
0c4e3241
0c4f905c
0c509353
0c519d57
0c52929f
0c53fc1e
0c54266f
0c55f46e
0c56f84b
0c57c9a5
0c58cd81
0c599472
0c5adf80
0c5b05a3
0c5c9ed6
0c5dc0b0
0c5e2199
0c5fb671
0c60b0be
0c61c875
0c621d65
0c6311c0
0c64bd04
0c6567b4
0c66e3e4
0c67b5c9
0c68d95c
0c6990a3
0c6a121a
0c6b6fee
0c6cdce9
0c6d8a00
0c6e5b0b
0c6f00b1
0c70f994
0c71af1b
0c724336
0c73af51
0c74eec5
0c75cc69
0c76b8c8
0c771c53
0c78fae8
0c790f76
0c7a2bef
0c7b7d56
0c7cd29b
0c7d2ff0
0c7e5ffb
0c7f3efc
0c80b309
0c81ce1c
0c82ed3a
0c8346a1
0c84e643
0c857f4c
0c869886
0c87e958
0c885727
0c89d520
0c8a2781
0c8b1e15
0c8ce6a7
0c8d3b99
0c8e6b38
0c8fb256
0c90dd49
0c9172bb
0c927dae
0c93eea4
0c94c42e
0c954008
0c96b62e
0c97debe
0c98b620
0c997095
0c9a5e76
0c9b84fd
0c9c7204
0c9d267d
0c9e2109
0c9f7351
0ca0034b
0ca13a02
0ca2eef3
0ca3369b
0ca4da0b
0ca559c3
0ca62491
0ca72bab
0ca8b41b
0ca95ff6
0caaed98
0cab2fb6
0cac62a2
0cad56b8
0cae0148
0caf1050
0cb085fc
0cb1ba88
0cb2b2f5
0cb393d6
0cb48d70
0cb5e71e
0cb6d7ff
0cb7ffd6
0cb80830
0cb9614e
0cba5b06
0cbbc556
0cbccf04
0cbd71e9
0cbe83ca
0cbf85a7
0cc0cfd8
0cc16c49
0cc20fec
0cc3206c
0cc44c97
0cc5c066
0cc6dbf7
0cc7db40
0cc86b39
0cc95b5e
0ccaef73
0ccb9d21
0ccc7eed
0ccddade
0cce6166
0ccfc00f
0cd0d57a
0cd1d957
0cd2a14a
0cd3531b
0cd4d904
0cd5d0fa
0cd6a614
0cd7f037
0cd852ef
0cd95d1c
0cda7b5c
0cdbdeb4
0cdc6395
0cdd44a6
0cde15f8
0cdf8c8f
0ce02eca
0ce1f2c1
0ce2a564
0ce3983b
0ce48418
0ce578e2
0ce60e2d
0ce7e789
0ce81c68
0ce9048e
0ceab781
0ceb7a29
0cec7bac
0cedf037
0ceea6b7
0cef0ff1
0cf08b2c
0cf1d805
0cf2fd40
0cf33771
0cf4dbdc
0cf5a364
0cf61bf1
0cf78ac8
0cf822ef
0cf9406e
0cfa3c93
0cfbb761
0cfcd6ca
0cfd7d60
0cfee9e4
0cff4745
0d00684d
0d01647d
0d027183
0d031dbb
0d044b40
0d053ed1
0d062f9e
0d07eaba
0d08a73c
0d099e59
0d0a3370
0d0b6285
0d0c1946
0d0df854
0d0e5c7a
0d0fde06
0d10ecbc
0d1111ce
0d12fb60
0d1370b2
0d14ff5e
0d15ab89
0d16c810
0d17b1ae
0d183026
0d196805
0d1ae76f
0d1b6161
0d1c7eb4
0d1dcb72
0d1e5755
0d1fbdb4
0d20b8d8
0d21c60e
0d22b17e
0d23fff1
0d24cac6
0d25a32f
0d26fd6a
0d27483b
0d28f92b
0d29e8dc
0d2aac81
0d2bc605
0d2c42f9
0d2d5143
0d2e5715
0d2fda48
0d30243d
0d319d06
0d325d2c
0d33dc85
0d340abe
0d35872e
0d365ccd
0d37e363
0d38ec58
0d39f791
0d3a335a
0d3bde02
0d3cae64
0d3d2be7
0d3e5658
0d3ffc2a
0d402fab
0d41ea2b
0d42edb2
0d4321bd
0d4444c7
0d458141
0d46462d
0d4741b8
0d484e22
0d493e66
0d4af71e
0d4b5f63
0d4c3545
0d4d668d
0d4e0c13
0d4f9a54
0d50749e
0d51c6ab
0d523600
0d537727
0d54fd2c
0d55cc26
0d56e810
0d57d492
0d587afe
0d594585
0d5a18e2
0d5b3dc7
0d5ce6d5
0d5de5be
0d5eda83
0d5f65fd
0d600749
0d61af7e
0d625980
0d63f64a
0d647858
0d6534dc
0d6699a6
0d67bf17
0d687371
0d692c03
0d6a55a6
0d6be9e3
0d6c4b8b
0d6d67ad
0d6eeea1
0d6fe2dd
0d705422
0d71284a
0d728ae0
0d733ae2
0d7441e4
0d7516c2
0d76e19d
0d77264b
0d78adfe
0d794e79
0d7a7298
0d7b0864
0d7c6784
0d7dccd8
0d7ec5d5
0d7f660f
0d801c24
0d81f6e3
0d828e4f
0d838668
0d84f2eb
0d8545c0
0d86f664
0d874b05
0d88f016
0d8902eb
0d8a180d
0d8b8d57
0d8c1f74
0d8dd3e2
0d8e5e33
0d8fd67f
0d903464
0d91e4dc
0d92a66b
0d93416c
0d94e331
0d954e98
0d965685
0d97a33e
0d9809dc
0d99dc77
0d9ab156
0d9b5daa
0d9c52c5
0d9d7228
0d9e1266
0d9f9c0d
0da025fd
0da16553
0da2f27f
0da318d3
0da44bd7
0da506e3
0da6be57
0da734cd
0da8327e
0da9f553
0daa0be2
0dab48f6
0dac3409
0dad5744
0dae44ea
0dafff2b
0db02017
0db1fd07
0db23dce
0db338e2
0db4a5b8
0db523d5
0db61dc1
0db785ce
0db87a97
0db96d78
0dba45b8
0dbb7028
0dbc2289
0dbdb24a
0dbef3db
0dbf731c
0dc0dca0
0dc19c74
0dc2c80b
0dc33f1a
0dc448d3
0dc59cf7
0dc60a70
0dc77cdc
0dc8a30d
0dc949e0
0dcae54b
0dcb46a1
0dcc0375
0dcd191b
0dce3c11
0dcfb810
0dd08fb4
0dd1a0e8
0dd2f23a
0dd3bcd0
0dd47e1e
0dd5672b
0dd63f71
0dd78a7d
0dd84068
0dd99f84
0dda77d5
0ddb8591
0ddcaae4
0ddd4381
0ddeab94
0ddfd24f
0de0d60f
0de1e4f6
0de2bdfd
0de358d9
0de44620
0de5c7e8
0de668e0
0de71b5b
0de86612
0de9e0d6
0dea8786
0debe9f7
0dec6650
0dedb662
0dee0fee
0def347e
0df034fc
0df1f58a
0df216d7
0df37a2f
0df4f117
0df5f85f
0df63a5c
0df7aebb
0df8f05c
0df940ac
0dfa5803
0dfbf137
0dfc2a84
0dfd4d97
0dfe23f9
0dffe007
0e00e8df
0e010e19
0e02175b
0e03b114
0e0432f0
0e059393
0e0694c1
0e07a24a
0e08f29d
0e09b31f
0e0a0536
0e0bc855
0e0cc060
0e0d202c
0e0ec56a
0e0fc862
0e101a9f
0e113b13
0e12fd1c
0e13bbeb
0e14628e
0e15261c
0e16b27c
0e17345d
0e18b825
0e19a734
0e1ad66a
0e1b9189
0e1cf865
0e1d2567
0e1e1ad8
0e1fe6af
0e203f7d
0e2131aa
0e22b5de
0e237032
0e242f24
0e25d581
0e26f586
0e27974d
0e2800f5
0e293886
0e2a6b30
0e2b4c27
0e2c4564
0e2d0192
0e2e59ef
0e2fca73
0e304856
0e31ba83
0e32c2f2
0e3338aa
0e34819f
0e3548b6
0e367605
0e37248f
0e389236
0e39c7e5
0e3a3885
0e3b48f3
0e3ce192
0e3d0e42
0e3ed32a
0e3f9566
0e40a3b4
0e41656f
0e42f115
0e43825a
0e4408d6
0e458f7b
0e4660c9
0e47e702
0e48e015
0e4990ce
0e4aac68
0e4bb927
0e4cec2c
0e4d98d1
0e4eed27
0e4fe13a
0e501617
0e51aa53
0e524f3b
0e537ff8
0e54367c
0e553b1d
0e561257
0e57c0c4
0e58620e
0e59c320
0e5a534c
0e5b68c8
0e5c41a7
0e5da6f9
0e5e96c2
0e5f4510
0e60b5e8
0e616559
0e6228e1
0e635c4b
0e641657
0e651197
0e666b9b
0e67f139
0e68196b
0e6915b0
0e6a51f2
0e6bef02
0e6c1490
0e6d1c6a
0e6eb61f
0e6f3bcf
0e70389b
0e71c278
0e7258fd
0e739eac
0e74ac12
0e75a5f6
0e76144d
0e779533
0e787003
0e79b68f
0e7ad7f0
0e7bf015
0e7c8768
0e7d00c2
0e7ec89a
0e7f22ab
0e800ea1
0e813e22
0e82cb28
0e83dbdc
0e845cf3
0e85b139
0e86b480
0e8785f6
0e881437
0e8999df
0e8ac277
0e8b9217
0e8cf162
0e8d9c42
0e8e87ef
0e8f9bb8
0e9004cc
0e911b8d
0e92c1ae
0e939c05
0e94dec3
0e95f2a1
0e9647b3
0e97e61e
0e982730
0e996263
0e9a26ae
0e9b696c
0e9caa64
0e9d1041
0e9e3bc4
0e9f3538
0ea0c0c9
0ea1cc67
0ea269e5
0ea34730
0ea4b46f
0ea57a8e
0ea6f8d2
0ea7ad62
0ea8e000
0ea9c931
0eaae99b
0eab25f0
0eacdbbc
0ead6fc7
0eae7735
0eaf6543
0eb05644
0eb12395
0eb28b55
0eb3afd7
0eb4e785
0eb53b99
0eb6ade4
0eb7c177
0eb83ff7
0eb97fbe
0ebabd6f
0ebb09c2
0ebc1436
0ebdb9af
0ebe8c33
0ebf6604
0ec0f654
0ec142d6
0ec22a98
0ec3a4f0
0ec44f3b
0ec5c943
0ec6e700
0ec7e542
0ec8bc0e
0ec94b04
0eca640b
0ecb7c3d
0eccb497
0ecdb83e
0ece131c
0ecf628a
0ed04bd9
0ed117d8
0ed2752b
0ed328b2
0ed411fe
0ed5238d
0ed626ab
0ed7f1fb
0ed8b0bc
0ed925dc
0edabd1c
0edb1f1a
0edcf7dd
0edd5ee8
0edef8be
0edf88c6
0ee04519
0ee1e718
0ee231cd
0ee327b3
0ee4e4cb
0ee5efe3
0ee6668e
0ee7cd5b
0ee8f0c5
0ee9944d
0eea0643
0eeb83ff
0eec8c0d
0eedc277
0eee36fb
0eef2df8
0ef03219
0ef16f86
0ef2a5b3
0ef34a01
0ef4aacc
0ef54e32
0ef6aab5
0ef71cc7
0ef8de7a
0ef91320
0efab90e
0efb901f
0efcb949
0efdb2c4
0efe8bd4
0eff1fc0
0f00397d
0f015cf1
0f0231e9
0f03d6ff
0f0405f2
0f05eeb6
0f06d9bf
0f07aeb7
0f0861f3
0f09d438
0f0a1744
0f0b9bc1
0f0c46fc
0f0dc65d
0f0e7428
0f0fc42b
0f101e17
0f113204
0f12e071
0f13d39a
0f14ef7e
0f153318
0f163f3f
0f1741af
0f18e6a6
0f191a7d
0f1a4bc3
0f1bdd7c
0f1cadc0
0f1dfaa2
0f1ee005
0f1f3325
0f20b83e
0f2130a5
0f221767
0f2300aa
0f24308b
0f25e13f
0f26722b
0f275c76
0f28518c
0f29b31d
0f2aaaa5
0f2ba745
0f2ca96c
0f2d5311
0f2e4efd
0f2f2f60
0f302f13
0f3168ee
0f329d36
0f33837b
0f341cc7
0f35db4d
0f3689f8
0f37c2d8
0f389744
0f39d8ba
0f3a80fb
0f3becd1
0f3c946c
0f3d3524
0f3e1297
0f3fd4d7
0f4000c6
0f412ca7
0f420274
0f433d8d
0f442565
0f45ff61
0f46b7d7
0f473047
0f48803a
0f49ab08
0f4acb7e
0f4b7ddc
0f4c3c64
0f4d6149
0f4e080e
0f4f6639
0f50224e
0f51e06c
0f52adeb
0f53ad5c
0f54b6db
0f554dbf
0f56ed6b
0f575643
0f58c19a
0f59f53a
0f5a02aa
0f5bf560
0f5c0a0c
0f5d885c
0f5e1a92
0f5f2073
0f607dd4
0f619c03
0f62051e
0f639c40
0f6413d5
0f653b3f
0f66d889
0f67bf14
0f680bd7
0f692ca7
0f6a8a0a
0f6b433e
0f6cfa65
0f6d01fd
0f6e4a64
0f6fd95f
0f7070c3
0f71d864
0f727c9c
0f730819
0f748382
0f7536bd
0f76624e
0f775a5d
0f782f28
0f79e18f
0f7a9405
0f7b6e26
0f7cfae1
0f7d84b8
0f7efae5
0f7fb9d8
0f808f49
0f815707
0f828036
0f83984e
0f8467d8
0f851eca
0f86751d
0f870a36
0f88b838
0f89d2a2
0f8a3646
0f8b0641
0f8ceecc
0f8d3ca9
0f8e6e33
0f8fc824
0f909635
0f911771
0f9293e0
0f93cd52
0f94a4d7
0f956960
0f96b3f8
0f97160d
0f98b1ec
0f99e30a
0f9a9da5
0f9bfc69
0f9c1015
0f9dd3dc
0f9e4351
0f9fdccb
0fa04f04
0fa11003
0fa2c6bf
0fa34f53
0fa4b49f
0fa590bb
0fa6121a
0fa7e9f1
0fa8780c
0fa9da0b
0faa0485
0fab1f94
0fac2f09
0fad7c21
0fae773f
0faf2448
0fb01595
0fb11025
0fb23133
0fb350f0
0fb44552
0fb594c8
0fb6fd19
0fb774e7
0fb8912b
0fb985de
0fba52a1
0fbbeada
0fbc30d7
0fbd069c
0fbe1817
0fbf075d
0fc01bf4
0fc1f2e2
0fc294d0
0fc3be80
0fc44e52
0fc50063
0fc6c71e
0fc7227b
0fc8b299
0fc980fd
0fca3500
0fcb945d
0fcc7112
0fcd798f
0fce1963
0fcf5299
0fd03131
0fd1029c
0fd2917f
0fd3cf93
0fd4aa96
0fd50f32
0fd63595
0fd7c110
0fd8ee0f
0fd98b53
0fda712e
0fdb4862
0fdc1a6c
0fddea17
0fde9fde
0fdf56b5
0fe0d891
0fe134d7
0fe21aed
0fe34f56
0fe49160
0fe5f517
0fe6a78c
0fe7e6f4
0fe83724
0fe96aee
0fea7962
0feb69c0
0fec9e97
0fedd969
0fee1213
0fef8be5
0ff07635
0ff15b56
0ff29035
0ff36acf
0ff45c71
0ff566e6
0ff64451
0ff7f6b8
0ff897b0
0ff99fe8
0ffa736d
0ffb0a93
0ffc339f
0ffdb208
0ffe744c
0fff0cb5
10008f3f
100167b5
1002e8e8
1003b563
1004dc13
10054d28
10065ed8
10075780
1008fb3e
1009998b
100a043e
100b57ea
100c4194
100d1b51
100e61be
100ff218
1010a479
10111b35
1012227f
101300f7
10141ff2
10159e6b
10163d8a
1017f0f8
1018ab90
101972c9
101a2767
101b485d
101c8fc0
101de896
101e472b
101f3afd
1020ee0e
10219b97
1022543a
10230f2d
102486f0
1025f8f4
10264bec
1027227d
10283d01
10294ad5
102aa69b
102b231e
102c9746
102d65b4
102e622e
102f9c60
103092b2
103193eb
103235e6
1033f91b
1034a64d
10356334
1036e695
1037a45c
103831a3
1039aa0d
103aa265
103bfe3c
103c3ea2
103dfa1b
103e4796
103f27dd
1040a86d
10411040
1042a251
104349d4
10441295
10455673
10466ace
10470f5c
10486c1d
1049717b
104a6de3
104b95df
104c60f1
104d7d3d
104e5d66
104f2d89
10502a03
1051ecd4
10524507
10531077
1054d783
1055350f
1056eaaa
1057392a
105856ca
10590546
105a3401
105bac9c
105cf5b8
105de6f0
105ef419
105f4cf9
10600774
106108a3
1062f713
1063235c
1064884c
10650ba8
1066a91e
1067ced4
1068de01
1069acad
106af1cd
106bbce4
106c584e
106d264e
106ed7f6
106fe3ee
10700053
10714f1d
1072878f
10734a6d
10747e9a
107536bf
107664f1
10776022
107869b5
10796e83
107a0e20
107b7e24
107cbe87
107d8aa5
107e2841
107feaf6
10802ffd
1081e901
108244d2
1083a1eb
1084fd23
108523d2
1086c48c
1087490a
108874f1
1089d289
108a0459
108b2e88
108ccdce
108d1062
108e2f43
108f24b3
10903db1
10918ac5
10929b34
1093e509
109405ff
1095f5d8
1096c6e9
109771b0
1098d662
10992bec
109ac55a
109bce18
109c244f
109d6c84
109ee5d3
109feddd
10a0805d
10a11a8a
10a2298e
10a3440e
10a4fc43
10a5d9bd
10a66e9b
10a73cf7
10a85608
10a982e9
10aa1109
10abedf8
10ac646f
10adc3c2
10ae7edb
10afb336
10b0ab8e
10b11eb6
10b242b1
10b3dcc7
10b46f12
10b57f78
10b63202
10b721bb
10b8a65e
10b980e2
10baa3f4
10bbf9ff
10bc156a
10bdc2cb
10beea0a
10bf3769
10c03d86
10c111f2
10c23633
10c38395
10c44264
10c59db2
10c6d08b
10c77d27
10c89fe4
10c955fd
10cacbbe
10cb9449
10ccd246
10cd4ab3
10ce2f5d
10cf7436
10d067c3
10d16cf0
10d28d99
10d34331
10d4c749
10d549a7
10d63903
10d75017
10d82ecd
10d96ec9
10da28ea
10db25ff
10dc1fdb
10ddf0d6
10deaff6
10df2e4c
10e06eab
10e1a9fd
10e29980
10e346cb
10e4ea8c
10e52163
10e6644d
10e74e9b
10e816a2
10e9cfdb
10ea6c80
10eb9543
10ec79b8
10ed0b9c
10ee9719
10efe8cf
10f01dbe
10f1d8b0
10f2aebe
10f38919
10f4779e
10f53944
10f6891b
10f7593f
10f88a92
10f9b940
10fadd4f
10fb4caa
10fc4796
10fddf70
10fe7331
10ff44d3
1100d1ff
1101f81c
11027238
1103419d
1104779f
1105c739
11065b50
11070083
1108d643
11090cd5
110aef3c
110b1501
110c0544
110d3a74
110ebd93
110fcdd6
1110d70e
11111061
11123865
11135f83
1114d445
11154aed
111601b0
11170082
1118070c
1119d6a8
111a1d51
111bcd50
111c3975
111dca23
111e939c
111fcfba
11204a86
112151ac
11229e9b
1123668c
11240348
1125e828
11263029
1127faf7
1128badd
1129e5af
112a92d2
112b0e4d
112c828f
112d9ff6
112eb7f8
112f8c27
11304be8
1131e58b
11329b85
1133a2a0
113475be
1135b656
11367dd8
1137c24f
11384f51
11397ff1
113aac7f
113bf53b
113c9e27
113d5242
113e3f80
113fb3cb
114001bc
114170e8
1142b642
1143496a
114474ce
1145193b
1146e2a9
11473fb5
11487c6c
11497976
114a59c9
114b8c30
114c6540
114d8020
114ee1d6
114f4483
1150ce22
1151c34f
1152790c
115356ea
1154be74
1155763a
11563d35
115715cf
11587626
1159c9ac
115a65a9
115bb755
115cd15e
115d1c1a
115e1861
115f5d3d
1160d5b4
1161176b
1162fefc
11632fb4
11645e51
116533cf
11661432
11670715
11683920
1169e33c
116a1fa5
116bd796
116c0134
116d73ea
116e0a63
116fb9e6
1170d1aa
11719fdf
11720d37
11732f8e
1174ca54
117577da
11763b56
117733b5
11781789
11798020
117a5139
117bb0e7
117cf143
117df1d4
117e0bbf
117fa238
1180754e
1181f585
1182f045
1183d932
11841f38
1185aef8
1186b2c7
11879d83
11884e4a
11899d8a
118aead5
118b3073
118c84f3
118d94fe
118ea68c
118f9d20
11900f8b
1191190a
11928dfe
1193d584
1194ea35
11954198
119666b9
1197ceb4
1198d419
11994f15
119aa182
119b2c6f
119c1011
119d0e59
119e074a
119fee1e
11a0b400
11a14349
11a2f84e
11a36136
11a45612
11a5a73b
11a6136a
11a74f79
11a8a961
11a93685
11aa40dc
11ab73b8
11ac3eb3
11adb494
11ae89f2
11afc8b9
11b0ece6
11b101d3
11b2646c
11b33244
11b4d1a9
11b5d08b
11b608c2
11b78ff7
11b87d45
11b92ed2
11bacfbb
11bbf0ec
11bc2178
11bdb46b
11be14b2
11bf3493
11c0d4c6
11c17566
11c2d0b1
11c3117f
11c4150f
11c5c84f
11c6d8f3
11c78fa4
11c86bbe
11c9230d
11cac2fa
11cb9288
11cce341
11cd3ec9
11ce5628
11cf9348
11d0d3ca
11d15374
11d238f8
11d3e184
11d409eb
11d5bef6
11d6f524
11d7cd97
11d8cd17
11d96199
11da3290
11db8240
11dc1f77
11ddda2d
11deb45c
11dfbc15
11e03fe6
11e1bc96
11e261ff
11e3eb12
11e4c577
11e54982
11e65bb5
11e78e6a
11e89bb0
11e9cd6b
11ea48f6
11eb4d6e
11ecf8b4
11ed8196
11ee3959
11efac80
11f02846
11f1e285
11f2f874
11f3df66
11f4b0c6
11f5f36e
11f6ed06
11f72b04
11f8b33a
11f9ee40
11fa94c8
11fbeed6
11fc4ebd
11fdcdeb
11fe4752
11ff698a
1200b966
12013d34
1202f9ec
120370c2
12044bee
12050116
120637c7
1207b6ea
1208f451
12094f3c
120a25e1
120b3a44
120c659b
120d3bbc
120e7282
120fee01
1210e11f
1211f88f
12122c13
1213ee52
12148b46
1215fa6f
12162632
12176343
12183660
1219103a
121a2812
121b4704
121c2812
121d9e83
121ebe16
121f4532
12207556
12217987
12226060
122380db
122472ca
12252ea1
12264fe7
12274355
122889c3
12292c71
122a8fcf
122bc00f
122cc10b
122df064
122e7dbf
122f1717
12300f73
1231f3e9
12327f6b
1233d060
1234e699
12350803
123627ec
12375723
1238cf36
12397434
123a57b5
123b18f9
123c2c50
123d58a3
123e3326
123fbd06
12403ea3
12413de6
124270e5
12433985
1244fcf3
1245ea62
1246a7bc
124744b2
12484910
1249183d
124ab117
124b2187
124cdfa6
124d7a70
124e9a53
124fbf20
1250032b
1251f428
12527df6
125302e4
1254ea0a
1255ed65
125653d7
12578f85
1258b413
125983e7
125ab874
125becce
125cc9a0
125d8b69
125ebb6a
125f272a
12608796
1261ceda
1262a506
126371c4
12649a15
1265cf02
12665309
126722fc
1268fadc
12695bca
126a80c6
126b7e6f
126c111b
126d9df5
126eaec5
126f26a8
1270da5d
12713a66
12729e95
1273d1f0
12742bd8
127570d4
1276c65b
12771ac0
12782af7
1279cc80
127aaa54
127bba39
127c5583
127d52c5
127e04b5
127f6349
12804fb4
12810814
1282e176
128358c4
1284245e
1285fc6c
1286e02c
1287597c
1288bbae
1289336b
128a341b
128b0f31
128cc2a2
128d705e
128e752a
128f96e0
129062f3
1291557c
1292c57c
1293ff81
1294aba8
12958972
1296e84c
129718da
12983546
12999975
129a0efe
129b550b
129c35a1
129d0c20
129e7b10
129f82ab
12a0e50c
12a16849
12a2ed09
12a3c56e
12a4615d
12a5c888
12a631d8
12a7bd1a
12a89f4f
12a9da6e
12aa7706
12ab1761
12acd4b3
12ad7d83
12ae3615
12af4c38
12b076db
12b18e4a
12b2b5c0
12b3aaef
12b46fe6
12b52e60
12b6b751
12b78860
12b8e87a
12b9f938
12baa955
12bbf848
12bcf40f
12bd991e
12be938a
12bf687a
12c0290c
12c1701a
12c21856
12c398c5
12c41b45
12c5dc96
12c6703d
12c74d71
12c8c07f
12c9f923
12ca8ab0
12cb3512
12ccf2db
12cdb947
12ced192
12cf8b8d
12d0b4bf
12d1befb
12d298f7
12d39192
12d498ea
12d5a3a8
12d6bf7b
12d71b0c
12d88a04
12d994dc
12daa7d5
12dbd4cc
12dc2006
12dd9d60
12de0a16
12df73c9
12e05fce
12e12845
12e2f605
12e38f9d
12e4d306
12e569b3
12e6c77a
12e7075b
12e86672
12e9d60b
12ea9fa1
12eb245e
12ec1308
12ed8da5
12ee1c20
12ef686e
12f01aeb
12f14940
12f2756c
12f3a5ed
12f4f79d
12f5d10a
12f672d3
12f74440
12f8ce4b
12f97521
12fa82c3
12fb26cd
12fc6e09
12fdc0a0
12fe99be
12ffcb94
1300be9b
13017045
13025e9c
1303b4ee
1304e2c9
1305ffec
13065d83
1307ea35
13083ee3
1309f5cd
130a88ca
130b2cf7
130c0682
130d6f4f
130e556f
130f9bcb
1310c5da
13114a3d
1312f67e
1313a948
1314fad6
13157215
13167a15
131713d8
131831b4
131914df
131ab857
131beda4
131cd18e
131dc4ee
131e60df
131f6b99
13203f07
132175cd
13227bc9
1323cde0
132430f1
13251903
13269bd0
13270050
1328f786
13293908
132a9d82
132b6e3a
132c5664
132db449
132eb56e
132f6c4d
1330b4b8
1331f143
13326d1c
13339e3b
13340125
1335ce30
13360eae
13375f98
13384cc2
133985d9
133a9704
133b5a08
133c34d6
133d1f40
133e924a
133fe437
1340c4a4
1341865e
1342cda1
13430271
134486d8
13458fcb
1346b0fa
134772cd
134806e3
13492b75
134aad55
134b5446
134c58f0
134d986a
134ebc8d
134fea2e
13506bce
1351290d
1352e70e
1353fb80
135475cb
1355a618
1356663b
1357b58d
13581c9a
135975dd
135ab6bd
135b469b
135c4070
135d9bc6
135e6bc9
135f91a7
1360696a
1361799c
136229ca
1363a9be
1364f514
13653f40
13661b21
1367652d
13687a95
136946ae
136a828e
136bdcd9
136c367e
136dd7da
136eddbf
136fd036
1370cffd
13716279
137282ec
13738e4a
1374250c
1375eebf
137608f7
1377144c
13780439
13796e7e
137ad3df
137b09f2
137c9b65
137d8bff
137e69d6
137f764b
1380cf99
138121c3
1382ab3b
1383ab5a
13840ab0
13856ee9
1386a970
13870958
13887ded
13895c05
138ad418
138bd781
138cd05a
138d79d2
138e2a6b
138f1886
1390743d
1391b0f9
13924e3e
1393921f
1394d12c
1395d391
13962a90
13978d4c
1398c4af
1399c720
139a8231
139b2b03
139ccd3a
139dea63
139e6805
139fe918
13a09419
13a144b7
13a2a018
13a37f8c
13a43609
13a591e7
13a6116e
13a7f196
13a8c951
13a98705
13aad18c
13ab1d36
13ac0e21
13ade87b
13aeb4a9
13af0828
13b05671
13b1ee17
13b2434c
13b3b607
13b4fd61
13b5b1cb
13b6fad7
13b798dd
13b8bb2d
13b9ed12
13ba3973
13bb6479
13bce03f
13bd5a9e
13beedd9
13bfbff1
13c03130
13c1332f
13c2da02
13c3af57
13c4e821
13c5870a
13c68cef
13c79a9d
13c85f11
13c9bcd8
13ca44b6
13cbe8e9
13cc8851
13cd066c
13ce5834
13cf6504
13d07bff
13d1fc6f
13d22d43
13d3dd6a
13d4711d
13d59003
13d6f843
13d76aca
13d85e39
13d9c6b0
13dab2d4
13dbbe95
13dcbdc4
13dd7294
13dee079
13df64c5
13e08aa4
13e1b218
13e2ec1d
13e3bff5
13e4d429
13e58495
13e6128c
13e7fe4d
13e84f89
13e90e80
13eadc62
13ebff6a
13ec3c0d
13ed108b
13ee90a8
13efb296
13f0715b
13f1813a
13f2fd52
13f35684
13f4afa7
13f54512
13f69e22
13f72ac4
13f81d89
13f9438f
13fa6c31
13fb76e0
13fc7b04
13fdcc36
13fe7a16
13ff49ea
140043fc
1401109e
14020865
1403b98a
14040065
1405a74c
1406c4c3
140712b2
14086e93
1409dbc9
140ad3d5
140bad8b
140c4ccf
140d228f
140eecd6
140f4af0
14108e70
141100db
14128825
1413abbf
141437fc
1415a4c3
1416c797
1417c829
1418ccf9
14198e46
141ac1c2
141b3ffc
141cf7e2
141d9c4e
141e2468
141f65c2
14207ae9
14212fb0
142260ca
14234e14
142447e3
14255e83
14264570
14276e02
1428715a
1429648f
142a51e6
142bdd82
142c392b
142dbd71
142e996e
142f57fe
1430344f
1431c25d
14324c8b
14334412
1434e028
14356e11
143654ce
1437924a
1438cc81
14398170
143a71f3
143ba9db
143ca38f
143d8ef6
143eaec6
143fa5b0
1440be62
14414d52
1442b4d1
14431ca2
1444dabc
14457d88
1446d0d2
14479605
144884a6
14496b61
144a62cc
144b8835
144c82c7
144d4d64
144e7c4d
144f3685
1450a884
1451f447
14529253
145381fc
1454e605
1455718a
14562f78
1457c2e8
145884cb
14593a3d
145aea5f
145b4ecc
145c03f1
145d8559
145e7b03
145f952a
14608ba6
14613b84
1462191a
146386a4
1464207f
14655021
146614c9
14671577
14689ea9
14699270
146aa85e
146bf9b3
146c1d9f
146d0172
146edba9
146f8637
1470d409
1471e11f
1472bb49
14732ec2
1474c9ff
14754ac0
1476a3bd
14779bfc
1478597d
14798d94
147ac28d
147be89d
147c7324
147d313e
147e4cbb
147fc8f7
14802d3d
1481b029
1482f7f6
1483311c
14849b05
1485ed24
1486dd92
1487d6b0
14889a98
148990ed
148a99b9
148b916c
148c3bdd
148dfd09
148e8a40
148fd115
14909dc3
14911048
14929b8b
1493e113
1494d0a0
14952b34
1496762a
1497f6df
1498211e
14999e79
149ab64c
149b6b6d
149ca2a5
149df035
149ee397
149f7b1b
14a00a94
14a190de
14a21803
14a3d19b
14a4fa64
14a5e62a
14a689a0
14a7cb5c
14a8d03d
14a974fb
14aab4f6
14ab7066
14acfb63
14adc165
14aeac29
14af35dd
14b05b04
14b1d291
14b25572
14b382ee
14b46b14
14b53d4f
14b6af14
14b78c9e
14b8d939
14b9c985
14ba52a5
14bb49b9
14bce925
14bd613b
14be9c3a
14bf0489
14c05a6d
14c10a70
14c278c1
14c3ca3d
14c4987e
14c544f9
14c6329e
14c7b809
14c838fc
14c9170b
14ca8b24
14cbf660
14ccd1fc
14cd90ad
14cef3ab
14cf2104
14d04ff5
14d165ec
14d2b0a2
14d3cdc5
14d45e07
14d5c78b
14d6a32a
14d715d3
14d83648
14d94a34
14da982d
14db845e
14dc0381
14dd9c36
14de5bd5
14dfc0aa
14e04137
14e150b4
14e234b8
14e36fbd
14e4c719
14e54117
14e67280
14e7016d
14e8a20d
14e928ae
14eab48f
14eba24f
14ecbf24
14ed5a09
14eea565
14efebe0
14f006f7
14f1845f
14f2eb9f
14f37ff4
14f4e771
14f553a4
14f6e9eb
14f7e5f5
14f8745a
14f9f115
14fabb66
14fb7ca1
14fc0dd9
14fd4a84
14fe9625
14ff3c2a
150094a0
1501e9d7
15025216
1503bd76
1504e688
1505e114
15067d23
150717e7
15084004
15092428
150af57e
150bca9c
150ca853
150da91f
150e3962
150f7c23
15103001
15118e66
1512806f
1513c022
15142113
1515bbe1
15169eaa
1517f48a
15183dca
15191621
151af9b0
151b7d25
151c03af
151d8655
151e37a6
151f4f2b
15200639
152139f8
1522400f
15235352
1524c13d
152592b3
15269a1b
15273a57
1528df28
152972bd
152a5156
152b3e1e
152cf940
152dc20a
152e56b5
152f0c3c
1530f8fb
1531b138
15327e45
15331a79
1534a9ec
1535849c
1536491f
15379405
1538dc04
1539cf24
153a1eaa
153b7821
153c30b8
153d988b
153eccfe
153f2f33
154067a1
1541e9f9
154249b6
15430945
15448389
1545c019
1546cda4
1547dfc5
1548cf00
1549d0f5
154a0f10
154be39e
154cb4c3
154d3ca3
154e9024
154ff14b
155066ba
15511520
1552ddf0
15536416
15542c08
1555cb54
15566e6e
1557e074
15581fdf
1559ae4b
155a986f
155bf9cf
155c71c8
155dc4c5
155e6798
155f872f
1560c494
156175e7
1562a221
1563127f
15649f4e
1565b539
15665cbc
15676f25
1568c8e8
15692815
156affff
156b2a9d
156c7c49
156dfc1f
156eaf31
156f0a63
1570a365
15712b65
1572bd5c
15732be6
1574c032
15759222
1576e55a
15773039
1578191a
1579e320
157ac423
157b4608
157ceb94
157da930
157e1242
157fa80c
1580e4c3
1581e19a
1582d67f
15830c16
15845b14
15855b65
1586512d
15879559
15889a37
15897cb3
158a162a
158b9e0b
158c26ae
158dc339
158e6b0b
158f8abc
1590ca91
15913136
159224df
159398c5
1594891f
1595e8ee
15964edc
1597ea1d
15988ae3
1599dd98
159ada36
159b963a
159c6632
159dbe26
159eec28
159f89a9
15a0bc3a
15a175e7
15a2f955
15a39191
15a4afe8
15a56815
15a6217c
15a79325
15a82bbd
15a97740
15aa8564
15ab7c86
15ac6848
15ad2d1b
15aec322
15af46f2
15b09d79
15b1ea45
15b26da8
15b39285
15b4489c
15b55e38
15b69fe9
15b7f29c
15b841e1
15b9dfde
15ba9b72
15bb3206
15bce21d
15bd7eeb
15bea8ba
15bf4f73
15c03aee
15c1c91a
15c28c0d
15c3d325
15c46647
15c52b5f
15c67182
15c7bbe0
15c8fc44
15c97c69
15ca1225
15cb34fe
15cc4f3f
15cd1360
15cee1a8
15cf86ed
15d0aad1
15d1728e
15d2a7c0
15d3fb25
15d4d5cf
15d50e26
15d663a9
15d74e18
15d8e074
15d9f921
15da1c7c
15db3b0e
15dc364d
15dd1c98
15de68bf
15dfc02d
15e0d8e2
15e13dc3
15e20c34
15e317a8
15e44a28
15e52c0f
15e60af2
15e74bd5
15e8ef7a
15e941b6
15eaa044
15ebfb3e
15ec51de
15ed1012
15ee9eb2
15ef2966
15f0cd11
15f12731
15f26b97
15f3245a
15f4fbe0
15f5a320
15f639b6
15f73e5f
15f8f130
15f9f855
15fa61d5
15fbb1de
15fc402c
15fde7a2
15fe8c31
15ffd701
1600abf6
16013e70
16023a2f
1603eb01
16047de5
1605cfd9
160634ec
160758ff
1608bc49
160958cd
160a7381
160bb9b4
160cfc47
160d4eaf
160e32ac
160f2eb8
1610b83b
1611895b
16122654
1613fb56
1614242d
16150c91
16165dcd
16170a09
161875dd
16194bfb
161ae7e6
161b2714
161cb9ab
161daeb1
161e27b4
161f7f0b
1620a279
1621b02e
162227c3
1623a33f
16249248
16253c88
162639e7
16270093
1628bb70
1629b1c4
162a5848
162b6d93
162cc82f
162d00cc
162e4dbe
162f74ef
16302252
163171f0
16325868
1633b900
16343d5b
163536f0
16368045
16370aad
1638584c
1639e27b
163ae47c
163b57a3
163c9f40
163d6477
163e961e
163fccd3
164063fc
16413898
1642a921
16430309
1644f26c
1645426c
164629fc
16476a83
1648877a
164931df
164ac288
164b05ae
164c4a8e
164d58c1
164ebbd0
164fbd4f
1650aca0
1651fc8d
165207f9
1653fd36
16548a29
16556399
1656689a
16572f89
16587d4e
165969af
165a973b
165b7c2f
165c8f13
165dbfc9
165e57d9
165fedaa
1660bbb4
1661ae92
1662469c
16639c14
1664848a
1665f766
16663c2d
1667f7ac
1668b629
1669529d
166a77cb
166b0e04
166c0d60
166dccdb
166e198d
166fc5cd
16705eab
1671f21a
1672cdf6
1673f66e
16744bca
16750a27
16767d98
167790d7
1678b84c
167995f6
167a7362
167b2fc2
167c229e
167dc258
167e631b
167fc195
168016fc
16812af4
1682e728
168321f3
168414a1
1685aad8
1686dfd9
16878bdb
16889cc2
1689767b
168ad059
168b71c5
168cdb2d
168df35f
168e411d
168fd721
1690c454
16912748
16926e97
1693c3d6
1694ce9a
1695f713
169625c9
1697bffb
1698b3d9
16993195
169a9c94
169bf725
169cce35
169d2ed3
169e751a
169faa04
16a04eb5
16a1365c
16a2f903
16a32187
16a4068c
16a5d2cf
16a6e298
16a737bf
16a8e331
16a99675
16aafc24
16ab07f3
16ac0ba5
16ade622
16aeb174
16af9d4c
16b027d2
16b121c5
16b2e68e
16b3c2a7
16b48f01
16b55d52
16b69935
16b7be40
16b81145
16b97699
16ba8ff4
16bbf317
16bc992f
16bd1d09
16be7dfb
16bf4352
16c08fa5
16c16f88
16c238a8
16c3f0e0
16c455de
16c5cc54
16c65584
16c74a7d
16c8e1f0
16c95db0
16ca7714
16cbafe8
16cc3f0d
16cdf9f8
16ce8d07
16cfddf9
16d06725
16d1d0ca
16d26957
16d3278a
16d43041
16d59783
16d626c4
16d7d9c1
16d88eee
16d9e3ed
16da5366
16db8bda
16dc7c87
16dd847f
16deccd5
16dfb598
16e03a48
16e10cc8
16e2df24
16e306f3
16e497b9
16e5c449
16e63018
16e7adb1
16e81f47
16e9c620
16ea2508
16eb60e6
16ec94ac
16ed52d6
16eebdb0
16ef7fe9
16f0ca6d
16f14d0b
16f2aa90
16f34ddf
16f440f2
16f561be
16f68b61
16f71186
16f8af74
16f94896
16faacaf
16fbccc9
16fc9bb1
16fd1574
16fe8b6d
16ff2728
1700f04e
1701f225
170234e9
1703380d
17040361
170575c7
1706666b
17076357
170826b6
17097d7e
170aa023
170b0cd0
170cb2ec
170dbbf6
170e5d7c
170f6a04
1710fe99
171137a7
1712f988
1713efe2
17145f3b
1715c4e8
1716e190
171778d0
17184160
17198f13
171aeee4
171b3612
171ce883
171d3eef
171e9b43
171f60e7
172011fe
1721e080
17220b27
17236ebb
17243caf
1725ee47
17269d29
17277053
172879b9
172905c7
172abb8c
172b9818
172c3059
172dc771
172ee05e
172ff956
1730a62e
1731675f
17322b49
1733e277
173466b3
17358021
17366d00
1737afc0
1738e37a
17396e1c
173aa873
173b6aab
173c4f45
173d092e
173e674f
173f7160
1740de54
1741182d
1742f08c
174387a0
17440c3b
1745daba
174666ed
1747058a
1748a019
17491722
174a442d
174b53af
174cbaad
174d8aa3
174efc9d
174fb80b
17502d51
17516e9c
1752cdf6
175321cc
1754c45a
1755ac04
1756a7bd
1757a811
1758cd07
1759519b
175a6364
175bb2d4
175c5207
175dbf81
175e0ded
175f6f94
176049e0
17614045
1762e99f
17638a09
1764a81c
1765acbe
1766135e
1767ec23
17681f66
176964e7
176ada05
176b49c2
176c7925
176dea5d
176e2127
176f0f23
177045ac
17716719
1772f5c2
17735414
1774accf
177516c2
1776c47e
1777cbbc
1778cce8
17798d21
177ad927
177b07d4
177c8fe3
177dfefb
177e21fe
177f7361
17805712
17816114
17820f2d
17836315
1784d3ea
17858075
1786249b
1787ab19
1788c24e
17891778
178a60f8
178b36e6
178cbba4
178d3ee0
178e595a
178fc7d3
179023a3
17912955
1792f434
179333ca
1794e39c
1795bc95
1796b4c1
179737d1
17986924
179905f6
179a115c
179b9a8a
179c3913
179d5d99
179ec1d3
179f83db
17a0b6d1
17a16c60
17a23569
17a3d110
17a4b747
17a54332
17a6684d
17a7a323
17a8b612
17a9390a
17aa9f32
17ab0866
17ac61b4
17ad253d
17ae81bc
17afff3f
17b0ed67
17b1f4d8
17b24fc2
17b30303
17b40438
17b5efb6
17b6f9a5
17b79439
17b8a867
17b934f2
17ba777d
17bb167c
17bceb94
17bd3a52
17be8dc2
17bffca0
17c0b881
17c1b1c6
17c27571
17c3cc97
17c4fc57
17c5bb7b
17c61b68
17c7f97d
17c8bd4b
17c92e7b
17ca79c2
17cbc5ce
17cc5011
17cddc33
17ce8e01
17cf2982
17d045c6
17d1fbbb
17d2fe4c
17d3c774
17d4af4b
17d585fd
17d6e7f7
17d78724
17d86b70
17d99e90
17dac9ea
17dbd50d
17dc7e63
17dd5bc8
17def737
17dfb221
17e02dc0
17e1b83d
17e20603
17e3948c
17e48658
17e5bb2c
17e64b4e
17e7f505
17e8b88d
17e96429
17ea988a
17eb90fa
17ec5b4e
17ed82b6
17ee2ec0
17ef28b8
17f00fc7
17f1f2e8
17f20e3f
17f325ac
17f49e76
17f52ae5
17f6c19f
17f773c7
17f85c2f
17f9946b
17fa2aee
17fbbe79
17fc1232
17fdcb8c
17fee78f
17ff724a
1800a801
18012674
1802dd24
1803324c
18048ee4
1805b8fe
18069dd3
18071f5f
18087bc6
1809cc98
180a640f
180ba31c
180cd5e9
180d8988
180e22af
180f2f83
1810787f
1811f48e
181233d6
18132b53
1814997b
181551a5
1816f4bd
1817bf21
1818b4bb
181904ca
181a7962
181b2330
181c3335
181ded0c
181eff99
181f8ff4
18207bf9
18217f43
18228514
182311fe
18240b23
1825baf6
1826972d
1827241c
18286f2f
18295688
182a59ee
182b4a19
182c733f
182dac23
182eccba
182f39ba
183091c9
1831c911
18327ed8
18338ee8
1834ab2a
183577a7
1836c042
183748c8
1838544b
1839459b
183a5520
183b7360
183c79e7
183d61f9
183e3c1d
183f8704
1840c5d7
1841ac97
1842f37e
184326bb
184492ef
18450bdf
1846e99e
1847b6a0
18489e53
1849bd54
184a5777
184bb37b
184c34f1
184d5c0d
184e0ae4
184f796d
1850bfaf
185193c0
1852016a
1853b2a9
1854d73d
185543b5
18568fd2
18571d5d
18581233
18596eeb
185a13e5
185bc267
185ca3c1
185de8ad
185e21a4
185f1a3a
18602fdf
18619e24
186223c2
1863b1f8
18647acd
1865cc87
186663bf
1867ad93
1868bd56
1869aba7
186aad6f
186b1fb5
186c4212
186d0b9d
186eb3e7
186fc5e9
1870bcc4
187186a8
18723461
1873d757
1874290d
18754543
1876f182
187700dc
1878d3a6
18791b05
187abe10
187b5dda
187c9bbb
187d2951
187e8917
187f85fa
18800d2d
1881d97d
1882c70c
1883a9ff
188410ed
1885fa65
1886ac12
18878256
1888eec6
18892345
188af7b9
188b3e17
188c25b1
188de3e9
188e4ce0
188f783c
18900e53
189140f3
189292b2
18932583
1894be73
18953899
1896b343
18978031
1898b48e
189952c6
189a66fe
189b2f4f
189cff23
189d3eca
189e4502
189f01c0
18a095c1
18a15184
18a27301
18a38744
18a4a1f5
18a5c50e
18a63ab5
18a70410
18a8fcfd
18a96f3e
18aa524b
18ab887c
18ac73df
18ad15d3
18ae08c1
18af0702
18b068d3
18b1f594
18b224bd
18b32847
18b47056
18b5be92
18b64b4d
18b756e3
18b84dd4
18b95c87
18ba08b6
18bb8258
18bc7eec
18bda3d4
18beff1f
18bfcfdb
18c00e84
18c19454
18c246a1
18c3b49a
18c45770
18c5f7b7
18c698a8
18c76e69
18c8e516
18c95666
18ca77ff
18cb96c7
18cc13e9
18cd691a
18ceda41
18cf2d1d
18d0fff6
18d16d9c
18d2f98b
18d3340c
18d42254
18d5fc7b
18d621a0
18d7c4d0
18d84f53
18d9d3a0
18da2a1b
18db311b
18dc5391
18dd12d3
18de4c8d
18dfec5e
18e0f4a1
18e1ea7f
18e26883
18e3d8a5
18e4285d
18e5d79f
18e64d46
18e761a1
18e82f99
18e967d4
18ea835b
18eb6ca2
18ec6caa
18ed029d
18eed49a
18ef6fb6
18f03105
18f1415d
18f2b530
18f30950
18f47a99
18f5185d
18f62be8
18f7530a
18f88557
18f9b8a4
18fa06f3
18fb8d03
18fc6afb
18fd337a
18fe058a
18ff91d8
19001d55
19016332
190280ad
19033e42
1904c0d9
19054008
19068e41
19076e5e
1908d329
19098a24
190aae88
190b0835
190c50d8
190d7fcb
190e6b2a
190f811a
191074ef
19114e13
1912df70
19137417
19140184
19156225
1916d94a
19173da2
19181ddc
19190bf2
191a1876
191b73a2
191c92c1
191d61f6
191e4776
191f4569
19207ea7
1921de1a
19222336
192375e5
192470a4
1925fc72
19266c6f
19277f3b
1928ecd6
19290ae7
192a67d0
192b9343
192c64ec
192d5094
192e6af4
192f6146
1930d785
19312bf3
1932079e
193391bc
1934fff5
193501d2
1936cc34
1937cd9c
19389019
19395a2c
193a46b9
193b8808
193c0c28
193dc387
193e57d2
193fb564
19406aae
19415fa8
1942fcd7
1943e5b9
194498cc
1945418d
194615de
1947221d
1948f9a0
194918df
194a8a46
194b73ac
194ccc31
194d1333
194e6f87
194f7a68
19503ee8
1951daf8
1952324c
1953b200
19547653
1955629a
195650fb
1957dbd4
1958fb07
1959e2ec
195a8afa
195b3476
195c305c
195d9d9d
195e342f
195fc22e
1960c287
19610bd0
19624a44
1963a10b
19640b90
1965e99f
1966baa5
1967e40a
1968685f
19694f41
196a90b0
196bc484
196c66f8
196d3490
196e10e2
196f3db4
1970a1a8
1971a8c0
1972021c
1973734f
19740993
1975ef7e
19761898
1977c756
1978e918
19794a31
197a57de
197ba626
197c36e0
197d0b22
197e74c8
197f0dee
19800334
198134aa
198202dc
19836a85
1984745c
1985d731
1986a47e
19870974
1988d0b6
1989059d
198ac6cd
198b4b4a
198c508e
198d48fe
198eb3f6
198feff0
199016bf
1991b071
1992b0b1
1993ed23
1994ee43
1995926a
1996436d
199752b2
19985f7c
19997dae
199a0ff7
199b20d0
199cbe98
199de5a6
199e368f
199f8ca9
19a0c9af
19a1b778
19a2c9b8
19a3aa7f
19a44a9f
19a58c5e
19a69937
19a777fc
19a826e0
19a9c254
19aab8d6
19ab31cc
19ac5c79
19ad36c1
19ae7c7a
19affd06
19b0bb38
19b11e47
19b2bf6c
19b3d38e
19b4da47
19b56b56
19b655f7
19b7ec0c
19b8a294
19b92b16
19bac0d9
19bb4277
19bcab19
19bd1957
19be047a
19bf9614
19c0ede8
19c1f286
19c2ebda
19c374db
19c45645
19c544b0
19c6d8e7
19c747b8
19c81bb4
19c935f2
19cacbc0
19cb06af
19cc9297
19cd4736
19ceac8c
19cfb6fa
19d06b85
19d1f223
19d21736
19d37889
19d47505
19d5d62b
19d68ba0
19d74fe1
19d8094e
19d93e87
19da7f32
19db56cd
19dc59cb
19dd7590
19de62dc
19df84ae
19e0c57d
19e1803b
19e2c5f1
19e35380
19e40ed0
19e5fdd5
19e6eaa4
19e7e78d
19e8c02c
19e9480a
19ea33f7
19eb8ca2
19ecdcab
19ed5557
19eef27f
19ef5696
19f0be8c
19f17b57
19f2da1f
19f36409
19f42af8
19f50483
19f6beef
19f78e72
19f8416f
19f9cedd
19faeddc
19fba1bb
19fce97b
19fd1d3e
19fe9ece
19fff5cd
1a003c5b
1a015bf9
1a025a33
1a03c661
1a04c238
1a05e521
1a0604a9
1a078361
1a08b9fa
1a09a1d6
1a0a34e7
1a0bf12c
1a0c509f
1a0d7e86
1a0e82e6
1a0f7a2e
1a10036d
1a115f3c
1a12186c
1a13c044
1a14774f
1a15f909
1a1687a3
1a17e245
1a1865da
1a19626e
1a1a29fe
1a1bf0cd
1a1c7129
1a1d120d
1a1ed5e4
1a1f07f3
1a20336c
1a21b03e
1a2210aa
1a23c701
1a249fe8
1a25f631
1a26dcff
1a270789
1a28240f
1a296a7f
1a2aafe5
1a2b0f58
1a2c1c66
1a2d870e
1a2ecc25
1a2ff8d9
1a30c7cd
1a3121ff
1a32a98d
1a33774f
1a349abc
1a350f0c
1a36071a
1a37877a
1a382f14
1a39b105
1a3ac9db
1a3bf354
1a3cd155
1a3debbe
1a3e8760
1a3fe86c
1a405e75
1a41a981
1a428269
1a431a1a
1a44ba08
1a45ef20
1a463ed3
1a478479
1a48a7a7
1a496d9b
1a4a1cfc
1a4b9f6a
1a4cbf93
1a4d2cac
1a4e79bb
1a4f3747
1a507336
1a5145f4
1a52459c
1a537927
1a5416a8
1a553005
1a561082
1a5706a7
1a5861e7
1a592bef
1a5af992
1a5b7f34
1a5c5b5e
1a5df0c5
1a5e3b16
1a5f0781
1a60f0b4
1a6142ba
1a62f6ab
1a63c3d1
1a64dc0c
1a656eb9
1a669e50
1a67a5a1
1a68a64c
1a696fb0
1a6a091d
1a6b9ce4
1a6c5e14
1a6d33fc
1a6ee562
1a6fb2f8
1a70bbc5
1a71c50a
1a724897
1a73afe0
1a74b2e6
1a7542b1
1a7613f2
1a77eec3
1a781ae7
1a79f783
1a7ae05f
1a7bc6cc
1a7c82c9
1a7da165
1a7e61b9
1a7fa1a9
1a80187c
1a813a91
1a82b546
1a83180f
1a8453c9
1a8555bb
1a8642df
1a872076
1a88f41a
1a89da36
1a8ac5cb
1a8b803a
1a8c0392
1a8dd6e6
1a8e7c1e
1a8ff8e8
1a9016bc
1a914596
1a92bd88
1a939bb9
1a94a351
1a959cf0
1a96387d
1a975dce
1a98f7ef
1a99f959
1a9aa762
1a9be62d
1a9c42ab
1a9d1d93
1a9eb6bf
1a9f4d2a
1aa07a4d
1aa128b2
1aa21dba
1aa3996e
1aa4b123
1aa5dcad
1aa6e88f
1aa77077
1aa8d146
1aa9cde1
1aaa05f9
1aab76a1
1aaca64f
1aad9645
1aaeafd7
1aaf90af
1ab060ff
1ab1b3be
1ab21247
1ab3e6e0
1ab4136e
1ab5b1b5
1ab6bf80
1ab7b847
1ab82961
1ab9643b
1aba0d04
1abb5f17
1abc99b9
1abd85c2
1abe7cc5
1abf8fcb
1ac013ef
1ac1d610
1ac2ce3a
1ac3d459
1ac47580
1ac5df1d
1ac6512d
1ac7ee38
1ac8a4b8
1ac9f6c7
1aca5771
1acb1d55
1accb602
1acd4bd4
1ace8342
1acfad8e
1ad07259
1ad16aa4
1ad27d5b
1ad30205
1ad46a47
1ad5b860
1ad69fe8
1ad77cee
1ad8e53b
1ad95d8e
1ada4bf0
1adb3975
1adc77bf
1addd3ed
1aded39a
1adf7e89
1ae0a0c2
1ae19610
1ae2ec14
1ae31c85
1ae4bd3d
1ae5b94d
1ae61dbf
1ae7f401
1ae8d45b
1ae97e17
1aea1684
1aeb460a
1aecda10
1aedf7de
1aeeaa35
1aef8cc4
1af02d1c
1af13889
1af21d5f
1af3b974
1af48210
1af5beaa
1af6a2a6
1af7a2a1
1af84121
1af91488
1afa6a99
1afb760c
1afcaaac
1afdfa69
1afe04fa
1affc685
1b00053a
1b01e3ac
1b02d087
1b03eae9
1b04db1c
1b05a8b8
1b067912
1b07f2e5
1b08a32e
1b09d50b
1b0a4b9d
1b0b99b6
1b0cf2f5
1b0daa56
1b0e6161
1b0f91ff
1b10cf19
1b11bb3f
1b1239c2
1b138b5b
1b14ba01
1b15939f
1b16b414
1b17f2bf
1b18fedd
1b193274
1b1a18f7
1b1baff9
1b1ce3b7
1b1d3995
1b1ef817
1b1f697a
1b209014
1b211482
1b22e170
1b23b875
1b24f486
1b25e8d5
1b269648
1b271d8f
1b28d52f
1b2932be
1b2acb82
1b2b07c4
1b2c506a
1b2d36db
1b2eb010
1b2fd100
1b30e084
1b318fdd
1b32fccc
1b33a8ea
1b34e364
1b35ef71
1b363515
1b37dc3b
1b386b89
1b3912d1
1b3a7ebc
1b3b6f88
1b3c1a41
1b3d0c4f
1b3efd67
1b3fd177
1b407ee4
1b4192fd
1b423124
1b4341d5
1b4443c3
1b45bcd0
1b465806
1b479bf2
1b48ea3b
1b4940fe
1b4a134b
1b4bcf82
1b4c6da6
1b4dcc6a
1b4e8814
1b4f6906
1b503afa
1b519615
1b525b67
1b536f59
1b54581f
1b55d472
1b56c6a4
1b573c4a
1b58bb53
1b599b63
1b5aca02
1b5bba0b
1b5c8a57
1b5d1640
1b5eb337
1b5f6006
1b60a589
1b611549
1b62ee43
1b63f385
1b64896a
1b652682
1b665c86
1b67bf8a
1b68794c
1b694769
1b6a334f
1b6b7d5a
1b6ce817
1b6dfb69
1b6eb138
1b6feb8c
1b705622
1b713c3b
1b72820a
1b73d386
1b74fafb
1b7531c0
1b762299
1b773a0f
1b789670
1b797323
1b7a0249
1b7b7471
1b7c5133
1b7d2903
1b7e6f48
1b7fc227
1b808f25
1b81bc63
1b82cbf6
1b831251
1b84e8bd
1b85551e
1b863c13
1b876e4f
1b88ff50
1b898f7e
1b8af76e
1b8bc624
1b8cf5d9
1b8d6856
1b8e3cf2
1b8ff469
1b901930
1b914156
1b924d77
1b932ad8
1b949b1d
1b95916b
1b963bd2
1b977571
1b980b91
1b9994eb
1b9a2eba
1b9be385
1b9cff67
1b9d595a
1b9e3cd9
1b9fb78d
1ba0e246
1ba19f0a
1ba2990a
1ba30f7a
1ba43332
1ba5350f
1ba6db4a
1ba76292
1ba8681b
1ba94c7b
1baaaa6f
1bab0e97
1bac4933
1badeb94
1bae4abb
1bafabe1
1bb08b1e
1bb163bf
1bb2a35a
1bb35221
1bb4daee
1bb5aac1
1bb69027
1bb76e93
1bb8cee6
1bb9c79a
1bbaa8b6
1bbb8bf0
1bbc66f1
1bbdbc40
1bbe92bb
1bbf5e5d
1bc0cb33
1bc115e9
1bc223ca
1bc36283
1bc4bc58
1bc5d83f
1bc62729
1bc73d9f
1bc83e29
1bc93378
1bcaea29
1bcb049e
1bcc2239
1bcd9164
1bce24aa
1bcf16c3
1bd0bb38
1bd1ecd7
1bd2ac27
1bd39d2b
1bd4fc83
1bd5244d
1bd6d8b6
1bd72cf6
1bd800cd
1bd9abc2
1bda6a4a
1bdb727b
1bdc597a
1bdd37de
1bdee3ec
1bdf2b16
1be024f0
1be1e333
1be2c0f0
1be3b714
1be4e792
1be53af2
1be616b8
1be710c8
1be82ddf
1be9984f
1bea47a9
1beb1211
1bec337a
1bedcd74
1beef602
1beffd65
1bf0ee0a
1bf164d3
1bf291ad
1bf368b5
1bf49232
1bf5dbd8
1bf65896
1bf7a938
1bf83dae
1bf9a9b1
1bfa949b
1bfb2fc8
1bfca286
1bfd2910
1bfebad2
1bffafeb
1c004c69
1c01c4b0
1c0297ff
1c03c171
1c040186
1c05b15d
1c06c164
1c07923d
1c082d57
1c0948bb
1c0a4b36
1c0bf773
1c0cb80a
1c0d8c86
1c0e7846
1c0fdef0
1c108135
1c114b46
1c1291b6
1c13175f
1c14f1af
1c15f741
1c165619
1c17b6d8
1c18e88d
1c195b7f
1c1a7277
1c1b9256
1c1c39c8
1c1dba66
1c1e3ac6
1c1fa529
1c20471b
1c219bad
1c22ae22
1c23b1f0
1c2413a4
1c258136
1c262c9c
1c279da2
1c284acc
1c295402
1c2af139
1c2b1da7
1c2ce6c1
1c2d4915
1c2e2887
1c2f7ee9
1c306d3f
1c31e44a
1c327fda
1c33760d
1c349c49
1c3594be
1c36251e
1c378a2d
1c38e8ba
1c39ac75
1c3a9028
1c3bcbea
1c3cb31d
1c3d83fb
1c3ebeb4
1c3f3a4f
1c40a7c1
1c4130ad
1c42ac07
1c43dda1
1c44ef49
1c45599f
1c469e68
1c47e72b
1c486712
1c494784
1c4a50c0
1c4ba90d
1c4c3f7b
1c4df957
1c4e6b63
1c4f5a3e
1c508a09
1c5149b5
1c52f2a7
1c53fa5a
1c545e19
1c55dc5a
1c56302d
1c572780
1c586e94
1c59edd0
1c5a3a6d
1c5b051e
1c5c10f0
1c5d288c
1c5e5549
1c5fb626
1c6053b9
1c6111b1
1c6272df
1c631175
1c64f9cb
1c657726
1c6613e1
1c6719de
1c6894fd
1c69bf33
1c6af9ba
1c6b6feb
1c6cf49c
1c6d0aea
1c6e9f30
1c6ffd3d
1c70631b
1c71ab2b
1c7282ce
1c735f8a
1c743656
1c75a720
1c76cb2e
1c770e08
1c78efde
1c79565e
1c7a6d45
1c7badb5
1c7c6f55
1c7d5647
1c7e38f5
1c7ff9d1
1c80a230
1c819f56
1c82c59d
1c830979
1c847a23
1c858d65
1c86a82c
1c8726ce
1c88379d
1c898076
1c8a292b
1c8b46e6
1c8cb5a4
1c8d27aa
1c8e0da8
1c8f51d2
1c9036ad
1c9113f1
1c928c22
1c933aea
1c94498c
1c95920a
1c969d12
1c9711b6
1c98bace
1c99d315
1c9a7fe8
1c9b13d1
1c9ca674
1c9df4ef
1c9e4daf
1c9fa35c
1ca03502
1ca122cd
1ca2b1ba
1ca38012
1ca4969f
1ca52aeb
1ca66d38
1ca7e439
1ca8049c
1ca9df81
1caaf709
1caba000
1cac1526
1cad1a2d
1cae0b57
1caf144c
1cb035bc
1cb13caf
1cb241ce
1cb3da34
1cb432a0
1cb5bd5f
1cb6cbe5
1cb7dcdd
1cb82a1a
1cb9d36f
1cba1521
1cbb096a
1cbcebee
1cbd66dc
1cbe3b39
1cbfdc2c
1cc08706
1cc18bea
1cc24f63
1cc399ac
1cc4d042
1cc5b4c5
1cc6baa8
1cc7cc4b
1cc8f376
1cc9d98d
1cca9d06
1ccb310d
1ccc5f82
1ccdf72d
1cce5f22
1ccfccb5
1cd0cc76
1cd1ece1
1cd2e97c
1cd35c87
1cd423a0
1cd5e188
1cd6dd75
1cd7ea64
1cd8f6d4
1cd90741
1cdab3b6
1cdbe9ed
1cdc419f
1cddfe8a
1cde475a
1cdfbc9e
1ce096a9
1ce100aa
1ce20f57
1ce3bff0
1ce460e5
1ce53e16
1ce6068c
1ce7a787
1ce81bf5
1ce958c2
1cead0c8
1ceb2beb
1ceca278
1ced8799
1ceec341
1cefd424
1cf02582
1cf1fb62
1cf2cdcf
1cf3e2ec
1cf4c6d8
1cf53a8f
1cf609cd
1cf7cd09
1cf8e234
1cf975d1
1cfabb1d
1cfb1916
1cfc8942
1cfdf03d
1cfe51fa
1cff6af8
1d005120
1d0123ae
1d0248a6
1d03373f
1d0450e7
1d05e4e5
1d06950e
1d078839
1d0871e2
1d099165
1d0a53eb
1d0b56f0
1d0c316d
1d0d0507
1d0efd7a
1d0f4781
1d1083f7
1d11c3e9
1d12c8bc
1d133857
1d145e06
1d15eefe
1d165ea4
1d17e78c
1d18c29a
1d199833
1d1a207b
1d1b4381
1d1c72d8
1d1d0e1f
1d1e9b0b
1d1fc7b8
1d2064a1
1d21e58a
1d224b54
1d23582d
1d24e642
1d258e38
1d26066f
1d277e7d
1d28c522
1d299d40
1d2a7bfc
1d2b5a70
1d2cd229
1d2d98db
1d2e3913
1d2f7cbf
1d304167
1d31a34d
1d32a6f5
1d3344f9
1d34f1ec
1d358ce4
1d36f2d7
1d373edb
1d38383a
1d39b3a3
1d3ac5d4
1d3bb316
1d3c15ae
1d3de271
1d3ee993
1d3f108c
1d4037b7
1d41ff09
1d42b961
1d43949b
1d449f1e
1d458716
1d4685f3
1d4711bc
1d482e7b
1d498d33
1d4afbda
1d4bba68
1d4ca55b
1d4d70a0
1d4ee8ca
1d4faaae
1d50dea1
1d514a31
1d529105
1d5318ea
1d54f26d
1d55a386
1d561f2f
1d57bac0
1d5842c9
1d593152
1d5a0651
1d5ba8c1
1d5c936f
1d5d108c
1d5eb465
1d5fc701
1d60d98b
1d6148e0
1d624f50
1d639ad7
1d64fa14
1d65657e
1d663922
1d678b65
1d682e5c
1d691fb4
1d6a34d3
1d6b5a76
1d6ca957
1d6dc8e8
1d6e9fa2
1d6f3e65
1d70bf3e
1d71b747
1d72ae92
1d73a068
1d74d9eb
1d75d570
1d7658e4
1d77efc2
1d785089
1d790838
1d7aac21
1d7b0f4f
1d7c5fb8
1d7d07aa
1d7e1c5e
1d7f8330
1d805b00
1d81107b
1d8239bf
1d83d21f
1d8462ae
1d85a567
1d86caa1
1d875971
1d888598
1d894b02
1d8a9d82
1d8b97e8
1d8c1ad9
1d8de4e2
1d8e45d5
1d8f09cc
1d904703
1d910a5e
1d9255fa
1d93fd00
1d949937
1d95fb5f
1d962ef3
1d9704b7
1d988717
1d990706
1d9aadc4
1d9b1e73
1d9cce49
1d9d587a
1d9e8eee
1d9f9957
1da01ab2
1da1fa53
1da23b42
1da38f33
1da4449a
1da5266e
1da60cbf
1da74367
1da84de7
1da976ce
1daaf24e
1daba00c
1dacd749
1dad80bd
1dae1dc6
1dafeed8
1db01a87
1db11d12
1db226b3
1db3525e
1db4bb06
1db52226
1db6facb
1db7d4cc
1db82254
1db9be96
1dbaef99
1dbbedf7
1dbc9722
1dbde889
1dbe90a1
1dbf5a10
1dc0fb18
1dc1ad11
1dc26e02
1dc32c41
1dc4be7e
1dc5bfd0
1dc6e0c7
1dc7dbba
1dc8942d
1dc95a88
1dca131c
1dcbc867
1dcce1a5
1dcd4975
1dce1f99
1dcf6bfd
1dd0ccf6
1dd18999
1dd2be37
1dd37978
1dd4933d
1dd50101
1dd67fc5
1dd7caf3
1dd884b0
1dd9f692
1dda7a99
1ddbd2be
1ddceae6
1ddd08e1
1ddeee84
1ddf282a
1de06ba5
1de10356
1de27557
1de3ba13
1de4d887
1de58ca0
1de6320c
1de7d941
1de8e4c9
1de90c65
1deaaf7f
1debeb28
1decd7f5
1dedd4bd
1dee39a3
1def4cd8
1df0f845
1df19e3a
1df2b201
1df38a3b
1df4815e
1df5be3d
1df6cbed
1df722c7
1df8c88b
1df9108f
1dfa3cb9
1dfb1d26
1dfca9b5
1dfd1ed1
1dfe1a3c
1dffcc99
1e008e1e
1e0118eb
1e028bbb
1e031163
1e04ebf7
1e05a936
1e06b370
1e079d7f
1e08822f
1e0900cf
1e0a6ef1
1e0bc629
1e0c7072
1e0dbd3c
1e0e5256
1e0f62ce
1e10f916
1e110a41
1e129afd
1e13c759
1e1444be
1e1590ff
1e16e85a
1e178669
1e181955
1e1955c8
1e1a6372
1e1b5644
1e1c0b15
1e1d75a4
1e1e30b5
1e1fc405
1e20b2e5
1e213f0d
1e221114
1e23d97b
1e24b641
1e25d121
1e26d438
1e27563b
1e281e8d
1e291896
1e2aa43c
1e2ba023
1e2c0ba9
1e2d983c
1e2e6b24
1e2fb587
1e30fb0b
1e31098b
1e320bd9
1e33a3a1
1e34c594
1e354dcb
1e36af08
1e3769f7
1e38954f
1e390b7b
1e3abce9
1e3b4892
1e3c6953
1e3daf9a
1e3e301b
1e3f396f
1e403566
1e41c1b2
1e421470
1e430176
1e44aad9
1e452744
1e46150f
1e4705c4
1e48d25d
1e49e979
1e4a58c7
1e4bbc59
1e4c255f
1e4d490c
1e4e872a
1e4ff9f0
1e5031b6
1e51ddb4
1e526eb9
1e53f939
1e544dcb
1e55f717
1e5677fd
1e5757b5
1e58e939
1e59c499
1e5a97f3
1e5b0cc2
1e5cf945
1e5d9074
1e5e7796
1e5fa81c
1e6029ec
1e6180c9
1e62dbe5
1e63ba31
1e64c214
1e6575b4
1e6698d6
1e67012e
1e687c27
1e694cfa
1e6a1c94
1e6b8516
1e6c88fd
1e6db8ef
1e6e54e8
1e6f35fa
1e70ec5e
1e71a438
1e722b8c
1e730300
1e74e311
1e756325
1e76679d
1e77fc44
1e78b007
1e795fbc
1e7acc42
1e7bad0b
1e7cbbf9
1e7d73f3
1e7e245a
1e7fcbcd
1e80552c
1e81324e
1e82c683
1e835ac2
1e848af7
1e85181c
1e8636aa
1e87c21e
1e881e32
1e893383
1e8adc92
1e8b397b
1e8c5681
1e8d4baa
1e8ef311
1e8f2307
1e900160
1e9157be
1e924444
1e939537
1e94e497
1e95cd85
1e96f0ce
1e97e8ec
1e986bce
1e99df1d
1e9abc4b
1e9b331c
1e9c0719
1e9d70f2
1e9e6d00
1e9fecb0
1ea07e1a
1ea15d7b
1ea2b002
1ea3112c
1ea4d7e3
1ea555e8
1ea692b6
1ea79f69
1ea8d922
1ea92b85
1eaacaf2
1eab58d3
1eac2527
1ead2136
1eaef110
1eafdf5d
1eb043cd
1eb15e02
1eb26218
1eb3d2d3
1eb403fd
1eb5dc5b
1eb666e6
1eb7691c
1eb81bff
1eb9cbee
1ebad62c
1ebb0b13
1ebc590a
1ebd8b9d
1ebe4361
1ebf23fe
1ec02d23
1ec1b51d
1ec254a8
1ec3786b
1ec4c09a
1ec52473
1ec648ff
1ec77ba0
1ec860cc
1ec9fdb7
1ecaaaca
1ecbd6d5
1ecc18fe
1ecd1eed
1ece2249
1ecf4098
1ed035bb
1ed1dcb3
1ed23a7f
1ed3bdf6
1ed4434e
1ed5ec0b
1ed6941b
1ed73210
1ed8dc64
1ed91ced
1edad569
1edbbd19
1edc26c3
1edd2888
1ede84d7
1edf672e
1ee0971e
1ee1f7ff
1ee28da1
1ee321ab
1ee48908
1ee5b8e3
1ee67e77
1ee729b8
1ee836c4
1ee9b35c
1eea0e80
1eeb3e88
1eecc47e
1eedff65
1eee9d1c
1eef5676
1ef002d7
1ef1aa99
1ef28255
1ef3f543
1ef430f1
1ef5482e
1ef68b51
1ef79900
1ef8415e
1ef9fee9
1efa9aab
1efb93eb
1efcec50
1efdeee9
1efe0166
1eff96ee
1f004656
1f01c90b
1f0267e7
1f03c271
1f041d1a
1f057b91
1f06cd42
1f07a1e4
1f08dde7
1f098287
1f0addb6
1f0b6357
1f0c6261
1f0da30b
1f0e4a78
1f0f3712
1f102ffe
1f115980
1f12c256
1f137ecd
1f1490d1
1f158c20
1f16ec68
1f177978
1f18ab9a
1f19848a
1f1a68d6
1f1bcc33
1f1cb191
1f1d05e4
1f1e0fa9
1f1fc684
1f20c386
1f214346
1f229fe6
1f23492e
1f24a194
1f253598
1f261b4f
1f272d43
1f284c33
1f294564
1f2a374f
1f2ba605
1f2c906d
1f2d0cad
1f2e674c
1f2f1d6d
1f309904
1f315652
1f329298
1f337c91
1f3478a9
1f35675b
1f366c4d
1f37d2f1
1f387127
1f39790f
1f3aab8d
1f3b0a89
1f3c6aae
1f3d6b7a
1f3e5861
1f3fbd7e
1f40f33d
1f414b22
1f426498
1f43810f
1f44e245
1f45f6d0
1f46b20c
1f47034e
1f48f2da
1f499300
1f4ae8da
1f4bbbd1
1f4c98e3
1f4d3bde
1f4ea694
1f4fbe72
1f5069ce
1f51315d
1f5214ee
1f53cbcf
1f54a495
1f55e069
1f565f48
1f57ef95
1f58ca95
1f596431
1f5a25e8
1f5bde85
1f5c76f1
1f5de63b
1f5e9a53
1f5f0e00
1f60c616
1f617d03
1f62198f
1f63d2ba
1f64d005
1f651883
1f66f64b
1f67a361
1f6886a1
1f69403a
1f6a4c75
1f6b4198
1f6c21ec
1f6dfc6c
1f6e2080
1f6f2591
1f7054c5
1f716184
1f72cbd9
1f733243
1f74cf61
1f752055
1f766482
1f77b3c2
1f789bb0
1f7972b7
1f7a6ccc
1f7bcd47
1f7c212d
1f7db448
1f7e3bc1
1f7f412e
1f80321c
1f81a5b6
1f82ec51
1f834516
1f841c65
1f8513cc
1f86bd85
1f87903d
1f88a1f5
1f890b2d
1f8abb81
1f8b9525
1f8c42aa
1f8d81b8
1f8ee39b
1f8f0fb7
1f90ad91
1f91bbd8
1f921b7f
1f93b0e8
1f948c24
1f953fa5
1f960a3a
1f979886
1f98ed5d
1f991447
1f9ae011
1f9beabf
1f9c0446
1f9dbdc4
1f9e00aa
1f9f9b6a
1fa05e94
1fa18cb3
1fa20a15
1fa30a20
1fa4c827
1fa58db7
1fa6958e
1fa75f7f
1fa8d7c4
1fa9c014
1faad5ff
1fab26c0
1fac0661
1fadb4dc
1faea7e0
1fafe3f7
1fb0d5fe
1fb10845
1fb2b0e9
1fb31afc
1fb4357e
1fb5f95c
1fb6e01e
1fb7b48c
1fb86238
1fb95378
1fbac1cd
1fbb59f3
1fbc25d5
1fbdbc16
1fbe14bb
1fbf1e04
1fc0c386
1fc181e4
1fc2e5a8
1fc3343b
1fc4c323
1fc54461
1fc691b3
1fc784b5
1fc89c0c
1fc91046
1fca3bc6
1fcb9570
1fcc9b2a
1fcddecc
1fce8d9e
1fcf484e
1fd0a906
1fd10296
1fd234ff
1fd3c9e6
1fd48b2e
1fd55354
1fd6cfb4
1fd7d968
1fd85f14
1fd9f459
1fda1331
1fdb64ae
1fdc8edb
1fdde36a
1fde9fc9
1fdf48ea
1fe08bb9
1fe18ef0
1fe2b2d1
1fe3966e
1fe475d2
1fe5a564
1fe673fe
1fe7cd9e
1fe81d86
1fe976bc
1fead0bf
1feb30ea
1fec3957
1feda9d3
1feeca08
1fef5b53
1ff01df2
1ff123d1
1ff2186a
1ff319cd
1ff4a81c
1ff5fac5
1ff66d20
1ff7665d
1ff8674e
1ff9f755
1ffaf47c
1ffb49a5
1ffcf7c7
1ffd9418
1ffea5be
1fffe209
2000b860
2001b754
2002eaac
2003c8e6
20042af9
20059ebb
2006073d
20074e43
200861f1
2009b679
200ad7e8
200ba0d9
200c65cc
200d14bc
200e231c
200f4231
20106f73
20117691
20129bb8
2013d8d9
201485f1
2015f74c
201694be
20173da5
2018abb0
20195d3a
201a39a3
201bbc89
201c70c4
201d3802
201ef5f2
201feb0b
20209195
20215534
2022b1b5
2023539a
202454d9
2025d8e7
202607e9
20273301
20285cc8
20290caa
202aa4a0
202bdf32
202c9ff7
202d1838
202e3a82
202f0cac
2030f11f
2031ccd7
2032a65a
2033cf5b
203403bc
203579b4
2036fabd
20379568
20387536
2039e9a1
203aeaf1
203b114a
203cf067
203dea3d
203eb99f
203fe40f
20402745
2041fc18
20422cee
20431916
2044647f
2045747c
2046262c
2047a53d
20486448
20495ef6
204a2129
204b9ff8
204ca6b6
204dcd9e
204eba21
204fa715
2050a21a
20511d36
2052cd09
20532e33
2054e065
2055b410
2056ced0
20570f49
2058d8cf
205953e5
205ad382
205ba4d1
205c1153
205daa57
205edfe3
205f69e0
20608225
2061a842
20624e09
2063233e
206405ba
206584e3
20668082
2067efa9
2068abf0
20693298
206af5c0
206bb08d
206c69ea
206d63c7
206eeb4f
206fdccd
2070bd74
20711b8e
20720ad8
2073f3a2
2074da44
2075a8fc
20764171
20779977
207874ab
207939e5
207a6df1
207b3eda
207ccda2
207da8d9
207e5828
207f647c
20801024
2081a044
2082884c
2083a267
20840bb0
208509f7
208631ef
20874316
2088898f
2089ab6e
208a080e
208b72d4
208cbdf9
208d555d
208eda3c
208f42e5
2090c6b3
20910f13
20924a85
20934ea6
209471b3
20956804
20961ce3
209792c7
20987a00
20996bb4
209a0848
209baf2a
209c2ee4
209d015f
209ecc06
209f7f93
20a03c26
20a1d4f3
20a2473b
20a3690f
20a4b9db
20a56920
20a6fd75
20a7e804
20a8fc58
20a9311c
20aadaf4
20abbe7a
20acec27
20ad9174
20ae74f0
20afb495
20b066e4
20b13899
20b206f1
20b39c8c
20b44f07
20b56bdd
20b63828
20b7d73d
20b80520
20b9e4ad
20ba39aa
20bbf28a
20bcfa48
20bd08b6
20be12fb
20bf1905
20c031cc
20c192a0
20c2e5e4
20c330f1
20c4ff31
20c53929
20c64553
20c7ae5c
20c8b6ff
20c9f12c
20ca8c9d
20cb5549
20cc2c23
20cd7d11
20ced0ca
20cf67a2
20d0235f
20d1918d
20d25612
20d3580b
20d4ca2f
20d5d971
20d6b08a
20d76fc6
20d821a3
20d9e11f
20da7dce
20db6fa6
20dc8852
20dd7595
20de4bf0
20df9df0
20e02c33
20e1c33a
20e2d78f
20e3fc84
20e4bab1
20e5991e
20e6d9fd
20e7c739
20e89c4c
20e946f0
20ea2249
20eb3625
20ec141a
20ed8725
20eed4a2
20ef2c9d
20f05b61
20f10009
20f22ba6
20f3b55d
20f4495f
20f558ea
20f654e2
20f70521
20f85c34
20f9a623
20fa1cfe
20fb2e0f
20fc3b28
20fda27e
20fe21f3
20ff67bb
2100edb6
21018a5d
2102adb3
21034039
210464db
210569d5
21064c48
21074f93
2108150b
2109db67
210aa793
210b418a
210c72ab
210d3918
210e4113
210f31c0
2110bba2
21110b0e
2112320f
21139a46
2114bcd9
21154ff2
2116b613
211729f0
2118c5bf
21191181
211ae445
211b4553
211cb62e
211df179
211e0c32
211f2122
2120d809
212110cc
21228559
2123146b
21245425
2125af13
2126e161
2127af4b
2128d5b8
2129cdf3
212a57fd
212b86b2
212c04bc
212d2d16
212e8abd
212f2681
2130524c
2131cccc
2132d7e4
2133f3ea
2134aae9
2135b6e7
2136d934
2137c8b5
2138614b
213968b0
213acc1a
213bf16d
213c2c1b
213d96a9
213eff14
213fa0fd
21408c76
2141e973
21427977
2143c434
214431f3
2145c8b1
21467be2
2147e4f0
2148681e
21494b71
214a06f1
214bc499
214c3eaf
214d4172
214e00bf
214f1bff
2150d799
2151baae
21523e2b
21532c53
2154c48f
21557de6
2156de40
2157e21a
21589ead
21596803
215a86e6
215b8c87
215c0663
215d0a9b
215e8ef0
215fc84d
21608f94
2161c650
21626cd1
216304e3
21646112
21651dfb
21667059
21670ce7
216850e5
216997f7
216a1028
216bf5e4
216ce763
216d1702
216ec6ea
216f4c1e
2170a362
2171a51a
217277dd
2173b022
21746bcf
2175bb66
2176dc8c
217761e8
21784548
2179dbf3
217a1717
217bb58a
217c4fed
217d696f
217eb310
217fc611
21807cdb
21812c1e
2182ea00
21831a38
21849975
2185a6cd
218661aa
21875abd
21883d00
218982d9
218ae542
218bbec8
218c02ff
218dc2ad
218e490f
218f1a98
2190021b
2191dd11
219235da
21939e56
2194c287
219592c7
21965999
2197042b
2198449a
21997f28
219ace10
219b64fe
219cc0d8
219db137
219e166d
219fa29d
21a0334f
21a1ae88
21a25653
21a3462d
21a49d4c
21a50fac
21a62ab0
21a7d5dd
21a88834
21a958f5
21aacc33
21abe006
21ac5df8
21add047
21ae92ed
21af9e27
21b0be80
21b112fd
21b2292c
21b38e46
21b489e6
21b5d609
21b636e2
21b7521f
21b89794
21b9efa5
21bae1ec
21bbabd1
21bca4d2
21bd78cd
21be46a1
21bf764b
21c0053d
21c1c2a9
21c29fcf
21c3f776
21c47803
21c50f9e
21c6e0d1
21c7a87e
21c8c25f
21c913dc
21ca3ada
21cba31c
21cc8fdc
21cd27fe
21ce05dc
21cfe8af
21d08549
21d1bbbb
21d287b6
21d3d043
21d47f80
21d5caa2
21d6a8b4
21d7a939
21d8619f
21d9ca28
21da94a8
21db2ff6
21dc21e3
21dd6dd5
21de5e87
21df34dc
21e03071
21e16140
21e2bd67
21e3121f
21e4f234
21e5da69
21e6b1b4
21e79898
21e84d44
21e9be06
21ea0416
21eb3a16
21ec203f
21ed0935
21eeddba
21eff7b6
21f020c9
21f1af5a
21f2eac2
21f3d1e9
21f4b988
21f5d2d5
21f643b2
21f7083f
21f8d6fa
21f9a7f7
21fa2c65
21fb35c9
21fc9306
21fd3522
21fe13c8
21ffef74
2200268c
22010338
220262c2
220309bf
22049b9a
22052291
2206bcca
2207d171
2208ca63
220954ce
220a2ff0
220beb66
220cf3a6
220da3d4
220e5d77
220f238c
2210df60
22114f3c
2212a4cc
2213ea9e
22145dc3
22155a0f
22161dcc
2217a722
2218d1c6
2219c445
221a9fd3
221b04b3
221c14ca
221da00b
221ec179
221f70c8
22204ea8
2221f10f
222263f4
222315c2
2224af9e
22258fc1
222625c7
2227ed7f
2228309c
22297427
222afeb1
222bed41
222ccb74
222df85e
222ef059
222fdaa0
22304ba1
2231c415
22323531
2233460c
2234cf20
223513a1
22360c6b
223715ae
2238890d
22392b4e
223ad583
223be628
223cf507
223df7ac
223ef70e
223f78a0
2240b444
22419d1c
224295fc
2243df92
224457bc
2245a199
22463e6b
2247a6c1
2248f6c6
224927af
224a1e30
224be4b9
224cc79a
224d04d8
224e5d75
224f5aac
2250a5d8
2251064a
225209a7
22530013
22544a9e
225597cb
225696db
22574226
225873ac
22593e6f
225af0df
225b0c99
225c4bb7
225d94b4
225edd0c
225f18cb
226034c4
2261a1ee
226211c2
226360eb
2264fa16
2265b1da
22666cc6
2267d993
2268ee1a
2269fce6
226a9605
226bc45e
226c58d0
226dce57
226eb629
226fe0f6
2270026a
227175cb
2272d28d
2273c47f
22745dcc
22754d1f
22762a23
2277ea6f
227837cc
2279b6c6
227a860d
227b1bcc
227c7e19
227dac97
227e5df1
227fda33
22805470
228171eb
2282780f
22832fe5
22844777
22856de2
22865a81
22877f9e
2288c082
2289194f
228ad618
228b18af
228c2b26
228d9d1b
228e4180
228fb8de
22904f0d
2291fbb5
2292c830
22930191
22946d57
22959b1b
22966799
2297dba5
22982917
22991a11
229a74a6
229bda42
229c5f81
229d59dc
229e1813
229f61c8
22a06dd9
22a1ddd2
22a21580
22a31d62
22a450d4
22a548b1
22a6ec71
22a7f72d
22a8648d
22a91602
22aad95d
22abe65b
22acbbf5
22adcc7e
22aea3c7
22af27de
22b0ba48
22b19c07
22b24d09
22b3bfaa
22b41c5c
22b59e9a
22b67ba9
22b77726
22b848d0
22b9f427
22baa15c
22bbf555
22bcf1b5
22bd7db7
22be1f41
22bfb0d8
22c0413d
22c1be71
22c22838
22c344e9
22c40fbc
22c5aa06
22c62b68
22c7e4ee
22c8d089
22c9f2b1
22ca7b56
22cbad0f
22ccb270
22cd9f59
22ce6944
22cf9105
22d05039
22d10ee3
22d22c04
22d3e1ec
22d45720
22d56595
22d6af33
22d7289f
22d82717
22d9018f
22da0ca8
22dbe310
22dc5872
22ddd5d5
22de4af7
22dfb6e8
22e03e66
22e1d50c
22e21026
22e30c3f
22e4832a
22e53905
22e616fd
22e76c66
22e8dc25
22e98b03
22eadad8
22eb4326
22ec6b5d
22ed7b0a
22eec93b
22ef6a3c
22f02b6d
22f171af
22f28859
22f371f6
22f45dd4
22f55393
22f6e691
22f78fee
22f8633e
22f952fe
22fab460
22fb500f
22fccffe
22fd914f
22fecd7c
22ff6e79
2300c552
2301c8de
2302476f
23036a1b
23043b0b
230510c7
2306e89d
23073495
230888ea
230948d4
230ab6e4
230b20ca
230cb632
230dd845
230ed222
230fe60f
23101c7d
23119b5b
231282fc
2313a72f
23142a40
2315e19c
231635ec
2317c607
2318b627
23195bf1
231a5422
231b041c
231ca838
231dffbf
231e58e4
231f11e3
2320fcf5
2321f328
2322657f
2323cedb
232449e7
23255d65
23261ea6
23275039
23288f01
2329cc04
232aadf7
232bdfb1
232c0b6c
232d1766
232e2810
232fe68d
233076d2
2331c263
2332ca87
233397ae
2334437f
23350afe
23360de0
23375e1f
2338c40a
233956ae
233a0e3f
233bb5e1
233c2ce6
233dcbd2
233e0022
233fa217
23408217
2341829f
234287a5
2343002a
234473d3
2345ae8f
23460003
23472f1e
23486f07
2349fd3b
234a881e
234bd488
234c990d
234d12fe
234e79ee
234fa830
23507063
23517553
23522dc0
23538ff6
2354d88b
2355968a
2356170e
235795ff
235858f4
235971d1
235a244a
235bbc37
235cf098
235d4f2b
235e81cf
235f5900
23603bb8
2361d3aa
23627da9
23634d7a
236494ad
23650cbe
2366ac6a
23674087
2368c8b3
2369d8f9
236a2845
236b2bf3
236c098d
236dd4b9
236e8abc
236fe615
23706353
237147df
237230d6
237341b6
23743901
2375b8d3
23764854
2377d9a8
23784204
2379d148
237a7601
237b9e80
237c251b
237dbf5f
237e246e
237fa86e
2380210a
238121aa
2382b807
23839871
238483a6
23857095
238634b4
2387fbd4
23881706
23895b09
238a4e3c
238bfefc
238c562a
238d2c79
238eaad8
238feafd
2390b897
2391bafa
23928eb7
239355bd
2394fc1b
23950253
2396ffa5
2397dc9f
23980019
23999d0a
239afad5
239b345e
239cb468
239dbe3f
239e773e
239f0ffd
23a0c0cf
23a12074
23a27d85
23a3a5d8
23a4986d
23a5239e
23a64238
23a7c9c8
23a8b0cd
23a9b429
23aa7a56
23ab320e
23ac6cc3
23adb684
23ae033d
23afccda
23b09c8b
23b1a117
23b21a23
23b3f7ea
23b49f1a
23b52e67
23b6d9aa
23b769c4
23b831bb
23b9ed9a
23ba3040
23bbc96c
23bc950e
23bd25fa
23be1354
23bfaf14
23c02b8f
23c12372
23c201cd
23c38c1d
23c41f9f
23c5db2f
23c670d0
23c70526
23c818f2
23c9c6d3
23ca0b64
23cba466
23ccfe18
23cdfe04
23ce335f
23cfb5fa
23d02f4a
23d16338
23d27cde
23d36cad
23d44781
23d575d6
23d6983d
23d781b9
23d87ef3
23d9df03
23da723b
23dbde6f
23dc4b4d
23ddc275
23deaf70
23dfc397
23e0066a
23e17c06
23e2c0aa
23e3457f
23e41500
23e53e0f
23e67432
23e7aac6
23e84a99
23e949c5
23ea4b3f
23ebe687
23ecd6b2
23ed0363
23eef7f7
23ef4503
23f0fb67
23f1c2fb
23f2e90d
23f3ea55
23f4d9ce
23f5f606
23f64d24
23f78cb9
23f8d56b
23f9ac16
23fa6a5c
23fb493a
23fc2c3b
23fdfe83
23fed91f
23ff2a23
2400ec62
24014681
240233eb
24038c8f
240433dc
24050927
24061771
24077d4b
240868cc
240928a9
240aea3a
240b3220
240c03a0
240d0c1e
240e4c55
240f2eca
24104b2f
241163ae
2412af36
2413afa1
24142206
24159880
241629d1
24177764
2418aba8
2419f740
241ad4bd
241bc313
241c9687
241d02fc
241ea25a
241fe19e
2420de81
24213b2b
24226b0d
24232eb0
242471c1
24254d2f
2426d3e3
242741cc
2428dc3e
24292fe0
242a7b9c
242bda06
242c503f
242d4dde
242ed921
242f0326
243017f3
24315af9
24322665
2433f00f
2434be08
2435087d
243630f3
2437ae68
2438253e
2439bf82
243acfdf
243b64b2
243c6445
243d6cc6
243e159a
243fd38d
2440f9aa
2441790a
2442464b
24431cc5
244406b1
24452520
2446ccbc
244755ed
24483d8f
24495263
244aca04
244bc8b4
244c4550
244dbd45
244eb0bc
244f654d
2450b2dc
2451766e
2452f02a
2453303c
24547c43
2455e79f
2456ef41
24571a57
24588df3
2459e742
245ab91c
245bda80
245cc980
245de959
245e4d2f
245f1c0c
246001c3
2461ccaf
246209c7
2463b5d3
24641600
24659322
24668a22
246778a7
24681d81
2469c354
246a5d01
246bc127
246cf616
246d1aec
246e069a
246fe685
247076c2
2471449a
2472fec9
2473b161
247497da
247554a1
24763bbe
2477edbd
2478de00
24797453
247a1574
247b7016
247ced42
247d99a2
247ee941
247f5302
2480463d
248133bb
248268ba
24831aeb
2484da91
2485f9b0
24869691
2487a1b1
248879e7
2489c79b
248a6d0f
248b71e9
248c9f57
248d4a98
248e8bd3
248f792f
249031c0
24917af2
24929447
24935678
2494e1cd
24958c8b
24967ef3
2497e7d4
24980f27
249937ea
249ad885
249b10b3
249cec4a
249de67e
249ecd91
249fe2eb
24a059eb
24a1052c
24a2f7e9
24a328f9
24a48eb1
24a54f2d
24a67622
24a70d3d
24a8e47c
24a94fc5
24aae6f3
24abfd34
24ac8060
24ad5f0a
24ae59fd
24afcff0
24b08eba
24b1ceec
24b28b3d
24b3a7b8
24b40301
24b555ea
24b68a3f
24b79e5a
24b855e6
24b91011
24baba9e
24bbc191
24bc95cb
24bde073
24bef0b6
24bff30c
24c0b2d3
24c12066
24c2d70c
24c35f70
24c43ad6
24c54615
24c6ae70
24c7fb7c
24c8680d
24c9ffce
24cae12c
24cb2679
24cc1641
24cd5966
24cec484
24cff437
24d0d31a
24d12862
24d2da9d
24d3c3a5
24d4376d
24d5b5fb
24d6542a
24d7e521
24d890cd
24d952c9
24da7555
24db5678
24dcb6dd
24ddae65
24defa11
24df9c62
24e027f6
24e1c0c1
24e20ee5
24e30358
24e4f854
24e53e7e
24e65b24
24e7ccf6
24e87f71
24e9026a
24ea06c4
24eba5f8
24ece3ba
24ed003f
24ee6bba
24ef5e0b
24f0b48b
24f132e1
24f2dfa7
24f39776
24f4cc25
24f5f2de
24f6a369
24f7fb15
24f888b7
24f91de0
24fa8b0a
24fb604a
24fc6c35
24fd75b2
24fe689e
24ffe9d6
2500e0ad
25016d89
2502b655
2503fb87
250496b1
2505d8f6
25066866
2507a31e
25081c1a
25098450
250abe77
250b7827
250cfc9f
250dd28e
250e812e
250faabb
2510ec32
25114c7e
2512b0f6
25134ea2
2514cec1
25157e20
2516105c
251760c4
25184dcf
2519b5ed
251a0429
251b9230
251c0459
251d26f8
251e70e2
251f89f4
252096ee
25214c1f
25227621
2523d5a6
2524c1e6
252583e4
252646b8
25274caf
2528e3d3
25290247
252a351e
252b414c
252c7d22
252d31c3
252eae31
252f2e51
2530828d
253168f1
25327828
2533712e
25346dbb
2535f429
25363f68
25374929
25389d4e
25396147
253a7ef7
253b3a78
253cb90f
253d6f9b
253e54f2
253fa7e8
2540f6c5
2541c7d0
2542000a
25436108
25446e0e
25451842
254695ce
2547d9ce
25482719
25498d50
254a3409
254bc380
254c9955
254deb9c
254e59e3
254f14cb
25506747
25513a29
2552e29e
2553aec6
25549ead
2555dc34
2556f1e2
2557a05d
25587c52
2559ac81
255a09e6
255b64ec
255c2123
255d068c
255e7fc8
255f1ca0
25604092
25611d49
25620bb1
2563e6f4
25648d3a
2565e9f9
25667438
256768e2
25689088
256941dc
256adafa
256ba9cd
256cfac7
256d217d
256e0d3a
256ff0e8
2570829f
25714998
257200e3
25733dfe
2574d06c
25758891
25764123
25771332
25788cb4
2579ef48
257a3f96
257ba047
257c17f1
257d9001
257ea073
257f88f7
258075c5
25810380
258299de
25834550
2584503e
25854c1d
2586db3a
2587e28a
25886654
2589ed0a
258aaad3
258b9697
258cd905
258d72bc
258ec161
258f081d
259017d7
25910729
2592948c
2593dea1
25946c23
25959a55
25967da3
259750b3
2598b941
2599c2db
259a6e1a
259b231a
259c3989
259dd658
259e4c53
259f2033
25a0bf59
25a1fc66
25a2e8bf
25a3a669
25a4b9f3
25a58e46
25a659d8
25a749dc
25a8e89e
25a9ddd9
25aad2cb
25ab250b
25ac76a5
25ad392d
25ae5c31
25af0d4d
25b00dea
25b1bb5d
25b22d14
25b39b84
25b4b458
25b511e9
25b690e1
25b76f51
25b82cdc
25b9a148
25baed0b
25bb9b89
25bc6437
25bd417c
25be8809
25bf0f42
25c0790e
25c1f22a
25c2cecf
25c3eb84
25c49f42
25c54cea
25c69cc9
25c769e2
25c880d1
25c97a42
25ca50f8
25cbbd99
25cca742
25cd3c68
25ceda8b
25cfe7f5
25d005bf
25d185f3
25d27a41
25d3d7a2
25d48943
25d57a30
25d63021
25d7279b
25d8532a
25d93299
25da75a9
25db3751
25dc9865
25ddda0d
25de903d
25df8334
25e0868e
25e1022f
25e277e0
25e3e3f1
25e4f05b
25e54981
25e61206
25e75f34
25e8ca25
25e963a5
25ea40f9
25eb878f
25ec3bc3
25ed95c7
25eef59f
25efc95c
25f03f00
25f12e18
25f26527
25f312c6
25f43cab
25f53c60
25f6e509
25f703d2
25f8cc7c
25f94ffe
25fa1ad9
25fbe13a
25fcdb16
25fdcca2
25fe9942
25ff3a4f
26000510
260142d1
26026851
26030ba5
260411e6
2605d646
26064689
2607470c
26089751
2609be7c
260aaf12
260ba595
260cd5bd
260d8d77
260e373b
260f16fc
26102ffb
26116d90
2612aa57
26136047
26144b95
2615308d
2616771d
261756ff
2618dd04
2619b032
261a938f
261b2b43
261c7ecd
261de3ee
261e5370
261f650c
262057b2
262161ca
2622d63f
26236aa0
26247d9c
2625296e
26266b81
2627fcdc
26289c06
26296aff
262affe4
262b905f
262cf722
262d5aae
262e55c0
262fbb31
26304579
263190a3
26329d53
26334f99
2634a11c
26357c71
2636d073
2637e511
2638bfd9
263978d8
263add00
263bc20f
263c0a6d
263d4cf6
263ed86d
263f64ef
264002df
26416676
26424ed3
26434fcf
2644e398
26450b8c
2646da83
26475246
26486576
2649cc60
264a68f4
264b9f44
264c82d2
264df7fa
264eedb6
264fa2c4
26502902
26514b29
265215b6
2653b286
26546525
265565a1
2656c9dd
265773a0
26587142
2659b3bb
265ab140
265bfc9e
265cdd53
265db360
265e4d97
265f3327
26609cd8
26613682
26623c55
2663661a
2664e450
2665a82b
2666ebc5
2667b93c
266881e7
26696076
266aa49f
266bbf53
266c30c4
266dcefb
266e32a1
266f36a8
26705eb1
2671bfaa
2672257d
2673c0a6
267446d5
267521bb
2676d36d
26771f21
2678c363
26794be3
267a3844
267bc574
267c82b2
267d3352
267ed794
267f228c
2680a62b
26816e73
26827845
26839bd0
26843a7f
2685d83f
2686130b
26874628
26880569
2689fa1d
268a42a4
268b7606
268c2b03
268d6a16
268e818d
268fc505
26905f42
26916e46
269285bc
26939fc5
269430ee
2695e49a
2696991f
269774a3
26989188
26990ca9
269a0888
269b8d4e
269c3eef
269df645
269ede3f
269ff26e
26a0ad4b
26a1152a
26a21096
26a32dc2
26a440e5
26a54f7e
26a67fa6
26a7535c
26a85768
26a91c4c
26aa324d
26ab9705
26ac73fa
26adaffd
26aefb01
26aff61a
26b07450
26b1fdb8
26b2be45
26b3134b
26b4bd21
26b5d20a
26b6dbd1
26b7a403
26b83bf2
26b92a9a
26bada47
26bb810b
26bc6a1d
26bdf794
26be10be
26bf5301
26c05619
26c1764b
26c27c27
26c3f6e2
26c49039
26c5a99d
26c6774d
26c79d75
26c81097
26c95526
26ca6185
26cb9cc8
26cc73dd
26cdfd6f
26ce2c9d
26cfac68
26d0ee53
26d130d4
26d27e0d
26d3865e
26d4307f
26d598be
26d6a22e
26d78031
26d8de74
26d952df
26da4c8b
26dbc259
26dc4ae7
26ddbe34
26de7b6f
26df272b
26e01a2f
26e14a9e
26e291fb
26e3a32f
26e4be35
26e51043
26e6f857
26e741ad
26e870e5
26e9bb62
26ea828c
26eb71fd
26ecf718
26ed7ac6
26ee66e6
26ef23c1
26f074e6
26f164e3
26f2cfdd
26f338f1
26f4753d
26f5ee81
26f68750
26f7e7a6
26f894a9
26f9def0
26fac644
26fbca09
26fc389e
26fd3900
26fe6f50
26ffa186
27006d90
2701b385
27026778
27039474
2704e523
2705a477
270622de
270715f9
2708e37a
270981d4
270a3dca
270b2881
270cb7fb
270d7ff0
270e3476
270f3d7a
2710efb6
27115479
27120d30
2713f815
27142556
271522b0
27167eca
2717ac58
2718d558
2719164f
271aa0d3
271bdbc7
271c0bff
271d9f8c
271ec9e6
271ff8ed
27205373
27216f35
2722d0d2
27238d7e
2724763e
27256c2c
27262abc
2727e5bf
27288f23
272939f2
272a62fe
272b4948
272c81d4
272d11cd
272eb0a0
272f85cd
273072ec
27315bcd
2732f3ca
27335bff
273408b8
27352938
273613c1
27379432
2738eb21
2739845f
273aca81
273bd88f
273c1c13
273da121
273e5a6c
273f9f97
2740f76b
27412978
2742e69a
2743e30b
2744e07e
27456116
27461bb7
2747d6eb
27485518
274986c2
274a4113
274bccd6
274cd40a
274d9476
274ec736
274f1f5e
275076d3
2751823c
27521a19
2753f604
2754f31d
27556a24
2756fc53
2757f107
2758e707
2759ec28
275a9ccd
275b1754
275c6c96
275df83e
275e853c
275f4663
27600d0b
27611969
2762eb7f
2763c297
2764169a
2765f301
2766360a
2767e389
276849a2
27699c8d
276acf09
276bb611
276c11e8
276d8db9
276ec84a
276f49c1
2770f1d5
27713783
277226ce
27730d7a
27745010
2775f4fb
2776df7f
277717f8
2778989a
27797ed0
277a56f6
277ba7c4
277c1161
277d86be
277e8e14
277f79d9
2780c1e3
2781b1d7
278287f6
2783865c
278495ff
2785a65f
27865525
27877c1c
27884c36
2789bb96
278ac684
278b6fa7
278cb5dc
278dbd9d
278e55f8
278ffe36
2790ef00
279159b3
2792bb2e
279328a7
2794f02f
2795409c
279697c8
2797435c
2798e7dc
2799c3c6
279a4ed1
279bb2fb
279c9c82
279d2113
279e179e
279ffa10
27a03061
27a169cd
27a28522
27a38b2b
27a44e05
27a549ee
27a6d3ef
27a75166
27a8bf22
27a9e3c0
27aa8359
27ab1717
27ac75c2
27adbef8
27ae3599
27af35d2
27b02850
27b19b6a
27b2a5b3
27b34e07
27b44c28
27b5d4b4
27b6a96b
27b7d926
27b8f6b7
27b9c57e
27ba7f9b
27bb1721
27bca866
27bd03d2
27be0b9e
27bf97f0
27c0efda
27c10bd7
27c27d0e
27c3f05f
27c41649
27c52e5d
27c6d8b4
27c70155
27c834b2
27c99063
27cabe48
27cb9a24
27cc8e2b
27cdcd26
27ce6b8a
27cfacbb
27d05c34
27d1efb9
27d2ed7a
27d3c26a
27d4c598
27d5c9c7
27d60aa4
27d7a4c8
27d87081
27d9f44e
27da526f
27dbd0a4
27dccf17
27ddcd34
27de02cc
27dfb8a2
27e04315
27e15cbc
27e203fb
27e3ccac
27e4f2ed
27e5d9f7
27e66189
27e79b91
27e82c84
27e9290f
27eab73d
27eba524
27ec60a1
27edbf52
27ee923f
27eff240
27f0d1b1
27f1f3a7
27f2a3a7
27f3b3cf
27f4e12c
27f54fd2
27f6158a
27f75a77
27f85b5a
27f93079
27fad626
27fb508b
27fcf6c3
27fd7676
27fe58c3
27ffa30e
28009f1c
2801947e
2802887c
2803262c
28049e8c
2805e098
2806a655
2807d830
2808b4be
28090ce7
280a6a4a
280b7474
280c8e10
280d907a
280eabe8
280f109b
2810dd7f
28110442
2812eccb
2813ad0e
28141c0b
28150a6d
28163181
28177e75
281828f4
2819650a
281a5c00
281b84b5
281c0856
281d588b
281e0723
281f4341
2820be64
28215f62
28224eab
282345dd
2824e2c0
282554d8
2826f91b
28273255
282820bb
28299b03
282ae0f6
282ba6f8
282ce6ce
282d0d6b
282e4fc7
282f34c1
283000e2
28318899
28326592
2833b17d
2834c551
28352800
28363fa9
28377007
28388897
2839ba15
283a6156
283b2edd
283cb88e
283dda36
283e5fbf
283f06f5
2840de25
28410651
28422531
28433999
2844911b
2845edbb
28464fdd
284751f1
2848806f
2849a903
284a9789
284b8b9f
284cb887
284db096
284e99b7
284ffdfc
28500842
28513ac2
28527461
2853dd8f
2854427a
28551cf5
2856df84
2857b81b
28587f28
2859d633
285a1089
285be382
285c440c
285d7b5b
285eb2fe
285ff9c5
28609a6d
286128f7
2862df3f
286302ce
2864c39a
28658762
2866d931
28670bcc
2868e92d
28690943
286a2499
286b0189
286ced65
286dc509
286e9dcb
286f02d6
28701eee
2871f75c
2872b763
2873b136
287420c4
28758158
28765127
2877afad
28785b27
28793116
287a7425
287b634b
287cafeb
287def05
287ec5a0
287f9e09
2880034a
2881dd18
28828676
2883d784
2884ab9b
2885bc98
28864424
2887c0a2
28886337
2889f156
288a4317
288b9228
288c1c8e
288db03a
288e9f0e
288f80ec
2890bbc8
289178bb
28920bfb
28937425
2894cbab
289516c8
2896bd7e
2897a84c
28987bf9
28990741
289ac1d5
289b483f
289c5f50
289dfaea
289e38ac
289f7be6
28a04cc8
28a1c54e
28a23c2b
28a3d36e
28a4f25d
28a5bd24
28a6fdd4
28a7d87b
28a84ad0
28a98fe1
28aa296d
28ab9931
28ac3214
28ad0e51
28aea755
28afe74b
28b0f7a6
28b1d0fd
28b279ef
28b3d709
28b44ee1
28b5f2f8
28b653fe
28b79b16
28b82af1
28b91dce
28bab86e
28bb1592
28bca808
28bde375
28be232a
28bfdeb3
28c084c5
28c182b5
28c2a9a6
28c329d1
28c4ef30
28c5cf13
28c6bb9d
28c7ff73
28c8ef8e
28c9a9f7
28ca4cf5
28cbfce4
28cc2ae4
28cd6613
28ced8b5
28cfabbb
28d04345
28d18d0d
28d298da
28d324c4
28d4dca6
28d52372
28d608e0
28d7ac8c
28d82dbc
28d93a56
28da5042
28db7dac
28dced1f
28dddbc5
28defcb4
28dfe120
28e065ca
28e1d99f
28e25d72
28e3e38c
28e48af7
28e51c98
28e66ba9
28e706c6
28e8992b
28e92d23
28ead4fa
28eb5b55
28ec1fe6
28ed19da
28ee00e3
28ef3323
28f0236c
28f1d866
28f29905
28f33bc1
28f41d7a
28f5d051
28f6e6b2
28f7e94c
28f852f8
28f9fdb0
28fa6c6b
28fb25bf
28fcd678
28fd3843
28fe9714
28ffc9ec
290008a5
2901eadc
29022f1d
29036db2
29042080
290580c7
2906ec54
29074208
29084d86
2909ba5b
290a2132
290bba65
290c9dc0
290dedfe
290e6c14
290fb312
2910dd46
29114687
29128621
2913546a
2914df82
2915821b
29163dd2
29179997
291847fa
2919ed91
291a0a75
291be562
291c8851
291da85b
291e2f21
291fafc8
29202d73
2921015b
2922ba94
2923a863
29244b5b
29259fa4
2926a33b
2927a11b
2928e7eb
292939c9
292aa9ed
292bbd2e
292c0cf5
292dccdf
292e9d9f
292fb50a
2930283e
29313ecd
29329b9c
29337723
29343d3c
29356354
29367958
2937e046
29389ce8
2939ae6b
293ae3b2
293b0f5d
293cbf7e
293d3b45
293e25f5
293f2164
29406aad
2941be30
29425569
29439e22
2944b09b
2945cd69
2946aa69
2947af1f
2948ee24
2949f844
294aef28
294b1611
294c9ae9
294de4f5
294e8ce0
294fba6e
295051b8
2951f2e1
2952d3d4
29538932
29541ead
29556255
29568f5c
2957c0c4
29585879
295976be
295a2e8e
295b23f5
295c797b
295d0ef5
295e8a8c
295fe368
29602fdb
2961c4ba
29620df3
2963b85d
2964f9b3
2965ef78
29666a9c
29678da7
29680748
29690aef
296a7c6b
296b0c07
296cd385
296dbaa4
296eaf06
296f51bd
29701c35
2971153f
2972d4b8
2973afe1
29743510
2975f642
297657aa
29775f39
297829fa
29795ef9
297a5c20
297bc155
297c798b
297de2aa
297e22db
297fcb1a
2980500d
298165b5
2982a08d
29834616
2984efe1
29858ff9
298623e0
298740ef
2988be12
2989215b
298a3e9e
298bb25e
298c87b9
298d543e
298e05d8
298f2600
29900bcc
299193e1
2992ce66
299364c7
299453bd
2995c2a9
2996f14d
29974399
2998516f
2999431f
299ac5ce
299bf41f
299cc49b
299d1422
299e5b9d
299f1534
29a06fe9
29a17f7d
29a22c09
29a3b808
29a483e9
29a56808
29a66b96
29a79fc0
29a8941d
29a9eee4
29aa0a0c
29ab7b85
29ac7b24
29ad0127
29ae4bbe
29af58d7
29b0c70f
29b14ecd
29b20d9f
29b3da85
29b4f735
29b5fad9
29b67d8b
29b76ac2
29b8aadb
29b96a5e
29ba0c23
29bbe8eb
29bcf335
29bdf6df
29bee728
29bf1c9d
29c0d775
29c141ba
29c2fe1a
29c33525
29c4d591
29c52b64
29c64e82
29c7b9f8
29c81575
29c9783c
29cab0db
29cb1202
29cc20ba
29cd6351
29ce3a5c
29cf0074
29d01f7a
29d164c4
29d2db74
29d3e286
29d4a1d5
29d53026
29d63f61
29d7ad44
29d88823
29d924b9
29dac01c
29dbc03f
29dc3499
29dd84e3
29de7d8f
29df6a30
29e0acf6
29e15788
29e2c2f9
29e3da00
29e49a8a
29e5e748
29e67107
29e72d06
29e8b24a
29e97c80
29eac119
29eb4ce7
29ecc453
29edc837
29ee7686
29ef9e9f
29f0b5da
29f1d03d
29f2b9e1
29f3c7b9
29f4ff5b
29f5d6ed
29f671de
29f7712e
29f8d704
29f9a3f5
29faeef4
29fb6579
29fcd7de
29fd5c92
29feeeb0
29ff5d5d
2a00cd74
2a013b02
2a02e5e2
2a03f42f
2a04f998
2a05d94b
2a06d53b
2a074083
2a08b228
2a09aeb2
2a0ad8a3
2a0b3b2c
2a0c4133
2a0d86df
2a0e4cb8
2a0fcbee
2a105d65
2a1139b3
2a12560e
2a1324f5
2a1484e1
2a154ae5
2a1623a0
2a178faa
2a18e0be
2a192878
2a1abaed
2a1bc901
2a1c1861
2a1d6506
2a1e6c23
2a1f2e27
2a20e019
2a21bd76
2a227598
2a236ef0
2a248ec6
2a258113
2a26bcc5
2a277bfd
2a281509
2a29dce1
2a2a005b
2a2b2768
2a2c3999
2a2d8d02
2a2e8166
2a2fa071
2a3017fd
2a314da8
2a325721
2a335dc4
2a34e1dd
2a358043
2a3669e4
2a37391f
2a38591b
2a39a375
2a3aa673
2a3b8dba
2a3cf98a
2a3dbb91
2a3e7383
2a3ffc53
2a40f550
2a41d933
2a421c75
2a439112
2a44c115
2a45253f
2a466852
2a47d597
2a483b93
2a499397
2a4a61e1
2a4b8249
2a4c4adf
2a4daffc
2a4e0ee4
2a4fc926
2a5004fe
2a513e4d
2a52afdb
2a536c1c
2a54f212
2a550119
2a566981
2a577f39
2a5884f3
2a59a07d
2a5a27bb
2a5bc632
2a5c4ea4
2a5db609
2a5eff79
2a5f6da7
2a60623d
2a612911
2a62d69f
2a632433
2a640620
2a654020
2a66d59e
2a67380d
2a684018
2a692183
2a6a4d12
2a6bab33
2a6c5415
2a6dd495
2a6e46db
2a6fe760
2a7081d4
2a71e035
2a7268d8
2a7335c4
2a748db7
2a75bede
2a765d6c
2a77f8e1
2a78db01
2a7928b9
2a7a38dc
2a7b3d09
2a7c680c
2a7d03a1
2a7ebcba
2a7fb3b6
2a80057c
2a81314a
2a825ac3
2a836b41
2a841dd5
2a8539f6
2a86a8f6
2a874a59
2a8867c9
2a89d8c1
2a8afb1a
2a8bacd1
2a8ce8ad
2a8d6f8f
2a8e0d65
2a8f79ed
2a905eaf
2a91d77b
2a92b0a9
2a938a09
2a948333
2a953d1b
2a968b92
2a97e691
2a98fea5
2a991535
2a9a01e9
2a9bf328
2a9caa9c
2a9dcf8e
2a9ecb23
2a9f7f94
2aa07066
2aa1284e
2aa24b08
2aa3eb12
2aa4e9c9
2aa54763
2aa62fde
2aa755ce
2aa85bd2
2aa9c13b
2aaaa20e
2aab90dd
2aac6a1f
2aad1fe1
2aae9321
2aafef2a
2ab0a2d0
2ab1a5a0
2ab22f4a
2ab3e709
2ab47f86
2ab547fc
2ab6ea3b
2ab79bcc
2ab8c50a
2ab96bac
2abacddd
2abbafb1
2abc3e15
2abdc051
2abee3c2
2abf085a
2ac03048
2ac16564
2ac26860
2ac3fd07
2ac4f32b
2ac57472
2ac67a14
2ac744fe
2ac85d6a
2ac9e052
2acafb76
2acbec69
2acc3d90
2acda415
2acec43b
2acfac30
2ad0e14f
2ad14052
2ad2599c
2ad34cfc
2ad4bc56
2ad5ef42
2ad6962f
2ad743ac
2ad89420
2ad98f00
2adae4b3
2adb9783
2adc5f96
2addd777
2ade9932
2adf14b6
2ae02fa4
2ae18121
2ae2fd58
2ae3547e
2ae47b36
2ae532eb
2ae67c9d
2ae75b55
2ae8c298
2ae9d9a3
2aeac4a5
2aeb495c
2aec3300
2aed6396
2aee76f9
2aef9ad3
2af0a47e
2af1adf2
2af2f47c
2af3350b
2af4725b
2af58c95
2af688fd
2af7a3cd
2af864ed
2af9125f
2afa02ed
2afb099f
2afc3783
2afd076e
2afeca86
2afffc86
2b00f015
2b01ca62
2b026691
2b03e4b0
2b04409d
2b057c01
2b06ef7a
2b07880c
2b08b058
2b09317c
2b0a1ce1
2b0b26dd
2b0ce3ef
2b0d5b10
2b0e2b81
2b0f6251
2b1046f2
2b11c8c6
2b12d40a
2b131466
2b14cb6f
2b1521ca
2b16650d
2b170cd1
2b188205
2b196a47
2b1a7d0c
2b1b823e
2b1c689c
2b1d203b
2b1e717c
2b1f51d2
2b20dbb5
2b216d7d
2b22d1fd
2b2364fc
2b246a72
2b255101
2b26353e
2b27663f
2b287129
2b290f1b
2b2ab5c9
2b2bdd7a
2b2c6bc6
2b2d1488
2b2eedb8
2b2f58e5
2b300b01
2b315d02
2b32b728
2b334278
2b347403
2b3541d8
2b36fbca
2b3729ee
2b38e616
2b39773a
2b3a5a3f
2b3b96be
2b3ccbaa
2b3dfa94
2b3e2659
2b3f3ad1
2b4003eb
2b41db41
2b42017d
2b43a6b5
2b44d571
2b45c139
2b469c7c
2b47f8e5
2b48c991
2b49056d
2b4a4510
2b4b3173
2b4cd039
2b4d453b
2b4e7464
2b4f34bf
2b50ff8a
2b51d320
2b52270d
2b532c57
2b546156
2b55ea2d
2b564884
2b57a4af
2b58d2e5
2b5943a0
2b5a9514
2b5b906d
2b5cc4c6
2b5df370
2b5e650b
2b5fe9a8
2b6036eb
2b6184fa
2b62b508
2b6373ca
2b640629
2b65570c
2b6654a6
2b6759d5
2b68cc9b
2b699e69
2b6a7f8c
2b6bfb63
2b6c8d86
2b6d9ed9
2b6e11f8
2b6fc56c
2b70d148
2b719ed7
2b722cc5
2b73a3fe
2b7400b7
2b7556e1
2b76d04f
2b77f3eb
2b78e7d3
2b79c1de
2b7a1043
2b7b4236
2b7c1aeb
2b7daa8b
2b7e7798
2b7f6a11
2b80cba4
2b81b73b
2b82967a
2b83a05b
2b84621f
2b857cc6
2b864ed4
2b87f3f2
2b8826e4
2b898353
2b8ae251
2b8bce1e
2b8c5526
2b8d40af
2b8e6d51
2b8f1945
2b9089c5
2b9162ea
2b92075d
2b93037f
2b949226
2b950635
2b96896a
2b978632
2b98d24a
2b99ce66
2b9a89ae
2b9bc8c4
2b9cde58
2b9d641f
2b9e852f
2b9f6898
2ba04ae4
2ba1460c
2ba22500
2ba39901
2ba403a1
2ba573d6
2ba633c0
2ba7f79f
2ba8badb
2ba9e44c
2baa4bcc
2babc519
2bac9534
2badd47f
2baec8f6
2baf8841
2bb0a5e8
2bb1a99b
2bb2ec84
2bb35aaf
2bb41c15
2bb5f1bf
2bb6d96f
2bb76f96
2bb82e20
2bb96b50
2bba575a
2bbb8988
2bbc5877
2bbda198
2bbe22c6
2bbf0023
2bc03c47
2bc15156
2bc2e6a5
2bc30330
2bc4d070
2bc5e798
2bc64c71
2bc7ddab
2bc8f6c5
2bc98e23
2bca8515
2bcb9609
2bccd3af
2bcdadae
2bce6434
2bcfe9c3
2bd08a02
2bd1b9f2
2bd200f3
2bd369ef
2bd40995
2bd57783
2bd6cd4b
2bd719d8
2bd81537
2bd924f1
2bda8137
2bdb687a
2bdc6383
2bdd3fba
2bde60a1
2bdf5718
2be0d9e5
2be15ffc
2be2e3ad
2be3e4a7
2be42e07
2be5914b
2be6c654
2be77ef6
2be8bf1d
2be97b1a
2bea98f4
2bebe58b
2becd1eb
2bed5f72
2bee9653
2bef04a6
2bf00216
2bf17885
2bf20203
2bf3eb57
2bf4efcd
2bf5e083
2bf677c1
2bf74967
2bf86a0f
2bf9d90b
2bfad813
2bfbf78e
2bfca56f
2bfdf228
2bfeced3
2bff1f1c
2c0077da
2c012851
2c02bbd4
2c0378ad
2c049000
2c053b82
2c06994a
2c07efb5
2c084c7e
2c09f1c2
2c0abcd4
2c0bd444
2c0c4cc8
2c0dc725
2c0e773b
2c0fafe6
2c10361b
2c1163cd
2c126090
2c13dfe3
2c14f888
2c15de2a
2c16da59
2c178994
2c185583
2c196578
2c1a1586
2c1bed0c
2c1ce469
2c1d0e58
2c1e3359
2c1f4d53
2c202aba
2c210d44
2c223331
2c23d965
2c24eacd
2c253870
2c26882e
2c27f461
2c28cf16
2c29394c
2c2a8a29
2c2b68f5
2c2c6447
2c2d6c12
2c2eea0d
2c2fc773
2c304d60
2c317232
2c32ca12
2c33785e
2c340ea7
2c3555c1
2c360259
2c37abb4
2c381083
2c396d29
2c3a068e
2c3b3a1b
2c3cc423
2c3ddaf7
2c3e8ab5
2c3f8987
2c40a7ca
2c4124ad
2c42cfe1
2c43376c
2c4485d8
2c456465
2c466178
2c476e55
2c48fc7f
2c49bbc0
2c4ad009
2c4bb8d2
2c4c7209
2c4de35d
2c4ea2dc
2c4fcd2b
2c505858
2c51dc7a
2c52eff2
2c53b7c3
2c54e161
2c558ce7
2c56e28d
2c57fd20
2c58c41e
2c59496a
2c5abee3
2c5b944e
2c5c0bab
2c5d9c99
2c5ebedd
2c5f9d35
2c603048
2c61a706
2c6228fc
2c63a7b0
2c64b6d5
2c658e18
2c666d3a
2c677458
2c689066
2c6902e6
2c6a312d
2c6b18a1
2c6c8da7
2c6d6607
2c6ec5da
2c6f7dea
2c706f3d
2c71d5dd
2c72e311
2c735f98
2c742f73
2c7577f6
2c76c7f7
2c779c99
2c78449c
2c798500
2c7a94b2
2c7b135a
2c7cb7b8
2c7d5536
2c7e34bd
2c7f5e86
2c80f87f
2c81b2c3
2c8236fe
2c830238
2c84c38f
2c851d04
2c86af5d
2c872e81
2c889810
2c89fff6
2c8a0760
2c8b8baa
2c8c5903
2c8dc12c
2c8e467f
2c8f00f8
2c908c79
2c91335d
2c92917a
2c9357f6
2c942f38
2c95434a
2c969bbb
2c970d3c
2c98541b
2c99386a
2c9aaf2e
2c9b3bcc
2c9c4bf3
2c9d6ef7
2c9e9b56
2c9f7085
2ca07389
2ca1e9fe
2ca24a47
2ca3c0b6
2ca4ebbe
2ca524cd
2ca69478
2ca7340d
2ca83186
2ca925cd
2caa3dcc
2cabff4d
2cacd2cc
2cad5b4f
2cae103c
2caf0b44
2cb03d42
2cb1266a
2cb23939
2cb3018e
2cb4e1c6
2cb5769c
2cb65a67
2cb72294
2cb8f3c6
2cb9b7f4
2cba2e63
2cbb1253
2cbc02b4
2cbdf6d5
2cbe590d
2cbf37b9
2cc0ea72
2cc1fd2c
2cc2d66f
2cc3fa55
2cc4d674
2cc543c0
2cc6b676
2cc7e0fa
2cc8f8b0
2cc9e6e4
2ccaf447
2ccbdba0
2cccc0f4
2ccd58c8
2cce70b5
2ccff9d4
2cd0699a
2cd1c9f0
2cd2afd9
2cd39d4e
2cd4926b
2cd5192b
2cd68168
2cd73d6a
2cd81d30
2cd9d494
2cda985e
2cdbaf20
2cdc7b78
2cdd2479
2cde944b
2cdf84a6
2ce0c52d
2ce1c054
2ce2361f
2ce3b85e
2ce4b1f9
2ce581a6
2ce680e8
2ce7a792
2ce896c4
2ce9b6c7
2cea5577
2ceb47e0
2cec6925
2cedc741
2cee8c92
2cef1e8d
2cf06b05
2cf13722
2cf27fa7
2cf3c7da
2cf43c91
2cf551f0
2cf64f53
2cf7f93a
2cf8d866
2cf9a66c
2cfa7067
2cfb9250
2cfc2b1c
2cfdb01d
2cfe3a5e
2cffb5d5
2d00641e
2d010e4d
2d02f9e7
2d035d1a
2d042b7d
2d05ac8f
2d06a45e
2d07c7e4
2d08744d
2d091925
2d0a660d
2d0b3c83
2d0c51d5
2d0de0e9
2d0e0907
2d0ff3e4
2d10d7bc
2d111051
2d1244bf
2d1315d5
2d144098
2d15aeb4
2d16cd0c
2d17ccb9
2d1833e1
2d19b3c1
2d1a81e4
2d1bc84e
2d1c2f6e
2d1d94e9
2d1ef50b
2d1f58c0
2d207c92
2d211d2c
2d226cb3
2d23d317
2d24d252
2d257bbb
2d26bd04
2d2789aa
2d28895d
2d29cc01
2d2af990
2d2bc054
2d2cdbba
2d2d852d
2d2efbc0
2d2fcd89
2d306b6e
2d31c2c6
2d32c98d
2d33c23f
2d341824
2d35e0b8
2d36c97d
2d378dd9
2d38e16e
2d39e18d
2d3a66ae
2d3ba965
2d3c3fac
2d3d4d26
2d3e61bb
2d3f68f1
2d40b9d2
2d416f9b
2d4204a2
2d439bbc
2d440fbe
2d454ef4
2d46d245
2d4722af
2d48697f
2d498daf
2d4a8ab0
2d4bdba1
2d4cfd1d
2d4de927
2d4e1ed9
2d4fea2e
2d50131d
2d518b1d
2d520fa4
2d539050
2d549209
2d55f397
2d5667c4
2d57a048
2d5877c1
2d593305
2d5a455a
2d5bfff6
2d5cf192
2d5d572b
2d5effbd
2d5fc0ba
2d608890
2d6126a5
2d624b06
2d634b87
2d6463c5
2d652969
2d6669f1
2d675c7f
2d68d102
2d697dc7
2d6a69a5
2d6be841
2d6c7965
2d6da5f6
2d6e7e5c
2d6f81c7
2d705d09
2d71fe8e
2d72e9b6
2d73866e
2d74ffb9
2d751829
2d7621a6
2d77afad
2d78b4fe
2d791c97
2d7ad285
2d7b682d
2d7c7c1a
2d7d4f7b
2d7ed3ec
2d7f9cb6
2d80f020
2d812780
2d822b07
2d8363f2
2d842305
2d85e266
2d862ddf
2d87c98a
2d88b699
2d894a79
2d8a887e
2d8b8f24
2d8c8fd4
2d8dcc7b
2d8efaea
2d8f7e5b
2d90f0d3
2d910e30
2d929e26
2d93ed03
2d943a3c
2d954dc4
2d96c807
2d97c999
2d986398
2d99b8a4
2d9a0a51
2d9bddc3
2d9c8a60
2d9d91c5
2d9e85f8
2d9f95e3
2da0d29e
2da154c7
2da2ca5f
2da391b7
2da4b9c9
2da5a320
2da6e321
2da75d19
2da82bb3
2da949bd
2daab259
2dab2552
2dac86e8
2dad5f5e
2dae9dc7
2daf2a25
2db02db5
2db1774e
2db2455d
2db387fb
2db4bc68
2db53fe1
2db658eb
2db7b5cd
2db8f0c3
2db917c0
2dba9fac
2dbb40d1
2dbc812f
2dbde824
2dbe1467
2dbf620a
2dc021a6
2dc13b2d
2dc2a530
2dc3ec67
2dc4b3c2
2dc52eeb
2dc6ac56
2dc781ce
2dc8fbbd
2dc920aa
2dca1b7b
2dcbe33a
2dccfc68
2dcd36cf
2dcec896
2dcf684a
2dd0426c
2dd13704
2dd27287
2dd3d456
2dd42d87
2dd5dd6b
2dd698fa
2dd757dd
2dd83e85
2dd90572
2ddae6c3
2ddb4786
2ddc5912
2ddd8ec3
2dde41fa
2ddf2f36
2de0b292
2de13ff0
2de2340a
2de35467
2de4656f
2de55ff1
2de6cc77
2de7fad7
2de86e43
2de9d249
2deadb9a
2deb2000
2decbe3e
2ded3230
2dee6b44
2def42ed
2df037db
2df1b061
2df203c8
2df34ec6
2df41ffb
2df53c0d
2df609d3
2df7dcb6
2df82298
2df99f5b
2dfafb02
2dfb2817
2dfc3c65
2dfdb89e
2dfea7e2
2dff9b7a
2e004d2b
2e017288
2e02b831
2e03af1f
2e048d44
2e05e6e1
2e067ebe
2e071592
2e083280
2e0961d0
2e0ac3b1
2e0be7d6
2e0c8429
2e0dbd13
2e0e40d3
2e0f3741
2e101a50
2e117550
2e1285be
2e1338d6
2e14059c
2e15aa33
2e160b01
2e173e66
2e182742
2e195f89
2e1a6c18
2e1be91a
2e1cf596
2e1d7ea7
2e1e6338
2e1f2018
2e205538
2e21e443
2e2255bc
2e23e385
2e24a458
2e255214
2e26b467
2e27225e
2e285e55
2e29ffa4
2e2a6e91
2e2b3022
2e2c5c31
2e2db508
2e2e2c40
2e2f2163
2e30c4ea
2e31e327
2e328e0d
2e33b632
2e343787
2e355635
2e36cdd9
2e379496
2e38d7ef
2e393ffe
2e3aa0ae
2e3bdf87
2e3cd989
2e3d6d72
2e3e342d
2e3fb134
2e4021c3
2e41f15f
2e42084d
2e43781e
2e444afa
2e454f96
2e46bf4e
2e47f32a
2e48f708
2e490da9
2e4a6f60
2e4b2d7d
2e4c2169
2e4d889a
2e4edda8
2e4f7905
2e5074ce
2e518eda
2e521783
2e531ac8
2e54c6d1
2e554de9
2e567002
2e571786
2e58bd9e
2e59a4b5
2e5ab743
2e5bdb7b
2e5c2b72
2e5d922a
2e5e85ba
2e5fd125
2e60a11d
2e61552c
2e621f2e
2e637106
2e6443f3
2e6508e2
2e664e49
2e6770a9
2e682481
2e699ee6
2e6ac83a
2e6b0e3f
2e6c6352
2e6d9a12
2e6e2e04
2e6ff58c
2e709ceb
2e71525b
2e7232ae
2e735a6b
2e7424ba
2e755dc2
2e76ae72
2e778df1
2e785339
2e79f998
2e7adca1
2e7b2ba1
2e7c1aee
2e7de741
2e7e85b6
2e7ff808
2e8028b3
2e8149d3
2e824022
2e833055
2e841794
2e85d5a8
2e869140
2e874ff1
2e88d169
2e89b95c
2e8a64c1
2e8baf90
2e8cf732
2e8ddff3
2e8e8313
2e8fc79b
2e90266e
2e9112e0
2e921878
2e9324f2
2e94a4e7
2e95d595
2e96578a
2e97be6b
2e9854ac
2e9959f1
2e9a2b5c
2e9b2907
2e9c1a41
2e9d8c50
2e9e0a3d
2e9fba58
2ea007ac
2ea1b3ed
2ea2cd49
2ea353ab
2ea4e5a7
2ea5c288
2ea62f94
2ea70182
2ea8c7b3
2ea9d948
2eaa560d
2eab192e
2eacee3a
2ead94b6
2eae6578
2eaf94b2
2eb0bc0e
2eb1a2b5
2eb27b8d
2eb3e751
2eb40f83
2eb5bf58
2eb6308f
2eb7587e
2eb802c3
2eb96ab5
2eba4873
2ebb3fd4
2ebc2628
2ebd6ac5
2ebe31ad
2ebf2db2
2ec0efa7
2ec11354
2ec26709
2ec352af
2ec44065
2ec5e4c0
2ec692b0
2ec78b9f
2ec80836
2ec9a198
2ecaaccf
2ecbea8d
2ecc2908
2ecd0495
2ece6110
2ecf85c5
2ed07c06
2ed14185
2ed26f82
2ed32b66
2ed4840f
2ed5936a
2ed64ae0
2ed79928
2ed8fe6e
2ed95df1
2eda3b07
2edb050b
2edcd999
2eddb724
2ede48f5
2edfec20
2ee0067b
2ee1afa5
2ee2aad3
2ee30514
2ee4dfbf
2ee5c0ba
2ee6886a
2ee7565f
2ee8d241
2ee985db
2eea6a84
2eeb3b0e
2eec14cc
2eeddeb6
2eeeb8f6
2eef379d
2ef0d653
2ef1a86f
2ef2ccf2
2ef3c5a9
2ef45a88
2ef5d897
2ef6470c
2ef765fd
2ef86a14
2ef9ebeb
2efa930b
2efb1349
2efceaf5
2efd8270
2efefa8f
2eff206e
2f00ad93
2f012816
2f029235
2f03d34b
2f049fe6
2f05fd28
2f0626f2
2f0706f5
2f08ad05
2f096413
2f0ae9c3
2f0b4477
2f0c5529
2f0d6785
2f0e9d48
2f0fdfe4
2f1050cd
2f11e086
2f12126a
2f13f937
2f145992
2f151608
2f16ae62
2f179325
2f18d64d
2f19227b
2f1acac4
2f1b70b9
2f1c10c4
2f1d24f5
2f1e9805
2f1f6156
2f20a00f
2f21fd78
2f22a050
2f232201
2f24aad4
2f259bae
2f269540
2f278227
2f282239
2f2969b4
2f2ab925
2f2ba3c9
2f2c3781
2f2d2299
2f2efc7e
2f2f18c7
2f30759a
2f3197b0
2f3200b5
2f33a44e
2f3422ed
2f353ce8
2f36d550
2f374e66
2f387973
2f397758
2f3a6fcb
2f3be280
2f3cee1f
2f3d94cf
2f3ea12f
2f3f76da
2f40b352
2f410e30
2f42a81c
2f4339eb
2f449527
2f45196f
2f46e313
2f476b8b
2f4866c3
2f499c98
2f4a65b1
2f4b97fb
2f4c03c9
2f4d56d5
2f4e79c1
2f4f3ca7
2f503aea
2f513f07
2f52ec90
2f53ba35
2f54dd9c
2f553593
2f568417
2f57f9f6
2f588134
2f59586b
2f5a8667
2f5bfe35
2f5c175c
2f5dfd6d
2f5e3c92
2f5fddee
2f60b48e
2f6148e7
2f62ace1
2f63afcb
2f64bcdf
2f656cf6
2f66b797
2f67a706
2f68b7a2
2f694e37
2f6adea5
2f6ba1d4
2f6c81dd
2f6d9fc0
2f6e6a54
2f6fea81
2f703860
2f7160b3
2f720582
2f736629
2f74006e
2f7514f4
2f76450c
2f7707d3
2f78bf0e
2f79ef21
2f7ad481
2f7bbf12
2f7c8312
2f7da552
2f7e8cb4
2f7f771d
2f807c59
2f8121df
2f8264bf
2f83ef4b
2f84fd33
2f852baf
2f867493
2f872567
2f88522c
2f89c5c4
2f8a81ab
2f8bb0c5
2f8c9fff
2f8dd28c
2f8eb40c
2f8fbbaf
2f903555
2f911a3c
2f929779
2f930916
2f948d73
2f95ec49
2f969650
2f975562
2f986cb6
2f99cbdf
2f9a9a87
2f9bdb22
2f9cf77a
2f9d2422
2f9eef54
2f9f01ce
2fa0d7a6
2fa1b8c0
2fa2f1f7
2fa39f8f
2fa4785d
2fa5bee4
2fa6ada2
2fa71013
2fa83ee8
2fa9125b
2faa6d6d
2fab1f83
2fac85c6
2fad5854
2fae4cfc
2faf34e8
2fb040d2
2fb19c23
2fb227a2
2fb3c9f8
2fb43104
2fb5a225
2fb64ab9
2fb73610
2fb84400
2fb90d44
2fbaa09e
2fbb6ea9
2fbc41a4
2fbdafe8
2fbebfac
2fbf8ee2
2fc0e328
2fc1d544
2fc2d409
2fc39087
2fc480b4
2fc51e80
2fc6e7af
2fc770dd
2fc8ea20
2fc9dea5
2fca2c12
2fcbe50c
2fccec50
2fcdaa97
2fce2876
2fcfb0fc
2fd0b713
2fd1570a
2fd2fe1e
2fd37599
2fd4c42f
2fd56e20
2fd67701
2fd786f4
2fd80887
2fd9a595
2fda1e4f
2fdb885e
2fdca825
2fdd51b8
2fdebfd4
2fdfcf4c
2fe006ec
2fe10998
2fe2b421
2fe37337
2fe4db3e
2fe59195
2fe62fbd
2fe7acce
2fe8043f
2fe9c882
2fea4ad6
2feb0b54
2fec74f7
2fed5932
2fee9b42
2fefa943
2ff0ff11
2ff1aea5
2ff234e2
2ff33e29
2ff4b7a3
2ff525bc
2ff601a3
2ff7678d
2ff87684
2ff9e806
2ffa8856
2ffbcd20
2ffc898b
2ffdd0b7
2ffece9b
2fffe4d5
3000d4b5
3001282d
30026ac0
300315a6
300417ef
300533f0
30064ec3
30074a8a
3008779c
3009135d
300a4187
300b69bb
300cdd88
300d4517
300e12e9
300f3073
30106243
30119676
3012a3e4
301325ee
301417e0
3015b55f
3016b3f7
30170265
3018ce47
301913f5
301ab724
301b6a72
301c7c18
301da722
301e9c7a
301f8b03
3020d92a
30218f37
3022cfc6
3023a6fb
3024e344
30250917
3026537f
3027b8e5
30282c78
30295efd
302aa39c
302b97fe
302c7ed8
302d5dea
302ecd2b
302ff9d1
3030d826
3031e82b
3032961a
3033f3ad
3034fa7a
30356309
3036db54
30371510
3038ea00
303953a1
303a8688
303b464e
303cd0a3
303d1307
303ed044
303f59e5
3040efd7
3041b841
304284db
30435d09
3044b531
3045c61f
30462405
30472158
30489b27
3049c57f
304a1eb0
304bc72f
304cf7d2
304d3bfa
304ed6a4
304f3ac3
3050543b
30518760
30520bd2
3053d70a
305410b6
30554016
3056581b
3057ba13
3058167a
30592ace
305a4ad6
305b0c19
305c1cdb
305da101
305ed2ec
305f63a3
306087e8
30612b5b
30628841
3063123f
3064f968
3065af9e
3066a6a8
30679907
3068c431
3069ee5c
306a1d60
306b9e08
306cf430
306d59d7
306e7af7
306fdd58
30701f52
30718e2a
3072f332
3073d631
3074f167
30757486
3076f54a
3077ebe1
3078b7fb
3079f1ad
307ad3c3
307bcdbf
307ccd56
307df7eb
307e7fcc
307f9e46
3080900c
3081757f
30827c47
3083710b
3084d60e
3085093d
3086498c
30875730
3088e02d
30890648
308afb62
308bb743
308c616f
308df718
308e4e0b
308f022a
3090af58
30912388
30920718
30937999
3094754a
30954720
30964167
30977474
30982bbf
309934b5
309a6b81
309b77ed
309cc12c
309d5829
309e3e8e
309fa2cd
30a0ab68
30a1a440
30a25c3c
30a35e5d
30a47b0c
30a52b07
30a6e3b2
30a7516f
30a855fc
30a9497b
30aa8f51
30ab5cd1
30ac735e
30ad9b8d
30ae0ed7
30af16ec
30b0b915
30b1fabb
30b24b3e
30b323db
30b4db51
30b5b794
30b6a092
30b75f4a
30b8f7d7
30b9bc94
30bae5a6
30bbfd60
30bcf0dd
30bd6aae
30be65ab
30bf5f8b
30c05cbf
30c1fdf8
30c20de2
30c397d6
30c4bc0f
30c5342d
30c6c2d6
30c72a26
30c8e575
30c9095f
30cae4b2
30cb077d
30ccfd5b
30cd8b68
30ce3cea
30cf7824
30d0702f
30d190a7
30d24384
30d31d12
30d498d8
30d55614
30d673f1
30d78e25
30d8f31c
30d9c017
30da9f68
30dbfd55
30dc7c21
30ddfac5
30de8245
30df057d
30e085b7
30e1426e
30e22f8d
30e327e0
30e4303b
30e58486
30e618be
30e7fa52
30e8e1a3
30e92d51
30ea3a94
30eb0365
30ecc69f
30ed5cd0
30ee3876
30ef5074
30f06a3a
30f1e196
30f2e581
30f3dc47
30f4e8c6
30f579bd
30f66cae
30f7d47b
30f86ae9
30f9aeb8
30fa9906
30fbadf4
30fcfcd7
30fd0832
30feb58f
30ffbf8d
3100dc04
31019b49
31028a3e
3103aa65
3104e836
31055617
31066478
31077106
310826db
31096962
310af531
310be37b
310cdc1b
310dbe2a
310e5622
310fef4d
31108f03
31114abe
3112a3ca
3113609c
3114706f
3115de20
31160db4
31177242
31188e8c
311933eb
311addae
311bb617
311c0e7b
311d198e
311e7c18
311f19be
3120ff49
3121a760
312284b6
3123c7e9
31240eb5
3125d6c9
312645cf
31273296
3128c78f
31299e73
312a45ea
312b2ece
312c5930
312d5e3b
312e121c
312f8877
313065a9
3131b3e4
3132b42e
31338baa
31349d1e
31359087
31368fdc
31370aae
3138967d
3139093a
313a9935
313b9532
313cbd5a
313df5c2
313e9455
313f90b9
31404ec5
31419a5d
3142d753
314380fe
31443e68
31455468
3146e78b
3147a21d
3148bbff
31497f22
314af056
314b758c
314ce487
314d1306
314ed7a1
314f7541
3150614c
31515b95
315212df
3153359a
3154f721
31555361
31561d23
3157c632
31581907
31598de7
315a258d
315b9af8
315c8f53
315d1d07
315e4936
315f5233
316068bf
31614cec
31620321
316335f1
31648d7c
316558a8
316694a4
31673236
3168bf16
31699719
316a84cf
316be316
316cc646
316ddf05
316e2cf0
316f7f4b
3170310d
31714ff6
3172c157
31734235
3174dcab
3175184a
317668b1
31773f99
31781659
3179c516
317aca61
317bba8f
317c8432
317d1724
317e35d7
317fd8a6
3180d334
31819418
3182a523
318371d5
3184d50f
31850085
318652cc
3187107f
31883de4
318952bc
318a23f3
318bb10f
318c79cc
318d6a72
318ec5a5
318fbc9f
31907111
3191afb7
3192a8c4
31931f9d
31943072
3195e90d
3196f3dd
319773e2
3198c18e
3199c8d1
319a21f9
319b9efa
319cfd5c
319d584f
319edba2
319f1307
31a01caa
31a103ce
31a2d2b6
31a3b172
31a43c58
31a52f26
31a63938
31a72992
31a8b838
31a92577
31aad51a
31ab9770
31ac7c68
31ad35da
31ae1b5d
31afee26
31b0cfbc
31b1ee44
31b2ce8d
31b3f64a
31b4741d
31b5a4d6
31b6029d
31b77b0e
31b8d3b0
31b92ffc
31ba15a8
31bb3800
31bcf81c
31bdb2f1
31bec33c
31bf2fe7
31c0bf22
31c1483e
31c24d14
31c3aee3
31c40744
31c5c42c
31c644d1
31c7c667
31c82713
31c9e9bf
31ca7872
31cbb4cc
31ccb640
31cd6819
31ce4f38
31cf05c4
31d0a09b
31d1e3cb
31d2a0c5
31d3f0b7
31d4ce30
31d5bb68
31d67945
31d72423
31d84cbc
31d9cf74
31dad0b3
31dbbf80
31dc6885
31ddb991
31dea425
31df2b6a
31e0b747
31e170f8
31e27a8f
31e33c07
31e4efc1
31e5d0a3
31e62c38
31e79e69
31e8eb2d
31e9b6a0
31ea03c4
31eb445e
31ec0df5
31ed154d
31eea2de
31effb56
31f06480
31f18217
31f2a1b6
31f30a31
31f4894f
31f5da1e
31f6f9db
31f7845e
31f8b469
31f9fcbc
31fa1e24
31fb8d93
31fc7538
31fd20ec
31fe2337
31ffda06
3200d081
320179c0
3202ce4a
3203eda4
3204404b
32050540
32061fa1
3207196a
320880d1
32092574
320a0f44
320b850c
320c2ef7
320d09fa
320eca33
320f7b8b
321068f0
3211387c
32124cb3
321379ea
3214eebd
32157177
3216368a
3217bb63
32186eab
3219124c
321a79ef
321b610d
321c8aec
321d14d7
321e83a8
321f17f7
32208fb9
3221da5f
3222e053
3223502c
3224d078
32255f5c
322674b0
3227e075
32284b0f
32292bb1
322a5489
322b90da
322cec2a
322d2bb4
322e40c3
322f0fca
3230562b
3231f093
3232ee19
323306af
3234ab27
32353c89
3236b5eb
32373dd1
3238c2a0
3239d949
323a2052
323b4e51
323c0929
323df28c
323eaadc
323f3a60
32409b64
32417f51
3242fc2d
324313cf
32446dbf
3245bb74
3246329e
32471d21
3248cd41
3249b412
324ab580
324b4505
324cc20e
324df8e2
324e6136
324f2aa5
3250e493
32517a48
3252005e
3253253e
32543ebb
3255e717
32561f77
32577c3e
3258e34c
3259b807
325a37cb
325bb67a
325c9dd0
325d30cf
325eb2d1
325f5e67
326085e5
326109d7
32627db7
32635b92
32642df2
3265b913
32667196
3267d0db
3268b3bb
32691822
326ab186
326bbefb
326cdd62
326d342a
326e0438
326f1dd8
32705271
3271b2af
327205cd
3273659c
32748c44
32753b59
3276d599
32772b47
3278e8b7
32798887
327a940d
327b9976
327cf611
327df54b
327e6286
327f74a3
32808a8a
32810a72
32826353
32831fc3
32848a4f
32854b18
328662f8
3287e3b8
3288e74c
328968b1
328a66f2
328bedbb
328ce8ce
328d9449
328ec0d4
328fed77
329072d6
32910fa5
3292741c
3293634c
3294a755
3295a3de
3296d6fe
3297d2ac
32984de3
3299ea79
329a8715
329b3f5d
329c91a7
329d84ab
329e718d
329f982a
32a0c969
32a12d32
32a29d83
32a39d60
32a48e7c
32a535f1
32a68c2b
32a7ea41
32a87f12
32a94c67
32aa8267
32ab57f0
32ac1f41
32adca72
32ae9967
32af4f6d
32b011a8
32b1fed1
32b264a3
32b3d2ea
32b4688e
32b587c1
32b6d038
32b7e764
32b8aea9
32b9696c
32ba383a
32bb16af
32bc5f61
32bd3034
32bec4a8
32bff31d
32c03878
32c16d91
32c254c4
32c39828
32c405a6
32c581ce
32c67e28
32c782f4
32c8a858
32c965ae
32ca0056
32cb118f
32ccd81a
32cdace0
32cec338
32cf0deb
32d0017f
32d113a6
32d29ad6
32d3a70a
32d4eca8
32d5e2ba
32d6440c
32d7cdce
32d8df93
32d91b99
32daae0e
32db95f6
32dcef41
32dda9c0
32de1f2b
32df4a61
32e0672f
32e1e50b
32e231ba
32e3a3a4
32e48536
32e558bf
32e6870f
32e76f7a
32e8b763
32e9991d
32ea401e
32eba766
32ec6419
32ed9cd0
32eefdcb
32efc4cb
32f03b20
32f1a39e
32f24b0d
32f38be8
32f459cc
32f55eb5
32f6a9dc
32f70672
32f85eb5
32f911e2
32fab9de
32fba2ff
32fc368c
32fd8f55
32fed051
32ffbbd4
33005c8d
330179f9
330268a7
33030dc6
33042dcc
3305ab62
330672f3
330751d7
3308b812
3309e821
330a533a
330b4a50
330c7886
330d07cd
330ee286
330f3e44
331061c9
33118148
3312dadf
3313d2d9
33149d3a
33150c12
3316036c
3317da4e
33181a26
3319fab4
331ab650
331b71e6
331c103e
331d2a13
331e449a
331f13ff
33200834
332147b9
3322cce6
332328b0
3324f429
33258490
3326000b
3327b812
332802af
3329925a
332a0bdd
332beba3
332c60e9
332df412
332e525f
332ffa3f
33304a87
333159a4
33321a05
3333f2d3
333418d3
333550e3
33365892
333737d0
3338a37f
33395457
333a63a3
333bed0d
333ce746
333d1cb8
333e183b
333fff43
33404ef2
3341ed94
3342d3e7
334397cd
3344bb5f
3345ea55
33464c42
33474237
33486978
33495696
334aee07
334bda6d
334c7c77
334dc005
334eaea6
334fe429
33506567
335111d7
3352dfb9
33539283
3354bfe8
3355f2a1
3356ae15
33574981
3358fef4
3359fe6f
335a562b
335b2a5d
335c76d4
335dce1e
335e6be5
335f7686
3360734a
336152ef
33624844
3363a50d
33646a75
33659143
33668661
33679c24
336817cd
33699957
336a0a9b
336bfcba
336c4ced
336d22bb
336ee2e0
336ff50a
3370e6fc
3371884d
33721c85
33732f72
33746075
33752fd7
3376158f
3377f398
3378d58e
33797cf5
337adcbc
337b26db
337c3d9a
337de1ff
337eeae5
337f5e9d
33809de7
33818950
3382548b
33838df7
3384a114
33852221
338629fb
3387e25b
3388f6ab
338956d5
338a2445
338b247b
338ce82f
338d986a
338e7441
338f85e6
3390b6fa
339190d9
33924f3f
33931094
33945b16
339590b9
3396fd94
339773f5
33987865
339982a3
339aafab
339bce3c
339c53c0
339d9512
339e2aae
339f84ee
33a0f93a
33a169b8
33a2b78a
33a39901
33a4559a
33a5e816
33a679b2
33a79ccd
33a8b2ff
33a9fd67
33aa8d42
33ab0500
33acb6e8
33adc392
33aec2e0
33af2780
33b0522f
33b19715
33b28b19
33b38ce6
33b41842
33b52680
33b6d779
33b7b6b6
33b89b6b
33b90d29
33bad072
33bb495b
33bc6416
33bd81af
33bed88c
33bfbf96
33c0c4d4
33c17bb3
33c2f7a3
33c348ee
33c40bca
33c560c5
33c621b2
33c7ae59
33c86ee6
33c95b3e
33ca7c68
33cbfba0
33cca57b
33cdd07f
33ced904
33cfd5cd
33d0f590
33d1324b
33d27957
33d3bae2
33d471dd
33d5b553
33d60292
33d7a65a
33d81abe
33d9ad12
33da8f66
33db4ee6
33dc5b3b
33ddc078
33de35ee
33df802c
33e0a901
33e1cc3d
33e265af
33e31191
33e4b46d
33e5c014
33e60c5d
33e74203
33e81b51
33e9e4ef
33eaf29b
33eba8c6
33ec15a9
33ede5ce
33eecd3f
33ef2e1a
33f0eb44
33f16132
33f2a4ce
33f3a644
33f4ec6c
33f5dd88
33f6b446
33f7b995
33f8afa1
33f98e75
33fa8814
33fb028d
33fc8140
33fd08c6
33fe53b0
33ffe9f1
340012f3
34017c39
34022dee
34036ff2
3404ef5d
34053d4e
3406903c
340701fd
3408ff49
34093fea
340a239b
340b8363
340ce0ce
340d2f14
340ec831
340f08a9
3410d9a6
341117d1
34122feb
34130c05
3414a3f9
34156c6e
3416923a
34170d91
3418d2e2
3419988f
341a26ad
341b73a6
341c34bc
341d3b56
341e61cc
341fd9a6
342012bb
34212d88
3422811d
34233614
34247d4a
342541c5
3426f14d
34272324
34289c25
3429d891
342adb91
342be7f5
342c07fb
342d283f
342efd1c
342f15fa
34303de3
3431acad
3432b6a8
3433824a
34344440
3435a7b9
34367832
3437642d
34388bc3
3439b039
343af6f0
343baa12
343c0383
343d81ef
343e868a
343f8928
34404337
344163d6
3442a6e2
34439d19
3444783d
3445db41
34468ace
34471172
3448f544
34492dd2
344a226c
344b55b6
344cfbde
344d270c
344e0641
344f77ca
34502d96
34510b1a
3452ae3f
345376fd
34546a00
3455c317
34562117
34577a78
3458cff7
3459a6fc
345afcd6
345b584f
345cfaf2
345dc6d1
345e4aa7
345fea52
34607027
3461bdd2
346216c2
3463f1b6
3464e355
34650842
34660fd1
34678418
3468faea
3469c526
346ab7e0
346be666
346c6596
346dab7b
346eb66f
346f32af
3470c3db
3471b8ba
3472de02
34731f3d
34748ece
3475f35f
34768b69
347757f3
34789752
3479d6dc
347a1eb3
347ba631
347c8646
347d3048
347eb05e
347f72eb
34807b69
348128dc
3482a9c4
34839712
3484ad1e
3485f799
3486dae8
34873a8e
3488dc90
3489e00c
348acd03
348b1592
348cce93
348d199e
348e62ee
348f35c3
34904d9f
3491c937
3492a9ef
3493d792
3494d7ab
34955f49
3496abc9
34970b1e
3498c950
3499258b
349a94a8
349ba529
349cd07e
349d6c19
349e332e
349fd546
34a06e40
34a1e495
34a267a2
34a344d1
34a40d94
34a55ed6
34a680d2
34a78b38
34a8708c
34a99551
34aa7096
34ab5c25
34acc3e1
34ad933d
34ae8212
34af7c35
34b03ef1
34b1cf6e
34b24dd6
34b3a5b4
34b4e108
34b52e58
34b65d4e
34b7986e
34b8fcfd
34b91fe8
34ba5b0f
34bb1848
34bcb6f5
34bd827c
34be5884
34bfcec2
34c06fe0
34c11b15
34c23348
34c38e9f
34c41197
34c51cb3
34c6ff09
34c7a180
34c801a9
34c900c2
34caf1d3
34cb341e
34ccd2e2
34cd1f5b
34cef436
34cf8a17
34d0e8d3
34d13f05
34d204c3
34d316b5
34d450fe
34d52d6a
34d6b015
34d75932
34d8f261
34d9c4e9
34da0e32
34db047d
34dc47a4
34dda8b1
34de6c6b
34dfcb6d
34e029b9
34e1488d
34e20f14
34e32636
34e493ea
34e57c4d
34e6ab6a
34e7bb48
34e8a972
34e95d48
34eae374
34ebb5d2
34ec2a0b
34edcd11
34ee544f
34ef6de2
34f0dad5
34f1f4d5
34f28136
34f392c7
34f4dad2
34f570b6
34f6ea97
34f778fa
34f8c9fd
34f93470
34fa4ee0
34fbea66
34fc153f
34fd868b
34fe62a1
34ff7afa
3500ee52
3501a51b
3502745d
3503c5d6
35044cfd
350543a8
35067213
350732ae
350826be
35099ae1
350a48fa
350b86c9
350c66ef
350d4e5f
350e5ef4
350f096c
351086d5
351189ac
3512dba2
35131b54
3514c2c5
35150e9c
3516ff7c
3517c026
3518e550
3519464c
351aeacb
351baa31
351c141d
351d0cc6
351ecf57
351f71e7
35201189
3521e5bc
3522e26c
3523c2a4
35247938
35252032
3526bff6
3527597e
3528f040
35292594
352a62fa
352b217e
352ceb62
352d6ce3
352eb4d8
352f6e2f
3530cfd6
35310807
353250d5
353361de
3534cfb1
3535ceb5
35364242
3537fe9c
3538f5be
3539f94f
353a5ff6
353bed58
353c1466
353dbe22
353e1e44
353f226b
35408fa6
3541c4c4
3542f5ca
35432f6a
354442c8
3545fda4
35461e00
3547c79f
35489068
35492234
354a2328
354b178b
354c8d14
354dc0ac
354e7cc4
354f9761
3550c6fa
355146e5
3552a02c
3553d630
35548e43
355504e6
3556a6d9
35570a14
3558ca87
3559cd20
355af637
355bbaa7
355c48bd
355db4c2
355e445b
355f6a8e
35604049
3561eaac
35627987
35635f9b
356488ef
3565a41a
35660007
35670dd1
3568df58
356917b7
356a64bf
356bfa51
356c70e0
356d8c82
356e0a6b
356fb571
35708da8
35711481
3572f5f2
35736d3b
35740010
3575a1d6
357647d0
35775dc1
357843e8
35796ea9
357a783d
357b3f2b
357c762f
357dd2c3
357ee47b
357f196f
35805ba3
35812cdc
3582b8c7
35835208
35842b86
3585a140
3586caad
3587a48a
3588add1
35891080
358ae415
358b3932
358ce3a2
358de551
358eb341
358fca88
3590cfc2
359136cf
35925b17
3593b7b1
35949e3d
3595636b
35964394
3597fbf8
35989fba
35992f7b
359a1517
359bbbb8
359c58bb
359d9e15
359eaa37
359fdaaf
35a0c2d9
35a161c0
35a20bc4
35a39ae4
35a49577
35a5b240
35a62bca
35a73174
35a8ac45
35a9cfeb
35aa3914
35ab5a60
35ac120e
35ad30ac
35ae5963
35af4119
35b0b931
35b1c743
35b28bf0
35b37974
35b49b15
35b5f32e
35b63a2e
35b7f1b7
35b819f9
35b91a7e
35ba1b77
35bb7fb7
35bc952c
35bd1135
35befb42
35bf18e0
35c015bc
35c146d9
35c2a4a8
35c34a99
35c4d23d
35c5860d
35c6c739
35c78045
35c8d0d2
35c981da
35caebef
35cb3e15
35cc0047
35cdf6bc
35ce2377
35cf301e
35d092c6
35d192a1
35d24e93
35d31d9a
35d4296a
35d5f307
35d602a8
35d7184c
35d8dc10
35d96bde
35dadd27
35db52d8
35dc0fda
35dd596f
35de2532
35df1895
35e01e3f
35e1186b
35e2231f
35e3c80b
35e44ea2
35e56fcd
35e60bc3
35e7a952
35e8ace2
35e92066
35eadb60
35ebef8c
35ecbb10
35ed29ca
35ee8aa1
35ef28c0
35f0f08c
35f1b84b
35f24026
35f37363
35f4b77d
35f5dec6
35f6a9a8
35f752ea
35f8d4ce
35f9fe7c
35fab511
35fbe990
35fcca37
35fd995a
35fe0831
35ff5c8c
36009ae6
3601856b
360277da
36037d6b
3604044d
3605877c
3606b8e8
36071e3a
36080145
360919a3
360a1f84
360bfe99
360c4679
360df279
360e4a13
360f3407
361073e4
3611ddd3
3612a94b
36134bb0
3614b3aa
36159cf2
36166b38
36176c80
3618ecab
3619f75d
361ac495
361b21ac
361c4aab
361dd6de
361ea2c3
361f0e5a
3620867e
36212957
3622b761
3623603c
362487ab
3625dbab
362661a5
3627862d
3628aeda
3629ce85
362ad61a
362b567b
362c0b63
362d7d4c
362e6372
362fb733
3630a4da
36312bc9
3632c0d4
36338550
36341b49
363518c5
36361863
3637ac5e
363821e3
36396b69
363ae4ed
363b5d1c
363c855b
363d9f16
363ed899
363f92fc
3640f498
3641fae6
36426902
364362bd
36445233
36453654
3646b9c8
36470b68
36489c29
36493a0d
364a94d3
364b79a4
364caa45
364d0bde
364e07ca
364f2cb7
36508f96
365154c2
365264d6
36535219
365462ae
3655d617
3656e1d1
3657a20b
3658fcb8
3659146f
365af58d
365bfbd9
365c87eb
365dd575
365eef82
365f31f5
36606a45
3661d904
36626e20
36637128
36643b17
366524a0
3666e209
36674ef0
36684013
36691216
366a006c
366b33fa
366c82d2
366da2ce
366e51fc
366f0fad
36705da8
36710d7f
3672484a
3673cc2f
3674c9b8
36758fdc
36768de7
3677d230
3678d023
3679864d
367a4992
367b636f
367ce33c
367df05d
367eb48d
367f4942
3680b2b2
368181cc
3682cee0
36839f80
368457bc
3685ed44
36864028
36873a43
36885524
3689f1b8
368a5091
368bfbdc
368c48d1
368dc999
368e86d7
368fe91b
3690fcb2
3691c614
3692edf5
369394eb
3694e873
3695d979
36969385
3697190b
3698b76c
369981c3
369a3e17
369b1e44
369c78e0
369d881f
369ecedb
369fdaf4
36a0c8b8
36a1a20c
36a22c96
36a365db
36a47c61
36a57f00
36a6307d
36a7c37e
36a8a280
36a9005e
36aabcbe
36ab9ee4
36ac6de2
36ad0222
36ae8e57
36af9f95
36b09028
36b15270
36b2f258
36b36e95
36b43433
36b58f66
36b66900
36b7438e
36b85472
36b98298
36ba0931
36bbc0a0
36bc1bb8
36bd3a45
36bebee8
36bfa217
36c02d18
36c14f2f
36c2f86a
36c38d2c
36c4926c
36c544b8
36c63711
36c765f5
36c89253
36c96c0f
36ca241b
36cb9915
36ccd569
36cddc49
36ce0e1e
36cf96d9
36d034af
36d1a3e4
36d2e250
36d31cff
36d4cce7
36d591b8
36d69d7a
36d795cc
36d86fd9
36d92935
36da5442
36dba3ad
36dc88bb
36ddaec0
36de0df8
36df8e7d
36e08a13
36e187ca
36e22b12
36e3b2e7
36e49219
36e507cc
36e68ed0
36e7d8a0
36e8acc0
36e9b534
36ea8dab
36eb23fc
36ecfdb6
36ed3955
36ee5007
36ef0604
36f0c415
36f17cc2
36f2ee4f
36f3d1f6
36f49adb
36f53669
36f61db2
36f774c9
36f8cc74
36f9a643
36fac810
36fbde13
36fcf5cc
36fd2c0a
36fe3304
36ff839c
3700ea3f
37017160
37024f1b
3703ed48
37047a8f
370567a3
3706de9e
3707ee65
37086639
3709b969
370af4ab
370bcaad
370c1174
370d533a
370ed7b8
370f91d7
3710840d
3711a38e
37125897
3713154f
3714050f
3715823f
3716aa04
37175a57
3718cdf2
371989b2
371a8fe4
371bfd01
371ccfa9
371d5f86
371e1b9d
371f1a2e
3720a082
37210c44
3722cb94
372326a6
37245a19
372564ca
3726cbc3
372719fc
3728f665
372947ef
372ac227
372bc2fe
372c46ab
372ddf19
372e42f4
372fe5ed
3730fb18
37312af1
37326167
3733cf91
3734d4db
3735c844
3736f649
37376de9
37383864
3739823f
373a1ac8
373b2273
373c40a0
373d6106
373e401d
373f9223
3740e401
374191de
37428050
37436ecd
3744fd6d
37458a51
37463418
3747b1b2
3748f3df
37491fd2
374a2fdd
374b960c
374cc516
374d2c15
374e59c6
374f664a
3750fe72
3751972d
375256a8
37532ce6
3754e967
3755c72a
3756b626
37577be2
37585034
3759cf32
375a600d
375b5315
375c068c
375de30d
375ef386
375fa20a
376020ce
37616631
376294af
37634253
37641e5c
37650cb6
376623bc
3767133c
3768bc87
37697765
376a3bcd
376b3bc2
376ceee7
376d92a8
376ee1e4
376fc897
377008d2
3771a11d
377211c2
3773f2fa
3774e63d
3775d164
3776c419
3777e21b
37788946
3779cf00
377a1870
377b56b8
377c11bf
377d858d
377e3f31
377faed8
37802bc1
37813c6b
37827c66
37835c24
3784b7ca
3785323c
37866a52
3787965d
3788c4a5
37890788
378a8df9
378bb350
378ce683
378d4642
378e094d
378f8f62
3790102b
3791e73f
3792cd69
3793c708
37948446
37952ca2
379601eb
3797701b
37987855
37991719
379a252d
379bd33f
379ca956
379d8338
379eb8e3
379f493f
37a08693
37a1a385
37a24b31
37a38512
37a4c3bd
37a5958a
37a66e93
37a79732
37a8144a
37a96884
37aa2dbb
37ab30d5
37ac9c09
37ad7492
37ae882b
37afa003
37b0e6bd
37b1c84b
37b2a152
37b3302c
37b4a35d
37b5ab5f
37b6c896
37b72919
37b80612
37b9f246
37bae468
37bb3888
37bc0459
37bd9bfb
37be4225
37bfb701
37c02367
37c1f571
37c209fc
37c3f426
37c484ab
37c5cbdd
37c620a1
37c79b84
37c8f747
37c94157
37caef8c
37cbdd00
37cc78b8
37cd2bbb
37cea95b
37cf4072
37d00b86
37d19dad
37d24d7e
37d3e5e0
37d412c1
37d552d8
37d6a894
37d7be46
37d8d0ee
37d9ba54
37da1b69
37db33e8
37dc0bfe
37dd301b
37de7a94
37dfe8e3
37e0868d
37e14b56
37e226ca
37e32f2c
37e45412
37e5295a
37e64ed1
37e7b92d
37e8a461
37e968d4
37eadd9f
37eb70fa
37ec5ae6
37eda5e8
37eef41d
37ef72ad
37f0a24c
37f1be2b
37f2779d
37f37036
37f49ce9
37f5a655
37f6ae41
37f7c7ac
37f86ae5
37f9d153
37fa6201
37fb873c
37fce077
37fddd8d
37feb8c9
37fffcd6
38009ec0
3801870e
38028ec0
38037832
380451f8
3805dbb2
3806860e
3807eb4d
3808bc01
38093a73
380aff0a
380b9ed5
380c1d4e
380d3460
380ec4b3
380f6e43
3810f1c9
3811fc35
38125d1a
3813d865
3814c7d1
3815fcc0
3816cebe
3817e335
3818cd61
38195709
381a9964
381bff95
381c2e39
381d52d7
381ecbda
381f935d
3820b69c
38213149
3822d250
382390d8
38240bce
3825615b
3826f26a
38279e9d
3828e6ce
38298bfc
382a494b
382b2121
382c4f22
382d13b2
382e11db
382f3c5c
3830d055
383166d0
38327d85
38334757
3834007e
383522ba
3836b986
3837518f
3838ab56
38393495
383aca29
383b127a
383cd84e
383d413c
383e3a11
383f3d8d
3840f150
3841e5f5
384209e6
38433a95
3844dcda
3845cf1f
3846e701
3847bcae
3848cd1d
3849151a
384a7c15
384b0ac8
384cf3bd
384da602
384eb9a2
384f7094
3850ebf8
38512051
38523f55
38532e10
38549498
3855985b
3856e730
385775d6
3858a3f6
38599a8c
385a3bbe
385b8896
385c2f74
385d9e76
385e26cd
385f5560
386095db
3861e384
3862a1a7
3863c005
38643204
38652bb8
38667260
3867c60b
386836b4
386952eb
386a0305
386b80ee
386caa19
386dece7
386e04c3
386f27cc
3870eb5a
387150f7
38722372
38737c77
387428c8
38758f25
3876eeee
3877476b
38782064
3879be20
387a3ad3
387bf420
387c9212
387d9f60
387e6355
387f727e
38806243
3881ccda
3882b855
38838812
3884d518
3885a901
3886b2ed
38876bb8
38883752
38897fc4
388a20b7
388bdab1
388c6bc0
388d01df
388edef2
388fab81
3890533e
38916f59
3892e725
3893da9a
3894e9f7
38951490
3896df6f
38975eef
389879b6
3899446c
389a84f8
389b8534
389ca647
389d67d7
389e3b94
389f24a7
38a00d0c
38a1485a
38a25a6b
38a31cde
38a4685c
38a5f02f
38a61c7a
38a78c4e
38a895c9
38a9bc99
38aac209
38abf8ea
38ac3142
38ad1a5a
38ae1065
38aff2ac
38b049d2
38b1b285
38b24600
38b3c66c
38b42cbe
38b5fbdf
38b69761
38b783b8
38b8592b
38b98ac0
38ba52d8
38bb9565
38bce4f4
38bd3598
38bee390
38bfcd76
38c0e9a3
38c194f9
38c2ab55
38c3f7ec
38c46f25
38c5a984
38c67727
38c77e8c
38c8a067
38c99c2f
38cac839
38cbda51
38ccbdf9
38cd9c4e
38ced037
38cf7f9f
38d080f5
38d18479
38d2b708
38d3bb85
38d41453
38d5e581
38d6b362
38d7c122
38d80be1
38d9a1d1
38daf06d
38db52cf
38dcb253
38dd3b52
38de05f1
38df7c74
38e07e8c
38e17ad5
38e27978
38e37ded
38e48ec6
38e5f5ac
38e68a52
38e7d4fb
38e8a40b
38e919d0
38ea2efe
38ebe441
38ec6b49
38edd673
38ee2d66
38ef24a3
38f0c45b
38f12b2b
38f2b511
38f347cf
38f4238d
38f53240
38f63227
38f79821
38f8dc2b
38f9156b
38fa3827
38fb7d76
38fc72f6
38fd64d0
38fe2ccd
38ff040e
39001a95
3901b9b5
39020e80
3903ce70
3904b569
3905b9ea
39067205
39072536
3908ed3a
3909a1d4
390ac507
390b0a76
390c23ce
390df1c8
390e1e7b
390f95a3
39104aef
391108a9
39129b92
3913ab7b
391436a9
3915e5da
39162f35
39179177
3918357f
39198a94
391ac59c
391bcc2a
391c605e
391d1f7e
391e714d
391fc6de
39209aca
392190f5
3922fd8a
3923c424
39247b88
39251d10
39262392
3927f839
39287621
3929eff6
392a9a6c
392b39f1
392c806d
392d4509
392ef3db
392f24a0
3930f6c1
3931d8d8
3932a7f9
3933c475
3934e127
39351fef
393684ab
3937c661
39382204
393969ab
393a357b
393b8c7b
393ca903
393d3c5a
393eafa0
393f484b
39407284
394182d5
394293e0
39431802
39441738
3945e6e9
39469aeb
39473dd4
394837a1
3949b413
394a8399
394b98cb
394c7fa0
394dea0a
394eed8d
394fca43
39507814
3951b35e
395237ed
39536aa1
395436af
3955c0e4
39564ad1
39570507
39582485
39599d6e
395a0f8e
395bb0b6
395c3b28
395dfe80
395ec2d8
395fd098
396041d1
3961f490
39629bfe
39638783
3964cef3
3965e8f5
3966f601
39679a0b
39681283
39694a27
396a437c
396bdce2
396c8fb0
396d725a
396ef355
396fc343
397095c9
39711607
3972bcc5
397376b8
39743d4b
397509e5
3976c7f0
39773dd3
3978de30
3979e838
397a8287
397bb6f0
397c79f0
397d23b1
397e407f
397f9355
39800a53
3981ed0a
3982a5c7
3983e039
39848c24
39855b96
39864748
39872988
398897dc
3989c297
398a24d3
398beaa1
398c4d25
398dd1a3
398e5750
398f94d9
3990c1de
39912deb
399274f0
3993b338
399403f4
3995af77
399679f7
3997bc79
3998944b
39995194
399aacbd
399b2055
399c3575
399d9f19
399e6871
399f9189
39a0ba62
39a17846
39a271ba
39a3b670
39a4b058
39a5b9ba
39a6268e
39a79920
39a8c578
39a957a3
39aa40cd
39abe506
39acb723
39ad5115
39ae2beb
39af0d32
39b0a7ce
39b151e1
39b20c6f
39b35541
39b49bdc
39b57bb9
39b6f389
39b7b4f0
39b8547a
39b9e5fa
39ba1eee
39bbf5f5
39bc4201
39bd50ac
39be5c22
39bf691c
39c07b90
39c13519
39c26d5f
39c3a50f
39c4ca86
39c55006
39c6d19c
39c7ba2f
39c8ed76
39c9e51b
39ca9a36
39cbeaef
39ccddc6
39cd97b5
39ce20f6
39cf7a18
39d09166
39d1f073
39d2ecc8
39d3f60d
39d475ea
39d519dc
39d6f0d2
39d72b82
39d82047
39d9b62c
39dabb1e
39db890d
39dc1234
39ddef43
39deaa7c
39df3cc9
39e0b152
39e149b0
39e2b666
39e33d1f
39e4ab8c
39e58807
39e6fb9a
39e7c9a8
39e81167
39e9f73c
39ea3858
39eb186e
39ec7010
39ed14bd
39ee635c
39efd1c3
39f06b91
39f1c9a0
39f29b7e
39f33800
39f4da40
39f57dff
39f62b09
39f7dbf5
39f810e5
39f95bd0
39fa9f12
39fbcf30
39fca58a
39fd6329
39febbc6
39ff6556
3a00a969
3a017e1c
3a02dd05
3a030eca
3a04e766
3a054e22
3a066953
3a075afb
3a08bd35
3a0994d2
3a0a9642
3a0b6fa5
3a0c0a40
3a0dfdad
3a0eea7d
3a0f5537
3a101963
3a110540
3a12286f
3a134cab
3a148c0f
3a15a459
3a16787a
3a17450d
3a183e03
3a195134
3a1a2f29
3a1b20c3
3a1c4b40
3a1d38a1
3a1e2202
3a1fc718
3a2094f7
3a214984
3a227605
3a23debc
3a246498
3a250540
3a264173
3a2747a0
3a28a619
3a2914ab
3a2a768c
3a2b3315
3a2c6c81
3a2d0333
3a2e7917
3a2fa893
3a303ecc
3a31f8e7
3a32d5fb
3a33192d
3a34d4bc
3a353b1b
3a3674e1
3a37a4d7
3a387a1c
3a39a3a8
3a3a111d
3a3b5c2d
3a3c02ca
3a3d4bdb
3a3ecc9d
3a3f9ec8
3a40cf7a
3a41a03c
3a42983d
3a43cf5d
3a44e826
3a45ea78
3a46d846
3a470b95
3a489935
3a49e5fc
3a4a3644
3a4b4f46
3a4cd1ed
3a4db640
3a4e42ed
3a4f6fd8
3a508eb6
3a511522
3a52750f
3a53bf64
3a540249
3a55b522
3a56ce0d
3a5789dd
3a58739c
3a59771e
3a5a58f9
3a5b2afe
3a5c8005
3a5dd45a
3a5ee1aa
3a5fda0b
3a60d181
3a61e139
3a62de8e
3a6332fc
3a64ee4f
3a659459
3a66e49b
3a672a69
3a6856bd
3a691fdd
3a6a41ae
3a6b58ed
3a6cdbab
3a6d6b9a
3a6e02ba
3a6fe032
3a70fa12
3a716387
3a723be1
3a737beb
3a740c8b
3a75fe55
3a7609c3
3a77db51
3a787f3e
3a791229
3a7a0ddb
3a7bbeab
3a7cfe76
3a7d14ca
3a7e11e8
3a7f03ec
3a802d84
3a81f141
3a82d403
3a83af9e
3a84b18f
3a85575e
3a86b277
3a87d18f
3a88a215
3a8983a2
3a8a435c
3a8b5dc8
3a8c5286
3a8dd49a
3a8e058b
3a8f8ee7
3a90c4ab
3a915048
3a92edbe
3a932797
3a9493ce
3a953507
3a96e9fb
3a97b5dd
3a987316
3a990e01
3a9a7b41
3a9bd62a
3a9ccedc
3a9dba77
3a9e3879
3a9f3cd5
3aa0a540
3aa174d4
3aa2b4a7
3aa39768
3aa42b69
3aa5d49f
3aa6b4d4
3aa74670
3aa84d9c
3aa97f9f
3aaa7892
3aabe1ac
3aac9088
3aad6c47
3aaea889
3aafb93a
3ab07834
3ab1c762
3ab28eda
3ab33477
3ab49dfc
3ab5dbf9
3ab6a617
3ab79c4a
3ab838a0
3ab9e66d
3aba74f4
3abb3a5d
3abca1c7
3abd67da
3abeccd0
3abfd70b
3ac05ca5
3ac17c66
3ac2109f
3ac3db7c
3ac42474
3ac51652
3ac6febf
3ac77b76
3ac898c2
3ac9e14d
3aca36f7
3acb92ae
3acc448c
3acd19a6
3ace06cd
3acf72c8
3ad0ccee
3ad145b8
3ad21916
3ad3b628
3ad486a5
3ad58795
3ad64d8e
3ad72f6a
3ad8f5c9
3ad950dd
3ada8748
3adb7a57
3adc7c33
3addd32c
3ade7fee
3adfd78d
3ae01328
3ae16374
3ae21f40
3ae3a27e
3ae4bd67
3ae5aadb
3ae63296
3ae71c30
3ae83e7f
3ae962a5
3aea2637
3aeba23e
3aec5ba5
3aed33d3
3aee506b
3aef9d8c
3af07659
3af14d70
3af21b0d
3af317e0
3af4317f
3af57d21
3af6794f
3af7b1ea
3af84ce9
3af95285
3afaab81
3afb5291
3afc3320
3afd444d
3afe36ad
3affaec7
3b0039d0
3b01c4a3
3b02058e
3b034b35
3b048743
3b05d774
3b067022
3b07fa18
3b08c1f5
3b09e44c
3b0a27da
3b0ba8cf
3b0cf3be
3b0d370b
3b0e3473
3b0fb03e
3b1085f2
3b11d508
3b1271c5
3b131744
3b14b7f7
3b151c95
3b16dbba
3b172140
3b180bca
3b195d41
3b1a187d
3b1b4674
3b1c614a
3b1d4be9
3b1ebe06
3b1f1df3
3b208640
3b21e14d
3b228343
3b23f9a9
3b24be96
3b257e3d
3b264d10
3b270182
3b2850ad
3b29774d
3b2a0ee2
3b2ba177
3b2c36bf
3b2d872a
3b2e32d4
3b2f4af6
3b30791e
3b31d7d7
3b32a94f
3b334375
3b34e849
3b35ed77
3b3644dc
3b37970c
3b382740
3b394d9b
3b3af642
3b3b53a1
3b3c385d
3b3dd3e1
3b3ec1ef
3b3f0adf
3b40f4e0
3b416bc9
3b42d9d4
3b43fd86
3b44c51c
3b45543f
3b467c2d
3b47117e
3b486fdf
3b49cb74
3b4afae7
3b4bff7c
3b4cc148
3b4dbd60
3b4eeaec
3b4f8462
3b50f58a
3b51b8c9
3b5226d3
3b538fb6
3b543a74
3b5516f3
3b569638
3b574591
3b5815ff
3b59fda5
3b5ac645
3b5bd937
3b5c9926
3b5dbf02
3b5e176a
3b5f66aa
3b6082d1
3b61fff8
3b6282f5
3b63bd0b
3b647564
3b658726
3b664a11
3b67caef
3b68adfe
3b698f11
3b6a5e09
3b6b44a9
3b6c164e
3b6d1e4c
3b6e1cc1
3b6ff301
3b70ff0a
3b711a58
3b723146
3b739d8b
3b742f87
3b757417
3b76b1d1
3b77547c
3b78b9c0
3b791919
3b7a4ceb
3b7bb07d
3b7c7ad8
3b7d0f66
3b7e7bcc
3b7f1b67
3b808d3b
3b81ea38
3b82fd43
3b83a4f4
3b848a44
3b853b4a
3b86aef7
3b87b7c2
3b889caa
3b8962fd
3b8a8972
3b8ba029
3b8cc702
3b8ddc0c
3b8e74b5
3b8f4619
3b904997
3b910b16
3b92a8b0
3b932c80
3b948961
3b95ab3b
3b968644
3b972ad6
3b989fe2
3b99b547
3b9a75a2
3b9b9e15
3b9c0872
3b9d50a1
3b9e5829
3b9f368c
3ba0adbc
3ba114f5
3ba2535d
3ba34707
3ba4dacc
3ba566f0
3ba685fa
3ba7de52
3ba8b6f7
3ba9fe12
3baa5c59
3babea76
3bac9a8c
3bad61d3
3bae42b3
3baf9e17
3bb04b81
3bb1ed7f
3bb21491
3bb342a1
3bb405ce
3bb515f1
3bb63017
3bb772d8
3bb89416
3bb9330f
3bbaa246
3bbb9c50
3bbc7533
3bbd0ec8
3bbe7be4
3bbf0408
3bc09a01
3bc11df7
3bc25f08
3bc3f69d
3bc44e72
3bc5acd9
3bc6114d
3bc79fa1
3bc8bd69
3bc9deb4
3bcadd96
3bcb1c28
3bccccf3
3bcd2073
3bcecad1
3bcf3b4d
3bd0f80c
3bd19dc9
3bd2e35b
3bd33b55
3bd485c5
3bd5348c
3bd66d72
3bd7d0e4
3bd8719b
3bd9fdba
3bda3918
3bdb2b12
3bdce3b0
3bdde72e
3bdec48b
3bdf0b0f
3be084f8
3be18803
3be29d09
3be3790d
3be4db32
3be59c02
3be6eb0e
3be7ae16
3be8ba45
3be969de
3bead9a0
3beb84b9
3bec0d0c
3bed8b04
3beef529
3bef4ec4
3bf0df95
3bf15183
3bf20e85
3bf3ed6b
3bf4b033
3bf5befb
3bf6ff69
3bf751ab
3bf8de1d
3bf969df
3bfa82d8
3bfb1388
3bfc29ed
3bfd74ef
3bfe413c
3bffcfb4
3c00e7f2
3c01d5be
3c0229b9
3c03130d
3c044ff7
3c05243e
3c06bf29
3c071df2
3c08bdae
3c09695d
3c0a41fa
3c0b7884
3c0cbe5c
3c0d5b63
3c0e71a6
3c0f7739
3c1096f0
3c113c85
3c124af0
3c139480
3c14f20d
3c15b1a7
3c162677
3c17086f
3c1867cb
3c19ceaa
3c1aec97
3c1bd4e3
3c1c1378
3c1d1a77
3c1ee698
3c1fa74a
3c207596
3c211493
3c229544
3c23c8ab
3c244e33
3c250963
3c26342b
3c27ac28
3c280cbc
3c2934fd
3c2abe9b
3c2b0aea
3c2c34f3
3c2d3917
3c2e2a69
3c2f996c
3c30d493
3c31c9ef
3c32ceb2
3c330c63
3c345e62
3c3543a1
3c36c989
3c370714
3c38ec3c
3c392217
3c3a88f9
3c3bac7b
3c3ce8b8
3c3d76c6
3c3e42af
3c3f4553
3c4080ab
3c41c452
3c421881
3c43683c
3c44219b
3c455d8b
3c46dff4
3c47def4
3c4854eb
3c49ae1e
3c4aae3e
3c4b0d80
3c4cd39e
3c4d0f81
3c4ed51b
3c4f15a9
3c5015ed
3c516e6d
3c525b03
3c5317fb
3c547f57
3c5572cc
3c5615e0
3c578a14
3c58f13c
3c594057
3c5aa3f8
3c5bb85b
3c5c0988
3c5d8094
3c5e6397
3c5f9abf
3c60d730
3c61f5bc
3c629079
3c636fe5
3c641e86
3c65cb9f
3c667eeb
3c67bde2
3c68cfb4
3c69c3ba
3c6ad940
3c6b8b19
3c6c2405
3c6dd361
3c6e4098
3c6f0826
3c700e57
3c71b79c
3c7226d3
3c730b72
3c748847
3c756e6b
3c7682f2
3c7701bb
3c78cfee
3c79635a
3c7ab91b
3c7b99c2
3c7cc937
3c7d5445
3c7e674c
3c7fda5e
3c8045a1
3c811477
3c82f9a7
3c837238
3c842556
3c855306
3c868cb6
3c878473
3c88ee2b
3c8971e9
3c8a8f9c
3c8be933
3c8cde54
3c8dc6bd
3c8e6f6d
3c8fc576
3c9050dc
3c911312
3c92083d
3c93ee3c
3c945f04
3c957443
3c96be68
3c97a397
3c989c40
3c99c1a0
3c9aff1b
3c9bf1ed
3c9c48e7
3c9da91e
3c9e83b6
3c9f0f5e
3ca01639
3ca1fc0a
3ca26c03
3ca353f0
3ca4ee7f
3ca5216f
3ca673ee
3ca75f3a
3ca8e97c
3ca9c470
3caa728f
3cabdbbb
3cac7194
3cad44ba
3cae452e
3caf23a0
3cb0eaaa
3cb123c4
3cb201b3
3cb31601
3cb44a82
3cb53271
3cb61661
3cb73aa6
3cb8681e
3cb94119
3cba365c
3cbbd1bc
3cbc28c7
3cbdbdac
3cbe661a
3cbf9132
3cc09881
3cc1f6d1
3cc25b49
3cc375d3
3cc47c30
3cc5fea8
3cc606a5
3cc7212d
3cc8f06a
3cc9a66c
3ccacdc1
3ccbdc04
3ccc831c
3ccd2df0
3cceb1d1
3ccf773b
3cd0aa4d
3cd10aac
3cd2c1d7
3cd314a3
3cd4c65d
3cd50504
3cd6edc2
3cd72622
3cd8d18e
3cd94e44
3cdae0e7
3cdb533e
3cdcc63c
3cdde34d
3cdeb4c1
3cdfc023
3ce09a27
3ce1cb71
3ce2e6e3
3ce34e1f
3ce48ece
3ce5c8bc
3ce6f731
3ce788f8
3ce879e4
3ce947ae
3cea96d6
3cebfb45
3cecef3f
3ced868c
3ceeb1c2
3ceffce6
3cf0c363
3cf1b441
3cf26719
3cf33c06
3cf4d3c6
3cf523af
3cf6035d
3cf7e22e
3cf86977
3cf9234b
3cfabc32
3cfb65c0
3cfc05b3
3cfd0479
3cfec02f
3cff23e7
3d00dc04
3d01c296
3d02f578
3d033780
3d048082
3d050c27
3d0624d2
3d0764e3
3d0863bc
3d094269
3d0a660a
3d0b37df
3d0cbd3e
3d0d846e
3d0e2300
3d0f9917
3d1078e8
3d110967
3d120229
3d13e656
3d146f8f
3d158589
3d163341
3d17f3a8
3d18cf5c
3d190e96
3d1a905a
3d1b62e4
3d1c3734
3d1d4ed6
3d1e25c3
3d1fffd8
3d203be9
3d21395e
3d22ea85
3d234de7
3d24d790
3d25f8b1
3d26eb4d
3d271e30
3d2878b3
3d2995ff
3d2adc64
3d2b824f
3d2c432a
3d2db8e0
3d2ec50a
3d2f2d0d
3d301618
3d319871
3d327d54
3d330970
3d34b994
3d35052d
3d36caa2
3d37da66
3d3819ec
3d39d1ce
3d3a6d0e
3d3bd5ef
3d3c84ac
3d3dce6c
3d3e09d3
3d3fae6b
3d40885b
3d417e61
3d424997
3d434d53
3d44df64
3d457ebd
3d461ef6
3d47f2ca
3d48f4e3
3d4914f3
3d4ab7d0
3d4bc4dc
3d4ce93d
3d4d01d3
3d4e5f34
3d4f7ab3
3d501958
3d5166cc
3d52d345
3d533409
3d5493da
3d558fb8
3d56c8f6
3d578922
3d588df9
3d593c16
3d5ab53c
3d5bcfb5
3d5cb822
3d5d6ec0
3d5e7f2e
3d5fb890
3d601de1
3d61da66
3d62b70d
3d6362b2
3d6414ab
3d656de4
3d66b9c2
3d673d0a
3d687dd7
3d69f1b2
3d6ada8d
3d6b3ec0
3d6c06d7
3d6d9a7c
3d6e7d23
3d6fcaec
3d7036ea
3d71141d
3d72cdf0
3d738818
3d74da17
3d75f37a
3d7664da
3d77bef1
3d789520
3d794547
3d7a5150
3d7b32d5
3d7c6fbd
3d7d2470
3d7e17e6
3d7ff1e4
3d8072da
3d8179ed
3d822042
3d83ae3d
3d844ddd
3d855948
3d86517f
3d87dba6
3d880804
3d890c31
3d8a7cb8
3d8b6712
3d8cde35
3d8d8c08
3d8e7486
3d8fc7b8
3d90e83e
3d91c672
3d926c02
3d938c0f
3d9484dd
3d952e1b
3d96c25d
3d977fa3
3d98dbe8
3d99d936
3d9a056e
3d9bae19
3d9cdb06
3d9d50ac
3d9e85ab
3d9f7c02
3da04ee5
3da15751
3da2d8b0
3da3c26b
3da47634
3da58905
3da628a9
3da7bed0
3da8f02c
3da951e8
3daafede
3dabc0e5
3dac1eef
3dadbe86
3daea53d
3dafa104
3db07b0c
3db130ee
3db26190
3db37c40
3db4683d
3db541df
3db639b2
3db74cac
3db89409
3db928ab
3dbaec50
3dbb4261
3dbcf851
3dbd9453
3dbe315c
3dbf860b
3dc048b4
3dc18b0a
3dc258b3
3dc37ea2
3dc43e44
3dc5303d
3dc6eff3
3dc7901e
3dc83573
3dc9236b
3dcabcb1
3dcb146e
3dccaf23
3dcddecf
3dce786d
3dcf15d5
3dd0d7dd
3dd179e4
3dd20499
3dd3309f
3dd45fb3
3dd53603
3dd68a17
3dd73324
3dd8a2e8
3dd9b6ac
3ddaebff
3ddba816
3ddcdd08
3ddd8398
3dde81b1
3ddfa6f0
3de0db69
3de14644
3de2b7ee
3de342a8
3de4d142
3de55059
3de68111
3de78613
3de80804
3de96675
3dea6b80
3debc07c
3dec0ac8
3dedfc39
3dee64bb
3def8b98
3df06011
3df1e6e0
3df2508d
3df3c433
3df44bb1
3df58c9c
3df6f08c
3df79736
3df8f624
3df943ce
3dfaf9c9
3dfb8bdb
3dfc1937
3dfdb1dd
3dfee8a5
3dff64f2
3e002007
3e018656
3e0299cc
3e03100b
3e048297
3e059b0c
3e0627a2
3e07d6e1
3e084b3e
3e093967
3e0a78fb
3e0b000f
3e0c37b4
3e0d54a2
3e0e328b
3e0f59a0
3e10be8a
3e117d8d
3e127ff6
3e13aaf4
3e14fa09
3e1574e8
3e16e1ad
3e17f55b
3e189a38
3e19e622
3e1acdc5
3e1b7d2d
3e1cc9bf
3e1d2182
3e1e0dcb
3e1f784b
3e20274b
3e21ec91
3e22614f
3e231dbd
3e24420f
3e250c25
3e26dc96
3e27d354
3e281d71
3e29cdb7
3e2a5490
3e2b2cb7
3e2cbcb8
3e2d8cdf
3e2ef601
3e2f8400
3e30974a
3e311415
3e32fcc6
3e33636a
3e34dd37
3e35b1da
3e36aac6
3e37fc1b
3e38012b
3e392e14
3e3ab560
3e3b0a5f
3e3cb61b
3e3d5bc6
3e3e3dd3
3e3f6ae2
3e405c3c
3e419744
3e42aa2f
3e433338
3e44848c
3e455d6c
3e463186
3e47ae28
3e48975b
3e492ff3
3e4a59cb
3e4b7ca5
3e4cbcaa
3e4db62d
3e4e291c
3e4f4ba4
3e50c126
3e51f915
3e527a94
3e53f33c
3e54e5f6
3e556561
3e566efa
3e575f10
3e58d998
3e5975cb
3e5a114f
3e5bebf8
3e5c8c30
3e5d9a7d
3e5ebd11
3e5ff802
3e600f27
3e61df31
3e62e5f2
3e63f4de
3e645909
3e65433d
3e666c27
3e67a77d
3e685cb5
3e690952
3e6a3d18
3e6bd7a2
3e6c0d49
3e6d583b
3e6e270f
3e6fc920
3e702b4e
3e7172bc
3e72edec
3e734b09
3e745ed3
3e751cce
3e76d2dc
3e776405
3e78cc35
3e792c1c
3e7a7360
3e7bdf56
3e7c0c1c
3e7d236c
3e7e52e0
3e7fb638
3e805538
3e81701e
3e82b4b9
3e832b57
3e84260f
3e85e0c0
3e86f1d1
3e87855f
3e88a63e
3e89b473
3e8a47e3
3e8b6965
3e8c4684
3e8df3f4
3e8e7df5
3e8fa523
3e909c84
3e915ded
3e92cdb5
3e93922e
3e948822
3e95b9bf
3e9621ff
3e97d9aa
3e9855fb
3e997bc5
3e9a7307
3e9b61e0
3e9c7645
3e9da951
3e9e8306
3e9f2db6
3ea05cbe
3ea1ef95
3ea286dd
3ea31c48
3ea4f56a
3ea5d184
3ea6522f
3ea7c730
3ea806f9
3ea93fe4
3eaa342f
3eab3ae4
3eacca07
3ead1def
3eaecca6
3eafe216
3eb01b1b
3eb16538
3eb22266
3eb341f0
3eb47b9a
3eb54cb9
3eb63157
3eb7f3b7
3eb8b481
3eb9acc7
3eba60ef
3ebb28ff
3ebcbe29
3ebd0734
3ebed7cc
3ebf03a5
3ec03254
3ec12f2a
3ec23b8e
3ec3e0f9
3ec445cc
3ec50c47
3ec6ef9c
3ec760db
3ec80a60
3ec993fa
3eca7169
3ecbd24f
3ecc0a90
3ecdcc0c
3ece7f77
3ecf8f84
3ed09be6
3ed17f3c
3ed2cf0e
3ed3367a
3ed4ec00
3ed5c7db
3ed66da3
3ed78076
3ed86bb2
3ed9b1ca
3edad1bd
3edb49d6
3edc24bf
3eddc2f2
3ede31c9
3edfc956
3ee05010
3ee1ff80
3ee2e26b
3ee31945
3ee4e76d
3ee50a5e
3ee62e25
3ee7c60c
3ee834a1
3ee9ecf7
3eea6f1b
3eebc8cb
3eec7b45
3eed187f
3eee821d
3eef25ec
3ef09c1a
3ef15dd0
3ef2cd32
3ef3daa3
3ef4d2d7
3ef526bd
3ef6cf44
3ef7cd8a
3ef8268a
3ef94da3
3efab6b7
3efb8a7c
3efc6922
3efdcaca
3efed566
3eff171b
3f002b3e
3f01f12e
3f028582
3f03a5db
3f04a252
3f05ed7b
3f069d18
3f073d17
3f085868
3f090031
3f0ac2e3
3f0b2d85
3f0c2e60
3f0dad66
3f0e8449
3f0f22af
3f106ce1
3f118db3
3f12d358
3f13bfc4
3f14e342
3f159ac3
3f164522
3f17fb96
3f18246d
3f198c3a
3f1a6845
3f1b6b92
3f1c66f7
3f1d6fb9
3f1e8027
3f1fa981
3f2097ba
3f2171e1
3f22b10a
3f230ed3
3f243bec
3f25bed6
3f267c0b
3f2777a2
3f289fdb
3f29d557
3f2a76a9
3f2bff4d
3f2c8363
3f2dcddd
3f2e73a7
3f2fea8b
3f30bbe2
3f31701e
3f32d673
3f3371fe
3f349999
3f352c56
3f36509a
3f37eff6
3f3896b1
3f3937c6
3f3a6670
3f3b92d9
3f3cbb95
3f3d5ee6
3f3ec29c
3f3faca3
3f40a4cf
3f417442
3f42bc67
3f43ff75
3f44effc
3f45ae4f
3f469024
3f4707d8
3f48272e
3f497c63
3f4ab0a0
3f4bdb84
3f4c8cd7
3f4de9dc
3f4e199c
3f4f64b4
3f504632
3f5117df
3f52cea5
3f531379
3f54bfd0
3f550d12
3f562d97
3f572186
3f5851c1
3f597e4e
3f5a7300
3f5b2e14
3f5c7812
3f5de77d
3f5e14a9
3f5f6e11
3f6003cf
3f6173ae
3f62997a
3f6335ab
3f6492cb
3f6560a3
3f667588
3f67956a
3f684940
3f69453c
3f6a1ff0
3f6bd6c1
3f6c801f
3f6dc6cc
3f6ee343
3f6f2e06
3f7066ac
3f7197fa
3f726d9f
3f731c0c
3f7427eb
3f75a379
3f769084
3f77c4ea
3f78228f
3f79c59d
3f7a18ff
3f7b4837
3f7c68f0
3f7de322
3f7e60fe
3f7f96bd
3f804998
3f8126ad
3f82bd56
3f8388d3
3f8467b4
3f8514dd
3f86bcfa
3f874d0b
3f88debf
3f891e2d
3f8a8eeb
3f8b2e21
3f8ce64d
3f8d2aa4
3f8ed8f8
3f8f61d5
3f905773
3f91f138
3f92e70a
3f931d47
3f94dcff
3f95b996
3f960329
3f97ce13
3f981276
3f99f30e
3f9a7aff
3f9b1887
3f9c131d
3f9d281a
3f9e988c
3f9f2faf
3fa0bad7
3fa1c10a
3fa2f7a5
3fa32bef
3fa45910
3fa5a445
3fa64910
3fa7e326
3fa8632a
3fa924b7
3faae89b
3faba17f
3facb4cb
3fadac11
3fae1562
3faf8d80
3fb0fb3e
3fb10e24
3fb22843
3fb321c1
3fb4acf0
3fb5965f
3fb693f4
3fb7e8de
3fb83f98
3fb9985a
3fba889b
3fbb0874
3fbcc59d
3fbd0cfd
3fbe9724
3fbf67a0
3fc04cb0
3fc16f14
3fc2c1fe
3fc327f5
3fc4202c
3fc5880a
3fc6ff65
3fc7c39d
3fc8ef9c
3fc91a18
3fca935b
3fcb316b
3fccfe86
3fcd83ce
3fce4fb3
3fcf7378
3fd0f527
3fd156f4
3fd2fd8f
3fd3e598
3fd4114d
3fd596b3
3fd6f570
3fd7f13b
3fd84faf
3fd999e8
3fda6c7f
3fdbd73b
3fdc0e7c
3fddf513
3fdec60d
3fdf6058
3fe04dca
3fe10941
3fe26c82
3fe30387
3fe4b71b
3fe58609
3fe60127
3fe7785c
3fe8aef4
3fe9c57c
3fea85c3
3febfad8
3fecb09c
3fedabec
3fee037e
3fef6552
3ff08e1a
3ff18f64
3ff22888
3ff3aad5
3ff4554d
3ff5dedf
3ff6bb19
3ff7f3bc
3ff8aeba
3ff958f8
3ffa0f35
3ffbcad8
3ffcd495
3ffd7d57
3ffee6b3
3fff2e89
40001551
40017a5b
4002ebd4
4003aa5f
4004c78b
40052531
4006a0fd
40074bf0
4008599b
4009f907
400aa189
400b7540
400cd024
400d5ba1
400e5df8
400fd616
401078e0
4011386d
4012d4b8
40136aa7
4014ad9b
4015aabc
4016d6b4
4017b34e
401862ff
4019b63a
401a7d3a
401b688a
401c0f56
401d0e4e
401eeb6b
401fd79e
4020f1e7
402157b1
40222744
4023cb1d
40246c60
402584ae
40265d27
4027c86a
4028d327
40296739
402aee44
402bcbf0
402cf3e4
402d9a65
402ed52a
402f8807
4030035e
40317d21
4032b75c
40335c78
40344387
40358019
40364a47
4037988e
4038e45b
403930c5
403a41ed
403bad2a
403cb355
403d862f
403e0b13
403f0df8
404055e8
4041a86f
4042f797
40431408
40449c08
40452d85
4046c06b
40470777
404813b6
4049d48e
404a2e3c
404b3709
404c7173
404d831a
404e3981
404f2b0e
4050c69f
4051aa91
4052a6f0
40535b16
405403e1
40553660
40562dd8
4057c34b
40585b3f
4059307a
405a221c
405b10ae
405cab01
405d8147
405e2ba6
405ff0ed
4060a773
40619b84
40626f5c
40630dbc
4064767c
4065671d
40661798
40671d3b
4068e865
406959d4
406a828e
406b9e42
406c70f7
406dd159
406ea6d8
406fff78
4070a10d
4071f856
4072cd45
4073c24b
40740bad
407528c0
40767c49
4077bf47
4078bec4
4079952d
407ab93b
407ba638
407cbd74
407d1e31
407e523d
407ffd78
40808837
40813483
40821503
4083a359
40847fd3
40854f76
408669fa
4087a528
408801a6
4089711d
408a27d0
408bd4e6
408cc118
408da335
408e73c5
408fc295
40901edd
40912294
409235c5
40931123
4094bbad
40952657
4096821e
4097f585
40982245
4099698f
409a511d
409ba570
409caa83
409d1371
409ea3fc
409feb44
40a0c35c
40a1b359
40a24447
40a39136
40a47c47
40a583da
40a6e239
40a762ce
40a8360d
40a99149
40aa27e1
40ab7f78
40ac88af
40ad87da
40ae7eed
40afa876
40b022c4
40b106ae
40b2d644
40b3222e
40b40c76
40b5027c
40b6712d
40b72a6d
40b86270
40b9a72f
40ba4775
40bb381b
40bc0c30
40bd7d94
40be7642
40bfccc5
40c08cd6
40c14b9f
40c289cb
40c3f4d7
40c4a189
40c5b112
40c68f9e
40c7fb3d
40c8aac5
40c9fbd7
40ca5828
40cbbeda
40ccf2ff
40cd887b
40ce423b
40cf3170
40d030d4
40d17c1a
40d225ea
40d38a8f
40d4c013
40d5e0f7
40d686c3
40d78a50
40d89e05
40d96605
40da9f3c
40db23b1
40dc1dd7
40dd650c
40de81c5
40df368c
40e011af
40e17eb4
40e28f61
40e3a8a1
40e4b616
40e5a375
40e68317
40e7228a
40e8cf0a
40e9fe0a
40ea7d87
40eb6483
40ecfaa4
40ed0c12
40ee6561
40ef6ad6
40f08b1d
40f157d9
40f2e33c
40f322cb
40f45202
40f590e3
40f65b1f
40f717ef
40f839b7
40f957d8
40fa9756
40fbb55e
40fc273c
40fdfc84
40fe3763
40ffa73d
41002130
41013346
4102fe3c
4103d168
41048aa1
41050572
41065932
410726cf
4108127f
41098e9e
410af3a6
410bb9db
410c87bb
410db0e4
410ee512
410f183e
41106b91
41113177
411280f1
41136a96
41143d5d
41150460
41167736
41177e0a
411842fa
4119b584
411a5c14
411b13fd
411ca693
411db0fc
411e0ce1
411f00fe
4120d276
41213efa
41220b2a
4123ab8e
4124c8a3
412594e7
412657cc
4127b5f3
412849a9
412959a6
412afb74
412bfb90
412cec8f
412d91cb
412e6c2a
412f5c5c
41306681
41315ce8
413200bf
4133ac47
4134fb91
41354678
4136da40
4137b563
4138f908
4139638c
413a068d
413b1ff9
413c1a31
413df61b
413e5010
413fc8ad
4140a278
4141583b
4142c7f0
4143e81e
41444242
41450018
414651f2
4147842d
414869a2
414983f7
414a4c6b
414bd329
414ca26f
414d15b7
414e9cbd
414f9a5f
415081df
415150c2
4152ffb4
4153dca3
4154a4d4
4155bb6f
415639dd
4157d968
4158353a
4159aee7
415ae54a
415bc41c
415cefe9
415d96c6
415e170b
415f7e14
41602561
416190bd
4162d360
41636356
4164739d
41652dfb
41661913
416712ab
41685b6c
416944d2
416a4a70
416bf846
416c526e
416dfeb6
416e7ec2
416f22bc
41705c20
4171150b
41723aab
4173638e
4174b586
4175dddb
4176be34
41777f6d
4178b9b4
41797ae2
417a1e18
417beb54
417c2172
417d026e
417e0d27
417fadf6
4180638e
41819188
418261bb
4183a101
418410fc
4185b8e5
41861ea8
4187a3c7
4188e5fb
4189b9d9
418a0b61
418b0a62
418c381c
418d68de
418eedc3
418f8bc8
4190462c
4191f9dd
4192bf8f
4193f898
4194a1af
419561f2
4196eadb
4197e57a
4198ed42
41993d13
419af754
419b8cff
419ceac5
419d706c
419e16a2
419fde0d
41a0442a
41a13aaa
41a25e5c
41a320c7
41a46ded
41a52394
41a69f3d
41a76b2e
41a82b9c
41a976a4
41aaec02
41ab75c1
41ac1c77
41ad342c
41ae723f
41afef40
41b0d6db
41b1e749
41b21d0d
41b3c51d
41b44653
41b5b90f
41b6ea55
41b74dcf
41b847d2
41b94c70
41bad59b
41bbb92d
41bce058
41bdf140
41beae3a
41bf35a8
41c029ec
41c1d746
41c27c88
41c34fa6
41c4ba9d
41c5193c
41c653a6
41c756a8
41c8dfd7
41c9c063
41ca83fd
41cb679d
41ccc085
41cd7cf9
41ce0d08
41cfe574
41d015a8
41d1b82b
41d2c023
41d3b69d
41d4f42f
41d5f257
41d6f546
41d78fe2
41d86efb
41d93981
41daffad
41dbdcac
41dcf47e
41ddbe9c
41de471b
41df143e
41e048bb
41e10543
41e2d626
41e32aaa
41e4e63c
41e5c7bf
41e6b72d
41e78954
41e85463
41e94727
41eaa733
41eb5459
41ecdd87
41ede8f8
41eefc88
41ef7eaa
41f002be
41f15423
41f2eebf
41f3b694
41f4b665
41f5c6a1
41f60854
41f7b02d
41f80919
41f91adb
41faf169
41fb90ee
41fc695b
41fd08dc
41fe7727
41ffb214
42001f02
420129fd
4202e07a
4203b5f0
42046529
42051a35
42067367
4207be6a
42081d85
4209943d
420a7ce7
420b3b62
420c8e22
420db422
420e0f5a
420f9e62
4210b303
4211e91e
4212b933
42137d2b
42146f2e
42155e91
4216a60b
4217c922
421812f1
42199c52
421ac0ef
421b704b
421c8dd5
421d5b5d
421e921c
421f7da4
42208898
4221a72e
4222e007
4223e674
4224d89e
4225a67a
4226ccdf
4227cd90
42282e82
42294dca
422a568d
422b6178
422c8d39
422d5fa4
422e1687
422fd2ee
423068c5
423170d1
42320467
42334166
4234167b
42359bba
423647be
42379ffd
4238444d
4239ce08
423a37eb
423b33f6
423c16f6
423d3539
423eed21
423ff539
424019ef
42413548
42420b59
42439db9
42441103
42452e26
4246bb9b
424746b4
4248a690
4249000d
424acf92
424b406a
424c35fb
424de17c
424e99a9
424f5526
4250cfe3
4251d87a
4252e754
425303d4
425403b0
425567ea
42569c47
42578bca
425840bd
425937aa
425a77d4
425be161
425cb8c6
425dbbf0
425e49ae
425fa49f
4260f340
42615a5c
42627f9d
426396f4
42649043
4265a5ed
4266d266
42670a8b
426814fd
4269aa96
426ad389
426b11e4
426c6cf0
426dcd04
426ee2a5
426f6ecf
427006f5
4271a2ee
42722805
4273c6c4
4274ed36
4275b9a9
42761fe3
42774fd2
4278c81d
42793e35
427a7c63
427be742
427caea8
427d1fbe
427ed87d
427fa111
4280ae26
4281a58a
4282d337
42837cea
4284e0c3
428510a7
4286b892
4287f4a7
4288661c
4289f001
428a7935
428bdef1
428cb9dd
428d9c29
428e30cd
428fdaa3
42909083
42919e5a
4292c425
4293cf88
4294f8be
42951730
42964437
42977c5e
4298ed37
4299ca47
429ab261
429b60d2
429c1342
429d7fda
429e8542
429fdc93
42a0ef7a
42a1cbf1
42a284c8
42a309b1
42a42fa8
42a58daa
42a60c47
42a7b7da
42a8e670
42a9cae0
42aaa6ad
42ab3678
42ac540a
42ad0ecb
42ae5efa
42afafa9
42b0f160
42b1d92b
42b27c01
42b34241
42b43ce3
42b5ac11
42b6a3a4
42b7983a
42b88254
42b955b2
42bad322
42bb2da0
42bc11d9
42bda7b7
42be45a8
42bfd5e6
42c0448e
42c1001e
42c2bb3a
42c31314
42c4d750
42c51b28
42c6403c
42c7b3e3
42c8e064
42c9f460
42ca6317
42cb56dc
42cc8715
42cd9126
42cea1c7
42cfb86d
42d09a6f
42d12b11
42d2cd4a
42d3f9c3
42d47768
42d55a51
42d664f0
42d7db35
42d88c05
42d9b122
42dafce1
42db7593
42dc73f0
42dd784e
42de852d
42df76ca
42e08ba8
42e1e18a
42e2ac0d
42e3285b
42e4fb2d
42e507c7
42e6053e
42e79503
42e88014
42e9f8d2
42eaff49
42eb40f3
42ecdb79
42ed54da
42eed997
42ef2177
42f00900
42f14a12
42f23051
42f337be
42f46130
42f5662f
42f691b6
42f71d1e
42f83c23
42f912fc
42fae1ac
42fb497c
42fcedfb
42fd5e0d
42fe416f
42ff3a3f
43003f98
430139f5
43023f27
4303f4df
4304af07
4305009b
43062abb
4307f7f4
43087cfc
43090c1b
430aff3d
430bfcbe
430cc5d3
430d68fa
430e8b04
430f08de
43108e74
4311ad5d
43129505
431324e6
43148961
4315c3fa
43167585
4317457e
43189c34
431964a1
431a338c
431b6f07
431c9b5f
431d0a15
431efbc5
431f84bd
43203cf7
432199c6
4322dce4
43239e10
43249507
432580de
4326d58f
4327c334
4328a8f9
43296611
432a7ff5
432b640c
432cedaa
432ded15
432ee35d
432f2839
43303206
4331ed95
43327423
4333c410
4334e2e8
43351c61
43366111
4337f5f6
43381338
43395908
433aa34a
433b3112
433c76c6
433d031e
433e0c4a
433f3c89
43409f01
43413364
43425ed1
4343fe27
43441d50
434561da
4346dcef
43476e42
434888a1
43498c44
434a4291
434b55ee
434c78d5
434da217
434e1204
434f1ffc
4350ebe2
4351846d
4352044b
4353abac
43543645
4355637b
4356866e
4357c813
435841a4
4359837b
435a1605
435b4ef3
435c84a5
435d1812
435e56e2
435f66ea
43608c86
43611a0e
4362b352
4363bc66
43645706
4365e399
43666fa7
4367e93f
43680069
43691047
436aff97
436bc573
436cad9e
436dd9b7
436ea0af
436f1a21
4370c89e
43712c72
4372b39b
43735c85
437411e5
437521cd
43769f00
43775177
43786fa7
437960db
437a042e
437b7e65
437c2cab
437dc178
437e3c9f
437faf66
43804a70
438168f0
43826bf2
43835141
4384420b
43859b5f
4386bcea
4387a83b
43881e10
43890713
438a1098
438b4e5a
438cc3d8
438d5e00
438ecd67
438f57bb
439048ff
43911da4
43924bc1
4393feb5
43941938
43956587
43963e7d
4397d93d
4398f797
43993d1b
439a46d5
439bf3a4
439cecad
439d6231
439e9862
439fab78
43a0d57f
43a1cab6
43a29309
43a33725
43a40622
43a548bc
43a69dfb
43a774ef
43a8896f
43a916c5
43aaccf4
43ab0d23
43acd7d5
43ad4f68
43ae63f2
43afa963
43b01dc8
43b12f63
43b248b2
43b30f48
43b4ff94
43b5ac5b
43b6cc45
43b7e476
43b84ca2
43b9a6e9
43bad207
43bbb0f2
43bc1fa5
43bd43d0
43bec32e
43bfd7c8
43c0032e
43c14aff
43c2753c
43c32eb2
43c47570
43c5fa86
43c6b3dc
43c7a719
43c8488a
43c9f4f8
43ca5bac
43cb6658
43cce84a
43cd9f53
43ce0f7a
43cf6a71
43d06300
43d172dc
43d27dbd
43d36728
43d4d9b7
43d55cff
43d60a52
43d7f02f
43d82c70
43d9372e
43da7c5d
43dbeaed
43dc4497
43ddd489
43ded694
43df39b0
43e06d61
43e13c2f
43e2ec33
43e3d59a
43e469a0
43e53fbe
43e6a724
43e7911b
43e8b3a5
43e94b11
43ead20f
43eb12b2
43ec1283
43ed3b4e
43ee00b5
43eff29f
43f0f3ab
43f1087f
43f23860
43f33499
43f4b4f9
43f55e49
43f6d386
43f7d3ab
43f8cde0
43f9b519
43fa32b4
43fbc0d0
43fcc8c6
43fd4c58
43fe15ad
43ffd7c2
440041d0
44010bb1
44025dc8
4403f458
4404dc21
440548c7
44068dc2
440762af
4408f70d
4409c8ee
440a0551
440b8265
440ca69c
440d8e2b
440eee82
440f0c77
441088e1
44110545
44121060
44132428
44141e9a
4415264c
4416067c
4417c5fa
44180b3b
4419f1f4
441ad886
441bf281
441cd556
441dd51c
441eda0e
441fabb4
44208019
4421472d
442258c5
442398b0
4424487f
4425126b
4426a69b
4427c242
4428873b
4429e417
442a02b8
442b87f9
442c36d2
442d9c1e
442e8690
442f6ab0
44305dfc
4431ee38
443248eb
4433ba39
443441c0
443551e2
44364fcd
44377e92
44381af5
44396986
443a1975
443b3e76
443cf85b
443d0246
443e7377
443fb949
444079e0
4441d637
44427466
4443e198
444470f3
4445712c
4446b3f0
4447433f
4448bb55
4449188c
444a790e
444bab58
444cce74
444dcdda
444e94f1
444fe3a9
44504093
445150d4
4452933b
4453b488
4454da56
4455e7d4
445633ce
44571e9b
4458f68a
44595e95
445a053d
445bf23c
445cbf4b
445df9a5
445ecb49
445f2303
44601aca
4461296d
4462f2dd
446320cd
4464b918
44659caa
44669887
44674c0a
44685ee6
4469a678
446a95ca
446beb35
446cc2f9
446dd6cf
446ed291
446f8097
447021d4
44717d71
447206f7
4473a2f1
447488df
4475ebe1
447623d8
4477ea92
4478a4b2
44794f81
447aa937
447bec43
447c72d3
447dbe6b
447ee12c
447f6ce6
4480326d
44819314
4482c4ac
4483eaa3
448459b0
44854098
44866a1a
44871b44
44885c96
4489f6b2
448aa965
448b0c85
448c90fb
448db600
448eca1d
448fcac9
44907987
449145b2
4492810d
4493b64a
44947ebd
4495d054
4496ab24
4497fe85
44981966
4499128a
449ac3ca
449b13ba
449c51a8
449d3b72
449e1aee
449f1bdc
44a0ccdb
44a13462
44a29006
44a38337
44a43e01
44a56109
44a63902
44a7fdcc
44a87cd5
44a923e5
44aac479
44ab7dca
44acd45e
44ad5240
44aeb96f
44af97ab
44b003b3
44b1a52a
44b295d5
44b32e4d
44b440c4
44b5338c
44b6cc7a
44b7773b
44b85265
44b9cad4
44ba34d8
44bbd02a
44bcf74d
44bd2967
44be4c39
44bf9e60
44c0e2be
44c119eb
44c22365
44c37736
44c40314
44c5e1d2
44c6db84
44c7dea2
44c8fd12
44c9a89b
44ca405e
44cbb495
44cc4105
44cd5bcf
44ce2984
44cfce87
44d00a87
44d1a413
44d2a757
44d3ea3e
44d4f6b0
44d5df2f
44d657c9
44d7970e
44d820e1
44d9f8ab
44daabef
44dbbece
44dcc9db
44dd3286
44de49de
44df74bd
44e0c6ee
44e11cf0
44e235d8
44e30fdc
44e4cfb4
44e5e7ae
44e63a32
44e73ab5
44e88923
44e92e14
44ea1231
44ebecf0
44ec394f
44ed29c8
44ee32b3
44effeae
44f01350
44f17a79
44f2b22b
44f38aff
44f49c85
44f5c3ae
44f64837
44f73a49
44f858e9
44f97e57
44fa1b84
44fb3695
44fc1938
44fd9091
44fe0068
44ff4403
4500d8d6
45014b91
450299ba
45033a7c
4504f63b
45056236
4506ad70
4507abb3
450833db
45097503
450a7489
450b9d40
450cdc08
450d5383
450e6d46
450ff046
451017a2
4511889c
4512b64b
4513f7a4
4514e59e
45159ac7
4516dd57
451762a3
4518c99f
451963a8
451afe8e
451b6867
451cf397
451dff68
451e2b2b
451fc5cc
45209849
4521cd14
4522eb0f
45238772
45245720
4525d5db
45266ecf
45279f80
45283393
4529ab6d
452afb66
452ba4c3
452cba70
452dc3ec
452e91e7
452f7025
4530bf57
4531a567
4532fa0f
453354dc
4534f4bd
453594f7
45368137
453798b3
4538e662
4539a120
453a4b68
453b5299
453cee63
453d7f7c
453e374a
453ff9de
4540d633
4541638b
4542d3a8
4543b1cf
45445f4a
4545a29c
454661ce
45478697
45480c45
45499e26
454a99fd
454bb2bb
454c1558
454dc6ed
454e4be9
454f6de2
4550c20a
45516c1e
45526384
45530949
455482ba
4555b830
4556a6a0
45574bec
4558ad62
4559d5f1
455a2c12
455be3ce
455c8387
455dbbd4
455e5915
455fc54e
45604941
4561956c
4562f06f
456377c4
45641bcd
4565a0f3
45661c5d
4567a26c
4568434c
45692de2
456a8de5
456be208
456cf3cf
456d79b9
456e510e
456f9759
4570faa1
45710b1d
45728bdd
4573827e
45743179
45752cb5
45762bfc
45777fe8
45783f83
45791908
457a66fb
457b5b6e
457c6e59
457d2306
457e93b6
457f7a0d
4580abbd
45819e49
4582eb7e
45839783
45845d35
4585601e
4586940e
45872ebf
458826ca
4589ee4e
458af795
458b39f9
458cd3d9
458d3a03
458e3e6e
458fc068
45901851
45919890
45929a66
4593205d
4594e96f
4595fbbb
4596d2f3
45975494
4598937c
4599f7bf
459ab52e
459b8cc6
459ca088
459da353
459ece8d
459f31bd
45a04bea
45a1959c
45a25e34
45a30499
45a441e6
45a5d12b
45a6d5c0
45a7e931
45a8b6d8
45a93a55
45aa81b2
45ab54d6
45acd719
45ad5ef6
45ae2517
45af4bd9
45b0a895
45b1e60c
45b24876
45b3ee04
45b4c307
45b5d431
45b6e8f8
45b787ce
45b8d52f
45b991a4
45ba71d4
45bb275f
45bcf22e
45bda876
45be26d4
45bfdaac
45c0e809
45c1ba26
45c28cc7
45c3ee36
45c444bf
45c5e8a5
45c6f7fd
45c7d687
45c8a4bd
45c9c898
45ca2a65
45cbc043
45cc20ef
45cde32f
45ce5560
45cf2460
45d02a14
45d101c4
45d22dca
45d3d188
45d4969d
45d56f58
45d633c8
45d7ecd1
45d82f12
45d9cf28
45daf207
45dbafd1
45dcd10a
45dde581
45dec662
45df2473
45e0158e
45e1fe23
45e26098
45e3766e
45e4114d
45e5cebb
45e6af83
45e7f30d
45e8682e
45e9227a
45ea462b
45eb20bf
45ec863a
45edd702
45eef872
45efd3ba
45f03fa8
45f1fa18
45f224f1
45f30238
45f43a5e
45f5d3aa
45f69c64
45f7dc44
45f8c755
45f92cb2
45fadd2e
45fbee67
45fcccfa
45fdf1da
45fe6420
45ffbe6f
4600edcf
46016bd1
4602c134
4603938c
460498e8
4605c0b7
46061f3d
4607afa1
4608b0a7
4609484b
460af420
460b3568
460c6646
460dbaf8
460e1e14
460f88c2
461033a1
46113cbd
4612644e
461381c7
461498ab
46159365
4616c20f
4617a51c
46183fe6
46195ca8
461a6561
461bbf21
461c97cf
461dcef4
461e70f5
461f1924
4620eeb0
4621877c
46227a5e
462388d8
4624c5df
46257465
46261525
46274dbf
4628b0ec
46296cf7
462a4e39
462bc72c
462ccc50
462d4e04
462e70c2
462f41ec
46309879
4631a74e
463200f2
4633e415
4634d5e4
463555df
4636f663
4637a38f
463867ed
4639eb98
463af7ad
463b432c
463cb0b4
463dd396
463edb73
463f58c8
46404ffb
464152b3
46429d7a
46433706
4644813a
4645d84b
46464fdb
4647077c
46480461
464955de
464ae9ad
464b4d87
464cd17d
464d91d0
464ec441
464f0be8
46507167
46514093
4652188e
4653fc96
4654e223
465544fe
46565a53
46573804
46581364
4659a23e
465a18e8
465b816d
465cf96d
465dd422
465ee837
465fbb77
4660e848
46614cf0
4662b115
46631c5e
466477d8
4665d2be
4666e747
4667e271
4668cf48
46692c17
466a4aed
466bd989
466ca13b
466d2aff
466ef7af
466f561e
46708902
467165d8
467281e2
46736ad8
4674cd11
46755f69
467647be
4677c308
46784984
4679ced0
467ad402
467b45cf
467c1fae
467dfb7e
467e7668
467fc77e
4680c0a0
468187f9
468279ba
468337ec
468493f0
468519e0
4686585d
46874fe2
46886b19
46892aec
468af012
468b6451
468c72e3
468db70c
468eb7f1
468f13f2
4690d686
4691d567
4692efa3
46936bfd
46947fee
46951d88
4696f239
46974381
469874ff
46999916
469ad30f
469bb0af
469cfcc0
469d1dfb
469ef27c
469fe96f
46a014f4
46a12f62
46a21237
46a3a34e
46a4120f
46a5f815
46a63f16
46a7a513
46a86a5b
46a982de
46aa84a7
46ab95c6
46ac4b70
46ad9381
46ae6535
46afeb2c
46b08196
46b179cc
46b23dcb
46b3e74d
46b43b82
46b50796
46b6b867
46b778db
46b8f5fb
46b94fc1
46baa4a8
46bbaa8b
46bc2c6e
46bd6101
46be8f01
46bfe883
46c0c459
46c17062
46c289b0
46c35a6b
46c4d70d
46c5fbd8
46c6985f
46c7973b
46c8bd78
46c93800
46ca3442
46cbcd49
46cc549d
46cd240b
46ce64ca
46cf8ba7
46d0d5b9
46d1135e
46d204bb
46d33813
46d4db69
46d58f15
46d6b0be
46d775a7
46d8174b
46d9da5f
46da8629
46db6638
46dcff5e
46dd919d
46de35c4
46df3b10
46e0fd0f
46e1189c
46e21d40
46e362a4
46e46ef7
46e5a66d
46e65493
46e7b9d9
46e8f796
46e93b31
46ea6872
46eb4f26
46ec996f
46ed780a
46ee840e
46ef2014
46f017b8
46f1a7f0
46f2cb81
46f324b5
46f42d25
46f52db6
46f6f92f
46f7a327
46f8b159
46f9953d
46fabbee
46fb486d
46fc2aa5
46fd0a43
46fea2bc
46ff149c
4700a43f
4701231d
4702e7e5
4703f9c2
47045fdf
47053d8e
4706b675
4707f051
4708583b
4709c98f
470a10d9
470bc825
470c0bec
470da62e
470e299e
470fafdb
4710762f
47112dae
4712d33d
4713bd08
4714467e
47151d5a
47165156
4717ed89
47180ea2
4719acb8
471a45b4
471b741c
471c6d83
471daae0
471ebb72
471f142b
472037fc
4721b097
47224788
4723f830
47249beb
4725108a
4726a3ae
47273274
4728c945
47292c96
472a6674
472b5b76
472ca669
472d3db1
472e4354
472fe425
4730ca13
473190e9
47324029
47338b33
4734abf8
473597ca
47360edf
4737c76e
4738e551
4739f031
473a3057
473bff3f
473c1101
473d128d
473e7468
473f42e9
4740050c
47410c06
47422d1d
4743af2e
4744298c
474529b1
474619d5
4747a978
4748041c
47491537
474a0617
474b5b69
474cf1d7
474d60f8
474e191f
474f6b15
47504266
4751e80f
475252b7
475374d9
4754f18e
47559db0
4756bc84
475799db
47582e79
4759208c
475a9c9d
475b7b57
475c65c6
475de775
475e5c04
475f7840
47606052
4761fe7e
47628bc3
4763da5c
476432b9
4765b579
47660bcf
4767928e
4768e446
4769632b
476abc2f
476b78d0
476c1dc2
476dcf1d
476e0901
476f19fc
4770a913
4771ffee
4772b332
4773737c
4774ec95
47750af5
47766dc9
4777e3fe
47785c2b
4779d326
477a76ee
477b8444
477c3c84
477da289
477ef450
477fa912
478033fd
47819138
47827f16
47836be4
47849cf9
47855c31
47863647
4787c809
47883a74
47895411
478acec9
478b7f51
478cbc70
478d048a
478e3930
478fdae4
4790dbef
479118d1
479272c2
479370cf
4794d7a7
47950537
4796858e
47979d2e
4798f346
479987c4
479a5c93
479bcb38
479c6c68
479d1573
479e1a41
479f4a06
47a06b64
47a1e15d
47a27c70
47a30d86
47a40740
47a566d3
47a6a697
47a7b424
47a8559c
47a98753
47aa13c9
47ab78f7
47ac98a6
47ad1d3d
47ae297e
47af796f
47b0026e
47b12202
47b2f095
47b39565
47b4362a
47b5c61e
47b6392b
47b7ce13
47b8428a
47b998d1
47ba5f66
47bb711f
47bc6c6c
47bdb100
47be7a69
47bf818b
47c052eb
47c152da
47c2a0ad
47c3a335
47c4aa36
47c502b8
47c6f80a
47c70688
47c8d326
47c91be7
47ca5b45
47cb99bd
47cc0682
47cdc960
47ce7e6d
47cf5af7
47d095dc
47d15d8f
47d2ec0b
47d3e601
47d4140d
47d5a508
47d61f0c
47d7b0b1
47d8eb51
47d957c7
47da0b7a
47dbc2f9
47dcce88
47ddd5ac
47de2177
47dff61f
47e0d22b
47e1b6a6
47e2a100
47e3a3d2
47e4ff21
47e53a1e
47e69847
47e71954
47e8be9d
47e9e505
47eadac4
47eb6583
47ec0886
47ed9fe5
47ee3564
47efd7f4
47f0cb56
47f17e07
47f266d1
47f3c779
47f45638
47f557ce
47f6fd5c
47f7263d
47f8f5eb
47f94fea
47faaaa6
47fb78a8
47fc8d0b
47fdd44b
47fe37f0
47ff5829
48009b62
48014f69
4802b225
48032e35
48048ac8
4805d5ed
4806d5a8
4807c944
48089e64
480931b4
480a64f0
480b444c
480c0f35
480dcb48
480e8699
480fe136
4810c55f
4811a1d7
48124994
4813f6f1
48143939
481541ae
48163675
4817a2f8
48182a40
4819d0b8
481ae125
481b5498
481c65c6
481d8351
481ef20d
481fe1fd
4820515e
48210b95
48222ee5
4823866d
48248e05
4825c95f
4826e143
48278dea
4828adcb
4829a6de
482adbfc
482b317b
482c3851
482dd571
482ec01e
482fa2be
48307d86
4831502b
4832c4ae
4833eb47
4834a9d4
4835207e
48363197
48374889
4838e080
4839147c
483ac0ce
483b314d
483cb1a1
483d0134
483e82b0
483ff5bd
4840acdc
48414420
484219a5
484300ef
48440c7a
48457875
484659a1
48473eeb
4848ea91
484902e0
484a775d
484b1feb
484c8846
484dd946
484ed3d4
484f7355
4850ae69
48510889
4852729c
4853b3cd
4854dc2d
4855df1d
4856523c
4857a900
485835a0
4859b4da
485aa2b9
485b368d
485ce8d5
485de850
485e8466
485fb28a
4860fa7e
4861f5e9
48623867
4863ed7a
4864e980
4865cf3b
48661403
4867373c
48683eec
486929b9
486a3324
486b0c6a
486cd53b
486d24e2
486e9593
486f823e
4870cbef
4871574c
48728b12
48736d10
48747ad1
48750482
48764153
487760e5
487854f8
48790454
487a4d69
487b3412
487c6af4
487d325d
487ebbe1
487fa094
4880c5fe
48818e14
4882084f
4883703a
4884bc76
48851aec
4886b788
4887adb9
48885ba5
48893af1
488a3d19
488bb1ef
488c956d
488dd915
488ea2c0
488f4cb0
48904935
4891b5f5
4892a771
48938299
4894e5f9
48957757
4896fc7d
4897618d
4898c0b8
489916e9
489a1759
489ba00a
489cff68
489deae7
489e77fc
489fbdde
48a0addb
48a1b50d
48a26bd3
48a3ec6c
48a4b4d8
48a5e2b8
48a6e05c
48a73bed
48a8033d
48a9a799
48aabc91
48ab2319
48acc9ba
48ad53e0
48ae1be9
48af6b6f
48b073f0
48b10a89
48b2f7a3
48b31a0a
48b4db3a
48b5b2fa
48b6779c
48b7560a
48b8aab4
48b9f2e2
48ba694a
48bbd4b0
48bc49c1
48bda750
48bea11e
48bf291f
48c0335c
48c15b9f
48c2eb8e
48c344a1
48c4b452
48c5dd6b
48c6bc42
48c70d0c
48c805dc
48c92d56
48caf066
48cbd3dc
48cc0e1e
48cd87d7
48ce8893
48cf542c
48d0c156
48d1fa49
48d2d109
48d316f0
48d44b4b
48d57f6d
48d671b0
48d7777a
48d8234b
48d9932b
48daf922
48db0aae
48dcd55e
48dd6ea4
48dedd0f
48df5587
48e0cf98
48e142b8
48e28206
48e322e2
48e4b012
48e5dcdc
48e69cf1
48e72927
48e87f31
48e95c20
48ea3d72
48eb8b46
48ecc099
48ed8c0e
48eef6e9
48ef0189
48f08a04
48f11e7e
48f28250
48f38c54
48f4b3f7
48f5bc84
48f64d67
48f78b84
48f8335a
48f9baad
48faffac
48fb06c6
48fc750a
48fd3440
48febd93
48ff29d9
49005378
49011403
49028d71
49031f93
4904705d
490578ef
4906717b
49079ed5
49082b20
490911b1
490aa578
490b074e
490cac8c
490df024
490eef6c
490fc45f
491047fb
4911eece
4912cea3
4913bb09
49142f2a
4915d4d4
4916074c
4917ee2e
491821e2
4919bfd9
491aca6c
491b7f8a
491c7328
491d2ad6
491ee267
491f0125
4920d2ff
49219dcc
492230a2
4923fe6b
492425d1
4925e2df
4926b4eb
49273fa2
49285835
4929b007
492af313
492b0f27
492cd880
492de4c5
492ed4c5
492fc7a6
4930229f
4931c64c
49320528
49330169
493468d0
4935044a
49365277
49378944
493878d3
49390ad6
493ac82c
493bfe09
493c18c7
493d773c
493effc4
493f9a13
4940427a
4941efc0
494297d1
4943abbc
49447372
4945ad9a
49464aba
49476bc6
4948df55
4949b780
494a206d
494b584a
494c9fd2
494dff44
494e1346
494f828b
495008d1
49512b62
49523a24
49534c9c
495461e0
4955a567
49567f22
4957bafd
495848ad
495937d8
495abf72
495bdd14
495c1ffe
495d618d
495e62a0
495f2a74
49603140
49619ecb
49624577
49638dd3
49640c7d
4965e2ba
496661d0
4967ad95
49688cd2
49696829
496a98bb
496bc632
496c977e
496d35a9
496e99b8
496fa5ad
4970262c
49715b02
497239be
4973c7d5
4974dec8
4975031f
4976e1f5
4977de7c
49782cf7
49798040
497a3a4f
497b7163
497ca5d7
497dccd6
497e03a1
497f24be
498088c2
4981e5ef
4982939b
4983b644
4984723f
49855305
49869179
49871dc0
4988b355
4989e56a
498a5fab
498b4804
498ce4fc
498d38ca
498e2367
498fcdb5
49909e31
49914539
49923790
499301b4
4994dc77
4995f7f7
49966d7c
4997407b
4998fb77
49992026
499a4188
499b7fd9
499c2604
499df48d
499ea9e6
499fb1cf
49a00272
49a10ace
49a28a6e
49a3b9ec
49a4fe69
49a5b8e3
49a66f99
49a7d957
49a835df
49a9219d
49aa121b
49abd44c
49ac29ec
49adda38
49aeed59
49af4cfd
49b08bc6
49b19283
49b287eb
49b30b0e
49b4f23b
49b5dfd2
49b63576
49b77f43
49b8cad5
49b9e7dd
49babbcb
49bb6742
49bcc1cf
49bdb50d
49bef7e3
49bf5764
49c03859
49c18553
49c209d8
49c335dd
49c4cd76
49c5fdfe
49c68445
49c7a1e5
49c8779c
49c9976c
49ca5e34
49cb2cfe
49cc1aa0
49cd7323
49cee663
49cfa182
49d01c67
49d100ac
49d2110c
49d34991
49d4b095
49d5ebaf
49d6b23b
49d7b7e7
49d8a857
49d90771
49da6823
49dba960
49dc754a
49dd0e4d
49ded69d
49df1022
49e051e3
49e1a431
49e21329
49e35bfa
49e43724
49e5c5c2
49e6f46b
49e7eb19
49e882a4
49e9944a
49eaeb9e
49eb0fe0
49ec8263
49ed2083
49ee9bf8
49ef69d9
49f036e2
49f1f3c5
49f24223
49f31319
49f4d171
49f5f568
49f6e882
49f79d76
49f84207
49f9ce2c
49fad33d
49fb1456
49fc237b
49fd1f80
49fe93f7
49ff0199
4a00a4ce
4a010861
4a0220ad
4a0327a1
4a0472f3
4a05e90d
4a06aa91
4a077334
4a08ade4
4a095b72
4a0a25e7
4a0b0176
4a0c15f2
4a0d5dee
4a0e352e
4a0fbc1e
4a100e11
4a113221
4a12422f
4a131470
4a14f121
4a150a49
4a163e2d
4a17ecfc
4a18c99a
4a191f33
4a1a5f30
4a1ba4d1
4a1ca564
4a1d2df3
4a1e8e34
4a1f6a82
4a2040a9
4a217f44
4a229b6a
4a2338dc
4a24a0d3
4a2553bd
4a26fee3
4a27be2f
4a28d778
4a29ef6d
4a2ac26f
4a2b9bfc
4a2c42c0
4a2d45dc
4a2e8a62
4a2f67f5
4a30b694
4a31427f
4a32bdbb
4a33c43a
4a341cf8
4a35a9d9
4a364872
4a377d9e
4a38af9d
4a390e18
4a3a4f20
4a3b5a48
4a3c5899
4a3d206a
4a3ed397
4a3fc529
4a40aaa5
4a412225
4a42bc2d
4a4368cb
4a446f53
4a45d5a1
4a46f1b0
4a476ad5
4a48b9ce
4a4903c2
4a4a0280
4a4baca6
4a4c658b
4a4d6cf0
4a4e70c1
4a4f4991
4a508dd4
4a51f4ba
4a5209dd
4a53bfaa
4a5440ea
4a55bf7c
4a56cd1a
4a57ebe0
4a58ce8b
4a5936cb
4a5a045d
4a5b95ec
4a5c0cfe
4a5d6d38
4a5ef62e
4a5fc8e3
4a609c99
4a61088d
4a62c61d
4a63cde5
4a6452a7
4a65b326
4a66e921
4a671159
4a68335f
4a69a8e4
4a6a82b0
4a6bfd45
4a6c46be
4a6d9123
4a6e1fef
4a6fcac5
4a7027ac
4a71eae5
4a72c8e6
4a7304a7
4a74ea57
4a75138b
4a76561e
4a772eef
4a78ca9f
4a7913cf
4a7a9f4b
4a7b80ef
4a7c49bf
4a7ddba4
4a7e5b6e
4a7fc800
4a80337f
4a81ed40
4a82900e
4a833de6
4a84f941
4a85e80c
4a86068c
4a879c18
4a888127
4a893182
4a8aefce
4a8b0053
4a8ca613
4a8d8074
4a8e3a32
4a8f76ea
4a90a001
4a916f26
4a928696
4a93c7c2
4a94f558
4a95f20c
4a9686cc
4a970ade
4a9825b9
4a99a7df
4a9a370b
4a9b56f3
4a9ca0bf
4a9dba39
4a9e4ece
4a9fd248
4aa0ca07
4aa158f7
4aa25517
4aa3ea7f
4aa47c5e
4aa5e4b6
4aa6ef3b
4aa7c0fc
4aa883fa
4aa9f99d
4aaaafee
4aab015f
4aacc99e
4aad37d2
4aae3067
4aaf129a
4ab004f2
4ab1b8aa
4ab2eb26
4ab3820a
4ab47fc2
4ab5f9df
4ab6c482
4ab7a019
4ab8a685
4ab9b411
4aba3342
4abb8583
4abc3ced
4abd15e5
4abe63c1
4abfffc7
4ac0a335
4ac1924a
4ac24112
4ac39792
4ac4ad6f
4ac5574e
4ac66a20
4ac784ee
4ac801d1
4ac97f27
4acab20e
4acbde67
4acc6b01
4acd9f61
4acec0c3
4acfec92
4ad068b3
4ad19ff5
4ad2e468
4ad32f9e
4ad49025
4ad55b69
4ad6fdcc
4ad7bd4d
4ad86e5b
4ad9ee2a
4ada24bf
4adbb784
4adc52a1
4add0f4e
4ade66f8
4adf1e76
4ae00198
4ae16b13
4ae2bb09
4ae37a7a
4ae43a6e
4ae5b1d2
4ae6e5b5
4ae77b24
4ae89c04
4ae9eaa8
4aeabfdd
4aeb032e
4aecec17
4aed8d0e
4aee4a4f
4aefd5f9
4af0b9a1
4af1bd85
4af28396
4af30104
4af4594a
4af591c4
4af6e6e4
4af74103
4af8d531
4af9e117
4afa66a2
4afbbc52
4afc865e
4afdd16f
4afedf48
4aff1a29
4b004821
4b01dc8b
4b02382f
4b03a6cb
4b04b2c5
4b050da2
4b06c7e5
4b07885a
4b08f0d0
4b09e314
4b0aa816
4b0b8b83
4b0ca71c
4b0d8107
4b0e4bf2
4b0fae75
4b10d093
4b1142cc
4b12c271
4b13b8d4
4b14d493
4b15b38c
4b16d8ad
4b17c2ea
4b184453
4b190ffb
4b1a2be4
4b1b0160
4b1c80f0
4b1dc18a
4b1eb32b
4b1f1f95
4b20bab2
4b2187a9
4b22bbb1
4b237857
4b24aebd
4b25495f
4b26b5fe
4b2701c0
4b28b465
4b29ffee
4b2a95f1
4b2bb87a
4b2c5a2d
4b2db801
4b2e47f6
4b2fc686
4b3003e5
4b316eb5
4b329af9
4b33b5e0
4b34ff76
4b35f2d5
4b361544
4b3778bc
4b38f17f
4b39850f
4b3a93b5
4b3bd1f2
4b3c6b5d
4b3d612e
4b3e31d1
4b3fe63a
4b40847b
4b41a50b
4b427b80
4b431e33
4b440145
4b45849d
4b46435d
4b47e123
4b48de79
4b497b5b
4b4ae6c9
4b4b6f15
4b4c164e
4b4db538
4b4e5d3d
4b4f0903
4b50adb4
4b5166ca
4b526dea
4b5343eb
4b54db7c
4b5549e6
4b56730d
4b579fe1
4b58b506
4b59d1b1
4b5a9571
4b5b7feb
4b5c0451
4b5d0391
4b5e3c98
4b5ffd25
4b607cb2
4b614e07
4b6286f3
4b63212d
4b64749f
4b65d017
4b6667de
4b67f13e
4b6842cf
4b698b63
4b6a344d
4b6b5bc6
4b6cd94b
4b6dc3b6
4b6e2a77
4b6fab40
4b707515
4b71c078
4b72c0af
4b733e02
4b74bcef
4b75e726
4b763aed
4b770500
4b783fef
4b7979ac
4b7a2b60
4b7b25b4
4b7cdf51
4b7dea9e
4b7e3e56
4b7f1c92
4b809097
4b811177
4b820d59
4b8326cc
4b84948c
4b85f5f1
4b86f605
4b87c48e
4b88aa28
4b89ebe7
4b8af794
4b8bfa41
4b8c38ce
4b8d3be7
4b8e417b
4b8f7ebe
4b9077ce
4b91908a
4b92a726
4b934909
4b94f555
4b952300
4b96f532
4b973db8
4b985717
4b990491
4b9aa8bc
4b9bdad6
4b9c970b
4b9dbf91
4b9e40b7
4b9f6243
4ba05822
4ba1826b
4ba2e1d2
4ba3448a
4ba45537
4ba53473
4ba6283d
4ba7c26b
4ba8ace1
4ba9c92c
4baafd43
4bab53ac
4bac4744
4bade888
4baed784
4bafd9da
4bb0e9e9
4bb1ebcd
4bb2689f
4bb30e6d
4bb40b60
4bb56407
4bb6506d
4bb7b153
4bb8fb2a
4bb9acec
4bbaec6b
4bbbdd31
4bbc2ac8
4bbdd409
4bbefd2d
4bbf2b89
4bc0c8af
4bc129e8
4bc2f763
4bc3d8ed
4bc47dc9
4bc57dfe
4bc6ae24
4bc7f3e4
4bc86b4c
4bc959e0
4bca59b8
4bcbadab
4bcc516d
4bcd584e
4bceadf7
4bcf2d58
4bd03991
4bd1a27c
4bd2202c
4bd39e84
4bd4ce09
4bd57fed
4bd6fbb6
4bd7f098
4bd842a0
4bd9645b
4bdab689
4bdba5dd
4bdc74ed
4bdd4dc4
4bde1369
4bdfa845
4be064ba
4be1bc7e
4be2b032
4be316d2
4be4b20b
4be5ba45
4be6be41
4be79d6e
4be89613
4be9bf4a
4bea2236
4beba720
4bec24ad
4bedfd96
4bee62a3
4bef1729
4bf07d1f
4bf1a074
4bf20fe8
4bf34dd0
4bf4f8e2
4bf5b915
4bf697e1
4bf77539
4bf88fcf
4bf9787a
4bfa380b
4bfbdf06
4bfc0848
4bfde52f
4bfeeca6
4bffb714
4c00a5b5
4c011d9e
4c0290dd
4c036a1d
4c04e58b
4c055ea6
4c0619a1
4c073fc5
4c08867d
4c09e057
4c0a0395
4c0b4a81
4c0cfdcd
4c0d7db9
4c0e3b28
4c0fd1a8
4c106409
4c111199
4c12d07f
4c131164
4c142035
4c15c7b9
4c164fa5
4c17dde5
4c18fe15
4c19e58e
4c1af028
4c1bfbb5
4c1c9558
4c1d79a7
4c1edee1
4c1f2790
4c206a79
4c21323f
4c225689
4c23773e
4c246144
4c25b18a
4c26440c
4c27bc4e
4c28a8e4
4c297fa2
4c2a798e
4c2baa53
4c2c586b
4c2dbab8
4c2e00d3
4c2f9ecf
4c308641
4c31d47f
4c32e5d5
4c336b53
4c344aaa
4c3512be
4c36b0e1
4c37709e
4c38ff69
4c393e0d
4c3a440b
4c3babc8
4c3c1607
4c3d019b
4c3e502b
4c3fc1fe
4c40b206
4c414d79
4c42dba5
4c43dda0
4c44a1ee
4c450903
4c46ef3c
4c47f8ad
4c484a50
4c492a94
4c4a4ae8
4c4bc10e
4c4c7f53
4c4de339
4c4eb607
4c4f9797
4c505a2b
4c51eda9
4c52134b
4c5318ad
4c54e9e5
4c55bf52
4c566afb
4c574fea
4c580a1f
4c599a98
4c5a4a55
4c5b75c5
4c5cac8a
4c5d1de0
4c5e661b
4c5f5980
4c60dc1f
4c612e3c
4c620817
4c63269e
4c64bdce
4c657513
4c66fe0a
4c67cd47
4c689524
4c69f9e0
4c6a5778
4c6b8620
4c6ca01a
4c6dcdeb
4c6e8dcb
4c6ff2a0
4c7064df
4c715ce6
4c72cdb8
4c731278
4c744134
4c758460
4c76c612
4c777074
4c780592
4c793e90
4c7a4c8c
4c7b9338
4c7c84f4
4c7da012
4c7e874f
4c7f0398
4c80820e
4c813ba3
4c82fe9c
4c83af20
4c848e9e
4c854ca6
4c86e9ad
4c8788ca
4c8811d2
4c8958d4
4c8a144e
4c8bdfc2
4c8c0a4b
4c8dade8
4c8ecec0
4c8f827b
4c901741
4c9152d3
4c920fa4
4c93d0fb
4c94f3c3
4c955905
4c963fa0
4c97f2f2
4c98c1e7
4c9956bc
4c9ab0aa
4c9b11a1
4c9c0a01
4c9ddfe3
4c9e2ad5
4c9f7962
4ca0a1b4
4ca1ccf5
4ca2ac5f
4ca30531
4ca4e5e7
4ca56262
4ca6524c
4ca7ee0a
4ca8b1e7
4ca99a70
4caa040e
4cab6726
4cac8abc
4cad3b2d
4cae46a2
4caf2deb
4cb00c19
4cb11f6c
4cb2fdbb
4cb30fe4
4cb43b96
4cb5ea1e
4cb69b3a
4cb7deef
4cb86c2c
4cb9fc5d
4cba162f
4cbba810
4cbc9119
4cbdd67c
4cbeee77
4cbfbcf5
4cc0c3bf
4cc1f6c2
4cc2b1eb
4cc37cbd
4cc40496
4cc5898d
4cc62f5e
4cc7a719
4cc8d5d1
4cc9e1b0
4cca6e69
4ccbb5e2
4ccc5411
4ccd4b44
4ccea84d
4ccf060c
4cd02292
4cd1d52c
4cd2fa17
4cd35aef
4cd42fb8
4cd5321e
4cd68f1c
4cd7a71f
4cd88312
4cd9fc8f
4cdaf555
4cdb7abe
4cdc5566
4cdd792c
4cde374e
4cdf7c5b
4ce0a0ee
4ce11c23
4ce23d3f
4ce3cc09
4ce4ca21
4ce58980
4ce6e2c3
4ce77eef
4ce856d6
4ce98853
4cea9df7
4cebd261
4cecef6e
4ced4fd0
4ceede09
4cefb952
4cf09449
4cf18729
4cf2af99
4cf3dddf
4cf4d889
4cf52410
4cf679db
4cf7b301
4cf87769
4cf9ab09
4cfa1618
4cfb99b1
4cfc8576
4cfd090a
4cfef1d6
4cff3e60
4d00bdee
4d01aba8
4d0278e7
4d035d3d
4d0438c9
4d052425
4d06733f
4d0765d5
4d08e72d
4d095f75
4d0a30bb
4d0be11d
4d0c4812
4d0d3b8c
4d0eb683
4d0f4b36
4d106e7f
4d115381
4d1292cc
4d13164e
4d140919
4d152304
4d166a76
4d17083b
4d189f81
4d19b31c
4d1a0296
4d1b345a
4d1ca7ef
4d1dfb5c
4d1e8af0
4d1f901d
4d2051ec
4d214801
4d22c67e
4d23b9b6
4d241867
4d25df2c
4d26770d
4d27b7fb
4d28913a
4d295a19
4d2a5d23
4d2b117e
4d2c8340
4d2dde4e
4d2e9c33
4d2f3edf
4d307da9
4d31a7f9
4d32a720
4d33e566
4d34e9fa
4d35b201
4d368ab4
4d376c11
4d38c0d3
4d398ebb
4d3a0f02
4d3bf2bc
4d3c6d03
4d3de3fc
4d3e0c9e
4d3f1e93
4d402462
4d41afea
4d429c8b
4d43e0d5
4d4429f7
4d458064
4d46918e
4d473827
4d481010
4d499b50
4d4aa2c0
4d4b7942
4d4ca82c
4d4d600e
4d4e804e
4d4f00f3
4d50534f
4d51ba94
4d52513c
4d536547
4d544ada
4d55d918
4d5642c2
4d572d83
4d58b6b3
4d599962
4d5a9416
4d5bd22f
4d5c6a28
4d5dfba1
4d5e9584
4d5f2037
4d607abf
4d612cef
4d6237b0
4d631802
4d64adb5
4d658759
4d6681c7
4d677c7e
4d6819c8
4d69515d
4d6a4850
4d6b2d2e
4d6ca936
4d6d1e0e
4d6e6154
4d6fdc32
4d70af91
4d717b80
4d720a5e
4d731001
4d74522f
4d758ed9
4d7634a2
4d77493c
4d783d84
4d79e57a
4d7a1c4e
4d7bad77
4d7ca553
4d7d8cbe
4d7ec368
4d7f8519
4d806ffc
4d813d46
4d82ec33
4d8394c2
4d84d9a9
4d85fbee
4d86ffb7
4d87bc53
4d8851fb
4d896c89
4d8aba43
4d8ba37b
4d8c1f78
4d8dc41a
4d8e5aba
4d8fd28a
4d9023de
4d915d91
4d924aa9
4d935c5a
4d944825
4d95ca03
4d96918e
4d9726e2
4d98d93f
4d99cf36
4d9aeb16
4d9ba4f9
4d9c8311
4d9d5439
4d9e15c7
4d9fda9f
4da0b019
4da1f357
4da271c2
4da3d584
4da4ca5a
4da5cb5e
4da6e432
4da75d7a
4da89b0b
4da985fb
4daa8ec6
4dab955a
4dac51f3
4dade8a3
4dae4ac2
4daf3c55
4db0cfdc
4db1337b
4db2ad1e
4db33387
4db49610
4db5f8cd
4db644bb
4db74a77
4db86a0b
4db9d5d0
4dbafffc
4dbb491a
4dbc49d0
4dbd3f57
4dbee760
4dbff9a4
4dc073ce
4dc13e12
4dc23bfe
4dc3a410
4dc4c8ed
4dc5da42
4dc6c683
4dc745e9
4dc815f0
4dc973e3
4dca098d
4dcb0cfb
4dcca2f6
4dcdeb13
4dce574b
4dcf35da
4dd04320
4dd14646
4dd2369c
4dd3b12b
4dd4534f
4dd51cc8
4dd67e99
4dd762d2
4dd8f010
4dd9190c
4dda1877
4ddb3251
4ddca736
4dddd697
4ddef46e
4ddf2560
4de06e33
4de1cb00
4de2b63f
4de35b85
4de4227d
4de5fcc1
4de6a824
4de70a81
4de8759e
4de90c36
4dea0bb7
4debd79e
4decd406
4ded121e
4deecd25
4defed8b
4df09811
4df167c3
4df2b55a
4df35491
4df40659
4df56808
4df67054
4df76386
4df87150
4df9720b
4dfa3ec0
4dfbd24d
4dfc6435
4dfd4bff
4dfe820f
4dff67ff
4e002d81
4e01b052
4e024710
4e031f36
4e046337
4e0566e8
4e065223
4e0759c8
4e08c329
4e09dd44
4e0a3239
4e0b86e7
4e0c1d80
4e0d5860
4e0ed74d
4e0f276f
4e10a9ba
4e11ee77
4e1298bf
4e138a9c
4e14f382
4e15e893
4e16026f
4e1702b1
4e182340
4e199f93
4e1a8c78
4e1b25fa
4e1c9787
4e1db6da
4e1eeb9f
4e1f00b1
4e2028f7
4e21fdc9
4e228daf
4e2306b9
4e2466de
4e254c10
4e26f8c4
4e278c9b
4e28aeb6
4e299277
4e2a1544
4e2b857c
4e2c3e58
4e2dbb52
4e2e5b4b
4e2fe6e5
4e30f762
4e31ca62
4e32a387
4e33c447
4e3484e5
4e3505f3
4e3648cf
4e3715d8
4e3881ff
4e3959e8
4e3a691d
4e3b0aad
4e3ca816
4e3d8e6f
4e3ebca6
4e3fcd78
4e4059ee
4e41c234
4e42ac27
4e4337db
4e447a5b
4e4569a2
4e46ab44
4e47b680
4e481908
4e49c0b1
4e4a9510
4e4b11c1
4e4c6b5c
4e4d3284
4e4eb8f6
4e4f54f5
4e50d0bf
4e51e6f0
4e52b0dd
4e53893b
4e54b3e8
4e551238
4e5650f8
4e576fcc
4e58868b
4e59fee2
4e5ae64f
4e5ba2b6
4e5c9019
4e5dd536
4e5e574b
4e5fa86a
4e609dd9
4e61dd51
4e625bc0
4e63655c
4e644d4f
4e653a97
4e66f4cc
4e67036d
4e68fde5
4e691bd3
4e6a52e8
4e6bcf38
4e6c7e19
4e6d1864
4e6e6dc1
4e6fd9bd
4e704f14
4e71ed1b
4e72d2bf
4e735cc9
4e74c734
4e75ef90
4e768015
4e776f1f
4e788aca
4e792e67
4e7ae6ab
4e7b19ba
4e7c2488
4e7d177d
4e7e48ba
4e7f3f65
4e809f70
4e81e1b4
4e820779
4e83a9d5
4e84cc48
4e857cfd
4e86987b
4e87a805
4e884f34
4e89e59d
4e8a0c94
4e8b8a6f
4e8c6b55
4e8d76a1
4e8e16fd
4e8f5bbe
4e90efa1
4e917f3b
4e92e467
4e9371d6
4e94d1af
4e95df38
4e96184b
4e9722a9
4e987a0a
4e997061
4e9addfa
4e9b836f
4e9ced0a
4e9d7e36
4e9eb11f
4e9fd35d
4ea048ff
4ea1b7c0
4ea21999
4ea35999
4ea48988
4ea53be9
4ea6c3a5
4ea70c27
4ea826f2
4ea90149
4eaa1a2b
4eab3faa
4eac8037
4ead7cf0
4eae6422
4eaff622
4eb0b4c0
4eb1a6ca
4eb2bb9b
4eb3bc9d
4eb49084
4eb5cde8
4eb6bbd8
4eb7eb8c
4eb8a288
4eb98c53
4eba151c
4ebb0c1a
4ebc5979
4ebdb9ac
4ebe3e94
4ebf393a
4ec05046
4ec19dea
4ec2441f
4ec3768e
4ec4f02d
4ec59a2b
4ec6fcea
4ec72b26
4ec8fcfb
4ec92d34
4eca436c
4ecbe7bb
4ecc052b
4ecd6947
4ecebac0
4ecf7aeb
4ed009f6
4ed102d7
4ed24ad5
4ed35ca2
4ed45cba
4ed50f55
4ed659c0
4ed77aae
4ed83380
4ed9ea30
4eda0834
4edb375c
4edcb5f0
4edd9c68
4ede5ed6
4edf1590
4ee01366
4ee1da3e
4ee2be9d
4ee321a4
4ee48023
4ee5c58a
4ee602cb
4ee7101c
4ee8b1a9
4ee92aea
4eea01af
4eeb0748
4eec4b18
4eed5e24
4eee0c68
4eefd450
4ef028ff
4ef18a35
4ef2c22f
4ef3fe7e
4ef42e17
4ef59f88
4ef69b80
4ef7402d
4ef8eb73
4ef9cef0
4efaa81f
4efbf6b7
4efc055a
4efdaba6
4efe52ef
4eff4f5f
4f00cabd
4f016ed1
4f02da06
4f03a97b
4f04cd48
4f056d14
4f06c7a8
4f07ddf9
4f089932
4f093f00
4f0ab015
4f0ba3ba
4f0ce933
4f0d958d
4f0ee243
4f0f7f0a
4f107d40
4f1182a5
4f124158
4f130a45
4f14b32b
4f15ef03
4f16bb1b
4f172369
4f18c8e6
4f19fd0d
4f1ab291
4f1b9a01
4f1c5e3f
4f1db921
4f1e4376
4f1f89e8
4f20451a
4f21db0d
4f229064
4f23341a
4f2458d3
4f25c42e
4f26c755
4f2792fe
4f282235
4f2915de
4f2ac726
4f2b4932
4f2cd1e5
4f2de221
4f2e5940
4f2f17f3
4f305a8c
4f314098
4f3287fb
4f33b802
4f34cb9e
4f354cb1
4f36e2eb
4f379455
4f3846f9
4f392395
4f3aa286
4f3b4a79
4f3cb16a
4f3dddeb
4f3eccc6
4f3fe621
4f406c12
4f417f89
4f425cfe
4f43a5b6
4f445cad
4f45b96b
4f46c4b5
4f47e3d4
4f48f1a5
4f49a385
4f4a67e9
4f4b0d06
4f4c6cd2
4f4de319
4f4e25bb
4f4f5e0f
4f50fe99
4f51aee1
4f524442
4f53fa58
4f545f46
4f55c056
4f566f4b
4f575e5a
4f582f53
4f59aa28
4f5abc7d
4f5bd6c5
4f5c84a6
4f5d2bb9
4f5ef1f0
4f5f3978
4f606e86
4f619cf3
4f628115
4f6308be
4f6447ac
4f655fe9
4f660d41
4f6720de
4f6848fd
4f69e9b6
4f6a97a4
4f6b0ae9
4f6c1d25
4f6d764b
4f6efba1
4f6fca27
4f70f3b0
4f71894a
4f721512
4f73e21d
4f74edd7
4f7518af
4f76bab9
4f779c73
4f782d93
4f79adf9
4f7a1b08
4f7b108b
4f7cf314
4f7d111c
4f7e5156
4f7f1400
4f803645
4f81b96d
4f829756
4f83b62b
4f843619
4f850474
4f86bb90
4f87d33e
4f88189f
4f895b45
4f8aee19
4f8b9bd6
4f8c879f
4f8d0eb5
4f8e8045
4f8f1420
4f900a02
4f919c2d
4f92d910
4f931dd8
4f945b85
4f9534e3
4f9663d9
4f97c023
4f980618
4f994ff3
4f9aa847
4f9bfa0d
4f9c2745
4f9d58dd
4f9ea6e7
4f9fc98d
4fa0101f
4fa1b875
4fa268a3
4fa3317f
4fa4f9e3
4fa5dbac
4fa65411
4fa71716
4fa88cee
4fa9dd33
4faa3190
4fab41ad
4facf109
4fad8b8a
4faecf03
4fafc59c
4fb0d81b
4fb1ea9a
4fb2a909
4fb388e6
4fb49c23
4fb562d1
4fb6b511
4fb77855
4fb86849
4fb9a1e9
4fba472e
4fbba37b
4fbc330d
4fbdb159
4fbe1368
4fbf8fd6
4fc07859
4fc170bf
4fc20877
4fc3abac
4fc4883c
4fc56c35
4fc6eea5
4fc71ba1
4fc8a184
4fc910ca
4fca391c
4fcb3548
4fcc2fcb
4fcd0429
4fce17a7
4fcfdb98
4fd05aa3
4fd1f1e3
4fd29bb9
4fd32b7f
4fd4f0a5
4fd59ed1
4fd6a4b5
4fd794af
4fd8da09
4fd9926e
4fdad9ff
4fdb3c3a
4fdc2019
4fdde0d3
4fde67d3
4fdf15d1
4fe0900e
4fe1d2f2
4fe2b936
4fe3c266
4fe4a29b
4fe5f6b1
4fe60b1f
4fe7f577
4fe869bb
4fe9ad1d
4fea4c40
4feb08f2
4fec2a02
4fed187c
4fee367d
4fef23a1
4ff019c3
4ff1053b
4ff2f105
4ff3074d
4ff45577
4ff58dea
4ff6cc27
4ff7533b
4ff8467e
4ff96a12
4ffa3c0c
4ffb4af9
4ffc8c73
4ffd5be7
4ffe45b2
4fff95c6
50001f0f
5001afe4
5002716b
5003c787
5004d97e
5005ee8c
50065bfe
5007799e
5008e01f
5009df1a
500ad7a1
500b13d9
500cb549
500d9b1d
500e9975
500fd771
5010a023
5011a7ac
5012321d
5013c906
50147f52
501500a5
50169d62
50173792
5018fdae
50190916
501a3d8b
501beccc
501c3d0f
501dd8b5
501eef40
501f8690
5020c297
5021af1a
50228b78
5023c7cf
5024bfef
5025ee82
5026c8f1
5027af5c
5028c95a
5029e9a8
502a3eed
502b4482
502c08ab
502d18cc
502e7a7e
502f419e
50302cdf
5031c24a
5032554a
5033a9e2
50348ea9
5035012a
50369b03
5037811d
50383186
503912a0
503ac542
503bab78
503caf60
503d505c
503eb957
503f7155
5040d272
5041bff5
504238cb
5043a341
5044ed0d
50452c34
50469363
5047d870
5048ce94
50499fc1
504a620f
504b35c6
504c4720
504db600
504e3823
504f8d12
5050ee4a
5051da77
5052617f
50532ae7
5054f7e8
5055e87c
5056ee62
50573e23
505837ed
5059c944
505add2a
505b6f39
505c7c64
505d242b
505e58fd
505fd0c6
50604f7f
506141a5
50628358
5063f1b1
5064f0b5
5065ee46
506664af
50677697
5068a591
5069a60d
506aa28f
506b9cb6
506c1e46
506d984a
506e656b
506f15a9
50708808
50714405
50723df6
5073f0fc
50740ce8
50752c09
5076bdd2
5077bec2
5078536c
50793c77
507aeccc
507bb99d
507c5776
507dfe18
507e67a4
507f318a
50806c8e
50816b48
508227e9
5083ae24
508413b1
50854dab
5086103d
5087e67a
50881876
5089fdad
508a1c6d
508bff38
508c2e4f
508d40b3
508ec293
508f0303
5090bfc1
5091dd80
5092eb8f
5093b246
50946a09
50950855
5096c5e9
5097cb2d
5098623b
5099c2f6
509adcd5
509bb259
509c164e
509d7eaa
509e1134
509fec3a
50a0dc15
50a157e3
50a2b58d
50a31709
50a40016
50a5e223
50a69d13
50a74b82
50a88a9c
50a9d062
50aa008e
50ab5b67
50ac7228
50adb68b
50ae4900
50af84e6
50b0ccbd
50b183cb
50b2b469
50b3b0a7
50b43c00
50b5bcc5
50b6483a
50b7c94a
50b8f2dd
50b9bb4c
50ba1fc9
50bb187c
50bc65c4
50bde5c1
50be7cb3
50bf0840
50c0bd18
50c19961
50c2c9bf
50c32848
50c47664
50c5fa38
50c61e3b
50c72557
50c8a028
50c9d1ac
50ca1fd2
50cb77ac
50ccf664
50cd5a44
50ce4065
50cf49ac
50d01151
50d1489e
50d211c4
50d3e7a0
50d41eb2
50d58f63
50d63a97
50d780ab
50d8eb59
50d96cb3
50da2dbe
50db4090
50dc8a4a
50ddb21c
50de2b8e
50df6915
50e0188c
50e1e2c7
50e222f6
50e3667e
50e48cda
50e53012
50e61f92
50e7c6ce
50e8036f
50e9b682
50eac52b
50ebc5ff
50ece00b
50edc2e1
50ee4bb8
50efe04c
50f0dba1
50f1a6fd
50f28dad
50f3e9a8
50f40953
50f587ab
50f655c5
50f7e454
50f87700
50f9d08c
50fa9172
50fb68bf
50fc1802
50fd2768
50fedb0c
50ff7a2b
51009508
5101ea18
510228b7
51031d1c
510463ee
5105a6a1
5106a437
5107ad6e
5108283c
51094f08
510a3468
510bee70
510c6e74
510d8211
510e4039
510ff9e6
5110f5e9
51119be7
5112a654
5113e963
51144d69
51153277
5116b37e
511773d1
51185b44
5119a90a
511adba9
511ba5ae
511c7457
511d11ef
511ef29d
511fd69e
5120a8fe
512101d7
5122a8ba
5123c33f
51242bb6
5125acbc
5126cbe8
51270887
5128c945
5129c3b8
512a3ff2
512b644e
512cbb51
512d4093
512e2d39
512ffd8f
5130e4cb
513167f2
5132fb57
5133c8a5
51349d40
5135339c
51361c6b
513761e1
51387f99
5139f836
513ac567
513b09c2
513c6e84
513d9888
513e2756
513f1973
51405635
5141078b
5142f314
5143c4f7
5144148b
5145f400
514656ea
5147d372
51488eeb
51498217
514a29e7
514be8db
514caa15
514d3df2
514ec967
514f0a49
5150c927
515125b0
5152b43b
51534d0a
51541ad4
5155d4b3
5156f75a
51572267
5158deee
5159ba9c
515ad2ff
515b61ff
515c2949
515ddffe
515eb7df
515f03ae
5160af5f
51613989
5162d5c6
516302ee
51644171
51659da7
5166cef6
5167ae36
51681997
5169535a
516aae05
516be07a
516c487c
516dc4de
516e761c
516f1b53
51707a69
5171fc9f
51720b8f
5173a430
5174fda2
51751898
517621b7
5177cf6a
51781c04
517976fa
517a8919
517bc645
517c5f56
517dfc67
517e0c43
517f9d6f
518008b7
5181d86e
5182d5a1
5183f177
51847092
5185c8c2
51861c5c
5187eb71
51888212
51896caf
518af9e5
518b487a
518c0b01
518d86e8
518e6adf
518f21c4
51900b5e
51917493
5192796c
5193d1f9
51942fd3
519589a0
5196adeb
5197dd70
5198f5c0
51997b27
519a138c
519bcddc
519cc1cd
519df8cf
519e3c67
519f7c05
51a0ba11
51a1fff5
51a28f09
51a360e4
51a4b2ae
51a54e2b
51a618ca
51a74922
51a8e878
51a98501
51aac62b
51aba99d
51ac5cde
51ad769c
51ae5b72
51af2933
51b0198f
51b17ea1
51b2223c
51b39abc
51b40a19
51b5353b
51b6a35f
51b7429d
51b8294d
51b9429c
51ba0f13
51bbdd4a
51bc50a9
51bd38d0
51be8650
51bfd2ff
51c03722
51c133a4
51c27b62
51c3db2d
51c41a13
51c52bba
51c68b25
51c75d46
51c8801c
51c92202
51caa3ea
51cbfc48
51cce09f
51cd2091
51ced431
51cf42f8
51d037ef
51d1bea5
51d27632
51d37ef1
51d457a0
51d5c7a3
51d6915f
51d75a37
51d81832
51d91564
51da8ed9
51db03ff
51dc11bd
51ddc0db
51dec0bb
51df6afe
51e0467b
51e15074
51e2d7dd
51e3b694
51e434ef
51e59f10
51e6a339
51e74043
51e8cdbe
51e98dfb
51ea2423
51eb2418
51ecafce
51ed3dc9
51ee397a
51ef9b1a
51f099cf
51f12d7f
51f2d246
51f36300
51f48469
51f5f5d8
51f63b51
51f7b991
51f8c712
51f94c69
51faf4ca
51fb3be5
51fccc69
51fd6f18
51fe9983
51ffcace
5200de7c
5201ee99
52024254
5203f5e0
52040407
520596c6
5206d209
5207c708
52082cae
5209ebab
520a9ac8
520bb476
520cac87
520d7912
520e81b2
520f3acd
52108a85
5211be31
5212818f
5213b4ad
521494a6
5215b445
52165411
521719b5
52182c3d
5219b2ec
521a2a22
521b7dd7
521cb187
521d48d3
521eff88
521f5578
52206510
5221bf93
5222a9fe
5223a6aa
52242606
52257868
5226b5ac
5227d5f6
52282d56
52290c2c
522a6bc3
522bc588
522c6815
522d1546
522e4530
522fe041
5230ea52
5231e785
5232ea58
5233736f
5234cad0
52351d0d
5236ed79
5237d881
5238facf
5239a4d8
523a77d8
523bc6e4
523c0fef
523d0b5f
523e9a88
523f68db
5240af12
5241ebcc
524244e3
52439628
5244bbc9
52452496
52463422
524796a1
52483b1a
5249b5ce
524afb6e
524bca58
524ceaf1
524db046
524ec071
524f711d
52505856
52518a02
5252c47b
52539026
5254ff9a
5255cb86
525652c7
5257217c
5258a427
52594245
525a439f
525bec1f
525c6d85
525db921
525e9ee5
525f3560
52606d76
5261d2bf
5262bf81
526361a1
5264a413
52650f73
5266cb41
52674de4
5268c860
5269cd28
526a18da
526b093c
526c2965
526d46cf
526e3f21
526fba89
52700f8e
5271b711
52729c34
52735b27
5274360b
527523c1
52767518
5277e3f3
527865b9
5279a12e
527a1615
527b00be
527ccf52
527d8174
527e8738
527f2e54
5280253c
52815c4d
52820db9
5283f54c
5284659b
528588de
52865383
5287a370
5288d6e8
52894f8f
528a0e86
528bc523
528cb25e
528dc9a4
528e358f
528f3caf
52901031
5291ec62
52925420
5293e74e
5294dc65
5295e145
52960e9f
52975795
5298651f
52997509
529a41ae
529b9800
529c66d2
529d9a51
529e91e6
529f8304
52a04d82
52a13366
52a2e7cb
52a3157b
52a44476
52a58ccf
52a674ad
52a7c2cb
52a87b6e
52a94637
52aa6c5b
52ab4ed2
52ac18ee
52ad7c69
52ae0005
52af86d3
52b08492
52b164d8
52b2fe5b
52b30f17
52b4b4b5
52b5274e
52b61613
52b7fe9d
52b833ec
52b9c0ff
52bac5bd
52bb4930
52bc31bd
52bd68e1
52bea703
52bf34a6
52c066a1
52c188f8
52c26e15
52c32993
52c47334
52c512f4
52c696e2
52c71e6f
52c8f011
52c91771
52cae1cd
52cb0fdf
52cc2a14
52cd153e
52ce7b22
52cf1d6b
52d0da94
52d13d41
52d241f8
52d3d690
52d43ef9
52d5c17c
52d6c2ca
52d7de84
52d844a9
52d9d60d
52da14a8
52db7a37
52dc84c3
52dd2490
52de3ff1
52df873d
52e03fb6
52e1d79b
52e2f85d
52e360d0
52e4c716
52e57855
52e6df78
52e71fed
52e88564
52e93e19
52ea6bd4
52ebcae2
52ecc507
52ed9bcb
52eee14a
52ef0394
52f0e8a8
52f16231
52f296c2
52f3be66
52f4d184
52f5d500
52f665a0
52f787aa
52f87cda
52f929eb
52fa91cc
52fb29e9
52fca1e2
52fd92f6
52fe2e85
52ff88a1
5300bcf9
530169c0
53023ffe
53036ba1
530408a8
53058e49
5306c54c
530762bf
53087f20
5309fa4f
530a0df1
530b7478
530c3770
530d59d7
530e78df
530f4ed3
5310b8e8
5311e8f0
5312873f
53132704
5314f94b
5315c7a6
531691ea
5317c876
5318c4b6
531967c4
531a8529
531bdbc6
531ce20c
531d9f13
531e001a
531f2b0c
53205812
53211186
5322fb49
53233571
5324743c
53259722
5326b0c0
53271af2
5328d5f4
5329b544
532a01a7
532b4817
532cf371
532d768a
532e50e1
532fb7ea
533030c5
533189e5
53321e43
5333d442
53344d8d
53352422
53363228
5337f626
53380061
5339f02c
533a3c56
533b7359
533cffcc
533d61c4
533e3d88
533f9114
5340f6cc
53415db9
53422936
5343e755
5344e890
534515e2
53467f66
5347aaed
53484952
53498374
534a7104
534b916d
534cd6c1
534dc168
534e890a
534fbe8e
5350f5ee
53516c44
5352baa3
5353e702
53548b3f
535571fe
53566b4f
5357cc31
5358ad4f
53590e24
535ad719
535b59d7
535ce44a
535daed2
535e3fdb
535fac89
53601ac4
53615f48
5362b39e
5363c44e
53646d74
5365b967
5366e367
53673cb0
5368550c
536925a1
536a5f06
536b7067
536c39f4
536d6a44
536ed91d
536fabf0
5370d070
5371a3e7
53722f6e
53736a5a
537414be
5375777d
53763421
5377faa6
5378dbcc
5379cbeb
537a3571
537be9f7
537cdeae
537d40bc
537e1165
537f18b3
5380ea7f
5381c41d
5382cde1
53830731
53849198
53856bc5
538657cd
5387983a
5388652d
53897969
538a1e31
538b7270
538cb6c4
538dacda
538e8702
538f045c
53901b08
5391ea6d
53920e50
539340ea
5394235e
53956e22
5396c34a
53972148
53983111
5399a961
539abdf1
539bce29
539c0ccf
539d4090
539eab93
539f73ec
53a07e7f
53a19a69
53a2f43d
53a36c58
53a4ea40
53a5a9ac
53a6c8f6
53a767fe
53a804cd
53a9aae0
53aa79f8
53abb194
53acfbb0
53adec0e
53ae93c1
53af08d2
53b0243b
53b1ec23
53b2763e
53b3d548
53b42558
53b528ae
53b6c98c
53b74a12
53b856e8
53b942ce
53bab0a2
53bbbf30
53bc235c
53bdf460
53be56ff
53bfa7b2
53c05019
53c142b2
53c206f6
53c3d74a
53c4a63c
53c51275
53c6a8e1
53c7f844
53c8850c
53c90b5d
53ca9eeb
53cb706f
53cc5463
53cd19c5
53ce0758
53cf3161
53d064ee
53d1e446
53d22acc
53d3931c
53d4dbab
53d58596
53d656b7
53d78512
53d86c43
53d9f677
53da6318
53db8f3b
53dc399c
53dd102e
53de7514
53dfa00e
53e0e1f0
53e14ec5
53e21e2c
53e306dd
53e424f9
53e581dc
53e6283d
53e7b5de
53e88487
53e938cd
53ea3bb7
53eb797d
53ec46b1
53edb7b6
53ee024f
53efa90b
53f0a288
53f1f9f4
53f21831
53f394c9
53f4e6ae
53f55a0e
53f68c3c
53f724ee
53f88568
53f965bb
53fac008
53fb568f
53fc1b3c
53fd8420
53fe1bc0
53ff154e
5400bf68
5401909a
54023ca1
5403364c
5404f07d
54053f77
5406b40a
540748fc
5408dd4d
54093f0a
540a251b
540b85c4
540ce3d0
540d7798
540e7150
540f647b
54104a8e
5411117c
5412e7cb
5413efb5
5414008e
541507aa
54168802
5417eb01
54189b16
54193ccb
541a8295
541b4134
541c9549
541df0e4
541e7bb1
541f7082
5420308c
5421775d
54226af1
54232e6b
542458e9
54255f61
542640ed
54277923
5428c549
54297a9d
542a48c8
542bead9
542c46ed
542deffe
542eb630
542fc5d6
5430e2f6
5431d348
5432d3f5
5433d309
5434a726
5435b490
5436df96
54374c3b
5438c7fe
54399646
543a778d
543bb1a4
543c0b98
543d6e06
543e3552
543f0b94
5440bdd3
544198f3
5442cc10
54435887
5444d495
5445b4ec
54469618
54470501
5448b883
5449836e
544a40b0
544b60c8
544c330d
544d9842
544e98f3
544f39e3
54509621
54514561
5452e23f
545383ad
545439b8
5455b679
54567cf6
54578eac
54589597
5459844d
545a3857
545ba4c4
545cc84b
545d6f1a
545e12d0
545f601f
5460dca1
5461f74c
5462ade1
5463d81c
5464ff08
54658161
5466c6b2
5467f23e
546881fa
5469dc4c
546a50de
546b0b4a
546c2829
546dea21
546e7fc1
546ff694
5470cc8c
547192e8
54727b16
5473984c
54742211
54753592
5476ed9c
54773d5d
547858c3
54799663
547a9dce
547b81b9
547c73f1
547dbaee
547e7d80
547fa7be
5480ef58
54816ce0
5482f811
5483a22c
5484033f
5485d13e
54861406
5487e254
5488d039
54896400
548a70a8
548bc392
548c2b6b
548d66e3
548e3fd9
548f88ab
54901635
54916a75
54927794
5493eb8c
549436f5
54953d37
54969bfe
549736b7
54989646
54990395
549aa75d
549b7af6
549c26f0
549d1566
549e68bd
549f5cfe
54a077ba
54a1c040
54a2af9d
54a3cf15
54a42806
54a5da59
54a697c4
54a77b48
54a8f01a
54a92be5
54aa0996
54ab4828
54ac2fd1
54ad900a
54ae9bc5
54afabc2
54b0525c
54b16175
54b2b4a0
54b3b716
54b43312
54b546d4
54b6b4aa
54b70b4a
54b8d9bd
54b9494f
54ba65d4
54bbf3d5
54bc3b30
54bdafd8
54bee4d6
54bf74db
54c021f2
54c1a1cd
54c23c1d
54c3790a
54c41b9d
54c544d8
54c6ed55
54c73b15
54c8f3b0
54c99711
54ca14b1
54cb5de8
54ccdb96
54cd9345
54cef6fb
54cfd9db
54d0a5ac
54d1118b
54d2faee
54d31f58
54d4e9bd
54d52a82
54d6e064
54d7d640
54d86569
54d9d40c
54da3974
54db7ce2
54dcebb2
54ddb85c
54de9f9b
54df81d9
54e0f3b8
54e1d97d
54e26673
54e38c6b
54e48178
54e5766f
54e6ee0e
54e79154
54e8c23e
54e97ea4
54ea2968
54eb9df8
54ec080c
54ed3217
54ee4e88
54ef05b0
54f0c786
54f1ea4b
54f2b235
54f376cc
54f4b32a
54f5bf5d
54f6de56
54f760bf
54f8dcea
54f9d1d7
54fac602
54fbc08a
54fc5a81
54fdd537
54fe9176
54ffc2a9
55000dc5
5501072f
55025024
55038193
5504666e
5505d8de
5506048c
5507de2b
550800a8
55099a41
550a9cef
550be442
550c58bb
550d9ada
550ef91b
550fae4c
5510d9db
55116126
5512467e
55131a21
55141ce6
5515c72d
5516949b
5517186e
5518717b
551903c6
551a11b7
551b6d7c
551c3459
551d577c
551e756a
551fe313
5520b4d6
552196df
5522a065
5523cda3
55248d9a
55252044
55266a37
55275e96
5528cf53
5529a85d
552a7bef
552bf2eb
552cd89d
552d32c9
552e8c3f
552f9b70
55306baf
553195a5
5532c967
5533c18d
55347449
55353c2d
553642d0
5537f705
5538056c
5539b738
553a062e
553b1041
553cfefe
553deaa4
553e7baa
553fcece
55405123
55418c0e
5542d5cd
5543a7be
554490b0
554564ba
55464c4b
5547010f
55486ee8
5549cf6e
554aa031
554b7d77
554c4267
554deb8c
554e506f
554fdc92
5550bd4f
5551203f
55524704
5553b81b
55545c79
55551226
55564114
5557c3b0
5558a9af
5559d7a1
555a4e21
555b7769
555c6a84
555d034e
555e8832
555f9fb9
5560ebed
55614934
5562e4b4
556371ad
5564fa6e
55659b41
55662569
5567ec56
556878f5
55690780
556a2d9f
556b4cdf
556cd0b9
556d5ffe
556e8eea
556f9c48
5570d3a3
557175b5
55729131
557382e3
55742759
557585e5
55767d15
55777e86
5578d760
5579703c
557a35c4
557b0c01
557c8846
557dc1da
557ed6e6
557ff054
55801ab9
558153ee
558274b4
5583872f
55846dde
55854000
55860ef8
558774e4
558824d7
558977fd
558a2b90
558b35f0
558c9a8f
558d7b9f
558eaed7
558f2307
55902d23
559127e1
55923a9e
55930443
55941952
5595c30c
5596b108
559783db
55988531
55994ba2
559ab344
559b4841
559c49e2
559ddd3f
559e58f3
559fed62
55a0f842
55a16ba0
55a29fdd
55a37602
55a4c902
55a50705
55a66d3a
55a71633
55a8be04
55a9be22
55aaab10
55ab65ed
55ac9c93
55ad5b6e
55aed324
55af7e3e
55b04748
55b1b98d
55b2af16
55b3d95e
55b44d27
55b5580c
55b67a31
55b7a90f
55b8d6fc
55b93106
55ba124c
55bb72f1
55bc1a25
55bd7c4c
55bed5b4
55bf9ea0
55c0ae0f
55c1cbb7
55c29f7f
55c376d9
55c42154
55c5fe66
55c659f0
55c7cdb7
55c8f1d0
55c92a04
55ca1379
55cb3f44
55ccdae0
55cdaa7c
55ce700a
55cf2100
55d01c71
55d185c8
55d2a10a
55d37dd4
55d4b63b
55d5cebc
55d68309
55d77ecc
55d8ce87
55d9a642
55da84a8
55dbd73b
55dce10f
55ddd2f0
55de94e1
55dfab50
55e0d153
55e10047
55e2a0c9
55e34f6a
55e42c35
55e571b0
55e62acb
55e74c3e
55e8ddc9
55e93e16
55eaddb6
55eb4d35
55ecf7ae
55eddb65
55ee086e
55ef8d6e
55f04c43
55f1925f
55f20565
55f30227
55f42e2c
55f5d916
55f6cab6
55f710d1
55f8b9bc
55f9683c
55fa4507
55fb11fd
55fc4216
55fdfd26
55fe7a0d
55ffcf95
560033a5
560107eb
560270dd
56039834
5604d6a8
56050e6b
56062f18
5607ee6d
5608d14a
56090047
560aff30
560bc256
560c2036
560dd7ab
560e33e2
560fb9ff
5610ac62
56113785
56122626
561386e3
56142c36
561588d2
5616c7a7
56176687
561838cd
5619bf64
561a4948
561b4eab
561cbe9b
561d89fc
561eaa05
561f8a0c
5620f9ad
562136b2
5622a0e4
5623b7e9
56248219
56254782
5626013c
5627d51f
5628b2c6
5629c252
562a1209
562b8416
562cdc78
562d2594
562eb795
562f1a8a
5630a2d0
563166e9
5632b4c2
5633e3bc
56347860
5635ba9c
5636293d
56376e66
5638a7b9
563910a5
563a5820
563bb1ba
563c2cff
563d3d36
563e8c7a
563fee1a
564095d5
5641e453
564230c0
5643cffa
5644bb14
56454947
56461e2b
5647da0b
56480311
5649689a
564ae02e
564b6747
564c6c23
564d8dda
564ea86f
564f4486
565092db
5651ff8c
56525dc2
565336d4
56541cd2
5655d64d
5656c97f
5657a039
565815d1
56599d71
565a1f2e
565b30ff
565cf092
565d5f50
565e3232
565f5ff8
5660ae25
5661941e
56628f5c
5663f796
5664efdc
5665c8dd
5666b856
56675baa
5668a570
56691c63
566aa5ee
566b0a14
566c3428
566d2b01
566e138c
566ffde2
56704be9
5671153b
56728d1f
567356e7
56744651
56757104
56764ae8
5677eeb0
56788734
56798666
567a076f
567b5ec7
567c67c6
567d489e
567e0c75
567f87e3
56806198
56813b82
56820fc6
56839dae
568455af
5685336d
568698c8
56878036
5688ae8b
5689bb37
568a43a1
568bafbe
568c37e5
568d4117
568ee29b
568f2c7d
5690eebc
56912df8
56920dde
569340ee
5694dc28
569577a5
5696925c
5697135b
56980f0e
56996b19
569a74be
569b3add
569cbf0c
569d071d
569e8d99
569f3b19
56a023b1
56a1f684
56a2e929
56a33f05
56a4a780
56a54de1
56a64151
56a72589
56a82731
56a9d97e
56aabc5e
56ab369d
56ac3d66
56ad0e78
56aec1d6
56af1239
56b09e95
56b1d555
56b24fa4
56b3113f
56b40711
56b584ff
56b62b56
56b78a3f
56b8540b
56b9e5f1
56bab00b
56bb8568
56bcedd1
56bdb823
56beb5be
56bf8c5a
56c0ac1d
56c13ee8
56c2d595
56c35649
56c48c86
56c551eb
56c60ba9
56c7f22c
56c8e564
56c9fd7a
56caaeba
56cb6cd5
56cc495c
56cd6250
56ce2c85
56cf9549
56d008b3
56d1f956
56d210cc
56d377f8
56d4ef08
56d58671
56d67abb
56d7cb25
56d86378
56d96482
56dab338
56dbca68
56dc337b
56ddf91e
56de6a34
56dfd079
56e086ff
56e1c671
56e2aede
56e3b293
56e4cafc
56e57f5f
56e66370
56e7e8c2
56e82912
56e9cb29
56ea61c7
56eb609a
56ec7d61
56ed6bb7
56ee9b72
56ef2f0d
56f0fffa
56f1462a
56f20036
56f329d4
56f432d1
56f5d156
56f65093
56f769c6
56f852cc
56f931b8
56faf554
56fb9c7c
56fc9ee3
56fd0596
56fe29a6
56ffce20
57000679
570157d5
5702d61b
570320e0
5704ad86
570554a0
5706b42f
570764ad
57082458
57095f60
570ae778
570b7297
570ce8a9
570d48cc
570efd8a
570f6578
5710c0e2
57112c36
5712a901
57135e14
57142f2f
5715c3ea
5716d951
57170076
57186d2e
5719b652
571ac0d4
571b3d96
571c62cc
571de468
571e8d36
571f95c0
57204092
5721853c
5722977b
5723ab47
57249afa
57259aa9
57265a68
57279a0c
57282448
57299044
572aec00
572b3919
572c95aa
572d239a
572e4f75
572fb06e
57309518
5731e8a2
573216e8
57332f94
5734b5ee
5735577a
57366e60
5737a5b6
57388a54
5739bdb0
573ab39e
573ba8d3
573c73e9
573dae11
573eb080
573f4993
5740d97d
5741ad6b
5742115e
5743a67d
5744a7a2
57456e00
574656a3
574702b5
574852c3
57496a8b
574a7d82
574b56c6
574cb9b5
574d547e
574e4562
574f58e5
5750d2ef
5751bc63
57525fd9
5753cf42
57545974
575568a2
5756725f
57579ce4
575805eb
57599140
575a8a7c
575bb599
575c4088
575d0b15
575e1fe6
575fdb55
57609dc1
5761cf95
5762fba4
57638e24
576405c1
57652366
5766a50e
57674b7f
57685ee3
57699afc
576ae487
576b2ad1
576c8446
576d46c8
576eef33
576fb4c4
57701612
577137bb
57728a52
5773d943
5774c7ff
5775f11b
5776f4ac
57774f6d
5778e6da
5779ec39
577ad29b
577b9bf2
577c502b
577d1a38
577e8652
577f8692
578058bb
5781662b
57823152
57831315
57848e85
5785f35a
5786788a
5787e448
57882c34
5789379c
578aec94
578b288f
578cf0c3
578d3f0a
578ea8ac
578f42d5
57906621
5791f0a7
5792b360
57939b8a
57949bec
5795de6f
5796d8ae
57977ea2
57985e57
57998222
579acc60
579b54c8
579cf46b
579db85b
579e5dcb
579f9806
57a0f8d0
57a1bd5d
57a27faf
57a343bf
57a49efc
57a5a3f1
57a6f477
57a7cfdc
57a8fbf7
57a9f6a7
57aa6b36
57ab699b
57ac71b6
57adf552
57aebc65
57af203c
57b034a9
57b1279d
57b28a9a
57b3598e
57b4dbd1
57b5fcf8
57b69461
57b762e6
57b82823
57b958c5
57ba4b71
57bb4171
57bc315c
57bddd39
57be1c74
57bf4912
57c01ddd
57c14391
57c2c1f6
57c34b6a
57c4f4c0
57c5fbb3
57c6469d
57c70ac5
57c875e8
57c970aa
57ca949f
57cbe90d
57ccfda8
57cd9894
57cebbb4
57cf7ef0
57d0f5fa
57d1f55f
57d27c75
57d345bd
57d4e28d
57d518c1
57d60803
57d717ce
57d81efc
57d9b0a8
57dafda7
57db8e09
57dcbd2d
57dd01b1
57def132
57df03da
57e02774
57e13945
57e21963
57e3c3a2
57e45dd8
57e5b86a
57e6f305
57e753d0
57e8f97a
57e95262
57eae62b
57eba14f
57ec1d08
57ed9a94
57ee0bbe
57efcfc3
57f08933
57f17a03
57f27e56
57f39fd0
57f4b1d0
57f5e3aa
57f68554
57f7c70a
57f85132
57f9595f
57fa3513
57fb56f6
57fc1595
57fd5c3a
57fecc84
57ff73c3
5800ba9d
580135f7
58028f92
5803033b
5804f9a8
580527a2
5806d1e9
58079b11
58084cd0
5809b2e7
580aedfd
580b24f6
580c9b21
580d9ea4
580eb244
580f7886
5810a9af
5811b147
58121372
5813dad2
5814581c
58152293
581602ff
58170216
581825ca
5819a722
581a9133
581bf9c7
581c2add
581da349
581eb328
581f78b0
5820e091
5821b18d
5822cfaa
5823ac99
58246b0d
582513f5
58266f9b
5827b166
58284f4d
58299869
582a7076
582b29c3
582c0eb1
582d6545
582ee083
582f1060
5830770b
58316877
5832fe41
58334378
583499ee
58353de1
5836fc12
58373099
58385ab7
583903ca
583a07dd
583b1b3b
583c30dd
583d4590
583e217c
583f353d
58406d7f
5841c369
5842a53c
58437a94
5844a43f
58458988
584639f0
5847706a
58487ca6
58493daa
584a8f22
584b37b3
584c8a30
584d7238
584eedfa
584f14f1
58506c3e
585171ba
58526b34
5853835b
58542110
58558d9e
585616fa
58572ca6
5858bdce
58596fce
585abf7b
585b70b9
585c84cd
585d42b9
585e3054
585fde86
5860aa9e
586105e4
5862668b
5863b99c
5864828e
5865ed33
58668435
5867b510
5868dc57
58696424
586a8211
586bf807
586ccf68
586d6a13
586e8e43
586fc113
587081e1
587188d5
5872c5bf
587354ec
5874782b
58757a01
5876e140
5877d5d9
587848eb
58799983
587aa7cb
587b4b94
587cbf02
587dc174
587ee877
587f4101
588039cf
58815339
5882c75c
588379ed
588467b1
58859321
5886ed2a
58875ab2
5888db2c
58898e57
588a2c8e
588b2e60
588c631f
588dd284
588e6aaf
588f4ede
58903d6d
5891de4d
58921397
5893d30f
58947736
5895a13d
58969691
5897ef6e
5898cb4d
58995a53
589acd0b
589bab07
589c0fb7
589dbf52
589e2865
589f996c
58a01863
58a1101c
58a2056a
58a3b7d6
58a4753b
58a57c6d
58a62b9e
58a7f0ac
58a83f59
58a9e29b
58aadecb
58ab1931
58ac15ab
58adfdbc
58ae86e2
58afb21c
58b0b1f5
58b198e2
58b235f0
58b35a93
58b419cd
58b58667
58b6fa2c
58b75e94
58b8bdb4
58b94c42
58ba018e
58bb51c8
58bccd80
58bdb25b
58be4ece
58bf645c
58c04b35
58c120a0
58c2f1e8
58c308b5
58c49e18
58c57924
58c67a31
58c73bfc
58c85086
58c9827c
58caff4b
58cbda4e
58cc0d01
58cda692
58ce76e0
58cf8c4e
58d0cc0d
58d10c1a
58d2b9d6
58d3a577
58d4b65b
58d5534b
58d686fb
58d72a25
58d8b80b
58d9cf45
58dada25
58db82e8
58dcb7b2
58dd8ff4
58de1a29
58df02cf
58e0fbcb
58e140aa
58e28a25
58e37d11
58e45023
58e5ee3d
58e655c8
58e7d1d9
58e869c1
58e936b0
58eab9f1
58eb297c
58ec85fa
58edf0fe
58eed545
58ef49f6
58f079dc
58f1a8f8
58f2a6fc
58f313c3
58f4831e
58f53662
58f6ed32
58f7ee14
58f867a2
58f92ed9
58fa5c5d
58fb587e
58fc4e5c
58fd4118
58feec6c
58ff11d0
5900872a
5901a5fe
5902f98d
59033ace
590493d3
59053cc6
5906cf5a
5907f64b
5908ffbf
59090afc
590a5feb
590b9a7c
590cf9af
590d00f2
590e1ded
590f42a8
59105523
59110b84
591256bc
59138945
591411ab
59154f81
5916abb1
59175403
5918a9dd
5919bfaf
591a2314
591beb31
591cbe63
591d8d3c
591ee3dc
591f8808
59208fdb
5921c2e8
59223144
5923f13d
59248022
59257026
5926cec7
592757d0
592887c9
59299784
592ac270
592ba914
592c8373
592d9ca2
592eca63
592f1009
5930f4ce
5931e404
5932c35b
593388b6
5934c627
59359bfc
593607ee
593785a0
59381d44
59392932
593af1b0
593b5588
593ca128
593dd5d9
593e1746
593f9648
5940ac45
5941ed31
59428886
59431c5d
59444873
59457e96
5946f189
59476a2a
594839c8
59490df0
594a51f7
594bd5d5
594c45d8
594d8ce9
594e5a0b
594f5f62
59501fbb
59517f97
5952000b
5953f2b4
5954c7e4
5955e2d6
59562070
5957ebd7
5958a889
5959f27c
595a41d4
595ba45c
595c3fdb
595df24d
595e28d5
595f1127
5960a861
59610854
59625a44
59638599
5964b459
596594c9
5966ed2e
5967180f
59687a3c
5969407c
596ad00c
596ba4cb
596c2e4c
596df460
596e2869
596f4215
5970846a
5971ae13
5972c9e9
5973cc4e
59745042
59759531
59763ab8
5977e8de
59781275
5979a144
597adaaf
597be148
597c1feb
597d141c
597e6202
597f8163
598019a9
598162f9
5982ae84
598396a0
59849e5c
5985367c
5986d526
5987953b
5988384b
5989dd73
598a2307
598b1b79
598c6afc
598d2ff0
598e2559
598f8bae
5990d519
5991dee8
59927a24
5993f450
5994adb6
5995edc2
59966946
5997e53c
5998e27a
59997b30
599a2c7e
599b7cad
599cbb34
599d1de1
599eeaf9
599f1554
59a0d747
59a1f621
59a28d9d
59a38845
59a4657f
59a51ba5
59a65c4c
59a715b0
59a804df
59a9ced3
59aabe0a
59abd374
59acd8be
59ad4b82
59ae137a
59af30cf
59b00ce3
59b1c524
59b292a5
59b3f2ed
59b43ba6
59b5b3f5
59b6ea8b
59b7ee09
59b88c17
59b9f2dd
59ba2276
59bb53a8
59bc2500
59bd214a
59bea257
59bf3d6c
59c07939
59c1d4a2
59c229c7
59c3c4d3
59c44d46
59c55f49
59c67e96
59c7d96c
59c85624
59c91cba
59ca07c4
59cb0406
59ccc14b
59cd8049
59ce13cd
59cf1b1d
59d066c7
59d10b2f
59d28951
59d3b303
59d468c6
59d59a92
59d67513
59d71912
59d84bdd
59d9e33a
59da522e
59db6e9a
59dc3587
59dd9a43
59deb1b9
59dfba0c
59e070d2
59e14420
59e2e310
59e30f35
59e48e9d
59e5ca59
59e60670
59e77655
59e82f37
59e9ba5b
59eac4fb
59eb86f5
59ec1367
59ede327
59ee14cb
59efa1f7
59f09268
59f16f5a
59f2a63c
59f31331
59f41042
59f5f948
59f6edf9
59f7c571
59f8776b
59f9dcaa
59fa5887
59fb5fc7
59fc5d03
59fd1b27
59fe6c7f
59fff92f
5a00552e
5a01f2ae
5a0244ea
5a03596f
5a042121
5a05bb23
5a067150
5a073a30
5a0850fc
5a0939ab
5a0a6674
5a0bdd07
5a0ccd5c
5a0de0b6
5a0e59d8
5a0f4905
5a109b50
5a117ca8
5a129f3f
5a13d342
5a14c474
5a15b66e
5a168b08
5a173f72
5a18f1e4
5a19c65b
5a1a4ac4
5a1bfadc
5a1caa02
5a1d8c5f
5a1e48e4
5a1f964e
5a20765c
5a21a539
5a22847d
5a23e940
5a24a6fd
5a250525
5a26c22d
5a27cc45
5a2815ed
5a29b51f
5a2a0860
5a2bca18
5a2c3fad
5a2d3c79
5a2e16aa
5a2f9515
5a30daa3
5a313d9d
5a32fb1b
5a335247
5a3404f1
5a356621
5a364d04
5a37da66
5a38b994
5a3977bc
5a3a82f8
5a3b14ae
5a3c0f84
5a3dca4a
5a3e257f
5a3fbbb7
5a40c988
5a411468
5a42d79f
5a437041
5a4484ec
5a45e588
5a46fa13
5a471528
5a48cef3
5a49dbb0
5a4a8cab
5a4bbc46
5a4cc8c4
5a4d01dc
5a4efab8
5a4f4333
5a501483
5a512c90
5a524d94
5a5362e1
5a540797
5a55393a
5a56de72
5a577fb4
5a58b54e
5a5911a8
5a5ae35d
5a5bdd54
5a5c66d3
5a5d57f0
5a5effa2
5a5fedd6
5a602b7a
5a61b268
5a62ec34
5a6322c3
5a64eedf
5a655aa4
5a66aa94
5a67f5da
5a6837b8
5a69d80c
5a6ada6e
5a6bed5a
5a6cab60
5a6d7884
5a6e2f7a
5a6f4d4a
5a7061a4
5a718964
5a72d985
5a73aed4
5a744bc2
5a754f18
5a766b71
5a7717ec
5a7815e9
5a79830f
5a7a91e2
5a7b63bb
5a7c73c1
5a7d1094
5a7e91c6
5a7f76d1
5a80f771
5a8167f9
5a82703c
5a83ea65
5a846560
5a857367
5a86d825
5a873836
5a88c5b5
5a891deb
5a8a64ec
5a8b1663
5a8c122a
5a8dd84d
5a8e0c3b
5a8f2990
5a90826d
5a911ef3
5a928668
5a9311d2
5a941fe5
5a9531e4
5a96cf62
5a974244
5a982f85
5a99e14d
5a9acf00
5a9b8a90
5a9c7076
5a9d4536
5a9e6542
5a9f99b2
5aa0d26c
5aa14d7c
5aa25e64
5aa3fb70
5aa467c0
5aa54b0f
5aa61ca6
5aa76b92
5aa86107
5aa90aba
5aaa5cb4
5aab20cc
5aac91a4
5aad70a9
5aaee395
5aaf540e
5ab027d9
5ab115d0
5ab2f4a4
5ab36a33
5ab455da
5ab5cae1
5ab61ecc
5ab7b101
5ab84dbc
5ab9bc08
5aba3a59
5abb0036
5abc5570
5abd84cf
5abead46
5abfdeae
5ac0d676
5ac1a9c7
5ac235e4
5ac33e2b
5ac437ff
5ac549e9
5ac68bfd
5ac781b2
5ac8a57c
5ac91ec6
5aca0f09
5acb0b9a
5acc61e4
5acd324e
5ace00b7
5acfc87e
5ad0722a
5ad14063
5ad2cb6f
5ad34703
5ad417fd
5ad5d6c6
5ad6415f
5ad74f73
5ad8fbfe
5ad92a6b
5ada5ee8
5adb1d5d
5adc4bb7
5addc8ff
5adee467
5adfdba7
5ae0ab09
5ae10d3f
5ae29e83
5ae3e49a
5ae4dfc7
5ae541dd
5ae689c4
5ae769c5
5ae8bd48
5ae98c90
5aea1325
5aeb8927
5aec322f
5aed9018
5aeebc62
5aef8732
5af0839d
5af14a24
5af2466b
5af3f155
5af45796
5af5c9e3
5af6b25a
5af74c89
5af88c03
5af9fcfb
5afacdd6
5afb8f8e
5afcfd40
5afd8948
5afe3ecb
5affc6ea
5b00b8ce
5b0106c0
5b027f2a
5b03b95d
5b04f8f7
5b053fd1
5b060b44
5b070f1f
5b080b5b
5b098a73
5b0ac840
5b0b795e
5b0c306a
5b0d44e5
5b0e341f
5b0f7a11
5b106af6
5b11684c
5b124f52
5b139943
5b146a01
5b15e70e
5b164364
5b17e682
5b18e2e3
5b196b61
5b1aadaa
5b1bb4a6
5b1cbed3
5b1da1b1
5b1e6a6e
5b1fc037
5b20cfa3
5b215fd3
5b2237bb
5b230268
5b24be35
5b252450
5b26da04
5b273839
5b281920
5b29f8df
5b2ae6da
5b2b8ed4
5b2cfb4c
5b2d2b49
5b2efac1
5b2f41bf
5b303e34
5b31f23b
5b32a6b4
5b3368cb
5b344d26
5b3500a6
5b36452d
5b3771c8
5b386ae8
5b390a1a
5b3aaf04
5b3bd472
5b3c31be
5b3d221c
5b3ea9bb
5b3f7ac0
5b401710
5b41e8cd
5b42f345
5b431575
5b445cb0
5b4594f3
5b46a77f
5b471b2f
5b481abc
5b499a60
5b4af4aa
5b4b8dd3
5b4c2b56
5b4dbf70
5b4ee44f
5b4f9b57
5b507235
5b51816c
5b522f32
5b5368e2
5b54e35c
5b55765c
5b56e44a
5b57cf68
5b587396
5b5963c5
5b5a03e0
5b5bf37c
5b5c26c3
5b5d7989
5b5e1c3a
5b5fc9c5
5b600c28
5b617ca5
5b624b6b
5b633488
5b64fd66
5b6529be
5b66170e
5b67b58f
5b681c58
5b694595
5b6a46be
5b6b5f43
5b6c3398
5b6dbfa7
5b6e2acb
5b6f047c
5b70bd1a
5b715033
5b72f949
5b731f05
5b748c0a
5b75581f
5b7689e6
5b77b737
5b78f3a9
5b79dee8
5b7a7f98
5b7b029b
5b7ce834
5b7d59e7
5b7e1c3b
5b7fd724
5b804624
5b81a996
5b82d9d6
5b83d332
5b847f4a
5b85208b
5b86928c
5b876581
5b88d127
5b89c766
5b8ac73b
5b8bbc05
5b8c9acb
5b8ded8a
5b8e8aaa
5b8f3822
5b90beda
5b91000e
5b92fafa
5b9383ef
5b94f15c
5b952e6f
5b965702
5b97b2b8
5b986ae8
5b9906d0
5b9a68d1
5b9b8bee
5b9ce9ac
5b9df615
5b9e318d
5b9f9f65
5ba02fbd
5ba1cf18
5ba22a8c
5ba34cf4
5ba42d8d
5ba55895
5ba66ace
5ba7812c
5ba89428
5ba91336
5baa9b35
5babefdc
5bac221b
5bad66b3
5bae8957
5baf625c
5bb0e65d
5bb1748c
5bb2d5ea
5bb39a16
5bb41b8e
5bb511ee
5bb61c4c
5bb74a4a
5bb8f6fa
5bb913d8
5bbab7fe
5bbb80db
5bbc67a6
5bbd5910
5bbe0fda
5bbfb0bb
5bc038d5
5bc15d23
5bc24439
5bc337cd
5bc40b68
5bc55662
5bc6ac2e
5bc70182
5bc851e1
5bc9ccf1
5bca68ce
5bcb619a
5bcc4064
5bcd50aa
5bce2ec6
5bcf1aea
5bd0503d
5bd1e672
5bd2cc67
5bd38980
5bd4e714
5bd5e266
5bd67196
5bd70fdc
5bd8be2b
5bd9670c
5bdad1a9
5bdb2ca2
5bdc7b6d
5bdd9fee
5bde1169
5bdf25a8
5be001cb
5be1b145
5be29a37
5be3c94a
5be42988
5be5c08a
5be68bbf
5be7a60e
5be80c7a
5be9b77f
5bea67ae
5beb4f6e
5becb91d
5bed5a11
5bee3f58
5beff05a
5bf07653
5bf1440e
5bf2813c
5bf394c7
5bf473cc
5bf5e0a6
5bf68393
5bf7ac07
5bf8b568
5bf90893
5bfaa3d8
5bfb8b52
5bfc7b0a
5bfdea6c
5bfed31a
5bff0c9a
5c000200
5c012ed8
5c02a8e1
5c03a415
5c0414f3
5c0538cc
5c068280
5c07fd99
5c08775a
5c097893
5c0a054d
5c0b3ee7
5c0c95ef
5c0dec75
5c0e4209
5c0f51a1
5c107314
5c11a3fa
5c12cdbb
5c139565
5c1408be
5c1537a4
5c163048
5c17f904
5c1890cb
5c199e30
5c1a4bb2
5c1b4d53
5c1c9331
5c1d8ca6
5c1ecfe8
5c1f186a
5c208d22
5c21eb27
5c2280e6
5c232d46
5c244691
5c2587b4
5c265b3c
5c27d678
5c28caf8
5c29bb97
5c2a342e
5c2b6493
5c2cc8c7
5c2d8e91
5c2ed51e
5c2f19ae
5c307f84
5c3180ce
5c32bd8f
5c334207
5c348b1a
5c354b08
5c36e056
5c37992c
5c381585
5c394812
5c3a887a
5c3b5bbb
5c3ced6f
5c3dc973
5c3ebd61
5c3f9b03
5c409c9e
5c41a929
5c42c087
5c43ddd7
5c444e1f
5c451b39
5c46aaed
5c472de6
5c483256
5c49bfb5
5c4a670e
5c4b431a
5c4c896d
5c4df825
5c4e92a9
5c4ff125
5c507214
5c51307c
5c523fad
5c531309
5c54a18f
5c55ea68
5c56cd6e
5c573e50
5c5838c4
5c5937fa
5c5a5736
5c5bcbb5
5c5ce93e
5c5ddc23
5c5e1183
5c5f1f46
5c600065
5c6149da
5c6239ca
5c6322cc
5c641a20
5c65b42c
5c665fb8
5c67c57a
5c68a4f2
5c69c4bf
5c6a97b2
5c6b88c0
5c6cdb4d
5c6d6b62
5c6e7fd1
5c6f364c
5c70ca1f
5c714266
5c722acf
5c73eb74
5c74ed37
5c75cf42
5c764372
5c776a88
5c78050c
5c796efa
5c7adf60
5c7bc9ee
5c7c448d
5c7d0632
5c7e75ab
5c7f0f9d
5c80f9ec
5c81a531
5c82f7fe
5c8328e5
5c845fc3
5c85d35e
5c8689eb
5c870e80
5c88e0b7
5c895a0d
5c8af460
5c8b3564
5c8cafb4
5c8d954f
5c8e9c09
5c8f55aa
5c901de8
5c91ece6
5c9236be
5c93cc66
5c9473b1
5c95b7cf
5c961784
5c972f18
5c9848e1
5c996b24
5c9a78c1
5c9bcf29
5c9c816e
5c9dbe98
5c9e23bf
5c9fada0
5ca02473
5ca1b712
5ca2a77e
5ca3a02f
5ca413d7
5ca53cc4
5ca6c7ae
5ca778f5
5ca817c2
5ca9d2aa
5caa1ef4
5cabb283
5cacb06f
5cad59fc
5cae75e7
5caf0f1c
5cb0840c
5cb1fe63
5cb2e6ab
5cb3df31
5cb4782a
5cb5c66e
5cb6475e
5cb76d8a
5cb801d3
5cb9dc1b
5cbab4b8
5cbbd1b8
5cbcd115
5cbdada4
5cbe5c71
5cbf8004
5cc0e510
5cc1f53a
5cc26f72
5cc38825
5cc4a959
5cc5cc7d
5cc685ff
5cc792f3
5cc8bc72
5cc96a93
5ccadd90
5ccb26d7
5ccc5608
5ccd42b8
5ccef7d5
5ccf9ca6
5cd0f001
5cd125d9
5cd27a71
5cd3157d
5cd46a05
5cd56fc0
5cd6415e
5cd7f0f2
5cd81db1
5cd990fb
5cdab8d8
5cdbfd62
5cdcbc1f
5cdd474c
5cde7e72
5cdf5bf7
5ce08244
5ce17dfd
5ce27f53
5ce304fe
5ce4cd48
5ce5b9a9
5ce641ed
5ce75b5e
5ce8dcc0
5ce94489
5ceab909
5ceb32dc
5cec3283
5ceddf65
5ceec559
5cef65a7
5cf0edf1
5cf11a8f
5cf2c964
5cf359f2
5cf46ce3
5cf5ad55
5cf6d77b
5cf7c72c
5cf87e98
5cf905af
5cfa0a1e
5cfb3e49
5cfcfe2d
5cfdc84b
5cfea47e
5cff351e
5d0062d6
5d016536
5d023a85
5d03dfde
5d04ecee
5d0579bf
5d068553
5d070d25
5d089d0a
5d098f1c
5d0a5271
5d0bb0ce
5d0c7218
5d0de263
5d0ee740
5d0f5197
5d102ad5
5d1170ba
5d12925b
5d13bf3a
5d14c97e
5d15a525
5d1666fb
5d178184
5d1802cb
5d19853b
5d1aa94e
5d1b7eec
5d1cc49b
5d1d7267
5d1e085a
5d1fd51a
5d20d4e4
5d21048d
5d22c9a9
5d23de74
5d2495b3
5d258f72
5d26d115
5d27dbf5
5d281eeb
5d293d5a
5d2aada9
5d2ba797
5d2ce3e0
5d2d77bd
5d2e5e33
5d2f18d1
5d30d213
5d31df91
5d323a24
5d33968d
5d34779e
5d350f4f
5d36d590
5d375ed5
5d388d41
5d395257
5d3a3f17
5d3b7050
5d3cc53a
5d3d8269
5d3e5a77
5d3f1b6a
5d40ff5c
5d419fd2
5d42cdc8
5d4339b4
5d4492b2
5d456ca4
5d46de67
5d47bfa7
5d4869dc
5d493664
5d4a099d
5d4b2e3d
5d4c7e0f
5d4d5ce0
5d4ec567
5d4fe0eb
5d5008c2
5d512fe8
5d528de4
5d53956f
5d546776
5d558f58
5d565c42
5d570acd
5d58fbbd
5d596ae3
5d5a4161
5d5b170d
5d5c7968
5d5db8ed
5d5e6371
5d5facc8
5d6098cf
5d61f962
5d62c5c6
5d639d3c
5d641429
5d657441
5d66b3d7
5d6765c1
5d6879bf
5d6986eb
5d6acc48
5d6b9dbe
5d6cfae0
5d6dc5f1
5d6e8c0c
5d6feb05
5d705d61
5d712478
5d7212bf
5d7359d0
5d74bd65
5d759c3f
5d76356b
5d77d976
5d78a8fc
5d798d46
5d7ad2d0
5d7b6077
5d7c5f2f
5d7da797
5d7efccc
5d7f6438
5d80e9a7
5d810978
5d82cfae
5d83a2d2
5d841f9c
5d85e37d
5d86cf7a
5d87d0e7
5d88cb3c
5d896a7f
5d8ac352
5d8b1b0a
5d8cbfad
5d8d0ce7
5d8e0e65
5d8fbc75
5d9003c1
5d917cce
5d928d4a
5d9302f5
5d94e486
5d950e3c
5d96c810
5d976018
5d988a4a
5d99c69a
5d9a43b8
5d9bf63c
5d9cf62e
5d9da0ca
5d9e894c
5d9f72e4
5da0206d
5da10ce1
5da2e745
5da3fdf8
5da4743b
5da578a9
5da65cb7
5da7a669
5da8c7a6
5da959ae
5daaa226
5dabdb84
5dac17ac
5dadadb7
5dae967f
5daf7c14
5db07226
5db17a90
5db270cc
5db31849
5db40d26
5db5a78a
5db644e3
5db7be08
5db84386
5db96846
5dba193f
5dbb99a8
5dbcb3ed
5dbd989a
5dbe3c7c
5dbfbf60
5dc06c41
5dc1106d
5dc21644
5dc305c6
5dc4cd9a
5dc53c35
5dc68e6b
5dc7dfb0
5dc83483
5dc9b342
5dca79d4
5dcb2576
5dcce8cd
5dcd0b00
5dcebf12
5dcf67de
5dd048f3
5dd132b2
5dd2bd65
5dd35982
5dd4d962
5dd584ea
5dd60586
5dd76c25
5dd8a6da
5dd92eca
5dda5d0a
5ddb6a44
5ddc9ed3
5ddd9a41
5dde0c15
5ddf8ac6
5de0cedb
5de19ea7
5de28496
5de33b5f
5de499b8
5de51d70
5de68058
5de7521c
5de8287f
5de9258a
5deab989
5deb96ac
5dec375c
5ded0dc2
5dee5dd9
5defc3f5
5df076ed
5df1292a
5df26497
5df30f9e
5df445e1
5df5d36d
5df6dbb6
5df7d9d6
5df8eedc
5df9c159
5dfac993
5dfb3045
5dfc7975
5dfd5364
5dfe5379
5dffea82
5e00a8f6
5e01d180
5e0275e8
5e03c0ab
5e04bccc
5e05ce7a
5e067fcc
5e070f65
5e08179f
5e09bb99
5e0a2984
5e0bc6a4
5e0c0a53
5e0db867
5e0e1182
5e0f8352
5e101618
5e11ea88
5e1231c1
5e133696
5e14b5d6
5e156816
5e162275
5e17f6a7
5e185ce2
5e19e019
5e1a239c
5e1b1f50
5e1c1136
5e1d59b7
5e1e7300
5e1f91a8
5e20aba6
5e21bad9
5e22964e
5e23bae3
5e243a29
5e25ae43
5e26bf40
5e278c90
5e28eb78
5e2912cd
5e2a566b
5e2bb2e0
5e2cd025
5e2d2f9c
5e2ee747
5e2f5f26
5e3061bb
5e31b6fa
5e322339
5e338f3e
5e3437b8
5e3508bc
5e369093
5e37d365
5e38a270
5e39db41
5e3a8374
5e3b4bf4
5e3c21dd
5e3d7905
5e3e344a
5e3f618e
5e40d21c
5e41b409
5e42a115
5e43542c
5e440c33
5e45cdb1
5e46a97c
5e47d483
5e488f79
5e49cd1d
5e4af855
5e4bbe9c
5e4c53b0
5e4d8eab
5e4e7404
5e4fa44a
5e504b54
5e51b245
5e52ffd9
5e530b0e
5e54646d
5e555947
5e565c31
5e5781ca
5e583e9a
5e59e91a
5e5a40f0
5e5b9b1d
5e5cf665
5e5d6755
5e5e7235
5e5f8bf5
5e601ff5
5e61ce7c
5e623ec9
5e6317c3
5e649d09
5e655935
5e66d736
5e67b6e6
5e68fd33
5e695b6c
5e6a771c
5e6bd508
5e6c43f4
5e6dd214
5e6e040d
5e6fc407
5e7034f2
5e715581
5e72881f
5e736272
5e74262a
5e759afb
5e76b25c
5e771a37
5e788fde
5e792e74
5e7adf2b
5e7bb88c
5e7c5cf7
5e7d9a17
5e7e5707
5e7f13cc
5e80cc97
5e810770
5e822768
5e8382dc
5e84474d
5e85f3f6
5e86c79f
5e870d63
5e8829a9
5e899abc
5e8a3138
5e8b09c2
5e8cdc30
5e8d6646
5e8e58cf
5e8f6280
5e908acd
5e910ff4
5e92a14d
5e93c78f
5e94d7e1
5e9503fc
5e963029
5e970533
5e988630
5e993f6a
5e9a2b3a
5e9bbf7b
5e9c81a0
5e9d1ecc
5e9e2fff
5e9f53c8
5ea0de01
5ea1b84e
5ea25f5d
5ea361cb
5ea4cbaf
5ea50052
5ea64413
5ea70b8a
5ea8b698
5ea97ca8
5eaa7036
5eab105e
5eacde37
5ead7aab
5eaed492
5eaf6d60
5eb0189d
5eb1776a
5eb2dea9
5eb3b583
5eb414d0
5eb556f2
5eb61774
5eb724b7
5eb8a6b5
5eb98521
5eba32f8
5ebbbe63
5ebcd3ac
5ebde8de
5ebe8534
5ebfe9bb
5ec0e021
5ec1c582
5ec2948d
5ec3d876
5ec4c939
5ec5f62d
5ec656b9
5ec75aa8
5ec80316
5ec99636
5eca910a
5ecb9e64
5ecc4903
5ecddcf8
5ececdcb
5ecf0db2
5ed09fa0
5ed10548
5ed2a151
5ed34b29
5ed42a35
5ed53de6
5ed628b3
5ed7b316
5ed82342
5ed92156
5edacb89
5edbb82a
5edcf8ab
5edda680
5ede364a
5edf190f
5ee069b7
5ee1be77
5ee2f80f
5ee34a83
5ee497a3
5ee5b37d
5ee6edbf
5ee727b3
5ee8d838
5ee9d830
5eea2e22
5eeb71cc
5eec4470
5eed0373
5eee5d90
5eef505e
5ef03b79
5ef109af
5ef206d6
5ef373c0
5ef4fe2c
5ef57d80
5ef6b27f
5ef7dd21
5ef8fd9c
5ef9ef7e
5efa6b04
5efb7141
5efc6eb3
5efd3e61
5efe9dd5
5eff2e95
5f00aca4
5f0174a5
5f02b6f2
5f034d68
5f040e3d
5f05cd5f
5f060bf5
5f07b963
5f089316
5f099ce5
5f0a8074
5f0b90bf
5f0c20f1
5f0d9ec7
5f0eb43e
5f0fe1f9
5f105380
5f116b13
5f12b87a
5f13c0bb
5f1494ff
5f15a3df
5f16a17b
5f17e1ab
5f188f52
5f198371
5f1a5025
5f1b1f57
5f1c3d6c
5f1d9a0a
5f1eb8e8
5f1f6b3a
5f20ce28
5f21a502
5f227961
5f23e09e
5f2414e0
5f257418
5f265fab
5f2765da
5f2875c4
5f29e041
5f2a97ec
5f2befc3
5f2cf084
5f2d83c9
5f2e192d
5f2f7132
5f304730
5f31eb87
5f32580d
5f3367c5
5f34a86d
5f353963
5f361ab6
5f37d2e7
5f38420f
5f3979af
5f3a4545
5f3b08ac
5f3cf81f
5f3d4927
5f3e0eb0
5f3f7510
5f406a2d
5f415a04
5f42e9fd
5f431032
5f442b2b
5f45ce6b
5f46475a
5f47a321
5f489370
5f49232e
5f4ad69d
5f4baf69
5f4c76a0
5f4d7fa0
5f4eeb09
5f4fbdec
5f50d2b2
5f51b852
5f525b56
5f53e3ea
5f54e6bd
5f551b91
5f56e181
5f578482
5f58d25d
5f593f52
5f5a10c7
5f5b7f9f
5f5cd6b5
5f5d7341
5f5e8d4c
5f5fc75d
5f601691
5f61d198
5f62a0f6
5f6343b1
5f644334
5f65550a
5f662d44
5f673460
5f68ee49
5f69474d
5f6a9d47
5f6b47e4
5f6c064e
5f6deada
5f6e5e6f
5f6f14e2
5f70e67a
5f71be13
5f725677
5f736454
5f748730
5f7545dc
5f760992
5f77e84b
5f78671b
5f794648
5f7a60be
5f7b0d54
5f7c99f4
5f7dca6b
5f7e8209
5f7ff42f
5f80571b
5f812df8
5f821136
5f837191
5f841312
5f85a656
5f86a7e8
5f872790
5f883153
5f893695
5f8afaac
5f8bfd2a
5f8cf8a3
5f8d7ab6
5f8e4bf5
5f8fc333
5f90abd0
5f91ce45
5f92a325
5f935950
5f94ee67
5f95b97f
5f96fdcb
5f971044
5f98e59f
5f99be24
5f9ac956
5f9b84d2
5f9ca627
5f9d009e
5f9edbac
5f9f5fde
5fa043a3
5fa1f3cb
5fa21cf2
5fa3e847
5fa42c70
5fa5e662
5fa6cdc9
5fa7b351
5fa80b04
5fa90b16
5faa6fac
5fab89a5
5facef32
5fad276e
5fae1153
5faf0902
5fb0496f
5fb1e9f1
5fb26c65
5fb38eeb
5fb4084a
5fb56dff
5fb65ec6
5fb7b19b
5fb8b4b2
5fb99045
5fba15be
5fbbd7d1
5fbcdf23
5fbdb247
5fbedfcb
5fbf4c3b
5fc09e3e
5fc19dc2
5fc210ba
5fc303a2
5fc4aedb
5fc5e563
5fc6bb87
5fc79314
5fc8ec62
5fc904a4
5fca865f
5fcb1b75
5fcc053d
5fcde4aa
5fcec28c
5fcf058c
5fd08860
5fd1655f
5fd2e686
5fd3abd4
5fd45379
5fd5be11
5fd69005
5fd7883b
5fd88a2f
5fd91180
5fda2092
5fdbf62e
5fdcaabc
5fddb6c9
5fdef69a
5fdfa0b8
5fe0e4e2
5fe186ba
5fe2c441
5fe32b40
5fe45d54
5fe50f50
5fe6527a
5fe726b4
5fe80898
5fe9033c
5fea1fc2
5feb785c
5fec67b9
5fed072e
5feecf54
5fef3813
5ff09532
5ff15db8
5ff2e0f0
5ff3fa96
5ff49d05
5ff5c15c
5ff61083
5ff78e4c
5ff86768
5ff9095a
5ffaa3e7
5ffb6f49
5ffc5c0c
5ffd9fcd
5ffea165
5fff1b72
600018dc
6001f438
6002ef66
60039714
60049912
6005a3ac
60061d5c
60077fd5
60084c12
60094a8e
600a46b1
600b5238
600c92f1
600d71d4
600e9015
600f47d1
60100175
6011e63f
6012ee71
601342d9
601477fb
60155e0d
60168ca9
60171dbe
601895f0
601920bc
601ae058
601b221c
601c46d7
601de2d8
601e572e
601fda45
6020f855
60213d40
60226234
60235334
602468b0
602537cb
6026871b
6027c7e1
60285062
6029ad3e
602a5901
602b38fc
602c16ca
602d8f44
602e3ee6
602f70f3
6030fb44
603183ef
6032dedc
60330a09
6034a7e0
60351e5b
6036642d
603737cd
60383725
60395049
603afd1c
603bc7bf
603c0dbb
603d2aff
603e28d8
603fa89f
604006bb
604196b3
6042cd17
6043b710
60443dff
6045146c
60464f09
6047569e
6048ecd7
6049be45
604a0d91
604b4345
604caa52
604d7840
604eb18f
604fd425
6050e20c
6051df69
6052892b
6053c34f
6054b230
6055ae1f
60565501
6057cb2f
605800d0
6059d7d4
605a4e2b
605bc7a6
605cd5b5
605da41c
605e16cc
605fb6b1
60601775
6061aeb4
60628f26
60639f35
6064a534
60655d45
6066e2be
6067fb10
6068f6e3
606945de
606a047c
606b4c8b
606c0766
606df6fd
606e3bd8
606f01d6
6070da53
60710724
6072511c
60733c88
60740fdb
6075180b
60763fe6
607791cf
6078132b
6079d089
607aeffc
607b5562
607c4d94
607de555
607ed5cc
607f6df8
60805ac4
6081ddaa
608222cb
60838ae7
60841ada
6085a2fe
608679a3
6087f8f0
6088e697
608958c7
608a879e
608b28d8
608cce9c
608d6a51
608ef986
608ffde7
60901b52
609162cb
609215e5
60936e91
60945b7d
6095086b
60966bf5
6097e701
6098385f
6099dd84
609acd38
609bc8d7
609c4ed4
609d1baa
609e3ad2
609fb51d
60a0f786
60a10df7
60a206a9
60a39281
60a42a0e
60a57adc
60a6c01a
60a78adc
60a8c3f0
60a9c871
60aac1f0
60abb39b
60ac3690
60ad2a79
60ae7ef3
60af21ca
60b02896
60b18c0e
60b283c6
60b31406
60b4971d
60b5fcdb
60b61074
60b73786
60b80650
60b9dd7e
60ba50d7
60bb78e2
60bcccf3
60bd9040
60be929b
60bf37ba
60c0814a
60c1bc7a
60c20c3b
60c342c3
60c4a240
60c599c6
60c6e90a
60c7e26a
60c85a46
60c96f04
60cadf6f
60cbe314
60cc064d
60cdbe20
60ceb4bc
60cf9775
60d0d067
60d19e9c
60d2b78e
60d3d903
60d49768
60d503e0
60d6802d
60d78104
60d810e2
60d99d09
60da4123
60db005f
60dcf004
60ddf6ad
60deea6b
60df6800
60e06fda
60e19e50
60e299b3
60e358ac
60e43296
60e531c5
60e60fa6
60e7719f
60e87ee8
60e92fa5
60ea7608
60ebe2dd
60ece63b
60ed15d8
60ee5825
60efefc3
60f01a82
60f1270a
60f22585
60f3f4f2
60f4da5e
60f56486
60f63c35
60f77035
60f84c8d
60f97835
60face06
60fb4e7c
60fcf576
60fd9039
60feb7f1
60ff36a4
610017f7
6101b772
6102412a
61035500
610450f9
6105a00b
6106cbe0
6107c23d
6108a18c
61098a6b
610a2756
610b4a86
610c6953
610d15d3
610e8bfc
610f5905
61106ffc
61110685
61120557
611376d5
6114f413
6115d78d
611691e6
611725d5
611898f7
6119df7f
611abd87
611b9708
611c0799
611d3c93
611e3651
611feadc
6120d0a4
6121c093
61226725
61234afb
6124c794
6125f1f9
6126fea2
6127870c
61281b38
61293a96
612afbe4
612b8846
612c6805
612d7592
612ebe83
612f5cd3
61308b5d
61319e03
61323508
6133b6c2
61349881
61358dbd
61360fd7
61372b98
6138c966
61393da8
613a970d
613b86f2
613cd65a
613d2e2a
613edc6c
613fb5c8
614028c7
6141410c
61423160
614365b4
61442b6e
6145c562
6146ed88
61472b81
61481cd7
6149a1d1
614a4f42
614b6c16
614cb8d7
614d073a
614ed175
614f75b9
61509ac0
61513041
6152b4f0
61534b02
6154bb4b
6155c1f3
6156838d
61570ac3
61589a46
6159046c
615a4350
615bffe0
615c18fd
615d31b5
615ec355
615fa8eb
6160e68f
61619d99
6162ac3c
61635d72
6164cd62
6165aad7
6166d10f
6167d25c
6168332b
616961c9
616a12c9
616b1228
616cfe1f
616d74ca
616e477e
616f94d6
6170017e
61718c30
61725733
6173acb6
6174969b
6175c154
6176f9f8
6177b2e3
617881ad
617964a6
617ab064
617b57d2
617c787d
617d2e50
617efb5c
617f5672
61808aff
6181bd62
6182d037
6183fa04
6184d118
6185cd81
61862c69
618707e0
6188701c
61892a6b
618a7d0e
618bf6d5
618c8139
618d0c9e
618e3331
618fcb28
6190f8dc
6191393e
6192f6ab
6193c2cb
6194206a
6195de10
61966c7c
6197a471
6198043b
619922db
619ac770
619bd8d2
619c252d
619d069b
619e451b
619fa541
61a0c4e0
61a10adf
61a227e1
61a377f3
61a4583d
61a5dc58
61a6ab81
61a7d2a6
61a8b6e1
61a96b45
61aa7388
61ab53fe
61acc8a6
61ada2ed
61ae6313
61afaae2
61b03e46
61b149e9
61b2cba8
61b3e3ae
61b42b86
61b56509
61b6f5a1
61b7e23c
61b89f2c
61b9cfd9
61baa689
61bbf622
61bc6815
61bda4b5
61be04c3
61bfcf96
61c0751a
61c1d70e
61c23350
61c3d17b
61c47b2b
61c552a9
61c6ddfc
61c7bed2
61c811b1
61c9b02a
61ca8b6d
61cb23f9
61cc64d0
61cd76e7
61ce3539
61cf3157
61d0abae
61d15d22
61d2b897
61d332f4
61d4b552
61d5be55
61d64c2e
61d726b0
61d850d8
61d9df1f
61dafaa7
61dbfcb5
61dccc16
61dd91a1
61de719f
61dfb156
61e0b9a2
61e16c44
61e24c1e
61e32dff
61e4e6cc
61e5f48b
61e629e9
61e79204
61e80dc5
61e92f52
61ea028f
61ebfdb3
61ec25c0
61ed4203
61eecdea
61ef2df0
61f036c7
61f1b14a
61f232ab
61f39614
61f45c6d
61f50dd2
61f62a88
61f7281a
61f8da47
61f953aa
61fa99d0
61fbaac2
61fc8e25
61fda4f9
61fe3714
61ff3483
6200431d
620158f6
6202d07e
62033882
6204a63e
620567c1
62069f58
62075ec5
6208181a
62096522
620a388a
620b46ef
620c4dea
620d3b81
620e3c57
620f2836
62104087
62115921
6212b958
62131c4c
62140aff
6215eedb
6216e0f4
621716bb
6218fb47
62196653
621a81e5
621bd9dd
621c3514
621d9b95
621ebf1c
621f8dfb
62204ae2
6221311b
62226ff9
62238791
6224f950
62252765
62262c1d
622762d0
62284497
6229308c
622a0241
622bda75
622c38f0
622d8e3d
622e2a6d
622f8fd2
62306153
6231795b
62328b1e
6233bc49
6234c51a
6235d31c
6236f45f
6237a8ae
62389a62
6239d3f2
623a94c1
623b08d5
623ccb88
623db766
623e7f86
623f5d04
6240985c
6241e2ce
6242d0ce
624370a2
62440872
62459f09
62463f5a
6247eebd
6248c8ae
6249ee1d
624a4f66
624bca48
624cedee
624d2e66
624e3260
624f7acb
625015ca
6251816a
62529aa3
6253de77
62545a19
625502c5
6256eeba
6257bca8
62583de3
6259df69
625abf9d
625b32ff
625cefd0
625d7c2e
625e5f66
625f2320
62604451
62619b3d
6262a1df
62635cd4
62646b6a
62655e60
626674e7
6267d924
6268c5b0
626908c6
626af8b0
626b718b
626c10de
626db02a
626e5eba
626fd130
62708833
6271e331
6272194c
6273ed3a
627451b7
6275b20a
62760634
6277f9fc
62789c57
62792624
627a1045
627bbc36
627c4ed1
627d03c5
627ee397
627f07b9
62805a85
6281719d
6282b395
6283a9ad
6284de19
62850857
6286ead1
6287df11
6288338d
62898d10
628a81a9
628bbdff
628c5e5c
628d3882
628e8fc6
628f70ce
62903089
62911ce4
62923c41
62930401
62945e7f
62956465
629602cd
629736c5
6298d8c0
62992595
629a0e48
629badfc
629c6e36
629d1ba5
629e60c3
629f6871
62a0446b
62a16f1a
62a29163
62a3bc5f
62a49ca2
62a5cc4f
62a6178b
62a7167f
62a8a0c4
62a98b95
62aa6032
62ab05a3
62ace6fd
62add06f
62ae6e57
62afc0c8
62b0614c
62b1a60a
62b2fd9c
62b38eca
62b40f0c
62b556b6
62b6d18a
62b730dd
62b856e3
62b90904
62ba5dd6
62bb6280
62bc2739
62bd610d
62bef847
62bfb7a9
62c0c9fa
62c18993
62c24cf7
62c32974
62c46484
62c50bb1
62c6cdc3
62c7a19b
62c89c60
62c9ca71
62cac853
62cba0e5
62cc8d4d
62cd4cfe
62ceb69c
62cf7fbe
62d0f177
62d12066
62d23dcb
62d3979d
62d491c1
62d53d51
62d6374c
62d75a92
62d8650a
62d9d39a
62da19a8
62dbc1fb
62dcd032
62dd92fb
62de605b
62dfde26
62e00bdf
62e14717
62e24505
62e3fbd0
62e4943f
62e5cb5e
62e6d76b
62e7780b
62e8c481
62e996e0
62ea1aae
62ebb430
62ec5442
62ed1f38
62eec9e6
62ef344d
62f0931f
62f1c251
62f2a6a1
62f36df6
62f47550
62f56358
62f6f2a6
62f77db6
62f8c28c
62f9e6bc
62fa84f4
62fb5957
62fc547d
62fd61f2
62fe52a8
62ff0c17
630017c0
63011363
630206f4
63030e3c
6304c357
63053540
6306726b
63078993
6308e07b
6309a847
630a1fcb
630bc016
630cf03b
630d9e49
630e9a34
630f5094
6310783a
63113356
631295c2
6313400c
63140741
6315a5af
63160637
6317c50f
63183e67
631952d3
631a6ed4
631b7dd0
631cddb8
631da33b
631e0c97
631f6492
6320271e
6321cfd1
63223044
632320dd
63244f56
6325f1de
6326f2d8
632707df
632890c3
63299685
632a68f7
632bab76
632c6678
632d6bc1
632ef248
632f920a
63308a35
63313b8c
63329721
6333a8f9
63341dc6
63351260
63363c7c
6337403d
6338bb6f
63392ea9
633aa5c0
633b16af
633c89af
633decc0
633e03e1
633f4eca
63407e51
63419130
634206b1
63439e56
6344845c
63456adb
6346971c
6347cbed
6348463e
6349763a
634acb6d
634b4fc5
634cea19
634dd17f
634e8be0
634feaaf
63501430
6351273d
63524ce8
63537d5c
63547603
6355f4db
63566475
63570fa3
6358104f
63598c85
635a2efb
635b4c7c
635cfffc
635dbb45
635e7202
635f99ea
6360bfe4
6361a5c8
63629ee0
63633477
6364be40
63655494
63666eb3
6367e81f
6368d3c5
6369a25a
636a7ae7
636bedf7
636c2734
636d9350
636ef3b8
636f1cb6
6370e27d
6371029c
6372820d
63733bed
637418eb
63758e7a
6376b36d
6377c7a3
63785e4d
637916b3
637a4719
637b74e2
637c4b7e
637dfbad
637e7195
637f6b7a
6380d7bc
6381bc3d
6382f703
6383fb54
6384c7d5
6385203d
63864d51
638733ac
6388a32f
63895e28
638a6d44
638b3f6b
638c4edc
638dc41d
638ead69
638fc001
6390ed15
6391c169
6392b43b
6393c6ed
63941050
6395f19e
63965da5
639791b2
639842e7
6399382d
639a8705
639b5310
639c6651
639d09f0
639e756f
639f0369
63a01b34
63a14ccd
63a24d2b
63a3bbd6
63a4307b
63a5fd20
63a63b99
63a72763
63a8dea2
63a96599
63aaed9e
63abcaf0
63ac20e2
63ad69cc
63aeeed9
63af0fc5
63b073f1
63b1ca10
63b2bb4a
63b3056d
63b41ff7
63b542b6
63b6a570
63b76a5c
63b8f193
63b91f7f
63bab2dd
63bb45bf
63bc09b3
63bd4054
63be298b
63bf7623
63c03515
63c1d529
63c2a23b
63c3cb2c
63c4511d
63c5c121
63c681d5
63c72dfc
63c8f094
63c98542
63cadec7
63cb03d7
63cc1e55
63cd570c
63ce8773
63cfbb92
63d0131a
63d1b726
63d243e9
63d3702f
63d4d1bc
63d5b5f8
63d6815e
63d71f4f
63d841f0
63d9154f
63da16dd
63dba32a
63dc5750
63dd0cb1
63dedebb
63df90a1
63e0f895
63e170dc
63e29008
63e33d9e
63e4d12d
63e53fae
63e63af1
63e7334b
63e8818b
63e962d5
63ea5024
63eb3480
63ec6b51
63ed3556
63eebeb8
63efcf81
63f07a52
63f1ea15
63f2af04
63f343db
63f46f8f
63f57f70
63f6c900
63f7ba7a
63f8e59f
63f9598e
63fac1cb
63fb935b
63fcf669
63fd4840
63fe6417
63ff788e
64009c41
6401cc83
6402c2c5
640389ae
6404bf0b
64051c04
64066764
64076d6d
6408b402
64097060
640afa76
640b9e99
640c7356
640db790
640e500b
640f97b0
64100e89
6411f2d4
6412b0e9
641339eb
641489b6
6415f4ad
64165c57
64175ca5
64188e31
64191ec4
641a70cf
641bbfa5
641c466d
641dc700
641e4548
641f5d50
64207d1b
6421dca0
64225d19
6423f596
6424832b
6425ffc7
64269f84
6427116e
642818d7
642966c6
642afd08
642bfb96
642c43f9
642d00e5
642e17b7
642f7978
6430bdce
643134fd
643268e5
6433a96c
64348e1f
643523b9
64361fb8
64372bbd
643865c4
64394186
643a7765
643b7dc5
643cde21
643d176e
643ed383
643f97e7
644057b8
644180ee
64420ed1
64438c79
64442bb1
64451b4b
6446c91a
644791a0
644867ea
64499e63
644a286e
644b3940
644ca358
644dbdba
644eb988
644f0985
6450c7dd
64516caf
6452f0bd
6453b79f
64545064
64552cdf
6456f801
6457a0a5
6458688c
6459c49b
645ae0cd
645ba143
645c6bde
645d8441
645e344e
645fd7a2
64608edf
6461ba8b
6462a257
64635a05
64646898
64653604
646628f8
64673db8
64680d12
64697b8e
646a518e
646b967d
646ca420
646d615f
646e8881
646f04d6
6470238a
6471c6d6
6472e17d
6473346e
647404b6
6475cb5c
647605d4
6477204c
647897da
6479fa8f
647ad587
647be792
647caff8
647d8d14
647e2c00
647fb0aa
6480da89
6481a0f4
64825eb0
6483965f
6484b0e9
648596c4
64867489
6487c95b
6488e0d2
6489054e
648af320
648ba0aa
648cb628
648deffb
648ebe51
648fdeac
64908e12
6491e03b
6492609c
6493e4d5
6494700e
64958662
6496224e
64978106
64982688
64993e48
649a1ab3
649bd2c4
649c32bb
649d1650
649ec467
649f4eb0
64a09ed3
64a1171a
64a236d8
64a34088
64a46a50
64a5c7d2
64a671f3
64a71eed
64a8d5c5
64a9998f
64aac005
64abb62e
64ac8f12
64adb29c
64ae3eab
64af7928
64b0e06c
64b11e36
64b26c01
64b3dd34
64b4601f
64b54d11
64b64918
64b7180a
64b893e6
64b9bed4
64ba2ce6
64bb5e4f
64bcad9c
64bda3dd
64bedb6e
64bf9752
64c099b8
64c15fd4
64c27bfa
64c307e2
64c4ceda
64c511d9
64c6fd0f
64c779ef
64c89355
64c9943b
64ca11b4
64cbca43
64ccb119
64cda298
64ce6bda
64cf3e4d
64d0dcf7
64d134e4
64d2cd27
64d35b66
64d4789d
64d57082
64d6681c
64d71a9e
64d825f8
64d91817
64da2cee
64db28e5
64dcc17d
64dd2075
64defda1
64dfd64a
64e03a18
64e1830d
64e2b7ab
64e38871
64e46b05
64e510e9
64e635a7
64e7418e
64e8fee9
64e9b3c7
64eaa097
64ebe0d1
64ec9fd5
64edbf78
64ee7e22
64efe17c
64f0b947
64f1f042
64f2abd8
64f35fc0
64f4c40e
64f5372f
64f615f4
64f75d63
64f88aa9
64f984aa
64fa9920
64fbdbf5
64fc6672
64fd0484
64fec61f
64fffa29
65004db0
6501c2bb
65024ed7
65039bc2
65046606
6505c41d
6506cff1
650762ae
6508e37e
6509842e
650a04a1
650bdf3b
650cd449
650de0f8
650ef37b
650f313c
6510172e
65116ad1
65128a83
6513ae6b
6514180c
6515877d
6516ca9f
6517a09d
65184065
6519e33d
651a2b03
651bc411
651c9485
651db9c9
651e816b
651f55c3
6520aef4
6521d6bf
6522cd8d
6523a532
65244428
65258f92
65264e71
6527c240
6528c35d
65291fe1
652afc62
652bf17a
652c33f3
652d4a1f
652e82c5
652f88b6
65300547
6531a0a0
653209d8
65335ed0
65345e8c
653555e1
6536be6f
6537dbf1
65381b02
65399548
653a799d
653b67aa
653c7576
653df889
653ecd69
653fcc3b
65403683
6541832d
6542f2b6
65432e2f
6544f4aa
65454c78
65466d63
6547cc0b
6548e0a5
654956a2
654a907a
654b68a3
654cc426
654d2280
654e5979
654f1b5a
655011f4
65518ac1
65521f23
655332dd
6554376d
655576de
6556e6fa
6557aa6e
65584cb2
65592f9f
655a4cf8
655be278
655cef2d
655d9618
655e62c7
655fad7b
6560e0ce
6561e07c
65624f70
65637b99
656434f7
6565526e
6566b994
65670753
65686032
6569b5e8
656a9b11
656b59fc
656c56d8
656d5fc4
656e7339
656ff8dc
6570b3f3
6571ec46
657237ed
6573f0a1
657441d9
65755a4f
65764850
65777e85
65785b0a
65795746
657a683a
657b1870
657c5859
657dbbd0
657e6c03
657f2714
6580d914
6581e017
65827df6
65835157
65849ec3
658546b2
6586f611
6587d65f
658875e8
658913c4
658a3671
658bdb6a
658c85dc
658db077
658e7151
658fa6be
6590775d
65917013
6592934c
65938425
6594c81c
6595ee39
6596c221
6597d45a
659826b8
6599cd26
659a5dc3
659b7696
659cd1f6
659d2bd9
659e5f57
659f0dea
65a0960f
65a19e14
65a2ea6b
65a3e4e0
65a4efb2
65a5f936
65a6f56d
65a72bfd
65a8eebc
65a9084c
65aa5399
65aba274
65acf1ec
65ad2912
65ae8710
65afbf32
65b0e642
65b17aa2
65b21323
65b3be69
65b4c2ce
65b5e0f7
65b6d0e0
65b72ac4
65b8110e
65b9094c
65bafda4
65bb78ed
65bca1f3
65bd2e75
65be144e
65bf7ca6
65c03882
65c17103
65c291af
65c3554a
65c496fc
65c51ecf
65c6a2db
65c72316
65c8da81
65c9cee6
65ca4929
65cb9424
65ccfe98
65cdd05a
65ce244e
65cfab64
65d077fa
65d18d29
65d20ab8
65d32351
65d43ce1
65d5cf52
65d68181
65d7921a
65d8600a
65d92702
65da35a2
65dbcce8
65dcda41
65dd0504
65de72c1
65dff0b9
65e0254d
65e11b05
65e2c5ea
65e38d82
65e49dd7
65e5f57e
65e67727
65e7dff9
65e87de4
65e9e0a6
65ea8bdf
65ebb646
65ecf6b7
65edaa93
65ee1062
65ef7f4b
65f02cf0
65f14976
65f2dc0d
65f372d8
65f462b9
65f5d14a
65f67969
65f7be64
65f87088
65f94f72
65fa55d7
65fbdbb3
65fcb2ed
65fd7c88
65fefee4
65ff9581
6600cadf
6601566e
6602925a
66035918
6604c3f8
66056350
6606c373
66078212
6608b50e
6609b577
660a0fa7
660b3536
660c5864
660de6c7
660eb7de
660fc3b4
66103e47
66114881
6612157d
6613a912
6614e93d
66154984
6616b7e7
6617cabc
66181a16
6619c1c0
661a1079
661bb975
661cb164
661d6469
661e682e
661f011d
66205689
66217ed2
6622aaed
6623985a
6624a936
6625171c
6626fa64
6627884d
66287f60
66295ff4
662a191b
662bb37a
662cf245
662d34ab
662e1471
662fdd56
6630e78b
663157f8
66320756
6633fbc2
6634cde4
66358eb1
663677ca
66374a28
663820ed
66396068
663a4921
663b55f9
663c92ec
663dc8d8
663ec276
663fd0ef
66409e04
66419aee
6642c0f3
6643f826
66441ed2
6645d894
66460b43
664783cb
6648898b
66495106
664aefb8
664b6ca1
664ccd57
664d1379
664e176d
664f1867
66509d08
6651a5d6
66520ccd
6653c937
66545dbd
66557285
6656d8c7
6657a48e
6658ecf7
6659097b
665afe67
665b2417
665c8375
665d3099
665ecd31
665f8038
66600ed4
66619f99
66625fb9
66630a6a
6664768c
66651dce
6666565a
6667b8b7
6668026d
66693018
666a5713
666b5439
666cc6c2
666d960c
666e9100
666fed84
66704a42
66719bc8
66723f2a
6673d411
6674ea2f
667557a1
667613f3
66773c21
6678f70f
6679001b
667a912b
667b6256
667c3376
667d8617
667e705a
667fb6e3
6680837f
6681fa83
668206e1
66836f8e
6684cd9d
6685d3db
66865ec7
66876df7
6688af65
6689d54c
668a1f60
668b582e
668c8ea0
668de80c
668e12cc
668ffb27
6690db51
66915a74
66920147
6693c572
6694927c
6695a679
6696aebe
669784f5
66981b39
6699e303
669aa093
669b3f07
669c01df
669da8e2
669e33dd
669fe6ac
66a0cda6
66a1a718
66a28769
66a3f621
66a4a877
66a5a175
66a61587
66a75882
66a868e8
66a999ee
66aa391c
66abe442
66aca16b
66adb0ec
66aefba0
66af147c
66b0ff03
66b1c5e3
66b21344
66b3ce10
66b429ef
66b55b08
66b6cbd5
66b7e6b4
66b8f2f0
66b9be13
66ba5281
66bb4690
66bc3fa7
66bd4403
66be64d7
66bf616b
66c096f1
66c17abf
66c29c36
66c32430
66c4a606
66c57e4d
66c68ea9
66c7d818
66c8eb01
66c91bd1
66caa66e
66cbf614
66ccabcc
66cd2cc0
66ce2532
66cf4fc3
66d049d9
66d10f32
66d2ba83
66d3e0ca
66d44926
66d538ec
66d69a58
66d77fa1
66d828ff
66d9ea33
66da21d2
66db04d5
66dc7bca
66dd1e9c
66de8e9e
66dfa9d5
66e07433
66e169cc
66e2e7a7
66e363f0
66e4606f
66e561f5
66e68c8d
66e77a5c
66e8bc51
66e98d66
66eaf914
66eb9e77
66ec13e8
66ed33c3
66eec933
66ef93d7
66f084d4
66f1fb42
66f225e3
66f3c48a
66f465fc
66f51867
66f6601f
66f7be7e
66f81d0b
66f97364
66fa8db1
66fb6584
66fcf354
66fdddd4
66fe21b1
66ff99f1
6700ef1c
6701219c
67024964
67032c9e
6704ac6a
670515d1
6706327a
6707eb4e
67087ccc
6709709f
670a0715
670bc8fa
670c55af
670dd983
670e20ba
670f4829
6710154d
67110751
6712abad
671312f5
6714d37d
67156ff7
67160bf9
6717f87b
67185c33
67198c8b
671a844e
671bc80d
671cccbf
671dcfde
671e2439
671fcd66
67204c84
672127de
67221b38
672373b2
6724c63f
67258200
6726cb70
6727eeec
67280cb9
6729f1e8
672aa3a3
672b42c7
672c2c6a
672d27b4
672ef052
672fa990
6730254d
6731c54a
67327426
6733bd3a
673426f0
6735cec8
673600dc
6737754d
67385ca9
6739b459
673a532b
673b385a
673c11c4
673d43b6
673ed36d
673f2faf
67406647
6741669f
67426327
6743e363
6744f72e
6745c221
674620fb
6747be1d
6748718f
6749fd6b
674a1d8e
674bf9eb
674c2337
674de18a
674ea666
674f4da3
6750e97e
67515428
6752468a
67535f3a
67543865
6755f5c8
6756d0d6
6757ed72
6758bc7c
67590c73
675ac930
675ba72f
675c7ceb
675da059
675e83df
675f060f
6760b7f5
6761461c
6762f2c1
67631807
67640a1e
6765e305
6766f803
67672b3c
67684218
67691438
676a4984
676b938c
676c09ee
676db2e2
676e9081
676fcba3
677068cc
6771eb74
67728dee
6773f715
6774529f
6775a146
67761755
677714f8
67784d44
6779f4d3
677a5373
677bce59
677c8989
677dd1d6
677e28f1
677f98fd
6780ad30
67812898
67822b98
67833dae
67841682
6785f405
6786b8df
67873764
6788cf4d
6789bf29
678aa257
678bd4dd
678c9c2a
678d2b47
678ed7e3
678fd3bd
6790f7fd
6791752f
6792707d
67933765
67945b90
6795a3ed
67965d9d
679754e9
6798d40a
6799c5dc
679a8cb9
679b3438
679cf9c7
679d1dae
679e17a0
679f6a33
67a03c14
67a1deab
67a2c23e
67a3acf1
67a4aa60
67a514cd
67a65683
67a75eb8
67a830ae
67a9a9ce
67aa9120
67ab378f
67ac8375
67ad8c40
67aeb44b
67af0675
67b07fa0
67b18111
67b292ca
67b31360
67b47666
67b596e7
67b67cd8
67b74475
67b8bcee
67b9be13
67bab19a
67bb7e07
67bc85dc
67bdde3e
67beba3d
67bfb5d4
67c0219f
67c1a274
67c235c7
67c39560
67c4e394
67c5e853
67c61471
67c7d8f4
67c8e786
67c987ce
67ca76bf
67cba931
67cc2610
67cdc999
67ceaaa8
67cf4bb1
67d0a620
67d1763d
67d27db4
67d3632c
67d4c8c5
67d5e8f7
67d64f4a
67d7bc3a
67d84b92
67d96a93
67da149b
67db800d
67dc449e
67dd1fe7
67deb70d
67df4f6a
67e0f5b7
67e1eab4
67e2b4ea
67e34fe0
67e484ac
67e59ff1
67e680d8
67e79f60
67e80263
67e99214
67ea04e7
67ebdbdc
67ec900f
67ed81d4
67ee9b7b
67effc9f
67f01543
67f1d1a2
67f2fa88
67f3a726
67f49898
67f5dec2
67f6a3e4
67f771e0
67f8fcb6
67f9c3d6
67fa3a1a
67fb3273
67fcb3d1
67fd7c0e
67fef851
67ffc84f
6800cbc1
68014f8f
6802235c
6803c074
6804ae80
68057769
6806acfb
680728af
6808c547
680974d4
680a9e98
680b8b8c
680cf733
680dd6b9
680eef22
680f16db
68101128
6811b5bd
6812fb88
68130dd7
6814d4c1
6815c89d
681654d1
68171983
68185f74
68199e0b
681a0d68
681bf323
681c21b0
681dd321
681e3c01
681f72d4
6820c3d5
6821a864
68223990
682378f4
682462cc
68253f03
6826ef27
68274226
6828bb59
6829c671
682a128b
682b3b83
682c5cb3
682df298
682e6521
682fd7c5
6830d0dc
68318b2e
6832059a
6833bee8
6834ada7
6835b31f
68361d29
683722a8
68380f98
68390d98
683adc9e
683b702b
683c3513
683d59b0
683efe56
683fe2f9
6840c309
68412c1d
684239f2
6843a9a2
68444893
6845af25
68467767
684733d4
684851d3
6849367c
684a5656
684be8a9
684cbc4b
684d4abd
684e47f4
684f9178
6850ce06
6851ca96
685261f7
6853c606
68541629
685592fc
685677ff
6857d463
68585d70
68591180
685a4c9b
685bfe6c
685cf592
685d458b
685eb1ae
685f2eab
6860d961
6861fa3f
6862c120
6863b413
68645517
68655d25
6866672e
6867d145
68686d9c
6869ffdc
686a1934
686b787d
686ce0d3
686d43fe
686e216b
686fef03
6870cef6
68714600
68728a89
6873de52
68744aab
6875024b
687669c6
6877fc96
6878c2a9
68795ffe
687a41d1
687b1392
687c20eb
687dd49c
687e297a
687f9fea
68806ac5
68816b0d
68826f2d
6883ded5
68847adb
6885ac51
6886fa03
6887b9cc
68889a4d
68894f05
688a1a23
688bc842
688cf453
688d4014
688e837b
688f9b31
68903b8f
68914432
6892787e
689377f2
68942fa8
6895563e
6896d023
68973de9
68980fda
68995984
689ac2e9
689b9691
689c92cb
689db24a
689e2dbd
689fa6e9
68a002d8
68a1b5cf
68a2831c
68a38b6b
68a4d41f
68a59da1
68a666a5
68a7efb8
68a82b08
68a99e65
68aabe03
68abc8f0
68accfcf
68ad899c
68aefa1d
68af4dd4
68b09ace
68b178e8
68b2b82b
68b3bdd7
68b490cc
68b54f94
68b66927
68b70a9f
68b8f9bd
68b9e6a6
68bae7ba
68bb8f23
68bcb414
68bd84e1
68be54c7
68bfba8d
68c0d374
68c166a5
68c2a365
68c3f70f
68c49a1d
68c56bb6
68c69ba2
68c7aeb8
68c86f8c
68c9df4d
68caf52f
68cb7083
68ccad82
68cd07a5
68ceaecb
68cff3e6
68d0a62e
68d1dfd9
68d21dff
68d392d4
68d4d595
68d57c6e
68d622f1
68d774ba
68d8d5a4
68d9f5be
68daf8a8
68dbe2b5
68dcae16
68dd9e45
68dea762
68df2c6b
68e01757
68e1f95d
68e206db
68e30054
68e40d87
68e537f7
68e6ba49
68e773b5
68e87466
68e939c7
68eaee40
68eb8886
68eccd31
68ed831f
68eed2f9
68efcc37
68f0a082
68f1d77d
68f26180
68f3222c
68f4fc45
68f50991
68f64211
68f7ccab
68f853ea
68f9bc7d
68fa11e6
68fb85f7
68fc7bcb
68fd7a74
68fe3702
68ff3bc8
6900e8a8
69019bfa
6902ac33
6903aaf1
690423af
69053bde
69064e2a
6907bda1
6908a93e
69095840
690a2e04
690bb3d0
690c0d05
690d9598
690e7622
690f8630
6910f953
69116d8a
69124872
6913a5c3
6914c16d
6915bdd4
69169e50
69170451
6918216d
69194e98
691a9571
691b700f
691c9010
691d0ae4
691e8557
691f8a4f
6920dbdc
6921fb79
69226853
6923a749
69243c50
6925051d
6926f324
69272b1b
6928add9
6929f278
692ac2f3
692b6781
692c0cc8
692d113e
692e331a
692f27ea
6930c0c8
69312152
69324d22
6933644d
6934a76e
69358e82
69361f9d
693748df
6938225e
6939b438
693afd60
693b9324
693cb278
693d0638
693eee3c
693fbb24
694024b3
6941858a
6942f23f
6943cab7
6944d199
6945ca9c
694660af
6947fc5e
69483fa7
6949f364
694a2c8f
694b6167
694c0f2b
694de8ed
694e0f70
694f487d
6950257f
6951b387
6952f827
6953bc60
69544d85
6955b998
6956d993
69579373
69581a84
6959f657
695a30b7
695b6b4d
695cb01e
695dc3a6
695e2242
695ff4d4
69602054
6961be9e
6962c778
69635662
69643988
6965eb76
69667e9b
6967c20a
6968d5c0
69696899
696a3c10
696bb2be
696ca1e3
696db235
696eaea5
696ffefc
6970cb29
697113b6
6972f07b
69731756
697433f6
69759f60
6976c1d5
6977dc61
6978b89f
6979b075
697a1271
697bbdd2
697c1444
697d1439
697e5d47
697f83a4
6980e0ab
69811011
6982c0e5
6983c526
6984edda
6985df78
69863539
6987b276
69889d8f
6989b708
698a7f2f
698bb42f
698c9e39
698dd931
698e8e22
698f7338
6990d255
69917d85
6992e9bb
69930be0
6994e160
699569ca
69968a0b
6997bbc3
69988f01
6999852e
699abe19
699bc700
699ca035
699d3716
699ed5df
699f10f6
69a0dda8
69a1dc1b
69a22928
69a3f131
69a4a956
69a5d517
69a657e4
69a74049
69a8e473
69a904e9
69aa305e
69ab3d7c
69aced40
69ad4d43
69ae1601
69af8841
69b079a1
69b1ca9d
69b20905
69b30e78
69b4b767
69b5e4b9
69b6a8a3
69b717ac
69b89001
69b9e7eb
69ba1712
69bbc46c
69bc49d2
69bdeede
69be5e45
69bfca01
69c0910e
69c1d9ed
69c2770b
69c3eccd
69c4a155
69c574fd
69c65efc
69c7173c
69c8caec
69c975b9
69ca4720
69cbaa39
69cc3ac4
69cdab2b
69ce3d03
69cfd50f
69d072ac
69d15eaa
69d27ddd
69d30a5e
69d45894
69d5d7d3
69d637f4
69d786b6
69d83ff0
69d9957d
69da5563
69db55cc
69dcd368
69dd8bb2
69def6ac
69dfd694
69e0479c
69e17395
69e2bd17
69e321c1
69e430cc
69e52b6b
69e6e9bd
69e721c9
69e813f5
69e9cf3d
69eac9af
69ebcb48
69ec4b55
69ed9f4b
69ee5adb
69efe587
69f0c7ba
69f1186f
69f2934e
69f3cbcf
69f40a83
69f5b8b4
69f6240a
69f7ba14
69f86722
69f95f11
69fa3714
69fb3f7c
69fcc728
69fd4f02
69fed1c7
69ff1338
6a008286
6a015802
6a026648
6a032454
6a044ca5
6a0525e2
6a065acd
6a079df2
6a08b8a4
6a09e4c8
6a0a9804
6a0b23a4
6a0cc21e
6a0d680c
6a0e5ee4
6a0f7304
6a10e716
6a119e3a
6a121131
6a134ad7
6a149c3b
6a157bf9
6a16d489
6a175676
6a18ad69
6a1962bb
6a1a5ae0
6a1b93d8
6a1cebdc
6a1d3340
6a1ee320
6a1f704f
6a200d8b
6a2113e9
6a222959
6a237395
6a24ec31
6a25ec6d
6a262eb1
6a271557
6a285fb0
6a29cfc0
6a2a7540
6a2b4f99
6a2c5dec
6a2d4147
6a2e71dd
6a2fd551
6a308b45
6a31b079
6a32a7bf
6a33b8e7
6a341cd7
6a35a47e
6a36b84e
6a3798cc
6a380023
6a3983a2
6a3a9e47
6a3bcdb1
6a3cddd5
6a3d1429
6a3e699c
6a3f02e9
6a40e990
6a4175f2
6a423799
6a43fb38
6a4477ea
6a452af0
6a466788
6a47b7df
6a48d71e
6a496037
6a4ab42f
6a4bacb2
6a4c4107
6a4df90e
6a4ee8f9
6a4f133e
6a500663
6a511870
6a52df19
6a53de83
6a54d275
6a5555df
6a5620d7
6a578b79
6a588c44
6a596ea0
6a5a9d10
6a5b9f58
6a5cf71f
6a5d30fb
6a5e4238
6a5f4383
6a60d10e
6a61ce61
6a62b4d9
6a63263b
6a642c53
6a65c45b
6a66d6fd
6a677046
6a68d992
6a693f9b
6a6a5d21
6a6b3617
6a6c5f7b
6a6dd23d
6a6ee54e
6a6f131b
6a70ffc5
6a71b36d
6a72f02e
6a73c2b3
6a74d8d4
6a75db59
6a762e0e
6a77361f
6a78e1b6
6a792720
6a7ac02b
6a7b1b22
6a7ce16c
6a7d049d
6a7ebd1d
6a7fbc2a
6a80ed12
6a810796
6a824780
6a838735
6a844cd9
6a857018
6a86332b
6a875b64
6a889680
6a89f68c
6a8a1b6f
6a8b93ca
6a8c0243
6a8db789
6a8edd72
6a8f2035
6a90d52a
6a91d5a2
6a926b0d
6a93f332
6a94a2cb
6a95ef1e
6a96fdf5
6a9772a7
6a98656f
6a99d896
6a9ab712
6a9b5452
6a9cfcc7
6a9dda9f
6a9e9f33
6a9f0df3
6aa0fa81
6aa12cc0
6aa28cb7
6aa3ae7a
6aa4d112
6aa57eaa
6aa616b0
6aa7c20d
6aa89fc5
6aa917f3
6aaad5c6
6aab3273
6aac0502
6aad21d1
6aae4aaa
6aafb23d
6ab0cf2f
6ab1d7a7
6ab2d6a3
6ab32ea9
6ab47b1f
6ab54798
6ab6b74a
6ab79b43
6ab8a891
6ab9f453
6aba7de5
6abbe36d
6abc4784
6abd603c
6abef367
6abf5d12
6ac09e9a
6ac13b69
6ac211fc
6ac3e5fc
6ac44d87
6ac51a6f
6ac68cdc
6ac79d29
6ac8e5aa
6ac953f6
6aca1d38
6acb09a2
6acca2ee
6acdb07c
6aceb23a
6acf4e8e
6ad00996
6ad1dd2e
6ad27876
6ad331af
6ad47e55
6ad5e3eb
6ad6c04b
6ad752ea
6ad8415b
6ad9909f
6adac8ba
6adb50e1
6adceddf
6addc5bf
6adec77f
6adf022f
6ae01978
6ae19f5c
6ae2733f
6ae30df4
6ae40b72
6ae58157
6ae60862
6ae76a2c
6ae8c88b
6ae9c5b5
6aeabe43
6aebdfce
6aecf9b0
6aeddbcd
6aee44ec
6aefe9bd
6af07b6d
6af12ae1
6af2dc68
6af3a622
6af45b3d
6af59a65
6af60f21
6af73cac
6af8dc98
6af9a832
6afa5802
6afb9621
6afce17a
6afda714
6afe4e9a
6aff662d
6b00df61
6b013a8e
6b02aa26
6b03c405
6b04427a
6b0580c8
6b064101
6b078a91
6b08df9f
6b092225
6b0a1e31
6b0b86a2
6b0c075b
6b0d2670
6b0ea4c9
6b0f683d
6b106bf2
6b119b12
6b123bea
6b13a480
6b14b2ff
6b15424d
6b16373c
6b179ea8
6b18ce0d
6b19dfa1
6b1aa936
6b1bbe18
6b1c7f88
6b1ddbbb
6b1e3430
6b1f53bc
6b20ff9b
6b21975f
6b22636e
6b23dec1
6b241a48
6b251ecb
6b266f0c
6b278426
6b285120
6b2935b9
6b2afbfc
6b2bae5d
6b2c1d97
6b2d3279
6b2e6d2a
6b2f2016
6b307b36
6b31a13f
6b328933
6b330f02
6b3420a9
6b35782e
6b361e6e
6b37cd0e
6b382780
6b39e368
6b3acfca
6b3bc4cc
6b3c622a
6b3d3230
6b3e01ab
6b3f0dbc
6b408aa1
6b418a36
6b42e3d7
6b431bff
6b445403
6b452594
6b4671e9
6b476106
6b489e7a
6b49513a
6b4a127d
6b4b241a
6b4c5f3e
6b4d2245
6b4e7347
6b4f0109
6b50ecf4
6b516a4d
6b5294bf
6b53facd
6b5421bf
6b552831
6b56c734
6b574d6d
6b58dfb8
6b5913d8
6b5a968e
6b5bb660
6b5cae9f
6b5d8b87
6b5e9d22
6b5f8f42
6b60401e
6b61c054
6b620322
6b63bafb
6b641925
6b65b452
6b66b3c4
6b674d6d
6b6834c0
6b69e95c
6b6a17ec
6b6b5b12
6b6cd3e1
6b6d8134
6b6e9945
6b6f8b08
6b70bc8b
6b71e47d
6b72e747
6b73d4c9
6b74c30b
6b759508
6b76143b
6b772840
6b78d0b6
6b79263d
6b7a685d
6b7b392b
6b7cf8b8
6b7d27d3
6b7ef5be
6b7f9936
6b8045ed
6b816dac
6b820182
6b83cbbd
6b843be0
6b8537bf
6b86e82a
6b875559
6b887ca0
6b895aaa
6b8a825c
6b8b2d14
6b8ceed4
6b8d5864
6b8e16ad
6b8f8786
6b90880d
6b916234
6b92a6de
6b9375aa
6b9499a8
6b95d5cc
6b960df3
6b971080
6b98647f
6b994f06
6b9aca01
6b9b300b
6b9c353a
6b9d138a
6b9ed53a
6b9f2827
6ba0b27b
6ba1ed34
6ba27c88
6ba3175a
6ba4cace
6ba5e8a5
6ba6b53b
6ba7fc77
6ba83984
6ba9b8b0
6baae0e8
6babb90c
6bac5f66
6bad9e04
6bae33d3
6baf589a
6bb0097d
6bb19113
6bb2c696
6bb30b98
6bb40741
6bb554c2
6bb68a4f
6bb76565
6bb8090d
6bb99fea
6bbaf7bb
6bbbbbbc
6bbcd6ee
6bbd4dc5
6bbef2a1
6bbf955d
6bc0f178
6bc1c678
6bc22510
6bc3ccff
6bc41d0d
6bc598a5
6bc604b5
6bc7cfdc
6bc8b93b
6bc9729d
6bcacc3b
6bcb7e22
6bccfe1c
6bcdfb22
6bcec7e8
6bcf5775
6bd02ce2
6bd10fc4
6bd214f0
6bd3db26
6bd4658c
6bd50480
6bd69a62
6bd70d1a
6bd8d645
6bd915bc
6bdab3dc
6bdb3c35
6bdc4edb
6bdd9b11
6bde5d43
6bdf6cbe
6be0e9b2
6be1dedc
6be24392
6be3c7f7
6be4e9de
6be58100
6be6c901
6be7f5c3
6be8eb73
6be9d9eb
6bea84a4
6beb744a
6becf2eb
6bed6d11
6bee9075
6bef6226
6bf058c7
6bf1b034
6bf2a360
6bf32f16
6bf4a9b6
6bf58292
6bf6151f
6bf77007
6bf8f0c0
6bf9165e
6bfa84ba
6bfb178a
6bfcf72c
6bfdbb5e
6bfec198
6bffdad8
6c00f11d
6c01cb9e
6c025ad7
6c0364ec
6c04536d
6c05ecc4
6c06bc51
6c074245
6c089a07
6c09c107
6c0a077d
6c0b0d2b
6c0cdd8f
6c0d2e5b
6c0e2332
6c0fe1b3
6c1014e1
6c11bf7b
6c12653b
6c130212
6c14857b
6c1585de
6c166aa8
6c17dc04
6c1878ac
6c193f41
6c1a41dc
6c1b0c98
6c1c7bbf
6c1d1bd0
6c1e6e27
6c1f9bee
6c20c8da
6c21d70c
6c22785e
6c239cad
6c246aa2
6c257c5b
6c26b165
6c27fc9a
6c2892b3
6c295fd8
6c2a2f04
6c2b86e4
6c2c8a3c
6c2d8e65
6c2e1084
6c2f9ec8
6c301bdd
6c311793
6c32a21e
6c33b700
6c343439
6c35165e
6c36d514
6c3710fc
6c3879e6
6c3905eb
6c3afdf5
6c3b1537
6c3cea89
6c3d9362
6c3e6e83
6c3f0a4b
6c402d22
6c41dea7
6c421e4b
6c4351f8
6c44e885
6c457f3b
6c46893c
6c474609
6c485a63
6c4984fb
6c4a03ac
6c4bb7e6
6c4ceafe
6c4d95e0
6c4ea66a
6c4f80a9
6c505223
6c51bb00
6c5222ef
6c53f90a
6c54f069
6c55216d
6c560d55
6c5714b6
6c58bf75
6c59d12c
6c5a94f1
6c5b0fc8
6c5c8db9
6c5d80a6
6c5ec65a
6c5ffa65
6c6041ec
6c61fee7
6c62d4d2
6c63185f
6c64efa3
6c65ab51
6c66f248
6c674287
6c68b52b
6c69abc0
6c6a33af
6c6b7662
6c6c0781
6c6dd0fa
6c6e0b33
6c6ffec3
6c70448f
6c71d995
6c72d296
6c7352f2
6c745316
6c75d0b1
6c768110
6c77696a
6c7867cc
6c79cead
6c7a4fdf
6c7b43a0
6c7ca580
6c7de1ef
6c7e553b
6c7fef7b
6c80effa
6c813ae2
6c82b1ce
6c838443
6c84b9e3
6c85cdec
6c868aa1
6c87b43f
6c881541
6c89c8f2
6c8a665a
6c8b4087
6c8cf70c
6c8d8724
6c8e7387
6c8f4b46
6c90ee78
6c9193bd
6c9269f8
6c930863
6c944af2
6c951d8d
6c9680c2
6c9758b5
6c98a992
6c99a959
6c9a4202
6c9b00cd
6c9cf71e
6c9d2c6b
6c9ec7bc
6c9fab8e
6ca06ede
6ca15402
6ca2cf3b
6ca3218d
6ca45714
6ca50ecf
6ca66c4c
6ca73063
6ca82bc7
6ca98624
6caaa4b6
6cab7b9b
6cac51a9
6cad9c11
6caee30e
6cafea0a
6cb0cf8e
6cb116e1
6cb29f9d
6cb3d446
6cb4a179
6cb55441
6cb62e61
6cb7754a
6cb8a4a5
6cb91c33
6cba1e5b
6cbbb0b3
6cbc166d
6cbd53a8
6cbe9cd9
6cbf703a
6cc086c0
6cc1b0d8
6cc297cd
6cc3c81e
6cc451ab
6cc58fd7
6cc65284
6cc7cad0
6cc8fe8c
6cc9c3f7
6ccabe41
6ccb597f
6cccf364
6ccd7ff4
6ccef42d
6ccfd069
6cd059ab
6cd10bf1
6cd2d910
6cd34cee
6cd4cfd5
6cd52895
6cd6d7c7
6cd7e69e
6cd826e4
6cd98c54
6cda5c89
6cdb92e8
6cdce955
6cdd014a
6cdee8ca
6cdf963e
6ce05e65
6ce1a343
6ce2a973
6ce3a633
6ce4e992
6ce5adfc
6ce6a2a8
6ce77c8f
6ce815f7
6ce9dab2
6ceae265
6ceb0e4a
6cec6c52
6cedc82d
6ceea1fb
6cefd0be
6cf0863d
6cf18ea0
6cf29782
6cf36cd7
6cf47411
6cf5acd1
6cf6e584
6cf74e15
6cf87742
6cf95fcf
6cfa864c
6cfb6ac8
6cfc3aeb
6cfdfaec
6cfe0a34
6cff52be
6d00aa8c
6d011a8a
6d02107e
6d03a063
6d048826
6d05974b
6d062c03
6d07e711
6d08e944
6d096477
6d0a7484
6d0b244d
6d0c4101
6d0d50b2
6d0e2348
6d0fd52d
6d10b0ce
6d1129b2
6d12e91a
6d138b99
6d14bf04
6d154977
6d164262
6d1785c6
6d189a30
6d196695
6d1a28ed
6d1b4c5c
6d1c7dba
6d1df6cd
6d1e56e2
6d1f0669
6d209bc3
6d213592
6d22b5b8
6d23903a
6d24fe0c
6d253c7f
6d262ed6
6d279516
6d283070
6d29a033
6d2a489d
6d2befb9
6d2cdf8a
6d2def54
6d2eac8e
6d2f144c
6d301ed2
6d312304
6d32a9f4
6d334563
6d34881e
6d35b2a5
6d3661f8
6d37e45f
6d38fcfa
6d39d9fb
6d3ab67f
6d3bd983
6d3c03c4
6d3d379f
6d3e79f8
6d3fc845
6d401b1b
6d41d4f1
6d4235a6
6d436adc
6d448914
6d45d59e
6d46856b
6d479d00
6d48b0d6
6d496de4
6d4a1287
6d4b6dfb
6d4c04e3
6d4dbacb
6d4eef84
6d4f18b4
6d50a74f
6d5165d3
6d52b6ba
6d53cb3c
6d5436fa
6d55cc45
6d56e00c
6d576a21
6d584988
6d59b4df
6d5a33d0
6d5babe2
6d5c63f0
6d5d68fc
6d5e00ed
6d5fc3db
6d606e35
6d6103a5
6d629b95
6d6358a7
6d64c7bc
6d65090d
6d66430b
6d67026d
6d6866d0
6d69a59e
6d6a2cc2
6d6b98e8
6d6c9f87
6d6d493d
6d6e5f03
6d6ffc61
6d70732d
6d718a07
6d7211ce
6d738903
6d7441c6
6d75afee
6d76a85b
6d77cba0
6d7842d5
6d79e9a8
6d7a6f06
6d7b5a40
6d7c0958
6d7d04b1
6d7e019c
6d7fbd0c
6d800e81
6d8133c3
6d82ff1b
6d83fbf8
6d8478d2
6d855d5e
6d86cdd6
6d8738ca
6d88cbee
6d895839
6d8a9b4f
6d8bb97d
6d8caa10
6d8dea79
6d8e6a94
6d8f2722
6d908b89
6d91f2cb
6d92c89a
6d933fd1
6d94d140
6d954982
6d967717
6d97ac0e
6d98d2fc
6d99e780
6d9a7e1f
6d9bdaca
6d9c5fa6
6d9d3e67
6d9eb0d3
6d9f9cc9
6da0af1d
6da1cd6e
6da2307f
6da38681
6da4b449
6da5fd2d
6da6b991
6da72ea2
6da81f49
6da94f85
6daa989a
6dab242f
6dac6cde
6dad9d04
6daee3ed
6daf6e3f
6db03ff8
6db1b0cf
6db29029
6db3e9d5
6db47ac0
6db50647
6db6c904
6db70360
6db81a96
6db907bf
6dbaf50c
6dbb31c4
6dbcb83b
6dbd1f23
6dbe437b
6dbf1cb8
6dc04577
6dc119f0
6dc24a29
6dc3607f
6dc4096c
6dc5cd05
6dc6eb9d
6dc7abf7
6dc80dd7
6dc973d6
6dcabb10
6dcbdcc9
6dcc94b4
6dcd7724
6dce47e3
6dcfd018
6dd0f798
6dd16ed3
6dd2f35c
6dd34a05
6dd4f09f
6dd546d2
6dd63765
6dd7502f
6dd80157
6dd9571b
6ddacd89
6ddb4890
6ddc1952
6ddd6e25
6dde8f8a
6ddf741a
6de032d7
6de1ecea
6de2e7c4
6de3d1bb
6de4f6e0
6de58f1d
6de619f7
6de7528e
6de8cdf3
6de93193
6dea56f0
6debc400
6decbaf4
6dedb749
6deea5d9
6defcee3
6df0bfd2
6df1637a
6df2480b
6df35068
6df48898
6df50253
6df6e368
6df74fde
6df8b389
6df977b5
6dfa5f48
6dfb43a8
6dfc09ff
6dfdb169
6dfe0f94
6dff0745
6e007efa
6e019e92
6e020010
6e033f05
6e047286
6e0504a6
6e06306f
6e070e83
6e08d98c
6e0966ae
6e0a5e33
6e0bced8
6e0ccfae
6e0d5d9d
6e0e8de3
6e0f94e2
6e10bfb4
6e11f19f
6e125031
6e13425f
6e144af8
6e158aee
6e16786c
6e1713d3
6e1837f4
6e19cc22
6e1a6f1e
6e1ba9ec
6e1c9399
6e1ddb6c
6e1e4828
6e1fe651
6e2005f7
6e21c8cd
6e22846c
6e23af19
6e24e923
6e254600
6e26f71e
6e2763ae
6e28f58d
6e29d8d8
6e2a5b54
6e2b2a3d
6e2c2864
6e2d9239
6e2ebe1c
6e2f1ed4
6e308ed7
6e3135c5
6e32476a
6e33eb2f
6e342e4b
6e35434d
6e360928
6e371e88
6e388343
6e39b5ad
6e3a8a51
6e3b522f
6e3c6bfa
6e3dba56
6e3ee70e
6e3f3aa8
6e40a58b
6e4199ae
6e42b707
6e43f0af
6e448682
6e45575a
6e46d22f
6e471c04
6e48b47b
6e499477
6e4a6bdd
6e4b212a
6e4c7c34
6e4d8b98
6e4e80f1
6e4f0225
6e507462
6e511daa
6e52d3d1
6e53f0a9
6e541740
6e556a50
6e5692ca
6e577516
6e58c718
6e59f3fb
6e5ac40e
6e5b3645
6e5c8390
6e5d8987
6e5eac92
6e5fb8cc
6e606135
6e618e50
6e6231c9
6e63e90b
6e6444df
6e65a357
6e66c14e
6e6716d5
6e68bdb1
6e6968f7
6e6a9849
6e6b283d
6e6cdc41
6e6d4259
6e6e095e
6e6f27a1
6e70edd9
6e7111ef
6e721fb7
6e734fbd
6e7406a4
6e75f0d9
6e7602ba
6e77300e
6e783312
6e79cac4
6e7aeaf0
6e7b8548
6e7cca50
6e7da554
6e7ead5d
6e7f1dfa
6e80ddb3
6e816656
6e820669
6e834b01
6e84943d
6e854240
6e868d14
6e87a6a9
6e880be3
6e89d39f
6e8ad195
6e8bcfe6
6e8cdb56
6e8ddeeb
6e8e80a0
6e8f56de
6e900cdf
6e91a90e
6e92d437
6e931f6c
6e94a252
6e95d012
6e96a0a2
6e976113
6e98a474
6e990f74
6e9abb8b
6e9baf83
6e9ce917
6e9dae20
6e9e3c48
6e9f053a
6ea06a75
6ea162e3
6ea20118
6ea39636
6ea4799f
6ea5ff97
6ea66e75
6ea78a6c
6ea8c04f
6ea92d9c
6eaa57cd
6eabe0ea
6eac8482
6eadeb56
6eaed18c
6eaf9b75
6eb07861
6eb1e094
6eb25edd
6eb320df
6eb48bb2
6eb530d6
6eb66142
6eb7a2ad
6eb88497
6eb986b0
6eba5918
6ebbc382
6ebcfa3c
6ebd55ba
6ebeeb6b
6ebfab1d
6ec076a5
6ec1f1d0
6ec2c43f
6ec3bf8b
6ec4b30e
6ec5ffdf
6ec6e4ed
6ec73dce
6ec8bb47
6ec9ca11
6ecaba98
6ecb0883
6eccbfc0
6ecd407e
6ece6d54
6ecfe4f9
6ed06541
6ed1b52f
6ed2fd95
6ed31632
6ed40241
6ed59ad0
6ed69ed1
6ed78c72
6ed8ac65
6ed990cf
6edab25a
6edbe5f4
6edcba27
6edd380f
6ede7026
6edff1d0
6ee02cee
6ee10e9c
6ee2124b
6ee30424
6ee46832
6ee5432f
6ee6743c
6ee78c0d
6ee81ed4
6ee98e83
6eead8a6
6eeb10fa
6eec21ad
6eed6b86
6eee796c
6eef7fa3
6ef00344
6ef1bca7
6ef2cb58
6ef36857
6ef4d1e4
6ef5c47a
6ef69b49
6ef74073
6ef8ba87
6ef9a026
6efaa23b
6efb334f
6efc7327
6efdf67a
6efe831a
6eff9a69
6f005d7a
6f01b8e6
6f022833
6f03cd28
6f04c33a
6f054211
6f06baf0
6f07fb05
6f08a3e4
6f094d72
6f0abdcc
6f0be397
6f0c6e2f
6f0db3bd
6f0eb7c5
6f0f2bf6
6f105f72
6f11f7ee
6f1271ec
6f13f930
6f144e3b
6f15544e
6f160d6e
6f17ebd1
6f18112c
6f1972ce
6f1a36f0
6f1b3764
6f1c2ff0
6f1dd1e3
6f1ee261
6f1fe007
6f20fdd9
6f21d3a3
6f2279da
6f23df1c
6f24de08
6f25d9ae
6f2604b9
6f278c5f
6f285ae8
6f29d56c
6f2a0d90
6f2bfa78
6f2c0e4d
6f2db20b
6f2e92f1
6f2fe5da
6f306ddc
6f31d288
6f320454
6f33345c
6f34f161
6f352672
6f360fac
6f375b48
6f387c7e
6f39c860
6f3a411a
6f3b8887
6f3c86d5
6f3d259a
6f3ef5a6
6f3f2275
6f405897
6f41a415
6f42a4d3
6f432df0
6f443dba
6f45e032
6f461953
6f4784e9
6f48ab0e
6f493379
6f4ab61c
6f4b6f23
6f4cc6a3
6f4d97fb
6f4e0c7c
6f4fe9e2
6f50108f
6f516ce9
6f52747f
6f530eff
6f54e978
6f550b42
6f569e5b
6f578ea2
6f581f8e
6f5948cb
6f5a303c
6f5bf8d5
6f5c05d0
6f5d229b
6f5eedf8
6f5f380a
6f608381
6f61d2ae
6f622314
6f6338c4
6f64ad73
6f65dd03
6f662ad6
6f673c0b
6f688f32
6f6972dd
6f6a3f87
6f6b3d3a
6f6ce880
6f6d1bcd
6f6e7321
6f6f4f4f
6f70e378
6f719c77
6f72735e
6f735230
6f74752b
6f7564aa
6f76bf8b
6f77255c
6f785fab
6f7943de
6f7a37bf
6f7b4fbb
6f7cc5a2
6f7dc9b8
6f7ed1dd
6f7f66ac
6f80f2c4
6f819afc
6f82e7df
6f83d011
6f842996
6f85a9cd
6f86ff96
6f87fa80
6f887985
6f890171
6f8a4877
6f8b7cf4
6f8cd23f
6f8decc7
6f8e54eb
6f8fa423
6f9036c1
6f911bff
6f92f6fa
6f930050
6f941030
6f956286
6f963c5b
6f97e3fd
6f98682a
6f993d91
6f9a8fc6
6f9b59ed
6f9c09c9
6f9d3eb1
6f9e4312
6f9ff249
6fa0cc09
6fa12f20
6fa277c0
6fa3c8d5
6fa47faf
6fa57e5e
6fa61e4a
6fa77a3d
6fa84190
6fa91f6c
6faa9729
6fab9d30
6fac2b5b
6fad466a
6fae48c1
6faf46fe
6fb0d7b5
6fb15e1a
6fb2aee3
6fb39e1d
6fb47825
6fb572ea
6fb69c7d
6fb74393
6fb831f0
6fb9b01a
6fba65d6
6fbbc707
6fbc8c76
6fbdc2dd
6fbe8bf4
6fbf8b48
6fc00bf1
6fc1dd07
6fc2f2c5
6fc394e4
6fc448d1
6fc5905b
6fc69a49
6fc75835
6fc8a5f7
6fc9c29d
6fca62b5
6fcb7923
6fcc147b
6fcd188f
6fce83ba
6fcf84fe
6fd0729f
6fd1448d
6fd2af25
6fd36551
6fd4eed8
6fd5f94d
6fd6e3f2
6fd7d736
6fd89bf8
6fd9172b
6fdaaf83
6fdb6057
6fdc018a
6fdde844
6fde337b
6fdfb5b3
6fe0127a
6fe133b8
6fe2bf5c
6fe32e30
6fe40bba
6fe57725
6fe6f16a
6fe72eb4
6fe84b99
6fe9b176
6feaef30
6febb65a
6fec9c0f
6fedbdba
6feeeebd
6fef8b3c
6ff039ec
6ff15848
6ff28794
6ff359a0
6ff41566
6ff5bb72
6ff658f2
6ff7876e
6ff83158
6ff94fd7
6ffa6bd5
6ffb6e2b
6ffc769d
6ffdde00
6ffed973
6fff8c0b
7000cb06
700173db
70020465
7003da8d
7004835f
70058334
70060889
7007ff92
7008b3b7
7009469e
700ab16a
700bfd4c
700c219b
700d58ee
700e41a1
700f7238
7010a267
7011bf02
7012da02
7013590b
70143bd5
7015d0be
701610e3
701760ea
7018fb3d
70193f37
701a7a4d
701bce01
701c0ce1
701d8597
701e375b
701f164d
7020d101
70217728
7022fe23
70238b93
7024fa2f
70250bde
702616b5
7027a88f
7028acbd
70292d62
702a0ca6
702b2d0f
702c9da2
702d6ef0
702e4344
702fed16
7030cfd7
703170a6
7032d20e
7033f3ef
70344ce9
70359222
703671d8
703759e7
7038c339
7039730e
703aab1b
703b14ef
703cf06c
703da757
703e95fd
703f129a
704083b4
7041ba0b
70421969
704303e0
70448c5a
70455f18
704609a8
7047c4de
7048af2f
7049e47f
704af71c
704be5f5
704c82ac
704d1d03
704e4ed2
704facfb
7050d6c4
705177d2
70528b95
705396be
70545209
705592c6
705612bd
70577b8d
7058b8d8
7059780a
705ab602
705b402e
705c852a
705dca4a
705ee035
705f90b9
7060821a
7061a739
706203b1
7063b13a
70641e8a
7065b119
7066b29d
70678fd6
70680591
70692954
706aef68
706bfd0d
706c4fe1
706d3b74
706e1388
706fd0bf
7070bda4
707121d1
7072bc60
7073babb
70746d03
7075e4d2
70765066
7077e698
707895bb
7079b2b8
707aeb29
707b3352
707c8a88
707d750f
707e6818
707f750e
70806d31
708196cc
7082fd22
708389e2
7084237e
70852a0f
7086af6e
70870f96
7088eb4d
70892008
708a871f
708bb764
708c74fb
708d79eb
708e8ea3
708f7fac
7090de48
70912176
709293d8
70931c57
70948055
709541af
70961338
709737dd
7098620d
70996802
709a2181
709b1833
709cd328
709d7902
709e7090
709f1238
70a0ad8a
70a1eaf7
70a21e59
70a39865
70a46527
70a54b68
70a6c1ca
70a70e42
70a85766
70a9272c
70aa3f1f
70aba5ad
70ac3437
70ada8a7
70ae4142
70afc1ad
70b0fb0c
70b13f9e
70b2dfc1
70b3fd5f
70b4a9f1
70b59990
70b6beb8
70b76a91
70b85cca
70b9c7c4
70ba5b79
70bb50a3
70bcc4f6
70bd1c56
70bed439
70bfe9f0
70c04c73
70c1f94c
70c2483c
70c35023
70c4139b
70c5eb24
70c666f3
70c7c923
70c8c862
70c91afc
70ca1ae9
70cb9dba
70cc11b6
70cdafd5
70ce2674
70cf78c4
70d036d3
70d1e68d
70d224e8
70d31a3c
70d459ba
70d5ce6e
70d6ca6e
70d7d10a
70d8a73a
70d9bdba
70daa839
70db6da0
70dc6fc8
70ddfc30
70dec2ab
70dfd226
70e07bdf
70e15e0f
70e218ac
70e3877a
70e41f72
70e5bbcd
70e6a2e2
70e7ce37
70e8b416
70e94c00
70ea4a00
70eb47e5
70ec2355
70eddbe1
70ee5d60
70ef1fed
70f001d3
70f11cf5
70f2a68e
70f33582
70f43acf
70f50fe8
70f6b2b7
70f759e1
70f88cdf
70f91eb3
70fa3107
70fb3cc7
70fcd620
70fd796d
70fec2f8
70ff73c5
7100165c
71014904
71028c77
7103918b
710476b4
710525fb
7106c9ec
7107a6d1
7108cfe1
71099fa8
710aa739
710bf54c
710ca490
710dc62f
710ee2ec
710fb737
711027fe
71119e4a
7112e95d
711387a7
71143df7
711587be
71168c93
71174462
711815ec
711958cd
711a8294
711b4cdd
711c44f4
711d234c
711e04cf
711f4b45
7120da87
71211bbc
71225446
71231eb3
71242f5f
7125d3e3
71269c2d
7127392c
71287bcf
7129c929
712a611b
712bcb00
712c8c4d
712d8005
712e5925
712f8376
713094e5
71314766
7132b2e6
7133ac08
7134c426
7135acda
713663aa
7137cbac
713890ae
7139842c
713ac004
713b89cf
713c30a7
713d3c55
713ea441
713f61f6
71406739
71413025
7142101e
71436cd2
71443260
71452664
71464172
71471026
7148217d
714947a9
714a54da
714b2eb9
714c384b
714d36cb
714e9afa
714f24b5
7150bdc1
7151c144
7152b702
71533976
715417ae
71552478
7156946f
7157fc3a
715839fe
7159f6c0
715abe6a
715b18ed
715c33d9
715df5eb
715e9249
715f6ca8
71607903
7161f245
71622e6f
7163a1ca
7164bc64
71652003
71663467
7167a97c
7168435d
716923c1
716ada4d
716b9d49
716c73e8
716de306
716e0859
716fe960
7170613e
71719312
7172c0a0
7173a6e0
717405a3
7175e7fc
71768522
71775051
7178d5fc
7179e190
717a9ff1
717b4717
717ce581
717db1bf
717ebbe7
717f2217
7180290d
7181ce6c
7182919f
71839333
718406ab
7185e7cc
71860acf
7187b88e
71886097
71895172
718a0de4
718b5446
718c14d5
718dad2e
718e4a3b
718f7d3d
7190420e
71918b61
719230e5
7193c92b
7194a778
7195505a
7196742e
71977cf0
71980d79
7199977b
719a6ce1
719bf506
719cd85a
719de55e
719eb97f
719f6dfe
71a030a2
71a1c3a4
71a2855e
71a30e91
71a4cf8b
71a52b5a
71a62f21
71a7d25a
71a84d07
71a94daa
71aad7a1
71ab29c1
71ac6c4d
71ad6b00
71aee5fa
71af023b
71b06560
71b1e698
71b2f3b0
71b3f37b
71b43079
71b5e02f
71b65db1
71b71970
71b840e5
71b93ed5
71bae9fa
71bb2655
71bce256
71bd7d82
71be6716
71bf9f8f
71c08bb7
71c10c67
71c2b2c1
71c3cc49
71c47266
71c5c3de
71c6376a
71c7e24c
71c8888e
71c9bacc
71caad94
71cb9e6f
71cc963b
71cdb4b9
71ce0202
71cf4982
71d054c8
71d1cfba
71d2cb48
71d39c3f
71d409b3
71d5a9d4
71d6ed7e
71d7c434
71d8c69e
71d9a75c
71da143a
71dbabfb
71dc339b
71dd3da3
71de4385
71df879e
71e02191
71e13362
71e24ce3
71e35820
71e489a5
71e5924a
71e6a163
71e7634c
71e82084
71e980f4
71ea35ca
71ebf77f
71ec8706
71ed0eda
71eee5a2
71ef9552
71f02699
71f14e37
71f24fab
71f39be3
71f42c88
71f59d26
71f62e73
71f774a1
71f8e787
71f9cdaf
71fad263
71fb0944
71fc417f
71fd8d10
71fe974b
71ff75d7
72005467
72011e30
72024241
72037c92
72048086
7205942e
72068d28
72074251
72089181
7209b0c1
720a28e8
720b4561
720ce0d3
720d05ac
720ee795
720ff73c
7210bd9d
7211499e
72125ee7
72133fe5
7214ae57
72155ba8
72168cea
72172089
72189ad1
72198313
721acae5
721b8c43
721c50d5
721db03a
721ea639
721fc87a
72204c3f
7221ed18
7222b7fe
722382ac
7224bd5b
7225b125
7226cd41
7227d302
72282feb
7229bbc1
722a6e24
722b0fb8
722cf1b0
722d2594
722ede96
722f866e
7230f2b7
72317631
72321746
7233cc3a
7234dee0
7235cf80
72367322
7237e085
7238f9cf
72397f63
723a0fb6
723bbae2
723c748a
723d538d
723ed472
723fb77b
7240306d
72414fc2
7242ccbf
724307de
72447be4
72455eec
7246b661
7247b8d0
724810bc
72499532
724ae4ea
724b7c09
724c0180
724d3803
724ef7f1
724fd634
72509041
72514243
7252ed51
72530341
72549624
72554559
7256d512
7257e85b
7258aaff
7259cfc2
725a54c2
725b12c7
725cd538
725d28d8
725ec896
725fec18
7260fc2c
72616568
7262f2a7
7263836a
7264982a
72659657
72669e0a
7267e2a4
72683009
7269b35e
726ac6e8
726b2a88
726c0cb2
726d5622
726e3ce8
726fd9e0
727076f4
72716ea7
7272573e
72739328
7274d5db
7275f91b
727638ec
72778100
7278ce0d
7279006f
727a4936
727b71d7
727ccd20
727d51dd
727ecd7b
727fb9e8
7280337f
72810220
72820fe7
7283619e
72848e94
7285f236
7286c2bb
728733cb
7288e3d0
72898626
728a18dc
728be105
728c27da
728d1f5a
728e24af
728f6e21
72903927
7291465c
72922d96
72936d45
72941fb8
7295d7b8
72962409
729733f9
72984ef0
7299a213
729a5b69
729ba58c
729c740b
729d71ed
729e48f3
729f2241
72a08162
72a169d3
72a27f3c
72a3ba0e
72a44de3
72a5c9ac
72a67fae
72a72897
72a830ec
72a9b4ec
72aaf0be
72ab5d32
72ace95c
72ad952c
72ae5203
72af0901
72b058cf
72b12957
72b226e0
72b36da0
72b4191e
72b51379
72b6ed48
72b72a58
72b8f8b2
72b9e035
72ba980c
72bbb208
72bc6418
72bd48e7
72be7bf8
72bf19b9
72c03a39
72c103c4
72c22323
72c3c309
72c47dd5
72c51f30
72c6607c
72c7cc12
72c846e3
72c95014
72cac8dc
72cb345a
72ccc65d
72cd5bd0
72ce4cc5
72cfa7ea
72d0f989
72d1c57c
72d240dc
72d3e6a2
72d4b9c2
72d5d401
72d623fe
72d7725e
72d8869f
72d9ed00
72da1020
72db5831
72dcda3c
72dd07b6
72dea14a
72df1f5d
72e03fe0
72e1ec98
72e21b4c
72e34698
72e4c764
72e59fc8
72e6f350
72e7dfa2
72e84731
72e9c412
72ea84be
72eb3b80
72eccfe0
72ed891e
72eedadd
72efcffb
72f01220
72f19517
72f22bb0
72f3f523
72f4c10c
72f5c440
72f66de2
72f7bdda
72f8f222
72f92335
72fa42c6
72fbbe09
72fcf012
72fd6332
72fee3ce
72ffa5ce
7300c86a
7301dae3
7302e84a
7303abd4
7304287d
7305b143
7306bfbd
7307de69
73087daf
7309b60e
730a0976
730bdd26
730cc4d1
730defef
730efa30
730ff127
73101678
73114545
73124e26
73133c46
73146cbb
7315627b
73168ea5
7317c350
73188684
73190253
731a379e
731b2ade
731cb799
731dc6c5
731e6d02
731f1356
732060b7
73219588
7322eb03
7323263f
7324eebd
73257eec
732677a3
7327b1c7
7328f781
73298ad3
732a5498
732b699a
732c0448
732dfa91
732e55d1
732fc381
73302885
7331b74a
7332327b
73335741
73346d54
7335af4c
7336cada
7337049b
73389d21
7339f67f
733a2e69
733ba6fa
733c342b
733d1c89
733edcbf
733ff340
7340a149
7341ff66
7342bb7f
7343bea3
7344aff1
7345fcc9
73466ff1
7347f781
7348754e
7349d6a0
734a8e9e
734b2608
734c92b6
734d668b
734e0520
734fc155
7350680a
7351c7f9
7352328a
73534533
7354ab22
735524d0
7356dc5f
7357c364
73583af5
7359c88f
735ad626
735b6422
735c4c0a
735d1397
735eccbb
735f3660
7360e6d9
73619025
73626d1c
73632412
73648bff
7365f3b1
7366322c
73674b39
73681639
7369ce9b
736a063f
736bb48b
736cd2d4
736df3fd
736e9bc1
736f91b7
73705516
7371a9ec
73721549
737366bb
7374f182
737584f4
737689ae
737753ba
7378ae7b
737964b6
737a6782
737b74c7
737c94f8
737d5f93
737e8de7
737ff2dc
7380b468
73819595
73828f7b
73831f9c
7384dc9b
73852bc7
738618fb
7387c40b
73881cd1
7389098c
738a6821
738b7c80
738caed2
738dccb6
738ed5bd
738f59ad
739094d7
7391020e
73922d1c
739338bc
7394ef11
739514ff
73961ddd
73974ab8
7398dba4
7399c0cb
739a22b9
739bc0e4
739c7a86
739d0a5e
739e73b0
739fbb5d
73a091d3
73a12bcf
73a2b306
73a35eff
73a4ce85
73a564dd
73a6039c
73a78471
73a8db1f
73a9f37c
73aaece4
73ab2c22
73acfa7b
73adcdea
73ae4d2f
73af320f
73b0109f
73b1fd7a
73b21216
73b3c587
73b4c74c
73b57830
73b6f4ae
73b74b25
73b826ab
73b9b9e6
73bafa32
73bbf2d5
73bc4313
73bd5d74
73bee5ce
73bfc0c5
73c0e27b
73c1ae8e
73c26556
73c37162
73c43247
73c5d196
73c626f3
73c70247
73c815bc
73c9d51e
73ca4328
73cb9021
73ccb891
73cd61d0
73ce077f
73cf430a
73d0fe51
73d13f8b
73d2526b
73d37f49
73d42d88
73d5939e
73d63a93
73d7230e
73d838a1
73d9b409
73da9ffe
73db22a1
73dcdc8a
73dd1530
73de17ae
73dfffa8
73e050ac
73e1f9ec
73e2ff7b
73e32595
73e4e69f
73e578a9
73e6ecf0
73e76397
73e80de5
73e9cc67
73ea01f6
73eb38f0
73ec5187
73edb9fa
73eea64e
73efa819
73f0e11a
73f10597
73f2b3be
73f34c33
73f446ce
73f5f5e3
73f637e3
73f7755f
73f86271
73f97f70
73fafe06
73fb88c4
73fc0460
73fd1c30
73fe1bfb
73fffe13
7400dbce
7401e143
7402c1fa
74034813
7404b747
7405a1fe
7406291b
7407789c
7408ede3
74090790
740ac65e
740b9cea
740cc1df
740d75dd
740e6427
740fa361
741078ae
741164ee
7412382e
741310f5
7414fd59
74158393
741693ed
7417a6b0
7418953e
7419d738
741ac303
741b56f7
741c1cbe
741d8223
741e6518
741f474f
7420095a
74217d58
7422607e
742321bb
74245f03
7425eed8
7426a989
74274717
7428d62a
74291ccc
742ad28e
742bbb81
742c32b7
742d9ff1
742e8a4d
742fb247
7430cb22
7431d1c8
7432bfcd
7433f9b9
7434a659
74356faf
74361e03
743765c1
74382873
74399424
743a62f8
743b94e9
743c601c
743def24
743e8ee0
743f65c4
7440c239
7441e5c0
7442f032
74437c5b
7444d9e6
74454c15
74462498
7447941c
74487170
74498ed8
744aa6b1
744b3885
744cef72
744d7eca
744ecacf
744f8d69
74509c64
74514e9d
745277b9
7453b6ac
7454de25
74550377
74569e1c
7457235d
745871b8
7459db2d
745a1486
745bc00b
745c06e6
745df4ba
745ecfaf
745fdd0d
74601998
7461cbf2
74622710
7463c1ad
7464a357
7465259b
7466f47c
74670981
7468f8fb
746907df
746a5455
746b6b54
746c5070
746d833a
746e9f6d
746f0c04
7470e3e4
7471cabc
747207ee
74731379
74743960
74755be3
7476cc6f
747756c8
747805e9
74795b80
747a1320
747b0351
747c8d36
747d26ce
747e857b
747f23bf
748057d9
748125e9
748200cd
748313b9
7484ec7a
74859d3a
74861571
7487d480
7488c7db
7489f2c4
748a232f
748ba7a9
748c59ce
748de4b9
748eeb8e
748febce
74906e64
7491d6aa
74929369
7493d6f3
74943f07
7495793b
74961dfa
7497a071
74986f3f
749949c3
749a0b5e
749b89fe
749cf94c
749d19d8
749e54ca
749f4e39
74a08999
74a13740
74a244d1
74a3b852
74a417ac
74a59a3d
74a6cc70
74a79729
74a87884
74a9a4ee
74aae1e6
74ab2a18
74acb11f
74ad8356
74ae1337
74af130c
74b0fa75
74b1e533
74b2c276
74b37d01
74b4a6f4
74b52077
74b65edf
74b7ba45
74b895fd
74b955a6
74ba2b8c
74bbce9b
74bc3fc3
74bd7c85
74be3a28
74bf9908
74c01055
74c1ea1f
74c2be7c
74c3906c
74c42526
74c5b304
74c6619b
74c791da
74c8be98
74c95709
74caa7d9
74cb7ed0
74cc6368
74cde29a
74cecd23
74cf3df3
74d0703a
74d1595a
74d2bd30
74d3d421
74d4ede0
74d51c7a
74d690c6
74d77d61
74d85923
74d92519
74da5bef
74dbded5
74dc89f0
74ddbe02
74dec0eb
74dfa037
74e04b14
74e171aa
74e284be
74e3c808
74e43eb0
74e5eecc
74e65539
74e78082
74e89ec1
74e9a786
74eaf4a4
74eb4078
74ecd499
74ed2fa9
74eec79b
74ef8a6d
74f06b2f
74f1226d
74f2f99b
74f31d5c
74f4fa35
74f5d545
74f6ca91
74f7db3b
74f83795
74f90957
74fae4ef
74fbdf8e
74fc2bf5
74fdad6a
74fed754
74ff0e81
750066e2
750195b0
75028383
75035846
7504b9d5
7505edef
750653e3
75078a10
75080665
75095b1f
750ac216
750bc861
750ca8df
750dc2c7
750e7764
750fba69
7510190c
7511d53a
75120811
7513db78
75147574
7515c9ee
75160e72
75175482
75184ad0
75192624
751ae957
751bbb20
751ca0b3
751d33e0
751eb617
751f392b
752091c2
7521a376
7522bafc
752385e3
75246796
7525dd96
7526afca
7527b56b
75281bb5
7529e243
752a9928
752bd5d1
752ceb6f
752db5e0
752ef0e5
752fc986
75301cfb
75319356
7532cd59
7533fac6
7534a9a0
7535de07
753642f4
7537db76
75384afd
75390e1c
753ad771
753b30dc
753ca0f2
753dec7c
753e2d5f
753f2a52
7540597b
7541f813
7542625f
75430610
75444967
7545bc11
754691db
75476acf
7548fe91
75492222
754ab678
754baec4
754ce801
754df68f
754e01ad
754f3404
75500f17
75516e87
75523362
7553a0b1
75544168
75553bad
75568094
7557fa70
75588e42
75594f11
755a3dbc
755b66a9
755cca53
755dcc80
755ed125
755fb302
7560e5f0
7561dcff
7562e1b6
75633213
75646c7a
75654833
756675fd
756724a9
75683c00
75691ada
756ad997
756b2022
756c417f
756d4009
756e2c2c
756ff06b
7570685a
75712602
75729614
75737cd1
7574a83e
757573ba
75765979
7577a87f
7578b223
75793ff6
757ae53a
757b2b72
757c5c4b
757df820
757ec308
757ffaa8
75804cf5
7581a48e
75822c63
75834b82
7584a8d2
758563a5
75863f95
75877322
7588b64a
7589677d
758a5b54
758bc639
758ca1d6
758d71ec
758e4c6a
758fa0d9
75904d42
7591182c
75924e79
7593911a
75948806
7595b63e
75967fd0
759719a4
7598600f
75992296
759a7cc0
759b9034
759c2a65
759da183
759e0c99
759f07e1
75a05796
75a1dfd3
75a23ae3
75a3a92b
75a42ce1
75a5773a
75a6810b
75a7603c
75a83ad9
75a917d7
75aa132e
75ab63b5
75ac9e28
75ade823
75ae3965
75af6222
75b0d118
75b157fb
75b21ae5
75b3779c
75b41095
75b51e9b
75b6b767
75b7d58d
75b849ae
75b9d205
75baee26
75bb73da
75bcbd43
75bd49dc
75be9c82
75bf6c20
75c0f965
75c10ef7
75c2d28c
75c38ab1
75c4b1ae
75c573db
75c61b33
75c75d4e
75c8160e
75c90877
75caaa31
75cb63dc
75cc6d73
75cd1d54
75ce5247
75cf0a81
75d0b9e8
75d1016c
75d2b444
75d35563
75d4414f
75d5ba9d
75d62b75
75d7f19a
75d83d42
75d9d7e7
75da757c
75db86d7
75dc7f54
75ddf32d
75de32a6
75dfc624
75e0bea7
75e19bb7
75e255c6
75e3b780
75e4cfc1
75e5f31a
75e606f5
75e73866
75e84cfb
75e9d994
75ea3729
75ebb9eb
75ec6b22
75ed14f0
75ee0b03
75ef21b9
75f0a321
75f17f97
75f2f475
75f3b41f
75f4626e
75f5aa01
75f64ce2
75f7eb20
75f81ec1
75f90ed1
75fa9825
75fbcbf7
75fc2222
75fd95bf
75fed8c9
75ff7e72
760057fa
7601f10f
7602e373
76031e89
7604aab1
7605860c
760680c1
7607c6a3
76080498
7609731d
760a0e1b
760b6c86
760c4c8e
760d71a3
760e15b0
760f36c4
7610a40d
7611a289
76127997
76135f28
76149962
7615816e
7616d84e
7617baa7
76184c53
76195b96
761ae863
761bef9f
761c907d
761d32a5
761ecf73
761f203f
762015c8
7621ca24
7622903f
76235583
7624d52c
7625c890
7626e0ca
7627523b
7628a672
7629a829
762abeb8
762b62ea
762c36bc
762daeb6
762e7114
762fe584
76304eed
763116e2
7632f134
76330c0a
76344f15
763513a2
76360b40
7637d443
76380f8d
76395590
763a74a4
763b83ba
763c604a
763d9e23
763e503b
763f7d4e
7640a559
7641098f
76420581
764391f2
76447804
7645480f
76460d35
7647b148
7648fcee
7649d544
764ae671
764b247d
764cbaf5
764da2d7
764e3dab
764faf0e
76506c9e
76511cb7
765217fe
76535de1
76540758
7655747c
765635e3
7657cff4
76589b1d
76598448
765a1f25
765b3951
765c5766
765dd243
765e2566
765f370a
766097b4
76614341
7662a183
766351bb
7664f4fd
766567ca
76663db6
7667ab3f
7668eb32
76691f52
766af688
766b6e74
766cbeab
766d5a51
766e98be
766fc8dc
76705506
7671319d
76729588
7673ef1d
7674d957
7675dbaa
76761af2
76775c5a
767836cc
76798606
767a4335
767bbbbb
767cfc6c
767db274
767ee892
767f5921
76808db1
76813ea5
76823461
7683476e
768418bf
76852f16
76866884
7687660b
76883100
7689c9a5
768ad6c2
768b8123
768c3b1e
768d5304
768ee667
768f796b
7690d834
76918929
76928d97
76936413
7694465c
769505b9
7696bec7
7697c248
7698b066
76994f0d
769a9ff1
769b37a6
769cc032
769d6c0e
769e1777
769f92c5
76a03016
76a19053
76a209ca
76a3df4f
76a42d7c
76a5ff49
76a60a14
76a72c54
76a8b97c
76a9907e
76aa793a
76ab9fff
76ac4e7e
76ad6947
76ae2f9f
76afc936
76b015b5
76b17ce6
76b29c15
76b3b43c
76b43e66
76b5b484
76b6e42a
76b79f06
76b88c53
76b93c2c
76bad6d9
76bb7456
76bc7b01
76bd2de3
76be88c8
76bfcfb3
76c0a99b
76c12631
76c251b3
76c3c0b6
76c44b15
76c56b7a
76c6283d
76c7fc88
76c849ea
76c90403
76caccc8
76cb79ee
76cc220b
76cd3aba
76cee2fc
76cf9a0d
76d0a60f
76d1a51c
76d26d5d
76d35a5c
76d43c5e
76d5c875
76d625ed
76d7fb53
76d8c0e5
76d9f686
76da374a
76db63dc
76dce3c0
76dd8c85
76de0339
76dfe6af
76e073b8
76e19e0e
76e28605
76e34dc3
76e40cd3
76e51eaa
76e6eaf4
76e792e5
76e87e4f
76e91d96
76ea6459
76eb1790
76ecaf8b
76ed6c04
76eecab3
76efc8df
76f09e8e
76f1d6e6
76f2456e
76f3b416
76f4631b
76f596be
76f6b6de
76f7cdcf
76f85240
76f9cede
76fa260a
76fb1742
76fcc3ae
76fd5e30
76fe0e39
76ffca1d
77007566
7701595d
7702cd67
77033a64
7704d40c
77050afb
7706c67c
7707a61e
7708fb53
77098a3c
770a9790
770bb61a
770cd7e1
770da43f
770e47a8
770f9538
7710d146
77119aa6
77120b91
77134a25
77148985
7715f25e
7716dc48
7717094d
77181144
771960c6
771a8f4a
771b5e9b
771c2659
771ddb07
771e6a7d
771fb48d
7720b581
77211fd3
7722e6ac
7723d22a
772484e7
7725d213
7726bd29
77273c38
77285deb
77293071
772aa386
772bb1e0
772c32fe
772d348f
772e4676
772ffcf0
7730ad43
7731fe98
7732ffc5
77336323
7734dcc7
77351d9b
7736429b
77374794
77385118
77392563
773ae02c
773b81a7
773c862e
773df461
773eaf6e
773f6497
7740e67f
7741c06a
77429936
77430964
7744ed8d
77456adc
7746dfc7
7747bbbc
774897ac
7749c20d
774a6fac
774bb2dd
774cfa37
774d6cdc
774e76d9
774fc275
77501ba5
77517f52
7752114d
7753453a
7754562a
7755ab41
77560be8
77570610
77585c5e
77598fbb
775a6a34
775b50c8
775c713b
775d54a8
775e19fa
775fab44
77604e2f
77613225
776247c2
77637fda
7764437d
7765b797
7766a873
7767dba6
7768dc71
7769fd7e
776a0e93
776b7819
776c46eb
776d9b29
776ef563
776f5638
777001f0
777102e4
77726a4b
77736c39
7774ea66
7775f953
7776ef8b
77778cb2
77781827
7779c0c7
777a66ca
777b74bb
777cb727
777daec2
777e40d1
777f6737
77804158
778122ca
77820bb3
77837b9e
7784fe5a
7785fe44
77863781
7787c4ee
7788ab14
77896dd0
778a3833
778bfc77
778c0b7c
778d1cd8
778e6faa
778f9d80
779009c5
7791eb92
77923578
77932387
7794b941
7795c475
7796e170
779795b1
7798925d
779962ac
779a0bb4
779b808d
779c56f2
779d23ff
779e1285
779ff19c
77a0f850
77a1e91c
77a2b0a5
77a35cf7
77a483d6
77a5d0aa
77a643b3
77a76c89
77a8b610
77a9fbb3
77aad1a7
77ab4f6d
77ac248d
77addcc8
77aeaf58
77afc12e
77b02e05
77b1d04b
77b2b2ae
77b34184
77b4db93
77b51b05
77b6c99d
77b75861
77b886ff
77b97c43
77ba6167
77bb2ccc
77bc148b
77bdd4b4
77be5f79
77bfc211
77c0b57f
77c1fa1b
77c295c9
77c335ab
77c4ff4e
77c52f03
77c644b2
77c7165d
77c89f3f
77c9c760
77cade0f
77cb7758
77cc6d58
77cd2395
77ceba4c
77cfe9d4
77d01f2d
77d1652a
77d2c433
77d3048d
77d4a410
77d5bb87
77d639b3
77d7b30f
77d839f2
77d95440
77da5c2f
77dba4dc
77dc00d0
77dd8691
77de6837
77df371c
77e0695e
77e18b2f
77e24a7a
77e32c1e
77e408ea
77e5adfd
77e6cb96
77e728c9
77e84f8d
77e91ae2
77eac731
77ebf13c
77ec3bf4
77ed746f
77ee76b0
77ef64d1
77f014db
77f1afec
77f2c360
77f38e4f
77f4dd70
77f5bdd6
77f63888
77f770f6
77f8ac35
77f93c38
77fad9b0
77fb205c
77fc0a5a
77fd9b99
77fe7f7c
77ffb51f
7800f6ff
7801fb40
780298b5
78031bcd
78042c6e
78057008
780601f8
7807f740
7808dc91
78097436
780a942e
780bbac8
780c3de6
780dca36
780e7899
780f3d27
781008b9
781194d6
78121cdd
78137ca1
7814ba9a
7815f6e4
7816cc05
78178f59
7818f2cb
7819fb39
781a2ac4
781bbc15
781c5468
781d3107
781ec6cd
781f678b
7820b06a
78212182
782283c2
7823cf23
7824ad26
78250f8b
7826bda1
78270c99
78283f29
78296132
782a30fc
782b756b
782ce48e
782dc4c9
782ebc26
782f531f
78300895
78314aad
7832a017
78332a68
7834b586
78353695
78366b39
78372184
78383eff
7839a029
783ae9f4
783b1534
783c09d8
783d076f
783e6a41
783f8df6
7840b37f
78411a86
7842c57f
78438d91
784482ae
78454e84
7846914e
7847857b
7848c6eb
78496243
784ab793
784ba5c5
784c40c6
784d20bf
784e928d
784f4291
78502113
78517f20
78528fcf
785392a3
78547b94
7855d64b
7856b5df
785703a2
7858695e
7859ec77
785afded
785b1449
785cbd9c
785d7e33
785e8853
785f5065
78607abc
7861073c
7862bc21
7863714e
7864966c
78659ab7
78661137
78679514
7868e216
7869b6e9
786aecba
786b240c
786ceaa0
786dcb87
786eb15e
786fa5de
7870fe24
78717849
7872882d
787318ee
787482fc
78757e46
7876132d
7877b9aa
7878d280
7879c526
787aec53
787be84f
787c7664
787d7c59
787eba00
787f670c
78803cb0
7881fd38
78828ea7
788310f8
78844068
7885ec2b
7886cc34
78870448
7888fcdf
7889a2cb
788a3613
788b20e4
788cc29b
788d645f
788ee7f6
788f919c
78901d3a
7891cec0
7892293a
78933147
78948f6b
7895cfb3
78968bf2
78976daf
78982c8e
78998826
789a849c
789b66f8
789cde7a
789db2d9
789ec4b4
789fa429
78a06e22
78a1c6c7
78a2578a
78a34562
78a40a51
78a54810
78a6346b
78a77c97
78a826ed
78a9d6dc
78aa732a
78ab7cb2
78ac57c9
78adbabf
78aecf41
78af57b7
78b01025
78b12105
78b232f9
78b3e4cd
78b4b95b
78b5f7af
78b64911
78b781d3
78b8a366
78b9f59f
78ba7841
78bb07bf
78bca9c7
78bd0384
78be7d5a
78bfbdde
78c05bae
78c1a895
78c2dc1a
78c3f331
78c4c88e
78c5c546
78c64912
78c7f4cc
78c873b2
78c90a62
78cae8ed
78cb268a
78cc293f
78cd5cec
78cea5d8
78cf0e3a
78d0534d
78d1fe2c
78d2f6a5
78d3c974
78d450a5
78d5730a
78d6d42a
78d765cf
78d8dcfc
78d9cdec
78dac4fe
78db55a4
78dcdb02
78ddd24e
78de7dee
78df9ad0
78e0f04e
78e126b8
78e2ad77
78e30361
78e42c1a
78e5098a
78e67279
78e71f1b
78e8d314
78e9b271
78ea1bb7
78ebed12
78ec51de
78edabe9
78eebdfd
78ef1aaf
78f0b584
78f14e45
78f2135a
78f370db
78f4e626
78f56dd4
78f6edeb
78f71366
78f8a77e
78f96332
78fa920d
78fbe634
78fcb8c2
78fd4d53
78feff46
78ffd207
7900e065
7901aed4
79029ba2
79036123
7904e314
7905c822
790617ef
79073b04
7908167c
7909794c
790a29ea
790b669c
790c4959
790dee62
790e47c5
790f4c02
7910c9fe
79111816
7912fc36
791332d6
79142382
7915ff1b
79167d1a
7917e0e2
7918e222
79195f81
791ae0ac
791b022d
791c549a
791df87a
791e41e5
791f562d
79201970
792188b2
792274f2
792357c0
7924f2a9
79254c94
79264933
792778b1
7928c974
79296599
792ac2e5
792b9264
792c2b03
792dbe38
792edd17
792f68de
7930ccca
79315c62
79326535
7933fb90
7934732c
79355c48
7936594f
79378b6e
7938a412
7939a9f4
793a5021
793b546f
793ce822
793d75db
793e07b9
793fb7b8
7940fcb1
794163d6
7942cafa
7943e860
7944f522
794595bf
7946427a
7947fde4
7948400a
7949890b
794a502d
794be939
794c94a9
794dad77
794e00f2
794fe46e
79504649
795107f3
795223b1
795384d9
7954d0ff
7955a350
79562eed
79571a86
79580e3a
7959f1f2
795a0788
795b513b
795c85ca
795d8c1a
795e8532
795f942f
7960969c
79618a4a
79620e9f
7963ebd8
796418e9
796557a0
796657f5
7967f36a
79680a40
7969633f
796a0a77
796b6a6f
796c3abc
796d27a9
796e65c8
796f0054
797014a4
7971d042
7972ee5c
79734005
7974920b
79752e49
797694e3
79776705
79783273
79795f1c
797ab91f
797b7586
797c8b49
797dc6cf
797e431d
797f9fa0
79804b5e
7981b575
79821856
79836210
79849952
79857062
7986b3c5
7987ab94
79887105
7989895e
798adf17
798b1009
798cb7e2
798d109c
798e0d13
798f9ea5
7990da8e
79912794
7992264e
7993daa3
79940b1c
79953a84
79965b59
7997ba83
79988b23
79990e2c
799a7ed7
799b4d75
799ca713
799df9c5
799e407e
799ff9e3
79a0dde5
79a118db
79a23e5c
79a3df59
79a4da76
79a5c4c0
79a6dbcd
79a72bfd
79a85c69
79a95d32
79aa18f8
79ab8d7d
79acdfb5
79adc89d
79ae6500
79afc08f
79b041b2
79b18054
79b2a249
79b38607
79b4e300
79b566e6
79b6c6c3
79b7ce6c
79b8a2fc
79b92d3f
79ba0b3a
79bb7c3e
79bc01b0
79bdf9a1
79be5b63
79bfe7e9
79c02399
79c1ba3f
79c2e86b
79c32985
79c4e910
79c58a75
79c653f5
79c7dd8f
79c86edc
79c951db
79ca53c7
79cb7be8
79cc05ca
79cd4a63
79ceb026
79cf3d6c
79d0d3d8
79d10bb4
79d23fb3
79d3d387
79d4f2a0
79d51aa4
79d6e48c
79d733aa
79d84cf9
79d9da8c
79dae017
79db1006
79dc67c1
79ddfe93
79de91af
79dfaceb
79e00378
79e10826
79e2022d
79e3ccf3
79e494d5
79e525a0
79e6a4a2
79e7bc3e
79e8ef39
79e94452
79ea4a31
79ebaf11
79ec9eb7
79edf475
79ee6d6a
79efa1a6
79f0251c
79f19e08
79f2d803
79f3bbbc
79f40ed3
79f50bb6
79f695b7
79f716d6
79f8911e
79f9b80d
79fafa74
79fb9787
79fc2cc5
79fd4827
79fe20f9
79ff2f4a
7a00afd4
7a01771c
7a028e52
7a03f918
7a0408a8
7a053f57
7a06dea5
7a077b94
7a08f9a0
7a09e32c
7a0ae408
7a0bc756
7a0c02b8
7a0def34
7a0e6b89
7a0f4f53
7a102aef
7a118144
7a12309e
7a13ba75
7a1423f6
7a15e193
7a1632f4
7a178fab
7a18590f
7a197673
7a1a9187
7a1b7de2
7a1c85c5
7a1d6206
7a1e6123
7a1f6ab8
7a201242
7a219d21
7a223975
7a230c45
7a249856
7a255719
7a260b68
7a271b92
7a2867b3
7a29999e
7a2aecb7
7a2b85f7
7a2cac11
7a2dad88
7a2e5dd2
7a2f7bd6
7a30b2e4
7a316ffc
7a32785f
7a337655
7a34d5ed
7a3534af
7a36d40d
7a37cf81
7a38e9b1
7a39dfbc
7a3a9e23
7a3bf514
7a3c67f6
7a3d9785
7a3e9949
7a3fae77
7a40cf51
7a412adb
7a42507a
7a439c8b
7a442e3c
7a455603
7a46d87c
7a47da6c
7a480806
7a494d61
7a4a9dc9
7a4b5d58
7a4c1b3d
7a4d9a07
7a4e82a0
7a4fb497
7a50cb43
7a51771e
7a52a855
7a530603
7a54e231
7a55f6d7
7a560377
7a576192
7a58448a
7a5925a2
7a5a405f
7a5b334f
7a5c92d0
7a5dc984
7a5e8200
7a5f3079
7a601cac
7a610efd
7a62582b
7a639580
7a6428f8
7a6542a2
7a66cf00
7a6715e4
7a6807ae
7a693df0
7a6a92dc
7a6bcd8c
7a6caadc
7a6dc1af
7a6e7e0c
7a6f5228
7a70d25c
7a71fdc5
7a72b1f6
7a73341f
7a74ba5b
7a75c1ab
7a7687fc
7a77da29
7a78c4aa
7a7975e3
7a7a2d11
7a7bde16
7a7c4e86
7a7d3bc8
7a7e8282
7a7f38ab
7a80c9f7
7a81bb01
7a824a58
7a837a1d
7a84c75a
7a85bd47
7a865cb5
7a87c500
7a887423
7a89d902
7a8a88e8
7a8bb565
7a8c53b8
7a8d811a
7a8e8aec
7a8f2635
7a90fca3
7a911df3
7a92179f
7a936e97
7a949002
7a951aa7
7a9666d8
7a977992
7a988970
7a997e92
7a9a94ac
7a9b9d29
7a9c51ef
7a9db437
7a9e4459
7a9ff752
7aa00072
7aa182c8
7aa2108c
7aa39b45
7aa43652
7aa56fdc
7aa6325c
7aa7506e
7aa8383e
7aa934c4
7aaada7d
7aabc449
7aac1483
7aad08de
7aae4532
7aaf54cb
7ab02123
7ab17209
7ab2e08d
7ab3514b
7ab4b58c
7ab5ed24
7ab648a2
7ab73162
7ab8559c
7ab95249
7aba9ce4
7abbcb59
7abc462d
7abd9f16
7abe1513
7abf599e
7ac01ad1
7ac14a56
7ac212d7
7ac34c2c
7ac42bbf
7ac589e3
7ac610d2
7ac7a328
7ac898dc
7ac9f6bd
7aca3a2d
7acb16cc
7acc3020
7acde1a3
7ace6769
7acf2498
7ad04e3a
7ad1017d
7ad2c02c
7ad338dd
7ad4266e
7ad59846
7ad642ed
7ad75063
7ad8e416
7ad95043
7ada149b
7adb9b2b
7adc86fa
7add542b
7adee25d
7adf66c5
7ae0b8dd
7ae17688
7ae23937
7ae39901
7ae4e542
7ae5589b
7ae63e99
7ae7e62a
7ae860ac
7ae9cb1f
7aeaef24
7aeb5db1
7aecbfef
7aeda7ad
7aee0838
7aef3842
7af03903
7af18434
7af2e1f9
7af35e81
7af430a1
7af52cc6
7af6cc2b
7af7f0c2
7af84295
7af9db7a
7afa66fe
7afb1538
7afc67c7
7afd808c
7afe0e9c
7affc012
7b008cd0
7b01a047
7b0291e9
7b03dd8b
7b04eebf
7b0585c3
7b06f442
7b071021
7b08fb45
7b09d5a4
7b0aa859
7b0bab0c
7b0c20f3
7b0d0ab3
7b0e309a
7b0fbf48
7b105ec2
7b11836f
7b12529f
7b1354a6
7b1493c3
7b15efd3
7b165694
7b17509b
7b18e82f
7b19773a
7b1a4fdb
7b1b193f
7b1ceb88
7b1d9ce4
7b1e814f
7b1f5613
7b20e1da
7b216981
7b221547
7b2349c4
7b243ce8
7b252383
7b265ffc
7b27eeb4
7b28e406
7b29d48e
7b2af957
7b2b452c
7b2ce317
7b2d302c
7b2e8312
7b2fb70d
7b304f4b
7b313c45
7b321ef9
7b33d7c0
7b342f0d
7b35bff4
7b361697
7b375877
7b38ac59
7b39fe29
7b3ac455
7b3be50b
7b3c234d
7b3df770
7b3e010d
7b3fde13
7b404a05
7b41f1cf
7b427695
7b4389d3
7b44d8e4
7b456cc4
7b46e3d0
7b476337
7b486616
7b49f4a4
7b4aa28e
7b4b3686
7b4c3fd1
7b4dd979
7b4eff15
7b4f48c8
7b508bd5
7b51b17c
7b52ffaf
7b536754
7b54247d
7b553967
7b56351a
7b5795b8
7b58f7c8
7b594899
7b5aba0e
7b5b5d91
7b5cc60e
7b5da219
7b5e1ac0
7b5f3868
7b60e4ed
7b613f28
7b627c63
7b635868
7b64929c
7b65cdbb
7b66e2dd
7b672438
7b682d1e
7b696de6
7b6ad5c1
7b6bd2a5
7b6cab66
7b6d339b
7b6eb8da
7b6f9bde
7b705e17
7b711935
7b72426a
7b733e19
7b7487e3
7b75dfa0
7b76140d
7b77e580
7b78734e
7b79abc7
7b7a76a0
7b7b2c81
7b7ca790
7b7df17a
7b7e0384
7b7fbaac
7b80e59c
7b818617
7b822b87
7b833cba
7b84ad2f
7b85aad7
7b865c5c
7b87d9e9
7b889125
7b89ccf6
7b8a7654
7b8b5d8a
7b8c20d9
7b8df007
7b8e8b0e
7b8f985e
7b900f72
7b91e95f
7b92268d
7b93696e
7b947c89
7b9566c0
7b9663ba
7b971b51
7b984bc3
7b99e910
7b9a1861
7b9b29b5
7b9c5892
7b9de187
7b9e07d1
7b9fdccf
7ba0e843
7ba15700
7ba23a89
7ba32f0e
7ba44143
7ba548f9
7ba6b089
7ba7a7de
7ba850cf
7ba961d1
7baa6ed2
7bab8822
7bac33a8
7badad4e
7baefcc9
7baf5722
7bb0bc63
7bb1bab5
7bb27010
7bb3e7b0
7bb494a4
7bb5973b
7bb652d3
7bb7af0e
7bb824ef
7bb942ba
7bbafb1b
7bbb7e51
7bbc8422
7bbd7338
7bbecee3
7bbf0aef
7bc0630b
7bc1173f
7bc24f31
7bc3fddc
7bc4be01
7bc529e5
7bc6ae6d
7bc774c1
7bc85c53
7bc93979
7bca8c01
7bcbb661
7bcc177c
7bcdbaff
7bcef0ca
7bcf4aa4
7bd01b51
7bd151aa
7bd20606
7bd32c8b
7bd412d9
7bd500d1
7bd6aac1
7bd7e26c
7bd847a8
7bd9cceb
7bda8469
7bdb706a
7bdc8df2
7bdd4e32
7bdecd0e
7bdf6539
7be03999
7be15296
7be2f21e
7be39668
7be4e2a1
7be56ea7
7be640ae
7be739f5
7be8ab3c
7be91b68
7bea7254
7beb37c1
7bec6556
7bedc815
7beeb33c
7bef203e
7bf008c7
7bf1c616
7bf29761
7bf3f9cf
7bf42c2d
7bf57f43
7bf6c130
7bf7cdcf
7bf8ed39
7bf9dafb
7bfac0c4
7bfbd7d4
7bfcb77f
7bfd3f03
7bfe5842
7bff4694
7c00098f
7c01d49c
7c02f31a
7c03b3d8
7c0434b1
7c05aaa1
7c063ec1
7c072f26
7c084710
7c09010b
7c0a3093
7c0b0101
7c0c970e
7c0d21bc
7c0e9e2b
7c0ff9c4
7c10b3e9
7c112b20
7c128b62
7c1385bc
7c14ecaa
7c15673b
7c166617
7c177dae
7c18f022
7c19bb4d
7c1abcec
7c1b9b7c
7c1c49a8
7c1d5414
7c1e662a
7c1f9411
7c2011be
7c2110bf
7c226ded
7c234be7
7c24227b
7c256bd9
7c261cb1
7c270780
7c283cdd
7c29ca96
7c2a5ba5
7c2bc327
7c2cefe8
7c2d6c40
7c2e8f8c
7c2fed8d
7c305075
7c319694
7c32fe09
7c336fb0
7c34cf6d
7c35c3d3
7c36a1be
7c37fc47
7c38b336
7c390eae
7c3a170c
7c3ba5d7
7c3c8352
7c3d8e8c
7c3e5447
7c3f3c75
7c403a34
7c41623b
7c4224e0
7c43d85c
7c445611
7c457d92
7c46bce6
7c47d4ce
7c485273
7c4998bc
7c4a6b22
7c4b34b8
7c4cd1f2
7c4db81b
7c4ec7b0
7c4f9dd9
7c50c991
7c512e66
7c524655
7c53a7c2
7c54de90
7c5540f1
7c56a90b
7c57a38c
7c5870a3
7c59ba13
7c5afa18
7c5bd916
7c5c8917
7c5d71b3
7c5e8938
7c5f0639
7c604a87
7c61700c
7c623221
7c63a144
7c6428f1
7c6521eb
7c66dbe1
7c675c77
7c68257a
7c6966dc
7c6a8414
7c6b732a
7c6cc995
7c6d58bf
7c6e7432
7c6f4c0f
7c70e50c
7c7116d2
7c722644
7c7344c5
7c74666e
7c755abf
7c7614c5
7c77ea75
7c787c01
7c79758a
7c7ae4a3
7c7b056a
7c7c8686
7c7d7acb
7c7e904e
7c7f66fd
7c805006
7c814087
7c82d6d0
7c831ebf
7c84cbf7
7c853219
7c865e6b
7c87618f
7c88f713
7c890fdd
7c8a7d33
7c8b2258
7c8c2106
7c8dbd02
7c8e8567
7c8febd8
7c90063c
7c914a71
7c9259c0
7c9356a2
7c940fd0
7c9540a5
7c96b855
7c9761b2
7c98bea2
7c99a249
7c9a06a6
7c9b1fd0
7c9c458e
7c9dfbf6
7c9e1d2b
7c9fe708
7ca0e6f6
7ca1ad2e
7ca2802f
7ca391be
7ca466e3
7ca5e745
7ca6ec20
7ca79314
7ca83c5e
7ca9c3e4
7caa9578
7cab1d2f
7cac14fd
7cad584d
7caec177
7cafc601
7cb06b18
7cb1bda2
7cb21002
7cb3e08b
7cb43656
7cb5a417
7cb61058
7cb7a1bf
7cb86a34
7cb90e31
7cbabfe2
7cbbb494
7cbc9e7d
7cbdf207
7cbe71db
7cbf82ff
7cc092e6
7cc17eab
7cc221b5
7cc3a439
7cc44826
7cc5563a
7cc6b16a
7cc70c6b
7cc821fa
7cc9b2db
7cca7d5f
7ccbef04
7cccc2da
7ccd3b9c
7cce791c
7ccfe7df
7cd0c849
7cd1cef4
7cd26da5
7cd37451
7cd483d7
7cd5a0e7
7cd66585
7cd74c91
7cd8dee6
7cd9fe43
7cda46e8
7cdb222c
7cdcaf24
7cdd380a
7cde0d4d
7cdfac7d
7ce039ff
7ce166e2
7ce2934c
7ce36fce
7ce49ac0
7ce5f6fb
7ce61e93
7ce76b72
7ce8dabf
7ce95a22
7ceae8db
7ceb9563
7cecd5ca
7cede3f0
7cee25b7
7cefb7bf
7cf04b3a
7cf10316
7cf2c07b
7cf35759
7cf45b97
7cf5e637
7cf62d63
7cf7612b
7cf84643
7cf9700d
7cfac2a5
7cfbdb7b
7cfc7edb
7cfd70e8
7cfe1735
7cff8d26
7d00c74b
7d01c377
7d0213f9
7d039e14
7d049b1d
7d05a22e
7d06c059
7d071d0a
7d08a78b
7d09fd2c
7d0ac12d
7d0be9ba
7d0c2d77
7d0dc776
7d0e792f
7d0f2a04
7d10cb80
7d119ca3
7d12dfd6
7d135b9f
7d14aeac
7d15344f
7d16e9b6
7d17fe66
7d1871c8
7d193360
7d1a56d5
7d1b055a
7d1c3ab7
7d1dc114
7d1ee903
7d1f4e60
7d200376
7d21ebe5
7d22d1bf
7d234f41
7d248351
7d252ba1
7d26df43
7d27fc3a
7d28ef19
7d29b1ef
7d2a662b
7d2bb633
7d2c7106
7d2db398
7d2e7117
7d2f6a06
7d308a1d
7d310cb4
7d32d5bd
7d332613
7d344995
7d3515b5
7d36f07e
7d378f2b
7d3808db
7d39a12f
7d3a748f
7d3b052c
7d3c5948
7d3d16e2
7d3e28e9
7d3fdbfd
7d40a890
7d411086
7d42daea
7d4325d0
7d449517
7d45da60
7d46e513
7d47a7d1
7d48cdee
7d4967fd
7d4a8a25
7d4b8cf8
7d4c2ef0
7d4d338c
7d4ef23e
7d4f93f5
7d50316c
7d51e3df
7d52beb9
7d53a9bd
7d5409a4
7d55091d
7d56fa20
7d5775f5
7d58745c
7d59b68c
7d5aff39
7d5b866f
7d5c8fa9
7d5dfb20
7d5e321c
7d5fe013
7d60e548
7d610000
7d627687
7d63a5fc
7d64a9d4
7d65ff88
7d66c834
7d67973e
7d684cd8
7d69c065
7d6adb07
7d6b9ac1
7d6c024f
7d6d64e2
7d6eec8c
7d6fed2c
7d7095e5
7d7168e3
7d7263d6
7d73feb9
7d74bff9
7d757091
7d765d2b
7d770183
7d78b87f
7d79776c
7d7a39ba
7d7b6003
7d7c87e9
7d7d0e13
7d7e5d59
7d7f7911
7d80b34c
7d81a4e0
7d82f46e
7d831557
7d841dc7
7d85a4f2
7d864dd9
7d878b61
7d88d823
7d89f0f6
7d8a828c
7d8b8e21
7d8cd23a
7d8de676
7d8ed5ea
7d8f82e0
7d904946
7d9179ef
7d92c276
7d9366c9
7d947024
7d958d6f
7d96475f
7d97ea00
7d983be9
7d99a406
7d9a0ef2
7d9b25cd
7d9c95b5
7d9d2544
7d9eaebc
7d9fb1e1
7da0208b
7da1c20c
7da2221b
7da33334
7da48bfb
7da54ec1
7da66516
7da72a41
7da84e6e
7da94852
7daa583d
7dab5513
7dac0b0b
7dadc240
7daed612
7daffe20
7db0e234
7db1c158
7db2727c
7db3b26d
7db421d6
7db52427
7db63658
7db79ad9
7db88159
7db9d200
7dba4d43
7dbb7b90
7dbc065b
7dbdfe3c
7dbe6486
7dbf8bda
7dc0b0f5
7dc182b4
7dc2ce15
7dc33d98
7dc4abf3
7dc514aa
7dc6f7db
7dc777f0
7dc8da6a
7dc97351
7dcaed82
7dcb1796
7dccd76b
7dcddbbe
7dce37c0
7dcf9ffb
7dd0d2d3
7dd1b1ba
7dd227d4
7dd38f4c
7dd4fc4c
7dd56ebb
7dd61b9c
7dd72980
7dd8dc07
7dd97d53
7dda936e
7ddbdc6b
7ddc5f1c
7ddd724b
7dde641a
7ddf19bd
7de06136
7de155a0
7de2681f
7de3727a
7de47dc8
7de514dd
7de6cc4d
7de78b24
7de8e9fd
7de984cf
7dea7c39
7deb6d3e
7dec9662
7ded99d6
7dee3384
7def8048
7df0d8e3
7df10f19
7df2942f
7df319f8
7df4f094
7df58a3d
7df6af73
7df7cb90
7df89224
7df9cc8c
7dfacd38
7dfbe698
7dfc931f
7dfd090c
7dfe7d84
7dff318d
7e003d8e
7e01fc81
7e02fb16
7e03e25e
7e047509
7e0592f5
7e064ed0
7e077375
7e088e5b
7e097fdd
7e0a47b0
7e0b0c65
7e0cf3fa
7e0dc84b
7e0e5bcb
7e0f7266
7e1078d0
7e11ac66
7e12170e
7e135cc1
7e14c740
7e158eb2
7e16309b
7e1793d6
7e189a8f
7e19f977
7e1aba06
7e1bb6df
7e1c947c
7e1d0ab2
7e1eb6d4
7e1f2be8
7e206a36
7e21d863
7e228281
7e235cf7
7e24e3a3
7e25a050
7e26fb51
7e2739b2
7e286ab0
7e29f2c6
7e2a301f
7e2b36bc
7e2ce353
7e2d8699
7e2e5022
7e2f1382
7e3082cd
7e31e10e
7e3286f1
7e33c6d0
7e340b67
7e35dcf1
7e36957e
7e37b28c
7e38e87b
7e391be1
7e3a3dec
7e3b864c
7e3c2b04
7e3d0c74
7e3ed7cf
7e3f272f
7e404002
7e41f7d2
7e42226f
7e43d791
7e44427e
7e4536b8
7e466f64
7e47d013
7e484e36
7e491228
7e4ac0b7
7e4b8f56
7e4cdeb2
7e4d23f5
7e4ea05e
7e4fa0b9
7e5042d2
7e51467e
7e5210af
7e53ac77
7e54d2ab
7e55c5d9
7e56982c
7e5759e1
7e587b30
7e59b71d
7e5a8e05
7e5bebde
7e5c6c3c
7e5d284d
7e5e0423
7e5fd0a4
7e60db4c
7e6157e1
7e62b3b2
7e632115
7e645eaf
7e6526aa
7e662fb4
7e67b9e5
7e686c80
7e69e218
7e6a9595
7e6b7870
7e6c5f74
7e6d306e
7e6eea4e
7e6f91fe
7e70c9ae
7e71a93b
7e724060
7e7359fc
7e745639
7e7515d0
7e7609a5
7e77c234
7e78e4bd
7e79bf15
7e7a7d6f
7e7b9ce2
7e7c19f2
7e7d443e
7e7ed702
7e7f5a8b
7e80d65f
7e815132
7e82f45d
7e83787c
7e847272
7e852f7f
7e8694b4
7e877e8c
7e88cf49
7e89ed23
7e8a7e4d
7e8b06f5
7e8c5015
7e8db3ba
7e8ebb9b
7e8fd5fb
7e9036c5
7e91f7cf
7e92e351
7e937058
7e941a9a
7e95a402
7e96a41d
7e977e68
7e982097
7e999f39
7e9a3675
7e9bd520
7e9cf26a
7e9d8d90
7e9ee36a
7e9fcdb1
7ea0f15a
7ea1888b
7ea2c9ca
7ea30872
7ea48988
7ea55fb2
7ea6389d
7ea7085c
7ea89ce2
7ea92145
7eaa3758
7eabd692
7eaca4e8
7ead1fba
7eae3428
7eafc18b
7eb0a96c
7eb10b0d
7eb28322
7eb3834a
7eb4ea05
7eb560ce
7eb63245
7eb7abd3
7eb887e3
7eb913df
7ebae083
7ebb86e3
7ebc9e31
7ebd6c95
7ebee762
7ebf6bad
7ec0797d
7ec110fe
7ec23052
7ec3a380
7ec4e070
7ec5ca00
7ec664d1
7ec77628
7ec8314d
7ec9ce46
7eca6ad6
7ecb46ad
7ecc91aa
7ecdbed5
7eced501
7ecfb0d8
7ed01700
7ed16966
7ed2ed37
7ed38cc9
7ed4578e
7ed52615
7ed60728
7ed7d77e
7ed8b718
7ed9e847
7edab62c
7edbe362
7edc540b
7eddc922
7ede486a
7edf1797
7ee00bfc
7ee1f654
7ee21b62
7ee3fb18
7ee46920
7ee55f34
7ee67b71
7ee72302
7ee83966
7ee99a4d
7eeaefed
7eeba414
7eecdb6e
7eeda470
7eeec8d6
7eef2f0c
7ef0c755
7ef16b70
7ef227be
7ef3fd23
7ef4a8f7
7ef5ecd7
7ef6aa98
7ef767f7
7ef8e94f
7ef90cf0
7efa8339
7efb1a15
7efc19e1
7efddbfb
7efe4639
7effd6d2
7f004c8b
7f018e04
7f026a24
7f03e6c9
7f0415a9
7f0570eb
7f065656
7f075d77
7f08eb7f
7f095726
7f0a9094
7f0bfeba
7f0ca646
7f0d4e16
7f0e6837
7f0fa75f
7f10d7ed
7f115f16
7f127e4e
7f135db7
7f143d5f
7f156dd9
7f16f24d
7f17b245
7f18b3e2
7f192fbe
7f1a78f0
7f1b7c55
7f1cb61e
7f1d370f
7f1ee7c7
7f1f0614
7f205895
7f21ac22
7f22b5ba
7f231225
7f245a4a
7f2560f7
7f261699
7f271528
7f288db8
7f295010
7f2a71b1
7f2b82b5
7f2c4523
7f2d30e1
7f2e0bdd
7f2f1bda
7f30d128
7f312b09
7f326fe5
7f330a6b
7f346b08
7f35f9f0
7f367e8b
7f37186e
7f38bf06
7f39ba32
7f3a0836
7f3b350a
7f3ce6b1
7f3d24a9
7f3eac6b
7f3f70ba
7f40c6cf
7f411d8a
7f422950
7f43d230
7f44bb24
7f451f05
7f461156
7f475200
7f485a14
7f492184
7f4adf69
7f4b8075
7f4cdb96
7f4d11b9
7f4e0796
7f4fffec
7f501b28
7f5100d1
7f529c5b
7f53d3a6
7f542be3
7f555289
7f56f869
7f57c56a
7f58be14
7f59516f
7f5a9686
7f5b283c
7f5cf640
7f5d8eff
7f5ea31b
7f5fca11
7f608bb0
7f61dc8c
7f623e62
7f6339d2
7f64200b
7f65d4ce
7f66b49d
7f675350
7f68fef1
7f69e0ea
7f6a5229
7f6bb69e
7f6c43bc
7f6d2f5f
7f6e6a09
7f6fb844
7f702b34
7f7133de
7f7277c8
7f738e49
7f74d630
7f758c4c
7f763450
7f77d382
7f7887e9
7f79cf93
7f7a7b9b
7f7bf38f
7f7cf8cb
7f7d7b3d
7f7e4706
7f7fa5d4
7f80026b
7f812c04
7f827405
7f83ef87
7f849103
7f85109a
7f861196
7f87efc6
7f886300
7f891112
7f8a132a
7f8b305c
7f8c4ee5
7f8d9541
7f8ed1c0
7f8fb835
7f90a714
7f9182da
7f922108
7f93aaec
7f94c07d
7f95231b
7f96773b
7f97a307
7f985e48
7f99294e
7f9a8e28
7f9bd9c9
7f9cc4a4
7f9d12cd
7f9ebf74
7f9f9709
7fa069a2
7fa1c904
7fa2c0d2
7fa3394a
7fa4c059
7fa52d84
7fa62812
7fa7b3cc
7fa8daa7
7fa941e6
7faa7c11
7fab72ca
7fac7285
7fad9be0
7fae00da
7faf3273
7fb0c83e
7fb12e64
7fb29bb9
7fb3f978
7fb42d1e
7fb5b55b
7fb699f3
7fb7f9f6
7fb824fe
7fb9cf95
7fbae9a1
7fbbdf15
7fbc48a2
7fbd7f12
7fbec4f5
7fbf9ee5
7fc034da
7fc11fc1
7fc2482c
7fc3d1ae
7fc41757
7fc52a40
7fc6f7be
7fc736f0
7fc8c27c
7fc9106f
7fca2d7a
7fcb7c5a
7fcc5ff4
7fcdf147
7fce8e30
7fcfeb62
7fd06e60
7fd14241
7fd22de3
7fd380e6
7fd48473
7fd5febd
7fd6536f
7fd793f0
7fd8df9e
7fd9a6d2
7fda2ce7
7fdb1677
7fdc08d9
7fdd81ea
7fde43ff
7fdf53ba
7fe08b5f
7fe15d39
7fe232a2
7fe36087
7fe4d37a
7fe5d00f
7fe68e89
7fe73e50
7fe8f377
7fe983ed
7fea58e0
7feb747c
7fec9787
7fed7e36
7fee8c49
7fefe9ac
7ff0d0f2
7ff1b2e6
7ff2ee5c
7ff3f93b
7ff4aed4
7ff5d005
7ff6c7d0
7ff7a2a5
7ff8eec7
7ff98caf
7ffad860
7ffb4e95
7ffc714f
7ffd09dd
7ffec555
7fff340d
800089d0
8001b76a
8002d401
8003dbbc
8004bba1
80053b94
800606a1
8007cd94
80082e0c
8009433c
800aa496
800b459f
800c79e5
800d2878
800ec150
800f7ac8
8010e425
801167eb
8012caa1
80130b59
80141213
8015d2f7
8016bff8
80178c40
801836bb
801997c6
801a3ca9
801b3476
801cdc4a
801da1f1
801e9612
801f94c8
8020148f
802136cd
8022cfa9
80235c06
8024041d
80257ac6
80260d20
80271dd8
8028a525
8029bd41
802ad435
802b618b
802c39b3
802d78f7
802e0472
802f4dbd
80308968
8031c218
80329c38
8033130b
8034506a
8035337e
8036bcc6
80371537
803854a0
8039aeaf
803adf1e
803bbd0a
803c0a14
803d67ea
803e547f
803f79d1
8040519b
8041c03a
80421b08
80435e14
8044721d
80456749
8046667c
8047ba26
8048ba46
804959fd
804a9641
804bc8c8
804cfd02
804d63b7
804e94f9
804fb351
80508621
8051ba31
8052a792
8053c32c
8054ccde
80557b30
80564d8a
8057da8d
8058e456
80593c50
805aa7b6
805bf005
805cdbb3
805d6d59
805e6310
805f4da5
8060d1b6
80614b58
806279a5
8063c751
8064c8b5
80650a19
806696d9
806708e0
80686e75
80697b03
806a16bc
806b36a6
806c02a1
806d82f1
806e91ca
806f5daf
8070902a
80711db9
807206bd
80738996
8074931f
80751daf
80764beb
807702fb
80785112
807943f0
807a9061
807b439d
807c59e4
807d9973
807eafef
807f0eec
80800be4
808153dd
8082ffe8
8083a058
8084db2b
8085a40d
8086fe0f
8087d524
8088aca4
8089760a
808a43a1
808bf184
808c7a39
808d57ae
808e8875
808f7c3c
8090d386
8091c3ed
809206e0
80930e12
80944b4b
8095c43c
80969c4a
8097e94f
8098fa05
809958bb
809a9b79
809b9822
809cc8c0
809d796d
809eace9
809fe878
80a0bbd6
80a104ea
80a2f752
80a338d6
80a47a0b
80a5046b
80a673a1
80a78cc9
80a8915d
80a94bf0
80aa4ca0
80ab56da
80acc578
80adff13
80ae02d9
80af1d5f
80b06185
80b138df
80b2c7c4
80b37260
80b4d699
80b5b9b4
80b6964b
80b787b1
80b83b70
80b9212e
80ba6da5
80bb7847
80bc7a4b
80bd2a90
80be4ded
80bf9862
80c070bd
80c16c5a
80c24ec8
80c3550a
80c4a1e0
80c541f3
80c60aa4
80c7560f
80c8232e
80c923d0
80ca7c92
80cbd0bc
80ccbd65
80cd83bc
80ce62bd
80cf395b
80d0bcaa
80d1958a
80d2e80b
80d3874e
80d45e34
80d5df16
80d660b0
80d7e859
80d8cff0
80d90f3f
80dac415
80db31e4
80dcf16a
80dd392a
80dee83f
80df9d20
80e03ecf
80e178ce
80e2372f
80e389f9
80e49be6
80e53c8f
80e658b3
80e73d77
80e88592
80e9f8e9
80ead29d
80ebd6b3
80ec9575
80ed5918
80eeb700
80ef4a64
80f003fa
80f1b528
80f20399
80f3196a
80f43ef4
80f57c35
80f64210
80f7353d
80f8d165
80f98a31
80fad8ca
80fb576f
80fcefcc
80fd16f6
80fe95c3
80ff0eca
81009980
81019d87
81025210
8103f980
810421dc
8105323f
810621c7
81070c2e
810893a1
8109257e
810abf1a
810b88e6
810ca7bb
810d1f29
810e89a4
810f3886
81101e7c
8111729f
8112e4bf
8113c297
8114ca19
81159328
81169022
8117fe39
8118cd06
8119ba58
811a432b
811b219f
811ca525
811d4d57
811ed67e
811fa8f8
81207227
8121a3bb
8122946a
8123b542
8124f916
81252eed
81260f16
81275213
81283f2a
8129f779
812ab216
812b5d04
812c2629
812d4c34
812e4216
812f0b2c
81300299
81319cb3
8132c368
813393ab
8134f308
81350c38
813633fd
8137515b
81385b7e
813908a7
813a2fc7
813b69eb
813c6a7d
813d4cad
813e2357
813f22f3
81403e66
814173ef
81429486
8143d655
81445714
8145d048
81469ceb
814747dd
81481606
81498799
814a4597
814b0237
814c6c02
814d43b6
814e1b4d
814fa2a3
815030bb
8151cfc8
81526655
8153d92c
8154ec9b
815549bb
81561098
815750ad
815891a9
81598151
815ac8c5
815b18ee
815cacb0
815d8365
815e208f
815f3b71
81605220
816109e9
816228f3
8163124c
816450cd
8165f052
8166aa95
81679613
81684458
81693c03
816a35ba
816bf978
816c717c
816dfb6a
816ec662
816f5131
817035ce
8171b73c
81721a1d
81736c1c
8174173a
8175f9a5
81767115
817775c7
817854b7
81797911
817a5f44
817bb916
817cc3d2
817d14d3
817e21bd
817f46f0
8180aad3
8181870e
81820465
81831ba2
8184ad3c
8185b5f7
81864bcb
81874f6d
81889688
8189eb18
818afac4
818ba178
818c6fa3
818d6f75
818e56f0
818fe52f
8190deff
819101cb
819285df
8193def6
8194e7c0
8195a0c6
81966481
81973d2c
8198f5c5
81995c89
819a744a
819b8c0b
819c0c32
819d0194
819e05b7
819f0d60
81a0504f
81a1184a
81a2e12e
81a3ef6a
81a41685
81a52baf
81a67523
81a7ad08
81a89ee1
81a9f43e
81aa5167
81abbdda
81ac19cd
81ade3f8
81ae87a9
81af6a7d
81b088c9
81b17bd4
81b2fe63
81b3618a
81b4389d
81b5c9d5
81b62421
81b79d07
81b8c7d8
81b9356a
81ba94f2
81bb933f
81bc4234
81bd92dd
81be289d
81bff1cb
81c0e61f
81c1d255
81c2d07a
81c32945
81c4a20c
81c5a004
81c6878f
81c79bf5
81c8a7ae
81c9019d
81ca37f3
81cb6226
81cc1f25
81cd1c99
81cef65a
81cf2e30
81d0c2c4
81d14f14
81d26d54
81d30bf0
81d46ae1
81d51253
81d65320
81d7c6d0
81d87dd4
81d945d7
81da086a
81db29ea
81dcee7d
81ddea59
81de0456
81df70fa
81e04c13
81e1156f
81e2bc7f
81e3f23d
81e4b50f
81e59cdc
81e64507
81e7b8ab
81e866c4
81e98a35
81ea6bfc
81eba1bb
81ec219a
81ed22f3
81ee5bdd
81ef95b8
81f0bb14
81f11ead
81f24408
81f30536
81f4bb55
81f5abef
81f6e28a
81f725b0
81f8469a
81f94b02
81fac809
81fb334f
81fc69fa
81fd00ef
81fe3c15
81ffe3ba
8200495e
82010812
8202ef86
82035ce8
8204ca5f
82059d2b
82061867
8207f623
8208035b
8209eba1
820aeb09
820b5510
820cfb24
820d23e8
820ea78b
820fc583
821080a0
8211ba75
82123522
8213fdd9
82144df9
82150aeb
82163b54
8217e855
821805d4
82198719
821ac85f
821bb928
821cdf74
821db1c0
821e3e42
821fa112
82201e5c
8221cc79
8222d9e6
82236793
822448f0
8225a25b
82265b2f
822729d0
82286f00
82295b6a
822a64a4
822b431e
822cc897
822de756
822e7641
822f10e1
82309dee
8231275b
8232c8b9
82333005
82345aa7
8235fbdb
8236abdd
8237b5cf
823889b7
8239c804
823ac795
823b3d4a
823c4c62
823d5fa0
823e1030
823ff08c
8240f841
82416826
824275f2
82434d4e
82442a51
824595a4
8246aca0
82476d65
82482099
824911ad
824af59b
824bedc6
824cf293
824d47ee
824e5226
824fac9b
8250da54
8251fce5
8252189c
8253a535
8254e7e4
82556f00
8256bd4f
8257d60e
82583be3
8259f6e7
825a2867
825b949d
825cdf56
825d836c
825e4953
825fdfac
82607c3b
82618bf4
82627b7f
8263f5d2
82647cb5
826516df
8266ec5d
8267a5ec
82684b04
82696647
826a7bd8
826b3a39
826c68e1
826d23d1
826e9db7
826fcc0f
8270704d
82714613
827292b2
827377b5
8274d75d
82750969
827645ee
82779425
8278a9a2
82794247
827a1bbb
827b9705
827c0b4e
827dd59a
827ecaac
827f4875
828085a3
8281120e
8282ec3c
82836378
8284f008
82855df6
8286d4c5
82870b7e
8288415f
8289e961
828a749d
828bb55c
828c3a7c
828d61ed
828e5a56
828fb25e
82907a36
8291ba37
8292d072
8293a07b
82944c6b
82951d37
829690b8
829738b6
8298f075
8299242b
829a8a0c
829b52b5
829c5f19
829df2d7
829ed575
829f8bbd
82a0007a
82a104e5
82a2c2a7
82a3a3fd
82a4bc71
82a51768
82a60fae
82a72ae1
82a8f222
82a95e56
82aa68d8
82ab9a87
82acc2f2
82adb50a
82aebf07
82affe10
82b0f8f2
82b187b5
82b29610
82b3613d
82b47a53
82b520e0
82b65656
82b7e8dc
82b87b1e
82b9e9a1
82ba7006
82bb59b6
82bc3246
82bd92a8
82be7e68
82bf16d8
82c09eb0
82c18578
82c277a2
82c3fb8b
82c4a44e
82c5da68
82c655bb
82c791be
82c8322d
82c9df25
82ca8039
82cbab34
82cc11d9
82cd8a19
82ce66ad
82cf6ccf
82d0f3b2
82d1de36
82d237b3
82d3a48d
82d449c8
82d57fce
82d65c30
82d7c5ce
82d87cff
82d99e7b
82dad277
82dbddd7
82dcbd15
82dd162a
82de0b34
82df3b45
82e035a6
82e1fd2a
82e25c7f
82e3796c
82e4c80d
82e57387
82e62705
82e7382f
82e85284
82e92412
82eac536
82ebe054
82ec3e22
82edfd78
82ee524d
82ef9838
82f0fa09
82f1ec15
82f2039d
82f30c9b
82f464c9
82f54f82
82f695b2
82f719fb
82f8cc88
82f963fd
82fa6930
82fb9214
82fc8281
82fd1d76
82fea4cd
82ff4ad1
83000875
83014889
830250e0
830310e9
8304048b
83055603
83065708
830786b5
8308001c
830907ba
830a6dc8
830b4c05
830c88d6
830df38d
830e3196
830f6fc2
8310e14e
8311978b
83125c70
8313d062
83148d47
83152d09
8316c693
83174933
8318666c
831975ed
831aaf01
831b58f2
831c2118
831d3d71
831ea65b
831f4158
8320a956
8321be50
83220ac2
8323489f
8324ca78
8325aecc
83263da9
83274d19
83280918
8329e440
832a2e21
832b27cf
832c7023
832d7d2b
832e0ac8
832faa49
8330da21
8331ebe7
83321bb9
8333560e
83347c0d
83350ac6
83362d04
8337ef07
833810a8
83391015
833a7288
833b520f
833c08b9
833d4d8b
833ea2b5
833f1afe
8340ed6e
8341bf77
83428aa9
834395a4
83441db1
83451bb3
8346885b
83474624
8348e70a
8349ab63
834af51e
834b34ca
834cd540
834da710
834e1589
834f11a5
8350a5f1
83511fd4
83525cf6
83533abf
8354a989
8355e0d1
8356c77f
8357462d
8358d945
8359211b
835aba95
835be5aa
835cdb02
835d937e
835e01bb
835fbc53
83601036
83611e54
8362b797
83639292
836404ba
83658c1c
8366edc4
83671c6f
83680d0a
83696810
836afcd5
836bb0e7
836c516a
836d4d81
836ea152
836fdb56
837057e8
83718eaa
83727663
83731c2d
8374f730
837520b3
8376f01f
83770c8e
8378d10e
8379a49d
837a3d63
837b7caa
837c7abf
837d49d7
837eddfd
837f96ba
8380bb50
83812295
8382ca61
838397ef
8384ac3c
83858ea2
83866a84
838782b6
8388f25a
8389ab96
838a7011
838bd9a4
838c55f5
838dea20
838ef5eb
838f2b75
83905484
83913849
8392c033
839343cc
83942a36
8395206c
83969ca9
83970035
8398bbb5
83990e82
839a58bb
839b074e
839c2709
839d06c7
839e1f1e
839f01b0
83a0e8d4
83a1b2e9
83a299bf
83a33a5d
83a45fcd
83a5a0c8
83a69ba5
83a7f6ef
83a8aeed
83a902da
83aabb36
83ab0070
83ac4961
83ad4023
83ae77dd
83af15a8
83b09cc8
83b11f50
83b233fb
83b388e7
83b4b819
83b5258c
83b6e671
83b701dd
83b8348b
83b9a39f
83bafb50
83bb9941
83bc64fd
83bd7e66
83bedfde
83bf0380
83c0b050
83c1c43e
83c2e171
83c331c3
83c491e2
83c582fe
83c6a2ba
83c747c1
83c86d98
83c91c3b
83ca5f37
83cb28d1
83cc5c4b
83cd9779
83ce2bf3
83cf5e44
83d094ed
83d174cd
83d22cde
83d3bdd9
83d48553
83d5e952
83d6d918
83d721e7
83d8d99f
83d9da5e
83dae97b
83db4086
83dc9dde
83dde10c
83de6b17
83dff457
83e0bfa3
83e122d5
83e24a9c
83e370ad
83e46261
83e56b34
83e67ae1
83e7e74f
83e83893
83e9e180
83eadeb1
83eb8784
83ec107c
83ed1000
83ee59b4
83ef6e1b
83f0b4fb
83f1cc83
83f235e8
83f377ea
83f43cae
83f5045a
83f6fa91
83f7ab4a
83f81e45
83f94506
83fa0269
83fbaf5a
83fc75af
83fd776b
83fec103
83ff45f7
84001bde
84019690
8402a66c
8403ebe2
8404325b
8405cf45
84065b65
84077d5e
84088b68
84097e19
840ad9a5
840b3422
840c7323
840d6233
840e8144
840f94c1
84109126
84111b5c
84127e2a
8413bdb8
841437a7
8415b3db
84160100
84170a01
84182461
84193e1d
841aea83
841b3c53
841c8e58
841da9c0
841e659e
841f15d6
8420678d
8421fdf0
8422a11d
8423fb8d
84249efe
842538e1
8426d0d5
84275612
84285c2b
84295bf8
842a88b2
842bcfb6
842c651d
842dafb4
842e690b
842fb134
84306801
8431c2ec
8432084c
84339eed
8434b255
84357214
843641dd
843743c2
8438025f
8439f104
843ac679
843bb99d
843c3113
843d206f
843e3604
843fbeca
84406acf
84411e22
8442b636
8443290c
8444e26a
8445dfad
84461281
844795cf
8448b6d7
84493c26
844ad210
844b3989
844c9739
844d9901
844e3961
844f8a73
84501ccc
8451b36b
84527256
84532344
8454ec23
84559ce3
8456bd6c
8457a3d2
8458d05c
84596eed
845a86ac
845b6775
845cd883
845d9a3f
845e56a8
845fbbe4
84608188
8461aba0
8462324e
8463ce6c
8464bf12
8465f829
846663a2
84674b9a
84682ee4
84699dbe
846ac2e2
846bbd87
846c086b
846df510
846e4feb
846f2138
84706b18
8471ee4f
8472ae61
84738225
847452ea
84753dd2
84764e75
84771490
8478e0a9
8479920a
847a4dc7
847b249a
847c368a
847d1e15
847ed846
847f1357
8480c657
848125d6
84820295
8483e731
8484f8ff
8485a968
84861526
84877749
84887903
84897cbb
848a554a
848be56e
848c1ef4
848d61db
848e4044
848fc4a2
8490c117
84916900
84929d9a
8493386f
84944604
8495bfb7
84967009
8497eecc
849866b8
8499c828
849a3811
849b7d54
849c71f1
849d8ff7
849e0bbe
849f52a9
84a095da
84a12180
84a208ad
84a3004b
84a4352a
84a5c534
84a6bb94
84a7794e
84a86aa5
84a911dd
84aa5da3
84ab2d4c
84acf16e
84ad3cf6
84ae8a3a
84af65f2
84b09268
84b11f3e
84b2a159
84b39f54
84b49b06
84b5d91b
84b6a51c
84b72049
84b895de
84b96eaa
84ba91d2
84bb7fd2
84bc7362
84bd585c
84bebdcf
84bf26ca
84c00f63
84c1d85a
84c22f49
84c30f46
84c49ef2
84c56a38
84c631cf
84c7d651
84c81ee9
84c95d18
84cad60f
84cbaa65
84ccf86a
84cd1e76
84cedaff
84cfbd15
84d0cfc3
84d12bec
84d294e7
84d38f17
84d40655
84d5b55e
84d64b23
84d7a9c5
84d8cd9c
84d993ab
84da735e
84dbd87f
84dcb7f2
84ddf613
84de1ed4
84dfade9
84e07b3a
84e12ef2
84e244e1
84e34f73
84e4f287
84e5afbf
84e6e1ff
84e74dc1
84e8b356
84e97483
84ea5e7a
84eb77e9
84ec0acf
84edac49
84ee082d
84ef05c5
84f0af08
84f1f049
84f2466e
84f3048c
84f49384
84f5a26c
84f6fdad
84f75426
84f8d8ca
84f9d016
84fab688
84fb1b75
84fc6599
84fdebdd
84fef9d7
84ff3c62
85009445
85010f57
8502b439
85035da0
8504f14f
8505b7b3
85060835
8507f947
8508be6d
850960f4
850a63a6
850b7e6e
850c6c0b
850db21d
850e4918
850fbf81
85104560
85112712
85124593
85134c49
8514737e
8515fe59
85168192
8517fb38
8518b4d2
85191258
851ad7cf
851b9de5
851cff64
851d6280
851e9176
851fcd7f
852064c8
8521331e
85222726
85233e84
8524e433
8525086d
85267f2a
8527f04e
8528142c
85292811
852ad9c1
852bb4a3
852c5144
852defe1
852e5f97
852f2072
8530dc30
8531a3b0
85322624
8533a0d5
85343736
8535897c
8536da8c
8537b6be
8538fe66
85398e3e
853a13d4
853b54f2
853cf8ff
853da433
853ea374
853f3723
8540d081
854103d4
85428682
8543bebe
85444760
8545c57f
85462bcf
85472917
854839ea
85498997
854ad07a
854b077c
854c12a0
854d9519
854ef6dd
854f051f
85502aa5
85511aee
8552d76b
855377aa
8554a1e2
8555b2d1
855648b5
85577883
85588628
855943ef
855a7448
855b541f
855c9b53
855de3ff
855e462c
855f9fbe
85607c76
85615d8e
856233af
85636338
85640fc7
85657df5
856640a2
8567c1d9
8568ed8a
85697bce
856aec4f
856b6984
856cad9b
856d38e8
856e8c9a
856fce93
8570c5e7
8571628c
8572d626
85734eb3
85747ab5
8575bb0e
85765ef0
85773f8c
85782182
8579c363
857a8c8d
857be184
857cd8d0
857d37c1
857e73b3
857fc75f
85801b33
858185f2
85822b53
8583cd7d
858457ca
858582be
85865010
858788fa
858828a3
85897932
858ad2d5
858b4ac6
858c2986
858d29c1
858e3dc2
858f668a
85900726
8591e8d1
85925c35
8593d47c
8594f842
85959bf8
8596f79c
8597a564
859856db
859920ac
859a20e3
859b8d8b
859ca893
859d20e9
859eed96
859f9d57
85a0f692
85a10f9d
85a24b5f
85a3bd15
85a47b4a
85a57128
85a69527
85a788b2
85a8234b
85a9997f
85aabae2
85abaab3
85ac493d
85adbd82
85aea5f4
85af1616
85b0df35
85b1f0eb
85b26fbb
85b3226a
85b4b9a7
85b54d6f
85b6a13e
85b778b5
85b8d83f
85b94832
85ba7327
85bbedfd
85bcec7d
85bd7301
85be87a0
85bfe31e
85c06172
85c1f6c4
85c20cff
85c3d20e
85c440e3
85c5301b
85c6d8aa
85c78c9c
85c815e7
85c9e5f4
85cafc78
85cbc572
85ccc235
85cd095b
85ce22e6
85cf2028
85d04fb4
85d12803
85d228fc
85d375ac
85d437ca
85d5a19d
85d6b6d5
85d70110
85d8537b
85d9bfa5
85da5830
85dbeaa8
85dc0489
85ddba1e
85dea3a5
85df2807
85e0795b
85e1acf5
85e2ae3f
85e36bef
85e42221
85e5b2da
85e62d87
85e70061
85e8b6d7
85e94058
85ea92ce
85eb3f19
85ec2af8
85ede7b7
85ee1575
85ef8043
85f0d434
85f11fe8
85f2b856
85f36391
85f4139c
85f5ab37
85f693e4
85f778c1
85f8b6bf
85f950a3
85fae91c
85fb6fb9
85fc09c5
85fd09ce
85fe1882
85ff6e55
86004a7f
8601a76a
860211f9
8603aa13
8604c801
86056355
86067b36
860735f0
86083cfa
8609b5ae
860ad864
860bf3ad
860c8061
860de504
860ec9c9
860fba4e
86102311
8611591e
86124613
8613eafc
8614932c
86153644
86162925
86179ae7
86186569
8619b6a0
861a3c11
861b4216
861c7e6f
861d861d
861e19a5
861f20e5
8620c50e
8621bea9
8622e070
86230b35
8624e75e
8625b035
8626d3dd
8627b0e0
86289024
8629cbcd
862a720d
862b692c
862cfc85
862d06a5
862e14f9
862f085c
863055f7
8631c421
8632806d
86332e3c
8634b9c8
86351d31
8636793f
86373033
86387e1a
86390154
863a2a86
863b0315
863cadeb
863d2467
863e9d8f
863f9bd4
8640616e
8641f6f1
8642939a
864302b2
8644b44c
86458835
8646d3cf
86476d7a
86483a69
86494834
864a0a7a
864b3547
864c50d1
864d651a
864e882f
864f82fb
8650de3b
86518096
8652edc6
86531397
8654b407
86553ba6
8656cd45
8657c455
865822a2
86598764
865a34d4
865bb1eb
865c0e36
865d2557
865e8929
865f0e35
86603a19
86613395
8662c48b
8663bd14
86642c42
86650044
86660bd4
86677d6c
86686d72
86699994
866ab541
866b8fe2
866c465d
866dd204
866e35e9
866fb627
86704b04
867185cd
86727f68
86739c50
8674f784
86750c40
86769c2b
8677e732
8678ec7b
86795daf
867aa1b4
867b071d
867c0d44
867d0df1
867e966a
867fcb36
8680856f
86815b30
8682cd00
86834a68
8684f37f
86853dd5
8686b515
86878c1f
86889994
86898f94
868a45f9
868b588e
868c4a1e
868d2312
868e614e
868ffcbd
8690e842
8691616b
8692260f
8693fbc8
8694d33f
8695d2c2
8696eea9
8697e834
8698936a
869951a9
869a7c32
869bd869
869c6d99
869df9c5
869e7771
869f9d20
86a0db15
86a13720
86a2d417
86a3a0a0
86a4e77a
86a567d4
86a63067
86a73ada
86a80e34
86a988e7
86aa855a
86ab0d3b
86ac8ee6
86adff61
86ae0ab3
86afb941
86b0df00
86b10c1f
86b2b2c3
86b3ce1b
86b49374
86b578ea
86b63c09
86b78c5e
86b86cb7
86b90248
86ba70ea
86bb9013
86bc5bc7
86bddc18
86bed96f
86bf7a8a
86c07f87
86c1d44d
86c25ad0
86c3249d
86c463db
86c5ec3f
86c66bc6
86c78c78
86c84fc5
86c99014
86ca05ad
86cbb78b
86ccc286
86cd2965
86ce19c3
86cfd882
86d07990
86d17f1d
86d2c95f
86d3d9b8
86d4b129
86d5a950
86d6a9b8
86d74347
86d83d2a
86d9a5f7
86da5246
86dba71f
86dccfad
86ddb982
86de2e26
86dfc379
86e0cef9
86e1c507
86e2697b
86e30b2a
86e4c6df
86e5efe2
86e66d4d
86e7fd72
86e8ad01
86e9d1a4
86ea7f05
86ebc04b
86ec889c
86ed3687
86ee7678
86efdfce
86f07623
86f18e3d
86f25d14
86f3afe4
86f41327
86f58c05
86f6c5ad
86f76eac
86f8adf6
86f975be
86fa61bc
86fb426b
86fcb3b5
86fda6a7
86fe46af
86ffcf98
8700ce43
8701ca3b
8702aa05
87034c68
87044dab
87050a80
870664ec
8707c414
870802a3
8709fcc8
870aafcf
870b6da5
870cdb0b
870d5af3
870e7792
870f7484
87100298
87117be0
8712345c
8713753e
871425f7
87152012
87162fad
8717a070
87183d66
87196a02
871a86b2
871bdf2e
871c92b4
871ddbf6
871eab18
871f793e
8720fac5
87217595
8722f4ee
8723e175
872453ea
8725f7e0
8726eace
87279e16
87288354
872918df
872ad174
872b875f
872cda3a
872d09f2
872edc7a
872f3b2f
8730fbd9
87319fbf
87324a07
8733fb79
8734c494
8735b7f8
87367a9f
87370b27
8738fa28
87398e98
873ac4cb
873b8bc1
873c7a40
873de835
873e6a07
873f8e54
8740d6e0
87415e56
8742c461
874301b3
8744ff41
874554f2
87468f16
8747714c
8748526d
874918d7
874a3b86
874bd37f
874c034b
874dbda5
874e6acb
874f12dc
875059e9
8751595b
8752824d
87537bac
8754b874
875506fa
8756bfbd
8757e1ba
8758feee
875967ed
875adead
875bb705
875c1edb
875d2e2f
875ef1b1
875fe75e
8760f9ee
8761da70
8762f3a8
876396a1
8764920d
8765a4e9
876657c3
87674a13
8768a2ce
8769d51f
876a8040
876b116f
876caf9e
876d47d2
876ea63e
876f5bb8
8770a6b9
8771c9e8
8772e3bd
8773d0af
87745a1f
877588a2
8776e037
8777d767
8778e1ce
8779e9d2
877a4dd7
877b0681
877c99ab
877de14f
877e2bd3
877f0608
8780189f
878106c3
878202b3
8783eff6
87846723
8785f941
878642e5
87877cad
878841d4
87895eac
878a3cbd
878b31f7
878c066d
878df8b8
878e3471
878fc2e7
8790890f
879185ad
8792e22d
87933786
8794b162
8795d3af
87968649
879780b6
8798674d
8799016e
879ae273
879b415d
879cbbfa
879ddb8d
879e24a6
879fe7d0
87a08853
87a1cde3
87a20ce1
87a37f95
87a43d2e
87a56a5f
87a64a4d
87a72aac
87a85399
87a9852a
87aac380
87ab3f67
87acfab5
87ad5d61
87ae6898
87afb467
87b091e1
87b1b956
87b27b7a
87b3209f
87b461b1
87b52dbe
87b6be83
87b788c7
87b8bbc5
87b97198
87ba10f0
87bb82ec
87bccd16
87bddf6c
87bea80b
87bfd98c
87c0c142
87c14973
87c2cab3
87c32678
87c4c2a9
87c5e3fe
87c61c1a
87c7af23
87c803b2
87c90b8a
87ca9e37
87cbc150
87ccae9d
87cdfb17
87cea697
87cf9ca6
87d07b63
87d174c4
87d2c905
87d3aa6a
87d48303
87d5c2d7
87d61943
87d7b259
87d8fed0
87d967ff
87da0050
87dbad66
87dc53ae
87dd5b9a
87dea836
87df75d2
87e005df
87e1de6e
87e22d2d
87e3e6b7
87e43eb7
87e512c6
87e6338f
87e7b4da
87e826eb
87e99006
87eaa39e
87ebdde8
87ec8c93
87ed3281
87ee4e80
87ef0fe1
87f0d970
87f112ee
87f2a3ba
87f33bf9
87f46d1f
87f5bd96
87f6d6a3
87f7b75a
87f82a63
87f9f512
87fa0661
87fb0df3
87fc8a99
87fd84a6
87feefc2
87ff4b73
8800ff41
8801acc8
880240dd
88033255
8804ebad
88054c2c
88063416
880704d3
8808bdbe
8809365f
880a5ff6
880bd369
880c7083
880d2d8c
880e50a8
880f6b45
8810a251
8811c452
88127ecc
8813e0ec
88141b1b
88159194
88160551
88170da4
88181859
8819922d
881aa48a
881b9bf4
881c81cd
881de677
881ef749
881f66ec
8820b9ac
88218111
8822e011
88238146
8824080e
8825aed4
8826b1ae
8827e440
882801d9
8829bfc5
882a9a28
882bea17
882c3d5f
882d6951
882e3d7a
882fb776
8830c307
8831ab68
88328876
8833e80b
883409d7
88357df4
883651f4
8837f6b5
8838c191
8839d230
883a9fc3
883bdf04
883cd850
883d4018
883ea8e6
883fcbf0
88407210
8841e129
884278eb
8843005f
8844be75
88453152
88464c2b
8847e7f1
8848f14f
884976f4
884a66cb
884b4aa7
884c3be8
884d4b02
884e4b16
884fb30f
8850d128
8851900c
8852f815
88533000
8854efcb
88551f1d
8856d415
8857c94e
8858864c
88590140
885a3320
885b40d6
885cf67d
885dfa01
885ea7d8
885f97e1
88609a38
88612a8c
8862da6b
8863a198
8864c82a
88658629
88661f56
8867a02b
88685e46
8869aa7c
886aa66f
886bc3f4
886c0a63
886defaf
886e3b92
886fa7bf
8870c014
8871cb93
8872e798
8873a3b7
8874b3d8
887584af
8876b3fe
8877e33a
88789cb5
88793e11
887a4a86
887b89eb
887c9422
887d4a92
887ec680
887f6f64
888031e7
8881d224
888278e3
88830a8d
8884f033
8885ee23
888627e4
88877a90
8888ac41
8889a002
888aa390
888ba5c5
888cd83f
888d142b
888ef760
888f3667
8890a10a
88919833
8892f63f
88939934
8894ca80
88950dc4
8896da44
889701f1
88982f7b
889980ad
889a4990
889bac04
889c95a8
889d7966
889e35d3
889f2a91
88a023dc
88a1055a
88a2b092
88a3eccf
88a44d73
88a541c0
88a6fe41
88a7e648
88a84fec
88a902d8
88aaf35a
88ab391c
88acc4de
88ad5ff6
88aea2a5
88af3847
88b09579
88b1e490
88b2544c
88b30d44
88b4951b
88b5cef8
88b6dbe5
88b7bca0
88b86c82
88b91c3f
88bae8a1
88bb8353
88bc81e3
88bd5b11
88be156e
88bf1f45
88c01c91
88c105a8
88c28b9c
88c30ddb
88c40ade
88c5f6f2
88c65a52
88c7d9e3
88c80d99
88c9a070
88ca0807
88cb7ad4
88ccba04
88cd99e0
88ce5f30
88cfda9a
88d0f86c
88d1ddaa
88d2454f
88d3450b
88d45dd4
88d54c29
88d6e698
88d757a3
88d87457
88d94a66
88da51cf
88db99e4
88dc7774
88dd9401
88dea5f6
88df4cf2
88e08b66
88e1493f
88e2ea9a
88e3e177
88e44619
88e5ac6c
88e6d65e
88e7c610
88e86403
88e9ab52
88ea52ab
88eb7b5d
88ec131a
88ede9d6
88eed8c2
88eff06e
88f024be
88f144a5
88f246d1
88f34660
88f455c4
88f59f22
88f66220
88f7b48a
88f8fcf9
88f9f2fe
88fa7c1d
88fb8fd9
88fcac34
88fdd162
88fee7d4
88ffcf1f
8900bcf2
890114a5
8902b810
8903fa51
8904169e
89054d77
89067ee0
8907718b
8908e0a5
890975c6
890aa08c
890b6d63
890c7a2b
890d401c
890e32f9
890f5919
89107ff6
89112572
8912501a
89134ee2
89144448
8915d65e
8916194c
8917d8b1
89182733
8919d2d9
891a13d1
891b1f11
891c426f
891dbb0e
891e9eaa
891f5efa
892001ff
8921b547
89229d82
89238985
8924c748
89257d82
8926238f
8927d318
8928d1f3
89291108
892a7e7c
892bd90c
892cfdc4
892de705
892e56aa
892f4e3d
89306eeb
8931af5e
8932e19d
89330794
8934a0e8
89359b0d
89364fb6
8937b662
8938c118
8939ee12
893ab978
893b4ff4
893c4faa
893dba52
893e6609
893f3011
894076c5
89411ed2
894297b7
89437555
894458ae
89459969
894661b2
894718bd
894870a0
894963d3
894aad68
894b98db
894cf9c4
894d98cd
894e58c7
894ffb1f
8950b3e7
8951497e
89525e52
8953d251
89542d19
8955c35e
8956cca9
8957f632
8958781c
8959d43c
895a5e6e
895b30e7
895c6f1a
895df1af
895e6508
895f97f2
89608e56
89615249
896255c0
89632bc8
8964dde0
8965e8fd
8966b4f4
8967d5a2
8968a653
89699d9b
896a88a8
896b8abf
896c6344
896d7def
896e4928
896f5e25
8970a7d1
897134b4
8972cbdd
89731532
8974cebd
8975b497
8976a7be
8977fc47
89784e33
8979e81a
897a3f65
897be352
897c2c2e
897d92b0
897e7431
897f1e9a
89803996
8981a6b5
8982712c
8983642c
89847c6d
89855588
89868692
8987a7ce
8988d4bb
89892fff
898ad79f
898b5a90
898cd9aa
898dd062
898e189d
898fa949
8990f236
89915e37
8992fbdc
89934f0b
89941ec1
8995e9fd
899664ff
899798d7
899898e2
899933af
899a5e60
899be685
899c4768
899d7a97
899e3c50
899f0c2e
89a03faf
89a11fdd
89a27dd0
89a35574
89a453a2
89a57b28
89a696c5
89a72e5e
89a8a289
89a9d4c4
89aae80e
89ab8261
89ac9459
89ad75e5
89ae6600
89af810d
89b0e8dc
89b18470
89b2958c
89b303b3
89b44218
89b58e2d
89b6fa38
89b769cb
89b83459
89b97790
89bab158
89bb05a7
89bc2e49
89bd79f5
89bea022
89bfe950
89c05bea
89c1e2b1
89c21f4e
89c3d87c
89c459bc
89c50ff2
89c60c0d
89c7919e
89c81691
89c9588d
89cad336
89cb8419
89cc5456
89cdd17d
89ce5166
89cf5076
89d09cdf
89d16dd3
89d26b22
89d3a48f
89d4572e
89d52512
89d68683
89d78770
89d8dfbe
89d97553
89da6b23
89db4a6f
89dc0041
89dd0daa
89deaf65
89df5c27
89e0f922
89e1b109
89e245da
89e37206
89e4d3e6
89e5940e
89e62f88
89e76237
89e82910
89e9c930
89ea0ce9
89eb53c0
89ec9557
89ed3e2f
89ee96bf
89efe01b
89f0759e
89f16cd7
89f2b5f8
89f3fcd0
89f41a5e
89f56616
89f6a84a
89f73636
89f8c0db
89f95b88
89fa5036
89fbc00b
89fc2550
89fdb59d
89fecdd6
89ffeb94
8a00cace
8a01ffa9
8a02aa5b
8a03ce4b
8a045812
8a05fae9
8a06b3da
8a075f23
8a08bf13
8a0960d7
8a0a113b
8a0b1c4d
8a0c47ef
8a0db3fa
8a0e5004
8a0f7b34
8a100f7e
8a115a84
8a12a4be
8a13b8c1
8a147744
8a15bed7
8a166395
8a176a77
8a18b342
8a191584
8a1a3034
8a1be3f8
8a1c0b23
8a1d6d37
8a1e77d9
8a1f8429
8a20abba
8a21032d
8a2234c4
8a232aca
8a24f764
8a25f809
8a26649f
8a27c5f3
8a28ac47
8a297bf1
8a2aec1b
8a2bda3e
8a2c66dc
8a2da026
8a2ed88c
8a2fcb3f
8a306cec
8a31a0c0
8a32c2d7
8a33a1cc
8a340ce7
8a35672a
8a36d3d9
8a373e38
8a380127
8a398b16
8a3af9b2
8a3bd191
8a3c4726
8a3dc6cb
8a3e23ab
8a3f4567
8a4037e3
8a414b83
8a42057d
8a43d6c9
8a44a546
8a45c9a9
8a46c984
8a4757a9
8a48a2ef
8a490c77
8a4a7321
8a4bc41c
8a4cbec8
8a4dec05
8a4e048a
8a4fd226
8a50393b
8a51bd76
8a5284d5
8a53c88b
8a5429d2
8a55c55f
8a56850f
8a57928a
8a58e578
8a5975de
8a5aff07
8a5b358d
8a5cb515
8a5da064
8a5e00c1
8a5f76ae
8a601e51
8a619b04
8a62de99
8a639b6c
8a64855c
8a65ff9f
8a668daf
8a677490
8a687aaf
8a69f332
8a6a7df8
8a6b360a
8a6c6a7e
8a6df9b4
8a6ee5f4
8a6ff7b5
8a70e2cd
8a714d77
8a7278fa
8a73befb
8a743802
8a75f0f3
8a7622ae
8a77f4a1
8a789273
8a79d61d
8a7a59e7
8a7ba352
8a7cafe1
8a7da537
8a7ead5d
8a7f92a7
8a803864
8a818119
8a82c74b
8a837d0a
8a84e935
8a8582ec
8a86cb22
8a877f75
8a887263
8a8950c9
8a8a3869
8a8b0c59
8a8cdbfb
8a8d1311
8a8ea31f
8a8f2d1f
8a90565f
8a914082
8a924f15
8a93ef64
8a9474c0
8a958225
8a96ac9f
8a97f70f
8a984b53
8a9990b3
8a9a9204
8a9bb32b
8a9c309f
8a9d8105
8a9efa10
8a9fb3ed
8aa0304f
8aa115c7
8aa26048
8aa376b5
8aa4453b
8aa5c918
8aa68bf4
8aa7166c
8aa88cef
8aa96eba
8aaa8a1d
8aabcf0a
8aac352d
8aad0f9e
8aaee82d
8aaf39ec
8ab07612
8ab1ef84
8ab2005a
8ab32b85
8ab466b1
8ab541d7
8ab63b77
8ab78950
8ab8a397
8ab952fb
8abad273
8abb6f6a
8abcc56b
8abdac45
8abe20ca
8abfdb54
8ac06310
8ac1ea63
8ac26e2b
8ac3dddd
8ac41ed4
8ac555dd
8ac6cebc
8ac785ff
8ac82361
8ac94c8d
8acac55a
8acb1f56
8accba52
8acdeea7
8ace29fd
8acf931c
8ad08566
8ad1f318
8ad245d0
8ad384a6
8ad4db8a
8ad5078c
8ad65142
8ad769b3
8ad89dd7
8ad9b67c
8ada0ea9
8adbf88e
8adc0e2e
8addcaa6
8ade5964
8adf6c32
8ae049b5
8ae15ee4
8ae2b068
8ae364a0
8ae409e7
8ae56e44
8ae62380
8ae72927
8ae871c2
8ae9e53f
8aea3042
8aebc8bc
8aecf339
8aedd3eb
8aee1160
8aef3a7a
8af073da
8af1071e
8af24641
8af3554b
8af4fdd3
8af55f68
8af6528e
8af7b069
8af844db
8af970ef
8afaaacb
8afbd9a9
8afcc740
8afde914
8afe8965
8affc8de
8b007c14
8b01d9b5
8b02ee5e
8b033c88
8b04b6ec
8b05b05d
8b0689b7
8b07502b
8b082d00
8b09b986
8b0a11fa
8b0bcbfa
8b0c9d2b
8b0d45b9
8b0ee012
8b0f261f
8b105b35
8b11112d
8b120c52
8b13b466
8b14f7e2
8b15637c
8b16dff6
8b174dce
8b181e22
8b19b8f1
8b1a474c
8b1b0902
8b1c886d
8b1db7d2
8b1ebbbd
8b1fae63
8b20fcdd
8b219ff0
8b22303a
8b23f117
8b244eeb
8b256bb2
8b26a0f1
8b276404
8b280408
8b2978b7
8b2ad040
8b2b3bf9
8b2c8412
8b2de363
8b2e4ec2
8b2f0a84
8b307997
8b31664f
8b32453a
8b33a389
8b347d55
8b35e525
8b369d96
8b374b30
8b381607
8b39b53a
8b3a74dc
8b3b9d77
8b3ccc11
8b3dd98d
8b3e6f32
8b3f065f
8b40c851
8b411f70
8b42fe10
8b43f3f0
8b443177
8b4586c0
8b466a29
8b47d287
8b48db84
8b49bf33
8b4a6933
8b4b18b4
8b4cf5c3
8b4ddacc
8b4e4383
8b4f0cb9
8b50aabc
8b5102b7
8b522980
8b53aea5
8b549fdc
8b551e83
8b5627ac
8b570a1c
8b587d99
8b59b717
8b5a24c6
8b5b98df
8b5ccf4f
8b5db528
8b5e4bfb
8b5fcc11
8b603f98
8b61f982
8b6201a2
8b634d44
8b640a38
8b65c9be
8b66103a
8b678cc5
8b685718
8b69ecd6
8b6af5d2
8b6ba97a
8b6c184e
8b6dad1e
8b6e381c
8b6f615e
8b709ac3
8b712113
8b72f816
8b73c99b
8b74fb3e
8b75c354
8b76c120
8b776cfe
8b788903
8b795d3f
8b7a3487
8b7beecc
8b7cdecd
8b7da5da
8b7ee5d7
8b7f6ca6
8b80491f
8b818e69
8b821a4a
8b838162
8b84833f
8b85250c
8b867362
8b8785bc
8b886758
8b89fd38
8b8ac957
8b8b1641
8b8cbb3e
8b8dda8d
8b8ea61d
8b8fe81f
8b90e794
8b91e4d5
8b926d90
8b935818
8b9403b4
8b95085e
8b9618f9
8b97ca3f
8b9856a8
8b99b70d
8b9ad74e
8b9b1cdf
8b9c2468
8b9d6dff
8b9ee5ad
8b9fc772
8ba07339
8ba16f33
8ba2a27a
8ba3ad25
8ba4f5ab
8ba528a9
8ba6393a
8ba7feb4
8ba8ed7d
8ba9ced9
8baac192
8babb97c
8bac275f
8badb343
8bae4c8f
8baf46e3
8bb0a880
8bb14ad2
8bb217d7
8bb35331
8bb4af5a
8bb5e14a
8bb60ede
8bb7c772
8bb84981
8bb927e2
8bba7eca
8bbbbd59
8bbcba63
8bbde9d8
8bbea282
8bbf2f8c
8bc02e5a
8bc19150
8bc21792
8bc316ec
8bc4d68e
8bc5fb21
8bc629ae
8bc7d74e
8bc8df95
8bc9ff0b
8bca59a2
8bcb0277
8bcc1f39
8bcd6669
8bcea8c7
8bcfaf64
8bd01913
8bd1294e
8bd22342
8bd37d4d
8bd4808b
8bd5bc5d
8bd6d556
8bd7818d
8bd890ed
8bd96383
8bda4cd0
8bdb6487
8bdc6be3
8bddbad4
8bded1c3
8bdf290e
8be062c5
8be15698
8be246af
8be385ad
8be4a6fc
8be525a5
8be65607
8be7a2a9
8be81818
8be92a77
8beaeeaf
8bebd517
8bec7ffc
8bed4705
8bee23d2
8bef413a
8bf00b1b
8bf17eb2
8bf25f66
8bf3784f
8bf49639
8bf5e6ab
8bf69c2e
8bf7e90a
8bf8e147
8bf9a30f
8bfa98c9
8bfb8d3f
8bfc7b37
8bfd2732
8bfe4539
8bff0232
8c00da87
8c01ad37
8c02e807
8c034453
8c04fa71
8c056d29
8c068a37
8c07378b
8c08f510
8c09fd3b
8c0a6cff
8c0b9bfb
8c0c2acf
8c0df251
8c0ef424
8c0f56fd
8c1056bb
8c1133d2
8c1251bb
8c130bd5
8c14dbee
8c15435a
8c16212c
8c1765de
8c1876c1
8c196e30
8c1afd1b
8c1b9779
8c1c4b48
8c1d6028
8c1efb84
8c1fc2d9
8c201584
8c21be93
8c22d351
8c23f392
8c24ee0c
8c25601e
8c2612dd
8c27ca1c
8c2802ae
8c299765
8c2a4b0c
8c2b73a2
8c2c65ec
8c2d198e
8c2ed505
8c2fcdcb
8c300748
8c31f6f7
8c32c1bd
8c331ee5
8c344eaa
8c353b9f
8c36767c
8c37b907
8c386e0e
8c393c85
8c3a7d35
8c3b77e5
8c3c4982
8c3db487
8c3eda9f
8c3f72f0
8c40afcc
8c412996
8c42482b
8c43ed85
8c44872b
8c457adb
8c46c530
8c47a83b
8c48c1f1
8c49c3e9
8c4ac530
8c4b610c
8c4c15fa
8c4de9b3
8c4e8b0b
8c4fbaa3
8c50f7b1
8c51a71c
8c524675
8c53ee76
8c54e5b2
8c55d5af
8c567de1
8c572540
8c583e21
8c5934df
8c5a3922
8c5b4cb1
8c5c8c2f
8c5d3aa9
8c5ed704
8c5f2493
8c602acc
8c611197
8c627b29
8c630524
8c6491de
8c65c9f4
8c665eca
8c6738f5
8c68acaf
8c690953
8c6a9d1c
8c6b0fe6
8c6c265a
8c6d0a75
8c6e747b
8c6faa26
8c708567
8c7170a6
8c72aa00
8c73bbd8
8c74a344
8c753a99
8c76f497
8c77753b
8c786303
8c794ccb
8c7a9997
8c7bb277
8c7c01b6
8c7dc462
8c7e3768
8c7f6299
8c80022b
8c814ecc
8c8254c6
8c830f47
8c849abc
8c85189d
8c869ad1
8c876a0c
8c88f253
8c89511d
8c8a19f2
8c8bc4a2
8c8c5f80
8c8db8cd
8c8edf7c
8c8f1937
8c90734a
8c910652
8c929326
8c934876
8c94e19c
8c95f492
8c961de8
8c97369d
8c988f8e
8c9973b8
8c9af128
8c9b5f09
8c9c5e0e
8c9d5bcb
8c9e8399
8c9fd42c
8ca00617
8ca16892
8ca297cc
8ca36a81
8ca478c1
8ca52a41
8ca6c1f0
8ca740be
8ca8725d
8ca9a5c9
8caac4fd
8cab20d6
8cac9977
8cad0015
8cae8251
8caf0028
8cb0c8db
8cb1ee59
8cb26ccc
8cb363df
8cb4e644
8cb5e664
8cb601e8
8cb76ba7
8cb8ed4b
8cb965af
8cba6d2d
8cbb3f70
8cbc5e3e
8cbd8d8d
8cbe3691
8cbfc9b9
8cc08ccf
8cc1fb20
8cc20b8a
8cc3cde6
8cc4abfa
8cc54b33
8cc619bf
8cc7e772
8cc89346
8cc91a53
8cca5690
8ccb98d9
8cccba0c
8ccd8eb9
8cce26a2
8ccf6ea2
8cd0bb48
8cd17335
8cd29da8
8cd32757
8cd4cf93
8cd57ddb
8cd67ec4
8cd74678
8cd8b1e6
8cd99008
8cdabda6
8cdbebde
8cdc5deb
8cdd076b
8cde055a
8cdf6038
8ce04010
8ce189de
8ce20c02
8ce34718
8ce4318b
8ce56334
8ce62c0e
8ce75124
8ce88775
8ce9f6d3
8ceacbd8
8ceb6dbc
8cec2028
8ced33c8
8cee6790
8cefd35e
8cf086cd
8cf1b61e
8cf2462c
8cf30627
8cf4d796
8cf569da
8cf63dc6
8cf7a010
8cf83367
8cf93d70
8cfa48e0
8cfbcc94
8cfc30c4
8cfd2b34
8cfe60c1
8cff9361
8d00d6d7
8d017654
8d023d07
8d036b68
8d045991
8d05af6e
8d069afb
8d077045
8d0829f7
8d094004
8d0a14e3
8d0b3bed
8d0c5b75
8d0d60dc
8d0e26c1
8d0f403e
8d10f709
8d111003
8d120702
8d13a293
8d14f506
8d156072
8d16ab4d
8d171ce7
8d18f8fc
8d192d21
8d1af416
8d1bed68
8d1c9bbe
8d1d12f3
8d1e6c09
8d1f7239
8d207834
8d215062
8d228bd2
8d2323b3
8d24afd8
8d257440
8d265be2
8d27365c
8d28d81b
8d295b4c
8d2a2cb0
8d2b6810
8d2cde43
8d2de15b
8d2ee270
8d2f83ec
8d30e698
8d312409
8d32e34f
8d337758
8d342054
8d35defe
8d36a392
8d374bf9
8d38822a
8d3933b0
8d3aa7ae
8d3ba541
8d3ccf8e
8d3d4067
8d3eca3a
8d3f8509
8d40f8e0
8d418b3b
8d42967c
8d43ad16
8d448f92
8d45cc3d
8d46d3ca
8d47d911
8d48c9df
8d494292
8d4a8b5a
8d4b0a4f
8d4c9141
8d4d1f1b
8d4e83b1
8d4fdbb5
8d50de44
8d512ce9
8d5239ba
8d53afce
8d54333d
8d553b16
8d567b07
8d57e2f1
8d585316
8d59cf87
8d5a13c4
8d5b2600
8d5c75ad
8d5dbc62
8d5e4364
8d5fd4dc
8d60fa8a
8d61e8cc
8d62cf35
8d63d127
8d644f85
8d652ddb
8d6681c5
8d676bb6
8d688eb5
8d694b68
8d6a2afd
8d6be5c6
8d6c54df
8d6dd728
8d6e24ba
8d6f3b01
8d70911c
8d71541b
8d722ffb
8d738b45
8d746101
8d75e5c1
8d76701b
8d77ead1
8d782a43
8d79db02
8d7aafab
8d7bd846
8d7c5051
8d7d0c55
8d7e8e90
8d7f177e
8d805e5c
8d819da0
8d822465
8d83038f
8d84eefd
8d85fee4
8d86682a
8d871a64
8d88eedc
8d89f8d7
8d8aad62
8d8b0dea
8d8c5ef4
8d8dec4d
8d8ee40d
8d8ff16f
8d908f75
8d914a14
8d9256ff
8d939c5e
8d94f334
8d952753
8d966352
8d978e8d
8d988de2
8d998c5c
8d9a6cbf
8d9b4269
8d9ca84a
8d9db8e0
8d9ec1c8
8d9f7c3a
8da04e8b
8da1ddcb
8da23931
8da3bdf3
8da460fc
8da554e9
8da627ef
8da7a2d6
8da86821
8da92589
8daa7487
8dab57dc
8dac4921
8dad082d
8dae5256
8daf53ef
8db08960
8db17480
8db23bb4
8db33241
8db4769a
8db50afa
8db61846
8db70161
8db88b24
8db92347
8dba1f17
8dbb4296
8dbc333c
8dbd591d
8dbed7a8
8dbf1b78
8dc06c41
8dc12469
8dc296bc
8dc3449b
8dc4aaf6
8dc5b348
8dc6eeba
8dc74d82
8dc82f5b
8dc98690
8dcadec5
8dcbf509
8dcc1742
8dcd7892
8dce092a
8dcff4cc
8dd085f4
8dd14086
8dd29d80
8dd3014a
8dd4e18f
8dd5070e
8dd61140
8dd79c10
8dd8c046
8dd9b64a
8dda321c
8ddb3af8
8ddc653c
8dddd3b2
8dded76e
8ddf1c32
8de06e74
8de140f5
8de21555
8de30668
8de4c4c5
8de57822
8de69d62
8de7313f
8de857af
8de97c2e
8dea74d0
8deb0125
8dec88fb
8ded1a3c
8deedd05
8def784f
8df06752
8df12326
8df2fa7f
8df35082
8df4e582
8df56a92
8df6fecd
8df7fa6d
8df83e86
8df94c34
8dfa5f63
8dfb63b4
8dfc91a7
8dfd68a6
8dfeedc2
8dff83fd
8e002d55
8e011acf
8e029b84
8e03bb86
8e041db5
8e0581e0
8e062e9d
8e074c8d
8e087c93
8e09302e
8e0ac218
8e0b9753
8e0c4be9
8e0d8648
8e0ea2e4
8e0fd530
8e10e767
8e111def
8e12ee4d
8e13f6f5
8e14ce08
8e1534a9
8e168e1f
8e1786e9
8e188efb
8e19897f
8e1abf4b
8e1bfa3e
8e1ca178
8e1df7da
8e1e3b3d
8e1f85ab
8e203f3b
8e21b62d
8e220ac0
8e236d0f
8e246c7a
8e250212
8e26e86c
8e2741de
8e2831c5
8e29f0ac
8e2a6dcd
8e2b3dc5
8e2ce57b
8e2dd065
8e2e4da9
8e2f7ca9
8e30b166
8e318e86
8e32bb26
8e33fb8b
8e34d345
8e351a76
8e3697fb
8e370aca
8e38a884
8e397374
8e3a12ee
8e3baff8
8e3c1f61
8e3d0834
8e3e4abe
8e3fd726
8e40eca3
8e413095
8e42ab34
8e43b43d
8e44aa4f
8e45c044
8e46cdee
8e47effa
8e480038
8e4993ec
8e4ac07d
8e4bde5a
8e4cc72f
8e4de52e
8e4e6a63
8e4f6378
8e50d50a
8e51e4ba
8e522cd0
8e5302b1
8e549579
8e55d3d4
8e563b2f
8e57e837
8e58ba43
8e59e4bd
8e5a0e80
8e5bc491
8e5c2a7c
8e5d1a56
8e5e0e7f
8e5f0463
8e60088b
8e61bcde
8e62284d
8e63593e
8e6452b6
8e652b01
8e66ab34
8e6701d5
8e682c7e
8e697dd2
8e6a36bc
8e6b0ad4
8e6c721a
8e6dcafa
8e6e2311
8e6f702e
8e709962
8e71bd67
8e7206ff
8e73f866
8e747750
8e75e313
8e761150
8e77ba4c
8e789ff3
8e79d5de
8e7a379a
8e7b30e2
8e7c380c
8e7dc26e
8e7e08d2
8e7f57ba
8e8094fe
8e81c9a6
8e82fb1a
8e8313b9
8e84e58f
8e85516b
8e86561e
8e87f163
8e88bb3f
8e896213
8e8a39d7
8e8bad6c
8e8c72ce
8e8d209f
8e8ee87d
8e8fd100
8e905fb9
8e91b550
8e92e39a
8e93808c
8e94fd1b
8e9568b1
8e96be03
8e9777b2
8e98b364
8e99d209
8e9a518d
8e9b9bec
8e9ca77b
8e9d72fb
8e9e0ff5
8e9f99fe
8ea0c106
8ea115af
8ea2f57a
8ea33484
8ea41968
8ea576c6
8ea677d5
8ea768cd
8ea88499
8ea934c5
8eaae974
8eab1797
8eaccb0b
8ead9fba
8eae6b2d
8eafbfc4
8eb0eb99
8eb16a56
8eb29e53
8eb349f0
8eb46501
8eb58d2c
8eb6ccbf
8eb74167
8eb8109f
8eb96315
8eba72a2
8ebb0af7
8ebcdc6e
8ebd1302
8ebe4379
8ebf0f10
8ec061ca
8ec1e28f
8ec2e544
8ec3ebc3
8ec45ee1
8ec5c34d
8ec6783e
8ec7be53
8ec81220
8ec93516
8ecabb74
8ecb82ff
8ecc5323
8ecdadde
8ecef31e
8ecfbd58
8ed0920a
8ed1711b
8ed22d92
8ed3e9ef
8ed42c67
8ed53216
8ed67c4f
8ed7925b
8ed8013a
8ed9b8eb
8edae0a1
8edba073
8edca863
8edd44c7
8edee692
8edfdc88
8ee04c03
8ee1efdf
8ee22de3
8ee317b1
8ee4343e
8ee512ad
8ee6ca66
8ee77c9a
8ee855c7
8ee9a516
8eea852e
8eebe165
8eec4995
8eed63f0
8eee247f
8eefdd12
8ef005ad
8ef122bb
8ef2e76e
8ef3b2b2
8ef4f308
8ef51177
8ef66f9a
8ef71919
8ef86b41
8ef9ebfd
8efac19f
8efb5ac6
8efcdbb2
8efd3739
8efefd53
8eff3e45
8f00d4b8
8f012dae
8f024c27
8f0344a9
8f04d85f
8f057b8b
8f065343
8f070d65
8f08a900
8f09d75f
8f0afe6c
8f0bf27a
8f0cf82b
8f0d55c9
8f0ea3b1
8f0f01fe
8f10b7b8
8f11936c
8f125e25
8f138938
8f14e1e7
8f15d23f
8f16bede
8f17d0df
8f183813
8f199d62
8f1a4135
8f1be399
8f1cf5ac
8f1dd746
8f1e12ab
8f1fe702
8f20fdec
8f210e04
8f22d91e
8f23768c
8f24f04e
8f254f61
8f26d017
8f272bf1
8f285d01
8f29bef5
8f2af569
8f2b71b1
8f2c9aed
8f2d48c5
8f2eac02
8f2f6cff
8f304036
8f310543
8f32d01e
8f332843
8f34e591
8f357d05
8f362ab4
8f37353e
8f3808d7
8f3941a4
8f3a43d5
8f3b5d4a
8f3c99bd
8f3d6e00
8f3ec698
8f3f7c67
8f40974c
8f416dc7
8f4240e0
8f430447
8f440720
8f453780
8f4646b2
8f47190a
8f48a8e4
8f492d87
8f4a63af
8f4ba30f
8f4c1d06
8f4d0b37
8f4e9473
8f4f113c
8f50bbf5
8f51cb3b
8f52ccae
8f53b2c5
8f54b557
8f5525d5
8f56b290
8f579f5b
8f581eb9
8f597e61
8f5a1da2
8f5b84ea
8f5cb581
8f5d2a49
8f5e9c3d
8f5f7dee
8f609ca6
8f617fe6
8f62de90
8f638a71
8f647d7c
8f65bb8a
8f665416
8f67e9e4
8f682256
8f69c5f2
8f6ab90e
8f6b80ce
8f6cf23f
8f6d5333
8f6ed59a
8f6f8412
8f705071
8f71f328
8f72096c
8f739eed
8f74ff3e
8f75cd6e
8f76d59c
8f77c529
8f78b2b9
8f797f0b
8f7a8b5b
8f7b74f5
8f7c6ea0
8f7d25b6
8f7e854c
8f7f6c3e
8f8084b0
8f8132f8
8f82a6c5
8f837b7a
8f84e991
8f85637c
8f86b55a
8f878396
8f88ea9a
8f898ca9
8f8aba9d
8f8b3528
8f8cbf92
8f8d82ce
8f8e92ba
8f8fff34
8f90cd7a
8f915dd8
8f92b2e9
8f93f665
8f94f7d3
8f9576b9
8f969018
8f97a45d
8f98f157
8f9977fa
8f9a3e6d
8f9bc87e
8f9cce59
8f9d04db
8f9e0b58
8f9fad98
8fa0eaa9
8fa1eeac
8fa2e981
8fa372dd
8fa46043
8fa5d8c5
8fa6a75c
8fa75345
8fa8e8d8
8fa9611e
8faa171c
8fab0de8
8fac11a1
8fadb140
8faed219
8faf1f7a
8fb08878
8fb1a182
8fb29f3e
8fb37d7f
8fb441f4
8fb51bda
8fb61583
8fb7b452
8fb8f570
8fb973af
8fba811b
8fbbdfe5
8fbc0e0b
8fbdbb6d
8fbe69f2
8fbfef3b
8fc05953
8fc12d69
8fc24165
8fc3514d
8fc460cc
8fc5b749
8fc6b52d
8fc76c1e
8fc84152
8fc915f9
8fcafede
8fcb168b
8fcc1592
8fcda635
8fced4b7
8fcfb368
8fd0824c
8fd18e22
8fd2dbf9
8fd38860
8fd403ca
8fd5f86a
8fd692ed
8fd7abb1
8fd84198
8fd9be4a
8fdaae4c
8fdbb212
8fdc47c3
8fdd771d
8fdeff02
8fdff2c9
8fe05995
8fe14137
8fe25a04
8fe325f1
8fe4ebd9
8fe5be5a
8fe6b8e0
8fe7f7ba
8fe809e4
8fe968ca
8fea8273
8feb7dff
8fec3ad0
8fedd303
8feefb14
8fefcf27
8ff06be7
8ff1d958
8ff2b609
8ff3ac1b
8ff4585b
8ff578a6
8ff698a5
8ff70add
8ff8bf58
8ff9e271
8ffab21f
8ffb4a87
8ffcca49
8ffd3324
8ffe2292
8fff785a
9000a0e1
90015530
90026b21
90036913
9004bcc6
9005f911
9006ef2d
9007acde
90086468
9009f328
900ac18f
900b3023
900c9584
900d124a
900e78be
900f8985
90106957
90112c93
90125893
90133d55
9014fa0e
90158817
9016cfb7
90177326
9018c4aa
9019ca36
901a0111
901b3da8
901c78fd
901d51b7
901e7d28
901fd424
9020bab8
9021802c
9022bd47
902351c5
9024d19b
9025df38
902644bb
9027654d
90284c81
9029837a
902a6b80
902b6876
902c0b63
902d4fbd
902eea44
902f4adf
9030cd7c
903114d7
90326b86
9033f5a6
903405f7
90354796
90363825
9037c571
9038adc6
9039b4c3
903a9504
903b9fa3
903cad4a
903d01d8
903ebc73
903f0fdc
9040ed86
9041b15f
9042a0f4
90432474
90448c5d
90450053
90461c56
9047e555
9048386f
90495a51
904a0aee
904b2d12
904c79f3
904dc4aa
904ec3a3
904f6085
9050b5e9
90515a59
90528947
90530d4f
90544f0b
90554bc9
90560ad4
905713b4
90583dee
9059d42f
905a601b
905b03d1
905caa33
905d44e3
905ec137
905f17cb
9060f22c
90611bdf
90628398
9063e04b
90641b5a
9065bf97
90665652
9067fc99
906839c0
90694bac
906aab8d
906b3e0a
906cbd30
906dc267
906e21ec
906fc71d
907000e7
90713340
9072cbdf
90737168
9074c857
90756ec5
90761eb7
9077f5c5
9078af27
9079648d
907a7787
907bd990
907c144e
907db7a0
907e10d7
907f8084
90801063
90812149
90829e10
90839ae2
90843342
9085206c
9086af4b
9087f756
9088384f
9089a194
908a04d4
908b4f52
908ce6f5
908d0224
908eadd0
908fbdff
9090d6f3
9091d88c
90928576
90932079
9094a3d7
9095a233
90964449
9097fd1e
90989f4c
9099a4c4
909a4d15
909b07c0
909ce099
909d0cd9
909efc96
909f79db
90a04273
90a1bcec
90a2c269
90a38e16
90a40916
90a56dd1
90a6e342
90a7880a
90a8ce5a
90a956d4
90aa540f
90ab9ecf
90ac3cdf
90ad8536
90ae8642
90afa053
90b0e567
90b1adc8
90b2f802
90b34329
90b4992f
90b5e5ad
90b6db58
90b7a44e
90b8cb8e
90b986a8
90ba60a3
90bbc931
90bcc2d2
90bd4dfd
90be9088
90bf96df
90c0d9b8
90c1d085
90c2e087
90c3af7e
90c490cb
90c503dd
90c63825
90c7c8cc
90c88446
90c9cc9d
90ca83ec
90cb920a
90cce6a8
90cd009c
90ce2b8f
90cf2cdb
90d014a9
90d1fb92
90d26798
90d34094
90d4d249
90d5534f
90d6e063
90d7c314
90d87a68
90d9f75c
90da1126
90db0bd1
90dc7b7c
90dd3a6f
90de812f
90df190e
90e02f72
90e15281
90e2bb29
90e33d1f
90e41f37
90e5dae4
90e61b5d
90e7b038
90e8129f
90e9e3a0
90ea1d71
90eb8ea4
90ec1d63
90ed51dc
90ee0d5c
90ef3c6d
90f09423
90f174ca
90f2ef16
90f39b2d
90f418e4
90f5dbb0
90f6b1a3
90f7be50
90f8995e
90f98116
90fa0645
90fb30d7
90fccfe7
90fdf52e
90feaf2d
90ff269a
91006787
91019eca
9102778a
9103d6c4
91042575
91050981
91065512
9107af4e
9108e3ea
9109323f
910a32f9
910be1c8
910cc5a9
910d8eca
910e4c2e
910fc412
9110bd53
9111c580
911253e5
9113d0e8
91145e49
91157776
911644d6
9117ad26
9118f38e
91198664
911aa214
911b31dc
911cb648
911d1a41
911e9877
911fd5d2
91200884
9121f5f5
91227513
91234f44
9124fcf4
9125b5f0
91262d0e
9127e86a
91281ef8
91295582
912aaa1c
912bfbc1
912cb1ac
912de09d
912e70f5
912fa93f
9130fa14
913129fd
91320e1d
91331a12
91345da2
9135c569
9136878b
9137c319
913804dc
913963af
913a8841
913b34b0
913cbc98
913db695
913e8af5
913f70ff
9140be9c
9141e9ba
91421ec2
9143d81a
91442fda
9145a8fb
91462c31
9147a695
9148064f
9149075e
914abc55
914b9830
914cf8d0
914d2dce
914ef7a2
914f50de
9150ab6e
91514b5d
915271e8
91539cd5
9154e632
9155b00e
9156a426
91577f18
9158ccc0
915962ea
915a1151
915bfe62
915c2aaa
915d6e1b
915e8986
915f42c1
9160208a
9161efab
91628901
9163840d
9164c5c5
91653441
916697af
9167e679
9168bc84
9169bf03
916a79bd
916be58f
916cd2ab
916d88bb
916e8dbf
916ff35b
91702a28
91714c9d
917239be
9173040e
91748421
917521a4
91765209
9177ab1e
9178a1c0
9179a64f
917a069a
917bc1bf
917cc952
917d6909
917e2cf3
917ff095
9180cf15
9181ecb7
9182cf9e
91833b3c
91843c8c
9185d6e2
91863a40
91870c07
9188ae4a
9189ccad
918ad9cd
918b7dbe
918cc5d1
918dae1c
918ef9d4
918f3879
9190e533
919179cc
9192d570
9193c501
919431cd
91951514
91969115
9197ab7c
91982046
919989b9
919a9738
919b4ce7
919c2156
919dce67
919e84f2
919f6a2a
91a0e4e4
91a14489
91a283a5
91a3e0b4
91a49e92
91a50b79
91a6cc8e
91a75750
91a87b2b
91a9dff7
91aad2c4
91ab76de
91acd44e
91ad74c8
91ae7978
91af966c
91b0435f
91b1eabd
91b297ea
91b32c7a
91b47b9b
91b56dc8
91b6df5c
91b7318f
91b8c5e3
91b91696
91bae84f
91bb2e84
91bc5402
91bdec7f
91be8efd
91bfca3f
91c07c43
91c1a2b1
91c2fc9e
91c33f3c
91c4e86f
91c590e0
91c6447f
91c79d0c
91c869e8
91c9bf8b
91ca670c
91cb3685
91ccb0fc
91cda475
91ce876c
91cf162b
91d0afa3
91d1d0ac
91d23a20
91d3604a
91d42ca3
91d5bb50
91d6f638
91d7ef00
91d8aef5
91d9fe49
91dac5ae
91dbbeda
91dc95a2
91dda8f9
91dee745
91dfcedf
91e0cbbe
91e1fc45
91e2c935
91e3d46e
91e40da0
91e5e9ca
91e624b9
91e7c1ff
91e848b2
91e97a08
91ea514a
91eba319
91ec2a3a
91ed99a4
91ee9e38
91efba73
91f0ede0
91f1ca76
91f2db49
91f3bdad
91f48e8b
91f56f65
91f6090c
91f78838
91f88fde
91f91116
91fa53cb
91fbf0b2
91fc1219
91fd5179
91fefbce
91ffcf2f
9200efef
920149c6
9202b086
920384cc
9204afd8
92057169
9206cba6
920770a9
920842ec
9209eb2b
920a1270
920bc83f
920cda79
920dea53
920e5814
920fe94a
9210e6f8
92117fd0
9212cc43
9213d288
9214657f
92151ce4
9216e01e
92178de7
9218ac2e
921916d6
921a4cd2
921bd49c
921cc878
921d4cb6
921efeb6
921f9cf9
92207c47
9221d608
92226909
9223c4ad
922490d4
9225ec41
9226aac7
922795e6
9228e4c7
922982d1
922a8542
922bfc11
922c7a7d
922d5321
922e0ac8
922fc84a
9230056f
9231c2a3
9232f577
9233f236
92346cc4
92355489
9236de59
923758f2
9238830e
92398bc0
923a90c6
923b3856
923c966e
923dec07
923eb50c
923fd393
924090cf
9241dfde
9242f10f
92435b3c
9244b010
92452ac5
9246cded
9247ebbf
924809a7
92494afb
924a08cf
924bb03c
924cedc9
924d45f0
924eddf1
924fd4c2
9250ef87
9251cd92
9252a7e6
92538d5e
9254ff5b
92557ee8
9256fadf
9257a1c5
9258abe4
92599210
925a9a34
925b0697
925cfcd2
925da64a
925e03e2
925ff9a7
9260f8bf
926176b5
92626ffa
92631e94
9264d17e
9265c7a2
92666f5e
9267663b
926873d8
926979dc
926a40d9
926baecf
926c534c
926d276c
926ed975
926f07c9
92707734
92710fb1
92727921
9273b4fa
927436eb
92754686
9276c696
9277d067
92783e63
9279a992
927a2cb0
927b3647
927c6981
927dd949
927e70e4
927f42a0
928095df
92810a35
92828db2
9283d07e
928452a5
928504db
9286e745
928700f6
9288035c
9289f219
928a8e25
928b8a74
928c00d5
928da4f2
928ee0b2
928fe872
9290c897
92915c91
9292f27c
9293530f
92940717
9295530f
9296f89f
9297b656
92989b3f
9299a780
929a9238
929b2e67
929c4ae7
929d7379
929e4e7f
929fe8f6
92a0be32
92a1a80c
92a2eedf
92a36b16
92a4492c
92a5d318
92a61aa9
92a7dfd7
92a83500
92a9adf7
92aa014d
92abd925
92ac2e91
92ad4d9b
92ae304a
92afa2e6
92b03376
92b18606
92b204d0
92b3abb5
92b473cc
92b5ad29
92b6711b
92b7fdbf
92b82a33
92b90d4c
92ba808a
92bb375d
92bcf48a
92bd0cef
92be1745
92bf556e
92c0d6ad
92c1daa7
92c26474
92c39b9e
92c4f3bf
92c5b6c5
92c6fcb7
92c7d00f
92c8500e
92c9996c
92ca68e7
92cb5600
92ccf7f4
92cd57a3
92ce41f4
92cfd445
92d03610
92d1c37b
92d25ef4
92d32ac9
92d4668d
92d56fcd
92d6356a
92d79afd
92d89e3f
92d9aa63
92da4238
92db9d03
92dc92bc
92dd7677
92ded528
92df7c20
92e032b8
92e19ee8
92e23900
92e38ddc
92e492b1
92e5d94c
92e655f1
92e7120d
92e88d03
92e90847
92ea0075
92eb4ba7
92ec271e
92edb06d
92eea505
92efc1c1
92f02d25
92f16f51
92f2b578
92f3bdda
92f44a1d
92f5cc54
92f6c331
92f712c6
92f80a90
92f9971e
92faddeb
92fb5d90
92fcdc26
92fd0c88
92fe3bb3
92ff43db
93008c7c
9301d593
930239d5
93038924
93048ed9
9305643e
93069d7c
93071132
9308464c
9309d07b
930acb82
930baaf2
930c734e
930d7f2a
930eea77
930fd7e6
9310b77e
93117282
9312d381
93130161
9314d184
9315c384
9316f3af
9317ef6a
93188ece
93195a84
931a2800
931b6da8
931cefc5
931dea91
931eb846
931f86e3
9320388b
9321ff9b
93228837
93239dc3
932403aa
9325514d
9326b7aa
9327ebac
93288d76
9329bfc4
932a5032
932b058d
932c8285
932dd8c9
932ebacd
932faeb7
9330ea12
9331b613
9332de85
93331d2c
93341077
9335ee3b
9336d5a4
9337e5f7
93383bb8
9339d88c
933a6d7f
933bc075
933c68be
933dd924
933eeec2
933f6876
9340d223
9341500c
9342944c
934301e2
934456ac
9345f75c
934651fb
9347510a
93485bb3
934911b1
934aaa91
934b1c28
934c632e
934d2e8d
934e59bb
934f8207
93508bed
9351caba
9352125b
93531f60
93546bdc
935506cd
93564c3f
93572ce0
9358e1d3
93596d06
935a785a
935b52a3
935c708b
935d75c6
935e2b66
935fcfd7
93601b33
936123cc
9362adae
9363e044
9364c21a
93650fee
9366b954
9367e989
93680e95
93693598
936a15e6
936b15bc
936c8e6a
936dc27a
936ecd06
936f144e
9370befa
93710643
9372b467
9373ffd1
93741eea
9375ce32
93765f8f
9377f0cc
937827d0
9379f715
937af46b
937b3901
937c22da
937dc383
937ee891
937f8d0c
9380465a
938103d7
9382f042
9383c0e5
9384590a
9385fbfd
9386cae0
9387d45f
93885f1f
93897bd8
938a9dda
938b8d14
938c8c5c
938d6985
938ea159
938f10cb
9390314a
939135f0
9392e15e
9393de24
93944665
9395e238
9396453e
93978dd0
9398fddb
9399b585
939a144b
939b5dc7
939c0a84
939d2e13
939e4023
939f2e9d
93a038c8
93a1bc19
93a28dfc
93a333d3
93a4ff6b
93a56eb4
93a60552
93a72667
93a8011d
93a95d39
93aa1fd8
93abfb6e
93aceda1
93ad0e61
93ae3f91
93af793f
93b061c3
93b1e44a
93b2ba1c
93b3158b
93b4a810
93b55c06
93b61a5f
93b7a5b4
93b8cc2b
93b961d8
93bac500
93bbda0f
93bc5a94
93bd309a
93beec22
93bf82b4
93c06752
93c1c55a
93c2cdc9
93c3712a
93c4c4c9
93c535dc
93c62f9c
93c70bd6
93c86133
93c901b1
93ca348e
93cb33d9
93cc0215
93cd4669
93ce4610
93cf45f1
93d0b83a
93d13a84
93d2406f
93d3020d
93d470c4
93d585b8
93d6f388
93d7051c
93d897c5
93d98b9c
93da5189
93dbdf5a
93dc51dd
93dd07bd
93de2790
93df1762
93e0e430
93e1b116
93e2cc60
93e3927f
93e4795e
93e5a27b
93e6c989
93e7c8ec
93e81ac3
93e9908d
93ea82db
93eb9f17
93ecc175
93ed3f35
93eeda39
93ef90af
93f07287
93f18ffb
93f22216
93f3e4e8
93f4a53d
93f5797d
93f6962b
93f7f4b0
93f8730b
93f97c7a
93fa4fbe
93fb899d
93fcd835
93fd7395
93fefc23
93ff9d16
940035e0
94011ddb
9402ba6b
94039b9b
9404a165
9405af26
9406ff83
940738a8
94089662
9409b36e
940aba0e
940b6ad0
940cae6a
940d0157
940ee015
940f9c9b
94104eca
9411fdd7
94122c34
94139e61
9414a20c
9415ec2f
94163acb
9417bf52
9418a09b
94195550
941a0bde
941beed7
941c85aa
941dcde5
941e6778
941f67b0
94201868
94214991
94227047
9423515d
9424e723
94255ffc
94261afc
9427dedb
9428a19d
9429ac90
942a7cbd
942be407
942c8cb2
942d1180
942e8712
942f8436
94306c6d
943118fd
9432c6d9
94331544
94344f01
9435de63
9436bc07
9437a1fb
9438134e
9439e052
943a542e
943b351a
943c3995
943d49e4
943e657b
943f68ae
94403394
94414641
94426b88
94433855
94441990
94451650
9446a2d3
944770ba
9448097c
9449c451
944a05da
944b364e
944cc4c7
944dac20
944e1166
944fefd8
94500daf
94519779
945218cc
9453d199
9454e4e3
94559495
9456852b
9457de97
945826c9
9459290e
945adb01
945b5307
945cb148
945d8198
945e6888
945fcb7a
94600b3f
9461811e
94626a84
946376ba
9464e80a
94652548
94669fee
946712c9
9468769a
9469fed7
946abaaa
946b55c2
946c9eea
946dfad6
946e530a
946f9a37
9470d092
9471d002
9472f6ea
9473ec15
9474dc80
947513d1
947626c2
947790c8
94781110
9479eaa8
947aa7e3
947bc87c
947cccd2
947d204b
947e958b
947f44dc
9480b4ca
9481d1b7
9482e49b
9483830c
94842f1f
9485329b
94865f67
9487a719
94889fb4
948991d8
948afcf1
948bbb3c
948c1318
948d9a5b
948ef85d
948fd573
94903883
94912045
94929f1d
94931257
94945bf0
9495227c
9496dd52
94971088
9498f182
949943d9
949a271a
949b4dc4
949cd647
949d6f6d
949e397b
949fa19c
94a0c47f
94a1b79a
94a241d8
94a32b0f
94a494e7
94a502e8
94a62b5b
94a74a40
94a8d2e6
94a9fbbe
94aa103c
94abf617
94ac201a
94ad31f3
94aecbd0
94afa488
94b0b649
94b181ef
94b2118e
94b3b30d
94b41589
94b524f3
94b6bf66
94b7a183
94b88df0
94b90d92
94bab09a
94bb3be8
94bce591
94bda181
94be4acb
94bfe67b
94c093cb
94c135ff
94c21a01
94c3fea1
94c47be5
94c57cb3
94c67990
94c7cb73
94c81b17
94c9e7da
94ca5893
94cb27fc
94cc5a7f
94cd9181
94ce578d
94cf4e51
94d0fde4
94d1417c
94d20bdb
94d3c234
94d41f3f
94d5730c
94d6b16a
94d77fd2
94d812e0
94d9217d
94da55ac
94dbc4bd
94dc9974
94dda3da
94de92fd
94df8294
94e0c54b
94e14704
94e246a6
94e31308
94e413fb
94e5329d
94e6eeb3
94e7e329
94e8edc3
94e9fcc8
94eaa828
94eb87ca
94ec99b1
94ed279d
94ee802a
94ef19fc
94f0000d
94f1b56c
94f292d6
94f3c7cf
94f433b3
94f58fe5
94f6fb32
94f7c912
94f8c810
94f9f10f
94fa9d11
94fb6579
94fc3d33
94fd9eb0
94febba7
94ff73cb
9500559d
9501e1f7
9502ca04
95037b06
9504de01
950556c0
95061ca5
9507e1a9
95088f29
95095a7a
950af73a
950b0723
950c3e6d
950d4f63
950ece2a
950fa17a
95109c96
9511debe
95125992
95136be1
9514941f
9515b3f0
9516072d
95177e1f
951843ca
9519c486
951a5ae3
951b3628
951c2035
951d5924
951e4615
951f8ac1
952027e8
9521af86
95227285
95238e43
95241a4f
9525a489
95260b48
95274792
95289091
95290f29
952a6220
952ba63d
952c171d
952d29b7
952e30fa
952fb982
95301af9
953179be
9532a1b6
953305fc
9534f399
9535a996
95362e11
9537e228
95389699
9539faba
953ad562
953bab4d
953c91b7
953d71e4
953e1203
953f6fc6
954013b5
95411db4
95420cfa
954393fc
9544ea79
95457a8e
9546d46f
95478bdf
95482f25
9549093f
954ab555
954ba13b
954c6acc
954d8728
954e8e23
954f4f30
95500a9c
9551f7ff
9552b22d
9553a389
955424a3
95553982
9556eb09
955770a2
9558c45b
9559378f
955a4a5c
955b8b6e
955ca141
955d7171
955e2f30
955f8054
95601d14
95617739
9562713c
9563133f
95647ccb
9565d462
95666392
9567b3e1
9568aa9c
95693ffb
956a2d91
956b46ed
956c2a1d
956d5f98
956e7e1a
956f475c
95708cb6
95719761
957296c7
95736148
95746f22
957513fd
9576b26c
9577a0ab
9578f8ff
9579a910
957a4b7c
957bab0e
957c5461
957dcb5f
957e8f55
957fed57
958090ab
95810f99
9582f572
95835be3
95849b2d
9585ee40
95868f83
958732db
9588d8f3
958921c2
958a3935
958b668b
958c95b6
958db6f4
958ed20d
958f5e3f
9590754d
95916ee8
9592926b
959372ee
9594d39f
9595acbc
95960aab
9597abf1
95988cc9
95993cee
959a28e1
959b9104
959c6f97
959d134b
959ebcf9
959fefcd
95a0a42f
95a1cda6
95a270d3
95a31eb4
95a4ec5f
95a52d69
95a6fc16
95a7c090
95a83a54
95a947dd
95aa67ce
95ab87a6
95aca649
95ad69ab
95ae6775
95af4709
95b01ca1
95b1ce09
95b2537f
95b3789d
95b45c28
95b54b5e
95b679f5
95b7523e
95b8258e
95b90b67
95ba6b4d
95bbce95
95bc8e69
95bd51a3
95bea572
95bffc7c
95c0fe9b
95c1e517
95c22156
95c3fc8f
95c46f0e
95c5be93
95c6e581
95c738ad
95c89e9f
95c9d066
95ca5827
95cbb077
95cc2d2f
95cded25
95ce92b0
95cfdbc2
95d07e93
95d16fec
95d2708b
95d32e1f
95d4fbe1
95d537d3
95d6d791
95d72edf
95d80f36
95d94016
95da928f
95db80eb
95dc7bfb
95dd1ac5
95ded2c1
95df77f5
95e01f90
95e15cb5
95e2d438
95e320b1
95e474af
95e5b83e
95e6d192
95e719ce
95e830a3
95e904fc
95eab0e9
95ebd95b
95ec81a0
95ed6f72
95ee4c43
95efbe67
95f052e8
95f1df23
95f2da54
95f38b58
95f4f6bd
95f55fca
95f6f462
95f72c00
95f83ac1
95f953e1
95fafd8c
95fb91f1
95fc2cc8
95fd999f
95fea9e0
95ff66b4
9600779b
9601a628
96024c28
9603d005
9604013d
9605e369
96068fd2
9607261e
96084606
96095610
960afce6
960b5f91
960cdada
960d6961
960eb30e
960fb88b
9610fe39
9611871d
9612b1ae
96130fa3
96145b54
96151f05
9616cb13
9617621c
96182c89
9619789c
961a0eee
961bbb31
961cfc58
961dd6ce
961ee5ae
961fdb71
9620f504
9621f8ee
9622b59e
96233194
96243762
96251e63
9626a74e
9627e5d2
96282a4d
962973eb
962ac94d
962b07f9
962ca462
962d48bb
962eefb2
962f5304
9630ee3d
9631c30c
9632dfd6
96339978
9634dfec
9635aa89
9636286a
9637d41e
963838a8
9639ff9e
963ae356
963bf86d
963c2e46
963df49d
963e828e
963fd8ce
9640839c
9641a2be
96424d72
96432c7a
9644813a
9645b586
9646a9ac
964774ae
96482fdd
9649e193
964acde9
964b1ac0
964c4a4a
964de769
964e2b88
964f12e8
9650481e
9651b29c
96520baf
9653b8ea
9654366f
96554d6c
96563bad
96570a3d
965832fb
96599ca0
965a1014
965bf70d
965c0ad9
965dd1aa
965e25ff
965f8e44
96609530
9661f9a4
9662ca2f
96637816
966410f2
96651180
96664299
9667055a
96680e35
96698431
966a0970
966b4363
966cbaa4
966d114b
966e3cbd
966f0660
9670fc82
9671dea3
9672f7d9
96732ec8
9674cf62
96759c92
967639f9
96772062
96787648
96797219
967a0544
967b97b0
967c2540
967d20f9
967eb848
967f7d07
96807f28
9681116e
96825386
9683b375
96847a43
96856e0b
96862382
96879dc4
9688d971
968969a4
968a0cd5
968b4637
968cfbac
968d82dd
968e0ac4
968febc2
96904e17
96919c1b
969250c9
96938cdf
9694549d
96952ec6
969648c9
96977eda
9698b655
9699b639
969ac97a
969b7d37
969cd9e4
969da094
969eded1
969feab1
96a0b5e0
96a16044
96a26816
96a32404
96a48aa1
96a5fe37
96a67e77
96a74657
96a80bde
96a9dc1e
96aac440
96ab9179
96acd582
96ad5a21
96ae31ea
96afc8cf
96b0d70f
96b12d49
96b22d7c
96b301cf
96b49205
96b54b6a
96b6d1fa
96b738d5
96b8cdd8
96b998fd
96ba191d
96bb6a12
96bc440e
96bd5a24
96be8854
96bfb038
96c09595
96c11b48
96c2309b
96c39bd6
96c46a53
96c52d7b
96c634a5
96c78071
96c81eec
96c97742
96cabb72
96cbd775
96ccffa0
96cdc3ce
96ce0da2
96cf947b
96d004de
96d1e3c6
96d2e1c9
96d342e3
96d46a0d
96d5b6f2
96d62d9b
96d7ed60
96d839dc
96d9a269
96dab435
96db8de5
96dcb525
96dd079c
96de495a
96dfa049
96e0cc7e
96e13639
96e2780e
96e3a0dd
96e45559
96e583b3
96e63aae
96e724d5
96e815d9
96e94a0c
96ead3be
96eb2371
96ecb78c
96ed6b4e
96ee1e1b
96ef3340
96f02f80
96f1adce
96f28e4e
96f3a198
96f40b30
96f50b2d
96f69f2a
96f7058e
96f8c92c
96f9d7e4
96fa41a6
96fbd285
96fcc5f8
96fdc69c
96fe4655
96ffbfdd
97002e91
97014e7b
9702baa3
9703b06d
97047d99
9705d9ad
9706b5de
9707c0e9
9708063b
9709ebbd
970a43d0
970b9eb8
970c5d55
970da49b
970ecfe3
970f9ace
97108445
9711cf9d
97123ea9
97134525
9714eed4
9715c2a8
97165776
9717bf6d
971898bd
9719cd5d
971ab534
971bf3c8
971c21fc
971d25d3
971ece2c
971f751a
9720e74c
9721a275
972218cf
97236d29
9724bf29
972569f4
97266960
97275231
972876bf
9729bff9
972a5a24
972b791a
972c4373
972d15be
972e60e4
972f733a
973043e9
973112d4
973295eb
9733ce52
97346e3d
97351e0c
9736351e
97372b3a
9738b2bf
9739ae1b
973a9b17
973bc5a0
973c1f24
973d5b31
973e7eaf
973f0a57
974035a4
9741ddd3
9742d927
9743a4d5
97444f2e
9745d77c
974650c5
974711d5
97486252
9749b064
974a1457
974b2ba4
974c8e17
974dfef2
974e8a37
974fe5b4
97500adc
9751fcac
9752588b
975399b7
9754308f
9755abe1
9756f7c3
97575a6d
975813a5
9759a6f5
975a0166
975b946f
975cf07f
975dd428
975e061a
975f369f
97608abd
976142f8
97624890
9763a213
97646a50
97659617
9766d185
9767b29b
9768de62
97693766
976a70f9
976b30a9
976c4d22
976d10a9
976ebe43
976fa167
9770602b
97713fb6
9772cd59
97736521
9774311f
9775030a
97765fc4
97778399
9778efbe
9779d59c
977a60fe
977b5a14
977c200e
977dca20
977e15a7
977fecfc
97802d9e
97819aad
97828b0a
9783bfff
9784ada4
97858f85
97860e34
97879ee9
9788f261
9789084c
978a3508
978bd565
978ca653
978da48f
978ecbf4
978fd240
9790fc95
97912ad7
9792c6ef
979360ea
97943192
9795539f
9796e51d
9797a38c
97984664
9799f5de
979ae42b
979bce88
979c3fb3
979d46af
979e5a8d
979f1873
97a0a5d2
97a1dd2e
97a26877
97a3de0a
97a4f0ac
97a579a7
97a6d3e1
97a7395f
97a8baa2
97a9e7a6
97aa3ebd
97ab57fe
97ac68fc
97ad9b6c
97ae5816
97af89c7
97b0029d
97b16123
97b24ec3
97b333c2
97b42154
97b5c17c
97b683eb
97b7c496
97b83621
97b99469
97ba587d
97bbbb34
97bcfde8
97bdcc1c
97be9614
97bf9583
97c00871
97c16a96
97c293ee
97c36373
97c4acdc
97c58caa
97c6e47c
97c74f08
97c8ce3d
97c9feda
97ca7800
97cbb6e0
97cc8e46
97cded73
97ce6d48
97cf1ece
97d0a3e5
97d145b9
97d2b6a6
97d3a411
97d43a34
97d58622
97d6b747
97d795de
97d886f0
97d9ff09
97dad70e
97db2177
97dc6c25
97dd4832
97de16d0
97dfce0d
97e0f2c0
97e15100
97e28dd6
97e303c6
97e43af9
97e548e5
97e6f6a7
97e794ff
97e85987
97e9a42c
97eaf8da
97eb36f6
97ecc1aa
97edc16c
97eea988
97efc269
97f0e638
97f1af9d
97f28388
97f3acb0
97f4de95
97f5b4f1
97f65a71
97f77b38
97f807e5
97f90f06
97fac5ca
97fb7f92
97fcd654
97fd4341
97fedbc9
97ffbe7b
98000eac
980199c8
9802f496
98031cba
9804bcbd
9805df59
9806df9c
98077de1
9808b1e7
980962ca
980a03c9
980b373a
980ca1d8
980d692b
980e7bb3
980f39d4
98108e86
98119e9a
981283e4
9813f5a4
98148b96
9815a4e1
981642dc
9817c66a
98188b71
9819646f
981a6bb7
981b0c1f
981c8ab9
981d5fcd
981e6a91
981f611b
98207af8
98215f3b
98221cc9
9823609f
982448c3
98259d34
982610b6
9827532f
9828d7e2
98293cc9
982a0e79
982bb635
982cfc40
982d04f3
982e769e
982f9c71
98300e2a
98319460
98323ab6
983303c8
9834d401
9835f01e
983635af
98374490
9838220d
98399cd3
983aad3d
983bffe4
983c0e3b
983d36ba
983e06ca
983f52fa
98409fe6
98418f58
9842b402
9843503b
984402a6
9845dede
98466664
9847b697
9848877d
9849dbd0
984ab90c
984bea5d
984c15cd
984d0106
984ead32
984f3d4a
985084f0
9851d442
985260dd
98537b9a
9854b236
9855df88
98561edf
98573b37
9858d8fa
985983af
985a10b8
985b4cda
985c25d9
985d6d09
985e652d
985f6f7d
9860f7f8
986133ad
986265aa
98632951
98645608
98656a7f
98669741
9867f2f6
98689569
9869d0ef
986af4f0
986b4278
986c5922
986d422a
986e4fac
986f0309
9870fb29
9871bb64
9872b99c
9873d653
98740ee6
9875bd00
9876eb5a
987773db
98786de3
9879b62d
987a986a
987b96dc
987c1e44
987dfab1
987ed108
987f48fd
988061f1
98818fbd
98824899
9883c929
9884b910
988541c8
9886e800
98872208
98887ecf
988941a5
988a36b4
988b0815
988c05e1
988d0854
988ef21e
988fa944
989011eb
989113dd
98929c0d
989360a6
98941b79
98955c86
98963499
9897aca4
98987166
98990e20
989a3daf
989be374
989c3dd4
989de74d
989ebc95
989fb200
98a0fafb
98a1fab9
98a20cef
98a33464
98a4839f
98a5ba85
98a68020
98a7415e
98a88b39
98a9a76d
98aa11e0
98ab1c0a
98ac7f24
98ad0e1c
98ae7abe
98af3b38
98b04163
98b17e6c
98b21582
98b388dd
98b4aed1
98b5f51c
98b6c409
98b7d672
98b8e12d
98b97b9f
98bac367
98bbeec6
98bc6557
98bddd04
98beddbc
98bf4ba9
98c026a4
98c184c4
98c21ade
98c3a1bd
98c416fc
98c5a30e
98c6f19d
98c7ae32
98c8dcc6
98c972b7
98caf408
98cb4572
98cc95b8
98cd2489
98ce2f8c
98cf8e56
98d0adf7
98d13eeb
98d2733a
98d3fbd0
98d4a522
98d5a15e
98d6477d
98d7843e
98d8932e
98d9aeb0
98da2e56
98dbfbc3
98dc2848
98ddbd98
98de3378
98dfab70
98e0378f
98e1645b
98e2c310
98e3ab8c
98e4d163
98e5fc26
98e64be1
98e79e1a
98e8a73e
98e96dde
98eadfdf
98ebdf59
98ecf5b8
98ed3723
98eeab56
98efc1f1
98f05824
98f1761e
98f25c42
98f3a4a5
98f48b9a
98f5ebb7
98f69830
98f74cfd
98f8f3a8
98f9728a
98fab228
98fb7625
98fc55e7
98fd867b
98fec986
98ff688b
99008838
99012314
99026987
9903f7f6
9904516f
99054356
990641b3
990713c4
9908e32a
99091462
990ab618
990be06a
990c98a9
990dcb7b
990e8d44
990f1f08
99108685
991168d0
99124104
99139ce1
99143597
99155625
99166dcc
99174aa3
9918b671
9919180f
991ae3b6
991b4d81
991c58e5
991d02a7
991e8a76
991f1d59
99204541
99219e5c
9922346c
99238ff0
99243ce5
9925035c
9926d0af
99273425
99284a4a
99294050
992a6832
992baafb
992cc29d
992d2cbb
992ecdb1
992f6262
99308d65
9931678b
9932fa34
99337bf6
9934dfc2
99350f5d
99366dfa
9937b332
99380bf1
9939d1b6
993a2dac
993b4e76
993c88db
993d50e3
993ec2e6
993f0310
99403b75
9941a9bf
99429fd6
994341bd
9944fb40
994538cf
99468b44
99473071
99485649
9949fe6b
994a50c3
994b3834
994cd717
994d42fb
994ed5ac
994f67df
99505b89
99512158
9952723b
99536ed5
995472ba
9955ec3f
9956ac3f
9957d865
9958b767
9959f188
995adbb5
995b8566
995c5ccc
995de699
995ee2d3
995ffa55
9960fe43
9961243e
9962b685
9963e873
99641bd9
99658116
996686a4
9967c8f7
9968e62b
9969da5a
996a787c
996beb0c
996c7026
996daf35
996eb7a2
996f0d3f
99706e4d
99712353
9972f5c0
9973affb
99743860
997565f2
99762595
997715d0
99784344
9979d095
997a8b68
997b635b
997c0c04
997d9289
997e01ef
997fa470
99804a21
99814e98
99826c8b
99831939
998458ac
9985883c
99864add
9987971a
9988c464
9989d7a6
998a73bf
998bc4a4
998c290b
998d430c
998e9083
998fe94c
99905355
9991fbd0
9992ac8e
9993ea70
9994f9ab
9995f5d1
9996e23e
9997e63b
99982c33
999974f8
999af6fa
999b5279
999ce372
999d4aa7
999e2799
999ff25a
99a06b74
99a1fcfb
99a2a9c8
99a370ce
99a42b48
99a5490e
99a6f6d7
99a73e20
99a859ce
99a9d400
99aa127a
99ab49c7
99acaa57
99ad8802
99aebf6d
99afd33f
99b04d18
99b1aa61
99b2d00a
99b3bc4e
99b41509
99b557f4
99b61e83
99b7c4d6
99b83c34
99b911b1
99bac7a6
99bba67c
99bcb115
99bdd4e3
99be8de5
99bf630d
99c0489b
99c18f85
99c2f845
99c3000a
99c460d4
99c5cde8
99c61219
99c706f2
99c8f982
99c9f5ab
99cae16f
99cbc4b2
99cc07da
99cd478d
99ce4a39
99cf4363
99d0afd9
99d18848
99d226c3
99d33487
99d43b88
99d5e5d5
99d6e3c0
99d7d113
99d8f917
99d9c9dd
99dad03c
99dbc801
99dc0b73
99dd9b07
99de1bae
99df631d
99e0261f
99e14767
99e246b9
99e375a6
99e4228d
99e59641
99e63af9
99e7634f
99e83440
99e9032b
99ea8ae9
99eb7aae
99eceda1
99edffe4
99eec78c
99efdca1
99f0cbb0
99f164c6
99f28221
99f38ea2
99f44b8b
99f55409
99f662c7
99f7ab32
99f8866a
99f919f0
99fac580
99fbb126
99fc4ed6
99fd9231
99fec915
99ffb472
9a00cb43
9a0156ec
9a022fc8
9a038576
9a04a8b4
9a05de28
9a066fe2
9a07a871
9a088f06
9a09bde0
9a0a3748
9a0b958c
9a0cf148
9a0d5eb4
9a0e42d7
9a0fd44e
9a1056e5
9a118427
9a128044
9a13335a
9a14e09b
9a15beba
9a1601e6
9a172ad2
9a1898b6
9a197d6c
9a1a662d
9a1b13d4
9a1cb900
9a1db70a
9a1ed120
9a1f5ec4
9a20b86c
9a212ebc
9a2217b4
9a23385a
9a2429ff
9a25489e
9a265d23
9a27d2ab
9a28e38e
9a29fafc
9a2ab1ea
9a2b19bb
9a2c543d
9a2d5836
9a2ecf76
9a2f3180
9a30974a
9a31da37
9a32e70e
9a33a949
9a34c8fe
9a3500e3
9a369c8b
9a3713c9
9a3802ec
9a39acd7
9a3a827f
9a3b8d1f
9a3c408e
9a3d1fc9
9a3e711a
9a3f9c2d
9a40e5c2
9a416aa4
9a42fc85
9a431258
9a446fdd
9a453155
9a46fe80
9a479a28
9a482886
9a49c8e4
9a4a4383
9a4b14af
9a4c5d70
9a4dd1f1
9a4ec7ad
9a4f4660
9a505147
9a514de5
9a52b7b2
9a53e436
9a54a133
9a5556fb
9a56bc53
9a57769c
9a58c9cf
9a59dfa7
9a5aaa61
9a5b2002
9a5c501b
9a5d3c10
9a5efdf1
9a5f0627
9a609d10
9a6190b6
9a6262d3
9a63a015
9a645014
9a65d368
9a663bef
9a677aba
9a68b4e4
9a69e633
9a6ab12c
9a6b244e
9a6c4c19
9a6da473
9a6e802b
9a6f78bc
9a7062ad
9a71e395
9a7238ba
9a7347c0
9a744c76
9a75bad3
9a76a07e
9a7758ef
9a787cbc
9a795aa5
9a7a43dc
9a7bd00b
9a7c5911
9a7d86c7
9a7e218d
9a7f4724
9a80d74e
9a81ae91
9a822adc
9a838ce4
9a844c9e
9a8534ed
9a868686
9a87f50a
9a889921
9a898749
9a8a35b9
9a8b7a48
9a8c3d5c
9a8da271
9a8e77ac
9a8fbb33
9a900c0a
9a917fa3
9a9294c0
9a938b76
9a9465bd
9a954ad5
9a96bb05
9a97d364
9a985b0f
9a996ba7
9a9ad56d
9a9b6e31
9a9c038e
9a9db12f
9a9e3941
9a9f0863
9aa048e7
9aa1f008
9aa201ba
9aa3a851
9aa4146b
9aa5acec
9aa6d6b1
9aa74935
9aa8080d
9aa9b4d2
9aaa0424
9aab12b1
9aac2274
9aad23b4
9aaee3fd
9aafb911
9ab088df
9ab15789
9ab209ea
9ab322c2
9ab4e035
9ab5801b
9ab614e5
9ab70c76
9ab80796
9ab937d4
9abaa0a2
9abb6b1e
9abce344
9abd28e5
9abeaf70
9abfe0a0
9ac0242c
9ac17405
9ac2a2e6
9ac3793a
9ac41127
9ac5ab01
9ac6ff66
9ac7bca5
9ac8b36d
9ac93be5
9acae8ec
9acb7243
9accb5dc
9acd8c07
9acecfab
9acfa110
9ad08151
9ad11a72
9ad2c9e6
9ad3e396
9ad43fc5
9ad5393e
9ad6158c
9ad7179a
9ad83533
9ad90596
9ada065c
9adb467b
9adcc9d3
9addd732
9ade7021
9adff3a2
9ae0027b
9ae1f205
9ae288f2
9ae36369
9ae41137
9ae5e335
9ae68479
9ae7f372
9ae8d497
9ae957a3
9aea6aff
9aeb13d2
9aec2d65
9aed609f
9aeeddaa
9aefe3f0
9af03d7b
9af1bb69
9af2df8c
9af3e679
9af4b88b
9af55ca6
9af64d45
9af7b1fe
9af81c94
9af92936
9afa3188
9afb1949
9afc8194
9afd69a9
9afe7a82
9aff45f7
9b008930
9b017e82
9b02d29d
9b033fce
9b04ad64
9b056909
9b066597
9b0774be
9b08be9b
9b093cf0
9b0aac31
9b0bc235
9b0c04a8
9b0d218e
9b0e0e9b
9b0f0447
9b1000a4
9b118132
9b1203b1
9b1336b6
9b143769
9b15177a
9b168496
9b17089d
9b186d22
9b191e86
9b1aec71
9b1b39b7
9b1ccf3c
9b1d77ff
9b1eca93
9b1fd352
9b205d23
9b211c4e
9b22e55b
9b23792b
9b24bfb3
9b259750
9b267a34
9b274b66
9b282437
9b29c87c
9b2a49a7
9b2b348d
9b2c28ca
9b2d216d
9b2e7724
9b2f209b
9b303e7b
9b31a3bd
9b32fa7c
9b330ddd
9b3407eb
9b354a4e
9b36d747
9b37ee4f
9b38274a
9b3954b1
9b3a455f
9b3bf733
9b3c8e92
9b3d8f12
9b3e5b6d
9b3fc6d9
9b407d5d
9b41306b
9b42cdae
9b43c8ad
9b447386
9b455e7b
9b4686d4
9b475098
9b484f29
9b498452
9b4a772e
9b4b83fa
9b4cd740
9b4db320
9b4eaefa
9b4f9d75
9b504c89
9b51ed6f
9b5265eb
9b535981
9b54505f
9b5532c3
9b56bcb2
9b573780
9b58b9f0
9b59d938
9b5a21ed
9b5b6d41
9b5cbc7d
9b5d7762
9b5e981e
9b5f31f9
9b600b21
9b61c5b4
9b62e2a2
9b631d1b
9b642e37
9b658692
9b6616b6
9b675453
9b686057
9b69a247
9b6ada75
9b6bc394
9b6c840f
9b6da03f
9b6e8449
9b6f1cb0
9b70057a
9b71d31c
9b72371a
9b733828
9b74c045
9b757327
9b76f950
9b77423f
9b78133a
9b79a45a
9b7af406
9b7ba916
9b7cfafa
9b7d4d8a
9b7e6cae
9b7f79af
9b80a40c
9b81af76
9b82cdbe
9b835339
9b847507
9b85a5ba
9b863e42
9b877101
9b88f47c
9b890430
9b8a1c2b
9b8b73e5
9b8c1c66
9b8d96c1
9b8ea702
9b8f152f
9b90f39d
9b91dbdc
9b9249c5
9b930f33
9b9476ff
9b956a4f
9b96ee97
9b975c2b
9b98763f
9b990e1c
9b9a838e
9b9bc240
9b9c67f5
9b9dece1
9b9eff43
9b9f920f
9ba0dcfb
9ba15e6c
9ba21eca
9ba3ae63
9ba47e90
9ba5af0e
9ba6e288
9ba758f0
9ba82188
9ba9ed10
9baa4fa8
9bab3c9c
9bacb24b
9bad73b4
9bae64b5
9baf8977
9bb0dc81
9bb1720f
9bb2a3f5
9bb3e839
9bb439c2
9bb5d76c
9bb698d0
9bb77721
9bb87ff8
9bb9fb30
9bba0468
9bbb728d
9bbc9f9d
9bbdce53
9bbeac85
9bbf9e26
9bc03090
9bc1ea71
9bc2e353
9bc3eb94
9bc444cb
9bc5ce8c
9bc63466
9bc7662c
9bc85170
9bc949c5
9bca82e6
9bcbffa4
9bccab79
9bcd4cc3
9bcecde5
9bcf1ac5
9bd08512
9bd1904c
9bd25874
9bd38ffa
9bd41b34
9bd56a57
9bd6b862
9bd761bb
9bd83c9a
9bd97669
9bda5ac4
9bdbbdb4
9bdc2892
9bddbe8a
9bde5c19
9bdf3743
9be09473
9be183b5
9be264b6
9be30a96
9be42bcf
9be5a608
9be64976
9be71b5d
9be89e15
9be95639
9beacdd3
9beba3b0
9bec4600
9bed5381
9bee257d
9bef93a8
9bf09335
9bf142ef
9bf2e207
9bf34cbf
9bf4335c
9bf50fda
9bf6e2be
9bf7de4b
9bf8c1a6
9bf9f66e
9bfa3580
9bfbad64
9bfcc923
9bfd73b1
9bfeee2b
9bffa64a
9c0035fa
9c01a9ff
9c02fbfb
9c030a65
9c04ea7a
9c05c812
9c063908
9c0739d9
9c08df66
9c0900e7
9c0a59fb
9c0b8c71
9c0c3329
9c0de937
9c0ec99f
9c0fc467
9c10d13f
9c11d87a
9c12d2e4
9c13c510
9c1487ef
9c159b0a
9c16842e
9c17502d
9c189e49
9c19ade2
9c1a6862
9c1bb57c
9c1cf6e1
9c1d7616
9c1ebd36
9c1f97da
9c2035a4
9c210729
9c22603b
9c23535a
9c240e44
9c257555
9c2680e1
9c2729c0
9c28802b
9c29dfaf
9c2a8f9c
9c2b0c11
9c2c0942
9c2d3432
9c2eca16
9c2f9e7c
9c307d44
9c3151a0
9c32d7bc
9c3339d9
9c34a33b
9c352105
9c361c2c
9c37875a
9c38a7d0
9c390e6c
9c3a581b
9c3b9c77
9c3cc5e5
9c3d141c
9c3eb8c5
9c3fef88
9c4072b1
9c4149c7
9c420f48
9c437fa8
9c447c42
9c45fb7e
9c462893
9c475dea
9c4867b4
9c49554a
9c4aea18
9c4b6c8e
9c4cad24
9c4d3e90
9c4e96ff
9c4f484d
9c5064f0
9c513850
9c52cbd0
9c53670e
9c54e597
9c557bec
9c562566
9c57bcee
9c58debe
9c598671
9c5aa27e
9c5b6249
9c5cde0c
9c5d6843
9c5e085d
9c5f2427
9c60f82d
9c61663c
9c622b17
9c63afce
9c649a5c
9c6536a5
9c66dcc2
9c6736bc
9c68b705
9c69588a
9c6a490f
9c6be354
9c6cad5e
9c6d8ea5
9c6e274a
9c6fab03
9c70c475
9c7105fe
9c728bb3
9c73b6f2
9c74f517
9c7582db
9c767bc0
9c777cc3
9c78aa00
9c7960a7
9c7a2218
9c7bc7c6
9c7ca9ca
9c7d816c
9c7e293c
9c7f6b2d
9c8027f4
9c818b82
9c82cfe1
9c83c430
9c84fae1
9c85d8d9
9c869826
9c876e6f
9c8898e6
9c89ab96
9c8a5b1c
9c8b68ec
9c8c88c2
9c8d9a07
9c8e80df
9c8f3cd2
9c904124
9c913251
9c92deae
9c93fc13
9c94c06f
9c95620d
9c96938d
9c97ed5b
9c98eae9
9c9939fb
9c9ad6c5
9c9b3f60
9c9c6f75
9c9d837a
9c9e6a69
9c9ffcfe
9ca0a995
9ca1ffe9
9ca2ea59
9ca3b1df
9ca478d5
9ca5def6
9ca68007
9ca7047a
9ca84c95
9ca992cd
9caa634b
9cab0542
9cac63fb
9cad0f0c
9cae8b01
9caf95f3
9cb07738
9cb1fa6e
9cb2ba20
9cb3058f
9cb4fad2
9cb5fc4c
9cb69d20
9cb7fe0e
9cb84914
9cb9d08e
9cba2c00
9cbb95ba
9cbcb2c9
9cbd07e2
9cbe1070
9cbf3af5
9cc0351d
9cc151dd
9cc2887a
9cc300b5
9cc41044
9cc530ff
9cc6af4d
9cc7f546
9cc8457d
9cc943b0
9ccab7a3
9ccb0728
9ccc1cad
9ccd7d67
9cce40ab
9ccfd360
9cd0694a
9cd10cee
9cd283c7
9cd37652
9cd430e8
9cd584f6
9cd6cd7c
9cd70ac3
9cd87e51
9cd9e648
9cda622e
9cdb2b0f
9cdc7b0f
9cdd6119
9cde0958
9cdf3c73
9ce03a83
9ce19645
9ce2edec
9ce3afc4
9ce4cb7d
9ce54369
9ce64b5f
9ce78a7f
9ce8b56f
9ce9c335
9cea6c5e
9cebe065
9cec999d
9ced33d1
9cee645b
9cef135e
9cf06e9d
9cf1ef2e
9cf2b15d
9cf3ce84
9cf4f0ee
9cf52ec0
9cf6066b
9cf79b6c
9cf8f10e
9cf9bdcc
9cfa5127
9cfb7938
9cfca7de
9cfde7ac
9cfeecca
9cffc2a9
9d006e7e
9d012162
9d02bb5f
9d03e950
9d040b25
9d051e6c
9d066a79
9d07376c
9d08bcec
9d094189
9d0ad32a
9d0ba38d
9d0cd5f0
9d0d4f66
9d0ec77e
9d0f2cc4
9d1077ef
9d112ec6
9d129844
9d130b00
9d144a51
9d155c1f
9d164add
9d178c6d
9d180f6f
9d199365
9d1a0056
9d1b57c1
9d1c42ca
9d1d60fd
9d1e5032
9d1f8843
9d20da0a
9d21d799
9d2271ff
9d23c0dd
9d241efa
9d250e70
9d266855
9d27f978
9d28deb5
9d29fa78
9d2a684c
9d2b1b3b
9d2ccda6
9d2de434
9d2e8003
9d2f6491
9d30d6be
9d31ebd6
9d32b598
9d330573
9d34892c
9d359d01
9d3665a9
9d37a110
9d3836c3
9d394050
9d3ae975
9d3b3718
9d3cb43a
9d3d90e1
9d3e57d7
9d3ffb6b
9d40ac82
9d41122d
9d42e179
9d43e06f
9d44a87f
9d45febf
9d46f068
9d47ecb2
9d481c6f
9d498df4
9d4abb87
9d4b234c
9d4cc5c9
9d4df039
9d4e32cb
9d4f36b1
9d50fb0a
9d512859
9d524711
9d53cafb
9d54d6bc
9d5508c0
9d56c5e7
9d57caff
9d58dae2
9d5989fc
9d5aca6e
9d5bd736
9d5c5537
9d5dd5cb
9d5e7078
9d5ff182
9d60aa1b
9d6167ab
9d6281b2
9d63b751
9d649bd1
9d652e31
9d662899
9d67fce2
9d685d77
9d6906c4
9d6a401f
9d6be4a3
9d6ce1b9
9d6d5b57
9d6e86a1
9d6ff613
9d709e4f
9d719f94
9d72a203
9d736de4
9d742c83
9d754126
9d76605d
9d774ed4
9d78b5e9
9d7967f3
9d7a1070
9d7b407a
9d7ce077
9d7dcadf
9d7ece04
9d7ff285
9d808b88
9d81fc44
9d827827
9d83033a
9d84eb00
9d85c5ae
9d86af11
9d87c2f8
9d88c83a
9d8901f9
9d8a84f2
9d8b30c8
9d8c429f
9d8d49b3
9d8ebae6
9d8f5c5e
9d908105
9d91c5ad
9d92d634
9d93cd61
9d94f4e2
9d95e15f
9d96cca6
9d970d9e
9d98fafd
9d9977f2
9d9ab4ec
9d9bf7e0
9d9cd961
9d9db4be
9d9e951a
9d9f9979
9da0a6f5
9da13d82
9da2bc12
9da39659
9da433c7
9da5cd6b
9da63fec
9da76367
9da8bcb5
9da96659
9daad47d
9daba083
9dac31cf
9dadd996
9dae9952
9daf4abd
9db0fc31
9db1cbb7
9db2f9be
9db3e3af
9db4153d
9db5a463
9db69da4
9db7d5ba
9db8c780
9db98bbb
9dba12b5
9dbb94a7
9dbc18d1
9dbd6683
9dbe86d0
9dbf2192
9dc0f65a
9dc18ce4
9dc20f71
9dc37064
9dc4dd51
9dc56a81
9dc681ca
9dc79988
9dc820d4
9dc9790c
9dca61ad
9dcb4c50
9dccbb00
9dcdfd69
9dce1000
9dcf0536
9dd099f9
9dd1566a
9dd23951
9dd307a0
9dd46130
9dd585da
9dd6073e
9dd7921e
9dd8e54c
9dd9b412
9ddaf2c7
9ddb2896
9ddc885f
9dddf4af
9dde1d48
9ddfccf6
9de03f40
9de15934
9de20e4a
9de3764a
9de4ad05
9de5db54
9de6c59b
9de7561c
9de88910
9de94dea
9dea9c90
9debd8cd
9dec9628
9ded807a
9dee62c2
9def6493
9df02dec
9df1dbbf
9df2ded5
9df30e56
9df4f944
9df5dd0b
9df6502c
9df7368c
9df88482
9df98fe3
9dfa7b2a
9dfb6f6b
9dfc5898
9dfd48b2
9dfed8fd
9dff06c9
9e00b62a
9e0114fd
9e0290cf
9e031ae9
9e0441a5
9e051001
9e06024b
9e07ef04
9e087de0
9e09ec52
9e0aeab8
9e0b3c96
9e0c8a57
9e0df100
9e0e4da6
9e0fa462
9e102310
9e11ef77
9e12f6f2
9e1361f5
9e14941e
9e15c751
9e16b8c7
9e1749ee
9e1816cf
9e19a51c
9e1a5ab2
9e1b49e1
9e1c1d43
9e1decc0
9e1ea9a0
9e1f1061
9e20142e
9e21cc63
9e22c041
9e237667
9e24afcc
9e25f9f3
9e26a26f
9e27602d
9e28d054
9e296a78
9e2af141
9e2bf19b
9e2c3d6c
9e2d2fd1
9e2e8b5f
9e2fe571
9e30c163
9e317012
9e32e7d0
9e33fc64
9e340380
9e35191d
9e36cca4
9e37b99c
9e3890f6
9e399be3
9e3a3181
9e3b2fa1
9e3ced98
9e3d4820
9e3ec3d3
9e3f9416
9e408854
9e41c2d7
9e4213c3
9e43d29a
9e444872
9e45c95b
9e4683b7
9e47b525
9e486417
9e49df29
9e4aad31
9e4bcd16
9e4c9299
9e4dd34e
9e4e4a82
9e4f57a7
9e50fddf
9e51ef59
9e52f2fc
9e532d7b
9e545609
9e5573f0
9e569f51
9e57561d
9e58d929
9e5931e4
9e5a76cb
9e5b8add
9e5c493a
9e5d07c8
9e5eb6bc
9e5f840f
9e602a2d
9e61771c
9e62dc46
9e63f101
9e643ee0
9e656c98
9e66652f
9e67ec83
9e689477
9e696881
9e6a47a2
9e6b8e6e
9e6cc210
9e6da745
9e6e9172
9e6f13d0
9e700e91
9e715dde
9e72513a
9e733a8d
9e748342
9e75fc2a
9e76ad2d
9e775fc1
9e782e2a
9e79153c
9e7a0b41
9e7b73ff
9e7c7b74
9e7de3a8
9e7ef117
9e7fbbe2
9e804fd1
9e813692
9e8277ac
9e837f44
9e849404
9e858f51
9e866ca7
9e8774db
9e88a83b
9e892e20
9e8aedab
9e8bf0fb
9e8c3010
9e8d8ef6
9e8e9e25
9e8ffde3
9e90b494
9e91c0f8
9e9240e7
9e93fd79
9e9438c7
9e95dee1
9e96ec81
9e97993e
9e98c82a
9e99cf21
9e9a756b
9e9b4cea
9e9c7322
9e9dd06f
9e9ec765
9e9f90c2
9ea01209
9ea1d498
9ea21e2c
9ea31a98
9ea497bb
9ea55726
9ea65587
9ea7e57c
9ea8cadc
9ea9d1b1
9eaaa6a5
9eabc5ea
9eac39ad
9ead91b4
9eaebb80
9eaffe55
9eb02145
9eb19c43
9eb289b0
9eb331f2
9eb43096
9eb59c26
9eb699a8
9eb736b2
9eb80153
9eb987b4
9eba3d06
9ebb0d25
9ebcce1b
9ebd7ad9
9ebecc78
9ebf8a6d
9ec0b25b
9ec1d9ee
9ec293cc
9ec32423
9ec489cc
9ec58046
9ec61f99
9ec75a28
9ec8c2c2
9ec96770
9ecaa10b
9ecb3447
9eccf509
9ecd66ba
9ece7a52
9ecf2b87
9ed0751f
9ed16535
9ed266a9
9ed3c4f6
9ed49b11
9ed57253
9ed649be
9ed7cbcc
9ed8d659
9ed9ce35
9eda50d9
9edba89c
9edca6de
9eddc1ac
9edebfda
9edf276e
9ee062f9
9ee19e9d
9ee27107
9ee35d3d
9ee4f500
9ee5e326
9ee6caa2
9ee72631
9ee85770
9ee9ed3e
9eeac41e
9eeb887b
9eec80e6
9eedfea1
9eee2a69
9eef7b28
9ef083b4
9ef19261
9ef244ef
9ef3519b
9ef4b219
9ef58855
9ef68366
9ef7596b
9ef8d632
9ef96693
9efa6a95
9efbfca4
9efcabe0
9efd218f
9efe85cd
9eff045e
9f00dda6
9f0113cf
9f02bcf1
9f038020
9f041043
9f05004b
9f066197
9f07a0e8
9f0810d7
9f09dea8
9f0ae692
9f0b3a8e
9f0cc565
9f0d289e
9f0e02ab
9f0f2bb7
9f10ede1
9f11a78a
9f122cb7
9f13362e
9f14ffa4
9f15803c
9f16d204
9f17f1d2
9f18eee4
9f19ea84
9f1a9dd7
9f1ba373
9f1c3492
9f1d22c2
9f1e068b
9f1facb0
9f2081e2
9f21319a
9f22c460
9f23e38e
9f240b02
9f25610b
9f26b7ec
9f27d8cc
9f281422
9f29fb97
9f2a58d7
9f2bc326
9f2cd968
9f2d7141
9f2e6e2b
9f2fbf8c
9f30bb6b
9f3124cb
9f32d9e9
9f332a05
9f34c82f
9f353761
9f367166
9f37f0f2
9f38bd0b
9f39c148
9f3a45b8
9f3b24f6
9f3c0c73
9f3d2da8
9f3ece83
9f3f3abb
9f40b8e1
9f41cb5c
9f423222
9f43f5d6
9f44f4c5
9f45d457
9f46e3f7
9f47241a
9f48af85
9f498af1
9f4afb9f
9f4b967d
9f4cb444
9f4d8bb1
9f4e8a3c
9f4ff90e
9f5077b6
9f51b241
9f52d44a
9f53bf8c
9f54c06d
9f55cc00
9f568f2b
9f575c52
9f581912
9f59db65
9f5a8937
9f5b46e7
9f5c08af
9f5de99f
9f5ea19d
9f5f5e32
9f602867
9f613b39
9f62a603
9f636bd0
9f64de30
9f65b374
9f66fb4a
9f670e1a
9f68437c
9f695d4d
9f6a52ce
9f6bc327
9f6c7ed4
9f6d6b1a
9f6ebfec
9f6fdd59
9f705f46
9f713a63
9f72204b
9f736430
9f7406e5
9f75ec60
9f764f6b
9f77befc
9f78f45a
9f798901
9f7a1a71
9f7bc65b
9f7cab12
9f7da984
9f7e3cba
9f7fc123
9f808d4e
9f810ebb
9f82060a
9f83f25d
9f847362
9f85de35
9f86d468
9f87e5a0
9f88e048
9f898953
9f8a805c
9f8bd2f0
9f8c23ac
9f8d8520
9f8ee2a3
9f8f4be3
9f90a28b
9f916660
9f9245e1
9f9301fc
9f94f099
9f959330
9f966aa9
9f97e78c
9f98c347
9f99b530
9f9a4423
9f9b5f72
9f9cda4f
9f9d4cfe
9f9e7860
9f9f7f5c
9fa0c4f8
9fa1a9fc
9fa2ad63
9fa38fad
9fa4e30a
9fa5ab8f
9fa62ec8
9fa77e06
9fa894fa
9fa95e93
9faa1ec7
9fabc88e
9facd517
9fad9a11
9faee4f7
9fafa76c
9fb02d1c
9fb1314d
9fb2545c
9fb3e8d9
9fb4b99b
9fb594e7
9fb68a4a
9fb7cc9d
9fb8ad3b
9fb9c3e6
9fbaa948
9fbb030b
9fbc52ae
9fbdc24b
9fbee274
9fbf8fca
9fc0b781
9fc155ab
9fc25feb
9fc31c9b
9fc4ae58
9fc5b903
9fc60822
9fc7f1f5
9fc83753
9fc9a99b
9fcaf7eb
9fcbe458
9fcc1fbd
9fcd0487
9fcee5b9
9fcf7763
9fd087c9
9fd14ca2
9fd23061
9fd3f732
9fd49b2e
9fd51557
9fd65086
9fd7f8cd
9fd8d194
9fd94ada
9fdad941
9fdb510e
9fdce5a6
9fddd361
9fdedea2
9fdf39d5
9fe073f1
9fe14a9a
9fe2c4b5
9fe3a92f
9fe4e7f8
9fe5926b
9fe6e8c6
9fe7e247
9fe8bc5e
9fe97725
9fea0ac7
9feb008d
9fece5d6
9fedcbc8
9fee74b4
9fef858d
9ff0165d
9ff1e42c
9ff2324e
9ff358f0
9ff42c5f
9ff51ea1
9ff68d0a
9ff77ab0
9ff82870
9ff9300a
9ffa735a
9ffbd372
9ffca684
9ffddb63
9ffe908f
9fff2b0a
a000f6d0
a00129a8
a0022f1e
a003f4fe
a004aab2
a005d11b
a006282e
a007b330
a0089ae9
a0094346
a00a4446
a00b31c1
a00cf25b
a00d1b5d
a00e8c18
a00f483c
a0106590
a0115bd6
a012fd51
a0139f5f
a0143fd9
a0153154
a0160c91
a0174a2d
a018d1a6
a0198dd4
a01a6319
a01b56c7
a01ce44c
a01d9bc1
a01e8feb
a01fba44
a020cb44
a0215e02
a0225420
a0237257
a024addd
a025be9f
a02646b2
a0273e37
a028d486
a029e98b
a02aacf5
a02b608a
a02cf826
a02d1adf
a02e974f
a02fc34d
a03018ff
a0317d5e
a032bb56
a0339146
a0347c4c
a0352dee
a036eaa4
a0373437
a038c628
a03978ab
a03a98dc
a03bd06b
a03c27ff
a03dbae5
a03effd5
a03f971f
a0402d2c
a041c40b
a0421cfb
a0439319
a044d892
a045fb72
a046830e
a047de10
a048562d
a0492341
a04ad629
a04bcf27
a04c8c4c
a04df651
a04e0d8a
a04f1e3b
a05072f5
a051b95d
a052d919
a053a554
a054d25f
a0557492
a0560fa1
a057d2b3
a0582944
a0597332
a05a09f7
a05b7c0d
a05c60f9
a05d0a81
a05e7f4f
a05f7446
a060b74d
a061cfd4
a062882f
a063d008
a0643548
a065d596
a066de5d
a0673193
a0685b38
a069ce66
a06a0257
a06b45c1
a06c6912
a06daba7
a06ee139
a06f6cdb
a0700dfd
a071311f
a072fc9d
a073580e
a074a7a6
a0756269
a0767730
a077704f
a078f617
a0791e93
a07a9a5e
a07b66b2
a07ca541
a07d747a
a07eff72
a07fbb47
a080c380
a08134a9
a08251b0
a083a897
a0844a7c
a085836b
a086a26b
a0876967
a088ae85
a089f5f0
a08ad705
a08b3395
a08c83a3
a08d4bfd
a08e9332
a08fec15
a090e181
a091b4c0
a0928084
a093b4e7
a0940418
a095b6ce
a096f52c
a09778e6
a09851ee
a09915d8
a09a6da7
a09ba41a
a09c5650
a09d1086
a09ebb49
a09fa14c
a0a06028
a0a158b0
a0a214a3
a0a39122
a0a4e55b
a0a576c9
a0a6a75a
a0a7ebe4
a0a89bb6
a0a9a616
a0aa7f3d
a0ab48f4
a0acce0b
a0ad2c29
a0aea051
a0af8dcc
a0b0ffc3
a0b1eba0
a0b214e5
a0b3cd4c
a0b4ce69
a0b552c7
a0b68723
a0b758ea
a0b85371
a0b9d327
a0bae1a1
a0bb5f19
a0bcf09f
a0bd8722
a0be8dde
a0bf53bd
a0c0a0db
a0c19442
a0c2462b
a0c38bdc
a0c4a0db
a0c5b010
a0c6d3b9
a0c7c51d
a0c8dd79
a0c992e6
a0cacaf1
a0cb3967
a0cc9070
a0cd5276
a0ce4a51
a0cf95e0
a0d067ed
a0d16963
a0d2b694
a0d3dee3
a0d4ffed
a0d58871
a0d690ad
a0d75f4f
a0d840a4
a0d97a09
a0da26c4
a0db19f4
a0dc10e2
a0ddd46a
a0dea360
a0dfe524
a0e0a7d8
a0e12dec
a0e22a77
a0e35b9e
a0e4cbb9
a0e5fe5e
a0e6c730
a0e77882
a0e8a0c1
a0e9b0fb
a0eafff9
a0eb0422
a0ec235f
a0ed038e
a0ee680e
a0ef5c85
a0f0eac6
a0f1a099
a0f20916
a0f3e15a
a0f4a041
a0f52626
a0f6345d
a0f766d5
a0f87cca
a0f9e706
a0fa4d00
a0fbcafd
a0fcde5c
a0fd49ef
a0fe3016
a0ffe318
a100c051
a10131bb
a102b944
a103355f
a104ac86
a10500b0
a106c76b
a107bae0
a1086416
a109b5f6
a10ac7fa
a10bfadf
a10cc525
a10d3d37
a10e2d75
a10f450f
a1104bb9
a1117a99
a112037f
a1137c8e
a11489a8
a1155dd0
a116e61c
a1179d5b
a118deb8
a11953f0
a11a306a
a11b7565
a11c02be
a11dba2e
a11e4849
a11f0a48
a120358f
a1213231
a122e290
a1236da6
a124d337
a1255a9a
a12642ca
a12739ca
a128421a
a1298d67
a12acf84
a12b7a78
a12cea3f
a12d4b1d
a12eb8c0
a12fbe96
a130c576
a1316043
a1325f44
a13364c4
a13444fe
a135818d
a1367fbb
a1379899
a13884f4
a1395263
a13a6bb1
a13b13ea
a13cc4f7
a13ddad9
a13e72f2
a13f6b33
a1402bba
a141bf34
a1427168
a143d2a7
a1449254
a145a06f
a146bfbd
a1474911
a1480c87
a1493dec
a14a1003
a14b81e0
a14c0edd
a14dc407
a14e4820
a14f9de1
a1507119
a151c197
a15222cb
a153bce5
a1542be8
a1550fc8
a15660bc
a157cb9a
a158b335
a159b37c
a15a6a49
a15b444e
a15c6df5
a15d7591
a15efc07
a15fb1db
a1601759
a1617aaf
a1625954
a163d632
a1645243
a165697e
a166f543
a16725bb
a1689bd2
a16967f4
a16a13e2
a16bc0a8
a16c229d
a16db0d6
a16e1c14
a16fe736
a170145d
a1714e04
a172a3c9
a173b9cf
a1747dde
a175ee78
a1761880
a177b159
a178d336
a179a525
a17af8a3
a17bbb02
a17cdff0
a17dd90e
a17ecbc0
a17f77de
a18017a3
a1819a01
a18221a6
a183db15
a1840813
a1856563
a18666e4
a187fb97
a188f20a
a189e60f
a18a3d92
a18b8211
a18c0383
a18d720b
a18e2ea0
a18f2725
a190e3cd
a191e2e1
a1922386
a1936887
a1941bbb
a1956807
a196487f
a197219d
a198e87e
a199ee98
a19a454d
a19b4ca8
a19c6a54
a19d2f07
a19eed3e
a19fb781
a1a01d4a
a1a17571
a1a2fc22
a1a333a2
a1a4599c
a1a5d774
a1a61dda
a1a7a8d2
a1a84572
a1a9aa3d
a1aaf26b
a1ab2b80
a1acb265
a1adb27b
a1ae7571
a1afbc6d
a1b02aa4
a1b17a46
a1b2505e
a1b33754
a1b4d295
a1b5219f
a1b6ba27
a1b716fc
a1b85f50
a1b92264
a1bafbf2
a1bbd25a
a1bc8e93
a1bd7348
a1becfcc
a1bf14cd
a1c0b88a
a1c138f5
a1c29b8d
a1c33ffe
a1c4e0fe
a1c5a0d5
a1c6496b
a1c7d103
a1c8d92a
a1c99257
a1ca4a7a
a1cb339d
a1cc7983
a1cd1679
a1cece82
a1cfd30f
a1d04397
a1d1d0e0
a1d2a3e8
a1d37b2a
a1d48e3f
a1d573ab
a1d658c1
a1d77bca
a1d8c79f
a1d90271
a1da73ad
a1db3323
a1dccba9
a1dd863a
a1de09d9
a1dfb4ea
a1e09ddc
a1e1980d
a1e2988a
a1e3f93b
a1e4ed6a
a1e51b0f
a1e60ed6
a1e77694
a1e8662b
a1e9f05f
a1ea8aaf
a1eb8077
a1ec7488
a1ed37a7
a1eeb3c5
a1efc1fd
a1f017df
a1f1c634
a1f2b6ee
a1f391e1
a1f41499
a1f5793d
a1f61f7b
a1f7929d
a1f8737a
a1f9c120
a1faeb18
a1fb7cc5
a1fc0993
a1fdd31e
a1fe8b32
a1ffbb74
a2009dd8
a201caf7
a202d28c
a2037a16
a2044baf
a205b213
a206994b
a207f8ef
a2087b93
a209991f
a20a5a2f
a20beb09
a20c7d24
a20d8f7b
a20e1bd8
a20ff016
a2105d0c
a2116ce8
a2120dca
a2139026
a21452d2
a215ebb7
a21607c6
a21783aa
a2182b9f
a219ffff
a21a2d1e
a21bc555
a21c416f
a21d2635
a21e1546
a21fbf9f
a220201e
a221f7cb
a22224b4
a223913f
a22456c8
a225243a
a2263eef
a227b037
a22801ba
a2298771
a22a7276
a22b6f96
a22c8fb9
a22de8dd
a22ea171
a22ff2b0
a23053c9
a231dbc1
a2323d84
a2337890
a234832a
a235fbed
a23665ea
a23759eb
a2386a50
a239b471
a23a266e
a23b77dd
a23c24c5
a23d634b
a23e0b5a
a23f058b
a240ecf9
a2411fb1
a2426876
a2437d83
a24404b0
a2450660
a246d653
a247957a
a2485be9
a24947ab
a24a1ee2
a24b2c81
a24c33d1
a24d892b
a24ebd54
a24f0a5a
a2506d2a
a2513ee6
a25224b0
a2530a9b
a2541cbc
a2559522
a2562e32
a25759f4
a25860ca
a259126e
a25a1ee5
a25b08fa
a25c06fc
a25dd6d3
a25e6977
a25f2e70
a2604e8f
a2611596
a26297d5
a263c623
a264cefa
a2653ce1
a2668551
a2670c40
a2683ca9
a26904e2
a26a6aaf
a26b9929
a26c0a9a
a26d21d4
a26e027e
a26f5bd5
a2700313
a27193b0
a272f8da
a273ce08
a27485b0
a275e469
a276ed7c
a2776fb5
a278f377
a2792021
a27a791f
a27b02a6
a27cc5f3
a27d9c42
a27e3cd4
a27f1c11
a2809bbe
a28173c4
a2821cfc
a2836795
a2846650
a285e199
a28689e8
a2875bf7
a288bfaf
a289aa79
a28a075b
a28b6e68
a28cc9fd
a28d5101
a28efecd
a28f02ea
a2900651
a291735d
a2927af0
a293cb2b
a294b5c1
a29529b3
a296dbe5
a29782a0
a2983243
a2993afb
a29aface
a29b8145
a29cc3dd
a29d3184
a29eca37
a29f006a
a2a0f221
a2a1993c
a2a29ccd
a2a34c50
a2a4ed8b
a2a59698
a2a6eae4
a2a744da
a2a8d6cb
a2a96708
a2aa60e7
a2abd99a
a2ac5261
a2ad27ff
a2ae54c9
a2af0b69
a2b0cc60
a2b118e0
a2b26fec
a2b3b576
a2b42b37
a2b58f42
a2b6a397
a2b7d770
a2b82087
a2b9d853
a2ba8864
a2bbaafb
a2bc7f64
a2bda16d
a2be22d8
a2bfbec8
a2c01e3a
a2c11f51
a2c2243c
a2c30e02
a2c476bf
a2c53214
a2c6501d
a2c702cc
a2c8855f
a2c9180f
a2ca4774
a2cba90b
a2ccc1cc
a2cd312f
a2ced54b
a2cfeaa6
a2d0de8b
a2d12db9
a2d29919
a2d3e100
a2d45111
a2d50547
a2d6bd31
a2d7bdcc
a2d82ba1
a2d949d9
a2da947b
a2db6e95
a2dcb9f5
a2ddfd9b
a2de57ec
a2dff3a1
a2e0f2b4
a2e1951e
a2e2b74c
a2e39195
a2e46fa8
a2e52e25
a2e60396
a2e7987b
a2e8a2cd
a2e93d3e
a2ea0b26
a2eb4c24
a2ec9b7b
a2ed7f48
a2eefd33
a2ef5c26
a2f041c8
a2f1d06b
a2f26c36
a2f3c0e9
a2f44cfb
a2f567fe
a2f6953a
a2f7eaa5
a2f8ffc1
a2f9a85d
a2faabda
a2fb8269
a2fc144c
a2fd11dd
a2fece8e
a2ff24b6
a300ae98
a301bb31
a3027205
a3033c19
a304db42
a305a42b
a306e8dc
a3072c96
a308680b
a309259d
a30a04c0
a30bf0f8
a30cfffc
a30deaef
a30ee885
a30f15cb
a310312b
a311b2fd
a3120c4d
a3133265
a314f4d5
a315451b
a3164ed7
a31718a8
a318161e
a31920fa
a31a1d71
a31ba4c0
a31ccc52
a31d5fa2
a31ebbe3
a31f201b
a32009d5
a3219fc3
a322e757
a3238818
a3248cfe
a3258fa0
a32623d9
a32773f7
a328fd40
a329021b
a32a369b
a32b0688
a32ce78d
a32d20b3
a32ef78d
a32f4168
a33088ff
a331f804
a33214db
a333d01b
a33407f3
a335d38c
a336a091
a33739ef
a33854f1
a339dc1c
a33a5046
a33b6787
a33c64bc
a33d8f8c
a33e4e09
a33f1452
a340d4a4
a3412b8f
a342cfcd
a343f0f1
a3446cde
a345d115
a3462571
a347998b
a348731d
a349638b
a34ac59c
a34bb677
a34c55d6
a34dd9f3
a34e00b7
a34f462d
a35056d3
a3514cb1
a352efdb
a353e8a5
a3548a01
a35515cc
a356b5b8
a3571d91
a35830fe
a359b90b
a35a4b27
a35bc1f1
a35c6489
a35df8da
a35e82a2
a35fd975
a3606a7b
a3618380
a362e8a7
a3630db8
a3640671
a3659ecc
a3666b18
a367410a
a368a56e
a36941f7
a36a212e
a36bb016
a36c9d6e
a36db46e
a36e8cf5
a36ff163
a370e2c5
a371f8e8
a3721d3f
a373be11
a374f464
a375cf46
a376121a
a37755d2
a3782539
a379e8ab
a37a82b8
a37b0be5
a37cd311
a37d272e
a37ec530
a37f48af
a3805ab7
a38187bc
a382dc25
a38312d4
a384f3d2
a38568bd
a3862d9e
a3871cdd
a3880f0e
a3893c04
a38af0d5
a38bf82c
a38c83fd
a38df73b
a38e742f
a38f1c4e
a390c3f5
a3912310
a392888f
a393643a
a394ef53
a3956bd4
a3967c5e
a397df6f
a39813ae
a3995f63
a39a69c9
a39b940c
a39c5cad
a39dab85
a39ece9b
a39f6571
a3a0d92b
a3a1b8f5
a3a207cd
a3a32a77
a3a40fe9
a3a5006e
a3a6f8c5
a3a73d12
a3a8144c
a3a94977
a3aa78c8
a3ab61a4
a3ac2ffc
a3adac28
a3ae0d66
a3afc92c
a3b0f5c0
a3b157af
a3b2850a
a3b3f065
a3b4320e
a3b54d5e
a3b62c6c
a3b7e45b
a3b803ed
a3b97ed7
a3ba4fad
a3bbdc67
a3bc5484
a3bd21b4
a3bec6f5
a3bf6b0f
a3c0301d
a3c12803
a3c2f9fa
a3c3dd32
a3c444f5
a3c54070
a3c67b16
a3c779c6
a3c83393
a3c95a41
a3caa1f5
a3cb10e2
a3ccf8df
a3cd821b
a3ce5ed7
a3cfff19
a3d0726f
a3d105f0
a3d23602
a3d35976
a3d4e454
a3d5607f
a3d600a6
a3d70e77
a3d8753c
a3d9787a
a3da9455
a3db9e39
a3dcc47b
a3dd414e
a3de9891
a3df55dd
a3e0bebd
a3e13e3b
a3e22245
a3e3d7f9
a3e4186d
a3e52bd0
a3e6f275
a3e79746
a3e8ef72
a3e9875c
a3ea4f53
a3eb2669
a3ec49ca
a3edfbd9
a3ee50f3
a3efef46
a3f0214c
a3f17a2d
a3f26501
a3f3e3ec
a3f4e880
a3f5e99f
a3f6820e
a3f7ca7a
a3f8bd7a
a3f95cd9
a3faeb81
a3fb519e
a3fceb98
a3fdf558
a3fe5669
a3ff1cce
a400f59d
a401772b
a4028ba3
a403aec5
a40461bf
a4059e3e
a40638fc
a4073b2d
a408344e
a40956b2
a40a0b35
a40b1469
a40c4293
a40dcfe9
a40e6262
a40fa73b
a41002d0
a41187dc
a412ae9b
a4132f2a
a4149340
a4153eb9
a41654b9
a4176b35
a4181751
a419e17d
a41a80d7
a41b02b3
a41ceaeb
a41dc42c
a41e6174
a41f5d23
a4203f1d
a4216bd7
a422d99b
a42364ba
a42496f1
a4257593
a4264891
a4275f4c
a42888e6
a429857e
a42a9fe9
a42b9a85
a42cd521
a42d5fdd
a42e3c9f
a42f1b15
a4306e42
a4318948
a4328a7a
a4335ed0
a4343b73
a435b968
a436e593
a4375229
a438ac0f
a439f198
a43ab103
a43bd71c
a43cb607
a43d973f
a43edbf1
a43fca4c
a440db68
a4419334
a442d854
a4434411
a44481b5
a445ec52
a446868e
a4471f26
a4489497
a4493d24
a44a0541
a44bc6bd
a44c0764
a44df2f3
a44e1a3a
a44fe0ca
a4504a83
a4515d6e
a4524364
a453361a
a4545639
a4554d90
a4569592
a4571f72
a458413d
a459df11
a45a514a
a45b4165
a45c59c5
a45dfe46
a45ea9c3
a45f8474
a460f7d4
a461cd95
a4621e32
a463b482
a4641d7d
a465a9c7
a4662a20
a467ada1
a4680895
a4691b5d
a46aa9a6
a46b9967
a46c8786
a46dbc3d
a46e7f36
a46fd09c
a470704a
a4716719
a4725757
a4735899
a474e9d1
a4751faa
a4767519
a477bb31
a478b371
a4797105
a47ac169
a47b5c12
a47cf779
a47dc3c2
a47e8248
a47f0e40
a480a3be
a4816cf5
a482c65c
a483c06d
a4844e8b
a485bba8
a48637c1
a48768fb
a48866f4
a489b880
a48aeaed
a48beaf3
a48cd134
a48d6d3a
a48e9796
a48f0ae6
a490553d
a491ea02
a492b54a
a4935922
a4943764
a495b3f5
a496a9f2
a497a129
a498a23d
a499fcb7
a49ac2da
a49badee
a49c80d6
a49deebb
a49eef0d
a49ff4d8
a4a0d152
a4a157a9
a4a2b2f1
a4a31582
a4a40107
a4a5abbf
a4a6eb2b
a4a7be2c
a4a82e6b
a4a9af89
a4aa359f
a4ab0179
a4ac1b77
a4ad56b8
a4ae3b03
a4af8cae
a4b04f09
a4b1d228
a4b20bd6
a4b386c6
a4b4484a
a4b58662
a4b662b2
a4b71220
a4b8a92a
a4b9a142
a4ba1c3e
a4bb3943
a4bca3c9
a4bdab3f
a4be02fe
a4bf5824
a4c0bda5
a4c1d931
a4c29dc8
a4c399d9
a4c49a11
a4c532a0
a4c63634
a4c77f17
a4c88fe9
a4c9dc3b
a4cabd4d
a4cb8172
a4ccc962
a4cdca76
a4cee3ea
a4cff1c5
a4d0d697
a4d1258f
a4d2d507
a4d3c046
a4d4effa
a4d585a3
a4d6817e
a4d7fc42
a4d8eb5b
a4d90ad2
a4daf9c0
a4db6a95
a4dc387b
a4dd2c17
a4ded081
a4dfe655
a4e045b0
a4e10a62
a4e2a669
a4e3d155
a4e40fff
a4e5e4ab
a4e6887c
a4e738b9
a4e8c05b
a4e94fbd
a4ea426d
a4ebaadf
a4ecf7ee
a4ed91bb
a4eeb595
a4ef2bf2
a4f0e267
a4f17b41
a4f2c8ad
a4f39e9d
a4f48c94
a4f5c3ff
a4f6369a
a4f7a22d
a4f8663a
a4f9684e
a4fa6678
a4fbf673
a4fcbe15
a4fdbfcf
a4fe498e
a4ff7504
a50083cd
a5018ee3
a5026139
a503ba34
a504a30a
a5055759
a506604c
a50718fa
a508f7b8
a5098b17
a50afa65
a50b67e6
a50c41d6
a50d9ae7
a50eb15f
a50fbfc5
a510faf3
a5112846
a5127bf3
a5134ba4
a514d43e
a5155493
a516b1c8
a5174928
a518334c
a519ef3c
a51af997
a51b80d2
a51ca237
a51d641d
a51ed6d7
a51f4f4c
a520c110
a521bb4b
a522ff93
a523d4a5
a524975e
a5251a4a
a5260d70
a527f83d
a52820fd
a529ce90
a52a6f22
a52bd625
a52cb1bf
a52d2927
a52e3c2c
a52fb925
a5300d70
a531627f
a53259ab
a533ae78
a534094e
a535174c
a53681f7
a53755df
a538275d
a539dfc2
a53a80c9
a53b0f6b
a53cb372
a53dffdc
a53e0a48
a53f3bc7
a540f392
a5412dc8
a542ea2b
a5432f01
a54426c8
a545e3bb
a5467bff
a547c11a
a548cc85
a5490d1a
a54a8ec9
a54b2e80
a54cf318
a54d01c0
a54e5ed5
a54f306d
a550cfe2
a5518f4c
a5523cce
a5533253
a554c5e1
a555f4e4
a5568d4a
a5570787
a5581996
a559cb97
a55accf9
a55b1565
a55ca6c2
a55dd71e
a55ebc1a
a55fa723
a5609cdc
a5616c78
a56234e9
a5635954
a564915d
a565e6f1
a5664304
a56717c4
a5681b38
a569df75
a56a2c26
a56b5432
a56cf2a5
a56dc7e2
a56ec425
a56f0dde
a570329f
a571e16d
a5729a84
a573b6c8
a574445f
a575d9dc
a5762bfe
a577a214
a5781c21
a57966cd
a57afe74
a57baf8e
a57cdb7a
a57da3cc
a57edbd2
a57fe061
a5809f16
a581a210
a5826904
a583f9d7
a584e3c9
a585a884
a5861de8
a58761bb
a5885dd0
a5899bb4
a58afff5
a58bbfb9
a58cab1b
a58d396c
a58ee294
a58f3325
a5909e26
a59117ad
a5920631
a5930d10
a594f826
a595e03c
a596ebe6
a5977166
a5980824
a59995bb
a59afb6c
a59b84b9
a59c82f2
a59dc25d
a59e716d
a59fb8d6
a5a0ffdb
a5a1d38b
a5a201b2
a5a3ae2b
a5a455f3
a5a5c00b
a5a6c942
a5a7464d
a5a8f551
a5a9de60
a5aa576e
a5ab670c
a5ac5580
a5adca72
a5aed442
a5af2a92
a5b07fa9
a5b12f6d
a5b21df2
a5b3395d
a5b49c84
a5b5cce1
a5b65df3
a5b7039f
a5b87f33
a5b9802c
a5baa0e8
a5bb3a63
a5bcc4e4
a5bd5e95
a5be1711
a5bffdcb
a5c0bf41
a5c1e29f
a5c28247
a5c33d5a
a5c486c5
a5c54af8
a5c6b1c3
a5c7f207
a5c8e236
a5c94cdc
a5ca3297
a5cb0dcc
a5cc62a8
a5cd1bd2
a5ce3784
a5cf7732
a5d0764c
a5d1be8c
a5d2d422
a5d3330c
a5d45581
a5d5db02
a5d6b8d1
a5d7634b
a5d88c47
a5d91d20
a5dad981
a5db411f
a5dc4037
a5dd3745
a5decaa1
a5df966c
a5e0f9fa
a5e1bae6
a5e2f0d4
a5e33e04
a5e46362
a5e5287d
a5e64d11
a5e72aaf
a5e8655e
a5e92429
a5ea2df1
a5ebaab4
a5eced7a
a5ed0a7a
a5ee64e5
a5ef7036
a5f0888b
a5f16437
a5f2bfd0
a5f36f17
a5f4e67e
a5f59d58
a5f64430
a5f7ea7d
a5f84094
a5f919d3
a5fa44c4
a5fbd400
a5fc1a82
a5fdc448
a5fe7d42
a5ff0faf
a60030c2
a6015761
a602b0b1
a6034ffc
a60410f8
a605d8c5
a6066b0a
a607115a
a608fcfd
a6091e1a
a60ae34e
a60b97c5
a60c73aa
a60dcae3
a60e4266
a60f6ef3
a610ce12
a6111206
a612e8b7
a6131d5c
a61411fc
a6157898
a616bfea
a6179ba0
a618cb82
a619e24a
a61ad2f9
a61b92f8
a61c75ae
a61d9771
a61eb2d1
a61f6365
a6202a09
a62118ee
a6229db6
a623158c
a6240faa
a6253353
a6269e3a
a627496c
a6280368
a629d0b4
a62a5b52
a62b9840
a62c0053
a62ded39
a62e29b1
a62f6826
a630982c
a6313876
a632e8e9
a633b492
a63473b5
a635b69b
a6369787
a637db19
a63879b4
a6396456
a63a35da
a63b7c21
a63c2635
a63d7b34
a63e4bba
a63fcde2
a640035d
a6419fbb
a6426dcf
a643cf7c
a644d1e2
a6456e3e
a6460318
a6479282
a648d398
a64970e2
a64a0b55
a64b1d47
a64c1a49
a64d9427
a64e348f
a64f7e7e
a650fb10
a6518c1e
a6524867
a653d2a4
a6544ad5
a6556c65
a656ebae
a657168d
a658cd0c
a659ad1b
a65a0011
a65bd57b
a65cb1b7
a65dd3fd
a65e3a3b
a65f7b1b
a66007b5
a6618434
a662d589
a6637241
a6642447
a665b54a
a666b069
a667d117
a6680ede
a669c1ef
a66aaeaf
a66b949d
a66c769c
a66d7fac
a66e8043
a66fcd51
a6708464
a6717a92
a672a87b
a673457f
a67484a9
a675a543
a6769877
a6774ab4
a6787dd0
a67953a3
a67ac0e5
a67bc0c0
a67c84fe
a67d8a0a
a67e81d3
a67f6483
a6805bcf
a6813d19
a6821b83
a683a206
a6841049
a68529ae
a686682f
a687a652
a688f413
a6891c4f
a68ad7bd
a68bcb86
a68c0722
a68db307
a68ef373
a68f5db3
a690aa4d
a6912a09
a692cad3
a693c1dc
a6947f44
a695e1db
a696f7b5
a6970cef
a6986360
a699c5d8
a69a643d
a69b955d
a69c47f3
a69d1ced
a69e2388
a69f0db3
a6a07a3a
a6a1cd9b
a6a2b6ac
a6a3b966
a6a4cd7b
a6a5a3df
a6a61b1c
a6a71c35
a6a8f804
a6a9c61f
a6aa7584
a6abe3e4
a6acfee8
a6ad09e9
a6aeccc5
a6af7d7f
a6b0efa7
a6b1b560
a6b2ac5c
a6b334cc
a6b411a7
a6b5b70c
a6b6804c
a6b72d7a
a6b89c8a
a6b9a673
a6bad955
a6bb2e6a
a6bcb60c
a6bd44b4
a6bead1e
a6bf32b7
a6c05d81
a6c1e81b
a6c28373
a6c30465
a6c4ded5
a6c546e8
a6c6642a
a6c7ef96
a6c82767
a6c966df
a6cabc7b
a6cbd8fe
a6cc6b08
a6cdee10
a6ce7728
a6cf3b9c
a6d076f0
a6d167b9
a6d24df6
a6d3c842
a6d43963
a6d5d667
a6d6e6f2
a6d7246b
a6d808d7
a6d9239e
a6da20d3
a6db7913
a6dcb6f6
a6dd5c1e
a6dee043
a6df4ca3
a6e04ba2
a6e12c1b
a6e2244c
a6e3f35c
a6e4e1e0
a6e5cc78
a6e6fab5
a6e7cb7e
a6e823ce
a6e9d563
a6ea3628
a6eb2f42
a6ec3a45
a6edd8d4
a6eed857
a6ef5426
a6f0e506
a6f1b4c1
a6f23ec1
a6f31c83
a6f4bc3a
a6f558ca
a6f698f2
a6f7fa80
a6f81bec
a6f94a70
a6fa09a8
a6fb1583
a6fc144b
a6fdc0dd
a6fe1163
a6ff63a9
a700288a
a7015ff1
a7027ecc
a7037ae0
a704fc72
a7052aee
a706a446
a70774da
a70823a8
a709242e
a70a80c8
a70b5607
a70c3190
a70da252
a70e06fd
a70f1ee4
a7100e56
a7111dd6
a71250b7
a7132272
a7149b66
a715f47f
a716c1a8
a7170718
a71848a7
a719a662
a71ab7fe
a71b6ac4
a71c3554
a71d8357
a71e00b5
a71fe089
a720ddc4
a721078a
a722d36c
a7232005
a7240669
a725c3dd
a7264ac5
a72771ae
a72898eb
a729d393
a72a34a6
a72be122
a72c4303
a72de1c7
a72e60a9
a72f5e0d
a730d658
a73136dc
a73254bc
a7333d8b
a73463ec
a735b226
a7364190
a737e81e
a738cdff
a7391c9b
a73a842c
a73b5fdf
a73cd11c
a73dc25f
a73e176e
a73f1766
a7409aff
a741022d
a742ded5
a743c3d6
a7447d52
a745dc8b
a7468a90
a747cff7
a7483d24
a7496fd2
a74ac8d8
a74b008a
a74c5ca3
a74d7898
a74e7878
a74f032a
a750a414
a751df87
a7524f36
a7535314
a7547e88
a75545b3
a756bbed
a7579c76
a758af07
a75954db
a75ad8c5
a75bb432
a75c87d1
a75d56ee
a75e9e6b
a75fe5f1
a760ce39
a761c12b
a7625197
a763d881
a76463a3
a765881a
a766919a
a767a524
a7689cba
a7697639
a76ae13f
a76be69b
a76c2cb5
a76dd4b0
a76ec523
a76fc23c
a770a41f
a7719c37
a77297f1
a7738de7
a77401fd
a775ae42
a7768360
a7774388
a778660b
a779fca2
a77ac307
a77b62c0
a77c5aa7
a77d87bc
a77e9094
a77fa78c
a7808fe2
a7818f4e
a782a2c5
a783bc2d
a784d199
a785dfa7
a786210e
a7873aa1
a7880ca1
a789efbd
a78abed3
a78b0c7e
a78cb73f
a78da740
a78e8699
a78f816a
a790bad6
a7911dfb
a792f75d
a7939d80
a7949ae3
a795c50a
a796372d
a797f568
a79895f7
a7996730
a79af1fa
a79b969c
a79cb238
a79d0efc
a79ee907
a79f2a25
a7a04fd8
a7a1a303
a7a2d44d
a7a31a39
a7a49bef
a7a5c683
a7a61026
a7a7af79
a7a88922
a7a92326
a7aa9023
a7ab5ac0
a7ac329a
a7adb84f
a7ae99f6
a7af5dbe
a7b07fd1
a7b1665d
a7b2264a
a7b37702
a7b499f0
a7b5342e
a7b6b717
a7b7bba1
a7b83a52
a7b926ce
a7ba5ac1
a7bbd159
a7bc6174
a7bda796
a7befe35
a7bff395
a7c0fbbb
a7c14d0e
a7c2ccbc
a7c3d359
a7c4e90f
a7c5226d
a7c6acb2
a7c7b667
a7c8081b
a7c99700
a7ca7ae4
a7cb3131
a7cc287a
a7cdefb1
a7ce747b
a7cf6992
a7d0a751
a7d1bf0a
a7d28438
a7d38aaa
a7d499d1
a7d57b6a
a7d646a1
a7d761bd
a7d87b37
a7d9fb8e
a7da258d
a7dbedd6
a7dc234a
a7dd6b3a
a7de8a5e
a7dfa5ee
a7e02ceb
a7e19f1e
a7e28d93
a7e36e6f
a7e45b30
a7e542de
a7e64264
a7e76417
a7e87aff
a7e9c966
a7ea27fa
a7eb110f
a7ecad3d
a7edeb85
a7ee0318
a7ef5862
a7f0d744
a7f11ed7
a7f265a2
a7f3061d
a7f456aa
a7f5cbc0
a7f6292d
a7f77dad
a7f873d9
a7f9256a
a7fa7d26
a7fb8920
a7fc2b2d
a7fdbc98
a7fe5f46
a7ffe046
a8000baa
a801e255
a802ab91
a8038e33
a804e786
a805d2e5
a8068eab
a80740fa
a80824ea
a8098eb3
a80a71c0
a80bcd9a
a80c83e2
a80d0733
a80e57e7
a80f03e3
a810f377
a8110e9f
a8129f79
a8130fe2
a814e899
a815d2ac
a8167a3f
a81740dd
a8185193
a8194a4b
a81a1209
a81b77d2
a81cfa21
a81d4bf2
a81e2059
a81f2b1b
a820b8c8
a821283f
a822e5ad
a823ac38
a8243b31
a825510a
a8268747
a82761d8
a828b7e4
a8297b97
a82a0814
a82b2ca4
a82c70c1
a82db610
a82eb1e7
a82f9360
a830569e
a831f45f
a832d66e
a83307b8
a83427c2
a835f57e
a8369b62
a837e5ee
a8388e85
a839f382
a83ae0ae
a83b8d1d
a83cf4ad
a83df592
a83ebc01
a83f2ca0
a8406270
a841cfc4
a84241d2
a8435d2b
a8448b80
a84523fd
a8468006
a8476408
a8480408
a849fd4d
a84ad4fc
a84b14eb
a84c60b8
a84d4584
a84ed2dd
a84f1b0b
a8508e1a
a851413f
a852bdac
a853cb41
a854955b
a8557656
a8561afe
a85731e8
a858266c
a8596b68
a85aea21
a85b8e6c
a85ca6c0
a85d9f6a
a85eef6c
a85f8390
a8606418
a861203c
a8625fe8
a8636df2
a8645c96
a865d03f
a866cc50
a867cbc2
a86885d3
a869360f
a86a3064
a86b578e
a86cb14c
a86d74f8
a86ed82f
a86f67aa
a870e9ee
a871a7ba
a872e04a
a8730c93
a8748ba9
a8756f22
a8769dd3
a877b228
a8785fa3
a879febd
a87a128e
a87be325
a87cefe3
a87d70b5
a87e4d4b
a87f7c98
a880f8bf
a881d3b3
a8829c24
a883c4a4
a8841589
a8850742
a886987b
a88739c3
a8888f3e
a889a6dc
a88a31fc
a88b9286
a88cad3d
a88d1ebb
a88e8cde
a88f86e3
a890fd4c
a891afc5
a892b4ad
a8938b60
a894c166
a89597f5
a8968d87
a8971dd9
a898f575
a899fe43
a89a9a41
a89bb150
a89cd741
a89d48cd
a89e45b2
a89fa8f6
a8a0d08a
a8a1c707
a8a2f215
a8a3f358
a8a4206a
a8a58373
a8a6b63b
a8a7fb8b
a8a8df30
a8a91c1c
a8aaaa4f
a8ab8c0f
a8acb320
a8adfd48
a8ae3649
a8af432e
a8b011c5
a8b189a1
a8b289a4
a8b30800
a8b46efa
a8b5e879
a8b6f797
a8b7c797
a8b8be2c
a8b91018
a8ba1e39
a8bb8308
a8bcbd07
a8bde07f
a8be93a4
a8bf4554
a8c004e4
a8c1d1b9
a8c2f425
a8c36012
a8c41bc7
a8c58557
a8c6c404
a8c75025
a8c896dd
a8c971f1
a8ca271f
a8cbb0a0
a8cc33ae
a8cd38bd
a8ceb534
a8cfc004
a8d0a4fa
a8d179bf
a8d2d82a
a8d36f90
a8d4a0d8
a8d56f25
a8d646fe
a8d7a758
a8d86559
a8d93aab
a8daadb4
a8dbd6e2
a8dc809a
a8dd7912
a8de97b9
a8dff84b
a8e0dbd0
a8e1cba0
a8e217f8
a8e31f73
a8e4876c
a8e5879e
a8e6875f
a8e79987
a8e8de2e
a8e9ded9
a8ea3d5a
a8eb152d
a8ec1f46
a8ed9276
a8eea26c
a8efa614
a8f0e17c
a8f1b088
a8f2ac73
a8f3aa2f
a8f4c35a
a8f50f7c
a8f60a28
a8f75965
a8f80a09
a8f91882
a8fa6ff3
a8fbd71c
a8fc2778
a8fd0b20
a8feafa7
a8ffbc0b
a900e0df
a9017ebb
a9024ebb
a903e93a
a90496a5
a905ea37
a9067770
a907f85f
a9083716
a9092ea9
a90a7625
a90b9957
a90c57df
a90dd5ea
a90edb58
a90f028e
a9105ee0
a91115cb
a9129fcd
a913b238
a91404bf
a91588d5
a9160e3b
a917797c
a918e8a0
a919b935
a91a3985
a91bc750
a91c7d59
a91df666
a91e66b3
a91fdd3b
a9206a80
a921b0dc
a9225ca3
a9237177
a9245eb4
a925cc39
a9267229
a9279c6f
a9282c79
a929e358
a92ac01f
a92b8084
a92c913f
a92d4b28
a92e5fa5
a92fd16d
a93071ac
a9313219
a9325f8f
a9338631
a9348597
a93549e0
a936e178
a9370c01
a938cc22
a939432f
a93a16de
a93bba89
a93cb5e8
a93d720c
a93e6b52
a93f0dcf
a940c9a7
a9410d5a
a94262a3
a94324e0
a944a5b6
a9451adc
a9465293
a947f3c9
a9489cb9
a9499855
a94a362c
a94be580
a94c6c67
a94df969
a94ebb45
a94fe5c6
a950db46
a951ded1
a952361e
a9539af8
a954f274
a955bdf9
a9569278
a9570c51
a958d9fc
a95918c7
a95a67ec
a95bcf84
a95c5fc8
a95dc4f8
a95e3488
a95f1545
a9609d51
a9614028
a9629533
a963b6fa
a964bd45
a9653986
a9662464
a9670def
a968e2f0
a9693c98
a96ac9e7
a96bbfad
a96c967f
a96d1272
a96e064d
a96f569c
a97058a6
a971f805
a972a4de
a973bbdc
a97439d8
a9752f8c
a97604b5
a97748f5
a97852dd
a9796530
a97aed7f
a97bdaf4
a97cee18
a97d611e
a97e727d
a97fbc04
a980c58d
a98147b5
a982d9aa
a9831fde
a9840900
a9859e56
a98679e3
a98749a6
a988c25b
a9899aad
a98a7865
a98b8941
a98cf5a7
a98d1437
a98ee937
a98f0561
a99081f3
a991d2cb
a9920510
a99347b1
a994af1c
a9959e3c
a99624e5
a997d8e3
a9980a7d
a9997922
a99ab760
a99b9536
a99c4e2e
a99d47d9
a99ed91e
a99f15de
a9a017ce
a9a1a731
a9a2e219
a9a37be8
a9a4ad9d
a9a5de97
a9a6e634
a9a79d95
a9a81645
a9a9a3b5
a9aa50b4
a9ab28e8
a9ac6a1e
a9ad6942
a9ae1e79
a9afce9f
a9b09a1a
a9b1b602
a9b2c1f1
a9b3ffd1
a9b4f02b
a9b599b2
a9b6057e
a9b780f3
a9b81420
a9b9958e
a9ba57af
a9bbe627
a9bc22b8
a9bd6281
a9be3a82
a9bf0086
a9c0e599
a9c1f6ea
a9c29a60
a9c3d3f8
a9c4beba
a9c5249b
a9c65f17
a9c721cc
a9c8a779
a9c90c39
a9ca626a
a9cb9942
a9cc73be
a9cd013a
a9ce10ac
a9cf1142
a9d00873
a9d1d5ac
a9d2680d
a9d3c68c
a9d41acb
a9d58176
a9d6b05a
a9d76e23
a9d8d3b5
a9d9d55f
a9da6226
a9dba5f5
a9dc81f8
a9dda8dc
a9deccc2
a9df54b6
a9e0f0aa
a9e12bca
a9e271b8
a9e30a2c
a9e42655
a9e5b619
a9e6a490
a9e7ddec
a9e894b2
a9e97e2b
a9eac318
a9ebc37a
a9ec9069
a9edb478
a9eef424
a9efa917
a9f091da
a9f1ba5a
a9f2b056
a9f3deb9
a9f4399e
a9f55d05
a9f6ccf9
a9f78432
a9f807f3
a9f9b31a
a9fab40e
a9fbaaf2
a9fc0eab
a9fdef7e
a9fed8a0
a9fff6f4
aa009f9a
aa015a4e
aa02f7fc
aa033d28
aa046f43
aa056b03
aa06eb5a
aa07feb0
aa08f5de
aa092998
aa0aa42f
aa0bc825
aa0c64bf
aa0d1a9c
aa0e8cac
aa0fe2d6
aa10bf7b
aa11e34b
aa12393e
aa13b079
aa1424cf
aa151ef8
aa164430
aa176c15
aa18e3db
aa19833a
aa1a7fa6
aa1b1607
aa1c7dcd
aa1d733a
aa1e9caa
aa1fda50
aa2061f7
aa21453d
aa227b7c
aa232042
aa24558c
aa25e334
aa264410
aa27b0e1
aa28a7cc
aa29c555
aa2abc08
aa2bc71e
aa2c8fe0
aa2d4098
aa2e1250
aa2f900b
aa30e3fc
aa31199f
aa32c2dc
aa332efe
aa342f56
aa358ab1
aa361f88
aa37c6bd
aa38b8e8
aa39176c
aa3af8a1
aa3b138b
aa3c2688
aa3dac41
aa3eba98
aa3ffcd4
aa40822b
aa418d32
aa42d98b
aa43c9eb
aa444d69
aa456953
aa460820
aa479b22
aa486ae1
aa497c8c
aa4a7ba0
aa4b3a6d
aa4c4c08
aa4d170a
aa4e079f
aa4f7c47
aa50eb79
aa513c3a
aa52b6fe
aa53b86d
aa54e6a2
aa55d30c
aa56582b
aa57a0dc
aa5840ae
aa5948c7
aa5a2d93
aa5b5bc5
aa5c05f3
aa5d4463
aa5e87a7
aa5fc189
aa6098f3
aa612f57
aa623ff4
aa63f08d
aa6429f4
aa656954
aa6614ff
aa679947
aa68621a
aa69f83c
aa6a4732
aa6bd80b
aa6c19db
aa6d779d
aa6e9447
aa6f9bed
aa70746f
aa71f4ab
aa723604
aa73cb18
aa748892
aa7515db
aa76f7a9
aa777f06
aa78bb79
aa797e74
aa7a44f9
aa7b98f9
aa7c2c83
aa7db4b2
aa7e74f9
aa7fac9e
aa8071d0
aa8187e2
aa82afec
aa83bc91
aa8412b2
aa85b589
aa867b59
aa87d8b8
aa88f0c1
aa89c678
aa8a6992
aa8b0ba1
aa8cb68b
aa8db507
aa8e69a3
aa8fc4c2
aa905220
aa9145fb
aa92ef22
aa93d1f2
aa94dbb1
aa950c72
aa966a97
aa97d9de
aa98a31c
aa99110a
aa9ad363
aa9bdea1
aa9ca644
aa9d94ea
aa9ebab9
aa9fc2c0
aaa0d1c3
aaa1e649
aaa24520
aaa32a79
aaa40176
aaa584a2
aaa6d47f
aaa7e05b
aaa899db
aaa94885
aaaae0de
aaab9a55
aaacbb9f
aaadccd5
aaae232d
aaafe0b1
aab0ec73
aab1dec5
aab2e22f
aab33b18
aab4ed7c
aab5bb38
aab6be9a
aab74c58
aab8136c
aab9a179
aaba9cd4
aabb53b6
aabcdb99
aabd7c8d
aabe4bb1
aabf4d96
aac0c440
aac1d0cb
aac289ee
aac30e77
aac44563
aac508ca
aac65c9c
aac78423
aac83cb2
aac9259c
aaca0367
aacb1439
aacc0d17
aacd025a
aace78ae
aacfc11f
aad04c46
aad12b2d
aad2b3a9
aad378c4
aad41172
aad5483b
aad6b2d2
aad7d676
aad89e64
aad9ddea
aadad887
aadb18e4
aadca8cd
aadd6114
aade4740
aadf1e76
aae03719
aae198d7
aae2af3c
aae390d5
aae41a4a
aae5ff67
aae604c0
aae7a065
aae831c4
aae9fc77
aaead2b1
aaeb372a
aaece429
aaedc45b
aaee8da5
aaefde64
aaf093b7
aaf13686
aaf2b829
aaf3202d
aaf460b3
aaf59a16
aaf605e6
aaf7e1e2
aaf8d626
aaf9573d
aafa774b
aafb8ce5
aafc6812
aafd7150
aafe92e5
aaffda6a
ab001df7
ab01b1fb
ab025067
ab036717
ab0434f1
ab0512f8
ab069d53
ab078043
ab08c31d
ab09657e
ab0aab75
ab0bdcc6
ab0c26da
ab0d4b17
ab0eb426
ab0f1b7e
ab105060
ab115336
ab12ce0a
ab134b59
ab14567c
ab154eef
ab16a1af
ab1782df
ab18762e
ab19172c
ab1ac5ce
ab1b8585
ab1c91b2
ab1d0c9a
ab1e233e
ab1f1360
ab2094ef
ab215584
ab22638f
ab2333d2
ab249309
ab2542bb
ab26f4e1
ab278b4d
ab284531
ab29ed91
ab2a05c7
ab2b2a3b
ab2c41b6
ab2d6793
ab2eaae3
ab2fc0cc
ab300c9b
ab31d892
ab325b0e
ab337f76
ab34e86f
ab35d152
ab362149
ab373a09
ab381cdb
ab39ee78
ab3ab4d7
ab3b7c2e
ab3c34ec
ab3d7c15
ab3e9e78
ab3fc97e
ab40711c
ab41c58b
ab42695f
ab43fa53
ab44630c
ab45967e
ab46fb2e
ab477550
ab48ec8b
ab490f56
ab4ae60c
ab4b8dfd
ab4c36c3
ab4d5d06
ab4e1859
ab4f7e80
ab50566f
ab516703
ab528a34
ab532d3c
ab5437f4
ab5578e3
ab566078
ab571923
ab58ae9b
ab5971b5
ab5a1f56
ab5b7955
ab5caeb7
ab5d4612
ab5eb943
ab5f4168
ab607941
ab617be1
ab62e966
ab639b15
ab64d46b
ab653701
ab661763
ab67a9bf
ab682737
ab69cc51
ab6a63a8
ab6b0f78
ab6caacd
ab6d76b5
ab6e2ba6
ab6f6ca6
ab700070
ab71c9c8
ab72018a
ab73371e
ab74e3fb
ab7597d3
ab765e20
ab7731fe
ab784d53
ab795b7a
ab7a5c75
ab7bc5fc
ab7cefbb
ab7dc738
ab7e8831
ab7f1aeb
ab80e093
ab81fabc
ab82e296
ab83f9a2
ab847451
ab852777
ab861903
ab87c5a1
ab88eaa3
ab89f478
ab8aa64b
ab8bf85c
ab8cc8cb
ab8dcf71
ab8e2677
ab8f4135
ab9020af
ab9142e8
ab923800
ab93df93
ab9445bb
ab952d60
ab96605e
ab97ac9e
ab98cf71
ab99fde9
ab9a8706
ab9bd80f
ab9c3949
ab9dd494
ab9e24e7
ab9f9766
aba04fa6
aba1ee9e
aba205e9
aba37003
aba4c27e
aba5b824
aba6987a
aba71dfa
aba83203
aba9f5f7
abaa92e9
ababe8e8
abac310f
abad9eb2
abaeb61c
abaf03bb
abb043bc
abb14fe0
abb2602c
abb3b95f
abb48588
abb5d42f
abb64031
abb75ebd
abb85cd8
abb9735d
abbaa6b8
abbb316e
abbca504
abbd3318
abbeb985
abbfe0e7
abc077a3
abc1bba5
abc2e8fb
abc37aae
abc4309f
abc519e2
abc679b7
abc736e9
abc82dab
abc9d42e
abca59df
abcbd73a
abcc747f
abcd0fcf
abce28c5
abcf41d8
abd0ae53
abd1b1c7
abd2c335
abd3d639
abd4c886
abd5d6f6
abd67e80
abd7fbaa
abd88937
abd9d050
abda096e
abdbbaf7
abdcb169
abdd123c
abdee8f9
abdf1d54
abe0d0c3
abe143fc
abe280bb
abe374be
abe4f2d3
abe571b3
abe61a35
abe7f78e
abe80ff2
abe99f5b
abeafad7
abebfc23
abec63c7
abedd444
abee47c7
abef2f2b
abf02bfb
abf16cde
abf26841
abf3d1f1
abf46cd3
abf5a0f0
abf6335e
abf79885
abf8d15a
abf9365a
abfa701b
abfba069
abfc258f
abfddb66
abfef574
abff8456
ac00abe9
ac010356
ac02b213
ac03bbdc
ac04e722
ac058e53
ac06c412
ac074fd3
ac086e88
ac09b2bf
ac0ad9ca
ac0bc067
ac0c7401
ac0d4a8d
ac0e7f37
ac0fa73f
ac101f6b
ac119256
ac123317
ac13b962
ac14c8af
ac15b2e2
ac16f416
ac17a450
ac1863e5
ac19a34e
ac1af85b
ac1b0258
ac1ccc21
ac1d37d5
ac1e8241
ac1f52cd
ac20dc54
ac2199dc
ac22cbfd
ac23ae9c
ac24efe7
ac255052
ac26952f
ac27196b
ac28b967
ac290102
ac2ae86f
ac2bf3b5
ac2c87d4
ac2d83eb
ac2e3d3e
ac2f3e74
ac301193
ac31fa90
ac320d6c
ac336457
ac34bfdd
ac35803e
ac3632ba
ac37cb32
ac3895c9
ac3986b9
ac3a2f87
ac3bce78
ac3c82ea
ac3da6a1
ac3e47eb
ac3f54e1
ac405831
ac41672a
ac426a57
ac438d60
ac441aa3
ac45a336
ac46a993
ac47a360
ac484e47
ac490f58
ac4ab746
ac4bcc64
ac4c7458
ac4d6c89
ac4efd28
ac4f7ba3
ac50a3b7
ac5181af
ac52049d
ac533f3b
ac542b3c
ac55b253
ac569e37
ac5733f7
ac5826d2
ac599300
ac5a7809
ac5b63b1
ac5c6f43
ac5d5760
ac5ede35
ac5f3229
ac6099e1
ac617ced
ac62a468
ac63b0fd
ac6405b9
ac65615a
ac6683d3
ac67a86b
ac681ecb
ac69765f
ac6a9d1c
ac6bc1d5
ac6c49a4
ac6dde4d
ac6e7994
ac6f253a
ac70a19c
ac71da86
ac7282b4
ac73626f
ac7475f7
ac7578ca
ac762405
ac77f9d1
ac784a48
ac79cf96
ac7ae054
ac7b8523
ac7cd3cc
ac7dbf39
ac7e276c
ac7f6b23
ac804499
ac81120f
ac828a4e
ac835876
ac8402b9
ac852f19
ac86dd16
ac87599b
ac8872b9
ac896379
ac8adc7b
ac8bf3a9
ac8c9a55
ac8dc3a4
ac8e4a94
ac8fbbd9
ac90dcbd
ac9165e8
ac92b3f9
ac93909d
ac94c229
ac955827
ac96acae
ac9719a7
ac98eac2
ac991a36
ac9ae8f9
ac9b7f18
ac9cdb87
ac9d48fd
ac9e9f58
ac9f3e7a
aca0cac5
aca17c73
aca2c7be
aca3c41d
aca4aff3
aca5956f
aca6168b
aca74aa1
aca840d5
aca9c80c
acaa699c
acab661b
acac9378
acadc046
acae911e
acaf1f80
acb0de18
acb1de7e
acb209c8
acb31d38
acb45348
acb5b8ae
acb6acfc
acb7b4cc
acb8d793
acb9026d
acba3d3f
acbbcbae
acbc810e
acbd9b05
acbec092
acbf3b5c
acc07281
acc17d03
acc2e2d7
acc3b6e0
acc41fac
acc5ed59
acc6ba1d
acc76461
acc8cedb
acc9789a
acca0a8e
accbf9d0
accc35ee
accdf3f2
acce267f
accfa81c
acd06e7a
acd13962
acd268ae
acd3b15a
acd4f3f0
acd5bcda
acd61d2c
acd7fc20
acd8e3c0
acd94934
acda235a
acdb1e5d
acdc1756
acddf6ee
acde05c4
acdfb9fa
ace05f89
ace13c03
ace2acff
ace3f66a
ace4b34c
ace5da60
ace69495
ace7861c
ace872e1
ace9de5b
acea66cc
aceb1c35
acecd4db
aced1e27
acee345d
acef4298
acf0c718
acf1349c
acf27c8e
acf337af
acf446fb
acf52436
acf6504e
acf7f761
acf8d71b
acf90fc9
acfa2174
acfbbed6
acfcbec1
acfdc687
acfe2ebe
acff7c63
ad00a794
ad01114d
ad02bf4c
ad035288
ad042410
ad053275
ad06fe5b
ad07423e
ad088a22
ad097807
ad0a6b80
ad0b4401
ad0c8bc2
ad0d4240
ad0e8f7f
ad0ffe87
ad1084ee
ad11e394
ad126b7a
ad138665
ad144f6d
ad15da9f
ad16469c
ad17075f
ad1882bc
ad197707
ad1a9074
ad1b348b
ad1ca5ba
ad1d1524
ad1e46bd
ad1f9cab
ad20021b
ad219d59
ad22e48a
ad238d57
ad24ea84
ad2592c1
ad26d8e8
ad27db68
ad28259a
ad29d5fe
ad2ab48f
ad2b68a3
ad2c061a
ad2d772d
ad2e72e2
ad2fe15f
ad300232
ad3163f9
ad3227b9
ad33b10a
ad34341a
ad3517e8
ad36d7f8
ad37b579
ad380de9
ad39e1bd
ad3ac6a4
ad3b8ba3
ad3c612a
ad3dd78e
ad3efd71
ad3f3427
ad40ae26
ad41123f
ad42f86d
ad438725
ad4423b0
ad457a67
ad4651b5
ad47147c
ad488231
ad4927de
ad4a451c
ad4b5c4c
ad4c9402
ad4df8a9
ad4e4334
ad4f2ae8
ad50aa9e
ad51f8a6
ad52e905
ad53c20e
ad5493f6
ad55b768
ad56c444
ad579a0d
ad58b09a
ad599866
ad5a40f1
ad5b1b07
ad5c7fc5
ad5d031e
ad5e4c41
ad5f06f3
ad60e618
ad61fc92
ad624dfa
ad633e84
ad641e53
ad6539cc
ad660f4c
ad675658
ad683ad6
ad69e502
ad6ab370
ad6be8b4
ad6ce3e9
ad6de6d9
ad6e2a8e
ad6f545b
ad706a91
ad71053f
ad727448
ad737cfc
ad745573
ad75e482
ad76c5f6
ad77e8ad
ad785540
ad794fa7
ad7a07a5
ad7bf01b
ad7cf25a
ad7d8a80
ad7e22d8
ad7ffa45
ad80e0e2
ad815aad
ad82fd93
ad832d21
ad84592a
ad859690
ad86baac
ad87139e
ad8898e4
ad890008
ad8a5bb5
ad8b4929
ad8c123e
ad8d53eb
ad8e396d
ad8fb60f
ad90ee2c
ad917ac0
ad92d0b1
ad937a65
ad94d1f6
ad9502a0
ad968b6f
ad9796b8
ad9803bb
ad99d87a
ad9a4c00
ad9bea7c
ad9c1299
ad9d336e
ad9eeb77
ad9f8470
ada06f75
ada156ba
ada2af68
ada30759
ada4b7fc
ada530d0
ada64fae
ada7559c
ada886c7
ada99e1f
adaab0ca
adab048b
adac35d2
adad582b
adae3bbb
adaff006
adb07f2a
adb1ae01
adb25334
adb3d56f
adb45d7a
adb560a6
adb63a90
adb7edea
adb8e471
adb92c92
adba7145
adbb1c5e
adbc9b8b
adbdee87
adbef66b
adbfcb54
adc079d5
adc187fa
adc21ccc
adc30dff
adc4c14b
adc5134e
adc6e212
adc70605
adc8c7e5
adc9514b
adcaafc3
adcbbce3
adcc91e1
adcd6895
adce9488
adcf4bb1
add069ac
add1b7b3
add26ff6
add39a21
add4e8ab
add51be7
add646bd
add77012
add80bc2
add93177
adda5109
addbf1bc
addc6dd2
addd0390
adde0a78
addf5c4e
ade02cad
ade1242e
ade25789
ade36904
ade460bb
ade56b0d
ade63103
ade7fcf2
ade88409
ade9343c
adea8646
adebd208
adecb77d
aded822b
adee886f
adefe8aa
adf0d608
adf1021f
adf286d4
adf3e8df
adf43fc2
adf552ba
adf6ea2e
adf7eb9a
adf8fe54
adf92be1
adfab090
adfbcef3
adfc076f
adfd17f4
adfe89a4
adff7efe
ae00c50b
ae01b66b
ae02908a
ae031771
ae049100
ae058a8e
ae06728a
ae07fccb
ae088a9b
ae09a740
ae0a563c
ae0b3adf
ae0ca5d6
ae0d3198
ae0ea803
ae0f0f50
ae10e856
ae114737
ae12d1f3
ae133cbf
ae147fba
ae152746
ae160fec
ae17791e
ae184728
ae19d180
ae1a1601
ae1bbd7f
ae1c4119
ae1dc4e1
ae1e7c5e
ae1f594f
ae20d4b6
ae21f4ee
ae22a6bf
ae239c80
ae246170
ae2571e9
ae26f2f4
ae2784e2
ae28b8f2
ae297feb
ae2a9b33
ae2b138d
ae2cf8b1
ae2d3784
ae2e7de8
ae2fa5a5
ae30bc0e
ae319e10
ae32445d
ae330927
ae3492f5
ae35ef9f
ae361772
ae377468
ae3860c4
ae39fcc6
ae3a599b
ae3bc6be
ae3cbcbc
ae3df431
ae3e2780
ae3f85a1
ae4028e3
ae41e803
ae427540
ae43fc9b
ae448e22
ae4504cf
ae469934
ae47470c
ae48d7f0
ae492286
ae4a4167
ae4b6545
ae4cb788
ae4d779d
ae4e6e32
ae4f1d31
ae50ef88
ae51f070
ae5222d7
ae53811a
ae540fc6
ae552ab4
ae56e7a6
ae5764ec
ae58a80e
ae59b544
ae5aa564
ae5b0b86
ae5c76e3
ae5dacf3
ae5e00a9
ae5f37f8
ae6008c4
ae61a697
ae62f01a
ae6354f9
ae64fb73
ae653284
ae66f41c
ae67831a
ae68f960
ae69afd7
ae6a2f3a
ae6bd5aa
ae6cba8e
ae6d62ce
ae6e61fa
ae6fb895
ae70a133
ae713e73
ae7248dd
ae73f57f
ae74941c
ae7519a6
ae76548d
ae779cc7
ae78a760
ae794a83
ae7ae9e6
ae7beb1e
ae7cda73
ae7d57d3
ae7e6c61
ae7f8d29
ae80a5b5
ae819312
ae8288a4
ae8306bd
ae84d993
ae85ca75
ae86f44d
ae8750a8
ae8803fe
ae893126
ae8a9cb4
ae8b2859
ae8ced69
ae8d1fd8
ae8ea29f
ae8fc905
ae90e0d1
ae91f367
ae929160
ae933cbb
ae94106c
ae953b7e
ae968f8a
ae979fcd
ae98fa52
ae99343c
ae9a6513
ae9b80ed
ae9c558b
ae9da962
ae9efe91
ae9fd4b9
aea039bd
aea16789
aea294cd
aea3e394
aea4337f
aea5f3c5
aea605c6
aea7cf2e
aea86677
aea980f7
aeaac4c2
aeab3fa9
aeacaf8c
aead9ad3
aeae34e8
aeaf2a89
aeb0e724
aeb17823
aeb29778
aeb32f46
aeb4f1c5
aeb5536c
aeb6f688
aeb71e79
aeb8900b
aeb950ac
aeba9c67
aebb15cc
aebcdf8d
aebd7245
aebef5f4
aebfa8ab
aec013dc
aec17163
aec22520
aec3c32d
aec4b399
aec5b3e5
aec673c6
aec71371
aec81b7a
aec9ed04
aecaf13c
aecba77a
aecc31ee
aecd7eaa
aece65bb
aecff1ac
aed0b120
aed1545f
aed2d50f
aed3c4ee
aed431e3
aed5ea6f
aed69040
aed75ab0
aed81658
aed940c8
aeda0e17
aedb68d6
aedc6cbe
aedda7f6
aede3e56
aedf899b
aee0cc41
aee1e344
aee25607
aee3c117
aee4050a
aee50d1d
aee69c67
aee78779
aee8c0fd
aee9382a
aeea06ec
aeeb4df9
aeec11ec
aeed3a93
aeeeabce
aeef5ede
aef06981
aef14e88
aef2c7c7
aef3b44a
aef49af2
aef57bc4
aef6742e
aef71e89
aef8146f
aef97b1b
aefab5c2
aefb31b8
aefcea85
aefd3628
aefe855c
aeffb070
af0052be
af01dade
af02f5dc
af0392f5
af044690
af05b38a
af06a6ef
af0746e7
af08422a
af09c7c5
af0a3960
af0bfa8c
af0c5365
af0d7671
af0eb362
af0fe19e
af109081
af1170c3
af12a72d
af134121
af14a047
af15b231
af163471
af172a83
af180927
af1900f9
af1a154a
af1bff58
af1c4ec9
af1d73e1
af1e4b79
af1f1b49
af2068ad
af217d4e
af221226
af239215
af24d3dc
af253277
af26f3a7
af274951
af28a3c3
af294daa
af2a487b
af2bf4f0
af2c3e0e
af2d71be
af2e5284
af2fbb6d
af303af7
af3197e0
af322da4
af33ebff
af34ab29
af35914b
af36f30e
af378c7e
af3860ff
af3925c3
af3a22ca
af3b1d14
af3ce1e9
af3d707b
af3eb6c9
af3f5710
af40d6cb
af41fed7
af4285f2
af433891
af44a47c
af459189
af46bcbb
af470a95
af4894eb
af494036
af4a9e13
af4bccde
af4cf640
af4dc008
af4e5cbb
af4ff58a
af50c9f5
af514e5d
af521868
af5382c2
af54035d
af55c824
af56a599
af575342
af58774c
af595ecd
af5ad39f
af5bfbdb
af5c70e6
af5d8eac
af5e15f9
af5f81ec
af60478c
af617f74
af62b2a1
af6346b5
af64b172
af6502c9
af668021
af67053b
af68987f
af69542f
af6ab7d4
af6bf8d0
af6ce617
af6d5893
af6e7715
af6f9089
af704fd3
af713c90
af72e902
af73e7e6
af743412
af758730
af76eaed
af77c472
af7876dc
af795f47
af7ad3f8
af7bf1e4
af7c67a5
af7d5b8e
af7e777c
af7fdb59
af803d48
af81bf59
af829519
af8356b7
af840d91
af85ab41
af86625c
af870db0
af88ead8
af89f76d
af8a3ceb
af8b258c
af8cb277
af8df447
af8e2452
af8fc86e
af902344
af91c903
af92152c
af930a47
af94cfab
af95f2c2
af9688f4
af97baa4
af983b69
af9996b8
af9a1b95
af9b8bea
af9ce287
af9d2fd9
af9e2e6a
af9ff01f
afa09083
afa1de7a
afa2a868
afa35449
afa4b52c
afa5a0cf
afa65554
afa74a6c
afa85ce8
afa95a9d
afaabb10
afab407c
afac67ec
afad38aa
afae4935
afaf78ac
afb033d6
afb1731d
afb26229
afb3ed05
afb4bd04
afb55788
afb6a8fa
afb799ca
afb8709b
afb9084d
afba6bec
afbb1006
afbc99e9
afbd0039
afbec496
afbfcfe8
afc0a99a
afc11c85
afc2a2a2
afc32f79
afc4ab37
afc54127
afc6249e
afc7912e
afc888e3
afc97ad0
afca6d76
afcb106c
afccdc11
afcdc880
afce1fae
afcf6095
afd07894
afd15a22
afd25b9c
afd36a70
afd43fe2
afd574c4
afd61940
afd77904
afd87b5b
afd99010
afdac7c8
afdb6e33
afdc584c
afddde0c
afdec01d
afdfb39b
afe02437
afe1a986
afe224e0
afe3f64b
afe4a474
afe5f49b
afe61fc3
afe71580
afe8e297
afe97fc4
afea4a8d
afebffa9
afec00e5
afede3f1
afee2df2
afefdb2b
aff0a887
aff1c6e1
aff2f706
aff38afe
aff4e5c9
aff58604
aff6cec6
aff7d948
aff807c8
aff913c8
affaa616
affb3abb
affc8c54
affd19a6
affef67e
afff3c99
b000e4ff
b001447b
b002d8a9
b003c709
b004da11
b005eebd
b00659d8
b00771f4
b0084238
b0090a53
b00a2769
b00baff1
b00c2eab
b00dcc1f
b00ea915
b00fd777
b0106d52
b0117fe3
b0129989
b013a565
b0143152
b0156092
b0162921
b017f9c0
b01867c6
b019f157
b01a0ea2
b01b4c80
b01cad52
b01d68ce
b01effed
b01f72cb
b020efe5
b021aa7e
b0226fcf
b0231f55
b024a15d
b025778a
b0269171
b027f3a2
b0289666
b02965ae
b02ab309
b02b7c16
b02c64b0
b02d1cb7
b02e3c05
b02f32e3
b03033a5
b031adc6
b032aced
b033292a
b034c66f
b0357bec
b036adfc
b0372f55
b0381538
b0393a06
b03a8654
b03beab0
b03c2c17
b03ddb4e
b03eec18
b03fcdd6
b0407f23
b041d818
b042e5a9
b0433109
b044833d
b0456526
b0468a20
b04798c0
b04820d2
b04910f8
b04ab9fb
b04b2f77
b04c6e59
b04deab6
b04e33a2
b04fcaa1
b050798e
b0512e8d
b052a1b1
b0532ca1
b054f3f0
b0556e83
b056ccb4
b0579c9b
b058fe00
b059c54d
b05a805c
b05b8a46
b05c6f9c
b05d2e08
b05e0ca2
b05fe5f4
b060541b
b0619d63
b06207cf
b063e2fd
b064b3c2
b0655e58
b066df91
b067dd8f
b068969b
b06923cf
b06a14da
b06b8258
b06c4ba5
b06da443
b06ea3ac
b06f0046
b0708416
b0712217
b072f73a
b073efcc
b0742574
b075fede
b076514f
b077337a
b078f71f
b0799cf2
b07a5adc
b07b1a75
b07ce15d
b07ddc63
b07e39fe
b07f35e9
b080b5dd
b081a33f
b0822e16
b083a0fc
b084e559
b085f02b
b0862d78
b0877a37
b0880232
b0897a88
b08a8d6e
b08b5ce7
b08c4cd5
b08d87e5
b08ebf73
b08f2328
b090ff03
b0914c34
b09254c1
b093e39c
b09401a7
b0950db1
b096347c
b097d31c
b098efa0
b099da1a
b09aa791
b09bcb1c
b09c9ddd
b09d1478
b09e3d91
b09f1036
b0a05700
b0a1b8af
b0a23173
b0a329c5
b0a44d48
b0a5a80d
b0a6f648
b0a79f1a
b0a8384c
b0a9b71f
b0aa1516
b0ab9b12
b0ac15b3
b0adcd77
b0ae9c7e
b0af0719
b0b0639f
b0b15bde
b0b2e8fe
b0b39e3a
b0b4fa41
b0b50801
b0b61277
b0b70098
b0b8eb7d
b0b9ce72
b0baca3d
b0bb4a5b
b0bccb5e
b0bd5b8d
b0be9345
b0bf4627
b0c02123
b0c172e4
b0c23067
b0c3e113
b0c45ef6
b0c59883
b0c66bfa
b0c78341
b0c83138
b0c9e63f
b0ca0560
b0cb8bee
b0cc4a7b
b0cdd96c
b0ce7bfb
b0cf2a93
b0d046b4
b0d138b1
b0d25e80
b0d37059
b0d43986
b0d5bd39
b0d6f167
b0d70d0e
b0d8a495
b0d96aa0
b0daead9
b0dbe8b8
b0dc820b
b0ddc4d8
b0de748e
b0df2d14
b0e05bea
b0e1de75
b0e26651
b0e39ad9
b0e4c127
b0e5ec37
b0e6eb96
b0e7b603
b0e840cd
b0e9d4bd
b0eab357
b0eb91d6
b0ecaa91
b0ed5443
b0ee7817
b0efefd2
b0f03059
b0f193bd
b0f28795
b0f3e5b5
b0f4e1e6
b0f5a8bc
b0f6a2e6
b0f7a6f0
b0f83a89
b0f9bd1b
b0fad0d3
b0fb2fad
b0fc6eab
b0fd86f8
b0fe3cfa
b0ff602a
b100a079
b101473c
b1027de2
b1033bee
b104f3dc
b10584f2
b106a4d7
b10761ee
b10887dc
b10918db
b10a8069
b10b310d
b10ce21f
b10d8bcb
b10ead9a
b10f49b9
b1105625
b111043d
b11225e3
b11348af
b1143660
b115cf6e
b116f301
b11759f2
b11866ae
b1192200
b11ab1ec
b11bf28d
b11cd23d
b11de8fa
b11e2c77
b11fd816
b120dbe9
b1212700
b12230ce
b12343fe
b124b67d
b1258515
b1262585
b127b6f7
b12808f8
b1293fff
b12a4d62
b12b43a3
b12c4a1a
b12d969e
b12e558c
b12f075e
b13042d2
b131bada
b13221e3
b13338d4
b13471d0
b1355dbb
b1362eb5
b137ded6
b1382465
b139a9d0
b13a6ad7
b13bfbde
b13c135e
b13de61c
b13e7a0c
b13f11e4
b1403c40
b141d49b
b1425c61
b1430145
b144efc5
b145c0b0
b1467134
b147f513
b148b632
b14932a4
b14aed7b
b14b2785
b14c1537
b14d4186
b14e812e
b14f2b96
b150a35d
b151bca8
b1524dd3
b153f082
b1544184
b15532db
b156adce
b1574cb2
b158fb80
b159015e
b15a207a
b15b1c4a
b15c6894
b15ddfd1
b15ed787
b15fea56
b160790e
b161da9c
b162a6fc
b163ecc2
b164c46e
b165fcbf
b16618c4
b1678fa9
b168caf4
b1695861
b16a9f91
b16be664
b16c1206
b16d3bac
b16ec735
b16f07d0
b1703c42
b171d73c
b172d96e
b1732098
b1743b8c
b17549bd
b17637ae
b177f850
b178703c
b17909ae
b17a9ecd
b17b2952
b17c6e79
b17d6195
b17e0ac8
b17f4690
b1806b49
b181b6eb
b182fee9
b1833a96
b184dfbf
b18588f0
b18667ff
b1870a6a
b188465f
b1891cca
b18a72df
b18bd42d
b18c19f5
b18d1d23
b18e3062
b18faca0
b19072f4
b191405b
b192b43c
b1931f45
b1942056
b1957167
b19621be
b1979096
b198f3f7
b1996839
b19a479b
b19b4368
b19c63a9
b19ddc95
b19e34e6
b19f3bea
b1a0e240
b1a197da
b1a23592
b1a32f59
b1a4c9a5
b1a534d7
b1a68188
b1a798e4
b1a8c92d
b1a9640b
b1aad8e0
b1aba649
b1ac1b59
b1adec3b
b1ae08ca
b1af116c
b1b069d3
b1b1a0e7
b1b20e22
b1b32fce
b1b4aa36
b1b56a4d
b1b643f0
b1b78440
b1b8040e
b1b9efe8
b1bae863
b1bbaad1
b1bcf68e
b1bd3264
b1be3394
b1bff7a7
b1c0372d
b1c17669
b1c27297
b1c3830f
b1c4e667
b1c5eb73
b1c6badf
b1c7b5e1
b1c816cb
b1c9e390
b1ca9c14
b1cb9078
b1cc6f6a
b1cd6c9f
b1cef4ad
b1cfe7f5
b1d013e7
b1d161ad
b1d2d1ae
b1d31844
b1d40def
b1d5a0e0
b1d6a6a6
b1d74d4a
b1d811f7
b1d96845
b1da5b4b
b1dbddfb
b1dc3dfb
b1dd23a3
b1de25a8
b1dfb6f1
b1e01e9d
b1e117f9
b1e2b94c
b1e37acc
b1e4f4f1
b1e5544d
b1e655ac
b1e7de53
b1e883a0
b1e92777
b1ea28b4
b1eb26d0
b1ec09d7
b1ed4ebf
b1eece2a
b1efbce3
b1f01809
b1f1ab1e
b1f27d36
b1f3872e
b1f4db92
b1f5ef95
b1f66201
b1f7fe98
b1f88db3
b1f99a86
b1fadfe3
b1fb75c5
b1fc8a99
b1fdb799
b1fe9d53
b1ff20ae
b20026da
b201d3ba
b20256fb
b203c8a7
b2045c48
b205c95e
b2068e0a
b20714fc
b2083019
b2095659
b20ad29e
b20b9635
b20c1fb4
b20d3ded
b20e3f80
b20ff5fa
b210df42
b2117115
b21279a9
b213e81c
b214ad26
b2158541
b2160c22
b217b38b
b21850fc
b21973d7
b21aefbd
b21b7b38
b21c8cda
b21d3ea2
b21e37ce
b21fb352
b22017c5
b2218a7f
b222302d
b22341d8
b224c39a
b225a1fb
b226add3
b227d415
b2286627
b2295a73
b22a2bd7
b22b4a5e
b22c5cbc
b22d4773
b22ec9ba
b22fd3fb
b230a571
b2313aec
b23247b0
b233c6dd
b234555a
b23539b8
b2360de9
b2370f70
b2388cc0
b23954eb
b23a1389
b23b8c81
b23cf0a0
b23d94f7
b23e92f1
b23f46c5
b240cb08
b241082d
b24255e1
b243dd3d
b244e970
b245f6db
b246c4ea
b247a56f
b248880b
b2495985
b24a3647
b24bb6d7
b24c314e
b24d3d8d
b24ec058
b24f8483
b250b11b
b2516d3b
b25255d7
b253c47b
b2543d98
b2556af9
b2566a3a
b2575255
b2589be8
b25935fc
b25a6709
b25b9f45
b25cd317
b25d9aa4
b25e069b
b25fc637
b260cbef
b261db8e
b26281ad
b263f0a6
b2640f9c
b265ea03
b2662783
b267f59d
b26856eb
b2694d53
b26ae0d5
b26b260a
b26c0c33
b26d6ace
b26e1e4c
b26fc575
b270b02f
b27100d3
b272b06e
b273bffc
b27422af
b275ebcc
b276bc44
b277e71a
b27897c8
b279d672
b27a8732
b27bae70
b27c6dcc
b27d2134
b27e4ab9
b27ff7c1
b2807c47
b281d807
b282fc2f
b283f27c
b284f9f4
b285af5d
b28635b0
b2874937
b288ab9b
b2896bb3
b28aaaf0
b28b6959
b28c600b
b28d8b82
b28ea697
b28f17b8
b2902e99
b2919a43
b292d08f
b29335f0
b294ce7f
b295c9b2
b2966363
b297dac9
b2981bfa
b2998a44
b29a10f0
b29bc512
b29cda68
b29d1286
b29e6bf5
b29f5a80
b2a0eace
b2a16d20
b2a2536a
b2a38424
b2a47bf9
b2a5a957
b2a6b024
b2a7286f
b2a8e490
b2a9b14a
b2aa5a15
b2abb38b
b2acd981
b2adafee
b2ae7cde
b2afa938
b2b09228
b2b12fa1
b2b29368
b2b31c07
b2b4136a
b2b518ed
b2b6f3e3
b2b7e93c
b2b8164e
b2b98bbf
b2ba2131
b2bb68d6
b2bc27fb
b2bdf744
b2be25d8
b2bf5af1
b2c08653
b2c1a77f
b2c2ae44
b2c3ab6b
b2c49464
b2c5a870
b2c6eaf4
b2c7b039
b2c84817
b2c93293
b2caf571
b2cb32bf
b2cc57d0
b2cdbf4d
b2ceba31
b2cfe92d
b2d0d801
b2d1de90
b2d2e4e2
b2d3b2c0
b2d4525d
b2d50212
b2d68059
b2d71f84
b2d8e5ea
b2d916ff
b2da1393
b2dbc24f
b2dc64e1
b2dd3c01
b2de2cab
b2df5b59
b2e09526
b2e1e9c0
b2e21edb
b2e391b5
b2e4a59f
b2e58bcc
b2e686f7
b2e7e662
b2e8e7d9
b2e9a1dd
b2eab940
b2ebbdb8
b2ec6bfc
b2ed39c0
b2eec6fd
b2ef3a63
b2f0b564
b2f15f7a
b2f29b35
b2f35285
b2f4365d
b2f52c61
b2f62dbc
b2f744a6
b2f80b25
b2f9c289
b2fa0766
b2fbc384
b2fcff61
b2fd9690
b2fe8964
b2fff2ca
b300246b
b3012e59
b30281b3
b303dc81
b304777c
b305c7f6
b306e262
b307cca3
b30814d8
b309d468
b30af60c
b30bb1b2
b30c480c
b30df3dd
b30e9bae
b30f17ca
b310eb22
b31117c5
b3125106
b313c652
b314afbe
b3156175
b3163f1b
b31726f0
b318c63d
b3194018
b31a0f4e
b31bd3d1
b31ce166
b31de7aa
b31ed429
b31fe746
b32080b3
b32195b7
b322b471
b3233229
b324ad5a
b325c4f4
b3263e03
b32705fa
b328c6de
b329b02c
b32aac26
b32b502e
b32c81bd
b32d0e95
b32e6944
b32fa863
b3301449
b3310be8
b332ec5c
b3339903
b33453db
b335a361
b33650e5
b337904e
b3381c0d
b3396589
b33a53fc
b33bd1c6
b33caf34
b33dc237
b33eb24b
b33f5afc
b340a1b1
b341d86d
b34210de
b343ec6f
b34486c8
b3453021
b346b514
b347715d
b348685e
b349e7a5
b34adb13
b34b5151
b34c5e05
b34d7ee5
b34e3fa5
b34f976a
b35046f3
b351bd69
b3527055
b3530418
b354d1c8
b355a7e9
b356eb4e
b3571cc5
b3588364
b3595665
b35a8953
b35b69be
b35ce1f2
b35d6aae
b35e9773
b35f960e
b3608ffe
b3610df9
b362c4d9
b3639c5a
b364b689
b3659985
b3668882
b3679fdf
b368e4b7
b369f9aa
b36aff3e
b36b884c
b36c7f68
b36de4d3
b36eb35f
b36f8a93
b37026ab
b3717138
b3728750
b37324c8
b3743185
b375d153
b376e7e8
b3771cd5
b3788fa8
b3793b5c
b37a1f75
b37bc953
b37caea1
b37dbb06
b37e15b5
b37f53e3
b38084d8
b38157fe
b382453e
b383f4fa
b384be4e
b3854e6c
b3868478
b3877427
b388f168
b389870e
b38a6f66
b38ba788
b38cfc05
b38d804c
b38e0335
b38ff4a2
b390dc3c
b39171ce
b392a064
b3938e0b
b39423fb
b395bcff
b3961f37
b397a5bc
b39898a4
b3991fd0
b39a8b7f
b39bf7a4
b39cf841
b39daa72
b39ec7d4
b39f6529
b3a03850
b3a11533
b3a277b0
b3a3346e
b3a42ada
b3a55c1d
b3a6eeb7
b3a7ed31
b3a896bf
b3a9320b
b3aa81a5
b3ab473e
b3acfe6c
b3ad63de
b3ae29a0
b3af9307
b3b0f876
b3b13a8c
b3b2e6a1
b3b3f511
b3b4ad41
b3b5b2db
b3b66af3
b3b7fbad
b3b8df76
b3b96178
b3baa57f
b3bb0db0
b3bc8220
b3bdaa47
b3bed750
b3bfda0d
b3c02043
b3c12c53
b3c27a35
b3c36101
b3c419fa
b3c5df61
b3c6ce6f
b3c77565
b3c8c337
b3c914fe
b3ca27fa
b3cbbd2e
b3ccf966
b3cd4810
b3ce83ba
b3cfb3a7
b3d0ac69
b3d18997
b3d20968
b3d3dbf1
b3d44436
b3d51319
b3d61abd
b3d7b663
b3d80632
b3d9c6ce
b3da03fc
b3db8818
b3dcd23d
b3ddd528
b3de3766
b3dfadde
b3e07722
b3e197c4
b3e23e2a
b3e36b1c
b3e4b835
b3e57d34
b3e6faff
b3e731f9
b3e8e037
b3e921d4
b3ead6cc
b3eba74d
b3ecfe76
b3ed231e
b3ee1455
b3ef96d4
b3f071a1
b3f15ca4
b3f2d278
b3f3b026
b3f41f4e
b3f5f4e1
b3f611f6
b3f779ba
b3f82882
b3f953ee
b3fa6009
b3fb6b13
b3fc0e0a
b3fdbb97
b3fedc66
b3ffa8fc
b40038a9
b401a83c
b4028f47
b40356cd
b40456ff
b4051cc0
b406fb20
b4075658
b4086d7d
b4092897
b40a1b00
b40b5912
b40cd15b
b40d3c4b
b40e4cb3
b40f6b3c
b4100579
b41163d1
b4122ecb
b413b622
b41411bf
b415830c
b41670a6
b4170901
b4184986
b419463d
b41a21c5
b41b4a3c
b41c8a31
b41da726
b41e234b
b41fbb6e
b420010e
b4219608
b42221c6
b4234c8d
b4248f73
b4252214
b4261b92
b427250c
b428e8ce
b4296e45
b42a19db
b42bfa12
b42ca397
b42de73b
b42ea2e9
b42f300e
b43094a4
b4311709
b43238fd
b433b6a1
b4345d11
b435fdc4
b436457a
b437482c
b438c122
b439a882
b43a85fe
b43b32c5
b43c5edb
b43da196
b43e7b74
b43fc68a
b440494a
b4410744
b4422f75
b4434af1
b444612c
b4457672
b446a10b
b447657c
b448940e
b4493f71
b44a9619
b44bf9ec
b44cf102
b44d1d67
b44ebc65
b44f6167
b450870a
b451640a
b452e517
b45310e7
b4542d65
b45543f9
b456e574
b4573e56
b45868bc
b4595729
b45a0555
b45b73cb
b45ce5a5
b45d47c2
b45e91e2
b45ff746
b4602e2d
b461b76a
b462412f
b4635721
b46487dd
b465be22
b4661d13
b467c21f
b46813c0
b469105e
b46a7b76
b46b244f
b46c41b7
b46df9c3
b46ea469
b46f8628
b470cba5
b47112fd
b472db62
b4739433
b474554e
b475a724
b476d15f
b477d08e
b4783a7e
b479aaa3
b47ac9d8
b47b6073
b47ca30b
b47dcecf
b47ec925
b47fdaa6
b4800c37
b481bc99
b482e599
b483d3ca
b484c819
b48588d9
b486ba5d
b4876fa1
b4886d26
b489f68f
b48a5f48
b48b7d35
b48c2efc
b48d1d46
b48ef176
b48fe4d9
b490c7d2
b49195ad
b492f45c
b493535c
b494e906
b495f84f
b496e148
b4977e24
b4987e62
b49988ac
b49a690f
b49b86f8
b49c02a0
b49df5bc
b49ec749
b49f84a7
b4a0e589
b4a199e7
b4a2341c
b4a30d4f
b4a4f7c4
b4a59aaf
b4a67be6
b4a7fb89
b4a805c5
b4a9a774
b4aaa528
b4abeae5
b4ac5ae7
b4ad8fb5
b4ae9599
b4afaec7
b4b0c2dc
b4b16e22
b4b278a2
b4b39fa8
b4b4a270
b4b57503
b4b64496
b4b7e973
b4b877d2
b4b9e832
b4ba8c07
b4bb3e6a
b4bc5ab4
b4bd7580
b4bea58d
b4bf6c42
b4c0429a
b4c102ad
b4c2780c
b4c3ad7a
b4c402fb
b4c5054b
b4c61823
b4c7987e
b4c8a25a
b4c9cc5b
b4caf70f
b4cb985b
b4cc915b
b4cd24d7
b4ce2ca6
b4cf96ef
b4d0cc37
b4d1ec69
b4d2d693
b4d326a3
b4d447c9
b4d59d05
b4d638bb
b4d7b83d
b4d8782e
b4d9130d
b4da69b2
b4db5a43
b4dc3a5b
b4dd6daa
b4de70b6
b4df00d9
b4e0acb8
b4e111e7
b4e20619
b4e357c3
b4e46eea
b4e5b8cd
b4e65494
b4e7cb9e
b4e889f1
b4e91d60
b4eabf21
b4eb161c
b4ec18ea
b4ed5754
b4eea206
b4ef659c
b4f0f686
b4f1fa74
b4f259bf
b4f3738d
b4f46891
b4f5e2c6
b4f6dc2d
b4f7cb92
b4f899e8
b4f9db80
b4fa9032
b4fb9604
b4fc81d9
b4fd358d
b4fec6ec
b4ffab80
b5005213
b501bfb9
b50255cc
b50363d0
b504d0e5
b5058a3c
b5061c58
b5073343
b508350a
b509a862
b50a18df
b50b167f
b50c142b
b50d4ad5
b50ef0a3
b50f0480
b510f7f2
b5116f7f
b5124b61
b513c052
b5148ec5
b515fbe7
b5164c9e
b5176275
b5182f9d
b519d783
b51a22a3
b51b9f66
b51c33de
b51d5df2
b51e1e52
b51f85fa
b520407f
b5210f64
b522fc30
b523c43d
b524d734
b5253d02
b526481c
b52787d5
b5286de4
b5296fae
b52a4ca1
b52bc681
b52c5ced
b52d4360
b52efa3c
b52fca52
b530642d
b531c81a
b5322874
b5337393
b534f318
b535c274
b5369172
b537e27c
b5389dc8
b5393400
b53a8b86
b53b0b80
b53c28ea
b53d7591
b53ee289
b53f96d9
b54013fd
b5410de7
b5422cda
b54399c5
b544221a
b545a2f9
b546ad2a
b5474b1e
b548b547
b5490034
b54a2be7
b54b7824
b54cc0df
b54d9c33
b54e66d3
b54ff355
b550a302
b551a852
b5524c70
b5538417
b554beca
b5550143
b5564383
b557d6c4
b55848cc
b5590f8d
b55a174f
b55bb06e
b55cf3f6
b55da35a
b55e66be
b55f42a2
b560c9f9
b561b166
b5629bc9
b563140a
b564ae4c
b5658544
b566df78
b567da38
b5685931
b569a987
b56afe65
b56b2287
b56ce96e
b56d8a04
b56e722a
b56f053e
b570d372
b5710519
b572c5cf
b5739b20
b574b45a
b5755f80
b5763111
b5779a9d
b5789eab
b5799709
b57afdca
b57b2e62
b57cb997
b57d5008
b57e1752
b57f3004
b5808b34
b581c83d
b582181d
b5835cc1
b584272a
b5850082
b58600d7
b5872fb0
b5882e95
b58901a8
b58aba31
b58b9b89
b58c1c1b
b58dd1c4
b58e1ebf
b58fc923
b590a231
b59159b7
b5927856
b593ae4c
b5942c8c
b595b15f
b596fb44
b5976462
b59856c1
b599a480
b59afda3
b59bb049
b59c4454
b59de88f
b59eb7d3
b59f59fc
b5a0a070
b5a1e318
b5a2dd3e
b5a378ee
b5a4df05
b5a5e575
b5a605aa
b5a760c5
b5a82874
b5a955bf
b5aa8947
b5ab47c5
b5ac106a
b5adae3f
b5aede20
b5af66cb
b5b0037c
b5b14633
b5b2e58d
b5b314cd
b5b4aecc
b5b5c2d8
b5b6739b
b5b781b6
b5b82e69
b5b99f9a
b5ba552b
b5bbfa12
b5bc6907
b5bdffa9
b5be8f09
b5bfdcdf
b5c0849d
b5c1ca44
b5c226a2
b5c3911b
b5c45918
b5c5ab50
b5c62328
b5c77473
b5c8121a
b5c90c99
b5cad1e8
b5cbdbd5
b5cc89e1
b5cd1f90
b5ce3605
b5cf6bce
b5d0f6f9
b5d1b8ec
b5d2da0b
b5d3eac4
b5d4c226
b5d572b0
b5d62ff0
b5d71636
b5d811dd
b5d97342
b5da9164
b5dbfa5f
b5dc70ab
b5dd9c89
b5decb04
b5df7991
b5e0c83c
b5e14ab9
b5e2396f
b5e3f525
b5e4449a
b5e57f5f
b5e6af56
b5e7a259
b5e83180
b5e993c5
b5ea5145
b5eb8897
b5ec1851
b5ed2317
b5eebd56
b5efa29b
b5f05114
b5f1ca22
b5f2ae08
b5f3ae02
b5f4b6d9
b5f5a505
b5f670e0
b5f7c4fe
b5f80d48
b5f9b00d
b5facf64
b5fb9341
b5fc90df
b5fd7430
b5fe5715
b5ff56ca
b60040d6
b6017a02
b602a28d
b60377d2
b6042386
b6052255
b6068e83
b6075c29
b6083202
b609e1e7
b60af6ac
b60b1f33
b60c3d1b
b60da447
b60e6349
b60ffedc
b610b427
b611b803
b612f76f
b613e293
b614be4c
b615185c
b616c280
b6178220
b6182932
b6195320
b61ad618
b61bd528
b61cb804
b61dcb7a
b61eb532
b61f501a
b6207d1c
b621d3c0
b622f20e
b6232b4d
b6244a85
b6251e65
b626f735
b6279dfa
b628f1d6
b6295e80
b62a0a2e
b62b5c47
b62cb9ea
b62dcca5
b62ecfa0
b62f4bf6
b630ffab
b6310d88
b6321387
b63306db
b634587f
b63572cc
b63672ed
b6373bf3
b6389806
b6391844
b63a8964
b63b22c0
b63cad4b
b63d6a8b
b63e1d2a
b63f89ff
b640ad7d
b641b72e
b6420af0
b64322e4
b644dbf2
b64548fa
b64683f1
b6477d3a
b6485bc6
b6495c09
b64af71c
b64ba03e
b64c33b7
b64deccb
b64e87af
b64fd189
b65013e6
b651cf79
b652e2f7
b653cdde
b654d648
b65518fe
b65684b2
b6570f9c
b658d3d2
b65946d3
b65adf03
b65b0afd
b65c8d2f
b65dd546
b65e04c3
b65f74cb
b66009da
b6619037
b6629a85
b663b959
b66424ec
b665a564
b6664015
b667c581
b668fe4e
b6694492
b66ae31a
b66b7a97
b66cd9a3
b66df5c6
b66ee5ce
b66f99cc
b6703a38
b6719f2f
b6723d60
b6732489
b674396b
b6757643
b67653d4
b677a1e0
b678465e
b6796fd9
b67a8f07
b67b853f
b67c150b
b67d0805
b67e7b37
b67fd75a
b68016d0
b681ed92
b682734e
b683f8ef
b684396c
b68570a6
b686e66b
b687640b
b6881e2a
b6892b59
b68a5aae
b68b267c
b68ca304
b68d4639
b68eb5b9
b68f8669
b6900040
b6916bf2
b692d09f
b693e71d
b6944442
b6951f99
b6968c20
b6974160
b698d497
b6995534
b69a0f83
b69b9b21
b69c0bdd
b69d76c2
b69e47da
b69f6765
b6a0324d
b6a10629
b6a2b7e6
b6a361a1
b6a4805d
b6a59422
b6a60c62
b6a7967b
b6a8e353
b6a99af2
b6aaf61a
b6ab66f9
b6ac368b
b6adea0c
b6ae9e50
b6af79ad
b6b057bd
b6b1a1c3
b6b2c9e8
b6b354f2
b6b4fffe
b6b58746
b6b60c57
b6b70c4c
b6b8ca63
b6b923b8
b6baea1d
b6bbc178
b6bc3439
b6bddf43
b6be85e0
b6bf9ae6
b6c03863
b6c1d88b
b6c2b00f
b6c3debc
b6c41fa1
b6c5574d
b6c6dff9
b6c7fc48
b6c87ef5
b6c9fc07
b6ca21f1
b6cb1fdb
b6cca874
b6cd9d4f
b6cee1d8
b6cfcc7c
b6d07964
b6d13752
b6d24ee1
b6d3120a
b6d410c4
b6d542ad
b6d65787
b6d7a26c
b6d8a797
b6d9cae6
b6da655e
b6dbf686
b6dc6b32
b6dd489c
b6de9005
b6dff577
b6e0a400
b6e112d6
b6e235f5
b6e34bd2
b6e48e47
b6e5de96
b6e61b94
b6e74fe1
b6e801b8
b6e9278b
b6ea542d
b6eb6dbc
b6ecb021
b6edbe1c
b6ee1409
b6efe023
b6f0e148
b6f11e3c
b6f27933
b6f39cd7
b6f45f8e
b6f5f583
b6f6649d
b6f7748b
b6f8e3ca
b6f97142
b6fad3b1
b6fbde52
b6fc10b6
b6fdcd0e
b6fe912a
b6ff630f
b7002159
b701a7ef
b7029017
b7034c65
b704d7ac
b705ceae
b706a388
b7073738
b708d683
b709362b
b70adedd
b70be12a
b70c12c8
b70dcf42
b70e4600
b70f8db8
b710d1a1
b71163fa
b7126466
b7135479
b714ae60
b715ff44
b716451c
b7175cc5
b71862c8
b719f580
b71a390d
b71bb80a
b71ca5cf
b71d5af3
b71e587d
b71f1273
b720fefa
b7212061
b72277d9
b7231e58
b724b361
b725ebd7
b72634c8
b7272914
b7285436
b7292f1f
b72af377
b72b9ce9
b72c7f0b
b72d043a
b72eafa7
b72ffc90
b730ee98
b731d38d
b7323885
b733ddd0
b73433b0
b7358194
b736cc67
b7377242
b7388869
b739f8ea
b73ad242
b73b42b8
b73c738d
b73d2fb2
b73e54f5
b73fda0a
b740ab96
b741556a
b74295e5
b743a71e
b744af48
b745d32f
b7460011
b7479764
b7481d7d
b7497c0a
b74a60c1
b74b5abc
b74c5b54
b74d0f1b
b74e4909
b74f4fc4
b75072aa
b751a084
b75215b9
b753a6a4
b7540893
b755ac92
b7560a12
b75714ba
b758b39f
b7596659
b75a5abd
b75b094b
b75c3965
b75df8ec
b75e520d
b75f4a99
b760c387
b761aabc
b7627b80
b763ec0e
b764d883
b765762d
b76659ef
b767819c
b768ea6e
b7693492
b76a1358
b76b4984
b76c17df
b76d62e9
b76edf80
b76f359f
b770b650
b771e2c0
b7726862
b77301cb
b774ec37
b7754d53
b7765b64
b7778bbb
b7787dd7
b779b017
b77a500f
b77bf999
b77c6d1d
b77d8000
b77e530e
b77f984d
b780f1cb
b7813916
b782cc91
b7832c1c
b7842195
b785b422
b786da50
b78710c7
b788a69e
b7893581
b78a361d
b78bc42a
b78c48c3
b78dd449
b78eafe6
b78ff1bd
b790edb2
b7911ff6
b792ec04
b7935a35
b794aa1d
b795b9bb
b7968231
b7975fb8
b7984985
b799349a
b79af78c
b79b18a1
b79cf732
b79d629a
b79e807e
b79ff754
b7a04550
b7a1a8b4
b7a223d5
b7a35402
b7a42641
b7a56db7
b7a6cb7c
b7a7c6a5
b7a881af
b7a9deaa
b7aa3e33
b7ab8907
b7ac63f1
b7ad8d3e
b7ae7c98
b7afeb37
b7b0f0a1
b7b151ba
b7b2d714
b7b32c5e
b7b4c5a8
b7b50316
b7b65255
b7b79650
b7b84c59
b7b9affe
b7ba04d2
b7bbb6b7
b7bcbfae
b7bd81cc
b7becef1
b7bf27d0
b7c0c6c3
b7c1073a
b7c21165
b7c33045
b7c4db64
b7c5379f
b7c6d33c
b7c74afe
b7c8ec7c
b7c96484
b7ca7f87
b7cb4852
b7cca02a
b7cd39c0
b7ce6443
b7cf0406
b7d00dad
b7d1f03c
b7d2c169
b7d38c81
b7d40141
b7d5796a
b7d69f7d
b7d772f7
b7d80fee
b7d9ef6c
b7da1313
b7dbd5d1
b7dc6c0f
b7dd6850
b7def554
b7dfec6e
b7e0dc8e
b7e1d04c
b7e27f1d
b7e3eaba
b7e47434
b7e53f43
b7e6644e
b7e718ce
b7e88684
b7e9de33
b7eae418
b7eb0324
b7ec569d
b7ede117
b7ee3fed
b7ef7aa8
b7f0bd07
b7f18ebd
b7f20d6b
b7f3a2dd
b7f4992e
b7f5ba6b
b7f6a228
b7f74870
b7f82bb2
b7f954bb
b7fa2532
b7fb0535
b7fc6488
b7fdc146
b7fecbdb
b7fff8c0
b800ef18
b801a378
b8023631
b803707a
b80414cc
b805e4a5
b8069425
b8073f41
b8083f3b
b809557e
b80aa6c8
b80bbdc5
b80ce7da
b80db113
b80e7980
b80fa054
b8104833
b811a98e
b812cd6a
b81373f6
b814d8dd
b815eec2
b8161975
b8178164
b8184d0e
b819037c
b81a89aa
b81bbcdd
b81c97f9
b81d3c13
b81e1f1f
b81f479e
b820c3f0
b82107fa
b822fd4f
b8230676
b82449e6
b8254de9
b826dc8f
b8271550
b828637b
b82962e3
b82ab437
b82b9e96
b82ce27b
b82d9817
b82e1d88
b82f2e68
b830fdd8
b83184dc
b832c06c
b833b38d
b83436a3
b83550c2
b836f386
b8370a71
b8381542
b839d8f0
b83a3c35
b83bf3fd
b83c2127
b83da1ee
b83e47e2
b83fec95
b8406eab
b8412936
b842900a
b8433fb9
b844201f
b84563ce
b8462fc1
b847bfff
b8487b6c
b8492a23
b84aa3ee
b84b0e96
b84c5ad6
b84d4cfd
b84e7e71
b84f91b0
b85085c9
b851820c
b8521dfa
b853844b
b8545692
b8550f39
b8561781
b8574e6a
b8582e40
b8598acc
b85aab84
b85bd0de
b85ca342
b85d8dcf
b85e3715
b85f8fde
b8607d44
b861485b
b8629c16
b863b075
b864f34d
b8651780
b866790a
b8671933
b86865e5
b869e006
b86aee30
b86b80e2
b86ce45b
b86d35a9
b86e1d08
b86ff988
b870e820
b871856a
b8725735
b873cce0
b87418c8
b875957a
b8761b68
b877fcb4
b8788fa7
b879f9f6
b87ace29
b87bbb13
b87c319f
b87d1298
b87e79a4
b87f76c6
b88082e5
b8817992
b882a097
b88365f6
b884cf62
b885d8a4
b886272d
b887128e
b888ecf2
b889187b
b88a45a6
b88b62e8
b88cd35a
b88d4322
b88ee639
b88f917e
b890a878
b8919245
b89223d5
b89332c0
b8945312
b8952c29
b8968f44
b897c657
b89801e3
b8995eb5
b89a69b2
b89bdceb
b89c1c53
b89d0b4d
b89eb487
b89f1c09
b8a00851
b8a1e3f6
b8a262db
b8a3562f
b8a4c598
b8a57643
b8a63461
b8a7dabe
b8a8b6ff
b8a9bbb5
b8aa2a73
b8ab2177
b8acf842
b8ad19c6
b8ae2a13
b8af5e97
b8b0df25
b8b14282
b8b27515
b8b3879a
b8b4e417
b8b5fa89
b8b6af7c
b8b7d3f1
b8b826e0
b8b9dab1
b8ba5857
b8bb14aa
b8bcc265
b8bdcdba
b8be96d9
b8bf850e
b8c0f3a7
b8c171e1
b8c22303
b8c308c5
b8c4b426
b8c5482f
b8c638cf
b8c78163
b8c816bc
b8c9a165
b8ca5d26
b8cb7a30
b8cc15e9
b8cd4073
b8ce0027
b8cf4194
b8d04a47
b8d1116b
b8d21583
b8d36af4
b8d488b1
b8d58aa4
b8d6b381
b8d74706
b8d871f8
b8d94f6e
b8da35ff
b8dbd492
b8dc8ee8
b8dd5464
b8dee848
b8dfc36f
b8e0d935
b8e1a106
b8e200a6
b8e385ca
b8e434e0
b8e5f202
b8e62532
b8e7a509
b8e8fb56
b8e9c0fc
b8ea3b94
b8eb626f
b8ec60ff
b8ed9e4f
b8eebd3f
b8efbe25
b8f0de4f
b8f1c1c9
b8f205bf
b8f3c191
b8f4fed1
b8f54d2b
b8f651ca
b8f72dd0
b8f8cdc3
b8f9b95b
b8fa020c
b8fb0ed1
b8fcf793
b8fd3fd1
b8febbe6
b8ffa042
b900599e
b901868d
b90299c8
b9030644
b9040c73
b9052874
b9060315
b907ac6e
b908e4d8
b909f44e
b90a8184
b90b205f
b90cfadd
b90d4f7e
b90e93c5
b90fc21c
b91037ee
b911525a
b912d876
b9137738
b9142cf4
b915d766
b9161b47
b917c805
b918d58c
b919e536
b91a6d34
b91b6181
b91c0779
b91d4e7e
b91e881c
b91f5332
b9202978
b921da33
b9220383
b923368c
b9242045
b925c028
b9263137
b927a9c6
b9282fb7
b9291f86
b92ab8d4
b92b25d4
b92c6b7a
b92de93a
b92e4694
b92f58f1
b930a5c2
b931606b
b9320629
b9333b92
b9340e48
b9352823
b9368206
b9371563
b93825b2
b939cb3d
b93ab01a
b93b3e9a
b93cd15b
b93dd7d7
b93ec219
b93f67db
b940b63b
b941af44
b942736e
b943b89b
b94416f3
b9451338
b946bfa4
b947a89b
b948795a
b9491913
b94a79e2
b94b029a
b94c6950
b94d612b
b94eb4a8
b94f4647
b950d087
b9518848
b95291e1
b953165f
b9545675
b955f533
b956977c
b957cfbc
b95881aa
b9592ea4
b95aeea7
b95bf4f1
b95c9507
b95d622e
b95e1bb4
b95f79ab
b960e792
b961e114
b9627d3a
b9631255
b9648ecf
b965b069
b966ad2d
b9679bee
b96893ab
b96969b3
b96a8d09
b96b5cfa
b96cbeb5
b96dcd22
b96ed89c
b96fc22f
b9702b47
b971299e
b97272d3
b97373d8
b974f7de
b975ea9f
b9765bbc
b9772b53
b978a81a
b979f5b4
b97ab8e3
b97b520c
b97cce2a
b97d1260
b97ebd8d
b97f4cf8
b9809fcb
b98151ea
b982e555
b9831046
b984e512
b9854f9a
b986355b
b9878bbd
b9886b29
b98977d7
b98a05e1
b98bfdea
b98cc4ce
b98d838f
b98e94e7
b98f9f97
b990fd12
b99143cb
b9921671
b9939e76
b994daa0
b995160e
b9969f91
b9976bf9
b9985b0e
b9999eaf
b99a64fb
b99beb90
b99cfcfa
b99de359
b99e633c
b99f9936
b9a0b067
b9a18533
b9a2edbc
b9a36ad1
b9a48af3
b9a5bd7f
b9a6bf24
b9a7fb06
b9a824ed
b9a937cf
b9aa6445
b9ab6442
b9ac08b5
b9ad1c17
b9aeca0e
b9afbb04
b9b0f14d
b9b10330
b9b29baf
b9b3edfa
b9b4e3d0
b9b5eb2d
b9b6fd22
b9b70eee
b9b88240
b9b9fc1c
b9baa1a9
b9bb9da8
b9bcca86
b9bd375d
b9bec5c7
b9bf94d2
b9c08f93
b9c17bb4
b9c231f1
b9c3a797
b9c4d1e6
b9c5c930
b9c6b275
b9c76615
b9c8875d
b9c9e0fc
b9caa1f5
b9cbc5b6
b9ccebb8
b9cd2368
b9ce3586
b9cf9b54
b9d06c7e
b9d176e1
b9d267d4
b9d33554
b9d477a3
b9d50a1c
b9d6a6e4
b9d7e82a
b9d8e032
b9d9342b
b9da2505
b9dbdaaf
b9dc37e2
b9dd7523
b9debd89
b9df264b
b9e095c1
b9e12d52
b9e28355
b9e3afe5
b9e4a1e2
b9e586a9
b9e6c639
b9e7430c
b9e8d9c4
b9e9fe38
b9ea7461
b9ebdd3f
b9ec46f5
b9ed4159
b9ee6708
b9efa857
b9f0a969
b9f16945
b9f26dd3
b9f32bf8
b9f4e05f
b9f5d3fd
b9f6b592
b9f71e9d
b9f89e07
b9f9bf39
b9fa5e34
b9fb771b
b9fc5601
b9fdbb47
b9fee926
b9ff33fb
ba00ec94
ba012f50
ba020571
ba0389d1
ba043166
ba05ebba
ba065447
ba07b87d
ba08f16c
ba09de7d
ba0a9819
ba0b1047
ba0c1822
ba0dcc62
ba0e818d
ba0f92b9
ba10a08b
ba11ac1b
ba128f3d
ba13ead5
ba14d078
ba15a7f4
ba169b46
ba17db48
ba186597
ba19e37a
ba1a33a4
ba1be398
ba1c9541
ba1ddbe5
ba1e3a20
ba1fddfd
ba209cee
ba2187b8
ba22e68b
ba23f0ef
ba24b2fd
ba25e818
ba26edb2
ba27f5eb
ba28d6ce
ba296b18
ba2aa12c
ba2b12a9
ba2c53c8
ba2deca4
ba2ec552
ba2f6fa3
ba300530
ba31470b
ba3228b1
ba332c10
ba34a3f8
ba35ab32
ba367d9a
ba3764ef
ba381929
ba394abf
ba3ae957
ba3b1c94
ba3cfda6
ba3d08bd
ba3ee276
ba3fcc9a
ba40364d
ba4178ff
ba425cd2
ba433721
ba445f9a
ba45f52c
ba468e24
ba476c7f
ba488f61
ba49d5fc
ba4ab846
ba4b61be
ba4c494e
ba4dc124
ba4e0632
ba4f110a
ba500f7f
ba51cc7f
ba52324a
ba530981
ba54290a
ba55c183
ba56a7d3
ba57592e
ba580b43
ba59a4f0
ba5ab3a1
ba5bdfa3
ba5c837d
ba5d289c
ba5ec6d6
ba5f80a2
ba607037
ba613331
ba622df7
ba635ac0
ba6469ec
ba65117d
ba6665c6
ba675235
ba68220f
ba699592
ba6a8ae2
ba6bc239
ba6c4766
ba6dcdf3
ba6ef922
ba6f804d
ba70e9a6
ba710ac0
ba722ad8
ba73d927
ba74971e
ba75aafb
ba760c16
ba77241d
ba78c0b4
ba7925d9
ba7a44a1
ba7ba651
ba7c86cf
ba7d3764
ba7e0538
ba7fe988
ba80fa5f
ba813842
ba82532b
ba83525b
ba84100b
ba851c90
ba86c7a2
ba8753bd
ba886989
ba893bde
ba8ae5b0
ba8b035b
ba8c5dd5
ba8d03e3
ba8ecbe6
ba8f589b
ba904ffe
ba91a7b5
ba9278ab
ba93e6b6
ba94b733
ba95956f
ba9649f6
ba97b377
ba98f37e
ba99c403
ba9afec0
ba9b1e11
ba9cf6a8
ba9d409c
ba9e4ac1
ba9f360b
baa04772
baa15e79
baa29f81
baa3aab0
baa4015f
baa5f62f
baa6efc4
baa7cd25
baa8414e
baa90150
baaa317f
baab2d3d
baacfd07
baad056a
baae7ace
baaf8148
bab02d77
bab1d643
bab2803b
bab33ea5
bab48696
bab54b6a
bab6c413
bab7713d
bab83fb8
bab9ee41
baba2575
babba291
babc939a
babdc16c
babeb880
babff212
bac0da35
bac1d2f1
bac2e4e0
bac37f17
bac418bc
bac5b80f
bac68acd
bac79487
bac8bb19
bac9da5b
baca4838
bacbe26a
baccce88
bacdfdcb
bace0728
bacfd9e8
bad0a5de
bad1447d
bad29b84
bad3f267
bad464e6
bad59298
bad69345
bad7a9ac
bad8081e
bad9c15c
badaec87
badb84be
badca6f9
badd2bc0
badee4ee
badf5032
bae03d0d
bae1bf9a
bae2b8f8
bae3e96c
bae4ca78
bae50893
bae65649
bae71d1b
bae80053
bae9efcc
baeab8bd
baeb0b91
baec9e8b
baedc263
baeecf47
baef9265
baf0cde2
baf17cb2
baf2a0d1
baf3c2ab
baf4cdb6
baf58eb4
baf6f900
baf75c22
baf86b0a
baf97d3e
bafa859e
bafbb5df
bafcd8b4
bafd1ec0
bafe6c58
baff1421
bb008c0c
bb014b72
bb029f34
bb03ca5a
bb049f1b
bb05df37
bb0603cb
bb071b95
bb086abf
bb0933a6
bb0af96e
bb0b1a57
bb0c3abe
bb0d065e
bb0ea2eb
bb0f3fb6
bb103f02
bb113fc8
bb12afbf
bb1371ec
bb14f5ab
bb152b0f
bb169f32
bb176cd4
bb18925e
bb195258
bb1a91c1
bb1bea9f
bb1cb961
bb1d483a
bb1e6ec1
bb1f001f
bb20f13c
bb21b536
bb225625
bb23a23d
bb24579a
bb25fc77
bb26f381
bb2788eb
bb285469
bb298e9a
bb2a4219
bb2be8c3
bb2c4cd3
bb2de06e
bb2efdab
bb2f6d11
bb30bb3c
bb31d0ec
bb32f4f8
bb33885c
bb34c454
bb35df15
bb369a2a
bb370024
bb3835a4
bb394225
bb3a5427
bb3b1d92
bb3c4a26
bb3daa43
bb3ec8b3
bb3fa762
bb40c86b
bb414fbe
bb421656
bb4302ff
bb44f0a5
bb45ac73
bb4654cc
bb47acdf
bb48f79e
bb4936e7
bb4a38ca
bb4bccb4
bb4c4396
bb4dd9bc
bb4e42bb
bb4fccf4
bb5043aa
bb51ea6f
bb52a387
bb5380fd
bb545d75
bb550514
bb568431
bb5783d8
bb585124
bb59804e
bb5a5fe4
bb5b8913
bb5c6c74
bb5dd01b
bb5eb34b
bb5fe2dc
bb60e875
bb614a9d
bb620201
bb6306fc
bb64c13c
bb65d5e9
bb66dc15
bb67b9ef
bb68f4f5
bb69ff0d
bb6a3433
bb6b26fb
bb6cc5f3
bb6d0b68
bb6ebbf0
bb6f0fe0
bb70df85
bb71b068
bb727442
bb733139
bb745174
bb751b0e
bb7686c1
bb770c11
bb788e89
bb798dc9
bb7a51c5
bb7b407e
bb7c12f8
bb7da14d
bb7eaa1a
bb7fa04b
bb80c350
bb817a4c
bb824a47
bb838075
bb84c5fa
bb85b8ab
bb86bd73
bb874c97
bb88acc2
bb896075
bb8a1f89
bb8bab1f
bb8cae35
bb8d2cf6
bb8e59cc
bb8f545a
bb909627
bb9111f2
bb92f01d
bb93f5b0
bb9466f3
bb9565ea
bb964593
bb977052
bb98a4e3
bb994954
bb9a88bc
bb9bfdda
bb9c0266
bb9db022
bb9e06f4
bb9f1398
bba09f98
bba1e208
bba22ad5
bba3577d
bba47959
bba5bd99
bba6d441
bba7809e
bba889c1
bba9d8fb
bbaa444e
bbab4fea
bbac040c
bbad8419
bbae9c3a
bbaf20e6
bbb0fbf2
bbb138dd
bbb29ee6
bbb36bb2
bbb488e0
bbb5674e
bbb6a630
bbb7f2e6
bbb8a612
bbb99ac1
bbba94b1
bbbbdaf0
bbbca9db
bbbd5e5a
bbbe082e
bbbfa111
bbc06ac2
bbc12f9b
bbc2e79a
bbc3688d
bbc424a0
bbc5fd13
bbc6d2cf
bbc72114
bbc83a0d
bbc97465
bbca27e1
bbcbb7bb
bbcc3b84
bbcdfd0d
bbce642e
bbcf5031
bbd02b18
bbd1892c
bbd25a76
bbd34107
bbd40c2c
bbd5e99e
bbd6399e
bbd73c09
bbd85578
bbd9af28
bbda9006
bbdb6591
bbdc4c98
bbdd95f0
bbde7cd9
bbdf5635
bbe0fc83
bbe1c253
bbe2b9da
bbe31c4a
bbe40f26
bbe54028
bbe68964
bbe7238c
bbe8cd84
bbe90a67
bbea79d0
bbeb957e
bbecbb23
bbed8b23
bbee7554
bbef21bf
bbf0984a
bbf17386
bbf2003e
bbf3ef18
bbf461e8
bbf5e75c
bbf65fb6
bbf78283
bbf82604
bbf9892b
bbfa39e6
bbfb3dcc
bbfcfa5f
bbfd8b6a
bbfe7806
bbffa985
bc00f17f
bc01a138
bc0292fb
bc03cf04
bc046185
bc057bdd
bc06d9ff
bc07b14c
bc08775e
bc09bc46
bc0adcc4
bc0be7a1
bc0c1a86
bc0da312
bc0e9265
bc0f3886
bc10dc87
bc11066c
bc1226e0
bc139dfd
bc146555
bc151956
bc16029b
bc1796e6
bc18f368
bc19d548
bc1a30b6
bc1b404d
bc1c2e61
bc1d207a
bc1ef7af
bc1f30ba
bc208c23
bc213f00
bc22b77e
bc235307
bc24eca7
bc252d95
bc26bb7b
bc271cc4
bc280b00
bc29864f
bc2ae25c
bc2bae1f
bc2cd445
bc2d6b75
bc2e180b
bc2f8988
bc301ac6
bc3143e7
bc32bed1
bc3307cb
bc34f704
bc356f5f
bc36c401
bc3728df
bc3815ba
bc399fb8
bc3a8845
bc3b3499
bc3ce6e7
bc3dec2a
bc3ed057
bc3ff143
bc40963f
bc41405c
bc42a8a4
bc435ddb
bc44f140
bc453297
bc468a7f
bc47d461
bc48dc45
bc495a1e
bc4a3cac
bc4b90bd
bc4cf081
bc4dc628
bc4ed094
bc4f857c
bc5096ea
bc5104ef
bc52fcba
bc534bdb
bc54b5b3
bc556afb
bc561785
bc570c34
bc5899a4
bc595ed1
bc5afae7
bc5b097a
bc5c4d70
bc5db469
bc5e5961
bc5fdfdc
bc60ba28
bc619f26
bc626293
bc63fc47
bc646ce9
bc65a678
bc662b86
bc6747d9
bc687a06
bc69d528
bc6a1ecd
bc6b4217
bc6c3db8
bc6d18a7
bc6ef0c8
bc6f4483
bc7030df
bc712a23
bc728a2b
bc73f9b1
bc74629c
bc753f44
bc76b358
bc77d7f6
bc789f02
bc798482
bc7a0db7
bc7bf46f
bc7c285d
bc7db671
bc7e5909
bc7ff90b
bc80c526
bc81dfc5
bc82ae44
bc839586
bc841451
bc853030
bc866d3f
bc8748c1
bc888bbb
bc89a968
bc8a4dc8
bc8ba128
bc8c213d
bc8d6e19
bc8e19a2
bc8f9545
bc9094a3
bc91a1bd
bc926985
bc93cf9c
bc94e0df
bc953997
bc962e9c
bc97732a
bc987e31
bc99e4d7
bc9a609a
bc9bca7d
bc9c4cab
bc9d183f
bc9e0b99
bc9f1ea2
bca0bc22
bca1fe1e
bca24097
bca34579
bca4612f
bca5ef22
bca64451
bca705f7
bca8c41b
bca9697c
bcaa9776
bcab97c7
bcac6231
bcadf6db
bcae4671
bcafca61
bcb02677
bcb11f5e
bcb27058
bcb3edc7
bcb4ed03
bcb53185
bcb6f016
bcb7bbdb
bcb896e3
bcb938f8
bcba6bfe
bcbba3a0
bcbc7fd7
bcbd9970
bcbec7ed
bcbfd4f2
bcc04304
bcc1ee93
bcc24609
bcc3956c
bcc462ee
bcc585f9
bcc6c453
bcc76da0
bcc8fad1
bcc9b9c0
bccab95e
bccb9fbf
bccc3f18
bccdcac2
bccec2fd
bccf39fd
bcd0512f
bcd1dcf2
bcd2396d
bcd35be6
bcd411a6
bcd5ca65
bcd60822
bcd72edc
bcd8a613
bcd96b99
bcdaed61
bcdb4b90
bcdc984e
bcdd582e
bcdee8ee
bcdfd0a2
bce06df3
bce1108c
bce2b498
bce35ee5
bce4a4cf
bce5ac1b
bce635d3
bce7e8fb
bce871b0
bce9c332
bceab910
bceba468
bcec97d7
bced4471
bceedcea
bcef79a7
bcf002f5
bcf106bc
bcf2348a
bcf3535d
bcf4302e
bcf53d66
bcf67939
bcf77625
bcf8197d
bcf9472e
bcfab203
bcfb43df
bcfcb7d1
bcfd019c
bcfe040a
bcff7012
bd0067c8
bd017e17
bd02c473
bd031805
bd047f8f
bd05281f
bd0660be
bd07306f
bd08917e
bd093edd
bd0aa592
bd0bfe39
bd0cc7a5
bd0d1757
bd0ee400
bd0fd253
bd109c28
bd11e180
bd128eb7
bd13841b
bd149a93
bd157ce6
bd16f6c6
bd177d4d
bd184b32
bd19b23b
bd1a049c
bd1bf910
bd1c5ec3
bd1d8f37
bd1e5e11
bd1f011e
bd2006ae
bd21a205
bd226d3a
bd23d86e
bd24d703
bd25df41
bd26e7f1
bd272596
bd28fca5
bd29303f
bd2af94a
bd2b3e9a
bd2c7ecc
bd2d666f
bd2eca95
bd2fdb83
bd30a5b0
bd314c17
bd321fbf
bd33c658
bd34626b
bd3537d6
bd36d3f8
bd37b071
bd38eff6
bd39cf22
bd3a9650
bd3b44b7
bd3c5dd2
bd3df8e1
bd3e99e5
bd3f7374
bd401184
bd41cfe6
bd42a3f9
bd435ffa
bd44bcb6
bd45761b
bd46a804
bd47db2f
bd481434
bd49ad76
bd4a6939
bd4b0b98
bd4ceae2
bd4d086b
bd4e5367
bd4f47ac
bd50e94a
bd51d895
bd52c895
bd530ba4
bd547e8b
bd550741
bd566497
bd575236
bd584cdf
bd594217
bd5a141f
bd5b5d65
bd5c153f
bd5d2581
bd5eb810
bd5faf94
bd601236
bd61d2fc
bd62c017
bd6374e2
bd64a92a
bd65a04f
bd668b62
bd6723d5
bd686020
bd696e31
bd6a9681
bd6b89de
bd6ce027
bd6d145f
bd6ee275
bd6f4096
bd701d2f
bd718b1e
bd7250f4
bd7320d2
bd74d96f
bd75e72a
bd76c817
bd77529c
bd785beb
bd799cd2
bd7ae22f
bd7bc83d
bd7cd90e
bd7d0135
bd7e91ed
bd7fbdc7
bd80beba
bd810828
bd8264f4
bd8359cc
bd8463b9
bd85b86d
bd8620cc
bd875d78
bd887d9a
bd898771
bd8a71e5
bd8b75e1
bd8cac9c
bd8ddcd5
bd8e03b2
bd8feb29
bd90fdc2
bd915a22
bd924b92
bd939c1f
bd943bc3
bd95d870
bd96c8af
bd97a326
bd9844d6
bd9905a1
bd9a0ce6
bd9beeab
bd9c84e9
bd9d8294
bd9e8176
bd9f070b
bda0cf5f
bda1450f
bda296c7
bda35a99
bda48fdd
bda51b26
bda660d3
bda7a565
bda86f04
bda92846
bdaacbbe
bdabed5c
bdacb9da
bdad0ed6
bdaedd3b
bdaf2102
bdb04ef0
bdb11084
bdb21021
bdb36109
bdb497b3
bdb5f882
bdb6102d
bdb71199
bdb85986
bdb9073f
bdba4d4f
bdbbccea
bdbc4bb9
bdbd6c40
bdbef9bc
bdbf2214
bdc0a954
bdc19b60
bdc2c128
bdc31241
bdc4ab92
bdc590a1
bdc645d7
bdc7dffa
bdc86889
bdc91e73
bdcaf0c4
bdcb55fa
bdcc20fb
bdcdea61
bdce12ae
bdcf757a
bdd010ef
bdd15ec7
bdd236b5
bdd3fe49
bdd42e3d
bdd5e9c2
bdd6e283
bdd7b658
bdd8d955
bdd9884d
bdda4446
bddb035e
bddc9003
bddd9c39
bddeaf76
bddfcf26
bde022f1
bde100ec
bde2f21a
bde30365
bde4a85f
bde53e20
bde627d7
bde70f27
bde8af26
bde91f14
bdea1c4c
bdeb4988
bdecf50e
bded1ea5
bdee043e
bdefb7d6
bdf0abd8
bdf101d7
bdf26828
bdf33e80
bdf45fd9
bdf54224
bdf6f1b6
bdf7892f
bdf808a4
bdf99248
bdfab6d9
bdfb571a
bdfc8b07
bdfd406a
bdfebdbc
bdffa7c6
be00f508
be018368
be0275df
be038a09
be049f03
be058497
be06ffeb
be07fc61
be088ff9
be09e390
be0a4ccb
be0b9123
be0c1f3c
be0dc2a9
be0efc40
be0faa66
be107fbb
be110bfb
be12b07c
be13feb3
be141a67
be15923f
be16a347
be17de7d
be1833c4
be194b48
be1a8581
be1bae76
be1cc97a
be1d51ab
be1e4508
be1f721f
be20a46c
be2109ed
be22368c
be2396c0
be24faa3
be252a40
be267717
be27f94c
be281a01
be29a823
be2a45a8
be2bb5df
be2c3b8a
be2d17f3
be2e9984
be2f4ee7
be304636
be317604
be324b32
be33b399
be344a5b
be351c7d
be36b99c
be37f89c
be38ed08
be393e22
be3a400a
be3b22f8
be3cea06
be3ded38
be3e6739
be3f413c
be40d3f5
be413ff8
be423be4
be43c5ad
be447dd1
be455386
be465957
be47d1fe
be484c29
be49d964
be4acd39
be4bc3be
be4ce19d
be4d105b
be4efd84
be4f5703
be50d124
be513591
be52caf8
be5354da
be542c6a
be55f14e
be5654d8
be574657
be58f40e
be59833b
be5a3056
be5bae9e
be5c3fe7
be5d4eaf
be5eda27
be5fd5ca
be60599c
be61edd1
be626232
be6368a0
be64ea50
be65ae0a
be66729d
be67a1a9
be68a6ea
be69208c
be6ab604
be6b15de
be6cb5dc
be6df209
be6e2897
be6f47c2
be701ea5
be71d008
be72921a
be73a833
be74306b
be75ef1c
be766ef3
be775705
be78abab
be798237
be7a7dfb
be7b2b61
be7c38eb
be7df84c
be7e39d5
be7f8a35
be80b3b0
be812b5c
be82851f
be83a015
be84e180
be857f39
be860ec1
be879580
be88412e
be895c7f
be8a8b6e
be8b002a
be8cd5bb
be8dcf48
be8e2fc4
be8f3ca4
be90a698
be91ca22
be92f587
be939878
be94aed2
be951a23
be9674a4
be9733c8
be982d2e
be993c4d
be9a1286
be9b484a
be9c8793
be9d67f6
be9e6666
be9f308a
bea01918
bea10c92
bea2dab9
bea3493d
bea461b2
bea5a9f7
bea6718e
bea74728
bea87d2a
bea9d501
beaafbd0
beab853a
beacc6c3
bead0b10
beaece54
beaf5958
beb07876
beb19a97
beb2b632
beb3a891
beb4a346
beb504c3
beb693b0
beb7b849
beb80630
beb914f5
beba293a
bebb9818
bebc43ac
bebd526a
bebe99cc
bebf620e
bec08473
bec16a09
bec2e9bd
bec34084
bec42433
bec53281
bec689a0
bec70c26
bec849f0
bec9b6f4
beca3d3f
becbffef
beccab67
becdbaa8
beceb003
becfc518
bed0d36a
bed11078
bed24f4f
bed31e7e
bed48298
bed54275
bed65695
bed70b58
bed80594
bed9ac15
beda80f4
bedbfbec
bedcbfd5
bedd5872
bede1ebf
bedfe8ec
bee08926
bee1448d
bee29068
bee3eae7
bee46d8a
bee5e491
bee68739
bee7b24c
bee8d7af
bee9a274
beeabb2c
beeb2ba9
beec774b
beed6c8e
beee10cd
beef04cc
bef0bc4f
bef1d59f
bef20a9b
bef397d4
bef442db
bef507ad
bef682b1
bef7082c
bef889f9
bef99a2e
befa3b04
befb5c9e
befc3776
befdfccc
befe19b7
beff6128
bf009bee
bf01a21e
bf02d658
bf037583
bf04b434
bf058278
bf065be3
bf07f198
bf08ada1
bf09359d
bf0aeeb9
bf0b998f
bf0c2ac9
bf0d6467
bf0eb8e8
bf0f05e9
bf1013fe
bf11fa9c
bf128636
bf1382fa
bf1427e3
bf15ce08
bf1695e2
bf171086
bf18d9f0
bf19a33f
bf1af208
bf1b4e1a
bf1c31f6
bf1da48a
bf1e2f86
bf1f19c2
bf20d23b
bf21eb1b
bf223c81
bf238a86
bf24230e
bf25d7b9
bf262e04
bf2797cb
bf28b1d4
bf29cc5d
bf2a2bd5
bf2bfde2
bf2c5247
bf2d9898
bf2e6a33
bf2f5a13
bf30bad4
bf31a729
bf3258eb
bf333b3c
bf345e31
bf35cde3
bf366941
bf375930
bf3891d8
bf3942cf
bf3a1fc1
bf3bb62e
bf3c606a
bf3dad3b
bf3ead60
bf3fefca
bf4027bd
bf4150ac
bf425226
bf43228f
bf44175b
bf45a720
bf462dfa
bf474030
bf4842e0
bf49921f
bf4a59fb
bf4bac14
bf4c3419
bf4da0cf
bf4efb98
bf4f8f21
bf5070bb
bf5173d2
bf52130b
bf53db6e
bf5434fa
bf5560dd
bf56b1d2
bf57a486
bf58fe03
bf5925c0
bf5a2d66
bf5b5766
bf5ccd47
bf5dd0b1
bf5eee03
bf5fdb86
bf60159f
bf6144b5
bf6266f2
bf636566
bf6492bc
bf65fe95
bf663fa4
bf6757b1
bf689dd2
bf69288c
bf6a0cfc
bf6bc454
bf6ce598
bf6d485b
bf6e3610
bf6fe18e
bf7070e1
bf711c72
bf7288df
bf7359f7
bf747b1d
bf752464
bf7602df
bf77b0b2
bf78ec4c
bf79b50b
bf7a9847
bf7b8402
bf7ce467
bf7d9e32
bf7e68c3
bf7fe1fe
bf808d41
bf81252a
bf825ad5
bf83c224
bf844d37
bf85d653
bf863c53
bf87d16b
bf88c66d
bf89c144
bf8a914f
bf8be2e2
bf8c2fbb
bf8d2f5d
bf8ebba6
bf8ff9bb
bf908f19
bf91a687
bf920b45
bf93d8bf
bf940fdc
bf95a9fa
bf96a1b5
bf97f83f
bf989f18
bf9942b7
bf9ac171
bf9b89d0
bf9c8aa1
bf9d64ba
bf9e3eed
bf9f590c
bfa02cce
bfa13ae0
bfa25a13
bfa39063
bfa49c5e
bfa50c4b
bfa6ac7d
bfa7bfe0
bfa86dee
bfa989d9
bfaaa277
bfab2c2a
bfac144f
bfad64ba
bfae2e64
bfaf7783
bfb01a1b
bfb1ba13
bfb26e8c
bfb387d8
bfb430c2
bfb53dc0
bfb6cb46
bfb7e1cd
bfb8da31
bfb95ef7
bfba9da5
bfbb7a3c
bfbc6756
bfbd23a8
bfbe2987
bfbfa6c4
bfc0541e
bfc1a048
bfc25e56
bfc3612b
bfc4dce3
bfc587bc
bfc6ad18
bfc76dbc
bfc8d31e
bfc9dde6
bfcad5fd
bfcbf655
bfcc9276
bfcd7cf4
bfce589f
bfcf5b74
bfd0a79c
bfd1a018
bfd28c6f
bfd3c595
bfd4ea0e
bfd52a02
bfd64a6d
bfd7f493
bfd86035
bfd98932
bfda987c
bfdb6eb0
bfdc05eb
bfdd698f
bfde6a2a
bfdf9943
bfe0ef95
bfe14c6c
bfe224d0
bfe3d753
bfe43a71
bfe59d3f
bfe64f6a
bfe7c0d2
bfe86763
bfe92ba6
bfea6097
bfeba326
bfeccbf4
bfed0729
bfeebb43
bfef971d
bff0492b
bff1181d
bff2a28e
bff3cf89
bff4e501
bff5da34
bff61d13
bff7d325
bff82950
bff97f31
bffae3c8
bffb4210
bffced5a
bffdc050
bffe4fe6
bfffe4d3
c000b6e7
c0014528
c0028ed1
c00383f7
c004b617
c0055eba
c0064f41
c007fc95
c0082a52
c009223e
c00a7820
c00b9555
c00ce0a3
c00d1f11
c00e806e
c00ff09e
c010a0f9
c0112d0d
c0126c54
c013c614
c014b705
c015c129
c0165e47
c0176878
c0181c9e
c01994e6
c01ab635
c01bc52f
c01cb83c
c01dacc9
c01e1a88
c01ff918
c020be5c
c02127dd
c02241c6
c023a720
c0249e58
c025b9a4
c026d796
c027b4c3
c028f2a1
c02903e5
c02a176c
c02b558d
c02ce6b8
c02dd966
c02e639c
c02f8540
c0306446
c0316f92
c0324be6
c03303be
c0343db5
c035184d
c036fba6
c0379083
c0385410
c0391ad9
c03a8b08
c03b8287
c03c1979
c03d2cf9
c03e94e4
c03f88c0
c040d6d3
c0419fe3
c042c56a
c0434ec6
c044fdea
c045c59a
c046a549
c047605c
c0486da3
c0499997
c04ade13
c04b9d32
c04ca499
c04dafe2
c04e1b60
c04fae80
c0501d1b
c0515688
c0524875
c0534083
c05408ca
c0555f9a
c056ea9f
c0573dbb
c0585659
c059b470
c05a039f
c05b64e5
c05c92c5
c05d1116
c05e4110
c05fb40d
c060a2e8
c061890a
c062a5cb
c0639f36
c064129f
c065b4a6
c0669987
c0677e38
c06899eb
c069d9c1
c06a47ea
c06b1043
c06cdc12
c06d6110
c06e5321
c06f08ef
c0707790
c0716c28
c07226c7
c073644b
c074659d
c075d37e
c0760c8a
c077d959
c0784eaa
c079ca06
c07a1c02
c07b0bb8
c07c3a14
c07dc3f5
c07ef4d1
c07fb8f5
c0802d24
c081b7a8
c082580c
c083d3d9
c0841b6d
c0853327
c086797d
c087bc6d
c0889bc4
c089ee25
c08a5a8b
c08bf808
c08c22b6
c08d57da
c08ed4b5
c08f7466
c0901127
c091d9b9
c092a561
c093c9c9
c09452ff
c095fb5e
c09609df
c097cbf8
c0983a3b
c0995e8a
c09a4c85
c09b2c07
c09c8f71
c09d9fb4
c09e4a39
c09f8a41
c0a0318b
c0a132e0
c0a289d4
c0a390f0
c0a41364
c0a57fa3
c0a6b8b4
c0a7fc26
c0a83426
c0a98857
c0aa67af
c0abf780
c0ac5a70
c0ad7f36
c0ae6fa4
c0afa2c3
c0b0663d
c0b1e41f
c0b2d2b2
c0b374a1
c0b4ff8e
c0b5fd39
c0b60d65
c0b7cc1f
c0b812ef
c0b9162e
c0ba9c70
c0bbb726
c0bc1c1c
c0bd9786
c0be1e04
c0bfa946
c0c081c0
c0c12a4a
c0c279f4
c0c3f05f
c0c48c0c
c0c5fcbf
c0c60d3c
c0c7e0d3
c0c84db4
c0c917ef
c0ca223c
c0cb5f0c
c0cccb1c
c0cd83a8
c0ce2efd
c0cf1efc
c0d09932
c0d12554
c0d2a842
c0d33729
c0d401b7
c0d5a93b
c0d61526
c0d78312
c0d84e2a
c0d941a1
c0dab0d0
c0dbcad5
c0dcb9ab
c0dd3769
c0def5bf
c0df6a27
c0e0efdf
c0e13375
c0e2c415
c0e38e60
c0e40045
c0e53367
c0e69a6e
c0e7f8b9
c0e83fdb
c0e9a4cf
c0ea7c70
c0eb9286
c0ecd654
c0ed62a6
c0ee5298
c0ef0be2
c0f0318d
c0f18a16
c0f2e59e
c0f32f98
c0f47038
c0f51fec
c0f60311
c0f746ef
c0f8a2c2
c0f92d46
c0faf769
c0fbb9c1
c0fc8e1b
c0fd311e
c0fe3f18
c0ff85a1
c1006da4
c1019ba9
c102821b
c1032f46
c104a27e
c105e259
c10660af
c107466b
c1081b53
c109af3a
c10a7ac7
c10bec9d
c10c9b48
c10d4c63
c10e1f41
c10f4f2d
c110c7f5
c1117499
c112656e
c1139b45
c1140a7a
c1152fed
c1168031
c1172778
c1180c1a
c1198f48
c11a109f
c11bffe8
c11c7d96
c11db181
c11e29bd
c11f6dbe
c120509e
c1218536
c12260d8
c123fbd8
c1243f08
c125fb34
c126d155
c12785e4
c12892cc
c1295b28
c12aeb3b
c12b6c13
c12c5679
c12da64d
c12e1a62
c12f20ee
c1308c06
c131f91e
c132db30
c133625a
c134f222
c13570df
c136a0af
c13706bd
c1389398
c1397cfb
c13a8024
c13b7f28
c13c50c4
c13d2bcb
c13e66a7
c13fdecc
c1403c5e
c1419263
c142ade4
c1435ab9
c14490f9
c145abcb
c1467b2f
c147af42
c1482bfb
c1497453
c14a0e0f
c14b2858
c14ce2bb
c14debef
c14ec72d
c14fbaf6
c1504e0f
c1519379
c1524bcf
c153adef
c154f79a
c1555c34
c1568d7d
c157343b
c1588b4f
c15945f9
c15a2a8b
c15bba22
c15c65b8
c15d4a52
c15e3328
c15fbb39
c160d076
c161ef7f
c1623ffd
c1631f93
c164e689
c16599ac
c166f946
c167b983
c168db3b
c16946ab
c16a4bc4
c16bbb45
c16c1bd7
c16dccc2
c16e7880
c16f2fac
c1700f40
c171f7b5
c1720600
c1730174
c1749a7b
c1755471
c176be16
c177ee3c
c178320e
c179d4ba
c17a8611
c17b7099
c17c3ebf
c17d990d
c17ed414
c17fccd0
c180fc8e
c181b6e5
c1822727
c1835d35
c184d049
c185b170
c186c02e
c187ce6a
c1884ce1
c1896b43
c18a9c64
c18be995
c18c2421
c18d15c3
c18e4686
c18f0814
c1908778
c1912683
c19225d3
c193277c
c1947566
c19568b9
c196480c
c1978f09
c198faae
c199599f
c19a183d
c19be7b6
c19c0f5b
c19d79d2
c19e4578
c19fcb24
c1a0936e
c1a12e7f
c1a281e6
c1a3b9c9
c1a46829
c1a56478
c1a6d477
c1a74852
c1a852bd
c1a912fa
c1aa6cb8
c1abb091
c1ac8737
c1ad8a67
c1ae41e2
c1af28f0
c1b0b172
c1b1b567
c1b275c2
c1b3319d
c1b408d5
c1b59e96
c1b63a55
c1b72bef
c1b80512
c1b96618
c1ba0718
c1bbc613
c1bc91bd
c1bde321
c1bebc13
c1bfa8cc
c1c07fea
c1c1ff33
c1c2f31c
c1c3c47f
c1c4cb3b
c1c55954
c1c6f973
c1c73573
c1c882c1
c1c93493
c1ca19ec
c1cb4b70
c1ccd4c3
c1cd94b9
c1ce1df8
c1cf1699
c1d05a95
c1d1082a
c1d240a2
c1d3c918
c1d4c2a8
c1d59d9b
c1d68e1f
c1d79fe9
c1d80832
c1d9e2c0
c1da82a9
c1dbcc15
c1dcb9ff
c1dd89ad
c1de74df
c1dfd49a
c1e0a91f
c1e19788
c1e22ad5
c1e3a1c5
c1e4fe70
c1e5a4b5
c1e66ae8
c1e71802
c1e8049c
c1e993a3
c1ea34b0
c1ebb30f
c1ecaad4
c1ed9520
c1eef99c
c1efca98
c1f059fd
c1f189b0
c1f2b6f9
c1f349bf
c1f45dd6
c1f5929b
c1f6b05c
c1f74bdf
c1f86535
c1f9db23
c1fa2f4f
c1fb5e51
c1fcf9a3
c1fd3a67
c1fe648d
c1ffb124
c2000a66
c201e180
c202c1d9
c2038c62
c204735e
c205db35
c206a29c
c207c4cc
c208465a
c2094e96
c20a541f
c20b752f
c20ca580
c20d6ea5
c20e013c
c20fd37f
c2101e55
c211b4c8
c2121ac7
c213f2d9
c214a4d9
c215941a
c2165418
c2171452
c21817dc
c2194bf3
c21a361d
c21b1ba2
c21c91d5
c21dba44
c21e0059
c21f2cce
c22040d4
c2215af2
c2222d1a
c223c968
c2243e8c
c225b2a7
c2263159
c227c252
c2289c46
c229bb06
c22a71a5
c22b4a54
c22cbd47
c22dcfd0
c22e9f56
c22f77bd
c2307e24
c231dc25
c23238b3
c233c718
c23453ca
c2357d99
c236082e
c237ddc1
c2382423
c2399306
c23a2890
c23bd41c
c23c67c2
c23d8d86
c23ebd1d
c23f00f0
c240842c
c2419a07
c2423f66
c243a124
c244334a
c245f480
c246996e
c2475124
c2480666
c24973c7
c24a47e8
c24bc418
c24c055b
c24de13d
c24e9ba6
c24fcfee
c250fc4b
c2513f01
c2526e26
c2532eab
c2542ade
c2556b47
c256407d
c2575bbc
c25884fe
c2598c1a
c25abc57
c25baeaa
c25cf36e
c25d3e15
c25ea0b8
c25fb353
c2609b41
c261589a
c262e191
c26321ea
c264879f
c265fd11
c266951d
c2673b27
c2687ec6
c2695044
c26a47c2
c26bb03f
c26cc638
c26d4f44
c26e6049
c26f59b6
c2702ea4
c27188a6
c2726b8d
c273189d
c27491e8
c275b5b0
c2765e84
c2772f53
c278545b
c27971dc
c27ab35f
c27b08d7
c27cf107
c27d77f6
c27e4133
c27f477a
c2807192
c281b02e
c282b3c4
c283ba7a
c2845185
c2856968
c286e0c9
c2873904
c2884790
c289d364
c28aa69b
c28b3ed3
c28c38f7
c28d6b7a
c28eac85
c28f5b82
c29033b6
c29151ff
c2926606
c2936275
c294b274
c295cc51
c2965d97
c297ba9f
c29820c1
c2994633
c29a241b
c29b9ced
c29c8dd0
c29d1064
c29e83d2
c29f5a2d
c2a0ff2a
c2a17279
c2a29a3d
c2a3e220
c2a4c55f
c2a5fb9b
c2a6815b
c2a7859e
c2a8e27c
c2a9c19e
c2aa486a
c2ab6031
c2aca3e8
c2ad4773
c2aea838
c2af5755
c2b0d24d
c2b176d5
c2b267f0
c2b3714d
c2b426c0
c2b5c7b0
c2b6c3ec
c2b74f24
c2b8c4ec
c2b93c1c
c2ba27d9
c2bba5a7
c2bc9786
c2bd7995
c2be7cae
c2bf5ea9
c2c03cf8
c2c1508e
c2c2230f
c2c31244
c2c4e220
c2c5154d
c2c619d8
c2c7aa78
c2c87f6d
c2c956da
c2cad1c4
c2cb191a
c2ccb078
c2cda6a3
c2cea2d8
c2cfffaa
c2d04a9a
c2d19094
c2d2c0d1
c2d39bbb
c2d4bbfa
c2d57427
c2d69cd6
c2d705d7
c2d89806
c2d9f944
c2da0261
c2dba93d
c2dc88f5
c2ddb40a
c2de71f8
c2df3097
c2e05f64
c2e181ce
c2e26418
c2e3aadf
c2e4da89
c2e57bba
c2e634a9
c2e740e0
c2e8d7c2
c2e91c5f
c2eab402
c2eb63cc
c2ec1d13
c2ed6a1c
c2eee60e
c2ef78e2
c2f0e72c
c2f19938
c2f2e4e5
c2f3e4b0
c2f4ac2d
c2f5986a
c2f6538e
c2f791c9
c2f83414
c2f94fd1
c2fac7e0
c2fb2641
c2fc63cb
c2fdd87b
c2feb419
c2ff1aaf
c300b5f0
c3013439
c3026b38
c303a81b
c304792a
c3059dcc
c30631b2
c3078c93
c308bfbe
c309c949
c30a4f1a
c30bf706
c30cee5e
c30dc762
c30ea0a4
c30fa68f
c3108be8
c311c3ca
c31210bf
c313beeb
c314ab1d
c3158193
c316c868
c3172c85
c3186b94
c319361b
c31ac8bc
c31be340
c31c9b4f
c31d5040
c31ec042
c31f66b1
c320842c
c32119dc
c3228c4a
c323288a
c3244021
c3254f84
c3260be6
c327d990
c32855a7
c329f2d9
c32a45bd
c32bb7f5
c32c84cd
c32d4c5a
c32e3d23
c32fb4b3
c33059ab
c331f24d
c33200ec
c3334017
c3340272
c335dae2
c3367d31
c3372195
c338a3a5
c3399f95
c33ad464
c33b8445
c33cdb8f
c33dc04e
c33e2550
c33f907f
c34033e3
c341efa3
c342b193
c343efc4
c344c686
c345393b
c3466d0b
c347bdab
c3488fdf
c349e97a
c34aeb0e
c34b3868
c34c0cb1
c34dd0b3
c34ed4b4
c34f4939
c350b496
c35192cb
c352a25d
c35374ed
c3540ea5
c355b810
c3564574
c3576dfa
c3587bc0
c3590af5
c35a6fd5
c35be2f4
c35c8b66
c35db650
c35e4c92
c35fda61
c3600302
c3617f28
c362fa83
c3630c30
c364c2cf
c365b774
c3669627
c3674796
c3686605
c3693ebd
c36ace11
c36b1a84
c36cd6d2
c36d2f17
c36e8d95
c36f5c13
c3706a8c
c371c328
c37279a2
c3738ef9
c3748f5d
c375cd03
c376a6ed
c3773db3
c3784c9c
c37957b4
c37a9411
c37b292d
c37ce340
c37d3895
c37e7a1e
c37fb95d
c3805b6d
c381d111
c382a7a0
c383a677
c3842291
c3858098
c3863b89
c3876cfc
c3886d26
c389d09c
c38a5744
c38be2d7
c38c0ebd
c38dbe91
c38e1fce
c38f9827
c390d35e
c3911c26
c39279e5
c3934f81
c394051c
c395eace
c3966e67
c397ba4c
c3987b6c
c399800f
c39a4093
c39bb416
c39cffe8
c39da66c
c39ecf53
c39f708f
c3a0f27e
c3a16b51
c3a2065c
c3a3515f
c3a4ac35
c3a5f593
c3a6bd18
c3a7f8c3
c3a85bd4
c3a9b23c
c3aa1bac
c3ab9f56
c3ac1de4
c3adadb9
c3ae4c11
c3af7ffd
c3b0f414
c3b193e8
c3b20080
c3b3f998
c3b4f478
c3b50eb2
c3b658c6
c3b7e630
c3b8edd3
c3b9ba8a
c3baea34
c3bbbc3c
c3bcc6e0
c3bdb062
c3be5929
c3bff383
c3c045d3
c3c1f3ef
c3c21e43
c3c3cd2e
c3c433cd
c3c52850
c3c64265
c3c78680
c3c8cb66
c3c9d859
c3ca6fbb
c3cba1db
c3cc50d3
c3cda3f7
c3ce3aad
c3cf96be
c3d054aa
c3d17595
c3d2dcc1
c3d3b9e8
c3d4ed41
c3d58b9c
c3d65d30
c3d77d19
c3d8a52d
c3d9852b
c3da4819
c3dbfdf7
c3dc65d1
c3ddd0f5
c3deece9
c3dfddaf
c3e07822
c3e13dd6
c3e2fe16
c3e3c5ad
c3e46986
c3e55a1c
c3e6d1e6
c3e7594b
c3e82325
c3e941fb
c3ea708a
c3eb5a64
c3ec484e
c3ed1a03
c3ee2214
c3efc901
c3f0b904
c3f17137
c3f2b2af
c3f322df
c3f44a66
c3f579e6
c3f60481
c3f74e1b
c3f851e8
c3f95459
c3fa192e
c3fb2c67
c3fca559
c3fd3a9c
c3fe62ca
c3ff8785
c4004261
c4011149
c4022e39
c403058e
c4044481
c405f26b
c406fe83
c4070f2c
c408b939
c4095c33
c40a291a
c40b938f
c40cfb0a
c40df2f3
c40e48d1
c40f725d
c4107efb
c4112a68
c41271fb
c41394ba
c41464de
c415e739
c4165b47
c417f10b
c41809da
c419e4e8
c41aaca2
c41b3f20
c41c8d27
c41d6ef3
c41eadbe
c41f37ab
c420e7e6
c421f260
c422e7a5
c42352ce
c42497c3
c42537fd
c4265f64
c427a969
c428cfe6
c4296035
c42a2b75
c42bb071
c42c9e89
c42d819f
c42e4f69
c42f2e81
c430e51d
c4314b8e
c4326457
c433a5a4
c434275a
c435e926
c436cd04
c43773c1
c438893f
c439f77a
c43a0f5a
c43b3db3
c43ca238
c43d8228
c43e9fd9
c43f917d
c440f0aa
c441d798
c4424977
c4434bd4
c4442c7a
c445a5f3
c44608ae
c4472759
c4489f6c
c4492800
c44a03c5
c44b5d93
c44c122e
c44da345
c44e2d58
c44fb2d3
c4500c9f
c451b7eb
c452f85b
c45366c6
c454f645
c4552346
c45692a4
c4576b86
c4585acf
c459cd19
c45afeb4
c45b82be
c45c6325
c45d22aa
c45e2739
c45fc770
c460b973
c461761e
c462de96
c463f21d
c464a577
c4651150
c4667351
c467337a
c468bf77
c469e83c
c46ad4c6
c46b0f4e
c46cfdeb
c46d5ade
c46e9de8
c46ff20e
c470b1fe
c4718ace
c472ac7e
c473559d
c474057b
c4757da1
c476b8ba
c47721a3
c478883b
c479e399
c47a453e
c47b2094
c47c22f0
c47d6cd0
c47e2328
c47f7678
c48079dc
c481bee1
c482de7f
c4831859
c484a543
c4851c71
c48625f6
c487142f
c488b8bc
c4898ebc
c48afce5
c48b3733
c48caf22
c48dbbb9
c48ea6e4
c48f6005
c4901bc5
c491aa5a
c49292b7
c493b6ef
c494bd3d
c495426f
c4968c2e
c497dbc0
c498fa08
c499ae3a
c49a96b4
c49ba07b
c49cd932
c49da6fd
c49e5b33
c49f37f1
c4a0cf2d
c4a119a7
c4a20f64
c4a3d360
c4a40a77
c4a57693
c4a6960a
c4a73fd5
c4a89ad5
c4a99975
c4aaf576
c4abb7b2
c4acbf2a
c4ad5825
c4aea6fa
c4af635f
c4b01460
c4b1dc33
c4b2d9cd
c4b3f932
c4b433b6
c4b53589
c4b65dff
c4b7816c
c4b83f20
c4b90f35
c4ba8d38
c4bb82c5
c4bc25f7
c4bde7b5
c4be82c1
c4bf6bac
c4c0673d
c4c1a5dd
c4c2b5bb
c4c38d07
c4c4f2bb
c4c5c616
c4c6d3e5
c4c7aa80
c4c8556e
c4c9565b
c4ca9138
c4cbebda
c4cc3eff
c4cdf640
c4ce6765
c4cf2159
c4d08120
c4d11771
c4d20fc4
c4d3a4f6
c4d4e202
c4d57096
c4d60b21
c4d7493d
c4d8123a
c4d93393
c4daf484
c4db0cfb
c4dce80e
c4dd5863
c4de0cf9
c4df8b81
c4e0afa2
c4e12784
c4e290b2
c4e3e971
c4e4bd59
c4e5235c
c4e6749b
c4e777de
c4e81129
c4e9d4d8
c4eae364
c4eb60b4
c4ece635
c4ed78d2
c4eed98b
c4efddce
c4f024c4
c4f1b5ff
c4f2909e
c4f312ac
c4f4106e
c4f514ee
c4f64386
c4f79d32
c4f884c4
c4f9642b
c4fa8ab7
c4fbbfb7
c4fcb2f5
c4fdaa73
c4fecf89
c4ff8ccf
c50059bb
c501dd06
c5021bd3
c5031ea1
c504e361
c5051ba0
c506e050
c5070e09
c508e411
c5096398
c50af03c
c50b34e1
c50c6513
c50d4f65
c50e3009
c50f6853
c510e6b1
c51181fd
c512e7aa
c5134006
c5147880
c5150117
c5162f83
c5173661
c5186865
c519f26c
c51ac2db
c51b17b8
c51cae23
c51d3fcc
c51e58e6
c51f1769
c5204017
c5217463
c522b22d
c523f7a3
c52447d5
c5253815
c5268405
c527f975
c5281a0f
c5291aaa
c52a598c
c52b754d
c52c4c02
c52dab9f
c52e45cb
c52fc694
c530ad18
c531da83
c5321f68
c53315f8
c534f923
c5358b8b
c536b71f
c5374bdb
c5381d4b
c539dd51
c53aaa2b
c53b1519
c53c42f5
c53d6b49
c53e6868
c53f4483
c540032e
c54185ea
c5425cc2
c54389e2
c54417e8
c545edb3
c5469358
c547430f
c548fc49
c5490e0f
c54ad7ec
c54b83c4
c54c339e
c54daf32
c54e64d0
c54f1e65
c5506e5e
c5519de6
c552f0d7
c553ca61
c5540a6b
c555c760
c5567bfe
c557ed36
c558cc13
c55984ab
c55aac5d
c55bd87d
c55c19e1
c55d4d04
c55e17f0
c55fd13a
c560785f
c5610f77
c5627f38
c5637782
c5649265
c565d681
c566b9a1
c5672b1e
c56843ca
c569d176
c56a74d5
c56bc18a
c56c7b10
c56d16b9
c56eefd7
c56ffbe1
c57067dc
c5715b1f
c5729f08
c5731ef4
c5744bb6
c575df15
c5766012
c5775153
c578cac5
c5798f35
c57abec8
c57bcf9b
c57c9aca
c57d86b7
c57e7259
c57f1909
c58000dc
c581de65
c5829747
c5835be9
c5849e9f
c585fa74
c586c5e3
c5877548
c5887415
c589c798
c58ad4ee
c58b396e
c58c3bfd
c58d2aad
c58e1ee8
c58fc1f1
c5904c70
c5917684
c5927656
c5930425
c594daae
c595402d
c596567f
c597e1e2
c598a091
c599b72d
c59aa18d
c59b4538
c59c7ed7
c59d32c6
c59ed7d0
c59ffb24
c5a0c643
c5a1e3a4
c5a2c801
c5a324b1
c5a4b0e3
c5a56b97
c5a605ca
c5a7e8dd
c5a83758
c5a97461
c5aaeacf
c5ab0101
c5ac94a0
c5ad6ec6
c5ae9f62
c5afb36e
c5b03de7
c5b1fe58
c5b24e3b
c5b369bd
c5b4d514
c5b55b68
c5b6494d
c5b700f1
c5b8f28f
c5b9b879
c5ba9a2b
c5bb6f65
c5bc44dc
c5bd6728
c5bec0fc
c5bf6d65
c5c0a662
c5c172ee
c5c20b06
c5c3e947
c5c43dd2
c5c594c0
c5c6d005
c5c73ca7
c5c8c3ee
c5c9d364
c5ca1523
c5cbfcc7
c5cc33bf
c5cdc393
c5ceaa87
c5cfd833
c5d06e4b
c5d194a1
c5d24973
c5d349b0
c5d476a4
c5d5893f
c5d6ac8e
c5d7696f
c5d82117
c5d9dc53
c5da1cf6
c5db4a0e
c5dc1f6e
c5ddd7d0
c5dec372
c5df272d
c5e0d19a
c5e18cb9
c5e272c1
c5e34139
c5e42964
c5e5b8fc
c5e6d0be
c5e71fc0
c5e8ee15
c5e98444
c5eabfc6
c5eb4df0
c5eca6de
c5ed33b7
c5eed479
c5ef01d5
c5f0868f
c5f19ec1
c5f21b3f
c5f3667c
c5f40521
c5f50b51
c5f6d6e4
c5f72574
c5f87de3
c5f993fc
c5fa1ab9
c5fb0462
c5fc2b8f
c5fd7d01
c5fe825f
c5ff24b4
c60084a3
c601218c
c602dc83
c60397e5
c604d5a8
c6055c18
c60684e1
c60717e4
c60893f1
c6096e58
c60aa895
c60b37f3
c60c1b79
c60dd3c2
c60eee91
c60fe972
c610078d
c611c665
c612e30e
c61353c4
c61477d6
c61500af
c616612a
c6177222
c618c039
c6194c3f
c61a6eee
c61b907d
c61c5a35
c61dc5f5
c61ea46a
c61f8ae2
c6206378
c6217b10
c6226ab3
c62375de
c624d991
c625b7d2
c6268ab3
c6273082
c6280ea4
c6290d1f
c62a3c75
c62b4a48
c62c2000
c62d2872
c62ef48a
c62fefdf
c630ef29
c63162da
c6325e3f
c633f999
c634e343
c63575d5
c6361526
c6376288
c6386263
c6393b19
c63a28ed
c63ba4f4
c63c82a4
c63daf08
c63ee58a
c63fd308
c640d973
c641853d
c6420b96
c6436299
c644a284
c645aa87
c6460d7a
c64780f3
c64814b3
c649d6a8
c64a304b
c64b3adf
c64c87b9
c64df5ea
c64e1516
c64f256b
c65026d1
c6518356
c652af6c
c653d610
c65474d8
c655950b
c6568150
c6571c0b
c6582dfe
c659bb6a
c65a0046
c65b9c8c
c65c73f1
c65d2433
c65e117a
c65f8a37
c660c40e
c6611772
c6625da7
c6635b87
c664c907
c665a98f
c6661da7
c6673658
c668ff08
c6698a96
c66a0788
c66b97ec
c66c8bd5
c66d5b4c
c66e6022
c66f6f5b
c6706be2
c6717ede
c6726c94
c6732918
c674da52
c6757043
c6764f4a
c67787c5
c67853c3
c679f705
c67abd84
c67ba699
c67cbaf7
c67d8254
c67e5d99
c67f987b
c680069d
c6816d35
c68248d3
c683e073
c68407f8
c6854b8c
c686d798
c6872f0a
c68889ce
c68903fa
c68aba45
c68bbfae
c68cf52c
c68dea91
c68eb4b9
c68f38de
c690ad52
c69197d0
c692689e
c6937b66
c69495ed
c695fd32
c69672e6
c69721a8
c69851ae
c6996c6f
c69a6db4
c69b07e5
c69ce5c1
c69d539b
c69e8bb7
c69fad13
c6a0f5c3
c6a1db29
c6a23577
c6a3d6f8
c6a4d730
c6a54671
c6a62813
c6a761d5
c6a8c67e
c6a9442c
c6aa48a1
c6ab0b17
c6ac0ab0
c6ad6b59
c6ae0fa5
c6af7414
c6b0d3cd
c6b1b439
c6b2a9cd
c6b3b206
c6b422fb
c6b53de2
c6b60361
c6b7e88f
c6b8e196
c6b9af4a
c6baf019
c6bb6750
c6bcd7d2
c6bdc6ec
c6be1e26
c6bffb3a
c6c0ee57
c6c1e28a
c6c26e97
c6c3e8b9
c6c4e733
c6c56af8
c6c6322b
c6c72324
c6c84b45
c6c99a77
c6ca96a6
c6cb41cd
c6ccc1a9
c6cd3935
c6ceb6f7
c6cf23fc
c6d0b8e9
c6d1ce84
c6d2640c
c6d3762f
c6d4f882
c6d5824c
c6d6b241
c6d71bd9
c6d838a6
c6d9c386
c6daee87
c6dbf7bd
c6dcb610
c6dd5847
c6deaddc
c6df1189
c6e04c4f
c6e1425a
c6e2d7be
c6e3fe25
c6e44afd
c6e5f877
c6e6ee11
c6e7e5fc
c6e85b60
c6e9c1e4
c6eaf1f3
c6eb23cb
c6ec0bdf
c6ed70e1
c6eeceb5
c6ef4c1d
c6f04ccf
c6f13db3
c6f22974
c6f30505
c6f46512
c6f5c524
c6f6a85e
c6f78cd0
c6f8aa8b
c6f91c73
c6fa3c7d
c6fb1030
c6fc7cb4
c6fdab0d
c6fe9c81
c6ff4e72
c700199c
c7012967
c70204d8
c7032dc2
c7044533
c705c2a2
c7064725
c707d850
c70804f6
c70913dd
c70af1ef
c70b6f91
c70c59a5
c70dcd96
c70e7061
c70fdfd4
c71087bb
c7114546
c7129495
c7137c52
c714e1cf
c715d604
c716591e
c71742cc
c718a937
c7198b59
c71aa86a
c71b8273
c71cf628
c71df40c
c71ebc6f
c71f345c
c7209452
c7213733
c7226e18
c7230374
c7243a07
c725faa1
c726e1bb
c727c28c
c728ccb4
c7299d99
c72acec7
c72b2dc9
c72c05ca
c72dfcc4
c72eaa24
c72f7242
c730b7ed
c731c94c
c7328e5d
c7332b35
c734e480
c7357eb2
c7367cd6
c7373a67
c73819f1
c739500e
c73aa008
c73b7b7d
c73ce101
c73df4b2
c73e2ad3
c73fa3d4
c740f2bb
c74123b4
c742e8bb
c74397f3
c744065f
c7457407
c7465d13
c7472860
c748f427
c749b72d
c74aa6d6
c74bb2e7
c74c972e
c74d8da8
c74e3b1d
c74f8134
c750f23c
c7518cb1
c752f678
c753cbee
c754e23a
c755c2c2
c75647f8
c757ddea
c7585049
c7592eed
c75a8b54
c75bd1f8
c75cbe31
c75dfee5
c75ea351
c75f7baa
c760c7bb
c76197f9
c7620565
c763a205
c764dd19
c76509be
c7662e32
c7676ab5
c7687f05
c769a5f4
c76a1040
c76be26c
c76cb0de
c76d613a
c76eb0cf
c76f05d8
c77059d8
c77114c1
c77275ae
c773fe31
c7747856
c775a98d
c77629f6
c777ee0f
c778eec9
c7797ba2
c77a2dbe
c77b5c2a
c77c9b6e
c77d6fdb
c77e1c6b
c77fea9c
c7803a87
c781bd09
c78263b0
c7837f18
c784a14c
c785a446
c78625ba
c787cd59
c788a05c
c7894e0b
c78a6dd4
c78b6df8
c78c239a
c78dcadc
c78e4977
c78f3e38
c7905d42
c791e3aa
c792d2fe
c7935ff5
c79497b3
c795ed86
c796fae8
c79708c3
c798aa83
c799f2d4
c79a0fbe
c79b4742
c79c8d3c
c79d634d
c79ecec9
c79fcc9f
c7a0602c
c7a171f5
c7a2bb71
c7a3aab0
c7a45bf2
c7a51270
c7a64217
c7a75c88
c7a81715
c7a924ba
c7aad588
c7aba662
c7ac4e67
c7ad63d9
c7ae8764
c7afb5e9
c7b0e247
c7b1615c
c7b2154a
c7b347d1
c7b49cfe
c7b507d3
c7b6835e
c7b77d96
c7b84925
c7b95c98
c7baaabe
c7bb5aad
c7bcf329
c7bdf9a2
c7befd65
c7bf01e1
c7c0acb5
c7c1b9c0
c7c2b948
c7c32765
c7c4a40f
c7c58fa5
c7c676c9
c7c775bd
c7c88abf
c7c90f5a
c7ca36d8
c7cb5830
c7cc0e8d
c7cd6562
c7ced9d7
c7cfae88
c7d05b8d
c7d13b9c
c7d29784
c7d30a54
c7d40c6e
c7d5af81
c7d62775
c7d7d0c3
c7d859fd
c7d93ff8
c7da7324
c7dbfe70
c7dc4381
c7ddf9c2
c7de92b7
c7dfa017
c7e03c26
c7e1317a
c7e27ae2
c7e32872
c7e4f490
c7e5a8a0
c7e6d3bc
c7e78263
c7e89d45
c7e9c58b
c7ea996b
c7eb3cce
c7ecd3ab
c7ed6f22
c7ee4e6e
c7ef55dd
c7f0158f
c7f10000
c7f29cb1
c7f39d67
c7f4f68a
c7f55e5a
c7f6f75c
c7f7ec28
c7f8b982
c7f909fe
c7fac3ce
c7fb2aae
c7fcb2cf
c7fd35d2
c7fe701c
c7ffbc79
c800fe2f
c80189a9
c8028103
c8035a2f
c804164b
c805bd42
c806619e
c807b516
c808eb1b
c809c435
c80a485b
c80bcde2
c80c9f57
c80d214c
c80e6b21
c80fabfd
c810c702
c811101d
c812eb25
c813a5a3
c81468ea
c8157555
c816ffee
c8171d7e
c81807d8
c8194b49
c81adc5a
c81b763b
c81c6c0c
c81d3ae6
c81eb7d7
c81fcce8
c820614e
c8213210
c8228072
c823ca1f
c8247208
c825a24a
c8261f51
c8275a18
c828e377
c82986f0
c82abba0
c82b7916
c82c8541
c82d6aea
c82ea4f0
c82f7e5d
c830331d
c8312990
c832939b
c83319ae
c83451a5
c8356445
c8369fa0
c8373a2c
c838c46d
c83974bf
c83a8746
c83b09eb
c83cb498
c83dc133
c83eb834
c83fdd85
c8409cc0
c8416391
c8427851
c843585d
c84474b0
c845e2ee
c846c606
c8473655
c8482407
c8496645
c84a9bd1
c84b5a42
c84ca83c
c84dc7cb
c84e8f47
c84f0197
c850c0c5
c85163ad
c8522d10
c853bc5e
c8548f0c
c8557642
c856da66
c857c65e
c8585abc
c85918f0
c85ae858
c85bbe58
c85cdbff
c85d91d2
c85e21e9
c85f329c
c860faba
c861ce36
c8625158
c863ded7
c8641e53
c865963d
c86658f3
c86727df
c8687539
c869f8e8
c86a8c41
c86bbb9f
c86cd996
c86d8e76
c86eec7a
c86f87fb
c87014f6
c871b24d
c8728bb1
c87375ad
c874fd26
c87577a5
c8768490
c87769d3
c8784836
c879fbfb
c87a0142
c87bcbeb
c87ce36e
c87d875c
c87e1137
c87fa2f6
c8803205
c88163eb
c8822c76
c8833d75
c8843e35
c885db46
c886d68e
c887abaa
c8885df8
c88998de
c88aaf5d
c88b7302
c88c9759
c88d40b2
c88ee9b9
c88fe356
c89067e5
c891405e
c8929b40
c8934e7c
c894740a
c895ecfd
c896b28f
c8979286
c898c155
c899ba47
c89a219d
c89b2f58
c89cc376
c89db426
c89e0400
c89f8845
c8a0d5a4
c8a165e2
c8a237a8
c8a3b168
c8a4b869
c8a5f4aa
c8a62218
c8a7c4ef
c8a87e09
c8a94c40
c8aa7997
c8ab662b
c8acbd32
c8ad8a76
c8aeda14
c8afc223
c8b083b7
c8b1d22a
c8b2cf4c
c8b34f14
c8b4d64b
c8b51582
c8b6d685
c8b72249
c8b85794
c8b97227
c8ba2fc3
c8bb1494
c8bc1c16
c8bdf9cc
c8be0d2c
c8bf2462
c8c0cfcd
c8c153d7
c8c2db88
c8c3aca9
c8c431f8
c8c582e3
c8c600e6
c8c711d8
c8c8d961
c8c9450e
c8ca374b
c8cb3d4f
c8cc10db
c8cddfbe
c8ce8d59
c8cf90d2
c8d08e20
c8d12121
c8d243ae
c8d3983b
c8d4178e
c8d53aa8
c8d6d661
c8d788d7
c8d84a4e
c8d9999f
c8da018a
c8db7631
c8dc9cfc
c8dd03dc
c8deafe1
c8dfbf33
c8e0a558
c8e1a49a
c8e23bdc
c8e33d47
c8e47920
c8e58e5b
c8e6f07d
c8e771b6
c8e8d48d
c8e9e9ab
c8ea29f4
c8eb6779
c8ecc9ff
c8ed7ca0
c8eebd8c
c8ef996f
c8f0fab8
c8f16955
c8f2e2fa
c8f3a395
c8f4643c
c8f56425
c8f67343
c8f79731
c8f8e7df
c8f91784
c8faf742
c8fbebff
c8fc673a
c8fd8727
c8feb702
c8ff18e9
c90061b5
c9012466
c902cb8c
c903697e
c9046d10
c9057d71
c9064830
c907ed4d
c908aa15
c9090f8f
c90a5057
c90b3691
c90c8ec5
c90d105b
c90e9660
c90fc7ec
c910b7b9
c911333d
c912f31c
c913c47e
c914e685
c9156dae
c9167a61
c91744f7
c9187bb9
c919fa1a
c91afd38
c91b5abb
c91c4544
c91d8ede
c91e9940
c91fe06b
c92040e0
c92192f9
c922eb84
c9239aec
c9245678
c9258dd8
c926916b
c927e59f
c928b362
c9291c96
c92a3045
c92b83e5
c92cf297
c92d2156
c92eba2f
c92f773d
c930fdcf
c9317bde
c93222e9
c93396bd
c9348f33
c93540c7
c936436a
c937d1e6
c938d203
c939e8a3
c93ac341
c93b12fb
c93cc8d3
c93dffe0
c93e4b78
c93f936e
c9400407
c9410d3b
c942437d
c943f04f
c944ed94
c945ff46
c946e2d2
c9474107
c948a449
c949d73b
c94a45fc
c94b2498
c94cbd74
c94da6de
c94eaf19
c94f886d
c950f820
c9514d0f
c952b1da
c953756a
c954bd73
c955220e
c956de2c
c957c926
c9589f14
c959fd1b
c95acb80
c95b5f8e
c95c1cc1
c95d0f83
c95e7016
c95f6f92
c960ca23
c9610526
c9627b7f
c963846d
c964addf
c965ec3b
c966a749
c967a067
c9687699
c9691567
c96aeb93
c96b6506
c96ceaf0
c96d4409
c96e93e6
c96fa050
c9705b1b
c9711a9b
c97230a5
c9735535
c9741856
c9756fd7
c9763641
c977c70f
c97862c8
c9791d5a
c97a1309
c97b37e0
c97cc079
c97d4346
c97e0431
c97ff85d
c980da94
c981a323
c9821be6
c983d39c
c984c6a5
c985781e
c986b7e7
c98799a6
c988522e
c98900c7
c98a0881
c98b864c
c98c14ea
c98d5a35
c98eb3ea
c98fe4a2
c990bb63
c9910599
c992d69d
c993560e
c994c6f2
c995a389
c9968f79
c997783b
c998402c
c999b586
c99a2809
c99b5a1f
c99c5058
c99d1ae7
c99e1c3c
c99f7dc6
c9a05bcf
c9a1a9d1
c9a2ebbd
c9a38b06
c9a469a7
c9a5b332
c9a6e1da
c9a733c3
c9a8c8c6
c9a97a7b
c9aae66d
c9abaca2
c9acc30a
c9ad3b29
c9ae6d10
c9affc7c
c9b0c0bb
c9b101ba
c9b22075
c9b3f1ce
c9b4a375
c9b50e79
c9b6adf1
c9b755da
c9b80435
c9b99bc1
c9ba4b9d
c9bbcd3b
c9bc083b
c9bd1d50
c9bed78b
c9bf5c1a
c9c03dbe
c9c1b48e
c9c22574
c9c32749
c9c4f363
c9c54e51
c9c6c049
c9c71c84
c9c86775
c9c9dd06
c9cabc16
c9cbf041
c9cc6a35
c9cd73c1
c9ce95a2
c9cf1ada
c9d0f41b
c9d10ad4
c9d21977
c9d36e44
c9d4cbdb
c9d51384
c9d68cc2
c9d7da5d
c9d83452
c9d97e9e
c9da1dc8
c9db237c
c9dc2d9e
c9ddcb6f
c9de0e43
c9dfdf24
c9e08ab8
c9e1f67c
c9e24a2f
c9e39df7
c9e46895
c9e56430
c9e64cf4
c9e7345e
c9e894d1
c9e9dc8a
c9ea82db
c9eb7d61
c9ec820c
c9ed0c7a
c9ee9439
c9ef3671
c9f0d7f6
c9f16fa1
c9f21928
c9f35433
c9f4dad0
c9f59eef
c9f6909c
c9f7bbcc
c9f88969
c9f99670
c9fa9455
c9fb3415
c9fc55b0
c9fd8f68
c9fe4caa
c9ff2e65
ca00b761
ca01135f
ca0251fe
ca039377
ca041b6b
ca051b35
ca063e9f
ca07266d
ca08ba8e
ca0941df
ca0ac3d6
ca0b53c9
ca0c39f4
ca0d1ec0
ca0e6ec4
ca0f7f6f
ca10ecf4
ca115fea
ca12ee5b
ca139db0
ca14cbfa
ca15bdf8
ca1688c7
ca177a6c
ca186303
ca19325f
ca1ae7fc
ca1bd1c1
ca1ca3a7
ca1d949f
ca1e6e8c
ca1f35a1
ca207045
ca213204
ca22966a
ca230da5
ca24ab93
ca257ba8
ca263024
ca27e811
ca28a801
ca2907f7
ca2a4cbe
ca2b2fef
ca2c6604
ca2deaf9
ca2e8300
ca2f9864
ca30b906
ca318b7f
ca329703
ca33dd86
ca34d048
ca35a155
ca368193
ca37ccbd
ca385490
ca39f126
ca3ad58e
ca3b141e
ca3c3cdf
ca3dd3e0
ca3ed560
ca3f759e
ca40d923
ca41140b
ca425ad4
ca4362b4
ca447abd
ca45240e
ca463608
ca479f2f
ca48cfef
ca4953ff
ca4ac2a4
ca4b224d
ca4ce60d
ca4d6148
ca4e2858
ca4f12c3
ca50e4dd
ca51c22a
ca52e71c
ca539b99
ca54a148
ca55f50f
ca56256d
ca57a6c4
ca58dc97
ca59c362
ca5a8e2a
ca5b9a65
ca5c7db0
ca5dc0f5
ca5ec35e
ca5f6a81
ca606068
ca619342
ca62510b
ca631937
ca64e9ef
ca65fa2d
ca66a1d8
ca672963
ca687073
ca696ddc
ca6ac513
ca6b7087
ca6cbb5c
ca6d2035
ca6e4605
ca6f8f05
ca70122f
ca71242f
ca728664
ca734e60
ca74fea1
ca7585c0
ca76b292
ca77386d
ca784686
ca79e160
ca7aa6c6
ca7b2f5f
ca7c8f11
ca7d5103
ca7e7bfe
ca7fe1b1
ca80e734
ca810476
ca829497
ca830fbf
ca847a77
ca85c0ad
ca86f4c9
ca87d7d6
ca886986
ca89e6be
ca8a9bfc
ca8b1336
ca8cf3f0
ca8d936f
ca8e6f6e
ca8f24c1
ca900e5e
ca913431
ca92028f
ca93ff51
ca945190
ca959b8b
ca96aa30
ca9727f6
ca98a898
ca99798d
ca9ac895
ca9bba3b
ca9c8e97
ca9d9edb
ca9e0e05
ca9f00b9
caa052c3
caa176fb
caa2cf36
caa395d8
caa479b3
caa508e5
caa69aa0
caa75d41
caa85f07
caa97c9f
caaa2467
caab99b4
caac066b
caada7d2
caae6601
caaffc61
cab0aab0
cab15d3c
cab270e4
cab33d11
cab463a4
cab5489b
cab65825
cab7b8f2
cab89be9
cab90b84
cabae7a2
cabb1e30
cabca1aa
cabd19f7
cabe714b
cabfe536
cac0851c
cac18b75
cac2d229
cac3650b
cac4bc23
cac536a4
cac6eff4
cac732db
cac8e5df
cac9aecb
caca2412
cacbd214
cacc366f
cacd774c
cace703e
cacf9d31
cad07c69
cad1d2fb
cad2b28c
cad3a543
cad4228a
cad57df6
cad670a8
cad71003
cad8d909
cad970ce
cada195a
cadb91fd
cadca40d
cadd5cad
cadef2ab
cadfa75c
cae024b6
cae194b8
cae25f35
cae3933c
cae4f09e
cae5e31e
cae6779b
cae74df5
cae8ebff
cae9ea13
caeac684
caebc590
caece57c
caedea98
caeea6df
caef7b51
caf0ecc5
caf17037
caf25462
caf31f17
caf4d7e3
caf52d44
caf66eba
caf7216a
caf8215d
caf9b783
cafac207
cafba536
cafc2058
cafd4d85
cafe902d
caffbd91
cb005c9e
cb018b61
cb023b33
cb03a39d
cb0414bb
cb05657d
cb06f87c
cb07f686
cb0807d1
cb09465d
cb0a8e89
cb0bb615
cb0ca7d1
cb0df9f4
cb0e0621
cb0fc47e
cb10c537
cb11980f
cb12835f
cb13acc4
cb14c559
cb1523ba
cb16cd7e
cb1762b3
cb18d600
cb19af8e
cb1a4b8f
cb1b4737
cb1ced1e
cb1d3136
cb1ea593
cb1f55af
cb205c05
cb21934b
cb22e59c
cb23f8cc
cb249acc
cb25ffe0
cb26e05c
cb27318b
cb28cda6
cb2996bf
cb2a1e6e
cb2b169b
cb2c60dd
cb2db61d
cb2ec5b6
cb2f78b5
cb30ca9d
cb315327
cb32bf80
cb33cc8b
cb34a56a
cb350d7c
cb36ae5d
cb379ab0
cb38cc81
cb392167
cb3a599d
cb3bb1e7
cb3cbaac
cb3debf5
cb3e59b8
cb3fc242
cb402c3d
cb4138e0
cb429299
cb433806
cb44556b
cb45db5a
cb46275f
cb4782c1
cb481a9d
cb49581a
cb4aa21c
cb4ba3c3
cb4c9758
cb4d8c25
cb4e2139
cb4f3087
cb508309
cb51c203
cb520fe1
cb5387bc
cb54f7d8
cb554e2f
cb56d727
cb57ee50
cb588e61
cb59ca1c
cb5a120b
cb5bfba5
cb5c21c0
cb5dc496
cb5e7e90
cb5f7686
cb607c9a
cb6106ce
cb6218ff
cb6376da
cb646a60
cb65fb2d
cb66f88d
cb674f79
cb68f770
cb699dcb
cb6a0ffe
cb6bb1a7
cb6c857b
cb6d1fde
cb6e5380
cb6f29ec
cb70f4f3
cb712952
cb72f64f
cb73141b
cb743783
cb75b68d
cb761f8a
cb77a404
cb78dd2c
cb7987e5
cb7a9398
cb7bfef3
cb7c27d8
cb7db009
cb7e5976
cb7fe196
cb800950
cb816c46
cb82c2b8
cb834488
cb84a66d
cb85aa9e
cb869df0
cb87cd33
cb88502e
cb89075f
cb8a8e3e
cb8b3673
cb8cbc1c
cb8d5517
cb8e2a55
cb8f3413
cb906c45
cb91ef29
cb92d1c5
cb9356f9
cb94c6ff
cb9508fc
cb967d92
cb97d200
cb98b041
cb9992f2
cb9acdc2
cb9b709b
cb9c106e
cb9d477e
cb9edbf3
cb9fe309
cba00b82
cba1db5b
cba2e244
cba3d191
cba44a6c
cba55b4f
cba68c94
cba7589d
cba8b6fe
cba9b98f
cbaa7d8b
cbabd9a6
cbac65e4
cbad62e4
cbae48b0
cbaf0c0d
cbb04627
cbb17507
cbb2af95
cbb3dc22
cbb4968a
cbb50bb6
cbb6ee8d
cbb7473f
cbb8ef6c
cbb9b969
cbba6496
cbbb9b31
cbbcb0ef
cbbd6358
cbbe3734
cbbfc770
cbc0458e
cbc1b4fb
cbc26197
cbc3f5b2
cbc473ef
cbc5e486
cbc68d06
cbc7519f
cbc85e89
cbc91745
cbca9c5b
cbcb9ad9
cbcc7d7a
cbcdd732
cbce48e9
cbcfb7c6
cbd01efa
cbd1c147
cbd22b1f
cbd37ca5
cbd414d9
cbd5d9d1
cbd66d7c
cbd7d31d
cbd85034
cbd9b2f2
cbda9b78
cbdb58dd
cbdce7bc
cbdd0113
cbdef15b
cbdf73af
cbe0f00d
cbe192b1
cbe20ac6
cbe3c2a6
cbe4363e
cbe52774
cbe686df
cbe7d3ed
cbe8f26a
cbe9c2ce
cbea0894
cbeb0a46
cbec09dd
cbedd268
cbee893c
cbef37b8
cbf09549
cbf11571
cbf23572
cbf36c53
cbf4c054
cbf5f69b
cbf65891
cbf730e4
cbf8c40d
cbf9bdb6
cbfa14fb
cbfbb890
cbfc98e5
cbfd81d0
cbfe38a9
cbffe993
cc00bd40
cc01734b
cc02300b
cc031c20
cc041605
cc05dd4d
cc068af9
cc0727e6
cc08263f
cc099d7e
cc0a9f59
cc0ba9e8
cc0ce15b
cc0d3f15
cc0ef120
cc0fdb79
cc10202e
cc11aa25
cc12b450
cc13f324
cc14c7fd
cc158339
cc166c71
cc17649a
cc18d41b
cc193d98
cc1a4dcc
cc1bedf1
cc1c2944
cc1d2d8d
cc1e424e
cc1fa3f3
cc2013d8
cc2135ec
cc22b433
cc23194f
cc24f7eb
cc250a2a
cc265c56
cc276d13
cc287463
cc2912ab
cc2aa5ca
cc2be5e6
cc2c78be
cc2dbb26
cc2e819d
cc2f1a19
cc305038
cc31c2f7
cc32921f
cc337423
cc3456a2
cc355e1c
cc366bf1
cc37a9bd
cc384731
cc39db4d
cc3a84eb
cc3b9230
cc3c3b0f
cc3d2d13
cc3e70ae
cc3fd6da
cc40970d
cc4194e2
cc42856a
cc43f0f6
cc44759b
cc4599dd
cc46bb59
cc474439
cc489090
cc49e1fa
cc4abeb3
cc4b2411
cc4cb573
cc4da403
cc4e6ba2
cc4f3a71
cc50da1c
cc51bcdb
cc52ed27
cc53b18f
cc54494b
cc5525af
cc56a643
cc57f57d
cc583665
cc593b34
cc5aa285
cc5bcd24
cc5c8753
cc5dadb8
cc5e63e2
cc5f74f0
cc60251c
cc610677
cc628015
cc63b198
cc642077
cc656e76
cc6685a8
cc674567
cc689971
cc6916d7
cc6a55b9
cc6b4de7
cc6c6dde
cc6dd8e0
cc6e2aac
cc6f6c36
cc7088e4
cc716e55
cc721a1a
cc733787
cc74d1cf
cc751887
cc768a7a
cc772593
cc78d9c8
cc79e97e
cc7a0bbd
cc7bd3bf
cc7ccd00
cc7d8ee6
cc7e9871
cc7f3724
cc808143
cc8125c7
cc8291c1
cc83ec8c
cc840b0b
cc85dae9
cc86a5ab
cc877b80
cc884351
cc890044
cc8ad3b4
cc8bb7ea
cc8ca980
cc8dd3b0
cc8ea18b
cc8fab58
cc90e6a0
cc91bf94
cc92c934
cc93ffb8
cc94fa0f
cc958c9f
cc9659c6
cc9727ef
cc98b5bf
cc995d73
cc9a5655
cc9b5814
cc9c7c27
cc9db8da
cc9ee54a
cc9f2e16
cca08ea8
cca17430
cca28d76
cca3e322
cca47ea3
cca50230
cca6624c
cca7199e
cca877bf
cca997f8
ccaa9968
ccab045f
ccaca34d
ccadc319
ccaead82
ccaf8181
ccb0c872
ccb1d558
ccb27155
ccb32fcf
ccb4bafc
ccb54bc6
ccb688a7
ccb78c2d
ccb87b83
ccb9cd9a
ccba7f86
ccbbad48
ccbc6590
ccbd5b0b
ccbe5bbf
ccbf6c2a
ccc08a8e
ccc183b9
ccc257fd
ccc30479
ccc49962
ccc54a2b
ccc6e20c
ccc7e720
ccc8ade8
ccc92136
ccca92cf
cccba6de
cccc8f3f
cccde765
cccededb
cccf7433
ccd09a82
ccd15b06
ccd2ff14
ccd36de0
ccd485f5
ccd5d12f
ccd698cb
ccd7079f
ccd87630
ccd956d3
ccdaddb3
ccdb3152
ccdc5742
ccdd6dff
ccde3b6e
ccdf43a5
cce036aa
cce1c2ef
cce281b4
cce3ea5e
cce467b9
cce5bee6
cce685e3
cce7da0a
cce8b9ae
cce9acbc
ccea930c
cceb27f6
ccec0eed
ccedcf2c
ccee8bb0
ccef6202
ccf0a577
ccf1a44b
ccf2cb5a
ccf3a307
ccf45553
ccf59cac
ccf6e17f
ccf79e70
ccf89da3
ccf9e4d6
ccfaf2d5
ccfb24da
ccfc2472
ccfdc48b
ccfe7b81
ccff70ec
cd00fc18
cd017c14
cd02de01
cd03f3c7
cd04f309
cd05c596
cd0628ba
cd073452
cd08b848
cd09c278
cd0acfa0
cd0bf18d
cd0c7914
cd0d1ab6
cd0e7a90
cd0f8e22
cd10ca33
cd11b311
cd120c0d
cd132178
cd14739f
cd15cfcd
cd16d512
cd1744b9
cd1821f3
cd193909
cd1a7e61
cd1b9181
cd1ca577
cd1d0ef6
cd1e4be5
cd1f1d11
cd209580
cd216306
cd22763e
cd23d8c4
cd24a3e9
cd25f3b0
cd26f37e
cd2739cf
cd28357d
cd29f3bd
cd2a924e
cd2b44b7
cd2c6afd
cd2d57ec
cd2e5229
cd2f39af
cd30f6ed
cd3192aa
cd323e3a
cd330ba0
cd34f7aa
cd35fea0
cd3697eb
cd37d98d
cd38b9e4
cd393383
cd3a0b69
cd3b779d
cd3ca76c
cd3d3c01
cd3e6a1e
cd3f983b
cd40f6d3
cd41e526
cd42f543
cd431636
cd44fb22
cd45c636
cd464e5e
cd47321e
cd482fef
cd49f5f9
cd4a44a8
cd4b8bde
cd4cca34
cd4dd22f
cd4e3776
cd4f0a96
cd502438
cd51b89f
cd52491f
cd536ccf
cd5424f5
cd552be1
cd56ffd1
cd57cdca
cd586660
cd59885f
cd5a5fda
cd5be64e
cd5c14cb
cd5d58a5
cd5e8e86
cd5f4f2b
cd60e931
cd61205f
cd627bb4
cd63a95f
cd641c71
cd650f7c
cd66e63c
cd67ff67
cd685538
cd69a203
cd6a92e5
cd6b4c9f
cd6c9ee4
cd6dc8e2
cd6e73ed
cd6f9fe2
cd70626a
cd719257
cd72d542
cd73f3c5
cd747606
cd75ca54
cd76e7a0
cd776c0d
cd78b0ec
cd798031
cd7a68f9
cd7bc03b
cd7c3420
cd7d8c52
cd7e5868
cd7f3a2d
cd80ecf9
cd81baad
cd82d5f7
cd838d77
cd84788d
cd8581af
cd861868
cd87fb1a
cd88f3c8
cd89f315
cd8a32d2
cd8b90a1
cd8cec62
cd8d49ca
cd8e9aa0
cd8fdb80
cd9069f7
cd910b84
cd92feca
cd931da0
cd945618
cd95256f
cd9694bb
cd973fd0
cd98aa59
cd99d3b9
cd9aa3bc
cd9b5941
cd9ce7fd
cd9d9cb7
cd9e6306
cd9fc336
cda0b31f
cda1ca71
cda23123
cda34f71
cda47a04
cda5d3e5
cda61004
cda7042b
cda824bb
cda968a7
cdaa3175
cdab1769
cdac4c7b
cdad87f7
cdaedcc5
cdaf4ac6
cdb01627
cdb1c113
cdb2e309
cdb37c1d
cdb40981
cdb54953
cdb60d6a
cdb7b29b
cdb821fc
cdb9f68f
cdbacb11
cdbb2c56
cdbcb111
cdbd0987
cdbe7b9b
cdbf44f7
cdc09975
cdc1db0a
cdc27903
cdc35b9b
cdc41d63
cdc5e61e
cdc6a564
cdc7be25
cdc8d6cb
cdc9adf4
cdcacfaf
cdcb436f
cdccd34c
cdcda7cc
cdceadd4
cdcf7838
cdd00732
cdd16e30
cdd29413
cdd3b610
cdd43d3f
cdd54b1b
cdd68dc2
cdd7c04b
cdd8e507
cdd9dbf0
cddadfe7
cddb3336
cddc4b88
cddd64d0
cdde813b
cddfba13
cde02669
cde1f66d
cde2882a
cde3a02f
cde48d07
cde5da97
cde68dee
cde72fea
cde888fe
cde9a32a
cdeae4bb
cdebec0e
cdec9bb8
cded9048
cdee4a36
cdef277f
cdf027f7
cdf103bb
cdf2bc83
cdf3edc8
cdf4910b
cdf579cf
cdf665e0
cdf7b1fa
cdf8e6e2
cdf95b40
cdfa9acc
cdfbb316
cdfc5c21
cdfd6af1
cdfeffc5
cdffbe6a
ce00c0cd
ce01cb1d
ce02b0af
ce032871
ce04b1d4
ce058696
ce060aca
ce0782c0
ce085f12
ce0954e7
ce0ae83d
ce0b952a
ce0cd1a8
ce0dd59f
ce0ebab4
ce0f219f
ce107a7a
ce11c0df
ce12fccb
ce13c5ec
ce149878
ce1581f5
ce16bc05
ce17f49d
ce18bb2b
ce192901
ce1afc7b
ce1b9f93
ce1c2173
ce1dbb38
ce1e0955
ce1fa28e
ce20220d
ce212c3c
ce22b6c4
ce2348ad
ce24fdda
ce252796
ce26da07
ce278fb2
ce282a51
ce294203
ce2a9330
ce2b9a25
ce2c217b
ce2d2c87
ce2e3a72
ce2fff07
ce30d288
ce31c95b
ce32c0bd
ce334662
ce343e5f
ce35f0ee
ce36b858
ce375ae4
ce38059c
ce396cb6
ce3a02c3
ce3b8bdf
ce3c9b46
ce3d83d9
ce3ea0a1
ce3f3232
ce402717
ce416ffd
ce42af32
ce43a8bf
ce4428b1
ce45d0a8
ce468645
ce47a970
ce48c7a2
ce4991d0
ce4a957e
ce4bb94b
ce4c3a59
ce4ddfad
ce4ea4d6
ce4f42cd
ce502f22
ce51984a
ce523011
ce53d205
ce543225
ce5501bb
ce56e4de
ce5770b0
ce5827b2
ce590c71
ce5a23d0
ce5bef41
ce5caaa0
ce5dcb96
ce5e2d3f
ce5fb81a
ce607eb0
ce61f0cf
ce623034
ce63b8b4
ce649c25
ce6537a2
ce66b775
ce679109
ce68969a
ce696ab5
ce6a2da3
ce6b71bb
ce6c766c
ce6d5046
ce6eec61
ce6fde94
ce707914
ce710090
ce729977
ce733d67
ce746225
ce759f32
ce763a9c
ce77974d
ce7817fb
ce793455
ce7a739a
ce7b8306
ce7cb2f9
ce7d4648
ce7ebf4f
ce7fe1db
ce80f269
ce81b7ea
ce82f3f0
ce83f558
ce8418f7
ce85418b
ce863804
ce87d11d
ce889e3f
ce89fc4b
ce8a70d5
ce8bc052
ce8c0259
ce8de1f4
ce8e0b54
ce8feac6
ce904ca0
ce91c169
ce923079
ce9370f0
ce94a10d
ce9559e7
ce96e671
ce970a97
ce982ce9
ce99adcb
ce9a6511
ce9bee53
ce9cbce4
ce9de9fa
ce9ece28
ce9f28c9
cea044b1
cea11c52
cea24e98
cea32edd
cea4bece
cea55787
cea68ad5
cea73ae2
cea8b407
cea97d19
ceaa50e4
ceabc5ad
ceac445f
cead30e0
ceae22f9
ceaffc80
ceb057dd
ceb1060d
ceb2ade3
ceb38525
ceb46a22
ceb5f8fe
ceb6884e
ceb75e55
ceb86a16
ceb9c1cf
cebade2b
cebb0b88
cebceef6
cebd5a8c
cebe29eb
cebfc1f9
cec06e84
cec17f3c
cec2e7f4
cec3cbd3
cec45fef
cec55ba3
cec60ea9
cec70f81
cec89c79
cec9791e
ceca597f
cecb75d6
ceccebb0
cecd1984
cece8344
cecf91aa
ced02376
ced14e39
ced2bb24
ced3849d
ced4351b
ced56eef
ced6d493
ced7b0b5
ced86124
ced9641b
cedae8a6
cedb4f08
cedcaecf
cedd8beb
cedeeb4c
cedfadf8
cee062ea
cee139f8
cee2d526
cee34faa
cee4be38
cee58dec
cee6fa6e
cee7e424
cee8e19f
cee96387
ceead4f4
ceebb763
ceec53ff
ceed8432
ceee0572
ceef6df2
cef062f5
cef10a9e
cef26550
cef317db
cef4a149
cef5c9bf
cef6ff30
cef7806c
cef83d27
cef938d2
cefa4ed3
cefbd34b
cefc4dcc
cefdab1e
cefeb90a
ceff0e7c
cf00c24b
cf01ee0e
cf025e38
cf03dd3f
cf04e9d7
cf058460
cf06e8ad
cf07f9bb
cf08ce76
cf09cd86
cf0a4f50
cf0b0f51
cf0c106e
cf0dfc33
cf0e4f80
cf0fb93b
cf10a5de
cf115438
cf12f893
cf136cea
cf14a67e
cf15069b
cf1601d3
cf17cc2a
cf18d148
cf1900c8
cf1a01b8
cf1b55b3
cf1c1be1
cf1da8f9
cf1e03cf
cf1f9ad5
cf20285f
cf21237d
cf221f55
cf234217
cf244ece
cf25aeab
cf26dfe4
cf275ca4
cf28e637
cf294f95
cf2a0f4d
cf2bf06e
cf2c3098
cf2df567
cf2e13d7
cf2fa0a6
cf30d998
cf312893
cf32d169
cf33cd7e
cf345781
cf35d180
cf36cb41
cf37d360
cf3888dd
cf39f609
cf3a8780
cf3baf16
cf3ccdef
cf3df7e1
cf3e08c2
cf3f1d5b
cf40572a
cf4161de
cf42e06b
cf433b40
cf44a9f7
cf4566eb
cf46b243
cf470173
cf488b7e
cf496f9b
cf4a9b35
cf4bd51a
cf4c1f56
cf4dd6a0
cf4e8068
cf4f7ec5
cf50336e
cf51aa51
cf52c648
cf53ace8
cf541a7d
cf55dc5b
cf560da2
cf57913b
cf58eebe
cf595410
cf5a8e7e
cf5be549
cf5c284c
cf5d3173
cf5e208a
cf5fe910
cf6093a1
cf61085c
cf62e2ce
cf632031
cf641f7d
cf650231
cf66a5c1
cf67b807
cf68fea6
cf69c817
cf6a42e9
cf6b752e
cf6c0f93
cf6d2f4e
cf6ee32a
cf6f70b3
cf706443
cf719c2a
cf727e26
cf73437f
cf742ce5
cf752365
cf76751e
cf77be12
cf7899bd
cf7966f0
cf7a672a
cf7bf2e9
cf7c1271
cf7dc408
cf7e7783
cf7f4ea8
cf80d411
cf81e0be
cf825a53
cf83c2fc
cf842fac
cf8596ec
cf866dda
cf876add
cf88a861
cf89e192
cf8af12d
cf8b3e13
cf8cf465
cf8d561c
cf8e0106
cf8f73fc
cf90bcb6
cf91badf
cf92e755
cf93ab9a
cf942654
cf95f060
cf9675bf
cf97bce2
cf98f6e1
cf99425c
cf9a26a6
cf9bfa3e
cf9c08d9
cf9d7179
cf9e4a6d
cf9f4c96
cfa017a4
cfa10da8
cfa241ae
cfa3b53c
cfa45eb0
cfa526c7
cfa61ca1
cfa77239
cfa84a87
cfa928d0
cfaa6737
cfabd632
cfac980d
cfad2422
cfaef01e
cfaf803e
cfb09d10
cfb1422c
cfb2c370
cfb32f0a
cfb44873
cfb5011e
cfb6f823
cfb75d7b
cfb88d2d
cfb9145c
cfba6426
cfbb6aa6
cfbc19e6
cfbdef7e
cfbeeaf5
cfbf308f
cfc0475c
cfc1248a
cfc2c4ea
cfc3440b
cfc49bf4
cfc5f8a7
cfc677e7
cfc77f14
cfc8a3ac
cfc9d5b7
cfcaebb7
cfcbedaf
cfcc783c
cfcd0502
cfce410d
cfcfd5d3
cfd0ac74
cfd18aed
cfd2c051
cfd33cdc
cfd4b302
cfd50292
cfd6be01
cfd71387
cfd82b71
cfd9a540
cfda988d
cfdb05d4
cfdc4fb9
cfdd5c33
cfde7d5f
cfdfe804
cfe0ba33
cfe1b2de
cfe276bb
cfe32456
cfe47efc
cfe52621
cfe63027
cfe713d9
cfe85c69
cfe9ccdd
cfeaa7e1
cfebe8eb
cfecc51a
cfed6935
cfee4d44
cfef3016
cff03d74
cff1fcfa
cff2678b
cff3e26c
cff468e8
cff5412c
cff6a7fb
cff7e13f
cff893f9
cff9e2de
cffa54d1
cffbb1cb
cffcadce
cffd17d1
cffead51
cfff62a6
d0004ebb
d0013ea4
d0025619
d0033b12
d0042f43
d0050ac7
d00639e2
d0074f8a
d008c239
d009cf28
d00aa572
d00bb4d1
d00cd126
d00d20d4
d00e1d4e
d00f9b24
d0102f34
d0111423
d012258d
d013bff2
d014dd77
d015e339
d0165560
d0174115
d0182796
d0190c6c
d01ace50
d01b7645
d01c84d2
d01da18f
d01e5b06
d01fc4dc
d020a94e
d0215fd5
d0228511
d0231efc
d0242eba
d0254158
d026c0ca
d02781dd
d028e12b
d029ee0a
d02a6a14
d02b842f
d02cf01d
d02de71b
d02e09b8
d02fd8fd
d0309213
d031639f
d03283b8
d03322a9
d0345951
d035be75
d036ec4c
d037556d
d038acd2
d039185a
d03aeff5
d03b0e77
d03c6175
d03d07cf
d03eaaa9
d03f8124
d040c306
d0411530
d0424f84
d043bcd7
d044ec24
d045fb14
d046fb21
d0470c48
d0486ce2
d049d435
d04aa12d
d04be479
d04c5bd3
d04d2255
d04e1873
d04fb2fd
d0503e7a
d0510d8a
d052bd72
d0531745
d054086c
d05587ae
d056b2d3
d05760d3
d0581555
d0591619
d05a5a8d
d05b1510
d05c2e38
d05d6794
d05ee974
d05fe337
d0600a62
d061df56
d0627b07
d0631512
d06475da
d0654443
d0660d03
d067e7ac
d0685ad7
d0695dc6
d06a882a
d06bb184
d06c576f
d06db31f
d06ef0d2
d06f391e
d0706548
d07158c0
d07242da
d07363d6
d074f91a
d075167c
d076fbc5
d077fe97
d0782e02
d079a77b
d07afbb1
d07bfbd4
d07ca33b
d07d9dde
d07e9aea
d07f4831
d0801f55
d081247b
d0822a5e
d083b031
d0847303
d0857334
d0865648
d0875f5b
d0889fee
d089d480
d08abdf5
d08b33bd
d08c511f
d08d1ea6
d08eead5
d08fb621
d090cfdf
d091a017
d092b14d
d0937f8e
d0945f1e
d09591d2
d0962981
d0977d00
d098dcb3
d0990862
d09acea6
d09bca64
d09cbf41
d09d262c
d09e5c34
d09ff9d0
d0a07334
d0a19821
d0a26345
d0a38f51
d0a44a3f
d0a5f264
d0a6a4e9
d0a730a7
d0a8449d
d0a9df5d
d0aa1f5c
d0ab71c8
d0ac6dfa
d0ad95e8
d0ae614c
d0af800d
d0b0bf98
d0b16640
d0b231cd
d0b3faae
d0b4bd3c
d0b59b7f
d0b6661c
d0b77392
d0b8b0c7
d0b99d8c
d0ba8c7f
d0bb2362
d0bc1af0
d0bd43b1
d0bea30c
d0bfaf27
d0c0fb7a
d0c1313d
d0c2d400
d0c30329
d0c42968
d0c5dc0b
d0c647f5
d0c73165
d0c8edb9
d0c90b16
d0ca3216
d0cb15c2
d0cc9685
d0cd35d9
d0ceec4e
d0cf5eba
d0d00835
d0d1a152
d0d210fa
d0d35fa6
d0d40cad
d0d5aef4
d0d638da
d0d70f35
d0d86780
d0d9ab0d
d0da9ea3
d0db07b6
d0dce9cd
d0dd01cc
d0de4167
d0df291a
d0e0ea68
d0e1250d
d0e25001
d0e39064
d0e4a9a6
d0e59246
d0e63daf
d0e72aa6
d0e8b498
d0e9a121
d0eaf994
d0eb0314
d0ecb887
d0ed5718
d0eef6ce
d0ef0e11
d0f09b7f
d0f1242c
d0f2e08f
d0f380e0
d0f4a36a
d0f50460
d0f659b6
d0f78ab5
d0f821bd
d0f93192
d0fabe8f
d0fbacc6
d0fc918e
d0fd29d0
d0fefb88
d0ff6b9b
d1007f83
d1014d70
d10239e4
d103a8e3
d104e6af
d1055a14
d1060647
d107dd24
d1089bd8
d109b5ac
d10ac11a
d10b9a4c
d10c1e34
d10d96ef
d10ed4af
d10f5b23
d110e183
d1114bb8
d11294bc
d1135d94
d11409ca
d1156087
d116e6f8
d117a5cb
d1184f57
d119f800
d11abee6
d11bbe2f
d11c6264
d11dd2ca
d11e3e1c
d11f96a2
d12022aa
d121f7d2
d1227376
d123f11f
d1241862
d1250e44
d126cfe2
d127f4d2
d1284ca5
d129c387
d12a9d8b
d12b73c9
d12c8f82
d12df3c4
d12e3033
d12f0f70
d130cd6f
d1311cf5
d1323cf5
d1337901
d134f925
d135a2bc
d13643a4
d137bbec
d138e933
d1390040
d13a494f
d13bf60c
d13c08b4
d13db0d7
d13e8174
d13f62e9
d14017dc
d141d806
d1424878
d143c38f
d144b9c1
d145001e
d14604db
d147495b
d14810ef
d149674e
d14a29de
d14b2eb9
d14cf4b2
d14df8c6
d14e8ccd
d14fb25d
d150b2f0
d151dc2b
d1522cfe
d153fb5a
d1541525
d155e3ee
d156c54d
d1576669
d15829c7
d1597915
d15a0001
d15b8f3b
d15cb913
d15dcb29
d15e5b89
d15fc153
d1606632
d1619341
d1627761
d163ab5b
d1643eec
d1654327
d1660a51
d16715ec
d1685441
d169978b
d16ae8bf
d16baa7e
d16c81fe
d16d6351
d16e06d3
d16f697e
d1703544
d17128da
d172dadb
d173beba
d174fdb7
d175fd2a
d1762b84
d177cc53
d178c8f9
d1798db7
d17a796a
d17b4219
d17c4a5b
d17d2841
d17ee40a
d17fbdc5
d180d1fd
d181c101
d182ff7e
d1834ff7
d1841f65
d1858ac8
d186e549
d1871ac3
d188770a
d1898d11
d18a9527
d18be6ad
d18cd092
d18db5d8
d18effc7
d18ff247
d190a980
d1916b91
d1929c58
d19316e7
d19498c9
d19519ba
d196a853
d1971430
d1984375
d199efab
d19abb0b
d19b887c
d19c616d
d19d0b80
d19e2193
d19f08c8
d1a03aa1
d1a10648
d1a254c8
d1a332e5
d1a44cbe
d1a558b0
d1a601e2
d1a7ebcb
d1a8a80b
d1a971b1
d1aab507
d1ab2eb1
d1ac1165
d1ade28a
d1ae2bf1
d1aff8c6
d1b0807f
d1b1e3da
d1b22b33
d1b3fd8f
d1b44a81
d1b50d85
d1b61563
d1b7b1de
d1b828d4
d1b9baa3
d1ba683c
d1bbab78
d1bca8f4
d1bdfee4
d1be0cfc
d1bf5cda
d1c08cda
d1c11d22
d1c2fdf7
d1c37b9a
d1c43a72
d1c5900a
d1c67b5a
d1c76e24
d1c86158
d1c9b850
d1ca65b8
d1cb69cb
d1cc23f5
d1cdf26a
d1ceef91
d1cf774e
d1d0b118
d1d16018
d1d2ba41
d1d3da79
d1d42e9f
d1d5c231
d1d66935
d1d7571b
d1d8d69f
d1d92f82
d1da84e9
d1db9fcb
d1dcefee
d1ddf691
d1de8c29
d1df9781
d1e0fc5f
d1e1c99e
d1e23d90
d1e39556
d1e406ce
d1e52d95
d1e628b6
d1e77b11
d1e8e8f6
d1e99f65
d1eafde1
d1eb8a2b
d1ecc8bd
d1eda4ca
d1eedea7
d1ef12eb
d1f00594
d1f14c3d
d1f2fab1
d1f314b6
d1f4ba82
d1f593f9
d1f650ba
d1f77978
d1f8edc1
d1f9aa29
d1facd59
d1fb15a1
d1fcb491
d1fd8c0a
d1fe36fb
d1ffe126
d20034e1
d201d0d9
d20202b3
d2030252
d2049cfd
d205a172
d206ee8b
d207626b
d20897e3
d209cb7b
d20aadda
d20b0373
d20c76a8
d20d071b
d20ead98
d20f6074
d2104e95
d2114585
d2124b74
d2139a60
d214593e
d21567b7
d216b7aa
d217182d
d218d9d2
d2197bbd
d21a0333
d21b65ef
d21cc875
d21dfa46
d21e8907
d21fb2ca
d220bd84
d221cc64
d222ec70
d223a370
d224646f
d2252450
d226d222
d227848c
d2284782
d2295f42
d22acbe7
d22b38a6
d22c5dc5
d22d6d0f
d22ee5da
d22ffe0a
d2308864
d231df49
d23293b6
d233dc2c
d2349e5c
d235c35d
d2363d2a
d237f0ee
d2383ef2
d2392762
d23a66d3
d23b9ef6
d23c1b4b
d23d7527
d23e3734
d23f8a90
d240fb00
d2418ff8
d242d41d
d243eef9
d2447010
d245ff96
d2465d8d
d247896b
d2482bc4
d249a7ed
d24a5044
d24b3518
d24c3ba9
d24d867b
d24e2c73
d24f1404
d25049c4
d251b07a
d25279d6
d2533e5f
d254042b
d255e5f9
d256e1fc
d257ddb9
d2586350
d259d6df
d25abcc1
d25bd875
d25c9f70
d25d4cb8
d25e5e77
d25f0547
d2607b92
d2618242
d262a295
d263256b
d2643796
d26571f6
d266293a
d2674fcd
d268fa5e
d269cce1
d26a8621
d26bd044
d26cdcdb
d26d9ab0
d26ebab1
d26f8db5
d27077a6
d2719ef2
d2726097
d2733ce1
d2741a07
d2751e61
d276c5e4
d2774247
d2787748
d27990cd
d27aaa82
d27b5d98
d27cbbc3
d27de200
d27eabad
d27f43ba
d28001a8
d281f150
d2829b71
d283bc6b
d284288c
d285d38e
d2866eee
d287775a
d288bd6b
d28920d3
d28a8f73
d28b1ead
d28c80ce
d28d5d36
d28eb1dd
d28f3560
d290951c
d291de5a
d2924000
d293135f
d294e616
d295ca97
d296348e
d297caf9
d298c945
d299cb8f
d29af296
d29b57d7
d29c4a72
d29da328
d29e794b
d29f1160
d2a0f026
d2a141a2
d2a2f863
d2a3f2e1
d2a41f94
d2a5cd0e
d2a6476d
d2a7b02f
d2a80057
d2a9d5da
d2aaf87e
d2ab8880
d2acd459
d2ad49a9
d2ae996a
d2afbc13
d2b0dff4
d2b1d840
d2b291ea
d2b3e163
d2b4e6b4
d2b50272
d2b6c56e
d2b70616
d2b8d82d
d2b986a0
d2ba828b
d2bbfa8d
d2bc0c1a
d2bd9c84
d2bed157
d2bf7b53
d2c0bc83
d2c1a335
d2c24579
d2c3dd4d
d2c415ed
d2c52830
d2c6d19f
d2c7ae2c
d2c80b61
d2c95d44
d2caaa8d
d2cb9519
d2ccc342
d2cd30a8
d2ce27d0
d2cf8fa4
d2d0fe1e
d2d13ea2
d2d23a6a
d2d3492a
d2d4bd5f
d2d57d92
d2d69057
d2d72d3f
d2d847fd
d2d977ee
d2da9056
d2dbba6a
d2dc0afd
d2dd53c7
d2de87b7
d2dfd117
d2e0543b
d2e16214
d2e2a6d9
d2e37805
d2e45850
d2e5fb48
d2e6e7f3
d2e77639
d2e8a1eb
d2e94746
d2ea6c5d
d2eb91f3
d2ec9a76
d2edf36e
d2ee6669
d2ef9dfe
d2f0e658
d2f175c1
d2f27665
d2f32319
d2f4ded9
d2f50493
d2f6ea10
d2f7e910
d2f852c6
d2f9bce4
d2fad71a
d2fb58ab
d2fccbe8
d2fd489b
d2fec645
d2ff0271
d300d0c3
d301f93d
d302f765
d303a82e
d304c129
d3056471
d3064108
d307c58e
d308115c
d309173e
d30a01a4
d30b9623
d30c3c53
d30d4a3e
d30e24bd
d30f70f3
d310565a
d311ec33
d312195a
d3131f67
d314082a
d3152829
d3160652
d317e5af
d318e68f
d319a90a
d31a9429
d31ba2c0
d31c4889
d31db60a
d31e0b93
d31f4a1e
d320b798
d3215f67
d322ef60
d32359c0
d324f184
d3254409
d3262135
d3278ff4
d3281a13
d3297804
d32a6065
d32b1e98
d32c0a2f
d32d901f
d32e1008
d32f1040
d33037cf
d331b51c
d332be7b
d3333abf
d3347caa
d335d83f
d336c03e
d337949e
d338576c
d3398b4c
d33aba33
d33b63c9
d33cf38e
d33d8223
d33ee739
d33fce86
d3404a01
d341b193
d342dbd4
d343b08f
d344131a
d34532f6
d346e8f0
d3477a5b
d3488454
d3491e25
d34a6bf6
d34bf3b6
d34c296e
d34dfd2e
d34e89f8
d34fddde
d350099d
d351f351
d352f315
d3531620
d354d145
d3552a94
d356c6e7
d357fc32
d35867de
d3594855
d35ac6c0
d35b0fb8
d35c9eeb
d35d5584
d35e62eb
d35fd183
d36047f2
d3619491
d362f671
d3634e70
d3646d26
d3654b11
d3668d2a
d367c715
d368617d
d369c3be
d36a11ed
d36bebc9
d36c1768
d36daa4d
d36eaab4
d36fa6c9
d370de3e
d371ae71
d372766e
d373d919
d3749986
d37566b8
d376fd04
d377b6f9
d378c09d
d379d9e5
d37a23aa
d37b35e7
d37caad0
d37d4fec
d37e4610
d37fcc49
d38057b0
d38165dd
d382a158
d3839e63
d384eab9
d385b09a
d3867645
d387113d
d388824e
d3892fa2
d38a2770
d38bab89
d38cbf33
d38d3305
d38ec696
d38fc03d
d3904148
d39127d3
d392a6c8
d393aabf
d3948b49
d39594c4
d3969068
d3971c6c
d39830e0
d399ceeb
d39ae978
d39b41f5
d39c2ee0
d39d6346
d39e8157
d39f9bdb
d3a058a7
d3a1ec88
d3a2271f
d3a35b76
d3a4830c
d3a5837d
d3a6c428
d3a738a6
d3a87bb3
d3a9ed20
d3aaa5cd
d3abcbf8
d3acf7a5
d3ad949c
d3aee9ad
d3afc8d9
d3b0c78d
d3b1dd0e
d3b25965
d3b3c001
d3b4b822
d3b5f261
d3b65f20
d3b7d7ad
d3b8b4e2
d3b9ef65
d3ba1c62
d3bb1784
d3bc86ca
d3bdb931
d3be500b
d3bf1332
d3c02c51
d3c1a2ad
d3c28bbe
d3c3b113
d3c43976
d3c509dd
d3c6768e
d3c7d1b9
d3c8dfc3
d3c97bda
d3ca3b99
d3cb2aee
d3cc6cdc
d3cda6ca
d3ce85d2
d3cf71a1
d3d0f37b
d3d14bc3
d3d2c2ce
d3d3dd81
d3d4107a
d3d530ab
d3d60a29
d3d708ac
d3d8affb
d3d9b1c4
d3da442a
d3db29d8
d3dc546a
d3dd51de
d3de0a71
d3df8337
d3e08e62
d3e1023d
d3e20dbc
d3e34346
d3e4eb37
d3e5cb13
d3e6b7e2
d3e76eae
d3e8c7ba
d3e9795f
d3ea254a
d3ebc96e
d3ecb638
d3edc142
d3ee0cbd
d3ef1077
d3f0fccf
d3f15ee2
d3f2b7f9
d3f381ef
d3f43cee
d3f51d51
d3f65dc4
d3f77d37
d3f85426
d3f9930e
d3fa485b
d3fb7d92
d3fc8c5d
d3fd25a6
d3fed110
d3ff4d14
d40099d8
d401a17a
d40287d6
d403ab90
d404cf98
d4053d53
d4064dbb
d4076ab1
d408d043
d4099f70
d40a6c7b
d40b21b3
d40c822b
d40d4603
d40e31a1
d40f4664
d410e1a0
d41168e6
d412ede3
d4138cdd
d41450c7
d41553f1
d4160373
d4178326
d41840cc
d419ca1a
d41a7ee7
d41ba080
d41cd2ec
d41d0ecc
d41e285b
d41f9d51
d42095ee
d4212001
d422a813
d4236f69
d4240d7e
d4254bab
d4260a10
d427b51a
d4288079
d429f32e
d42ab662
d42b2135
d42c259a
d42d7e6e
d42e44ff
d42f006d
d43078fb
d431a702
d432a601
d43388e4
d434ff3b
d4351bc9
d436a707
d437678c
d4388c96
d4391783
d43ab75f
d43bf2c0
d43c4cd9
d43de401
d43eebd9
d43fd839
d4408393
d441b0ec
d442a764
d4438501
d44410ed
d4456f15
d4467afc
d4472e80
d44826ea
d4490c37
d44a511a
d44bb20d
d44c3582
d44db34e
d44e0a93
d44f9211
d4500a71
d4510eac
d452c638
d453559b
d454602f
d455664e
d456983d
d457ecae
d45832e4
d459a2c8
d45a4467
d45b33c8
d45cef03
d45da747
d45e18ed
d45f4894
d4603ea3
d461f2b3
d462e2f3
d463249f
d4644cae
d465dab5
d4667dde
d4676536
d4689f11
d469b58d
d46aebd1
d46b392e
d46c5dc0
d46d539c
d46eb898
d46f93e8
d470770a
d471b511
d472c20b
d4734685
d474de21
d475bcbe
d4767839
d4773b5e
d4782c32
d479a2ab
d47aec26
d47b346b
d47c59ae
d47dde48
d47e2c91
d47f4184
d480e9b8
d481e6ff
d48210d3
d48365f1
d48418b3
d4852835
d486d1b1
d4875bb6
d48806cc
d489102d
d48a58ef
d48bca39
d48c5e3c
d48d1f42
d48e1a1c
d48fd210
d4902375
d4914fd0
d492ba10
d493b751
d4947fc4
d495099c
d496344d
d4976d92
d498d844
d4991073
d49aa7ed
d49b638c
d49caecf
d49d2f0b
d49e2f98
d49ff6ce
d4a04ce0
d4a1ef29
d4a26f45
d4a322ae
d4a46854
d4a51e91
d4a63432
d4a7e0a1
d4a83d02
d4a97c09
d4aa8715
d4ab2130
d4ac7962
d4ada3ba
d4ae92ba
d4af2092
d4b03d92
d4b15837
d4b25b98
d4b3f269
d4b499bf
d4b5eece
d4b6e859
d4b7698f
d4b820c9
d4b9a9e2
d4ba93bb
d4bbe1e4
d4bc4881
d4bdb048
d4be6262
d4bf2028
d4c063dd
d4c1dadd
d4c24e99
d4c308b6
d4c4a38d
d4c5c9b9
d4c6d036
d4c7d1fb
d4c87623
d4c9648e
d4ca5b48
d4cb11b8
d4cc2f55
d4cd23f5
d4ce877c
d4cf6230
d4d06f6e
d4d18754
d4d27c4c
d4d3e381
d4d4fead
d4d50ebf
d4d68783
d4d74a71
d4d81367
d4d99c3b
d4dad6b1
d4db3316
d4dc1892
d4dd4ac8
d4ded483
d4dfb673
d4e0f044
d4e13097
d4e28ebd
d4e3b3e3
d4e4170f
d4e5db63
d4e63904
d4e724a8
d4e865ec
d4e9d239
d4ead27b
d4eb5aea
d4ecdfee
d4ed1aa1
d4ee1423
d4ef783b
d4f0160f
d4f1a0f1
d4f2a308
d4f32c35
d4f4a47a
d4f5cd47
d4f66a05
d4f79d02
d4f8a219
d4f95045
d4faa66e
d4fb8d31
d4fc8215
d4fd9508
d4feb123
d4ff6bdd
d5009e0a
d5018974
d5026e1b
d503533c
d50414e1
d505a091
d506755a
d507213f
d5085dd1
d5090552
d50a3ef8
d50b4daf
d50c1198
d50d59fd
d50ed70a
d50f229c
d5108a37
d5112e5d
d512ed0d
d5132583
d514d67e
d515cd53
d516f469
d517b259
d51863dc
d5191c3e
d51a0324
d51b30c0
d51c54f0
d51d9d76
d51e54d2
d51fd78d
d52043f5
d52101c1
d5227f46
d5237e84
d52425fa
d5253603
d5266994
d527464a
d52895cf
d52905c0
d52ab984
d52ba4bb
d52c821e
d52dcb55
d52e4766
d52fd221
d530dc49
d531bb73
d5322ee2
d5334032
d5348702
d535b302
d53647cf
d537031c
d53895a2
d5395929
d53a12fc
d53b1849
d53c2d1a
d53d4f78
d53e0590
d53fcd7c
d5401933
d541c1f4
d5423c5b
d5438659
d544e80e
d545db4b
d5467bdd
d547c78b
d5483d90
d549ddaf
d54ab5d8
d54be71f
d54c067e
d54dbbed
d54e99cc
d54ff736
d5505dad
d551e64f
d552fef8
d553b581
d5548366
d555850a
d556c724
d5577d6f
d5583bdb
d5595569
d55a7c07
d55bb919
d55cd4e8
d55d1891
d55eed8b
d55f8ea4
d560b1bf
d5618f16
d562e9d9
d563e560
d5643128
d565285d
d5666a33
d567fd46
d568b9c0
d5695a80
d56ac1a3
d56b4178
d56c730d
d56d9d97
d56e80eb
d56f2289
d5702c21
d571406d
d5721abb
d573b12a
d57440de
d5751cb1
d5764b0a
d57718a1
d578e183
d579088e
d57ad5f2
d57bf24b
d57c03aa
d57d1d9d
d57ea331
d57f0a77
d580efca
d5819cd7
d582fb57
d5830598
d584d467
d585e09d
d5866dae
d587c8b3
d5889653
d589f71e
d58a3e70
d58b4331
d58c9134
d58dc85f
d58ebdac
d58f2418
d590cd3d
d591bf84
d5926384
d5934ef5
d5941c54
d595c468
d596d49f
d5977657
d598a25c
d599453f
d59a3e9a
d59b0ad1
d59c9e24
d59d1b4c
d59ebaf9
d59f6e59
d5a0b709
d5a17187
d5a28096
d5a3c26e
d5a4520b
d5a540ef
d5a6bc5d
d5a78e37
d5a8e4ae
d5a97337
d5aaaa27
d5abd250
d5ac4ac5
d5ad9813
d5ae17d4
d5af25eb
d5b02cc4
d5b1ad13
d5b291d5
d5b31102
d5b4bb82
d5b59d33
d5b66e7f
d5b79cf0
d5b85168
d5b9c0d7
d5ba544a
d5bbcceb
d5bc7c1b
d5bdf778
d5bea050
d5bf3a09
d5c026bd
d5c146cd
d5c2bf02
d5c3fda0
d5c43ea7
d5c522e7
d5c6eb1f
d5c7a138
d5c866d0
d5c99992
d5cad90d
d5cb8bd4
d5cc7b7e
d5cdd5ca
d5ce5d60
d5cff24c
d5d01d67
d5d1b28e
d5d2fbd7
d5d38e13
d5d40f0c
d5d5c9b4
d5d69294
d5d7789f
d5d8f06f
d5d9f3b8
d5da0323
d5db69f1
d5dc9316
d5dd0e80
d5de787c
d5dfb4ed
d5e0307d
d5e12f19
d5e27bf7
d5e3e9c7
d5e4f31c
d5e5c2ae
d5e61aea
d5e725a6
d5e8179f
d5e9c016
d5ea53be
d5eb982a
d5ec15d2
d5ed3a1e
d5ee8f49
d5efe8eb
d5f0fd0e
d5f116fb
d5f2ab16
d5f3f6fa
d5f423ba
d5f5def3
d5f69452
d5f7e55f
d5f820ae
d5f92059
d5fa7bf3
d5fba343
d5fc25ed
d5fd51f9
d5fe7c1f
d5ff0d44
d600afb3
d6019b76
d602cad2
d60325a3
d6040229
d6053f3a
d6065bb8
d607e6bd
d608485c
d609b3ba
d60a1e60
d60b8d57
d60cf057
d60d87d0
d60ea38c
d60f1750
d610d963
d61162f9
d612f661
d613112c
d61481e1
d615d327
d616b6ff
d617c4fc
d6186865
d61958d4
d61ac4b5
d61bbcfd
d61cf243
d61db015
d61e6c48
d61fa33e
d62031c9
d621f5db
d622e7a2
d6239963
d6249bbb
d62578d2
d626a5d0
d627e48f
d628b348
d629da45
d62a0a13
d62b5fc7
d62c6730
d62d93f1
d62e21a5
d62f3808
d6308936
d6310e27
d632c52d
d6337913
d634bacd
d635f830
d63606a8
d6377165
d63860e9
d639baca
d63acb5c
d63b053f
d63c62ea
d63d9e9d
d63ea8ed
d63fd21b
d640b420
d64117d6
d6421a70
d643a83f
d6448366
d645e968
d6466def
d647a1fc
d648a8d3
d64922b3
d64a8cf7
d64b622b
d64c3ec2
d64d3538
d64e13e7
d64ff385
d65026b4
d6511701
d652cb02
d653019d
d654e1f5
d6553be9
d6565bf9
d6570806
d658c5cd
d65950cc
d65a268f
d65babf9
d65c1102
d65db0f1
d65e3a32
d65f3446
d660d99f
d6616ce1
d6622e75
d663b9f1
d66444a0
d6652984
d666e8f2
d667fa4c
d668ae40
d6696375
d66a11f1
d66bbbe9
d66c2b5d
d66dad51
d66e0522
d66f0a31
d6706e53
d671b2e9
d672dea6
d673a899
d674d552
d67542ab
d6762c4d
d677ed91
d678a8c6
d679f2af
d67a806d
d67b6ad2
d67cc48e
d67db635
d67e37e9
d67f8515
d6800d06
d681bae2
d682c22d
d6838abf
d6845f47
d685debe
d686440e
d6879990
d688a69c
d689cb1f
d68a4549
d68bdcf8
d68cd22d
d68da5d0
d68e78d8
d68fd07b
d69006ef
d691c4b7
d692ec4f
d6936ea2
d69403f9
d6950d8e
d6966a71
d697278f
d69867b3
d699810b
d69a12e8
d69b5b0f
d69c10e6
d69d980a
d69eca33
d69fc3a6
d6a0a140
d6a18b35
d6a261d0
d6a302ad
d6a4dd6b
d6a505ce
d6a626ea
d6a70eaf
d6a8087a
d6a991df
d6aa920b
d6ab71f0
d6acadf8
d6ad4bc5
d6ae2065
d6af8134
d6b03bdd
d6b1943b
d6b24de7
d6b3f5d1
d6b48522
d6b55eff
d6b60282
d6b7be61
d6b84e67
d6b9fb70
d6ba535e
d6bb2475
d6bcd61b
d6bd7071
d6be5637
d6bfe237
d6c0ac17
d6c1d312
d6c24d5f
d6c30b7f
d6c45859
d6c5883e
d6c6380c
d6c7a61a
d6c84b66
d6c9953f
d6caa193
d6cb7244
d6cc4ff1
d6cd4c7e
d6cec3f4
d6cfc36e
d6d0af79
d6d19150
d6d295ba
d6d3f206
d6d4b6a4
d6d5ff20
d6d6afa5
d6d776d3
d6d86d08
d6d9cbc6
d6dad381
d6db4f4d
d6dc3ea8
d6ddc77b
d6ded633
d6df6696
d6e00591
d6e1b0e0
d6e2766f
d6e3a757
d6e4b64f
d6e592ae
d6e641fd
d6e7d58f
d6e830a0
d6e95835
d6ea7256
d6ebb1f8
d6ece30a
d6edcf91
d6ee5672
d6efa70a
d6f02064
d6f105f0
d6f2b102
d6f3e82f
d6f4b0f7
d6f5e371
d6f6c2d0
d6f71f97
d6f89cb6
d6f9c771
d6fa7f05
d6fb33f1
d6fc161e
d6fd6891
d6fe9e01
d6ff6280
d700711e
d701e25d
d7021470
d703c503
d7045405
d7059ad5
d7065271
d707fe75
d708237c
d7090b7a
d70aa3aa
d70b18a2
d70c0694
d70dff0a
d70e9de6
d70f5df0
d7106883
d7114a29
d7124b75
d7133ff0
d714f037
d715e78c
d7160514
d717e647
d7184add
d7193f9b
d71a803c
d71b645b
d71cdea5
d71d7a26
d71e630a
d71f8985
d7202b1c
d7210a38
d7223da5
d723ec31
d7242c38
d72565f5
d726867d
d7273790
d728fd97
d7291681
d72a054e
d72b2fac
d72c4451
d72db2cf
d72e33d8
d72f1387
d730570e
d731c374
d732133f
d733a5ed
d73467bf
d7353392
d7365317
d7377d33
d7383163
d7390ac5
d73ac34d
d73b7e0b
d73c7bce
d73d0d1e
d73e17cc
d73f20df
d74028f1
d7417468
d742adf9
d743eeb2
d7441f1e
d745cf72
d74691cd
d74723d2
d748c360
d749ca68
d74a4afa
d74bf290
d74c7055
d74dc036
d74e0711
d74f5ec9
d7504615
d751af95
d752f390
d753d4d4
d75496ff
d7550cbe
d756346c
d75728a8
d758891c
d759b84e
d75a29b2
d75bc1fa
d75cf2cf
d75d7aca
d75e5cf1
d75ff41b
d760f3f4
d761c0b1
d76204d4
d7637a47
d764ed16
d7653288
d766a5a2
d767a1a8
d7680779
d76991dd
d76a552c
d76b005b
d76cca64
d76d307a
d76e6b82
d76fb061
d77047c8
d771e69b
d7720d77
d773dfaf
d7747379
d775c596
d7760819
d777d81f
d778be24
d7797a7e
d77af08b
d77b71a8
d77c2823
d77dc55d
d77e1d48
d77f2a1c
d7804cfd
d781c147
d782f9b5
d7836c6b
d784c658
d7852e70
d78622ad
d7877b54
d788dccc
d789c893
d78a4916
d78be06a
d78c8f16
d78dd644
d78eab0d
d78ff93f
d79065f4
d791bc58
d792ed68
d793d324
d7942fe0
d795e0a7
d7967f59
d79710ef
d798aa59
d79924f9
d79ad93c
d79b3613
d79c258b
d79d9897
d79eabdc
d79fa05c
d7a08d03
d7a16601
d7a24871
d7a39d3b
d7a40e39
d7a59679
d7a64a52
d7a7f289
d7a838fb
d7a97695
d7aa6f98
d7abddbb
d7acc1ea
d7ad0e83
d7ae3d0f
d7afe081
d7b025f1
d7b12237
d7b2337b
d7b380b4
d7b43552
d7b56e4d
d7b643ce
d7b70939
d7b88597
d7b984a5
d7ba6e7d
d7bbf648
d7bcfcdf
d7bdf50e
d7be63bb
d7bf3657
d7c0e2de
d7c19393
d7c2f090
d7c34cd9
d7c4683a
d7c53846
d7c6061c
d7c74ec6
d7c8d242
d7c92b79
d7caecad
d7cb2b32
d7cce669
d7cdebea
d7ce1b6f
d7cf4f77
d7d0e09a
d7d1619b
d7d2431e
d7d38396
d7d40965
d7d5fd7e
d7d6cdc4
d7d7c4a4
d7d8c808
d7d975ed
d7daf070
d7db3937
d7dc3ba4
d7dd5e80
d7dee276
d7df66dd
d7e0a5b1
d7e167fd
d7e2d404
d7e3c0f9
d7e4c447
d7e52f40
d7e689a5
d7e70eb0
d7e859ef
d7e92397
d7ea7cda
d7eb1d05
d7ec0e99
d7ed3ef7
d7ee70f7
d7effefd
d7f0f3cb
d7f13670
d7f203b4
d7f34baf
d7f45f09
d7f52b7b
d7f67783
d7f76367
d7f8b579
d7f93650
d7fa39f7
d7fb5638
d7fc568b
d7fdb23d
d7fec763
d7ff8b08
d800acc7
d8019726
d80298b7
d8039319
d804ce1c
d8053c5e
d806ca08
d8079319
d808a736
d8098a6a
d80a9d81
d80be995
d80cce6c
d80df3b4
d80e70c3
d80f4c70
d81046cf
d81180bf
d812059c
d8139924
d8140cb4
d815a613
d8168039
d8172bd9
d818b950
d819e7db
d81a6bbb
d81b5361
d81caf97
d81d9874
d81ef02c
d81fdf1d
d820892c
d821b050
d8223c76
d823cd40
d824bf38
d82569ad
d8266d91
d8272fdc
d8286759
d829b5cf
d82a3a1c
d82bfb98
d82ce3ce
d82d2025
d82e056d
d82f1cd4
d830b95d
d831e8f8
d8325ad4
d8332161
d834ff91
d83548dd
d836fe58
d837f273
d8385d25
d8390450
d83a5dee
d83bbefc
d83c2433
d83dd4a4
d83e6d1b
d83f8034
d840ee9f
d8415a22
d842a132
d8431b39
d8443310
d845b908
d8465d71
d8478eba
d8486b7e
d84928a9
d84a70b4
d84ba9bb
d84c724f
d84d883a
d84e7691
d84f3a84
d850cebd
d851f571
d852ee8a
d853e9c9
d8545fa6
d855943c
d8564d0e
d8577ebd
d8582591
d8596077
d85a7187
d85b3f21
d85c7dc0
d85d3309
d85ebba0
d85fd2b4
d860246c
d8611c04
d8621c8d
d8637840
d864af67
d8656e69
d86633da
d8679ef5
d868a034
d8693cff
d86a3692
d86b48fc
d86c4c9c
d86dd780
d86e5c8c
d86f59eb
d870e6b8
d871832a
d872348a
d8736678
d87498f6
d8756d13
d87686a8
d8772255
d878ff45
d879727b
d87acd10
d87b849d
d87c7262
d87dbfdd
d87efd58
d87feec7
d88041fb
d8813bfa
d882279d
d883655a
d884f68d
d8856f94
d8862483
d887d248
d888319c
d8896a91
d88a1456
d88bc2ed
d88ca6e0
d88dce33
d88e6944
d88f7bba
d890fdd7
d891bdaa
d89226d7
d8935742
d894ed46
d8952461
d896aa9f
d897836a
d898e960
d8990a06
d89a2524
d89b10fc
d89c42ea
d89dceea
d89e7f29
d89fe8db
d8a0ebdc
d8a10305
d8a2240e
d8a3428b
d8a40fa5
d8a59dc3
d8a66832
d8a710ad
d8a83ce4
d8a93409
d8aa503f
d8aba277
d8ac3973
d8add2a1
d8ae5fa5
d8af2157
d8b0f1dd
d8b1fb14
d8b2dbef
d8b399a8
d8b4538a
d8b5c251
d8b6c338
d8b747d2
d8b8d332
d8b962e0
d8bacbde
d8bb5698
d8bc51f8
d8bddd8d
d8be0f32
d8bf6ccf
d8c0476d
d8c11eea
d8c25b38
d8c32b3e
d8c48500
d8c50167
d8c6e730
d8c7c4c4
d8c83086
d8c9392e
d8ca4e3a
d8cb381e
d8ccf8db
d8cd37de
d8ce297f
d8cf0907
d8d02d1e
d8d1903f
d8d2a9ea
d8d32ae4
d8d44a7c
d8d52a83
d8d60f84
d8d78996
d8d898d8
d8d9a34c
d8da8c6f
d8db5d9b
d8dca985
d8dd7ec3
d8de4da9
d8dfe787
d8e078c8
d8e1c669
d8e2e27e
d8e38920
d8e4a7ab
d8e553db
d8e6cdd5
d8e7ec71
d8e840af
d8e9d737
d8ea48f9
d8eb0035
d8ec5f10
d8edad7b
d8ee6998
d8efc3ec
d8f0d54b
d8f17c8b
d8f2c5ed
d8f3184a
d8f487c0
d8f50ac9
d8f6c95a
d8f73f9b
d8f8c4ba
d8f9625f
d8fa0642
d8fb3dc1
d8fcb3f6
d8fdde34
d8fe933f
d8ff7021
d9001019
d90153f2
d902f095
d9034012
d9041f7e
d9054480
d90613e2
d9072fe5
d908158e
d9092c64
d90a07ea
d90b90d5
d90c9b99
d90dc840
d90ee1cb
d90f87b0
d9100180
d91176e8
d912063d
d9131eb4
d914ceda
d91599ea
d91642d9
d91761d5
d918d5e7
d919e96c
d91a5b00
d91bb5f7
d91c4b30
d91d713b
d91e24cb
d91fbb7c
d9204c25
d9213fab
d9220dfb
d923b114
d924efc7
d9258409
d926be6a
d92770b2
d92896ef
d929a178
d92aa447
d92b3ad2
d92cb68d
d92dbed6
d92ecc4e
d92f52b6
d93048a6
d93124d9
d932ae1b
d9337665
d9345fd3
d9359c11
d93656c2
d93743a1
d93892ee
d93975a8
d93ae3e3
d93b8821
d93c21ea
d93d532c
d93e0b71
d93f1eb2
d94048de
d941a267
d9429a88
d9438fa3
d9444578
d9450d2d
d9462314
d947a9e9
d948532d
d9492897
d94a82eb
d94be4c6
d94c6ac2
d94d8811
d94ea7a9
d94fe2b2
d950fb02
d95126dc
d9528806
d953a7c9
d9544285
d9555476
d9565f53
d957721e
d9584eb4
d9593c26
d95a4a7a
d95b73e4
d95c9a63
d95d0192
d95e978c
d95f9cd0
d960eb54
d961df1b
d9622449
d9637c8b
d96437a9
d965059b
d9669330
d967e620
d96822d6
d969bed1
d96a01a5
d96b9afb
d96cfad9
d96d0163
d96e7d4d
d96f12a6
d9702355
d9718c60
d972477c
d97348cf
d9745e9e
d9755d05
d976eaad
d977dd3c
d9780048
d979290a
d97a782f
d97b5aa1
d97c4544
d97d86b4
d97e3559
d97fe504
d98046cd
d9818c96
d98292ab
d9834b93
d984361e
d9851074
d98608a8
d9875407
d98888e4
d989c394
d98abef1
d98b295e
d98ca84b
d98d7637
d98eb176
d98f3d24
d990821d
d99117d6
d992cc86
d993aa91
d9944df2
d995f699
d9969bef
d9975e6e
d99852a5
d9995cd8
d99a3a12
d99b63f9
d99c212d
d99d50fd
d99ee725
d99f67e3
d9a0d21b
d9a1d284
d9a288e9
d9a3c438
d9a48cec
d9a58c6d
d9a67277
d9a7692c
d9a8f1cb
d9a99a9b
d9aadb3d
d9abe82a
d9ac1e0f
d9adf01c
d9aedc9a
d9af7b79
d9b0587d
d9b14d88
d9b2f9b1
d9b3eb50
d9b4fbd2
d9b51746
d9b6f05f
d9b755d2
d9b8da5b
d9b9e198
d9ba3d5c
d9bb8919
d9bc6cef
d9bdce40
d9befb4c
d9bfc2ba
d9c02681
d9c1fa05
d9c2cce4
d9c3aa15
d9c460a2
d9c5d451
d9c6602e
d9c73362
d9c8cca2
d9c9b8d9
d9cad8c6
d9cb10fe
d9cc3a45
d9cd9372
d9ce108c
d9cf635b
d9d00f36
d9d179c4
d9d2a61b
d9d3ac41
d9d42008
d9d503f5
d9d6fadb
d9d7b6fd
d9d8c02b
d9d97b8e
d9da91d0
d9dbb2d0
d9dc56ea
d9dd7aac
d9de6ad5
d9df3234
d9e096dd
d9e100d8
d9e28e5c
d9e3d62b
d9e4086a
d9e5a0f0
d9e6f05f
d9e785c8
d9e887b7
d9e90867
d9eab302
d9eb2234
d9ec2590
d9edf5f6
d9eef650
d9efebed
d9f05851
d9f10331
d9f23cb4
d9f317f4
d9f4a21e
d9f59bfb
d9f62f91
d9f78737
d9f8207b
d9f9838c
d9fa7b81
d9fb476d
d9fc7566
d9fd9c98
d9fef4db
d9ffc87d
da001003
da01352f
da0214a7
da0309b0
da048762
da05281c
da062008
da076f67
da08044b
da0904a5
da0a4244
da0bc74d
da0cb0b6
da0d7188
da0ea6e7
da0f8324
da10392a
da11532c
da12ffa8
da1344e9
da14a2d1
da159208
da16cc5f
da17b9f1
da18c20f
da19e7f5
da1a30a2
da1b58a5
da1c1ce6
da1d3ab9
da1e5901
da1fce79
da20ddef
da217b1a
da225a42
da232bc2
da245b65
da250427
da26f603
da27f269
da289f8c
da2926dd
da2ad8cf
da2be0ed
da2c4314
da2d590c
da2e40e7
da2fcee8
da3004ef
da31891e
da32674d
da33d4ad
da34c60f
da35ded3
da362631
da37c29d
da38edc8
da395259
da3a79de
da3bc150
da3c0c4e
da3d2983
da3ea675
da3f08a9
da4011ec
da41c9c0
da425867
da43be2c
da44e5eb
da45a7f6
da46df88
da473557
da483fd4
da494725
da4a5767
da4b7862
da4c215d
da4d4972
da4e01af
da4f532c
da5074c7
da5100be
da52fe2c
da53c0a4
da54260b
da55d59a
da561123
da578be2
da585fd9
da59c122
da5a6b3d
da5bb701
da5c277d
da5d5520
da5e7a19
da5f29c7
da60762f
da613de8
da62fc2f
da632265
da648068
da65b865
da668ac9
da672649
da688d6f
da693837
da6a67f4
da6b0fc8
da6c2a20
da6d0ba9
da6ea172
da6f3d93
da708d2f
da71f7a6
da72e0d4
da73bba0
da74b99f
da754856
da76e01d
da778daf
da7883fe
da79eddc
da7a7c8e
da7b7f70
da7c75c3
da7d99c1
da7e9a59
da7f9524
da80f6a2
da81ab3a
da82bc0c
da832a12
da8494b8
da852703
da8680f9
da87915d
da889cf4
da89557c
da8a6f5a
da8bd5f4
da8cd6a0
da8dfa80
da8e212e
da8f765b
da90ad1e
da91fb88
da92288e
da93be26
da94eaa8
da953213
da96fdc1
da971c55
da98bbb2
da99da30
da9a6bc9
da9bdf42
da9c3926
da9d46ea
da9e77be
da9f6b94
daa0c8fd
daa17dee
daa2111b
daa3b719
daa43337
daa5ea5f
daa6dc56
daa7eade
daa823e8
daa97210
daaa79d6
daabab8a
daacb8b8
daad2e03
daae0562
daaf5dc3
dab01897
dab1a625
dab2e3c7
dab3ea2f
dab44e11
dab5344a
dab66295
dab76ec2
dab88bd1
dab97ae3
dabac6e4
dabbe2d9
dabca787
dabd1036
dabe4676
dabf61b3
dac0d9a9
dac1aeb7
dac28005
dac32ea4
dac4f894
dac517d4
dac6e2e0
dac7e666
dac8ad04
dac9622d
dacacc14
dacb0991
dacc707b
dacddfe6
dacefb8f
dacfd903
dad0238b
dad189d7
dad2044e
dad39033
dad408ec
dad59c48
dad6c6a3
dad796fd
dad89995
dad9fb9b
dadae0b3
dadb45fe
dadc691c
dadd8089
dade8635
dadfeae2
dae0c386
dae198e3
dae2f31d
dae36415
dae4f838
dae599dd
dae6685a
dae79a2f
dae81b12
dae9a42c
daeaa86f
daeb51ab
daec728d
daedbc33
daee475e
daef35bb
daf0413f
daf1d8cb
daf2d2db
daf37709
daf43ea9
daf5705f
daf6923b
daf7350e
daf8db7b
daf9aac3
dafa0dc1
dafbb2a1
dafc5532
dafd6f79
dafeb979
daff7c9d
db00d139
db010e45
db025541
db0372f5
db049f9e
db05a8ac
db0696ff
db07de27
db08cdc1
db091a01
db0a9404
db0bbfc7
db0c596e
db0d9cdd
db0e2123
db0f49d9
db103bbd
db11a43d
db122a79
db13767b
db143c41
db1512f8
db166d9e
db17383f
db18bc71
db195a27
db1aa6bc
db1bc679
db1c7c6a
db1d5f1f
db1e4e5d
db1f9c4e
db200225
db21cc8a
db2298a6
db2314a9
db241dcc
db2539a6
db26364d
db278de1
db2841e6
db295d57
db2a5164
db2bccd9
db2c4ba0
db2d5ea1
db2e721c
db2f31a4
db300d26
db31091e
db324929
db33ad38
db34972e
db351d03
db36fd90
db37897a
db3804ef
db39b0e8
db3ad75b
db3b0187
db3c64f0
db3ddb58
db3e8b77
db3f0cfe
db40149b
db41d025
db425920
db43611c
db44aade
db45f635
db462fdd
db47eaa1
db4868f2
db49e09f
db4acf51
db4bcc91
db4ce284
db4dbf3d
db4e1d7a
db4f4ca9
db50025a
db51b717
db52bd5d
db53d449
db548fe0
db55c5d6
db569904
db573b64
db58bb17
db59eb95
db5ad7bf
db5b85af
db5c4c75
db5d25f3
db5ea9a9
db5fe699
db605fe0
db61fef5
db62e84d
db636603
db647735
db6580a8
db66b2e5
db678c79
db684faa
db69f77f
db6afe31
db6be487
db6ce620
db6d4f94
db6e3f18
db6f6e73
db70d984
db716d98
db721888
db73e695
db7444a8
db75d3c6
db763f95
db77a214
db7865b7
db79ee24
db7ae661
db7beb6f
db7cd480
db7dcfee
db7e4508
db7f4186
db800c43
db81ada9
db825005
db83ea9e
db8458d6
db85bf33
db86c83c
db874a9b
db887763
db8937f7
db8ab4be
db8b0bf9
db8cea9b
db8df181
db8e3e4d
db8f3604
db909c5f
db91a0c1
db92e0a8
db935fa5
db94a5ea
db95188e
db96e351
db97724f
db984a9f
db9986a2
db9aa650
db9bdbdc
db9c081b
db9dbf50
db9ec454
db9f62e6
dba02473
dba1a14d
dba2cd71
dba3e51d
dba4ed92
dba57621
dba66b70
dba7617e
dba80c96
dba9e91b
dbaa5219
dbabbcd1
dbac56d1
dbad60bf
dbaee41b
dbafe2dc
dbb0de28
dbb1107d
dbb2e15c
dbb3479d
dbb41c8e
dbb5a6e0
dbb6104f
dbb7e907
dbb8e9ec
dbb957ec
dbbaa568
dbbbd204
dbbc56ef
dbbd9320
dbbec6b6
dbbfa90c
dbc05234
dbc126e9
dbc27481
dbc3dc98
dbc4a3b8
dbc5fc8d
dbc627a1
dbc72b44
dbc8fea6
dbc9a987
dbca0378
dbcba796
dbcc28d2
dbcd3b9b
dbce5c02
dbcf7ec0
dbd07141
dbd1e889
dbd2a731
dbd3e4d7
dbd4c02c
dbd56c7a
dbd6a666
dbd76685
dbd81769
dbd9ea7b
dbda7504
dbdb1f3b
dbdc725a
dbddc923
dbde6a07
dbdf260f
dbe0c826
dbe16a4e
dbe2bc42
dbe37f3e
dbe4b0ae
dbe5a3f9
dbe6ec44
dbe7375e
dbe88cba
dbe96922
dbea07d5
dbeb683c
dbec122a
dbed12bd
dbee2c42
dbefef3d
dbf0fc60
dbf1adb1
dbf2223d
dbf31bf7
dbf4d289
dbf5b21a
dbf6bf9e
dbf7e10c
dbf82502
dbf9cf4f
dbfa1995
dbfbc472
dbfcefad
dbfdb78a
dbfea875
dbff9838
dc003b75
dc013cc3
dc028a66
dc03aae1
dc04273f
dc05e39b
dc065b15
dc071622
dc08bc32
dc096c26
dc0acf1d
dc0bee01
dc0c8a0c
dc0dcdf1
dc0e5fd6
dc0f4b9f
dc107c4f
dc11d0ff
dc12d313
dc136a00
dc14cd39
dc154f4f
dc16b61f
dc174a70
dc181bb1
dc195f79
dc1ab495
dc1b22df
dc1ccd5f
dc1def1f
dc1eaf04
dc1fcc26
dc20c709
dc2168c9
dc229750
dc23a157
dc24c54c
dc252903
dc261ba6
dc2729f9
dc28b007
dc29a4ae
dc2a95fa
dc2bdac2
dc2c3fb2
dc2dc350
dc2e6fbf
dc2fb4e4
dc303228
dc31d1c5
dc322374
dc3370ec
dc346742
dc350464
dc360f1b
dc370826
dc38fb3c
dc395de4
dc3a852b
dc3b816b
dc3c09a9
dc3d057b
dc3ee3cd
dc3f632f
dc4015f3
dc4136ab
dc427f84
dc43a3f0
dc44ef89
dc456b6f
dc46db8d
dc473df8
dc48f588
dc49ef82
dc4a74c2
dc4b8c47
dc4ce392
dc4d0099
dc4eabb3
dc4f0746
dc50bbd2
dc51d021
dc52d2da
dc5370e2
dc546663
dc55d452
dc56bdb8
dc575b74
dc58edf0
dc59071b
dc5a32ec
dc5bd8ee
dc5cf95e
dc5d7a0a
dc5e7093
dc5f7b50
dc6003a2
dc616af1
dc62a3e4
dc63be04
dc64fafa
dc658a74
dc66ad25
dc67404a
dc68aafb
dc6960f8
dc6aa91c
dc6b87ac
dc6cbac7
dc6d7c4c
dc6e5e10
dc6fbd06
dc704909
dc710fc9
dc72ad84
dc73054f
dc7440b6
dc7502f0
dc7697e0
dc77851b
dc7895d9
dc79b473
dc7ab75b
dc7b7e37
dc7c6eab
dc7d33a2
dc7ee805
dc7f0407
dc80b275
dc81a9ed
dc82b668
dc837dac
dc841890
dc853f08
dc86b306
dc87d67a
dc88b4c8
dc898745
dc8ab6bd
dc8b142a
dc8cec9c
dc8d3946
dc8e1a25
dc8f7140
dc90b35c
dc91d9a6
dc92abe0
dc9346ac
dc944d50
dc95d35b
dc962eb7
dc975003
dc98c8aa
dc99d1b8
dc9a105f
dc9b99ef
dc9ca4fe
dc9d04c1
dc9ec26b
dc9f2c6e
dca055aa
dca14fa3
dca2dcf7
dca3d9ca
dca4c7d0
dca518ad
dca68845
dca7ace8
dca8ed0d
dca99c7a
dcaad494
dcabe75a
dcac1d91
dcad88db
dcaea384
dcaf9b22
dcb00d07
dcb1ceef
dcb2c833
dcb315ea
dcb4a41a
dcb5c0ca
dcb6452f
dcb76801
dcb815ce
dcb9c6d8
dcbad33d
dcbb6e62
dcbc4ccb
dcbd846e
dcbe1d01
dcbfb20e
dcc07eb0
dcc162ac
dcc21eca
dcc345f4
dcc4f8cb
dcc5815a
dcc6aa5c
dcc78b8c
dcc82af3
dcc91b03
dcca1aa4
dccbb48f
dccc256f
dccd5318
dcce4950
dccff675
dcd0ee2a
dcd1ab24
dcd23bd2
dcd3f739
dcd40822
dcd5ced1
dcd6d4ba
dcd7c34b
dcd87e51
dcd926dd
dcdac4aa
dcdb3e5c
dcdc6785
dcddb003
dcde9c12
dcdff29e
dce040a9
dce126da
dce21500
dce3466c
dce411cf
dce5137b
dce6ee6a
dce7370e
dce88c59
dce91f42
dcea40a5
dceb285c
dcecd9e5
dced2824
dcee9ab2
dcefff64
dcf0e758
dcf147ed
dcf2d384
dcf37a12
dcf410ad
dcf5ac94
dcf68950
dcf72d4f
dcf865d6
dcf97d57
dcfade40
dcfbfe6a
dcfcf3eb
dcfd9900
dcfe386a
dcff4913
dd0035d2
dd014114
dd02687d
dd03ba2a
dd04b844
dd05b4ef
dd06cc5c
dd07ed71
dd081b1c
dd09f1f4
dd0aee8c
dd0be70f
dd0c2b5c
dd0dfc3d
dd0e694b
dd0fd2a0
dd107678
dd11ab6a
dd12d2bf
dd134870
dd14b2de
dd150c7a
dd1633ed
dd1739ae
dd18f21b
dd19dedf
dd1a6eaa
dd1b43dc
dd1cac33
dd1d6844
dd1eab74
dd1f4788
dd20055a
dd2146ee
dd22f149
dd237373
dd24deed
dd253d97
dd26c7a3
dd278373
dd28cd42
dd290b61
dd2a5eec
dd2bac43
dd2c192e
dd2dac4c
dd2e5f4a
dd2f7497
dd3078ba
dd31c8b2
dd3275d0
dd338c1a
dd343daf
dd354d74
dd3605cf
dd374324
dd3875c8
dd393533
dd3aacca
dd3be835
dd3c4ba0
dd3d7ae9
dd3e0a5c
dd3ffd00
dd40effd
dd41bc97
dd424534
dd43c155
dd44aaa1
dd45b1e3
dd46a67a
dd474fcd
dd481634
dd49aea5
dd4ada24
dd4b801f
dd4c54fe
dd4de0b7
dd4ea02e
dd4f7179
dd5091f9
dd51d279
dd52e47b
dd53451c
dd544019
dd551a21
dd5656b4
dd578e9d
dd58daf5
dd591515
dd5a5072
dd5bea84
dd5c7e47
dd5d2861
dd5eeef4
dd5f9996
dd609ad7
dd61f3b4
dd629bc3
dd63e515
dd6456bd
dd653486
dd66b0cd
dd6732e3
dd689679
dd69be89
dd6a0c41
dd6ba2ae
dd6cf8cf
dd6d5d8c
dd6ec103
dd6f8170
dd707306
dd716e55
dd7295e5
dd73e774
dd740347
dd759f84
dd76bb69
dd77497c
dd783984
dd796f33
dd7a3a2d
dd7b98f9
dd7c1a25
dd7de8f3
dd7efc83
dd7fd21c
dd805e21
dd81c3b6
dd822334
dd83e8a6
dd84593f
dd852e69
dd8678f0
dd874b52
dd88c838
dd897c15
dd8a622b
dd8b6ba6
dd8c3d42
dd8d83ec
dd8e2f07
dd8fcb0c
dd90001a
dd910df1
dd92a05c
dd938d8b
dd94ba8c
dd953d7a
dd9681d7
dd97ca66
dd9891d4
dd9904ab
dd9aeef9
dd9b40b9
dd9cbe98
dd9d8696
dd9eba1c
dd9fdf6f
dda07af4
dda181a8
dda298bf
dda3f285
dda467a1
dda52aa5
dda6e1b1
dda7f743
dda8bca7
dda9b15c
ddaaf98e
ddabdf42
ddaca5b6
ddade352
ddae0338
ddaf2999
ddb07437
ddb19699
ddb29cc0
ddb37282
ddb41c88
ddb56196
ddb6b1dd
ddb77a58
ddb83963
ddb9ff3d
ddba099f
ddbb0e01
ddbc176c
ddbde5c9
ddbe6a67
ddbf98fe
ddc0126c
ddc1539d
ddc20fe1
ddc38cba
ddc4a698
ddc52ee9
ddc69b6f
ddc7458a
ddc82e66
ddc997fd
ddcaf8a3
ddcbd248
ddcc3380
ddcd5c86
ddce0b4b
ddcf3a84
ddd0a9af
ddd1c2bf
ddd20fcf
ddd34130
ddd4fa76
ddd58881
ddd630e8
ddd7618c
ddd8b873
ddd9a9d2
ddda5031
dddb3159
dddca3eb
dddd7493
ddde9c02
dddfcacf
dde00d11
dde1a23d
dde2e6f6
dde3d322
dde4610e
dde59bb9
dde6dfdf
dde7cc07
dde8cc11
dde9e800
ddea9c25
ddeb1d54
ddeccc12
ddedb98b
ddeed51f
ddef1899
ddf0cd7f
ddf1e24d
ddf22183
ddf3b3ad
ddf4f085
ddf58dec
ddf69414
ddf752c5
ddf82d0a
ddf99800
ddfa3bb4
ddfb07ec
ddfcb046
ddfd9e5a
ddfe83a3
ddff35da
de00aef5
de01561c
de0291f9
de03603e
de046806
de055b97
de06f1d1
de07239a
de080611
de09f106
de0a8f3d
de0b2238
de0cb544
de0dd877
de0e59c8
de0f68f2
de107f74
de118b5c
de12f2d8
de131591
de14047f
de15d6b7
de164dad
de172803
de1879c2
de19eaed
de1a8c51
de1be316
de1cf133
de1d2de9
de1e535c
de1fc25c
de20602a
de21c126
de22f4c2
de23901e
de2469d1
de258a5a
de26dc01
de2709b5
de2847f0
de2952ce
de2ad952
de2b2d0b
de2c8237
de2d9d9a
de2eea31
de2fa6e6
de308328
de31f6e4
de3258d3
de337dd4
de34047a
de351566
de36b38b
de37b6d4
de38d6f0
de390e7e
de3ad73e
de3bc99e
de3c8197
de3d06dd
de3ecd14
de3fd40f
de40e8d7
de415e22
de422fcf
de43a6c7
de444c1e
de4568c0
de46dd67
de479502
de48c43c
de49a9a5
de4a4ba3
de4bc916
de4cd269
de4d85df
de4e1c8f
de4f85c8
de50cd1f
de51146c
de524e8b
de533309
de5497bb
de55384e
de564891
de57f177
de586907
de598460
de5a30a3
de5b41bc
de5c14ff
de5d5894
de5e3a59
de5f80e8
de601a98
de618d44
de62010f
de631241
de64eb96
de655677
de66985d
de677678
de68ef27
de690afa
de6a9b7d
de6b95ae
de6c41ca
de6d9b17
de6e330d
de6f2b7c
de7025bb
de71879f
de72c969
de735533
de74ba13
de75ec08
de767e42
de778c05
de78ecd6
de798710
de7a9bb5
de7b5f22
de7c33b2
de7d9aea
de7e64c0
de7f7df1
de808b4e
de8129c3
de821adf
de834f8f
de849ba3
de85f967
de8650ac
de87c5a4
de88c5d3
de89b796
de8a0193
de8b7d0c
de8ce019
de8d87d3
de8e2822
de8fd4d0
de90ca94
de91a557
de92331c
de933ecd
de94847f
de956503
de96594e
de978b2b
de9815b9
de9975c1
de9a732e
de9bb569
de9c62f7
de9d41cb
de9e050b
de9f66f6
dea0a246
dea13c07
dea2cd96
dea3498a
dea4d6f7
dea53779
dea644ac
dea75da1
dea8910a
dea9adc8
deaaf222
deab31a2
deac0d87
dead0d48
deae60d1
deafb3bf
deb0c0e7
deb1ac33
deb2b4a6
deb3d686
deb41a5f
deb5a85b
deb64ecc
deb72dd4
deb86b1a
deb92ec2
deba700e
debb4760
debcdd6d
debd9068
debea631
debf9b47
dec04e60
dec14872
dec2a2d2
dec3f7b6
dec4c148
dec5e325
dec6e199
dec7818e
dec8dc8d
dec96301
decae607
decb7faf
deccc86d
decdff91
dece2a97
decf3bc5
ded02c0b
ded1f541
ded26552
ded3c87d
ded4fcae
ded50cea
ded6d31d
ded7ddb8
ded8bcf6
ded950ac
dedab55b
dedb6da7
dedcb6a0
dedd6f1a
dedeab3d
dedfedc4
dee0aac0
dee1bb43
dee24731
dee380f0
dee4e1ec
dee50ed5
dee6c543
dee7bd60
dee83b6a
dee9fd95
deea6a99
deebabc3
deecccc6
deed6ef8
deee1a4a
deef7e01
def071b2
def19850
def24f98
def30b0e
def40187
def58764
def6dd9c
def7e6b0
def8cb3a
def98d00
defa5f4d
defbd968
defcbda0
defdc3cf
defeb062
defff056
df005397
df013cef
df02cecf
df03f90f
df04fb18
df05d2e5
df06a53c
df07f8bc
df089af9
df095e4d
df0af39f
df0b6a6f
df0c886f
df0daa90
df0e0382
df0f2658
df10c0bd
df113f93
df12bd17
df132cdf
df14a45a
df15c2c6
df16cc2a
df17fd1e
df18ca8d
df19a6ae
df1af196
df1b192f
df1c1454
df1dbbae
df1ec16d
df1fba04
df20f054
df21760e
df229b87
df2332d5
df24bd42
df259437
df26730e
df276776
df28a7dd
df29308f
df2afc0f
df2b3689
df2c802b
df2d1fe5
df2e29bb
df2f6177
df3038f4
df31710a
df328f96
df33801c
df34e551
df3534bc
df36d472
df377c06
df38cd6b
df396ed9
df3a568a
df3b8660
df3c005c
df3d182d
df3e7fff
df3f1c40
df407ade
df412bc0
df424971
df430760
df44b30a
df45fd04
df468fed
df47f3dd
df488b2c
df49f3e3
df4aa36e
df4b93f7
df4c1859
df4d1078
df4eacc9
df4f62cf
df505302
df51db0d
df52c203
df5322b0
df54e9bd
df55692e
df5638f0
df578089
df589643
df59be47
df5a5500
df5b6c8d
df5c089d
df5db184
df5e13bf
df5f888e
df60b01a
df611cbf
df6262f2
df630c05
df64c0cd
df65fadf
df6683b0
df6746ee
df685e0c
df694012
df6adec1
df6b5cd0
df6cf45b
df6d281a
df6ead79
df6f669c
df7044b3
df71b573
df720003
df73b12e
df74626e
df755a8b
df767731
df778de2
df78652d
df79949b
df7ae21e
df7be1a7
df7c0850
df7d0f0a
df7ed442
df7fbd84
df80d6e4
df81c9cd
df82a813
df83c4f4
df84ca00
df85c4ea
df86c9c3
df87b89b
df88b2f9
df89e593
df8a76e3
df8b2b63
df8c6e19
df8deda9
df8e03ed
df8f1f23
df90b355
df91e8d7
df92bbdb
df939d5f
df94a9d9
df957b3e
df96dbd5
df97f760
df98e3aa
df99245c
df9a1745
df9b0205
df9ca511
df9daa78
df9e35f1
df9f312e
dfa047bc
dfa12eb6
dfa28c98
dfa34e39
dfa45a43
dfa56a0a
dfa65578
dfa7222a
dfa805ae
dfa96a1c
dfaaae9f
dfab2a7f
dfac02dc
dfadc2cf
dfaeca31
dfaf8957
dfb04f09
dfb19d1b
dfb2c189
dfb3451a
dfb43b21
dfb5c1c7
dfb6f76a
dfb75c60
dfb87046
dfb9cedc
dfbaa98f
dfbb6ae6
dfbc4f40
dfbd0654
dfbefa05
dfbf040d
dfc0953c
dfc1b31e
dfc2c864
dfc30486
dfc44119
dfc50c7c
dfc6c0e8
dfc7237d
dfc8a1fb
dfc9e877
dfcadbc5
dfcb88da
dfccf349
dfcdf3f1
dfceedc6
dfcf7b82
dfd0e255
dfd15aee
dfd2a394
dfd34004
dfd4399a
dfd5e79f
dfd6cb6a
dfd7246f
dfd8255a
dfd927fe
dfdac7f2
dfdbe7c8
dfdc4d38
dfddacf2
dfde8266
dfdf8453
dfe0700c
dfe1cb5e
dfe2fe2f
dfe3bbb3
dfe4bb06
dfe5f449
dfe60195
dfe75328
dfe84fa3
dfe91717
dfea31db
dfeb9a41
dfec7def
dfedb634
dfeebbb9
dfef8af5
dff0163c
dff13451
dff2b469
dff39174
dff4e0b7
dff5bb9d
dff6b613
dff73f66
dff8bcd5
dff97562
dffa52c8
dffb721f
dffccfa5
dffd9640
dffe128a
dfffbeea
e0008b06
e0012049
e0027a85
e0039e72
e004e4f0
e0051dde
e006e45b
e0079209
e008a1ff
e009a31e
e00a750d
e00ba8b6
e00cbdb3
e00dc05f
e00e0069
e00ffa7a
e0102cfc
e0116c8e
e0121052
e013d98e
e0141c68
e015e4b2
e01609ee
e0170a1e
e018e67c
e01927c7
e01aa50b
e01b1b40
e01cdd03
e01dbbca
e01ebfc8
e01f2fd4
e020588b
e021ef32
e0228f20
e023a6c2
e0242375
e025ce11
e0268fce
e027398c
e028618f
e029f52e
e02a7959
e02be3c6
e02c6cd0
e02d22e6
e02e6a54
e02feaa7
e0306cb9
e0314b89
e0329e79
e033ad08
e034a25c
e0359300
e0366391
e037c023
e038a36d
e039ece7
e03ae4f5
e03b9d7c
e03c225b
e03de11c
e03ec40c
e03fc246
e0401790
e041f9d0
e042e047
e043409d
e0441ff4
e045083b
e0460380
e047c6de
e0483393
e0495110
e04afbf8
e04beec6
e04c4ae0
e04dba6b
e04efd32
e04f8564
e050253a
e05111c1
e052acd8
e053e2e7
e054ef25
e05524be
e056928c
e057f9e0
e058f507
e059ffef
e05a3f26
e05bb749
e05cb535
e05db8f1
e05ecaea
e05f3e85
e060a0ee
e0611884
e062992a
e063178d
e0647033
e065039c
e066d628
e067682d
e068ca88
e069f09b
e06a1678
e06baeef
e06c36a0
e06d936e
e06e114a
e06f199d
e0702b57
e071dd20
e072e682
e07355ed
e07431cf
e0758ee8
e076e99d
e0778fc3
e078a4f9
e0793446
e07a4069
e07be6dc
e07c4ae0
e07daa22
e07eac1f
e07f73ea
e080e344
e0815132
e0829718
e083e89d
e084d52a
e085de66
e086d0cc
e0875155
e088c5e1
e0899923
e08a1838
e08b9bdf
e08c59bf
e08dacbc
e08e2916
e08faf45
e0906c24
e091d403
e09200d3
e0933edf
e094585a
e095e09d
e09698f2
e0972617
e098945d
e099c939
e09a9f0a
e09b5fa4
e09c205a
e09d137a
e09ed51b
e09f9c88
e0a0c1ab
e0a1890a
e0a2d246
e0a36f1d
e0a42ad1
e0a5c9aa
e0a62e58
e0a73ebd
e0a880af
e0a9c12e
e0aa0faa
e0abf5cb
e0acc13d
e0ad4ebc
e0aee34c
e0affcee
e0b0dd39
e0b162ca
e0b261f0
e0b3974b
e0b4e4f4
e0b59b4a
e0b6bdc7
e0b7821c
e0b84f1e
e0b9808c
e0ba7404
e0bb670f
e0bca339
e0bdb9d7
e0bef665
e0bfac1d
e0c0383c
e0c18423
e0c2a19f
e0c33b33
e0c440ca
e0c55b41
e0c6c109
e0c7b865
e0c8d195
e0c93fca
e0ca6762
e0cb9a3c
e0cc958b
e0cd9c2f
e0ce6e81
e0cf5951
e0d07d19
e0d1a7df
e0d20222
e0d3831e
e0d401dc
e0d5a56a
e0d6fbe2
e0d77fa9
e0d85565
e0d93092
e0da688d
e0db495a
e0dc79a5
e0dd5055
e0de2d5a
e0df21a4
e0e0d902
e0e1f7b4
e0e21618
e0e3d2ab
e0e411c8
e0e5cd93
e0e61dee
e0e7c737
e0e8837c
e0e90cbc
e0ea5494
e0eb844f
e0ecf1d1
e0ed07be
e0eeefdc
e0ef4bf2
e0f06f51
e0f11493
e0f20d2f
e0f33db0
e0f4fc75
e0f57987
e0f60fec
e0f73f36
e0f8e40e
e0f959f5
e0fa662a
e0fb4643
e0fcce1d
e0fda89a
e0fe4586
e0ffeaaf
e10029e9
e1014956
e102c652
e1033262
e104f4de
e105ddc4
e106414f
e10791ce
e108e2bc
e1098824
e10a2fb4
e10b4833
e10ce256
e10de3c9
e10e28e6
e10fe034
e110652f
e111b371
e112bccb
e11324d5
e1148bc8
e1154cc9
e116f526
e11703da
e1183a9b
e11973aa
e11a6c31
e11b8b0e
e11ce49f
e11d22d0
e11e10ff
e11f76e7
e1200c89
e121f268
e122eab6
e1232d29
e1248640
e1259bb2
e126041e
e127f4df
e128df0e
e129e0f1
e12a65ba
e12b72cc
e12c9c2f
e12d615b
e12e6eac
e12f80e0
e1304c3b
e131f526
e132e5df
e133c0c6
e134af0e
e135cefd
e1363e06
e137a7d9
e1386201
e13901e3
e13a3125
e13b0866
e13cd191
e13de023
e13e273b
e13fd446
e1404357
e141bd87
e142cea9
e14316f9
e144e660
e145630d
e146e811
e1478d64
e14802c0
e1494e4d
e14ae1ca
e14bf7c8
e14c66ce
e14dd06b
e14ed38e
e14f7dab
e150fe72
e1512f6c
e152bc3b
e1537e72
e15452cb
e1554690
e156e2cb
e1576993
e1587ef8
e159fc3c
e15ac5bd
e15bd17b
e15cc9ae
e15d00dc
e15e2481
e15fc0cc
e1601d96
e1612669
e162a52d
e16343e1
e1645067
e1653305
e16659f3
e1672845
e1680161
e169a4b6
e16a1f3d
e16bc807
e16ca7e5
e16d24a0
e16e0fc3
e16f54ac
e170f4e2
e171312f
e17239d0
e173852e
e1742436
e17519a5
e176d52f
e1771703
e1783618
e179de55
e17a52d4
e17b3b3e
e17c504b
e17db7ad
e17e1c24
e17fb7e0
e1808b0e
e1812876
e182aefa
e1831293
e1844cd7
e185b9dc
e186a0fc
e187e113
e188e102
e189ee7f
e18ae89e
e18b965f
e18c2554
e18dcceb
e18eb834
e18f9403
e190bafe
e1918fe5
e192be17
e193d841
e194c30e
e1958cce
e196187c
e1972e78
e198fcf3
e199636a
e19a29b2
e19b298b
e19c3d0c
e19ddf35
e19ea45b
e19f1638
e1a08bd3
e1a1686a
e1a2b585
e1a38bce
e1a454c9
e1a597c3
e1a61ad3
e1a78b27
e1a84ebc
e1a9674f
e1aa9c4f
e1ab5bdc
e1ac4714
e1ad0e04
e1ae4063
e1af619b
e1b0ed1e
e1b1db4f
e1b2d578
e1b3288b
e1b4be75
e1b594ed
e1b65508
e1b73434
e1b825a3
e1b9de30
e1ba5e9c
e1bb206f
e1bc8be5
e1bd0216
e1be72a2
e1bf506c
e1c076ba
e1c1aa90
e1c299e0
e1c3ce9a
e1c431c1
e1c58b45
e1c68c85
e1c7eba2
e1c8555b
e1c9f7aa
e1caefbc
e1cb89e1
e1cc5a7f
e1cd9b01
e1ced564
e1cf4598
e1d092b7
e1d192af
e1d28afc
e1d33e96
e1d4998d
e1d5e02a
e1d65c09
e1d7b747
e1d8ebc8
e1d92885
e1da9f53
e1db6373
e1dc6f97
e1dd10ea
e1de38bc
e1df126e
e1e0cf80
e1e19764
e1e20b7d
e1e358a4
e1e443f2
e1e5bec0
e1e64af3
e1e76d89
e1e8458b
e1e9ab21
e1ea0c78
e1ebc50a
e1ec81fc
e1edfb10
e1ee5936
e1ef3da7
e1f0456d
e1f1151c
e1f270a9
e1f3b360
e1f4950e
e1f5d7d8
e1f6dc61
e1f7b7c6
e1f8ad87
e1f95930
e1fab2dd
e1fb9954
e1fcfc3e
e1fd6b8f
e1fe5ad0
e1ff2d51
e200d624
e201af7f
e202b960
e2034c9c
e20449fb
e205aeae
e206dc9e
e207a810
e2080f23
e2092182
e20a7369
e20bd19e
e20c47f8
e20df545
e20e50f2
e20f0b2c
e2106241
e2115e1a
e2129b84
e2138b77
e2147c02
e215cd8c
e2163b20
e217a5d3
e2182a6d
e2198ded
e21a18fb
e21b7412
e21ca52a
e21d221f
e21e8ba0
e21f0be6
e2200885
e221c4fe
e2223871
e2235e61
e224af14
e225182f
e2261f8f
e227ba8f
e22831f3
e229105d
e22a2c3e
e22b03d8
e22cd7b1
e22dbca5
e22e8678
e22f4990
e230beb0
e2315a5e
e2326ff5
e2338b7c
e234e007
e235a84d
e2363fdb
e237cea2
e238c8eb
e239842f
e23a29e7
e23b8d60
e23cba3f
e23de9db
e23e2380
e23fb835
e24042a0
e24186cd
e242718b
e2434700
e244b9a5
e2452cbc
e24616c3
e247e5d9
e248f0af
e24932a4
e24ab6dd
e24b585c
e24c27b3
e24db809
e24ece75
e24f5cda
e250a1b4
e25156dc
e2529ab1
e253c367
e2549ee4
e2557b46
e256330d
e257d132
e2583331
e2595ac8
e25ad600
e25becf7
e25cc285
e25d7294
e25ede76
e25f3d11
e260fba7
e2615e0c
e26223aa
e2634981
e26453ed
e2654052
e26627dc
e2676b80
e2686a06
e269e63d
e26a615a
e26b66a5
e26cb002
e26d9c27
e26e5cc6
e26fc48e
e270bdbe
e2710449
e272ea01
e2733327
e274e5d2
e275ca3e
e27623c4
e2771c40
e278e6bf
e279a683
e27a3dbd
e27b2c7c
e27cd61e
e27d28aa
e27ed1f0
e27f5231
e280429d
e28159d7
e28288f3
e2835932
e284ee48
e285905e
e2862eb8
e287ac15
e288b512
e289d4c0
e28a0870
e28bd377
e28cc631
e28dd0c9
e28e597f
e28feb1a
e290cada
e291ca05
e29279ea
e2936cbc
e294222a
e2952d46
e296a477
e297b26e
e2981354
e29999e6
e29a88a0
e29b7e94
e29ccee5
e29d644b
e29e4bb0
e29f41fc
e2a09a6f
e2a1d794
e2a21c54
e2a3b8ce
e2a4df1a
e2a5ba8a
e2a609d6
e2a7e90c
e2a85534
e2a955ca
e2aaac05
e2ab9d6c
e2acde0c
e2ade34a
e2ae6849
e2af10cd
e2b08aaa
e2b1a69f
e2b25625
e2b38ce7
e2b4fafd
e2b519f0
e2b6bbd3
e2b72ee5
e2b8f2ce
e2b99500
e2ba5b4f
e2bba89b
e2bc5a7a
e2bdb520
e2bef906
e2bf04a2
e2c03a4a
e2c19ff8
e2c2098c
e2c37f71
e2c4fc45
e2c5281e
e2c68ead
e2c7f6ed
e2c85058
e2c99a1a
e2ca475a
e2cbd9a6
e2cc133b
e2cddc36
e2ce4c5f
e2cf35d8
e2d0e246
e2d1809b
e2d2566b
e2d3cb91
e2d4c6b6
e2d55a63
e2d61931
e2d78f8b
e2d8ae6a
e2d9f7a9
e2dab482
e2db2def
e2dc34c5
e2dd1e21
e2deaa6b
e2dfed2a
e2e0262e
e2e11e6c
e2e273fb
e2e3d0c1
e2e48589
e2e5ab4a
e2e61710
e2e7130e
e2e86fd2
e2e9ca54
e2ea90e1
e2eb04f3
e2eca699
e2ed858c
e2ee312a
e2ef68e9
e2f030cc
e2f11f73
e2f24dbe
e2f3d8ab
e2f47dec
e2f5784e
e2f67c53
e2f77933
e2f8854b
e2f96f15
e2fa8d20
e2fb6b19
e2fcde16
e2fd93f1
e2fed61d
e2ffddb2
e30001ab
e3014fbd
e3023183
e303744b
e3041979
e3057ab1
e3068a39
e307aaef
e308a792
e309ebdf
e30af959
e30b3a4b
e30cfc09
e30dcedb
e30e4a45
e30ff8b1
e3104c20
e311e403
e31227f1
e3132734
e3145426
e3150baf
e3164872
e317fbb1
e3184859
e3196829
e31a8cac
e31b0fa9
e31cf02a
e31d576b
e31e2a4a
e31f5532
e320d386
e321b630
e322f71a
e323a709
e3245843
e325fe4c
e326755f
e3270426
e3288c86
e329fd82
e32af93a
e32b9cd9
e32cdc0c
e32dd1da
e32e5870
e32f746b
e330c893
e331b2c0
e3323fb9
e3330743
e3345f2b
e335cd16
e3368616
e337a347
e3383c6c
e339c03b
e33a5857
e33b262e
e33ca53c
e33d6ea7
e33ebbde
e33fc514
e3405ac4
e34133f6
e3425603
e343c859
e344d224
e3456e02
e346ba09
e347b20f
e3487bf0
e349cc33
e34affb1
e34be0dd
e34c8f6a
e34dbaff
e34e28f2
e34ffa10
e3504f05
e3514a03
e3520c61
e353e0a4
e354a187
e35592b1
e356f799
e357a023
e358d65a
e359cb68
e35a7055
e35b67e6
e35c1f94
e35d589f
e35e27fd
e35f1515
e360f6e8
e3614a02
e362f23a
e363ab51
e3640cc6
e3657c40
e3665bfd
e367ee45
e3681cf5
e369a379
e36abf8d
e36b7c29
e36ce55c
e36dc0ce
e36ef845
e36f7122
e3703349
e371f538
e372979d
e373c680
e3740735
e375d8fb
e3761809
e37705c5
e3781431
e379aeea
e37a0d9a
e37b850e
e37cd55a
e37d2e96
e37eb676
e37f4f88
e3804e12
e381e552
e3823770
e3833fcb
e384c83c
e385ba2f
e3869ed1
e38714ae
e388cc19
e389b821
e38a3abc
e38b50de
e38cce67
e38db54a
e38ebfdd
e38fb899
e3907180
e3918872
e3923a8c
e39356b0
e3945cf9
e3951dca
e396c3a5
e397d30e
e398482b
e3995469
e39ac490
e39bc252
e39cd12a
e39d9b67
e39e349d
e39f1e62
e3a0ffb0
e3a1007d
e3a2663b
e3a386c7
e3a4c5db
e3a53755
e3a673a2
e3a72e1a
e3a81b07
e3a93d28
e3aaebdd
e3ab2cf3
e3ac4652
e3ad7ab8
e3aead6f
e3af3847
e3b04313
e3b1ae26
e3b2f60e
e3b36763
e3b48c6d
e3b560b3
e3b6e86b
e3b78c19
e3b8e149
e3b9911e
e3baf064
e3bb7998
e3bc75cb
e3bd2a61
e3beb50b
e3bf1909
e3c0ee04
e3c1a739
e3c2d581
e3c372ea
e3c4c093
e3c5e635
e3c6ffbc
e3c793a0
e3c83d36
e3c9e535
e3cae34e
e3cbd459
e3cccd47
e3cdff58
e3cebbf4
e3cf7cb4
e3d0a71f
e3d10e28
e3d2a3a0
e3d30827
e3d42ced
e3d50334
e3d6958e
e3d795b9
e3d8dbf0
e3d96e2b
e3da998f
e3dbb3ab
e3dc7a2f
e3dd3806
e3deaff0
e3df0aed
e3e02e03
e3e19d1e
e3e2cd14
e3e3489c
e3e49149
e3e5fd67
e3e6d136
e3e7a60b
e3e840e5
e3e98235
e3ea1123
e3eb266d
e3ecdfbb
e3ed3cca
e3eeebab
e3ef5f3f
e3f0c597
e3f16018
e3f2bf33
e3f3061c
e3f43be4
e3f5d356
e3f66f3b
e3f7230f
e3f8f4ba
e3f96b6c
e3faf0ac
e3fb0c0d
e3fcb3b7
e3fdd339
e3fe6b42
e3ff6b88
e400ce54
e4013e60
e402ac1f
e403c7c0
e404b829
e405fff0
e4061d4b
e4070cff
e4087213
e4090bb7
e40a68ac
e40b514b
e40c5453
e40d5df4
e40ec112
e40fb966
e410c346
e411ca5f
e41211a6
e41396d9
e414bb79
e4158f52
e4165a19
e41753d4
e418048e
e41956f3
e41a69c0
e41b39ed
e41c8424
e41d0b9c
e41ed525
e41fe9f7
e42021ea
e4214486
e422a7eb
e4239d40
e4243141
e4258a6e
e426a732
e427244a
e428716d
e42907ba
e42a14c6
e42b55dd
e42cbd32
e42d0ad2
e42ef716
e42f4bee
e430c5fa
e431b979
e432c26c
e433ea8f
e434202e
e4357c16
e4366833
e437bc58
e438c010
e439c113
e43ae04a
e43bdbb5
e43cefa3
e43dc04a
e43e4926
e43fb720
e440f249
e441a549
e4428e1c
e4437256
e444be2e
e4453672
e4464c01
e447f177
e4484c85
e4496de2
e44a6d16
e44b6a7a
e44cfe91
e44d8526
e44ea68d
e44fb103
e450a45b
e451c9b4
e45251a5
e45380a4
e454845b
e45572a6
e4568d49
e4570459
e4587c07
e459585e
e45a39ed
e45bce9b
e45c8ac2
e45d0055
e45ebe60
e45fae56
e460af1e
e4617c05
e462a6af
e46343db
e464a82b
e465e7cc
e46607ac
e4678bdb
e4688917
e469fd0a
e46adadc
e46b979b
e46c5ce1
e46dc85a
e46e2b7a
e46f8e2e
e470cefa
e4716761
e4727fec
e4737342
e4744fce
e4759a11
e476c799
e4777fa8
e47837e6
e4798670
e47a2bec
e47beb44
e47cc79c
e47d23bc
e47e49e8
e47f824d
e4803a04
e481aeac
e4824554
e4838421
e48413f0
e48506d7
e48650f2
e48793f3
e48827cf
e489dafe
e48a7531
e48be66a
e48c0145
e48d8cf6
e48eda04
e48ff66e
e49019ce
e491e14b
e4926d53
e4936cc7
e4942921
e4958a63
e49603a1
e497a278
e4985ad9
e499a69d
e49ac807
e49bab0d
e49c30bc
e49dd364
e49e3a21
e49f2531
e4a0e48a
e4a1e792
e4a2022c
e4a309ed
e4a4ee5a
e4a5f2a9
e4a6afc3
e4a723ba
e4a8ff6f
e4a91fb7
e4aafa1d
e4ab38c6
e4accf3a
e4adb4c6
e4ae2815
e4af3f50
e4b07869
e4b179ae
e4b21b83
e4b3db01
e4b41269
e4b5e382
e4b69369
e4b78f56
e4b806ba
e4b90da3
e4ba8605
e4bb61a3
e4bcf8d8
e4bdc962
e4be67bf
e4bff5c5
e4c05b24
e4c16ccb
e4c23170
e4c32baa
e4c4b33b
e4c5c493
e4c671c6
e4c7cdef
e4c8b598
e4c9ae55
e4ca0570
e4cbcfa2
e4cc0fc9
e4cd3c97
e4cea795
e4cf7d7d
e4d0200a
e4d1e837
e4d24a91
e4d37660
e4d42d79
e4d50830
e4d6ac3f
e4d7e238
e4d8b582
e4d960cc
e4da457f
e4db0c5b
e4dc2362
e4ddb8b3
e4dec0de
e4df7709
e4e0962f
e4e182e1
e4e2615d
e4e38db7
e4e49994
e4e5cefc
e4e619fe
e4e76fbd
e4e85188
e4e91746
e4ea6cf0
e4eb486e
e4ec7e6e
e4ed7300
e4ee3833
e4eff0d4
e4f0c5fb
e4f14fe1
e4f2b4e9
e4f3c53c
e4f4ebe0
e4f591ca
e4f618e9
e4f7e465
e4f82cd8
e4f9933b
e4fafeda
e4fb1fb2
e4fc177b
e4fde5d3
e4fe2ab2
e4ff975f
e500b00d
e5016153
e502fd4d
e5031d83
e50476db
e50522f8
e5063c09
e507b95e
e5087ef2
e509dfac
e50af142
e50b9101
e50cf58d
e50d8958
e50e5d3a
e50fba5e
e51049de
e5112607
e512e83d
e5134a2f
e5149e0c
e515d87a
e516db4a
e51779f1
e518aa45
e519f8e0
e51ace9d
e51bb40d
e51c738b
e51d894b
e51e5618
e51f82d3
e520541e
e521b386
e5226963
e523802b
e524963a
e525c806
e526cab7
e52706bd
e528aa29
e5290c42
e52a68e7
e52b2284
e52cc842
e52dd29e
e52edf95
e52f10ce
e530db91
e531cfe7
e5324313
e533e91c
e534537c
e5356dab
e536d37b
e537f317
e538b8f9
e539a43d
e53abc66
e53bfa0e
e53c1c03
e53d8fdc
e53e757a
e53f127a
e540dd5c
e5412ee7
e5423ab0
e543c3c3
e544c340
e5459b65
e546464c
e547bbb9
e54876f8
e5493709
e54aa188
e54b219e
e54c8f4d
e54d7450
e54e0955
e54f4989
e5504939
e551e6e2
e5523749
e553a788
e55403e8
e5556765
e5561c3d
e5571a30
e558c94d
e5599a03
e55ac3c6
e55b31b1
e55ca95a
e55de803
e55e1b90
e55fed2f
e56029b0
e5611512
e562af9f
e56372f6
e5642f15
e565d8f8
e5660cec
e5677664
e56874d8
e569a38d
e56a7ee7
e56bdc34
e56cb9f1
e56d7131
e56eda4b
e56f8cb7
e570ccc9
e5716d8c
e572aa0d
e5732df6
e57456ab
e575698f
e57666c7
e5773a5d
e578c83a
e5796577
e57aa693
e57b1ce7
e57c6567
e57d434b
e57e359a
e57f6b9b
e580df7f
e581220f
e582a138
e583eb95
e5847528
e585466c
e586a552
e5878007
e5884480
e589ed00
e58ad21e
e58b2c49
e58c1ab8
e58d0b65
e58ec6e0
e58fdbd2
e5906c4b
e5911475
e5925f30
e59365c4
e5943ff5
e595a22a
e5966141
e597a49d
e5988ced
e599757c
e59a61c6
e59b02cf
e59cd384
e59d6d1c
e59e26eb
e59f48a5
e5a08365
e5a16c81
e5a28978
e5a30e12
e5a45325
e5a5e3cd
e5a69fb7
e5a719a3
e5a8e406
e5a98978
e5aa701e
e5ab646c
e5ac138a
e5ad88aa
e5ae0369
e5af8cea
e5b0e7e2
e5b1a4bb
e5b2c440
e5b34c1c
e5b4a5f6
e5b5cb1f
e5b6a142
e5b76102
e5b830fa
e5b9223d
e5bad48a
e5bb28c6
e5bc247f
e5bdf9b3
e5bed43b
e5bf8c1b
e5c0ace1
e5c1d0ec
e5c24616
e5c30f6d
e5c4d57c
e5c5e7e6
e5c65314
e5c744e7
e5c8fcf4
e5c9634e
e5ca8794
e5cb8bc2
e5cc6f52
e5cdf5f2
e5ce8f8e
e5cf803b
e5d09c91
e5d114d8
e5d257bf
e5d3763d
e5d435d9
e5d5fdbe
e5d698f4
e5d7a8d4
e5d81dce
e5d9f4c6
e5dab743
e5db5b83
e5dc7f59
e5dd10c0
e5de2589
e5df7b6a
e5e0ed67
e5e1e665
e5e2215e
e5e3bf73
e5e45ecf
e5e54a4e
e5e6d5f1
e5e7ad04
e5e83935
e5e9ec56
e5ea7492
e5eb5bdb
e5ec59ae
e5ed99f0
e5ee6229
e5efe6e8
e5f0f6b6
e5f1ec99
e5f25697
e5f3c8f3
e5f4cf86
e5f54d0e
e5f6c7a2
e5f76945
e5f8dc39
e5f9c767
e5fa270c
e5fbdd38
e5fc003a
e5fd97a0
e5fe93f1
e5ffa3f5
e6005c41
e6011a51
e6020a29
e603af2e
e604fc48
e605ece2
e6065dc6
e6076649
e608f859
e6093578
e60a6cae
e60b9d06
e60ccd18
e60d5782
e60eb686
e60f0b1f
e6106a71
e61154d4
e612b72d
e6134a0c
e614d5af
e615a65c
e6161f05
e61788ce
e6185967
e6198071
e61a004e
e61bbcbd
e61ccda7
e61d5ae0
e61ec535
e61f8e48
e620e26b
e621f36f
e6225a8b
e6237be5
e6248e37
e6255454
e626d870
e627db5d
e628c76e
e6292faf
e62aea15
e62bdf47
e62c8b3a
e62dfb7a
e62ec4ef
e62f1ad1
e630c113
e631c1c5
e6320a14
e633ec22
e6347710
e63551a1
e636caec
e637fb72
e6385e4d
e639f6a9
e63a5cdd
e63bbda5
e63ce118
e63d2ec4
e63e0e37
e63fd993
e6404c88
e641ca91
e642e38c
e6436040
e64497ea
e6455a71
e646788f
e6476181
e64881a8
e649ed15
e64adfb4
e64b5fa0
e64c85b6
e64d6c95
e64e82a7
e64f7692
e6505c51
e65164ee
e6523149
e65314a8
e654b575
e655f80d
e6564890
e65723ec
e6587702
e659c5db
e65a727a
e65b2b44
e65c6788
e65db586
e65e29be
e65f8166
e660c918
e661325c
e662606a
e6632e0b
e664ac35
e6650bf1
e666df87
e667d7f8
e668d48e
e66973b3
e66a31a4
e66bd3a8
e66cbd70
e66dc0c7
e66e4f3e
e66fec22
e6702246
e671af97
e6721787
e673312d
e67499f7
e675621e
e6760918
e677d762
e67805ff
e679afd6
e67ab18a
e67b565f
e67cd290
e67de1b0
e67eb9a9
e67f5520
e680f857
e6814aa2
e682ed15
e6832dea
e6847e42
e685124c
e686bb1f
e6879644
e6881680
e689b696
e68abcfa
e68b5d36
e68ce62f
e68d410c
e68eacb3
e68f7086
e6901c7f
e6916886
e6928285
e693fa34
e694ef72
e695f9b0
e696d19e
e69734fb
e69897fb
e6997121
e69a9488
e69bb2a8
e69cccd8
e69d607d
e69e8f90
e69f8fa6
e6a0ad21
e6a1758c
e6a2d3cd
e6a366d8
e6a4ce5a
e6a5e578
e6a68951
e6a713cc
e6a86839
e6a91d0d
e6aa3aa7
e6ab0efd
e6acd7f3
e6ad48a0
e6aeda0a
e6af42b7
e6b0996f
e6b1d685
e6b26a78
e6b39df5
e6b4cb71
e6b5d98e
e6b64f56
e6b7de03
e6b84161
e6b95c0b
e6baae49
e6bb15d3
e6bc7974
e6bdd426
e6bec2ba
e6bfd77e
e6c02038
e6c1d288
e6c24e6c
e6c3116d
e6c42fee
e6c529cf
e6c651dd
e6c73b10
e6c80fdb
e6c93e4d
e6ca2dae
e6cbc0c6
e6cc2242
e6cd087e
e6ce26b8
e6cf6fb7
e6d091ab
e6d17073
e6d2feee
e6d378c6
e6d47035
e6d54561
e6d60772
e6d72226
e6d808ab
e6d969bf
e6da7e5a
e6dbc583
e6dc0d16
e6dd8d1a
e6de487c
e6df063d
e6e089ca
e6e16fde
e6e2d521
e6e316df
e6e4f625
e6e556f8
e6e6e4b8
e6e76f7e
e6e895f2
e6e99a2d
e6eaaaca
e6eba676
e6ec2df9
e6ed76d8
e6eec919
e6ef5b16
e6f02e9a
e6f13188
e6f2f7b1
e6f31a81
e6f40dc8
e6f59b98
e6f64f46
e6f71ec0
e6f82b0f
e6f9ce35
e6faa1cc
e6fb739c
e6fc39f7
e6fd4b19
e6fee640
e6ffa8fa
e7005646
e7017c59
e7027bb0
e703f0f0
e704f633
e705c360
e7061a1b
e707b526
e708f7ea
e7090cac
e70a8abb
e70bc997
e70c1004
e70dd5ea
e70e6d00
e70f063a
e7103398
e711025f
e71296de
e7132c1b
e714ecf4
e715dbdb
e716ef66
e7178301
e718fb81
e7190616
e71af554
e71b9ff9
e71c7f06
e71d36fb
e71efd50
e71f8fb5
e7208eec
e7218a98
e7228b4b
e723edf1
e724c114
e725d7ce
e726e2ba
e72787b5
e728a97e
e729a70c
e72a9d5e
e72bbaf2
e72c873a
e72d4d6b
e72e5fe8
e72f5375
e7307db9
e731a843
e732d839
e733fd25
e734710f
e7351e7a
e736d923
e7376b81
e7385173
e7392be0
e73a8866
e73b09ab
e73c37d6
e73d5b44
e73e8cf1
e73fe235
e740af43
e741831f
e742699c
e74332f2
e7440bfe
e7457e34
e7466d36
e747552d
e748122d
e7493b61
e74aad4d
e74b131d
e74cb16b
e74de009
e74e084d
e74f5f64
e750dd73
e751cbaa
e75212ec
e753ad9d
e7546da6
e755b785
e75667cc
e7573985
e7589448
e759c72e
e75a2123
e75b4333
e75c1612
e75dea89
e75e66fe
e75f5214
e76014e8
e761da30
e7627cac
e7638a21
e7640787
e76508a1
e76670d8
e767045c
e76866ef
e769ac62
e76a8b02
e76b12ec
e76ca4b4
e76dc892
e76e302e
e76f6921
e7704044
e77135e3
e772aadc
e7739e27
e7741114
e77531fd
e776b005
e7772754
e7786277
e779c650
e77ab7ba
e77b8275
e77ccae2
e77d0887
e77e03a2
e77f3460
e780713d
e78103bf
e7822d26
e783b555
e7841780
e7854894
e7869638
e7879dbb
e788699c
e78926e3
e78aa217
e78bb4e1
e78cbabe
e78db255
e78e1c7f
e78ff886
e790b2d1
e791b76e
e7928244
e793c83d
e7948065
e795d27a
e7967dcc
e79789f2
e79894f0
e79997e3
e79aabf5
e79b636f
e79cc200
e79d8cf4
e79e01a9
e79f4228
e7a0c95b
e7a12902
e7a23d40
e7a3a08f
e7a4ed30
e7a5bf50
e7a6e99b
e7a7c7d5
e7a8550d
e7a9fb2d
e7aac956
e7ab9a2a
e7ac67b5
e7ad1a75
e7ae19a6
e7af83de
e7b0f8c6
e7b11715
e7b24b41
e7b35321
e7b436d2
e7b518ef
e7b6ef11
e7b780eb
e7b8b20e
e7b9c920
e7badd45
e7bb5eed
e7bc46ed
e7bdeb84
e7beca35
e7bf2490
e7c010fd
e7c1427c
e7c29287
e7c30880
e7c4eb29
e7c503e2
e7c67c56
e7c73693
e7c8b6b7
e7c98bd4
e7ca315d
e7cb71d7
e7cc4193
e7cdd77b
e7cec28f
e7cfb284
e7d0f9fd
e7d12052
e7d2eeff
e7d35a4e
e7d4cb8e
e7d559ba
e7d68855
e7d7b5ec
e7d8e2cc
e7d9d991
e7da3cd3
e7dbbf65
e7dc63fd
e7ddf352
e7de2b26
e7dff70a
e7e0fd9c
e7e12857
e7e23be1
e7e3246a
e7e4ab00
e7e51fe0
e7e6de0f
e7e7b16d
e7e89343
e7e90489
e7eaad9a
e7eb50a1
e7ece7ff
e7ede89f
e7eebb07
e7ef68d0
e7f0b3e5
e7f182e2
e7f20e83
e7f3d223
e7f4e344
e7f50654
e7f694ae
e7f7379b
e7f848a2
e7f9f5ef
e7fac52f
e7fbe6f4
e7fcc064
e7fd6e51
e7fed38d
e7ffb157
e80014b5
e8017f3b
e802a27a
e803900b
e8045ffc
e8058fee
e806c160
e807f9fd
e8088f3d
e80958a8
e80afb8b
e80b0b65
e80cca48
e80d265a
e80ed3ae
e80f3e9c
e8105713
e811fc89
e812a7fa
e813ee97
e814e6d1
e8157324
e81611f9
e8170b7f
e8187294
e819b682
e81a18b6
e81baa70
e81c4b76
e81d9149
e81ea8a7
e81f6fbf
e8201be5
e82172d0
e8226e2e
e8234137
e824cdb2
e825abcb
e8263cbf
e82722c3
e8283c27
e829724d
e82aa4be
e82b6736
e82c5c6b
e82d7554
e82e5cf1
e82f19c9
e8307f9b
e831acb4
e832cd56
e833e841
e834fa99
e8357da0
e8368518
e8370b2f
e8387767
e839c33d
e83ac17d
e83bbec1
e83ce55d
e83dc228
e83e858d
e83f456c
e840ba2d
e8415dca
e8426604
e843367e
e844bf6f
e845b7d3
e8466ea0
e847e0d9
e848e891
e8490abf
e84a4faf
e84b79f4
e84cb7b0
e84d6297
e84e95e8
e84f4d48
e850a756
e85123c4
e85206ed
e853e49d
e854f99c
e855bd84
e8565104
e857f67b
e8584eb9
e859b304
e85a63ee
e85b8093
e85c872d
e85d0caf
e85ef03b
e85fc4b6
e860b3e8
e8611bf8
e862b72e
e863cc3b
e8647adf
e865a1b5
e86680ed
e86746d4
e8680224
e869d4d2
e86a8df1
e86b7283
e86ccd87
e86d89a6
e86e1bfe
e86faedb
e870bb03
e871ca00
e8721824
e8730c9a
e874ed7f
e8756ebe
e8767fb9
e8772b55
e878820d
e8799642
e87ad4c3
e87b6cf1
e87cb03c
e87d32f4
e87eedbf
e87f72f9
e88081c9
e88115e8
e882b979
e8830b2e
e8849da6
e88539a1
e886a607
e8877b5e
e888d55c
e88907ae
e88a43c6
e88b9fcc
e88c1ed3
e88dbdbb
e88e3785
e88f0413
e890168d
e891da24
e8925b32
e8938afb
e894930e
e8956112
e8960ce1
e8977f6c
e8989347
e8991f00
e89ab950
e89b6d8f
e89cd5c2
e89d1a79
e89e9339
e89fe25d
e8a0a859
e8a12ac3
e8a2a58d
e8a30fa7
e8a49d31
e8a56b00
e8a60c53
e8a7e99a
e8a8429f
e8a91580
e8aa4bd4
e8ab27c9
e8acf410
e8ad920d
e8ae0886
e8afc305
e8b0cae7
e8b18424
e8b29ac9
e8b3e6ec
e8b4452c
e8b5fdea
e8b6da7e
e8b798b5
e8b8dab7
e8b9ea51
e8ba3653
e8bb7e45
e8bc21b0
e8bdd623
e8be326e
e8bf778f
e8c060f7
e8c1c5ca
e8c2e141
e8c3f319
e8c49c11
e8c56ac1
e8c6ebb3
e8c757b8
e8c8b87f
e8c91465
e8cacdf6
e8cbe1c3
e8ccb3b8
e8cd4082
e8ce2b13
e8cfbf19
e8d05b32
e8d18043
e8d231aa
e8d32968
e8d4f4ca
e8d5a285
e8d61f4e
e8d74887
e8d8e533
e8d904a5
e8da059f
e8dbc1ef
e8dc3a12
e8ddf2b6
e8de4b3a
e8dff824
e8e04594
e8e1409b
e8e2a3f9
e8e38c1d
e8e45115
e8e57590
e8e60922
e8e7390f
e8e82738
e8e95667
e8ea4ae5
e8eb7912
e8ec4582
e8edf203
e8eefb0c
e8efb6ee
e8f01066
e8f1520e
e8f2a4b2
e8f32df7
e8f4b0d1
e8f58018
e8f680d2
e8f7a688
e8f8415b
e8f97f96
e8fa4010
e8fb8b65
e8fcf36f
e8fd7a59
e8fe831c
e8ff076c
e9004ec4
e9013e00
e902b957
e903eb68
e904e6a1
e90558eb
e9068b34
e907bdd1
e908fd52
e9097f67
e90a5553
e90bd7cf
e90ca073
e90d22ec
e90e6ae7
e90f9d88
e9100590
e91158a9
e912c656
e913ba46
e9149ca3
e9151d49
e916daad
e9176578
e918bf43
e9198feb
e91a4892
e91b072f
e91c1465
e91d5391
e91e6e1b
e91ff87c
e92094d5
e921d60d
e9222fc3
e9238f53
e924f964
e9252dcb
e9268e91
e92771e4
e92887ce
e929ad95
e92af110
e92bfe06
e92ce28b
e92d8379
e92e97cb
e92f97b0
e9307a34
e9310bea
e93244b9
e93360ae
e93433d4
e9356f34
e936e7ad
e9372204
e938e159
e939f719
e93a82d8
e93b848e
e93cf98b
e93d983a
e93e8326
e93f0954
e9409484
e9415f34
e9421443
e9434485
e944a6bf
e945f440
e9468076
e94799c7
e948f005
e949cadf
e94a9674
e94b92a6
e94c2447
e94da83a
e94e4c8e
e94f5820
e95050bc
e9512eb7
e952ee4f
e953c73e
e954de58
e955abe7
e956a92c
e9577948
e9584774
e9591caf
e95a92c1
e95bd56a
e95cf1c5
e95dd228
e95e768d
e95f2622
e9607308
e961d906
e96240ff
e9633c8f
e964b169
e96524ac
e966bca4
e9670106
e968c95b
e969827d
e96ab437
e96bbdd7
e96c7372
e96d332a
e96ebbdb
e96fe664
e9708a76
e971d0ba
e972936d
e9732d0f
e97465fb
e9752eea
e9761872
e977ebee
e978ebbf
e979bbd0
e97a7226
e97b4ab1
e97c0ae1
e97d5266
e97ec674
e97fe6d6
e980f01d
e9817447
e9822290
e9837c77
e9844fce
e985be42
e986f091
e987f513
e98821bb
e989d229
e98a1032
e98b5c64
e98c61ec
e98d7407
e98e427c
e98f726c
e9907ce9
e991a449
e99212ff
e993e862
e99467be
e995351a
e996b670
e997597d
e998de5f
e9998bc8
e99a77d9
e99bf200
e99c0f2d
e99d090e
e99e2121
e99f9755
e9a0cd9b
e9a195b0
e9a2a550
e9a3e7ab
e9a411a5
e9a5dd0f
e9a6a943
e9a7c126
e9a80fe7
e9a9a592
e9aa9063
e9abc1ba
e9ac5f18
e9ad6373
e9ae6dd3
e9af5f6a
e9b00f8f
e9b1ec68
e9b208ac
e9b33114
e9b4259f
e9b59a17
e9b6c037
e9b7c592
e9b870e3
e9b996fd
e9ba3f9c
e9bbaaca
e9bc7416
e9bd1843
e9be9804
e9bfff6d
e9c03890
e9c1aa1b
e9c29206
e9c3203e
e9c478a1
e9c52432
e9c67677
e9c7aab0
e9c884d1
e9c91bce
e9ca0362
e9cbb518
e9cc5bc5
e9cdb2b9
e9ce6e86
e9cfecc8
e9d0e043
e9d1d833
e9d2b90e
e9d31d4e
e9d47dfe
e9d595f0
e9d60f57
e9d75bf7
e9d84033
e9d999fd
e9daf398
e9db4803
e9dc03e9
e9dd2bdd
e9de11d2
e9dfb6ff
e9e0d24e
e9e1d8a3
e9e2262f
e9e333e5
e9e4a429
e9e5353f
e9e6c5c3
e9e7fd0b
e9e88293
e9e9590b
e9eaf7fa
e9ebc188
e9ec1139
e9ed824d
e9eebad5
e9ef6773
e9f0f67f
e9f1e542
e9f286ed
e9f32c66
e9f4dd9a
e9f5c49d
e9f6fa38
e9f7af14
e9f8ff4f
e9f90c7b
e9facc14
e9fb0418
e9fc627a
e9fda00b
e9fea860
e9ff4fb5
ea002ee6
ea010d1c
ea02260b
ea0334fe
ea0492b2
ea056123
ea0652e8
ea07f987
ea084508
ea091fae
ea0a8b04
ea0beb80
ea0c46c3
ea0da97b
ea0e2223
ea0f7790
ea101418
ea11f509
ea12a75a
ea1381e4
ea142842
ea15554f
ea166fa3
ea17c9f1
ea18097a
ea19ca50
ea1aa725
ea1b2c92
ea1cb00d
ea1db9c7
ea1e1114
ea1ff10b
ea206cab
ea21a08f
ea22366c
ea23b9ef
ea24c4a4
ea25fa33
ea26237d
ea275206
ea285976
ea2992de
ea2ac1e9
ea2b16a1
ea2cfd5f
ea2dfb5f
ea2ee3bc
ea2f001a
ea30d9e6
ea317054
ea321740
ea338790
ea346334
ea355145
ea3687a8
ea370dbc
ea381d43
ea396b93
ea3a7437
ea3b222e
ea3c7f7f
ea3d1f8a
ea3e9fa5
ea3f3c76
ea406eff
ea4137c2
ea4254c2
ea43d539
ea44b1fe
ea4520c2
ea46ecde
ea474c39
ea487472
ea493f28
ea4a28c2
ea4bdb6f
ea4c8ebe
ea4dcfc9
ea4ed0c2
ea4fad05
ea5097dd
ea512183
ea527dc0
ea533c72
ea54612c
ea55fc2e
ea5683da
ea571076
ea58df75
ea593445
ea5ac289
ea5b5cf4
ea5c35fc
ea5df7da
ea5ea749
ea5f3273
ea607e97
ea6176ba
ea6295f3
ea63be19
ea64e5f5
ea65e537
ea6685ec
ea67ee76
ea68e11b
ea6923a9
ea6ace74
ea6bcce6
ea6c6e40
ea6de829
ea6e9451
ea6f0aba
ea704da9
ea71b525
ea72fcf0
ea732dcc
ea74604c
ea754fcd
ea769198
ea77bdf6
ea784672
ea79d796
ea7a24d1
ea7b98eb
ea7ca9a6
ea7dfbab
ea7e95c5
ea7fcf19
ea801207
ea81b627
ea822060
ea831191
ea84d57c
ea85203c
ea866567
ea87e331
ea882d7e
ea896e8c
ea8a16f4
ea8b0cc9
ea8ccd8c
ea8dc555
ea8e9614
ea8f8fcc
ea90b495
ea911274
ea9274a4
ea93071e
ea949540
ea9575e8
ea964211
ea972ebe
ea981c03
ea995313
ea9ad87a
ea9b9c22
ea9cf826
ea9dc2e4
ea9eb608
ea9f8716
eaa0e3b5
eaa15643
eaa2bd95
eaa3b868
eaa41e29
eaa50039
eaa687b6
eaa70c09
eaa86411
eaa98bcb
eaaa2729
eaabcbb2
eaac9634
eaad4097
eaae24c3
eaaf55d4
eab05b28
eab144ae
eab296f7
eab3e1d3
eab4a32e
eab5a9aa
eab67d40
eab7e5d7
eab8ba90
eab9ee3a
eaba46fb
eabbe002
eabc7f89
eabdf66a
eabef02e
eabfb7db
eac068ef
eac1730b
eac2fd3e
eac36608
eac46425
eac5b0c3
eac65007
eac78d47
eac8f937
eac9b803
eacab75a
eacba86c
eacc3151
eacd2c7a
eace4b36
eacf2675
ead0b2f3
ead1eec5
ead2c74b
ead395bb
ead46727
ead5eb7a
ead61007
ead7227b
ead8fc8c
ead9ea10
eadae440
eadb489a
eadccc60
eadd90bd
eade6985
eadfc0d0
eae0489f
eae10058
eae2476c
eae3dbf8
eae400c5
eae57946
eae63c64
eae7975e
eae8f4c7
eae9ad6e
eaeab09a
eaebec19
eaec91b3
eaed8f3f
eaeefa26
eaef2c04
eaf06c1b
eaf1ec2c
eaf27979
eaf31ddf
eaf4d257
eaf5b2f0
eaf695e6
eaf7dae9
eaf86f07
eaf9b8d8
eafad373
eafb503a
eafcfa1e
eafd547c
eafe5eff
eaffe4b0
eb0017e5
eb01c6de
eb029fa7
eb0371a6
eb0491a6
eb05834a
eb06b805
eb07d624
eb082bf5
eb091462
eb0ade13
eb0bcc21
eb0c02fe
eb0d202d
eb0e2d8f
eb0fce2b
eb10df4d
eb115e55
eb12b473
eb1386c9
eb1497ab
eb153dd1
eb161278
eb17eb17
eb181dda
eb19b777
eb1a6fff
eb1b97ad
eb1ccb75
eb1d35c9
eb1e876a
eb1fc105
eb20511e
eb21a1d2
eb22cda4
eb234b7b
eb247d43
eb25ae6a
eb261ed9
eb2751cf
eb2847d8
eb2904a3
eb2ad06e
eb2b868f
eb2ce5d8
eb2d99cd
eb2e9d13
eb2f4242
eb30046c
eb31c0cc
eb32cc98
eb335782
eb3484cf
eb357ccc
eb3646d6
eb3701ed
eb38998e
eb395515
eb3a4ea8
eb3b9bb3
eb3ce193
eb3d357e
eb3e5713
eb3f66fb
eb40a95b
eb416f65
eb420f33
eb43a666
eb44e8ff
eb45ccbd
eb466691
eb4722e7
eb4898c1
eb49778d
eb4a580f
eb4bfa0f
eb4c84bd
eb4da548
eb4eb5ba
eb4fcdd7
eb508c08
eb51e013
eb5268cd
eb53dc9b
eb547ff2
eb55c86d
eb56bdc8
eb571c91
eb5815c1
eb597c54
eb5a04f3
eb5b5f33
eb5c9671
eb5d03b5
eb5e95e5
eb5fbf52
eb606b3c
eb6156e6
eb62dccf
eb632eba
eb64964a
eb65dbe9
eb66ad6b
eb67cced
eb681c55
eb6976b3
eb6aaace
eb6b7e66
eb6cc77b
eb6dc010
eb6e08cc
eb6f48b2
eb70760a
eb71cd94
eb724922
eb7368b2
eb746c34
eb7582df
eb76bf35
eb7739fa
eb78af2e
eb799b69
eb7af958
eb7b6145
eb7c05f3
eb7d3dd2
eb7e4c66
eb7fd41e
eb803f60
eb812c06
eb82f9c1
eb83218b
eb84d14d
eb85efa8
eb86f833
eb87ac6b
eb88453c
eb8976ab
eb8ab9dc
eb8b5578
eb8c4c73
eb8d3d15
eb8e5816
eb8f9c99
eb90ef3d
eb91b900
eb924044
eb93ef24
eb947088
eb95f590
eb960682
eb97f12c
eb98ad13
eb9943ce
eb9a16e6
eb9b3623
eb9c7a06
eb9d3e7d
eb9e3415
eb9f546b
eba00cda
eba147a5
eba2c40e
eba3e8b3
eba4626b
eba5f064
eba6dc40
eba78d2e
eba80ee5
eba98b98
ebaa9816
ebab41f1
ebac17f2
ebadb108
ebae3b7d
ebaf5ff3
ebb00c0c
ebb18241
ebb27540
ebb3ba0e
ebb4c6bc
ebb5edec
ebb612dd
ebb76983
ebb8874c
ebb92731
ebba4632
ebbb57b0
ebbcb155
ebbdf1e2
ebbebcc8
ebbf986d
ebc0eb6e
ebc147bd
ebc2ac8c
ebc3d4ea
ebc4be77
ebc5eec8
ebc6e773
ebc75f33
ebc8f4d0
ebc95d60
ebca43f6
ebcb9d36
ebcc8356
ebcd08df
ebcede36
ebcfd043
ebd0828a
ebd151c4
ebd2b255
ebd32e6f
ebd495c1
ebd57e6b
ebd6bd26
ebd7baf8
ebd89265
ebd97f06
ebdafdce
ebdb0f0a
ebdcd79b
ebddfb9f
ebde04dd
ebdf2403
ebe0cd3a
ebe15030
ebe2692e
ebe39c9c
ebe49d6e
ebe5a948
ebe6cc10
ebe7151f
ebe893c2
ebe98bc4
ebea47ec
ebeb32d2
ebecd811
ebedd9b0
ebee2097
ebefeeb4
ebf0526d
ebf1d64a
ebf2a818
ebf359ac
ebf4b6f0
ebf58e2b
ebf62f9f
ebf74cf7
ebf8e04e
ebf947f9
ebfaa722
ebfb7097
ebfc527a
ebfd4452
ebfeb9b1
ebffc33b
ec00f031
ec014c67
ec02c709
ec03d067
ec0408b8
ec05cda4
ec0687d3
ec076f70
ec08e66c
ec09dbd5
ec0a4d6b
ec0b74b7
ec0c8cb2
ec0d44be
ec0ef84c
ec0f6270
ec10f92a
ec117d19
ec121b8e
ec133156
ec145110
ec158164
ec166941
ec17ec18
ec18673b
ec19fe24
ec1a0227
ec1be104
ec1cace4
ec1d0d2a
ec1ecaa4
ec1f8808
ec20fac7
ec211f82
ec22a6bf
ec239984
ec24efbb
ec256287
ec26c4c3
ec2799c4
ec2845a9
ec291f49
ec2a214d
ec2b0948
ec2c3200
ec2d5ea4
ec2eb96a
ec2f08c2
ec30d738
ec31ef18
ec32bff8
ec3382b8
ec341c61
ec358648
ec36cd00
ec370588
ec383346
ec39b7cb
ec3a48c8
ec3b60d5
ec3ce045
ec3d42e3
ec3ee70f
ec3fd686
ec4046e4
ec414a5e
ec425c19
ec43a1ef
ec44a37e
ec45fac7
ec4693e8
ec478edb
ec4847f2
ec49bb54
ec4a2b89
ec4b287f
ec4ced59
ec4dbf2f
ec4e2e22
ec4f680d
ec508d23
ec514eae
ec528999
ec533c46
ec543393
ec556fcc
ec561297
ec57b61f
ec586eae
ec594589
ec5a3f7c
ec5b05ae
ec5ce3a1
ec5d3b8d
ec5eb2fe
ec5f31bd
ec609c96
ec612df9
ec62e370
ec63824b
ec64a516
ec65c8b5
ec66d82e
ec67b229
ec68ab6c
ec699cb4
ec6a612e
ec6bdc2b
ec6c4dd4
ec6d9606
ec6e3a9b
ec6ff2ca
ec704ddd
ec71a7d6
ec72f073
ec731b1a
ec7401e3
ec75a557
ec766195
ec779f4b
ec78ff70
ec7922e8
ec7a489f
ec7b066d
ec7c52dd
ec7d3124
ec7e2d36
ec7fb733
ec80efa2
ec81bca8
ec8294c3
ec839802
ec842c55
ec856a3f
ec8677eb
ec87b914
ec88aca8
ec898cd3
ec8a39e0
ec8b5cb6
ec8cce33
ec8dd699
ec8ea6f6
ec8fcbe3
ec90678b
ec91a7ca
ec92d2dd
ec93614c
ec94615b
ec95312b
ec9626ca
ec971323
ec98bd8f
ec99b90c
ec9a47b7
ec9b7f36
ec9c4815
ec9d16df
ec9e5d5b
ec9f5d53
eca0db6e
eca17895
eca2b5f8
eca30ba1
eca460cb
eca59de9
eca6db44
eca75ed7
eca8b84e
eca93af2
ecaa951d
ecab880c
ecacf735
ecad5ca4
ecae4fa8
ecafa1aa
ecb0a552
ecb11c4d
ecb23adf
ecb38d4c
ecb49ab6
ecb553e2
ecb68763
ecb70a40
ecb83e81
ecb92d88
ecba994a
ecbb4b79
ecbc3272
ecbd73b6
ecbe6be1
ecbf45e0
ecc0a76c
ecc1add6
ecc23557
ecc3437c
ecc43761
ecc517ff
ecc65acd
ecc790ba
ecc875e1
ecc97bff
ecca0976
eccb2c48
eccc826e
eccd1bd2
ecce04ed
eccfb361
ecd01dd9
ecd19a88
ecd2387a
ecd3dbb9
ecd400ca
ecd54eda
ecd6e4c1
ecd78f34
ecd82541
ecd92a25
ecdaf295
ecdb92b7
ecdca696
ecdd2641
ecde69ac
ecdfb532
ece0f962
ece1e58b
ece2c83c
ece37d60
ece49059
ece55324
ece6c9a5
ece7aa89
ece87762
ece9517a
ecea59a6
eceb6cc4
ececa31a
eced7eeb
ecee958f
ecef2c4f
ecf06138
ecf1c29e
ecf22058
ecf380fe
ecf44c42
ecf588bd
ecf61828
ecf775cb
ecf83e5f
ecf9017e
ecfa9c79
ecfb6fac
ecfc5a87
ecfde3f9
ecfe5b96
ecff72a6
ed00d396
ed017fc7
ed02f180
ed031171
ed04e7fa
ed05adf3
ed0612d6
ed07caac
ed089761
ed09f745
ed0af00a
ed0b301c
ed0c963c
ed0daa2e
ed0e32f2
ed0f4ac6
ed107c1e
ed11840c
ed121a6e
ed13d35d
ed147129
ed157e8a
ed16a666
ed17380f
ed1814d9
ed197f37
ed1a5275
ed1b371f
ed1c5fdb
ed1d634e
ed1e824b
ed1f8906
ed20539f
ed21bc4a
ed22b0f1
ed23a280
ed2436de
ed25add8
ed26f0bc
ed27ce75
ed286e49
ed292a21
ed2a28b2
ed2b17dc
ed2c3ff3
ed2d9843
ed2eb017
ed2f22ae
ed309d1a
ed315360
ed32c82e
ed33619e
ed342012
ed35afac
ed3636d2
ed376140
ed3815e0
ed39fc0a
ed3a7389
ed3bc0c2
ed3ca914
ed3d6f7c
ed3ec0eb
ed3f5f9f
ed40edf9
ed412758
ed42e86a
ed43c67a
ed44b70b
ed4533cf
ed465d49
ed474015
ed484b04
ed49450b
ed4ac652
ed4b47d3
ed4c41c6
ed4d73df
ed4e419e
ed4fd26d
ed50c6da
ed510963
ed527448
ed53a78c
ed54d903
ed551fa4
ed566aa4
ed573146
ed58f490
ed59014a
ed5a9e23
ed5be5eb
ed5cc509
ed5d3347
ed5e9c47
ed5f6963
ed600f61
ed61e5e3
ed6290ff
ed631c98
ed643769
ed659424
ed66b16d
ed6747da
ed6844fe
ed69426b
ed6aa171
ed6b0bfe
ed6cde22
ed6d7458
ed6ed230
ed6fbfd8
ed70b59d
ed71414c
ed723276
ed73210b
ed744da0
ed75c9ce
ed7621ac
ed7743c3
ed784f4d
ed79fbcc
ed7a1208
ed7ba3a8
ed7c7556
ed7d4806
ed7ebf0f
ed7fd029
ed80cf9a
ed81bb3a
ed822ae9
ed83d651
ed8427b1
ed858ed1
ed869942
ed872578
ed88b407
ed89fd0c
ed8aa94a
ed8bbc08
ed8c3efb
ed8de8db
ed8ebeea
ed8fd69b
ed90acf3
ed9136a6
ed92e421
ed93bd09
ed9481e3
ed95f488
ed96ffd4
ed97df9d
ed9835e3
ed997c6d
ed9a1897
ed9b3d84
ed9cdbbd
ed9de59b
ed9e4947
ed9f1f5a
eda04626
eda119cb
eda25351
eda3d68b
eda46bde
eda5c52f
eda6e403
eda751d8
eda8f132
eda92082
edaa0b4a
edab6b8b
edacbc6c
edad40d0
edae1223
edaf16ec
edb023e3
edb14840
edb2b38e
edb3c279
edb4f46a
edb52ee2
edb6b80f
edb7de27
edb82898
edb93cf2
edba2c67
edbb5a6b
edbc488e
edbdfab3
edbea667
edbf915c
edc05ac1
edc1e629
edc2c89a
edc38369
edc46c34
edc5d75a
edc69abe
edc75e5c
edc89553
edc939d1
edca4b06
edcb4da0
edcc7b0e
edcdf568
edcee958
edcfa70e
edd0ddff
edd1caf0
edd2956b
edd37c1c
edd4ebbf
edd5ee52
edd68af9
edd72672
edd824af
edd9b4de
edda6d35
eddb6335
eddc8a5c
eddd0bfe
eddee7a9
eddf7756
ede0ee82
ede173c3
ede29584
ede3b7bc
ede44054
ede59c3f
ede6ee38
ede7b63e
ede8f4d9
ede97a55
edeaa2ee
edebc88f
edecdc49
eded0aca
edeea08b
edefaac0
edf03d3a
edf1b8ac
edf2b534
edf3e551
edf49589
edf5e958
edf681f4
edf7fd3e
edf84bc4
edf95720
edfac872
edfbb7e6
edfcfb54
edfd7185
edfec6e7
edff7581
ee00f9a5
ee01e217
ee026fbb
ee0327c0
ee047c15
ee058cef
ee06bfc0
ee07fdb0
ee089dc4
ee09a722
ee0a9772
ee0befac
ee0ca9e9
ee0da9a1
ee0ef445
ee0f53e3
ee100780
ee11551d
ee12a249
ee13f94a
ee14325f
ee150809
ee161860
ee177915
ee18fa6d
ee1951de
ee1abb0b
ee1b058c
ee1c2042
ee1d8ae6
ee1e37c9
ee1fcf40
ee204bd1
ee21d869
ee22f154
ee231591
ee240410
ee2526c8
ee2677b0
ee273f7b
ee282b18
ee29299b
ee2ab494
ee2b3dfb
ee2c9f61
ee2deb3b
ee2e42b4
ee2f3930
ee30c999
ee31ff37
ee322462
ee339e4d
ee34d241
ee35f824
ee3630ce
ee37a8a9
ee38c2c9
ee39f3a8
ee3a1710
ee3bba8c
ee3c4d78
ee3dba36
ee3e85c3
ee3fb4cd
ee406b20
ee410880
ee423e2b
ee43b9d7
ee447cfc
ee4599e7
ee4675e3
ee47755b
ee48bc10
ee4929d4
ee4aa1a7
ee4b14df
ee4c5e81
ee4d0fdd
ee4ed46e
ee4f26e2
ee501a61
ee5182b4
ee52dd22
ee53a63d
ee549c66
ee5575b8
ee562394
ee575adc
ee58af66
ee599da8
ee5ae1af
ee5b2a17
ee5c4962
ee5dde9c
ee5e979b
ee5fd875
ee60604d
ee61aed1
ee62139c
ee63a948
ee64691b
ee6531e1
ee661f96
ee67668c
ee68db0b
ee6907cb
ee6a10bc
ee6b0f9d
ee6cf923
ee6dd666
ee6ec4d4
ee6fd626
ee70c8c7
ee7115a8
ee72e75a
ee737e1c
ee74c74b
ee751c69
ee76f429
ee770bbe
ee788afc
ee79982c
ee7aa824
ee7b9a38
ee7cce99
ee7d62c3
ee7efaa1
ee7f86a3
ee8087b4
ee81a1d5
ee82b1d8
ee835499
ee84680e
ee85847d
ee869966
ee87d3f8
ee88e64e
ee89cdbf
ee8aa750
ee8b938e
ee8cacd4
ee8dea42
ee8e6a6d
ee8f88f5
ee90497c
ee9111fb
ee926f45
ee9310ab
ee942e64
ee953aa9
ee964d3e
ee972ebe
ee982b09
ee9964c2
ee9afcd1
ee9ba469
ee9c2681
ee9dccd7
ee9ef2b0
ee9f6f4d
eea0c2f4
eea13ed9
eea25aff
eea317da
eea4b231
eea5189a
eea6b01b
eea7427e
eea851f8
eea99f4f
eeaa03a3
eeab8715
eeac63db
eeada3df
eeae3354
eeaf7094
eeb09388
eeb14a5f
eeb2deda
eeb38b26
eeb49399
eeb5fc4f
eeb6aada
eeb74b76
eeb8c542
eeb9f4fa
eebad6bc
eebb6c61
eebc597f
eebd743b
eebef8f4
eebf2ee8
eec081f8
eec171b1
eec261fc
eec3f251
eec41724
eec5e81b
eec61d1f
eec7776f
eec84da4
eec9de89
eecab6de
eecbfc90
eeccca3c
eecdfddb
eece758c
eecfbc29
eed0ad56
eed1cee5
eed26e0f
eed33819
eed44b44
eed5e4cc
eed6ca7d
eed70914
eed8f5d7
eed9f477
eeda7b63
eedb9e23
eedcab35
eeddd79d
eede8f74
eedff480
eee0d81e
eee11cc5
eee285bf
eee399af
eee4b514
eee57654
eee67ca7
eee7dc38
eee81ba2
eee94618
eeea7367
eeebbe02
eeec301d
eeedf0d6
eeeee781
eeef0fbc
eef092c3
eef1c2b8
eef2f941
eef36eb6
eef41200
eef562a6
eef65957
eef72df6
eef8be93
eef912d3
eefac918
eefb1f90
eefc2cf2
eefd3f6a
eefe1639
eeff65ba
ef00177e
ef01ef2c
ef02a51e
ef03b3f3
ef04fe02
ef0539fa
ef06ceb5
ef07522a
ef081f77
ef091057
ef0a1e76
ef0b7792
ef0ccef8
ef0d2dc6
ef0e3c00
ef0fe1a4
ef100d04
ef11a877
ef12e03c
ef13d839
ef14a945
ef153de1
ef16d1df
ef17c006
ef18e103
ef1946ba
ef1ab1b0
ef1b5bd3
ef1c78ac
ef1d6457
ef1e7c0a
ef1f1620
ef20f2ec
ef211718
ef22b795
ef23481e
ef24d35b
ef2514d5
ef2696a9
ef27ad26
ef28f181
ef29b27b
ef2aac48
ef2b6aac
ef2c082c
ef2df6a8
ef2edb02
ef2f68cc
ef306439
ef3160e1
ef32acbf
ef33c5a0
ef349a2a
ef353b21
ef36c5a3
ef373674
ef38c2ad
ef39d6a9
ef3ad403
ef3b8d14
ef3cabbc
ef3d8a43
ef3edbd8
ef3fd423
ef40dc76
ef419f25
ef422977
ef43947b
ef44c791
ef458d00
ef466bd2
ef472be4
ef48099c
ef496e9a
ef4a61c4
ef4bedb4
ef4c1676
ef4dd74b
ef4e22d7
ef4f687d
ef50e3bc
ef5184a8
ef52ceb7
ef53123a
ef540e16
ef554969
ef56fcc8
ef57257b
ef580d1c
ef5947da
ef5afaf7
ef5b5f01
ef5cfbfa
ef5dd910
ef5e58d1
ef5f75cb
ef604d5c
ef614e6e
ef622e95
ef638c6c
ef64a5bb
ef6544e1
ef66c9a3
ef6771ec
ef68374c
ef696cba
ef6a1ffa
ef6b1a27
ef6cf580
ef6d3334
ef6e2b16
ef6ffff4
ef707406
ef71f31c
ef728bf3
ef739b91
ef74571d
ef7552bc
ef767101
ef77c75a
ef785d5b
ef79c7e3
ef7a3ca6
ef7bf98d
ef7c8ab4
ef7d9bd2
ef7eb6b0
ef7f3076
ef807b32
ef8176c3
ef82b190
ef8328b9
ef842276
ef855665
ef8687ab
ef87796e
ef8851b1
ef8904ac
ef8a8606
ef8bc9a6
ef8c149a
ef8d5e13
ef8e1912
ef8f2ce3
ef905f0a
ef91b561
ef927afc
ef938300
ef94ead5
ef95312b
ef96fd7e
ef972f3f
ef988def
ef997df5
ef9aad54
ef9b3b53
ef9cb4e6
ef9d4198
ef9e8fa9
ef9f52da
efa07cd6
efa1fd01
efa263b4
efa3bf06
efa4aa4b
efa5aab4
efa69dbe
efa79d2b
efa85942
efa9b95a
efaa6fb9
efab2344
efac9315
efad7672
efaebbcf
efaf7114
efb0f96d
efb1d83a
efb29b64
efb33db5
efb41573
efb5d91a
efb6f263
efb70bdc
efb80a44
efb97d45
efba53de
efbb530d
efbc3bc1
efbd8e04
efbe710e
efbfd088
efc0af88
efc16009
efc26d57
efc3a506
efc4a4c7
efc55b56
efc6422a
efc79265
efc812ec
efc9eb9b
efca325e
efcb9330
efccf977
efcd4847
efcefcc1
efcf7d3a
efd08903
efd14a2b
efd2a8df
efd3329d
efd4619e
efd53ba8
efd68160
efd7cb7d
efd86d95
efd9d8f6
efdad5f8
efdb80c9
efdc7e57
efdd75a5
efde7980
efdf9d2f
efe032b0
efe137e1
efe23c35
efe30487
efe4f5e5
efe56438
efe600d6
efe72840
efe82732
efe91825
efea8d78
efeba742
efec85ac
efed9dda
efeec2ed
efefa0f1
eff06a71
eff131a3
eff22a85
eff395ae
eff40887
eff5c460
eff6c359
eff78fab
eff83396
eff954a1
effa3185
effbee6f
effcc0c2
effd792d
effed24a
efff2c09
f000963f
f0014cca
f00272a8
f0034819
f004d4bb
f00595f8
f006e386
f007636c
f008b421
f009eb2d
f00a53ff
f00b7007
f00cc9f6
f00db156
f00e2065
f00f4b5a
f010256f
f01191a7
f012a97f
f0130c54
f0141e94
f015eac4
f0163d0d
f0176220
f0186a54
f0192b1f
f01a6510
f01b2897
f01c156d
f01d1c27
f01e7003
f01ff468
f0208d41
f0219971
f0226c81
f02319a4
f02439d5
f025cda4
f026f232
f0274ae8
f0282dae
f02925ad
f02a3e6a
f02bc895
f02c04dd
f02d35f8
f02e40f9
f02fd339
f0309313
f031c97d
f0329615
f0330c27
f0342519
f0350287
f0369fad
f037cdf5
f0380a06
f039973d
f03a72ef
f03be1e9
f03c2e3b
f03d204b
f03e19d7
f03fd437
f040ccc4
f041a277
f0428bd1
f043d11e
f044c87d
f045fde3
f046cfd9
f04724fa
f048a7c5
f049011d
f04ad02c
f04b125c
f04c8f63
f04d92fb
f04e1700
f04f7678
f0506d91
f0512be8
f0526077
f053e02d
f054a961
f055ba2f
f05671f7
f057636c
f058c69d
f059dfd5
f05a521d
f05b18e5
f05cbd77
f05d6cd3
f05e1b66
f05f275b
f0603ef9
f061337e
f062e4f0
f0630a7a
f0643b4e
f0655279
f0664d60
f067c236
f068f054
f06902d1
f06a10a9
f06b5573
f06ce09e
f06df916
f06efdd5
f06f768e
f070663d
f0719ef5
f0727664
f073031c
f074e452
f0752a79
f076ae17
f07790a3
f07855c8
f079d7c6
f07a696b
f07bddc0
f07c4d23
f07d28ac
f07e09c1
f07f3cc5
f080182d
f081d277
f082537a
f083a58c
f084261c
f08583c1
f086aee4
f0877bbd
f088103b
f089e52f
f08a22e4
f08b22c5
f08c0143
f08d9b65
f08e5634
f08f60af
f090af8d
f091e85d
f092d734
f093290b
f094bc47
f095de9f
f09667da
f09799c3
f098062e
f099e518
f09a36fb
f09b552f
f09cad9d
f09d6f1b
f09e8cc6
f09fb978
f0a079a9
f0a1ee13
f0a27dd1
f0a31164
f0a40e5c
f0a55b06
f0a60e93
f0a77721
f0a867a2
f0a9a25d
f0aa4323
f0ab4d20
f0ac4afa
f0ad1575
f0ae63c8
f0afb3e4
f0b016cb
f0b14d02
f0b23eb0
f0b39373
f0b40623
f0b5d041
f0b67bf4
f0b7fb55
f0b87dfb
f0b93cff
f0baa01a
f0bb39aa
f0bc46bb
f0bd3285
f0be19a1
f0bfedb8
f0c02b1e
f0c133cc
f0c28805
f0c3cd10
f0c48b53
f0c591d4
f0c6ed49
f0c7dad0
f0c821e2
f0c92657
f0caecad
f0cb083a
f0cc7855
f0cd6bf8
f0ce1fdd
f0cf8e0b
f0d0bbb5
f0d1fb62
f0d25794
f0d3c1ee
f0d4ff5f
f0d52dba
f0d6ef98
f0d7ef1f
f0d82aca
f0d91d7f
f0daad9e
f0dbfb98
f0dc9a1e
f0dda0dc
f0de53f9
f0dfe047
f0e06fcd
f0e10f16
f0e29e57
f0e3bbd3
f0e4b5b7
f0e520c7
f0e67f0e
f0e755a3
f0e8656b
f0e9d4ab
f0ea6179
f0eb2b4c
f0ec04a6
f0ed8dea
f0ee53ff
f0ef5c70
f0f09d80
f0f142b5
f0f23f7f
f0f37b72
f0f4415d
f0f52b1c
f0f6f64c
f0f73aba
f0f8d091
f0f99b98
f0fa39dc
f0fb5b71
f0fc482d
f0fdd923
f0fe00a5
f0ffdc10
f100700c
f1019d13
f1022029
f103bce4
f10447aa
f105515f
f10604f1
f107611f
f1080649
f109dd74
f10a80c8
f10b6d06
f10c29c0
f10ddce6
f10e500d
f10f168f
f1104483
f111f514
f1129be4
f1135d08
f114ebf6
f1156278
f116d111
f1172370
f11811b2
f1194db1
f11a6a55
f11b4e6d
f11c2984
f11d51bd
f11eec68
f11f9879
f120d01c
f12188f9
f122522b
f1232f74
f12456a2
f125c6cc
f1261bd8
f1272923
f128f19c
f129a0f8
f12a0dab
f12bb954
f12cc596
f12d4b24
f12e3f98
f12f15b6
f130f31a
f1318b4e
f1321b4c
f1330d63
f1344575
f135b215
f136b53c
f137912a
f138bfa3
f1397981
f13a77ed
f13bd793
f13c9cb3
f13d708f
f13efbb6
f13f095b
f1402823
f141b46c
f1428be7
f1433b7b
f144e638
f14581fa
f14633bb
f1477a8f
f14803b1
f1490997
f14a1dee
f14bd1d2
f14c1b78
f14d79bd
f14e47a4
f14fed5a
f150bea0
f151aa69
f15225cd
f153b190
f1542ae0
f1559544
f156862d
f15782d7
f1589e3e
f15923a0
f15ab4c7
f15b8258
f15cd39d
f15d94d4
f15e9bb0
f15fa3e6
f1604ce3
f161a5b2
f1623cd4
f163a5aa
f1642256
f165e07f
f1661a6a
f1673f08
f168d10b
f16985be
f16a3fea
f16bfc51
f16c492c
f16d3e7c
f16ed866
f16f5e53
f1704706
f17144f0
f172b414
f1734802
f1748f6d
f175d3c2
f1764978
f177612f
f178cf77
f179c3a7
f17a734d
f17b9d43
f17c817a
f17df9f2
f17eaed0
f17f64a2
f1803fa3
f1814a97
f1823da4
f1835a3d
f1841e44
f1855f2f
f186be5e
f187c04b
f188fa90
f189934d
f18afbb8
f18b158c
f18c3cb9
f18d50e5
f18edf57
f18f91e2
f1901cc6
f19147a5
f192f7a4
f19390d9
f194b2cf
f1953a8e
f1966957
f19785b9
f1985b78
f199894c
f19ab7ac
f19bdd90
f19cd9fb
f19dcea5
f19ed4a5
f19f8f5f
f1a085f5
f1a1c015
f1a2272f
f1a3dc49
f1a4a58d
f1a5abab
f1a6ee22
f1a7a4e5
f1a8428b
f1a9feb7
f1aaf2e0
f1ab28d6
f1ac5963
f1adfae8
f1ae1217
f1afe0a3
f1b02f18
f1b112ff
f1b2def7
f1b37573
f1b41cf0
f1b58970
f1b63ce4
f1b7cd15
f1b8a7da
f1b92459
f1ba6fe2
f1bbd3db
f1bc63bf
f1bd32ff
f1be350d
f1bf77c3
f1c0c4aa
f1c16f3b
f1c2bae9
f1c37fb7
f1c4b947
f1c5967b
f1c60fd7
f1c72576
f1c81f46
f1c91323
f1ca49c8
f1cb3646
f1cc86ce
f1cdcaaa
f1ce4f02
f1cf0e99
f1d02bb0
f1d1067d
f1d26b39
f1d3b093
f1d4267f
f1d5e242
f1d6f981
f1d7d185
f1d8f783
f1d923a3
f1da7769
f1db0fb4
f1dcbd8b
f1ddf8b0
f1deb471
f1dfbdf9
f1e058d7
f1e1f4ca
f1e27780
f1e3d16b
f1e40124
f1e52f70
f1e6992e
f1e77b26
f1e88a44
f1e9f76b
f1eade16
f1eba174
f1ecce9d
f1ed6f8e
f1eeb5ee
f1ef3162
f1f016a0
f1f1eea3
f1f2474c
f1f36e96
f1f4d842
f1f53e1c
f1f6f33a
f1f7fd3a
f1f8d281
f1f97b38
f1fa8fa2
f1fb1474
f1fcbdb9
f1fd879a
f1fe4c96
f1ffcb3c
f2000b75
f20194f6
f202f9c2
f203e8c3
f204fa55
f2055b52
f206f95a
f20729c0
f2087a6b
f209cf21
f20a09fa
f20ba389
f20c4ff1
f20d71e6
f20e48fe
f20fb9ea
f21082c8
f21125a8
f21280c7
f2136453
f214454b
f215e193
f2167244
f217a808
f2182f76
f219878f
f21a5d1a
f21b289a
f21c7511
f21d8bd1
f21e5399
f21fbf65
f220e06b
f22186ca
f222d04b
f223b37b
f2240af4
f2252b68
f2268feb
f2277555
f22894b2
f229d109
f22a02c7
f22b4411
f22cabcc
f22ddd31
f22e84ef
f22fa220
f2301103
f231fc34
f2326f80
f233ed6f
f234228f
f23581d2
f23625cd
f2378c48
f238f203
f23985f8
f23a4d51
f23b95c1
f23cfa29
f23dc75a
f23ec3f2
f23fdc1a
f2401090
f241f10a
f2426404
f24333d9
f2447620
f2450a78
f246ff4f
f247e88e
f248b8a9
f2492daf
f24a56cf
f24ba63c
f24ca675
f24d2a9f
f24ef7f1
f24f125e
f25034fb
f2519c1a
f25217a2
f2539125
f2545d11
f255a80f
f2563446
f25776ff
f258fce1
f259778a
f25adc8a
f25bc4be
f25cf5f8
f25d745f
f25e32f9
f25f2c35
f26054cc
f2610d9d
f2629d43
f26367c3
f264d138
f2656cda
f266a84c
f26752a7
f268b912
f2695db0
f26a22d5
f26bd929
f26ce2e7
f26d5fa3
f26e668e
f26f660f
f270e920
f2717185
f272c760
f273f8a0
f274a46f
f2756db5
f2762f24
f27765aa
f2789cf4
f2792bd8
f27a4d64
f27b77e8
f27ce1da
f27dfee5
f27e8046
f27f3ba1
f280aee1
f2811c31
f282187d
f2830e82
f2847f7a
f285b0e7
f286ad08
f28705c5
f2880ee8
f289d249
f28acbeb
f28bb481
f28c935c
f28d85f3
f28ecb3d
f28ff433
f290229c
f291eb70
f292ba65
f293615c
f294e481
f2954c70
f29619d9
f2975e0e
f298d1be
f299df41
f29a606c
f29b2d03
f29cd978
f29d0d27
f29e3cba
f29fd8a0
f2a05ca6
f2a1b0b2
f2a26145
f2a30961
f2a4bf77
f2a5e693
f2a68123
f2a74483
f2a86ee6
f2a9e46e
f2aa219f
f2abc474
f2ac500e
f2ad5f56
f2ae980b
f2af0a5a
f2b09518
f2b11d88
f2b21bfb
f2b31d37
f2b4648c
f2b543ce
f2b6b84f
f2b718be
f2b8bbd8
f2b90bdc
f2ba74e6
f2bbbb55
f2bc91b7
f2bd7b70
f2be20d2
f2bfcbf0
f2c0d9fd
f2c19a21
f2c244a9
f2c3d20f
f2c4a70e
f2c54c2a
f2c634a9
f2c70074
f2c8bf48
f2c9a8bc
f2caddf2
f2cb231d
f2cc8f74
f2cd383a
f2ce7dfe
f2cf8f88
f2d02037
f2d1f8c2
f2d21598
f2d3bb11
f2d4dbbb
f2d58e7d
f2d60845
f2d7666f
f2d8c1e0
f2d9eaa0
f2da1337
f2dbf78a
f2dc7f67
f2ddad66
f2de4377
f2df83ce
f2e0c524
f2e19453
f2e22eac
f2e30617
f2e4ad13
f2e51b4a
f2e66325
f2e7dd27
f2e8db0f
f2e93a88
f2eac1f7
f2ebc80a
f2ecafad
f2ed219b
f2eeea9a
f2ef12a7
f2f02bd5
f2f15af8
f2f20002
f2f3528e
f2f40a3d
f2f528b1
f2f6b8d1
f2f7ea94
f2f82d5c
f2f9c949
f2fa5d88
f2fbbb3c
f2fc4b5d
f2fd9969
f2fe9151
f2ff11c8
f3000d7e
f30198f5
f302b90f
f30334eb
f3042335
f305b5e7
f306dde8
f3076955
f308d755
f3094dcd
f30ac07c
f30b8473
f30c8ad4
f30d4427
f30e9b93
f30f3e49
f3101591
f311afa3
f3122340
f313dbbd
f314c680
f3152e9c
f316b54a
f317f123
f318fee9
f3192af1
f31aacb3
f31b4674
f31c24d6
f31d1e3d
f31eddca
f31f8693
f320aae7
f32197a7
f322dfec
f323d53b
f3244727
f32529fd
f326e031
f3275703
f3281235
f329234f
f32a9bdf
f32b39d5
f32c3aa9
f32dc292
f32e0ba6
f32f1d6e
f330560e
f331b0a4
f3320334
f333541b
f3340b40
f335767e
f33685a6
f337bcd7
f338f309
f3398d87
f33a419c
f33bd9d3
f33c26b2
f33de983
f33eb2bf
f33f416d
f340b7f5
f3416ff4
f342d88d
f343839c
f344eb09
f345aeb3
f3465df2
f347573c
f34888b1
f349107d
f34a6465
f34b72dc
f34cf878
f34daa7a
f34e1a9a
f34fab12
f35021d9
f35174f3
f3529bc5
f3539fac
f354fd33
f3551cf5
f356cdf5
f35796b5
f3582022
f359e4d7
f35acb29
f35b74d3
f35c262e
f35d8a8b
f35ee4ec
f35f7a0b
f360d196
f36191d0
f362dfbf
f363fd54
f36490c6
f36505de
f366b91d
f3677e70
f36874a9
f369c772
f36a56c8
f36b94ed
f36ce424
f36d74de
f36e64e1
f36fb08c
f3702951
f371330f
f372a7ca
f373caf7
f374b162
f375b4df
f3765ebf
f377fff0
f3781705
f379bd2b
f37a2d9e
f37bce91
f37cc85a
f37d2787
f37e144e
f37f285e
f3809a76
f3811d77
f38270ac
f38366bd
f38453ce
f3853b1d
f386c267
f387159d
f388616c
f3893692
f38afcf5
f38b4ba2
f38cde17
f38d51ef
f38ed99c
f38f41a9
f390a546
f391e7b2
f3920361
f393f474
f3940ef5
f395c1b1
f3963e86
f3971240
f3984b52
f3993cb6
f39a8c9f
f39b6b50
f39cb563
f39d7248
f39e936a
f39f76b8
f3a0a606
f3a1b703
f3a2ea2d
f3a367f8
f3a438f1
f3a5b5e5
f3a686af
f3a73f8f
f3a8fffe
f3a93faa
f3aad617
f3aba3de
f3ac2fa8
f3addba0
f3ae5f06
f3affd80
f3b0e541
f3b16e02
f3b27fde
f3b3fb8f
f3b40234
f3b52988
f3b6c12d
f3b774ac
f3b8541f
f3b92ee6
f3ba8398
f3bb2e70
f3bcd2a1
f3bd25b2
f3be78fc
f3bf1ae6
f3c0d249
f3c19236
f3c21415
f3c39f30
f3c48853
f3c508a9
f3c62dd8
f3c7e5da
f3c8f0f4
f3c9d285
f3ca2814
f3cbbb9b
f3ccbc3b
f3cd89c3
f3ce66c0
f3cfb52b
f3d03014
f3d162fd
f3d2be55
f3d317d2
f3d49aae
f3d5fbd2
f3d61a9a
f3d7fc7a
f3d8e83a
f3d99b97
f3dad3b2
f3dbf348
f3dc30c7
f3dddf82
f3de85cc
f3dff494
f3e0bf95
f3e1052f
f3e2f609
f3e324a0
f3e4cb27
f3e5efd9
f3e68bb9
f3e77219
f3e8dbb4
f3e92a63
f3ea36b5
f3eb2a71
f3ecfbda
f3ed4b3e
f3ee33a7
f3ef7869
f3f0809b
f3f10155
f3f2eb0b
f3f3d45d
f3f48852
f3f5dbcc
f3f6be07
f3f7dec5
f3f8f117
f3f97368
f3fa2b07
f3fb8a0e
f3fcd1cb
f3fd3d05
f3fe5cda
f3ff27dd
f40095bb
f40166b3
f4024766
f40384bb
f404139f
f405e00e
f4065d6b
f4072f27
f4081044
f4095cf9
f40a2991
f40b8b98
f40c6075
f40d76b4
f40ebd04
f40fcad3
f410e4a7
f4112e4e
f41268cd
f413e0ff
f4146bba
f415441e
f416a823
f41729f2
f418e5ad
f419e384
f41a5d06
f41b8b8f
f41c83b9
f41d96b6
f41e9ba7
f41f9ef2
f42079c1
f42152e3
f422deaa
f4237ccb
f4240822
f4252d05
f42633b2
f427ca8b
f4287dab
f42901ff
f42acb59
f42be7ff
f42cd3f3
f42d9950
f42e86dd
f42f5805
f4308e59
f431560f
f4320c49
f4339e2e
f434e963
f435a0bc
f43613cd
f437d313
f438041a
f4396f05
f43aeaac
f43b05e2
f43c1ae2
f43d74b6
f43e2cba
f43f7d91
f4405feb
f4411c8a
f442bdf5
f443d350
f4440cd7
f4457e59
f446fddb
f447f2c9
f448e13e
f4490893
f44ae183
f44bf29b
f44c4186
f44d8fbb
f44e6377
f44fa62d
f450dc76
f45190a5
f4523ae9
f4535f61
f454da77
f455b7bf
f4563afb
f457a596
f458e0be
f459e47f
f45a8ca4
f45b8c35
f45ca9eb
f45d86f8
f45e16be
f45f51c9
f46083a9
f461e20e
f4620e90
f46393c7
f4644314
f4651f09
f4664ade
f4673a2e
f4681e8a
f4698c7d
f46a24d7
f46b409d
f46ca635
f46da0d7
f46eebe2
f46f1941
f470bd90
f47118fe
f472b96d
f473d588
f4741de4
f475644f
f4769e77
f477903f
f478ae1d
f479ec1c
f47a0855
f47b9944
f47cd361
f47d317a
f47ed0ae
f47fc3a8
f480ec4e
f4814ebb
f4827b70
f483d28c
f48464b5
f4857b2b
f4869461
f4879262
f488e6c4
f4890e10
f48afb26
f48bcdc1
f48c0723
f48dff38
f48eab87
f48f8604
f490f404
f491f6ca
f49298c9
f493aff5
f4943001
f4955095
f4968f98
f49715c1
f4980987
f49970dc
f49ad856
f49b659e
f49cd436
f49df344
f49e9ecb
f49fff39
f4a05456
f4a1a06d
f4a2b1bf
f4a38112
f4a49407
f4a5f30a
f4a6e50a
f4a73d33
f4a869ac
f4a9c7bc
f4aa58ed
f4ab6ba5
f4ace33d
f4add488
f4ae68c4
f4af5590
f4b00453
f4b11fca
f4b2335f
f4b32342
f4b47c49
f4b5830b
f4b6a679
f4b71faf
f4b8a08a
f4b93d1c
f4bad548
f4bb5b29
f4bc0c7a
f4bd53db
f4be4d64
f4bf123b
f4c085cd
f4c1590a
f4c2f49a
f4c36a0b
f4c4dba4
f4c538b1
f4c6d1db
f4c78607
f4c88423
f4c98064
f4ca2875
f4cbf234
f4cc69d9
f4cd43cc
f4ce149f
f4cf3710
f4d002a4
f4d19e5a
f4d2a2c9
f4d3d4ed
f4d4c17b
f4d55a20
f4d6d43f
f4d7ea6c
f4d8225e
f4d9c153
f4da57ed
f4db9701
f4dc47ad
f4dd6771
f4de3a07
f4df87fd
f4e0af4f
f4e11327
f4e2199b
f4e3c4d6
f4e4cda8
f4e5769a
f4e6a0a0
f4e741f2
f4e8456f
f4e9b2a2
f4eab923
f4eb3556
f4ec9980
f4ed0f74
f4eefd6b
f4ef8553
f4f0aead
f4f1b9bc
f4f20e38
f4f38bad
f4f41328
f4f5d18e
f4f64c26
f4f7926d
f4f8fbfd
f4f9ee29
f4fa2414
f4fb1946
f4fcb7cc
f4fd95ed
f4fe4d2d
f4fff76c
f500de8d
f501c711
f502def3
f503ff76
f504c428
f5058226
f5062435
f5070e27
f508dd83
f50946b0
f50af795
f50b8011
f50c03f8
f50d8ad7
f50e3c25
f50f9b17
f5106c9c
f511427c
f51263a3
f513d79a
f5146616
f515f6bd
f516f905
f5174176
f5187f1a
f51969e4
f51a5d49
f51b9460
f51c689f
f51d85ad
f51e46a4
f51fb822
f52091f2
f521cd32
f522cd99
f52372f3
f5240b18
f525c269
f526edb6
f527c77a
f52811a6
f5295104
f52afeaa
f52b8eac
f52c0c70
f52d787d
f52efce0
f52f2b01
f530eed8
f5315de7
f5321639
f53383c9
f534ea38
f53542b9
f53626b3
f5371951
f5387e72
f53952e5
f53a88b2
f53b7b6b
f53c0c59
f53d53ff
f53ebd06
f53f1b92
f5402677
f541b003
f5428c7a
f543d891
f5443666
f5452ba7
f5466404
f54702a5
f548a496
f5492534
f54a9357
f54ba445
f54c076a
f54de3d2
f54e9449
f54f2de8
f5500a34
f551eb92
f5525524
f553d2b1
f5546f6c
f5551955
f556c48d
f55745ae
f558e953
f559b4f6
f55a4419
f55bcb3b
f55c0226
f55d9d42
f55e37ba
f55f162e
f560218e
f561ff5f
f5622e6d
f563c65b
f5642629
f5656ae8
f5665dd3
f567c57d
f568b00b
f56949a4
f56a3914
f56bbbdc
f56c240f
f56dd937
f56e8b83
f56f157e
f5705754
f5715382
f572363b
f5738e24
f5741d0d
f575d241
f576281f
f57776df
f578dfe0
f579be62
f57ab3cc
f57bcee8
f57cb596
f57dde76
f57e9c0c
f57f5261
f580b28d
f5819ec8
f58214e2
f583da68
f5842dc0
f5857581
f586614d
f58776b2
f58899c9
f589b505
f58a3ae3
f58ba1cb
f58c7019
f58d1edd
f58e4a01
f58f1bb7
f590068c
f5919d00
f592dd94
f59392aa
f594fddb
f595a0c1
f59649d9
f5973af8
f5989b44
f5999449
f59aeb33
f59b3f0d
f59c4d9d
f59dff98
f59e3cc4
f59f142f
f5a0f67b
f5a19960
f5a2135a
f5a3a7fb
f5a490af
f5a5f661
f5a61093
f5a72303
f5a80464
f5a91fac
f5aa7412
f5abde5f
f5ac8057
f5ad2b39
f5ae4fd0
f5af61a6
f5b0764d
f5b1f2ed
f5b2542e
f5b3f3ed
f5b453a9
f5b5a73f
f5b68c19
f5b7aec7
f5b887b2
f5b95823
f5baebe5
f5bbb675
f5bc3ac1
f5bdaa26
f5be2b2e
f5bf06ef
f5c0c125
f5c1ffee
f5c2daca
f5c390d2
f5c41289
f5c5f36f
f5c6fb31
f5c75991
f5c8e20f
f5c97cec
f5caada3
f5cb7a10
f5cc2561
f5cd688d
f5cecdd6
f5cf6a6d
f5d0080b
f5d177e3
f5d21342
f5d39845
f5d457a7
f5d5051e
f5d6e7e0
f5d7b84f
f5d8a13b
f5d9d6cd
f5dad336
f5db25a2
f5dc9388
f5ddd0f9
f5de7129
f5dfceb9
f5e0f9f4
f5e1d925
f5e21fc6
f5e3070d
f5e48bfb
f5e5c5e0
f5e6a4a3
f5e78ff3
f5e8eddd
f5e964a2
f5ea49c5
f5eb32aa
f5ec01b3
f5ed398b
f5ee0793
f5ef04b8
f5f0735e
f5f1ca00
f5f2ac88
f5f304bc
f5f4fe66
f5f5d263
f5f6cce3
f5f7441c
f5f89f2d
f5f979e6
f5fa1c3f
f5fb7053
f5fc7f43
f5fde1e6
f5febb90
f5ffcc67
f600ec3e
f60151fa
f602ca08
f6034be2
f6042bb2
f6059029
f6061266
f607b75c
f608af12
f609b577
f60a857a
f60bd876
f60cb2e0
f60d5847
f60e8fe0
f60f5118
f610a500
f6117ed6
f6123670
f6131cde
f614785c
f61548c6
f616da6c
f61769b4
f6181fd1
f6196ca3
f61a7d6a
f61b3b79
f61cf654
f61d7b21
f61e9b75
f61ff172
f62052a9
f621b630
f6221a79
f6234b9e
f624a13b
f625366c
f6262667
f627d6e4
f62844f1
f62989c3
f62abe0e
f62b46f0
f62c15f0
f62d9cce
f62e5e44
f62f33c7
f6306560
f6317bb1
f6326092
f6335fea
f6346a01
f635e0a1
f636e57c
f637925a
f6385c1b
f6395ea8
f63addd4
f63b9dc6
f63cd4f4
f63d3318
f63e6226
f63f5e70
f6401b38
f6419800
f6428307
f6439971
f644b6e0
f6452f73
f6464358
f647a060
f648a02c
f64996a9
f64a3ae1
f64b6c07
f64c1bb4
f64d10fe
f64e623d
f64f109a
f6506ab5
f6511b76
f6528665
f6538939
f654d858
f655bf3a
f656343f
f657e6f7
f6583e68
f659970f
f65a5d52
f65b7315
f65c03fa
f65d9e74
f65ee24d
f65f7735
f6605795
f66174eb
f662fb03
f66358a5
f664b94b
f665714c
f6662116
f66739bc
f6684cd4
f6690a35
f66af441
f66b5505
f66c4757
f66dabec
f66e3591
f66f64b8
f6708679
f671a7d2
f672ae43
f673502a
f674dc4f
f675fc4c
f676b910
f677d152
f67804bc
f6796375
f67a6369
f67bf52d
f67c5739
f67d161d
f67e9bba
f67f6221
f6804161
f681d1bc
f682588b
f683fb3f
f684fcd8
f68585fe
f6864311
f68742fb
f68883a4
f689be71
f68a463d
f68b2ac2
f68cef31
f68d8b06
f68e20fa
f68fa0cd
f69048bd
f691e325
f692a654
f693311e
f6941867
f6958706
f696f1bd
f697975e
f69802d7
f6993238
f69a3586
f69be9f9
f69c5a58
f69de4d1
f69eebe1
f69f05d0
f6a0462b
f6a1af15
f6a237c0
f6a32e04
f6a4bd9c
f6a52780
f6a66d82
f6a7b0c7
f6a81abf
f6a9ab98
f6aa75b5
f6abb1ec
f6ac0b68
f6ad60ee
f6ae5931
f6afaa68
f6b0e1fd
f6b172fd
f6b2a5e1
f6b3bd66
f6b49c01
f6b56a81
f6b6fae1
f6b787fd
f6b8eb6e
f6b98336
f6ba8fe4
f6bb3dbb
f6bce27e
f6bd7a03
f6be58b2
f6bf8bcc
f6c0c1dd
f6c14c58
f6c205be
f6c35b40
f6c4b5fb
f6c52abf
f6c6938d
f6c7d621
f6c824de
f6c96dae
f6caf439
f6cb3f66
f6cc3c4d
f6cd4fb8
f6cec5f1
f6cff691
f6d02f89
f6d1e0a3
f6d2b683
f6d3c6f7
f6d4eca0
f6d5bb4e
f6d679ef
f6d769f4
f6d8cf72
f6d9b75a
f6da8e29
f6db000c
f6dc51c3
f6dd099b
f6dea585
f6dfaf5a
f6e0b71b
f6e117f5
f6e21cd5
f6e39e7f
f6e4da28
f6e5c735
f6e618a7
f6e7e53c
f6e81e0a
f6e998f6
f6ea82b0
f6ebbb8d
f6eca649
f6ed440b
f6ee01b9
f6ef7449
f6f0f4a8
f6f18e09
f6f29f6a
f6f34d92
f6f4412b
f6f5dd2f
f6f69ab0
f6f70138
f6f8ee6b
f6f98232
f6fa614a
f6fb1619
f6fc1d58
f6fde3af
f6fe26b5
f6ffe7c6
f7007baa
f701f8b6
f702fc91
f703a224
f7044ff1
f7052834
f706bf33
f70742d1
f7083af2
f7099e01
f70a0f0e
f70b75f1
f70cda3c
f70dccab
f70e8eca
f70f8dfd
f7109827
f711170c
f7120bd3
f713bdeb
f714d2df
f715153c
f716d352
f71738b0
f718e3dd
f719daa3
f71ab7dd
f71b3e06
f71ceb3c
f71d0177
f71edc65
f71f1cbd
f7205818
f721c34c
f7229b5e
f723a24d
f7248e96
f725fe30
f7262a57
f727a1aa
f72824dc
f729d8c3
f72a07de
f72bdf5c
f72c293b
f72d1879
f72ee85a
f72fa57f
f730e70b
f731980e
f7324ff6
f73372ed
f734ea7d
f7351abf
f73676ca
f7370e33
f738bf43
f739e5ce
f73ab7c3
f73be4d9
f73c5343
f73d90a7
f73ed59a
f73f753b
f7405568
f7410167
f742c3f5
f743fffc
f744f9ec
f745e388
f7460e02
f747c9fd
f748d588
f74983db
f74ae269
f74bbc43
f74cb767
f74d52ff
f74e883c
f74f130f
f7504575
f75174af
f7521af6
f7536cd7
f754dd3f
f755c5c0
f756593d
f7578b0d
f7586133
f7593ea3
f75a42b9
f75b3459
f75ccdb5
f75d53b6
f75e13d9
f75fa083
f760abff
f761b1e9
f7626aad
f763c4b1
f7643035
f765a53a
f766a500
f7678d58
f76890b9
f76972e0
f76a850d
f76b8e8d
f76c16d1
f76da5fb
f76e20ce
f76f17bc
f770d512
f771c824
f77211f3
f773e115
f7747179
f775147e
f776a07a
f7772ef2
f7780973
f7797cee
f77aa66b
f77b4bbd
f77cd0de
f77df81d
f77e0b47
f77f3bb4
f7808f56
f7812281
f7823081
f783af52
f7845deb
f7850009
f7865e75
f7874373
f7888280
f789d4c6
f78a6fbf
f78b8eb2
f78cdf8d
f78ddf32
f78e07cd
f78f69cf
f790146a
f791a18b
f792ca83
f7931a6a
f7942a3a
f795687f
f7969ef2
f7974cef
f7989d34
f7993cf5
f79a9270
f79b32a9
f79ce0d0
f79d4fbf
f79ee025
f79fa9cf
f7a01eaf
f7a10f70
f7a27dbd
f7a31a40
f7a43950
f7a573cf
f7a67c39
f7a7bd90
f7a8ce31
f7a90bd0
f7aa390f
f7ab78ce
f7ac8c7b
f7ad8ffc
f7aeeb3a
f7afcf2a
f7b0d6c0
f7b113ee
f7b22f7d
f7b30bb1
f7b4b327
f7b5ede4
f7b69901
f7b71ebc
f7b84c8c
f7b95afd
f7ba251a
f7bb1b54
f7bc3c7f
f7bd972e
f7be6da8
f7bf16bd
f7c0ac42
f7c17190
f7c23365
f7c38d51
f7c48fa9
f7c53c95
f7c663d7
f7c7fe8b
f7c89381
f7c97cce
f7ca956e
f7cb6dd3
f7cc36f7
f7cd2700
f7cec6b0
f7cf068c
f7d07b38
f7d168b8
f7d2f4d8
f7d3edc8
f7d423fc
f7d59834
f7d6c008
f7d7bd1f
f7d80597
f7d90695
f7da8e3a
f7db0414
f7dca008
f7dd28f9
f7de9b98
f7df1f3d
f7e0d8bf
f7e1672a
f7e20980
f7e35a67
f7e44f59
f7e5ec37
f7e62059
f7e73b0b
f7e8fbc7
f7e952d5
f7ea7d6b
f7eb79ad
f7eccae0
f7ed099a
f7ee0fef
f7ef5b79
f7f06b35
f7f19b50
f7f26c0e
f7f329ae
f7f4020c
f7f5bec1
f7f60a4b
f7f76dca
f7f854b5
f7f9a638
f7faa12d
f7fb9eb4
f7fcb2dc
f7fd0c13
f7fe84ef
f7ff9c1b
f80095f2
f801204b
f80265a8
f8034335
f804831c
f805ed73
f8066d7a
f807c136
f80898f5
f8094533
f80ab4dc
f80be4f8
f80ca58c
f80d0801
f80e6c03
f80f1d96
f810d433
f811cd7e
f812ed84
f81309a7
f81468d9
f8156654
f8164cc8
f8178f51
f818a3e9
f819e835
f81a4e0a
f81bf5f7
f81c4d08
f81df92f
f81ec476
f81fe590
f820e989
f8211d98
f822feff
f8232788
f824a305
f825e35b
f8263436
f8278210
f8288892
f8296a32
f82aa8f5
f82bbee9
f82c2e80
f82d0233
f82eccdd
f82f49a0
f8301b91
f831ec25
f832e41c
f83331be
f834f2a5
f835c4af
f8364d2c
f837e573
f838a987
f8391799
f83a63fe
f83b5566
f83c6178
f83d9414
f83ede78
f83f220d
f8407cfb
f8418d33
f8428dd5
f84306b8
f8447652
f8458838
f8463ece
f8471b35
f848e3a6
f849b1f4
f84a8bc8
f84b076b
f84c8e58
f84d72c8
f84eeace
f84f59d1
f8503537
f851c927
f852d38f
f85353d4
f8544c7a
f855c4d5
f85653e4
f857ec1d
f8581653
f859bc92
f85aaef4
f85b391e
f85c4092
f85d5666
f85e9e38
f85fcb08
f860b143
f861b39a
f862c54a
f8635c19
f864cdb7
f8650221
f8662b1f
f867eeee
f86827f9
f86971f9
f86a664d
f86b351d
f86c5c66
f86db00d
f86efcbc
f86f95eb
f8702f14
f87142b9
f872a748
f87344b9
f874e2f6
f87564f8
f87646d1
f877234f
f87825bf
f8791719
f87a20af
f87b10cb
f87ca29b
f87d52be
f87e77e0
f87f2ade
f880307d
f8815532
f882d3e8
f883d5be
f8845d11
f8859348
f886d59c
f887e567
f888c020
f8897daf
f88a0aeb
f88babd6
f88c9f46
f88d0bdc
f88e804c
f88f1732
f890fc8c
f891c991
f8925e4a
f893dee1
f894f3e4
f895786f
f896ff9d
f897518c
f898e691
f8994069
f89ac8d2
f89b8a44
f89c57e4
f89d2a7d
f89e2e04
f89f2948
f8a06973
f8a18562
f8a203ea
f8a3bc56
f8a44ebd
f8a595c2
f8a67599
f8a7c781
f8a8a58b
f8a90b53
f8aa16e0
f8ab7559
f8aca7e2
f8ad9d30
f8ae9596
f8af7baa
f8b037d7
f8b1b479
f8b21811
f8b36565
f8b46c25
f8b5c9c0
f8b63498
f8b7111c
f8b82ad1
f8b9fcde
f8ba2b03
f8bbbf8c
f8bc8572
f8bdd8ae
f8bedf14
f8bffea9
f8c0efbd
f8c15052
f8c2891e
f8c3b649
f8c432c4
f8c50127
f8c65fdc
f8c7872f
f8c810f4
f8c921e5
f8cadc79
f8cb302a
f8cc7c9d
f8cd99ff
f8ce84f3
f8cf183c
f8d0ac29
f8d14e35
f8d2b163
f8d31a62
f8d4c2f9
f8d5bd14
f8d6825e
f8d789fb
f8d89cfa
f8d952a0
f8da6b78
f8dbfa63
f8dc755a
f8dda07a
f8dec0f3
f8df8710
f8e05f31
f8e1baf9
f8e27d60
f8e38c86
f8e4e071
f8e5b3af
f8e662a7
f8e79f50
f8e80e50
f8e98c11
f8ea6471
f8eb768e
f8ecca81
f8ed52da
f8eed1b1
f8ef16cc
f8f02684
f8f1000f
f8f2ca17
f8f329f9
f8f404c6
f8f53c6b
f8f624e9
f8f78633
f8f849dd
f8f97b24
f8fa0793
f8fbc0ff
f8fc9100
f8fd518d
f8fef99d
f8ffd464
f9008518
f901781b
f90201bd
f9032257
f9042425
f90597fe
f90692fd
f907e559
f908decd
f9092706
f90a2d3a
f90bcfe7
f90c6ea5
f90ddfae
f90efdfd
f90fc2cb
f910cc98
f9110878
f912ff5b
f913b14c
f9145d55
f91599e2
f916db67
f91757cb
f91858e7
f919b10a
f91a585a
f91b5eab
f91c4ee4
f91df48d
f91e1063
f91f3a6c
f9201315
f921babf
f9223900
f923ac1d
f9243277
f9254099
f9264dc0
f9277b46
f92855b6
f92924b0
f92a4110
f92bbadb
f92c8c3b
f92d488b
f92e9634
f92f6b32
f930250c
f9317571
f93287ce
f9339957
f934e92c
f93551b4
f93604fd
f937e881
f9381923
f93921be
f93a4afb
f93b96b1
f93c4546
f93db9a8
f93e72c2
f93ffb26
f940a4b8
f941b589
f9426974
f94359a5
f944bfc5
f945e6a8
f9461fe5
f9473848
f948aef1
f9497556
f94a8e2f
f94b5872
f94cd73a
f94d343c
f94e8cd1
f94fda8d
f950536c
f95123bf
f952533a
f953394f
f95460c2
f95557ca
f95676b4
f9579694
f95875f6
f959098f
f95adfa5
f95b92b8
f95c4a1d
f95d8cea
f95e306e
f95f4e16
f9605579
f961aa78
f962abe4
f9634ef0
f9649f9e
f965a545
f96601f4
f9670714
f968968d
f969bdb2
f96aa63e
f96b881b
f96c0132
f96d8a90
f96e42a6
f96f937f
f970d84a
f971d30b
f9722408
f9731ab1
f9746266
f975f22b
f976e495
f977a676
f978727a
f9797fd9
f97aa96e
f97b1806
f97c1b45
f97d92fc
f97e0690
f97f0426
f980865e
f981c69a
f9821d8c
f983f9ac
f984d68b
f9851be5
f9865d29
f9870a1d
f988f3db
f9896292
f98aad2b
f98b1132
f98cdb0e
f98d3682
f98e96b1
f98fd404
f9906226
f991ad5f
f992bde1
f9936651
f994d1fe
f995447e
f9969dbf
f99749b5
f998d514
f9998e8e
f99a9908
f99bc5fe
f99cb4eb
f99df84d
f99e324f
f99ffc6b
f9a083ad
f9a18713
f9a2d758
f9a30907
f9a44c93
f9a504da
f9a6fe70
f9a7eb75
f9a824da
f9a9532d
f9aa53df
f9aba07e
f9ac1cbc
f9adfa4d
f9ae9ba2
f9af6373
f9b09439
f9b1c26b
f9b2dc01
f9b3c0de
f9b428f9
f9b5a54d
f9b6ff09
f9b7005f
f9b83ebf
f9b904cf
f9baeddc
f9bb6072
f9bcfdd5
f9bd5b90
f9bef9ba
f9bfd630
f9c0b0dc
f9c1b0ae
f9c2aa3f
f9c318b8
f9c4a3b6
f9c59fe0
f9c6f41e
f9c72c6c
f9c8ecdb
f9c9c6ec
f9cab765
f9cb0005
f9cc78c1
f9cd8a35
f9ce56b4
f9cf945e
f9d0679d
f9d14590
f9d2dd56
f9d3c3f5
f9d4fcda
f9d542cf
f9d635c8
f9d71842
f9d8de5e
f9d9ca28
f9da9387
f9db9220
f9dcbd2b
f9dd20bc
f9de2b24
f9df184d
f9e0a4f3
f9e1f033
f9e247d1
f9e35659
f9e41a9f
f9e59728
f9e6dce1
f9e79664
f9e8f0d6
f9e95cc9
f9ea942c
f9eb2ec0
f9ecc640
f9ed173d
f9eede9a
f9ef7a6f
f9f0d1af
f9f1fa15
f9f235e9
f9f39f95
f9f4832e
f9f55c35
f9f66604
f9f777fe
f9f848b4
f9f93d86
f9fa834f
f9fbd23c
f9fcd751
f9fd4876
f9fec40b
f9ff3e6b
fa0050eb
fa0157df
fa02daf7
fa03ffa8
fa04dc30
fa05f48b
fa0689e7
fa07d7e3
fa0800de
fa0961f3
fa0a55ea
fa0bfa94
fa0c754f
fa0ddd00
fa0eb4e9
fa0fb12a
fa105e52
fa111961
fa12388b
fa138cc5
fa14bc0e
fa155ab7
fa162727
fa170bd6
fa1885cd
fa194f76
fa1a0924
fa1bc161
fa1c3899
fa1dec74
fa1e2129
fa1fd25a
fa20a40e
fa211d0e
fa225ea6
fa23a641
fa240a5a
fa259208
fa269f22
fa27692f
fa282313
fa29b6ce
fa2adeb8
fa2b0e01
fa2cc74d
fa2dba40
fa2ede2c
fa2f2c81
fa30da8b
fa31699a
fa32afda
fa332f33
fa343b4b
fa359c97
fa369e8d
fa370167
fa38c921
fa39cbcb
fa3aad35
fa3b1ab7
fa3cb20d
fa3d7842
fa3e9852
fa3f5e6a
fa406520
fa416b8e
fa42b4b1
fa431e70
fa444c59
fa45584e
fa4630de
fa47088c
fa4884f9
fa497ca5
fa4a2c48
fa4be7e8
fa4c9db3
fa4d9076
fa4ea651
fa4fb384
fa50140e
fa51a70c
fa5278b3
fa5327ea
fa546c94
fa55a9c1
fa563084
fa57278a
fa583612
fa599f48
fa5a1826
fa5bae61
fa5cb504
fa5d8260
fa5eb1cc
fa5f1970
fa601612
fa61a4f2
fa6278f2
fa63b139
fa6419df
fa6581b5
fa66346e
fa67dc49
fa6844b4
fa69fde3
fa6ac979
fa6b73db
fa6ce2f6
fa6de58d
fa6eb25c
fa6ff9ef
fa70de89
fa711c5f
fa72ede4
fa7312f6
fa743f1c
fa75176e
fa765ac7
fa7768e7
fa78f457
fa79bd5b
fa7a4b8e
fa7b2f1a
fa7c3200
fa7db969
fa7e134a
fa7f77df
fa80af2a
fa813398
fa82d372
fa83b621
fa84d410
fa859610
fa862028
fa878691
fa88393a
fa89a475
fa8a96f6
fa8bd816
fa8c0a55
fa8d08f3
fa8e96ff
fa8fa665
fa90ff17
fa911f77
fa92aa49
fa93f0db
fa946bb4
fa95941a
fa96682f
fa97db42
fa98bfd4
fa99c64f
fa9a8d92
fa9b0ef9
fa9c9f08
fa9d93c4
fa9e9b1e
fa9fc130
faa0bf34
faa1a993
faa2ca7e
faa345f5
faa4f603
faa5fa63
faa68efe
faa75abe
faa85876
faa90054
faaa6069
faabd179
faacccf1
faad6cb3
faaedc14
faaf3ba7
fab0a139
fab18407
fab2fb2f
fab3b794
fab4ad8e
fab51cfa
fab649aa
fab777fe
fab8bd71
fab97fd9
faba82ee
fabb4e61
fabc5313
fabd1578
fabed015
fabfa81a
fac0fe66
fac130e1
fac2ebfc
fac31ad3
fac46b85
fac53600
fac62567
fac73fcb
fac86719
fac92e4f
facaeef7
facbe86a
facc9a61
facdde85
face1e2c
facf73f8
fad04400
fad13042
fad2c95f
fad35e2f
fad40745
fad5e0f0
fad6688b
fad701d0
fad87038
fad9dfef
fadab9da
fadb8cd9
fadcd83f
fadd463a
fade2c3d
fadf5a53
fae00788
fae1dded
fae2ba5d
fae35838
fae44402
fae529e7
fae63908
fae77acc
fae81b9f
fae9042d
faea9f10
faebed4c
faec8e56
faed9628
faee4dfe
faef2c3a
faf0ae1c
faf1e7bd
faf2e26f
faf3de75
faf4e9c2
faf50252
faf663a4
faf72160
faf8e6b6
faf94b8a
fafa3edd
fafb02d9
fafc1c88
fafd887d
fafe214e
faffed39
fb00f870
fb01b05a
fb028ed1
fb039d6c
fb04eeb5
fb053d4c
fb06679d
fb076e8e
fb08d175
fb09ed4f
fb0a8b18
fb0bdca9
fb0c4776
fb0d9b7b
fb0ee870
fb0f5ff4
fb104390
fb11d73f
fb12d29a
fb13a672
fb1471f5
fb15746f
fb16ab3d
fb178053
fb18b372
fb1969a7
fb1a7355
fb1b631e
fb1c7d0f
fb1dbdd9
fb1edea7
fb1fd7e4
fb20609e
fb2178f5
fb22f93f
fb2310ab
fb248344
fb25c96c
fb262386
fb27bbdc
fb2856cd
fb29dfc9
fb2ae4c8
fb2b77e1
fb2c0f72
fb2d39e4
fb2e4f49
fb2f5b14
fb307943
fb319a71
fb329298
fb338d0d
fb34d1e0
fb35653e
fb36efce
fb3731da
fb384ffa
fb39bed7
fb3ac930
fb3b03f1
fb3cbfe2
fb3d0105
fb3e5d80
fb3f7f8f
fb40fec8
fb41d53c
fb42a9c0
fb43a9c0
fb44737b
fb451d0d
fb46a114
fb4770d1
fb48ff91
fb49ae7d
fb4a64a3
fb4b0d5b
fb4cb042
fb4d62d0
fb4e7d52
fb4f59bd
fb5043c7
fb51bb08
fb526712
fb537474
fb54970c
fb55c0da
fb5686d1
fb574ec6
fb58f1e3
fb59ec32
fb5a58ec
fb5b4e59
fb5c494f
fb5dc8e5
fb5e1dd2
fb5fb0a6
fb60e4e0
fb612a7b
fb62cb30
fb6353c1
fb64fbde
fb65d212
fb661ff6
fb67ec34
fb68b213
fb69b2b8
fb6a2ecb
fb6b1d7c
fb6c1030
fb6da751
fb6ebfe0
fb6fae36
fb70ba2d
fb719e09
fb7206d2
fb73fcf8
fb74756a
fb75f416
fb760abe
fb774bb6
fb78ec70
fb79ce32
fb7ae9f5
fb7b89ab
fb7caf31
fb7dae3d
fb7e0001
fb7f7d5b
fb80ba7d
fb8135ba
fb828a9f
fb8321ad
fb84fb97
fb85f057
fb86fbf5
fb878b43
fb88aa2c
fb8935d8
fb8a3268
fb8bec18
fb8c3f36
fb8d748c
fb8e7dc0
fb8f3f2c
fb90c21e
fb912525
fb9211ab
fb9329a8
fb94bf1a
fb959dec
fb969feb
fb97673c
fb98f67a
fb9919c8
fb9aba6e
fb9bc509
fb9cd2cd
fb9deaa5
fb9edcb2
fb9f72a6
fba070e5
fba17164
fba22768
fba34fe5
fba469ff
fba5cd15
fba64b23
fba7c515
fba859c4
fba9cee6
fbaad4ca
fbab6a29
fbacf30f
fbad8bf0
fbaeda7a
fbaf1753
fbb0dfdf
fbb199cd
fbb27f5d
fbb3515d
fbb4d0a2
fbb54533
fbb6fee6
fbb79676
fbb88253
fbb97b16
fbba5f43
fbbb1281
fbbcccd8
fbbdfd68
fbbe85fe
fbbf1b29
fbc0a501
fbc1a456
fbc2ae79
fbc3bff2
fbc49101
fbc5d86c
fbc65ae3
fbc71a24
fbc83c47
fbc9418f
fbca8a31
fbcb0ffc
fbcc6312
fbcd165d
fbce3415
fbcfaedd
fbd0f120
fbd1cb55
fbd2b8b4
fbd3a181
fbd424db
fbd5df1e
fbd60985
fbd7e332
fbd85370
fbd93475
fbdaf947
fbdb6952
fbdc8e20
fbdd287f
fbdee21d
fbdf6ff4
fbe0d361
fbe1265d
fbe212d7
fbe3dacf
fbe41a7c
fbe52f20
fbe6a93c
fbe748fa
fbe88ce2
fbe92774
fbea49b5
fbebaec7
fbecfcc0
fbed515f
fbee2421
fbef181c
fbf031dc
fbf13559
fbf21892
fbf321bc
fbf40552
fbf5616f
fbf6a15e
fbf77071
fbf81b57
fbf914ad
fbfaf646
fbfbcaea
fbfc98fa
fbfdf6f4
fbfe53db
fbff2e8e
fc004f61
fc01128b
fc025906
fc03ba6d
fc043961
fc05482a
fc066516
fc07ab53
fc082de8
fc0963fc
fc0a30f4
fc0b4ae4
fc0cbe1f
fc0d72d0
fc0e7181
fc0f1fb8
fc1070a7
fc115363
fc121db1
fc13cc32
fc14af9a
fc15a238
fc16031b
fc174f27
fc182db8
fc19e8e1
fc1a8e96
fc1bd089
fc1c326c
fc1d1122
fc1e97f5
fc1f7150
fc206821
fc215d8c
fc222d8b
fc239445
fc2445fa
fc2544a2
fc26208e
fc27250e
fc28fff7
fc29b3a0
fc2a1e32
fc2b9117
fc2c49cf
fc2d0fe6
fc2e2f0a
fc2f8a15
fc30fb31
fc313c77
fc32a2d8
fc331944
fc346157
fc35595d
fc36e053
fc371440
fc3868ff
fc399faf
fc3a462f
fc3b6ee5
fc3cc629
fc3df009
fc3eb4ee
fc3f1311
fc403072
fc41ebf2
fc42bc94
fc438490
fc448557
fc452f01
fc4619cd
fc473361
fc48c1e6
fc498b83
fc4a3219
fc4b2b2b
fc4ce84b
fc4d8e84
fc4e206d
fc4f133d
fc50f27f
fc519ea9
fc521146
fc53846d
fc544792
fc55fe1b
fc563c09
fc57270e
fc585da5
fc592d8f
fc5a8ff4
fc5b4611
fc5cd0a4
fc5d51f8
fc5e3f02
fc5f279e
fc60fff0
fc61e70e
fc625f93
fc63a6a7
fc647799
fc655e14
fc661288
fc6737c8
fc68789a
fc694475
fc6affb4
fc6ba666
fc6c7ef5
fc6dd3a3
fc6e2f80
fc6fa674
fc701de3
fc71f91c
fc724d7f
fc73d71a
fc74854a
fc756156
fc767767
fc775711
fc78295a
fc79539b
fc7a2e43
fc7b59ed
fc7c5aa6
fc7d5ef0
fc7ec65f
fc7f0d49
fc802e62
fc81ec9f
fc82d944
fc836d8a
fc84fcf0
fc85a650
fc86abef
fc876b7a
fc882dae
fc896736
fc8a51b3
fc8bdd0d
fc8cc7a7
fc8d78a7
fc8e5017
fc8fd797
fc906217
fc91d7ad
fc929ba2
fc935716
fc94eb56
fc95c4ee
fc965062
fc97ecb4
fc980397
fc99a14a
fc9a9142
fc9b2c37
fc9c9fe9
fc9dfdb7
fc9ed903
fc9ffeff
fca0b986
fca1abb7
fca29e26
fca3b5d1
fca4b819
fca52273
fca6ab03
fca72349
fca8775f
fca97bc9
fcaa79d5
fcab04bf
fcacb1c3
fcadf74b
fcae8e8e
fcaf30d3
fcb00dbb
fcb159b1
fcb20c35
fcb3bead
fcb419e0
fcb58c82
fcb673b3
fcb77d9a
fcb8ba69
fcb9a57d
fcba578c
fcbbc817
fcbc8ae9
fcbda73c
fcbe689d
fcbf3a20
fcc082a7
fcc125a8
fcc20cbb
fcc3643b
fcc4c891
fcc56aa3
fcc6aacd
fcc7b1ae
fcc87fb2
fcc96e02
fcca48a2
fccbc1ed
fccc9666
fccd39be
fcced1dd
fccf944c
fcd0133c
fcd11ea9
fcd2e71c
fcd354fd
fcd40a63
fcd52367
fcd62b35
fcd7a77e
fcd896d3
fcd9e1ea
fcdabb59
fcdbecc8
fcdccaaa
fcdd85f7
fcde44b1
fcdf3dc4
fce0470a
fce1b2e9
fce2f58e
fce3bbf2
fce48be5
fce5803f
fce69e4f
fce7cae3
fce89692
fce95d68
fcea6d5f
fcebaeb6
fcecc466
fcedeae3
fcee8af0
fcef848b
fcf07216
fcf16680
fcf23442
fcf3d040
fcf4346d
fcf5ddcb
fcf62f94
fcf73a29
fcf83a6a
fcf917eb
fcfac6a9
fcfb3205
fcfc865e
fcfd4f85
fcfe6b91
fcff689e
fd00c50a
fd0107e0
fd022901
fd037867
fd0497c5
fd053ae4
fd06c8c4
fd07984b
fd0810ad
fd097752
fd0aecea
fd0bdac3
fd0cb323
fd0d8160
fd0e8660
fd0f5789
fd10fa9c
fd11e688
fd128a7f
fd13fd61
fd14be27
fd1594e0
fd16fb16
fd1765f9
fd18d02e
fd19ad88
fd1a2cbd
fd1b7753
fd1c1554
fd1d07bd
fd1ee067
fd1f8c38
fd20af46
fd21af85
fd2275d2
fd2309f3
fd24ec49
fd251f8d
fd26afb7
fd27e248
fd2897c7
fd290872
fd2a5dd8
fd2ba185
fd2cea54
fd2d73b0
fd2e6d29
fd2f06fd
fd3061bd
fd31bbc7
fd32d61c
fd338902
fd3423f3
fd35cf90
fd3687ae
fd376309
fd38e158
fd39d7f1
fd3af1d2
fd3b159d
fd3ca994
fd3d3883
fd3ef5f8
fd3f9df9
fd40bba3
fd41d76e
fd42bd2c
fd43e0a5
fd44db4c
fd45fa39
fd46f22c
fd47ca81
fd482809
fd497c9f
fd4ac946
fd4ba03c
fd4cda88
fd4d45c2
fd4e560b
fd4f8247
fd500890
fd513ba0
fd52eb9d
fd538964
fd542242
fd550d3f
fd568c3b
fd576fb6
fd587e7b
fd590b38
fd5a08d4
fd5b0f27
fd5c7224
fd5d1c9e
fd5e4d1e
fd5fa026
fd60eaac
fd61312f
fd6200fc
fd63f968
fd64b19b
fd65039f
fd6661cf
fd67c8ed
fd68d02d
fd69ea4a
fd6accfe
fd6b7c4f
fd6c840a
fd6db1e5
fd6e4f21
fd6f0ace
fd70c779
fd712977
fd72a16d
fd73fe20
fd74d988
fd754fd0
fd76ed9a
fd777198
fd78a6b6
fd79cd49
fd7a410c
fd7bd6c0
fd7ce4e6
fd7dbb3e
fd7e0fd7
fd7f7d2c
fd80bcc2
fd81e298
fd829161
fd838474
fd84b0ca
fd854799
fd86fc99
fd87f183
fd8844d1
fd8939b5
fd8a4466
fd8bebe4
fd8ce6e9
fd8da37a
fd8ee08b
fd8ff90a
fd9019be
fd91d825
fd92988e
fd935cee
fd94f209
fd957119
fd968bd7
fd97207c
fd98b1c7
fd99bc30
fd9a21fb
fd9beb75
fd9c14f7
fd9d525c
fd9e1819
fd9fc82b
fda07568
fda14dd1
fda25be5
fda356a9
fda46020
fda56900
fda63cb1
fda77bf4
fda8a455
fda9f4cd
fdaadf02
fdabfbf5
fdac2212
fdad5223
fdaedcca
fdafd41e
fdb0f9cd
fdb1e843
fdb2ad95
fdb355a1
fdb47fb5
fdb5cb0f
fdb6fd40
fdb75d36
fdb8831d
fdb91a29
fdba3b42
fdbbb284
fdbc9db2
fdbdcbff
fdbe3d38
fdbf4c2b
fdc00815
fdc12e8a
fdc2d03b
fdc35d0b
fdc4a197
fdc57628
fdc66c83
fdc72463
fdc8ff4b
fdc977be
fdca4441
fdcb7a68
fdccfe34
fdcdbe60
fdce9744
fdcfee44
fdd00597
fdd1b8ed
fdd2fe7a
fdd3d609
fdd4c577
fdd5487f
fdd6e339
fdd7bca6
fdd8396b
fdd9d0e4
fdda0aaa
fddbbb81
fddced7b
fdddb154
fddef035
fddf308f
fde0b2ad
fde193d7
fde2e7ad
fde3312a
fde44de2
fde5e2c4
fde64f8a
fde74e6e
fde835b1
fde9a3bb
fdeab896
fdebf72c
fdeca79e
fdedad1c
fdeecfb6
fdef993b
fdf05010
fdf19c05
fdf2c992
fdf358cc
fdf43745
fdf5845f
fdf64d25
fdf77ba9
fdf82d0f
fdf916d2
fdfa2b91
fdfb7911
fdfc40ea
fdfdab1b
fdfe0f87
fdffd59d
fe00bcff
fe019620
fe02b906
fe036107
fe0416f2
fe058205
fe06e3ce
fe076a27
fe0857e5
fe09aee5
fe0a1c87
fe0bb32e
fe0c575b
fe0dbbc5
fe0ed124
fe0f8e02
fe10bdc3
fe1162ce
fe1219ea
fe138dc2
fe1485d7
fe15f57f
fe16ea67
fe17a2e7
fe18ec6e
fe19bd1e
fe1a688b
fe1b89be
fe1c8ab8
fe1d0b89
fe1e734f
fe1ff4bd
fe20c29b
fe2186a5
fe2259ea
fe23a21e
fe247932
fe259803
fe26ec5c
fe277ca5
fe28fb82
fe29cd96
fe2a1fb4
fe2b3f6d
fe2cc644
fe2d06b7
fe2e3c11
fe2fc9e5
fe3095a8
fe31ffc2
fe323861
fe3300e8
fe34cacc
fe352876
fe36133a
fe379f1f
fe38ef88
fe39b742
fe3a058e
fe3bd8d3
fe3c22a9
fe3d9059
fe3ea9b6
fe3f351e
fe40be96
fe41b86d
fe427b94
fe437082
fe446f99
fe459db7
fe4689e2
fe472f1c
fe486653
fe49a479
fe4ade8c
fe4b8b75
fe4c04ee
fe4d9feb
fe4e9a4c
fe4f4c83
fe50dd0e
fe510e33
fe528a09
fe53ca93
fe54397b
fe55010e
fe56d8f1
fe574c77
fe589046
fe59a809
fe5a21be
fe5b5d9e
fe5ca7ad
fe5dcc1d
fe5ee7c3
fe5f1e7a
fe604e46
fe61cce8
fe623d47
fe637c4a
fe64bc18
fe65fb0b
fe66ee3b
fe676564
fe687651
fe69a7a1
fe6a5be0
fe6b793e
fe6c5819
fe6d0192
fe6e0fab
fe6ffa52
fe702748
fe719bb5
fe7236c5
fe731375
fe74594a
fe75755c
fe760547
fe7797f5
fe78f7b8
fe79a783
fe7a70e8
fe7b015e
fe7c2d87
fe7d285a
fe7ec7c5
fe7ff88a
fe80e84f
fe8133fe
fe821013
fe835562
fe843b9a
fe856991
fe86f352
fe8796a2
fe88d2d4
fe8924f7
fe8a5aea
fe8bb718
fe8c0bb2
fe8d6530
fe8e74d8
fe8f82dd
fe900e07
fe9149d3
fe92303f
fe93e3fd
fe94c39c
fe9541fb
fe961993
fe976351
fe9832f4
fe99d200
fe9a8a80
fe9b5b37
fe9cde91
fe9d26d9
fe9e1098
fe9ff404
fea02b18
fea19353
fea2c979
fea374f3
fea42a61
fea58aa4
fea68177
fea7b37a
fea86004
fea90914
feaabc9f
feabf0c7
feac4307
feadb154
feaeb431
feaf6010
feb0e758
feb13fc4
feb21cb4
feb31c0c
feb4b8c6
feb54a2f
feb68d66
feb72c48
feb8d273
feb99af7
febac833
febba77e
febc8420
febde063
febe041d
febfc29e
fec03af3
fec1855f
fec2e579
fec3182b
fec43797
fec58c0c
fec6cc0f
fec70781
fec85a3e
fec9ea4f
feca5960
fecb1968
fecca83b
fecd7fec
fece2014
fecffda7
fed0f66b
fed104b7
fed2f941
fed38cce
fed4288c
fed5c3d6
fed6451a
fed73f27
fed8a93a
fed99728
feda2ee3
fedbeab5
fedc08c2
fedd850d
fedeb924
fedf1ef8
fee05bfd
fee1d5a6
fee20434
fee3510c
fee469b0
fee504f2
fee61191
fee788c5
fee871cc
fee9b5b7
feea76f5
feebeb75
feecb144
feeda347
feeee51f
feefb8b1
fef089db
fef18871
fef24f91
fef34796
fef48050
fef594aa
fef6b255
fef77285
fef8ebc6
fef9f1f4
fefa9746
fefb7409
fefcc46e
fefd4d86
fefed397
feffdc5b
ff0046ce
ff01a7aa
ff02b3e6
ff0354fa
ff04d17d
ff05227e
ff063eed
ff07298f
ff08018c
ff091a4e
ff0a3845
ff0b9022
ff0c6f87
ff0dc708
ff0eb7ee
ff0f0ac2
ff102dcc
ff110254
ff126f0a
ff1311c7
ff140002
ff15e560
ff161627
ff17c50a
ff18dc09
ff196cd5
ff1aff5e
ff1bf56b
ff1c8ccb
ff1df4fb
ff1e9de1
ff1f223a
ff20986d
ff2177ab
ff22c702
ff230268
ff24d2b3
ff25ccc8
ff269e0b
ff27f984
ff2861a9
ff29bc7f
ff2a05fc
ff2b47a8
ff2cf228
ff2d46f7
ff2ea2bf
ff2f23b4
ff30325b
ff31af80
ff32848e
ff338c35
ff34e984
ff355814
ff36abd3
ff37e00d
ff382aad
ff39b9f2
ff3ad1ff
ff3b3d6c
ff3c21c3
ff3d9510
ff3ee1a0
ff3f0e0d
ff405c37
ff41bde4
ff427364
ff437581
ff44a1a6
ff457b8d
ff46bb1e
ff47a392
ff485862
ff499bb3
ff4a2770
ff4b9d55
ff4cf1d3
ff4d7cb0
ff4ed6fc
ff4f7769
ff503d30
ff51d679
ff52fd31
ff5347ee
ff54fd22
ff5507a9
ff5680ff
ff578c78
ff580485
ff591ad7
ff5ad5a8
ff5bfc19
ff5cfa7e
ff5df614
ff5ec5b4
ff5f4716
ff605eaa
ff61dd3d
ff6202dd
ff637f2e
ff64ecf6
ff658ddc
ff661e1a
ff67aaf1
ff68f0fc
ff696e0b
ff6aae3b
ff6b7743
ff6c4d6b
ff6d6c34
ff6ec00b
ff6f70c5
ff70d1de
ff713d80
ff727375
ff7363fa
ff74895b
ff75599a
ff767d3c
ff776203
ff788217
ff793c39
ff7a7753
ff7b3fc9
ff7cb2e2
ff7d4525
ff7ebea9
ff7f0935
ff805a36
ff81425b
ff82c0fd
ff833254
ff8417bd
ff858851
ff864c2d
ff87c9c9
ff880102
ff89a392
ff8a78d3
ff8b779d
ff8c0f4d
ff8ddacb
ff8eb7aa
ff8ffb2b
ff90a61b
ff914586
ff9294b8
ff93f4bc
ff94ed23
ff954c16
ff961ac2
ff97a85e
ff98e820
ff9927ea
ff9a3160
ff9b0270
ff9c6a16
ff9d638c
ff9e3f42
ff9fdabb
ffa0b292
ffa16e74
ffa28aef
ffa3eac6
ffa465cf
ffa5a1a8
ffa61e28
ffa7a1d1
ffa8060f
ffa95603
ffaaba3c
ffabca1e
ffac2331
ffad0932
ffae6ba7
ffaf1342
ffb0b3e1
ffb1a190
ffb2f3b4
ffb3c02e
ffb4b201
ffb52185
ffb617b7
ffb7723b
ffb8c403
ffb9d2b9
ffba9200
ffbb5cc8
ffbc7790
ffbde9d3
ffbe70fe
ffbfe8b4
ffc06c46
ffc1c155
ffc2bf5b
ffc3693d
ffc445aa
ffc5cc1e
ffc6a217
ffc78091
ffc81599
ffc963af
ffcaab78
ffcb70a0
ffcc0fcf
ffcdf596
ffce44e6
ffcfea76
ffd017fd
ffd14d1b
ffd29625
ffd3441b
ffd4e7d6
ffd5dfc6
ffd69e20
ffd71b46
ffd8b11c
ffd99196
ffda0b71
ffdb477b
ffdc3a15
ffdd7748
ffde02d0
ffdf4871
ffe0b1d1
ffe1745d
ffe2c76a
ffe303b4
ffe46c11
ffe54d91
ffe6cb8c
ffe75566
ffe88325
ffe9ce2e
ffea45d4
ffeb2951
ffec1b08
ffedd1c6
ffee3e59
ffefe138
fff0fa1c
fff13a08
fff2f9fa
fff31ffa
fff4f3b3
fff5ba1e
fff61fc2
fff7e6d4
fff85267
fff9349c
fffa20fe
fffb8d58
fffc882c
fffd0750
fffe02fd
ffffa112
