-16 32766
-16 32766
-16 32766
15 32766
15 32766
15 32766
15 32766
15 32766
15 32766
15 32766
15 32766
15 32766
15 32766
47 32766
47 32766
47 32766
47 32766
47 32766
47 32766
47 32766
47 32766
47 32766
47 32766
79 32766
79 32766
79 32766
79 32766
79 32766
79 32766
79 32766
79 32766
79 32766
79 32766
111 32766
111 32766
111 32766
111 32766
111 32766
111 32766
111 32766
111 32766
111 32766
111 32766
111 32766
143 32766
143 32766
143 32766
143 32766
143 32766
143 32766
143 32766
143 32766
143 32766
143 32766
175 32766
175 32766
175 32766
175 32766
175 32766
175 32766
175 32766
175 32766
175 32766
175 32766
206 32766
206 32766
206 32766
206 32766
206 32766
206 32766
206 32766
206 32766
206 32766
206 32766
239 32766
239 32766
239 32766
239 32766
239 32766
239 32766
239 32766
239 32766
239 32766
239 32766
271 32766
271 32766
271 32766
271 32766
271 32766
271 32766
271 32766
271 32766
271 32766
271 32766
303 32765
303 32765
303 32765
303 32765
303 32765
303 32765
303 32765
303 32765
303 32765
303 32765
334 32765
334 32765
334 32765
334 32765
334 32765
334 32765
334 32765
334 32765
334 32765
334 32765
367 32765
367 32765
367 32765
367 32765
367 32765
367 32765
367 32765
367 32765
367 32765
367 32765
367 32765
398 32765
398 32765
398 32765
384 32766
384 32766
384 32766
384 32766
416 32766
416 32766
416 32766
416 32766
416 32766
416 32766
416 32766
416 32766
416 32766
416 32766
448 32765
448 32765
448 32765
448 32765
448 32765
448 32765
448 32765
448 32765
448 32765
448 32765
448 32765
480 32764
480 32764
480 32764
480 32764
480 32764
480 32764
480 32764
480 32764
480 32764
480 32764
512 32765
512 32765
512 32765
512 32765
512 32765
512 32765
512 32765
512 32765
512 32765
512 32765
543 32764
543 32764
543 32764
543 32764
543 32764
543 32764
543 32764
543 32764
543 32764
543 32764
576 32763
576 32763
576 32763
576 32763
576 32763
576 32763
576 32763
576 32763
576 32763
576 32763
608 32762
608 32762
608 32762
608 32762
608 32762
608 32762
608 32762
608 32762
608 32762
608 32762
640 32762
640 32762
640 32762
640 32762
640 32762
640 32762
640 32762
640 32762
640 32762
640 32762
671 32761
671 32761
671 32761
671 32761
671 32761
671 32761
671 32761
671 32761
671 32761
671 32761
703 32760
703 32760
703 32760
703 32760
703 32760
703 32760
703 32760
703 32760
703 32760
703 32760
703 32760
735 32759
735 32759
735 32759
735 32759
735 32759
735 32759
735 32759
735 32759
735 32759
735 32759
767 32759
767 32759
767 32759
767 32759
767 32759
767 32759
767 32759
767 32759
767 32759
767 32759
799 32758
799 32758
782 32758
782 32758
782 32758
813 32757
813 32757
813 32757
813 32757
813 32757
813 32757
813 32757
813 32757
813 32757
813 32757
845 32757
845 32757
845 32757
845 32757
845 32757
845 32757
845 32757
845 32757
845 32757
845 32757
877 32756
877 32756
877 32756
877 32756
877 32756
877 32756
877 32756
877 32756
877 32756
877 32756
909 32755
909 32755
909 32755
909 32755
909 32755
909 32755
909 32755
909 32755
909 32755
909 32755
909 32755
941 32754
941 32754
941 32754
941 32754
941 32754
941 32754
941 32754
941 32754
941 32754
941 32754
973 32754
973 32754
973 32754
973 32754
973 32754
973 32754
973 32754
973 32754
973 32754
973 32754
1004 32753
1004 32753
1004 32753
1004 32753
1004 32753
1004 32753
1004 32753
1004 32753
1004 32753
1004 32753
1037 32752
1037 32752
1037 32752
1037 32752
1037 32752
1037 32752
1037 32752
1037 32752
1037 32752
1037 32752
1069 32751
1069 32751
1069 32751
1069 32751
1069 32751
1069 32751
1069 32751
1069 32751
1069 32751
1069 32751
1101 32750
1101 32750
1101 32750
1101 32750
1101 32750
1101 32750
1101 32750
1101 32750
1101 32750
1101 32750
1132 32749
1132 32749
1132 32749
1132 32749
1132 32749
1132 32749
1132 32749
1132 32749
1132 32749
1132 32749
1165 32748
1165 32748
1165 32748
1165 32748
1165 32748
1165 32748
1165 32748
1165 32748
1165 32748
1165 32748
1165 32748
1196 32747
1196 32747
1196 32747
1215 32745
1215 32745
1215 32745
1215 32745
1247 32745
1247 32745
1247 32745
1247 32745
1247 32745
1247 32745
1247 32745
1247 32745
1247 32745
1247 32745
1279 32743
1279 32743
1279 32743
1279 32743
1279 32743
1279 32743
1279 32743
1279 32743
1279 32743
1279 32743
1279 32743
1311 32741
1311 32741
1311 32741
1311 32741
1311 32741
1311 32741
1311 32741
1311 32741
1311 32741
1311 32741
1343 32741
1343 32741
1343 32741
1343 32741
1343 32741
1343 32741
1343 32741
1343 32741
1343 32741
1343 32741
1374 32739
1374 32739
1374 32739
1374 32739
1374 32739
1374 32739
1374 32739
1374 32739
1374 32739
1374 32739
1407 32738
1407 32738
1407 32738
1407 32738
1407 32738
1407 32738
1407 32738
1407 32738
1407 32738
1407 32738
1439 32736
1439 32736
1439 32736
1439 32736
1439 32736
1439 32736
1439 32736
1439 32736
1439 32736
1439 32736
1471 32734
1471 32734
1471 32734
1471 32734
1471 32734
1471 32734
1471 32734
1471 32734
1471 32734
1471 32734
1502 32733
1502 32733
1502 32733
1502 32733
1502 32733
1502 32733
1502 32733
1502 32733
1502 32733
1502 32733
1534 32731
1534 32731
1534 32731
1534 32731
1534 32731
1534 32731
1534 32731
1534 32731
1534 32731
1534 32731
1534 32731
1566 32730
1566 32730
1566 32730
1566 32730
1566 32730
1566 32730
1566 32730
1566 32730
1566 32730
1566 32730
1598 32728
1598 32728
1598 32728
1598 32728
1598 32728
1598 32728
1598 32728
1598 32728
1598 32728
1598 32728
1630 32727
1630 32727
1613 32727
1613 32727
1613 32727
1644 32726
1644 32726
1644 32726
1644 32726
1644 32726
1644 32726
1644 32726
1644 32726
1644 32726
1644 32726
1676 32724
1676 32724
1676 32724
1676 32724
1676 32724
1676 32724
1676 32724
1676 32724
1676 32724
1676 32724
1708 32723
1708 32723
1708 32723
1708 32723
1708 32723
1708 32723
1708 32723
1708 32723
1708 32723
1708 32723
1740 32721
1740 32721
1740 32721
1740 32721
1740 32721
1740 32721
1740 32721
1740 32721
1740 32721
1740 32721
1740 32721
1772 32720
1772 32720
1772 32720
1772 32720
1772 32720
1772 32720
1772 32720
1772 32720
1772 32720
1772 32720
1804 32718
1804 32718
1804 32718
1804 32718
1804 32718
1804 32718
1804 32718
1804 32718
1804 32718
1804 32718
1835 32716
1835 32716
1835 32716
1835 32716
1835 32716
1835 32716
1835 32716
1835 32716
1835 32716
1835 32716
1868 32715
1868 32715
1868 32715
1868 32715
1868 32715
1868 32715
1868 32715
1868 32715
1868 32715
1868 32715
1900 32713
1900 32713
1900 32713
1900 32713
1900 32713
1900 32713
1900 32713
1900 32713
1900 32713
1900 32713
1932 32711
1932 32711
1932 32711
1932 32711
1932 32711
1932 32711
1932 32711
1932 32711
1932 32711
1932 32711
1962 32709
1962 32709
1962 32709
1962 32709
1962 32709
1962 32709
1962 32709
1962 32709
1962 32709
1962 32709
1995 32707
1995 32707
1995 32707
1995 32707
1995 32707
1995 32707
1995 32707
1995 32707
1995 32707
1995 32707
1995 32707
2026 32706
2026 32706
2026 32706
2015 32706
2015 32706
2015 32706
2015 32706
2047 32705
2047 32705
2047 32705
2047 32705
2047 32705
2047 32705
2047 32705
2047 32705
2047 32705
2047 32705
2079 32702
2079 32702
2079 32702
2079 32702
2079 32702
2079 32702
2079 32702
2079 32702
2079 32702
2079 32702
2079 32702
2111 32700
2111 32700
2111 32700
2111 32700
2111 32700
2111 32700
2111 32700
2111 32700
2111 32700
2111 32700
2143 32699
2143 32699
2143 32699
2143 32699
2143 32699
2143 32699
2143 32699
2143 32699
2143 32699
2143 32699
2174 32696
2174 32696
2174 32696
2174 32696
2174 32696
2174 32696
2174 32696
2174 32696
2174 32696
2174 32696
2207 32694
2207 32694
2207 32694
2207 32694
2207 32694
2207 32694
2207 32694
2207 32694
2207 32694
2207 32694
2238 32691
2238 32691
2238 32691
2238 32691
2238 32691
2238 32691
2238 32691
2238 32691
2238 32691
2238 32691
2270 32689
2270 32689
2270 32689
2270 32689
2270 32689
2270 32689
2270 32689
2270 32689
2270 32689
2270 32689
2301 32687
2301 32687
2301 32687
2301 32687
2301 32687
2301 32687
2301 32687
2301 32687
2301 32687
2301 32687
2333 32684
2333 32684
2333 32684
2333 32684
2333 32684
2333 32684
2333 32684
2333 32684
2333 32684
2333 32684
2333 32684
2365 32682
2365 32682
2365 32682
2365 32682
2365 32682
2365 32682
2365 32682
2365 32682
2365 32682
2365 32682
2397 32680
2397 32680
2397 32680
2397 32680
2397 32680
2397 32680
2397 32680
2397 32680
2397 32680
2397 32680
2429 32677
2429 32677
2412 32679
2412 32679
2412 32679
2443 32676
2443 32676
2443 32676
2443 32676
2443 32676
2443 32676
2443 32676
2443 32676
2443 32676
2443 32676
2475 32674
2475 32674
2475 32674
2475 32674
2475 32674
2475 32674
2475 32674
2475 32674
2475 32674
2475 32674
2507 32672
2507 32672
2507 32672
2507 32672
2507 32672
2507 32672
2507 32672
2507 32672
2507 32672
2507 32672
2539 32669
2539 32669
2539 32669
2539 32669
2539 32669
2539 32669
2539 32669
2539 32669
2539 32669
2539 32669
2539 32669
2571 32667
2571 32667
2571 32667
2571 32667
2571 32667
2571 32667
2571 32667
2571 32667
2571 32667
2571 32667
2602 32664
2602 32664
2602 32664
2602 32664
2602 32664
2602 32664
2602 32664
2602 32664
2602 32664
2602 32664
2633 32662
2633 32662
2633 32662
2633 32662
2633 32662
2633 32662
2633 32662
2633 32662
2633 32662
2633 32662
2666 32660
2666 32660
2666 32660
2666 32660
2666 32660
2666 32660
2666 32660
2666 32660
2666 32660
2666 32660
2698 32657
2698 32657
2698 32657
2698 32657
2698 32657
2698 32657
2698 32657
2698 32657
2698 32657
2698 32657
2730 32654
2730 32654
2730 32654
2730 32654
2730 32654
2730 32654
2730 32654
2730 32654
2730 32654
2730 32654
2761 32652
2761 32652
2761 32652
2761 32652
2761 32652
2761 32652
2761 32652
2761 32652
2761 32652
2761 32652
2794 32649
2794 32649
2794 32649
2794 32649
2794 32649
2794 32649
2794 32649
2794 32649
2794 32649
2794 32649
2794 32649
2825 32647
2825 32647
2825 32647
2809 32647
2809 32647
2809 32647
2809 32647
2841 32645
2841 32645
2841 32645
2841 32645
2841 32645
2841 32645
2841 32645
2841 32645
2841 32645
2841 32645
2872 32642
2872 32642
2872 32642
2872 32642
2872 32642
2872 32642
2872 32642
2872 32642
2872 32642
2872 32642
2872 32642
2904 32638
2904 32638
2904 32638
2904 32638
2904 32638
2904 32638
2904 32638
2904 32638
2904 32638
2904 32638
2936 32636
2936 32636
2936 32636
2936 32636
2936 32636
2936 32636
2936 32636
2936 32636
2936 32636
2936 32636
2967 32633
2967 32633
2967 32633
2967 32633
2967 32633
2967 32633
2967 32633
2967 32633
2967 32633
2967 32633
3000 32630
3000 32630
3000 32630
3000 32630
3000 32630
3000 32630
3000 32630
3000 32630
3000 32630
3000 32630
3032 32627
3032 32627
3032 32627
3032 32627
3032 32627
3032 32627
3032 32627
3032 32627
3032 32627
3032 32627
3064 32624
3064 32624
3064 32624
3064 32624
3064 32624
3064 32624
3064 32624
3064 32624
3064 32624
3064 32624
3094 32621
3094 32621
3094 32621
3094 32621
3094 32621
3094 32621
3094 32621
3094 32621
3094 32621
3094 32621
3126 32618
3126 32618
3126 32618
3126 32618
3126 32618
3126 32618
3126 32618
3126 32618
3126 32618
3126 32618
3126 32618
3158 32614
3158 32614
3158 32614
3158 32614
3158 32614
3158 32614
3158 32614
3158 32614
3158 32614
3158 32614
3190 32611
3190 32611
3190 32611
3190 32611
3190 32611
3190 32611
3190 32611
3190 32611
3190 32611
3190 32611
3222 32608
3222 32608
3205 32610
3205 32610
3205 32610
3236 32607
3236 32607
3236 32607
3236 32607
3236 32607
3236 32607
3236 32607
3236 32607
3236 32607
3236 32607
3268 32604
3268 32604
3268 32604
3268 32604
3268 32604
3268 32604
3268 32604
3268 32604
3268 32604
3268 32604
3299 32600
3299 32600
3299 32600
3299 32600
3299 32600
3299 32600
3299 32600
3299 32600
3299 32600
3299 32600
3331 32597
3331 32597
3331 32597
3331 32597
3331 32597
3331 32597
3331 32597
3331 32597
3331 32597
3331 32597
3331 32597
3363 32594
3363 32594
3363 32594
3363 32594
3363 32594
3363 32594
3363 32594
3363 32594
3363 32594
3363 32594
3395 32591
3395 32591
3395 32591
3395 32591
3395 32591
3395 32591
3395 32591
3395 32591
3395 32591
3395 32591
3426 32588
3426 32588
3426 32588
3426 32588
3426 32588
3426 32588
3426 32588
3426 32588
3426 32588
3426 32588
3459 32585
3459 32585
3459 32585
3459 32585
3459 32585
3459 32585
3459 32585
3459 32585
3459 32585
3459 32585
3491 32582
3491 32582
3491 32582
3491 32582
3491 32582
3491 32582
3491 32582
3491 32582
3491 32582
3491 32582
3522 32578
3522 32578
3522 32578
3522 32578
3522 32578
3522 32578
3522 32578
3522 32578
3522 32578
3522 32578
3553 32574
3553 32574
3553 32574
3553 32574
3553 32574
3553 32574
3553 32574
3553 32574
3553 32574
3553 32574
3586 32571
3586 32571
3586 32571
3586 32571
3586 32571
3586 32571
3586 32571
3586 32571
3586 32571
3586 32571
3586 32571
3617 32568
3617 32568
3617 32568
3604 32570
3604 32570
3604 32570
3604 32570
3636 32567
3636 32567
3636 32567
3636 32567
3636 32567
3636 32567
3636 32567
3636 32567
3636 32567
3636 32567
3667 32563
3667 32563
3667 32563
3667 32563
3667 32563
3667 32563
3667 32563
3667 32563
3667 32563
3667 32563
3667 32563
3699 32559
3699 32559
3699 32559
3699 32559
3699 32559
3699 32559
3699 32559
3699 32559
3699 32559
3699 32559
3731 32556
3731 32556
3731 32556
3731 32556
3731 32556
3731 32556
3731 32556
3731 32556
3731 32556
3731 32556
3762 32552
3762 32552
3762 32552
3762 32552
3762 32552
3762 32552
3762 32552
3762 32552
3762 32552
3762 32552
3794 32548
3794 32548
3794 32548
3794 32548
3794 32548
3794 32548
3794 32548
3794 32548
3794 32548
3794 32548
3826 32544
3826 32544
3826 32544
3826 32544
3826 32544
3826 32544
3826 32544
3826 32544
3826 32544
3826 32544
3858 32540
3858 32540
3858 32540
3858 32540
3858 32540
3858 32540
3858 32540
3858 32540
3858 32540
3858 32540
3889 32537
3889 32537
3889 32537
3889 32537
3889 32537
3889 32537
3889 32537
3889 32537
3889 32537
3889 32537
3921 32533
3921 32533
3921 32533
3921 32533
3921 32533
3921 32533
3921 32533
3921 32533
3921 32533
3921 32533
3921 32533
3952 32529
3952 32529
3952 32529
3952 32529
3952 32529
3952 32529
3952 32529
3952 32529
3952 32529
3952 32529
3984 32525
3984 32525
3984 32525
3984 32525
3984 32525
3984 32525
3984 32525
3984 32525
3984 32525
3984 32525
4016 32521
4016 32521
3999 32523
3999 32523
3999 32523
4030 32519
4030 32519
4030 32519
4030 32519
4030 32519
4030 32519
4030 32519
4030 32519
4030 32519
4030 32519
4061 32515
4061 32515
4061 32515
4061 32515
4061 32515
4061 32515
4061 32515
4061 32515
4061 32515
4061 32515
4093 32511
4093 32511
4093 32511
4093 32511
4093 32511
4093 32511
4093 32511
4093 32511
4093 32511
4093 32511
4125 32507
4125 32507
4125 32507
4125 32507
4125 32507
4125 32507
4125 32507
4125 32507
4125 32507
4125 32507
4125 32507
4157 32504
4157 32504
4157 32504
4157 32504
4157 32504
4157 32504
4157 32504
4157 32504
4157 32504
4157 32504
4189 32500
4189 32500
4189 32500
4189 32500
4189 32500
4189 32500
4189 32500
4189 32500
4189 32500
4189 32500
4219 32496
4219 32496
4219 32496
4219 32496
4219 32496
4219 32496
4219 32496
4219 32496
4219 32496
4219 32496
4252 32492
4252 32492
4252 32492
4252 32492
4252 32492
4252 32492
4252 32492
4252 32492
4252 32492
4252 32492
4284 32488
4284 32488
4284 32488
4284 32488
4284 32488
4284 32488
4284 32488
4284 32488
4284 32488
4284 32488
4315 32483
4315 32483
4315 32483
4315 32483
4315 32483
4315 32483
4315 32483
4315 32483
4315 32483
4315 32483
4346 32479
4346 32479
4346 32479
4346 32479
4346 32479
4346 32479
4346 32479
4346 32479
4346 32479
4346 32479
4379 32475
4379 32475
4379 32475
4379 32475
4379 32475
4379 32475
4379 32475
4379 32475
4379 32475
4379 32475
4379 32475
4410 32471
4410 32471
4410 32471
4398 32472
4398 32472
4398 32472
4398 32472
4430 32468
4430 32468
4430 32468
4430 32468
4430 32468
4430 32468
4430 32468
4430 32468
4430 32468
4430 32468
4461 32463
4461 32463
4461 32463
4461 32463
4461 32463
4461 32463
4461 32463
4461 32463
4461 32463
4461 32463
4461 32463
4493 32458
4493 32458
4493 32458
4493 32458
4493 32458
4493 32458
4493 32458
4493 32458
4493 32458
4493 32458
4525 32455
4525 32455
4525 32455
4525 32455
4525 32455
4525 32455
4525 32455
4525 32455
4525 32455
4525 32455
4556 32450
4556 32450
4556 32450
4556 32450
4556 32450
4556 32450
4556 32450
4556 32450
4556 32450
4556 32450
4588 32445
4588 32445
4588 32445
4588 32445
4588 32445
4588 32445
4588 32445
4588 32445
4588 32445
4588 32445
4620 32441
4620 32441
4620 32441
4620 32441
4620 32441
4620 32441
4620 32441
4620 32441
4620 32441
4620 32441
4651 32436
4651 32436
4651 32436
4651 32436
4651 32436
4651 32436
4651 32436
4651 32436
4651 32436
4651 32436
4682 32431
4682 32431
4682 32431
4682 32431
4682 32431
4682 32431
4682 32431
4682 32431
4682 32431
4682 32431
4714 32427
4714 32427
4714 32427
4714 32427
4714 32427
4714 32427
4714 32427
4714 32427
4714 32427
4714 32427
4714 32427
4745 32422
4745 32422
4745 32422
4745 32422
4745 32422
4745 32422
4745 32422
4745 32422
4745 32422
4745 32422
4777 32417
4777 32417
4777 32417
4777 32417
4777 32417
4777 32417
4777 32417
4777 32417
4777 32417
4777 32417
4809 32413
4809 32413
4792 32415
4792 32415
4792 32415
4823 32411
4823 32411
4823 32411
4823 32411
4823 32411
4823 32411
4823 32411
4823 32411
4823 32411
4823 32411
4854 32406
4854 32406
4854 32406
4854 32406
4854 32406
4854 32406
4854 32406
4854 32406
4854 32406
4854 32406
4886 32401
4886 32401
4886 32401
4886 32401
4886 32401
4886 32401
4886 32401
4886 32401
4886 32401
4886 32401
4918 32397
4918 32397
4918 32397
4918 32397
4918 32397
4918 32397
4918 32397
4918 32397
4918 32397
4918 32397
4918 32397
4949 32392
4949 32392
4949 32392
4949 32392
4949 32392
4949 32392
4949 32392
4949 32392
4949 32392
4949 32392
4981 32387
4981 32387
4981 32387
4981 32387
4981 32387
4981 32387
4981 32387
4981 32387
4981 32387
4981 32387
5012 32383
5012 32383
5012 32383
5012 32383
5012 32383
5012 32383
5012 32383
5012 32383
5012 32383
5012 32383
5044 32378
5044 32378
5044 32378
5044 32378
5044 32378
5044 32378
5044 32378
5044 32378
5044 32378
5044 32378
5076 32373
5076 32373
5076 32373
5076 32373
5076 32373
5076 32373
5076 32373
5076 32373
5076 32373
5076 32373
5107 32367
5107 32367
5107 32367
5107 32367
5107 32367
5107 32367
5107 32367
5107 32367
5107 32367
5107 32367
5138 32363
5138 32363
5138 32363
5138 32363
5138 32363
5138 32363
5138 32363
5138 32363
5138 32363
5138 32363
5171 32358
5171 32358
5171 32358
5171 32358
5171 32358
5171 32358
5171 32358
5171 32358
5171 32358
5171 32358
5171 32358
5201 32354
5201 32354
5201 32354
5189 32354
5189 32354
5189 32354
5189 32354
5221 32350
5221 32350
5221 32350
5221 32350
5221 32350
5221 32350
5221 32350
5221 32350
5221 32350
5221 32350
5253 32344
5253 32344
5253 32344
5253 32344
5253 32344
5253 32344
5253 32344
5253 32344
5253 32344
5253 32344
5253 32344
5284 32339
5284 32339
5284 32339
5284 32339
5284 32339
5284 32339
5284 32339
5284 32339
5284 32339
5284 32339
5316 32334
5316 32334
5316 32334
5316 32334
5316 32334
5316 32334
5316 32334
5316 32334
5316 32334
5316 32334
5346 32329
5346 32329
5346 32329
5346 32329
5346 32329
5346 32329
5346 32329
5346 32329
5346 32329
5346 32329
5379 32324
5379 32324
5379 32324
5379 32324
5379 32324
5379 32324
5379 32324
5379 32324
5379 32324
5379 32324
5410 32318
5410 32318
5410 32318
5410 32318
5410 32318
5410 32318
5410 32318
5410 32318
5410 32318
5410 32318
5442 32313
5442 32313
5442 32313
5442 32313
5442 32313
5442 32313
5442 32313
5442 32313
5442 32313
5442 32313
5473 32307
5473 32307
5473 32307
5473 32307
5473 32307
5473 32307
5473 32307
5473 32307
5473 32307
5473 32307
5504 32302
5504 32302
5504 32302
5504 32302
5504 32302
5504 32302
5504 32302
5504 32302
5504 32302
5504 32302
5504 32302
5536 32296
5536 32296
5536 32296
5536 32296
5536 32296
5536 32296
5536 32296
5536 32296
5536 32296
5536 32296
5567 32291
5567 32291
5567 32291
5567 32291
5567 32291
5567 32291
5567 32291
5567 32291
5567 32291
5567 32291
5599 32285
5599 32285
5582 32288
5582 32288
5582 32288
5612 32283
5612 32283
5612 32283
5612 32283
5612 32283
5612 32283
5612 32283
5612 32283
5612 32283
5612 32283
5644 32278
5644 32278
5644 32278
5644 32278
5644 32278
5644 32278
5644 32278
5644 32278
5644 32278
5644 32278
5676 32272
5676 32272
5676 32272
5676 32272
5676 32272
5676 32272
5676 32272
5676 32272
5676 32272
5676 32272
5707 32267
5707 32267
5707 32267
5707 32267
5707 32267
5707 32267
5707 32267
5707 32267
5707 32267
5707 32267
5707 32267
5739 32261
5739 32261
5739 32261
5739 32261
5739 32261
5739 32261
5739 32261
5739 32261
5739 32261
5739 32261
5770 32256
5770 32256
5770 32256
5770 32256
5770 32256
5770 32256
5770 32256
5770 32256
5770 32256
5770 32256
5801 32251
5801 32251
5801 32251
5801 32251
5801 32251
5801 32251
5801 32251
5801 32251
5801 32251
5801 32251
5833 32245
5833 32245
5833 32245
5833 32245
5833 32245
5833 32245
5833 32245
5833 32245
5833 32245
5833 32245
5865 32239
5865 32239
5865 32239
5865 32239
5865 32239
5865 32239
5865 32239
5865 32239
5865 32239
5865 32239
5896 32233
5896 32233
5896 32233
5896 32233
5896 32233
5896 32233
5896 32233
5896 32233
5896 32233
5896 32233
5927 32228
5927 32228
5927 32228
5927 32228
5927 32228
5927 32228
5927 32228
5927 32228
5927 32228
5927 32228
5959 32222
5959 32222
5959 32222
5959 32222
5959 32222
5959 32222
5959 32222
5959 32222
5959 32222
5959 32222
5959 32222
5990 32217
5990 32217
5990 32217
6008 32213
6008 32213
6008 32213
6008 32213
6040 32208
6040 32208
6040 32208
6040 32208
6040 32208
6040 32208
6040 32208
6040 32208
6040 32208
6040 32208
6071 32202
6071 32202
6071 32202
6071 32202
6071 32202
6071 32202
6071 32202
6071 32202
6071 32202
6071 32202
6071 32202
6103 32196
6103 32196
6103 32196
6103 32196
6103 32196
6103 32196
6103 32196
6103 32196
6103 32196
6103 32196
6134 32190
6134 32190
6134 32190
6134 32190
6134 32190
6134 32190
6134 32190
6134 32190
6134 32190
6134 32190
6165 32184
6165 32184
6165 32184
6165 32184
6165 32184
6165 32184
6165 32184
6165 32184
6165 32184
6165 32184
6197 32178
6197 32178
6197 32178
6197 32178
6197 32178
6197 32178
6197 32178
6197 32178
6197 32178
6197 32178
6228 32172
6228 32172
6228 32172
6228 32172
6228 32172
6228 32172
6228 32172
6228 32172
6228 32172
6228 32172
6260 32165
6260 32165
6260 32165
6260 32165
6260 32165
6260 32165
6260 32165
6260 32165
6260 32165
6260 32165
6290 32159
6290 32159
6290 32159
6290 32159
6290 32159
6290 32159
6290 32159
6290 32159
6290 32159
6290 32159
6321 32153
6321 32153
6321 32153
6321 32153
6321 32153
6321 32153
6321 32153
6321 32153
6321 32153
6321 32153
6321 32153
6353 32147
6353 32147
6353 32147
6353 32147
6353 32147
6353 32147
6353 32147
6353 32147
6353 32147
6353 32147
6384 32141
6384 32141
6384 32141
6384 32141
6384 32141
6384 32141
6384 32141
6384 32141
6384 32141
6384 32141
6416 32134
6416 32134
6399 32138
6399 32138
6399 32138
6429 32132
6429 32132
6429 32132
6429 32132
6429 32132
6429 32132
6429 32132
6429 32132
6429 32132
6429 32132
6461 32125
6461 32125
6461 32125
6461 32125
6461 32125
6461 32125
6461 32125
6461 32125
6461 32125
6461 32125
6492 32119
6492 32119
6492 32119
6492 32119
6492 32119
6492 32119
6492 32119
6492 32119
6492 32119
6492 32119
6524 32113
6524 32113
6524 32113
6524 32113
6524 32113
6524 32113
6524 32113
6524 32113
6524 32113
6524 32113
6524 32113
6555 32106
6555 32106
6555 32106
6555 32106
6555 32106
6555 32106
6555 32106
6555 32106
6555 32106
6555 32106
6586 32100
6586 32100
6586 32100
6586 32100
6586 32100
6586 32100
6586 32100
6586 32100
6586 32100
6586 32100
6617 32094
6617 32094
6617 32094
6617 32094
6617 32094
6617 32094
6617 32094
6617 32094
6617 32094
6617 32094
6649 32088
6649 32088
6649 32088
6649 32088
6649 32088
6649 32088
6649 32088
6649 32088
6649 32088
6649 32088
6680 32081
6680 32081
6680 32081
6680 32081
6680 32081
6680 32081
6680 32081
6680 32081
6680 32081
6680 32081
6712 32074
6712 32074
6712 32074
6712 32074
6712 32074
6712 32074
6712 32074
6712 32074
6712 32074
6712 32074
6742 32068
6742 32068
6742 32068
6742 32068
6742 32068
6742 32068
6742 32068
6742 32068
6742 32068
6742 32068
6774 32062
6774 32062
6774 32062
6774 32062
6774 32062
6774 32062
6774 32062
6774 32062
6774 32062
6774 32062
6774 32062
6805 32056
6805 32056
6805 32056
6789 32056
6789 32056
6789 32056
6789 32056
6821 32050
6821 32050
6821 32050
6821 32050
6821 32050
6821 32050
6821 32050
6821 32050
6821 32050
6821 32050
6852 32043
6852 32043
6852 32043
6852 32043
6852 32043
6852 32043
6852 32043
6852 32043
6852 32043
6852 32043
6852 32043
6883 32036
6883 32036
6883 32036
6883 32036
6883 32036
6883 32036
6883 32036
6883 32036
6883 32036
6883 32036
6915 32030
6915 32030
6915 32030
6915 32030
6915 32030
6915 32030
6915 32030
6915 32030
6915 32030
6915 32030
6945 32023
6945 32023
6945 32023
6945 32023
6945 32023
6945 32023
6945 32023
6945 32023
6945 32023
6945 32023
6977 32016
6977 32016
6977 32016
6977 32016
6977 32016
6977 32016
6977 32016
6977 32016
6977 32016
6977 32016
7008 32009
7008 32009
7008 32009
7008 32009
7008 32009
7008 32009
7008 32009
7008 32009
7008 32009
7008 32009
7039 32002
7039 32002
7039 32002
7039 32002
7039 32002
7039 32002
7039 32002
7039 32002
7039 32002
7039 32002
7070 31995
7070 31995
7070 31995
7070 31995
7070 31995
7070 31995
7070 31995
7070 31995
7070 31995
7070 31995
7101 31988
7101 31988
7101 31988
7101 31988
7101 31988
7101 31988
7101 31988
7101 31988
7101 31988
7101 31988
7101 31988
7132 31981
7132 31981
7132 31981
7132 31981
7132 31981
7132 31981
7132 31981
7132 31981
7132 31981
7132 31981
7163 31974
7163 31974
7163 31974
7163 31974
7163 31974
7163 31974
7163 31974
7163 31974
7163 31974
7163 31974
7195 31967
7195 31967
7178 31971
7178 31971
7178 31971
7208 31964
7208 31964
7208 31964
7208 31964
7208 31964
7208 31964
7208 31964
7208 31964
7208 31964
7208 31964
7239 31957
7239 31957
7239 31957
7239 31957
7239 31957
7239 31957
7239 31957
7239 31957
7239 31957
7239 31957
7271 31950
7271 31950
7271 31950
7271 31950
7271 31950
7271 31950
7271 31950
7271 31950
7271 31950
7271 31950
7302 31943
7302 31943
7302 31943
7302 31943
7302 31943
7302 31943
7302 31943
7302 31943
7302 31943
7302 31943
7302 31943
7333 31936
7333 31936
7333 31936
7333 31936
7333 31936
7333 31936
7333 31936
7333 31936
7333 31936
7333 31936
7364 31929
7364 31929
7364 31929
7364 31929
7364 31929
7364 31929
7364 31929
7364 31929
7364 31929
7364 31929
7395 31922
7395 31922
7395 31922
7395 31922
7395 31922
7395 31922
7395 31922
7395 31922
7395 31922
7395 31922
7427 31915
7427 31915
7427 31915
7427 31915
7427 31915
7427 31915
7427 31915
7427 31915
7427 31915
7427 31915
7458 31908
7458 31908
7458 31908
7458 31908
7458 31908
7458 31908
7458 31908
7458 31908
7458 31908
7458 31908
7489 31900
7489 31900
7489 31900
7489 31900
7489 31900
7489 31900
7489 31900
7489 31900
7489 31900
7489 31900
7519 31893
7519 31893
7519 31893
7519 31893
7519 31893
7519 31893
7519 31893
7519 31893
7519 31893
7519 31893
7551 31886
7551 31886
7551 31886
7551 31886
7551 31886
7551 31886
7551 31886
7551 31886
7551 31886
7551 31886
7551 31886
7582 31879
7582 31879
7582 31879
7569 31882
7569 31882
7569 31882
7569 31882
7601 31875
7601 31875
7601 31875
7601 31875
7601 31875
7601 31875
7601 31875
7601 31875
7601 31875
7601 31875
7632 31867
7632 31867
7632 31867
7632 31867
7632 31867
7632 31867
7632 31867
7632 31867
7632 31867
7632 31867
7632 31867
7663 31859
7663 31859
7663 31859
7663 31859
7663 31859
7663 31859
7663 31859
7663 31859
7663 31859
7663 31859
7694 31853
7694 31853
7694 31853
7694 31853
7694 31853
7694 31853
7694 31853
7694 31853
7694 31853
7694 31853
7724 31845
7724 31845
7724 31845
7724 31845
7724 31845
7724 31845
7724 31845
7724 31845
7724 31845
7724 31845
7756 31837
7756 31837
7756 31837
7756 31837
7756 31837
7756 31837
7756 31837
7756 31837
7756 31837
7756 31837
7787 31829
7787 31829
7787 31829
7787 31829
7787 31829
7787 31829
7787 31829
7787 31829
7787 31829
7787 31829
7818 31821
7818 31821
7818 31821
7818 31821
7818 31821
7818 31821
7818 31821
7818 31821
7818 31821
7818 31821
7848 31814
7848 31814
7848 31814
7848 31814
7848 31814
7848 31814
7848 31814
7848 31814
7848 31814
7848 31814
7879 31806
7879 31806
7879 31806
7879 31806
7879 31806
7879 31806
7879 31806
7879 31806
7879 31806
7879 31806
7879 31806
7910 31798
7910 31798
7910 31798
7910 31798
7910 31798
7910 31798
7910 31798
7910 31798
7910 31798
7910 31798
7941 31791
7941 31791
7941 31791
7941 31791
7941 31791
7941 31791
7941 31791
7941 31791
7941 31791
7941 31791
7972 31783
7972 31783
7956 31787
7956 31787
7956 31787
7986 31779
7986 31779
7986 31779
7986 31779
7986 31779
7986 31779
7986 31779
7986 31779
7986 31779
7986 31779
8017 31772
8017 31772
8017 31772
8017 31772
8017 31772
8017 31772
8017 31772
8017 31772
8017 31772
8017 31772
8048 31764
8048 31764
8048 31764
8048 31764
8048 31764
8048 31764
8048 31764
8048 31764
8048 31764
8048 31764
8079 31756
8079 31756
8079 31756
8079 31756
8079 31756
8079 31756
8079 31756
8079 31756
8079 31756
8079 31756
8079 31756
8110 31748
8110 31748
8110 31748
8110 31748
8110 31748
8110 31748
8110 31748
8110 31748
8110 31748
8110 31748
8141 31741
8141 31741
8141 31741
8141 31741
8141 31741
8141 31741
8141 31741
8141 31741
8141 31741
8141 31741
8171 31733
8171 31733
8171 31733
8171 31733
8171 31733
8171 31733
8171 31733
8171 31733
8171 31733
8171 31733
8203 31725
8203 31725
8203 31725
8203 31725
8203 31725
8203 31725
8203 31725
8203 31725
8203 31725
8203 31725
8234 31717
8234 31717
8234 31717
8234 31717
8234 31717
8234 31717
8234 31717
8234 31717
8234 31717
8234 31717
8265 31708
8265 31708
8265 31708
8265 31708
8265 31708
8265 31708
8265 31708
8265 31708
8265 31708
8265 31708
8295 31701
8295 31701
8295 31701
8295 31701
8295 31701
8295 31701
8295 31701
8295 31701
8295 31701
8295 31701
8327 31693
8327 31693
8327 31693
8327 31693
8327 31693
8327 31693
8327 31693
8327 31693
8327 31693
8327 31693
8327 31693
8357 31685
8357 31685
8357 31685
8345 31687
8345 31687
8345 31687
8345 31687
8376 31680
8376 31680
8376 31680
8376 31680
8376 31680
8376 31680
8376 31680
8376 31680
8376 31680
8376 31680
8407 31671
8407 31671
8407 31671
8407 31671
8407 31671
8407 31671
8407 31671
8407 31671
8407 31671
8407 31671
8407 31671
8438 31663
8438 31663
8438 31663
8438 31663
8438 31663
8438 31663
8438 31663
8438 31663
8438 31663
8438 31663
8469 31655
8469 31655
8469 31655
8469 31655
8469 31655
8469 31655
8469 31655
8469 31655
8469 31655
8469 31655
8499 31647
8499 31647
8499 31647
8499 31647
8499 31647
8499 31647
8499 31647
8499 31647
8499 31647
8499 31647
8530 31638
8530 31638
8530 31638
8530 31638
8530 31638
8530 31638
8530 31638
8530 31638
8530 31638
8530 31638
8561 31630
8561 31630
8561 31630
8561 31630
8561 31630
8561 31630
8561 31630
8561 31630
8561 31630
8561 31630
8592 31621
8592 31621
8592 31621
8592 31621
8592 31621
8592 31621
8592 31621
8592 31621
8592 31621
8592 31621
8622 31613
8622 31613
8622 31613
8622 31613
8622 31613
8622 31613
8622 31613
8622 31613
8622 31613
8622 31613
8653 31604
8653 31604
8653 31604
8653 31604
8653 31604
8653 31604
8653 31604
8653 31604
8653 31604
8653 31604
8653 31604
8684 31596
8684 31596
8684 31596
8684 31596
8684 31596
8684 31596
8684 31596
8684 31596
8684 31596
8684 31596
8715 31587
8715 31587
8715 31587
8715 31587
8715 31587
8715 31587
8715 31587
8715 31587
8715 31587
8715 31587
8745 31579
8745 31579
8729 31583
8729 31583
8729 31583
8759 31575
8759 31575
8759 31575
8759 31575
8759 31575
8759 31575
8759 31575
8759 31575
8759 31575
8759 31575
8790 31566
8790 31566
8790 31566
8790 31566
8790 31566
8790 31566
8790 31566
8790 31566
8790 31566
8790 31566
8821 31558
8821 31558
8821 31558
8821 31558
8821 31558
8821 31558
8821 31558
8821 31558
8821 31558
8821 31558
8851 31549
8851 31549
8851 31549
8851 31549
8851 31549
8851 31549
8851 31549
8851 31549
8851 31549
8851 31549
8851 31549
8882 31541
8882 31541
8882 31541
8882 31541
8882 31541
8882 31541
8882 31541
8882 31541
8882 31541
8882 31541
8913 31532
8913 31532
8913 31532
8913 31532
8913 31532
8913 31532
8913 31532
8913 31532
8913 31532
8913 31532
8943 31524
8943 31524
8943 31524
8943 31524
8943 31524
8943 31524
8943 31524
8943 31524
8943 31524
8943 31524
8975 31515
8975 31515
8975 31515
8975 31515
8975 31515
8975 31515
8975 31515
8975 31515
8975 31515
8975 31515
9006 31507
9006 31507
9006 31507
9006 31507
9006 31507
9006 31507
9006 31507
9006 31507
9006 31507
9006 31507
9036 31497
9036 31497
9036 31497
9036 31497
9036 31497
9036 31497
9036 31497
9036 31497
9036 31497
9036 31497
9066 31489
9066 31489
9066 31489
9066 31489
9066 31489
9066 31489
9066 31489
9066 31489
9066 31489
9066 31489
9098 31480
9098 31480
9098 31480
9098 31480
9098 31480
9098 31480
9098 31480
9098 31480
9098 31480
9098 31480
9098 31480
9128 31472
9128 31472
9128 31472
9116 31475
9116 31475
9116 31475
9116 31475
9146 31467
9146 31467
9146 31467
9146 31467
9146 31467
9146 31467
9146 31467
9146 31467
9146 31467
9146 31467
9177 31457
9177 31457
9177 31457
9177 31457
9177 31457
9177 31457
9177 31457
9177 31457
9177 31457
9177 31457
9177 31457
9208 31448
9208 31448
9208 31448
9208 31448
9208 31448
9208 31448
9208 31448
9208 31448
9208 31448
9208 31448
9239 31440
9239 31440
9239 31440
9239 31440
9239 31440
9239 31440
9239 31440
9239 31440
9239 31440
9239 31440
9268 31431
9268 31431
9268 31431
9268 31431
9268 31431
9268 31431
9268 31431
9268 31431
9268 31431
9268 31431
9300 31421
9300 31421
9300 31421
9300 31421
9300 31421
9300 31421
9300 31421
9300 31421
9300 31421
9300 31421
9331 31412
9331 31412
9331 31412
9331 31412
9331 31412
9331 31412
9331 31412
9331 31412
9331 31412
9331 31412
9361 31403
9361 31403
9361 31403
9361 31403
9361 31403
9361 31403
9361 31403
9361 31403
9361 31403
9361 31403
9391 31394
9391 31394
9391 31394
9391 31394
9391 31394
9391 31394
9391 31394
9391 31394
9391 31394
9391 31394
9421 31384
9421 31384
9421 31384
9421 31384
9421 31384
9421 31384
9421 31384
9421 31384
9421 31384
9421 31384
9421 31384
9452 31375
9452 31375
9452 31375
9452 31375
9452 31375
9452 31375
9452 31375
9452 31375
9452 31375
9452 31375
9483 31366
9483 31366
9483 31366
9483 31366
9483 31366
9483 31366
9483 31366
9483 31366
9483 31366
9483 31366
9513 31356
9513 31356
9497 31361
9497 31361
9497 31361
9527 31352
9527 31352
9527 31352
9527 31352
9527 31352
9527 31352
9527 31352
9527 31352
9527 31352
9527 31352
9557 31343
9557 31343
9557 31343
9557 31343
9557 31343
9557 31343
9557 31343
9557 31343
9557 31343
9557 31343
9588 31334
9588 31334
9588 31334
9588 31334
9588 31334
9588 31334
9588 31334
9588 31334
9588 31334
9588 31334
9619 31325
9619 31325
9619 31325
9619 31325
9619 31325
9619 31325
9619 31325
9619 31325
9619 31325
9619 31325
9619 31325
9649 31315
9649 31315
9649 31315
9649 31315
9649 31315
9649 31315
9649 31315
9649 31315
9649 31315
9649 31315
9680 31306
9680 31306
9680 31306
9680 31306
9680 31306
9680 31306
9680 31306
9680 31306
9680 31306
9680 31306
9710 31297
9710 31297
9710 31297
9710 31297
9710 31297
9710 31297
9710 31297
9710 31297
9710 31297
9710 31297
9741 31287
9741 31287
9741 31287
9741 31287
9741 31287
9741 31287
9741 31287
9741 31287
9741 31287
9741 31287
9772 31278
9772 31278
9772 31278
9772 31278
9772 31278
9772 31278
9772 31278
9772 31278
9772 31278
9772 31278
9802 31268
9802 31268
9802 31268
9802 31268
9802 31268
9802 31268
9802 31268
9802 31268
9802 31268
9802 31268
9832 31259
9832 31259
9832 31259
9832 31259
9832 31259
9832 31259
9832 31259
9832 31259
9832 31259
9832 31259
9863 31249
9863 31249
9863 31249
9863 31249
9863 31249
9863 31249
9863 31249
9863 31249
9863 31249
9863 31249
9863 31249
9893 31240
9893 31240
9893 31240
9881 31243
9881 31243
9881 31243
9881 31243
9912 31234
9912 31234
9912 31234
9912 31234
9912 31234
9912 31234
9912 31234
9912 31234
9912 31234
9912 31234
9943 31224
9943 31224
9943 31224
9943 31224
9943 31224
9943 31224
9943 31224
9943 31224
9943 31224
9943 31224
9943 31224
9973 31214
9973 31214
9973 31214
9973 31214
9973 31214
9973 31214
9973 31214
9973 31214
9973 31214
9973 31214
10004 31205
10004 31205
10004 31205
10004 31205
10004 31205
10004 31205
10004 31205
10004 31205
10004 31205
10004 31205
10033 31195
10033 31195
10033 31195
10033 31195
10033 31195
10033 31195
10033 31195
10033 31195
10033 31195
10033 31195
10064 31185
10064 31185
10064 31185
10064 31185
10064 31185
10064 31185
10064 31185
10064 31185
10064 31185
10064 31185
10095 31175
10095 31175
10095 31175
10095 31175
10095 31175
10095 31175
10095 31175
10095 31175
10095 31175
10095 31175
10125 31165
10125 31165
10125 31165
10125 31165
10125 31165
10125 31165
10125 31165
10125 31165
10125 31165
10125 31165
10155 31155
10155 31155
10155 31155
10155 31155
10155 31155
10155 31155
10155 31155
10155 31155
10155 31155
10155 31155
10185 31145
10185 31145
10185 31145
10185 31145
10185 31145
10185 31145
10185 31145
10185 31145
10185 31145
10185 31145
10185 31145
10215 31135
10215 31135
10215 31135
10215 31135
10215 31135
10215 31135
10215 31135
10215 31135
10215 31135
10215 31135
10246 31125
10246 31125
10246 31125
10246 31125
10246 31125
10246 31125
10246 31125
10246 31125
10246 31125
10246 31125
10276 31115
10276 31115
10260 31121
10260 31121
10260 31121
10290 31111
10290 31111
10290 31111
10290 31111
10290 31111
10290 31111
10290 31111
10290 31111
10290 31111
10290 31111
10320 31101
10320 31101
10320 31101
10320 31101
10320 31101
10320 31101
10320 31101
10320 31101
10320 31101
10320 31101
10350 31091
10350 31091
10350 31091
10350 31091
10350 31091
10350 31091
10350 31091
10350 31091
10350 31091
10350 31091
10381 31081
10381 31081
10381 31081
10381 31081
10381 31081
10381 31081
10381 31081
10381 31081
10381 31081
10381 31081
10381 31081
10411 31071
10411 31071
10411 31071
10411 31071
10411 31071
10411 31071
10411 31071
10411 31071
10411 31071
10411 31071
10441 31061
10441 31061
10441 31061
10441 31061
10441 31061
10441 31061
10441 31061
10441 31061
10441 31061
10441 31061
10471 31051
10471 31051
10471 31051
10471 31051
10471 31051
10471 31051
10471 31051
10471 31051
10471 31051
10471 31051
10502 31041
10502 31041
10502 31041
10502 31041
10502 31041
10502 31041
10502 31041
10502 31041
10502 31041
10502 31041
10533 31031
10533 31031
10533 31031
10533 31031
10533 31031
10533 31031
10533 31031
10533 31031
10533 31031
10533 31031
10563 31020
10563 31020
10563 31020
10563 31020
10563 31020
10563 31020
10563 31020
10563 31020
10563 31020
10563 31020
10592 31010
10592 31010
10592 31010
10592 31010
10592 31010
10592 31010
10592 31010
10592 31010
10592 31010
10592 31010
10624 31000
10624 31000
10624 31000
10624 31000
10624 31000
10624 31000
10624 31000
10624 31000
10624 31000
10624 31000
10624 31000
10653 30990
10653 30990
10653 30990
10648 30989
10648 30989
10648 30989
10648 30989
10678 30979
10678 30979
10678 30979
10678 30979
10678 30979
10678 30979
10678 30979
10678 30979
10678 30979
10678 30979
10708 30968
10708 30968
10708 30968
10708 30968
10708 30968
10708 30968
10708 30968
10708 30968
10708 30968
10708 30968
10708 30968
10738 30957
10738 30957
10738 30957
10738 30957
10738 30957
10738 30957
10738 30957
10738 30957
10738 30957
10738 30957
10769 30948
10769 30948
10769 30948
10769 30948
10769 30948
10769 30948
10769 30948
10769 30948
10769 30948
10769 30948
10798 30937
10798 30937
10798 30937
10798 30937
10798 30937
10798 30937
10798 30937
10798 30937
10798 30937
10798 30937
10829 30926
10829 30926
10829 30926
10829 30926
10829 30926
10829 30926
10829 30926
10829 30926
10829 30926
10829 30926
10859 30915
10859 30915
10859 30915
10859 30915
10859 30915
10859 30915
10859 30915
10859 30915
10859 30915
10859 30915
10889 30905
10889 30905
10889 30905
10889 30905
10889 30905
10889 30905
10889 30905
10889 30905
10889 30905
10889 30905
10919 30894
10919 30894
10919 30894
10919 30894
10919 30894
10919 30894
10919 30894
10919 30894
10919 30894
10919 30894
10949 30883
10949 30883
10949 30883
10949 30883
10949 30883
10949 30883
10949 30883
10949 30883
10949 30883
10949 30883
10949 30883
10979 30873
10979 30873
10979 30873
10979 30873
10979 30873
10979 30873
10979 30873
10979 30873
10979 30873
10979 30873
11009 30862
11009 30862
11009 30862
11009 30862
11009 30862
11009 30862
11009 30862
11009 30862
11009 30862
11009 30862
11039 30851
11039 30851
11023 30857
11023 30857
11023 30857
11052 30846
11052 30846
11052 30846
11052 30846
11052 30846
11052 30846
11052 30846
11052 30846
11052 30846
11052 30846
11082 30836
11082 30836
11082 30836
11082 30836
11082 30836
11082 30836
11082 30836
11082 30836
11082 30836
11082 30836
11113 30825
11113 30825
11113 30825
11113 30825
11113 30825
11113 30825
11113 30825
11113 30825
11113 30825
11113 30825
11143 30814
11143 30814
11143 30814
11143 30814
11143 30814
11143 30814
11143 30814
11143 30814
11143 30814
11143 30814
11143 30814
11173 30803
11173 30803
11173 30803
11173 30803
11173 30803
11173 30803
11173 30803
11173 30803
11173 30803
11173 30803
11203 30792
11203 30792
11203 30792
11203 30792
11203 30792
11203 30792
11203 30792
11203 30792
11203 30792
11203 30792
11232 30782
11232 30782
11232 30782
11232 30782
11232 30782
11232 30782
11232 30782
11232 30782
11232 30782
11232 30782
11263 30771
11263 30771
11263 30771
11263 30771
11263 30771
11263 30771
11263 30771
11263 30771
11263 30771
11263 30771
11293 30760
11293 30760
11293 30760
11293 30760
11293 30760
11293 30760
11293 30760
11293 30760
11293 30760
11293 30760
11323 30748
11323 30748
11323 30748
11323 30748
11323 30748
11323 30748
11323 30748
11323 30748
11323 30748
11323 30748
11352 30738
11352 30738
11352 30738
11352 30738
11352 30738
11352 30738
11352 30738
11352 30738
11352 30738
11352 30738
11383 30727
11383 30727
11383 30727
11383 30727
11383 30727
11383 30727
11383 30727
11383 30727
11383 30727
11383 30727
11383 30727
11413 30716
11413 30716
11413 30716
11401 30721
11401 30721
11401 30721
11401 30721
11431 30711
11431 30711
11431 30711
11431 30711
11431 30711
11431 30711
11431 30711
11431 30711
11431 30711
11431 30711
11461 30699
11461 30699
11461 30699
11461 30699
11461 30699
11461 30699
11461 30699
11461 30699
11461 30699
11461 30699
11461 30699
11491 30688
11491 30688
11491 30688
11491 30688
11491 30688
11491 30688
11491 30688
11491 30688
11491 30688
11491 30688
11521 30677
11521 30677
11521 30677
11521 30677
11521 30677
11521 30677
11521 30677
11521 30677
11521 30677
11521 30677
11550 30666
11550 30666
11550 30666
11550 30666
11550 30666
11550 30666
11550 30666
11550 30666
11550 30666
11550 30666
11581 30654
11581 30654
11581 30654
11581 30654
11581 30654
11581 30654
11581 30654
11581 30654
11581 30654
11581 30654
11611 30643
11611 30643
11611 30643
11611 30643
11611 30643
11611 30643
11611 30643
11611 30643
11611 30643
11611 30643
11641 30631
11641 30631
11641 30631
11641 30631
11641 30631
11641 30631
11641 30631
11641 30631
11641 30631
11641 30631
11670 30620
11670 30620
11670 30620
11670 30620
11670 30620
11670 30620
11670 30620
11670 30620
11670 30620
11670 30620
11699 30608
11699 30608
11699 30608
11699 30608
11699 30608
11699 30608
11699 30608
11699 30608
11699 30608
11699 30608
11699 30608
11729 30597
11729 30597
11729 30597
11729 30597
11729 30597
11729 30597
11729 30597
11729 30597
11729 30597
11729 30597
11759 30585
11759 30585
11759 30585
11759 30585
11759 30585
11759 30585
11759 30585
11759 30585
11759 30585
11759 30585
11789 30574
11789 30574
11773 30580
11773 30580
11773 30580
11802 30569
11802 30569
11802 30569
11802 30569
11802 30569
11802 30569
11802 30569
11802 30569
11802 30569
11802 30569
11832 30557
11832 30557
11832 30557
11832 30557
11832 30557
11832 30557
11832 30557
11832 30557
11832 30557
11832 30557
11862 30546
11862 30546
11862 30546
11862 30546
11862 30546
11862 30546
11862 30546
11862 30546
11862 30546
11862 30546
11892 30534
11892 30534
11892 30534
11892 30534
11892 30534
11892 30534
11892 30534
11892 30534
11892 30534
11892 30534
11892 30534
11922 30523
11922 30523
11922 30523
11922 30523
11922 30523
11922 30523
11922 30523
11922 30523
11922 30523
11922 30523
11951 30511
11951 30511
11951 30511
11951 30511
11951 30511
11951 30511
11951 30511
11951 30511
11951 30511
11951 30511
11980 30500
11980 30500
11980 30500
11980 30500
11980 30500
11980 30500
11980 30500
11980 30500
11980 30500
11980 30500
12011 30488
12011 30488
12011 30488
12011 30488
12011 30488
12011 30488
12011 30488
12011 30488
12011 30488
12011 30488
12041 30477
12041 30477
12041 30477
12041 30477
12041 30477
12041 30477
12041 30477
12041 30477
12041 30477
12041 30477
12070 30464
12070 30464
12070 30464
12070 30464
12070 30464
12070 30464
12070 30464
12070 30464
12070 30464
12070 30464
12099 30453
12099 30453
12099 30453
12099 30453
12099 30453
12099 30453
12099 30453
12099 30453
12099 30453
12099 30453
12130 30441
12130 30441
12130 30441
12130 30441
12130 30441
12130 30441
12130 30441
12130 30441
12130 30441
12130 30441
12130 30441
12159 30430
12159 30430
12159 30430
12177 30421
12177 30421
12177 30421
12177 30421
12207 30409
12207 30409
12207 30409
12207 30409
12207 30409
12207 30409
12207 30409
12207 30409
12207 30409
12207 30409
12236 30397
12236 30397
12236 30397
12236 30397
12236 30397
12236 30397
12236 30397
12236 30397
12236 30397
12236 30397
12236 30397
12266 30385
12266 30385
12266 30385
12266 30385
12266 30385
12266 30385
12266 30385
12266 30385
12266 30385
12266 30385
12296 30374
12296 30374
12296 30374
12296 30374
12296 30374
12296 30374
12296 30374
12296 30374
12296 30374
12296 30374
12324 30362
12324 30362
12324 30362
12324 30362
12324 30362
12324 30362
12324 30362
12324 30362
12324 30362
12324 30362
12355 30349
12355 30349
12355 30349
12355 30349
12355 30349
12355 30349
12355 30349
12355 30349
12355 30349
12355 30349
12385 30337
12385 30337
12385 30337
12385 30337
12385 30337
12385 30337
12385 30337
12385 30337
12385 30337
12385 30337
12414 30325
12414 30325
12414 30325
12414 30325
12414 30325
12414 30325
12414 30325
12414 30325
12414 30325
12414 30325
12443 30313
12443 30313
12443 30313
12443 30313
12443 30313
12443 30313
12443 30313
12443 30313
12443 30313
12443 30313
12472 30300
12472 30300
12472 30300
12472 30300
12472 30300
12472 30300
12472 30300
12472 30300
12472 30300
12472 30300
12472 30300
12502 30288
12502 30288
12502 30288
12502 30288
12502 30288
12502 30288
12502 30288
12502 30288
12502 30288
12502 30288
12531 30276
12531 30276
12531 30276
12531 30276
12531 30276
12531 30276
12531 30276
12531 30276
12531 30276
12531 30276
12561 30264
12561 30264
12545 30270
12545 30270
12545 30270
12574 30258
12574 30258
12574 30258
12574 30258
12574 30258
12574 30258
12574 30258
12574 30258
12574 30258
12574 30258
12603 30246
12603 30246
12603 30246
12603 30246
12603 30246
12603 30246
12603 30246
12603 30246
12603 30246
12603 30246
12633 30234
12633 30234
12633 30234
12633 30234
12633 30234
12633 30234
12633 30234
12633 30234
12633 30234
12633 30234
12663 30221
12663 30221
12663 30221
12663 30221
12663 30221
12663 30221
12663 30221
12663 30221
12663 30221
12663 30221
12663 30221
12692 30209
12692 30209
12692 30209
12692 30209
12692 30209
12692 30209
12692 30209
12692 30209
12692 30209
12692 30209
12722 30197
12722 30197
12722 30197
12722 30197
12722 30197
12722 30197
12722 30197
12722 30197
12722 30197
12722 30197
12750 30185
12750 30185
12750 30185
12750 30185
12750 30185
12750 30185
12750 30185
12750 30185
12750 30185
12750 30185
12781 30172
12781 30172
12781 30172
12781 30172
12781 30172
12781 30172
12781 30172
12781 30172
12781 30172
12781 30172
12810 30160
12810 30160
12810 30160
12810 30160
12810 30160
12810 30160
12810 30160
12810 30160
12810 30160
12810 30160
12840 30147
12840 30147
12840 30147
12840 30147
12840 30147
12840 30147
12840 30147
12840 30147
12840 30147
12840 30147
12868 30135
12868 30135
12868 30135
12868 30135
12868 30135
12868 30135
12868 30135
12868 30135
12868 30135
12868 30135
12899 30122
12899 30122
12899 30122
12899 30122
12899 30122
12899 30122
12899 30122
12899 30122
12899 30122
12899 30122
12899 30122
12927 30111
12927 30111
12927 30111
12916 30115
12916 30115
12916 30115
12916 30115
12945 30103
12945 30103
12945 30103
12945 30103
12945 30103
12945 30103
12945 30103
12945 30103
12945 30103
12945 30103
12975 30090
12975 30090
12975 30090
12975 30090
12975 30090
12975 30090
12975 30090
12975 30090
12975 30090
12975 30090
12975 30090
13004 30077
13004 30077
13004 30077
13004 30077
13004 30077
13004 30077
13004 30077
13004 30077
13004 30077
13004 30077
13033 30065
13033 30065
13033 30065
13033 30065
13033 30065
13033 30065
13033 30065
13033 30065
13033 30065
13033 30065
13062 30052
13062 30052
13062 30052
13062 30052
13062 30052
13062 30052
13062 30052
13062 30052
13062 30052
13062 30052
13092 30039
13092 30039
13092 30039
13092 30039
13092 30039
13092 30039
13092 30039
13092 30039
13092 30039
13092 30039
13121 30026
13121 30026
13121 30026
13121 30026
13121 30026
13121 30026
13121 30026
13121 30026
13121 30026
13121 30026
13150 30013
13150 30013
13150 30013
13150 30013
13150 30013
13150 30013
13150 30013
13150 30013
13150 30013
13150 30013
13179 30000
13179 30000
13179 30000
13179 30000
13179 30000
13179 30000
13179 30000
13179 30000
13179 30000
13179 30000
13208 29987
13208 29987
13208 29987
13208 29987
13208 29987
13208 29987
13208 29987
13208 29987
13208 29987
13208 29987
13208 29987
13237 29974
13237 29974
13237 29974
13237 29974
13237 29974
13237 29974
13237 29974
13237 29974
13237 29974
13237 29974
13267 29961
13267 29961
13267 29961
13267 29961
13267 29961
13267 29961
13267 29961
13267 29961
13267 29961
13267 29961
13296 29948
13296 29948
13280 29955
13280 29955
13280 29955
13309 29943
13309 29943
13309 29943
13309 29943
13309 29943
13309 29943
13309 29943
13309 29943
13309 29943
13309 29943
13338 29930
13338 29930
13338 29930
13338 29930
13338 29930
13338 29930
13338 29930
13338 29930
13338 29930
13338 29930
13367 29917
13367 29917
13367 29917
13367 29917
13367 29917
13367 29917
13367 29917
13367 29917
13367 29917
13367 29917
13396 29904
13396 29904
13396 29904
13396 29904
13396 29904
13396 29904
13396 29904
13396 29904
13396 29904
13396 29904
13396 29904
13426 29891
13426 29891
13426 29891
13426 29891
13426 29891
13426 29891
13426 29891
13426 29891
13426 29891
13426 29891
13455 29878
13455 29878
13455 29878
13455 29878
13455 29878
13455 29878
13455 29878
13455 29878
13455 29878
13455 29878
13483 29865
13483 29865
13483 29865
13483 29865
13483 29865
13483 29865
13483 29865
13483 29865
13483 29865
13483 29865
13513 29852
13513 29852
13513 29852
13513 29852
13513 29852
13513 29852
13513 29852
13513 29852
13513 29852
13513 29852
13543 29839
13543 29839
13543 29839
13543 29839
13543 29839
13543 29839
13543 29839
13543 29839
13543 29839
13543 29839
13571 29825
13571 29825
13571 29825
13571 29825
13571 29825
13571 29825
13571 29825
13571 29825
13571 29825
13571 29825
13600 29812
13600 29812
13600 29812
13600 29812
13600 29812
13600 29812
13600 29812
13600 29812
13600 29812
13600 29812
13630 29799
13630 29799
13630 29799
13630 29799
13630 29799
13630 29799
13630 29799
13630 29799
13630 29799
13630 29799
13630 29799
13658 29787
13658 29787
13658 29787
13646 29791
13646 29791
13646 29791
13646 29791
13675 29778
13675 29778
13675 29778
13675 29778
13675 29778
13675 29778
13675 29778
13675 29778
13675 29778
13675 29778
13704 29764
13704 29764
13704 29764
13704 29764
13704 29764
13704 29764
13704 29764
13704 29764
13704 29764
13704 29764
13704 29764
13733 29751
13733 29751
13733 29751
13733 29751
13733 29751
13733 29751
13733 29751
13733 29751
13733 29751
13733 29751
13762 29738
13762 29738
13762 29738
13762 29738
13762 29738
13762 29738
13762 29738
13762 29738
13762 29738
13762 29738
13790 29725
13790 29725
13790 29725
13790 29725
13790 29725
13790 29725
13790 29725
13790 29725
13790 29725
13790 29725
13820 29711
13820 29711
13820 29711
13820 29711
13820 29711
13820 29711
13820 29711
13820 29711
13820 29711
13820 29711
13849 29697
13849 29697
13849 29697
13849 29697
13849 29697
13849 29697
13849 29697
13849 29697
13849 29697
13849 29697
13878 29683
13878 29683
13878 29683
13878 29683
13878 29683
13878 29683
13878 29683
13878 29683
13878 29683
13878 29683
13906 29670
13906 29670
13906 29670
13906 29670
13906 29670
13906 29670
13906 29670
13906 29670
13906 29670
13906 29670
13935 29656
13935 29656
13935 29656
13935 29656
13935 29656
13935 29656
13935 29656
13935 29656
13935 29656
13935 29656
13935 29656
13964 29643
13964 29643
13964 29643
13964 29643
13964 29643
13964 29643
13964 29643
13964 29643
13964 29643
13964 29643
13993 29629
13993 29629
13993 29629
13993 29629
13993 29629
13993 29629
13993 29629
13993 29629
13993 29629
13993 29629
14022 29615
14022 29615
14006 29623
14006 29623
14006 29623
14034 29609
14034 29609
14034 29609
14034 29609
14034 29609
14034 29609
14034 29609
14034 29609
14034 29609
14034 29609
14063 29596
14063 29596
14063 29596
14063 29596
14063 29596
14063 29596
14063 29596
14063 29596
14063 29596
14063 29596
14092 29582
14092 29582
14092 29582
14092 29582
14092 29582
14092 29582
14092 29582
14092 29582
14092 29582
14092 29582
14121 29568
14121 29568
14121 29568
14121 29568
14121 29568
14121 29568
14121 29568
14121 29568
14121 29568
14121 29568
14121 29568
14150 29555
14150 29555
14150 29555
14150 29555
14150 29555
14150 29555
14150 29555
14150 29555
14150 29555
14150 29555
14179 29541
14179 29541
14179 29541
14179 29541
14179 29541
14179 29541
14179 29541
14179 29541
14179 29541
14179 29541
14207 29528
14207 29528
14207 29528
14207 29528
14207 29528
14207 29528
14207 29528
14207 29528
14207 29528
14207 29528
14237 29513
14237 29513
14237 29513
14237 29513
14237 29513
14237 29513
14237 29513
14237 29513
14237 29513
14237 29513
14266 29500
14266 29500
14266 29500
14266 29500
14266 29500
14266 29500
14266 29500
14266 29500
14266 29500
14266 29500
14294 29485
14294 29485
14294 29485
14294 29485
14294 29485
14294 29485
14294 29485
14294 29485
14294 29485
14294 29485
14322 29472
14322 29472
14322 29472
14322 29472
14322 29472
14322 29472
14322 29472
14322 29472
14322 29472
14322 29472
14352 29458
14352 29458
14352 29458
14352 29458
14352 29458
14352 29458
14352 29458
14352 29458
14352 29458
14352 29458
14352 29458
14380 29445
14380 29445
14380 29445
14366 29450
14366 29450
14366 29450
14366 29450
14395 29436
14395 29436
14395 29436
14395 29436
14395 29436
14395 29436
14395 29436
14395 29436
14395 29436
14395 29436
14424 29422
14424 29422
14424 29422
14424 29422
14424 29422
14424 29422
14424 29422
14424 29422
14424 29422
14424 29422
14424 29422
14452 29408
14452 29408
14452 29408
14452 29408
14452 29408
14452 29408
14452 29408
14452 29408
14452 29408
14452 29408
14481 29394
14481 29394
14481 29394
14481 29394
14481 29394
14481 29394
14481 29394
14481 29394
14481 29394
14481 29394
14509 29380
14509 29380
14509 29380
14509 29380
14509 29380
14509 29380
14509 29380
14509 29380
14509 29380
14509 29380
14538 29365
14538 29365
14538 29365
14538 29365
14538 29365
14538 29365
14538 29365
14538 29365
14538 29365
14538 29365
14567 29351
14567 29351
14567 29351
14567 29351
14567 29351
14567 29351
14567 29351
14567 29351
14567 29351
14567 29351
14596 29337
14596 29337
14596 29337
14596 29337
14596 29337
14596 29337
14596 29337
14596 29337
14596 29337
14596 29337
14623 29323
14623 29323
14623 29323
14623 29323
14623 29323
14623 29323
14623 29323
14623 29323
14623 29323
14623 29323
14652 29308
14652 29308
14652 29308
14652 29308
14652 29308
14652 29308
14652 29308
14652 29308
14652 29308
14652 29308
14652 29308
14680 29294
14680 29294
14680 29294
14680 29294
14680 29294
14680 29294
14680 29294
14680 29294
14680 29294
14680 29294
14709 29279
14709 29279
14709 29279
14709 29279
14709 29279
14709 29279
14709 29279
14709 29279
14709 29279
14709 29279
14738 29265
14738 29265
14722 29273
14722 29273
14722 29273
14750 29259
14750 29259
14750 29259
14750 29259
14750 29259
14750 29259
14750 29259
14750 29259
14750 29259
14750 29259
14779 29244
14779 29244
14779 29244
14779 29244
14779 29244
14779 29244
14779 29244
14779 29244
14779 29244
14779 29244
14807 29230
14807 29230
14807 29230
14807 29230
14807 29230
14807 29230
14807 29230
14807 29230
14807 29230
14807 29230
14836 29216
14836 29216
14836 29216
14836 29216
14836 29216
14836 29216
14836 29216
14836 29216
14836 29216
14836 29216
14836 29216
14864 29201
14864 29201
14864 29201
14864 29201
14864 29201
14864 29201
14864 29201
14864 29201
14864 29201
14864 29201
14893 29187
14893 29187
14893 29187
14893 29187
14893 29187
14893 29187
14893 29187
14893 29187
14893 29187
14893 29187
14921 29173
14921 29173
14921 29173
14921 29173
14921 29173
14921 29173
14921 29173
14921 29173
14921 29173
14921 29173
14950 29158
14950 29158
14950 29158
14950 29158
14950 29158
14950 29158
14950 29158
14950 29158
14950 29158
14950 29158
14979 29144
14979 29144
14979 29144
14979 29144
14979 29144
14979 29144
14979 29144
14979 29144
14979 29144
14979 29144
15007 29128
15007 29128
15007 29128
15007 29128
15007 29128
15007 29128
15007 29128
15007 29128
15007 29128
15007 29128
15035 29114
15035 29114
15035 29114
15035 29114
15035 29114
15035 29114
15035 29114
15035 29114
15035 29114
15035 29114
15064 29100
15064 29100
15064 29100
15064 29100
15064 29100
15064 29100
15064 29100
15064 29100
15064 29100
15064 29100
15064 29100
15092 29086
15092 29086
15092 29086
15080 29092
15080 29092
15080 29092
15080 29092
15109 29077
15109 29077
15109 29077
15109 29077
15109 29077
15109 29077
15109 29077
15109 29077
15109 29077
15109 29077
15137 29062
15137 29062
15137 29062
15137 29062
15137 29062
15137 29062
15137 29062
15137 29062
15137 29062
15137 29062
15137 29062
15166 29047
15166 29047
15166 29047
15166 29047
15166 29047
15166 29047
15166 29047
15166 29047
15166 29047
15166 29047
15194 29033
15194 29033
15194 29033
15194 29033
15194 29033
15194 29033
15194 29033
15194 29033
15194 29033
15194 29033
15222 29019
15222 29019
15222 29019
15222 29019
15222 29019
15222 29019
15222 29019
15222 29019
15222 29019
15222 29019
15251 29003
15251 29003
15251 29003
15251 29003
15251 29003
15251 29003
15251 29003
15251 29003
15251 29003
15251 29003
15279 28988
15279 28988
15279 28988
15279 28988
15279 28988
15279 28988
15279 28988
15279 28988
15279 28988
15279 28988
15307 28973
15307 28973
15307 28973
15307 28973
15307 28973
15307 28973
15307 28973
15307 28973
15307 28973
15307 28973
15335 28958
15335 28958
15335 28958
15335 28958
15335 28958
15335 28958
15335 28958
15335 28958
15335 28958
15335 28958
15363 28943
15363 28943
15363 28943
15363 28943
15363 28943
15363 28943
15363 28943
15363 28943
15363 28943
15363 28943
15363 28943
15391 28928
15391 28928
15391 28928
15391 28928
15391 28928
15391 28928
15391 28928
15391 28928
15391 28928
15391 28928
15419 28913
15419 28913
15419 28913
15419 28913
15419 28913
15419 28913
15419 28913
15419 28913
15419 28913
15419 28913
15447 28898
15447 28898
15432 28906
15432 28906
15432 28906
15460 28891
15460 28891
15460 28891
15460 28891
15460 28891
15460 28891
15460 28891
15460 28891
15460 28891
15460 28891
15488 28876
15488 28876
15488 28876
15488 28876
15488 28876
15488 28876
15488 28876
15488 28876
15488 28876
15488 28876
15516 28861
15516 28861
15516 28861
15516 28861
15516 28861
15516 28861
15516 28861
15516 28861
15516 28861
15516 28861
15544 28846
15544 28846
15544 28846
15544 28846
15544 28846
15544 28846
15544 28846
15544 28846
15544 28846
15544 28846
15544 28846
15573 28831
15573 28831
15573 28831
15573 28831
15573 28831
15573 28831
15573 28831
15573 28831
15573 28831
15573 28831
15601 28816
15601 28816
15601 28816
15601 28816
15601 28816
15601 28816
15601 28816
15601 28816
15601 28816
15601 28816
15628 28801
15628 28801
15628 28801
15628 28801
15628 28801
15628 28801
15628 28801
15628 28801
15628 28801
15628 28801
15657 28786
15657 28786
15657 28786
15657 28786
15657 28786
15657 28786
15657 28786
15657 28786
15657 28786
15657 28786
15686 28771
15686 28771
15686 28771
15686 28771
15686 28771
15686 28771
15686 28771
15686 28771
15686 28771
15686 28771
15713 28755
15713 28755
15713 28755
15713 28755
15713 28755
15713 28755
15713 28755
15713 28755
15713 28755
15713 28755
15741 28740
15741 28740
15741 28740
15741 28740
15741 28740
15741 28740
15741 28740
15741 28740
15741 28740
15741 28740
15770 28725
15770 28725
15770 28725
15770 28725
15770 28725
15770 28725
15770 28725
15770 28725
15770 28725
15770 28725
15770 28725
15797 28710
15797 28710
15797 28710
15786 28714
15786 28714
15786 28714
15786 28714
15815 28699
15815 28699
15815 28699
15815 28699
15815 28699
15815 28699
15815 28699
15815 28699
15815 28699
15815 28699
15842 28684
15842 28684
15842 28684
15842 28684
15842 28684
15842 28684
15842 28684
15842 28684
15842 28684
15842 28684
15842 28684
15870 28668
15870 28668
15870 28668
15870 28668
15870 28668
15870 28668
15870 28668
15870 28668
15870 28668
15870 28668
15899 28653
15899 28653
15899 28653
15899 28653
15899 28653
15899 28653
15899 28653
15899 28653
15899 28653
15899 28653
15926 28638
15926 28638
15926 28638
15926 28638
15926 28638
15926 28638
15926 28638
15926 28638
15926 28638
15926 28638
15954 28622
15954 28622
15954 28622
15954 28622
15954 28622
15954 28622
15954 28622
15954 28622
15954 28622
15954 28622
15982 28606
15982 28606
15982 28606
15982 28606
15982 28606
15982 28606
15982 28606
15982 28606
15982 28606
15982 28606
16010 28590
16010 28590
16010 28590
16010 28590
16010 28590
16010 28590
16010 28590
16010 28590
16010 28590
16010 28590
16037 28575
16037 28575
16037 28575
16037 28575
16037 28575
16037 28575
16037 28575
16037 28575
16037 28575
16037 28575
16065 28559
16065 28559
16065 28559
16065 28559
16065 28559
16065 28559
16065 28559
16065 28559
16065 28559
16065 28559
16065 28559
16093 28543
16093 28543
16093 28543
16093 28543
16093 28543
16093 28543
16093 28543
16093 28543
16093 28543
16093 28543
16120 28527
16120 28527
16120 28527
16120 28527
16120 28527
16120 28527
16120 28527
16120 28527
16120 28527
16120 28527
16148 28512
16148 28512
16134 28520
16134 28520
16134 28520
16161 28505
16161 28505
16161 28505
16161 28505
16161 28505
16161 28505
16161 28505
16161 28505
16161 28505
16161 28505
16188 28489
16188 28489
16188 28489
16188 28489
16188 28489
16188 28489
16188 28489
16188 28489
16188 28489
16188 28489
16216 28473
16216 28473
16216 28473
16216 28473
16216 28473
16216 28473
16216 28473
16216 28473
16216 28473
16216 28473
16244 28458
16244 28458
16244 28458
16244 28458
16244 28458
16244 28458
16244 28458
16244 28458
16244 28458
16244 28458
16244 28458
16272 28442
16272 28442
16272 28442
16272 28442
16272 28442
16272 28442
16272 28442
16272 28442
16272 28442
16272 28442
16300 28426
16300 28426
16300 28426
16300 28426
16300 28426
16300 28426
16300 28426
16300 28426
16300 28426
16300 28426
16327 28411
16327 28411
16327 28411
16327 28411
16327 28411
16327 28411
16327 28411
16327 28411
16327 28411
16327 28411
16355 28394
16355 28394
16355 28394
16355 28394
16355 28394
16355 28394
16355 28394
16355 28394
16355 28394
16355 28394
16383 28379
16383 28379
16383 28379
16383 28379
16383 28379
16383 28379
16383 28379
16383 28379
16383 28379
16383 28379
16411 28362
16411 28362
16411 28362
16411 28362
16411 28362
16411 28362
16411 28362
16411 28362
16411 28362
16411 28362
16438 28347
16438 28347
16438 28347
16438 28347
16438 28347
16438 28347
16438 28347
16438 28347
16438 28347
16438 28347
16466 28331
16466 28331
16466 28331
16466 28331
16466 28331
16466 28331
16466 28331
16466 28331
16466 28331
16466 28331
16466 28331
16493 28315
16493 28315
16493 28315
16509 28304
16509 28304
16509 28304
16509 28304
16537 28289
16537 28289
16537 28289
16537 28289
16537 28289
16537 28289
16537 28289
16537 28289
16537 28289
16537 28289
16565 28272
16565 28272
16565 28272
16565 28272
16565 28272
16565 28272
16565 28272
16565 28272
16565 28272
16565 28272
16565 28272
16592 28256
16592 28256
16592 28256
16592 28256
16592 28256
16592 28256
16592 28256
16592 28256
16592 28256
16592 28256
16620 28240
16620 28240
16620 28240
16620 28240
16620 28240
16620 28240
16620 28240
16620 28240
16620 28240
16620 28240
16647 28224
16647 28224
16647 28224
16647 28224
16647 28224
16647 28224
16647 28224
16647 28224
16647 28224
16647 28224
16675 28207
16675 28207
16675 28207
16675 28207
16675 28207
16675 28207
16675 28207
16675 28207
16675 28207
16675 28207
16702 28191
16702 28191
16702 28191
16702 28191
16702 28191
16702 28191
16702 28191
16702 28191
16702 28191
16702 28191
16730 28174
16730 28174
16730 28174
16730 28174
16730 28174
16730 28174
16730 28174
16730 28174
16730 28174
16730 28174
16756 28158
16756 28158
16756 28158
16756 28158
16756 28158
16756 28158
16756 28158
16756 28158
16756 28158
16756 28158
16784 28142
16784 28142
16784 28142
16784 28142
16784 28142
16784 28142
16784 28142
16784 28142
16784 28142
16784 28142
16784 28142
16811 28125
16811 28125
16811 28125
16811 28125
16811 28125
16811 28125
16811 28125
16811 28125
16811 28125
16811 28125
16839 28109
16839 28109
16839 28109
16839 28109
16839 28109
16839 28109
16839 28109
16839 28109
16839 28109
16839 28109
16866 28093
16866 28093
16852 28101
16852 28101
16852 28101
16878 28085
16878 28085
16878 28085
16878 28085
16878 28085
16878 28085
16878 28085
16878 28085
16878 28085
16878 28085
16906 28069
16906 28069
16906 28069
16906 28069
16906 28069
16906 28069
16906 28069
16906 28069
16906 28069
16906 28069
16933 28052
16933 28052
16933 28052
16933 28052
16933 28052
16933 28052
16933 28052
16933 28052
16933 28052
16933 28052
16961 28036
16961 28036
16961 28036
16961 28036
16961 28036
16961 28036
16961 28036
16961 28036
16961 28036
16961 28036
16961 28036
16988 28019
16988 28019
16988 28019
16988 28019
16988 28019
16988 28019
16988 28019
16988 28019
16988 28019
16988 28019
17015 28003
17015 28003
17015 28003
17015 28003
17015 28003
17015 28003
17015 28003
17015 28003
17015 28003
17015 28003
17042 27987
17042 27987
17042 27987
17042 27987
17042 27987
17042 27987
17042 27987
17042 27987
17042 27987
17042 27987
17070 27970
17070 27970
17070 27970
17070 27970
17070 27970
17070 27970
17070 27970
17070 27970
17070 27970
17070 27970
17098 27954
17098 27954
17098 27954
17098 27954
17098 27954
17098 27954
17098 27954
17098 27954
17098 27954
17098 27954
17125 27936
17125 27936
17125 27936
17125 27936
17125 27936
17125 27936
17125 27936
17125 27936
17125 27936
17125 27936
17151 27920
17151 27920
17151 27920
17151 27920
17151 27920
17151 27920
17151 27920
17151 27920
17151 27920
17151 27920
17180 27903
17180 27903
17180 27903
17180 27903
17180 27903
17180 27903
17180 27903
17180 27903
17180 27903
17180 27903
17180 27903
17206 27887
17206 27887
17206 27887
17194 27894
17194 27894
17194 27894
17194 27894
17222 27877
17222 27877
17222 27877
17222 27877
17222 27877
17222 27877
17222 27877
17222 27877
17222 27877
17222 27877
17249 27860
17249 27860
17249 27860
17249 27860
17249 27860
17249 27860
17249 27860
17249 27860
17249 27860
17249 27860
17249 27860
17276 27843
17276 27843
17276 27843
17276 27843
17276 27843
17276 27843
17276 27843
17276 27843
17276 27843
17276 27843
17304 27827
17304 27827
17304 27827
17304 27827
17304 27827
17304 27827
17304 27827
17304 27827
17304 27827
17304 27827
17330 27810
17330 27810
17330 27810
17330 27810
17330 27810
17330 27810
17330 27810
17330 27810
17330 27810
17330 27810
17358 27793
17358 27793
17358 27793
17358 27793
17358 27793
17358 27793
17358 27793
17358 27793
17358 27793
17358 27793
17385 27776
17385 27776
17385 27776
17385 27776
17385 27776
17385 27776
17385 27776
17385 27776
17385 27776
17385 27776
17412 27758
17412 27758
17412 27758
17412 27758
17412 27758
17412 27758
17412 27758
17412 27758
17412 27758
17412 27758
17438 27742
17438 27742
17438 27742
17438 27742
17438 27742
17438 27742
17438 27742
17438 27742
17438 27742
17438 27742
17465 27725
17465 27725
17465 27725
17465 27725
17465 27725
17465 27725
17465 27725
17465 27725
17465 27725
17465 27725
17465 27725
17492 27708
17492 27708
17492 27708
17492 27708
17492 27708
17492 27708
17492 27708
17492 27708
17492 27708
17492 27708
17519 27690
17519 27690
17519 27690
17519 27690
17519 27690
17519 27690
17519 27690
17519 27690
17519 27690
17519 27690
17546 27673
17546 27673
17532 27682
17532 27682
17532 27682
17558 27666
17558 27666
17558 27666
17558 27666
17558 27666
17558 27666
17558 27666
17558 27666
17558 27666
17558 27666
17585 27649
17585 27649
17585 27649
17585 27649
17585 27649
17585 27649
17585 27649
17585 27649
17585 27649
17585 27649
17612 27632
17612 27632
17612 27632
17612 27632
17612 27632
17612 27632
17612 27632
17612 27632
17612 27632
17612 27632
17639 27614
17639 27614
17639 27614
17639 27614
17639 27614
17639 27614
17639 27614
17639 27614
17639 27614
17639 27614
17639 27614
17666 27597
17666 27597
17666 27597
17666 27597
17666 27597
17666 27597
17666 27597
17666 27597
17666 27597
17666 27597
17693 27580
17693 27580
17693 27580
17693 27580
17693 27580
17693 27580
17693 27580
17693 27580
17693 27580
17693 27580
17719 27564
17719 27564
17719 27564
17719 27564
17719 27564
17719 27564
17719 27564
17719 27564
17719 27564
17719 27564
17747 27546
17747 27546
17747 27546
17747 27546
17747 27546
17747 27546
17747 27546
17747 27546
17747 27546
17747 27546
17774 27529
17774 27529
17774 27529
17774 27529
17774 27529
17774 27529
17774 27529
17774 27529
17774 27529
17774 27529
17801 27511
17801 27511
17801 27511
17801 27511
17801 27511
17801 27511
17801 27511
17801 27511
17801 27511
17801 27511
17827 27494
17827 27494
17827 27494
17827 27494
17827 27494
17827 27494
17827 27494
17827 27494
17827 27494
17827 27494
17855 27477
17855 27477
17855 27477
17855 27477
17855 27477
17855 27477
17855 27477
17855 27477
17855 27477
17855 27477
17855 27477
17881 27460
17881 27460
17881 27460
17868 27468
17868 27468
17868 27468
17868 27468
17895 27451
17895 27451
17895 27451
17895 27451
17895 27451
17895 27451
17895 27451
17895 27451
17895 27451
17895 27451
17922 27433
17922 27433
17922 27433
17922 27433
17922 27433
17922 27433
17922 27433
17922 27433
17922 27433
17922 27433
17922 27433
17948 27416
17948 27416
17948 27416
17948 27416
17948 27416
17948 27416
17948 27416
17948 27416
17948 27416
17948 27416
17975 27399
17975 27399
17975 27399
17975 27399
17975 27399
17975 27399
17975 27399
17975 27399
17975 27399
17975 27399
18001 27381
18001 27381
18001 27381
18001 27381
18001 27381
18001 27381
18001 27381
18001 27381
18001 27381
18001 27381
18029 27363
18029 27363
18029 27363
18029 27363
18029 27363
18029 27363
18029 27363
18029 27363
18029 27363
18029 27363
18055 27345
18055 27345
18055 27345
18055 27345
18055 27345
18055 27345
18055 27345
18055 27345
18055 27345
18055 27345
18082 27328
18082 27328
18082 27328
18082 27328
18082 27328
18082 27328
18082 27328
18082 27328
18082 27328
18082 27328
18108 27310
18108 27310
18108 27310
18108 27310
18108 27310
18108 27310
18108 27310
18108 27310
18108 27310
18108 27310
18134 27293
18134 27293
18134 27293
18134 27293
18134 27293
18134 27293
18134 27293
18134 27293
18134 27293
18134 27293
18134 27293
18161 27275
18161 27275
18161 27275
18161 27275
18161 27275
18161 27275
18161 27275
18161 27275
18161 27275
18161 27275
18187 27257
18187 27257
18187 27257
18187 27257
18187 27257
18187 27257
18187 27257
18187 27257
18187 27257
18187 27257
18214 27239
18214 27239
18200 27249
18200 27249
18200 27249
18226 27231
18226 27231
18226 27231
18226 27231
18226 27231
18226 27231
18226 27231
18226 27231
18226 27231
18226 27231
18252 27214
18252 27214
18252 27214
18252 27214
18252 27214
18252 27214
18252 27214
18252 27214
18252 27214
18252 27214
18279 27196
18279 27196
18279 27196
18279 27196
18279 27196
18279 27196
18279 27196
18279 27196
18279 27196
18279 27196
18305 27178
18305 27178
18305 27178
18305 27178
18305 27178
18305 27178
18305 27178
18305 27178
18305 27178
18305 27178
18305 27178
18332 27160
18332 27160
18332 27160
18332 27160
18332 27160
18332 27160
18332 27160
18332 27160
18332 27160
18332 27160
18359 27142
18359 27142
18359 27142
18359 27142
18359 27142
18359 27142
18359 27142
18359 27142
18359 27142
18359 27142
18384 27125
18384 27125
18384 27125
18384 27125
18384 27125
18384 27125
18384 27125
18384 27125
18384 27125
18384 27125
18412 27107
18412 27107
18412 27107
18412 27107
18412 27107
18412 27107
18412 27107
18412 27107
18412 27107
18412 27107
18438 27089
18438 27089
18438 27089
18438 27089
18438 27089
18438 27089
18438 27089
18438 27089
18438 27089
18438 27089
18464 27071
18464 27071
18464 27071
18464 27071
18464 27071
18464 27071
18464 27071
18464 27071
18464 27071
18464 27071
18490 27053
18490 27053
18490 27053
18490 27053
18490 27053
18490 27053
18490 27053
18490 27053
18490 27053
18490 27053
18518 27035
18518 27035
18518 27035
18518 27035
18518 27035
18518 27035
18518 27035
18518 27035
18518 27035
18518 27035
18518 27035
18543 27018
18543 27018
18543 27018
18533 27022
18533 27022
18533 27022
18533 27022
18560 27005
18560 27005
18560 27005
18560 27005
18560 27005
18560 27005
18560 27005
18560 27005
18560 27005
18560 27005
18586 26986
18586 26986
18586 26986
18586 26986
18586 26986
18586 26986
18586 26986
18586 26986
18586 26986
18586 26986
18586 26986
18612 26968
18612 26968
18612 26968
18612 26968
18612 26968
18612 26968
18612 26968
18612 26968
18612 26968
18612 26968
18639 26950
18639 26950
18639 26950
18639 26950
18639 26950
18639 26950
18639 26950
18639 26950
18639 26950
18639 26950
18664 26932
18664 26932
18664 26932
18664 26932
18664 26932
18664 26932
18664 26932
18664 26932
18664 26932
18664 26932
18691 26913
18691 26913
18691 26913
18691 26913
18691 26913
18691 26913
18691 26913
18691 26913
18691 26913
18691 26913
18718 26895
18718 26895
18718 26895
18718 26895
18718 26895
18718 26895
18718 26895
18718 26895
18718 26895
18718 26895
18744 26877
18744 26877
18744 26877
18744 26877
18744 26877
18744 26877
18744 26877
18744 26877
18744 26877
18744 26877
18769 26859
18769 26859
18769 26859
18769 26859
18769 26859
18769 26859
18769 26859
18769 26859
18769 26859
18769 26859
18795 26840
18795 26840
18795 26840
18795 26840
18795 26840
18795 26840
18795 26840
18795 26840
18795 26840
18795 26840
18795 26840
18821 26822
18821 26822
18821 26822
18821 26822
18821 26822
18821 26822
18821 26822
18821 26822
18821 26822
18821 26822
18848 26803
18848 26803
18848 26803
18848 26803
18848 26803
18848 26803
18848 26803
18848 26803
18848 26803
18848 26803
18874 26785
18874 26785
18860 26795
18860 26795
18860 26795
18885 26777
18885 26777
18885 26777
18885 26777
18885 26777
18885 26777
18885 26777
18885 26777
18885 26777
18885 26777
18911 26759
18911 26759
18911 26759
18911 26759
18911 26759
18911 26759
18911 26759
18911 26759
18911 26759
18911 26759
18938 26740
18938 26740
18938 26740
18938 26740
18938 26740
18938 26740
18938 26740
18938 26740
18938 26740
18938 26740
18964 26722
18964 26722
18964 26722
18964 26722
18964 26722
18964 26722
18964 26722
18964 26722
18964 26722
18964 26722
18964 26722
18990 26703
18990 26703
18990 26703
18990 26703
18990 26703
18990 26703
18990 26703
18990 26703
18990 26703
18990 26703
19016 26685
19016 26685
19016 26685
19016 26685
19016 26685
19016 26685
19016 26685
19016 26685
19016 26685
19016 26685
19041 26667
19041 26667
19041 26667
19041 26667
19041 26667
19041 26667
19041 26667
19041 26667
19041 26667
19041 26667
19068 26648
19068 26648
19068 26648
19068 26648
19068 26648
19068 26648
19068 26648
19068 26648
19068 26648
19068 26648
19095 26630
19095 26630
19095 26630
19095 26630
19095 26630
19095 26630
19095 26630
19095 26630
19095 26630
19095 26630
19120 26610
19120 26610
19120 26610
19120 26610
19120 26610
19120 26610
19120 26610
19120 26610
19120 26610
19120 26610
19145 26592
19145 26592
19145 26592
19145 26592
19145 26592
19145 26592
19145 26592
19145 26592
19145 26592
19145 26592
19172 26573
19172 26573
19172 26573
19172 26573
19172 26573
19172 26573
19172 26573
19172 26573
19172 26573
19172 26573
19172 26573
19198 26556
19198 26556
19198 26556
19187 26562
19187 26562
19187 26562
19187 26562
19213 26544
19213 26544
19213 26544
19213 26544
19213 26544
19213 26544
19213 26544
19213 26544
19213 26544
19213 26544
19239 26525
19239 26525
19239 26525
19239 26525
19239 26525
19239 26525
19239 26525
19239 26525
19239 26525
19239 26525
19239 26525
19265 26506
19265 26506
19265 26506
19265 26506
19265 26506
19265 26506
19265 26506
19265 26506
19265 26506
19265 26506
19291 26488
19291 26488
19291 26488
19291 26488
19291 26488
19291 26488
19291 26488
19291 26488
19291 26488
19291 26488
19316 26469
19316 26469
19316 26469
19316 26469
19316 26469
19316 26469
19316 26469
19316 26469
19316 26469
19316 26469
19342 26450
19342 26450
19342 26450
19342 26450
19342 26450
19342 26450
19342 26450
19342 26450
19342 26450
19342 26450
19368 26431
19368 26431
19368 26431
19368 26431
19368 26431
19368 26431
19368 26431
19368 26431
19368 26431
19368 26431
19394 26412
19394 26412
19394 26412
19394 26412
19394 26412
19394 26412
19394 26412
19394 26412
19394 26412
19394 26412
19419 26393
19419 26393
19419 26393
19419 26393
19419 26393
19419 26393
19419 26393
19419 26393
19419 26393
19419 26393
19445 26374
19445 26374
19445 26374
19445 26374
19445 26374
19445 26374
19445 26374
19445 26374
19445 26374
19445 26374
19445 26374
19470 26355
19470 26355
19470 26355
19470 26355
19470 26355
19470 26355
19470 26355
19470 26355
19470 26355
19470 26355
19496 26336
19496 26336
19496 26336
19496 26336
19496 26336
19496 26336
19496 26336
19496 26336
19496 26336
19496 26336
19522 26317
19522 26317
19508 26327
19508 26327
19508 26327
19533 26308
19533 26308
19533 26308
19533 26308
19533 26308
19533 26308
19533 26308
19533 26308
19533 26308
19533 26308
19559 26289
19559 26289
19559 26289
19559 26289
19559 26289
19559 26289
19559 26289
19559 26289
19559 26289
19559 26289
19584 26270
19584 26270
19584 26270
19584 26270
19584 26270
19584 26270
19584 26270
19584 26270
19584 26270
19584 26270
19610 26251
19610 26251
19610 26251
19610 26251
19610 26251
19610 26251
19610 26251
19610 26251
19610 26251
19610 26251
19610 26251
19636 26232
19636 26232
19636 26232
19636 26232
19636 26232
19636 26232
19636 26232
19636 26232
19636 26232
19636 26232
19661 26213
19661 26213
19661 26213
19661 26213
19661 26213
19661 26213
19661 26213
19661 26213
19661 26213
19661 26213
19686 26195
19686 26195
19686 26195
19686 26195
19686 26195
19686 26195
19686 26195
19686 26195
19686 26195
19686 26195
19713 26175
19713 26175
19713 26175
19713 26175
19713 26175
19713 26175
19713 26175
19713 26175
19713 26175
19713 26175
19739 26156
19739 26156
19739 26156
19739 26156
19739 26156
19739 26156
19739 26156
19739 26156
19739 26156
19739 26156
19764 26136
19764 26136
19764 26136
19764 26136
19764 26136
19764 26136
19764 26136
19764 26136
19764 26136
19764 26136
19789 26118
19789 26118
19789 26118
19789 26118
19789 26118
19789 26118
19789 26118
19789 26118
19789 26118
19789 26118
19815 26098
19815 26098
19815 26098
19815 26098
19815 26098
19815 26098
19815 26098
19815 26098
19815 26098
19815 26098
19815 26098
19840 26080
19840 26080
19840 26080
19829 26086
19829 26086
19829 26086
19829 26086
19855 26067
19855 26067
19855 26067
19855 26067
19855 26067
19855 26067
19855 26067
19855 26067
19855 26067
19855 26067
19880 26048
19880 26048
19880 26048
19880 26048
19880 26048
19880 26048
19880 26048
19880 26048
19880 26048
19880 26048
19880 26048
19905 26028
19905 26028
19905 26028
19905 26028
19905 26028
19905 26028
19905 26028
19905 26028
19905 26028
19905 26028
19931 26009
19931 26009
19931 26009
19931 26009
19931 26009
19931 26009
19931 26009
19931 26009
19931 26009
19931 26009
19956 25990
19956 25990
19956 25990
19956 25990
19956 25990
19956 25990
19956 25990
19956 25990
19956 25990
19956 25990
19982 25970
19982 25970
19982 25970
19982 25970
19982 25970
19982 25970
19982 25970
19982 25970
19982 25970
19982 25970
20007 25950
20007 25950
20007 25950
20007 25950
20007 25950
20007 25950
20007 25950
20007 25950
20007 25950
20007 25950
20032 25930
20032 25930
20032 25930
20032 25930
20032 25930
20032 25930
20032 25930
20032 25930
20032 25930
20032 25930
20057 25911
20057 25911
20057 25911
20057 25911
20057 25911
20057 25911
20057 25911
20057 25911
20057 25911
20057 25911
20082 25892
20082 25892
20082 25892
20082 25892
20082 25892
20082 25892
20082 25892
20082 25892
20082 25892
20082 25892
20082 25892
20107 25872
20107 25872
20107 25872
20107 25872
20107 25872
20107 25872
20107 25872
20107 25872
20107 25872
20107 25872
20132 25852
20132 25852
20132 25852
20132 25852
20132 25852
20132 25852
20132 25852
20132 25852
20132 25852
20132 25852
20157 25833
20157 25833
20144 25843
20144 25843
20144 25843
20169 25824
20169 25824
20169 25824
20169 25824
20169 25824
20169 25824
20169 25824
20169 25824
20169 25824
20169 25824
20194 25804
20194 25804
20194 25804
20194 25804
20194 25804
20194 25804
20194 25804
20194 25804
20194 25804
20194 25804
20219 25785
20219 25785
20219 25785
20219 25785
20219 25785
20219 25785
20219 25785
20219 25785
20219 25785
20219 25785
20244 25765
20244 25765
20244 25765
20244 25765
20244 25765
20244 25765
20244 25765
20244 25765
20244 25765
20244 25765
20244 25765
20269 25745
20269 25745
20269 25745
20269 25745
20269 25745
20269 25745
20269 25745
20269 25745
20269 25745
20269 25745
20295 25726
20295 25726
20295 25726
20295 25726
20295 25726
20295 25726
20295 25726
20295 25726
20295 25726
20295 25726
20319 25707
20319 25707
20319 25707
20319 25707
20319 25707
20319 25707
20319 25707
20319 25707
20319 25707
20319 25707
20345 25686
20345 25686
20345 25686
20345 25686
20345 25686
20345 25686
20345 25686
20345 25686
20345 25686
20345 25686
20370 25667
20370 25667
20370 25667
20370 25667
20370 25667
20370 25667
20370 25667
20370 25667
20370 25667
20370 25667
20395 25646
20395 25646
20395 25646
20395 25646
20395 25646
20395 25646
20395 25646
20395 25646
20395 25646
20395 25646
20419 25627
20419 25627
20419 25627
20419 25627
20419 25627
20419 25627
20419 25627
20419 25627
20419 25627
20419 25627
20445 25607
20445 25607
20445 25607
20445 25607
20445 25607
20445 25607
20445 25607
20445 25607
20445 25607
20445 25607
20445 25607
20470 25588
20470 25588
20470 25588
20484 25575
20484 25575
20484 25575
20484 25575
20510 25556
20510 25556
20510 25556
20510 25556
20510 25556
20510 25556
20510 25556
20510 25556
20510 25556
20510 25556
20534 25536
20534 25536
20534 25536
20534 25536
20534 25536
20534 25536
20534 25536
20534 25536
20534 25536
20534 25536
20534 25536
20559 25515
20559 25515
20559 25515
20559 25515
20559 25515
20559 25515
20559 25515
20559 25515
20559 25515
20559 25515
20585 25496
20585 25496
20585 25496
20585 25496
20585 25496
20585 25496
20585 25496
20585 25496
20585 25496
20585 25496
20609 25476
20609 25476
20609 25476
20609 25476
20609 25476
20609 25476
20609 25476
20609 25476
20609 25476
20609 25476
20634 25455
20634 25455
20634 25455
20634 25455
20634 25455
20634 25455
20634 25455
20634 25455
20634 25455
20634 25455
20659 25435
20659 25435
20659 25435
20659 25435
20659 25435
20659 25435
20659 25435
20659 25435
20659 25435
20659 25435
20683 25414
20683 25414
20683 25414
20683 25414
20683 25414
20683 25414
20683 25414
20683 25414
20683 25414
20683 25414
20707 25395
20707 25395
20707 25395
20707 25395
20707 25395
20707 25395
20707 25395
20707 25395
20707 25395
20707 25395
20732 25374
20732 25374
20732 25374
20732 25374
20732 25374
20732 25374
20732 25374
20732 25374
20732 25374
20732 25374
20732 25374
20757 25354
20757 25354
20757 25354
20757 25354
20757 25354
20757 25354
20757 25354
20757 25354
20757 25354
20757 25354
20782 25334
20782 25334
20782 25334
20782 25334
20782 25334
20782 25334
20782 25334
20782 25334
20782 25334
20782 25334
20806 25314
20806 25314
20793 25324
20793 25324
20793 25324
20817 25305
20817 25305
20817 25305
20817 25305
20817 25305
20817 25305
20817 25305
20817 25305
20817 25305
20817 25305
20842 25284
20842 25284
20842 25284
20842 25284
20842 25284
20842 25284
20842 25284
20842 25284
20842 25284
20842 25284
20867 25264
20867 25264
20867 25264
20867 25264
20867 25264
20867 25264
20867 25264
20867 25264
20867 25264
20867 25264
20891 25244
20891 25244
20891 25244
20891 25244
20891 25244
20891 25244
20891 25244
20891 25244
20891 25244
20891 25244
20891 25244
20916 25223
20916 25223
20916 25223
20916 25223
20916 25223
20916 25223
20916 25223
20916 25223
20916 25223
20916 25223
20941 25203
20941 25203
20941 25203
20941 25203
20941 25203
20941 25203
20941 25203
20941 25203
20941 25203
20941 25203
20965 25183
20965 25183
20965 25183
20965 25183
20965 25183
20965 25183
20965 25183
20965 25183
20965 25183
20965 25183
20990 25162
20990 25162
20990 25162
20990 25162
20990 25162
20990 25162
20990 25162
20990 25162
20990 25162
20990 25162
21015 25142
21015 25142
21015 25142
21015 25142
21015 25142
21015 25142
21015 25142
21015 25142
21015 25142
21015 25142
21039 25121
21039 25121
21039 25121
21039 25121
21039 25121
21039 25121
21039 25121
21039 25121
21039 25121
21039 25121
21063 25101
21063 25101
21063 25101
21063 25101
21063 25101
21063 25101
21063 25101
21063 25101
21063 25101
21063 25101
21088 25080
21088 25080
21088 25080
21088 25080
21088 25080
21088 25080
21088 25080
21088 25080
21088 25080
21088 25080
21088 25080
21112 25061
21112 25061
21112 25061
21100 25071
21100 25071
21100 25071
21100 25071
21125 25051
21125 25051
21125 25051
21125 25051
21125 25051
21125 25051
21125 25051
21125 25051
21125 25051
21125 25051
21149 25030
21149 25030
21149 25030
21149 25030
21149 25030
21149 25030
21149 25030
21149 25030
21149 25030
21149 25030
21149 25030
21173 25009
21173 25009
21173 25009
21173 25009
21173 25009
21173 25009
21173 25009
21173 25009
21173 25009
21173 25009
21198 24989
21198 24989
21198 24989
21198 24989
21198 24989
21198 24989
21198 24989
21198 24989
21198 24989
21198 24989
21221 24969
21221 24969
21221 24969
21221 24969
21221 24969
21221 24969
21221 24969
21221 24969
21221 24969
21221 24969
21246 24947
21246 24947
21246 24947
21246 24947
21246 24947
21246 24947
21246 24947
21246 24947
21246 24947
21246 24947
21271 24926
21271 24926
21271 24926
21271 24926
21271 24926
21271 24926
21271 24926
21271 24926
21271 24926
21271 24926
21295 24905
21295 24905
21295 24905
21295 24905
21295 24905
21295 24905
21295 24905
21295 24905
21295 24905
21295 24905
21318 24885
21318 24885
21318 24885
21318 24885
21318 24885
21318 24885
21318 24885
21318 24885
21318 24885
21318 24885
21342 24864
21342 24864
21342 24864
21342 24864
21342 24864
21342 24864
21342 24864
21342 24864
21342 24864
21342 24864
21342 24864
21367 24843
21367 24843
21367 24843
21367 24843
21367 24843
21367 24843
21367 24843
21367 24843
21367 24843
21367 24843
21391 24822
21391 24822
21391 24822
21391 24822
21391 24822
21391 24822
21391 24822
21391 24822
21391 24822
21391 24822
21415 24801
21415 24801
21402 24812
21402 24812
21402 24812
21426 24792
21426 24792
21426 24792
21426 24792
21426 24792
21426 24792
21426 24792
21426 24792
21426 24792
21426 24792
21450 24771
21450 24771
21450 24771
21450 24771
21450 24771
21450 24771
21450 24771
21450 24771
21450 24771
21450 24771
21474 24750
21474 24750
21474 24750
21474 24750
21474 24750
21474 24750
21474 24750
21474 24750
21474 24750
21474 24750
21498 24729
21498 24729
21498 24729
21498 24729
21498 24729
21498 24729
21498 24729
21498 24729
21498 24729
21498 24729
21498 24729
21523 24709
21523 24709
21523 24709
21523 24709
21523 24709
21523 24709
21523 24709
21523 24709
21523 24709
21523 24709
21547 24688
21547 24688
21547 24688
21547 24688
21547 24688
21547 24688
21547 24688
21547 24688
21547 24688
21547 24688
21570 24667
21570 24667
21570 24667
21570 24667
21570 24667
21570 24667
21570 24667
21570 24667
21570 24667
21570 24667
21595 24646
21595 24646
21595 24646
21595 24646
21595 24646
21595 24646
21595 24646
21595 24646
21595 24646
21595 24646
21620 24625
21620 24625
21620 24625
21620 24625
21620 24625
21620 24625
21620 24625
21620 24625
21620 24625
21620 24625
21643 24603
21643 24603
21643 24603
21643 24603
21643 24603
21643 24603
21643 24603
21643 24603
21643 24603
21643 24603
21667 24583
21667 24583
21667 24583
21667 24583
21667 24583
21667 24583
21667 24583
21667 24583
21667 24583
21667 24583
21692 24561
21692 24561
21692 24561
21692 24561
21692 24561
21692 24561
21692 24561
21692 24561
21692 24561
21692 24561
21692 24561
21715 24541
21715 24541
21715 24541
21705 24548
21705 24548
21705 24548
21705 24548
21730 24528
21730 24528
21730 24528
21730 24528
21730 24528
21730 24528
21730 24528
21730 24528
21730 24528
21730 24528
21753 24506
21753 24506
21753 24506
21753 24506
21753 24506
21753 24506
21753 24506
21753 24506
21753 24506
21753 24506
21753 24506
21777 24485
21777 24485
21777 24485
21777 24485
21777 24485
21777 24485
21777 24485
21777 24485
21777 24485
21777 24485
21801 24464
21801 24464
21801 24464
21801 24464
21801 24464
21801 24464
21801 24464
21801 24464
21801 24464
21801 24464
21824 24443
21824 24443
21824 24443
21824 24443
21824 24443
21824 24443
21824 24443
21824 24443
21824 24443
21824 24443
21849 24421
21849 24421
21849 24421
21849 24421
21849 24421
21849 24421
21849 24421
21849 24421
21849 24421
21849 24421
21872 24399
21872 24399
21872 24399
21872 24399
21872 24399
21872 24399
21872 24399
21872 24399
21872 24399
21872 24399
21896 24378
21896 24378
21896 24378
21896 24378
21896 24378
21896 24378
21896 24378
21896 24378
21896 24378
21896 24378
21919 24357
21919 24357
21919 24357
21919 24357
21919 24357
21919 24357
21919 24357
21919 24357
21919 24357
21919 24357
21943 24336
21943 24336
21943 24336
21943 24336
21943 24336
21943 24336
21943 24336
21943 24336
21943 24336
21943 24336
21943 24336
21967 24314
21967 24314
21967 24314
21967 24314
21967 24314
21967 24314
21967 24314
21967 24314
21967 24314
21967 24314
21990 24293
21990 24293
21990 24293
21990 24293
21990 24293
21990 24293
21990 24293
21990 24293
21990 24293
21990 24293
22014 24271
22014 24271
22001 24283
22001 24283
22001 24283
22024 24262
22024 24262
22024 24262
22024 24262
22024 24262
22024 24262
22024 24262
22024 24262
22024 24262
22024 24262
22048 24240
22048 24240
22048 24240
22048 24240
22048 24240
22048 24240
22048 24240
22048 24240
22048 24240
22048 24240
22072 24219
22072 24219
22072 24219
22072 24219
22072 24219
22072 24219
22072 24219
22072 24219
22072 24219
22072 24219
22095 24197
22095 24197
22095 24197
22095 24197
22095 24197
22095 24197
22095 24197
22095 24197
22095 24197
22095 24197
22095 24197
22119 24176
22119 24176
22119 24176
22119 24176
22119 24176
22119 24176
22119 24176
22119 24176
22119 24176
22119 24176
22143 24154
22143 24154
22143 24154
22143 24154
22143 24154
22143 24154
22143 24154
22143 24154
22143 24154
22143 24154
22166 24134
22166 24134
22166 24134
22166 24134
22166 24134
22166 24134
22166 24134
22166 24134
22166 24134
22166 24134
22190 24111
22190 24111
22190 24111
22190 24111
22190 24111
22190 24111
22190 24111
22190 24111
22190 24111
22190 24111
22214 24090
22214 24090
22214 24090
22214 24090
22214 24090
22214 24090
22214 24090
22214 24090
22214 24090
22214 24090
22237 24068
22237 24068
22237 24068
22237 24068
22237 24068
22237 24068
22237 24068
22237 24068
22237 24068
22237 24068
22260 24047
22260 24047
22260 24047
22260 24047
22260 24047
22260 24047
22260 24047
22260 24047
22260 24047
22260 24047
22284 24025
22284 24025
22284 24025
22284 24025
22284 24025
22284 24025
22284 24025
22284 24025
22284 24025
22284 24025
22284 24025
22307 24004
22307 24004
22307 24004
22298 24012
22298 24012
22298 24012
22298 24012
22322 23990
22322 23990
22322 23990
22322 23990
22322 23990
22322 23990
22322 23990
22322 23990
22322 23990
22322 23990
22345 23968
22345 23968
22345 23968
22345 23968
22345 23968
22345 23968
22345 23968
22345 23968
22345 23968
22345 23968
22345 23968
22368 23946
22368 23946
22368 23946
22368 23946
22368 23946
22368 23946
22368 23946
22368 23946
22368 23946
22368 23946
22392 23925
22392 23925
22392 23925
22392 23925
22392 23925
22392 23925
22392 23925
22392 23925
22392 23925
22392 23925
22414 23904
22414 23904
22414 23904
22414 23904
22414 23904
22414 23904
22414 23904
22414 23904
22414 23904
22414 23904
22438 23881
22438 23881
22438 23881
22438 23881
22438 23881
22438 23881
22438 23881
22438 23881
22438 23881
22438 23881
22461 23859
22461 23859
22461 23859
22461 23859
22461 23859
22461 23859
22461 23859
22461 23859
22461 23859
22461 23859
22485 23837
22485 23837
22485 23837
22485 23837
22485 23837
22485 23837
22485 23837
22485 23837
22485 23837
22485 23837
22507 23815
22507 23815
22507 23815
22507 23815
22507 23815
22507 23815
22507 23815
22507 23815
22507 23815
22507 23815
22530 23793
22530 23793
22530 23793
22530 23793
22530 23793
22530 23793
22530 23793
22530 23793
22530 23793
22530 23793
22530 23793
22553 23771
22553 23771
22553 23771
22553 23771
22553 23771
22553 23771
22553 23771
22553 23771
22553 23771
22553 23771
22577 23749
22577 23749
22577 23749
22577 23749
22577 23749
22577 23749
22577 23749
22577 23749
22577 23749
22577 23749
22600 23727
22600 23727
22588 23739
22588 23739
22588 23739
22610 23717
22610 23717
22610 23717
22610 23717
22610 23717
22610 23717
22610 23717
22610 23717
22610 23717
22610 23717
22633 23695
22633 23695
22633 23695
22633 23695
22633 23695
22633 23695
22633 23695
22633 23695
22633 23695
22633 23695
22656 23673
22656 23673
22656 23673
22656 23673
22656 23673
22656 23673
22656 23673
22656 23673
22656 23673
22656 23673
22680 23651
22680 23651
22680 23651
22680 23651
22680 23651
22680 23651
22680 23651
22680 23651
22680 23651
22680 23651
22680 23651
22703 23629
22703 23629
22703 23629
22703 23629
22703 23629
22703 23629
22703 23629
22703 23629
22703 23629
22703 23629
22726 23607
22726 23607
22726 23607
22726 23607
22726 23607
22726 23607
22726 23607
22726 23607
22726 23607
22726 23607
22748 23586
22748 23586
22748 23586
22748 23586
22748 23586
22748 23586
22748 23586
22748 23586
22748 23586
22748 23586
22772 23563
22772 23563
22772 23563
22772 23563
22772 23563
22772 23563
22772 23563
22772 23563
22772 23563
22772 23563
22795 23541
22795 23541
22795 23541
22795 23541
22795 23541
22795 23541
22795 23541
22795 23541
22795 23541
22795 23541
22818 23518
22818 23518
22818 23518
22818 23518
22818 23518
22818 23518
22818 23518
22818 23518
22818 23518
22818 23518
22840 23497
22840 23497
22840 23497
22840 23497
22840 23497
22840 23497
22840 23497
22840 23497
22840 23497
22840 23497
22864 23474
22864 23474
22864 23474
22864 23474
22864 23474
22864 23474
22864 23474
22864 23474
22864 23474
22864 23474
22864 23474
22887 23453
22887 23453
22887 23453
22886 23452
22886 23452
22886 23452
22886 23452
22909 23430
22909 23430
22909 23430
22909 23430
22909 23430
22909 23430
22909 23430
22909 23430
22909 23430
22909 23430
22932 23407
22932 23407
22932 23407
22932 23407
22932 23407
22932 23407
22932 23407
22932 23407
22932 23407
22932 23407
22932 23407
22954 23385
22954 23385
22954 23385
22954 23385
22954 23385
22954 23385
22954 23385
22954 23385
22954 23385
22954 23385
22978 23363
22978 23363
22978 23363
22978 23363
22978 23363
22978 23363
22978 23363
22978 23363
22978 23363
22978 23363
23000 23341
23000 23341
23000 23341
23000 23341
23000 23341
23000 23341
23000 23341
23000 23341
23000 23341
23000 23341
23023 23318
23023 23318
23023 23318
23023 23318
23023 23318
23023 23318
23023 23318
23023 23318
23023 23318
23023 23318
23046 23295
23046 23295
23046 23295
23046 23295
23046 23295
23046 23295
23046 23295
23046 23295
23046 23295
23046 23295
23068 23272
23068 23272
23068 23272
23068 23272
23068 23272
23068 23272
23068 23272
23068 23272
23068 23272
23068 23272
23090 23250
23090 23250
23090 23250
23090 23250
23090 23250
23090 23250
23090 23250
23090 23250
23090 23250
23090 23250
23113 23228
23113 23228
23113 23228
23113 23228
23113 23228
23113 23228
23113 23228
23113 23228
23113 23228
23113 23228
23113 23228
23135 23205
23135 23205
23135 23205
23135 23205
23135 23205
23135 23205
23135 23205
23135 23205
23135 23205
23135 23205
23158 23183
23158 23183
23158 23183
23158 23183
23158 23183
23158 23183
23158 23183
23158 23183
23158 23183
23158 23183
23181 23160
23181 23160
23169 23172
23169 23172
23169 23172
23191 23150
23191 23150
23191 23150
23191 23150
23191 23150
23191 23150
23191 23150
23191 23150
23191 23150
23191 23150
23213 23127
23213 23127
23213 23127
23213 23127
23213 23127
23213 23127
23213 23127
23213 23127
23213 23127
23213 23127
23236 23105
23236 23105
23236 23105
23236 23105
23236 23105
23236 23105
23236 23105
23236 23105
23236 23105
23236 23105
23258 23082
23258 23082
23258 23082
23258 23082
23258 23082
23258 23082
23258 23082
23258 23082
23258 23082
23258 23082
23258 23082
23281 23059
23281 23059
23281 23059
23281 23059
23281 23059
23281 23059
23281 23059
23281 23059
23281 23059
23281 23059
23304 23037
23304 23037
23304 23037
23304 23037
23304 23037
23304 23037
23304 23037
23304 23037
23304 23037
23304 23037
23326 23015
23326 23015
23326 23015
23326 23015
23326 23015
23326 23015
23326 23015
23326 23015
23326 23015
23326 23015
23349 22992
23349 22992
23349 22992
23349 22992
23349 22992
23349 22992
23349 22992
23349 22992
23349 22992
23349 22992
23372 22969
23372 22969
23372 22969
23372 22969
23372 22969
23372 22969
23372 22969
23372 22969
23372 22969
23372 22969
23393 22946
23393 22946
23393 22946
23393 22946
23393 22946
23393 22946
23393 22946
23393 22946
23393 22946
23393 22946
23415 22924
23415 22924
23415 22924
23415 22924
23415 22924
23415 22924
23415 22924
23415 22924
23415 22924
23415 22924
23439 22900
23439 22900
23439 22900
23439 22900
23439 22900
23439 22900
23439 22900
23439 22900
23439 22900
23439 22900
23439 22900
23461 22878
23461 22878
23461 22878
23452 22886
23452 22886
23452 22886
23452 22886
23475 22864
23475 22864
23475 22864
23475 22864
23475 22864
23475 22864
23475 22864
23475 22864
23475 22864
23475 22864
23497 22840
23497 22840
23497 22840
23497 22840
23497 22840
23497 22840
23497 22840
23497 22840
23497 22840
23497 22840
23497 22840
23519 22817
23519 22817
23519 22817
23519 22817
23519 22817
23519 22817
23519 22817
23519 22817
23519 22817
23519 22817
23542 22795
23542 22795
23542 22795
23542 22795
23542 22795
23542 22795
23542 22795
23542 22795
23542 22795
23542 22795
23563 22772
23563 22772
23563 22772
23563 22772
23563 22772
23563 22772
23563 22772
23563 22772
23563 22772
23563 22772
23586 22748
23586 22748
23586 22748
23586 22748
23586 22748
23586 22748
23586 22748
23586 22748
23586 22748
23586 22748
23608 22725
23608 22725
23608 22725
23608 22725
23608 22725
23608 22725
23608 22725
23608 22725
23608 22725
23608 22725
23630 22702
23630 22702
23630 22702
23630 22702
23630 22702
23630 22702
23630 22702
23630 22702
23630 22702
23630 22702
23651 22680
23651 22680
23651 22680
23651 22680
23651 22680
23651 22680
23651 22680
23651 22680
23651 22680
23651 22680
23673 22656
23673 22656
23673 22656
23673 22656
23673 22656
23673 22656
23673 22656
23673 22656
23673 22656
23673 22656
23673 22656
23695 22633
23695 22633
23695 22633
23695 22633
23695 22633
23695 22633
23695 22633
23695 22633
23695 22633
23695 22633
23717 22610
23717 22610
23717 22610
23717 22610
23717 22610
23717 22610
23717 22610
23717 22610
23717 22610
23717 22610
23739 22587
23739 22587
23728 22599
23728 22599
23728 22599
23749 22577
23749 22577
23749 22577
23749 22577
23749 22577
23749 22577
23749 22577
23749 22577
23749 22577
23749 22577
23771 22553
23771 22553
23771 22553
23771 22553
23771 22553
23771 22553
23771 22553
23771 22553
23771 22553
23771 22553
23793 22530
23793 22530
23793 22530
23793 22530
23793 22530
23793 22530
23793 22530
23793 22530
23793 22530
23793 22530
23815 22507
23815 22507
23815 22507
23815 22507
23815 22507
23815 22507
23815 22507
23815 22507
23815 22507
23815 22507
23815 22507
23837 22484
23837 22484
23837 22484
23837 22484
23837 22484
23837 22484
23837 22484
23837 22484
23837 22484
23837 22484
23859 22461
23859 22461
23859 22461
23859 22461
23859 22461
23859 22461
23859 22461
23859 22461
23859 22461
23859 22461
23881 22438
23881 22438
23881 22438
23881 22438
23881 22438
23881 22438
23881 22438
23881 22438
23881 22438
23881 22438
23904 22414
23904 22414
23904 22414
23904 22414
23904 22414
23904 22414
23904 22414
23904 22414
23904 22414
23904 22414
23926 22391
23926 22391
23926 22391
23926 22391
23926 22391
23926 22391
23926 22391
23926 22391
23926 22391
23926 22391
23947 22367
23947 22367
23947 22367
23947 22367
23947 22367
23947 22367
23947 22367
23947 22367
23947 22367
23947 22367
23968 22345
23968 22345
23968 22345
23968 22345
23968 22345
23968 22345
23968 22345
23968 22345
23968 22345
23968 22345
23991 22321
23991 22321
23991 22321
23991 22321
23991 22321
23991 22321
23991 22321
23991 22321
23991 22321
23991 22321
23991 22321
24012 22299
24012 22299
24012 22299
24003 22307
24003 22307
24003 22307
24003 22307
24025 22284
24025 22284
24025 22284
24025 22284
24025 22284
24025 22284
24025 22284
24025 22284
24025 22284
24025 22284
24047 22260
24047 22260
24047 22260
24047 22260
24047 22260
24047 22260
24047 22260
24047 22260
24047 22260
24047 22260
24047 22260
24068 22236
24068 22236
24068 22236
24068 22236
24068 22236
24068 22236
24068 22236
24068 22236
24068 22236
24068 22236
24091 22213
24091 22213
24091 22213
24091 22213
24091 22213
24091 22213
24091 22213
24091 22213
24091 22213
24091 22213
24111 22190
24111 22190
24111 22190
24111 22190
24111 22190
24111 22190
24111 22190
24111 22190
24111 22190
24111 22190
24134 22166
24134 22166
24134 22166
24134 22166
24134 22166
24134 22166
24134 22166
24134 22166
24134 22166
24134 22166
24155 22142
24155 22142
24155 22142
24155 22142
24155 22142
24155 22142
24155 22142
24155 22142
24155 22142
24155 22142
24177 22118
24177 22118
24177 22118
24177 22118
24177 22118
24177 22118
24177 22118
24177 22118
24177 22118
24177 22118
24197 22095
24197 22095
24197 22095
24197 22095
24197 22095
24197 22095
24197 22095
24197 22095
24197 22095
24197 22095
24219 22072
24219 22072
24219 22072
24219 22072
24219 22072
24219 22072
24219 22072
24219 22072
24219 22072
24219 22072
24219 22072
24240 22048
24240 22048
24240 22048
24240 22048
24240 22048
24240 22048
24240 22048
24240 22048
24240 22048
24240 22048
24262 22024
24262 22024
24262 22024
24262 22024
24262 22024
24262 22024
24262 22024
24262 22024
24262 22024
24262 22024
24283 22001
24283 22001
24272 22013
24272 22013
24272 22013
24293 21990
24293 21990
24293 21990
24293 21990
24293 21990
24293 21990
24293 21990
24293 21990
24293 21990
24293 21990
24314 21967
24314 21967
24314 21967
24314 21967
24314 21967
24314 21967
24314 21967
24314 21967
24314 21967
24314 21967
24336 21943
24336 21943
24336 21943
24336 21943
24336 21943
24336 21943
24336 21943
24336 21943
24336 21943
24336 21943
24357 21919
24357 21919
24357 21919
24357 21919
24357 21919
24357 21919
24357 21919
24357 21919
24357 21919
24357 21919
24357 21919
24379 21895
24379 21895
24379 21895
24379 21895
24379 21895
24379 21895
24379 21895
24379 21895
24379 21895
24379 21895
24400 21872
24400 21872
24400 21872
24400 21872
24400 21872
24400 21872
24400 21872
24400 21872
24400 21872
24400 21872
24421 21849
24421 21849
24421 21849
24421 21849
24421 21849
24421 21849
24421 21849
24421 21849
24421 21849
24421 21849
24443 21824
24443 21824
24443 21824
24443 21824
24443 21824
24443 21824
24443 21824
24443 21824
24443 21824
24443 21824
24465 21801
24465 21801
24465 21801
24465 21801
24465 21801
24465 21801
24465 21801
24465 21801
24465 21801
24465 21801
24485 21776
24485 21776
24485 21776
24485 21776
24485 21776
24485 21776
24485 21776
24485 21776
24485 21776
24485 21776
24506 21753
24506 21753
24506 21753
24506 21753
24506 21753
24506 21753
24506 21753
24506 21753
24506 21753
24506 21753
24528 21729
24528 21729
24528 21729
24528 21729
24528 21729
24528 21729
24528 21729
24528 21729
24528 21729
24528 21729
24528 21729
24549 21706
24549 21706
24549 21706
24540 21714
24540 21714
24540 21714
24540 21714
24562 21691
24562 21691
24562 21691
24562 21691
24562 21691
24562 21691
24562 21691
24562 21691
24562 21691
24562 21691
24583 21667
24583 21667
24583 21667
24583 21667
24583 21667
24583 21667
24583 21667
24583 21667
24583 21667
24583 21667
24583 21667
24604 21642
24604 21642
24604 21642
24604 21642
24604 21642
24604 21642
24604 21642
24604 21642
24604 21642
24604 21642
24626 21619
24626 21619
24626 21619
24626 21619
24626 21619
24626 21619
24626 21619
24626 21619
24626 21619
24626 21619
24646 21595
24646 21595
24646 21595
24646 21595
24646 21595
24646 21595
24646 21595
24646 21595
24646 21595
24646 21595
24667 21570
24667 21570
24667 21570
24667 21570
24667 21570
24667 21570
24667 21570
24667 21570
24667 21570
24667 21570
24688 21546
24688 21546
24688 21546
24688 21546
24688 21546
24688 21546
24688 21546
24688 21546
24688 21546
24688 21546
24709 21522
24709 21522
24709 21522
24709 21522
24709 21522
24709 21522
24709 21522
24709 21522
24709 21522
24709 21522
24729 21498
24729 21498
24729 21498
24729 21498
24729 21498
24729 21498
24729 21498
24729 21498
24729 21498
24729 21498
24750 21474
24750 21474
24750 21474
24750 21474
24750 21474
24750 21474
24750 21474
24750 21474
24750 21474
24750 21474
24750 21474
24771 21450
24771 21450
24771 21450
24771 21450
24771 21450
24771 21450
24771 21450
24771 21450
24771 21450
24771 21450
24792 21426
24792 21426
24792 21426
24792 21426
24792 21426
24792 21426
24792 21426
24792 21426
24792 21426
24792 21426
24813 21402
24813 21402
24802 21414
24802 21414
24802 21414
24822 21391
24822 21391
24822 21391
24822 21391
24822 21391
24822 21391
24822 21391
24822 21391
24822 21391
24822 21391
24843 21367
24843 21367
24843 21367
24843 21367
24843 21367
24843 21367
24843 21367
24843 21367
24843 21367
24843 21367
24864 21342
24864 21342
24864 21342
24864 21342
24864 21342
24864 21342
24864 21342
24864 21342
24864 21342
24864 21342
24885 21318
24885 21318
24885 21318
24885 21318
24885 21318
24885 21318
24885 21318
24885 21318
24885 21318
24885 21318
24885 21318
24906 21294
24906 21294
24906 21294
24906 21294
24906 21294
24906 21294
24906 21294
24906 21294
24906 21294
24906 21294
24927 21270
24927 21270
24927 21270
24927 21270
24927 21270
24927 21270
24927 21270
24927 21270
24927 21270
24927 21270
24947 21246
24947 21246
24947 21246
24947 21246
24947 21246
24947 21246
24947 21246
24947 21246
24947 21246
24947 21246
24969 21221
24969 21221
24969 21221
24969 21221
24969 21221
24969 21221
24969 21221
24969 21221
24969 21221
24969 21221
24990 21197
24990 21197
24990 21197
24990 21197
24990 21197
24990 21197
24990 21197
24990 21197
24990 21197
24990 21197
25010 21172
25010 21172
25010 21172
25010 21172
25010 21172
25010 21172
25010 21172
25010 21172
25010 21172
25010 21172
25030 21149
25030 21149
25030 21149
25030 21149
25030 21149
25030 21149
25030 21149
25030 21149
25030 21149
25030 21149
25051 21124
25051 21124
25051 21124
25051 21124
25051 21124
25051 21124
25051 21124
25051 21124
25051 21124
25051 21124
25051 21124
25072 21100
25072 21100
25072 21100
25080 21088
25080 21088
25080 21088
25080 21088
25101 21064
25101 21064
25101 21064
25101 21064
25101 21064
25101 21064
25101 21064
25101 21064
25101 21064
25101 21064
25122 21039
25122 21039
25122 21039
25122 21039
25122 21039
25122 21039
25122 21039
25122 21039
25122 21039
25122 21039
25122 21039
25142 21014
25142 21014
25142 21014
25142 21014
25142 21014
25142 21014
25142 21014
25142 21014
25142 21014
25142 21014
25163 20990
25163 20990
25163 20990
25163 20990
25163 20990
25163 20990
25163 20990
25163 20990
25163 20990
25163 20990
25183 20966
25183 20966
25183 20966
25183 20966
25183 20966
25183 20966
25183 20966
25183 20966
25183 20966
25183 20966
25204 20941
25204 20941
25204 20941
25204 20941
25204 20941
25204 20941
25204 20941
25204 20941
25204 20941
25204 20941
25224 20916
25224 20916
25224 20916
25224 20916
25224 20916
25224 20916
25224 20916
25224 20916
25224 20916
25224 20916
25244 20891
25244 20891
25244 20891
25244 20891
25244 20891
25244 20891
25244 20891
25244 20891
25244 20891
25244 20891
25264 20867
25264 20867
25264 20867
25264 20867
25264 20867
25264 20867
25264 20867
25264 20867
25264 20867
25264 20867
25284 20843
25284 20843
25284 20843
25284 20843
25284 20843
25284 20843
25284 20843
25284 20843
25284 20843
25284 20843
25284 20843
25304 20818
25304 20818
25304 20818
25304 20818
25304 20818
25304 20818
25304 20818
25304 20818
25304 20818
25304 20818
25325 20793
25325 20793
25325 20793
25325 20793
25325 20793
25325 20793
25325 20793
25325 20793
25325 20793
25325 20793
25345 20768
25345 20768
25334 20782
25334 20782
25334 20782
25354 20758
25354 20758
25354 20758
25354 20758
25354 20758
25354 20758
25354 20758
25354 20758
25354 20758
25354 20758
25374 20733
25374 20733
25374 20733
25374 20733
25374 20733
25374 20733
25374 20733
25374 20733
25374 20733
25374 20733
25394 20708
25394 20708
25394 20708
25394 20708
25394 20708
25394 20708
25394 20708
25394 20708
25394 20708
25394 20708
25415 20683
25415 20683
25415 20683
25415 20683
25415 20683
25415 20683
25415 20683
25415 20683
25415 20683
25415 20683
25415 20683
25435 20659
25435 20659
25435 20659
25435 20659
25435 20659
25435 20659
25435 20659
25435 20659
25435 20659
25435 20659
25455 20634
25455 20634
25455 20634
25455 20634
25455 20634
25455 20634
25455 20634
25455 20634
25455 20634
25455 20634
25475 20610
25475 20610
25475 20610
25475 20610
25475 20610
25475 20610
25475 20610
25475 20610
25475 20610
25475 20610
25496 20584
25496 20584
25496 20584
25496 20584
25496 20584
25496 20584
25496 20584
25496 20584
25496 20584
25496 20584
25516 20560
25516 20560
25516 20560
25516 20560
25516 20560
25516 20560
25516 20560
25516 20560
25516 20560
25516 20560
25536 20534
25536 20534
25536 20534
25536 20534
25536 20534
25536 20534
25536 20534
25536 20534
25536 20534
25536 20534
25555 20510
25555 20510
25555 20510
25555 20510
25555 20510
25555 20510
25555 20510
25555 20510
25555 20510
25555 20510
25576 20485
25576 20485
25576 20485
25576 20485
25576 20485
25576 20485
25576 20485
25576 20485
25576 20485
25576 20485
25576 20485
25596 20461
25596 20461
25596 20461
25587 20469
25587 20469
25587 20469
25587 20469
25607 20445
25607 20445
25607 20445
25607 20445
25607 20445
25607 20445
25607 20445
25607 20445
25607 20445
25607 20445
25627 20419
25627 20419
25627 20419
25627 20419
25627 20419
25627 20419
25627 20419
25627 20419
25627 20419
25627 20419
25627 20419
25647 20394
25647 20394
25647 20394
25647 20394
25647 20394
25647 20394
25647 20394
25647 20394
25647 20394
25647 20394
25667 20370
25667 20370
25667 20370
25667 20370
25667 20370
25667 20370
25667 20370
25667 20370
25667 20370
25667 20370
25686 20345
25686 20345
25686 20345
25686 20345
25686 20345
25686 20345
25686 20345
25686 20345
25686 20345
25686 20345
25707 20319
25707 20319
25707 20319
25707 20319
25707 20319
25707 20319
25707 20319
25707 20319
25707 20319
25707 20319
25726 20294
25726 20294
25726 20294
25726 20294
25726 20294
25726 20294
25726 20294
25726 20294
25726 20294
25726 20294
25746 20269
25746 20269
25746 20269
25746 20269
25746 20269
25746 20269
25746 20269
25746 20269
25746 20269
25746 20269
25765 20244
25765 20244
25765 20244
25765 20244
25765 20244
25765 20244
25765 20244
25765 20244
25765 20244
25765 20244
25785 20219
25785 20219
25785 20219
25785 20219
25785 20219
25785 20219
25785 20219
25785 20219
25785 20219
25785 20219
25785 20219
25804 20194
25804 20194
25804 20194
25804 20194
25804 20194
25804 20194
25804 20194
25804 20194
25804 20194
25804 20194
25824 20169
25824 20169
25824 20169
25824 20169
25824 20169
25824 20169
25824 20169
25824 20169
25824 20169
25824 20169
25844 20143
25844 20143
25833 20157
25833 20157
25833 20157
25852 20132
25852 20132
25852 20132
25852 20132
25852 20132
25852 20132
25852 20132
25852 20132
25852 20132
25852 20132
25872 20107
25872 20107
25872 20107
25872 20107
25872 20107
25872 20107
25872 20107
25872 20107
25872 20107
25872 20107
25892 20082
25892 20082
25892 20082
25892 20082
25892 20082
25892 20082
25892 20082
25892 20082
25892 20082
25892 20082
25911 20057
25911 20057
25911 20057
25911 20057
25911 20057
25911 20057
25911 20057
25911 20057
25911 20057
25911 20057
25911 20057
25931 20031
25931 20031
25931 20031
25931 20031
25931 20031
25931 20031
25931 20031
25931 20031
25931 20031
25931 20031
25951 20006
25951 20006
25951 20006
25951 20006
25951 20006
25951 20006
25951 20006
25951 20006
25951 20006
25951 20006
25970 19982
25970 19982
25970 19982
25970 19982
25970 19982
25970 19982
25970 19982
25970 19982
25970 19982
25970 19982
25990 19956
25990 19956
25990 19956
25990 19956
25990 19956
25990 19956
25990 19956
25990 19956
25990 19956
25990 19956
26010 19930
26010 19930
26010 19930
26010 19930
26010 19930
26010 19930
26010 19930
26010 19930
26010 19930
26010 19930
26029 19905
26029 19905
26029 19905
26029 19905
26029 19905
26029 19905
26029 19905
26029 19905
26029 19905
26029 19905
26048 19880
26048 19880
26048 19880
26048 19880
26048 19880
26048 19880
26048 19880
26048 19880
26048 19880
26048 19880
26068 19854
26068 19854
26068 19854
26068 19854
26068 19854
26068 19854
26068 19854
26068 19854
26068 19854
26068 19854
26068 19854
26087 19830
26087 19830
26087 19830
26079 19839
26079 19839
26079 19839
26079 19839
26099 19814
26099 19814
26099 19814
26099 19814
26099 19814
26099 19814
26099 19814
26099 19814
26099 19814
26099 19814
26118 19789
26118 19789
26118 19789
26118 19789
26118 19789
26118 19789
26118 19789
26118 19789
26118 19789
26118 19789
26118 19789
26137 19763
26137 19763
26137 19763
26137 19763
26137 19763
26137 19763
26137 19763
26137 19763
26137 19763
26137 19763
26157 19738
26157 19738
26157 19738
26157 19738
26157 19738
26157 19738
26157 19738
26157 19738
26157 19738
26157 19738
26175 19713
26175 19713
26175 19713
26175 19713
26175 19713
26175 19713
26175 19713
26175 19713
26175 19713
26175 19713
26195 19686
26195 19686
26195 19686
26195 19686
26195 19686
26195 19686
26195 19686
26195 19686
26195 19686
26195 19686
26214 19661
26214 19661
26214 19661
26214 19661
26214 19661
26214 19661
26214 19661
26214 19661
26214 19661
26214 19661
26233 19635
26233 19635
26233 19635
26233 19635
26233 19635
26233 19635
26233 19635
26233 19635
26233 19635
26233 19635
26251 19610
26251 19610
26251 19610
26251 19610
26251 19610
26251 19610
26251 19610
26251 19610
26251 19610
26251 19610
26270 19584
26270 19584
26270 19584
26270 19584
26270 19584
26270 19584
26270 19584
26270 19584
26270 19584
26270 19584
26270 19584
26289 19559
26289 19559
26289 19559
26289 19559
26289 19559
26289 19559
26289 19559
26289 19559
26289 19559
26289 19559
26308 19533
26308 19533
26308 19533
26308 19533
26308 19533
26308 19533
26308 19533
26308 19533
26308 19533
26308 19533
26328 19507
26328 19507
26317 19521
26317 19521
26317 19521
26336 19496
26336 19496
26336 19496
26336 19496
26336 19496
26336 19496
26336 19496
26336 19496
26336 19496
26336 19496
26355 19470
26355 19470
26355 19470
26355 19470
26355 19470
26355 19470
26355 19470
26355 19470
26355 19470
26355 19470
26374 19445
26374 19445
26374 19445
26374 19445
26374 19445
26374 19445
26374 19445
26374 19445
26374 19445
26374 19445
26393 19419
26393 19419
26393 19419
26393 19419
26393 19419
26393 19419
26393 19419
26393 19419
26393 19419
26393 19419
26393 19419
26412 19393
26412 19393
26412 19393
26412 19393
26412 19393
26412 19393
26412 19393
26412 19393
26412 19393
26412 19393
26431 19367
26431 19367
26431 19367
26431 19367
26431 19367
26431 19367
26431 19367
26431 19367
26431 19367
26431 19367
26450 19342
26450 19342
26450 19342
26450 19342
26450 19342
26450 19342
26450 19342
26450 19342
26450 19342
26450 19342
26469 19316
26469 19316
26469 19316
26469 19316
26469 19316
26469 19316
26469 19316
26469 19316
26469 19316
26469 19316
26488 19290
26488 19290
26488 19290
26488 19290
26488 19290
26488 19290
26488 19290
26488 19290
26488 19290
26488 19290
26507 19264
26507 19264
26507 19264
26507 19264
26507 19264
26507 19264
26507 19264
26507 19264
26507 19264
26507 19264
26525 19239
26525 19239
26525 19239
26525 19239
26525 19239
26525 19239
26525 19239
26525 19239
26525 19239
26525 19239
26545 19213
26545 19213
26545 19213
26545 19213
26545 19213
26545 19213
26545 19213
26545 19213
26545 19213
26545 19213
26545 19213
26563 19188
26563 19188
26563 19188
26555 19197
26555 19197
26555 19197
26555 19197
26574 19172
26574 19172
26574 19172
26574 19172
26574 19172
26574 19172
26574 19172
26574 19172
26574 19172
26574 19172
26592 19145
26592 19145
26592 19145
26592 19145
26592 19145
26592 19145
26592 19145
26592 19145
26592 19145
26592 19145
26592 19145
26611 19119
26611 19119
26611 19119
26611 19119
26611 19119
26611 19119
26611 19119
26611 19119
26611 19119
26611 19119
26630 19094
26630 19094
26630 19094
26630 19094
26630 19094
26630 19094
26630 19094
26630 19094
26630 19094
26630 19094
26648 19068
26648 19068
26648 19068
26648 19068
26648 19068
26648 19068
26648 19068
26648 19068
26648 19068
26648 19068
26667 19041
26667 19041
26667 19041
26667 19041
26667 19041
26667 19041
26667 19041
26667 19041
26667 19041
26667 19041
26685 19015
26685 19015
26685 19015
26685 19015
26685 19015
26685 19015
26685 19015
26685 19015
26685 19015
26685 19015
26704 18989
26704 18989
26704 18989
26704 18989
26704 18989
26704 18989
26704 18989
26704 18989
26704 18989
26704 18989
26722 18964
26722 18964
26722 18964
26722 18964
26722 18964
26722 18964
26722 18964
26722 18964
26722 18964
26722 18964
26740 18938
26740 18938
26740 18938
26740 18938
26740 18938
26740 18938
26740 18938
26740 18938
26740 18938
26740 18938
26740 18938
26759 18911
26759 18911
26759 18911
26759 18911
26759 18911
26759 18911
26759 18911
26759 18911
26759 18911
26759 18911
26777 18885
26777 18885
26777 18885
26777 18885
26777 18885
26777 18885
26777 18885
26777 18885
26777 18885
26777 18885
26795 18859
26795 18859
26786 18873
26786 18873
26786 18873
26803 18848
26803 18848
26803 18848
26803 18848
26803 18848
26803 18848
26803 18848
26803 18848
26803 18848
26803 18848
26822 18821
26822 18821
26822 18821
26822 18821
26822 18821
26822 18821
26822 18821
26822 18821
26822 18821
26822 18821
26840 18795
26840 18795
26840 18795
26840 18795
26840 18795
26840 18795
26840 18795
26840 18795
26840 18795
26840 18795
26859 18769
26859 18769
26859 18769
26859 18769
26859 18769
26859 18769
26859 18769
26859 18769
26859 18769
26859 18769
26859 18769
26877 18743
26877 18743
26877 18743
26877 18743
26877 18743
26877 18743
26877 18743
26877 18743
26877 18743
26877 18743
26896 18717
26896 18717
26896 18717
26896 18717
26896 18717
26896 18717
26896 18717
26896 18717
26896 18717
26896 18717
26913 18691
26913 18691
26913 18691
26913 18691
26913 18691
26913 18691
26913 18691
26913 18691
26913 18691
26913 18691
26932 18664
26932 18664
26932 18664
26932 18664
26932 18664
26932 18664
26932 18664
26932 18664
26932 18664
26932 18664
26951 18638
26951 18638
26951 18638
26951 18638
26951 18638
26951 18638
26951 18638
26951 18638
26951 18638
26951 18638
26968 18612
26968 18612
26968 18612
26968 18612
26968 18612
26968 18612
26968 18612
26968 18612
26968 18612
26968 18612
26986 18586
26986 18586
26986 18586
26986 18586
26986 18586
26986 18586
26986 18586
26986 18586
26986 18586
26986 18586
27005 18559
27005 18559
27005 18559
27005 18559
27005 18559
27005 18559
27005 18559
27005 18559
27005 18559
27005 18559
27005 18559
27023 18534
27023 18534
27023 18534
27017 18543
27017 18543
27017 18543
27017 18543
27036 18517
27036 18517
27036 18517
27036 18517
27036 18517
27036 18517
27036 18517
27036 18517
27036 18517
27036 18517
27053 18490
27053 18490
27053 18490
27053 18490
27053 18490
27053 18490
27053 18490
27053 18490
27053 18490
27053 18490
27053 18490
27071 18464
27071 18464
27071 18464
27071 18464
27071 18464
27071 18464
27071 18464
27071 18464
27071 18464
27071 18464
27090 18438
27090 18438
27090 18438
27090 18438
27090 18438
27090 18438
27090 18438
27090 18438
27090 18438
27090 18438
27107 18412
27107 18412
27107 18412
27107 18412
27107 18412
27107 18412
27107 18412
27107 18412
27107 18412
27107 18412
27125 18384
27125 18384
27125 18384
27125 18384
27125 18384
27125 18384
27125 18384
27125 18384
27125 18384
27125 18384
27143 18358
27143 18358
27143 18358
27143 18358
27143 18358
27143 18358
27143 18358
27143 18358
27143 18358
27143 18358
27161 18331
27161 18331
27161 18331
27161 18331
27161 18331
27161 18331
27161 18331
27161 18331
27161 18331
27161 18331
27178 18305
27178 18305
27178 18305
27178 18305
27178 18305
27178 18305
27178 18305
27178 18305
27178 18305
27178 18305
27196 18279
27196 18279
27196 18279
27196 18279
27196 18279
27196 18279
27196 18279
27196 18279
27196 18279
27196 18279
27196 18279
27214 18252
27214 18252
27214 18252
27214 18252
27214 18252
27214 18252
27214 18252
27214 18252
27214 18252
27214 18252
27231 18226
27231 18226
27231 18226
27231 18226
27231 18226
27231 18226
27231 18226
27231 18226
27231 18226
27231 18226
27249 18199
27249 18199
27240 18213
27240 18213
27240 18213
27257 18187
27257 18187
27257 18187
27257 18187
27257 18187
27257 18187
27257 18187
27257 18187
27257 18187
27257 18187
27275 18161
27275 18161
27275 18161
27275 18161
27275 18161
27275 18161
27275 18161
27275 18161
27275 18161
27275 18161
27293 18134
27293 18134
27293 18134
27293 18134
27293 18134
27293 18134
27293 18134
27293 18134
27293 18134
27293 18134
27310 18108
27310 18108
27310 18108
27310 18108
27310 18108
27310 18108
27310 18108
27310 18108
27310 18108
27310 18108
27310 18108
27328 18081
27328 18081
27328 18081
27328 18081
27328 18081
27328 18081
27328 18081
27328 18081
27328 18081
27328 18081
27346 18054
27346 18054
27346 18054
27346 18054
27346 18054
27346 18054
27346 18054
27346 18054
27346 18054
27346 18054
27363 18029
27363 18029
27363 18029
27363 18029
27363 18029
27363 18029
27363 18029
27363 18029
27363 18029
27363 18029
27381 18001
27381 18001
27381 18001
27381 18001
27381 18001
27381 18001
27381 18001
27381 18001
27381 18001
27381 18001
27399 17974
27399 17974
27399 17974
27399 17974
27399 17974
27399 17974
27399 17974
27399 17974
27399 17974
27399 17974
27416 17947
27416 17947
27416 17947
27416 17947
27416 17947
27416 17947
27416 17947
27416 17947
27416 17947
27416 17947
27433 17922
27433 17922
27433 17922
27433 17922
27433 17922
27433 17922
27433 17922
27433 17922
27433 17922
27433 17922
27452 17894
27452 17894
27452 17894
27452 17894
27452 17894
27452 17894
27452 17894
27452 17894
27452 17894
27452 17894
27452 17894
27469 17868
27469 17868
27469 17868
27459 17880
27459 17880
27459 17880
27459 17880
27477 17854
27477 17854
27477 17854
27477 17854
27477 17854
27477 17854
27477 17854
27477 17854
27477 17854
27477 17854
27494 17827
27494 17827
27494 17827
27494 17827
27494 17827
27494 17827
27494 17827
27494 17827
27494 17827
27494 17827
27494 17827
27511 17800
27511 17800
27511 17800
27511 17800
27511 17800
27511 17800
27511 17800
27511 17800
27511 17800
27511 17800
27529 17773
27529 17773
27529 17773
27529 17773
27529 17773
27529 17773
27529 17773
27529 17773
27529 17773
27529 17773
27546 17747
27546 17747
27546 17747
27546 17747
27546 17747
27546 17747
27546 17747
27546 17747
27546 17747
27546 17747
27564 17719
27564 17719
27564 17719
27564 17719
27564 17719
27564 17719
27564 17719
27564 17719
27564 17719
27564 17719
27581 17692
27581 17692
27581 17692
27581 17692
27581 17692
27581 17692
27581 17692
27581 17692
27581 17692
27581 17692
27598 17665
27598 17665
27598 17665
27598 17665
27598 17665
27598 17665
27598 17665
27598 17665
27598 17665
27598 17665
27614 17639
27614 17639
27614 17639
27614 17639
27614 17639
27614 17639
27614 17639
27614 17639
27614 17639
27614 17639
27632 17612
27632 17612
27632 17612
27632 17612
27632 17612
27632 17612
27632 17612
27632 17612
27632 17612
27632 17612
27632 17612
27649 17585
27649 17585
27649 17585
27649 17585
27649 17585
27649 17585
27649 17585
27649 17585
27649 17585
27649 17585
27666 17558
27666 17558
27666 17558
27666 17558
27666 17558
27666 17558
27666 17558
27666 17558
27666 17558
27666 17558
27683 17531
27683 17531
27674 17545
27674 17545
27674 17545
27690 17519
27690 17519
27690 17519
27690 17519
27690 17519
27690 17519
27690 17519
27690 17519
27690 17519
27690 17519
27708 17492
27708 17492
27708 17492
27708 17492
27708 17492
27708 17492
27708 17492
27708 17492
27708 17492
27708 17492
27725 17465
27725 17465
27725 17465
27725 17465
27725 17465
27725 17465
27725 17465
27725 17465
27725 17465
27725 17465
27742 17438
27742 17438
27742 17438
27742 17438
27742 17438
27742 17438
27742 17438
27742 17438
27742 17438
27742 17438
27742 17438
27759 17411
27759 17411
27759 17411
27759 17411
27759 17411
27759 17411
27759 17411
27759 17411
27759 17411
27759 17411
27776 17384
27776 17384
27776 17384
27776 17384
27776 17384
27776 17384
27776 17384
27776 17384
27776 17384
27776 17384
27793 17358
27793 17358
27793 17358
27793 17358
27793 17358
27793 17358
27793 17358
27793 17358
27793 17358
27793 17358
27810 17330
27810 17330
27810 17330
27810 17330
27810 17330
27810 17330
27810 17330
27810 17330
27810 17330
27810 17330
27827 17303
27827 17303
27827 17303
27827 17303
27827 17303
27827 17303
27827 17303
27827 17303
27827 17303
27827 17303
27844 17275
27844 17275
27844 17275
27844 17275
27844 17275
27844 17275
27844 17275
27844 17275
27844 17275
27844 17275
27860 17249
27860 17249
27860 17249
27860 17249
27860 17249
27860 17249
27860 17249
27860 17249
27860 17249
27860 17249
27878 17221
27878 17221
27878 17221
27878 17221
27878 17221
27878 17221
27878 17221
27878 17221
27878 17221
27878 17221
27878 17221
27895 17195
27895 17195
27895 17195
27904 17178
27904 17178
27904 17178
27904 17178
27921 17151
27921 17151
27921 17151
27921 17151
27921 17151
27921 17151
27921 17151
27921 17151
27921 17151
27921 17151
27938 17123
27938 17123
27938 17123
27938 17123
27938 17123
27938 17123
27938 17123
27938 17123
27938 17123
27938 17123
27938 17123
27954 17096
27954 17096
27954 17096
27954 17096
27954 17096
27954 17096
27954 17096
27954 17096
27954 17096
27954 17096
27971 17069
27971 17069
27971 17069
27971 17069
27971 17069
27971 17069
27971 17069
27971 17069
27971 17069
27971 17069
27987 17042
27987 17042
27987 17042
27987 17042
27987 17042
27987 17042
27987 17042
27987 17042
27987 17042
27987 17042
28004 17014
28004 17014
28004 17014
28004 17014
28004 17014
28004 17014
28004 17014
28004 17014
28004 17014
28004 17014
28021 16987
28021 16987
28021 16987
28021 16987
28021 16987
28021 16987
28021 16987
28021 16987
28021 16987
28021 16987
28037 16959
28037 16959
28037 16959
28037 16959
28037 16959
28037 16959
28037 16959
28037 16959
28037 16959
28037 16959
28053 16933
28053 16933
28053 16933
28053 16933
28053 16933
28053 16933
28053 16933
28053 16933
28053 16933
28053 16933
28069 16905
28069 16905
28069 16905
28069 16905
28069 16905
28069 16905
28069 16905
28069 16905
28069 16905
28069 16905
28069 16905
28086 16878
28086 16878
28086 16878
28086 16878
28086 16878
28086 16878
28086 16878
28086 16878
28086 16878
28086 16878
28102 16850
28102 16850
28102 16850
28102 16850
28102 16850
28102 16850
28102 16850
28102 16850
28102 16850
28102 16850
28119 16823
28119 16823
28110 16837
28110 16837
28110 16837
28126 16811
28126 16811
28126 16811
28126 16811
28126 16811
28126 16811
28126 16811
28126 16811
28126 16811
28126 16811
28142 16783
28142 16783
28142 16783
28142 16783
28142 16783
28142 16783
28142 16783
28142 16783
28142 16783
28142 16783
28159 16756
28159 16756
28159 16756
28159 16756
28159 16756
28159 16756
28159 16756
28159 16756
28159 16756
28159 16756
28175 16728
28175 16728
28175 16728
28175 16728
28175 16728
28175 16728
28175 16728
28175 16728
28175 16728
28175 16728
28175 16728
28192 16701
28192 16701
28192 16701
28192 16701
28192 16701
28192 16701
28192 16701
28192 16701
28192 16701
28192 16701
28208 16673
28208 16673
28208 16673
28208 16673
28208 16673
28208 16673
28208 16673
28208 16673
28208 16673
28208 16673
28224 16647
28224 16647
28224 16647
28224 16647
28224 16647
28224 16647
28224 16647
28224 16647
28224 16647
28224 16647
28241 16619
28241 16619
28241 16619
28241 16619
28241 16619
28241 16619
28241 16619
28241 16619
28241 16619
28241 16619
28257 16591
28257 16591
28257 16591
28257 16591
28257 16591
28257 16591
28257 16591
28257 16591
28257 16591
28257 16591
28273 16563
28273 16563
28273 16563
28273 16563
28273 16563
28273 16563
28273 16563
28273 16563
28273 16563
28273 16563
28289 16537
28289 16537
28289 16537
28289 16537
28289 16537
28289 16537
28289 16537
28289 16537
28289 16537
28289 16537
28306 16508
28306 16508
28306 16508
28306 16508
28306 16508
28306 16508
28306 16508
28306 16508
28306 16508
28306 16508
28306 16508
28322 16482
28322 16482
28322 16482
28314 16493
28314 16493
28314 16493
28314 16493
28331 16465
28331 16465
28331 16465
28331 16465
28331 16465
28331 16465
28331 16465
28331 16465
28331 16465
28331 16465
28347 16438
28347 16438
28347 16438
28347 16438
28347 16438
28347 16438
28347 16438
28347 16438
28347 16438
28347 16438
28347 16438
28363 16410
28363 16410
28363 16410
28363 16410
28363 16410
28363 16410
28363 16410
28363 16410
28363 16410
28363 16410
28379 16382
28379 16382
28379 16382
28379 16382
28379 16382
28379 16382
28379 16382
28379 16382
28379 16382
28379 16382
28394 16355
28394 16355
28394 16355
28394 16355
28394 16355
28394 16355
28394 16355
28394 16355
28394 16355
28394 16355
28411 16327
28411 16327
28411 16327
28411 16327
28411 16327
28411 16327
28411 16327
28411 16327
28411 16327
28411 16327
28426 16299
28426 16299
28426 16299
28426 16299
28426 16299
28426 16299
28426 16299
28426 16299
28426 16299
28426 16299
28442 16271
28442 16271
28442 16271
28442 16271
28442 16271
28442 16271
28442 16271
28442 16271
28442 16271
28442 16271
28458 16244
28458 16244
28458 16244
28458 16244
28458 16244
28458 16244
28458 16244
28458 16244
28458 16244
28458 16244
28473 16216
28473 16216
28473 16216
28473 16216
28473 16216
28473 16216
28473 16216
28473 16216
28473 16216
28473 16216
28473 16216
28489 16188
28489 16188
28489 16188
28489 16188
28489 16188
28489 16188
28489 16188
28489 16188
28489 16188
28489 16188
28505 16161
28505 16161
28505 16161
28505 16161
28505 16161
28505 16161
28505 16161
28505 16161
28505 16161
28505 16161
28521 16133
28521 16133
28512 16147
28512 16147
28512 16147
28527 16120
28527 16120
28527 16120
28527 16120
28527 16120
28527 16120
28527 16120
28527 16120
28527 16120
28527 16120
28543 16093
28543 16093
28543 16093
28543 16093
28543 16093
28543 16093
28543 16093
28543 16093
28543 16093
28543 16093
28559 16065
28559 16065
28559 16065
28559 16065
28559 16065
28559 16065
28559 16065
28559 16065
28559 16065
28559 16065
28575 16037
28575 16037
28575 16037
28575 16037
28575 16037
28575 16037
28575 16037
28575 16037
28575 16037
28575 16037
28575 16037
28591 16009
28591 16009
28591 16009
28591 16009
28591 16009
28591 16009
28591 16009
28591 16009
28591 16009
28591 16009
28606 15981
28606 15981
28606 15981
28606 15981
28606 15981
28606 15981
28606 15981
28606 15981
28606 15981
28606 15981
28622 15954
28622 15954
28622 15954
28622 15954
28622 15954
28622 15954
28622 15954
28622 15954
28622 15954
28622 15954
28638 15926
28638 15926
28638 15926
28638 15926
28638 15926
28638 15926
28638 15926
28638 15926
28638 15926
28638 15926
28654 15898
28654 15898
28654 15898
28654 15898
28654 15898
28654 15898
28654 15898
28654 15898
28654 15898
28654 15898
28668 15869
28668 15869
28668 15869
28668 15869
28668 15869
28668 15869
28668 15869
28668 15869
28668 15869
28668 15869
28684 15842
28684 15842
28684 15842
28684 15842
28684 15842
28684 15842
28684 15842
28684 15842
28684 15842
28684 15842
28700 15814
28700 15814
28700 15814
28700 15814
28700 15814
28700 15814
28700 15814
28700 15814
28700 15814
28700 15814
28700 15814
28715 15787
28715 15787
28715 15787
28709 15797
28709 15797
28709 15797
28709 15797
28725 15769
28725 15769
28725 15769
28725 15769
28725 15769
28725 15769
28725 15769
28725 15769
28725 15769
28725 15769
28740 15741
28740 15741
28740 15741
28740 15741
28740 15741
28740 15741
28740 15741
28740 15741
28740 15741
28740 15741
28740 15741
28755 15712
28755 15712
28755 15712
28755 15712
28755 15712
28755 15712
28755 15712
28755 15712
28755 15712
28755 15712
28771 15685
28771 15685
28771 15685
28771 15685
28771 15685
28771 15685
28771 15685
28771 15685
28771 15685
28771 15685
28786 15657
28786 15657
28786 15657
28786 15657
28786 15657
28786 15657
28786 15657
28786 15657
28786 15657
28786 15657
28801 15628
28801 15628
28801 15628
28801 15628
28801 15628
28801 15628
28801 15628
28801 15628
28801 15628
28801 15628
28816 15600
28816 15600
28816 15600
28816 15600
28816 15600
28816 15600
28816 15600
28816 15600
28816 15600
28816 15600
28831 15572
28831 15572
28831 15572
28831 15572
28831 15572
28831 15572
28831 15572
28831 15572
28831 15572
28831 15572
28846 15544
28846 15544
28846 15544
28846 15544
28846 15544
28846 15544
28846 15544
28846 15544
28846 15544
28846 15544
28861 15516
28861 15516
28861 15516
28861 15516
28861 15516
28861 15516
28861 15516
28861 15516
28861 15516
28861 15516
28861 15516
28876 15488
28876 15488
28876 15488
28876 15488
28876 15488
28876 15488
28876 15488
28876 15488
28876 15488
28876 15488
28891 15460
28891 15460
28891 15460
28891 15460
28891 15460
28891 15460
28891 15460
28891 15460
28891 15460
28891 15460
28906 15432
28906 15432
28898 15447
28898 15447
28898 15447
28913 15419
28913 15419
28913 15419
28913 15419
28913 15419
28913 15419
28913 15419
28913 15419
28913 15419
28913 15419
28928 15391
28928 15391
28928 15391
28928 15391
28928 15391
28928 15391
28928 15391
28928 15391
28928 15391
28928 15391
28943 15363
28943 15363
28943 15363
28943 15363
28943 15363
28943 15363
28943 15363
28943 15363
28943 15363
28943 15363
28958 15335
28958 15335
28958 15335
28958 15335
28958 15335
28958 15335
28958 15335
28958 15335
28958 15335
28958 15335
28958 15335
28973 15306
28973 15306
28973 15306
28973 15306
28973 15306
28973 15306
28973 15306
28973 15306
28973 15306
28973 15306
28988 15278
28988 15278
28988 15278
28988 15278
28988 15278
28988 15278
28988 15278
28988 15278
28988 15278
28988 15278
29003 15251
29003 15251
29003 15251
29003 15251
29003 15251
29003 15251
29003 15251
29003 15251
29003 15251
29003 15251
29019 15222
29019 15222
29019 15222
29019 15222
29019 15222
29019 15222
29019 15222
29019 15222
29019 15222
29019 15222
29034 15193
29034 15193
29034 15193
29034 15193
29034 15193
29034 15193
29034 15193
29034 15193
29034 15193
29034 15193
29048 15165
29048 15165
29048 15165
29048 15165
29048 15165
29048 15165
29048 15165
29048 15165
29048 15165
29048 15165
29062 15137
29062 15137
29062 15137
29062 15137
29062 15137
29062 15137
29062 15137
29062 15137
29062 15137
29062 15137
29078 15108
29078 15108
29078 15108
29078 15108
29078 15108
29078 15108
29078 15108
29078 15108
29078 15108
29078 15108
29078 15108
29093 15081
29093 15081
29093 15081
29085 15091
29085 15091
29085 15091
29085 15091
29100 15063
29100 15063
29100 15063
29100 15063
29100 15063
29100 15063
29100 15063
29100 15063
29100 15063
29100 15063
29114 15035
29114 15035
29114 15035
29114 15035
29114 15035
29114 15035
29114 15035
29114 15035
29114 15035
29114 15035
29114 15035
29129 15006
29129 15006
29129 15006
29129 15006
29129 15006
29129 15006
29129 15006
29129 15006
29129 15006
29129 15006
29144 14978
29144 14978
29144 14978
29144 14978
29144 14978
29144 14978
29144 14978
29144 14978
29144 14978
29144 14978
29158 14950
29158 14950
29158 14950
29158 14950
29158 14950
29158 14950
29158 14950
29158 14950
29158 14950
29158 14950
29173 14921
29173 14921
29173 14921
29173 14921
29173 14921
29173 14921
29173 14921
29173 14921
29173 14921
29173 14921
29187 14892
29187 14892
29187 14892
29187 14892
29187 14892
29187 14892
29187 14892
29187 14892
29187 14892
29187 14892
29202 14864
29202 14864
29202 14864
29202 14864
29202 14864
29202 14864
29202 14864
29202 14864
29202 14864
29202 14864
29216 14836
29216 14836
29216 14836
29216 14836
29216 14836
29216 14836
29216 14836
29216 14836
29216 14836
29216 14836
29230 14807
29230 14807
29230 14807
29230 14807
29230 14807
29230 14807
29230 14807
29230 14807
29230 14807
29230 14807
29230 14807
29244 14779
29244 14779
29244 14779
29244 14779
29244 14779
29244 14779
29244 14779
29244 14779
29244 14779
29244 14779
29259 14750
29259 14750
29259 14750
29259 14750
29259 14750
29259 14750
29259 14750
29259 14750
29259 14750
29259 14750
29273 14722
29273 14722
29266 14737
29266 14737
29266 14737
29279 14709
29279 14709
29279 14709
29279 14709
29279 14709
29279 14709
29279 14709
29279 14709
29279 14709
29279 14709
29294 14680
29294 14680
29294 14680
29294 14680
29294 14680
29294 14680
29294 14680
29294 14680
29294 14680
29294 14680
29308 14652
29308 14652
29308 14652
29308 14652
29308 14652
29308 14652
29308 14652
29308 14652
29308 14652
29308 14652
29323 14623
29323 14623
29323 14623
29323 14623
29323 14623
29323 14623
29323 14623
29323 14623
29323 14623
29323 14623
29323 14623
29337 14595
29337 14595
29337 14595
29337 14595
29337 14595
29337 14595
29337 14595
29337 14595
29337 14595
29337 14595
29351 14566
29351 14566
29351 14566
29351 14566
29351 14566
29351 14566
29351 14566
29351 14566
29351 14566
29351 14566
29365 14538
29365 14538
29365 14538
29365 14538
29365 14538
29365 14538
29365 14538
29365 14538
29365 14538
29365 14538
29380 14509
29380 14509
29380 14509
29380 14509
29380 14509
29380 14509
29380 14509
29380 14509
29380 14509
29380 14509
29395 14480
29395 14480
29395 14480
29395 14480
29395 14480
29395 14480
29395 14480
29395 14480
29395 14480
29395 14480
29408 14451
29408 14451
29408 14451
29408 14451
29408 14451
29408 14451
29408 14451
29408 14451
29408 14451
29408 14451
29422 14424
29422 14424
29422 14424
29422 14424
29422 14424
29422 14424
29422 14424
29422 14424
29422 14424
29422 14424
29437 14394
29437 14394
29437 14394
29437 14394
29437 14394
29437 14394
29437 14394
29437 14394
29437 14394
29437 14394
29437 14394
29451 14366
29451 14366
29451 14366
29444 14380
29444 14380
29444 14380
29444 14380
29458 14351
29458 14351
29458 14351
29458 14351
29458 14351
29458 14351
29458 14351
29458 14351
29458 14351
29458 14351
29472 14322
29472 14322
29472 14322
29472 14322
29472 14322
29472 14322
29472 14322
29472 14322
29472 14322
29472 14322
29472 14322
29486 14293
29486 14293
29486 14293
29486 14293
29486 14293
29486 14293
29486 14293
29486 14293
29486 14293
29486 14293
29500 14265
29500 14265
29500 14265
29500 14265
29500 14265
29500 14265
29500 14265
29500 14265
29500 14265
29500 14265
29513 14237
29513 14237
29513 14237
29513 14237
29513 14237
29513 14237
29513 14237
29513 14237
29513 14237
29513 14237
29528 14207
29528 14207
29528 14207
29528 14207
29528 14207
29528 14207
29528 14207
29528 14207
29528 14207
29528 14207
29541 14178
29541 14178
29541 14178
29541 14178
29541 14178
29541 14178
29541 14178
29541 14178
29541 14178
29541 14178
29555 14149
29555 14149
29555 14149
29555 14149
29555 14149
29555 14149
29555 14149
29555 14149
29555 14149
29555 14149
29568 14121
29568 14121
29568 14121
29568 14121
29568 14121
29568 14121
29568 14121
29568 14121
29568 14121
29568 14121
29582 14092
29582 14092
29582 14092
29582 14092
29582 14092
29582 14092
29582 14092
29582 14092
29582 14092
29582 14092
29582 14092
29596 14063
29596 14063
29596 14063
29596 14063
29596 14063
29596 14063
29596 14063
29596 14063
29596 14063
29596 14063
29609 14034
29609 14034
29609 14034
29609 14034
29609 14034
29609 14034
29609 14034
29609 14034
29609 14034
29609 14034
29623 14005
29623 14005
29616 14021
29616 14021
29616 14021
29629 13993
29629 13993
29629 13993
29629 13993
29629 13993
29629 13993
29629 13993
29629 13993
29629 13993
29629 13993
29643 13964
29643 13964
29643 13964
29643 13964
29643 13964
29643 13964
29643 13964
29643 13964
29643 13964
29643 13964
29656 13935
29656 13935
29656 13935
29656 13935
29656 13935
29656 13935
29656 13935
29656 13935
29656 13935
29656 13935
29670 13906
29670 13906
29670 13906
29670 13906
29670 13906
29670 13906
29670 13906
29670 13906
29670 13906
29670 13906
29670 13906
29684 13877
29684 13877
29684 13877
29684 13877
29684 13877
29684 13877
29684 13877
29684 13877
29684 13877
29684 13877
29697 13848
29697 13848
29697 13848
29697 13848
29697 13848
29697 13848
29697 13848
29697 13848
29697 13848
29697 13848
29711 13820
29711 13820
29711 13820
29711 13820
29711 13820
29711 13820
29711 13820
29711 13820
29711 13820
29711 13820
29725 13790
29725 13790
29725 13790
29725 13790
29725 13790
29725 13790
29725 13790
29725 13790
29725 13790
29725 13790
29738 13761
29738 13761
29738 13761
29738 13761
29738 13761
29738 13761
29738 13761
29738 13761
29738 13761
29738 13761
29751 13732
29751 13732
29751 13732
29751 13732
29751 13732
29751 13732
29751 13732
29751 13732
29751 13732
29751 13732
29764 13704
29764 13704
29764 13704
29764 13704
29764 13704
29764 13704
29764 13704
29764 13704
29764 13704
29764 13704
29779 13674
29779 13674
29779 13674
29779 13674
29779 13674
29779 13674
29779 13674
29779 13674
29779 13674
29779 13674
29779 13674
29792 13646
29792 13646
29792 13646
29786 13658
29786 13658
29786 13658
29786 13658
29800 13629
29800 13629
29800 13629
29800 13629
29800 13629
29800 13629
29800 13629
29800 13629
29800 13629
29800 13629
29812 13600
29812 13600
29812 13600
29812 13600
29812 13600
29812 13600
29812 13600
29812 13600
29812 13600
29812 13600
29812 13600
29825 13571
29825 13571
29825 13571
29825 13571
29825 13571
29825 13571
29825 13571
29825 13571
29825 13571
29825 13571
29839 13542
29839 13542
29839 13542
29839 13542
29839 13542
29839 13542
29839 13542
29839 13542
29839 13542
29839 13542
29852 13513
29852 13513
29852 13513
29852 13513
29852 13513
29852 13513
29852 13513
29852 13513
29852 13513
29852 13513
29865 13483
29865 13483
29865 13483
29865 13483
29865 13483
29865 13483
29865 13483
29865 13483
29865 13483
29865 13483
29878 13454
29878 13454
29878 13454
29878 13454
29878 13454
29878 13454
29878 13454
29878 13454
29878 13454
29878 13454
29891 13425
29891 13425
29891 13425
29891 13425
29891 13425
29891 13425
29891 13425
29891 13425
29891 13425
29891 13425
29904 13396
29904 13396
29904 13396
29904 13396
29904 13396
29904 13396
29904 13396
29904 13396
29904 13396
29904 13396
29917 13367
29917 13367
29917 13367
29917 13367
29917 13367
29917 13367
29917 13367
29917 13367
29917 13367
29917 13367
29917 13367
29930 13338
29930 13338
29930 13338
29930 13338
29930 13338
29930 13338
29930 13338
29930 13338
29930 13338
29930 13338
29943 13309
29943 13309
29943 13309
29943 13309
29943 13309
29943 13309
29943 13309
29943 13309
29943 13309
29943 13309
29956 13279
29956 13279
29949 13295
29949 13295
29949 13295
29961 13267
29961 13267
29961 13267
29961 13267
29961 13267
29961 13267
29961 13267
29961 13267
29961 13267
29961 13267
29974 13237
29974 13237
29974 13237
29974 13237
29974 13237
29974 13237
29974 13237
29974 13237
29974 13237
29974 13237
29987 13208
29987 13208
29987 13208
29987 13208
29987 13208
29987 13208
29987 13208
29987 13208
29987 13208
29987 13208
30000 13179
30000 13179
30000 13179
30000 13179
30000 13179
30000 13179
30000 13179
30000 13179
30000 13179
30000 13179
30000 13179
30013 13150
30013 13150
30013 13150
30013 13150
30013 13150
30013 13150
30013 13150
30013 13150
30013 13150
30013 13150
30026 13120
30026 13120
30026 13120
30026 13120
30026 13120
30026 13120
30026 13120
30026 13120
30026 13120
30026 13120
30039 13092
30039 13092
30039 13092
30039 13092
30039 13092
30039 13092
30039 13092
30039 13092
30039 13092
30039 13092
30052 13062
30052 13062
30052 13062
30052 13062
30052 13062
30052 13062
30052 13062
30052 13062
30052 13062
30052 13062
30065 13033
30065 13033
30065 13033
30065 13033
30065 13033
30065 13033
30065 13033
30065 13033
30065 13033
30065 13033
30077 13003
30077 13003
30077 13003
30077 13003
30077 13003
30077 13003
30077 13003
30077 13003
30077 13003
30077 13003
30090 12975
30090 12975
30090 12975
30090 12975
30090 12975
30090 12975
30090 12975
30090 12975
30090 12975
30090 12975
30103 12944
30103 12944
30103 12944
30103 12944
30103 12944
30103 12944
30103 12944
30103 12944
30103 12944
30103 12944
30103 12944
30116 12916
30116 12916
30116 12916
30110 12927
30110 12927
30110 12927
30110 12927
30123 12898
30123 12898
30123 12898
30123 12898
30123 12898
30123 12898
30123 12898
30123 12898
30123 12898
30123 12898
30135 12868
30135 12868
30135 12868
30135 12868
30135 12868
30135 12868
30135 12868
30135 12868
30135 12868
30135 12868
30135 12868
30147 12839
30147 12839
30147 12839
30147 12839
30147 12839
30147 12839
30147 12839
30147 12839
30147 12839
30147 12839
30161 12809
30161 12809
30161 12809
30161 12809
30161 12809
30161 12809
30161 12809
30161 12809
30161 12809
30161 12809
30172 12781
30172 12781
30172 12781
30172 12781
30172 12781
30172 12781
30172 12781
30172 12781
30172 12781
30172 12781
30185 12750
30185 12750
30185 12750
30185 12750
30185 12750
30185 12750
30185 12750
30185 12750
30185 12750
30185 12750
30197 12721
30197 12721
30197 12721
30197 12721
30197 12721
30197 12721
30197 12721
30197 12721
30197 12721
30197 12721
30210 12691
30210 12691
30210 12691
30210 12691
30210 12691
30210 12691
30210 12691
30210 12691
30210 12691
30210 12691
30221 12663
30221 12663
30221 12663
30221 12663
30221 12663
30221 12663
30221 12663
30221 12663
30221 12663
30221 12663
30234 12633
30234 12633
30234 12633
30234 12633
30234 12633
30234 12633
30234 12633
30234 12633
30234 12633
30234 12633
30234 12633
30246 12603
30246 12603
30246 12603
30246 12603
30246 12603
30246 12603
30246 12603
30246 12603
30246 12603
30246 12603
30258 12574
30258 12574
30258 12574
30258 12574
30258 12574
30258 12574
30258 12574
30258 12574
30258 12574
30258 12574
30271 12544
30271 12544
30264 12560
30264 12560
30264 12560
30276 12531
30276 12531
30276 12531
30276 12531
30276 12531
30276 12531
30276 12531
30276 12531
30276 12531
30276 12531
30288 12502
30288 12502
30288 12502
30288 12502
30288 12502
30288 12502
30288 12502
30288 12502
30288 12502
30288 12502
30300 12472
30300 12472
30300 12472
30300 12472
30300 12472
30300 12472
30300 12472
30300 12472
30300 12472
30300 12472
30313 12443
30313 12443
30313 12443
30313 12443
30313 12443
30313 12443
30313 12443
30313 12443
30313 12443
30313 12443
30313 12443
30325 12413
30325 12413
30325 12413
30325 12413
30325 12413
30325 12413
30325 12413
30325 12413
30325 12413
30325 12413
30337 12384
30337 12384
30337 12384
30337 12384
30337 12384
30337 12384
30337 12384
30337 12384
30337 12384
30337 12384
30349 12355
30349 12355
30349 12355
30349 12355
30349 12355
30349 12355
30349 12355
30349 12355
30349 12355
30349 12355
30362 12324
30362 12324
30362 12324
30362 12324
30362 12324
30362 12324
30362 12324
30362 12324
30362 12324
30362 12324
30374 12295
30374 12295
30374 12295
30374 12295
30374 12295
30374 12295
30374 12295
30374 12295
30374 12295
30374 12295
30385 12265
30385 12265
30385 12265
30385 12265
30385 12265
30385 12265
30385 12265
30385 12265
30385 12265
30385 12265
30397 12236
30397 12236
30397 12236
30397 12236
30397 12236
30397 12236
30397 12236
30397 12236
30397 12236
30397 12236
30410 12206
30410 12206
30410 12206
30410 12206
30410 12206
30410 12206
30410 12206
30410 12206
30410 12206
30410 12206
30410 12206
30422 12177
30422 12177
30422 12177
30429 12159
30429 12159
30429 12159
30429 12159
30442 12129
30442 12129
30442 12129
30442 12129
30442 12129
30442 12129
30442 12129
30442 12129
30442 12129
30442 12129
30453 12099
30453 12099
30453 12099
30453 12099
30453 12099
30453 12099
30453 12099
30453 12099
30453 12099
30453 12099
30453 12099
30465 12070
30465 12070
30465 12070
30465 12070
30465 12070
30465 12070
30465 12070
30465 12070
30465 12070
30465 12070
30477 12040
30477 12040
30477 12040
30477 12040
30477 12040
30477 12040
30477 12040
30477 12040
30477 12040
30477 12040
30488 12011
30488 12011
30488 12011
30488 12011
30488 12011
30488 12011
30488 12011
30488 12011
30488 12011
30488 12011
30500 11980
30500 11980
30500 11980
30500 11980
30500 11980
30500 11980
30500 11980
30500 11980
30500 11980
30500 11980
30512 11950
30512 11950
30512 11950
30512 11950
30512 11950
30512 11950
30512 11950
30512 11950
30512 11950
30512 11950
30523 11921
30523 11921
30523 11921
30523 11921
30523 11921
30523 11921
30523 11921
30523 11921
30523 11921
30523 11921
30534 11892
30534 11892
30534 11892
30534 11892
30534 11892
30534 11892
30534 11892
30534 11892
30534 11892
30534 11892
30546 11862
30546 11862
30546 11862
30546 11862
30546 11862
30546 11862
30546 11862
30546 11862
30546 11862
30546 11862
30546 11862
30557 11832
30557 11832
30557 11832
30557 11832
30557 11832
30557 11832
30557 11832
30557 11832
30557 11832
30557 11832
30569 11802
30569 11802
30569 11802
30569 11802
30569 11802
30569 11802
30569 11802
30569 11802
30569 11802
30569 11802
30580 11772
30580 11772
30574 11788
30574 11788
30574 11788
30585 11759
30585 11759
30585 11759
30585 11759
30585 11759
30585 11759
30585 11759
30585 11759
30585 11759
30585 11759
30597 11729
30597 11729
30597 11729
30597 11729
30597 11729
30597 11729
30597 11729
30597 11729
30597 11729
30597 11729
30608 11699
30608 11699
30608 11699
30608 11699
30608 11699
30608 11699
30608 11699
30608 11699
30608 11699
30608 11699
30620 11670
30620 11670
30620 11670
30620 11670
30620 11670
30620 11670
30620 11670
30620 11670
30620 11670
30620 11670
30620 11670
30631 11640
30631 11640
30631 11640
30631 11640
30631 11640
30631 11640
30631 11640
30631 11640
30631 11640
30631 11640
30643 11610
30643 11610
30643 11610
30643 11610
30643 11610
30643 11610
30643 11610
30643 11610
30643 11610
30643 11610
30654 11581
30654 11581
30654 11581
30654 11581
30654 11581
30654 11581
30654 11581
30654 11581
30654 11581
30654 11581
30666 11550
30666 11550
30666 11550
30666 11550
30666 11550
30666 11550
30666 11550
30666 11550
30666 11550
30666 11550
30677 11520
30677 11520
30677 11520
30677 11520
30677 11520
30677 11520
30677 11520
30677 11520
30677 11520
30677 11520
30688 11490
30688 11490
30688 11490
30688 11490
30688 11490
30688 11490
30688 11490
30688 11490
30688 11490
30688 11490
30699 11461
30699 11461
30699 11461
30699 11461
30699 11461
30699 11461
30699 11461
30699 11461
30699 11461
30699 11461
30711 11430
30711 11430
30711 11430
30711 11430
30711 11430
30711 11430
30711 11430
30711 11430
30711 11430
30711 11430
30711 11430
30722 11401
30722 11401
30722 11401
30715 11412
30715 11412
30715 11412
30715 11412
30727 11382
30727 11382
30727 11382
30727 11382
30727 11382
30727 11382
30727 11382
30727 11382
30727 11382
30727 11382
30738 11352
30738 11352
30738 11352
30738 11352
30738 11352
30738 11352
30738 11352
30738 11352
30738 11352
30738 11352
30738 11352
30749 11322
30749 11322
30749 11322
30749 11322
30749 11322
30749 11322
30749 11322
30749 11322
30749 11322
30749 11322
30760 11292
30760 11292
30760 11292
30760 11292
30760 11292
30760 11292
30760 11292
30760 11292
30760 11292
30760 11292
30771 11263
30771 11263
30771 11263
30771 11263
30771 11263
30771 11263
30771 11263
30771 11263
30771 11263
30771 11263
30782 11232
30782 11232
30782 11232
30782 11232
30782 11232
30782 11232
30782 11232
30782 11232
30782 11232
30782 11232
30793 11202
30793 11202
30793 11202
30793 11202
30793 11202
30793 11202
30793 11202
30793 11202
30793 11202
30793 11202
30804 11172
30804 11172
30804 11172
30804 11172
30804 11172
30804 11172
30804 11172
30804 11172
30804 11172
30804 11172
30814 11143
30814 11143
30814 11143
30814 11143
30814 11143
30814 11143
30814 11143
30814 11143
30814 11143
30814 11143
30825 11113
30825 11113
30825 11113
30825 11113
30825 11113
30825 11113
30825 11113
30825 11113
30825 11113
30825 11113
30825 11113
30836 11082
30836 11082
30836 11082
30836 11082
30836 11082
30836 11082
30836 11082
30836 11082
30836 11082
30836 11082
30846 11052
30846 11052
30846 11052
30846 11052
30846 11052
30846 11052
30846 11052
30846 11052
30846 11052
30846 11052
30857 11022
30857 11022
30851 11038
30851 11038
30851 11038
30862 11009
30862 11009
30862 11009
30862 11009
30862 11009
30862 11009
30862 11009
30862 11009
30862 11009
30862 11009
30873 10979
30873 10979
30873 10979
30873 10979
30873 10979
30873 10979
30873 10979
30873 10979
30873 10979
30873 10979
30883 10949
30883 10949
30883 10949
30883 10949
30883 10949
30883 10949
30883 10949
30883 10949
30883 10949
30883 10949
30894 10919
30894 10919
30894 10919
30894 10919
30894 10919
30894 10919
30894 10919
30894 10919
30894 10919
30894 10919
30894 10919
30905 10888
30905 10888
30905 10888
30905 10888
30905 10888
30905 10888
30905 10888
30905 10888
30905 10888
30905 10888
30916 10858
30916 10858
30916 10858
30916 10858
30916 10858
30916 10858
30916 10858
30916 10858
30916 10858
30916 10858
30926 10829
30926 10829
30926 10829
30926 10829
30926 10829
30926 10829
30926 10829
30926 10829
30926 10829
30926 10829
30937 10798
30937 10798
30937 10798
30937 10798
30937 10798
30937 10798
30937 10798
30937 10798
30937 10798
30937 10798
30948 10768
30948 10768
30948 10768
30948 10768
30948 10768
30948 10768
30948 10768
30948 10768
30948 10768
30948 10768
30958 10737
30958 10737
30958 10737
30958 10737
30958 10737
30958 10737
30958 10737
30958 10737
30958 10737
30958 10737
30968 10708
30968 10708
30968 10708
30968 10708
30968 10708
30968 10708
30968 10708
30968 10708
30968 10708
30968 10708
30979 10677
30979 10677
30979 10677
30979 10677
30979 10677
30979 10677
30979 10677
30979 10677
30979 10677
30979 10677
30979 10677
30990 10648
30990 10648
30990 10648
30989 10653
30989 10653
30989 10653
30989 10653
31000 10623
31000 10623
31000 10623
31000 10623
31000 10623
31000 10623
31000 10623
31000 10623
31000 10623
31000 10623
31010 10592
31010 10592
31010 10592
31010 10592
31010 10592
31010 10592
31010 10592
31010 10592
31010 10592
31010 10592
31010 10592
31020 10562
31020 10562
31020 10562
31020 10562
31020 10562
31020 10562
31020 10562
31020 10562
31020 10562
31020 10562
31031 10532
31031 10532
31031 10532
31031 10532
31031 10532
31031 10532
31031 10532
31031 10532
31031 10532
31031 10532
31041 10502
31041 10502
31041 10502
31041 10502
31041 10502
31041 10502
31041 10502
31041 10502
31041 10502
31041 10502
31051 10471
31051 10471
31051 10471
31051 10471
31051 10471
31051 10471
31051 10471
31051 10471
31051 10471
31051 10471
31061 10441
31061 10441
31061 10441
31061 10441
31061 10441
31061 10441
31061 10441
31061 10441
31061 10441
31061 10441
31071 10410
31071 10410
31071 10410
31071 10410
31071 10410
31071 10410
31071 10410
31071 10410
31071 10410
31071 10410
31081 10381
31081 10381
31081 10381
31081 10381
31081 10381
31081 10381
31081 10381
31081 10381
31081 10381
31081 10381
31091 10350
31091 10350
31091 10350
31091 10350
31091 10350
31091 10350
31091 10350
31091 10350
31091 10350
31091 10350
31091 10350
31101 10320
31101 10320
31101 10320
31101 10320
31101 10320
31101 10320
31101 10320
31101 10320
31101 10320
31101 10320
31111 10290
31111 10290
31111 10290
31111 10290
31111 10290
31111 10290
31111 10290
31111 10290
31111 10290
31111 10290
31121 10259
31121 10259
31116 10275
31116 10275
31116 10275
31125 10246
31125 10246
31125 10246
31125 10246
31125 10246
31125 10246
31125 10246
31125 10246
31125 10246
31125 10246
31135 10215
31135 10215
31135 10215
31135 10215
31135 10215
31135 10215
31135 10215
31135 10215
31135 10215
31135 10215
31145 10185
31145 10185
31145 10185
31145 10185
31145 10185
31145 10185
31145 10185
31145 10185
31145 10185
31145 10185
31155 10155
31155 10155
31155 10155
31155 10155
31155 10155
31155 10155
31155 10155
31155 10155
31155 10155
31155 10155
31155 10155
31165 10124
31165 10124
31165 10124
31165 10124
31165 10124
31165 10124
31165 10124
31165 10124
31165 10124
31165 10124
31175 10094
31175 10094
31175 10094
31175 10094
31175 10094
31175 10094
31175 10094
31175 10094
31175 10094
31175 10094
31185 10064
31185 10064
31185 10064
31185 10064
31185 10064
31185 10064
31185 10064
31185 10064
31185 10064
31185 10064
31195 10033
31195 10033
31195 10033
31195 10033
31195 10033
31195 10033
31195 10033
31195 10033
31195 10033
31195 10033
31205 10003
31205 10003
31205 10003
31205 10003
31205 10003
31205 10003
31205 10003
31205 10003
31205 10003
31205 10003
31215 9972
31215 9972
31215 9972
31215 9972
31215 9972
31215 9972
31215 9972
31215 9972
31215 9972
31215 9972
31224 9943
31224 9943
31224 9943
31224 9943
31224 9943
31224 9943
31224 9943
31224 9943
31224 9943
31224 9943
31235 9911
31235 9911
31235 9911
31235 9911
31235 9911
31235 9911
31235 9911
31235 9911
31235 9911
31235 9911
31235 9911
31244 9882
31244 9882
31244 9882
31239 9893
31239 9893
31239 9893
31239 9893
31250 9862
31250 9862
31250 9862
31250 9862
31250 9862
31250 9862
31250 9862
31250 9862
31250 9862
31250 9862
31259 9832
31259 9832
31259 9832
31259 9832
31259 9832
31259 9832
31259 9832
31259 9832
31259 9832
31259 9832
31259 9832
31268 9801
31268 9801
31268 9801
31268 9801
31268 9801
31268 9801
31268 9801
31268 9801
31268 9801
31268 9801
31278 9771
31278 9771
31278 9771
31278 9771
31278 9771
31278 9771
31278 9771
31278 9771
31278 9771
31278 9771
31287 9741
31287 9741
31287 9741
31287 9741
31287 9741
31287 9741
31287 9741
31287 9741
31287 9741
31287 9741
31297 9710
31297 9710
31297 9710
31297 9710
31297 9710
31297 9710
31297 9710
31297 9710
31297 9710
31297 9710
31306 9679
31306 9679
31306 9679
31306 9679
31306 9679
31306 9679
31306 9679
31306 9679
31306 9679
31306 9679
31316 9648
31316 9648
31316 9648
31316 9648
31316 9648
31316 9648
31316 9648
31316 9648
31316 9648
31316 9648
31325 9619
31325 9619
31325 9619
31325 9619
31325 9619
31325 9619
31325 9619
31325 9619
31325 9619
31325 9619
31334 9588
31334 9588
31334 9588
31334 9588
31334 9588
31334 9588
31334 9588
31334 9588
31334 9588
31334 9588
31334 9588
31343 9557
31343 9557
31343 9557
31343 9557
31343 9557
31343 9557
31343 9557
31343 9557
31343 9557
31343 9557
31352 9527
31352 9527
31352 9527
31352 9527
31352 9527
31352 9527
31352 9527
31352 9527
31352 9527
31352 9527
31362 9496
31362 9496
31357 9512
31357 9512
31357 9512
31366 9483
31366 9483
31366 9483
31366 9483
31366 9483
31366 9483
31366 9483
31366 9483
31366 9483
31366 9483
31375 9452
31375 9452
31375 9452
31375 9452
31375 9452
31375 9452
31375 9452
31375 9452
31375 9452
31375 9452
31384 9421
31384 9421
31384 9421
31384 9421
31384 9421
31384 9421
31384 9421
31384 9421
31384 9421
31384 9421
31394 9391
31394 9391
31394 9391
31394 9391
31394 9391
31394 9391
31394 9391
31394 9391
31394 9391
31394 9391
31394 9391
31403 9360
31403 9360
31403 9360
31403 9360
31403 9360
31403 9360
31403 9360
31403 9360
31403 9360
31403 9360
31412 9330
31412 9330
31412 9330
31412 9330
31412 9330
31412 9330
31412 9330
31412 9330
31412 9330
31412 9330
31421 9300
31421 9300
31421 9300
31421 9300
31421 9300
31421 9300
31421 9300
31421 9300
31421 9300
31421 9300
31431 9268
31431 9268
31431 9268
31431 9268
31431 9268
31431 9268
31431 9268
31431 9268
31431 9268
31431 9268
31440 9238
31440 9238
31440 9238
31440 9238
31440 9238
31440 9238
31440 9238
31440 9238
31440 9238
31440 9238
31448 9207
31448 9207
31448 9207
31448 9207
31448 9207
31448 9207
31448 9207
31448 9207
31448 9207
31448 9207
31457 9177
31457 9177
31457 9177
31457 9177
31457 9177
31457 9177
31457 9177
31457 9177
31457 9177
31457 9177
31467 9146
31467 9146
31467 9146
31467 9146
31467 9146
31467 9146
31467 9146
31467 9146
31467 9146
31467 9146
31467 9146
31476 9116
31476 9116
31476 9116
31471 9128
31471 9128
31471 9128
31471 9128
31480 9097
31480 9097
31480 9097
31480 9097
31480 9097
31480 9097
31480 9097
31480 9097
31480 9097
31480 9097
31489 9066
31489 9066
31489 9066
31489 9066
31489 9066
31489 9066
31489 9066
31489 9066
31489 9066
31489 9066
31489 9066
31497 9035
31497 9035
31497 9035
31497 9035
31497 9035
31497 9035
31497 9035
31497 9035
31497 9035
31497 9035
31507 9005
31507 9005
31507 9005
31507 9005
31507 9005
31507 9005
31507 9005
31507 9005
31507 9005
31507 9005
31515 8975
31515 8975
31515 8975
31515 8975
31515 8975
31515 8975
31515 8975
31515 8975
31515 8975
31515 8975
31524 8943
31524 8943
31524 8943
31524 8943
31524 8943
31524 8943
31524 8943
31524 8943
31524 8943
31524 8943
31533 8912
31533 8912
31533 8912
31533 8912
31533 8912
31533 8912
31533 8912
31533 8912
31533 8912
31533 8912
31541 8881
31541 8881
31541 8881
31541 8881
31541 8881
31541 8881
31541 8881
31541 8881
31541 8881
31541 8881
31549 8851
31549 8851
31549 8851
31549 8851
31549 8851
31549 8851
31549 8851
31549 8851
31549 8851
31549 8851
31558 8821
31558 8821
31558 8821
31558 8821
31558 8821
31558 8821
31558 8821
31558 8821
31558 8821
31558 8821
31558 8821
31566 8790
31566 8790
31566 8790
31566 8790
31566 8790
31566 8790
31566 8790
31566 8790
31566 8790
31566 8790
31575 8759
31575 8759
31575 8759
31575 8759
31575 8759
31575 8759
31575 8759
31575 8759
31575 8759
31575 8759
31583 8728
31583 8728
31579 8744
31579 8744
31579 8744
31587 8715
31587 8715
31587 8715
31587 8715
31587 8715
31587 8715
31587 8715
31587 8715
31587 8715
31587 8715
31596 8684
31596 8684
31596 8684
31596 8684
31596 8684
31596 8684
31596 8684
31596 8684
31596 8684
31596 8684
31604 8653
31604 8653
31604 8653
31604 8653
31604 8653
31604 8653
31604 8653
31604 8653
31604 8653
31604 8653
31613 8622
31613 8622
31613 8622
31613 8622
31613 8622
31613 8622
31613 8622
31613 8622
31613 8622
31613 8622
31613 8622
31621 8591
31621 8591
31621 8591
31621 8591
31621 8591
31621 8591
31621 8591
31621 8591
31621 8591
31621 8591
31630 8560
31630 8560
31630 8560
31630 8560
31630 8560
31630 8560
31630 8560
31630 8560
31630 8560
31630 8560
31638 8530
31638 8530
31638 8530
31638 8530
31638 8530
31638 8530
31638 8530
31638 8530
31638 8530
31638 8530
31647 8499
31647 8499
31647 8499
31647 8499
31647 8499
31647 8499
31647 8499
31647 8499
31647 8499
31647 8499
31655 8468
31655 8468
31655 8468
31655 8468
31655 8468
31655 8468
31655 8468
31655 8468
31655 8468
31655 8468
31663 8437
31663 8437
31663 8437
31663 8437
31663 8437
31663 8437
31663 8437
31663 8437
31663 8437
31663 8437
31671 8407
31671 8407
31671 8407
31671 8407
31671 8407
31671 8407
31671 8407
31671 8407
31671 8407
31671 8407
31680 8375
31680 8375
31680 8375
31680 8375
31680 8375
31680 8375
31680 8375
31680 8375
31680 8375
31680 8375
31680 8375
31688 8345
31688 8345
31688 8345
31684 8357
31684 8357
31684 8357
31684 8357
31693 8326
31693 8326
31693 8326
31693 8326
31693 8326
31693 8326
31693 8326
31693 8326
31693 8326
31693 8326
31701 8295
31701 8295
31701 8295
31701 8295
31701 8295
31701 8295
31701 8295
31701 8295
31701 8295
31701 8295
31701 8295
31709 8264
31709 8264
31709 8264
31709 8264
31709 8264
31709 8264
31709 8264
31709 8264
31709 8264
31709 8264
31717 8233
31717 8233
31717 8233
31717 8233
31717 8233
31717 8233
31717 8233
31717 8233
31717 8233
31717 8233
31725 8203
31725 8203
31725 8203
31725 8203
31725 8203
31725 8203
31725 8203
31725 8203
31725 8203
31725 8203
31733 8171
31733 8171
31733 8171
31733 8171
31733 8171
31733 8171
31733 8171
31733 8171
31733 8171
31733 8171
31741 8140
31741 8140
31741 8140
31741 8140
31741 8140
31741 8140
31741 8140
31741 8140
31741 8140
31741 8140
31749 8109
31749 8109
31749 8109
31749 8109
31749 8109
31749 8109
31749 8109
31749 8109
31749 8109
31749 8109
31756 8079
31756 8079
31756 8079
31756 8079
31756 8079
31756 8079
31756 8079
31756 8079
31756 8079
31756 8079
31764 8048
31764 8048
31764 8048
31764 8048
31764 8048
31764 8048
31764 8048
31764 8048
31764 8048
31764 8048
31764 8048
31772 8017
31772 8017
31772 8017
31772 8017
31772 8017
31772 8017
31772 8017
31772 8017
31772 8017
31772 8017
31779 7986
31779 7986
31779 7986
31779 7986
31779 7986
31779 7986
31779 7986
31779 7986
31779 7986
31779 7986
31787 7955
31787 7955
31783 7972
31783 7972
31783 7972
31791 7941
31791 7941
31791 7941
31791 7941
31791 7941
31791 7941
31791 7941
31791 7941
31791 7941
31791 7941
31798 7910
31798 7910
31798 7910
31798 7910
31798 7910
31798 7910
31798 7910
31798 7910
31798 7910
31798 7910
31806 7879
31806 7879
31806 7879
31806 7879
31806 7879
31806 7879
31806 7879
31806 7879
31806 7879
31806 7879
31814 7848
31814 7848
31814 7848
31814 7848
31814 7848
31814 7848
31814 7848
31814 7848
31814 7848
31814 7848
31814 7848
31822 7817
31822 7817
31822 7817
31822 7817
31822 7817
31822 7817
31822 7817
31822 7817
31822 7817
31822 7817
31830 7786
31830 7786
31830 7786
31830 7786
31830 7786
31830 7786
31830 7786
31830 7786
31830 7786
31830 7786
31837 7756
31837 7756
31837 7756
31837 7756
31837 7756
31837 7756
31837 7756
31837 7756
31837 7756
31837 7756
31845 7724
31845 7724
31845 7724
31845 7724
31845 7724
31845 7724
31845 7724
31845 7724
31845 7724
31845 7724
31853 7693
31853 7693
31853 7693
31853 7693
31853 7693
31853 7693
31853 7693
31853 7693
31853 7693
31853 7693
31860 7662
31860 7662
31860 7662
31860 7662
31860 7662
31860 7662
31860 7662
31860 7662
31860 7662
31860 7662
31867 7632
31867 7632
31867 7632
31867 7632
31867 7632
31867 7632
31867 7632
31867 7632
31867 7632
31867 7632
31875 7600
31875 7600
31875 7600
31875 7600
31875 7600
31875 7600
31875 7600
31875 7600
31875 7600
31875 7600
31875 7600
31883 7570
31883 7570
31883 7570
31878 7581
31878 7581
31878 7581
31878 7581
31886 7550
31886 7550
31886 7550
31886 7550
31886 7550
31886 7550
31886 7550
31886 7550
31886 7550
31886 7550
31893 7519
31893 7519
31893 7519
31893 7519
31893 7519
31893 7519
31893 7519
31893 7519
31893 7519
31893 7519
31893 7519
31900 7488
31900 7488
31900 7488
31900 7488
31900 7488
31900 7488
31900 7488
31900 7488
31900 7488
31900 7488
31908 7457
31908 7457
31908 7457
31908 7457
31908 7457
31908 7457
31908 7457
31908 7457
31908 7457
31908 7457
31915 7427
31915 7427
31915 7427
31915 7427
31915 7427
31915 7427
31915 7427
31915 7427
31915 7427
31915 7427
31922 7395
31922 7395
31922 7395
31922 7395
31922 7395
31922 7395
31922 7395
31922 7395
31922 7395
31922 7395
31929 7363
31929 7363
31929 7363
31929 7363
31929 7363
31929 7363
31929 7363
31929 7363
31929 7363
31929 7363
31936 7332
31936 7332
31936 7332
31936 7332
31936 7332
31936 7332
31936 7332
31936 7332
31936 7332
31936 7332
31943 7302
31943 7302
31943 7302
31943 7302
31943 7302
31943 7302
31943 7302
31943 7302
31943 7302
31943 7302
31950 7271
31950 7271
31950 7271
31950 7271
31950 7271
31950 7271
31950 7271
31950 7271
31950 7271
31950 7271
31950 7271
31957 7239
31957 7239
31957 7239
31957 7239
31957 7239
31957 7239
31957 7239
31957 7239
31957 7239
31957 7239
31964 7208
31964 7208
31964 7208
31964 7208
31964 7208
31964 7208
31964 7208
31964 7208
31964 7208
31964 7208
31971 7177
31971 7177
31967 7194
31967 7194
31967 7194
31974 7163
31974 7163
31974 7163
31974 7163
31974 7163
31974 7163
31974 7163
31974 7163
31974 7163
31974 7163
31981 7132
31981 7132
31981 7132
31981 7132
31981 7132
31981 7132
31981 7132
31981 7132
31981 7132
31981 7132
31988 7101
31988 7101
31988 7101
31988 7101
31988 7101
31988 7101
31988 7101
31988 7101
31988 7101
31988 7101
31995 7070
31995 7070
31995 7070
31995 7070
31995 7070
31995 7070
31995 7070
31995 7070
31995 7070
31995 7070
31995 7070
32002 7038
32002 7038
32002 7038
32002 7038
32002 7038
32002 7038
32002 7038
32002 7038
32002 7038
32002 7038
32009 7007
32009 7007
32009 7007
32009 7007
32009 7007
32009 7007
32009 7007
32009 7007
32009 7007
32009 7007
32016 6977
32016 6977
32016 6977
32016 6977
32016 6977
32016 6977
32016 6977
32016 6977
32016 6977
32016 6977
32023 6945
32023 6945
32023 6945
32023 6945
32023 6945
32023 6945
32023 6945
32023 6945
32023 6945
32023 6945
32030 6914
32030 6914
32030 6914
32030 6914
32030 6914
32030 6914
32030 6914
32030 6914
32030 6914
32030 6914
32036 6882
32036 6882
32036 6882
32036 6882
32036 6882
32036 6882
32036 6882
32036 6882
32036 6882
32036 6882
32043 6852
32043 6852
32043 6852
32043 6852
32043 6852
32043 6852
32043 6852
32043 6852
32043 6852
32043 6852
32050 6820
32050 6820
32050 6820
32050 6820
32050 6820
32050 6820
32050 6820
32050 6820
32050 6820
32050 6820
32050 6820
32057 6789
32057 6789
32057 6789
32055 6805
32055 6805
32055 6805
32055 6805
32062 6773
32062 6773
32062 6773
32062 6773
32062 6773
32062 6773
32062 6773
32062 6773
32062 6773
32062 6773
32068 6742
32068 6742
32068 6742
32068 6742
32068 6742
32068 6742
32068 6742
32068 6742
32068 6742
32068 6742
32068 6742
32074 6711
32074 6711
32074 6711
32074 6711
32074 6711
32074 6711
32074 6711
32074 6711
32074 6711
32074 6711
32082 6679
32082 6679
32082 6679
32082 6679
32082 6679
32082 6679
32082 6679
32082 6679
32082 6679
32082 6679
32088 6649
32088 6649
32088 6649
32088 6649
32088 6649
32088 6649
32088 6649
32088 6649
32088 6649
32088 6649
32094 6617
32094 6617
32094 6617
32094 6617
32094 6617
32094 6617
32094 6617
32094 6617
32094 6617
32094 6617
32100 6585
32100 6585
32100 6585
32100 6585
32100 6585
32100 6585
32100 6585
32100 6585
32100 6585
32100 6585
32107 6554
32107 6554
32107 6554
32107 6554
32107 6554
32107 6554
32107 6554
32107 6554
32107 6554
32107 6554
32113 6524
32113 6524
32113 6524
32113 6524
32113 6524
32113 6524
32113 6524
32113 6524
32113 6524
32113 6524
32119 6492
32119 6492
32119 6492
32119 6492
32119 6492
32119 6492
32119 6492
32119 6492
32119 6492
32119 6492
32119 6492
32125 6461
32125 6461
32125 6461
32125 6461
32125 6461
32125 6461
32125 6461
32125 6461
32125 6461
32125 6461
32132 6429
32132 6429
32132 6429
32132 6429
32132 6429
32132 6429
32132 6429
32132 6429
32132 6429
32132 6429
32138 6398
32138 6398
32134 6415
32134 6415
32134 6415
32141 6384
32141 6384
32141 6384
32141 6384
32141 6384
32141 6384
32141 6384
32141 6384
32141 6384
32141 6384
32147 6353
32147 6353
32147 6353
32147 6353
32147 6353
32147 6353
32147 6353
32147 6353
32147 6353
32147 6353
32153 6321
32153 6321
32153 6321
32153 6321
32153 6321
32153 6321
32153 6321
32153 6321
32153 6321
32153 6321
32159 6290
32159 6290
32159 6290
32159 6290
32159 6290
32159 6290
32159 6290
32159 6290
32159 6290
32159 6290
32159 6290
32166 6259
32166 6259
32166 6259
32166 6259
32166 6259
32166 6259
32166 6259
32166 6259
32166 6259
32166 6259
32172 6227
32172 6227
32172 6227
32172 6227
32172 6227
32172 6227
32172 6227
32172 6227
32172 6227
32172 6227
32178 6197
32178 6197
32178 6197
32178 6197
32178 6197
32178 6197
32178 6197
32178 6197
32178 6197
32178 6197
32184 6165
32184 6165
32184 6165
32184 6165
32184 6165
32184 6165
32184 6165
32184 6165
32184 6165
32184 6165
32191 6133
32191 6133
32191 6133
32191 6133
32191 6133
32191 6133
32191 6133
32191 6133
32191 6133
32191 6133
32196 6102
32196 6102
32196 6102
32196 6102
32196 6102
32196 6102
32196 6102
32196 6102
32196 6102
32196 6102
32202 6071
32202 6071
32202 6071
32202 6071
32202 6071
32202 6071
32202 6071
32202 6071
32202 6071
32202 6071
32208 6039
32208 6039
32208 6039
32208 6039
32208 6039
32208 6039
32208 6039
32208 6039
32208 6039
32208 6039
32208 6039
32214 6008
32214 6008
32214 6008
32216 5990
32216 5990
32216 5990
32216 5990
32222 5958
32222 5958
32222 5958
32222 5958
32222 5958
32222 5958
32222 5958
32222 5958
32222 5958
32222 5958
32228 5927
32228 5927
32228 5927
32228 5927
32228 5927
32228 5927
32228 5927
32228 5927
32228 5927
32228 5927
32228 5927
32233 5895
32233 5895
32233 5895
32233 5895
32233 5895
32233 5895
32233 5895
32233 5895
32233 5895
32233 5895
32240 5864
32240 5864
32240 5864
32240 5864
32240 5864
32240 5864
32240 5864
32240 5864
32240 5864
32240 5864
32245 5833
32245 5833
32245 5833
32245 5833
32245 5833
32245 5833
32245 5833
32245 5833
32245 5833
32245 5833
32251 5801
32251 5801
32251 5801
32251 5801
32251 5801
32251 5801
32251 5801
32251 5801
32251 5801
32251 5801
32256 5769
32256 5769
32256 5769
32256 5769
32256 5769
32256 5769
32256 5769
32256 5769
32256 5769
32256 5769
32261 5738
32261 5738
32261 5738
32261 5738
32261 5738
32261 5738
32261 5738
32261 5738
32261 5738
32261 5738
32267 5707
32267 5707
32267 5707
32267 5707
32267 5707
32267 5707
32267 5707
32267 5707
32267 5707
32267 5707
32272 5676
32272 5676
32272 5676
32272 5676
32272 5676
32272 5676
32272 5676
32272 5676
32272 5676
32272 5676
32272 5676
32278 5644
32278 5644
32278 5644
32278 5644
32278 5644
32278 5644
32278 5644
32278 5644
32278 5644
32278 5644
32283 5612
32283 5612
32283 5612
32283 5612
32283 5612
32283 5612
32283 5612
32283 5612
32283 5612
32283 5612
32289 5581
32289 5581
32286 5598
32286 5598
32286 5598
32291 5567
32291 5567
32291 5567
32291 5567
32291 5567
32291 5567
32291 5567
32291 5567
32291 5567
32291 5567
32296 5536
32296 5536
32296 5536
32296 5536
32296 5536
32296 5536
32296 5536
32296 5536
32296 5536
32296 5536
32302 5504
32302 5504
32302 5504
32302 5504
32302 5504
32302 5504
32302 5504
32302 5504
32302 5504
32302 5504
32307 5473
32307 5473
32307 5473
32307 5473
32307 5473
32307 5473
32307 5473
32307 5473
32307 5473
32307 5473
32307 5473
32313 5441
32313 5441
32313 5441
32313 5441
32313 5441
32313 5441
32313 5441
32313 5441
32313 5441
32313 5441
32318 5410
32318 5410
32318 5410
32318 5410
32318 5410
32318 5410
32318 5410
32318 5410
32318 5410
32318 5410
32324 5379
32324 5379
32324 5379
32324 5379
32324 5379
32324 5379
32324 5379
32324 5379
32324 5379
32324 5379
32329 5346
32329 5346
32329 5346
32329 5346
32329 5346
32329 5346
32329 5346
32329 5346
32329 5346
32329 5346
32335 5315
32335 5315
32335 5315
32335 5315
32335 5315
32335 5315
32335 5315
32335 5315
32335 5315
32335 5315
32339 5283
32339 5283
32339 5283
32339 5283
32339 5283
32339 5283
32339 5283
32339 5283
32339 5283
32339 5283
32344 5253
32344 5253
32344 5253
32344 5253
32344 5253
32344 5253
32344 5253
32344 5253
32344 5253
32344 5253
32350 5220
32350 5220
32350 5220
32350 5220
32350 5220
32350 5220
32350 5220
32350 5220
32350 5220
32350 5220
32350 5220
32355 5190
32355 5190
32355 5190
32353 5201
32353 5201
32353 5201
32353 5201
32358 5170
32358 5170
32358 5170
32358 5170
32358 5170
32358 5170
32358 5170
32358 5170
32358 5170
32358 5170
32363 5138
32363 5138
32363 5138
32363 5138
32363 5138
32363 5138
32363 5138
32363 5138
32363 5138
32363 5138
32363 5138
32368 5106
32368 5106
32368 5106
32368 5106
32368 5106
32368 5106
32368 5106
32368 5106
32368 5106
32368 5106
32373 5075
32373 5075
32373 5075
32373 5075
32373 5075
32373 5075
32373 5075
32373 5075
32373 5075
32373 5075
32378 5044
32378 5044
32378 5044
32378 5044
32378 5044
32378 5044
32378 5044
32378 5044
32378 5044
32378 5044
32383 5012
32383 5012
32383 5012
32383 5012
32383 5012
32383 5012
32383 5012
32383 5012
32383 5012
32383 5012
32387 4980
32387 4980
32387 4980
32387 4980
32387 4980
32387 4980
32387 4980
32387 4980
32387 4980
32387 4980
32392 4948
32392 4948
32392 4948
32392 4948
32392 4948
32392 4948
32392 4948
32392 4948
32392 4948
32392 4948
32397 4918
32397 4918
32397 4918
32397 4918
32397 4918
32397 4918
32397 4918
32397 4918
32397 4918
32397 4918
32401 4886
32401 4886
32401 4886
32401 4886
32401 4886
32401 4886
32401 4886
32401 4886
32401 4886
32401 4886
32401 4886
32406 4854
32406 4854
32406 4854
32406 4854
32406 4854
32406 4854
32406 4854
32406 4854
32406 4854
32406 4854
32411 4823
32411 4823
32411 4823
32411 4823
32411 4823
32411 4823
32411 4823
32411 4823
32411 4823
32411 4823
32415 4791
32415 4791
32413 4808
32413 4808
32413 4808
32417 4777
32417 4777
32417 4777
32417 4777
32417 4777
32417 4777
32417 4777
32417 4777
32417 4777
32417 4777
32422 4745
32422 4745
32422 4745
32422 4745
32422 4745
32422 4745
32422 4745
32422 4745
32422 4745
32422 4745
32427 4714
32427 4714
32427 4714
32427 4714
32427 4714
32427 4714
32427 4714
32427 4714
32427 4714
32427 4714
32431 4682
32431 4682
32431 4682
32431 4682
32431 4682
32431 4682
32431 4682
32431 4682
32431 4682
32431 4682
32431 4682
32436 4650
32436 4650
32436 4650
32436 4650
32436 4650
32436 4650
32436 4650
32436 4650
32436 4650
32436 4650
32441 4619
32441 4619
32441 4619
32441 4619
32441 4619
32441 4619
32441 4619
32441 4619
32441 4619
32441 4619
32445 4588
32445 4588
32445 4588
32445 4588
32445 4588
32445 4588
32445 4588
32445 4588
32445 4588
32445 4588
32450 4556
32450 4556
32450 4556
32450 4556
32450 4556
32450 4556
32450 4556
32450 4556
32450 4556
32450 4556
32455 4524
32455 4524
32455 4524
32455 4524
32455 4524
32455 4524
32455 4524
32455 4524
32455 4524
32455 4524
32459 4492
32459 4492
32459 4492
32459 4492
32459 4492
32459 4492
32459 4492
32459 4492
32459 4492
32459 4492
32463 4461
32463 4461
32463 4461
32463 4461
32463 4461
32463 4461
32463 4461
32463 4461
32463 4461
32463 4461
32468 4429
32468 4429
32468 4429
32468 4429
32468 4429
32468 4429
32468 4429
32468 4429
32468 4429
32468 4429
32468 4429
32472 4398
32472 4398
32472 4398
32470 4410
32470 4410
32470 4410
32470 4410
32475 4378
32475 4378
32475 4378
32475 4378
32475 4378
32475 4378
32475 4378
32475 4378
32475 4378
32475 4378
32479 4346
32479 4346
32479 4346
32479 4346
32479 4346
32479 4346
32479 4346
32479 4346
32479 4346
32479 4346
32479 4346
32483 4314
32483 4314
32483 4314
32483 4314
32483 4314
32483 4314
32483 4314
32483 4314
32483 4314
32483 4314
32488 4283
32488 4283
32488 4283
32488 4283
32488 4283
32488 4283
32488 4283
32488 4283
32488 4283
32488 4283
32492 4252
32492 4252
32492 4252
32492 4252
32492 4252
32492 4252
32492 4252
32492 4252
32492 4252
32492 4252
32496 4219
32496 4219
32496 4219
32496 4219
32496 4219
32496 4219
32496 4219
32496 4219
32496 4219
32496 4219
32500 4188
32500 4188
32500 4188
32500 4188
32500 4188
32500 4188
32500 4188
32500 4188
32500 4188
32500 4188
32504 4156
32504 4156
32504 4156
32504 4156
32504 4156
32504 4156
32504 4156
32504 4156
32504 4156
32504 4156
32507 4125
32507 4125
32507 4125
32507 4125
32507 4125
32507 4125
32507 4125
32507 4125
32507 4125
32507 4125
32511 4093
32511 4093
32511 4093
32511 4093
32511 4093
32511 4093
32511 4093
32511 4093
32511 4093
32511 4093
32511 4093
32515 4061
32515 4061
32515 4061
32515 4061
32515 4061
32515 4061
32515 4061
32515 4061
32515 4061
32515 4061
32519 4030
32519 4030
32519 4030
32519 4030
32519 4030
32519 4030
32519 4030
32519 4030
32519 4030
32519 4030
32523 3998
32523 3998
32521 4015
32521 4015
32521 4015
32525 3984
32525 3984
32525 3984
32525 3984
32525 3984
32525 3984
32525 3984
32525 3984
32525 3984
32525 3984
32529 3952
32529 3952
32529 3952
32529 3952
32529 3952
32529 3952
32529 3952
32529 3952
32529 3952
32529 3952
32533 3921
32533 3921
32533 3921
32533 3921
32533 3921
32533 3921
32533 3921
32533 3921
32533 3921
32533 3921
32537 3889
32537 3889
32537 3889
32537 3889
32537 3889
32537 3889
32537 3889
32537 3889
32537 3889
32537 3889
32537 3889
32540 3857
32540 3857
32540 3857
32540 3857
32540 3857
32540 3857
32540 3857
32540 3857
32540 3857
32540 3857
32544 3825
32544 3825
32544 3825
32544 3825
32544 3825
32544 3825
32544 3825
32544 3825
32544 3825
32544 3825
32548 3794
32548 3794
32548 3794
32548 3794
32548 3794
32548 3794
32548 3794
32548 3794
32548 3794
32548 3794
32552 3762
32552 3762
32552 3762
32552 3762
32552 3762
32552 3762
32552 3762
32552 3762
32552 3762
32552 3762
32556 3730
32556 3730
32556 3730
32556 3730
32556 3730
32556 3730
32556 3730
32556 3730
32556 3730
32556 3730
32559 3698
32559 3698
32559 3698
32559 3698
32559 3698
32559 3698
32559 3698
32559 3698
32559 3698
32559 3698
32563 3667
32563 3667
32563 3667
32563 3667
32563 3667
32563 3667
32563 3667
32563 3667
32563 3667
32563 3667
32567 3635
32567 3635
32567 3635
32567 3635
32567 3635
32567 3635
32567 3635
32567 3635
32567 3635
32567 3635
32567 3635
32571 3604
32571 3604
32571 3604
32567 3617
32567 3617
32567 3617
32567 3617
32571 3585
32571 3585
32571 3585
32571 3585
32571 3585
32571 3585
32571 3585
32571 3585
32571 3585
32571 3585
32574 3553
32574 3553
32574 3553
32574 3553
32574 3553
32574 3553
32574 3553
32574 3553
32574 3553
32574 3553
32574 3553
32578 3521
32578 3521
32578 3521
32578 3521
32578 3521
32578 3521
32578 3521
32578 3521
32578 3521
32578 3521
32582 3490
32582 3490
32582 3490
32582 3490
32582 3490
32582 3490
32582 3490
32582 3490
32582 3490
32582 3490
32585 3459
32585 3459
32585 3459
32585 3459
32585 3459
32585 3459
32585 3459
32585 3459
32585 3459
32585 3459
32588 3426
32588 3426
32588 3426
32588 3426
32588 3426
32588 3426
32588 3426
32588 3426
32588 3426
32588 3426
32591 3394
32591 3394
32591 3394
32591 3394
32591 3394
32591 3394
32591 3394
32591 3394
32591 3394
32591 3394
32594 3362
32594 3362
32594 3362
32594 3362
32594 3362
32594 3362
32594 3362
32594 3362
32594 3362
32594 3362
32597 3331
32597 3331
32597 3331
32597 3331
32597 3331
32597 3331
32597 3331
32597 3331
32597 3331
32597 3331
32600 3299
32600 3299
32600 3299
32600 3299
32600 3299
32600 3299
32600 3299
32600 3299
32600 3299
32600 3299
32600 3299
32604 3268
32604 3268
32604 3268
32604 3268
32604 3268
32604 3268
32604 3268
32604 3268
32604 3268
32604 3268
32607 3236
32607 3236
32607 3236
32607 3236
32607 3236
32607 3236
32607 3236
32607 3236
32607 3236
32607 3236
32610 3204
32610 3204
32608 3221
32608 3221
32608 3221
32611 3190
32611 3190
32611 3190
32611 3190
32611 3190
32611 3190
32611 3190
32611 3190
32611 3190
32611 3190
32614 3158
32614 3158
32614 3158
32614 3158
32614 3158
32614 3158
32614 3158
32614 3158
32614 3158
32614 3158
32618 3126
32618 3126
32618 3126
32618 3126
32618 3126
32618 3126
32618 3126
32618 3126
32618 3126
32618 3126
32621 3094
32621 3094
32621 3094
32621 3094
32621 3094
32621 3094
32621 3094
32621 3094
32621 3094
32621 3094
32621 3094
32624 3063
32624 3063
32624 3063
32624 3063
32624 3063
32624 3063
32624 3063
32624 3063
32624 3063
32624 3063
32627 3031
32627 3031
32627 3031
32627 3031
32627 3031
32627 3031
32627 3031
32627 3031
32627 3031
32627 3031
32630 3000
32630 3000
32630 3000
32630 3000
32630 3000
32630 3000
32630 3000
32630 3000
32630 3000
32630 3000
32633 2967
32633 2967
32633 2967
32633 2967
32633 2967
32633 2967
32633 2967
32633 2967
32633 2967
32633 2967
32636 2935
32636 2935
32636 2935
32636 2935
32636 2935
32636 2935
32636 2935
32636 2935
32636 2935
32636 2935
32639 2903
32639 2903
32639 2903
32639 2903
32639 2903
32639 2903
32639 2903
32639 2903
32639 2903
32639 2903
32642 2872
32642 2872
32642 2872
32642 2872
32642 2872
32642 2872
32642 2872
32642 2872
32642 2872
32642 2872
32645 2840
32645 2840
32645 2840
32645 2840
32645 2840
32645 2840
32645 2840
32645 2840
32645 2840
32645 2840
32645 2840
32648 2809
32648 2809
32648 2809
32646 2825
32646 2825
32646 2825
32646 2825
32649 2793
32649 2793
32649 2793
32649 2793
32649 2793
32649 2793
32649 2793
32649 2793
32649 2793
32649 2793
32652 2761
32652 2761
32652 2761
32652 2761
32652 2761
32652 2761
32652 2761
32652 2761
32652 2761
32652 2761
32652 2761
32654 2729
32654 2729
32654 2729
32654 2729
32654 2729
32654 2729
32654 2729
32654 2729
32654 2729
32654 2729
32657 2697
32657 2697
32657 2697
32657 2697
32657 2697
32657 2697
32657 2697
32657 2697
32657 2697
32657 2697
32660 2666
32660 2666
32660 2666
32660 2666
32660 2666
32660 2666
32660 2666
32660 2666
32660 2666
32660 2666
32662 2633
32662 2633
32662 2633
32662 2633
32662 2633
32662 2633
32662 2633
32662 2633
32662 2633
32662 2633
32665 2601
32665 2601
32665 2601
32665 2601
32665 2601
32665 2601
32665 2601
32665 2601
32665 2601
32665 2601
32667 2570
32667 2570
32667 2570
32667 2570
32667 2570
32667 2570
32667 2570
32667 2570
32667 2570
32667 2570
32669 2539
32669 2539
32669 2539
32669 2539
32669 2539
32669 2539
32669 2539
32669 2539
32669 2539
32669 2539
32672 2507
32672 2507
32672 2507
32672 2507
32672 2507
32672 2507
32672 2507
32672 2507
32672 2507
32672 2507
32672 2507
32674 2475
32674 2475
32674 2475
32674 2475
32674 2475
32674 2475
32674 2475
32674 2475
32674 2475
32674 2475
32676 2443
32676 2443
32676 2443
32676 2443
32676 2443
32676 2443
32676 2443
32676 2443
32676 2443
32676 2443
32679 2411
32679 2411
32677 2428
32677 2428
32677 2428
32680 2397
32680 2397
32680 2397
32680 2397
32680 2397
32680 2397
32680 2397
32680 2397
32680 2397
32680 2397
32682 2365
32682 2365
32682 2365
32682 2365
32682 2365
32682 2365
32682 2365
32682 2365
32682 2365
32682 2365
32684 2333
32684 2333
32684 2333
32684 2333
32684 2333
32684 2333
32684 2333
32684 2333
32684 2333
32684 2333
32687 2301
32687 2301
32687 2301
32687 2301
32687 2301
32687 2301
32687 2301
32687 2301
32687 2301
32687 2301
32687 2301
32689 2269
32689 2269
32689 2269
32689 2269
32689 2269
32689 2269
32689 2269
32689 2269
32689 2269
32689 2269
32692 2237
32692 2237
32692 2237
32692 2237
32692 2237
32692 2237
32692 2237
32692 2237
32692 2237
32692 2237
32694 2207
32694 2207
32694 2207
32694 2207
32694 2207
32694 2207
32694 2207
32694 2207
32694 2207
32694 2207
32696 2174
32696 2174
32696 2174
32696 2174
32696 2174
32696 2174
32696 2174
32696 2174
32696 2174
32696 2174
32699 2142
32699 2142
32699 2142
32699 2142
32699 2142
32699 2142
32699 2142
32699 2142
32699 2142
32699 2142
32700 2110
32700 2110
32700 2110
32700 2110
32700 2110
32700 2110
32700 2110
32700 2110
32700 2110
32700 2110
32702 2079
32702 2079
32702 2079
32702 2079
32702 2079
32702 2079
32702 2079
32702 2079
32702 2079
32702 2079
32705 2046
32705 2046
32705 2046
32705 2046
32705 2046
32705 2046
32705 2046
32705 2046
32705 2046
32705 2046
32705 2046
32707 2015
32707 2015
32707 2015
32705 2026
32705 2026
32705 2026
32705 2026
32708 1994
32708 1994
32708 1994
32708 1994
32708 1994
32708 1994
32708 1994
32708 1994
32708 1994
32708 1994
32709 1962
32709 1962
32709 1962
32709 1962
32709 1962
32709 1962
32709 1962
32709 1962
32709 1962
32709 1962
32709 1962
32711 1931
32711 1931
32711 1931
32711 1931
32711 1931
32711 1931
32711 1931
32711 1931
32711 1931
32711 1931
32713 1899
32713 1899
32713 1899
32713 1899
32713 1899
32713 1899
32713 1899
32713 1899
32713 1899
32713 1899
32715 1868
32715 1868
32715 1868
32715 1868
32715 1868
32715 1868
32715 1868
32715 1868
32715 1868
32715 1868
32716 1835
32716 1835
32716 1835
32716 1835
32716 1835
32716 1835
32716 1835
32716 1835
32716 1835
32716 1835
32718 1803
32718 1803
32718 1803
32718 1803
32718 1803
32718 1803
32718 1803
32718 1803
32718 1803
32718 1803
32720 1771
32720 1771
32720 1771
32720 1771
32720 1771
32720 1771
32720 1771
32720 1771
32720 1771
32720 1771
32721 1740
32721 1740
32721 1740
32721 1740
32721 1740
32721 1740
32721 1740
32721 1740
32721 1740
32721 1740
32723 1708
32723 1708
32723 1708
32723 1708
32723 1708
32723 1708
32723 1708
32723 1708
32723 1708
32723 1708
32723 1708
32724 1676
32724 1676
32724 1676
32724 1676
32724 1676
32724 1676
32724 1676
32724 1676
32724 1676
32724 1676
32726 1644
32726 1644
32726 1644
32726 1644
32726 1644
32726 1644
32726 1644
32726 1644
32726 1644
32726 1644
32727 1612
32727 1612
32727 1629
32727 1629
32727 1629
32728 1598
32728 1598
32728 1598
32728 1598
32728 1598
32728 1598
32728 1598
32728 1598
32728 1598
32728 1598
32730 1566
32730 1566
32730 1566
32730 1566
32730 1566
32730 1566
32730 1566
32730 1566
32730 1566
32730 1566
32731 1534
32731 1534
32731 1534
32731 1534
32731 1534
32731 1534
32731 1534
32731 1534
32731 1534
32731 1534
32733 1502
32733 1502
32733 1502
32733 1502
32733 1502
32733 1502
32733 1502
32733 1502
32733 1502
32733 1502
32733 1502
32734 1470
32734 1470
32734 1470
32734 1470
32734 1470
32734 1470
32734 1470
32734 1470
32734 1470
32734 1470
32736 1438
32736 1438
32736 1438
32736 1438
32736 1438
32736 1438
32736 1438
32736 1438
32736 1438
32736 1438
32738 1407
32738 1407
32738 1407
32738 1407
32738 1407
32738 1407
32738 1407
32738 1407
32738 1407
32738 1407
32739 1374
32739 1374
32739 1374
32739 1374
32739 1374
32739 1374
32739 1374
32739 1374
32739 1374
32739 1374
32741 1342
32741 1342
32741 1342
32741 1342
32741 1342
32741 1342
32741 1342
32741 1342
32741 1342
32741 1342
32741 1310
32741 1310
32741 1310
32741 1310
32741 1310
32741 1310
32741 1310
32741 1310
32741 1310
32741 1310
32743 1279
32743 1279
32743 1279
32743 1279
32743 1279
32743 1279
32743 1279
32743 1279
32743 1279
32743 1279
32745 1246
32745 1246
32745 1246
32745 1246
32745 1246
32745 1246
32745 1246
32745 1246
32745 1246
32745 1246
32745 1246
32746 1215
32746 1215
32746 1215
32746 1196
32746 1196
32746 1196
32746 1196
32748 1164
32748 1164
32748 1164
32748 1164
32748 1164
32748 1164
32748 1164
32748 1164
32748 1164
32748 1164
32749 1132
32749 1132
32749 1132
32749 1132
32749 1132
32749 1132
32749 1132
32749 1132
32749 1132
32749 1132
32749 1132
32750 1100
32750 1100
32750 1100
32750 1100
32750 1100
32750 1100
32750 1100
32750 1100
32750 1100
32750 1100
32751 1068
32751 1068
32751 1068
32751 1068
32751 1068
32751 1068
32751 1068
32751 1068
32751 1068
32751 1068
32752 1037
32752 1037
32752 1037
32752 1037
32752 1037
32752 1037
32752 1037
32752 1037
32752 1037
32752 1037
32753 1004
32753 1004
32753 1004
32753 1004
32753 1004
32753 1004
32753 1004
32753 1004
32753 1004
32753 1004
32754 972
32754 972
32754 972
32754 972
32754 972
32754 972
32754 972
32754 972
32754 972
32754 972
32754 940
32754 940
32754 940
32754 940
32754 940
32754 940
32754 940
32754 940
32754 940
32754 940
32755 909
32755 909
32755 909
32755 909
32755 909
32755 909
32755 909
32755 909
32755 909
32755 909
32756 877
32756 877
32756 877
32756 877
32756 877
32756 877
32756 877
32756 877
32756 877
32756 877
32756 877
32757 845
32757 845
32757 845
32757 845
32757 845
32757 845
32757 845
32757 845
32757 845
32757 845
32757 813
32757 813
32757 813
32757 813
32757 813
32757 813
32757 813
32757 813
32757 813
32757 813
32758 781
32758 781
32758 798
32758 798
32758 798
32759 767
32759 767
32759 767
32759 767
32759 767
32759 767
32759 767
32759 767
32759 767
32759 767
32759 735
32759 735
32759 735
32759 735
32759 735
32759 735
32759 735
32759 735
32759 735
32759 735
32760 703
32760 703
32760 703
32760 703
32760 703
32760 703
32760 703
32760 703
32760 703
32760 703
32761 671
32761 671
32761 671
32761 671
32761 671
32761 671
32761 671
32761 671
32761 671
32761 671
32761 671
32762 639
32762 639
32762 639
32762 639
32762 639
32762 639
32762 639
32762 639
32762 639
32762 639
32762 607
32762 607
32762 607
32762 607
32762 607
32762 607
32762 607
32762 607
32762 607
32762 607
32763 576
32763 576
32763 576
32763 576
32763 576
32763 576
32763 576
32763 576
32763 576
32763 576
32764 543
32764 543
32764 543
32764 543
32764 543
32764 543
32764 543
32764 543
32764 543
32764 543
32765 511
32765 511
32765 511
32765 511
32765 511
32765 511
32765 511
32765 511
32765 511
32765 511
32764 479
32764 479
32764 479
32764 479
32764 479
32764 479
32764 479
32764 479
32764 479
32764 479
32765 448
32765 448
32765 448
32765 448
32765 448
32765 448
32765 448
32765 448
32765 448
32765 448
32766 415
32766 415
32766 415
32766 415
32766 415
32766 415
32766 415
32766 415
32766 415
32766 415
32766 415
32767 384
32767 384
32767 384
32764 398
32764 398
32764 398
32764 398
32765 366
32765 366
32765 366
32765 366
32765 366
32765 366
32765 366
32765 366
32765 366
32765 366
32765 334
32765 334
32765 334
32765 334
32765 334
32765 334
32765 334
32765 334
32765 334
32765 334
32765 334
32765 302
32765 302
32765 302
32765 302
32765 302
32765 302
32765 302
32765 302
32765 302
32765 302
32766 270
32766 270
32766 270
32766 270
32766 270
32766 270
32766 270
32766 270
32766 270
32766 270
32766 239
32766 239
32766 239
32766 239
32766 239
32766 239
32766 239
32766 239
32766 239
32766 239
32766 206
32766 206
32766 206
32766 206
32766 206
32766 206
32766 206
32766 206
32766 206
32766 206
32766 174
32766 174
32766 174
32766 174
32766 174
32766 174
32766 174
32766 174
32766 174
32766 174
32766 142
32766 142
32766 142
32766 142
32766 142
32766 142
32766 142
32766 142
32766 142
32766 142
32766 111
32766 111
32766 111
32766 111
32766 111
32766 111
32766 111
32766 111
32766 111
32766 111
32766 79
32766 79
32766 79
32766 79
32766 79
32766 79
32766 79
32766 79
32766 79
32766 79
32766 79
32766 47
32766 47
32766 47
32766 47
32766 47
32766 47
32766 47
32766 47
32766 47
32766 47
32766 15
32766 15
32766 15
32766 15
32766 15
32766 15
32766 15
32766 15
32766 15
32766 15
32766 -17
32766 -17
32766 0
32766 0
32766 0
32766 -31
32766 -31
32766 -31
32766 -31
32766 -31
32766 -31
32766 -31
32766 -31
32766 -31
32766 -31
32766 -63
32766 -63
32766 -63
32766 -63
32766 -63
32766 -63
32766 -63
32766 -63
32766 -63
32766 -63
32766 -95
32766 -95
32766 -95
32766 -95
32766 -95
32766 -95
32766 -95
32766 -95
32766 -95
32766 -95
32766 -127
32766 -127
32766 -127
32766 -127
32766 -127
32766 -127
32766 -127
32766 -127
32766 -127
32766 -127
32766 -127
32766 -159
32766 -159
32766 -159
32766 -159
32766 -159
32766 -159
32766 -159
32766 -159
32766 -159
32766 -159
32766 -191
32766 -191
32766 -191
32766 -191
32766 -191
32766 -191
32766 -191
32766 -191
32766 -191
32766 -191
32766 -222
32766 -222
32766 -222
32766 -222
32766 -222
32766 -222
32766 -222
32766 -222
32766 -222
32766 -222
32766 -255
32766 -255
32766 -255
32766 -255
32766 -255
32766 -255
32766 -255
32766 -255
32766 -255
32766 -255
32766 -287
32766 -287
32766 -287
32766 -287
32766 -287
32766 -287
32766 -287
32766 -287
32766 -287
32766 -287
32765 -319
32765 -319
32765 -319
32765 -319
32765 -319
32765 -319
32765 -319
32765 -319
32765 -319
32765 -319
32765 -350
32765 -350
32765 -350
32765 -350
32765 -350
32765 -350
32765 -350
32765 -350
32765 -350
32765 -350
32765 -383
32765 -383
32765 -383
32765 -383
32765 -383
32765 -383
32765 -383
32765 -383
32765 -383
32765 -383
32765 -383
32765 -414
32765 -414
32765 -414
32765 -384
32765 -384
32765 -384
32765 -384
32765 -416
32765 -416
32765 -416
32765 -416
32765 -416
32765 -416
32765 -416
32765 -416
32765 -416
32765 -416
32764 -448
32764 -448
32764 -448
32764 -448
32764 -448
32764 -448
32764 -448
32764 -448
32764 -448
32764 -448
32764 -448
32763 -480
32763 -480
32763 -480
32763 -480
32763 -480
32763 -480
32763 -480
32763 -480
32763 -480
32763 -480
32764 -512
32764 -512
32764 -512
32764 -512
32764 -512
32764 -512
32764 -512
32764 -512
32764 -512
32764 -512
32763 -543
32763 -543
32763 -543
32763 -543
32763 -543
32763 -543
32763 -543
32763 -543
32763 -543
32763 -543
32762 -576
32762 -576
32762 -576
32762 -576
32762 -576
32762 -576
32762 -576
32762 -576
32762 -576
32762 -576
32761 -608
32761 -608
32761 -608
32761 -608
32761 -608
32761 -608
32761 -608
32761 -608
32761 -608
32761 -608
32761 -640
32761 -640
32761 -640
32761 -640
32761 -640
32761 -640
32761 -640
32761 -640
32761 -640
32761 -640
32760 -671
32760 -671
32760 -671
32760 -671
32760 -671
32760 -671
32760 -671
32760 -671
32760 -671
32760 -671
32759 -703
32759 -703
32759 -703
32759 -703
32759 -703
32759 -703
32759 -703
32759 -703
32759 -703
32759 -703
32759 -703
32758 -735
32758 -735
32758 -735
32758 -735
32758 -735
32758 -735
32758 -735
32758 -735
32758 -735
32758 -735
32758 -767
32758 -767
32758 -767
32758 -767
32758 -767
32758 -767
32758 -767
32758 -767
32758 -767
32758 -767
32757 -799
32757 -799
32757 -782
32757 -782
32757 -782
32756 -813
32756 -813
32756 -813
32756 -813
32756 -813
32756 -813
32756 -813
32756 -813
32756 -813
32756 -813
32756 -845
32756 -845
32756 -845
32756 -845
32756 -845
32756 -845
32756 -845
32756 -845
32756 -845
32756 -845
32755 -877
32755 -877
32755 -877
32755 -877
32755 -877
32755 -877
32755 -877
32755 -877
32755 -877
32755 -877
32754 -909
32754 -909
32754 -909
32754 -909
32754 -909
32754 -909
32754 -909
32754 -909
32754 -909
32754 -909
32754 -909
32753 -941
32753 -941
32753 -941
32753 -941
32753 -941
32753 -941
32753 -941
32753 -941
32753 -941
32753 -941
32753 -973
32753 -973
32753 -973
32753 -973
32753 -973
32753 -973
32753 -973
32753 -973
32753 -973
32753 -973
32752 -1004
32752 -1004
32752 -1004
32752 -1004
32752 -1004
32752 -1004
32752 -1004
32752 -1004
32752 -1004
32752 -1004
32751 -1037
32751 -1037
32751 -1037
32751 -1037
32751 -1037
32751 -1037
32751 -1037
32751 -1037
32751 -1037
32751 -1037
32750 -1069
32750 -1069
32750 -1069
32750 -1069
32750 -1069
32750 -1069
32750 -1069
32750 -1069
32750 -1069
32750 -1069
32749 -1101
32749 -1101
32749 -1101
32749 -1101
32749 -1101
32749 -1101
32749 -1101
32749 -1101
32749 -1101
32749 -1101
32748 -1132
32748 -1132
32748 -1132
32748 -1132
32748 -1132
32748 -1132
32748 -1132
32748 -1132
32748 -1132
32748 -1132
32747 -1165
32747 -1165
32747 -1165
32747 -1165
32747 -1165
32747 -1165
32747 -1165
32747 -1165
32747 -1165
32747 -1165
32747 -1165
32746 -1196
32746 -1196
32746 -1196
32745 -1215
32745 -1215
32745 -1215
32745 -1215
32745 -1247
32745 -1247
32745 -1247
32745 -1247
32745 -1247
32745 -1247
32745 -1247
32745 -1247
32745 -1247
32745 -1247
32743 -1279
32743 -1279
32743 -1279
32743 -1279
32743 -1279
32743 -1279
32743 -1279
32743 -1279
32743 -1279
32743 -1279
32743 -1279
32741 -1311
32741 -1311
32741 -1311
32741 -1311
32741 -1311
32741 -1311
32741 -1311
32741 -1311
32741 -1311
32741 -1311
32741 -1343
32741 -1343
32741 -1343
32741 -1343
32741 -1343
32741 -1343
32741 -1343
32741 -1343
32741 -1343
32741 -1343
32739 -1374
32739 -1374
32739 -1374
32739 -1374
32739 -1374
32739 -1374
32739 -1374
32739 -1374
32739 -1374
32739 -1374
32738 -1407
32738 -1407
32738 -1407
32738 -1407
32738 -1407
32738 -1407
32738 -1407
32738 -1407
32738 -1407
32738 -1407
32736 -1439
32736 -1439
32736 -1439
32736 -1439
32736 -1439
32736 -1439
32736 -1439
32736 -1439
32736 -1439
32736 -1439
32734 -1471
32734 -1471
32734 -1471
32734 -1471
32734 -1471
32734 -1471
32734 -1471
32734 -1471
32734 -1471
32734 -1471
32733 -1502
32733 -1502
32733 -1502
32733 -1502
32733 -1502
32733 -1502
32733 -1502
32733 -1502
32733 -1502
32733 -1502
32731 -1534
32731 -1534
32731 -1534
32731 -1534
32731 -1534
32731 -1534
32731 -1534
32731 -1534
32731 -1534
32731 -1534
32731 -1534
32730 -1566
32730 -1566
32730 -1566
32730 -1566
32730 -1566
32730 -1566
32730 -1566
32730 -1566
32730 -1566
32730 -1566
32728 -1598
32728 -1598
32728 -1598
32728 -1598
32728 -1598
32728 -1598
32728 -1598
32728 -1598
32728 -1598
32728 -1598
32727 -1630
32727 -1630
32727 -1613
32727 -1613
32727 -1613
32726 -1644
32726 -1644
32726 -1644
32726 -1644
32726 -1644
32726 -1644
32726 -1644
32726 -1644
32726 -1644
32726 -1644
32724 -1676
32724 -1676
32724 -1676
32724 -1676
32724 -1676
32724 -1676
32724 -1676
32724 -1676
32724 -1676
32724 -1676
32723 -1708
32723 -1708
32723 -1708
32723 -1708
32723 -1708
32723 -1708
32723 -1708
32723 -1708
32723 -1708
32723 -1708
32721 -1740
32721 -1740
32721 -1740
32721 -1740
32721 -1740
32721 -1740
32721 -1740
32721 -1740
32721 -1740
32721 -1740
32721 -1740
32720 -1772
32720 -1772
32720 -1772
32720 -1772
32720 -1772
32720 -1772
32720 -1772
32720 -1772
32720 -1772
32720 -1772
32718 -1804
32718 -1804
32718 -1804
32718 -1804
32718 -1804
32718 -1804
32718 -1804
32718 -1804
32718 -1804
32718 -1804
32716 -1835
32716 -1835
32716 -1835
32716 -1835
32716 -1835
32716 -1835
32716 -1835
32716 -1835
32716 -1835
32716 -1835
32715 -1868
32715 -1868
32715 -1868
32715 -1868
32715 -1868
32715 -1868
32715 -1868
32715 -1868
32715 -1868
32715 -1868
32713 -1900
32713 -1900
32713 -1900
32713 -1900
32713 -1900
32713 -1900
32713 -1900
32713 -1900
32713 -1900
32713 -1900
32711 -1932
32711 -1932
32711 -1932
32711 -1932
32711 -1932
32711 -1932
32711 -1932
32711 -1932
32711 -1932
32711 -1932
32709 -1962
32709 -1962
32709 -1962
32709 -1962
32709 -1962
32709 -1962
32709 -1962
32709 -1962
32709 -1962
32709 -1962
32707 -1995
32707 -1995
32707 -1995
32707 -1995
32707 -1995
32707 -1995
32707 -1995
32707 -1995
32707 -1995
32707 -1995
32707 -1995
32706 -2026
32706 -2026
32706 -2026
32706 -2015
32706 -2015
32706 -2015
32706 -2015
32705 -2047
32705 -2047
32705 -2047
32705 -2047
32705 -2047
32705 -2047
32705 -2047
32705 -2047
32705 -2047
32705 -2047
32702 -2079
32702 -2079
32702 -2079
32702 -2079
32702 -2079
32702 -2079
32702 -2079
32702 -2079
32702 -2079
32702 -2079
32702 -2079
32700 -2111
32700 -2111
32700 -2111
32700 -2111
32700 -2111
32700 -2111
32700 -2111
32700 -2111
32700 -2111
32700 -2111
32699 -2143
32699 -2143
32699 -2143
32699 -2143
32699 -2143
32699 -2143
32699 -2143
32699 -2143
32699 -2143
32699 -2143
32696 -2174
32696 -2174
32696 -2174
32696 -2174
32696 -2174
32696 -2174
32696 -2174
32696 -2174
32696 -2174
32696 -2174
32694 -2207
32694 -2207
32694 -2207
32694 -2207
32694 -2207
32694 -2207
32694 -2207
32694 -2207
32694 -2207
32694 -2207
32691 -2238
32691 -2238
32691 -2238
32691 -2238
32691 -2238
32691 -2238
32691 -2238
32691 -2238
32691 -2238
32691 -2238
32689 -2270
32689 -2270
32689 -2270
32689 -2270
32689 -2270
32689 -2270
32689 -2270
32689 -2270
32689 -2270
32689 -2270
32687 -2301
32687 -2301
32687 -2301
32687 -2301
32687 -2301
32687 -2301
32687 -2301
32687 -2301
32687 -2301
32687 -2301
32684 -2333
32684 -2333
32684 -2333
32684 -2333
32684 -2333
32684 -2333
32684 -2333
32684 -2333
32684 -2333
32684 -2333
32684 -2333
32682 -2365
32682 -2365
32682 -2365
32682 -2365
32682 -2365
32682 -2365
32682 -2365
32682 -2365
32682 -2365
32682 -2365
32680 -2397
32680 -2397
32680 -2397
32680 -2397
32680 -2397
32680 -2397
32680 -2397
32680 -2397
32680 -2397
32680 -2397
32677 -2429
32677 -2429
32679 -2412
32679 -2412
32679 -2412
32676 -2443
32676 -2443
32676 -2443
32676 -2443
32676 -2443
32676 -2443
32676 -2443
32676 -2443
32676 -2443
32676 -2443
32674 -2475
32674 -2475
32674 -2475
32674 -2475
32674 -2475
32674 -2475
32674 -2475
32674 -2475
32674 -2475
32674 -2475
32672 -2507
32672 -2507
32672 -2507
32672 -2507
32672 -2507
32672 -2507
32672 -2507
32672 -2507
32672 -2507
32672 -2507
32669 -2539
32669 -2539
32669 -2539
32669 -2539
32669 -2539
32669 -2539
32669 -2539
32669 -2539
32669 -2539
32669 -2539
32669 -2539
32667 -2571
32667 -2571
32667 -2571
32667 -2571
32667 -2571
32667 -2571
32667 -2571
32667 -2571
32667 -2571
32667 -2571
32664 -2602
32664 -2602
32664 -2602
32664 -2602
32664 -2602
32664 -2602
32664 -2602
32664 -2602
32664 -2602
32664 -2602
32662 -2633
32662 -2633
32662 -2633
32662 -2633
32662 -2633
32662 -2633
32662 -2633
32662 -2633
32662 -2633
32662 -2633
32660 -2666
32660 -2666
32660 -2666
32660 -2666
32660 -2666
32660 -2666
32660 -2666
32660 -2666
32660 -2666
32660 -2666
32657 -2698
32657 -2698
32657 -2698
32657 -2698
32657 -2698
32657 -2698
32657 -2698
32657 -2698
32657 -2698
32657 -2698
32654 -2730
32654 -2730
32654 -2730
32654 -2730
32654 -2730
32654 -2730
32654 -2730
32654 -2730
32654 -2730
32654 -2730
32652 -2761
32652 -2761
32652 -2761
32652 -2761
32652 -2761
32652 -2761
32652 -2761
32652 -2761
32652 -2761
32652 -2761
32649 -2794
32649 -2794
32649 -2794
32649 -2794
32649 -2794
32649 -2794
32649 -2794
32649 -2794
32649 -2794
32649 -2794
32649 -2794
32647 -2825
32647 -2825
32647 -2825
32647 -2808
32647 -2808
32647 -2808
32647 -2808
32645 -2840
32645 -2840
32645 -2840
32645 -2840
32645 -2840
32645 -2840
32645 -2840
32645 -2840
32645 -2840
32645 -2840
32642 -2871
32642 -2871
32642 -2871
32642 -2871
32642 -2871
32642 -2871
32642 -2871
32642 -2871
32642 -2871
32642 -2871
32642 -2871
32638 -2903
32638 -2903
32638 -2903
32638 -2903
32638 -2903
32638 -2903
32638 -2903
32638 -2903
32638 -2903
32638 -2903
32636 -2935
32636 -2935
32636 -2935
32636 -2935
32636 -2935
32636 -2935
32636 -2935
32636 -2935
32636 -2935
32636 -2935
32633 -2966
32633 -2966
32633 -2966
32633 -2966
32633 -2966
32633 -2966
32633 -2966
32633 -2966
32633 -2966
32633 -2966
32630 -2999
32630 -2999
32630 -2999
32630 -2999
32630 -2999
32630 -2999
32630 -2999
32630 -2999
32630 -2999
32630 -2999
32627 -3031
32627 -3031
32627 -3031
32627 -3031
32627 -3031
32627 -3031
32627 -3031
32627 -3031
32627 -3031
32627 -3031
32624 -3063
32624 -3063
32624 -3063
32624 -3063
32624 -3063
32624 -3063
32624 -3063
32624 -3063
32624 -3063
32624 -3063
32621 -3093
32621 -3093
32621 -3093
32621 -3093
32621 -3093
32621 -3093
32621 -3093
32621 -3093
32621 -3093
32621 -3093
32618 -3125
32618 -3125
32618 -3125
32618 -3125
32618 -3125
32618 -3125
32618 -3125
32618 -3125
32618 -3125
32618 -3125
32618 -3125
32614 -3157
32614 -3157
32614 -3157
32614 -3157
32614 -3157
32614 -3157
32614 -3157
32614 -3157
32614 -3157
32614 -3157
32611 -3189
32611 -3189
32611 -3189
32611 -3189
32611 -3189
32611 -3189
32611 -3189
32611 -3189
32611 -3189
32611 -3189
32608 -3221
32608 -3221
32610 -3204
32610 -3204
32610 -3204
32607 -3235
32607 -3235
32607 -3235
32607 -3235
32607 -3235
32607 -3235
32607 -3235
32607 -3235
32607 -3235
32607 -3235
32604 -3267
32604 -3267
32604 -3267
32604 -3267
32604 -3267
32604 -3267
32604 -3267
32604 -3267
32604 -3267
32604 -3267
32600 -3298
32600 -3298
32600 -3298
32600 -3298
32600 -3298
32600 -3298
32600 -3298
32600 -3298
32600 -3298
32600 -3298
32597 -3330
32597 -3330
32597 -3330
32597 -3330
32597 -3330
32597 -3330
32597 -3330
32597 -3330
32597 -3330
32597 -3330
32597 -3330
32594 -3362
32594 -3362
32594 -3362
32594 -3362
32594 -3362
32594 -3362
32594 -3362
32594 -3362
32594 -3362
32594 -3362
32591 -3394
32591 -3394
32591 -3394
32591 -3394
32591 -3394
32591 -3394
32591 -3394
32591 -3394
32591 -3394
32591 -3394
32588 -3425
32588 -3425
32588 -3425
32588 -3425
32588 -3425
32588 -3425
32588 -3425
32588 -3425
32588 -3425
32588 -3425
32585 -3458
32585 -3458
32585 -3458
32585 -3458
32585 -3458
32585 -3458
32585 -3458
32585 -3458
32585 -3458
32585 -3458
32582 -3490
32582 -3490
32582 -3490
32582 -3490
32582 -3490
32582 -3490
32582 -3490
32582 -3490
32582 -3490
32582 -3490
32578 -3521
32578 -3521
32578 -3521
32578 -3521
32578 -3521
32578 -3521
32578 -3521
32578 -3521
32578 -3521
32578 -3521
32574 -3552
32574 -3552
32574 -3552
32574 -3552
32574 -3552
32574 -3552
32574 -3552
32574 -3552
32574 -3552
32574 -3552
32571 -3585
32571 -3585
32571 -3585
32571 -3585
32571 -3585
32571 -3585
32571 -3585
32571 -3585
32571 -3585
32571 -3585
32571 -3585
32568 -3616
32568 -3616
32568 -3616
32569 -3605
32569 -3605
32569 -3605
32569 -3605
32566 -3637
32566 -3637
32566 -3637
32566 -3637
32566 -3637
32566 -3637
32566 -3637
32566 -3637
32566 -3637
32566 -3637
32562 -3668
32562 -3668
32562 -3668
32562 -3668
32562 -3668
32562 -3668
32562 -3668
32562 -3668
32562 -3668
32562 -3668
32562 -3668
32558 -3700
32558 -3700
32558 -3700
32558 -3700
32558 -3700
32558 -3700
32558 -3700
32558 -3700
32558 -3700
32558 -3700
32555 -3732
32555 -3732
32555 -3732
32555 -3732
32555 -3732
32555 -3732
32555 -3732
32555 -3732
32555 -3732
32555 -3732
32551 -3763
32551 -3763
32551 -3763
32551 -3763
32551 -3763
32551 -3763
32551 -3763
32551 -3763
32551 -3763
32551 -3763
32547 -3795
32547 -3795
32547 -3795
32547 -3795
32547 -3795
32547 -3795
32547 -3795
32547 -3795
32547 -3795
32547 -3795
32543 -3827
32543 -3827
32543 -3827
32543 -3827
32543 -3827
32543 -3827
32543 -3827
32543 -3827
32543 -3827
32543 -3827
32539 -3859
32539 -3859
32539 -3859
32539 -3859
32539 -3859
32539 -3859
32539 -3859
32539 -3859
32539 -3859
32539 -3859
32536 -3890
32536 -3890
32536 -3890
32536 -3890
32536 -3890
32536 -3890
32536 -3890
32536 -3890
32536 -3890
32536 -3890
32532 -3922
32532 -3922
32532 -3922
32532 -3922
32532 -3922
32532 -3922
32532 -3922
32532 -3922
32532 -3922
32532 -3922
32532 -3922
32528 -3953
32528 -3953
32528 -3953
32528 -3953
32528 -3953
32528 -3953
32528 -3953
32528 -3953
32528 -3953
32528 -3953
32524 -3985
32524 -3985
32524 -3985
32524 -3985
32524 -3985
32524 -3985
32524 -3985
32524 -3985
32524 -3985
32524 -3985
32520 -4017
32520 -4017
32522 -4000
32522 -4000
32522 -4000
32518 -4031
32518 -4031
32518 -4031
32518 -4031
32518 -4031
32518 -4031
32518 -4031
32518 -4031
32518 -4031
32518 -4031
32514 -4062
32514 -4062
32514 -4062
32514 -4062
32514 -4062
32514 -4062
32514 -4062
32514 -4062
32514 -4062
32514 -4062
32510 -4094
32510 -4094
32510 -4094
32510 -4094
32510 -4094
32510 -4094
32510 -4094
32510 -4094
32510 -4094
32510 -4094
32506 -4126
32506 -4126
32506 -4126
32506 -4126
32506 -4126
32506 -4126
32506 -4126
32506 -4126
32506 -4126
32506 -4126
32506 -4126
32503 -4158
32503 -4158
32503 -4158
32503 -4158
32503 -4158
32503 -4158
32503 -4158
32503 -4158
32503 -4158
32503 -4158
32499 -4190
32499 -4190
32499 -4190
32499 -4190
32499 -4190
32499 -4190
32499 -4190
32499 -4190
32499 -4190
32499 -4190
32495 -4220
32495 -4220
32495 -4220
32495 -4220
32495 -4220
32495 -4220
32495 -4220
32495 -4220
32495 -4220
32495 -4220
32491 -4253
32491 -4253
32491 -4253
32491 -4253
32491 -4253
32491 -4253
32491 -4253
32491 -4253
32491 -4253
32491 -4253
32487 -4285
32487 -4285
32487 -4285
32487 -4285
32487 -4285
32487 -4285
32487 -4285
32487 -4285
32487 -4285
32487 -4285
32482 -4316
32482 -4316
32482 -4316
32482 -4316
32482 -4316
32482 -4316
32482 -4316
32482 -4316
32482 -4316
32482 -4316
32478 -4347
32478 -4347
32478 -4347
32478 -4347
32478 -4347
32478 -4347
32478 -4347
32478 -4347
32478 -4347
32478 -4347
32474 -4380
32474 -4380
32474 -4380
32474 -4380
32474 -4380
32474 -4380
32474 -4380
32474 -4380
32474 -4380
32474 -4380
32474 -4380
32470 -4411
32470 -4411
32470 -4411
32470 -4397
32470 -4397
32470 -4397
32470 -4397
32467 -4429
32467 -4429
32467 -4429
32467 -4429
32467 -4429
32467 -4429
32467 -4429
32467 -4429
32467 -4429
32467 -4429
32462 -4460
32462 -4460
32462 -4460
32462 -4460
32462 -4460
32462 -4460
32462 -4460
32462 -4460
32462 -4460
32462 -4460
32462 -4460
32457 -4492
32457 -4492
32457 -4492
32457 -4492
32457 -4492
32457 -4492
32457 -4492
32457 -4492
32457 -4492
32457 -4492
32454 -4524
32454 -4524
32454 -4524
32454 -4524
32454 -4524
32454 -4524
32454 -4524
32454 -4524
32454 -4524
32454 -4524
32449 -4555
32449 -4555
32449 -4555
32449 -4555
32449 -4555
32449 -4555
32449 -4555
32449 -4555
32449 -4555
32449 -4555
32444 -4587
32444 -4587
32444 -4587
32444 -4587
32444 -4587
32444 -4587
32444 -4587
32444 -4587
32444 -4587
32444 -4587
32440 -4619
32440 -4619
32440 -4619
32440 -4619
32440 -4619
32440 -4619
32440 -4619
32440 -4619
32440 -4619
32440 -4619
32435 -4650
32435 -4650
32435 -4650
32435 -4650
32435 -4650
32435 -4650
32435 -4650
32435 -4650
32435 -4650
32435 -4650
32430 -4681
32430 -4681
32430 -4681
32430 -4681
32430 -4681
32430 -4681
32430 -4681
32430 -4681
32430 -4681
32430 -4681
32426 -4713
32426 -4713
32426 -4713
32426 -4713
32426 -4713
32426 -4713
32426 -4713
32426 -4713
32426 -4713
32426 -4713
32426 -4713
32421 -4744
32421 -4744
32421 -4744
32421 -4744
32421 -4744
32421 -4744
32421 -4744
32421 -4744
32421 -4744
32421 -4744
32416 -4776
32416 -4776
32416 -4776
32416 -4776
32416 -4776
32416 -4776
32416 -4776
32416 -4776
32416 -4776
32416 -4776
32412 -4808
32412 -4808
32414 -4791
32414 -4791
32414 -4791
32410 -4822
32410 -4822
32410 -4822
32410 -4822
32410 -4822
32410 -4822
32410 -4822
32410 -4822
32410 -4822
32410 -4822
32405 -4853
32405 -4853
32405 -4853
32405 -4853
32405 -4853
32405 -4853
32405 -4853
32405 -4853
32405 -4853
32405 -4853
32400 -4885
32400 -4885
32400 -4885
32400 -4885
32400 -4885
32400 -4885
32400 -4885
32400 -4885
32400 -4885
32400 -4885
32396 -4917
32396 -4917
32396 -4917
32396 -4917
32396 -4917
32396 -4917
32396 -4917
32396 -4917
32396 -4917
32396 -4917
32396 -4917
32391 -4948
32391 -4948
32391 -4948
32391 -4948
32391 -4948
32391 -4948
32391 -4948
32391 -4948
32391 -4948
32391 -4948
32386 -4980
32386 -4980
32386 -4980
32386 -4980
32386 -4980
32386 -4980
32386 -4980
32386 -4980
32386 -4980
32386 -4980
32382 -5011
32382 -5011
32382 -5011
32382 -5011
32382 -5011
32382 -5011
32382 -5011
32382 -5011
32382 -5011
32382 -5011
32377 -5043
32377 -5043
32377 -5043
32377 -5043
32377 -5043
32377 -5043
32377 -5043
32377 -5043
32377 -5043
32377 -5043
32372 -5075
32372 -5075
32372 -5075
32372 -5075
32372 -5075
32372 -5075
32372 -5075
32372 -5075
32372 -5075
32372 -5075
32366 -5106
32366 -5106
32366 -5106
32366 -5106
32366 -5106
32366 -5106
32366 -5106
32366 -5106
32366 -5106
32366 -5106
32362 -5137
32362 -5137
32362 -5137
32362 -5137
32362 -5137
32362 -5137
32362 -5137
32362 -5137
32362 -5137
32362 -5137
32357 -5170
32357 -5170
32357 -5170
32357 -5170
32357 -5170
32357 -5170
32357 -5170
32357 -5170
32357 -5170
32357 -5170
32357 -5170
32353 -5200
32353 -5200
32353 -5200
32354 -5188
32354 -5188
32354 -5188
32354 -5188
32350 -5220
32350 -5220
32350 -5220
32350 -5220
32350 -5220
32350 -5220
32350 -5220
32350 -5220
32350 -5220
32350 -5220
32344 -5252
32344 -5252
32344 -5252
32344 -5252
32344 -5252
32344 -5252
32344 -5252
32344 -5252
32344 -5252
32344 -5252
32344 -5252
32339 -5283
32339 -5283
32339 -5283
32339 -5283
32339 -5283
32339 -5283
32339 -5283
32339 -5283
32339 -5283
32339 -5283
32334 -5315
32334 -5315
32334 -5315
32334 -5315
32334 -5315
32334 -5315
32334 -5315
32334 -5315
32334 -5315
32334 -5315
32329 -5345
32329 -5345
32329 -5345
32329 -5345
32329 -5345
32329 -5345
32329 -5345
32329 -5345
32329 -5345
32329 -5345
32324 -5378
32324 -5378
32324 -5378
32324 -5378
32324 -5378
32324 -5378
32324 -5378
32324 -5378
32324 -5378
32324 -5378
32318 -5409
32318 -5409
32318 -5409
32318 -5409
32318 -5409
32318 -5409
32318 -5409
32318 -5409
32318 -5409
32318 -5409
32313 -5441
32313 -5441
32313 -5441
32313 -5441
32313 -5441
32313 -5441
32313 -5441
32313 -5441
32313 -5441
32313 -5441
32307 -5472
32307 -5472
32307 -5472
32307 -5472
32307 -5472
32307 -5472
32307 -5472
32307 -5472
32307 -5472
32307 -5472
32302 -5503
32302 -5503
32302 -5503
32302 -5503
32302 -5503
32302 -5503
32302 -5503
32302 -5503
32302 -5503
32302 -5503
32302 -5503
32296 -5535
32296 -5535
32296 -5535
32296 -5535
32296 -5535
32296 -5535
32296 -5535
32296 -5535
32296 -5535
32296 -5535
32291 -5566
32291 -5566
32291 -5566
32291 -5566
32291 -5566
32291 -5566
32291 -5566
32291 -5566
32291 -5566
32291 -5566
32285 -5598
32285 -5598
32288 -5581
32288 -5581
32288 -5581
32283 -5611
32283 -5611
32283 -5611
32283 -5611
32283 -5611
32283 -5611
32283 -5611
32283 -5611
32283 -5611
32283 -5611
32278 -5643
32278 -5643
32278 -5643
32278 -5643
32278 -5643
32278 -5643
32278 -5643
32278 -5643
32278 -5643
32278 -5643
32272 -5675
32272 -5675
32272 -5675
32272 -5675
32272 -5675
32272 -5675
32272 -5675
32272 -5675
32272 -5675
32272 -5675
32267 -5706
32267 -5706
32267 -5706
32267 -5706
32267 -5706
32267 -5706
32267 -5706
32267 -5706
32267 -5706
32267 -5706
32267 -5706
32261 -5738
32261 -5738
32261 -5738
32261 -5738
32261 -5738
32261 -5738
32261 -5738
32261 -5738
32261 -5738
32261 -5738
32256 -5769
32256 -5769
32256 -5769
32256 -5769
32256 -5769
32256 -5769
32256 -5769
32256 -5769
32256 -5769
32256 -5769
32251 -5800
32251 -5800
32251 -5800
32251 -5800
32251 -5800
32251 -5800
32251 -5800
32251 -5800
32251 -5800
32251 -5800
32245 -5832
32245 -5832
32245 -5832
32245 -5832
32245 -5832
32245 -5832
32245 -5832
32245 -5832
32245 -5832
32245 -5832
32239 -5864
32239 -5864
32239 -5864
32239 -5864
32239 -5864
32239 -5864
32239 -5864
32239 -5864
32239 -5864
32239 -5864
32233 -5895
32233 -5895
32233 -5895
32233 -5895
32233 -5895
32233 -5895
32233 -5895
32233 -5895
32233 -5895
32233 -5895
32228 -5926
32228 -5926
32228 -5926
32228 -5926
32228 -5926
32228 -5926
32228 -5926
32228 -5926
32228 -5926
32228 -5926
32222 -5958
32222 -5958
32222 -5958
32222 -5958
32222 -5958
32222 -5958
32222 -5958
32222 -5958
32222 -5958
32222 -5958
32222 -5958
32217 -5989
32217 -5989
32217 -5989
32212 -6009
32212 -6009
32212 -6009
32212 -6009
32207 -6041
32207 -6041
32207 -6041
32207 -6041
32207 -6041
32207 -6041
32207 -6041
32207 -6041
32207 -6041
32207 -6041
32201 -6072
32201 -6072
32201 -6072
32201 -6072
32201 -6072
32201 -6072
32201 -6072
32201 -6072
32201 -6072
32201 -6072
32201 -6072
32195 -6104
32195 -6104
32195 -6104
32195 -6104
32195 -6104
32195 -6104
32195 -6104
32195 -6104
32195 -6104
32195 -6104
32189 -6135
32189 -6135
32189 -6135
32189 -6135
32189 -6135
32189 -6135
32189 -6135
32189 -6135
32189 -6135
32189 -6135
32183 -6166
32183 -6166
32183 -6166
32183 -6166
32183 -6166
32183 -6166
32183 -6166
32183 -6166
32183 -6166
32183 -6166
32177 -6198
32177 -6198
32177 -6198
32177 -6198
32177 -6198
32177 -6198
32177 -6198
32177 -6198
32177 -6198
32177 -6198
32171 -6229
32171 -6229
32171 -6229
32171 -6229
32171 -6229
32171 -6229
32171 -6229
32171 -6229
32171 -6229
32171 -6229
32164 -6261
32164 -6261
32164 -6261
32164 -6261
32164 -6261
32164 -6261
32164 -6261
32164 -6261
32164 -6261
32164 -6261
32158 -6291
32158 -6291
32158 -6291
32158 -6291
32158 -6291
32158 -6291
32158 -6291
32158 -6291
32158 -6291
32158 -6291
32152 -6322
32152 -6322
32152 -6322
32152 -6322
32152 -6322
32152 -6322
32152 -6322
32152 -6322
32152 -6322
32152 -6322
32152 -6322
32146 -6354
32146 -6354
32146 -6354
32146 -6354
32146 -6354
32146 -6354
32146 -6354
32146 -6354
32146 -6354
32146 -6354
32140 -6385
32140 -6385
32140 -6385
32140 -6385
32140 -6385
32140 -6385
32140 -6385
32140 -6385
32140 -6385
32140 -6385
32133 -6417
32133 -6417
32137 -6400
32137 -6400
32137 -6400
32131 -6430
32131 -6430
32131 -6430
32131 -6430
32131 -6430
32131 -6430
32131 -6430
32131 -6430
32131 -6430
32131 -6430
32124 -6462
32124 -6462
32124 -6462
32124 -6462
32124 -6462
32124 -6462
32124 -6462
32124 -6462
32124 -6462
32124 -6462
32118 -6493
32118 -6493
32118 -6493
32118 -6493
32118 -6493
32118 -6493
32118 -6493
32118 -6493
32118 -6493
32118 -6493
32112 -6525
32112 -6525
32112 -6525
32112 -6525
32112 -6525
32112 -6525
32112 -6525
32112 -6525
32112 -6525
32112 -6525
32112 -6525
32105 -6556
32105 -6556
32105 -6556
32105 -6556
32105 -6556
32105 -6556
32105 -6556
32105 -6556
32105 -6556
32105 -6556
32099 -6587
32099 -6587
32099 -6587
32099 -6587
32099 -6587
32099 -6587
32099 -6587
32099 -6587
32099 -6587
32099 -6587
32093 -6618
32093 -6618
32093 -6618
32093 -6618
32093 -6618
32093 -6618
32093 -6618
32093 -6618
32093 -6618
32093 -6618
32087 -6650
32087 -6650
32087 -6650
32087 -6650
32087 -6650
32087 -6650
32087 -6650
32087 -6650
32087 -6650
32087 -6650
32080 -6681
32080 -6681
32080 -6681
32080 -6681
32080 -6681
32080 -6681
32080 -6681
32080 -6681
32080 -6681
32080 -6681
32073 -6713
32073 -6713
32073 -6713
32073 -6713
32073 -6713
32073 -6713
32073 -6713
32073 -6713
32073 -6713
32073 -6713
32067 -6743
32067 -6743
32067 -6743
32067 -6743
32067 -6743
32067 -6743
32067 -6743
32067 -6743
32067 -6743
32067 -6743
32061 -6775
32061 -6775
32061 -6775
32061 -6775
32061 -6775
32061 -6775
32061 -6775
32061 -6775
32061 -6775
32061 -6775
32061 -6775
32055 -6806
32055 -6806
32055 -6806
32056 -6788
32056 -6788
32056 -6788
32056 -6788
32050 -6820
32050 -6820
32050 -6820
32050 -6820
32050 -6820
32050 -6820
32050 -6820
32050 -6820
32050 -6820
32050 -6820
32043 -6851
32043 -6851
32043 -6851
32043 -6851
32043 -6851
32043 -6851
32043 -6851
32043 -6851
32043 -6851
32043 -6851
32043 -6851
32036 -6882
32036 -6882
32036 -6882
32036 -6882
32036 -6882
32036 -6882
32036 -6882
32036 -6882
32036 -6882
32036 -6882
32030 -6914
32030 -6914
32030 -6914
32030 -6914
32030 -6914
32030 -6914
32030 -6914
32030 -6914
32030 -6914
32030 -6914
32023 -6944
32023 -6944
32023 -6944
32023 -6944
32023 -6944
32023 -6944
32023 -6944
32023 -6944
32023 -6944
32023 -6944
32016 -6976
32016 -6976
32016 -6976
32016 -6976
32016 -6976
32016 -6976
32016 -6976
32016 -6976
32016 -6976
32016 -6976
32009 -7007
32009 -7007
32009 -7007
32009 -7007
32009 -7007
32009 -7007
32009 -7007
32009 -7007
32009 -7007
32009 -7007
32002 -7038
32002 -7038
32002 -7038
32002 -7038
32002 -7038
32002 -7038
32002 -7038
32002 -7038
32002 -7038
32002 -7038
31995 -7069
31995 -7069
31995 -7069
31995 -7069
31995 -7069
31995 -7069
31995 -7069
31995 -7069
31995 -7069
31995 -7069
31988 -7100
31988 -7100
31988 -7100
31988 -7100
31988 -7100
31988 -7100
31988 -7100
31988 -7100
31988 -7100
31988 -7100
31988 -7100
31981 -7131
31981 -7131
31981 -7131
31981 -7131
31981 -7131
31981 -7131
31981 -7131
31981 -7131
31981 -7131
31981 -7131
31974 -7162
31974 -7162
31974 -7162
31974 -7162
31974 -7162
31974 -7162
31974 -7162
31974 -7162
31974 -7162
31974 -7162
31967 -7194
31967 -7194
31971 -7177
31971 -7177
31971 -7177
31964 -7207
31964 -7207
31964 -7207
31964 -7207
31964 -7207
31964 -7207
31964 -7207
31964 -7207
31964 -7207
31964 -7207
31957 -7238
31957 -7238
31957 -7238
31957 -7238
31957 -7238
31957 -7238
31957 -7238
31957 -7238
31957 -7238
31957 -7238
31950 -7270
31950 -7270
31950 -7270
31950 -7270
31950 -7270
31950 -7270
31950 -7270
31950 -7270
31950 -7270
31950 -7270
31943 -7301
31943 -7301
31943 -7301
31943 -7301
31943 -7301
31943 -7301
31943 -7301
31943 -7301
31943 -7301
31943 -7301
31943 -7301
31936 -7332
31936 -7332
31936 -7332
31936 -7332
31936 -7332
31936 -7332
31936 -7332
31936 -7332
31936 -7332
31936 -7332
31929 -7363
31929 -7363
31929 -7363
31929 -7363
31929 -7363
31929 -7363
31929 -7363
31929 -7363
31929 -7363
31929 -7363
31922 -7394
31922 -7394
31922 -7394
31922 -7394
31922 -7394
31922 -7394
31922 -7394
31922 -7394
31922 -7394
31922 -7394
31915 -7426
31915 -7426
31915 -7426
31915 -7426
31915 -7426
31915 -7426
31915 -7426
31915 -7426
31915 -7426
31915 -7426
31908 -7457
31908 -7457
31908 -7457
31908 -7457
31908 -7457
31908 -7457
31908 -7457
31908 -7457
31908 -7457
31908 -7457
31900 -7488
31900 -7488
31900 -7488
31900 -7488
31900 -7488
31900 -7488
31900 -7488
31900 -7488
31900 -7488
31900 -7488
31893 -7518
31893 -7518
31893 -7518
31893 -7518
31893 -7518
31893 -7518
31893 -7518
31893 -7518
31893 -7518
31893 -7518
31886 -7550
31886 -7550
31886 -7550
31886 -7550
31886 -7550
31886 -7550
31886 -7550
31886 -7550
31886 -7550
31886 -7550
31886 -7550
31879 -7581
31879 -7581
31879 -7581
31882 -7569
31882 -7569
31882 -7569
31882 -7569
31875 -7601
31875 -7601
31875 -7601
31875 -7601
31875 -7601
31875 -7601
31875 -7601
31875 -7601
31875 -7601
31875 -7601
31867 -7632
31867 -7632
31867 -7632
31867 -7632
31867 -7632
31867 -7632
31867 -7632
31867 -7632
31867 -7632
31867 -7632
31867 -7632
31859 -7663
31859 -7663
31859 -7663
31859 -7663
31859 -7663
31859 -7663
31859 -7663
31859 -7663
31859 -7663
31859 -7663
31853 -7694
31853 -7694
31853 -7694
31853 -7694
31853 -7694
31853 -7694
31853 -7694
31853 -7694
31853 -7694
31853 -7694
31845 -7724
31845 -7724
31845 -7724
31845 -7724
31845 -7724
31845 -7724
31845 -7724
31845 -7724
31845 -7724
31845 -7724
31837 -7756
31837 -7756
31837 -7756
31837 -7756
31837 -7756
31837 -7756
31837 -7756
31837 -7756
31837 -7756
31837 -7756
31829 -7787
31829 -7787
31829 -7787
31829 -7787
31829 -7787
31829 -7787
31829 -7787
31829 -7787
31829 -7787
31829 -7787
31821 -7818
31821 -7818
31821 -7818
31821 -7818
31821 -7818
31821 -7818
31821 -7818
31821 -7818
31821 -7818
31821 -7818
31814 -7848
31814 -7848
31814 -7848
31814 -7848
31814 -7848
31814 -7848
31814 -7848
31814 -7848
31814 -7848
31814 -7848
31806 -7879
31806 -7879
31806 -7879
31806 -7879
31806 -7879
31806 -7879
31806 -7879
31806 -7879
31806 -7879
31806 -7879
31806 -7879
31798 -7910
31798 -7910
31798 -7910
31798 -7910
31798 -7910
31798 -7910
31798 -7910
31798 -7910
31798 -7910
31798 -7910
31791 -7941
31791 -7941
31791 -7941
31791 -7941
31791 -7941
31791 -7941
31791 -7941
31791 -7941
31791 -7941
31791 -7941
31783 -7972
31783 -7972
31787 -7956
31787 -7956
31787 -7956
31779 -7986
31779 -7986
31779 -7986
31779 -7986
31779 -7986
31779 -7986
31779 -7986
31779 -7986
31779 -7986
31779 -7986
31772 -8017
31772 -8017
31772 -8017
31772 -8017
31772 -8017
31772 -8017
31772 -8017
31772 -8017
31772 -8017
31772 -8017
31764 -8048
31764 -8048
31764 -8048
31764 -8048
31764 -8048
31764 -8048
31764 -8048
31764 -8048
31764 -8048
31764 -8048
31756 -8079
31756 -8079
31756 -8079
31756 -8079
31756 -8079
31756 -8079
31756 -8079
31756 -8079
31756 -8079
31756 -8079
31756 -8079
31748 -8110
31748 -8110
31748 -8110
31748 -8110
31748 -8110
31748 -8110
31748 -8110
31748 -8110
31748 -8110
31748 -8110
31741 -8141
31741 -8141
31741 -8141
31741 -8141
31741 -8141
31741 -8141
31741 -8141
31741 -8141
31741 -8141
31741 -8141
31733 -8171
31733 -8171
31733 -8171
31733 -8171
31733 -8171
31733 -8171
31733 -8171
31733 -8171
31733 -8171
31733 -8171
31725 -8203
31725 -8203
31725 -8203
31725 -8203
31725 -8203
31725 -8203
31725 -8203
31725 -8203
31725 -8203
31725 -8203
31717 -8234
31717 -8234
31717 -8234
31717 -8234
31717 -8234
31717 -8234
31717 -8234
31717 -8234
31717 -8234
31717 -8234
31708 -8265
31708 -8265
31708 -8265
31708 -8265
31708 -8265
31708 -8265
31708 -8265
31708 -8265
31708 -8265
31708 -8265
31701 -8295
31701 -8295
31701 -8295
31701 -8295
31701 -8295
31701 -8295
31701 -8295
31701 -8295
31701 -8295
31701 -8295
31693 -8327
31693 -8327
31693 -8327
31693 -8327
31693 -8327
31693 -8327
31693 -8327
31693 -8327
31693 -8327
31693 -8327
31693 -8327
31685 -8357
31685 -8357
31685 -8357
31687 -8345
31687 -8345
31687 -8345
31687 -8345
31680 -8376
31680 -8376
31680 -8376
31680 -8376
31680 -8376
31680 -8376
31680 -8376
31680 -8376
31680 -8376
31680 -8376
31671 -8407
31671 -8407
31671 -8407
31671 -8407
31671 -8407
31671 -8407
31671 -8407
31671 -8407
31671 -8407
31671 -8407
31671 -8407
31663 -8438
31663 -8438
31663 -8438
31663 -8438
31663 -8438
31663 -8438
31663 -8438
31663 -8438
31663 -8438
31663 -8438
31655 -8469
31655 -8469
31655 -8469
31655 -8469
31655 -8469
31655 -8469
31655 -8469
31655 -8469
31655 -8469
31655 -8469
31647 -8499
31647 -8499
31647 -8499
31647 -8499
31647 -8499
31647 -8499
31647 -8499
31647 -8499
31647 -8499
31647 -8499
31638 -8530
31638 -8530
31638 -8530
31638 -8530
31638 -8530
31638 -8530
31638 -8530
31638 -8530
31638 -8530
31638 -8530
31630 -8561
31630 -8561
31630 -8561
31630 -8561
31630 -8561
31630 -8561
31630 -8561
31630 -8561
31630 -8561
31630 -8561
31621 -8592
31621 -8592
31621 -8592
31621 -8592
31621 -8592
31621 -8592
31621 -8592
31621 -8592
31621 -8592
31621 -8592
31613 -8622
31613 -8622
31613 -8622
31613 -8622
31613 -8622
31613 -8622
31613 -8622
31613 -8622
31613 -8622
31613 -8622
31604 -8653
31604 -8653
31604 -8653
31604 -8653
31604 -8653
31604 -8653
31604 -8653
31604 -8653
31604 -8653
31604 -8653
31604 -8653
31596 -8684
31596 -8684
31596 -8684
31596 -8684
31596 -8684
31596 -8684
31596 -8684
31596 -8684
31596 -8684
31596 -8684
31587 -8715
31587 -8715
31587 -8715
31587 -8715
31587 -8715
31587 -8715
31587 -8715
31587 -8715
31587 -8715
31587 -8715
31579 -8745
31579 -8745
31583 -8729
31583 -8729
31583 -8729
31575 -8759
31575 -8759
31575 -8759
31575 -8759
31575 -8759
31575 -8759
31575 -8759
31575 -8759
31575 -8759
31575 -8759
31566 -8790
31566 -8790
31566 -8790
31566 -8790
31566 -8790
31566 -8790
31566 -8790
31566 -8790
31566 -8790
31566 -8790
31558 -8821
31558 -8821
31558 -8821
31558 -8821
31558 -8821
31558 -8821
31558 -8821
31558 -8821
31558 -8821
31558 -8821
31549 -8851
31549 -8851
31549 -8851
31549 -8851
31549 -8851
31549 -8851
31549 -8851
31549 -8851
31549 -8851
31549 -8851
31549 -8851
31541 -8882
31541 -8882
31541 -8882
31541 -8882
31541 -8882
31541 -8882
31541 -8882
31541 -8882
31541 -8882
31541 -8882
31532 -8913
31532 -8913
31532 -8913
31532 -8913
31532 -8913
31532 -8913
31532 -8913
31532 -8913
31532 -8913
31532 -8913
31524 -8943
31524 -8943
31524 -8943
31524 -8943
31524 -8943
31524 -8943
31524 -8943
31524 -8943
31524 -8943
31524 -8943
31515 -8975
31515 -8975
31515 -8975
31515 -8975
31515 -8975
31515 -8975
31515 -8975
31515 -8975
31515 -8975
31515 -8975
31507 -9006
31507 -9006
31507 -9006
31507 -9006
31507 -9006
31507 -9006
31507 -9006
31507 -9006
31507 -9006
31507 -9006
31497 -9036
31497 -9036
31497 -9036
31497 -9036
31497 -9036
31497 -9036
31497 -9036
31497 -9036
31497 -9036
31497 -9036
31489 -9066
31489 -9066
31489 -9066
31489 -9066
31489 -9066
31489 -9066
31489 -9066
31489 -9066
31489 -9066
31489 -9066
31480 -9098
31480 -9098
31480 -9098
31480 -9098
31480 -9098
31480 -9098
31480 -9098
31480 -9098
31480 -9098
31480 -9098
31480 -9098
31472 -9128
31472 -9128
31472 -9128
31475 -9117
31475 -9117
31475 -9117
31475 -9117
31467 -9147
31467 -9147
31467 -9147
31467 -9147
31467 -9147
31467 -9147
31467 -9147
31467 -9147
31467 -9147
31467 -9147
31457 -9178
31457 -9178
31457 -9178
31457 -9178
31457 -9178
31457 -9178
31457 -9178
31457 -9178
31457 -9178
31457 -9178
31457 -9178
31448 -9209
31448 -9209
31448 -9209
31448 -9209
31448 -9209
31448 -9209
31448 -9209
31448 -9209
31448 -9209
31448 -9209
31440 -9240
31440 -9240
31440 -9240
31440 -9240
31440 -9240
31440 -9240
31440 -9240
31440 -9240
31440 -9240
31440 -9240
31431 -9269
31431 -9269
31431 -9269
31431 -9269
31431 -9269
31431 -9269
31431 -9269
31431 -9269
31431 -9269
31431 -9269
31421 -9301
31421 -9301
31421 -9301
31421 -9301
31421 -9301
31421 -9301
31421 -9301
31421 -9301
31421 -9301
31421 -9301
31412 -9332
31412 -9332
31412 -9332
31412 -9332
31412 -9332
31412 -9332
31412 -9332
31412 -9332
31412 -9332
31412 -9332
31403 -9362
31403 -9362
31403 -9362
31403 -9362
31403 -9362
31403 -9362
31403 -9362
31403 -9362
31403 -9362
31403 -9362
31394 -9392
31394 -9392
31394 -9392
31394 -9392
31394 -9392
31394 -9392
31394 -9392
31394 -9392
31394 -9392
31394 -9392
31384 -9422
31384 -9422
31384 -9422
31384 -9422
31384 -9422
31384 -9422
31384 -9422
31384 -9422
31384 -9422
31384 -9422
31384 -9422
31375 -9453
31375 -9453
31375 -9453
31375 -9453
31375 -9453
31375 -9453
31375 -9453
31375 -9453
31375 -9453
31375 -9453
31366 -9484
31366 -9484
31366 -9484
31366 -9484
31366 -9484
31366 -9484
31366 -9484
31366 -9484
31366 -9484
31366 -9484
31356 -9514
31356 -9514
31361 -9498
31361 -9498
31361 -9498
31352 -9528
31352 -9528
31352 -9528
31352 -9528
31352 -9528
31352 -9528
31352 -9528
31352 -9528
31352 -9528
31352 -9528
31343 -9558
31343 -9558
31343 -9558
31343 -9558
31343 -9558
31343 -9558
31343 -9558
31343 -9558
31343 -9558
31343 -9558
31334 -9589
31334 -9589
31334 -9589
31334 -9589
31334 -9589
31334 -9589
31334 -9589
31334 -9589
31334 -9589
31334 -9589
31325 -9620
31325 -9620
31325 -9620
31325 -9620
31325 -9620
31325 -9620
31325 -9620
31325 -9620
31325 -9620
31325 -9620
31325 -9620
31315 -9650
31315 -9650
31315 -9650
31315 -9650
31315 -9650
31315 -9650
31315 -9650
31315 -9650
31315 -9650
31315 -9650
31306 -9681
31306 -9681
31306 -9681
31306 -9681
31306 -9681
31306 -9681
31306 -9681
31306 -9681
31306 -9681
31306 -9681
31297 -9711
31297 -9711
31297 -9711
31297 -9711
31297 -9711
31297 -9711
31297 -9711
31297 -9711
31297 -9711
31297 -9711
31287 -9742
31287 -9742
31287 -9742
31287 -9742
31287 -9742
31287 -9742
31287 -9742
31287 -9742
31287 -9742
31287 -9742
31278 -9773
31278 -9773
31278 -9773
31278 -9773
31278 -9773
31278 -9773
31278 -9773
31278 -9773
31278 -9773
31278 -9773
31268 -9803
31268 -9803
31268 -9803
31268 -9803
31268 -9803
31268 -9803
31268 -9803
31268 -9803
31268 -9803
31268 -9803
31259 -9833
31259 -9833
31259 -9833
31259 -9833
31259 -9833
31259 -9833
31259 -9833
31259 -9833
31259 -9833
31259 -9833
31249 -9864
31249 -9864
31249 -9864
31249 -9864
31249 -9864
31249 -9864
31249 -9864
31249 -9864
31249 -9864
31249 -9864
31249 -9864
31240 -9894
31240 -9894
31240 -9894
31242 -9883
31242 -9883
31242 -9883
31242 -9883
31233 -9913
31233 -9913
31233 -9913
31233 -9913
31233 -9913
31233 -9913
31233 -9913
31233 -9913
31233 -9913
31233 -9913
31223 -9944
31223 -9944
31223 -9944
31223 -9944
31223 -9944
31223 -9944
31223 -9944
31223 -9944
31223 -9944
31223 -9944
31223 -9944
31213 -9974
31213 -9974
31213 -9974
31213 -9974
31213 -9974
31213 -9974
31213 -9974
31213 -9974
31213 -9974
31213 -9974
31204 -10005
31204 -10005
31204 -10005
31204 -10005
31204 -10005
31204 -10005
31204 -10005
31204 -10005
31204 -10005
31204 -10005
31194 -10034
31194 -10034
31194 -10034
31194 -10034
31194 -10034
31194 -10034
31194 -10034
31194 -10034
31194 -10034
31194 -10034
31184 -10065
31184 -10065
31184 -10065
31184 -10065
31184 -10065
31184 -10065
31184 -10065
31184 -10065
31184 -10065
31184 -10065
31174 -10096
31174 -10096
31174 -10096
31174 -10096
31174 -10096
31174 -10096
31174 -10096
31174 -10096
31174 -10096
31174 -10096
31164 -10126
31164 -10126
31164 -10126
31164 -10126
31164 -10126
31164 -10126
31164 -10126
31164 -10126
31164 -10126
31164 -10126
31154 -10156
31154 -10156
31154 -10156
31154 -10156
31154 -10156
31154 -10156
31154 -10156
31154 -10156
31154 -10156
31154 -10156
31144 -10186
31144 -10186
31144 -10186
31144 -10186
31144 -10186
31144 -10186
31144 -10186
31144 -10186
31144 -10186
31144 -10186
31144 -10186
31134 -10216
31134 -10216
31134 -10216
31134 -10216
31134 -10216
31134 -10216
31134 -10216
31134 -10216
31134 -10216
31134 -10216
31124 -10247
31124 -10247
31124 -10247
31124 -10247
31124 -10247
31124 -10247
31124 -10247
31124 -10247
31124 -10247
31124 -10247
31114 -10277
31114 -10277
31120 -10261
31120 -10261
31120 -10261
31110 -10291
31110 -10291
31110 -10291
31110 -10291
31110 -10291
31110 -10291
31110 -10291
31110 -10291
31110 -10291
31110 -10291
31100 -10321
31100 -10321
31100 -10321
31100 -10321
31100 -10321
31100 -10321
31100 -10321
31100 -10321
31100 -10321
31100 -10321
31090 -10351
31090 -10351
31090 -10351
31090 -10351
31090 -10351
31090 -10351
31090 -10351
31090 -10351
31090 -10351
31090 -10351
31080 -10382
31080 -10382
31080 -10382
31080 -10382
31080 -10382
31080 -10382
31080 -10382
31080 -10382
31080 -10382
31080 -10382
31080 -10382
31070 -10412
31070 -10412
31070 -10412
31070 -10412
31070 -10412
31070 -10412
31070 -10412
31070 -10412
31070 -10412
31070 -10412
31060 -10442
31060 -10442
31060 -10442
31060 -10442
31060 -10442
31060 -10442
31060 -10442
31060 -10442
31060 -10442
31060 -10442
31050 -10472
31050 -10472
31050 -10472
31050 -10472
31050 -10472
31050 -10472
31050 -10472
31050 -10472
31050 -10472
31050 -10472
31040 -10503
31040 -10503
31040 -10503
31040 -10503
31040 -10503
31040 -10503
31040 -10503
31040 -10503
31040 -10503
31040 -10503
31030 -10534
31030 -10534
31030 -10534
31030 -10534
31030 -10534
31030 -10534
31030 -10534
31030 -10534
31030 -10534
31030 -10534
31019 -10564
31019 -10564
31019 -10564
31019 -10564
31019 -10564
31019 -10564
31019 -10564
31019 -10564
31019 -10564
31019 -10564
31009 -10593
31009 -10593
31009 -10593
31009 -10593
31009 -10593
31009 -10593
31009 -10593
31009 -10593
31009 -10593
31009 -10593
30999 -10624
30999 -10624
30999 -10624
30999 -10624
30999 -10624
30999 -10624
30999 -10624
30999 -10624
30999 -10624
30999 -10624
30999 -10624
30989 -10654
30989 -10654
30989 -10654
30989 -10648
30989 -10648
30989 -10648
30989 -10648
30979 -10678
30979 -10678
30979 -10678
30979 -10678
30979 -10678
30979 -10678
30979 -10678
30979 -10678
30979 -10678
30979 -10678
30968 -10708
30968 -10708
30968 -10708
30968 -10708
30968 -10708
30968 -10708
30968 -10708
30968 -10708
30968 -10708
30968 -10708
30968 -10708
30957 -10738
30957 -10738
30957 -10738
30957 -10738
30957 -10738
30957 -10738
30957 -10738
30957 -10738
30957 -10738
30957 -10738
30948 -10769
30948 -10769
30948 -10769
30948 -10769
30948 -10769
30948 -10769
30948 -10769
30948 -10769
30948 -10769
30948 -10769
30937 -10798
30937 -10798
30937 -10798
30937 -10798
30937 -10798
30937 -10798
30937 -10798
30937 -10798
30937 -10798
30937 -10798
30926 -10829
30926 -10829
30926 -10829
30926 -10829
30926 -10829
30926 -10829
30926 -10829
30926 -10829
30926 -10829
30926 -10829
30915 -10859
30915 -10859
30915 -10859
30915 -10859
30915 -10859
30915 -10859
30915 -10859
30915 -10859
30915 -10859
30915 -10859
30905 -10889
30905 -10889
30905 -10889
30905 -10889
30905 -10889
30905 -10889
30905 -10889
30905 -10889
30905 -10889
30905 -10889
30894 -10919
30894 -10919
30894 -10919
30894 -10919
30894 -10919
30894 -10919
30894 -10919
30894 -10919
30894 -10919
30894 -10919
30883 -10949
30883 -10949
30883 -10949
30883 -10949
30883 -10949
30883 -10949
30883 -10949
30883 -10949
30883 -10949
30883 -10949
30883 -10949
30873 -10979
30873 -10979
30873 -10979
30873 -10979
30873 -10979
30873 -10979
30873 -10979
30873 -10979
30873 -10979
30873 -10979
30862 -11009
30862 -11009
30862 -11009
30862 -11009
30862 -11009
30862 -11009
30862 -11009
30862 -11009
30862 -11009
30862 -11009
30851 -11039
30851 -11039
30857 -11023
30857 -11023
30857 -11023
30846 -11052
30846 -11052
30846 -11052
30846 -11052
30846 -11052
30846 -11052
30846 -11052
30846 -11052
30846 -11052
30846 -11052
30836 -11082
30836 -11082
30836 -11082
30836 -11082
30836 -11082
30836 -11082
30836 -11082
30836 -11082
30836 -11082
30836 -11082
30825 -11113
30825 -11113
30825 -11113
30825 -11113
30825 -11113
30825 -11113
30825 -11113
30825 -11113
30825 -11113
30825 -11113
30814 -11143
30814 -11143
30814 -11143
30814 -11143
30814 -11143
30814 -11143
30814 -11143
30814 -11143
30814 -11143
30814 -11143
30814 -11143
30803 -11173
30803 -11173
30803 -11173
30803 -11173
30803 -11173
30803 -11173
30803 -11173
30803 -11173
30803 -11173
30803 -11173
30792 -11203
30792 -11203
30792 -11203
30792 -11203
30792 -11203
30792 -11203
30792 -11203
30792 -11203
30792 -11203
30792 -11203
30782 -11232
30782 -11232
30782 -11232
30782 -11232
30782 -11232
30782 -11232
30782 -11232
30782 -11232
30782 -11232
30782 -11232
30771 -11263
30771 -11263
30771 -11263
30771 -11263
30771 -11263
30771 -11263
30771 -11263
30771 -11263
30771 -11263
30771 -11263
30760 -11293
30760 -11293
30760 -11293
30760 -11293
30760 -11293
30760 -11293
30760 -11293
30760 -11293
30760 -11293
30760 -11293
30748 -11323
30748 -11323
30748 -11323
30748 -11323
30748 -11323
30748 -11323
30748 -11323
30748 -11323
30748 -11323
30748 -11323
30738 -11352
30738 -11352
30738 -11352
30738 -11352
30738 -11352
30738 -11352
30738 -11352
30738 -11352
30738 -11352
30738 -11352
30727 -11383
30727 -11383
30727 -11383
30727 -11383
30727 -11383
30727 -11383
30727 -11383
30727 -11383
30727 -11383
30727 -11383
30727 -11383
30716 -11413
30716 -11413
30716 -11413
30720 -11401
30720 -11401
30720 -11401
30720 -11401
30710 -11431
30710 -11431
30710 -11431
30710 -11431
30710 -11431
30710 -11431
30710 -11431
30710 -11431
30710 -11431
30710 -11431
30698 -11461
30698 -11461
30698 -11461
30698 -11461
30698 -11461
30698 -11461
30698 -11461
30698 -11461
30698 -11461
30698 -11461
30698 -11461
30687 -11491
30687 -11491
30687 -11491
30687 -11491
30687 -11491
30687 -11491
30687 -11491
30687 -11491
30687 -11491
30687 -11491
30676 -11521
30676 -11521
30676 -11521
30676 -11521
30676 -11521
30676 -11521
30676 -11521
30676 -11521
30676 -11521
30676 -11521
30665 -11550
30665 -11550
30665 -11550
30665 -11550
30665 -11550
30665 -11550
30665 -11550
30665 -11550
30665 -11550
30665 -11550
30653 -11581
30653 -11581
30653 -11581
30653 -11581
30653 -11581
30653 -11581
30653 -11581
30653 -11581
30653 -11581
30653 -11581
30642 -11611
30642 -11611
30642 -11611
30642 -11611
30642 -11611
30642 -11611
30642 -11611
30642 -11611
30642 -11611
30642 -11611
30630 -11641
30630 -11641
30630 -11641
30630 -11641
30630 -11641
30630 -11641
30630 -11641
30630 -11641
30630 -11641
30630 -11641
30619 -11670
30619 -11670
30619 -11670
30619 -11670
30619 -11670
30619 -11670
30619 -11670
30619 -11670
30619 -11670
30619 -11670
30607 -11699
30607 -11699
30607 -11699
30607 -11699
30607 -11699
30607 -11699
30607 -11699
30607 -11699
30607 -11699
30607 -11699
30607 -11699
30596 -11729
30596 -11729
30596 -11729
30596 -11729
30596 -11729
30596 -11729
30596 -11729
30596 -11729
30596 -11729
30596 -11729
30584 -11759
30584 -11759
30584 -11759
30584 -11759
30584 -11759
30584 -11759
30584 -11759
30584 -11759
30584 -11759
30584 -11759
30573 -11789
30573 -11789
30579 -11773
30579 -11773
30579 -11773
30568 -11802
30568 -11802
30568 -11802
30568 -11802
30568 -11802
30568 -11802
30568 -11802
30568 -11802
30568 -11802
30568 -11802
30556 -11832
30556 -11832
30556 -11832
30556 -11832
30556 -11832
30556 -11832
30556 -11832
30556 -11832
30556 -11832
30556 -11832
30545 -11862
30545 -11862
30545 -11862
30545 -11862
30545 -11862
30545 -11862
30545 -11862
30545 -11862
30545 -11862
30545 -11862
30533 -11892
30533 -11892
30533 -11892
30533 -11892
30533 -11892
30533 -11892
30533 -11892
30533 -11892
30533 -11892
30533 -11892
30533 -11892
30522 -11922
30522 -11922
30522 -11922
30522 -11922
30522 -11922
30522 -11922
30522 -11922
30522 -11922
30522 -11922
30522 -11922
30510 -11951
30510 -11951
30510 -11951
30510 -11951
30510 -11951
30510 -11951
30510 -11951
30510 -11951
30510 -11951
30510 -11951
30499 -11980
30499 -11980
30499 -11980
30499 -11980
30499 -11980
30499 -11980
30499 -11980
30499 -11980
30499 -11980
30499 -11980
30487 -12011
30487 -12011
30487 -12011
30487 -12011
30487 -12011
30487 -12011
30487 -12011
30487 -12011
30487 -12011
30487 -12011
30476 -12041
30476 -12041
30476 -12041
30476 -12041
30476 -12041
30476 -12041
30476 -12041
30476 -12041
30476 -12041
30476 -12041
30463 -12070
30463 -12070
30463 -12070
30463 -12070
30463 -12070
30463 -12070
30463 -12070
30463 -12070
30463 -12070
30463 -12070
30452 -12099
30452 -12099
30452 -12099
30452 -12099
30452 -12099
30452 -12099
30452 -12099
30452 -12099
30452 -12099
30452 -12099
30440 -12130
30440 -12130
30440 -12130
30440 -12130
30440 -12130
30440 -12130
30440 -12130
30440 -12130
30440 -12130
30440 -12130
30440 -12130
30429 -12159
30429 -12159
30429 -12159
30421 -12177
30421 -12177
30421 -12177
30421 -12177
30409 -12207
30409 -12207
30409 -12207
30409 -12207
30409 -12207
30409 -12207
30409 -12207
30409 -12207
30409 -12207
30409 -12207
30397 -12236
30397 -12236
30397 -12236
30397 -12236
30397 -12236
30397 -12236
30397 -12236
30397 -12236
30397 -12236
30397 -12236
30397 -12236
30385 -12266
30385 -12266
30385 -12266
30385 -12266
30385 -12266
30385 -12266
30385 -12266
30385 -12266
30385 -12266
30385 -12266
30374 -12296
30374 -12296
30374 -12296
30374 -12296
30374 -12296
30374 -12296
30374 -12296
30374 -12296
30374 -12296
30374 -12296
30362 -12324
30362 -12324
30362 -12324
30362 -12324
30362 -12324
30362 -12324
30362 -12324
30362 -12324
30362 -12324
30362 -12324
30349 -12355
30349 -12355
30349 -12355
30349 -12355
30349 -12355
30349 -12355
30349 -12355
30349 -12355
30349 -12355
30349 -12355
30337 -12385
30337 -12385
30337 -12385
30337 -12385
30337 -12385
30337 -12385
30337 -12385
30337 -12385
30337 -12385
30337 -12385
30325 -12414
30325 -12414
30325 -12414
30325 -12414
30325 -12414
30325 -12414
30325 -12414
30325 -12414
30325 -12414
30325 -12414
30313 -12443
30313 -12443
30313 -12443
30313 -12443
30313 -12443
30313 -12443
30313 -12443
30313 -12443
30313 -12443
30313 -12443
30300 -12472
30300 -12472
30300 -12472
30300 -12472
30300 -12472
30300 -12472
30300 -12472
30300 -12472
30300 -12472
30300 -12472
30300 -12472
30288 -12502
30288 -12502
30288 -12502
30288 -12502
30288 -12502
30288 -12502
30288 -12502
30288 -12502
30288 -12502
30288 -12502
30276 -12531
30276 -12531
30276 -12531
30276 -12531
30276 -12531
30276 -12531
30276 -12531
30276 -12531
30276 -12531
30276 -12531
30264 -12561
30264 -12561
30270 -12545
30270 -12545
30270 -12545
30258 -12574
30258 -12574
30258 -12574
30258 -12574
30258 -12574
30258 -12574
30258 -12574
30258 -12574
30258 -12574
30258 -12574
30246 -12603
30246 -12603
30246 -12603
30246 -12603
30246 -12603
30246 -12603
30246 -12603
30246 -12603
30246 -12603
30246 -12603
30234 -12633
30234 -12633
30234 -12633
30234 -12633
30234 -12633
30234 -12633
30234 -12633
30234 -12633
30234 -12633
30234 -12633
30221 -12663
30221 -12663
30221 -12663
30221 -12663
30221 -12663
30221 -12663
30221 -12663
30221 -12663
30221 -12663
30221 -12663
30221 -12663
30209 -12692
30209 -12692
30209 -12692
30209 -12692
30209 -12692
30209 -12692
30209 -12692
30209 -12692
30209 -12692
30209 -12692
30197 -12722
30197 -12722
30197 -12722
30197 -12722
30197 -12722
30197 -12722
30197 -12722
30197 -12722
30197 -12722
30197 -12722
30185 -12750
30185 -12750
30185 -12750
30185 -12750
30185 -12750
30185 -12750
30185 -12750
30185 -12750
30185 -12750
30185 -12750
30172 -12781
30172 -12781
30172 -12781
30172 -12781
30172 -12781
30172 -12781
30172 -12781
30172 -12781
30172 -12781
30172 -12781
30160 -12810
30160 -12810
30160 -12810
30160 -12810
30160 -12810
30160 -12810
30160 -12810
30160 -12810
30160 -12810
30160 -12810
30147 -12840
30147 -12840
30147 -12840
30147 -12840
30147 -12840
30147 -12840
30147 -12840
30147 -12840
30147 -12840
30147 -12840
30135 -12868
30135 -12868
30135 -12868
30135 -12868
30135 -12868
30135 -12868
30135 -12868
30135 -12868
30135 -12868
30135 -12868
30122 -12899
30122 -12899
30122 -12899
30122 -12899
30122 -12899
30122 -12899
30122 -12899
30122 -12899
30122 -12899
30122 -12899
30122 -12899
30111 -12927
30111 -12927
30111 -12927
30114 -12916
30114 -12916
30114 -12916
30114 -12916
30102 -12945
30102 -12945
30102 -12945
30102 -12945
30102 -12945
30102 -12945
30102 -12945
30102 -12945
30102 -12945
30102 -12945
30089 -12975
30089 -12975
30089 -12975
30089 -12975
30089 -12975
30089 -12975
30089 -12975
30089 -12975
30089 -12975
30089 -12975
30089 -12975
30076 -13004
30076 -13004
30076 -13004
30076 -13004
30076 -13004
30076 -13004
30076 -13004
30076 -13004
30076 -13004
30076 -13004
30064 -13033
30064 -13033
30064 -13033
30064 -13033
30064 -13033
30064 -13033
30064 -13033
30064 -13033
30064 -13033
30064 -13033
30051 -13062
30051 -13062
30051 -13062
30051 -13062
30051 -13062
30051 -13062
30051 -13062
30051 -13062
30051 -13062
30051 -13062
30038 -13092
30038 -13092
30038 -13092
30038 -13092
30038 -13092
30038 -13092
30038 -13092
30038 -13092
30038 -13092
30038 -13092
30025 -13121
30025 -13121
30025 -13121
30025 -13121
30025 -13121
30025 -13121
30025 -13121
30025 -13121
30025 -13121
30025 -13121
30012 -13150
30012 -13150
30012 -13150
30012 -13150
30012 -13150
30012 -13150
30012 -13150
30012 -13150
30012 -13150
30012 -13150
29999 -13179
29999 -13179
29999 -13179
29999 -13179
29999 -13179
29999 -13179
29999 -13179
29999 -13179
29999 -13179
29999 -13179
29986 -13208
29986 -13208
29986 -13208
29986 -13208
29986 -13208
29986 -13208
29986 -13208
29986 -13208
29986 -13208
29986 -13208
29986 -13208
29973 -13237
29973 -13237
29973 -13237
29973 -13237
29973 -13237
29973 -13237
29973 -13237
29973 -13237
29973 -13237
29973 -13237
29960 -13267
29960 -13267
29960 -13267
29960 -13267
29960 -13267
29960 -13267
29960 -13267
29960 -13267
29960 -13267
29960 -13267
29947 -13296
29947 -13296
29954 -13280
29954 -13280
29954 -13280
29942 -13309
29942 -13309
29942 -13309
29942 -13309
29942 -13309
29942 -13309
29942 -13309
29942 -13309
29942 -13309
29942 -13309
29929 -13338
29929 -13338
29929 -13338
29929 -13338
29929 -13338
29929 -13338
29929 -13338
29929 -13338
29929 -13338
29929 -13338
29916 -13367
29916 -13367
29916 -13367
29916 -13367
29916 -13367
29916 -13367
29916 -13367
29916 -13367
29916 -13367
29916 -13367
29903 -13396
29903 -13396
29903 -13396
29903 -13396
29903 -13396
29903 -13396
29903 -13396
29903 -13396
29903 -13396
29903 -13396
29903 -13396
29890 -13426
29890 -13426
29890 -13426
29890 -13426
29890 -13426
29890 -13426
29890 -13426
29890 -13426
29890 -13426
29890 -13426
29877 -13455
29877 -13455
29877 -13455
29877 -13455
29877 -13455
29877 -13455
29877 -13455
29877 -13455
29877 -13455
29877 -13455
29864 -13483
29864 -13483
29864 -13483
29864 -13483
29864 -13483
29864 -13483
29864 -13483
29864 -13483
29864 -13483
29864 -13483
29851 -13513
29851 -13513
29851 -13513
29851 -13513
29851 -13513
29851 -13513
29851 -13513
29851 -13513
29851 -13513
29851 -13513
29838 -13543
29838 -13543
29838 -13543
29838 -13543
29838 -13543
29838 -13543
29838 -13543
29838 -13543
29838 -13543
29838 -13543
29824 -13571
29824 -13571
29824 -13571
29824 -13571
29824 -13571
29824 -13571
29824 -13571
29824 -13571
29824 -13571
29824 -13571
29811 -13600
29811 -13600
29811 -13600
29811 -13600
29811 -13600
29811 -13600
29811 -13600
29811 -13600
29811 -13600
29811 -13600
29798 -13630
29798 -13630
29798 -13630
29798 -13630
29798 -13630
29798 -13630
29798 -13630
29798 -13630
29798 -13630
29798 -13630
29798 -13630
29786 -13658
29786 -13658
29786 -13658
29791 -13648
29791 -13648
29791 -13648
29791 -13648
29778 -13677
29778 -13677
29778 -13677
29778 -13677
29778 -13677
29778 -13677
29778 -13677
29778 -13677
29778 -13677
29778 -13677
29764 -13706
29764 -13706
29764 -13706
29764 -13706
29764 -13706
29764 -13706
29764 -13706
29764 -13706
29764 -13706
29764 -13706
29764 -13706
29751 -13735
29751 -13735
29751 -13735
29751 -13735
29751 -13735
29751 -13735
29751 -13735
29751 -13735
29751 -13735
29751 -13735
29738 -13764
29738 -13764
29738 -13764
29738 -13764
29738 -13764
29738 -13764
29738 -13764
29738 -13764
29738 -13764
29738 -13764
29725 -13792
29725 -13792
29725 -13792
29725 -13792
29725 -13792
29725 -13792
29725 -13792
29725 -13792
29725 -13792
29725 -13792
29711 -13822
29711 -13822
29711 -13822
29711 -13822
29711 -13822
29711 -13822
29711 -13822
29711 -13822
29711 -13822
29711 -13822
29697 -13851
29697 -13851
29697 -13851
29697 -13851
29697 -13851
29697 -13851
29697 -13851
29697 -13851
29697 -13851
29697 -13851
29683 -13880
29683 -13880
29683 -13880
29683 -13880
29683 -13880
29683 -13880
29683 -13880
29683 -13880
29683 -13880
29683 -13880
29670 -13908
29670 -13908
29670 -13908
29670 -13908
29670 -13908
29670 -13908
29670 -13908
29670 -13908
29670 -13908
29670 -13908
29656 -13937
29656 -13937
29656 -13937
29656 -13937
29656 -13937
29656 -13937
29656 -13937
29656 -13937
29656 -13937
29656 -13937
29656 -13937
29643 -13966
29643 -13966
29643 -13966
29643 -13966
29643 -13966
29643 -13966
29643 -13966
29643 -13966
29643 -13966
29643 -13966
29629 -13995
29629 -13995
29629 -13995
29629 -13995
29629 -13995
29629 -13995
29629 -13995
29629 -13995
29629 -13995
29629 -13995
29615 -14024
29615 -14024
29623 -14008
29623 -14008
29623 -14008
29609 -14036
29609 -14036
29609 -14036
29609 -14036
29609 -14036
29609 -14036
29609 -14036
29609 -14036
29609 -14036
29609 -14036
29596 -14065
29596 -14065
29596 -14065
29596 -14065
29596 -14065
29596 -14065
29596 -14065
29596 -14065
29596 -14065
29596 -14065
29582 -14094
29582 -14094
29582 -14094
29582 -14094
29582 -14094
29582 -14094
29582 -14094
29582 -14094
29582 -14094
29582 -14094
29568 -14123
29568 -14123
29568 -14123
29568 -14123
29568 -14123
29568 -14123
29568 -14123
29568 -14123
29568 -14123
29568 -14123
29568 -14123
29555 -14152
29555 -14152
29555 -14152
29555 -14152
29555 -14152
29555 -14152
29555 -14152
29555 -14152
29555 -14152
29555 -14152
29541 -14181
29541 -14181
29541 -14181
29541 -14181
29541 -14181
29541 -14181
29541 -14181
29541 -14181
29541 -14181
29541 -14181
29528 -14209
29528 -14209
29528 -14209
29528 -14209
29528 -14209
29528 -14209
29528 -14209
29528 -14209
29528 -14209
29528 -14209
29513 -14239
29513 -14239
29513 -14239
29513 -14239
29513 -14239
29513 -14239
29513 -14239
29513 -14239
29513 -14239
29513 -14239
29500 -14268
29500 -14268
29500 -14268
29500 -14268
29500 -14268
29500 -14268
29500 -14268
29500 -14268
29500 -14268
29500 -14268
29485 -14296
29485 -14296
29485 -14296
29485 -14296
29485 -14296
29485 -14296
29485 -14296
29485 -14296
29485 -14296
29485 -14296
29472 -14324
29472 -14324
29472 -14324
29472 -14324
29472 -14324
29472 -14324
29472 -14324
29472 -14324
29472 -14324
29472 -14324
29458 -14354
29458 -14354
29458 -14354
29458 -14354
29458 -14354
29458 -14354
29458 -14354
29458 -14354
29458 -14354
29458 -14354
29458 -14354
29445 -14382
29445 -14382
29445 -14382
29450 -14366
29450 -14366
29450 -14366
29450 -14366
29436 -14395
29436 -14395
29436 -14395
29436 -14395
29436 -14395
29436 -14395
29436 -14395
29436 -14395
29436 -14395
29436 -14395
29422 -14424
29422 -14424
29422 -14424
29422 -14424
29422 -14424
29422 -14424
29422 -14424
29422 -14424
29422 -14424
29422 -14424
29422 -14424
29408 -14452
29408 -14452
29408 -14452
29408 -14452
29408 -14452
29408 -14452
29408 -14452
29408 -14452
29408 -14452
29408 -14452
29394 -14481
29394 -14481
29394 -14481
29394 -14481
29394 -14481
29394 -14481
29394 -14481
29394 -14481
29394 -14481
29394 -14481
29380 -14509
29380 -14509
29380 -14509
29380 -14509
29380 -14509
29380 -14509
29380 -14509
29380 -14509
29380 -14509
29380 -14509
29365 -14538
29365 -14538
29365 -14538
29365 -14538
29365 -14538
29365 -14538
29365 -14538
29365 -14538
29365 -14538
29365 -14538
29351 -14567
29351 -14567
29351 -14567
29351 -14567
29351 -14567
29351 -14567
29351 -14567
29351 -14567
29351 -14567
29351 -14567
29337 -14596
29337 -14596
29337 -14596
29337 -14596
29337 -14596
29337 -14596
29337 -14596
29337 -14596
29337 -14596
29337 -14596
29323 -14623
29323 -14623
29323 -14623
29323 -14623
29323 -14623
29323 -14623
29323 -14623
29323 -14623
29323 -14623
29323 -14623
29308 -14652
29308 -14652
29308 -14652
29308 -14652
29308 -14652
29308 -14652
29308 -14652
29308 -14652
29308 -14652
29308 -14652
29308 -14652
29294 -14680
29294 -14680
29294 -14680
29294 -14680
29294 -14680
29294 -14680
29294 -14680
29294 -14680
29294 -14680
29294 -14680
29279 -14709
29279 -14709
29279 -14709
29279 -14709
29279 -14709
29279 -14709
29279 -14709
29279 -14709
29279 -14709
29279 -14709
29265 -14738
29265 -14738
29273 -14722
29273 -14722
29273 -14722
29259 -14750
29259 -14750
29259 -14750
29259 -14750
29259 -14750
29259 -14750
29259 -14750
29259 -14750
29259 -14750
29259 -14750
29244 -14779
29244 -14779
29244 -14779
29244 -14779
29244 -14779
29244 -14779
29244 -14779
29244 -14779
29244 -14779
29244 -14779
29230 -14807
29230 -14807
29230 -14807
29230 -14807
29230 -14807
29230 -14807
29230 -14807
29230 -14807
29230 -14807
29230 -14807
29216 -14836
29216 -14836
29216 -14836
29216 -14836
29216 -14836
29216 -14836
29216 -14836
29216 -14836
29216 -14836
29216 -14836
29216 -14836
29201 -14864
29201 -14864
29201 -14864
29201 -14864
29201 -14864
29201 -14864
29201 -14864
29201 -14864
29201 -14864
29201 -14864
29187 -14893
29187 -14893
29187 -14893
29187 -14893
29187 -14893
29187 -14893
29187 -14893
29187 -14893
29187 -14893
29187 -14893
29173 -14921
29173 -14921
29173 -14921
29173 -14921
29173 -14921
29173 -14921
29173 -14921
29173 -14921
29173 -14921
29173 -14921
29158 -14950
29158 -14950
29158 -14950
29158 -14950
29158 -14950
29158 -14950
29158 -14950
29158 -14950
29158 -14950
29158 -14950
29144 -14979
29144 -14979
29144 -14979
29144 -14979
29144 -14979
29144 -14979
29144 -14979
29144 -14979
29144 -14979
29144 -14979
29128 -15007
29128 -15007
29128 -15007
29128 -15007
29128 -15007
29128 -15007
29128 -15007
29128 -15007
29128 -15007
29128 -15007
29114 -15035
29114 -15035
29114 -15035
29114 -15035
29114 -15035
29114 -15035
29114 -15035
29114 -15035
29114 -15035
29114 -15035
29100 -15064
29100 -15064
29100 -15064
29100 -15064
29100 -15064
29100 -15064
29100 -15064
29100 -15064
29100 -15064
29100 -15064
29100 -15064
29086 -15092
29086 -15092
29086 -15092
29091 -15080
29091 -15080
29091 -15080
29091 -15080
29076 -15109
29076 -15109
29076 -15109
29076 -15109
29076 -15109
29076 -15109
29076 -15109
29076 -15109
29076 -15109
29076 -15109
29061 -15137
29061 -15137
29061 -15137
29061 -15137
29061 -15137
29061 -15137
29061 -15137
29061 -15137
29061 -15137
29061 -15137
29061 -15137
29046 -15166
29046 -15166
29046 -15166
29046 -15166
29046 -15166
29046 -15166
29046 -15166
29046 -15166
29046 -15166
29046 -15166
29032 -15194
29032 -15194
29032 -15194
29032 -15194
29032 -15194
29032 -15194
29032 -15194
29032 -15194
29032 -15194
29032 -15194
29018 -15222
29018 -15222
29018 -15222
29018 -15222
29018 -15222
29018 -15222
29018 -15222
29018 -15222
29018 -15222
29018 -15222
29002 -15251
29002 -15251
29002 -15251
29002 -15251
29002 -15251
29002 -15251
29002 -15251
29002 -15251
29002 -15251
29002 -15251
28987 -15279
28987 -15279
28987 -15279
28987 -15279
28987 -15279
28987 -15279
28987 -15279
28987 -15279
28987 -15279
28987 -15279
28972 -15307
28972 -15307
28972 -15307
28972 -15307
28972 -15307
28972 -15307
28972 -15307
28972 -15307
28972 -15307
28972 -15307
28957 -15335
28957 -15335
28957 -15335
28957 -15335
28957 -15335
28957 -15335
28957 -15335
28957 -15335
28957 -15335
28957 -15335
28942 -15363
28942 -15363
28942 -15363
28942 -15363
28942 -15363
28942 -15363
28942 -15363
28942 -15363
28942 -15363
28942 -15363
28942 -15363
28927 -15391
28927 -15391
28927 -15391
28927 -15391
28927 -15391
28927 -15391
28927 -15391
28927 -15391
28927 -15391
28927 -15391
28912 -15419
28912 -15419
28912 -15419
28912 -15419
28912 -15419
28912 -15419
28912 -15419
28912 -15419
28912 -15419
28912 -15419
28897 -15447
28897 -15447
28905 -15432
28905 -15432
28905 -15432
28890 -15460
28890 -15460
28890 -15460
28890 -15460
28890 -15460
28890 -15460
28890 -15460
28890 -15460
28890 -15460
28890 -15460
28875 -15488
28875 -15488
28875 -15488
28875 -15488
28875 -15488
28875 -15488
28875 -15488
28875 -15488
28875 -15488
28875 -15488
28860 -15516
28860 -15516
28860 -15516
28860 -15516
28860 -15516
28860 -15516
28860 -15516
28860 -15516
28860 -15516
28860 -15516
28845 -15544
28845 -15544
28845 -15544
28845 -15544
28845 -15544
28845 -15544
28845 -15544
28845 -15544
28845 -15544
28845 -15544
28845 -15544
28830 -15573
28830 -15573
28830 -15573
28830 -15573
28830 -15573
28830 -15573
28830 -15573
28830 -15573
28830 -15573
28830 -15573
28815 -15601
28815 -15601
28815 -15601
28815 -15601
28815 -15601
28815 -15601
28815 -15601
28815 -15601
28815 -15601
28815 -15601
28800 -15628
28800 -15628
28800 -15628
28800 -15628
28800 -15628
28800 -15628
28800 -15628
28800 -15628
28800 -15628
28800 -15628
28785 -15657
28785 -15657
28785 -15657
28785 -15657
28785 -15657
28785 -15657
28785 -15657
28785 -15657
28785 -15657
28785 -15657
28770 -15686
28770 -15686
28770 -15686
28770 -15686
28770 -15686
28770 -15686
28770 -15686
28770 -15686
28770 -15686
28770 -15686
28754 -15713
28754 -15713
28754 -15713
28754 -15713
28754 -15713
28754 -15713
28754 -15713
28754 -15713
28754 -15713
28754 -15713
28739 -15741
28739 -15741
28739 -15741
28739 -15741
28739 -15741
28739 -15741
28739 -15741
28739 -15741
28739 -15741
28739 -15741
28724 -15770
28724 -15770
28724 -15770
28724 -15770
28724 -15770
28724 -15770
28724 -15770
28724 -15770
28724 -15770
28724 -15770
28724 -15770
28709 -15797
28709 -15797
28709 -15797
28714 -15786
28714 -15786
28714 -15786
28714 -15786
28699 -15815
28699 -15815
28699 -15815
28699 -15815
28699 -15815
28699 -15815
28699 -15815
28699 -15815
28699 -15815
28699 -15815
28684 -15842
28684 -15842
28684 -15842
28684 -15842
28684 -15842
28684 -15842
28684 -15842
28684 -15842
28684 -15842
28684 -15842
28684 -15842
28668 -15870
28668 -15870
28668 -15870
28668 -15870
28668 -15870
28668 -15870
28668 -15870
28668 -15870
28668 -15870
28668 -15870
28653 -15899
28653 -15899
28653 -15899
28653 -15899
28653 -15899
28653 -15899
28653 -15899
28653 -15899
28653 -15899
28653 -15899
28638 -15926
28638 -15926
28638 -15926
28638 -15926
28638 -15926
28638 -15926
28638 -15926
28638 -15926
28638 -15926
28638 -15926
28622 -15954
28622 -15954
28622 -15954
28622 -15954
28622 -15954
28622 -15954
28622 -15954
28622 -15954
28622 -15954
28622 -15954
28606 -15982
28606 -15982
28606 -15982
28606 -15982
28606 -15982
28606 -15982
28606 -15982
28606 -15982
28606 -15982
28606 -15982
28590 -16010
28590 -16010
28590 -16010
28590 -16010
28590 -16010
28590 -16010
28590 -16010
28590 -16010
28590 -16010
28590 -16010
28575 -16037
28575 -16037
28575 -16037
28575 -16037
28575 -16037
28575 -16037
28575 -16037
28575 -16037
28575 -16037
28575 -16037
28559 -16065
28559 -16065
28559 -16065
28559 -16065
28559 -16065
28559 -16065
28559 -16065
28559 -16065
28559 -16065
28559 -16065
28559 -16065
28543 -16093
28543 -16093
28543 -16093
28543 -16093
28543 -16093
28543 -16093
28543 -16093
28543 -16093
28543 -16093
28543 -16093
28527 -16120
28527 -16120
28527 -16120
28527 -16120
28527 -16120
28527 -16120
28527 -16120
28527 -16120
28527 -16120
28527 -16120
28512 -16148
28512 -16148
28520 -16134
28520 -16134
28520 -16134
28505 -16161
28505 -16161
28505 -16161
28505 -16161
28505 -16161
28505 -16161
28505 -16161
28505 -16161
28505 -16161
28505 -16161
28489 -16188
28489 -16188
28489 -16188
28489 -16188
28489 -16188
28489 -16188
28489 -16188
28489 -16188
28489 -16188
28489 -16188
28473 -16216
28473 -16216
28473 -16216
28473 -16216
28473 -16216
28473 -16216
28473 -16216
28473 -16216
28473 -16216
28473 -16216
28458 -16244
28458 -16244
28458 -16244
28458 -16244
28458 -16244
28458 -16244
28458 -16244
28458 -16244
28458 -16244
28458 -16244
28458 -16244
28442 -16272
28442 -16272
28442 -16272
28442 -16272
28442 -16272
28442 -16272
28442 -16272
28442 -16272
28442 -16272
28442 -16272
28426 -16300
28426 -16300
28426 -16300
28426 -16300
28426 -16300
28426 -16300
28426 -16300
28426 -16300
28426 -16300
28426 -16300
28411 -16327
28411 -16327
28411 -16327
28411 -16327
28411 -16327
28411 -16327
28411 -16327
28411 -16327
28411 -16327
28411 -16327
28394 -16355
28394 -16355
28394 -16355
28394 -16355
28394 -16355
28394 -16355
28394 -16355
28394 -16355
28394 -16355
28394 -16355
28379 -16383
28379 -16383
28379 -16383
28379 -16383
28379 -16383
28379 -16383
28379 -16383
28379 -16383
28379 -16383
28379 -16383
28362 -16411
28362 -16411
28362 -16411
28362 -16411
28362 -16411
28362 -16411
28362 -16411
28362 -16411
28362 -16411
28362 -16411
28347 -16438
28347 -16438
28347 -16438
28347 -16438
28347 -16438
28347 -16438
28347 -16438
28347 -16438
28347 -16438
28347 -16438
28331 -16466
28331 -16466
28331 -16466
28331 -16466
28331 -16466
28331 -16466
28331 -16466
28331 -16466
28331 -16466
28331 -16466
28331 -16466
28315 -16493
28315 -16493
28315 -16493
28304 -16509
28304 -16509
28304 -16509
28304 -16509
28289 -16537
28289 -16537
28289 -16537
28289 -16537
28289 -16537
28289 -16537
28289 -16537
28289 -16537
28289 -16537
28289 -16537
28272 -16565
28272 -16565
28272 -16565
28272 -16565
28272 -16565
28272 -16565
28272 -16565
28272 -16565
28272 -16565
28272 -16565
28272 -16565
28256 -16592
28256 -16592
28256 -16592
28256 -16592
28256 -16592
28256 -16592
28256 -16592
28256 -16592
28256 -16592
28256 -16592
28240 -16620
28240 -16620
28240 -16620
28240 -16620
28240 -16620
28240 -16620
28240 -16620
28240 -16620
28240 -16620
28240 -16620
28224 -16647
28224 -16647
28224 -16647
28224 -16647
28224 -16647
28224 -16647
28224 -16647
28224 -16647
28224 -16647
28224 -16647
28207 -16675
28207 -16675
28207 -16675
28207 -16675
28207 -16675
28207 -16675
28207 -16675
28207 -16675
28207 -16675
28207 -16675
28191 -16702
28191 -16702
28191 -16702
28191 -16702
28191 -16702
28191 -16702
28191 -16702
28191 -16702
28191 -16702
28191 -16702
28174 -16730
28174 -16730
28174 -16730
28174 -16730
28174 -16730
28174 -16730
28174 -16730
28174 -16730
28174 -16730
28174 -16730
28158 -16756
28158 -16756
28158 -16756
28158 -16756
28158 -16756
28158 -16756
28158 -16756
28158 -16756
28158 -16756
28158 -16756
28142 -16784
28142 -16784
28142 -16784
28142 -16784
28142 -16784
28142 -16784
28142 -16784
28142 -16784
28142 -16784
28142 -16784
28142 -16784
28125 -16811
28125 -16811
28125 -16811
28125 -16811
28125 -16811
28125 -16811
28125 -16811
28125 -16811
28125 -16811
28125 -16811
28109 -16839
28109 -16839
28109 -16839
28109 -16839
28109 -16839
28109 -16839
28109 -16839
28109 -16839
28109 -16839
28109 -16839
28093 -16866
28093 -16866
28101 -16852
28101 -16852
28101 -16852
28085 -16878
28085 -16878
28085 -16878
28085 -16878
28085 -16878
28085 -16878
28085 -16878
28085 -16878
28085 -16878
28085 -16878
28069 -16906
28069 -16906
28069 -16906
28069 -16906
28069 -16906
28069 -16906
28069 -16906
28069 -16906
28069 -16906
28069 -16906
28052 -16933
28052 -16933
28052 -16933
28052 -16933
28052 -16933
28052 -16933
28052 -16933
28052 -16933
28052 -16933
28052 -16933
28036 -16961
28036 -16961
28036 -16961
28036 -16961
28036 -16961
28036 -16961
28036 -16961
28036 -16961
28036 -16961
28036 -16961
28036 -16961
28019 -16988
28019 -16988
28019 -16988
28019 -16988
28019 -16988
28019 -16988
28019 -16988
28019 -16988
28019 -16988
28019 -16988
28003 -17015
28003 -17015
28003 -17015
28003 -17015
28003 -17015
28003 -17015
28003 -17015
28003 -17015
28003 -17015
28003 -17015
27987 -17042
27987 -17042
27987 -17042
27987 -17042
27987 -17042
27987 -17042
27987 -17042
27987 -17042
27987 -17042
27987 -17042
27970 -17070
27970 -17070
27970 -17070
27970 -17070
27970 -17070
27970 -17070
27970 -17070
27970 -17070
27970 -17070
27970 -17070
27954 -17098
27954 -17098
27954 -17098
27954 -17098
27954 -17098
27954 -17098
27954 -17098
27954 -17098
27954 -17098
27954 -17098
27936 -17125
27936 -17125
27936 -17125
27936 -17125
27936 -17125
27936 -17125
27936 -17125
27936 -17125
27936 -17125
27936 -17125
27920 -17151
27920 -17151
27920 -17151
27920 -17151
27920 -17151
27920 -17151
27920 -17151
27920 -17151
27920 -17151
27920 -17151
27903 -17180
27903 -17180
27903 -17180
27903 -17180
27903 -17180
27903 -17180
27903 -17180
27903 -17180
27903 -17180
27903 -17180
27903 -17180
27887 -17206
27887 -17206
27887 -17206
27894 -17196
27894 -17196
27894 -17196
27894 -17196
27878 -17224
27878 -17224
27878 -17224
27878 -17224
27878 -17224
27878 -17224
27878 -17224
27878 -17224
27878 -17224
27878 -17224
27860 -17251
27860 -17251
27860 -17251
27860 -17251
27860 -17251
27860 -17251
27860 -17251
27860 -17251
27860 -17251
27860 -17251
27860 -17251
27843 -17278
27843 -17278
27843 -17278
27843 -17278
27843 -17278
27843 -17278
27843 -17278
27843 -17278
27843 -17278
27843 -17278
27827 -17306
27827 -17306
27827 -17306
27827 -17306
27827 -17306
27827 -17306
27827 -17306
27827 -17306
27827 -17306
27827 -17306
27810 -17332
27810 -17332
27810 -17332
27810 -17332
27810 -17332
27810 -17332
27810 -17332
27810 -17332
27810 -17332
27810 -17332
27793 -17360
27793 -17360
27793 -17360
27793 -17360
27793 -17360
27793 -17360
27793 -17360
27793 -17360
27793 -17360
27793 -17360
27776 -17387
27776 -17387
27776 -17387
27776 -17387
27776 -17387
27776 -17387
27776 -17387
27776 -17387
27776 -17387
27776 -17387
27758 -17414
27758 -17414
27758 -17414
27758 -17414
27758 -17414
27758 -17414
27758 -17414
27758 -17414
27758 -17414
27758 -17414
27742 -17440
27742 -17440
27742 -17440
27742 -17440
27742 -17440
27742 -17440
27742 -17440
27742 -17440
27742 -17440
27742 -17440
27725 -17467
27725 -17467
27725 -17467
27725 -17467
27725 -17467
27725 -17467
27725 -17467
27725 -17467
27725 -17467
27725 -17467
27725 -17467
27708 -17494
27708 -17494
27708 -17494
27708 -17494
27708 -17494
27708 -17494
27708 -17494
27708 -17494
27708 -17494
27708 -17494
27690 -17521
27690 -17521
27690 -17521
27690 -17521
27690 -17521
27690 -17521
27690 -17521
27690 -17521
27690 -17521
27690 -17521
27673 -17548
27673 -17548
27682 -17534
27682 -17534
27682 -17534
27666 -17560
27666 -17560
27666 -17560
27666 -17560
27666 -17560
27666 -17560
27666 -17560
27666 -17560
27666 -17560
27666 -17560
27649 -17587
27649 -17587
27649 -17587
27649 -17587
27649 -17587
27649 -17587
27649 -17587
27649 -17587
27649 -17587
27649 -17587
27632 -17614
27632 -17614
27632 -17614
27632 -17614
27632 -17614
27632 -17614
27632 -17614
27632 -17614
27632 -17614
27632 -17614
27614 -17641
27614 -17641
27614 -17641
27614 -17641
27614 -17641
27614 -17641
27614 -17641
27614 -17641
27614 -17641
27614 -17641
27614 -17641
27597 -17668
27597 -17668
27597 -17668
27597 -17668
27597 -17668
27597 -17668
27597 -17668
27597 -17668
27597 -17668
27597 -17668
27580 -17695
27580 -17695
27580 -17695
27580 -17695
27580 -17695
27580 -17695
27580 -17695
27580 -17695
27580 -17695
27580 -17695
27564 -17721
27564 -17721
27564 -17721
27564 -17721
27564 -17721
27564 -17721
27564 -17721
27564 -17721
27564 -17721
27564 -17721
27546 -17749
27546 -17749
27546 -17749
27546 -17749
27546 -17749
27546 -17749
27546 -17749
27546 -17749
27546 -17749
27546 -17749
27529 -17776
27529 -17776
27529 -17776
27529 -17776
27529 -17776
27529 -17776
27529 -17776
27529 -17776
27529 -17776
27529 -17776
27511 -17803
27511 -17803
27511 -17803
27511 -17803
27511 -17803
27511 -17803
27511 -17803
27511 -17803
27511 -17803
27511 -17803
27494 -17829
27494 -17829
27494 -17829
27494 -17829
27494 -17829
27494 -17829
27494 -17829
27494 -17829
27494 -17829
27494 -17829
27477 -17857
27477 -17857
27477 -17857
27477 -17857
27477 -17857
27477 -17857
27477 -17857
27477 -17857
27477 -17857
27477 -17857
27477 -17857
27460 -17883
27460 -17883
27460 -17883
27467 -17869
27467 -17869
27467 -17869
27467 -17869
27450 -17896
27450 -17896
27450 -17896
27450 -17896
27450 -17896
27450 -17896
27450 -17896
27450 -17896
27450 -17896
27450 -17896
27432 -17923
27432 -17923
27432 -17923
27432 -17923
27432 -17923
27432 -17923
27432 -17923
27432 -17923
27432 -17923
27432 -17923
27432 -17923
27415 -17949
27415 -17949
27415 -17949
27415 -17949
27415 -17949
27415 -17949
27415 -17949
27415 -17949
27415 -17949
27415 -17949
27398 -17976
27398 -17976
27398 -17976
27398 -17976
27398 -17976
27398 -17976
27398 -17976
27398 -17976
27398 -17976
27398 -17976
27380 -18002
27380 -18002
27380 -18002
27380 -18002
27380 -18002
27380 -18002
27380 -18002
27380 -18002
27380 -18002
27380 -18002
27362 -18030
27362 -18030
27362 -18030
27362 -18030
27362 -18030
27362 -18030
27362 -18030
27362 -18030
27362 -18030
27362 -18030
27344 -18056
27344 -18056
27344 -18056
27344 -18056
27344 -18056
27344 -18056
27344 -18056
27344 -18056
27344 -18056
27344 -18056
27327 -18083
27327 -18083
27327 -18083
27327 -18083
27327 -18083
27327 -18083
27327 -18083
27327 -18083
27327 -18083
27327 -18083
27309 -18109
27309 -18109
27309 -18109
27309 -18109
27309 -18109
27309 -18109
27309 -18109
27309 -18109
27309 -18109
27309 -18109
27292 -18135
27292 -18135
27292 -18135
27292 -18135
27292 -18135
27292 -18135
27292 -18135
27292 -18135
27292 -18135
27292 -18135
27292 -18135
27274 -18162
27274 -18162
27274 -18162
27274 -18162
27274 -18162
27274 -18162
27274 -18162
27274 -18162
27274 -18162
27274 -18162
27256 -18188
27256 -18188
27256 -18188
27256 -18188
27256 -18188
27256 -18188
27256 -18188
27256 -18188
27256 -18188
27256 -18188
27238 -18215
27238 -18215
27248 -18201
27248 -18201
27248 -18201
27230 -18227
27230 -18227
27230 -18227
27230 -18227
27230 -18227
27230 -18227
27230 -18227
27230 -18227
27230 -18227
27230 -18227
27213 -18253
27213 -18253
27213 -18253
27213 -18253
27213 -18253
27213 -18253
27213 -18253
27213 -18253
27213 -18253
27213 -18253
27195 -18280
27195 -18280
27195 -18280
27195 -18280
27195 -18280
27195 -18280
27195 -18280
27195 -18280
27195 -18280
27195 -18280
27177 -18306
27177 -18306
27177 -18306
27177 -18306
27177 -18306
27177 -18306
27177 -18306
27177 -18306
27177 -18306
27177 -18306
27177 -18306
27159 -18333
27159 -18333
27159 -18333
27159 -18333
27159 -18333
27159 -18333
27159 -18333
27159 -18333
27159 -18333
27159 -18333
27141 -18360
27141 -18360
27141 -18360
27141 -18360
27141 -18360
27141 -18360
27141 -18360
27141 -18360
27141 -18360
27141 -18360
27124 -18385
27124 -18385
27124 -18385
27124 -18385
27124 -18385
27124 -18385
27124 -18385
27124 -18385
27124 -18385
27124 -18385
27106 -18413
27106 -18413
27106 -18413
27106 -18413
27106 -18413
27106 -18413
27106 -18413
27106 -18413
27106 -18413
27106 -18413
27088 -18439
27088 -18439
27088 -18439
27088 -18439
27088 -18439
27088 -18439
27088 -18439
27088 -18439
27088 -18439
27088 -18439
27070 -18465
27070 -18465
27070 -18465
27070 -18465
27070 -18465
27070 -18465
27070 -18465
27070 -18465
27070 -18465
27070 -18465
27052 -18491
27052 -18491
27052 -18491
27052 -18491
27052 -18491
27052 -18491
27052 -18491
27052 -18491
27052 -18491
27052 -18491
27034 -18519
27034 -18519
27034 -18519
27034 -18519
27034 -18519
27034 -18519
27034 -18519
27034 -18519
27034 -18519
27034 -18519
27034 -18519
27017 -18544
27017 -18544
27017 -18544
27022 -18532
27022 -18532
27022 -18532
27022 -18532
27005 -18559
27005 -18559
27005 -18559
27005 -18559
27005 -18559
27005 -18559
27005 -18559
27005 -18559
27005 -18559
27005 -18559
26986 -18585
26986 -18585
26986 -18585
26986 -18585
26986 -18585
26986 -18585
26986 -18585
26986 -18585
26986 -18585
26986 -18585
26986 -18585
26968 -18611
26968 -18611
26968 -18611
26968 -18611
26968 -18611
26968 -18611
26968 -18611
26968 -18611
26968 -18611
26968 -18611
26950 -18638
26950 -18638
26950 -18638
26950 -18638
26950 -18638
26950 -18638
26950 -18638
26950 -18638
26950 -18638
26950 -18638
26932 -18663
26932 -18663
26932 -18663
26932 -18663
26932 -18663
26932 -18663
26932 -18663
26932 -18663
26932 -18663
26932 -18663
26913 -18690
26913 -18690
26913 -18690
26913 -18690
26913 -18690
26913 -18690
26913 -18690
26913 -18690
26913 -18690
26913 -18690
26895 -18717
26895 -18717
26895 -18717
26895 -18717
26895 -18717
26895 -18717
26895 -18717
26895 -18717
26895 -18717
26895 -18717
26877 -18743
26877 -18743
26877 -18743
26877 -18743
26877 -18743
26877 -18743
26877 -18743
26877 -18743
26877 -18743
26877 -18743
26859 -18768
26859 -18768
26859 -18768
26859 -18768
26859 -18768
26859 -18768
26859 -18768
26859 -18768
26859 -18768
26859 -18768
26840 -18794
26840 -18794
26840 -18794
26840 -18794
26840 -18794
26840 -18794
26840 -18794
26840 -18794
26840 -18794
26840 -18794
26840 -18794
26822 -18820
26822 -18820
26822 -18820
26822 -18820
26822 -18820
26822 -18820
26822 -18820
26822 -18820
26822 -18820
26822 -18820
26803 -18847
26803 -18847
26803 -18847
26803 -18847
26803 -18847
26803 -18847
26803 -18847
26803 -18847
26803 -18847
26803 -18847
26785 -18873
26785 -18873
26795 -18859
26795 -18859
26795 -18859
26777 -18884
26777 -18884
26777 -18884
26777 -18884
26777 -18884
26777 -18884
26777 -18884
26777 -18884
26777 -18884
26777 -18884
26759 -18910
26759 -18910
26759 -18910
26759 -18910
26759 -18910
26759 -18910
26759 -18910
26759 -18910
26759 -18910
26759 -18910
26740 -18937
26740 -18937
26740 -18937
26740 -18937
26740 -18937
26740 -18937
26740 -18937
26740 -18937
26740 -18937
26740 -18937
26722 -18963
26722 -18963
26722 -18963
26722 -18963
26722 -18963
26722 -18963
26722 -18963
26722 -18963
26722 -18963
26722 -18963
26722 -18963
26703 -18989
26703 -18989
26703 -18989
26703 -18989
26703 -18989
26703 -18989
26703 -18989
26703 -18989
26703 -18989
26703 -18989
26685 -19015
26685 -19015
26685 -19015
26685 -19015
26685 -19015
26685 -19015
26685 -19015
26685 -19015
26685 -19015
26685 -19015
26667 -19040
26667 -19040
26667 -19040
26667 -19040
26667 -19040
26667 -19040
26667 -19040
26667 -19040
26667 -19040
26667 -19040
26648 -19067
26648 -19067
26648 -19067
26648 -19067
26648 -19067
26648 -19067
26648 -19067
26648 -19067
26648 -19067
26648 -19067
26630 -19094
26630 -19094
26630 -19094
26630 -19094
26630 -19094
26630 -19094
26630 -19094
26630 -19094
26630 -19094
26630 -19094
26610 -19119
26610 -19119
26610 -19119
26610 -19119
26610 -19119
26610 -19119
26610 -19119
26610 -19119
26610 -19119
26610 -19119
26592 -19144
26592 -19144
26592 -19144
26592 -19144
26592 -19144
26592 -19144
26592 -19144
26592 -19144
26592 -19144
26592 -19144
26573 -19171
26573 -19171
26573 -19171
26573 -19171
26573 -19171
26573 -19171
26573 -19171
26573 -19171
26573 -19171
26573 -19171
26573 -19171
26556 -19197
26556 -19197
26556 -19197
26562 -19187
26562 -19187
26562 -19187
26562 -19187
26544 -19213
26544 -19213
26544 -19213
26544 -19213
26544 -19213
26544 -19213
26544 -19213
26544 -19213
26544 -19213
26544 -19213
26525 -19239
26525 -19239
26525 -19239
26525 -19239
26525 -19239
26525 -19239
26525 -19239
26525 -19239
26525 -19239
26525 -19239
26525 -19239
26506 -19265
26506 -19265
26506 -19265
26506 -19265
26506 -19265
26506 -19265
26506 -19265
26506 -19265
26506 -19265
26506 -19265
26488 -19291
26488 -19291
26488 -19291
26488 -19291
26488 -19291
26488 -19291
26488 -19291
26488 -19291
26488 -19291
26488 -19291
26469 -19316
26469 -19316
26469 -19316
26469 -19316
26469 -19316
26469 -19316
26469 -19316
26469 -19316
26469 -19316
26469 -19316
26450 -19342
26450 -19342
26450 -19342
26450 -19342
26450 -19342
26450 -19342
26450 -19342
26450 -19342
26450 -19342
26450 -19342
26431 -19368
26431 -19368
26431 -19368
26431 -19368
26431 -19368
26431 -19368
26431 -19368
26431 -19368
26431 -19368
26431 -19368
26412 -19394
26412 -19394
26412 -19394
26412 -19394
26412 -19394
26412 -19394
26412 -19394
26412 -19394
26412 -19394
26412 -19394
26393 -19419
26393 -19419
26393 -19419
26393 -19419
26393 -19419
26393 -19419
26393 -19419
26393 -19419
26393 -19419
26393 -19419
26374 -19445
26374 -19445
26374 -19445
26374 -19445
26374 -19445
26374 -19445
26374 -19445
26374 -19445
26374 -19445
26374 -19445
26374 -19445
26355 -19470
26355 -19470
26355 -19470
26355 -19470
26355 -19470
26355 -19470
26355 -19470
26355 -19470
26355 -19470
26355 -19470
26336 -19496
26336 -19496
26336 -19496
26336 -19496
26336 -19496
26336 -19496
26336 -19496
26336 -19496
26336 -19496
26336 -19496
26317 -19522
26317 -19522
26327 -19508
26327 -19508
26327 -19508
26308 -19533
26308 -19533
26308 -19533
26308 -19533
26308 -19533
26308 -19533
26308 -19533
26308 -19533
26308 -19533
26308 -19533
26289 -19559
26289 -19559
26289 -19559
26289 -19559
26289 -19559
26289 -19559
26289 -19559
26289 -19559
26289 -19559
26289 -19559
26270 -19584
26270 -19584
26270 -19584
26270 -19584
26270 -19584
26270 -19584
26270 -19584
26270 -19584
26270 -19584
26270 -19584
26251 -19610
26251 -19610
26251 -19610
26251 -19610
26251 -19610
26251 -19610
26251 -19610
26251 -19610
26251 -19610
26251 -19610
26251 -19610
26232 -19636
26232 -19636
26232 -19636
26232 -19636
26232 -19636
26232 -19636
26232 -19636
26232 -19636
26232 -19636
26232 -19636
26213 -19661
26213 -19661
26213 -19661
26213 -19661
26213 -19661
26213 -19661
26213 -19661
26213 -19661
26213 -19661
26213 -19661
26195 -19686
26195 -19686
26195 -19686
26195 -19686
26195 -19686
26195 -19686
26195 -19686
26195 -19686
26195 -19686
26195 -19686
26175 -19713
26175 -19713
26175 -19713
26175 -19713
26175 -19713
26175 -19713
26175 -19713
26175 -19713
26175 -19713
26175 -19713
26156 -19739
26156 -19739
26156 -19739
26156 -19739
26156 -19739
26156 -19739
26156 -19739
26156 -19739
26156 -19739
26156 -19739
26136 -19764
26136 -19764
26136 -19764
26136 -19764
26136 -19764
26136 -19764
26136 -19764
26136 -19764
26136 -19764
26136 -19764
26118 -19789
26118 -19789
26118 -19789
26118 -19789
26118 -19789
26118 -19789
26118 -19789
26118 -19789
26118 -19789
26118 -19789
26098 -19815
26098 -19815
26098 -19815
26098 -19815
26098 -19815
26098 -19815
26098 -19815
26098 -19815
26098 -19815
26098 -19815
26098 -19815
26080 -19840
26080 -19840
26080 -19840
26086 -19829
26086 -19829
26086 -19829
26086 -19829
26067 -19855
26067 -19855
26067 -19855
26067 -19855
26067 -19855
26067 -19855
26067 -19855
26067 -19855
26067 -19855
26067 -19855
26048 -19880
26048 -19880
26048 -19880
26048 -19880
26048 -19880
26048 -19880
26048 -19880
26048 -19880
26048 -19880
26048 -19880
26048 -19880
26028 -19905
26028 -19905
26028 -19905
26028 -19905
26028 -19905
26028 -19905
26028 -19905
26028 -19905
26028 -19905
26028 -19905
26009 -19931
26009 -19931
26009 -19931
26009 -19931
26009 -19931
26009 -19931
26009 -19931
26009 -19931
26009 -19931
26009 -19931
25990 -19956
25990 -19956
25990 -19956
25990 -19956
25990 -19956
25990 -19956
25990 -19956
25990 -19956
25990 -19956
25990 -19956
25970 -19982
25970 -19982
25970 -19982
25970 -19982
25970 -19982
25970 -19982
25970 -19982
25970 -19982
25970 -19982
25970 -19982
25950 -20007
25950 -20007
25950 -20007
25950 -20007
25950 -20007
25950 -20007
25950 -20007
25950 -20007
25950 -20007
25950 -20007
25930 -20032
25930 -20032
25930 -20032
25930 -20032
25930 -20032
25930 -20032
25930 -20032
25930 -20032
25930 -20032
25930 -20032
25911 -20057
25911 -20057
25911 -20057
25911 -20057
25911 -20057
25911 -20057
25911 -20057
25911 -20057
25911 -20057
25911 -20057
25892 -20082
25892 -20082
25892 -20082
25892 -20082
25892 -20082
25892 -20082
25892 -20082
25892 -20082
25892 -20082
25892 -20082
25892 -20082
25872 -20107
25872 -20107
25872 -20107
25872 -20107
25872 -20107
25872 -20107
25872 -20107
25872 -20107
25872 -20107
25872 -20107
25852 -20132
25852 -20132
25852 -20132
25852 -20132
25852 -20132
25852 -20132
25852 -20132
25852 -20132
25852 -20132
25852 -20132
25833 -20157
25833 -20157
25843 -20144
25843 -20144
25843 -20144
25824 -20169
25824 -20169
25824 -20169
25824 -20169
25824 -20169
25824 -20169
25824 -20169
25824 -20169
25824 -20169
25824 -20169
25804 -20194
25804 -20194
25804 -20194
25804 -20194
25804 -20194
25804 -20194
25804 -20194
25804 -20194
25804 -20194
25804 -20194
25785 -20219
25785 -20219
25785 -20219
25785 -20219
25785 -20219
25785 -20219
25785 -20219
25785 -20219
25785 -20219
25785 -20219
25765 -20244
25765 -20244
25765 -20244
25765 -20244
25765 -20244
25765 -20244
25765 -20244
25765 -20244
25765 -20244
25765 -20244
25765 -20244
25745 -20269
25745 -20269
25745 -20269
25745 -20269
25745 -20269
25745 -20269
25745 -20269
25745 -20269
25745 -20269
25745 -20269
25726 -20295
25726 -20295
25726 -20295
25726 -20295
25726 -20295
25726 -20295
25726 -20295
25726 -20295
25726 -20295
25726 -20295
25707 -20319
25707 -20319
25707 -20319
25707 -20319
25707 -20319
25707 -20319
25707 -20319
25707 -20319
25707 -20319
25707 -20319
25686 -20345
25686 -20345
25686 -20345
25686 -20345
25686 -20345
25686 -20345
25686 -20345
25686 -20345
25686 -20345
25686 -20345
25667 -20370
25667 -20370
25667 -20370
25667 -20370
25667 -20370
25667 -20370
25667 -20370
25667 -20370
25667 -20370
25667 -20370
25646 -20395
25646 -20395
25646 -20395
25646 -20395
25646 -20395
25646 -20395
25646 -20395
25646 -20395
25646 -20395
25646 -20395
25627 -20419
25627 -20419
25627 -20419
25627 -20419
25627 -20419
25627 -20419
25627 -20419
25627 -20419
25627 -20419
25627 -20419
25607 -20445
25607 -20445
25607 -20445
25607 -20445
25607 -20445
25607 -20445
25607 -20445
25607 -20445
25607 -20445
25607 -20445
25607 -20445
25588 -20470
25588 -20470
25588 -20470
25574 -20485
25574 -20485
25574 -20485
25574 -20485
25555 -20511
25555 -20511
25555 -20511
25555 -20511
25555 -20511
25555 -20511
25555 -20511
25555 -20511
25555 -20511
25555 -20511
25535 -20535
25535 -20535
25535 -20535
25535 -20535
25535 -20535
25535 -20535
25535 -20535
25535 -20535
25535 -20535
25535 -20535
25535 -20535
25514 -20560
25514 -20560
25514 -20560
25514 -20560
25514 -20560
25514 -20560
25514 -20560
25514 -20560
25514 -20560
25514 -20560
25495 -20586
25495 -20586
25495 -20586
25495 -20586
25495 -20586
25495 -20586
25495 -20586
25495 -20586
25495 -20586
25495 -20586
25475 -20610
25475 -20610
25475 -20610
25475 -20610
25475 -20610
25475 -20610
25475 -20610
25475 -20610
25475 -20610
25475 -20610
25454 -20635
25454 -20635
25454 -20635
25454 -20635
25454 -20635
25454 -20635
25454 -20635
25454 -20635
25454 -20635
25454 -20635
25434 -20660
25434 -20660
25434 -20660
25434 -20660
25434 -20660
25434 -20660
25434 -20660
25434 -20660
25434 -20660
25434 -20660
25413 -20684
25413 -20684
25413 -20684
25413 -20684
25413 -20684
25413 -20684
25413 -20684
25413 -20684
25413 -20684
25413 -20684
25394 -20708
25394 -20708
25394 -20708
25394 -20708
25394 -20708
25394 -20708
25394 -20708
25394 -20708
25394 -20708
25394 -20708
25373 -20733
25373 -20733
25373 -20733
25373 -20733
25373 -20733
25373 -20733
25373 -20733
25373 -20733
25373 -20733
25373 -20733
25373 -20733
25353 -20758
25353 -20758
25353 -20758
25353 -20758
25353 -20758
25353 -20758
25353 -20758
25353 -20758
25353 -20758
25353 -20758
25333 -20783
25333 -20783
25333 -20783
25333 -20783
25333 -20783
25333 -20783
25333 -20783
25333 -20783
25333 -20783
25333 -20783
25313 -20807
25313 -20807
25323 -20794
25323 -20794
25323 -20794
25304 -20818
25304 -20818
25304 -20818
25304 -20818
25304 -20818
25304 -20818
25304 -20818
25304 -20818
25304 -20818
25304 -20818
25283 -20843
25283 -20843
25283 -20843
25283 -20843
25283 -20843
25283 -20843
25283 -20843
25283 -20843
25283 -20843
25283 -20843
25263 -20868
25263 -20868
25263 -20868
25263 -20868
25263 -20868
25263 -20868
25263 -20868
25263 -20868
25263 -20868
25263 -20868
25243 -20892
25243 -20892
25243 -20892
25243 -20892
25243 -20892
25243 -20892
25243 -20892
25243 -20892
25243 -20892
25243 -20892
25243 -20892
25222 -20917
25222 -20917
25222 -20917
25222 -20917
25222 -20917
25222 -20917
25222 -20917
25222 -20917
25222 -20917
25222 -20917
25202 -20942
25202 -20942
25202 -20942
25202 -20942
25202 -20942
25202 -20942
25202 -20942
25202 -20942
25202 -20942
25202 -20942
25182 -20966
25182 -20966
25182 -20966
25182 -20966
25182 -20966
25182 -20966
25182 -20966
25182 -20966
25182 -20966
25182 -20966
25161 -20991
25161 -20991
25161 -20991
25161 -20991
25161 -20991
25161 -20991
25161 -20991
25161 -20991
25161 -20991
25161 -20991
25141 -21016
25141 -21016
25141 -21016
25141 -21016
25141 -21016
25141 -21016
25141 -21016
25141 -21016
25141 -21016
25141 -21016
25120 -21040
25120 -21040
25120 -21040
25120 -21040
25120 -21040
25120 -21040
25120 -21040
25120 -21040
25120 -21040
25120 -21040
25100 -21064
25100 -21064
25100 -21064
25100 -21064
25100 -21064
25100 -21064
25100 -21064
25100 -21064
25100 -21064
25100 -21064
25079 -21089
25079 -21089
25079 -21089
25079 -21089
25079 -21089
25079 -21089
25079 -21089
25079 -21089
25079 -21089
25079 -21089
25079 -21089
25060 -21113
25060 -21113
25060 -21113
25070 -21101
25070 -21101
25070 -21101
25070 -21101
25050 -21126
25050 -21126
25050 -21126
25050 -21126
25050 -21126
25050 -21126
25050 -21126
25050 -21126
25050 -21126
25050 -21126
25029 -21150
25029 -21150
25029 -21150
25029 -21150
25029 -21150
25029 -21150
25029 -21150
25029 -21150
25029 -21150
25029 -21150
25029 -21150
25008 -21174
25008 -21174
25008 -21174
25008 -21174
25008 -21174
25008 -21174
25008 -21174
25008 -21174
25008 -21174
25008 -21174
24988 -21199
24988 -21199
24988 -21199
24988 -21199
24988 -21199
24988 -21199
24988 -21199
24988 -21199
24988 -21199
24988 -21199
24968 -21222
24968 -21222
24968 -21222
24968 -21222
24968 -21222
24968 -21222
24968 -21222
24968 -21222
24968 -21222
24968 -21222
24946 -21247
24946 -21247
24946 -21247
24946 -21247
24946 -21247
24946 -21247
24946 -21247
24946 -21247
24946 -21247
24946 -21247
24925 -21272
24925 -21272
24925 -21272
24925 -21272
24925 -21272
24925 -21272
24925 -21272
24925 -21272
24925 -21272
24925 -21272
24904 -21296
24904 -21296
24904 -21296
24904 -21296
24904 -21296
24904 -21296
24904 -21296
24904 -21296
24904 -21296
24904 -21296
24884 -21319
24884 -21319
24884 -21319
24884 -21319
24884 -21319
24884 -21319
24884 -21319
24884 -21319
24884 -21319
24884 -21319
24863 -21343
24863 -21343
24863 -21343
24863 -21343
24863 -21343
24863 -21343
24863 -21343
24863 -21343
24863 -21343
24863 -21343
24863 -21343
24842 -21368
24842 -21368
24842 -21368
24842 -21368
24842 -21368
24842 -21368
24842 -21368
24842 -21368
24842 -21368
24842 -21368
24821 -21392
24821 -21392
24821 -21392
24821 -21392
24821 -21392
24821 -21392
24821 -21392
24821 -21392
24821 -21392
24821 -21392
24800 -21416
24800 -21416
24811 -21403
24811 -21403
24811 -21403
24791 -21427
24791 -21427
24791 -21427
24791 -21427
24791 -21427
24791 -21427
24791 -21427
24791 -21427
24791 -21427
24791 -21427
24770 -21451
24770 -21451
24770 -21451
24770 -21451
24770 -21451
24770 -21451
24770 -21451
24770 -21451
24770 -21451
24770 -21451
24749 -21475
24749 -21475
24749 -21475
24749 -21475
24749 -21475
24749 -21475
24749 -21475
24749 -21475
24749 -21475
24749 -21475
24728 -21499
24728 -21499
24728 -21499
24728 -21499
24728 -21499
24728 -21499
24728 -21499
24728 -21499
24728 -21499
24728 -21499
24728 -21499
24708 -21524
24708 -21524
24708 -21524
24708 -21524
24708 -21524
24708 -21524
24708 -21524
24708 -21524
24708 -21524
24708 -21524
24687 -21548
24687 -21548
24687 -21548
24687 -21548
24687 -21548
24687 -21548
24687 -21548
24687 -21548
24687 -21548
24687 -21548
24666 -21571
24666 -21571
24666 -21571
24666 -21571
24666 -21571
24666 -21571
24666 -21571
24666 -21571
24666 -21571
24666 -21571
24645 -21596
24645 -21596
24645 -21596
24645 -21596
24645 -21596
24645 -21596
24645 -21596
24645 -21596
24645 -21596
24645 -21596
24624 -21621
24624 -21621
24624 -21621
24624 -21621
24624 -21621
24624 -21621
24624 -21621
24624 -21621
24624 -21621
24624 -21621
24602 -21644
24602 -21644
24602 -21644
24602 -21644
24602 -21644
24602 -21644
24602 -21644
24602 -21644
24602 -21644
24602 -21644
24582 -21668
24582 -21668
24582 -21668
24582 -21668
24582 -21668
24582 -21668
24582 -21668
24582 -21668
24582 -21668
24582 -21668
24560 -21693
24560 -21693
24560 -21693
24560 -21693
24560 -21693
24560 -21693
24560 -21693
24560 -21693
24560 -21693
24560 -21693
24560 -21693
24540 -21716
24540 -21716
24540 -21716
24548 -21706
24548 -21706
24548 -21706
24548 -21706
24528 -21731
24528 -21731
24528 -21731
24528 -21731
24528 -21731
24528 -21731
24528 -21731
24528 -21731
24528 -21731
24528 -21731
24506 -21754
24506 -21754
24506 -21754
24506 -21754
24506 -21754
24506 -21754
24506 -21754
24506 -21754
24506 -21754
24506 -21754
24506 -21754
24485 -21778
24485 -21778
24485 -21778
24485 -21778
24485 -21778
24485 -21778
24485 -21778
24485 -21778
24485 -21778
24485 -21778
24464 -21802
24464 -21802
24464 -21802
24464 -21802
24464 -21802
24464 -21802
24464 -21802
24464 -21802
24464 -21802
24464 -21802
24443 -21825
24443 -21825
24443 -21825
24443 -21825
24443 -21825
24443 -21825
24443 -21825
24443 -21825
24443 -21825
24443 -21825
24421 -21850
24421 -21850
24421 -21850
24421 -21850
24421 -21850
24421 -21850
24421 -21850
24421 -21850
24421 -21850
24421 -21850
24400 -21873
24400 -21873
24400 -21873
24400 -21873
24400 -21873
24400 -21873
24400 -21873
24400 -21873
24400 -21873
24400 -21873
24378 -21897
24378 -21897
24378 -21897
24378 -21897
24378 -21897
24378 -21897
24378 -21897
24378 -21897
24378 -21897
24378 -21897
24357 -21920
24357 -21920
24357 -21920
24357 -21920
24357 -21920
24357 -21920
24357 -21920
24357 -21920
24357 -21920
24357 -21920
24336 -21944
24336 -21944
24336 -21944
24336 -21944
24336 -21944
24336 -21944
24336 -21944
24336 -21944
24336 -21944
24336 -21944
24336 -21944
24314 -21968
24314 -21968
24314 -21968
24314 -21968
24314 -21968
24314 -21968
24314 -21968
24314 -21968
24314 -21968
24314 -21968
24293 -21991
24293 -21991
24293 -21991
24293 -21991
24293 -21991
24293 -21991
24293 -21991
24293 -21991
24293 -21991
24293 -21991
24271 -22015
24271 -22015
24283 -22002
24283 -22002
24283 -22002
24262 -22025
24262 -22025
24262 -22025
24262 -22025
24262 -22025
24262 -22025
24262 -22025
24262 -22025
24262 -22025
24262 -22025
24240 -22049
24240 -22049
24240 -22049
24240 -22049
24240 -22049
24240 -22049
24240 -22049
24240 -22049
24240 -22049
24240 -22049
24219 -22073
24219 -22073
24219 -22073
24219 -22073
24219 -22073
24219 -22073
24219 -22073
24219 -22073
24219 -22073
24219 -22073
24197 -22096
24197 -22096
24197 -22096
24197 -22096
24197 -22096
24197 -22096
24197 -22096
24197 -22096
24197 -22096
24197 -22096
24197 -22096
24176 -22120
24176 -22120
24176 -22120
24176 -22120
24176 -22120
24176 -22120
24176 -22120
24176 -22120
24176 -22120
24176 -22120
24154 -22144
24154 -22144
24154 -22144
24154 -22144
24154 -22144
24154 -22144
24154 -22144
24154 -22144
24154 -22144
24154 -22144
24134 -22167
24134 -22167
24134 -22167
24134 -22167
24134 -22167
24134 -22167
24134 -22167
24134 -22167
24134 -22167
24134 -22167
24111 -22191
24111 -22191
24111 -22191
24111 -22191
24111 -22191
24111 -22191
24111 -22191
24111 -22191
24111 -22191
24111 -22191
24090 -22215
24090 -22215
24090 -22215
24090 -22215
24090 -22215
24090 -22215
24090 -22215
24090 -22215
24090 -22215
24090 -22215
24068 -22238
24068 -22238
24068 -22238
24068 -22238
24068 -22238
24068 -22238
24068 -22238
24068 -22238
24068 -22238
24068 -22238
24047 -22261
24047 -22261
24047 -22261
24047 -22261
24047 -22261
24047 -22261
24047 -22261
24047 -22261
24047 -22261
24047 -22261
24025 -22285
24025 -22285
24025 -22285
24025 -22285
24025 -22285
24025 -22285
24025 -22285
24025 -22285
24025 -22285
24025 -22285
24025 -22285
24004 -22308
24004 -22308
24004 -22308
24012 -22299
24012 -22299
24012 -22299
24012 -22299
23990 -22323
23990 -22323
23990 -22323
23990 -22323
23990 -22323
23990 -22323
23990 -22323
23990 -22323
23990 -22323
23990 -22323
23968 -22346
23968 -22346
23968 -22346
23968 -22346
23968 -22346
23968 -22346
23968 -22346
23968 -22346
23968 -22346
23968 -22346
23968 -22346
23946 -22369
23946 -22369
23946 -22369
23946 -22369
23946 -22369
23946 -22369
23946 -22369
23946 -22369
23946 -22369
23946 -22369
23925 -22393
23925 -22393
23925 -22393
23925 -22393
23925 -22393
23925 -22393
23925 -22393
23925 -22393
23925 -22393
23925 -22393
23904 -22415
23904 -22415
23904 -22415
23904 -22415
23904 -22415
23904 -22415
23904 -22415
23904 -22415
23904 -22415
23904 -22415
23881 -22439
23881 -22439
23881 -22439
23881 -22439
23881 -22439
23881 -22439
23881 -22439
23881 -22439
23881 -22439
23881 -22439
23859 -22462
23859 -22462
23859 -22462
23859 -22462
23859 -22462
23859 -22462
23859 -22462
23859 -22462
23859 -22462
23859 -22462
23837 -22486
23837 -22486
23837 -22486
23837 -22486
23837 -22486
23837 -22486
23837 -22486
23837 -22486
23837 -22486
23837 -22486
23815 -22508
23815 -22508
23815 -22508
23815 -22508
23815 -22508
23815 -22508
23815 -22508
23815 -22508
23815 -22508
23815 -22508
23793 -22531
23793 -22531
23793 -22531
23793 -22531
23793 -22531
23793 -22531
23793 -22531
23793 -22531
23793 -22531
23793 -22531
23793 -22531
23771 -22554
23771 -22554
23771 -22554
23771 -22554
23771 -22554
23771 -22554
23771 -22554
23771 -22554
23771 -22554
23771 -22554
23749 -22578
23749 -22578
23749 -22578
23749 -22578
23749 -22578
23749 -22578
23749 -22578
23749 -22578
23749 -22578
23749 -22578
23727 -22601
23727 -22601
23739 -22589
23739 -22589
23739 -22589
23717 -22611
23717 -22611
23717 -22611
23717 -22611
23717 -22611
23717 -22611
23717 -22611
23717 -22611
23717 -22611
23717 -22611
23695 -22634
23695 -22634
23695 -22634
23695 -22634
23695 -22634
23695 -22634
23695 -22634
23695 -22634
23695 -22634
23695 -22634
23673 -22657
23673 -22657
23673 -22657
23673 -22657
23673 -22657
23673 -22657
23673 -22657
23673 -22657
23673 -22657
23673 -22657
23651 -22681
23651 -22681
23651 -22681
23651 -22681
23651 -22681
23651 -22681
23651 -22681
23651 -22681
23651 -22681
23651 -22681
23651 -22681
23629 -22704
23629 -22704
23629 -22704
23629 -22704
23629 -22704
23629 -22704
23629 -22704
23629 -22704
23629 -22704
23629 -22704
23607 -22727
23607 -22727
23607 -22727
23607 -22727
23607 -22727
23607 -22727
23607 -22727
23607 -22727
23607 -22727
23607 -22727
23586 -22749
23586 -22749
23586 -22749
23586 -22749
23586 -22749
23586 -22749
23586 -22749
23586 -22749
23586 -22749
23586 -22749
23563 -22773
23563 -22773
23563 -22773
23563 -22773
23563 -22773
23563 -22773
23563 -22773
23563 -22773
23563 -22773
23563 -22773
23541 -22796
23541 -22796
23541 -22796
23541 -22796
23541 -22796
23541 -22796
23541 -22796
23541 -22796
23541 -22796
23541 -22796
23518 -22819
23518 -22819
23518 -22819
23518 -22819
23518 -22819
23518 -22819
23518 -22819
23518 -22819
23518 -22819
23518 -22819
23497 -22841
23497 -22841
23497 -22841
23497 -22841
23497 -22841
23497 -22841
23497 -22841
23497 -22841
23497 -22841
23497 -22841
23474 -22865
23474 -22865
23474 -22865
23474 -22865
23474 -22865
23474 -22865
23474 -22865
23474 -22865
23474 -22865
23474 -22865
23474 -22865
23453 -22888
23453 -22888
23453 -22888
23451 -22886
23451 -22886
23451 -22886
23451 -22886
23429 -22909
23429 -22909
23429 -22909
23429 -22909
23429 -22909
23429 -22909
23429 -22909
23429 -22909
23429 -22909
23429 -22909
23406 -22932
23406 -22932
23406 -22932
23406 -22932
23406 -22932
23406 -22932
23406 -22932
23406 -22932
23406 -22932
23406 -22932
23406 -22932
23384 -22954
23384 -22954
23384 -22954
23384 -22954
23384 -22954
23384 -22954
23384 -22954
23384 -22954
23384 -22954
23384 -22954
23362 -22978
23362 -22978
23362 -22978
23362 -22978
23362 -22978
23362 -22978
23362 -22978
23362 -22978
23362 -22978
23362 -22978
23340 -23000
23340 -23000
23340 -23000
23340 -23000
23340 -23000
23340 -23000
23340 -23000
23340 -23000
23340 -23000
23340 -23000
23317 -23023
23317 -23023
23317 -23023
23317 -23023
23317 -23023
23317 -23023
23317 -23023
23317 -23023
23317 -23023
23317 -23023
23294 -23046
23294 -23046
23294 -23046
23294 -23046
23294 -23046
23294 -23046
23294 -23046
23294 -23046
23294 -23046
23294 -23046
23271 -23068
23271 -23068
23271 -23068
23271 -23068
23271 -23068
23271 -23068
23271 -23068
23271 -23068
23271 -23068
23271 -23068
23249 -23090
23249 -23090
23249 -23090
23249 -23090
23249 -23090
23249 -23090
23249 -23090
23249 -23090
23249 -23090
23249 -23090
23227 -23113
23227 -23113
23227 -23113
23227 -23113
23227 -23113
23227 -23113
23227 -23113
23227 -23113
23227 -23113
23227 -23113
23227 -23113
23204 -23135
23204 -23135
23204 -23135
23204 -23135
23204 -23135
23204 -23135
23204 -23135
23204 -23135
23204 -23135
23204 -23135
23182 -23158
23182 -23158
23182 -23158
23182 -23158
23182 -23158
23182 -23158
23182 -23158
23182 -23158
23182 -23158
23182 -23158
23159 -23181
23159 -23181
23171 -23169
23171 -23169
23171 -23169
23149 -23191
23149 -23191
23149 -23191
23149 -23191
23149 -23191
23149 -23191
23149 -23191
23149 -23191
23149 -23191
23149 -23191
23126 -23213
23126 -23213
23126 -23213
23126 -23213
23126 -23213
23126 -23213
23126 -23213
23126 -23213
23126 -23213
23126 -23213
23104 -23236
23104 -23236
23104 -23236
23104 -23236
23104 -23236
23104 -23236
23104 -23236
23104 -23236
23104 -23236
23104 -23236
23081 -23258
23081 -23258
23081 -23258
23081 -23258
23081 -23258
23081 -23258
23081 -23258
23081 -23258
23081 -23258
23081 -23258
23081 -23258
23058 -23281
23058 -23281
23058 -23281
23058 -23281
23058 -23281
23058 -23281
23058 -23281
23058 -23281
23058 -23281
23058 -23281
23036 -23304
23036 -23304
23036 -23304
23036 -23304
23036 -23304
23036 -23304
23036 -23304
23036 -23304
23036 -23304
23036 -23304
23014 -23326
23014 -23326
23014 -23326
23014 -23326
23014 -23326
23014 -23326
23014 -23326
23014 -23326
23014 -23326
23014 -23326
22991 -23349
22991 -23349
22991 -23349
22991 -23349
22991 -23349
22991 -23349
22991 -23349
22991 -23349
22991 -23349
22991 -23349
22968 -23372
22968 -23372
22968 -23372
22968 -23372
22968 -23372
22968 -23372
22968 -23372
22968 -23372
22968 -23372
22968 -23372
22945 -23393
22945 -23393
22945 -23393
22945 -23393
22945 -23393
22945 -23393
22945 -23393
22945 -23393
22945 -23393
22945 -23393
22923 -23415
22923 -23415
22923 -23415
22923 -23415
22923 -23415
22923 -23415
22923 -23415
22923 -23415
22923 -23415
22923 -23415
22899 -23439
22899 -23439
22899 -23439
22899 -23439
22899 -23439
22899 -23439
22899 -23439
22899 -23439
22899 -23439
22899 -23439
22899 -23439
22877 -23461
22877 -23461
22877 -23461
22886 -23451
22886 -23451
22886 -23451
22886 -23451
22863 -23474
22863 -23474
22863 -23474
22863 -23474
22863 -23474
22863 -23474
22863 -23474
22863 -23474
22863 -23474
22863 -23474
22840 -23496
22840 -23496
22840 -23496
22840 -23496
22840 -23496
22840 -23496
22840 -23496
22840 -23496
22840 -23496
22840 -23496
22840 -23496
22817 -23518
22817 -23518
22817 -23518
22817 -23518
22817 -23518
22817 -23518
22817 -23518
22817 -23518
22817 -23518
22817 -23518
22795 -23541
22795 -23541
22795 -23541
22795 -23541
22795 -23541
22795 -23541
22795 -23541
22795 -23541
22795 -23541
22795 -23541
22772 -23562
22772 -23562
22772 -23562
22772 -23562
22772 -23562
22772 -23562
22772 -23562
22772 -23562
22772 -23562
22772 -23562
22748 -23585
22748 -23585
22748 -23585
22748 -23585
22748 -23585
22748 -23585
22748 -23585
22748 -23585
22748 -23585
22748 -23585
22725 -23607
22725 -23607
22725 -23607
22725 -23607
22725 -23607
22725 -23607
22725 -23607
22725 -23607
22725 -23607
22725 -23607
22702 -23629
22702 -23629
22702 -23629
22702 -23629
22702 -23629
22702 -23629
22702 -23629
22702 -23629
22702 -23629
22702 -23629
22679 -23650
22679 -23650
22679 -23650
22679 -23650
22679 -23650
22679 -23650
22679 -23650
22679 -23650
22679 -23650
22679 -23650
22656 -23672
22656 -23672
22656 -23672
22656 -23672
22656 -23672
22656 -23672
22656 -23672
22656 -23672
22656 -23672
22656 -23672
22656 -23672
22633 -23694
22633 -23694
22633 -23694
22633 -23694
22633 -23694
22633 -23694
22633 -23694
22633 -23694
22633 -23694
22633 -23694
22610 -23716
22610 -23716
22610 -23716
22610 -23716
22610 -23716
22610 -23716
22610 -23716
22610 -23716
22610 -23716
22610 -23716
22587 -23738
22587 -23738
22599 -23727
22599 -23727
22599 -23727
22577 -23748
22577 -23748
22577 -23748
22577 -23748
22577 -23748
22577 -23748
22577 -23748
22577 -23748
22577 -23748
22577 -23748
22553 -23770
22553 -23770
22553 -23770
22553 -23770
22553 -23770
22553 -23770
22553 -23770
22553 -23770
22553 -23770
22553 -23770
22530 -23792
22530 -23792
22530 -23792
22530 -23792
22530 -23792
22530 -23792
22530 -23792
22530 -23792
22530 -23792
22530 -23792
22507 -23814
22507 -23814
22507 -23814
22507 -23814
22507 -23814
22507 -23814
22507 -23814
22507 -23814
22507 -23814
22507 -23814
22507 -23814
22484 -23836
22484 -23836
22484 -23836
22484 -23836
22484 -23836
22484 -23836
22484 -23836
22484 -23836
22484 -23836
22484 -23836
22461 -23858
22461 -23858
22461 -23858
22461 -23858
22461 -23858
22461 -23858
22461 -23858
22461 -23858
22461 -23858
22461 -23858
22438 -23880
22438 -23880
22438 -23880
22438 -23880
22438 -23880
22438 -23880
22438 -23880
22438 -23880
22438 -23880
22438 -23880
22414 -23903
22414 -23903
22414 -23903
22414 -23903
22414 -23903
22414 -23903
22414 -23903
22414 -23903
22414 -23903
22414 -23903
22391 -23925
22391 -23925
22391 -23925
22391 -23925
22391 -23925
22391 -23925
22391 -23925
22391 -23925
22391 -23925
22391 -23925
22367 -23946
22367 -23946
22367 -23946
22367 -23946
22367 -23946
22367 -23946
22367 -23946
22367 -23946
22367 -23946
22367 -23946
22345 -23967
22345 -23967
22345 -23967
22345 -23967
22345 -23967
22345 -23967
22345 -23967
22345 -23967
22345 -23967
22345 -23967
22321 -23990
22321 -23990
22321 -23990
22321 -23990
22321 -23990
22321 -23990
22321 -23990
22321 -23990
22321 -23990
22321 -23990
22321 -23990
22299 -24011
22299 -24011
22299 -24011
22307 -24002
22307 -24002
22307 -24002
22307 -24002
22284 -24024
22284 -24024
22284 -24024
22284 -24024
22284 -24024
22284 -24024
22284 -24024
22284 -24024
22284 -24024
22284 -24024
22260 -24046
22260 -24046
22260 -24046
22260 -24046
22260 -24046
22260 -24046
22260 -24046
22260 -24046
22260 -24046
22260 -24046
22260 -24046
22236 -24067
22236 -24067
22236 -24067
22236 -24067
22236 -24067
22236 -24067
22236 -24067
22236 -24067
22236 -24067
22236 -24067
22213 -24090
22213 -24090
22213 -24090
22213 -24090
22213 -24090
22213 -24090
22213 -24090
22213 -24090
22213 -24090
22213 -24090
22190 -24110
22190 -24110
22190 -24110
22190 -24110
22190 -24110
22190 -24110
22190 -24110
22190 -24110
22190 -24110
22190 -24110
22166 -24133
22166 -24133
22166 -24133
22166 -24133
22166 -24133
22166 -24133
22166 -24133
22166 -24133
22166 -24133
22166 -24133
22142 -24154
22142 -24154
22142 -24154
22142 -24154
22142 -24154
22142 -24154
22142 -24154
22142 -24154
22142 -24154
22142 -24154
22118 -24176
22118 -24176
22118 -24176
22118 -24176
22118 -24176
22118 -24176
22118 -24176
22118 -24176
22118 -24176
22118 -24176
22095 -24196
22095 -24196
22095 -24196
22095 -24196
22095 -24196
22095 -24196
22095 -24196
22095 -24196
22095 -24196
22095 -24196
22072 -24218
22072 -24218
22072 -24218
22072 -24218
22072 -24218
22072 -24218
22072 -24218
22072 -24218
22072 -24218
22072 -24218
22072 -24218
22048 -24239
22048 -24239
22048 -24239
22048 -24239
22048 -24239
22048 -24239
22048 -24239
22048 -24239
22048 -24239
22048 -24239
22024 -24261
22024 -24261
22024 -24261
22024 -24261
22024 -24261
22024 -24261
22024 -24261
22024 -24261
22024 -24261
22024 -24261
22001 -24282
22001 -24282
22013 -24271
22013 -24271
22013 -24271
21990 -24292
21990 -24292
21990 -24292
21990 -24292
21990 -24292
21990 -24292
21990 -24292
21990 -24292
21990 -24292
21990 -24292
21967 -24313
21967 -24313
21967 -24313
21967 -24313
21967 -24313
21967 -24313
21967 -24313
21967 -24313
21967 -24313
21967 -24313
21943 -24335
21943 -24335
21943 -24335
21943 -24335
21943 -24335
21943 -24335
21943 -24335
21943 -24335
21943 -24335
21943 -24335
21919 -24356
21919 -24356
21919 -24356
21919 -24356
21919 -24356
21919 -24356
21919 -24356
21919 -24356
21919 -24356
21919 -24356
21919 -24356
21895 -24378
21895 -24378
21895 -24378
21895 -24378
21895 -24378
21895 -24378
21895 -24378
21895 -24378
21895 -24378
21895 -24378
21872 -24399
21872 -24399
21872 -24399
21872 -24399
21872 -24399
21872 -24399
21872 -24399
21872 -24399
21872 -24399
21872 -24399
21849 -24420
21849 -24420
21849 -24420
21849 -24420
21849 -24420
21849 -24420
21849 -24420
21849 -24420
21849 -24420
21849 -24420
21824 -24442
21824 -24442
21824 -24442
21824 -24442
21824 -24442
21824 -24442
21824 -24442
21824 -24442
21824 -24442
21824 -24442
21801 -24464
21801 -24464
21801 -24464
21801 -24464
21801 -24464
21801 -24464
21801 -24464
21801 -24464
21801 -24464
21801 -24464
21776 -24484
21776 -24484
21776 -24484
21776 -24484
21776 -24484
21776 -24484
21776 -24484
21776 -24484
21776 -24484
21776 -24484
21753 -24505
21753 -24505
21753 -24505
21753 -24505
21753 -24505
21753 -24505
21753 -24505
21753 -24505
21753 -24505
21753 -24505
21729 -24527
21729 -24527
21729 -24527
21729 -24527
21729 -24527
21729 -24527
21729 -24527
21729 -24527
21729 -24527
21729 -24527
21729 -24527
21706 -24548
21706 -24548
21706 -24548
21714 -24539
21714 -24539
21714 -24539
21714 -24539
21691 -24561
21691 -24561
21691 -24561
21691 -24561
21691 -24561
21691 -24561
21691 -24561
21691 -24561
21691 -24561
21691 -24561
21667 -24582
21667 -24582
21667 -24582
21667 -24582
21667 -24582
21667 -24582
21667 -24582
21667 -24582
21667 -24582
21667 -24582
21667 -24582
21642 -24603
21642 -24603
21642 -24603
21642 -24603
21642 -24603
21642 -24603
21642 -24603
21642 -24603
21642 -24603
21642 -24603
21619 -24625
21619 -24625
21619 -24625
21619 -24625
21619 -24625
21619 -24625
21619 -24625
21619 -24625
21619 -24625
21619 -24625
21595 -24645
21595 -24645
21595 -24645
21595 -24645
21595 -24645
21595 -24645
21595 -24645
21595 -24645
21595 -24645
21595 -24645
21570 -24666
21570 -24666
21570 -24666
21570 -24666
21570 -24666
21570 -24666
21570 -24666
21570 -24666
21570 -24666
21570 -24666
21546 -24687
21546 -24687
21546 -24687
21546 -24687
21546 -24687
21546 -24687
21546 -24687
21546 -24687
21546 -24687
21546 -24687
21522 -24708
21522 -24708
21522 -24708
21522 -24708
21522 -24708
21522 -24708
21522 -24708
21522 -24708
21522 -24708
21522 -24708
21498 -24728
21498 -24728
21498 -24728
21498 -24728
21498 -24728
21498 -24728
21498 -24728
21498 -24728
21498 -24728
21498 -24728
21474 -24749
21474 -24749
21474 -24749
21474 -24749
21474 -24749
21474 -24749
21474 -24749
21474 -24749
21474 -24749
21474 -24749
21474 -24749
21450 -24770
21450 -24770
21450 -24770
21450 -24770
21450 -24770
21450 -24770
21450 -24770
21450 -24770
21450 -24770
21450 -24770
21426 -24791
21426 -24791
21426 -24791
21426 -24791
21426 -24791
21426 -24791
21426 -24791
21426 -24791
21426 -24791
21426 -24791
21402 -24812
21402 -24812
21414 -24801
21414 -24801
21414 -24801
21391 -24821
21391 -24821
21391 -24821
21391 -24821
21391 -24821
21391 -24821
21391 -24821
21391 -24821
21391 -24821
21391 -24821
21367 -24842
21367 -24842
21367 -24842
21367 -24842
21367 -24842
21367 -24842
21367 -24842
21367 -24842
21367 -24842
21367 -24842
21342 -24863
21342 -24863
21342 -24863
21342 -24863
21342 -24863
21342 -24863
21342 -24863
21342 -24863
21342 -24863
21342 -24863
21318 -24884
21318 -24884
21318 -24884
21318 -24884
21318 -24884
21318 -24884
21318 -24884
21318 -24884
21318 -24884
21318 -24884
21318 -24884
21294 -24905
21294 -24905
21294 -24905
21294 -24905
21294 -24905
21294 -24905
21294 -24905
21294 -24905
21294 -24905
21294 -24905
21270 -24926
21270 -24926
21270 -24926
21270 -24926
21270 -24926
21270 -24926
21270 -24926
21270 -24926
21270 -24926
21270 -24926
21246 -24946
21246 -24946
21246 -24946
21246 -24946
21246 -24946
21246 -24946
21246 -24946
21246 -24946
21246 -24946
21246 -24946
21221 -24968
21221 -24968
21221 -24968
21221 -24968
21221 -24968
21221 -24968
21221 -24968
21221 -24968
21221 -24968
21221 -24968
21197 -24989
21197 -24989
21197 -24989
21197 -24989
21197 -24989
21197 -24989
21197 -24989
21197 -24989
21197 -24989
21197 -24989
21172 -25009
21172 -25009
21172 -25009
21172 -25009
21172 -25009
21172 -25009
21172 -25009
21172 -25009
21172 -25009
21172 -25009
21149 -25029
21149 -25029
21149 -25029
21149 -25029
21149 -25029
21149 -25029
21149 -25029
21149 -25029
21149 -25029
21149 -25029
21124 -25050
21124 -25050
21124 -25050
21124 -25050
21124 -25050
21124 -25050
21124 -25050
21124 -25050
21124 -25050
21124 -25050
21124 -25050
21100 -25071
21100 -25071
21100 -25071
21088 -25079
21088 -25079
21088 -25079
21088 -25079
21064 -25100
21064 -25100
21064 -25100
21064 -25100
21064 -25100
21064 -25100
21064 -25100
21064 -25100
21064 -25100
21064 -25100
21039 -25121
21039 -25121
21039 -25121
21039 -25121
21039 -25121
21039 -25121
21039 -25121
21039 -25121
21039 -25121
21039 -25121
21039 -25121
21014 -25141
21014 -25141
21014 -25141
21014 -25141
21014 -25141
21014 -25141
21014 -25141
21014 -25141
21014 -25141
21014 -25141
20990 -25162
20990 -25162
20990 -25162
20990 -25162
20990 -25162
20990 -25162
20990 -25162
20990 -25162
20990 -25162
20990 -25162
20966 -25182
20966 -25182
20966 -25182
20966 -25182
20966 -25182
20966 -25182
20966 -25182
20966 -25182
20966 -25182
20966 -25182
20941 -25203
20941 -25203
20941 -25203
20941 -25203
20941 -25203
20941 -25203
20941 -25203
20941 -25203
20941 -25203
20941 -25203
20916 -25223
20916 -25223
20916 -25223
20916 -25223
20916 -25223
20916 -25223
20916 -25223
20916 -25223
20916 -25223
20916 -25223
20891 -25243
20891 -25243
20891 -25243
20891 -25243
20891 -25243
20891 -25243
20891 -25243
20891 -25243
20891 -25243
20891 -25243
20867 -25263
20867 -25263
20867 -25263
20867 -25263
20867 -25263
20867 -25263
20867 -25263
20867 -25263
20867 -25263
20867 -25263
20843 -25283
20843 -25283
20843 -25283
20843 -25283
20843 -25283
20843 -25283
20843 -25283
20843 -25283
20843 -25283
20843 -25283
20843 -25283
20818 -25303
20818 -25303
20818 -25303
20818 -25303
20818 -25303
20818 -25303
20818 -25303
20818 -25303
20818 -25303
20818 -25303
20793 -25324
20793 -25324
20793 -25324
20793 -25324
20793 -25324
20793 -25324
20793 -25324
20793 -25324
20793 -25324
20793 -25324
20768 -25344
20768 -25344
20782 -25333
20782 -25333
20782 -25333
20758 -25353
20758 -25353
20758 -25353
20758 -25353
20758 -25353
20758 -25353
20758 -25353
20758 -25353
20758 -25353
20758 -25353
20733 -25373
20733 -25373
20733 -25373
20733 -25373
20733 -25373
20733 -25373
20733 -25373
20733 -25373
20733 -25373
20733 -25373
20708 -25393
20708 -25393
20708 -25393
20708 -25393
20708 -25393
20708 -25393
20708 -25393
20708 -25393
20708 -25393
20708 -25393
20683 -25414
20683 -25414
20683 -25414
20683 -25414
20683 -25414
20683 -25414
20683 -25414
20683 -25414
20683 -25414
20683 -25414
20683 -25414
20659 -25434
20659 -25434
20659 -25434
20659 -25434
20659 -25434
20659 -25434
20659 -25434
20659 -25434
20659 -25434
20659 -25434
20634 -25454
20634 -25454
20634 -25454
20634 -25454
20634 -25454
20634 -25454
20634 -25454
20634 -25454
20634 -25454
20634 -25454
20610 -25474
20610 -25474
20610 -25474
20610 -25474
20610 -25474
20610 -25474
20610 -25474
20610 -25474
20610 -25474
20610 -25474
20584 -25495
20584 -25495
20584 -25495
20584 -25495
20584 -25495
20584 -25495
20584 -25495
20584 -25495
20584 -25495
20584 -25495
20560 -25515
20560 -25515
20560 -25515
20560 -25515
20560 -25515
20560 -25515
20560 -25515
20560 -25515
20560 -25515
20560 -25515
20534 -25535
20534 -25535
20534 -25535
20534 -25535
20534 -25535
20534 -25535
20534 -25535
20534 -25535
20534 -25535
20534 -25535
20510 -25554
20510 -25554
20510 -25554
20510 -25554
20510 -25554
20510 -25554
20510 -25554
20510 -25554
20510 -25554
20510 -25554
20485 -25575
20485 -25575
20485 -25575
20485 -25575
20485 -25575
20485 -25575
20485 -25575
20485 -25575
20485 -25575
20485 -25575
20485 -25575
20461 -25595
20461 -25595
20461 -25595
20469 -25587
20469 -25587
20469 -25587
20469 -25587
20445 -25607
20445 -25607
20445 -25607
20445 -25607
20445 -25607
20445 -25607
20445 -25607
20445 -25607
20445 -25607
20445 -25607
20419 -25627
20419 -25627
20419 -25627
20419 -25627
20419 -25627
20419 -25627
20419 -25627
20419 -25627
20419 -25627
20419 -25627
20419 -25627
20394 -25647
20394 -25647
20394 -25647
20394 -25647
20394 -25647
20394 -25647
20394 -25647
20394 -25647
20394 -25647
20394 -25647
20370 -25667
20370 -25667
20370 -25667
20370 -25667
20370 -25667
20370 -25667
20370 -25667
20370 -25667
20370 -25667
20370 -25667
20345 -25686
20345 -25686
20345 -25686
20345 -25686
20345 -25686
20345 -25686
20345 -25686
20345 -25686
20345 -25686
20345 -25686
20319 -25707
20319 -25707
20319 -25707
20319 -25707
20319 -25707
20319 -25707
20319 -25707
20319 -25707
20319 -25707
20319 -25707
20294 -25726
20294 -25726
20294 -25726
20294 -25726
20294 -25726
20294 -25726
20294 -25726
20294 -25726
20294 -25726
20294 -25726
20269 -25746
20269 -25746
20269 -25746
20269 -25746
20269 -25746
20269 -25746
20269 -25746
20269 -25746
20269 -25746
20269 -25746
20244 -25765
20244 -25765
20244 -25765
20244 -25765
20244 -25765
20244 -25765
20244 -25765
20244 -25765
20244 -25765
20244 -25765
20219 -25785
20219 -25785
20219 -25785
20219 -25785
20219 -25785
20219 -25785
20219 -25785
20219 -25785
20219 -25785
20219 -25785
20219 -25785
20194 -25804
20194 -25804
20194 -25804
20194 -25804
20194 -25804
20194 -25804
20194 -25804
20194 -25804
20194 -25804
20194 -25804
20169 -25824
20169 -25824
20169 -25824
20169 -25824
20169 -25824
20169 -25824
20169 -25824
20169 -25824
20169 -25824
20169 -25824
20143 -25844
20143 -25844
20157 -25833
20157 -25833
20157 -25833
20132 -25852
20132 -25852
20132 -25852
20132 -25852
20132 -25852
20132 -25852
20132 -25852
20132 -25852
20132 -25852
20132 -25852
20107 -25872
20107 -25872
20107 -25872
20107 -25872
20107 -25872
20107 -25872
20107 -25872
20107 -25872
20107 -25872
20107 -25872
20082 -25892
20082 -25892
20082 -25892
20082 -25892
20082 -25892
20082 -25892
20082 -25892
20082 -25892
20082 -25892
20082 -25892
20057 -25911
20057 -25911
20057 -25911
20057 -25911
20057 -25911
20057 -25911
20057 -25911
20057 -25911
20057 -25911
20057 -25911
20057 -25911
20031 -25931
20031 -25931
20031 -25931
20031 -25931
20031 -25931
20031 -25931
20031 -25931
20031 -25931
20031 -25931
20031 -25931
20006 -25951
20006 -25951
20006 -25951
20006 -25951
20006 -25951
20006 -25951
20006 -25951
20006 -25951
20006 -25951
20006 -25951
19982 -25970
19982 -25970
19982 -25970
19982 -25970
19982 -25970
19982 -25970
19982 -25970
19982 -25970
19982 -25970
19982 -25970
19956 -25990
19956 -25990
19956 -25990
19956 -25990
19956 -25990
19956 -25990
19956 -25990
19956 -25990
19956 -25990
19956 -25990
19930 -26010
19930 -26010
19930 -26010
19930 -26010
19930 -26010
19930 -26010
19930 -26010
19930 -26010
19930 -26010
19930 -26010
19905 -26029
19905 -26029
19905 -26029
19905 -26029
19905 -26029
19905 -26029
19905 -26029
19905 -26029
19905 -26029
19905 -26029
19880 -26048
19880 -26048
19880 -26048
19880 -26048
19880 -26048
19880 -26048
19880 -26048
19880 -26048
19880 -26048
19880 -26048
19854 -26068
19854 -26068
19854 -26068
19854 -26068
19854 -26068
19854 -26068
19854 -26068
19854 -26068
19854 -26068
19854 -26068
19854 -26068
19830 -26087
19830 -26087
19830 -26087
19839 -26079
19839 -26079
19839 -26079
19839 -26079
19814 -26099
19814 -26099
19814 -26099
19814 -26099
19814 -26099
19814 -26099
19814 -26099
19814 -26099
19814 -26099
19814 -26099
19789 -26118
19789 -26118
19789 -26118
19789 -26118
19789 -26118
19789 -26118
19789 -26118
19789 -26118
19789 -26118
19789 -26118
19789 -26118
19763 -26137
19763 -26137
19763 -26137
19763 -26137
19763 -26137
19763 -26137
19763 -26137
19763 -26137
19763 -26137
19763 -26137
19738 -26157
19738 -26157
19738 -26157
19738 -26157
19738 -26157
19738 -26157
19738 -26157
19738 -26157
19738 -26157
19738 -26157
19713 -26175
19713 -26175
19713 -26175
19713 -26175
19713 -26175
19713 -26175
19713 -26175
19713 -26175
19713 -26175
19713 -26175
19686 -26195
19686 -26195
19686 -26195
19686 -26195
19686 -26195
19686 -26195
19686 -26195
19686 -26195
19686 -26195
19686 -26195
19661 -26214
19661 -26214
19661 -26214
19661 -26214
19661 -26214
19661 -26214
19661 -26214
19661 -26214
19661 -26214
19661 -26214
19635 -26233
19635 -26233
19635 -26233
19635 -26233
19635 -26233
19635 -26233
19635 -26233
19635 -26233
19635 -26233
19635 -26233
19610 -26251
19610 -26251
19610 -26251
19610 -26251
19610 -26251
19610 -26251
19610 -26251
19610 -26251
19610 -26251
19610 -26251
19584 -26270
19584 -26270
19584 -26270
19584 -26270
19584 -26270
19584 -26270
19584 -26270
19584 -26270
19584 -26270
19584 -26270
19584 -26270
19559 -26289
19559 -26289
19559 -26289
19559 -26289
19559 -26289
19559 -26289
19559 -26289
19559 -26289
19559 -26289
19559 -26289
19533 -26308
19533 -26308
19533 -26308
19533 -26308
19533 -26308
19533 -26308
19533 -26308
19533 -26308
19533 -26308
19533 -26308
19507 -26328
19507 -26328
19521 -26317
19521 -26317
19521 -26317
19496 -26336
19496 -26336
19496 -26336
19496 -26336
19496 -26336
19496 -26336
19496 -26336
19496 -26336
19496 -26336
19496 -26336
19470 -26355
19470 -26355
19470 -26355
19470 -26355
19470 -26355
19470 -26355
19470 -26355
19470 -26355
19470 -26355
19470 -26355
19445 -26374
19445 -26374
19445 -26374
19445 -26374
19445 -26374
19445 -26374
19445 -26374
19445 -26374
19445 -26374
19445 -26374
19419 -26393
19419 -26393
19419 -26393
19419 -26393
19419 -26393
19419 -26393
19419 -26393
19419 -26393
19419 -26393
19419 -26393
19419 -26393
19393 -26412
19393 -26412
19393 -26412
19393 -26412
19393 -26412
19393 -26412
19393 -26412
19393 -26412
19393 -26412
19393 -26412
19367 -26431
19367 -26431
19367 -26431
19367 -26431
19367 -26431
19367 -26431
19367 -26431
19367 -26431
19367 -26431
19367 -26431
19342 -26450
19342 -26450
19342 -26450
19342 -26450
19342 -26450
19342 -26450
19342 -26450
19342 -26450
19342 -26450
19342 -26450
19316 -26469
19316 -26469
19316 -26469
19316 -26469
19316 -26469
19316 -26469
19316 -26469
19316 -26469
19316 -26469
19316 -26469
19290 -26488
19290 -26488
19290 -26488
19290 -26488
19290 -26488
19290 -26488
19290 -26488
19290 -26488
19290 -26488
19290 -26488
19264 -26507
19264 -26507
19264 -26507
19264 -26507
19264 -26507
19264 -26507
19264 -26507
19264 -26507
19264 -26507
19264 -26507
19239 -26525
19239 -26525
19239 -26525
19239 -26525
19239 -26525
19239 -26525
19239 -26525
19239 -26525
19239 -26525
19239 -26525
19213 -26545
19213 -26545
19213 -26545
19213 -26545
19213 -26545
19213 -26545
19213 -26545
19213 -26545
19213 -26545
19213 -26545
19213 -26545
19188 -26563
19188 -26563
19188 -26563
19197 -26556
19197 -26556
19197 -26556
19197 -26556
19172 -26575
19172 -26575
19172 -26575
19172 -26575
19172 -26575
19172 -26575
19172 -26575
19172 -26575
19172 -26575
19172 -26575
19145 -26593
19145 -26593
19145 -26593
19145 -26593
19145 -26593
19145 -26593
19145 -26593
19145 -26593
19145 -26593
19145 -26593
19145 -26593
19119 -26612
19119 -26612
19119 -26612
19119 -26612
19119 -26612
19119 -26612
19119 -26612
19119 -26612
19119 -26612
19119 -26612
19094 -26631
19094 -26631
19094 -26631
19094 -26631
19094 -26631
19094 -26631
19094 -26631
19094 -26631
19094 -26631
19094 -26631
19068 -26649
19068 -26649
19068 -26649
19068 -26649
19068 -26649
19068 -26649
19068 -26649
19068 -26649
19068 -26649
19068 -26649
19041 -26668
19041 -26668
19041 -26668
19041 -26668
19041 -26668
19041 -26668
19041 -26668
19041 -26668
19041 -26668
19041 -26668
19015 -26686
19015 -26686
19015 -26686
19015 -26686
19015 -26686
19015 -26686
19015 -26686
19015 -26686
19015 -26686
19015 -26686
18989 -26705
18989 -26705
18989 -26705
18989 -26705
18989 -26705
18989 -26705
18989 -26705
18989 -26705
18989 -26705
18989 -26705
18964 -26723
18964 -26723
18964 -26723
18964 -26723
18964 -26723
18964 -26723
18964 -26723
18964 -26723
18964 -26723
18964 -26723
18938 -26741
18938 -26741
18938 -26741
18938 -26741
18938 -26741
18938 -26741
18938 -26741
18938 -26741
18938 -26741
18938 -26741
18938 -26741
18911 -26760
18911 -26760
18911 -26760
18911 -26760
18911 -26760
18911 -26760
18911 -26760
18911 -26760
18911 -26760
18911 -26760
18885 -26778
18885 -26778
18885 -26778
18885 -26778
18885 -26778
18885 -26778
18885 -26778
18885 -26778
18885 -26778
18885 -26778
18859 -26796
18859 -26796
18873 -26787
18873 -26787
18873 -26787
18848 -26804
18848 -26804
18848 -26804
18848 -26804
18848 -26804
18848 -26804
18848 -26804
18848 -26804
18848 -26804
18848 -26804
18821 -26823
18821 -26823
18821 -26823
18821 -26823
18821 -26823
18821 -26823
18821 -26823
18821 -26823
18821 -26823
18821 -26823
18795 -26841
18795 -26841
18795 -26841
18795 -26841
18795 -26841
18795 -26841
18795 -26841
18795 -26841
18795 -26841
18795 -26841
18769 -26860
18769 -26860
18769 -26860
18769 -26860
18769 -26860
18769 -26860
18769 -26860
18769 -26860
18769 -26860
18769 -26860
18769 -26860
18743 -26878
18743 -26878
18743 -26878
18743 -26878
18743 -26878
18743 -26878
18743 -26878
18743 -26878
18743 -26878
18743 -26878
18717 -26897
18717 -26897
18717 -26897
18717 -26897
18717 -26897
18717 -26897
18717 -26897
18717 -26897
18717 -26897
18717 -26897
18691 -26914
18691 -26914
18691 -26914
18691 -26914
18691 -26914
18691 -26914
18691 -26914
18691 -26914
18691 -26914
18691 -26914
18664 -26933
18664 -26933
18664 -26933
18664 -26933
18664 -26933
18664 -26933
18664 -26933
18664 -26933
18664 -26933
18664 -26933
18638 -26952
18638 -26952
18638 -26952
18638 -26952
18638 -26952
18638 -26952
18638 -26952
18638 -26952
18638 -26952
18638 -26952
18612 -26969
18612 -26969
18612 -26969
18612 -26969
18612 -26969
18612 -26969
18612 -26969
18612 -26969
18612 -26969
18612 -26969
18586 -26987
18586 -26987
18586 -26987
18586 -26987
18586 -26987
18586 -26987
18586 -26987
18586 -26987
18586 -26987
18586 -26987
18559 -27006
18559 -27006
18559 -27006
18559 -27006
18559 -27006
18559 -27006
18559 -27006
18559 -27006
18559 -27006
18559 -27006
18559 -27006
18534 -27024
18534 -27024
18534 -27024
18543 -27016
18543 -27016
18543 -27016
18543 -27016
18517 -27035
18517 -27035
18517 -27035
18517 -27035
18517 -27035
18517 -27035
18517 -27035
18517 -27035
18517 -27035
18517 -27035
18490 -27052
18490 -27052
18490 -27052
18490 -27052
18490 -27052
18490 -27052
18490 -27052
18490 -27052
18490 -27052
18490 -27052
18490 -27052
18464 -27070
18464 -27070
18464 -27070
18464 -27070
18464 -27070
18464 -27070
18464 -27070
18464 -27070
18464 -27070
18464 -27070
18438 -27089
18438 -27089
18438 -27089
18438 -27089
18438 -27089
18438 -27089
18438 -27089
18438 -27089
18438 -27089
18438 -27089
18412 -27106
18412 -27106
18412 -27106
18412 -27106
18412 -27106
18412 -27106
18412 -27106
18412 -27106
18412 -27106
18412 -27106
18384 -27124
18384 -27124
18384 -27124
18384 -27124
18384 -27124
18384 -27124
18384 -27124
18384 -27124
18384 -27124
18384 -27124
18358 -27142
18358 -27142
18358 -27142
18358 -27142
18358 -27142
18358 -27142
18358 -27142
18358 -27142
18358 -27142
18358 -27142
18331 -27160
18331 -27160
18331 -27160
18331 -27160
18331 -27160
18331 -27160
18331 -27160
18331 -27160
18331 -27160
18331 -27160
18305 -27177
18305 -27177
18305 -27177
18305 -27177
18305 -27177
18305 -27177
18305 -27177
18305 -27177
18305 -27177
18305 -27177
18279 -27195
18279 -27195
18279 -27195
18279 -27195
18279 -27195
18279 -27195
18279 -27195
18279 -27195
18279 -27195
18279 -27195
18279 -27195
18252 -27213
18252 -27213
18252 -27213
18252 -27213
18252 -27213
18252 -27213
18252 -27213
18252 -27213
18252 -27213
18252 -27213
18226 -27230
18226 -27230
18226 -27230
18226 -27230
18226 -27230
18226 -27230
18226 -27230
18226 -27230
18226 -27230
18226 -27230
18199 -27248
18199 -27248
18213 -27239
18213 -27239
18213 -27239
18187 -27256
18187 -27256
18187 -27256
18187 -27256
18187 -27256
18187 -27256
18187 -27256
18187 -27256
18187 -27256
18187 -27256
18161 -27274
18161 -27274
18161 -27274
18161 -27274
18161 -27274
18161 -27274
18161 -27274
18161 -27274
18161 -27274
18161 -27274
18134 -27292
18134 -27292
18134 -27292
18134 -27292
18134 -27292
18134 -27292
18134 -27292
18134 -27292
18134 -27292
18134 -27292
18108 -27309
18108 -27309
18108 -27309
18108 -27309
18108 -27309
18108 -27309
18108 -27309
18108 -27309
18108 -27309
18108 -27309
18108 -27309
18081 -27327
18081 -27327
18081 -27327
18081 -27327
18081 -27327
18081 -27327
18081 -27327
18081 -27327
18081 -27327
18081 -27327
18054 -27345
18054 -27345
18054 -27345
18054 -27345
18054 -27345
18054 -27345
18054 -27345
18054 -27345
18054 -27345
18054 -27345
18029 -27362
18029 -27362
18029 -27362
18029 -27362
18029 -27362
18029 -27362
18029 -27362
18029 -27362
18029 -27362
18029 -27362
18001 -27380
18001 -27380
18001 -27380
18001 -27380
18001 -27380
18001 -27380
18001 -27380
18001 -27380
18001 -27380
18001 -27380
17974 -27398
17974 -27398
17974 -27398
17974 -27398
17974 -27398
17974 -27398
17974 -27398
17974 -27398
17974 -27398
17974 -27398
17947 -27415
17947 -27415
17947 -27415
17947 -27415
17947 -27415
17947 -27415
17947 -27415
17947 -27415
17947 -27415
17947 -27415
17922 -27432
17922 -27432
17922 -27432
17922 -27432
17922 -27432
17922 -27432
17922 -27432
17922 -27432
17922 -27432
17922 -27432
17894 -27451
17894 -27451
17894 -27451
17894 -27451
17894 -27451
17894 -27451
17894 -27451
17894 -27451
17894 -27451
17894 -27451
17894 -27451
17868 -27468
17868 -27468
17868 -27468
17880 -27458
17880 -27458
17880 -27458
17880 -27458
17854 -27476
17854 -27476
17854 -27476
17854 -27476
17854 -27476
17854 -27476
17854 -27476
17854 -27476
17854 -27476
17854 -27476
17827 -27493
17827 -27493
17827 -27493
17827 -27493
17827 -27493
17827 -27493
17827 -27493
17827 -27493
17827 -27493
17827 -27493
17827 -27493
17800 -27510
17800 -27510
17800 -27510
17800 -27510
17800 -27510
17800 -27510
17800 -27510
17800 -27510
17800 -27510
17800 -27510
17773 -27528
17773 -27528
17773 -27528
17773 -27528
17773 -27528
17773 -27528
17773 -27528
17773 -27528
17773 -27528
17773 -27528
17747 -27545
17747 -27545
17747 -27545
17747 -27545
17747 -27545
17747 -27545
17747 -27545
17747 -27545
17747 -27545
17747 -27545
17719 -27563
17719 -27563
17719 -27563
17719 -27563
17719 -27563
17719 -27563
17719 -27563
17719 -27563
17719 -27563
17719 -27563
17692 -27580
17692 -27580
17692 -27580
17692 -27580
17692 -27580
17692 -27580
17692 -27580
17692 -27580
17692 -27580
17692 -27580
17665 -27597
17665 -27597
17665 -27597
17665 -27597
17665 -27597
17665 -27597
17665 -27597
17665 -27597
17665 -27597
17665 -27597
17639 -27613
17639 -27613
17639 -27613
17639 -27613
17639 -27613
17639 -27613
17639 -27613
17639 -27613
17639 -27613
17639 -27613
17612 -27631
17612 -27631
17612 -27631
17612 -27631
17612 -27631
17612 -27631
17612 -27631
17612 -27631
17612 -27631
17612 -27631
17612 -27631
17585 -27648
17585 -27648
17585 -27648
17585 -27648
17585 -27648
17585 -27648
17585 -27648
17585 -27648
17585 -27648
17585 -27648
17558 -27665
17558 -27665
17558 -27665
17558 -27665
17558 -27665
17558 -27665
17558 -27665
17558 -27665
17558 -27665
17558 -27665
17531 -27682
17531 -27682
17545 -27673
17545 -27673
17545 -27673
17519 -27689
17519 -27689
17519 -27689
17519 -27689
17519 -27689
17519 -27689
17519 -27689
17519 -27689
17519 -27689
17519 -27689
17492 -27707
17492 -27707
17492 -27707
17492 -27707
17492 -27707
17492 -27707
17492 -27707
17492 -27707
17492 -27707
17492 -27707
17465 -27724
17465 -27724
17465 -27724
17465 -27724
17465 -27724
17465 -27724
17465 -27724
17465 -27724
17465 -27724
17465 -27724
17438 -27741
17438 -27741
17438 -27741
17438 -27741
17438 -27741
17438 -27741
17438 -27741
17438 -27741
17438 -27741
17438 -27741
17438 -27741
17411 -27758
17411 -27758
17411 -27758
17411 -27758
17411 -27758
17411 -27758
17411 -27758
17411 -27758
17411 -27758
17411 -27758
17384 -27775
17384 -27775
17384 -27775
17384 -27775
17384 -27775
17384 -27775
17384 -27775
17384 -27775
17384 -27775
17384 -27775
17358 -27792
17358 -27792
17358 -27792
17358 -27792
17358 -27792
17358 -27792
17358 -27792
17358 -27792
17358 -27792
17358 -27792
17330 -27809
17330 -27809
17330 -27809
17330 -27809
17330 -27809
17330 -27809
17330 -27809
17330 -27809
17330 -27809
17330 -27809
17303 -27826
17303 -27826
17303 -27826
17303 -27826
17303 -27826
17303 -27826
17303 -27826
17303 -27826
17303 -27826
17303 -27826
17275 -27843
17275 -27843
17275 -27843
17275 -27843
17275 -27843
17275 -27843
17275 -27843
17275 -27843
17275 -27843
17275 -27843
17249 -27859
17249 -27859
17249 -27859
17249 -27859
17249 -27859
17249 -27859
17249 -27859
17249 -27859
17249 -27859
17249 -27859
17221 -27877
17221 -27877
17221 -27877
17221 -27877
17221 -27877
17221 -27877
17221 -27877
17221 -27877
17221 -27877
17221 -27877
17221 -27877
17195 -27894
17195 -27894
17195 -27894
17178 -27904
17178 -27904
17178 -27904
17178 -27904
17151 -27921
17151 -27921
17151 -27921
17151 -27921
17151 -27921
17151 -27921
17151 -27921
17151 -27921
17151 -27921
17151 -27921
17123 -27938
17123 -27938
17123 -27938
17123 -27938
17123 -27938
17123 -27938
17123 -27938
17123 -27938
17123 -27938
17123 -27938
17123 -27938
17096 -27954
17096 -27954
17096 -27954
17096 -27954
17096 -27954
17096 -27954
17096 -27954
17096 -27954
17096 -27954
17096 -27954
17069 -27971
17069 -27971
17069 -27971
17069 -27971
17069 -27971
17069 -27971
17069 -27971
17069 -27971
17069 -27971
17069 -27971
17042 -27987
17042 -27987
17042 -27987
17042 -27987
17042 -27987
17042 -27987
17042 -27987
17042 -27987
17042 -27987
17042 -27987
17014 -28004
17014 -28004
17014 -28004
17014 -28004
17014 -28004
17014 -28004
17014 -28004
17014 -28004
17014 -28004
17014 -28004
16987 -28021
16987 -28021
16987 -28021
16987 -28021
16987 -28021
16987 -28021
16987 -28021
16987 -28021
16987 -28021
16987 -28021
16959 -28037
16959 -28037
16959 -28037
16959 -28037
16959 -28037
16959 -28037
16959 -28037
16959 -28037
16959 -28037
16959 -28037
16933 -28053
16933 -28053
16933 -28053
16933 -28053
16933 -28053
16933 -28053
16933 -28053
16933 -28053
16933 -28053
16933 -28053
16905 -28069
16905 -28069
16905 -28069
16905 -28069
16905 -28069
16905 -28069
16905 -28069
16905 -28069
16905 -28069
16905 -28069
16905 -28069
16878 -28086
16878 -28086
16878 -28086
16878 -28086
16878 -28086
16878 -28086
16878 -28086
16878 -28086
16878 -28086
16878 -28086
16850 -28102
16850 -28102
16850 -28102
16850 -28102
16850 -28102
16850 -28102
16850 -28102
16850 -28102
16850 -28102
16850 -28102
16823 -28119
16823 -28119
16837 -28110
16837 -28110
16837 -28110
16811 -28126
16811 -28126
16811 -28126
16811 -28126
16811 -28126
16811 -28126
16811 -28126
16811 -28126
16811 -28126
16811 -28126
16783 -28142
16783 -28142
16783 -28142
16783 -28142
16783 -28142
16783 -28142
16783 -28142
16783 -28142
16783 -28142
16783 -28142
16756 -28159
16756 -28159
16756 -28159
16756 -28159
16756 -28159
16756 -28159
16756 -28159
16756 -28159
16756 -28159
16756 -28159
16728 -28175
16728 -28175
16728 -28175
16728 -28175
16728 -28175
16728 -28175
16728 -28175
16728 -28175
16728 -28175
16728 -28175
16728 -28175
16701 -28192
16701 -28192
16701 -28192
16701 -28192
16701 -28192
16701 -28192
16701 -28192
16701 -28192
16701 -28192
16701 -28192
16673 -28208
16673 -28208
16673 -28208
16673 -28208
16673 -28208
16673 -28208
16673 -28208
16673 -28208
16673 -28208
16673 -28208
16647 -28224
16647 -28224
16647 -28224
16647 -28224
16647 -28224
16647 -28224
16647 -28224
16647 -28224
16647 -28224
16647 -28224
16619 -28241
16619 -28241
16619 -28241
16619 -28241
16619 -28241
16619 -28241
16619 -28241
16619 -28241
16619 -28241
16619 -28241
16591 -28257
16591 -28257
16591 -28257
16591 -28257
16591 -28257
16591 -28257
16591 -28257
16591 -28257
16591 -28257
16591 -28257
16563 -28273
16563 -28273
16563 -28273
16563 -28273
16563 -28273
16563 -28273
16563 -28273
16563 -28273
16563 -28273
16563 -28273
16537 -28289
16537 -28289
16537 -28289
16537 -28289
16537 -28289
16537 -28289
16537 -28289
16537 -28289
16537 -28289
16537 -28289
16508 -28306
16508 -28306
16508 -28306
16508 -28306
16508 -28306
16508 -28306
16508 -28306
16508 -28306
16508 -28306
16508 -28306
16508 -28306
16482 -28322
16482 -28322
16482 -28322
16492 -28314
16492 -28314
16492 -28314
16492 -28314
16464 -28331
16464 -28331
16464 -28331
16464 -28331
16464 -28331
16464 -28331
16464 -28331
16464 -28331
16464 -28331
16464 -28331
16437 -28347
16437 -28347
16437 -28347
16437 -28347
16437 -28347
16437 -28347
16437 -28347
16437 -28347
16437 -28347
16437 -28347
16437 -28347
16409 -28363
16409 -28363
16409 -28363
16409 -28363
16409 -28363
16409 -28363
16409 -28363
16409 -28363
16409 -28363
16409 -28363
16381 -28379
16381 -28379
16381 -28379
16381 -28379
16381 -28379
16381 -28379
16381 -28379
16381 -28379
16381 -28379
16381 -28379
16354 -28394
16354 -28394
16354 -28394
16354 -28394
16354 -28394
16354 -28394
16354 -28394
16354 -28394
16354 -28394
16354 -28394
16326 -28411
16326 -28411
16326 -28411
16326 -28411
16326 -28411
16326 -28411
16326 -28411
16326 -28411
16326 -28411
16326 -28411
16298 -28426
16298 -28426
16298 -28426
16298 -28426
16298 -28426
16298 -28426
16298 -28426
16298 -28426
16298 -28426
16298 -28426
16270 -28442
16270 -28442
16270 -28442
16270 -28442
16270 -28442
16270 -28442
16270 -28442
16270 -28442
16270 -28442
16270 -28442
16243 -28458
16243 -28458
16243 -28458
16243 -28458
16243 -28458
16243 -28458
16243 -28458
16243 -28458
16243 -28458
16243 -28458
16215 -28473
16215 -28473
16215 -28473
16215 -28473
16215 -28473
16215 -28473
16215 -28473
16215 -28473
16215 -28473
16215 -28473
16215 -28473
16187 -28489
16187 -28489
16187 -28489
16187 -28489
16187 -28489
16187 -28489
16187 -28489
16187 -28489
16187 -28489
16187 -28489
16160 -28505
16160 -28505
16160 -28505
16160 -28505
16160 -28505
16160 -28505
16160 -28505
16160 -28505
16160 -28505
16160 -28505
16132 -28521
16132 -28521
16146 -28512
16146 -28512
16146 -28512
16119 -28527
16119 -28527
16119 -28527
16119 -28527
16119 -28527
16119 -28527
16119 -28527
16119 -28527
16119 -28527
16119 -28527
16092 -28543
16092 -28543
16092 -28543
16092 -28543
16092 -28543
16092 -28543
16092 -28543
16092 -28543
16092 -28543
16092 -28543
16064 -28559
16064 -28559
16064 -28559
16064 -28559
16064 -28559
16064 -28559
16064 -28559
16064 -28559
16064 -28559
16064 -28559
16036 -28575
16036 -28575
16036 -28575
16036 -28575
16036 -28575
16036 -28575
16036 -28575
16036 -28575
16036 -28575
16036 -28575
16036 -28575
16008 -28591
16008 -28591
16008 -28591
16008 -28591
16008 -28591
16008 -28591
16008 -28591
16008 -28591
16008 -28591
16008 -28591
15980 -28606
15980 -28606
15980 -28606
15980 -28606
15980 -28606
15980 -28606
15980 -28606
15980 -28606
15980 -28606
15980 -28606
15953 -28622
15953 -28622
15953 -28622
15953 -28622
15953 -28622
15953 -28622
15953 -28622
15953 -28622
15953 -28622
15953 -28622
15925 -28638
15925 -28638
15925 -28638
15925 -28638
15925 -28638
15925 -28638
15925 -28638
15925 -28638
15925 -28638
15925 -28638
15897 -28654
15897 -28654
15897 -28654
15897 -28654
15897 -28654
15897 -28654
15897 -28654
15897 -28654
15897 -28654
15897 -28654
15868 -28668
15868 -28668
15868 -28668
15868 -28668
15868 -28668
15868 -28668
15868 -28668
15868 -28668
15868 -28668
15868 -28668
15841 -28684
15841 -28684
15841 -28684
15841 -28684
15841 -28684
15841 -28684
15841 -28684
15841 -28684
15841 -28684
15841 -28684
15813 -28700
15813 -28700
15813 -28700
15813 -28700
15813 -28700
15813 -28700
15813 -28700
15813 -28700
15813 -28700
15813 -28700
15813 -28700
15786 -28715
15786 -28715
15786 -28715
15797 -28709
15797 -28709
15797 -28709
15797 -28709
15769 -28725
15769 -28725
15769 -28725
15769 -28725
15769 -28725
15769 -28725
15769 -28725
15769 -28725
15769 -28725
15769 -28725
15741 -28740
15741 -28740
15741 -28740
15741 -28740
15741 -28740
15741 -28740
15741 -28740
15741 -28740
15741 -28740
15741 -28740
15741 -28740
15712 -28755
15712 -28755
15712 -28755
15712 -28755
15712 -28755
15712 -28755
15712 -28755
15712 -28755
15712 -28755
15712 -28755
15685 -28771
15685 -28771
15685 -28771
15685 -28771
15685 -28771
15685 -28771
15685 -28771
15685 -28771
15685 -28771
15685 -28771
15657 -28786
15657 -28786
15657 -28786
15657 -28786
15657 -28786
15657 -28786
15657 -28786
15657 -28786
15657 -28786
15657 -28786
15628 -28801
15628 -28801
15628 -28801
15628 -28801
15628 -28801
15628 -28801
15628 -28801
15628 -28801
15628 -28801
15628 -28801
15600 -28816
15600 -28816
15600 -28816
15600 -28816
15600 -28816
15600 -28816
15600 -28816
15600 -28816
15600 -28816
15600 -28816
15572 -28831
15572 -28831
15572 -28831
15572 -28831
15572 -28831
15572 -28831
15572 -28831
15572 -28831
15572 -28831
15572 -28831
15544 -28846
15544 -28846
15544 -28846
15544 -28846
15544 -28846
15544 -28846
15544 -28846
15544 -28846
15544 -28846
15544 -28846
15516 -28861
15516 -28861
15516 -28861
15516 -28861
15516 -28861
15516 -28861
15516 -28861
15516 -28861
15516 -28861
15516 -28861
15516 -28861
15488 -28876
15488 -28876
15488 -28876
15488 -28876
15488 -28876
15488 -28876
15488 -28876
15488 -28876
15488 -28876
15488 -28876
15460 -28891
15460 -28891
15460 -28891
15460 -28891
15460 -28891
15460 -28891
15460 -28891
15460 -28891
15460 -28891
15460 -28891
15432 -28906
15432 -28906
15447 -28898
15447 -28898
15447 -28898
15419 -28913
15419 -28913
15419 -28913
15419 -28913
15419 -28913
15419 -28913
15419 -28913
15419 -28913
15419 -28913
15419 -28913
15391 -28928
15391 -28928
15391 -28928
15391 -28928
15391 -28928
15391 -28928
15391 -28928
15391 -28928
15391 -28928
15391 -28928
15363 -28943
15363 -28943
15363 -28943
15363 -28943
15363 -28943
15363 -28943
15363 -28943
15363 -28943
15363 -28943
15363 -28943
15335 -28958
15335 -28958
15335 -28958
15335 -28958
15335 -28958
15335 -28958
15335 -28958
15335 -28958
15335 -28958
15335 -28958
15335 -28958
15306 -28973
15306 -28973
15306 -28973
15306 -28973
15306 -28973
15306 -28973
15306 -28973
15306 -28973
15306 -28973
15306 -28973
15278 -28988
15278 -28988
15278 -28988
15278 -28988
15278 -28988
15278 -28988
15278 -28988
15278 -28988
15278 -28988
15278 -28988
15251 -29003
15251 -29003
15251 -29003
15251 -29003
15251 -29003
15251 -29003
15251 -29003
15251 -29003
15251 -29003
15251 -29003
15222 -29019
15222 -29019
15222 -29019
15222 -29019
15222 -29019
15222 -29019
15222 -29019
15222 -29019
15222 -29019
15222 -29019
15193 -29034
15193 -29034
15193 -29034
15193 -29034
15193 -29034
15193 -29034
15193 -29034
15193 -29034
15193 -29034
15193 -29034
15165 -29048
15165 -29048
15165 -29048
15165 -29048
15165 -29048
15165 -29048
15165 -29048
15165 -29048
15165 -29048
15165 -29048
15137 -29062
15137 -29062
15137 -29062
15137 -29062
15137 -29062
15137 -29062
15137 -29062
15137 -29062
15137 -29062
15137 -29062
15108 -29078
15108 -29078
15108 -29078
15108 -29078
15108 -29078
15108 -29078
15108 -29078
15108 -29078
15108 -29078
15108 -29078
15108 -29078
15081 -29093
15081 -29093
15081 -29093
15091 -29086
15091 -29086
15091 -29086
15091 -29086
15063 -29101
15063 -29101
15063 -29101
15063 -29101
15063 -29101
15063 -29101
15063 -29101
15063 -29101
15063 -29101
15063 -29101
15035 -29115
15035 -29115
15035 -29115
15035 -29115
15035 -29115
15035 -29115
15035 -29115
15035 -29115
15035 -29115
15035 -29115
15035 -29115
15006 -29130
15006 -29130
15006 -29130
15006 -29130
15006 -29130
15006 -29130
15006 -29130
15006 -29130
15006 -29130
15006 -29130
14978 -29145
14978 -29145
14978 -29145
14978 -29145
14978 -29145
14978 -29145
14978 -29145
14978 -29145
14978 -29145
14978 -29145
14950 -29159
14950 -29159
14950 -29159
14950 -29159
14950 -29159
14950 -29159
14950 -29159
14950 -29159
14950 -29159
14950 -29159
14921 -29174
14921 -29174
14921 -29174
14921 -29174
14921 -29174
14921 -29174
14921 -29174
14921 -29174
14921 -29174
14921 -29174
14892 -29188
14892 -29188
14892 -29188
14892 -29188
14892 -29188
14892 -29188
14892 -29188
14892 -29188
14892 -29188
14892 -29188
14864 -29203
14864 -29203
14864 -29203
14864 -29203
14864 -29203
14864 -29203
14864 -29203
14864 -29203
14864 -29203
14864 -29203
14836 -29217
14836 -29217
14836 -29217
14836 -29217
14836 -29217
14836 -29217
14836 -29217
14836 -29217
14836 -29217
14836 -29217
14807 -29231
14807 -29231
14807 -29231
14807 -29231
14807 -29231
14807 -29231
14807 -29231
14807 -29231
14807 -29231
14807 -29231
14807 -29231
14779 -29245
14779 -29245
14779 -29245
14779 -29245
14779 -29245
14779 -29245
14779 -29245
14779 -29245
14779 -29245
14779 -29245
14750 -29260
14750 -29260
14750 -29260
14750 -29260
14750 -29260
14750 -29260
14750 -29260
14750 -29260
14750 -29260
14750 -29260
14722 -29274
14722 -29274
14737 -29267
14737 -29267
14737 -29267
14709 -29280
14709 -29280
14709 -29280
14709 -29280
14709 -29280
14709 -29280
14709 -29280
14709 -29280
14709 -29280
14709 -29280
14680 -29295
14680 -29295
14680 -29295
14680 -29295
14680 -29295
14680 -29295
14680 -29295
14680 -29295
14680 -29295
14680 -29295
14652 -29309
14652 -29309
14652 -29309
14652 -29309
14652 -29309
14652 -29309
14652 -29309
14652 -29309
14652 -29309
14652 -29309
14623 -29324
14623 -29324
14623 -29324
14623 -29324
14623 -29324
14623 -29324
14623 -29324
14623 -29324
14623 -29324
14623 -29324
14623 -29324
14595 -29338
14595 -29338
14595 -29338
14595 -29338
14595 -29338
14595 -29338
14595 -29338
14595 -29338
14595 -29338
14595 -29338
14566 -29352
14566 -29352
14566 -29352
14566 -29352
14566 -29352
14566 -29352
14566 -29352
14566 -29352
14566 -29352
14566 -29352
14538 -29366
14538 -29366
14538 -29366
14538 -29366
14538 -29366
14538 -29366
14538 -29366
14538 -29366
14538 -29366
14538 -29366
14509 -29381
14509 -29381
14509 -29381
14509 -29381
14509 -29381
14509 -29381
14509 -29381
14509 -29381
14509 -29381
14509 -29381
14480 -29396
14480 -29396
14480 -29396
14480 -29396
14480 -29396
14480 -29396
14480 -29396
14480 -29396
14480 -29396
14480 -29396
14451 -29409
14451 -29409
14451 -29409
14451 -29409
14451 -29409
14451 -29409
14451 -29409
14451 -29409
14451 -29409
14451 -29409
14424 -29423
14424 -29423
14424 -29423
14424 -29423
14424 -29423
14424 -29423
14424 -29423
14424 -29423
14424 -29423
14424 -29423
14394 -29438
14394 -29438
14394 -29438
14394 -29438
14394 -29438
14394 -29438
14394 -29438
14394 -29438
14394 -29438
14394 -29438
14394 -29438
14366 -29452
14366 -29452
14366 -29452
14380 -29443
14380 -29443
14380 -29443
14380 -29443
14351 -29457
14351 -29457
14351 -29457
14351 -29457
14351 -29457
14351 -29457
14351 -29457
14351 -29457
14351 -29457
14351 -29457
14322 -29471
14322 -29471
14322 -29471
14322 -29471
14322 -29471
14322 -29471
14322 -29471
14322 -29471
14322 -29471
14322 -29471
14322 -29471
14293 -29485
14293 -29485
14293 -29485
14293 -29485
14293 -29485
14293 -29485
14293 -29485
14293 -29485
14293 -29485
14293 -29485
14265 -29499
14265 -29499
14265 -29499
14265 -29499
14265 -29499
14265 -29499
14265 -29499
14265 -29499
14265 -29499
14265 -29499
14237 -29512
14237 -29512
14237 -29512
14237 -29512
14237 -29512
14237 -29512
14237 -29512
14237 -29512
14237 -29512
14237 -29512
14207 -29527
14207 -29527
14207 -29527
14207 -29527
14207 -29527
14207 -29527
14207 -29527
14207 -29527
14207 -29527
14207 -29527
14178 -29540
14178 -29540
14178 -29540
14178 -29540
14178 -29540
14178 -29540
14178 -29540
14178 -29540
14178 -29540
14178 -29540
14149 -29554
14149 -29554
14149 -29554
14149 -29554
14149 -29554
14149 -29554
14149 -29554
14149 -29554
14149 -29554
14149 -29554
14121 -29567
14121 -29567
14121 -29567
14121 -29567
14121 -29567
14121 -29567
14121 -29567
14121 -29567
14121 -29567
14121 -29567
14092 -29581
14092 -29581
14092 -29581
14092 -29581
14092 -29581
14092 -29581
14092 -29581
14092 -29581
14092 -29581
14092 -29581
14092 -29581
14063 -29595
14063 -29595
14063 -29595
14063 -29595
14063 -29595
14063 -29595
14063 -29595
14063 -29595
14063 -29595
14063 -29595
14034 -29608
14034 -29608
14034 -29608
14034 -29608
14034 -29608
14034 -29608
14034 -29608
14034 -29608
14034 -29608
14034 -29608
14005 -29622
14005 -29622
14021 -29615
14021 -29615
14021 -29615
13993 -29628
13993 -29628
13993 -29628
13993 -29628
13993 -29628
13993 -29628
13993 -29628
13993 -29628
13993 -29628
13993 -29628
13964 -29642
13964 -29642
13964 -29642
13964 -29642
13964 -29642
13964 -29642
13964 -29642
13964 -29642
13964 -29642
13964 -29642
13935 -29655
13935 -29655
13935 -29655
13935 -29655
13935 -29655
13935 -29655
13935 -29655
13935 -29655
13935 -29655
13935 -29655
13906 -29669
13906 -29669
13906 -29669
13906 -29669
13906 -29669
13906 -29669
13906 -29669
13906 -29669
13906 -29669
13906 -29669
13906 -29669
13877 -29683
13877 -29683
13877 -29683
13877 -29683
13877 -29683
13877 -29683
13877 -29683
13877 -29683
13877 -29683
13877 -29683
13848 -29696
13848 -29696
13848 -29696
13848 -29696
13848 -29696
13848 -29696
13848 -29696
13848 -29696
13848 -29696
13848 -29696
13820 -29710
13820 -29710
13820 -29710
13820 -29710
13820 -29710
13820 -29710
13820 -29710
13820 -29710
13820 -29710
13820 -29710
13790 -29724
13790 -29724
13790 -29724
13790 -29724
13790 -29724
13790 -29724
13790 -29724
13790 -29724
13790 -29724
13790 -29724
13761 -29737
13761 -29737
13761 -29737
13761 -29737
13761 -29737
13761 -29737
13761 -29737
13761 -29737
13761 -29737
13761 -29737
13732 -29750
13732 -29750
13732 -29750
13732 -29750
13732 -29750
13732 -29750
13732 -29750
13732 -29750
13732 -29750
13732 -29750
13704 -29763
13704 -29763
13704 -29763
13704 -29763
13704 -29763
13704 -29763
13704 -29763
13704 -29763
13704 -29763
13704 -29763
13674 -29778
13674 -29778
13674 -29778
13674 -29778
13674 -29778
13674 -29778
13674 -29778
13674 -29778
13674 -29778
13674 -29778
13674 -29778
13646 -29791
13646 -29791
13646 -29791
13658 -29786
13658 -29786
13658 -29786
13658 -29786
13629 -29800
13629 -29800
13629 -29800
13629 -29800
13629 -29800
13629 -29800
13629 -29800
13629 -29800
13629 -29800
13629 -29800
13600 -29812
13600 -29812
13600 -29812
13600 -29812
13600 -29812
13600 -29812
13600 -29812
13600 -29812
13600 -29812
13600 -29812
13600 -29812
13571 -29825
13571 -29825
13571 -29825
13571 -29825
13571 -29825
13571 -29825
13571 -29825
13571 -29825
13571 -29825
13571 -29825
13542 -29839
13542 -29839
13542 -29839
13542 -29839
13542 -29839
13542 -29839
13542 -29839
13542 -29839
13542 -29839
13542 -29839
13513 -29852
13513 -29852
13513 -29852
13513 -29852
13513 -29852
13513 -29852
13513 -29852
13513 -29852
13513 -29852
13513 -29852
13483 -29865
13483 -29865
13483 -29865
13483 -29865
13483 -29865
13483 -29865
13483 -29865
13483 -29865
13483 -29865
13483 -29865
13454 -29878
13454 -29878
13454 -29878
13454 -29878
13454 -29878
13454 -29878
13454 -29878
13454 -29878
13454 -29878
13454 -29878
13425 -29891
13425 -29891
13425 -29891
13425 -29891
13425 -29891
13425 -29891
13425 -29891
13425 -29891
13425 -29891
13425 -29891
13396 -29904
13396 -29904
13396 -29904
13396 -29904
13396 -29904
13396 -29904
13396 -29904
13396 -29904
13396 -29904
13396 -29904
13367 -29917
13367 -29917
13367 -29917
13367 -29917
13367 -29917
13367 -29917
13367 -29917
13367 -29917
13367 -29917
13367 -29917
13367 -29917
13338 -29930
13338 -29930
13338 -29930
13338 -29930
13338 -29930
13338 -29930
13338 -29930
13338 -29930
13338 -29930
13338 -29930
13309 -29943
13309 -29943
13309 -29943
13309 -29943
13309 -29943
13309 -29943
13309 -29943
13309 -29943
13309 -29943
13309 -29943
13279 -29956
13279 -29956
13295 -29949
13295 -29949
13295 -29949
13267 -29961
13267 -29961
13267 -29961
13267 -29961
13267 -29961
13267 -29961
13267 -29961
13267 -29961
13267 -29961
13267 -29961
13237 -29974
13237 -29974
13237 -29974
13237 -29974
13237 -29974
13237 -29974
13237 -29974
13237 -29974
13237 -29974
13237 -29974
13208 -29987
13208 -29987
13208 -29987
13208 -29987
13208 -29987
13208 -29987
13208 -29987
13208 -29987
13208 -29987
13208 -29987
13179 -30000
13179 -30000
13179 -30000
13179 -30000
13179 -30000
13179 -30000
13179 -30000
13179 -30000
13179 -30000
13179 -30000
13179 -30000
13150 -30013
13150 -30013
13150 -30013
13150 -30013
13150 -30013
13150 -30013
13150 -30013
13150 -30013
13150 -30013
13150 -30013
13120 -30026
13120 -30026
13120 -30026
13120 -30026
13120 -30026
13120 -30026
13120 -30026
13120 -30026
13120 -30026
13120 -30026
13092 -30039
13092 -30039
13092 -30039
13092 -30039
13092 -30039
13092 -30039
13092 -30039
13092 -30039
13092 -30039
13092 -30039
13062 -30052
13062 -30052
13062 -30052
13062 -30052
13062 -30052
13062 -30052
13062 -30052
13062 -30052
13062 -30052
13062 -30052
13033 -30065
13033 -30065
13033 -30065
13033 -30065
13033 -30065
13033 -30065
13033 -30065
13033 -30065
13033 -30065
13033 -30065
13003 -30077
13003 -30077
13003 -30077
13003 -30077
13003 -30077
13003 -30077
13003 -30077
13003 -30077
13003 -30077
13003 -30077
12975 -30090
12975 -30090
12975 -30090
12975 -30090
12975 -30090
12975 -30090
12975 -30090
12975 -30090
12975 -30090
12975 -30090
12944 -30103
12944 -30103
12944 -30103
12944 -30103
12944 -30103
12944 -30103
12944 -30103
12944 -30103
12944 -30103
12944 -30103
12944 -30103
12916 -30116
12916 -30116
12916 -30116
12927 -30110
12927 -30110
12927 -30110
12927 -30110
12898 -30123
12898 -30123
12898 -30123
12898 -30123
12898 -30123
12898 -30123
12898 -30123
12898 -30123
12898 -30123
12898 -30123
12868 -30135
12868 -30135
12868 -30135
12868 -30135
12868 -30135
12868 -30135
12868 -30135
12868 -30135
12868 -30135
12868 -30135
12868 -30135
12839 -30147
12839 -30147
12839 -30147
12839 -30147
12839 -30147
12839 -30147
12839 -30147
12839 -30147
12839 -30147
12839 -30147
12809 -30161
12809 -30161
12809 -30161
12809 -30161
12809 -30161
12809 -30161
12809 -30161
12809 -30161
12809 -30161
12809 -30161
12781 -30172
12781 -30172
12781 -30172
12781 -30172
12781 -30172
12781 -30172
12781 -30172
12781 -30172
12781 -30172
12781 -30172
12750 -30185
12750 -30185
12750 -30185
12750 -30185
12750 -30185
12750 -30185
12750 -30185
12750 -30185
12750 -30185
12750 -30185
12721 -30197
12721 -30197
12721 -30197
12721 -30197
12721 -30197
12721 -30197
12721 -30197
12721 -30197
12721 -30197
12721 -30197
12691 -30210
12691 -30210
12691 -30210
12691 -30210
12691 -30210
12691 -30210
12691 -30210
12691 -30210
12691 -30210
12691 -30210
12663 -30221
12663 -30221
12663 -30221
12663 -30221
12663 -30221
12663 -30221
12663 -30221
12663 -30221
12663 -30221
12663 -30221
12633 -30234
12633 -30234
12633 -30234
12633 -30234
12633 -30234
12633 -30234
12633 -30234
12633 -30234
12633 -30234
12633 -30234
12633 -30234
12603 -30246
12603 -30246
12603 -30246
12603 -30246
12603 -30246
12603 -30246
12603 -30246
12603 -30246
12603 -30246
12603 -30246
12574 -30258
12574 -30258
12574 -30258
12574 -30258
12574 -30258
12574 -30258
12574 -30258
12574 -30258
12574 -30258
12574 -30258
12544 -30271
12544 -30271
12560 -30264
12560 -30264
12560 -30264
12531 -30276
12531 -30276
12531 -30276
12531 -30276
12531 -30276
12531 -30276
12531 -30276
12531 -30276
12531 -30276
12531 -30276
12502 -30288
12502 -30288
12502 -30288
12502 -30288
12502 -30288
12502 -30288
12502 -30288
12502 -30288
12502 -30288
12502 -30288
12472 -30300
12472 -30300
12472 -30300
12472 -30300
12472 -30300
12472 -30300
12472 -30300
12472 -30300
12472 -30300
12472 -30300
12443 -30313
12443 -30313
12443 -30313
12443 -30313
12443 -30313
12443 -30313
12443 -30313
12443 -30313
12443 -30313
12443 -30313
12443 -30313
12413 -30325
12413 -30325
12413 -30325
12413 -30325
12413 -30325
12413 -30325
12413 -30325
12413 -30325
12413 -30325
12413 -30325
12384 -30337
12384 -30337
12384 -30337
12384 -30337
12384 -30337
12384 -30337
12384 -30337
12384 -30337
12384 -30337
12384 -30337
12355 -30349
12355 -30349
12355 -30349
12355 -30349
12355 -30349
12355 -30349
12355 -30349
12355 -30349
12355 -30349
12355 -30349
12324 -30362
12324 -30362
12324 -30362
12324 -30362
12324 -30362
12324 -30362
12324 -30362
12324 -30362
12324 -30362
12324 -30362
12295 -30374
12295 -30374
12295 -30374
12295 -30374
12295 -30374
12295 -30374
12295 -30374
12295 -30374
12295 -30374
12295 -30374
12265 -30385
12265 -30385
12265 -30385
12265 -30385
12265 -30385
12265 -30385
12265 -30385
12265 -30385
12265 -30385
12265 -30385
12236 -30397
12236 -30397
12236 -30397
12236 -30397
12236 -30397
12236 -30397
12236 -30397
12236 -30397
12236 -30397
12236 -30397
12206 -30410
12206 -30410
12206 -30410
12206 -30410
12206 -30410
12206 -30410
12206 -30410
12206 -30410
12206 -30410
12206 -30410
12206 -30410
12177 -30422
12177 -30422
12177 -30422
12159 -30429
12159 -30429
12159 -30429
12159 -30429
12129 -30442
12129 -30442
12129 -30442
12129 -30442
12129 -30442
12129 -30442
12129 -30442
12129 -30442
12129 -30442
12129 -30442
12099 -30453
12099 -30453
12099 -30453
12099 -30453
12099 -30453
12099 -30453
12099 -30453
12099 -30453
12099 -30453
12099 -30453
12099 -30453
12070 -30465
12070 -30465
12070 -30465
12070 -30465
12070 -30465
12070 -30465
12070 -30465
12070 -30465
12070 -30465
12070 -30465
12040 -30477
12040 -30477
12040 -30477
12040 -30477
12040 -30477
12040 -30477
12040 -30477
12040 -30477
12040 -30477
12040 -30477
12011 -30488
12011 -30488
12011 -30488
12011 -30488
12011 -30488
12011 -30488
12011 -30488
12011 -30488
12011 -30488
12011 -30488
11980 -30500
11980 -30500
11980 -30500
11980 -30500
11980 -30500
11980 -30500
11980 -30500
11980 -30500
11980 -30500
11980 -30500
11950 -30512
11950 -30512
11950 -30512
11950 -30512
11950 -30512
11950 -30512
11950 -30512
11950 -30512
11950 -30512
11950 -30512
11921 -30523
11921 -30523
11921 -30523
11921 -30523
11921 -30523
11921 -30523
11921 -30523
11921 -30523
11921 -30523
11921 -30523
11892 -30534
11892 -30534
11892 -30534
11892 -30534
11892 -30534
11892 -30534
11892 -30534
11892 -30534
11892 -30534
11892 -30534
11862 -30546
11862 -30546
11862 -30546
11862 -30546
11862 -30546
11862 -30546
11862 -30546
11862 -30546
11862 -30546
11862 -30546
11862 -30546
11832 -30557
11832 -30557
11832 -30557
11832 -30557
11832 -30557
11832 -30557
11832 -30557
11832 -30557
11832 -30557
11832 -30557
11802 -30569
11802 -30569
11802 -30569
11802 -30569
11802 -30569
11802 -30569
11802 -30569
11802 -30569
11802 -30569
11802 -30569
11772 -30580
11772 -30580
11788 -30574
11788 -30574
11788 -30574
11759 -30585
11759 -30585
11759 -30585
11759 -30585
11759 -30585
11759 -30585
11759 -30585
11759 -30585
11759 -30585
11759 -30585
11729 -30597
11729 -30597
11729 -30597
11729 -30597
11729 -30597
11729 -30597
11729 -30597
11729 -30597
11729 -30597
11729 -30597
11699 -30608
11699 -30608
11699 -30608
11699 -30608
11699 -30608
11699 -30608
11699 -30608
11699 -30608
11699 -30608
11699 -30608
11670 -30620
11670 -30620
11670 -30620
11670 -30620
11670 -30620
11670 -30620
11670 -30620
11670 -30620
11670 -30620
11670 -30620
11670 -30620
11640 -30631
11640 -30631
11640 -30631
11640 -30631
11640 -30631
11640 -30631
11640 -30631
11640 -30631
11640 -30631
11640 -30631
11610 -30643
11610 -30643
11610 -30643
11610 -30643
11610 -30643
11610 -30643
11610 -30643
11610 -30643
11610 -30643
11610 -30643
11581 -30654
11581 -30654
11581 -30654
11581 -30654
11581 -30654
11581 -30654
11581 -30654
11581 -30654
11581 -30654
11581 -30654
11550 -30666
11550 -30666
11550 -30666
11550 -30666
11550 -30666
11550 -30666
11550 -30666
11550 -30666
11550 -30666
11550 -30666
11520 -30677
11520 -30677
11520 -30677
11520 -30677
11520 -30677
11520 -30677
11520 -30677
11520 -30677
11520 -30677
11520 -30677
11490 -30688
11490 -30688
11490 -30688
11490 -30688
11490 -30688
11490 -30688
11490 -30688
11490 -30688
11490 -30688
11490 -30688
11461 -30699
11461 -30699
11461 -30699
11461 -30699
11461 -30699
11461 -30699
11461 -30699
11461 -30699
11461 -30699
11461 -30699
11430 -30711
11430 -30711
11430 -30711
11430 -30711
11430 -30711
11430 -30711
11430 -30711
11430 -30711
11430 -30711
11430 -30711
11430 -30711
11401 -30722
11401 -30722
11401 -30722
11412 -30716
11412 -30716
11412 -30716
11412 -30716
11383 -30728
11383 -30728
11383 -30728
11383 -30728
11383 -30728
11383 -30728
11383 -30728
11383 -30728
11383 -30728
11383 -30728
11352 -30739
11352 -30739
11352 -30739
11352 -30739
11352 -30739
11352 -30739
11352 -30739
11352 -30739
11352 -30739
11352 -30739
11352 -30739
11322 -30750
11322 -30750
11322 -30750
11322 -30750
11322 -30750
11322 -30750
11322 -30750
11322 -30750
11322 -30750
11322 -30750
11292 -30761
11292 -30761
11292 -30761
11292 -30761
11292 -30761
11292 -30761
11292 -30761
11292 -30761
11292 -30761
11292 -30761
11263 -30772
11263 -30772
11263 -30772
11263 -30772
11263 -30772
11263 -30772
11263 -30772
11263 -30772
11263 -30772
11263 -30772
11232 -30783
11232 -30783
11232 -30783
11232 -30783
11232 -30783
11232 -30783
11232 -30783
11232 -30783
11232 -30783
11232 -30783
11202 -30794
11202 -30794
11202 -30794
11202 -30794
11202 -30794
11202 -30794
11202 -30794
11202 -30794
11202 -30794
11202 -30794
11172 -30805
11172 -30805
11172 -30805
11172 -30805
11172 -30805
11172 -30805
11172 -30805
11172 -30805
11172 -30805
11172 -30805
11143 -30815
11143 -30815
11143 -30815
11143 -30815
11143 -30815
11143 -30815
11143 -30815
11143 -30815
11143 -30815
11143 -30815
11113 -30826
11113 -30826
11113 -30826
11113 -30826
11113 -30826
11113 -30826
11113 -30826
11113 -30826
11113 -30826
11113 -30826
11113 -30826
11082 -30837
11082 -30837
11082 -30837
11082 -30837
11082 -30837
11082 -30837
11082 -30837
11082 -30837
11082 -30837
11082 -30837
11052 -30847
11052 -30847
11052 -30847
11052 -30847
11052 -30847
11052 -30847
11052 -30847
11052 -30847
11052 -30847
11052 -30847
11022 -30858
11022 -30858
11038 -30852
11038 -30852
11038 -30852
11009 -30863
11009 -30863
11009 -30863
11009 -30863
11009 -30863
11009 -30863
11009 -30863
11009 -30863
11009 -30863
11009 -30863
10979 -30874
10979 -30874
10979 -30874
10979 -30874
10979 -30874
10979 -30874
10979 -30874
10979 -30874
10979 -30874
10979 -30874
10949 -30884
10949 -30884
10949 -30884
10949 -30884
10949 -30884
10949 -30884
10949 -30884
10949 -30884
10949 -30884
10949 -30884
10919 -30895
10919 -30895
10919 -30895
10919 -30895
10919 -30895
10919 -30895
10919 -30895
10919 -30895
10919 -30895
10919 -30895
10919 -30895
10888 -30906
10888 -30906
10888 -30906
10888 -30906
10888 -30906
10888 -30906
10888 -30906
10888 -30906
10888 -30906
10888 -30906
10858 -30917
10858 -30917
10858 -30917
10858 -30917
10858 -30917
10858 -30917
10858 -30917
10858 -30917
10858 -30917
10858 -30917
10829 -30927
10829 -30927
10829 -30927
10829 -30927
10829 -30927
10829 -30927
10829 -30927
10829 -30927
10829 -30927
10829 -30927
10798 -30938
10798 -30938
10798 -30938
10798 -30938
10798 -30938
10798 -30938
10798 -30938
10798 -30938
10798 -30938
10798 -30938
10768 -30949
10768 -30949
10768 -30949
10768 -30949
10768 -30949
10768 -30949
10768 -30949
10768 -30949
10768 -30949
10768 -30949
10737 -30959
10737 -30959
10737 -30959
10737 -30959
10737 -30959
10737 -30959
10737 -30959
10737 -30959
10737 -30959
10737 -30959
10708 -30969
10708 -30969
10708 -30969
10708 -30969
10708 -30969
10708 -30969
10708 -30969
10708 -30969
10708 -30969
10708 -30969
10677 -30980
10677 -30980
10677 -30980
10677 -30980
10677 -30980
10677 -30980
10677 -30980
10677 -30980
10677 -30980
10677 -30980
10677 -30980
10648 -30991
10648 -30991
10648 -30991
10653 -30988
10653 -30988
10653 -30988
10653 -30988
10623 -30999
10623 -30999
10623 -30999
10623 -30999
10623 -30999
10623 -30999
10623 -30999
10623 -30999
10623 -30999
10623 -30999
10592 -31009
10592 -31009
10592 -31009
10592 -31009
10592 -31009
10592 -31009
10592 -31009
10592 -31009
10592 -31009
10592 -31009
10592 -31009
10562 -31019
10562 -31019
10562 -31019
10562 -31019
10562 -31019
10562 -31019
10562 -31019
10562 -31019
10562 -31019
10562 -31019
10532 -31030
10532 -31030
10532 -31030
10532 -31030
10532 -31030
10532 -31030
10532 -31030
10532 -31030
10532 -31030
10532 -31030
10502 -31040
10502 -31040
10502 -31040
10502 -31040
10502 -31040
10502 -31040
10502 -31040
10502 -31040
10502 -31040
10502 -31040
10471 -31050
10471 -31050
10471 -31050
10471 -31050
10471 -31050
10471 -31050
10471 -31050
10471 -31050
10471 -31050
10471 -31050
10441 -31060
10441 -31060
10441 -31060
10441 -31060
10441 -31060
10441 -31060
10441 -31060
10441 -31060
10441 -31060
10441 -31060
10410 -31070
10410 -31070
10410 -31070
10410 -31070
10410 -31070
10410 -31070
10410 -31070
10410 -31070
10410 -31070
10410 -31070
10381 -31080
10381 -31080
10381 -31080
10381 -31080
10381 -31080
10381 -31080
10381 -31080
10381 -31080
10381 -31080
10381 -31080
10350 -31090
10350 -31090
10350 -31090
10350 -31090
10350 -31090
10350 -31090
10350 -31090
10350 -31090
10350 -31090
10350 -31090
10350 -31090
10320 -31100
10320 -31100
10320 -31100
10320 -31100
10320 -31100
10320 -31100
10320 -31100
10320 -31100
10320 -31100
10320 -31100
10290 -31110
10290 -31110
10290 -31110
10290 -31110
10290 -31110
10290 -31110
10290 -31110
10290 -31110
10290 -31110
10290 -31110
10259 -31120
10259 -31120
10275 -31115
10275 -31115
10275 -31115
10246 -31124
10246 -31124
10246 -31124
10246 -31124
10246 -31124
10246 -31124
10246 -31124
10246 -31124
10246 -31124
10246 -31124
10215 -31134
10215 -31134
10215 -31134
10215 -31134
10215 -31134
10215 -31134
10215 -31134
10215 -31134
10215 -31134
10215 -31134
10185 -31144
10185 -31144
10185 -31144
10185 -31144
10185 -31144
10185 -31144
10185 -31144
10185 -31144
10185 -31144
10185 -31144
10155 -31154
10155 -31154
10155 -31154
10155 -31154
10155 -31154
10155 -31154
10155 -31154
10155 -31154
10155 -31154
10155 -31154
10155 -31154
10124 -31164
10124 -31164
10124 -31164
10124 -31164
10124 -31164
10124 -31164
10124 -31164
10124 -31164
10124 -31164
10124 -31164
10094 -31174
10094 -31174
10094 -31174
10094 -31174
10094 -31174
10094 -31174
10094 -31174
10094 -31174
10094 -31174
10094 -31174
10064 -31184
10064 -31184
10064 -31184
10064 -31184
10064 -31184
10064 -31184
10064 -31184
10064 -31184
10064 -31184
10064 -31184
10033 -31194
10033 -31194
10033 -31194
10033 -31194
10033 -31194
10033 -31194
10033 -31194
10033 -31194
10033 -31194
10033 -31194
10003 -31204
10003 -31204
10003 -31204
10003 -31204
10003 -31204
10003 -31204
10003 -31204
10003 -31204
10003 -31204
10003 -31204
9972 -31214
9972 -31214
9972 -31214
9972 -31214
9972 -31214
9972 -31214
9972 -31214
9972 -31214
9972 -31214
9972 -31214
9943 -31223
9943 -31223
9943 -31223
9943 -31223
9943 -31223
9943 -31223
9943 -31223
9943 -31223
9943 -31223
9943 -31223
9911 -31234
9911 -31234
9911 -31234
9911 -31234
9911 -31234
9911 -31234
9911 -31234
9911 -31234
9911 -31234
9911 -31234
9911 -31234
9882 -31243
9882 -31243
9882 -31243
9893 -31238
9893 -31238
9893 -31238
9893 -31238
9862 -31249
9862 -31249
9862 -31249
9862 -31249
9862 -31249
9862 -31249
9862 -31249
9862 -31249
9862 -31249
9862 -31249
9832 -31258
9832 -31258
9832 -31258
9832 -31258
9832 -31258
9832 -31258
9832 -31258
9832 -31258
9832 -31258
9832 -31258
9832 -31258
9801 -31267
9801 -31267
9801 -31267
9801 -31267
9801 -31267
9801 -31267
9801 -31267
9801 -31267
9801 -31267
9801 -31267
9771 -31277
9771 -31277
9771 -31277
9771 -31277
9771 -31277
9771 -31277
9771 -31277
9771 -31277
9771 -31277
9771 -31277
9741 -31286
9741 -31286
9741 -31286
9741 -31286
9741 -31286
9741 -31286
9741 -31286
9741 -31286
9741 -31286
9741 -31286
9710 -31296
9710 -31296
9710 -31296
9710 -31296
9710 -31296
9710 -31296
9710 -31296
9710 -31296
9710 -31296
9710 -31296
9679 -31305
9679 -31305
9679 -31305
9679 -31305
9679 -31305
9679 -31305
9679 -31305
9679 -31305
9679 -31305
9679 -31305
9648 -31315
9648 -31315
9648 -31315
9648 -31315
9648 -31315
9648 -31315
9648 -31315
9648 -31315
9648 -31315
9648 -31315
9619 -31324
9619 -31324
9619 -31324
9619 -31324
9619 -31324
9619 -31324
9619 -31324
9619 -31324
9619 -31324
9619 -31324
9588 -31333
9588 -31333
9588 -31333
9588 -31333
9588 -31333
9588 -31333
9588 -31333
9588 -31333
9588 -31333
9588 -31333
9588 -31333
9557 -31342
9557 -31342
9557 -31342
9557 -31342
9557 -31342
9557 -31342
9557 -31342
9557 -31342
9557 -31342
9557 -31342
9527 -31351
9527 -31351
9527 -31351
9527 -31351
9527 -31351
9527 -31351
9527 -31351
9527 -31351
9527 -31351
9527 -31351
9496 -31361
9496 -31361
9512 -31356
9512 -31356
9512 -31356
9483 -31365
9483 -31365
9483 -31365
9483 -31365
9483 -31365
9483 -31365
9483 -31365
9483 -31365
9483 -31365
9483 -31365
9452 -31374
9452 -31374
9452 -31374
9452 -31374
9452 -31374
9452 -31374
9452 -31374
9452 -31374
9452 -31374
9452 -31374
9421 -31383
9421 -31383
9421 -31383
9421 -31383
9421 -31383
9421 -31383
9421 -31383
9421 -31383
9421 -31383
9421 -31383
9391 -31393
9391 -31393
9391 -31393
9391 -31393
9391 -31393
9391 -31393
9391 -31393
9391 -31393
9391 -31393
9391 -31393
9391 -31393
9360 -31402
9360 -31402
9360 -31402
9360 -31402
9360 -31402
9360 -31402
9360 -31402
9360 -31402
9360 -31402
9360 -31402
9330 -31411
9330 -31411
9330 -31411
9330 -31411
9330 -31411
9330 -31411
9330 -31411
9330 -31411
9330 -31411
9330 -31411
9300 -31420
9300 -31420
9300 -31420
9300 -31420
9300 -31420
9300 -31420
9300 -31420
9300 -31420
9300 -31420
9300 -31420
9268 -31430
9268 -31430
9268 -31430
9268 -31430
9268 -31430
9268 -31430
9268 -31430
9268 -31430
9268 -31430
9268 -31430
9238 -31439
9238 -31439
9238 -31439
9238 -31439
9238 -31439
9238 -31439
9238 -31439
9238 -31439
9238 -31439
9238 -31439
9207 -31447
9207 -31447
9207 -31447
9207 -31447
9207 -31447
9207 -31447
9207 -31447
9207 -31447
9207 -31447
9207 -31447
9177 -31456
9177 -31456
9177 -31456
9177 -31456
9177 -31456
9177 -31456
9177 -31456
9177 -31456
9177 -31456
9177 -31456
9146 -31466
9146 -31466
9146 -31466
9146 -31466
9146 -31466
9146 -31466
9146 -31466
9146 -31466
9146 -31466
9146 -31466
9146 -31466
9116 -31475
9116 -31475
9116 -31475
9128 -31471
9128 -31471
9128 -31471
9128 -31471
9097 -31480
9097 -31480
9097 -31480
9097 -31480
9097 -31480
9097 -31480
9097 -31480
9097 -31480
9097 -31480
9097 -31480
9066 -31489
9066 -31489
9066 -31489
9066 -31489
9066 -31489
9066 -31489
9066 -31489
9066 -31489
9066 -31489
9066 -31489
9066 -31489
9035 -31497
9035 -31497
9035 -31497
9035 -31497
9035 -31497
9035 -31497
9035 -31497
9035 -31497
9035 -31497
9035 -31497
9005 -31507
9005 -31507
9005 -31507
9005 -31507
9005 -31507
9005 -31507
9005 -31507
9005 -31507
9005 -31507
9005 -31507
8975 -31515
8975 -31515
8975 -31515
8975 -31515
8975 -31515
8975 -31515
8975 -31515
8975 -31515
8975 -31515
8975 -31515
8943 -31524
8943 -31524
8943 -31524
8943 -31524
8943 -31524
8943 -31524
8943 -31524
8943 -31524
8943 -31524
8943 -31524
8912 -31533
8912 -31533
8912 -31533
8912 -31533
8912 -31533
8912 -31533
8912 -31533
8912 -31533
8912 -31533
8912 -31533
8881 -31541
8881 -31541
8881 -31541
8881 -31541
8881 -31541
8881 -31541
8881 -31541
8881 -31541
8881 -31541
8881 -31541
8851 -31549
8851 -31549
8851 -31549
8851 -31549
8851 -31549
8851 -31549
8851 -31549
8851 -31549
8851 -31549
8851 -31549
8821 -31558
8821 -31558
8821 -31558
8821 -31558
8821 -31558
8821 -31558
8821 -31558
8821 -31558
8821 -31558
8821 -31558
8821 -31558
8790 -31566
8790 -31566
8790 -31566
8790 -31566
8790 -31566
8790 -31566
8790 -31566
8790 -31566
8790 -31566
8790 -31566
8759 -31575
8759 -31575
8759 -31575
8759 -31575
8759 -31575
8759 -31575
8759 -31575
8759 -31575
8759 -31575
8759 -31575
8728 -31583
8728 -31583
8744 -31579
8744 -31579
8744 -31579
8715 -31587
8715 -31587
8715 -31587
8715 -31587
8715 -31587
8715 -31587
8715 -31587
8715 -31587
8715 -31587
8715 -31587
8684 -31596
8684 -31596
8684 -31596
8684 -31596
8684 -31596
8684 -31596
8684 -31596
8684 -31596
8684 -31596
8684 -31596
8653 -31604
8653 -31604
8653 -31604
8653 -31604
8653 -31604
8653 -31604
8653 -31604
8653 -31604
8653 -31604
8653 -31604
8622 -31613
8622 -31613
8622 -31613
8622 -31613
8622 -31613
8622 -31613
8622 -31613
8622 -31613
8622 -31613
8622 -31613
8622 -31613
8591 -31621
8591 -31621
8591 -31621
8591 -31621
8591 -31621
8591 -31621
8591 -31621
8591 -31621
8591 -31621
8591 -31621
8560 -31630
8560 -31630
8560 -31630
8560 -31630
8560 -31630
8560 -31630
8560 -31630
8560 -31630
8560 -31630
8560 -31630
8530 -31638
8530 -31638
8530 -31638
8530 -31638
8530 -31638
8530 -31638
8530 -31638
8530 -31638
8530 -31638
8530 -31638
8499 -31647
8499 -31647
8499 -31647
8499 -31647
8499 -31647
8499 -31647
8499 -31647
8499 -31647
8499 -31647
8499 -31647
8468 -31655
8468 -31655
8468 -31655
8468 -31655
8468 -31655
8468 -31655
8468 -31655
8468 -31655
8468 -31655
8468 -31655
8437 -31663
8437 -31663
8437 -31663
8437 -31663
8437 -31663
8437 -31663
8437 -31663
8437 -31663
8437 -31663
8437 -31663
8407 -31671
8407 -31671
8407 -31671
8407 -31671
8407 -31671
8407 -31671
8407 -31671
8407 -31671
8407 -31671
8407 -31671
8375 -31680
8375 -31680
8375 -31680
8375 -31680
8375 -31680
8375 -31680
8375 -31680
8375 -31680
8375 -31680
8375 -31680
8375 -31680
8345 -31688
8345 -31688
8345 -31688
8356 -31684
8356 -31684
8356 -31684
8356 -31684
8325 -31693
8325 -31693
8325 -31693
8325 -31693
8325 -31693
8325 -31693
8325 -31693
8325 -31693
8325 -31693
8325 -31693
8294 -31701
8294 -31701
8294 -31701
8294 -31701
8294 -31701
8294 -31701
8294 -31701
8294 -31701
8294 -31701
8294 -31701
8294 -31701
8263 -31709
8263 -31709
8263 -31709
8263 -31709
8263 -31709
8263 -31709
8263 -31709
8263 -31709
8263 -31709
8263 -31709
8232 -31717
8232 -31717
8232 -31717
8232 -31717
8232 -31717
8232 -31717
8232 -31717
8232 -31717
8232 -31717
8232 -31717
8202 -31725
8202 -31725
8202 -31725
8202 -31725
8202 -31725
8202 -31725
8202 -31725
8202 -31725
8202 -31725
8202 -31725
8170 -31733
8170 -31733
8170 -31733
8170 -31733
8170 -31733
8170 -31733
8170 -31733
8170 -31733
8170 -31733
8170 -31733
8139 -31741
8139 -31741
8139 -31741
8139 -31741
8139 -31741
8139 -31741
8139 -31741
8139 -31741
8139 -31741
8139 -31741
8108 -31749
8108 -31749
8108 -31749
8108 -31749
8108 -31749
8108 -31749
8108 -31749
8108 -31749
8108 -31749
8108 -31749
8078 -31756
8078 -31756
8078 -31756
8078 -31756
8078 -31756
8078 -31756
8078 -31756
8078 -31756
8078 -31756
8078 -31756
8047 -31764
8047 -31764
8047 -31764
8047 -31764
8047 -31764
8047 -31764
8047 -31764
8047 -31764
8047 -31764
8047 -31764
8047 -31764
8016 -31772
8016 -31772
8016 -31772
8016 -31772
8016 -31772
8016 -31772
8016 -31772
8016 -31772
8016 -31772
8016 -31772
7985 -31779
7985 -31779
7985 -31779
7985 -31779
7985 -31779
7985 -31779
7985 -31779
7985 -31779
7985 -31779
7985 -31779
7954 -31787
7954 -31787
7971 -31783
7971 -31783
7971 -31783
7940 -31791
7940 -31791
7940 -31791
7940 -31791
7940 -31791
7940 -31791
7940 -31791
7940 -31791
7940 -31791
7940 -31791
7909 -31798
7909 -31798
7909 -31798
7909 -31798
7909 -31798
7909 -31798
7909 -31798
7909 -31798
7909 -31798
7909 -31798
7878 -31806
7878 -31806
7878 -31806
7878 -31806
7878 -31806
7878 -31806
7878 -31806
7878 -31806
7878 -31806
7878 -31806
7847 -31814
7847 -31814
7847 -31814
7847 -31814
7847 -31814
7847 -31814
7847 -31814
7847 -31814
7847 -31814
7847 -31814
7847 -31814
7816 -31822
7816 -31822
7816 -31822
7816 -31822
7816 -31822
7816 -31822
7816 -31822
7816 -31822
7816 -31822
7816 -31822
7785 -31830
7785 -31830
7785 -31830
7785 -31830
7785 -31830
7785 -31830
7785 -31830
7785 -31830
7785 -31830
7785 -31830
7755 -31837
7755 -31837
7755 -31837
7755 -31837
7755 -31837
7755 -31837
7755 -31837
7755 -31837
7755 -31837
7755 -31837
7723 -31845
7723 -31845
7723 -31845
7723 -31845
7723 -31845
7723 -31845
7723 -31845
7723 -31845
7723 -31845
7723 -31845
7692 -31853
7692 -31853
7692 -31853
7692 -31853
7692 -31853
7692 -31853
7692 -31853
7692 -31853
7692 -31853
7692 -31853
7661 -31860
7661 -31860
7661 -31860
7661 -31860
7661 -31860
7661 -31860
7661 -31860
7661 -31860
7661 -31860
7661 -31860
7631 -31867
7631 -31867
7631 -31867
7631 -31867
7631 -31867
7631 -31867
7631 -31867
7631 -31867
7631 -31867
7631 -31867
7599 -31875
7599 -31875
7599 -31875
7599 -31875
7599 -31875
7599 -31875
7599 -31875
7599 -31875
7599 -31875
7599 -31875
7599 -31875
7569 -31883
7569 -31883
7569 -31883
7581 -31879
7581 -31879
7581 -31879
7581 -31879
7550 -31887
7550 -31887
7550 -31887
7550 -31887
7550 -31887
7550 -31887
7550 -31887
7550 -31887
7550 -31887
7550 -31887
7519 -31894
7519 -31894
7519 -31894
7519 -31894
7519 -31894
7519 -31894
7519 -31894
7519 -31894
7519 -31894
7519 -31894
7519 -31894
7488 -31901
7488 -31901
7488 -31901
7488 -31901
7488 -31901
7488 -31901
7488 -31901
7488 -31901
7488 -31901
7488 -31901
7457 -31909
7457 -31909
7457 -31909
7457 -31909
7457 -31909
7457 -31909
7457 -31909
7457 -31909
7457 -31909
7457 -31909
7427 -31916
7427 -31916
7427 -31916
7427 -31916
7427 -31916
7427 -31916
7427 -31916
7427 -31916
7427 -31916
7427 -31916
7395 -31923
7395 -31923
7395 -31923
7395 -31923
7395 -31923
7395 -31923
7395 -31923
7395 -31923
7395 -31923
7395 -31923
7363 -31930
7363 -31930
7363 -31930
7363 -31930
7363 -31930
7363 -31930
7363 -31930
7363 -31930
7363 -31930
7363 -31930
7332 -31937
7332 -31937
7332 -31937
7332 -31937
7332 -31937
7332 -31937
7332 -31937
7332 -31937
7332 -31937
7332 -31937
7302 -31944
7302 -31944
7302 -31944
7302 -31944
7302 -31944
7302 -31944
7302 -31944
7302 -31944
7302 -31944
7302 -31944
7271 -31951
7271 -31951
7271 -31951
7271 -31951
7271 -31951
7271 -31951
7271 -31951
7271 -31951
7271 -31951
7271 -31951
7271 -31951
7239 -31958
7239 -31958
7239 -31958
7239 -31958
7239 -31958
7239 -31958
7239 -31958
7239 -31958
7239 -31958
7239 -31958
7208 -31965
7208 -31965
7208 -31965
7208 -31965
7208 -31965
7208 -31965
7208 -31965
7208 -31965
7208 -31965
7208 -31965
7177 -31972
7177 -31972
7194 -31968
7194 -31968
7194 -31968
7163 -31975
7163 -31975
7163 -31975
7163 -31975
7163 -31975
7163 -31975
7163 -31975
7163 -31975
7163 -31975
7163 -31975
7132 -31982
7132 -31982
7132 -31982
7132 -31982
7132 -31982
7132 -31982
7132 -31982
7132 -31982
7132 -31982
7132 -31982
7101 -31989
7101 -31989
7101 -31989
7101 -31989
7101 -31989
7101 -31989
7101 -31989
7101 -31989
7101 -31989
7101 -31989
7070 -31996
7070 -31996
7070 -31996
7070 -31996
7070 -31996
7070 -31996
7070 -31996
7070 -31996
7070 -31996
7070 -31996
7070 -31996
7038 -32003
7038 -32003
7038 -32003
7038 -32003
7038 -32003
7038 -32003
7038 -32003
7038 -32003
7038 -32003
7038 -32003
7007 -32010
7007 -32010
7007 -32010
7007 -32010
7007 -32010
7007 -32010
7007 -32010
7007 -32010
7007 -32010
7007 -32010
6977 -32017
6977 -32017
6977 -32017
6977 -32017
6977 -32017
6977 -32017
6977 -32017
6977 -32017
6977 -32017
6977 -32017
6945 -32024
6945 -32024
6945 -32024
6945 -32024
6945 -32024
6945 -32024
6945 -32024
6945 -32024
6945 -32024
6945 -32024
6914 -32031
6914 -32031
6914 -32031
6914 -32031
6914 -32031
6914 -32031
6914 -32031
6914 -32031
6914 -32031
6914 -32031
6882 -32037
6882 -32037
6882 -32037
6882 -32037
6882 -32037
6882 -32037
6882 -32037
6882 -32037
6882 -32037
6882 -32037
6852 -32044
6852 -32044
6852 -32044
6852 -32044
6852 -32044
6852 -32044
6852 -32044
6852 -32044
6852 -32044
6852 -32044
6820 -32051
6820 -32051
6820 -32051
6820 -32051
6820 -32051
6820 -32051
6820 -32051
6820 -32051
6820 -32051
6820 -32051
6820 -32051
6789 -32058
6789 -32058
6789 -32058
6805 -32054
6805 -32054
6805 -32054
6805 -32054
6773 -32061
6773 -32061
6773 -32061
6773 -32061
6773 -32061
6773 -32061
6773 -32061
6773 -32061
6773 -32061
6773 -32061
6742 -32067
6742 -32067
6742 -32067
6742 -32067
6742 -32067
6742 -32067
6742 -32067
6742 -32067
6742 -32067
6742 -32067
6742 -32067
6711 -32073
6711 -32073
6711 -32073
6711 -32073
6711 -32073
6711 -32073
6711 -32073
6711 -32073
6711 -32073
6711 -32073
6679 -32081
6679 -32081
6679 -32081
6679 -32081
6679 -32081
6679 -32081
6679 -32081
6679 -32081
6679 -32081
6679 -32081
6649 -32087
6649 -32087
6649 -32087
6649 -32087
6649 -32087
6649 -32087
6649 -32087
6649 -32087
6649 -32087
6649 -32087
6617 -32093
6617 -32093
6617 -32093
6617 -32093
6617 -32093
6617 -32093
6617 -32093
6617 -32093
6617 -32093
6617 -32093
6585 -32099
6585 -32099
6585 -32099
6585 -32099
6585 -32099
6585 -32099
6585 -32099
6585 -32099
6585 -32099
6585 -32099
6554 -32106
6554 -32106
6554 -32106
6554 -32106
6554 -32106
6554 -32106
6554 -32106
6554 -32106
6554 -32106
6554 -32106
6524 -32112
6524 -32112
6524 -32112
6524 -32112
6524 -32112
6524 -32112
6524 -32112
6524 -32112
6524 -32112
6524 -32112
6492 -32118
6492 -32118
6492 -32118
6492 -32118
6492 -32118
6492 -32118
6492 -32118
6492 -32118
6492 -32118
6492 -32118
6492 -32118
6461 -32124
6461 -32124
6461 -32124
6461 -32124
6461 -32124
6461 -32124
6461 -32124
6461 -32124
6461 -32124
6461 -32124
6429 -32131
6429 -32131
6429 -32131
6429 -32131
6429 -32131
6429 -32131
6429 -32131
6429 -32131
6429 -32131
6429 -32131
6398 -32137
6398 -32137
6415 -32133
6415 -32133
6415 -32133
6384 -32140
6384 -32140
6384 -32140
6384 -32140
6384 -32140
6384 -32140
6384 -32140
6384 -32140
6384 -32140
6384 -32140
6353 -32146
6353 -32146
6353 -32146
6353 -32146
6353 -32146
6353 -32146
6353 -32146
6353 -32146
6353 -32146
6353 -32146
6321 -32152
6321 -32152
6321 -32152
6321 -32152
6321 -32152
6321 -32152
6321 -32152
6321 -32152
6321 -32152
6321 -32152
6290 -32158
6290 -32158
6290 -32158
6290 -32158
6290 -32158
6290 -32158
6290 -32158
6290 -32158
6290 -32158
6290 -32158
6290 -32158
6259 -32165
6259 -32165
6259 -32165
6259 -32165
6259 -32165
6259 -32165
6259 -32165
6259 -32165
6259 -32165
6259 -32165
6227 -32171
6227 -32171
6227 -32171
6227 -32171
6227 -32171
6227 -32171
6227 -32171
6227 -32171
6227 -32171
6227 -32171
6197 -32177
6197 -32177
6197 -32177
6197 -32177
6197 -32177
6197 -32177
6197 -32177
6197 -32177
6197 -32177
6197 -32177
6165 -32183
6165 -32183
6165 -32183
6165 -32183
6165 -32183
6165 -32183
6165 -32183
6165 -32183
6165 -32183
6165 -32183
6133 -32190
6133 -32190
6133 -32190
6133 -32190
6133 -32190
6133 -32190
6133 -32190
6133 -32190
6133 -32190
6133 -32190
6102 -32195
6102 -32195
6102 -32195
6102 -32195
6102 -32195
6102 -32195
6102 -32195
6102 -32195
6102 -32195
6102 -32195
6071 -32201
6071 -32201
6071 -32201
6071 -32201
6071 -32201
6071 -32201
6071 -32201
6071 -32201
6071 -32201
6071 -32201
6039 -32207
6039 -32207
6039 -32207
6039 -32207
6039 -32207
6039 -32207
6039 -32207
6039 -32207
6039 -32207
6039 -32207
6039 -32207
6008 -32213
6008 -32213
6008 -32213
5990 -32216
5990 -32216
5990 -32216
5990 -32216
5958 -32222
5958 -32222
5958 -32222
5958 -32222
5958 -32222
5958 -32222
5958 -32222
5958 -32222
5958 -32222
5958 -32222
5927 -32228
5927 -32228
5927 -32228
5927 -32228
5927 -32228
5927 -32228
5927 -32228
5927 -32228
5927 -32228
5927 -32228
5927 -32228
5895 -32233
5895 -32233
5895 -32233
5895 -32233
5895 -32233
5895 -32233
5895 -32233
5895 -32233
5895 -32233
5895 -32233
5864 -32240
5864 -32240
5864 -32240
5864 -32240
5864 -32240
5864 -32240
5864 -32240
5864 -32240
5864 -32240
5864 -32240
5833 -32245
5833 -32245
5833 -32245
5833 -32245
5833 -32245
5833 -32245
5833 -32245
5833 -32245
5833 -32245
5833 -32245
5801 -32251
5801 -32251
5801 -32251
5801 -32251
5801 -32251
5801 -32251
5801 -32251
5801 -32251
5801 -32251
5801 -32251
5769 -32256
5769 -32256
5769 -32256
5769 -32256
5769 -32256
5769 -32256
5769 -32256
5769 -32256
5769 -32256
5769 -32256
5738 -32261
5738 -32261
5738 -32261
5738 -32261
5738 -32261
5738 -32261
5738 -32261
5738 -32261
5738 -32261
5738 -32261
5707 -32267
5707 -32267
5707 -32267
5707 -32267
5707 -32267
5707 -32267
5707 -32267
5707 -32267
5707 -32267
5707 -32267
5676 -32272
5676 -32272
5676 -32272
5676 -32272
5676 -32272
5676 -32272
5676 -32272
5676 -32272
5676 -32272
5676 -32272
5676 -32272
5644 -32278
5644 -32278
5644 -32278
5644 -32278
5644 -32278
5644 -32278
5644 -32278
5644 -32278
5644 -32278
5644 -32278
5612 -32283
5612 -32283
5612 -32283
5612 -32283
5612 -32283
5612 -32283
5612 -32283
5612 -32283
5612 -32283
5612 -32283
5581 -32289
5581 -32289
5598 -32286
5598 -32286
5598 -32286
5567 -32291
5567 -32291
5567 -32291
5567 -32291
5567 -32291
5567 -32291
5567 -32291
5567 -32291
5567 -32291
5567 -32291
5536 -32296
5536 -32296
5536 -32296
5536 -32296
5536 -32296
5536 -32296
5536 -32296
5536 -32296
5536 -32296
5536 -32296
5504 -32302
5504 -32302
5504 -32302
5504 -32302
5504 -32302
5504 -32302
5504 -32302
5504 -32302
5504 -32302
5504 -32302
5473 -32307
5473 -32307
5473 -32307
5473 -32307
5473 -32307
5473 -32307
5473 -32307
5473 -32307
5473 -32307
5473 -32307
5473 -32307
5441 -32313
5441 -32313
5441 -32313
5441 -32313
5441 -32313
5441 -32313
5441 -32313
5441 -32313
5441 -32313
5441 -32313
5410 -32318
5410 -32318
5410 -32318
5410 -32318
5410 -32318
5410 -32318
5410 -32318
5410 -32318
5410 -32318
5410 -32318
5379 -32324
5379 -32324
5379 -32324
5379 -32324
5379 -32324
5379 -32324
5379 -32324
5379 -32324
5379 -32324
5379 -32324
5346 -32329
5346 -32329
5346 -32329
5346 -32329
5346 -32329
5346 -32329
5346 -32329
5346 -32329
5346 -32329
5346 -32329
5315 -32335
5315 -32335
5315 -32335
5315 -32335
5315 -32335
5315 -32335
5315 -32335
5315 -32335
5315 -32335
5315 -32335
5283 -32339
5283 -32339
5283 -32339
5283 -32339
5283 -32339
5283 -32339
5283 -32339
5283 -32339
5283 -32339
5283 -32339
5253 -32344
5253 -32344
5253 -32344
5253 -32344
5253 -32344
5253 -32344
5253 -32344
5253 -32344
5253 -32344
5253 -32344
5220 -32350
5220 -32350
5220 -32350
5220 -32350
5220 -32350
5220 -32350
5220 -32350
5220 -32350
5220 -32350
5220 -32350
5220 -32350
5190 -32355
5190 -32355
5190 -32355
5201 -32354
5201 -32354
5201 -32354
5201 -32354
5170 -32359
5170 -32359
5170 -32359
5170 -32359
5170 -32359
5170 -32359
5170 -32359
5170 -32359
5170 -32359
5170 -32359
5138 -32364
5138 -32364
5138 -32364
5138 -32364
5138 -32364
5138 -32364
5138 -32364
5138 -32364
5138 -32364
5138 -32364
5138 -32364
5106 -32369
5106 -32369
5106 -32369
5106 -32369
5106 -32369
5106 -32369
5106 -32369
5106 -32369
5106 -32369
5106 -32369
5075 -32374
5075 -32374
5075 -32374
5075 -32374
5075 -32374
5075 -32374
5075 -32374
5075 -32374
5075 -32374
5075 -32374
5044 -32379
5044 -32379
5044 -32379
5044 -32379
5044 -32379
5044 -32379
5044 -32379
5044 -32379
5044 -32379
5044 -32379
5012 -32384
5012 -32384
5012 -32384
5012 -32384
5012 -32384
5012 -32384
5012 -32384
5012 -32384
5012 -32384
5012 -32384
4980 -32388
4980 -32388
4980 -32388
4980 -32388
4980 -32388
4980 -32388
4980 -32388
4980 -32388
4980 -32388
4980 -32388
4948 -32393
4948 -32393
4948 -32393
4948 -32393
4948 -32393
4948 -32393
4948 -32393
4948 -32393
4948 -32393
4948 -32393
4918 -32398
4918 -32398
4918 -32398
4918 -32398
4918 -32398
4918 -32398
4918 -32398
4918 -32398
4918 -32398
4918 -32398
4886 -32402
4886 -32402
4886 -32402
4886 -32402
4886 -32402
4886 -32402
4886 -32402
4886 -32402
4886 -32402
4886 -32402
4886 -32402
4854 -32407
4854 -32407
4854 -32407
4854 -32407
4854 -32407
4854 -32407
4854 -32407
4854 -32407
4854 -32407
4854 -32407
4823 -32412
4823 -32412
4823 -32412
4823 -32412
4823 -32412
4823 -32412
4823 -32412
4823 -32412
4823 -32412
4823 -32412
4791 -32416
4791 -32416
4808 -32414
4808 -32414
4808 -32414
4777 -32418
4777 -32418
4777 -32418
4777 -32418
4777 -32418
4777 -32418
4777 -32418
4777 -32418
4777 -32418
4777 -32418
4745 -32423
4745 -32423
4745 -32423
4745 -32423
4745 -32423
4745 -32423
4745 -32423
4745 -32423
4745 -32423
4745 -32423
4714 -32428
4714 -32428
4714 -32428
4714 -32428
4714 -32428
4714 -32428
4714 -32428
4714 -32428
4714 -32428
4714 -32428
4682 -32432
4682 -32432
4682 -32432
4682 -32432
4682 -32432
4682 -32432
4682 -32432
4682 -32432
4682 -32432
4682 -32432
4682 -32432
4650 -32437
4650 -32437
4650 -32437
4650 -32437
4650 -32437
4650 -32437
4650 -32437
4650 -32437
4650 -32437
4650 -32437
4619 -32442
4619 -32442
4619 -32442
4619 -32442
4619 -32442
4619 -32442
4619 -32442
4619 -32442
4619 -32442
4619 -32442
4588 -32446
4588 -32446
4588 -32446
4588 -32446
4588 -32446
4588 -32446
4588 -32446
4588 -32446
4588 -32446
4588 -32446
4556 -32451
4556 -32451
4556 -32451
4556 -32451
4556 -32451
4556 -32451
4556 -32451
4556 -32451
4556 -32451
4556 -32451
4524 -32456
4524 -32456
4524 -32456
4524 -32456
4524 -32456
4524 -32456
4524 -32456
4524 -32456
4524 -32456
4524 -32456
4492 -32460
4492 -32460
4492 -32460
4492 -32460
4492 -32460
4492 -32460
4492 -32460
4492 -32460
4492 -32460
4492 -32460
4461 -32464
4461 -32464
4461 -32464
4461 -32464
4461 -32464
4461 -32464
4461 -32464
4461 -32464
4461 -32464
4461 -32464
4429 -32469
4429 -32469
4429 -32469
4429 -32469
4429 -32469
4429 -32469
4429 -32469
4429 -32469
4429 -32469
4429 -32469
4429 -32469
4398 -32473
4398 -32473
4398 -32473
4410 -32469
4410 -32469
4410 -32469
4410 -32469
4378 -32474
4378 -32474
4378 -32474
4378 -32474
4378 -32474
4378 -32474
4378 -32474
4378 -32474
4378 -32474
4378 -32474
4346 -32478
4346 -32478
4346 -32478
4346 -32478
4346 -32478
4346 -32478
4346 -32478
4346 -32478
4346 -32478
4346 -32478
4346 -32478
4314 -32482
4314 -32482
4314 -32482
4314 -32482
4314 -32482
4314 -32482
4314 -32482
4314 -32482
4314 -32482
4314 -32482
4283 -32487
4283 -32487
4283 -32487
4283 -32487
4283 -32487
4283 -32487
4283 -32487
4283 -32487
4283 -32487
4283 -32487
4252 -32491
4252 -32491
4252 -32491
4252 -32491
4252 -32491
4252 -32491
4252 -32491
4252 -32491
4252 -32491
4252 -32491
4219 -32495
4219 -32495
4219 -32495
4219 -32495
4219 -32495
4219 -32495
4219 -32495
4219 -32495
4219 -32495
4219 -32495
4188 -32499
4188 -32499
4188 -32499
4188 -32499
4188 -32499
4188 -32499
4188 -32499
4188 -32499
4188 -32499
4188 -32499
4156 -32503
4156 -32503
4156 -32503
4156 -32503
4156 -32503
4156 -32503
4156 -32503
4156 -32503
4156 -32503
4156 -32503
4125 -32506
4125 -32506
4125 -32506
4125 -32506
4125 -32506
4125 -32506
4125 -32506
4125 -32506
4125 -32506
4125 -32506
4093 -32510
4093 -32510
4093 -32510
4093 -32510
4093 -32510
4093 -32510
4093 -32510
4093 -32510
4093 -32510
4093 -32510
4093 -32510
4061 -32514
4061 -32514
4061 -32514
4061 -32514
4061 -32514
4061 -32514
4061 -32514
4061 -32514
4061 -32514
4061 -32514
4030 -32518
4030 -32518
4030 -32518
4030 -32518
4030 -32518
4030 -32518
4030 -32518
4030 -32518
4030 -32518
4030 -32518
3998 -32522
3998 -32522
4015 -32520
4015 -32520
4015 -32520
3984 -32524
3984 -32524
3984 -32524
3984 -32524
3984 -32524
3984 -32524
3984 -32524
3984 -32524
3984 -32524
3984 -32524
3952 -32528
3952 -32528
3952 -32528
3952 -32528
3952 -32528
3952 -32528
3952 -32528
3952 -32528
3952 -32528
3952 -32528
3921 -32532
3921 -32532
3921 -32532
3921 -32532
3921 -32532
3921 -32532
3921 -32532
3921 -32532
3921 -32532
3921 -32532
3889 -32536
3889 -32536
3889 -32536
3889 -32536
3889 -32536
3889 -32536
3889 -32536
3889 -32536
3889 -32536
3889 -32536
3889 -32536
3857 -32539
3857 -32539
3857 -32539
3857 -32539
3857 -32539
3857 -32539
3857 -32539
3857 -32539
3857 -32539
3857 -32539
3825 -32543
3825 -32543
3825 -32543
3825 -32543
3825 -32543
3825 -32543
3825 -32543
3825 -32543
3825 -32543
3825 -32543
3794 -32547
3794 -32547
3794 -32547
3794 -32547
3794 -32547
3794 -32547
3794 -32547
3794 -32547
3794 -32547
3794 -32547
3762 -32551
3762 -32551
3762 -32551
3762 -32551
3762 -32551
3762 -32551
3762 -32551
3762 -32551
3762 -32551
3762 -32551
3730 -32555
3730 -32555
3730 -32555
3730 -32555
3730 -32555
3730 -32555
3730 -32555
3730 -32555
3730 -32555
3730 -32555
3698 -32558
3698 -32558
3698 -32558
3698 -32558
3698 -32558
3698 -32558
3698 -32558
3698 -32558
3698 -32558
3698 -32558
3667 -32562
3667 -32562
3667 -32562
3667 -32562
3667 -32562
3667 -32562
3667 -32562
3667 -32562
3667 -32562
3667 -32562
3635 -32566
3635 -32566
3635 -32566
3635 -32566
3635 -32566
3635 -32566
3635 -32566
3635 -32566
3635 -32566
3635 -32566
3635 -32566
3604 -32570
3604 -32570
3604 -32570
3616 -32568
3616 -32568
3616 -32568
3616 -32568
3584 -32572
3584 -32572
3584 -32572
3584 -32572
3584 -32572
3584 -32572
3584 -32572
3584 -32572
3584 -32572
3584 -32572
3552 -32575
3552 -32575
3552 -32575
3552 -32575
3552 -32575
3552 -32575
3552 -32575
3552 -32575
3552 -32575
3552 -32575
3552 -32575
3520 -32579
3520 -32579
3520 -32579
3520 -32579
3520 -32579
3520 -32579
3520 -32579
3520 -32579
3520 -32579
3520 -32579
3489 -32583
3489 -32583
3489 -32583
3489 -32583
3489 -32583
3489 -32583
3489 -32583
3489 -32583
3489 -32583
3489 -32583
3458 -32586
3458 -32586
3458 -32586
3458 -32586
3458 -32586
3458 -32586
3458 -32586
3458 -32586
3458 -32586
3458 -32586
3425 -32589
3425 -32589
3425 -32589
3425 -32589
3425 -32589
3425 -32589
3425 -32589
3425 -32589
3425 -32589
3425 -32589
3393 -32592
3393 -32592
3393 -32592
3393 -32592
3393 -32592
3393 -32592
3393 -32592
3393 -32592
3393 -32592
3393 -32592
3361 -32595
3361 -32595
3361 -32595
3361 -32595
3361 -32595
3361 -32595
3361 -32595
3361 -32595
3361 -32595
3361 -32595
3330 -32598
3330 -32598
3330 -32598
3330 -32598
3330 -32598
3330 -32598
3330 -32598
3330 -32598
3330 -32598
3330 -32598
3298 -32601
3298 -32601
3298 -32601
3298 -32601
3298 -32601
3298 -32601
3298 -32601
3298 -32601
3298 -32601
3298 -32601
3298 -32601
3267 -32605
3267 -32605
3267 -32605
3267 -32605
3267 -32605
3267 -32605
3267 -32605
3267 -32605
3267 -32605
3267 -32605
3235 -32608
3235 -32608
3235 -32608
3235 -32608
3235 -32608
3235 -32608
3235 -32608
3235 -32608
3235 -32608
3235 -32608
3203 -32611
3203 -32611
3220 -32609
3220 -32609
3220 -32609
3189 -32612
3189 -32612
3189 -32612
3189 -32612
3189 -32612
3189 -32612
3189 -32612
3189 -32612
3189 -32612
3189 -32612
3157 -32615
3157 -32615
3157 -32615
3157 -32615
3157 -32615
3157 -32615
3157 -32615
3157 -32615
3157 -32615
3157 -32615
3125 -32619
3125 -32619
3125 -32619
3125 -32619
3125 -32619
3125 -32619
3125 -32619
3125 -32619
3125 -32619
3125 -32619
3093 -32622
3093 -32622
3093 -32622
3093 -32622
3093 -32622
3093 -32622
3093 -32622
3093 -32622
3093 -32622
3093 -32622
3093 -32622
3062 -32625
3062 -32625
3062 -32625
3062 -32625
3062 -32625
3062 -32625
3062 -32625
3062 -32625
3062 -32625
3062 -32625
3030 -32628
3030 -32628
3030 -32628
3030 -32628
3030 -32628
3030 -32628
3030 -32628
3030 -32628
3030 -32628
3030 -32628
2999 -32631
2999 -32631
2999 -32631
2999 -32631
2999 -32631
2999 -32631
2999 -32631
2999 -32631
2999 -32631
2999 -32631
2966 -32634
2966 -32634
2966 -32634
2966 -32634
2966 -32634
2966 -32634
2966 -32634
2966 -32634
2966 -32634
2966 -32634
2934 -32637
2934 -32637
2934 -32637
2934 -32637
2934 -32637
2934 -32637
2934 -32637
2934 -32637
2934 -32637
2934 -32637
2902 -32639
2902 -32639
2902 -32639
2902 -32639
2902 -32639
2902 -32639
2902 -32639
2902 -32639
2902 -32639
2902 -32639
2871 -32643
2871 -32643
2871 -32643
2871 -32643
2871 -32643
2871 -32643
2871 -32643
2871 -32643
2871 -32643
2871 -32643
2839 -32646
2839 -32646
2839 -32646
2839 -32646
2839 -32646
2839 -32646
2839 -32646
2839 -32646
2839 -32646
2839 -32646
2839 -32646
2808 -32649
2808 -32649
2808 -32649
2824 -32645
2824 -32645
2824 -32645
2824 -32645
2792 -32648
2792 -32648
2792 -32648
2792 -32648
2792 -32648
2792 -32648
2792 -32648
2792 -32648
2792 -32648
2792 -32648
2760 -32651
2760 -32651
2760 -32651
2760 -32651
2760 -32651
2760 -32651
2760 -32651
2760 -32651
2760 -32651
2760 -32651
2760 -32651
2728 -32653
2728 -32653
2728 -32653
2728 -32653
2728 -32653
2728 -32653
2728 -32653
2728 -32653
2728 -32653
2728 -32653
2696 -32656
2696 -32656
2696 -32656
2696 -32656
2696 -32656
2696 -32656
2696 -32656
2696 -32656
2696 -32656
2696 -32656
2665 -32659
2665 -32659
2665 -32659
2665 -32659
2665 -32659
2665 -32659
2665 -32659
2665 -32659
2665 -32659
2665 -32659
2632 -32661
2632 -32661
2632 -32661
2632 -32661
2632 -32661
2632 -32661
2632 -32661
2632 -32661
2632 -32661
2632 -32661
2600 -32664
2600 -32664
2600 -32664
2600 -32664
2600 -32664
2600 -32664
2600 -32664
2600 -32664
2600 -32664
2600 -32664
2569 -32666
2569 -32666
2569 -32666
2569 -32666
2569 -32666
2569 -32666
2569 -32666
2569 -32666
2569 -32666
2569 -32666
2538 -32668
2538 -32668
2538 -32668
2538 -32668
2538 -32668
2538 -32668
2538 -32668
2538 -32668
2538 -32668
2538 -32668
2506 -32671
2506 -32671
2506 -32671
2506 -32671
2506 -32671
2506 -32671
2506 -32671
2506 -32671
2506 -32671
2506 -32671
2506 -32671
2474 -32673
2474 -32673
2474 -32673
2474 -32673
2474 -32673
2474 -32673
2474 -32673
2474 -32673
2474 -32673
2474 -32673
2442 -32675
2442 -32675
2442 -32675
2442 -32675
2442 -32675
2442 -32675
2442 -32675
2442 -32675
2442 -32675
2442 -32675
2410 -32678
2410 -32678
2427 -32676
2427 -32676
2427 -32676
2396 -32679
2396 -32679
2396 -32679
2396 -32679
2396 -32679
2396 -32679
2396 -32679
2396 -32679
2396 -32679
2396 -32679
2364 -32681
2364 -32681
2364 -32681
2364 -32681
2364 -32681
2364 -32681
2364 -32681
2364 -32681
2364 -32681
2364 -32681
2332 -32683
2332 -32683
2332 -32683
2332 -32683
2332 -32683
2332 -32683
2332 -32683
2332 -32683
2332 -32683
2332 -32683
2300 -32686
2300 -32686
2300 -32686
2300 -32686
2300 -32686
2300 -32686
2300 -32686
2300 -32686
2300 -32686
2300 -32686
2300 -32686
2268 -32688
2268 -32688
2268 -32688
2268 -32688
2268 -32688
2268 -32688
2268 -32688
2268 -32688
2268 -32688
2268 -32688
2236 -32691
2236 -32691
2236 -32691
2236 -32691
2236 -32691
2236 -32691
2236 -32691
2236 -32691
2236 -32691
2236 -32691
2206 -32693
2206 -32693
2206 -32693
2206 -32693
2206 -32693
2206 -32693
2206 -32693
2206 -32693
2206 -32693
2206 -32693
2173 -32695
2173 -32695
2173 -32695
2173 -32695
2173 -32695
2173 -32695
2173 -32695
2173 -32695
2173 -32695
2173 -32695
2141 -32698
2141 -32698
2141 -32698
2141 -32698
2141 -32698
2141 -32698
2141 -32698
2141 -32698
2141 -32698
2141 -32698
2109 -32699
2109 -32699
2109 -32699
2109 -32699
2109 -32699
2109 -32699
2109 -32699
2109 -32699
2109 -32699
2109 -32699
2078 -32701
2078 -32701
2078 -32701
2078 -32701
2078 -32701
2078 -32701
2078 -32701
2078 -32701
2078 -32701
2078 -32701
2045 -32704
2045 -32704
2045 -32704
2045 -32704
2045 -32704
2045 -32704
2045 -32704
2045 -32704
2045 -32704
2045 -32704
2045 -32704
2014 -32706
2014 -32706
2014 -32706
2026 -32705
2026 -32705
2026 -32705
2026 -32705
1994 -32708
1994 -32708
1994 -32708
1994 -32708
1994 -32708
1994 -32708
1994 -32708
1994 -32708
1994 -32708
1994 -32708
1962 -32709
1962 -32709
1962 -32709
1962 -32709
1962 -32709
1962 -32709
1962 -32709
1962 -32709
1962 -32709
1962 -32709
1962 -32709
1931 -32711
1931 -32711
1931 -32711
1931 -32711
1931 -32711
1931 -32711
1931 -32711
1931 -32711
1931 -32711
1931 -32711
1899 -32713
1899 -32713
1899 -32713
1899 -32713
1899 -32713
1899 -32713
1899 -32713
1899 -32713
1899 -32713
1899 -32713
1868 -32715
1868 -32715
1868 -32715
1868 -32715
1868 -32715
1868 -32715
1868 -32715
1868 -32715
1868 -32715
1868 -32715
1835 -32716
1835 -32716
1835 -32716
1835 -32716
1835 -32716
1835 -32716
1835 -32716
1835 -32716
1835 -32716
1835 -32716
1803 -32718
1803 -32718
1803 -32718
1803 -32718
1803 -32718
1803 -32718
1803 -32718
1803 -32718
1803 -32718
1803 -32718
1771 -32720
1771 -32720
1771 -32720
1771 -32720
1771 -32720
1771 -32720
1771 -32720
1771 -32720
1771 -32720
1771 -32720
1740 -32721
1740 -32721
1740 -32721
1740 -32721
1740 -32721
1740 -32721
1740 -32721
1740 -32721
1740 -32721
1740 -32721
1708 -32723
1708 -32723
1708 -32723
1708 -32723
1708 -32723
1708 -32723
1708 -32723
1708 -32723
1708 -32723
1708 -32723
1708 -32723
1676 -32724
1676 -32724
1676 -32724
1676 -32724
1676 -32724
1676 -32724
1676 -32724
1676 -32724
1676 -32724
1676 -32724
1644 -32726
1644 -32726
1644 -32726
1644 -32726
1644 -32726
1644 -32726
1644 -32726
1644 -32726
1644 -32726
1644 -32726
1612 -32727
1612 -32727
1629 -32727
1629 -32727
1629 -32727
1598 -32728
1598 -32728
1598 -32728
1598 -32728
1598 -32728
1598 -32728
1598 -32728
1598 -32728
1598 -32728
1598 -32728
1566 -32730
1566 -32730
1566 -32730
1566 -32730
1566 -32730
1566 -32730
1566 -32730
1566 -32730
1566 -32730
1566 -32730
1534 -32731
1534 -32731
1534 -32731
1534 -32731
1534 -32731
1534 -32731
1534 -32731
1534 -32731
1534 -32731
1534 -32731
1502 -32733
1502 -32733
1502 -32733
1502 -32733
1502 -32733
1502 -32733
1502 -32733
1502 -32733
1502 -32733
1502 -32733
1502 -32733
1470 -32734
1470 -32734
1470 -32734
1470 -32734
1470 -32734
1470 -32734
1470 -32734
1470 -32734
1470 -32734
1470 -32734
1438 -32736
1438 -32736
1438 -32736
1438 -32736
1438 -32736
1438 -32736
1438 -32736
1438 -32736
1438 -32736
1438 -32736
1407 -32738
1407 -32738
1407 -32738
1407 -32738
1407 -32738
1407 -32738
1407 -32738
1407 -32738
1407 -32738
1407 -32738
1374 -32739
1374 -32739
1374 -32739
1374 -32739
1374 -32739
1374 -32739
1374 -32739
1374 -32739
1374 -32739
1374 -32739
1342 -32741
1342 -32741
1342 -32741
1342 -32741
1342 -32741
1342 -32741
1342 -32741
1342 -32741
1342 -32741
1342 -32741
1310 -32741
1310 -32741
1310 -32741
1310 -32741
1310 -32741
1310 -32741
1310 -32741
1310 -32741
1310 -32741
1310 -32741
1279 -32743
1279 -32743
1279 -32743
1279 -32743
1279 -32743
1279 -32743
1279 -32743
1279 -32743
1279 -32743
1279 -32743
1246 -32745
1246 -32745
1246 -32745
1246 -32745
1246 -32745
1246 -32745
1246 -32745
1246 -32745
1246 -32745
1246 -32745
1246 -32745
1215 -32746
1215 -32746
1215 -32746
1196 -32746
1196 -32746
1196 -32746
1196 -32746
1164 -32748
1164 -32748
1164 -32748
1164 -32748
1164 -32748
1164 -32748
1164 -32748
1164 -32748
1164 -32748
1164 -32748
1132 -32749
1132 -32749
1132 -32749
1132 -32749
1132 -32749
1132 -32749
1132 -32749
1132 -32749
1132 -32749
1132 -32749
1132 -32749
1100 -32750
1100 -32750
1100 -32750
1100 -32750
1100 -32750
1100 -32750
1100 -32750
1100 -32750
1100 -32750
1100 -32750
1068 -32751
1068 -32751
1068 -32751
1068 -32751
1068 -32751
1068 -32751
1068 -32751
1068 -32751
1068 -32751
1068 -32751
1037 -32752
1037 -32752
1037 -32752
1037 -32752
1037 -32752
1037 -32752
1037 -32752
1037 -32752
1037 -32752
1037 -32752
1004 -32753
1004 -32753
1004 -32753
1004 -32753
1004 -32753
1004 -32753
1004 -32753
1004 -32753
1004 -32753
1004 -32753
972 -32754
972 -32754
972 -32754
972 -32754
972 -32754
972 -32754
972 -32754
972 -32754
972 -32754
972 -32754
940 -32754
940 -32754
940 -32754
940 -32754
940 -32754
940 -32754
940 -32754
940 -32754
940 -32754
940 -32754
909 -32755
909 -32755
909 -32755
909 -32755
909 -32755
909 -32755
909 -32755
909 -32755
909 -32755
909 -32755
877 -32756
877 -32756
877 -32756
877 -32756
877 -32756
877 -32756
877 -32756
877 -32756
877 -32756
877 -32756
877 -32756
845 -32757
845 -32757
845 -32757
845 -32757
845 -32757
845 -32757
845 -32757
845 -32757
845 -32757
845 -32757
813 -32757
813 -32757
813 -32757
813 -32757
813 -32757
813 -32757
813 -32757
813 -32757
813 -32757
813 -32757
781 -32758
781 -32758
798 -32758
798 -32758
798 -32758
767 -32759
767 -32759
767 -32759
767 -32759
767 -32759
767 -32759
767 -32759
767 -32759
767 -32759
767 -32759
735 -32759
735 -32759
735 -32759
735 -32759
735 -32759
735 -32759
735 -32759
735 -32759
735 -32759
735 -32759
703 -32760
703 -32760
703 -32760
703 -32760
703 -32760
703 -32760
703 -32760
703 -32760
703 -32760
703 -32760
671 -32761
671 -32761
671 -32761
671 -32761
671 -32761
671 -32761
671 -32761
671 -32761
671 -32761
671 -32761
671 -32761
639 -32762
639 -32762
639 -32762
639 -32762
639 -32762
639 -32762
639 -32762
639 -32762
639 -32762
639 -32762
607 -32762
607 -32762
607 -32762
607 -32762
607 -32762
607 -32762
607 -32762
607 -32762
607 -32762
607 -32762
576 -32763
576 -32763
576 -32763
576 -32763
576 -32763
576 -32763
576 -32763
576 -32763
576 -32763
576 -32763
543 -32764
543 -32764
543 -32764
543 -32764
543 -32764
543 -32764
543 -32764
543 -32764
543 -32764
543 -32764
511 -32765
511 -32765
511 -32765
511 -32765
511 -32765
511 -32765
511 -32765
511 -32765
511 -32765
511 -32765
479 -32764
479 -32764
479 -32764
479 -32764
479 -32764
479 -32764
479 -32764
479 -32764
479 -32764
479 -32764
448 -32765
448 -32765
448 -32765
448 -32765
448 -32765
448 -32765
448 -32765
448 -32765
448 -32765
448 -32765
415 -32766
415 -32766
415 -32766
415 -32766
415 -32766
415 -32766
415 -32766
415 -32766
415 -32766
415 -32766
415 -32766
384 -32767
384 -32767
384 -32767
414 -32765
414 -32765
414 -32765
414 -32765
382 -32766
382 -32766
382 -32766
382 -32766
382 -32766
382 -32766
382 -32766
382 -32766
382 -32766
382 -32766
350 -32766
350 -32766
350 -32766
350 -32766
350 -32766
350 -32766
350 -32766
350 -32766
350 -32766
350 -32766
350 -32766
318 -32766
318 -32766
318 -32766
318 -32766
318 -32766
318 -32766
318 -32766
318 -32766
318 -32766
318 -32766
286 -32767
286 -32767
286 -32767
286 -32767
286 -32767
286 -32767
286 -32767
286 -32767
286 -32767
286 -32767
255 -32767
255 -32767
255 -32767
255 -32767
255 -32767
255 -32767
255 -32767
255 -32767
255 -32767
255 -32767
222 -32767
222 -32767
222 -32767
222 -32767
222 -32767
222 -32767
222 -32767
222 -32767
222 -32767
222 -32767
190 -32767
190 -32767
190 -32767
190 -32767
190 -32767
190 -32767
190 -32767
190 -32767
190 -32767
190 -32767
158 -32767
158 -32767
158 -32767
158 -32767
158 -32767
158 -32767
158 -32767
158 -32767
158 -32767
158 -32767
127 -32767
127 -32767
127 -32767
127 -32767
127 -32767
127 -32767
127 -32767
127 -32767
127 -32767
127 -32767
95 -32767
95 -32767
95 -32767
95 -32767
95 -32767
95 -32767
95 -32767
95 -32767
95 -32767
95 -32767
95 -32767
63 -32767
63 -32767
63 -32767
63 -32767
63 -32767
63 -32767
63 -32767
63 -32767
63 -32767
63 -32767
31 -32767
31 -32767
31 -32767
31 -32767
31 -32767
31 -32767
31 -32767
31 -32767
31 -32767
31 -32767
-1 -32767
-1 -32767
16 -32767
16 -32767
16 -32767
-15 -32767
-15 -32767
-15 -32767
-15 -32767
-15 -32767
-15 -32767
-15 -32767
-15 -32767
-15 -32767
-15 -32767
-47 -32767
-47 -32767
-47 -32767
-47 -32767
-47 -32767
-47 -32767
-47 -32767
-47 -32767
-47 -32767
-47 -32767
-79 -32767
-79 -32767
-79 -32767
-79 -32767
-79 -32767
-79 -32767
-79 -32767
-79 -32767
-79 -32767
-79 -32767
-111 -32767
-111 -32767
-111 -32767
-111 -32767
-111 -32767
-111 -32767
-111 -32767
-111 -32767
-111 -32767
-111 -32767
-111 -32767
-143 -32767
-143 -32767
-143 -32767
-143 -32767
-143 -32767
-143 -32767
-143 -32767
-143 -32767
-143 -32767
-143 -32767
-175 -32767
-175 -32767
-175 -32767
-175 -32767
-175 -32767
-175 -32767
-175 -32767
-175 -32767
-175 -32767
-175 -32767
-206 -32767
-206 -32767
-206 -32767
-206 -32767
-206 -32767
-206 -32767
-206 -32767
-206 -32767
-206 -32767
-206 -32767
-239 -32767
-239 -32767
-239 -32767
-239 -32767
-239 -32767
-239 -32767
-239 -32767
-239 -32767
-239 -32767
-239 -32767
-271 -32767
-271 -32767
-271 -32767
-271 -32767
-271 -32767
-271 -32767
-271 -32767
-271 -32767
-271 -32767
-271 -32767
-303 -32766
-303 -32766
-303 -32766
-303 -32766
-303 -32766
-303 -32766
-303 -32766
-303 -32766
-303 -32766
-303 -32766
-334 -32766
-334 -32766
-334 -32766
-334 -32766
-334 -32766
-334 -32766
-334 -32766
-334 -32766
-334 -32766
-334 -32766
-367 -32766
-367 -32766
-367 -32766
-367 -32766
-367 -32766
-367 -32766
-367 -32766
-367 -32766
-367 -32766
-367 -32766
-367 -32766
-398 -32766
-398 -32766
-398 -32766
-384 -32766
-384 -32766
-384 -32766
-384 -32766
-416 -32766
-416 -32766
-416 -32766
-416 -32766
-416 -32766
-416 -32766
-416 -32766
-416 -32766
-416 -32766
-416 -32766
-448 -32765
-448 -32765
-448 -32765
-448 -32765
-448 -32765
-448 -32765
-448 -32765
-448 -32765
-448 -32765
-448 -32765
-448 -32765
-480 -32764
-480 -32764
-480 -32764
-480 -32764
-480 -32764
-480 -32764
-480 -32764
-480 -32764
-480 -32764
-480 -32764
-512 -32765
-512 -32765
-512 -32765
-512 -32765
-512 -32765
-512 -32765
-512 -32765
-512 -32765
-512 -32765
-512 -32765
-543 -32764
-543 -32764
-543 -32764
-543 -32764
-543 -32764
-543 -32764
-543 -32764
-543 -32764
-543 -32764
-543 -32764
-576 -32763
-576 -32763
-576 -32763
-576 -32763
-576 -32763
-576 -32763
-576 -32763
-576 -32763
-576 -32763
-576 -32763
-608 -32762
-608 -32762
-608 -32762
-608 -32762
-608 -32762
-608 -32762
-608 -32762
-608 -32762
-608 -32762
-608 -32762
-640 -32762
-640 -32762
-640 -32762
-640 -32762
-640 -32762
-640 -32762
-640 -32762
-640 -32762
-640 -32762
-640 -32762
-671 -32761
-671 -32761
-671 -32761
-671 -32761
-671 -32761
-671 -32761
-671 -32761
-671 -32761
-671 -32761
-671 -32761
-703 -32760
-703 -32760
-703 -32760
-703 -32760
-703 -32760
-703 -32760
-703 -32760
-703 -32760
-703 -32760
-703 -32760
-703 -32760
-735 -32759
-735 -32759
-735 -32759
-735 -32759
-735 -32759
-735 -32759
-735 -32759
-735 -32759
-735 -32759
-735 -32759
-767 -32759
-767 -32759
-767 -32759
-767 -32759
-767 -32759
-767 -32759
-767 -32759
-767 -32759
-767 -32759
-767 -32759
-799 -32758
-799 -32758
-782 -32758
-782 -32758
-782 -32758
-813 -32757
-813 -32757
-813 -32757
-813 -32757
-813 -32757
-813 -32757
-813 -32757
-813 -32757
-813 -32757
-813 -32757
-845 -32757
-845 -32757
-845 -32757
-845 -32757
-845 -32757
-845 -32757
-845 -32757
-845 -32757
-845 -32757
-845 -32757
-877 -32756
-877 -32756
-877 -32756
-877 -32756
-877 -32756
-877 -32756
-877 -32756
-877 -32756
-877 -32756
-877 -32756
-909 -32755
-909 -32755
-909 -32755
-909 -32755
-909 -32755
-909 -32755
-909 -32755
-909 -32755
-909 -32755
-909 -32755
-909 -32755
-941 -32754
-941 -32754
-941 -32754
-941 -32754
-941 -32754
-941 -32754
-941 -32754
-941 -32754
-941 -32754
-941 -32754
-973 -32754
-973 -32754
-973 -32754
-973 -32754
-973 -32754
-973 -32754
-973 -32754
-973 -32754
-973 -32754
-973 -32754
-1004 -32753
-1004 -32753
-1004 -32753
-1004 -32753
-1004 -32753
-1004 -32753
-1004 -32753
-1004 -32753
-1004 -32753
-1004 -32753
-1037 -32752
-1037 -32752
-1037 -32752
-1037 -32752
-1037 -32752
-1037 -32752
-1037 -32752
-1037 -32752
-1037 -32752
-1037 -32752
-1069 -32751
-1069 -32751
-1069 -32751
-1069 -32751
-1069 -32751
-1069 -32751
-1069 -32751
-1069 -32751
-1069 -32751
-1069 -32751
-1101 -32750
-1101 -32750
-1101 -32750
-1101 -32750
-1101 -32750
-1101 -32750
-1101 -32750
-1101 -32750
-1101 -32750
-1101 -32750
-1132 -32749
-1132 -32749
-1132 -32749
-1132 -32749
-1132 -32749
-1132 -32749
-1132 -32749
-1132 -32749
-1132 -32749
-1132 -32749
-1165 -32748
-1165 -32748
-1165 -32748
-1165 -32748
-1165 -32748
-1165 -32748
-1165 -32748
-1165 -32748
-1165 -32748
-1165 -32748
-1165 -32748
-1196 -32747
-1196 -32747
-1196 -32747
-1215 -32745
-1215 -32745
-1215 -32745
-1215 -32745
-1247 -32745
-1247 -32745
-1247 -32745
-1247 -32745
-1247 -32745
-1247 -32745
-1247 -32745
-1247 -32745
-1247 -32745
-1247 -32745
-1279 -32743
-1279 -32743
-1279 -32743
-1279 -32743
-1279 -32743
-1279 -32743
-1279 -32743
-1279 -32743
-1279 -32743
-1279 -32743
-1279 -32743
-1311 -32741
-1311 -32741
-1311 -32741
-1311 -32741
-1311 -32741
-1311 -32741
-1311 -32741
-1311 -32741
-1311 -32741
-1311 -32741
-1343 -32741
-1343 -32741
-1343 -32741
-1343 -32741
-1343 -32741
-1343 -32741
-1343 -32741
-1343 -32741
-1343 -32741
-1343 -32741
-1374 -32739
-1374 -32739
-1374 -32739
-1374 -32739
-1374 -32739
-1374 -32739
-1374 -32739
-1374 -32739
-1374 -32739
-1374 -32739
-1407 -32738
-1407 -32738
-1407 -32738
-1407 -32738
-1407 -32738
-1407 -32738
-1407 -32738
-1407 -32738
-1407 -32738
-1407 -32738
-1439 -32736
-1439 -32736
-1439 -32736
-1439 -32736
-1439 -32736
-1439 -32736
-1439 -32736
-1439 -32736
-1439 -32736
-1439 -32736
-1471 -32734
-1471 -32734
-1471 -32734
-1471 -32734
-1471 -32734
-1471 -32734
-1471 -32734
-1471 -32734
-1471 -32734
-1471 -32734
-1502 -32733
-1502 -32733
-1502 -32733
-1502 -32733
-1502 -32733
-1502 -32733
-1502 -32733
-1502 -32733
-1502 -32733
-1502 -32733
-1534 -32731
-1534 -32731
-1534 -32731
-1534 -32731
-1534 -32731
-1534 -32731
-1534 -32731
-1534 -32731
-1534 -32731
-1534 -32731
-1534 -32731
-1566 -32730
-1566 -32730
-1566 -32730
-1566 -32730
-1566 -32730
-1566 -32730
-1566 -32730
-1566 -32730
-1566 -32730
-1566 -32730
-1598 -32728
-1598 -32728
-1598 -32728
-1598 -32728
-1598 -32728
-1598 -32728
-1598 -32728
-1598 -32728
-1598 -32728
-1598 -32728
-1630 -32727
-1630 -32727
-1613 -32727
-1613 -32727
-1613 -32727
-1644 -32726
-1644 -32726
-1644 -32726
-1644 -32726
-1644 -32726
-1644 -32726
-1644 -32726
-1644 -32726
-1644 -32726
-1644 -32726
-1676 -32724
-1676 -32724
-1676 -32724
-1676 -32724
-1676 -32724
-1676 -32724
-1676 -32724
-1676 -32724
-1676 -32724
-1676 -32724
-1708 -32723
-1708 -32723
-1708 -32723
-1708 -32723
-1708 -32723
-1708 -32723
-1708 -32723
-1708 -32723
-1708 -32723
-1708 -32723
-1740 -32721
-1740 -32721
-1740 -32721
-1740 -32721
-1740 -32721
-1740 -32721
-1740 -32721
-1740 -32721
-1740 -32721
-1740 -32721
-1740 -32721
-1772 -32720
-1772 -32720
-1772 -32720
-1772 -32720
-1772 -32720
-1772 -32720
-1772 -32720
-1772 -32720
-1772 -32720
-1772 -32720
-1804 -32718
-1804 -32718
-1804 -32718
-1804 -32718
-1804 -32718
-1804 -32718
-1804 -32718
-1804 -32718
-1804 -32718
-1804 -32718
-1835 -32716
-1835 -32716
-1835 -32716
-1835 -32716
-1835 -32716
-1835 -32716
-1835 -32716
-1835 -32716
-1835 -32716
-1835 -32716
-1868 -32715
-1868 -32715
-1868 -32715
-1868 -32715
-1868 -32715
-1868 -32715
-1868 -32715
-1868 -32715
-1868 -32715
-1868 -32715
-1900 -32713
-1900 -32713
-1900 -32713
-1900 -32713
-1900 -32713
-1900 -32713
-1900 -32713
-1900 -32713
-1900 -32713
-1900 -32713
-1932 -32711
-1932 -32711
-1932 -32711
-1932 -32711
-1932 -32711
-1932 -32711
-1932 -32711
-1932 -32711
-1932 -32711
-1932 -32711
-1962 -32709
-1962 -32709
-1962 -32709
-1962 -32709
-1962 -32709
-1962 -32709
-1962 -32709
-1962 -32709
-1962 -32709
-1962 -32709
-1995 -32707
-1995 -32707
-1995 -32707
-1995 -32707
-1995 -32707
-1995 -32707
-1995 -32707
-1995 -32707
-1995 -32707
-1995 -32707
-1995 -32707
-2026 -32706
-2026 -32706
-2026 -32706
-2015 -32706
-2015 -32706
-2015 -32706
-2015 -32706
-2047 -32705
-2047 -32705
-2047 -32705
-2047 -32705
-2047 -32705
-2047 -32705
-2047 -32705
-2047 -32705
-2047 -32705
-2047 -32705
-2079 -32702
-2079 -32702
-2079 -32702
-2079 -32702
-2079 -32702
-2079 -32702
-2079 -32702
-2079 -32702
-2079 -32702
-2079 -32702
-2079 -32702
-2111 -32700
-2111 -32700
-2111 -32700
-2111 -32700
-2111 -32700
-2111 -32700
-2111 -32700
-2111 -32700
-2111 -32700
-2111 -32700
-2143 -32699
-2143 -32699
-2143 -32699
-2143 -32699
-2143 -32699
-2143 -32699
-2143 -32699
-2143 -32699
-2143 -32699
-2143 -32699
-2174 -32696
-2174 -32696
-2174 -32696
-2174 -32696
-2174 -32696
-2174 -32696
-2174 -32696
-2174 -32696
-2174 -32696
-2174 -32696
-2207 -32694
-2207 -32694
-2207 -32694
-2207 -32694
-2207 -32694
-2207 -32694
-2207 -32694
-2207 -32694
-2207 -32694
-2207 -32694
-2238 -32691
-2238 -32691
-2238 -32691
-2238 -32691
-2238 -32691
-2238 -32691
-2238 -32691
-2238 -32691
-2238 -32691
-2238 -32691
-2270 -32689
-2270 -32689
-2270 -32689
-2270 -32689
-2270 -32689
-2270 -32689
-2270 -32689
-2270 -32689
-2270 -32689
-2270 -32689
-2301 -32687
-2301 -32687
-2301 -32687
-2301 -32687
-2301 -32687
-2301 -32687
-2301 -32687
-2301 -32687
-2301 -32687
-2301 -32687
-2333 -32684
-2333 -32684
-2333 -32684
-2333 -32684
-2333 -32684
-2333 -32684
-2333 -32684
-2333 -32684
-2333 -32684
-2333 -32684
-2333 -32684
-2365 -32682
-2365 -32682
-2365 -32682
-2365 -32682
-2365 -32682
-2365 -32682
-2365 -32682
-2365 -32682
-2365 -32682
-2365 -32682
-2397 -32680
-2397 -32680
-2397 -32680
-2397 -32680
-2397 -32680
-2397 -32680
-2397 -32680
-2397 -32680
-2397 -32680
-2397 -32680
-2429 -32677
-2429 -32677
-2412 -32679
-2412 -32679
-2412 -32679
-2443 -32676
-2443 -32676
-2443 -32676
-2443 -32676
-2443 -32676
-2443 -32676
-2443 -32676
-2443 -32676
-2443 -32676
-2443 -32676
-2475 -32674
-2475 -32674
-2475 -32674
-2475 -32674
-2475 -32674
-2475 -32674
-2475 -32674
-2475 -32674
-2475 -32674
-2475 -32674
-2507 -32672
-2507 -32672
-2507 -32672
-2507 -32672
-2507 -32672
-2507 -32672
-2507 -32672
-2507 -32672
-2507 -32672
-2507 -32672
-2539 -32669
-2539 -32669
-2539 -32669
-2539 -32669
-2539 -32669
-2539 -32669
-2539 -32669
-2539 -32669
-2539 -32669
-2539 -32669
-2539 -32669
-2571 -32667
-2571 -32667
-2571 -32667
-2571 -32667
-2571 -32667
-2571 -32667
-2571 -32667
-2571 -32667
-2571 -32667
-2571 -32667
-2602 -32664
-2602 -32664
-2602 -32664
-2602 -32664
-2602 -32664
-2602 -32664
-2602 -32664
-2602 -32664
-2602 -32664
-2602 -32664
-2633 -32662
-2633 -32662
-2633 -32662
-2633 -32662
-2633 -32662
-2633 -32662
-2633 -32662
-2633 -32662
-2633 -32662
-2633 -32662
-2666 -32660
-2666 -32660
-2666 -32660
-2666 -32660
-2666 -32660
-2666 -32660
-2666 -32660
-2666 -32660
-2666 -32660
-2666 -32660
-2698 -32657
-2698 -32657
-2698 -32657
-2698 -32657
-2698 -32657
-2698 -32657
-2698 -32657
-2698 -32657
-2698 -32657
-2698 -32657
-2730 -32654
-2730 -32654
-2730 -32654
-2730 -32654
-2730 -32654
-2730 -32654
-2730 -32654
-2730 -32654
-2730 -32654
-2730 -32654
-2761 -32652
-2761 -32652
-2761 -32652
-2761 -32652
-2761 -32652
-2761 -32652
-2761 -32652
-2761 -32652
-2761 -32652
-2761 -32652
-2794 -32649
-2794 -32649
-2794 -32649
-2794 -32649
-2794 -32649
-2794 -32649
-2794 -32649
-2794 -32649
-2794 -32649
-2794 -32649
-2794 -32649
-2825 -32647
-2825 -32647
-2825 -32647
-2809 -32647
-2809 -32647
-2809 -32647
-2809 -32647
-2841 -32645
-2841 -32645
-2841 -32645
-2841 -32645
-2841 -32645
-2841 -32645
-2841 -32645
-2841 -32645
-2841 -32645
-2841 -32645
-2872 -32642
-2872 -32642
-2872 -32642
-2872 -32642
-2872 -32642
-2872 -32642
-2872 -32642
-2872 -32642
-2872 -32642
-2872 -32642
-2872 -32642
-2904 -32638
-2904 -32638
-2904 -32638
-2904 -32638
-2904 -32638
-2904 -32638
-2904 -32638
-2904 -32638
-2904 -32638
-2904 -32638
-2936 -32636
-2936 -32636
-2936 -32636
-2936 -32636
-2936 -32636
-2936 -32636
-2936 -32636
-2936 -32636
-2936 -32636
-2936 -32636
-2967 -32633
-2967 -32633
-2967 -32633
-2967 -32633
-2967 -32633
-2967 -32633
-2967 -32633
-2967 -32633
-2967 -32633
-2967 -32633
-3000 -32630
-3000 -32630
-3000 -32630
-3000 -32630
-3000 -32630
-3000 -32630
-3000 -32630
-3000 -32630
-3000 -32630
-3000 -32630
-3032 -32627
-3032 -32627
-3032 -32627
-3032 -32627
-3032 -32627
-3032 -32627
-3032 -32627
-3032 -32627
-3032 -32627
-3032 -32627
-3064 -32624
-3064 -32624
-3064 -32624
-3064 -32624
-3064 -32624
-3064 -32624
-3064 -32624
-3064 -32624
-3064 -32624
-3064 -32624
-3094 -32621
-3094 -32621
-3094 -32621
-3094 -32621
-3094 -32621
-3094 -32621
-3094 -32621
-3094 -32621
-3094 -32621
-3094 -32621
-3126 -32618
-3126 -32618
-3126 -32618
-3126 -32618
-3126 -32618
-3126 -32618
-3126 -32618
-3126 -32618
-3126 -32618
-3126 -32618
-3126 -32618
-3158 -32614
-3158 -32614
-3158 -32614
-3158 -32614
-3158 -32614
-3158 -32614
-3158 -32614
-3158 -32614
-3158 -32614
-3158 -32614
-3190 -32611
-3190 -32611
-3190 -32611
-3190 -32611
-3190 -32611
-3190 -32611
-3190 -32611
-3190 -32611
-3190 -32611
-3190 -32611
-3222 -32608
-3222 -32608
-3205 -32610
-3205 -32610
-3205 -32610
-3236 -32607
-3236 -32607
-3236 -32607
-3236 -32607
-3236 -32607
-3236 -32607
-3236 -32607
-3236 -32607
-3236 -32607
-3236 -32607
-3268 -32604
-3268 -32604
-3268 -32604
-3268 -32604
-3268 -32604
-3268 -32604
-3268 -32604
-3268 -32604
-3268 -32604
-3268 -32604
-3299 -32600
-3299 -32600
-3299 -32600
-3299 -32600
-3299 -32600
-3299 -32600
-3299 -32600
-3299 -32600
-3299 -32600
-3299 -32600
-3331 -32597
-3331 -32597
-3331 -32597
-3331 -32597
-3331 -32597
-3331 -32597
-3331 -32597
-3331 -32597
-3331 -32597
-3331 -32597
-3331 -32597
-3363 -32594
-3363 -32594
-3363 -32594
-3363 -32594
-3363 -32594
-3363 -32594
-3363 -32594
-3363 -32594
-3363 -32594
-3363 -32594
-3395 -32591
-3395 -32591
-3395 -32591
-3395 -32591
-3395 -32591
-3395 -32591
-3395 -32591
-3395 -32591
-3395 -32591
-3395 -32591
-3426 -32588
-3426 -32588
-3426 -32588
-3426 -32588
-3426 -32588
-3426 -32588
-3426 -32588
-3426 -32588
-3426 -32588
-3426 -32588
-3459 -32585
-3459 -32585
-3459 -32585
-3459 -32585
-3459 -32585
-3459 -32585
-3459 -32585
-3459 -32585
-3459 -32585
-3459 -32585
-3491 -32582
-3491 -32582
-3491 -32582
-3491 -32582
-3491 -32582
-3491 -32582
-3491 -32582
-3491 -32582
-3491 -32582
-3491 -32582
-3522 -32578
-3522 -32578
-3522 -32578
-3522 -32578
-3522 -32578
-3522 -32578
-3522 -32578
-3522 -32578
-3522 -32578
-3522 -32578
-3553 -32574
-3553 -32574
-3553 -32574
-3553 -32574
-3553 -32574
-3553 -32574
-3553 -32574
-3553 -32574
-3553 -32574
-3553 -32574
-3586 -32571
-3586 -32571
-3586 -32571
-3586 -32571
-3586 -32571
-3586 -32571
-3586 -32571
-3586 -32571
-3586 -32571
-3586 -32571
-3586 -32571
-3617 -32568
-3617 -32568
-3617 -32568
-3604 -32570
-3604 -32570
-3604 -32570
-3604 -32570
-3636 -32567
-3636 -32567
-3636 -32567
-3636 -32567
-3636 -32567
-3636 -32567
-3636 -32567
-3636 -32567
-3636 -32567
-3636 -32567
-3667 -32563
-3667 -32563
-3667 -32563
-3667 -32563
-3667 -32563
-3667 -32563
-3667 -32563
-3667 -32563
-3667 -32563
-3667 -32563
-3667 -32563
-3699 -32559
-3699 -32559
-3699 -32559
-3699 -32559
-3699 -32559
-3699 -32559
-3699 -32559
-3699 -32559
-3699 -32559
-3699 -32559
-3731 -32556
-3731 -32556
-3731 -32556
-3731 -32556
-3731 -32556
-3731 -32556
-3731 -32556
-3731 -32556
-3731 -32556
-3731 -32556
-3762 -32552
-3762 -32552
-3762 -32552
-3762 -32552
-3762 -32552
-3762 -32552
-3762 -32552
-3762 -32552
-3762 -32552
-3762 -32552
-3794 -32548
-3794 -32548
-3794 -32548
-3794 -32548
-3794 -32548
-3794 -32548
-3794 -32548
-3794 -32548
-3794 -32548
-3794 -32548
-3826 -32544
-3826 -32544
-3826 -32544
-3826 -32544
-3826 -32544
-3826 -32544
-3826 -32544
-3826 -32544
-3826 -32544
-3826 -32544
-3858 -32540
-3858 -32540
-3858 -32540
-3858 -32540
-3858 -32540
-3858 -32540
-3858 -32540
-3858 -32540
-3858 -32540
-3858 -32540
-3889 -32537
-3889 -32537
-3889 -32537
-3889 -32537
-3889 -32537
-3889 -32537
-3889 -32537
-3889 -32537
-3889 -32537
-3889 -32537
-3921 -32533
-3921 -32533
-3921 -32533
-3921 -32533
-3921 -32533
-3921 -32533
-3921 -32533
-3921 -32533
-3921 -32533
-3921 -32533
-3921 -32533
-3952 -32529
-3952 -32529
-3952 -32529
-3952 -32529
-3952 -32529
-3952 -32529
-3952 -32529
-3952 -32529
-3952 -32529
-3952 -32529
-3984 -32525
-3984 -32525
-3984 -32525
-3984 -32525
-3984 -32525
-3984 -32525
-3984 -32525
-3984 -32525
-3984 -32525
-3984 -32525
-4016 -32521
-4016 -32521
-3999 -32523
-3999 -32523
-3999 -32523
-4030 -32519
-4030 -32519
-4030 -32519
-4030 -32519
-4030 -32519
-4030 -32519
-4030 -32519
-4030 -32519
-4030 -32519
-4030 -32519
-4061 -32515
-4061 -32515
-4061 -32515
-4061 -32515
-4061 -32515
-4061 -32515
-4061 -32515
-4061 -32515
-4061 -32515
-4061 -32515
-4093 -32511
-4093 -32511
-4093 -32511
-4093 -32511
-4093 -32511
-4093 -32511
-4093 -32511
-4093 -32511
-4093 -32511
-4093 -32511
-4125 -32507
-4125 -32507
-4125 -32507
-4125 -32507
-4125 -32507
-4125 -32507
-4125 -32507
-4125 -32507
-4125 -32507
-4125 -32507
-4125 -32507
-4157 -32504
-4157 -32504
-4157 -32504
-4157 -32504
-4157 -32504
-4157 -32504
-4157 -32504
-4157 -32504
-4157 -32504
-4157 -32504
-4189 -32500
-4189 -32500
-4189 -32500
-4189 -32500
-4189 -32500
-4189 -32500
-4189 -32500
-4189 -32500
-4189 -32500
-4189 -32500
-4219 -32496
-4219 -32496
-4219 -32496
-4219 -32496
-4219 -32496
-4219 -32496
-4219 -32496
-4219 -32496
-4219 -32496
-4219 -32496
-4252 -32492
-4252 -32492
-4252 -32492
-4252 -32492
-4252 -32492
-4252 -32492
-4252 -32492
-4252 -32492
-4252 -32492
-4252 -32492
-4284 -32488
-4284 -32488
-4284 -32488
-4284 -32488
-4284 -32488
-4284 -32488
-4284 -32488
-4284 -32488
-4284 -32488
-4284 -32488
-4315 -32483
-4315 -32483
-4315 -32483
-4315 -32483
-4315 -32483
-4315 -32483
-4315 -32483
-4315 -32483
-4315 -32483
-4315 -32483
-4346 -32479
-4346 -32479
-4346 -32479
-4346 -32479
-4346 -32479
-4346 -32479
-4346 -32479
-4346 -32479
-4346 -32479
-4346 -32479
-4379 -32475
-4379 -32475
-4379 -32475
-4379 -32475
-4379 -32475
-4379 -32475
-4379 -32475
-4379 -32475
-4379 -32475
-4379 -32475
-4379 -32475
-4410 -32471
-4410 -32471
-4410 -32471
-4398 -32472
-4398 -32472
-4398 -32472
-4398 -32472
-4430 -32468
-4430 -32468
-4430 -32468
-4430 -32468
-4430 -32468
-4430 -32468
-4430 -32468
-4430 -32468
-4430 -32468
-4430 -32468
-4461 -32463
-4461 -32463
-4461 -32463
-4461 -32463
-4461 -32463
-4461 -32463
-4461 -32463
-4461 -32463
-4461 -32463
-4461 -32463
-4461 -32463
-4493 -32458
-4493 -32458
-4493 -32458
-4493 -32458
-4493 -32458
-4493 -32458
-4493 -32458
-4493 -32458
-4493 -32458
-4493 -32458
-4525 -32455
-4525 -32455
-4525 -32455
-4525 -32455
-4525 -32455
-4525 -32455
-4525 -32455
-4525 -32455
-4525 -32455
-4525 -32455
-4556 -32450
-4556 -32450
-4556 -32450
-4556 -32450
-4556 -32450
-4556 -32450
-4556 -32450
-4556 -32450
-4556 -32450
-4556 -32450
-4588 -32445
-4588 -32445
-4588 -32445
-4588 -32445
-4588 -32445
-4588 -32445
-4588 -32445
-4588 -32445
-4588 -32445
-4588 -32445
-4620 -32441
-4620 -32441
-4620 -32441
-4620 -32441
-4620 -32441
-4620 -32441
-4620 -32441
-4620 -32441
-4620 -32441
-4620 -32441
-4651 -32436
-4651 -32436
-4651 -32436
-4651 -32436
-4651 -32436
-4651 -32436
-4651 -32436
-4651 -32436
-4651 -32436
-4651 -32436
-4682 -32431
-4682 -32431
-4682 -32431
-4682 -32431
-4682 -32431
-4682 -32431
-4682 -32431
-4682 -32431
-4682 -32431
-4682 -32431
-4714 -32427
-4714 -32427
-4714 -32427
-4714 -32427
-4714 -32427
-4714 -32427
-4714 -32427
-4714 -32427
-4714 -32427
-4714 -32427
-4714 -32427
-4745 -32422
-4745 -32422
-4745 -32422
-4745 -32422
-4745 -32422
-4745 -32422
-4745 -32422
-4745 -32422
-4745 -32422
-4745 -32422
-4777 -32417
-4777 -32417
-4777 -32417
-4777 -32417
-4777 -32417
-4777 -32417
-4777 -32417
-4777 -32417
-4777 -32417
-4777 -32417
-4809 -32413
-4809 -32413
-4792 -32415
-4792 -32415
-4792 -32415
-4823 -32411
-4823 -32411
-4823 -32411
-4823 -32411
-4823 -32411
-4823 -32411
-4823 -32411
-4823 -32411
-4823 -32411
-4823 -32411
-4854 -32406
-4854 -32406
-4854 -32406
-4854 -32406
-4854 -32406
-4854 -32406
-4854 -32406
-4854 -32406
-4854 -32406
-4854 -32406
-4886 -32401
-4886 -32401
-4886 -32401
-4886 -32401
-4886 -32401
-4886 -32401
-4886 -32401
-4886 -32401
-4886 -32401
-4886 -32401
-4918 -32397
-4918 -32397
-4918 -32397
-4918 -32397
-4918 -32397
-4918 -32397
-4918 -32397
-4918 -32397
-4918 -32397
-4918 -32397
-4918 -32397
-4949 -32392
-4949 -32392
-4949 -32392
-4949 -32392
-4949 -32392
-4949 -32392
-4949 -32392
-4949 -32392
-4949 -32392
-4949 -32392
-4981 -32387
-4981 -32387
-4981 -32387
-4981 -32387
-4981 -32387
-4981 -32387
-4981 -32387
-4981 -32387
-4981 -32387
-4981 -32387
-5012 -32383
-5012 -32383
-5012 -32383
-5012 -32383
-5012 -32383
-5012 -32383
-5012 -32383
-5012 -32383
-5012 -32383
-5012 -32383
-5044 -32378
-5044 -32378
-5044 -32378
-5044 -32378
-5044 -32378
-5044 -32378
-5044 -32378
-5044 -32378
-5044 -32378
-5044 -32378
-5076 -32373
-5076 -32373
-5076 -32373
-5076 -32373
-5076 -32373
-5076 -32373
-5076 -32373
-5076 -32373
-5076 -32373
-5076 -32373
-5107 -32367
-5107 -32367
-5107 -32367
-5107 -32367
-5107 -32367
-5107 -32367
-5107 -32367
-5107 -32367
-5107 -32367
-5107 -32367
-5138 -32363
-5138 -32363
-5138 -32363
-5138 -32363
-5138 -32363
-5138 -32363
-5138 -32363
-5138 -32363
-5138 -32363
-5138 -32363
-5171 -32358
-5171 -32358
-5171 -32358
-5171 -32358
-5171 -32358
-5171 -32358
-5171 -32358
-5171 -32358
-5171 -32358
-5171 -32358
-5171 -32358
-5201 -32354
-5201 -32354
-5201 -32354
-5189 -32354
-5189 -32354
-5189 -32354
-5189 -32354
-5221 -32350
-5221 -32350
-5221 -32350
-5221 -32350
-5221 -32350
-5221 -32350
-5221 -32350
-5221 -32350
-5221 -32350
-5221 -32350
-5253 -32344
-5253 -32344
-5253 -32344
-5253 -32344
-5253 -32344
-5253 -32344
-5253 -32344
-5253 -32344
-5253 -32344
-5253 -32344
-5253 -32344
-5284 -32339
-5284 -32339
-5284 -32339
-5284 -32339
-5284 -32339
-5284 -32339
-5284 -32339
-5284 -32339
-5284 -32339
-5284 -32339
-5316 -32334
-5316 -32334
-5316 -32334
-5316 -32334
-5316 -32334
-5316 -32334
-5316 -32334
-5316 -32334
-5316 -32334
-5316 -32334
-5346 -32329
-5346 -32329
-5346 -32329
-5346 -32329
-5346 -32329
-5346 -32329
-5346 -32329
-5346 -32329
-5346 -32329
-5346 -32329
-5379 -32324
-5379 -32324
-5379 -32324
-5379 -32324
-5379 -32324
-5379 -32324
-5379 -32324
-5379 -32324
-5379 -32324
-5379 -32324
-5410 -32318
-5410 -32318
-5410 -32318
-5410 -32318
-5410 -32318
-5410 -32318
-5410 -32318
-5410 -32318
-5410 -32318
-5410 -32318
-5442 -32313
-5442 -32313
-5442 -32313
-5442 -32313
-5442 -32313
-5442 -32313
-5442 -32313
-5442 -32313
-5442 -32313
-5442 -32313
-5473 -32307
-5473 -32307
-5473 -32307
-5473 -32307
-5473 -32307
-5473 -32307
-5473 -32307
-5473 -32307
-5473 -32307
-5473 -32307
-5504 -32302
-5504 -32302
-5504 -32302
-5504 -32302
-5504 -32302
-5504 -32302
-5504 -32302
-5504 -32302
-5504 -32302
-5504 -32302
-5504 -32302
-5536 -32296
-5536 -32296
-5536 -32296
-5536 -32296
-5536 -32296
-5536 -32296
-5536 -32296
-5536 -32296
-5536 -32296
-5536 -32296
-5567 -32291
-5567 -32291
-5567 -32291
-5567 -32291
-5567 -32291
-5567 -32291
-5567 -32291
-5567 -32291
-5567 -32291
-5567 -32291
-5599 -32285
-5599 -32285
-5582 -32288
-5582 -32288
-5582 -32288
-5612 -32283
-5612 -32283
-5612 -32283
-5612 -32283
-5612 -32283
-5612 -32283
-5612 -32283
-5612 -32283
-5612 -32283
-5612 -32283
-5644 -32278
-5644 -32278
-5644 -32278
-5644 -32278
-5644 -32278
-5644 -32278
-5644 -32278
-5644 -32278
-5644 -32278
-5644 -32278
-5676 -32272
-5676 -32272
-5676 -32272
-5676 -32272
-5676 -32272
-5676 -32272
-5676 -32272
-5676 -32272
-5676 -32272
-5676 -32272
-5707 -32267
-5707 -32267
-5707 -32267
-5707 -32267
-5707 -32267
-5707 -32267
-5707 -32267
-5707 -32267
-5707 -32267
-5707 -32267
-5707 -32267
-5739 -32261
-5739 -32261
-5739 -32261
-5739 -32261
-5739 -32261
-5739 -32261
-5739 -32261
-5739 -32261
-5739 -32261
-5739 -32261
-5770 -32256
-5770 -32256
-5770 -32256
-5770 -32256
-5770 -32256
-5770 -32256
-5770 -32256
-5770 -32256
-5770 -32256
-5770 -32256
-5801 -32251
-5801 -32251
-5801 -32251
-5801 -32251
-5801 -32251
-5801 -32251
-5801 -32251
-5801 -32251
-5801 -32251
-5801 -32251
-5833 -32245
-5833 -32245
-5833 -32245
-5833 -32245
-5833 -32245
-5833 -32245
-5833 -32245
-5833 -32245
-5833 -32245
-5833 -32245
-5865 -32239
-5865 -32239
-5865 -32239
-5865 -32239
-5865 -32239
-5865 -32239
-5865 -32239
-5865 -32239
-5865 -32239
-5865 -32239
-5896 -32233
-5896 -32233
-5896 -32233
-5896 -32233
-5896 -32233
-5896 -32233
-5896 -32233
-5896 -32233
-5896 -32233
-5896 -32233
-5927 -32228
-5927 -32228
-5927 -32228
-5927 -32228
-5927 -32228
-5927 -32228
-5927 -32228
-5927 -32228
-5927 -32228
-5927 -32228
-5959 -32222
-5959 -32222
-5959 -32222
-5959 -32222
-5959 -32222
-5959 -32222
-5959 -32222
-5959 -32222
-5959 -32222
-5959 -32222
-5959 -32222
-5990 -32217
-5990 -32217
-5990 -32217
-6008 -32213
-6008 -32213
-6008 -32213
-6008 -32213
-6040 -32208
-6040 -32208
-6040 -32208
-6040 -32208
-6040 -32208
-6040 -32208
-6040 -32208
-6040 -32208
-6040 -32208
-6040 -32208
-6071 -32202
-6071 -32202
-6071 -32202
-6071 -32202
-6071 -32202
-6071 -32202
-6071 -32202
-6071 -32202
-6071 -32202
-6071 -32202
-6071 -32202
-6103 -32196
-6103 -32196
-6103 -32196
-6103 -32196
-6103 -32196
-6103 -32196
-6103 -32196
-6103 -32196
-6103 -32196
-6103 -32196
-6134 -32190
-6134 -32190
-6134 -32190
-6134 -32190
-6134 -32190
-6134 -32190
-6134 -32190
-6134 -32190
-6134 -32190
-6134 -32190
-6165 -32184
-6165 -32184
-6165 -32184
-6165 -32184
-6165 -32184
-6165 -32184
-6165 -32184
-6165 -32184
-6165 -32184
-6165 -32184
-6197 -32178
-6197 -32178
-6197 -32178
-6197 -32178
-6197 -32178
-6197 -32178
-6197 -32178
-6197 -32178
-6197 -32178
-6197 -32178
-6228 -32172
-6228 -32172
-6228 -32172
-6228 -32172
-6228 -32172
-6228 -32172
-6228 -32172
-6228 -32172
-6228 -32172
-6228 -32172
-6260 -32165
-6260 -32165
-6260 -32165
-6260 -32165
-6260 -32165
-6260 -32165
-6260 -32165
-6260 -32165
-6260 -32165
-6260 -32165
-6290 -32159
-6290 -32159
-6290 -32159
-6290 -32159
-6290 -32159
-6290 -32159
-6290 -32159
-6290 -32159
-6290 -32159
-6290 -32159
-6321 -32153
-6321 -32153
-6321 -32153
-6321 -32153
-6321 -32153
-6321 -32153
-6321 -32153
-6321 -32153
-6321 -32153
-6321 -32153
-6321 -32153
-6353 -32147
-6353 -32147
-6353 -32147
-6353 -32147
-6353 -32147
-6353 -32147
-6353 -32147
-6353 -32147
-6353 -32147
-6353 -32147
-6384 -32141
-6384 -32141
-6384 -32141
-6384 -32141
-6384 -32141
-6384 -32141
-6384 -32141
-6384 -32141
-6384 -32141
-6384 -32141
-6416 -32134
-6416 -32134
-6399 -32138
-6399 -32138
-6399 -32138
-6429 -32132
-6429 -32132
-6429 -32132
-6429 -32132
-6429 -32132
-6429 -32132
-6429 -32132
-6429 -32132
-6429 -32132
-6429 -32132
-6461 -32125
-6461 -32125
-6461 -32125
-6461 -32125
-6461 -32125
-6461 -32125
-6461 -32125
-6461 -32125
-6461 -32125
-6461 -32125
-6492 -32119
-6492 -32119
-6492 -32119
-6492 -32119
-6492 -32119
-6492 -32119
-6492 -32119
-6492 -32119
-6492 -32119
-6492 -32119
-6524 -32113
-6524 -32113
-6524 -32113
-6524 -32113
-6524 -32113
-6524 -32113
-6524 -32113
-6524 -32113
-6524 -32113
-6524 -32113
-6524 -32113
-6555 -32106
-6555 -32106
-6555 -32106
-6555 -32106
-6555 -32106
-6555 -32106
-6555 -32106
-6555 -32106
-6555 -32106
-6555 -32106
-6586 -32100
-6586 -32100
-6586 -32100
-6586 -32100
-6586 -32100
-6586 -32100
-6586 -32100
-6586 -32100
-6586 -32100
-6586 -32100
-6617 -32094
-6617 -32094
-6617 -32094
-6617 -32094
-6617 -32094
-6617 -32094
-6617 -32094
-6617 -32094
-6617 -32094
-6617 -32094
-6649 -32088
-6649 -32088
-6649 -32088
-6649 -32088
-6649 -32088
-6649 -32088
-6649 -32088
-6649 -32088
-6649 -32088
-6649 -32088
-6680 -32081
-6680 -32081
-6680 -32081
-6680 -32081
-6680 -32081
-6680 -32081
-6680 -32081
-6680 -32081
-6680 -32081
-6680 -32081
-6712 -32074
-6712 -32074
-6712 -32074
-6712 -32074
-6712 -32074
-6712 -32074
-6712 -32074
-6712 -32074
-6712 -32074
-6712 -32074
-6742 -32068
-6742 -32068
-6742 -32068
-6742 -32068
-6742 -32068
-6742 -32068
-6742 -32068
-6742 -32068
-6742 -32068
-6742 -32068
-6774 -32062
-6774 -32062
-6774 -32062
-6774 -32062
-6774 -32062
-6774 -32062
-6774 -32062
-6774 -32062
-6774 -32062
-6774 -32062
-6774 -32062
-6805 -32056
-6805 -32056
-6805 -32056
-6789 -32056
-6789 -32056
-6789 -32056
-6789 -32056
-6821 -32050
-6821 -32050
-6821 -32050
-6821 -32050
-6821 -32050
-6821 -32050
-6821 -32050
-6821 -32050
-6821 -32050
-6821 -32050
-6852 -32043
-6852 -32043
-6852 -32043
-6852 -32043
-6852 -32043
-6852 -32043
-6852 -32043
-6852 -32043
-6852 -32043
-6852 -32043
-6852 -32043
-6883 -32036
-6883 -32036
-6883 -32036
-6883 -32036
-6883 -32036
-6883 -32036
-6883 -32036
-6883 -32036
-6883 -32036
-6883 -32036
-6915 -32030
-6915 -32030
-6915 -32030
-6915 -32030
-6915 -32030
-6915 -32030
-6915 -32030
-6915 -32030
-6915 -32030
-6915 -32030
-6945 -32023
-6945 -32023
-6945 -32023
-6945 -32023
-6945 -32023
-6945 -32023
-6945 -32023
-6945 -32023
-6945 -32023
-6945 -32023
-6977 -32016
-6977 -32016
-6977 -32016
-6977 -32016
-6977 -32016
-6977 -32016
-6977 -32016
-6977 -32016
-6977 -32016
-6977 -32016
-7008 -32009
-7008 -32009
-7008 -32009
-7008 -32009
-7008 -32009
-7008 -32009
-7008 -32009
-7008 -32009
-7008 -32009
-7008 -32009
-7039 -32002
-7039 -32002
-7039 -32002
-7039 -32002
-7039 -32002
-7039 -32002
-7039 -32002
-7039 -32002
-7039 -32002
-7039 -32002
-7070 -31995
-7070 -31995
-7070 -31995
-7070 -31995
-7070 -31995
-7070 -31995
-7070 -31995
-7070 -31995
-7070 -31995
-7070 -31995
-7101 -31988
-7101 -31988
-7101 -31988
-7101 -31988
-7101 -31988
-7101 -31988
-7101 -31988
-7101 -31988
-7101 -31988
-7101 -31988
-7101 -31988
-7132 -31981
-7132 -31981
-7132 -31981
-7132 -31981
-7132 -31981
-7132 -31981
-7132 -31981
-7132 -31981
-7132 -31981
-7132 -31981
-7163 -31974
-7163 -31974
-7163 -31974
-7163 -31974
-7163 -31974
-7163 -31974
-7163 -31974
-7163 -31974
-7163 -31974
-7163 -31974
-7195 -31967
-7195 -31967
-7178 -31971
-7178 -31971
-7178 -31971
-7208 -31964
-7208 -31964
-7208 -31964
-7208 -31964
-7208 -31964
-7208 -31964
-7208 -31964
-7208 -31964
-7208 -31964
-7208 -31964
-7239 -31957
-7239 -31957
-7239 -31957
-7239 -31957
-7239 -31957
-7239 -31957
-7239 -31957
-7239 -31957
-7239 -31957
-7239 -31957
-7271 -31950
-7271 -31950
-7271 -31950
-7271 -31950
-7271 -31950
-7271 -31950
-7271 -31950
-7271 -31950
-7271 -31950
-7271 -31950
-7302 -31943
-7302 -31943
-7302 -31943
-7302 -31943
-7302 -31943
-7302 -31943
-7302 -31943
-7302 -31943
-7302 -31943
-7302 -31943
-7302 -31943
-7333 -31936
-7333 -31936
-7333 -31936
-7333 -31936
-7333 -31936
-7333 -31936
-7333 -31936
-7333 -31936
-7333 -31936
-7333 -31936
-7364 -31929
-7364 -31929
-7364 -31929
-7364 -31929
-7364 -31929
-7364 -31929
-7364 -31929
-7364 -31929
-7364 -31929
-7364 -31929
-7395 -31922
-7395 -31922
-7395 -31922
-7395 -31922
-7395 -31922
-7395 -31922
-7395 -31922
-7395 -31922
-7395 -31922
-7395 -31922
-7427 -31915
-7427 -31915
-7427 -31915
-7427 -31915
-7427 -31915
-7427 -31915
-7427 -31915
-7427 -31915
-7427 -31915
-7427 -31915
-7458 -31908
-7458 -31908
-7458 -31908
-7458 -31908
-7458 -31908
-7458 -31908
-7458 -31908
-7458 -31908
-7458 -31908
-7458 -31908
-7489 -31900
-7489 -31900
-7489 -31900
-7489 -31900
-7489 -31900
-7489 -31900
-7489 -31900
-7489 -31900
-7489 -31900
-7489 -31900
-7519 -31893
-7519 -31893
-7519 -31893
-7519 -31893
-7519 -31893
-7519 -31893
-7519 -31893
-7519 -31893
-7519 -31893
-7519 -31893
-7551 -31886
-7551 -31886
-7551 -31886
-7551 -31886
-7551 -31886
-7551 -31886
-7551 -31886
-7551 -31886
-7551 -31886
-7551 -31886
-7551 -31886
-7582 -31879
-7582 -31879
-7582 -31879
-7569 -31882
-7569 -31882
-7569 -31882
-7569 -31882
-7601 -31875
-7601 -31875
-7601 -31875
-7601 -31875
-7601 -31875
-7601 -31875
-7601 -31875
-7601 -31875
-7601 -31875
-7601 -31875
-7632 -31867
-7632 -31867
-7632 -31867
-7632 -31867
-7632 -31867
-7632 -31867
-7632 -31867
-7632 -31867
-7632 -31867
-7632 -31867
-7632 -31867
-7663 -31859
-7663 -31859
-7663 -31859
-7663 -31859
-7663 -31859
-7663 -31859
-7663 -31859
-7663 -31859
-7663 -31859
-7663 -31859
-7694 -31853
-7694 -31853
-7694 -31853
-7694 -31853
-7694 -31853
-7694 -31853
-7694 -31853
-7694 -31853
-7694 -31853
-7694 -31853
-7724 -31845
-7724 -31845
-7724 -31845
-7724 -31845
-7724 -31845
-7724 -31845
-7724 -31845
-7724 -31845
-7724 -31845
-7724 -31845
-7756 -31837
-7756 -31837
-7756 -31837
-7756 -31837
-7756 -31837
-7756 -31837
-7756 -31837
-7756 -31837
-7756 -31837
-7756 -31837
-7787 -31829
-7787 -31829
-7787 -31829
-7787 -31829
-7787 -31829
-7787 -31829
-7787 -31829
-7787 -31829
-7787 -31829
-7787 -31829
-7818 -31821
-7818 -31821
-7818 -31821
-7818 -31821
-7818 -31821
-7818 -31821
-7818 -31821
-7818 -31821
-7818 -31821
-7818 -31821
-7848 -31814
-7848 -31814
-7848 -31814
-7848 -31814
-7848 -31814
-7848 -31814
-7848 -31814
-7848 -31814
-7848 -31814
-7848 -31814
-7879 -31806
-7879 -31806
-7879 -31806
-7879 -31806
-7879 -31806
-7879 -31806
-7879 -31806
-7879 -31806
-7879 -31806
-7879 -31806
-7879 -31806
-7910 -31798
-7910 -31798
-7910 -31798
-7910 -31798
-7910 -31798
-7910 -31798
-7910 -31798
-7910 -31798
-7910 -31798
-7910 -31798
-7941 -31791
-7941 -31791
-7941 -31791
-7941 -31791
-7941 -31791
-7941 -31791
-7941 -31791
-7941 -31791
-7941 -31791
-7941 -31791
-7972 -31783
-7972 -31783
-7956 -31787
-7956 -31787
-7956 -31787
-7986 -31779
-7986 -31779
-7986 -31779
-7986 -31779
-7986 -31779
-7986 -31779
-7986 -31779
-7986 -31779
-7986 -31779
-7986 -31779
-8017 -31772
-8017 -31772
-8017 -31772
-8017 -31772
-8017 -31772
-8017 -31772
-8017 -31772
-8017 -31772
-8017 -31772
-8017 -31772
-8048 -31764
-8048 -31764
-8048 -31764
-8048 -31764
-8048 -31764
-8048 -31764
-8048 -31764
-8048 -31764
-8048 -31764
-8048 -31764
-8079 -31756
-8079 -31756
-8079 -31756
-8079 -31756
-8079 -31756
-8079 -31756
-8079 -31756
-8079 -31756
-8079 -31756
-8079 -31756
-8079 -31756
-8110 -31748
-8110 -31748
-8110 -31748
-8110 -31748
-8110 -31748
-8110 -31748
-8110 -31748
-8110 -31748
-8110 -31748
-8110 -31748
-8141 -31741
-8141 -31741
-8141 -31741
-8141 -31741
-8141 -31741
-8141 -31741
-8141 -31741
-8141 -31741
-8141 -31741
-8141 -31741
-8171 -31733
-8171 -31733
-8171 -31733
-8171 -31733
-8171 -31733
-8171 -31733
-8171 -31733
-8171 -31733
-8171 -31733
-8171 -31733
-8203 -31725
-8203 -31725
-8203 -31725
-8203 -31725
-8203 -31725
-8203 -31725
-8203 -31725
-8203 -31725
-8203 -31725
-8203 -31725
-8234 -31717
-8234 -31717
-8234 -31717
-8234 -31717
-8234 -31717
-8234 -31717
-8234 -31717
-8234 -31717
-8234 -31717
-8234 -31717
-8265 -31708
-8265 -31708
-8265 -31708
-8265 -31708
-8265 -31708
-8265 -31708
-8265 -31708
-8265 -31708
-8265 -31708
-8265 -31708
-8295 -31701
-8295 -31701
-8295 -31701
-8295 -31701
-8295 -31701
-8295 -31701
-8295 -31701
-8295 -31701
-8295 -31701
-8295 -31701
-8327 -31693
-8327 -31693
-8327 -31693
-8327 -31693
-8327 -31693
-8327 -31693
-8327 -31693
-8327 -31693
-8327 -31693
-8327 -31693
-8327 -31693
-8357 -31685
-8357 -31685
-8357 -31685
-8345 -31687
-8345 -31687
-8345 -31687
-8345 -31687
-8376 -31680
-8376 -31680
-8376 -31680
-8376 -31680
-8376 -31680
-8376 -31680
-8376 -31680
-8376 -31680
-8376 -31680
-8376 -31680
-8407 -31671
-8407 -31671
-8407 -31671
-8407 -31671
-8407 -31671
-8407 -31671
-8407 -31671
-8407 -31671
-8407 -31671
-8407 -31671
-8407 -31671
-8438 -31663
-8438 -31663
-8438 -31663
-8438 -31663
-8438 -31663
-8438 -31663
-8438 -31663
-8438 -31663
-8438 -31663
-8438 -31663
-8469 -31655
-8469 -31655
-8469 -31655
-8469 -31655
-8469 -31655
-8469 -31655
-8469 -31655
-8469 -31655
-8469 -31655
-8469 -31655
-8499 -31647
-8499 -31647
-8499 -31647
-8499 -31647
-8499 -31647
-8499 -31647
-8499 -31647
-8499 -31647
-8499 -31647
-8499 -31647
-8530 -31638
-8530 -31638
-8530 -31638
-8530 -31638
-8530 -31638
-8530 -31638
-8530 -31638
-8530 -31638
-8530 -31638
-8530 -31638
-8561 -31630
-8561 -31630
-8561 -31630
-8561 -31630
-8561 -31630
-8561 -31630
-8561 -31630
-8561 -31630
-8561 -31630
-8561 -31630
-8592 -31621
-8592 -31621
-8592 -31621
-8592 -31621
-8592 -31621
-8592 -31621
-8592 -31621
-8592 -31621
-8592 -31621
-8592 -31621
-8622 -31613
-8622 -31613
-8622 -31613
-8622 -31613
-8622 -31613
-8622 -31613
-8622 -31613
-8622 -31613
-8622 -31613
-8622 -31613
-8653 -31604
-8653 -31604
-8653 -31604
-8653 -31604
-8653 -31604
-8653 -31604
-8653 -31604
-8653 -31604
-8653 -31604
-8653 -31604
-8653 -31604
-8684 -31596
-8684 -31596
-8684 -31596
-8684 -31596
-8684 -31596
-8684 -31596
-8684 -31596
-8684 -31596
-8684 -31596
-8684 -31596
-8715 -31587
-8715 -31587
-8715 -31587
-8715 -31587
-8715 -31587
-8715 -31587
-8715 -31587
-8715 -31587
-8715 -31587
-8715 -31587
-8745 -31579
-8745 -31579
-8729 -31583
-8729 -31583
-8729 -31583
-8759 -31575
-8759 -31575
-8759 -31575
-8759 -31575
-8759 -31575
-8759 -31575
-8759 -31575
-8759 -31575
-8759 -31575
-8759 -31575
-8790 -31566
-8790 -31566
-8790 -31566
-8790 -31566
-8790 -31566
-8790 -31566
-8790 -31566
-8790 -31566
-8790 -31566
-8790 -31566
-8821 -31558
-8821 -31558
-8821 -31558
-8821 -31558
-8821 -31558
-8821 -31558
-8821 -31558
-8821 -31558
-8821 -31558
-8821 -31558
-8851 -31549
-8851 -31549
-8851 -31549
-8851 -31549
-8851 -31549
-8851 -31549
-8851 -31549
-8851 -31549
-8851 -31549
-8851 -31549
-8851 -31549
-8882 -31541
-8882 -31541
-8882 -31541
-8882 -31541
-8882 -31541
-8882 -31541
-8882 -31541
-8882 -31541
-8882 -31541
-8882 -31541
-8913 -31532
-8913 -31532
-8913 -31532
-8913 -31532
-8913 -31532
-8913 -31532
-8913 -31532
-8913 -31532
-8913 -31532
-8913 -31532
-8943 -31524
-8943 -31524
-8943 -31524
-8943 -31524
-8943 -31524
-8943 -31524
-8943 -31524
-8943 -31524
-8943 -31524
-8943 -31524
-8975 -31515
-8975 -31515
-8975 -31515
-8975 -31515
-8975 -31515
-8975 -31515
-8975 -31515
-8975 -31515
-8975 -31515
-8975 -31515
-9006 -31507
-9006 -31507
-9006 -31507
-9006 -31507
-9006 -31507
-9006 -31507
-9006 -31507
-9006 -31507
-9006 -31507
-9006 -31507
-9036 -31497
-9036 -31497
-9036 -31497
-9036 -31497
-9036 -31497
-9036 -31497
-9036 -31497
-9036 -31497
-9036 -31497
-9036 -31497
-9066 -31489
-9066 -31489
-9066 -31489
-9066 -31489
-9066 -31489
-9066 -31489
-9066 -31489
-9066 -31489
-9066 -31489
-9066 -31489
-9098 -31480
-9098 -31480
-9098 -31480
-9098 -31480
-9098 -31480
-9098 -31480
-9098 -31480
-9098 -31480
-9098 -31480
-9098 -31480
-9098 -31480
-9128 -31472
-9128 -31472
-9128 -31472
-9116 -31475
-9116 -31475
-9116 -31475
-9116 -31475
-9146 -31467
-9146 -31467
-9146 -31467
-9146 -31467
-9146 -31467
-9146 -31467
-9146 -31467
-9146 -31467
-9146 -31467
-9146 -31467
-9177 -31457
-9177 -31457
-9177 -31457
-9177 -31457
-9177 -31457
-9177 -31457
-9177 -31457
-9177 -31457
-9177 -31457
-9177 -31457
-9177 -31457
-9208 -31448
-9208 -31448
-9208 -31448
-9208 -31448
-9208 -31448
-9208 -31448
-9208 -31448
-9208 -31448
-9208 -31448
-9208 -31448
-9239 -31440
-9239 -31440
-9239 -31440
-9239 -31440
-9239 -31440
-9239 -31440
-9239 -31440
-9239 -31440
-9239 -31440
-9239 -31440
-9268 -31431
-9268 -31431
-9268 -31431
-9268 -31431
-9268 -31431
-9268 -31431
-9268 -31431
-9268 -31431
-9268 -31431
-9268 -31431
-9300 -31421
-9300 -31421
-9300 -31421
-9300 -31421
-9300 -31421
-9300 -31421
-9300 -31421
-9300 -31421
-9300 -31421
-9300 -31421
-9331 -31412
-9331 -31412
-9331 -31412
-9331 -31412
-9331 -31412
-9331 -31412
-9331 -31412
-9331 -31412
-9331 -31412
-9331 -31412
-9361 -31403
-9361 -31403
-9361 -31403
-9361 -31403
-9361 -31403
-9361 -31403
-9361 -31403
-9361 -31403
-9361 -31403
-9361 -31403
-9391 -31394
-9391 -31394
-9391 -31394
-9391 -31394
-9391 -31394
-9391 -31394
-9391 -31394
-9391 -31394
-9391 -31394
-9391 -31394
-9421 -31384
-9421 -31384
-9421 -31384
-9421 -31384
-9421 -31384
-9421 -31384
-9421 -31384
-9421 -31384
-9421 -31384
-9421 -31384
-9421 -31384
-9452 -31375
-9452 -31375
-9452 -31375
-9452 -31375
-9452 -31375
-9452 -31375
-9452 -31375
-9452 -31375
-9452 -31375
-9452 -31375
-9483 -31366
-9483 -31366
-9483 -31366
-9483 -31366
-9483 -31366
-9483 -31366
-9483 -31366
-9483 -31366
-9483 -31366
-9483 -31366
-9513 -31356
-9513 -31356
-9497 -31361
-9497 -31361
-9497 -31361
-9527 -31352
-9527 -31352
-9527 -31352
-9527 -31352
-9527 -31352
-9527 -31352
-9527 -31352
-9527 -31352
-9527 -31352
-9527 -31352
-9557 -31343
-9557 -31343
-9557 -31343
-9557 -31343
-9557 -31343
-9557 -31343
-9557 -31343
-9557 -31343
-9557 -31343
-9557 -31343
-9588 -31334
-9588 -31334
-9588 -31334
-9588 -31334
-9588 -31334
-9588 -31334
-9588 -31334
-9588 -31334
-9588 -31334
-9588 -31334
-9619 -31325
-9619 -31325
-9619 -31325
-9619 -31325
-9619 -31325
-9619 -31325
-9619 -31325
-9619 -31325
-9619 -31325
-9619 -31325
-9619 -31325
-9649 -31315
-9649 -31315
-9649 -31315
-9649 -31315
-9649 -31315
-9649 -31315
-9649 -31315
-9649 -31315
-9649 -31315
-9649 -31315
-9680 -31306
-9680 -31306
-9680 -31306
-9680 -31306
-9680 -31306
-9680 -31306
-9680 -31306
-9680 -31306
-9680 -31306
-9680 -31306
-9710 -31297
-9710 -31297
-9710 -31297
-9710 -31297
-9710 -31297
-9710 -31297
-9710 -31297
-9710 -31297
-9710 -31297
-9710 -31297
-9741 -31287
-9741 -31287
-9741 -31287
-9741 -31287
-9741 -31287
-9741 -31287
-9741 -31287
-9741 -31287
-9741 -31287
-9741 -31287
-9772 -31278
-9772 -31278
-9772 -31278
-9772 -31278
-9772 -31278
-9772 -31278
-9772 -31278
-9772 -31278
-9772 -31278
-9772 -31278
-9802 -31268
-9802 -31268
-9802 -31268
-9802 -31268
-9802 -31268
-9802 -31268
-9802 -31268
-9802 -31268
-9802 -31268
-9802 -31268
-9832 -31259
-9832 -31259
-9832 -31259
-9832 -31259
-9832 -31259
-9832 -31259
-9832 -31259
-9832 -31259
-9832 -31259
-9832 -31259
-9863 -31249
-9863 -31249
-9863 -31249
-9863 -31249
-9863 -31249
-9863 -31249
-9863 -31249
-9863 -31249
-9863 -31249
-9863 -31249
-9863 -31249
-9893 -31240
-9893 -31240
-9893 -31240
-9881 -31243
-9881 -31243
-9881 -31243
-9881 -31243
-9912 -31234
-9912 -31234
-9912 -31234
-9912 -31234
-9912 -31234
-9912 -31234
-9912 -31234
-9912 -31234
-9912 -31234
-9912 -31234
-9943 -31224
-9943 -31224
-9943 -31224
-9943 -31224
-9943 -31224
-9943 -31224
-9943 -31224
-9943 -31224
-9943 -31224
-9943 -31224
-9943 -31224
-9973 -31214
-9973 -31214
-9973 -31214
-9973 -31214
-9973 -31214
-9973 -31214
-9973 -31214
-9973 -31214
-9973 -31214
-9973 -31214
-10004 -31205
-10004 -31205
-10004 -31205
-10004 -31205
-10004 -31205
-10004 -31205
-10004 -31205
-10004 -31205
-10004 -31205
-10004 -31205
-10033 -31195
-10033 -31195
-10033 -31195
-10033 -31195
-10033 -31195
-10033 -31195
-10033 -31195
-10033 -31195
-10033 -31195
-10033 -31195
-10064 -31185
-10064 -31185
-10064 -31185
-10064 -31185
-10064 -31185
-10064 -31185
-10064 -31185
-10064 -31185
-10064 -31185
-10064 -31185
-10095 -31175
-10095 -31175
-10095 -31175
-10095 -31175
-10095 -31175
-10095 -31175
-10095 -31175
-10095 -31175
-10095 -31175
-10095 -31175
-10125 -31165
-10125 -31165
-10125 -31165
-10125 -31165
-10125 -31165
-10125 -31165
-10125 -31165
-10125 -31165
-10125 -31165
-10125 -31165
-10155 -31155
-10155 -31155
-10155 -31155
-10155 -31155
-10155 -31155
-10155 -31155
-10155 -31155
-10155 -31155
-10155 -31155
-10155 -31155
-10185 -31145
-10185 -31145
-10185 -31145
-10185 -31145
-10185 -31145
-10185 -31145
-10185 -31145
-10185 -31145
-10185 -31145
-10185 -31145
-10185 -31145
-10215 -31135
-10215 -31135
-10215 -31135
-10215 -31135
-10215 -31135
-10215 -31135
-10215 -31135
-10215 -31135
-10215 -31135
-10215 -31135
-10246 -31125
-10246 -31125
-10246 -31125
-10246 -31125
-10246 -31125
-10246 -31125
-10246 -31125
-10246 -31125
-10246 -31125
-10246 -31125
-10276 -31115
-10276 -31115
-10260 -31121
-10260 -31121
-10260 -31121
-10290 -31111
-10290 -31111
-10290 -31111
-10290 -31111
-10290 -31111
-10290 -31111
-10290 -31111
-10290 -31111
-10290 -31111
-10290 -31111
-10320 -31101
-10320 -31101
-10320 -31101
-10320 -31101
-10320 -31101
-10320 -31101
-10320 -31101
-10320 -31101
-10320 -31101
-10320 -31101
-10350 -31091
-10350 -31091
-10350 -31091
-10350 -31091
-10350 -31091
-10350 -31091
-10350 -31091
-10350 -31091
-10350 -31091
-10350 -31091
-10381 -31081
-10381 -31081
-10381 -31081
-10381 -31081
-10381 -31081
-10381 -31081
-10381 -31081
-10381 -31081
-10381 -31081
-10381 -31081
-10381 -31081
-10411 -31071
-10411 -31071
-10411 -31071
-10411 -31071
-10411 -31071
-10411 -31071
-10411 -31071
-10411 -31071
-10411 -31071
-10411 -31071
-10441 -31061
-10441 -31061
-10441 -31061
-10441 -31061
-10441 -31061
-10441 -31061
-10441 -31061
-10441 -31061
-10441 -31061
-10441 -31061
-10471 -31051
-10471 -31051
-10471 -31051
-10471 -31051
-10471 -31051
-10471 -31051
-10471 -31051
-10471 -31051
-10471 -31051
-10471 -31051
-10502 -31041
-10502 -31041
-10502 -31041
-10502 -31041
-10502 -31041
-10502 -31041
-10502 -31041
-10502 -31041
-10502 -31041
-10502 -31041
-10533 -31031
-10533 -31031
-10533 -31031
-10533 -31031
-10533 -31031
-10533 -31031
-10533 -31031
-10533 -31031
-10533 -31031
-10533 -31031
-10563 -31020
-10563 -31020
-10563 -31020
-10563 -31020
-10563 -31020
-10563 -31020
-10563 -31020
-10563 -31020
-10563 -31020
-10563 -31020
-10592 -31010
-10592 -31010
-10592 -31010
-10592 -31010
-10592 -31010
-10592 -31010
-10592 -31010
-10592 -31010
-10592 -31010
-10592 -31010
-10624 -31000
-10624 -31000
-10624 -31000
-10624 -31000
-10624 -31000
-10624 -31000
-10624 -31000
-10624 -31000
-10624 -31000
-10624 -31000
-10624 -31000
-10653 -30990
-10653 -30990
-10653 -30990
-10648 -30989
-10648 -30989
-10648 -30989
-10648 -30989
-10678 -30979
-10678 -30979
-10678 -30979
-10678 -30979
-10678 -30979
-10678 -30979
-10678 -30979
-10678 -30979
-10678 -30979
-10678 -30979
-10708 -30968
-10708 -30968
-10708 -30968
-10708 -30968
-10708 -30968
-10708 -30968
-10708 -30968
-10708 -30968
-10708 -30968
-10708 -30968
-10708 -30968
-10738 -30957
-10738 -30957
-10738 -30957
-10738 -30957
-10738 -30957
-10738 -30957
-10738 -30957
-10738 -30957
-10738 -30957
-10738 -30957
-10769 -30948
-10769 -30948
-10769 -30948
-10769 -30948
-10769 -30948
-10769 -30948
-10769 -30948
-10769 -30948
-10769 -30948
-10769 -30948
-10798 -30937
-10798 -30937
-10798 -30937
-10798 -30937
-10798 -30937
-10798 -30937
-10798 -30937
-10798 -30937
-10798 -30937
-10798 -30937
-10829 -30926
-10829 -30926
-10829 -30926
-10829 -30926
-10829 -30926
-10829 -30926
-10829 -30926
-10829 -30926
-10829 -30926
-10829 -30926
-10859 -30915
-10859 -30915
-10859 -30915
-10859 -30915
-10859 -30915
-10859 -30915
-10859 -30915
-10859 -30915
-10859 -30915
-10859 -30915
-10889 -30905
-10889 -30905
-10889 -30905
-10889 -30905
-10889 -30905
-10889 -30905
-10889 -30905
-10889 -30905
-10889 -30905
-10889 -30905
-10919 -30894
-10919 -30894
-10919 -30894
-10919 -30894
-10919 -30894
-10919 -30894
-10919 -30894
-10919 -30894
-10919 -30894
-10919 -30894
-10949 -30883
-10949 -30883
-10949 -30883
-10949 -30883
-10949 -30883
-10949 -30883
-10949 -30883
-10949 -30883
-10949 -30883
-10949 -30883
-10949 -30883
-10979 -30873
-10979 -30873
-10979 -30873
-10979 -30873
-10979 -30873
-10979 -30873
-10979 -30873
-10979 -30873
-10979 -30873
-10979 -30873
-11009 -30862
-11009 -30862
-11009 -30862
-11009 -30862
-11009 -30862
-11009 -30862
-11009 -30862
-11009 -30862
-11009 -30862
-11009 -30862
-11039 -30851
-11039 -30851
-11023 -30857
-11023 -30857
-11023 -30857
-11052 -30846
-11052 -30846
-11052 -30846
-11052 -30846
-11052 -30846
-11052 -30846
-11052 -30846
-11052 -30846
-11052 -30846
-11052 -30846
-11082 -30836
-11082 -30836
-11082 -30836
-11082 -30836
-11082 -30836
-11082 -30836
-11082 -30836
-11082 -30836
-11082 -30836
-11082 -30836
-11113 -30825
-11113 -30825
-11113 -30825
-11113 -30825
-11113 -30825
-11113 -30825
-11113 -30825
-11113 -30825
-11113 -30825
-11113 -30825
-11143 -30814
-11143 -30814
-11143 -30814
-11143 -30814
-11143 -30814
-11143 -30814
-11143 -30814
-11143 -30814
-11143 -30814
-11143 -30814
-11143 -30814
-11173 -30803
-11173 -30803
-11173 -30803
-11173 -30803
-11173 -30803
-11173 -30803
-11173 -30803
-11173 -30803
-11173 -30803
-11173 -30803
-11203 -30792
-11203 -30792
-11203 -30792
-11203 -30792
-11203 -30792
-11203 -30792
-11203 -30792
-11203 -30792
-11203 -30792
-11203 -30792
-11232 -30782
-11232 -30782
-11232 -30782
-11232 -30782
-11232 -30782
-11232 -30782
-11232 -30782
-11232 -30782
-11232 -30782
-11232 -30782
-11263 -30771
-11263 -30771
-11263 -30771
-11263 -30771
-11263 -30771
-11263 -30771
-11263 -30771
-11263 -30771
-11263 -30771
-11263 -30771
-11293 -30760
-11293 -30760
-11293 -30760
-11293 -30760
-11293 -30760
-11293 -30760
-11293 -30760
-11293 -30760
-11293 -30760
-11293 -30760
-11323 -30748
-11323 -30748
-11323 -30748
-11323 -30748
-11323 -30748
-11323 -30748
-11323 -30748
-11323 -30748
-11323 -30748
-11323 -30748
-11352 -30738
-11352 -30738
-11352 -30738
-11352 -30738
-11352 -30738
-11352 -30738
-11352 -30738
-11352 -30738
-11352 -30738
-11352 -30738
-11383 -30727
-11383 -30727
-11383 -30727
-11383 -30727
-11383 -30727
-11383 -30727
-11383 -30727
-11383 -30727
-11383 -30727
-11383 -30727
-11383 -30727
-11413 -30716
-11413 -30716
-11413 -30716
-11401 -30721
-11401 -30721
-11401 -30721
-11401 -30721
-11431 -30711
-11431 -30711
-11431 -30711
-11431 -30711
-11431 -30711
-11431 -30711
-11431 -30711
-11431 -30711
-11431 -30711
-11431 -30711
-11461 -30699
-11461 -30699
-11461 -30699
-11461 -30699
-11461 -30699
-11461 -30699
-11461 -30699
-11461 -30699
-11461 -30699
-11461 -30699
-11461 -30699
-11491 -30688
-11491 -30688
-11491 -30688
-11491 -30688
-11491 -30688
-11491 -30688
-11491 -30688
-11491 -30688
-11491 -30688
-11491 -30688
-11521 -30677
-11521 -30677
-11521 -30677
-11521 -30677
-11521 -30677
-11521 -30677
-11521 -30677
-11521 -30677
-11521 -30677
-11521 -30677
-11550 -30666
-11550 -30666
-11550 -30666
-11550 -30666
-11550 -30666
-11550 -30666
-11550 -30666
-11550 -30666
-11550 -30666
-11550 -30666
-11581 -30654
-11581 -30654
-11581 -30654
-11581 -30654
-11581 -30654
-11581 -30654
-11581 -30654
-11581 -30654
-11581 -30654
-11581 -30654
-11611 -30643
-11611 -30643
-11611 -30643
-11611 -30643
-11611 -30643
-11611 -30643
-11611 -30643
-11611 -30643
-11611 -30643
-11611 -30643
-11641 -30631
-11641 -30631
-11641 -30631
-11641 -30631
-11641 -30631
-11641 -30631
-11641 -30631
-11641 -30631
-11641 -30631
-11641 -30631
-11670 -30620
-11670 -30620
-11670 -30620
-11670 -30620
-11670 -30620
-11670 -30620
-11670 -30620
-11670 -30620
-11670 -30620
-11670 -30620
-11699 -30608
-11699 -30608
-11699 -30608
-11699 -30608
-11699 -30608
-11699 -30608
-11699 -30608
-11699 -30608
-11699 -30608
-11699 -30608
-11699 -30608
-11729 -30597
-11729 -30597
-11729 -30597
-11729 -30597
-11729 -30597
-11729 -30597
-11729 -30597
-11729 -30597
-11729 -30597
-11729 -30597
-11759 -30585
-11759 -30585
-11759 -30585
-11759 -30585
-11759 -30585
-11759 -30585
-11759 -30585
-11759 -30585
-11759 -30585
-11759 -30585
-11789 -30574
-11789 -30574
-11773 -30580
-11773 -30580
-11773 -30580
-11802 -30569
-11802 -30569
-11802 -30569
-11802 -30569
-11802 -30569
-11802 -30569
-11802 -30569
-11802 -30569
-11802 -30569
-11802 -30569
-11832 -30557
-11832 -30557
-11832 -30557
-11832 -30557
-11832 -30557
-11832 -30557
-11832 -30557
-11832 -30557
-11832 -30557
-11832 -30557
-11862 -30546
-11862 -30546
-11862 -30546
-11862 -30546
-11862 -30546
-11862 -30546
-11862 -30546
-11862 -30546
-11862 -30546
-11862 -30546
-11892 -30534
-11892 -30534
-11892 -30534
-11892 -30534
-11892 -30534
-11892 -30534
-11892 -30534
-11892 -30534
-11892 -30534
-11892 -30534
-11892 -30534
-11922 -30523
-11922 -30523
-11922 -30523
-11922 -30523
-11922 -30523
-11922 -30523
-11922 -30523
-11922 -30523
-11922 -30523
-11922 -30523
-11951 -30511
-11951 -30511
-11951 -30511
-11951 -30511
-11951 -30511
-11951 -30511
-11951 -30511
-11951 -30511
-11951 -30511
-11951 -30511
-11980 -30500
-11980 -30500
-11980 -30500
-11980 -30500
-11980 -30500
-11980 -30500
-11980 -30500
-11980 -30500
-11980 -30500
-11980 -30500
-12011 -30488
-12011 -30488
-12011 -30488
-12011 -30488
-12011 -30488
-12011 -30488
-12011 -30488
-12011 -30488
-12011 -30488
-12011 -30488
-12041 -30477
-12041 -30477
-12041 -30477
-12041 -30477
-12041 -30477
-12041 -30477
-12041 -30477
-12041 -30477
-12041 -30477
-12041 -30477
-12070 -30464
-12070 -30464
-12070 -30464
-12070 -30464
-12070 -30464
-12070 -30464
-12070 -30464
-12070 -30464
-12070 -30464
-12070 -30464
-12099 -30453
-12099 -30453
-12099 -30453
-12099 -30453
-12099 -30453
-12099 -30453
-12099 -30453
-12099 -30453
-12099 -30453
-12099 -30453
-12130 -30441
-12130 -30441
-12130 -30441
-12130 -30441
-12130 -30441
-12130 -30441
-12130 -30441
-12130 -30441
-12130 -30441
-12130 -30441
-12130 -30441
-12159 -30430
-12159 -30430
-12159 -30430
-12177 -30421
-12177 -30421
-12177 -30421
-12177 -30421
-12207 -30409
-12207 -30409
-12207 -30409
-12207 -30409
-12207 -30409
-12207 -30409
-12207 -30409
-12207 -30409
-12207 -30409
-12207 -30409
-12236 -30397
-12236 -30397
-12236 -30397
-12236 -30397
-12236 -30397
-12236 -30397
-12236 -30397
-12236 -30397
-12236 -30397
-12236 -30397
-12236 -30397
-12266 -30385
-12266 -30385
-12266 -30385
-12266 -30385
-12266 -30385
-12266 -30385
-12266 -30385
-12266 -30385
-12266 -30385
-12266 -30385
-12296 -30374
-12296 -30374
-12296 -30374
-12296 -30374
-12296 -30374
-12296 -30374
-12296 -30374
-12296 -30374
-12296 -30374
-12296 -30374
-12324 -30362
-12324 -30362
-12324 -30362
-12324 -30362
-12324 -30362
-12324 -30362
-12324 -30362
-12324 -30362
-12324 -30362
-12324 -30362
-12355 -30349
-12355 -30349
-12355 -30349
-12355 -30349
-12355 -30349
-12355 -30349
-12355 -30349
-12355 -30349
-12355 -30349
-12355 -30349
-12385 -30337
-12385 -30337
-12385 -30337
-12385 -30337
-12385 -30337
-12385 -30337
-12385 -30337
-12385 -30337
-12385 -30337
-12385 -30337
-12414 -30325
-12414 -30325
-12414 -30325
-12414 -30325
-12414 -30325
-12414 -30325
-12414 -30325
-12414 -30325
-12414 -30325
-12414 -30325
-12443 -30313
-12443 -30313
-12443 -30313
-12443 -30313
-12443 -30313
-12443 -30313
-12443 -30313
-12443 -30313
-12443 -30313
-12443 -30313
-12472 -30300
-12472 -30300
-12472 -30300
-12472 -30300
-12472 -30300
-12472 -30300
-12472 -30300
-12472 -30300
-12472 -30300
-12472 -30300
-12472 -30300
-12502 -30288
-12502 -30288
-12502 -30288
-12502 -30288
-12502 -30288
-12502 -30288
-12502 -30288
-12502 -30288
-12502 -30288
-12502 -30288
-12531 -30276
-12531 -30276
-12531 -30276
-12531 -30276
-12531 -30276
-12531 -30276
-12531 -30276
-12531 -30276
-12531 -30276
-12531 -30276
-12561 -30264
-12561 -30264
-12545 -30270
-12545 -30270
-12545 -30270
-12574 -30258
-12574 -30258
-12574 -30258
-12574 -30258
-12574 -30258
-12574 -30258
-12574 -30258
-12574 -30258
-12574 -30258
-12574 -30258
-12603 -30246
-12603 -30246
-12603 -30246
-12603 -30246
-12603 -30246
-12603 -30246
-12603 -30246
-12603 -30246
-12603 -30246
-12603 -30246
-12633 -30234
-12633 -30234
-12633 -30234
-12633 -30234
-12633 -30234
-12633 -30234
-12633 -30234
-12633 -30234
-12633 -30234
-12633 -30234
-12663 -30221
-12663 -30221
-12663 -30221
-12663 -30221
-12663 -30221
-12663 -30221
-12663 -30221
-12663 -30221
-12663 -30221
-12663 -30221
-12663 -30221
-12692 -30209
-12692 -30209
-12692 -30209
-12692 -30209
-12692 -30209
-12692 -30209
-12692 -30209
-12692 -30209
-12692 -30209
-12692 -30209
-12722 -30197
-12722 -30197
-12722 -30197
-12722 -30197
-12722 -30197
-12722 -30197
-12722 -30197
-12722 -30197
-12722 -30197
-12722 -30197
-12750 -30185
-12750 -30185
-12750 -30185
-12750 -30185
-12750 -30185
-12750 -30185
-12750 -30185
-12750 -30185
-12750 -30185
-12750 -30185
-12781 -30172
-12781 -30172
-12781 -30172
-12781 -30172
-12781 -30172
-12781 -30172
-12781 -30172
-12781 -30172
-12781 -30172
-12781 -30172
-12810 -30160
-12810 -30160
-12810 -30160
-12810 -30160
-12810 -30160
-12810 -30160
-12810 -30160
-12810 -30160
-12810 -30160
-12810 -30160
-12840 -30147
-12840 -30147
-12840 -30147
-12840 -30147
-12840 -30147
-12840 -30147
-12840 -30147
-12840 -30147
-12840 -30147
-12840 -30147
-12868 -30135
-12868 -30135
-12868 -30135
-12868 -30135
-12868 -30135
-12868 -30135
-12868 -30135
-12868 -30135
-12868 -30135
-12868 -30135
-12899 -30122
-12899 -30122
-12899 -30122
-12899 -30122
-12899 -30122
-12899 -30122
-12899 -30122
-12899 -30122
-12899 -30122
-12899 -30122
-12899 -30122
-12927 -30111
-12927 -30111
-12927 -30111
-12916 -30115
-12916 -30115
-12916 -30115
-12916 -30115
-12945 -30103
-12945 -30103
-12945 -30103
-12945 -30103
-12945 -30103
-12945 -30103
-12945 -30103
-12945 -30103
-12945 -30103
-12945 -30103
-12975 -30090
-12975 -30090
-12975 -30090
-12975 -30090
-12975 -30090
-12975 -30090
-12975 -30090
-12975 -30090
-12975 -30090
-12975 -30090
-12975 -30090
-13004 -30077
-13004 -30077
-13004 -30077
-13004 -30077
-13004 -30077
-13004 -30077
-13004 -30077
-13004 -30077
-13004 -30077
-13004 -30077
-13033 -30065
-13033 -30065
-13033 -30065
-13033 -30065
-13033 -30065
-13033 -30065
-13033 -30065
-13033 -30065
-13033 -30065
-13033 -30065
-13062 -30052
-13062 -30052
-13062 -30052
-13062 -30052
-13062 -30052
-13062 -30052
-13062 -30052
-13062 -30052
-13062 -30052
-13062 -30052
-13092 -30039
-13092 -30039
-13092 -30039
-13092 -30039
-13092 -30039
-13092 -30039
-13092 -30039
-13092 -30039
-13092 -30039
-13092 -30039
-13121 -30026
-13121 -30026
-13121 -30026
-13121 -30026
-13121 -30026
-13121 -30026
-13121 -30026
-13121 -30026
-13121 -30026
-13121 -30026
-13150 -30013
-13150 -30013
-13150 -30013
-13150 -30013
-13150 -30013
-13150 -30013
-13150 -30013
-13150 -30013
-13150 -30013
-13150 -30013
-13179 -30000
-13179 -30000
-13179 -30000
-13179 -30000
-13179 -30000
-13179 -30000
-13179 -30000
-13179 -30000
-13179 -30000
-13179 -30000
-13208 -29987
-13208 -29987
-13208 -29987
-13208 -29987
-13208 -29987
-13208 -29987
-13208 -29987
-13208 -29987
-13208 -29987
-13208 -29987
-13208 -29987
-13237 -29974
-13237 -29974
-13237 -29974
-13237 -29974
-13237 -29974
-13237 -29974
-13237 -29974
-13237 -29974
-13237 -29974
-13237 -29974
-13267 -29961
-13267 -29961
-13267 -29961
-13267 -29961
-13267 -29961
-13267 -29961
-13267 -29961
-13267 -29961
-13267 -29961
-13267 -29961
-13296 -29948
-13296 -29948
-13280 -29955
-13280 -29955
-13280 -29955
-13309 -29943
-13309 -29943
-13309 -29943
-13309 -29943
-13309 -29943
-13309 -29943
-13309 -29943
-13309 -29943
-13309 -29943
-13309 -29943
-13338 -29930
-13338 -29930
-13338 -29930
-13338 -29930
-13338 -29930
-13338 -29930
-13338 -29930
-13338 -29930
-13338 -29930
-13338 -29930
-13367 -29917
-13367 -29917
-13367 -29917
-13367 -29917
-13367 -29917
-13367 -29917
-13367 -29917
-13367 -29917
-13367 -29917
-13367 -29917
-13396 -29904
-13396 -29904
-13396 -29904
-13396 -29904
-13396 -29904
-13396 -29904
-13396 -29904
-13396 -29904
-13396 -29904
-13396 -29904
-13396 -29904
-13426 -29891
-13426 -29891
-13426 -29891
-13426 -29891
-13426 -29891
-13426 -29891
-13426 -29891
-13426 -29891
-13426 -29891
-13426 -29891
-13455 -29878
-13455 -29878
-13455 -29878
-13455 -29878
-13455 -29878
-13455 -29878
-13455 -29878
-13455 -29878
-13455 -29878
-13455 -29878
-13483 -29865
-13483 -29865
-13483 -29865
-13483 -29865
-13483 -29865
-13483 -29865
-13483 -29865
-13483 -29865
-13483 -29865
-13483 -29865
-13513 -29852
-13513 -29852
-13513 -29852
-13513 -29852
-13513 -29852
-13513 -29852
-13513 -29852
-13513 -29852
-13513 -29852
-13513 -29852
-13543 -29839
-13543 -29839
-13543 -29839
-13543 -29839
-13543 -29839
-13543 -29839
-13543 -29839
-13543 -29839
-13543 -29839
-13543 -29839
-13571 -29825
-13571 -29825
-13571 -29825
-13571 -29825
-13571 -29825
-13571 -29825
-13571 -29825
-13571 -29825
-13571 -29825
-13571 -29825
-13600 -29812
-13600 -29812
-13600 -29812
-13600 -29812
-13600 -29812
-13600 -29812
-13600 -29812
-13600 -29812
-13600 -29812
-13600 -29812
-13630 -29799
-13630 -29799
-13630 -29799
-13630 -29799
-13630 -29799
-13630 -29799
-13630 -29799
-13630 -29799
-13630 -29799
-13630 -29799
-13630 -29799
-13658 -29787
-13658 -29787
-13658 -29787
-13646 -29791
-13646 -29791
-13646 -29791
-13646 -29791
-13675 -29778
-13675 -29778
-13675 -29778
-13675 -29778
-13675 -29778
-13675 -29778
-13675 -29778
-13675 -29778
-13675 -29778
-13675 -29778
-13704 -29764
-13704 -29764
-13704 -29764
-13704 -29764
-13704 -29764
-13704 -29764
-13704 -29764
-13704 -29764
-13704 -29764
-13704 -29764
-13704 -29764
-13733 -29751
-13733 -29751
-13733 -29751
-13733 -29751
-13733 -29751
-13733 -29751
-13733 -29751
-13733 -29751
-13733 -29751
-13733 -29751
-13762 -29738
-13762 -29738
-13762 -29738
-13762 -29738
-13762 -29738
-13762 -29738
-13762 -29738
-13762 -29738
-13762 -29738
-13762 -29738
-13790 -29725
-13790 -29725
-13790 -29725
-13790 -29725
-13790 -29725
-13790 -29725
-13790 -29725
-13790 -29725
-13790 -29725
-13790 -29725
-13820 -29711
-13820 -29711
-13820 -29711
-13820 -29711
-13820 -29711
-13820 -29711
-13820 -29711
-13820 -29711
-13820 -29711
-13820 -29711
-13849 -29697
-13849 -29697
-13849 -29697
-13849 -29697
-13849 -29697
-13849 -29697
-13849 -29697
-13849 -29697
-13849 -29697
-13849 -29697
-13878 -29683
-13878 -29683
-13878 -29683
-13878 -29683
-13878 -29683
-13878 -29683
-13878 -29683
-13878 -29683
-13878 -29683
-13878 -29683
-13906 -29670
-13906 -29670
-13906 -29670
-13906 -29670
-13906 -29670
-13906 -29670
-13906 -29670
-13906 -29670
-13906 -29670
-13906 -29670
-13935 -29656
-13935 -29656
-13935 -29656
-13935 -29656
-13935 -29656
-13935 -29656
-13935 -29656
-13935 -29656
-13935 -29656
-13935 -29656
-13935 -29656
-13964 -29643
-13964 -29643
-13964 -29643
-13964 -29643
-13964 -29643
-13964 -29643
-13964 -29643
-13964 -29643
-13964 -29643
-13964 -29643
-13993 -29629
-13993 -29629
-13993 -29629
-13993 -29629
-13993 -29629
-13993 -29629
-13993 -29629
-13993 -29629
-13993 -29629
-13993 -29629
-14022 -29615
-14022 -29615
-14006 -29623
-14006 -29623
-14006 -29623
-14034 -29609
-14034 -29609
-14034 -29609
-14034 -29609
-14034 -29609
-14034 -29609
-14034 -29609
-14034 -29609
-14034 -29609
-14034 -29609
-14063 -29596
-14063 -29596
-14063 -29596
-14063 -29596
-14063 -29596
-14063 -29596
-14063 -29596
-14063 -29596
-14063 -29596
-14063 -29596
-14092 -29582
-14092 -29582
-14092 -29582
-14092 -29582
-14092 -29582
-14092 -29582
-14092 -29582
-14092 -29582
-14092 -29582
-14092 -29582
-14121 -29568
-14121 -29568
-14121 -29568
-14121 -29568
-14121 -29568
-14121 -29568
-14121 -29568
-14121 -29568
-14121 -29568
-14121 -29568
-14121 -29568
-14150 -29555
-14150 -29555
-14150 -29555
-14150 -29555
-14150 -29555
-14150 -29555
-14150 -29555
-14150 -29555
-14150 -29555
-14150 -29555
-14179 -29541
-14179 -29541
-14179 -29541
-14179 -29541
-14179 -29541
-14179 -29541
-14179 -29541
-14179 -29541
-14179 -29541
-14179 -29541
-14207 -29528
-14207 -29528
-14207 -29528
-14207 -29528
-14207 -29528
-14207 -29528
-14207 -29528
-14207 -29528
-14207 -29528
-14207 -29528
-14237 -29513
-14237 -29513
-14237 -29513
-14237 -29513
-14237 -29513
-14237 -29513
-14237 -29513
-14237 -29513
-14237 -29513
-14237 -29513
-14266 -29500
-14266 -29500
-14266 -29500
-14266 -29500
-14266 -29500
-14266 -29500
-14266 -29500
-14266 -29500
-14266 -29500
-14266 -29500
-14294 -29485
-14294 -29485
-14294 -29485
-14294 -29485
-14294 -29485
-14294 -29485
-14294 -29485
-14294 -29485
-14294 -29485
-14294 -29485
-14322 -29472
-14322 -29472
-14322 -29472
-14322 -29472
-14322 -29472
-14322 -29472
-14322 -29472
-14322 -29472
-14322 -29472
-14322 -29472
-14352 -29458
-14352 -29458
-14352 -29458
-14352 -29458
-14352 -29458
-14352 -29458
-14352 -29458
-14352 -29458
-14352 -29458
-14352 -29458
-14352 -29458
-14380 -29445
-14380 -29445
-14380 -29445
-14366 -29450
-14366 -29450
-14366 -29450
-14366 -29450
-14395 -29436
-14395 -29436
-14395 -29436
-14395 -29436
-14395 -29436
-14395 -29436
-14395 -29436
-14395 -29436
-14395 -29436
-14395 -29436
-14424 -29422
-14424 -29422
-14424 -29422
-14424 -29422
-14424 -29422
-14424 -29422
-14424 -29422
-14424 -29422
-14424 -29422
-14424 -29422
-14424 -29422
-14452 -29408
-14452 -29408
-14452 -29408
-14452 -29408
-14452 -29408
-14452 -29408
-14452 -29408
-14452 -29408
-14452 -29408
-14452 -29408
-14481 -29394
-14481 -29394
-14481 -29394
-14481 -29394
-14481 -29394
-14481 -29394
-14481 -29394
-14481 -29394
-14481 -29394
-14481 -29394
-14509 -29380
-14509 -29380
-14509 -29380
-14509 -29380
-14509 -29380
-14509 -29380
-14509 -29380
-14509 -29380
-14509 -29380
-14509 -29380
-14538 -29365
-14538 -29365
-14538 -29365
-14538 -29365
-14538 -29365
-14538 -29365
-14538 -29365
-14538 -29365
-14538 -29365
-14538 -29365
-14567 -29351
-14567 -29351
-14567 -29351
-14567 -29351
-14567 -29351
-14567 -29351
-14567 -29351
-14567 -29351
-14567 -29351
-14567 -29351
-14596 -29337
-14596 -29337
-14596 -29337
-14596 -29337
-14596 -29337
-14596 -29337
-14596 -29337
-14596 -29337
-14596 -29337
-14596 -29337
-14623 -29323
-14623 -29323
-14623 -29323
-14623 -29323
-14623 -29323
-14623 -29323
-14623 -29323
-14623 -29323
-14623 -29323
-14623 -29323
-14652 -29308
-14652 -29308
-14652 -29308
-14652 -29308
-14652 -29308
-14652 -29308
-14652 -29308
-14652 -29308
-14652 -29308
-14652 -29308
-14652 -29308
-14680 -29294
-14680 -29294
-14680 -29294
-14680 -29294
-14680 -29294
-14680 -29294
-14680 -29294
-14680 -29294
-14680 -29294
-14680 -29294
-14709 -29279
-14709 -29279
-14709 -29279
-14709 -29279
-14709 -29279
-14709 -29279
-14709 -29279
-14709 -29279
-14709 -29279
-14709 -29279
-14738 -29265
-14738 -29265
-14722 -29273
-14722 -29273
-14722 -29273
-14750 -29259
-14750 -29259
-14750 -29259
-14750 -29259
-14750 -29259
-14750 -29259
-14750 -29259
-14750 -29259
-14750 -29259
-14750 -29259
-14779 -29244
-14779 -29244
-14779 -29244
-14779 -29244
-14779 -29244
-14779 -29244
-14779 -29244
-14779 -29244
-14779 -29244
-14779 -29244
-14807 -29230
-14807 -29230
-14807 -29230
-14807 -29230
-14807 -29230
-14807 -29230
-14807 -29230
-14807 -29230
-14807 -29230
-14807 -29230
-14836 -29216
-14836 -29216
-14836 -29216
-14836 -29216
-14836 -29216
-14836 -29216
-14836 -29216
-14836 -29216
-14836 -29216
-14836 -29216
-14836 -29216
-14864 -29201
-14864 -29201
-14864 -29201
-14864 -29201
-14864 -29201
-14864 -29201
-14864 -29201
-14864 -29201
-14864 -29201
-14864 -29201
-14893 -29187
-14893 -29187
-14893 -29187
-14893 -29187
-14893 -29187
-14893 -29187
-14893 -29187
-14893 -29187
-14893 -29187
-14893 -29187
-14921 -29173
-14921 -29173
-14921 -29173
-14921 -29173
-14921 -29173
-14921 -29173
-14921 -29173
-14921 -29173
-14921 -29173
-14921 -29173
-14950 -29158
-14950 -29158
-14950 -29158
-14950 -29158
-14950 -29158
-14950 -29158
-14950 -29158
-14950 -29158
-14950 -29158
-14950 -29158
-14979 -29144
-14979 -29144
-14979 -29144
-14979 -29144
-14979 -29144
-14979 -29144
-14979 -29144
-14979 -29144
-14979 -29144
-14979 -29144
-15007 -29128
-15007 -29128
-15007 -29128
-15007 -29128
-15007 -29128
-15007 -29128
-15007 -29128
-15007 -29128
-15007 -29128
-15007 -29128
-15035 -29114
-15035 -29114
-15035 -29114
-15035 -29114
-15035 -29114
-15035 -29114
-15035 -29114
-15035 -29114
-15035 -29114
-15035 -29114
-15064 -29100
-15064 -29100
-15064 -29100
-15064 -29100
-15064 -29100
-15064 -29100
-15064 -29100
-15064 -29100
-15064 -29100
-15064 -29100
-15064 -29100
-15092 -29086
-15092 -29086
-15092 -29086
-15080 -29092
-15080 -29092
-15080 -29092
-15080 -29092
-15109 -29077
-15109 -29077
-15109 -29077
-15109 -29077
-15109 -29077
-15109 -29077
-15109 -29077
-15109 -29077
-15109 -29077
-15109 -29077
-15137 -29062
-15137 -29062
-15137 -29062
-15137 -29062
-15137 -29062
-15137 -29062
-15137 -29062
-15137 -29062
-15137 -29062
-15137 -29062
-15137 -29062
-15166 -29047
-15166 -29047
-15166 -29047
-15166 -29047
-15166 -29047
-15166 -29047
-15166 -29047
-15166 -29047
-15166 -29047
-15166 -29047
-15194 -29033
-15194 -29033
-15194 -29033
-15194 -29033
-15194 -29033
-15194 -29033
-15194 -29033
-15194 -29033
-15194 -29033
-15194 -29033
-15222 -29019
-15222 -29019
-15222 -29019
-15222 -29019
-15222 -29019
-15222 -29019
-15222 -29019
-15222 -29019
-15222 -29019
-15222 -29019
-15251 -29003
-15251 -29003
-15251 -29003
-15251 -29003
-15251 -29003
-15251 -29003
-15251 -29003
-15251 -29003
-15251 -29003
-15251 -29003
-15279 -28988
-15279 -28988
-15279 -28988
-15279 -28988
-15279 -28988
-15279 -28988
-15279 -28988
-15279 -28988
-15279 -28988
-15279 -28988
-15307 -28973
-15307 -28973
-15307 -28973
-15307 -28973
-15307 -28973
-15307 -28973
-15307 -28973
-15307 -28973
-15307 -28973
-15307 -28973
-15335 -28958
-15335 -28958
-15335 -28958
-15335 -28958
-15335 -28958
-15335 -28958
-15335 -28958
-15335 -28958
-15335 -28958
-15335 -28958
-15363 -28943
-15363 -28943
-15363 -28943
-15363 -28943
-15363 -28943
-15363 -28943
-15363 -28943
-15363 -28943
-15363 -28943
-15363 -28943
-15363 -28943
-15391 -28928
-15391 -28928
-15391 -28928
-15391 -28928
-15391 -28928
-15391 -28928
-15391 -28928
-15391 -28928
-15391 -28928
-15391 -28928
-15419 -28913
-15419 -28913
-15419 -28913
-15419 -28913
-15419 -28913
-15419 -28913
-15419 -28913
-15419 -28913
-15419 -28913
-15419 -28913
-15447 -28898
-15447 -28898
-15432 -28906
-15432 -28906
-15432 -28906
-15460 -28891
-15460 -28891
-15460 -28891
-15460 -28891
-15460 -28891
-15460 -28891
-15460 -28891
-15460 -28891
-15460 -28891
-15460 -28891
-15488 -28876
-15488 -28876
-15488 -28876
-15488 -28876
-15488 -28876
-15488 -28876
-15488 -28876
-15488 -28876
-15488 -28876
-15488 -28876
-15516 -28861
-15516 -28861
-15516 -28861
-15516 -28861
-15516 -28861
-15516 -28861
-15516 -28861
-15516 -28861
-15516 -28861
-15516 -28861
-15544 -28846
-15544 -28846
-15544 -28846
-15544 -28846
-15544 -28846
-15544 -28846
-15544 -28846
-15544 -28846
-15544 -28846
-15544 -28846
-15544 -28846
-15573 -28831
-15573 -28831
-15573 -28831
-15573 -28831
-15573 -28831
-15573 -28831
-15573 -28831
-15573 -28831
-15573 -28831
-15573 -28831
-15601 -28816
-15601 -28816
-15601 -28816
-15601 -28816
-15601 -28816
-15601 -28816
-15601 -28816
-15601 -28816
-15601 -28816
-15601 -28816
-15628 -28801
-15628 -28801
-15628 -28801
-15628 -28801
-15628 -28801
-15628 -28801
-15628 -28801
-15628 -28801
-15628 -28801
-15628 -28801
-15657 -28786
-15657 -28786
-15657 -28786
-15657 -28786
-15657 -28786
-15657 -28786
-15657 -28786
-15657 -28786
-15657 -28786
-15657 -28786
-15686 -28771
-15686 -28771
-15686 -28771
-15686 -28771
-15686 -28771
-15686 -28771
-15686 -28771
-15686 -28771
-15686 -28771
-15686 -28771
-15713 -28755
-15713 -28755
-15713 -28755
-15713 -28755
-15713 -28755
-15713 -28755
-15713 -28755
-15713 -28755
-15713 -28755
-15713 -28755
-15741 -28740
-15741 -28740
-15741 -28740
-15741 -28740
-15741 -28740
-15741 -28740
-15741 -28740
-15741 -28740
-15741 -28740
-15741 -28740
-15770 -28725
-15770 -28725
-15770 -28725
-15770 -28725
-15770 -28725
-15770 -28725
-15770 -28725
-15770 -28725
-15770 -28725
-15770 -28725
-15770 -28725
-15797 -28710
-15797 -28710
-15797 -28710
-15786 -28714
-15786 -28714
-15786 -28714
-15786 -28714
-15815 -28699
-15815 -28699
-15815 -28699
-15815 -28699
-15815 -28699
-15815 -28699
-15815 -28699
-15815 -28699
-15815 -28699
-15815 -28699
-15842 -28684
-15842 -28684
-15842 -28684
-15842 -28684
-15842 -28684
-15842 -28684
-15842 -28684
-15842 -28684
-15842 -28684
-15842 -28684
-15842 -28684
-15870 -28668
-15870 -28668
-15870 -28668
-15870 -28668
-15870 -28668
-15870 -28668
-15870 -28668
-15870 -28668
-15870 -28668
-15870 -28668
-15899 -28653
-15899 -28653
-15899 -28653
-15899 -28653
-15899 -28653
-15899 -28653
-15899 -28653
-15899 -28653
-15899 -28653
-15899 -28653
-15926 -28638
-15926 -28638
-15926 -28638
-15926 -28638
-15926 -28638
-15926 -28638
-15926 -28638
-15926 -28638
-15926 -28638
-15926 -28638
-15954 -28622
-15954 -28622
-15954 -28622
-15954 -28622
-15954 -28622
-15954 -28622
-15954 -28622
-15954 -28622
-15954 -28622
-15954 -28622
-15982 -28606
-15982 -28606
-15982 -28606
-15982 -28606
-15982 -28606
-15982 -28606
-15982 -28606
-15982 -28606
-15982 -28606
-15982 -28606
-16010 -28590
-16010 -28590
-16010 -28590
-16010 -28590
-16010 -28590
-16010 -28590
-16010 -28590
-16010 -28590
-16010 -28590
-16010 -28590
-16037 -28575
-16037 -28575
-16037 -28575
-16037 -28575
-16037 -28575
-16037 -28575
-16037 -28575
-16037 -28575
-16037 -28575
-16037 -28575
-16065 -28559
-16065 -28559
-16065 -28559
-16065 -28559
-16065 -28559
-16065 -28559
-16065 -28559
-16065 -28559
-16065 -28559
-16065 -28559
-16065 -28559
-16093 -28543
-16093 -28543
-16093 -28543
-16093 -28543
-16093 -28543
-16093 -28543
-16093 -28543
-16093 -28543
-16093 -28543
-16093 -28543
-16120 -28527
-16120 -28527
-16120 -28527
-16120 -28527
-16120 -28527
-16120 -28527
-16120 -28527
-16120 -28527
-16120 -28527
-16120 -28527
-16148 -28512
-16148 -28512
-16134 -28520
-16134 -28520
-16134 -28520
-16161 -28505
-16161 -28505
-16161 -28505
-16161 -28505
-16161 -28505
-16161 -28505
-16161 -28505
-16161 -28505
-16161 -28505
-16161 -28505
-16188 -28489
-16188 -28489
-16188 -28489
-16188 -28489
-16188 -28489
-16188 -28489
-16188 -28489
-16188 -28489
-16188 -28489
-16188 -28489
-16216 -28473
-16216 -28473
-16216 -28473
-16216 -28473
-16216 -28473
-16216 -28473
-16216 -28473
-16216 -28473
-16216 -28473
-16216 -28473
-16244 -28458
-16244 -28458
-16244 -28458
-16244 -28458
-16244 -28458
-16244 -28458
-16244 -28458
-16244 -28458
-16244 -28458
-16244 -28458
-16244 -28458
-16272 -28442
-16272 -28442
-16272 -28442
-16272 -28442
-16272 -28442
-16272 -28442
-16272 -28442
-16272 -28442
-16272 -28442
-16272 -28442
-16300 -28426
-16300 -28426
-16300 -28426
-16300 -28426
-16300 -28426
-16300 -28426
-16300 -28426
-16300 -28426
-16300 -28426
-16300 -28426
-16327 -28411
-16327 -28411
-16327 -28411
-16327 -28411
-16327 -28411
-16327 -28411
-16327 -28411
-16327 -28411
-16327 -28411
-16327 -28411
-16355 -28394
-16355 -28394
-16355 -28394
-16355 -28394
-16355 -28394
-16355 -28394
-16355 -28394
-16355 -28394
-16355 -28394
-16355 -28394
-16383 -28379
-16383 -28379
-16383 -28379
-16383 -28379
-16383 -28379
-16383 -28379
-16383 -28379
-16383 -28379
-16383 -28379
-16383 -28379
-16411 -28362
-16411 -28362
-16411 -28362
-16411 -28362
-16411 -28362
-16411 -28362
-16411 -28362
-16411 -28362
-16411 -28362
-16411 -28362
-16438 -28347
-16438 -28347
-16438 -28347
-16438 -28347
-16438 -28347
-16438 -28347
-16438 -28347
-16438 -28347
-16438 -28347
-16438 -28347
-16466 -28331
-16466 -28331
-16466 -28331
-16466 -28331
-16466 -28331
-16466 -28331
-16466 -28331
-16466 -28331
-16466 -28331
-16466 -28331
-16466 -28331
-16493 -28315
-16493 -28315
-16493 -28315
-16509 -28304
-16509 -28304
-16509 -28304
-16509 -28304
-16537 -28289
-16537 -28289
-16537 -28289
-16537 -28289
-16537 -28289
-16537 -28289
-16537 -28289
-16537 -28289
-16537 -28289
-16537 -28289
-16565 -28272
-16565 -28272
-16565 -28272
-16565 -28272
-16565 -28272
-16565 -28272
-16565 -28272
-16565 -28272
-16565 -28272
-16565 -28272
-16565 -28272
-16592 -28256
-16592 -28256
-16592 -28256
-16592 -28256
-16592 -28256
-16592 -28256
-16592 -28256
-16592 -28256
-16592 -28256
-16592 -28256
-16620 -28240
-16620 -28240
-16620 -28240
-16620 -28240
-16620 -28240
-16620 -28240
-16620 -28240
-16620 -28240
-16620 -28240
-16620 -28240
-16647 -28224
-16647 -28224
-16647 -28224
-16647 -28224
-16647 -28224
-16647 -28224
-16647 -28224
-16647 -28224
-16647 -28224
-16647 -28224
-16675 -28207
-16675 -28207
-16675 -28207
-16675 -28207
-16675 -28207
-16675 -28207
-16675 -28207
-16675 -28207
-16675 -28207
-16675 -28207
-16702 -28191
-16702 -28191
-16702 -28191
-16702 -28191
-16702 -28191
-16702 -28191
-16702 -28191
-16702 -28191
-16702 -28191
-16702 -28191
-16730 -28174
-16730 -28174
-16730 -28174
-16730 -28174
-16730 -28174
-16730 -28174
-16730 -28174
-16730 -28174
-16730 -28174
-16730 -28174
-16756 -28158
-16756 -28158
-16756 -28158
-16756 -28158
-16756 -28158
-16756 -28158
-16756 -28158
-16756 -28158
-16756 -28158
-16756 -28158
-16784 -28142
-16784 -28142
-16784 -28142
-16784 -28142
-16784 -28142
-16784 -28142
-16784 -28142
-16784 -28142
-16784 -28142
-16784 -28142
-16784 -28142
-16811 -28125
-16811 -28125
-16811 -28125
-16811 -28125
-16811 -28125
-16811 -28125
-16811 -28125
-16811 -28125
-16811 -28125
-16811 -28125
-16839 -28109
-16839 -28109
-16839 -28109
-16839 -28109
-16839 -28109
-16839 -28109
-16839 -28109
-16839 -28109
-16839 -28109
-16839 -28109
-16866 -28093
-16866 -28093
-16852 -28101
-16852 -28101
-16852 -28101
-16878 -28085
-16878 -28085
-16878 -28085
-16878 -28085
-16878 -28085
-16878 -28085
-16878 -28085
-16878 -28085
-16878 -28085
-16878 -28085
-16906 -28069
-16906 -28069
-16906 -28069
-16906 -28069
-16906 -28069
-16906 -28069
-16906 -28069
-16906 -28069
-16906 -28069
-16906 -28069
-16933 -28052
-16933 -28052
-16933 -28052
-16933 -28052
-16933 -28052
-16933 -28052
-16933 -28052
-16933 -28052
-16933 -28052
-16933 -28052
-16961 -28036
-16961 -28036
-16961 -28036
-16961 -28036
-16961 -28036
-16961 -28036
-16961 -28036
-16961 -28036
-16961 -28036
-16961 -28036
-16961 -28036
-16988 -28019
-16988 -28019
-16988 -28019
-16988 -28019
-16988 -28019
-16988 -28019
-16988 -28019
-16988 -28019
-16988 -28019
-16988 -28019
-17015 -28003
-17015 -28003
-17015 -28003
-17015 -28003
-17015 -28003
-17015 -28003
-17015 -28003
-17015 -28003
-17015 -28003
-17015 -28003
-17042 -27987
-17042 -27987
-17042 -27987
-17042 -27987
-17042 -27987
-17042 -27987
-17042 -27987
-17042 -27987
-17042 -27987
-17042 -27987
-17070 -27970
-17070 -27970
-17070 -27970
-17070 -27970
-17070 -27970
-17070 -27970
-17070 -27970
-17070 -27970
-17070 -27970
-17070 -27970
-17098 -27954
-17098 -27954
-17098 -27954
-17098 -27954
-17098 -27954
-17098 -27954
-17098 -27954
-17098 -27954
-17098 -27954
-17098 -27954
-17125 -27936
-17125 -27936
-17125 -27936
-17125 -27936
-17125 -27936
-17125 -27936
-17125 -27936
-17125 -27936
-17125 -27936
-17125 -27936
-17151 -27920
-17151 -27920
-17151 -27920
-17151 -27920
-17151 -27920
-17151 -27920
-17151 -27920
-17151 -27920
-17151 -27920
-17151 -27920
-17180 -27903
-17180 -27903
-17180 -27903
-17180 -27903
-17180 -27903
-17180 -27903
-17180 -27903
-17180 -27903
-17180 -27903
-17180 -27903
-17180 -27903
-17206 -27887
-17206 -27887
-17206 -27887
-17194 -27894
-17194 -27894
-17194 -27894
-17194 -27894
-17222 -27877
-17222 -27877
-17222 -27877
-17222 -27877
-17222 -27877
-17222 -27877
-17222 -27877
-17222 -27877
-17222 -27877
-17222 -27877
-17249 -27860
-17249 -27860
-17249 -27860
-17249 -27860
-17249 -27860
-17249 -27860
-17249 -27860
-17249 -27860
-17249 -27860
-17249 -27860
-17249 -27860
-17276 -27843
-17276 -27843
-17276 -27843
-17276 -27843
-17276 -27843
-17276 -27843
-17276 -27843
-17276 -27843
-17276 -27843
-17276 -27843
-17304 -27827
-17304 -27827
-17304 -27827
-17304 -27827
-17304 -27827
-17304 -27827
-17304 -27827
-17304 -27827
-17304 -27827
-17304 -27827
-17330 -27810
-17330 -27810
-17330 -27810
-17330 -27810
-17330 -27810
-17330 -27810
-17330 -27810
-17330 -27810
-17330 -27810
-17330 -27810
-17358 -27793
-17358 -27793
-17358 -27793
-17358 -27793
-17358 -27793
-17358 -27793
-17358 -27793
-17358 -27793
-17358 -27793
-17358 -27793
-17385 -27776
-17385 -27776
-17385 -27776
-17385 -27776
-17385 -27776
-17385 -27776
-17385 -27776
-17385 -27776
-17385 -27776
-17385 -27776
-17412 -27758
-17412 -27758
-17412 -27758
-17412 -27758
-17412 -27758
-17412 -27758
-17412 -27758
-17412 -27758
-17412 -27758
-17412 -27758
-17438 -27742
-17438 -27742
-17438 -27742
-17438 -27742
-17438 -27742
-17438 -27742
-17438 -27742
-17438 -27742
-17438 -27742
-17438 -27742
-17465 -27725
-17465 -27725
-17465 -27725
-17465 -27725
-17465 -27725
-17465 -27725
-17465 -27725
-17465 -27725
-17465 -27725
-17465 -27725
-17465 -27725
-17492 -27708
-17492 -27708
-17492 -27708
-17492 -27708
-17492 -27708
-17492 -27708
-17492 -27708
-17492 -27708
-17492 -27708
-17492 -27708
-17519 -27690
-17519 -27690
-17519 -27690
-17519 -27690
-17519 -27690
-17519 -27690
-17519 -27690
-17519 -27690
-17519 -27690
-17519 -27690
-17546 -27673
-17546 -27673
-17532 -27682
-17532 -27682
-17532 -27682
-17558 -27666
-17558 -27666
-17558 -27666
-17558 -27666
-17558 -27666
-17558 -27666
-17558 -27666
-17558 -27666
-17558 -27666
-17558 -27666
-17585 -27649
-17585 -27649
-17585 -27649
-17585 -27649
-17585 -27649
-17585 -27649
-17585 -27649
-17585 -27649
-17585 -27649
-17585 -27649
-17612 -27632
-17612 -27632
-17612 -27632
-17612 -27632
-17612 -27632
-17612 -27632
-17612 -27632
-17612 -27632
-17612 -27632
-17612 -27632
-17639 -27614
-17639 -27614
-17639 -27614
-17639 -27614
-17639 -27614
-17639 -27614
-17639 -27614
-17639 -27614
-17639 -27614
-17639 -27614
-17639 -27614
-17666 -27597
-17666 -27597
-17666 -27597
-17666 -27597
-17666 -27597
-17666 -27597
-17666 -27597
-17666 -27597
-17666 -27597
-17666 -27597
-17693 -27580
-17693 -27580
-17693 -27580
-17693 -27580
-17693 -27580
-17693 -27580
-17693 -27580
-17693 -27580
-17693 -27580
-17693 -27580
-17719 -27564
-17719 -27564
-17719 -27564
-17719 -27564
-17719 -27564
-17719 -27564
-17719 -27564
-17719 -27564
-17719 -27564
-17719 -27564
-17747 -27546
-17747 -27546
-17747 -27546
-17747 -27546
-17747 -27546
-17747 -27546
-17747 -27546
-17747 -27546
-17747 -27546
-17747 -27546
-17774 -27529
-17774 -27529
-17774 -27529
-17774 -27529
-17774 -27529
-17774 -27529
-17774 -27529
-17774 -27529
-17774 -27529
-17774 -27529
-17801 -27511
-17801 -27511
-17801 -27511
-17801 -27511
-17801 -27511
-17801 -27511
-17801 -27511
-17801 -27511
-17801 -27511
-17801 -27511
-17827 -27494
-17827 -27494
-17827 -27494
-17827 -27494
-17827 -27494
-17827 -27494
-17827 -27494
-17827 -27494
-17827 -27494
-17827 -27494
-17855 -27477
-17855 -27477
-17855 -27477
-17855 -27477
-17855 -27477
-17855 -27477
-17855 -27477
-17855 -27477
-17855 -27477
-17855 -27477
-17855 -27477
-17881 -27460
-17881 -27460
-17881 -27460
-17868 -27468
-17868 -27468
-17868 -27468
-17868 -27468
-17895 -27451
-17895 -27451
-17895 -27451
-17895 -27451
-17895 -27451
-17895 -27451
-17895 -27451
-17895 -27451
-17895 -27451
-17895 -27451
-17922 -27433
-17922 -27433
-17922 -27433
-17922 -27433
-17922 -27433
-17922 -27433
-17922 -27433
-17922 -27433
-17922 -27433
-17922 -27433
-17922 -27433
-17948 -27416
-17948 -27416
-17948 -27416
-17948 -27416
-17948 -27416
-17948 -27416
-17948 -27416
-17948 -27416
-17948 -27416
-17948 -27416
-17975 -27399
-17975 -27399
-17975 -27399
-17975 -27399
-17975 -27399
-17975 -27399
-17975 -27399
-17975 -27399
-17975 -27399
-17975 -27399
-18001 -27381
-18001 -27381
-18001 -27381
-18001 -27381
-18001 -27381
-18001 -27381
-18001 -27381
-18001 -27381
-18001 -27381
-18001 -27381
-18029 -27363
-18029 -27363
-18029 -27363
-18029 -27363
-18029 -27363
-18029 -27363
-18029 -27363
-18029 -27363
-18029 -27363
-18029 -27363
-18055 -27345
-18055 -27345
-18055 -27345
-18055 -27345
-18055 -27345
-18055 -27345
-18055 -27345
-18055 -27345
-18055 -27345
-18055 -27345
-18082 -27328
-18082 -27328
-18082 -27328
-18082 -27328
-18082 -27328
-18082 -27328
-18082 -27328
-18082 -27328
-18082 -27328
-18082 -27328
-18108 -27310
-18108 -27310
-18108 -27310
-18108 -27310
-18108 -27310
-18108 -27310
-18108 -27310
-18108 -27310
-18108 -27310
-18108 -27310
-18134 -27293
-18134 -27293
-18134 -27293
-18134 -27293
-18134 -27293
-18134 -27293
-18134 -27293
-18134 -27293
-18134 -27293
-18134 -27293
-18134 -27293
-18161 -27275
-18161 -27275
-18161 -27275
-18161 -27275
-18161 -27275
-18161 -27275
-18161 -27275
-18161 -27275
-18161 -27275
-18161 -27275
-18187 -27257
-18187 -27257
-18187 -27257
-18187 -27257
-18187 -27257
-18187 -27257
-18187 -27257
-18187 -27257
-18187 -27257
-18187 -27257
-18214 -27239
-18214 -27239
-18200 -27249
-18200 -27249
-18200 -27249
-18226 -27231
-18226 -27231
-18226 -27231
-18226 -27231
-18226 -27231
-18226 -27231
-18226 -27231
-18226 -27231
-18226 -27231
-18226 -27231
-18252 -27214
-18252 -27214
-18252 -27214
-18252 -27214
-18252 -27214
-18252 -27214
-18252 -27214
-18252 -27214
-18252 -27214
-18252 -27214
-18279 -27196
-18279 -27196
-18279 -27196
-18279 -27196
-18279 -27196
-18279 -27196
-18279 -27196
-18279 -27196
-18279 -27196
-18279 -27196
-18305 -27178
-18305 -27178
-18305 -27178
-18305 -27178
-18305 -27178
-18305 -27178
-18305 -27178
-18305 -27178
-18305 -27178
-18305 -27178
-18305 -27178
-18332 -27160
-18332 -27160
-18332 -27160
-18332 -27160
-18332 -27160
-18332 -27160
-18332 -27160
-18332 -27160
-18332 -27160
-18332 -27160
-18359 -27142
-18359 -27142
-18359 -27142
-18359 -27142
-18359 -27142
-18359 -27142
-18359 -27142
-18359 -27142
-18359 -27142
-18359 -27142
-18384 -27125
-18384 -27125
-18384 -27125
-18384 -27125
-18384 -27125
-18384 -27125
-18384 -27125
-18384 -27125
-18384 -27125
-18384 -27125
-18412 -27107
-18412 -27107
-18412 -27107
-18412 -27107
-18412 -27107
-18412 -27107
-18412 -27107
-18412 -27107
-18412 -27107
-18412 -27107
-18438 -27089
-18438 -27089
-18438 -27089
-18438 -27089
-18438 -27089
-18438 -27089
-18438 -27089
-18438 -27089
-18438 -27089
-18438 -27089
-18464 -27071
-18464 -27071
-18464 -27071
-18464 -27071
-18464 -27071
-18464 -27071
-18464 -27071
-18464 -27071
-18464 -27071
-18464 -27071
-18490 -27053
-18490 -27053
-18490 -27053
-18490 -27053
-18490 -27053
-18490 -27053
-18490 -27053
-18490 -27053
-18490 -27053
-18490 -27053
-18518 -27035
-18518 -27035
-18518 -27035
-18518 -27035
-18518 -27035
-18518 -27035
-18518 -27035
-18518 -27035
-18518 -27035
-18518 -27035
-18518 -27035
-18543 -27018
-18543 -27018
-18543 -27018
-18533 -27022
-18533 -27022
-18533 -27022
-18533 -27022
-18560 -27005
-18560 -27005
-18560 -27005
-18560 -27005
-18560 -27005
-18560 -27005
-18560 -27005
-18560 -27005
-18560 -27005
-18560 -27005
-18586 -26986
-18586 -26986
-18586 -26986
-18586 -26986
-18586 -26986
-18586 -26986
-18586 -26986
-18586 -26986
-18586 -26986
-18586 -26986
-18586 -26986
-18612 -26968
-18612 -26968
-18612 -26968
-18612 -26968
-18612 -26968
-18612 -26968
-18612 -26968
-18612 -26968
-18612 -26968
-18612 -26968
-18639 -26950
-18639 -26950
-18639 -26950
-18639 -26950
-18639 -26950
-18639 -26950
-18639 -26950
-18639 -26950
-18639 -26950
-18639 -26950
-18664 -26932
-18664 -26932
-18664 -26932
-18664 -26932
-18664 -26932
-18664 -26932
-18664 -26932
-18664 -26932
-18664 -26932
-18664 -26932
-18691 -26913
-18691 -26913
-18691 -26913
-18691 -26913
-18691 -26913
-18691 -26913
-18691 -26913
-18691 -26913
-18691 -26913
-18691 -26913
-18718 -26895
-18718 -26895
-18718 -26895
-18718 -26895
-18718 -26895
-18718 -26895
-18718 -26895
-18718 -26895
-18718 -26895
-18718 -26895
-18744 -26877
-18744 -26877
-18744 -26877
-18744 -26877
-18744 -26877
-18744 -26877
-18744 -26877
-18744 -26877
-18744 -26877
-18744 -26877
-18769 -26859
-18769 -26859
-18769 -26859
-18769 -26859
-18769 -26859
-18769 -26859
-18769 -26859
-18769 -26859
-18769 -26859
-18769 -26859
-18795 -26840
-18795 -26840
-18795 -26840
-18795 -26840
-18795 -26840
-18795 -26840
-18795 -26840
-18795 -26840
-18795 -26840
-18795 -26840
-18795 -26840
-18821 -26822
-18821 -26822
-18821 -26822
-18821 -26822
-18821 -26822
-18821 -26822
-18821 -26822
-18821 -26822
-18821 -26822
-18821 -26822
-18848 -26803
-18848 -26803
-18848 -26803
-18848 -26803
-18848 -26803
-18848 -26803
-18848 -26803
-18848 -26803
-18848 -26803
-18848 -26803
-18874 -26785
-18874 -26785
-18860 -26795
-18860 -26795
-18860 -26795
-18885 -26777
-18885 -26777
-18885 -26777
-18885 -26777
-18885 -26777
-18885 -26777
-18885 -26777
-18885 -26777
-18885 -26777
-18885 -26777
-18911 -26759
-18911 -26759
-18911 -26759
-18911 -26759
-18911 -26759
-18911 -26759
-18911 -26759
-18911 -26759
-18911 -26759
-18911 -26759
-18938 -26740
-18938 -26740
-18938 -26740
-18938 -26740
-18938 -26740
-18938 -26740
-18938 -26740
-18938 -26740
-18938 -26740
-18938 -26740
-18964 -26722
-18964 -26722
-18964 -26722
-18964 -26722
-18964 -26722
-18964 -26722
-18964 -26722
-18964 -26722
-18964 -26722
-18964 -26722
-18964 -26722
-18990 -26703
-18990 -26703
-18990 -26703
-18990 -26703
-18990 -26703
-18990 -26703
-18990 -26703
-18990 -26703
-18990 -26703
-18990 -26703
-19016 -26685
-19016 -26685
-19016 -26685
-19016 -26685
-19016 -26685
-19016 -26685
-19016 -26685
-19016 -26685
-19016 -26685
-19016 -26685
-19041 -26667
-19041 -26667
-19041 -26667
-19041 -26667
-19041 -26667
-19041 -26667
-19041 -26667
-19041 -26667
-19041 -26667
-19041 -26667
-19068 -26648
-19068 -26648
-19068 -26648
-19068 -26648
-19068 -26648
-19068 -26648
-19068 -26648
-19068 -26648
-19068 -26648
-19068 -26648
-19095 -26630
-19095 -26630
-19095 -26630
-19095 -26630
-19095 -26630
-19095 -26630
-19095 -26630
-19095 -26630
-19095 -26630
-19095 -26630
-19120 -26610
-19120 -26610
-19120 -26610
-19120 -26610
-19120 -26610
-19120 -26610
-19120 -26610
-19120 -26610
-19120 -26610
-19120 -26610
-19145 -26592
-19145 -26592
-19145 -26592
-19145 -26592
-19145 -26592
-19145 -26592
-19145 -26592
-19145 -26592
-19145 -26592
-19145 -26592
-19172 -26573
-19172 -26573
-19172 -26573
-19172 -26573
-19172 -26573
-19172 -26573
-19172 -26573
-19172 -26573
-19172 -26573
-19172 -26573
-19172 -26573
-19198 -26556
-19198 -26556
-19198 -26556
-19187 -26562
-19187 -26562
-19187 -26562
-19187 -26562
-19213 -26544
-19213 -26544
-19213 -26544
-19213 -26544
-19213 -26544
-19213 -26544
-19213 -26544
-19213 -26544
-19213 -26544
-19213 -26544
-19239 -26525
-19239 -26525
-19239 -26525
-19239 -26525
-19239 -26525
-19239 -26525
-19239 -26525
-19239 -26525
-19239 -26525
-19239 -26525
-19239 -26525
-19265 -26506
-19265 -26506
-19265 -26506
-19265 -26506
-19265 -26506
-19265 -26506
-19265 -26506
-19265 -26506
-19265 -26506
-19265 -26506
-19291 -26488
-19291 -26488
-19291 -26488
-19291 -26488
-19291 -26488
-19291 -26488
-19291 -26488
-19291 -26488
-19291 -26488
-19291 -26488
-19316 -26469
-19316 -26469
-19316 -26469
-19316 -26469
-19316 -26469
-19316 -26469
-19316 -26469
-19316 -26469
-19316 -26469
-19316 -26469
-19342 -26450
-19342 -26450
-19342 -26450
-19342 -26450
-19342 -26450
-19342 -26450
-19342 -26450
-19342 -26450
-19342 -26450
-19342 -26450
-19368 -26431
-19368 -26431
-19368 -26431
-19368 -26431
-19368 -26431
-19368 -26431
-19368 -26431
-19368 -26431
-19368 -26431
-19368 -26431
-19394 -26412
-19394 -26412
-19394 -26412
-19394 -26412
-19394 -26412
-19394 -26412
-19394 -26412
-19394 -26412
-19394 -26412
-19394 -26412
-19419 -26393
-19419 -26393
-19419 -26393
-19419 -26393
-19419 -26393
-19419 -26393
-19419 -26393
-19419 -26393
-19419 -26393
-19419 -26393
-19445 -26374
-19445 -26374
-19445 -26374
-19445 -26374
-19445 -26374
-19445 -26374
-19445 -26374
-19445 -26374
-19445 -26374
-19445 -26374
-19445 -26374
-19470 -26355
-19470 -26355
-19470 -26355
-19470 -26355
-19470 -26355
-19470 -26355
-19470 -26355
-19470 -26355
-19470 -26355
-19470 -26355
-19496 -26336
-19496 -26336
-19496 -26336
-19496 -26336
-19496 -26336
-19496 -26336
-19496 -26336
-19496 -26336
-19496 -26336
-19496 -26336
-19522 -26317
-19522 -26317
-19508 -26327
-19508 -26327
-19508 -26327
-19533 -26308
-19533 -26308
-19533 -26308
-19533 -26308
-19533 -26308
-19533 -26308
-19533 -26308
-19533 -26308
-19533 -26308
-19533 -26308
-19559 -26289
-19559 -26289
-19559 -26289
-19559 -26289
-19559 -26289
-19559 -26289
-19559 -26289
-19559 -26289
-19559 -26289
-19559 -26289
-19584 -26270
-19584 -26270
-19584 -26270
-19584 -26270
-19584 -26270
-19584 -26270
-19584 -26270
-19584 -26270
-19584 -26270
-19584 -26270
-19610 -26251
-19610 -26251
-19610 -26251
-19610 -26251
-19610 -26251
-19610 -26251
-19610 -26251
-19610 -26251
-19610 -26251
-19610 -26251
-19610 -26251
-19636 -26232
-19636 -26232
-19636 -26232
-19636 -26232
-19636 -26232
-19636 -26232
-19636 -26232
-19636 -26232
-19636 -26232
-19636 -26232
-19661 -26213
-19661 -26213
-19661 -26213
-19661 -26213
-19661 -26213
-19661 -26213
-19661 -26213
-19661 -26213
-19661 -26213
-19661 -26213
-19686 -26195
-19686 -26195
-19686 -26195
-19686 -26195
-19686 -26195
-19686 -26195
-19686 -26195
-19686 -26195
-19686 -26195
-19686 -26195
-19713 -26175
-19713 -26175
-19713 -26175
-19713 -26175
-19713 -26175
-19713 -26175
-19713 -26175
-19713 -26175
-19713 -26175
-19713 -26175
-19739 -26156
-19739 -26156
-19739 -26156
-19739 -26156
-19739 -26156
-19739 -26156
-19739 -26156
-19739 -26156
-19739 -26156
-19739 -26156
-19764 -26136
-19764 -26136
-19764 -26136
-19764 -26136
-19764 -26136
-19764 -26136
-19764 -26136
-19764 -26136
-19764 -26136
-19764 -26136
-19789 -26118
-19789 -26118
-19789 -26118
-19789 -26118
-19789 -26118
-19789 -26118
-19789 -26118
-19789 -26118
-19789 -26118
-19789 -26118
-19815 -26098
-19815 -26098
-19815 -26098
-19815 -26098
-19815 -26098
-19815 -26098
-19815 -26098
-19815 -26098
-19815 -26098
-19815 -26098
-19815 -26098
-19840 -26080
-19840 -26080
-19840 -26080
-19829 -26086
-19829 -26086
-19829 -26086
-19829 -26086
-19855 -26067
-19855 -26067
-19855 -26067
-19855 -26067
-19855 -26067
-19855 -26067
-19855 -26067
-19855 -26067
-19855 -26067
-19855 -26067
-19880 -26048
-19880 -26048
-19880 -26048
-19880 -26048
-19880 -26048
-19880 -26048
-19880 -26048
-19880 -26048
-19880 -26048
-19880 -26048
-19880 -26048
-19905 -26028
-19905 -26028
-19905 -26028
-19905 -26028
-19905 -26028
-19905 -26028
-19905 -26028
-19905 -26028
-19905 -26028
-19905 -26028
-19931 -26009
-19931 -26009
-19931 -26009
-19931 -26009
-19931 -26009
-19931 -26009
-19931 -26009
-19931 -26009
-19931 -26009
-19931 -26009
-19956 -25990
-19956 -25990
-19956 -25990
-19956 -25990
-19956 -25990
-19956 -25990
-19956 -25990
-19956 -25990
-19956 -25990
-19956 -25990
-19982 -25970
-19982 -25970
-19982 -25970
-19982 -25970
-19982 -25970
-19982 -25970
-19982 -25970
-19982 -25970
-19982 -25970
-19982 -25970
-20007 -25950
-20007 -25950
-20007 -25950
-20007 -25950
-20007 -25950
-20007 -25950
-20007 -25950
-20007 -25950
-20007 -25950
-20007 -25950
-20032 -25930
-20032 -25930
-20032 -25930
-20032 -25930
-20032 -25930
-20032 -25930
-20032 -25930
-20032 -25930
-20032 -25930
-20032 -25930
-20057 -25911
-20057 -25911
-20057 -25911
-20057 -25911
-20057 -25911
-20057 -25911
-20057 -25911
-20057 -25911
-20057 -25911
-20057 -25911
-20082 -25892
-20082 -25892
-20082 -25892
-20082 -25892
-20082 -25892
-20082 -25892
-20082 -25892
-20082 -25892
-20082 -25892
-20082 -25892
-20082 -25892
-20107 -25872
-20107 -25872
-20107 -25872
-20107 -25872
-20107 -25872
-20107 -25872
-20107 -25872
-20107 -25872
-20107 -25872
-20107 -25872
-20132 -25852
-20132 -25852
-20132 -25852
-20132 -25852
-20132 -25852
-20132 -25852
-20132 -25852
-20132 -25852
-20132 -25852
-20132 -25852
-20157 -25833
-20157 -25833
-20144 -25843
-20144 -25843
-20144 -25843
-20169 -25824
-20169 -25824
-20169 -25824
-20169 -25824
-20169 -25824
-20169 -25824
-20169 -25824
-20169 -25824
-20169 -25824
-20169 -25824
-20194 -25804
-20194 -25804
-20194 -25804
-20194 -25804
-20194 -25804
-20194 -25804
-20194 -25804
-20194 -25804
-20194 -25804
-20194 -25804
-20219 -25785
-20219 -25785
-20219 -25785
-20219 -25785
-20219 -25785
-20219 -25785
-20219 -25785
-20219 -25785
-20219 -25785
-20219 -25785
-20244 -25765
-20244 -25765
-20244 -25765
-20244 -25765
-20244 -25765
-20244 -25765
-20244 -25765
-20244 -25765
-20244 -25765
-20244 -25765
-20244 -25765
-20269 -25745
-20269 -25745
-20269 -25745
-20269 -25745
-20269 -25745
-20269 -25745
-20269 -25745
-20269 -25745
-20269 -25745
-20269 -25745
-20295 -25726
-20295 -25726
-20295 -25726
-20295 -25726
-20295 -25726
-20295 -25726
-20295 -25726
-20295 -25726
-20295 -25726
-20295 -25726
-20319 -25707
-20319 -25707
-20319 -25707
-20319 -25707
-20319 -25707
-20319 -25707
-20319 -25707
-20319 -25707
-20319 -25707
-20319 -25707
-20345 -25686
-20345 -25686
-20345 -25686
-20345 -25686
-20345 -25686
-20345 -25686
-20345 -25686
-20345 -25686
-20345 -25686
-20345 -25686
-20370 -25667
-20370 -25667
-20370 -25667
-20370 -25667
-20370 -25667
-20370 -25667
-20370 -25667
-20370 -25667
-20370 -25667
-20370 -25667
-20395 -25646
-20395 -25646
-20395 -25646
-20395 -25646
-20395 -25646
-20395 -25646
-20395 -25646
-20395 -25646
-20395 -25646
-20395 -25646
-20419 -25627
-20419 -25627
-20419 -25627
-20419 -25627
-20419 -25627
-20419 -25627
-20419 -25627
-20419 -25627
-20419 -25627
-20419 -25627
-20445 -25607
-20445 -25607
-20445 -25607
-20445 -25607
-20445 -25607
-20445 -25607
-20445 -25607
-20445 -25607
-20445 -25607
-20445 -25607
-20445 -25607
-20470 -25588
-20470 -25588
-20470 -25588
-20484 -25575
-20484 -25575
-20484 -25575
-20484 -25575
-20510 -25556
-20510 -25556
-20510 -25556
-20510 -25556
-20510 -25556
-20510 -25556
-20510 -25556
-20510 -25556
-20510 -25556
-20510 -25556
-20534 -25536
-20534 -25536
-20534 -25536
-20534 -25536
-20534 -25536
-20534 -25536
-20534 -25536
-20534 -25536
-20534 -25536
-20534 -25536
-20534 -25536
-20559 -25515
-20559 -25515
-20559 -25515
-20559 -25515
-20559 -25515
-20559 -25515
-20559 -25515
-20559 -25515
-20559 -25515
-20559 -25515
-20585 -25496
-20585 -25496
-20585 -25496
-20585 -25496
-20585 -25496
-20585 -25496
-20585 -25496
-20585 -25496
-20585 -25496
-20585 -25496
-20609 -25476
-20609 -25476
-20609 -25476
-20609 -25476
-20609 -25476
-20609 -25476
-20609 -25476
-20609 -25476
-20609 -25476
-20609 -25476
-20634 -25455
-20634 -25455
-20634 -25455
-20634 -25455
-20634 -25455
-20634 -25455
-20634 -25455
-20634 -25455
-20634 -25455
-20634 -25455
-20659 -25435
-20659 -25435
-20659 -25435
-20659 -25435
-20659 -25435
-20659 -25435
-20659 -25435
-20659 -25435
-20659 -25435
-20659 -25435
-20683 -25414
-20683 -25414
-20683 -25414
-20683 -25414
-20683 -25414
-20683 -25414
-20683 -25414
-20683 -25414
-20683 -25414
-20683 -25414
-20707 -25395
-20707 -25395
-20707 -25395
-20707 -25395
-20707 -25395
-20707 -25395
-20707 -25395
-20707 -25395
-20707 -25395
-20707 -25395
-20732 -25374
-20732 -25374
-20732 -25374
-20732 -25374
-20732 -25374
-20732 -25374
-20732 -25374
-20732 -25374
-20732 -25374
-20732 -25374
-20732 -25374
-20757 -25354
-20757 -25354
-20757 -25354
-20757 -25354
-20757 -25354
-20757 -25354
-20757 -25354
-20757 -25354
-20757 -25354
-20757 -25354
-20782 -25334
-20782 -25334
-20782 -25334
-20782 -25334
-20782 -25334
-20782 -25334
-20782 -25334
-20782 -25334
-20782 -25334
-20782 -25334
-20806 -25314
-20806 -25314
-20793 -25324
-20793 -25324
-20793 -25324
-20817 -25305
-20817 -25305
-20817 -25305
-20817 -25305
-20817 -25305
-20817 -25305
-20817 -25305
-20817 -25305
-20817 -25305
-20817 -25305
-20842 -25284
-20842 -25284
-20842 -25284
-20842 -25284
-20842 -25284
-20842 -25284
-20842 -25284
-20842 -25284
-20842 -25284
-20842 -25284
-20867 -25264
-20867 -25264
-20867 -25264
-20867 -25264
-20867 -25264
-20867 -25264
-20867 -25264
-20867 -25264
-20867 -25264
-20867 -25264
-20891 -25244
-20891 -25244
-20891 -25244
-20891 -25244
-20891 -25244
-20891 -25244
-20891 -25244
-20891 -25244
-20891 -25244
-20891 -25244
-20891 -25244
-20916 -25223
-20916 -25223
-20916 -25223
-20916 -25223
-20916 -25223
-20916 -25223
-20916 -25223
-20916 -25223
-20916 -25223
-20916 -25223
-20941 -25203
-20941 -25203
-20941 -25203
-20941 -25203
-20941 -25203
-20941 -25203
-20941 -25203
-20941 -25203
-20941 -25203
-20941 -25203
-20965 -25183
-20965 -25183
-20965 -25183
-20965 -25183
-20965 -25183
-20965 -25183
-20965 -25183
-20965 -25183
-20965 -25183
-20965 -25183
-20990 -25162
-20990 -25162
-20990 -25162
-20990 -25162
-20990 -25162
-20990 -25162
-20990 -25162
-20990 -25162
-20990 -25162
-20990 -25162
-21015 -25142
-21015 -25142
-21015 -25142
-21015 -25142
-21015 -25142
-21015 -25142
-21015 -25142
-21015 -25142
-21015 -25142
-21015 -25142
-21039 -25121
-21039 -25121
-21039 -25121
-21039 -25121
-21039 -25121
-21039 -25121
-21039 -25121
-21039 -25121
-21039 -25121
-21039 -25121
-21063 -25101
-21063 -25101
-21063 -25101
-21063 -25101
-21063 -25101
-21063 -25101
-21063 -25101
-21063 -25101
-21063 -25101
-21063 -25101
-21088 -25080
-21088 -25080
-21088 -25080
-21088 -25080
-21088 -25080
-21088 -25080
-21088 -25080
-21088 -25080
-21088 -25080
-21088 -25080
-21088 -25080
-21112 -25061
-21112 -25061
-21112 -25061
-21100 -25071
-21100 -25071
-21100 -25071
-21100 -25071
-21125 -25051
-21125 -25051
-21125 -25051
-21125 -25051
-21125 -25051
-21125 -25051
-21125 -25051
-21125 -25051
-21125 -25051
-21125 -25051
-21149 -25030
-21149 -25030
-21149 -25030
-21149 -25030
-21149 -25030
-21149 -25030
-21149 -25030
-21149 -25030
-21149 -25030
-21149 -25030
-21149 -25030
-21173 -25009
-21173 -25009
-21173 -25009
-21173 -25009
-21173 -25009
-21173 -25009
-21173 -25009
-21173 -25009
-21173 -25009
-21173 -25009
-21198 -24989
-21198 -24989
-21198 -24989
-21198 -24989
-21198 -24989
-21198 -24989
-21198 -24989
-21198 -24989
-21198 -24989
-21198 -24989
-21221 -24969
-21221 -24969
-21221 -24969
-21221 -24969
-21221 -24969
-21221 -24969
-21221 -24969
-21221 -24969
-21221 -24969
-21221 -24969
-21246 -24947
-21246 -24947
-21246 -24947
-21246 -24947
-21246 -24947
-21246 -24947
-21246 -24947
-21246 -24947
-21246 -24947
-21246 -24947
-21271 -24926
-21271 -24926
-21271 -24926
-21271 -24926
-21271 -24926
-21271 -24926
-21271 -24926
-21271 -24926
-21271 -24926
-21271 -24926
-21295 -24905
-21295 -24905
-21295 -24905
-21295 -24905
-21295 -24905
-21295 -24905
-21295 -24905
-21295 -24905
-21295 -24905
-21295 -24905
-21318 -24885
-21318 -24885
-21318 -24885
-21318 -24885
-21318 -24885
-21318 -24885
-21318 -24885
-21318 -24885
-21318 -24885
-21318 -24885
-21342 -24864
-21342 -24864
-21342 -24864
-21342 -24864
-21342 -24864
-21342 -24864
-21342 -24864
-21342 -24864
-21342 -24864
-21342 -24864
-21342 -24864
-21367 -24843
-21367 -24843
-21367 -24843
-21367 -24843
-21367 -24843
-21367 -24843
-21367 -24843
-21367 -24843
-21367 -24843
-21367 -24843
-21391 -24822
-21391 -24822
-21391 -24822
-21391 -24822
-21391 -24822
-21391 -24822
-21391 -24822
-21391 -24822
-21391 -24822
-21391 -24822
-21415 -24801
-21415 -24801
-21402 -24812
-21402 -24812
-21402 -24812
-21426 -24792
-21426 -24792
-21426 -24792
-21426 -24792
-21426 -24792
-21426 -24792
-21426 -24792
-21426 -24792
-21426 -24792
-21426 -24792
-21450 -24771
-21450 -24771
-21450 -24771
-21450 -24771
-21450 -24771
-21450 -24771
-21450 -24771
-21450 -24771
-21450 -24771
-21450 -24771
-21474 -24750
-21474 -24750
-21474 -24750
-21474 -24750
-21474 -24750
-21474 -24750
-21474 -24750
-21474 -24750
-21474 -24750
-21474 -24750
-21498 -24729
-21498 -24729
-21498 -24729
-21498 -24729
-21498 -24729
-21498 -24729
-21498 -24729
-21498 -24729
-21498 -24729
-21498 -24729
-21498 -24729
-21523 -24709
-21523 -24709
-21523 -24709
-21523 -24709
-21523 -24709
-21523 -24709
-21523 -24709
-21523 -24709
-21523 -24709
-21523 -24709
-21547 -24688
-21547 -24688
-21547 -24688
-21547 -24688
-21547 -24688
-21547 -24688
-21547 -24688
-21547 -24688
-21547 -24688
-21547 -24688
-21570 -24667
-21570 -24667
-21570 -24667
-21570 -24667
-21570 -24667
-21570 -24667
-21570 -24667
-21570 -24667
-21570 -24667
-21570 -24667
-21595 -24646
-21595 -24646
-21595 -24646
-21595 -24646
-21595 -24646
-21595 -24646
-21595 -24646
-21595 -24646
-21595 -24646
-21595 -24646
-21620 -24625
-21620 -24625
-21620 -24625
-21620 -24625
-21620 -24625
-21620 -24625
-21620 -24625
-21620 -24625
-21620 -24625
-21620 -24625
-21643 -24603
-21643 -24603
-21643 -24603
-21643 -24603
-21643 -24603
-21643 -24603
-21643 -24603
-21643 -24603
-21643 -24603
-21643 -24603
-21667 -24583
-21667 -24583
-21667 -24583
-21667 -24583
-21667 -24583
-21667 -24583
-21667 -24583
-21667 -24583
-21667 -24583
-21667 -24583
-21692 -24561
-21692 -24561
-21692 -24561
-21692 -24561
-21692 -24561
-21692 -24561
-21692 -24561
-21692 -24561
-21692 -24561
-21692 -24561
-21692 -24561
-21715 -24541
-21715 -24541
-21715 -24541
-21705 -24548
-21705 -24548
-21705 -24548
-21705 -24548
-21730 -24528
-21730 -24528
-21730 -24528
-21730 -24528
-21730 -24528
-21730 -24528
-21730 -24528
-21730 -24528
-21730 -24528
-21730 -24528
-21753 -24506
-21753 -24506
-21753 -24506
-21753 -24506
-21753 -24506
-21753 -24506
-21753 -24506
-21753 -24506
-21753 -24506
-21753 -24506
-21753 -24506
-21777 -24485
-21777 -24485
-21777 -24485
-21777 -24485
-21777 -24485
-21777 -24485
-21777 -24485
-21777 -24485
-21777 -24485
-21777 -24485
-21801 -24464
-21801 -24464
-21801 -24464
-21801 -24464
-21801 -24464
-21801 -24464
-21801 -24464
-21801 -24464
-21801 -24464
-21801 -24464
-21824 -24443
-21824 -24443
-21824 -24443
-21824 -24443
-21824 -24443
-21824 -24443
-21824 -24443
-21824 -24443
-21824 -24443
-21824 -24443
-21849 -24421
-21849 -24421
-21849 -24421
-21849 -24421
-21849 -24421
-21849 -24421
-21849 -24421
-21849 -24421
-21849 -24421
-21849 -24421
-21872 -24399
-21872 -24399
-21872 -24399
-21872 -24399
-21872 -24399
-21872 -24399
-21872 -24399
-21872 -24399
-21872 -24399
-21872 -24399
-21896 -24378
-21896 -24378
-21896 -24378
-21896 -24378
-21896 -24378
-21896 -24378
-21896 -24378
-21896 -24378
-21896 -24378
-21896 -24378
-21919 -24357
-21919 -24357
-21919 -24357
-21919 -24357
-21919 -24357
-21919 -24357
-21919 -24357
-21919 -24357
-21919 -24357
-21919 -24357
-21943 -24336
-21943 -24336
-21943 -24336
-21943 -24336
-21943 -24336
-21943 -24336
-21943 -24336
-21943 -24336
-21943 -24336
-21943 -24336
-21943 -24336
-21967 -24314
-21967 -24314
-21967 -24314
-21967 -24314
-21967 -24314
-21967 -24314
-21967 -24314
-21967 -24314
-21967 -24314
-21967 -24314
-21990 -24293
-21990 -24293
-21990 -24293
-21990 -24293
-21990 -24293
-21990 -24293
-21990 -24293
-21990 -24293
-21990 -24293
-21990 -24293
-22014 -24271
-22014 -24271
-22001 -24283
-22001 -24283
-22001 -24283
-22024 -24262
-22024 -24262
-22024 -24262
-22024 -24262
-22024 -24262
-22024 -24262
-22024 -24262
-22024 -24262
-22024 -24262
-22024 -24262
-22048 -24240
-22048 -24240
-22048 -24240
-22048 -24240
-22048 -24240
-22048 -24240
-22048 -24240
-22048 -24240
-22048 -24240
-22048 -24240
-22072 -24219
-22072 -24219
-22072 -24219
-22072 -24219
-22072 -24219
-22072 -24219
-22072 -24219
-22072 -24219
-22072 -24219
-22072 -24219
-22095 -24197
-22095 -24197
-22095 -24197
-22095 -24197
-22095 -24197
-22095 -24197
-22095 -24197
-22095 -24197
-22095 -24197
-22095 -24197
-22095 -24197
-22119 -24176
-22119 -24176
-22119 -24176
-22119 -24176
-22119 -24176
-22119 -24176
-22119 -24176
-22119 -24176
-22119 -24176
-22119 -24176
-22143 -24154
-22143 -24154
-22143 -24154
-22143 -24154
-22143 -24154
-22143 -24154
-22143 -24154
-22143 -24154
-22143 -24154
-22143 -24154
-22166 -24134
-22166 -24134
-22166 -24134
-22166 -24134
-22166 -24134
-22166 -24134
-22166 -24134
-22166 -24134
-22166 -24134
-22166 -24134
-22190 -24111
-22190 -24111
-22190 -24111
-22190 -24111
-22190 -24111
-22190 -24111
-22190 -24111
-22190 -24111
-22190 -24111
-22190 -24111
-22214 -24090
-22214 -24090
-22214 -24090
-22214 -24090
-22214 -24090
-22214 -24090
-22214 -24090
-22214 -24090
-22214 -24090
-22214 -24090
-22237 -24068
-22237 -24068
-22237 -24068
-22237 -24068
-22237 -24068
-22237 -24068
-22237 -24068
-22237 -24068
-22237 -24068
-22237 -24068
-22260 -24047
-22260 -24047
-22260 -24047
-22260 -24047
-22260 -24047
-22260 -24047
-22260 -24047
-22260 -24047
-22260 -24047
-22260 -24047
-22284 -24025
-22284 -24025
-22284 -24025
-22284 -24025
-22284 -24025
-22284 -24025
-22284 -24025
-22284 -24025
-22284 -24025
-22284 -24025
-22284 -24025
-22307 -24004
-22307 -24004
-22307 -24004
-22298 -24012
-22298 -24012
-22298 -24012
-22298 -24012
-22322 -23990
-22322 -23990
-22322 -23990
-22322 -23990
-22322 -23990
-22322 -23990
-22322 -23990
-22322 -23990
-22322 -23990
-22322 -23990
-22345 -23968
-22345 -23968
-22345 -23968
-22345 -23968
-22345 -23968
-22345 -23968
-22345 -23968
-22345 -23968
-22345 -23968
-22345 -23968
-22345 -23968
-22368 -23946
-22368 -23946
-22368 -23946
-22368 -23946
-22368 -23946
-22368 -23946
-22368 -23946
-22368 -23946
-22368 -23946
-22368 -23946
-22392 -23925
-22392 -23925
-22392 -23925
-22392 -23925
-22392 -23925
-22392 -23925
-22392 -23925
-22392 -23925
-22392 -23925
-22392 -23925
-22414 -23904
-22414 -23904
-22414 -23904
-22414 -23904
-22414 -23904
-22414 -23904
-22414 -23904
-22414 -23904
-22414 -23904
-22414 -23904
-22438 -23881
-22438 -23881
-22438 -23881
-22438 -23881
-22438 -23881
-22438 -23881
-22438 -23881
-22438 -23881
-22438 -23881
-22438 -23881
-22461 -23859
-22461 -23859
-22461 -23859
-22461 -23859
-22461 -23859
-22461 -23859
-22461 -23859
-22461 -23859
-22461 -23859
-22461 -23859
-22485 -23837
-22485 -23837
-22485 -23837
-22485 -23837
-22485 -23837
-22485 -23837
-22485 -23837
-22485 -23837
-22485 -23837
-22485 -23837
-22507 -23815
-22507 -23815
-22507 -23815
-22507 -23815
-22507 -23815
-22507 -23815
-22507 -23815
-22507 -23815
-22507 -23815
-22507 -23815
-22530 -23793
-22530 -23793
-22530 -23793
-22530 -23793
-22530 -23793
-22530 -23793
-22530 -23793
-22530 -23793
-22530 -23793
-22530 -23793
-22530 -23793
-22553 -23771
-22553 -23771
-22553 -23771
-22553 -23771
-22553 -23771
-22553 -23771
-22553 -23771
-22553 -23771
-22553 -23771
-22553 -23771
-22577 -23749
-22577 -23749
-22577 -23749
-22577 -23749
-22577 -23749
-22577 -23749
-22577 -23749
-22577 -23749
-22577 -23749
-22577 -23749
-22600 -23727
-22600 -23727
-22588 -23739
-22588 -23739
-22588 -23739
-22610 -23717
-22610 -23717
-22610 -23717
-22610 -23717
-22610 -23717
-22610 -23717
-22610 -23717
-22610 -23717
-22610 -23717
-22610 -23717
-22633 -23695
-22633 -23695
-22633 -23695
-22633 -23695
-22633 -23695
-22633 -23695
-22633 -23695
-22633 -23695
-22633 -23695
-22633 -23695
-22656 -23673
-22656 -23673
-22656 -23673
-22656 -23673
-22656 -23673
-22656 -23673
-22656 -23673
-22656 -23673
-22656 -23673
-22656 -23673
-22680 -23651
-22680 -23651
-22680 -23651
-22680 -23651
-22680 -23651
-22680 -23651
-22680 -23651
-22680 -23651
-22680 -23651
-22680 -23651
-22680 -23651
-22703 -23629
-22703 -23629
-22703 -23629
-22703 -23629
-22703 -23629
-22703 -23629
-22703 -23629
-22703 -23629
-22703 -23629
-22703 -23629
-22726 -23607
-22726 -23607
-22726 -23607
-22726 -23607
-22726 -23607
-22726 -23607
-22726 -23607
-22726 -23607
-22726 -23607
-22726 -23607
-22748 -23586
-22748 -23586
-22748 -23586
-22748 -23586
-22748 -23586
-22748 -23586
-22748 -23586
-22748 -23586
-22748 -23586
-22748 -23586
-22772 -23563
-22772 -23563
-22772 -23563
-22772 -23563
-22772 -23563
-22772 -23563
-22772 -23563
-22772 -23563
-22772 -23563
-22772 -23563
-22795 -23541
-22795 -23541
-22795 -23541
-22795 -23541
-22795 -23541
-22795 -23541
-22795 -23541
-22795 -23541
-22795 -23541
-22795 -23541
-22818 -23518
-22818 -23518
-22818 -23518
-22818 -23518
-22818 -23518
-22818 -23518
-22818 -23518
-22818 -23518
-22818 -23518
-22818 -23518
-22840 -23497
-22840 -23497
-22840 -23497
-22840 -23497
-22840 -23497
-22840 -23497
-22840 -23497
-22840 -23497
-22840 -23497
-22840 -23497
-22864 -23474
-22864 -23474
-22864 -23474
-22864 -23474
-22864 -23474
-22864 -23474
-22864 -23474
-22864 -23474
-22864 -23474
-22864 -23474
-22864 -23474
-22887 -23453
-22887 -23453
-22887 -23453
-22886 -23452
-22886 -23452
-22886 -23452
-22886 -23452
-22909 -23430
-22909 -23430
-22909 -23430
-22909 -23430
-22909 -23430
-22909 -23430
-22909 -23430
-22909 -23430
-22909 -23430
-22909 -23430
-22932 -23407
-22932 -23407
-22932 -23407
-22932 -23407
-22932 -23407
-22932 -23407
-22932 -23407
-22932 -23407
-22932 -23407
-22932 -23407
-22932 -23407
-22954 -23385
-22954 -23385
-22954 -23385
-22954 -23385
-22954 -23385
-22954 -23385
-22954 -23385
-22954 -23385
-22954 -23385
-22954 -23385
-22978 -23363
-22978 -23363
-22978 -23363
-22978 -23363
-22978 -23363
-22978 -23363
-22978 -23363
-22978 -23363
-22978 -23363
-22978 -23363
-23000 -23341
-23000 -23341
-23000 -23341
-23000 -23341
-23000 -23341
-23000 -23341
-23000 -23341
-23000 -23341
-23000 -23341
-23000 -23341
-23023 -23318
-23023 -23318
-23023 -23318
-23023 -23318
-23023 -23318
-23023 -23318
-23023 -23318
-23023 -23318
-23023 -23318
-23023 -23318
-23046 -23295
-23046 -23295
-23046 -23295
-23046 -23295
-23046 -23295
-23046 -23295
-23046 -23295
-23046 -23295
-23046 -23295
-23046 -23295
-23068 -23272
-23068 -23272
-23068 -23272
-23068 -23272
-23068 -23272
-23068 -23272
-23068 -23272
-23068 -23272
-23068 -23272
-23068 -23272
-23090 -23250
-23090 -23250
-23090 -23250
-23090 -23250
-23090 -23250
-23090 -23250
-23090 -23250
-23090 -23250
-23090 -23250
-23090 -23250
-23113 -23228
-23113 -23228
-23113 -23228
-23113 -23228
-23113 -23228
-23113 -23228
-23113 -23228
-23113 -23228
-23113 -23228
-23113 -23228
-23113 -23228
-23135 -23205
-23135 -23205
-23135 -23205
-23135 -23205
-23135 -23205
-23135 -23205
-23135 -23205
-23135 -23205
-23135 -23205
-23135 -23205
-23158 -23183
-23158 -23183
-23158 -23183
-23158 -23183
-23158 -23183
-23158 -23183
-23158 -23183
-23158 -23183
-23158 -23183
-23158 -23183
-23181 -23160
-23181 -23160
-23169 -23172
-23169 -23172
-23169 -23172
-23191 -23150
-23191 -23150
-23191 -23150
-23191 -23150
-23191 -23150
-23191 -23150
-23191 -23150
-23191 -23150
-23191 -23150
-23191 -23150
-23213 -23127
-23213 -23127
-23213 -23127
-23213 -23127
-23213 -23127
-23213 -23127
-23213 -23127
-23213 -23127
-23213 -23127
-23213 -23127
-23236 -23105
-23236 -23105
-23236 -23105
-23236 -23105
-23236 -23105
-23236 -23105
-23236 -23105
-23236 -23105
-23236 -23105
-23236 -23105
-23258 -23082
-23258 -23082
-23258 -23082
-23258 -23082
-23258 -23082
-23258 -23082
-23258 -23082
-23258 -23082
-23258 -23082
-23258 -23082
-23258 -23082
-23281 -23059
-23281 -23059
-23281 -23059
-23281 -23059
-23281 -23059
-23281 -23059
-23281 -23059
-23281 -23059
-23281 -23059
-23281 -23059
-23304 -23037
-23304 -23037
-23304 -23037
-23304 -23037
-23304 -23037
-23304 -23037
-23304 -23037
-23304 -23037
-23304 -23037
-23304 -23037
-23326 -23015
-23326 -23015
-23326 -23015
-23326 -23015
-23326 -23015
-23326 -23015
-23326 -23015
-23326 -23015
-23326 -23015
-23326 -23015
-23349 -22992
-23349 -22992
-23349 -22992
-23349 -22992
-23349 -22992
-23349 -22992
-23349 -22992
-23349 -22992
-23349 -22992
-23349 -22992
-23372 -22969
-23372 -22969
-23372 -22969
-23372 -22969
-23372 -22969
-23372 -22969
-23372 -22969
-23372 -22969
-23372 -22969
-23372 -22969
-23393 -22946
-23393 -22946
-23393 -22946
-23393 -22946
-23393 -22946
-23393 -22946
-23393 -22946
-23393 -22946
-23393 -22946
-23393 -22946
-23415 -22924
-23415 -22924
-23415 -22924
-23415 -22924
-23415 -22924
-23415 -22924
-23415 -22924
-23415 -22924
-23415 -22924
-23415 -22924
-23439 -22900
-23439 -22900
-23439 -22900
-23439 -22900
-23439 -22900
-23439 -22900
-23439 -22900
-23439 -22900
-23439 -22900
-23439 -22900
-23439 -22900
-23461 -22878
-23461 -22878
-23461 -22878
-23452 -22886
-23452 -22886
-23452 -22886
-23452 -22886
-23475 -22864
-23475 -22864
-23475 -22864
-23475 -22864
-23475 -22864
-23475 -22864
-23475 -22864
-23475 -22864
-23475 -22864
-23475 -22864
-23497 -22840
-23497 -22840
-23497 -22840
-23497 -22840
-23497 -22840
-23497 -22840
-23497 -22840
-23497 -22840
-23497 -22840
-23497 -22840
-23497 -22840
-23519 -22817
-23519 -22817
-23519 -22817
-23519 -22817
-23519 -22817
-23519 -22817
-23519 -22817
-23519 -22817
-23519 -22817
-23519 -22817
-23542 -22795
-23542 -22795
-23542 -22795
-23542 -22795
-23542 -22795
-23542 -22795
-23542 -22795
-23542 -22795
-23542 -22795
-23542 -22795
-23563 -22772
-23563 -22772
-23563 -22772
-23563 -22772
-23563 -22772
-23563 -22772
-23563 -22772
-23563 -22772
-23563 -22772
-23563 -22772
-23586 -22748
-23586 -22748
-23586 -22748
-23586 -22748
-23586 -22748
-23586 -22748
-23586 -22748
-23586 -22748
-23586 -22748
-23586 -22748
-23608 -22725
-23608 -22725
-23608 -22725
-23608 -22725
-23608 -22725
-23608 -22725
-23608 -22725
-23608 -22725
-23608 -22725
-23608 -22725
-23630 -22702
-23630 -22702
-23630 -22702
-23630 -22702
-23630 -22702
-23630 -22702
-23630 -22702
-23630 -22702
-23630 -22702
-23630 -22702
-23651 -22680
-23651 -22680
-23651 -22680
-23651 -22680
-23651 -22680
-23651 -22680
-23651 -22680
-23651 -22680
-23651 -22680
-23651 -22680
-23673 -22656
-23673 -22656
-23673 -22656
-23673 -22656
-23673 -22656
-23673 -22656
-23673 -22656
-23673 -22656
-23673 -22656
-23673 -22656
-23673 -22656
-23695 -22633
-23695 -22633
-23695 -22633
-23695 -22633
-23695 -22633
-23695 -22633
-23695 -22633
-23695 -22633
-23695 -22633
-23695 -22633
-23717 -22610
-23717 -22610
-23717 -22610
-23717 -22610
-23717 -22610
-23717 -22610
-23717 -22610
-23717 -22610
-23717 -22610
-23717 -22610
-23739 -22587
-23739 -22587
-23728 -22599
-23728 -22599
-23728 -22599
-23749 -22577
-23749 -22577
-23749 -22577
-23749 -22577
-23749 -22577
-23749 -22577
-23749 -22577
-23749 -22577
-23749 -22577
-23749 -22577
-23771 -22553
-23771 -22553
-23771 -22553
-23771 -22553
-23771 -22553
-23771 -22553
-23771 -22553
-23771 -22553
-23771 -22553
-23771 -22553
-23793 -22530
-23793 -22530
-23793 -22530
-23793 -22530
-23793 -22530
-23793 -22530
-23793 -22530
-23793 -22530
-23793 -22530
-23793 -22530
-23815 -22507
-23815 -22507
-23815 -22507
-23815 -22507
-23815 -22507
-23815 -22507
-23815 -22507
-23815 -22507
-23815 -22507
-23815 -22507
-23815 -22507
-23837 -22484
-23837 -22484
-23837 -22484
-23837 -22484
-23837 -22484
-23837 -22484
-23837 -22484
-23837 -22484
-23837 -22484
-23837 -22484
-23859 -22461
-23859 -22461
-23859 -22461
-23859 -22461
-23859 -22461
-23859 -22461
-23859 -22461
-23859 -22461
-23859 -22461
-23859 -22461
-23881 -22438
-23881 -22438
-23881 -22438
-23881 -22438
-23881 -22438
-23881 -22438
-23881 -22438
-23881 -22438
-23881 -22438
-23881 -22438
-23904 -22414
-23904 -22414
-23904 -22414
-23904 -22414
-23904 -22414
-23904 -22414
-23904 -22414
-23904 -22414
-23904 -22414
-23904 -22414
-23926 -22391
-23926 -22391
-23926 -22391
-23926 -22391
-23926 -22391
-23926 -22391
-23926 -22391
-23926 -22391
-23926 -22391
-23926 -22391
-23947 -22367
-23947 -22367
-23947 -22367
-23947 -22367
-23947 -22367
-23947 -22367
-23947 -22367
-23947 -22367
-23947 -22367
-23947 -22367
-23968 -22345
-23968 -22345
-23968 -22345
-23968 -22345
-23968 -22345
-23968 -22345
-23968 -22345
-23968 -22345
-23968 -22345
-23968 -22345
-23991 -22321
-23991 -22321
-23991 -22321
-23991 -22321
-23991 -22321
-23991 -22321
-23991 -22321
-23991 -22321
-23991 -22321
-23991 -22321
-23991 -22321
-24012 -22299
-24012 -22299
-24012 -22299
-24003 -22307
-24003 -22307
-24003 -22307
-24003 -22307
-24025 -22284
-24025 -22284
-24025 -22284
-24025 -22284
-24025 -22284
-24025 -22284
-24025 -22284
-24025 -22284
-24025 -22284
-24025 -22284
-24047 -22260
-24047 -22260
-24047 -22260
-24047 -22260
-24047 -22260
-24047 -22260
-24047 -22260
-24047 -22260
-24047 -22260
-24047 -22260
-24047 -22260
-24068 -22236
-24068 -22236
-24068 -22236
-24068 -22236
-24068 -22236
-24068 -22236
-24068 -22236
-24068 -22236
-24068 -22236
-24068 -22236
-24091 -22213
-24091 -22213
-24091 -22213
-24091 -22213
-24091 -22213
-24091 -22213
-24091 -22213
-24091 -22213
-24091 -22213
-24091 -22213
-24111 -22190
-24111 -22190
-24111 -22190
-24111 -22190
-24111 -22190
-24111 -22190
-24111 -22190
-24111 -22190
-24111 -22190
-24111 -22190
-24134 -22166
-24134 -22166
-24134 -22166
-24134 -22166
-24134 -22166
-24134 -22166
-24134 -22166
-24134 -22166
-24134 -22166
-24134 -22166
-24155 -22142
-24155 -22142
-24155 -22142
-24155 -22142
-24155 -22142
-24155 -22142
-24155 -22142
-24155 -22142
-24155 -22142
-24155 -22142
-24177 -22118
-24177 -22118
-24177 -22118
-24177 -22118
-24177 -22118
-24177 -22118
-24177 -22118
-24177 -22118
-24177 -22118
-24177 -22118
-24197 -22095
-24197 -22095
-24197 -22095
-24197 -22095
-24197 -22095
-24197 -22095
-24197 -22095
-24197 -22095
-24197 -22095
-24197 -22095
-24219 -22072
-24219 -22072
-24219 -22072
-24219 -22072
-24219 -22072
-24219 -22072
-24219 -22072
-24219 -22072
-24219 -22072
-24219 -22072
-24219 -22072
-24240 -22048
-24240 -22048
-24240 -22048
-24240 -22048
-24240 -22048
-24240 -22048
-24240 -22048
-24240 -22048
-24240 -22048
-24240 -22048
-24262 -22024
-24262 -22024
-24262 -22024
-24262 -22024
-24262 -22024
-24262 -22024
-24262 -22024
-24262 -22024
-24262 -22024
-24262 -22024
-24283 -22001
-24283 -22001
-24272 -22013
-24272 -22013
-24272 -22013
-24293 -21990
-24293 -21990
-24293 -21990
-24293 -21990
-24293 -21990
-24293 -21990
-24293 -21990
-24293 -21990
-24293 -21990
-24293 -21990
-24314 -21967
-24314 -21967
-24314 -21967
-24314 -21967
-24314 -21967
-24314 -21967
-24314 -21967
-24314 -21967
-24314 -21967
-24314 -21967
-24336 -21943
-24336 -21943
-24336 -21943
-24336 -21943
-24336 -21943
-24336 -21943
-24336 -21943
-24336 -21943
-24336 -21943
-24336 -21943
-24357 -21919
-24357 -21919
-24357 -21919
-24357 -21919
-24357 -21919
-24357 -21919
-24357 -21919
-24357 -21919
-24357 -21919
-24357 -21919
-24357 -21919
-24379 -21895
-24379 -21895
-24379 -21895
-24379 -21895
-24379 -21895
-24379 -21895
-24379 -21895
-24379 -21895
-24379 -21895
-24379 -21895
-24400 -21872
-24400 -21872
-24400 -21872
-24400 -21872
-24400 -21872
-24400 -21872
-24400 -21872
-24400 -21872
-24400 -21872
-24400 -21872
-24421 -21849
-24421 -21849
-24421 -21849
-24421 -21849
-24421 -21849
-24421 -21849
-24421 -21849
-24421 -21849
-24421 -21849
-24421 -21849
-24443 -21824
-24443 -21824
-24443 -21824
-24443 -21824
-24443 -21824
-24443 -21824
-24443 -21824
-24443 -21824
-24443 -21824
-24443 -21824
-24465 -21801
-24465 -21801
-24465 -21801
-24465 -21801
-24465 -21801
-24465 -21801
-24465 -21801
-24465 -21801
-24465 -21801
-24465 -21801
-24485 -21776
-24485 -21776
-24485 -21776
-24485 -21776
-24485 -21776
-24485 -21776
-24485 -21776
-24485 -21776
-24485 -21776
-24485 -21776
-24506 -21753
-24506 -21753
-24506 -21753
-24506 -21753
-24506 -21753
-24506 -21753
-24506 -21753
-24506 -21753
-24506 -21753
-24506 -21753
-24528 -21729
-24528 -21729
-24528 -21729
-24528 -21729
-24528 -21729
-24528 -21729
-24528 -21729
-24528 -21729
-24528 -21729
-24528 -21729
-24528 -21729
-24549 -21706
-24549 -21706
-24549 -21706
-24540 -21714
-24540 -21714
-24540 -21714
-24540 -21714
-24562 -21691
-24562 -21691
-24562 -21691
-24562 -21691
-24562 -21691
-24562 -21691
-24562 -21691
-24562 -21691
-24562 -21691
-24562 -21691
-24583 -21667
-24583 -21667
-24583 -21667
-24583 -21667
-24583 -21667
-24583 -21667
-24583 -21667
-24583 -21667
-24583 -21667
-24583 -21667
-24583 -21667
-24604 -21642
-24604 -21642
-24604 -21642
-24604 -21642
-24604 -21642
-24604 -21642
-24604 -21642
-24604 -21642
-24604 -21642
-24604 -21642
-24626 -21619
-24626 -21619
-24626 -21619
-24626 -21619
-24626 -21619
-24626 -21619
-24626 -21619
-24626 -21619
-24626 -21619
-24626 -21619
-24646 -21595
-24646 -21595
-24646 -21595
-24646 -21595
-24646 -21595
-24646 -21595
-24646 -21595
-24646 -21595
-24646 -21595
-24646 -21595
-24667 -21570
-24667 -21570
-24667 -21570
-24667 -21570
-24667 -21570
-24667 -21570
-24667 -21570
-24667 -21570
-24667 -21570
-24667 -21570
-24688 -21546
-24688 -21546
-24688 -21546
-24688 -21546
-24688 -21546
-24688 -21546
-24688 -21546
-24688 -21546
-24688 -21546
-24688 -21546
-24709 -21522
-24709 -21522
-24709 -21522
-24709 -21522
-24709 -21522
-24709 -21522
-24709 -21522
-24709 -21522
-24709 -21522
-24709 -21522
-24729 -21498
-24729 -21498
-24729 -21498
-24729 -21498
-24729 -21498
-24729 -21498
-24729 -21498
-24729 -21498
-24729 -21498
-24729 -21498
-24750 -21474
-24750 -21474
-24750 -21474
-24750 -21474
-24750 -21474
-24750 -21474
-24750 -21474
-24750 -21474
-24750 -21474
-24750 -21474
-24750 -21474
-24771 -21450
-24771 -21450
-24771 -21450
-24771 -21450
-24771 -21450
-24771 -21450
-24771 -21450
-24771 -21450
-24771 -21450
-24771 -21450
-24792 -21426
-24792 -21426
-24792 -21426
-24792 -21426
-24792 -21426
-24792 -21426
-24792 -21426
-24792 -21426
-24792 -21426
-24792 -21426
-24813 -21402
-24813 -21402
-24802 -21414
-24802 -21414
-24802 -21414
-24822 -21391
-24822 -21391
-24822 -21391
-24822 -21391
-24822 -21391
-24822 -21391
-24822 -21391
-24822 -21391
-24822 -21391
-24822 -21391
-24843 -21367
-24843 -21367
-24843 -21367
-24843 -21367
-24843 -21367
-24843 -21367
-24843 -21367
-24843 -21367
-24843 -21367
-24843 -21367
-24864 -21342
-24864 -21342
-24864 -21342
-24864 -21342
-24864 -21342
-24864 -21342
-24864 -21342
-24864 -21342
-24864 -21342
-24864 -21342
-24885 -21318
-24885 -21318
-24885 -21318
-24885 -21318
-24885 -21318
-24885 -21318
-24885 -21318
-24885 -21318
-24885 -21318
-24885 -21318
-24885 -21318
-24906 -21294
-24906 -21294
-24906 -21294
-24906 -21294
-24906 -21294
-24906 -21294
-24906 -21294
-24906 -21294
-24906 -21294
-24906 -21294
-24927 -21270
-24927 -21270
-24927 -21270
-24927 -21270
-24927 -21270
-24927 -21270
-24927 -21270
-24927 -21270
-24927 -21270
-24927 -21270
-24947 -21246
-24947 -21246
-24947 -21246
-24947 -21246
-24947 -21246
-24947 -21246
-24947 -21246
-24947 -21246
-24947 -21246
-24947 -21246
-24969 -21221
-24969 -21221
-24969 -21221
-24969 -21221
-24969 -21221
-24969 -21221
-24969 -21221
-24969 -21221
-24969 -21221
-24969 -21221
-24990 -21197
-24990 -21197
-24990 -21197
-24990 -21197
-24990 -21197
-24990 -21197
-24990 -21197
-24990 -21197
-24990 -21197
-24990 -21197
-25010 -21172
-25010 -21172
-25010 -21172
-25010 -21172
-25010 -21172
-25010 -21172
-25010 -21172
-25010 -21172
-25010 -21172
-25010 -21172
-25030 -21149
-25030 -21149
-25030 -21149
-25030 -21149
-25030 -21149
-25030 -21149
-25030 -21149
-25030 -21149
-25030 -21149
-25030 -21149
-25051 -21124
-25051 -21124
-25051 -21124
-25051 -21124
-25051 -21124
-25051 -21124
-25051 -21124
-25051 -21124
-25051 -21124
-25051 -21124
-25051 -21124
-25072 -21100
-25072 -21100
-25072 -21100
-25080 -21088
-25080 -21088
-25080 -21088
-25080 -21088
-25101 -21064
-25101 -21064
-25101 -21064
-25101 -21064
-25101 -21064
-25101 -21064
-25101 -21064
-25101 -21064
-25101 -21064
-25101 -21064
-25122 -21039
-25122 -21039
-25122 -21039
-25122 -21039
-25122 -21039
-25122 -21039
-25122 -21039
-25122 -21039
-25122 -21039
-25122 -21039
-25122 -21039
-25142 -21014
-25142 -21014
-25142 -21014
-25142 -21014
-25142 -21014
-25142 -21014
-25142 -21014
-25142 -21014
-25142 -21014
-25142 -21014
-25163 -20990
-25163 -20990
-25163 -20990
-25163 -20990
-25163 -20990
-25163 -20990
-25163 -20990
-25163 -20990
-25163 -20990
-25163 -20990
-25183 -20966
-25183 -20966
-25183 -20966
-25183 -20966
-25183 -20966
-25183 -20966
-25183 -20966
-25183 -20966
-25183 -20966
-25183 -20966
-25204 -20941
-25204 -20941
-25204 -20941
-25204 -20941
-25204 -20941
-25204 -20941
-25204 -20941
-25204 -20941
-25204 -20941
-25204 -20941
-25224 -20916
-25224 -20916
-25224 -20916
-25224 -20916
-25224 -20916
-25224 -20916
-25224 -20916
-25224 -20916
-25224 -20916
-25224 -20916
-25244 -20891
-25244 -20891
-25244 -20891
-25244 -20891
-25244 -20891
-25244 -20891
-25244 -20891
-25244 -20891
-25244 -20891
-25244 -20891
-25264 -20867
-25264 -20867
-25264 -20867
-25264 -20867
-25264 -20867
-25264 -20867
-25264 -20867
-25264 -20867
-25264 -20867
-25264 -20867
-25284 -20843
-25284 -20843
-25284 -20843
-25284 -20843
-25284 -20843
-25284 -20843
-25284 -20843
-25284 -20843
-25284 -20843
-25284 -20843
-25284 -20843
-25304 -20818
-25304 -20818
-25304 -20818
-25304 -20818
-25304 -20818
-25304 -20818
-25304 -20818
-25304 -20818
-25304 -20818
-25304 -20818
-25325 -20793
-25325 -20793
-25325 -20793
-25325 -20793
-25325 -20793
-25325 -20793
-25325 -20793
-25325 -20793
-25325 -20793
-25325 -20793
-25345 -20768
-25345 -20768
-25334 -20782
-25334 -20782
-25334 -20782
-25354 -20758
-25354 -20758
-25354 -20758
-25354 -20758
-25354 -20758
-25354 -20758
-25354 -20758
-25354 -20758
-25354 -20758
-25354 -20758
-25374 -20733
-25374 -20733
-25374 -20733
-25374 -20733
-25374 -20733
-25374 -20733
-25374 -20733
-25374 -20733
-25374 -20733
-25374 -20733
-25394 -20708
-25394 -20708
-25394 -20708
-25394 -20708
-25394 -20708
-25394 -20708
-25394 -20708
-25394 -20708
-25394 -20708
-25394 -20708
-25415 -20683
-25415 -20683
-25415 -20683
-25415 -20683
-25415 -20683
-25415 -20683
-25415 -20683
-25415 -20683
-25415 -20683
-25415 -20683
-25415 -20683
-25435 -20659
-25435 -20659
-25435 -20659
-25435 -20659
-25435 -20659
-25435 -20659
-25435 -20659
-25435 -20659
-25435 -20659
-25435 -20659
-25455 -20634
-25455 -20634
-25455 -20634
-25455 -20634
-25455 -20634
-25455 -20634
-25455 -20634
-25455 -20634
-25455 -20634
-25455 -20634
-25475 -20610
-25475 -20610
-25475 -20610
-25475 -20610
-25475 -20610
-25475 -20610
-25475 -20610
-25475 -20610
-25475 -20610
-25475 -20610
-25496 -20584
-25496 -20584
-25496 -20584
-25496 -20584
-25496 -20584
-25496 -20584
-25496 -20584
-25496 -20584
-25496 -20584
-25496 -20584
-25516 -20560
-25516 -20560
-25516 -20560
-25516 -20560
-25516 -20560
-25516 -20560
-25516 -20560
-25516 -20560
-25516 -20560
-25516 -20560
-25536 -20534
-25536 -20534
-25536 -20534
-25536 -20534
-25536 -20534
-25536 -20534
-25536 -20534
-25536 -20534
-25536 -20534
-25536 -20534
-25555 -20510
-25555 -20510
-25555 -20510
-25555 -20510
-25555 -20510
-25555 -20510
-25555 -20510
-25555 -20510
-25555 -20510
-25555 -20510
-25576 -20485
-25576 -20485
-25576 -20485
-25576 -20485
-25576 -20485
-25576 -20485
-25576 -20485
-25576 -20485
-25576 -20485
-25576 -20485
-25576 -20485
-25596 -20461
-25596 -20461
-25596 -20461
-25587 -20469
-25587 -20469
-25587 -20469
-25587 -20469
-25607 -20445
-25607 -20445
-25607 -20445
-25607 -20445
-25607 -20445
-25607 -20445
-25607 -20445
-25607 -20445
-25607 -20445
-25607 -20445
-25627 -20419
-25627 -20419
-25627 -20419
-25627 -20419
-25627 -20419
-25627 -20419
-25627 -20419
-25627 -20419
-25627 -20419
-25627 -20419
-25627 -20419
-25647 -20394
-25647 -20394
-25647 -20394
-25647 -20394
-25647 -20394
-25647 -20394
-25647 -20394
-25647 -20394
-25647 -20394
-25647 -20394
-25667 -20370
-25667 -20370
-25667 -20370
-25667 -20370
-25667 -20370
-25667 -20370
-25667 -20370
-25667 -20370
-25667 -20370
-25667 -20370
-25686 -20345
-25686 -20345
-25686 -20345
-25686 -20345
-25686 -20345
-25686 -20345
-25686 -20345
-25686 -20345
-25686 -20345
-25686 -20345
-25707 -20319
-25707 -20319
-25707 -20319
-25707 -20319
-25707 -20319
-25707 -20319
-25707 -20319
-25707 -20319
-25707 -20319
-25707 -20319
-25726 -20294
-25726 -20294
-25726 -20294
-25726 -20294
-25726 -20294
-25726 -20294
-25726 -20294
-25726 -20294
-25726 -20294
-25726 -20294
-25746 -20269
-25746 -20269
-25746 -20269
-25746 -20269
-25746 -20269
-25746 -20269
-25746 -20269
-25746 -20269
-25746 -20269
-25746 -20269
-25765 -20244
-25765 -20244
-25765 -20244
-25765 -20244
-25765 -20244
-25765 -20244
-25765 -20244
-25765 -20244
-25765 -20244
-25765 -20244
-25785 -20219
-25785 -20219
-25785 -20219
-25785 -20219
-25785 -20219
-25785 -20219
-25785 -20219
-25785 -20219
-25785 -20219
-25785 -20219
-25785 -20219
-25804 -20194
-25804 -20194
-25804 -20194
-25804 -20194
-25804 -20194
-25804 -20194
-25804 -20194
-25804 -20194
-25804 -20194
-25804 -20194
-25824 -20169
-25824 -20169
-25824 -20169
-25824 -20169
-25824 -20169
-25824 -20169
-25824 -20169
-25824 -20169
-25824 -20169
-25824 -20169
-25844 -20143
-25844 -20143
-25833 -20157
-25833 -20157
-25833 -20157
-25852 -20132
-25852 -20132
-25852 -20132
-25852 -20132
-25852 -20132
-25852 -20132
-25852 -20132
-25852 -20132
-25852 -20132
-25852 -20132
-25872 -20107
-25872 -20107
-25872 -20107
-25872 -20107
-25872 -20107
-25872 -20107
-25872 -20107
-25872 -20107
-25872 -20107
-25872 -20107
-25892 -20082
-25892 -20082
-25892 -20082
-25892 -20082
-25892 -20082
-25892 -20082
-25892 -20082
-25892 -20082
-25892 -20082
-25892 -20082
-25911 -20057
-25911 -20057
-25911 -20057
-25911 -20057
-25911 -20057
-25911 -20057
-25911 -20057
-25911 -20057
-25911 -20057
-25911 -20057
-25911 -20057
-25931 -20031
-25931 -20031
-25931 -20031
-25931 -20031
-25931 -20031
-25931 -20031
-25931 -20031
-25931 -20031
-25931 -20031
-25931 -20031
-25951 -20006
-25951 -20006
-25951 -20006
-25951 -20006
-25951 -20006
-25951 -20006
-25951 -20006
-25951 -20006
-25951 -20006
-25951 -20006
-25970 -19982
-25970 -19982
-25970 -19982
-25970 -19982
-25970 -19982
-25970 -19982
-25970 -19982
-25970 -19982
-25970 -19982
-25970 -19982
-25990 -19956
-25990 -19956
-25990 -19956
-25990 -19956
-25990 -19956
-25990 -19956
-25990 -19956
-25990 -19956
-25990 -19956
-25990 -19956
-26010 -19930
-26010 -19930
-26010 -19930
-26010 -19930
-26010 -19930
-26010 -19930
-26010 -19930
-26010 -19930
-26010 -19930
-26010 -19930
-26029 -19905
-26029 -19905
-26029 -19905
-26029 -19905
-26029 -19905
-26029 -19905
-26029 -19905
-26029 -19905
-26029 -19905
-26029 -19905
-26048 -19880
-26048 -19880
-26048 -19880
-26048 -19880
-26048 -19880
-26048 -19880
-26048 -19880
-26048 -19880
-26048 -19880
-26048 -19880
-26068 -19854
-26068 -19854
-26068 -19854
-26068 -19854
-26068 -19854
-26068 -19854
-26068 -19854
-26068 -19854
-26068 -19854
-26068 -19854
-26068 -19854
-26087 -19830
-26087 -19830
-26087 -19830
-26079 -19839
-26079 -19839
-26079 -19839
-26079 -19839
-26099 -19814
-26099 -19814
-26099 -19814
-26099 -19814
-26099 -19814
-26099 -19814
-26099 -19814
-26099 -19814
-26099 -19814
-26099 -19814
-26118 -19789
-26118 -19789
-26118 -19789
-26118 -19789
-26118 -19789
-26118 -19789
-26118 -19789
-26118 -19789
-26118 -19789
-26118 -19789
-26118 -19789
-26137 -19763
-26137 -19763
-26137 -19763
-26137 -19763
-26137 -19763
-26137 -19763
-26137 -19763
-26137 -19763
-26137 -19763
-26137 -19763
-26157 -19738
-26157 -19738
-26157 -19738
-26157 -19738
-26157 -19738
-26157 -19738
-26157 -19738
-26157 -19738
-26157 -19738
-26157 -19738
-26175 -19713
-26175 -19713
-26175 -19713
-26175 -19713
-26175 -19713
-26175 -19713
-26175 -19713
-26175 -19713
-26175 -19713
-26175 -19713
-26195 -19686
-26195 -19686
-26195 -19686
-26195 -19686
-26195 -19686
-26195 -19686
-26195 -19686
-26195 -19686
-26195 -19686
-26195 -19686
-26214 -19661
-26214 -19661
-26214 -19661
-26214 -19661
-26214 -19661
-26214 -19661
-26214 -19661
-26214 -19661
-26214 -19661
-26214 -19661
-26233 -19635
-26233 -19635
-26233 -19635
-26233 -19635
-26233 -19635
-26233 -19635
-26233 -19635
-26233 -19635
-26233 -19635
-26233 -19635
-26251 -19610
-26251 -19610
-26251 -19610
-26251 -19610
-26251 -19610
-26251 -19610
-26251 -19610
-26251 -19610
-26251 -19610
-26251 -19610
-26270 -19584
-26270 -19584
-26270 -19584
-26270 -19584
-26270 -19584
-26270 -19584
-26270 -19584
-26270 -19584
-26270 -19584
-26270 -19584
-26270 -19584
-26289 -19559
-26289 -19559
-26289 -19559
-26289 -19559
-26289 -19559
-26289 -19559
-26289 -19559
-26289 -19559
-26289 -19559
-26289 -19559
-26308 -19533
-26308 -19533
-26308 -19533
-26308 -19533
-26308 -19533
-26308 -19533
-26308 -19533
-26308 -19533
-26308 -19533
-26308 -19533
-26328 -19507
-26328 -19507
-26317 -19521
-26317 -19521
-26317 -19521
-26336 -19496
-26336 -19496
-26336 -19496
-26336 -19496
-26336 -19496
-26336 -19496
-26336 -19496
-26336 -19496
-26336 -19496
-26336 -19496
-26355 -19470
-26355 -19470
-26355 -19470
-26355 -19470
-26355 -19470
-26355 -19470
-26355 -19470
-26355 -19470
-26355 -19470
-26355 -19470
-26374 -19445
-26374 -19445
-26374 -19445
-26374 -19445
-26374 -19445
-26374 -19445
-26374 -19445
-26374 -19445
-26374 -19445
-26374 -19445
-26393 -19419
-26393 -19419
-26393 -19419
-26393 -19419
-26393 -19419
-26393 -19419
-26393 -19419
-26393 -19419
-26393 -19419
-26393 -19419
-26393 -19419
-26412 -19393
-26412 -19393
-26412 -19393
-26412 -19393
-26412 -19393
-26412 -19393
-26412 -19393
-26412 -19393
-26412 -19393
-26412 -19393
-26431 -19367
-26431 -19367
-26431 -19367
-26431 -19367
-26431 -19367
-26431 -19367
-26431 -19367
-26431 -19367
-26431 -19367
-26431 -19367
-26450 -19342
-26450 -19342
-26450 -19342
-26450 -19342
-26450 -19342
-26450 -19342
-26450 -19342
-26450 -19342
-26450 -19342
-26450 -19342
-26469 -19316
-26469 -19316
-26469 -19316
-26469 -19316
-26469 -19316
-26469 -19316
-26469 -19316
-26469 -19316
-26469 -19316
-26469 -19316
-26488 -19290
-26488 -19290
-26488 -19290
-26488 -19290
-26488 -19290
-26488 -19290
-26488 -19290
-26488 -19290
-26488 -19290
-26488 -19290
-26507 -19264
-26507 -19264
-26507 -19264
-26507 -19264
-26507 -19264
-26507 -19264
-26507 -19264
-26507 -19264
-26507 -19264
-26507 -19264
-26525 -19239
-26525 -19239
-26525 -19239
-26525 -19239
-26525 -19239
-26525 -19239
-26525 -19239
-26525 -19239
-26525 -19239
-26525 -19239
-26545 -19213
-26545 -19213
-26545 -19213
-26545 -19213
-26545 -19213
-26545 -19213
-26545 -19213
-26545 -19213
-26545 -19213
-26545 -19213
-26545 -19213
-26563 -19188
-26563 -19188
-26563 -19188
-26555 -19197
-26555 -19197
-26555 -19197
-26555 -19197
-26574 -19172
-26574 -19172
-26574 -19172
-26574 -19172
-26574 -19172
-26574 -19172
-26574 -19172
-26574 -19172
-26574 -19172
-26574 -19172
-26592 -19145
-26592 -19145
-26592 -19145
-26592 -19145
-26592 -19145
-26592 -19145
-26592 -19145
-26592 -19145
-26592 -19145
-26592 -19145
-26592 -19145
-26611 -19119
-26611 -19119
-26611 -19119
-26611 -19119
-26611 -19119
-26611 -19119
-26611 -19119
-26611 -19119
-26611 -19119
-26611 -19119
-26630 -19094
-26630 -19094
-26630 -19094
-26630 -19094
-26630 -19094
-26630 -19094
-26630 -19094
-26630 -19094
-26630 -19094
-26630 -19094
-26648 -19068
-26648 -19068
-26648 -19068
-26648 -19068
-26648 -19068
-26648 -19068
-26648 -19068
-26648 -19068
-26648 -19068
-26648 -19068
-26667 -19041
-26667 -19041
-26667 -19041
-26667 -19041
-26667 -19041
-26667 -19041
-26667 -19041
-26667 -19041
-26667 -19041
-26667 -19041
-26685 -19015
-26685 -19015
-26685 -19015
-26685 -19015
-26685 -19015
-26685 -19015
-26685 -19015
-26685 -19015
-26685 -19015
-26685 -19015
-26704 -18989
-26704 -18989
-26704 -18989
-26704 -18989
-26704 -18989
-26704 -18989
-26704 -18989
-26704 -18989
-26704 -18989
-26704 -18989
-26722 -18964
-26722 -18964
-26722 -18964
-26722 -18964
-26722 -18964
-26722 -18964
-26722 -18964
-26722 -18964
-26722 -18964
-26722 -18964
-26740 -18938
-26740 -18938
-26740 -18938
-26740 -18938
-26740 -18938
-26740 -18938
-26740 -18938
-26740 -18938
-26740 -18938
-26740 -18938
-26740 -18938
-26759 -18911
-26759 -18911
-26759 -18911
-26759 -18911
-26759 -18911
-26759 -18911
-26759 -18911
-26759 -18911
-26759 -18911
-26759 -18911
-26777 -18885
-26777 -18885
-26777 -18885
-26777 -18885
-26777 -18885
-26777 -18885
-26777 -18885
-26777 -18885
-26777 -18885
-26777 -18885
-26795 -18859
-26795 -18859
-26786 -18873
-26786 -18873
-26786 -18873
-26803 -18848
-26803 -18848
-26803 -18848
-26803 -18848
-26803 -18848
-26803 -18848
-26803 -18848
-26803 -18848
-26803 -18848
-26803 -18848
-26822 -18821
-26822 -18821
-26822 -18821
-26822 -18821
-26822 -18821
-26822 -18821
-26822 -18821
-26822 -18821
-26822 -18821
-26822 -18821
-26840 -18795
-26840 -18795
-26840 -18795
-26840 -18795
-26840 -18795
-26840 -18795
-26840 -18795
-26840 -18795
-26840 -18795
-26840 -18795
-26859 -18769
-26859 -18769
-26859 -18769
-26859 -18769
-26859 -18769
-26859 -18769
-26859 -18769
-26859 -18769
-26859 -18769
-26859 -18769
-26859 -18769
-26877 -18743
-26877 -18743
-26877 -18743
-26877 -18743
-26877 -18743
-26877 -18743
-26877 -18743
-26877 -18743
-26877 -18743
-26877 -18743
-26896 -18717
-26896 -18717
-26896 -18717
-26896 -18717
-26896 -18717
-26896 -18717
-26896 -18717
-26896 -18717
-26896 -18717
-26896 -18717
-26913 -18691
-26913 -18691
-26913 -18691
-26913 -18691
-26913 -18691
-26913 -18691
-26913 -18691
-26913 -18691
-26913 -18691
-26913 -18691
-26932 -18664
-26932 -18664
-26932 -18664
-26932 -18664
-26932 -18664
-26932 -18664
-26932 -18664
-26932 -18664
-26932 -18664
-26932 -18664
-26951 -18638
-26951 -18638
-26951 -18638
-26951 -18638
-26951 -18638
-26951 -18638
-26951 -18638
-26951 -18638
-26951 -18638
-26951 -18638
-26968 -18612
-26968 -18612
-26968 -18612
-26968 -18612
-26968 -18612
-26968 -18612
-26968 -18612
-26968 -18612
-26968 -18612
-26968 -18612
-26986 -18586
-26986 -18586
-26986 -18586
-26986 -18586
-26986 -18586
-26986 -18586
-26986 -18586
-26986 -18586
-26986 -18586
-26986 -18586
-27005 -18559
-27005 -18559
-27005 -18559
-27005 -18559
-27005 -18559
-27005 -18559
-27005 -18559
-27005 -18559
-27005 -18559
-27005 -18559
-27005 -18559
-27023 -18534
-27023 -18534
-27023 -18534
-27017 -18543
-27017 -18543
-27017 -18543
-27017 -18543
-27036 -18517
-27036 -18517
-27036 -18517
-27036 -18517
-27036 -18517
-27036 -18517
-27036 -18517
-27036 -18517
-27036 -18517
-27036 -18517
-27053 -18490
-27053 -18490
-27053 -18490
-27053 -18490
-27053 -18490
-27053 -18490
-27053 -18490
-27053 -18490
-27053 -18490
-27053 -18490
-27053 -18490
-27071 -18464
-27071 -18464
-27071 -18464
-27071 -18464
-27071 -18464
-27071 -18464
-27071 -18464
-27071 -18464
-27071 -18464
-27071 -18464
-27090 -18438
-27090 -18438
-27090 -18438
-27090 -18438
-27090 -18438
-27090 -18438
-27090 -18438
-27090 -18438
-27090 -18438
-27090 -18438
-27107 -18412
-27107 -18412
-27107 -18412
-27107 -18412
-27107 -18412
-27107 -18412
-27107 -18412
-27107 -18412
-27107 -18412
-27107 -18412
-27125 -18384
-27125 -18384
-27125 -18384
-27125 -18384
-27125 -18384
-27125 -18384
-27125 -18384
-27125 -18384
-27125 -18384
-27125 -18384
-27143 -18358
-27143 -18358
-27143 -18358
-27143 -18358
-27143 -18358
-27143 -18358
-27143 -18358
-27143 -18358
-27143 -18358
-27143 -18358
-27161 -18331
-27161 -18331
-27161 -18331
-27161 -18331
-27161 -18331
-27161 -18331
-27161 -18331
-27161 -18331
-27161 -18331
-27161 -18331
-27178 -18305
-27178 -18305
-27178 -18305
-27178 -18305
-27178 -18305
-27178 -18305
-27178 -18305
-27178 -18305
-27178 -18305
-27178 -18305
-27196 -18279
-27196 -18279
-27196 -18279
-27196 -18279
-27196 -18279
-27196 -18279
-27196 -18279
-27196 -18279
-27196 -18279
-27196 -18279
-27196 -18279
-27214 -18252
-27214 -18252
-27214 -18252
-27214 -18252
-27214 -18252
-27214 -18252
-27214 -18252
-27214 -18252
-27214 -18252
-27214 -18252
-27231 -18226
-27231 -18226
-27231 -18226
-27231 -18226
-27231 -18226
-27231 -18226
-27231 -18226
-27231 -18226
-27231 -18226
-27231 -18226
-27249 -18199
-27249 -18199
-27240 -18213
-27240 -18213
-27240 -18213
-27257 -18187
-27257 -18187
-27257 -18187
-27257 -18187
-27257 -18187
-27257 -18187
-27257 -18187
-27257 -18187
-27257 -18187
-27257 -18187
-27275 -18161
-27275 -18161
-27275 -18161
-27275 -18161
-27275 -18161
-27275 -18161
-27275 -18161
-27275 -18161
-27275 -18161
-27275 -18161
-27293 -18134
-27293 -18134
-27293 -18134
-27293 -18134
-27293 -18134
-27293 -18134
-27293 -18134
-27293 -18134
-27293 -18134
-27293 -18134
-27310 -18108
-27310 -18108
-27310 -18108
-27310 -18108
-27310 -18108
-27310 -18108
-27310 -18108
-27310 -18108
-27310 -18108
-27310 -18108
-27310 -18108
-27328 -18081
-27328 -18081
-27328 -18081
-27328 -18081
-27328 -18081
-27328 -18081
-27328 -18081
-27328 -18081
-27328 -18081
-27328 -18081
-27346 -18054
-27346 -18054
-27346 -18054
-27346 -18054
-27346 -18054
-27346 -18054
-27346 -18054
-27346 -18054
-27346 -18054
-27346 -18054
-27363 -18029
-27363 -18029
-27363 -18029
-27363 -18029
-27363 -18029
-27363 -18029
-27363 -18029
-27363 -18029
-27363 -18029
-27363 -18029
-27381 -18001
-27381 -18001
-27381 -18001
-27381 -18001
-27381 -18001
-27381 -18001
-27381 -18001
-27381 -18001
-27381 -18001
-27381 -18001
-27399 -17974
-27399 -17974
-27399 -17974
-27399 -17974
-27399 -17974
-27399 -17974
-27399 -17974
-27399 -17974
-27399 -17974
-27399 -17974
-27416 -17947
-27416 -17947
-27416 -17947
-27416 -17947
-27416 -17947
-27416 -17947
-27416 -17947
-27416 -17947
-27416 -17947
-27416 -17947
-27433 -17922
-27433 -17922
-27433 -17922
-27433 -17922
-27433 -17922
-27433 -17922
-27433 -17922
-27433 -17922
-27433 -17922
-27433 -17922
-27452 -17894
-27452 -17894
-27452 -17894
-27452 -17894
-27452 -17894
-27452 -17894
-27452 -17894
-27452 -17894
-27452 -17894
-27452 -17894
-27452 -17894
-27469 -17868
-27469 -17868
-27469 -17868
-27459 -17880
-27459 -17880
-27459 -17880
-27459 -17880
-27477 -17854
-27477 -17854
-27477 -17854
-27477 -17854
-27477 -17854
-27477 -17854
-27477 -17854
-27477 -17854
-27477 -17854
-27477 -17854
-27494 -17827
-27494 -17827
-27494 -17827
-27494 -17827
-27494 -17827
-27494 -17827
-27494 -17827
-27494 -17827
-27494 -17827
-27494 -17827
-27494 -17827
-27511 -17800
-27511 -17800
-27511 -17800
-27511 -17800
-27511 -17800
-27511 -17800
-27511 -17800
-27511 -17800
-27511 -17800
-27511 -17800
-27529 -17773
-27529 -17773
-27529 -17773
-27529 -17773
-27529 -17773
-27529 -17773
-27529 -17773
-27529 -17773
-27529 -17773
-27529 -17773
-27546 -17747
-27546 -17747
-27546 -17747
-27546 -17747
-27546 -17747
-27546 -17747
-27546 -17747
-27546 -17747
-27546 -17747
-27546 -17747
-27564 -17719
-27564 -17719
-27564 -17719
-27564 -17719
-27564 -17719
-27564 -17719
-27564 -17719
-27564 -17719
-27564 -17719
-27564 -17719
-27581 -17692
-27581 -17692
-27581 -17692
-27581 -17692
-27581 -17692
-27581 -17692
-27581 -17692
-27581 -17692
-27581 -17692
-27581 -17692
-27598 -17665
-27598 -17665
-27598 -17665
-27598 -17665
-27598 -17665
-27598 -17665
-27598 -17665
-27598 -17665
-27598 -17665
-27598 -17665
-27614 -17639
-27614 -17639
-27614 -17639
-27614 -17639
-27614 -17639
-27614 -17639
-27614 -17639
-27614 -17639
-27614 -17639
-27614 -17639
-27632 -17612
-27632 -17612
-27632 -17612
-27632 -17612
-27632 -17612
-27632 -17612
-27632 -17612
-27632 -17612
-27632 -17612
-27632 -17612
-27632 -17612
-27649 -17585
-27649 -17585
-27649 -17585
-27649 -17585
-27649 -17585
-27649 -17585
-27649 -17585
-27649 -17585
-27649 -17585
-27649 -17585
-27666 -17558
-27666 -17558
-27666 -17558
-27666 -17558
-27666 -17558
-27666 -17558
-27666 -17558
-27666 -17558
-27666 -17558
-27666 -17558
-27683 -17531
-27683 -17531
-27674 -17545
-27674 -17545
-27674 -17545
-27690 -17519
-27690 -17519
-27690 -17519
-27690 -17519
-27690 -17519
-27690 -17519
-27690 -17519
-27690 -17519
-27690 -17519
-27690 -17519
-27708 -17492
-27708 -17492
-27708 -17492
-27708 -17492
-27708 -17492
-27708 -17492
-27708 -17492
-27708 -17492
-27708 -17492
-27708 -17492
-27725 -17465
-27725 -17465
-27725 -17465
-27725 -17465
-27725 -17465
-27725 -17465
-27725 -17465
-27725 -17465
-27725 -17465
-27725 -17465
-27742 -17438
-27742 -17438
-27742 -17438
-27742 -17438
-27742 -17438
-27742 -17438
-27742 -17438
-27742 -17438
-27742 -17438
-27742 -17438
-27742 -17438
-27759 -17411
-27759 -17411
-27759 -17411
-27759 -17411
-27759 -17411
-27759 -17411
-27759 -17411
-27759 -17411
-27759 -17411
-27759 -17411
-27776 -17384
-27776 -17384
-27776 -17384
-27776 -17384
-27776 -17384
-27776 -17384
-27776 -17384
-27776 -17384
-27776 -17384
-27776 -17384
-27793 -17358
-27793 -17358
-27793 -17358
-27793 -17358
-27793 -17358
-27793 -17358
-27793 -17358
-27793 -17358
-27793 -17358
-27793 -17358
-27810 -17330
-27810 -17330
-27810 -17330
-27810 -17330
-27810 -17330
-27810 -17330
-27810 -17330
-27810 -17330
-27810 -17330
-27810 -17330
-27827 -17303
-27827 -17303
-27827 -17303
-27827 -17303
-27827 -17303
-27827 -17303
-27827 -17303
-27827 -17303
-27827 -17303
-27827 -17303
-27844 -17275
-27844 -17275
-27844 -17275
-27844 -17275
-27844 -17275
-27844 -17275
-27844 -17275
-27844 -17275
-27844 -17275
-27844 -17275
-27860 -17249
-27860 -17249
-27860 -17249
-27860 -17249
-27860 -17249
-27860 -17249
-27860 -17249
-27860 -17249
-27860 -17249
-27860 -17249
-27878 -17221
-27878 -17221
-27878 -17221
-27878 -17221
-27878 -17221
-27878 -17221
-27878 -17221
-27878 -17221
-27878 -17221
-27878 -17221
-27878 -17221
-27895 -17195
-27895 -17195
-27895 -17195
-27904 -17178
-27904 -17178
-27904 -17178
-27904 -17178
-27921 -17151
-27921 -17151
-27921 -17151
-27921 -17151
-27921 -17151
-27921 -17151
-27921 -17151
-27921 -17151
-27921 -17151
-27921 -17151
-27938 -17123
-27938 -17123
-27938 -17123
-27938 -17123
-27938 -17123
-27938 -17123
-27938 -17123
-27938 -17123
-27938 -17123
-27938 -17123
-27938 -17123
-27954 -17096
-27954 -17096
-27954 -17096
-27954 -17096
-27954 -17096
-27954 -17096
-27954 -17096
-27954 -17096
-27954 -17096
-27954 -17096
-27971 -17069
-27971 -17069
-27971 -17069
-27971 -17069
-27971 -17069
-27971 -17069
-27971 -17069
-27971 -17069
-27971 -17069
-27971 -17069
-27987 -17042
-27987 -17042
-27987 -17042
-27987 -17042
-27987 -17042
-27987 -17042
-27987 -17042
-27987 -17042
-27987 -17042
-27987 -17042
-28004 -17014
-28004 -17014
-28004 -17014
-28004 -17014
-28004 -17014
-28004 -17014
-28004 -17014
-28004 -17014
-28004 -17014
-28004 -17014
-28021 -16987
-28021 -16987
-28021 -16987
-28021 -16987
-28021 -16987
-28021 -16987
-28021 -16987
-28021 -16987
-28021 -16987
-28021 -16987
-28037 -16959
-28037 -16959
-28037 -16959
-28037 -16959
-28037 -16959
-28037 -16959
-28037 -16959
-28037 -16959
-28037 -16959
-28037 -16959
-28053 -16933
-28053 -16933
-28053 -16933
-28053 -16933
-28053 -16933
-28053 -16933
-28053 -16933
-28053 -16933
-28053 -16933
-28053 -16933
-28069 -16905
-28069 -16905
-28069 -16905
-28069 -16905
-28069 -16905
-28069 -16905
-28069 -16905
-28069 -16905
-28069 -16905
-28069 -16905
-28069 -16905
-28086 -16878
-28086 -16878
-28086 -16878
-28086 -16878
-28086 -16878
-28086 -16878
-28086 -16878
-28086 -16878
-28086 -16878
-28086 -16878
-28102 -16850
-28102 -16850
-28102 -16850
-28102 -16850
-28102 -16850
-28102 -16850
-28102 -16850
-28102 -16850
-28102 -16850
-28102 -16850
-28119 -16823
-28119 -16823
-28110 -16837
-28110 -16837
-28110 -16837
-28126 -16811
-28126 -16811
-28126 -16811
-28126 -16811
-28126 -16811
-28126 -16811
-28126 -16811
-28126 -16811
-28126 -16811
-28126 -16811
-28142 -16783
-28142 -16783
-28142 -16783
-28142 -16783
-28142 -16783
-28142 -16783
-28142 -16783
-28142 -16783
-28142 -16783
-28142 -16783
-28159 -16756
-28159 -16756
-28159 -16756
-28159 -16756
-28159 -16756
-28159 -16756
-28159 -16756
-28159 -16756
-28159 -16756
-28159 -16756
-28175 -16728
-28175 -16728
-28175 -16728
-28175 -16728
-28175 -16728
-28175 -16728
-28175 -16728
-28175 -16728
-28175 -16728
-28175 -16728
-28175 -16728
-28192 -16701
-28192 -16701
-28192 -16701
-28192 -16701
-28192 -16701
-28192 -16701
-28192 -16701
-28192 -16701
-28192 -16701
-28192 -16701
-28208 -16673
-28208 -16673
-28208 -16673
-28208 -16673
-28208 -16673
-28208 -16673
-28208 -16673
-28208 -16673
-28208 -16673
-28208 -16673
-28224 -16647
-28224 -16647
-28224 -16647
-28224 -16647
-28224 -16647
-28224 -16647
-28224 -16647
-28224 -16647
-28224 -16647
-28224 -16647
-28241 -16619
-28241 -16619
-28241 -16619
-28241 -16619
-28241 -16619
-28241 -16619
-28241 -16619
-28241 -16619
-28241 -16619
-28241 -16619
-28257 -16591
-28257 -16591
-28257 -16591
-28257 -16591
-28257 -16591
-28257 -16591
-28257 -16591
-28257 -16591
-28257 -16591
-28257 -16591
-28273 -16563
-28273 -16563
-28273 -16563
-28273 -16563
-28273 -16563
-28273 -16563
-28273 -16563
-28273 -16563
-28273 -16563
-28273 -16563
-28289 -16537
-28289 -16537
-28289 -16537
-28289 -16537
-28289 -16537
-28289 -16537
-28289 -16537
-28289 -16537
-28289 -16537
-28289 -16537
-28306 -16508
-28306 -16508
-28306 -16508
-28306 -16508
-28306 -16508
-28306 -16508
-28306 -16508
-28306 -16508
-28306 -16508
-28306 -16508
-28306 -16508
-28322 -16482
-28322 -16482
-28322 -16482
-28314 -16493
-28314 -16493
-28314 -16493
-28314 -16493
-28331 -16465
-28331 -16465
-28331 -16465
-28331 -16465
-28331 -16465
-28331 -16465
-28331 -16465
-28331 -16465
-28331 -16465
-28331 -16465
-28347 -16438
-28347 -16438
-28347 -16438
-28347 -16438
-28347 -16438
-28347 -16438
-28347 -16438
-28347 -16438
-28347 -16438
-28347 -16438
-28347 -16438
-28363 -16410
-28363 -16410
-28363 -16410
-28363 -16410
-28363 -16410
-28363 -16410
-28363 -16410
-28363 -16410
-28363 -16410
-28363 -16410
-28379 -16382
-28379 -16382
-28379 -16382
-28379 -16382
-28379 -16382
-28379 -16382
-28379 -16382
-28379 -16382
-28379 -16382
-28379 -16382
-28394 -16355
-28394 -16355
-28394 -16355
-28394 -16355
-28394 -16355
-28394 -16355
-28394 -16355
-28394 -16355
-28394 -16355
-28394 -16355
-28411 -16327
-28411 -16327
-28411 -16327
-28411 -16327
-28411 -16327
-28411 -16327
-28411 -16327
-28411 -16327
-28411 -16327
-28411 -16327
-28426 -16299
-28426 -16299
-28426 -16299
-28426 -16299
-28426 -16299
-28426 -16299
-28426 -16299
-28426 -16299
-28426 -16299
-28426 -16299
-28442 -16271
-28442 -16271
-28442 -16271
-28442 -16271
-28442 -16271
-28442 -16271
-28442 -16271
-28442 -16271
-28442 -16271
-28442 -16271
-28458 -16244
-28458 -16244
-28458 -16244
-28458 -16244
-28458 -16244
-28458 -16244
-28458 -16244
-28458 -16244
-28458 -16244
-28458 -16244
-28473 -16216
-28473 -16216
-28473 -16216
-28473 -16216
-28473 -16216
-28473 -16216
-28473 -16216
-28473 -16216
-28473 -16216
-28473 -16216
-28473 -16216
-28489 -16188
-28489 -16188
-28489 -16188
-28489 -16188
-28489 -16188
-28489 -16188
-28489 -16188
-28489 -16188
-28489 -16188
-28489 -16188
-28505 -16161
-28505 -16161
-28505 -16161
-28505 -16161
-28505 -16161
-28505 -16161
-28505 -16161
-28505 -16161
-28505 -16161
-28505 -16161
-28521 -16133
-28521 -16133
-28512 -16147
-28512 -16147
-28512 -16147
-28527 -16120
-28527 -16120
-28527 -16120
-28527 -16120
-28527 -16120
-28527 -16120
-28527 -16120
-28527 -16120
-28527 -16120
-28527 -16120
-28543 -16093
-28543 -16093
-28543 -16093
-28543 -16093
-28543 -16093
-28543 -16093
-28543 -16093
-28543 -16093
-28543 -16093
-28543 -16093
-28559 -16065
-28559 -16065
-28559 -16065
-28559 -16065
-28559 -16065
-28559 -16065
-28559 -16065
-28559 -16065
-28559 -16065
-28559 -16065
-28575 -16037
-28575 -16037
-28575 -16037
-28575 -16037
-28575 -16037
-28575 -16037
-28575 -16037
-28575 -16037
-28575 -16037
-28575 -16037
-28575 -16037
-28591 -16009
-28591 -16009
-28591 -16009
-28591 -16009
-28591 -16009
-28591 -16009
-28591 -16009
-28591 -16009
-28591 -16009
-28591 -16009
-28606 -15981
-28606 -15981
-28606 -15981
-28606 -15981
-28606 -15981
-28606 -15981
-28606 -15981
-28606 -15981
-28606 -15981
-28606 -15981
-28622 -15954
-28622 -15954
-28622 -15954
-28622 -15954
-28622 -15954
-28622 -15954
-28622 -15954
-28622 -15954
-28622 -15954
-28622 -15954
-28638 -15926
-28638 -15926
-28638 -15926
-28638 -15926
-28638 -15926
-28638 -15926
-28638 -15926
-28638 -15926
-28638 -15926
-28638 -15926
-28654 -15898
-28654 -15898
-28654 -15898
-28654 -15898
-28654 -15898
-28654 -15898
-28654 -15898
-28654 -15898
-28654 -15898
-28654 -15898
-28668 -15869
-28668 -15869
-28668 -15869
-28668 -15869
-28668 -15869
-28668 -15869
-28668 -15869
-28668 -15869
-28668 -15869
-28668 -15869
-28684 -15842
-28684 -15842
-28684 -15842
-28684 -15842
-28684 -15842
-28684 -15842
-28684 -15842
-28684 -15842
-28684 -15842
-28684 -15842
-28700 -15814
-28700 -15814
-28700 -15814
-28700 -15814
-28700 -15814
-28700 -15814
-28700 -15814
-28700 -15814
-28700 -15814
-28700 -15814
-28700 -15814
-28715 -15787
-28715 -15787
-28715 -15787
-28709 -15797
-28709 -15797
-28709 -15797
-28709 -15797
-28725 -15769
-28725 -15769
-28725 -15769
-28725 -15769
-28725 -15769
-28725 -15769
-28725 -15769
-28725 -15769
-28725 -15769
-28725 -15769
-28740 -15741
-28740 -15741
-28740 -15741
-28740 -15741
-28740 -15741
-28740 -15741
-28740 -15741
-28740 -15741
-28740 -15741
-28740 -15741
-28740 -15741
-28755 -15712
-28755 -15712
-28755 -15712
-28755 -15712
-28755 -15712
-28755 -15712
-28755 -15712
-28755 -15712
-28755 -15712
-28755 -15712
-28771 -15685
-28771 -15685
-28771 -15685
-28771 -15685
-28771 -15685
-28771 -15685
-28771 -15685
-28771 -15685
-28771 -15685
-28771 -15685
-28786 -15657
-28786 -15657
-28786 -15657
-28786 -15657
-28786 -15657
-28786 -15657
-28786 -15657
-28786 -15657
-28786 -15657
-28786 -15657
-28801 -15628
-28801 -15628
-28801 -15628
-28801 -15628
-28801 -15628
-28801 -15628
-28801 -15628
-28801 -15628
-28801 -15628
-28801 -15628
-28816 -15600
-28816 -15600
-28816 -15600
-28816 -15600
-28816 -15600
-28816 -15600
-28816 -15600
-28816 -15600
-28816 -15600
-28816 -15600
-28831 -15572
-28831 -15572
-28831 -15572
-28831 -15572
-28831 -15572
-28831 -15572
-28831 -15572
-28831 -15572
-28831 -15572
-28831 -15572
-28846 -15544
-28846 -15544
-28846 -15544
-28846 -15544
-28846 -15544
-28846 -15544
-28846 -15544
-28846 -15544
-28846 -15544
-28846 -15544
-28861 -15516
-28861 -15516
-28861 -15516
-28861 -15516
-28861 -15516
-28861 -15516
-28861 -15516
-28861 -15516
-28861 -15516
-28861 -15516
-28861 -15516
-28876 -15488
-28876 -15488
-28876 -15488
-28876 -15488
-28876 -15488
-28876 -15488
-28876 -15488
-28876 -15488
-28876 -15488
-28876 -15488
-28891 -15460
-28891 -15460
-28891 -15460
-28891 -15460
-28891 -15460
-28891 -15460
-28891 -15460
-28891 -15460
-28891 -15460
-28891 -15460
-28906 -15432
-28906 -15432
-28898 -15447
-28898 -15447
-28898 -15447
-28913 -15419
-28913 -15419
-28913 -15419
-28913 -15419
-28913 -15419
-28913 -15419
-28913 -15419
-28913 -15419
-28913 -15419
-28913 -15419
-28928 -15391
-28928 -15391
-28928 -15391
-28928 -15391
-28928 -15391
-28928 -15391
-28928 -15391
-28928 -15391
-28928 -15391
-28928 -15391
-28943 -15363
-28943 -15363
-28943 -15363
-28943 -15363
-28943 -15363
-28943 -15363
-28943 -15363
-28943 -15363
-28943 -15363
-28943 -15363
-28958 -15335
-28958 -15335
-28958 -15335
-28958 -15335
-28958 -15335
-28958 -15335
-28958 -15335
-28958 -15335
-28958 -15335
-28958 -15335
-28958 -15335
-28973 -15306
-28973 -15306
-28973 -15306
-28973 -15306
-28973 -15306
-28973 -15306
-28973 -15306
-28973 -15306
-28973 -15306
-28973 -15306
-28988 -15278
-28988 -15278
-28988 -15278
-28988 -15278
-28988 -15278
-28988 -15278
-28988 -15278
-28988 -15278
-28988 -15278
-28988 -15278
-29003 -15251
-29003 -15251
-29003 -15251
-29003 -15251
-29003 -15251
-29003 -15251
-29003 -15251
-29003 -15251
-29003 -15251
-29003 -15251
-29019 -15222
-29019 -15222
-29019 -15222
-29019 -15222
-29019 -15222
-29019 -15222
-29019 -15222
-29019 -15222
-29019 -15222
-29019 -15222
-29034 -15193
-29034 -15193
-29034 -15193
-29034 -15193
-29034 -15193
-29034 -15193
-29034 -15193
-29034 -15193
-29034 -15193
-29034 -15193
-29048 -15165
-29048 -15165
-29048 -15165
-29048 -15165
-29048 -15165
-29048 -15165
-29048 -15165
-29048 -15165
-29048 -15165
-29048 -15165
-29062 -15137
-29062 -15137
-29062 -15137
-29062 -15137
-29062 -15137
-29062 -15137
-29062 -15137
-29062 -15137
-29062 -15137
-29062 -15137
-29078 -15108
-29078 -15108
-29078 -15108
-29078 -15108
-29078 -15108
-29078 -15108
-29078 -15108
-29078 -15108
-29078 -15108
-29078 -15108
-29078 -15108
-29093 -15081
-29093 -15081
-29093 -15081
-29085 -15091
-29085 -15091
-29085 -15091
-29085 -15091
-29100 -15063
-29100 -15063
-29100 -15063
-29100 -15063
-29100 -15063
-29100 -15063
-29100 -15063
-29100 -15063
-29100 -15063
-29100 -15063
-29114 -15035
-29114 -15035
-29114 -15035
-29114 -15035
-29114 -15035
-29114 -15035
-29114 -15035
-29114 -15035
-29114 -15035
-29114 -15035
-29114 -15035
-29129 -15006
-29129 -15006
-29129 -15006
-29129 -15006
-29129 -15006
-29129 -15006
-29129 -15006
-29129 -15006
-29129 -15006
-29129 -15006
-29144 -14978
-29144 -14978
-29144 -14978
-29144 -14978
-29144 -14978
-29144 -14978
-29144 -14978
-29144 -14978
-29144 -14978
-29144 -14978
-29158 -14950
-29158 -14950
-29158 -14950
-29158 -14950
-29158 -14950
-29158 -14950
-29158 -14950
-29158 -14950
-29158 -14950
-29158 -14950
-29173 -14921
-29173 -14921
-29173 -14921
-29173 -14921
-29173 -14921
-29173 -14921
-29173 -14921
-29173 -14921
-29173 -14921
-29173 -14921
-29187 -14892
-29187 -14892
-29187 -14892
-29187 -14892
-29187 -14892
-29187 -14892
-29187 -14892
-29187 -14892
-29187 -14892
-29187 -14892
-29202 -14864
-29202 -14864
-29202 -14864
-29202 -14864
-29202 -14864
-29202 -14864
-29202 -14864
-29202 -14864
-29202 -14864
-29202 -14864
-29216 -14836
-29216 -14836
-29216 -14836
-29216 -14836
-29216 -14836
-29216 -14836
-29216 -14836
-29216 -14836
-29216 -14836
-29216 -14836
-29230 -14807
-29230 -14807
-29230 -14807
-29230 -14807
-29230 -14807
-29230 -14807
-29230 -14807
-29230 -14807
-29230 -14807
-29230 -14807
-29230 -14807
-29244 -14779
-29244 -14779
-29244 -14779
-29244 -14779
-29244 -14779
-29244 -14779
-29244 -14779
-29244 -14779
-29244 -14779
-29244 -14779
-29259 -14750
-29259 -14750
-29259 -14750
-29259 -14750
-29259 -14750
-29259 -14750
-29259 -14750
-29259 -14750
-29259 -14750
-29259 -14750
-29273 -14722
-29273 -14722
-29266 -14737
-29266 -14737
-29266 -14737
-29279 -14709
-29279 -14709
-29279 -14709
-29279 -14709
-29279 -14709
-29279 -14709
-29279 -14709
-29279 -14709
-29279 -14709
-29279 -14709
-29294 -14680
-29294 -14680
-29294 -14680
-29294 -14680
-29294 -14680
-29294 -14680
-29294 -14680
-29294 -14680
-29294 -14680
-29294 -14680
-29308 -14652
-29308 -14652
-29308 -14652
-29308 -14652
-29308 -14652
-29308 -14652
-29308 -14652
-29308 -14652
-29308 -14652
-29308 -14652
-29323 -14623
-29323 -14623
-29323 -14623
-29323 -14623
-29323 -14623
-29323 -14623
-29323 -14623
-29323 -14623
-29323 -14623
-29323 -14623
-29323 -14623
-29337 -14595
-29337 -14595
-29337 -14595
-29337 -14595
-29337 -14595
-29337 -14595
-29337 -14595
-29337 -14595
-29337 -14595
-29337 -14595
-29351 -14566
-29351 -14566
-29351 -14566
-29351 -14566
-29351 -14566
-29351 -14566
-29351 -14566
-29351 -14566
-29351 -14566
-29351 -14566
-29365 -14538
-29365 -14538
-29365 -14538
-29365 -14538
-29365 -14538
-29365 -14538
-29365 -14538
-29365 -14538
-29365 -14538
-29365 -14538
-29380 -14509
-29380 -14509
-29380 -14509
-29380 -14509
-29380 -14509
-29380 -14509
-29380 -14509
-29380 -14509
-29380 -14509
-29380 -14509
-29395 -14480
-29395 -14480
-29395 -14480
-29395 -14480
-29395 -14480
-29395 -14480
-29395 -14480
-29395 -14480
-29395 -14480
-29395 -14480
-29408 -14451
-29408 -14451
-29408 -14451
-29408 -14451
-29408 -14451
-29408 -14451
-29408 -14451
-29408 -14451
-29408 -14451
-29408 -14451
-29422 -14424
-29422 -14424
-29422 -14424
-29422 -14424
-29422 -14424
-29422 -14424
-29422 -14424
-29422 -14424
-29422 -14424
-29422 -14424
-29437 -14394
-29437 -14394
-29437 -14394
-29437 -14394
-29437 -14394
-29437 -14394
-29437 -14394
-29437 -14394
-29437 -14394
-29437 -14394
-29437 -14394
-29451 -14366
-29451 -14366
-29451 -14366
-29444 -14380
-29444 -14380
-29444 -14380
-29444 -14380
-29458 -14351
-29458 -14351
-29458 -14351
-29458 -14351
-29458 -14351
-29458 -14351
-29458 -14351
-29458 -14351
-29458 -14351
-29458 -14351
-29472 -14322
-29472 -14322
-29472 -14322
-29472 -14322
-29472 -14322
-29472 -14322
-29472 -14322
-29472 -14322
-29472 -14322
-29472 -14322
-29472 -14322
-29486 -14293
-29486 -14293
-29486 -14293
-29486 -14293
-29486 -14293
-29486 -14293
-29486 -14293
-29486 -14293
-29486 -14293
-29486 -14293
-29500 -14265
-29500 -14265
-29500 -14265
-29500 -14265
-29500 -14265
-29500 -14265
-29500 -14265
-29500 -14265
-29500 -14265
-29500 -14265
-29513 -14237
-29513 -14237
-29513 -14237
-29513 -14237
-29513 -14237
-29513 -14237
-29513 -14237
-29513 -14237
-29513 -14237
-29513 -14237
-29528 -14207
-29528 -14207
-29528 -14207
-29528 -14207
-29528 -14207
-29528 -14207
-29528 -14207
-29528 -14207
-29528 -14207
-29528 -14207
-29541 -14178
-29541 -14178
-29541 -14178
-29541 -14178
-29541 -14178
-29541 -14178
-29541 -14178
-29541 -14178
-29541 -14178
-29541 -14178
-29555 -14149
-29555 -14149
-29555 -14149
-29555 -14149
-29555 -14149
-29555 -14149
-29555 -14149
-29555 -14149
-29555 -14149
-29555 -14149
-29568 -14121
-29568 -14121
-29568 -14121
-29568 -14121
-29568 -14121
-29568 -14121
-29568 -14121
-29568 -14121
-29568 -14121
-29568 -14121
-29582 -14092
-29582 -14092
-29582 -14092
-29582 -14092
-29582 -14092
-29582 -14092
-29582 -14092
-29582 -14092
-29582 -14092
-29582 -14092
-29582 -14092
-29596 -14063
-29596 -14063
-29596 -14063
-29596 -14063
-29596 -14063
-29596 -14063
-29596 -14063
-29596 -14063
-29596 -14063
-29596 -14063
-29609 -14034
-29609 -14034
-29609 -14034
-29609 -14034
-29609 -14034
-29609 -14034
-29609 -14034
-29609 -14034
-29609 -14034
-29609 -14034
-29623 -14005
-29623 -14005
-29616 -14021
-29616 -14021
-29616 -14021
-29629 -13993
-29629 -13993
-29629 -13993
-29629 -13993
-29629 -13993
-29629 -13993
-29629 -13993
-29629 -13993
-29629 -13993
-29629 -13993
-29643 -13964
-29643 -13964
-29643 -13964
-29643 -13964
-29643 -13964
-29643 -13964
-29643 -13964
-29643 -13964
-29643 -13964
-29643 -13964
-29656 -13935
-29656 -13935
-29656 -13935
-29656 -13935
-29656 -13935
-29656 -13935
-29656 -13935
-29656 -13935
-29656 -13935
-29656 -13935
-29670 -13906
-29670 -13906
-29670 -13906
-29670 -13906
-29670 -13906
-29670 -13906
-29670 -13906
-29670 -13906
-29670 -13906
-29670 -13906
-29670 -13906
-29684 -13877
-29684 -13877
-29684 -13877
-29684 -13877
-29684 -13877
-29684 -13877
-29684 -13877
-29684 -13877
-29684 -13877
-29684 -13877
-29697 -13848
-29697 -13848
-29697 -13848
-29697 -13848
-29697 -13848
-29697 -13848
-29697 -13848
-29697 -13848
-29697 -13848
-29697 -13848
-29711 -13820
-29711 -13820
-29711 -13820
-29711 -13820
-29711 -13820
-29711 -13820
-29711 -13820
-29711 -13820
-29711 -13820
-29711 -13820
-29725 -13790
-29725 -13790
-29725 -13790
-29725 -13790
-29725 -13790
-29725 -13790
-29725 -13790
-29725 -13790
-29725 -13790
-29725 -13790
-29738 -13761
-29738 -13761
-29738 -13761
-29738 -13761
-29738 -13761
-29738 -13761
-29738 -13761
-29738 -13761
-29738 -13761
-29738 -13761
-29751 -13732
-29751 -13732
-29751 -13732
-29751 -13732
-29751 -13732
-29751 -13732
-29751 -13732
-29751 -13732
-29751 -13732
-29751 -13732
-29764 -13704
-29764 -13704
-29764 -13704
-29764 -13704
-29764 -13704
-29764 -13704
-29764 -13704
-29764 -13704
-29764 -13704
-29764 -13704
-29779 -13674
-29779 -13674
-29779 -13674
-29779 -13674
-29779 -13674
-29779 -13674
-29779 -13674
-29779 -13674
-29779 -13674
-29779 -13674
-29779 -13674
-29792 -13646
-29792 -13646
-29792 -13646
-29786 -13658
-29786 -13658
-29786 -13658
-29786 -13658
-29800 -13629
-29800 -13629
-29800 -13629
-29800 -13629
-29800 -13629
-29800 -13629
-29800 -13629
-29800 -13629
-29800 -13629
-29800 -13629
-29812 -13600
-29812 -13600
-29812 -13600
-29812 -13600
-29812 -13600
-29812 -13600
-29812 -13600
-29812 -13600
-29812 -13600
-29812 -13600
-29812 -13600
-29825 -13571
-29825 -13571
-29825 -13571
-29825 -13571
-29825 -13571
-29825 -13571
-29825 -13571
-29825 -13571
-29825 -13571
-29825 -13571
-29839 -13542
-29839 -13542
-29839 -13542
-29839 -13542
-29839 -13542
-29839 -13542
-29839 -13542
-29839 -13542
-29839 -13542
-29839 -13542
-29852 -13513
-29852 -13513
-29852 -13513
-29852 -13513
-29852 -13513
-29852 -13513
-29852 -13513
-29852 -13513
-29852 -13513
-29852 -13513
-29865 -13483
-29865 -13483
-29865 -13483
-29865 -13483
-29865 -13483
-29865 -13483
-29865 -13483
-29865 -13483
-29865 -13483
-29865 -13483
-29878 -13454
-29878 -13454
-29878 -13454
-29878 -13454
-29878 -13454
-29878 -13454
-29878 -13454
-29878 -13454
-29878 -13454
-29878 -13454
-29891 -13425
-29891 -13425
-29891 -13425
-29891 -13425
-29891 -13425
-29891 -13425
-29891 -13425
-29891 -13425
-29891 -13425
-29891 -13425
-29904 -13396
-29904 -13396
-29904 -13396
-29904 -13396
-29904 -13396
-29904 -13396
-29904 -13396
-29904 -13396
-29904 -13396
-29904 -13396
-29917 -13367
-29917 -13367
-29917 -13367
-29917 -13367
-29917 -13367
-29917 -13367
-29917 -13367
-29917 -13367
-29917 -13367
-29917 -13367
-29917 -13367
-29930 -13338
-29930 -13338
-29930 -13338
-29930 -13338
-29930 -13338
-29930 -13338
-29930 -13338
-29930 -13338
-29930 -13338
-29930 -13338
-29943 -13309
-29943 -13309
-29943 -13309
-29943 -13309
-29943 -13309
-29943 -13309
-29943 -13309
-29943 -13309
-29943 -13309
-29943 -13309
-29956 -13279
-29956 -13279
-29949 -13295
-29949 -13295
-29949 -13295
-29961 -13267
-29961 -13267
-29961 -13267
-29961 -13267
-29961 -13267
-29961 -13267
-29961 -13267
-29961 -13267
-29961 -13267
-29961 -13267
-29974 -13237
-29974 -13237
-29974 -13237
-29974 -13237
-29974 -13237
-29974 -13237
-29974 -13237
-29974 -13237
-29974 -13237
-29974 -13237
-29987 -13208
-29987 -13208
-29987 -13208
-29987 -13208
-29987 -13208
-29987 -13208
-29987 -13208
-29987 -13208
-29987 -13208
-29987 -13208
-30000 -13179
-30000 -13179
-30000 -13179
-30000 -13179
-30000 -13179
-30000 -13179
-30000 -13179
-30000 -13179
-30000 -13179
-30000 -13179
-30000 -13179
-30013 -13150
-30013 -13150
-30013 -13150
-30013 -13150
-30013 -13150
-30013 -13150
-30013 -13150
-30013 -13150
-30013 -13150
-30013 -13150
-30026 -13120
-30026 -13120
-30026 -13120
-30026 -13120
-30026 -13120
-30026 -13120
-30026 -13120
-30026 -13120
-30026 -13120
-30026 -13120
-30039 -13092
-30039 -13092
-30039 -13092
-30039 -13092
-30039 -13092
-30039 -13092
-30039 -13092
-30039 -13092
-30039 -13092
-30039 -13092
-30052 -13062
-30052 -13062
-30052 -13062
-30052 -13062
-30052 -13062
-30052 -13062
-30052 -13062
-30052 -13062
-30052 -13062
-30052 -13062
-30065 -13033
-30065 -13033
-30065 -13033
-30065 -13033
-30065 -13033
-30065 -13033
-30065 -13033
-30065 -13033
-30065 -13033
-30065 -13033
-30077 -13003
-30077 -13003
-30077 -13003
-30077 -13003
-30077 -13003
-30077 -13003
-30077 -13003
-30077 -13003
-30077 -13003
-30077 -13003
-30090 -12975
-30090 -12975
-30090 -12975
-30090 -12975
-30090 -12975
-30090 -12975
-30090 -12975
-30090 -12975
-30090 -12975
-30090 -12975
-30103 -12944
-30103 -12944
-30103 -12944
-30103 -12944
-30103 -12944
-30103 -12944
-30103 -12944
-30103 -12944
-30103 -12944
-30103 -12944
-30103 -12944
-30116 -12916
-30116 -12916
-30116 -12916
-30110 -12927
-30110 -12927
-30110 -12927
-30110 -12927
-30123 -12898
-30123 -12898
-30123 -12898
-30123 -12898
-30123 -12898
-30123 -12898
-30123 -12898
-30123 -12898
-30123 -12898
-30123 -12898
-30135 -12868
-30135 -12868
-30135 -12868
-30135 -12868
-30135 -12868
-30135 -12868
-30135 -12868
-30135 -12868
-30135 -12868
-30135 -12868
-30135 -12868
-30147 -12839
-30147 -12839
-30147 -12839
-30147 -12839
-30147 -12839
-30147 -12839
-30147 -12839
-30147 -12839
-30147 -12839
-30147 -12839
-30161 -12809
-30161 -12809
-30161 -12809
-30161 -12809
-30161 -12809
-30161 -12809
-30161 -12809
-30161 -12809
-30161 -12809
-30161 -12809
-30172 -12781
-30172 -12781
-30172 -12781
-30172 -12781
-30172 -12781
-30172 -12781
-30172 -12781
-30172 -12781
-30172 -12781
-30172 -12781
-30185 -12750
-30185 -12750
-30185 -12750
-30185 -12750
-30185 -12750
-30185 -12750
-30185 -12750
-30185 -12750
-30185 -12750
-30185 -12750
-30197 -12721
-30197 -12721
-30197 -12721
-30197 -12721
-30197 -12721
-30197 -12721
-30197 -12721
-30197 -12721
-30197 -12721
-30197 -12721
-30210 -12691
-30210 -12691
-30210 -12691
-30210 -12691
-30210 -12691
-30210 -12691
-30210 -12691
-30210 -12691
-30210 -12691
-30210 -12691
-30221 -12663
-30221 -12663
-30221 -12663
-30221 -12663
-30221 -12663
-30221 -12663
-30221 -12663
-30221 -12663
-30221 -12663
-30221 -12663
-30234 -12633
-30234 -12633
-30234 -12633
-30234 -12633
-30234 -12633
-30234 -12633
-30234 -12633
-30234 -12633
-30234 -12633
-30234 -12633
-30234 -12633
-30246 -12603
-30246 -12603
-30246 -12603
-30246 -12603
-30246 -12603
-30246 -12603
-30246 -12603
-30246 -12603
-30246 -12603
-30246 -12603
-30258 -12574
-30258 -12574
-30258 -12574
-30258 -12574
-30258 -12574
-30258 -12574
-30258 -12574
-30258 -12574
-30258 -12574
-30258 -12574
-30271 -12544
-30271 -12544
-30264 -12560
-30264 -12560
-30264 -12560
-30276 -12531
-30276 -12531
-30276 -12531
-30276 -12531
-30276 -12531
-30276 -12531
-30276 -12531
-30276 -12531
-30276 -12531
-30276 -12531
-30288 -12502
-30288 -12502
-30288 -12502
-30288 -12502
-30288 -12502
-30288 -12502
-30288 -12502
-30288 -12502
-30288 -12502
-30288 -12502
-30300 -12472
-30300 -12472
-30300 -12472
-30300 -12472
-30300 -12472
-30300 -12472
-30300 -12472
-30300 -12472
-30300 -12472
-30300 -12472
-30313 -12443
-30313 -12443
-30313 -12443
-30313 -12443
-30313 -12443
-30313 -12443
-30313 -12443
-30313 -12443
-30313 -12443
-30313 -12443
-30313 -12443
-30325 -12413
-30325 -12413
-30325 -12413
-30325 -12413
-30325 -12413
-30325 -12413
-30325 -12413
-30325 -12413
-30325 -12413
-30325 -12413
-30337 -12384
-30337 -12384
-30337 -12384
-30337 -12384
-30337 -12384
-30337 -12384
-30337 -12384
-30337 -12384
-30337 -12384
-30337 -12384
-30349 -12355
-30349 -12355
-30349 -12355
-30349 -12355
-30349 -12355
-30349 -12355
-30349 -12355
-30349 -12355
-30349 -12355
-30349 -12355
-30362 -12324
-30362 -12324
-30362 -12324
-30362 -12324
-30362 -12324
-30362 -12324
-30362 -12324
-30362 -12324
-30362 -12324
-30362 -12324
-30374 -12295
-30374 -12295
-30374 -12295
-30374 -12295
-30374 -12295
-30374 -12295
-30374 -12295
-30374 -12295
-30374 -12295
-30374 -12295
-30385 -12265
-30385 -12265
-30385 -12265
-30385 -12265
-30385 -12265
-30385 -12265
-30385 -12265
-30385 -12265
-30385 -12265
-30385 -12265
-30397 -12236
-30397 -12236
-30397 -12236
-30397 -12236
-30397 -12236
-30397 -12236
-30397 -12236
-30397 -12236
-30397 -12236
-30397 -12236
-30410 -12206
-30410 -12206
-30410 -12206
-30410 -12206
-30410 -12206
-30410 -12206
-30410 -12206
-30410 -12206
-30410 -12206
-30410 -12206
-30410 -12206
-30422 -12177
-30422 -12177
-30422 -12177
-30429 -12159
-30429 -12159
-30429 -12159
-30429 -12159
-30442 -12129
-30442 -12129
-30442 -12129
-30442 -12129
-30442 -12129
-30442 -12129
-30442 -12129
-30442 -12129
-30442 -12129
-30442 -12129
-30453 -12099
-30453 -12099
-30453 -12099
-30453 -12099
-30453 -12099
-30453 -12099
-30453 -12099
-30453 -12099
-30453 -12099
-30453 -12099
-30453 -12099
-30465 -12070
-30465 -12070
-30465 -12070
-30465 -12070
-30465 -12070
-30465 -12070
-30465 -12070
-30465 -12070
-30465 -12070
-30465 -12070
-30477 -12040
-30477 -12040
-30477 -12040
-30477 -12040
-30477 -12040
-30477 -12040
-30477 -12040
-30477 -12040
-30477 -12040
-30477 -12040
-30488 -12011
-30488 -12011
-30488 -12011
-30488 -12011
-30488 -12011
-30488 -12011
-30488 -12011
-30488 -12011
-30488 -12011
-30488 -12011
-30500 -11980
-30500 -11980
-30500 -11980
-30500 -11980
-30500 -11980
-30500 -11980
-30500 -11980
-30500 -11980
-30500 -11980
-30500 -11980
-30512 -11950
-30512 -11950
-30512 -11950
-30512 -11950
-30512 -11950
-30512 -11950
-30512 -11950
-30512 -11950
-30512 -11950
-30512 -11950
-30523 -11921
-30523 -11921
-30523 -11921
-30523 -11921
-30523 -11921
-30523 -11921
-30523 -11921
-30523 -11921
-30523 -11921
-30523 -11921
-30534 -11892
-30534 -11892
-30534 -11892
-30534 -11892
-30534 -11892
-30534 -11892
-30534 -11892
-30534 -11892
-30534 -11892
-30534 -11892
-30546 -11862
-30546 -11862
-30546 -11862
-30546 -11862
-30546 -11862
-30546 -11862
-30546 -11862
-30546 -11862
-30546 -11862
-30546 -11862
-30546 -11862
-30557 -11832
-30557 -11832
-30557 -11832
-30557 -11832
-30557 -11832
-30557 -11832
-30557 -11832
-30557 -11832
-30557 -11832
-30557 -11832
-30569 -11802
-30569 -11802
-30569 -11802
-30569 -11802
-30569 -11802
-30569 -11802
-30569 -11802
-30569 -11802
-30569 -11802
-30569 -11802
-30580 -11772
-30580 -11772
-30574 -11788
-30574 -11788
-30574 -11788
-30585 -11759
-30585 -11759
-30585 -11759
-30585 -11759
-30585 -11759
-30585 -11759
-30585 -11759
-30585 -11759
-30585 -11759
-30585 -11759
-30597 -11729
-30597 -11729
-30597 -11729
-30597 -11729
-30597 -11729
-30597 -11729
-30597 -11729
-30597 -11729
-30597 -11729
-30597 -11729
-30608 -11699
-30608 -11699
-30608 -11699
-30608 -11699
-30608 -11699
-30608 -11699
-30608 -11699
-30608 -11699
-30608 -11699
-30608 -11699
-30620 -11670
-30620 -11670
-30620 -11670
-30620 -11670
-30620 -11670
-30620 -11670
-30620 -11670
-30620 -11670
-30620 -11670
-30620 -11670
-30620 -11670
-30631 -11640
-30631 -11640
-30631 -11640
-30631 -11640
-30631 -11640
-30631 -11640
-30631 -11640
-30631 -11640
-30631 -11640
-30631 -11640
-30643 -11610
-30643 -11610
-30643 -11610
-30643 -11610
-30643 -11610
-30643 -11610
-30643 -11610
-30643 -11610
-30643 -11610
-30643 -11610
-30654 -11581
-30654 -11581
-30654 -11581
-30654 -11581
-30654 -11581
-30654 -11581
-30654 -11581
-30654 -11581
-30654 -11581
-30654 -11581
-30666 -11550
-30666 -11550
-30666 -11550
-30666 -11550
-30666 -11550
-30666 -11550
-30666 -11550
-30666 -11550
-30666 -11550
-30666 -11550
-30677 -11520
-30677 -11520
-30677 -11520
-30677 -11520
-30677 -11520
-30677 -11520
-30677 -11520
-30677 -11520
-30677 -11520
-30677 -11520
-30688 -11490
-30688 -11490
-30688 -11490
-30688 -11490
-30688 -11490
-30688 -11490
-30688 -11490
-30688 -11490
-30688 -11490
-30688 -11490
-30699 -11461
-30699 -11461
-30699 -11461
-30699 -11461
-30699 -11461
-30699 -11461
-30699 -11461
-30699 -11461
-30699 -11461
-30699 -11461
-30711 -11430
-30711 -11430
-30711 -11430
-30711 -11430
-30711 -11430
-30711 -11430
-30711 -11430
-30711 -11430
-30711 -11430
-30711 -11430
-30711 -11430
-30722 -11401
-30722 -11401
-30722 -11401
-30715 -11412
-30715 -11412
-30715 -11412
-30715 -11412
-30727 -11382
-30727 -11382
-30727 -11382
-30727 -11382
-30727 -11382
-30727 -11382
-30727 -11382
-30727 -11382
-30727 -11382
-30727 -11382
-30738 -11352
-30738 -11352
-30738 -11352
-30738 -11352
-30738 -11352
-30738 -11352
-30738 -11352
-30738 -11352
-30738 -11352
-30738 -11352
-30738 -11352
-30749 -11322
-30749 -11322
-30749 -11322
-30749 -11322
-30749 -11322
-30749 -11322
-30749 -11322
-30749 -11322
-30749 -11322
-30749 -11322
-30760 -11292
-30760 -11292
-30760 -11292
-30760 -11292
-30760 -11292
-30760 -11292
-30760 -11292
-30760 -11292
-30760 -11292
-30760 -11292
-30771 -11263
-30771 -11263
-30771 -11263
-30771 -11263
-30771 -11263
-30771 -11263
-30771 -11263
-30771 -11263
-30771 -11263
-30771 -11263
-30782 -11232
-30782 -11232
-30782 -11232
-30782 -11232
-30782 -11232
-30782 -11232
-30782 -11232
-30782 -11232
-30782 -11232
-30782 -11232
-30793 -11202
-30793 -11202
-30793 -11202
-30793 -11202
-30793 -11202
-30793 -11202
-30793 -11202
-30793 -11202
-30793 -11202
-30793 -11202
-30804 -11172
-30804 -11172
-30804 -11172
-30804 -11172
-30804 -11172
-30804 -11172
-30804 -11172
-30804 -11172
-30804 -11172
-30804 -11172
-30814 -11143
-30814 -11143
-30814 -11143
-30814 -11143
-30814 -11143
-30814 -11143
-30814 -11143
-30814 -11143
-30814 -11143
-30814 -11143
-30825 -11113
-30825 -11113
-30825 -11113
-30825 -11113
-30825 -11113
-30825 -11113
-30825 -11113
-30825 -11113
-30825 -11113
-30825 -11113
-30825 -11113
-30836 -11082
-30836 -11082
-30836 -11082
-30836 -11082
-30836 -11082
-30836 -11082
-30836 -11082
-30836 -11082
-30836 -11082
-30836 -11082
-30846 -11052
-30846 -11052
-30846 -11052
-30846 -11052
-30846 -11052
-30846 -11052
-30846 -11052
-30846 -11052
-30846 -11052
-30846 -11052
-30857 -11022
-30857 -11022
-30851 -11038
-30851 -11038
-30851 -11038
-30862 -11009
-30862 -11009
-30862 -11009
-30862 -11009
-30862 -11009
-30862 -11009
-30862 -11009
-30862 -11009
-30862 -11009
-30862 -11009
-30873 -10979
-30873 -10979
-30873 -10979
-30873 -10979
-30873 -10979
-30873 -10979
-30873 -10979
-30873 -10979
-30873 -10979
-30873 -10979
-30883 -10949
-30883 -10949
-30883 -10949
-30883 -10949
-30883 -10949
-30883 -10949
-30883 -10949
-30883 -10949
-30883 -10949
-30883 -10949
-30894 -10919
-30894 -10919
-30894 -10919
-30894 -10919
-30894 -10919
-30894 -10919
-30894 -10919
-30894 -10919
-30894 -10919
-30894 -10919
-30894 -10919
-30905 -10888
-30905 -10888
-30905 -10888
-30905 -10888
-30905 -10888
-30905 -10888
-30905 -10888
-30905 -10888
-30905 -10888
-30905 -10888
-30916 -10858
-30916 -10858
-30916 -10858
-30916 -10858
-30916 -10858
-30916 -10858
-30916 -10858
-30916 -10858
-30916 -10858
-30916 -10858
-30926 -10829
-30926 -10829
-30926 -10829
-30926 -10829
-30926 -10829
-30926 -10829
-30926 -10829
-30926 -10829
-30926 -10829
-30926 -10829
-30937 -10798
-30937 -10798
-30937 -10798
-30937 -10798
-30937 -10798
-30937 -10798
-30937 -10798
-30937 -10798
-30937 -10798
-30937 -10798
-30948 -10768
-30948 -10768
-30948 -10768
-30948 -10768
-30948 -10768
-30948 -10768
-30948 -10768
-30948 -10768
-30948 -10768
-30948 -10768
-30958 -10737
-30958 -10737
-30958 -10737
-30958 -10737
-30958 -10737
-30958 -10737
-30958 -10737
-30958 -10737
-30958 -10737
-30958 -10737
-30968 -10708
-30968 -10708
-30968 -10708
-30968 -10708
-30968 -10708
-30968 -10708
-30968 -10708
-30968 -10708
-30968 -10708
-30968 -10708
-30979 -10677
-30979 -10677
-30979 -10677
-30979 -10677
-30979 -10677
-30979 -10677
-30979 -10677
-30979 -10677
-30979 -10677
-30979 -10677
-30979 -10677
-30990 -10648
-30990 -10648
-30990 -10648
-30989 -10653
-30989 -10653
-30989 -10653
-30989 -10653
-31000 -10623
-31000 -10623
-31000 -10623
-31000 -10623
-31000 -10623
-31000 -10623
-31000 -10623
-31000 -10623
-31000 -10623
-31000 -10623
-31010 -10592
-31010 -10592
-31010 -10592
-31010 -10592
-31010 -10592
-31010 -10592
-31010 -10592
-31010 -10592
-31010 -10592
-31010 -10592
-31010 -10592
-31020 -10562
-31020 -10562
-31020 -10562
-31020 -10562
-31020 -10562
-31020 -10562
-31020 -10562
-31020 -10562
-31020 -10562
-31020 -10562
-31031 -10532
-31031 -10532
-31031 -10532
-31031 -10532
-31031 -10532
-31031 -10532
-31031 -10532
-31031 -10532
-31031 -10532
-31031 -10532
-31041 -10502
-31041 -10502
-31041 -10502
-31041 -10502
-31041 -10502
-31041 -10502
-31041 -10502
-31041 -10502
-31041 -10502
-31041 -10502
-31051 -10471
-31051 -10471
-31051 -10471
-31051 -10471
-31051 -10471
-31051 -10471
-31051 -10471
-31051 -10471
-31051 -10471
-31051 -10471
-31061 -10441
-31061 -10441
-31061 -10441
-31061 -10441
-31061 -10441
-31061 -10441
-31061 -10441
-31061 -10441
-31061 -10441
-31061 -10441
-31071 -10410
-31071 -10410
-31071 -10410
-31071 -10410
-31071 -10410
-31071 -10410
-31071 -10410
-31071 -10410
-31071 -10410
-31071 -10410
-31081 -10381
-31081 -10381
-31081 -10381
-31081 -10381
-31081 -10381
-31081 -10381
-31081 -10381
-31081 -10381
-31081 -10381
-31081 -10381
-31091 -10350
-31091 -10350
-31091 -10350
-31091 -10350
-31091 -10350
-31091 -10350
-31091 -10350
-31091 -10350
-31091 -10350
-31091 -10350
-31091 -10350
-31101 -10320
-31101 -10320
-31101 -10320
-31101 -10320
-31101 -10320
-31101 -10320
-31101 -10320
-31101 -10320
-31101 -10320
-31101 -10320
-31111 -10290
-31111 -10290
-31111 -10290
-31111 -10290
-31111 -10290
-31111 -10290
-31111 -10290
-31111 -10290
-31111 -10290
-31111 -10290
-31121 -10259
-31121 -10259
-31116 -10275
-31116 -10275
-31116 -10275
-31125 -10246
-31125 -10246
-31125 -10246
-31125 -10246
-31125 -10246
-31125 -10246
-31125 -10246
-31125 -10246
-31125 -10246
-31125 -10246
-31135 -10215
-31135 -10215
-31135 -10215
-31135 -10215
-31135 -10215
-31135 -10215
-31135 -10215
-31135 -10215
-31135 -10215
-31135 -10215
-31145 -10185
-31145 -10185
-31145 -10185
-31145 -10185
-31145 -10185
-31145 -10185
-31145 -10185
-31145 -10185
-31145 -10185
-31145 -10185
-31155 -10155
-31155 -10155
-31155 -10155
-31155 -10155
-31155 -10155
-31155 -10155
-31155 -10155
-31155 -10155
-31155 -10155
-31155 -10155
-31155 -10155
-31165 -10124
-31165 -10124
-31165 -10124
-31165 -10124
-31165 -10124
-31165 -10124
-31165 -10124
-31165 -10124
-31165 -10124
-31165 -10124
-31175 -10094
-31175 -10094
-31175 -10094
-31175 -10094
-31175 -10094
-31175 -10094
-31175 -10094
-31175 -10094
-31175 -10094
-31175 -10094
-31185 -10064
-31185 -10064
-31185 -10064
-31185 -10064
-31185 -10064
-31185 -10064
-31185 -10064
-31185 -10064
-31185 -10064
-31185 -10064
-31195 -10033
-31195 -10033
-31195 -10033
-31195 -10033
-31195 -10033
-31195 -10033
-31195 -10033
-31195 -10033
-31195 -10033
-31195 -10033
-31205 -10003
-31205 -10003
-31205 -10003
-31205 -10003
-31205 -10003
-31205 -10003
-31205 -10003
-31205 -10003
-31205 -10003
-31205 -10003
-31215 -9972
-31215 -9972
-31215 -9972
-31215 -9972
-31215 -9972
-31215 -9972
-31215 -9972
-31215 -9972
-31215 -9972
-31215 -9972
-31224 -9943
-31224 -9943
-31224 -9943
-31224 -9943
-31224 -9943
-31224 -9943
-31224 -9943
-31224 -9943
-31224 -9943
-31224 -9943
-31235 -9911
-31235 -9911
-31235 -9911
-31235 -9911
-31235 -9911
-31235 -9911
-31235 -9911
-31235 -9911
-31235 -9911
-31235 -9911
-31235 -9911
-31244 -9882
-31244 -9882
-31244 -9882
-31239 -9893
-31239 -9893
-31239 -9893
-31239 -9893
-31250 -9862
-31250 -9862
-31250 -9862
-31250 -9862
-31250 -9862
-31250 -9862
-31250 -9862
-31250 -9862
-31250 -9862
-31250 -9862
-31259 -9832
-31259 -9832
-31259 -9832
-31259 -9832
-31259 -9832
-31259 -9832
-31259 -9832
-31259 -9832
-31259 -9832
-31259 -9832
-31259 -9832
-31268 -9801
-31268 -9801
-31268 -9801
-31268 -9801
-31268 -9801
-31268 -9801
-31268 -9801
-31268 -9801
-31268 -9801
-31268 -9801
-31278 -9771
-31278 -9771
-31278 -9771
-31278 -9771
-31278 -9771
-31278 -9771
-31278 -9771
-31278 -9771
-31278 -9771
-31278 -9771
-31287 -9741
-31287 -9741
-31287 -9741
-31287 -9741
-31287 -9741
-31287 -9741
-31287 -9741
-31287 -9741
-31287 -9741
-31287 -9741
-31297 -9710
-31297 -9710
-31297 -9710
-31297 -9710
-31297 -9710
-31297 -9710
-31297 -9710
-31297 -9710
-31297 -9710
-31297 -9710
-31306 -9679
-31306 -9679
-31306 -9679
-31306 -9679
-31306 -9679
-31306 -9679
-31306 -9679
-31306 -9679
-31306 -9679
-31306 -9679
-31316 -9648
-31316 -9648
-31316 -9648
-31316 -9648
-31316 -9648
-31316 -9648
-31316 -9648
-31316 -9648
-31316 -9648
-31316 -9648
-31325 -9619
-31325 -9619
-31325 -9619
-31325 -9619
-31325 -9619
-31325 -9619
-31325 -9619
-31325 -9619
-31325 -9619
-31325 -9619
-31334 -9588
-31334 -9588
-31334 -9588
-31334 -9588
-31334 -9588
-31334 -9588
-31334 -9588
-31334 -9588
-31334 -9588
-31334 -9588
-31334 -9588
-31343 -9557
-31343 -9557
-31343 -9557
-31343 -9557
-31343 -9557
-31343 -9557
-31343 -9557
-31343 -9557
-31343 -9557
-31343 -9557
-31352 -9527
-31352 -9527
-31352 -9527
-31352 -9527
-31352 -9527
-31352 -9527
-31352 -9527
-31352 -9527
-31352 -9527
-31352 -9527
-31362 -9496
-31362 -9496
-31357 -9512
-31357 -9512
-31357 -9512
-31366 -9483
-31366 -9483
-31366 -9483
-31366 -9483
-31366 -9483
-31366 -9483
-31366 -9483
-31366 -9483
-31366 -9483
-31366 -9483
-31375 -9452
-31375 -9452
-31375 -9452
-31375 -9452
-31375 -9452
-31375 -9452
-31375 -9452
-31375 -9452
-31375 -9452
-31375 -9452
-31384 -9421
-31384 -9421
-31384 -9421
-31384 -9421
-31384 -9421
-31384 -9421
-31384 -9421
-31384 -9421
-31384 -9421
-31384 -9421
-31394 -9391
-31394 -9391
-31394 -9391
-31394 -9391
-31394 -9391
-31394 -9391
-31394 -9391
-31394 -9391
-31394 -9391
-31394 -9391
-31394 -9391
-31403 -9360
-31403 -9360
-31403 -9360
-31403 -9360
-31403 -9360
-31403 -9360
-31403 -9360
-31403 -9360
-31403 -9360
-31403 -9360
-31412 -9330
-31412 -9330
-31412 -9330
-31412 -9330
-31412 -9330
-31412 -9330
-31412 -9330
-31412 -9330
-31412 -9330
-31412 -9330
-31421 -9300
-31421 -9300
-31421 -9300
-31421 -9300
-31421 -9300
-31421 -9300
-31421 -9300
-31421 -9300
-31421 -9300
-31421 -9300
-31431 -9268
-31431 -9268
-31431 -9268
-31431 -9268
-31431 -9268
-31431 -9268
-31431 -9268
-31431 -9268
-31431 -9268
-31431 -9268
-31440 -9238
-31440 -9238
-31440 -9238
-31440 -9238
-31440 -9238
-31440 -9238
-31440 -9238
-31440 -9238
-31440 -9238
-31440 -9238
-31448 -9207
-31448 -9207
-31448 -9207
-31448 -9207
-31448 -9207
-31448 -9207
-31448 -9207
-31448 -9207
-31448 -9207
-31448 -9207
-31457 -9177
-31457 -9177
-31457 -9177
-31457 -9177
-31457 -9177
-31457 -9177
-31457 -9177
-31457 -9177
-31457 -9177
-31457 -9177
-31467 -9146
-31467 -9146
-31467 -9146
-31467 -9146
-31467 -9146
-31467 -9146
-31467 -9146
-31467 -9146
-31467 -9146
-31467 -9146
-31467 -9146
-31476 -9116
-31476 -9116
-31476 -9116
-31471 -9128
-31471 -9128
-31471 -9128
-31471 -9128
-31480 -9097
-31480 -9097
-31480 -9097
-31480 -9097
-31480 -9097
-31480 -9097
-31480 -9097
-31480 -9097
-31480 -9097
-31480 -9097
-31489 -9066
-31489 -9066
-31489 -9066
-31489 -9066
-31489 -9066
-31489 -9066
-31489 -9066
-31489 -9066
-31489 -9066
-31489 -9066
-31489 -9066
-31497 -9035
-31497 -9035
-31497 -9035
-31497 -9035
-31497 -9035
-31497 -9035
-31497 -9035
-31497 -9035
-31497 -9035
-31497 -9035
-31507 -9005
-31507 -9005
-31507 -9005
-31507 -9005
-31507 -9005
-31507 -9005
-31507 -9005
-31507 -9005
-31507 -9005
-31507 -9005
-31515 -8975
-31515 -8975
-31515 -8975
-31515 -8975
-31515 -8975
-31515 -8975
-31515 -8975
-31515 -8975
-31515 -8975
-31515 -8975
-31524 -8943
-31524 -8943
-31524 -8943
-31524 -8943
-31524 -8943
-31524 -8943
-31524 -8943
-31524 -8943
-31524 -8943
-31524 -8943
-31533 -8912
-31533 -8912
-31533 -8912
-31533 -8912
-31533 -8912
-31533 -8912
-31533 -8912
-31533 -8912
-31533 -8912
-31533 -8912
-31541 -8881
-31541 -8881
-31541 -8881
-31541 -8881
-31541 -8881
-31541 -8881
-31541 -8881
-31541 -8881
-31541 -8881
-31541 -8881
-31549 -8851
-31549 -8851
-31549 -8851
-31549 -8851
-31549 -8851
-31549 -8851
-31549 -8851
-31549 -8851
-31549 -8851
-31549 -8851
-31558 -8821
-31558 -8821
-31558 -8821
-31558 -8821
-31558 -8821
-31558 -8821
-31558 -8821
-31558 -8821
-31558 -8821
-31558 -8821
-31558 -8821
-31566 -8790
-31566 -8790
-31566 -8790
-31566 -8790
-31566 -8790
-31566 -8790
-31566 -8790
-31566 -8790
-31566 -8790
-31566 -8790
-31575 -8759
-31575 -8759
-31575 -8759
-31575 -8759
-31575 -8759
-31575 -8759
-31575 -8759
-31575 -8759
-31575 -8759
-31575 -8759
-31583 -8728
-31583 -8728
-31579 -8744
-31579 -8744
-31579 -8744
-31587 -8715
-31587 -8715
-31587 -8715
-31587 -8715
-31587 -8715
-31587 -8715
-31587 -8715
-31587 -8715
-31587 -8715
-31587 -8715
-31596 -8684
-31596 -8684
-31596 -8684
-31596 -8684
-31596 -8684
-31596 -8684
-31596 -8684
-31596 -8684
-31596 -8684
-31596 -8684
-31604 -8653
-31604 -8653
-31604 -8653
-31604 -8653
-31604 -8653
-31604 -8653
-31604 -8653
-31604 -8653
-31604 -8653
-31604 -8653
-31613 -8622
-31613 -8622
-31613 -8622
-31613 -8622
-31613 -8622
-31613 -8622
-31613 -8622
-31613 -8622
-31613 -8622
-31613 -8622
-31613 -8622
-31621 -8591
-31621 -8591
-31621 -8591
-31621 -8591
-31621 -8591
-31621 -8591
-31621 -8591
-31621 -8591
-31621 -8591
-31621 -8591
-31630 -8560
-31630 -8560
-31630 -8560
-31630 -8560
-31630 -8560
-31630 -8560
-31630 -8560
-31630 -8560
-31630 -8560
-31630 -8560
-31638 -8530
-31638 -8530
-31638 -8530
-31638 -8530
-31638 -8530
-31638 -8530
-31638 -8530
-31638 -8530
-31638 -8530
-31638 -8530
-31647 -8499
-31647 -8499
-31647 -8499
-31647 -8499
-31647 -8499
-31647 -8499
-31647 -8499
-31647 -8499
-31647 -8499
-31647 -8499
-31655 -8468
-31655 -8468
-31655 -8468
-31655 -8468
-31655 -8468
-31655 -8468
-31655 -8468
-31655 -8468
-31655 -8468
-31655 -8468
-31663 -8437
-31663 -8437
-31663 -8437
-31663 -8437
-31663 -8437
-31663 -8437
-31663 -8437
-31663 -8437
-31663 -8437
-31663 -8437
-31671 -8407
-31671 -8407
-31671 -8407
-31671 -8407
-31671 -8407
-31671 -8407
-31671 -8407
-31671 -8407
-31671 -8407
-31671 -8407
-31680 -8375
-31680 -8375
-31680 -8375
-31680 -8375
-31680 -8375
-31680 -8375
-31680 -8375
-31680 -8375
-31680 -8375
-31680 -8375
-31680 -8375
-31688 -8345
-31688 -8345
-31688 -8345
-31684 -8357
-31684 -8357
-31684 -8357
-31684 -8357
-31693 -8326
-31693 -8326
-31693 -8326
-31693 -8326
-31693 -8326
-31693 -8326
-31693 -8326
-31693 -8326
-31693 -8326
-31693 -8326
-31701 -8295
-31701 -8295
-31701 -8295
-31701 -8295
-31701 -8295
-31701 -8295
-31701 -8295
-31701 -8295
-31701 -8295
-31701 -8295
-31701 -8295
-31709 -8264
-31709 -8264
-31709 -8264
-31709 -8264
-31709 -8264
-31709 -8264
-31709 -8264
-31709 -8264
-31709 -8264
-31709 -8264
-31717 -8233
-31717 -8233
-31717 -8233
-31717 -8233
-31717 -8233
-31717 -8233
-31717 -8233
-31717 -8233
-31717 -8233
-31717 -8233
-31725 -8203
-31725 -8203
-31725 -8203
-31725 -8203
-31725 -8203
-31725 -8203
-31725 -8203
-31725 -8203
-31725 -8203
-31725 -8203
-31733 -8171
-31733 -8171
-31733 -8171
-31733 -8171
-31733 -8171
-31733 -8171
-31733 -8171
-31733 -8171
-31733 -8171
-31733 -8171
-31741 -8140
-31741 -8140
-31741 -8140
-31741 -8140
-31741 -8140
-31741 -8140
-31741 -8140
-31741 -8140
-31741 -8140
-31741 -8140
-31749 -8109
-31749 -8109
-31749 -8109
-31749 -8109
-31749 -8109
-31749 -8109
-31749 -8109
-31749 -8109
-31749 -8109
-31749 -8109
-31756 -8079
-31756 -8079
-31756 -8079
-31756 -8079
-31756 -8079
-31756 -8079
-31756 -8079
-31756 -8079
-31756 -8079
-31756 -8079
-31764 -8048
-31764 -8048
-31764 -8048
-31764 -8048
-31764 -8048
-31764 -8048
-31764 -8048
-31764 -8048
-31764 -8048
-31764 -8048
-31764 -8048
-31772 -8017
-31772 -8017
-31772 -8017
-31772 -8017
-31772 -8017
-31772 -8017
-31772 -8017
-31772 -8017
-31772 -8017
-31772 -8017
-31779 -7986
-31779 -7986
-31779 -7986
-31779 -7986
-31779 -7986
-31779 -7986
-31779 -7986
-31779 -7986
-31779 -7986
-31779 -7986
-31787 -7955
-31787 -7955
-31783 -7972
-31783 -7972
-31783 -7972
-31791 -7941
-31791 -7941
-31791 -7941
-31791 -7941
-31791 -7941
-31791 -7941
-31791 -7941
-31791 -7941
-31791 -7941
-31791 -7941
-31798 -7910
-31798 -7910
-31798 -7910
-31798 -7910
-31798 -7910
-31798 -7910
-31798 -7910
-31798 -7910
-31798 -7910
-31798 -7910
-31806 -7879
-31806 -7879
-31806 -7879
-31806 -7879
-31806 -7879
-31806 -7879
-31806 -7879
-31806 -7879
-31806 -7879
-31806 -7879
-31814 -7848
-31814 -7848
-31814 -7848
-31814 -7848
-31814 -7848
-31814 -7848
-31814 -7848
-31814 -7848
-31814 -7848
-31814 -7848
-31814 -7848
-31822 -7817
-31822 -7817
-31822 -7817
-31822 -7817
-31822 -7817
-31822 -7817
-31822 -7817
-31822 -7817
-31822 -7817
-31822 -7817
-31830 -7786
-31830 -7786
-31830 -7786
-31830 -7786
-31830 -7786
-31830 -7786
-31830 -7786
-31830 -7786
-31830 -7786
-31830 -7786
-31837 -7756
-31837 -7756
-31837 -7756
-31837 -7756
-31837 -7756
-31837 -7756
-31837 -7756
-31837 -7756
-31837 -7756
-31837 -7756
-31845 -7724
-31845 -7724
-31845 -7724
-31845 -7724
-31845 -7724
-31845 -7724
-31845 -7724
-31845 -7724
-31845 -7724
-31845 -7724
-31853 -7693
-31853 -7693
-31853 -7693
-31853 -7693
-31853 -7693
-31853 -7693
-31853 -7693
-31853 -7693
-31853 -7693
-31853 -7693
-31860 -7662
-31860 -7662
-31860 -7662
-31860 -7662
-31860 -7662
-31860 -7662
-31860 -7662
-31860 -7662
-31860 -7662
-31860 -7662
-31867 -7632
-31867 -7632
-31867 -7632
-31867 -7632
-31867 -7632
-31867 -7632
-31867 -7632
-31867 -7632
-31867 -7632
-31867 -7632
-31875 -7600
-31875 -7600
-31875 -7600
-31875 -7600
-31875 -7600
-31875 -7600
-31875 -7600
-31875 -7600
-31875 -7600
-31875 -7600
-31875 -7600
-31883 -7570
-31883 -7570
-31883 -7570
-31878 -7581
-31878 -7581
-31878 -7581
-31878 -7581
-31886 -7550
-31886 -7550
-31886 -7550
-31886 -7550
-31886 -7550
-31886 -7550
-31886 -7550
-31886 -7550
-31886 -7550
-31886 -7550
-31893 -7519
-31893 -7519
-31893 -7519
-31893 -7519
-31893 -7519
-31893 -7519
-31893 -7519
-31893 -7519
-31893 -7519
-31893 -7519
-31893 -7519
-31900 -7488
-31900 -7488
-31900 -7488
-31900 -7488
-31900 -7488
-31900 -7488
-31900 -7488
-31900 -7488
-31900 -7488
-31900 -7488
-31908 -7457
-31908 -7457
-31908 -7457
-31908 -7457
-31908 -7457
-31908 -7457
-31908 -7457
-31908 -7457
-31908 -7457
-31908 -7457
-31915 -7427
-31915 -7427
-31915 -7427
-31915 -7427
-31915 -7427
-31915 -7427
-31915 -7427
-31915 -7427
-31915 -7427
-31915 -7427
-31922 -7395
-31922 -7395
-31922 -7395
-31922 -7395
-31922 -7395
-31922 -7395
-31922 -7395
-31922 -7395
-31922 -7395
-31922 -7395
-31929 -7363
-31929 -7363
-31929 -7363
-31929 -7363
-31929 -7363
-31929 -7363
-31929 -7363
-31929 -7363
-31929 -7363
-31929 -7363
-31936 -7332
-31936 -7332
-31936 -7332
-31936 -7332
-31936 -7332
-31936 -7332
-31936 -7332
-31936 -7332
-31936 -7332
-31936 -7332
-31943 -7302
-31943 -7302
-31943 -7302
-31943 -7302
-31943 -7302
-31943 -7302
-31943 -7302
-31943 -7302
-31943 -7302
-31943 -7302
-31950 -7271
-31950 -7271
-31950 -7271
-31950 -7271
-31950 -7271
-31950 -7271
-31950 -7271
-31950 -7271
-31950 -7271
-31950 -7271
-31950 -7271
-31957 -7239
-31957 -7239
-31957 -7239
-31957 -7239
-31957 -7239
-31957 -7239
-31957 -7239
-31957 -7239
-31957 -7239
-31957 -7239
-31964 -7208
-31964 -7208
-31964 -7208
-31964 -7208
-31964 -7208
-31964 -7208
-31964 -7208
-31964 -7208
-31964 -7208
-31964 -7208
-31971 -7177
-31971 -7177
-31967 -7194
-31967 -7194
-31967 -7194
-31974 -7163
-31974 -7163
-31974 -7163
-31974 -7163
-31974 -7163
-31974 -7163
-31974 -7163
-31974 -7163
-31974 -7163
-31974 -7163
-31981 -7132
-31981 -7132
-31981 -7132
-31981 -7132
-31981 -7132
-31981 -7132
-31981 -7132
-31981 -7132
-31981 -7132
-31981 -7132
-31988 -7101
-31988 -7101
-31988 -7101
-31988 -7101
-31988 -7101
-31988 -7101
-31988 -7101
-31988 -7101
-31988 -7101
-31988 -7101
-31995 -7070
-31995 -7070
-31995 -7070
-31995 -7070
-31995 -7070
-31995 -7070
-31995 -7070
-31995 -7070
-31995 -7070
-31995 -7070
-31995 -7070
-32002 -7038
-32002 -7038
-32002 -7038
-32002 -7038
-32002 -7038
-32002 -7038
-32002 -7038
-32002 -7038
-32002 -7038
-32002 -7038
-32009 -7007
-32009 -7007
-32009 -7007
-32009 -7007
-32009 -7007
-32009 -7007
-32009 -7007
-32009 -7007
-32009 -7007
-32009 -7007
-32016 -6977
-32016 -6977
-32016 -6977
-32016 -6977
-32016 -6977
-32016 -6977
-32016 -6977
-32016 -6977
-32016 -6977
-32016 -6977
-32023 -6945
-32023 -6945
-32023 -6945
-32023 -6945
-32023 -6945
-32023 -6945
-32023 -6945
-32023 -6945
-32023 -6945
-32023 -6945
-32030 -6914
-32030 -6914
-32030 -6914
-32030 -6914
-32030 -6914
-32030 -6914
-32030 -6914
-32030 -6914
-32030 -6914
-32030 -6914
-32036 -6882
-32036 -6882
-32036 -6882
-32036 -6882
-32036 -6882
-32036 -6882
-32036 -6882
-32036 -6882
-32036 -6882
-32036 -6882
-32043 -6852
-32043 -6852
-32043 -6852
-32043 -6852
-32043 -6852
-32043 -6852
-32043 -6852
-32043 -6852
-32043 -6852
-32043 -6852
-32050 -6820
-32050 -6820
-32050 -6820
-32050 -6820
-32050 -6820
-32050 -6820
-32050 -6820
-32050 -6820
-32050 -6820
-32050 -6820
-32050 -6820
-32057 -6789
-32057 -6789
-32057 -6789
-32055 -6805
-32055 -6805
-32055 -6805
-32055 -6805
-32062 -6773
-32062 -6773
-32062 -6773
-32062 -6773
-32062 -6773
-32062 -6773
-32062 -6773
-32062 -6773
-32062 -6773
-32062 -6773
-32068 -6742
-32068 -6742
-32068 -6742
-32068 -6742
-32068 -6742
-32068 -6742
-32068 -6742
-32068 -6742
-32068 -6742
-32068 -6742
-32068 -6742
-32074 -6711
-32074 -6711
-32074 -6711
-32074 -6711
-32074 -6711
-32074 -6711
-32074 -6711
-32074 -6711
-32074 -6711
-32074 -6711
-32082 -6679
-32082 -6679
-32082 -6679
-32082 -6679
-32082 -6679
-32082 -6679
-32082 -6679
-32082 -6679
-32082 -6679
-32082 -6679
-32088 -6649
-32088 -6649
-32088 -6649
-32088 -6649
-32088 -6649
-32088 -6649
-32088 -6649
-32088 -6649
-32088 -6649
-32088 -6649
-32094 -6617
-32094 -6617
-32094 -6617
-32094 -6617
-32094 -6617
-32094 -6617
-32094 -6617
-32094 -6617
-32094 -6617
-32094 -6617
-32100 -6585
-32100 -6585
-32100 -6585
-32100 -6585
-32100 -6585
-32100 -6585
-32100 -6585
-32100 -6585
-32100 -6585
-32100 -6585
-32107 -6554
-32107 -6554
-32107 -6554
-32107 -6554
-32107 -6554
-32107 -6554
-32107 -6554
-32107 -6554
-32107 -6554
-32107 -6554
-32113 -6524
-32113 -6524
-32113 -6524
-32113 -6524
-32113 -6524
-32113 -6524
-32113 -6524
-32113 -6524
-32113 -6524
-32113 -6524
-32119 -6492
-32119 -6492
-32119 -6492
-32119 -6492
-32119 -6492
-32119 -6492
-32119 -6492
-32119 -6492
-32119 -6492
-32119 -6492
-32119 -6492
-32125 -6461
-32125 -6461
-32125 -6461
-32125 -6461
-32125 -6461
-32125 -6461
-32125 -6461
-32125 -6461
-32125 -6461
-32125 -6461
-32132 -6429
-32132 -6429
-32132 -6429
-32132 -6429
-32132 -6429
-32132 -6429
-32132 -6429
-32132 -6429
-32132 -6429
-32132 -6429
-32138 -6398
-32138 -6398
-32134 -6415
-32134 -6415
-32134 -6415
-32141 -6384
-32141 -6384
-32141 -6384
-32141 -6384
-32141 -6384
-32141 -6384
-32141 -6384
-32141 -6384
-32141 -6384
-32141 -6384
-32147 -6353
-32147 -6353
-32147 -6353
-32147 -6353
-32147 -6353
-32147 -6353
-32147 -6353
-32147 -6353
-32147 -6353
-32147 -6353
-32153 -6321
-32153 -6321
-32153 -6321
-32153 -6321
-32153 -6321
-32153 -6321
-32153 -6321
-32153 -6321
-32153 -6321
-32153 -6321
-32159 -6290
-32159 -6290
-32159 -6290
-32159 -6290
-32159 -6290
-32159 -6290
-32159 -6290
-32159 -6290
-32159 -6290
-32159 -6290
-32159 -6290
-32166 -6259
-32166 -6259
-32166 -6259
-32166 -6259
-32166 -6259
-32166 -6259
-32166 -6259
-32166 -6259
-32166 -6259
-32166 -6259
-32172 -6227
-32172 -6227
-32172 -6227
-32172 -6227
-32172 -6227
-32172 -6227
-32172 -6227
-32172 -6227
-32172 -6227
-32172 -6227
-32178 -6197
-32178 -6197
-32178 -6197
-32178 -6197
-32178 -6197
-32178 -6197
-32178 -6197
-32178 -6197
-32178 -6197
-32178 -6197
-32184 -6165
-32184 -6165
-32184 -6165
-32184 -6165
-32184 -6165
-32184 -6165
-32184 -6165
-32184 -6165
-32184 -6165
-32184 -6165
-32191 -6133
-32191 -6133
-32191 -6133
-32191 -6133
-32191 -6133
-32191 -6133
-32191 -6133
-32191 -6133
-32191 -6133
-32191 -6133
-32196 -6102
-32196 -6102
-32196 -6102
-32196 -6102
-32196 -6102
-32196 -6102
-32196 -6102
-32196 -6102
-32196 -6102
-32196 -6102
-32202 -6071
-32202 -6071
-32202 -6071
-32202 -6071
-32202 -6071
-32202 -6071
-32202 -6071
-32202 -6071
-32202 -6071
-32202 -6071
-32208 -6039
-32208 -6039
-32208 -6039
-32208 -6039
-32208 -6039
-32208 -6039
-32208 -6039
-32208 -6039
-32208 -6039
-32208 -6039
-32208 -6039
-32214 -6008
-32214 -6008
-32214 -6008
-32216 -5990
-32216 -5990
-32216 -5990
-32216 -5990
-32222 -5958
-32222 -5958
-32222 -5958
-32222 -5958
-32222 -5958
-32222 -5958
-32222 -5958
-32222 -5958
-32222 -5958
-32222 -5958
-32228 -5927
-32228 -5927
-32228 -5927
-32228 -5927
-32228 -5927
-32228 -5927
-32228 -5927
-32228 -5927
-32228 -5927
-32228 -5927
-32228 -5927
-32233 -5895
-32233 -5895
-32233 -5895
-32233 -5895
-32233 -5895
-32233 -5895
-32233 -5895
-32233 -5895
-32233 -5895
-32233 -5895
-32240 -5864
-32240 -5864
-32240 -5864
-32240 -5864
-32240 -5864
-32240 -5864
-32240 -5864
-32240 -5864
-32240 -5864
-32240 -5864
-32245 -5833
-32245 -5833
-32245 -5833
-32245 -5833
-32245 -5833
-32245 -5833
-32245 -5833
-32245 -5833
-32245 -5833
-32245 -5833
-32251 -5801
-32251 -5801
-32251 -5801
-32251 -5801
-32251 -5801
-32251 -5801
-32251 -5801
-32251 -5801
-32251 -5801
-32251 -5801
-32256 -5769
-32256 -5769
-32256 -5769
-32256 -5769
-32256 -5769
-32256 -5769
-32256 -5769
-32256 -5769
-32256 -5769
-32256 -5769
-32261 -5738
-32261 -5738
-32261 -5738
-32261 -5738
-32261 -5738
-32261 -5738
-32261 -5738
-32261 -5738
-32261 -5738
-32261 -5738
-32267 -5707
-32267 -5707
-32267 -5707
-32267 -5707
-32267 -5707
-32267 -5707
-32267 -5707
-32267 -5707
-32267 -5707
-32267 -5707
-32272 -5676
-32272 -5676
-32272 -5676
-32272 -5676
-32272 -5676
-32272 -5676
-32272 -5676
-32272 -5676
-32272 -5676
-32272 -5676
-32272 -5676
-32278 -5644
-32278 -5644
-32278 -5644
-32278 -5644
-32278 -5644
-32278 -5644
-32278 -5644
-32278 -5644
-32278 -5644
-32278 -5644
-32283 -5612
-32283 -5612
-32283 -5612
-32283 -5612
-32283 -5612
-32283 -5612
-32283 -5612
-32283 -5612
-32283 -5612
-32283 -5612
-32289 -5581
-32289 -5581
-32286 -5598
-32286 -5598
-32286 -5598
-32291 -5567
-32291 -5567
-32291 -5567
-32291 -5567
-32291 -5567
-32291 -5567
-32291 -5567
-32291 -5567
-32291 -5567
-32291 -5567
-32296 -5536
-32296 -5536
-32296 -5536
-32296 -5536
-32296 -5536
-32296 -5536
-32296 -5536
-32296 -5536
-32296 -5536
-32296 -5536
-32302 -5504
-32302 -5504
-32302 -5504
-32302 -5504
-32302 -5504
-32302 -5504
-32302 -5504
-32302 -5504
-32302 -5504
-32302 -5504
-32307 -5473
-32307 -5473
-32307 -5473
-32307 -5473
-32307 -5473
-32307 -5473
-32307 -5473
-32307 -5473
-32307 -5473
-32307 -5473
-32307 -5473
-32313 -5441
-32313 -5441
-32313 -5441
-32313 -5441
-32313 -5441
-32313 -5441
-32313 -5441
-32313 -5441
-32313 -5441
-32313 -5441
-32318 -5410
-32318 -5410
-32318 -5410
-32318 -5410
-32318 -5410
-32318 -5410
-32318 -5410
-32318 -5410
-32318 -5410
-32318 -5410
-32324 -5379
-32324 -5379
-32324 -5379
-32324 -5379
-32324 -5379
-32324 -5379
-32324 -5379
-32324 -5379
-32324 -5379
-32324 -5379
-32329 -5346
-32329 -5346
-32329 -5346
-32329 -5346
-32329 -5346
-32329 -5346
-32329 -5346
-32329 -5346
-32329 -5346
-32329 -5346
-32335 -5315
-32335 -5315
-32335 -5315
-32335 -5315
-32335 -5315
-32335 -5315
-32335 -5315
-32335 -5315
-32335 -5315
-32335 -5315
-32339 -5283
-32339 -5283
-32339 -5283
-32339 -5283
-32339 -5283
-32339 -5283
-32339 -5283
-32339 -5283
-32339 -5283
-32339 -5283
-32344 -5253
-32344 -5253
-32344 -5253
-32344 -5253
-32344 -5253
-32344 -5253
-32344 -5253
-32344 -5253
-32344 -5253
-32344 -5253
-32350 -5220
-32350 -5220
-32350 -5220
-32350 -5220
-32350 -5220
-32350 -5220
-32350 -5220
-32350 -5220
-32350 -5220
-32350 -5220
-32350 -5220
-32355 -5190
-32355 -5190
-32355 -5190
-32353 -5201
-32353 -5201
-32353 -5201
-32353 -5201
-32358 -5170
-32358 -5170
-32358 -5170
-32358 -5170
-32358 -5170
-32358 -5170
-32358 -5170
-32358 -5170
-32358 -5170
-32358 -5170
-32363 -5138
-32363 -5138
-32363 -5138
-32363 -5138
-32363 -5138
-32363 -5138
-32363 -5138
-32363 -5138
-32363 -5138
-32363 -5138
-32363 -5138
-32368 -5106
-32368 -5106
-32368 -5106
-32368 -5106
-32368 -5106
-32368 -5106
-32368 -5106
-32368 -5106
-32368 -5106
-32368 -5106
-32373 -5075
-32373 -5075
-32373 -5075
-32373 -5075
-32373 -5075
-32373 -5075
-32373 -5075
-32373 -5075
-32373 -5075
-32373 -5075
-32378 -5044
-32378 -5044
-32378 -5044
-32378 -5044
-32378 -5044
-32378 -5044
-32378 -5044
-32378 -5044
-32378 -5044
-32378 -5044
-32383 -5012
-32383 -5012
-32383 -5012
-32383 -5012
-32383 -5012
-32383 -5012
-32383 -5012
-32383 -5012
-32383 -5012
-32383 -5012
-32387 -4980
-32387 -4980
-32387 -4980
-32387 -4980
-32387 -4980
-32387 -4980
-32387 -4980
-32387 -4980
-32387 -4980
-32387 -4980
-32392 -4948
-32392 -4948
-32392 -4948
-32392 -4948
-32392 -4948
-32392 -4948
-32392 -4948
-32392 -4948
-32392 -4948
-32392 -4948
-32397 -4918
-32397 -4918
-32397 -4918
-32397 -4918
-32397 -4918
-32397 -4918
-32397 -4918
-32397 -4918
-32397 -4918
-32397 -4918
-32401 -4886
-32401 -4886
-32401 -4886
-32401 -4886
-32401 -4886
-32401 -4886
-32401 -4886
-32401 -4886
-32401 -4886
-32401 -4886
-32401 -4886
-32406 -4854
-32406 -4854
-32406 -4854
-32406 -4854
-32406 -4854
-32406 -4854
-32406 -4854
-32406 -4854
-32406 -4854
-32406 -4854
-32411 -4823
-32411 -4823
-32411 -4823
-32411 -4823
-32411 -4823
-32411 -4823
-32411 -4823
-32411 -4823
-32411 -4823
-32411 -4823
-32415 -4791
-32415 -4791
-32413 -4808
-32413 -4808
-32413 -4808
-32417 -4777
-32417 -4777
-32417 -4777
-32417 -4777
-32417 -4777
-32417 -4777
-32417 -4777
-32417 -4777
-32417 -4777
-32417 -4777
-32422 -4745
-32422 -4745
-32422 -4745
-32422 -4745
-32422 -4745
-32422 -4745
-32422 -4745
-32422 -4745
-32422 -4745
-32422 -4745
-32427 -4714
-32427 -4714
-32427 -4714
-32427 -4714
-32427 -4714
-32427 -4714
-32427 -4714
-32427 -4714
-32427 -4714
-32427 -4714
-32431 -4682
-32431 -4682
-32431 -4682
-32431 -4682
-32431 -4682
-32431 -4682
-32431 -4682
-32431 -4682
-32431 -4682
-32431 -4682
-32431 -4682
-32436 -4650
-32436 -4650
-32436 -4650
-32436 -4650
-32436 -4650
-32436 -4650
-32436 -4650
-32436 -4650
-32436 -4650
-32436 -4650
-32441 -4619
-32441 -4619
-32441 -4619
-32441 -4619
-32441 -4619
-32441 -4619
-32441 -4619
-32441 -4619
-32441 -4619
-32441 -4619
-32445 -4588
-32445 -4588
-32445 -4588
-32445 -4588
-32445 -4588
-32445 -4588
-32445 -4588
-32445 -4588
-32445 -4588
-32445 -4588
-32450 -4556
-32450 -4556
-32450 -4556
-32450 -4556
-32450 -4556
-32450 -4556
-32450 -4556
-32450 -4556
-32450 -4556
-32450 -4556
-32455 -4524
-32455 -4524
-32455 -4524
-32455 -4524
-32455 -4524
-32455 -4524
-32455 -4524
-32455 -4524
-32455 -4524
-32455 -4524
-32459 -4492
-32459 -4492
-32459 -4492
-32459 -4492
-32459 -4492
-32459 -4492
-32459 -4492
-32459 -4492
-32459 -4492
-32459 -4492
-32463 -4461
-32463 -4461
-32463 -4461
-32463 -4461
-32463 -4461
-32463 -4461
-32463 -4461
-32463 -4461
-32463 -4461
-32463 -4461
-32468 -4429
-32468 -4429
-32468 -4429
-32468 -4429
-32468 -4429
-32468 -4429
-32468 -4429
-32468 -4429
-32468 -4429
-32468 -4429
-32468 -4429
-32472 -4398
-32472 -4398
-32472 -4398
-32470 -4410
-32470 -4410
-32470 -4410
-32470 -4410
-32475 -4378
-32475 -4378
-32475 -4378
-32475 -4378
-32475 -4378
-32475 -4378
-32475 -4378
-32475 -4378
-32475 -4378
-32475 -4378
-32479 -4346
-32479 -4346
-32479 -4346
-32479 -4346
-32479 -4346
-32479 -4346
-32479 -4346
-32479 -4346
-32479 -4346
-32479 -4346
-32479 -4346
-32483 -4314
-32483 -4314
-32483 -4314
-32483 -4314
-32483 -4314
-32483 -4314
-32483 -4314
-32483 -4314
-32483 -4314
-32483 -4314
-32488 -4283
-32488 -4283
-32488 -4283
-32488 -4283
-32488 -4283
-32488 -4283
-32488 -4283
-32488 -4283
-32488 -4283
-32488 -4283
-32492 -4252
-32492 -4252
-32492 -4252
-32492 -4252
-32492 -4252
-32492 -4252
-32492 -4252
-32492 -4252
-32492 -4252
-32492 -4252
-32496 -4219
-32496 -4219
-32496 -4219
-32496 -4219
-32496 -4219
-32496 -4219
-32496 -4219
-32496 -4219
-32496 -4219
-32496 -4219
-32500 -4188
-32500 -4188
-32500 -4188
-32500 -4188
-32500 -4188
-32500 -4188
-32500 -4188
-32500 -4188
-32500 -4188
-32500 -4188
-32504 -4156
-32504 -4156
-32504 -4156
-32504 -4156
-32504 -4156
-32504 -4156
-32504 -4156
-32504 -4156
-32504 -4156
-32504 -4156
-32507 -4125
-32507 -4125
-32507 -4125
-32507 -4125
-32507 -4125
-32507 -4125
-32507 -4125
-32507 -4125
-32507 -4125
-32507 -4125
-32511 -4093
-32511 -4093
-32511 -4093
-32511 -4093
-32511 -4093
-32511 -4093
-32511 -4093
-32511 -4093
-32511 -4093
-32511 -4093
-32511 -4093
-32515 -4061
-32515 -4061
-32515 -4061
-32515 -4061
-32515 -4061
-32515 -4061
-32515 -4061
-32515 -4061
-32515 -4061
-32515 -4061
-32519 -4030
-32519 -4030
-32519 -4030
-32519 -4030
-32519 -4030
-32519 -4030
-32519 -4030
-32519 -4030
-32519 -4030
-32519 -4030
-32523 -3998
-32523 -3998
-32521 -4015
-32521 -4015
-32521 -4015
-32525 -3984
-32525 -3984
-32525 -3984
-32525 -3984
-32525 -3984
-32525 -3984
-32525 -3984
-32525 -3984
-32525 -3984
-32525 -3984
-32529 -3952
-32529 -3952
-32529 -3952
-32529 -3952
-32529 -3952
-32529 -3952
-32529 -3952
-32529 -3952
-32529 -3952
-32529 -3952
-32533 -3921
-32533 -3921
-32533 -3921
-32533 -3921
-32533 -3921
-32533 -3921
-32533 -3921
-32533 -3921
-32533 -3921
-32533 -3921
-32537 -3889
-32537 -3889
-32537 -3889
-32537 -3889
-32537 -3889
-32537 -3889
-32537 -3889
-32537 -3889
-32537 -3889
-32537 -3889
-32537 -3889
-32540 -3857
-32540 -3857
-32540 -3857
-32540 -3857
-32540 -3857
-32540 -3857
-32540 -3857
-32540 -3857
-32540 -3857
-32540 -3857
-32544 -3825
-32544 -3825
-32544 -3825
-32544 -3825
-32544 -3825
-32544 -3825
-32544 -3825
-32544 -3825
-32544 -3825
-32544 -3825
-32548 -3794
-32548 -3794
-32548 -3794
-32548 -3794
-32548 -3794
-32548 -3794
-32548 -3794
-32548 -3794
-32548 -3794
-32548 -3794
-32552 -3762
-32552 -3762
-32552 -3762
-32552 -3762
-32552 -3762
-32552 -3762
-32552 -3762
-32552 -3762
-32552 -3762
-32552 -3762
-32556 -3730
-32556 -3730
-32556 -3730
-32556 -3730
-32556 -3730
-32556 -3730
-32556 -3730
-32556 -3730
-32556 -3730
-32556 -3730
-32559 -3698
-32559 -3698
-32559 -3698
-32559 -3698
-32559 -3698
-32559 -3698
-32559 -3698
-32559 -3698
-32559 -3698
-32559 -3698
-32563 -3667
-32563 -3667
-32563 -3667
-32563 -3667
-32563 -3667
-32563 -3667
-32563 -3667
-32563 -3667
-32563 -3667
-32563 -3667
-32567 -3635
-32567 -3635
-32567 -3635
-32567 -3635
-32567 -3635
-32567 -3635
-32567 -3635
-32567 -3635
-32567 -3635
-32567 -3635
-32567 -3635
-32571 -3604
-32571 -3604
-32571 -3604
-32567 -3617
-32567 -3617
-32567 -3617
-32567 -3617
-32571 -3585
-32571 -3585
-32571 -3585
-32571 -3585
-32571 -3585
-32571 -3585
-32571 -3585
-32571 -3585
-32571 -3585
-32571 -3585
-32574 -3553
-32574 -3553
-32574 -3553
-32574 -3553
-32574 -3553
-32574 -3553
-32574 -3553
-32574 -3553
-32574 -3553
-32574 -3553
-32574 -3553
-32578 -3521
-32578 -3521
-32578 -3521
-32578 -3521
-32578 -3521
-32578 -3521
-32578 -3521
-32578 -3521
-32578 -3521
-32578 -3521
-32582 -3490
-32582 -3490
-32582 -3490
-32582 -3490
-32582 -3490
-32582 -3490
-32582 -3490
-32582 -3490
-32582 -3490
-32582 -3490
-32585 -3459
-32585 -3459
-32585 -3459
-32585 -3459
-32585 -3459
-32585 -3459
-32585 -3459
-32585 -3459
-32585 -3459
-32585 -3459
-32588 -3426
-32588 -3426
-32588 -3426
-32588 -3426
-32588 -3426
-32588 -3426
-32588 -3426
-32588 -3426
-32588 -3426
-32588 -3426
-32591 -3394
-32591 -3394
-32591 -3394
-32591 -3394
-32591 -3394
-32591 -3394
-32591 -3394
-32591 -3394
-32591 -3394
-32591 -3394
-32594 -3362
-32594 -3362
-32594 -3362
-32594 -3362
-32594 -3362
-32594 -3362
-32594 -3362
-32594 -3362
-32594 -3362
-32594 -3362
-32597 -3331
-32597 -3331
-32597 -3331
-32597 -3331
-32597 -3331
-32597 -3331
-32597 -3331
-32597 -3331
-32597 -3331
-32597 -3331
-32600 -3299
-32600 -3299
-32600 -3299
-32600 -3299
-32600 -3299
-32600 -3299
-32600 -3299
-32600 -3299
-32600 -3299
-32600 -3299
-32600 -3299
-32604 -3268
-32604 -3268
-32604 -3268
-32604 -3268
-32604 -3268
-32604 -3268
-32604 -3268
-32604 -3268
-32604 -3268
-32604 -3268
-32607 -3236
-32607 -3236
-32607 -3236
-32607 -3236
-32607 -3236
-32607 -3236
-32607 -3236
-32607 -3236
-32607 -3236
-32607 -3236
-32610 -3204
-32610 -3204
-32608 -3221
-32608 -3221
-32608 -3221
-32611 -3190
-32611 -3190
-32611 -3190
-32611 -3190
-32611 -3190
-32611 -3190
-32611 -3190
-32611 -3190
-32611 -3190
-32611 -3190
-32614 -3158
-32614 -3158
-32614 -3158
-32614 -3158
-32614 -3158
-32614 -3158
-32614 -3158
-32614 -3158
-32614 -3158
-32614 -3158
-32618 -3126
-32618 -3126
-32618 -3126
-32618 -3126
-32618 -3126
-32618 -3126
-32618 -3126
-32618 -3126
-32618 -3126
-32618 -3126
-32621 -3094
-32621 -3094
-32621 -3094
-32621 -3094
-32621 -3094
-32621 -3094
-32621 -3094
-32621 -3094
-32621 -3094
-32621 -3094
-32621 -3094
-32624 -3063
-32624 -3063
-32624 -3063
-32624 -3063
-32624 -3063
-32624 -3063
-32624 -3063
-32624 -3063
-32624 -3063
-32624 -3063
-32627 -3031
-32627 -3031
-32627 -3031
-32627 -3031
-32627 -3031
-32627 -3031
-32627 -3031
-32627 -3031
-32627 -3031
-32627 -3031
-32630 -3000
-32630 -3000
-32630 -3000
-32630 -3000
-32630 -3000
-32630 -3000
-32630 -3000
-32630 -3000
-32630 -3000
-32630 -3000
-32633 -2967
-32633 -2967
-32633 -2967
-32633 -2967
-32633 -2967
-32633 -2967
-32633 -2967
-32633 -2967
-32633 -2967
-32633 -2967
-32636 -2935
-32636 -2935
-32636 -2935
-32636 -2935
-32636 -2935
-32636 -2935
-32636 -2935
-32636 -2935
-32636 -2935
-32636 -2935
-32639 -2903
-32639 -2903
-32639 -2903
-32639 -2903
-32639 -2903
-32639 -2903
-32639 -2903
-32639 -2903
-32639 -2903
-32639 -2903
-32642 -2872
-32642 -2872
-32642 -2872
-32642 -2872
-32642 -2872
-32642 -2872
-32642 -2872
-32642 -2872
-32642 -2872
-32642 -2872
-32645 -2840
-32645 -2840
-32645 -2840
-32645 -2840
-32645 -2840
-32645 -2840
-32645 -2840
-32645 -2840
-32645 -2840
-32645 -2840
-32645 -2840
-32648 -2809
-32648 -2809
-32648 -2809
-32646 -2825
-32646 -2825
-32646 -2825
-32646 -2825
-32649 -2793
-32649 -2793
-32649 -2793
-32649 -2793
-32649 -2793
-32649 -2793
-32649 -2793
-32649 -2793
-32649 -2793
-32649 -2793
-32652 -2761
-32652 -2761
-32652 -2761
-32652 -2761
-32652 -2761
-32652 -2761
-32652 -2761
-32652 -2761
-32652 -2761
-32652 -2761
-32652 -2761
-32654 -2729
-32654 -2729
-32654 -2729
-32654 -2729
-32654 -2729
-32654 -2729
-32654 -2729
-32654 -2729
-32654 -2729
-32654 -2729
-32657 -2697
-32657 -2697
-32657 -2697
-32657 -2697
-32657 -2697
-32657 -2697
-32657 -2697
-32657 -2697
-32657 -2697
-32657 -2697
-32660 -2666
-32660 -2666
-32660 -2666
-32660 -2666
-32660 -2666
-32660 -2666
-32660 -2666
-32660 -2666
-32660 -2666
-32660 -2666
-32662 -2633
-32662 -2633
-32662 -2633
-32662 -2633
-32662 -2633
-32662 -2633
-32662 -2633
-32662 -2633
-32662 -2633
-32662 -2633
-32665 -2601
-32665 -2601
-32665 -2601
-32665 -2601
-32665 -2601
-32665 -2601
-32665 -2601
-32665 -2601
-32665 -2601
-32665 -2601
-32667 -2570
-32667 -2570
-32667 -2570
-32667 -2570
-32667 -2570
-32667 -2570
-32667 -2570
-32667 -2570
-32667 -2570
-32667 -2570
-32669 -2539
-32669 -2539
-32669 -2539
-32669 -2539
-32669 -2539
-32669 -2539
-32669 -2539
-32669 -2539
-32669 -2539
-32669 -2539
-32672 -2507
-32672 -2507
-32672 -2507
-32672 -2507
-32672 -2507
-32672 -2507
-32672 -2507
-32672 -2507
-32672 -2507
-32672 -2507
-32672 -2507
-32674 -2475
-32674 -2475
-32674 -2475
-32674 -2475
-32674 -2475
-32674 -2475
-32674 -2475
-32674 -2475
-32674 -2475
-32674 -2475
-32676 -2443
-32676 -2443
-32676 -2443
-32676 -2443
-32676 -2443
-32676 -2443
-32676 -2443
-32676 -2443
-32676 -2443
-32676 -2443
-32679 -2411
-32679 -2411
-32677 -2428
-32677 -2428
-32677 -2428
-32680 -2397
-32680 -2397
-32680 -2397
-32680 -2397
-32680 -2397
-32680 -2397
-32680 -2397
-32680 -2397
-32680 -2397
-32680 -2397
-32682 -2365
-32682 -2365
-32682 -2365
-32682 -2365
-32682 -2365
-32682 -2365
-32682 -2365
-32682 -2365
-32682 -2365
-32682 -2365
-32684 -2333
-32684 -2333
-32684 -2333
-32684 -2333
-32684 -2333
-32684 -2333
-32684 -2333
-32684 -2333
-32684 -2333
-32684 -2333
-32687 -2301
-32687 -2301
-32687 -2301
-32687 -2301
-32687 -2301
-32687 -2301
-32687 -2301
-32687 -2301
-32687 -2301
-32687 -2301
-32687 -2301
-32689 -2269
-32689 -2269
-32689 -2269
-32689 -2269
-32689 -2269
-32689 -2269
-32689 -2269
-32689 -2269
-32689 -2269
-32689 -2269
-32692 -2237
-32692 -2237
-32692 -2237
-32692 -2237
-32692 -2237
-32692 -2237
-32692 -2237
-32692 -2237
-32692 -2237
-32692 -2237
-32694 -2207
-32694 -2207
-32694 -2207
-32694 -2207
-32694 -2207
-32694 -2207
-32694 -2207
-32694 -2207
-32694 -2207
-32694 -2207
-32696 -2174
-32696 -2174
-32696 -2174
-32696 -2174
-32696 -2174
-32696 -2174
-32696 -2174
-32696 -2174
-32696 -2174
-32696 -2174
-32699 -2142
-32699 -2142
-32699 -2142
-32699 -2142
-32699 -2142
-32699 -2142
-32699 -2142
-32699 -2142
-32699 -2142
-32699 -2142
-32700 -2110
-32700 -2110
-32700 -2110
-32700 -2110
-32700 -2110
-32700 -2110
-32700 -2110
-32700 -2110
-32700 -2110
-32700 -2110
-32702 -2079
-32702 -2079
-32702 -2079
-32702 -2079
-32702 -2079
-32702 -2079
-32702 -2079
-32702 -2079
-32702 -2079
-32702 -2079
-32705 -2046
-32705 -2046
-32705 -2046
-32705 -2046
-32705 -2046
-32705 -2046
-32705 -2046
-32705 -2046
-32705 -2046
-32705 -2046
-32705 -2046
-32707 -2015
-32707 -2015
-32707 -2015
-32705 -2026
-32705 -2026
-32705 -2026
-32705 -2026
-32708 -1994
-32708 -1994
-32708 -1994
-32708 -1994
-32708 -1994
-32708 -1994
-32708 -1994
-32708 -1994
-32708 -1994
-32708 -1994
-32709 -1962
-32709 -1962
-32709 -1962
-32709 -1962
-32709 -1962
-32709 -1962
-32709 -1962
-32709 -1962
-32709 -1962
-32709 -1962
-32709 -1962
-32711 -1931
-32711 -1931
-32711 -1931
-32711 -1931
-32711 -1931
-32711 -1931
-32711 -1931
-32711 -1931
-32711 -1931
-32711 -1931
-32713 -1899
-32713 -1899
-32713 -1899
-32713 -1899
-32713 -1899
-32713 -1899
-32713 -1899
-32713 -1899
-32713 -1899
-32713 -1899
-32715 -1868
-32715 -1868
-32715 -1868
-32715 -1868
-32715 -1868
-32715 -1868
-32715 -1868
-32715 -1868
-32715 -1868
-32715 -1868
-32716 -1835
-32716 -1835
-32716 -1835
-32716 -1835
-32716 -1835
-32716 -1835
-32716 -1835
-32716 -1835
-32716 -1835
-32716 -1835
-32718 -1803
-32718 -1803
-32718 -1803
-32718 -1803
-32718 -1803
-32718 -1803
-32718 -1803
-32718 -1803
-32718 -1803
-32718 -1803
-32720 -1771
-32720 -1771
-32720 -1771
-32720 -1771
-32720 -1771
-32720 -1771
-32720 -1771
-32720 -1771
-32720 -1771
-32720 -1771
-32721 -1740
-32721 -1740
-32721 -1740
-32721 -1740
-32721 -1740
-32721 -1740
-32721 -1740
-32721 -1740
-32721 -1740
-32721 -1740
-32723 -1708
-32723 -1708
-32723 -1708
-32723 -1708
-32723 -1708
-32723 -1708
-32723 -1708
-32723 -1708
-32723 -1708
-32723 -1708
-32723 -1708
-32724 -1676
-32724 -1676
-32724 -1676
-32724 -1676
-32724 -1676
-32724 -1676
-32724 -1676
-32724 -1676
-32724 -1676
-32724 -1676
-32726 -1644
-32726 -1644
-32726 -1644
-32726 -1644
-32726 -1644
-32726 -1644
-32726 -1644
-32726 -1644
-32726 -1644
-32726 -1644
-32727 -1612
-32727 -1612
-32727 -1629
-32727 -1629
-32727 -1629
-32728 -1598
-32728 -1598
-32728 -1598
-32728 -1598
-32728 -1598
-32728 -1598
-32728 -1598
-32728 -1598
-32728 -1598
-32728 -1598
-32730 -1566
-32730 -1566
-32730 -1566
-32730 -1566
-32730 -1566
-32730 -1566
-32730 -1566
-32730 -1566
-32730 -1566
-32730 -1566
-32731 -1534
-32731 -1534
-32731 -1534
-32731 -1534
-32731 -1534
-32731 -1534
-32731 -1534
-32731 -1534
-32731 -1534
-32731 -1534
-32733 -1502
-32733 -1502
-32733 -1502
-32733 -1502
-32733 -1502
-32733 -1502
-32733 -1502
-32733 -1502
-32733 -1502
-32733 -1502
-32733 -1502
-32734 -1470
-32734 -1470
-32734 -1470
-32734 -1470
-32734 -1470
-32734 -1470
-32734 -1470
-32734 -1470
-32734 -1470
-32734 -1470
-32736 -1438
-32736 -1438
-32736 -1438
-32736 -1438
-32736 -1438
-32736 -1438
-32736 -1438
-32736 -1438
-32736 -1438
-32736 -1438
-32738 -1407
-32738 -1407
-32738 -1407
-32738 -1407
-32738 -1407
-32738 -1407
-32738 -1407
-32738 -1407
-32738 -1407
-32738 -1407
-32739 -1374
-32739 -1374
-32739 -1374
-32739 -1374
-32739 -1374
-32739 -1374
-32739 -1374
-32739 -1374
-32739 -1374
-32739 -1374
-32741 -1342
-32741 -1342
-32741 -1342
-32741 -1342
-32741 -1342
-32741 -1342
-32741 -1342
-32741 -1342
-32741 -1342
-32741 -1342
-32741 -1310
-32741 -1310
-32741 -1310
-32741 -1310
-32741 -1310
-32741 -1310
-32741 -1310
-32741 -1310
-32741 -1310
-32741 -1310
-32743 -1279
-32743 -1279
-32743 -1279
-32743 -1279
-32743 -1279
-32743 -1279
-32743 -1279
-32743 -1279
-32743 -1279
-32743 -1279
-32745 -1246
-32745 -1246
-32745 -1246
-32745 -1246
-32745 -1246
-32745 -1246
-32745 -1246
-32745 -1246
-32745 -1246
-32745 -1246
-32745 -1246
-32746 -1215
-32746 -1215
-32746 -1215
-32746 -1196
-32746 -1196
-32746 -1196
-32746 -1196
-32748 -1164
-32748 -1164
-32748 -1164
-32748 -1164
-32748 -1164
-32748 -1164
-32748 -1164
-32748 -1164
-32748 -1164
-32748 -1164
-32749 -1132
-32749 -1132
-32749 -1132
-32749 -1132
-32749 -1132
-32749 -1132
-32749 -1132
-32749 -1132
-32749 -1132
-32749 -1132
-32749 -1132
-32750 -1100
-32750 -1100
-32750 -1100
-32750 -1100
-32750 -1100
-32750 -1100
-32750 -1100
-32750 -1100
-32750 -1100
-32750 -1100
-32751 -1068
-32751 -1068
-32751 -1068
-32751 -1068
-32751 -1068
-32751 -1068
-32751 -1068
-32751 -1068
-32751 -1068
-32751 -1068
-32752 -1037
-32752 -1037
-32752 -1037
-32752 -1037
-32752 -1037
-32752 -1037
-32752 -1037
-32752 -1037
-32752 -1037
-32752 -1037
-32753 -1004
-32753 -1004
-32753 -1004
-32753 -1004
-32753 -1004
-32753 -1004
-32753 -1004
-32753 -1004
-32753 -1004
-32753 -1004
-32754 -972
-32754 -972
-32754 -972
-32754 -972
-32754 -972
-32754 -972
-32754 -972
-32754 -972
-32754 -972
-32754 -972
-32754 -940
-32754 -940
-32754 -940
-32754 -940
-32754 -940
-32754 -940
-32754 -940
-32754 -940
-32754 -940
-32754 -940
-32755 -909
-32755 -909
-32755 -909
-32755 -909
-32755 -909
-32755 -909
-32755 -909
-32755 -909
-32755 -909
-32755 -909
-32756 -877
-32756 -877
-32756 -877
-32756 -877
-32756 -877
-32756 -877
-32756 -877
-32756 -877
-32756 -877
-32756 -877
-32756 -877
-32757 -845
-32757 -845
-32757 -845
-32757 -845
-32757 -845
-32757 -845
-32757 -845
-32757 -845
-32757 -845
-32757 -845
-32757 -813
-32757 -813
-32757 -813
-32757 -813
-32757 -813
-32757 -813
-32757 -813
-32757 -813
-32757 -813
-32757 -813
-32758 -781
-32758 -781
-32758 -798
-32758 -798
-32758 -798
-32759 -767
-32759 -767
-32759 -767
-32759 -767
-32759 -767
-32759 -767
-32759 -767
-32759 -767
-32759 -767
-32759 -767
-32759 -735
-32759 -735
-32759 -735
-32759 -735
-32759 -735
-32759 -735
-32759 -735
-32759 -735
-32759 -735
-32759 -735
-32760 -703
-32760 -703
-32760 -703
-32760 -703
-32760 -703
-32760 -703
-32760 -703
-32760 -703
-32760 -703
-32760 -703
-32761 -671
-32761 -671
-32761 -671
-32761 -671
-32761 -671
-32761 -671
-32761 -671
-32761 -671
-32761 -671
-32761 -671
-32761 -671
-32762 -639
-32762 -639
-32762 -639
-32762 -639
-32762 -639
-32762 -639
-32762 -639
-32762 -639
-32762 -639
-32762 -639
-32762 -607
-32762 -607
-32762 -607
-32762 -607
-32762 -607
-32762 -607
-32762 -607
-32762 -607
-32762 -607
-32762 -607
-32763 -576
-32763 -576
-32763 -576
-32763 -576
-32763 -576
-32763 -576
-32763 -576
-32763 -576
-32763 -576
-32763 -576
-32764 -543
-32764 -543
-32764 -543
-32764 -543
-32764 -543
-32764 -543
-32764 -543
-32764 -543
-32764 -543
-32764 -543
-32765 -511
-32765 -511
-32765 -511
-32765 -511
-32765 -511
-32765 -511
-32765 -511
-32765 -511
-32765 -511
-32765 -511
-32764 -479
-32764 -479
-32764 -479
-32764 -479
-32764 -479
-32764 -479
-32764 -479
-32764 -479
-32764 -479
-32764 -479
-32765 -448
-32765 -448
-32765 -448
-32765 -448
-32765 -448
-32765 -448
-32765 -448
-32765 -448
-32765 -448
-32765 -448
-32766 -415
-32766 -415
-32766 -415
-32766 -415
-32766 -415
-32766 -415
-32766 -415
-32766 -415
-32766 -415
-32766 -415
-32766 -415
-32767 -384
-32767 -384
-32767 -384
-32764 -415
-32764 -415
-32764 -415
-32764 -415
-32765 -383
-32765 -383
-32765 -383
-32765 -383
-32765 -383
-32765 -383
-32765 -383
-32765 -383
-32765 -383
-32765 -383
-32765 -351
-32765 -351
-32765 -351
-32765 -351
-32765 -351
-32765 -351
-32765 -351
-32765 -351
-32765 -351
-32765 -351
-32765 -351
-32765 -319
-32765 -319
-32765 -319
-32765 -319
-32765 -319
-32765 -319
-32765 -319
-32765 -319
-32765 -319
-32765 -319
-32766 -287
-32766 -287
-32766 -287
-32766 -287
-32766 -287
-32766 -287
-32766 -287
-32766 -287
-32766 -287
-32766 -287
-32766 -256
-32766 -256
-32766 -256
-32766 -256
-32766 -256
-32766 -256
-32766 -256
-32766 -256
-32766 -256
-32766 -256
-32766 -223
-32766 -223
-32766 -223
-32766 -223
-32766 -223
-32766 -223
-32766 -223
-32766 -223
-32766 -223
-32766 -223
-32766 -191
-32766 -191
-32766 -191
-32766 -191
-32766 -191
-32766 -191
-32766 -191
-32766 -191
-32766 -191
-32766 -191
-32766 -159
-32766 -159
-32766 -159
-32766 -159
-32766 -159
-32766 -159
-32766 -159
-32766 -159
-32766 -159
-32766 -159
-32766 -128
-32766 -128
-32766 -128
-32766 -128
-32766 -128
-32766 -128
-32766 -128
-32766 -128
-32766 -128
-32766 -128
-32766 -96
-32766 -96
-32766 -96
-32766 -96
-32766 -96
-32766 -96
-32766 -96
-32766 -96
-32766 -96
-32766 -96
-32766 -96
-32766 -64
-32766 -64
-32766 -64
-32766 -64
-32766 -64
-32766 -64
-32766 -64
-32766 -64
-32766 -64
-32766 -64
-32766 -32
-32766 -32
-32766 -32
-32766 -32
-32766 -32
-32766 -32
-32766 -32
-32766 -32
-32766 -32
-32766 -32
-32766 0
-32766 0
-32766 -17
-32766 -17
-32766 -17
-32766 14
-32766 14
-32766 14
-32766 14
-32766 14
-32766 14
-32766 14
-32766 14
-32766 14
-32766 14
-32766 46
-32766 46
-32766 46
-32766 46
-32766 46
-32766 46
-32766 46
-32766 46
-32766 46
-32766 46
-32766 78
-32766 78
-32766 78
-32766 78
-32766 78
-32766 78
-32766 78
-32766 78
-32766 78
-32766 78
-32766 110
-32766 110
-32766 110
-32766 110
-32766 110
-32766 110
-32766 110
-32766 110
-32766 110
-32766 110
-32766 110
-32766 142
-32766 142
-32766 142
-32766 142
-32766 142
-32766 142
-32766 142
-32766 142
-32766 142
-32766 142
-32766 174
-32766 174
-32766 174
-32766 174
-32766 174
-32766 174
-32766 174
-32766 174
-32766 174
-32766 174
-32766 205
-32766 205
-32766 205
-32766 205
-32766 205
-32766 205
-32766 205
-32766 205
-32766 205
-32766 205
-32766 238
-32766 238
-32766 238
-32766 238
-32766 238
-32766 238
-32766 238
-32766 238
-32766 238
-32766 238
-32766 270
-32766 270
-32766 270
-32766 270
-32766 270
-32766 270
-32766 270
-32766 270
-32766 270
-32766 270
-32765 302
-32765 302
-32765 302
-32765 302
-32765 302
-32765 302
-32765 302
-32765 302
-32765 302
-32765 302
-32765 333
-32765 333
-32765 333
-32765 333
-32765 333
-32765 333
-32765 333
-32765 333
-32765 333
-32765 333
-32765 366
-32765 366
-32765 366
-32765 366
-32765 366
-32765 366
-32765 366
-32765 366
-32765 366
-32765 366
-32765 366
-32765 397
-32765 397
-32765 397
-32765 384
-32765 384
-32765 384
-32765 384
-32765 416
-32765 416
-32765 416
-32765 416
-32765 416
-32765 416
-32765 416
-32765 416
-32765 416
-32765 416
-32764 448
-32764 448
-32764 448
-32764 448
-32764 448
-32764 448
-32764 448
-32764 448
-32764 448
-32764 448
-32764 448
-32763 480
-32763 480
-32763 480
-32763 480
-32763 480
-32763 480
-32763 480
-32763 480
-32763 480
-32763 480
-32764 512
-32764 512
-32764 512
-32764 512
-32764 512
-32764 512
-32764 512
-32764 512
-32764 512
-32764 512
-32763 543
-32763 543
-32763 543
-32763 543
-32763 543
-32763 543
-32763 543
-32763 543
-32763 543
-32763 543
-32762 576
-32762 576
-32762 576
-32762 576
-32762 576
-32762 576
-32762 576
-32762 576
-32762 576
-32762 576
-32761 608
-32761 608
-32761 608
-32761 608
-32761 608
-32761 608
-32761 608
-32761 608
-32761 608
-32761 608
-32761 640
-32761 640
-32761 640
-32761 640
-32761 640
-32761 640
-32761 640
-32761 640
-32761 640
-32761 640
-32760 671
-32760 671
-32760 671
-32760 671
-32760 671
-32760 671
-32760 671
-32760 671
-32760 671
-32760 671
-32759 703
-32759 703
-32759 703
-32759 703
-32759 703
-32759 703
-32759 703
-32759 703
-32759 703
-32759 703
-32759 703
-32758 735
-32758 735
-32758 735
-32758 735
-32758 735
-32758 735
-32758 735
-32758 735
-32758 735
-32758 735
-32758 767
-32758 767
-32758 767
-32758 767
-32758 767
-32758 767
-32758 767
-32758 767
-32758 767
-32758 767
-32757 799
-32757 799
-32757 782
-32757 782
-32757 782
-32756 813
-32756 813
-32756 813
-32756 813
-32756 813
-32756 813
-32756 813
-32756 813
-32756 813
-32756 813
-32756 845
-32756 845
-32756 845
-32756 845
-32756 845
-32756 845
-32756 845
-32756 845
-32756 845
-32756 845
-32755 877
-32755 877
-32755 877
-32755 877
-32755 877
-32755 877
-32755 877
-32755 877
-32755 877
-32755 877
-32754 909
-32754 909
-32754 909
-32754 909
-32754 909
-32754 909
-32754 909
-32754 909
-32754 909
-32754 909
-32754 909
-32753 941
-32753 941
-32753 941
-32753 941
-32753 941
-32753 941
-32753 941
-32753 941
-32753 941
-32753 941
-32753 973
-32753 973
-32753 973
-32753 973
-32753 973
-32753 973
-32753 973
-32753 973
-32753 973
-32753 973
-32752 1004
-32752 1004
-32752 1004
-32752 1004
-32752 1004
-32752 1004
-32752 1004
-32752 1004
-32752 1004
-32752 1004
-32751 1037
-32751 1037
-32751 1037
-32751 1037
-32751 1037
-32751 1037
-32751 1037
-32751 1037
-32751 1037
-32751 1037
-32750 1069
-32750 1069
-32750 1069
-32750 1069
-32750 1069
-32750 1069
-32750 1069
-32750 1069
-32750 1069
-32750 1069
-32749 1101
-32749 1101
-32749 1101
-32749 1101
-32749 1101
-32749 1101
-32749 1101
-32749 1101
-32749 1101
-32749 1101
-32748 1132
-32748 1132
-32748 1132
-32748 1132
-32748 1132
-32748 1132
-32748 1132
-32748 1132
-32748 1132
-32748 1132
-32747 1165
-32747 1165
-32747 1165
-32747 1165
-32747 1165
-32747 1165
-32747 1165
-32747 1165
-32747 1165
-32747 1165
-32747 1165
-32746 1196
-32746 1196
-32746 1196
-32745 1215
-32745 1215
-32745 1215
-32745 1215
-32745 1247
-32745 1247
-32745 1247
-32745 1247
-32745 1247
-32745 1247
-32745 1247
-32745 1247
-32745 1247
-32745 1247
-32743 1279
-32743 1279
-32743 1279
-32743 1279
-32743 1279
-32743 1279
-32743 1279
-32743 1279
-32743 1279
-32743 1279
-32743 1279
-32741 1311
-32741 1311
-32741 1311
-32741 1311
-32741 1311
-32741 1311
-32741 1311
-32741 1311
-32741 1311
-32741 1311
-32741 1343
-32741 1343
-32741 1343
-32741 1343
-32741 1343
-32741 1343
-32741 1343
-32741 1343
-32741 1343
-32741 1343
-32739 1374
-32739 1374
-32739 1374
-32739 1374
-32739 1374
-32739 1374
-32739 1374
-32739 1374
-32739 1374
-32739 1374
-32738 1407
-32738 1407
-32738 1407
-32738 1407
-32738 1407
-32738 1407
-32738 1407
-32738 1407
-32738 1407
-32738 1407
-32736 1439
-32736 1439
-32736 1439
-32736 1439
-32736 1439
-32736 1439
-32736 1439
-32736 1439
-32736 1439
-32736 1439
-32734 1471
-32734 1471
-32734 1471
-32734 1471
-32734 1471
-32734 1471
-32734 1471
-32734 1471
-32734 1471
-32734 1471
-32733 1502
-32733 1502
-32733 1502
-32733 1502
-32733 1502
-32733 1502
-32733 1502
-32733 1502
-32733 1502
-32733 1502
-32731 1534
-32731 1534
-32731 1534
-32731 1534
-32731 1534
-32731 1534
-32731 1534
-32731 1534
-32731 1534
-32731 1534
-32731 1534
-32730 1566
-32730 1566
-32730 1566
-32730 1566
-32730 1566
-32730 1566
-32730 1566
-32730 1566
-32730 1566
-32730 1566
-32728 1598
-32728 1598
-32728 1598
-32728 1598
-32728 1598
-32728 1598
-32728 1598
-32728 1598
-32728 1598
-32728 1598
-32727 1630
-32727 1630
-32727 1613
-32727 1613
-32727 1613
-32726 1644
-32726 1644
-32726 1644
-32726 1644
-32726 1644
-32726 1644
-32726 1644
-32726 1644
-32726 1644
-32726 1644
-32724 1676
-32724 1676
-32724 1676
-32724 1676
-32724 1676
-32724 1676
-32724 1676
-32724 1676
-32724 1676
-32724 1676
-32723 1708
-32723 1708
-32723 1708
-32723 1708
-32723 1708
-32723 1708
-32723 1708
-32723 1708
-32723 1708
-32723 1708
-32721 1740
-32721 1740
-32721 1740
-32721 1740
-32721 1740
-32721 1740
-32721 1740
-32721 1740
-32721 1740
-32721 1740
-32721 1740
-32720 1772
-32720 1772
-32720 1772
-32720 1772
-32720 1772
-32720 1772
-32720 1772
-32720 1772
-32720 1772
-32720 1772
-32718 1804
-32718 1804
-32718 1804
-32718 1804
-32718 1804
-32718 1804
-32718 1804
-32718 1804
-32718 1804
-32718 1804
-32716 1835
-32716 1835
-32716 1835
-32716 1835
-32716 1835
-32716 1835
-32716 1835
-32716 1835
-32716 1835
-32716 1835
-32715 1868
-32715 1868
-32715 1868
-32715 1868
-32715 1868
-32715 1868
-32715 1868
-32715 1868
-32715 1868
-32715 1868
-32713 1900
-32713 1900
-32713 1900
-32713 1900
-32713 1900
-32713 1900
-32713 1900
-32713 1900
-32713 1900
-32713 1900
-32711 1932
-32711 1932
-32711 1932
-32711 1932
-32711 1932
-32711 1932
-32711 1932
-32711 1932
-32711 1932
-32711 1932
-32709 1962
-32709 1962
-32709 1962
-32709 1962
-32709 1962
-32709 1962
-32709 1962
-32709 1962
-32709 1962
-32709 1962
-32707 1995
-32707 1995
-32707 1995
-32707 1995
-32707 1995
-32707 1995
-32707 1995
-32707 1995
-32707 1995
-32707 1995
-32707 1995
-32706 2026
-32706 2026
-32706 2026
-32706 2015
-32706 2015
-32706 2015
-32706 2015
-32705 2047
-32705 2047
-32705 2047
-32705 2047
-32705 2047
-32705 2047
-32705 2047
-32705 2047
-32705 2047
-32705 2047
-32702 2079
-32702 2079
-32702 2079
-32702 2079
-32702 2079
-32702 2079
-32702 2079
-32702 2079
-32702 2079
-32702 2079
-32702 2079
-32700 2111
-32700 2111
-32700 2111
-32700 2111
-32700 2111
-32700 2111
-32700 2111
-32700 2111
-32700 2111
-32700 2111
-32699 2143
-32699 2143
-32699 2143
-32699 2143
-32699 2143
-32699 2143
-32699 2143
-32699 2143
-32699 2143
-32699 2143
-32696 2174
-32696 2174
-32696 2174
-32696 2174
-32696 2174
-32696 2174
-32696 2174
-32696 2174
-32696 2174
-32696 2174
-32694 2207
-32694 2207
-32694 2207
-32694 2207
-32694 2207
-32694 2207
-32694 2207
-32694 2207
-32694 2207
-32694 2207
-32691 2238
-32691 2238
-32691 2238
-32691 2238
-32691 2238
-32691 2238
-32691 2238
-32691 2238
-32691 2238
-32691 2238
-32689 2270
-32689 2270
-32689 2270
-32689 2270
-32689 2270
-32689 2270
-32689 2270
-32689 2270
-32689 2270
-32689 2270
-32687 2301
-32687 2301
-32687 2301
-32687 2301
-32687 2301
-32687 2301
-32687 2301
-32687 2301
-32687 2301
-32687 2301
-32684 2333
-32684 2333
-32684 2333
-32684 2333
-32684 2333
-32684 2333
-32684 2333
-32684 2333
-32684 2333
-32684 2333
-32684 2333
-32682 2365
-32682 2365
-32682 2365
-32682 2365
-32682 2365
-32682 2365
-32682 2365
-32682 2365
-32682 2365
-32682 2365
-32680 2397
-32680 2397
-32680 2397
-32680 2397
-32680 2397
-32680 2397
-32680 2397
-32680 2397
-32680 2397
-32680 2397
-32677 2429
-32677 2429
-32679 2412
-32679 2412
-32679 2412
-32676 2443
-32676 2443
-32676 2443
-32676 2443
-32676 2443
-32676 2443
-32676 2443
-32676 2443
-32676 2443
-32676 2443
-32674 2475
-32674 2475
-32674 2475
-32674 2475
-32674 2475
-32674 2475
-32674 2475
-32674 2475
-32674 2475
-32674 2475
-32672 2507
-32672 2507
-32672 2507
-32672 2507
-32672 2507
-32672 2507
-32672 2507
-32672 2507
-32672 2507
-32672 2507
-32669 2539
-32669 2539
-32669 2539
-32669 2539
-32669 2539
-32669 2539
-32669 2539
-32669 2539
-32669 2539
-32669 2539
-32669 2539
-32667 2571
-32667 2571
-32667 2571
-32667 2571
-32667 2571
-32667 2571
-32667 2571
-32667 2571
-32667 2571
-32667 2571
-32664 2602
-32664 2602
-32664 2602
-32664 2602
-32664 2602
-32664 2602
-32664 2602
-32664 2602
-32664 2602
-32664 2602
-32662 2633
-32662 2633
-32662 2633
-32662 2633
-32662 2633
-32662 2633
-32662 2633
-32662 2633
-32662 2633
-32662 2633
-32660 2666
-32660 2666
-32660 2666
-32660 2666
-32660 2666
-32660 2666
-32660 2666
-32660 2666
-32660 2666
-32660 2666
-32657 2698
-32657 2698
-32657 2698
-32657 2698
-32657 2698
-32657 2698
-32657 2698
-32657 2698
-32657 2698
-32657 2698
-32654 2730
-32654 2730
-32654 2730
-32654 2730
-32654 2730
-32654 2730
-32654 2730
-32654 2730
-32654 2730
-32654 2730
-32652 2761
-32652 2761
-32652 2761
-32652 2761
-32652 2761
-32652 2761
-32652 2761
-32652 2761
-32652 2761
-32652 2761
-32649 2794
-32649 2794
-32649 2794
-32649 2794
-32649 2794
-32649 2794
-32649 2794
-32649 2794
-32649 2794
-32649 2794
-32649 2794
-32647 2825
-32647 2825
-32647 2825
-32647 2808
-32647 2808
-32647 2808
-32647 2808
-32645 2840
-32645 2840
-32645 2840
-32645 2840
-32645 2840
-32645 2840
-32645 2840
-32645 2840
-32645 2840
-32645 2840
-32642 2871
-32642 2871
-32642 2871
-32642 2871
-32642 2871
-32642 2871
-32642 2871
-32642 2871
-32642 2871
-32642 2871
-32642 2871
-32638 2903
-32638 2903
-32638 2903
-32638 2903
-32638 2903
-32638 2903
-32638 2903
-32638 2903
-32638 2903
-32638 2903
-32636 2935
-32636 2935
-32636 2935
-32636 2935
-32636 2935
-32636 2935
-32636 2935
-32636 2935
-32636 2935
-32636 2935
-32633 2966
-32633 2966
-32633 2966
-32633 2966
-32633 2966
-32633 2966
-32633 2966
-32633 2966
-32633 2966
-32633 2966
-32630 2999
-32630 2999
-32630 2999
-32630 2999
-32630 2999
-32630 2999
-32630 2999
-32630 2999
-32630 2999
-32630 2999
-32627 3031
-32627 3031
-32627 3031
-32627 3031
-32627 3031
-32627 3031
-32627 3031
-32627 3031
-32627 3031
-32627 3031
-32624 3063
-32624 3063
-32624 3063
-32624 3063
-32624 3063
-32624 3063
-32624 3063
-32624 3063
-32624 3063
-32624 3063
-32621 3093
-32621 3093
-32621 3093
-32621 3093
-32621 3093
-32621 3093
-32621 3093
-32621 3093
-32621 3093
-32621 3093
-32618 3125
-32618 3125
-32618 3125
-32618 3125
-32618 3125
-32618 3125
-32618 3125
-32618 3125
-32618 3125
-32618 3125
-32618 3125
-32614 3157
-32614 3157
-32614 3157
-32614 3157
-32614 3157
-32614 3157
-32614 3157
-32614 3157
-32614 3157
-32614 3157
-32611 3189
-32611 3189
-32611 3189
-32611 3189
-32611 3189
-32611 3189
-32611 3189
-32611 3189
-32611 3189
-32611 3189
-32608 3221
-32608 3221
-32610 3204
-32610 3204
-32610 3204
-32607 3235
-32607 3235
-32607 3235
-32607 3235
-32607 3235
-32607 3235
-32607 3235
-32607 3235
-32607 3235
-32607 3235
-32604 3267
-32604 3267
-32604 3267
-32604 3267
-32604 3267
-32604 3267
-32604 3267
-32604 3267
-32604 3267
-32604 3267
-32600 3298
-32600 3298
-32600 3298
-32600 3298
-32600 3298
-32600 3298
-32600 3298
-32600 3298
-32600 3298
-32600 3298
-32597 3330
-32597 3330
-32597 3330
-32597 3330
-32597 3330
-32597 3330
-32597 3330
-32597 3330
-32597 3330
-32597 3330
-32597 3330
-32594 3362
-32594 3362
-32594 3362
-32594 3362
-32594 3362
-32594 3362
-32594 3362
-32594 3362
-32594 3362
-32594 3362
-32591 3394
-32591 3394
-32591 3394
-32591 3394
-32591 3394
-32591 3394
-32591 3394
-32591 3394
-32591 3394
-32591 3394
-32588 3425
-32588 3425
-32588 3425
-32588 3425
-32588 3425
-32588 3425
-32588 3425
-32588 3425
-32588 3425
-32588 3425
-32585 3458
-32585 3458
-32585 3458
-32585 3458
-32585 3458
-32585 3458
-32585 3458
-32585 3458
-32585 3458
-32585 3458
-32582 3490
-32582 3490
-32582 3490
-32582 3490
-32582 3490
-32582 3490
-32582 3490
-32582 3490
-32582 3490
-32582 3490
-32578 3521
-32578 3521
-32578 3521
-32578 3521
-32578 3521
-32578 3521
-32578 3521
-32578 3521
-32578 3521
-32578 3521
-32574 3552
-32574 3552
-32574 3552
-32574 3552
-32574 3552
-32574 3552
-32574 3552
-32574 3552
-32574 3552
-32574 3552
-32571 3585
-32571 3585
-32571 3585
-32571 3585
-32571 3585
-32571 3585
-32571 3585
-32571 3585
-32571 3585
-32571 3585
-32571 3585
-32568 3616
-32568 3616
-32568 3616
-32569 3605
-32569 3605
-32569 3605
-32569 3605
-32566 3637
-32566 3637
-32566 3637
-32566 3637
-32566 3637
-32566 3637
-32566 3637
-32566 3637
-32566 3637
-32566 3637
-32562 3668
-32562 3668
-32562 3668
-32562 3668
-32562 3668
-32562 3668
-32562 3668
-32562 3668
-32562 3668
-32562 3668
-32562 3668
-32558 3700
-32558 3700
-32558 3700
-32558 3700
-32558 3700
-32558 3700
-32558 3700
-32558 3700
-32558 3700
-32558 3700
-32555 3732
-32555 3732
-32555 3732
-32555 3732
-32555 3732
-32555 3732
-32555 3732
-32555 3732
-32555 3732
-32555 3732
-32551 3763
-32551 3763
-32551 3763
-32551 3763
-32551 3763
-32551 3763
-32551 3763
-32551 3763
-32551 3763
-32551 3763
-32547 3795
-32547 3795
-32547 3795
-32547 3795
-32547 3795
-32547 3795
-32547 3795
-32547 3795
-32547 3795
-32547 3795
-32543 3827
-32543 3827
-32543 3827
-32543 3827
-32543 3827
-32543 3827
-32543 3827
-32543 3827
-32543 3827
-32543 3827
-32539 3859
-32539 3859
-32539 3859
-32539 3859
-32539 3859
-32539 3859
-32539 3859
-32539 3859
-32539 3859
-32539 3859
-32536 3890
-32536 3890
-32536 3890
-32536 3890
-32536 3890
-32536 3890
-32536 3890
-32536 3890
-32536 3890
-32536 3890
-32532 3922
-32532 3922
-32532 3922
-32532 3922
-32532 3922
-32532 3922
-32532 3922
-32532 3922
-32532 3922
-32532 3922
-32532 3922
-32528 3953
-32528 3953
-32528 3953
-32528 3953
-32528 3953
-32528 3953
-32528 3953
-32528 3953
-32528 3953
-32528 3953
-32524 3985
-32524 3985
-32524 3985
-32524 3985
-32524 3985
-32524 3985
-32524 3985
-32524 3985
-32524 3985
-32524 3985
-32520 4017
-32520 4017
-32522 4000
-32522 4000
-32522 4000
-32518 4031
-32518 4031
-32518 4031
-32518 4031
-32518 4031
-32518 4031
-32518 4031
-32518 4031
-32518 4031
-32518 4031
-32514 4062
-32514 4062
-32514 4062
-32514 4062
-32514 4062
-32514 4062
-32514 4062
-32514 4062
-32514 4062
-32514 4062
-32510 4094
-32510 4094
-32510 4094
-32510 4094
-32510 4094
-32510 4094
-32510 4094
-32510 4094
-32510 4094
-32510 4094
-32506 4126
-32506 4126
-32506 4126
-32506 4126
-32506 4126
-32506 4126
-32506 4126
-32506 4126
-32506 4126
-32506 4126
-32506 4126
-32503 4158
-32503 4158
-32503 4158
-32503 4158
-32503 4158
-32503 4158
-32503 4158
-32503 4158
-32503 4158
-32503 4158
-32499 4190
-32499 4190
-32499 4190
-32499 4190
-32499 4190
-32499 4190
-32499 4190
-32499 4190
-32499 4190
-32499 4190
-32495 4220
-32495 4220
-32495 4220
-32495 4220
-32495 4220
-32495 4220
-32495 4220
-32495 4220
-32495 4220
-32495 4220
-32491 4253
-32491 4253
-32491 4253
-32491 4253
-32491 4253
-32491 4253
-32491 4253
-32491 4253
-32491 4253
-32491 4253
-32487 4285
-32487 4285
-32487 4285
-32487 4285
-32487 4285
-32487 4285
-32487 4285
-32487 4285
-32487 4285
-32487 4285
-32482 4316
-32482 4316
-32482 4316
-32482 4316
-32482 4316
-32482 4316
-32482 4316
-32482 4316
-32482 4316
-32482 4316
-32478 4347
-32478 4347
-32478 4347
-32478 4347
-32478 4347
-32478 4347
-32478 4347
-32478 4347
-32478 4347
-32478 4347
-32474 4380
-32474 4380
-32474 4380
-32474 4380
-32474 4380
-32474 4380
-32474 4380
-32474 4380
-32474 4380
-32474 4380
-32474 4380
-32470 4411
-32470 4411
-32470 4411
-32470 4397
-32470 4397
-32470 4397
-32470 4397
-32467 4429
-32467 4429
-32467 4429
-32467 4429
-32467 4429
-32467 4429
-32467 4429
-32467 4429
-32467 4429
-32467 4429
-32462 4460
-32462 4460
-32462 4460
-32462 4460
-32462 4460
-32462 4460
-32462 4460
-32462 4460
-32462 4460
-32462 4460
-32462 4460
-32457 4492
-32457 4492
-32457 4492
-32457 4492
-32457 4492
-32457 4492
-32457 4492
-32457 4492
-32457 4492
-32457 4492
-32454 4524
-32454 4524
-32454 4524
-32454 4524
-32454 4524
-32454 4524
-32454 4524
-32454 4524
-32454 4524
-32454 4524
-32449 4555
-32449 4555
-32449 4555
-32449 4555
-32449 4555
-32449 4555
-32449 4555
-32449 4555
-32449 4555
-32449 4555
-32444 4587
-32444 4587
-32444 4587
-32444 4587
-32444 4587
-32444 4587
-32444 4587
-32444 4587
-32444 4587
-32444 4587
-32440 4619
-32440 4619
-32440 4619
-32440 4619
-32440 4619
-32440 4619
-32440 4619
-32440 4619
-32440 4619
-32440 4619
-32435 4650
-32435 4650
-32435 4650
-32435 4650
-32435 4650
-32435 4650
-32435 4650
-32435 4650
-32435 4650
-32435 4650
-32430 4681
-32430 4681
-32430 4681
-32430 4681
-32430 4681
-32430 4681
-32430 4681
-32430 4681
-32430 4681
-32430 4681
-32426 4713
-32426 4713
-32426 4713
-32426 4713
-32426 4713
-32426 4713
-32426 4713
-32426 4713
-32426 4713
-32426 4713
-32426 4713
-32421 4744
-32421 4744
-32421 4744
-32421 4744
-32421 4744
-32421 4744
-32421 4744
-32421 4744
-32421 4744
-32421 4744
-32416 4776
-32416 4776
-32416 4776
-32416 4776
-32416 4776
-32416 4776
-32416 4776
-32416 4776
-32416 4776
-32416 4776
-32412 4808
-32412 4808
-32414 4791
-32414 4791
-32414 4791
-32410 4822
-32410 4822
-32410 4822
-32410 4822
-32410 4822
-32410 4822
-32410 4822
-32410 4822
-32410 4822
-32410 4822
-32405 4853
-32405 4853
-32405 4853
-32405 4853
-32405 4853
-32405 4853
-32405 4853
-32405 4853
-32405 4853
-32405 4853
-32400 4885
-32400 4885
-32400 4885
-32400 4885
-32400 4885
-32400 4885
-32400 4885
-32400 4885
-32400 4885
-32400 4885
-32396 4917
-32396 4917
-32396 4917
-32396 4917
-32396 4917
-32396 4917
-32396 4917
-32396 4917
-32396 4917
-32396 4917
-32396 4917
-32391 4948
-32391 4948
-32391 4948
-32391 4948
-32391 4948
-32391 4948
-32391 4948
-32391 4948
-32391 4948
-32391 4948
-32386 4980
-32386 4980
-32386 4980
-32386 4980
-32386 4980
-32386 4980
-32386 4980
-32386 4980
-32386 4980
-32386 4980
-32382 5011
-32382 5011
-32382 5011
-32382 5011
-32382 5011
-32382 5011
-32382 5011
-32382 5011
-32382 5011
-32382 5011
-32377 5043
-32377 5043
-32377 5043
-32377 5043
-32377 5043
-32377 5043
-32377 5043
-32377 5043
-32377 5043
-32377 5043
-32372 5075
-32372 5075
-32372 5075
-32372 5075
-32372 5075
-32372 5075
-32372 5075
-32372 5075
-32372 5075
-32372 5075
-32366 5106
-32366 5106
-32366 5106
-32366 5106
-32366 5106
-32366 5106
-32366 5106
-32366 5106
-32366 5106
-32366 5106
-32362 5137
-32362 5137
-32362 5137
-32362 5137
-32362 5137
-32362 5137
-32362 5137
-32362 5137
-32362 5137
-32362 5137
-32357 5170
-32357 5170
-32357 5170
-32357 5170
-32357 5170
-32357 5170
-32357 5170
-32357 5170
-32357 5170
-32357 5170
-32357 5170
-32353 5200
-32353 5200
-32353 5200
-32354 5188
-32354 5188
-32354 5188
-32354 5188
-32350 5220
-32350 5220
-32350 5220
-32350 5220
-32350 5220
-32350 5220
-32350 5220
-32350 5220
-32350 5220
-32350 5220
-32344 5252
-32344 5252
-32344 5252
-32344 5252
-32344 5252
-32344 5252
-32344 5252
-32344 5252
-32344 5252
-32344 5252
-32344 5252
-32339 5283
-32339 5283
-32339 5283
-32339 5283
-32339 5283
-32339 5283
-32339 5283
-32339 5283
-32339 5283
-32339 5283
-32334 5315
-32334 5315
-32334 5315
-32334 5315
-32334 5315
-32334 5315
-32334 5315
-32334 5315
-32334 5315
-32334 5315
-32329 5345
-32329 5345
-32329 5345
-32329 5345
-32329 5345
-32329 5345
-32329 5345
-32329 5345
-32329 5345
-32329 5345
-32324 5378
-32324 5378
-32324 5378
-32324 5378
-32324 5378
-32324 5378
-32324 5378
-32324 5378
-32324 5378
-32324 5378
-32318 5409
-32318 5409
-32318 5409
-32318 5409
-32318 5409
-32318 5409
-32318 5409
-32318 5409
-32318 5409
-32318 5409
-32313 5441
-32313 5441
-32313 5441
-32313 5441
-32313 5441
-32313 5441
-32313 5441
-32313 5441
-32313 5441
-32313 5441
-32307 5472
-32307 5472
-32307 5472
-32307 5472
-32307 5472
-32307 5472
-32307 5472
-32307 5472
-32307 5472
-32307 5472
-32302 5503
-32302 5503
-32302 5503
-32302 5503
-32302 5503
-32302 5503
-32302 5503
-32302 5503
-32302 5503
-32302 5503
-32302 5503
-32296 5535
-32296 5535
-32296 5535
-32296 5535
-32296 5535
-32296 5535
-32296 5535
-32296 5535
-32296 5535
-32296 5535
-32291 5566
-32291 5566
-32291 5566
-32291 5566
-32291 5566
-32291 5566
-32291 5566
-32291 5566
-32291 5566
-32291 5566
-32285 5598
-32285 5598
-32288 5581
-32288 5581
-32288 5581
-32283 5611
-32283 5611
-32283 5611
-32283 5611
-32283 5611
-32283 5611
-32283 5611
-32283 5611
-32283 5611
-32283 5611
-32278 5643
-32278 5643
-32278 5643
-32278 5643
-32278 5643
-32278 5643
-32278 5643
-32278 5643
-32278 5643
-32278 5643
-32272 5675
-32272 5675
-32272 5675
-32272 5675
-32272 5675
-32272 5675
-32272 5675
-32272 5675
-32272 5675
-32272 5675
-32267 5706
-32267 5706
-32267 5706
-32267 5706
-32267 5706
-32267 5706
-32267 5706
-32267 5706
-32267 5706
-32267 5706
-32267 5706
-32261 5738
-32261 5738
-32261 5738
-32261 5738
-32261 5738
-32261 5738
-32261 5738
-32261 5738
-32261 5738
-32261 5738
-32256 5769
-32256 5769
-32256 5769
-32256 5769
-32256 5769
-32256 5769
-32256 5769
-32256 5769
-32256 5769
-32256 5769
-32251 5800
-32251 5800
-32251 5800
-32251 5800
-32251 5800
-32251 5800
-32251 5800
-32251 5800
-32251 5800
-32251 5800
-32245 5832
-32245 5832
-32245 5832
-32245 5832
-32245 5832
-32245 5832
-32245 5832
-32245 5832
-32245 5832
-32245 5832
-32239 5864
-32239 5864
-32239 5864
-32239 5864
-32239 5864
-32239 5864
-32239 5864
-32239 5864
-32239 5864
-32239 5864
-32233 5895
-32233 5895
-32233 5895
-32233 5895
-32233 5895
-32233 5895
-32233 5895
-32233 5895
-32233 5895
-32233 5895
-32228 5926
-32228 5926
-32228 5926
-32228 5926
-32228 5926
-32228 5926
-32228 5926
-32228 5926
-32228 5926
-32228 5926
-32222 5958
-32222 5958
-32222 5958
-32222 5958
-32222 5958
-32222 5958
-32222 5958
-32222 5958
-32222 5958
-32222 5958
-32222 5958
-32217 5989
-32217 5989
-32217 5989
-32212 6009
-32212 6009
-32212 6009
-32212 6009
-32207 6041
-32207 6041
-32207 6041
-32207 6041
-32207 6041
-32207 6041
-32207 6041
-32207 6041
-32207 6041
-32207 6041
-32201 6072
-32201 6072
-32201 6072
-32201 6072
-32201 6072
-32201 6072
-32201 6072
-32201 6072
-32201 6072
-32201 6072
-32201 6072
-32195 6104
-32195 6104
-32195 6104
-32195 6104
-32195 6104
-32195 6104
-32195 6104
-32195 6104
-32195 6104
-32195 6104
-32189 6135
-32189 6135
-32189 6135
-32189 6135
-32189 6135
-32189 6135
-32189 6135
-32189 6135
-32189 6135
-32189 6135
-32183 6166
-32183 6166
-32183 6166
-32183 6166
-32183 6166
-32183 6166
-32183 6166
-32183 6166
-32183 6166
-32183 6166
-32177 6198
-32177 6198
-32177 6198
-32177 6198
-32177 6198
-32177 6198
-32177 6198
-32177 6198
-32177 6198
-32177 6198
-32171 6229
-32171 6229
-32171 6229
-32171 6229
-32171 6229
-32171 6229
-32171 6229
-32171 6229
-32171 6229
-32171 6229
-32164 6261
-32164 6261
-32164 6261
-32164 6261
-32164 6261
-32164 6261
-32164 6261
-32164 6261
-32164 6261
-32164 6261
-32158 6291
-32158 6291
-32158 6291
-32158 6291
-32158 6291
-32158 6291
-32158 6291
-32158 6291
-32158 6291
-32158 6291
-32152 6322
-32152 6322
-32152 6322
-32152 6322
-32152 6322
-32152 6322
-32152 6322
-32152 6322
-32152 6322
-32152 6322
-32152 6322
-32146 6354
-32146 6354
-32146 6354
-32146 6354
-32146 6354
-32146 6354
-32146 6354
-32146 6354
-32146 6354
-32146 6354
-32140 6385
-32140 6385
-32140 6385
-32140 6385
-32140 6385
-32140 6385
-32140 6385
-32140 6385
-32140 6385
-32140 6385
-32133 6417
-32133 6417
-32137 6400
-32137 6400
-32137 6400
-32131 6430
-32131 6430
-32131 6430
-32131 6430
-32131 6430
-32131 6430
-32131 6430
-32131 6430
-32131 6430
-32131 6430
-32124 6462
-32124 6462
-32124 6462
-32124 6462
-32124 6462
-32124 6462
-32124 6462
-32124 6462
-32124 6462
-32124 6462
-32118 6493
-32118 6493
-32118 6493
-32118 6493
-32118 6493
-32118 6493
-32118 6493
-32118 6493
-32118 6493
-32118 6493
-32112 6525
-32112 6525
-32112 6525
-32112 6525
-32112 6525
-32112 6525
-32112 6525
-32112 6525
-32112 6525
-32112 6525
-32112 6525
-32105 6556
-32105 6556
-32105 6556
-32105 6556
-32105 6556
-32105 6556
-32105 6556
-32105 6556
-32105 6556
-32105 6556
-32099 6587
-32099 6587
-32099 6587
-32099 6587
-32099 6587
-32099 6587
-32099 6587
-32099 6587
-32099 6587
-32099 6587
-32093 6618
-32093 6618
-32093 6618
-32093 6618
-32093 6618
-32093 6618
-32093 6618
-32093 6618
-32093 6618
-32093 6618
-32087 6650
-32087 6650
-32087 6650
-32087 6650
-32087 6650
-32087 6650
-32087 6650
-32087 6650
-32087 6650
-32087 6650
-32080 6681
-32080 6681
-32080 6681
-32080 6681
-32080 6681
-32080 6681
-32080 6681
-32080 6681
-32080 6681
-32080 6681
-32073 6713
-32073 6713
-32073 6713
-32073 6713
-32073 6713
-32073 6713
-32073 6713
-32073 6713
-32073 6713
-32073 6713
-32067 6743
-32067 6743
-32067 6743
-32067 6743
-32067 6743
-32067 6743
-32067 6743
-32067 6743
-32067 6743
-32067 6743
-32061 6775
-32061 6775
-32061 6775
-32061 6775
-32061 6775
-32061 6775
-32061 6775
-32061 6775
-32061 6775
-32061 6775
-32061 6775
-32055 6806
-32055 6806
-32055 6806
-32056 6788
-32056 6788
-32056 6788
-32056 6788
-32050 6820
-32050 6820
-32050 6820
-32050 6820
-32050 6820
-32050 6820
-32050 6820
-32050 6820
-32050 6820
-32050 6820
-32043 6851
-32043 6851
-32043 6851
-32043 6851
-32043 6851
-32043 6851
-32043 6851
-32043 6851
-32043 6851
-32043 6851
-32043 6851
-32036 6882
-32036 6882
-32036 6882
-32036 6882
-32036 6882
-32036 6882
-32036 6882
-32036 6882
-32036 6882
-32036 6882
-32030 6914
-32030 6914
-32030 6914
-32030 6914
-32030 6914
-32030 6914
-32030 6914
-32030 6914
-32030 6914
-32030 6914
-32023 6944
-32023 6944
-32023 6944
-32023 6944
-32023 6944
-32023 6944
-32023 6944
-32023 6944
-32023 6944
-32023 6944
-32016 6976
-32016 6976
-32016 6976
-32016 6976
-32016 6976
-32016 6976
-32016 6976
-32016 6976
-32016 6976
-32016 6976
-32009 7007
-32009 7007
-32009 7007
-32009 7007
-32009 7007
-32009 7007
-32009 7007
-32009 7007
-32009 7007
-32009 7007
-32002 7038
-32002 7038
-32002 7038
-32002 7038
-32002 7038
-32002 7038
-32002 7038
-32002 7038
-32002 7038
-32002 7038
-31995 7069
-31995 7069
-31995 7069
-31995 7069
-31995 7069
-31995 7069
-31995 7069
-31995 7069
-31995 7069
-31995 7069
-31988 7100
-31988 7100
-31988 7100
-31988 7100
-31988 7100
-31988 7100
-31988 7100
-31988 7100
-31988 7100
-31988 7100
-31988 7100
-31981 7131
-31981 7131
-31981 7131
-31981 7131
-31981 7131
-31981 7131
-31981 7131
-31981 7131
-31981 7131
-31981 7131
-31974 7162
-31974 7162
-31974 7162
-31974 7162
-31974 7162
-31974 7162
-31974 7162
-31974 7162
-31974 7162
-31974 7162
-31967 7194
-31967 7194
-31971 7177
-31971 7177
-31971 7177
-31964 7207
-31964 7207
-31964 7207
-31964 7207
-31964 7207
-31964 7207
-31964 7207
-31964 7207
-31964 7207
-31964 7207
-31957 7238
-31957 7238
-31957 7238
-31957 7238
-31957 7238
-31957 7238
-31957 7238
-31957 7238
-31957 7238
-31957 7238
-31950 7270
-31950 7270
-31950 7270
-31950 7270
-31950 7270
-31950 7270
-31950 7270
-31950 7270
-31950 7270
-31950 7270
-31943 7301
-31943 7301
-31943 7301
-31943 7301
-31943 7301
-31943 7301
-31943 7301
-31943 7301
-31943 7301
-31943 7301
-31943 7301
-31936 7332
-31936 7332
-31936 7332
-31936 7332
-31936 7332
-31936 7332
-31936 7332
-31936 7332
-31936 7332
-31936 7332
-31929 7363
-31929 7363
-31929 7363
-31929 7363
-31929 7363
-31929 7363
-31929 7363
-31929 7363
-31929 7363
-31929 7363
-31922 7394
-31922 7394
-31922 7394
-31922 7394
-31922 7394
-31922 7394
-31922 7394
-31922 7394
-31922 7394
-31922 7394
-31915 7426
-31915 7426
-31915 7426
-31915 7426
-31915 7426
-31915 7426
-31915 7426
-31915 7426
-31915 7426
-31915 7426
-31908 7457
-31908 7457
-31908 7457
-31908 7457
-31908 7457
-31908 7457
-31908 7457
-31908 7457
-31908 7457
-31908 7457
-31900 7488
-31900 7488
-31900 7488
-31900 7488
-31900 7488
-31900 7488
-31900 7488
-31900 7488
-31900 7488
-31900 7488
-31893 7518
-31893 7518
-31893 7518
-31893 7518
-31893 7518
-31893 7518
-31893 7518
-31893 7518
-31893 7518
-31893 7518
-31886 7550
-31886 7550
-31886 7550
-31886 7550
-31886 7550
-31886 7550
-31886 7550
-31886 7550
-31886 7550
-31886 7550
-31886 7550
-31879 7581
-31879 7581
-31879 7581
-31882 7569
-31882 7569
-31882 7569
-31882 7569
-31875 7601
-31875 7601
-31875 7601
-31875 7601
-31875 7601
-31875 7601
-31875 7601
-31875 7601
-31875 7601
-31875 7601
-31867 7632
-31867 7632
-31867 7632
-31867 7632
-31867 7632
-31867 7632
-31867 7632
-31867 7632
-31867 7632
-31867 7632
-31867 7632
-31859 7663
-31859 7663
-31859 7663
-31859 7663
-31859 7663
-31859 7663
-31859 7663
-31859 7663
-31859 7663
-31859 7663
-31853 7694
-31853 7694
-31853 7694
-31853 7694
-31853 7694
-31853 7694
-31853 7694
-31853 7694
-31853 7694
-31853 7694
-31845 7724
-31845 7724
-31845 7724
-31845 7724
-31845 7724
-31845 7724
-31845 7724
-31845 7724
-31845 7724
-31845 7724
-31837 7756
-31837 7756
-31837 7756
-31837 7756
-31837 7756
-31837 7756
-31837 7756
-31837 7756
-31837 7756
-31837 7756
-31829 7787
-31829 7787
-31829 7787
-31829 7787
-31829 7787
-31829 7787
-31829 7787
-31829 7787
-31829 7787
-31829 7787
-31821 7818
-31821 7818
-31821 7818
-31821 7818
-31821 7818
-31821 7818
-31821 7818
-31821 7818
-31821 7818
-31821 7818
-31814 7848
-31814 7848
-31814 7848
-31814 7848
-31814 7848
-31814 7848
-31814 7848
-31814 7848
-31814 7848
-31814 7848
-31806 7879
-31806 7879
-31806 7879
-31806 7879
-31806 7879
-31806 7879
-31806 7879
-31806 7879
-31806 7879
-31806 7879
-31806 7879
-31798 7910
-31798 7910
-31798 7910
-31798 7910
-31798 7910
-31798 7910
-31798 7910
-31798 7910
-31798 7910
-31798 7910
-31791 7941
-31791 7941
-31791 7941
-31791 7941
-31791 7941
-31791 7941
-31791 7941
-31791 7941
-31791 7941
-31791 7941
-31783 7972
-31783 7972
-31787 7956
-31787 7956
-31787 7956
-31779 7986
-31779 7986
-31779 7986
-31779 7986
-31779 7986
-31779 7986
-31779 7986
-31779 7986
-31779 7986
-31779 7986
-31772 8017
-31772 8017
-31772 8017
-31772 8017
-31772 8017
-31772 8017
-31772 8017
-31772 8017
-31772 8017
-31772 8017
-31764 8048
-31764 8048
-31764 8048
-31764 8048
-31764 8048
-31764 8048
-31764 8048
-31764 8048
-31764 8048
-31764 8048
-31756 8079
-31756 8079
-31756 8079
-31756 8079
-31756 8079
-31756 8079
-31756 8079
-31756 8079
-31756 8079
-31756 8079
-31756 8079
-31748 8110
-31748 8110
-31748 8110
-31748 8110
-31748 8110
-31748 8110
-31748 8110
-31748 8110
-31748 8110
-31748 8110
-31741 8141
-31741 8141
-31741 8141
-31741 8141
-31741 8141
-31741 8141
-31741 8141
-31741 8141
-31741 8141
-31741 8141
-31733 8171
-31733 8171
-31733 8171
-31733 8171
-31733 8171
-31733 8171
-31733 8171
-31733 8171
-31733 8171
-31733 8171
-31725 8203
-31725 8203
-31725 8203
-31725 8203
-31725 8203
-31725 8203
-31725 8203
-31725 8203
-31725 8203
-31725 8203
-31717 8234
-31717 8234
-31717 8234
-31717 8234
-31717 8234
-31717 8234
-31717 8234
-31717 8234
-31717 8234
-31717 8234
-31708 8265
-31708 8265
-31708 8265
-31708 8265
-31708 8265
-31708 8265
-31708 8265
-31708 8265
-31708 8265
-31708 8265
-31701 8295
-31701 8295
-31701 8295
-31701 8295
-31701 8295
-31701 8295
-31701 8295
-31701 8295
-31701 8295
-31701 8295
-31693 8327
-31693 8327
-31693 8327
-31693 8327
-31693 8327
-31693 8327
-31693 8327
-31693 8327
-31693 8327
-31693 8327
-31693 8327
-31685 8357
-31685 8357
-31685 8357
-31687 8345
-31687 8345
-31687 8345
-31687 8345
-31680 8376
-31680 8376
-31680 8376
-31680 8376
-31680 8376
-31680 8376
-31680 8376
-31680 8376
-31680 8376
-31680 8376
-31671 8407
-31671 8407
-31671 8407
-31671 8407
-31671 8407
-31671 8407
-31671 8407
-31671 8407
-31671 8407
-31671 8407
-31671 8407
-31663 8438
-31663 8438
-31663 8438
-31663 8438
-31663 8438
-31663 8438
-31663 8438
-31663 8438
-31663 8438
-31663 8438
-31655 8469
-31655 8469
-31655 8469
-31655 8469
-31655 8469
-31655 8469
-31655 8469
-31655 8469
-31655 8469
-31655 8469
-31647 8499
-31647 8499
-31647 8499
-31647 8499
-31647 8499
-31647 8499
-31647 8499
-31647 8499
-31647 8499
-31647 8499
-31638 8530
-31638 8530
-31638 8530
-31638 8530
-31638 8530
-31638 8530
-31638 8530
-31638 8530
-31638 8530
-31638 8530
-31630 8561
-31630 8561
-31630 8561
-31630 8561
-31630 8561
-31630 8561
-31630 8561
-31630 8561
-31630 8561
-31630 8561
-31621 8592
-31621 8592
-31621 8592
-31621 8592
-31621 8592
-31621 8592
-31621 8592
-31621 8592
-31621 8592
-31621 8592
-31613 8622
-31613 8622
-31613 8622
-31613 8622
-31613 8622
-31613 8622
-31613 8622
-31613 8622
-31613 8622
-31613 8622
-31604 8653
-31604 8653
-31604 8653
-31604 8653
-31604 8653
-31604 8653
-31604 8653
-31604 8653
-31604 8653
-31604 8653
-31604 8653
-31596 8684
-31596 8684
-31596 8684
-31596 8684
-31596 8684
-31596 8684
-31596 8684
-31596 8684
-31596 8684
-31596 8684
-31587 8715
-31587 8715
-31587 8715
-31587 8715
-31587 8715
-31587 8715
-31587 8715
-31587 8715
-31587 8715
-31587 8715
-31579 8745
-31579 8745
-31583 8729
-31583 8729
-31583 8729
-31575 8759
-31575 8759
-31575 8759
-31575 8759
-31575 8759
-31575 8759
-31575 8759
-31575 8759
-31575 8759
-31575 8759
-31566 8790
-31566 8790
-31566 8790
-31566 8790
-31566 8790
-31566 8790
-31566 8790
-31566 8790
-31566 8790
-31566 8790
-31558 8821
-31558 8821
-31558 8821
-31558 8821
-31558 8821
-31558 8821
-31558 8821
-31558 8821
-31558 8821
-31558 8821
-31549 8851
-31549 8851
-31549 8851
-31549 8851
-31549 8851
-31549 8851
-31549 8851
-31549 8851
-31549 8851
-31549 8851
-31549 8851
-31541 8882
-31541 8882
-31541 8882
-31541 8882
-31541 8882
-31541 8882
-31541 8882
-31541 8882
-31541 8882
-31541 8882
-31532 8913
-31532 8913
-31532 8913
-31532 8913
-31532 8913
-31532 8913
-31532 8913
-31532 8913
-31532 8913
-31532 8913
-31524 8943
-31524 8943
-31524 8943
-31524 8943
-31524 8943
-31524 8943
-31524 8943
-31524 8943
-31524 8943
-31524 8943
-31515 8975
-31515 8975
-31515 8975
-31515 8975
-31515 8975
-31515 8975
-31515 8975
-31515 8975
-31515 8975
-31515 8975
-31507 9006
-31507 9006
-31507 9006
-31507 9006
-31507 9006
-31507 9006
-31507 9006
-31507 9006
-31507 9006
-31507 9006
-31497 9036
-31497 9036
-31497 9036
-31497 9036
-31497 9036
-31497 9036
-31497 9036
-31497 9036
-31497 9036
-31497 9036
-31489 9066
-31489 9066
-31489 9066
-31489 9066
-31489 9066
-31489 9066
-31489 9066
-31489 9066
-31489 9066
-31489 9066
-31480 9098
-31480 9098
-31480 9098
-31480 9098
-31480 9098
-31480 9098
-31480 9098
-31480 9098
-31480 9098
-31480 9098
-31480 9098
-31472 9128
-31472 9128
-31472 9128
-31475 9117
-31475 9117
-31475 9117
-31475 9117
-31467 9147
-31467 9147
-31467 9147
-31467 9147
-31467 9147
-31467 9147
-31467 9147
-31467 9147
-31467 9147
-31467 9147
-31457 9178
-31457 9178
-31457 9178
-31457 9178
-31457 9178
-31457 9178
-31457 9178
-31457 9178
-31457 9178
-31457 9178
-31457 9178
-31448 9209
-31448 9209
-31448 9209
-31448 9209
-31448 9209
-31448 9209
-31448 9209
-31448 9209
-31448 9209
-31448 9209
-31440 9240
-31440 9240
-31440 9240
-31440 9240
-31440 9240
-31440 9240
-31440 9240
-31440 9240
-31440 9240
-31440 9240
-31431 9269
-31431 9269
-31431 9269
-31431 9269
-31431 9269
-31431 9269
-31431 9269
-31431 9269
-31431 9269
-31431 9269
-31421 9301
-31421 9301
-31421 9301
-31421 9301
-31421 9301
-31421 9301
-31421 9301
-31421 9301
-31421 9301
-31421 9301
-31412 9332
-31412 9332
-31412 9332
-31412 9332
-31412 9332
-31412 9332
-31412 9332
-31412 9332
-31412 9332
-31412 9332
-31403 9362
-31403 9362
-31403 9362
-31403 9362
-31403 9362
-31403 9362
-31403 9362
-31403 9362
-31403 9362
-31403 9362
-31394 9392
-31394 9392
-31394 9392
-31394 9392
-31394 9392
-31394 9392
-31394 9392
-31394 9392
-31394 9392
-31394 9392
-31384 9422
-31384 9422
-31384 9422
-31384 9422
-31384 9422
-31384 9422
-31384 9422
-31384 9422
-31384 9422
-31384 9422
-31384 9422
-31375 9453
-31375 9453
-31375 9453
-31375 9453
-31375 9453
-31375 9453
-31375 9453
-31375 9453
-31375 9453
-31375 9453
-31366 9484
-31366 9484
-31366 9484
-31366 9484
-31366 9484
-31366 9484
-31366 9484
-31366 9484
-31366 9484
-31366 9484
-31356 9514
-31356 9514
-31361 9498
-31361 9498
-31361 9498
-31352 9528
-31352 9528
-31352 9528
-31352 9528
-31352 9528
-31352 9528
-31352 9528
-31352 9528
-31352 9528
-31352 9528
-31343 9558
-31343 9558
-31343 9558
-31343 9558
-31343 9558
-31343 9558
-31343 9558
-31343 9558
-31343 9558
-31343 9558
-31334 9589
-31334 9589
-31334 9589
-31334 9589
-31334 9589
-31334 9589
-31334 9589
-31334 9589
-31334 9589
-31334 9589
-31325 9620
-31325 9620
-31325 9620
-31325 9620
-31325 9620
-31325 9620
-31325 9620
-31325 9620
-31325 9620
-31325 9620
-31325 9620
-31315 9650
-31315 9650
-31315 9650
-31315 9650
-31315 9650
-31315 9650
-31315 9650
-31315 9650
-31315 9650
-31315 9650
-31306 9681
-31306 9681
-31306 9681
-31306 9681
-31306 9681
-31306 9681
-31306 9681
-31306 9681
-31306 9681
-31306 9681
-31297 9711
-31297 9711
-31297 9711
-31297 9711
-31297 9711
-31297 9711
-31297 9711
-31297 9711
-31297 9711
-31297 9711
-31287 9742
-31287 9742
-31287 9742
-31287 9742
-31287 9742
-31287 9742
-31287 9742
-31287 9742
-31287 9742
-31287 9742
-31278 9773
-31278 9773
-31278 9773
-31278 9773
-31278 9773
-31278 9773
-31278 9773
-31278 9773
-31278 9773
-31278 9773
-31268 9803
-31268 9803
-31268 9803
-31268 9803
-31268 9803
-31268 9803
-31268 9803
-31268 9803
-31268 9803
-31268 9803
-31259 9833
-31259 9833
-31259 9833
-31259 9833
-31259 9833
-31259 9833
-31259 9833
-31259 9833
-31259 9833
-31259 9833
-31249 9864
-31249 9864
-31249 9864
-31249 9864
-31249 9864
-31249 9864
-31249 9864
-31249 9864
-31249 9864
-31249 9864
-31249 9864
-31240 9894
-31240 9894
-31240 9894
-31242 9883
-31242 9883
-31242 9883
-31242 9883
-31233 9913
-31233 9913
-31233 9913
-31233 9913
-31233 9913
-31233 9913
-31233 9913
-31233 9913
-31233 9913
-31233 9913
-31223 9944
-31223 9944
-31223 9944
-31223 9944
-31223 9944
-31223 9944
-31223 9944
-31223 9944
-31223 9944
-31223 9944
-31223 9944
-31213 9974
-31213 9974
-31213 9974
-31213 9974
-31213 9974
-31213 9974
-31213 9974
-31213 9974
-31213 9974
-31213 9974
-31204 10005
-31204 10005
-31204 10005
-31204 10005
-31204 10005
-31204 10005
-31204 10005
-31204 10005
-31204 10005
-31204 10005
-31194 10034
-31194 10034
-31194 10034
-31194 10034
-31194 10034
-31194 10034
-31194 10034
-31194 10034
-31194 10034
-31194 10034
-31184 10065
-31184 10065
-31184 10065
-31184 10065
-31184 10065
-31184 10065
-31184 10065
-31184 10065
-31184 10065
-31184 10065
-31174 10096
-31174 10096
-31174 10096
-31174 10096
-31174 10096
-31174 10096
-31174 10096
-31174 10096
-31174 10096
-31174 10096
-31164 10126
-31164 10126
-31164 10126
-31164 10126
-31164 10126
-31164 10126
-31164 10126
-31164 10126
-31164 10126
-31164 10126
-31154 10156
-31154 10156
-31154 10156
-31154 10156
-31154 10156
-31154 10156
-31154 10156
-31154 10156
-31154 10156
-31154 10156
-31144 10186
-31144 10186
-31144 10186
-31144 10186
-31144 10186
-31144 10186
-31144 10186
-31144 10186
-31144 10186
-31144 10186
-31144 10186
-31134 10216
-31134 10216
-31134 10216
-31134 10216
-31134 10216
-31134 10216
-31134 10216
-31134 10216
-31134 10216
-31134 10216
-31124 10247
-31124 10247
-31124 10247
-31124 10247
-31124 10247
-31124 10247
-31124 10247
-31124 10247
-31124 10247
-31124 10247
-31114 10277
-31114 10277
-31120 10261
-31120 10261
-31120 10261
-31110 10291
-31110 10291
-31110 10291
-31110 10291
-31110 10291
-31110 10291
-31110 10291
-31110 10291
-31110 10291
-31110 10291
-31100 10321
-31100 10321
-31100 10321
-31100 10321
-31100 10321
-31100 10321
-31100 10321
-31100 10321
-31100 10321
-31100 10321
-31090 10351
-31090 10351
-31090 10351
-31090 10351
-31090 10351
-31090 10351
-31090 10351
-31090 10351
-31090 10351
-31090 10351
-31080 10382
-31080 10382
-31080 10382
-31080 10382
-31080 10382
-31080 10382
-31080 10382
-31080 10382
-31080 10382
-31080 10382
-31080 10382
-31070 10412
-31070 10412
-31070 10412
-31070 10412
-31070 10412
-31070 10412
-31070 10412
-31070 10412
-31070 10412
-31070 10412
-31060 10442
-31060 10442
-31060 10442
-31060 10442
-31060 10442
-31060 10442
-31060 10442
-31060 10442
-31060 10442
-31060 10442
-31050 10472
-31050 10472
-31050 10472
-31050 10472
-31050 10472
-31050 10472
-31050 10472
-31050 10472
-31050 10472
-31050 10472
-31040 10503
-31040 10503
-31040 10503
-31040 10503
-31040 10503
-31040 10503
-31040 10503
-31040 10503
-31040 10503
-31040 10503
-31030 10534
-31030 10534
-31030 10534
-31030 10534
-31030 10534
-31030 10534
-31030 10534
-31030 10534
-31030 10534
-31030 10534
-31019 10564
-31019 10564
-31019 10564
-31019 10564
-31019 10564
-31019 10564
-31019 10564
-31019 10564
-31019 10564
-31019 10564
-31009 10593
-31009 10593
-31009 10593
-31009 10593
-31009 10593
-31009 10593
-31009 10593
-31009 10593
-31009 10593
-31009 10593
-30999 10624
-30999 10624
-30999 10624
-30999 10624
-30999 10624
-30999 10624
-30999 10624
-30999 10624
-30999 10624
-30999 10624
-30999 10624
-30989 10654
-30989 10654
-30989 10654
-30989 10648
-30989 10648
-30989 10648
-30989 10648
-30979 10678
-30979 10678
-30979 10678
-30979 10678
-30979 10678
-30979 10678
-30979 10678
-30979 10678
-30979 10678
-30979 10678
-30968 10708
-30968 10708
-30968 10708
-30968 10708
-30968 10708
-30968 10708
-30968 10708
-30968 10708
-30968 10708
-30968 10708
-30968 10708
-30957 10738
-30957 10738
-30957 10738
-30957 10738
-30957 10738
-30957 10738
-30957 10738
-30957 10738
-30957 10738
-30957 10738
-30948 10769
-30948 10769
-30948 10769
-30948 10769
-30948 10769
-30948 10769
-30948 10769
-30948 10769
-30948 10769
-30948 10769
-30937 10798
-30937 10798
-30937 10798
-30937 10798
-30937 10798
-30937 10798
-30937 10798
-30937 10798
-30937 10798
-30937 10798
-30926 10829
-30926 10829
-30926 10829
-30926 10829
-30926 10829
-30926 10829
-30926 10829
-30926 10829
-30926 10829
-30926 10829
-30915 10859
-30915 10859
-30915 10859
-30915 10859
-30915 10859
-30915 10859
-30915 10859
-30915 10859
-30915 10859
-30915 10859
-30905 10889
-30905 10889
-30905 10889
-30905 10889
-30905 10889
-30905 10889
-30905 10889
-30905 10889
-30905 10889
-30905 10889
-30894 10919
-30894 10919
-30894 10919
-30894 10919
-30894 10919
-30894 10919
-30894 10919
-30894 10919
-30894 10919
-30894 10919
-30883 10949
-30883 10949
-30883 10949
-30883 10949
-30883 10949
-30883 10949
-30883 10949
-30883 10949
-30883 10949
-30883 10949
-30883 10949
-30873 10979
-30873 10979
-30873 10979
-30873 10979
-30873 10979
-30873 10979
-30873 10979
-30873 10979
-30873 10979
-30873 10979
-30862 11009
-30862 11009
-30862 11009
-30862 11009
-30862 11009
-30862 11009
-30862 11009
-30862 11009
-30862 11009
-30862 11009
-30851 11039
-30851 11039
-30857 11023
-30857 11023
-30857 11023
-30846 11052
-30846 11052
-30846 11052
-30846 11052
-30846 11052
-30846 11052
-30846 11052
-30846 11052
-30846 11052
-30846 11052
-30836 11082
-30836 11082
-30836 11082
-30836 11082
-30836 11082
-30836 11082
-30836 11082
-30836 11082
-30836 11082
-30836 11082
-30825 11113
-30825 11113
-30825 11113
-30825 11113
-30825 11113
-30825 11113
-30825 11113
-30825 11113
-30825 11113
-30825 11113
-30814 11143
-30814 11143
-30814 11143
-30814 11143
-30814 11143
-30814 11143
-30814 11143
-30814 11143
-30814 11143
-30814 11143
-30814 11143
-30803 11173
-30803 11173
-30803 11173
-30803 11173
-30803 11173
-30803 11173
-30803 11173
-30803 11173
-30803 11173
-30803 11173
-30792 11203
-30792 11203
-30792 11203
-30792 11203
-30792 11203
-30792 11203
-30792 11203
-30792 11203
-30792 11203
-30792 11203
-30782 11232
-30782 11232
-30782 11232
-30782 11232
-30782 11232
-30782 11232
-30782 11232
-30782 11232
-30782 11232
-30782 11232
-30771 11263
-30771 11263
-30771 11263
-30771 11263
-30771 11263
-30771 11263
-30771 11263
-30771 11263
-30771 11263
-30771 11263
-30760 11293
-30760 11293
-30760 11293
-30760 11293
-30760 11293
-30760 11293
-30760 11293
-30760 11293
-30760 11293
-30760 11293
-30748 11323
-30748 11323
-30748 11323
-30748 11323
-30748 11323
-30748 11323
-30748 11323
-30748 11323
-30748 11323
-30748 11323
-30738 11352
-30738 11352
-30738 11352
-30738 11352
-30738 11352
-30738 11352
-30738 11352
-30738 11352
-30738 11352
-30738 11352
-30727 11383
-30727 11383
-30727 11383
-30727 11383
-30727 11383
-30727 11383
-30727 11383
-30727 11383
-30727 11383
-30727 11383
-30727 11383
-30716 11413
-30716 11413
-30716 11413
-30720 11401
-30720 11401
-30720 11401
-30720 11401
-30710 11431
-30710 11431
-30710 11431
-30710 11431
-30710 11431
-30710 11431
-30710 11431
-30710 11431
-30710 11431
-30710 11431
-30698 11461
-30698 11461
-30698 11461
-30698 11461
-30698 11461
-30698 11461
-30698 11461
-30698 11461
-30698 11461
-30698 11461
-30698 11461
-30687 11491
-30687 11491
-30687 11491
-30687 11491
-30687 11491
-30687 11491
-30687 11491
-30687 11491
-30687 11491
-30687 11491
-30676 11521
-30676 11521
-30676 11521
-30676 11521
-30676 11521
-30676 11521
-30676 11521
-30676 11521
-30676 11521
-30676 11521
-30665 11550
-30665 11550
-30665 11550
-30665 11550
-30665 11550
-30665 11550
-30665 11550
-30665 11550
-30665 11550
-30665 11550
-30653 11581
-30653 11581
-30653 11581
-30653 11581
-30653 11581
-30653 11581
-30653 11581
-30653 11581
-30653 11581
-30653 11581
-30642 11611
-30642 11611
-30642 11611
-30642 11611
-30642 11611
-30642 11611
-30642 11611
-30642 11611
-30642 11611
-30642 11611
-30630 11641
-30630 11641
-30630 11641
-30630 11641
-30630 11641
-30630 11641
-30630 11641
-30630 11641
-30630 11641
-30630 11641
-30619 11670
-30619 11670
-30619 11670
-30619 11670
-30619 11670
-30619 11670
-30619 11670
-30619 11670
-30619 11670
-30619 11670
-30607 11699
-30607 11699
-30607 11699
-30607 11699
-30607 11699
-30607 11699
-30607 11699
-30607 11699
-30607 11699
-30607 11699
-30607 11699
-30596 11729
-30596 11729
-30596 11729
-30596 11729
-30596 11729
-30596 11729
-30596 11729
-30596 11729
-30596 11729
-30596 11729
-30584 11759
-30584 11759
-30584 11759
-30584 11759
-30584 11759
-30584 11759
-30584 11759
-30584 11759
-30584 11759
-30584 11759
-30573 11789
-30573 11789
-30579 11773
-30579 11773
-30579 11773
-30568 11802
-30568 11802
-30568 11802
-30568 11802
-30568 11802
-30568 11802
-30568 11802
-30568 11802
-30568 11802
-30568 11802
-30556 11832
-30556 11832
-30556 11832
-30556 11832
-30556 11832
-30556 11832
-30556 11832
-30556 11832
-30556 11832
-30556 11832
-30545 11862
-30545 11862
-30545 11862
-30545 11862
-30545 11862
-30545 11862
-30545 11862
-30545 11862
-30545 11862
-30545 11862
-30533 11892
-30533 11892
-30533 11892
-30533 11892
-30533 11892
-30533 11892
-30533 11892
-30533 11892
-30533 11892
-30533 11892
-30533 11892
-30522 11922
-30522 11922
-30522 11922
-30522 11922
-30522 11922
-30522 11922
-30522 11922
-30522 11922
-30522 11922
-30522 11922
-30510 11951
-30510 11951
-30510 11951
-30510 11951
-30510 11951
-30510 11951
-30510 11951
-30510 11951
-30510 11951
-30510 11951
-30499 11980
-30499 11980
-30499 11980
-30499 11980
-30499 11980
-30499 11980
-30499 11980
-30499 11980
-30499 11980
-30499 11980
-30487 12011
-30487 12011
-30487 12011
-30487 12011
-30487 12011
-30487 12011
-30487 12011
-30487 12011
-30487 12011
-30487 12011
-30476 12041
-30476 12041
-30476 12041
-30476 12041
-30476 12041
-30476 12041
-30476 12041
-30476 12041
-30476 12041
-30476 12041
-30463 12070
-30463 12070
-30463 12070
-30463 12070
-30463 12070
-30463 12070
-30463 12070
-30463 12070
-30463 12070
-30463 12070
-30452 12099
-30452 12099
-30452 12099
-30452 12099
-30452 12099
-30452 12099
-30452 12099
-30452 12099
-30452 12099
-30452 12099
-30440 12130
-30440 12130
-30440 12130
-30440 12130
-30440 12130
-30440 12130
-30440 12130
-30440 12130
-30440 12130
-30440 12130
-30440 12130
-30429 12159
-30429 12159
-30429 12159
-30421 12177
-30421 12177
-30421 12177
-30421 12177
-30409 12207
-30409 12207
-30409 12207
-30409 12207
-30409 12207
-30409 12207
-30409 12207
-30409 12207
-30409 12207
-30409 12207
-30397 12236
-30397 12236
-30397 12236
-30397 12236
-30397 12236
-30397 12236
-30397 12236
-30397 12236
-30397 12236
-30397 12236
-30397 12236
-30385 12266
-30385 12266
-30385 12266
-30385 12266
-30385 12266
-30385 12266
-30385 12266
-30385 12266
-30385 12266
-30385 12266
-30374 12296
-30374 12296
-30374 12296
-30374 12296
-30374 12296
-30374 12296
-30374 12296
-30374 12296
-30374 12296
-30374 12296
-30362 12324
-30362 12324
-30362 12324
-30362 12324
-30362 12324
-30362 12324
-30362 12324
-30362 12324
-30362 12324
-30362 12324
-30349 12355
-30349 12355
-30349 12355
-30349 12355
-30349 12355
-30349 12355
-30349 12355
-30349 12355
-30349 12355
-30349 12355
-30337 12385
-30337 12385
-30337 12385
-30337 12385
-30337 12385
-30337 12385
-30337 12385
-30337 12385
-30337 12385
-30337 12385
-30325 12414
-30325 12414
-30325 12414
-30325 12414
-30325 12414
-30325 12414
-30325 12414
-30325 12414
-30325 12414
-30325 12414
-30313 12443
-30313 12443
-30313 12443
-30313 12443
-30313 12443
-30313 12443
-30313 12443
-30313 12443
-30313 12443
-30313 12443
-30300 12472
-30300 12472
-30300 12472
-30300 12472
-30300 12472
-30300 12472
-30300 12472
-30300 12472
-30300 12472
-30300 12472
-30300 12472
-30288 12502
-30288 12502
-30288 12502
-30288 12502
-30288 12502
-30288 12502
-30288 12502
-30288 12502
-30288 12502
-30288 12502
-30276 12531
-30276 12531
-30276 12531
-30276 12531
-30276 12531
-30276 12531
-30276 12531
-30276 12531
-30276 12531
-30276 12531
-30264 12561
-30264 12561
-30270 12545
-30270 12545
-30270 12545
-30258 12574
-30258 12574
-30258 12574
-30258 12574
-30258 12574
-30258 12574
-30258 12574
-30258 12574
-30258 12574
-30258 12574
-30246 12603
-30246 12603
-30246 12603
-30246 12603
-30246 12603
-30246 12603
-30246 12603
-30246 12603
-30246 12603
-30246 12603
-30234 12633
-30234 12633
-30234 12633
-30234 12633
-30234 12633
-30234 12633
-30234 12633
-30234 12633
-30234 12633
-30234 12633
-30221 12663
-30221 12663
-30221 12663
-30221 12663
-30221 12663
-30221 12663
-30221 12663
-30221 12663
-30221 12663
-30221 12663
-30221 12663
-30209 12692
-30209 12692
-30209 12692
-30209 12692
-30209 12692
-30209 12692
-30209 12692
-30209 12692
-30209 12692
-30209 12692
-30197 12722
-30197 12722
-30197 12722
-30197 12722
-30197 12722
-30197 12722
-30197 12722
-30197 12722
-30197 12722
-30197 12722
-30185 12750
-30185 12750
-30185 12750
-30185 12750
-30185 12750
-30185 12750
-30185 12750
-30185 12750
-30185 12750
-30185 12750
-30172 12781
-30172 12781
-30172 12781
-30172 12781
-30172 12781
-30172 12781
-30172 12781
-30172 12781
-30172 12781
-30172 12781
-30160 12810
-30160 12810
-30160 12810
-30160 12810
-30160 12810
-30160 12810
-30160 12810
-30160 12810
-30160 12810
-30160 12810
-30147 12840
-30147 12840
-30147 12840
-30147 12840
-30147 12840
-30147 12840
-30147 12840
-30147 12840
-30147 12840
-30147 12840
-30135 12868
-30135 12868
-30135 12868
-30135 12868
-30135 12868
-30135 12868
-30135 12868
-30135 12868
-30135 12868
-30135 12868
-30122 12899
-30122 12899
-30122 12899
-30122 12899
-30122 12899
-30122 12899
-30122 12899
-30122 12899
-30122 12899
-30122 12899
-30122 12899
-30111 12927
-30111 12927
-30111 12927
-30114 12916
-30114 12916
-30114 12916
-30114 12916
-30102 12945
-30102 12945
-30102 12945
-30102 12945
-30102 12945
-30102 12945
-30102 12945
-30102 12945
-30102 12945
-30102 12945
-30089 12975
-30089 12975
-30089 12975
-30089 12975
-30089 12975
-30089 12975
-30089 12975
-30089 12975
-30089 12975
-30089 12975
-30089 12975
-30076 13004
-30076 13004
-30076 13004
-30076 13004
-30076 13004
-30076 13004
-30076 13004
-30076 13004
-30076 13004
-30076 13004
-30064 13033
-30064 13033
-30064 13033
-30064 13033
-30064 13033
-30064 13033
-30064 13033
-30064 13033
-30064 13033
-30064 13033
-30051 13062
-30051 13062
-30051 13062
-30051 13062
-30051 13062
-30051 13062
-30051 13062
-30051 13062
-30051 13062
-30051 13062
-30038 13092
-30038 13092
-30038 13092
-30038 13092
-30038 13092
-30038 13092
-30038 13092
-30038 13092
-30038 13092
-30038 13092
-30025 13121
-30025 13121
-30025 13121
-30025 13121
-30025 13121
-30025 13121
-30025 13121
-30025 13121
-30025 13121
-30025 13121
-30012 13150
-30012 13150
-30012 13150
-30012 13150
-30012 13150
-30012 13150
-30012 13150
-30012 13150
-30012 13150
-30012 13150
-29999 13179
-29999 13179
-29999 13179
-29999 13179
-29999 13179
-29999 13179
-29999 13179
-29999 13179
-29999 13179
-29999 13179
-29986 13208
-29986 13208
-29986 13208
-29986 13208
-29986 13208
-29986 13208
-29986 13208
-29986 13208
-29986 13208
-29986 13208
-29986 13208
-29973 13237
-29973 13237
-29973 13237
-29973 13237
-29973 13237
-29973 13237
-29973 13237
-29973 13237
-29973 13237
-29973 13237
-29960 13267
-29960 13267
-29960 13267
-29960 13267
-29960 13267
-29960 13267
-29960 13267
-29960 13267
-29960 13267
-29960 13267
-29947 13296
-29947 13296
-29954 13280
-29954 13280
-29954 13280
-29942 13309
-29942 13309
-29942 13309
-29942 13309
-29942 13309
-29942 13309
-29942 13309
-29942 13309
-29942 13309
-29942 13309
-29929 13338
-29929 13338
-29929 13338
-29929 13338
-29929 13338
-29929 13338
-29929 13338
-29929 13338
-29929 13338
-29929 13338
-29916 13367
-29916 13367
-29916 13367
-29916 13367
-29916 13367
-29916 13367
-29916 13367
-29916 13367
-29916 13367
-29916 13367
-29903 13396
-29903 13396
-29903 13396
-29903 13396
-29903 13396
-29903 13396
-29903 13396
-29903 13396
-29903 13396
-29903 13396
-29903 13396
-29890 13426
-29890 13426
-29890 13426
-29890 13426
-29890 13426
-29890 13426
-29890 13426
-29890 13426
-29890 13426
-29890 13426
-29877 13455
-29877 13455
-29877 13455
-29877 13455
-29877 13455
-29877 13455
-29877 13455
-29877 13455
-29877 13455
-29877 13455
-29864 13483
-29864 13483
-29864 13483
-29864 13483
-29864 13483
-29864 13483
-29864 13483
-29864 13483
-29864 13483
-29864 13483
-29851 13513
-29851 13513
-29851 13513
-29851 13513
-29851 13513
-29851 13513
-29851 13513
-29851 13513
-29851 13513
-29851 13513
-29838 13543
-29838 13543
-29838 13543
-29838 13543
-29838 13543
-29838 13543
-29838 13543
-29838 13543
-29838 13543
-29838 13543
-29824 13571
-29824 13571
-29824 13571
-29824 13571
-29824 13571
-29824 13571
-29824 13571
-29824 13571
-29824 13571
-29824 13571
-29811 13600
-29811 13600
-29811 13600
-29811 13600
-29811 13600
-29811 13600
-29811 13600
-29811 13600
-29811 13600
-29811 13600
-29798 13630
-29798 13630
-29798 13630
-29798 13630
-29798 13630
-29798 13630
-29798 13630
-29798 13630
-29798 13630
-29798 13630
-29798 13630
-29786 13658
-29786 13658
-29786 13658
-29791 13648
-29791 13648
-29791 13648
-29791 13648
-29778 13677
-29778 13677
-29778 13677
-29778 13677
-29778 13677
-29778 13677
-29778 13677
-29778 13677
-29778 13677
-29778 13677
-29764 13706
-29764 13706
-29764 13706
-29764 13706
-29764 13706
-29764 13706
-29764 13706
-29764 13706
-29764 13706
-29764 13706
-29764 13706
-29751 13735
-29751 13735
-29751 13735
-29751 13735
-29751 13735
-29751 13735
-29751 13735
-29751 13735
-29751 13735
-29751 13735
-29738 13764
-29738 13764
-29738 13764
-29738 13764
-29738 13764
-29738 13764
-29738 13764
-29738 13764
-29738 13764
-29738 13764
-29725 13792
-29725 13792
-29725 13792
-29725 13792
-29725 13792
-29725 13792
-29725 13792
-29725 13792
-29725 13792
-29725 13792
-29711 13822
-29711 13822
-29711 13822
-29711 13822
-29711 13822
-29711 13822
-29711 13822
-29711 13822
-29711 13822
-29711 13822
-29697 13851
-29697 13851
-29697 13851
-29697 13851
-29697 13851
-29697 13851
-29697 13851
-29697 13851
-29697 13851
-29697 13851
-29683 13880
-29683 13880
-29683 13880
-29683 13880
-29683 13880
-29683 13880
-29683 13880
-29683 13880
-29683 13880
-29683 13880
-29670 13908
-29670 13908
-29670 13908
-29670 13908
-29670 13908
-29670 13908
-29670 13908
-29670 13908
-29670 13908
-29670 13908
-29656 13937
-29656 13937
-29656 13937
-29656 13937
-29656 13937
-29656 13937
-29656 13937
-29656 13937
-29656 13937
-29656 13937
-29656 13937
-29643 13966
-29643 13966
-29643 13966
-29643 13966
-29643 13966
-29643 13966
-29643 13966
-29643 13966
-29643 13966
-29643 13966
-29629 13995
-29629 13995
-29629 13995
-29629 13995
-29629 13995
-29629 13995
-29629 13995
-29629 13995
-29629 13995
-29629 13995
-29615 14024
-29615 14024
-29623 14008
-29623 14008
-29623 14008
-29609 14036
-29609 14036
-29609 14036
-29609 14036
-29609 14036
-29609 14036
-29609 14036
-29609 14036
-29609 14036
-29609 14036
-29596 14065
-29596 14065
-29596 14065
-29596 14065
-29596 14065
-29596 14065
-29596 14065
-29596 14065
-29596 14065
-29596 14065
-29582 14094
-29582 14094
-29582 14094
-29582 14094
-29582 14094
-29582 14094
-29582 14094
-29582 14094
-29582 14094
-29582 14094
-29568 14123
-29568 14123
-29568 14123
-29568 14123
-29568 14123
-29568 14123
-29568 14123
-29568 14123
-29568 14123
-29568 14123
-29568 14123
-29555 14152
-29555 14152
-29555 14152
-29555 14152
-29555 14152
-29555 14152
-29555 14152
-29555 14152
-29555 14152
-29555 14152
-29541 14181
-29541 14181
-29541 14181
-29541 14181
-29541 14181
-29541 14181
-29541 14181
-29541 14181
-29541 14181
-29541 14181
-29528 14209
-29528 14209
-29528 14209
-29528 14209
-29528 14209
-29528 14209
-29528 14209
-29528 14209
-29528 14209
-29528 14209
-29513 14239
-29513 14239
-29513 14239
-29513 14239
-29513 14239
-29513 14239
-29513 14239
-29513 14239
-29513 14239
-29513 14239
-29500 14268
-29500 14268
-29500 14268
-29500 14268
-29500 14268
-29500 14268
-29500 14268
-29500 14268
-29500 14268
-29500 14268
-29485 14296
-29485 14296
-29485 14296
-29485 14296
-29485 14296
-29485 14296
-29485 14296
-29485 14296
-29485 14296
-29485 14296
-29472 14324
-29472 14324
-29472 14324
-29472 14324
-29472 14324
-29472 14324
-29472 14324
-29472 14324
-29472 14324
-29472 14324
-29458 14354
-29458 14354
-29458 14354
-29458 14354
-29458 14354
-29458 14354
-29458 14354
-29458 14354
-29458 14354
-29458 14354
-29458 14354
-29445 14382
-29445 14382
-29445 14382
-29450 14366
-29450 14366
-29450 14366
-29450 14366
-29436 14395
-29436 14395
-29436 14395
-29436 14395
-29436 14395
-29436 14395
-29436 14395
-29436 14395
-29436 14395
-29436 14395
-29422 14424
-29422 14424
-29422 14424
-29422 14424
-29422 14424
-29422 14424
-29422 14424
-29422 14424
-29422 14424
-29422 14424
-29422 14424
-29408 14452
-29408 14452
-29408 14452
-29408 14452
-29408 14452
-29408 14452
-29408 14452
-29408 14452
-29408 14452
-29408 14452
-29394 14481
-29394 14481
-29394 14481
-29394 14481
-29394 14481
-29394 14481
-29394 14481
-29394 14481
-29394 14481
-29394 14481
-29380 14509
-29380 14509
-29380 14509
-29380 14509
-29380 14509
-29380 14509
-29380 14509
-29380 14509
-29380 14509
-29380 14509
-29365 14538
-29365 14538
-29365 14538
-29365 14538
-29365 14538
-29365 14538
-29365 14538
-29365 14538
-29365 14538
-29365 14538
-29351 14567
-29351 14567
-29351 14567
-29351 14567
-29351 14567
-29351 14567
-29351 14567
-29351 14567
-29351 14567
-29351 14567
-29337 14596
-29337 14596
-29337 14596
-29337 14596
-29337 14596
-29337 14596
-29337 14596
-29337 14596
-29337 14596
-29337 14596
-29323 14623
-29323 14623
-29323 14623
-29323 14623
-29323 14623
-29323 14623
-29323 14623
-29323 14623
-29323 14623
-29323 14623
-29308 14652
-29308 14652
-29308 14652
-29308 14652
-29308 14652
-29308 14652
-29308 14652
-29308 14652
-29308 14652
-29308 14652
-29308 14652
-29294 14680
-29294 14680
-29294 14680
-29294 14680
-29294 14680
-29294 14680
-29294 14680
-29294 14680
-29294 14680
-29294 14680
-29279 14709
-29279 14709
-29279 14709
-29279 14709
-29279 14709
-29279 14709
-29279 14709
-29279 14709
-29279 14709
-29279 14709
-29265 14738
-29265 14738
-29273 14722
-29273 14722
-29273 14722
-29259 14750
-29259 14750
-29259 14750
-29259 14750
-29259 14750
-29259 14750
-29259 14750
-29259 14750
-29259 14750
-29259 14750
-29244 14779
-29244 14779
-29244 14779
-29244 14779
-29244 14779
-29244 14779
-29244 14779
-29244 14779
-29244 14779
-29244 14779
-29230 14807
-29230 14807
-29230 14807
-29230 14807
-29230 14807
-29230 14807
-29230 14807
-29230 14807
-29230 14807
-29230 14807
-29216 14836
-29216 14836
-29216 14836
-29216 14836
-29216 14836
-29216 14836
-29216 14836
-29216 14836
-29216 14836
-29216 14836
-29216 14836
-29201 14864
-29201 14864
-29201 14864
-29201 14864
-29201 14864
-29201 14864
-29201 14864
-29201 14864
-29201 14864
-29201 14864
-29187 14893
-29187 14893
-29187 14893
-29187 14893
-29187 14893
-29187 14893
-29187 14893
-29187 14893
-29187 14893
-29187 14893
-29173 14921
-29173 14921
-29173 14921
-29173 14921
-29173 14921
-29173 14921
-29173 14921
-29173 14921
-29173 14921
-29173 14921
-29158 14950
-29158 14950
-29158 14950
-29158 14950
-29158 14950
-29158 14950
-29158 14950
-29158 14950
-29158 14950
-29158 14950
-29144 14979
-29144 14979
-29144 14979
-29144 14979
-29144 14979
-29144 14979
-29144 14979
-29144 14979
-29144 14979
-29144 14979
-29128 15007
-29128 15007
-29128 15007
-29128 15007
-29128 15007
-29128 15007
-29128 15007
-29128 15007
-29128 15007
-29128 15007
-29114 15035
-29114 15035
-29114 15035
-29114 15035
-29114 15035
-29114 15035
-29114 15035
-29114 15035
-29114 15035
-29114 15035
-29100 15064
-29100 15064
-29100 15064
-29100 15064
-29100 15064
-29100 15064
-29100 15064
-29100 15064
-29100 15064
-29100 15064
-29100 15064
-29086 15092
-29086 15092
-29086 15092
-29091 15080
-29091 15080
-29091 15080
-29091 15080
-29076 15109
-29076 15109
-29076 15109
-29076 15109
-29076 15109
-29076 15109
-29076 15109
-29076 15109
-29076 15109
-29076 15109
-29061 15137
-29061 15137
-29061 15137
-29061 15137
-29061 15137
-29061 15137
-29061 15137
-29061 15137
-29061 15137
-29061 15137
-29061 15137
-29046 15166
-29046 15166
-29046 15166
-29046 15166
-29046 15166
-29046 15166
-29046 15166
-29046 15166
-29046 15166
-29046 15166
-29032 15194
-29032 15194
-29032 15194
-29032 15194
-29032 15194
-29032 15194
-29032 15194
-29032 15194
-29032 15194
-29032 15194
-29018 15222
-29018 15222
-29018 15222
-29018 15222
-29018 15222
-29018 15222
-29018 15222
-29018 15222
-29018 15222
-29018 15222
-29002 15251
-29002 15251
-29002 15251
-29002 15251
-29002 15251
-29002 15251
-29002 15251
-29002 15251
-29002 15251
-29002 15251
-28987 15279
-28987 15279
-28987 15279
-28987 15279
-28987 15279
-28987 15279
-28987 15279
-28987 15279
-28987 15279
-28987 15279
-28972 15307
-28972 15307
-28972 15307
-28972 15307
-28972 15307
-28972 15307
-28972 15307
-28972 15307
-28972 15307
-28972 15307
-28957 15335
-28957 15335
-28957 15335
-28957 15335
-28957 15335
-28957 15335
-28957 15335
-28957 15335
-28957 15335
-28957 15335
-28942 15363
-28942 15363
-28942 15363
-28942 15363
-28942 15363
-28942 15363
-28942 15363
-28942 15363
-28942 15363
-28942 15363
-28942 15363
-28927 15391
-28927 15391
-28927 15391
-28927 15391
-28927 15391
-28927 15391
-28927 15391
-28927 15391
-28927 15391
-28927 15391
-28912 15419
-28912 15419
-28912 15419
-28912 15419
-28912 15419
-28912 15419
-28912 15419
-28912 15419
-28912 15419
-28912 15419
-28897 15447
-28897 15447
-28905 15432
-28905 15432
-28905 15432
-28890 15460
-28890 15460
-28890 15460
-28890 15460
-28890 15460
-28890 15460
-28890 15460
-28890 15460
-28890 15460
-28890 15460
-28875 15488
-28875 15488
-28875 15488
-28875 15488
-28875 15488
-28875 15488
-28875 15488
-28875 15488
-28875 15488
-28875 15488
-28860 15516
-28860 15516
-28860 15516
-28860 15516
-28860 15516
-28860 15516
-28860 15516
-28860 15516
-28860 15516
-28860 15516
-28845 15544
-28845 15544
-28845 15544
-28845 15544
-28845 15544
-28845 15544
-28845 15544
-28845 15544
-28845 15544
-28845 15544
-28845 15544
-28830 15573
-28830 15573
-28830 15573
-28830 15573
-28830 15573
-28830 15573
-28830 15573
-28830 15573
-28830 15573
-28830 15573
-28815 15601
-28815 15601
-28815 15601
-28815 15601
-28815 15601
-28815 15601
-28815 15601
-28815 15601
-28815 15601
-28815 15601
-28800 15628
-28800 15628
-28800 15628
-28800 15628
-28800 15628
-28800 15628
-28800 15628
-28800 15628
-28800 15628
-28800 15628
-28785 15657
-28785 15657
-28785 15657
-28785 15657
-28785 15657
-28785 15657
-28785 15657
-28785 15657
-28785 15657
-28785 15657
-28770 15686
-28770 15686
-28770 15686
-28770 15686
-28770 15686
-28770 15686
-28770 15686
-28770 15686
-28770 15686
-28770 15686
-28754 15713
-28754 15713
-28754 15713
-28754 15713
-28754 15713
-28754 15713
-28754 15713
-28754 15713
-28754 15713
-28754 15713
-28739 15741
-28739 15741
-28739 15741
-28739 15741
-28739 15741
-28739 15741
-28739 15741
-28739 15741
-28739 15741
-28739 15741
-28724 15770
-28724 15770
-28724 15770
-28724 15770
-28724 15770
-28724 15770
-28724 15770
-28724 15770
-28724 15770
-28724 15770
-28724 15770
-28709 15797
-28709 15797
-28709 15797
-28714 15786
-28714 15786
-28714 15786
-28714 15786
-28699 15815
-28699 15815
-28699 15815
-28699 15815
-28699 15815
-28699 15815
-28699 15815
-28699 15815
-28699 15815
-28699 15815
-28684 15842
-28684 15842
-28684 15842
-28684 15842
-28684 15842
-28684 15842
-28684 15842
-28684 15842
-28684 15842
-28684 15842
-28684 15842
-28668 15870
-28668 15870
-28668 15870
-28668 15870
-28668 15870
-28668 15870
-28668 15870
-28668 15870
-28668 15870
-28668 15870
-28653 15899
-28653 15899
-28653 15899
-28653 15899
-28653 15899
-28653 15899
-28653 15899
-28653 15899
-28653 15899
-28653 15899
-28638 15926
-28638 15926
-28638 15926
-28638 15926
-28638 15926
-28638 15926
-28638 15926
-28638 15926
-28638 15926
-28638 15926
-28622 15954
-28622 15954
-28622 15954
-28622 15954
-28622 15954
-28622 15954
-28622 15954
-28622 15954
-28622 15954
-28622 15954
-28606 15982
-28606 15982
-28606 15982
-28606 15982
-28606 15982
-28606 15982
-28606 15982
-28606 15982
-28606 15982
-28606 15982
-28590 16010
-28590 16010
-28590 16010
-28590 16010
-28590 16010
-28590 16010
-28590 16010
-28590 16010
-28590 16010
-28590 16010
-28575 16037
-28575 16037
-28575 16037
-28575 16037
-28575 16037
-28575 16037
-28575 16037
-28575 16037
-28575 16037
-28575 16037
-28559 16065
-28559 16065
-28559 16065
-28559 16065
-28559 16065
-28559 16065
-28559 16065
-28559 16065
-28559 16065
-28559 16065
-28559 16065
-28543 16093
-28543 16093
-28543 16093
-28543 16093
-28543 16093
-28543 16093
-28543 16093
-28543 16093
-28543 16093
-28543 16093
-28527 16120
-28527 16120
-28527 16120
-28527 16120
-28527 16120
-28527 16120
-28527 16120
-28527 16120
-28527 16120
-28527 16120
-28512 16148
-28512 16148
-28520 16134
-28520 16134
-28520 16134
-28505 16161
-28505 16161
-28505 16161
-28505 16161
-28505 16161
-28505 16161
-28505 16161
-28505 16161
-28505 16161
-28505 16161
-28489 16188
-28489 16188
-28489 16188
-28489 16188
-28489 16188
-28489 16188
-28489 16188
-28489 16188
-28489 16188
-28489 16188
-28473 16216
-28473 16216
-28473 16216
-28473 16216
-28473 16216
-28473 16216
-28473 16216
-28473 16216
-28473 16216
-28473 16216
-28458 16244
-28458 16244
-28458 16244
-28458 16244
-28458 16244
-28458 16244
-28458 16244
-28458 16244
-28458 16244
-28458 16244
-28458 16244
-28442 16272
-28442 16272
-28442 16272
-28442 16272
-28442 16272
-28442 16272
-28442 16272
-28442 16272
-28442 16272
-28442 16272
-28426 16300
-28426 16300
-28426 16300
-28426 16300
-28426 16300
-28426 16300
-28426 16300
-28426 16300
-28426 16300
-28426 16300
-28411 16327
-28411 16327
-28411 16327
-28411 16327
-28411 16327
-28411 16327
-28411 16327
-28411 16327
-28411 16327
-28411 16327
-28394 16355
-28394 16355
-28394 16355
-28394 16355
-28394 16355
-28394 16355
-28394 16355
-28394 16355
-28394 16355
-28394 16355
-28379 16383
-28379 16383
-28379 16383
-28379 16383
-28379 16383
-28379 16383
-28379 16383
-28379 16383
-28379 16383
-28379 16383
-28362 16411
-28362 16411
-28362 16411
-28362 16411
-28362 16411
-28362 16411
-28362 16411
-28362 16411
-28362 16411
-28362 16411
-28347 16438
-28347 16438
-28347 16438
-28347 16438
-28347 16438
-28347 16438
-28347 16438
-28347 16438
-28347 16438
-28347 16438
-28331 16466
-28331 16466
-28331 16466
-28331 16466
-28331 16466
-28331 16466
-28331 16466
-28331 16466
-28331 16466
-28331 16466
-28331 16466
-28315 16493
-28315 16493
-28315 16493
-28304 16509
-28304 16509
-28304 16509
-28304 16509
-28289 16537
-28289 16537
-28289 16537
-28289 16537
-28289 16537
-28289 16537
-28289 16537
-28289 16537
-28289 16537
-28289 16537
-28272 16565
-28272 16565
-28272 16565
-28272 16565
-28272 16565
-28272 16565
-28272 16565
-28272 16565
-28272 16565
-28272 16565
-28272 16565
-28256 16592
-28256 16592
-28256 16592
-28256 16592
-28256 16592
-28256 16592
-28256 16592
-28256 16592
-28256 16592
-28256 16592
-28240 16620
-28240 16620
-28240 16620
-28240 16620
-28240 16620
-28240 16620
-28240 16620
-28240 16620
-28240 16620
-28240 16620
-28224 16647
-28224 16647
-28224 16647
-28224 16647
-28224 16647
-28224 16647
-28224 16647
-28224 16647
-28224 16647
-28224 16647
-28207 16675
-28207 16675
-28207 16675
-28207 16675
-28207 16675
-28207 16675
-28207 16675
-28207 16675
-28207 16675
-28207 16675
-28191 16702
-28191 16702
-28191 16702
-28191 16702
-28191 16702
-28191 16702
-28191 16702
-28191 16702
-28191 16702
-28191 16702
-28174 16730
-28174 16730
-28174 16730
-28174 16730
-28174 16730
-28174 16730
-28174 16730
-28174 16730
-28174 16730
-28174 16730
-28158 16756
-28158 16756
-28158 16756
-28158 16756
-28158 16756
-28158 16756
-28158 16756
-28158 16756
-28158 16756
-28158 16756
-28142 16784
-28142 16784
-28142 16784
-28142 16784
-28142 16784
-28142 16784
-28142 16784
-28142 16784
-28142 16784
-28142 16784
-28142 16784
-28125 16811
-28125 16811
-28125 16811
-28125 16811
-28125 16811
-28125 16811
-28125 16811
-28125 16811
-28125 16811
-28125 16811
-28109 16839
-28109 16839
-28109 16839
-28109 16839
-28109 16839
-28109 16839
-28109 16839
-28109 16839
-28109 16839
-28109 16839
-28093 16866
-28093 16866
-28101 16852
-28101 16852
-28101 16852
-28085 16878
-28085 16878
-28085 16878
-28085 16878
-28085 16878
-28085 16878
-28085 16878
-28085 16878
-28085 16878
-28085 16878
-28069 16906
-28069 16906
-28069 16906
-28069 16906
-28069 16906
-28069 16906
-28069 16906
-28069 16906
-28069 16906
-28069 16906
-28052 16933
-28052 16933
-28052 16933
-28052 16933
-28052 16933
-28052 16933
-28052 16933
-28052 16933
-28052 16933
-28052 16933
-28036 16961
-28036 16961
-28036 16961
-28036 16961
-28036 16961
-28036 16961
-28036 16961
-28036 16961
-28036 16961
-28036 16961
-28036 16961
-28019 16988
-28019 16988
-28019 16988
-28019 16988
-28019 16988
-28019 16988
-28019 16988
-28019 16988
-28019 16988
-28019 16988
-28003 17015
-28003 17015
-28003 17015
-28003 17015
-28003 17015
-28003 17015
-28003 17015
-28003 17015
-28003 17015
-28003 17015
-27987 17042
-27987 17042
-27987 17042
-27987 17042
-27987 17042
-27987 17042
-27987 17042
-27987 17042
-27987 17042
-27987 17042
-27970 17070
-27970 17070
-27970 17070
-27970 17070
-27970 17070
-27970 17070
-27970 17070
-27970 17070
-27970 17070
-27970 17070
-27954 17098
-27954 17098
-27954 17098
-27954 17098
-27954 17098
-27954 17098
-27954 17098
-27954 17098
-27954 17098
-27954 17098
-27936 17125
-27936 17125
-27936 17125
-27936 17125
-27936 17125
-27936 17125
-27936 17125
-27936 17125
-27936 17125
-27936 17125
-27920 17151
-27920 17151
-27920 17151
-27920 17151
-27920 17151
-27920 17151
-27920 17151
-27920 17151
-27920 17151
-27920 17151
-27903 17180
-27903 17180
-27903 17180
-27903 17180
-27903 17180
-27903 17180
-27903 17180
-27903 17180
-27903 17180
-27903 17180
-27903 17180
-27887 17206
-27887 17206
-27887 17206
-27894 17196
-27894 17196
-27894 17196
-27894 17196
-27878 17224
-27878 17224
-27878 17224
-27878 17224
-27878 17224
-27878 17224
-27878 17224
-27878 17224
-27878 17224
-27878 17224
-27860 17251
-27860 17251
-27860 17251
-27860 17251
-27860 17251
-27860 17251
-27860 17251
-27860 17251
-27860 17251
-27860 17251
-27860 17251
-27843 17278
-27843 17278
-27843 17278
-27843 17278
-27843 17278
-27843 17278
-27843 17278
-27843 17278
-27843 17278
-27843 17278
-27827 17306
-27827 17306
-27827 17306
-27827 17306
-27827 17306
-27827 17306
-27827 17306
-27827 17306
-27827 17306
-27827 17306
-27810 17332
-27810 17332
-27810 17332
-27810 17332
-27810 17332
-27810 17332
-27810 17332
-27810 17332
-27810 17332
-27810 17332
-27793 17360
-27793 17360
-27793 17360
-27793 17360
-27793 17360
-27793 17360
-27793 17360
-27793 17360
-27793 17360
-27793 17360
-27776 17387
-27776 17387
-27776 17387
-27776 17387
-27776 17387
-27776 17387
-27776 17387
-27776 17387
-27776 17387
-27776 17387
-27758 17414
-27758 17414
-27758 17414
-27758 17414
-27758 17414
-27758 17414
-27758 17414
-27758 17414
-27758 17414
-27758 17414
-27742 17440
-27742 17440
-27742 17440
-27742 17440
-27742 17440
-27742 17440
-27742 17440
-27742 17440
-27742 17440
-27742 17440
-27725 17467
-27725 17467
-27725 17467
-27725 17467
-27725 17467
-27725 17467
-27725 17467
-27725 17467
-27725 17467
-27725 17467
-27725 17467
-27708 17494
-27708 17494
-27708 17494
-27708 17494
-27708 17494
-27708 17494
-27708 17494
-27708 17494
-27708 17494
-27708 17494
-27690 17521
-27690 17521
-27690 17521
-27690 17521
-27690 17521
-27690 17521
-27690 17521
-27690 17521
-27690 17521
-27690 17521
-27673 17548
-27673 17548
-27682 17534
-27682 17534
-27682 17534
-27666 17560
-27666 17560
-27666 17560
-27666 17560
-27666 17560
-27666 17560
-27666 17560
-27666 17560
-27666 17560
-27666 17560
-27649 17587
-27649 17587
-27649 17587
-27649 17587
-27649 17587
-27649 17587
-27649 17587
-27649 17587
-27649 17587
-27649 17587
-27632 17614
-27632 17614
-27632 17614
-27632 17614
-27632 17614
-27632 17614
-27632 17614
-27632 17614
-27632 17614
-27632 17614
-27614 17641
-27614 17641
-27614 17641
-27614 17641
-27614 17641
-27614 17641
-27614 17641
-27614 17641
-27614 17641
-27614 17641
-27614 17641
-27597 17668
-27597 17668
-27597 17668
-27597 17668
-27597 17668
-27597 17668
-27597 17668
-27597 17668
-27597 17668
-27597 17668
-27580 17695
-27580 17695
-27580 17695
-27580 17695
-27580 17695
-27580 17695
-27580 17695
-27580 17695
-27580 17695
-27580 17695
-27564 17721
-27564 17721
-27564 17721
-27564 17721
-27564 17721
-27564 17721
-27564 17721
-27564 17721
-27564 17721
-27564 17721
-27546 17749
-27546 17749
-27546 17749
-27546 17749
-27546 17749
-27546 17749
-27546 17749
-27546 17749
-27546 17749
-27546 17749
-27529 17776
-27529 17776
-27529 17776
-27529 17776
-27529 17776
-27529 17776
-27529 17776
-27529 17776
-27529 17776
-27529 17776
-27511 17803
-27511 17803
-27511 17803
-27511 17803
-27511 17803
-27511 17803
-27511 17803
-27511 17803
-27511 17803
-27511 17803
-27494 17829
-27494 17829
-27494 17829
-27494 17829
-27494 17829
-27494 17829
-27494 17829
-27494 17829
-27494 17829
-27494 17829
-27477 17857
-27477 17857
-27477 17857
-27477 17857
-27477 17857
-27477 17857
-27477 17857
-27477 17857
-27477 17857
-27477 17857
-27477 17857
-27460 17883
-27460 17883
-27460 17883
-27467 17869
-27467 17869
-27467 17869
-27467 17869
-27450 17896
-27450 17896
-27450 17896
-27450 17896
-27450 17896
-27450 17896
-27450 17896
-27450 17896
-27450 17896
-27450 17896
-27432 17923
-27432 17923
-27432 17923
-27432 17923
-27432 17923
-27432 17923
-27432 17923
-27432 17923
-27432 17923
-27432 17923
-27432 17923
-27415 17949
-27415 17949
-27415 17949
-27415 17949
-27415 17949
-27415 17949
-27415 17949
-27415 17949
-27415 17949
-27415 17949
-27398 17976
-27398 17976
-27398 17976
-27398 17976
-27398 17976
-27398 17976
-27398 17976
-27398 17976
-27398 17976
-27398 17976
-27380 18002
-27380 18002
-27380 18002
-27380 18002
-27380 18002
-27380 18002
-27380 18002
-27380 18002
-27380 18002
-27380 18002
-27362 18030
-27362 18030
-27362 18030
-27362 18030
-27362 18030
-27362 18030
-27362 18030
-27362 18030
-27362 18030
-27362 18030
-27344 18056
-27344 18056
-27344 18056
-27344 18056
-27344 18056
-27344 18056
-27344 18056
-27344 18056
-27344 18056
-27344 18056
-27327 18083
-27327 18083
-27327 18083
-27327 18083
-27327 18083
-27327 18083
-27327 18083
-27327 18083
-27327 18083
-27327 18083
-27309 18109
-27309 18109
-27309 18109
-27309 18109
-27309 18109
-27309 18109
-27309 18109
-27309 18109
-27309 18109
-27309 18109
-27292 18135
-27292 18135
-27292 18135
-27292 18135
-27292 18135
-27292 18135
-27292 18135
-27292 18135
-27292 18135
-27292 18135
-27292 18135
-27274 18162
-27274 18162
-27274 18162
-27274 18162
-27274 18162
-27274 18162
-27274 18162
-27274 18162
-27274 18162
-27274 18162
-27256 18188
-27256 18188
-27256 18188
-27256 18188
-27256 18188
-27256 18188
-27256 18188
-27256 18188
-27256 18188
-27256 18188
-27238 18215
-27238 18215
-27248 18201
-27248 18201
-27248 18201
-27230 18227
-27230 18227
-27230 18227
-27230 18227
-27230 18227
-27230 18227
-27230 18227
-27230 18227
-27230 18227
-27230 18227
-27213 18253
-27213 18253
-27213 18253
-27213 18253
-27213 18253
-27213 18253
-27213 18253
-27213 18253
-27213 18253
-27213 18253
-27195 18280
-27195 18280
-27195 18280
-27195 18280
-27195 18280
-27195 18280
-27195 18280
-27195 18280
-27195 18280
-27195 18280
-27177 18306
-27177 18306
-27177 18306
-27177 18306
-27177 18306
-27177 18306
-27177 18306
-27177 18306
-27177 18306
-27177 18306
-27177 18306
-27159 18333
-27159 18333
-27159 18333
-27159 18333
-27159 18333
-27159 18333
-27159 18333
-27159 18333
-27159 18333
-27159 18333
-27141 18360
-27141 18360
-27141 18360
-27141 18360
-27141 18360
-27141 18360
-27141 18360
-27141 18360
-27141 18360
-27141 18360
-27124 18385
-27124 18385
-27124 18385
-27124 18385
-27124 18385
-27124 18385
-27124 18385
-27124 18385
-27124 18385
-27124 18385
-27106 18413
-27106 18413
-27106 18413
-27106 18413
-27106 18413
-27106 18413
-27106 18413
-27106 18413
-27106 18413
-27106 18413
-27088 18439
-27088 18439
-27088 18439
-27088 18439
-27088 18439
-27088 18439
-27088 18439
-27088 18439
-27088 18439
-27088 18439
-27070 18465
-27070 18465
-27070 18465
-27070 18465
-27070 18465
-27070 18465
-27070 18465
-27070 18465
-27070 18465
-27070 18465
-27052 18491
-27052 18491
-27052 18491
-27052 18491
-27052 18491
-27052 18491
-27052 18491
-27052 18491
-27052 18491
-27052 18491
-27034 18519
-27034 18519
-27034 18519
-27034 18519
-27034 18519
-27034 18519
-27034 18519
-27034 18519
-27034 18519
-27034 18519
-27034 18519
-27017 18544
-27017 18544
-27017 18544
-27022 18532
-27022 18532
-27022 18532
-27022 18532
-27005 18559
-27005 18559
-27005 18559
-27005 18559
-27005 18559
-27005 18559
-27005 18559
-27005 18559
-27005 18559
-27005 18559
-26986 18585
-26986 18585
-26986 18585
-26986 18585
-26986 18585
-26986 18585
-26986 18585
-26986 18585
-26986 18585
-26986 18585
-26986 18585
-26968 18611
-26968 18611
-26968 18611
-26968 18611
-26968 18611
-26968 18611
-26968 18611
-26968 18611
-26968 18611
-26968 18611
-26950 18638
-26950 18638
-26950 18638
-26950 18638
-26950 18638
-26950 18638
-26950 18638
-26950 18638
-26950 18638
-26950 18638
-26932 18663
-26932 18663
-26932 18663
-26932 18663
-26932 18663
-26932 18663
-26932 18663
-26932 18663
-26932 18663
-26932 18663
-26913 18690
-26913 18690
-26913 18690
-26913 18690
-26913 18690
-26913 18690
-26913 18690
-26913 18690
-26913 18690
-26913 18690
-26895 18717
-26895 18717
-26895 18717
-26895 18717
-26895 18717
-26895 18717
-26895 18717
-26895 18717
-26895 18717
-26895 18717
-26877 18743
-26877 18743
-26877 18743
-26877 18743
-26877 18743
-26877 18743
-26877 18743
-26877 18743
-26877 18743
-26877 18743
-26859 18768
-26859 18768
-26859 18768
-26859 18768
-26859 18768
-26859 18768
-26859 18768
-26859 18768
-26859 18768
-26859 18768
-26840 18794
-26840 18794
-26840 18794
-26840 18794
-26840 18794
-26840 18794
-26840 18794
-26840 18794
-26840 18794
-26840 18794
-26840 18794
-26822 18820
-26822 18820
-26822 18820
-26822 18820
-26822 18820
-26822 18820
-26822 18820
-26822 18820
-26822 18820
-26822 18820
-26803 18847
-26803 18847
-26803 18847
-26803 18847
-26803 18847
-26803 18847
-26803 18847
-26803 18847
-26803 18847
-26803 18847
-26785 18873
-26785 18873
-26795 18859
-26795 18859
-26795 18859
-26777 18884
-26777 18884
-26777 18884
-26777 18884
-26777 18884
-26777 18884
-26777 18884
-26777 18884
-26777 18884
-26777 18884
-26759 18910
-26759 18910
-26759 18910
-26759 18910
-26759 18910
-26759 18910
-26759 18910
-26759 18910
-26759 18910
-26759 18910
-26740 18937
-26740 18937
-26740 18937
-26740 18937
-26740 18937
-26740 18937
-26740 18937
-26740 18937
-26740 18937
-26740 18937
-26722 18963
-26722 18963
-26722 18963
-26722 18963
-26722 18963
-26722 18963
-26722 18963
-26722 18963
-26722 18963
-26722 18963
-26722 18963
-26703 18989
-26703 18989
-26703 18989
-26703 18989
-26703 18989
-26703 18989
-26703 18989
-26703 18989
-26703 18989
-26703 18989
-26685 19015
-26685 19015
-26685 19015
-26685 19015
-26685 19015
-26685 19015
-26685 19015
-26685 19015
-26685 19015
-26685 19015
-26667 19040
-26667 19040
-26667 19040
-26667 19040
-26667 19040
-26667 19040
-26667 19040
-26667 19040
-26667 19040
-26667 19040
-26648 19067
-26648 19067
-26648 19067
-26648 19067
-26648 19067
-26648 19067
-26648 19067
-26648 19067
-26648 19067
-26648 19067
-26630 19094
-26630 19094
-26630 19094
-26630 19094
-26630 19094
-26630 19094
-26630 19094
-26630 19094
-26630 19094
-26630 19094
-26610 19119
-26610 19119
-26610 19119
-26610 19119
-26610 19119
-26610 19119
-26610 19119
-26610 19119
-26610 19119
-26610 19119
-26592 19144
-26592 19144
-26592 19144
-26592 19144
-26592 19144
-26592 19144
-26592 19144
-26592 19144
-26592 19144
-26592 19144
-26573 19171
-26573 19171
-26573 19171
-26573 19171
-26573 19171
-26573 19171
-26573 19171
-26573 19171
-26573 19171
-26573 19171
-26573 19171
-26556 19197
-26556 19197
-26556 19197
-26562 19187
-26562 19187
-26562 19187
-26562 19187
-26544 19213
-26544 19213
-26544 19213
-26544 19213
-26544 19213
-26544 19213
-26544 19213
-26544 19213
-26544 19213
-26544 19213
-26525 19239
-26525 19239
-26525 19239
-26525 19239
-26525 19239
-26525 19239
-26525 19239
-26525 19239
-26525 19239
-26525 19239
-26525 19239
-26506 19265
-26506 19265
-26506 19265
-26506 19265
-26506 19265
-26506 19265
-26506 19265
-26506 19265
-26506 19265
-26506 19265
-26488 19291
-26488 19291
-26488 19291
-26488 19291
-26488 19291
-26488 19291
-26488 19291
-26488 19291
-26488 19291
-26488 19291
-26469 19316
-26469 19316
-26469 19316
-26469 19316
-26469 19316
-26469 19316
-26469 19316
-26469 19316
-26469 19316
-26469 19316
-26450 19342
-26450 19342
-26450 19342
-26450 19342
-26450 19342
-26450 19342
-26450 19342
-26450 19342
-26450 19342
-26450 19342
-26431 19368
-26431 19368
-26431 19368
-26431 19368
-26431 19368
-26431 19368
-26431 19368
-26431 19368
-26431 19368
-26431 19368
-26412 19394
-26412 19394
-26412 19394
-26412 19394
-26412 19394
-26412 19394
-26412 19394
-26412 19394
-26412 19394
-26412 19394
-26393 19419
-26393 19419
-26393 19419
-26393 19419
-26393 19419
-26393 19419
-26393 19419
-26393 19419
-26393 19419
-26393 19419
-26374 19445
-26374 19445
-26374 19445
-26374 19445
-26374 19445
-26374 19445
-26374 19445
-26374 19445
-26374 19445
-26374 19445
-26374 19445
-26355 19470
-26355 19470
-26355 19470
-26355 19470
-26355 19470
-26355 19470
-26355 19470
-26355 19470
-26355 19470
-26355 19470
-26336 19496
-26336 19496
-26336 19496
-26336 19496
-26336 19496
-26336 19496
-26336 19496
-26336 19496
-26336 19496
-26336 19496
-26317 19522
-26317 19522
-26327 19508
-26327 19508
-26327 19508
-26308 19533
-26308 19533
-26308 19533
-26308 19533
-26308 19533
-26308 19533
-26308 19533
-26308 19533
-26308 19533
-26308 19533
-26289 19559
-26289 19559
-26289 19559
-26289 19559
-26289 19559
-26289 19559
-26289 19559
-26289 19559
-26289 19559
-26289 19559
-26270 19584
-26270 19584
-26270 19584
-26270 19584
-26270 19584
-26270 19584
-26270 19584
-26270 19584
-26270 19584
-26270 19584
-26251 19610
-26251 19610
-26251 19610
-26251 19610
-26251 19610
-26251 19610
-26251 19610
-26251 19610
-26251 19610
-26251 19610
-26251 19610
-26232 19636
-26232 19636
-26232 19636
-26232 19636
-26232 19636
-26232 19636
-26232 19636
-26232 19636
-26232 19636
-26232 19636
-26213 19661
-26213 19661
-26213 19661
-26213 19661
-26213 19661
-26213 19661
-26213 19661
-26213 19661
-26213 19661
-26213 19661
-26195 19686
-26195 19686
-26195 19686
-26195 19686
-26195 19686
-26195 19686
-26195 19686
-26195 19686
-26195 19686
-26195 19686
-26175 19713
-26175 19713
-26175 19713
-26175 19713
-26175 19713
-26175 19713
-26175 19713
-26175 19713
-26175 19713
-26175 19713
-26156 19739
-26156 19739
-26156 19739
-26156 19739
-26156 19739
-26156 19739
-26156 19739
-26156 19739
-26156 19739
-26156 19739
-26136 19764
-26136 19764
-26136 19764
-26136 19764
-26136 19764
-26136 19764
-26136 19764
-26136 19764
-26136 19764
-26136 19764
-26118 19789
-26118 19789
-26118 19789
-26118 19789
-26118 19789
-26118 19789
-26118 19789
-26118 19789
-26118 19789
-26118 19789
-26098 19815
-26098 19815
-26098 19815
-26098 19815
-26098 19815
-26098 19815
-26098 19815
-26098 19815
-26098 19815
-26098 19815
-26098 19815
-26080 19840
-26080 19840
-26080 19840
-26086 19829
-26086 19829
-26086 19829
-26086 19829
-26067 19855
-26067 19855
-26067 19855
-26067 19855
-26067 19855
-26067 19855
-26067 19855
-26067 19855
-26067 19855
-26067 19855
-26048 19880
-26048 19880
-26048 19880
-26048 19880
-26048 19880
-26048 19880
-26048 19880
-26048 19880
-26048 19880
-26048 19880
-26048 19880
-26028 19905
-26028 19905
-26028 19905
-26028 19905
-26028 19905
-26028 19905
-26028 19905
-26028 19905
-26028 19905
-26028 19905
-26009 19931
-26009 19931
-26009 19931
-26009 19931
-26009 19931
-26009 19931
-26009 19931
-26009 19931
-26009 19931
-26009 19931
-25990 19956
-25990 19956
-25990 19956
-25990 19956
-25990 19956
-25990 19956
-25990 19956
-25990 19956
-25990 19956
-25990 19956
-25970 19982
-25970 19982
-25970 19982
-25970 19982
-25970 19982
-25970 19982
-25970 19982
-25970 19982
-25970 19982
-25970 19982
-25950 20007
-25950 20007
-25950 20007
-25950 20007
-25950 20007
-25950 20007
-25950 20007
-25950 20007
-25950 20007
-25950 20007
-25930 20032
-25930 20032
-25930 20032
-25930 20032
-25930 20032
-25930 20032
-25930 20032
-25930 20032
-25930 20032
-25930 20032
-25911 20057
-25911 20057
-25911 20057
-25911 20057
-25911 20057
-25911 20057
-25911 20057
-25911 20057
-25911 20057
-25911 20057
-25892 20082
-25892 20082
-25892 20082
-25892 20082
-25892 20082
-25892 20082
-25892 20082
-25892 20082
-25892 20082
-25892 20082
-25892 20082
-25872 20107
-25872 20107
-25872 20107
-25872 20107
-25872 20107
-25872 20107
-25872 20107
-25872 20107
-25872 20107
-25872 20107
-25852 20132
-25852 20132
-25852 20132
-25852 20132
-25852 20132
-25852 20132
-25852 20132
-25852 20132
-25852 20132
-25852 20132
-25833 20157
-25833 20157
-25843 20144
-25843 20144
-25843 20144
-25824 20169
-25824 20169
-25824 20169
-25824 20169
-25824 20169
-25824 20169
-25824 20169
-25824 20169
-25824 20169
-25824 20169
-25804 20194
-25804 20194
-25804 20194
-25804 20194
-25804 20194
-25804 20194
-25804 20194
-25804 20194
-25804 20194
-25804 20194
-25785 20219
-25785 20219
-25785 20219
-25785 20219
-25785 20219
-25785 20219
-25785 20219
-25785 20219
-25785 20219
-25785 20219
-25765 20244
-25765 20244
-25765 20244
-25765 20244
-25765 20244
-25765 20244
-25765 20244
-25765 20244
-25765 20244
-25765 20244
-25765 20244
-25745 20269
-25745 20269
-25745 20269
-25745 20269
-25745 20269
-25745 20269
-25745 20269
-25745 20269
-25745 20269
-25745 20269
-25726 20295
-25726 20295
-25726 20295
-25726 20295
-25726 20295
-25726 20295
-25726 20295
-25726 20295
-25726 20295
-25726 20295
-25707 20319
-25707 20319
-25707 20319
-25707 20319
-25707 20319
-25707 20319
-25707 20319
-25707 20319
-25707 20319
-25707 20319
-25686 20345
-25686 20345
-25686 20345
-25686 20345
-25686 20345
-25686 20345
-25686 20345
-25686 20345
-25686 20345
-25686 20345
-25667 20370
-25667 20370
-25667 20370
-25667 20370
-25667 20370
-25667 20370
-25667 20370
-25667 20370
-25667 20370
-25667 20370
-25646 20395
-25646 20395
-25646 20395
-25646 20395
-25646 20395
-25646 20395
-25646 20395
-25646 20395
-25646 20395
-25646 20395
-25627 20419
-25627 20419
-25627 20419
-25627 20419
-25627 20419
-25627 20419
-25627 20419
-25627 20419
-25627 20419
-25627 20419
-25607 20445
-25607 20445
-25607 20445
-25607 20445
-25607 20445
-25607 20445
-25607 20445
-25607 20445
-25607 20445
-25607 20445
-25607 20445
-25588 20470
-25588 20470
-25588 20470
-25574 20485
-25574 20485
-25574 20485
-25574 20485
-25555 20511
-25555 20511
-25555 20511
-25555 20511
-25555 20511
-25555 20511
-25555 20511
-25555 20511
-25555 20511
-25555 20511
-25535 20535
-25535 20535
-25535 20535
-25535 20535
-25535 20535
-25535 20535
-25535 20535
-25535 20535
-25535 20535
-25535 20535
-25535 20535
-25514 20560
-25514 20560
-25514 20560
-25514 20560
-25514 20560
-25514 20560
-25514 20560
-25514 20560
-25514 20560
-25514 20560
-25495 20586
-25495 20586
-25495 20586
-25495 20586
-25495 20586
-25495 20586
-25495 20586
-25495 20586
-25495 20586
-25495 20586
-25475 20610
-25475 20610
-25475 20610
-25475 20610
-25475 20610
-25475 20610
-25475 20610
-25475 20610
-25475 20610
-25475 20610
-25454 20635
-25454 20635
-25454 20635
-25454 20635
-25454 20635
-25454 20635
-25454 20635
-25454 20635
-25454 20635
-25454 20635
-25434 20660
-25434 20660
-25434 20660
-25434 20660
-25434 20660
-25434 20660
-25434 20660
-25434 20660
-25434 20660
-25434 20660
-25413 20684
-25413 20684
-25413 20684
-25413 20684
-25413 20684
-25413 20684
-25413 20684
-25413 20684
-25413 20684
-25413 20684
-25394 20708
-25394 20708
-25394 20708
-25394 20708
-25394 20708
-25394 20708
-25394 20708
-25394 20708
-25394 20708
-25394 20708
-25373 20733
-25373 20733
-25373 20733
-25373 20733
-25373 20733
-25373 20733
-25373 20733
-25373 20733
-25373 20733
-25373 20733
-25373 20733
-25353 20758
-25353 20758
-25353 20758
-25353 20758
-25353 20758
-25353 20758
-25353 20758
-25353 20758
-25353 20758
-25353 20758
-25333 20783
-25333 20783
-25333 20783
-25333 20783
-25333 20783
-25333 20783
-25333 20783
-25333 20783
-25333 20783
-25333 20783
-25313 20807
-25313 20807
-25323 20794
-25323 20794
-25323 20794
-25304 20818
-25304 20818
-25304 20818
-25304 20818
-25304 20818
-25304 20818
-25304 20818
-25304 20818
-25304 20818
-25304 20818
-25283 20843
-25283 20843
-25283 20843
-25283 20843
-25283 20843
-25283 20843
-25283 20843
-25283 20843
-25283 20843
-25283 20843
-25263 20868
-25263 20868
-25263 20868
-25263 20868
-25263 20868
-25263 20868
-25263 20868
-25263 20868
-25263 20868
-25263 20868
-25243 20892
-25243 20892
-25243 20892
-25243 20892
-25243 20892
-25243 20892
-25243 20892
-25243 20892
-25243 20892
-25243 20892
-25243 20892
-25222 20917
-25222 20917
-25222 20917
-25222 20917
-25222 20917
-25222 20917
-25222 20917
-25222 20917
-25222 20917
-25222 20917
-25202 20942
-25202 20942
-25202 20942
-25202 20942
-25202 20942
-25202 20942
-25202 20942
-25202 20942
-25202 20942
-25202 20942
-25182 20966
-25182 20966
-25182 20966
-25182 20966
-25182 20966
-25182 20966
-25182 20966
-25182 20966
-25182 20966
-25182 20966
-25161 20991
-25161 20991
-25161 20991
-25161 20991
-25161 20991
-25161 20991
-25161 20991
-25161 20991
-25161 20991
-25161 20991
-25141 21016
-25141 21016
-25141 21016
-25141 21016
-25141 21016
-25141 21016
-25141 21016
-25141 21016
-25141 21016
-25141 21016
-25120 21040
-25120 21040
-25120 21040
-25120 21040
-25120 21040
-25120 21040
-25120 21040
-25120 21040
-25120 21040
-25120 21040
-25100 21064
-25100 21064
-25100 21064
-25100 21064
-25100 21064
-25100 21064
-25100 21064
-25100 21064
-25100 21064
-25100 21064
-25079 21089
-25079 21089
-25079 21089
-25079 21089
-25079 21089
-25079 21089
-25079 21089
-25079 21089
-25079 21089
-25079 21089
-25079 21089
-25060 21113
-25060 21113
-25060 21113
-25070 21101
-25070 21101
-25070 21101
-25070 21101
-25050 21126
-25050 21126
-25050 21126
-25050 21126
-25050 21126
-25050 21126
-25050 21126
-25050 21126
-25050 21126
-25050 21126
-25029 21150
-25029 21150
-25029 21150
-25029 21150
-25029 21150
-25029 21150
-25029 21150
-25029 21150
-25029 21150
-25029 21150
-25029 21150
-25008 21174
-25008 21174
-25008 21174
-25008 21174
-25008 21174
-25008 21174
-25008 21174
-25008 21174
-25008 21174
-25008 21174
-24988 21199
-24988 21199
-24988 21199
-24988 21199
-24988 21199
-24988 21199
-24988 21199
-24988 21199
-24988 21199
-24988 21199
-24968 21222
-24968 21222
-24968 21222
-24968 21222
-24968 21222
-24968 21222
-24968 21222
-24968 21222
-24968 21222
-24968 21222
-24946 21247
-24946 21247
-24946 21247
-24946 21247
-24946 21247
-24946 21247
-24946 21247
-24946 21247
-24946 21247
-24946 21247
-24925 21272
-24925 21272
-24925 21272
-24925 21272
-24925 21272
-24925 21272
-24925 21272
-24925 21272
-24925 21272
-24925 21272
-24904 21296
-24904 21296
-24904 21296
-24904 21296
-24904 21296
-24904 21296
-24904 21296
-24904 21296
-24904 21296
-24904 21296
-24884 21319
-24884 21319
-24884 21319
-24884 21319
-24884 21319
-24884 21319
-24884 21319
-24884 21319
-24884 21319
-24884 21319
-24863 21343
-24863 21343
-24863 21343
-24863 21343
-24863 21343
-24863 21343
-24863 21343
-24863 21343
-24863 21343
-24863 21343
-24863 21343
-24842 21368
-24842 21368
-24842 21368
-24842 21368
-24842 21368
-24842 21368
-24842 21368
-24842 21368
-24842 21368
-24842 21368
-24821 21392
-24821 21392
-24821 21392
-24821 21392
-24821 21392
-24821 21392
-24821 21392
-24821 21392
-24821 21392
-24821 21392
-24800 21416
-24800 21416
-24811 21403
-24811 21403
-24811 21403
-24791 21427
-24791 21427
-24791 21427
-24791 21427
-24791 21427
-24791 21427
-24791 21427
-24791 21427
-24791 21427
-24791 21427
-24770 21451
-24770 21451
-24770 21451
-24770 21451
-24770 21451
-24770 21451
-24770 21451
-24770 21451
-24770 21451
-24770 21451
-24749 21475
-24749 21475
-24749 21475
-24749 21475
-24749 21475
-24749 21475
-24749 21475
-24749 21475
-24749 21475
-24749 21475
-24728 21499
-24728 21499
-24728 21499
-24728 21499
-24728 21499
-24728 21499
-24728 21499
-24728 21499
-24728 21499
-24728 21499
-24728 21499
-24708 21524
-24708 21524
-24708 21524
-24708 21524
-24708 21524
-24708 21524
-24708 21524
-24708 21524
-24708 21524
-24708 21524
-24687 21548
-24687 21548
-24687 21548
-24687 21548
-24687 21548
-24687 21548
-24687 21548
-24687 21548
-24687 21548
-24687 21548
-24666 21571
-24666 21571
-24666 21571
-24666 21571
-24666 21571
-24666 21571
-24666 21571
-24666 21571
-24666 21571
-24666 21571
-24645 21596
-24645 21596
-24645 21596
-24645 21596
-24645 21596
-24645 21596
-24645 21596
-24645 21596
-24645 21596
-24645 21596
-24624 21621
-24624 21621
-24624 21621
-24624 21621
-24624 21621
-24624 21621
-24624 21621
-24624 21621
-24624 21621
-24624 21621
-24602 21644
-24602 21644
-24602 21644
-24602 21644
-24602 21644
-24602 21644
-24602 21644
-24602 21644
-24602 21644
-24602 21644
-24582 21668
-24582 21668
-24582 21668
-24582 21668
-24582 21668
-24582 21668
-24582 21668
-24582 21668
-24582 21668
-24582 21668
-24560 21693
-24560 21693
-24560 21693
-24560 21693
-24560 21693
-24560 21693
-24560 21693
-24560 21693
-24560 21693
-24560 21693
-24560 21693
-24540 21716
-24540 21716
-24540 21716
-24548 21706
-24548 21706
-24548 21706
-24548 21706
-24528 21731
-24528 21731
-24528 21731
-24528 21731
-24528 21731
-24528 21731
-24528 21731
-24528 21731
-24528 21731
-24528 21731
-24506 21754
-24506 21754
-24506 21754
-24506 21754
-24506 21754
-24506 21754
-24506 21754
-24506 21754
-24506 21754
-24506 21754
-24506 21754
-24485 21778
-24485 21778
-24485 21778
-24485 21778
-24485 21778
-24485 21778
-24485 21778
-24485 21778
-24485 21778
-24485 21778
-24464 21802
-24464 21802
-24464 21802
-24464 21802
-24464 21802
-24464 21802
-24464 21802
-24464 21802
-24464 21802
-24464 21802
-24443 21825
-24443 21825
-24443 21825
-24443 21825
-24443 21825
-24443 21825
-24443 21825
-24443 21825
-24443 21825
-24443 21825
-24421 21850
-24421 21850
-24421 21850
-24421 21850
-24421 21850
-24421 21850
-24421 21850
-24421 21850
-24421 21850
-24421 21850
-24400 21873
-24400 21873
-24400 21873
-24400 21873
-24400 21873
-24400 21873
-24400 21873
-24400 21873
-24400 21873
-24400 21873
-24378 21897
-24378 21897
-24378 21897
-24378 21897
-24378 21897
-24378 21897
-24378 21897
-24378 21897
-24378 21897
-24378 21897
-24357 21920
-24357 21920
-24357 21920
-24357 21920
-24357 21920
-24357 21920
-24357 21920
-24357 21920
-24357 21920
-24357 21920
-24336 21944
-24336 21944
-24336 21944
-24336 21944
-24336 21944
-24336 21944
-24336 21944
-24336 21944
-24336 21944
-24336 21944
-24336 21944
-24314 21968
-24314 21968
-24314 21968
-24314 21968
-24314 21968
-24314 21968
-24314 21968
-24314 21968
-24314 21968
-24314 21968
-24293 21991
-24293 21991
-24293 21991
-24293 21991
-24293 21991
-24293 21991
-24293 21991
-24293 21991
-24293 21991
-24293 21991
-24271 22015
-24271 22015
-24283 22002
-24283 22002
-24283 22002
-24262 22025
-24262 22025
-24262 22025
-24262 22025
-24262 22025
-24262 22025
-24262 22025
-24262 22025
-24262 22025
-24262 22025
-24240 22049
-24240 22049
-24240 22049
-24240 22049
-24240 22049
-24240 22049
-24240 22049
-24240 22049
-24240 22049
-24240 22049
-24219 22073
-24219 22073
-24219 22073
-24219 22073
-24219 22073
-24219 22073
-24219 22073
-24219 22073
-24219 22073
-24219 22073
-24197 22096
-24197 22096
-24197 22096
-24197 22096
-24197 22096
-24197 22096
-24197 22096
-24197 22096
-24197 22096
-24197 22096
-24197 22096
-24176 22120
-24176 22120
-24176 22120
-24176 22120
-24176 22120
-24176 22120
-24176 22120
-24176 22120
-24176 22120
-24176 22120
-24154 22144
-24154 22144
-24154 22144
-24154 22144
-24154 22144
-24154 22144
-24154 22144
-24154 22144
-24154 22144
-24154 22144
-24134 22167
-24134 22167
-24134 22167
-24134 22167
-24134 22167
-24134 22167
-24134 22167
-24134 22167
-24134 22167
-24134 22167
-24111 22191
-24111 22191
-24111 22191
-24111 22191
-24111 22191
-24111 22191
-24111 22191
-24111 22191
-24111 22191
-24111 22191
-24090 22215
-24090 22215
-24090 22215
-24090 22215
-24090 22215
-24090 22215
-24090 22215
-24090 22215
-24090 22215
-24090 22215
-24068 22238
-24068 22238
-24068 22238
-24068 22238
-24068 22238
-24068 22238
-24068 22238
-24068 22238
-24068 22238
-24068 22238
-24047 22261
-24047 22261
-24047 22261
-24047 22261
-24047 22261
-24047 22261
-24047 22261
-24047 22261
-24047 22261
-24047 22261
-24025 22285
-24025 22285
-24025 22285
-24025 22285
-24025 22285
-24025 22285
-24025 22285
-24025 22285
-24025 22285
-24025 22285
-24025 22285
-24004 22308
-24004 22308
-24004 22308
-24012 22299
-24012 22299
-24012 22299
-24012 22299
-23990 22323
-23990 22323
-23990 22323
-23990 22323
-23990 22323
-23990 22323
-23990 22323
-23990 22323
-23990 22323
-23990 22323
-23968 22346
-23968 22346
-23968 22346
-23968 22346
-23968 22346
-23968 22346
-23968 22346
-23968 22346
-23968 22346
-23968 22346
-23968 22346
-23946 22369
-23946 22369
-23946 22369
-23946 22369
-23946 22369
-23946 22369
-23946 22369
-23946 22369
-23946 22369
-23946 22369
-23925 22393
-23925 22393
-23925 22393
-23925 22393
-23925 22393
-23925 22393
-23925 22393
-23925 22393
-23925 22393
-23925 22393
-23904 22415
-23904 22415
-23904 22415
-23904 22415
-23904 22415
-23904 22415
-23904 22415
-23904 22415
-23904 22415
-23904 22415
-23881 22439
-23881 22439
-23881 22439
-23881 22439
-23881 22439
-23881 22439
-23881 22439
-23881 22439
-23881 22439
-23881 22439
-23859 22462
-23859 22462
-23859 22462
-23859 22462
-23859 22462
-23859 22462
-23859 22462
-23859 22462
-23859 22462
-23859 22462
-23837 22486
-23837 22486
-23837 22486
-23837 22486
-23837 22486
-23837 22486
-23837 22486
-23837 22486
-23837 22486
-23837 22486
-23815 22508
-23815 22508
-23815 22508
-23815 22508
-23815 22508
-23815 22508
-23815 22508
-23815 22508
-23815 22508
-23815 22508
-23793 22531
-23793 22531
-23793 22531
-23793 22531
-23793 22531
-23793 22531
-23793 22531
-23793 22531
-23793 22531
-23793 22531
-23793 22531
-23771 22554
-23771 22554
-23771 22554
-23771 22554
-23771 22554
-23771 22554
-23771 22554
-23771 22554
-23771 22554
-23771 22554
-23749 22578
-23749 22578
-23749 22578
-23749 22578
-23749 22578
-23749 22578
-23749 22578
-23749 22578
-23749 22578
-23749 22578
-23727 22601
-23727 22601
-23739 22589
-23739 22589
-23739 22589
-23717 22611
-23717 22611
-23717 22611
-23717 22611
-23717 22611
-23717 22611
-23717 22611
-23717 22611
-23717 22611
-23717 22611
-23695 22634
-23695 22634
-23695 22634
-23695 22634
-23695 22634
-23695 22634
-23695 22634
-23695 22634
-23695 22634
-23695 22634
-23673 22657
-23673 22657
-23673 22657
-23673 22657
-23673 22657
-23673 22657
-23673 22657
-23673 22657
-23673 22657
-23673 22657
-23651 22681
-23651 22681
-23651 22681
-23651 22681
-23651 22681
-23651 22681
-23651 22681
-23651 22681
-23651 22681
-23651 22681
-23651 22681
-23629 22704
-23629 22704
-23629 22704
-23629 22704
-23629 22704
-23629 22704
-23629 22704
-23629 22704
-23629 22704
-23629 22704
-23607 22727
-23607 22727
-23607 22727
-23607 22727
-23607 22727
-23607 22727
-23607 22727
-23607 22727
-23607 22727
-23607 22727
-23586 22749
-23586 22749
-23586 22749
-23586 22749
-23586 22749
-23586 22749
-23586 22749
-23586 22749
-23586 22749
-23586 22749
-23563 22773
-23563 22773
-23563 22773
-23563 22773
-23563 22773
-23563 22773
-23563 22773
-23563 22773
-23563 22773
-23563 22773
-23541 22796
-23541 22796
-23541 22796
-23541 22796
-23541 22796
-23541 22796
-23541 22796
-23541 22796
-23541 22796
-23541 22796
-23518 22819
-23518 22819
-23518 22819
-23518 22819
-23518 22819
-23518 22819
-23518 22819
-23518 22819
-23518 22819
-23518 22819
-23497 22841
-23497 22841
-23497 22841
-23497 22841
-23497 22841
-23497 22841
-23497 22841
-23497 22841
-23497 22841
-23497 22841
-23474 22865
-23474 22865
-23474 22865
-23474 22865
-23474 22865
-23474 22865
-23474 22865
-23474 22865
-23474 22865
-23474 22865
-23474 22865
-23453 22888
-23453 22888
-23453 22888
-23451 22886
-23451 22886
-23451 22886
-23451 22886
-23429 22909
-23429 22909
-23429 22909
-23429 22909
-23429 22909
-23429 22909
-23429 22909
-23429 22909
-23429 22909
-23429 22909
-23406 22932
-23406 22932
-23406 22932
-23406 22932
-23406 22932
-23406 22932
-23406 22932
-23406 22932
-23406 22932
-23406 22932
-23406 22932
-23384 22954
-23384 22954
-23384 22954
-23384 22954
-23384 22954
-23384 22954
-23384 22954
-23384 22954
-23384 22954
-23384 22954
-23362 22978
-23362 22978
-23362 22978
-23362 22978
-23362 22978
-23362 22978
-23362 22978
-23362 22978
-23362 22978
-23362 22978
-23340 23000
-23340 23000
-23340 23000
-23340 23000
-23340 23000
-23340 23000
-23340 23000
-23340 23000
-23340 23000
-23340 23000
-23317 23023
-23317 23023
-23317 23023
-23317 23023
-23317 23023
-23317 23023
-23317 23023
-23317 23023
-23317 23023
-23317 23023
-23294 23046
-23294 23046
-23294 23046
-23294 23046
-23294 23046
-23294 23046
-23294 23046
-23294 23046
-23294 23046
-23294 23046
-23271 23068
-23271 23068
-23271 23068
-23271 23068
-23271 23068
-23271 23068
-23271 23068
-23271 23068
-23271 23068
-23271 23068
-23249 23090
-23249 23090
-23249 23090
-23249 23090
-23249 23090
-23249 23090
-23249 23090
-23249 23090
-23249 23090
-23249 23090
-23227 23113
-23227 23113
-23227 23113
-23227 23113
-23227 23113
-23227 23113
-23227 23113
-23227 23113
-23227 23113
-23227 23113
-23227 23113
-23204 23135
-23204 23135
-23204 23135
-23204 23135
-23204 23135
-23204 23135
-23204 23135
-23204 23135
-23204 23135
-23204 23135
-23182 23158
-23182 23158
-23182 23158
-23182 23158
-23182 23158
-23182 23158
-23182 23158
-23182 23158
-23182 23158
-23182 23158
-23159 23181
-23159 23181
-23171 23169
-23171 23169
-23171 23169
-23149 23191
-23149 23191
-23149 23191
-23149 23191
-23149 23191
-23149 23191
-23149 23191
-23149 23191
-23149 23191
-23149 23191
-23126 23213
-23126 23213
-23126 23213
-23126 23213
-23126 23213
-23126 23213
-23126 23213
-23126 23213
-23126 23213
-23126 23213
-23104 23236
-23104 23236
-23104 23236
-23104 23236
-23104 23236
-23104 23236
-23104 23236
-23104 23236
-23104 23236
-23104 23236
-23081 23258
-23081 23258
-23081 23258
-23081 23258
-23081 23258
-23081 23258
-23081 23258
-23081 23258
-23081 23258
-23081 23258
-23081 23258
-23058 23281
-23058 23281
-23058 23281
-23058 23281
-23058 23281
-23058 23281
-23058 23281
-23058 23281
-23058 23281
-23058 23281
-23036 23304
-23036 23304
-23036 23304
-23036 23304
-23036 23304
-23036 23304
-23036 23304
-23036 23304
-23036 23304
-23036 23304
-23014 23326
-23014 23326
-23014 23326
-23014 23326
-23014 23326
-23014 23326
-23014 23326
-23014 23326
-23014 23326
-23014 23326
-22991 23349
-22991 23349
-22991 23349
-22991 23349
-22991 23349
-22991 23349
-22991 23349
-22991 23349
-22991 23349
-22991 23349
-22968 23372
-22968 23372
-22968 23372
-22968 23372
-22968 23372
-22968 23372
-22968 23372
-22968 23372
-22968 23372
-22968 23372
-22945 23393
-22945 23393
-22945 23393
-22945 23393
-22945 23393
-22945 23393
-22945 23393
-22945 23393
-22945 23393
-22945 23393
-22923 23415
-22923 23415
-22923 23415
-22923 23415
-22923 23415
-22923 23415
-22923 23415
-22923 23415
-22923 23415
-22923 23415
-22899 23439
-22899 23439
-22899 23439
-22899 23439
-22899 23439
-22899 23439
-22899 23439
-22899 23439
-22899 23439
-22899 23439
-22899 23439
-22877 23461
-22877 23461
-22877 23461
-22886 23451
-22886 23451
-22886 23451
-22886 23451
-22863 23474
-22863 23474
-22863 23474
-22863 23474
-22863 23474
-22863 23474
-22863 23474
-22863 23474
-22863 23474
-22863 23474
-22840 23496
-22840 23496
-22840 23496
-22840 23496
-22840 23496
-22840 23496
-22840 23496
-22840 23496
-22840 23496
-22840 23496
-22840 23496
-22817 23518
-22817 23518
-22817 23518
-22817 23518
-22817 23518
-22817 23518
-22817 23518
-22817 23518
-22817 23518
-22817 23518
-22795 23541
-22795 23541
-22795 23541
-22795 23541
-22795 23541
-22795 23541
-22795 23541
-22795 23541
-22795 23541
-22795 23541
-22772 23562
-22772 23562
-22772 23562
-22772 23562
-22772 23562
-22772 23562
-22772 23562
-22772 23562
-22772 23562
-22772 23562
-22748 23585
-22748 23585
-22748 23585
-22748 23585
-22748 23585
-22748 23585
-22748 23585
-22748 23585
-22748 23585
-22748 23585
-22725 23607
-22725 23607
-22725 23607
-22725 23607
-22725 23607
-22725 23607
-22725 23607
-22725 23607
-22725 23607
-22725 23607
-22702 23629
-22702 23629
-22702 23629
-22702 23629
-22702 23629
-22702 23629
-22702 23629
-22702 23629
-22702 23629
-22702 23629
-22679 23650
-22679 23650
-22679 23650
-22679 23650
-22679 23650
-22679 23650
-22679 23650
-22679 23650
-22679 23650
-22679 23650
-22656 23672
-22656 23672
-22656 23672
-22656 23672
-22656 23672
-22656 23672
-22656 23672
-22656 23672
-22656 23672
-22656 23672
-22656 23672
-22633 23694
-22633 23694
-22633 23694
-22633 23694
-22633 23694
-22633 23694
-22633 23694
-22633 23694
-22633 23694
-22633 23694
-22610 23716
-22610 23716
-22610 23716
-22610 23716
-22610 23716
-22610 23716
-22610 23716
-22610 23716
-22610 23716
-22610 23716
-22587 23738
-22587 23738
-22599 23727
-22599 23727
-22599 23727
-22577 23748
-22577 23748
-22577 23748
-22577 23748
-22577 23748
-22577 23748
-22577 23748
-22577 23748
-22577 23748
-22577 23748
-22553 23770
-22553 23770
-22553 23770
-22553 23770
-22553 23770
-22553 23770
-22553 23770
-22553 23770
-22553 23770
-22553 23770
-22530 23792
-22530 23792
-22530 23792
-22530 23792
-22530 23792
-22530 23792
-22530 23792
-22530 23792
-22530 23792
-22530 23792
-22507 23814
-22507 23814
-22507 23814
-22507 23814
-22507 23814
-22507 23814
-22507 23814
-22507 23814
-22507 23814
-22507 23814
-22507 23814
-22484 23836
-22484 23836
-22484 23836
-22484 23836
-22484 23836
-22484 23836
-22484 23836
-22484 23836
-22484 23836
-22484 23836
-22461 23858
-22461 23858
-22461 23858
-22461 23858
-22461 23858
-22461 23858
-22461 23858
-22461 23858
-22461 23858
-22461 23858
-22438 23880
-22438 23880
-22438 23880
-22438 23880
-22438 23880
-22438 23880
-22438 23880
-22438 23880
-22438 23880
-22438 23880
-22414 23903
-22414 23903
-22414 23903
-22414 23903
-22414 23903
-22414 23903
-22414 23903
-22414 23903
-22414 23903
-22414 23903
-22391 23925
-22391 23925
-22391 23925
-22391 23925
-22391 23925
-22391 23925
-22391 23925
-22391 23925
-22391 23925
-22391 23925
-22367 23946
-22367 23946
-22367 23946
-22367 23946
-22367 23946
-22367 23946
-22367 23946
-22367 23946
-22367 23946
-22367 23946
-22345 23967
-22345 23967
-22345 23967
-22345 23967
-22345 23967
-22345 23967
-22345 23967
-22345 23967
-22345 23967
-22345 23967
-22321 23990
-22321 23990
-22321 23990
-22321 23990
-22321 23990
-22321 23990
-22321 23990
-22321 23990
-22321 23990
-22321 23990
-22321 23990
-22299 24011
-22299 24011
-22299 24011
-22307 24002
-22307 24002
-22307 24002
-22307 24002
-22284 24024
-22284 24024
-22284 24024
-22284 24024
-22284 24024
-22284 24024
-22284 24024
-22284 24024
-22284 24024
-22284 24024
-22260 24046
-22260 24046
-22260 24046
-22260 24046
-22260 24046
-22260 24046
-22260 24046
-22260 24046
-22260 24046
-22260 24046
-22260 24046
-22236 24067
-22236 24067
-22236 24067
-22236 24067
-22236 24067
-22236 24067
-22236 24067
-22236 24067
-22236 24067
-22236 24067
-22213 24090
-22213 24090
-22213 24090
-22213 24090
-22213 24090
-22213 24090
-22213 24090
-22213 24090
-22213 24090
-22213 24090
-22190 24110
-22190 24110
-22190 24110
-22190 24110
-22190 24110
-22190 24110
-22190 24110
-22190 24110
-22190 24110
-22190 24110
-22166 24133
-22166 24133
-22166 24133
-22166 24133
-22166 24133
-22166 24133
-22166 24133
-22166 24133
-22166 24133
-22166 24133
-22142 24154
-22142 24154
-22142 24154
-22142 24154
-22142 24154
-22142 24154
-22142 24154
-22142 24154
-22142 24154
-22142 24154
-22118 24176
-22118 24176
-22118 24176
-22118 24176
-22118 24176
-22118 24176
-22118 24176
-22118 24176
-22118 24176
-22118 24176
-22095 24196
-22095 24196
-22095 24196
-22095 24196
-22095 24196
-22095 24196
-22095 24196
-22095 24196
-22095 24196
-22095 24196
-22072 24218
-22072 24218
-22072 24218
-22072 24218
-22072 24218
-22072 24218
-22072 24218
-22072 24218
-22072 24218
-22072 24218
-22072 24218
-22048 24239
-22048 24239
-22048 24239
-22048 24239
-22048 24239
-22048 24239
-22048 24239
-22048 24239
-22048 24239
-22048 24239
-22024 24261
-22024 24261
-22024 24261
-22024 24261
-22024 24261
-22024 24261
-22024 24261
-22024 24261
-22024 24261
-22024 24261
-22001 24282
-22001 24282
-22013 24271
-22013 24271
-22013 24271
-21990 24292
-21990 24292
-21990 24292
-21990 24292
-21990 24292
-21990 24292
-21990 24292
-21990 24292
-21990 24292
-21990 24292
-21967 24313
-21967 24313
-21967 24313
-21967 24313
-21967 24313
-21967 24313
-21967 24313
-21967 24313
-21967 24313
-21967 24313
-21943 24335
-21943 24335
-21943 24335
-21943 24335
-21943 24335
-21943 24335
-21943 24335
-21943 24335
-21943 24335
-21943 24335
-21919 24356
-21919 24356
-21919 24356
-21919 24356
-21919 24356
-21919 24356
-21919 24356
-21919 24356
-21919 24356
-21919 24356
-21919 24356
-21895 24378
-21895 24378
-21895 24378
-21895 24378
-21895 24378
-21895 24378
-21895 24378
-21895 24378
-21895 24378
-21895 24378
-21872 24399
-21872 24399
-21872 24399
-21872 24399
-21872 24399
-21872 24399
-21872 24399
-21872 24399
-21872 24399
-21872 24399
-21849 24420
-21849 24420
-21849 24420
-21849 24420
-21849 24420
-21849 24420
-21849 24420
-21849 24420
-21849 24420
-21849 24420
-21824 24442
-21824 24442
-21824 24442
-21824 24442
-21824 24442
-21824 24442
-21824 24442
-21824 24442
-21824 24442
-21824 24442
-21801 24464
-21801 24464
-21801 24464
-21801 24464
-21801 24464
-21801 24464
-21801 24464
-21801 24464
-21801 24464
-21801 24464
-21776 24484
-21776 24484
-21776 24484
-21776 24484
-21776 24484
-21776 24484
-21776 24484
-21776 24484
-21776 24484
-21776 24484
-21753 24505
-21753 24505
-21753 24505
-21753 24505
-21753 24505
-21753 24505
-21753 24505
-21753 24505
-21753 24505
-21753 24505
-21729 24527
-21729 24527
-21729 24527
-21729 24527
-21729 24527
-21729 24527
-21729 24527
-21729 24527
-21729 24527
-21729 24527
-21729 24527
-21706 24548
-21706 24548
-21706 24548
-21714 24539
-21714 24539
-21714 24539
-21714 24539
-21691 24561
-21691 24561
-21691 24561
-21691 24561
-21691 24561
-21691 24561
-21691 24561
-21691 24561
-21691 24561
-21691 24561
-21667 24582
-21667 24582
-21667 24582
-21667 24582
-21667 24582
-21667 24582
-21667 24582
-21667 24582
-21667 24582
-21667 24582
-21667 24582
-21642 24603
-21642 24603
-21642 24603
-21642 24603
-21642 24603
-21642 24603
-21642 24603
-21642 24603
-21642 24603
-21642 24603
-21619 24625
-21619 24625
-21619 24625
-21619 24625
-21619 24625
-21619 24625
-21619 24625
-21619 24625
-21619 24625
-21619 24625
-21595 24645
-21595 24645
-21595 24645
-21595 24645
-21595 24645
-21595 24645
-21595 24645
-21595 24645
-21595 24645
-21595 24645
-21570 24666
-21570 24666
-21570 24666
-21570 24666
-21570 24666
-21570 24666
-21570 24666
-21570 24666
-21570 24666
-21570 24666
-21546 24687
-21546 24687
-21546 24687
-21546 24687
-21546 24687
-21546 24687
-21546 24687
-21546 24687
-21546 24687
-21546 24687
-21522 24708
-21522 24708
-21522 24708
-21522 24708
-21522 24708
-21522 24708
-21522 24708
-21522 24708
-21522 24708
-21522 24708
-21498 24728
-21498 24728
-21498 24728
-21498 24728
-21498 24728
-21498 24728
-21498 24728
-21498 24728
-21498 24728
-21498 24728
-21474 24749
-21474 24749
-21474 24749
-21474 24749
-21474 24749
-21474 24749
-21474 24749
-21474 24749
-21474 24749
-21474 24749
-21474 24749
-21450 24770
-21450 24770
-21450 24770
-21450 24770
-21450 24770
-21450 24770
-21450 24770
-21450 24770
-21450 24770
-21450 24770
-21426 24791
-21426 24791
-21426 24791
-21426 24791
-21426 24791
-21426 24791
-21426 24791
-21426 24791
-21426 24791
-21426 24791
-21402 24812
-21402 24812
-21414 24801
-21414 24801
-21414 24801
-21391 24821
-21391 24821
-21391 24821
-21391 24821
-21391 24821
-21391 24821
-21391 24821
-21391 24821
-21391 24821
-21391 24821
-21367 24842
-21367 24842
-21367 24842
-21367 24842
-21367 24842
-21367 24842
-21367 24842
-21367 24842
-21367 24842
-21367 24842
-21342 24863
-21342 24863
-21342 24863
-21342 24863
-21342 24863
-21342 24863
-21342 24863
-21342 24863
-21342 24863
-21342 24863
-21318 24884
-21318 24884
-21318 24884
-21318 24884
-21318 24884
-21318 24884
-21318 24884
-21318 24884
-21318 24884
-21318 24884
-21318 24884
-21294 24905
-21294 24905
-21294 24905
-21294 24905
-21294 24905
-21294 24905
-21294 24905
-21294 24905
-21294 24905
-21294 24905
-21270 24926
-21270 24926
-21270 24926
-21270 24926
-21270 24926
-21270 24926
-21270 24926
-21270 24926
-21270 24926
-21270 24926
-21246 24946
-21246 24946
-21246 24946
-21246 24946
-21246 24946
-21246 24946
-21246 24946
-21246 24946
-21246 24946
-21246 24946
-21221 24968
-21221 24968
-21221 24968
-21221 24968
-21221 24968
-21221 24968
-21221 24968
-21221 24968
-21221 24968
-21221 24968
-21197 24989
-21197 24989
-21197 24989
-21197 24989
-21197 24989
-21197 24989
-21197 24989
-21197 24989
-21197 24989
-21197 24989
-21172 25009
-21172 25009
-21172 25009
-21172 25009
-21172 25009
-21172 25009
-21172 25009
-21172 25009
-21172 25009
-21172 25009
-21149 25029
-21149 25029
-21149 25029
-21149 25029
-21149 25029
-21149 25029
-21149 25029
-21149 25029
-21149 25029
-21149 25029
-21124 25050
-21124 25050
-21124 25050
-21124 25050
-21124 25050
-21124 25050
-21124 25050
-21124 25050
-21124 25050
-21124 25050
-21124 25050
-21100 25071
-21100 25071
-21100 25071
-21088 25079
-21088 25079
-21088 25079
-21088 25079
-21064 25100
-21064 25100
-21064 25100
-21064 25100
-21064 25100
-21064 25100
-21064 25100
-21064 25100
-21064 25100
-21064 25100
-21039 25121
-21039 25121
-21039 25121
-21039 25121
-21039 25121
-21039 25121
-21039 25121
-21039 25121
-21039 25121
-21039 25121
-21039 25121
-21014 25141
-21014 25141
-21014 25141
-21014 25141
-21014 25141
-21014 25141
-21014 25141
-21014 25141
-21014 25141
-21014 25141
-20990 25162
-20990 25162
-20990 25162
-20990 25162
-20990 25162
-20990 25162
-20990 25162
-20990 25162
-20990 25162
-20990 25162
-20966 25182
-20966 25182
-20966 25182
-20966 25182
-20966 25182
-20966 25182
-20966 25182
-20966 25182
-20966 25182
-20966 25182
-20941 25203
-20941 25203
-20941 25203
-20941 25203
-20941 25203
-20941 25203
-20941 25203
-20941 25203
-20941 25203
-20941 25203
-20916 25223
-20916 25223
-20916 25223
-20916 25223
-20916 25223
-20916 25223
-20916 25223
-20916 25223
-20916 25223
-20916 25223
-20891 25243
-20891 25243
-20891 25243
-20891 25243
-20891 25243
-20891 25243
-20891 25243
-20891 25243
-20891 25243
-20891 25243
-20867 25263
-20867 25263
-20867 25263
-20867 25263
-20867 25263
-20867 25263
-20867 25263
-20867 25263
-20867 25263
-20867 25263
-20843 25283
-20843 25283
-20843 25283
-20843 25283
-20843 25283
-20843 25283
-20843 25283
-20843 25283
-20843 25283
-20843 25283
-20843 25283
-20818 25303
-20818 25303
-20818 25303
-20818 25303
-20818 25303
-20818 25303
-20818 25303
-20818 25303
-20818 25303
-20818 25303
-20793 25324
-20793 25324
-20793 25324
-20793 25324
-20793 25324
-20793 25324
-20793 25324
-20793 25324
-20793 25324
-20793 25324
-20768 25344
-20768 25344
-20782 25333
-20782 25333
-20782 25333
-20758 25353
-20758 25353
-20758 25353
-20758 25353
-20758 25353
-20758 25353
-20758 25353
-20758 25353
-20758 25353
-20758 25353
-20733 25373
-20733 25373
-20733 25373
-20733 25373
-20733 25373
-20733 25373
-20733 25373
-20733 25373
-20733 25373
-20733 25373
-20708 25393
-20708 25393
-20708 25393
-20708 25393
-20708 25393
-20708 25393
-20708 25393
-20708 25393
-20708 25393
-20708 25393
-20683 25414
-20683 25414
-20683 25414
-20683 25414
-20683 25414
-20683 25414
-20683 25414
-20683 25414
-20683 25414
-20683 25414
-20683 25414
-20659 25434
-20659 25434
-20659 25434
-20659 25434
-20659 25434
-20659 25434
-20659 25434
-20659 25434
-20659 25434
-20659 25434
-20634 25454
-20634 25454
-20634 25454
-20634 25454
-20634 25454
-20634 25454
-20634 25454
-20634 25454
-20634 25454
-20634 25454
-20610 25474
-20610 25474
-20610 25474
-20610 25474
-20610 25474
-20610 25474
-20610 25474
-20610 25474
-20610 25474
-20610 25474
-20584 25495
-20584 25495
-20584 25495
-20584 25495
-20584 25495
-20584 25495
-20584 25495
-20584 25495
-20584 25495
-20584 25495
-20560 25515
-20560 25515
-20560 25515
-20560 25515
-20560 25515
-20560 25515
-20560 25515
-20560 25515
-20560 25515
-20560 25515
-20534 25535
-20534 25535
-20534 25535
-20534 25535
-20534 25535
-20534 25535
-20534 25535
-20534 25535
-20534 25535
-20534 25535
-20510 25554
-20510 25554
-20510 25554
-20510 25554
-20510 25554
-20510 25554
-20510 25554
-20510 25554
-20510 25554
-20510 25554
-20485 25575
-20485 25575
-20485 25575
-20485 25575
-20485 25575
-20485 25575
-20485 25575
-20485 25575
-20485 25575
-20485 25575
-20485 25575
-20461 25595
-20461 25595
-20461 25595
-20469 25587
-20469 25587
-20469 25587
-20469 25587
-20445 25607
-20445 25607
-20445 25607
-20445 25607
-20445 25607
-20445 25607
-20445 25607
-20445 25607
-20445 25607
-20445 25607
-20419 25627
-20419 25627
-20419 25627
-20419 25627
-20419 25627
-20419 25627
-20419 25627
-20419 25627
-20419 25627
-20419 25627
-20419 25627
-20394 25647
-20394 25647
-20394 25647
-20394 25647
-20394 25647
-20394 25647
-20394 25647
-20394 25647
-20394 25647
-20394 25647
-20370 25667
-20370 25667
-20370 25667
-20370 25667
-20370 25667
-20370 25667
-20370 25667
-20370 25667
-20370 25667
-20370 25667
-20345 25686
-20345 25686
-20345 25686
-20345 25686
-20345 25686
-20345 25686
-20345 25686
-20345 25686
-20345 25686
-20345 25686
-20319 25707
-20319 25707
-20319 25707
-20319 25707
-20319 25707
-20319 25707
-20319 25707
-20319 25707
-20319 25707
-20319 25707
-20294 25726
-20294 25726
-20294 25726
-20294 25726
-20294 25726
-20294 25726
-20294 25726
-20294 25726
-20294 25726
-20294 25726
-20269 25746
-20269 25746
-20269 25746
-20269 25746
-20269 25746
-20269 25746
-20269 25746
-20269 25746
-20269 25746
-20269 25746
-20244 25765
-20244 25765
-20244 25765
-20244 25765
-20244 25765
-20244 25765
-20244 25765
-20244 25765
-20244 25765
-20244 25765
-20219 25785
-20219 25785
-20219 25785
-20219 25785
-20219 25785
-20219 25785
-20219 25785
-20219 25785
-20219 25785
-20219 25785
-20219 25785
-20194 25804
-20194 25804
-20194 25804
-20194 25804
-20194 25804
-20194 25804
-20194 25804
-20194 25804
-20194 25804
-20194 25804
-20169 25824
-20169 25824
-20169 25824
-20169 25824
-20169 25824
-20169 25824
-20169 25824
-20169 25824
-20169 25824
-20169 25824
-20143 25844
-20143 25844
-20157 25833
-20157 25833
-20157 25833
-20132 25852
-20132 25852
-20132 25852
-20132 25852
-20132 25852
-20132 25852
-20132 25852
-20132 25852
-20132 25852
-20132 25852
-20107 25872
-20107 25872
-20107 25872
-20107 25872
-20107 25872
-20107 25872
-20107 25872
-20107 25872
-20107 25872
-20107 25872
-20082 25892
-20082 25892
-20082 25892
-20082 25892
-20082 25892
-20082 25892
-20082 25892
-20082 25892
-20082 25892
-20082 25892
-20057 25911
-20057 25911
-20057 25911
-20057 25911
-20057 25911
-20057 25911
-20057 25911
-20057 25911
-20057 25911
-20057 25911
-20057 25911
-20031 25931
-20031 25931
-20031 25931
-20031 25931
-20031 25931
-20031 25931
-20031 25931
-20031 25931
-20031 25931
-20031 25931
-20006 25951
-20006 25951
-20006 25951
-20006 25951
-20006 25951
-20006 25951
-20006 25951
-20006 25951
-20006 25951
-20006 25951
-19982 25970
-19982 25970
-19982 25970
-19982 25970
-19982 25970
-19982 25970
-19982 25970
-19982 25970
-19982 25970
-19982 25970
-19956 25990
-19956 25990
-19956 25990
-19956 25990
-19956 25990
-19956 25990
-19956 25990
-19956 25990
-19956 25990
-19956 25990
-19930 26010
-19930 26010
-19930 26010
-19930 26010
-19930 26010
-19930 26010
-19930 26010
-19930 26010
-19930 26010
-19930 26010
-19905 26029
-19905 26029
-19905 26029
-19905 26029
-19905 26029
-19905 26029
-19905 26029
-19905 26029
-19905 26029
-19905 26029
-19880 26048
-19880 26048
-19880 26048
-19880 26048
-19880 26048
-19880 26048
-19880 26048
-19880 26048
-19880 26048
-19880 26048
-19854 26068
-19854 26068
-19854 26068
-19854 26068
-19854 26068
-19854 26068
-19854 26068
-19854 26068
-19854 26068
-19854 26068
-19854 26068
-19830 26087
-19830 26087
-19830 26087
-19839 26079
-19839 26079
-19839 26079
-19839 26079
-19814 26099
-19814 26099
-19814 26099
-19814 26099
-19814 26099
-19814 26099
-19814 26099
-19814 26099
-19814 26099
-19814 26099
-19789 26118
-19789 26118
-19789 26118
-19789 26118
-19789 26118
-19789 26118
-19789 26118
-19789 26118
-19789 26118
-19789 26118
-19789 26118
-19763 26137
-19763 26137
-19763 26137
-19763 26137
-19763 26137
-19763 26137
-19763 26137
-19763 26137
-19763 26137
-19763 26137
-19738 26157
-19738 26157
-19738 26157
-19738 26157
-19738 26157
-19738 26157
-19738 26157
-19738 26157
-19738 26157
-19738 26157
-19713 26175
-19713 26175
-19713 26175
-19713 26175
-19713 26175
-19713 26175
-19713 26175
-19713 26175
-19713 26175
-19713 26175
-19686 26195
-19686 26195
-19686 26195
-19686 26195
-19686 26195
-19686 26195
-19686 26195
-19686 26195
-19686 26195
-19686 26195
-19661 26214
-19661 26214
-19661 26214
-19661 26214
-19661 26214
-19661 26214
-19661 26214
-19661 26214
-19661 26214
-19661 26214
-19635 26233
-19635 26233
-19635 26233
-19635 26233
-19635 26233
-19635 26233
-19635 26233
-19635 26233
-19635 26233
-19635 26233
-19610 26251
-19610 26251
-19610 26251
-19610 26251
-19610 26251
-19610 26251
-19610 26251
-19610 26251
-19610 26251
-19610 26251
-19584 26270
-19584 26270
-19584 26270
-19584 26270
-19584 26270
-19584 26270
-19584 26270
-19584 26270
-19584 26270
-19584 26270
-19584 26270
-19559 26289
-19559 26289
-19559 26289
-19559 26289
-19559 26289
-19559 26289
-19559 26289
-19559 26289
-19559 26289
-19559 26289
-19533 26308
-19533 26308
-19533 26308
-19533 26308
-19533 26308
-19533 26308
-19533 26308
-19533 26308
-19533 26308
-19533 26308
-19507 26328
-19507 26328
-19521 26317
-19521 26317
-19521 26317
-19496 26336
-19496 26336
-19496 26336
-19496 26336
-19496 26336
-19496 26336
-19496 26336
-19496 26336
-19496 26336
-19496 26336
-19470 26355
-19470 26355
-19470 26355
-19470 26355
-19470 26355
-19470 26355
-19470 26355
-19470 26355
-19470 26355
-19470 26355
-19445 26374
-19445 26374
-19445 26374
-19445 26374
-19445 26374
-19445 26374
-19445 26374
-19445 26374
-19445 26374
-19445 26374
-19419 26393
-19419 26393
-19419 26393
-19419 26393
-19419 26393
-19419 26393
-19419 26393
-19419 26393
-19419 26393
-19419 26393
-19419 26393
-19393 26412
-19393 26412
-19393 26412
-19393 26412
-19393 26412
-19393 26412
-19393 26412
-19393 26412
-19393 26412
-19393 26412
-19367 26431
-19367 26431
-19367 26431
-19367 26431
-19367 26431
-19367 26431
-19367 26431
-19367 26431
-19367 26431
-19367 26431
-19342 26450
-19342 26450
-19342 26450
-19342 26450
-19342 26450
-19342 26450
-19342 26450
-19342 26450
-19342 26450
-19342 26450
-19316 26469
-19316 26469
-19316 26469
-19316 26469
-19316 26469
-19316 26469
-19316 26469
-19316 26469
-19316 26469
-19316 26469
-19290 26488
-19290 26488
-19290 26488
-19290 26488
-19290 26488
-19290 26488
-19290 26488
-19290 26488
-19290 26488
-19290 26488
-19264 26507
-19264 26507
-19264 26507
-19264 26507
-19264 26507
-19264 26507
-19264 26507
-19264 26507
-19264 26507
-19264 26507
-19239 26525
-19239 26525
-19239 26525
-19239 26525
-19239 26525
-19239 26525
-19239 26525
-19239 26525
-19239 26525
-19239 26525
-19213 26545
-19213 26545
-19213 26545
-19213 26545
-19213 26545
-19213 26545
-19213 26545
-19213 26545
-19213 26545
-19213 26545
-19213 26545
-19188 26563
-19188 26563
-19188 26563
-19197 26556
-19197 26556
-19197 26556
-19197 26556
-19172 26575
-19172 26575
-19172 26575
-19172 26575
-19172 26575
-19172 26575
-19172 26575
-19172 26575
-19172 26575
-19172 26575
-19145 26593
-19145 26593
-19145 26593
-19145 26593
-19145 26593
-19145 26593
-19145 26593
-19145 26593
-19145 26593
-19145 26593
-19145 26593
-19119 26612
-19119 26612
-19119 26612
-19119 26612
-19119 26612
-19119 26612
-19119 26612
-19119 26612
-19119 26612
-19119 26612
-19094 26631
-19094 26631
-19094 26631
-19094 26631
-19094 26631
-19094 26631
-19094 26631
-19094 26631
-19094 26631
-19094 26631
-19068 26649
-19068 26649
-19068 26649
-19068 26649
-19068 26649
-19068 26649
-19068 26649
-19068 26649
-19068 26649
-19068 26649
-19041 26668
-19041 26668
-19041 26668
-19041 26668
-19041 26668
-19041 26668
-19041 26668
-19041 26668
-19041 26668
-19041 26668
-19015 26686
-19015 26686
-19015 26686
-19015 26686
-19015 26686
-19015 26686
-19015 26686
-19015 26686
-19015 26686
-19015 26686
-18989 26705
-18989 26705
-18989 26705
-18989 26705
-18989 26705
-18989 26705
-18989 26705
-18989 26705
-18989 26705
-18989 26705
-18964 26723
-18964 26723
-18964 26723
-18964 26723
-18964 26723
-18964 26723
-18964 26723
-18964 26723
-18964 26723
-18964 26723
-18938 26741
-18938 26741
-18938 26741
-18938 26741
-18938 26741
-18938 26741
-18938 26741
-18938 26741
-18938 26741
-18938 26741
-18938 26741
-18911 26760
-18911 26760
-18911 26760
-18911 26760
-18911 26760
-18911 26760
-18911 26760
-18911 26760
-18911 26760
-18911 26760
-18885 26778
-18885 26778
-18885 26778
-18885 26778
-18885 26778
-18885 26778
-18885 26778
-18885 26778
-18885 26778
-18885 26778
-18859 26796
-18859 26796
-18873 26787
-18873 26787
-18873 26787
-18848 26804
-18848 26804
-18848 26804
-18848 26804
-18848 26804
-18848 26804
-18848 26804
-18848 26804
-18848 26804
-18848 26804
-18821 26823
-18821 26823
-18821 26823
-18821 26823
-18821 26823
-18821 26823
-18821 26823
-18821 26823
-18821 26823
-18821 26823
-18795 26841
-18795 26841
-18795 26841
-18795 26841
-18795 26841
-18795 26841
-18795 26841
-18795 26841
-18795 26841
-18795 26841
-18769 26860
-18769 26860
-18769 26860
-18769 26860
-18769 26860
-18769 26860
-18769 26860
-18769 26860
-18769 26860
-18769 26860
-18769 26860
-18743 26878
-18743 26878
-18743 26878
-18743 26878
-18743 26878
-18743 26878
-18743 26878
-18743 26878
-18743 26878
-18743 26878
-18717 26897
-18717 26897
-18717 26897
-18717 26897
-18717 26897
-18717 26897
-18717 26897
-18717 26897
-18717 26897
-18717 26897
-18691 26914
-18691 26914
-18691 26914
-18691 26914
-18691 26914
-18691 26914
-18691 26914
-18691 26914
-18691 26914
-18691 26914
-18664 26933
-18664 26933
-18664 26933
-18664 26933
-18664 26933
-18664 26933
-18664 26933
-18664 26933
-18664 26933
-18664 26933
-18638 26952
-18638 26952
-18638 26952
-18638 26952
-18638 26952
-18638 26952
-18638 26952
-18638 26952
-18638 26952
-18638 26952
-18612 26969
-18612 26969
-18612 26969
-18612 26969
-18612 26969
-18612 26969
-18612 26969
-18612 26969
-18612 26969
-18612 26969
-18586 26987
-18586 26987
-18586 26987
-18586 26987
-18586 26987
-18586 26987
-18586 26987
-18586 26987
-18586 26987
-18586 26987
-18559 27006
-18559 27006
-18559 27006
-18559 27006
-18559 27006
-18559 27006
-18559 27006
-18559 27006
-18559 27006
-18559 27006
-18559 27006
-18534 27024
-18534 27024
-18534 27024
-18543 27016
-18543 27016
-18543 27016
-18543 27016
-18517 27035
-18517 27035
-18517 27035
-18517 27035
-18517 27035
-18517 27035
-18517 27035
-18517 27035
-18517 27035
-18517 27035
-18490 27052
-18490 27052
-18490 27052
-18490 27052
-18490 27052
-18490 27052
-18490 27052
-18490 27052
-18490 27052
-18490 27052
-18490 27052
-18464 27070
-18464 27070
-18464 27070
-18464 27070
-18464 27070
-18464 27070
-18464 27070
-18464 27070
-18464 27070
-18464 27070
-18438 27089
-18438 27089
-18438 27089
-18438 27089
-18438 27089
-18438 27089
-18438 27089
-18438 27089
-18438 27089
-18438 27089
-18412 27106
-18412 27106
-18412 27106
-18412 27106
-18412 27106
-18412 27106
-18412 27106
-18412 27106
-18412 27106
-18412 27106
-18384 27124
-18384 27124
-18384 27124
-18384 27124
-18384 27124
-18384 27124
-18384 27124
-18384 27124
-18384 27124
-18384 27124
-18358 27142
-18358 27142
-18358 27142
-18358 27142
-18358 27142
-18358 27142
-18358 27142
-18358 27142
-18358 27142
-18358 27142
-18331 27160
-18331 27160
-18331 27160
-18331 27160
-18331 27160
-18331 27160
-18331 27160
-18331 27160
-18331 27160
-18331 27160
-18305 27177
-18305 27177
-18305 27177
-18305 27177
-18305 27177
-18305 27177
-18305 27177
-18305 27177
-18305 27177
-18305 27177
-18279 27195
-18279 27195
-18279 27195
-18279 27195
-18279 27195
-18279 27195
-18279 27195
-18279 27195
-18279 27195
-18279 27195
-18279 27195
-18252 27213
-18252 27213
-18252 27213
-18252 27213
-18252 27213
-18252 27213
-18252 27213
-18252 27213
-18252 27213
-18252 27213
-18226 27230
-18226 27230
-18226 27230
-18226 27230
-18226 27230
-18226 27230
-18226 27230
-18226 27230
-18226 27230
-18226 27230
-18199 27248
-18199 27248
-18213 27239
-18213 27239
-18213 27239
-18187 27256
-18187 27256
-18187 27256
-18187 27256
-18187 27256
-18187 27256
-18187 27256
-18187 27256
-18187 27256
-18187 27256
-18161 27274
-18161 27274
-18161 27274
-18161 27274
-18161 27274
-18161 27274
-18161 27274
-18161 27274
-18161 27274
-18161 27274
-18134 27292
-18134 27292
-18134 27292
-18134 27292
-18134 27292
-18134 27292
-18134 27292
-18134 27292
-18134 27292
-18134 27292
-18108 27309
-18108 27309
-18108 27309
-18108 27309
-18108 27309
-18108 27309
-18108 27309
-18108 27309
-18108 27309
-18108 27309
-18108 27309
-18081 27327
-18081 27327
-18081 27327
-18081 27327
-18081 27327
-18081 27327
-18081 27327
-18081 27327
-18081 27327
-18081 27327
-18054 27345
-18054 27345
-18054 27345
-18054 27345
-18054 27345
-18054 27345
-18054 27345
-18054 27345
-18054 27345
-18054 27345
-18029 27362
-18029 27362
-18029 27362
-18029 27362
-18029 27362
-18029 27362
-18029 27362
-18029 27362
-18029 27362
-18029 27362
-18001 27380
-18001 27380
-18001 27380
-18001 27380
-18001 27380
-18001 27380
-18001 27380
-18001 27380
-18001 27380
-18001 27380
-17974 27398
-17974 27398
-17974 27398
-17974 27398
-17974 27398
-17974 27398
-17974 27398
-17974 27398
-17974 27398
-17974 27398
-17947 27415
-17947 27415
-17947 27415
-17947 27415
-17947 27415
-17947 27415
-17947 27415
-17947 27415
-17947 27415
-17947 27415
-17922 27432
-17922 27432
-17922 27432
-17922 27432
-17922 27432
-17922 27432
-17922 27432
-17922 27432
-17922 27432
-17922 27432
-17894 27451
-17894 27451
-17894 27451
-17894 27451
-17894 27451
-17894 27451
-17894 27451
-17894 27451
-17894 27451
-17894 27451
-17894 27451
-17868 27468
-17868 27468
-17868 27468
-17880 27458
-17880 27458
-17880 27458
-17880 27458
-17854 27476
-17854 27476
-17854 27476
-17854 27476
-17854 27476
-17854 27476
-17854 27476
-17854 27476
-17854 27476
-17854 27476
-17827 27493
-17827 27493
-17827 27493
-17827 27493
-17827 27493
-17827 27493
-17827 27493
-17827 27493
-17827 27493
-17827 27493
-17827 27493
-17800 27510
-17800 27510
-17800 27510
-17800 27510
-17800 27510
-17800 27510
-17800 27510
-17800 27510
-17800 27510
-17800 27510
-17773 27528
-17773 27528
-17773 27528
-17773 27528
-17773 27528
-17773 27528
-17773 27528
-17773 27528
-17773 27528
-17773 27528
-17747 27545
-17747 27545
-17747 27545
-17747 27545
-17747 27545
-17747 27545
-17747 27545
-17747 27545
-17747 27545
-17747 27545
-17719 27563
-17719 27563
-17719 27563
-17719 27563
-17719 27563
-17719 27563
-17719 27563
-17719 27563
-17719 27563
-17719 27563
-17692 27580
-17692 27580
-17692 27580
-17692 27580
-17692 27580
-17692 27580
-17692 27580
-17692 27580
-17692 27580
-17692 27580
-17665 27597
-17665 27597
-17665 27597
-17665 27597
-17665 27597
-17665 27597
-17665 27597
-17665 27597
-17665 27597
-17665 27597
-17639 27613
-17639 27613
-17639 27613
-17639 27613
-17639 27613
-17639 27613
-17639 27613
-17639 27613
-17639 27613
-17639 27613
-17612 27631
-17612 27631
-17612 27631
-17612 27631
-17612 27631
-17612 27631
-17612 27631
-17612 27631
-17612 27631
-17612 27631
-17612 27631
-17585 27648
-17585 27648
-17585 27648
-17585 27648
-17585 27648
-17585 27648
-17585 27648
-17585 27648
-17585 27648
-17585 27648
-17558 27665
-17558 27665
-17558 27665
-17558 27665
-17558 27665
-17558 27665
-17558 27665
-17558 27665
-17558 27665
-17558 27665
-17531 27682
-17531 27682
-17545 27673
-17545 27673
-17545 27673
-17519 27689
-17519 27689
-17519 27689
-17519 27689
-17519 27689
-17519 27689
-17519 27689
-17519 27689
-17519 27689
-17519 27689
-17492 27707
-17492 27707
-17492 27707
-17492 27707
-17492 27707
-17492 27707
-17492 27707
-17492 27707
-17492 27707
-17492 27707
-17465 27724
-17465 27724
-17465 27724
-17465 27724
-17465 27724
-17465 27724
-17465 27724
-17465 27724
-17465 27724
-17465 27724
-17438 27741
-17438 27741
-17438 27741
-17438 27741
-17438 27741
-17438 27741
-17438 27741
-17438 27741
-17438 27741
-17438 27741
-17438 27741
-17411 27758
-17411 27758
-17411 27758
-17411 27758
-17411 27758
-17411 27758
-17411 27758
-17411 27758
-17411 27758
-17411 27758
-17384 27775
-17384 27775
-17384 27775
-17384 27775
-17384 27775
-17384 27775
-17384 27775
-17384 27775
-17384 27775
-17384 27775
-17358 27792
-17358 27792
-17358 27792
-17358 27792
-17358 27792
-17358 27792
-17358 27792
-17358 27792
-17358 27792
-17358 27792
-17330 27809
-17330 27809
-17330 27809
-17330 27809
-17330 27809
-17330 27809
-17330 27809
-17330 27809
-17330 27809
-17330 27809
-17303 27826
-17303 27826
-17303 27826
-17303 27826
-17303 27826
-17303 27826
-17303 27826
-17303 27826
-17303 27826
-17303 27826
-17275 27843
-17275 27843
-17275 27843
-17275 27843
-17275 27843
-17275 27843
-17275 27843
-17275 27843
-17275 27843
-17275 27843
-17249 27859
-17249 27859
-17249 27859
-17249 27859
-17249 27859
-17249 27859
-17249 27859
-17249 27859
-17249 27859
-17249 27859
-17221 27877
-17221 27877
-17221 27877
-17221 27877
-17221 27877
-17221 27877
-17221 27877
-17221 27877
-17221 27877
-17221 27877
-17221 27877
-17195 27894
-17195 27894
-17195 27894
-17178 27904
-17178 27904
-17178 27904
-17178 27904
-17151 27921
-17151 27921
-17151 27921
-17151 27921
-17151 27921
-17151 27921
-17151 27921
-17151 27921
-17151 27921
-17151 27921
-17123 27938
-17123 27938
-17123 27938
-17123 27938
-17123 27938
-17123 27938
-17123 27938
-17123 27938
-17123 27938
-17123 27938
-17123 27938
-17096 27954
-17096 27954
-17096 27954
-17096 27954
-17096 27954
-17096 27954
-17096 27954
-17096 27954
-17096 27954
-17096 27954
-17069 27971
-17069 27971
-17069 27971
-17069 27971
-17069 27971
-17069 27971
-17069 27971
-17069 27971
-17069 27971
-17069 27971
-17042 27987
-17042 27987
-17042 27987
-17042 27987
-17042 27987
-17042 27987
-17042 27987
-17042 27987
-17042 27987
-17042 27987
-17014 28004
-17014 28004
-17014 28004
-17014 28004
-17014 28004
-17014 28004
-17014 28004
-17014 28004
-17014 28004
-17014 28004
-16987 28021
-16987 28021
-16987 28021
-16987 28021
-16987 28021
-16987 28021
-16987 28021
-16987 28021
-16987 28021
-16987 28021
-16959 28037
-16959 28037
-16959 28037
-16959 28037
-16959 28037
-16959 28037
-16959 28037
-16959 28037
-16959 28037
-16959 28037
-16933 28053
-16933 28053
-16933 28053
-16933 28053
-16933 28053
-16933 28053
-16933 28053
-16933 28053
-16933 28053
-16933 28053
-16905 28069
-16905 28069
-16905 28069
-16905 28069
-16905 28069
-16905 28069
-16905 28069
-16905 28069
-16905 28069
-16905 28069
-16905 28069
-16878 28086
-16878 28086
-16878 28086
-16878 28086
-16878 28086
-16878 28086
-16878 28086
-16878 28086
-16878 28086
-16878 28086
-16850 28102
-16850 28102
-16850 28102
-16850 28102
-16850 28102
-16850 28102
-16850 28102
-16850 28102
-16850 28102
-16850 28102
-16823 28119
-16823 28119
-16837 28110
-16837 28110
-16837 28110
-16811 28126
-16811 28126
-16811 28126
-16811 28126
-16811 28126
-16811 28126
-16811 28126
-16811 28126
-16811 28126
-16811 28126
-16783 28142
-16783 28142
-16783 28142
-16783 28142
-16783 28142
-16783 28142
-16783 28142
-16783 28142
-16783 28142
-16783 28142
-16756 28159
-16756 28159
-16756 28159
-16756 28159
-16756 28159
-16756 28159
-16756 28159
-16756 28159
-16756 28159
-16756 28159
-16728 28175
-16728 28175
-16728 28175
-16728 28175
-16728 28175
-16728 28175
-16728 28175
-16728 28175
-16728 28175
-16728 28175
-16728 28175
-16701 28192
-16701 28192
-16701 28192
-16701 28192
-16701 28192
-16701 28192
-16701 28192
-16701 28192
-16701 28192
-16701 28192
-16673 28208
-16673 28208
-16673 28208
-16673 28208
-16673 28208
-16673 28208
-16673 28208
-16673 28208
-16673 28208
-16673 28208
-16647 28224
-16647 28224
-16647 28224
-16647 28224
-16647 28224
-16647 28224
-16647 28224
-16647 28224
-16647 28224
-16647 28224
-16619 28241
-16619 28241
-16619 28241
-16619 28241
-16619 28241
-16619 28241
-16619 28241
-16619 28241
-16619 28241
-16619 28241
-16591 28257
-16591 28257
-16591 28257
-16591 28257
-16591 28257
-16591 28257
-16591 28257
-16591 28257
-16591 28257
-16591 28257
-16563 28273
-16563 28273
-16563 28273
-16563 28273
-16563 28273
-16563 28273
-16563 28273
-16563 28273
-16563 28273
-16563 28273
-16537 28289
-16537 28289
-16537 28289
-16537 28289
-16537 28289
-16537 28289
-16537 28289
-16537 28289
-16537 28289
-16537 28289
-16508 28306
-16508 28306
-16508 28306
-16508 28306
-16508 28306
-16508 28306
-16508 28306
-16508 28306
-16508 28306
-16508 28306
-16508 28306
-16482 28322
-16482 28322
-16482 28322
-16492 28314
-16492 28314
-16492 28314
-16492 28314
-16464 28331
-16464 28331
-16464 28331
-16464 28331
-16464 28331
-16464 28331
-16464 28331
-16464 28331
-16464 28331
-16464 28331
-16437 28347
-16437 28347
-16437 28347
-16437 28347
-16437 28347
-16437 28347
-16437 28347
-16437 28347
-16437 28347
-16437 28347
-16437 28347
-16409 28363
-16409 28363
-16409 28363
-16409 28363
-16409 28363
-16409 28363
-16409 28363
-16409 28363
-16409 28363
-16409 28363
-16381 28379
-16381 28379
-16381 28379
-16381 28379
-16381 28379
-16381 28379
-16381 28379
-16381 28379
-16381 28379
-16381 28379
-16354 28394
-16354 28394
-16354 28394
-16354 28394
-16354 28394
-16354 28394
-16354 28394
-16354 28394
-16354 28394
-16354 28394
-16326 28411
-16326 28411
-16326 28411
-16326 28411
-16326 28411
-16326 28411
-16326 28411
-16326 28411
-16326 28411
-16326 28411
-16298 28426
-16298 28426
-16298 28426
-16298 28426
-16298 28426
-16298 28426
-16298 28426
-16298 28426
-16298 28426
-16298 28426
-16270 28442
-16270 28442
-16270 28442
-16270 28442
-16270 28442
-16270 28442
-16270 28442
-16270 28442
-16270 28442
-16270 28442
-16243 28458
-16243 28458
-16243 28458
-16243 28458
-16243 28458
-16243 28458
-16243 28458
-16243 28458
-16243 28458
-16243 28458
-16215 28473
-16215 28473
-16215 28473
-16215 28473
-16215 28473
-16215 28473
-16215 28473
-16215 28473
-16215 28473
-16215 28473
-16215 28473
-16187 28489
-16187 28489
-16187 28489
-16187 28489
-16187 28489
-16187 28489
-16187 28489
-16187 28489
-16187 28489
-16187 28489
-16160 28505
-16160 28505
-16160 28505
-16160 28505
-16160 28505
-16160 28505
-16160 28505
-16160 28505
-16160 28505
-16160 28505
-16132 28521
-16132 28521
-16146 28512
-16146 28512
-16146 28512
-16119 28527
-16119 28527
-16119 28527
-16119 28527
-16119 28527
-16119 28527
-16119 28527
-16119 28527
-16119 28527
-16119 28527
-16092 28543
-16092 28543
-16092 28543
-16092 28543
-16092 28543
-16092 28543
-16092 28543
-16092 28543
-16092 28543
-16092 28543
-16064 28559
-16064 28559
-16064 28559
-16064 28559
-16064 28559
-16064 28559
-16064 28559
-16064 28559
-16064 28559
-16064 28559
-16036 28575
-16036 28575
-16036 28575
-16036 28575
-16036 28575
-16036 28575
-16036 28575
-16036 28575
-16036 28575
-16036 28575
-16036 28575
-16008 28591
-16008 28591
-16008 28591
-16008 28591
-16008 28591
-16008 28591
-16008 28591
-16008 28591
-16008 28591
-16008 28591
-15980 28606
-15980 28606
-15980 28606
-15980 28606
-15980 28606
-15980 28606
-15980 28606
-15980 28606
-15980 28606
-15980 28606
-15953 28622
-15953 28622
-15953 28622
-15953 28622
-15953 28622
-15953 28622
-15953 28622
-15953 28622
-15953 28622
-15953 28622
-15925 28638
-15925 28638
-15925 28638
-15925 28638
-15925 28638
-15925 28638
-15925 28638
-15925 28638
-15925 28638
-15925 28638
-15897 28654
-15897 28654
-15897 28654
-15897 28654
-15897 28654
-15897 28654
-15897 28654
-15897 28654
-15897 28654
-15897 28654
-15868 28668
-15868 28668
-15868 28668
-15868 28668
-15868 28668
-15868 28668
-15868 28668
-15868 28668
-15868 28668
-15868 28668
-15841 28684
-15841 28684
-15841 28684
-15841 28684
-15841 28684
-15841 28684
-15841 28684
-15841 28684
-15841 28684
-15841 28684
-15813 28700
-15813 28700
-15813 28700
-15813 28700
-15813 28700
-15813 28700
-15813 28700
-15813 28700
-15813 28700
-15813 28700
-15813 28700
-15786 28715
-15786 28715
-15786 28715
-15797 28709
-15797 28709
-15797 28709
-15797 28709
-15769 28725
-15769 28725
-15769 28725
-15769 28725
-15769 28725
-15769 28725
-15769 28725
-15769 28725
-15769 28725
-15769 28725
-15741 28740
-15741 28740
-15741 28740
-15741 28740
-15741 28740
-15741 28740
-15741 28740
-15741 28740
-15741 28740
-15741 28740
-15741 28740
-15712 28755
-15712 28755
-15712 28755
-15712 28755
-15712 28755
-15712 28755
-15712 28755
-15712 28755
-15712 28755
-15712 28755
-15685 28771
-15685 28771
-15685 28771
-15685 28771
-15685 28771
-15685 28771
-15685 28771
-15685 28771
-15685 28771
-15685 28771
-15657 28786
-15657 28786
-15657 28786
-15657 28786
-15657 28786
-15657 28786
-15657 28786
-15657 28786
-15657 28786
-15657 28786
-15628 28801
-15628 28801
-15628 28801
-15628 28801
-15628 28801
-15628 28801
-15628 28801
-15628 28801
-15628 28801
-15628 28801
-15600 28816
-15600 28816
-15600 28816
-15600 28816
-15600 28816
-15600 28816
-15600 28816
-15600 28816
-15600 28816
-15600 28816
-15572 28831
-15572 28831
-15572 28831
-15572 28831
-15572 28831
-15572 28831
-15572 28831
-15572 28831
-15572 28831
-15572 28831
-15544 28846
-15544 28846
-15544 28846
-15544 28846
-15544 28846
-15544 28846
-15544 28846
-15544 28846
-15544 28846
-15544 28846
-15516 28861
-15516 28861
-15516 28861
-15516 28861
-15516 28861
-15516 28861
-15516 28861
-15516 28861
-15516 28861
-15516 28861
-15516 28861
-15488 28876
-15488 28876
-15488 28876
-15488 28876
-15488 28876
-15488 28876
-15488 28876
-15488 28876
-15488 28876
-15488 28876
-15460 28891
-15460 28891
-15460 28891
-15460 28891
-15460 28891
-15460 28891
-15460 28891
-15460 28891
-15460 28891
-15460 28891
-15432 28906
-15432 28906
-15447 28898
-15447 28898
-15447 28898
-15419 28913
-15419 28913
-15419 28913
-15419 28913
-15419 28913
-15419 28913
-15419 28913
-15419 28913
-15419 28913
-15419 28913
-15391 28928
-15391 28928
-15391 28928
-15391 28928
-15391 28928
-15391 28928
-15391 28928
-15391 28928
-15391 28928
-15391 28928
-15363 28943
-15363 28943
-15363 28943
-15363 28943
-15363 28943
-15363 28943
-15363 28943
-15363 28943
-15363 28943
-15363 28943
-15335 28958
-15335 28958
-15335 28958
-15335 28958
-15335 28958
-15335 28958
-15335 28958
-15335 28958
-15335 28958
-15335 28958
-15335 28958
-15306 28973
-15306 28973
-15306 28973
-15306 28973
-15306 28973
-15306 28973
-15306 28973
-15306 28973
-15306 28973
-15306 28973
-15278 28988
-15278 28988
-15278 28988
-15278 28988
-15278 28988
-15278 28988
-15278 28988
-15278 28988
-15278 28988
-15278 28988
-15251 29003
-15251 29003
-15251 29003
-15251 29003
-15251 29003
-15251 29003
-15251 29003
-15251 29003
-15251 29003
-15251 29003
-15222 29019
-15222 29019
-15222 29019
-15222 29019
-15222 29019
-15222 29019
-15222 29019
-15222 29019
-15222 29019
-15222 29019
-15193 29034
-15193 29034
-15193 29034
-15193 29034
-15193 29034
-15193 29034
-15193 29034
-15193 29034
-15193 29034
-15193 29034
-15165 29048
-15165 29048
-15165 29048
-15165 29048
-15165 29048
-15165 29048
-15165 29048
-15165 29048
-15165 29048
-15165 29048
-15137 29062
-15137 29062
-15137 29062
-15137 29062
-15137 29062
-15137 29062
-15137 29062
-15137 29062
-15137 29062
-15137 29062
-15108 29078
-15108 29078
-15108 29078
-15108 29078
-15108 29078
-15108 29078
-15108 29078
-15108 29078
-15108 29078
-15108 29078
-15108 29078
-15081 29093
-15081 29093
-15081 29093
-15091 29086
-15091 29086
-15091 29086
-15091 29086
-15063 29101
-15063 29101
-15063 29101
-15063 29101
-15063 29101
-15063 29101
-15063 29101
-15063 29101
-15063 29101
-15063 29101
-15035 29115
-15035 29115
-15035 29115
-15035 29115
-15035 29115
-15035 29115
-15035 29115
-15035 29115
-15035 29115
-15035 29115
-15035 29115
-15006 29130
-15006 29130
-15006 29130
-15006 29130
-15006 29130
-15006 29130
-15006 29130
-15006 29130
-15006 29130
-15006 29130
-14978 29145
-14978 29145
-14978 29145
-14978 29145
-14978 29145
-14978 29145
-14978 29145
-14978 29145
-14978 29145
-14978 29145
-14950 29159
-14950 29159
-14950 29159
-14950 29159
-14950 29159
-14950 29159
-14950 29159
-14950 29159
-14950 29159
-14950 29159
-14921 29174
-14921 29174
-14921 29174
-14921 29174
-14921 29174
-14921 29174
-14921 29174
-14921 29174
-14921 29174
-14921 29174
-14892 29188
-14892 29188
-14892 29188
-14892 29188
-14892 29188
-14892 29188
-14892 29188
-14892 29188
-14892 29188
-14892 29188
-14864 29203
-14864 29203
-14864 29203
-14864 29203
-14864 29203
-14864 29203
-14864 29203
-14864 29203
-14864 29203
-14864 29203
-14836 29217
-14836 29217
-14836 29217
-14836 29217
-14836 29217
-14836 29217
-14836 29217
-14836 29217
-14836 29217
-14836 29217
-14807 29231
-14807 29231
-14807 29231
-14807 29231
-14807 29231
-14807 29231
-14807 29231
-14807 29231
-14807 29231
-14807 29231
-14807 29231
-14779 29245
-14779 29245
-14779 29245
-14779 29245
-14779 29245
-14779 29245
-14779 29245
-14779 29245
-14779 29245
-14779 29245
-14750 29260
-14750 29260
-14750 29260
-14750 29260
-14750 29260
-14750 29260
-14750 29260
-14750 29260
-14750 29260
-14750 29260
-14722 29274
-14722 29274
-14737 29267
-14737 29267
-14737 29267
-14709 29280
-14709 29280
-14709 29280
-14709 29280
-14709 29280
-14709 29280
-14709 29280
-14709 29280
-14709 29280
-14709 29280
-14680 29295
-14680 29295
-14680 29295
-14680 29295
-14680 29295
-14680 29295
-14680 29295
-14680 29295
-14680 29295
-14680 29295
-14652 29309
-14652 29309
-14652 29309
-14652 29309
-14652 29309
-14652 29309
-14652 29309
-14652 29309
-14652 29309
-14652 29309
-14623 29324
-14623 29324
-14623 29324
-14623 29324
-14623 29324
-14623 29324
-14623 29324
-14623 29324
-14623 29324
-14623 29324
-14623 29324
-14595 29338
-14595 29338
-14595 29338
-14595 29338
-14595 29338
-14595 29338
-14595 29338
-14595 29338
-14595 29338
-14595 29338
-14566 29352
-14566 29352
-14566 29352
-14566 29352
-14566 29352
-14566 29352
-14566 29352
-14566 29352
-14566 29352
-14566 29352
-14538 29366
-14538 29366
-14538 29366
-14538 29366
-14538 29366
-14538 29366
-14538 29366
-14538 29366
-14538 29366
-14538 29366
-14509 29381
-14509 29381
-14509 29381
-14509 29381
-14509 29381
-14509 29381
-14509 29381
-14509 29381
-14509 29381
-14509 29381
-14480 29396
-14480 29396
-14480 29396
-14480 29396
-14480 29396
-14480 29396
-14480 29396
-14480 29396
-14480 29396
-14480 29396
-14451 29409
-14451 29409
-14451 29409
-14451 29409
-14451 29409
-14451 29409
-14451 29409
-14451 29409
-14451 29409
-14451 29409
-14424 29423
-14424 29423
-14424 29423
-14424 29423
-14424 29423
-14424 29423
-14424 29423
-14424 29423
-14424 29423
-14424 29423
-14394 29438
-14394 29438
-14394 29438
-14394 29438
-14394 29438
-14394 29438
-14394 29438
-14394 29438
-14394 29438
-14394 29438
-14394 29438
-14366 29452
-14366 29452
-14366 29452
-14380 29443
-14380 29443
-14380 29443
-14380 29443
-14351 29457
-14351 29457
-14351 29457
-14351 29457
-14351 29457
-14351 29457
-14351 29457
-14351 29457
-14351 29457
-14351 29457
-14322 29471
-14322 29471
-14322 29471
-14322 29471
-14322 29471
-14322 29471
-14322 29471
-14322 29471
-14322 29471
-14322 29471
-14322 29471
-14293 29485
-14293 29485
-14293 29485
-14293 29485
-14293 29485
-14293 29485
-14293 29485
-14293 29485
-14293 29485
-14293 29485
-14265 29499
-14265 29499
-14265 29499
-14265 29499
-14265 29499
-14265 29499
-14265 29499
-14265 29499
-14265 29499
-14265 29499
-14237 29512
-14237 29512
-14237 29512
-14237 29512
-14237 29512
-14237 29512
-14237 29512
-14237 29512
-14237 29512
-14237 29512
-14207 29527
-14207 29527
-14207 29527
-14207 29527
-14207 29527
-14207 29527
-14207 29527
-14207 29527
-14207 29527
-14207 29527
-14178 29540
-14178 29540
-14178 29540
-14178 29540
-14178 29540
-14178 29540
-14178 29540
-14178 29540
-14178 29540
-14178 29540
-14149 29554
-14149 29554
-14149 29554
-14149 29554
-14149 29554
-14149 29554
-14149 29554
-14149 29554
-14149 29554
-14149 29554
-14121 29567
-14121 29567
-14121 29567
-14121 29567
-14121 29567
-14121 29567
-14121 29567
-14121 29567
-14121 29567
-14121 29567
-14092 29581
-14092 29581
-14092 29581
-14092 29581
-14092 29581
-14092 29581
-14092 29581
-14092 29581
-14092 29581
-14092 29581
-14092 29581
-14063 29595
-14063 29595
-14063 29595
-14063 29595
-14063 29595
-14063 29595
-14063 29595
-14063 29595
-14063 29595
-14063 29595
-14034 29608
-14034 29608
-14034 29608
-14034 29608
-14034 29608
-14034 29608
-14034 29608
-14034 29608
-14034 29608
-14034 29608
-14005 29622
-14005 29622
-14021 29615
-14021 29615
-14021 29615
-13993 29628
-13993 29628
-13993 29628
-13993 29628
-13993 29628
-13993 29628
-13993 29628
-13993 29628
-13993 29628
-13993 29628
-13964 29642
-13964 29642
-13964 29642
-13964 29642
-13964 29642
-13964 29642
-13964 29642
-13964 29642
-13964 29642
-13964 29642
-13935 29655
-13935 29655
-13935 29655
-13935 29655
-13935 29655
-13935 29655
-13935 29655
-13935 29655
-13935 29655
-13935 29655
-13906 29669
-13906 29669
-13906 29669
-13906 29669
-13906 29669
-13906 29669
-13906 29669
-13906 29669
-13906 29669
-13906 29669
-13906 29669
-13877 29683
-13877 29683
-13877 29683
-13877 29683
-13877 29683
-13877 29683
-13877 29683
-13877 29683
-13877 29683
-13877 29683
-13848 29696
-13848 29696
-13848 29696
-13848 29696
-13848 29696
-13848 29696
-13848 29696
-13848 29696
-13848 29696
-13848 29696
-13820 29710
-13820 29710
-13820 29710
-13820 29710
-13820 29710
-13820 29710
-13820 29710
-13820 29710
-13820 29710
-13820 29710
-13790 29724
-13790 29724
-13790 29724
-13790 29724
-13790 29724
-13790 29724
-13790 29724
-13790 29724
-13790 29724
-13790 29724
-13761 29737
-13761 29737
-13761 29737
-13761 29737
-13761 29737
-13761 29737
-13761 29737
-13761 29737
-13761 29737
-13761 29737
-13732 29750
-13732 29750
-13732 29750
-13732 29750
-13732 29750
-13732 29750
-13732 29750
-13732 29750
-13732 29750
-13732 29750
-13704 29763
-13704 29763
-13704 29763
-13704 29763
-13704 29763
-13704 29763
-13704 29763
-13704 29763
-13704 29763
-13704 29763
-13674 29778
-13674 29778
-13674 29778
-13674 29778
-13674 29778
-13674 29778
-13674 29778
-13674 29778
-13674 29778
-13674 29778
-13674 29778
-13646 29791
-13646 29791
-13646 29791
-13658 29786
-13658 29786
-13658 29786
-13658 29786
-13629 29800
-13629 29800
-13629 29800
-13629 29800
-13629 29800
-13629 29800
-13629 29800
-13629 29800
-13629 29800
-13629 29800
-13600 29812
-13600 29812
-13600 29812
-13600 29812
-13600 29812
-13600 29812
-13600 29812
-13600 29812
-13600 29812
-13600 29812
-13600 29812
-13571 29825
-13571 29825
-13571 29825
-13571 29825
-13571 29825
-13571 29825
-13571 29825
-13571 29825
-13571 29825
-13571 29825
-13542 29839
-13542 29839
-13542 29839
-13542 29839
-13542 29839
-13542 29839
-13542 29839
-13542 29839
-13542 29839
-13542 29839
-13513 29852
-13513 29852
-13513 29852
-13513 29852
-13513 29852
-13513 29852
-13513 29852
-13513 29852
-13513 29852
-13513 29852
-13483 29865
-13483 29865
-13483 29865
-13483 29865
-13483 29865
-13483 29865
-13483 29865
-13483 29865
-13483 29865
-13483 29865
-13454 29878
-13454 29878
-13454 29878
-13454 29878
-13454 29878
-13454 29878
-13454 29878
-13454 29878
-13454 29878
-13454 29878
-13425 29891
-13425 29891
-13425 29891
-13425 29891
-13425 29891
-13425 29891
-13425 29891
-13425 29891
-13425 29891
-13425 29891
-13396 29904
-13396 29904
-13396 29904
-13396 29904
-13396 29904
-13396 29904
-13396 29904
-13396 29904
-13396 29904
-13396 29904
-13367 29917
-13367 29917
-13367 29917
-13367 29917
-13367 29917
-13367 29917
-13367 29917
-13367 29917
-13367 29917
-13367 29917
-13367 29917
-13338 29930
-13338 29930
-13338 29930
-13338 29930
-13338 29930
-13338 29930
-13338 29930
-13338 29930
-13338 29930
-13338 29930
-13309 29943
-13309 29943
-13309 29943
-13309 29943
-13309 29943
-13309 29943
-13309 29943
-13309 29943
-13309 29943
-13309 29943
-13279 29956
-13279 29956
-13295 29949
-13295 29949
-13295 29949
-13267 29961
-13267 29961
-13267 29961
-13267 29961
-13267 29961
-13267 29961
-13267 29961
-13267 29961
-13267 29961
-13267 29961
-13237 29974
-13237 29974
-13237 29974
-13237 29974
-13237 29974
-13237 29974
-13237 29974
-13237 29974
-13237 29974
-13237 29974
-13208 29987
-13208 29987
-13208 29987
-13208 29987
-13208 29987
-13208 29987
-13208 29987
-13208 29987
-13208 29987
-13208 29987
-13179 30000
-13179 30000
-13179 30000
-13179 30000
-13179 30000
-13179 30000
-13179 30000
-13179 30000
-13179 30000
-13179 30000
-13179 30000
-13150 30013
-13150 30013
-13150 30013
-13150 30013
-13150 30013
-13150 30013
-13150 30013
-13150 30013
-13150 30013
-13150 30013
-13120 30026
-13120 30026
-13120 30026
-13120 30026
-13120 30026
-13120 30026
-13120 30026
-13120 30026
-13120 30026
-13120 30026
-13092 30039
-13092 30039
-13092 30039
-13092 30039
-13092 30039
-13092 30039
-13092 30039
-13092 30039
-13092 30039
-13092 30039
-13062 30052
-13062 30052
-13062 30052
-13062 30052
-13062 30052
-13062 30052
-13062 30052
-13062 30052
-13062 30052
-13062 30052
-13033 30065
-13033 30065
-13033 30065
-13033 30065
-13033 30065
-13033 30065
-13033 30065
-13033 30065
-13033 30065
-13033 30065
-13003 30077
-13003 30077
-13003 30077
-13003 30077
-13003 30077
-13003 30077
-13003 30077
-13003 30077
-13003 30077
-13003 30077
-12975 30090
-12975 30090
-12975 30090
-12975 30090
-12975 30090
-12975 30090
-12975 30090
-12975 30090
-12975 30090
-12975 30090
-12944 30103
-12944 30103
-12944 30103
-12944 30103
-12944 30103
-12944 30103
-12944 30103
-12944 30103
-12944 30103
-12944 30103
-12944 30103
-12916 30116
-12916 30116
-12916 30116
-12927 30110
-12927 30110
-12927 30110
-12927 30110
-12898 30123
-12898 30123
-12898 30123
-12898 30123
-12898 30123
-12898 30123
-12898 30123
-12898 30123
-12898 30123
-12898 30123
-12868 30135
-12868 30135
-12868 30135
-12868 30135
-12868 30135
-12868 30135
-12868 30135
-12868 30135
-12868 30135
-12868 30135
-12868 30135
-12839 30147
-12839 30147
-12839 30147
-12839 30147
-12839 30147
-12839 30147
-12839 30147
-12839 30147
-12839 30147
-12839 30147
-12809 30161
-12809 30161
-12809 30161
-12809 30161
-12809 30161
-12809 30161
-12809 30161
-12809 30161
-12809 30161
-12809 30161
-12781 30172
-12781 30172
-12781 30172
-12781 30172
-12781 30172
-12781 30172
-12781 30172
-12781 30172
-12781 30172
-12781 30172
-12750 30185
-12750 30185
-12750 30185
-12750 30185
-12750 30185
-12750 30185
-12750 30185
-12750 30185
-12750 30185
-12750 30185
-12721 30197
-12721 30197
-12721 30197
-12721 30197
-12721 30197
-12721 30197
-12721 30197
-12721 30197
-12721 30197
-12721 30197
-12691 30210
-12691 30210
-12691 30210
-12691 30210
-12691 30210
-12691 30210
-12691 30210
-12691 30210
-12691 30210
-12691 30210
-12663 30221
-12663 30221
-12663 30221
-12663 30221
-12663 30221
-12663 30221
-12663 30221
-12663 30221
-12663 30221
-12663 30221
-12633 30234
-12633 30234
-12633 30234
-12633 30234
-12633 30234
-12633 30234
-12633 30234
-12633 30234
-12633 30234
-12633 30234
-12633 30234
-12603 30246
-12603 30246
-12603 30246
-12603 30246
-12603 30246
-12603 30246
-12603 30246
-12603 30246
-12603 30246
-12603 30246
-12574 30258
-12574 30258
-12574 30258
-12574 30258
-12574 30258
-12574 30258
-12574 30258
-12574 30258
-12574 30258
-12574 30258
-12544 30271
-12544 30271
-12560 30264
-12560 30264
-12560 30264
-12531 30276
-12531 30276
-12531 30276
-12531 30276
-12531 30276
-12531 30276
-12531 30276
-12531 30276
-12531 30276
-12531 30276
-12502 30288
-12502 30288
-12502 30288
-12502 30288
-12502 30288
-12502 30288
-12502 30288
-12502 30288
-12502 30288
-12502 30288
-12472 30300
-12472 30300
-12472 30300
-12472 30300
-12472 30300
-12472 30300
-12472 30300
-12472 30300
-12472 30300
-12472 30300
-12443 30313
-12443 30313
-12443 30313
-12443 30313
-12443 30313
-12443 30313
-12443 30313
-12443 30313
-12443 30313
-12443 30313
-12443 30313
-12413 30325
-12413 30325
-12413 30325
-12413 30325
-12413 30325
-12413 30325
-12413 30325
-12413 30325
-12413 30325
-12413 30325
-12384 30337
-12384 30337
-12384 30337
-12384 30337
-12384 30337
-12384 30337
-12384 30337
-12384 30337
-12384 30337
-12384 30337
-12355 30349
-12355 30349
-12355 30349
-12355 30349
-12355 30349
-12355 30349
-12355 30349
-12355 30349
-12355 30349
-12355 30349
-12324 30362
-12324 30362
-12324 30362
-12324 30362
-12324 30362
-12324 30362
-12324 30362
-12324 30362
-12324 30362
-12324 30362
-12295 30374
-12295 30374
-12295 30374
-12295 30374
-12295 30374
-12295 30374
-12295 30374
-12295 30374
-12295 30374
-12295 30374
-12265 30385
-12265 30385
-12265 30385
-12265 30385
-12265 30385
-12265 30385
-12265 30385
-12265 30385
-12265 30385
-12265 30385
-12236 30397
-12236 30397
-12236 30397
-12236 30397
-12236 30397
-12236 30397
-12236 30397
-12236 30397
-12236 30397
-12236 30397
-12206 30410
-12206 30410
-12206 30410
-12206 30410
-12206 30410
-12206 30410
-12206 30410
-12206 30410
-12206 30410
-12206 30410
-12206 30410
-12177 30422
-12177 30422
-12177 30422
-12159 30429
-12159 30429
-12159 30429
-12159 30429
-12129 30442
-12129 30442
-12129 30442
-12129 30442
-12129 30442
-12129 30442
-12129 30442
-12129 30442
-12129 30442
-12129 30442
-12099 30453
-12099 30453
-12099 30453
-12099 30453
-12099 30453
-12099 30453
-12099 30453
-12099 30453
-12099 30453
-12099 30453
-12099 30453
-12070 30465
-12070 30465
-12070 30465
-12070 30465
-12070 30465
-12070 30465
-12070 30465
-12070 30465
-12070 30465
-12070 30465
-12040 30477
-12040 30477
-12040 30477
-12040 30477
-12040 30477
-12040 30477
-12040 30477
-12040 30477
-12040 30477
-12040 30477
-12011 30488
-12011 30488
-12011 30488
-12011 30488
-12011 30488
-12011 30488
-12011 30488
-12011 30488
-12011 30488
-12011 30488
-11980 30500
-11980 30500
-11980 30500
-11980 30500
-11980 30500
-11980 30500
-11980 30500
-11980 30500
-11980 30500
-11980 30500
-11950 30512
-11950 30512
-11950 30512
-11950 30512
-11950 30512
-11950 30512
-11950 30512
-11950 30512
-11950 30512
-11950 30512
-11921 30523
-11921 30523
-11921 30523
-11921 30523
-11921 30523
-11921 30523
-11921 30523
-11921 30523
-11921 30523
-11921 30523
-11892 30534
-11892 30534
-11892 30534
-11892 30534
-11892 30534
-11892 30534
-11892 30534
-11892 30534
-11892 30534
-11892 30534
-11862 30546
-11862 30546
-11862 30546
-11862 30546
-11862 30546
-11862 30546
-11862 30546
-11862 30546
-11862 30546
-11862 30546
-11862 30546
-11832 30557
-11832 30557
-11832 30557
-11832 30557
-11832 30557
-11832 30557
-11832 30557
-11832 30557
-11832 30557
-11832 30557
-11802 30569
-11802 30569
-11802 30569
-11802 30569
-11802 30569
-11802 30569
-11802 30569
-11802 30569
-11802 30569
-11802 30569
-11772 30580
-11772 30580
-11788 30574
-11788 30574
-11788 30574
-11759 30585
-11759 30585
-11759 30585
-11759 30585
-11759 30585
-11759 30585
-11759 30585
-11759 30585
-11759 30585
-11759 30585
-11729 30597
-11729 30597
-11729 30597
-11729 30597
-11729 30597
-11729 30597
-11729 30597
-11729 30597
-11729 30597
-11729 30597
-11699 30608
-11699 30608
-11699 30608
-11699 30608
-11699 30608
-11699 30608
-11699 30608
-11699 30608
-11699 30608
-11699 30608
-11670 30620
-11670 30620
-11670 30620
-11670 30620
-11670 30620
-11670 30620
-11670 30620
-11670 30620
-11670 30620
-11670 30620
-11670 30620
-11640 30631
-11640 30631
-11640 30631
-11640 30631
-11640 30631
-11640 30631
-11640 30631
-11640 30631
-11640 30631
-11640 30631
-11610 30643
-11610 30643
-11610 30643
-11610 30643
-11610 30643
-11610 30643
-11610 30643
-11610 30643
-11610 30643
-11610 30643
-11581 30654
-11581 30654
-11581 30654
-11581 30654
-11581 30654
-11581 30654
-11581 30654
-11581 30654
-11581 30654
-11581 30654
-11550 30666
-11550 30666
-11550 30666
-11550 30666
-11550 30666
-11550 30666
-11550 30666
-11550 30666
-11550 30666
-11550 30666
-11520 30677
-11520 30677
-11520 30677
-11520 30677
-11520 30677
-11520 30677
-11520 30677
-11520 30677
-11520 30677
-11520 30677
-11490 30688
-11490 30688
-11490 30688
-11490 30688
-11490 30688
-11490 30688
-11490 30688
-11490 30688
-11490 30688
-11490 30688
-11461 30699
-11461 30699
-11461 30699
-11461 30699
-11461 30699
-11461 30699
-11461 30699
-11461 30699
-11461 30699
-11461 30699
-11430 30711
-11430 30711
-11430 30711
-11430 30711
-11430 30711
-11430 30711
-11430 30711
-11430 30711
-11430 30711
-11430 30711
-11430 30711
-11401 30722
-11401 30722
-11401 30722
-11412 30716
-11412 30716
-11412 30716
-11412 30716
-11383 30728
-11383 30728
-11383 30728
-11383 30728
-11383 30728
-11383 30728
-11383 30728
-11383 30728
-11383 30728
-11383 30728
-11352 30739
-11352 30739
-11352 30739
-11352 30739
-11352 30739
-11352 30739
-11352 30739
-11352 30739
-11352 30739
-11352 30739
-11352 30739
-11322 30750
-11322 30750
-11322 30750
-11322 30750
-11322 30750
-11322 30750
-11322 30750
-11322 30750
-11322 30750
-11322 30750
-11292 30761
-11292 30761
-11292 30761
-11292 30761
-11292 30761
-11292 30761
-11292 30761
-11292 30761
-11292 30761
-11292 30761
-11263 30772
-11263 30772
-11263 30772
-11263 30772
-11263 30772
-11263 30772
-11263 30772
-11263 30772
-11263 30772
-11263 30772
-11232 30783
-11232 30783
-11232 30783
-11232 30783
-11232 30783
-11232 30783
-11232 30783
-11232 30783
-11232 30783
-11232 30783
-11202 30794
-11202 30794
-11202 30794
-11202 30794
-11202 30794
-11202 30794
-11202 30794
-11202 30794
-11202 30794
-11202 30794
-11172 30805
-11172 30805
-11172 30805
-11172 30805
-11172 30805
-11172 30805
-11172 30805
-11172 30805
-11172 30805
-11172 30805
-11143 30815
-11143 30815
-11143 30815
-11143 30815
-11143 30815
-11143 30815
-11143 30815
-11143 30815
-11143 30815
-11143 30815
-11113 30826
-11113 30826
-11113 30826
-11113 30826
-11113 30826
-11113 30826
-11113 30826
-11113 30826
-11113 30826
-11113 30826
-11113 30826
-11082 30837
-11082 30837
-11082 30837
-11082 30837
-11082 30837
-11082 30837
-11082 30837
-11082 30837
-11082 30837
-11082 30837
-11052 30847
-11052 30847
-11052 30847
-11052 30847
-11052 30847
-11052 30847
-11052 30847
-11052 30847
-11052 30847
-11052 30847
-11022 30858
-11022 30858
-11038 30852
-11038 30852
-11038 30852
-11009 30863
-11009 30863
-11009 30863
-11009 30863
-11009 30863
-11009 30863
-11009 30863
-11009 30863
-11009 30863
-11009 30863
-10979 30874
-10979 30874
-10979 30874
-10979 30874
-10979 30874
-10979 30874
-10979 30874
-10979 30874
-10979 30874
-10979 30874
-10949 30884
-10949 30884
-10949 30884
-10949 30884
-10949 30884
-10949 30884
-10949 30884
-10949 30884
-10949 30884
-10949 30884
-10919 30895
-10919 30895
-10919 30895
-10919 30895
-10919 30895
-10919 30895
-10919 30895
-10919 30895
-10919 30895
-10919 30895
-10919 30895
-10888 30906
-10888 30906
-10888 30906
-10888 30906
-10888 30906
-10888 30906
-10888 30906
-10888 30906
-10888 30906
-10888 30906
-10858 30917
-10858 30917
-10858 30917
-10858 30917
-10858 30917
-10858 30917
-10858 30917
-10858 30917
-10858 30917
-10858 30917
-10829 30927
-10829 30927
-10829 30927
-10829 30927
-10829 30927
-10829 30927
-10829 30927
-10829 30927
-10829 30927
-10829 30927
-10798 30938
-10798 30938
-10798 30938
-10798 30938
-10798 30938
-10798 30938
-10798 30938
-10798 30938
-10798 30938
-10798 30938
-10768 30949
-10768 30949
-10768 30949
-10768 30949
-10768 30949
-10768 30949
-10768 30949
-10768 30949
-10768 30949
-10768 30949
-10737 30959
-10737 30959
-10737 30959
-10737 30959
-10737 30959
-10737 30959
-10737 30959
-10737 30959
-10737 30959
-10737 30959
-10708 30969
-10708 30969
-10708 30969
-10708 30969
-10708 30969
-10708 30969
-10708 30969
-10708 30969
-10708 30969
-10708 30969
-10677 30980
-10677 30980
-10677 30980
-10677 30980
-10677 30980
-10677 30980
-10677 30980
-10677 30980
-10677 30980
-10677 30980
-10677 30980
-10648 30991
-10648 30991
-10648 30991
-10653 30988
-10653 30988
-10653 30988
-10653 30988
-10623 30999
-10623 30999
-10623 30999
-10623 30999
-10623 30999
-10623 30999
-10623 30999
-10623 30999
-10623 30999
-10623 30999
-10592 31009
-10592 31009
-10592 31009
-10592 31009
-10592 31009
-10592 31009
-10592 31009
-10592 31009
-10592 31009
-10592 31009
-10592 31009
-10562 31019
-10562 31019
-10562 31019
-10562 31019
-10562 31019
-10562 31019
-10562 31019
-10562 31019
-10562 31019
-10562 31019
-10532 31030
-10532 31030
-10532 31030
-10532 31030
-10532 31030
-10532 31030
-10532 31030
-10532 31030
-10532 31030
-10532 31030
-10502 31040
-10502 31040
-10502 31040
-10502 31040
-10502 31040
-10502 31040
-10502 31040
-10502 31040
-10502 31040
-10502 31040
-10471 31050
-10471 31050
-10471 31050
-10471 31050
-10471 31050
-10471 31050
-10471 31050
-10471 31050
-10471 31050
-10471 31050
-10441 31060
-10441 31060
-10441 31060
-10441 31060
-10441 31060
-10441 31060
-10441 31060
-10441 31060
-10441 31060
-10441 31060
-10410 31070
-10410 31070
-10410 31070
-10410 31070
-10410 31070
-10410 31070
-10410 31070
-10410 31070
-10410 31070
-10410 31070
-10381 31080
-10381 31080
-10381 31080
-10381 31080
-10381 31080
-10381 31080
-10381 31080
-10381 31080
-10381 31080
-10381 31080
-10350 31090
-10350 31090
-10350 31090
-10350 31090
-10350 31090
-10350 31090
-10350 31090
-10350 31090
-10350 31090
-10350 31090
-10350 31090
-10320 31100
-10320 31100
-10320 31100
-10320 31100
-10320 31100
-10320 31100
-10320 31100
-10320 31100
-10320 31100
-10320 31100
-10290 31110
-10290 31110
-10290 31110
-10290 31110
-10290 31110
-10290 31110
-10290 31110
-10290 31110
-10290 31110
-10290 31110
-10259 31120
-10259 31120
-10275 31115
-10275 31115
-10275 31115
-10246 31124
-10246 31124
-10246 31124
-10246 31124
-10246 31124
-10246 31124
-10246 31124
-10246 31124
-10246 31124
-10246 31124
-10215 31134
-10215 31134
-10215 31134
-10215 31134
-10215 31134
-10215 31134
-10215 31134
-10215 31134
-10215 31134
-10215 31134
-10185 31144
-10185 31144
-10185 31144
-10185 31144
-10185 31144
-10185 31144
-10185 31144
-10185 31144
-10185 31144
-10185 31144
-10155 31154
-10155 31154
-10155 31154
-10155 31154
-10155 31154
-10155 31154
-10155 31154
-10155 31154
-10155 31154
-10155 31154
-10155 31154
-10124 31164
-10124 31164
-10124 31164
-10124 31164
-10124 31164
-10124 31164
-10124 31164
-10124 31164
-10124 31164
-10124 31164
-10094 31174
-10094 31174
-10094 31174
-10094 31174
-10094 31174
-10094 31174
-10094 31174
-10094 31174
-10094 31174
-10094 31174
-10064 31184
-10064 31184
-10064 31184
-10064 31184
-10064 31184
-10064 31184
-10064 31184
-10064 31184
-10064 31184
-10064 31184
-10033 31194
-10033 31194
-10033 31194
-10033 31194
-10033 31194
-10033 31194
-10033 31194
-10033 31194
-10033 31194
-10033 31194
-10003 31204
-10003 31204
-10003 31204
-10003 31204
-10003 31204
-10003 31204
-10003 31204
-10003 31204
-10003 31204
-10003 31204
-9972 31214
-9972 31214
-9972 31214
-9972 31214
-9972 31214
-9972 31214
-9972 31214
-9972 31214
-9972 31214
-9972 31214
-9943 31223
-9943 31223
-9943 31223
-9943 31223
-9943 31223
-9943 31223
-9943 31223
-9943 31223
-9943 31223
-9943 31223
-9911 31234
-9911 31234
-9911 31234
-9911 31234
-9911 31234
-9911 31234
-9911 31234
-9911 31234
-9911 31234
-9911 31234
-9911 31234
-9882 31243
-9882 31243
-9882 31243
-9893 31238
-9893 31238
-9893 31238
-9893 31238
-9862 31249
-9862 31249
-9862 31249
-9862 31249
-9862 31249
-9862 31249
-9862 31249
-9862 31249
-9862 31249
-9862 31249
-9832 31258
-9832 31258
-9832 31258
-9832 31258
-9832 31258
-9832 31258
-9832 31258
-9832 31258
-9832 31258
-9832 31258
-9832 31258
-9801 31267
-9801 31267
-9801 31267
-9801 31267
-9801 31267
-9801 31267
-9801 31267
-9801 31267
-9801 31267
-9801 31267
-9771 31277
-9771 31277
-9771 31277
-9771 31277
-9771 31277
-9771 31277
-9771 31277
-9771 31277
-9771 31277
-9771 31277
-9741 31286
-9741 31286
-9741 31286
-9741 31286
-9741 31286
-9741 31286
-9741 31286
-9741 31286
-9741 31286
-9741 31286
-9710 31296
-9710 31296
-9710 31296
-9710 31296
-9710 31296
-9710 31296
-9710 31296
-9710 31296
-9710 31296
-9710 31296
-9679 31305
-9679 31305
-9679 31305
-9679 31305
-9679 31305
-9679 31305
-9679 31305
-9679 31305
-9679 31305
-9679 31305
-9648 31315
-9648 31315
-9648 31315
-9648 31315
-9648 31315
-9648 31315
-9648 31315
-9648 31315
-9648 31315
-9648 31315
-9619 31324
-9619 31324
-9619 31324
-9619 31324
-9619 31324
-9619 31324
-9619 31324
-9619 31324
-9619 31324
-9619 31324
-9588 31333
-9588 31333
-9588 31333
-9588 31333
-9588 31333
-9588 31333
-9588 31333
-9588 31333
-9588 31333
-9588 31333
-9588 31333
-9557 31342
-9557 31342
-9557 31342
-9557 31342
-9557 31342
-9557 31342
-9557 31342
-9557 31342
-9557 31342
-9557 31342
-9527 31351
-9527 31351
-9527 31351
-9527 31351
-9527 31351
-9527 31351
-9527 31351
-9527 31351
-9527 31351
-9527 31351
-9496 31361
-9496 31361
-9512 31356
-9512 31356
-9512 31356
-9483 31365
-9483 31365
-9483 31365
-9483 31365
-9483 31365
-9483 31365
-9483 31365
-9483 31365
-9483 31365
-9483 31365
-9452 31374
-9452 31374
-9452 31374
-9452 31374
-9452 31374
-9452 31374
-9452 31374
-9452 31374
-9452 31374
-9452 31374
-9421 31383
-9421 31383
-9421 31383
-9421 31383
-9421 31383
-9421 31383
-9421 31383
-9421 31383
-9421 31383
-9421 31383
-9391 31393
-9391 31393
-9391 31393
-9391 31393
-9391 31393
-9391 31393
-9391 31393
-9391 31393
-9391 31393
-9391 31393
-9391 31393
-9360 31402
-9360 31402
-9360 31402
-9360 31402
-9360 31402
-9360 31402
-9360 31402
-9360 31402
-9360 31402
-9360 31402
-9330 31411
-9330 31411
-9330 31411
-9330 31411
-9330 31411
-9330 31411
-9330 31411
-9330 31411
-9330 31411
-9330 31411
-9300 31420
-9300 31420
-9300 31420
-9300 31420
-9300 31420
-9300 31420
-9300 31420
-9300 31420
-9300 31420
-9300 31420
-9268 31430
-9268 31430
-9268 31430
-9268 31430
-9268 31430
-9268 31430
-9268 31430
-9268 31430
-9268 31430
-9268 31430
-9238 31439
-9238 31439
-9238 31439
-9238 31439
-9238 31439
-9238 31439
-9238 31439
-9238 31439
-9238 31439
-9238 31439
-9207 31447
-9207 31447
-9207 31447
-9207 31447
-9207 31447
-9207 31447
-9207 31447
-9207 31447
-9207 31447
-9207 31447
-9177 31456
-9177 31456
-9177 31456
-9177 31456
-9177 31456
-9177 31456
-9177 31456
-9177 31456
-9177 31456
-9177 31456
-9146 31466
-9146 31466
-9146 31466
-9146 31466
-9146 31466
-9146 31466
-9146 31466
-9146 31466
-9146 31466
-9146 31466
-9146 31466
-9116 31475
-9116 31475
-9116 31475
-9128 31471
-9128 31471
-9128 31471
-9128 31471
-9097 31480
-9097 31480
-9097 31480
-9097 31480
-9097 31480
-9097 31480
-9097 31480
-9097 31480
-9097 31480
-9097 31480
-9066 31489
-9066 31489
-9066 31489
-9066 31489
-9066 31489
-9066 31489
-9066 31489
-9066 31489
-9066 31489
-9066 31489
-9066 31489
-9035 31497
-9035 31497
-9035 31497
-9035 31497
-9035 31497
-9035 31497
-9035 31497
-9035 31497
-9035 31497
-9035 31497
-9005 31507
-9005 31507
-9005 31507
-9005 31507
-9005 31507
-9005 31507
-9005 31507
-9005 31507
-9005 31507
-9005 31507
-8975 31515
-8975 31515
-8975 31515
-8975 31515
-8975 31515
-8975 31515
-8975 31515
-8975 31515
-8975 31515
-8975 31515
-8943 31524
-8943 31524
-8943 31524
-8943 31524
-8943 31524
-8943 31524
-8943 31524
-8943 31524
-8943 31524
-8943 31524
-8912 31533
-8912 31533
-8912 31533
-8912 31533
-8912 31533
-8912 31533
-8912 31533
-8912 31533
-8912 31533
-8912 31533
-8881 31541
-8881 31541
-8881 31541
-8881 31541
-8881 31541
-8881 31541
-8881 31541
-8881 31541
-8881 31541
-8881 31541
-8851 31549
-8851 31549
-8851 31549
-8851 31549
-8851 31549
-8851 31549
-8851 31549
-8851 31549
-8851 31549
-8851 31549
-8821 31558
-8821 31558
-8821 31558
-8821 31558
-8821 31558
-8821 31558
-8821 31558
-8821 31558
-8821 31558
-8821 31558
-8821 31558
-8790 31566
-8790 31566
-8790 31566
-8790 31566
-8790 31566
-8790 31566
-8790 31566
-8790 31566
-8790 31566
-8790 31566
-8759 31575
-8759 31575
-8759 31575
-8759 31575
-8759 31575
-8759 31575
-8759 31575
-8759 31575
-8759 31575
-8759 31575
-8728 31583
-8728 31583
-8744 31579
-8744 31579
-8744 31579
-8715 31587
-8715 31587
-8715 31587
-8715 31587
-8715 31587
-8715 31587
-8715 31587
-8715 31587
-8715 31587
-8715 31587
-8684 31596
-8684 31596
-8684 31596
-8684 31596
-8684 31596
-8684 31596
-8684 31596
-8684 31596
-8684 31596
-8684 31596
-8653 31604
-8653 31604
-8653 31604
-8653 31604
-8653 31604
-8653 31604
-8653 31604
-8653 31604
-8653 31604
-8653 31604
-8622 31613
-8622 31613
-8622 31613
-8622 31613
-8622 31613
-8622 31613
-8622 31613
-8622 31613
-8622 31613
-8622 31613
-8622 31613
-8591 31621
-8591 31621
-8591 31621
-8591 31621
-8591 31621
-8591 31621
-8591 31621
-8591 31621
-8591 31621
-8591 31621
-8560 31630
-8560 31630
-8560 31630
-8560 31630
-8560 31630
-8560 31630
-8560 31630
-8560 31630
-8560 31630
-8560 31630
-8530 31638
-8530 31638
-8530 31638
-8530 31638
-8530 31638
-8530 31638
-8530 31638
-8530 31638
-8530 31638
-8530 31638
-8499 31647
-8499 31647
-8499 31647
-8499 31647
-8499 31647
-8499 31647
-8499 31647
-8499 31647
-8499 31647
-8499 31647
-8468 31655
-8468 31655
-8468 31655
-8468 31655
-8468 31655
-8468 31655
-8468 31655
-8468 31655
-8468 31655
-8468 31655
-8437 31663
-8437 31663
-8437 31663
-8437 31663
-8437 31663
-8437 31663
-8437 31663
-8437 31663
-8437 31663
-8437 31663
-8407 31671
-8407 31671
-8407 31671
-8407 31671
-8407 31671
-8407 31671
-8407 31671
-8407 31671
-8407 31671
-8407 31671
-8375 31680
-8375 31680
-8375 31680
-8375 31680
-8375 31680
-8375 31680
-8375 31680
-8375 31680
-8375 31680
-8375 31680
-8375 31680
-8345 31688
-8345 31688
-8345 31688
-8356 31684
-8356 31684
-8356 31684
-8356 31684
-8325 31693
-8325 31693
-8325 31693
-8325 31693
-8325 31693
-8325 31693
-8325 31693
-8325 31693
-8325 31693
-8325 31693
-8294 31701
-8294 31701
-8294 31701
-8294 31701
-8294 31701
-8294 31701
-8294 31701
-8294 31701
-8294 31701
-8294 31701
-8294 31701
-8263 31709
-8263 31709
-8263 31709
-8263 31709
-8263 31709
-8263 31709
-8263 31709
-8263 31709
-8263 31709
-8263 31709
-8232 31717
-8232 31717
-8232 31717
-8232 31717
-8232 31717
-8232 31717
-8232 31717
-8232 31717
-8232 31717
-8232 31717
-8202 31725
-8202 31725
-8202 31725
-8202 31725
-8202 31725
-8202 31725
-8202 31725
-8202 31725
-8202 31725
-8202 31725
-8170 31733
-8170 31733
-8170 31733
-8170 31733
-8170 31733
-8170 31733
-8170 31733
-8170 31733
-8170 31733
-8170 31733
-8139 31741
-8139 31741
-8139 31741
-8139 31741
-8139 31741
-8139 31741
-8139 31741
-8139 31741
-8139 31741
-8139 31741
-8108 31749
-8108 31749
-8108 31749
-8108 31749
-8108 31749
-8108 31749
-8108 31749
-8108 31749
-8108 31749
-8108 31749
-8078 31756
-8078 31756
-8078 31756
-8078 31756
-8078 31756
-8078 31756
-8078 31756
-8078 31756
-8078 31756
-8078 31756
-8047 31764
-8047 31764
-8047 31764
-8047 31764
-8047 31764
-8047 31764
-8047 31764
-8047 31764
-8047 31764
-8047 31764
-8047 31764
-8016 31772
-8016 31772
-8016 31772
-8016 31772
-8016 31772
-8016 31772
-8016 31772
-8016 31772
-8016 31772
-8016 31772
-7985 31779
-7985 31779
-7985 31779
-7985 31779
-7985 31779
-7985 31779
-7985 31779
-7985 31779
-7985 31779
-7985 31779
-7954 31787
-7954 31787
-7971 31783
-7971 31783
-7971 31783
-7940 31791
-7940 31791
-7940 31791
-7940 31791
-7940 31791
-7940 31791
-7940 31791
-7940 31791
-7940 31791
-7940 31791
-7909 31798
-7909 31798
-7909 31798
-7909 31798
-7909 31798
-7909 31798
-7909 31798
-7909 31798
-7909 31798
-7909 31798
-7878 31806
-7878 31806
-7878 31806
-7878 31806
-7878 31806
-7878 31806
-7878 31806
-7878 31806
-7878 31806
-7878 31806
-7847 31814
-7847 31814
-7847 31814
-7847 31814
-7847 31814
-7847 31814
-7847 31814
-7847 31814
-7847 31814
-7847 31814
-7847 31814
-7816 31822
-7816 31822
-7816 31822
-7816 31822
-7816 31822
-7816 31822
-7816 31822
-7816 31822
-7816 31822
-7816 31822
-7785 31830
-7785 31830
-7785 31830
-7785 31830
-7785 31830
-7785 31830
-7785 31830
-7785 31830
-7785 31830
-7785 31830
-7755 31837
-7755 31837
-7755 31837
-7755 31837
-7755 31837
-7755 31837
-7755 31837
-7755 31837
-7755 31837
-7755 31837
-7723 31845
-7723 31845
-7723 31845
-7723 31845
-7723 31845
-7723 31845
-7723 31845
-7723 31845
-7723 31845
-7723 31845
-7692 31853
-7692 31853
-7692 31853
-7692 31853
-7692 31853
-7692 31853
-7692 31853
-7692 31853
-7692 31853
-7692 31853
-7661 31860
-7661 31860
-7661 31860
-7661 31860
-7661 31860
-7661 31860
-7661 31860
-7661 31860
-7661 31860
-7661 31860
-7631 31867
-7631 31867
-7631 31867
-7631 31867
-7631 31867
-7631 31867
-7631 31867
-7631 31867
-7631 31867
-7631 31867
-7599 31875
-7599 31875
-7599 31875
-7599 31875
-7599 31875
-7599 31875
-7599 31875
-7599 31875
-7599 31875
-7599 31875
-7599 31875
-7569 31883
-7569 31883
-7569 31883
-7581 31879
-7581 31879
-7581 31879
-7581 31879
-7550 31887
-7550 31887
-7550 31887
-7550 31887
-7550 31887
-7550 31887
-7550 31887
-7550 31887
-7550 31887
-7550 31887
-7519 31894
-7519 31894
-7519 31894
-7519 31894
-7519 31894
-7519 31894
-7519 31894
-7519 31894
-7519 31894
-7519 31894
-7519 31894
-7488 31901
-7488 31901
-7488 31901
-7488 31901
-7488 31901
-7488 31901
-7488 31901
-7488 31901
-7488 31901
-7488 31901
-7457 31909
-7457 31909
-7457 31909
-7457 31909
-7457 31909
-7457 31909
-7457 31909
-7457 31909
-7457 31909
-7457 31909
-7427 31916
-7427 31916
-7427 31916
-7427 31916
-7427 31916
-7427 31916
-7427 31916
-7427 31916
-7427 31916
-7427 31916
-7395 31923
-7395 31923
-7395 31923
-7395 31923
-7395 31923
-7395 31923
-7395 31923
-7395 31923
-7395 31923
-7395 31923
-7363 31930
-7363 31930
-7363 31930
-7363 31930
-7363 31930
-7363 31930
-7363 31930
-7363 31930
-7363 31930
-7363 31930
-7332 31937
-7332 31937
-7332 31937
-7332 31937
-7332 31937
-7332 31937
-7332 31937
-7332 31937
-7332 31937
-7332 31937
-7302 31944
-7302 31944
-7302 31944
-7302 31944
-7302 31944
-7302 31944
-7302 31944
-7302 31944
-7302 31944
-7302 31944
-7271 31951
-7271 31951
-7271 31951
-7271 31951
-7271 31951
-7271 31951
-7271 31951
-7271 31951
-7271 31951
-7271 31951
-7271 31951
-7239 31958
-7239 31958
-7239 31958
-7239 31958
-7239 31958
-7239 31958
-7239 31958
-7239 31958
-7239 31958
-7239 31958
-7208 31965
-7208 31965
-7208 31965
-7208 31965
-7208 31965
-7208 31965
-7208 31965
-7208 31965
-7208 31965
-7208 31965
-7177 31972
-7177 31972
-7194 31968
-7194 31968
-7194 31968
-7163 31975
-7163 31975
-7163 31975
-7163 31975
-7163 31975
-7163 31975
-7163 31975
-7163 31975
-7163 31975
-7163 31975
-7132 31982
-7132 31982
-7132 31982
-7132 31982
-7132 31982
-7132 31982
-7132 31982
-7132 31982
-7132 31982
-7132 31982
-7101 31989
-7101 31989
-7101 31989
-7101 31989
-7101 31989
-7101 31989
-7101 31989
-7101 31989
-7101 31989
-7101 31989
-7070 31996
-7070 31996
-7070 31996
-7070 31996
-7070 31996
-7070 31996
-7070 31996
-7070 31996
-7070 31996
-7070 31996
-7070 31996
-7038 32003
-7038 32003
-7038 32003
-7038 32003
-7038 32003
-7038 32003
-7038 32003
-7038 32003
-7038 32003
-7038 32003
-7007 32010
-7007 32010
-7007 32010
-7007 32010
-7007 32010
-7007 32010
-7007 32010
-7007 32010
-7007 32010
-7007 32010
-6977 32017
-6977 32017
-6977 32017
-6977 32017
-6977 32017
-6977 32017
-6977 32017
-6977 32017
-6977 32017
-6977 32017
-6945 32024
-6945 32024
-6945 32024
-6945 32024
-6945 32024
-6945 32024
-6945 32024
-6945 32024
-6945 32024
-6945 32024
-6914 32031
-6914 32031
-6914 32031
-6914 32031
-6914 32031
-6914 32031
-6914 32031
-6914 32031
-6914 32031
-6914 32031
-6882 32037
-6882 32037
-6882 32037
-6882 32037
-6882 32037
-6882 32037
-6882 32037
-6882 32037
-6882 32037
-6882 32037
-6852 32044
-6852 32044
-6852 32044
-6852 32044
-6852 32044
-6852 32044
-6852 32044
-6852 32044
-6852 32044
-6852 32044
-6820 32051
-6820 32051
-6820 32051
-6820 32051
-6820 32051
-6820 32051
-6820 32051
-6820 32051
-6820 32051
-6820 32051
-6820 32051
-6789 32058
-6789 32058
-6789 32058
-6805 32054
-6805 32054
-6805 32054
-6805 32054
-6773 32061
-6773 32061
-6773 32061
-6773 32061
-6773 32061
-6773 32061
-6773 32061
-6773 32061
-6773 32061
-6773 32061
-6742 32067
-6742 32067
-6742 32067
-6742 32067
-6742 32067
-6742 32067
-6742 32067
-6742 32067
-6742 32067
-6742 32067
-6742 32067
-6711 32073
-6711 32073
-6711 32073
-6711 32073
-6711 32073
-6711 32073
-6711 32073
-6711 32073
-6711 32073
-6711 32073
-6679 32081
-6679 32081
-6679 32081
-6679 32081
-6679 32081
-6679 32081
-6679 32081
-6679 32081
-6679 32081
-6679 32081
-6649 32087
-6649 32087
-6649 32087
-6649 32087
-6649 32087
-6649 32087
-6649 32087
-6649 32087
-6649 32087
-6649 32087
-6617 32093
-6617 32093
-6617 32093
-6617 32093
-6617 32093
-6617 32093
-6617 32093
-6617 32093
-6617 32093
-6617 32093
-6585 32099
-6585 32099
-6585 32099
-6585 32099
-6585 32099
-6585 32099
-6585 32099
-6585 32099
-6585 32099
-6585 32099
-6554 32106
-6554 32106
-6554 32106
-6554 32106
-6554 32106
-6554 32106
-6554 32106
-6554 32106
-6554 32106
-6554 32106
-6524 32112
-6524 32112
-6524 32112
-6524 32112
-6524 32112
-6524 32112
-6524 32112
-6524 32112
-6524 32112
-6524 32112
-6492 32118
-6492 32118
-6492 32118
-6492 32118
-6492 32118
-6492 32118
-6492 32118
-6492 32118
-6492 32118
-6492 32118
-6492 32118
-6461 32124
-6461 32124
-6461 32124
-6461 32124
-6461 32124
-6461 32124
-6461 32124
-6461 32124
-6461 32124
-6461 32124
-6429 32131
-6429 32131
-6429 32131
-6429 32131
-6429 32131
-6429 32131
-6429 32131
-6429 32131
-6429 32131
-6429 32131
-6398 32137
-6398 32137
-6415 32133
-6415 32133
-6415 32133
-6384 32140
-6384 32140
-6384 32140
-6384 32140
-6384 32140
-6384 32140
-6384 32140
-6384 32140
-6384 32140
-6384 32140
-6353 32146
-6353 32146
-6353 32146
-6353 32146
-6353 32146
-6353 32146
-6353 32146
-6353 32146
-6353 32146
-6353 32146
-6321 32152
-6321 32152
-6321 32152
-6321 32152
-6321 32152
-6321 32152
-6321 32152
-6321 32152
-6321 32152
-6321 32152
-6290 32158
-6290 32158
-6290 32158
-6290 32158
-6290 32158
-6290 32158
-6290 32158
-6290 32158
-6290 32158
-6290 32158
-6290 32158
-6259 32165
-6259 32165
-6259 32165
-6259 32165
-6259 32165
-6259 32165
-6259 32165
-6259 32165
-6259 32165
-6259 32165
-6227 32171
-6227 32171
-6227 32171
-6227 32171
-6227 32171
-6227 32171
-6227 32171
-6227 32171
-6227 32171
-6227 32171
-6197 32177
-6197 32177
-6197 32177
-6197 32177
-6197 32177
-6197 32177
-6197 32177
-6197 32177
-6197 32177
-6197 32177
-6165 32183
-6165 32183
-6165 32183
-6165 32183
-6165 32183
-6165 32183
-6165 32183
-6165 32183
-6165 32183
-6165 32183
-6133 32190
-6133 32190
-6133 32190
-6133 32190
-6133 32190
-6133 32190
-6133 32190
-6133 32190
-6133 32190
-6133 32190
-6102 32195
-6102 32195
-6102 32195
-6102 32195
-6102 32195
-6102 32195
-6102 32195
-6102 32195
-6102 32195
-6102 32195
-6071 32201
-6071 32201
-6071 32201
-6071 32201
-6071 32201
-6071 32201
-6071 32201
-6071 32201
-6071 32201
-6071 32201
-6039 32207
-6039 32207
-6039 32207
-6039 32207
-6039 32207
-6039 32207
-6039 32207
-6039 32207
-6039 32207
-6039 32207
-6039 32207
-6008 32213
-6008 32213
-6008 32213
-5990 32216
-5990 32216
-5990 32216
-5990 32216
-5958 32222
-5958 32222
-5958 32222
-5958 32222
-5958 32222
-5958 32222
-5958 32222
-5958 32222
-5958 32222
-5958 32222
-5927 32228
-5927 32228
-5927 32228
-5927 32228
-5927 32228
-5927 32228
-5927 32228
-5927 32228
-5927 32228
-5927 32228
-5927 32228
-5895 32233
-5895 32233
-5895 32233
-5895 32233
-5895 32233
-5895 32233
-5895 32233
-5895 32233
-5895 32233
-5895 32233
-5864 32240
-5864 32240
-5864 32240
-5864 32240
-5864 32240
-5864 32240
-5864 32240
-5864 32240
-5864 32240
-5864 32240
-5833 32245
-5833 32245
-5833 32245
-5833 32245
-5833 32245
-5833 32245
-5833 32245
-5833 32245
-5833 32245
-5833 32245
-5801 32251
-5801 32251
-5801 32251
-5801 32251
-5801 32251
-5801 32251
-5801 32251
-5801 32251
-5801 32251
-5801 32251
-5769 32256
-5769 32256
-5769 32256
-5769 32256
-5769 32256
-5769 32256
-5769 32256
-5769 32256
-5769 32256
-5769 32256
-5738 32261
-5738 32261
-5738 32261
-5738 32261
-5738 32261
-5738 32261
-5738 32261
-5738 32261
-5738 32261
-5738 32261
-5707 32267
-5707 32267
-5707 32267
-5707 32267
-5707 32267
-5707 32267
-5707 32267
-5707 32267
-5707 32267
-5707 32267
-5676 32272
-5676 32272
-5676 32272
-5676 32272
-5676 32272
-5676 32272
-5676 32272
-5676 32272
-5676 32272
-5676 32272
-5676 32272
-5644 32278
-5644 32278
-5644 32278
-5644 32278
-5644 32278
-5644 32278
-5644 32278
-5644 32278
-5644 32278
-5644 32278
-5612 32283
-5612 32283
-5612 32283
-5612 32283
-5612 32283
-5612 32283
-5612 32283
-5612 32283
-5612 32283
-5612 32283
-5581 32289
-5581 32289
-5598 32286
-5598 32286
-5598 32286
-5567 32291
-5567 32291
-5567 32291
-5567 32291
-5567 32291
-5567 32291
-5567 32291
-5567 32291
-5567 32291
-5567 32291
-5536 32296
-5536 32296
-5536 32296
-5536 32296
-5536 32296
-5536 32296
-5536 32296
-5536 32296
-5536 32296
-5536 32296
-5504 32302
-5504 32302
-5504 32302
-5504 32302
-5504 32302
-5504 32302
-5504 32302
-5504 32302
-5504 32302
-5504 32302
-5473 32307
-5473 32307
-5473 32307
-5473 32307
-5473 32307
-5473 32307
-5473 32307
-5473 32307
-5473 32307
-5473 32307
-5473 32307
-5441 32313
-5441 32313
-5441 32313
-5441 32313
-5441 32313
-5441 32313
-5441 32313
-5441 32313
-5441 32313
-5441 32313
-5410 32318
-5410 32318
-5410 32318
-5410 32318
-5410 32318
-5410 32318
-5410 32318
-5410 32318
-5410 32318
-5410 32318
-5379 32324
-5379 32324
-5379 32324
-5379 32324
-5379 32324
-5379 32324
-5379 32324
-5379 32324
-5379 32324
-5379 32324
-5346 32329
-5346 32329
-5346 32329
-5346 32329
-5346 32329
-5346 32329
-5346 32329
-5346 32329
-5346 32329
-5346 32329
-5315 32335
-5315 32335
-5315 32335
-5315 32335
-5315 32335
-5315 32335
-5315 32335
-5315 32335
-5315 32335
-5315 32335
-5283 32339
-5283 32339
-5283 32339
-5283 32339
-5283 32339
-5283 32339
-5283 32339
-5283 32339
-5283 32339
-5283 32339
-5253 32344
-5253 32344
-5253 32344
-5253 32344
-5253 32344
-5253 32344
-5253 32344
-5253 32344
-5253 32344
-5253 32344
-5220 32350
-5220 32350
-5220 32350
-5220 32350
-5220 32350
-5220 32350
-5220 32350
-5220 32350
-5220 32350
-5220 32350
-5220 32350
-5190 32355
-5190 32355
-5190 32355
-5201 32354
-5201 32354
-5201 32354
-5201 32354
-5170 32359
-5170 32359
-5170 32359
-5170 32359
-5170 32359
-5170 32359
-5170 32359
-5170 32359
-5170 32359
-5170 32359
-5138 32364
-5138 32364
-5138 32364
-5138 32364
-5138 32364
-5138 32364
-5138 32364
-5138 32364
-5138 32364
-5138 32364
-5138 32364
-5106 32369
-5106 32369
-5106 32369
-5106 32369
-5106 32369
-5106 32369
-5106 32369
-5106 32369
-5106 32369
-5106 32369
-5075 32374
-5075 32374
-5075 32374
-5075 32374
-5075 32374
-5075 32374
-5075 32374
-5075 32374
-5075 32374
-5075 32374
-5044 32379
-5044 32379
-5044 32379
-5044 32379
-5044 32379
-5044 32379
-5044 32379
-5044 32379
-5044 32379
-5044 32379
-5012 32384
-5012 32384
-5012 32384
-5012 32384
-5012 32384
-5012 32384
-5012 32384
-5012 32384
-5012 32384
-5012 32384
-4980 32388
-4980 32388
-4980 32388
-4980 32388
-4980 32388
-4980 32388
-4980 32388
-4980 32388
-4980 32388
-4980 32388
-4948 32393
-4948 32393
-4948 32393
-4948 32393
-4948 32393
-4948 32393
-4948 32393
-4948 32393
-4948 32393
-4948 32393
-4918 32398
-4918 32398
-4918 32398
-4918 32398
-4918 32398
-4918 32398
-4918 32398
-4918 32398
-4918 32398
-4918 32398
-4886 32402
-4886 32402
-4886 32402
-4886 32402
-4886 32402
-4886 32402
-4886 32402
-4886 32402
-4886 32402
-4886 32402
-4886 32402
-4854 32407
-4854 32407
-4854 32407
-4854 32407
-4854 32407
-4854 32407
-4854 32407
-4854 32407
-4854 32407
-4854 32407
-4823 32412
-4823 32412
-4823 32412
-4823 32412
-4823 32412
-4823 32412
-4823 32412
-4823 32412
-4823 32412
-4823 32412
-4791 32416
-4791 32416
-4808 32414
-4808 32414
-4808 32414
-4777 32418
-4777 32418
-4777 32418
-4777 32418
-4777 32418
-4777 32418
-4777 32418
-4777 32418
-4777 32418
-4777 32418
-4745 32423
-4745 32423
-4745 32423
-4745 32423
-4745 32423
-4745 32423
-4745 32423
-4745 32423
-4745 32423
-4745 32423
-4714 32428
-4714 32428
-4714 32428
-4714 32428
-4714 32428
-4714 32428
-4714 32428
-4714 32428
-4714 32428
-4714 32428
-4682 32432
-4682 32432
-4682 32432
-4682 32432
-4682 32432
-4682 32432
-4682 32432
-4682 32432
-4682 32432
-4682 32432
-4682 32432
-4650 32437
-4650 32437
-4650 32437
-4650 32437
-4650 32437
-4650 32437
-4650 32437
-4650 32437
-4650 32437
-4650 32437
-4619 32442
-4619 32442
-4619 32442
-4619 32442
-4619 32442
-4619 32442
-4619 32442
-4619 32442
-4619 32442
-4619 32442
-4588 32446
-4588 32446
-4588 32446
-4588 32446
-4588 32446
-4588 32446
-4588 32446
-4588 32446
-4588 32446
-4588 32446
-4556 32451
-4556 32451
-4556 32451
-4556 32451
-4556 32451
-4556 32451
-4556 32451
-4556 32451
-4556 32451
-4556 32451
-4524 32456
-4524 32456
-4524 32456
-4524 32456
-4524 32456
-4524 32456
-4524 32456
-4524 32456
-4524 32456
-4524 32456
-4492 32460
-4492 32460
-4492 32460
-4492 32460
-4492 32460
-4492 32460
-4492 32460
-4492 32460
-4492 32460
-4492 32460
-4461 32464
-4461 32464
-4461 32464
-4461 32464
-4461 32464
-4461 32464
-4461 32464
-4461 32464
-4461 32464
-4461 32464
-4429 32469
-4429 32469
-4429 32469
-4429 32469
-4429 32469
-4429 32469
-4429 32469
-4429 32469
-4429 32469
-4429 32469
-4429 32469
-4398 32473
-4398 32473
-4398 32473
-4410 32469
-4410 32469
-4410 32469
-4410 32469
-4378 32474
-4378 32474
-4378 32474
-4378 32474
-4378 32474
-4378 32474
-4378 32474
-4378 32474
-4378 32474
-4378 32474
-4346 32478
-4346 32478
-4346 32478
-4346 32478
-4346 32478
-4346 32478
-4346 32478
-4346 32478
-4346 32478
-4346 32478
-4346 32478
-4314 32482
-4314 32482
-4314 32482
-4314 32482
-4314 32482
-4314 32482
-4314 32482
-4314 32482
-4314 32482
-4314 32482
-4283 32487
-4283 32487
-4283 32487
-4283 32487
-4283 32487
-4283 32487
-4283 32487
-4283 32487
-4283 32487
-4283 32487
-4252 32491
-4252 32491
-4252 32491
-4252 32491
-4252 32491
-4252 32491
-4252 32491
-4252 32491
-4252 32491
-4252 32491
-4219 32495
-4219 32495
-4219 32495
-4219 32495
-4219 32495
-4219 32495
-4219 32495
-4219 32495
-4219 32495
-4219 32495
-4188 32499
-4188 32499
-4188 32499
-4188 32499
-4188 32499
-4188 32499
-4188 32499
-4188 32499
-4188 32499
-4188 32499
-4156 32503
-4156 32503
-4156 32503
-4156 32503
-4156 32503
-4156 32503
-4156 32503
-4156 32503
-4156 32503
-4156 32503
-4125 32506
-4125 32506
-4125 32506
-4125 32506
-4125 32506
-4125 32506
-4125 32506
-4125 32506
-4125 32506
-4125 32506
-4093 32510
-4093 32510
-4093 32510
-4093 32510
-4093 32510
-4093 32510
-4093 32510
-4093 32510
-4093 32510
-4093 32510
-4093 32510
-4061 32514
-4061 32514
-4061 32514
-4061 32514
-4061 32514
-4061 32514
-4061 32514
-4061 32514
-4061 32514
-4061 32514
-4030 32518
-4030 32518
-4030 32518
-4030 32518
-4030 32518
-4030 32518
-4030 32518
-4030 32518
-4030 32518
-4030 32518
-3998 32522
-3998 32522
-4015 32520
-4015 32520
-4015 32520
-3984 32524
-3984 32524
-3984 32524
-3984 32524
-3984 32524
-3984 32524
-3984 32524
-3984 32524
-3984 32524
-3984 32524
-3952 32528
-3952 32528
-3952 32528
-3952 32528
-3952 32528
-3952 32528
-3952 32528
-3952 32528
-3952 32528
-3952 32528
-3921 32532
-3921 32532
-3921 32532
-3921 32532
-3921 32532
-3921 32532
-3921 32532
-3921 32532
-3921 32532
-3921 32532
-3889 32536
-3889 32536
-3889 32536
-3889 32536
-3889 32536
-3889 32536
-3889 32536
-3889 32536
-3889 32536
-3889 32536
-3889 32536
-3857 32539
-3857 32539
-3857 32539
-3857 32539
-3857 32539
-3857 32539
-3857 32539
-3857 32539
-3857 32539
-3857 32539
-3825 32543
-3825 32543
-3825 32543
-3825 32543
-3825 32543
-3825 32543
-3825 32543
-3825 32543
-3825 32543
-3825 32543
-3794 32547
-3794 32547
-3794 32547
-3794 32547
-3794 32547
-3794 32547
-3794 32547
-3794 32547
-3794 32547
-3794 32547
-3762 32551
-3762 32551
-3762 32551
-3762 32551
-3762 32551
-3762 32551
-3762 32551
-3762 32551
-3762 32551
-3762 32551
-3730 32555
-3730 32555
-3730 32555
-3730 32555
-3730 32555
-3730 32555
-3730 32555
-3730 32555
-3730 32555
-3730 32555
-3698 32558
-3698 32558
-3698 32558
-3698 32558
-3698 32558
-3698 32558
-3698 32558
-3698 32558
-3698 32558
-3698 32558
-3667 32562
-3667 32562
-3667 32562
-3667 32562
-3667 32562
-3667 32562
-3667 32562
-3667 32562
-3667 32562
-3667 32562
-3635 32566
-3635 32566
-3635 32566
-3635 32566
-3635 32566
-3635 32566
-3635 32566
-3635 32566
-3635 32566
-3635 32566
-3635 32566
-3604 32570
-3604 32570
-3604 32570
-3616 32568
-3616 32568
-3616 32568
-3616 32568
-3584 32572
-3584 32572
-3584 32572
-3584 32572
-3584 32572
-3584 32572
-3584 32572
-3584 32572
-3584 32572
-3584 32572
-3552 32575
-3552 32575
-3552 32575
-3552 32575
-3552 32575
-3552 32575
-3552 32575
-3552 32575
-3552 32575
-3552 32575
-3552 32575
-3520 32579
-3520 32579
-3520 32579
-3520 32579
-3520 32579
-3520 32579
-3520 32579
-3520 32579
-3520 32579
-3520 32579
-3489 32583
-3489 32583
-3489 32583
-3489 32583
-3489 32583
-3489 32583
-3489 32583
-3489 32583
-3489 32583
-3489 32583
-3458 32586
-3458 32586
-3458 32586
-3458 32586
-3458 32586
-3458 32586
-3458 32586
-3458 32586
-3458 32586
-3458 32586
-3425 32589
-3425 32589
-3425 32589
-3425 32589
-3425 32589
-3425 32589
-3425 32589
-3425 32589
-3425 32589
-3425 32589
-3393 32592
-3393 32592
-3393 32592
-3393 32592
-3393 32592
-3393 32592
-3393 32592
-3393 32592
-3393 32592
-3393 32592
-3361 32595
-3361 32595
-3361 32595
-3361 32595
-3361 32595
-3361 32595
-3361 32595
-3361 32595
-3361 32595
-3361 32595
-3330 32598
-3330 32598
-3330 32598
-3330 32598
-3330 32598
-3330 32598
-3330 32598
-3330 32598
-3330 32598
-3330 32598
-3298 32601
-3298 32601
-3298 32601
-3298 32601
-3298 32601
-3298 32601
-3298 32601
-3298 32601
-3298 32601
-3298 32601
-3298 32601
-3267 32605
-3267 32605
-3267 32605
-3267 32605
-3267 32605
-3267 32605
-3267 32605
-3267 32605
-3267 32605
-3267 32605
-3235 32608
-3235 32608
-3235 32608
-3235 32608
-3235 32608
-3235 32608
-3235 32608
-3235 32608
-3235 32608
-3235 32608
-3203 32611
-3203 32611
-3220 32609
-3220 32609
-3220 32609
-3189 32612
-3189 32612
-3189 32612
-3189 32612
-3189 32612
-3189 32612
-3189 32612
-3189 32612
-3189 32612
-3189 32612
-3157 32615
-3157 32615
-3157 32615
-3157 32615
-3157 32615
-3157 32615
-3157 32615
-3157 32615
-3157 32615
-3157 32615
-3125 32619
-3125 32619
-3125 32619
-3125 32619
-3125 32619
-3125 32619
-3125 32619
-3125 32619
-3125 32619
-3125 32619
-3093 32622
-3093 32622
-3093 32622
-3093 32622
-3093 32622
-3093 32622
-3093 32622
-3093 32622
-3093 32622
-3093 32622
-3093 32622
-3062 32625
-3062 32625
-3062 32625
-3062 32625
-3062 32625
-3062 32625
-3062 32625
-3062 32625
-3062 32625
-3062 32625
-3030 32628
-3030 32628
-3030 32628
-3030 32628
-3030 32628
-3030 32628
-3030 32628
-3030 32628
-3030 32628
-3030 32628
-2999 32631
-2999 32631
-2999 32631
-2999 32631
-2999 32631
-2999 32631
-2999 32631
-2999 32631
-2999 32631
-2999 32631
-2966 32634
-2966 32634
-2966 32634
-2966 32634
-2966 32634
-2966 32634
-2966 32634
-2966 32634
-2966 32634
-2966 32634
-2934 32637
-2934 32637
-2934 32637
-2934 32637
-2934 32637
-2934 32637
-2934 32637
-2934 32637
-2934 32637
-2934 32637
-2902 32639
-2902 32639
-2902 32639
-2902 32639
-2902 32639
-2902 32639
-2902 32639
-2902 32639
-2902 32639
-2902 32639
-2871 32643
-2871 32643
-2871 32643
-2871 32643
-2871 32643
-2871 32643
-2871 32643
-2871 32643
-2871 32643
-2871 32643
-2839 32646
-2839 32646
-2839 32646
-2839 32646
-2839 32646
-2839 32646
-2839 32646
-2839 32646
-2839 32646
-2839 32646
-2839 32646
-2808 32649
-2808 32649
-2808 32649
-2824 32645
-2824 32645
-2824 32645
-2824 32645
-2792 32648
-2792 32648
-2792 32648
-2792 32648
-2792 32648
-2792 32648
-2792 32648
-2792 32648
-2792 32648
-2792 32648
-2760 32651
-2760 32651
-2760 32651
-2760 32651
-2760 32651
-2760 32651
-2760 32651
-2760 32651
-2760 32651
-2760 32651
-2760 32651
-2728 32653
-2728 32653
-2728 32653
-2728 32653
-2728 32653
-2728 32653
-2728 32653
-2728 32653
-2728 32653
-2728 32653
-2696 32656
-2696 32656
-2696 32656
-2696 32656
-2696 32656
-2696 32656
-2696 32656
-2696 32656
-2696 32656
-2696 32656
-2665 32659
-2665 32659
-2665 32659
-2665 32659
-2665 32659
-2665 32659
-2665 32659
-2665 32659
-2665 32659
-2665 32659
-2632 32661
-2632 32661
-2632 32661
-2632 32661
-2632 32661
-2632 32661
-2632 32661
-2632 32661
-2632 32661
-2632 32661
-2600 32664
-2600 32664
-2600 32664
-2600 32664
-2600 32664
-2600 32664
-2600 32664
-2600 32664
-2600 32664
-2600 32664
-2569 32666
-2569 32666
-2569 32666
-2569 32666
-2569 32666
-2569 32666
-2569 32666
-2569 32666
-2569 32666
-2569 32666
-2538 32668
-2538 32668
-2538 32668
-2538 32668
-2538 32668
-2538 32668
-2538 32668
-2538 32668
-2538 32668
-2538 32668
-2506 32671
-2506 32671
-2506 32671
-2506 32671
-2506 32671
-2506 32671
-2506 32671
-2506 32671
-2506 32671
-2506 32671
-2506 32671
-2474 32673
-2474 32673
-2474 32673
-2474 32673
-2474 32673
-2474 32673
-2474 32673
-2474 32673
-2474 32673
-2474 32673
-2442 32675
-2442 32675
-2442 32675
-2442 32675
-2442 32675
-2442 32675
-2442 32675
-2442 32675
-2442 32675
-2442 32675
-2410 32678
-2410 32678
-2427 32676
-2427 32676
-2427 32676
-2396 32679
-2396 32679
-2396 32679
-2396 32679
-2396 32679
-2396 32679
-2396 32679
-2396 32679
-2396 32679
-2396 32679
-2364 32681
-2364 32681
-2364 32681
-2364 32681
-2364 32681
-2364 32681
-2364 32681
-2364 32681
-2364 32681
-2364 32681
-2332 32683
-2332 32683
-2332 32683
-2332 32683
-2332 32683
-2332 32683
-2332 32683
-2332 32683
-2332 32683
-2332 32683
-2300 32686
-2300 32686
-2300 32686
-2300 32686
-2300 32686
-2300 32686
-2300 32686
-2300 32686
-2300 32686
-2300 32686
-2300 32686
-2268 32688
-2268 32688
-2268 32688
-2268 32688
-2268 32688
-2268 32688
-2268 32688
-2268 32688
-2268 32688
-2268 32688
-2236 32691
-2236 32691
-2236 32691
-2236 32691
-2236 32691
-2236 32691
-2236 32691
-2236 32691
-2236 32691
-2236 32691
-2206 32693
-2206 32693
-2206 32693
-2206 32693
-2206 32693
-2206 32693
-2206 32693
-2206 32693
-2206 32693
-2206 32693
-2173 32695
-2173 32695
-2173 32695
-2173 32695
-2173 32695
-2173 32695
-2173 32695
-2173 32695
-2173 32695
-2173 32695
-2141 32698
-2141 32698
-2141 32698
-2141 32698
-2141 32698
-2141 32698
-2141 32698
-2141 32698
-2141 32698
-2141 32698
-2109 32699
-2109 32699
-2109 32699
-2109 32699
-2109 32699
-2109 32699
-2109 32699
-2109 32699
-2109 32699
-2109 32699
-2078 32701
-2078 32701
-2078 32701
-2078 32701
-2078 32701
-2078 32701
-2078 32701
-2078 32701
-2078 32701
-2078 32701
-2045 32704
-2045 32704
-2045 32704
-2045 32704
-2045 32704
-2045 32704
-2045 32704
-2045 32704
-2045 32704
-2045 32704
-2045 32704
-2014 32706
-2014 32706
-2014 32706
-2026 32705
-2026 32705
-2026 32705
-2026 32705
-1994 32708
-1994 32708
-1994 32708
-1994 32708
-1994 32708
-1994 32708
-1994 32708
-1994 32708
-1994 32708
-1994 32708
-1962 32709
-1962 32709
-1962 32709
-1962 32709
-1962 32709
-1962 32709
-1962 32709
-1962 32709
-1962 32709
-1962 32709
-1962 32709
-1931 32711
-1931 32711
-1931 32711
-1931 32711
-1931 32711
-1931 32711
-1931 32711
-1931 32711
-1931 32711
-1931 32711
-1899 32713
-1899 32713
-1899 32713
-1899 32713
-1899 32713
-1899 32713
-1899 32713
-1899 32713
-1899 32713
-1899 32713
-1868 32715
-1868 32715
-1868 32715
-1868 32715
-1868 32715
-1868 32715
-1868 32715
-1868 32715
-1868 32715
-1868 32715
-1835 32716
-1835 32716
-1835 32716
-1835 32716
-1835 32716
-1835 32716
-1835 32716
-1835 32716
-1835 32716
-1835 32716
-1803 32718
-1803 32718
-1803 32718
-1803 32718
-1803 32718
-1803 32718
-1803 32718
-1803 32718
-1803 32718
-1803 32718
-1771 32720
-1771 32720
-1771 32720
-1771 32720
-1771 32720
-1771 32720
-1771 32720
-1771 32720
-1771 32720
-1771 32720
-1740 32721
-1740 32721
-1740 32721
-1740 32721
-1740 32721
-1740 32721
-1740 32721
-1740 32721
-1740 32721
-1740 32721
-1708 32723
-1708 32723
-1708 32723
-1708 32723
-1708 32723
-1708 32723
-1708 32723
-1708 32723
-1708 32723
-1708 32723
-1708 32723
-1676 32724
-1676 32724
-1676 32724
-1676 32724
-1676 32724
-1676 32724
-1676 32724
-1676 32724
-1676 32724
-1676 32724
-1644 32726
-1644 32726
-1644 32726
-1644 32726
-1644 32726
-1644 32726
-1644 32726
-1644 32726
-1644 32726
-1644 32726
-1612 32727
-1612 32727
-1629 32727
-1629 32727
-1629 32727
-1598 32728
-1598 32728
-1598 32728
-1598 32728
-1598 32728
-1598 32728
-1598 32728
-1598 32728
-1598 32728
-1598 32728
-1566 32730
-1566 32730
-1566 32730
-1566 32730
-1566 32730
-1566 32730
-1566 32730
-1566 32730
-1566 32730
-1566 32730
-1534 32731
-1534 32731
-1534 32731
-1534 32731
-1534 32731
-1534 32731
-1534 32731
-1534 32731
-1534 32731
-1534 32731
-1502 32733
-1502 32733
-1502 32733
-1502 32733
-1502 32733
-1502 32733
-1502 32733
-1502 32733
-1502 32733
-1502 32733
-1502 32733
-1470 32734
-1470 32734
-1470 32734
-1470 32734
-1470 32734
-1470 32734
-1470 32734
-1470 32734
-1470 32734
-1470 32734
-1438 32736
-1438 32736
-1438 32736
-1438 32736
-1438 32736
-1438 32736
-1438 32736
-1438 32736
-1438 32736
-1438 32736
-1407 32738
-1407 32738
-1407 32738
-1407 32738
-1407 32738
-1407 32738
-1407 32738
-1407 32738
-1407 32738
-1407 32738
-1374 32739
-1374 32739
-1374 32739
-1374 32739
-1374 32739
-1374 32739
-1374 32739
-1374 32739
-1374 32739
-1374 32739
-1342 32741
-1342 32741
-1342 32741
-1342 32741
-1342 32741
-1342 32741
-1342 32741
-1342 32741
-1342 32741
-1342 32741
-1310 32741
-1310 32741
-1310 32741
-1310 32741
-1310 32741
-1310 32741
-1310 32741
-1310 32741
-1310 32741
-1310 32741
-1279 32743
-1279 32743
-1279 32743
-1279 32743
-1279 32743
-1279 32743
-1279 32743
-1279 32743
-1279 32743
-1279 32743
-1246 32745
-1246 32745
-1246 32745
-1246 32745
-1246 32745
-1246 32745
-1246 32745
-1246 32745
-1246 32745
-1246 32745
-1246 32745
-1215 32746
-1215 32746
-1215 32746
-1196 32746
-1196 32746
-1196 32746
-1196 32746
-1164 32748
-1164 32748
-1164 32748
-1164 32748
-1164 32748
-1164 32748
-1164 32748
-1164 32748
-1164 32748
-1164 32748
-1132 32749
-1132 32749
-1132 32749
-1132 32749
-1132 32749
-1132 32749
-1132 32749
-1132 32749
-1132 32749
-1132 32749
-1132 32749
-1100 32750
-1100 32750
-1100 32750
-1100 32750
-1100 32750
-1100 32750
-1100 32750
-1100 32750
-1100 32750
-1100 32750
-1068 32751
-1068 32751
-1068 32751
-1068 32751
-1068 32751
-1068 32751
-1068 32751
-1068 32751
-1068 32751
-1068 32751
-1037 32752
-1037 32752
-1037 32752
-1037 32752
-1037 32752
-1037 32752
-1037 32752
-1037 32752
-1037 32752
-1037 32752
-1004 32753
-1004 32753
-1004 32753
-1004 32753
-1004 32753
-1004 32753
-1004 32753
-1004 32753
-1004 32753
-1004 32753
-972 32754
-972 32754
-972 32754
-972 32754
-972 32754
-972 32754
-972 32754
-972 32754
-972 32754
-972 32754
-940 32754
-940 32754
-940 32754
-940 32754
-940 32754
-940 32754
-940 32754
-940 32754
-940 32754
-940 32754
-909 32755
-909 32755
-909 32755
-909 32755
-909 32755
-909 32755
-909 32755
-909 32755
-909 32755
-909 32755
-877 32756
-877 32756
-877 32756
-877 32756
-877 32756
-877 32756
-877 32756
-877 32756
-877 32756
-877 32756
-877 32756
-845 32757
-845 32757
-845 32757
-845 32757
-845 32757
-845 32757
-845 32757
-845 32757
-845 32757
-845 32757
-813 32757
-813 32757
-813 32757
-813 32757
-813 32757
-813 32757
-813 32757
-813 32757
-813 32757
-813 32757
-781 32758
-781 32758
-798 32758
-798 32758
-798 32758
-767 32759
-767 32759
-767 32759
-767 32759
-767 32759
-767 32759
-767 32759
-767 32759
-767 32759
-767 32759
-735 32759
-735 32759
-735 32759
-735 32759
-735 32759
-735 32759
-735 32759
-735 32759
-735 32759
-735 32759
-703 32760
-703 32760
-703 32760
-703 32760
-703 32760
-703 32760
-703 32760
-703 32760
-703 32760
-703 32760
-671 32761
-671 32761
-671 32761
-671 32761
-671 32761
-671 32761
-671 32761
-671 32761
-671 32761
-671 32761
-671 32761
-639 32762
-639 32762
-639 32762
-639 32762
-639 32762
-639 32762
-639 32762
-639 32762
-639 32762
-639 32762
-607 32762
-607 32762
-607 32762
-607 32762
-607 32762
-607 32762
-607 32762
-607 32762
-607 32762
-607 32762
-576 32763
-576 32763
-576 32763
-576 32763
-576 32763
-576 32763
-576 32763
-576 32763
-576 32763
-576 32763
-543 32764
-543 32764
-543 32764
-543 32764
-543 32764
-543 32764
-543 32764
-543 32764
-543 32764
-543 32764
-511 32765
-511 32765
-511 32765
-511 32765
-511 32765
-511 32765
-511 32765
-511 32765
-511 32765
-511 32765
-479 32764
-479 32764
-479 32764
-479 32764
-479 32764
-479 32764
-479 32764
-479 32764
-479 32764
-479 32764
-448 32765
-448 32765
-448 32765
-448 32765
-448 32765
-448 32765
-448 32765
-448 32765
-448 32765
-448 32765
-415 32766
-415 32766
-415 32766
-415 32766
-415 32766
-415 32766
-415 32766
-415 32766
-415 32766
-415 32766
-415 32766
-384 32767
-384 32767
-384 32767
-414 32764
-414 32764
-414 32764
-414 32764
-382 32765
-382 32765
-382 32765
-382 32765
-382 32765
-382 32765
-382 32765
-382 32765
-382 32765
-382 32765
-350 32765
-350 32765
-350 32765
-350 32765
-350 32765
-350 32765
-350 32765
-350 32765
-350 32765
-350 32765
-350 32765
-318 32765
-318 32765
-318 32765
-318 32765
-318 32765
-318 32765
-318 32765
-318 32765
-318 32765
-318 32765
-286 32766
-286 32766
-286 32766
-286 32766
-286 32766
-286 32766
-286 32766
-286 32766
-286 32766
-286 32766
-255 32766
-255 32766
-255 32766
-255 32766
-255 32766
-255 32766
-255 32766
-255 32766
-255 32766
-255 32766
-222 32766
-222 32766
-222 32766
-222 32766
-222 32766
-222 32766
-222 32766
-222 32766
-222 32766
-222 32766
-190 32766
-190 32766
-190 32766
-190 32766
-190 32766
-190 32766
-190 32766
-190 32766
-190 32766
-190 32766
-158 32766
-158 32766
-158 32766
-158 32766
-158 32766
-158 32766
-158 32766
-158 32766
-158 32766
-158 32766
-127 32766
-127 32766
-127 32766
-127 32766
-127 32766
-127 32766
-127 32766
-127 32766
-127 32766
-127 32766
-95 32766
-95 32766
-95 32766
-95 32766
-95 32766
-95 32766
-95 32766
-95 32766
-95 32766
-95 32766
-95 32766
-63 32766
-63 32766
-63 32766
-63 32766
-63 32766
-63 32766
-63 32766
-63 32766
-63 32766
-63 32766
-31 32766
-31 32766
-31 32766
-31 32766
-31 32766
-31 32766
-31 32766
-31 32766
-31 32766
-31 32766
1 32766
1 32766
