-1 32767
1 32767
5 32767
10 32767
14 32767
16 32767
18 32767
21 32767
26 32767
29 32767
32 32767
33 32767
37 32767
42 32767
46 32767
48 32767
50 32767
53 32767
58 32767
61 32767
64 32767
65 32767
69 32767
74 32767
77 32767
80 32767
81 32767
85 32767
89 32767
93 32767
95 32767
97 32767
100 32767
105 32767
106 32767
110 32767
112 32767
114 32767
117 32767
122 32767
125 32767
128 32767
129 32767
133 32767
138 32767
141 32767
144 32767
145 32767
149 32767
153 32767
157 32767
159 32767
161 32767
164 32767
170 32767
173 32767
176 32767
177 32767
181 32767
185 32767
189 32767
191 32767
193 32767
196 32767
201 32767
205 32767
207 32767
209 32767
212 32767
217 32767
220 32767
223 32767
224 32767
228 32767
234 32767
238 32767
240 32767
242 32767
245 32767
250 32767
253 32767
256 32767
257 32767
261 32767
266 32767
269 32767
272 32767
273 32767
277 32767
281 32767
285 32767
287 32767
289 32767
292 32767
298 32766
301 32766
304 32766
305 32766
309 32766
313 32766
317 32766
319 32766
321 32766
324 32766
329 32766
333 32766
335 32766
337 32766
340 32766
345 32766
348 32766
351 32766
352 32766
356 32766
360 32766
362 32766
365 32766
368 32766
369 32766
373 32766
377 32766
381 32766
383 32766
385 32766
388 32766
393 32766
397 32766
399 32766
401 32766
404 32766
409 32766
412 32766
415 32766
416 32766
420 32766
425 32765
429 32765
431 32765
433 32765
436 32765
441 32765
444 32765
447 32765
448 32765
452 32765
457 32765
460 32765
463 32765
464 32765
468 32765
472 32765
476 32765
478 32765
480 32765
483 32765
489 32764
490 32764
494 32764
496 32764
498 32764
501 32764
506 32764
509 32764
512 32764
513 32764
517 32764
522 32763
525 32763
528 32763
529 32763
533 32763
537 32763
541 32763
543 32763
545 32763
548 32763
554 32763
557 32763
560 32763
561 32763
565 32763
569 32763
573 32763
575 32763
577 32763
580 32763
585 32762
589 32762
591 32762
593 32762
596 32762
601 32762
604 32762
607 32762
608 32762
612 32762
616 32762
618 32762
621 32762
624 32762
625 32762
629 32762
633 32762
637 32762
639 32762
641 32762
644 32762
649 32761
653 32761
655 32761
657 32761
660 32761
665 32761
668 32761
671 32761
672 32761
676 32761
681 32761
685 32761
687 32761
689 32761
692 32761
697 32761
700 32761
703 32761
704 32761
708 32761
713 32760
716 32760
719 32760
720 32760
724 32760
728 32760
732 32760
734 32760
736 32760
739 32760
746 32759
749 32759
752 32759
753 32759
757 32759
761 32759
765 32759
767 32759
769 32759
772 32759
777 32759
781 32759
783 32759
785 32759
788 32759
793 32759
796 32759
799 32759
800 32759
804 32759
809 32758
813 32758
815 32758
817 32758
820 32758
825 32758
828 32758
831 32758
832 32758
836 32758
841 32757
844 32757
847 32757
848 32757
852 32757
856 32757
860 32757
862 32757
864 32757
867 32757
872 32756
873 32756
877 32756
879 32756
881 32756
884 32756
889 32756
892 32756
895 32756
896 32756
900 32756
905 32756
908 32756
911 32756
912 32756
916 32756
920 32756
924 32756
926 32756
928 32756
931 32756
937 32755
940 32755
943 32755
944 32755
948 32755
952 32755
956 32755
958 32755
960 32755
963 32755
968 32754
972 32754
974 32754
976 32754
979 32754
984 32754
987 32754
990 32754
991 32754
995 32754
1000 32752
1002 32752
1005 32752
1008 32752
1009 32752
1013 32752
1017 32752
1021 32752
1023 32752
1025 32752
1028 32752
1033 32751
1037 32751
1039 32751
1041 32751
1044 32751
1049 32751
1052 32751
1055 32751
1056 32751
1060 32751
1065 32750
1069 32750
1071 32750
1073 32750
1076 32750
1081 32750
1084 32750
1087 32750
1088 32750
1092 32750
1097 32749
1100 32749
1103 32749
1104 32749
1108 32749
1112 32749
1116 32749
1118 32749
1120 32749
1123 32749
1128 32748
1129 32748
1133 32748
1135 32748
1137 32748
1140 32748
1145 32748
1148 32748
1151 32748
1152 32748
1156 32748
1161 32747
1164 32747
1167 32747
1168 32747
1172 32747
1176 32747
1180 32747
1182 32747
1184 32747
1187 32747
1193 32746
1196 32746
1199 32746
1200 32746
1204 32746
1208 32746
1212 32746
1214 32746
1216 32746
1219 32746
1224 32745
1228 32745
1230 32745
1232 32745
1235 32745
1240 32745
1243 32745
1246 32745
1247 32745
1251 32745
1257 32744
1261 32744
1263 32744
1265 32744
1268 32744
1273 32743
1276 32743
1279 32743
1280 32743
1284 32743
1289 32743
1292 32743
1295 32743
1296 32743
1300 32743
1304 32742
1308 32742
1310 32742
1312 32742
1315 32742
1321 32741
1324 32741
1327 32741
1328 32741
1332 32741
1336 32741
1340 32741
1342 32741
1344 32741
1347 32741
1352 32740
1356 32740
1358 32740
1360 32740
1363 32740
1368 32740
1371 32740
1374 32740
1375 32740
1379 32740
1383 32739
1385 32739
1388 32739
1391 32739
1392 32739
1396 32739
1400 32738
1404 32738
1406 32738
1408 32738
1411 32738
1416 32738
1420 32738
1422 32738
1424 32738
1427 32738
1432 32737
1435 32737
1438 32737
1439 32737
1443 32737
1448 32736
1452 32736
1454 32736
1456 32736
1459 32736
1464 32736
1467 32736
1470 32736
1471 32736
1475 32736
1480 32735
1483 32735
1486 32735
1487 32735
1491 32735
1495 32735
1499 32735
1501 32735
1503 32735
1506 32735
1512 32733
1513 32733
1517 32733
1519 32733
1521 32733
1524 32733
1529 32732
1532 32732
1535 32732
1536 32732
1540 32732
1545 32731
1548 32731
1551 32731
1552 32731
1556 32731
1560 32731
1564 32731
1566 32731
1568 32731
1571 32731
1577 32730
1580 32730
1583 32730
1584 32730
1588 32730
1592 32729
1596 32729
1598 32729
1600 32729
1603 32729
1608 32728
1612 32728
1614 32728
1616 32728
1619 32728
1624 32728
1627 32728
1630 32728
1631 32728
1635 32728
1639 32727
1641 32727
1644 32727
1647 32727
1648 32727
1652 32727
1656 32726
1660 32726
1662 32726
1664 32726
1667 32726
1672 32725
1676 32725
1678 32725
1680 32725
1683 32725
1688 32725
1691 32725
1694 32725
1695 32725
1699 32725
1704 32724
1708 32724
1710 32724
1712 32724
1715 32724
1720 32723
1723 32723
1726 32723
1727 32723
1731 32723
1736 32722
1739 32722
1742 32722
1743 32722
1747 32722
1751 32722
1755 32722
1757 32722
1759 32722
1762 32722
1769 32720
1772 32720
1775 32720
1776 32720
1780 32720
1784 32719
1788 32719
1790 32719
1792 32719
1795 32719
1800 32718
1804 32718
1806 32718
1808 32718
1811 32718
1816 32718
1819 32718
1822 32718
1823 32718
1827 32718
1832 32716
1836 32716
1838 32716
1840 32716
1843 32716
1848 32716
1851 32716
1854 32716
1855 32716
1859 32716
1864 32715
1867 32715
1870 32715
1871 32715
1875 32715
1879 32714
1883 32714
1885 32714
1887 32714
1890 32714
1895 32713
1896 32713
1900 32713
1902 32713
1904 32713
1907 32713
1912 32712
1915 32712
1918 32712
1919 32712
1923 32712
1928 32711
1931 32711
1934 32711
1935 32711
1939 32711
1943 32711
1947 32711
1949 32711
1951 32711
1954 32711
1960 32709
1963 32709
1966 32709
1967 32709
1971 32709
1975 32709
1979 32709
1981 32709
1983 32709
1986 32709
1991 32708
1995 32708
1997 32708
1999 32708
2002 32708
2007 32707
2010 32707
2013 32707
2014 32707
2018 32707
2023 32705
2024 32705
2028 32705
2030 32705
2032 32705
2035 32705
2040 32704
2043 32704
2046 32704
2047 32704
2051 32704
2056 32703
2059 32703
2062 32703
2063 32703
2067 32703
2071 32702
2075 32702
2077 32702
2079 32702
2082 32702
2088 32701
2091 32701
2094 32701
2095 32701
2099 32701
2103 32700
2107 32700
2109 32700
2111 32700
2114 32700
2119 32699
2123 32699
2125 32699
2127 32699
2130 32699
2135 32698
2138 32698
2141 32698
2142 32698
2146 32698
2150 32697
2152 32697
2155 32697
2158 32697
2159 32697
2163 32697
2167 32696
2171 32696
2173 32696
2175 32696
2178 32696
2183 32695
2187 32695
2189 32695
2191 32695
2194 32695
2199 32694
2202 32694
2205 32694
2206 32694
2210 32694
2215 32693
2219 32693
2221 32693
2223 32693
2226 32693
2231 32692
2234 32692
2237 32692
2238 32692
2242 32692
2247 32691
2250 32691
2253 32691
2254 32691
2258 32691
2262 32690
2266 32690
2268 32690
2270 32690
2273 32690
2279 32689
2283 32689
2285 32688
2287 32688
2290 32688
2295 32688
2298 32688
2301 32687
2302 32687
2306 32687
2311 32687
2314 32687
2317 32686
2318 32686
2322 32686
2326 32686
2330 32686
2332 32685
2334 32685
2337 32685
2343 32684
2346 32684
2349 32684
2350 32684
2354 32684
2358 32683
2362 32683
2364 32683
2366 32683
2369 32683
2374 32682
2378 32682
2380 32682
2382 32682
2385 32682
2390 32681
2393 32681
2396 32681
2397 32681
2401 32681
2405 32680
2407 32680
2410 32680
2413 32679
2414 32679
2418 32679
2422 32679
2426 32679
2428 32678
2430 32678
2433 32678
2438 32678
2442 32678
2444 32677
2446 32677
2449 32677
2454 32677
2457 32677
2460 32676
2461 32676
2465 32676
2470 32675
2474 32675
2476 32675
2478 32675
2481 32675
2486 32674
2489 32674
2492 32674
2493 32674
2497 32674
2502 32673
2505 32673
2508 32673
2509 32673
2515 32670
2518 32670
2521 32670
2522 32670
2526 32670
2531 32669
2534 32669
2537 32669
2538 32669
2542 32669
2546 32668
2550 32668
2552 32668
2554 32668
2557 32668
2563 32667
2566 32667
2569 32666
2570 32666
2574 32666
2578 32666
2582 32666
2584 32665
2586 32665
2589 32665
2594 32664
2598 32664
2600 32664
2602 32664
2605 32664
2610 32663
2613 32663
2616 32663
2617 32663
2621 32663
2625 32662
2627 32662
2630 32662
2633 32661
2634 32661
2638 32661
2642 32661
2646 32661
2648 32660
2650 32660
2653 32660
2658 32659
2662 32659
2664 32659
2666 32659
2669 32659
2674 32658
2677 32658
2680 32658
2681 32658
2685 32658
2690 32657
2694 32657
2696 32656
2698 32656
2701 32656
2706 32656
2709 32656
2712 32655
2713 32655
2717 32655
2722 32654
2725 32654
2728 32654
2729 32654
2733 32654
2737 32653
2741 32653
2743 32653
2745 32653
2748 32653
2754 32651
2758 32651
2760 32651
2762 32651
2765 32651
2770 32650
2773 32650
2776 32650
2777 32650
2781 32650
2786 32649
2789 32649
2792 32648
2793 32648
2797 32648
2801 32648
2805 32648
2807 32647
2809 32647
2812 32647
2818 32646
2821 32646
2824 32646
2825 32646
2829 32646
2833 32645
2837 32645
2839 32645
2841 32645
2844 32645
2849 32644
2853 32644
2855 32643
2857 32643
2860 32643
2865 32643
2868 32643
2871 32642
2872 32642
2876 32642
2880 32640
2882 32640
2885 32640
2888 32640
2889 32640
2893 32640
2897 32639
2901 32639
2903 32639
2905 32639
2908 32639
2913 32638
2917 32638
2919 32637
2921 32637
2924 32637
2929 32637
2932 32637
2935 32636
2936 32636
2940 32636
2945 32635
2949 32635
2951 32634
2953 32634
2956 32634
2961 32634
2964 32634
2967 32633
2968 32633
2972 32633
2977 32632
2980 32632
2983 32632
2984 32632
2988 32632
2992 32631
2996 32631
2998 32631
3000 32631
3003 32631
3008 32628
3009 32628
3013 32628
3015 32628
3017 32628
3020 32628
3025 32627
3028 32627
3031 32627
3032 32627
3036 32627
3041 32626
3044 32626
3047 32625
3048 32625
3052 32625
3056 32625
3060 32625
3062 32624
3064 32624
3067 32624
3073 32623
3076 32623
3079 32623
3080 32623
3084 32623
3088 32622
3092 32622
3094 32621
3096 32621
3099 32621
3104 32620
3108 32620
3110 32620
3112 32620
3115 32620
3120 32619
3123 32619
3126 32618
3127 32618
3131 32618
3135 32617
3136 32617
3140 32617
3142 32617
3144 32617
3147 32617
3152 32616
3155 32616
3158 32615
3159 32615
3163 32615
3168 32614
3171 32614
3174 32614
3175 32614
3179 32614
3183 32613
3187 32613
3189 32612
3191 32612
3194 32612
3200 32611
3203 32611
3206 32611
3207 32611
3211 32611
3215 32610
3219 32610
3221 32609
3223 32609
3226 32609
3231 32608
3235 32608
3237 32608
3239 32608
3242 32608
3247 32607
3250 32607
3253 32606
3254 32606
3258 32606
3264 32605
3267 32605
3270 32604
3271 32604
3275 32604
3279 32603
3283 32603
3285 32603
3287 32603
3290 32603
3295 32602
3299 32602
3301 32601
3303 32601
3306 32601
3311 32600
3314 32600
3317 32600
3318 32600
3322 32600
3327 32599
3331 32599
3333 32598
3335 32598
3338 32598
3343 32597
3346 32597
3349 32597
3350 32597
3354 32597
3359 32596
3362 32596
3365 32595
3366 32595
3370 32595
3374 32594
3378 32594
3380 32594
3382 32594
3385 32594
3389 32592
3391 32592
3394 32592
3397 32591
3398 32591
3402 32591
3406 32590
3410 32590
3412 32590
3414 32590
3417 32590
3422 32589
3426 32589
3428 32588
3430 32588
3433 32588
3438 32587
3441 32587
3444 32587
3445 32587
3449 32587
3454 32585
3458 32585
3460 32585
3462 32585
3465 32585
3470 32584
3473 32584
3476 32583
3477 32583
3481 32583
3486 32582
3489 32582
3492 32582
3493 32582
3497 32582
3501 32581
3505 32581
3507 32580
3509 32580
3512 32580
3517 32577
3518 32577
3522 32577
3524 32577
3526 32577
3529 32577
3534 32576
3537 32576
3540 32575
3541 32575
3545 32575
3550 32574
3553 32574
3556 32574
3557 32574
3561 32574
3565 32573
3569 32573
3571 32572
3573 32572
3576 32572
3582 32571
3585 32571
3588 32571
3589 32571
3593 32571
3597 32570
3601 32570
3603 32569
3605 32569
3608 32569
3613 32568
3617 32568
3619 32567
3621 32567
3624 32567
3629 32566
3632 32566
3635 32566
3636 32566
3640 32566
3644 32564
3645 32564
3649 32564
3651 32563
3653 32563
3656 32563
3661 32562
3664 32562
3667 32562
3668 32562
3672 32562
3677 32560
3680 32560
3683 32560
3684 32560
3688 32560
3692 32559
3696 32559
3698 32558
3700 32558
3703 32558
3709 32557
3712 32557
3715 32556
3716 32556
3720 32556
3724 32555
3728 32555
3730 32555
3732 32555
3735 32555
3740 32553
3744 32553
3746 32553
3748 32553
3751 32553
3756 32552
3759 32552
3762 32551
3763 32551
3767 32551
3772 32549
3776 32549
3778 32549
3780 32549
3783 32549
3788 32548
3791 32548
3794 32547
3795 32547
3799 32547
3804 32546
3807 32546
3810 32545
3811 32545
3815 32545
3819 32544
3823 32544
3825 32544
3827 32544
3830 32544
3836 32542
3839 32542
3842 32542
3843 32542
3847 32542
3851 32541
3855 32541
3857 32540
3859 32540
3862 32540
3867 32539
3871 32539
3873 32538
3875 32538
3878 32538
3883 32537
3886 32537
3889 32537
3890 32537
3894 32537
3898 32535
3899 32535
3903 32535
3905 32534
3907 32534
3910 32534
3915 32533
3918 32533
3921 32533
3922 32533
3926 32533
3931 32531
3934 32531
3937 32531
3938 32531
3942 32531
3946 32530
3950 32530
3952 32529
3954 32529
3957 32529
3963 32527
3966 32527
3969 32527
3970 32527
3974 32527
3978 32526
3982 32526
3984 32525
3986 32525
3989 32525
3994 32524
3998 32524
4000 32523
4002 32523
4005 32523
4010 32522
4013 32522
4016 32522
4017 32522
4021 32522
4025 32519
4027 32519
4030 32519
4033 32518
4034 32518
4038 32518
4042 32517
4046 32517
4048 32517
4050 32517
4053 32517
4058 32515
4062 32515
4064 32515
4066 32515
4069 32515
4074 32514
4077 32514
4080 32513
4081 32513
4085 32513
4090 32512
4094 32512
4096 32511
4098 32511
4101 32511
4106 32510
4109 32510
4112 32509
4113 32509
4117 32509
4122 32508
4125 32508
4128 32507
4129 32507
4133 32507
4137 32506
4141 32506
4143 32505
4145 32505
4148 32505
4152 32504
4154 32504
4157 32503
4160 32503
4161 32503
4165 32502
4169 32502
4173 32501
4175 32501
4177 32501
4180 32500
4185 32500
4189 32499
4191 32499
4193 32499
4196 32498
4201 32498
4204 32497
4207 32497
4208 32497
4212 32496
4217 32496
4220 32495
4223 32495
4224 32495
4228 32494
4232 32494
4236 32493
4238 32493
4240 32493
4243 32492
4248 32492
4252 32491
4254 32491
4256 32491
4259 32490
4264 32490
4267 32489
4270 32489
4271 32489
4275 32488
4281 32487
4284 32487
4287 32486
4288 32486
4292 32486
4296 32485
4300 32485
4302 32484
4304 32484
4307 32484
4312 32483
4316 32483
4318 32482
4320 32482
4323 32482
4328 32481
4331 32481
4334 32480
4335 32480
4339 32480
4344 32479
4347 32479
4350 32478
4351 32478
4355 32478
4359 32477
4363 32477
4365 32476
4367 32476
4370 32476
4375 32475
4379 32475
4381 32474
4383 32474
4386 32474
4391 32473
4394 32473
4397 32472
4398 32472
4402 32472
4406 32471
4407 32471
4411 32470
4413 32470
4415 32470
4418 32469
4423 32469
4426 32468
4429 32468
4430 32468
4434 32467
4439 32467
4442 32466
4445 32466
4446 32466
4450 32465
4454 32465
4458 32464
4460 32464
4462 32464
4465 32463
4470 32462
4474 32462
4476 32461
4478 32461
4481 32461
4486 32460
4489 32460
4492 32459
4493 32459
4497 32459
4502 32458
4505 32458
4508 32457
4509 32457
4513 32457
4517 32456
4521 32456
4523 32455
4525 32455
4528 32455
4533 32452
4534 32452
4538 32452
4540 32451
4542 32451
4545 32451
4550 32450
4553 32450
4556 32449
4557 32449
4561 32449
4566 32448
4569 32448
4572 32447
4573 32447
4577 32447
4581 32446
4585 32446
4587 32445
4589 32445
4592 32445
4597 32444
4601 32444
4603 32443
4605 32443
4608 32443
4613 32442
4616 32442
4619 32441
4620 32441
4624 32441
4629 32440
4632 32439
4635 32439
4636 32439
4640 32438
4644 32438
4648 32437
4650 32437
4652 32437
4655 32436
4659 32435
4661 32435
4664 32434
4667 32434
4668 32434
4672 32433
4676 32433
4680 32432
4682 32432
4684 32432
4687 32431
4692 32430
4696 32430
4698 32429
4700 32429
4703 32429
4708 32428
4711 32428
4714 32427
4715 32427
4719 32427
4724 32426
4727 32425
4730 32425
4731 32425
4735 32424
4739 32424
4743 32423
4745 32423
4747 32423
4750 32422
4755 32421
4759 32421
4761 32420
4763 32420
4766 32420
4771 32419
4774 32419
4777 32418
4778 32418
4782 32418
4787 32416
4791 32416
4793 32415
4795 32415
4798 32415
4803 32414
4806 32414
4809 32413
4810 32413
4814 32413
4819 32412
4822 32411
4825 32411
4826 32411
4830 32410
4834 32410
4838 32409
4840 32409
4842 32409
4845 32408
4850 32407
4854 32407
4856 32406
4858 32406
4861 32406
4866 32405
4869 32405
4872 32404
4873 32404
4877 32404
4882 32403
4885 32402
4888 32402
4889 32402
4893 32401
4897 32401
4901 32400
4903 32400
4905 32400
4908 32399
4912 32398
4914 32398
4917 32397
4920 32397
4921 32397
4925 32396
4929 32396
4933 32395
4935 32395
4937 32395
4940 32394
4945 32393
4949 32393
4951 32392
4953 32392
4956 32392
4961 32391
4964 32391
4967 32390
4968 32390
4972 32390
4977 32388
4980 32388
4983 32387
4984 32387
4988 32387
4992 32386
4996 32386
4998 32385
5000 32385
5003 32385
5008 32384
5012 32383
5014 32383
5016 32383
5019 32382
5024 32382
5027 32381
5030 32381
5031 32381
5035 32380
5039 32378
5040 32378
5044 32377
5046 32377
5048 32377
5051 32376
5056 32376
5059 32375
5062 32375
5063 32375
5067 32374
5072 32373
5075 32373
5078 32372
5079 32372
5083 32372
5087 32371
5091 32371
5093 32370
5095 32370
5098 32370
5103 32368
5107 32368
5109 32367
5111 32367
5114 32367
5119 32366
5122 32366
5125 32365
5126 32365
5130 32365
5135 32364
5138 32363
5141 32363
5142 32363
5146 32362
5150 32361
5154 32361
5156 32360
5158 32360
5161 32360
5165 32358
5166 32358
5170 32358
5172 32357
5174 32357
5177 32357
5182 32356
5185 32355
5188 32355
5189 32355
5193 32354
5198 32353
5201 32353
5204 32352
5205 32352
5209 32352
5213 32351
5217 32350
5219 32350
5221 32350
5224 32349
5229 32348
5233 32348
5235 32347
5237 32347
5240 32347
5245 32346
5248 32345
5251 32345
5252 32345
5256 32344
5261 32343
5264 32343
5267 32342
5268 32342
5272 32342
5276 32341
5280 32340
5282 32340
5284 32340
5287 32339
5293 32338
5296 32337
5299 32337
5300 32337
5304 32336
5308 32335
5312 32335
5314 32334
5316 32334
5319 32334
5324 32333
5328 32332
5330 32332
5332 32332
5335 32331
5340 32330
5343 32330
5346 32329
5347 32329
5351 32329
5356 32328
5359 32327
5362 32327
5363 32327
5367 32326
5371 32325
5375 32325
5377 32324
5379 32324
5382 32324
5387 32323
5391 32322
5393 32322
5395 32322
5398 32321
5403 32320
5406 32320
5409 32319
5410 32319
5414 32319
5417 32317
5419 32317
5422 32317
5425 32316
5426 32316
5430 32316
5434 32315
5438 32314
5440 32314
5442 32314
5445 32313
5450 32312
5454 32312
5456 32311
5458 32311
5461 32311
5466 32310
5469 32309
5472 32309
5473 32309
5477 32308
5482 32307
5485 32306
5488 32306
5489 32306
5493 32305
5497 32304
5501 32304
5503 32303
5505 32303
5508 32303
5513 32302
5517 32301
5519 32301
5521 32301
5524 32300
5529 32299
5532 32299
5535 32298
5536 32298
5540 32298
5544 32295
5546 32295
5549 32294
5552 32294
5553 32294
5557 32293
5561 32292
5565 32292
5567 32291
5569 32291
5572 32291
5577 32290
5581 32289
5583 32289
5585 32289
5588 32288
5593 32287
5596 32287
5599 32286
5600 32286
5604 32286
5609 32285
5612 32284
5615 32284
5616 32284
5620 32283
5624 32282
5628 32282
5630 32281
5632 32281
5635 32281
5640 32279
5644 32279
5646 32278
5648 32278
5651 32278
5656 32277
5659 32276
5662 32276
5663 32276
5667 32275
5670 32273
5672 32273
5675 32273
5678 32272
5679 32272
5683 32272
5687 32271
5691 32270
5693 32270
5695 32270
5698 32269
5703 32268
5707 32267
5709 32267
5711 32267
5714 32266
5719 32265
5722 32265
5725 32264
5726 32264
5730 32264
5735 32262
5738 32262
5741 32261
5742 32261
5746 32261
5750 32260
5754 32259
5756 32259
5758 32259
5761 32258
5766 32257
5770 32256
5772 32256
5774 32256
5777 32255
5782 32254
5785 32254
5788 32253
5789 32253
5793 32253
5798 32251
5801 32250
5804 32250
5805 32250
5809 32249
5813 32248
5817 32248
5819 32247
5821 32247
5824 32247
5829 32245
5832 32245
5835 32244
5836 32244
5840 32244
5844 32243
5848 32242
5850 32242
5852 32242
5855 32241
5860 32240
5864 32239
5866 32239
5868 32239
5871 32238
5876 32237
5879 32237
5882 32236
5883 32236
5887 32236
5891 32234
5895 32234
5897 32233
5899 32233
5902 32233
5907 32232
5910 32231
5913 32231
5914 32231
5918 32230
5922 32228
5923 32228
5927 32228
5929 32227
5931 32227
5934 32227
5939 32226
5942 32225
5945 32225
5946 32225
5950 32224
5954 32223
5958 32222
5960 32222
5962 32222
5965 32221
5970 32220
5973 32220
5976 32219
5977 32219
5981 32219
5986 32217
5989 32216
5992 32216
5993 32216
5997 32215
6001 32214
6005 32214
6007 32213
6009 32213
6012 32213
6017 32211
6020 32211
6023 32210
6024 32210
6028 32210
6032 32209
6036 32208
6038 32208
6040 32208
6043 32207
6048 32205
6050 32205
6053 32204
6056 32204
6057 32204
6061 32203
6065 32202
6069 32202
6071 32201
6073 32201
6076 32201
6081 32199
6084 32199
6087 32198
6088 32198
6092 32198
6096 32197
6100 32196
6102 32196
6104 32196
6107 32195
6112 32193
6116 32193
6118 32192
6120 32192
6123 32192
6128 32191
6131 32190
6134 32190
6135 32190
6139 32189
6143 32188
6147 32188
6149 32187
6151 32187
6154 32186
6159 32185
6162 32185
6165 32184
6166 32184
6170 32183
6174 32182
6175 32182
6179 32181
6181 32180
6183 32180
6186 32180
6191 32179
6194 32178
6197 32177
6198 32177
6202 32177
6206 32176
6210 32175
6212 32174
6214 32174
6217 32174
6222 32173
6225 32172
6228 32171
6229 32171
6233 32171
6238 32170
6241 32169
6244 32168
6245 32168
6249 32168
6253 32167
6257 32166
6259 32165
6261 32165
6264 32165
6269 32164
6272 32163
6275 32162
6276 32162
6280 32162
6284 32161
6288 32160
6290 32159
6292 32159
6295 32159
6301 32157
6304 32157
6307 32156
6308 32156
6312 32155
6316 32154
6320 32154
6322 32153
6324 32153
6327 32152
6332 32151
6335 32151
6338 32150
6339 32150
6343 32149
6347 32148
6351 32148
6353 32147
6355 32147
6358 32146
6363 32145
6367 32145
6369 32144
6371 32144
6374 32143
6379 32142
6382 32142
6385 32141
6386 32141
6390 32140
6394 32139
6398 32139
6400 32138
6402 32138
6405 32137
6410 32136
6413 32136
6416 32135
6417 32135
6421 32134
6425 32132
6426 32132
6430 32132
6432 32131
6434 32131
6437 32130
6442 32129
6445 32129
6448 32128
6449 32128
6453 32127
6457 32126
6461 32126
6463 32125
6465 32125
6468 32124
6473 32123
6476 32123
6479 32122
6480 32122
6484 32121
6489 32120
6492 32119
6495 32118
6496 32118
6500 32118
6504 32117
6508 32116
6510 32115
6512 32115
6515 32115
6520 32114
6523 32113
6526 32112
6527 32112
6531 32112
6535 32111
6539 32110
6541 32109
6543 32109
6548 32107
6551 32106
6554 32105
6555 32105
6559 32105
6563 32104
6567 32103
6569 32102
6571 32102
6574 32102
6579 32101
6582 32100
6585 32099
6586 32099
6590 32099
6594 32098
6598 32097
6600 32096
6602 32096
6605 32096
6610 32094
6614 32094
6616 32093
6618 32093
6621 32092
6626 32091
6629 32091
6632 32090
6633 32090
6637 32089
6641 32088
6645 32088
6647 32087
6649 32087
6652 32086
6657 32085
6660 32085
6663 32084
6664 32084
6668 32083
6671 32081
6673 32081
6676 32081
6679 32080
6680 32080
6684 32079
6688 32078
6692 32078
6694 32077
6696 32077
6699 32076
6704 32075
6707 32074
6710 32073
6711 32073
6715 32073
6719 32072
6723 32071
6725 32070
6727 32070
6730 32070
6735 32068
6739 32068
6741 32067
6743 32067
6746 32066
6751 32065
6754 32065
6757 32064
6758 32064
6762 32063
6766 32062
6770 32061
6772 32060
6774 32060
6777 32060
6782 32059
6785 32058
6788 32057
6789 32057
6793 32057
6798 32055
6801 32054
6804 32053
6805 32053
6809 32053
6813 32052
6817 32051
6819 32050
6821 32050
6824 32050
6829 32048
6832 32048
6835 32047
6836 32047
6840 32046
6844 32045
6848 32045
6850 32044
6852 32044
6855 32043
6860 32042
6864 32041
6866 32040
6868 32040
6871 32040
6876 32039
6879 32038
6882 32037
6883 32037
6887 32037
6891 32035
6895 32035
6897 32034
6899 32034
6902 32033
6907 32032
6910 32032
6913 32031
6914 32031
6918 32030
6921 32028
6923 32028
6926 32028
6929 32027
6930 32027
6934 32026
6938 32025
6942 32025
6944 32024
6946 32024
6949 32023
6954 32022
6957 32021
6960 32020
6961 32020
6965 32020
6969 32019
6973 32018
6975 32017
6977 32017
6980 32017
6985 32015
6989 32014
6991 32013
6993 32013
6996 32013
7001 32012
7004 32011
7007 32010
7008 32010
7012 32010
7016 32008
7020 32008
7022 32007
7024 32007
7027 32006
7032 32005
7035 32005
7038 32004
7039 32004
7043 32003
7047 32000
7049 32000
7052 32000
7055 31999
7056 31999
7060 31998
7064 31997
7068 31997
7070 31996
7072 31996
7075 31995
7080 31994
7083 31993
7086 31992
7087 31992
7091 31992
7095 31991
7099 31990
7101 31989
7103 31989
7106 31989
7111 31987
7114 31986
7117 31985
7118 31985
7122 31985
7126 31984
7130 31983
7132 31982
7134 31982
7137 31982
7142 31980
7145 31980
7148 31979
7149 31979
7153 31978
7157 31977
7161 31977
7163 31976
7165 31976
7168 31975
7172 31973
7173 31973
7177 31973
7179 31972
7181 31972
7184 31971
7189 31970
7192 31969
7195 31968
7196 31968
7200 31968
7204 31966
7208 31966
7210 31965
7212 31965
7215 31964
7220 31963
7223 31962
7226 31961
7227 31961
7231 31961
7235 31959
7239 31959
7241 31958
7243 31958
7246 31957
7251 31956
7254 31955
7257 31954
7258 31954
7262 31954
7266 31952
7270 31952
7272 31951
7274 31951
7277 31950
7282 31949
7285 31948
7288 31947
7289 31947
7293 31947
7298 31945
7302 31944
7304 31943
7306 31943
7309 31943
7314 31941
7317 31941
7320 31940
7321 31940
7325 31939
7329 31938
7333 31937
7335 31936
7337 31936
7340 31936
7345 31934
7348 31934
7351 31933
7352 31933
7356 31932
7360 31931
7364 31930
7366 31929
7368 31929
7371 31929
7376 31927
7379 31927
7382 31926
7383 31926
7387 31925
7391 31924
7395 31923
7397 31922
7399 31922
7402 31922
7407 31920
7410 31920
7413 31919
7414 31919
7418 31918
7421 31917
7423 31917
7426 31916
7429 31915
7430 31915
7434 31915
7438 31913
7442 31913
7444 31912
7446 31912
7449 31911
7454 31910
7457 31909
7460 31908
7461 31908
7465 31908
7469 31906
7473 31906
7475 31905
7477 31905
7480 31904
7485 31902
7488 31902
7491 31901
7492 31901
7496 31900
7500 31899
7504 31898
7506 31897
7508 31897
7511 31897
7516 31895
7519 31895
7522 31894
7523 31894
7527 31893
7531 31892
7535 31891
7537 31890
7539 31890
7542 31890
7546 31886
7547 31886
7551 31886
7553 31885
7555 31885
7558 31884
7563 31883
7566 31882
7569 31881
7570 31881
7574 31881
7578 31879
7582 31879
7584 31878
7586 31878
7589 31877
7594 31876
7597 31875
7600 31874
7601 31874
7605 31874
7609 31872
7613 31871
7615 31870
7617 31870
7620 31870
7625 31868
7628 31868
7631 31867
7632 31867
7636 31866
7640 31865
7644 31864
7646 31863
7648 31863
7651 31863
7656 31861
7659 31861
7662 31860
7663 31860
7667 31859
7670 31857
7671 31857
7675 31857
7677 31856
7679 31856
7682 31855
7687 31854
7690 31853
7693 31852
7694 31852
7698 31852
7702 31850
7706 31849
7708 31848
7710 31848
7713 31848
7718 31846
7721 31846
7724 31845
7725 31845
7729 31844
7733 31842
7737 31842
7739 31841
7741 31841
7744 31840
7749 31839
7752 31838
7755 31837
7756 31837
7760 31837
7764 31835
7768 31834
7770 31833
7772 31833
7775 31833
7780 31831
7783 31831
7786 31830
7787 31830
7791 31829
7796 31827
7799 31826
7802 31825
7803 31825
7807 31825
7811 31823
7815 31823
7817 31822
7819 31822
7822 31821
7827 31819
7830 31819
7833 31818
7834 31818
7838 31817
7842 31816
7846 31815
7848 31814
7850 31814
7853 31814
7858 31812
7861 31811
7864 31810
7865 31810
7869 31810
7873 31808
7877 31808
7879 31807
7881 31807
7884 31806
7889 31804
7892 31804
7895 31803
7896 31803
7900 31802
7904 31801
7908 31800
7910 31799
7912 31799
7915 31799
7918 31797
7920 31797
7923 31796
7926 31795
7927 31795
7931 31795
7935 31793
7939 31793
7941 31792
7943 31792
7946 31791
7951 31789
7954 31789
7957 31788
7958 31788
7962 31787
7966 31786
7970 31785
7972 31784
7974 31784
7977 31784
7982 31781
7985 31781
7988 31780
7989 31780
7993 31779
7997 31778
8001 31777
8003 31776
8005 31776
8008 31776
8013 31774
8016 31773
8019 31772
8020 31772
8024 31772
8028 31770
8032 31770
8034 31769
8036 31769
8039 31768
8043 31765
8044 31765
8048 31764
8050 31763
8052 31763
8055 31763
8060 31761
8063 31761
8066 31760
8067 31760
8071 31759
8075 31757
8079 31757
8081 31756
8083 31756
8086 31755
8091 31754
8094 31753
8097 31752
8098 31752
8102 31752
8106 31749
8110 31749
8112 31748
8114 31748
8117 31747
8122 31746
8125 31745
8128 31744
8129 31744
8133 31744
8137 31742
8141 31741
8143 31740
8145 31740
8148 31740
8152 31738
8156 31738
8158 31737
8160 31737
8163 31736
8167 31734
8168 31734
8172 31733
8174 31732
8176 31732
8179 31732
8183 31730
8187 31730
8189 31729
8191 31729
8194 31728
8199 31726
8202 31725
8205 31725
8206 31724
8210 31723
8214 31722
8217 31721
8220 31721
8221 31720
8225 31719
8230 31718
8233 31717
8236 31717
8237 31716
8241 31715
8245 31714
8248 31713
8251 31713
8252 31712
8256 31711
8260 31710
8264 31709
8266 31709
8268 31708
8271 31707
8275 31706
8279 31705
8281 31705
8283 31704
8286 31703
8292 31702
8296 31701
8298 31700
8300 31700
8303 31699
8307 31698
8311 31697
8313 31696
8315 31696
8318 31695
8323 31694
8326 31693
8329 31692
8330 31692
8334 31691
8338 31690
8341 31689
8344 31688
8345 31688
8349 31687
8354 31686
8357 31685
8360 31684
8361 31684
8365 31683
8369 31682
8372 31681
8375 31680
8376 31680
8380 31679
8384 31678
8388 31677
8390 31676
8392 31676
8395 31675
8399 31674
8403 31673
8405 31672
8407 31672
8410 31671
8414 31670
8416 31669
8419 31668
8422 31668
8423 31667
8427 31666
8431 31665
8434 31664
8437 31664
8438 31663
8442 31662
8446 31661
8450 31660
8452 31660
8454 31659
8457 31658
8461 31657
8465 31656
8467 31656
8469 31655
8472 31654
8477 31653
8481 31652
8483 31651
8485 31651
8488 31650
8492 31649
8496 31648
8498 31647
8500 31647
8503 31646
8508 31645
8511 31644
8514 31643
8515 31643
8519 31642
8523 31641
8526 31640
8529 31639
8530 31639
8534 31638
8538 31636
8540 31635
8543 31634
8546 31634
8547 31633
8551 31632
8555 31631
8558 31630
8561 31630
8562 31629
8566 31628
8570 31627
8574 31626
8576 31626
8578 31625
8581 31624
8585 31623
8589 31622
8591 31622
8593 31621
8596 31620
8601 31619
8605 31618
8607 31617
8609 31617
8612 31616
8616 31615
8620 31614
8622 31613
8624 31613
8627 31612
8632 31611
8635 31610
8638 31609
8639 31609
8643 31608
8647 31607
8650 31606
8653 31605
8654 31605
8658 31604
8661 31603
8663 31602
8666 31601
8669 31601
8670 31600
8674 31599
8678 31598
8681 31597
8684 31597
8685 31596
8689 31595
8693 31594
8697 31593
8699 31593
8701 31592
8704 31591
8708 31590
8712 31589
8714 31589
8716 31588
8719 31587
8724 31585
8728 31584
8730 31584
8732 31583
8735 31582
8739 31581
8743 31580
8745 31580
8747 31579
8750 31578
8755 31577
8758 31576
8761 31575
8762 31575
8766 31574
8770 31573
8773 31572
8776 31571
8777 31571
8781 31570
8786 31568
8790 31567
8792 31566
8794 31566
8797 31565
8801 31564
8805 31563
8807 31562
8809 31562
8812 31561
8817 31559
8820 31558
8823 31558
8824 31557
8828 31556
8832 31555
8835 31554
8838 31554
8839 31553
8843 31552
8848 31551
8851 31550
8854 31549
8855 31549
8859 31548
8863 31547
8866 31546
8869 31545
8870 31545
8874 31544
8878 31542
8882 31541
8884 31541
8886 31540
8889 31539
8893 31538
8897 31537
8899 31537
8901 31536
8904 31535
8908 31534
8909 31534
8913 31533
8915 31532
8917 31532
8920 31531
8924 31530
8928 31529
8930 31528
8932 31528
8935 31527
8940 31525
8943 31524
8946 31524
8947 31523
8951 31522
8955 31521
8958 31520
8961 31520
8962 31519
8966 31518
8971 31516
8974 31515
8977 31515
8978 31514
8982 31513
8986 31512
8989 31511
8992 31511
8993 31510
8997 31509
9001 31508
9005 31507
9007 31506
9009 31506
9012 31505
9016 31504
9020 31503
9022 31502
9024 31502
9027 31501
9031 31498
9033 31498
9036 31497
9039 31496
9040 31496
9044 31495
9048 31494
9051 31493
9054 31492
9055 31492
9059 31491
9063 31489
9067 31488
9069 31488
9071 31487
9074 31486
9078 31485
9082 31484
9084 31484
9086 31483
9089 31482
9094 31480
9097 31479
9100 31479
9101 31478
9105 31477
9109 31476
9112 31475
9115 31475
9116 31474
9120 31473
9124 31472
9128 31471
9130 31470
9132 31470
9135 31469
9139 31468
9143 31467
9145 31466
9147 31466
9150 31465
9154 31463
9155 31462
9159 31461
9161 31461
9163 31460
9166 31459
9170 31458
9174 31457
9176 31457
9178 31456
9181 31455
9186 31454
9189 31453
9192 31452
9193 31452
9197 31451
9201 31450
9204 31449
9207 31448
9208 31448
9212 31447
9216 31445
9220 31444
9222 31444
9224 31443
9227 31442
9231 31441
9235 31440
9237 31439
9239 31439
9242 31438
9247 31436
9250 31435
9253 31435
9254 31434
9258 31433
9262 31432
9265 31431
9268 31430
9269 31430
9273 31429
9278 31427
9282 31426
9284 31426
9286 31425
9289 31424
9293 31423
9297 31422
9299 31421
9301 31421
9304 31420
9309 31418
9312 31417
9315 31417
9316 31416
9320 31415
9324 31414
9327 31413
9330 31412
9331 31412
9335 31411
9339 31409
9343 31408
9345 31408
9347 31407
9350 31406
9354 31405
9358 31404
9360 31403
9362 31403
9365 31402
9370 31400
9373 31399
9376 31399
9377 31398
9381 31397
9385 31396
9388 31395
9391 31394
9392 31394
9396 31393
9399 31391
9401 31391
9404 31390
9407 31389
9408 31389
9412 31388
9416 31386
9419 31385
9422 31385
9423 31384
9427 31383
9431 31382
9435 31381
9437 31380
9439 31380
9442 31379
9446 31377
9450 31376
9452 31376
9454 31375
9457 31374
9462 31373
9465 31372
9468 31371
9469 31371
9473 31370
9477 31368
9480 31367
9483 31367
9484 31366
9488 31365
9492 31364
9496 31363
9498 31362
9500 31362
9503 31361
9507 31359
9511 31358
9513 31358
9515 31357
9518 31356
9522 31354
9524 31353
9527 31352
9530 31352
9531 31351
9535 31350
9539 31349
9542 31348
9545 31347
9546 31347
9550 31346
9554 31344
9558 31343
9560 31343
9562 31342
9565 31341
9569 31340
9573 31339
9575 31338
9577 31338
9580 31337
9585 31335
9588 31334
9591 31333
9592 31333
9596 31332
9600 31330
9603 31329
9606 31329
9607 31328
9611 31327
9615 31326
9619 31325
9621 31324
9623 31324
9626 31323
9630 31321
9634 31320
9636 31320
9638 31319
9641 31318
9644 31316
9646 31316
9649 31315
9652 31314
9653 31314
9657 31313
9661 31311
9664 31310
9667 31310
9668 31309
9672 31308
9676 31307
9680 31306
9682 31305
9684 31305
9687 31304
9691 31302
9695 31301
9697 31301
9699 31300
9702 31299
9707 31298
9710 31297
9713 31296
9714 31296
9718 31295
9722 31293
9725 31292
9728 31292
9729 31291
9733 31290
9737 31288
9741 31287
9743 31287
9745 31286
9748 31285
9752 31284
9756 31283
9758 31282
9760 31282
9763 31281
9768 31278
9771 31277
9774 31277
9775 31276
9779 31275
9783 31274
9786 31273
9789 31272
9790 31272
9794 31271
9798 31269
9802 31268
9804 31267
9806 31267
9809 31266
9813 31264
9817 31263
9819 31263
9821 31262
9824 31261
9829 31259
9832 31258
9835 31258
9836 31257
9840 31256
9844 31255
9847 31254
9850 31253
9851 31253
9855 31252
9859 31250
9863 31249
9865 31248
9867 31248
9870 31247
9874 31245
9878 31244
9880 31244
9882 31243
9885 31242
9889 31240
9890 31240
9894 31239
9896 31238
9898 31238
9901 31237
9905 31235
9909 31234
9911 31234
9913 31233
9916 31232
9920 31230
9924 31229
9926 31229
9928 31228
9931 31227
9935 31226
9939 31225
9941 31224
9943 31224
9946 31223
9951 31221
9954 31220
9957 31219
9958 31219
9962 31218
9966 31216
9969 31215
9972 31215
9973 31214
9977 31213
9981 31211
9984 31210
9987 31210
9988 31209
9992 31208
9996 31207
9999 31206
10002 31205
10003 31205
10007 31204
10011 31202
10012 31201
10016 31200
10018 31200
10020 31199
10023 31198
10027 31197
10031 31196
10033 31195
10035 31195
10038 31194
10042 31192
10046 31191
10048 31190
10050 31190
10053 31189
10057 31187
10061 31186
10063 31186
10065 31185
10068 31184
10073 31182
10076 31181
10079 31180
10080 31180
10084 31179
10088 31177
10091 31176
10094 31176
10095 31175
10099 31174
10103 31172
10106 31171
10109 31171
10110 31170
10114 31169
10118 31168
10121 31167
10124 31166
10125 31166
10129 31165
10132 31162
10134 31162
10137 31161
10140 31160
10141 31160
10145 31159
10149 31157
10152 31156
10155 31156
10156 31155
10160 31154
10164 31152
10167 31151
10170 31151
10171 31150
10175 31149
10179 31148
10182 31147
10185 31146
10186 31146
10190 31145
10194 31142
10198 31141
10200 31141
10202 31140
10205 31139
10209 31138
10213 31137
10215 31136
10217 31136
10220 31135
10224 31133
10228 31132
10230 31131
10232 31131
10235 31130
10239 31128
10243 31127
10245 31126
10247 31126
10250 31125
10256 31123
10259 31122
10262 31121
10263 31120
10267 31119
10271 31118
10274 31117
10277 31116
10278 31115
10282 31114
10286 31113
10289 31112
10292 31111
10293 31110
10297 31109
10301 31108
10304 31107
10307 31106
10308 31105
10312 31104
10316 31103
10320 31102
10322 31101
10324 31100
10327 31099
10331 31098
10335 31097
10337 31096
10339 31095
10342 31094
10346 31093
10350 31092
10352 31091
10354 31090
10357 31089
10361 31088
10361 31086
10365 31085
10369 31084
10372 31083
10375 31082
10376 31081
10380 31080
10384 31079
10387 31078
10390 31077
10391 31076
10395 31075
10399 31074
10402 31073
10405 31072
10406 31071
10410 31070
10414 31069
10418 31068
10420 31067
10422 31066
10425 31065
10429 31064
10433 31063
10435 31062
10437 31061
10440 31060
10444 31059
10448 31058
10450 31057
10452 31056
10455 31055
10459 31054
10463 31053
10465 31052
10467 31051
10470 31050
10475 31048
10479 31047
10481 31046
10483 31045
10486 31044
10490 31043
10494 31042
10496 31041
10498 31040
10501 31039
10505 31038
10509 31037
10511 31036
10513 31035
10516 31034
10520 31033
10524 31032
10526 31031
10528 31030
10531 31029
10536 31027
10539 31026
10542 31025
10543 31025
10547 31024
10551 31022
10554 31021
10557 31020
10558 31020
10562 31019
10566 31017
10569 31016
10572 31015
10573 31015
10577 31014
10581 31012
10584 31011
10587 31010
10588 31010
10592 31009
10595 31007
10596 31007
10600 31006
10602 31005
10604 31004
10607 31003
10611 31002
10615 31001
10617 31000
10619 30999
10622 30998
10626 30997
10630 30996
10632 30995
10634 30994
10637 30993
10641 30992
10645 30991
10647 30990
10649 30989
10652 30988
10657 30986
10660 30985
10663 30984
10664 30984
10668 30983
10672 30981
10675 30980
10678 30979
10679 30979
10683 30978
10687 30976
10690 30975
10693 30974
10694 30974
10698 30973
10702 30971
10705 30970
10708 30969
10709 30969
10713 30968
10716 30966
10717 30965
10721 30964
10723 30963
10725 30963
10728 30962
10732 30960
10736 30959
10738 30958
10740 30958
10743 30957
10747 30955
10751 30954
10753 30953
10755 30953
10758 30952
10762 30950
10766 30949
10768 30948
10770 30948
10773 30947
10777 30944
10781 30943
10783 30942
10785 30942
10788 30941
10792 30939
10796 30938
10798 30937
10800 30937
10803 30936
10807 30934
10811 30933
10813 30932
10815 30931
10818 30930
10822 30929
10826 30928
10828 30927
10830 30926
10833 30925
10836 30924
10838 30923
10841 30922
10844 30921
10845 30921
10849 30920
10853 30918
10856 30917
10859 30916
10860 30916
10864 30915
10868 30913
10871 30912
10874 30911
10875 30910
10879 30909
10883 30908
10886 30907
10889 30906
10890 30905
10894 30904
10898 30902
10901 30901
10904 30900
10905 30900
10909 30899
10913 30897
10916 30896
10919 30895
10920 30895
10924 30894
10928 30892
10931 30891
10934 30890
10935 30889
10939 30888
10943 30887
10946 30886
10949 30885
10950 30884
10954 30883
10959 30881
10962 30880
10965 30879
10966 30878
10970 30877
10974 30876
10977 30875
10980 30874
10981 30873
10985 30872
10989 30870
10992 30869
10995 30868
10996 30868
11000 30867
11004 30865
11007 30864
11010 30863
11011 30863
11015 30862
11019 30859
11022 30858
11025 30857
11026 30857
11030 30856
11034 30854
11037 30853
11040 30852
11041 30852
11045 30851
11049 30849
11052 30848
11055 30847
11056 30846
11060 30845
11064 30844
11067 30843
11070 30842
11071 30841
11075 30840
11077 30838
11079 30838
11082 30837
11085 30836
11086 30835
11090 30834
11094 30833
11097 30832
11100 30831
11101 30830
11105 30829
11109 30827
11112 30826
11115 30825
11116 30825
11120 30824
11124 30822
11127 30821
11130 30820
11131 30820
11135 30819
11139 30816
11142 30815
11145 30814
11146 30814
11150 30813
11154 30811
11157 30810
11160 30809
11161 30809
11165 30808
11169 30806
11172 30805
11175 30804
11176 30803
11180 30802
11184 30801
11187 30800
11190 30799
11191 30798
11195 30797
11198 30794
11200 30793
11203 30792
11206 30791
11207 30791
11211 30790
11215 30788
11218 30787
11221 30786
11222 30786
11226 30785
11230 30783
11233 30782
11236 30781
11237 30780
11241 30779
11245 30778
11248 30777
11251 30776
11252 30775
11256 30774
11260 30772
11263 30771
11266 30770
11267 30770
11271 30769
11275 30767
11278 30766
11281 30765
11282 30764
11286 30763
11290 30761
11293 30760
11296 30759
11297 30759
11301 30758
11305 30756
11308 30755
11311 30754
11312 30753
11316 30752
11318 30751
11320 30750
11323 30749
11326 30748
11327 30748
11331 30747
11335 30745
11338 30744
11341 30743
11342 30742
11346 30741
11350 30739
11353 30738
11356 30737
11357 30737
11361 30736
11365 30734
11368 30733
11371 30732
11372 30731
11376 30730
11380 30728
11383 30727
11386 30726
11387 30726
11391 30725
11395 30723
11398 30722
11401 30721
11402 30720
11406 30719
11410 30717
11413 30716
11415 30715
11417 30715
11420 30714
11424 30712
11428 30711
11430 30710
11431 30709
11435 30708
11440 30706
11444 30705
11446 30704
11447 30703
11451 30702
11455 30700
11458 30699
11460 30698
11462 30698
11465 30697
11470 30695
11473 30694
11475 30693
11477 30692
11480 30691
11484 30689
11488 30688
11490 30687
11491 30687
11495 30686
11500 30684
11503 30683
11505 30682
11507 30681
11510 30680
11514 30678
11518 30677
11520 30676
11521 30676
11525 30675
11529 30673
11533 30672
11535 30671
11536 30670
11540 30669
11544 30667
11547 30666
11549 30665
11551 30665
11554 30664
11558 30661
11560 30661
11563 30660
11565 30659
11567 30658
11570 30657
11574 30655
11578 30654
11580 30653
11581 30653
11585 30652
11589 30650
11593 30649
11595 30648
11596 30647
11600 30646
11604 30644
11607 30643
11609 30642
11611 30642
11614 30641
11619 30638
11623 30637
11625 30636
11626 30636
11630 30635
11634 30633
11637 30632
11639 30631
11641 30630
11644 30629
11649 30627
11652 30626
11654 30625
11656 30625
11659 30624
11663 30622
11667 30621
11669 30620
11670 30619
11674 30618
11678 30616
11680 30615
11683 30614
11685 30613
11687 30613
11690 30612
11694 30610
11698 30609
11700 30608
11701 30607
11705 30606
11709 30604
11713 30603
11715 30602
11716 30602
11720 30601
11724 30599
11727 30598
11729 30597
11731 30596
11734 30595
11739 30593
11743 30592
11745 30591
11746 30590
11750 30589
11754 30587
11757 30586
11759 30585
11761 30585
11764 30584
11769 30582
11772 30581
11774 30580
11776 30579
11779 30578
11783 30576
11787 30575
11789 30574
11790 30574
11794 30573
11797 30570
11799 30570
11802 30569
11804 30568
11806 30567
11809 30566
11813 30564
11817 30563
11819 30562
11820 30562
11824 30561
11828 30558
11832 30557
11834 30556
11835 30556
11839 30555
11843 30553
11846 30552
11848 30551
11850 30550
11853 30549
11858 30547
11862 30546
11864 30545
11865 30544
11869 30543
11873 30541
11876 30540
11878 30539
11880 30539
11883 30538
11888 30535
11891 30534
11893 30533
11895 30533
11898 30532
11902 30530
11906 30529
11908 30528
11909 30527
11913 30526
11918 30523
11921 30522
11923 30521
11925 30521
11928 30520
11932 30518
11936 30517
11938 30516
11939 30515
11943 30514
11947 30512
11951 30511
11953 30510
11954 30509
11958 30508
11962 30506
11965 30505
11967 30504
11969 30504
11972 30503
11977 30500
11981 30499
11983 30498
11984 30498
11988 30497
11992 30495
11995 30494
11997 30493
11999 30492
12002 30491
12007 30489
12010 30488
12012 30487
12014 30486
12017 30485
12021 30483
12025 30482
12027 30481
12028 30481
12032 30480
12036 30477
12037 30477
12041 30476
12043 30475
12044 30474
12048 30473
12052 30471
12055 30470
12057 30469
12059 30469
12062 30468
12067 30465
12070 30464
12072 30463
12074 30463
12077 30462
12081 30460
12085 30459
12087 30458
12088 30457
12092 30456
12096 30453
12100 30452
12102 30451
12103 30451
12107 30450
12111 30448
12114 30447
12116 30446
12118 30445
12121 30444
12126 30442
12129 30441
12131 30440
12133 30439
12136 30438
12140 30436
12144 30435
12146 30434
12147 30434
12151 30433
12155 30429
12157 30428
12160 30427
12162 30426
12164 30426
12167 30425
12171 30423
12175 30422
12177 30421
12178 30420
12182 30419
12186 30417
12190 30416
12192 30415
12193 30414
12197 30413
12201 30411
12204 30410
12206 30409
12208 30409
12211 30408
12216 30405
12219 30404
12221 30403
12223 30402
12226 30401
12230 30399
12234 30398
12236 30397
12237 30397
12241 30396
12245 30393
12249 30392
12251 30391
12252 30391
12256 30390
12260 30388
12263 30387
12265 30386
12267 30385
12270 30384
12274 30382
12275 30381
12279 30380
12281 30379
12282 30379
12286 30378
12290 30376
12293 30375
12295 30374
12297 30373
12300 30372
12305 30370
12308 30369
12310 30368
12312 30367
12315 30366
12319 30364
12323 30363
12325 30362
12326 30361
12330 30360
12334 30358
12338 30357
12340 30356
12341 30355
12345 30354
12349 30352
12352 30351
12354 30350
12356 30349
12359 30348
12364 30346
12367 30345
12369 30344
12371 30343
12374 30342
12378 30340
12382 30339
12384 30338
12385 30337
12389 30336
12393 30334
12397 30332
12399 30331
12400 30331
12404 30329
12408 30328
12411 30326
12413 30325
12415 30325
12418 30323
12423 30322
12426 30320
12428 30319
12430 30319
12433 30317
12437 30316
12441 30314
12443 30313
12444 30313
12448 30311
12452 30310
12456 30308
12458 30307
12459 30307
12463 30305
12467 30304
12470 30302
12472 30301
12474 30301
12477 30299
12482 30298
12485 30296
12487 30295
12489 30295
12492 30293
12496 30292
12500 30290
12502 30289
12503 30289
12507 30287
12510 30286
12511 30285
12515 30284
12517 30283
12518 30282
12522 30281
12526 30279
12529 30278
12531 30277
12533 30276
12536 30275
12541 30273
12544 30272
12546 30271
12548 30270
12551 30269
12555 30267
12559 30266
12561 30265
12562 30264
12566 30263
12570 30261
12574 30259
12576 30258
12577 30258
12581 30256
12585 30255
12588 30253
12590 30252
12592 30252
12595 30250
12600 30249
12603 30247
12605 30246
12607 30246
12610 30244
12614 30243
12618 30241
12620 30240
12621 30240
12625 30238
12628 30236
12630 30236
12633 30234
12635 30233
12637 30233
12640 30231
12644 30230
12648 30228
12650 30227
12651 30227
12655 30225
12659 30224
12663 30222
12665 30221
12666 30221
12670 30219
12674 30218
12677 30216
12679 30215
12681 30215
12684 30213
12689 30211
12693 30210
12695 30209
12696 30208
12700 30207
12704 30205
12707 30204
12709 30203
12711 30202
12714 30201
12718 30199
12722 30198
12724 30197
12725 30196
12729 30195
12733 30193
12736 30192
12738 30191
12740 30190
12743 30189
12746 30187
12748 30186
12751 30185
12753 30184
12755 30183
12758 30182
12762 30180
12766 30179
12768 30178
12769 30177
12773 30176
12777 30174
12780 30173
12782 30172
12784 30171
12787 30170
12791 30168
12795 30167
12797 30166
12798 30165
12802 30164
12806 30162
12810 30160
12812 30159
12813 30159
12817 30157
12821 30156
12824 30154
12826 30153
12828 30153
12831 30151
12835 30149
12839 30148
12841 30147
12842 30146
12846 30145
12850 30143
12853 30142
12855 30141
12857 30140
12860 30139
12865 30137
12869 30135
12871 30134
12872 30134
12876 30132
12880 30131
12883 30129
12885 30128
12887 30128
12890 30126
12894 30124
12898 30123
12900 30122
12901 30121
12905 30120
12909 30118
12912 30117
12914 30116
12916 30115
12919 30114
12924 30112
12927 30110
12929 30109
12931 30109
12934 30107
12938 30106
12942 30104
12944 30103
12945 30103
12949 30101
12953 30099
12956 30098
12958 30097
12960 30096
12963 30095
12967 30093
12971 30092
12973 30091
12974 30090
12978 30089
12981 30087
12983 30086
12986 30085
12988 30084
12990 30083
12993 30082
12997 30080
13001 30079
13003 30078
13004 30077
13008 30076
13012 30074
13015 30072
13017 30071
13019 30071
13022 30069
13026 30068
13030 30066
13032 30065
13033 30065
13037 30063
13041 30061
13045 30060
13047 30059
13048 30058
13052 30057
13056 30055
13059 30054
13061 30053
13063 30052
13066 30051
13070 30049
13074 30047
13076 30046
13077 30046
13081 30044
13085 30043
13088 30041
13090 30040
13092 30040
13095 30038
13099 30035
13100 30035
13104 30033
13106 30032
13107 30032
13111 30030
13115 30029
13118 30027
13120 30026
13122 30026
13125 30024
13129 30022
13133 30021
13135 30020
13136 30019
13140 30018
13144 30016
13147 30015
13149 30014
13151 30013
13154 30012
13159 30009
13162 30008
13164 30007
13166 30006
13169 30005
13173 30003
13177 30002
13179 30001
13180 30000
13184 29999
13188 29997
13191 29995
13193 29994
13195 29994
13198 29992
13202 29991
13206 29989
13208 29988
13209 29988
13213 29986
13216 29984
13217 29983
13221 29982
13223 29981
13224 29980
13228 29979
13232 29977
13235 29976
13237 29975
13239 29974
13242 29973
13246 29971
13250 29969
13252 29968
13253 29968
13257 29966
13261 29965
13264 29963
13266 29962
13268 29962
13271 29960
13276 29958
13279 29956
13281 29955
13283 29955
13286 29953
13290 29952
13294 29950
13296 29949
13297 29949
13301 29947
13305 29945
13308 29944
13310 29943
13312 29942
13315 29941
13319 29939
13323 29937
13325 29936
13326 29936
13330 29934
13334 29932
13338 29930
13340 29929
13341 29929
13345 29927
13349 29925
13352 29924
13354 29923
13356 29922
13359 29921
13363 29919
13367 29917
13369 29916
13370 29916
13374 29914
13378 29912
13381 29911
13383 29910
13385 29909
13388 29908
13392 29906
13396 29904
13398 29903
13399 29903
13403 29901
13407 29899
13410 29898
13412 29897
13414 29896
13417 29895
13421 29893
13425 29891
13427 29890
13428 29890
13432 29888
13436 29886
13439 29885
13441 29884
13443 29883
13446 29882
13449 29880
13451 29879
13454 29878
13456 29877
13458 29876
13461 29875
13465 29873
13469 29871
13471 29870
13472 29870
13476 29868
13480 29866
13483 29865
13485 29864
13487 29863
13490 29862
13494 29860
13498 29858
13500 29857
13501 29857
13505 29855
13509 29853
13512 29852
13514 29851
13516 29850
13519 29849
13523 29847
13527 29845
13529 29844
13530 29844
13534 29842
13538 29840
13541 29839
13543 29838
13545 29837
13548 29836
13552 29834
13556 29832
13558 29831
13559 29831
13563 29829
13566 29827
13568 29827
13571 29825
13573 29824
13575 29824
13578 29822
13582 29820
13586 29819
13588 29818
13589 29817
13593 29816
13597 29814
13600 29812
13602 29811
13604 29811
13607 29809
13611 29807
13615 29806
13617 29805
13618 29804
13622 29803
13626 29800
13629 29799
13631 29798
13633 29797
13636 29796
13640 29794
13644 29792
13646 29791
13647 29791
13651 29789
13655 29787
13658 29786
13660 29785
13662 29784
13665 29783
13669 29781
13673 29779
13675 29778
13676 29778
13680 29776
13682 29774
13684 29774
13687 29772
13689 29771
13691 29771
13694 29769
13698 29767
13702 29766
13704 29765
13705 29764
13709 29763
13713 29761
13716 29759
13718 29758
13720 29758
13723 29756
13727 29754
13731 29753
13733 29752
13734 29751
13738 29750
13742 29747
13745 29746
13747 29745
13749 29744
13752 29743
13756 29741
13760 29739
13762 29738
13763 29738
13767 29736
13771 29734
13774 29733
13776 29732
13778 29731
13781 29730
13785 29728
13789 29726
13791 29725
13792 29725
13796 29723
13800 29720
13804 29719
13806 29718
13807 29717
13811 29716
13815 29714
13818 29712
13820 29711
13822 29711
13825 29709
13829 29707
13833 29705
13835 29704
13836 29704
13840 29702
13844 29700
13847 29699
13849 29698
13851 29697
13854 29696
13858 29693
13862 29692
13864 29691
13865 29690
13869 29689
13872 29687
13876 29685
13878 29684
13879 29684
13883 29682
13887 29680
13890 29678
13892 29677
13894 29677
13897 29675
13901 29673
13904 29672
13906 29671
13908 29670
13911 29669
13915 29667
13916 29666
13920 29665
13922 29664
13923 29663
13927 29662
13930 29660
13934 29658
13936 29657
13937 29657
13941 29655
13945 29653
13948 29651
13950 29650
13952 29650
13955 29648
13959 29646
13962 29645
13964 29644
13966 29643
13969 29642
13974 29639
13977 29638
13979 29637
13981 29636
13984 29635
13988 29633
13991 29631
13993 29630
13995 29630
13998 29628
14002 29626
14006 29624
14008 29623
14009 29623
14013 29621
14016 29619
14020 29618
14022 29617
14023 29616
14029 29612
14033 29611
14035 29610
14036 29609
14040 29608
14043 29606
14047 29604
14049 29603
14050 29603
14054 29601
14058 29599
14061 29597
14063 29596
14065 29596
14068 29594
14072 29592
14075 29591
14077 29590
14079 29589
14082 29588
14087 29585
14090 29583
14092 29582
14094 29582
14097 29580
14101 29578
14104 29577
14106 29576
14108 29575
14111 29574
14115 29571
14119 29570
14121 29569
14122 29568
14126 29567
14129 29565
14133 29563
14135 29562
14136 29562
14140 29560
14143 29558
14144 29557
14148 29556
14150 29555
14151 29554
14155 29553
14158 29551
14162 29549
14164 29548
14165 29548
14169 29546
14173 29544
14176 29542
14178 29541
14180 29541
14183 29539
14187 29537
14190 29536
14192 29535
14194 29534
14197 29533
14202 29530
14205 29528
14207 29527
14209 29527
14212 29525
14216 29523
14219 29522
14221 29521
14223 29520
14226 29519
14230 29516
14234 29515
14236 29514
14237 29513
14241 29512
14244 29510
14248 29508
14250 29507
14251 29507
14255 29505
14259 29502
14263 29500
14265 29499
14266 29499
14270 29497
14273 29495
14277 29494
14279 29493
14280 29492
14284 29491
14288 29488
14291 29487
14293 29486
14295 29485
14298 29484
14302 29482
14305 29480
14307 29479
14309 29479
14312 29477
14317 29475
14320 29473
14322 29472
14324 29472
14327 29470
14331 29468
14334 29467
14336 29466
14338 29465
14341 29464
14345 29461
14349 29460
14351 29458
14352 29458
14356 29456
14359 29454
14363 29453
14365 29451
14366 29451
14370 29449
14373 29447
14375 29447
14378 29445
14380 29444
14382 29443
14385 29442
14389 29440
14392 29438
14394 29437
14396 29436
14399 29435
14403 29433
14407 29431
14409 29430
14410 29429
14414 29428
14417 29426
14421 29424
14423 29423
14424 29422
14428 29421
14432 29419
14435 29417
14437 29416
14439 29415
14442 29414
14446 29412
14449 29410
14451 29409
14453 29408
14456 29407
14460 29405
14464 29403
14466 29402
14467 29401
14471 29400
14474 29398
14478 29396
14480 29395
14481 29394
14485 29393
14488 29391
14490 29390
14493 29389
14495 29387
14497 29387
14500 29385
14504 29383
14507 29382
14509 29380
14511 29380
14514 29378
14518 29376
14522 29375
14524 29373
14525 29373
14529 29371
14532 29369
14536 29368
14538 29366
14539 29366
14543 29364
14547 29362
14550 29361
14552 29359
14554 29359
14557 29357
14561 29355
14564 29354
14566 29352
14568 29352
14571 29350
14575 29348
14579 29347
14581 29345
14582 29345
14586 29343
14589 29341
14593 29340
14595 29338
14596 29338
14600 29336
14603 29334
14604 29333
14608 29332
14610 29330
14611 29330
14615 29328
14618 29326
14622 29325
14624 29323
14625 29323
14629 29321
14633 29319
14636 29318
14638 29316
14640 29316
14643 29314
14647 29312
14650 29311
14652 29309
14654 29309
14657 29307
14661 29305
14665 29303
14667 29302
14668 29301
14672 29300
14675 29298
14679 29296
14681 29295
14682 29294
14686 29293
14690 29291
14693 29289
14695 29288
14697 29287
14700 29286
14704 29284
14707 29282
14709 29281
14711 29280
14714 29279
14718 29276
14722 29275
14724 29273
14725 29273
14729 29271
14732 29269
14736 29268
14738 29266
14739 29266
14743 29264
14747 29262
14750 29261
14752 29259
14754 29259
14757 29257
14761 29255
14764 29254
14766 29252
14768 29252
14771 29250
14775 29248
14779 29246
14781 29245
14782 29244
14786 29243
14789 29241
14793 29239
14795 29238
14796 29237
14800 29236
14804 29234
14807 29232
14809 29231
14811 29230
14814 29229
14818 29227
14821 29225
14823 29224
14825 29223
14828 29222
14831 29220
14832 29219
14836 29218
14838 29216
14839 29216
14843 29214
14846 29212
14850 29211
14852 29209
14853 29209
14857 29207
14861 29205
14864 29203
14866 29202
14868 29201
14871 29200
14875 29198
14878 29196
14880 29195
14882 29194
14885 29193
14890 29190
14893 29189
14895 29187
14897 29187
14900 29185
14904 29183
14907 29182
14909 29180
14911 29180
14914 29178
14918 29176
14921 29174
14923 29173
14925 29172
14928 29171
14932 29169
14935 29167
14937 29166
14939 29165
14942 29164
14946 29161
14947 29160
14951 29159
14953 29157
14954 29157
14958 29155
14961 29153
14965 29152
14967 29150
14968 29150
14972 29148
14975 29146
14979 29144
14981 29143
14982 29142
14986 29141
14989 29139
14993 29137
14995 29136
14996 29135
15000 29134
15004 29131
15007 29130
15009 29128
15011 29128
15014 29126
15018 29124
15021 29123
15023 29121
15025 29121
15028 29119
15032 29117
15035 29115
15037 29114
15039 29113
15042 29112
15046 29110
15049 29108
15051 29107
15053 29106
15056 29105
15059 29103
15061 29102
15064 29101
15066 29099
15068 29099
15071 29097
15075 29095
15078 29094
15080 29092
15082 29092
15085 29090
15089 29088
15092 29086
15094 29085
15096 29084
15099 29083
15103 29081
15106 29079
15108 29078
15110 29077
15113 29076
15117 29073
15121 29071
15123 29070
15124 29069
15128 29068
15131 29066
15135 29064
15137 29063
15138 29062
15142 29061
15145 29058
15149 29057
15151 29055
15152 29055
15156 29053
15159 29051
15163 29050
15165 29048
15166 29048
15170 29046
15174 29043
15178 29041
15180 29040
15181 29039
15185 29038
15188 29036
15192 29034
15194 29033
15195 29032
15199 29031
15202 29028
15206 29027
15208 29025
15209 29025
15213 29023
15216 29021
15220 29020
15222 29018
15223 29018
15227 29016
15231 29013
15234 29012
15236 29010
15238 29010
15241 29008
15245 29006
15248 29005
15250 29003
15252 29003
15255 29001
15259 28999
15262 28997
15264 28996
15266 28995
15269 28994
15273 28992
15276 28990
15278 28989
15280 28988
15283 28987
15286 28984
15287 28983
15291 28982
15293 28980
15294 28980
15298 28978
15301 28976
15305 28975
15307 28973
15308 28973
15312 28971
15315 28969
15319 28967
15321 28966
15322 28965
15326 28964
15329 28962
15333 28960
15335 28959
15336 28958
15340 28957
15344 28954
15347 28952
15349 28951
15351 28950
15354 28949
15358 28947
15361 28945
15363 28944
15365 28943
15368 28942
15372 28939
15375 28938
15377 28936
15379 28936
15382 28934
15386 28932
15389 28930
15391 28929
15393 28928
15396 28927
15399 28924
15400 28924
15404 28922
15406 28921
15407 28920
15411 28919
15414 28916
15418 28915
15420 28913
15421 28913
15425 28911
15428 28909
15432 28907
15434 28906
15435 28905
15439 28904
15442 28901
15446 28900
15448 28898
15449 28898
15453 28896
15456 28894
15460 28892
15462 28891
15463 28890
15467 28889
15470 28886
15474 28885
15476 28883
15477 28883
15481 28881
15484 28879
15488 28877
15490 28876
15491 28875
15495 28874
15498 28871
15502 28870
15504 28868
15505 28868
15509 28866
15511 28864
15513 28863
15516 28862
15518 28860
15520 28860
15523 28858
15527 28856
15530 28854
15532 28853
15534 28852
15537 28851
15541 28848
15544 28847
15546 28845
15548 28845
15551 28843
15555 28841
15558 28839
15560 28838
15562 28837
15565 28836
15569 28833
15572 28832
15574 28830
15576 28830
15579 28828
15583 28826
15586 28824
15588 28823
15590 28822
15593 28821
15597 28818
15600 28817
15602 28815
15604 28815
15607 28813
15611 28811
15614 28809
15616 28808
15618 28807
15621 28806
15626 28802
15629 28801
15631 28799
15633 28799
15636 28797
15640 28795
15643 28793
15645 28792
15647 28791
15650 28790
15654 28787
15657 28786
15659 28784
15661 28784
15664 28782
15668 28780
15671 28778
15673 28777
15675 28776
15678 28775
15682 28772
15685 28770
15687 28769
15689 28768
15692 28767
15696 28764
15699 28763
15701 28761
15703 28761
15706 28759
15710 28757
15713 28755
15715 28754
15717 28753
15720 28752
15724 28749
15727 28748
15729 28746
15731 28746
15734 28744
15736 28742
15738 28741
15741 28740
15743 28738
15745 28738
15748 28736
15752 28734
15755 28732
15757 28731
15759 28730
15762 28729
15766 28726
15769 28725
15771 28723
15773 28723
15776 28721
15780 28719
15783 28717
15785 28716
15787 28715
15790 28714
15794 28711
15797 28709
15799 28708
15801 28707
15804 28706
15808 28703
15811 28702
15813 28700
15815 28700
15818 28698
15822 28696
15825 28694
15827 28693
15829 28692
15832 28691
15836 28688
15839 28687
15841 28685
15843 28685
15846 28683
15849 28680
15850 28679
15854 28678
15856 28676
15857 28676
15861 28674
15865 28672
15868 28670
15870 28669
15871 28668
15874 28667
15878 28664
15881 28662
15883 28661
15885 28660
15888 28659
15892 28656
15895 28655
15897 28653
15898 28653
15901 28651
15906 28648
15909 28647
15911 28645
15913 28645
15916 28643
15920 28641
15923 28639
15925 28638
15926 28637
15929 28636
15934 28633
15937 28631
15939 28630
15940 28629
15943 28628
15947 28625
15950 28624
15952 28622
15954 28622
15957 28620
15961 28618
15962 28617
15965 28616
15967 28614
15969 28614
15972 28612
15976 28610
15979 28608
15981 28607
15982 28606
15985 28605
15990 28602
15993 28600
15995 28599
15996 28598
15999 28597
16003 28594
16006 28593
16008 28591
16010 28591
16013 28589
16018 28586
16021 28585
16023 28583
16024 28583
16027 28581
16031 28579
16034 28577
16036 28576
16038 28575
16041 28574
16045 28571
16048 28569
16050 28568
16052 28567
16055 28566
16059 28563
16062 28562
16064 28560
16065 28560
16068 28558
16074 28554
16077 28553
16079 28551
16081 28551
16084 28549
16088 28547
16091 28545
16093 28544
16094 28543
16097 28542
16102 28539
16105 28537
16107 28536
16108 28535
16111 28534
16115 28531
16118 28530
16120 28528
16122 28528
16125 28526
16130 28523
16133 28522
16135 28520
16136 28520
16139 28518
16143 28516
16146 28514
16148 28513
16150 28512
16153 28511
16157 28508
16160 28506
16162 28505
16164 28504
16167 28503
16171 28500
16174 28499
16176 28497
16177 28497
16180 28495
16184 28492
16185 28492
16188 28490
16190 28489
16192 28488
16195 28487
16199 28484
16202 28483
16204 28481
16205 28481
16208 28479
16213 28476
16216 28475
16218 28473
16219 28473
16222 28471
16226 28469
16229 28467
16231 28466
16233 28465
16236 28464
16241 28460
16244 28459
16246 28457
16247 28457
16250 28455
16254 28453
16257 28451
16259 28450
16261 28449
16264 28448
16268 28445
16271 28443
16273 28442
16275 28441
16278 28440
16282 28437
16285 28436
16287 28434
16288 28434
16291 28432
16295 28428
16297 28428
16300 28426
16302 28425
16303 28424
16306 28423
16310 28420
16313 28419
16315 28417
16317 28417
16320 28415
16324 28412
16327 28411
16329 28409
16331 28409
16334 28407
16338 28405
16341 28403
16343 28402
16344 28401
16347 28400
16352 28396
16355 28395
16357 28393
16358 28393
16361 28391
16365 28389
16368 28387
16370 28386
16372 28385
16375 28384
16379 28381
16382 28380
16384 28379
16386 28378
16389 28376
16393 28374
16396 28372
16398 28371
16399 28370
16402 28368
16406 28366
16407 28365
16410 28363
16412 28362
16414 28361
16417 28359
16421 28357
16424 28355
16426 28354
16427 28353
16430 28351
16435 28349
16438 28347
16440 28346
16441 28345
16444 28343
16448 28341
16451 28339
16453 28338
16455 28337
16458 28335
16462 28333
16465 28331
16467 28330
16469 28329
16472 28327
16476 28325
16479 28323
16481 28322
16482 28321
16485 28319
16490 28317
16493 28315
16495 28314
16496 28313
16499 28311
16503 28309
16506 28307
16508 28306
16510 28305
16513 28303
16518 28300
16521 28298
16523 28297
16524 28296
16527 28294
16531 28292
16534 28290
16536 28289
16538 28288
16541 28286
16545 28284
16548 28282
16550 28281
16552 28280
16555 28278
16559 28276
16562 28274
16564 28273
16565 28272
16568 28270
16573 28268
16576 28266
16578 28265
16579 28264
16582 28262
16586 28260
16589 28258
16591 28257
16593 28256
16596 28254
16600 28252
16603 28250
16605 28249
16607 28248
16610 28246
16614 28244
16617 28242
16619 28241
16620 28240
16623 28238
16626 28237
16628 28236
16631 28234
16633 28233
16634 28232
16637 28230
16641 28228
16644 28226
16646 28225
16648 28224
16651 28222
16655 28220
16658 28218
16660 28217
16662 28216
16665 28214
16669 28212
16672 28210
16674 28209
16675 28208
16678 28206
16683 28204
16686 28202
16688 28201
16689 28200
16692 28198
16696 28196
16699 28194
16701 28193
16703 28192
16706 28190
16710 28188
16713 28186
16715 28185
16717 28184
16720 28182
16724 28180
16727 28178
16729 28177
16730 28176
16733 28174
16737 28171
16739 28170
16742 28168
16744 28167
16745 28166
16748 28164
16752 28162
16755 28160
16757 28159
16759 28158
16762 28156
16766 28154
16769 28152
16771 28151
16772 28150
16775 28148
16779 28146
16782 28144
16784 28143
16786 28142
16789 28140
16793 28138
16796 28136
16798 28135
16800 28134
16803 28132
16807 28130
16810 28128
16812 28127
16813 28126
16816 28124
16820 28122
16823 28120
16825 28119
16827 28118
16830 28116
16834 28114
16837 28112
16839 28111
16840 28110
16843 28108
16847 28106
16848 28105
16851 28103
16853 28102
16855 28101
16858 28099
16862 28097
16865 28095
16867 28094
16868 28093
16871 28091
16875 28089
16878 28087
16880 28086
16882 28085
16885 28083
16889 28081
16892 28079
16894 28078
16895 28077
16898 28075
16903 28072
16906 28070
16908 28069
16909 28068
16912 28066
16916 28064
16919 28062
16921 28061
16923 28060
16926 28058
16930 28056
16933 28054
16935 28053
16936 28052
16939 28050
16943 28048
16946 28046
16948 28045
16950 28044
16953 28042
16958 28039
16961 28037
16963 28036
16964 28035
16967 28033
16971 28031
16974 28029
16976 28028
16978 28027
16981 28025
16985 28023
16988 28021
16990 28020
16991 28019
16994 28017
16998 28015
17001 28013
17003 28012
17005 28011
17008 28009
17012 28006
17015 28004
17017 28003
17019 28002
17022 28000
17026 27998
17029 27996
17031 27995
17032 27994
17035 27992
17039 27990
17042 27988
17044 27987
17046 27986
17049 27984
17053 27982
17056 27980
17058 27979
17059 27978
17062 27976
17065 27974
17067 27973
17070 27971
17072 27970
17073 27969
17076 27967
17080 27965
17083 27963
17085 27962
17087 27961
17090 27959
17094 27956
17097 27954
17099 27953
17100 27952
17103 27950
17107 27948
17110 27946
17112 27945
17114 27944
17117 27942
17121 27940
17124 27938
17126 27937
17128 27936
17131 27934
17135 27932
17138 27930
17140 27929
17141 27928
17144 27926
17148 27923
17151 27921
17153 27920
17155 27919
17158 27917
17162 27915
17165 27913
17167 27912
17168 27911
17171 27909
17175 27907
17177 27906
17180 27904
17182 27903
17183 27902
17186 27900
17190 27898
17193 27896
17195 27895
17197 27894
17200 27892
17204 27889
17207 27887
17209 27886
17210 27885
17213 27883
17217 27881
17220 27879
17222 27878
17224 27877
17227 27875
17231 27872
17234 27870
17236 27869
17237 27868
17240 27866
17244 27864
17247 27862
17249 27861
17251 27860
17254 27858
17258 27856
17261 27854
17263 27853
17264 27852
17267 27850
17271 27848
17274 27846
17276 27845
17278 27844
17281 27842
17284 27839
17285 27838
17288 27836
17290 27835
17292 27834
17295 27832
17299 27830
17302 27828
17304 27827
17305 27826
17308 27824
17312 27822
17315 27820
17317 27819
17319 27818
17322 27816
17326 27814
17329 27812
17331 27811
17332 27810
17335 27808
17339 27805
17342 27803
17344 27802
17346 27801
17349 27799
17353 27797
17356 27795
17358 27794
17359 27793
17362 27791
17366 27788
17369 27786
17371 27785
17373 27784
17376 27782
17380 27780
17383 27778
17385 27777
17386 27776
17389 27774
17393 27771
17396 27769
17398 27768
17400 27767
17403 27765
17407 27763
17410 27761
17412 27760
17413 27759
17416 27757
17420 27754
17423 27752
17425 27751
17427 27750
17430 27748
17434 27746
17437 27744
17439 27743
17440 27742
17443 27740
17447 27737
17450 27735
17452 27734
17454 27733
17457 27731
17461 27729
17464 27727
17466 27726
17467 27725
17470 27723
17474 27720
17477 27718
17479 27717
17481 27716
17484 27714
17488 27712
17491 27710
17493 27709
17494 27708
17497 27706
17500 27704
17501 27703
17504 27701
17506 27700
17508 27699
17511 27697
17515 27695
17518 27693
17520 27692
17521 27691
17524 27689
17528 27686
17531 27684
17533 27683
17535 27682
17538 27680
17542 27678
17545 27676
17547 27675
17548 27674
17551 27672
17555 27669
17558 27667
17560 27666
17562 27665
17565 27663
17569 27661
17572 27659
17574 27658
17575 27657
17578 27655
17583 27652
17586 27650
17588 27649
17589 27648
17594 27644
17597 27642
17599 27641
17601 27640
17604 27638
17608 27636
17611 27634
17613 27633
17614 27632
17617 27630
17621 27627
17624 27625
17626 27624
17627 27623
17630 27621
17635 27619
17638 27617
17640 27616
17641 27615
17644 27613
17648 27610
17651 27608
17653 27607
17654 27606
17657 27604
17661 27602
17664 27600
17666 27599
17668 27598
17671 27596
17674 27593
17677 27591
17679 27590
17681 27589
17684 27587
17687 27585
17689 27584
17692 27582
17694 27581
17695 27580
17698 27578
17702 27575
17705 27573
17707 27572
17708 27571
17711 27569
17715 27567
17718 27565
17720 27564
17722 27563
17725 27561
17728 27558
17731 27556
17733 27555
17735 27554
17738 27552
17742 27549
17745 27547
17747 27546
17749 27545
17752 27543
17755 27541
17758 27539
17760 27538
17762 27537
17765 27535
17769 27532
17772 27530
17774 27529
17775 27528
17778 27526
17782 27524
17785 27522
17787 27521
17788 27520
17791 27518
17796 27514
17799 27512
17801 27511
17802 27510
17805 27508
17809 27506
17812 27504
17814 27503
17815 27502
17818 27500
17822 27497
17825 27495
17827 27494
17829 27493
17832 27491
17835 27489
17838 27487
17840 27486
17842 27485
17845 27483
17849 27480
17852 27478
17854 27477
17856 27476
17859 27474
17862 27471
17865 27469
17867 27468
17869 27467
17872 27465
17876 27463
17879 27461
17881 27460
17882 27459
17885 27457
17889 27454
17892 27452
17894 27451
17895 27450
17898 27448
17901 27446
17903 27445
17906 27443
17908 27442
17909 27441
17912 27439
17916 27437
17919 27435
17921 27434
17922 27433
17925 27431
17929 27428
17932 27426
17934 27425
17936 27424
17939 27422
17942 27419
17945 27417
17947 27416
17949 27415
17952 27413
17956 27410
17959 27408
17961 27407
17963 27406
17966 27404
17969 27402
17972 27400
17974 27399
17976 27398
17979 27396
17983 27393
17986 27391
17988 27390
17989 27389
17992 27387
17996 27384
17999 27382
18001 27381
18002 27380
18005 27378
18009 27376
18010 27375
18013 27373
18015 27372
18017 27371
18020 27369
18023 27366
18026 27364
18028 27363
18030 27362
18033 27360
18037 27357
18040 27355
18042 27354
18043 27353
18046 27351
18050 27349
18053 27347
18055 27346
18056 27345
18059 27343
18063 27340
18066 27338
18068 27337
18070 27336
18073 27334
18076 27331
18079 27329
18081 27328
18083 27327
18086 27325
18090 27322
18093 27320
18095 27319
18096 27318
18099 27316
18103 27314
18106 27312
18108 27311
18109 27310
18112 27308
18115 27305
18117 27304
18120 27302
18122 27301
18123 27300
18126 27298
18130 27296
18133 27294
18135 27293
18136 27292
18139 27290
18143 27287
18146 27285
18148 27284
18150 27283
18153 27281
18156 27278
18159 27276
18161 27275
18163 27274
18166 27272
18170 27269
18173 27267
18175 27266
18176 27265
18179 27263
18183 27261
18186 27259
18188 27258
18189 27257
18192 27255
18196 27252
18199 27250
18201 27249
18203 27248
18206 27246
18209 27243
18212 27241
18214 27240
18216 27239
18219 27237
18223 27233
18226 27231
18228 27230
18230 27229
18233 27227
18236 27225
18239 27223
18241 27222
18243 27221
18246 27219
18250 27216
18253 27214
18255 27213
18256 27212
18259 27210
18263 27207
18266 27205
18268 27204
18269 27203
18272 27201
18276 27198
18279 27196
18281 27195
18283 27194
18286 27192
18289 27189
18292 27187
18294 27186
18296 27185
18299 27183
18303 27180
18306 27178
18308 27177
18309 27176
18312 27174
18316 27172
18319 27170
18321 27169
18322 27168
18325 27166
18328 27163
18329 27162
18332 27160
18334 27159
18336 27158
18339 27156
18342 27153
18345 27151
18347 27150
18349 27149
18352 27147
18356 27144
18359 27142
18361 27141
18362 27140
18365 27138
18369 27136
18372 27134
18374 27133
18375 27132
18378 27130
18382 27126
18385 27124
18387 27123
18389 27122
18392 27120
18395 27118
18398 27116
18400 27115
18402 27114
18405 27112
18408 27109
18411 27107
18413 27106
18415 27105
18418 27103
18421 27100
18424 27098
18426 27097
18428 27096
18431 27094
18434 27092
18435 27091
18438 27089
18440 27087
18442 27086
18445 27084
18448 27082
18451 27080
18453 27078
18455 27077
18458 27075
18461 27073
18464 27071
18466 27069
18468 27068
18471 27066
18474 27064
18477 27062
18479 27060
18481 27059
18484 27057
18488 27055
18491 27053
18493 27051
18494 27050
18497 27048
18501 27046
18504 27044
18506 27042
18507 27041
18510 27039
18514 27037
18517 27035
18519 27033
18520 27032
18523 27030
18527 27028
18530 27026
18532 27024
18533 27023
18536 27021
18539 27020
18541 27019
18544 27017
18546 27015
18547 27014
18550 27012
18554 27010
18557 27008
18559 27006
18560 27005
18563 27003
18567 27001
18570 26999
18572 26997
18573 26996
18576 26994
18580 26992
18583 26990
18585 26988
18586 26987
18589 26985
18593 26983
18596 26981
18598 26979
18600 26978
18603 26976
18606 26974
18609 26972
18611 26970
18613 26969
18616 26967
18619 26965
18622 26963
18624 26961
18626 26960
18629 26958
18632 26956
18635 26954
18637 26952
18639 26951
18642 26949
18646 26946
18649 26944
18651 26942
18653 26941
18656 26939
18659 26937
18662 26935
18664 26933
18666 26932
18669 26930
18672 26928
18675 26926
18677 26924
18679 26923
18682 26921
18685 26919
18688 26917
18690 26915
18692 26914
18695 26912
18699 26909
18702 26907
18704 26906
18705 26905
18708 26903
18712 26900
18715 26898
18717 26897
18718 26896
18721 26894
18725 26891
18728 26889
18730 26888
18731 26887
18734 26885
18738 26882
18741 26880
18743 26879
18744 26878
18747 26876
18750 26874
18751 26873
18754 26871
18756 26869
18758 26868
18761 26866
18764 26864
18767 26862
18769 26860
18771 26859
18774 26857
18777 26855
18780 26853
18782 26851
18784 26850
18787 26848
18790 26846
18793 26844
18795 26842
18797 26841
18800 26839
18803 26836
18806 26834
18808 26833
18810 26832
18813 26830
18816 26827
18819 26825
18821 26824
18823 26823
18826 26821
18829 26818
18832 26816
18834 26815
18836 26814
18839 26812
18842 26809
18845 26807
18847 26806
18849 26805
18852 26803
18855 26800
18856 26799
18859 26797
18861 26795
18863 26794
18866 26792
18869 26790
18872 26788
18874 26786
18876 26785
18879 26783
18882 26781
18885 26779
18887 26777
18889 26776
18892 26774
18895 26772
18898 26770
18900 26768
18902 26767
18905 26765
18908 26762
18911 26760
18913 26759
18915 26758
18918 26756
18921 26753
18924 26751
18926 26750
18928 26749
18931 26747
18934 26744
18937 26742
18939 26741
18941 26740
18944 26738
18947 26735
18950 26733
18952 26732
18954 26731
18957 26729
18959 26726
18960 26725
18963 26723
18965 26722
18967 26721
18970 26719
18973 26716
18976 26714
18978 26713
18980 26712
18983 26710
18986 26707
18989 26705
18991 26703
18993 26702
18996 26700
18999 26698
19002 26696
19004 26694
19006 26693
19009 26691
19012 26688
19015 26686
19017 26685
19019 26684
19022 26682
19025 26679
19028 26677
19030 26676
19032 26675
19035 26673
19038 26670
19041 26668
19043 26666
19045 26665
19048 26663
19051 26661
19054 26659
19056 26657
19058 26656
19061 26654
19065 26651
19068 26649
19070 26648
19071 26647
19074 26645
19078 26642
19081 26640
19083 26639
19084 26638
19087 26636
19091 26633
19094 26631
19096 26629
19097 26628
19100 26626
19104 26624
19107 26622
19108 26620
19110 26619
19113 26617
19117 26614
19120 26612
19121 26611
19123 26610
19126 26608
19129 26605
19132 26603
19134 26602
19135 26601
19138 26599
19142 26596
19145 26594
19147 26592
19148 26591
19151 26589
19155 26587
19158 26585
19159 26583
19161 26582
19164 26580
19167 26578
19169 26577
19172 26575
19173 26573
19175 26572
19178 26570
19181 26568
19184 26566
19186 26564
19187 26563
19190 26561
19194 26558
19197 26556
19199 26555
19200 26554
19203 26552
19207 26549
19210 26547
19211 26546
19213 26545
19216 26543
19220 26539
19223 26537
19225 26536
19226 26535
19229 26533
19233 26530
19236 26528
19237 26527
19239 26526
19242 26524
19246 26521
19249 26519
19250 26517
19252 26516
19255 26514
19258 26512
19261 26510
19263 26508
19264 26507
19267 26505
19271 26502
19273 26501
19276 26499
19277 26498
19279 26497
19282 26495
19285 26492
19288 26490
19290 26489
19291 26488
19294 26486
19298 26483
19301 26481
19303 26479
19304 26478
19307 26476
19311 26474
19314 26472
19315 26470
19317 26469
19320 26467
19324 26464
19327 26462
19329 26460
19330 26459
19333 26457
19337 26455
19340 26453
19341 26451
19343 26450
19346 26448
19350 26445
19353 26443
19354 26442
19356 26441
19359 26439
19362 26436
19365 26434
19367 26433
19368 26432
19371 26430
19374 26427
19376 26426
19379 26424
19380 26422
19382 26421
19385 26419
19388 26417
19391 26415
19393 26413
19394 26412
19397 26410
19401 26407
19404 26405
19406 26404
19407 26403
19410 26401
19414 26398
19417 26396
19418 26395
19420 26394
19423 26392
19427 26388
19430 26386
19432 26385
19433 26384
19436 26382
19440 26379
19443 26377
19444 26376
19446 26375
19449 26373
19453 26370
19456 26368
19457 26366
19459 26365
19462 26363
19465 26360
19468 26358
19470 26357
19471 26356
19474 26354
19479 26350
19482 26348
19483 26347
19485 26346
19488 26344
19491 26341
19494 26339
19496 26337
19497 26336
19500 26334
19504 26331
19507 26329
19509 26328
19510 26327
19513 26325
19517 26322
19520 26320
19521 26318
19523 26317
19526 26315
19530 26312
19533 26310
19534 26309
19536 26308
19539 26306
19542 26303
19545 26301
19547 26299
19548 26298
19551 26296
19555 26293
19558 26291
19560 26290
19561 26289
19564 26287
19568 26284
19571 26282
19572 26280
19574 26279
19577 26277
19580 26275
19581 26274
19584 26272
19586 26271
19587 26270
19590 26268
19594 26265
19597 26263
19598 26261
19600 26260
19603 26258
19607 26255
19610 26253
19611 26252
19613 26251
19616 26249
19619 26246
19622 26244
19624 26242
19625 26241
19628 26239
19632 26236
19635 26234
19637 26233
19638 26232
19641 26230
19645 26227
19648 26225
19649 26223
19651 26222
19654 26220
19658 26217
19661 26215
19662 26214
19664 26213
19667 26211
19670 26208
19673 26206
19675 26204
19676 26203
19679 26201
19682 26198
19684 26197
19687 26195
19688 26193
19690 26192
19693 26190
19696 26187
19699 26185
19701 26184
19702 26183
19705 26181
19709 26178
19712 26176
19714 26174
19715 26173
19718 26171
19722 26168
19725 26166
19726 26165
19728 26164
19731 26162
19735 26158
19738 26156
19739 26155
19741 26154
19744 26152
19747 26149
19750 26147
19752 26145
19753 26144
19756 26142
19760 26139
19763 26137
19765 26136
19766 26135
19769 26133
19773 26130
19776 26128
19777 26126
19779 26125
19782 26123
19785 26121
19786 26120
19789 26118
19791 26116
19792 26115
19795 26113
19799 26110
19802 26108
19803 26107
19805 26106
19808 26104
19811 26101
19814 26099
19816 26097
19817 26096
19820 26094
19824 26091
19827 26089
19828 26088
19830 26087
19833 26085
19837 26081
19840 26079
19841 26078
19843 26077
19846 26075
19849 26072
19852 26070
19854 26068
19855 26067
19858 26065
19862 26062
19865 26060
19866 26059
19868 26058
19871 26056
19874 26053
19877 26051
19879 26049
19880 26048
19883 26046
19888 26042
19891 26040
19892 26039
19894 26038
19897 26036
19900 26033
19903 26031
19905 26029
19906 26028
19909 26026
19913 26023
19916 26021
19917 26020
19919 26019
19922 26017
19925 26014
19928 26012
19930 26010
19931 26009
19934 26007
19938 26004
19941 26002
19943 26000
19944 25999
19947 25997
19951 25994
19954 25992
19955 25991
19957 25990
19960 25988
19963 25985
19966 25983
19968 25981
19969 25980
19972 25978
19976 25975
19979 25973
19980 25972
19982 25971
19985 25969
19987 25966
19989 25965
19992 25963
19993 25961
19995 25960
19998 25958
20001 25955
20004 25953
20006 25952
20007 25951
20010 25949
20014 25945
20017 25943
20018 25942
20020 25941
20023 25939
20026 25936
20029 25934
20031 25932
20032 25931
20035 25929
20039 25926
20042 25924
20044 25922
20045 25921
20048 25919
20052 25916
20055 25914
20056 25913
20058 25912
20061 25910
20064 25906
20067 25904
20069 25903
20070 25902
20073 25900
20077 25897
20080 25895
20081 25893
20083 25892
20086 25890
20089 25887
20091 25886
20094 25884
20095 25883
20097 25882
20100 25880
20103 25877
20106 25875
20108 25873
20109 25872
20112 25870
20116 25867
20119 25865
20120 25863
20122 25862
20125 25860
20128 25857
20131 25855
20133 25854
20134 25853
20137 25851
20141 25847
20144 25845
20145 25844
20147 25843
20150 25841
20153 25838
20156 25836
20158 25834
20159 25833
20162 25831
20166 25828
20169 25826
20170 25824
20172 25823
20175 25821
20178 25818
20181 25816
20183 25815
20184 25814
20187 25812
20190 25809
20191 25808
20194 25806
20196 25804
20197 25803
20200 25801
20204 25798
20207 25796
20208 25795
20210 25794
20213 25792
20216 25788
20219 25786
20221 25785
20222 25784
20225 25782
20229 25779
20232 25777
20233 25775
20235 25774
20238 25772
20241 25768
20244 25766
20246 25765
20247 25764
20250 25762
20254 25759
20257 25757
20258 25755
20260 25754
20263 25752
20266 25749
20269 25747
20271 25745
20272 25744
20275 25742
20279 25739
20282 25737
20283 25736
20285 25735
20288 25733
20292 25728
20295 25726
20296 25725
20298 25724
20301 25722
20304 25719
20307 25717
20309 25715
20310 25714
20313 25712
20317 25709
20320 25707
20321 25705
20323 25704
20326 25702
20329 25699
20332 25697
20334 25696
20335 25695
20338 25693
20342 25689
20345 25687
20346 25685
20348 25684
20351 25682
20354 25679
20357 25677
20359 25676
20360 25675
20363 25673
20367 25669
20370 25667
20371 25666
20373 25665
20376 25663
20379 25660
20382 25658
20384 25656
20385 25655
20388 25653
20390 25650
20392 25649
20395 25647
20396 25645
20398 25644
20401 25642
20404 25639
20407 25637
20409 25636
20410 25635
20413 25633
20417 25629
20420 25627
20421 25626
20423 25625
20426 25623
20429 25620
20432 25618
20434 25616
20435 25615
20438 25613
20442 25609
20445 25607
20447 25606
20448 25605
20451 25603
20455 25600
20458 25598
20459 25596
20461 25595
20464 25593
20467 25590
20470 25588
20471 25586
20473 25585
20476 25583
20479 25581
20482 25579
20483 25577
20485 25576
20488 25573
20491 25571
20493 25570
20496 25567
20497 25566
20499 25565
20502 25562
20505 25560
20508 25557
20509 25556
20511 25555
20514 25552
20517 25550
20520 25547
20522 25546
20523 25545
20526 25542
20529 25540
20532 25537
20534 25536
20535 25535
20538 25532
20542 25530
20545 25527
20547 25526
20548 25525
20551 25522
20554 25520
20557 25517
20559 25516
20560 25515
20563 25512
20567 25510
20570 25507
20571 25506
20573 25505
20576 25502
20579 25500
20582 25497
20583 25496
20585 25495
20588 25492
20591 25491
20592 25490
20595 25487
20597 25486
20598 25485
20601 25482
20604 25480
20607 25477
20609 25476
20610 25475
20613 25472
20617 25470
20620 25467
20621 25466
20623 25465
20626 25462
20629 25460
20632 25457
20633 25456
20635 25455
20638 25452
20642 25450
20645 25447
20646 25446
20648 25445
20651 25442
20654 25440
20657 25437
20658 25436
20660 25435
20663 25432
20666 25430
20669 25427
20671 25426
20672 25425
20675 25422
20678 25420
20681 25417
20683 25416
20684 25415
20687 25412
20692 25409
20695 25407
20696 25405
20698 25404
20701 25402
20704 25399
20707 25397
20708 25395
20710 25394
20713 25392
20716 25389
20719 25387
20721 25385
20722 25384
20725 25382
20728 25379
20731 25377
20733 25375
20734 25374
20737 25372
20741 25369
20744 25366
20746 25365
20747 25364
20750 25361
20753 25359
20756 25356
20758 25355
20759 25354
20762 25351
20766 25349
20769 25346
20770 25345
20772 25344
20775 25341
20778 25339
20781 25336
20782 25335
20784 25334
20787 25331
20789 25329
20790 25328
20793 25326
20795 25324
20796 25323
20799 25321
20802 25318
20805 25316
20807 25314
20808 25313
20811 25311
20815 25308
20818 25306
20819 25304
20821 25303
20824 25301
20827 25298
20830 25296
20831 25294
20833 25293
20836 25291
20839 25288
20842 25285
20844 25284
20845 25283
20848 25280
20851 25278
20854 25275
20856 25274
20857 25273
20860 25270
20864 25268
20867 25265
20868 25264
20870 25263
20873 25260
20876 25258
20879 25255
20880 25254
20882 25253
20887 25249
20890 25246
20891 25245
20893 25244
20896 25241
20899 25239
20902 25236
20903 25235
20905 25234
20908 25231
20911 25229
20914 25226
20916 25225
20917 25224
20920 25221
20923 25219
20926 25216
20928 25215
20929 25214
20932 25211
20936 25208
20939 25206
20940 25204
20942 25203
20945 25201
20948 25198
20951 25196
20952 25194
20954 25193
20957 25191
20960 25188
20963 25186
20965 25184
20966 25183
20969 25181
20972 25178
20975 25176
20977 25174
20978 25173
20981 25171
20983 25169
20985 25168
20988 25165
20989 25164
20991 25163
20994 25160
20997 25158
21000 25155
21001 25154
21003 25153
21006 25150
21009 25147
21012 25145
21014 25143
21015 25142
21018 25140
21021 25137
21024 25135
21026 25133
21027 25132
21030 25130
21034 25127
21037 25124
21038 25123
21040 25122
21043 25119
21046 25117
21049 25114
21050 25113
21052 25112
21055 25109
21058 25106
21061 25104
21063 25102
21064 25101
21067 25099
21070 25096
21073 25094
21075 25092
21076 25091
21079 25089
21083 25085
21086 25083
21088 25081
21089 25080
21092 25078
21095 25075
21098 25073
21100 25071
21101 25070
21104 25068
21107 25065
21110 25062
21112 25061
21113 25060
21116 25057
21119 25055
21122 25052
21124 25051
21125 25050
21128 25047
21132 25044
21135 25042
21136 25040
21138 25039
21141 25037
21144 25034
21147 25032
21148 25030
21150 25029
21153 25027
21156 25024
21159 25021
21160 25020
21162 25019
21165 25016
21168 25014
21171 25011
21172 25010
21174 25009
21177 25006
21179 25004
21181 25003
21184 25000
21185 24999
21187 24998
21190 24995
21193 24993
21196 24990
21197 24989
21199 24988
21202 24985
21205 24982
21208 24980
21209 24978
21211 24977
21214 24975
21217 24972
21220 24970
21221 24968
21223 24967
21226 24965
21229 24962
21232 24959
21234 24958
21235 24957
21238 24954
21241 24952
21244 24949
21246 24948
21247 24947
21250 24944
21253 24941
21256 24939
21258 24937
21259 24936
21262 24934
21265 24931
21268 24929
21270 24927
21271 24926
21274 24924
21277 24921
21278 24920
21281 24917
21283 24916
21284 24915
21287 24912
21290 24910
21293 24907
21295 24906
21296 24905
21299 24902
21302 24899
21305 24897
21307 24895
21308 24894
21311 24892
21314 24889
21317 24887
21319 24885
21320 24884
21323 24882
21327 24878
21330 24876
21331 24874
21333 24873
21336 24871
21339 24868
21342 24866
21343 24864
21345 24863
21348 24861
21351 24858
21354 24855
21355 24854
21357 24853
21360 24850
21363 24848
21366 24845
21367 24844
21369 24843
21372 24840
21374 24838
21375 24837
21378 24834
21380 24833
21381 24832
21384 24829
21387 24827
21390 24824
21392 24823
21393 24822
21396 24819
21399 24816
21402 24814
21404 24812
21405 24811
21408 24809
21411 24806
21414 24804
21416 24802
21417 24801
21420 24799
21423 24795
21426 24793
21428 24791
21429 24790
21432 24788
21435 24785
21438 24783
21440 24781
21441 24780
21444 24778
21447 24775
21450 24772
21452 24771
21453 24770
21456 24767
21459 24765
21462 24762
21464 24761
21465 24760
21468 24757
21472 24753
21475 24750
21476 24749
21478 24748
21481 24745
21484 24743
21487 24740
21488 24739
21490 24738
21493 24735
21496 24733
21499 24730
21500 24729
21502 24728
21505 24725
21508 24722
21511 24720
21512 24718
21514 24717
21517 24715
21520 24711
21523 24709
21524 24707
21526 24706
21529 24704
21532 24701
21535 24698
21536 24697
21538 24696
21541 24693
21544 24690
21547 24688
21548 24686
21550 24685
21553 24683
21556 24680
21559 24677
21560 24676
21562 24675
21565 24672
21566 24670
21568 24669
21571 24667
21572 24665
21574 24664
21577 24662
21580 24659
21583 24656
21584 24655
21586 24654
21589 24651
21592 24648
21595 24646
21596 24644
21598 24643
21601 24641
21604 24638
21607 24635
21608 24634
21610 24633
21613 24630
21616 24627
21619 24625
21620 24623
21622 24622
21625 24620
21628 24617
21631 24614
21632 24613
21634 24612
21637 24609
21640 24606
21643 24604
21644 24602
21646 24601
21649 24599
21652 24596
21655 24593
21656 24592
21658 24591
21661 24588
21664 24585
21665 24584
21668 24582
21670 24580
21671 24579
21674 24577
21677 24574
21680 24571
21682 24570
21683 24569
21685 24566
21689 24563
21692 24561
21694 24559
21695 24558
21697 24556
21701 24553
21703 24550
21705 24549
21706 24548
21709 24545
21713 24542
21716 24540
21718 24538
21719 24537
21721 24535
21725 24532
21727 24529
21729 24528
21730 24527
21733 24524
21737 24521
21739 24519
21741 24517
21742 24516
21745 24514
21748 24511
21751 24508
21753 24507
21754 24506
21756 24503
21760 24501
21761 24500
21764 24497
21766 24496
21767 24495
21769 24492
21773 24489
21775 24487
21777 24485
21778 24484
21781 24482
21785 24479
21787 24476
21789 24475
21790 24474
21793 24471
21796 24468
21799 24466
21801 24464
21802 24463
21804 24461
21809 24457
21811 24455
21813 24453
21814 24452
21817 24450
21820 24447
21823 24444
21825 24443
21826 24442
21828 24439
21832 24436
21835 24434
21837 24432
21838 24431
21840 24429
21844 24426
21846 24423
21848 24422
21849 24421
21852 24418
21856 24414
21859 24412
21861 24410
21862 24409
21864 24407
21868 24404
21870 24401
21872 24400
21873 24399
21876 24396
21880 24393
21882 24391
21884 24389
21885 24388
21888 24386
21891 24383
21894 24380
21896 24379
21897 24378
21899 24375
21904 24372
21906 24369
21908 24368
21909 24367
21912 24364
21915 24361
21918 24359
21920 24357
21921 24356
21923 24354
21927 24351
21930 24348
21932 24347
21933 24346
21935 24343
21939 24340
21941 24338
21943 24336
21944 24335
21947 24333
21951 24330
21952 24329
21954 24326
21956 24325
21957 24324
21960 24321
21963 24318
21966 24316
21968 24314
21969 24313
21971 24311
21975 24308
21978 24305
21980 24304
21981 24303
21983 24300
21987 24297
21989 24295
21991 24293
21992 24292
21995 24290
21999 24287
22001 24284
22003 24283
22004 24282
22007 24279
22010 24276
22013 24274
22015 24272
22016 24271
22018 24269
22022 24265
22025 24263
22027 24261
22028 24260
22030 24258
22034 24255
22036 24252
22038 24251
22039 24250
22042 24247
22045 24244
22046 24243
22049 24241
22051 24239
22052 24238
22054 24236
22058 24233
22060 24230
22062 24229
22063 24228
22066 24225
22070 24222
22072 24219
22074 24218
22075 24217
22078 24214
22081 24211
22084 24209
22086 24207
22087 24206
22089 24204
22093 24200
22096 24198
22098 24196
22099 24195
22101 24193
22105 24190
22107 24187
22109 24186
22110 24185
22113 24182
22117 24179
22119 24176
22121 24175
22122 24174
22125 24171
22128 24168
22131 24166
22133 24164
22134 24163
22136 24161
22139 24158
22140 24157
22143 24155
22145 24153
22146 24152
22148 24150
22152 24147
22154 24144
22156 24143
22157 24142
22160 24139
22164 24136
22166 24133
22168 24132
22169 24131
22172 24128
22175 24125
22178 24123
22180 24121
22181 24120
22183 24118
22187 24114
22190 24112
22192 24110
22193 24109
22195 24107
22199 24104
22201 24101
22203 24100
22204 24099
22207 24096
22211 24093
22213 24090
22215 24089
22216 24088
22219 24085
22222 24082
22225 24080
22227 24078
22228 24077
22230 24075
22235 24070
22238 24068
22240 24066
22241 24065
22243 24063
22247 24060
22249 24057
22251 24056
22252 24055
22255 24052
22258 24049
22261 24046
22263 24045
22264 24044
22266 24041
22270 24038
22272 24036
22274 24034
22275 24033
22278 24031
22282 24027
22284 24024
22286 24023
22287 24022
22290 24019
22293 24016
22296 24014
22298 24012
22299 24011
22301 24009
22305 24005
22307 24003
22309 24001
22310 24000
22313 23998
22316 23995
22319 23992
22321 23991
22322 23990
22324 23987
22328 23984
22329 23983
22331 23981
22333 23979
22334 23978
22337 23976
22340 23973
22343 23970
22345 23969
22346 23968
22348 23965
22352 23962
22354 23959
22356 23958
22357 23957
22360 23954
22363 23951
22366 23949
22368 23947
22369 23946
22371 23944
22375 23940
22378 23937
22380 23936
22381 23935
22383 23932
22387 23929
22389 23927
22391 23925
22392 23924
22395 23922
22398 23918
22401 23916
22403 23914
22404 23913
22406 23911
22410 23908
22412 23905
22414 23904
22415 23903
22418 23900
22421 23896
22422 23895
22425 23893
22427 23891
22428 23890
22430 23888
22434 23885
22436 23882
22438 23881
22439 23880
22442 23877
22445 23874
22448 23871
22450 23870
22451 23869
22453 23866
22457 23863
22459 23861
22461 23859
22462 23858
22465 23856
22469 23852
22471 23849
22473 23848
22474 23847
22477 23844
22480 23841
22483 23839
22485 23837
22486 23836
22488 23834
22492 23830
22494 23828
22496 23826
22497 23825
22500 23823
22503 23820
22506 23817
22508 23816
22509 23815
22511 23812
22515 23809
22516 23808
22518 23806
22520 23804
22521 23803
22524 23801
22527 23798
22530 23796
22532 23794
22533 23793
22535 23790
22539 23787
22541 23784
22543 23782
22544 23781
22547 23779
22550 23776
22553 23773
22555 23771
22556 23770
22558 23768
22562 23765
22564 23762
22566 23760
22567 23759
22570 23757
22573 23754
22576 23751
22578 23749
22579 23748
22581 23746
22585 23743
22587 23740
22589 23738
22590 23737
22593 23735
22596 23732
22599 23729
22601 23727
22602 23726
22604 23724
22608 23720
22611 23718
22613 23716
22614 23715
22616 23712
22620 23709
22622 23707
22624 23705
22625 23704
22628 23701
22631 23698
22634 23696
22636 23694
22637 23693
22639 23690
22643 23687
22645 23685
22647 23683
22648 23682
22651 23679
22654 23676
22657 23674
22659 23672
22660 23671
22662 23668
22666 23665
22668 23663
22670 23661
22671 23660
22674 23657
22677 23654
22680 23652
22682 23650
22683 23649
22685 23646
22689 23643
22691 23641
22693 23639
22694 23638
22697 23635
22699 23633
22700 23632
22703 23629
22705 23627
22706 23626
22708 23624
22712 23621
22714 23618
22716 23616
22717 23615
22720 23613
22723 23610
22726 23607
22728 23605
22729 23604
22731 23602
22735 23599
22737 23596
22739 23594
22740 23593
22743 23591
22746 23588
22749 23585
22751 23583
22752 23582
22754 23580
22758 23577
22760 23574
22762 23572
22763 23571
22766 23569
22769 23566
22772 23563
22774 23561
22775 23560
22777 23558
22781 23555
22783 23552
22785 23550
22786 23549
22789 23547
22792 23544
22793 23543
22795 23540
22797 23538
22798 23537
22801 23535
22804 23532
22806 23529
22808 23527
22809 23526
22812 23524
22815 23521
22818 23518
22820 23516
22821 23515
22823 23513
22826 23510
22829 23507
22831 23505
22832 23504
22834 23502
22838 23498
22841 23496
22843 23494
22844 23493
22846 23490
22849 23487
22852 23485
22854 23483
22855 23482
22857 23479
22861 23476
22863 23474
22865 23472
22866 23471
22869 23468
22872 23465
22874 23463
22876 23461
22877 23460
22880 23457
22883 23455
22884 23454
22887 23451
22889 23449
22890 23448
22892 23446
22895 23443
22898 23440
22900 23438
22901 23437
22903 23435
22907 23432
22909 23429
22911 23427
22912 23426
22915 23424
22918 23421
22920 23418
22922 23416
22923 23415
22926 23413
22930 23409
22932 23407
22934 23405
22935 23404
22938 23401
22941 23398
22943 23396
22945 23394
22946 23393
22949 23390
22952 23387
22955 23385
22957 23383
22958 23382
22960 23379
22963 23376
22966 23374
22968 23372
22969 23371
22971 23368
22976 23364
22978 23362
22980 23360
22981 23359
22984 23356
22987 23353
22989 23351
22991 23349
22992 23348
22995 23345
22998 23342
23001 23340
23003 23338
23004 23337
23006 23334
23009 23331
23012 23329
23014 23327
23015 23326
23017 23323
23021 23320
23024 23317
23026 23315
23027 23314
23029 23312
23032 23309
23035 23306
23037 23304
23038 23303
23040 23301
23044 23297
23046 23295
23048 23293
23049 23292
23052 23289
23055 23286
23057 23284
23059 23282
23060 23281
23063 23278
23066 23276
23067 23275
23069 23272
23071 23270
23072 23269
23075 23267
23078 23264
23080 23261
23082 23259
23083 23258
23086 23256
23089 23252
23092 23250
23094 23248
23095 23247
23097 23244
23100 23241
23103 23239
23105 23237
23106 23236
23108 23233
23112 23230
23114 23227
23116 23225
23117 23224
23120 23222
23123 23219
23125 23216
23127 23214
23128 23213
23131 23211
23134 23207
23137 23205
23139 23203
23140 23202
23142 23199
23145 23196
23148 23194
23150 23192
23151 23191
23153 23188
23156 23185
23157 23184
23160 23181
23162 23179
23163 23178
23165 23176
23168 23173
23171 23170
23173 23168
23176 23165
23179 23162
23181 23160
23182 23159
23184 23157
23188 23154
23189 23153
23191 23150
23193 23148
23194 23147
23197 23145
23200 23142
23202 23139
23204 23137
23205 23136
23208 23134
23211 23130
23214 23128
23216 23126
23217 23125
23219 23122
23222 23119
23225 23117
23227 23115
23228 23114
23230 23111
23234 23108
23236 23105
23238 23103
23239 23102
23242 23100
23245 23097
23247 23094
23249 23092
23250 23091
23253 23089
23256 23085
23259 23083
23261 23081
23262 23080
23264 23077
23267 23074
23270 23072
23272 23070
23273 23069
23275 23066
23278 23063
23279 23062
23281 23060
23283 23058
23284 23057
23287 23054
23290 23051
23292 23049
23294 23047
23295 23046
23298 23043
23301 23040
23304 23037
23306 23035
23307 23034
23309 23032
23312 23029
23315 23026
23317 23024
23318 23023
23320 23021
23324 23017
23326 23014
23328 23012
23329 23011
23332 23009
23335 23006
23337 23003
23339 23001
23340 23000
23343 22998
23346 22994
23348 22992
23350 22990
23351 22989
23354 22986
23357 22983
23359 22981
23361 22979
23362 22978
23365 22975
23369 22971
23371 22968
23373 22966
23374 22965
23377 22963
23380 22960
23382 22957
23384 22955
23385 22954
23388 22952
23391 22948
23393 22946
23395 22944
23396 22943
23399 22940
23402 22937
23404 22935
23406 22933
23407 22932
23410 22929
23413 22925
23416 22923
23418 22921
23419 22920
23421 22917
23424 22914
23427 22912
23429 22910
23430 22909
23432 22906
23435 22903
23438 22900
23440 22898
23441 22897
23443 22895
23446 22892
23449 22889
23451 22887
23452 22886
23454 22884
23457 22880
23458 22879
23460 22877
23462 22875
23463 22874
23466 22871
23469 22868
23471 22866
23473 22864
23474 22863
23477 22860
23480 22857
23482 22854
23484 22852
23485 22851
23488 22849
23491 22846
23493 22843
23495 22841
23496 22840
23499 22838
23502 22834
23505 22831
23507 22829
23508 22828
23510 22826
23513 22823
23516 22820
23518 22818
23519 22817
23521 22815
23524 22811
23527 22809
23529 22807
23530 22806
23532 22803
23535 22800
23538 22798
23540 22796
23541 22795
23543 22792
23546 22789
23547 22788
23550 22786
23552 22784
23553 22783
23555 22780
23558 22777
23561 22774
23563 22772
23564 22771
23566 22769
23569 22765
23572 22763
23574 22761
23575 22760
23577 22757
23580 22754
23583 22751
23585 22749
23586 22748
23588 22746
23591 22742
23594 22740
23596 22738
23597 22737
23599 22734
23602 22731
23605 22728
23607 22726
23608 22725
23610 22723
23613 22719
23616 22717
23618 22715
23619 22714
23621 22711
23624 22708
23627 22705
23629 22703
23630 22702
23632 22700
23635 22697
23636 22696
23638 22694
23640 22692
23641 22691
23644 22688
23647 22685
23649 22682
23651 22680
23652 22679
23655 22677
23658 22673
23660 22671
23662 22669
23663 22668
23666 22665
23669 22662
23671 22659
23673 22657
23674 22656
23677 22654
23680 22650
23682 22648
23684 22646
23685 22645
23688 22642
23691 22639
23693 22636
23695 22634
23696 22633
23699 22631
23702 22627
23704 22625
23706 22623
23707 22622
23710 22619
23713 22616
23715 22613
23717 22611
23718 22610
23721 22608
23724 22604
23727 22601
23729 22599
23730 22598
23732 22596
23735 22592
23738 22590
23740 22588
23741 22587
23743 22584
23746 22581
23749 22578
23751 22576
23752 22575
23754 22573
23757 22569
23760 22567
23762 22565
23763 22564
23765 22561
23768 22558
23771 22555
23773 22553
23774 22552
23776 22550
23779 22546
23782 22544
23784 22542
23785 22541
23787 22538
23791 22535
23793 22532
23795 22530
23796 22529
23799 22527
23801 22523
23804 22521
23805 22519
23806 22518
23809 22515
23812 22512
23813 22511
23815 22508
23817 22506
23818 22505
23820 22503
23823 22499
23826 22497
23827 22495
23828 22494
23831 22491
23834 22488
23837 22485
23838 22483
23839 22482
23842 22480
23845 22476
23847 22474
23849 22472
23850 22471
23852 22468
23856 22464
23859 22462
23860 22460
23861 22459
23864 22456
23867 22453
23869 22450
23871 22448
23872 22447
23874 22445
23878 22441
23880 22439
23882 22437
23883 22436
23885 22433
23888 22430
23891 22427
23892 22425
23893 22424
23896 22422
23900 22418
23901 22417
23903 22415
23905 22413
23906 22412
23908 22409
23911 22406
23914 22403
23915 22401
23916 22400
23919 22398
23922 22394
23925 22392
23926 22390
23927 22389
23930 22386
23933 22383
23935 22380
23937 22378
23938 22377
23940 22375
23944 22371
23947 22368
23948 22366
23949 22365
23952 22363
23955 22359
23957 22357
23959 22355
23960 22354
23962 22351
23966 22348
23968 22345
23970 22343
23971 22342
23973 22340
23976 22336
23979 22334
23980 22332
23981 22331
23984 22328
23987 22325
23988 22324
23990 22321
23992 22319
23993 22318
23995 22316
23998 22312
24001 22310
24002 22308
24003 22307
24006 22304
24009 22301
24012 22298
24013 22296
24014 22295
24017 22293
24020 22289
24022 22287
24024 22285
24025 22284
24027 22281
24031 22277
24034 22275
24035 22273
24036 22272
24039 22269
24042 22266
24044 22263
24046 22261
24047 22260
24049 22258
24053 22254
24055 22252
24057 22250
24058 22249
24060 22246
24063 22243
24066 22240
24067 22238
24068 22237
24071 22235
24075 22230
24078 22227
24079 22225
24080 22224
24083 22222
24086 22218
24088 22216
24090 22214
24091 22213
24093 22210
24097 22206
24099 22204
24101 22202
24102 22201
24104 22198
24107 22195
24110 22192
24111 22190
24112 22189
24115 22187
24118 22183
24121 22180
24122 22178
24123 22177
24126 22175
24129 22171
24131 22169
24133 22167
24134 22166
24136 22163
24140 22159
24142 22157
24144 22155
24145 22154
24147 22151
24150 22148
24153 22145
24154 22143
24155 22142
24158 22140
24160 22137
24161 22136
24164 22133
24165 22131
24166 22130
24169 22128
24172 22124
24174 22122
24176 22120
24177 22119
24179 22116
24183 22112
24185 22110
24187 22108
24188 22107
24190 22104
24193 22101
24196 22098
24197 22096
24198 22095
24201 22093
24204 22089
24207 22086
24208 22084
24209 22083
24212 22081
24215 22077
24217 22075
24219 22073
24220 22072
24222 22069
24226 22065
24228 22063
24230 22061
24231 22060
24233 22057
24236 22054
24239 22051
24240 22049
24241 22048
24244 22046
24247 22042
24248 22041
24250 22039
24252 22037
24253 22036
24255 22033
24258 22030
24261 22027
24262 22025
24263 22024
24266 22022
24269 22018
24272 22015
24273 22013
24274 22012
24277 22010
24280 22006
24282 22004
24284 22002
24285 22001
24287 21998
24290 21994
24293 21992
24294 21990
24295 21989
24298 21986
24301 21983
24303 21980
24305 21978
24306 21977
24308 21975
24311 21971
24314 21968
24315 21966
24316 21965
24319 21963
24322 21959
24324 21957
24326 21955
24327 21954
24329 21951
24332 21947
24333 21946
24336 21944
24337 21942
24338 21941
24341 21938
24344 21935
24346 21932
24348 21930
24349 21929
24351 21927
24354 21923
24357 21920
24358 21918
24359 21917
24362 21915
24365 21911
24367 21909
24369 21907
24370 21906
24372 21903
24376 21899
24378 21896
24380 21894
24381 21893
24383 21891
24386 21887
24389 21885
24390 21883
24391 21882
24394 21879
24397 21875
24399 21873
24401 21871
24402 21870
24404 21867
24407 21864
24410 21861
24411 21859
24412 21858
24415 21856
24419 21851
24421 21849
24423 21847
24424 21846
24426 21843
24429 21840
24432 21837
24433 21835
24434 21834
24437 21832
24440 21828
24442 21825
24444 21823
24445 21822
24447 21820
24450 21816
24453 21814
24454 21812
24455 21811
24458 21808
24461 21804
24464 21801
24465 21799
24466 21798
24469 21796
24472 21792
24474 21790
24476 21788
24477 21787
24479 21784
24482 21780
24485 21778
24486 21776
24487 21775
24490 21772
24493 21769
24495 21766
24497 21764
24498 21763
24500 21761
24503 21757
24504 21756
24506 21753
24508 21751
24509 21750
24511 21748
24514 21744
24517 21742
24518 21740
24519 21739
24522 21736
24525 21732
24527 21730
24529 21728
24530 21727
24532 21724
24535 21721
24538 21718
24539 21716
24540 21715
24543 21713
24546 21708
24548 21706
24550 21704
24551 21703
24553 21700
24556 21697
24559 21694
24560 21692
24561 21691
24564 21689
24567 21685
24569 21682
24571 21680
24572 21679
24574 21677
24577 21673
24580 21670
24581 21669
24582 21667
24585 21664
24588 21661
24589 21660
24591 21657
24593 21655
24594 21654
24596 21651
24599 21648
24602 21645
24603 21643
24604 21642
24607 21639
24610 21636
24612 21633
24614 21631
24615 21630
24617 21627
24620 21624
24623 21621
24624 21619
24625 21618
24628 21615
24631 21612
24633 21609
24635 21607
24636 21606
24638 21603
24641 21600
24644 21597
24645 21595
24646 21594
24649 21591
24652 21588
24654 21585
24656 21583
24657 21582
24659 21579
24662 21576
24665 21573
24666 21571
24667 21570
24670 21567
24672 21565
24673 21564
24675 21561
24677 21559
24678 21558
24680 21555
24683 21552
24686 21549
24687 21547
24688 21546
24691 21543
24694 21540
24696 21537
24698 21535
24699 21534
24701 21531
24704 21528
24707 21525
24708 21523
24709 21522
24712 21519
24715 21516
24718 21513
24719 21511
24720 21510
24723 21507
24726 21504
24728 21501
24730 21499
24731 21498
24733 21495
24736 21492
24738 21489
24740 21487
24741 21486
24743 21483
24746 21480
24748 21477
24750 21475
24751 21474
24753 21471
24758 21467
24760 21464
24762 21463
24763 21461
24765 21458
24768 21455
24770 21452
24772 21451
24773 21449
24775 21446
24778 21443
24781 21440
24782 21439
24783 21437
24786 21434
24788 21431
24791 21428
24792 21427
24793 21425
24796 21422
24799 21419
24802 21416
24803 21415
24804 21413
24807 21410
24809 21407
24812 21404
24813 21403
24814 21401
24817 21398
24820 21395
24822 21392
24824 21391
24825 21389
24827 21386
24830 21383
24832 21380
24834 21379
24835 21377
24837 21374
24840 21372
24841 21371
24843 21368
24845 21366
24846 21365
24848 21362
24851 21359
24853 21356
24855 21354
24856 21353
24858 21350
24861 21347
24864 21344
24865 21342
24866 21341
24869 21338
24871 21335
24874 21332
24875 21330
24876 21329
24879 21326
24882 21322
24885 21319
24886 21318
24887 21316
24890 21313
24892 21310
24895 21307
24896 21306
24897 21304
24900 21301
24903 21298
24905 21295
24907 21294
24908 21292
24910 21289
24913 21286
24915 21283
24917 21282
24918 21280
24920 21277
24923 21275
24924 21273
24927 21270
24928 21269
24929 21267
24932 21264
24934 21261
24937 21258
24938 21257
24939 21255
24942 21252
24945 21249
24947 21246
24949 21245
24950 21243
24952 21240
24955 21237
24957 21234
24959 21233
24960 21231
24962 21228
24965 21225
24968 21222
24969 21220
24970 21219
24973 21216
24975 21213
24978 21210
24979 21208
24980 21207
24983 21204
24986 21201
24988 21198
24990 21196
24991 21195
24993 21192
24996 21189
24998 21186
25000 21184
25001 21183
25003 21180
25006 21177
25007 21176
25009 21173
25011 21171
25012 21170
25014 21167
25017 21164
25019 21161
25021 21159
25022 21158
25024 21155
25027 21152
25030 21149
25031 21147
25032 21146
25035 21143
25037 21140
25040 21137
25041 21135
25042 21134
25045 21131
25048 21127
25050 21124
25052 21123
25053 21121
25055 21118
25058 21115
25060 21112
25062 21111
25063 21109
25065 21106
25068 21103
25071 21100
25072 21099
25073 21097
25076 21094
25078 21091
25081 21088
25082 21087
25083 21085
25086 21082
25089 21078
25092 21075
25093 21074
25094 21072
25097 21069
25099 21066
25102 21063
25103 21062
25104 21060
25107 21057
25110 21054
25112 21051
25114 21049
25115 21048
25117 21045
25120 21042
25122 21039
25124 21037
25125 21036
25127 21033
25130 21029
25133 21026
25134 21025
25135 21023
25138 21020
25140 21017
25143 21014
25144 21013
25145 21011
25148 21008
25151 21005
25153 21002
25155 21000
25156 20999
25158 20996
25161 20993
25163 20990
25165 20988
25166 20987
25168 20984
25170 20982
25171 20980
25174 20977
25175 20976
25176 20974
25179 20971
25181 20968
25184 20965
25185 20964
25186 20962
25189 20959
25191 20956
25194 20953
25195 20951
25196 20950
25199 20947
25201 20944
25204 20941
25205 20939
25206 20938
25209 20935
25212 20931
25214 20928
25216 20927
25217 20925
25219 20922
25222 20919
25224 20916
25226 20915
25227 20913
25229 20910
25232 20907
25234 20904
25236 20902
25237 20901
25239 20898
25242 20895
25244 20892
25246 20890
25247 20889
25251 20884
25253 20881
25255 20879
25256 20878
25258 20875
25261 20872
25263 20869
25265 20867
25266 20866
25268 20863
25271 20859
25273 20856
25275 20855
25276 20853
25278 20850
25281 20847
25283 20844
25285 20843
25286 20841
25288 20838
25291 20835
25294 20832
25295 20830
25296 20829
25299 20826
25301 20823
25304 20820
25305 20818
25306 20817
25309 20814
25311 20810
25314 20807
25315 20806
25316 20804
25319 20801
25321 20798
25324 20795
25325 20794
25326 20792
25329 20789
25331 20787
25332 20786
25334 20783
25336 20781
25337 20780
25339 20777
25342 20774
25344 20771
25346 20769
25347 20768
25349 20765
25352 20761
25354 20758
25356 20757
25357 20755
25359 20752
25362 20749
25364 20746
25366 20745
25367 20743
25369 20740
25372 20736
25375 20733
25376 20732
25377 20730
25380 20727
25382 20724
25385 20721
25386 20720
25387 20718
25390 20715
25392 20712
25395 20709
25396 20707
25397 20706
25400 20703
25402 20700
25405 20697
25406 20695
25407 20694
25410 20691
25413 20686
25415 20683
25417 20682
25418 20680
25420 20677
25423 20674
25425 20671
25427 20670
25428 20668
25430 20665
25433 20662
25435 20659
25437 20657
25438 20656
25440 20653
25443 20650
25445 20647
25447 20645
25448 20644
25450 20641
25453 20637
25455 20634
25457 20632
25458 20631
25460 20628
25463 20625
25465 20622
25467 20620
25468 20619
25470 20616
25473 20612
25475 20609
25477 20608
25478 20606
25480 20603
25483 20600
25485 20597
25487 20596
25488 20594
25490 20591
25492 20588
25493 20587
25495 20584
25497 20582
25498 20581
25500 20578
25503 20575
25505 20572
25507 20570
25508 20569
25510 20566
25513 20562
25515 20559
25517 20558
25518 20556
25520 20553
25523 20550
25525 20547
25527 20546
25528 20544
25530 20541
25533 20537
25535 20534
25537 20533
25538 20531
25540 20528
25543 20525
25545 20522
25547 20521
25548 20519
25550 20516
25553 20513
25555 20510
25557 20508
25558 20507
25560 20504
25563 20501
25565 20498
25567 20496
25568 20495
25570 20492
25573 20488
25574 20487
25576 20484
25578 20482
25579 20481
25581 20478
25584 20475
25586 20472
25587 20470
25588 20469
25590 20466
25594 20463
25596 20460
25597 20458
25598 20457
25600 20454
25603 20450
25605 20447
25607 20446
25608 20444
25610 20441
25614 20437
25616 20434
25617 20433
25618 20431
25620 20428
25623 20425
25625 20422
25627 20420
25628 20419
25630 20416
25633 20412
25635 20409
25637 20408
25638 20406
25640 20403
25643 20400
25645 20397
25646 20395
25647 20394
25649 20391
25653 20389
25654 20387
25656 20384
25657 20383
25658 20381
25660 20378
25663 20375
25665 20372
25667 20370
25668 20369
25670 20366
25673 20362
25675 20359
25677 20358
25678 20356
25680 20353
25683 20350
25685 20347
25686 20345
25687 20344
25689 20341
25693 20337
25695 20334
25697 20333
25698 20331
25700 20328
25703 20325
25705 20322
25706 20320
25707 20319
25709 20316
25713 20312
25715 20309
25716 20308
25717 20306
25719 20303
25722 20300
25724 20297
25726 20295
25727 20294
25729 20291
25733 20287
25735 20284
25737 20282
25738 20281
25740 20278
25743 20274
25745 20271
25746 20270
25747 20268
25749 20265
25753 20262
25755 20259
25756 20257
25757 20256
25759 20253
25762 20249
25764 20246
25766 20245
25767 20243
25769 20240
25773 20237
25775 20234
25776 20232
25777 20231
25779 20228
25782 20224
25784 20221
25786 20220
25787 20218
25789 20215
25792 20212
25794 20209
25796 20207
25797 20206
25799 20203
25802 20199
25804 20196
25805 20195
25806 20193
25808 20190
25811 20188
25812 20186
25814 20183
25816 20182
25817 20180
25819 20177
25822 20174
25824 20171
25825 20169
25826 20168
25828 20165
25832 20161
25834 20158
25835 20157
25836 20155
25838 20152
25841 20149
25843 20146
25845 20144
25846 20143
25848 20140
25851 20136
25853 20133
25855 20132
25856 20130
25858 20127
25861 20124
25863 20121
25864 20119
25865 20118
25867 20115
25871 20111
25873 20108
25874 20107
25875 20105
25877 20102
25880 20099
25882 20096
25884 20094
25885 20093
25887 20090
25890 20086
25891 20085
25893 20082
25894 20080
25895 20079
25897 20076
25900 20072
25902 20069
25904 20068
25905 20066
25907 20063
25910 20060
25912 20057
25914 20055
25915 20054
25917 20051
25920 20047
25922 20044
25923 20043
25924 20041
25926 20038
25930 20034
25932 20031
25933 20030
25934 20028
25936 20025
25939 20022
25941 20019
25943 20017
25944 20016
25946 20013
25949 20009
25951 20006
25953 20005
25954 20003
25956 20000
25959 19997
25961 19994
25962 19992
25963 19991
25965 19988
25968 19985
25969 19984
25971 19981
25973 19979
25974 19978
25976 19975
25979 19971
25981 19968
25982 19967
25983 19965
25985 19962
25988 19959
25990 19956
25992 19954
25993 19953
25995 19950
25998 19946
26000 19943
26001 19942
26002 19940
26004 19937
26008 19933
26010 19930
26011 19929
26012 19927
26014 19924
26017 19921
26019 19918
26021 19916
26022 19915
26024 19912
26027 19908
26029 19905
26030 19904
26031 19902
26033 19899
26036 19896
26038 19893
26040 19891
26041 19890
26043 19887
26047 19882
26049 19879
26050 19878
26051 19876
26053 19873
26056 19870
26058 19867
26060 19865
26061 19864
26063 19861
26066 19857
26068 19854
26069 19853
26070 19851
26072 19848
26075 19845
26077 19842
26079 19840
26080 19839
26082 19836
26085 19832
26087 19829
26089 19827
26090 19826
26092 19823
26095 19819
26097 19816
26098 19815
26099 19813
26101 19810
26104 19807
26106 19804
26108 19802
26109 19801
26111 19798
26114 19794
26116 19791
26117 19790
26118 19788
26120 19785
26123 19782
26124 19781
26126 19778
26127 19776
26128 19775
26130 19772
26133 19768
26135 19765
26137 19764
26138 19762
26140 19759
26143 19755
26145 19752
26146 19751
26147 19749
26149 19746
26152 19743
26154 19740
26156 19738
26157 19737
26159 19734
26162 19730
26164 19727
26166 19725
26167 19724
26169 19721
26172 19717
26174 19714
26175 19713
26176 19711
26178 19708
26181 19704
26183 19701
26185 19700
26186 19698
26188 19695
26191 19692
26193 19689
26194 19687
26195 19686
26197 19683
26201 19680
26202 19678
26204 19675
26205 19674
26206 19672
26208 19669
26211 19666
26213 19663
26215 19661
26216 19660
26218 19657
26221 19653
26223 19650
26224 19648
26225 19647
26227 19644
26230 19640
26232 19637
26234 19636
26235 19634
26237 19631
26240 19627
26242 19624
26243 19623
26244 19621
26246 19618
26249 19615
26251 19612
26253 19610
26254 19609
26256 19606
26259 19602
26261 19599
26262 19597
26263 19596
26265 19593
26268 19589
26270 19586
26272 19585
26273 19583
26275 19580
26277 19577
26278 19576
26280 19573
26281 19571
26282 19570
26284 19567
26287 19563
26289 19560
26291 19559
26292 19557
26294 19554
26297 19550
26299 19547
26300 19546
26301 19544
26303 19541
26306 19538
26308 19535
26310 19533
26311 19532
26313 19529
26316 19525
26318 19522
26319 19520
26320 19519
26322 19516
26325 19512
26327 19509
26329 19508
26330 19506
26332 19503
26335 19499
26337 19496
26338 19495
26339 19493
26341 19490
26344 19487
26346 19484
26348 19482
26349 19481
26351 19478
26354 19473
26356 19470
26358 19469
26359 19467
26361 19464
26364 19461
26366 19458
26367 19456
26368 19455
26370 19452
26373 19448
26375 19445
26377 19443
26378 19442
26380 19439
26382 19435
26384 19432
26386 19431
26387 19429
26389 19426
26392 19422
26394 19419
26396 19417
26397 19416
26399 19413
26401 19409
26403 19406
26405 19405
26406 19403
26408 19400
26411 19396
26413 19393
26414 19392
26415 19390
26417 19387
26420 19384
26422 19381
26423 19379
26424 19378
26426 19375
26429 19372
26430 19370
26432 19367
26434 19366
26435 19364
26437 19361
26439 19358
26441 19355
26443 19353
26444 19352
26446 19349
26449 19345
26451 19342
26452 19340
26453 19339
26455 19336
26458 19332
26460 19329
26461 19328
26462 19326
26464 19323
26468 19319
26470 19316
26471 19314
26472 19313
26474 19310
26477 19306
26479 19303
26480 19302
26481 19300
26483 19297
26486 19293
26488 19290
26490 19289
26491 19287
26493 19284
26495 19281
26497 19278
26499 19276
26500 19275
26502 19272
26505 19268
26506 19266
26508 19263
26509 19262
26510 19260
26512 19257
26515 19254
26517 19251
26518 19249
26519 19248
26521 19245
26524 19241
26526 19238
26528 19236
26529 19235
26531 19232
26533 19228
26535 19225
26537 19224
26538 19222
26540 19219
26543 19215
26545 19212
26547 19210
26548 19209
26550 19206
26552 19202
26554 19199
26556 19198
26557 19196
26559 19193
26562 19189
26564 19186
26565 19185
26566 19183
26568 19180
26571 19177
26573 19174
26574 19172
26575 19171
26577 19168
26580 19164
26581 19163
26583 19160
26584 19158
26585 19157
26587 19154
26590 19150
26592 19147
26593 19146
26594 19144
26596 19141
26599 19137
26601 19134
26603 19133
26604 19131
26606 19128
26608 19125
26610 19122
26612 19120
26613 19119
26615 19116
26618 19112
26620 19109
26621 19107
26622 19106
26624 19103
26627 19099
26629 19096
26630 19094
26631 19093
26633 19090
26636 19086
26638 19083
26640 19081
26641 19080
26643 19077
26645 19073
26647 19070
26649 19068
26650 19067
26652 19064
26655 19060
26657 19057
26658 19055
26659 19053
26661 19050
26664 19047
26666 19044
26667 19042
26668 19040
26670 19037
26673 19034
26675 19031
26677 19029
26678 19027
26680 19024
26682 19021
26684 19018
26686 19016
26687 19014
26689 19011
26692 19008
26694 19005
26695 19003
26696 19001
26698 18998
26701 18995
26703 18992
26704 18990
26705 18988
26707 18985
26710 18982
26712 18979
26714 18977
26715 18975
26717 18972
26719 18969
26721 18966
26723 18964
26724 18962
26726 18959
26728 18957
26729 18956
26731 18953
26733 18951
26734 18949
26736 18946
26738 18943
26740 18940
26742 18938
26743 18936
26745 18933
26747 18930
26749 18927
26751 18925
26752 18923
26754 18920
26756 18917
26758 18914
26760 18912
26761 18910
26763 18907
26766 18904
26768 18901
26769 18899
26770 18897
26772 18894
26775 18891
26777 18888
26778 18886
26779 18884
26781 18881
26784 18878
26786 18875
26787 18873
26788 18871
26790 18868
26793 18865
26795 18862
26796 18860
26797 18858
26799 18855
26802 18852
26803 18851
26805 18848
26807 18846
26808 18844
26810 18841
26812 18838
26814 18835
26816 18833
26817 18831
26819 18828
26821 18825
26823 18822
26825 18820
26826 18818
26828 18815
26830 18812
26832 18809
26834 18807
26835 18805
26837 18802
26840 18799
26842 18796
26843 18794
26844 18792
26846 18789
26849 18786
26851 18783
26852 18781
26853 18779
26855 18776
26858 18773
26860 18770
26861 18768
26862 18766
26864 18763
26867 18760
26869 18757
26870 18755
26871 18753
26873 18750
26875 18748
26876 18746
26878 18743
26880 18741
26881 18740
26883 18737
26885 18733
26887 18730
26889 18728
26890 18727
26892 18724
26894 18720
26896 18717
26898 18715
26899 18714
26901 18711
26903 18707
26905 18704
26907 18702
26908 18701
26910 18698
26913 18694
26915 18691
26916 18689
26917 18687
26919 18684
26922 18681
26924 18678
26925 18676
26926 18674
26928 18671
26931 18668
26933 18665
26934 18663
26935 18661
26937 18658
26940 18655
26942 18652
26943 18650
26944 18648
26946 18645
26950 18641
26952 18638
26953 18636
26954 18634
26956 18631
26959 18628
26961 18625
26962 18623
26963 18621
26965 18618
26968 18615
26970 18612
26971 18610
26972 18608
26974 18605
26977 18602
26979 18599
26980 18597
26981 18595
26983 18592
26986 18588
26988 18585
26989 18583
26990 18582
26992 18579
26995 18575
26997 18572
26998 18570
26999 18569
27001 18566
27004 18562
27006 18559
27007 18557
27008 18556
27010 18553
27013 18549
27015 18546
27016 18544
27017 18543
27019 18540
27021 18537
27022 18535
27024 18532
27025 18530
27026 18529
27028 18526
27031 18522
27033 18519
27034 18517
27035 18516
27037 18513
27040 18509
27042 18506
27043 18504
27044 18503
27046 18500
27049 18496
27051 18493
27052 18491
27053 18490
27055 18487
27058 18483
27060 18480
27061 18478
27062 18476
27064 18473
27067 18470
27069 18467
27070 18465
27071 18463
27073 18460
27076 18457
27078 18454
27079 18452
27080 18450
27082 18447
27085 18444
27087 18441
27088 18439
27089 18437
27091 18434
27094 18431
27095 18430
27097 18427
27098 18425
27099 18423
27101 18420
27103 18417
27105 18414
27106 18412
27107 18410
27109 18407
27112 18404
27114 18401
27115 18399
27116 18397
27118 18394
27121 18391
27123 18388
27124 18386
27125 18384
27127 18381
27130 18377
27132 18374
27133 18372
27134 18371
27136 18368
27139 18364
27141 18361
27142 18359
27143 18358
27145 18355
27148 18351
27150 18348
27151 18346
27152 18344
27154 18341
27156 18338
27158 18335
27159 18333
27160 18331
27162 18328
27165 18326
27166 18324
27168 18321
27169 18319
27170 18318
27172 18315
27175 18311
27177 18308
27178 18306
27179 18305
27181 18302
27184 18298
27186 18295
27187 18293
27188 18291
27190 18288
27192 18285
27194 18282
27195 18280
27196 18278
27198 18275
27202 18271
27204 18268
27205 18266
27206 18265
27208 18262
27210 18258
27212 18255
27213 18253
27214 18252
27216 18249
27219 18245
27221 18242
27222 18240
27223 18238
27225 18235
27228 18232
27230 18229
27231 18227
27232 18225
27234 18222
27238 18218
27240 18215
27241 18213
27242 18211
27244 18208
27246 18205
27248 18202
27249 18200
27250 18198
27252 18195
27255 18191
27257 18188
27258 18186
27259 18185
27261 18182
27264 18178
27266 18175
27267 18173
27268 18172
27270 18169
27273 18165
27275 18162
27276 18160
27277 18158
27279 18155
27281 18152
27283 18149
27284 18147
27285 18145
27287 18142
27290 18138
27292 18135
27293 18133
27294 18132
27296 18129
27299 18125
27301 18122
27302 18120
27303 18119
27305 18116
27307 18113
27308 18111
27310 18108
27311 18106
27312 18105
27314 18102
27317 18098
27319 18095
27320 18093
27321 18092
27323 18089
27326 18085
27328 18082
27329 18080
27330 18078
27332 18075
27334 18072
27336 18069
27337 18067
27338 18065
27340 18062
27343 18058
27345 18055
27346 18053
27347 18052
27349 18049
27352 18045
27354 18042
27355 18040
27356 18039
27358 18036
27361 18032
27363 18029
27364 18027
27365 18025
27367 18022
27369 18019
27371 18016
27372 18014
27373 18012
27375 18009
27378 18006
27379 18004
27381 18001
27382 17999
27383 17998
27385 17995
27387 17991
27389 17988
27390 17986
27391 17985
27393 17982
27396 17978
27398 17975
27399 17973
27400 17971
27402 17968
27405 17965
27407 17962
27408 17960
27409 17958
27411 17955
27414 17951
27416 17948
27417 17946
27418 17944
27420 17941
27422 17938
27424 17935
27425 17933
27426 17931
27428 17928
27431 17924
27433 17921
27434 17919
27435 17918
27437 17915
27440 17911
27442 17908
27443 17906
27444 17905
27446 17902
27448 17899
27449 17897
27451 17894
27452 17892
27453 17891
27455 17888
27457 17884
27459 17881
27460 17879
27461 17878
27463 17875
27466 17871
27468 17868
27469 17866
27470 17864
27472 17861
27474 17858
27476 17855
27477 17853
27478 17851
27480 17848
27483 17844
27485 17841
27486 17839
27487 17837
27489 17834
27492 17831
27494 17828
27495 17826
27496 17824
27498 17821
27500 17817
27502 17814
27503 17812
27504 17811
27506 17808
27509 17804
27511 17801
27512 17799
27513 17798
27515 17795
27518 17790
27520 17787
27521 17785
27522 17784
27524 17781
27527 17777
27529 17774
27530 17772
27531 17771
27533 17768
27535 17764
27537 17761
27538 17759
27539 17757
27541 17754
27544 17751
27546 17748
27547 17746
27548 17744
27550 17741
27553 17737
27555 17734
27556 17732
27557 17730
27559 17727
27561 17724
27563 17721
27564 17719
27565 17717
27567 17714
27570 17710
27572 17707
27573 17705
27574 17704
27576 17701
27578 17697
27580 17694
27581 17692
27582 17691
27584 17688
27587 17684
27588 17683
27590 17680
27591 17678
27592 17676
27594 17673
27596 17670
27598 17667
27599 17665
27600 17663
27602 17660
27605 17656
27607 17653
27608 17651
27609 17650
27611 17647
27613 17643
27615 17640
27616 17638
27617 17637
27619 17634
27622 17629
27624 17626
27625 17624
27626 17623
27628 17620
27630 17616
27632 17613
27633 17611
27634 17610
27636 17607
27639 17603
27641 17600
27642 17598
27643 17596
27647 17591
27649 17588
27650 17586
27651 17585
27653 17582
27655 17577
27657 17574
27658 17572
27659 17571
27661 17568
27664 17564
27666 17561
27667 17559
27668 17557
27670 17554
27672 17550
27674 17547
27675 17545
27676 17544
27678 17541
27681 17537
27683 17534
27684 17532
27685 17530
27687 17527
27689 17523
27691 17520
27692 17518
27693 17517
27695 17514
27698 17510
27700 17507
27701 17505
27702 17503
27704 17500
27705 17498
27706 17496
27708 17493
27709 17491
27710 17490
27712 17487
27715 17483
27717 17480
27718 17478
27719 17476
27721 17473
27723 17469
27725 17466
27726 17464
27727 17463
27729 17460
27732 17456
27734 17453
27735 17451
27736 17449
27738 17446
27740 17442
27742 17439
27743 17437
27744 17436
27746 17433
27749 17429
27751 17426
27752 17424
27753 17422
27755 17419
27758 17415
27760 17412
27761 17410
27762 17409
27764 17406
27766 17402
27768 17399
27769 17397
27770 17395
27772 17392
27775 17388
27777 17385
27778 17383
27779 17382
27781 17379
27783 17375
27785 17372
27786 17370
27787 17368
27789 17365
27791 17361
27793 17358
27794 17356
27795 17355
27797 17352
27799 17348
27801 17345
27802 17343
27803 17341
27805 17338
27808 17334
27810 17331
27811 17329
27812 17328
27814 17325
27816 17321
27818 17318
27819 17316
27820 17314
27822 17311
27825 17307
27827 17304
27828 17302
27829 17301
27831 17298
27833 17294
27835 17291
27836 17289
27837 17287
27839 17284
27841 17281
27842 17280
27844 17277
27845 17275
27846 17273
27848 17270
27850 17266
27852 17263
27853 17261
27854 17260
27856 17257
27859 17253
27861 17250
27862 17248
27863 17246
27865 17243
27867 17239
27869 17236
27870 17234
27871 17233
27873 17230
27876 17226
27878 17223
27879 17221
27880 17219
27882 17216
27884 17212
27886 17209
27887 17207
27888 17206
27890 17203
27892 17199
27894 17196
27895 17194
27896 17192
27898 17189
27900 17185
27902 17182
27903 17180
27904 17179
27906 17176
27909 17172
27910 17170
27912 17167
27913 17165
27914 17164
27916 17161
27918 17157
27920 17154
27921 17152
27922 17150
27924 17147
27926 17143
27928 17140
27929 17138
27930 17137
27932 17134
27934 17130
27936 17127
27937 17125
27938 17123
27940 17120
27943 17116
27945 17113
27946 17111
27947 17109
27949 17106
27951 17102
27953 17099
27954 17097
27955 17096
27957 17093
27959 17089
27961 17086
27962 17084
27963 17082
27965 17079
27967 17075
27969 17072
27970 17070
27971 17069
27973 17066
27975 17063
27976 17061
27978 17058
27979 17056
27980 17055
27982 17052
27984 17048
27986 17045
27987 17043
27988 17041
27990 17038
27993 17034
27995 17031
27996 17029
27997 17028
27999 17025
28001 17021
28003 17018
28004 17016
28005 17014
28007 17011
28009 17007
28011 17004
28012 17002
28013 17000
28015 16997
28017 16993
28019 16990
28020 16988
28021 16987
28023 16984
28026 16980
28028 16977
28029 16975
28030 16973
28032 16970
28034 16966
28036 16963
28037 16961
28038 16960
28040 16957
28042 16952
28044 16949
28045 16947
28046 16945
28048 16942
28050 16938
28052 16935
28053 16933
28054 16932
28056 16929
28059 16925
28061 16922
28062 16920
28063 16918
28065 16915
28067 16911
28069 16908
28070 16906
28071 16905
28073 16902
28076 16897
28078 16894
28079 16892
28080 16891
28082 16888
28084 16884
28086 16881
28087 16879
28088 16877
28090 16874
28092 16870
28094 16867
28095 16865
28096 16864
28098 16861
28100 16857
28102 16854
28103 16852
28104 16850
28106 16847
28107 16844
28108 16842
28110 16839
28111 16837
28112 16836
28114 16833
28116 16829
28118 16826
28119 16824
28120 16822
28122 16819
28124 16815
28126 16812
28127 16810
28128 16809
28130 16806
28132 16802
28134 16799
28135 16797
28136 16795
28138 16792
28141 16788
28143 16785
28144 16783
28145 16781
28147 16778
28149 16774
28151 16771
28152 16769
28153 16768
28155 16765
28157 16761
28159 16758
28160 16756
28161 16754
28163 16751
28165 16747
28167 16744
28168 16742
28169 16741
28171 16738
28173 16734
28174 16732
28176 16729
28177 16727
28178 16726
28180 16723
28182 16719
28184 16716
28185 16714
28186 16712
28188 16709
28190 16705
28192 16702
28193 16700
28194 16698
28196 16695
28198 16691
28200 16688
28201 16686
28202 16685
28204 16682
28207 16677
28209 16674
28210 16672
28211 16671
28213 16668
28215 16664
28217 16661
28218 16659
28219 16657
28221 16654
28223 16650
28225 16647
28226 16645
28227 16643
28229 16640
28231 16636
28233 16633
28234 16631
28235 16630
28237 16627
28238 16624
28239 16622
28241 16619
28242 16617
28243 16616
28245 16613
28247 16609
28249 16606
28250 16604
28251 16602
28253 16599
28255 16595
28257 16592
28258 16590
28259 16588
28261 16585
28263 16581
28265 16578
28266 16576
28267 16575
28269 16572
28271 16567
28273 16564
28274 16562
28275 16561
28277 16558
28279 16554
28281 16551
28282 16549
28283 16547
28285 16544
28287 16540
28289 16537
28290 16535
28291 16533
28293 16530
28295 16526
28297 16523
28298 16521
28299 16520
28301 16517
28304 16512
28306 16509
28307 16507
28308 16505
28310 16502
28312 16498
28314 16495
28315 16493
28316 16492
28318 16489
28320 16484
28322 16481
28323 16479
28324 16478
28326 16475
28328 16471
28330 16468
28331 16466
28332 16464
28334 16461
28336 16457
28338 16454
28339 16452
28340 16450
28342 16447
28344 16443
28346 16440
28347 16438
28348 16437
28350 16434
28352 16429
28354 16426
28355 16424
28356 16423
28358 16420
28360 16416
28362 16413
28363 16411
28364 16409
28366 16406
28367 16403
28368 16401
28370 16398
28371 16396
28372 16395
28374 16392
28376 16388
28378 16385
28380 16383
28380 16381
28382 16378
28384 16374
28386 16371
28387 16369
28388 16367
28389 16364
28392 16360
28393 16357
28395 16355
28395 16354
28397 16351
28400 16346
28402 16343
28403 16341
28404 16340
28405 16337
28408 16333
28409 16330
28411 16328
28411 16326
28413 16323
28416 16319
28417 16316
28419 16314
28419 16312
28421 16309
28423 16305
28425 16302
28426 16300
28427 16299
28428 16296
28432 16292
28433 16290
28434 16287
28436 16285
28436 16284
28438 16281
28440 16277
28442 16274
28443 16272
28444 16270
28445 16267
28448 16263
28450 16260
28451 16258
28452 16256
28453 16253
28456 16249
28457 16246
28459 16244
28459 16243
28461 16240
28464 16235
28466 16232
28467 16230
28468 16228
28469 16225
28472 16221
28473 16218
28475 16216
28475 16215
28477 16212
28480 16207
28481 16204
28483 16202
28483 16201
28485 16198
28487 16194
28489 16191
28490 16189
28491 16187
28492 16184
28495 16181
28496 16179
28497 16176
28499 16174
28499 16173
28501 16170
28503 16166
28505 16163
28506 16161
28507 16159
28508 16156
28511 16152
28513 16149
28514 16147
28515 16145
28516 16142
28519 16138
28520 16135
28522 16133
28522 16132
28524 16129
28527 16124
28528 16121
28530 16119
28530 16117
28532 16114
28534 16110
28536 16107
28537 16105
28538 16104
28539 16101
28542 16096
28544 16093
28545 16091
28546 16090
28547 16087
28550 16083
28551 16080
28553 16078
28553 16076
28555 16073
28559 16067
28560 16064
28562 16062
28562 16061
28564 16058
28566 16054
28568 16051
28569 16049
28570 16047
28571 16044
28574 16040
28576 16037
28577 16035
28578 16033
28579 16030
28582 16026
28583 16023
28585 16021
28585 16020
28587 16017
28590 16012
28591 16009
28593 16007
28593 16005
28595 16002
28597 15998
28599 15995
28600 15993
28601 15992
28602 15989
28605 15984
28607 15981
28608 15979
28609 15978
28610 15975
28613 15971
28614 15968
28616 15966
28616 15964
28618 15961
28620 15957
28621 15956
28622 15953
28624 15951
28624 15949
28626 15946
28628 15942
28630 15939
28631 15937
28632 15936
28633 15933
28636 15928
28638 15925
28639 15923
28640 15922
28641 15919
28644 15915
28645 15912
28647 15910
28647 15908
28649 15905
28652 15900
28653 15897
28655 15895
28655 15894
28657 15891
28659 15887
28661 15884
28662 15882
28663 15880
28664 15877
28667 15873
28669 15870
28670 15868
28671 15867
28672 15864
28675 15860
28676 15856
28678 15854
28678 15853
28680 15849
28683 15847
28684 15845
28685 15842
28687 15840
28687 15838
28689 15835
28691 15831
28693 15828
28694 15826
28695 15824
28696 15821
28699 15817
28700 15814
28702 15812
28702 15810
28704 15807
28706 15803
28708 15800
28709 15798
28710 15796
28711 15793
28714 15789
28716 15786
28717 15784
28718 15782
28719 15779
28722 15775
28723 15772
28725 15770
28725 15768
28727 15765
28729 15761
28731 15758
28732 15756
28733 15754
28734 15751
28737 15747
28738 15744
28740 15742
28740 15740
28742 15737
28744 15735
28745 15733
28746 15730
28748 15728
28748 15726
28750 15723
28752 15719
28754 15716
28755 15714
28756 15712
28757 15709
28760 15705
28761 15702
28763 15700
28763 15698
28765 15695
28767 15691
28769 15688
28770 15686
28771 15684
28772 15681
28775 15677
28777 15674
28778 15672
28779 15670
28780 15667
28783 15663
28784 15660
28786 15658
28786 15656
28788 15653
28790 15649
28792 15646
28793 15644
28794 15642
28795 15639
28798 15635
28799 15632
28801 15630
28801 15628
28803 15625
28806 15620
28808 15617
28809 15615
28810 15613
28811 15610
28814 15606
28815 15603
28817 15601
28817 15599
28819 15596
28821 15592
28823 15589
28824 15587
28825 15585
28826 15582
28829 15578
28830 15575
28832 15573
28832 15571
28834 15568
28836 15564
28838 15561
28839 15559
28840 15557
28841 15554
28844 15550
28845 15547
28847 15545
28847 15543
28849 15540
28851 15536
28853 15533
28854 15531
28855 15529
28856 15526
28859 15522
28860 15519
28862 15517
28862 15515
28864 15512
28866 15509
28867 15508
28868 15504
28870 15502
28870 15501
28872 15497
28874 15494
28876 15490
28877 15488
28878 15487
28879 15483
28882 15480
28883 15476
28885 15474
28885 15473
28887 15469
28889 15466
28891 15462
28892 15460
28893 15459
28894 15455
28897 15452
28898 15448
28900 15446
28900 15445
28902 15441
28904 15438
28906 15434
28907 15432
28908 15431
28909 15427
28912 15424
28913 15420
28915 15418
28915 15417
28917 15413
28919 15410
28921 15406
28922 15404
28923 15403
28924 15399
28927 15397
28927 15395
28929 15392
28930 15390
28931 15388
28932 15385
28935 15381
28936 15378
28938 15376
28938 15374
28940 15371
28942 15367
28944 15364
28945 15362
28946 15360
28947 15357
28949 15353
28951 15350
28952 15348
28953 15346
28954 15343
28957 15339
28959 15335
28960 15333
28961 15332
28962 15328
28964 15325
28966 15321
28967 15319
28968 15318
28969 15314
28972 15311
28973 15307
28975 15305
28975 15304
28977 15300
28979 15297
28980 15293
28982 15291
28982 15290
28984 15286
28987 15284
28987 15282
28989 15279
28990 15277
28991 15275
28992 15272
28994 15268
28996 15265
28997 15263
28998 15261
28999 15258
29002 15254
29003 15251
29005 15249
29005 15247
29007 15244
29009 15240
29010 15237
29012 15235
29012 15233
29014 15230
29017 15226
29018 15222
29020 15220
29020 15219
29022 15215
29024 15212
29025 15208
29027 15206
29027 15205
29029 15201
29031 15198
29033 15194
29034 15192
29035 15191
29036 15187
29038 15184
29040 15180
29041 15178
29042 15177
29043 15173
29047 15169
29048 15165
29050 15163
29050 15162
29052 15158
29054 15155
29055 15151
29057 15149
29057 15148
29059 15144
29061 15141
29063 15137
29064 15135
29065 15134
29066 15130
29068 15127
29070 15123
29071 15121
29072 15120
29073 15116
29076 15112
29078 15109
29079 15107
29080 15105
29081 15102
29083 15098
29085 15095
29086 15093
29087 15091
29088 15088
29091 15084
29092 15081
29094 15079
29094 15077
29096 15074
29098 15070
29099 15067
29101 15065
29101 15063
29103 15060
29105 15057
29105 15055
29107 15052
29108 15050
29109 15048
29110 15045
29112 15041
29114 15038
29115 15036
29116 15034
29117 15031
29120 15027
29121 15024
29123 15022
29123 15020
29125 15017
29127 15013
29128 15010
29130 15008
29130 15006
29132 15003
29134 14999
29136 14995
29137 14993
29138 14992
29139 14988
29141 14985
29143 14981
29144 14979
29145 14978
29146 14974
29149 14971
29150 14967
29152 14965
29152 14964
29154 14960
29156 14957
29157 14953
29159 14951
29159 14950
29161 14946
29164 14943
29164 14941
29166 14938
29167 14936
29168 14934
29169 14931
29171 14927
29173 14924
29174 14922
29175 14920
29176 14917
29179 14913
29180 14910
29182 14908
29182 14906
29184 14903
29186 14899
29187 14896
29189 14894
29189 14892
29191 14889
29193 14884
29195 14881
29196 14879
29197 14877
29198 14874
29200 14870
29202 14867
29203 14865
29204 14863
29205 14860
29208 14856
29209 14852
29211 14850
29211 14849
29213 14845
29215 14842
29216 14838
29218 14836
29218 14835
29220 14831
29222 14829
29222 14827
29224 14824
29225 14822
29226 14820
29227 14817
29229 14813
29231 14810
29232 14808
29233 14806
29234 14803
29236 14799
29238 14795
29239 14793
29240 14792
29241 14788
29243 14785
29245 14781
29246 14779
29247 14778
29248 14774
29251 14770
29252 14767
29254 14765
29254 14763
29256 14760
29258 14756
29259 14753
29261 14751
29261 14749
29263 14746
29265 14742
29266 14738
29268 14736
29268 14735
29270 14731
29272 14728
29273 14724
29275 14722
29275 14721
29277 14717
29279 14713
29281 14710
29282 14708
29283 14706
29284 14703
29286 14699
29288 14696
29289 14694
29290 14692
29291 14689
29293 14685
29295 14681
29296 14679
29297 14678
29298 14674
29300 14671
29302 14667
29303 14665
29304 14664
29305 14660
29308 14656
29309 14653
29311 14651
29311 14649
29313 14646
29315 14642
29316 14639
29318 14637
29318 14635
29320 14632
29322 14628
29323 14624
29325 14622
29325 14621
29327 14617
29329 14614
29330 14610
29332 14608
29332 14607
29334 14603
29336 14600
29337 14599
29338 14595
29340 14593
29340 14592
29342 14588
29344 14585
29345 14581
29347 14579
29347 14578
29349 14574
29351 14570
29352 14567
29354 14565
29354 14563
29356 14560
29358 14556
29359 14553
29361 14551
29361 14549
29363 14546
29365 14542
29366 14538
29368 14536
29368 14535
29370 14531
29372 14528
29373 14524
29375 14522
29375 14521
29377 14517
29379 14513
29380 14510
29382 14508
29382 14506
29384 14503
29386 14499
29387 14496
29389 14494
29389 14492
29391 14489
29393 14485
29393 14484
29395 14480
29396 14478
29397 14477
29398 14473
29400 14470
29402 14466
29403 14464
29404 14463
29405 14459
29407 14455
29409 14452
29410 14450
29411 14448
29412 14445
29414 14441
29416 14438
29417 14436
29418 14434
29419 14431
29421 14427
29423 14423
29424 14421
29425 14420
29426 14416
29428 14413
29430 14409
29431 14407
29432 14406
29433 14402
29435 14398
29437 14395
29438 14393
29439 14391
29440 14388
29442 14384
29444 14381
29445 14379
29446 14377
29447 14374
29449 14370
29450 14369
29451 14365
29453 14363
29453 14362
29455 14358
29457 14355
29458 14351
29460 14349
29460 14348
29462 14344
29464 14340
29466 14337
29467 14335
29467 14333
29469 14330
29471 14326
29472 14323
29473 14321
29474 14319
29475 14316
29478 14311
29479 14308
29480 14306
29481 14304
29482 14301
29484 14297
29486 14294
29487 14292
29487 14290
29489 14287
29491 14283
29493 14279
29494 14277
29494 14276
29496 14272
29498 14269
29499 14265
29500 14263
29501 14262
29502 14258
29506 14254
29507 14250
29508 14248
29509 14247
29510 14243
29512 14240
29514 14236
29515 14234
29515 14233
29517 14229
29519 14225
29521 14222
29522 14220
29522 14218
29524 14215
29526 14211
29527 14208
29528 14206
29529 14204
29530 14201
29533 14196
29535 14193
29536 14191
29536 14189
29538 14186
29540 14182
29541 14179
29542 14177
29543 14175
29544 14172
29547 14168
29548 14164
29549 14162
29550 14161
29551 14157
29553 14154
29555 14150
29556 14148
29556 14147
29558 14143
29560 14140
29561 14139
29562 14135
29563 14133
29564 14132
29565 14128
29567 14125
29569 14121
29570 14119
29570 14118
29572 14114
29574 14110
29576 14107
29577 14105
29577 14103
29579 14100
29581 14096
29582 14093
29583 14091
29584 14089
29585 14086
29588 14081
29590 14078
29591 14076
29591 14074
29593 14071
29595 14067
29596 14064
29597 14062
29598 14060
29599 14057
29602 14053
29603 14049
29604 14047
29605 14046
29606 14042
29608 14039
29610 14035
29611 14033
29611 14032
29615 14026
29617 14022
29618 14020
29618 14019
29620 14015
29622 14012
29623 14008
29624 14006
29625 14005
29626 14001
29629 13997
29630 13994
29631 13992
29632 13990
29633 13987
29635 13983
29637 13980
29638 13978
29638 13976
29640 13973
29642 13968
29644 13965
29645 13963
29645 13961
29647 13958
29649 13954
29650 13951
29651 13949
29652 13947
29653 13944
29656 13940
29657 13936
29658 13934
29659 13933
29660 13929
29662 13926
29664 13922
29665 13920
29665 13919
29667 13915
29669 13912
29669 13910
29671 13907
29672 13905
29672 13903
29674 13900
29676 13896
29677 13893
29678 13891
29679 13889
29680 13886
29683 13882
29684 13878
29685 13876
29686 13875
29687 13871
29689 13868
29691 13864
29692 13862
29692 13861
29694 13857
29696 13853
29698 13850
29699 13848
29699 13846
29701 13843
29703 13839
29704 13835
29705 13833
29706 13832
29707 13828
29710 13824
29711 13821
29712 13819
29713 13817
29714 13814
29716 13810
29718 13806
29719 13804
29719 13803
29721 13799
29724 13795
29725 13791
29726 13789
29727 13788
29728 13784
29730 13780
29732 13777
29733 13775
29733 13773
29735 13770
29737 13766
29738 13762
29739 13760
29740 13759
29741 13755
29743 13751
29745 13748
29746 13746
29746 13744
29748 13741
29750 13737
29752 13733
29753 13731
29753 13730
29755 13726
29757 13722
29758 13719
29759 13717
29760 13715
29761 13712
29763 13708
29765 13704
29766 13702
29766 13701
29768 13697
29770 13693
29771 13690
29772 13688
29773 13686
29774 13683
29776 13680
29777 13679
29778 13675
29779 13673
29780 13672
29781 13668
29783 13664
29785 13661
29786 13659
29786 13657
29788 13654
29790 13650
29791 13646
29792 13644
29793 13643
29794 13639
29796 13635
29798 13632
29799 13630
29799 13628
29801 13625
29803 13621
29805 13617
29806 13615
29806 13614
29808 13610
29810 13606
29811 13603
29812 13601
29813 13599
29814 13596
29816 13592
29818 13588
29819 13586
29819 13585
29821 13581
29823 13577
29824 13574
29825 13572
29826 13570
29827 13567
29829 13563
29830 13562
29831 13558
29832 13556
29833 13555
29834 13551
29836 13547
29838 13544
29839 13542
29839 13540
29841 13537
29843 13533
29844 13529
29845 13527
29846 13526
29847 13522
29849 13518
29851 13515
29852 13513
29852 13511
29854 13508
29856 13504
29857 13500
29858 13498
29859 13497
29860 13493
29862 13489
29864 13486
29865 13484
29865 13482
29867 13479
29869 13475
29870 13471
29871 13469
29872 13468
29873 13464
29875 13460
29877 13457
29878 13455
29878 13453
29880 13450
29882 13447
29882 13445
29884 13442
29885 13440
29885 13438
29887 13435
29889 13431
29890 13427
29891 13425
29892 13424
29893 13420
29895 13416
29897 13413
29898 13411
29898 13409
29900 13406
29902 13402
29903 13398
29904 13396
29905 13395
29906 13391
29908 13387
29910 13384
29911 13382
29911 13380
29913 13377
29915 13373
29916 13369
29917 13367
29918 13366
29919 13362
29921 13358
29923 13355
29924 13353
29924 13351
29926 13348
29928 13344
29929 13340
29930 13338
29931 13337
29932 13333
29935 13329
29936 13325
29937 13323
29938 13322
29939 13318
29941 13314
29943 13311
29944 13309
29944 13307
29946 13304
29948 13300
29949 13296
29950 13294
29951 13293
29952 13289
29954 13285
29955 13282
29956 13280
29957 13278
29958 13275
29961 13270
29962 13267
29963 13265
29964 13263
29965 13260
29967 13256
29968 13252
29969 13250
29970 13249
29971 13245
29973 13241
29975 13238
29976 13236
29976 13234
29978 13231
29979 13227
29981 13223
29982 13221
29982 13220
29984 13216
29986 13213
29987 13212
29988 13208
29989 13206
29990 13205
29991 13201
29993 13197
29994 13194
29995 13192
29996 13190
29997 13187
29999 13183
30001 13179
30002 13177
30002 13176
30004 13172
30005 13168
30007 13165
30008 13163
30008 13161
30010 13158
30012 13153
30014 13150
30015 13148
30015 13146
30017 13143
30018 13139
30020 13135
30021 13133
30021 13132
30023 13128
30025 13124
30026 13121
30027 13119
30028 13117
30029 13114
30031 13110
30032 13106
30033 13104
30034 13103
30035 13099
30038 13096
30039 13094
30040 13091
30041 13089
30042 13087
30043 13084
30045 13080
30046 13076
30047 13074
30048 13073
30049 13069
30051 13065
30053 13062
30054 13060
30054 13058
30056 13055
30057 13051
30059 13047
30060 13045
30060 13044
30062 13040
30064 13036
30065 13032
30066 13030
30067 13029
30068 13025
30070 13021
30071 13018
30072 13016
30073 13014
30074 13011
30076 13007
30078 13003
30079 13001
30079 13000
30081 12996
30082 12992
30084 12989
30085 12987
30085 12985
30087 12982
30089 12978
30089 12977
30091 12973
30092 12971
30092 12970
30094 12966
30095 12962
30097 12959
30098 12957
30098 12955
30100 12952
30102 12948
30103 12944
30104 12942
30105 12941
30106 12937
30108 12933
30109 12930
30110 12928
30111 12926
30112 12923
30114 12918
30116 12915
30117 12913
30117 12911
30119 12908
30120 12904
30122 12900
30123 12898
30123 12897
30125 12893
30127 12889
30128 12886
30129 12884
30130 12882
30131 12879
30133 12875
30134 12871
30135 12869
30136 12868
30137 12864
30139 12859
30141 12856
30142 12854
30142 12852
30144 12849
30145 12845
30147 12841
30148 12839
30148 12838
30150 12834
30152 12830
30153 12827
30154 12825
30155 12823
30156 12820
30158 12816
30159 12812
30160 12810
30161 12809
30162 12805
30164 12801
30166 12797
30167 12795
30167 12794
30169 12790
30170 12786
30172 12783
30173 12781
30173 12779
30175 12776
30176 12772
30178 12768
30179 12766
30179 12765
30181 12761
30182 12757
30184 12754
30185 12752
30185 12750
30187 12747
30189 12744
30189 12742
30191 12739
30192 12737
30192 12735
30194 12732
30195 12728
30197 12724
30198 12722
30198 12721
30200 12717
30201 12713
30203 12710
30204 12708
30204 12706
30206 12703
30207 12699
30209 12695
30210 12693
30210 12692
30212 12688
30214 12683
30215 12680
30216 12678
30217 12676
30218 12673
30220 12669
30221 12665
30222 12663
30223 12662
30224 12658
30226 12654
30227 12650
30228 12648
30229 12647
30230 12643
30232 12639
30233 12636
30234 12634
30235 12632
30236 12629
30238 12625
30239 12624
30240 12620
30241 12618
30242 12617
30243 12613
30245 12609
30246 12606
30247 12604
30248 12602
30249 12599
30251 12594
30252 12591
30253 12589
30254 12587
30255 12584
30257 12580
30258 12576
30259 12574
30260 12573
30261 12569
30263 12565
30265 12561
30266 12559
30266 12558
30268 12554
30269 12550
30271 12547
30272 12545
30272 12543
30274 12540
30275 12535
30277 12532
30278 12530
30278 12528
30280 12525
30281 12521
30283 12517
30284 12515
30284 12514
30286 12510
30287 12507
30288 12506
30289 12502
30290 12500
30291 12499
30292 12495
30294 12491
30295 12488
30296 12486
30297 12484
30298 12481
30300 12476
30301 12473
30302 12471
30303 12469
30304 12466
30306 12462
30307 12458
30308 12456
30309 12455
30310 12451
30312 12447
30313 12443
30314 12441
30315 12440
30316 12436
30318 12432
30319 12429
30320 12427
30321 12425
30322 12422
30324 12417
30325 12414
30326 12412
30327 12410
30328 12407
30330 12403
30331 12399
30332 12397
30333 12396
30334 12392
30336 12388
30338 12384
30339 12382
30339 12381
30341 12377
30342 12373
30344 12370
30345 12368
30345 12366
30347 12363
30348 12358
30350 12355
30351 12353
30351 12351
30353 12348
30354 12344
30356 12340
30357 12338
30357 12337
30359 12333
30360 12329
30362 12325
30363 12323
30363 12322
30365 12318
30366 12314
30368 12311
30369 12309
30369 12307
30371 12304
30372 12299
30374 12296
30375 12294
30375 12292
30377 12289
30378 12285
30379 12281
30380 12279
30381 12278
30382 12274
30384 12271
30385 12269
30386 12266
30387 12264
30387 12262
30388 12259
30390 12255
30391 12251
30392 12249
30393 12248
30394 12244
30396 12240
30397 12236
30398 12234
30399 12233
30400 12229
30402 12225
30403 12222
30404 12220
30404 12218
30405 12215
30408 12210
30409 12207
30410 12205
30411 12203
30412 12200
30414 12196
30415 12192
30416 12190
30416 12189
30417 12185
30420 12181
30421 12177
30422 12175
30422 12174
30423 12170
30425 12166
30426 12163
30427 12161
30428 12159
30429 12156
30433 12151
30433 12150
30434 12146
30435 12144
30436 12143
30437 12139
30439 12135
30440 12132
30441 12130
30441 12128
30442 12125
30445 12120
30446 12117
30447 12115
30447 12113
30448 12110
30450 12106
30451 12102
30452 12100
30453 12099
30454 12095
30457 12091
30458 12087
30459 12085
30459 12084
30460 12080
30462 12076
30463 12073
30464 12071
30465 12069
30466 12066
30468 12061
30469 12058
30470 12056
30471 12054
30472 12051
30474 12047
30475 12043
30476 12041
30476 12040
30477 12036
30480 12032
30480 12031
30481 12027
30482 12025
30483 12024
30484 12020
30486 12016
30487 12013
30488 12011
30488 12009
30489 12006
30492 12001
30493 11998
30494 11996
30494 11994
30495 11991
30497 11987
30498 11983
30499 11981
30500 11980
30501 11976
30503 11971
30504 11968
30505 11966
30506 11964
30507 11961
30509 11957
30510 11953
30511 11951
30511 11950
30512 11946
30515 11942
30516 11938
30517 11936
30517 11935
30518 11931
30520 11927
30521 11924
30522 11922
30523 11920
30524 11917
30527 11912
30528 11908
30529 11906
30529 11905
30530 11901
30532 11897
30533 11894
30534 11892
30535 11890
30536 11887
30538 11882
30539 11879
30540 11877
30541 11875
30542 11872
30544 11868
30545 11864
30546 11862
30546 11861
30547 11857
30550 11852
30551 11849
30552 11847
30552 11845
30553 11842
30555 11838
30556 11834
30557 11832
30558 11831
30559 11827
30561 11823
30562 11819
30563 11817
30564 11816
30565 11812
30567 11808
30568 11805
30569 11803
30569 11801
30570 11798
30573 11794
30573 11793
30574 11789
30575 11787
30576 11786
30577 11782
30579 11778
30580 11775
30581 11773
30581 11771
30582 11768
30584 11763
30585 11760
30586 11758
30587 11756
30588 11753
30590 11749
30591 11745
30592 11743
30592 11742
30593 11738
30596 11733
30597 11730
30598 11728
30598 11726
30599 11723
30601 11719
30602 11715
30603 11713
30604 11712
30605 11708
30607 11704
30608 11700
30609 11698
30609 11697
30610 11693
30612 11689
30613 11686
30614 11684
30615 11682
30616 11679
30618 11674
30619 11673
30620 11669
30621 11667
30621 11666
30622 11662
30624 11658
30625 11655
30626 11653
30627 11651
30628 11648
30630 11643
30631 11640
30632 11638
30632 11636
30633 11633
30635 11629
30636 11625
30637 11623
30638 11622
30639 11618
30641 11613
30642 11610
30643 11608
30644 11606
30645 11603
30647 11599
30648 11595
30649 11593
30649 11592
30650 11588
30652 11584
30653 11580
30654 11578
30655 11577
30656 11573
30658 11569
30659 11566
30660 11564
30660 11562
30661 11559
30664 11555
30664 11553
30665 11550
30666 11548
30667 11546
30668 11543
30670 11539
30671 11535
30672 11533
30672 11532
30673 11528
30675 11524
30676 11520
30677 11518
30678 11517
30679 11513
30681 11509
30682 11506
30683 11504
30683 11502
30684 11499
30686 11494
30687 11490
30688 11488
30689 11487
30690 11483
30692 11479
30693 11476
30694 11474
30694 11472
30695 11469
30697 11464
30698 11461
30699 11459
30700 11457
30701 11454
30703 11450
30704 11446
30705 11444
30705 11443
30706 11439
30709 11434
30710 11430
30711 11428
30711 11427
30712 11423
30714 11419
30715 11416
30716 11414
30717 11412
30718 11409
30720 11405
30721 11401
30722 11399
30722 11397
30723 11394
30725 11390
30726 11386
30727 11384
30728 11382
30729 11379
30731 11375
30732 11371
30733 11369
30733 11367
30734 11364
30736 11360
30737 11356
30738 11354
30739 11352
30740 11349
30742 11345
30743 11341
30744 11339
30744 11337
30745 11334
30747 11330
30748 11326
30749 11324
30750 11322
30751 11319
30752 11316
30753 11315
30754 11311
30755 11309
30755 11307
30756 11304
30758 11300
30759 11296
30760 11294
30761 11292
30762 11289
30764 11285
30765 11281
30766 11279
30766 11277
30767 11274
30769 11270
30770 11266
30771 11264
30772 11262
30773 11259
30775 11255
30776 11251
30777 11249
30777 11247
30778 11244
30780 11240
30781 11236
30782 11234
30782 11232
30783 11229
30785 11225
30786 11221
30787 11219
30788 11217
30789 11214
30790 11210
30791 11206
30792 11204
30793 11202
30794 11199
30797 11195
30798 11194
30799 11190
30800 11188
30800 11186
30801 11183
30803 11179
30804 11175
30805 11173
30805 11171
30806 11168
30808 11164
30809 11160
30810 11158
30811 11156
30812 11153
30813 11149
30814 11145
30815 11143
30816 11141
30817 11138
30819 11134
30820 11130
30821 11128
30822 11126
30823 11123
30824 11119
30825 11115
30826 11113
30827 11111
30828 11108
30830 11104
30831 11100
30832 11098
30832 11096
30833 11093
30835 11089
30836 11085
30837 11083
30837 11081
30838 11078
30840 11075
30841 11074
30842 11070
30843 11068
30843 11066
30844 11063
30846 11059
30847 11055
30848 11053
30848 11051
30849 11048
30851 11044
30852 11040
30853 11038
30854 11036
30855 11033
30856 11029
30857 11025
30858 11023
30859 11021
30860 11018
30862 11014
30863 11010
30864 11008
30865 11006
30866 11003
30867 10999
30868 10995
30869 10993
30870 10991
30871 10988
30873 10984
30874 10980
30875 10978
30875 10976
30876 10973
30878 10969
30879 10965
30880 10963
30880 10961
30881 10958
30884 10953
30885 10949
30886 10947
30886 10945
30887 10942
30889 10938
30890 10934
30891 10932
30891 10930
30892 10927
30894 10923
30895 10919
30896 10917
30897 10915
30898 10912
30899 10908
30900 10904
30901 10902
30902 10900
30903 10897
30905 10893
30906 10889
30907 10887
30907 10885
30908 10882
30910 10878
30911 10874
30912 10872
30912 10870
30913 10867
30915 10863
30916 10859
30917 10857
30918 10855
30919 10852
30920 10848
30921 10844
30922 10842
30923 10840
30924 10837
30925 10834
30926 10832
30927 10829
30928 10826
30928 10825
30929 10821
30931 10817
30932 10814
30933 10811
30933 10810
30934 10806
30936 10802
30937 10799
30938 10796
30939 10795
30940 10791
30941 10787
30942 10784
30943 10781
30944 10780
30945 10776
30947 10772
30948 10769
30949 10766
30950 10765
30951 10761
30952 10757
30953 10754
30954 10751
30955 10750
30956 10746
30957 10742
30958 10739
30959 10736
30960 10735
30961 10731
30962 10727
30963 10724
30964 10721
30965 10720
30966 10716
30968 10713
30968 10712
30969 10708
30970 10706
30971 10704
30972 10701
30973 10697
30974 10693
30975 10691
30976 10689
30977 10686
30978 10682
30979 10678
30980 10676
30981 10674
30982 10671
30983 10667
30984 10663
30985 10661
30986 10659
30987 10656
30989 10651
30990 10648
30991 10645
30991 10644
30992 10640
30994 10636
30995 10633
30996 10630
30996 10629
30997 10625
30999 10621
31000 10618
31001 10615
31001 10614
31002 10610
31004 10606
31005 10603
31006 10600
31006 10599
31007 10595
31009 10592
31009 10591
31010 10587
31011 10585
31012 10583
31013 10580
31014 10576
31015 10572
31016 10570
31017 10568
31018 10565
31019 10561
31020 10557
31021 10555
31022 10553
31023 10550
31024 10546
31025 10542
31026 10540
31027 10538
31028 10535
31030 10530
31031 10527
31032 10524
31032 10523
31033 10519
31035 10515
31036 10512
31037 10509
31037 10508
31038 10504
31040 10500
31041 10497
31042 10494
31042 10493
31043 10489
31045 10485
31046 10482
31047 10479
31047 10478
31048 10474
31051 10469
31052 10466
31053 10463
31053 10462
31054 10458
31056 10454
31057 10451
31058 10448
31058 10447
31059 10443
31061 10439
31062 10436
31063 10433
31063 10432
31064 10428
31066 10424
31067 10421
31068 10418
31068 10417
31069 10413
31071 10409
31072 10405
31073 10403
31073 10401
31074 10398
31076 10394
31077 10390
31078 10388
31078 10386
31079 10383
31081 10379
31082 10375
31083 10373
31083 10371
31084 10368
31086 10364
31087 10364
31088 10360
31090 10356
31091 10353
31092 10350
31092 10349
31093 10345
31095 10341
31096 10338
31097 10335
31097 10334
31098 10330
31100 10326
31101 10323
31102 10320
31102 10319
31103 10315
31105 10311
31106 10307
31107 10305
31107 10303
31108 10300
31110 10296
31111 10292
31112 10290
31112 10288
31113 10285
31115 10281
31116 10277
31117 10275
31117 10273
31118 10270
31120 10266
31121 10262
31122 10260
31122 10258
31123 10255
31125 10249
31126 10246
31127 10243
31128 10242
31129 10238
31130 10234
31131 10231
31132 10228
31132 10227
31133 10223
31135 10219
31136 10216
31137 10213
31137 10212
31138 10208
31140 10204
31141 10201
31141 10198
31142 10197
31143 10193
31145 10189
31146 10185
31147 10183
31147 10181
31148 10178
31150 10174
31151 10170
31151 10168
31152 10166
31153 10163
31155 10159
31156 10155
31156 10153
31157 10151
31158 10148
31159 10144
31160 10140
31161 10138
31161 10136
31162 10133
31165 10129
31165 10128
31166 10124
31167 10122
31167 10120
31168 10117
31170 10113
31171 10109
31171 10107
31172 10105
31173 10102
31175 10098
31176 10094
31176 10092
31177 10090
31178 10087
31179 10083
31180 10079
31181 10077
31181 10075
31182 10072
31185 10067
31186 10064
31186 10061
31187 10060
31188 10056
31189 10052
31190 10049
31191 10046
31191 10045
31192 10041
31194 10037
31195 10034
31196 10031
31196 10030
31197 10026
31199 10022
31200 10019
31200 10016
31201 10015
31202 10011
31204 10007
31204 10006
31205 10002
31206 10000
31206 9998
31207 9995
31209 9991
31210 9987
31210 9985
31211 9983
31212 9980
31214 9976
31215 9972
31215 9970
31216 9968
31217 9965
31218 9961
31219 9957
31220 9955
31220 9953
31221 9950
31223 9945
31224 9942
31225 9939
31225 9938
31226 9934
31228 9930
31229 9927
31229 9924
31230 9923
31231 9919
31233 9915
31234 9912
31234 9909
31235 9908
31236 9904
31237 9900
31238 9897
31239 9894
31239 9893
31240 9889
31242 9886
31243 9884
31244 9881
31244 9878
31245 9877
31246 9873
31247 9869
31248 9866
31249 9863
31249 9862
31250 9858
31252 9854
31253 9850
31254 9848
31254 9846
31255 9843
31257 9839
31258 9835
31258 9833
31259 9831
31260 9828
31262 9823
31263 9820
31263 9817
31264 9816
31265 9812
31266 9808
31267 9805
31268 9802
31268 9801
31269 9797
31271 9793
31272 9789
31273 9787
31273 9785
31274 9782
31276 9778
31277 9774
31277 9772
31278 9770
31279 9767
31281 9762
31282 9759
31283 9756
31283 9755
31284 9751
31286 9747
31287 9744
31287 9741
31288 9740
31289 9736
31291 9732
31292 9728
31292 9726
31293 9724
31294 9721
31295 9717
31296 9713
31297 9711
31297 9709
31298 9706
31300 9701
31301 9698
31301 9695
31302 9694
31303 9690
31304 9686
31305 9683
31306 9680
31306 9679
31307 9675
31309 9671
31310 9667
31310 9665
31311 9663
31312 9660
31313 9656
31314 9652
31315 9650
31315 9648
31316 9645
31318 9642
31319 9640
31320 9637
31320 9634
31321 9633
31322 9629
31323 9625
31324 9622
31325 9619
31325 9618
31326 9614
31328 9610
31329 9606
31329 9604
31330 9602
31331 9599
31332 9595
31333 9591
31334 9589
31334 9587
31335 9584
31337 9579
31338 9576
31339 9573
31339 9572
31340 9568
31342 9564
31343 9561
31343 9558
31344 9557
31345 9553
31346 9549
31347 9545
31348 9543
31348 9541
31349 9538
31351 9534
31352 9530
31352 9528
31353 9526
31354 9523
31356 9519
31357 9517
31358 9514
31358 9511
31359 9510
31360 9506
31361 9502
31362 9499
31363 9496
31363 9495
31364 9491
31366 9487
31367 9483
31367 9481
31368 9479
31369 9476
31370 9472
31371 9468
31372 9466
31372 9464
31373 9461
31375 9456
31376 9453
31376 9450
31377 9449
31378 9445
31379 9441
31380 9438
31381 9435
31381 9434
31382 9430
31384 9426
31385 9422
31385 9420
31386 9418
31387 9415
31388 9411
31389 9407
31390 9405
31390 9403
31391 9400
31393 9396
31393 9395
31394 9391
31395 9389
31395 9387
31396 9384
31398 9380
31399 9376
31399 9374
31400 9372
31401 9369
31402 9364
31403 9361
31404 9358
31404 9357
31405 9353
31407 9349
31408 9346
31408 9343
31409 9342
31410 9338
31411 9334
31412 9330
31413 9328
31413 9326
31414 9323
31416 9319
31417 9315
31417 9313
31418 9311
31419 9308
31420 9303
31421 9300
31422 9297
31422 9296
31423 9292
31425 9288
31426 9285
31426 9282
31427 9281
31428 9277
31429 9272
31430 9268
31431 9266
31431 9264
31432 9261
31434 9257
31435 9253
31435 9251
31436 9249
31437 9246
31438 9241
31439 9238
31440 9235
31440 9234
31441 9230
31443 9226
31444 9223
31444 9220
31445 9219
31446 9215
31447 9211
31448 9207
31449 9205
31449 9203
31450 9200
31451 9196
31452 9192
31453 9190
31453 9188
31454 9185
31456 9180
31457 9177
31457 9174
31458 9173
31459 9169
31460 9165
31461 9162
31461 9159
31462 9158
31463 9154
31465 9151
31465 9149
31466 9146
31467 9143
31467 9142
31468 9138
31469 9134
31470 9131
31471 9128
31471 9127
31472 9123
31474 9119
31475 9115
31475 9113
31476 9111
31477 9108
31478 9104
31479 9100
31479 9098
31480 9096
31481 9093
31483 9088
31484 9085
31484 9082
31485 9081
31486 9077
31487 9073
31488 9070
31488 9067
31489 9066
31490 9062
31491 9058
31492 9054
31493 9052
31493 9050
31494 9047
31495 9043
31496 9039
31497 9037
31497 9035
31498 9032
31501 9028
31501 9026
31502 9023
31503 9020
31503 9019
31504 9015
31505 9011
31506 9008
31507 9005
31507 9004
31508 9000
31510 8996
31511 8992
31511 8990
31512 8988
31513 8985
31514 8981
31515 8977
31515 8975
31516 8973
31517 8970
31519 8965
31520 8961
31520 8959
31521 8957
31522 8954
31523 8950
31524 8946
31524 8944
31525 8942
31526 8939
31527 8934
31528 8931
31529 8928
31529 8927
31530 8923
31531 8919
31532 8916
31533 8913
31533 8912
31534 8908
31535 8905
31536 8903
31537 8900
31537 8897
31538 8896
31539 8892
31540 8888
31541 8885
31541 8882
31542 8881
31543 8877
31544 8873
31545 8869
31546 8867
31546 8865
31547 8862
31548 8858
31549 8854
31550 8852
31550 8850
31551 8847
31553 8842
31554 8838
31554 8836
31555 8834
31556 8831
31557 8827
31558 8823
31558 8821
31559 8819
31560 8816
31561 8811
31562 8808
31563 8805
31563 8804
31564 8800
31565 8796
31566 8793
31567 8790
31567 8789
31568 8785
31570 8780
31571 8776
31572 8774
31572 8772
31573 8769
31574 8765
31575 8761
31576 8759
31576 8757
31577 8754
31579 8749
31580 8746
31580 8743
31581 8742
31582 8738
31583 8734
31584 8731
31584 8728
31585 8727
31586 8723
31588 8718
31589 8715
31589 8712
31590 8711
31591 8707
31592 8703
31593 8700
31593 8697
31594 8696
31595 8692
31596 8688
31597 8684
31597 8682
31598 8680
31599 8677
31600 8673
31601 8669
31601 8667
31602 8665
31603 8662
31604 8658
31604 8657
31605 8653
31606 8651
31606 8649
31607 8646
31608 8642
31609 8638
31610 8636
31610 8634
31611 8631
31612 8626
31613 8623
31614 8620
31614 8619
31615 8615
31616 8611
31617 8608
31618 8605
31618 8604
31619 8600
31621 8595
31622 8592
31622 8589
31623 8588
31624 8584
31625 8580
31626 8577
31626 8574
31627 8573
31628 8569
31629 8565
31630 8561
31630 8559
31631 8557
31632 8554
31633 8550
31634 8546
31634 8544
31635 8542
31636 8539
31638 8534
31638 8533
31639 8529
31640 8527
31640 8525
31641 8522
31642 8518
31643 8514
31644 8512
31644 8510
31645 8507
31646 8502
31647 8499
31648 8496
31648 8495
31649 8491
31650 8487
31651 8484
31652 8481
31652 8480
31653 8476
31655 8471
31656 8468
31656 8465
31657 8464
31658 8460
31659 8456
31660 8453
31660 8450
31661 8449
31662 8445
31663 8441
31664 8437
31664 8435
31665 8433
31666 8430
31667 8426
31668 8422
31668 8420
31669 8418
31670 8415
31671 8411
31671 8409
31672 8406
31673 8403
31673 8402
31674 8398
31675 8394
31676 8391
31677 8388
31677 8387
31678 8383
31679 8379
31680 8375
31681 8373
31681 8371
31682 8368
31683 8364
31684 8360
31685 8358
31685 8356
31686 8353
31687 8348
31688 8344
31689 8342
31689 8340
31690 8337
31691 8333
31692 8329
31693 8327
31693 8325
31694 8322
31695 8317
31696 8314
31697 8311
31697 8310
31698 8306
31699 8302
31700 8299
31701 8296
31701 8295
31702 8291
31704 8285
31705 8282
31705 8279
31706 8278
31707 8274
31708 8270
31709 8267
31709 8264
31710 8263
31711 8259
31712 8255
31713 8251
31713 8249
31714 8247
31715 8244
31716 8240
31717 8236
31717 8234
31718 8232
31719 8229
31720 8224
31721 8220
31721 8218
31722 8216
31723 8213
31724 8209
31725 8205
31725 8203
31726 8201
31727 8198
31728 8193
31729 8190
31730 8187
31730 8186
31730 8182
31732 8178
31732 8175
31733 8172
31733 8171
31734 8167
31736 8164
31736 8162
31737 8159
31738 8156
31738 8155
31738 8151
31740 8147
31740 8144
31741 8141
31741 8140
31742 8136
31744 8132
31744 8128
31745 8126
31745 8124
31746 8121
31747 8116
31748 8113
31749 8110
31749 8109
31749 8105
31752 8101
31752 8097
31753 8095
31753 8093
31754 8090
31755 8085
31756 8082
31757 8079
31757 8078
31757 8074
31759 8070
31760 8066
31761 8064
31761 8062
31761 8059
31763 8054
31763 8051
31764 8048
31764 8047
31765 8043
31768 8040
31768 8038
31769 8035
31770 8032
31770 8031
31770 8027
31772 8023
31772 8019
31773 8017
31773 8015
31774 8012
31776 8007
31776 8004
31777 8001
31777 8000
31778 7996
31779 7992
31780 7988
31781 7986
31781 7984
31781 7981
31784 7976
31784 7973
31785 7970
31785 7969
31786 7965
31787 7961
31788 7957
31789 7955
31789 7953
31789 7950
31791 7945
31792 7942
31793 7939
31793 7938
31793 7934
31795 7930
31795 7926
31796 7924
31796 7922
31797 7919
31799 7916
31799 7914
31799 7911
31800 7908
31800 7907
31801 7903
31802 7899
31803 7895
31804 7893
31804 7891
31804 7888
31806 7883
31807 7880
31808 7877
31808 7876
31808 7872
31810 7868
31810 7864
31811 7862
31811 7860
31812 7857
31814 7852
31814 7849
31815 7846
31815 7845
31816 7841
31817 7837
31818 7833
31819 7831
31819 7829
31819 7826
31821 7821
31822 7818
31823 7815
31823 7814
31823 7810
31825 7806
31825 7802
31826 7800
31826 7798
31827 7795
31829 7790
31830 7786
31831 7784
31831 7782
31831 7779
31833 7774
31833 7771
31834 7768
31834 7767
31835 7763
31837 7759
31837 7755
31838 7753
31838 7751
31839 7748
31840 7743
31841 7740
31842 7737
31842 7736
31842 7732
31844 7728
31845 7724
31846 7722
31846 7720
31846 7717
31848 7712
31848 7709
31849 7706
31849 7705
31850 7701
31852 7697
31852 7693
31853 7691
31853 7689
31854 7686
31855 7681
31856 7678
31857 7675
31857 7674
31857 7670
31859 7667
31859 7666
31860 7662
31861 7660
31861 7658
31861 7655
31863 7650
31863 7647
31864 7644
31864 7643
31865 7639
31866 7635
31867 7631
31868 7629
31868 7627
31868 7624
31870 7619
31870 7616
31871 7613
31871 7612
31872 7608
31874 7604
31874 7600
31875 7598
31875 7596
31876 7593
31877 7588
31878 7585
31879 7582
31879 7581
31879 7577
31881 7573
31881 7569
31882 7567
31882 7565
31883 7562
31884 7557
31885 7554
31886 7551
31886 7550
31886 7546
31890 7543
31890 7541
31890 7538
31891 7535
31891 7534
31892 7530
31893 7526
31894 7522
31895 7520
31895 7518
31895 7515
31897 7510
31897 7507
31898 7504
31898 7503
31899 7499
31900 7495
31901 7491
31902 7489
31902 7487
31902 7484
31904 7479
31905 7476
31906 7473
31906 7472
31906 7468
31908 7464
31908 7460
31909 7458
31909 7456
31910 7453
31911 7448
31912 7445
31913 7442
31913 7441
31913 7437
31915 7433
31915 7429
31916 7427
31916 7425
31917 7422
31918 7418
31918 7417
31919 7413
31920 7411
31920 7409
31920 7406
31922 7401
31922 7398
31923 7395
31923 7394
31924 7390
31925 7386
31926 7382
31927 7380
31927 7378
31927 7375
31929 7370
31929 7367
31930 7364
31930 7363
31931 7359
31932 7355
31933 7351
31934 7349
31934 7347
31934 7344
31936 7339
31936 7336
31937 7333
31937 7332
31938 7328
31939 7324
31940 7320
31941 7318
31941 7316
31941 7313
31943 7308
31943 7305
31944 7302
31944 7301
31945 7297
31947 7292
31947 7288
31948 7286
31948 7284
31949 7281
31950 7276
31951 7273
31952 7270
31952 7269
31952 7265
31954 7261
31954 7257
31955 7255
31955 7253
31956 7250
31957 7245
31958 7242
31959 7239
31959 7238
31959 7234
31961 7230
31961 7226
31962 7224
31962 7222
31963 7219
31964 7214
31965 7211
31966 7208
31966 7207
31966 7203
31968 7199
31968 7195
31969 7193
31969 7191
31970 7188
31971 7183
31972 7180
31973 7177
31973 7176
31973 7172
31975 7169
31975 7167
31976 7164
31977 7161
31977 7160
31977 7156
31978 7152
31979 7148
31980 7146
31980 7144
31980 7141
31982 7136
31982 7133
31983 7130
31983 7129
31984 7125
31985 7121
31985 7117
31986 7115
31986 7113
31987 7110
31989 7105
31989 7102
31990 7099
31990 7098
31991 7094
31992 7090
31992 7086
31993 7084
31993 7082
31994 7079
31995 7074
31996 7071
31997 7068
31997 7067
31997 7063
31998 7059
31999 7055
32000 7053
32000 7051
32000 7048
32003 7043
32003 7042
32004 7038
32005 7036
32005 7034
32005 7031
32006 7026
32007 7023
32008 7020
32008 7019
32008 7015
32010 7011
32010 7007
32011 7005
32011 7003
32012 7000
32013 6995
32013 6992
32014 6989
32014 6988
32015 6984
32017 6979
32017 6976
32018 6973
32018 6972
32019 6968
32020 6964
32020 6960
32021 6958
32021 6956
32022 6953
32023 6948
32024 6945
32025 6942
32025 6941
32025 6937
32026 6933
32027 6929
32028 6927
32028 6925
32028 6922
32030 6918
32030 6917
32031 6913
32032 6911
32032 6909
32032 6906
32033 6901
32034 6898
32035 6895
32035 6894
32035 6890
32037 6886
32037 6882
32038 6880
32038 6878
32039 6875
32040 6870
32040 6867
32041 6864
32041 6863
32042 6859
32043 6854
32044 6851
32045 6848
32045 6847
32045 6843
32046 6839
32047 6835
32048 6833
32048 6831
32048 6828
32050 6823
32050 6820
32051 6817
32051 6816
32052 6812
32053 6808
32053 6804
32054 6802
32054 6800
32055 6797
32057 6792
32057 6788
32058 6786
32058 6784
32059 6781
32060 6776
32060 6773
32061 6770
32061 6769
32062 6765
32063 6761
32064 6757
32065 6755
32065 6753
32065 6750
32066 6745
32067 6742
32068 6739
32068 6738
32068 6734
32070 6729
32070 6726
32071 6723
32071 6722
32072 6718
32073 6714
32073 6710
32074 6708
32074 6706
32075 6703
32076 6698
32077 6695
32078 6692
32078 6691
32078 6687
32079 6683
32080 6679
32081 6677
32081 6675
32081 6672
32083 6668
32083 6667
32084 6663
32085 6661
32085 6659
32085 6656
32086 6651
32087 6648
32088 6645
32088 6644
32088 6640
32089 6636
32090 6632
32091 6630
32091 6628
32091 6625
32092 6620
32093 6617
32094 6614
32094 6613
32094 6609
32096 6604
32096 6601
32097 6598
32097 6597
32098 6593
32099 6589
32099 6585
32100 6583
32100 6581
32101 6578
32102 6573
32102 6570
32103 6567
32103 6566
32104 6562
32105 6558
32105 6554
32106 6552
32106 6550
32109 6545
32109 6542
32110 6539
32110 6538
32111 6534
32112 6530
32112 6526
32113 6524
32113 6522
32114 6519
32115 6514
32115 6511
32116 6508
32116 6507
32117 6503
32118 6499
32118 6495
32119 6493
32119 6491
32120 6488
32121 6483
32122 6479
32123 6477
32123 6475
32123 6472
32124 6467
32125 6464
32126 6461
32126 6460
32126 6456
32127 6452
32128 6448
32129 6446
32129 6444
32129 6441
32130 6436
32131 6433
32132 6430
32132 6429
32132 6425
32134 6421
32134 6420
32135 6416
32136 6414
32136 6412
32136 6409
32137 6404
32138 6401
32139 6398
32139 6397
32139 6393
32140 6389
32141 6385
32142 6383
32142 6381
32142 6378
32143 6373
32144 6370
32145 6367
32145 6366
32145 6362
32146 6357
32147 6354
32148 6351
32148 6350
32148 6346
32149 6342
32150 6338
32151 6336
32151 6334
32151 6331
32152 6326
32153 6323
32154 6320
32154 6319
32154 6315
32155 6311
32156 6307
32157 6305
32157 6303
32157 6300
32159 6294
32159 6291
32160 6288
32160 6287
32161 6283
32162 6279
32162 6275
32163 6273
32163 6271
32164 6268
32165 6263
32165 6260
32166 6257
32166 6256
32167 6252
32168 6248
32168 6244
32169 6242
32169 6240
32170 6237
32171 6232
32171 6228
32172 6226
32172 6224
32173 6221
32174 6216
32174 6213
32175 6210
32175 6209
32176 6205
32177 6201
32177 6197
32178 6195
32178 6193
32179 6190
32180 6185
32180 6182
32181 6179
32181 6178
32182 6174
32183 6170
32183 6169
32184 6165
32185 6163
32185 6161
32185 6158
32186 6153
32187 6150
32188 6147
32188 6146
32188 6142
32189 6138
32190 6134
32190 6132
32190 6130
32191 6127
32192 6122
32192 6119
32193 6116
32193 6115
32193 6111
32195 6106
32196 6103
32196 6100
32196 6099
32197 6095
32198 6091
32198 6087
32199 6085
32199 6083
32199 6080
32201 6075
32201 6072
32202 6069
32202 6068
32202 6064
32203 6060
32204 6056
32204 6054
32204 6052
32205 6049
32207 6044
32207 6042
32208 6039
32208 6036
32208 6035
32209 6031
32210 6027
32210 6023
32211 6021
32211 6019
32211 6016
32213 6011
32213 6008
32214 6005
32214 6004
32214 6000
32215 5996
32216 5992
32216 5990
32216 5988
32217 5985
32219 5980
32219 5976
32220 5974
32220 5972
32220 5969
32221 5964
32222 5961
32222 5958
32222 5957
32223 5953
32224 5949
32225 5945
32225 5943
32225 5941
32226 5938
32227 5933
32227 5930
32228 5927
32228 5926
32228 5922
32230 5918
32230 5917
32231 5913
32231 5911
32231 5909
32232 5906
32233 5901
32233 5898
32234 5895
32234 5894
32234 5890
32236 5886
32236 5882
32237 5880
32237 5878
32237 5875
32238 5870
32239 5867
32239 5864
32239 5863
32240 5859
32241 5854
32242 5851
32242 5848
32242 5847
32243 5843
32244 5839
32244 5835
32245 5833
32245 5831
32245 5828
32247 5823
32247 5820
32248 5817
32248 5816
32248 5812
32249 5808
32250 5804
32250 5802
32250 5800
32251 5797
32253 5792
32253 5788
32254 5786
32254 5784
32254 5781
32255 5776
32256 5773
32256 5770
32256 5769
32257 5765
32258 5760
32259 5757
32259 5754
32259 5753
32260 5749
32261 5745
32261 5741
32262 5739
32262 5737
32262 5734
32264 5729
32264 5725
32265 5723
32265 5721
32265 5718
32266 5713
32267 5710
32267 5707
32267 5706
32268 5702
32269 5697
32270 5694
32270 5691
32270 5690
32271 5686
32272 5682
32272 5678
32273 5676
32273 5674
32273 5671
32275 5667
32275 5666
32276 5662
32276 5660
32276 5658
32277 5655
32278 5650
32278 5647
32279 5644
32279 5643
32279 5639
32281 5634
32281 5631
32282 5628
32282 5627
32282 5623
32283 5619
32284 5615
32284 5613
32284 5611
32285 5608
32286 5603
32286 5599
32287 5597
32287 5595
32287 5592
32288 5587
32289 5584
32289 5581
32289 5580
32290 5576
32291 5571
32291 5568
32292 5565
32292 5564
32292 5560
32293 5556
32294 5552
32294 5550
32294 5548
32295 5545
32298 5540
32298 5539
32298 5535
32299 5533
32299 5531
32299 5528
32300 5523
32301 5520
32301 5517
32301 5516
32302 5512
32303 5507
32303 5504
32304 5501
32304 5500
32304 5496
32305 5492
32306 5488
32306 5486
32306 5484
32307 5481
32308 5476
32309 5472
32309 5470
32309 5468
32310 5465
32311 5460
32311 5457
32312 5454
32312 5453
32312 5449
32313 5444
32314 5441
32314 5438
32314 5437
32315 5433
32316 5429
32316 5425
32317 5423
32317 5421
32317 5418
32319 5414
32319 5413
32319 5409
32320 5407
32320 5405
32320 5402
32321 5397
32322 5394
32322 5391
32322 5390
32323 5386
32324 5381
32324 5378
32325 5375
32325 5374
32325 5370
32326 5366
32327 5362
32327 5360
32327 5358
32328 5355
32329 5350
32329 5346
32330 5344
32330 5342
32330 5339
32331 5334
32332 5331
32332 5328
32332 5327
32333 5323
32334 5318
32334 5315
32335 5312
32335 5311
32335 5307
32336 5303
32337 5299
32337 5297
32337 5295
32338 5292
32339 5286
32340 5283
32340 5280
32340 5279
32341 5275
32342 5271
32342 5267
32343 5265
32343 5263
32343 5260
32344 5255
32345 5251
32345 5249
32345 5247
32346 5244
32347 5239
32347 5236
32348 5233
32348 5232
32348 5228
32349 5223
32350 5220
32350 5217
32350 5216
32351 5212
32352 5208
32352 5204
32353 5202
32353 5200
32353 5197
32354 5192
32355 5188
32355 5186
32355 5184
32356 5181
32357 5176
32357 5173
32358 5170
32358 5169
32358 5165
32360 5162
32360 5160
32360 5157
32361 5154
32361 5153
32361 5149
32362 5145
32363 5141
32363 5139
32363 5137
32364 5134
32365 5129
32365 5125
32366 5123
32366 5121
32366 5118
32367 5113
32367 5110
32368 5107
32368 5106
32368 5102
32370 5097
32370 5094
32371 5091
32371 5090
32371 5086
32372 5082
32372 5078
32373 5076
32373 5074
32373 5071
32374 5066
32375 5062
32375 5060
32375 5058
32376 5055
32376 5050
32377 5047
32377 5044
32377 5043
32378 5039
32380 5035
32380 5034
32381 5030
32381 5028
32381 5026
32382 5023
32382 5018
32383 5015
32383 5012
32383 5011
32384 5007
32385 5002
32385 4999
32386 4996
32386 4995
32386 4991
32387 4987
32387 4983
32388 4981
32388 4979
32388 4976
32390 4971
32390 4967
32391 4965
32391 4963
32391 4960
32392 4955
32392 4952
32393 4949
32393 4948
32393 4944
32394 4939
32395 4936
32395 4933
32395 4932
32396 4928
32396 4924
32397 4920
32397 4918
32397 4916
32398 4913
32399 4909
32399 4907
32400 4904
32400 4901
32400 4900
32401 4896
32401 4892
32402 4888
32402 4886
32402 4884
32403 4881
32404 4876
32404 4872
32405 4870
32405 4868
32405 4865
32406 4860
32406 4857
32407 4854
32407 4853
32407 4849
32408 4844
32409 4841
32409 4838
32409 4837
32410 4833
32410 4829
32411 4825
32411 4823
32411 4821
32412 4818
32413 4813
32413 4809
32414 4807
32414 4805
32414 4802
32415 4797
32415 4794
32416 4791
32416 4790
32416 4786
32418 4781
32418 4777
32419 4775
32419 4773
32419 4770
32420 4765
32420 4762
32421 4759
32421 4758
32421 4754
32422 4749
32423 4746
32423 4743
32423 4742
32424 4738
32424 4734
32425 4730
32425 4728
32425 4726
32426 4723
32427 4718
32427 4714
32428 4712
32428 4710
32428 4707
32429 4702
32429 4699
32430 4696
32430 4695
32430 4691
32431 4686
32432 4683
32432 4680
32432 4679
32433 4675
32433 4671
32434 4667
32434 4665
32434 4663
32435 4660
32436 4656
32436 4654
32437 4651
32437 4648
32437 4647
32438 4643
32438 4639
32439 4635
32439 4633
32439 4631
32440 4628
32441 4623
32441 4619
32442 4617
32442 4615
32442 4612
32443 4607
32443 4604
32444 4601
32444 4600
32444 4596
32445 4591
32445 4588
32446 4585
32446 4584
32446 4580
32447 4576
32447 4572
32448 4570
32448 4568
32448 4565
32449 4560
32449 4556
32450 4554
32450 4552
32450 4549
32451 4544
32451 4541
32452 4538
32452 4537
32452 4533
32455 4529
32455 4527
32455 4524
32456 4521
32456 4520
32456 4516
32457 4512
32457 4508
32458 4506
32458 4504
32458 4501
32459 4496
32459 4492
32460 4490
32460 4488
32460 4485
32461 4480
32461 4477
32462 4474
32462 4473
32462 4469
32463 4464
32464 4461
32464 4458
32464 4457
32465 4453
32465 4449
32466 4445
32466 4443
32466 4441
32467 4438
32467 4433
32468 4429
32468 4427
32468 4425
32469 4422
32469 4417
32470 4414
32470 4411
32470 4410
32471 4406
32472 4402
32472 4401
32472 4397
32473 4395
32473 4393
32473 4390
32474 4385
32474 4382
32475 4379
32475 4378
32475 4374
32476 4369
32476 4366
32477 4363
32477 4362
32477 4358
32478 4354
32478 4350
32479 4348
32479 4346
32479 4343
32480 4338
32480 4334
32481 4332
32481 4330
32481 4327
32482 4322
32482 4319
32483 4316
32483 4315
32483 4311
32484 4306
32484 4303
32485 4300
32485 4299
32485 4295
32486 4291
32486 4287
32487 4285
32487 4283
32487 4280
32488 4274
32489 4270
32489 4268
32489 4266
32490 4263
32490 4258
32491 4255
32491 4252
32491 4251
32492 4247
32492 4242
32493 4239
32493 4236
32493 4235
32494 4231
32494 4227
32495 4223
32495 4221
32495 4219
32496 4216
32496 4211
32497 4207
32497 4205
32497 4203
32498 4200
32498 4195
32499 4192
32499 4189
32499 4188
32500 4184
32500 4179
32501 4176
32501 4173
32501 4172
32502 4168
32502 4164
32503 4160
32503 4158
32503 4156
32504 4153
32505 4149
32505 4147
32505 4144
32506 4141
32506 4140
32506 4136
32507 4132
32507 4128
32508 4126
32508 4124
32508 4121
32509 4116
32509 4112
32510 4110
32510 4108
32510 4105
32511 4100
32511 4097
32512 4094
32512 4093
32512 4089
32513 4084
32513 4080
32514 4078
32514 4076
32514 4073
32515 4068
32515 4065
32515 4062
32515 4061
32515 4057
32517 4052
32517 4049
32517 4046
32517 4045
32517 4041
32518 4037
32518 4033
32519 4031
32519 4029
32519 4026
32522 4021
32522 4020
32522 4016
32522 4014
32522 4012
32522 4009
32523 4004
32523 4001
32524 3998
32524 3997
32524 3993
32525 3988
32525 3985
32526 3982
32526 3981
32526 3977
32527 3973
32527 3969
32527 3967
32527 3965
32527 3962
32529 3956
32529 3953
32530 3950
32530 3949
32530 3945
32531 3941
32531 3937
32531 3935
32531 3933
32531 3930
32533 3925
32533 3921
32533 3919
32533 3917
32533 3914
32534 3909
32534 3906
32535 3903
32535 3902
32535 3898
32537 3894
32537 3893
32537 3889
32537 3887
32537 3885
32537 3882
32538 3877
32538 3874
32539 3871
32539 3870
32539 3866
32540 3861
32540 3858
32541 3855
32541 3854
32541 3850
32542 3846
32542 3842
32542 3840
32542 3838
32542 3835
32544 3829
32544 3826
32544 3823
32544 3822
32544 3818
32545 3814
32545 3810
32546 3808
32546 3806
32546 3803
32547 3798
32547 3794
32548 3792
32548 3790
32548 3787
32549 3782
32549 3779
32549 3776
32549 3775
32549 3771
32551 3766
32551 3762
32552 3760
32552 3758
32552 3755
32553 3750
32553 3747
32553 3744
32553 3743
32553 3739
32555 3734
32555 3731
32555 3728
32555 3727
32555 3723
32556 3719
32556 3715
32557 3713
32557 3711
32557 3708
32558 3702
32558 3699
32559 3696
32559 3695
32559 3691
32560 3687
32560 3683
32560 3681
32560 3679
32560 3676
32562 3671
32562 3667
32562 3665
32562 3663
32562 3660
32563 3655
32563 3652
32564 3649
32564 3648
32564 3644
32566 3640
32566 3639
32566 3635
32566 3633
32566 3631
32566 3628
32567 3623
32567 3620
32568 3617
32568 3616
32568 3612
32569 3607
32569 3604
32570 3601
32570 3600
32570 3596
32571 3592
32571 3588
32571 3586
32571 3584
32571 3581
32572 3575
32572 3572
32573 3569
32573 3568
32573 3564
32574 3560
32574 3556
32574 3554
32574 3552
32574 3549
32575 3544
32575 3540
32576 3538
32576 3536
32576 3533
32577 3528
32577 3525
32577 3522
32577 3521
32577 3517
32580 3513
32580 3511
32580 3508
32581 3505
32581 3504
32581 3500
32582 3496
32582 3492
32582 3490
32582 3488
32582 3485
32583 3480
32583 3476
32584 3474
32584 3472
32584 3469
32585 3464
32585 3461
32585 3458
32585 3457
32585 3453
32587 3448
32587 3444
32587 3442
32587 3440
32587 3437
32588 3432
32588 3429
32589 3426
32589 3425
32589 3421
32590 3416
32590 3413
32590 3410
32590 3409
32590 3405
32591 3401
32591 3397
32592 3395
32592 3393
32592 3390
32594 3386
32594 3384
32594 3381
32594 3378
32594 3377
32594 3373
32595 3369
32595 3365
32596 3363
32596 3361
32596 3358
32597 3353
32597 3349
32597 3347
32597 3345
32597 3342
32598 3337
32598 3334
32599 3331
32599 3330
32599 3326
32600 3321
32600 3317
32600 3315
32600 3313
32600 3310
32601 3305
32601 3302
32602 3299
32602 3298
32602 3294
32603 3289
32603 3286
32603 3283
32603 3282
32603 3278
32604 3274
32604 3270
32605 3268
32605 3266
32605 3263
32606 3257
32606 3253
32607 3251
32607 3249
32607 3246
32608 3241
32608 3238
32608 3235
32608 3234
32608 3230
32609 3225
32609 3222
32610 3219
32610 3218
32610 3214
32611 3210
32611 3206
32611 3204
32611 3202
32611 3199
32612 3193
32612 3190
32613 3187
32613 3186
32613 3182
32614 3178
32614 3174
32614 3172
32614 3170
32614 3167
32615 3162
32615 3158
32616 3156
32616 3154
32616 3151
32617 3146
32617 3143
32617 3140
32617 3139
32617 3135
32618 3131
32618 3130
32618 3126
32619 3124
32619 3122
32619 3119
32620 3114
32620 3111
32620 3108
32620 3107
32620 3103
32621 3098
32621 3095
32622 3092
32622 3091
32622 3087
32623 3083
32623 3079
32623 3077
32623 3075
32623 3072
32624 3066
32624 3063
32625 3060
32625 3059
32625 3055
32625 3051
32625 3047
32626 3045
32626 3043
32626 3040
32627 3035
32627 3031
32627 3029
32627 3027
32627 3024
32628 3019
32628 3016
32628 3013
32628 3012
32628 3008
32631 3004
32631 3002
32631 2999
32631 2996
32631 2995
32631 2991
32632 2987
32632 2983
32632 2981
32632 2979
32632 2976
32633 2971
32633 2967
32634 2965
32634 2963
32634 2960
32634 2955
32634 2952
32635 2949
32635 2948
32635 2944
32636 2939
32636 2935
32637 2933
32637 2931
32637 2928
32637 2923
32637 2920
32638 2917
32638 2916
32638 2912
32639 2907
32639 2904
32639 2901
32639 2900
32639 2896
32640 2892
32640 2888
32640 2886
32640 2884
32640 2881
32642 2876
32642 2875
32642 2871
32643 2869
32643 2867
32643 2864
32643 2859
32643 2856
32644 2853
32644 2852
32644 2848
32645 2843
32645 2840
32645 2837
32645 2836
32645 2832
32646 2828
32646 2824
32646 2822
32646 2820
32646 2817
32647 2811
32647 2808
32648 2805
32648 2804
32648 2800
32648 2796
32648 2792
32649 2790
32649 2788
32649 2785
32650 2780
32650 2776
32650 2774
32650 2772
32650 2769
32651 2764
32651 2761
32651 2758
32651 2757
32651 2753
32653 2747
32653 2744
32653 2741
32653 2740
32653 2736
32654 2732
32654 2728
32654 2726
32654 2724
32654 2721
32655 2716
32655 2712
32656 2710
32656 2708
32656 2705
32656 2700
32656 2697
32657 2694
32657 2693
32657 2689
32658 2684
32658 2680
32658 2678
32658 2676
32658 2673
32659 2668
32659 2665
32659 2662
32659 2661
32659 2657
32660 2652
32660 2649
32661 2646
32661 2645
32661 2641
32661 2637
32661 2633
32662 2631
32662 2629
32662 2626
32663 2621
32663 2620
32663 2616
32663 2614
32663 2612
32663 2609
32664 2604
32664 2601
32664 2598
32664 2597
32664 2593
32665 2588
32665 2585
32666 2582
32666 2581
32666 2577
32666 2573
32666 2569
32667 2567
32667 2565
32667 2562
32668 2556
32668 2553
32668 2550
32668 2549
32668 2545
32669 2541
32669 2537
32669 2535
32669 2533
32669 2530
32670 2525
32670 2521
32670 2519
32670 2517
32673 2512
32673 2508
32673 2506
32673 2504
32673 2501
32674 2496
32674 2492
32674 2490
32674 2488
32674 2485
32675 2480
32675 2477
32675 2474
32675 2473
32675 2469
32676 2464
32676 2460
32677 2458
32677 2456
32677 2453
32677 2448
32677 2445
32678 2442
32678 2441
32678 2437
32678 2432
32678 2429
32679 2426
32679 2425
32679 2421
32679 2417
32679 2413
32680 2411
32680 2409
32680 2406
32681 2401
32681 2400
32681 2396
32681 2394
32681 2392
32681 2389
32682 2384
32682 2381
32682 2378
32682 2377
32682 2373
32683 2368
32683 2365
32683 2362
32683 2361
32683 2357
32684 2353
32684 2349
32684 2347
32684 2345
32684 2342
32685 2336
32685 2333
32686 2330
32686 2329
32686 2325
32686 2321
32686 2317
32687 2315
32687 2313
32687 2310
32687 2305
32687 2301
32688 2299
32688 2297
32688 2294
32688 2289
32688 2286
32689 2283
32689 2282
32689 2278
32690 2272
32690 2269
32690 2266
32690 2265
32690 2261
32691 2257
32691 2253
32691 2251
32691 2249
32691 2246
32692 2241
32692 2237
32692 2235
32692 2233
32692 2230
32693 2225
32693 2222
32693 2219
32693 2218
32693 2214
32694 2209
32694 2205
32694 2203
32694 2201
32694 2198
32695 2193
32695 2190
32695 2187
32695 2186
32695 2182
32696 2177
32696 2174
32696 2171
32696 2170
32696 2166
32697 2162
32697 2158
32697 2156
32697 2154
32697 2151
32698 2146
32698 2145
32698 2141
32698 2139
32698 2137
32698 2134
32699 2129
32699 2126
32699 2123
32699 2122
32699 2118
32700 2113
32700 2110
32700 2107
32700 2106
32700 2102
32701 2098
32701 2094
32701 2092
32701 2090
32701 2087
32702 2081
32702 2078
32702 2075
32702 2074
32702 2070
32703 2066
32703 2062
32703 2060
32703 2058
32703 2055
32704 2050
32704 2046
32704 2044
32704 2042
32704 2039
32705 2034
32705 2031
32705 2028
32705 2027
32705 2023
32707 2018
32707 2017
32707 2013
32707 2011
32707 2009
32707 2006
32708 2001
32708 1998
32708 1995
32708 1994
32708 1990
32709 1985
32709 1982
32709 1979
32709 1978
32709 1974
32709 1970
32709 1966
32709 1964
32709 1962
32709 1959
32711 1953
32711 1950
32711 1947
32711 1946
32711 1942
32711 1938
32711 1934
32711 1932
32711 1930
32711 1927
32712 1922
32712 1918
32712 1916
32712 1914
32712 1911
32713 1906
32713 1903
32713 1900
32713 1899
32713 1895
32714 1891
32714 1889
32714 1886
32714 1883
32714 1882
32714 1878
32715 1874
32715 1870
32715 1868
32715 1866
32715 1863
32716 1858
32716 1854
32716 1852
32716 1850
32716 1847
32716 1842
32716 1839
32716 1836
32716 1835
32716 1831
32718 1826
32718 1822
32718 1820
32718 1818
32718 1815
32718 1810
32718 1807
32718 1804
32718 1803
32718 1799
32719 1794
32719 1791
32719 1788
32719 1787
32719 1783
32720 1779
32720 1775
32720 1773
32720 1771
32720 1768
32722 1761
32722 1758
32722 1755
32722 1754
32722 1750
32722 1746
32722 1742
32722 1740
32722 1738
32722 1735
32723 1730
32723 1726
32723 1724
32723 1722
32723 1719
32724 1714
32724 1711
32724 1708
32724 1707
32724 1703
32725 1698
32725 1694
32725 1692
32725 1690
32725 1687
32725 1682
32725 1679
32725 1676
32725 1675
32725 1671
32726 1666
32726 1663
32726 1660
32726 1659
32726 1655
32727 1651
32727 1647
32727 1645
32727 1643
32727 1640
32728 1635
32728 1634
32728 1630
32728 1628
32728 1626
32728 1623
32728 1618
32728 1615
32728 1612
32728 1611
32728 1607
32729 1602
32729 1599
32729 1596
32729 1595
32729 1591
32730 1587
32730 1583
32730 1581
32730 1579
32730 1576
32731 1570
32731 1567
32731 1564
32731 1563
32731 1559
32731 1555
32731 1551
32731 1549
32731 1547
32731 1544
32732 1539
32732 1535
32732 1533
32732 1531
32732 1528
32733 1523
32733 1520
32733 1517
32733 1516
32733 1512
32735 1507
32735 1505
32735 1502
32735 1499
32735 1498
32735 1494
32735 1490
32735 1486
32735 1484
32735 1482
32735 1479
32736 1474
32736 1470
32736 1468
32736 1466
32736 1463
32736 1458
32736 1455
32736 1452
32736 1451
32736 1447
32737 1442
32737 1438
32737 1436
32737 1434
32737 1431
32738 1426
32738 1423
32738 1420
32738 1419
32738 1415
32738 1410
32738 1407
32738 1404
32738 1403
32738 1399
32739 1395
32739 1391
32739 1389
32739 1387
32739 1384
32740 1379
32740 1378
32740 1374
32740 1372
32740 1370
32740 1367
32740 1362
32740 1359
32740 1356
32740 1355
32740 1351
32741 1346
32741 1343
32741 1340
32741 1339
32741 1335
32741 1331
32741 1327
32741 1325
32741 1323
32741 1320
32742 1314
32742 1311
32742 1308
32742 1307
32742 1303
32743 1299
32743 1295
32743 1293
32743 1291
32743 1288
32743 1283
32743 1279
32743 1277
32743 1275
32743 1272
32744 1267
32744 1264
32744 1261
32744 1260
32744 1256
32745 1250
32745 1246
32745 1244
32745 1242
32745 1239
32745 1234
32745 1231
32745 1228
32745 1227
32745 1223
32746 1218
32746 1215
32746 1212
32746 1211
32746 1207
32746 1203
32746 1199
32746 1197
32746 1195
32746 1192
32747 1186
32747 1183
32747 1180
32747 1179
32747 1175
32747 1171
32747 1167
32747 1165
32747 1163
32747 1160
32748 1155
32748 1151
32748 1149
32748 1147
32748 1144
32748 1139
32748 1136
32748 1133
32748 1132
32748 1128
32749 1124
32749 1122
32749 1119
32749 1116
32749 1115
32749 1111
32749 1107
32749 1103
32749 1101
32749 1099
32749 1096
32750 1091
32750 1087
32750 1085
32750 1083
32750 1080
32750 1075
32750 1072
32750 1069
32750 1068
32750 1064
32751 1059
32751 1055
32751 1053
32751 1051
32751 1048
32751 1043
32751 1040
32751 1037
32751 1036
32751 1032
32752 1027
32752 1024
32752 1021
32752 1020
32752 1016
32752 1012
32752 1008
32752 1006
32752 1004
32752 1001
32754 995
32754 994
32754 990
32754 988
32754 986
32754 983
32754 978
32754 975
32754 972
32754 971
32754 967
32755 962
32755 959
32755 956
32755 955
32755 951
32755 947
32755 943
32755 941
32755 939
32755 936
32756 930
32756 927
32756 924
32756 923
32756 919
32756 915
32756 911
32756 909
32756 907
32756 904
32756 899
32756 895
32756 893
32756 891
32756 888
32756 883
32756 880
32756 877
32756 876
32756 872
32757 868
32757 866
32757 863
32757 860
32757 859
32757 855
32757 851
32757 847
32757 845
32757 843
32757 840
32758 835
32758 831
32758 829
32758 827
32758 824
32758 819
32758 816
32758 813
32758 812
32758 808
32759 803
32759 799
32759 797
32759 795
32759 792
32759 787
32759 784
32759 781
32759 780
32759 776
32759 771
32759 768
32759 765
32759 764
32759 760
32759 756
32759 752
32759 750
32759 748
32759 745
32760 738
32760 735
32760 732
32760 731
32760 727
32760 723
32760 719
32760 717
32760 715
32760 712
32761 707
32761 703
32761 701
32761 699
32761 696
32761 691
32761 688
32761 685
32761 684
32761 680
32761 675
32761 671
32761 669
32761 667
32761 664
32761 659
32761 656
32761 653
32761 652
32761 648
32762 643
32762 640
32762 637
32762 636
32762 632
32762 628
32762 624
32762 622
32762 620
32762 617
32762 612
32762 611
32762 607
32762 605
32762 603
32762 600
32762 595
32762 592
32762 589
32762 588
32762 584
32763 579
32763 576
32763 573
32763 572
32763 568
32763 564
32763 560
32763 558
32763 556
32763 553
32763 547
32763 544
32763 541
32763 540
32763 536
32763 532
32763 528
32763 526
32763 524
32763 521
32764 516
32764 512
32764 510
32764 508
32764 505
32764 500
32764 497
32764 494
32764 493
32764 489
32765 484
32765 482
32765 479
32765 476
32765 475
32765 471
32765 467
32765 463
32765 461
32765 459
32765 456
32765 451
32765 447
32765 445
32765 443
32765 440
32765 435
32765 432
32765 429
32765 428
32765 424
32766 419
32766 415
32766 413
32766 411
32766 408
32766 403
32766 400
32766 397
32766 396
32766 392
32766 387
32766 384
32766 381
32766 380
32766 376
32766 372
32766 368
32766 366
32766 364
32766 361
32766 356
32766 355
32766 351
32766 349
32766 347
32766 344
32766 339
32766 336
32766 333
32766 332
32766 328
32766 323
32766 320
32766 317
32766 316
32766 312
32766 308
32766 304
32766 302
32766 300
32766 297
32767 291
32767 288
32767 285
32767 284
32767 280
32767 276
32767 272
32767 270
32767 268
32767 265
32767 260
32767 256
32767 254
32767 252
32767 249
32767 244
32767 241
32767 238
32767 237
32767 233
32767 227
32767 223
32767 221
32767 219
32767 216
32767 211
32767 208
32767 205
32767 204
32767 200
32767 195
32767 192
32767 189
32767 188
32767 184
32767 180
32767 176
32767 174
32767 172
32767 169
32767 163
32767 160
32767 157
32767 156
32767 152
32767 148
32767 144
32767 142
32767 140
32767 137
32767 132
32767 128
32767 126
32767 124
32767 121
32767 116
32767 113
32767 110
32767 109
32767 105
32767 101
32767 99
32767 96
32767 93
32767 92
32767 88
32767 84
32767 80
32767 78
32767 76
32767 73
32767 68
32767 64
32767 62
32767 60
32767 57
32767 52
32767 49
32767 46
32767 45
32767 41
32767 36
32767 32
32767 30
32767 28
32767 25
32767 20
32767 17
32767 14
32767 13
32767 9
32767 5
32767 1
32767 -1
32767 -1
32767 -5
32767 -9
32767 -13
32767 -15
32767 -17
32767 -21
32767 -25
32767 -29
32767 -31
32767 -33
32767 -37
32767 -41
32767 -45
32767 -47
32767 -49
32767 -53
32767 -57
32767 -61
32767 -63
32767 -65
32767 -69
32767 -73
32767 -77
32767 -79
32767 -81
32767 -85
32767 -89
32767 -93
32767 -95
32767 -97
32767 -101
32767 -103
32767 -105
32767 -109
32767 -111
32767 -113
32767 -117
32767 -121
32767 -125
32767 -127
32767 -129
32767 -133
32767 -137
32767 -141
32767 -143
32767 -145
32767 -149
32767 -153
32767 -157
32767 -159
32767 -161
32767 -165
32767 -169
32767 -173
32767 -175
32767 -177
32767 -181
32767 -185
32767 -189
32767 -191
32767 -193
32767 -197
32767 -201
32767 -205
32767 -207
32767 -209
32767 -213
32767 -217
32767 -221
32767 -223
32767 -225
32767 -229
32767 -233
32767 -237
32767 -239
32767 -241
32767 -245
32767 -249
32767 -253
32767 -255
32767 -257
32767 -261
32767 -265
32767 -269
32767 -271
32767 -273
32767 -277
32767 -281
32767 -285
32767 -287
32767 -289
32767 -293
32766 -297
32766 -301
32766 -303
32766 -305
32766 -309
32766 -313
32766 -317
32766 -319
32766 -321
32766 -325
32766 -329
32766 -333
32766 -335
32766 -337
32766 -341
32766 -345
32766 -349
32766 -351
32766 -353
32766 -357
32766 -359
32766 -361
32766 -365
32766 -367
32766 -369
32766 -373
32766 -377
32766 -381
32766 -383
32766 -385
32766 -389
32766 -393
32766 -397
32766 -399
32766 -401
32766 -405
32766 -409
32766 -413
32766 -415
32766 -417
32766 -421
32765 -425
32765 -429
32765 -431
32765 -433
32765 -437
32765 -441
32765 -445
32765 -447
32765 -449
32765 -453
32765 -457
32765 -461
32765 -463
32765 -465
32765 -469
32765 -473
32765 -477
32765 -479
32765 -481
32765 -485
32764 -486
32764 -488
32764 -492
32764 -494
32764 -496
32764 -500
32764 -504
32764 -508
32764 -510
32764 -512
32764 -516
32763 -520
32763 -524
32763 -526
32763 -528
32763 -532
32763 -536
32763 -540
32763 -542
32763 -544
32763 -548
32763 -552
32763 -556
32763 -558
32763 -560
32763 -564
32763 -568
32763 -572
32763 -574
32763 -576
32763 -580
32762 -584
32762 -588
32762 -590
32762 -592
32762 -596
32762 -600
32762 -604
32762 -606
32762 -608
32762 -612
32762 -614
32762 -616
32762 -620
32762 -622
32762 -624
32762 -628
32762 -632
32762 -636
32762 -638
32762 -640
32762 -644
32761 -648
32761 -652
32761 -654
32761 -656
32761 -660
32761 -664
32761 -668
32761 -670
32761 -672
32761 -676
32761 -680
32761 -684
32761 -686
32761 -688
32761 -692
32761 -696
32761 -700
32761 -702
32761 -704
32761 -708
32760 -712
32760 -716
32760 -718
32760 -720
32760 -724
32760 -728
32760 -732
32760 -734
32760 -736
32760 -740
32759 -744
32759 -748
32759 -750
32759 -752
32759 -756
32759 -760
32759 -764
32759 -766
32759 -768
32759 -772
32758 -776
32758 -780
32758 -782
32758 -784
32758 -788
32758 -792
32758 -796
32758 -798
32758 -800
32758 -804
32757 -808
32757 -812
32757 -814
32757 -816
32757 -820
32757 -824
32757 -828
32757 -830
32757 -832
32757 -836
32757 -840
32757 -844
32757 -846
32757 -848
32757 -852
32757 -856
32757 -860
32757 -862
32757 -864
32757 -868
32756 -870
32756 -872
32756 -876
32756 -878
32756 -880
32756 -884
32756 -888
32756 -892
32756 -894
32756 -896
32756 -900
32755 -904
32755 -908
32755 -910
32755 -912
32755 -916
32755 -920
32755 -924
32755 -926
32755 -928
32755 -932
32754 -936
32754 -940
32754 -942
32754 -944
32754 -948
32754 -952
32754 -956
32754 -958
32754 -960
32754 -964
32754 -968
32754 -972
32754 -974
32754 -976
32754 -980
32754 -984
32754 -988
32754 -990
32754 -992
32754 -996
32752 -998
32752 -1000
32752 -1004
32752 -1006
32752 -1008
32752 -1012
32752 -1016
32752 -1020
32752 -1022
32752 -1024
32752 -1028
32751 -1032
32751 -1036
32751 -1038
32751 -1040
32751 -1044
32751 -1048
32751 -1052
32751 -1054
32751 -1056
32751 -1060
32750 -1064
32750 -1068
32750 -1070
32750 -1072
32750 -1076
32750 -1080
32750 -1084
32750 -1086
32750 -1088
32750 -1092
32749 -1096
32749 -1100
32749 -1102
32749 -1104
32749 -1108
32749 -1112
32749 -1116
32749 -1118
32749 -1120
32749 -1124
32748 -1126
32748 -1128
32748 -1132
32748 -1134
32748 -1136
32748 -1140
32748 -1144
32748 -1148
32748 -1150
32748 -1152
32748 -1156
32747 -1160
32747 -1164
32747 -1166
32747 -1168
32747 -1172
32747 -1176
32747 -1180
32747 -1182
32747 -1184
32747 -1188
32746 -1192
32746 -1196
32746 -1198
32746 -1200
32746 -1204
32746 -1208
32746 -1212
32746 -1214
32746 -1216
32746 -1220
32745 -1224
32745 -1228
32745 -1230
32745 -1232
32745 -1236
32745 -1240
32745 -1244
32745 -1246
32745 -1248
32745 -1252
32743 -1256
32743 -1260
32743 -1262
32743 -1264
32743 -1268
32743 -1272
32743 -1276
32743 -1278
32743 -1280
32743 -1284
32742 -1288
32742 -1292
32742 -1294
32742 -1296
32742 -1300
32742 -1304
32742 -1308
32742 -1310
32742 -1312
32742 -1316
32741 -1320
32741 -1324
32741 -1326
32741 -1328
32741 -1332
32740 -1336
32740 -1340
32740 -1342
32740 -1344
32740 -1348
32740 -1352
32740 -1356
32740 -1358
32740 -1360
32740 -1364
32739 -1368
32739 -1372
32739 -1374
32739 -1376
32739 -1380
32738 -1382
32738 -1384
32738 -1388
32738 -1390
32738 -1392
32738 -1396
32738 -1400
32738 -1404
32738 -1406
32738 -1408
32738 -1412
32737 -1416
32737 -1420
32737 -1422
32737 -1424
32737 -1428
32737 -1432
32737 -1436
32737 -1438
32737 -1440
32737 -1444
32736 -1448
32736 -1452
32736 -1454
32736 -1456
32736 -1460
32735 -1464
32735 -1468
32735 -1470
32735 -1472
32735 -1476
32735 -1480
32735 -1484
32735 -1486
32735 -1488
32735 -1492
32734 -1496
32734 -1500
32734 -1502
32734 -1504
32734 -1508
32732 -1509
32732 -1511
32732 -1515
32732 -1517
32732 -1519
32732 -1523
32732 -1527
32732 -1531
32732 -1533
32732 -1535
32732 -1539
32731 -1543
32731 -1547
32731 -1549
32731 -1551
32731 -1555
32730 -1559
32730 -1563
32730 -1565
32730 -1567
32730 -1571
32729 -1575
32729 -1579
32729 -1581
32729 -1583
32729 -1587
32729 -1591
32729 -1595
32729 -1597
32729 -1599
32729 -1603
32728 -1607
32728 -1611
32728 -1613
32728 -1615
32728 -1619
32727 -1623
32727 -1627
32727 -1629
32727 -1631
32727 -1635
32726 -1637
32726 -1639
32726 -1643
32726 -1645
32726 -1647
32726 -1651
32726 -1655
32726 -1659
32726 -1661
32726 -1663
32726 -1667
32725 -1671
32725 -1675
32725 -1677
32725 -1679
32725 -1683
32724 -1687
32724 -1691
32724 -1693
32724 -1695
32724 -1699
32723 -1703
32723 -1707
32723 -1709
32723 -1711
32723 -1715
32723 -1719
32723 -1723
32723 -1725
32723 -1727
32723 -1731
32722 -1735
32722 -1739
32722 -1741
32722 -1743
32722 -1747
32721 -1751
32721 -1755
32721 -1757
32721 -1759
32721 -1763
32720 -1767
32720 -1771
32720 -1773
32720 -1775
32720 -1779
32719 -1783
32719 -1787
32719 -1789
32719 -1791
32719 -1795
32718 -1799
32718 -1803
32718 -1805
32718 -1807
32718 -1811
32718 -1815
32718 -1819
32718 -1821
32718 -1823
32718 -1827
32716 -1831
32716 -1835
32716 -1837
32716 -1839
32716 -1843
32716 -1847
32716 -1851
32716 -1853
32716 -1855
32716 -1859
32715 -1863
32715 -1867
32715 -1869
32715 -1871
32715 -1875
32714 -1879
32714 -1883
32714 -1885
32714 -1887
32714 -1891
32713 -1893
32713 -1895
32713 -1899
32713 -1901
32713 -1903
32713 -1907
32712 -1911
32712 -1915
32712 -1917
32712 -1919
32712 -1923
32711 -1927
32711 -1931
32711 -1933
32711 -1935
32711 -1939
32711 -1943
32711 -1947
32711 -1949
32711 -1951
32711 -1955
32709 -1959
32709 -1963
32709 -1965
32709 -1967
32709 -1971
32709 -1975
32709 -1979
32709 -1981
32709 -1983
32709 -1987
32708 -1991
32708 -1995
32708 -1997
32708 -1999
32708 -2003
32707 -2007
32707 -2011
32707 -2013
32707 -2015
32707 -2019
32705 -2021
32705 -2023
32705 -2027
32705 -2029
32705 -2031
32705 -2035
32704 -2039
32704 -2043
32704 -2045
32704 -2047
32704 -2051
32703 -2055
32703 -2059
32703 -2061
32703 -2063
32703 -2067
32702 -2071
32702 -2075
32702 -2077
32702 -2079
32702 -2083
32701 -2087
32701 -2091
32701 -2093
32701 -2095
32701 -2099
32700 -2103
32700 -2107
32700 -2109
32700 -2111
32700 -2115
32699 -2119
32699 -2123
32699 -2125
32699 -2127
32699 -2131
32698 -2135
32698 -2139
32698 -2141
32698 -2143
32698 -2147
32697 -2149
32697 -2151
32697 -2155
32697 -2157
32697 -2159
32697 -2163
32696 -2167
32696 -2171
32696 -2173
32696 -2175
32696 -2179
32695 -2183
32695 -2187
32695 -2189
32695 -2191
32695 -2195
32694 -2199
32694 -2203
32694 -2205
32694 -2207
32694 -2211
32693 -2215
32693 -2219
32693 -2221
32693 -2223
32693 -2227
32692 -2231
32692 -2235
32692 -2237
32692 -2239
32692 -2243
32691 -2247
32691 -2251
32691 -2253
32691 -2255
32691 -2259
32690 -2263
32690 -2267
32690 -2269
32690 -2271
32690 -2275
32688 -2278
32688 -2282
32688 -2284
32688 -2286
32688 -2290
32687 -2294
32687 -2298
32687 -2300
32687 -2302
32687 -2306
32686 -2310
32686 -2314
32686 -2316
32686 -2318
32686 -2322
32685 -2326
32685 -2330
32685 -2332
32685 -2334
32685 -2338
32684 -2342
32684 -2346
32683 -2348
32683 -2350
32683 -2354
32683 -2358
32683 -2362
32682 -2364
32682 -2366
32682 -2370
32682 -2374
32682 -2378
32681 -2380
32681 -2382
32681 -2386
32681 -2390
32681 -2394
32680 -2396
32680 -2398
32680 -2402
32679 -2404
32679 -2406
32679 -2410
32679 -2412
32679 -2414
32679 -2418
32678 -2422
32678 -2426
32678 -2428
32678 -2430
32678 -2434
32677 -2438
32677 -2442
32677 -2444
32677 -2446
32677 -2450
32676 -2454
32676 -2458
32676 -2460
32676 -2462
32676 -2466
32675 -2470
32675 -2474
32674 -2476
32674 -2478
32674 -2482
32674 -2486
32674 -2490
32673 -2492
32673 -2494
32673 -2498
32673 -2502
32673 -2506
32672 -2508
32672 -2510
32670 -2512
32670 -2516
32669 -2518
32669 -2520
32669 -2524
32669 -2528
32669 -2532
32668 -2534
32668 -2536
32668 -2540
32668 -2544
32668 -2548
32667 -2550
32667 -2552
32667 -2556
32667 -2560
32667 -2564
32666 -2566
32666 -2568
32666 -2572
32666 -2576
32666 -2580
32665 -2582
32665 -2584
32665 -2588
32664 -2592
32664 -2596
32664 -2598
32664 -2600
32664 -2604
32663 -2608
32663 -2612
32663 -2614
32663 -2616
32663 -2620
32661 -2622
32661 -2624
32661 -2628
32661 -2630
32661 -2632
32661 -2636
32660 -2640
32660 -2644
32660 -2646
32660 -2648
32660 -2652
32659 -2656
32659 -2660
32658 -2662
32658 -2664
32658 -2668
32658 -2672
32658 -2676
32657 -2678
32657 -2680
32657 -2684
32656 -2688
32656 -2692
32656 -2694
32656 -2696
32656 -2700
32655 -2704
32655 -2708
32655 -2710
32655 -2712
32655 -2716
32654 -2720
32654 -2724
32653 -2726
32653 -2728
32653 -2732
32653 -2736
32653 -2740
32652 -2742
32652 -2744
32652 -2748
32651 -2752
32651 -2756
32650 -2758
32650 -2760
32650 -2764
32650 -2768
32650 -2772
32649 -2774
32649 -2776
32649 -2780
32648 -2784
32648 -2788
32648 -2790
32648 -2792
32648 -2796
32647 -2800
32647 -2804
32647 -2806
32647 -2808
32647 -2812
32646 -2816
32646 -2820
32645 -2822
32645 -2824
32645 -2828
32645 -2832
32645 -2836
32644 -2838
32644 -2840
32644 -2844
32643 -2848
32643 -2852
32643 -2854
32643 -2856
32643 -2860
32642 -2864
32642 -2868
32642 -2870
32642 -2872
32642 -2876
32640 -2878
32640 -2880
32640 -2884
32640 -2886
32640 -2888
32640 -2892
32639 -2896
32639 -2900
32639 -2902
32639 -2904
32639 -2908
32638 -2912
32638 -2916
32637 -2918
32637 -2920
32637 -2924
32637 -2928
32637 -2932
32636 -2934
32636 -2936
32636 -2940
32635 -2944
32635 -2948
32634 -2950
32634 -2952
32634 -2956
32634 -2960
32634 -2964
32633 -2966
32633 -2968
32633 -2972
32632 -2976
32632 -2980
32632 -2982
32632 -2984
32632 -2988
32631 -2992
32631 -2996
32631 -2998
32631 -3000
32631 -3004
32628 -3005
32628 -3007
32628 -3011
32628 -3013
32628 -3015
32628 -3019
32627 -3023
32627 -3027
32627 -3029
32627 -3031
32627 -3035
32626 -3039
32626 -3043
32625 -3045
32625 -3047
32625 -3051
32625 -3055
32625 -3059
32624 -3061
32624 -3063
32624 -3067
32623 -3071
32623 -3075
32623 -3077
32623 -3079
32623 -3083
32622 -3087
32622 -3091
32621 -3093
32621 -3095
32621 -3099
32620 -3103
32620 -3107
32620 -3109
32620 -3111
32620 -3115
32619 -3119
32619 -3123
32618 -3125
32618 -3127
32618 -3131
32617 -3132
32617 -3134
32617 -3138
32616 -3140
32616 -3142
32616 -3146
32615 -3150
32615 -3154
32615 -3156
32615 -3158
32615 -3162
32614 -3166
32614 -3170
32613 -3172
32613 -3174
32613 -3178
32612 -3182
32612 -3186
32612 -3188
32612 -3190
32612 -3194
32611 -3198
32611 -3202
32610 -3204
32610 -3206
32610 -3210
32609 -3214
32609 -3218
32609 -3220
32609 -3222
32609 -3226
32608 -3230
32608 -3234
32607 -3236
32607 -3238
32607 -3242
32606 -3246
32606 -3250
32606 -3252
32606 -3254
32606 -3258
32604 -3262
32604 -3266
32604 -3268
32604 -3270
32604 -3274
32603 -3278
32603 -3282
32602 -3284
32602 -3286
32602 -3290
32601 -3294
32601 -3298
32601 -3300
32601 -3302
32601 -3306
32600 -3310
32600 -3314
32599 -3316
32599 -3318
32599 -3322
32598 -3326
32598 -3330
32598 -3332
32598 -3334
32598 -3338
32597 -3342
32597 -3346
32596 -3348
32596 -3350
32596 -3354
32595 -3358
32595 -3362
32595 -3364
32595 -3366
32595 -3370
32594 -3374
32594 -3378
32593 -3380
32593 -3382
32593 -3386
32592 -3387
32592 -3389
32592 -3393
32591 -3395
32591 -3397
32591 -3401
32590 -3405
32590 -3409
32590 -3411
32590 -3413
32590 -3417
32589 -3421
32589 -3425
32588 -3427
32588 -3429
32588 -3433
32587 -3437
32587 -3441
32587 -3443
32587 -3445
32587 -3449
32585 -3453
32585 -3457
32585 -3459
32585 -3461
32585 -3465
32584 -3469
32584 -3473
32583 -3475
32583 -3477
32583 -3481
32582 -3485
32582 -3489
32582 -3491
32582 -3493
32582 -3497
32581 -3501
32581 -3505
32580 -3507
32580 -3509
32580 -3513
32577 -3514
32577 -3516
32577 -3520
32577 -3522
32577 -3524
32577 -3528
32576 -3532
32576 -3536
32575 -3538
32575 -3540
32575 -3544
32574 -3548
32574 -3552
32574 -3554
32574 -3556
32574 -3560
32573 -3564
32573 -3568
32572 -3570
32572 -3572
32572 -3576
32571 -3580
32571 -3584
32570 -3586
32570 -3588
32570 -3592
32569 -3596
32569 -3600
32569 -3602
32569 -3604
32569 -3608
32567 -3612
32567 -3616
32567 -3618
32567 -3620
32567 -3624
32566 -3628
32566 -3632
32565 -3634
32565 -3636
32565 -3640
32564 -3641
32564 -3643
32564 -3647
32563 -3649
32563 -3651
32563 -3655
32562 -3659
32562 -3663
32562 -3665
32562 -3667
32562 -3671
32560 -3675
32560 -3679
32560 -3681
32560 -3683
32560 -3687
32559 -3691
32559 -3695
32558 -3697
32558 -3699
32558 -3703
32557 -3707
32557 -3711
32556 -3713
32556 -3715
32556 -3719
32555 -3723
32555 -3727
32555 -3729
32555 -3731
32555 -3735
32553 -3739
32553 -3743
32553 -3745
32553 -3747
32553 -3751
32552 -3755
32552 -3759
32551 -3761
32551 -3763
32551 -3767
32549 -3770
32549 -3774
32549 -3776
32549 -3778
32549 -3782
32548 -3786
32548 -3790
32547 -3792
32547 -3794
32547 -3798
32546 -3802
32546 -3806
32545 -3808
32545 -3810
32545 -3814
32544 -3818
32544 -3822
32544 -3824
32544 -3826
32544 -3830
32542 -3834
32542 -3838
32542 -3840
32542 -3842
32542 -3846
32541 -3850
32541 -3854
32540 -3856
32540 -3858
32540 -3862
32539 -3866
32539 -3870
32538 -3872
32538 -3874
32538 -3878
32537 -3882
32537 -3886
32537 -3888
32537 -3890
32537 -3894
32534 -3896
32534 -3898
32534 -3902
32534 -3904
32534 -3906
32534 -3910
32533 -3914
32533 -3918
32532 -3920
32532 -3922
32532 -3926
32531 -3930
32531 -3934
32530 -3936
32530 -3938
32530 -3942
32529 -3946
32529 -3950
32529 -3952
32529 -3954
32529 -3958
32527 -3962
32527 -3966
32526 -3968
32526 -3970
32526 -3974
32525 -3978
32525 -3982
32525 -3984
32525 -3986
32525 -3990
32523 -3994
32523 -3998
32523 -4000
32523 -4002
32523 -4006
32522 -4010
32522 -4014
32521 -4016
32521 -4018
32521 -4022
32518 -4023
32518 -4025
32518 -4029
32518 -4031
32518 -4033
32518 -4037
32517 -4041
32517 -4045
32516 -4047
32516 -4049
32516 -4053
32515 -4057
32515 -4061
32514 -4063
32514 -4065
32514 -4069
32513 -4073
32513 -4077
32513 -4079
32513 -4081
32513 -4085
32511 -4088
32511 -4092
32511 -4094
32511 -4096
32511 -4100
32510 -4104
32509 -4108
32509 -4110
32509 -4112
32508 -4116
32508 -4120
32507 -4124
32507 -4126
32507 -4128
32506 -4132
32506 -4136
32505 -4140
32505 -4142
32505 -4144
32504 -4148
32504 -4150
32504 -4152
32503 -4156
32503 -4158
32503 -4160
32502 -4164
32502 -4168
32501 -4172
32501 -4174
32501 -4176
32500 -4180
32500 -4184
32499 -4188
32499 -4190
32499 -4192
32498 -4196
32498 -4200
32497 -4204
32497 -4206
32497 -4208
32496 -4212
32496 -4215
32495 -4219
32495 -4221
32495 -4223
32494 -4227
32494 -4231
32493 -4235
32493 -4237
32493 -4239
32492 -4243
32492 -4247
32491 -4251
32491 -4253
32491 -4255
32490 -4259
32490 -4263
32489 -4267
32489 -4269
32489 -4271
32488 -4275
32487 -4279
32487 -4283
32486 -4285
32486 -4287
32486 -4291
32485 -4295
32485 -4299
32484 -4301
32484 -4303
32484 -4307
32483 -4311
32483 -4315
32482 -4317
32482 -4319
32482 -4323
32481 -4327
32481 -4331
32480 -4333
32480 -4335
32480 -4339
32479 -4342
32479 -4346
32478 -4348
32478 -4350
32478 -4354
32477 -4358
32477 -4362
32476 -4364
32476 -4366
32476 -4370
32475 -4374
32475 -4378
32474 -4380
32474 -4382
32474 -4386
32473 -4390
32473 -4394
32472 -4396
32472 -4398
32472 -4402
32470 -4404
32470 -4406
32470 -4410
32469 -4412
32469 -4414
32469 -4418
32468 -4422
32468 -4426
32467 -4428
32467 -4430
32467 -4434
32466 -4438
32466 -4442
32465 -4444
32465 -4446
32465 -4450
32464 -4454
32464 -4458
32463 -4460
32463 -4462
32463 -4466
32462 -4469
32461 -4473
32461 -4475
32461 -4477
32460 -4481
32460 -4485
32459 -4489
32459 -4491
32459 -4493
32458 -4497
32458 -4501
32457 -4505
32457 -4507
32457 -4509
32456 -4513
32456 -4517
32455 -4521
32455 -4523
32455 -4525
32454 -4529
32452 -4530
32452 -4532
32452 -4536
32451 -4538
32451 -4540
32451 -4544
32450 -4548
32450 -4552
32449 -4554
32449 -4556
32449 -4560
32448 -4564
32448 -4568
32447 -4570
32447 -4572
32447 -4576
32446 -4580
32446 -4584
32445 -4586
32445 -4588
32445 -4592
32444 -4595
32443 -4599
32443 -4601
32443 -4603
32442 -4607
32442 -4611
32441 -4615
32441 -4617
32441 -4619
32440 -4623
32439 -4627
32439 -4631
32438 -4633
32438 -4635
32438 -4639
32437 -4643
32437 -4647
32436 -4649
32436 -4651
32436 -4655
32435 -4657
32435 -4659
32434 -4663
32434 -4665
32434 -4667
32433 -4671
32433 -4675
32432 -4679
32432 -4681
32432 -4683
32431 -4687
32430 -4691
32430 -4695
32429 -4697
32429 -4699
32429 -4703
32428 -4707
32428 -4711
32427 -4713
32427 -4715
32427 -4719
32426 -4722
32425 -4726
32425 -4728
32425 -4730
32424 -4734
32424 -4738
32423 -4742
32423 -4744
32423 -4746
32422 -4750
32421 -4754
32421 -4758
32420 -4760
32420 -4762
32420 -4766
32419 -4770
32419 -4774
32418 -4776
32418 -4778
32418 -4782
32416 -4785
32416 -4789
32415 -4791
32415 -4793
32415 -4797
32414 -4801
32414 -4805
32413 -4807
32413 -4809
32413 -4813
32412 -4817
32411 -4821
32411 -4823
32411 -4825
32410 -4829
32410 -4833
32409 -4837
32409 -4839
32409 -4841
32408 -4845
32407 -4849
32407 -4853
32406 -4855
32406 -4857
32406 -4861
32405 -4865
32405 -4869
32404 -4871
32404 -4873
32404 -4877
32403 -4881
32402 -4885
32402 -4887
32402 -4889
32401 -4893
32401 -4897
32400 -4901
32400 -4903
32400 -4905
32399 -4909
32397 -4910
32397 -4912
32397 -4916
32396 -4918
32396 -4920
32396 -4924
32395 -4928
32395 -4932
32394 -4934
32394 -4936
32394 -4940
32393 -4944
32392 -4948
32392 -4950
32392 -4952
32391 -4956
32391 -4960
32390 -4964
32390 -4966
32390 -4968
32389 -4972
32388 -4976
32387 -4980
32387 -4982
32387 -4984
32386 -4988
32386 -4992
32385 -4996
32385 -4998
32385 -5000
32384 -5004
32383 -5008
32383 -5012
32382 -5014
32382 -5016
32382 -5020
32381 -5024
32381 -5028
32380 -5030
32380 -5032
32380 -5036
32377 -5036
32377 -5038
32377 -5042
32376 -5044
32376 -5046
32376 -5050
32375 -5054
32375 -5058
32374 -5060
32374 -5062
32374 -5066
32373 -5070
32372 -5074
32372 -5076
32372 -5078
32371 -5082
32371 -5086
32370 -5090
32370 -5092
32370 -5094
32369 -5098
32368 -5102
32368 -5106
32367 -5108
32367 -5110
32367 -5114
32366 -5118
32366 -5122
32365 -5124
32365 -5126
32365 -5130
32363 -5134
32363 -5138
32362 -5140
32362 -5142
32362 -5146
32361 -5150
32360 -5154
32360 -5156
32360 -5158
32359 -5162
32358 -5163
32358 -5165
32358 -5169
32357 -5171
32357 -5173
32357 -5177
32356 -5181
32355 -5185
32355 -5187
32355 -5189
32354 -5193
32353 -5197
32353 -5201
32352 -5203
32352 -5205
32352 -5209
32351 -5213
32350 -5217
32350 -5219
32350 -5221
32349 -5225
32348 -5228
32348 -5232
32347 -5234
32347 -5236
32347 -5240
32346 -5244
32345 -5248
32345 -5250
32345 -5252
32344 -5256
32343 -5260
32343 -5264
32342 -5266
32342 -5268
32342 -5272
32341 -5276
32340 -5280
32340 -5282
32340 -5284
32339 -5288
32338 -5291
32337 -5295
32337 -5297
32337 -5299
32336 -5303
32335 -5307
32335 -5311
32334 -5313
32334 -5315
32334 -5319
32333 -5323
32332 -5327
32332 -5329
32332 -5331
32331 -5335
32330 -5339
32330 -5343
32329 -5345
32329 -5347
32329 -5351
32328 -5355
32327 -5359
32327 -5361
32327 -5363
32326 -5367
32325 -5371
32325 -5375
32324 -5377
32324 -5379
32324 -5383
32323 -5387
32322 -5391
32322 -5393
32322 -5395
32321 -5399
32320 -5403
32320 -5407
32319 -5409
32319 -5411
32319 -5415
32317 -5416
32317 -5418
32316 -5422
32316 -5424
32316 -5426
32315 -5430
32314 -5434
32314 -5438
32313 -5440
32313 -5442
32313 -5446
32312 -5450
32311 -5454
32311 -5456
32311 -5458
32310 -5462
32309 -5466
32309 -5470
32308 -5472
32308 -5474
32308 -5478
32306 -5481
32306 -5485
32305 -5487
32305 -5489
32305 -5493
32304 -5497
32303 -5501
32303 -5503
32303 -5505
32302 -5509
32301 -5513
32301 -5517
32300 -5519
32300 -5521
32300 -5525
32299 -5529
32298 -5533
32298 -5535
32298 -5537
32297 -5541
32295 -5541
32295 -5543
32294 -5547
32294 -5549
32294 -5551
32293 -5555
32292 -5559
32292 -5563
32291 -5565
32291 -5567
32291 -5571
32290 -5575
32289 -5579
32289 -5581
32289 -5583
32288 -5587
32287 -5591
32287 -5595
32286 -5597
32286 -5599
32286 -5603
32284 -5607
32284 -5611
32283 -5613
32283 -5615
32283 -5619
32282 -5623
32281 -5627
32281 -5629
32281 -5631
32280 -5635
32279 -5639
32278 -5643
32278 -5645
32278 -5647
32277 -5651
32276 -5655
32276 -5659
32275 -5661
32275 -5663
32275 -5667
32273 -5668
32273 -5670
32273 -5674
32272 -5676
32272 -5678
32272 -5682
32271 -5686
32270 -5690
32270 -5692
32270 -5694
32269 -5698
32268 -5702
32267 -5706
32267 -5708
32267 -5710
32266 -5714
32265 -5718
32265 -5722
32264 -5724
32264 -5726
32264 -5730
32262 -5733
32262 -5737
32261 -5739
32261 -5741
32261 -5745
32260 -5749
32259 -5753
32259 -5755
32259 -5757
32258 -5761
32257 -5765
32256 -5769
32256 -5771
32256 -5773
32255 -5777
32254 -5781
32254 -5785
32253 -5787
32253 -5789
32253 -5793
32251 -5796
32250 -5800
32250 -5802
32250 -5804
32249 -5808
32248 -5812
32248 -5816
32247 -5818
32247 -5820
32247 -5824
32245 -5828
32245 -5832
32244 -5834
32244 -5836
32244 -5840
32243 -5844
32242 -5848
32242 -5850
32242 -5852
32241 -5856
32240 -5859
32239 -5863
32239 -5865
32239 -5867
32238 -5871
32237 -5875
32237 -5879
32236 -5881
32236 -5883
32236 -5887
32234 -5891
32234 -5895
32233 -5897
32233 -5899
32233 -5903
32232 -5907
32231 -5911
32231 -5913
32231 -5915
32230 -5919
32228 -5920
32228 -5922
32227 -5926
32227 -5928
32227 -5930
32226 -5934
32225 -5938
32225 -5942
32224 -5944
32224 -5946
32224 -5950
32222 -5954
32222 -5958
32221 -5960
32221 -5962
32221 -5966
32220 -5970
32219 -5974
32219 -5976
32219 -5978
32218 -5982
32216 -5985
32216 -5989
32215 -5991
32215 -5993
32215 -5997
32214 -6001
32213 -6005
32213 -6007
32213 -6009
32212 -6013
32211 -6017
32210 -6021
32210 -6023
32210 -6025
32209 -6029
32208 -6033
32208 -6037
32207 -6039
32207 -6041
32207 -6045
32204 -6046
32204 -6048
32204 -6052
32203 -6054
32203 -6056
32203 -6060
32202 -6064
32201 -6068
32201 -6070
32201 -6072
32200 -6076
32199 -6079
32198 -6083
32198 -6085
32198 -6087
32197 -6091
32196 -6095
32196 -6099
32195 -6101
32195 -6103
32195 -6107
32193 -6111
32192 -6115
32192 -6117
32192 -6119
32191 -6123
32190 -6127
32190 -6131
32189 -6133
32189 -6135
32189 -6139
32188 -6142
32187 -6146
32186 -6148
32186 -6150
32186 -6154
32185 -6158
32184 -6162
32183 -6164
32183 -6166
32183 -6170
32181 -6172
32181 -6174
32181 -6178
32180 -6180
32180 -6182
32179 -6186
32178 -6190
32178 -6194
32177 -6196
32177 -6198
32176 -6202
32175 -6205
32175 -6209
32174 -6211
32174 -6213
32173 -6217
32172 -6221
32172 -6225
32171 -6227
32171 -6229
32170 -6233
32169 -6237
32169 -6241
32168 -6243
32168 -6245
32167 -6249
32166 -6253
32166 -6257
32165 -6259
32165 -6261
32164 -6265
32163 -6268
32163 -6272
32162 -6274
32162 -6276
32161 -6280
32160 -6284
32160 -6288
32159 -6290
32159 -6292
32158 -6296
32157 -6299
32156 -6303
32155 -6305
32155 -6307
32155 -6311
32154 -6315
32153 -6319
32152 -6321
32152 -6323
32152 -6327
32151 -6331
32150 -6335
32149 -6337
32149 -6339
32149 -6343
32148 -6347
32147 -6351
32146 -6353
32146 -6355
32146 -6359
32145 -6362
32144 -6366
32143 -6368
32143 -6370
32143 -6374
32142 -6378
32141 -6382
32140 -6384
32140 -6386
32140 -6390
32139 -6394
32138 -6398
32137 -6400
32137 -6402
32137 -6406
32136 -6410
32135 -6414
32134 -6416
32134 -6418
32134 -6422
32132 -6423
32132 -6425
32132 -6429
32131 -6431
32131 -6433
32130 -6437
32129 -6441
32129 -6445
32128 -6447
32128 -6449
32127 -6453
32126 -6457
32126 -6461
32125 -6463
32125 -6465
32124 -6469
32123 -6473
32123 -6477
32122 -6479
32122 -6481
32121 -6485
32120 -6488
32119 -6492
32118 -6494
32118 -6496
32118 -6500
32117 -6504
32116 -6508
32115 -6510
32115 -6512
32115 -6516
32114 -6520
32113 -6524
32112 -6526
32112 -6528
32112 -6532
32111 -6536
32110 -6540
32109 -6542
32109 -6544
32107 -6545
32106 -6549
32105 -6551
32105 -6553
32105 -6557
32104 -6561
32103 -6565
32102 -6567
32102 -6569
32102 -6573
32101 -6577
32100 -6581
32099 -6583
32099 -6585
32099 -6589
32098 -6593
32097 -6597
32096 -6599
32096 -6601
32096 -6605
32094 -6608
32094 -6612
32093 -6614
32093 -6616
32092 -6620
32091 -6624
32091 -6628
32090 -6630
32090 -6632
32089 -6636
32088 -6640
32088 -6644
32087 -6646
32087 -6648
32086 -6652
32085 -6656
32085 -6660
32084 -6662
32084 -6664
32083 -6668
32081 -6669
32081 -6671
32081 -6675
32080 -6677
32080 -6679
32079 -6683
32078 -6687
32078 -6691
32077 -6693
32077 -6695
32076 -6699
32075 -6702
32074 -6706
32073 -6708
32073 -6710
32073 -6714
32072 -6718
32071 -6722
32070 -6724
32070 -6726
32070 -6730
32068 -6734
32068 -6738
32067 -6740
32067 -6742
32066 -6746
32065 -6750
32065 -6754
32064 -6756
32064 -6758
32063 -6762
32062 -6765
32061 -6769
32060 -6771
32060 -6773
32060 -6777
32059 -6781
32058 -6785
32057 -6787
32057 -6789
32057 -6793
32055 -6796
32054 -6800
32053 -6802
32053 -6804
32053 -6808
32052 -6812
32051 -6816
32050 -6818
32050 -6820
32050 -6824
32048 -6827
32048 -6831
32047 -6833
32047 -6835
32046 -6839
32045 -6843
32045 -6847
32044 -6849
32044 -6851
32043 -6855
32042 -6859
32041 -6863
32040 -6865
32040 -6867
32040 -6871
32039 -6875
32038 -6879
32037 -6881
32037 -6883
32037 -6887
32035 -6890
32035 -6894
32034 -6896
32034 -6898
32033 -6902
32032 -6906
32032 -6910
32031 -6912
32031 -6914
32030 -6918
32028 -6919
32028 -6921
32027 -6925
32026 -6927
32026 -6929
32026 -6933
32025 -6937
32024 -6941
32023 -6943
32023 -6945
32023 -6949
32021 -6953
32021 -6957
32020 -6959
32020 -6961
32019 -6965
32018 -6969
32018 -6973
32017 -6975
32017 -6977
32016 -6981
32014 -6984
32014 -6988
32013 -6990
32013 -6992
32012 -6996
32011 -7000
32011 -7004
32010 -7006
32010 -7008
32009 -7012
32008 -7016
32007 -7020
32006 -7022
32006 -7024
32006 -7028
32005 -7032
32004 -7036
32003 -7038
32003 -7040
32003 -7044
32000 -7044
32000 -7046
32000 -7050
31999 -7052
31999 -7054
31998 -7058
31997 -7062
31997 -7066
31996 -7068
31996 -7070
31995 -7074
31994 -7078
31993 -7082
31992 -7084
31992 -7086
31992 -7090
31991 -7094
31990 -7098
31989 -7100
31989 -7102
31989 -7106
31987 -7109
31986 -7113
31985 -7115
31985 -7117
31985 -7121
31984 -7125
31983 -7129
31982 -7131
31982 -7133
31982 -7137
31980 -7140
31980 -7144
31979 -7146
31979 -7148
31978 -7152
31977 -7156
31977 -7160
31976 -7162
31976 -7164
31975 -7168
31973 -7169
31973 -7171
31972 -7175
31971 -7177
31971 -7179
31971 -7183
31969 -7187
31969 -7191
31968 -7193
31968 -7195
31967 -7199
31966 -7203
31965 -7207
31964 -7209
31964 -7211
31964 -7215
31962 -7219
31962 -7223
31961 -7225
31961 -7227
31960 -7231
31959 -7234
31958 -7238
31957 -7240
31957 -7242
31957 -7246
31955 -7250
31955 -7254
31954 -7256
31954 -7258
31953 -7262
31952 -7265
31951 -7269
31950 -7271
31950 -7273
31950 -7277
31948 -7281
31948 -7285
31947 -7287
31947 -7289
31946 -7293
31945 -7296
31944 -7300
31943 -7302
31943 -7304
31943 -7308
31941 -7312
31941 -7316
31940 -7318
31940 -7320
31939 -7324
31938 -7328
31937 -7332
31936 -7334
31936 -7336
31936 -7340
31934 -7344
31934 -7348
31933 -7350
31933 -7352
31932 -7356
31931 -7359
31930 -7363
31929 -7365
31929 -7367
31929 -7371
31927 -7375
31927 -7379
31926 -7381
31926 -7383
31925 -7387
31924 -7390
31923 -7394
31922 -7396
31922 -7398
31922 -7402
31920 -7406
31920 -7410
31919 -7412
31919 -7414
31918 -7418
31916 -7419
31916 -7421
31916 -7425
31915 -7427
31915 -7429
31914 -7433
31913 -7437
31912 -7441
31911 -7443
31911 -7445
31911 -7449
31909 -7453
31909 -7457
31908 -7459
31908 -7461
31907 -7465
31906 -7469
31905 -7473
31904 -7475
31904 -7477
31904 -7481
31902 -7484
31901 -7488
31900 -7490
31900 -7492
31900 -7496
31898 -7500
31898 -7504
31897 -7506
31897 -7508
31896 -7512
31895 -7515
31894 -7519
31893 -7521
31893 -7523
31893 -7527
31891 -7531
31891 -7535
31890 -7537
31890 -7539
31889 -7543
31886 -7543
31886 -7545
31886 -7549
31885 -7551
31885 -7553
31884 -7557
31883 -7561
31882 -7565
31881 -7567
31881 -7569
31881 -7573
31879 -7577
31879 -7581
31878 -7583
31878 -7585
31877 -7589
31876 -7593
31875 -7597
31874 -7599
31874 -7601
31874 -7605
31872 -7608
31871 -7612
31870 -7614
31870 -7616
31870 -7620
31868 -7624
31868 -7628
31867 -7630
31867 -7632
31866 -7636
31865 -7639
31864 -7643
31863 -7645
31863 -7647
31863 -7651
31861 -7655
31861 -7659
31860 -7661
31860 -7663
31859 -7667
31857 -7668
31857 -7670
31857 -7674
31856 -7676
31856 -7678
31855 -7682
31854 -7686
31853 -7690
31852 -7692
31852 -7694
31852 -7698
31850 -7701
31849 -7705
31848 -7707
31848 -7709
31848 -7713
31846 -7717
31846 -7721
31845 -7723
31845 -7725
31844 -7729
31842 -7732
31842 -7736
31841 -7738
31841 -7740
31840 -7744
31839 -7748
31838 -7752
31837 -7754
31837 -7756
31837 -7760
31835 -7764
31834 -7768
31833 -7770
31833 -7772
31833 -7776
31831 -7780
31831 -7784
31830 -7786
31830 -7788
31829 -7792
31827 -7794
31826 -7798
31825 -7800
31825 -7802
31825 -7806
31823 -7810
31823 -7814
31822 -7816
31822 -7818
31821 -7822
31819 -7826
31819 -7830
31818 -7832
31818 -7834
31817 -7838
31816 -7842
31815 -7846
31814 -7848
31814 -7850
31814 -7854
31812 -7857
31811 -7861
31810 -7863
31810 -7865
31810 -7869
31808 -7873
31808 -7877
31807 -7879
31807 -7881
31806 -7885
31804 -7888
31804 -7892
31803 -7894
31803 -7896
31802 -7900
31801 -7904
31800 -7908
31799 -7910
31799 -7912
31799 -7916
31796 -7917
31796 -7919
31796 -7923
31795 -7925
31795 -7927
31794 -7931
31793 -7935
31792 -7939
31791 -7941
31791 -7943
31791 -7947
31789 -7950
31788 -7954
31787 -7956
31787 -7958
31787 -7962
31785 -7966
31785 -7970
31784 -7972
31784 -7974
31783 -7978
31781 -7981
31780 -7985
31779 -7987
31779 -7989
31779 -7993
31777 -7997
31777 -8001
31776 -8003
31776 -8005
31775 -8009
31773 -8013
31773 -8017
31772 -8019
31772 -8021
31771 -8025
31770 -8029
31769 -8033
31768 -8035
31768 -8037
31768 -8041
31764 -8040
31764 -8042
31764 -8046
31763 -8048
31763 -8050
31762 -8054
31761 -8058
31760 -8062
31759 -8064
31759 -8066
31759 -8070
31757 -8074
31756 -8078
31755 -8080
31755 -8082
31755 -8086
31753 -8090
31753 -8094
31752 -8096
31752 -8098
31751 -8102
31749 -8105
31748 -8109
31747 -8111
31747 -8113
31747 -8117
31745 -8121
31745 -8125
31744 -8127
31744 -8129
31743 -8133
31741 -8136
31741 -8140
31740 -8142
31740 -8144
31739 -8148
31738 -8152
31737 -8156
31736 -8158
31736 -8160
31736 -8164
31733 -8165
31733 -8167
31733 -8171
31732 -8173
31732 -8175
31731 -8179
31730 -8183
31729 -8187
31729 -8189
31729 -8191
31727 -8195
31726 -8198
31725 -8202
31724 -8204
31724 -8206
31723 -8210
31722 -8214
31721 -8218
31720 -8220
31720 -8222
31719 -8226
31718 -8229
31717 -8233
31716 -8235
31716 -8237
31715 -8241
31714 -8245
31713 -8249
31712 -8251
31712 -8253
31711 -8257
31710 -8260
31709 -8264
31708 -8266
31708 -8268
31707 -8272
31706 -8276
31705 -8280
31704 -8282
31704 -8284
31703 -8288
31701 -8291
31700 -8295
31700 -8297
31699 -8299
31698 -8303
31697 -8307
31696 -8311
31696 -8313
31695 -8315
31694 -8319
31693 -8322
31692 -8326
31692 -8328
31691 -8330
31690 -8334
31689 -8338
31688 -8342
31688 -8344
31687 -8346
31686 -8350
31685 -8353
31684 -8357
31684 -8359
31683 -8361
31682 -8365
31681 -8369
31680 -8373
31680 -8375
31679 -8377
31678 -8381
31677 -8384
31676 -8388
31676 -8390
31675 -8392
31674 -8396
31673 -8400
31672 -8404
31672 -8406
31671 -8408
31670 -8412
31670 -8413
31669 -8415
31668 -8419
31668 -8421
31667 -8423
31666 -8427
31665 -8431
31664 -8435
31664 -8437
31663 -8439
31662 -8443
31661 -8446
31660 -8450
31660 -8452
31659 -8454
31658 -8458
31657 -8462
31656 -8466
31656 -8468
31655 -8470
31654 -8474
31653 -8477
31652 -8481
31651 -8483
31651 -8485
31650 -8489
31649 -8493
31648 -8497
31647 -8499
31647 -8501
31646 -8505
31645 -8508
31644 -8512
31643 -8514
31643 -8516
31642 -8520
31641 -8524
31640 -8528
31639 -8530
31639 -8532
31638 -8536
31636 -8536
31635 -8538
31634 -8542
31634 -8544
31633 -8546
31632 -8550
31631 -8553
31630 -8557
31630 -8559
31629 -8561
31628 -8565
31627 -8569
31626 -8573
31626 -8575
31625 -8577
31624 -8581
31623 -8584
31622 -8588
31622 -8590
31621 -8592
31620 -8596
31619 -8600
31618 -8604
31617 -8606
31617 -8608
31616 -8612
31615 -8615
31614 -8619
31613 -8621
31613 -8623
31612 -8627
31611 -8631
31610 -8635
31609 -8637
31609 -8639
31608 -8643
31607 -8646
31606 -8650
31605 -8652
31605 -8654
31604 -8658
31602 -8659
31602 -8661
31601 -8665
31600 -8667
31600 -8669
31599 -8673
31598 -8677
31597 -8681
31596 -8683
31596 -8685
31595 -8689
31594 -8692
31593 -8696
31592 -8698
31592 -8700
31591 -8704
31590 -8708
31589 -8712
31588 -8714
31588 -8716
31587 -8720
31585 -8723
31584 -8727
31584 -8729
31583 -8731
31582 -8735
31581 -8739
31580 -8743
31580 -8745
31579 -8747
31578 -8751
31577 -8754
31576 -8758
31575 -8760
31575 -8762
31574 -8766
31573 -8770
31572 -8774
31571 -8776
31571 -8778
31570 -8782
31568 -8785
31567 -8789
31566 -8791
31566 -8793
31565 -8797
31564 -8800
31563 -8804
31562 -8806
31562 -8808
31561 -8812
31559 -8816
31558 -8820
31558 -8822
31557 -8824
31556 -8828
31555 -8831
31554 -8835
31554 -8837
31553 -8839
31552 -8843
31551 -8847
31550 -8851
31549 -8853
31549 -8855
31548 -8859
31547 -8862
31546 -8866
31545 -8868
31545 -8870
31544 -8874
31542 -8878
31541 -8882
31541 -8884
31540 -8886
31539 -8890
31538 -8893
31537 -8897
31537 -8899
31536 -8901
31535 -8905
31534 -8906
31533 -8908
31532 -8912
31532 -8914
31531 -8916
31530 -8920
31529 -8924
31528 -8928
31528 -8930
31527 -8932
31526 -8936
31525 -8939
31524 -8943
31523 -8945
31523 -8947
31522 -8951
31521 -8955
31520 -8959
31519 -8961
31519 -8963
31518 -8967
31516 -8970
31515 -8974
31514 -8976
31514 -8978
31513 -8982
31512 -8986
31511 -8990
31510 -8992
31510 -8994
31509 -8998
31507 -9001
31506 -9005
31506 -9007
31505 -9009
31504 -9013
31503 -9017
31502 -9021
31502 -9023
31501 -9025
31500 -9029
31498 -9029
31498 -9031
31497 -9035
31496 -9037
31496 -9039
31495 -9043
31494 -9047
31493 -9051
31492 -9053
31492 -9055
31491 -9059
31489 -9062
31488 -9066
31488 -9068
31487 -9070
31486 -9074
31485 -9078
31484 -9082
31484 -9084
31483 -9086
31482 -9090
31480 -9093
31479 -9097
31479 -9099
31478 -9101
31477 -9105
31476 -9108
31475 -9112
31475 -9114
31474 -9116
31473 -9120
31472 -9124
31471 -9128
31470 -9130
31470 -9132
31469 -9136
31468 -9139
31467 -9143
31466 -9145
31466 -9147
31465 -9151
31463 -9152
31462 -9154
31461 -9158
31461 -9160
31460 -9162
31459 -9166
31458 -9170
31457 -9174
31457 -9176
31456 -9178
31455 -9182
31454 -9185
31453 -9189
31452 -9191
31452 -9193
31451 -9197
31450 -9201
31449 -9205
31448 -9207
31448 -9209
31447 -9213
31445 -9216
31444 -9220
31444 -9222
31443 -9224
31442 -9228
31441 -9231
31440 -9235
31439 -9237
31439 -9239
31438 -9243
31436 -9247
31435 -9251
31435 -9253
31434 -9255
31433 -9259
31432 -9262
31431 -9266
31430 -9268
31430 -9270
31429 -9274
31427 -9277
31426 -9281
31425 -9283
31425 -9285
31424 -9289
31422 -9293
31421 -9297
31421 -9299
31420 -9301
31419 -9305
31418 -9308
31417 -9312
31416 -9314
31416 -9316
31415 -9320
31413 -9324
31412 -9328
31412 -9330
31411 -9332
31410 -9336
31409 -9339
31408 -9343
31407 -9345
31407 -9347
31406 -9351
31404 -9354
31403 -9358
31403 -9360
31402 -9362
31401 -9366
31400 -9370
31399 -9374
31398 -9376
31398 -9378
31397 -9382
31395 -9385
31394 -9389
31394 -9391
31393 -9393
31392 -9397
31391 -9398
31390 -9400
31389 -9404
31389 -9406
31388 -9408
31387 -9412
31386 -9416
31385 -9420
31384 -9422
31384 -9424
31383 -9428
31381 -9431
31380 -9435
31380 -9437
31379 -9439
31378 -9443
31377 -9447
31376 -9451
31375 -9453
31375 -9455
31374 -9459
31372 -9462
31371 -9466
31371 -9468
31370 -9470
31369 -9474
31368 -9477
31367 -9481
31366 -9483
31366 -9485
31365 -9489
31363 -9493
31362 -9497
31362 -9499
31361 -9501
31360 -9505
31359 -9508
31358 -9512
31357 -9514
31357 -9516
31356 -9520
31354 -9520
31353 -9522
31352 -9526
31352 -9528
31351 -9530
31350 -9534
31349 -9537
31348 -9541
31347 -9543
31347 -9545
31346 -9549
31344 -9553
31343 -9557
31343 -9559
31342 -9561
31341 -9565
31340 -9568
31339 -9572
31338 -9574
31338 -9576
31337 -9580
31335 -9583
31334 -9587
31333 -9589
31333 -9591
31332 -9595
31330 -9599
31329 -9603
31329 -9605
31328 -9607
31327 -9611
31326 -9614
31325 -9618
31324 -9620
31324 -9622
31323 -9626
31321 -9630
31320 -9634
31320 -9636
31319 -9638
31318 -9642
31316 -9642
31316 -9644
31315 -9648
31314 -9650
31314 -9652
31313 -9656
31311 -9660
31310 -9664
31310 -9666
31309 -9668
31308 -9672
31307 -9675
31306 -9679
31305 -9681
31305 -9683
31304 -9687
31302 -9691
31301 -9695
31301 -9697
31300 -9699
31299 -9703
31297 -9706
31296 -9710
31296 -9712
31295 -9714
31294 -9718
31293 -9721
31292 -9725
31291 -9727
31291 -9729
31290 -9733
31288 -9737
31287 -9741
31286 -9743
31286 -9745
31285 -9749
31283 -9752
31282 -9756
31282 -9758
31281 -9760
31280 -9764
31278 -9766
31277 -9770
31277 -9772
31276 -9774
31275 -9778
31274 -9782
31273 -9786
31272 -9788
31272 -9790
31271 -9794
31269 -9797
31268 -9801
31267 -9803
31267 -9805
31266 -9809
31264 -9813
31263 -9817
31263 -9819
31262 -9821
31261 -9825
31259 -9828
31258 -9832
31258 -9834
31257 -9836
31256 -9840
31255 -9843
31254 -9847
31253 -9849
31253 -9851
31252 -9855
31250 -9859
31249 -9863
31248 -9865
31248 -9867
31247 -9871
31245 -9874
31244 -9878
31244 -9880
31243 -9882
31242 -9886
31240 -9887
31240 -9889
31239 -9893
31238 -9895
31238 -9897
31237 -9901
31235 -9905
31234 -9909
31234 -9911
31233 -9913
31232 -9917
31230 -9920
31229 -9924
31229 -9926
31228 -9928
31227 -9932
31226 -9935
31225 -9939
31224 -9941
31224 -9943
31223 -9947
31221 -9950
31220 -9954
31219 -9956
31219 -9958
31218 -9962
31216 -9966
31215 -9970
31215 -9972
31214 -9974
31213 -9978
31211 -9981
31210 -9985
31210 -9987
31209 -9989
31208 -9993
31207 -9996
31206 -10000
31205 -10002
31205 -10004
31204 -10008
31201 -10009
31201 -10011
31200 -10015
31199 -10017
31199 -10019
31198 -10023
31196 -10027
31195 -10031
31195 -10033
31194 -10035
31193 -10039
31191 -10042
31190 -10046
31190 -10048
31189 -10050
31188 -10054
31187 -10057
31186 -10061
31185 -10063
31185 -10065
31184 -10069
31181 -10072
31180 -10076
31180 -10078
31179 -10080
31178 -10084
31177 -10088
31176 -10092
31175 -10094
31175 -10096
31174 -10100
31172 -10103
31171 -10107
31170 -10109
31170 -10111
31169 -10115
31167 -10118
31166 -10122
31166 -10124
31165 -10126
31164 -10130
31162 -10131
31161 -10133
31160 -10137
31160 -10139
31159 -10141
31158 -10145
31157 -10149
31156 -10153
31155 -10155
31155 -10157
31154 -10161
31152 -10164
31151 -10168
31150 -10170
31150 -10172
31149 -10176
31147 -10179
31146 -10183
31146 -10185
31145 -10187
31144 -10191
31142 -10194
31141 -10198
31140 -10200
31140 -10202
31139 -10206
31137 -10210
31136 -10214
31136 -10216
31135 -10218
31134 -10222
31132 -10225
31131 -10229
31131 -10231
31130 -10233
31129 -10237
31128 -10240
31127 -10244
31126 -10246
31126 -10248
31125 -10252
31122 -10255
31121 -10259
31120 -10261
31120 -10263
31119 -10267
31117 -10270
31116 -10274
31115 -10276
31115 -10278
31114 -10282
31112 -10285
31111 -10289
31110 -10291
31110 -10293
31109 -10297
31107 -10301
31106 -10305
31105 -10307
31105 -10309
31104 -10313
31102 -10316
31101 -10320
31100 -10322
31100 -10324
31099 -10328
31097 -10331
31096 -10335
31095 -10337
31095 -10339
31094 -10343
31092 -10346
31091 -10350
31090 -10352
31090 -10354
31089 -10358
31087 -10362
31086 -10359
31085 -10363
31083 -10366
31082 -10370
31081 -10372
31081 -10374
31080 -10378
31078 -10381
31077 -10385
31076 -10387
31076 -10389
31075 -10393
31073 -10397
31072 -10401
31071 -10403
31071 -10405
31070 -10409
31068 -10412
31067 -10416
31066 -10418
31066 -10420
31065 -10424
31063 -10427
31062 -10431
31061 -10433
31061 -10435
31060 -10439
31058 -10442
31057 -10446
31056 -10448
31056 -10450
31055 -10454
31053 -10458
31052 -10462
31051 -10464
31051 -10466
31050 -10470
31048 -10472
31047 -10476
31046 -10478
31045 -10480
31044 -10484
31043 -10488
31042 -10492
31041 -10494
31040 -10496
31039 -10500
31038 -10503
31037 -10507
31036 -10509
31035 -10511
31034 -10515
31033 -10518
31032 -10522
31031 -10524
31030 -10526
31029 -10530
31027 -10533
31026 -10537
31025 -10539
31025 -10541
31024 -10545
31022 -10549
31021 -10553
31020 -10555
31020 -10557
31019 -10561
31017 -10564
31016 -10568
31015 -10570
31015 -10572
31014 -10576
31012 -10579
31011 -10583
31010 -10585
31010 -10587
31009 -10591
31007 -10592
31007 -10594
31006 -10598
31005 -10600
31004 -10602
31003 -10606
31002 -10609
31001 -10613
31000 -10615
30999 -10617
30998 -10621
30997 -10624
30996 -10628
30995 -10630
30994 -10632
30993 -10636
30992 -10640
30991 -10644
30990 -10646
30989 -10648
30988 -10652
30986 -10655
30985 -10659
30984 -10661
30984 -10663
30983 -10667
30981 -10670
30980 -10674
30979 -10676
30979 -10678
30978 -10682
30976 -10685
30975 -10689
30974 -10691
30974 -10693
30973 -10697
30971 -10701
30970 -10705
30969 -10707
30969 -10709
30968 -10713
30965 -10713
30965 -10715
30964 -10719
30963 -10721
30962 -10723
30961 -10727
30960 -10730
30959 -10734
30958 -10736
30957 -10738
30956 -10742
30955 -10745
30954 -10749
30953 -10751
30952 -10753
30951 -10757
30950 -10761
30949 -10765
30948 -10767
30947 -10769
30946 -10773
30944 -10775
30943 -10779
30942 -10781
30942 -10783
30941 -10787
30939 -10791
30938 -10795
30937 -10797
30937 -10799
30936 -10803
30934 -10806
30933 -10810
30932 -10812
30931 -10814
30930 -10818
30929 -10821
30928 -10825
30927 -10827
30926 -10829
30925 -10833
30924 -10834
30923 -10836
30922 -10840
30921 -10842
30921 -10844
30920 -10848
30918 -10851
30917 -10855
30916 -10857
30916 -10859
30915 -10863
30913 -10866
30912 -10870
30911 -10872
30910 -10874
30909 -10878
30908 -10882
30907 -10886
30906 -10888
30905 -10890
30904 -10894
30902 -10896
30901 -10900
30900 -10902
30900 -10904
30899 -10908
30897 -10912
30896 -10916
30895 -10918
30895 -10920
30894 -10924
30892 -10927
30891 -10931
30890 -10933
30889 -10935
30888 -10939
30887 -10942
30886 -10946
30885 -10948
30884 -10950
30883 -10954
30880 -10956
30879 -10960
30878 -10962
30878 -10964
30877 -10968
30875 -10972
30874 -10976
30873 -10978
30873 -10980
30872 -10984
30870 -10987
30869 -10991
30868 -10993
30867 -10995
30866 -10999
30865 -11002
30864 -11006
30863 -11008
30862 -11010
30861 -11014
30859 -11017
30858 -11021
30857 -11023
30856 -11025
30855 -11029
30854 -11032
30853 -11036
30852 -11038
30851 -11040
30850 -11044
30848 -11047
30847 -11051
30846 -11053
30846 -11055
30845 -11059
30843 -11063
30842 -11067
30841 -11069
30841 -11071
30840 -11075
30838 -11075
30837 -11077
30836 -11081
30835 -11083
30835 -11085
30834 -11089
30832 -11092
30831 -11096
30830 -11098
30830 -11100
30829 -11104
30827 -11107
30826 -11111
30825 -11113
30824 -11115
30823 -11119
30822 -11123
30821 -11127
30820 -11129
30819 -11131
30818 -11135
30816 -11137
30815 -11141
30814 -11143
30813 -11145
30812 -11149
30811 -11153
30810 -11157
30809 -11159
30808 -11161
30807 -11165
30805 -11168
30804 -11172
30803 -11174
30803 -11176
30802 -11180
30800 -11183
30799 -11187
30798 -11189
30798 -11191
30797 -11195
30794 -11195
30793 -11197
30792 -11201
30791 -11203
30791 -11205
30790 -11209
30788 -11212
30787 -11216
30786 -11218
30786 -11220
30785 -11224
30783 -11227
30782 -11231
30781 -11233
30780 -11235
30779 -11239
30778 -11243
30777 -11247
30776 -11249
30775 -11251
30774 -11255
30772 -11257
30771 -11261
30770 -11263
30770 -11265
30769 -11269
30767 -11273
30766 -11277
30765 -11279
30764 -11281
30763 -11285
30761 -11288
30760 -11292
30759 -11294
30759 -11296
30758 -11300
30756 -11303
30755 -11307
30754 -11309
30753 -11311
30752 -11315
30750 -11315
30750 -11317
30749 -11321
30748 -11323
30747 -11325
30746 -11329
30744 -11333
30743 -11337
30742 -11339
30742 -11341
30741 -11345
30739 -11348
30738 -11352
30737 -11354
30736 -11356
30735 -11360
30733 -11363
30732 -11367
30731 -11369
30731 -11371
30730 -11375
30728 -11378
30727 -11382
30726 -11384
30725 -11386
30724 -11390
30722 -11394
30721 -11398
30720 -11400
30720 -11402
30719 -11406
30717 -11409
30716 -11413
30715 -11414
30714 -11416
30713 -11420
30711 -11424
30710 -11428
30709 -11429
30709 -11431
30708 -11435
30705 -11438
30704 -11442
30703 -11444
30703 -11446
30702 -11450
30700 -11453
30699 -11457
30698 -11459
30697 -11461
30696 -11465
30694 -11468
30693 -11472
30692 -11474
30692 -11476
30691 -11480
30689 -11483
30688 -11487
30687 -11489
30686 -11491
30685 -11495
30683 -11498
30682 -11502
30681 -11504
30681 -11506
30680 -11510
30678 -11513
30677 -11517
30676 -11519
30675 -11521
30674 -11525
30672 -11528
30671 -11532
30670 -11534
30670 -11536
30669 -11540
30667 -11543
30666 -11547
30665 -11549
30664 -11551
30663 -11555
30661 -11556
30661 -11558
30660 -11562
30659 -11564
30658 -11566
30657 -11570
30655 -11573
30654 -11577
30653 -11579
30653 -11581
30652 -11585
30650 -11588
30649 -11592
30648 -11594
30647 -11596
30646 -11600
30644 -11603
30643 -11607
30642 -11609
30642 -11611
30641 -11615
30638 -11618
30637 -11622
30636 -11624
30636 -11626
30635 -11630
30633 -11633
30632 -11637
30631 -11639
30630 -11641
30629 -11645
30627 -11648
30626 -11652
30625 -11654
30625 -11656
30624 -11660
30622 -11663
30621 -11667
30620 -11669
30619 -11671
30618 -11675
30616 -11676
30615 -11678
30614 -11682
30613 -11683
30613 -11685
30612 -11689
30610 -11693
30609 -11697
30608 -11698
30607 -11700
30606 -11704
30604 -11708
30603 -11712
30602 -11713
30602 -11715
30601 -11719
30599 -11723
30598 -11727
30597 -11728
30596 -11730
30595 -11734
30593 -11738
30592 -11742
30591 -11743
30590 -11745
30589 -11749
30587 -11753
30586 -11757
30585 -11758
30585 -11760
30584 -11764
30582 -11768
30581 -11772
30580 -11773
30579 -11775
30578 -11779
30576 -11783
30575 -11787
30574 -11788
30574 -11790
30573 -11794
30570 -11795
30570 -11797
30569 -11801
30568 -11803
30567 -11805
30566 -11809
30564 -11812
30563 -11816
30562 -11818
30562 -11820
30561 -11824
30558 -11827
30557 -11831
30556 -11833
30556 -11835
30555 -11839
30553 -11842
30552 -11846
30551 -11848
30550 -11850
30549 -11854
30547 -11857
30546 -11861
30545 -11863
30544 -11865
30543 -11869
30541 -11872
30540 -11876
30539 -11878
30539 -11880
30538 -11884
30535 -11887
30534 -11891
30533 -11893
30533 -11895
30532 -11899
30530 -11902
30529 -11906
30528 -11908
30527 -11910
30526 -11914
30523 -11916
30522 -11920
30521 -11922
30521 -11924
30520 -11928
30518 -11931
30517 -11935
30516 -11937
30515 -11939
30514 -11943
30512 -11946
30511 -11950
30510 -11952
30509 -11954
30508 -11958
30506 -11961
30505 -11965
30504 -11967
30504 -11969
30503 -11973
30500 -11976
30499 -11980
30498 -11982
30498 -11984
30497 -11988
30495 -11991
30494 -11995
30493 -11997
30492 -11999
30491 -12003
30489 -12006
30488 -12010
30487 -12012
30486 -12014
30485 -12018
30483 -12021
30482 -12025
30481 -12027
30481 -12029
30480 -12033
30477 -12034
30476 -12036
30475 -12040
30474 -12041
30474 -12043
30473 -12047
30471 -12051
30470 -12055
30469 -12056
30468 -12058
30467 -12062
30465 -12066
30464 -12070
30463 -12071
30462 -12073
30461 -12077
30459 -12081
30458 -12085
30457 -12086
30457 -12088
30456 -12092
30453 -12095
30452 -12099
30451 -12101
30450 -12103
30449 -12107
30447 -12110
30446 -12114
30445 -12116
30445 -12118
30444 -12122
30441 -12125
30440 -12129
30439 -12131
30439 -12133
30438 -12137
30436 -12140
30435 -12144
30434 -12146
30433 -12148
30432 -12152
30429 -12152
30428 -12154
30427 -12158
30426 -12159
30426 -12161
30425 -12165
30423 -12169
30422 -12173
30421 -12174
30420 -12176
30419 -12180
30417 -12184
30416 -12188
30415 -12189
30414 -12191
30413 -12195
30411 -12199
30410 -12203
30409 -12204
30409 -12206
30408 -12210
30405 -12213
30404 -12217
30403 -12219
30402 -12221
30401 -12225
30399 -12228
30398 -12232
30397 -12234
30397 -12236
30396 -12240
30393 -12243
30392 -12247
30391 -12249
30391 -12251
30390 -12255
30388 -12258
30387 -12262
30386 -12264
30385 -12266
30384 -12270
30382 -12271
30381 -12273
30380 -12277
30379 -12278
30379 -12280
30378 -12284
30376 -12288
30375 -12292
30374 -12293
30373 -12295
30372 -12299
30370 -12303
30368 -12307
30367 -12308
30367 -12310
30365 -12314
30364 -12318
30362 -12322
30361 -12323
30361 -12325
30359 -12329
30358 -12332
30356 -12336
30355 -12338
30355 -12340
30353 -12344
30352 -12347
30350 -12351
30349 -12353
30349 -12355
30347 -12359
30346 -12362
30344 -12366
30343 -12368
30343 -12370
30341 -12374
30340 -12377
30338 -12381
30337 -12383
30337 -12385
30335 -12389
30333 -12391
30332 -12395
30331 -12397
30330 -12399
30329 -12403
30327 -12406
30326 -12410
30325 -12412
30324 -12414
30323 -12418
30321 -12421
30320 -12425
30319 -12427
30318 -12429
30317 -12433
30315 -12436
30314 -12440
30313 -12442
30312 -12444
30311 -12448
30309 -12451
30308 -12455
30307 -12456
30306 -12458
30305 -12462
30303 -12466
30302 -12470
30301 -12471
30300 -12473
30299 -12477
30297 -12481
30296 -12485
30295 -12486
30294 -12488
30293 -12492
30291 -12496
30290 -12500
30289 -12501
30288 -12503
30287 -12507
30286 -12508
30285 -12510
30284 -12514
30283 -12515
30282 -12517
30281 -12521
30279 -12525
30278 -12529
30277 -12530
30276 -12532
30275 -12536
30273 -12540
30272 -12544
30271 -12545
30270 -12547
30269 -12551
30267 -12555
30266 -12559
30265 -12560
30264 -12562
30263 -12566
30261 -12569
30259 -12573
30258 -12575
30258 -12577
30256 -12581
30255 -12584
30253 -12588
30252 -12590
30252 -12592
30250 -12596
30249 -12599
30247 -12603
30246 -12605
30246 -12607
30244 -12611
30243 -12614
30241 -12618
30240 -12620
30240 -12622
30238 -12626
30236 -12626
30235 -12628
30234 -12632
30233 -12633
30232 -12635
30231 -12639
30229 -12643
30228 -12647
30227 -12648
30226 -12650
30225 -12654
30223 -12658
30222 -12662
30221 -12663
30220 -12665
30219 -12669
30217 -12673
30216 -12677
30215 -12678
30214 -12680
30213 -12684
30211 -12687
30209 -12691
30208 -12693
30208 -12695
30206 -12699
30205 -12702
30203 -12706
30202 -12708
30202 -12710
30200 -12714
30199 -12717
30197 -12721
30196 -12722
30196 -12724
30194 -12728
30193 -12732
30191 -12736
30190 -12737
30190 -12739
30188 -12743
30187 -12744
30186 -12746
30185 -12750
30184 -12752
30183 -12754
30182 -12758
30180 -12761
30179 -12765
30178 -12767
30177 -12769
30176 -12773
30174 -12776
30173 -12780
30172 -12781
30171 -12783
30170 -12787
30168 -12791
30167 -12795
30166 -12796
30165 -12798
30164 -12802
30161 -12805
30160 -12809
30159 -12811
30158 -12813
30157 -12817
30155 -12820
30154 -12824
30153 -12826
30152 -12828
30151 -12832
30149 -12835
30147 -12839
30146 -12840
30146 -12842
30144 -12846
30143 -12850
30141 -12854
30140 -12855
30140 -12857
30138 -12861
30136 -12864
30135 -12868
30134 -12869
30133 -12871
30132 -12875
30130 -12879
30129 -12883
30128 -12884
30127 -12886
30126 -12890
30124 -12893
30122 -12897
30121 -12899
30121 -12901
30119 -12905
30118 -12908
30116 -12912
30115 -12914
30115 -12916
30113 -12920
30111 -12923
30110 -12927
30109 -12928
30108 -12930
30107 -12934
30105 -12938
30104 -12942
30103 -12943
30102 -12945
30101 -12949
30099 -12952
30097 -12956
30096 -12958
30096 -12960
30094 -12964
30093 -12967
30091 -12971
30090 -12973
30090 -12975
30088 -12979
30086 -12980
30086 -12982
30084 -12986
30083 -12987
30083 -12989
30081 -12993
30080 -12997
30078 -13001
30077 -13002
30077 -13004
30075 -13008
30073 -13011
30072 -13015
30071 -13017
30070 -13019
30069 -13023
30067 -13026
30066 -13030
30065 -13032
30064 -13034
30063 -13038
30061 -13041
30059 -13045
30058 -13046
30058 -13048
30056 -13052
30055 -13056
30053 -13060
30052 -13061
30052 -13063
30050 -13067
30048 -13070
30047 -13074
30046 -13076
30045 -13078
30044 -13082
30042 -13085
30041 -13089
30040 -13091
30039 -13093
30038 -13097
30035 -13096
30034 -13098
30033 -13102
30032 -13104
30031 -13106
30030 -13110
30028 -13113
30027 -13117
30026 -13119
30025 -13121
30024 -13125
30022 -13128
30020 -13132
30019 -13133
30019 -13135
30017 -13139
30016 -13143
30014 -13147
30013 -13148
30013 -13150
30011 -13154
30009 -13157
30007 -13161
30006 -13163
30006 -13165
30004 -13169
30003 -13172
30001 -13176
30000 -13178
30000 -13180
29998 -13184
29996 -13187
29995 -13191
29994 -13192
29993 -13194
29992 -13198
29990 -13202
29989 -13206
29988 -13207
29987 -13209
29986 -13213
29983 -13214
29983 -13216
29981 -13220
29980 -13221
29980 -13223
29978 -13227
29977 -13231
29975 -13235
29974 -13236
29974 -13238
29972 -13242
29970 -13245
29969 -13249
29968 -13251
29967 -13253
29966 -13257
29964 -13260
29963 -13264
29962 -13266
29961 -13268
29960 -13272
29957 -13275
29956 -13279
29955 -13280
29954 -13282
29953 -13286
29951 -13290
29950 -13294
29949 -13295
29948 -13297
29947 -13301
29945 -13304
29944 -13308
29943 -13310
29942 -13312
29941 -13316
29939 -13319
29937 -13323
29936 -13325
29936 -13327
29934 -13331
29932 -13333
29930 -13337
29929 -13338
29929 -13340
29927 -13344
29925 -13348
29924 -13352
29923 -13353
29922 -13355
29921 -13359
29919 -13362
29917 -13366
29916 -13368
29916 -13370
29914 -13374
29912 -13377
29911 -13381
29910 -13383
29909 -13385
29908 -13389
29906 -13391
29904 -13395
29903 -13397
29903 -13399
29901 -13403
29899 -13406
29898 -13410
29897 -13412
29896 -13414
29895 -13418
29893 -13421
29891 -13425
29890 -13426
29890 -13428
29888 -13432
29886 -13436
29885 -13440
29884 -13441
29883 -13443
29882 -13447
29880 -13448
29879 -13450
29878 -13454
29877 -13455
29876 -13457
29875 -13461
29873 -13465
29871 -13469
29870 -13470
29870 -13472
29868 -13476
29866 -13479
29865 -13483
29864 -13485
29863 -13487
29862 -13491
29860 -13494
29858 -13498
29857 -13500
29857 -13502
29855 -13506
29853 -13508
29852 -13512
29851 -13514
29850 -13516
29849 -13520
29847 -13523
29845 -13527
29844 -13529
29844 -13531
29842 -13535
29840 -13538
29839 -13542
29838 -13543
29837 -13545
29836 -13549
29834 -13553
29832 -13557
29831 -13558
29831 -13560
29829 -13564
29827 -13564
29826 -13566
29825 -13570
29824 -13572
29823 -13574
29822 -13578
29820 -13581
29818 -13585
29817 -13587
29817 -13589
29815 -13593
29813 -13596
29812 -13600
29811 -13601
29810 -13603
29809 -13607
29807 -13611
29805 -13615
29804 -13616
29804 -13618
29802 -13622
29800 -13625
29798 -13629
29797 -13630
29797 -13632
29795 -13636
29793 -13640
29792 -13644
29791 -13645
29790 -13647
29789 -13651
29787 -13654
29785 -13658
29784 -13660
29784 -13662
29782 -13666
29780 -13669
29779 -13673
29778 -13675
29777 -13677
29776 -13681
29774 -13681
29773 -13683
29772 -13687
29771 -13688
29770 -13690
29769 -13694
29767 -13698
29765 -13702
29764 -13703
29764 -13705
29762 -13709
29760 -13712
29759 -13716
29758 -13718
29757 -13720
29756 -13724
29754 -13727
29752 -13731
29751 -13733
29751 -13735
29749 -13739
29747 -13741
29745 -13745
29744 -13747
29744 -13749
29742 -13753
29740 -13756
29739 -13760
29738 -13762
29737 -13764
29736 -13768
29734 -13771
29732 -13775
29731 -13776
29731 -13778
29729 -13782
29727 -13786
29726 -13790
29725 -13791
29724 -13793
29723 -13797
29720 -13799
29718 -13803
29717 -13805
29717 -13807
29715 -13811
29713 -13814
29712 -13818
29711 -13820
29710 -13822
29709 -13826
29706 -13829
29705 -13833
29704 -13834
29703 -13836
29702 -13840
29700 -13844
29698 -13848
29697 -13849
29697 -13851
29695 -13855
29693 -13858
29691 -13862
29690 -13863
29690 -13865
29688 -13869
29686 -13872
29685 -13876
29684 -13878
29683 -13880
29682 -13884
29679 -13887
29678 -13891
29677 -13892
29676 -13894
29675 -13898
29673 -13901
29671 -13905
29670 -13907
29670 -13909
29668 -13913
29666 -13914
29666 -13916
29664 -13920
29663 -13921
29663 -13923
29661 -13927
29659 -13930
29658 -13934
29657 -13936
29656 -13938
29655 -13942
29652 -13945
29651 -13949
29650 -13950
29649 -13952
29648 -13956
29646 -13959
29644 -13963
29643 -13965
29643 -13967
29641 -13971
29639 -13974
29637 -13978
29636 -13979
29636 -13981
29634 -13985
29632 -13988
29631 -13992
29630 -13994
29629 -13996
29628 -14000
29625 -14003
29624 -14007
29623 -14008
29622 -14010
29621 -14014
29619 -14017
29617 -14021
29616 -14023
29616 -14025
29612 -14027
29611 -14031
29610 -14032
29609 -14034
29608 -14038
29606 -14041
29604 -14045
29603 -14047
29603 -14049
29601 -14053
29599 -14056
29597 -14060
29596 -14061
29596 -14063
29594 -14067
29592 -14070
29591 -14074
29590 -14076
29589 -14078
29588 -14082
29585 -14085
29583 -14089
29582 -14090
29582 -14092
29580 -14096
29578 -14099
29577 -14103
29576 -14105
29575 -14107
29574 -14111
29571 -14114
29570 -14118
29569 -14119
29568 -14121
29567 -14125
29565 -14128
29563 -14132
29562 -14134
29562 -14136
29560 -14140
29558 -14140
29557 -14142
29556 -14146
29555 -14148
29554 -14150
29553 -14154
29551 -14157
29549 -14161
29548 -14162
29548 -14164
29546 -14168
29544 -14171
29542 -14175
29541 -14177
29541 -14179
29539 -14183
29537 -14186
29536 -14190
29535 -14191
29534 -14193
29533 -14197
29530 -14200
29528 -14204
29527 -14206
29527 -14208
29525 -14212
29523 -14215
29522 -14219
29521 -14220
29520 -14222
29519 -14226
29516 -14229
29515 -14233
29514 -14235
29513 -14237
29512 -14241
29510 -14244
29508 -14248
29507 -14249
29507 -14251
29505 -14255
29502 -14257
29500 -14261
29499 -14263
29499 -14265
29497 -14269
29495 -14272
29494 -14276
29493 -14277
29492 -14279
29491 -14283
29488 -14286
29487 -14290
29486 -14292
29485 -14294
29484 -14298
29482 -14301
29480 -14305
29479 -14306
29479 -14308
29477 -14312
29474 -14315
29473 -14319
29472 -14321
29471 -14323
29470 -14327
29468 -14330
29466 -14334
29465 -14335
29465 -14337
29463 -14341
29461 -14344
29459 -14348
29458 -14350
29457 -14352
29456 -14356
29454 -14359
29452 -14363
29451 -14364
29450 -14366
29449 -14370
29447 -14371
29447 -14373
29445 -14377
29444 -14378
29443 -14380
29442 -14384
29440 -14387
29438 -14391
29437 -14393
29436 -14395
29435 -14399
29433 -14402
29431 -14406
29430 -14407
29429 -14409
29428 -14413
29426 -14416
29424 -14420
29423 -14422
29422 -14424
29421 -14428
29419 -14430
29417 -14434
29416 -14436
29415 -14438
29414 -14442
29412 -14445
29410 -14449
29409 -14450
29408 -14452
29407 -14456
29405 -14459
29403 -14463
29402 -14465
29401 -14467
29400 -14471
29398 -14474
29396 -14478
29395 -14479
29394 -14481
29393 -14485
29390 -14485
29390 -14487
29388 -14491
29387 -14493
29386 -14495
29385 -14499
29383 -14502
29381 -14506
29380 -14507
29379 -14509
29378 -14513
29376 -14516
29374 -14520
29373 -14522
29372 -14524
29371 -14528
29369 -14531
29367 -14535
29366 -14536
29365 -14538
29364 -14542
29362 -14545
29360 -14549
29359 -14550
29358 -14552
29357 -14556
29355 -14559
29353 -14563
29352 -14565
29351 -14567
29350 -14571
29348 -14574
29346 -14578
29345 -14579
29344 -14581
29343 -14585
29341 -14588
29339 -14592
29338 -14594
29337 -14596
29336 -14600
29334 -14600
29333 -14602
29332 -14606
29330 -14608
29330 -14610
29328 -14614
29326 -14617
29325 -14621
29323 -14622
29323 -14624
29321 -14628
29319 -14631
29318 -14635
29316 -14637
29316 -14639
29314 -14643
29312 -14646
29311 -14650
29309 -14651
29309 -14653
29307 -14657
29305 -14660
29303 -14664
29302 -14665
29301 -14667
29300 -14671
29298 -14674
29296 -14678
29295 -14680
29294 -14682
29293 -14686
29291 -14689
29289 -14693
29288 -14694
29287 -14696
29286 -14700
29284 -14703
29282 -14707
29281 -14709
29280 -14711
29279 -14715
29276 -14717
29274 -14721
29273 -14722
29272 -14724
29271 -14728
29269 -14731
29267 -14735
29266 -14737
29265 -14739
29264 -14743
29262 -14746
29260 -14750
29259 -14751
29258 -14753
29257 -14757
29255 -14760
29253 -14764
29252 -14766
29251 -14768
29250 -14772
29247 -14774
29246 -14778
29244 -14780
29244 -14782
29242 -14786
29240 -14789
29239 -14793
29237 -14794
29237 -14796
29235 -14800
29233 -14803
29232 -14807
29230 -14809
29230 -14811
29228 -14815
29226 -14818
29225 -14822
29223 -14823
29223 -14825
29221 -14829
29219 -14829
29219 -14831
29217 -14835
29216 -14837
29215 -14839
29214 -14843
29212 -14846
29210 -14850
29209 -14851
29208 -14853
29207 -14857
29204 -14860
29203 -14864
29201 -14866
29201 -14868
29199 -14872
29197 -14875
29196 -14879
29194 -14880
29194 -14882
29192 -14886
29190 -14889
29188 -14893
29187 -14894
29186 -14896
29185 -14900
29183 -14903
29181 -14907
29180 -14909
29179 -14911
29178 -14915
29175 -14917
29174 -14921
29172 -14923
29172 -14925
29170 -14929
29168 -14932
29167 -14936
29165 -14937
29165 -14939
29163 -14943
29161 -14943
29160 -14945
29159 -14949
29157 -14951
29157 -14953
29155 -14957
29153 -14960
29152 -14964
29150 -14965
29150 -14967
29148 -14971
29146 -14974
29144 -14978
29143 -14979
29142 -14981
29141 -14985
29139 -14988
29137 -14992
29136 -14994
29135 -14996
29134 -15000
29131 -15002
29130 -15006
29128 -15008
29128 -15010
29126 -15014
29124 -15017
29123 -15021
29121 -15022
29121 -15024
29119 -15028
29117 -15031
29115 -15035
29114 -15036
29113 -15038
29112 -15042
29110 -15045
29108 -15049
29107 -15051
29106 -15053
29105 -15057
29102 -15057
29102 -15059
29100 -15063
29099 -15065
29098 -15067
29097 -15071
29095 -15074
29093 -15078
29092 -15079
29091 -15081
29090 -15085
29087 -15088
29086 -15092
29084 -15093
29084 -15095
29082 -15099
29080 -15102
29079 -15106
29077 -15108
29077 -15110
29075 -15114
29072 -15116
29071 -15120
29069 -15122
29069 -15124
29067 -15128
29065 -15131
29064 -15135
29062 -15136
29062 -15138
29060 -15142
29058 -15145
29056 -15149
29055 -15150
29054 -15152
29053 -15156
29051 -15159
29049 -15163
29048 -15165
29047 -15167
29046 -15171
29042 -15172
29041 -15176
29039 -15178
29039 -15180
29037 -15184
29035 -15187
29034 -15191
29032 -15192
29032 -15194
29030 -15198
29028 -15201
29026 -15205
29025 -15206
29024 -15208
29023 -15212
29021 -15215
29019 -15219
29018 -15221
29017 -15223
29016 -15227
29013 -15229
29011 -15233
29010 -15235
29009 -15237
29008 -15241
29006 -15244
29004 -15248
29003 -15249
29002 -15251
29001 -15255
28998 -15258
28997 -15262
28995 -15263
28995 -15265
28993 -15269
28991 -15272
28990 -15276
28988 -15278
28988 -15280
28986 -15284
28983 -15284
28983 -15286
28981 -15290
28980 -15291
28979 -15293
28978 -15297
28976 -15300
28974 -15304
28973 -15306
28972 -15308
28971 -15312
28968 -15314
28967 -15318
28965 -15320
28965 -15322
28963 -15326
28961 -15329
28960 -15333
28958 -15334
28958 -15336
28956 -15340
28954 -15343
28952 -15347
28951 -15348
28950 -15350
28949 -15354
28947 -15357
28945 -15361
28944 -15363
28943 -15365
28942 -15369
28939 -15371
28937 -15375
28936 -15377
28935 -15379
28934 -15383
28931 -15386
28930 -15390
28928 -15391
28928 -15393
28926 -15397
28924 -15397
28923 -15399
28922 -15403
28920 -15404
28920 -15406
28918 -15410
28916 -15413
28914 -15417
28913 -15419
28912 -15421
28911 -15425
28908 -15427
28907 -15431
28905 -15433
28905 -15435
28903 -15439
28901 -15442
28899 -15446
28898 -15447
28897 -15449
28896 -15453
28893 -15455
28892 -15459
28890 -15461
28890 -15463
28888 -15467
28886 -15470
28884 -15474
28883 -15475
28882 -15477
28881 -15481
28878 -15484
28877 -15488
28875 -15489
28875 -15491
28873 -15495
28871 -15498
28869 -15502
28868 -15504
28867 -15506
28866 -15510
28863 -15510
28863 -15512
28861 -15516
28860 -15517
28859 -15519
28858 -15523
28855 -15526
28854 -15530
28852 -15532
28852 -15534
28850 -15538
28848 -15540
28846 -15544
28845 -15546
28844 -15548
28843 -15552
28840 -15555
28839 -15559
28837 -15560
28837 -15562
28835 -15566
28833 -15568
28831 -15572
28830 -15574
28829 -15576
28828 -15580
28825 -15583
28824 -15587
28822 -15588
28822 -15590
28820 -15594
28818 -15597
28816 -15601
28815 -15602
28814 -15604
28813 -15608
28810 -15611
28809 -15615
28807 -15617
28807 -15619
28805 -15623
28802 -15624
28800 -15628
28799 -15630
28798 -15632
28797 -15636
28794 -15639
28793 -15643
28791 -15644
28791 -15646
28789 -15650
28787 -15653
28785 -15657
28784 -15658
28783 -15660
28782 -15664
28779 -15667
28778 -15671
28776 -15673
28776 -15675
28774 -15679
28771 -15681
28770 -15685
28768 -15686
28768 -15688
28766 -15692
28764 -15695
28762 -15699
28761 -15701
28760 -15703
28759 -15707
28756 -15709
28755 -15713
28753 -15715
28753 -15717
28751 -15721
28749 -15724
28747 -15728
28746 -15729
28745 -15731
28744 -15735
28741 -15735
28741 -15737
28739 -15741
28738 -15742
28737 -15744
28736 -15748
28733 -15751
28732 -15755
28730 -15757
28730 -15759
28728 -15763
28726 -15765
28724 -15769
28723 -15771
28722 -15773
28721 -15777
28718 -15780
28717 -15784
28715 -15785
28715 -15787
28713 -15791
28710 -15793
28709 -15797
28707 -15799
28707 -15801
28705 -15805
28703 -15808
28701 -15812
28700 -15813
28699 -15815
28698 -15819
28695 -15822
28694 -15826
28692 -15827
28692 -15829
28690 -15833
28688 -15836
28686 -15840
28685 -15842
28684 -15844
28683 -15848
28680 -15846
28679 -15848
28678 -15852
28676 -15853
28676 -15855
28674 -15859
28672 -15863
28670 -15866
28669 -15868
28668 -15870
28667 -15873
28664 -15877
28662 -15880
28661 -15882
28660 -15884
28659 -15887
28656 -15891
28655 -15894
28653 -15896
28653 -15898
28651 -15901
28648 -15905
28647 -15908
28645 -15910
28645 -15912
28643 -15915
28641 -15919
28639 -15922
28638 -15924
28637 -15926
28636 -15929
28633 -15933
28631 -15936
28630 -15938
28629 -15940
28628 -15943
28625 -15947
28624 -15950
28622 -15952
28622 -15954
28620 -15957
28618 -15959
28617 -15961
28616 -15964
28614 -15966
28614 -15968
28612 -15971
28610 -15975
28608 -15978
28607 -15980
28606 -15982
28605 -15985
28602 -15989
28600 -15992
28599 -15994
28598 -15996
28597 -15999
28594 -16003
28593 -16006
28591 -16008
28591 -16010
28589 -16013
28586 -16017
28585 -16020
28583 -16022
28583 -16024
28581 -16027
28579 -16031
28577 -16034
28576 -16036
28575 -16038
28574 -16041
28571 -16045
28569 -16048
28568 -16050
28567 -16052
28566 -16055
28563 -16059
28562 -16062
28560 -16064
28560 -16066
28558 -16069
28554 -16072
28553 -16076
28551 -16077
28551 -16079
28549 -16083
28547 -16086
28545 -16090
28544 -16091
28543 -16093
28542 -16097
28539 -16100
28537 -16104
28536 -16105
28535 -16107
28534 -16111
28531 -16114
28530 -16118
28528 -16119
28528 -16121
28526 -16125
28523 -16128
28522 -16132
28520 -16133
28520 -16135
28518 -16139
28516 -16142
28514 -16146
28513 -16147
28512 -16149
28511 -16153
28508 -16156
28506 -16160
28505 -16161
28504 -16163
28503 -16167
28500 -16170
28499 -16174
28497 -16175
28497 -16177
28495 -16181
28492 -16182
28491 -16184
28490 -16187
28488 -16189
28488 -16191
28486 -16194
28484 -16198
28482 -16201
28481 -16203
28480 -16205
28479 -16208
28476 -16212
28474 -16215
28473 -16217
28472 -16219
28471 -16222
28468 -16226
28467 -16229
28465 -16231
28465 -16233
28463 -16236
28460 -16240
28458 -16243
28457 -16245
28456 -16247
28455 -16250
28452 -16254
28451 -16257
28449 -16259
28449 -16261
28447 -16264
28444 -16268
28443 -16271
28441 -16273
28441 -16275
28439 -16278
28437 -16282
28435 -16285
28434 -16287
28433 -16289
28432 -16292
28428 -16293
28428 -16295
28426 -16298
28425 -16300
28424 -16302
28423 -16305
28420 -16309
28419 -16312
28417 -16314
28417 -16316
28415 -16319
28412 -16323
28411 -16326
28409 -16328
28409 -16330
28407 -16333
28405 -16337
28403 -16340
28402 -16342
28401 -16344
28400 -16347
28396 -16350
28395 -16354
28393 -16355
28393 -16357
28391 -16361
28389 -16364
28387 -16368
28386 -16369
28385 -16371
28384 -16375
28381 -16378
28379 -16382
28379 -16383
28378 -16385
28376 -16389
28373 -16392
28371 -16396
28370 -16397
28369 -16399
28367 -16403
28366 -16404
28365 -16406
28363 -16409
28362 -16411
28361 -16413
28359 -16416
28357 -16420
28355 -16423
28354 -16425
28353 -16427
28351 -16430
28349 -16434
28347 -16437
28346 -16439
28345 -16441
28343 -16444
28341 -16448
28339 -16451
28338 -16453
28337 -16455
28335 -16458
28333 -16461
28331 -16465
28330 -16466
28329 -16468
28327 -16472
28325 -16475
28323 -16479
28322 -16480
28321 -16482
28319 -16486
28317 -16489
28315 -16493
28314 -16494
28313 -16496
28311 -16500
28309 -16503
28307 -16507
28306 -16508
28305 -16510
28303 -16514
28300 -16517
28298 -16520
28297 -16522
28296 -16524
28294 -16527
28292 -16531
28290 -16534
28289 -16536
28288 -16538
28286 -16541
28284 -16545
28282 -16548
28281 -16550
28280 -16552
28278 -16555
28276 -16559
28274 -16562
28273 -16564
28272 -16566
28270 -16569
28268 -16572
28266 -16576
28265 -16577
28264 -16579
28262 -16583
28260 -16586
28258 -16590
28257 -16591
28256 -16593
28254 -16597
28252 -16600
28250 -16604
28249 -16605
28248 -16607
28246 -16611
28244 -16614
28242 -16618
28241 -16619
28240 -16621
28238 -16625
28237 -16625
28236 -16627
28234 -16631
28233 -16632
28232 -16634
28230 -16638
28228 -16641
28226 -16645
28225 -16646
28224 -16648
28222 -16652
28220 -16655
28218 -16659
28217 -16660
28216 -16662
28214 -16666
28212 -16669
28210 -16673
28209 -16674
28208 -16676
28206 -16680
28203 -16683
28201 -16686
28200 -16688
28199 -16690
28197 -16693
28195 -16697
28193 -16700
28192 -16702
28191 -16704
28189 -16707
28187 -16711
28185 -16714
28184 -16716
28183 -16718
28181 -16721
28179 -16725
28177 -16728
28176 -16730
28175 -16732
28173 -16735
28171 -16735
28170 -16737
28168 -16740
28167 -16742
28166 -16744
28164 -16747
28162 -16751
28160 -16754
28159 -16756
28158 -16758
28156 -16761
28154 -16764
28152 -16768
28151 -16769
28150 -16771
28148 -16775
28146 -16778
28144 -16782
28143 -16783
28142 -16785
28140 -16789
28138 -16792
28136 -16795
28135 -16797
28134 -16799
28132 -16802
28130 -16806
28128 -16809
28127 -16811
28126 -16813
28124 -16816
28122 -16819
28120 -16823
28119 -16824
28118 -16826
28116 -16830
28114 -16833
28112 -16837
28111 -16838
28110 -16840
28108 -16844
28106 -16845
28105 -16847
28103 -16850
28102 -16852
28101 -16854
28099 -16857
28097 -16861
28095 -16864
28094 -16866
28093 -16868
28091 -16871
28089 -16874
28087 -16878
28086 -16879
28085 -16881
28083 -16885
28081 -16888
28079 -16892
28078 -16893
28077 -16895
28075 -16899
28072 -16902
28070 -16905
28069 -16907
28068 -16909
28066 -16912
28064 -16916
28062 -16919
28061 -16921
28060 -16923
28058 -16926
28056 -16929
28054 -16933
28053 -16934
28052 -16936
28050 -16940
28048 -16943
28046 -16947
28045 -16948
28044 -16950
28042 -16954
28039 -16957
28037 -16960
28036 -16962
28035 -16964
28033 -16967
28031 -16971
28029 -16974
28028 -16976
28027 -16978
28025 -16981
28023 -16984
28021 -16988
28020 -16989
28019 -16991
28017 -16995
28015 -16998
28013 -17002
28012 -17003
28011 -17005
28009 -17009
28006 -17012
28004 -17015
28003 -17017
28002 -17019
28000 -17022
27998 -17026
27996 -17029
27995 -17031
27994 -17033
27992 -17036
27990 -17039
27988 -17043
27987 -17044
27986 -17046
27984 -17050
27982 -17053
27980 -17057
27979 -17058
27978 -17060
27976 -17064
27974 -17064
27973 -17066
27971 -17070
27970 -17071
27969 -17073
27967 -17077
27965 -17080
27963 -17084
27962 -17085
27961 -17087
27959 -17091
27956 -17094
27954 -17097
27953 -17099
27952 -17101
27950 -17104
27948 -17108
27946 -17111
27945 -17113
27944 -17115
27942 -17118
27940 -17121
27938 -17125
27937 -17126
27936 -17128
27934 -17132
27932 -17135
27930 -17139
27929 -17140
27928 -17142
27926 -17146
27923 -17149
27921 -17152
27920 -17154
27919 -17156
27917 -17159
27915 -17163
27913 -17166
27912 -17168
27911 -17170
27909 -17173
27907 -17173
27906 -17175
27904 -17179
27903 -17180
27902 -17182
27900 -17186
27898 -17189
27896 -17193
27895 -17194
27894 -17196
27892 -17200
27889 -17203
27887 -17206
27886 -17208
27885 -17210
27883 -17213
27881 -17217
27879 -17220
27878 -17222
27877 -17224
27875 -17227
27872 -17230
27870 -17233
27869 -17235
27868 -17237
27866 -17240
27864 -17244
27862 -17247
27861 -17249
27860 -17251
27858 -17254
27856 -17257
27854 -17261
27853 -17262
27852 -17264
27850 -17268
27848 -17271
27846 -17275
27845 -17276
27844 -17278
27842 -17282
27839 -17282
27838 -17284
27836 -17288
27835 -17289
27834 -17291
27832 -17295
27830 -17298
27828 -17302
27827 -17303
27826 -17305
27824 -17309
27822 -17312
27820 -17315
27819 -17317
27818 -17319
27816 -17322
27814 -17326
27812 -17329
27811 -17331
27810 -17333
27808 -17336
27805 -17339
27803 -17342
27802 -17344
27801 -17346
27799 -17349
27797 -17353
27795 -17356
27794 -17358
27793 -17360
27791 -17363
27788 -17366
27786 -17370
27785 -17371
27784 -17373
27782 -17377
27780 -17380
27778 -17384
27777 -17385
27776 -17387
27774 -17391
27771 -17393
27769 -17396
27768 -17398
27767 -17400
27765 -17403
27763 -17407
27761 -17410
27760 -17412
27759 -17414
27757 -17417
27754 -17420
27752 -17424
27751 -17425
27750 -17427
27748 -17431
27746 -17434
27744 -17438
27743 -17439
27742 -17441
27740 -17445
27737 -17447
27735 -17451
27734 -17452
27733 -17454
27731 -17458
27729 -17461
27727 -17465
27726 -17466
27725 -17468
27723 -17472
27720 -17475
27718 -17478
27717 -17480
27716 -17482
27714 -17485
27712 -17489
27710 -17492
27709 -17494
27708 -17496
27706 -17499
27704 -17499
27703 -17501
27701 -17505
27700 -17506
27699 -17508
27697 -17512
27695 -17515
27693 -17519
27692 -17520
27691 -17522
27689 -17526
27686 -17529
27684 -17532
27683 -17534
27682 -17536
27680 -17539
27678 -17543
27676 -17546
27675 -17548
27674 -17550
27672 -17553
27669 -17556
27667 -17559
27666 -17561
27665 -17563
27663 -17566
27661 -17570
27659 -17573
27658 -17575
27657 -17577
27655 -17580
27652 -17583
27650 -17587
27649 -17588
27648 -17590
27644 -17592
27642 -17595
27641 -17597
27640 -17599
27638 -17602
27635 -17605
27633 -17609
27632 -17610
27631 -17612
27629 -17616
27627 -17619
27625 -17622
27624 -17624
27623 -17626
27621 -17629
27618 -17632
27616 -17636
27615 -17637
27614 -17639
27612 -17643
27610 -17646
27608 -17649
27607 -17651
27606 -17653
27604 -17656
27601 -17659
27599 -17663
27598 -17664
27597 -17666
27595 -17670
27593 -17673
27591 -17676
27590 -17678
27589 -17680
27587 -17683
27585 -17684
27584 -17686
27582 -17690
27581 -17691
27580 -17693
27578 -17697
27575 -17700
27573 -17703
27572 -17705
27571 -17707
27569 -17710
27567 -17713
27565 -17717
27564 -17718
27563 -17720
27561 -17724
27558 -17727
27556 -17730
27555 -17732
27554 -17734
27552 -17737
27549 -17740
27547 -17744
27546 -17745
27545 -17747
27543 -17751
27541 -17754
27539 -17757
27538 -17759
27537 -17761
27535 -17764
27532 -17767
27530 -17771
27529 -17772
27528 -17774
27526 -17778
27524 -17781
27522 -17784
27521 -17786
27520 -17788
27518 -17791
27514 -17794
27512 -17797
27511 -17799
27510 -17801
27508 -17804
27505 -17807
27503 -17811
27502 -17812
27501 -17814
27499 -17818
27497 -17821
27495 -17824
27494 -17826
27493 -17828
27491 -17831
27488 -17834
27486 -17838
27485 -17839
27484 -17841
27482 -17845
27479 -17848
27477 -17851
27476 -17853
27475 -17855
27473 -17858
27471 -17861
27469 -17865
27468 -17866
27467 -17868
27465 -17872
27462 -17875
27460 -17878
27459 -17880
27458 -17882
27456 -17885
27454 -17888
27452 -17892
27451 -17893
27450 -17895
27448 -17899
27446 -17899
27445 -17901
27443 -17905
27442 -17906
27441 -17908
27439 -17912
27436 -17915
27434 -17918
27433 -17920
27432 -17922
27430 -17925
27427 -17928
27425 -17932
27424 -17933
27423 -17935
27421 -17939
27419 -17942
27417 -17945
27416 -17947
27415 -17949
27413 -17952
27410 -17955
27408 -17959
27407 -17960
27406 -17962
27404 -17966
27401 -17969
27399 -17972
27398 -17974
27397 -17976
27395 -17979
27392 -17982
27390 -17986
27389 -17987
27388 -17989
27386 -17993
27384 -17996
27382 -17999
27381 -18001
27380 -18003
27378 -18006
27375 -18006
27374 -18008
27372 -18012
27371 -18013
27370 -18015
27368 -18019
27366 -18022
27364 -18025
27363 -18027
27362 -18029
27360 -18032
27357 -18035
27355 -18039
27354 -18040
27353 -18042
27351 -18046
27348 -18049
27346 -18052
27345 -18054
27344 -18056
27342 -18059
27339 -18062
27337 -18065
27336 -18067
27335 -18069
27333 -18072
27331 -18075
27329 -18079
27328 -18080
27327 -18082
27325 -18086
27322 -18089
27320 -18092
27319 -18094
27318 -18096
27316 -18099
27313 -18102
27311 -18106
27310 -18107
27309 -18109
27307 -18113
27305 -18113
27304 -18115
27302 -18119
27301 -18120
27300 -18122
27298 -18126
27295 -18129
27293 -18132
27292 -18134
27291 -18136
27289 -18139
27286 -18142
27284 -18146
27283 -18147
27282 -18149
27280 -18153
27278 -18156
27276 -18159
27275 -18161
27274 -18163
27272 -18166
27269 -18169
27267 -18172
27266 -18174
27265 -18176
27263 -18179
27260 -18182
27258 -18186
27257 -18187
27256 -18189
27254 -18193
27251 -18196
27249 -18199
27248 -18201
27247 -18203
27245 -18206
27243 -18209
27241 -18213
27240 -18214
27239 -18216
27237 -18220
27233 -18221
27231 -18225
27230 -18226
27229 -18228
27227 -18232
27225 -18235
27223 -18238
27222 -18240
27221 -18242
27219 -18245
27216 -18248
27214 -18252
27213 -18253
27212 -18255
27210 -18259
27207 -18262
27205 -18265
27204 -18267
27203 -18269
27201 -18272
27198 -18275
27196 -18278
27195 -18280
27194 -18282
27192 -18285
27189 -18288
27187 -18292
27186 -18293
27185 -18295
27183 -18299
27180 -18302
27178 -18305
27177 -18307
27176 -18309
27174 -18312
27172 -18315
27170 -18319
27169 -18320
27168 -18322
27166 -18326
27163 -18326
27162 -18328
27160 -18332
27159 -18333
27158 -18335
27156 -18339
27153 -18342
27151 -18345
27150 -18347
27149 -18349
27147 -18352
27144 -18355
27142 -18359
27141 -18360
27140 -18362
27138 -18366
27136 -18369
27134 -18372
27133 -18374
27132 -18376
27130 -18379
27126 -18381
27124 -18385
27123 -18386
27122 -18388
27120 -18392
27118 -18395
27116 -18398
27115 -18400
27114 -18402
27112 -18405
27109 -18408
27107 -18411
27106 -18413
27105 -18415
27103 -18418
27100 -18421
27098 -18425
27097 -18426
27096 -18428
27094 -18432
27091 -18431
27090 -18433
27088 -18437
27087 -18438
27086 -18440
27084 -18444
27081 -18447
27079 -18450
27078 -18452
27077 -18454
27075 -18457
27072 -18460
27070 -18463
27069 -18465
27068 -18467
27066 -18470
27063 -18473
27061 -18477
27060 -18478
27059 -18480
27057 -18484
27054 -18486
27052 -18490
27051 -18491
27050 -18493
27048 -18497
27045 -18500
27043 -18503
27042 -18505
27041 -18507
27039 -18510
27036 -18513
27034 -18516
27033 -18518
27032 -18520
27030 -18523
27027 -18526
27025 -18530
27024 -18531
27023 -18533
27021 -18537
27019 -18537
27018 -18539
27016 -18543
27015 -18544
27014 -18546
27012 -18550
27009 -18553
27007 -18556
27006 -18558
27005 -18560
27003 -18563
27000 -18566
26998 -18569
26997 -18571
26996 -18573
26994 -18576
26991 -18579
26989 -18583
26988 -18584
26987 -18586
26985 -18590
26982 -18592
26980 -18596
26979 -18597
26978 -18599
26976 -18603
26973 -18606
26971 -18609
26970 -18611
26969 -18613
26967 -18616
26964 -18619
26962 -18622
26961 -18624
26960 -18626
26958 -18629
26955 -18632
26953 -18636
26952 -18637
26951 -18639
26949 -18643
26946 -18645
26944 -18648
26942 -18650
26941 -18652
26939 -18655
26937 -18658
26935 -18662
26933 -18663
26932 -18665
26930 -18669
26928 -18671
26926 -18675
26924 -18676
26923 -18678
26921 -18682
26919 -18685
26917 -18688
26915 -18690
26914 -18692
26912 -18695
26909 -18698
26907 -18701
26906 -18703
26905 -18705
26903 -18708
26900 -18711
26898 -18715
26897 -18716
26896 -18718
26894 -18722
26891 -18724
26889 -18728
26888 -18729
26887 -18731
26885 -18735
26882 -18738
26880 -18741
26879 -18743
26878 -18745
26876 -18748
26874 -18748
26873 -18750
26871 -18753
26869 -18755
26868 -18757
26866 -18760
26864 -18763
26862 -18767
26860 -18768
26859 -18770
26857 -18774
26855 -18776
26853 -18780
26851 -18781
26850 -18783
26848 -18787
26846 -18790
26844 -18793
26842 -18795
26841 -18797
26839 -18800
26836 -18802
26834 -18806
26833 -18807
26832 -18809
26830 -18813
26827 -18816
26825 -18819
26824 -18821
26823 -18823
26821 -18826
26818 -18829
26816 -18832
26815 -18834
26814 -18836
26812 -18839
26809 -18842
26807 -18846
26806 -18847
26805 -18849
26803 -18853
26800 -18852
26799 -18854
26797 -18858
26795 -18859
26794 -18861
26792 -18865
26790 -18868
26788 -18871
26786 -18873
26785 -18875
26783 -18878
26781 -18881
26779 -18884
26777 -18886
26776 -18888
26774 -18891
26772 -18894
26770 -18898
26768 -18899
26767 -18901
26765 -18905
26762 -18907
26760 -18910
26759 -18912
26758 -18914
26756 -18917
26753 -18920
26751 -18924
26750 -18925
26749 -18927
26747 -18931
26744 -18933
26742 -18937
26741 -18938
26740 -18940
26738 -18944
26735 -18947
26733 -18950
26732 -18952
26731 -18954
26729 -18957
26726 -18957
26725 -18959
26723 -18962
26722 -18964
26721 -18966
26719 -18969
26716 -18972
26714 -18976
26713 -18977
26712 -18979
26710 -18983
26707 -18985
26705 -18989
26703 -18990
26702 -18992
26700 -18996
26698 -18999
26696 -19002
26694 -19004
26693 -19006
26691 -19009
26688 -19011
26686 -19015
26685 -19016
26684 -19018
26682 -19022
26679 -19025
26677 -19028
26676 -19030
26675 -19032
26673 -19035
26670 -19038
26668 -19041
26666 -19043
26665 -19045
26663 -19048
26661 -19051
26659 -19055
26657 -19056
26656 -19058
26654 -19062
26651 -19063
26649 -19067
26647 -19068
26646 -19070
26644 -19074
26642 -19077
26640 -19080
26638 -19082
26637 -19084
26635 -19087
26632 -19090
26630 -19093
26629 -19095
26628 -19097
26626 -19100
26623 -19104
26621 -19107
26620 -19108
26619 -19110
26617 -19114
26614 -19116
26612 -19120
26610 -19121
26609 -19123
26607 -19126
26605 -19129
26603 -19133
26601 -19134
26600 -19136
26598 -19139
26595 -19142
26593 -19146
26592 -19147
26591 -19149
26589 -19152
26586 -19155
26584 -19159
26583 -19160
26582 -19162
26580 -19165
26578 -19166
26577 -19168
26575 -19172
26573 -19173
26572 -19175
26570 -19178
26568 -19181
26566 -19185
26564 -19186
26563 -19188
26561 -19191
26558 -19194
26556 -19198
26555 -19199
26554 -19201
26552 -19204
26549 -19207
26547 -19211
26546 -19212
26545 -19214
26543 -19217
26539 -19220
26537 -19224
26536 -19225
26535 -19227
26533 -19230
26530 -19233
26528 -19237
26527 -19238
26526 -19240
26524 -19243
26521 -19246
26519 -19250
26517 -19251
26516 -19253
26514 -19256
26512 -19259
26510 -19263
26508 -19264
26507 -19266
26505 -19269
26502 -19269
26501 -19271
26499 -19274
26497 -19275
26496 -19277
26494 -19281
26492 -19284
26490 -19287
26488 -19288
26487 -19290
26485 -19294
26482 -19297
26480 -19300
26479 -19301
26478 -19303
26476 -19307
26473 -19310
26471 -19313
26470 -19314
26469 -19316
26467 -19320
26463 -19323
26461 -19326
26460 -19327
26459 -19329
26457 -19333
26454 -19336
26452 -19339
26451 -19340
26450 -19342
26448 -19346
26445 -19349
26443 -19352
26441 -19353
26440 -19355
26438 -19359
26436 -19362
26434 -19365
26432 -19366
26431 -19368
26429 -19372
26426 -19372
26425 -19374
26423 -19378
26422 -19379
26421 -19381
26419 -19384
26416 -19387
26414 -19391
26413 -19392
26412 -19394
26410 -19397
26407 -19400
26405 -19404
26403 -19405
26402 -19407
26400 -19410
26398 -19413
26396 -19417
26394 -19418
26393 -19420
26391 -19423
26388 -19426
26386 -19430
26384 -19431
26383 -19433
26381 -19436
26379 -19439
26377 -19443
26375 -19444
26374 -19446
26372 -19449
26370 -19452
26368 -19456
26366 -19457
26365 -19459
26363 -19462
26360 -19465
26358 -19469
26357 -19470
26356 -19472
26354 -19475
26350 -19477
26348 -19481
26346 -19482
26345 -19484
26343 -19487
26340 -19490
26338 -19494
26337 -19495
26336 -19497
26334 -19500
26331 -19503
26329 -19507
26327 -19508
26326 -19510
26324 -19513
26321 -19516
26319 -19520
26318 -19521
26317 -19523
26315 -19526
26312 -19529
26310 -19532
26308 -19533
26307 -19535
26305 -19539
26302 -19542
26300 -19545
26299 -19546
26298 -19548
26296 -19552
26293 -19555
26291 -19558
26289 -19559
26288 -19561
26286 -19565
26283 -19568
26281 -19571
26280 -19572
26279 -19574
26277 -19578
26275 -19578
26274 -19580
26272 -19584
26270 -19585
26269 -19587
26267 -19590
26264 -19593
26262 -19597
26261 -19598
26260 -19600
26258 -19603
26255 -19606
26253 -19610
26251 -19611
26250 -19613
26248 -19616
26245 -19619
26243 -19623
26242 -19624
26241 -19626
26239 -19629
26236 -19632
26234 -19635
26232 -19636
26231 -19638
26229 -19642
26226 -19645
26224 -19648
26223 -19649
26222 -19651
26220 -19655
26217 -19658
26215 -19661
26213 -19662
26212 -19664
26210 -19668
26207 -19671
26205 -19674
26204 -19675
26203 -19677
26201 -19681
26198 -19680
26197 -19682
26195 -19686
26193 -19687
26192 -19689
26190 -19692
26187 -19695
26185 -19699
26184 -19700
26183 -19702
26181 -19705
26178 -19708
26176 -19712
26174 -19713
26173 -19715
26171 -19718
26168 -19721
26166 -19725
26165 -19726
26164 -19728
26162 -19731
26158 -19734
26156 -19737
26155 -19738
26154 -19740
26152 -19744
26149 -19747
26147 -19750
26145 -19751
26144 -19753
26142 -19757
26139 -19760
26137 -19763
26136 -19764
26135 -19766
26133 -19770
26130 -19773
26128 -19776
26126 -19777
26125 -19779
26123 -19783
26121 -19783
26120 -19785
26118 -19789
26116 -19790
26115 -19792
26113 -19795
26110 -19798
26108 -19802
26107 -19803
26106 -19805
26104 -19808
26101 -19811
26099 -19814
26097 -19815
26096 -19817
26094 -19821
26091 -19824
26089 -19827
26088 -19828
26087 -19830
26085 -19834
26081 -19836
26079 -19840
26078 -19841
26077 -19843
26075 -19846
26072 -19849
26070 -19853
26068 -19854
26067 -19856
26065 -19859
26062 -19862
26060 -19865
26059 -19866
26058 -19868
26056 -19872
26053 -19875
26051 -19878
26049 -19879
26048 -19881
26046 -19885
26042 -19887
26040 -19890
26039 -19891
26038 -19893
26036 -19897
26033 -19900
26031 -19903
26029 -19904
26028 -19906
26026 -19910
26023 -19912
26021 -19916
26020 -19917
26019 -19919
26017 -19922
26014 -19925
26012 -19929
26010 -19930
26009 -19932
26007 -19935
26004 -19938
26002 -19941
26000 -19942
25999 -19944
25997 -19948
25994 -19951
25992 -19954
25991 -19955
25990 -19957
25988 -19961
25985 -19963
25983 -19967
25981 -19968
25980 -19970
25978 -19973
25975 -19976
25973 -19980
25972 -19981
25971 -19983
25969 -19986
25966 -19986
25965 -19988
25963 -19992
25961 -19993
25960 -19995
25958 -19998
25955 -20001
25953 -20005
25952 -20006
25951 -20008
25949 -20011
25945 -20014
25943 -20017
25942 -20018
25941 -20020
25939 -20024
25936 -20027
25934 -20030
25932 -20031
25931 -20033
25929 -20037
25926 -20039
25924 -20043
25922 -20044
25921 -20046
25919 -20049
25916 -20052
25914 -20056
25913 -20057
25912 -20059
25910 -20062
25906 -20065
25904 -20068
25903 -20069
25902 -20071
25900 -20075
25897 -20078
25895 -20081
25893 -20082
25892 -20084
25890 -20088
25887 -20087
25886 -20089
25884 -20092
25882 -20093
25881 -20095
25879 -20099
25876 -20102
25874 -20105
25873 -20106
25872 -20108
25870 -20112
25866 -20114
25864 -20118
25863 -20119
25862 -20121
25860 -20124
25857 -20127
25855 -20131
25853 -20132
25852 -20134
25850 -20137
25847 -20139
25845 -20143
25843 -20144
25842 -20146
25840 -20149
25837 -20152
25835 -20156
25834 -20157
25833 -20159
25831 -20162
25827 -20165
25825 -20168
25824 -20169
25823 -20171
25821 -20175
25818 -20178
25816 -20181
25814 -20182
25813 -20184
25811 -20188
25809 -20188
25808 -20190
25806 -20193
25804 -20194
25803 -20196
25801 -20200
25798 -20203
25796 -20206
25795 -20207
25794 -20209
25792 -20213
25788 -20215
25786 -20219
25785 -20220
25784 -20222
25782 -20225
25779 -20228
25777 -20232
25775 -20233
25774 -20235
25772 -20238
25768 -20240
25766 -20244
25765 -20245
25764 -20247
25762 -20250
25759 -20253
25757 -20257
25755 -20258
25754 -20260
25752 -20263
25749 -20266
25747 -20269
25745 -20270
25744 -20272
25742 -20276
25739 -20279
25737 -20282
25736 -20283
25735 -20285
25733 -20289
25728 -20291
25726 -20294
25725 -20295
25724 -20297
25722 -20301
25719 -20304
25717 -20307
25715 -20308
25714 -20310
25712 -20314
25709 -20316
25707 -20320
25705 -20321
25704 -20323
25702 -20326
25699 -20329
25697 -20333
25696 -20334
25695 -20336
25693 -20339
25689 -20341
25687 -20345
25685 -20346
25684 -20348
25682 -20351
25679 -20354
25677 -20358
25676 -20359
25675 -20361
25673 -20364
25669 -20367
25667 -20370
25666 -20371
25665 -20373
25663 -20377
25660 -20380
25658 -20383
25656 -20384
25655 -20386
25653 -20390
25650 -20389
25649 -20391
25647 -20395
25645 -20396
25644 -20398
25642 -20401
25639 -20404
25637 -20408
25636 -20409
25635 -20411
25633 -20414
25629 -20417
25627 -20420
25626 -20421
25625 -20423
25623 -20427
25620 -20430
25618 -20433
25616 -20434
25615 -20436
25613 -20440
25609 -20442
25607 -20445
25606 -20446
25605 -20448
25603 -20452
25600 -20455
25598 -20458
25596 -20459
25595 -20461
25593 -20465
25590 -20467
25588 -20471
25586 -20472
25585 -20474
25583 -20477
25581 -20480
25578 -20483
25577 -20484
25576 -20486
25573 -20490
25571 -20489
25570 -20491
25567 -20495
25566 -20496
25565 -20498
25562 -20501
25560 -20504
25557 -20507
25556 -20508
25555 -20510
25552 -20514
25550 -20516
25547 -20520
25546 -20521
25545 -20523
25542 -20526
25540 -20529
25537 -20532
25536 -20533
25535 -20535
25532 -20539
25530 -20541
25527 -20545
25526 -20546
25525 -20548
25522 -20551
25520 -20554
25517 -20557
25516 -20558
25515 -20560
25512 -20564
25510 -20566
25507 -20570
25506 -20571
25505 -20573
25502 -20576
25500 -20579
25497 -20582
25496 -20583
25495 -20585
25492 -20589
25491 -20589
25490 -20591
25487 -20595
25486 -20596
25485 -20598
25482 -20601
25480 -20604
25477 -20607
25476 -20608
25475 -20610
25472 -20614
25470 -20616
25467 -20620
25466 -20621
25465 -20623
25462 -20626
25460 -20629
25457 -20632
25456 -20633
25455 -20635
25452 -20639
25450 -20641
25447 -20645
25446 -20646
25445 -20648
25442 -20651
25440 -20654
25437 -20657
25436 -20658
25435 -20660
25432 -20664
25430 -20666
25427 -20670
25426 -20671
25425 -20673
25422 -20676
25420 -20679
25417 -20682
25416 -20683
25415 -20685
25412 -20689
25409 -20691
25406 -20694
25405 -20695
25404 -20697
25401 -20701
25399 -20703
25396 -20707
25395 -20708
25394 -20710
25391 -20713
25389 -20716
25386 -20719
25385 -20720
25384 -20722
25381 -20726
25379 -20728
25376 -20732
25375 -20733
25374 -20735
25371 -20738
25368 -20741
25366 -20744
25364 -20745
25363 -20747
25361 -20751
25358 -20753
25356 -20757
25354 -20758
25353 -20760
25351 -20763
25348 -20766
25346 -20769
25344 -20770
25343 -20772
25341 -20776
25338 -20778
25336 -20782
25334 -20783
25333 -20785
25331 -20788
25329 -20788
25328 -20790
25325 -20794
25324 -20795
25323 -20797
25320 -20800
25318 -20803
25315 -20806
25314 -20807
25313 -20809
25310 -20813
25308 -20815
25305 -20819
25304 -20820
25303 -20822
25300 -20825
25298 -20828
25295 -20831
25294 -20832
25293 -20834
25290 -20838
25287 -20840
25285 -20843
25283 -20844
25282 -20846
25280 -20850
25277 -20852
25275 -20856
25273 -20857
25272 -20859
25270 -20862
25267 -20865
25265 -20868
25263 -20869
25262 -20871
25260 -20875
25257 -20877
25255 -20881
25253 -20882
25252 -20884
25248 -20885
25246 -20888
25244 -20889
25243 -20891
25241 -20895
25238 -20897
25236 -20901
25234 -20902
25233 -20904
25231 -20907
25228 -20910
25226 -20913
25224 -20914
25223 -20916
25221 -20920
25218 -20922
25216 -20926
25214 -20927
25213 -20929
25211 -20932
25208 -20934
25205 -20938
25204 -20939
25203 -20941
25200 -20944
25198 -20947
25195 -20950
25194 -20951
25193 -20953
25190 -20957
25188 -20959
25185 -20963
25184 -20964
25183 -20966
25180 -20969
25178 -20972
25175 -20975
25174 -20976
25173 -20978
25170 -20982
25168 -20981
25167 -20983
25165 -20987
25163 -20988
25162 -20990
25160 -20993
25157 -20996
25155 -20999
25153 -21000
25152 -21002
25150 -21006
25147 -21008
25144 -21012
25143 -21013
25142 -21015
25139 -21018
25137 -21021
25134 -21024
25133 -21025
25132 -21027
25129 -21031
25126 -21033
25124 -21036
25122 -21037
25121 -21039
25119 -21043
25116 -21045
25114 -21049
25112 -21050
25111 -21052
25109 -21055
25106 -21058
25103 -21061
25102 -21062
25101 -21064
25098 -21068
25096 -21070
25093 -21074
25092 -21075
25091 -21077
25088 -21080
25085 -21081
25082 -21085
25081 -21086
25080 -21088
25077 -21091
25075 -21094
25072 -21097
25071 -21098
25070 -21100
25067 -21104
25064 -21106
25062 -21109
25060 -21110
25059 -21112
25057 -21116
25054 -21118
25052 -21122
25050 -21123
25049 -21125
25047 -21128
25044 -21130
25041 -21134
25040 -21135
25039 -21137
25036 -21140
25034 -21143
25031 -21146
25030 -21147
25029 -21149
25026 -21153
25023 -21155
25021 -21158
25019 -21159
25018 -21161
25016 -21165
25013 -21167
25011 -21171
25009 -21172
25008 -21174
25006 -21177
25003 -21177
25002 -21179
25000 -21183
24998 -21184
24997 -21186
24995 -21189
24992 -21192
24990 -21195
24988 -21196
24987 -21198
24985 -21202
24982 -21204
24979 -21207
24978 -21208
24977 -21210
24974 -21214
24972 -21216
24969 -21220
24968 -21221
24967 -21223
24964 -21226
24961 -21228
24959 -21232
24957 -21233
24956 -21235
24954 -21238
24951 -21241
24949 -21244
24947 -21245
24946 -21247
24944 -21251
24941 -21253
24938 -21256
24937 -21257
24936 -21259
24933 -21263
24931 -21265
24928 -21269
24927 -21270
24926 -21272
24923 -21275
24920 -21274
24919 -21276
24917 -21280
24915 -21281
24914 -21283
24912 -21286
24909 -21289
24907 -21292
24905 -21293
24904 -21295
24902 -21299
24899 -21301
24896 -21304
24895 -21305
24894 -21307
24891 -21311
24889 -21313
24886 -21317
24885 -21318
24884 -21320
24881 -21323
24878 -21325
24875 -21329
24874 -21330
24873 -21332
24870 -21335
24868 -21338
24865 -21341
24864 -21342
24863 -21344
24860 -21348
24857 -21350
24855 -21353
24853 -21354
24852 -21356
24850 -21360
24847 -21362
24845 -21366
24843 -21367
24842 -21369
24840 -21372
24837 -21372
24836 -21374
24834 -21378
24832 -21379
24831 -21381
24829 -21384
24826 -21387
24824 -21390
24822 -21391
24821 -21393
24819 -21397
24816 -21399
24813 -21402
24812 -21403
24811 -21405
24808 -21409
24806 -21411
24803 -21415
24802 -21416
24801 -21418
24798 -21421
24795 -21423
24792 -21426
24791 -21427
24790 -21429
24787 -21433
24785 -21435
24782 -21439
24781 -21440
24780 -21442
24777 -21445
24774 -21447
24772 -21451
24770 -21452
24769 -21454
24767 -21457
24764 -21460
24762 -21463
24760 -21464
24759 -21466
24757 -21470
24753 -21471
24750 -21474
24749 -21475
24748 -21477
24745 -21481
24743 -21483
24740 -21487
24739 -21488
24738 -21490
24735 -21493
24732 -21495
24730 -21499
24728 -21500
24727 -21502
24725 -21505
24722 -21508
24719 -21511
24718 -21512
24717 -21514
24714 -21518
24711 -21519
24709 -21523
24707 -21524
24706 -21526
24704 -21529
24701 -21532
24698 -21535
24697 -21536
24696 -21538
24693 -21542
24690 -21544
24688 -21547
24686 -21548
24685 -21550
24683 -21554
24680 -21556
24677 -21560
24676 -21561
24675 -21563
24672 -21566
24670 -21565
24669 -21567
24667 -21571
24665 -21572
24664 -21574
24662 -21577
24659 -21580
24656 -21583
24655 -21584
24654 -21586
24651 -21590
24648 -21592
24646 -21595
24644 -21596
24643 -21598
24641 -21602
24638 -21604
24635 -21608
24634 -21609
24633 -21611
24630 -21614
24627 -21616
24625 -21619
24623 -21620
24622 -21622
24620 -21626
24617 -21628
24614 -21632
24613 -21633
24612 -21635
24609 -21638
24606 -21640
24604 -21644
24602 -21645
24601 -21647
24599 -21650
24596 -21653
24593 -21656
24592 -21657
24591 -21659
24588 -21663
24585 -21662
24584 -21664
24581 -21667
24580 -21668
24579 -21670
24576 -21674
24573 -21676
24571 -21679
24569 -21680
24568 -21682
24566 -21685
24563 -21688
24560 -21691
24559 -21692
24558 -21694
24555 -21697
24552 -21700
24550 -21703
24548 -21704
24547 -21706
24545 -21709
24542 -21712
24539 -21715
24538 -21716
24537 -21718
24534 -21721
24531 -21724
24529 -21727
24527 -21728
24526 -21730
24524 -21733
24521 -21736
24518 -21739
24517 -21740
24516 -21742
24513 -21745
24510 -21748
24508 -21751
24506 -21752
24505 -21754
24503 -21757
24501 -21758
24500 -21760
24497 -21763
24496 -21764
24495 -21766
24492 -21769
24489 -21772
24487 -21775
24485 -21776
24484 -21778
24482 -21781
24479 -21784
24476 -21787
24475 -21788
24474 -21790
24471 -21793
24468 -21796
24466 -21799
24464 -21800
24463 -21802
24461 -21805
24457 -21808
24455 -21811
24453 -21812
24452 -21814
24450 -21817
24447 -21820
24444 -21823
24443 -21824
24442 -21826
24439 -21829
24436 -21832
24434 -21835
24432 -21836
24431 -21838
24429 -21841
24426 -21844
24423 -21847
24422 -21848
24421 -21850
24418 -21853
24414 -21855
24412 -21858
24410 -21860
24409 -21861
24407 -21864
24404 -21867
24401 -21870
24400 -21872
24399 -21873
24396 -21876
24393 -21879
24391 -21882
24389 -21884
24388 -21885
24386 -21888
24383 -21891
24380 -21894
24379 -21896
24378 -21897
24375 -21900
24372 -21903
24369 -21906
24368 -21908
24367 -21909
24364 -21912
24361 -21915
24359 -21918
24357 -21920
24356 -21921
24354 -21924
24351 -21927
24348 -21930
24347 -21932
24346 -21933
24343 -21936
24340 -21939
24338 -21942
24336 -21944
24335 -21945
24333 -21948
24330 -21949
24329 -21951
24326 -21954
24325 -21955
24324 -21957
24321 -21960
24318 -21963
24316 -21966
24314 -21967
24313 -21969
24311 -21972
24308 -21975
24305 -21978
24304 -21979
24303 -21981
24300 -21984
24297 -21987
24295 -21990
24293 -21991
24292 -21993
24290 -21996
24286 -21998
24284 -22001
24282 -22003
24281 -22004
24279 -22007
24276 -22010
24273 -22013
24272 -22015
24271 -22016
24268 -22019
24265 -22022
24262 -22025
24261 -22027
24260 -22028
24257 -22031
24254 -22034
24252 -22037
24250 -22039
24249 -22040
24247 -22043
24244 -22044
24243 -22045
24240 -22048
24239 -22050
24238 -22051
24235 -22054
24232 -22057
24230 -22060
24228 -22062
24227 -22063
24225 -22066
24221 -22069
24219 -22072
24217 -22074
24216 -22075
24214 -22078
24211 -22081
24208 -22084
24207 -22086
24206 -22087
24203 -22090
24200 -22093
24197 -22096
24196 -22097
24195 -22099
24192 -22102
24189 -22105
24187 -22108
24185 -22109
24184 -22111
24182 -22114
24178 -22117
24176 -22120
24174 -22121
24173 -22123
24171 -22126
24168 -22129
24165 -22132
24164 -22133
24163 -22135
24160 -22138
24158 -22138
24157 -22140
24154 -22143
24153 -22144
24152 -22146
24149 -22149
24146 -22152
24144 -22155
24142 -22156
24141 -22158
24139 -22161
24135 -22164
24133 -22167
24131 -22168
24130 -22170
24128 -22173
24125 -22176
24122 -22179
24121 -22180
24120 -22182
24117 -22185
24114 -22187
24111 -22190
24110 -22192
24109 -22193
24106 -22196
24103 -22199
24101 -22202
24099 -22204
24098 -22205
24096 -22208
24092 -22211
24090 -22214
24088 -22216
24087 -22217
24085 -22220
24082 -22223
24079 -22226
24078 -22228
24077 -22229
24074 -22232
24070 -22234
24068 -22237
24066 -22239
24065 -22240
24063 -22243
24060 -22246
24057 -22249
24056 -22251
24055 -22252
24052 -22255
24049 -22258
24046 -22261
24045 -22262
24044 -22264
24041 -22267
24038 -22270
24036 -22273
24034 -22274
24033 -22276
24031 -22279
24027 -22281
24024 -22284
24023 -22286
24022 -22287
24019 -22290
24016 -22293
24014 -22296
24012 -22298
24011 -22299
24009 -22302
24005 -22305
24003 -22308
24001 -22309
24000 -22311
23998 -22314
23995 -22317
23992 -22320
23991 -22321
23990 -22323
23987 -22326
23984 -22327
23983 -22328
23981 -22331
23979 -22333
23978 -22334
23976 -22337
23973 -22340
23970 -22343
23969 -22345
23968 -22346
23965 -22349
23962 -22352
23959 -22355
23958 -22356
23957 -22358
23954 -22361
23951 -22364
23949 -22367
23947 -22368
23946 -22370
23944 -22373
23940 -22375
23937 -22378
23936 -22380
23935 -22381
23932 -22384
23929 -22387
23927 -22390
23925 -22392
23924 -22393
23922 -22396
23918 -22399
23916 -22402
23914 -22403
23913 -22405
23911 -22408
23908 -22411
23905 -22414
23904 -22415
23903 -22417
23900 -22420
23896 -22419
23895 -22421
23893 -22424
23891 -22425
23890 -22427
23888 -22430
23885 -22433
23882 -22436
23881 -22437
23880 -22439
23877 -22442
23874 -22444
23871 -22447
23870 -22449
23869 -22450
23866 -22453
23863 -22456
23861 -22459
23859 -22461
23858 -22462
23856 -22465
23852 -22468
23849 -22471
23848 -22472
23847 -22474
23844 -22477
23841 -22480
23839 -22483
23837 -22484
23836 -22486
23834 -22489
23830 -22491
23828 -22494
23826 -22496
23825 -22497
23823 -22500
23820 -22503
23817 -22506
23816 -22508
23815 -22509
23812 -22512
23809 -22513
23808 -22514
23806 -22517
23804 -22519
23803 -22520
23801 -22523
23798 -22526
23796 -22529
23794 -22531
23793 -22532
23790 -22535
23787 -22538
23784 -22541
23782 -22542
23781 -22544
23779 -22547
23776 -22550
23773 -22553
23771 -22554
23770 -22556
23768 -22559
23765 -22561
23762 -22564
23760 -22565
23759 -22567
23757 -22570
23754 -22573
23751 -22576
23749 -22577
23748 -22579
23746 -22582
23743 -22584
23740 -22587
23738 -22589
23737 -22590
23735 -22593
23732 -22596
23729 -22599
23727 -22601
23726 -22602
23724 -22605
23720 -22607
23718 -22610
23716 -22611
23715 -22613
23712 -22616
23709 -22619
23707 -22622
23705 -22623
23704 -22625
23701 -22628
23698 -22630
23696 -22633
23694 -22635
23693 -22636
23690 -22639
23687 -22642
23685 -22645
23683 -22647
23682 -22648
23679 -22651
23676 -22653
23674 -22656
23672 -22658
23671 -22659
23668 -22662
23665 -22665
23663 -22668
23661 -22670
23660 -22671
23657 -22674
23654 -22677
23652 -22680
23650 -22681
23649 -22683
23646 -22686
23643 -22689
23641 -22692
23639 -22693
23638 -22695
23635 -22698
23633 -22698
23632 -22699
23629 -22702
23627 -22704
23626 -22705
23624 -22708
23621 -22711
23618 -22714
23616 -22716
23615 -22717
23613 -22720
23610 -22723
23607 -22726
23605 -22727
23604 -22729
23602 -22732
23599 -22735
23596 -22738
23594 -22739
23593 -22741
23591 -22744
23588 -22746
23585 -22749
23583 -22750
23582 -22752
23580 -22755
23577 -22758
23574 -22761
23572 -22762
23571 -22764
23569 -22767
23566 -22769
23563 -22772
23561 -22774
23560 -22775
23558 -22778
23555 -22781
23552 -22784
23550 -22786
23549 -22787
23547 -22790
23544 -22790
23543 -22792
23540 -22795
23538 -22796
23537 -22798
23535 -22801
23532 -22803
23529 -22806
23527 -22808
23526 -22809
23524 -22812
23521 -22815
23518 -22818
23516 -22819
23515 -22821
23513 -22824
23510 -22826
23507 -22829
23505 -22831
23504 -22832
23502 -22835
23498 -22838
23496 -22841
23494 -22842
23493 -22844
23490 -22847
23487 -22849
23485 -22852
23483 -22854
23482 -22855
23479 -22858
23476 -22861
23474 -22864
23472 -22865
23471 -22867
23468 -22870
23465 -22872
23463 -22875
23461 -22877
23460 -22878
23457 -22881
23455 -22882
23454 -22884
23451 -22887
23449 -22888
23448 -22890
23446 -22893
23443 -22895
23440 -22898
23438 -22900
23437 -22901
23435 -22904
23432 -22907
23429 -22910
23427 -22911
23426 -22913
23424 -22916
23421 -22918
23418 -22921
23416 -22923
23415 -22924
23413 -22927
23409 -22930
23407 -22933
23405 -22934
23404 -22936
23401 -22939
23398 -22941
23396 -22944
23394 -22946
23393 -22947
23390 -22950
23387 -22953
23385 -22956
23383 -22957
23382 -22959
23379 -22962
23376 -22964
23374 -22967
23372 -22969
23371 -22970
23368 -22973
23364 -22975
23362 -22978
23360 -22980
23359 -22981
23356 -22984
23353 -22987
23351 -22990
23349 -22991
23348 -22993
23345 -22996
23342 -22998
23340 -23001
23338 -23003
23337 -23004
23334 -23007
23331 -23010
23329 -23013
23327 -23014
23326 -23016
23323 -23019
23320 -23021
23317 -23024
23315 -23026
23314 -23027
23312 -23030
23309 -23033
23306 -23036
23304 -23037
23303 -23039
23301 -23042
23297 -23044
23295 -23047
23293 -23049
23292 -23050
23289 -23053
23286 -23056
23284 -23059
23282 -23060
23281 -23062
23278 -23065
23276 -23065
23275 -23066
23272 -23069
23270 -23071
23269 -23072
23267 -23075
23264 -23078
23261 -23081
23259 -23082
23258 -23084
23256 -23087
23252 -23089
23250 -23092
23248 -23094
23247 -23095
23244 -23098
23241 -23101
23239 -23104
23237 -23105
23236 -23107
23233 -23110
23230 -23112
23227 -23115
23225 -23116
23224 -23118
23222 -23121
23219 -23123
23216 -23126
23214 -23128
23213 -23129
23211 -23132
23207 -23135
23205 -23138
23203 -23139
23202 -23141
23199 -23144
23196 -23146
23194 -23149
23192 -23151
23191 -23152
23188 -23155
23184 -23155
23183 -23156
23181 -23159
23179 -23161
23178 -23162
23175 -23165
23172 -23168
23170 -23170
23167 -23173
23164 -23176
23162 -23179
23160 -23180
23159 -23182
23156 -23185
23153 -23184
23152 -23185
23150 -23188
23148 -23190
23147 -23191
23144 -23194
23141 -23197
23139 -23200
23137 -23201
23136 -23203
23133 -23206
23130 -23208
23127 -23211
23125 -23213
23124 -23214
23122 -23217
23119 -23220
23116 -23223
23114 -23224
23113 -23226
23111 -23229
23107 -23231
23105 -23234
23103 -23235
23102 -23237
23099 -23240
23096 -23242
23094 -23245
23092 -23247
23091 -23248
23088 -23251
23085 -23254
23082 -23257
23080 -23258
23079 -23260
23077 -23263
23074 -23265
23071 -23268
23069 -23270
23068 -23271
23066 -23274
23063 -23275
23062 -23276
23059 -23279
23057 -23281
23056 -23282
23054 -23285
23051 -23288
23048 -23291
23046 -23292
23045 -23294
23043 -23297
23039 -23299
23037 -23302
23035 -23304
23034 -23305
23031 -23308
23028 -23311
23026 -23314
23024 -23315
23023 -23317
23020 -23320
23016 -23321
23014 -23324
23012 -23326
23011 -23327
23008 -23330
23005 -23333
23003 -23336
23001 -23337
23000 -23339
22997 -23342
22994 -23344
22991 -23347
22989 -23348
22988 -23350
22986 -23353
22983 -23355
22980 -23358
22978 -23360
22977 -23361
22975 -23364
22970 -23366
22968 -23369
22966 -23370
22965 -23372
22962 -23375
22959 -23377
22957 -23380
22955 -23382
22954 -23383
22951 -23386
22948 -23388
22945 -23391
22943 -23393
22942 -23394
22940 -23397
22937 -23400
22934 -23403
22932 -23404
22931 -23406
22929 -23409
22925 -23411
22922 -23414
22920 -23415
22919 -23417
22917 -23420
22914 -23422
22911 -23425
22909 -23427
22908 -23428
22906 -23431
22902 -23433
22900 -23436
22898 -23438
22897 -23439
22894 -23442
22891 -23445
22889 -23448
22887 -23449
22886 -23451
22883 -23454
22880 -23454
22879 -23455
22876 -23458
22874 -23460
22873 -23461
22871 -23464
22868 -23467
22865 -23470
22863 -23471
22862 -23473
22860 -23476
22856 -23478
22854 -23481
22852 -23482
22851 -23484
22848 -23487
22845 -23489
22843 -23492
22841 -23494
22840 -23495
22837 -23498
22833 -23500
22831 -23503
22829 -23505
22828 -23506
22825 -23509
22822 -23512
22820 -23515
22818 -23516
22817 -23518
22814 -23521
22811 -23523
22808 -23526
22806 -23527
22805 -23529
22803 -23532
22800 -23534
22797 -23537
22795 -23539
22794 -23540
22792 -23543
22789 -23543
22788 -23545
22785 -23548
22783 -23549
22782 -23551
22780 -23554
22776 -23556
22774 -23559
22772 -23561
22771 -23562
22768 -23565
22765 -23567
22762 -23570
22760 -23572
22759 -23573
22757 -23576
22753 -23579
22751 -23582
22749 -23583
22748 -23585
22745 -23588
22742 -23589
22739 -23592
22737 -23594
22736 -23595
22734 -23598
22730 -23601
22728 -23604
22726 -23605
22725 -23607
22722 -23610
22719 -23612
22716 -23615
22714 -23616
22713 -23618
22711 -23621
22707 -23623
22705 -23626
22703 -23628
22702 -23629
22699 -23632
22697 -23632
22696 -23634
22693 -23637
22691 -23638
22690 -23640
22688 -23643
22684 -23645
22682 -23648
22680 -23650
22679 -23651
22676 -23654
22673 -23656
22670 -23659
22668 -23661
22667 -23662
22665 -23665
22661 -23668
22659 -23671
22657 -23672
22656 -23674
22653 -23677
22650 -23678
22647 -23681
22645 -23683
22644 -23684
22642 -23687
22638 -23690
22636 -23693
22634 -23694
22633 -23696
22630 -23699
22627 -23701
22624 -23704
22622 -23705
22621 -23707
22619 -23710
22615 -23712
22613 -23715
22611 -23717
22610 -23718
22607 -23721
22603 -23722
22601 -23725
22599 -23727
22598 -23728
22595 -23731
22592 -23734
22589 -23737
22587 -23738
22586 -23740
22584 -23743
22580 -23745
22578 -23748
22576 -23749
22575 -23751
22572 -23754
22569 -23756
22566 -23759
22564 -23761
22563 -23762
22561 -23765
22557 -23767
22555 -23770
22553 -23771
22552 -23773
22549 -23776
22546 -23778
22543 -23781
22541 -23783
22540 -23784
22538 -23787
22534 -23789
22532 -23792
22530 -23794
22529 -23795
22526 -23798
22523 -23801
22520 -23804
22518 -23805
22517 -23806
22515 -23809
22511 -23810
22510 -23811
22508 -23814
22506 -23815
22505 -23817
22502 -23820
22499 -23822
22496 -23825
22494 -23826
22493 -23828
22491 -23831
22487 -23833
22485 -23836
22483 -23837
22482 -23839
22479 -23842
22476 -23844
22473 -23847
22471 -23848
22470 -23850
22468 -23853
22464 -23855
22461 -23858
22459 -23859
22458 -23861
22456 -23864
22452 -23866
22450 -23869
22448 -23870
22447 -23872
22444 -23875
22441 -23877
22438 -23880
22436 -23881
22435 -23883
22433 -23886
22429 -23888
22427 -23891
22425 -23892
22424 -23894
22421 -23897
22418 -23896
22417 -23898
22414 -23901
22412 -23902
22411 -23903
22409 -23906
22405 -23909
22403 -23912
22401 -23913
22400 -23914
22397 -23917
22394 -23920
22391 -23923
22389 -23924
22388 -23925
22386 -23928
22382 -23931
22380 -23934
22378 -23935
22377 -23936
22374 -23939
22370 -23942
22368 -23945
22366 -23946
22365 -23947
22362 -23950
22359 -23953
22356 -23956
22354 -23957
22353 -23958
22351 -23961
22347 -23964
22345 -23967
22343 -23968
22342 -23969
22339 -23972
22336 -23975
22333 -23978
22331 -23979
22330 -23980
22328 -23983
22324 -23984
22323 -23985
22321 -23988
22319 -23989
22318 -23991
22315 -23994
22312 -23996
22309 -23999
22307 -24000
22306 -24002
22304 -24005
22300 -24007
22298 -24010
22296 -24011
22295 -24013
22292 -24016
22289 -24018
22286 -24021
22284 -24022
22283 -24024
22281 -24027
22277 -24029
22274 -24032
22272 -24033
22271 -24035
22269 -24038
22265 -24040
22263 -24043
22261 -24044
22260 -24046
22257 -24049
22254 -24051
22251 -24054
22249 -24055
22248 -24057
22246 -24060
22242 -24062
22240 -24065
22238 -24066
22237 -24068
22234 -24071
22229 -24072
22227 -24075
22225 -24076
22224 -24078
22221 -24081
22218 -24083
22215 -24086
22213 -24087
22212 -24089
22210 -24092
22206 -24094
22203 -24097
22201 -24098
22200 -24100
22198 -24103
22194 -24105
22192 -24108
22190 -24109
22189 -24111
22186 -24114
22182 -24116
22180 -24119
22178 -24120
22177 -24121
22174 -24124
22171 -24127
22168 -24130
22166 -24131
22165 -24132
22163 -24135
22159 -24138
22156 -24141
22154 -24142
22153 -24143
22151 -24146
22147 -24149
22145 -24152
22143 -24153
22142 -24154
22139 -24157
22136 -24157
22135 -24159
22133 -24162
22131 -24163
22130 -24164
22127 -24167
22124 -24170
22121 -24173
22119 -24174
22118 -24175
22116 -24178
22112 -24181
22109 -24184
22107 -24185
22106 -24186
22104 -24189
22100 -24192
22098 -24195
22096 -24196
22095 -24197
22092 -24200
22088 -24202
22086 -24205
22084 -24206
22083 -24208
22080 -24211
22077 -24213
22074 -24216
22072 -24217
22071 -24219
22069 -24222
22065 -24224
22062 -24227
22060 -24228
22059 -24230
22057 -24233
22053 -24235
22051 -24238
22049 -24239
22048 -24241
22045 -24244
22042 -24243
22041 -24245
22038 -24248
22036 -24249
22035 -24250
22033 -24253
22029 -24256
22027 -24259
22025 -24260
22024 -24261
22021 -24264
22017 -24267
22015 -24270
22013 -24271
22012 -24272
22009 -24275
22006 -24278
22003 -24281
22001 -24282
22000 -24283
21998 -24286
21994 -24288
21991 -24291
21989 -24292
21988 -24294
21986 -24297
21982 -24299
21980 -24302
21978 -24303
21977 -24305
21974 -24308
21970 -24310
21968 -24313
21966 -24314
21965 -24315
21962 -24318
21959 -24321
21956 -24324
21954 -24325
21953 -24326
21951 -24329
21947 -24330
21946 -24331
21943 -24334
21941 -24335
21940 -24337
21938 -24340
21934 -24342
21932 -24345
21930 -24346
21929 -24348
21926 -24351
21922 -24353
21920 -24356
21918 -24357
21917 -24358
21914 -24361
21911 -24364
21908 -24367
21906 -24368
21905 -24369
21903 -24372
21898 -24374
21896 -24377
21894 -24378
21893 -24380
21890 -24383
21887 -24385
21884 -24388
21882 -24389
21881 -24391
21879 -24394
21875 -24396
21872 -24399
21870 -24400
21869 -24401
21867 -24404
21863 -24407
21861 -24410
21859 -24411
21858 -24412
21855 -24415
21851 -24417
21848 -24420
21846 -24421
21845 -24422
21843 -24425
21839 -24428
21837 -24431
21835 -24432
21834 -24433
21831 -24436
21827 -24438
21825 -24441
21823 -24442
21822 -24444
21819 -24447
21816 -24449
21813 -24452
21811 -24453
21810 -24455
21808 -24458
21803 -24460
21801 -24463
21799 -24464
21798 -24465
21795 -24468
21792 -24471
21789 -24474
21787 -24475
21786 -24476
21784 -24479
21780 -24481
21777 -24484
21775 -24485
21774 -24487
21772 -24490
21768 -24492
21766 -24495
21764 -24496
21763 -24498
21760 -24501
21756 -24500
21755 -24502
21753 -24505
21751 -24506
21750 -24507
21747 -24510
21744 -24513
21741 -24516
21739 -24517
21738 -24518
21736 -24521
21732 -24523
21729 -24526
21727 -24527
21726 -24529
21724 -24532
21720 -24534
21718 -24537
21716 -24538
21715 -24540
21712 -24543
21708 -24544
21705 -24547
21703 -24548
21702 -24550
21700 -24553
21696 -24555
21694 -24558
21692 -24559
21691 -24561
21688 -24564
21684 -24566
21682 -24569
21680 -24570
21679 -24571
21676 -24574
21673 -24577
21670 -24580
21668 -24581
21667 -24582
21664 -24585
21661 -24585
21659 -24586
21656 -24589
21655 -24590
21653 -24592
21650 -24595
21647 -24597
21644 -24600
21643 -24601
21641 -24603
21638 -24606
21635 -24608
21632 -24611
21631 -24612
21629 -24613
21626 -24616
21623 -24619
21620 -24622
21619 -24623
21617 -24624
21614 -24627
21611 -24629
21608 -24632
21607 -24633
21605 -24634
21602 -24637
21599 -24640
21596 -24643
21595 -24644
21593 -24645
21590 -24648
21587 -24650
21584 -24653
21583 -24654
21581 -24656
21578 -24659
21575 -24661
21572 -24664
21571 -24665
21569 -24667
21566 -24670
21565 -24669
21563 -24671
21560 -24674
21559 -24675
21557 -24676
21554 -24679
21551 -24682
21548 -24685
21547 -24686
21545 -24687
21542 -24690
21539 -24692
21536 -24695
21535 -24696
21533 -24698
21530 -24701
21527 -24703
21524 -24706
21523 -24707
21521 -24709
21518 -24712
21515 -24713
21512 -24716
21511 -24717
21509 -24719
21506 -24722
21503 -24724
21500 -24727
21499 -24728
21497 -24730
21494 -24733
21491 -24735
21488 -24738
21487 -24739
21485 -24740
21482 -24743
21479 -24745
21476 -24748
21475 -24749
21473 -24751
21470 -24754
21467 -24755
21464 -24758
21462 -24759
21461 -24761
21458 -24764
21455 -24766
21452 -24769
21450 -24770
21449 -24771
21446 -24774
21443 -24776
21440 -24779
21438 -24780
21437 -24782
21434 -24785
21431 -24787
21428 -24790
21426 -24791
21425 -24792
21422 -24795
21419 -24797
21416 -24800
21414 -24801
21413 -24803
21410 -24806
21407 -24808
21404 -24811
21402 -24812
21401 -24813
21398 -24816
21395 -24818
21392 -24821
21390 -24822
21389 -24824
21386 -24827
21383 -24829
21380 -24832
21378 -24833
21377 -24834
21374 -24837
21372 -24837
21370 -24839
21367 -24842
21366 -24843
21364 -24844
21361 -24847
21358 -24849
21355 -24852
21354 -24853
21352 -24855
21349 -24858
21346 -24860
21343 -24863
21342 -24864
21340 -24865
21337 -24868
21334 -24870
21331 -24873
21330 -24874
21328 -24876
21325 -24879
21322 -24881
21319 -24884
21317 -24885
21316 -24886
21313 -24889
21310 -24891
21307 -24894
21305 -24895
21304 -24897
21301 -24900
21298 -24902
21295 -24905
21293 -24906
21292 -24907
21289 -24910
21286 -24912
21283 -24915
21281 -24916
21280 -24918
21277 -24921
21274 -24920
21273 -24922
21270 -24925
21268 -24926
21267 -24927
21264 -24930
21261 -24932
21258 -24935
21256 -24936
21255 -24938
21252 -24941
21249 -24943
21246 -24946
21244 -24947
21243 -24948
21240 -24951
21237 -24953
21234 -24956
21232 -24957
21231 -24959
21228 -24962
21224 -24963
21221 -24966
21220 -24967
21218 -24969
21215 -24972
21212 -24974
21209 -24977
21208 -24978
21206 -24979
21203 -24982
21200 -24984
21197 -24987
21196 -24988
21194 -24990
21191 -24993
21188 -24995
21185 -24998
21184 -24999
21182 -25000
21179 -25003
21177 -25003
21175 -25005
21172 -25008
21171 -25009
21169 -25010
21166 -25013
21163 -25015
21160 -25018
21159 -25019
21157 -25021
21154 -25024
21151 -25026
21148 -25029
21147 -25030
21145 -25031
21142 -25034
21139 -25036
21136 -25039
21135 -25040
21133 -25042
21130 -25045
21127 -25046
21124 -25049
21122 -25050
21121 -25052
21118 -25055
21115 -25057
21112 -25060
21110 -25061
21109 -25062
21106 -25065
21103 -25067
21100 -25070
21098 -25071
21097 -25073
21094 -25076
21091 -25078
21088 -25081
21086 -25082
21085 -25083
21082 -25086
21078 -25087
21075 -25090
21073 -25091
21072 -25093
21069 -25096
21066 -25098
21063 -25101
21061 -25102
21060 -25103
21057 -25106
21053 -25108
21050 -25111
21049 -25112
21047 -25114
21044 -25117
21041 -25119
21038 -25122
21037 -25123
21035 -25124
21032 -25127
21029 -25129
21026 -25132
21024 -25133
21023 -25134
21020 -25137
21017 -25139
21014 -25142
21012 -25143
21011 -25145
21008 -25148
21004 -25150
21001 -25153
21000 -25154
20998 -25155
20995 -25158
20992 -25160
20989 -25163
20988 -25164
20986 -25166
20983 -25169
20981 -25168
20980 -25170
20977 -25173
20975 -25174
20974 -25175
20971 -25178
20968 -25180
20965 -25183
20963 -25184
20962 -25186
20959 -25189
20955 -25190
20952 -25193
20951 -25194
20949 -25196
20946 -25199
20943 -25201
20940 -25204
20939 -25205
20937 -25206
20934 -25209
20931 -25211
20928 -25214
20926 -25215
20925 -25216
20922 -25219
20919 -25221
20916 -25224
20914 -25225
20913 -25227
20910 -25230
20906 -25231
20903 -25234
20902 -25235
20900 -25237
20897 -25240
20894 -25242
20891 -25245
20890 -25246
20888 -25247
20884 -25247
20881 -25250
20879 -25251
20878 -25253
20875 -25256
20872 -25258
20869 -25261
20867 -25262
20866 -25263
20863 -25266
20859 -25268
20856 -25271
20855 -25272
20853 -25273
20850 -25276
20847 -25278
20844 -25281
20843 -25282
20841 -25284
20838 -25287
20835 -25288
20832 -25291
20830 -25292
20829 -25294
20826 -25297
20823 -25299
20820 -25302
20818 -25303
20817 -25304
20814 -25307
20810 -25309
20807 -25312
20806 -25313
20804 -25314
20801 -25317
20798 -25319
20795 -25322
20794 -25323
20792 -25325
20789 -25328
20787 -25327
20786 -25329
20783 -25332
20781 -25333
20780 -25334
20777 -25337
20774 -25339
20771 -25342
20769 -25343
20768 -25345
20765 -25348
20761 -25349
20758 -25352
20757 -25353
20755 -25355
20752 -25358
20749 -25360
20746 -25363
20745 -25364
20743 -25365
20740 -25368
20736 -25370
20733 -25373
20732 -25374
20730 -25375
20727 -25378
20724 -25380
20721 -25383
20720 -25384
20718 -25386
20715 -25389
20712 -25390
20709 -25393
20707 -25394
20706 -25396
20703 -25399
20700 -25401
20697 -25404
20695 -25405
20694 -25406
20691 -25409
20686 -25410
20683 -25413
20682 -25414
20680 -25416
20677 -25419
20674 -25421
20671 -25424
20670 -25425
20668 -25426
20665 -25429
20662 -25431
20659 -25434
20657 -25435
20656 -25436
20653 -25439
20650 -25441
20647 -25444
20645 -25445
20644 -25447
20641 -25450
20637 -25451
20634 -25454
20632 -25455
20631 -25456
20628 -25459
20625 -25461
20622 -25464
20620 -25465
20619 -25467
20616 -25470
20612 -25471
20609 -25474
20608 -25475
20606 -25477
20603 -25480
20600 -25482
20597 -25485
20596 -25486
20594 -25487
20591 -25490
20588 -25489
20587 -25491
20584 -25494
20582 -25495
20581 -25496
20578 -25499
20575 -25501
20572 -25504
20570 -25505
20569 -25507
20566 -25510
20562 -25511
20559 -25514
20558 -25515
20556 -25517
20553 -25520
20550 -25522
20547 -25525
20546 -25526
20544 -25527
20541 -25530
20537 -25531
20534 -25534
20533 -25535
20531 -25537
20528 -25540
20525 -25542
20522 -25545
20521 -25546
20519 -25547
20516 -25550
20513 -25552
20510 -25555
20508 -25556
20507 -25557
20504 -25560
20501 -25562
20498 -25565
20496 -25566
20495 -25568
20492 -25571
20488 -25570
20487 -25571
20484 -25574
20482 -25575
20481 -25577
20478 -25579
20475 -25582
20472 -25584
20470 -25585
20469 -25587
20466 -25589
20463 -25592
20460 -25594
20458 -25595
20457 -25597
20454 -25599
20450 -25602
20447 -25604
20446 -25605
20444 -25607
20441 -25609
20437 -25612
20434 -25614
20433 -25615
20431 -25617
20428 -25619
20425 -25622
20422 -25624
20420 -25625
20419 -25627
20416 -25629
20412 -25632
20409 -25634
20408 -25635
20406 -25637
20403 -25639
20400 -25642
20397 -25644
20395 -25645
20394 -25647
20391 -25649
20389 -25650
20387 -25652
20384 -25654
20383 -25655
20381 -25657
20378 -25659
20375 -25662
20372 -25664
20370 -25665
20369 -25667
20366 -25669
20362 -25672
20359 -25674
20358 -25675
20356 -25677
20353 -25679
20350 -25682
20347 -25684
20345 -25685
20344 -25687
20341 -25689
20337 -25692
20334 -25694
20333 -25695
20331 -25697
20328 -25699
20325 -25702
20322 -25704
20320 -25705
20319 -25707
20316 -25709
20312 -25712
20309 -25714
20308 -25715
20306 -25717
20303 -25719
20300 -25722
20297 -25724
20295 -25725
20294 -25727
20291 -25729
20287 -25731
20284 -25734
20282 -25735
20281 -25736
20278 -25739
20274 -25741
20271 -25744
20270 -25745
20268 -25746
20265 -25749
20262 -25751
20259 -25754
20257 -25755
20256 -25756
20253 -25759
20249 -25761
20246 -25764
20245 -25765
20243 -25766
20240 -25769
20237 -25771
20234 -25774
20232 -25775
20231 -25776
20228 -25779
20224 -25781
20221 -25784
20220 -25785
20218 -25786
20215 -25789
20212 -25791
20209 -25794
20207 -25795
20206 -25796
20203 -25799
20199 -25801
20196 -25804
20195 -25805
20193 -25806
20190 -25809
20188 -25809
20186 -25810
20183 -25813
20182 -25814
20180 -25815
20177 -25818
20174 -25820
20171 -25823
20169 -25824
20168 -25825
20165 -25828
20161 -25830
20158 -25833
20157 -25834
20155 -25835
20152 -25838
20149 -25840
20146 -25843
20144 -25844
20143 -25845
20140 -25848
20136 -25850
20133 -25852
20132 -25853
20130 -25855
20127 -25857
20124 -25860
20121 -25862
20119 -25863
20118 -25865
20115 -25867
20111 -25870
20108 -25872
20107 -25873
20105 -25875
20102 -25877
20099 -25880
20096 -25882
20094 -25883
20093 -25885
20090 -25887
20086 -25887
20085 -25888
20082 -25891
20080 -25892
20079 -25893
20076 -25896
20072 -25898
20069 -25901
20068 -25902
20066 -25903
20063 -25906
20060 -25908
20057 -25911
20055 -25912
20054 -25913
20051 -25916
20047 -25918
20044 -25921
20043 -25922
20041 -25923
20038 -25926
20034 -25928
20031 -25930
20030 -25931
20028 -25933
20025 -25935
20022 -25938
20019 -25940
20017 -25941
20016 -25943
20013 -25945
20009 -25948
20006 -25950
20005 -25951
20003 -25953
20000 -25955
19997 -25958
19994 -25960
19992 -25961
19991 -25963
19988 -25965
19985 -25966
19984 -25967
19981 -25970
19979 -25971
19978 -25972
19975 -25975
19971 -25977
19968 -25980
19967 -25981
19965 -25982
19962 -25985
19959 -25987
19956 -25989
19954 -25990
19953 -25992
19950 -25994
19946 -25997
19943 -25999
19942 -26000
19940 -26002
19937 -26004
19933 -26006
19930 -26009
19929 -26010
19927 -26011
19924 -26014
19921 -26016
19918 -26019
19916 -26020
19915 -26021
19912 -26024
19908 -26026
19905 -26028
19904 -26029
19902 -26031
19899 -26033
19896 -26036
19893 -26038
19891 -26039
19890 -26041
19887 -26043
19882 -26045
19879 -26047
19878 -26048
19876 -26050
19873 -26052
19870 -26055
19867 -26057
19865 -26058
19864 -26060
19861 -26062
19857 -26064
19854 -26067
19853 -26068
19851 -26069
19848 -26072
19845 -26074
19842 -26077
19840 -26078
19839 -26079
19836 -26082
19832 -26084
19829 -26086
19827 -26087
19826 -26089
19823 -26091
19819 -26094
19816 -26096
19815 -26097
19813 -26099
19810 -26101
19807 -26103
19804 -26106
19802 -26107
19801 -26108
19798 -26111
19794 -26113
19791 -26116
19790 -26117
19788 -26118
19785 -26121
19782 -26121
19781 -26122
19778 -26125
19776 -26126
19775 -26127
19772 -26130
19768 -26132
19765 -26135
19764 -26136
19762 -26137
19759 -26140
19755 -26142
19752 -26144
19751 -26145
19749 -26147
19746 -26149
19743 -26152
19740 -26154
19738 -26155
19737 -26157
19734 -26159
19730 -26161
19727 -26164
19725 -26165
19724 -26166
19721 -26169
19717 -26171
19714 -26174
19713 -26175
19711 -26176
19708 -26179
19704 -26181
19701 -26183
19700 -26184
19698 -26186
19695 -26188
19692 -26191
19689 -26193
19687 -26194
19686 -26196
19683 -26198
19680 -26198
19678 -26199
19675 -26202
19674 -26203
19672 -26204
19669 -26207
19666 -26209
19663 -26212
19661 -26213
19660 -26214
19657 -26217
19653 -26219
19650 -26221
19648 -26222
19647 -26224
19644 -26226
19640 -26229
19637 -26231
19636 -26232
19634 -26234
19631 -26236
19627 -26238
19624 -26240
19623 -26241
19621 -26243
19618 -26245
19615 -26248
19612 -26250
19610 -26251
19609 -26253
19606 -26255
19602 -26257
19599 -26260
19597 -26261
19596 -26262
19593 -26265
19589 -26267
19586 -26270
19585 -26271
19583 -26272
19580 -26275
19577 -26274
19576 -26276
19573 -26278
19571 -26279
19570 -26281
19567 -26283
19563 -26286
19560 -26288
19559 -26289
19557 -26291
19554 -26293
19550 -26295
19547 -26298
19546 -26299
19544 -26300
19541 -26303
19538 -26305
19535 -26308
19533 -26309
19532 -26310
19529 -26313
19525 -26314
19522 -26317
19520 -26318
19519 -26319
19516 -26322
19512 -26324
19509 -26327
19508 -26328
19506 -26329
19503 -26332
19499 -26334
19496 -26336
19495 -26337
19493 -26339
19490 -26341
19487 -26344
19484 -26346
19482 -26347
19481 -26349
19478 -26351
19473 -26353
19470 -26355
19469 -26356
19467 -26358
19464 -26360
19461 -26363
19458 -26365
19456 -26366
19455 -26368
19452 -26370
19448 -26372
19445 -26374
19443 -26375
19442 -26377
19439 -26379
19435 -26381
19432 -26384
19431 -26385
19429 -26386
19426 -26389
19422 -26391
19419 -26393
19417 -26394
19416 -26396
19413 -26398
19409 -26400
19406 -26403
19405 -26404
19403 -26405
19400 -26408
19396 -26410
19393 -26412
19392 -26413
19390 -26415
19387 -26417
19384 -26419
19381 -26422
19379 -26423
19378 -26424
19375 -26427
19372 -26427
19370 -26429
19367 -26431
19366 -26432
19364 -26434
19361 -26436
19358 -26438
19355 -26441
19353 -26442
19352 -26443
19349 -26446
19345 -26448
19342 -26450
19340 -26451
19339 -26453
19336 -26455
19332 -26457
19329 -26460
19328 -26461
19326 -26462
19323 -26465
19319 -26467
19316 -26469
19314 -26470
19313 -26472
19310 -26474
19306 -26476
19303 -26479
19302 -26480
19300 -26481
19297 -26484
19293 -26486
19290 -26488
19289 -26489
19287 -26491
19284 -26493
19281 -26495
19278 -26498
19276 -26499
19275 -26500
19272 -26503
19268 -26502
19266 -26503
19263 -26506
19262 -26507
19260 -26508
19257 -26511
19254 -26513
19251 -26515
19249 -26516
19248 -26518
19245 -26520
19241 -26522
19238 -26525
19236 -26526
19235 -26527
19232 -26530
19228 -26532
19225 -26534
19224 -26535
19222 -26537
19219 -26539
19215 -26541
19212 -26544
19210 -26545
19209 -26546
19206 -26549
19202 -26551
19199 -26553
19198 -26554
19196 -26556
19193 -26558
19189 -26560
19186 -26563
19185 -26564
19183 -26565
19180 -26568
19177 -26570
19174 -26572
19172 -26573
19171 -26575
19168 -26577
19164 -26577
19163 -26578
19160 -26581
19158 -26582
19157 -26583
19154 -26586
19150 -26588
19147 -26590
19146 -26591
19144 -26593
19141 -26595
19137 -26597
19134 -26600
19133 -26601
19131 -26602
19128 -26605
19125 -26607
19122 -26609
19120 -26610
19119 -26612
19116 -26614
19112 -26616
19109 -26618
19107 -26619
19106 -26621
19103 -26623
19099 -26625
19096 -26628
19094 -26629
19093 -26630
19090 -26633
19086 -26635
19083 -26637
19081 -26638
19080 -26640
19077 -26642
19073 -26644
19070 -26647
19068 -26648
19067 -26649
19064 -26652
19060 -26653
19057 -26655
19055 -26656
19053 -26658
19050 -26660
19047 -26662
19044 -26665
19042 -26666
19040 -26667
19037 -26670
19034 -26672
19031 -26674
19029 -26675
19027 -26677
19024 -26679
19021 -26681
19018 -26684
19016 -26685
19014 -26686
19011 -26689
19008 -26690
19005 -26693
19003 -26694
19001 -26695
18998 -26698
18995 -26700
18992 -26702
18990 -26703
18988 -26705
18985 -26707
18982 -26709
18979 -26712
18977 -26713
18975 -26714
18972 -26717
18969 -26719
18966 -26721
18964 -26722
18962 -26724
18959 -26726
18957 -26726
18956 -26728
18953 -26730
18951 -26731
18949 -26733
18946 -26735
18943 -26737
18940 -26740
18938 -26741
18936 -26742
18933 -26745
18930 -26746
18927 -26749
18925 -26750
18923 -26751
18920 -26754
18917 -26756
18914 -26758
18912 -26759
18910 -26761
18907 -26763
18904 -26765
18901 -26767
18899 -26768
18897 -26770
18894 -26772
18891 -26774
18888 -26777
18886 -26778
18884 -26779
18881 -26782
18878 -26783
18875 -26786
18873 -26787
18871 -26788
18868 -26791
18865 -26793
18862 -26795
18860 -26796
18858 -26798
18855 -26800
18852 -26800
18851 -26801
18848 -26804
18846 -26805
18844 -26806
18841 -26809
18838 -26811
18835 -26813
18833 -26814
18831 -26816
18828 -26818
18825 -26820
18822 -26822
18820 -26823
18818 -26825
18815 -26827
18812 -26829
18809 -26832
18807 -26833
18805 -26834
18802 -26837
18799 -26838
18796 -26841
18794 -26842
18792 -26843
18789 -26846
18786 -26848
18783 -26850
18781 -26851
18779 -26853
18776 -26855
18773 -26857
18770 -26859
18768 -26860
18766 -26862
18763 -26864
18760 -26866
18757 -26869
18755 -26870
18753 -26871
18750 -26874
18748 -26873
18746 -26875
18743 -26877
18741 -26878
18740 -26880
18737 -26882
18733 -26884
18730 -26887
18728 -26888
18727 -26889
18724 -26892
18720 -26893
18717 -26896
18715 -26897
18714 -26898
18711 -26901
18707 -26903
18704 -26905
18702 -26906
18701 -26908
18698 -26910
18694 -26912
18691 -26914
18689 -26915
18687 -26917
18684 -26919
18681 -26921
18678 -26924
18676 -26925
18674 -26926
18671 -26929
18668 -26930
18665 -26933
18663 -26934
18661 -26935
18658 -26938
18655 -26940
18652 -26942
18650 -26943
18648 -26945
18645 -26947
18641 -26948
18638 -26950
18636 -26951
18634 -26953
18631 -26955
18628 -26957
18625 -26960
18623 -26961
18621 -26962
18618 -26965
18615 -26966
18612 -26969
18610 -26970
18608 -26971
18605 -26974
18602 -26976
18599 -26978
18597 -26979
18595 -26981
18592 -26983
18588 -26984
18585 -26987
18583 -26988
18582 -26989
18579 -26992
18575 -26994
18572 -26996
18570 -26997
18569 -26999
18566 -27001
18562 -27003
18559 -27005
18557 -27006
18556 -27008
18553 -27010
18549 -27012
18546 -27015
18544 -27016
18543 -27017
18540 -27020
18537 -27019
18535 -27020
18532 -27023
18530 -27024
18529 -27025
18526 -27028
18522 -27030
18519 -27032
18517 -27033
18516 -27035
18513 -27037
18509 -27039
18506 -27041
18504 -27042
18503 -27044
18500 -27046
18496 -27048
18493 -27051
18491 -27052
18490 -27053
18487 -27056
18483 -27057
18480 -27059
18478 -27060
18476 -27062
18473 -27064
18470 -27066
18467 -27069
18465 -27070
18463 -27071
18460 -27074
18457 -27075
18454 -27078
18452 -27079
18450 -27080
18447 -27083
18444 -27085
18441 -27087
18439 -27088
18437 -27090
18434 -27092
18431 -27091
18430 -27093
18427 -27095
18425 -27096
18423 -27097
18420 -27100
18417 -27102
18414 -27104
18412 -27105
18410 -27106
18407 -27109
18404 -27111
18401 -27113
18399 -27114
18397 -27115
18394 -27118
18391 -27120
18388 -27122
18386 -27123
18384 -27124
18381 -27127
18377 -27129
18374 -27131
18372 -27132
18371 -27133
18368 -27136
18364 -27138
18361 -27140
18359 -27141
18358 -27142
18355 -27145
18351 -27147
18348 -27149
18346 -27150
18344 -27151
18341 -27154
18338 -27156
18335 -27158
18333 -27159
18331 -27160
18328 -27163
18326 -27163
18324 -27165
18321 -27167
18319 -27168
18318 -27169
18315 -27172
18311 -27174
18308 -27176
18306 -27177
18305 -27178
18302 -27181
18298 -27183
18295 -27185
18293 -27186
18291 -27187
18288 -27190
18285 -27192
18282 -27194
18280 -27195
18278 -27196
18275 -27199
18271 -27201
18268 -27203
18266 -27204
18265 -27205
18262 -27208
18258 -27210
18255 -27212
18253 -27213
18252 -27214
18249 -27217
18245 -27219
18242 -27221
18240 -27222
18238 -27223
18235 -27226
18232 -27228
18229 -27230
18227 -27231
18225 -27232
18222 -27235
18218 -27236
18215 -27238
18213 -27239
18211 -27240
18208 -27243
18205 -27245
18202 -27247
18200 -27248
18198 -27249
18195 -27252
18191 -27254
18188 -27256
18186 -27257
18185 -27258
18182 -27261
18178 -27263
18175 -27265
18173 -27266
18172 -27267
18169 -27270
18165 -27271
18162 -27274
18160 -27274
18158 -27276
18155 -27278
18152 -27280
18149 -27283
18147 -27283
18145 -27285
18142 -27287
18138 -27289
18135 -27292
18133 -27292
18132 -27294
18129 -27296
18125 -27298
18122 -27301
18120 -27301
18119 -27303
18116 -27305
18113 -27305
18111 -27307
18108 -27309
18106 -27310
18105 -27311
18102 -27314
18098 -27316
18095 -27318
18093 -27319
18092 -27320
18089 -27323
18085 -27325
18082 -27327
18080 -27328
18078 -27329
18075 -27332
18072 -27334
18069 -27336
18067 -27337
18065 -27338
18062 -27341
18058 -27342
18055 -27345
18053 -27345
18052 -27347
18049 -27349
18045 -27351
18042 -27354
18040 -27354
18039 -27356
18036 -27358
18032 -27360
18029 -27363
18027 -27363
18025 -27365
18022 -27367
18019 -27369
18016 -27372
18014 -27372
18012 -27374
18009 -27376
18006 -27375
18004 -27377
18001 -27379
17999 -27380
17998 -27381
17995 -27384
17991 -27386
17988 -27388
17986 -27389
17985 -27390
17982 -27393
17978 -27395
17975 -27397
17973 -27398
17971 -27399
17968 -27402
17965 -27404
17962 -27406
17960 -27407
17958 -27408
17955 -27411
17951 -27412
17948 -27415
17946 -27415
17944 -27417
17941 -27419
17938 -27421
17935 -27424
17933 -27424
17931 -27426
17928 -27428
17924 -27430
17921 -27433
17919 -27433
17918 -27435
17915 -27437
17911 -27439
17908 -27442
17906 -27442
17905 -27444
17902 -27446
17899 -27446
17897 -27447
17894 -27450
17892 -27450
17891 -27452
17888 -27454
17884 -27456
17881 -27459
17879 -27459
17878 -27461
17875 -27463
17871 -27465
17868 -27467
17866 -27468
17864 -27469
17861 -27472
17858 -27474
17855 -27476
17853 -27477
17851 -27478
17848 -27481
17844 -27482
17841 -27485
17839 -27485
17837 -27487
17834 -27489
17831 -27491
17828 -27494
17826 -27494
17824 -27496
17821 -27498
17817 -27500
17814 -27502
17812 -27503
17811 -27504
17808 -27507
17804 -27509
17801 -27511
17799 -27512
17798 -27513
17795 -27516
17790 -27517
17787 -27520
17785 -27520
17784 -27522
17781 -27524
17777 -27526
17774 -27529
17772 -27529
17771 -27531
17768 -27533
17764 -27535
17761 -27537
17759 -27538
17757 -27539
17754 -27542
17751 -27544
17748 -27546
17746 -27547
17744 -27548
17741 -27551
17737 -27552
17734 -27555
17732 -27555
17730 -27557
17727 -27559
17724 -27561
17721 -27564
17719 -27564
17717 -27566
17714 -27568
17710 -27570
17707 -27572
17705 -27573
17704 -27574
17701 -27577
17697 -27579
17694 -27581
17692 -27582
17691 -27583
17688 -27586
17684 -27585
17683 -27587
17680 -27589
17678 -27590
17676 -27591
17673 -27594
17670 -27596
17667 -27598
17665 -27599
17663 -27600
17660 -27603
17656 -27604
17653 -27607
17651 -27607
17650 -27609
17647 -27611
17643 -27613
17640 -27616
17638 -27616
17637 -27618
17634 -27620
17629 -27621
17626 -27624
17624 -27624
17623 -27626
17620 -27628
17616 -27630
17613 -27633
17611 -27633
17610 -27635
17607 -27637
17603 -27639
17600 -27641
17598 -27642
17596 -27643
17591 -27644
17588 -27647
17586 -27647
17584 -27649
17581 -27651
17577 -27653
17574 -27655
17572 -27656
17571 -27657
17568 -27660
17564 -27662
17561 -27664
17559 -27665
17557 -27666
17554 -27669
17550 -27670
17547 -27672
17545 -27673
17544 -27674
17541 -27677
17537 -27679
17534 -27681
17532 -27682
17530 -27683
17527 -27686
17523 -27687
17520 -27690
17518 -27690
17517 -27692
17514 -27694
17510 -27696
17507 -27699
17505 -27699
17503 -27701
17500 -27703
17498 -27702
17496 -27704
17493 -27706
17491 -27707
17490 -27708
17487 -27711
17483 -27713
17480 -27715
17478 -27716
17476 -27717
17473 -27720
17469 -27721
17466 -27724
17464 -27724
17463 -27726
17460 -27728
17456 -27730
17453 -27733
17451 -27733
17449 -27735
17446 -27737
17442 -27738
17439 -27741
17437 -27741
17436 -27743
17433 -27745
17429 -27747
17426 -27750
17424 -27750
17422 -27752
17419 -27754
17415 -27756
17412 -27758
17410 -27759
17409 -27760
17406 -27763
17402 -27764
17399 -27767
17397 -27767
17395 -27769
17392 -27771
17388 -27772
17385 -27775
17383 -27775
17381 -27777
17378 -27779
17374 -27781
17371 -27783
17369 -27784
17368 -27785
17365 -27788
17361 -27789
17358 -27792
17356 -27792
17354 -27794
17351 -27796
17347 -27798
17344 -27800
17342 -27801
17341 -27802
17338 -27805
17334 -27806
17331 -27809
17329 -27809
17327 -27811
17324 -27813
17320 -27815
17317 -27817
17315 -27818
17314 -27819
17311 -27822
17307 -27823
17304 -27826
17302 -27826
17300 -27828
17297 -27830
17293 -27832
17290 -27834
17288 -27835
17287 -27836
17284 -27839
17281 -27839
17279 -27840
17276 -27843
17274 -27843
17273 -27845
17270 -27847
17266 -27849
17263 -27851
17261 -27852
17259 -27853
17256 -27856
17252 -27857
17249 -27860
17247 -27860
17246 -27862
17243 -27864
17239 -27866
17236 -27868
17234 -27869
17232 -27870
17229 -27873
17225 -27874
17222 -27877
17220 -27877
17219 -27879
17216 -27881
17212 -27883
17209 -27885
17207 -27886
17205 -27887
17202 -27890
17198 -27891
17195 -27894
17193 -27894
17192 -27896
17189 -27898
17185 -27900
17182 -27902
17180 -27903
17178 -27904
17175 -27907
17172 -27906
17170 -27907
17167 -27910
17165 -27910
17164 -27912
17161 -27914
17157 -27916
17154 -27918
17152 -27919
17150 -27920
17147 -27923
17143 -27924
17140 -27927
17138 -27927
17137 -27929
17134 -27931
17130 -27933
17127 -27935
17125 -27936
17123 -27937
17120 -27940
17116 -27941
17113 -27943
17111 -27944
17109 -27945
17106 -27948
17102 -27949
17099 -27952
17097 -27952
17096 -27954
17093 -27956
17089 -27958
17086 -27960
17084 -27961
17082 -27962
17079 -27965
17075 -27966
17072 -27969
17070 -27969
17069 -27971
17066 -27973
17063 -27973
17061 -27974
17058 -27977
17056 -27977
17055 -27979
17052 -27981
17048 -27983
17045 -27985
17043 -27986
17041 -27987
17038 -27990
17034 -27991
17031 -27994
17029 -27994
17028 -27996
17025 -27998
17021 -28000
17018 -28002
17016 -28003
17014 -28004
17011 -28007
17007 -28008
17004 -28010
17002 -28011
17000 -28012
16997 -28015
16993 -28016
16990 -28019
16988 -28019
16987 -28021
16984 -28023
16980 -28025
16977 -28027
16975 -28028
16973 -28029
16970 -28032
16966 -28033
16963 -28036
16961 -28036
16960 -28038
16957 -28040
16951 -28040
16948 -28043
16946 -28043
16945 -28045
16942 -28047
16938 -28049
16935 -28051
16933 -28052
16931 -28053
16928 -28056
16924 -28057
16921 -28060
16919 -28060
16918 -28062
16915 -28064
16911 -28066
16908 -28068
16906 -28069
16904 -28070
16901 -28073
16897 -28074
16894 -28076
16892 -28077
16890 -28078
16887 -28081
16883 -28082
16880 -28085
16878 -28085
16877 -28087
16874 -28089
16870 -28090
16867 -28093
16865 -28093
16863 -28095
16860 -28097
16856 -28099
16853 -28101
16851 -28102
16850 -28103
16847 -28106
16843 -28105
16842 -28107
16839 -28109
16837 -28110
16835 -28111
16832 -28114
16828 -28115
16825 -28118
16823 -28118
16822 -28120
16819 -28122
16815 -28123
16812 -28126
16810 -28126
16808 -28128
16805 -28130
16801 -28132
16798 -28134
16796 -28135
16795 -28136
16792 -28139
16787 -28140
16784 -28142
16782 -28143
16781 -28144
16778 -28147
16774 -28148
16771 -28151
16769 -28151
16767 -28153
16764 -28155
16760 -28156
16757 -28159
16755 -28159
16754 -28161
16751 -28163
16747 -28165
16744 -28167
16742 -28168
16740 -28169
16737 -28172
16734 -28170
16732 -28171
16729 -28174
16727 -28174
16726 -28176
16723 -28178
16719 -28180
16716 -28182
16714 -28183
16712 -28184
16709 -28187
16705 -28188
16702 -28190
16700 -28191
16698 -28192
16695 -28195
16691 -28196
16688 -28199
16686 -28199
16685 -28201
16682 -28203
16677 -28204
16674 -28207
16672 -28207
16671 -28209
16668 -28211
16664 -28213
16661 -28215
16659 -28216
16657 -28217
16654 -28220
16650 -28221
16647 -28223
16645 -28224
16643 -28225
16640 -28228
16636 -28229
16633 -28232
16631 -28232
16630 -28234
16627 -28236
16624 -28235
16622 -28237
16619 -28239
16617 -28240
16616 -28241
16613 -28244
16609 -28245
16606 -28248
16604 -28248
16602 -28250
16599 -28252
16595 -28253
16592 -28256
16590 -28256
16588 -28258
16585 -28260
16581 -28262
16578 -28264
16576 -28265
16575 -28266
16572 -28269
16567 -28269
16564 -28272
16562 -28272
16561 -28274
16558 -28276
16554 -28278
16551 -28280
16549 -28281
16547 -28282
16544 -28285
16540 -28286
16537 -28288
16535 -28289
16533 -28290
16530 -28293
16526 -28294
16523 -28297
16521 -28297
16520 -28299
16517 -28301
16511 -28301
16508 -28304
16506 -28304
16505 -28306
16502 -28308
16498 -28310
16495 -28312
16493 -28313
16491 -28314
16488 -28317
16484 -28318
16481 -28320
16479 -28321
16477 -28322
16474 -28325
16470 -28326
16467 -28329
16465 -28329
16464 -28331
16461 -28333
16456 -28334
16453 -28336
16451 -28337
16450 -28338
16447 -28341
16443 -28342
16440 -28345
16438 -28345
16436 -28347
16433 -28349
16429 -28350
16426 -28353
16424 -28353
16422 -28355
16419 -28357
16415 -28359
16412 -28361
16410 -28362
16409 -28363
16406 -28366
16402 -28365
16401 -28366
16398 -28369
16396 -28369
16394 -28371
16391 -28373
16387 -28375
16384 -28378
16382 -28378
16381 -28379
16378 -28381
16373 -28383
16370 -28385
16368 -28386
16367 -28387
16364 -28389
16360 -28391
16357 -28393
16355 -28394
16353 -28395
16350 -28397
16346 -28399
16343 -28401
16341 -28402
16339 -28403
16336 -28405
16332 -28407
16329 -28409
16327 -28410
16326 -28411
16323 -28413
16318 -28415
16315 -28417
16313 -28418
16312 -28419
16309 -28421
16305 -28423
16302 -28425
16300 -28426
16298 -28427
16295 -28429
16291 -28429
16290 -28430
16287 -28432
16285 -28433
16283 -28434
16280 -28436
16276 -28438
16273 -28440
16271 -28441
16270 -28442
16267 -28444
16262 -28446
16259 -28448
16257 -28449
16256 -28450
16253 -28452
16249 -28454
16246 -28456
16244 -28457
16242 -28458
16239 -28460
16234 -28462
16231 -28464
16229 -28465
16228 -28466
16225 -28468
16221 -28470
16218 -28472
16216 -28473
16214 -28474
16211 -28476
16207 -28478
16204 -28480
16202 -28481
16200 -28482
16197 -28484
16193 -28486
16190 -28488
16188 -28489
16187 -28490
16184 -28492
16180 -28493
16179 -28494
16176 -28496
16174 -28497
16172 -28498
16169 -28500
16165 -28502
16162 -28504
16160 -28505
16159 -28506
16156 -28508
16151 -28510
16148 -28512
16146 -28513
16145 -28514
16142 -28516
16138 -28518
16135 -28520
16133 -28521
16131 -28522
16128 -28524
16123 -28526
16120 -28528
16118 -28529
16117 -28530
16114 -28532
16110 -28534
16107 -28536
16105 -28537
16103 -28538
16100 -28540
16096 -28542
16093 -28544
16091 -28545
16089 -28546
16086 -28548
16082 -28550
16079 -28552
16077 -28553
16076 -28554
16073 -28556
16067 -28557
16064 -28559
16062 -28560
16061 -28561
16058 -28563
16054 -28565
16051 -28567
16049 -28568
16047 -28569
16044 -28571
16040 -28573
16037 -28575
16035 -28576
16033 -28577
16030 -28579
16026 -28581
16023 -28583
16021 -28584
16020 -28585
16017 -28587
16012 -28589
16009 -28591
16007 -28592
16005 -28593
16002 -28595
15998 -28597
15995 -28599
15993 -28600
15992 -28601
15989 -28603
15984 -28605
15981 -28607
15979 -28608
15978 -28609
15975 -28611
15971 -28613
15968 -28615
15966 -28616
15964 -28617
15961 -28619
15957 -28619
15956 -28620
15953 -28622
15951 -28623
15949 -28624
15946 -28626
15942 -28628
15939 -28630
15937 -28631
15936 -28632
15933 -28634
15928 -28636
15925 -28638
15923 -28639
15922 -28640
15919 -28642
15915 -28644
15912 -28646
15910 -28647
15908 -28648
15905 -28650
15900 -28651
15897 -28653
15895 -28654
15894 -28655
15891 -28657
15887 -28659
15884 -28661
15882 -28662
15880 -28663
15877 -28665
15873 -28667
15870 -28669
15868 -28670
15867 -28671
15863 -28673
15859 -28675
15856 -28677
15854 -28678
15852 -28679
15849 -28681
15846 -28680
15845 -28681
15841 -28683
15839 -28684
15838 -28685
15834 -28687
15831 -28689
15827 -28691
15825 -28692
15824 -28693
15820 -28695
15817 -28696
15813 -28698
15811 -28699
15810 -28700
15806 -28702
15803 -28704
15799 -28706
15797 -28707
15796 -28708
15792 -28710
15789 -28712
15785 -28714
15783 -28715
15782 -28716
15778 -28718
15775 -28720
15771 -28722
15769 -28723
15768 -28724
15764 -28726
15761 -28727
15757 -28729
15755 -28730
15754 -28731
15750 -28733
15747 -28735
15743 -28737
15741 -28738
15740 -28739
15736 -28741
15734 -28741
15733 -28742
15729 -28744
15727 -28745
15726 -28746
15722 -28748
15719 -28750
15715 -28752
15713 -28753
15712 -28754
15708 -28756
15705 -28758
15701 -28760
15699 -28761
15698 -28762
15694 -28764
15691 -28766
15687 -28768
15685 -28769
15684 -28770
15680 -28772
15677 -28773
15673 -28775
15671 -28776
15670 -28777
15666 -28779
15663 -28781
15659 -28783
15657 -28784
15656 -28785
15652 -28787
15649 -28789
15645 -28791
15643 -28792
15642 -28793
15638 -28795
15635 -28797
15631 -28799
15629 -28800
15628 -28801
15624 -28803
15620 -28804
15617 -28806
15615 -28807
15613 -28808
15610 -28810
15606 -28812
15603 -28814
15601 -28815
15599 -28816
15596 -28818
15592 -28819
15589 -28821
15587 -28822
15585 -28823
15582 -28825
15578 -28827
15575 -28829
15573 -28830
15571 -28831
15568 -28833
15564 -28834
15561 -28836
15559 -28837
15557 -28838
15554 -28840
15550 -28842
15547 -28844
15545 -28845
15543 -28846
15540 -28848
15536 -28850
15533 -28852
15531 -28853
15529 -28854
15526 -28856
15522 -28858
15519 -28860
15517 -28861
15515 -28862
15512 -28864
15509 -28864
15508 -28865
15504 -28867
15502 -28868
15501 -28869
15497 -28871
15494 -28873
15490 -28875
15488 -28876
15487 -28877
15483 -28879
15480 -28880
15476 -28882
15474 -28883
15473 -28884
15469 -28886
15466 -28888
15462 -28890
15460 -28891
15459 -28892
15455 -28894
15452 -28895
15448 -28897
15446 -28898
15445 -28899
15441 -28901
15438 -28903
15434 -28905
15432 -28906
15431 -28907
15427 -28909
15424 -28911
15420 -28913
15418 -28914
15417 -28915
15413 -28917
15410 -28919
15406 -28921
15404 -28922
15403 -28923
15399 -28925
15396 -28924
15395 -28925
15391 -28927
15389 -28928
15388 -28929
15384 -28931
15381 -28933
15377 -28935
15375 -28936
15374 -28937
15370 -28939
15367 -28941
15363 -28943
15361 -28944
15360 -28945
15356 -28947
15353 -28948
15349 -28950
15347 -28951
15346 -28952
15342 -28954
15338 -28955
15335 -28957
15333 -28958
15331 -28959
15328 -28961
15324 -28963
15321 -28965
15319 -28966
15317 -28967
15314 -28969
15310 -28970
15307 -28972
15305 -28973
15303 -28974
15300 -28976
15296 -28978
15293 -28980
15291 -28981
15289 -28982
15286 -28984
15283 -28984
15282 -28985
15278 -28987
15276 -28988
15275 -28989
15271 -28991
15268 -28993
15264 -28995
15262 -28996
15261 -28997
15257 -28999
15254 -29000
15250 -29002
15248 -29003
15247 -29004
15243 -29006
15240 -29008
15236 -29010
15234 -29011
15233 -29012
15229 -29014
15225 -29015
15222 -29017
15220 -29018
15218 -29019
15215 -29021
15211 -29023
15208 -29025
15206 -29026
15204 -29027
15201 -29029
15197 -29030
15194 -29032
15192 -29033
15190 -29034
15187 -29036
15183 -29038
15180 -29040
15178 -29041
15176 -29042
15173 -29044
15169 -29045
15165 -29047
15163 -29048
15162 -29049
15158 -29051
15155 -29052
15151 -29054
15149 -29055
15148 -29056
15144 -29058
15141 -29060
15137 -29062
15135 -29063
15134 -29064
15130 -29066
15127 -29067
15123 -29069
15121 -29070
15120 -29071
15116 -29073
15112 -29075
15109 -29077
15107 -29078
15105 -29079
15102 -29081
15098 -29082
15095 -29084
15093 -29085
15091 -29086
15088 -29088
15084 -29090
15081 -29092
15079 -29093
15077 -29094
15074 -29096
15070 -29097
15067 -29099
15065 -29100
15063 -29101
15060 -29103
15057 -29103
15055 -29104
15052 -29106
15050 -29107
15048 -29108
15045 -29110
15041 -29112
15038 -29114
15036 -29115
15034 -29116
15031 -29118
15027 -29119
15024 -29121
15022 -29122
15020 -29123
15017 -29125
15013 -29127
15010 -29129
15008 -29130
15006 -29131
15003 -29133
14999 -29134
14995 -29136
14993 -29137
14992 -29138
14988 -29140
14985 -29141
14981 -29143
14979 -29144
14978 -29145
14974 -29147
14971 -29149
14967 -29151
14965 -29152
14964 -29153
14960 -29155
14957 -29156
14953 -29158
14951 -29159
14950 -29160
14946 -29162
14942 -29161
14941 -29162
14937 -29164
14935 -29165
14934 -29166
14930 -29168
14927 -29169
14923 -29171
14921 -29172
14920 -29173
14916 -29175
14913 -29177
14909 -29179
14907 -29180
14906 -29181
14902 -29183
14899 -29184
14895 -29186
14893 -29187
14892 -29188
14888 -29190
14884 -29191
14881 -29193
14879 -29194
14877 -29195
14874 -29197
14870 -29199
14867 -29201
14865 -29202
14863 -29203
14860 -29205
14856 -29206
14852 -29208
14850 -29209
14849 -29210
14845 -29212
14842 -29214
14838 -29216
14836 -29217
14835 -29218
14831 -29220
14829 -29219
14827 -29220
14824 -29222
14822 -29223
14820 -29224
14817 -29226
14813 -29228
14810 -29230
14808 -29231
14806 -29232
14803 -29234
14799 -29235
14795 -29237
14793 -29238
14792 -29239
14788 -29241
14785 -29242
14781 -29244
14779 -29245
14778 -29246
14774 -29248
14770 -29249
14767 -29251
14765 -29252
14763 -29253
14760 -29255
14756 -29257
14753 -29259
14751 -29260
14749 -29261
14746 -29263
14742 -29264
14738 -29266
14736 -29267
14735 -29268
14731 -29270
14728 -29271
14724 -29273
14722 -29274
14721 -29275
14717 -29277
14713 -29278
14709 -29280
14707 -29281
14706 -29282
14702 -29284
14699 -29285
14695 -29287
14693 -29288
14692 -29289
14688 -29291
14684 -29292
14681 -29294
14679 -29295
14677 -29296
14674 -29298
14670 -29300
14667 -29302
14665 -29303
14663 -29304
14660 -29306
14656 -29307
14652 -29309
14650 -29310
14649 -29311
14645 -29313
14642 -29314
14638 -29316
14636 -29317
14635 -29318
14631 -29320
14627 -29321
14624 -29323
14622 -29324
14620 -29325
14617 -29327
14613 -29329
14610 -29331
14608 -29332
14606 -29333
14603 -29335
14600 -29334
14598 -29335
14595 -29337
14593 -29338
14591 -29339
14588 -29341
14584 -29343
14581 -29345
14579 -29346
14577 -29347
14574 -29349
14570 -29350
14566 -29352
14564 -29353
14563 -29354
14559 -29356
14556 -29357
14552 -29359
14550 -29360
14549 -29361
14545 -29363
14541 -29364
14538 -29366
14536 -29367
14534 -29368
14531 -29370
14527 -29371
14524 -29373
14522 -29374
14520 -29375
14517 -29377
14513 -29378
14509 -29380
14507 -29381
14506 -29382
14502 -29384
14499 -29386
14495 -29388
14493 -29389
14492 -29390
14488 -29392
14485 -29391
14484 -29392
14480 -29394
14478 -29395
14477 -29396
14473 -29398
14470 -29399
14466 -29401
14464 -29402
14463 -29403
14459 -29405
14455 -29406
14452 -29408
14450 -29409
14448 -29410
14445 -29412
14441 -29414
14438 -29416
14436 -29417
14434 -29418
14431 -29420
14427 -29420
14423 -29422
14421 -29423
14420 -29424
14416 -29426
14413 -29428
14409 -29430
14407 -29431
14406 -29432
14402 -29434
14398 -29435
14395 -29437
14393 -29438
14391 -29439
14388 -29441
14384 -29442
14381 -29444
14379 -29445
14377 -29446
14374 -29448
14370 -29447
14369 -29448
14365 -29450
14363 -29451
14362 -29452
14358 -29454
14355 -29456
14351 -29458
14349 -29459
14348 -29460
14344 -29462
14340 -29463
14337 -29465
14335 -29466
14333 -29467
14330 -29469
14326 -29470
14323 -29472
14321 -29473
14319 -29474
14316 -29476
14311 -29477
14308 -29479
14306 -29480
14304 -29481
14301 -29483
14297 -29484
14294 -29486
14292 -29487
14290 -29488
14287 -29490
14283 -29491
14279 -29493
14277 -29494
14276 -29495
14272 -29497
14269 -29498
14265 -29500
14263 -29501
14262 -29502
14258 -29504
14253 -29505
14250 -29507
14248 -29507
14246 -29508
14243 -29510
14239 -29512
14236 -29514
14234 -29514
14232 -29515
14229 -29517
14225 -29519
14221 -29521
14219 -29521
14218 -29522
14214 -29524
14211 -29526
14207 -29528
14205 -29528
14204 -29529
14200 -29531
14196 -29533
14192 -29535
14190 -29535
14189 -29536
14185 -29538
14182 -29540
14178 -29542
14176 -29542
14175 -29543
14171 -29545
14167 -29547
14164 -29549
14162 -29549
14160 -29550
14157 -29552
14153 -29554
14150 -29556
14148 -29556
14146 -29557
14143 -29559
14140 -29559
14138 -29560
14135 -29562
14133 -29563
14131 -29564
14128 -29566
14124 -29567
14121 -29569
14119 -29570
14117 -29571
14114 -29573
14110 -29574
14106 -29576
14104 -29577
14103 -29578
14099 -29580
14096 -29581
14092 -29583
14090 -29584
14089 -29585
14085 -29587
14081 -29588
14077 -29590
14075 -29591
14074 -29592
14070 -29594
14067 -29595
14063 -29597
14061 -29598
14060 -29599
14056 -29601
14052 -29602
14049 -29604
14047 -29605
14045 -29606
14042 -29608
14038 -29609
14035 -29611
14033 -29612
14031 -29613
14026 -29612
14022 -29614
14020 -29615
14019 -29616
14015 -29618
14012 -29619
14008 -29621
14006 -29622
14005 -29623
14001 -29625
13997 -29626
13994 -29628
13992 -29629
13990 -29630
13987 -29632
13983 -29633
13980 -29635
13978 -29636
13976 -29637
13973 -29639
13968 -29640
13965 -29642
13963 -29642
13961 -29643
13958 -29645
13954 -29647
13951 -29649
13949 -29649
13947 -29650
13944 -29652
13940 -29654
13936 -29656
13934 -29656
13933 -29657
13929 -29659
13926 -29661
13922 -29663
13920 -29663
13919 -29664
13915 -29666
13912 -29666
13910 -29667
13907 -29669
13905 -29669
13903 -29670
13900 -29672
13896 -29674
13893 -29676
13891 -29676
13889 -29677
13886 -29679
13882 -29681
13878 -29683
13876 -29683
13875 -29684
13871 -29686
13868 -29688
13864 -29690
13862 -29690
13861 -29691
13857 -29693
13853 -29694
13850 -29696
13848 -29697
13846 -29698
13843 -29700
13839 -29701
13835 -29703
13833 -29704
13832 -29705
13828 -29707
13824 -29708
13821 -29710
13819 -29711
13817 -29712
13814 -29714
13810 -29715
13806 -29717
13804 -29718
13803 -29719
13799 -29721
13795 -29721
13791 -29723
13789 -29724
13788 -29725
13784 -29727
13780 -29728
13777 -29730
13775 -29731
13773 -29732
13770 -29734
13766 -29735
13762 -29737
13760 -29737
13759 -29738
13755 -29740
13751 -29742
13748 -29744
13746 -29744
13744 -29745
13741 -29747
13737 -29748
13733 -29750
13731 -29751
13730 -29752
13726 -29754
13722 -29755
13719 -29757
13717 -29758
13715 -29759
13712 -29761
13708 -29762
13704 -29764
13702 -29764
13701 -29765
13697 -29767
13693 -29769
13690 -29771
13688 -29771
13686 -29772
13683 -29774
13680 -29774
13679 -29775
13675 -29777
13673 -29777
13672 -29778
13668 -29780
13664 -29782
13661 -29784
13659 -29784
13657 -29785
13654 -29787
13650 -29788
13646 -29790
13644 -29791
13643 -29792
13639 -29794
13635 -29795
13632 -29797
13630 -29798
13628 -29799
13625 -29801
13621 -29802
13617 -29804
13615 -29804
13614 -29805
13610 -29807
13606 -29809
13603 -29811
13601 -29811
13599 -29812
13596 -29814
13592 -29815
13588 -29817
13586 -29818
13585 -29819
13581 -29821
13577 -29822
13574 -29824
13572 -29825
13570 -29826
13567 -29828
13563 -29827
13562 -29828
13558 -29830
13556 -29830
13555 -29831
13551 -29833
13547 -29835
13544 -29837
13542 -29837
13540 -29838
13537 -29840
13533 -29841
13529 -29843
13527 -29844
13526 -29845
13522 -29847
13518 -29848
13515 -29850
13513 -29851
13511 -29852
13508 -29854
13504 -29854
13500 -29856
13498 -29857
13497 -29858
13493 -29860
13489 -29861
13486 -29863
13484 -29864
13482 -29865
13479 -29867
13475 -29868
13471 -29870
13469 -29870
13468 -29871
13464 -29873
13460 -29875
13457 -29877
13455 -29877
13453 -29878
13450 -29880
13447 -29880
13445 -29881
13442 -29883
13440 -29883
13438 -29884
13435 -29886
13431 -29888
13427 -29890
13425 -29890
13424 -29891
13420 -29893
13416 -29894
13413 -29896
13411 -29897
13409 -29898
13406 -29900
13402 -29901
13398 -29903
13396 -29904
13395 -29905
13391 -29907
13387 -29907
13384 -29909
13382 -29910
13380 -29911
13377 -29913
13373 -29914
13369 -29916
13367 -29917
13366 -29918
13362 -29920
13358 -29921
13355 -29923
13353 -29923
13351 -29924
13348 -29926
13344 -29928
13340 -29930
13338 -29930
13337 -29931
13333 -29933
13329 -29933
13325 -29935
13323 -29936
13322 -29937
13318 -29939
13314 -29940
13311 -29942
13309 -29943
13307 -29944
13304 -29946
13300 -29946
13296 -29948
13294 -29949
13293 -29950
13289 -29952
13285 -29953
13282 -29955
13280 -29955
13278 -29956
13275 -29958
13270 -29959
13267 -29961
13265 -29962
13263 -29963
13260 -29965
13256 -29966
13252 -29968
13250 -29968
13249 -29969
13245 -29971
13241 -29972
13238 -29974
13236 -29975
13234 -29976
13231 -29978
13227 -29979
13223 -29981
13221 -29981
13220 -29982
13216 -29984
13213 -29984
13212 -29985
13208 -29987
13206 -29988
13205 -29989
13201 -29991
13197 -29992
13194 -29994
13192 -29994
13190 -29995
13187 -29997
13183 -29998
13179 -30000
13177 -30001
13176 -30002
13172 -30004
13168 -30005
13165 -30007
13163 -30007
13161 -30008
13158 -30010
13153 -30011
13150 -30013
13148 -30014
13146 -30015
13143 -30017
13139 -30018
13135 -30020
13133 -30020
13132 -30021
13128 -30023
13124 -30024
13121 -30026
13119 -30027
13117 -30028
13114 -30030
13110 -30031
13106 -30033
13104 -30033
13103 -30034
13099 -30036
13096 -30035
13094 -30036
13091 -30038
13089 -30039
13087 -30040
13084 -30042
13080 -30043
13076 -30045
13074 -30045
13073 -30046
13069 -30048
13065 -30049
13062 -30051
13060 -30052
13058 -30053
13055 -30055
13051 -30056
13047 -30058
13045 -30058
13044 -30059
13040 -30061
13036 -30062
13032 -30064
13030 -30064
13029 -30065
13025 -30067
13021 -30068
13018 -30070
13016 -30071
13014 -30072
13011 -30074
13007 -30075
13003 -30077
13001 -30077
13000 -30078
12996 -30080
12992 -30081
12989 -30083
12987 -30084
12985 -30085
12982 -30087
12978 -30086
12977 -30087
12973 -30089
12971 -30090
12970 -30091
12966 -30093
12962 -30094
12959 -30096
12957 -30096
12955 -30097
12952 -30099
12948 -30100
12944 -30102
12942 -30103
12941 -30104
12937 -30106
12933 -30107
12930 -30109
12928 -30109
12926 -30110
12923 -30112
12918 -30113
12915 -30115
12913 -30115
12911 -30116
12908 -30118
12904 -30119
12900 -30121
12898 -30122
12897 -30123
12893 -30125
12889 -30126
12886 -30128
12884 -30128
12882 -30129
12879 -30131
12875 -30132
12871 -30134
12869 -30135
12868 -30136
12864 -30138
12859 -30137
12856 -30139
12854 -30140
12852 -30141
12849 -30143
12845 -30144
12841 -30146
12839 -30146
12838 -30147
12834 -30149
12830 -30150
12827 -30152
12825 -30153
12823 -30154
12820 -30156
12816 -30157
12812 -30159
12810 -30159
12809 -30160
12805 -30162
12801 -30163
12797 -30165
12795 -30166
12794 -30167
12790 -30169
12786 -30170
12783 -30172
12781 -30172
12779 -30173
12776 -30175
12772 -30176
12768 -30178
12766 -30178
12765 -30179
12761 -30181
12757 -30182
12754 -30184
12752 -30185
12750 -30186
12747 -30188
12743 -30187
12742 -30188
12738 -30190
12736 -30190
12735 -30191
12731 -30193
12727 -30194
12724 -30196
12722 -30197
12720 -30198
12717 -30200
12713 -30200
12709 -30202
12707 -30203
12706 -30204
12702 -30206
12698 -30207
12695 -30209
12693 -30209
12691 -30210
12688 -30212
12683 -30213
12680 -30215
12678 -30215
12676 -30216
12673 -30218
12669 -30219
12665 -30221
12663 -30222
12662 -30223
12658 -30225
12654 -30225
12650 -30227
12648 -30228
12647 -30229
12643 -30231
12639 -30232
12636 -30234
12634 -30234
12632 -30235
12629 -30237
12625 -30236
12624 -30237
12620 -30239
12618 -30240
12617 -30241
12613 -30243
12609 -30244
12606 -30246
12604 -30246
12602 -30247
12599 -30249
12594 -30250
12591 -30252
12589 -30252
12587 -30253
12584 -30255
12580 -30256
12576 -30258
12574 -30259
12573 -30260
12569 -30262
12565 -30262
12561 -30264
12559 -30265
12558 -30266
12554 -30268
12550 -30269
12547 -30271
12545 -30271
12543 -30272
12540 -30274
12535 -30275
12532 -30277
12530 -30277
12528 -30278
12525 -30280
12521 -30281
12517 -30283
12515 -30284
12514 -30285
12510 -30287
12507 -30285
12506 -30286
12502 -30288
12500 -30289
12499 -30290
12495 -30292
12491 -30293
12488 -30295
12486 -30295
12484 -30296
12481 -30298
12476 -30299
12473 -30301
12471 -30301
12469 -30302
12466 -30304
12462 -30305
12458 -30307
12456 -30308
12455 -30309
12451 -30311
12447 -30311
12443 -30313
12441 -30313
12440 -30314
12436 -30316
12432 -30317
12429 -30319
12427 -30320
12425 -30321
12422 -30323
12417 -30323
12414 -30325
12412 -30326
12410 -30327
12407 -30329
12403 -30330
12399 -30332
12397 -30332
12396 -30333
12392 -30335
12387 -30335
12384 -30337
12382 -30337
12380 -30338
12377 -30340
12373 -30341
12369 -30343
12367 -30344
12366 -30345
12362 -30347
12358 -30347
12354 -30349
12352 -30350
12351 -30351
12347 -30353
12343 -30354
12340 -30356
12338 -30356
12336 -30357
12333 -30359
12328 -30359
12325 -30361
12323 -30362
12321 -30363
12318 -30365
12314 -30366
12310 -30368
12308 -30368
12307 -30369
12303 -30371
12299 -30372
12295 -30374
12293 -30375
12292 -30376
12288 -30378
12284 -30379
12281 -30380
12279 -30381
12277 -30382
12274 -30383
12270 -30383
12269 -30384
12265 -30386
12263 -30386
12262 -30387
12258 -30389
12254 -30390
12251 -30392
12249 -30392
12247 -30393
12244 -30395
12239 -30396
12236 -30398
12234 -30398
12232 -30399
12229 -30401
12225 -30402
12221 -30404
12219 -30404
12218 -30405
12214 -30407
12210 -30408
12206 -30410
12204 -30410
12203 -30411
12199 -30413
12195 -30414
12192 -30416
12190 -30416
12188 -30417
12185 -30419
12180 -30420
12177 -30422
12175 -30422
12173 -30423
12170 -30425
12166 -30426
12162 -30428
12160 -30428
12159 -30429
12155 -30431
12151 -30430
12149 -30431
12146 -30432
12144 -30433
12142 -30434
12139 -30435
12135 -30437
12131 -30438
12129 -30439
12128 -30440
12124 -30441
12120 -30443
12116 -30444
12114 -30445
12113 -30446
12109 -30447
12105 -30449
12102 -30450
12100 -30451
12098 -30452
12095 -30453
12090 -30455
12087 -30456
12085 -30457
12083 -30458
12080 -30459
12076 -30461
12072 -30462
12070 -30463
12069 -30464
12065 -30465
12061 -30467
12057 -30468
12055 -30469
12054 -30470
12050 -30471
12046 -30473
12043 -30474
12041 -30475
12039 -30476
12036 -30477
12032 -30478
12031 -30479
12027 -30480
12025 -30481
12024 -30482
12020 -30483
12016 -30485
12013 -30486
12011 -30487
12009 -30488
12006 -30489
12001 -30491
11998 -30492
11996 -30493
11994 -30494
11991 -30495
11987 -30497
11983 -30498
11981 -30499
11980 -30500
11976 -30501
11971 -30502
11968 -30504
11966 -30504
11964 -30505
11961 -30507
11957 -30508
11953 -30510
11951 -30510
11950 -30511
11946 -30513
11942 -30514
11938 -30516
11936 -30516
11935 -30517
11931 -30519
11927 -30520
11924 -30522
11922 -30522
11920 -30523
11917 -30525
11912 -30525
11908 -30527
11906 -30527
11905 -30528
11901 -30530
11897 -30531
11894 -30533
11892 -30533
11890 -30534
11887 -30536
11882 -30537
11879 -30539
11877 -30539
11875 -30540
11872 -30542
11868 -30543
11864 -30545
11862 -30545
11861 -30546
11857 -30548
11852 -30549
11849 -30550
11847 -30551
11845 -30552
11842 -30553
11838 -30555
11834 -30556
11832 -30557
11831 -30558
11827 -30559
11823 -30561
11819 -30562
11817 -30563
11816 -30564
11812 -30565
11808 -30567
11805 -30568
11803 -30569
11801 -30570
11798 -30571
11794 -30571
11793 -30572
11789 -30574
11787 -30574
11786 -30575
11782 -30577
11778 -30578
11775 -30580
11773 -30580
11771 -30581
11768 -30583
11763 -30584
11760 -30585
11758 -30586
11756 -30587
11753 -30588
11749 -30590
11745 -30591
11743 -30592
11742 -30593
11738 -30594
11733 -30595
11730 -30597
11728 -30597
11726 -30598
11723 -30600
11719 -30601
11715 -30603
11713 -30603
11712 -30604
11708 -30606
11704 -30607
11700 -30608
11698 -30609
11697 -30610
11693 -30611
11689 -30613
11686 -30614
11684 -30615
11682 -30616
11679 -30617
11674 -30616
11673 -30617
11669 -30619
11667 -30619
11666 -30620
11662 -30622
11658 -30623
11655 -30625
11653 -30625
11651 -30626
11648 -30628
11643 -30629
11640 -30630
11638 -30631
11636 -30632
11633 -30633
11629 -30635
11625 -30636
11623 -30637
11622 -30638
11618 -30639
11613 -30640
11610 -30642
11608 -30642
11606 -30643
11603 -30645
11599 -30646
11595 -30648
11593 -30648
11592 -30649
11588 -30651
11584 -30652
11580 -30653
11578 -30654
11577 -30655
11573 -30656
11569 -30658
11566 -30659
11564 -30660
11562 -30661
11559 -30662
11555 -30662
11553 -30663
11550 -30664
11548 -30665
11546 -30666
11543 -30667
11539 -30669
11535 -30670
11533 -30671
11532 -30672
11528 -30673
11524 -30674
11520 -30676
11518 -30676
11517 -30677
11513 -30679
11509 -30680
11506 -30682
11504 -30682
11502 -30683
11499 -30685
11494 -30685
11490 -30687
11488 -30687
11487 -30688
11483 -30690
11479 -30691
11476 -30693
11474 -30693
11472 -30694
11469 -30696
11464 -30697
11461 -30698
11459 -30699
11457 -30700
11454 -30701
11450 -30703
11446 -30704
11444 -30705
11443 -30706
11439 -30707
11434 -30707
11430 -30709
11428 -30709
11427 -30710
11423 -30712
11419 -30713
11416 -30715
11414 -30715
11412 -30716
11409 -30718
11405 -30719
11401 -30720
11399 -30721
11397 -30722
11394 -30723
11390 -30725
11386 -30726
11384 -30727
11382 -30728
11379 -30729
11374 -30730
11371 -30731
11368 -30732
11367 -30733
11363 -30734
11359 -30736
11356 -30737
11353 -30738
11352 -30739
11348 -30740
11344 -30741
11341 -30743
11338 -30743
11337 -30744
11333 -30746
11329 -30747
11326 -30749
11323 -30749
11322 -30750
11318 -30752
11316 -30751
11314 -30752
11311 -30754
11308 -30754
11307 -30755
11303 -30757
11299 -30758
11296 -30760
11293 -30760
11292 -30761
11288 -30763
11284 -30764
11281 -30765
11278 -30766
11277 -30767
11273 -30768
11269 -30770
11266 -30771
11263 -30772
11262 -30773
11258 -30774
11254 -30775
11251 -30776
11248 -30777
11247 -30778
11243 -30779
11239 -30780
11236 -30782
11233 -30782
11232 -30783
11228 -30785
11224 -30786
11221 -30787
11218 -30788
11217 -30789
11213 -30790
11209 -30791
11206 -30793
11203 -30793
11202 -30794
11198 -30796
11195 -30795
11193 -30796
11190 -30797
11187 -30798
11186 -30799
11182 -30800
11178 -30801
11175 -30803
11172 -30803
11171 -30804
11167 -30806
11163 -30807
11160 -30808
11157 -30809
11156 -30810
11152 -30811
11148 -30812
11145 -30814
11142 -30814
11141 -30815
11137 -30817
11133 -30818
11130 -30819
11127 -30820
11126 -30821
11122 -30822
11118 -30823
11115 -30825
11112 -30825
11111 -30826
11107 -30828
11103 -30829
11100 -30830
11097 -30831
11096 -30832
11092 -30833
11088 -30834
11085 -30836
11082 -30836
11081 -30837
11077 -30839
11075 -30838
11073 -30839
11070 -30841
11067 -30841
11066 -30842
11062 -30844
11058 -30845
11055 -30846
11052 -30847
11051 -30848
11047 -30849
11043 -30850
11040 -30852
11037 -30852
11036 -30853
11032 -30855
11028 -30856
11025 -30857
11022 -30858
11021 -30859
11017 -30860
11013 -30861
11010 -30863
11007 -30863
11006 -30864
11002 -30866
10998 -30867
10995 -30868
10992 -30869
10991 -30870
10987 -30871
10983 -30872
10980 -30874
10977 -30874
10976 -30875
10972 -30877
10968 -30878
10965 -30879
10962 -30880
10961 -30881
10957 -30882
10953 -30883
10949 -30884
10947 -30885
10945 -30886
10942 -30887
10938 -30888
10934 -30890
10932 -30890
10930 -30891
10927 -30893
10923 -30894
10919 -30895
10917 -30896
10915 -30897
10912 -30898
10908 -30899
10904 -30901
10902 -30901
10900 -30902
10897 -30904
10893 -30904
10889 -30906
10887 -30906
10885 -30907
10882 -30909
10878 -30910
10874 -30911
10872 -30912
10870 -30913
10867 -30914
10863 -30915
10859 -30917
10857 -30917
10855 -30918
10852 -30920
10848 -30921
10844 -30922
10842 -30923
10840 -30924
10837 -30925
10834 -30924
10832 -30925
10829 -30927
10826 -30927
10825 -30928
10821 -30930
10817 -30931
10814 -30932
10811 -30933
10810 -30934
10806 -30935
10802 -30936
10799 -30938
10796 -30938
10795 -30939
10791 -30941
10787 -30942
10784 -30943
10781 -30944
10780 -30945
10776 -30946
10772 -30947
10769 -30948
10766 -30949
10765 -30950
10761 -30951
10757 -30952
10754 -30954
10751 -30954
10750 -30955
10746 -30957
10742 -30957
10739 -30959
10736 -30959
10735 -30960
10731 -30962
10727 -30963
10724 -30964
10721 -30965
10720 -30966
10716 -30967
10713 -30966
10711 -30967
10708 -30969
10705 -30969
10704 -30970
10700 -30972
10696 -30973
10693 -30974
10690 -30975
10689 -30976
10685 -30977
10681 -30978
10678 -30979
10675 -30980
10674 -30981
10670 -30982
10666 -30983
10663 -30985
10660 -30985
10659 -30986
10655 -30988
10651 -30988
10647 -30990
10645 -30990
10643 -30991
10640 -30993
10636 -30994
10632 -30995
10630 -30996
10628 -30997
10625 -30998
10621 -30999
10617 -31000
10615 -31001
10613 -31002
10610 -31003
10606 -31004
10602 -31006
10600 -31006
10598 -31007
10595 -31009
10592 -31008
10590 -31009
10587 -31010
10584 -31011
10583 -31012
10579 -31013
10575 -31014
10572 -31016
10569 -31016
10568 -31017
10564 -31019
10560 -31019
10557 -31021
10554 -31021
10553 -31022
10549 -31024
10545 -31025
10542 -31026
10539 -31027
10538 -31028
10534 -31029
10530 -31030
10526 -31031
10524 -31032
10522 -31033
10519 -31034
10515 -31035
10511 -31037
10509 -31037
10507 -31038
10504 -31040
10500 -31040
10496 -31042
10494 -31042
10492 -31043
10489 -31045
10485 -31046
10481 -31047
10479 -31048
10477 -31049
10474 -31050
10469 -31050
10465 -31051
10463 -31052
10461 -31053
10458 -31054
10454 -31055
10450 -31057
10448 -31057
10446 -31058
10443 -31060
10439 -31060
10435 -31062
10433 -31062
10431 -31063
10428 -31065
10424 -31066
10420 -31067
10418 -31068
10416 -31069
10413 -31070
10408 -31070
10405 -31072
10402 -31072
10401 -31073
10397 -31075
10393 -31076
10390 -31077
10387 -31078
10386 -31079
10382 -31080
10378 -31081
10375 -31082
10372 -31083
10371 -31084
10367 -31085
10363 -31086
10363 -31085
10360 -31086
10356 -31087
10352 -31089
10350 -31089
10348 -31090
10345 -31092
10341 -31092
10337 -31094
10335 -31094
10333 -31095
10330 -31097
10326 -31098
10322 -31099
10320 -31100
10318 -31101
10315 -31102
10310 -31102
10307 -31104
10304 -31104
10303 -31105
10299 -31107
10295 -31108
10292 -31109
10289 -31110
10288 -31111
10284 -31112
10280 -31113
10277 -31114
10274 -31115
10273 -31116
10269 -31117
10265 -31118
10262 -31120
10259 -31120
10258 -31121
10254 -31123
10249 -31123
10246 -31124
10243 -31125
10242 -31126
10238 -31127
10234 -31128
10231 -31129
10228 -31129
10227 -31130
10223 -31132
10219 -31133
10216 -31134
10213 -31134
10212 -31135
10208 -31137
10204 -31138
10201 -31139
10198 -31139
10197 -31140
10193 -31142
10189 -31143
10185 -31144
10183 -31144
10181 -31145
10178 -31147
10174 -31148
10170 -31149
10168 -31149
10166 -31150
10163 -31152
10159 -31153
10155 -31154
10153 -31154
10151 -31155
10148 -31157
10144 -31158
10140 -31159
10138 -31159
10136 -31160
10133 -31162
10129 -31162
10128 -31163
10124 -31164
10122 -31164
10120 -31165
10117 -31167
10113 -31168
10109 -31169
10107 -31169
10105 -31170
10102 -31172
10098 -31173
10094 -31174
10092 -31174
10090 -31175
10087 -31177
10083 -31178
10079 -31179
10077 -31179
10075 -31180
10072 -31182
10067 -31183
10064 -31184
10061 -31184
10060 -31185
10056 -31187
10052 -31188
10049 -31189
10046 -31189
10045 -31190
10041 -31192
10037 -31193
10034 -31194
10031 -31194
10030 -31195
10026 -31197
10022 -31198
10019 -31199
10016 -31199
10015 -31200
10011 -31202
10007 -31201
10005 -31202
10002 -31203
9999 -31203
9998 -31204
9994 -31206
9990 -31207
9987 -31208
9984 -31208
9983 -31209
9979 -31211
9975 -31212
9972 -31213
9969 -31213
9968 -31214
9964 -31216
9960 -31217
9957 -31218
9954 -31218
9953 -31219
9949 -31221
9945 -31221
9941 -31223
9939 -31223
9937 -31224
9934 -31225
9930 -31226
9926 -31228
9924 -31228
9922 -31229
9919 -31230
9915 -31231
9911 -31233
9909 -31233
9907 -31234
9904 -31235
9900 -31236
9896 -31238
9894 -31238
9892 -31239
9889 -31240
9885 -31240
9884 -31241
9880 -31242
9878 -31242
9876 -31243
9873 -31245
9869 -31246
9865 -31247
9863 -31247
9861 -31248
9858 -31250
9853 -31251
9850 -31252
9847 -31252
9846 -31253
9842 -31255
9838 -31256
9835 -31257
9832 -31257
9831 -31258
9827 -31260
9823 -31260
9819 -31262
9817 -31262
9815 -31263
9812 -31264
9808 -31265
9804 -31267
9802 -31267
9800 -31268
9797 -31269
9792 -31270
9789 -31272
9786 -31272
9785 -31273
9781 -31274
9777 -31275
9774 -31277
9771 -31277
9770 -31278
9766 -31279
9762 -31279
9758 -31280
9756 -31280
9754 -31281
9751 -31283
9747 -31284
9743 -31285
9741 -31285
9739 -31286
9736 -31288
9731 -31289
9728 -31290
9725 -31290
9724 -31291
9720 -31293
9716 -31294
9713 -31295
9710 -31295
9709 -31296
9705 -31298
9701 -31298
9697 -31300
9695 -31300
9693 -31301
9690 -31302
9686 -31303
9682 -31305
9680 -31305
9678 -31306
9675 -31307
9670 -31308
9667 -31309
9664 -31309
9663 -31310
9659 -31312
9655 -31313
9652 -31314
9649 -31314
9648 -31315
9644 -31317
9641 -31316
9640 -31317
9636 -31319
9634 -31319
9632 -31320
9629 -31321
9625 -31322
9621 -31324
9619 -31324
9617 -31325
9614 -31326
9609 -31327
9606 -31328
9603 -31328
9602 -31329
9598 -31331
9594 -31332
9591 -31333
9588 -31333
9587 -31334
9583 -31336
9579 -31336
9575 -31338
9573 -31338
9571 -31339
9568 -31340
9564 -31341
9560 -31343
9558 -31343
9556 -31344
9553 -31345
9548 -31346
9545 -31347
9542 -31347
9541 -31348
9537 -31350
9533 -31351
9530 -31352
9527 -31352
9526 -31353
9522 -31355
9519 -31353
9517 -31354
9514 -31355
9511 -31355
9510 -31356
9506 -31358
9502 -31359
9499 -31360
9496 -31360
9495 -31361
9491 -31363
9487 -31363
9483 -31365
9481 -31365
9479 -31366
9476 -31367
9472 -31368
9468 -31370
9466 -31370
9464 -31371
9461 -31372
9456 -31372
9453 -31374
9450 -31374
9449 -31375
9445 -31376
9441 -31377
9438 -31379
9435 -31379
9434 -31380
9430 -31381
9426 -31382
9422 -31383
9420 -31383
9418 -31384
9415 -31386
9411 -31387
9407 -31388
9405 -31388
9403 -31389
9400 -31391
9396 -31390
9395 -31391
9391 -31392
9389 -31392
9387 -31393
9384 -31395
9380 -31396
9376 -31397
9374 -31397
9372 -31398
9369 -31400
9364 -31400
9361 -31402
9358 -31402
9357 -31403
9353 -31404
9349 -31405
9346 -31407
9343 -31407
9342 -31408
9338 -31409
9334 -31409
9330 -31411
9328 -31411
9326 -31412
9323 -31413
9319 -31414
9315 -31416
9313 -31416
9311 -31417
9308 -31418
9303 -31419
9300 -31420
9297 -31420
9296 -31421
9292 -31423
9288 -31424
9285 -31425
9282 -31425
9281 -31426
9277 -31428
9272 -31427
9268 -31429
9266 -31429
9264 -31430
9261 -31431
9257 -31432
9253 -31434
9251 -31434
9249 -31435
9246 -31436
9241 -31437
9238 -31438
9235 -31438
9234 -31439
9230 -31441
9226 -31442
9223 -31443
9220 -31443
9219 -31444
9215 -31446
9211 -31446
9207 -31447
9205 -31447
9203 -31448
9200 -31450
9196 -31450
9192 -31452
9190 -31452
9188 -31453
9185 -31454
9180 -31455
9177 -31456
9174 -31456
9173 -31457
9169 -31459
9165 -31459
9162 -31461
9159 -31461
9158 -31462
9154 -31463
9151 -31463
9149 -31464
9146 -31465
9143 -31465
9142 -31466
9138 -31468
9134 -31468
9131 -31470
9128 -31470
9127 -31471
9123 -31472
9119 -31473
9115 -31474
9113 -31474
9111 -31475
9108 -31477
9104 -31477
9100 -31479
9098 -31479
9096 -31480
9093 -31481
9088 -31482
9085 -31483
9082 -31483
9081 -31484
9077 -31486
9073 -31486
9070 -31488
9067 -31488
9066 -31489
9062 -31490
9058 -31491
9054 -31492
9052 -31492
9050 -31493
9047 -31495
9043 -31495
9039 -31497
9037 -31497
9035 -31498
9032 -31499
9028 -31498
9026 -31499
9023 -31500
9020 -31500
9019 -31501
9015 -31503
9011 -31503
9008 -31505
9005 -31505
9004 -31506
9000 -31507
8996 -31508
8992 -31509
8990 -31509
8988 -31510
8985 -31512
8981 -31512
8977 -31514
8975 -31514
8973 -31515
8970 -31516
8965 -31517
8961 -31518
8959 -31518
8957 -31519
8954 -31521
8950 -31521
8946 -31523
8944 -31523
8942 -31524
8939 -31525
8934 -31526
8931 -31527
8928 -31527
8927 -31528
8923 -31530
8919 -31530
8916 -31532
8913 -31532
8912 -31533
8908 -31534
8905 -31533
8903 -31534
8900 -31536
8897 -31536
8896 -31537
8892 -31538
8888 -31539
8885 -31540
8882 -31540
8881 -31541
8877 -31543
8873 -31543
8869 -31545
8867 -31545
8865 -31546
8862 -31547
8858 -31548
8854 -31549
8852 -31549
8850 -31550
8847 -31552
8842 -31552
8838 -31553
8836 -31553
8834 -31554
8831 -31556
8827 -31556
8823 -31558
8821 -31558
8819 -31559
8816 -31560
8811 -31561
8808 -31562
8805 -31562
8804 -31563
8800 -31565
8796 -31565
8793 -31567
8790 -31567
8789 -31568
8785 -31569
8780 -31569
8776 -31570
8774 -31570
8772 -31571
8769 -31573
8765 -31573
8761 -31575
8759 -31575
8757 -31576
8754 -31577
8749 -31578
8746 -31579
8743 -31579
8742 -31580
8738 -31582
8734 -31582
8731 -31584
8728 -31584
8727 -31585
8723 -31586
8718 -31586
8715 -31588
8712 -31588
8711 -31589
8707 -31590
8703 -31591
8700 -31592
8697 -31592
8696 -31593
8692 -31595
8688 -31595
8684 -31596
8682 -31596
8680 -31597
8677 -31599
8673 -31599
8669 -31601
8667 -31601
8665 -31602
8662 -31603
8658 -31602
8657 -31603
8653 -31605
8651 -31605
8649 -31606
8646 -31607
8642 -31608
8638 -31609
8636 -31609
8634 -31610
8631 -31612
8626 -31612
8623 -31613
8620 -31613
8619 -31614
8615 -31616
8611 -31616
8608 -31618
8605 -31618
8604 -31619
8600 -31620
8595 -31620
8592 -31622
8589 -31622
8588 -31623
8584 -31624
8580 -31625
8577 -31626
8574 -31626
8573 -31627
8569 -31629
8565 -31629
8561 -31630
8559 -31630
8557 -31631
8554 -31633
8550 -31633
8546 -31635
8544 -31635
8542 -31636
8539 -31637
8534 -31635
8533 -31636
8529 -31637
8527 -31637
8525 -31638
8522 -31640
8518 -31640
8514 -31642
8512 -31642
8510 -31643
8507 -31644
8502 -31644
8499 -31646
8496 -31646
8495 -31647
8491 -31648
8487 -31649
8484 -31650
8481 -31650
8480 -31651
8476 -31653
8471 -31653
8468 -31654
8465 -31654
8464 -31655
8460 -31657
8456 -31657
8453 -31659
8450 -31659
8449 -31660
8445 -31661
8441 -31661
8437 -31663
8435 -31663
8433 -31664
8430 -31665
8426 -31666
8422 -31667
8420 -31667
8418 -31668
8415 -31670
8411 -31668
8409 -31669
8406 -31670
8403 -31670
8402 -31671
8398 -31673
8394 -31673
8391 -31675
8388 -31675
8387 -31676
8383 -31677
8379 -31677
8375 -31679
8373 -31679
8371 -31680
8368 -31681
8364 -31682
8360 -31683
8358 -31683
8356 -31684
8353 -31686
8348 -31685
8344 -31687
8342 -31687
8340 -31688
8337 -31689
8333 -31690
8329 -31691
8327 -31691
8325 -31692
8322 -31694
8317 -31694
8314 -31695
8311 -31695
8310 -31696
8306 -31698
8302 -31698
8299 -31700
8296 -31700
8295 -31701
8291 -31702
8285 -31701
8282 -31703
8279 -31703
8278 -31704
8274 -31705
8270 -31706
8267 -31707
8264 -31707
8263 -31708
8259 -31710
8255 -31710
8251 -31711
8249 -31711
8247 -31712
8244 -31714
8240 -31714
8236 -31716
8234 -31716
8232 -31717
8229 -31718
8224 -31718
8220 -31719
8218 -31719
8216 -31720
8213 -31722
8209 -31722
8205 -31724
8203 -31724
8201 -31725
8198 -31726
8193 -31727
8190 -31728
8187 -31728
8186 -31729
8182 -31730
8178 -31731
8175 -31732
8172 -31732
8171 -31733
8167 -31734
8163 -31734
8162 -31734
8158 -31735
8156 -31736
8154 -31736
8151 -31737
8147 -31738
8143 -31739
8141 -31740
8139 -31740
8136 -31741
8132 -31742
8128 -31743
8126 -31744
8124 -31744
8121 -31745
8116 -31746
8113 -31747
8110 -31748
8109 -31748
8105 -31749
8100 -31750
8097 -31751
8094 -31752
8093 -31752
8089 -31753
8085 -31754
8081 -31755
8079 -31756
8077 -31756
8074 -31757
8069 -31758
8066 -31759
8063 -31760
8062 -31760
8058 -31761
8054 -31762
8050 -31763
8048 -31764
8046 -31764
8043 -31765
8040 -31765
8038 -31766
8035 -31767
8032 -31767
8031 -31768
8027 -31769
8023 -31770
8019 -31771
8017 -31771
8015 -31772
8012 -31773
8007 -31774
8004 -31775
8001 -31775
8000 -31776
7996 -31777
7992 -31778
7988 -31779
7986 -31779
7984 -31780
7981 -31781
7976 -31782
7973 -31783
7970 -31783
7969 -31784
7965 -31785
7961 -31786
7957 -31787
7955 -31787
7953 -31788
7950 -31789
7945 -31790
7942 -31791
7939 -31791
7938 -31792
7934 -31793
7930 -31794
7926 -31795
7924 -31795
7922 -31796
7919 -31797
7916 -31797
7914 -31797
7911 -31798
7908 -31799
7907 -31799
7903 -31800
7899 -31801
7895 -31802
7893 -31803
7891 -31803
7888 -31804
7883 -31805
7880 -31806
7877 -31807
7876 -31807
7872 -31808
7868 -31809
7864 -31810
7862 -31811
7860 -31811
7857 -31812
7852 -31813
7849 -31814
7846 -31814
7845 -31815
7841 -31816
7837 -31817
7833 -31818
7831 -31818
7829 -31819
7826 -31820
7821 -31821
7818 -31822
7815 -31822
7814 -31823
7810 -31824
7806 -31825
7802 -31826
7800 -31826
7798 -31827
7795 -31828
7790 -31828
7786 -31829
7784 -31829
7782 -31830
7779 -31831
7774 -31832
7771 -31833
7768 -31833
7767 -31834
7763 -31835
7759 -31836
7755 -31837
7753 -31837
7751 -31838
7748 -31839
7743 -31840
7740 -31841
7737 -31841
7736 -31842
7732 -31843
7728 -31843
7724 -31844
7722 -31845
7720 -31845
7717 -31846
7712 -31847
7709 -31848
7706 -31849
7705 -31849
7701 -31850
7697 -31851
7693 -31852
7691 -31853
7689 -31853
7686 -31854
7681 -31855
7678 -31856
7675 -31857
7674 -31857
7670 -31858
7667 -31858
7666 -31858
7662 -31859
7660 -31860
7658 -31860
7655 -31861
7650 -31862
7647 -31863
7644 -31864
7643 -31864
7639 -31865
7635 -31866
7631 -31867
7629 -31867
7627 -31868
7624 -31869
7619 -31870
7616 -31871
7613 -31871
7612 -31872
7608 -31873
7604 -31873
7600 -31874
7598 -31875
7596 -31875
7593 -31876
7588 -31877
7585 -31878
7582 -31879
7581 -31879
7577 -31880
7573 -31881
7569 -31882
7567 -31882
7565 -31883
7562 -31884
7557 -31885
7554 -31886
7551 -31886
7550 -31887
7546 -31888
7542 -31887
7541 -31887
7537 -31888
7535 -31889
7533 -31889
7530 -31890
7525 -31891
7522 -31892
7519 -31893
7518 -31893
7514 -31894
7510 -31895
7506 -31896
7504 -31896
7502 -31897
7499 -31898
7494 -31899
7491 -31900
7488 -31900
7487 -31901
7483 -31902
7479 -31902
7475 -31903
7473 -31904
7471 -31904
7468 -31905
7463 -31906
7460 -31907
7457 -31908
7456 -31908
7452 -31909
7448 -31910
7444 -31911
7442 -31911
7440 -31912
7437 -31913
7432 -31914
7429 -31915
7426 -31915
7425 -31916
7421 -31917
7418 -31916
7416 -31917
7413 -31918
7410 -31918
7409 -31919
7405 -31920
7401 -31921
7397 -31922
7395 -31922
7393 -31923
7390 -31924
7385 -31924
7382 -31925
7379 -31926
7378 -31926
7374 -31927
7370 -31928
7366 -31929
7364 -31930
7362 -31930
7359 -31931
7354 -31931
7351 -31932
7348 -31933
7347 -31933
7343 -31934
7339 -31935
7335 -31936
7333 -31937
7331 -31937
7328 -31938
7323 -31939
7320 -31940
7317 -31940
7316 -31941
7312 -31942
7308 -31943
7304 -31944
7302 -31944
7300 -31945
7297 -31946
7291 -31945
7288 -31946
7285 -31946
7284 -31947
7280 -31948
7276 -31949
7272 -31950
7270 -31950
7268 -31951
7265 -31952
7260 -31952
7257 -31953
7254 -31954
7253 -31954
7249 -31955
7245 -31956
7241 -31957
7239 -31958
7237 -31958
7234 -31959
7229 -31959
7226 -31960
7223 -31961
7222 -31961
7218 -31962
7214 -31963
7210 -31964
7208 -31965
7206 -31965
7203 -31966
7198 -31967
7195 -31968
7192 -31968
7191 -31969
7187 -31970
7183 -31971
7179 -31972
7177 -31972
7175 -31973
7172 -31974
7168 -31974
7167 -31974
7163 -31975
7161 -31976
7159 -31976
7156 -31977
7151 -31978
7148 -31979
7145 -31979
7144 -31980
7140 -31981
7136 -31981
7132 -31982
7130 -31983
7128 -31983
7125 -31984
7120 -31985
7117 -31986
7114 -31986
7113 -31987
7109 -31988
7105 -31988
7101 -31989
7099 -31990
7097 -31990
7094 -31991
7089 -31992
7086 -31993
7083 -31993
7082 -31994
7078 -31995
7074 -31995
7070 -31996
7068 -31997
7066 -31997
7063 -31998
7058 -31999
7055 -32000
7052 -32000
7051 -32001
7047 -32002
7043 -32001
7042 -32001
7038 -32002
7036 -32003
7034 -32003
7031 -32004
7026 -32005
7023 -32006
7020 -32006
7019 -32007
7015 -32008
7011 -32008
7007 -32009
7005 -32010
7003 -32010
7000 -32011
6995 -32012
6992 -32013
6989 -32013
6988 -32014
6984 -32015
6979 -32015
6976 -32016
6973 -32017
6972 -32017
6968 -32018
6964 -32019
6960 -32020
6958 -32020
6956 -32021
6953 -32022
6948 -32022
6945 -32023
6942 -32024
6941 -32024
6937 -32025
6933 -32026
6929 -32027
6927 -32027
6925 -32028
6922 -32029
6918 -32029
6917 -32029
6913 -32030
6911 -32031
6909 -32031
6906 -32032
6901 -32033
6898 -32034
6895 -32034
6894 -32035
6890 -32036
6886 -32036
6882 -32037
6880 -32038
6878 -32038
6875 -32039
6870 -32040
6867 -32041
6864 -32041
6863 -32042
6859 -32043
6854 -32043
6851 -32044
6848 -32044
6847 -32045
6843 -32046
6839 -32046
6835 -32047
6833 -32048
6831 -32048
6828 -32049
6823 -32050
6820 -32051
6817 -32051
6816 -32052
6812 -32053
6808 -32053
6804 -32054
6802 -32055
6800 -32055
6797 -32056
6792 -32056
6788 -32057
6786 -32057
6784 -32058
6781 -32059
6776 -32059
6773 -32060
6770 -32061
6769 -32061
6765 -32062
6761 -32063
6757 -32064
6755 -32064
6753 -32065
6750 -32066
6745 -32066
6742 -32067
6739 -32068
6738 -32068
6734 -32069
6729 -32069
6726 -32070
6723 -32071
6722 -32071
6718 -32072
6714 -32073
6710 -32074
6708 -32074
6706 -32075
6703 -32076
6698 -32076
6695 -32077
6692 -32078
6691 -32078
6687 -32079
6683 -32080
6679 -32081
6677 -32081
6675 -32082
6672 -32083
6668 -32082
6667 -32083
6663 -32084
6661 -32084
6659 -32085
6656 -32086
6651 -32086
6648 -32087
6645 -32088
6644 -32088
6640 -32089
6636 -32089
6632 -32090
6630 -32091
6628 -32091
6625 -32092
6620 -32093
6617 -32094
6614 -32094
6613 -32095
6609 -32096
6604 -32096
6601 -32097
6598 -32097
6597 -32098
6593 -32099
6589 -32099
6585 -32100
6583 -32101
6581 -32101
6578 -32102
6573 -32102
6570 -32103
6567 -32104
6566 -32104
6562 -32105
6558 -32106
6554 -32107
6552 -32107
6550 -32108
6545 -32106
6541 -32107
6539 -32108
6537 -32108
6534 -32109
6529 -32110
6526 -32111
6523 -32111
6522 -32112
6518 -32113
6514 -32113
6510 -32114
6508 -32114
6506 -32115
6503 -32116
6498 -32116
6495 -32117
6492 -32118
6491 -32118
6487 -32119
6482 -32119
6479 -32120
6476 -32121
6475 -32121
6471 -32122
6467 -32123
6463 -32124
6461 -32124
6459 -32125
6456 -32126
6451 -32126
6448 -32127
6445 -32127
6444 -32128
6440 -32129
6436 -32129
6432 -32130
6430 -32131
6428 -32131
6425 -32132
6421 -32131
6419 -32132
6416 -32133
6413 -32133
6412 -32134
6408 -32135
6404 -32135
6400 -32136
6398 -32137
6396 -32137
6393 -32138
6388 -32138
6385 -32139
6382 -32140
6381 -32140
6377 -32141
6373 -32142
6369 -32143
6367 -32143
6365 -32144
6362 -32145
6357 -32144
6353 -32145
6351 -32146
6349 -32146
6346 -32147
6341 -32148
6338 -32149
6335 -32149
6334 -32150
6330 -32151
6326 -32151
6322 -32152
6320 -32152
6318 -32153
6315 -32154
6310 -32154
6307 -32155
6304 -32156
6303 -32156
6299 -32157
6294 -32156
6290 -32157
6288 -32158
6286 -32158
6283 -32159
6278 -32160
6275 -32161
6272 -32161
6271 -32162
6267 -32163
6263 -32163
6259 -32164
6257 -32164
6255 -32165
6252 -32166
6247 -32166
6244 -32167
6241 -32168
6240 -32168
6236 -32169
6231 -32169
6228 -32170
6225 -32170
6224 -32171
6220 -32172
6216 -32172
6212 -32173
6210 -32174
6208 -32174
6205 -32175
6200 -32175
6197 -32176
6194 -32177
6193 -32177
6189 -32178
6185 -32179
6181 -32180
6179 -32180
6177 -32181
6174 -32182
6170 -32181
6168 -32181
6165 -32182
6162 -32183
6161 -32183
6157 -32184
6153 -32185
6149 -32186
6147 -32186
6145 -32187
6142 -32188
6137 -32188
6134 -32189
6131 -32189
6130 -32189
6126 -32190
6122 -32191
6118 -32192
6116 -32192
6114 -32192
6111 -32193
6106 -32194
6102 -32195
6100 -32195
6098 -32195
6095 -32196
6090 -32197
6087 -32198
6084 -32198
6083 -32198
6079 -32199
6075 -32200
6071 -32201
6069 -32201
6067 -32201
6064 -32202
6059 -32203
6056 -32204
6053 -32204
6052 -32204
6048 -32205
6044 -32204
6042 -32205
6039 -32206
6036 -32206
6035 -32206
6031 -32207
6027 -32208
6023 -32209
6021 -32209
6019 -32209
6016 -32210
6011 -32211
6008 -32212
6005 -32212
6004 -32212
6000 -32213
5996 -32214
5992 -32215
5990 -32215
5988 -32215
5985 -32216
5980 -32217
5976 -32218
5974 -32218
5972 -32218
5969 -32219
5964 -32220
5961 -32221
5958 -32221
5957 -32221
5953 -32222
5949 -32223
5945 -32224
5943 -32224
5941 -32224
5938 -32225
5933 -32226
5930 -32227
5927 -32227
5926 -32227
5922 -32228
5918 -32228
5917 -32229
5913 -32230
5911 -32230
5909 -32230
5906 -32231
5901 -32232
5898 -32233
5895 -32233
5894 -32233
5890 -32234
5886 -32235
5882 -32236
5880 -32236
5878 -32236
5875 -32237
5870 -32238
5867 -32239
5864 -32239
5863 -32239
5859 -32240
5854 -32240
5851 -32241
5848 -32241
5847 -32242
5843 -32243
5839 -32243
5835 -32244
5833 -32244
5831 -32245
5828 -32246
5823 -32246
5820 -32247
5817 -32247
5816 -32248
5812 -32249
5808 -32249
5804 -32250
5802 -32250
5800 -32251
5797 -32252
5791 -32251
5788 -32252
5785 -32252
5784 -32253
5780 -32254
5776 -32254
5772 -32255
5770 -32255
5768 -32256
5765 -32257
5760 -32257
5756 -32258
5754 -32258
5752 -32259
5749 -32260
5744 -32260
5741 -32261
5738 -32261
5737 -32262
5733 -32263
5728 -32263
5725 -32264
5722 -32264
5721 -32264
5717 -32265
5713 -32266
5709 -32267
5707 -32267
5705 -32267
5702 -32268
5697 -32269
5693 -32270
5691 -32270
5689 -32270
5686 -32271
5681 -32272
5678 -32273
5675 -32273
5674 -32273
5670 -32274
5667 -32273
5665 -32274
5662 -32275
5659 -32275
5658 -32275
5654 -32276
5650 -32277
5646 -32278
5644 -32278
5642 -32278
5639 -32279
5634 -32280
5630 -32281
5628 -32281
5626 -32281
5623 -32282
5618 -32283
5615 -32284
5612 -32284
5611 -32284
5607 -32285
5602 -32285
5599 -32286
5596 -32286
5595 -32287
5591 -32288
5587 -32288
5583 -32289
5581 -32289
5579 -32290
5576 -32291
5571 -32291
5567 -32292
5565 -32292
5563 -32292
5560 -32293
5555 -32294
5552 -32295
5549 -32295
5548 -32295
5544 -32296
5540 -32295
5539 -32295
5535 -32296
5533 -32296
5531 -32297
5528 -32298
5523 -32298
5520 -32299
5517 -32299
5516 -32300
5512 -32301
5507 -32301
5504 -32302
5501 -32302
5500 -32302
5496 -32303
5492 -32304
5488 -32305
5486 -32305
5484 -32305
5481 -32306
5476 -32306
5472 -32307
5470 -32307
5468 -32308
5465 -32309
5460 -32309
5457 -32310
5454 -32310
5453 -32311
5449 -32312
5444 -32312
5441 -32313
5438 -32313
5437 -32313
5433 -32314
5429 -32315
5425 -32316
5423 -32316
5421 -32316
5418 -32317
5414 -32317
5413 -32317
5409 -32318
5407 -32318
5405 -32319
5402 -32320
5397 -32320
5394 -32321
5391 -32321
5390 -32322
5386 -32323
5381 -32323
5378 -32324
5375 -32324
5374 -32324
5370 -32325
5366 -32326
5362 -32327
5360 -32327
5358 -32327
5355 -32328
5350 -32328
5346 -32329
5344 -32329
5342 -32329
5339 -32330
5334 -32331
5331 -32332
5328 -32332
5327 -32332
5323 -32333
5318 -32333
5315 -32334
5312 -32334
5311 -32335
5307 -32336
5303 -32336
5299 -32337
5297 -32337
5295 -32338
5292 -32339
5286 -32338
5283 -32339
5280 -32339
5279 -32339
5275 -32340
5271 -32341
5267 -32342
5265 -32342
5263 -32342
5260 -32343
5255 -32343
5251 -32344
5249 -32344
5247 -32345
5244 -32346
5239 -32346
5236 -32347
5233 -32347
5232 -32348
5228 -32349
5223 -32348
5220 -32349
5217 -32349
5216 -32350
5212 -32351
5208 -32351
5204 -32352
5202 -32352
5200 -32353
5197 -32354
5192 -32354
5188 -32355
5186 -32355
5184 -32355
5181 -32356
5176 -32357
5173 -32358
5170 -32358
5169 -32358
5165 -32359
5162 -32358
5160 -32358
5157 -32359
5154 -32359
5153 -32360
5149 -32361
5145 -32361
5141 -32362
5139 -32362
5137 -32363
5134 -32364
5129 -32364
5125 -32365
5123 -32365
5121 -32366
5118 -32367
5113 -32367
5110 -32368
5107 -32368
5106 -32368
5102 -32369
5097 -32369
5094 -32370
5091 -32370
5090 -32370
5086 -32371
5082 -32371
5078 -32372
5076 -32372
5074 -32373
5071 -32374
5066 -32374
5062 -32375
5060 -32375
5058 -32375
5055 -32376
5050 -32376
5047 -32377
5044 -32377
5043 -32378
5039 -32379
5035 -32378
5034 -32378
5030 -32379
5028 -32379
5026 -32380
5023 -32381
5018 -32381
5015 -32382
5012 -32382
5011 -32382
5007 -32383
5002 -32383
4999 -32384
4996 -32384
4995 -32385
4991 -32386
4987 -32386
4983 -32387
4981 -32387
4979 -32387
4976 -32388
4971 -32388
4967 -32389
4965 -32389
4963 -32390
4960 -32391
4955 -32391
4952 -32392
4949 -32392
4948 -32392
4944 -32393
4939 -32393
4936 -32394
4933 -32394
4932 -32395
4928 -32396
4924 -32396
4920 -32397
4918 -32397
4916 -32397
4913 -32398
4909 -32398
4907 -32398
4904 -32399
4901 -32399
4900 -32400
4896 -32401
4892 -32401
4888 -32402
4886 -32402
4884 -32402
4881 -32403
4876 -32403
4872 -32404
4870 -32404
4868 -32405
4865 -32406
4860 -32406
4857 -32407
4854 -32407
4853 -32407
4849 -32408
4844 -32408
4841 -32409
4838 -32409
4837 -32409
4833 -32410
4829 -32410
4825 -32411
4823 -32411
4821 -32412
4818 -32413
4813 -32413
4809 -32414
4807 -32414
4805 -32414
4802 -32415
4797 -32415
4794 -32416
4791 -32416
4790 -32417
4786 -32418
4781 -32417
4777 -32418
4775 -32418
4773 -32418
4770 -32419
4765 -32419
4762 -32420
4759 -32420
4758 -32421
4754 -32422
4749 -32422
4746 -32423
4743 -32423
4742 -32423
4738 -32424
4734 -32424
4730 -32425
4728 -32425
4726 -32426
4723 -32427
4718 -32426
4714 -32427
4712 -32427
4710 -32428
4707 -32429
4702 -32429
4699 -32430
4696 -32430
4695 -32430
4691 -32431
4686 -32431
4683 -32432
4680 -32432
4679 -32433
4675 -32434
4671 -32434
4667 -32435
4665 -32435
4663 -32435
4660 -32436
4656 -32435
4654 -32435
4651 -32436
4648 -32436
4647 -32437
4643 -32438
4639 -32438
4635 -32439
4633 -32439
4631 -32439
4628 -32440
4623 -32440
4619 -32441
4617 -32441
4615 -32442
4612 -32443
4607 -32443
4604 -32444
4601 -32444
4600 -32444
4596 -32445
4591 -32445
4588 -32446
4585 -32446
4584 -32446
4580 -32447
4576 -32447
4572 -32448
4570 -32448
4568 -32449
4565 -32450
4560 -32449
4556 -32450
4554 -32450
4552 -32451
4549 -32452
4544 -32452
4541 -32453
4538 -32453
4537 -32453
4533 -32454
4528 -32452
4527 -32452
4523 -32453
4521 -32453
4519 -32454
4516 -32455
4511 -32455
4508 -32456
4505 -32456
4504 -32456
4500 -32457
4495 -32457
4492 -32458
4489 -32458
4488 -32458
4484 -32459
4480 -32459
4476 -32460
4474 -32460
4472 -32461
4469 -32462
4464 -32461
4460 -32462
4458 -32462
4456 -32463
4453 -32464
4448 -32464
4445 -32465
4442 -32465
4441 -32465
4437 -32466
4432 -32466
4429 -32467
4426 -32467
4425 -32467
4421 -32468
4417 -32468
4413 -32469
4411 -32469
4409 -32470
4406 -32471
4402 -32470
4400 -32470
4397 -32471
4394 -32471
4393 -32472
4389 -32473
4385 -32473
4381 -32474
4379 -32474
4377 -32474
4374 -32475
4369 -32475
4365 -32476
4363 -32476
4361 -32476
4358 -32477
4353 -32477
4350 -32478
4347 -32478
4346 -32479
4342 -32480
4337 -32479
4334 -32480
4331 -32480
4330 -32480
4326 -32481
4322 -32481
4318 -32482
4316 -32482
4314 -32483
4311 -32484
4306 -32483
4302 -32484
4300 -32484
4298 -32485
4295 -32486
4290 -32486
4287 -32487
4284 -32487
4283 -32487
4279 -32488
4273 -32487
4270 -32488
4267 -32488
4266 -32488
4262 -32489
4258 -32489
4254 -32490
4252 -32490
4250 -32491
4247 -32492
4242 -32491
4238 -32492
4236 -32492
4234 -32493
4231 -32494
4226 -32494
4223 -32495
4220 -32495
4219 -32495
4215 -32496
4210 -32495
4207 -32496
4204 -32496
4203 -32497
4199 -32498
4195 -32498
4191 -32499
4189 -32499
4187 -32499
4184 -32500
4179 -32500
4175 -32501
4173 -32501
4171 -32501
4168 -32502
4163 -32502
4160 -32503
4157 -32503
4156 -32504
4152 -32505
4149 -32503
4147 -32503
4144 -32504
4141 -32504
4140 -32505
4136 -32506
4132 -32506
4128 -32507
4126 -32507
4124 -32507
4121 -32508
4116 -32508
4112 -32509
4110 -32509
4108 -32509
4105 -32510
4100 -32511
4097 -32512
4094 -32511
4093 -32512
4089 -32512
4084 -32512
4080 -32513
4078 -32513
4076 -32513
4073 -32514
4068 -32514
4065 -32515
4062 -32515
4061 -32515
4057 -32516
4052 -32516
4049 -32517
4046 -32517
4045 -32517
4041 -32518
4037 -32518
4033 -32519
4031 -32519
4029 -32519
4026 -32520
4021 -32519
4020 -32520
4016 -32520
4014 -32520
4012 -32521
4009 -32521
4004 -32522
4001 -32522
3998 -32522
3997 -32523
3993 -32523
3988 -32524
3985 -32524
3982 -32524
3981 -32525
3977 -32525
3973 -32526
3969 -32526
3967 -32526
3965 -32527
3962 -32527
3956 -32528
3953 -32528
3950 -32528
3949 -32529
3945 -32529
3941 -32530
3937 -32530
3935 -32530
3933 -32531
3930 -32531
3925 -32532
3921 -32532
3919 -32532
3917 -32533
3914 -32533
3909 -32534
3906 -32534
3903 -32534
3902 -32535
3898 -32535
3894 -32535
3893 -32536
3889 -32536
3887 -32536
3885 -32537
3882 -32537
3877 -32538
3874 -32538
3871 -32538
3870 -32539
3866 -32539
3861 -32540
3858 -32540
3855 -32540
3854 -32541
3850 -32541
3846 -32542
3842 -32542
3840 -32542
3838 -32543
3835 -32543
3829 -32543
3826 -32544
3823 -32544
3822 -32544
3818 -32545
3814 -32545
3810 -32546
3808 -32546
3806 -32546
3803 -32547
3798 -32547
3794 -32548
3792 -32548
3790 -32548
3787 -32549
3782 -32549
3779 -32550
3776 -32550
3775 -32550
3771 -32551
3766 -32550
3762 -32551
3760 -32551
3758 -32551
3755 -32552
3750 -32552
3747 -32553
3744 -32553
3743 -32553
3739 -32554
3734 -32554
3731 -32555
3728 -32555
3727 -32555
3723 -32556
3719 -32556
3715 -32557
3713 -32557
3711 -32557
3708 -32558
3702 -32558
3699 -32558
3696 -32558
3695 -32559
3691 -32559
3687 -32560
3683 -32560
3681 -32560
3679 -32561
3676 -32561
3671 -32562
3667 -32562
3665 -32562
3663 -32563
3660 -32563
3655 -32564
3652 -32564
3649 -32564
3648 -32565
3644 -32565
3640 -32564
3639 -32565
3635 -32565
3633 -32565
3631 -32566
3628 -32566
3623 -32567
3620 -32567
3617 -32567
3616 -32568
3612 -32568
3607 -32569
3604 -32569
3601 -32569
3600 -32570
3596 -32570
3592 -32571
3588 -32571
3586 -32571
3584 -32572
3581 -32572
3575 -32572
3572 -32573
3569 -32573
3568 -32573
3564 -32574
3560 -32574
3556 -32575
3554 -32575
3552 -32575
3549 -32576
3544 -32576
3540 -32576
3538 -32576
3536 -32577
3533 -32577
3528 -32578
3525 -32578
3522 -32578
3521 -32579
3517 -32579
3513 -32578
3511 -32579
3508 -32579
3505 -32579
3504 -32580
3500 -32580
3496 -32581
3492 -32581
3490 -32581
3488 -32582
3485 -32582
3480 -32582
3476 -32583
3474 -32583
3472 -32583
3469 -32584
3464 -32584
3461 -32585
3458 -32585
3457 -32585
3453 -32586
3448 -32586
3444 -32586
3442 -32586
3440 -32587
3437 -32587
3432 -32588
3429 -32588
3426 -32588
3425 -32589
3421 -32589
3416 -32589
3413 -32590
3410 -32590
3409 -32590
3405 -32591
3401 -32591
3397 -32592
3395 -32592
3393 -32592
3390 -32593
3386 -32592
3384 -32592
3381 -32593
3378 -32593
3377 -32593
3373 -32594
3369 -32594
3365 -32595
3363 -32595
3361 -32595
3358 -32596
3353 -32596
3349 -32596
3347 -32596
3345 -32597
3342 -32597
3337 -32598
3334 -32598
3331 -32598
3330 -32599
3326 -32599
3321 -32599
3317 -32599
3315 -32599
3313 -32600
3310 -32600
3305 -32601
3302 -32601
3299 -32601
3298 -32602
3294 -32602
3289 -32602
3286 -32603
3283 -32603
3282 -32603
3278 -32604
3274 -32604
3270 -32605
3268 -32605
3266 -32605
3263 -32606
3257 -32605
3253 -32605
3251 -32605
3249 -32606
3246 -32606
3241 -32607
3238 -32607
3235 -32607
3234 -32608
3230 -32608
3225 -32608
3222 -32609
3219 -32609
3218 -32609
3214 -32610
3210 -32610
3206 -32611
3204 -32611
3202 -32611
3199 -32612
3193 -32611
3190 -32612
3187 -32612
3186 -32612
3182 -32613
3178 -32613
3174 -32614
3172 -32614
3170 -32614
3167 -32615
3162 -32615
3158 -32615
3156 -32615
3154 -32616
3151 -32616
3146 -32617
3143 -32617
3140 -32617
3139 -32618
3135 -32618
3131 -32617
3130 -32618
3126 -32618
3124 -32618
3122 -32619
3119 -32619
3114 -32620
3111 -32620
3108 -32620
3107 -32621
3103 -32621
3098 -32621
3095 -32622
3092 -32622
3091 -32622
3087 -32623
3083 -32623
3079 -32624
3077 -32624
3075 -32624
3072 -32625
3066 -32624
3063 -32625
3060 -32625
3059 -32625
3055 -32626
3051 -32626
3047 -32626
3045 -32626
3043 -32627
3040 -32627
3035 -32627
3031 -32628
3029 -32628
3027 -32628
3024 -32629
3019 -32629
3016 -32629
3013 -32629
3012 -32630
3008 -32630
3004 -32629
3002 -32630
2999 -32630
2996 -32630
2995 -32631
2991 -32631
2987 -32631
2983 -32632
2981 -32632
2979 -32632
2976 -32633
2971 -32633
2967 -32633
2965 -32633
2963 -32634
2960 -32634
2955 -32634
2952 -32635
2949 -32635
2948 -32635
2944 -32636
2939 -32636
2935 -32636
2933 -32636
2931 -32637
2928 -32637
2923 -32637
2920 -32638
2917 -32638
2916 -32638
2912 -32639
2907 -32639
2904 -32639
2901 -32639
2900 -32640
2896 -32640
2892 -32640
2888 -32641
2886 -32641
2884 -32641
2881 -32642
2876 -32641
2875 -32641
2871 -32642
2869 -32642
2867 -32642
2864 -32643
2859 -32643
2856 -32643
2853 -32643
2852 -32644
2848 -32644
2843 -32644
2840 -32645
2837 -32645
2836 -32645
2832 -32646
2828 -32646
2824 -32646
2822 -32646
2820 -32647
2817 -32647
2811 -32647
2808 -32647
2805 -32647
2804 -32648
2800 -32648
2796 -32648
2792 -32649
2790 -32649
2788 -32649
2785 -32650
2780 -32650
2776 -32650
2774 -32650
2772 -32651
2769 -32651
2764 -32651
2761 -32652
2758 -32652
2757 -32652
2753 -32653
2747 -32652
2744 -32652
2741 -32652
2740 -32653
2736 -32653
2732 -32653
2728 -32654
2726 -32654
2724 -32654
2721 -32655
2716 -32655
2712 -32655
2710 -32655
2708 -32656
2705 -32656
2700 -32656
2697 -32657
2694 -32657
2693 -32657
2689 -32658
2684 -32657
2680 -32658
2678 -32658
2676 -32658
2673 -32659
2668 -32659
2665 -32659
2662 -32659
2661 -32660
2657 -32660
2652 -32660
2649 -32661
2646 -32661
2645 -32661
2641 -32662
2637 -32662
2633 -32662
2631 -32662
2629 -32663
2626 -32663
2621 -32662
2620 -32663
2616 -32663
2614 -32663
2612 -32664
2609 -32664
2604 -32664
2601 -32665
2598 -32665
2597 -32665
2593 -32666
2588 -32666
2585 -32666
2582 -32666
2581 -32667
2577 -32667
2573 -32667
2569 -32668
2567 -32668
2565 -32668
2562 -32669
2556 -32668
2553 -32668
2550 -32668
2549 -32669
2545 -32669
2541 -32669
2537 -32670
2535 -32670
2533 -32670
2530 -32671
2525 -32670
2521 -32671
2519 -32671
2517 -32671
2512 -32670
2508 -32671
2506 -32671
2504 -32671
2501 -32672
2496 -32671
2492 -32672
2490 -32672
2488 -32672
2485 -32673
2480 -32673
2477 -32673
2474 -32673
2473 -32674
2469 -32674
2464 -32674
2460 -32674
2458 -32674
2456 -32675
2453 -32675
2448 -32675
2445 -32676
2442 -32676
2441 -32676
2437 -32677
2432 -32676
2429 -32677
2426 -32677
2425 -32677
2421 -32678
2417 -32678
2413 -32678
2411 -32678
2409 -32679
2406 -32679
2401 -32678
2400 -32678
2396 -32679
2394 -32679
2392 -32679
2389 -32680
2384 -32680
2381 -32680
2378 -32680
2377 -32681
2373 -32681
2368 -32681
2365 -32681
2362 -32681
2361 -32682
2357 -32682
2353 -32682
2349 -32683
2347 -32683
2345 -32683
2342 -32684
2336 -32683
2333 -32684
2330 -32684
2329 -32684
2325 -32685
2321 -32685
2317 -32685
2315 -32685
2313 -32686
2310 -32686
2305 -32686
2301 -32686
2299 -32686
2297 -32687
2294 -32687
2289 -32687
2286 -32688
2283 -32688
2282 -32688
2278 -32689
2272 -32688
2269 -32688
2266 -32688
2265 -32689
2261 -32689
2257 -32689
2253 -32690
2251 -32690
2249 -32690
2246 -32691
2241 -32690
2237 -32691
2235 -32691
2233 -32691
2230 -32692
2225 -32692
2222 -32692
2219 -32692
2218 -32693
2214 -32693
2209 -32692
2205 -32693
2203 -32693
2201 -32693
2198 -32694
2193 -32694
2190 -32694
2187 -32694
2186 -32695
2182 -32695
2177 -32695
2174 -32695
2171 -32695
2170 -32696
2166 -32696
2162 -32696
2158 -32697
2156 -32697
2154 -32697
2151 -32698
2146 -32696
2145 -32696
2141 -32697
2139 -32697
2137 -32697
2134 -32698
2129 -32698
2126 -32698
2123 -32698
2122 -32699
2118 -32699
2113 -32699
2110 -32699
2107 -32699
2106 -32700
2102 -32700
2098 -32700
2094 -32701
2092 -32701
2090 -32701
2087 -32702
2081 -32701
2078 -32701
2075 -32701
2074 -32702
2070 -32702
2066 -32702
2062 -32703
2060 -32703
2058 -32703
2055 -32704
2050 -32704
2046 -32704
2044 -32704
2042 -32704
2039 -32705
2034 -32705
2031 -32705
2028 -32705
2027 -32705
2023 -32706
2018 -32705
2016 -32705
2013 -32706
2010 -32705
2009 -32706
2005 -32706
2001 -32706
1997 -32707
1995 -32706
1993 -32707
1990 -32707
1985 -32707
1981 -32708
1979 -32707
1977 -32708
1974 -32708
1969 -32708
1966 -32709
1963 -32708
1962 -32709
1958 -32709
1953 -32709
1949 -32710
1947 -32709
1945 -32710
1942 -32710
1937 -32710
1934 -32711
1931 -32710
1930 -32711
1926 -32711
1921 -32711
1918 -32712
1915 -32711
1914 -32712
1910 -32712
1906 -32712
1902 -32713
1900 -32712
1898 -32713
1895 -32713
1890 -32712
1889 -32713
1885 -32713
1883 -32713
1881 -32713
1878 -32714
1873 -32714
1870 -32714
1867 -32714
1866 -32714
1862 -32715
1857 -32715
1854 -32715
1851 -32715
1850 -32715
1846 -32716
1842 -32716
1838 -32716
1836 -32716
1834 -32716
1831 -32717
1825 -32717
1822 -32717
1819 -32717
1818 -32717
1814 -32718
1810 -32718
1806 -32718
1804 -32718
1802 -32718
1799 -32719
1794 -32719
1790 -32719
1788 -32719
1786 -32719
1783 -32720
1778 -32720
1775 -32720
1772 -32720
1771 -32720
1767 -32721
1761 -32720
1757 -32720
1755 -32720
1753 -32720
1750 -32721
1745 -32721
1742 -32721
1739 -32721
1738 -32721
1734 -32722
1729 -32722
1726 -32722
1723 -32722
1722 -32722
1718 -32723
1714 -32723
1710 -32723
1708 -32723
1706 -32723
1703 -32724
1697 -32723
1694 -32724
1691 -32723
1690 -32724
1686 -32724
1682 -32724
1678 -32725
1676 -32724
1674 -32725
1671 -32725
1666 -32725
1662 -32726
1660 -32725
1658 -32726
1655 -32726
1650 -32726
1647 -32727
1644 -32726
1643 -32727
1639 -32727
1635 -32726
1633 -32726
1630 -32727
1627 -32726
1626 -32727
1622 -32727
1618 -32727
1614 -32728
1612 -32727
1610 -32728
1607 -32728
1602 -32728
1598 -32729
1596 -32728
1594 -32729
1591 -32729
1586 -32729
1583 -32730
1580 -32729
1579 -32730
1575 -32730
1570 -32730
1566 -32730
1564 -32730
1562 -32730
1559 -32731
1554 -32731
1551 -32731
1548 -32731
1547 -32731
1543 -32732
1538 -32732
1535 -32732
1532 -32732
1531 -32732
1527 -32733
1523 -32733
1519 -32733
1517 -32733
1515 -32733
1512 -32734
1507 -32732
1505 -32732
1502 -32733
1499 -32732
1498 -32733
1494 -32733
1490 -32733
1486 -32734
1484 -32733
1482 -32734
1479 -32734
1474 -32734
1470 -32734
1468 -32734
1466 -32734
1463 -32735
1458 -32735
1455 -32735
1452 -32735
1451 -32735
1447 -32736
1442 -32735
1438 -32736
1436 -32735
1434 -32736
1431 -32736
1426 -32736
1423 -32737
1420 -32736
1419 -32737
1415 -32737
1410 -32737
1407 -32737
1404 -32737
1403 -32737
1399 -32738
1395 -32738
1391 -32738
1389 -32738
1387 -32738
1384 -32739
1379 -32737
1378 -32738
1374 -32738
1372 -32738
1370 -32738
1367 -32739
1362 -32739
1359 -32739
1356 -32739
1355 -32739
1351 -32740
1346 -32739
1343 -32740
1340 -32739
1339 -32740
1335 -32740
1331 -32740
1327 -32741
1325 -32740
1323 -32741
1320 -32741
1314 -32741
1311 -32741
1308 -32741
1307 -32741
1303 -32742
1299 -32742
1295 -32742
1293 -32742
1291 -32742
1288 -32743
1283 -32742
1279 -32743
1277 -32742
1275 -32743
1272 -32743
1267 -32743
1264 -32744
1261 -32743
1260 -32744
1256 -32744
1250 -32743
1246 -32744
1244 -32743
1242 -32744
1239 -32744
1234 -32744
1231 -32745
1228 -32744
1227 -32745
1223 -32745
1218 -32745
1215 -32745
1212 -32745
1211 -32745
1207 -32746
1203 -32746
1199 -32746
1197 -32746
1195 -32746
1192 -32747
1186 -32746
1183 -32746
1180 -32746
1179 -32746
1175 -32747
1171 -32747
1167 -32747
1165 -32747
1163 -32747
1160 -32748
1155 -32747
1151 -32748
1149 -32747
1147 -32748
1144 -32748
1139 -32748
1136 -32749
1133 -32748
1132 -32749
1128 -32749
1124 -32747
1122 -32748
1119 -32748
1116 -32748
1115 -32748
1111 -32749
1107 -32749
1103 -32749
1101 -32749
1099 -32749
1096 -32750
1091 -32749
1087 -32750
1085 -32749
1083 -32750
1080 -32750
1075 -32750
1072 -32751
1069 -32750
1068 -32751
1064 -32751
1059 -32750
1055 -32751
1053 -32750
1051 -32751
1048 -32751
1043 -32751
1040 -32752
1037 -32751
1036 -32752
1032 -32752
1027 -32752
1024 -32752
1021 -32752
1020 -32752
1016 -32753
1012 -32752
1008 -32753
1006 -32752
1004 -32753
1001 -32753
995 -32752
994 -32752
990 -32753
988 -32752
986 -32753
983 -32753
978 -32753
975 -32753
972 -32753
971 -32753
967 -32754
962 -32753
959 -32754
956 -32753
955 -32754
951 -32754
947 -32754
943 -32754
941 -32754
939 -32754
936 -32755
930 -32754
927 -32755
924 -32754
923 -32755
919 -32755
915 -32755
911 -32755
909 -32755
907 -32755
904 -32756
899 -32755
895 -32756
893 -32755
891 -32756
888 -32756
883 -32756
880 -32756
877 -32756
876 -32756
872 -32757
868 -32755
866 -32756
863 -32756
860 -32756
859 -32756
855 -32757
851 -32756
847 -32757
845 -32756
843 -32757
840 -32757
835 -32757
831 -32757
829 -32757
827 -32757
824 -32758
819 -32757
816 -32758
813 -32757
812 -32758
808 -32758
803 -32758
799 -32758
797 -32758
795 -32758
792 -32759
787 -32758
784 -32759
781 -32758
780 -32759
776 -32759
771 -32759
768 -32759
765 -32759
764 -32759
760 -32760
756 -32759
752 -32760
750 -32759
748 -32760
745 -32760
738 -32759
735 -32760
732 -32759
731 -32760
727 -32760
723 -32760
719 -32760
717 -32760
715 -32760
712 -32761
707 -32760
703 -32761
701 -32760
699 -32761
696 -32761
691 -32761
688 -32761
685 -32761
684 -32761
680 -32762
675 -32761
671 -32761
669 -32761
667 -32761
664 -32762
659 -32761
656 -32762
653 -32761
652 -32762
648 -32762
643 -32762
640 -32762
637 -32762
636 -32762
632 -32763
628 -32762
624 -32763
622 -32762
620 -32763
617 -32763
612 -32761
611 -32762
607 -32762
605 -32762
603 -32762
600 -32763
595 -32762
592 -32763
589 -32762
588 -32763
584 -32763
579 -32763
576 -32763
573 -32763
572 -32763
568 -32764
564 -32763
560 -32764
558 -32763
556 -32764
553 -32764
547 -32763
544 -32764
541 -32763
540 -32764
536 -32764
532 -32764
528 -32764
526 -32764
524 -32764
521 -32765
516 -32764
512 -32765
510 -32764
508 -32765
505 -32765
500 -32765
497 -32765
494 -32765
493 -32765
489 -32766
484 -32763
482 -32763
479 -32764
476 -32763
475 -32764
471 -32764
467 -32764
463 -32764
461 -32764
459 -32764
456 -32765
451 -32764
447 -32764
445 -32764
443 -32764
440 -32765
435 -32764
432 -32765
429 -32764
428 -32765
424 -32765
419 -32764
415 -32765
413 -32764
411 -32765
408 -32765
403 -32765
400 -32765
397 -32765
396 -32765
392 -32766
387 -32765
384 -32765
381 -32765
380 -32765
376 -32766
372 -32765
368 -32766
366 -32765
364 -32766
361 -32766
356 -32764
355 -32765
351 -32765
349 -32765
347 -32765
344 -32766
339 -32765
336 -32766
333 -32765
332 -32766
328 -32766
323 -32765
320 -32766
317 -32765
316 -32766
312 -32766
308 -32766
304 -32766
302 -32766
300 -32766
297 -32767
291 -32766
288 -32766
285 -32766
284 -32766
280 -32767
276 -32766
272 -32767
270 -32766
268 -32767
265 -32767
260 -32766
256 -32767
254 -32766
252 -32767
249 -32767
244 -32767
241 -32767
238 -32767
237 -32767
233 -32768
227 -32766
223 -32766
221 -32766
219 -32766
216 -32767
211 -32766
208 -32767
205 -32766
204 -32767
200 -32767
195 -32766
192 -32767
189 -32766
188 -32767
184 -32767
180 -32767
176 -32767
174 -32767
173 -32767
169 -32768
163 -32766
160 -32767
157 -32766
156 -32767
152 -32767
148 -32767
144 -32767
142 -32767
141 -32767
137 -32768
132 -32767
129 -32767
126 -32767
125 -32767
121 -32768
117 -32767
113 -32768
110 -32767
109 -32768
105 -32768
101 -32766
99 -32766
96 -32767
93 -32766
92 -32767
89 -32767
84 -32767
81 -32767
78 -32767
77 -32767
73 -32768
68 -32767
65 -32767
62 -32767
61 -32767
57 -32768
53 -32767
49 -32768
47 -32767
45 -32768
41 -32768
36 -32767
33 -32767
30 -32767
29 -32767
25 -32768
21 -32767
17 -32768
14 -32767
13 -32768
9 -32768
5 -32768
1 -32768
1 -32768
-1 -32768
-5 -32768
-10 -32768
-14 -32768
-16 -32768
-18 -32768
-21 -32768
-26 -32768
-29 -32768
-32 -32768
-33 -32768
-37 -32768
-42 -32768
-46 -32768
-48 -32768
-50 -32768
-53 -32768
-58 -32768
-61 -32768
-64 -32768
-65 -32768
-69 -32768
-74 -32768
-77 -32768
-80 -32768
-81 -32768
-85 -32768
-89 -32768
-93 -32768
-95 -32768
-97 -32768
-100 -32768
-105 -32768
-106 -32768
-110 -32768
-112 -32768
-114 -32768
-117 -32768
-122 -32768
-125 -32768
-128 -32768
-129 -32768
-133 -32768
-138 -32768
-141 -32768
-144 -32768
-145 -32768
-149 -32768
-153 -32768
-157 -32768
-159 -32768
-161 -32768
-164 -32768
-170 -32768
-173 -32768
-176 -32768
-177 -32768
-181 -32768
-185 -32768
-189 -32768
-191 -32768
-193 -32768
-196 -32768
-201 -32768
-205 -32768
-207 -32768
-209 -32768
-212 -32768
-217 -32768
-220 -32768
-223 -32768
-224 -32768
-228 -32768
-234 -32767
-238 -32767
-240 -32767
-242 -32767
-245 -32767
-250 -32767
-253 -32767
-256 -32767
-257 -32767
-261 -32767
-266 -32767
-269 -32767
-272 -32767
-273 -32767
-277 -32767
-281 -32767
-285 -32767
-287 -32767
-289 -32767
-292 -32767
-298 -32766
-301 -32766
-304 -32766
-305 -32766
-309 -32766
-313 -32766
-317 -32766
-319 -32766
-321 -32766
-324 -32766
-329 -32766
-333 -32766
-335 -32766
-337 -32766
-340 -32766
-345 -32766
-348 -32766
-351 -32766
-352 -32766
-356 -32766
-360 -32766
-362 -32766
-365 -32766
-368 -32766
-369 -32766
-373 -32766
-377 -32766
-381 -32766
-383 -32766
-385 -32766
-388 -32766
-393 -32766
-397 -32766
-399 -32766
-401 -32766
-404 -32766
-409 -32766
-412 -32766
-415 -32766
-416 -32766
-420 -32766
-425 -32765
-429 -32765
-431 -32765
-433 -32765
-436 -32765
-441 -32765
-444 -32765
-447 -32765
-448 -32765
-452 -32765
-457 -32765
-460 -32765
-463 -32765
-464 -32765
-468 -32765
-472 -32765
-476 -32765
-478 -32765
-480 -32765
-483 -32765
-489 -32764
-490 -32764
-494 -32764
-496 -32764
-498 -32764
-501 -32764
-506 -32764
-509 -32764
-512 -32764
-513 -32764
-517 -32764
-522 -32763
-525 -32763
-528 -32763
-529 -32763
-533 -32763
-537 -32763
-541 -32763
-543 -32763
-545 -32763
-548 -32763
-554 -32763
-557 -32763
-560 -32763
-561 -32763
-565 -32763
-569 -32763
-573 -32763
-575 -32763
-577 -32763
-580 -32763
-585 -32762
-589 -32762
-591 -32762
-593 -32762
-596 -32762
-601 -32762
-604 -32762
-607 -32762
-608 -32762
-612 -32762
-616 -32762
-618 -32762
-621 -32762
-624 -32762
-625 -32762
-629 -32762
-633 -32762
-637 -32762
-639 -32762
-641 -32762
-644 -32762
-649 -32761
-653 -32761
-655 -32761
-657 -32761
-660 -32761
-665 -32761
-668 -32761
-671 -32761
-672 -32761
-676 -32761
-681 -32761
-685 -32761
-687 -32761
-689 -32761
-692 -32761
-697 -32761
-700 -32761
-703 -32761
-704 -32761
-708 -32761
-713 -32760
-716 -32760
-719 -32760
-720 -32760
-724 -32760
-728 -32760
-732 -32760
-734 -32760
-736 -32760
-739 -32760
-746 -32759
-749 -32759
-752 -32759
-753 -32759
-757 -32759
-761 -32759
-765 -32759
-767 -32759
-769 -32759
-772 -32759
-777 -32759
-781 -32759
-783 -32759
-785 -32759
-788 -32759
-793 -32759
-796 -32759
-799 -32759
-800 -32759
-804 -32759
-809 -32758
-813 -32758
-815 -32758
-817 -32758
-820 -32758
-825 -32758
-828 -32758
-831 -32758
-832 -32758
-836 -32758
-841 -32757
-844 -32757
-847 -32757
-848 -32757
-852 -32757
-856 -32757
-860 -32757
-862 -32757
-864 -32757
-867 -32757
-872 -32756
-873 -32756
-877 -32756
-879 -32756
-881 -32756
-884 -32756
-889 -32756
-892 -32756
-895 -32756
-896 -32756
-900 -32756
-905 -32756
-908 -32756
-911 -32756
-912 -32756
-916 -32756
-920 -32756
-924 -32756
-926 -32756
-928 -32756
-931 -32756
-937 -32755
-940 -32755
-943 -32755
-944 -32755
-948 -32755
-952 -32755
-956 -32755
-958 -32755
-960 -32755
-963 -32755
-968 -32754
-972 -32754
-974 -32754
-976 -32754
-979 -32754
-984 -32754
-987 -32754
-990 -32754
-991 -32754
-995 -32754
-1000 -32752
-1002 -32752
-1005 -32752
-1008 -32752
-1009 -32752
-1013 -32752
-1017 -32752
-1021 -32752
-1023 -32752
-1025 -32752
-1028 -32752
-1033 -32751
-1037 -32751
-1039 -32751
-1041 -32751
-1044 -32751
-1049 -32751
-1052 -32751
-1055 -32751
-1056 -32751
-1060 -32751
-1065 -32750
-1069 -32750
-1071 -32750
-1073 -32750
-1076 -32750
-1081 -32750
-1084 -32750
-1087 -32750
-1088 -32750
-1092 -32750
-1097 -32749
-1100 -32749
-1103 -32749
-1104 -32749
-1108 -32749
-1112 -32749
-1116 -32749
-1118 -32749
-1120 -32749
-1123 -32749
-1128 -32748
-1129 -32748
-1133 -32748
-1135 -32748
-1137 -32748
-1140 -32748
-1145 -32748
-1148 -32748
-1151 -32748
-1152 -32748
-1156 -32748
-1161 -32747
-1164 -32747
-1167 -32747
-1168 -32747
-1172 -32747
-1176 -32747
-1180 -32747
-1182 -32747
-1184 -32747
-1187 -32747
-1193 -32746
-1196 -32746
-1199 -32746
-1200 -32746
-1204 -32746
-1208 -32746
-1212 -32746
-1214 -32746
-1216 -32746
-1219 -32746
-1224 -32745
-1228 -32745
-1230 -32745
-1232 -32745
-1235 -32745
-1240 -32745
-1243 -32745
-1246 -32745
-1247 -32745
-1251 -32745
-1257 -32744
-1261 -32744
-1263 -32744
-1265 -32744
-1268 -32744
-1273 -32743
-1276 -32743
-1279 -32743
-1280 -32743
-1284 -32743
-1289 -32743
-1292 -32743
-1295 -32743
-1296 -32743
-1300 -32743
-1304 -32742
-1308 -32742
-1310 -32742
-1312 -32742
-1315 -32742
-1321 -32741
-1324 -32741
-1327 -32741
-1328 -32741
-1332 -32741
-1336 -32741
-1340 -32741
-1342 -32741
-1344 -32741
-1347 -32741
-1352 -32740
-1356 -32740
-1358 -32740
-1360 -32740
-1363 -32740
-1368 -32740
-1371 -32740
-1374 -32740
-1375 -32740
-1379 -32740
-1383 -32739
-1385 -32739
-1388 -32739
-1391 -32739
-1392 -32739
-1396 -32739
-1400 -32738
-1404 -32738
-1406 -32738
-1408 -32738
-1411 -32738
-1416 -32738
-1420 -32738
-1422 -32738
-1424 -32738
-1427 -32738
-1432 -32737
-1435 -32737
-1438 -32737
-1439 -32737
-1443 -32737
-1448 -32736
-1452 -32736
-1454 -32736
-1456 -32736
-1459 -32736
-1464 -32736
-1467 -32736
-1470 -32736
-1471 -32736
-1475 -32736
-1480 -32735
-1483 -32735
-1486 -32735
-1487 -32735
-1491 -32735
-1495 -32735
-1499 -32735
-1501 -32735
-1503 -32735
-1506 -32735
-1512 -32733
-1513 -32733
-1517 -32733
-1519 -32733
-1521 -32733
-1524 -32733
-1529 -32732
-1532 -32732
-1535 -32732
-1536 -32732
-1540 -32732
-1545 -32731
-1548 -32731
-1551 -32731
-1552 -32731
-1556 -32731
-1560 -32731
-1564 -32731
-1566 -32731
-1568 -32731
-1571 -32731
-1577 -32730
-1580 -32730
-1583 -32730
-1584 -32730
-1588 -32730
-1592 -32729
-1596 -32729
-1598 -32729
-1600 -32729
-1603 -32729
-1608 -32728
-1612 -32728
-1614 -32728
-1616 -32728
-1619 -32728
-1624 -32728
-1627 -32728
-1630 -32728
-1631 -32728
-1635 -32728
-1639 -32727
-1641 -32727
-1644 -32727
-1647 -32727
-1648 -32727
-1652 -32727
-1656 -32726
-1660 -32726
-1662 -32726
-1664 -32726
-1667 -32726
-1672 -32725
-1676 -32725
-1678 -32725
-1680 -32725
-1683 -32725
-1688 -32725
-1691 -32725
-1694 -32725
-1695 -32725
-1699 -32725
-1704 -32724
-1708 -32724
-1710 -32724
-1712 -32724
-1715 -32724
-1720 -32723
-1723 -32723
-1726 -32723
-1727 -32723
-1731 -32723
-1736 -32722
-1739 -32722
-1742 -32722
-1743 -32722
-1747 -32722
-1751 -32722
-1755 -32722
-1757 -32722
-1759 -32722
-1762 -32722
-1769 -32720
-1772 -32720
-1775 -32720
-1776 -32720
-1780 -32720
-1784 -32719
-1788 -32719
-1790 -32719
-1792 -32719
-1795 -32719
-1800 -32718
-1804 -32718
-1806 -32718
-1808 -32718
-1811 -32718
-1816 -32718
-1819 -32718
-1822 -32718
-1823 -32718
-1827 -32718
-1832 -32716
-1836 -32716
-1838 -32716
-1840 -32716
-1843 -32716
-1848 -32716
-1851 -32716
-1854 -32716
-1855 -32716
-1859 -32716
-1864 -32715
-1867 -32715
-1870 -32715
-1871 -32715
-1875 -32715
-1879 -32714
-1883 -32714
-1885 -32714
-1887 -32714
-1890 -32714
-1895 -32713
-1896 -32713
-1900 -32713
-1902 -32713
-1904 -32713
-1907 -32713
-1912 -32712
-1915 -32712
-1918 -32712
-1919 -32712
-1923 -32712
-1928 -32711
-1931 -32711
-1934 -32711
-1935 -32711
-1939 -32711
-1943 -32711
-1947 -32711
-1949 -32711
-1951 -32711
-1954 -32711
-1960 -32709
-1963 -32709
-1966 -32709
-1967 -32709
-1971 -32709
-1975 -32709
-1979 -32709
-1981 -32709
-1983 -32709
-1986 -32709
-1991 -32708
-1995 -32708
-1997 -32708
-1999 -32708
-2002 -32708
-2007 -32707
-2010 -32707
-2013 -32707
-2014 -32707
-2018 -32707
-2023 -32705
-2024 -32705
-2028 -32705
-2030 -32705
-2032 -32705
-2035 -32705
-2040 -32704
-2043 -32704
-2046 -32704
-2047 -32704
-2051 -32704
-2056 -32703
-2059 -32703
-2062 -32703
-2063 -32703
-2067 -32703
-2071 -32702
-2075 -32702
-2077 -32702
-2079 -32702
-2082 -32702
-2088 -32701
-2091 -32701
-2094 -32701
-2095 -32701
-2099 -32701
-2103 -32700
-2107 -32700
-2109 -32700
-2111 -32700
-2114 -32700
-2119 -32699
-2123 -32699
-2125 -32699
-2127 -32699
-2130 -32699
-2135 -32698
-2138 -32698
-2141 -32698
-2142 -32698
-2146 -32698
-2150 -32697
-2152 -32697
-2155 -32697
-2158 -32697
-2159 -32697
-2163 -32697
-2167 -32696
-2171 -32696
-2173 -32696
-2175 -32696
-2178 -32696
-2183 -32695
-2187 -32695
-2189 -32695
-2191 -32695
-2194 -32695
-2199 -32694
-2202 -32694
-2205 -32694
-2206 -32694
-2210 -32694
-2215 -32693
-2219 -32693
-2221 -32693
-2223 -32693
-2226 -32693
-2231 -32692
-2234 -32692
-2237 -32692
-2238 -32692
-2242 -32692
-2247 -32691
-2250 -32691
-2253 -32691
-2254 -32691
-2258 -32691
-2262 -32690
-2266 -32690
-2268 -32690
-2270 -32690
-2273 -32690
-2279 -32689
-2283 -32689
-2285 -32688
-2287 -32688
-2290 -32688
-2295 -32688
-2298 -32688
-2301 -32687
-2302 -32687
-2306 -32687
-2311 -32687
-2314 -32687
-2317 -32686
-2318 -32686
-2322 -32686
-2326 -32686
-2330 -32686
-2332 -32685
-2334 -32685
-2337 -32685
-2343 -32684
-2346 -32684
-2349 -32684
-2350 -32684
-2354 -32684
-2358 -32683
-2362 -32683
-2364 -32683
-2366 -32683
-2369 -32683
-2374 -32682
-2378 -32682
-2380 -32682
-2382 -32682
-2385 -32682
-2390 -32681
-2393 -32681
-2396 -32681
-2397 -32681
-2401 -32681
-2405 -32680
-2407 -32680
-2410 -32680
-2413 -32679
-2414 -32679
-2418 -32679
-2422 -32679
-2426 -32679
-2428 -32678
-2430 -32678
-2433 -32678
-2438 -32678
-2442 -32678
-2444 -32677
-2446 -32677
-2449 -32677
-2454 -32677
-2457 -32677
-2460 -32676
-2461 -32676
-2465 -32676
-2470 -32675
-2474 -32675
-2476 -32675
-2478 -32675
-2481 -32675
-2486 -32674
-2489 -32674
-2492 -32674
-2493 -32674
-2497 -32674
-2502 -32673
-2505 -32673
-2508 -32673
-2509 -32673
-2515 -32670
-2518 -32670
-2521 -32670
-2522 -32670
-2526 -32670
-2531 -32669
-2534 -32669
-2537 -32669
-2538 -32669
-2542 -32669
-2546 -32668
-2550 -32668
-2552 -32668
-2554 -32668
-2557 -32668
-2563 -32667
-2566 -32667
-2569 -32666
-2570 -32666
-2574 -32666
-2578 -32666
-2582 -32666
-2584 -32665
-2586 -32665
-2589 -32665
-2594 -32664
-2598 -32664
-2600 -32664
-2602 -32664
-2605 -32664
-2610 -32663
-2613 -32663
-2616 -32663
-2617 -32663
-2621 -32663
-2625 -32662
-2627 -32662
-2630 -32662
-2633 -32661
-2634 -32661
-2638 -32661
-2642 -32661
-2646 -32661
-2648 -32660
-2650 -32660
-2653 -32660
-2658 -32659
-2662 -32659
-2664 -32659
-2666 -32659
-2669 -32659
-2674 -32658
-2677 -32658
-2680 -32658
-2681 -32658
-2685 -32658
-2690 -32657
-2694 -32657
-2696 -32656
-2698 -32656
-2701 -32656
-2706 -32656
-2709 -32656
-2712 -32655
-2713 -32655
-2717 -32655
-2722 -32654
-2725 -32654
-2728 -32654
-2729 -32654
-2733 -32654
-2737 -32653
-2741 -32653
-2743 -32653
-2745 -32653
-2748 -32653
-2754 -32651
-2758 -32651
-2760 -32651
-2762 -32651
-2765 -32651
-2770 -32650
-2773 -32650
-2776 -32650
-2777 -32650
-2781 -32650
-2786 -32649
-2789 -32649
-2792 -32648
-2793 -32648
-2797 -32648
-2801 -32648
-2805 -32648
-2807 -32647
-2809 -32647
-2812 -32647
-2818 -32646
-2821 -32646
-2824 -32646
-2825 -32646
-2829 -32646
-2833 -32645
-2837 -32645
-2839 -32645
-2841 -32645
-2844 -32645
-2849 -32644
-2853 -32644
-2855 -32643
-2857 -32643
-2860 -32643
-2865 -32643
-2868 -32643
-2871 -32642
-2872 -32642
-2876 -32642
-2880 -32640
-2882 -32640
-2885 -32640
-2888 -32640
-2889 -32640
-2893 -32640
-2897 -32639
-2901 -32639
-2903 -32639
-2905 -32639
-2908 -32639
-2913 -32638
-2917 -32638
-2919 -32637
-2921 -32637
-2924 -32637
-2929 -32637
-2932 -32637
-2935 -32636
-2936 -32636
-2940 -32636
-2945 -32635
-2949 -32635
-2951 -32634
-2953 -32634
-2956 -32634
-2961 -32634
-2964 -32634
-2967 -32633
-2968 -32633
-2972 -32633
-2977 -32632
-2980 -32632
-2983 -32632
-2984 -32632
-2988 -32632
-2992 -32631
-2996 -32631
-2998 -32631
-3000 -32631
-3003 -32631
-3008 -32628
-3009 -32628
-3013 -32628
-3015 -32628
-3017 -32628
-3020 -32628
-3025 -32627
-3028 -32627
-3031 -32627
-3032 -32627
-3036 -32627
-3041 -32626
-3044 -32626
-3047 -32625
-3048 -32625
-3052 -32625
-3056 -32625
-3060 -32625
-3062 -32624
-3064 -32624
-3067 -32624
-3073 -32623
-3076 -32623
-3079 -32623
-3080 -32623
-3084 -32623
-3088 -32622
-3092 -32622
-3094 -32621
-3096 -32621
-3099 -32621
-3104 -32620
-3108 -32620
-3110 -32620
-3112 -32620
-3115 -32620
-3120 -32619
-3123 -32619
-3126 -32618
-3127 -32618
-3131 -32618
-3135 -32617
-3136 -32617
-3140 -32617
-3142 -32617
-3144 -32617
-3147 -32617
-3152 -32616
-3155 -32616
-3158 -32615
-3159 -32615
-3163 -32615
-3168 -32614
-3171 -32614
-3174 -32614
-3175 -32614
-3179 -32614
-3183 -32613
-3187 -32613
-3189 -32612
-3191 -32612
-3194 -32612
-3200 -32611
-3203 -32611
-3206 -32611
-3207 -32611
-3211 -32611
-3215 -32610
-3219 -32610
-3221 -32609
-3223 -32609
-3226 -32609
-3231 -32608
-3235 -32608
-3237 -32608
-3239 -32608
-3242 -32608
-3247 -32607
-3250 -32607
-3253 -32606
-3254 -32606
-3258 -32606
-3264 -32605
-3267 -32605
-3270 -32604
-3271 -32604
-3275 -32604
-3279 -32603
-3283 -32603
-3285 -32603
-3287 -32603
-3290 -32603
-3295 -32602
-3299 -32602
-3301 -32601
-3303 -32601
-3306 -32601
-3311 -32600
-3314 -32600
-3317 -32600
-3318 -32600
-3322 -32600
-3327 -32599
-3331 -32599
-3333 -32598
-3335 -32598
-3338 -32598
-3343 -32597
-3346 -32597
-3349 -32597
-3350 -32597
-3354 -32597
-3359 -32596
-3362 -32596
-3365 -32595
-3366 -32595
-3370 -32595
-3374 -32594
-3378 -32594
-3380 -32594
-3382 -32594
-3385 -32594
-3389 -32592
-3391 -32592
-3394 -32592
-3397 -32591
-3398 -32591
-3402 -32591
-3406 -32590
-3410 -32590
-3412 -32590
-3414 -32590
-3417 -32590
-3422 -32589
-3426 -32589
-3428 -32588
-3430 -32588
-3433 -32588
-3438 -32587
-3441 -32587
-3444 -32587
-3445 -32587
-3449 -32587
-3454 -32585
-3458 -32585
-3460 -32585
-3462 -32585
-3465 -32585
-3470 -32584
-3473 -32584
-3476 -32583
-3477 -32583
-3481 -32583
-3486 -32582
-3489 -32582
-3492 -32582
-3493 -32582
-3497 -32582
-3501 -32581
-3505 -32581
-3507 -32580
-3509 -32580
-3512 -32580
-3517 -32577
-3518 -32577
-3522 -32577
-3524 -32577
-3526 -32577
-3529 -32577
-3534 -32576
-3537 -32576
-3540 -32575
-3541 -32575
-3545 -32575
-3550 -32574
-3553 -32574
-3556 -32574
-3557 -32574
-3561 -32574
-3565 -32573
-3569 -32573
-3571 -32572
-3573 -32572
-3576 -32572
-3582 -32571
-3585 -32571
-3588 -32571
-3589 -32571
-3593 -32571
-3597 -32570
-3601 -32570
-3603 -32569
-3605 -32569
-3608 -32569
-3613 -32568
-3617 -32568
-3619 -32567
-3621 -32567
-3624 -32567
-3629 -32566
-3632 -32566
-3635 -32566
-3636 -32566
-3640 -32566
-3644 -32564
-3645 -32564
-3649 -32564
-3651 -32563
-3653 -32563
-3656 -32563
-3661 -32562
-3664 -32562
-3667 -32562
-3668 -32562
-3672 -32562
-3677 -32560
-3680 -32560
-3683 -32560
-3684 -32560
-3688 -32560
-3692 -32559
-3696 -32559
-3698 -32558
-3700 -32558
-3703 -32558
-3709 -32557
-3712 -32557
-3715 -32556
-3716 -32556
-3720 -32556
-3724 -32555
-3728 -32555
-3730 -32555
-3732 -32555
-3735 -32555
-3740 -32553
-3744 -32553
-3746 -32553
-3748 -32553
-3751 -32553
-3756 -32552
-3759 -32552
-3762 -32551
-3763 -32551
-3767 -32551
-3772 -32549
-3776 -32549
-3778 -32549
-3780 -32549
-3783 -32549
-3788 -32548
-3791 -32548
-3794 -32547
-3795 -32547
-3799 -32547
-3804 -32546
-3807 -32546
-3810 -32545
-3811 -32545
-3815 -32545
-3819 -32544
-3823 -32544
-3825 -32544
-3827 -32544
-3830 -32544
-3836 -32542
-3839 -32542
-3842 -32542
-3843 -32542
-3847 -32542
-3851 -32541
-3855 -32541
-3857 -32540
-3859 -32540
-3862 -32540
-3867 -32539
-3871 -32539
-3873 -32538
-3875 -32538
-3878 -32538
-3883 -32537
-3886 -32537
-3889 -32537
-3890 -32537
-3894 -32537
-3898 -32535
-3899 -32535
-3903 -32535
-3905 -32534
-3907 -32534
-3910 -32534
-3915 -32533
-3918 -32533
-3921 -32533
-3922 -32533
-3926 -32533
-3931 -32531
-3934 -32531
-3937 -32531
-3938 -32531
-3942 -32531
-3946 -32530
-3950 -32530
-3952 -32529
-3954 -32529
-3957 -32529
-3963 -32527
-3966 -32527
-3969 -32527
-3970 -32527
-3974 -32527
-3978 -32526
-3982 -32526
-3984 -32525
-3986 -32525
-3989 -32525
-3994 -32524
-3998 -32524
-4000 -32523
-4002 -32523
-4005 -32523
-4010 -32522
-4013 -32522
-4016 -32522
-4017 -32522
-4021 -32522
-4025 -32519
-4027 -32519
-4030 -32519
-4033 -32518
-4034 -32518
-4038 -32518
-4042 -32517
-4046 -32517
-4048 -32517
-4050 -32517
-4053 -32517
-4058 -32515
-4062 -32515
-4064 -32515
-4066 -32515
-4069 -32515
-4074 -32514
-4077 -32514
-4080 -32513
-4081 -32513
-4085 -32513
-4090 -32512
-4094 -32512
-4096 -32511
-4098 -32511
-4101 -32511
-4106 -32510
-4109 -32510
-4112 -32509
-4113 -32509
-4117 -32509
-4122 -32508
-4125 -32508
-4128 -32507
-4129 -32507
-4133 -32507
-4137 -32506
-4141 -32506
-4143 -32505
-4145 -32505
-4148 -32505
-4152 -32504
-4154 -32504
-4157 -32503
-4160 -32503
-4161 -32503
-4165 -32502
-4169 -32502
-4173 -32501
-4175 -32501
-4177 -32501
-4180 -32500
-4185 -32500
-4189 -32499
-4191 -32499
-4193 -32499
-4196 -32498
-4201 -32498
-4204 -32497
-4207 -32497
-4208 -32497
-4212 -32496
-4217 -32496
-4220 -32495
-4223 -32495
-4224 -32495
-4228 -32494
-4232 -32494
-4236 -32493
-4238 -32493
-4240 -32493
-4243 -32492
-4248 -32492
-4252 -32491
-4254 -32491
-4256 -32491
-4259 -32490
-4264 -32490
-4267 -32489
-4270 -32489
-4271 -32489
-4275 -32488
-4281 -32487
-4284 -32487
-4287 -32486
-4288 -32486
-4292 -32486
-4296 -32485
-4300 -32485
-4302 -32484
-4304 -32484
-4307 -32484
-4312 -32483
-4316 -32483
-4318 -32482
-4320 -32482
-4323 -32482
-4328 -32481
-4331 -32481
-4334 -32480
-4335 -32480
-4339 -32480
-4344 -32479
-4347 -32479
-4350 -32478
-4351 -32478
-4355 -32478
-4359 -32477
-4363 -32477
-4365 -32476
-4367 -32476
-4370 -32476
-4375 -32475
-4379 -32475
-4381 -32474
-4383 -32474
-4386 -32474
-4391 -32473
-4394 -32473
-4397 -32472
-4398 -32472
-4402 -32472
-4406 -32471
-4407 -32471
-4411 -32470
-4413 -32470
-4415 -32470
-4418 -32469
-4423 -32469
-4426 -32468
-4429 -32468
-4430 -32468
-4434 -32467
-4439 -32467
-4442 -32466
-4445 -32466
-4446 -32466
-4450 -32465
-4454 -32465
-4458 -32464
-4460 -32464
-4462 -32464
-4465 -32463
-4470 -32462
-4474 -32462
-4476 -32461
-4478 -32461
-4481 -32461
-4486 -32460
-4489 -32460
-4492 -32459
-4493 -32459
-4497 -32459
-4502 -32458
-4505 -32458
-4508 -32457
-4509 -32457
-4513 -32457
-4517 -32456
-4521 -32456
-4523 -32455
-4525 -32455
-4528 -32455
-4533 -32452
-4534 -32452
-4538 -32452
-4540 -32451
-4542 -32451
-4545 -32451
-4550 -32450
-4553 -32450
-4556 -32449
-4557 -32449
-4561 -32449
-4566 -32448
-4569 -32448
-4572 -32447
-4573 -32447
-4577 -32447
-4581 -32446
-4585 -32446
-4587 -32445
-4589 -32445
-4592 -32445
-4597 -32444
-4601 -32444
-4603 -32443
-4605 -32443
-4608 -32443
-4613 -32442
-4616 -32442
-4619 -32441
-4620 -32441
-4624 -32441
-4629 -32440
-4632 -32439
-4635 -32439
-4636 -32439
-4640 -32438
-4644 -32438
-4648 -32437
-4650 -32437
-4652 -32437
-4655 -32436
-4659 -32435
-4661 -32435
-4664 -32434
-4667 -32434
-4668 -32434
-4672 -32433
-4676 -32433
-4680 -32432
-4682 -32432
-4684 -32432
-4687 -32431
-4692 -32430
-4696 -32430
-4698 -32429
-4700 -32429
-4703 -32429
-4708 -32428
-4711 -32428
-4714 -32427
-4715 -32427
-4719 -32427
-4724 -32426
-4727 -32425
-4730 -32425
-4731 -32425
-4735 -32424
-4739 -32424
-4743 -32423
-4745 -32423
-4747 -32423
-4750 -32422
-4755 -32421
-4759 -32421
-4761 -32420
-4763 -32420
-4766 -32420
-4771 -32419
-4774 -32419
-4777 -32418
-4778 -32418
-4782 -32418
-4787 -32416
-4791 -32416
-4793 -32415
-4795 -32415
-4798 -32415
-4803 -32414
-4806 -32414
-4809 -32413
-4810 -32413
-4814 -32413
-4819 -32412
-4822 -32411
-4825 -32411
-4826 -32411
-4830 -32410
-4834 -32410
-4838 -32409
-4840 -32409
-4842 -32409
-4845 -32408
-4850 -32407
-4854 -32407
-4856 -32406
-4858 -32406
-4861 -32406
-4866 -32405
-4869 -32405
-4872 -32404
-4873 -32404
-4877 -32404
-4882 -32403
-4885 -32402
-4888 -32402
-4889 -32402
-4893 -32401
-4897 -32401
-4901 -32400
-4903 -32400
-4905 -32400
-4908 -32399
-4912 -32398
-4914 -32398
-4917 -32397
-4920 -32397
-4921 -32397
-4925 -32396
-4929 -32396
-4933 -32395
-4935 -32395
-4937 -32395
-4940 -32394
-4945 -32393
-4949 -32393
-4951 -32392
-4953 -32392
-4956 -32392
-4961 -32391
-4964 -32391
-4967 -32390
-4968 -32390
-4972 -32390
-4977 -32388
-4980 -32388
-4983 -32387
-4984 -32387
-4988 -32387
-4992 -32386
-4996 -32386
-4998 -32385
-5000 -32385
-5003 -32385
-5008 -32384
-5012 -32383
-5014 -32383
-5016 -32383
-5019 -32382
-5024 -32382
-5027 -32381
-5030 -32381
-5031 -32381
-5035 -32380
-5039 -32378
-5040 -32378
-5044 -32377
-5046 -32377
-5048 -32377
-5051 -32376
-5056 -32376
-5059 -32375
-5062 -32375
-5063 -32375
-5067 -32374
-5072 -32373
-5075 -32373
-5078 -32372
-5079 -32372
-5083 -32372
-5087 -32371
-5091 -32371
-5093 -32370
-5095 -32370
-5098 -32370
-5103 -32368
-5107 -32368
-5109 -32367
-5111 -32367
-5114 -32367
-5119 -32366
-5122 -32366
-5125 -32365
-5126 -32365
-5130 -32365
-5135 -32364
-5138 -32363
-5141 -32363
-5142 -32363
-5146 -32362
-5150 -32361
-5154 -32361
-5156 -32360
-5158 -32360
-5161 -32360
-5165 -32358
-5166 -32358
-5170 -32358
-5172 -32357
-5174 -32357
-5177 -32357
-5182 -32356
-5185 -32355
-5188 -32355
-5189 -32355
-5193 -32354
-5198 -32353
-5201 -32353
-5204 -32352
-5205 -32352
-5209 -32352
-5213 -32351
-5217 -32350
-5219 -32350
-5221 -32350
-5224 -32349
-5229 -32348
-5233 -32348
-5235 -32347
-5237 -32347
-5240 -32347
-5245 -32346
-5248 -32345
-5251 -32345
-5252 -32345
-5256 -32344
-5261 -32343
-5264 -32343
-5267 -32342
-5268 -32342
-5272 -32342
-5276 -32341
-5280 -32340
-5282 -32340
-5284 -32340
-5287 -32339
-5293 -32338
-5296 -32337
-5299 -32337
-5300 -32337
-5304 -32336
-5308 -32335
-5312 -32335
-5314 -32334
-5316 -32334
-5319 -32334
-5324 -32333
-5328 -32332
-5330 -32332
-5332 -32332
-5335 -32331
-5340 -32330
-5343 -32330
-5346 -32329
-5347 -32329
-5351 -32329
-5356 -32328
-5359 -32327
-5362 -32327
-5363 -32327
-5367 -32326
-5371 -32325
-5375 -32325
-5377 -32324
-5379 -32324
-5382 -32324
-5387 -32323
-5391 -32322
-5393 -32322
-5395 -32322
-5398 -32321
-5403 -32320
-5406 -32320
-5409 -32319
-5410 -32319
-5414 -32319
-5417 -32317
-5419 -32317
-5422 -32317
-5425 -32316
-5426 -32316
-5430 -32316
-5434 -32315
-5438 -32314
-5440 -32314
-5442 -32314
-5445 -32313
-5450 -32312
-5454 -32312
-5456 -32311
-5458 -32311
-5461 -32311
-5466 -32310
-5469 -32309
-5472 -32309
-5473 -32309
-5477 -32308
-5482 -32307
-5485 -32306
-5488 -32306
-5489 -32306
-5493 -32305
-5497 -32304
-5501 -32304
-5503 -32303
-5505 -32303
-5508 -32303
-5513 -32302
-5517 -32301
-5519 -32301
-5521 -32301
-5524 -32300
-5529 -32299
-5532 -32299
-5535 -32298
-5536 -32298
-5540 -32298
-5544 -32295
-5546 -32295
-5549 -32294
-5552 -32294
-5553 -32294
-5557 -32293
-5561 -32292
-5565 -32292
-5567 -32291
-5569 -32291
-5572 -32291
-5577 -32290
-5581 -32289
-5583 -32289
-5585 -32289
-5588 -32288
-5593 -32287
-5596 -32287
-5599 -32286
-5600 -32286
-5604 -32286
-5609 -32285
-5612 -32284
-5615 -32284
-5616 -32284
-5620 -32283
-5624 -32282
-5628 -32282
-5630 -32281
-5632 -32281
-5635 -32281
-5640 -32279
-5644 -32279
-5646 -32278
-5648 -32278
-5651 -32278
-5656 -32277
-5659 -32276
-5662 -32276
-5663 -32276
-5667 -32275
-5670 -32273
-5672 -32273
-5675 -32273
-5678 -32272
-5679 -32272
-5683 -32272
-5687 -32271
-5691 -32270
-5693 -32270
-5695 -32270
-5698 -32269
-5703 -32268
-5707 -32267
-5709 -32267
-5711 -32267
-5714 -32266
-5719 -32265
-5722 -32265
-5725 -32264
-5726 -32264
-5730 -32264
-5735 -32262
-5738 -32262
-5741 -32261
-5742 -32261
-5746 -32261
-5750 -32260
-5754 -32259
-5756 -32259
-5758 -32259
-5761 -32258
-5766 -32257
-5770 -32256
-5772 -32256
-5774 -32256
-5777 -32255
-5782 -32254
-5785 -32254
-5788 -32253
-5789 -32253
-5793 -32253
-5798 -32251
-5801 -32250
-5804 -32250
-5805 -32250
-5809 -32249
-5813 -32248
-5817 -32248
-5819 -32247
-5821 -32247
-5824 -32247
-5829 -32245
-5832 -32245
-5835 -32244
-5836 -32244
-5840 -32244
-5844 -32243
-5848 -32242
-5850 -32242
-5852 -32242
-5855 -32241
-5860 -32240
-5864 -32239
-5866 -32239
-5868 -32239
-5871 -32238
-5876 -32237
-5879 -32237
-5882 -32236
-5883 -32236
-5887 -32236
-5891 -32234
-5895 -32234
-5897 -32233
-5899 -32233
-5902 -32233
-5907 -32232
-5910 -32231
-5913 -32231
-5914 -32231
-5918 -32230
-5922 -32228
-5923 -32228
-5927 -32228
-5929 -32227
-5931 -32227
-5934 -32227
-5939 -32226
-5942 -32225
-5945 -32225
-5946 -32225
-5950 -32224
-5954 -32223
-5958 -32222
-5960 -32222
-5962 -32222
-5965 -32221
-5970 -32220
-5973 -32220
-5976 -32219
-5977 -32219
-5981 -32219
-5986 -32217
-5989 -32216
-5992 -32216
-5993 -32216
-5997 -32215
-6001 -32214
-6005 -32214
-6007 -32213
-6009 -32213
-6012 -32213
-6017 -32211
-6020 -32211
-6023 -32210
-6024 -32210
-6028 -32210
-6032 -32209
-6036 -32208
-6038 -32208
-6040 -32208
-6043 -32207
-6048 -32205
-6050 -32205
-6053 -32204
-6056 -32204
-6057 -32204
-6061 -32203
-6065 -32202
-6069 -32202
-6071 -32201
-6073 -32201
-6076 -32201
-6081 -32199
-6084 -32199
-6087 -32198
-6088 -32198
-6092 -32198
-6096 -32197
-6100 -32196
-6102 -32196
-6104 -32196
-6107 -32195
-6112 -32193
-6116 -32193
-6118 -32192
-6120 -32192
-6123 -32192
-6128 -32191
-6131 -32190
-6134 -32190
-6135 -32190
-6139 -32189
-6143 -32188
-6147 -32188
-6149 -32187
-6151 -32187
-6154 -32186
-6159 -32185
-6162 -32185
-6165 -32184
-6166 -32184
-6170 -32183
-6174 -32182
-6175 -32182
-6179 -32181
-6181 -32180
-6183 -32180
-6186 -32180
-6191 -32179
-6194 -32178
-6197 -32177
-6198 -32177
-6202 -32177
-6206 -32176
-6210 -32175
-6212 -32174
-6214 -32174
-6217 -32174
-6222 -32173
-6225 -32172
-6228 -32171
-6229 -32171
-6233 -32171
-6238 -32170
-6241 -32169
-6244 -32168
-6245 -32168
-6249 -32168
-6253 -32167
-6257 -32166
-6259 -32165
-6261 -32165
-6264 -32165
-6269 -32164
-6272 -32163
-6275 -32162
-6276 -32162
-6280 -32162
-6284 -32161
-6288 -32160
-6290 -32159
-6292 -32159
-6295 -32159
-6301 -32157
-6304 -32157
-6307 -32156
-6308 -32156
-6312 -32155
-6316 -32154
-6320 -32154
-6322 -32153
-6324 -32153
-6327 -32152
-6332 -32151
-6335 -32151
-6338 -32150
-6339 -32150
-6343 -32149
-6347 -32148
-6351 -32148
-6353 -32147
-6355 -32147
-6358 -32146
-6363 -32145
-6367 -32145
-6369 -32144
-6371 -32144
-6374 -32143
-6379 -32142
-6382 -32142
-6385 -32141
-6386 -32141
-6390 -32140
-6394 -32139
-6398 -32139
-6400 -32138
-6402 -32138
-6405 -32137
-6410 -32136
-6413 -32136
-6416 -32135
-6417 -32135
-6421 -32134
-6425 -32132
-6426 -32132
-6430 -32132
-6432 -32131
-6434 -32131
-6437 -32130
-6442 -32129
-6445 -32129
-6448 -32128
-6449 -32128
-6453 -32127
-6457 -32126
-6461 -32126
-6463 -32125
-6465 -32125
-6468 -32124
-6473 -32123
-6476 -32123
-6479 -32122
-6480 -32122
-6484 -32121
-6489 -32120
-6492 -32119
-6495 -32118
-6496 -32118
-6500 -32118
-6504 -32117
-6508 -32116
-6510 -32115
-6512 -32115
-6515 -32115
-6520 -32114
-6523 -32113
-6526 -32112
-6527 -32112
-6531 -32112
-6535 -32111
-6539 -32110
-6541 -32109
-6543 -32109
-6548 -32107
-6551 -32106
-6554 -32105
-6555 -32105
-6559 -32105
-6563 -32104
-6567 -32103
-6569 -32102
-6571 -32102
-6574 -32102
-6579 -32101
-6582 -32100
-6585 -32099
-6586 -32099
-6590 -32099
-6594 -32098
-6598 -32097
-6600 -32096
-6602 -32096
-6605 -32096
-6610 -32094
-6614 -32094
-6616 -32093
-6618 -32093
-6621 -32092
-6626 -32091
-6629 -32091
-6632 -32090
-6633 -32090
-6637 -32089
-6641 -32088
-6645 -32088
-6647 -32087
-6649 -32087
-6652 -32086
-6657 -32085
-6660 -32085
-6663 -32084
-6664 -32084
-6668 -32083
-6671 -32081
-6673 -32081
-6676 -32081
-6679 -32080
-6680 -32080
-6684 -32079
-6688 -32078
-6692 -32078
-6694 -32077
-6696 -32077
-6699 -32076
-6704 -32075
-6707 -32074
-6710 -32073
-6711 -32073
-6715 -32073
-6719 -32072
-6723 -32071
-6725 -32070
-6727 -32070
-6730 -32070
-6735 -32068
-6739 -32068
-6741 -32067
-6743 -32067
-6746 -32066
-6751 -32065
-6754 -32065
-6757 -32064
-6758 -32064
-6762 -32063
-6766 -32062
-6770 -32061
-6772 -32060
-6774 -32060
-6777 -32060
-6782 -32059
-6785 -32058
-6788 -32057
-6789 -32057
-6793 -32057
-6798 -32055
-6801 -32054
-6804 -32053
-6805 -32053
-6809 -32053
-6813 -32052
-6817 -32051
-6819 -32050
-6821 -32050
-6824 -32050
-6829 -32048
-6832 -32048
-6835 -32047
-6836 -32047
-6840 -32046
-6844 -32045
-6848 -32045
-6850 -32044
-6852 -32044
-6855 -32043
-6860 -32042
-6864 -32041
-6866 -32040
-6868 -32040
-6871 -32040
-6876 -32039
-6879 -32038
-6882 -32037
-6883 -32037
-6887 -32037
-6891 -32035
-6895 -32035
-6897 -32034
-6899 -32034
-6902 -32033
-6907 -32032
-6910 -32032
-6913 -32031
-6914 -32031
-6918 -32030
-6921 -32028
-6923 -32028
-6926 -32028
-6929 -32027
-6930 -32027
-6934 -32026
-6938 -32025
-6942 -32025
-6944 -32024
-6946 -32024
-6949 -32023
-6954 -32022
-6957 -32021
-6960 -32020
-6961 -32020
-6965 -32020
-6969 -32019
-6973 -32018
-6975 -32017
-6977 -32017
-6980 -32017
-6985 -32015
-6989 -32014
-6991 -32013
-6993 -32013
-6996 -32013
-7001 -32012
-7004 -32011
-7007 -32010
-7008 -32010
-7012 -32010
-7016 -32008
-7020 -32008
-7022 -32007
-7024 -32007
-7027 -32006
-7032 -32005
-7035 -32005
-7038 -32004
-7039 -32004
-7043 -32003
-7047 -32000
-7049 -32000
-7052 -32000
-7055 -31999
-7056 -31999
-7060 -31998
-7064 -31997
-7068 -31997
-7070 -31996
-7072 -31996
-7075 -31995
-7080 -31994
-7083 -31993
-7086 -31992
-7087 -31992
-7091 -31992
-7095 -31991
-7099 -31990
-7101 -31989
-7103 -31989
-7106 -31989
-7111 -31987
-7114 -31986
-7117 -31985
-7118 -31985
-7122 -31985
-7126 -31984
-7130 -31983
-7132 -31982
-7134 -31982
-7137 -31982
-7142 -31980
-7145 -31980
-7148 -31979
-7149 -31979
-7153 -31978
-7157 -31977
-7161 -31977
-7163 -31976
-7165 -31976
-7168 -31975
-7172 -31973
-7173 -31973
-7177 -31973
-7179 -31972
-7181 -31972
-7184 -31971
-7189 -31970
-7192 -31969
-7195 -31968
-7196 -31968
-7200 -31968
-7204 -31966
-7208 -31966
-7210 -31965
-7212 -31965
-7215 -31964
-7220 -31963
-7223 -31962
-7226 -31961
-7227 -31961
-7231 -31961
-7235 -31959
-7239 -31959
-7241 -31958
-7243 -31958
-7246 -31957
-7251 -31956
-7254 -31955
-7257 -31954
-7258 -31954
-7262 -31954
-7266 -31952
-7270 -31952
-7272 -31951
-7274 -31951
-7277 -31950
-7282 -31949
-7285 -31948
-7288 -31947
-7289 -31947
-7293 -31947
-7298 -31945
-7302 -31944
-7304 -31943
-7306 -31943
-7309 -31943
-7314 -31941
-7317 -31941
-7320 -31940
-7321 -31940
-7325 -31939
-7329 -31938
-7333 -31937
-7335 -31936
-7337 -31936
-7340 -31936
-7345 -31934
-7348 -31934
-7351 -31933
-7352 -31933
-7356 -31932
-7360 -31931
-7364 -31930
-7366 -31929
-7368 -31929
-7371 -31929
-7376 -31927
-7379 -31927
-7382 -31926
-7383 -31926
-7387 -31925
-7391 -31924
-7395 -31923
-7397 -31922
-7399 -31922
-7402 -31922
-7407 -31920
-7410 -31920
-7413 -31919
-7414 -31919
-7418 -31918
-7421 -31917
-7423 -31917
-7426 -31916
-7429 -31915
-7430 -31915
-7434 -31915
-7438 -31913
-7442 -31913
-7444 -31912
-7446 -31912
-7449 -31911
-7454 -31910
-7457 -31909
-7460 -31908
-7461 -31908
-7465 -31908
-7469 -31906
-7473 -31906
-7475 -31905
-7477 -31905
-7480 -31904
-7485 -31902
-7488 -31902
-7491 -31901
-7492 -31901
-7496 -31900
-7500 -31899
-7504 -31898
-7506 -31897
-7508 -31897
-7511 -31897
-7516 -31895
-7519 -31895
-7522 -31894
-7523 -31894
-7527 -31893
-7531 -31892
-7535 -31891
-7537 -31890
-7539 -31890
-7542 -31890
-7546 -31886
-7547 -31886
-7551 -31886
-7553 -31885
-7555 -31885
-7558 -31884
-7563 -31883
-7566 -31882
-7569 -31881
-7570 -31881
-7574 -31881
-7578 -31879
-7582 -31879
-7584 -31878
-7586 -31878
-7589 -31877
-7594 -31876
-7597 -31875
-7600 -31874
-7601 -31874
-7605 -31874
-7609 -31872
-7613 -31871
-7615 -31870
-7617 -31870
-7620 -31870
-7625 -31868
-7628 -31868
-7631 -31867
-7632 -31867
-7636 -31866
-7640 -31865
-7644 -31864
-7646 -31863
-7648 -31863
-7651 -31863
-7656 -31861
-7659 -31861
-7662 -31860
-7663 -31860
-7667 -31859
-7670 -31857
-7671 -31857
-7675 -31857
-7677 -31856
-7679 -31856
-7682 -31855
-7687 -31854
-7690 -31853
-7693 -31852
-7694 -31852
-7698 -31852
-7702 -31850
-7706 -31849
-7708 -31848
-7710 -31848
-7713 -31848
-7718 -31846
-7721 -31846
-7724 -31845
-7725 -31845
-7729 -31844
-7733 -31842
-7737 -31842
-7739 -31841
-7741 -31841
-7744 -31840
-7749 -31839
-7752 -31838
-7755 -31837
-7756 -31837
-7760 -31837
-7764 -31835
-7768 -31834
-7770 -31833
-7772 -31833
-7775 -31833
-7780 -31831
-7783 -31831
-7786 -31830
-7787 -31830
-7791 -31829
-7796 -31827
-7799 -31826
-7802 -31825
-7803 -31825
-7807 -31825
-7811 -31823
-7815 -31823
-7817 -31822
-7819 -31822
-7822 -31821
-7827 -31819
-7830 -31819
-7833 -31818
-7834 -31818
-7838 -31817
-7842 -31816
-7846 -31815
-7848 -31814
-7850 -31814
-7853 -31814
-7858 -31812
-7861 -31811
-7864 -31810
-7865 -31810
-7869 -31810
-7873 -31808
-7877 -31808
-7879 -31807
-7881 -31807
-7884 -31806
-7889 -31804
-7892 -31804
-7895 -31803
-7896 -31803
-7900 -31802
-7904 -31801
-7908 -31800
-7910 -31799
-7912 -31799
-7915 -31799
-7918 -31797
-7920 -31797
-7923 -31796
-7926 -31795
-7927 -31795
-7931 -31795
-7935 -31793
-7939 -31793
-7941 -31792
-7943 -31792
-7946 -31791
-7951 -31789
-7954 -31789
-7957 -31788
-7958 -31788
-7962 -31787
-7966 -31786
-7970 -31785
-7972 -31784
-7974 -31784
-7977 -31784
-7982 -31781
-7985 -31781
-7988 -31780
-7989 -31780
-7993 -31779
-7997 -31778
-8001 -31777
-8003 -31776
-8005 -31776
-8008 -31776
-8013 -31774
-8016 -31773
-8019 -31772
-8020 -31772
-8024 -31772
-8028 -31770
-8032 -31770
-8034 -31769
-8036 -31769
-8039 -31768
-8043 -31765
-8044 -31765
-8048 -31764
-8050 -31763
-8052 -31763
-8055 -31763
-8060 -31761
-8063 -31761
-8066 -31760
-8067 -31760
-8071 -31759
-8075 -31757
-8079 -31757
-8081 -31756
-8083 -31756
-8086 -31755
-8091 -31754
-8094 -31753
-8097 -31752
-8098 -31752
-8102 -31752
-8106 -31749
-8110 -31749
-8112 -31748
-8114 -31748
-8117 -31747
-8122 -31746
-8125 -31745
-8128 -31744
-8129 -31744
-8133 -31744
-8137 -31742
-8141 -31741
-8143 -31740
-8145 -31740
-8148 -31740
-8152 -31738
-8156 -31738
-8158 -31737
-8160 -31737
-8163 -31736
-8167 -31734
-8168 -31734
-8172 -31733
-8174 -31732
-8176 -31732
-8179 -31732
-8183 -31730
-8187 -31730
-8189 -31729
-8191 -31729
-8194 -31728
-8199 -31726
-8202 -31725
-8205 -31725
-8206 -31724
-8210 -31723
-8214 -31722
-8217 -31721
-8220 -31721
-8221 -31720
-8225 -31719
-8230 -31718
-8233 -31717
-8236 -31717
-8237 -31716
-8241 -31715
-8245 -31714
-8248 -31713
-8251 -31713
-8252 -31712
-8256 -31711
-8260 -31710
-8264 -31709
-8266 -31709
-8268 -31708
-8271 -31707
-8275 -31706
-8279 -31705
-8281 -31705
-8283 -31704
-8286 -31703
-8292 -31702
-8296 -31701
-8298 -31700
-8300 -31700
-8303 -31699
-8307 -31698
-8311 -31697
-8313 -31696
-8315 -31696
-8318 -31695
-8323 -31694
-8326 -31693
-8329 -31692
-8330 -31692
-8334 -31691
-8338 -31690
-8341 -31689
-8344 -31688
-8345 -31688
-8349 -31687
-8354 -31686
-8357 -31685
-8360 -31684
-8361 -31684
-8365 -31683
-8369 -31682
-8372 -31681
-8375 -31680
-8376 -31680
-8380 -31679
-8384 -31678
-8388 -31677
-8390 -31676
-8392 -31676
-8395 -31675
-8399 -31674
-8403 -31673
-8405 -31672
-8407 -31672
-8410 -31671
-8414 -31670
-8416 -31669
-8419 -31668
-8422 -31668
-8423 -31667
-8427 -31666
-8431 -31665
-8434 -31664
-8437 -31664
-8438 -31663
-8442 -31662
-8446 -31661
-8450 -31660
-8452 -31660
-8454 -31659
-8457 -31658
-8461 -31657
-8465 -31656
-8467 -31656
-8469 -31655
-8472 -31654
-8477 -31653
-8481 -31652
-8483 -31651
-8485 -31651
-8488 -31650
-8492 -31649
-8496 -31648
-8498 -31647
-8500 -31647
-8503 -31646
-8508 -31645
-8511 -31644
-8514 -31643
-8515 -31643
-8519 -31642
-8523 -31641
-8526 -31640
-8529 -31639
-8530 -31639
-8534 -31638
-8538 -31636
-8540 -31635
-8543 -31634
-8546 -31634
-8547 -31633
-8551 -31632
-8555 -31631
-8558 -31630
-8561 -31630
-8562 -31629
-8566 -31628
-8570 -31627
-8574 -31626
-8576 -31626
-8578 -31625
-8581 -31624
-8585 -31623
-8589 -31622
-8591 -31622
-8593 -31621
-8596 -31620
-8601 -31619
-8605 -31618
-8607 -31617
-8609 -31617
-8612 -31616
-8616 -31615
-8620 -31614
-8622 -31613
-8624 -31613
-8627 -31612
-8632 -31611
-8635 -31610
-8638 -31609
-8639 -31609
-8643 -31608
-8647 -31607
-8650 -31606
-8653 -31605
-8654 -31605
-8658 -31604
-8661 -31603
-8663 -31602
-8666 -31601
-8669 -31601
-8670 -31600
-8674 -31599
-8678 -31598
-8681 -31597
-8684 -31597
-8685 -31596
-8689 -31595
-8693 -31594
-8697 -31593
-8699 -31593
-8701 -31592
-8704 -31591
-8708 -31590
-8712 -31589
-8714 -31589
-8716 -31588
-8719 -31587
-8724 -31585
-8728 -31584
-8730 -31584
-8732 -31583
-8735 -31582
-8739 -31581
-8743 -31580
-8745 -31580
-8747 -31579
-8750 -31578
-8755 -31577
-8758 -31576
-8761 -31575
-8762 -31575
-8766 -31574
-8770 -31573
-8773 -31572
-8776 -31571
-8777 -31571
-8781 -31570
-8786 -31568
-8790 -31567
-8792 -31566
-8794 -31566
-8797 -31565
-8801 -31564
-8805 -31563
-8807 -31562
-8809 -31562
-8812 -31561
-8817 -31559
-8820 -31558
-8823 -31558
-8824 -31557
-8828 -31556
-8832 -31555
-8835 -31554
-8838 -31554
-8839 -31553
-8843 -31552
-8848 -31551
-8851 -31550
-8854 -31549
-8855 -31549
-8859 -31548
-8863 -31547
-8866 -31546
-8869 -31545
-8870 -31545
-8874 -31544
-8878 -31542
-8882 -31541
-8884 -31541
-8886 -31540
-8889 -31539
-8893 -31538
-8897 -31537
-8899 -31537
-8901 -31536
-8904 -31535
-8908 -31534
-8909 -31534
-8913 -31533
-8915 -31532
-8917 -31532
-8920 -31531
-8924 -31530
-8928 -31529
-8930 -31528
-8932 -31528
-8935 -31527
-8940 -31525
-8943 -31524
-8946 -31524
-8947 -31523
-8951 -31522
-8955 -31521
-8958 -31520
-8961 -31520
-8962 -31519
-8966 -31518
-8971 -31516
-8974 -31515
-8977 -31515
-8978 -31514
-8982 -31513
-8986 -31512
-8989 -31511
-8992 -31511
-8993 -31510
-8997 -31509
-9001 -31508
-9005 -31507
-9007 -31506
-9009 -31506
-9012 -31505
-9016 -31504
-9020 -31503
-9022 -31502
-9024 -31502
-9027 -31501
-9031 -31498
-9033 -31498
-9036 -31497
-9039 -31496
-9040 -31496
-9044 -31495
-9048 -31494
-9051 -31493
-9054 -31492
-9055 -31492
-9059 -31491
-9063 -31489
-9067 -31488
-9069 -31488
-9071 -31487
-9074 -31486
-9078 -31485
-9082 -31484
-9084 -31484
-9086 -31483
-9089 -31482
-9094 -31480
-9097 -31479
-9100 -31479
-9101 -31478
-9105 -31477
-9109 -31476
-9112 -31475
-9115 -31475
-9116 -31474
-9120 -31473
-9124 -31472
-9128 -31471
-9130 -31470
-9132 -31470
-9135 -31469
-9139 -31468
-9143 -31467
-9145 -31466
-9147 -31466
-9150 -31465
-9154 -31463
-9155 -31462
-9159 -31461
-9161 -31461
-9163 -31460
-9166 -31459
-9170 -31458
-9174 -31457
-9176 -31457
-9178 -31456
-9181 -31455
-9186 -31454
-9189 -31453
-9192 -31452
-9193 -31452
-9197 -31451
-9201 -31450
-9204 -31449
-9207 -31448
-9208 -31448
-9212 -31447
-9216 -31445
-9220 -31444
-9222 -31444
-9224 -31443
-9227 -31442
-9231 -31441
-9235 -31440
-9237 -31439
-9239 -31439
-9242 -31438
-9247 -31436
-9250 -31435
-9253 -31435
-9254 -31434
-9258 -31433
-9262 -31432
-9265 -31431
-9268 -31430
-9269 -31430
-9273 -31429
-9278 -31427
-9282 -31426
-9284 -31426
-9286 -31425
-9289 -31424
-9293 -31423
-9297 -31422
-9299 -31421
-9301 -31421
-9304 -31420
-9309 -31418
-9312 -31417
-9315 -31417
-9316 -31416
-9320 -31415
-9324 -31414
-9327 -31413
-9330 -31412
-9331 -31412
-9335 -31411
-9339 -31409
-9343 -31408
-9345 -31408
-9347 -31407
-9350 -31406
-9354 -31405
-9358 -31404
-9360 -31403
-9362 -31403
-9365 -31402
-9370 -31400
-9373 -31399
-9376 -31399
-9377 -31398
-9381 -31397
-9385 -31396
-9388 -31395
-9391 -31394
-9392 -31394
-9396 -31393
-9399 -31391
-9401 -31391
-9404 -31390
-9407 -31389
-9408 -31389
-9412 -31388
-9416 -31386
-9419 -31385
-9422 -31385
-9423 -31384
-9427 -31383
-9431 -31382
-9435 -31381
-9437 -31380
-9439 -31380
-9442 -31379
-9446 -31377
-9450 -31376
-9452 -31376
-9454 -31375
-9457 -31374
-9462 -31373
-9465 -31372
-9468 -31371
-9469 -31371
-9473 -31370
-9477 -31368
-9480 -31367
-9483 -31367
-9484 -31366
-9488 -31365
-9492 -31364
-9496 -31363
-9498 -31362
-9500 -31362
-9503 -31361
-9507 -31359
-9511 -31358
-9513 -31358
-9515 -31357
-9518 -31356
-9522 -31354
-9524 -31353
-9527 -31352
-9530 -31352
-9531 -31351
-9535 -31350
-9539 -31349
-9542 -31348
-9545 -31347
-9546 -31347
-9550 -31346
-9554 -31344
-9558 -31343
-9560 -31343
-9562 -31342
-9565 -31341
-9569 -31340
-9573 -31339
-9575 -31338
-9577 -31338
-9580 -31337
-9585 -31335
-9588 -31334
-9591 -31333
-9592 -31333
-9596 -31332
-9600 -31330
-9603 -31329
-9606 -31329
-9607 -31328
-9611 -31327
-9615 -31326
-9619 -31325
-9621 -31324
-9623 -31324
-9626 -31323
-9630 -31321
-9634 -31320
-9636 -31320
-9638 -31319
-9641 -31318
-9644 -31316
-9646 -31316
-9649 -31315
-9652 -31314
-9653 -31314
-9657 -31313
-9661 -31311
-9664 -31310
-9667 -31310
-9668 -31309
-9672 -31308
-9676 -31307
-9680 -31306
-9682 -31305
-9684 -31305
-9687 -31304
-9691 -31302
-9695 -31301
-9697 -31301
-9699 -31300
-9702 -31299
-9707 -31298
-9710 -31297
-9713 -31296
-9714 -31296
-9718 -31295
-9722 -31293
-9725 -31292
-9728 -31292
-9729 -31291
-9733 -31290
-9737 -31288
-9741 -31287
-9743 -31287
-9745 -31286
-9748 -31285
-9752 -31284
-9756 -31283
-9758 -31282
-9760 -31282
-9763 -31281
-9768 -31278
-9771 -31277
-9774 -31277
-9775 -31276
-9779 -31275
-9783 -31274
-9786 -31273
-9789 -31272
-9790 -31272
-9794 -31271
-9798 -31269
-9802 -31268
-9804 -31267
-9806 -31267
-9809 -31266
-9813 -31264
-9817 -31263
-9819 -31263
-9821 -31262
-9824 -31261
-9829 -31259
-9832 -31258
-9835 -31258
-9836 -31257
-9840 -31256
-9844 -31255
-9847 -31254
-9850 -31253
-9851 -31253
-9855 -31252
-9859 -31250
-9863 -31249
-9865 -31248
-9867 -31248
-9870 -31247
-9874 -31245
-9878 -31244
-9880 -31244
-9882 -31243
-9885 -31242
-9889 -31240
-9890 -31240
-9894 -31239
-9896 -31238
-9898 -31238
-9901 -31237
-9905 -31235
-9909 -31234
-9911 -31234
-9913 -31233
-9916 -31232
-9920 -31230
-9924 -31229
-9926 -31229
-9928 -31228
-9931 -31227
-9935 -31226
-9939 -31225
-9941 -31224
-9943 -31224
-9946 -31223
-9951 -31221
-9954 -31220
-9957 -31219
-9958 -31219
-9962 -31218
-9966 -31216
-9969 -31215
-9972 -31215
-9973 -31214
-9977 -31213
-9981 -31211
-9984 -31210
-9987 -31210
-9988 -31209
-9992 -31208
-9996 -31207
-9999 -31206
-10002 -31205
-10003 -31205
-10007 -31204
-10011 -31202
-10012 -31201
-10016 -31200
-10018 -31200
-10020 -31199
-10023 -31198
-10027 -31197
-10031 -31196
-10033 -31195
-10035 -31195
-10038 -31194
-10042 -31192
-10046 -31191
-10048 -31190
-10050 -31190
-10053 -31189
-10057 -31187
-10061 -31186
-10063 -31186
-10065 -31185
-10068 -31184
-10073 -31182
-10076 -31181
-10079 -31180
-10080 -31180
-10084 -31179
-10088 -31177
-10091 -31176
-10094 -31176
-10095 -31175
-10099 -31174
-10103 -31172
-10106 -31171
-10109 -31171
-10110 -31170
-10114 -31169
-10118 -31168
-10121 -31167
-10124 -31166
-10125 -31166
-10129 -31165
-10132 -31162
-10134 -31162
-10137 -31161
-10140 -31160
-10141 -31160
-10145 -31159
-10149 -31157
-10152 -31156
-10155 -31156
-10156 -31155
-10160 -31154
-10164 -31152
-10167 -31151
-10170 -31151
-10171 -31150
-10175 -31149
-10179 -31148
-10182 -31147
-10185 -31146
-10186 -31146
-10190 -31145
-10194 -31142
-10198 -31141
-10200 -31141
-10202 -31140
-10205 -31139
-10209 -31138
-10213 -31137
-10215 -31136
-10217 -31136
-10220 -31135
-10224 -31133
-10228 -31132
-10230 -31131
-10232 -31131
-10235 -31130
-10239 -31128
-10243 -31127
-10245 -31126
-10247 -31126
-10250 -31125
-10256 -31123
-10259 -31122
-10262 -31121
-10263 -31120
-10267 -31119
-10271 -31118
-10274 -31117
-10277 -31116
-10278 -31115
-10282 -31114
-10286 -31113
-10289 -31112
-10292 -31111
-10293 -31110
-10297 -31109
-10301 -31108
-10304 -31107
-10307 -31106
-10308 -31105
-10312 -31104
-10316 -31103
-10320 -31102
-10322 -31101
-10324 -31100
-10327 -31099
-10331 -31098
-10335 -31097
-10337 -31096
-10339 -31095
-10342 -31094
-10346 -31093
-10350 -31092
-10352 -31091
-10354 -31090
-10357 -31089
-10361 -31088
-10361 -31086
-10365 -31085
-10369 -31084
-10372 -31083
-10375 -31082
-10376 -31081
-10380 -31080
-10384 -31079
-10387 -31078
-10390 -31077
-10391 -31076
-10395 -31075
-10399 -31074
-10402 -31073
-10405 -31072
-10406 -31071
-10410 -31070
-10414 -31069
-10418 -31068
-10420 -31067
-10422 -31066
-10425 -31065
-10429 -31064
-10433 -31063
-10435 -31062
-10437 -31061
-10440 -31060
-10444 -31059
-10448 -31058
-10450 -31057
-10452 -31056
-10455 -31055
-10459 -31054
-10463 -31053
-10465 -31052
-10467 -31051
-10470 -31050
-10475 -31048
-10479 -31047
-10481 -31046
-10483 -31045
-10486 -31044
-10490 -31043
-10494 -31042
-10496 -31041
-10498 -31040
-10501 -31039
-10505 -31038
-10509 -31037
-10511 -31036
-10513 -31035
-10516 -31034
-10520 -31033
-10524 -31032
-10526 -31031
-10528 -31030
-10531 -31029
-10536 -31027
-10539 -31026
-10542 -31025
-10543 -31025
-10547 -31024
-10551 -31022
-10554 -31021
-10557 -31020
-10558 -31020
-10562 -31019
-10566 -31017
-10569 -31016
-10572 -31015
-10573 -31015
-10577 -31014
-10581 -31012
-10584 -31011
-10587 -31010
-10588 -31010
-10592 -31009
-10595 -31007
-10596 -31007
-10600 -31006
-10602 -31005
-10604 -31004
-10607 -31003
-10611 -31002
-10615 -31001
-10617 -31000
-10619 -30999
-10622 -30998
-10626 -30997
-10630 -30996
-10632 -30995
-10634 -30994
-10637 -30993
-10641 -30992
-10645 -30991
-10647 -30990
-10649 -30989
-10652 -30988
-10657 -30986
-10660 -30985
-10663 -30984
-10664 -30984
-10668 -30983
-10672 -30981
-10675 -30980
-10678 -30979
-10679 -30979
-10683 -30978
-10687 -30976
-10690 -30975
-10693 -30974
-10694 -30974
-10698 -30973
-10702 -30971
-10705 -30970
-10708 -30969
-10709 -30969
-10713 -30968
-10716 -30966
-10717 -30965
-10721 -30964
-10723 -30963
-10725 -30963
-10728 -30962
-10732 -30960
-10736 -30959
-10738 -30958
-10740 -30958
-10743 -30957
-10747 -30955
-10751 -30954
-10753 -30953
-10755 -30953
-10758 -30952
-10762 -30950
-10766 -30949
-10768 -30948
-10770 -30948
-10773 -30947
-10777 -30944
-10781 -30943
-10783 -30942
-10785 -30942
-10788 -30941
-10792 -30939
-10796 -30938
-10798 -30937
-10800 -30937
-10803 -30936
-10807 -30934
-10811 -30933
-10813 -30932
-10815 -30931
-10818 -30930
-10822 -30929
-10826 -30928
-10828 -30927
-10830 -30926
-10833 -30925
-10836 -30924
-10838 -30923
-10841 -30922
-10844 -30921
-10845 -30921
-10849 -30920
-10853 -30918
-10856 -30917
-10859 -30916
-10860 -30916
-10864 -30915
-10868 -30913
-10871 -30912
-10874 -30911
-10875 -30910
-10879 -30909
-10883 -30908
-10886 -30907
-10889 -30906
-10890 -30905
-10894 -30904
-10898 -30902
-10901 -30901
-10904 -30900
-10905 -30900
-10909 -30899
-10913 -30897
-10916 -30896
-10919 -30895
-10920 -30895
-10924 -30894
-10928 -30892
-10931 -30891
-10934 -30890
-10935 -30889
-10939 -30888
-10943 -30887
-10946 -30886
-10949 -30885
-10950 -30884
-10954 -30883
-10959 -30881
-10962 -30880
-10965 -30879
-10966 -30878
-10970 -30877
-10974 -30876
-10977 -30875
-10980 -30874
-10981 -30873
-10985 -30872
-10989 -30870
-10992 -30869
-10995 -30868
-10996 -30868
-11000 -30867
-11004 -30865
-11007 -30864
-11010 -30863
-11011 -30863
-11015 -30862
-11019 -30859
-11022 -30858
-11025 -30857
-11026 -30857
-11030 -30856
-11034 -30854
-11037 -30853
-11040 -30852
-11041 -30852
-11045 -30851
-11049 -30849
-11052 -30848
-11055 -30847
-11056 -30846
-11060 -30845
-11064 -30844
-11067 -30843
-11070 -30842
-11071 -30841
-11075 -30840
-11077 -30838
-11079 -30838
-11082 -30837
-11085 -30836
-11086 -30835
-11090 -30834
-11094 -30833
-11097 -30832
-11100 -30831
-11101 -30830
-11105 -30829
-11109 -30827
-11112 -30826
-11115 -30825
-11116 -30825
-11120 -30824
-11124 -30822
-11127 -30821
-11130 -30820
-11131 -30820
-11135 -30819
-11139 -30816
-11142 -30815
-11145 -30814
-11146 -30814
-11150 -30813
-11154 -30811
-11157 -30810
-11160 -30809
-11161 -30809
-11165 -30808
-11169 -30806
-11172 -30805
-11175 -30804
-11176 -30803
-11180 -30802
-11184 -30801
-11187 -30800
-11190 -30799
-11191 -30798
-11195 -30797
-11198 -30794
-11200 -30793
-11203 -30792
-11206 -30791
-11207 -30791
-11211 -30790
-11215 -30788
-11218 -30787
-11221 -30786
-11222 -30786
-11226 -30785
-11230 -30783
-11233 -30782
-11236 -30781
-11237 -30780
-11241 -30779
-11245 -30778
-11248 -30777
-11251 -30776
-11252 -30775
-11256 -30774
-11260 -30772
-11263 -30771
-11266 -30770
-11267 -30770
-11271 -30769
-11275 -30767
-11278 -30766
-11281 -30765
-11282 -30764
-11286 -30763
-11290 -30761
-11293 -30760
-11296 -30759
-11297 -30759
-11301 -30758
-11305 -30756
-11308 -30755
-11311 -30754
-11312 -30753
-11316 -30752
-11318 -30751
-11320 -30750
-11323 -30749
-11326 -30748
-11327 -30748
-11331 -30747
-11335 -30745
-11338 -30744
-11341 -30743
-11342 -30742
-11346 -30741
-11350 -30739
-11353 -30738
-11356 -30737
-11357 -30737
-11361 -30736
-11365 -30734
-11368 -30733
-11371 -30732
-11372 -30731
-11376 -30730
-11380 -30728
-11383 -30727
-11386 -30726
-11387 -30726
-11391 -30725
-11395 -30723
-11398 -30722
-11401 -30721
-11402 -30720
-11406 -30719
-11410 -30717
-11413 -30716
-11415 -30715
-11417 -30715
-11420 -30714
-11424 -30712
-11428 -30711
-11430 -30710
-11431 -30709
-11435 -30708
-11440 -30706
-11444 -30705
-11446 -30704
-11447 -30703
-11451 -30702
-11455 -30700
-11458 -30699
-11460 -30698
-11462 -30698
-11465 -30697
-11470 -30695
-11473 -30694
-11475 -30693
-11477 -30692
-11480 -30691
-11484 -30689
-11488 -30688
-11490 -30687
-11491 -30687
-11495 -30686
-11500 -30684
-11503 -30683
-11505 -30682
-11507 -30681
-11510 -30680
-11514 -30678
-11518 -30677
-11520 -30676
-11521 -30676
-11525 -30675
-11529 -30673
-11533 -30672
-11535 -30671
-11536 -30670
-11540 -30669
-11544 -30667
-11547 -30666
-11549 -30665
-11551 -30665
-11554 -30664
-11558 -30661
-11560 -30661
-11563 -30660
-11565 -30659
-11567 -30658
-11570 -30657
-11574 -30655
-11578 -30654
-11580 -30653
-11581 -30653
-11585 -30652
-11589 -30650
-11593 -30649
-11595 -30648
-11596 -30647
-11600 -30646
-11604 -30644
-11607 -30643
-11609 -30642
-11611 -30642
-11614 -30641
-11619 -30638
-11623 -30637
-11625 -30636
-11626 -30636
-11630 -30635
-11634 -30633
-11637 -30632
-11639 -30631
-11641 -30630
-11644 -30629
-11649 -30627
-11652 -30626
-11654 -30625
-11656 -30625
-11659 -30624
-11663 -30622
-11667 -30621
-11669 -30620
-11670 -30619
-11674 -30618
-11678 -30616
-11680 -30615
-11683 -30614
-11685 -30613
-11687 -30613
-11690 -30612
-11694 -30610
-11698 -30609
-11700 -30608
-11701 -30607
-11705 -30606
-11709 -30604
-11713 -30603
-11715 -30602
-11716 -30602
-11720 -30601
-11724 -30599
-11727 -30598
-11729 -30597
-11731 -30596
-11734 -30595
-11739 -30593
-11743 -30592
-11745 -30591
-11746 -30590
-11750 -30589
-11754 -30587
-11757 -30586
-11759 -30585
-11761 -30585
-11764 -30584
-11769 -30582
-11772 -30581
-11774 -30580
-11776 -30579
-11779 -30578
-11783 -30576
-11787 -30575
-11789 -30574
-11790 -30574
-11794 -30573
-11797 -30570
-11799 -30570
-11802 -30569
-11804 -30568
-11806 -30567
-11809 -30566
-11813 -30564
-11817 -30563
-11819 -30562
-11820 -30562
-11824 -30561
-11828 -30558
-11832 -30557
-11834 -30556
-11835 -30556
-11839 -30555
-11843 -30553
-11846 -30552
-11848 -30551
-11850 -30550
-11853 -30549
-11858 -30547
-11862 -30546
-11864 -30545
-11865 -30544
-11869 -30543
-11873 -30541
-11876 -30540
-11878 -30539
-11880 -30539
-11883 -30538
-11888 -30535
-11891 -30534
-11893 -30533
-11895 -30533
-11898 -30532
-11902 -30530
-11906 -30529
-11908 -30528
-11909 -30527
-11913 -30526
-11918 -30523
-11921 -30522
-11923 -30521
-11925 -30521
-11928 -30520
-11932 -30518
-11936 -30517
-11938 -30516
-11939 -30515
-11943 -30514
-11947 -30512
-11951 -30511
-11953 -30510
-11954 -30509
-11958 -30508
-11962 -30506
-11965 -30505
-11967 -30504
-11969 -30504
-11972 -30503
-11977 -30500
-11981 -30499
-11983 -30498
-11984 -30498
-11988 -30497
-11992 -30495
-11995 -30494
-11997 -30493
-11999 -30492
-12002 -30491
-12007 -30489
-12010 -30488
-12012 -30487
-12014 -30486
-12017 -30485
-12021 -30483
-12025 -30482
-12027 -30481
-12028 -30481
-12032 -30480
-12036 -30477
-12037 -30477
-12041 -30476
-12043 -30475
-12044 -30474
-12048 -30473
-12052 -30471
-12055 -30470
-12057 -30469
-12059 -30469
-12062 -30468
-12067 -30465
-12070 -30464
-12072 -30463
-12074 -30463
-12077 -30462
-12081 -30460
-12085 -30459
-12087 -30458
-12088 -30457
-12092 -30456
-12096 -30453
-12100 -30452
-12102 -30451
-12103 -30451
-12107 -30450
-12111 -30448
-12114 -30447
-12116 -30446
-12118 -30445
-12121 -30444
-12126 -30442
-12129 -30441
-12131 -30440
-12133 -30439
-12136 -30438
-12140 -30436
-12144 -30435
-12146 -30434
-12147 -30434
-12151 -30433
-12155 -30429
-12157 -30428
-12160 -30427
-12162 -30426
-12164 -30426
-12167 -30425
-12171 -30423
-12175 -30422
-12177 -30421
-12178 -30420
-12182 -30419
-12186 -30417
-12190 -30416
-12192 -30415
-12193 -30414
-12197 -30413
-12201 -30411
-12204 -30410
-12206 -30409
-12208 -30409
-12211 -30408
-12216 -30405
-12219 -30404
-12221 -30403
-12223 -30402
-12226 -30401
-12230 -30399
-12234 -30398
-12236 -30397
-12237 -30397
-12241 -30396
-12245 -30393
-12249 -30392
-12251 -30391
-12252 -30391
-12256 -30390
-12260 -30388
-12263 -30387
-12265 -30386
-12267 -30385
-12270 -30384
-12274 -30382
-12275 -30381
-12279 -30380
-12281 -30379
-12282 -30379
-12286 -30378
-12290 -30376
-12293 -30375
-12295 -30374
-12297 -30373
-12300 -30372
-12305 -30370
-12308 -30369
-12310 -30368
-12312 -30367
-12315 -30366
-12319 -30364
-12323 -30363
-12325 -30362
-12326 -30361
-12330 -30360
-12334 -30358
-12338 -30357
-12340 -30356
-12341 -30355
-12345 -30354
-12349 -30352
-12352 -30351
-12354 -30350
-12356 -30349
-12359 -30348
-12364 -30346
-12367 -30345
-12369 -30344
-12371 -30343
-12374 -30342
-12378 -30340
-12382 -30339
-12384 -30338
-12385 -30337
-12389 -30336
-12393 -30334
-12397 -30332
-12399 -30331
-12400 -30331
-12404 -30329
-12408 -30328
-12411 -30326
-12413 -30325
-12415 -30325
-12418 -30323
-12423 -30322
-12426 -30320
-12428 -30319
-12430 -30319
-12433 -30317
-12437 -30316
-12441 -30314
-12443 -30313
-12444 -30313
-12448 -30311
-12452 -30310
-12456 -30308
-12458 -30307
-12459 -30307
-12463 -30305
-12467 -30304
-12470 -30302
-12472 -30301
-12474 -30301
-12477 -30299
-12482 -30298
-12485 -30296
-12487 -30295
-12489 -30295
-12492 -30293
-12496 -30292
-12500 -30290
-12502 -30289
-12503 -30289
-12507 -30287
-12510 -30286
-12511 -30285
-12515 -30284
-12517 -30283
-12518 -30282
-12522 -30281
-12526 -30279
-12529 -30278
-12531 -30277
-12533 -30276
-12536 -30275
-12541 -30273
-12544 -30272
-12546 -30271
-12548 -30270
-12551 -30269
-12555 -30267
-12559 -30266
-12561 -30265
-12562 -30264
-12566 -30263
-12570 -30261
-12574 -30259
-12576 -30258
-12577 -30258
-12581 -30256
-12585 -30255
-12588 -30253
-12590 -30252
-12592 -30252
-12595 -30250
-12600 -30249
-12603 -30247
-12605 -30246
-12607 -30246
-12610 -30244
-12614 -30243
-12618 -30241
-12620 -30240
-12621 -30240
-12625 -30238
-12628 -30236
-12630 -30236
-12633 -30234
-12635 -30233
-12637 -30233
-12640 -30231
-12644 -30230
-12648 -30228
-12650 -30227
-12651 -30227
-12655 -30225
-12659 -30224
-12663 -30222
-12665 -30221
-12666 -30221
-12670 -30219
-12674 -30218
-12677 -30216
-12679 -30215
-12681 -30215
-12684 -30213
-12689 -30211
-12693 -30210
-12695 -30209
-12696 -30208
-12700 -30207
-12704 -30205
-12707 -30204
-12709 -30203
-12711 -30202
-12714 -30201
-12718 -30199
-12722 -30198
-12724 -30197
-12725 -30196
-12729 -30195
-12733 -30193
-12736 -30192
-12738 -30191
-12740 -30190
-12743 -30189
-12746 -30187
-12748 -30186
-12751 -30185
-12753 -30184
-12755 -30183
-12758 -30182
-12762 -30180
-12766 -30179
-12768 -30178
-12769 -30177
-12773 -30176
-12777 -30174
-12780 -30173
-12782 -30172
-12784 -30171
-12787 -30170
-12791 -30168
-12795 -30167
-12797 -30166
-12798 -30165
-12802 -30164
-12806 -30162
-12810 -30160
-12812 -30159
-12813 -30159
-12817 -30157
-12821 -30156
-12824 -30154
-12826 -30153
-12828 -30153
-12831 -30151
-12835 -30149
-12839 -30148
-12841 -30147
-12842 -30146
-12846 -30145
-12850 -30143
-12853 -30142
-12855 -30141
-12857 -30140
-12860 -30139
-12865 -30137
-12869 -30135
-12871 -30134
-12872 -30134
-12876 -30132
-12880 -30131
-12883 -30129
-12885 -30128
-12887 -30128
-12890 -30126
-12894 -30124
-12898 -30123
-12900 -30122
-12901 -30121
-12905 -30120
-12909 -30118
-12912 -30117
-12914 -30116
-12916 -30115
-12919 -30114
-12924 -30112
-12927 -30110
-12929 -30109
-12931 -30109
-12934 -30107
-12938 -30106
-12942 -30104
-12944 -30103
-12945 -30103
-12949 -30101
-12953 -30099
-12956 -30098
-12958 -30097
-12960 -30096
-12963 -30095
-12967 -30093
-12971 -30092
-12973 -30091
-12974 -30090
-12978 -30089
-12981 -30087
-12983 -30086
-12986 -30085
-12988 -30084
-12990 -30083
-12993 -30082
-12997 -30080
-13001 -30079
-13003 -30078
-13004 -30077
-13008 -30076
-13012 -30074
-13015 -30072
-13017 -30071
-13019 -30071
-13022 -30069
-13026 -30068
-13030 -30066
-13032 -30065
-13033 -30065
-13037 -30063
-13041 -30061
-13045 -30060
-13047 -30059
-13048 -30058
-13052 -30057
-13056 -30055
-13059 -30054
-13061 -30053
-13063 -30052
-13066 -30051
-13070 -30049
-13074 -30047
-13076 -30046
-13077 -30046
-13081 -30044
-13085 -30043
-13088 -30041
-13090 -30040
-13092 -30040
-13095 -30038
-13099 -30035
-13100 -30035
-13104 -30033
-13106 -30032
-13107 -30032
-13111 -30030
-13115 -30029
-13118 -30027
-13120 -30026
-13122 -30026
-13125 -30024
-13129 -30022
-13133 -30021
-13135 -30020
-13136 -30019
-13140 -30018
-13144 -30016
-13147 -30015
-13149 -30014
-13151 -30013
-13154 -30012
-13159 -30009
-13162 -30008
-13164 -30007
-13166 -30006
-13169 -30005
-13173 -30003
-13177 -30002
-13179 -30001
-13180 -30000
-13184 -29999
-13188 -29997
-13191 -29995
-13193 -29994
-13195 -29994
-13198 -29992
-13202 -29991
-13206 -29989
-13208 -29988
-13209 -29988
-13213 -29986
-13216 -29984
-13217 -29983
-13221 -29982
-13223 -29981
-13224 -29980
-13228 -29979
-13232 -29977
-13235 -29976
-13237 -29975
-13239 -29974
-13242 -29973
-13246 -29971
-13250 -29969
-13252 -29968
-13253 -29968
-13257 -29966
-13261 -29965
-13264 -29963
-13266 -29962
-13268 -29962
-13271 -29960
-13276 -29958
-13279 -29956
-13281 -29955
-13283 -29955
-13286 -29953
-13290 -29952
-13294 -29950
-13296 -29949
-13297 -29949
-13301 -29947
-13305 -29945
-13308 -29944
-13310 -29943
-13312 -29942
-13315 -29941
-13319 -29939
-13323 -29937
-13325 -29936
-13326 -29936
-13330 -29934
-13334 -29932
-13338 -29930
-13340 -29929
-13341 -29929
-13345 -29927
-13349 -29925
-13352 -29924
-13354 -29923
-13356 -29922
-13359 -29921
-13363 -29919
-13367 -29917
-13369 -29916
-13370 -29916
-13374 -29914
-13378 -29912
-13381 -29911
-13383 -29910
-13385 -29909
-13388 -29908
-13392 -29906
-13396 -29904
-13398 -29903
-13399 -29903
-13403 -29901
-13407 -29899
-13410 -29898
-13412 -29897
-13414 -29896
-13417 -29895
-13421 -29893
-13425 -29891
-13427 -29890
-13428 -29890
-13432 -29888
-13436 -29886
-13439 -29885
-13441 -29884
-13443 -29883
-13446 -29882
-13449 -29880
-13451 -29879
-13454 -29878
-13456 -29877
-13458 -29876
-13461 -29875
-13465 -29873
-13469 -29871
-13471 -29870
-13472 -29870
-13476 -29868
-13480 -29866
-13483 -29865
-13485 -29864
-13487 -29863
-13490 -29862
-13494 -29860
-13498 -29858
-13500 -29857
-13501 -29857
-13505 -29855
-13509 -29853
-13512 -29852
-13514 -29851
-13516 -29850
-13519 -29849
-13523 -29847
-13527 -29845
-13529 -29844
-13530 -29844
-13534 -29842
-13538 -29840
-13541 -29839
-13543 -29838
-13545 -29837
-13548 -29836
-13552 -29834
-13556 -29832
-13558 -29831
-13559 -29831
-13563 -29829
-13566 -29827
-13568 -29827
-13571 -29825
-13573 -29824
-13575 -29824
-13578 -29822
-13582 -29820
-13586 -29819
-13588 -29818
-13589 -29817
-13593 -29816
-13597 -29814
-13600 -29812
-13602 -29811
-13604 -29811
-13607 -29809
-13611 -29807
-13615 -29806
-13617 -29805
-13618 -29804
-13622 -29803
-13626 -29800
-13629 -29799
-13631 -29798
-13633 -29797
-13636 -29796
-13640 -29794
-13644 -29792
-13646 -29791
-13647 -29791
-13651 -29789
-13655 -29787
-13658 -29786
-13660 -29785
-13662 -29784
-13665 -29783
-13669 -29781
-13673 -29779
-13675 -29778
-13676 -29778
-13680 -29776
-13682 -29774
-13684 -29774
-13687 -29772
-13689 -29771
-13691 -29771
-13694 -29769
-13698 -29767
-13702 -29766
-13704 -29765
-13705 -29764
-13709 -29763
-13713 -29761
-13716 -29759
-13718 -29758
-13720 -29758
-13723 -29756
-13727 -29754
-13731 -29753
-13733 -29752
-13734 -29751
-13738 -29750
-13742 -29747
-13745 -29746
-13747 -29745
-13749 -29744
-13752 -29743
-13756 -29741
-13760 -29739
-13762 -29738
-13763 -29738
-13767 -29736
-13771 -29734
-13774 -29733
-13776 -29732
-13778 -29731
-13781 -29730
-13785 -29728
-13789 -29726
-13791 -29725
-13792 -29725
-13796 -29723
-13800 -29720
-13804 -29719
-13806 -29718
-13807 -29717
-13811 -29716
-13815 -29714
-13818 -29712
-13820 -29711
-13822 -29711
-13825 -29709
-13829 -29707
-13833 -29705
-13835 -29704
-13836 -29704
-13840 -29702
-13844 -29700
-13847 -29699
-13849 -29698
-13851 -29697
-13854 -29696
-13858 -29693
-13862 -29692
-13864 -29691
-13865 -29690
-13869 -29689
-13872 -29687
-13876 -29685
-13878 -29684
-13879 -29684
-13883 -29682
-13887 -29680
-13890 -29678
-13892 -29677
-13894 -29677
-13897 -29675
-13901 -29673
-13904 -29672
-13906 -29671
-13908 -29670
-13911 -29669
-13915 -29667
-13916 -29666
-13920 -29665
-13922 -29664
-13923 -29663
-13927 -29662
-13930 -29660
-13934 -29658
-13936 -29657
-13937 -29657
-13941 -29655
-13945 -29653
-13948 -29651
-13950 -29650
-13952 -29650
-13955 -29648
-13959 -29646
-13962 -29645
-13964 -29644
-13966 -29643
-13969 -29642
-13974 -29639
-13977 -29638
-13979 -29637
-13981 -29636
-13984 -29635
-13988 -29633
-13991 -29631
-13993 -29630
-13995 -29630
-13998 -29628
-14002 -29626
-14006 -29624
-14008 -29623
-14009 -29623
-14013 -29621
-14016 -29619
-14020 -29618
-14022 -29617
-14023 -29616
-14029 -29612
-14033 -29611
-14035 -29610
-14036 -29609
-14040 -29608
-14043 -29606
-14047 -29604
-14049 -29603
-14050 -29603
-14054 -29601
-14058 -29599
-14061 -29597
-14063 -29596
-14065 -29596
-14068 -29594
-14072 -29592
-14075 -29591
-14077 -29590
-14079 -29589
-14082 -29588
-14087 -29585
-14090 -29583
-14092 -29582
-14094 -29582
-14097 -29580
-14101 -29578
-14104 -29577
-14106 -29576
-14108 -29575
-14111 -29574
-14115 -29571
-14119 -29570
-14121 -29569
-14122 -29568
-14126 -29567
-14129 -29565
-14133 -29563
-14135 -29562
-14136 -29562
-14140 -29560
-14143 -29558
-14144 -29557
-14148 -29556
-14150 -29555
-14151 -29554
-14155 -29553
-14158 -29551
-14162 -29549
-14164 -29548
-14165 -29548
-14169 -29546
-14173 -29544
-14176 -29542
-14178 -29541
-14180 -29541
-14183 -29539
-14187 -29537
-14190 -29536
-14192 -29535
-14194 -29534
-14197 -29533
-14202 -29530
-14205 -29528
-14207 -29527
-14209 -29527
-14212 -29525
-14216 -29523
-14219 -29522
-14221 -29521
-14223 -29520
-14226 -29519
-14230 -29516
-14234 -29515
-14236 -29514
-14237 -29513
-14241 -29512
-14244 -29510
-14248 -29508
-14250 -29507
-14251 -29507
-14255 -29505
-14259 -29502
-14263 -29500
-14265 -29499
-14266 -29499
-14270 -29497
-14273 -29495
-14277 -29494
-14279 -29493
-14280 -29492
-14284 -29491
-14288 -29488
-14291 -29487
-14293 -29486
-14295 -29485
-14298 -29484
-14302 -29482
-14305 -29480
-14307 -29479
-14309 -29479
-14312 -29477
-14317 -29475
-14320 -29473
-14322 -29472
-14324 -29472
-14327 -29470
-14331 -29468
-14334 -29467
-14336 -29466
-14338 -29465
-14341 -29464
-14345 -29461
-14349 -29460
-14351 -29458
-14352 -29458
-14356 -29456
-14359 -29454
-14363 -29453
-14365 -29451
-14366 -29451
-14370 -29449
-14373 -29447
-14375 -29447
-14378 -29445
-14380 -29444
-14382 -29443
-14385 -29442
-14389 -29440
-14392 -29438
-14394 -29437
-14396 -29436
-14399 -29435
-14403 -29433
-14407 -29431
-14409 -29430
-14410 -29429
-14414 -29428
-14417 -29426
-14421 -29424
-14423 -29423
-14424 -29422
-14428 -29421
-14432 -29419
-14435 -29417
-14437 -29416
-14439 -29415
-14442 -29414
-14446 -29412
-14449 -29410
-14451 -29409
-14453 -29408
-14456 -29407
-14460 -29405
-14464 -29403
-14466 -29402
-14467 -29401
-14471 -29400
-14474 -29398
-14478 -29396
-14480 -29395
-14481 -29394
-14485 -29393
-14488 -29391
-14490 -29390
-14493 -29389
-14495 -29387
-14497 -29387
-14500 -29385
-14504 -29383
-14507 -29382
-14509 -29380
-14511 -29380
-14514 -29378
-14518 -29376
-14522 -29375
-14524 -29373
-14525 -29373
-14529 -29371
-14532 -29369
-14536 -29368
-14538 -29366
-14539 -29366
-14543 -29364
-14547 -29362
-14550 -29361
-14552 -29359
-14554 -29359
-14557 -29357
-14561 -29355
-14564 -29354
-14566 -29352
-14568 -29352
-14571 -29350
-14575 -29348
-14579 -29347
-14581 -29345
-14582 -29345
-14586 -29343
-14589 -29341
-14593 -29340
-14595 -29338
-14596 -29338
-14600 -29336
-14603 -29334
-14604 -29333
-14608 -29332
-14610 -29330
-14611 -29330
-14615 -29328
-14618 -29326
-14622 -29325
-14624 -29323
-14625 -29323
-14629 -29321
-14633 -29319
-14636 -29318
-14638 -29316
-14640 -29316
-14643 -29314
-14647 -29312
-14650 -29311
-14652 -29309
-14654 -29309
-14657 -29307
-14661 -29305
-14665 -29303
-14667 -29302
-14668 -29301
-14672 -29300
-14675 -29298
-14679 -29296
-14681 -29295
-14682 -29294
-14686 -29293
-14690 -29291
-14693 -29289
-14695 -29288
-14697 -29287
-14700 -29286
-14704 -29284
-14707 -29282
-14709 -29281
-14711 -29280
-14714 -29279
-14718 -29276
-14722 -29275
-14724 -29273
-14725 -29273
-14729 -29271
-14732 -29269
-14736 -29268
-14738 -29266
-14739 -29266
-14743 -29264
-14747 -29262
-14750 -29261
-14752 -29259
-14754 -29259
-14757 -29257
-14761 -29255
-14764 -29254
-14766 -29252
-14768 -29252
-14771 -29250
-14775 -29248
-14779 -29246
-14781 -29245
-14782 -29244
-14786 -29243
-14789 -29241
-14793 -29239
-14795 -29238
-14796 -29237
-14800 -29236
-14804 -29234
-14807 -29232
-14809 -29231
-14811 -29230
-14814 -29229
-14818 -29227
-14821 -29225
-14823 -29224
-14825 -29223
-14828 -29222
-14831 -29220
-14832 -29219
-14836 -29218
-14838 -29216
-14839 -29216
-14843 -29214
-14846 -29212
-14850 -29211
-14852 -29209
-14853 -29209
-14857 -29207
-14861 -29205
-14864 -29203
-14866 -29202
-14868 -29201
-14871 -29200
-14875 -29198
-14878 -29196
-14880 -29195
-14882 -29194
-14885 -29193
-14890 -29190
-14893 -29189
-14895 -29187
-14897 -29187
-14900 -29185
-14904 -29183
-14907 -29182
-14909 -29180
-14911 -29180
-14914 -29178
-14918 -29176
-14921 -29174
-14923 -29173
-14925 -29172
-14928 -29171
-14932 -29169
-14935 -29167
-14937 -29166
-14939 -29165
-14942 -29164
-14946 -29161
-14947 -29160
-14951 -29159
-14953 -29157
-14954 -29157
-14958 -29155
-14961 -29153
-14965 -29152
-14967 -29150
-14968 -29150
-14972 -29148
-14975 -29146
-14979 -29144
-14981 -29143
-14982 -29142
-14986 -29141
-14989 -29139
-14993 -29137
-14995 -29136
-14996 -29135
-15000 -29134
-15004 -29131
-15007 -29130
-15009 -29128
-15011 -29128
-15014 -29126
-15018 -29124
-15021 -29123
-15023 -29121
-15025 -29121
-15028 -29119
-15032 -29117
-15035 -29115
-15037 -29114
-15039 -29113
-15042 -29112
-15046 -29110
-15049 -29108
-15051 -29107
-15053 -29106
-15056 -29105
-15059 -29103
-15061 -29102
-15064 -29101
-15066 -29099
-15068 -29099
-15071 -29097
-15075 -29095
-15078 -29094
-15080 -29092
-15082 -29092
-15085 -29090
-15089 -29088
-15092 -29086
-15094 -29085
-15096 -29084
-15099 -29083
-15103 -29081
-15106 -29079
-15108 -29078
-15110 -29077
-15113 -29076
-15117 -29073
-15121 -29071
-15123 -29070
-15124 -29069
-15128 -29068
-15131 -29066
-15135 -29064
-15137 -29063
-15138 -29062
-15142 -29061
-15145 -29058
-15149 -29057
-15151 -29055
-15152 -29055
-15156 -29053
-15159 -29051
-15163 -29050
-15165 -29048
-15166 -29048
-15170 -29046
-15174 -29043
-15178 -29041
-15180 -29040
-15181 -29039
-15185 -29038
-15188 -29036
-15192 -29034
-15194 -29033
-15195 -29032
-15199 -29031
-15202 -29028
-15206 -29027
-15208 -29025
-15209 -29025
-15213 -29023
-15216 -29021
-15220 -29020
-15222 -29018
-15223 -29018
-15227 -29016
-15231 -29013
-15234 -29012
-15236 -29010
-15238 -29010
-15241 -29008
-15245 -29006
-15248 -29005
-15250 -29003
-15252 -29003
-15255 -29001
-15259 -28999
-15262 -28997
-15264 -28996
-15266 -28995
-15269 -28994
-15273 -28992
-15276 -28990
-15278 -28989
-15280 -28988
-15283 -28987
-15286 -28984
-15287 -28983
-15291 -28982
-15293 -28980
-15294 -28980
-15298 -28978
-15301 -28976
-15305 -28975
-15307 -28973
-15308 -28973
-15312 -28971
-15315 -28969
-15319 -28967
-15321 -28966
-15322 -28965
-15326 -28964
-15329 -28962
-15333 -28960
-15335 -28959
-15336 -28958
-15340 -28957
-15344 -28954
-15347 -28952
-15349 -28951
-15351 -28950
-15354 -28949
-15358 -28947
-15361 -28945
-15363 -28944
-15365 -28943
-15368 -28942
-15372 -28939
-15375 -28938
-15377 -28936
-15379 -28936
-15382 -28934
-15386 -28932
-15389 -28930
-15391 -28929
-15393 -28928
-15396 -28927
-15399 -28924
-15400 -28924
-15404 -28922
-15406 -28921
-15407 -28920
-15411 -28919
-15414 -28916
-15418 -28915
-15420 -28913
-15421 -28913
-15425 -28911
-15428 -28909
-15432 -28907
-15434 -28906
-15435 -28905
-15439 -28904
-15442 -28901
-15446 -28900
-15448 -28898
-15449 -28898
-15453 -28896
-15456 -28894
-15460 -28892
-15462 -28891
-15463 -28890
-15467 -28889
-15470 -28886
-15474 -28885
-15476 -28883
-15477 -28883
-15481 -28881
-15484 -28879
-15488 -28877
-15490 -28876
-15491 -28875
-15495 -28874
-15498 -28871
-15502 -28870
-15504 -28868
-15505 -28868
-15509 -28866
-15511 -28864
-15513 -28863
-15516 -28862
-15518 -28860
-15520 -28860
-15523 -28858
-15527 -28856
-15530 -28854
-15532 -28853
-15534 -28852
-15537 -28851
-15541 -28848
-15544 -28847
-15546 -28845
-15548 -28845
-15551 -28843
-15555 -28841
-15558 -28839
-15560 -28838
-15562 -28837
-15565 -28836
-15569 -28833
-15572 -28832
-15574 -28830
-15576 -28830
-15579 -28828
-15583 -28826
-15586 -28824
-15588 -28823
-15590 -28822
-15593 -28821
-15597 -28818
-15600 -28817
-15602 -28815
-15604 -28815
-15607 -28813
-15611 -28811
-15614 -28809
-15616 -28808
-15618 -28807
-15621 -28806
-15626 -28802
-15629 -28801
-15631 -28799
-15633 -28799
-15636 -28797
-15640 -28795
-15643 -28793
-15645 -28792
-15647 -28791
-15650 -28790
-15654 -28787
-15657 -28786
-15659 -28784
-15661 -28784
-15664 -28782
-15668 -28780
-15671 -28778
-15673 -28777
-15675 -28776
-15678 -28775
-15682 -28772
-15685 -28770
-15687 -28769
-15689 -28768
-15692 -28767
-15696 -28764
-15699 -28763
-15701 -28761
-15703 -28761
-15706 -28759
-15710 -28757
-15713 -28755
-15715 -28754
-15717 -28753
-15720 -28752
-15724 -28749
-15727 -28748
-15729 -28746
-15731 -28746
-15734 -28744
-15736 -28742
-15738 -28741
-15741 -28740
-15743 -28738
-15745 -28738
-15748 -28736
-15752 -28734
-15755 -28732
-15757 -28731
-15759 -28730
-15762 -28729
-15766 -28726
-15769 -28725
-15771 -28723
-15773 -28723
-15776 -28721
-15780 -28719
-15783 -28717
-15785 -28716
-15787 -28715
-15790 -28714
-15794 -28711
-15797 -28709
-15799 -28708
-15801 -28707
-15804 -28706
-15808 -28703
-15811 -28702
-15813 -28700
-15815 -28700
-15818 -28698
-15822 -28696
-15825 -28694
-15827 -28693
-15829 -28692
-15832 -28691
-15836 -28688
-15839 -28687
-15841 -28685
-15843 -28685
-15846 -28683
-15849 -28680
-15850 -28679
-15854 -28678
-15856 -28676
-15857 -28676
-15861 -28674
-15865 -28672
-15868 -28670
-15870 -28669
-15871 -28668
-15874 -28667
-15878 -28664
-15881 -28662
-15883 -28661
-15885 -28660
-15888 -28659
-15892 -28656
-15895 -28655
-15897 -28653
-15898 -28653
-15901 -28651
-15906 -28648
-15909 -28647
-15911 -28645
-15913 -28645
-15916 -28643
-15920 -28641
-15923 -28639
-15925 -28638
-15926 -28637
-15929 -28636
-15934 -28633
-15937 -28631
-15939 -28630
-15940 -28629
-15943 -28628
-15947 -28625
-15950 -28624
-15952 -28622
-15954 -28622
-15957 -28620
-15961 -28618
-15962 -28617
-15965 -28616
-15967 -28614
-15969 -28614
-15972 -28612
-15976 -28610
-15979 -28608
-15981 -28607
-15982 -28606
-15985 -28605
-15990 -28602
-15993 -28600
-15995 -28599
-15996 -28598
-15999 -28597
-16003 -28594
-16006 -28593
-16008 -28591
-16010 -28591
-16013 -28589
-16018 -28586
-16021 -28585
-16023 -28583
-16024 -28583
-16027 -28581
-16031 -28579
-16034 -28577
-16036 -28576
-16038 -28575
-16041 -28574
-16045 -28571
-16048 -28569
-16050 -28568
-16052 -28567
-16055 -28566
-16059 -28563
-16062 -28562
-16064 -28560
-16065 -28560
-16068 -28558
-16074 -28554
-16077 -28553
-16079 -28551
-16081 -28551
-16084 -28549
-16088 -28547
-16091 -28545
-16093 -28544
-16094 -28543
-16097 -28542
-16102 -28539
-16105 -28537
-16107 -28536
-16108 -28535
-16111 -28534
-16115 -28531
-16118 -28530
-16120 -28528
-16122 -28528
-16125 -28526
-16130 -28523
-16133 -28522
-16135 -28520
-16136 -28520
-16139 -28518
-16143 -28516
-16146 -28514
-16148 -28513
-16150 -28512
-16153 -28511
-16157 -28508
-16160 -28506
-16162 -28505
-16164 -28504
-16167 -28503
-16171 -28500
-16174 -28499
-16176 -28497
-16177 -28497
-16180 -28495
-16184 -28492
-16185 -28492
-16188 -28490
-16190 -28489
-16192 -28488
-16195 -28487
-16199 -28484
-16202 -28483
-16204 -28481
-16205 -28481
-16208 -28479
-16213 -28476
-16216 -28475
-16218 -28473
-16219 -28473
-16222 -28471
-16226 -28469
-16229 -28467
-16231 -28466
-16233 -28465
-16236 -28464
-16241 -28460
-16244 -28459
-16246 -28457
-16247 -28457
-16250 -28455
-16254 -28453
-16257 -28451
-16259 -28450
-16261 -28449
-16264 -28448
-16268 -28445
-16271 -28443
-16273 -28442
-16275 -28441
-16278 -28440
-16282 -28437
-16285 -28436
-16287 -28434
-16288 -28434
-16291 -28432
-16295 -28428
-16297 -28428
-16300 -28426
-16302 -28425
-16303 -28424
-16306 -28423
-16310 -28420
-16313 -28419
-16315 -28417
-16317 -28417
-16320 -28415
-16324 -28412
-16327 -28411
-16329 -28409
-16331 -28409
-16334 -28407
-16338 -28405
-16341 -28403
-16343 -28402
-16344 -28401
-16347 -28400
-16352 -28396
-16355 -28395
-16357 -28393
-16358 -28393
-16361 -28391
-16365 -28389
-16368 -28387
-16370 -28386
-16372 -28385
-16375 -28384
-16379 -28381
-16382 -28380
-16384 -28379
-16386 -28378
-16389 -28376
-16393 -28374
-16396 -28372
-16398 -28371
-16399 -28370
-16402 -28368
-16406 -28366
-16407 -28365
-16410 -28363
-16412 -28362
-16414 -28361
-16417 -28359
-16421 -28357
-16424 -28355
-16426 -28354
-16427 -28353
-16430 -28351
-16435 -28349
-16438 -28347
-16440 -28346
-16441 -28345
-16444 -28343
-16448 -28341
-16451 -28339
-16453 -28338
-16455 -28337
-16458 -28335
-16462 -28333
-16465 -28331
-16467 -28330
-16469 -28329
-16472 -28327
-16476 -28325
-16479 -28323
-16481 -28322
-16482 -28321
-16485 -28319
-16490 -28317
-16493 -28315
-16495 -28314
-16496 -28313
-16499 -28311
-16503 -28309
-16506 -28307
-16508 -28306
-16510 -28305
-16513 -28303
-16518 -28300
-16521 -28298
-16523 -28297
-16524 -28296
-16527 -28294
-16531 -28292
-16534 -28290
-16536 -28289
-16538 -28288
-16541 -28286
-16545 -28284
-16548 -28282
-16550 -28281
-16552 -28280
-16555 -28278
-16559 -28276
-16562 -28274
-16564 -28273
-16565 -28272
-16568 -28270
-16573 -28268
-16576 -28266
-16578 -28265
-16579 -28264
-16582 -28262
-16586 -28260
-16589 -28258
-16591 -28257
-16593 -28256
-16596 -28254
-16600 -28252
-16603 -28250
-16605 -28249
-16607 -28248
-16610 -28246
-16614 -28244
-16617 -28242
-16619 -28241
-16620 -28240
-16623 -28238
-16626 -28237
-16628 -28236
-16631 -28234
-16633 -28233
-16634 -28232
-16637 -28230
-16641 -28228
-16644 -28226
-16646 -28225
-16648 -28224
-16651 -28222
-16655 -28220
-16658 -28218
-16660 -28217
-16662 -28216
-16665 -28214
-16669 -28212
-16672 -28210
-16674 -28209
-16675 -28208
-16678 -28206
-16683 -28204
-16686 -28202
-16688 -28201
-16689 -28200
-16692 -28198
-16696 -28196
-16699 -28194
-16701 -28193
-16703 -28192
-16706 -28190
-16710 -28188
-16713 -28186
-16715 -28185
-16717 -28184
-16720 -28182
-16724 -28180
-16727 -28178
-16729 -28177
-16730 -28176
-16733 -28174
-16737 -28171
-16739 -28170
-16742 -28168
-16744 -28167
-16745 -28166
-16748 -28164
-16752 -28162
-16755 -28160
-16757 -28159
-16759 -28158
-16762 -28156
-16766 -28154
-16769 -28152
-16771 -28151
-16772 -28150
-16775 -28148
-16779 -28146
-16782 -28144
-16784 -28143
-16786 -28142
-16789 -28140
-16793 -28138
-16796 -28136
-16798 -28135
-16800 -28134
-16803 -28132
-16807 -28130
-16810 -28128
-16812 -28127
-16813 -28126
-16816 -28124
-16820 -28122
-16823 -28120
-16825 -28119
-16827 -28118
-16830 -28116
-16834 -28114
-16837 -28112
-16839 -28111
-16840 -28110
-16843 -28108
-16847 -28106
-16848 -28105
-16851 -28103
-16853 -28102
-16855 -28101
-16858 -28099
-16862 -28097
-16865 -28095
-16867 -28094
-16868 -28093
-16871 -28091
-16875 -28089
-16878 -28087
-16880 -28086
-16882 -28085
-16885 -28083
-16889 -28081
-16892 -28079
-16894 -28078
-16895 -28077
-16898 -28075
-16903 -28072
-16906 -28070
-16908 -28069
-16909 -28068
-16912 -28066
-16916 -28064
-16919 -28062
-16921 -28061
-16923 -28060
-16926 -28058
-16930 -28056
-16933 -28054
-16935 -28053
-16936 -28052
-16939 -28050
-16943 -28048
-16946 -28046
-16948 -28045
-16950 -28044
-16953 -28042
-16958 -28039
-16961 -28037
-16963 -28036
-16964 -28035
-16967 -28033
-16971 -28031
-16974 -28029
-16976 -28028
-16978 -28027
-16981 -28025
-16985 -28023
-16988 -28021
-16990 -28020
-16991 -28019
-16994 -28017
-16998 -28015
-17001 -28013
-17003 -28012
-17005 -28011
-17008 -28009
-17012 -28006
-17015 -28004
-17017 -28003
-17019 -28002
-17022 -28000
-17026 -27998
-17029 -27996
-17031 -27995
-17032 -27994
-17035 -27992
-17039 -27990
-17042 -27988
-17044 -27987
-17046 -27986
-17049 -27984
-17053 -27982
-17056 -27980
-17058 -27979
-17059 -27978
-17062 -27976
-17065 -27974
-17067 -27973
-17070 -27971
-17072 -27970
-17073 -27969
-17076 -27967
-17080 -27965
-17083 -27963
-17085 -27962
-17087 -27961
-17090 -27959
-17094 -27956
-17097 -27954
-17099 -27953
-17100 -27952
-17103 -27950
-17107 -27948
-17110 -27946
-17112 -27945
-17114 -27944
-17117 -27942
-17121 -27940
-17124 -27938
-17126 -27937
-17128 -27936
-17131 -27934
-17135 -27932
-17138 -27930
-17140 -27929
-17141 -27928
-17144 -27926
-17148 -27923
-17151 -27921
-17153 -27920
-17155 -27919
-17158 -27917
-17162 -27915
-17165 -27913
-17167 -27912
-17168 -27911
-17171 -27909
-17175 -27907
-17177 -27906
-17180 -27904
-17182 -27903
-17183 -27902
-17186 -27900
-17190 -27898
-17193 -27896
-17195 -27895
-17197 -27894
-17200 -27892
-17204 -27889
-17207 -27887
-17209 -27886
-17210 -27885
-17213 -27883
-17217 -27881
-17220 -27879
-17222 -27878
-17224 -27877
-17227 -27875
-17231 -27872
-17234 -27870
-17236 -27869
-17237 -27868
-17240 -27866
-17244 -27864
-17247 -27862
-17249 -27861
-17251 -27860
-17254 -27858
-17258 -27856
-17261 -27854
-17263 -27853
-17264 -27852
-17267 -27850
-17271 -27848
-17274 -27846
-17276 -27845
-17278 -27844
-17281 -27842
-17284 -27839
-17285 -27838
-17288 -27836
-17290 -27835
-17292 -27834
-17295 -27832
-17299 -27830
-17302 -27828
-17304 -27827
-17305 -27826
-17308 -27824
-17312 -27822
-17315 -27820
-17317 -27819
-17319 -27818
-17322 -27816
-17326 -27814
-17329 -27812
-17331 -27811
-17332 -27810
-17335 -27808
-17339 -27805
-17342 -27803
-17344 -27802
-17346 -27801
-17349 -27799
-17353 -27797
-17356 -27795
-17358 -27794
-17359 -27793
-17362 -27791
-17366 -27788
-17369 -27786
-17371 -27785
-17373 -27784
-17376 -27782
-17380 -27780
-17383 -27778
-17385 -27777
-17386 -27776
-17389 -27774
-17393 -27771
-17396 -27769
-17398 -27768
-17400 -27767
-17403 -27765
-17407 -27763
-17410 -27761
-17412 -27760
-17413 -27759
-17416 -27757
-17420 -27754
-17423 -27752
-17425 -27751
-17427 -27750
-17430 -27748
-17434 -27746
-17437 -27744
-17439 -27743
-17440 -27742
-17443 -27740
-17447 -27737
-17450 -27735
-17452 -27734
-17454 -27733
-17457 -27731
-17461 -27729
-17464 -27727
-17466 -27726
-17467 -27725
-17470 -27723
-17474 -27720
-17477 -27718
-17479 -27717
-17481 -27716
-17484 -27714
-17488 -27712
-17491 -27710
-17493 -27709
-17494 -27708
-17497 -27706
-17500 -27704
-17501 -27703
-17504 -27701
-17506 -27700
-17508 -27699
-17511 -27697
-17515 -27695
-17518 -27693
-17520 -27692
-17521 -27691
-17524 -27689
-17528 -27686
-17531 -27684
-17533 -27683
-17535 -27682
-17538 -27680
-17542 -27678
-17545 -27676
-17547 -27675
-17548 -27674
-17551 -27672
-17555 -27669
-17558 -27667
-17560 -27666
-17562 -27665
-17565 -27663
-17569 -27661
-17572 -27659
-17574 -27658
-17575 -27657
-17578 -27655
-17583 -27652
-17586 -27650
-17588 -27649
-17589 -27648
-17594 -27644
-17597 -27642
-17599 -27641
-17601 -27640
-17604 -27638
-17608 -27636
-17611 -27634
-17613 -27633
-17614 -27632
-17617 -27630
-17621 -27627
-17624 -27625
-17626 -27624
-17627 -27623
-17630 -27621
-17635 -27619
-17638 -27617
-17640 -27616
-17641 -27615
-17644 -27613
-17648 -27610
-17651 -27608
-17653 -27607
-17654 -27606
-17657 -27604
-17661 -27602
-17664 -27600
-17666 -27599
-17668 -27598
-17671 -27596
-17674 -27593
-17677 -27591
-17679 -27590
-17681 -27589
-17684 -27587
-17687 -27585
-17689 -27584
-17692 -27582
-17694 -27581
-17695 -27580
-17698 -27578
-17702 -27575
-17705 -27573
-17707 -27572
-17708 -27571
-17711 -27569
-17715 -27567
-17718 -27565
-17720 -27564
-17722 -27563
-17725 -27561
-17728 -27558
-17731 -27556
-17733 -27555
-17735 -27554
-17738 -27552
-17742 -27549
-17745 -27547
-17747 -27546
-17749 -27545
-17752 -27543
-17755 -27541
-17758 -27539
-17760 -27538
-17762 -27537
-17765 -27535
-17769 -27532
-17772 -27530
-17774 -27529
-17775 -27528
-17778 -27526
-17782 -27524
-17785 -27522
-17787 -27521
-17788 -27520
-17791 -27518
-17796 -27514
-17799 -27512
-17801 -27511
-17802 -27510
-17805 -27508
-17809 -27506
-17812 -27504
-17814 -27503
-17815 -27502
-17818 -27500
-17822 -27497
-17825 -27495
-17827 -27494
-17829 -27493
-17832 -27491
-17835 -27489
-17838 -27487
-17840 -27486
-17842 -27485
-17845 -27483
-17849 -27480
-17852 -27478
-17854 -27477
-17856 -27476
-17859 -27474
-17862 -27471
-17865 -27469
-17867 -27468
-17869 -27467
-17872 -27465
-17876 -27463
-17879 -27461
-17881 -27460
-17882 -27459
-17885 -27457
-17889 -27454
-17892 -27452
-17894 -27451
-17895 -27450
-17898 -27448
-17901 -27446
-17903 -27445
-17906 -27443
-17908 -27442
-17909 -27441
-17912 -27439
-17916 -27437
-17919 -27435
-17921 -27434
-17922 -27433
-17925 -27431
-17929 -27428
-17932 -27426
-17934 -27425
-17936 -27424
-17939 -27422
-17942 -27419
-17945 -27417
-17947 -27416
-17949 -27415
-17952 -27413
-17956 -27410
-17959 -27408
-17961 -27407
-17963 -27406
-17966 -27404
-17969 -27402
-17972 -27400
-17974 -27399
-17976 -27398
-17979 -27396
-17983 -27393
-17986 -27391
-17988 -27390
-17989 -27389
-17992 -27387
-17996 -27384
-17999 -27382
-18001 -27381
-18002 -27380
-18005 -27378
-18009 -27376
-18010 -27375
-18013 -27373
-18015 -27372
-18017 -27371
-18020 -27369
-18023 -27366
-18026 -27364
-18028 -27363
-18030 -27362
-18033 -27360
-18037 -27357
-18040 -27355
-18042 -27354
-18043 -27353
-18046 -27351
-18050 -27349
-18053 -27347
-18055 -27346
-18056 -27345
-18059 -27343
-18063 -27340
-18066 -27338
-18068 -27337
-18070 -27336
-18073 -27334
-18076 -27331
-18079 -27329
-18081 -27328
-18083 -27327
-18086 -27325
-18090 -27322
-18093 -27320
-18095 -27319
-18096 -27318
-18099 -27316
-18103 -27314
-18106 -27312
-18108 -27311
-18109 -27310
-18112 -27308
-18115 -27305
-18117 -27304
-18120 -27302
-18122 -27301
-18123 -27300
-18126 -27298
-18130 -27296
-18133 -27294
-18135 -27293
-18136 -27292
-18139 -27290
-18143 -27287
-18146 -27285
-18148 -27284
-18150 -27283
-18153 -27281
-18156 -27278
-18159 -27276
-18161 -27275
-18163 -27274
-18166 -27272
-18170 -27269
-18173 -27267
-18175 -27266
-18176 -27265
-18179 -27263
-18183 -27261
-18186 -27259
-18188 -27258
-18189 -27257
-18192 -27255
-18196 -27252
-18199 -27250
-18201 -27249
-18203 -27248
-18206 -27246
-18209 -27243
-18212 -27241
-18214 -27240
-18216 -27239
-18219 -27237
-18223 -27233
-18226 -27231
-18228 -27230
-18230 -27229
-18233 -27227
-18236 -27225
-18239 -27223
-18241 -27222
-18243 -27221
-18246 -27219
-18250 -27216
-18253 -27214
-18255 -27213
-18256 -27212
-18259 -27210
-18263 -27207
-18266 -27205
-18268 -27204
-18269 -27203
-18272 -27201
-18276 -27198
-18279 -27196
-18281 -27195
-18283 -27194
-18286 -27192
-18289 -27189
-18292 -27187
-18294 -27186
-18296 -27185
-18299 -27183
-18303 -27180
-18306 -27178
-18308 -27177
-18309 -27176
-18312 -27174
-18316 -27172
-18319 -27170
-18321 -27169
-18322 -27168
-18325 -27166
-18328 -27163
-18329 -27162
-18332 -27160
-18334 -27159
-18336 -27158
-18339 -27156
-18342 -27153
-18345 -27151
-18347 -27150
-18349 -27149
-18352 -27147
-18356 -27144
-18359 -27142
-18361 -27141
-18362 -27140
-18365 -27138
-18369 -27136
-18372 -27134
-18374 -27133
-18375 -27132
-18378 -27130
-18382 -27126
-18385 -27124
-18387 -27123
-18389 -27122
-18392 -27120
-18395 -27118
-18398 -27116
-18400 -27115
-18402 -27114
-18405 -27112
-18408 -27109
-18411 -27107
-18413 -27106
-18415 -27105
-18418 -27103
-18421 -27100
-18424 -27098
-18426 -27097
-18428 -27096
-18431 -27094
-18434 -27092
-18435 -27091
-18438 -27089
-18440 -27087
-18442 -27086
-18445 -27084
-18448 -27082
-18451 -27080
-18453 -27078
-18455 -27077
-18458 -27075
-18461 -27073
-18464 -27071
-18466 -27069
-18468 -27068
-18471 -27066
-18474 -27064
-18477 -27062
-18479 -27060
-18481 -27059
-18484 -27057
-18488 -27055
-18491 -27053
-18493 -27051
-18494 -27050
-18497 -27048
-18501 -27046
-18504 -27044
-18506 -27042
-18507 -27041
-18510 -27039
-18514 -27037
-18517 -27035
-18519 -27033
-18520 -27032
-18523 -27030
-18527 -27028
-18530 -27026
-18532 -27024
-18533 -27023
-18536 -27021
-18539 -27020
-18541 -27019
-18544 -27017
-18546 -27015
-18547 -27014
-18550 -27012
-18554 -27010
-18557 -27008
-18559 -27006
-18560 -27005
-18563 -27003
-18567 -27001
-18570 -26999
-18572 -26997
-18573 -26996
-18576 -26994
-18580 -26992
-18583 -26990
-18585 -26988
-18586 -26987
-18589 -26985
-18593 -26983
-18596 -26981
-18598 -26979
-18600 -26978
-18603 -26976
-18606 -26974
-18609 -26972
-18611 -26970
-18613 -26969
-18616 -26967
-18619 -26965
-18622 -26963
-18624 -26961
-18626 -26960
-18629 -26958
-18632 -26956
-18635 -26954
-18637 -26952
-18639 -26951
-18642 -26949
-18646 -26946
-18649 -26944
-18651 -26942
-18653 -26941
-18656 -26939
-18659 -26937
-18662 -26935
-18664 -26933
-18666 -26932
-18669 -26930
-18672 -26928
-18675 -26926
-18677 -26924
-18679 -26923
-18682 -26921
-18685 -26919
-18688 -26917
-18690 -26915
-18692 -26914
-18695 -26912
-18699 -26909
-18702 -26907
-18704 -26906
-18705 -26905
-18708 -26903
-18712 -26900
-18715 -26898
-18717 -26897
-18718 -26896
-18721 -26894
-18725 -26891
-18728 -26889
-18730 -26888
-18731 -26887
-18734 -26885
-18738 -26882
-18741 -26880
-18743 -26879
-18744 -26878
-18747 -26876
-18750 -26874
-18751 -26873
-18754 -26871
-18756 -26869
-18758 -26868
-18761 -26866
-18764 -26864
-18767 -26862
-18769 -26860
-18771 -26859
-18774 -26857
-18777 -26855
-18780 -26853
-18782 -26851
-18784 -26850
-18787 -26848
-18790 -26846
-18793 -26844
-18795 -26842
-18797 -26841
-18800 -26839
-18803 -26836
-18806 -26834
-18808 -26833
-18810 -26832
-18813 -26830
-18816 -26827
-18819 -26825
-18821 -26824
-18823 -26823
-18826 -26821
-18829 -26818
-18832 -26816
-18834 -26815
-18836 -26814
-18839 -26812
-18842 -26809
-18845 -26807
-18847 -26806
-18849 -26805
-18852 -26803
-18855 -26800
-18856 -26799
-18859 -26797
-18861 -26795
-18863 -26794
-18866 -26792
-18869 -26790
-18872 -26788
-18874 -26786
-18876 -26785
-18879 -26783
-18882 -26781
-18885 -26779
-18887 -26777
-18889 -26776
-18892 -26774
-18895 -26772
-18898 -26770
-18900 -26768
-18902 -26767
-18905 -26765
-18908 -26762
-18911 -26760
-18913 -26759
-18915 -26758
-18918 -26756
-18921 -26753
-18924 -26751
-18926 -26750
-18928 -26749
-18931 -26747
-18934 -26744
-18937 -26742
-18939 -26741
-18941 -26740
-18944 -26738
-18947 -26735
-18950 -26733
-18952 -26732
-18954 -26731
-18957 -26729
-18959 -26726
-18960 -26725
-18963 -26723
-18965 -26722
-18967 -26721
-18970 -26719
-18973 -26716
-18976 -26714
-18978 -26713
-18980 -26712
-18983 -26710
-18986 -26707
-18989 -26705
-18991 -26703
-18993 -26702
-18996 -26700
-18999 -26698
-19002 -26696
-19004 -26694
-19006 -26693
-19009 -26691
-19012 -26688
-19015 -26686
-19017 -26685
-19019 -26684
-19022 -26682
-19025 -26679
-19028 -26677
-19030 -26676
-19032 -26675
-19035 -26673
-19038 -26670
-19041 -26668
-19043 -26666
-19045 -26665
-19048 -26663
-19051 -26661
-19054 -26659
-19056 -26657
-19058 -26656
-19061 -26654
-19065 -26651
-19068 -26649
-19070 -26648
-19071 -26647
-19074 -26645
-19078 -26642
-19081 -26640
-19083 -26639
-19084 -26638
-19087 -26636
-19091 -26633
-19094 -26631
-19096 -26629
-19097 -26628
-19100 -26626
-19104 -26624
-19107 -26622
-19108 -26620
-19110 -26619
-19113 -26617
-19117 -26614
-19120 -26612
-19121 -26611
-19123 -26610
-19126 -26608
-19129 -26605
-19132 -26603
-19134 -26602
-19135 -26601
-19138 -26599
-19142 -26596
-19145 -26594
-19147 -26592
-19148 -26591
-19151 -26589
-19155 -26587
-19158 -26585
-19159 -26583
-19161 -26582
-19164 -26580
-19167 -26578
-19169 -26577
-19172 -26575
-19173 -26573
-19175 -26572
-19178 -26570
-19181 -26568
-19184 -26566
-19186 -26564
-19187 -26563
-19190 -26561
-19194 -26558
-19197 -26556
-19199 -26555
-19200 -26554
-19203 -26552
-19207 -26549
-19210 -26547
-19211 -26546
-19213 -26545
-19216 -26543
-19220 -26539
-19223 -26537
-19225 -26536
-19226 -26535
-19229 -26533
-19233 -26530
-19236 -26528
-19237 -26527
-19239 -26526
-19242 -26524
-19246 -26521
-19249 -26519
-19250 -26517
-19252 -26516
-19255 -26514
-19258 -26512
-19261 -26510
-19263 -26508
-19264 -26507
-19267 -26505
-19271 -26502
-19273 -26501
-19276 -26499
-19277 -26498
-19279 -26497
-19282 -26495
-19285 -26492
-19288 -26490
-19290 -26489
-19291 -26488
-19294 -26486
-19298 -26483
-19301 -26481
-19303 -26479
-19304 -26478
-19307 -26476
-19311 -26474
-19314 -26472
-19315 -26470
-19317 -26469
-19320 -26467
-19324 -26464
-19327 -26462
-19329 -26460
-19330 -26459
-19333 -26457
-19337 -26455
-19340 -26453
-19341 -26451
-19343 -26450
-19346 -26448
-19350 -26445
-19353 -26443
-19354 -26442
-19356 -26441
-19359 -26439
-19362 -26436
-19365 -26434
-19367 -26433
-19368 -26432
-19371 -26430
-19374 -26427
-19376 -26426
-19379 -26424
-19380 -26422
-19382 -26421
-19385 -26419
-19388 -26417
-19391 -26415
-19393 -26413
-19394 -26412
-19397 -26410
-19401 -26407
-19404 -26405
-19406 -26404
-19407 -26403
-19410 -26401
-19414 -26398
-19417 -26396
-19418 -26395
-19420 -26394
-19423 -26392
-19427 -26388
-19430 -26386
-19432 -26385
-19433 -26384
-19436 -26382
-19440 -26379
-19443 -26377
-19444 -26376
-19446 -26375
-19449 -26373
-19453 -26370
-19456 -26368
-19457 -26366
-19459 -26365
-19462 -26363
-19465 -26360
-19468 -26358
-19470 -26357
-19471 -26356
-19474 -26354
-19479 -26350
-19482 -26348
-19483 -26347
-19485 -26346
-19488 -26344
-19491 -26341
-19494 -26339
-19496 -26337
-19497 -26336
-19500 -26334
-19504 -26331
-19507 -26329
-19509 -26328
-19510 -26327
-19513 -26325
-19517 -26322
-19520 -26320
-19521 -26318
-19523 -26317
-19526 -26315
-19530 -26312
-19533 -26310
-19534 -26309
-19536 -26308
-19539 -26306
-19542 -26303
-19545 -26301
-19547 -26299
-19548 -26298
-19551 -26296
-19555 -26293
-19558 -26291
-19560 -26290
-19561 -26289
-19564 -26287
-19568 -26284
-19571 -26282
-19572 -26280
-19574 -26279
-19577 -26277
-19580 -26275
-19581 -26274
-19584 -26272
-19586 -26271
-19587 -26270
-19590 -26268
-19594 -26265
-19597 -26263
-19598 -26261
-19600 -26260
-19603 -26258
-19607 -26255
-19610 -26253
-19611 -26252
-19613 -26251
-19616 -26249
-19619 -26246
-19622 -26244
-19624 -26242
-19625 -26241
-19628 -26239
-19632 -26236
-19635 -26234
-19637 -26233
-19638 -26232
-19641 -26230
-19645 -26227
-19648 -26225
-19649 -26223
-19651 -26222
-19654 -26220
-19658 -26217
-19661 -26215
-19662 -26214
-19664 -26213
-19667 -26211
-19670 -26208
-19673 -26206
-19675 -26204
-19676 -26203
-19679 -26201
-19682 -26198
-19684 -26197
-19687 -26195
-19688 -26193
-19690 -26192
-19693 -26190
-19696 -26187
-19699 -26185
-19701 -26184
-19702 -26183
-19705 -26181
-19709 -26178
-19712 -26176
-19714 -26174
-19715 -26173
-19718 -26171
-19722 -26168
-19725 -26166
-19726 -26165
-19728 -26164
-19731 -26162
-19735 -26158
-19738 -26156
-19739 -26155
-19741 -26154
-19744 -26152
-19747 -26149
-19750 -26147
-19752 -26145
-19753 -26144
-19756 -26142
-19760 -26139
-19763 -26137
-19765 -26136
-19766 -26135
-19769 -26133
-19773 -26130
-19776 -26128
-19777 -26126
-19779 -26125
-19782 -26123
-19785 -26121
-19786 -26120
-19789 -26118
-19791 -26116
-19792 -26115
-19795 -26113
-19799 -26110
-19802 -26108
-19803 -26107
-19805 -26106
-19808 -26104
-19811 -26101
-19814 -26099
-19816 -26097
-19817 -26096
-19820 -26094
-19824 -26091
-19827 -26089
-19828 -26088
-19830 -26087
-19833 -26085
-19837 -26081
-19840 -26079
-19841 -26078
-19843 -26077
-19846 -26075
-19849 -26072
-19852 -26070
-19854 -26068
-19855 -26067
-19858 -26065
-19862 -26062
-19865 -26060
-19866 -26059
-19868 -26058
-19871 -26056
-19874 -26053
-19877 -26051
-19879 -26049
-19880 -26048
-19883 -26046
-19888 -26042
-19891 -26040
-19892 -26039
-19894 -26038
-19897 -26036
-19900 -26033
-19903 -26031
-19905 -26029
-19906 -26028
-19909 -26026
-19913 -26023
-19916 -26021
-19917 -26020
-19919 -26019
-19922 -26017
-19925 -26014
-19928 -26012
-19930 -26010
-19931 -26009
-19934 -26007
-19938 -26004
-19941 -26002
-19943 -26000
-19944 -25999
-19947 -25997
-19951 -25994
-19954 -25992
-19955 -25991
-19957 -25990
-19960 -25988
-19963 -25985
-19966 -25983
-19968 -25981
-19969 -25980
-19972 -25978
-19976 -25975
-19979 -25973
-19980 -25972
-19982 -25971
-19985 -25969
-19987 -25966
-19989 -25965
-19992 -25963
-19993 -25961
-19995 -25960
-19998 -25958
-20001 -25955
-20004 -25953
-20006 -25952
-20007 -25951
-20010 -25949
-20014 -25945
-20017 -25943
-20018 -25942
-20020 -25941
-20023 -25939
-20026 -25936
-20029 -25934
-20031 -25932
-20032 -25931
-20035 -25929
-20039 -25926
-20042 -25924
-20044 -25922
-20045 -25921
-20048 -25919
-20052 -25916
-20055 -25914
-20056 -25913
-20058 -25912
-20061 -25910
-20064 -25906
-20067 -25904
-20069 -25903
-20070 -25902
-20073 -25900
-20077 -25897
-20080 -25895
-20081 -25893
-20083 -25892
-20086 -25890
-20089 -25887
-20091 -25886
-20094 -25884
-20095 -25883
-20097 -25882
-20100 -25880
-20103 -25877
-20106 -25875
-20108 -25873
-20109 -25872
-20112 -25870
-20116 -25867
-20119 -25865
-20120 -25863
-20122 -25862
-20125 -25860
-20128 -25857
-20131 -25855
-20133 -25854
-20134 -25853
-20137 -25851
-20141 -25847
-20144 -25845
-20145 -25844
-20147 -25843
-20150 -25841
-20153 -25838
-20156 -25836
-20158 -25834
-20159 -25833
-20162 -25831
-20166 -25828
-20169 -25826
-20170 -25824
-20172 -25823
-20175 -25821
-20178 -25818
-20181 -25816
-20183 -25815
-20184 -25814
-20187 -25812
-20190 -25809
-20191 -25808
-20194 -25806
-20196 -25804
-20197 -25803
-20200 -25801
-20204 -25798
-20207 -25796
-20208 -25795
-20210 -25794
-20213 -25792
-20216 -25788
-20219 -25786
-20221 -25785
-20222 -25784
-20225 -25782
-20229 -25779
-20232 -25777
-20233 -25775
-20235 -25774
-20238 -25772
-20241 -25768
-20244 -25766
-20246 -25765
-20247 -25764
-20250 -25762
-20254 -25759
-20257 -25757
-20258 -25755
-20260 -25754
-20263 -25752
-20266 -25749
-20269 -25747
-20271 -25745
-20272 -25744
-20275 -25742
-20279 -25739
-20282 -25737
-20283 -25736
-20285 -25735
-20288 -25733
-20292 -25728
-20295 -25726
-20296 -25725
-20298 -25724
-20301 -25722
-20304 -25719
-20307 -25717
-20309 -25715
-20310 -25714
-20313 -25712
-20317 -25709
-20320 -25707
-20321 -25705
-20323 -25704
-20326 -25702
-20329 -25699
-20332 -25697
-20334 -25696
-20335 -25695
-20338 -25693
-20342 -25689
-20345 -25687
-20346 -25685
-20348 -25684
-20351 -25682
-20354 -25679
-20357 -25677
-20359 -25676
-20360 -25675
-20363 -25673
-20367 -25669
-20370 -25667
-20371 -25666
-20373 -25665
-20376 -25663
-20379 -25660
-20382 -25658
-20384 -25656
-20385 -25655
-20388 -25653
-20390 -25650
-20392 -25649
-20395 -25647
-20396 -25645
-20398 -25644
-20401 -25642
-20404 -25639
-20407 -25637
-20409 -25636
-20410 -25635
-20413 -25633
-20417 -25629
-20420 -25627
-20421 -25626
-20423 -25625
-20426 -25623
-20429 -25620
-20432 -25618
-20434 -25616
-20435 -25615
-20438 -25613
-20442 -25609
-20445 -25607
-20447 -25606
-20448 -25605
-20451 -25603
-20455 -25600
-20458 -25598
-20459 -25596
-20461 -25595
-20464 -25593
-20467 -25590
-20470 -25588
-20471 -25586
-20473 -25585
-20476 -25583
-20479 -25581
-20482 -25579
-20483 -25577
-20485 -25576
-20488 -25573
-20491 -25571
-20493 -25570
-20496 -25567
-20497 -25566
-20499 -25565
-20502 -25562
-20505 -25560
-20508 -25557
-20509 -25556
-20511 -25555
-20514 -25552
-20517 -25550
-20520 -25547
-20522 -25546
-20523 -25545
-20526 -25542
-20529 -25540
-20532 -25537
-20534 -25536
-20535 -25535
-20538 -25532
-20542 -25530
-20545 -25527
-20547 -25526
-20548 -25525
-20551 -25522
-20554 -25520
-20557 -25517
-20559 -25516
-20560 -25515
-20563 -25512
-20567 -25510
-20570 -25507
-20571 -25506
-20573 -25505
-20576 -25502
-20579 -25500
-20582 -25497
-20583 -25496
-20585 -25495
-20588 -25492
-20591 -25491
-20592 -25490
-20595 -25487
-20597 -25486
-20598 -25485
-20601 -25482
-20604 -25480
-20607 -25477
-20609 -25476
-20610 -25475
-20613 -25472
-20617 -25470
-20620 -25467
-20621 -25466
-20623 -25465
-20626 -25462
-20629 -25460
-20632 -25457
-20633 -25456
-20635 -25455
-20638 -25452
-20642 -25450
-20645 -25447
-20646 -25446
-20648 -25445
-20651 -25442
-20654 -25440
-20657 -25437
-20658 -25436
-20660 -25435
-20663 -25432
-20666 -25430
-20669 -25427
-20671 -25426
-20672 -25425
-20675 -25422
-20678 -25420
-20681 -25417
-20683 -25416
-20684 -25415
-20687 -25412
-20692 -25409
-20695 -25407
-20696 -25405
-20698 -25404
-20701 -25402
-20704 -25399
-20707 -25397
-20708 -25395
-20710 -25394
-20713 -25392
-20716 -25389
-20719 -25387
-20721 -25385
-20722 -25384
-20725 -25382
-20728 -25379
-20731 -25377
-20733 -25375
-20734 -25374
-20737 -25372
-20741 -25369
-20744 -25366
-20746 -25365
-20747 -25364
-20750 -25361
-20753 -25359
-20756 -25356
-20758 -25355
-20759 -25354
-20762 -25351
-20766 -25349
-20769 -25346
-20770 -25345
-20772 -25344
-20775 -25341
-20778 -25339
-20781 -25336
-20782 -25335
-20784 -25334
-20787 -25331
-20789 -25329
-20790 -25328
-20793 -25326
-20795 -25324
-20796 -25323
-20799 -25321
-20802 -25318
-20805 -25316
-20807 -25314
-20808 -25313
-20811 -25311
-20815 -25308
-20818 -25306
-20819 -25304
-20821 -25303
-20824 -25301
-20827 -25298
-20830 -25296
-20831 -25294
-20833 -25293
-20836 -25291
-20839 -25288
-20842 -25285
-20844 -25284
-20845 -25283
-20848 -25280
-20851 -25278
-20854 -25275
-20856 -25274
-20857 -25273
-20860 -25270
-20864 -25268
-20867 -25265
-20868 -25264
-20870 -25263
-20873 -25260
-20876 -25258
-20879 -25255
-20880 -25254
-20882 -25253
-20887 -25249
-20890 -25246
-20891 -25245
-20893 -25244
-20896 -25241
-20899 -25239
-20902 -25236
-20903 -25235
-20905 -25234
-20908 -25231
-20911 -25229
-20914 -25226
-20916 -25225
-20917 -25224
-20920 -25221
-20923 -25219
-20926 -25216
-20928 -25215
-20929 -25214
-20932 -25211
-20936 -25208
-20939 -25206
-20940 -25204
-20942 -25203
-20945 -25201
-20948 -25198
-20951 -25196
-20952 -25194
-20954 -25193
-20957 -25191
-20960 -25188
-20963 -25186
-20965 -25184
-20966 -25183
-20969 -25181
-20972 -25178
-20975 -25176
-20977 -25174
-20978 -25173
-20981 -25171
-20983 -25169
-20985 -25168
-20988 -25165
-20989 -25164
-20991 -25163
-20994 -25160
-20997 -25158
-21000 -25155
-21001 -25154
-21003 -25153
-21006 -25150
-21009 -25147
-21012 -25145
-21014 -25143
-21015 -25142
-21018 -25140
-21021 -25137
-21024 -25135
-21026 -25133
-21027 -25132
-21030 -25130
-21034 -25127
-21037 -25124
-21038 -25123
-21040 -25122
-21043 -25119
-21046 -25117
-21049 -25114
-21050 -25113
-21052 -25112
-21055 -25109
-21058 -25106
-21061 -25104
-21063 -25102
-21064 -25101
-21067 -25099
-21070 -25096
-21073 -25094
-21075 -25092
-21076 -25091
-21079 -25089
-21083 -25085
-21086 -25083
-21088 -25081
-21089 -25080
-21092 -25078
-21095 -25075
-21098 -25073
-21100 -25071
-21101 -25070
-21104 -25068
-21107 -25065
-21110 -25062
-21112 -25061
-21113 -25060
-21116 -25057
-21119 -25055
-21122 -25052
-21124 -25051
-21125 -25050
-21128 -25047
-21132 -25044
-21135 -25042
-21136 -25040
-21138 -25039
-21141 -25037
-21144 -25034
-21147 -25032
-21148 -25030
-21150 -25029
-21153 -25027
-21156 -25024
-21159 -25021
-21160 -25020
-21162 -25019
-21165 -25016
-21168 -25014
-21171 -25011
-21172 -25010
-21174 -25009
-21177 -25006
-21179 -25004
-21181 -25003
-21184 -25000
-21185 -24999
-21187 -24998
-21190 -24995
-21193 -24993
-21196 -24990
-21197 -24989
-21199 -24988
-21202 -24985
-21205 -24982
-21208 -24980
-21209 -24978
-21211 -24977
-21214 -24975
-21217 -24972
-21220 -24970
-21221 -24968
-21223 -24967
-21226 -24965
-21229 -24962
-21232 -24959
-21234 -24958
-21235 -24957
-21238 -24954
-21241 -24952
-21244 -24949
-21246 -24948
-21247 -24947
-21250 -24944
-21253 -24941
-21256 -24939
-21258 -24937
-21259 -24936
-21262 -24934
-21265 -24931
-21268 -24929
-21270 -24927
-21271 -24926
-21274 -24924
-21277 -24921
-21278 -24920
-21281 -24917
-21283 -24916
-21284 -24915
-21287 -24912
-21290 -24910
-21293 -24907
-21295 -24906
-21296 -24905
-21299 -24902
-21302 -24899
-21305 -24897
-21307 -24895
-21308 -24894
-21311 -24892
-21314 -24889
-21317 -24887
-21319 -24885
-21320 -24884
-21323 -24882
-21327 -24878
-21330 -24876
-21331 -24874
-21333 -24873
-21336 -24871
-21339 -24868
-21342 -24866
-21343 -24864
-21345 -24863
-21348 -24861
-21351 -24858
-21354 -24855
-21355 -24854
-21357 -24853
-21360 -24850
-21363 -24848
-21366 -24845
-21367 -24844
-21369 -24843
-21372 -24840
-21374 -24838
-21375 -24837
-21378 -24834
-21380 -24833
-21381 -24832
-21384 -24829
-21387 -24827
-21390 -24824
-21392 -24823
-21393 -24822
-21396 -24819
-21399 -24816
-21402 -24814
-21404 -24812
-21405 -24811
-21408 -24809
-21411 -24806
-21414 -24804
-21416 -24802
-21417 -24801
-21420 -24799
-21423 -24795
-21426 -24793
-21428 -24791
-21429 -24790
-21432 -24788
-21435 -24785
-21438 -24783
-21440 -24781
-21441 -24780
-21444 -24778
-21447 -24775
-21450 -24772
-21452 -24771
-21453 -24770
-21456 -24767
-21459 -24765
-21462 -24762
-21464 -24761
-21465 -24760
-21468 -24757
-21472 -24753
-21475 -24750
-21476 -24749
-21478 -24748
-21481 -24745
-21484 -24743
-21487 -24740
-21488 -24739
-21490 -24738
-21493 -24735
-21496 -24733
-21499 -24730
-21500 -24729
-21502 -24728
-21505 -24725
-21508 -24722
-21511 -24720
-21512 -24718
-21514 -24717
-21517 -24715
-21520 -24711
-21523 -24709
-21524 -24707
-21526 -24706
-21529 -24704
-21532 -24701
-21535 -24698
-21536 -24697
-21538 -24696
-21541 -24693
-21544 -24690
-21547 -24688
-21548 -24686
-21550 -24685
-21553 -24683
-21556 -24680
-21559 -24677
-21560 -24676
-21562 -24675
-21565 -24672
-21566 -24670
-21568 -24669
-21571 -24667
-21572 -24665
-21574 -24664
-21577 -24662
-21580 -24659
-21583 -24656
-21584 -24655
-21586 -24654
-21589 -24651
-21592 -24648
-21595 -24646
-21596 -24644
-21598 -24643
-21601 -24641
-21604 -24638
-21607 -24635
-21608 -24634
-21610 -24633
-21613 -24630
-21616 -24627
-21619 -24625
-21620 -24623
-21622 -24622
-21625 -24620
-21628 -24617
-21631 -24614
-21632 -24613
-21634 -24612
-21637 -24609
-21640 -24606
-21643 -24604
-21644 -24602
-21646 -24601
-21649 -24599
-21652 -24596
-21655 -24593
-21656 -24592
-21658 -24591
-21661 -24588
-21664 -24585
-21665 -24584
-21668 -24582
-21670 -24580
-21671 -24579
-21674 -24577
-21677 -24574
-21680 -24571
-21682 -24570
-21683 -24569
-21685 -24566
-21689 -24563
-21692 -24561
-21694 -24559
-21695 -24558
-21697 -24556
-21701 -24553
-21703 -24550
-21705 -24549
-21706 -24548
-21709 -24545
-21713 -24542
-21716 -24540
-21718 -24538
-21719 -24537
-21721 -24535
-21725 -24532
-21727 -24529
-21729 -24528
-21730 -24527
-21733 -24524
-21737 -24521
-21739 -24519
-21741 -24517
-21742 -24516
-21745 -24514
-21748 -24511
-21751 -24508
-21753 -24507
-21754 -24506
-21756 -24503
-21760 -24501
-21761 -24500
-21764 -24497
-21766 -24496
-21767 -24495
-21769 -24492
-21773 -24489
-21775 -24487
-21777 -24485
-21778 -24484
-21781 -24482
-21785 -24479
-21787 -24476
-21789 -24475
-21790 -24474
-21793 -24471
-21796 -24468
-21799 -24466
-21801 -24464
-21802 -24463
-21804 -24461
-21809 -24457
-21811 -24455
-21813 -24453
-21814 -24452
-21817 -24450
-21820 -24447
-21823 -24444
-21825 -24443
-21826 -24442
-21828 -24439
-21832 -24436
-21835 -24434
-21837 -24432
-21838 -24431
-21840 -24429
-21844 -24426
-21846 -24423
-21848 -24422
-21849 -24421
-21852 -24418
-21856 -24414
-21859 -24412
-21861 -24410
-21862 -24409
-21864 -24407
-21868 -24404
-21870 -24401
-21872 -24400
-21873 -24399
-21876 -24396
-21880 -24393
-21882 -24391
-21884 -24389
-21885 -24388
-21888 -24386
-21891 -24383
-21894 -24380
-21896 -24379
-21897 -24378
-21899 -24375
-21904 -24372
-21906 -24369
-21908 -24368
-21909 -24367
-21912 -24364
-21915 -24361
-21918 -24359
-21920 -24357
-21921 -24356
-21923 -24354
-21927 -24351
-21930 -24348
-21932 -24347
-21933 -24346
-21935 -24343
-21939 -24340
-21941 -24338
-21943 -24336
-21944 -24335
-21947 -24333
-21951 -24330
-21952 -24329
-21954 -24326
-21956 -24325
-21957 -24324
-21960 -24321
-21963 -24318
-21966 -24316
-21968 -24314
-21969 -24313
-21971 -24311
-21975 -24308
-21978 -24305
-21980 -24304
-21981 -24303
-21983 -24300
-21987 -24297
-21989 -24295
-21991 -24293
-21992 -24292
-21995 -24290
-21999 -24287
-22001 -24284
-22003 -24283
-22004 -24282
-22007 -24279
-22010 -24276
-22013 -24274
-22015 -24272
-22016 -24271
-22018 -24269
-22022 -24265
-22025 -24263
-22027 -24261
-22028 -24260
-22030 -24258
-22034 -24255
-22036 -24252
-22038 -24251
-22039 -24250
-22042 -24247
-22045 -24244
-22046 -24243
-22049 -24241
-22051 -24239
-22052 -24238
-22054 -24236
-22058 -24233
-22060 -24230
-22062 -24229
-22063 -24228
-22066 -24225
-22070 -24222
-22072 -24219
-22074 -24218
-22075 -24217
-22078 -24214
-22081 -24211
-22084 -24209
-22086 -24207
-22087 -24206
-22089 -24204
-22093 -24200
-22096 -24198
-22098 -24196
-22099 -24195
-22101 -24193
-22105 -24190
-22107 -24187
-22109 -24186
-22110 -24185
-22113 -24182
-22117 -24179
-22119 -24176
-22121 -24175
-22122 -24174
-22125 -24171
-22128 -24168
-22131 -24166
-22133 -24164
-22134 -24163
-22136 -24161
-22139 -24158
-22140 -24157
-22143 -24155
-22145 -24153
-22146 -24152
-22148 -24150
-22152 -24147
-22154 -24144
-22156 -24143
-22157 -24142
-22160 -24139
-22164 -24136
-22166 -24133
-22168 -24132
-22169 -24131
-22172 -24128
-22175 -24125
-22178 -24123
-22180 -24121
-22181 -24120
-22183 -24118
-22187 -24114
-22190 -24112
-22192 -24110
-22193 -24109
-22195 -24107
-22199 -24104
-22201 -24101
-22203 -24100
-22204 -24099
-22207 -24096
-22211 -24093
-22213 -24090
-22215 -24089
-22216 -24088
-22219 -24085
-22222 -24082
-22225 -24080
-22227 -24078
-22228 -24077
-22230 -24075
-22235 -24070
-22238 -24068
-22240 -24066
-22241 -24065
-22243 -24063
-22247 -24060
-22249 -24057
-22251 -24056
-22252 -24055
-22255 -24052
-22258 -24049
-22261 -24046
-22263 -24045
-22264 -24044
-22266 -24041
-22270 -24038
-22272 -24036
-22274 -24034
-22275 -24033
-22278 -24031
-22282 -24027
-22284 -24024
-22286 -24023
-22287 -24022
-22290 -24019
-22293 -24016
-22296 -24014
-22298 -24012
-22299 -24011
-22301 -24009
-22305 -24005
-22307 -24003
-22309 -24001
-22310 -24000
-22313 -23998
-22316 -23995
-22319 -23992
-22321 -23991
-22322 -23990
-22324 -23987
-22328 -23984
-22329 -23983
-22331 -23981
-22333 -23979
-22334 -23978
-22337 -23976
-22340 -23973
-22343 -23970
-22345 -23969
-22346 -23968
-22348 -23965
-22352 -23962
-22354 -23959
-22356 -23958
-22357 -23957
-22360 -23954
-22363 -23951
-22366 -23949
-22368 -23947
-22369 -23946
-22371 -23944
-22375 -23940
-22378 -23937
-22380 -23936
-22381 -23935
-22383 -23932
-22387 -23929
-22389 -23927
-22391 -23925
-22392 -23924
-22395 -23922
-22398 -23918
-22401 -23916
-22403 -23914
-22404 -23913
-22406 -23911
-22410 -23908
-22412 -23905
-22414 -23904
-22415 -23903
-22418 -23900
-22421 -23896
-22422 -23895
-22425 -23893
-22427 -23891
-22428 -23890
-22430 -23888
-22434 -23885
-22436 -23882
-22438 -23881
-22439 -23880
-22442 -23877
-22445 -23874
-22448 -23871
-22450 -23870
-22451 -23869
-22453 -23866
-22457 -23863
-22459 -23861
-22461 -23859
-22462 -23858
-22465 -23856
-22469 -23852
-22471 -23849
-22473 -23848
-22474 -23847
-22477 -23844
-22480 -23841
-22483 -23839
-22485 -23837
-22486 -23836
-22488 -23834
-22492 -23830
-22494 -23828
-22496 -23826
-22497 -23825
-22500 -23823
-22503 -23820
-22506 -23817
-22508 -23816
-22509 -23815
-22511 -23812
-22515 -23809
-22516 -23808
-22518 -23806
-22520 -23804
-22521 -23803
-22524 -23801
-22527 -23798
-22530 -23796
-22532 -23794
-22533 -23793
-22535 -23790
-22539 -23787
-22541 -23784
-22543 -23782
-22544 -23781
-22547 -23779
-22550 -23776
-22553 -23773
-22555 -23771
-22556 -23770
-22558 -23768
-22562 -23765
-22564 -23762
-22566 -23760
-22567 -23759
-22570 -23757
-22573 -23754
-22576 -23751
-22578 -23749
-22579 -23748
-22581 -23746
-22585 -23743
-22587 -23740
-22589 -23738
-22590 -23737
-22593 -23735
-22596 -23732
-22599 -23729
-22601 -23727
-22602 -23726
-22604 -23724
-22608 -23720
-22611 -23718
-22613 -23716
-22614 -23715
-22616 -23712
-22620 -23709
-22622 -23707
-22624 -23705
-22625 -23704
-22628 -23701
-22631 -23698
-22634 -23696
-22636 -23694
-22637 -23693
-22639 -23690
-22643 -23687
-22645 -23685
-22647 -23683
-22648 -23682
-22651 -23679
-22654 -23676
-22657 -23674
-22659 -23672
-22660 -23671
-22662 -23668
-22666 -23665
-22668 -23663
-22670 -23661
-22671 -23660
-22674 -23657
-22677 -23654
-22680 -23652
-22682 -23650
-22683 -23649
-22685 -23646
-22689 -23643
-22691 -23641
-22693 -23639
-22694 -23638
-22697 -23635
-22699 -23633
-22700 -23632
-22703 -23629
-22705 -23627
-22706 -23626
-22708 -23624
-22712 -23621
-22714 -23618
-22716 -23616
-22717 -23615
-22720 -23613
-22723 -23610
-22726 -23607
-22728 -23605
-22729 -23604
-22731 -23602
-22735 -23599
-22737 -23596
-22739 -23594
-22740 -23593
-22743 -23591
-22746 -23588
-22749 -23585
-22751 -23583
-22752 -23582
-22754 -23580
-22758 -23577
-22760 -23574
-22762 -23572
-22763 -23571
-22766 -23569
-22769 -23566
-22772 -23563
-22774 -23561
-22775 -23560
-22777 -23558
-22781 -23555
-22783 -23552
-22785 -23550
-22786 -23549
-22789 -23547
-22792 -23544
-22793 -23543
-22795 -23540
-22797 -23538
-22798 -23537
-22801 -23535
-22804 -23532
-22806 -23529
-22808 -23527
-22809 -23526
-22812 -23524
-22815 -23521
-22818 -23518
-22820 -23516
-22821 -23515
-22823 -23513
-22826 -23510
-22829 -23507
-22831 -23505
-22832 -23504
-22834 -23502
-22838 -23498
-22841 -23496
-22843 -23494
-22844 -23493
-22846 -23490
-22849 -23487
-22852 -23485
-22854 -23483
-22855 -23482
-22857 -23479
-22861 -23476
-22863 -23474
-22865 -23472
-22866 -23471
-22869 -23468
-22872 -23465
-22874 -23463
-22876 -23461
-22877 -23460
-22880 -23457
-22883 -23455
-22884 -23454
-22887 -23451
-22889 -23449
-22890 -23448
-22892 -23446
-22895 -23443
-22898 -23440
-22900 -23438
-22901 -23437
-22903 -23435
-22907 -23432
-22909 -23429
-22911 -23427
-22912 -23426
-22915 -23424
-22918 -23421
-22920 -23418
-22922 -23416
-22923 -23415
-22926 -23413
-22930 -23409
-22932 -23407
-22934 -23405
-22935 -23404
-22938 -23401
-22941 -23398
-22943 -23396
-22945 -23394
-22946 -23393
-22949 -23390
-22952 -23387
-22955 -23385
-22957 -23383
-22958 -23382
-22960 -23379
-22963 -23376
-22966 -23374
-22968 -23372
-22969 -23371
-22971 -23368
-22976 -23364
-22978 -23362
-22980 -23360
-22981 -23359
-22984 -23356
-22987 -23353
-22989 -23351
-22991 -23349
-22992 -23348
-22995 -23345
-22998 -23342
-23001 -23340
-23003 -23338
-23004 -23337
-23006 -23334
-23009 -23331
-23012 -23329
-23014 -23327
-23015 -23326
-23017 -23323
-23021 -23320
-23024 -23317
-23026 -23315
-23027 -23314
-23029 -23312
-23032 -23309
-23035 -23306
-23037 -23304
-23038 -23303
-23040 -23301
-23044 -23297
-23046 -23295
-23048 -23293
-23049 -23292
-23052 -23289
-23055 -23286
-23057 -23284
-23059 -23282
-23060 -23281
-23063 -23278
-23066 -23276
-23067 -23275
-23069 -23272
-23071 -23270
-23072 -23269
-23075 -23267
-23078 -23264
-23080 -23261
-23082 -23259
-23083 -23258
-23086 -23256
-23089 -23252
-23092 -23250
-23094 -23248
-23095 -23247
-23097 -23244
-23100 -23241
-23103 -23239
-23105 -23237
-23106 -23236
-23108 -23233
-23112 -23230
-23114 -23227
-23116 -23225
-23117 -23224
-23120 -23222
-23123 -23219
-23125 -23216
-23127 -23214
-23128 -23213
-23131 -23211
-23134 -23207
-23137 -23205
-23139 -23203
-23140 -23202
-23142 -23199
-23145 -23196
-23148 -23194
-23150 -23192
-23151 -23191
-23153 -23188
-23156 -23185
-23157 -23184
-23160 -23181
-23162 -23179
-23163 -23178
-23165 -23176
-23168 -23173
-23171 -23170
-23173 -23168
-23176 -23165
-23179 -23162
-23181 -23160
-23182 -23159
-23184 -23157
-23188 -23154
-23189 -23153
-23191 -23150
-23193 -23148
-23194 -23147
-23197 -23145
-23200 -23142
-23202 -23139
-23204 -23137
-23205 -23136
-23208 -23134
-23211 -23130
-23214 -23128
-23216 -23126
-23217 -23125
-23219 -23122
-23222 -23119
-23225 -23117
-23227 -23115
-23228 -23114
-23230 -23111
-23234 -23108
-23236 -23105
-23238 -23103
-23239 -23102
-23242 -23100
-23245 -23097
-23247 -23094
-23249 -23092
-23250 -23091
-23253 -23089
-23256 -23085
-23259 -23083
-23261 -23081
-23262 -23080
-23264 -23077
-23267 -23074
-23270 -23072
-23272 -23070
-23273 -23069
-23275 -23066
-23278 -23063
-23279 -23062
-23281 -23060
-23283 -23058
-23284 -23057
-23287 -23054
-23290 -23051
-23292 -23049
-23294 -23047
-23295 -23046
-23298 -23043
-23301 -23040
-23304 -23037
-23306 -23035
-23307 -23034
-23309 -23032
-23312 -23029
-23315 -23026
-23317 -23024
-23318 -23023
-23320 -23021
-23324 -23017
-23326 -23014
-23328 -23012
-23329 -23011
-23332 -23009
-23335 -23006
-23337 -23003
-23339 -23001
-23340 -23000
-23343 -22998
-23346 -22994
-23348 -22992
-23350 -22990
-23351 -22989
-23354 -22986
-23357 -22983
-23359 -22981
-23361 -22979
-23362 -22978
-23365 -22975
-23369 -22971
-23371 -22968
-23373 -22966
-23374 -22965
-23377 -22963
-23380 -22960
-23382 -22957
-23384 -22955
-23385 -22954
-23388 -22952
-23391 -22948
-23393 -22946
-23395 -22944
-23396 -22943
-23399 -22940
-23402 -22937
-23404 -22935
-23406 -22933
-23407 -22932
-23410 -22929
-23413 -22925
-23416 -22923
-23418 -22921
-23419 -22920
-23421 -22917
-23424 -22914
-23427 -22912
-23429 -22910
-23430 -22909
-23432 -22906
-23435 -22903
-23438 -22900
-23440 -22898
-23441 -22897
-23443 -22895
-23446 -22892
-23449 -22889
-23451 -22887
-23452 -22886
-23454 -22884
-23457 -22880
-23458 -22879
-23460 -22877
-23462 -22875
-23463 -22874
-23466 -22871
-23469 -22868
-23471 -22866
-23473 -22864
-23474 -22863
-23477 -22860
-23480 -22857
-23482 -22854
-23484 -22852
-23485 -22851
-23488 -22849
-23491 -22846
-23493 -22843
-23495 -22841
-23496 -22840
-23499 -22838
-23502 -22834
-23505 -22831
-23507 -22829
-23508 -22828
-23510 -22826
-23513 -22823
-23516 -22820
-23518 -22818
-23519 -22817
-23521 -22815
-23524 -22811
-23527 -22809
-23529 -22807
-23530 -22806
-23532 -22803
-23535 -22800
-23538 -22798
-23540 -22796
-23541 -22795
-23543 -22792
-23546 -22789
-23547 -22788
-23550 -22786
-23552 -22784
-23553 -22783
-23555 -22780
-23558 -22777
-23561 -22774
-23563 -22772
-23564 -22771
-23566 -22769
-23569 -22765
-23572 -22763
-23574 -22761
-23575 -22760
-23577 -22757
-23580 -22754
-23583 -22751
-23585 -22749
-23586 -22748
-23588 -22746
-23591 -22742
-23594 -22740
-23596 -22738
-23597 -22737
-23599 -22734
-23602 -22731
-23605 -22728
-23607 -22726
-23608 -22725
-23610 -22723
-23613 -22719
-23616 -22717
-23618 -22715
-23619 -22714
-23621 -22711
-23624 -22708
-23627 -22705
-23629 -22703
-23630 -22702
-23632 -22700
-23635 -22697
-23636 -22696
-23638 -22694
-23640 -22692
-23641 -22691
-23644 -22688
-23647 -22685
-23649 -22682
-23651 -22680
-23652 -22679
-23655 -22677
-23658 -22673
-23660 -22671
-23662 -22669
-23663 -22668
-23666 -22665
-23669 -22662
-23671 -22659
-23673 -22657
-23674 -22656
-23677 -22654
-23680 -22650
-23682 -22648
-23684 -22646
-23685 -22645
-23688 -22642
-23691 -22639
-23693 -22636
-23695 -22634
-23696 -22633
-23699 -22631
-23702 -22627
-23704 -22625
-23706 -22623
-23707 -22622
-23710 -22619
-23713 -22616
-23715 -22613
-23717 -22611
-23718 -22610
-23721 -22608
-23724 -22604
-23727 -22601
-23729 -22599
-23730 -22598
-23732 -22596
-23735 -22592
-23738 -22590
-23740 -22588
-23741 -22587
-23743 -22584
-23746 -22581
-23749 -22578
-23751 -22576
-23752 -22575
-23754 -22573
-23757 -22569
-23760 -22567
-23762 -22565
-23763 -22564
-23765 -22561
-23768 -22558
-23771 -22555
-23773 -22553
-23774 -22552
-23776 -22550
-23779 -22546
-23782 -22544
-23784 -22542
-23785 -22541
-23787 -22538
-23791 -22535
-23793 -22532
-23795 -22530
-23796 -22529
-23799 -22527
-23801 -22523
-23804 -22521
-23805 -22519
-23806 -22518
-23809 -22515
-23812 -22512
-23813 -22511
-23815 -22508
-23817 -22506
-23818 -22505
-23820 -22503
-23823 -22499
-23826 -22497
-23827 -22495
-23828 -22494
-23831 -22491
-23834 -22488
-23837 -22485
-23838 -22483
-23839 -22482
-23842 -22480
-23845 -22476
-23847 -22474
-23849 -22472
-23850 -22471
-23852 -22468
-23856 -22464
-23859 -22462
-23860 -22460
-23861 -22459
-23864 -22456
-23867 -22453
-23869 -22450
-23871 -22448
-23872 -22447
-23874 -22445
-23878 -22441
-23880 -22439
-23882 -22437
-23883 -22436
-23885 -22433
-23888 -22430
-23891 -22427
-23892 -22425
-23893 -22424
-23896 -22422
-23900 -22418
-23901 -22417
-23903 -22415
-23905 -22413
-23906 -22412
-23908 -22409
-23911 -22406
-23914 -22403
-23915 -22401
-23916 -22400
-23919 -22398
-23922 -22394
-23925 -22392
-23926 -22390
-23927 -22389
-23930 -22386
-23933 -22383
-23935 -22380
-23937 -22378
-23938 -22377
-23940 -22375
-23944 -22371
-23947 -22368
-23948 -22366
-23949 -22365
-23952 -22363
-23955 -22359
-23957 -22357
-23959 -22355
-23960 -22354
-23962 -22351
-23966 -22348
-23968 -22345
-23970 -22343
-23971 -22342
-23973 -22340
-23976 -22336
-23979 -22334
-23980 -22332
-23981 -22331
-23984 -22328
-23987 -22325
-23988 -22324
-23990 -22321
-23992 -22319
-23993 -22318
-23995 -22316
-23998 -22312
-24001 -22310
-24002 -22308
-24003 -22307
-24006 -22304
-24009 -22301
-24012 -22298
-24013 -22296
-24014 -22295
-24017 -22293
-24020 -22289
-24022 -22287
-24024 -22285
-24025 -22284
-24027 -22281
-24031 -22277
-24034 -22275
-24035 -22273
-24036 -22272
-24039 -22269
-24042 -22266
-24044 -22263
-24046 -22261
-24047 -22260
-24049 -22258
-24053 -22254
-24055 -22252
-24057 -22250
-24058 -22249
-24060 -22246
-24063 -22243
-24066 -22240
-24067 -22238
-24068 -22237
-24071 -22235
-24075 -22230
-24078 -22227
-24079 -22225
-24080 -22224
-24083 -22222
-24086 -22218
-24088 -22216
-24090 -22214
-24091 -22213
-24093 -22210
-24097 -22206
-24099 -22204
-24101 -22202
-24102 -22201
-24104 -22198
-24107 -22195
-24110 -22192
-24111 -22190
-24112 -22189
-24115 -22187
-24118 -22183
-24121 -22180
-24122 -22178
-24123 -22177
-24126 -22175
-24129 -22171
-24131 -22169
-24133 -22167
-24134 -22166
-24136 -22163
-24140 -22159
-24142 -22157
-24144 -22155
-24145 -22154
-24147 -22151
-24150 -22148
-24153 -22145
-24154 -22143
-24155 -22142
-24158 -22140
-24160 -22137
-24161 -22136
-24164 -22133
-24165 -22131
-24166 -22130
-24169 -22128
-24172 -22124
-24174 -22122
-24176 -22120
-24177 -22119
-24179 -22116
-24183 -22112
-24185 -22110
-24187 -22108
-24188 -22107
-24190 -22104
-24193 -22101
-24196 -22098
-24197 -22096
-24198 -22095
-24201 -22093
-24204 -22089
-24207 -22086
-24208 -22084
-24209 -22083
-24212 -22081
-24215 -22077
-24217 -22075
-24219 -22073
-24220 -22072
-24222 -22069
-24226 -22065
-24228 -22063
-24230 -22061
-24231 -22060
-24233 -22057
-24236 -22054
-24239 -22051
-24240 -22049
-24241 -22048
-24244 -22046
-24247 -22042
-24248 -22041
-24250 -22039
-24252 -22037
-24253 -22036
-24255 -22033
-24258 -22030
-24261 -22027
-24262 -22025
-24263 -22024
-24266 -22022
-24269 -22018
-24272 -22015
-24273 -22013
-24274 -22012
-24277 -22010
-24280 -22006
-24282 -22004
-24284 -22002
-24285 -22001
-24287 -21998
-24290 -21994
-24293 -21992
-24294 -21990
-24295 -21989
-24298 -21986
-24301 -21983
-24303 -21980
-24305 -21978
-24306 -21977
-24308 -21975
-24311 -21971
-24314 -21968
-24315 -21966
-24316 -21965
-24319 -21963
-24322 -21959
-24324 -21957
-24326 -21955
-24327 -21954
-24329 -21951
-24332 -21947
-24333 -21946
-24336 -21944
-24337 -21942
-24338 -21941
-24341 -21938
-24344 -21935
-24346 -21932
-24348 -21930
-24349 -21929
-24351 -21927
-24354 -21923
-24357 -21920
-24358 -21918
-24359 -21917
-24362 -21915
-24365 -21911
-24367 -21909
-24369 -21907
-24370 -21906
-24372 -21903
-24376 -21899
-24378 -21896
-24380 -21894
-24381 -21893
-24383 -21891
-24386 -21887
-24389 -21885
-24390 -21883
-24391 -21882
-24394 -21879
-24397 -21875
-24399 -21873
-24401 -21871
-24402 -21870
-24404 -21867
-24407 -21864
-24410 -21861
-24411 -21859
-24412 -21858
-24415 -21856
-24419 -21851
-24421 -21849
-24423 -21847
-24424 -21846
-24426 -21843
-24429 -21840
-24432 -21837
-24433 -21835
-24434 -21834
-24437 -21832
-24440 -21828
-24442 -21825
-24444 -21823
-24445 -21822
-24447 -21820
-24450 -21816
-24453 -21814
-24454 -21812
-24455 -21811
-24458 -21808
-24461 -21804
-24464 -21801
-24465 -21799
-24466 -21798
-24469 -21796
-24472 -21792
-24474 -21790
-24476 -21788
-24477 -21787
-24479 -21784
-24482 -21780
-24485 -21778
-24486 -21776
-24487 -21775
-24490 -21772
-24493 -21769
-24495 -21766
-24497 -21764
-24498 -21763
-24500 -21761
-24503 -21757
-24504 -21756
-24506 -21753
-24508 -21751
-24509 -21750
-24511 -21748
-24514 -21744
-24517 -21742
-24518 -21740
-24519 -21739
-24522 -21736
-24525 -21732
-24527 -21730
-24529 -21728
-24530 -21727
-24532 -21724
-24535 -21721
-24538 -21718
-24539 -21716
-24540 -21715
-24543 -21713
-24546 -21708
-24548 -21706
-24550 -21704
-24551 -21703
-24553 -21700
-24556 -21697
-24559 -21694
-24560 -21692
-24561 -21691
-24564 -21689
-24567 -21685
-24569 -21682
-24571 -21680
-24572 -21679
-24574 -21677
-24577 -21673
-24580 -21670
-24581 -21669
-24582 -21667
-24585 -21664
-24588 -21661
-24589 -21660
-24591 -21657
-24593 -21655
-24594 -21654
-24596 -21651
-24599 -21648
-24602 -21645
-24603 -21643
-24604 -21642
-24607 -21639
-24610 -21636
-24612 -21633
-24614 -21631
-24615 -21630
-24617 -21627
-24620 -21624
-24623 -21621
-24624 -21619
-24625 -21618
-24628 -21615
-24631 -21612
-24633 -21609
-24635 -21607
-24636 -21606
-24638 -21603
-24641 -21600
-24644 -21597
-24645 -21595
-24646 -21594
-24649 -21591
-24652 -21588
-24654 -21585
-24656 -21583
-24657 -21582
-24659 -21579
-24662 -21576
-24665 -21573
-24666 -21571
-24667 -21570
-24670 -21567
-24672 -21565
-24673 -21564
-24675 -21561
-24677 -21559
-24678 -21558
-24680 -21555
-24683 -21552
-24686 -21549
-24687 -21547
-24688 -21546
-24691 -21543
-24694 -21540
-24696 -21537
-24698 -21535
-24699 -21534
-24701 -21531
-24704 -21528
-24707 -21525
-24708 -21523
-24709 -21522
-24712 -21519
-24715 -21516
-24718 -21513
-24719 -21511
-24720 -21510
-24723 -21507
-24726 -21504
-24728 -21501
-24730 -21499
-24731 -21498
-24733 -21495
-24736 -21492
-24738 -21489
-24740 -21487
-24741 -21486
-24743 -21483
-24746 -21480
-24748 -21477
-24750 -21475
-24751 -21474
-24753 -21471
-24758 -21467
-24760 -21464
-24762 -21463
-24763 -21461
-24765 -21458
-24768 -21455
-24770 -21452
-24772 -21451
-24773 -21449
-24775 -21446
-24778 -21443
-24781 -21440
-24782 -21439
-24783 -21437
-24786 -21434
-24788 -21431
-24791 -21428
-24792 -21427
-24793 -21425
-24796 -21422
-24799 -21419
-24802 -21416
-24803 -21415
-24804 -21413
-24807 -21410
-24809 -21407
-24812 -21404
-24813 -21403
-24814 -21401
-24817 -21398
-24820 -21395
-24822 -21392
-24824 -21391
-24825 -21389
-24827 -21386
-24830 -21383
-24832 -21380
-24834 -21379
-24835 -21377
-24837 -21374
-24840 -21372
-24841 -21371
-24843 -21368
-24845 -21366
-24846 -21365
-24848 -21362
-24851 -21359
-24853 -21356
-24855 -21354
-24856 -21353
-24858 -21350
-24861 -21347
-24864 -21344
-24865 -21342
-24866 -21341
-24869 -21338
-24871 -21335
-24874 -21332
-24875 -21330
-24876 -21329
-24879 -21326
-24882 -21322
-24885 -21319
-24886 -21318
-24887 -21316
-24890 -21313
-24892 -21310
-24895 -21307
-24896 -21306
-24897 -21304
-24900 -21301
-24903 -21298
-24905 -21295
-24907 -21294
-24908 -21292
-24910 -21289
-24913 -21286
-24915 -21283
-24917 -21282
-24918 -21280
-24920 -21277
-24923 -21275
-24924 -21273
-24927 -21270
-24928 -21269
-24929 -21267
-24932 -21264
-24934 -21261
-24937 -21258
-24938 -21257
-24939 -21255
-24942 -21252
-24945 -21249
-24947 -21246
-24949 -21245
-24950 -21243
-24952 -21240
-24955 -21237
-24957 -21234
-24959 -21233
-24960 -21231
-24962 -21228
-24965 -21225
-24968 -21222
-24969 -21220
-24970 -21219
-24973 -21216
-24975 -21213
-24978 -21210
-24979 -21208
-24980 -21207
-24983 -21204
-24986 -21201
-24988 -21198
-24990 -21196
-24991 -21195
-24993 -21192
-24996 -21189
-24998 -21186
-25000 -21184
-25001 -21183
-25003 -21180
-25006 -21177
-25007 -21176
-25009 -21173
-25011 -21171
-25012 -21170
-25014 -21167
-25017 -21164
-25019 -21161
-25021 -21159
-25022 -21158
-25024 -21155
-25027 -21152
-25030 -21149
-25031 -21147
-25032 -21146
-25035 -21143
-25037 -21140
-25040 -21137
-25041 -21135
-25042 -21134
-25045 -21131
-25048 -21127
-25050 -21124
-25052 -21123
-25053 -21121
-25055 -21118
-25058 -21115
-25060 -21112
-25062 -21111
-25063 -21109
-25065 -21106
-25068 -21103
-25071 -21100
-25072 -21099
-25073 -21097
-25076 -21094
-25078 -21091
-25081 -21088
-25082 -21087
-25083 -21085
-25086 -21082
-25089 -21078
-25092 -21075
-25093 -21074
-25094 -21072
-25097 -21069
-25099 -21066
-25102 -21063
-25103 -21062
-25104 -21060
-25107 -21057
-25110 -21054
-25112 -21051
-25114 -21049
-25115 -21048
-25117 -21045
-25120 -21042
-25122 -21039
-25124 -21037
-25125 -21036
-25127 -21033
-25130 -21029
-25133 -21026
-25134 -21025
-25135 -21023
-25138 -21020
-25140 -21017
-25143 -21014
-25144 -21013
-25145 -21011
-25148 -21008
-25151 -21005
-25153 -21002
-25155 -21000
-25156 -20999
-25158 -20996
-25161 -20993
-25163 -20990
-25165 -20988
-25166 -20987
-25168 -20984
-25170 -20982
-25171 -20980
-25174 -20977
-25175 -20976
-25176 -20974
-25179 -20971
-25181 -20968
-25184 -20965
-25185 -20964
-25186 -20962
-25189 -20959
-25191 -20956
-25194 -20953
-25195 -20951
-25196 -20950
-25199 -20947
-25201 -20944
-25204 -20941
-25205 -20939
-25206 -20938
-25209 -20935
-25212 -20931
-25214 -20928
-25216 -20927
-25217 -20925
-25219 -20922
-25222 -20919
-25224 -20916
-25226 -20915
-25227 -20913
-25229 -20910
-25232 -20907
-25234 -20904
-25236 -20902
-25237 -20901
-25239 -20898
-25242 -20895
-25244 -20892
-25246 -20890
-25247 -20889
-25251 -20884
-25253 -20881
-25255 -20879
-25256 -20878
-25258 -20875
-25261 -20872
-25263 -20869
-25265 -20867
-25266 -20866
-25268 -20863
-25271 -20859
-25273 -20856
-25275 -20855
-25276 -20853
-25278 -20850
-25281 -20847
-25283 -20844
-25285 -20843
-25286 -20841
-25288 -20838
-25291 -20835
-25294 -20832
-25295 -20830
-25296 -20829
-25299 -20826
-25301 -20823
-25304 -20820
-25305 -20818
-25306 -20817
-25309 -20814
-25311 -20810
-25314 -20807
-25315 -20806
-25316 -20804
-25319 -20801
-25321 -20798
-25324 -20795
-25325 -20794
-25326 -20792
-25329 -20789
-25331 -20787
-25332 -20786
-25334 -20783
-25336 -20781
-25337 -20780
-25339 -20777
-25342 -20774
-25344 -20771
-25346 -20769
-25347 -20768
-25349 -20765
-25352 -20761
-25354 -20758
-25356 -20757
-25357 -20755
-25359 -20752
-25362 -20749
-25364 -20746
-25366 -20745
-25367 -20743
-25369 -20740
-25372 -20736
-25375 -20733
-25376 -20732
-25377 -20730
-25380 -20727
-25382 -20724
-25385 -20721
-25386 -20720
-25387 -20718
-25390 -20715
-25392 -20712
-25395 -20709
-25396 -20707
-25397 -20706
-25400 -20703
-25402 -20700
-25405 -20697
-25406 -20695
-25407 -20694
-25410 -20691
-25413 -20686
-25415 -20683
-25417 -20682
-25418 -20680
-25420 -20677
-25423 -20674
-25425 -20671
-25427 -20670
-25428 -20668
-25430 -20665
-25433 -20662
-25435 -20659
-25437 -20657
-25438 -20656
-25440 -20653
-25443 -20650
-25445 -20647
-25447 -20645
-25448 -20644
-25450 -20641
-25453 -20637
-25455 -20634
-25457 -20632
-25458 -20631
-25460 -20628
-25463 -20625
-25465 -20622
-25467 -20620
-25468 -20619
-25470 -20616
-25473 -20612
-25475 -20609
-25477 -20608
-25478 -20606
-25480 -20603
-25483 -20600
-25485 -20597
-25487 -20596
-25488 -20594
-25490 -20591
-25492 -20588
-25493 -20587
-25495 -20584
-25497 -20582
-25498 -20581
-25500 -20578
-25503 -20575
-25505 -20572
-25507 -20570
-25508 -20569
-25510 -20566
-25513 -20562
-25515 -20559
-25517 -20558
-25518 -20556
-25520 -20553
-25523 -20550
-25525 -20547
-25527 -20546
-25528 -20544
-25530 -20541
-25533 -20537
-25535 -20534
-25537 -20533
-25538 -20531
-25540 -20528
-25543 -20525
-25545 -20522
-25547 -20521
-25548 -20519
-25550 -20516
-25553 -20513
-25555 -20510
-25557 -20508
-25558 -20507
-25560 -20504
-25563 -20501
-25565 -20498
-25567 -20496
-25568 -20495
-25570 -20492
-25573 -20488
-25574 -20487
-25576 -20484
-25578 -20482
-25579 -20481
-25581 -20478
-25584 -20475
-25586 -20472
-25587 -20470
-25588 -20469
-25590 -20466
-25594 -20463
-25596 -20460
-25597 -20458
-25598 -20457
-25600 -20454
-25603 -20450
-25605 -20447
-25607 -20446
-25608 -20444
-25610 -20441
-25614 -20437
-25616 -20434
-25617 -20433
-25618 -20431
-25620 -20428
-25623 -20425
-25625 -20422
-25627 -20420
-25628 -20419
-25630 -20416
-25633 -20412
-25635 -20409
-25637 -20408
-25638 -20406
-25640 -20403
-25643 -20400
-25645 -20397
-25646 -20395
-25647 -20394
-25649 -20391
-25653 -20389
-25654 -20387
-25656 -20384
-25657 -20383
-25658 -20381
-25660 -20378
-25663 -20375
-25665 -20372
-25667 -20370
-25668 -20369
-25670 -20366
-25673 -20362
-25675 -20359
-25677 -20358
-25678 -20356
-25680 -20353
-25683 -20350
-25685 -20347
-25686 -20345
-25687 -20344
-25689 -20341
-25693 -20337
-25695 -20334
-25697 -20333
-25698 -20331
-25700 -20328
-25703 -20325
-25705 -20322
-25706 -20320
-25707 -20319
-25709 -20316
-25713 -20312
-25715 -20309
-25716 -20308
-25717 -20306
-25719 -20303
-25722 -20300
-25724 -20297
-25726 -20295
-25727 -20294
-25729 -20291
-25733 -20287
-25735 -20284
-25737 -20282
-25738 -20281
-25740 -20278
-25743 -20274
-25745 -20271
-25746 -20270
-25747 -20268
-25749 -20265
-25753 -20262
-25755 -20259
-25756 -20257
-25757 -20256
-25759 -20253
-25762 -20249
-25764 -20246
-25766 -20245
-25767 -20243
-25769 -20240
-25773 -20237
-25775 -20234
-25776 -20232
-25777 -20231
-25779 -20228
-25782 -20224
-25784 -20221
-25786 -20220
-25787 -20218
-25789 -20215
-25792 -20212
-25794 -20209
-25796 -20207
-25797 -20206
-25799 -20203
-25802 -20199
-25804 -20196
-25805 -20195
-25806 -20193
-25808 -20190
-25811 -20188
-25812 -20186
-25814 -20183
-25816 -20182
-25817 -20180
-25819 -20177
-25822 -20174
-25824 -20171
-25825 -20169
-25826 -20168
-25828 -20165
-25832 -20161
-25834 -20158
-25835 -20157
-25836 -20155
-25838 -20152
-25841 -20149
-25843 -20146
-25845 -20144
-25846 -20143
-25848 -20140
-25851 -20136
-25853 -20133
-25855 -20132
-25856 -20130
-25858 -20127
-25861 -20124
-25863 -20121
-25864 -20119
-25865 -20118
-25867 -20115
-25871 -20111
-25873 -20108
-25874 -20107
-25875 -20105
-25877 -20102
-25880 -20099
-25882 -20096
-25884 -20094
-25885 -20093
-25887 -20090
-25890 -20086
-25891 -20085
-25893 -20082
-25894 -20080
-25895 -20079
-25897 -20076
-25900 -20072
-25902 -20069
-25904 -20068
-25905 -20066
-25907 -20063
-25910 -20060
-25912 -20057
-25914 -20055
-25915 -20054
-25917 -20051
-25920 -20047
-25922 -20044
-25923 -20043
-25924 -20041
-25926 -20038
-25930 -20034
-25932 -20031
-25933 -20030
-25934 -20028
-25936 -20025
-25939 -20022
-25941 -20019
-25943 -20017
-25944 -20016
-25946 -20013
-25949 -20009
-25951 -20006
-25953 -20005
-25954 -20003
-25956 -20000
-25959 -19997
-25961 -19994
-25962 -19992
-25963 -19991
-25965 -19988
-25968 -19985
-25969 -19984
-25971 -19981
-25973 -19979
-25974 -19978
-25976 -19975
-25979 -19971
-25981 -19968
-25982 -19967
-25983 -19965
-25985 -19962
-25988 -19959
-25990 -19956
-25992 -19954
-25993 -19953
-25995 -19950
-25998 -19946
-26000 -19943
-26001 -19942
-26002 -19940
-26004 -19937
-26008 -19933
-26010 -19930
-26011 -19929
-26012 -19927
-26014 -19924
-26017 -19921
-26019 -19918
-26021 -19916
-26022 -19915
-26024 -19912
-26027 -19908
-26029 -19905
-26030 -19904
-26031 -19902
-26033 -19899
-26036 -19896
-26038 -19893
-26040 -19891
-26041 -19890
-26043 -19887
-26047 -19882
-26049 -19879
-26050 -19878
-26051 -19876
-26053 -19873
-26056 -19870
-26058 -19867
-26060 -19865
-26061 -19864
-26063 -19861
-26066 -19857
-26068 -19854
-26069 -19853
-26070 -19851
-26072 -19848
-26075 -19845
-26077 -19842
-26079 -19840
-26080 -19839
-26082 -19836
-26085 -19832
-26087 -19829
-26089 -19827
-26090 -19826
-26092 -19823
-26095 -19819
-26097 -19816
-26098 -19815
-26099 -19813
-26101 -19810
-26104 -19807
-26106 -19804
-26108 -19802
-26109 -19801
-26111 -19798
-26114 -19794
-26116 -19791
-26117 -19790
-26118 -19788
-26120 -19785
-26123 -19782
-26124 -19781
-26126 -19778
-26127 -19776
-26128 -19775
-26130 -19772
-26133 -19768
-26135 -19765
-26137 -19764
-26138 -19762
-26140 -19759
-26143 -19755
-26145 -19752
-26146 -19751
-26147 -19749
-26149 -19746
-26152 -19743
-26154 -19740
-26156 -19738
-26157 -19737
-26159 -19734
-26162 -19730
-26164 -19727
-26166 -19725
-26167 -19724
-26169 -19721
-26172 -19717
-26174 -19714
-26175 -19713
-26176 -19711
-26178 -19708
-26181 -19704
-26183 -19701
-26185 -19700
-26186 -19698
-26188 -19695
-26191 -19692
-26193 -19689
-26194 -19687
-26195 -19686
-26197 -19683
-26201 -19680
-26202 -19678
-26204 -19675
-26205 -19674
-26206 -19672
-26208 -19669
-26211 -19666
-26213 -19663
-26215 -19661
-26216 -19660
-26218 -19657
-26221 -19653
-26223 -19650
-26224 -19648
-26225 -19647
-26227 -19644
-26230 -19640
-26232 -19637
-26234 -19636
-26235 -19634
-26237 -19631
-26240 -19627
-26242 -19624
-26243 -19623
-26244 -19621
-26246 -19618
-26249 -19615
-26251 -19612
-26253 -19610
-26254 -19609
-26256 -19606
-26259 -19602
-26261 -19599
-26262 -19597
-26263 -19596
-26265 -19593
-26268 -19589
-26270 -19586
-26272 -19585
-26273 -19583
-26275 -19580
-26277 -19577
-26278 -19576
-26280 -19573
-26281 -19571
-26282 -19570
-26284 -19567
-26287 -19563
-26289 -19560
-26291 -19559
-26292 -19557
-26294 -19554
-26297 -19550
-26299 -19547
-26300 -19546
-26301 -19544
-26303 -19541
-26306 -19538
-26308 -19535
-26310 -19533
-26311 -19532
-26313 -19529
-26316 -19525
-26318 -19522
-26319 -19520
-26320 -19519
-26322 -19516
-26325 -19512
-26327 -19509
-26329 -19508
-26330 -19506
-26332 -19503
-26335 -19499
-26337 -19496
-26338 -19495
-26339 -19493
-26341 -19490
-26344 -19487
-26346 -19484
-26348 -19482
-26349 -19481
-26351 -19478
-26354 -19473
-26356 -19470
-26358 -19469
-26359 -19467
-26361 -19464
-26364 -19461
-26366 -19458
-26367 -19456
-26368 -19455
-26370 -19452
-26373 -19448
-26375 -19445
-26377 -19443
-26378 -19442
-26380 -19439
-26382 -19435
-26384 -19432
-26386 -19431
-26387 -19429
-26389 -19426
-26392 -19422
-26394 -19419
-26396 -19417
-26397 -19416
-26399 -19413
-26401 -19409
-26403 -19406
-26405 -19405
-26406 -19403
-26408 -19400
-26411 -19396
-26413 -19393
-26414 -19392
-26415 -19390
-26417 -19387
-26420 -19384
-26422 -19381
-26423 -19379
-26424 -19378
-26426 -19375
-26429 -19372
-26430 -19370
-26432 -19367
-26434 -19366
-26435 -19364
-26437 -19361
-26439 -19358
-26441 -19355
-26443 -19353
-26444 -19352
-26446 -19349
-26449 -19345
-26451 -19342
-26452 -19340
-26453 -19339
-26455 -19336
-26458 -19332
-26460 -19329
-26461 -19328
-26462 -19326
-26464 -19323
-26468 -19319
-26470 -19316
-26471 -19314
-26472 -19313
-26474 -19310
-26477 -19306
-26479 -19303
-26480 -19302
-26481 -19300
-26483 -19297
-26486 -19293
-26488 -19290
-26490 -19289
-26491 -19287
-26493 -19284
-26495 -19281
-26497 -19278
-26499 -19276
-26500 -19275
-26502 -19272
-26505 -19268
-26506 -19266
-26508 -19263
-26509 -19262
-26510 -19260
-26512 -19257
-26515 -19254
-26517 -19251
-26518 -19249
-26519 -19248
-26521 -19245
-26524 -19241
-26526 -19238
-26528 -19236
-26529 -19235
-26531 -19232
-26533 -19228
-26535 -19225
-26537 -19224
-26538 -19222
-26540 -19219
-26543 -19215
-26545 -19212
-26547 -19210
-26548 -19209
-26550 -19206
-26552 -19202
-26554 -19199
-26556 -19198
-26557 -19196
-26559 -19193
-26562 -19189
-26564 -19186
-26565 -19185
-26566 -19183
-26568 -19180
-26571 -19177
-26573 -19174
-26574 -19172
-26575 -19171
-26577 -19168
-26580 -19164
-26581 -19163
-26583 -19160
-26584 -19158
-26585 -19157
-26587 -19154
-26590 -19150
-26592 -19147
-26593 -19146
-26594 -19144
-26596 -19141
-26599 -19137
-26601 -19134
-26603 -19133
-26604 -19131
-26606 -19128
-26608 -19125
-26610 -19122
-26612 -19120
-26613 -19119
-26615 -19116
-26618 -19112
-26620 -19109
-26621 -19107
-26622 -19106
-26624 -19103
-26627 -19099
-26629 -19096
-26630 -19094
-26631 -19093
-26633 -19090
-26636 -19086
-26638 -19083
-26640 -19081
-26641 -19080
-26643 -19077
-26645 -19073
-26647 -19070
-26649 -19068
-26650 -19067
-26652 -19064
-26655 -19060
-26657 -19057
-26658 -19055
-26659 -19053
-26661 -19050
-26664 -19047
-26666 -19044
-26667 -19042
-26668 -19040
-26670 -19037
-26673 -19034
-26675 -19031
-26677 -19029
-26678 -19027
-26680 -19024
-26682 -19021
-26684 -19018
-26686 -19016
-26687 -19014
-26689 -19011
-26692 -19008
-26694 -19005
-26695 -19003
-26696 -19001
-26698 -18998
-26701 -18995
-26703 -18992
-26704 -18990
-26705 -18988
-26707 -18985
-26710 -18982
-26712 -18979
-26714 -18977
-26715 -18975
-26717 -18972
-26719 -18969
-26721 -18966
-26723 -18964
-26724 -18962
-26726 -18959
-26728 -18957
-26729 -18956
-26731 -18953
-26733 -18951
-26734 -18949
-26736 -18946
-26738 -18943
-26740 -18940
-26742 -18938
-26743 -18936
-26745 -18933
-26747 -18930
-26749 -18927
-26751 -18925
-26752 -18923
-26754 -18920
-26756 -18917
-26758 -18914
-26760 -18912
-26761 -18910
-26763 -18907
-26766 -18904
-26768 -18901
-26769 -18899
-26770 -18897
-26772 -18894
-26775 -18891
-26777 -18888
-26778 -18886
-26779 -18884
-26781 -18881
-26784 -18878
-26786 -18875
-26787 -18873
-26788 -18871
-26790 -18868
-26793 -18865
-26795 -18862
-26796 -18860
-26797 -18858
-26799 -18855
-26802 -18852
-26803 -18851
-26805 -18848
-26807 -18846
-26808 -18844
-26810 -18841
-26812 -18838
-26814 -18835
-26816 -18833
-26817 -18831
-26819 -18828
-26821 -18825
-26823 -18822
-26825 -18820
-26826 -18818
-26828 -18815
-26830 -18812
-26832 -18809
-26834 -18807
-26835 -18805
-26837 -18802
-26840 -18799
-26842 -18796
-26843 -18794
-26844 -18792
-26846 -18789
-26849 -18786
-26851 -18783
-26852 -18781
-26853 -18779
-26855 -18776
-26858 -18773
-26860 -18770
-26861 -18768
-26862 -18766
-26864 -18763
-26867 -18760
-26869 -18757
-26870 -18755
-26871 -18753
-26873 -18750
-26875 -18748
-26876 -18746
-26878 -18743
-26880 -18741
-26881 -18740
-26883 -18737
-26885 -18733
-26887 -18730
-26889 -18728
-26890 -18727
-26892 -18724
-26894 -18720
-26896 -18717
-26898 -18715
-26899 -18714
-26901 -18711
-26903 -18707
-26905 -18704
-26907 -18702
-26908 -18701
-26910 -18698
-26913 -18694
-26915 -18691
-26916 -18689
-26917 -18687
-26919 -18684
-26922 -18681
-26924 -18678
-26925 -18676
-26926 -18674
-26928 -18671
-26931 -18668
-26933 -18665
-26934 -18663
-26935 -18661
-26937 -18658
-26940 -18655
-26942 -18652
-26943 -18650
-26944 -18648
-26946 -18645
-26950 -18641
-26952 -18638
-26953 -18636
-26954 -18634
-26956 -18631
-26959 -18628
-26961 -18625
-26962 -18623
-26963 -18621
-26965 -18618
-26968 -18615
-26970 -18612
-26971 -18610
-26972 -18608
-26974 -18605
-26977 -18602
-26979 -18599
-26980 -18597
-26981 -18595
-26983 -18592
-26986 -18588
-26988 -18585
-26989 -18583
-26990 -18582
-26992 -18579
-26995 -18575
-26997 -18572
-26998 -18570
-26999 -18569
-27001 -18566
-27004 -18562
-27006 -18559
-27007 -18557
-27008 -18556
-27010 -18553
-27013 -18549
-27015 -18546
-27016 -18544
-27017 -18543
-27019 -18540
-27021 -18537
-27022 -18535
-27024 -18532
-27025 -18530
-27026 -18529
-27028 -18526
-27031 -18522
-27033 -18519
-27034 -18517
-27035 -18516
-27037 -18513
-27040 -18509
-27042 -18506
-27043 -18504
-27044 -18503
-27046 -18500
-27049 -18496
-27051 -18493
-27052 -18491
-27053 -18490
-27055 -18487
-27058 -18483
-27060 -18480
-27061 -18478
-27062 -18476
-27064 -18473
-27067 -18470
-27069 -18467
-27070 -18465
-27071 -18463
-27073 -18460
-27076 -18457
-27078 -18454
-27079 -18452
-27080 -18450
-27082 -18447
-27085 -18444
-27087 -18441
-27088 -18439
-27089 -18437
-27091 -18434
-27094 -18431
-27095 -18430
-27097 -18427
-27098 -18425
-27099 -18423
-27101 -18420
-27103 -18417
-27105 -18414
-27106 -18412
-27107 -18410
-27109 -18407
-27112 -18404
-27114 -18401
-27115 -18399
-27116 -18397
-27118 -18394
-27121 -18391
-27123 -18388
-27124 -18386
-27125 -18384
-27127 -18381
-27130 -18377
-27132 -18374
-27133 -18372
-27134 -18371
-27136 -18368
-27139 -18364
-27141 -18361
-27142 -18359
-27143 -18358
-27145 -18355
-27148 -18351
-27150 -18348
-27151 -18346
-27152 -18344
-27154 -18341
-27156 -18338
-27158 -18335
-27159 -18333
-27160 -18331
-27162 -18328
-27165 -18326
-27166 -18324
-27168 -18321
-27169 -18319
-27170 -18318
-27172 -18315
-27175 -18311
-27177 -18308
-27178 -18306
-27179 -18305
-27181 -18302
-27184 -18298
-27186 -18295
-27187 -18293
-27188 -18291
-27190 -18288
-27192 -18285
-27194 -18282
-27195 -18280
-27196 -18278
-27198 -18275
-27202 -18271
-27204 -18268
-27205 -18266
-27206 -18265
-27208 -18262
-27210 -18258
-27212 -18255
-27213 -18253
-27214 -18252
-27216 -18249
-27219 -18245
-27221 -18242
-27222 -18240
-27223 -18238
-27225 -18235
-27228 -18232
-27230 -18229
-27231 -18227
-27232 -18225
-27234 -18222
-27238 -18218
-27240 -18215
-27241 -18213
-27242 -18211
-27244 -18208
-27246 -18205
-27248 -18202
-27249 -18200
-27250 -18198
-27252 -18195
-27255 -18191
-27257 -18188
-27258 -18186
-27259 -18185
-27261 -18182
-27264 -18178
-27266 -18175
-27267 -18173
-27268 -18172
-27270 -18169
-27273 -18165
-27275 -18162
-27276 -18160
-27277 -18158
-27279 -18155
-27281 -18152
-27283 -18149
-27284 -18147
-27285 -18145
-27287 -18142
-27290 -18138
-27292 -18135
-27293 -18133
-27294 -18132
-27296 -18129
-27299 -18125
-27301 -18122
-27302 -18120
-27303 -18119
-27305 -18116
-27307 -18113
-27308 -18111
-27310 -18108
-27311 -18106
-27312 -18105
-27314 -18102
-27317 -18098
-27319 -18095
-27320 -18093
-27321 -18092
-27323 -18089
-27326 -18085
-27328 -18082
-27329 -18080
-27330 -18078
-27332 -18075
-27334 -18072
-27336 -18069
-27337 -18067
-27338 -18065
-27340 -18062
-27343 -18058
-27345 -18055
-27346 -18053
-27347 -18052
-27349 -18049
-27352 -18045
-27354 -18042
-27355 -18040
-27356 -18039
-27358 -18036
-27361 -18032
-27363 -18029
-27364 -18027
-27365 -18025
-27367 -18022
-27369 -18019
-27371 -18016
-27372 -18014
-27373 -18012
-27375 -18009
-27378 -18006
-27379 -18004
-27381 -18001
-27382 -17999
-27383 -17998
-27385 -17995
-27387 -17991
-27389 -17988
-27390 -17986
-27391 -17985
-27393 -17982
-27396 -17978
-27398 -17975
-27399 -17973
-27400 -17971
-27402 -17968
-27405 -17965
-27407 -17962
-27408 -17960
-27409 -17958
-27411 -17955
-27414 -17951
-27416 -17948
-27417 -17946
-27418 -17944
-27420 -17941
-27422 -17938
-27424 -17935
-27425 -17933
-27426 -17931
-27428 -17928
-27431 -17924
-27433 -17921
-27434 -17919
-27435 -17918
-27437 -17915
-27440 -17911
-27442 -17908
-27443 -17906
-27444 -17905
-27446 -17902
-27448 -17899
-27449 -17897
-27451 -17894
-27452 -17892
-27453 -17891
-27455 -17888
-27457 -17884
-27459 -17881
-27460 -17879
-27461 -17878
-27463 -17875
-27466 -17871
-27468 -17868
-27469 -17866
-27470 -17864
-27472 -17861
-27474 -17858
-27476 -17855
-27477 -17853
-27478 -17851
-27480 -17848
-27483 -17844
-27485 -17841
-27486 -17839
-27487 -17837
-27489 -17834
-27492 -17831
-27494 -17828
-27495 -17826
-27496 -17824
-27498 -17821
-27500 -17817
-27502 -17814
-27503 -17812
-27504 -17811
-27506 -17808
-27509 -17804
-27511 -17801
-27512 -17799
-27513 -17798
-27515 -17795
-27518 -17790
-27520 -17787
-27521 -17785
-27522 -17784
-27524 -17781
-27527 -17777
-27529 -17774
-27530 -17772
-27531 -17771
-27533 -17768
-27535 -17764
-27537 -17761
-27538 -17759
-27539 -17757
-27541 -17754
-27544 -17751
-27546 -17748
-27547 -17746
-27548 -17744
-27550 -17741
-27553 -17737
-27555 -17734
-27556 -17732
-27557 -17730
-27559 -17727
-27561 -17724
-27563 -17721
-27564 -17719
-27565 -17717
-27567 -17714
-27570 -17710
-27572 -17707
-27573 -17705
-27574 -17704
-27576 -17701
-27578 -17697
-27580 -17694
-27581 -17692
-27582 -17691
-27584 -17688
-27587 -17684
-27588 -17683
-27590 -17680
-27591 -17678
-27592 -17676
-27594 -17673
-27596 -17670
-27598 -17667
-27599 -17665
-27600 -17663
-27602 -17660
-27605 -17656
-27607 -17653
-27608 -17651
-27609 -17650
-27611 -17647
-27613 -17643
-27615 -17640
-27616 -17638
-27617 -17637
-27619 -17634
-27622 -17629
-27624 -17626
-27625 -17624
-27626 -17623
-27628 -17620
-27630 -17616
-27632 -17613
-27633 -17611
-27634 -17610
-27636 -17607
-27639 -17603
-27641 -17600
-27642 -17598
-27643 -17596
-27647 -17591
-27649 -17588
-27650 -17586
-27651 -17585
-27653 -17582
-27655 -17577
-27657 -17574
-27658 -17572
-27659 -17571
-27661 -17568
-27664 -17564
-27666 -17561
-27667 -17559
-27668 -17557
-27670 -17554
-27672 -17550
-27674 -17547
-27675 -17545
-27676 -17544
-27678 -17541
-27681 -17537
-27683 -17534
-27684 -17532
-27685 -17530
-27687 -17527
-27689 -17523
-27691 -17520
-27692 -17518
-27693 -17517
-27695 -17514
-27698 -17510
-27700 -17507
-27701 -17505
-27702 -17503
-27704 -17500
-27705 -17498
-27706 -17496
-27708 -17493
-27709 -17491
-27710 -17490
-27712 -17487
-27715 -17483
-27717 -17480
-27718 -17478
-27719 -17476
-27721 -17473
-27723 -17469
-27725 -17466
-27726 -17464
-27727 -17463
-27729 -17460
-27732 -17456
-27734 -17453
-27735 -17451
-27736 -17449
-27738 -17446
-27740 -17442
-27742 -17439
-27743 -17437
-27744 -17436
-27746 -17433
-27749 -17429
-27751 -17426
-27752 -17424
-27753 -17422
-27755 -17419
-27758 -17415
-27760 -17412
-27761 -17410
-27762 -17409
-27764 -17406
-27766 -17402
-27768 -17399
-27769 -17397
-27770 -17395
-27772 -17392
-27775 -17388
-27777 -17385
-27778 -17383
-27779 -17382
-27781 -17379
-27783 -17375
-27785 -17372
-27786 -17370
-27787 -17368
-27789 -17365
-27791 -17361
-27793 -17358
-27794 -17356
-27795 -17355
-27797 -17352
-27799 -17348
-27801 -17345
-27802 -17343
-27803 -17341
-27805 -17338
-27808 -17334
-27810 -17331
-27811 -17329
-27812 -17328
-27814 -17325
-27816 -17321
-27818 -17318
-27819 -17316
-27820 -17314
-27822 -17311
-27825 -17307
-27827 -17304
-27828 -17302
-27829 -17301
-27831 -17298
-27833 -17294
-27835 -17291
-27836 -17289
-27837 -17287
-27839 -17284
-27841 -17281
-27842 -17280
-27844 -17277
-27845 -17275
-27846 -17273
-27848 -17270
-27850 -17266
-27852 -17263
-27853 -17261
-27854 -17260
-27856 -17257
-27859 -17253
-27861 -17250
-27862 -17248
-27863 -17246
-27865 -17243
-27867 -17239
-27869 -17236
-27870 -17234
-27871 -17233
-27873 -17230
-27876 -17226
-27878 -17223
-27879 -17221
-27880 -17219
-27882 -17216
-27884 -17212
-27886 -17209
-27887 -17207
-27888 -17206
-27890 -17203
-27892 -17199
-27894 -17196
-27895 -17194
-27896 -17192
-27898 -17189
-27900 -17185
-27902 -17182
-27903 -17180
-27904 -17179
-27906 -17176
-27909 -17172
-27910 -17170
-27912 -17167
-27913 -17165
-27914 -17164
-27916 -17161
-27918 -17157
-27920 -17154
-27921 -17152
-27922 -17150
-27924 -17147
-27926 -17143
-27928 -17140
-27929 -17138
-27930 -17137
-27932 -17134
-27934 -17130
-27936 -17127
-27937 -17125
-27938 -17123
-27940 -17120
-27943 -17116
-27945 -17113
-27946 -17111
-27947 -17109
-27949 -17106
-27951 -17102
-27953 -17099
-27954 -17097
-27955 -17096
-27957 -17093
-27959 -17089
-27961 -17086
-27962 -17084
-27963 -17082
-27965 -17079
-27967 -17075
-27969 -17072
-27970 -17070
-27971 -17069
-27973 -17066
-27975 -17063
-27976 -17061
-27978 -17058
-27979 -17056
-27980 -17055
-27982 -17052
-27984 -17048
-27986 -17045
-27987 -17043
-27988 -17041
-27990 -17038
-27993 -17034
-27995 -17031
-27996 -17029
-27997 -17028
-27999 -17025
-28001 -17021
-28003 -17018
-28004 -17016
-28005 -17014
-28007 -17011
-28009 -17007
-28011 -17004
-28012 -17002
-28013 -17000
-28015 -16997
-28017 -16993
-28019 -16990
-28020 -16988
-28021 -16987
-28023 -16984
-28026 -16980
-28028 -16977
-28029 -16975
-28030 -16973
-28032 -16970
-28034 -16966
-28036 -16963
-28037 -16961
-28038 -16960
-28040 -16957
-28042 -16952
-28044 -16949
-28045 -16947
-28046 -16945
-28048 -16942
-28050 -16938
-28052 -16935
-28053 -16933
-28054 -16932
-28056 -16929
-28059 -16925
-28061 -16922
-28062 -16920
-28063 -16918
-28065 -16915
-28067 -16911
-28069 -16908
-28070 -16906
-28071 -16905
-28073 -16902
-28076 -16897
-28078 -16894
-28079 -16892
-28080 -16891
-28082 -16888
-28084 -16884
-28086 -16881
-28087 -16879
-28088 -16877
-28090 -16874
-28092 -16870
-28094 -16867
-28095 -16865
-28096 -16864
-28098 -16861
-28100 -16857
-28102 -16854
-28103 -16852
-28104 -16850
-28106 -16847
-28107 -16844
-28108 -16842
-28110 -16839
-28111 -16837
-28112 -16836
-28114 -16833
-28116 -16829
-28118 -16826
-28119 -16824
-28120 -16822
-28122 -16819
-28124 -16815
-28126 -16812
-28127 -16810
-28128 -16809
-28130 -16806
-28132 -16802
-28134 -16799
-28135 -16797
-28136 -16795
-28138 -16792
-28141 -16788
-28143 -16785
-28144 -16783
-28145 -16781
-28147 -16778
-28149 -16774
-28151 -16771
-28152 -16769
-28153 -16768
-28155 -16765
-28157 -16761
-28159 -16758
-28160 -16756
-28161 -16754
-28163 -16751
-28165 -16747
-28167 -16744
-28168 -16742
-28169 -16741
-28171 -16738
-28173 -16734
-28174 -16732
-28176 -16729
-28177 -16727
-28178 -16726
-28180 -16723
-28182 -16719
-28184 -16716
-28185 -16714
-28186 -16712
-28188 -16709
-28190 -16705
-28192 -16702
-28193 -16700
-28194 -16698
-28196 -16695
-28198 -16691
-28200 -16688
-28201 -16686
-28202 -16685
-28204 -16682
-28207 -16677
-28209 -16674
-28210 -16672
-28211 -16671
-28213 -16668
-28215 -16664
-28217 -16661
-28218 -16659
-28219 -16657
-28221 -16654
-28223 -16650
-28225 -16647
-28226 -16645
-28227 -16643
-28229 -16640
-28231 -16636
-28233 -16633
-28234 -16631
-28235 -16630
-28237 -16627
-28238 -16624
-28239 -16622
-28241 -16619
-28242 -16617
-28243 -16616
-28245 -16613
-28247 -16609
-28249 -16606
-28250 -16604
-28251 -16602
-28253 -16599
-28255 -16595
-28257 -16592
-28258 -16590
-28259 -16588
-28261 -16585
-28263 -16581
-28265 -16578
-28266 -16576
-28267 -16575
-28269 -16572
-28271 -16567
-28273 -16564
-28274 -16562
-28275 -16561
-28277 -16558
-28279 -16554
-28281 -16551
-28282 -16549
-28283 -16547
-28285 -16544
-28287 -16540
-28289 -16537
-28290 -16535
-28291 -16533
-28293 -16530
-28295 -16526
-28297 -16523
-28298 -16521
-28299 -16520
-28301 -16517
-28304 -16512
-28306 -16509
-28307 -16507
-28308 -16505
-28310 -16502
-28312 -16498
-28314 -16495
-28315 -16493
-28316 -16492
-28318 -16489
-28320 -16484
-28322 -16481
-28323 -16479
-28324 -16478
-28326 -16475
-28328 -16471
-28330 -16468
-28331 -16466
-28332 -16464
-28334 -16461
-28336 -16457
-28338 -16454
-28339 -16452
-28340 -16450
-28342 -16447
-28344 -16443
-28346 -16440
-28347 -16438
-28348 -16437
-28350 -16434
-28352 -16429
-28354 -16426
-28355 -16424
-28356 -16423
-28358 -16420
-28360 -16416
-28362 -16413
-28363 -16411
-28364 -16409
-28366 -16406
-28367 -16403
-28368 -16401
-28370 -16398
-28371 -16396
-28372 -16395
-28374 -16392
-28376 -16388
-28378 -16385
-28380 -16383
-28380 -16381
-28382 -16378
-28384 -16374
-28386 -16371
-28387 -16369
-28388 -16367
-28389 -16364
-28392 -16360
-28393 -16357
-28395 -16355
-28395 -16354
-28397 -16351
-28400 -16346
-28402 -16343
-28403 -16341
-28404 -16340
-28405 -16337
-28408 -16333
-28409 -16330
-28411 -16328
-28411 -16326
-28413 -16323
-28416 -16319
-28417 -16316
-28419 -16314
-28419 -16312
-28421 -16309
-28423 -16305
-28425 -16302
-28426 -16300
-28427 -16299
-28428 -16296
-28432 -16292
-28433 -16290
-28434 -16287
-28436 -16285
-28436 -16284
-28438 -16281
-28440 -16277
-28442 -16274
-28443 -16272
-28444 -16270
-28445 -16267
-28448 -16263
-28450 -16260
-28451 -16258
-28452 -16256
-28453 -16253
-28456 -16249
-28457 -16246
-28459 -16244
-28459 -16243
-28461 -16240
-28464 -16235
-28466 -16232
-28467 -16230
-28468 -16228
-28469 -16225
-28472 -16221
-28473 -16218
-28475 -16216
-28475 -16215
-28477 -16212
-28480 -16207
-28481 -16204
-28483 -16202
-28483 -16201
-28485 -16198
-28487 -16194
-28489 -16191
-28490 -16189
-28491 -16187
-28492 -16184
-28495 -16181
-28496 -16179
-28497 -16176
-28499 -16174
-28499 -16173
-28501 -16170
-28503 -16166
-28505 -16163
-28506 -16161
-28507 -16159
-28508 -16156
-28511 -16152
-28513 -16149
-28514 -16147
-28515 -16145
-28516 -16142
-28519 -16138
-28520 -16135
-28522 -16133
-28522 -16132
-28524 -16129
-28527 -16124
-28528 -16121
-28530 -16119
-28530 -16117
-28532 -16114
-28534 -16110
-28536 -16107
-28537 -16105
-28538 -16104
-28539 -16101
-28542 -16096
-28544 -16093
-28545 -16091
-28546 -16090
-28547 -16087
-28550 -16083
-28551 -16080
-28553 -16078
-28553 -16076
-28555 -16073
-28559 -16067
-28560 -16064
-28562 -16062
-28562 -16061
-28564 -16058
-28566 -16054
-28568 -16051
-28569 -16049
-28570 -16047
-28571 -16044
-28574 -16040
-28576 -16037
-28577 -16035
-28578 -16033
-28579 -16030
-28582 -16026
-28583 -16023
-28585 -16021
-28585 -16020
-28587 -16017
-28590 -16012
-28591 -16009
-28593 -16007
-28593 -16005
-28595 -16002
-28597 -15998
-28599 -15995
-28600 -15993
-28601 -15992
-28602 -15989
-28605 -15984
-28607 -15981
-28608 -15979
-28609 -15978
-28610 -15975
-28613 -15971
-28614 -15968
-28616 -15966
-28616 -15964
-28618 -15961
-28620 -15957
-28621 -15956
-28622 -15953
-28624 -15951
-28624 -15949
-28626 -15946
-28628 -15942
-28630 -15939
-28631 -15937
-28632 -15936
-28633 -15933
-28636 -15928
-28638 -15925
-28639 -15923
-28640 -15922
-28641 -15919
-28644 -15915
-28645 -15912
-28647 -15910
-28647 -15908
-28649 -15905
-28652 -15900
-28653 -15897
-28655 -15895
-28655 -15894
-28657 -15891
-28659 -15887
-28661 -15884
-28662 -15882
-28663 -15880
-28664 -15877
-28667 -15873
-28669 -15870
-28670 -15868
-28671 -15867
-28672 -15864
-28675 -15860
-28676 -15856
-28678 -15854
-28678 -15853
-28680 -15849
-28683 -15847
-28684 -15845
-28685 -15842
-28687 -15840
-28687 -15838
-28689 -15835
-28691 -15831
-28693 -15828
-28694 -15826
-28695 -15824
-28696 -15821
-28699 -15817
-28700 -15814
-28702 -15812
-28702 -15810
-28704 -15807
-28706 -15803
-28708 -15800
-28709 -15798
-28710 -15796
-28711 -15793
-28714 -15789
-28716 -15786
-28717 -15784
-28718 -15782
-28719 -15779
-28722 -15775
-28723 -15772
-28725 -15770
-28725 -15768
-28727 -15765
-28729 -15761
-28731 -15758
-28732 -15756
-28733 -15754
-28734 -15751
-28737 -15747
-28738 -15744
-28740 -15742
-28740 -15740
-28742 -15737
-28744 -15735
-28745 -15733
-28746 -15730
-28748 -15728
-28748 -15726
-28750 -15723
-28752 -15719
-28754 -15716
-28755 -15714
-28756 -15712
-28757 -15709
-28760 -15705
-28761 -15702
-28763 -15700
-28763 -15698
-28765 -15695
-28767 -15691
-28769 -15688
-28770 -15686
-28771 -15684
-28772 -15681
-28775 -15677
-28777 -15674
-28778 -15672
-28779 -15670
-28780 -15667
-28783 -15663
-28784 -15660
-28786 -15658
-28786 -15656
-28788 -15653
-28790 -15649
-28792 -15646
-28793 -15644
-28794 -15642
-28795 -15639
-28798 -15635
-28799 -15632
-28801 -15630
-28801 -15628
-28803 -15625
-28806 -15620
-28808 -15617
-28809 -15615
-28810 -15613
-28811 -15610
-28814 -15606
-28815 -15603
-28817 -15601
-28817 -15599
-28819 -15596
-28821 -15592
-28823 -15589
-28824 -15587
-28825 -15585
-28826 -15582
-28829 -15578
-28830 -15575
-28832 -15573
-28832 -15571
-28834 -15568
-28836 -15564
-28838 -15561
-28839 -15559
-28840 -15557
-28841 -15554
-28844 -15550
-28845 -15547
-28847 -15545
-28847 -15543
-28849 -15540
-28851 -15536
-28853 -15533
-28854 -15531
-28855 -15529
-28856 -15526
-28859 -15522
-28860 -15519
-28862 -15517
-28862 -15515
-28864 -15512
-28866 -15509
-28867 -15508
-28868 -15504
-28870 -15502
-28870 -15501
-28872 -15497
-28874 -15494
-28876 -15490
-28877 -15488
-28878 -15487
-28879 -15483
-28882 -15480
-28883 -15476
-28885 -15474
-28885 -15473
-28887 -15469
-28889 -15466
-28891 -15462
-28892 -15460
-28893 -15459
-28894 -15455
-28897 -15452
-28898 -15448
-28900 -15446
-28900 -15445
-28902 -15441
-28904 -15438
-28906 -15434
-28907 -15432
-28908 -15431
-28909 -15427
-28912 -15424
-28913 -15420
-28915 -15418
-28915 -15417
-28917 -15413
-28919 -15410
-28921 -15406
-28922 -15404
-28923 -15403
-28924 -15399
-28927 -15397
-28927 -15395
-28929 -15392
-28930 -15390
-28931 -15388
-28932 -15385
-28935 -15381
-28936 -15378
-28938 -15376
-28938 -15374
-28940 -15371
-28942 -15367
-28944 -15364
-28945 -15362
-28946 -15360
-28947 -15357
-28949 -15353
-28951 -15350
-28952 -15348
-28953 -15346
-28954 -15343
-28957 -15339
-28959 -15335
-28960 -15333
-28961 -15332
-28962 -15328
-28964 -15325
-28966 -15321
-28967 -15319
-28968 -15318
-28969 -15314
-28972 -15311
-28973 -15307
-28975 -15305
-28975 -15304
-28977 -15300
-28979 -15297
-28980 -15293
-28982 -15291
-28982 -15290
-28984 -15286
-28987 -15284
-28987 -15282
-28989 -15279
-28990 -15277
-28991 -15275
-28992 -15272
-28994 -15268
-28996 -15265
-28997 -15263
-28998 -15261
-28999 -15258
-29002 -15254
-29003 -15251
-29005 -15249
-29005 -15247
-29007 -15244
-29009 -15240
-29010 -15237
-29012 -15235
-29012 -15233
-29014 -15230
-29017 -15226
-29018 -15222
-29020 -15220
-29020 -15219
-29022 -15215
-29024 -15212
-29025 -15208
-29027 -15206
-29027 -15205
-29029 -15201
-29031 -15198
-29033 -15194
-29034 -15192
-29035 -15191
-29036 -15187
-29038 -15184
-29040 -15180
-29041 -15178
-29042 -15177
-29043 -15173
-29047 -15169
-29048 -15165
-29050 -15163
-29050 -15162
-29052 -15158
-29054 -15155
-29055 -15151
-29057 -15149
-29057 -15148
-29059 -15144
-29061 -15141
-29063 -15137
-29064 -15135
-29065 -15134
-29066 -15130
-29068 -15127
-29070 -15123
-29071 -15121
-29072 -15120
-29073 -15116
-29076 -15112
-29078 -15109
-29079 -15107
-29080 -15105
-29081 -15102
-29083 -15098
-29085 -15095
-29086 -15093
-29087 -15091
-29088 -15088
-29091 -15084
-29092 -15081
-29094 -15079
-29094 -15077
-29096 -15074
-29098 -15070
-29099 -15067
-29101 -15065
-29101 -15063
-29103 -15060
-29105 -15057
-29105 -15055
-29107 -15052
-29108 -15050
-29109 -15048
-29110 -15045
-29112 -15041
-29114 -15038
-29115 -15036
-29116 -15034
-29117 -15031
-29120 -15027
-29121 -15024
-29123 -15022
-29123 -15020
-29125 -15017
-29127 -15013
-29128 -15010
-29130 -15008
-29130 -15006
-29132 -15003
-29134 -14999
-29136 -14995
-29137 -14993
-29138 -14992
-29139 -14988
-29141 -14985
-29143 -14981
-29144 -14979
-29145 -14978
-29146 -14974
-29149 -14971
-29150 -14967
-29152 -14965
-29152 -14964
-29154 -14960
-29156 -14957
-29157 -14953
-29159 -14951
-29159 -14950
-29161 -14946
-29164 -14943
-29164 -14941
-29166 -14938
-29167 -14936
-29168 -14934
-29169 -14931
-29171 -14927
-29173 -14924
-29174 -14922
-29175 -14920
-29176 -14917
-29179 -14913
-29180 -14910
-29182 -14908
-29182 -14906
-29184 -14903
-29186 -14899
-29187 -14896
-29189 -14894
-29189 -14892
-29191 -14889
-29193 -14884
-29195 -14881
-29196 -14879
-29197 -14877
-29198 -14874
-29200 -14870
-29202 -14867
-29203 -14865
-29204 -14863
-29205 -14860
-29208 -14856
-29209 -14852
-29211 -14850
-29211 -14849
-29213 -14845
-29215 -14842
-29216 -14838
-29218 -14836
-29218 -14835
-29220 -14831
-29222 -14829
-29222 -14827
-29224 -14824
-29225 -14822
-29226 -14820
-29227 -14817
-29229 -14813
-29231 -14810
-29232 -14808
-29233 -14806
-29234 -14803
-29236 -14799
-29238 -14795
-29239 -14793
-29240 -14792
-29241 -14788
-29243 -14785
-29245 -14781
-29246 -14779
-29247 -14778
-29248 -14774
-29251 -14770
-29252 -14767
-29254 -14765
-29254 -14763
-29256 -14760
-29258 -14756
-29259 -14753
-29261 -14751
-29261 -14749
-29263 -14746
-29265 -14742
-29266 -14738
-29268 -14736
-29268 -14735
-29270 -14731
-29272 -14728
-29273 -14724
-29275 -14722
-29275 -14721
-29277 -14717
-29279 -14713
-29281 -14710
-29282 -14708
-29283 -14706
-29284 -14703
-29286 -14699
-29288 -14696
-29289 -14694
-29290 -14692
-29291 -14689
-29293 -14685
-29295 -14681
-29296 -14679
-29297 -14678
-29298 -14674
-29300 -14671
-29302 -14667
-29303 -14665
-29304 -14664
-29305 -14660
-29308 -14656
-29309 -14653
-29311 -14651
-29311 -14649
-29313 -14646
-29315 -14642
-29316 -14639
-29318 -14637
-29318 -14635
-29320 -14632
-29322 -14628
-29323 -14624
-29325 -14622
-29325 -14621
-29327 -14617
-29329 -14614
-29330 -14610
-29332 -14608
-29332 -14607
-29334 -14603
-29336 -14600
-29337 -14599
-29338 -14595
-29340 -14593
-29340 -14592
-29342 -14588
-29344 -14585
-29345 -14581
-29347 -14579
-29347 -14578
-29349 -14574
-29351 -14570
-29352 -14567
-29354 -14565
-29354 -14563
-29356 -14560
-29358 -14556
-29359 -14553
-29361 -14551
-29361 -14549
-29363 -14546
-29365 -14542
-29366 -14538
-29368 -14536
-29368 -14535
-29370 -14531
-29372 -14528
-29373 -14524
-29375 -14522
-29375 -14521
-29377 -14517
-29379 -14513
-29380 -14510
-29382 -14508
-29382 -14506
-29384 -14503
-29386 -14499
-29387 -14496
-29389 -14494
-29389 -14492
-29391 -14489
-29393 -14485
-29393 -14484
-29395 -14480
-29396 -14478
-29397 -14477
-29398 -14473
-29400 -14470
-29402 -14466
-29403 -14464
-29404 -14463
-29405 -14459
-29407 -14455
-29409 -14452
-29410 -14450
-29411 -14448
-29412 -14445
-29414 -14441
-29416 -14438
-29417 -14436
-29418 -14434
-29419 -14431
-29421 -14427
-29423 -14423
-29424 -14421
-29425 -14420
-29426 -14416
-29428 -14413
-29430 -14409
-29431 -14407
-29432 -14406
-29433 -14402
-29435 -14398
-29437 -14395
-29438 -14393
-29439 -14391
-29440 -14388
-29442 -14384
-29444 -14381
-29445 -14379
-29446 -14377
-29447 -14374
-29449 -14370
-29450 -14369
-29451 -14365
-29453 -14363
-29453 -14362
-29455 -14358
-29457 -14355
-29458 -14351
-29460 -14349
-29460 -14348
-29462 -14344
-29464 -14340
-29466 -14337
-29467 -14335
-29467 -14333
-29469 -14330
-29471 -14326
-29472 -14323
-29473 -14321
-29474 -14319
-29475 -14316
-29478 -14311
-29479 -14308
-29480 -14306
-29481 -14304
-29482 -14301
-29484 -14297
-29486 -14294
-29487 -14292
-29487 -14290
-29489 -14287
-29491 -14283
-29493 -14279
-29494 -14277
-29494 -14276
-29496 -14272
-29498 -14269
-29499 -14265
-29500 -14263
-29501 -14262
-29502 -14258
-29506 -14254
-29507 -14250
-29508 -14248
-29509 -14247
-29510 -14243
-29512 -14240
-29514 -14236
-29515 -14234
-29515 -14233
-29517 -14229
-29519 -14225
-29521 -14222
-29522 -14220
-29522 -14218
-29524 -14215
-29526 -14211
-29527 -14208
-29528 -14206
-29529 -14204
-29530 -14201
-29533 -14196
-29535 -14193
-29536 -14191
-29536 -14189
-29538 -14186
-29540 -14182
-29541 -14179
-29542 -14177
-29543 -14175
-29544 -14172
-29547 -14168
-29548 -14164
-29549 -14162
-29550 -14161
-29551 -14157
-29553 -14154
-29555 -14150
-29556 -14148
-29556 -14147
-29558 -14143
-29560 -14140
-29561 -14139
-29562 -14135
-29563 -14133
-29564 -14132
-29565 -14128
-29567 -14125
-29569 -14121
-29570 -14119
-29570 -14118
-29572 -14114
-29574 -14110
-29576 -14107
-29577 -14105
-29577 -14103
-29579 -14100
-29581 -14096
-29582 -14093
-29583 -14091
-29584 -14089
-29585 -14086
-29588 -14081
-29590 -14078
-29591 -14076
-29591 -14074
-29593 -14071
-29595 -14067
-29596 -14064
-29597 -14062
-29598 -14060
-29599 -14057
-29602 -14053
-29603 -14049
-29604 -14047
-29605 -14046
-29606 -14042
-29608 -14039
-29610 -14035
-29611 -14033
-29611 -14032
-29615 -14026
-29617 -14022
-29618 -14020
-29618 -14019
-29620 -14015
-29622 -14012
-29623 -14008
-29624 -14006
-29625 -14005
-29626 -14001
-29629 -13997
-29630 -13994
-29631 -13992
-29632 -13990
-29633 -13987
-29635 -13983
-29637 -13980
-29638 -13978
-29638 -13976
-29640 -13973
-29642 -13968
-29644 -13965
-29645 -13963
-29645 -13961
-29647 -13958
-29649 -13954
-29650 -13951
-29651 -13949
-29652 -13947
-29653 -13944
-29656 -13940
-29657 -13936
-29658 -13934
-29659 -13933
-29660 -13929
-29662 -13926
-29664 -13922
-29665 -13920
-29665 -13919
-29667 -13915
-29669 -13912
-29669 -13910
-29671 -13907
-29672 -13905
-29672 -13903
-29674 -13900
-29676 -13896
-29677 -13893
-29678 -13891
-29679 -13889
-29680 -13886
-29683 -13882
-29684 -13878
-29685 -13876
-29686 -13875
-29687 -13871
-29689 -13868
-29691 -13864
-29692 -13862
-29692 -13861
-29694 -13857
-29696 -13853
-29698 -13850
-29699 -13848
-29699 -13846
-29701 -13843
-29703 -13839
-29704 -13835
-29705 -13833
-29706 -13832
-29707 -13828
-29710 -13824
-29711 -13821
-29712 -13819
-29713 -13817
-29714 -13814
-29716 -13810
-29718 -13806
-29719 -13804
-29719 -13803
-29721 -13799
-29724 -13795
-29725 -13791
-29726 -13789
-29727 -13788
-29728 -13784
-29730 -13780
-29732 -13777
-29733 -13775
-29733 -13773
-29735 -13770
-29737 -13766
-29738 -13762
-29739 -13760
-29740 -13759
-29741 -13755
-29743 -13751
-29745 -13748
-29746 -13746
-29746 -13744
-29748 -13741
-29750 -13737
-29752 -13733
-29753 -13731
-29753 -13730
-29755 -13726
-29757 -13722
-29758 -13719
-29759 -13717
-29760 -13715
-29761 -13712
-29763 -13708
-29765 -13704
-29766 -13702
-29766 -13701
-29768 -13697
-29770 -13693
-29771 -13690
-29772 -13688
-29773 -13686
-29774 -13683
-29776 -13680
-29777 -13679
-29778 -13675
-29779 -13673
-29780 -13672
-29781 -13668
-29783 -13664
-29785 -13661
-29786 -13659
-29786 -13657
-29788 -13654
-29790 -13650
-29791 -13646
-29792 -13644
-29793 -13643
-29794 -13639
-29796 -13635
-29798 -13632
-29799 -13630
-29799 -13628
-29801 -13625
-29803 -13621
-29805 -13617
-29806 -13615
-29806 -13614
-29808 -13610
-29810 -13606
-29811 -13603
-29812 -13601
-29813 -13599
-29814 -13596
-29816 -13592
-29818 -13588
-29819 -13586
-29819 -13585
-29821 -13581
-29823 -13577
-29824 -13574
-29825 -13572
-29826 -13570
-29827 -13567
-29829 -13563
-29830 -13562
-29831 -13558
-29832 -13556
-29833 -13555
-29834 -13551
-29836 -13547
-29838 -13544
-29839 -13542
-29839 -13540
-29841 -13537
-29843 -13533
-29844 -13529
-29845 -13527
-29846 -13526
-29847 -13522
-29849 -13518
-29851 -13515
-29852 -13513
-29852 -13511
-29854 -13508
-29856 -13504
-29857 -13500
-29858 -13498
-29859 -13497
-29860 -13493
-29862 -13489
-29864 -13486
-29865 -13484
-29865 -13482
-29867 -13479
-29869 -13475
-29870 -13471
-29871 -13469
-29872 -13468
-29873 -13464
-29875 -13460
-29877 -13457
-29878 -13455
-29878 -13453
-29880 -13450
-29882 -13447
-29882 -13445
-29884 -13442
-29885 -13440
-29885 -13438
-29887 -13435
-29889 -13431
-29890 -13427
-29891 -13425
-29892 -13424
-29893 -13420
-29895 -13416
-29897 -13413
-29898 -13411
-29898 -13409
-29900 -13406
-29902 -13402
-29903 -13398
-29904 -13396
-29905 -13395
-29906 -13391
-29908 -13387
-29910 -13384
-29911 -13382
-29911 -13380
-29913 -13377
-29915 -13373
-29916 -13369
-29917 -13367
-29918 -13366
-29919 -13362
-29921 -13358
-29923 -13355
-29924 -13353
-29924 -13351
-29926 -13348
-29928 -13344
-29929 -13340
-29930 -13338
-29931 -13337
-29932 -13333
-29935 -13329
-29936 -13325
-29937 -13323
-29938 -13322
-29939 -13318
-29941 -13314
-29943 -13311
-29944 -13309
-29944 -13307
-29946 -13304
-29948 -13300
-29949 -13296
-29950 -13294
-29951 -13293
-29952 -13289
-29954 -13285
-29955 -13282
-29956 -13280
-29957 -13278
-29958 -13275
-29961 -13270
-29962 -13267
-29963 -13265
-29964 -13263
-29965 -13260
-29967 -13256
-29968 -13252
-29969 -13250
-29970 -13249
-29971 -13245
-29973 -13241
-29975 -13238
-29976 -13236
-29976 -13234
-29978 -13231
-29979 -13227
-29981 -13223
-29982 -13221
-29982 -13220
-29984 -13216
-29986 -13213
-29987 -13212
-29988 -13208
-29989 -13206
-29990 -13205
-29991 -13201
-29993 -13197
-29994 -13194
-29995 -13192
-29996 -13190
-29997 -13187
-29999 -13183
-30001 -13179
-30002 -13177
-30002 -13176
-30004 -13172
-30005 -13168
-30007 -13165
-30008 -13163
-30008 -13161
-30010 -13158
-30012 -13153
-30014 -13150
-30015 -13148
-30015 -13146
-30017 -13143
-30018 -13139
-30020 -13135
-30021 -13133
-30021 -13132
-30023 -13128
-30025 -13124
-30026 -13121
-30027 -13119
-30028 -13117
-30029 -13114
-30031 -13110
-30032 -13106
-30033 -13104
-30034 -13103
-30035 -13099
-30038 -13096
-30039 -13094
-30040 -13091
-30041 -13089
-30042 -13087
-30043 -13084
-30045 -13080
-30046 -13076
-30047 -13074
-30048 -13073
-30049 -13069
-30051 -13065
-30053 -13062
-30054 -13060
-30054 -13058
-30056 -13055
-30057 -13051
-30059 -13047
-30060 -13045
-30060 -13044
-30062 -13040
-30064 -13036
-30065 -13032
-30066 -13030
-30067 -13029
-30068 -13025
-30070 -13021
-30071 -13018
-30072 -13016
-30073 -13014
-30074 -13011
-30076 -13007
-30078 -13003
-30079 -13001
-30079 -13000
-30081 -12996
-30082 -12992
-30084 -12989
-30085 -12987
-30085 -12985
-30087 -12982
-30089 -12978
-30089 -12977
-30091 -12973
-30092 -12971
-30092 -12970
-30094 -12966
-30095 -12962
-30097 -12959
-30098 -12957
-30098 -12955
-30100 -12952
-30102 -12948
-30103 -12944
-30104 -12942
-30105 -12941
-30106 -12937
-30108 -12933
-30109 -12930
-30110 -12928
-30111 -12926
-30112 -12923
-30114 -12918
-30116 -12915
-30117 -12913
-30117 -12911
-30119 -12908
-30120 -12904
-30122 -12900
-30123 -12898
-30123 -12897
-30125 -12893
-30127 -12889
-30128 -12886
-30129 -12884
-30130 -12882
-30131 -12879
-30133 -12875
-30134 -12871
-30135 -12869
-30136 -12868
-30137 -12864
-30139 -12859
-30141 -12856
-30142 -12854
-30142 -12852
-30144 -12849
-30145 -12845
-30147 -12841
-30148 -12839
-30148 -12838
-30150 -12834
-30152 -12830
-30153 -12827
-30154 -12825
-30155 -12823
-30156 -12820
-30158 -12816
-30159 -12812
-30160 -12810
-30161 -12809
-30162 -12805
-30164 -12801
-30166 -12797
-30167 -12795
-30167 -12794
-30169 -12790
-30170 -12786
-30172 -12783
-30173 -12781
-30173 -12779
-30175 -12776
-30176 -12772
-30178 -12768
-30179 -12766
-30179 -12765
-30181 -12761
-30182 -12757
-30184 -12754
-30185 -12752
-30185 -12750
-30187 -12747
-30189 -12744
-30189 -12742
-30191 -12739
-30192 -12737
-30192 -12735
-30194 -12732
-30195 -12728
-30197 -12724
-30198 -12722
-30198 -12721
-30200 -12717
-30201 -12713
-30203 -12710
-30204 -12708
-30204 -12706
-30206 -12703
-30207 -12699
-30209 -12695
-30210 -12693
-30210 -12692
-30212 -12688
-30214 -12683
-30215 -12680
-30216 -12678
-30217 -12676
-30218 -12673
-30220 -12669
-30221 -12665
-30222 -12663
-30223 -12662
-30224 -12658
-30226 -12654
-30227 -12650
-30228 -12648
-30229 -12647
-30230 -12643
-30232 -12639
-30233 -12636
-30234 -12634
-30235 -12632
-30236 -12629
-30238 -12625
-30239 -12624
-30240 -12620
-30241 -12618
-30242 -12617
-30243 -12613
-30245 -12609
-30246 -12606
-30247 -12604
-30248 -12602
-30249 -12599
-30251 -12594
-30252 -12591
-30253 -12589
-30254 -12587
-30255 -12584
-30257 -12580
-30258 -12576
-30259 -12574
-30260 -12573
-30261 -12569
-30263 -12565
-30265 -12561
-30266 -12559
-30266 -12558
-30268 -12554
-30269 -12550
-30271 -12547
-30272 -12545
-30272 -12543
-30274 -12540
-30275 -12535
-30277 -12532
-30278 -12530
-30278 -12528
-30280 -12525
-30281 -12521
-30283 -12517
-30284 -12515
-30284 -12514
-30286 -12510
-30287 -12507
-30288 -12506
-30289 -12502
-30290 -12500
-30291 -12499
-30292 -12495
-30294 -12491
-30295 -12488
-30296 -12486
-30297 -12484
-30298 -12481
-30300 -12476
-30301 -12473
-30302 -12471
-30303 -12469
-30304 -12466
-30306 -12462
-30307 -12458
-30308 -12456
-30309 -12455
-30310 -12451
-30312 -12447
-30313 -12443
-30314 -12441
-30315 -12440
-30316 -12436
-30318 -12432
-30319 -12429
-30320 -12427
-30321 -12425
-30322 -12422
-30324 -12417
-30325 -12414
-30326 -12412
-30327 -12410
-30328 -12407
-30330 -12403
-30331 -12399
-30332 -12397
-30333 -12396
-30334 -12392
-30336 -12388
-30338 -12384
-30339 -12382
-30339 -12381
-30341 -12377
-30342 -12373
-30344 -12370
-30345 -12368
-30345 -12366
-30347 -12363
-30348 -12358
-30350 -12355
-30351 -12353
-30351 -12351
-30353 -12348
-30354 -12344
-30356 -12340
-30357 -12338
-30357 -12337
-30359 -12333
-30360 -12329
-30362 -12325
-30363 -12323
-30363 -12322
-30365 -12318
-30366 -12314
-30368 -12311
-30369 -12309
-30369 -12307
-30371 -12304
-30372 -12299
-30374 -12296
-30375 -12294
-30375 -12292
-30377 -12289
-30378 -12285
-30379 -12281
-30380 -12279
-30381 -12278
-30382 -12274
-30384 -12271
-30385 -12269
-30386 -12266
-30387 -12264
-30387 -12262
-30388 -12259
-30390 -12255
-30391 -12251
-30392 -12249
-30393 -12248
-30394 -12244
-30396 -12240
-30397 -12236
-30398 -12234
-30399 -12233
-30400 -12229
-30402 -12225
-30403 -12222
-30404 -12220
-30404 -12218
-30405 -12215
-30408 -12210
-30409 -12207
-30410 -12205
-30411 -12203
-30412 -12200
-30414 -12196
-30415 -12192
-30416 -12190
-30416 -12189
-30417 -12185
-30420 -12181
-30421 -12177
-30422 -12175
-30422 -12174
-30423 -12170
-30425 -12166
-30426 -12163
-30427 -12161
-30428 -12159
-30429 -12156
-30433 -12151
-30433 -12150
-30434 -12146
-30435 -12144
-30436 -12143
-30437 -12139
-30439 -12135
-30440 -12132
-30441 -12130
-30441 -12128
-30442 -12125
-30445 -12120
-30446 -12117
-30447 -12115
-30447 -12113
-30448 -12110
-30450 -12106
-30451 -12102
-30452 -12100
-30453 -12099
-30454 -12095
-30457 -12091
-30458 -12087
-30459 -12085
-30459 -12084
-30460 -12080
-30462 -12076
-30463 -12073
-30464 -12071
-30465 -12069
-30466 -12066
-30468 -12061
-30469 -12058
-30470 -12056
-30471 -12054
-30472 -12051
-30474 -12047
-30475 -12043
-30476 -12041
-30476 -12040
-30477 -12036
-30480 -12032
-30480 -12031
-30481 -12027
-30482 -12025
-30483 -12024
-30484 -12020
-30486 -12016
-30487 -12013
-30488 -12011
-30488 -12009
-30489 -12006
-30492 -12001
-30493 -11998
-30494 -11996
-30494 -11994
-30495 -11991
-30497 -11987
-30498 -11983
-30499 -11981
-30500 -11980
-30501 -11976
-30503 -11971
-30504 -11968
-30505 -11966
-30506 -11964
-30507 -11961
-30509 -11957
-30510 -11953
-30511 -11951
-30511 -11950
-30512 -11946
-30515 -11942
-30516 -11938
-30517 -11936
-30517 -11935
-30518 -11931
-30520 -11927
-30521 -11924
-30522 -11922
-30523 -11920
-30524 -11917
-30527 -11912
-30528 -11908
-30529 -11906
-30529 -11905
-30530 -11901
-30532 -11897
-30533 -11894
-30534 -11892
-30535 -11890
-30536 -11887
-30538 -11882
-30539 -11879
-30540 -11877
-30541 -11875
-30542 -11872
-30544 -11868
-30545 -11864
-30546 -11862
-30546 -11861
-30547 -11857
-30550 -11852
-30551 -11849
-30552 -11847
-30552 -11845
-30553 -11842
-30555 -11838
-30556 -11834
-30557 -11832
-30558 -11831
-30559 -11827
-30561 -11823
-30562 -11819
-30563 -11817
-30564 -11816
-30565 -11812
-30567 -11808
-30568 -11805
-30569 -11803
-30569 -11801
-30570 -11798
-30573 -11794
-30573 -11793
-30574 -11789
-30575 -11787
-30576 -11786
-30577 -11782
-30579 -11778
-30580 -11775
-30581 -11773
-30581 -11771
-30582 -11768
-30584 -11763
-30585 -11760
-30586 -11758
-30587 -11756
-30588 -11753
-30590 -11749
-30591 -11745
-30592 -11743
-30592 -11742
-30593 -11738
-30596 -11733
-30597 -11730
-30598 -11728
-30598 -11726
-30599 -11723
-30601 -11719
-30602 -11715
-30603 -11713
-30604 -11712
-30605 -11708
-30607 -11704
-30608 -11700
-30609 -11698
-30609 -11697
-30610 -11693
-30612 -11689
-30613 -11686
-30614 -11684
-30615 -11682
-30616 -11679
-30618 -11674
-30619 -11673
-30620 -11669
-30621 -11667
-30621 -11666
-30622 -11662
-30624 -11658
-30625 -11655
-30626 -11653
-30627 -11651
-30628 -11648
-30630 -11643
-30631 -11640
-30632 -11638
-30632 -11636
-30633 -11633
-30635 -11629
-30636 -11625
-30637 -11623
-30638 -11622
-30639 -11618
-30641 -11613
-30642 -11610
-30643 -11608
-30644 -11606
-30645 -11603
-30647 -11599
-30648 -11595
-30649 -11593
-30649 -11592
-30650 -11588
-30652 -11584
-30653 -11580
-30654 -11578
-30655 -11577
-30656 -11573
-30658 -11569
-30659 -11566
-30660 -11564
-30660 -11562
-30661 -11559
-30664 -11555
-30664 -11553
-30665 -11550
-30666 -11548
-30667 -11546
-30668 -11543
-30670 -11539
-30671 -11535
-30672 -11533
-30672 -11532
-30673 -11528
-30675 -11524
-30676 -11520
-30677 -11518
-30678 -11517
-30679 -11513
-30681 -11509
-30682 -11506
-30683 -11504
-30683 -11502
-30684 -11499
-30686 -11494
-30687 -11490
-30688 -11488
-30689 -11487
-30690 -11483
-30692 -11479
-30693 -11476
-30694 -11474
-30694 -11472
-30695 -11469
-30697 -11464
-30698 -11461
-30699 -11459
-30700 -11457
-30701 -11454
-30703 -11450
-30704 -11446
-30705 -11444
-30705 -11443
-30706 -11439
-30709 -11434
-30710 -11430
-30711 -11428
-30711 -11427
-30712 -11423
-30714 -11419
-30715 -11416
-30716 -11414
-30717 -11412
-30718 -11409
-30720 -11405
-30721 -11401
-30722 -11399
-30722 -11397
-30723 -11394
-30725 -11390
-30726 -11386
-30727 -11384
-30728 -11382
-30729 -11379
-30731 -11375
-30732 -11371
-30733 -11369
-30733 -11367
-30734 -11364
-30736 -11360
-30737 -11356
-30738 -11354
-30739 -11352
-30740 -11349
-30742 -11345
-30743 -11341
-30744 -11339
-30744 -11337
-30745 -11334
-30747 -11330
-30748 -11326
-30749 -11324
-30750 -11322
-30751 -11319
-30752 -11316
-30753 -11315
-30754 -11311
-30755 -11309
-30755 -11307
-30756 -11304
-30758 -11300
-30759 -11296
-30760 -11294
-30761 -11292
-30762 -11289
-30764 -11285
-30765 -11281
-30766 -11279
-30766 -11277
-30767 -11274
-30769 -11270
-30770 -11266
-30771 -11264
-30772 -11262
-30773 -11259
-30775 -11255
-30776 -11251
-30777 -11249
-30777 -11247
-30778 -11244
-30780 -11240
-30781 -11236
-30782 -11234
-30782 -11232
-30783 -11229
-30785 -11225
-30786 -11221
-30787 -11219
-30788 -11217
-30789 -11214
-30790 -11210
-30791 -11206
-30792 -11204
-30793 -11202
-30794 -11199
-30797 -11195
-30798 -11194
-30799 -11190
-30800 -11188
-30800 -11186
-30801 -11183
-30803 -11179
-30804 -11175
-30805 -11173
-30805 -11171
-30806 -11168
-30808 -11164
-30809 -11160
-30810 -11158
-30811 -11156
-30812 -11153
-30813 -11149
-30814 -11145
-30815 -11143
-30816 -11141
-30817 -11138
-30819 -11134
-30820 -11130
-30821 -11128
-30822 -11126
-30823 -11123
-30824 -11119
-30825 -11115
-30826 -11113
-30827 -11111
-30828 -11108
-30830 -11104
-30831 -11100
-30832 -11098
-30832 -11096
-30833 -11093
-30835 -11089
-30836 -11085
-30837 -11083
-30837 -11081
-30838 -11078
-30840 -11075
-30841 -11074
-30842 -11070
-30843 -11068
-30843 -11066
-30844 -11063
-30846 -11059
-30847 -11055
-30848 -11053
-30848 -11051
-30849 -11048
-30851 -11044
-30852 -11040
-30853 -11038
-30854 -11036
-30855 -11033
-30856 -11029
-30857 -11025
-30858 -11023
-30859 -11021
-30860 -11018
-30862 -11014
-30863 -11010
-30864 -11008
-30865 -11006
-30866 -11003
-30867 -10999
-30868 -10995
-30869 -10993
-30870 -10991
-30871 -10988
-30873 -10984
-30874 -10980
-30875 -10978
-30875 -10976
-30876 -10973
-30878 -10969
-30879 -10965
-30880 -10963
-30880 -10961
-30881 -10958
-30884 -10953
-30885 -10949
-30886 -10947
-30886 -10945
-30887 -10942
-30889 -10938
-30890 -10934
-30891 -10932
-30891 -10930
-30892 -10927
-30894 -10923
-30895 -10919
-30896 -10917
-30897 -10915
-30898 -10912
-30899 -10908
-30900 -10904
-30901 -10902
-30902 -10900
-30903 -10897
-30905 -10893
-30906 -10889
-30907 -10887
-30907 -10885
-30908 -10882
-30910 -10878
-30911 -10874
-30912 -10872
-30912 -10870
-30913 -10867
-30915 -10863
-30916 -10859
-30917 -10857
-30918 -10855
-30919 -10852
-30920 -10848
-30921 -10844
-30922 -10842
-30923 -10840
-30924 -10837
-30925 -10834
-30926 -10832
-30927 -10829
-30928 -10826
-30928 -10825
-30929 -10821
-30931 -10817
-30932 -10814
-30933 -10811
-30933 -10810
-30934 -10806
-30936 -10802
-30937 -10799
-30938 -10796
-30939 -10795
-30940 -10791
-30941 -10787
-30942 -10784
-30943 -10781
-30944 -10780
-30945 -10776
-30947 -10772
-30948 -10769
-30949 -10766
-30950 -10765
-30951 -10761
-30952 -10757
-30953 -10754
-30954 -10751
-30955 -10750
-30956 -10746
-30957 -10742
-30958 -10739
-30959 -10736
-30960 -10735
-30961 -10731
-30962 -10727
-30963 -10724
-30964 -10721
-30965 -10720
-30966 -10716
-30968 -10713
-30968 -10712
-30969 -10708
-30970 -10706
-30971 -10704
-30972 -10701
-30973 -10697
-30974 -10693
-30975 -10691
-30976 -10689
-30977 -10686
-30978 -10682
-30979 -10678
-30980 -10676
-30981 -10674
-30982 -10671
-30983 -10667
-30984 -10663
-30985 -10661
-30986 -10659
-30987 -10656
-30989 -10651
-30990 -10648
-30991 -10645
-30991 -10644
-30992 -10640
-30994 -10636
-30995 -10633
-30996 -10630
-30996 -10629
-30997 -10625
-30999 -10621
-31000 -10618
-31001 -10615
-31001 -10614
-31002 -10610
-31004 -10606
-31005 -10603
-31006 -10600
-31006 -10599
-31007 -10595
-31009 -10592
-31009 -10591
-31010 -10587
-31011 -10585
-31012 -10583
-31013 -10580
-31014 -10576
-31015 -10572
-31016 -10570
-31017 -10568
-31018 -10565
-31019 -10561
-31020 -10557
-31021 -10555
-31022 -10553
-31023 -10550
-31024 -10546
-31025 -10542
-31026 -10540
-31027 -10538
-31028 -10535
-31030 -10530
-31031 -10527
-31032 -10524
-31032 -10523
-31033 -10519
-31035 -10515
-31036 -10512
-31037 -10509
-31037 -10508
-31038 -10504
-31040 -10500
-31041 -10497
-31042 -10494
-31042 -10493
-31043 -10489
-31045 -10485
-31046 -10482
-31047 -10479
-31047 -10478
-31048 -10474
-31051 -10469
-31052 -10466
-31053 -10463
-31053 -10462
-31054 -10458
-31056 -10454
-31057 -10451
-31058 -10448
-31058 -10447
-31059 -10443
-31061 -10439
-31062 -10436
-31063 -10433
-31063 -10432
-31064 -10428
-31066 -10424
-31067 -10421
-31068 -10418
-31068 -10417
-31069 -10413
-31071 -10409
-31072 -10405
-31073 -10403
-31073 -10401
-31074 -10398
-31076 -10394
-31077 -10390
-31078 -10388
-31078 -10386
-31079 -10383
-31081 -10379
-31082 -10375
-31083 -10373
-31083 -10371
-31084 -10368
-31086 -10364
-31087 -10364
-31088 -10360
-31090 -10356
-31091 -10353
-31092 -10350
-31092 -10349
-31093 -10345
-31095 -10341
-31096 -10338
-31097 -10335
-31097 -10334
-31098 -10330
-31100 -10326
-31101 -10323
-31102 -10320
-31102 -10319
-31103 -10315
-31105 -10311
-31106 -10307
-31107 -10305
-31107 -10303
-31108 -10300
-31110 -10296
-31111 -10292
-31112 -10290
-31112 -10288
-31113 -10285
-31115 -10281
-31116 -10277
-31117 -10275
-31117 -10273
-31118 -10270
-31120 -10266
-31121 -10262
-31122 -10260
-31122 -10258
-31123 -10255
-31125 -10249
-31126 -10246
-31127 -10243
-31128 -10242
-31129 -10238
-31130 -10234
-31131 -10231
-31132 -10228
-31132 -10227
-31133 -10223
-31135 -10219
-31136 -10216
-31137 -10213
-31137 -10212
-31138 -10208
-31140 -10204
-31141 -10201
-31141 -10198
-31142 -10197
-31143 -10193
-31145 -10189
-31146 -10185
-31147 -10183
-31147 -10181
-31148 -10178
-31150 -10174
-31151 -10170
-31151 -10168
-31152 -10166
-31153 -10163
-31155 -10159
-31156 -10155
-31156 -10153
-31157 -10151
-31158 -10148
-31159 -10144
-31160 -10140
-31161 -10138
-31161 -10136
-31162 -10133
-31165 -10129
-31165 -10128
-31166 -10124
-31167 -10122
-31167 -10120
-31168 -10117
-31170 -10113
-31171 -10109
-31171 -10107
-31172 -10105
-31173 -10102
-31175 -10098
-31176 -10094
-31176 -10092
-31177 -10090
-31178 -10087
-31179 -10083
-31180 -10079
-31181 -10077
-31181 -10075
-31182 -10072
-31185 -10067
-31186 -10064
-31186 -10061
-31187 -10060
-31188 -10056
-31189 -10052
-31190 -10049
-31191 -10046
-31191 -10045
-31192 -10041
-31194 -10037
-31195 -10034
-31196 -10031
-31196 -10030
-31197 -10026
-31199 -10022
-31200 -10019
-31200 -10016
-31201 -10015
-31202 -10011
-31204 -10007
-31204 -10006
-31205 -10002
-31206 -10000
-31206 -9998
-31207 -9995
-31209 -9991
-31210 -9987
-31210 -9985
-31211 -9983
-31212 -9980
-31214 -9976
-31215 -9972
-31215 -9970
-31216 -9968
-31217 -9965
-31218 -9961
-31219 -9957
-31220 -9955
-31220 -9953
-31221 -9950
-31223 -9945
-31224 -9942
-31225 -9939
-31225 -9938
-31226 -9934
-31228 -9930
-31229 -9927
-31229 -9924
-31230 -9923
-31231 -9919
-31233 -9915
-31234 -9912
-31234 -9909
-31235 -9908
-31236 -9904
-31237 -9900
-31238 -9897
-31239 -9894
-31239 -9893
-31240 -9889
-31242 -9886
-31243 -9884
-31244 -9881
-31244 -9878
-31245 -9877
-31246 -9873
-31247 -9869
-31248 -9866
-31249 -9863
-31249 -9862
-31250 -9858
-31252 -9854
-31253 -9850
-31254 -9848
-31254 -9846
-31255 -9843
-31257 -9839
-31258 -9835
-31258 -9833
-31259 -9831
-31260 -9828
-31262 -9823
-31263 -9820
-31263 -9817
-31264 -9816
-31265 -9812
-31266 -9808
-31267 -9805
-31268 -9802
-31268 -9801
-31269 -9797
-31271 -9793
-31272 -9789
-31273 -9787
-31273 -9785
-31274 -9782
-31276 -9778
-31277 -9774
-31277 -9772
-31278 -9770
-31279 -9767
-31281 -9762
-31282 -9759
-31283 -9756
-31283 -9755
-31284 -9751
-31286 -9747
-31287 -9744
-31287 -9741
-31288 -9740
-31289 -9736
-31291 -9732
-31292 -9728
-31292 -9726
-31293 -9724
-31294 -9721
-31295 -9717
-31296 -9713
-31297 -9711
-31297 -9709
-31298 -9706
-31300 -9701
-31301 -9698
-31301 -9695
-31302 -9694
-31303 -9690
-31304 -9686
-31305 -9683
-31306 -9680
-31306 -9679
-31307 -9675
-31309 -9671
-31310 -9667
-31310 -9665
-31311 -9663
-31312 -9660
-31313 -9656
-31314 -9652
-31315 -9650
-31315 -9648
-31316 -9645
-31318 -9642
-31319 -9640
-31320 -9637
-31320 -9634
-31321 -9633
-31322 -9629
-31323 -9625
-31324 -9622
-31325 -9619
-31325 -9618
-31326 -9614
-31328 -9610
-31329 -9606
-31329 -9604
-31330 -9602
-31331 -9599
-31332 -9595
-31333 -9591
-31334 -9589
-31334 -9587
-31335 -9584
-31337 -9579
-31338 -9576
-31339 -9573
-31339 -9572
-31340 -9568
-31342 -9564
-31343 -9561
-31343 -9558
-31344 -9557
-31345 -9553
-31346 -9549
-31347 -9545
-31348 -9543
-31348 -9541
-31349 -9538
-31351 -9534
-31352 -9530
-31352 -9528
-31353 -9526
-31354 -9523
-31356 -9519
-31357 -9517
-31358 -9514
-31358 -9511
-31359 -9510
-31360 -9506
-31361 -9502
-31362 -9499
-31363 -9496
-31363 -9495
-31364 -9491
-31366 -9487
-31367 -9483
-31367 -9481
-31368 -9479
-31369 -9476
-31370 -9472
-31371 -9468
-31372 -9466
-31372 -9464
-31373 -9461
-31375 -9456
-31376 -9453
-31376 -9450
-31377 -9449
-31378 -9445
-31379 -9441
-31380 -9438
-31381 -9435
-31381 -9434
-31382 -9430
-31384 -9426
-31385 -9422
-31385 -9420
-31386 -9418
-31387 -9415
-31388 -9411
-31389 -9407
-31390 -9405
-31390 -9403
-31391 -9400
-31393 -9396
-31393 -9395
-31394 -9391
-31395 -9389
-31395 -9387
-31396 -9384
-31398 -9380
-31399 -9376
-31399 -9374
-31400 -9372
-31401 -9369
-31402 -9364
-31403 -9361
-31404 -9358
-31404 -9357
-31405 -9353
-31407 -9349
-31408 -9346
-31408 -9343
-31409 -9342
-31410 -9338
-31411 -9334
-31412 -9330
-31413 -9328
-31413 -9326
-31414 -9323
-31416 -9319
-31417 -9315
-31417 -9313
-31418 -9311
-31419 -9308
-31420 -9303
-31421 -9300
-31422 -9297
-31422 -9296
-31423 -9292
-31425 -9288
-31426 -9285
-31426 -9282
-31427 -9281
-31428 -9277
-31429 -9272
-31430 -9268
-31431 -9266
-31431 -9264
-31432 -9261
-31434 -9257
-31435 -9253
-31435 -9251
-31436 -9249
-31437 -9246
-31438 -9241
-31439 -9238
-31440 -9235
-31440 -9234
-31441 -9230
-31443 -9226
-31444 -9223
-31444 -9220
-31445 -9219
-31446 -9215
-31447 -9211
-31448 -9207
-31449 -9205
-31449 -9203
-31450 -9200
-31451 -9196
-31452 -9192
-31453 -9190
-31453 -9188
-31454 -9185
-31456 -9180
-31457 -9177
-31457 -9174
-31458 -9173
-31459 -9169
-31460 -9165
-31461 -9162
-31461 -9159
-31462 -9158
-31463 -9154
-31465 -9151
-31465 -9149
-31466 -9146
-31467 -9143
-31467 -9142
-31468 -9138
-31469 -9134
-31470 -9131
-31471 -9128
-31471 -9127
-31472 -9123
-31474 -9119
-31475 -9115
-31475 -9113
-31476 -9111
-31477 -9108
-31478 -9104
-31479 -9100
-31479 -9098
-31480 -9096
-31481 -9093
-31483 -9088
-31484 -9085
-31484 -9082
-31485 -9081
-31486 -9077
-31487 -9073
-31488 -9070
-31488 -9067
-31489 -9066
-31490 -9062
-31491 -9058
-31492 -9054
-31493 -9052
-31493 -9050
-31494 -9047
-31495 -9043
-31496 -9039
-31497 -9037
-31497 -9035
-31498 -9032
-31501 -9028
-31501 -9026
-31502 -9023
-31503 -9020
-31503 -9019
-31504 -9015
-31505 -9011
-31506 -9008
-31507 -9005
-31507 -9004
-31508 -9000
-31510 -8996
-31511 -8992
-31511 -8990
-31512 -8988
-31513 -8985
-31514 -8981
-31515 -8977
-31515 -8975
-31516 -8973
-31517 -8970
-31519 -8965
-31520 -8961
-31520 -8959
-31521 -8957
-31522 -8954
-31523 -8950
-31524 -8946
-31524 -8944
-31525 -8942
-31526 -8939
-31527 -8934
-31528 -8931
-31529 -8928
-31529 -8927
-31530 -8923
-31531 -8919
-31532 -8916
-31533 -8913
-31533 -8912
-31534 -8908
-31535 -8905
-31536 -8903
-31537 -8900
-31537 -8897
-31538 -8896
-31539 -8892
-31540 -8888
-31541 -8885
-31541 -8882
-31542 -8881
-31543 -8877
-31544 -8873
-31545 -8869
-31546 -8867
-31546 -8865
-31547 -8862
-31548 -8858
-31549 -8854
-31550 -8852
-31550 -8850
-31551 -8847
-31553 -8842
-31554 -8838
-31554 -8836
-31555 -8834
-31556 -8831
-31557 -8827
-31558 -8823
-31558 -8821
-31559 -8819
-31560 -8816
-31561 -8811
-31562 -8808
-31563 -8805
-31563 -8804
-31564 -8800
-31565 -8796
-31566 -8793
-31567 -8790
-31567 -8789
-31568 -8785
-31570 -8780
-31571 -8776
-31572 -8774
-31572 -8772
-31573 -8769
-31574 -8765
-31575 -8761
-31576 -8759
-31576 -8757
-31577 -8754
-31579 -8749
-31580 -8746
-31580 -8743
-31581 -8742
-31582 -8738
-31583 -8734
-31584 -8731
-31584 -8728
-31585 -8727
-31586 -8723
-31588 -8718
-31589 -8715
-31589 -8712
-31590 -8711
-31591 -8707
-31592 -8703
-31593 -8700
-31593 -8697
-31594 -8696
-31595 -8692
-31596 -8688
-31597 -8684
-31597 -8682
-31598 -8680
-31599 -8677
-31600 -8673
-31601 -8669
-31601 -8667
-31602 -8665
-31603 -8662
-31604 -8658
-31604 -8657
-31605 -8653
-31606 -8651
-31606 -8649
-31607 -8646
-31608 -8642
-31609 -8638
-31610 -8636
-31610 -8634
-31611 -8631
-31612 -8626
-31613 -8623
-31614 -8620
-31614 -8619
-31615 -8615
-31616 -8611
-31617 -8608
-31618 -8605
-31618 -8604
-31619 -8600
-31621 -8595
-31622 -8592
-31622 -8589
-31623 -8588
-31624 -8584
-31625 -8580
-31626 -8577
-31626 -8574
-31627 -8573
-31628 -8569
-31629 -8565
-31630 -8561
-31630 -8559
-31631 -8557
-31632 -8554
-31633 -8550
-31634 -8546
-31634 -8544
-31635 -8542
-31636 -8539
-31638 -8534
-31638 -8533
-31639 -8529
-31640 -8527
-31640 -8525
-31641 -8522
-31642 -8518
-31643 -8514
-31644 -8512
-31644 -8510
-31645 -8507
-31646 -8502
-31647 -8499
-31648 -8496
-31648 -8495
-31649 -8491
-31650 -8487
-31651 -8484
-31652 -8481
-31652 -8480
-31653 -8476
-31655 -8471
-31656 -8468
-31656 -8465
-31657 -8464
-31658 -8460
-31659 -8456
-31660 -8453
-31660 -8450
-31661 -8449
-31662 -8445
-31663 -8441
-31664 -8437
-31664 -8435
-31665 -8433
-31666 -8430
-31667 -8426
-31668 -8422
-31668 -8420
-31669 -8418
-31670 -8415
-31671 -8411
-31671 -8409
-31672 -8406
-31673 -8403
-31673 -8402
-31674 -8398
-31675 -8394
-31676 -8391
-31677 -8388
-31677 -8387
-31678 -8383
-31679 -8379
-31680 -8375
-31681 -8373
-31681 -8371
-31682 -8368
-31683 -8364
-31684 -8360
-31685 -8358
-31685 -8356
-31686 -8353
-31687 -8348
-31688 -8344
-31689 -8342
-31689 -8340
-31690 -8337
-31691 -8333
-31692 -8329
-31693 -8327
-31693 -8325
-31694 -8322
-31695 -8317
-31696 -8314
-31697 -8311
-31697 -8310
-31698 -8306
-31699 -8302
-31700 -8299
-31701 -8296
-31701 -8295
-31702 -8291
-31704 -8285
-31705 -8282
-31705 -8279
-31706 -8278
-31707 -8274
-31708 -8270
-31709 -8267
-31709 -8264
-31710 -8263
-31711 -8259
-31712 -8255
-31713 -8251
-31713 -8249
-31714 -8247
-31715 -8244
-31716 -8240
-31717 -8236
-31717 -8234
-31718 -8232
-31719 -8229
-31720 -8224
-31721 -8220
-31721 -8218
-31722 -8216
-31723 -8213
-31724 -8209
-31725 -8205
-31725 -8203
-31726 -8201
-31727 -8198
-31728 -8193
-31729 -8190
-31730 -8187
-31730 -8186
-31730 -8182
-31732 -8178
-31732 -8175
-31733 -8172
-31733 -8171
-31734 -8167
-31736 -8164
-31736 -8162
-31737 -8159
-31738 -8156
-31738 -8155
-31738 -8151
-31740 -8147
-31740 -8144
-31741 -8141
-31741 -8140
-31742 -8136
-31744 -8132
-31744 -8128
-31745 -8126
-31745 -8124
-31746 -8121
-31747 -8116
-31748 -8113
-31749 -8110
-31749 -8109
-31749 -8105
-31752 -8101
-31752 -8097
-31753 -8095
-31753 -8093
-31754 -8090
-31755 -8085
-31756 -8082
-31757 -8079
-31757 -8078
-31757 -8074
-31759 -8070
-31760 -8066
-31761 -8064
-31761 -8062
-31761 -8059
-31763 -8054
-31763 -8051
-31764 -8048
-31764 -8047
-31765 -8043
-31768 -8040
-31768 -8038
-31769 -8035
-31770 -8032
-31770 -8031
-31770 -8027
-31772 -8023
-31772 -8019
-31773 -8017
-31773 -8015
-31774 -8012
-31776 -8007
-31776 -8004
-31777 -8001
-31777 -8000
-31778 -7996
-31779 -7992
-31780 -7988
-31781 -7986
-31781 -7984
-31781 -7981
-31784 -7976
-31784 -7973
-31785 -7970
-31785 -7969
-31786 -7965
-31787 -7961
-31788 -7957
-31789 -7955
-31789 -7953
-31789 -7950
-31791 -7945
-31792 -7942
-31793 -7939
-31793 -7938
-31793 -7934
-31795 -7930
-31795 -7926
-31796 -7924
-31796 -7922
-31797 -7919
-31799 -7916
-31799 -7914
-31799 -7911
-31800 -7908
-31800 -7907
-31801 -7903
-31802 -7899
-31803 -7895
-31804 -7893
-31804 -7891
-31804 -7888
-31806 -7883
-31807 -7880
-31808 -7877
-31808 -7876
-31808 -7872
-31810 -7868
-31810 -7864
-31811 -7862
-31811 -7860
-31812 -7857
-31814 -7852
-31814 -7849
-31815 -7846
-31815 -7845
-31816 -7841
-31817 -7837
-31818 -7833
-31819 -7831
-31819 -7829
-31819 -7826
-31821 -7821
-31822 -7818
-31823 -7815
-31823 -7814
-31823 -7810
-31825 -7806
-31825 -7802
-31826 -7800
-31826 -7798
-31827 -7795
-31829 -7790
-31830 -7786
-31831 -7784
-31831 -7782
-31831 -7779
-31833 -7774
-31833 -7771
-31834 -7768
-31834 -7767
-31835 -7763
-31837 -7759
-31837 -7755
-31838 -7753
-31838 -7751
-31839 -7748
-31840 -7743
-31841 -7740
-31842 -7737
-31842 -7736
-31842 -7732
-31844 -7728
-31845 -7724
-31846 -7722
-31846 -7720
-31846 -7717
-31848 -7712
-31848 -7709
-31849 -7706
-31849 -7705
-31850 -7701
-31852 -7697
-31852 -7693
-31853 -7691
-31853 -7689
-31854 -7686
-31855 -7681
-31856 -7678
-31857 -7675
-31857 -7674
-31857 -7670
-31859 -7667
-31859 -7666
-31860 -7662
-31861 -7660
-31861 -7658
-31861 -7655
-31863 -7650
-31863 -7647
-31864 -7644
-31864 -7643
-31865 -7639
-31866 -7635
-31867 -7631
-31868 -7629
-31868 -7627
-31868 -7624
-31870 -7619
-31870 -7616
-31871 -7613
-31871 -7612
-31872 -7608
-31874 -7604
-31874 -7600
-31875 -7598
-31875 -7596
-31876 -7593
-31877 -7588
-31878 -7585
-31879 -7582
-31879 -7581
-31879 -7577
-31881 -7573
-31881 -7569
-31882 -7567
-31882 -7565
-31883 -7562
-31884 -7557
-31885 -7554
-31886 -7551
-31886 -7550
-31886 -7546
-31890 -7543
-31890 -7541
-31890 -7538
-31891 -7535
-31891 -7534
-31892 -7530
-31893 -7526
-31894 -7522
-31895 -7520
-31895 -7518
-31895 -7515
-31897 -7510
-31897 -7507
-31898 -7504
-31898 -7503
-31899 -7499
-31900 -7495
-31901 -7491
-31902 -7489
-31902 -7487
-31902 -7484
-31904 -7479
-31905 -7476
-31906 -7473
-31906 -7472
-31906 -7468
-31908 -7464
-31908 -7460
-31909 -7458
-31909 -7456
-31910 -7453
-31911 -7448
-31912 -7445
-31913 -7442
-31913 -7441
-31913 -7437
-31915 -7433
-31915 -7429
-31916 -7427
-31916 -7425
-31917 -7422
-31918 -7418
-31918 -7417
-31919 -7413
-31920 -7411
-31920 -7409
-31920 -7406
-31922 -7401
-31922 -7398
-31923 -7395
-31923 -7394
-31924 -7390
-31925 -7386
-31926 -7382
-31927 -7380
-31927 -7378
-31927 -7375
-31929 -7370
-31929 -7367
-31930 -7364
-31930 -7363
-31931 -7359
-31932 -7355
-31933 -7351
-31934 -7349
-31934 -7347
-31934 -7344
-31936 -7339
-31936 -7336
-31937 -7333
-31937 -7332
-31938 -7328
-31939 -7324
-31940 -7320
-31941 -7318
-31941 -7316
-31941 -7313
-31943 -7308
-31943 -7305
-31944 -7302
-31944 -7301
-31945 -7297
-31947 -7292
-31947 -7288
-31948 -7286
-31948 -7284
-31949 -7281
-31950 -7276
-31951 -7273
-31952 -7270
-31952 -7269
-31952 -7265
-31954 -7261
-31954 -7257
-31955 -7255
-31955 -7253
-31956 -7250
-31957 -7245
-31958 -7242
-31959 -7239
-31959 -7238
-31959 -7234
-31961 -7230
-31961 -7226
-31962 -7224
-31962 -7222
-31963 -7219
-31964 -7214
-31965 -7211
-31966 -7208
-31966 -7207
-31966 -7203
-31968 -7199
-31968 -7195
-31969 -7193
-31969 -7191
-31970 -7188
-31971 -7183
-31972 -7180
-31973 -7177
-31973 -7176
-31973 -7172
-31975 -7169
-31975 -7167
-31976 -7164
-31977 -7161
-31977 -7160
-31977 -7156
-31978 -7152
-31979 -7148
-31980 -7146
-31980 -7144
-31980 -7141
-31982 -7136
-31982 -7133
-31983 -7130
-31983 -7129
-31984 -7125
-31985 -7121
-31985 -7117
-31986 -7115
-31986 -7113
-31987 -7110
-31989 -7105
-31989 -7102
-31990 -7099
-31990 -7098
-31991 -7094
-31992 -7090
-31992 -7086
-31993 -7084
-31993 -7082
-31994 -7079
-31995 -7074
-31996 -7071
-31997 -7068
-31997 -7067
-31997 -7063
-31998 -7059
-31999 -7055
-32000 -7053
-32000 -7051
-32000 -7048
-32003 -7043
-32003 -7042
-32004 -7038
-32005 -7036
-32005 -7034
-32005 -7031
-32006 -7026
-32007 -7023
-32008 -7020
-32008 -7019
-32008 -7015
-32010 -7011
-32010 -7007
-32011 -7005
-32011 -7003
-32012 -7000
-32013 -6995
-32013 -6992
-32014 -6989
-32014 -6988
-32015 -6984
-32017 -6979
-32017 -6976
-32018 -6973
-32018 -6972
-32019 -6968
-32020 -6964
-32020 -6960
-32021 -6958
-32021 -6956
-32022 -6953
-32023 -6948
-32024 -6945
-32025 -6942
-32025 -6941
-32025 -6937
-32026 -6933
-32027 -6929
-32028 -6927
-32028 -6925
-32028 -6922
-32030 -6918
-32030 -6917
-32031 -6913
-32032 -6911
-32032 -6909
-32032 -6906
-32033 -6901
-32034 -6898
-32035 -6895
-32035 -6894
-32035 -6890
-32037 -6886
-32037 -6882
-32038 -6880
-32038 -6878
-32039 -6875
-32040 -6870
-32040 -6867
-32041 -6864
-32041 -6863
-32042 -6859
-32043 -6854
-32044 -6851
-32045 -6848
-32045 -6847
-32045 -6843
-32046 -6839
-32047 -6835
-32048 -6833
-32048 -6831
-32048 -6828
-32050 -6823
-32050 -6820
-32051 -6817
-32051 -6816
-32052 -6812
-32053 -6808
-32053 -6804
-32054 -6802
-32054 -6800
-32055 -6797
-32057 -6792
-32057 -6788
-32058 -6786
-32058 -6784
-32059 -6781
-32060 -6776
-32060 -6773
-32061 -6770
-32061 -6769
-32062 -6765
-32063 -6761
-32064 -6757
-32065 -6755
-32065 -6753
-32065 -6750
-32066 -6745
-32067 -6742
-32068 -6739
-32068 -6738
-32068 -6734
-32070 -6729
-32070 -6726
-32071 -6723
-32071 -6722
-32072 -6718
-32073 -6714
-32073 -6710
-32074 -6708
-32074 -6706
-32075 -6703
-32076 -6698
-32077 -6695
-32078 -6692
-32078 -6691
-32078 -6687
-32079 -6683
-32080 -6679
-32081 -6677
-32081 -6675
-32081 -6672
-32083 -6668
-32083 -6667
-32084 -6663
-32085 -6661
-32085 -6659
-32085 -6656
-32086 -6651
-32087 -6648
-32088 -6645
-32088 -6644
-32088 -6640
-32089 -6636
-32090 -6632
-32091 -6630
-32091 -6628
-32091 -6625
-32092 -6620
-32093 -6617
-32094 -6614
-32094 -6613
-32094 -6609
-32096 -6604
-32096 -6601
-32097 -6598
-32097 -6597
-32098 -6593
-32099 -6589
-32099 -6585
-32100 -6583
-32100 -6581
-32101 -6578
-32102 -6573
-32102 -6570
-32103 -6567
-32103 -6566
-32104 -6562
-32105 -6558
-32105 -6554
-32106 -6552
-32106 -6550
-32109 -6545
-32109 -6542
-32110 -6539
-32110 -6538
-32111 -6534
-32112 -6530
-32112 -6526
-32113 -6524
-32113 -6522
-32114 -6519
-32115 -6514
-32115 -6511
-32116 -6508
-32116 -6507
-32117 -6503
-32118 -6499
-32118 -6495
-32119 -6493
-32119 -6491
-32120 -6488
-32121 -6483
-32122 -6479
-32123 -6477
-32123 -6475
-32123 -6472
-32124 -6467
-32125 -6464
-32126 -6461
-32126 -6460
-32126 -6456
-32127 -6452
-32128 -6448
-32129 -6446
-32129 -6444
-32129 -6441
-32130 -6436
-32131 -6433
-32132 -6430
-32132 -6429
-32132 -6425
-32134 -6421
-32134 -6420
-32135 -6416
-32136 -6414
-32136 -6412
-32136 -6409
-32137 -6404
-32138 -6401
-32139 -6398
-32139 -6397
-32139 -6393
-32140 -6389
-32141 -6385
-32142 -6383
-32142 -6381
-32142 -6378
-32143 -6373
-32144 -6370
-32145 -6367
-32145 -6366
-32145 -6362
-32146 -6357
-32147 -6354
-32148 -6351
-32148 -6350
-32148 -6346
-32149 -6342
-32150 -6338
-32151 -6336
-32151 -6334
-32151 -6331
-32152 -6326
-32153 -6323
-32154 -6320
-32154 -6319
-32154 -6315
-32155 -6311
-32156 -6307
-32157 -6305
-32157 -6303
-32157 -6300
-32159 -6294
-32159 -6291
-32160 -6288
-32160 -6287
-32161 -6283
-32162 -6279
-32162 -6275
-32163 -6273
-32163 -6271
-32164 -6268
-32165 -6263
-32165 -6260
-32166 -6257
-32166 -6256
-32167 -6252
-32168 -6248
-32168 -6244
-32169 -6242
-32169 -6240
-32170 -6237
-32171 -6232
-32171 -6228
-32172 -6226
-32172 -6224
-32173 -6221
-32174 -6216
-32174 -6213
-32175 -6210
-32175 -6209
-32176 -6205
-32177 -6201
-32177 -6197
-32178 -6195
-32178 -6193
-32179 -6190
-32180 -6185
-32180 -6182
-32181 -6179
-32181 -6178
-32182 -6174
-32183 -6170
-32183 -6169
-32184 -6165
-32185 -6163
-32185 -6161
-32185 -6158
-32186 -6153
-32187 -6150
-32188 -6147
-32188 -6146
-32188 -6142
-32189 -6138
-32190 -6134
-32190 -6132
-32190 -6130
-32191 -6127
-32192 -6122
-32192 -6119
-32193 -6116
-32193 -6115
-32193 -6111
-32195 -6106
-32196 -6103
-32196 -6100
-32196 -6099
-32197 -6095
-32198 -6091
-32198 -6087
-32199 -6085
-32199 -6083
-32199 -6080
-32201 -6075
-32201 -6072
-32202 -6069
-32202 -6068
-32202 -6064
-32203 -6060
-32204 -6056
-32204 -6054
-32204 -6052
-32205 -6049
-32207 -6044
-32207 -6042
-32208 -6039
-32208 -6036
-32208 -6035
-32209 -6031
-32210 -6027
-32210 -6023
-32211 -6021
-32211 -6019
-32211 -6016
-32213 -6011
-32213 -6008
-32214 -6005
-32214 -6004
-32214 -6000
-32215 -5996
-32216 -5992
-32216 -5990
-32216 -5988
-32217 -5985
-32219 -5980
-32219 -5976
-32220 -5974
-32220 -5972
-32220 -5969
-32221 -5964
-32222 -5961
-32222 -5958
-32222 -5957
-32223 -5953
-32224 -5949
-32225 -5945
-32225 -5943
-32225 -5941
-32226 -5938
-32227 -5933
-32227 -5930
-32228 -5927
-32228 -5926
-32228 -5922
-32230 -5918
-32230 -5917
-32231 -5913
-32231 -5911
-32231 -5909
-32232 -5906
-32233 -5901
-32233 -5898
-32234 -5895
-32234 -5894
-32234 -5890
-32236 -5886
-32236 -5882
-32237 -5880
-32237 -5878
-32237 -5875
-32238 -5870
-32239 -5867
-32239 -5864
-32239 -5863
-32240 -5859
-32241 -5854
-32242 -5851
-32242 -5848
-32242 -5847
-32243 -5843
-32244 -5839
-32244 -5835
-32245 -5833
-32245 -5831
-32245 -5828
-32247 -5823
-32247 -5820
-32248 -5817
-32248 -5816
-32248 -5812
-32249 -5808
-32250 -5804
-32250 -5802
-32250 -5800
-32251 -5797
-32253 -5792
-32253 -5788
-32254 -5786
-32254 -5784
-32254 -5781
-32255 -5776
-32256 -5773
-32256 -5770
-32256 -5769
-32257 -5765
-32258 -5760
-32259 -5757
-32259 -5754
-32259 -5753
-32260 -5749
-32261 -5745
-32261 -5741
-32262 -5739
-32262 -5737
-32262 -5734
-32264 -5729
-32264 -5725
-32265 -5723
-32265 -5721
-32265 -5718
-32266 -5713
-32267 -5710
-32267 -5707
-32267 -5706
-32268 -5702
-32269 -5697
-32270 -5694
-32270 -5691
-32270 -5690
-32271 -5686
-32272 -5682
-32272 -5678
-32273 -5676
-32273 -5674
-32273 -5671
-32275 -5667
-32275 -5666
-32276 -5662
-32276 -5660
-32276 -5658
-32277 -5655
-32278 -5650
-32278 -5647
-32279 -5644
-32279 -5643
-32279 -5639
-32281 -5634
-32281 -5631
-32282 -5628
-32282 -5627
-32282 -5623
-32283 -5619
-32284 -5615
-32284 -5613
-32284 -5611
-32285 -5608
-32286 -5603
-32286 -5599
-32287 -5597
-32287 -5595
-32287 -5592
-32288 -5587
-32289 -5584
-32289 -5581
-32289 -5580
-32290 -5576
-32291 -5571
-32291 -5568
-32292 -5565
-32292 -5564
-32292 -5560
-32293 -5556
-32294 -5552
-32294 -5550
-32294 -5548
-32295 -5545
-32298 -5540
-32298 -5539
-32298 -5535
-32299 -5533
-32299 -5531
-32299 -5528
-32300 -5523
-32301 -5520
-32301 -5517
-32301 -5516
-32302 -5512
-32303 -5507
-32303 -5504
-32304 -5501
-32304 -5500
-32304 -5496
-32305 -5492
-32306 -5488
-32306 -5486
-32306 -5484
-32307 -5481
-32308 -5476
-32309 -5472
-32309 -5470
-32309 -5468
-32310 -5465
-32311 -5460
-32311 -5457
-32312 -5454
-32312 -5453
-32312 -5449
-32313 -5444
-32314 -5441
-32314 -5438
-32314 -5437
-32315 -5433
-32316 -5429
-32316 -5425
-32317 -5423
-32317 -5421
-32317 -5418
-32319 -5414
-32319 -5413
-32319 -5409
-32320 -5407
-32320 -5405
-32320 -5402
-32321 -5397
-32322 -5394
-32322 -5391
-32322 -5390
-32323 -5386
-32324 -5381
-32324 -5378
-32325 -5375
-32325 -5374
-32325 -5370
-32326 -5366
-32327 -5362
-32327 -5360
-32327 -5358
-32328 -5355
-32329 -5350
-32329 -5346
-32330 -5344
-32330 -5342
-32330 -5339
-32331 -5334
-32332 -5331
-32332 -5328
-32332 -5327
-32333 -5323
-32334 -5318
-32334 -5315
-32335 -5312
-32335 -5311
-32335 -5307
-32336 -5303
-32337 -5299
-32337 -5297
-32337 -5295
-32338 -5292
-32339 -5286
-32340 -5283
-32340 -5280
-32340 -5279
-32341 -5275
-32342 -5271
-32342 -5267
-32343 -5265
-32343 -5263
-32343 -5260
-32344 -5255
-32345 -5251
-32345 -5249
-32345 -5247
-32346 -5244
-32347 -5239
-32347 -5236
-32348 -5233
-32348 -5232
-32348 -5228
-32349 -5223
-32350 -5220
-32350 -5217
-32350 -5216
-32351 -5212
-32352 -5208
-32352 -5204
-32353 -5202
-32353 -5200
-32353 -5197
-32354 -5192
-32355 -5188
-32355 -5186
-32355 -5184
-32356 -5181
-32357 -5176
-32357 -5173
-32358 -5170
-32358 -5169
-32358 -5165
-32360 -5162
-32360 -5160
-32360 -5157
-32361 -5154
-32361 -5153
-32361 -5149
-32362 -5145
-32363 -5141
-32363 -5139
-32363 -5137
-32364 -5134
-32365 -5129
-32365 -5125
-32366 -5123
-32366 -5121
-32366 -5118
-32367 -5113
-32367 -5110
-32368 -5107
-32368 -5106
-32368 -5102
-32370 -5097
-32370 -5094
-32371 -5091
-32371 -5090
-32371 -5086
-32372 -5082
-32372 -5078
-32373 -5076
-32373 -5074
-32373 -5071
-32374 -5066
-32375 -5062
-32375 -5060
-32375 -5058
-32376 -5055
-32376 -5050
-32377 -5047
-32377 -5044
-32377 -5043
-32378 -5039
-32380 -5035
-32380 -5034
-32381 -5030
-32381 -5028
-32381 -5026
-32382 -5023
-32382 -5018
-32383 -5015
-32383 -5012
-32383 -5011
-32384 -5007
-32385 -5002
-32385 -4999
-32386 -4996
-32386 -4995
-32386 -4991
-32387 -4987
-32387 -4983
-32388 -4981
-32388 -4979
-32388 -4976
-32390 -4971
-32390 -4967
-32391 -4965
-32391 -4963
-32391 -4960
-32392 -4955
-32392 -4952
-32393 -4949
-32393 -4948
-32393 -4944
-32394 -4939
-32395 -4936
-32395 -4933
-32395 -4932
-32396 -4928
-32396 -4924
-32397 -4920
-32397 -4918
-32397 -4916
-32398 -4913
-32399 -4909
-32399 -4907
-32400 -4904
-32400 -4901
-32400 -4900
-32401 -4896
-32401 -4892
-32402 -4888
-32402 -4886
-32402 -4884
-32403 -4881
-32404 -4876
-32404 -4872
-32405 -4870
-32405 -4868
-32405 -4865
-32406 -4860
-32406 -4857
-32407 -4854
-32407 -4853
-32407 -4849
-32408 -4844
-32409 -4841
-32409 -4838
-32409 -4837
-32410 -4833
-32410 -4829
-32411 -4825
-32411 -4823
-32411 -4821
-32412 -4818
-32413 -4813
-32413 -4809
-32414 -4807
-32414 -4805
-32414 -4802
-32415 -4797
-32415 -4794
-32416 -4791
-32416 -4790
-32416 -4786
-32418 -4781
-32418 -4777
-32419 -4775
-32419 -4773
-32419 -4770
-32420 -4765
-32420 -4762
-32421 -4759
-32421 -4758
-32421 -4754
-32422 -4749
-32423 -4746
-32423 -4743
-32423 -4742
-32424 -4738
-32424 -4734
-32425 -4730
-32425 -4728
-32425 -4726
-32426 -4723
-32427 -4718
-32427 -4714
-32428 -4712
-32428 -4710
-32428 -4707
-32429 -4702
-32429 -4699
-32430 -4696
-32430 -4695
-32430 -4691
-32431 -4686
-32432 -4683
-32432 -4680
-32432 -4679
-32433 -4675
-32433 -4671
-32434 -4667
-32434 -4665
-32434 -4663
-32435 -4660
-32436 -4656
-32436 -4654
-32437 -4651
-32437 -4648
-32437 -4647
-32438 -4643
-32438 -4639
-32439 -4635
-32439 -4633
-32439 -4631
-32440 -4628
-32441 -4623
-32441 -4619
-32442 -4617
-32442 -4615
-32442 -4612
-32443 -4607
-32443 -4604
-32444 -4601
-32444 -4600
-32444 -4596
-32445 -4591
-32445 -4588
-32446 -4585
-32446 -4584
-32446 -4580
-32447 -4576
-32447 -4572
-32448 -4570
-32448 -4568
-32448 -4565
-32449 -4560
-32449 -4556
-32450 -4554
-32450 -4552
-32450 -4549
-32451 -4544
-32451 -4541
-32452 -4538
-32452 -4537
-32452 -4533
-32455 -4529
-32455 -4527
-32455 -4524
-32456 -4521
-32456 -4520
-32456 -4516
-32457 -4512
-32457 -4508
-32458 -4506
-32458 -4504
-32458 -4501
-32459 -4496
-32459 -4492
-32460 -4490
-32460 -4488
-32460 -4485
-32461 -4480
-32461 -4477
-32462 -4474
-32462 -4473
-32462 -4469
-32463 -4464
-32464 -4461
-32464 -4458
-32464 -4457
-32465 -4453
-32465 -4449
-32466 -4445
-32466 -4443
-32466 -4441
-32467 -4438
-32467 -4433
-32468 -4429
-32468 -4427
-32468 -4425
-32469 -4422
-32469 -4417
-32470 -4414
-32470 -4411
-32470 -4410
-32471 -4406
-32472 -4402
-32472 -4401
-32472 -4397
-32473 -4395
-32473 -4393
-32473 -4390
-32474 -4385
-32474 -4382
-32475 -4379
-32475 -4378
-32475 -4374
-32476 -4369
-32476 -4366
-32477 -4363
-32477 -4362
-32477 -4358
-32478 -4354
-32478 -4350
-32479 -4348
-32479 -4346
-32479 -4343
-32480 -4338
-32480 -4334
-32481 -4332
-32481 -4330
-32481 -4327
-32482 -4322
-32482 -4319
-32483 -4316
-32483 -4315
-32483 -4311
-32484 -4306
-32484 -4303
-32485 -4300
-32485 -4299
-32485 -4295
-32486 -4291
-32486 -4287
-32487 -4285
-32487 -4283
-32487 -4280
-32488 -4274
-32489 -4270
-32489 -4268
-32489 -4266
-32490 -4263
-32490 -4258
-32491 -4255
-32491 -4252
-32491 -4251
-32492 -4247
-32492 -4242
-32493 -4239
-32493 -4236
-32493 -4235
-32494 -4231
-32494 -4227
-32495 -4223
-32495 -4221
-32495 -4219
-32496 -4216
-32496 -4211
-32497 -4207
-32497 -4205
-32497 -4203
-32498 -4200
-32498 -4195
-32499 -4192
-32499 -4189
-32499 -4188
-32500 -4184
-32500 -4179
-32501 -4176
-32501 -4173
-32501 -4172
-32502 -4168
-32502 -4164
-32503 -4160
-32503 -4158
-32503 -4156
-32504 -4153
-32505 -4149
-32505 -4147
-32505 -4144
-32506 -4141
-32506 -4140
-32506 -4136
-32507 -4132
-32507 -4128
-32508 -4126
-32508 -4124
-32508 -4121
-32509 -4116
-32509 -4112
-32510 -4110
-32510 -4108
-32510 -4105
-32511 -4100
-32511 -4097
-32512 -4094
-32512 -4093
-32512 -4089
-32513 -4084
-32513 -4080
-32514 -4078
-32514 -4076
-32514 -4073
-32515 -4068
-32515 -4065
-32515 -4062
-32515 -4061
-32515 -4057
-32517 -4052
-32517 -4049
-32517 -4046
-32517 -4045
-32517 -4041
-32518 -4037
-32518 -4033
-32519 -4031
-32519 -4029
-32519 -4026
-32522 -4021
-32522 -4020
-32522 -4016
-32522 -4014
-32522 -4012
-32522 -4009
-32523 -4004
-32523 -4001
-32524 -3998
-32524 -3997
-32524 -3993
-32525 -3988
-32525 -3985
-32526 -3982
-32526 -3981
-32526 -3977
-32527 -3973
-32527 -3969
-32527 -3967
-32527 -3965
-32527 -3962
-32529 -3956
-32529 -3953
-32530 -3950
-32530 -3949
-32530 -3945
-32531 -3941
-32531 -3937
-32531 -3935
-32531 -3933
-32531 -3930
-32533 -3925
-32533 -3921
-32533 -3919
-32533 -3917
-32533 -3914
-32534 -3909
-32534 -3906
-32535 -3903
-32535 -3902
-32535 -3898
-32537 -3894
-32537 -3893
-32537 -3889
-32537 -3887
-32537 -3885
-32537 -3882
-32538 -3877
-32538 -3874
-32539 -3871
-32539 -3870
-32539 -3866
-32540 -3861
-32540 -3858
-32541 -3855
-32541 -3854
-32541 -3850
-32542 -3846
-32542 -3842
-32542 -3840
-32542 -3838
-32542 -3835
-32544 -3829
-32544 -3826
-32544 -3823
-32544 -3822
-32544 -3818
-32545 -3814
-32545 -3810
-32546 -3808
-32546 -3806
-32546 -3803
-32547 -3798
-32547 -3794
-32548 -3792
-32548 -3790
-32548 -3787
-32549 -3782
-32549 -3779
-32549 -3776
-32549 -3775
-32549 -3771
-32551 -3766
-32551 -3762
-32552 -3760
-32552 -3758
-32552 -3755
-32553 -3750
-32553 -3747
-32553 -3744
-32553 -3743
-32553 -3739
-32555 -3734
-32555 -3731
-32555 -3728
-32555 -3727
-32555 -3723
-32556 -3719
-32556 -3715
-32557 -3713
-32557 -3711
-32557 -3708
-32558 -3702
-32558 -3699
-32559 -3696
-32559 -3695
-32559 -3691
-32560 -3687
-32560 -3683
-32560 -3681
-32560 -3679
-32560 -3676
-32562 -3671
-32562 -3667
-32562 -3665
-32562 -3663
-32562 -3660
-32563 -3655
-32563 -3652
-32564 -3649
-32564 -3648
-32564 -3644
-32566 -3640
-32566 -3639
-32566 -3635
-32566 -3633
-32566 -3631
-32566 -3628
-32567 -3623
-32567 -3620
-32568 -3617
-32568 -3616
-32568 -3612
-32569 -3607
-32569 -3604
-32570 -3601
-32570 -3600
-32570 -3596
-32571 -3592
-32571 -3588
-32571 -3586
-32571 -3584
-32571 -3581
-32572 -3575
-32572 -3572
-32573 -3569
-32573 -3568
-32573 -3564
-32574 -3560
-32574 -3556
-32574 -3554
-32574 -3552
-32574 -3549
-32575 -3544
-32575 -3540
-32576 -3538
-32576 -3536
-32576 -3533
-32577 -3528
-32577 -3525
-32577 -3522
-32577 -3521
-32577 -3517
-32580 -3513
-32580 -3511
-32580 -3508
-32581 -3505
-32581 -3504
-32581 -3500
-32582 -3496
-32582 -3492
-32582 -3490
-32582 -3488
-32582 -3485
-32583 -3480
-32583 -3476
-32584 -3474
-32584 -3472
-32584 -3469
-32585 -3464
-32585 -3461
-32585 -3458
-32585 -3457
-32585 -3453
-32587 -3448
-32587 -3444
-32587 -3442
-32587 -3440
-32587 -3437
-32588 -3432
-32588 -3429
-32589 -3426
-32589 -3425
-32589 -3421
-32590 -3416
-32590 -3413
-32590 -3410
-32590 -3409
-32590 -3405
-32591 -3401
-32591 -3397
-32592 -3395
-32592 -3393
-32592 -3390
-32594 -3386
-32594 -3384
-32594 -3381
-32594 -3378
-32594 -3377
-32594 -3373
-32595 -3369
-32595 -3365
-32596 -3363
-32596 -3361
-32596 -3358
-32597 -3353
-32597 -3349
-32597 -3347
-32597 -3345
-32597 -3342
-32598 -3337
-32598 -3334
-32599 -3331
-32599 -3330
-32599 -3326
-32600 -3321
-32600 -3317
-32600 -3315
-32600 -3313
-32600 -3310
-32601 -3305
-32601 -3302
-32602 -3299
-32602 -3298
-32602 -3294
-32603 -3289
-32603 -3286
-32603 -3283
-32603 -3282
-32603 -3278
-32604 -3274
-32604 -3270
-32605 -3268
-32605 -3266
-32605 -3263
-32606 -3257
-32606 -3253
-32607 -3251
-32607 -3249
-32607 -3246
-32608 -3241
-32608 -3238
-32608 -3235
-32608 -3234
-32608 -3230
-32609 -3225
-32609 -3222
-32610 -3219
-32610 -3218
-32610 -3214
-32611 -3210
-32611 -3206
-32611 -3204
-32611 -3202
-32611 -3199
-32612 -3193
-32612 -3190
-32613 -3187
-32613 -3186
-32613 -3182
-32614 -3178
-32614 -3174
-32614 -3172
-32614 -3170
-32614 -3167
-32615 -3162
-32615 -3158
-32616 -3156
-32616 -3154
-32616 -3151
-32617 -3146
-32617 -3143
-32617 -3140
-32617 -3139
-32617 -3135
-32618 -3131
-32618 -3130
-32618 -3126
-32619 -3124
-32619 -3122
-32619 -3119
-32620 -3114
-32620 -3111
-32620 -3108
-32620 -3107
-32620 -3103
-32621 -3098
-32621 -3095
-32622 -3092
-32622 -3091
-32622 -3087
-32623 -3083
-32623 -3079
-32623 -3077
-32623 -3075
-32623 -3072
-32624 -3066
-32624 -3063
-32625 -3060
-32625 -3059
-32625 -3055
-32625 -3051
-32625 -3047
-32626 -3045
-32626 -3043
-32626 -3040
-32627 -3035
-32627 -3031
-32627 -3029
-32627 -3027
-32627 -3024
-32628 -3019
-32628 -3016
-32628 -3013
-32628 -3012
-32628 -3008
-32631 -3004
-32631 -3002
-32631 -2999
-32631 -2996
-32631 -2995
-32631 -2991
-32632 -2987
-32632 -2983
-32632 -2981
-32632 -2979
-32632 -2976
-32633 -2971
-32633 -2967
-32634 -2965
-32634 -2963
-32634 -2960
-32634 -2955
-32634 -2952
-32635 -2949
-32635 -2948
-32635 -2944
-32636 -2939
-32636 -2935
-32637 -2933
-32637 -2931
-32637 -2928
-32637 -2923
-32637 -2920
-32638 -2917
-32638 -2916
-32638 -2912
-32639 -2907
-32639 -2904
-32639 -2901
-32639 -2900
-32639 -2896
-32640 -2892
-32640 -2888
-32640 -2886
-32640 -2884
-32640 -2881
-32642 -2876
-32642 -2875
-32642 -2871
-32643 -2869
-32643 -2867
-32643 -2864
-32643 -2859
-32643 -2856
-32644 -2853
-32644 -2852
-32644 -2848
-32645 -2843
-32645 -2840
-32645 -2837
-32645 -2836
-32645 -2832
-32646 -2828
-32646 -2824
-32646 -2822
-32646 -2820
-32646 -2817
-32647 -2811
-32647 -2808
-32648 -2805
-32648 -2804
-32648 -2800
-32648 -2796
-32648 -2792
-32649 -2790
-32649 -2788
-32649 -2785
-32650 -2780
-32650 -2776
-32650 -2774
-32650 -2772
-32650 -2769
-32651 -2764
-32651 -2761
-32651 -2758
-32651 -2757
-32651 -2753
-32653 -2747
-32653 -2744
-32653 -2741
-32653 -2740
-32653 -2736
-32654 -2732
-32654 -2728
-32654 -2726
-32654 -2724
-32654 -2721
-32655 -2716
-32655 -2712
-32656 -2710
-32656 -2708
-32656 -2705
-32656 -2700
-32656 -2697
-32657 -2694
-32657 -2693
-32657 -2689
-32658 -2684
-32658 -2680
-32658 -2678
-32658 -2676
-32658 -2673
-32659 -2668
-32659 -2665
-32659 -2662
-32659 -2661
-32659 -2657
-32660 -2652
-32660 -2649
-32661 -2646
-32661 -2645
-32661 -2641
-32661 -2637
-32661 -2633
-32662 -2631
-32662 -2629
-32662 -2626
-32663 -2621
-32663 -2620
-32663 -2616
-32663 -2614
-32663 -2612
-32663 -2609
-32664 -2604
-32664 -2601
-32664 -2598
-32664 -2597
-32664 -2593
-32665 -2588
-32665 -2585
-32666 -2582
-32666 -2581
-32666 -2577
-32666 -2573
-32666 -2569
-32667 -2567
-32667 -2565
-32667 -2562
-32668 -2556
-32668 -2553
-32668 -2550
-32668 -2549
-32668 -2545
-32669 -2541
-32669 -2537
-32669 -2535
-32669 -2533
-32669 -2530
-32670 -2525
-32670 -2521
-32670 -2519
-32670 -2517
-32673 -2512
-32673 -2508
-32673 -2506
-32673 -2504
-32673 -2501
-32674 -2496
-32674 -2492
-32674 -2490
-32674 -2488
-32674 -2485
-32675 -2480
-32675 -2477
-32675 -2474
-32675 -2473
-32675 -2469
-32676 -2464
-32676 -2460
-32677 -2458
-32677 -2456
-32677 -2453
-32677 -2448
-32677 -2445
-32678 -2442
-32678 -2441
-32678 -2437
-32678 -2432
-32678 -2429
-32679 -2426
-32679 -2425
-32679 -2421
-32679 -2417
-32679 -2413
-32680 -2411
-32680 -2409
-32680 -2406
-32681 -2401
-32681 -2400
-32681 -2396
-32681 -2394
-32681 -2392
-32681 -2389
-32682 -2384
-32682 -2381
-32682 -2378
-32682 -2377
-32682 -2373
-32683 -2368
-32683 -2365
-32683 -2362
-32683 -2361
-32683 -2357
-32684 -2353
-32684 -2349
-32684 -2347
-32684 -2345
-32684 -2342
-32685 -2336
-32685 -2333
-32686 -2330
-32686 -2329
-32686 -2325
-32686 -2321
-32686 -2317
-32687 -2315
-32687 -2313
-32687 -2310
-32687 -2305
-32687 -2301
-32688 -2299
-32688 -2297
-32688 -2294
-32688 -2289
-32688 -2286
-32689 -2283
-32689 -2282
-32689 -2278
-32690 -2272
-32690 -2269
-32690 -2266
-32690 -2265
-32690 -2261
-32691 -2257
-32691 -2253
-32691 -2251
-32691 -2249
-32691 -2246
-32692 -2241
-32692 -2237
-32692 -2235
-32692 -2233
-32692 -2230
-32693 -2225
-32693 -2222
-32693 -2219
-32693 -2218
-32693 -2214
-32694 -2209
-32694 -2205
-32694 -2203
-32694 -2201
-32694 -2198
-32695 -2193
-32695 -2190
-32695 -2187
-32695 -2186
-32695 -2182
-32696 -2177
-32696 -2174
-32696 -2171
-32696 -2170
-32696 -2166
-32697 -2162
-32697 -2158
-32697 -2156
-32697 -2154
-32697 -2151
-32698 -2146
-32698 -2145
-32698 -2141
-32698 -2139
-32698 -2137
-32698 -2134
-32699 -2129
-32699 -2126
-32699 -2123
-32699 -2122
-32699 -2118
-32700 -2113
-32700 -2110
-32700 -2107
-32700 -2106
-32700 -2102
-32701 -2098
-32701 -2094
-32701 -2092
-32701 -2090
-32701 -2087
-32702 -2081
-32702 -2078
-32702 -2075
-32702 -2074
-32702 -2070
-32703 -2066
-32703 -2062
-32703 -2060
-32703 -2058
-32703 -2055
-32704 -2050
-32704 -2046
-32704 -2044
-32704 -2042
-32704 -2039
-32705 -2034
-32705 -2031
-32705 -2028
-32705 -2027
-32705 -2023
-32707 -2018
-32707 -2017
-32707 -2013
-32707 -2011
-32707 -2009
-32707 -2006
-32708 -2001
-32708 -1998
-32708 -1995
-32708 -1994
-32708 -1990
-32709 -1985
-32709 -1982
-32709 -1979
-32709 -1978
-32709 -1974
-32709 -1970
-32709 -1966
-32709 -1964
-32709 -1962
-32709 -1959
-32711 -1953
-32711 -1950
-32711 -1947
-32711 -1946
-32711 -1942
-32711 -1938
-32711 -1934
-32711 -1932
-32711 -1930
-32711 -1927
-32712 -1922
-32712 -1918
-32712 -1916
-32712 -1914
-32712 -1911
-32713 -1906
-32713 -1903
-32713 -1900
-32713 -1899
-32713 -1895
-32714 -1891
-32714 -1889
-32714 -1886
-32714 -1883
-32714 -1882
-32714 -1878
-32715 -1874
-32715 -1870
-32715 -1868
-32715 -1866
-32715 -1863
-32716 -1858
-32716 -1854
-32716 -1852
-32716 -1850
-32716 -1847
-32716 -1842
-32716 -1839
-32716 -1836
-32716 -1835
-32716 -1831
-32718 -1826
-32718 -1822
-32718 -1820
-32718 -1818
-32718 -1815
-32718 -1810
-32718 -1807
-32718 -1804
-32718 -1803
-32718 -1799
-32719 -1794
-32719 -1791
-32719 -1788
-32719 -1787
-32719 -1783
-32720 -1779
-32720 -1775
-32720 -1773
-32720 -1771
-32720 -1768
-32722 -1761
-32722 -1758
-32722 -1755
-32722 -1754
-32722 -1750
-32722 -1746
-32722 -1742
-32722 -1740
-32722 -1738
-32722 -1735
-32723 -1730
-32723 -1726
-32723 -1724
-32723 -1722
-32723 -1719
-32724 -1714
-32724 -1711
-32724 -1708
-32724 -1707
-32724 -1703
-32725 -1698
-32725 -1694
-32725 -1692
-32725 -1690
-32725 -1687
-32725 -1682
-32725 -1679
-32725 -1676
-32725 -1675
-32725 -1671
-32726 -1666
-32726 -1663
-32726 -1660
-32726 -1659
-32726 -1655
-32727 -1651
-32727 -1647
-32727 -1645
-32727 -1643
-32727 -1640
-32728 -1635
-32728 -1634
-32728 -1630
-32728 -1628
-32728 -1626
-32728 -1623
-32728 -1618
-32728 -1615
-32728 -1612
-32728 -1611
-32728 -1607
-32729 -1602
-32729 -1599
-32729 -1596
-32729 -1595
-32729 -1591
-32730 -1587
-32730 -1583
-32730 -1581
-32730 -1579
-32730 -1576
-32731 -1570
-32731 -1567
-32731 -1564
-32731 -1563
-32731 -1559
-32731 -1555
-32731 -1551
-32731 -1549
-32731 -1547
-32731 -1544
-32732 -1539
-32732 -1535
-32732 -1533
-32732 -1531
-32732 -1528
-32733 -1523
-32733 -1520
-32733 -1517
-32733 -1516
-32733 -1512
-32735 -1507
-32735 -1505
-32735 -1502
-32735 -1499
-32735 -1498
-32735 -1494
-32735 -1490
-32735 -1486
-32735 -1484
-32735 -1482
-32735 -1479
-32736 -1474
-32736 -1470
-32736 -1468
-32736 -1466
-32736 -1463
-32736 -1458
-32736 -1455
-32736 -1452
-32736 -1451
-32736 -1447
-32737 -1442
-32737 -1438
-32737 -1436
-32737 -1434
-32737 -1431
-32738 -1426
-32738 -1423
-32738 -1420
-32738 -1419
-32738 -1415
-32738 -1410
-32738 -1407
-32738 -1404
-32738 -1403
-32738 -1399
-32739 -1395
-32739 -1391
-32739 -1389
-32739 -1387
-32739 -1384
-32740 -1379
-32740 -1378
-32740 -1374
-32740 -1372
-32740 -1370
-32740 -1367
-32740 -1362
-32740 -1359
-32740 -1356
-32740 -1355
-32740 -1351
-32741 -1346
-32741 -1343
-32741 -1340
-32741 -1339
-32741 -1335
-32741 -1331
-32741 -1327
-32741 -1325
-32741 -1323
-32741 -1320
-32742 -1314
-32742 -1311
-32742 -1308
-32742 -1307
-32742 -1303
-32743 -1299
-32743 -1295
-32743 -1293
-32743 -1291
-32743 -1288
-32743 -1283
-32743 -1279
-32743 -1277
-32743 -1275
-32743 -1272
-32744 -1267
-32744 -1264
-32744 -1261
-32744 -1260
-32744 -1256
-32745 -1250
-32745 -1246
-32745 -1244
-32745 -1242
-32745 -1239
-32745 -1234
-32745 -1231
-32745 -1228
-32745 -1227
-32745 -1223
-32746 -1218
-32746 -1215
-32746 -1212
-32746 -1211
-32746 -1207
-32746 -1203
-32746 -1199
-32746 -1197
-32746 -1195
-32746 -1192
-32747 -1186
-32747 -1183
-32747 -1180
-32747 -1179
-32747 -1175
-32747 -1171
-32747 -1167
-32747 -1165
-32747 -1163
-32747 -1160
-32748 -1155
-32748 -1151
-32748 -1149
-32748 -1147
-32748 -1144
-32748 -1139
-32748 -1136
-32748 -1133
-32748 -1132
-32748 -1128
-32749 -1124
-32749 -1122
-32749 -1119
-32749 -1116
-32749 -1115
-32749 -1111
-32749 -1107
-32749 -1103
-32749 -1101
-32749 -1099
-32749 -1096
-32750 -1091
-32750 -1087
-32750 -1085
-32750 -1083
-32750 -1080
-32750 -1075
-32750 -1072
-32750 -1069
-32750 -1068
-32750 -1064
-32751 -1059
-32751 -1055
-32751 -1053
-32751 -1051
-32751 -1048
-32751 -1043
-32751 -1040
-32751 -1037
-32751 -1036
-32751 -1032
-32752 -1027
-32752 -1024
-32752 -1021
-32752 -1020
-32752 -1016
-32752 -1012
-32752 -1008
-32752 -1006
-32752 -1004
-32752 -1001
-32754 -995
-32754 -994
-32754 -990
-32754 -988
-32754 -986
-32754 -983
-32754 -978
-32754 -975
-32754 -972
-32754 -971
-32754 -967
-32755 -962
-32755 -959
-32755 -956
-32755 -955
-32755 -951
-32755 -947
-32755 -943
-32755 -941
-32755 -939
-32755 -936
-32756 -930
-32756 -927
-32756 -924
-32756 -923
-32756 -919
-32756 -915
-32756 -911
-32756 -909
-32756 -907
-32756 -904
-32756 -899
-32756 -895
-32756 -893
-32756 -891
-32756 -888
-32756 -883
-32756 -880
-32756 -877
-32756 -876
-32756 -872
-32757 -868
-32757 -866
-32757 -863
-32757 -860
-32757 -859
-32757 -855
-32757 -851
-32757 -847
-32757 -845
-32757 -843
-32757 -840
-32758 -835
-32758 -831
-32758 -829
-32758 -827
-32758 -824
-32758 -819
-32758 -816
-32758 -813
-32758 -812
-32758 -808
-32759 -803
-32759 -799
-32759 -797
-32759 -795
-32759 -792
-32759 -787
-32759 -784
-32759 -781
-32759 -780
-32759 -776
-32759 -771
-32759 -768
-32759 -765
-32759 -764
-32759 -760
-32759 -756
-32759 -752
-32759 -750
-32759 -748
-32759 -745
-32760 -738
-32760 -735
-32760 -732
-32760 -731
-32760 -727
-32760 -723
-32760 -719
-32760 -717
-32760 -715
-32760 -712
-32761 -707
-32761 -703
-32761 -701
-32761 -699
-32761 -696
-32761 -691
-32761 -688
-32761 -685
-32761 -684
-32761 -680
-32761 -675
-32761 -671
-32761 -669
-32761 -667
-32761 -664
-32761 -659
-32761 -656
-32761 -653
-32761 -652
-32761 -648
-32762 -643
-32762 -640
-32762 -637
-32762 -636
-32762 -632
-32762 -628
-32762 -624
-32762 -622
-32762 -620
-32762 -617
-32762 -612
-32762 -611
-32762 -607
-32762 -605
-32762 -603
-32762 -600
-32762 -595
-32762 -592
-32762 -589
-32762 -588
-32762 -584
-32763 -579
-32763 -576
-32763 -573
-32763 -572
-32763 -568
-32763 -564
-32763 -560
-32763 -558
-32763 -556
-32763 -553
-32763 -547
-32763 -544
-32763 -541
-32763 -540
-32763 -536
-32763 -532
-32763 -528
-32763 -526
-32763 -524
-32763 -521
-32764 -516
-32764 -512
-32764 -510
-32764 -508
-32764 -505
-32764 -500
-32764 -497
-32764 -494
-32764 -493
-32764 -489
-32765 -484
-32765 -482
-32765 -479
-32765 -476
-32765 -475
-32765 -471
-32765 -467
-32765 -463
-32765 -461
-32765 -459
-32765 -456
-32765 -451
-32765 -447
-32765 -445
-32765 -443
-32765 -440
-32765 -435
-32765 -432
-32765 -429
-32765 -428
-32765 -424
-32766 -419
-32766 -415
-32766 -413
-32766 -411
-32766 -408
-32766 -403
-32766 -400
-32766 -397
-32766 -396
-32766 -392
-32766 -387
-32766 -384
-32766 -381
-32766 -380
-32766 -376
-32766 -372
-32766 -368
-32766 -366
-32766 -364
-32766 -361
-32766 -356
-32766 -355
-32766 -351
-32766 -349
-32766 -347
-32766 -344
-32766 -339
-32766 -336
-32766 -333
-32766 -332
-32766 -328
-32766 -323
-32766 -320
-32766 -317
-32766 -316
-32766 -312
-32766 -308
-32766 -304
-32766 -302
-32766 -300
-32766 -297
-32767 -291
-32767 -288
-32767 -285
-32767 -284
-32767 -280
-32767 -276
-32767 -272
-32767 -270
-32767 -268
-32767 -265
-32767 -260
-32767 -256
-32767 -254
-32767 -252
-32767 -249
-32767 -244
-32767 -241
-32767 -238
-32767 -237
-32767 -233
-32768 -227
-32768 -223
-32768 -221
-32768 -219
-32768 -216
-32768 -211
-32768 -208
-32768 -205
-32768 -204
-32768 -200
-32768 -195
-32768 -192
-32768 -189
-32768 -188
-32768 -184
-32768 -180
-32768 -176
-32768 -174
-32768 -172
-32768 -169
-32768 -163
-32768 -160
-32768 -157
-32768 -156
-32768 -152
-32768 -148
-32768 -144
-32768 -142
-32768 -140
-32768 -137
-32768 -132
-32768 -128
-32768 -126
-32768 -124
-32768 -121
-32768 -116
-32768 -113
-32768 -110
-32768 -109
-32768 -105
-32768 -101
-32768 -99
-32768 -96
-32768 -93
-32768 -92
-32768 -88
-32768 -84
-32768 -80
-32768 -78
-32768 -76
-32768 -73
-32768 -68
-32768 -64
-32768 -62
-32768 -60
-32768 -57
-32768 -52
-32768 -49
-32768 -46
-32768 -45
-32768 -41
-32768 -36
-32768 -32
-32768 -30
-32768 -28
-32768 -25
-32768 -20
-32768 -17
-32768 -14
-32768 -13
-32768 -9
-32768 -5
-32768 -1
-32767 -1
-32768 1
-32768 5
-32767 9
-32767 13
-32767 15
-32767 17
-32767 21
-32767 25
-32767 29
-32767 31
-32767 33
-32767 37
-32767 41
-32767 45
-32767 47
-32767 49
-32767 53
-32767 57
-32767 61
-32767 63
-32767 65
-32767 69
-32767 73
-32767 77
-32767 79
-32767 81
-32767 85
-32767 89
-32767 93
-32767 95
-32767 97
-32767 101
-32767 103
-32767 105
-32767 109
-32767 111
-32767 113
-32767 117
-32767 121
-32767 125
-32767 127
-32767 129
-32767 133
-32767 137
-32767 141
-32767 143
-32767 145
-32767 149
-32767 153
-32767 157
-32767 159
-32767 161
-32767 165
-32767 169
-32767 173
-32767 175
-32767 177
-32767 181
-32767 185
-32767 189
-32767 191
-32767 193
-32767 197
-32767 201
-32767 205
-32767 207
-32767 209
-32767 213
-32767 217
-32767 221
-32767 223
-32767 225
-32767 229
-32767 233
-32767 237
-32767 239
-32767 241
-32767 245
-32767 249
-32767 253
-32767 255
-32767 257
-32767 261
-32767 265
-32767 269
-32767 271
-32767 273
-32767 277
-32767 281
-32767 285
-32767 287
-32767 289
-32767 293
-32766 297
-32766 301
-32766 303
-32766 305
-32766 309
-32766 313
-32766 317
-32766 319
-32766 321
-32766 325
-32766 329
-32766 333
-32766 335
-32766 337
-32766 341
-32766 345
-32766 349
-32766 351
-32766 353
-32766 357
-32766 359
-32766 361
-32766 365
-32766 367
-32766 369
-32766 373
-32766 377
-32766 381
-32766 383
-32766 385
-32766 389
-32766 393
-32766 397
-32766 399
-32766 401
-32766 405
-32766 409
-32766 413
-32766 415
-32766 417
-32766 421
-32765 425
-32765 429
-32765 431
-32765 433
-32765 437
-32765 441
-32765 445
-32765 447
-32765 449
-32765 453
-32765 457
-32765 461
-32765 463
-32765 465
-32765 469
-32765 473
-32765 477
-32765 479
-32765 481
-32765 485
-32764 486
-32764 488
-32764 492
-32764 494
-32764 496
-32764 500
-32764 504
-32764 508
-32764 510
-32764 512
-32764 516
-32763 520
-32763 524
-32763 526
-32763 528
-32763 532
-32763 536
-32763 540
-32763 542
-32763 544
-32763 548
-32763 552
-32763 556
-32763 558
-32763 560
-32763 564
-32763 568
-32763 572
-32763 574
-32763 576
-32763 580
-32762 584
-32762 588
-32762 590
-32762 592
-32762 596
-32762 600
-32762 604
-32762 606
-32762 608
-32762 612
-32762 614
-32762 616
-32762 620
-32762 622
-32762 624
-32762 628
-32762 632
-32762 636
-32762 638
-32762 640
-32762 644
-32761 648
-32761 652
-32761 654
-32761 656
-32761 660
-32761 664
-32761 668
-32761 670
-32761 672
-32761 676
-32761 680
-32761 684
-32761 686
-32761 688
-32761 692
-32761 696
-32761 700
-32761 702
-32761 704
-32761 708
-32760 712
-32760 716
-32760 718
-32760 720
-32760 724
-32760 728
-32760 732
-32760 734
-32760 736
-32760 740
-32759 744
-32759 748
-32759 750
-32759 752
-32759 756
-32759 760
-32759 764
-32759 766
-32759 768
-32759 772
-32758 776
-32758 780
-32758 782
-32758 784
-32758 788
-32758 792
-32758 796
-32758 798
-32758 800
-32758 804
-32757 808
-32757 812
-32757 814
-32757 816
-32757 820
-32757 824
-32757 828
-32757 830
-32757 832
-32757 836
-32757 840
-32757 844
-32757 846
-32757 848
-32757 852
-32757 856
-32757 860
-32757 862
-32757 864
-32757 868
-32756 870
-32756 872
-32756 876
-32756 878
-32756 880
-32756 884
-32756 888
-32756 892
-32756 894
-32756 896
-32756 900
-32755 904
-32755 908
-32755 910
-32755 912
-32755 916
-32755 920
-32755 924
-32755 926
-32755 928
-32755 932
-32754 936
-32754 940
-32754 942
-32754 944
-32754 948
-32754 952
-32754 956
-32754 958
-32754 960
-32754 964
-32754 968
-32754 972
-32754 974
-32754 976
-32754 980
-32754 984
-32754 988
-32754 990
-32754 992
-32754 996
-32752 998
-32752 1000
-32752 1004
-32752 1006
-32752 1008
-32752 1012
-32752 1016
-32752 1020
-32752 1022
-32752 1024
-32752 1028
-32751 1032
-32751 1036
-32751 1038
-32751 1040
-32751 1044
-32751 1048
-32751 1052
-32751 1054
-32751 1056
-32751 1060
-32750 1064
-32750 1068
-32750 1070
-32750 1072
-32750 1076
-32750 1080
-32750 1084
-32750 1086
-32750 1088
-32750 1092
-32749 1096
-32749 1100
-32749 1102
-32749 1104
-32749 1108
-32749 1112
-32749 1116
-32749 1118
-32749 1120
-32749 1124
-32748 1126
-32748 1128
-32748 1132
-32748 1134
-32748 1136
-32748 1140
-32748 1144
-32748 1148
-32748 1150
-32748 1152
-32748 1156
-32747 1160
-32747 1164
-32747 1166
-32747 1168
-32747 1172
-32747 1176
-32747 1180
-32747 1182
-32747 1184
-32747 1188
-32746 1192
-32746 1196
-32746 1198
-32746 1200
-32746 1204
-32746 1208
-32746 1212
-32746 1214
-32746 1216
-32746 1220
-32745 1224
-32745 1228
-32745 1230
-32745 1232
-32745 1236
-32745 1240
-32745 1244
-32745 1246
-32745 1248
-32745 1252
-32743 1256
-32743 1260
-32743 1262
-32743 1264
-32743 1268
-32743 1272
-32743 1276
-32743 1278
-32743 1280
-32743 1284
-32742 1288
-32742 1292
-32742 1294
-32742 1296
-32742 1300
-32742 1304
-32742 1308
-32742 1310
-32742 1312
-32742 1316
-32741 1320
-32741 1324
-32741 1326
-32741 1328
-32741 1332
-32740 1336
-32740 1340
-32740 1342
-32740 1344
-32740 1348
-32740 1352
-32740 1356
-32740 1358
-32740 1360
-32740 1364
-32739 1368
-32739 1372
-32739 1374
-32739 1376
-32739 1380
-32738 1382
-32738 1384
-32738 1388
-32738 1390
-32738 1392
-32738 1396
-32738 1400
-32738 1404
-32738 1406
-32738 1408
-32738 1412
-32737 1416
-32737 1420
-32737 1422
-32737 1424
-32737 1428
-32737 1432
-32737 1436
-32737 1438
-32737 1440
-32737 1444
-32736 1448
-32736 1452
-32736 1454
-32736 1456
-32736 1460
-32735 1464
-32735 1468
-32735 1470
-32735 1472
-32735 1476
-32735 1480
-32735 1484
-32735 1486
-32735 1488
-32735 1492
-32734 1496
-32734 1500
-32734 1502
-32734 1504
-32734 1508
-32732 1509
-32732 1511
-32732 1515
-32732 1517
-32732 1519
-32732 1523
-32732 1527
-32732 1531
-32732 1533
-32732 1535
-32732 1539
-32731 1543
-32731 1547
-32731 1549
-32731 1551
-32731 1555
-32730 1559
-32730 1563
-32730 1565
-32730 1567
-32730 1571
-32729 1575
-32729 1579
-32729 1581
-32729 1583
-32729 1587
-32729 1591
-32729 1595
-32729 1597
-32729 1599
-32729 1603
-32728 1607
-32728 1611
-32728 1613
-32728 1615
-32728 1619
-32727 1623
-32727 1627
-32727 1629
-32727 1631
-32727 1635
-32726 1637
-32726 1639
-32726 1643
-32726 1645
-32726 1647
-32726 1651
-32726 1655
-32726 1659
-32726 1661
-32726 1663
-32726 1667
-32725 1671
-32725 1675
-32725 1677
-32725 1679
-32725 1683
-32724 1687
-32724 1691
-32724 1693
-32724 1695
-32724 1699
-32723 1703
-32723 1707
-32723 1709
-32723 1711
-32723 1715
-32723 1719
-32723 1723
-32723 1725
-32723 1727
-32723 1731
-32722 1735
-32722 1739
-32722 1741
-32722 1743
-32722 1747
-32721 1751
-32721 1755
-32721 1757
-32721 1759
-32721 1763
-32720 1767
-32720 1771
-32720 1773
-32720 1775
-32720 1779
-32719 1783
-32719 1787
-32719 1789
-32719 1791
-32719 1795
-32718 1799
-32718 1803
-32718 1805
-32718 1807
-32718 1811
-32718 1815
-32718 1819
-32718 1821
-32718 1823
-32718 1827
-32716 1831
-32716 1835
-32716 1837
-32716 1839
-32716 1843
-32716 1847
-32716 1851
-32716 1853
-32716 1855
-32716 1859
-32715 1863
-32715 1867
-32715 1869
-32715 1871
-32715 1875
-32714 1879
-32714 1883
-32714 1885
-32714 1887
-32714 1891
-32713 1893
-32713 1895
-32713 1899
-32713 1901
-32713 1903
-32713 1907
-32712 1911
-32712 1915
-32712 1917
-32712 1919
-32712 1923
-32711 1927
-32711 1931
-32711 1933
-32711 1935
-32711 1939
-32711 1943
-32711 1947
-32711 1949
-32711 1951
-32711 1955
-32709 1959
-32709 1963
-32709 1965
-32709 1967
-32709 1971
-32709 1975
-32709 1979
-32709 1981
-32709 1983
-32709 1987
-32708 1991
-32708 1995
-32708 1997
-32708 1999
-32708 2003
-32707 2007
-32707 2011
-32707 2013
-32707 2015
-32707 2019
-32705 2021
-32705 2023
-32705 2027
-32705 2029
-32705 2031
-32705 2035
-32704 2039
-32704 2043
-32704 2045
-32704 2047
-32704 2051
-32703 2055
-32703 2059
-32703 2061
-32703 2063
-32703 2067
-32702 2071
-32702 2075
-32702 2077
-32702 2079
-32702 2083
-32701 2087
-32701 2091
-32701 2093
-32701 2095
-32701 2099
-32700 2103
-32700 2107
-32700 2109
-32700 2111
-32700 2115
-32699 2119
-32699 2123
-32699 2125
-32699 2127
-32699 2131
-32698 2135
-32698 2139
-32698 2141
-32698 2143
-32698 2147
-32697 2149
-32697 2151
-32697 2155
-32697 2157
-32697 2159
-32697 2163
-32696 2167
-32696 2171
-32696 2173
-32696 2175
-32696 2179
-32695 2183
-32695 2187
-32695 2189
-32695 2191
-32695 2195
-32694 2199
-32694 2203
-32694 2205
-32694 2207
-32694 2211
-32693 2215
-32693 2219
-32693 2221
-32693 2223
-32693 2227
-32692 2231
-32692 2235
-32692 2237
-32692 2239
-32692 2243
-32691 2247
-32691 2251
-32691 2253
-32691 2255
-32691 2259
-32690 2263
-32690 2267
-32690 2269
-32690 2271
-32690 2275
-32688 2278
-32688 2282
-32688 2284
-32688 2286
-32688 2290
-32687 2294
-32687 2298
-32687 2300
-32687 2302
-32687 2306
-32686 2310
-32686 2314
-32686 2316
-32686 2318
-32686 2322
-32685 2326
-32685 2330
-32685 2332
-32685 2334
-32685 2338
-32684 2342
-32684 2346
-32683 2348
-32683 2350
-32683 2354
-32683 2358
-32683 2362
-32682 2364
-32682 2366
-32682 2370
-32682 2374
-32682 2378
-32681 2380
-32681 2382
-32681 2386
-32681 2390
-32681 2394
-32680 2396
-32680 2398
-32680 2402
-32679 2404
-32679 2406
-32679 2410
-32679 2412
-32679 2414
-32679 2418
-32678 2422
-32678 2426
-32678 2428
-32678 2430
-32678 2434
-32677 2438
-32677 2442
-32677 2444
-32677 2446
-32677 2450
-32676 2454
-32676 2458
-32676 2460
-32676 2462
-32676 2466
-32675 2470
-32675 2474
-32674 2476
-32674 2478
-32674 2482
-32674 2486
-32674 2490
-32673 2492
-32673 2494
-32673 2498
-32673 2502
-32673 2506
-32672 2508
-32672 2510
-32670 2512
-32670 2516
-32669 2518
-32669 2520
-32669 2524
-32669 2528
-32669 2532
-32668 2534
-32668 2536
-32668 2540
-32668 2544
-32668 2548
-32667 2550
-32667 2552
-32667 2556
-32667 2560
-32667 2564
-32666 2566
-32666 2568
-32666 2572
-32666 2576
-32666 2580
-32665 2582
-32665 2584
-32665 2588
-32664 2592
-32664 2596
-32664 2598
-32664 2600
-32664 2604
-32663 2608
-32663 2612
-32663 2614
-32663 2616
-32663 2620
-32661 2622
-32661 2624
-32661 2628
-32661 2630
-32661 2632
-32661 2636
-32660 2640
-32660 2644
-32660 2646
-32660 2648
-32660 2652
-32659 2656
-32659 2660
-32658 2662
-32658 2664
-32658 2668
-32658 2672
-32658 2676
-32657 2678
-32657 2680
-32657 2684
-32656 2688
-32656 2692
-32656 2694
-32656 2696
-32656 2700
-32655 2704
-32655 2708
-32655 2710
-32655 2712
-32655 2716
-32654 2720
-32654 2724
-32653 2726
-32653 2728
-32653 2732
-32653 2736
-32653 2740
-32652 2742
-32652 2744
-32652 2748
-32651 2752
-32651 2756
-32650 2758
-32650 2760
-32650 2764
-32650 2768
-32650 2772
-32649 2774
-32649 2776
-32649 2780
-32648 2784
-32648 2788
-32648 2790
-32648 2792
-32648 2796
-32647 2800
-32647 2804
-32647 2806
-32647 2808
-32647 2812
-32646 2816
-32646 2820
-32645 2822
-32645 2824
-32645 2828
-32645 2832
-32645 2836
-32644 2838
-32644 2840
-32644 2844
-32643 2848
-32643 2852
-32643 2854
-32643 2856
-32643 2860
-32642 2864
-32642 2868
-32642 2870
-32642 2872
-32642 2876
-32640 2878
-32640 2880
-32640 2884
-32640 2886
-32640 2888
-32640 2892
-32639 2896
-32639 2900
-32639 2902
-32639 2904
-32639 2908
-32638 2912
-32638 2916
-32637 2918
-32637 2920
-32637 2924
-32637 2928
-32637 2932
-32636 2934
-32636 2936
-32636 2940
-32635 2944
-32635 2948
-32634 2950
-32634 2952
-32634 2956
-32634 2960
-32634 2964
-32633 2966
-32633 2968
-32633 2972
-32632 2976
-32632 2980
-32632 2982
-32632 2984
-32632 2988
-32631 2992
-32631 2996
-32631 2998
-32631 3000
-32631 3004
-32628 3005
-32628 3007
-32628 3011
-32628 3013
-32628 3015
-32628 3019
-32627 3023
-32627 3027
-32627 3029
-32627 3031
-32627 3035
-32626 3039
-32626 3043
-32625 3045
-32625 3047
-32625 3051
-32625 3055
-32625 3059
-32624 3061
-32624 3063
-32624 3067
-32623 3071
-32623 3075
-32623 3077
-32623 3079
-32623 3083
-32622 3087
-32622 3091
-32621 3093
-32621 3095
-32621 3099
-32620 3103
-32620 3107
-32620 3109
-32620 3111
-32620 3115
-32619 3119
-32619 3123
-32618 3125
-32618 3127
-32618 3131
-32617 3132
-32617 3134
-32617 3138
-32616 3140
-32616 3142
-32616 3146
-32615 3150
-32615 3154
-32615 3156
-32615 3158
-32615 3162
-32614 3166
-32614 3170
-32613 3172
-32613 3174
-32613 3178
-32612 3182
-32612 3186
-32612 3188
-32612 3190
-32612 3194
-32611 3198
-32611 3202
-32610 3204
-32610 3206
-32610 3210
-32609 3214
-32609 3218
-32609 3220
-32609 3222
-32609 3226
-32608 3230
-32608 3234
-32607 3236
-32607 3238
-32607 3242
-32606 3246
-32606 3250
-32606 3252
-32606 3254
-32606 3258
-32604 3262
-32604 3266
-32604 3268
-32604 3270
-32604 3274
-32603 3278
-32603 3282
-32602 3284
-32602 3286
-32602 3290
-32601 3294
-32601 3298
-32601 3300
-32601 3302
-32601 3306
-32600 3310
-32600 3314
-32599 3316
-32599 3318
-32599 3322
-32598 3326
-32598 3330
-32598 3332
-32598 3334
-32598 3338
-32597 3342
-32597 3346
-32596 3348
-32596 3350
-32596 3354
-32595 3358
-32595 3362
-32595 3364
-32595 3366
-32595 3370
-32594 3374
-32594 3378
-32593 3380
-32593 3382
-32593 3386
-32592 3387
-32592 3389
-32592 3393
-32591 3395
-32591 3397
-32591 3401
-32590 3405
-32590 3409
-32590 3411
-32590 3413
-32590 3417
-32589 3421
-32589 3425
-32588 3427
-32588 3429
-32588 3433
-32587 3437
-32587 3441
-32587 3443
-32587 3445
-32587 3449
-32585 3453
-32585 3457
-32585 3459
-32585 3461
-32585 3465
-32584 3469
-32584 3473
-32583 3475
-32583 3477
-32583 3481
-32582 3485
-32582 3489
-32582 3491
-32582 3493
-32582 3497
-32581 3501
-32581 3505
-32580 3507
-32580 3509
-32580 3513
-32577 3514
-32577 3516
-32577 3520
-32577 3522
-32577 3524
-32577 3528
-32576 3532
-32576 3536
-32575 3538
-32575 3540
-32575 3544
-32574 3548
-32574 3552
-32574 3554
-32574 3556
-32574 3560
-32573 3564
-32573 3568
-32572 3570
-32572 3572
-32572 3576
-32571 3580
-32571 3584
-32570 3586
-32570 3588
-32570 3592
-32569 3596
-32569 3600
-32569 3602
-32569 3604
-32569 3608
-32567 3612
-32567 3616
-32567 3618
-32567 3620
-32567 3624
-32566 3628
-32566 3632
-32565 3634
-32565 3636
-32565 3640
-32564 3641
-32564 3643
-32564 3647
-32563 3649
-32563 3651
-32563 3655
-32562 3659
-32562 3663
-32562 3665
-32562 3667
-32562 3671
-32560 3675
-32560 3679
-32560 3681
-32560 3683
-32560 3687
-32559 3691
-32559 3695
-32558 3697
-32558 3699
-32558 3703
-32557 3707
-32557 3711
-32556 3713
-32556 3715
-32556 3719
-32555 3723
-32555 3727
-32555 3729
-32555 3731
-32555 3735
-32553 3739
-32553 3743
-32553 3745
-32553 3747
-32553 3751
-32552 3755
-32552 3759
-32551 3761
-32551 3763
-32551 3767
-32549 3770
-32549 3774
-32549 3776
-32549 3778
-32549 3782
-32548 3786
-32548 3790
-32547 3792
-32547 3794
-32547 3798
-32546 3802
-32546 3806
-32545 3808
-32545 3810
-32545 3814
-32544 3818
-32544 3822
-32544 3824
-32544 3826
-32544 3830
-32542 3834
-32542 3838
-32542 3840
-32542 3842
-32542 3846
-32541 3850
-32541 3854
-32540 3856
-32540 3858
-32540 3862
-32539 3866
-32539 3870
-32538 3872
-32538 3874
-32538 3878
-32537 3882
-32537 3886
-32537 3888
-32537 3890
-32537 3894
-32534 3896
-32534 3898
-32534 3902
-32534 3904
-32534 3906
-32534 3910
-32533 3914
-32533 3918
-32532 3920
-32532 3922
-32532 3926
-32531 3930
-32531 3934
-32530 3936
-32530 3938
-32530 3942
-32529 3946
-32529 3950
-32529 3952
-32529 3954
-32529 3958
-32527 3962
-32527 3966
-32526 3968
-32526 3970
-32526 3974
-32525 3978
-32525 3982
-32525 3984
-32525 3986
-32525 3990
-32523 3994
-32523 3998
-32523 4000
-32523 4002
-32523 4006
-32522 4010
-32522 4014
-32521 4016
-32521 4018
-32521 4022
-32518 4023
-32518 4025
-32518 4029
-32518 4031
-32518 4033
-32518 4037
-32517 4041
-32517 4045
-32516 4047
-32516 4049
-32516 4053
-32515 4057
-32515 4061
-32514 4063
-32514 4065
-32514 4069
-32513 4073
-32513 4077
-32513 4079
-32513 4081
-32513 4085
-32511 4088
-32511 4092
-32511 4094
-32511 4096
-32511 4100
-32510 4104
-32509 4108
-32509 4110
-32509 4112
-32508 4116
-32508 4120
-32507 4124
-32507 4126
-32507 4128
-32506 4132
-32506 4136
-32505 4140
-32505 4142
-32505 4144
-32504 4148
-32504 4150
-32504 4152
-32503 4156
-32503 4158
-32503 4160
-32502 4164
-32502 4168
-32501 4172
-32501 4174
-32501 4176
-32500 4180
-32500 4184
-32499 4188
-32499 4190
-32499 4192
-32498 4196
-32498 4200
-32497 4204
-32497 4206
-32497 4208
-32496 4212
-32496 4215
-32495 4219
-32495 4221
-32495 4223
-32494 4227
-32494 4231
-32493 4235
-32493 4237
-32493 4239
-32492 4243
-32492 4247
-32491 4251
-32491 4253
-32491 4255
-32490 4259
-32490 4263
-32489 4267
-32489 4269
-32489 4271
-32488 4275
-32487 4279
-32487 4283
-32486 4285
-32486 4287
-32486 4291
-32485 4295
-32485 4299
-32484 4301
-32484 4303
-32484 4307
-32483 4311
-32483 4315
-32482 4317
-32482 4319
-32482 4323
-32481 4327
-32481 4331
-32480 4333
-32480 4335
-32480 4339
-32479 4342
-32479 4346
-32478 4348
-32478 4350
-32478 4354
-32477 4358
-32477 4362
-32476 4364
-32476 4366
-32476 4370
-32475 4374
-32475 4378
-32474 4380
-32474 4382
-32474 4386
-32473 4390
-32473 4394
-32472 4396
-32472 4398
-32472 4402
-32470 4404
-32470 4406
-32470 4410
-32469 4412
-32469 4414
-32469 4418
-32468 4422
-32468 4426
-32467 4428
-32467 4430
-32467 4434
-32466 4438
-32466 4442
-32465 4444
-32465 4446
-32465 4450
-32464 4454
-32464 4458
-32463 4460
-32463 4462
-32463 4466
-32462 4469
-32461 4473
-32461 4475
-32461 4477
-32460 4481
-32460 4485
-32459 4489
-32459 4491
-32459 4493
-32458 4497
-32458 4501
-32457 4505
-32457 4507
-32457 4509
-32456 4513
-32456 4517
-32455 4521
-32455 4523
-32455 4525
-32454 4529
-32452 4530
-32452 4532
-32452 4536
-32451 4538
-32451 4540
-32451 4544
-32450 4548
-32450 4552
-32449 4554
-32449 4556
-32449 4560
-32448 4564
-32448 4568
-32447 4570
-32447 4572
-32447 4576
-32446 4580
-32446 4584
-32445 4586
-32445 4588
-32445 4592
-32444 4595
-32443 4599
-32443 4601
-32443 4603
-32442 4607
-32442 4611
-32441 4615
-32441 4617
-32441 4619
-32440 4623
-32439 4627
-32439 4631
-32438 4633
-32438 4635
-32438 4639
-32437 4643
-32437 4647
-32436 4649
-32436 4651
-32436 4655
-32435 4657
-32435 4659
-32434 4663
-32434 4665
-32434 4667
-32433 4671
-32433 4675
-32432 4679
-32432 4681
-32432 4683
-32431 4687
-32430 4691
-32430 4695
-32429 4697
-32429 4699
-32429 4703
-32428 4707
-32428 4711
-32427 4713
-32427 4715
-32427 4719
-32426 4722
-32425 4726
-32425 4728
-32425 4730
-32424 4734
-32424 4738
-32423 4742
-32423 4744
-32423 4746
-32422 4750
-32421 4754
-32421 4758
-32420 4760
-32420 4762
-32420 4766
-32419 4770
-32419 4774
-32418 4776
-32418 4778
-32418 4782
-32416 4785
-32416 4789
-32415 4791
-32415 4793
-32415 4797
-32414 4801
-32414 4805
-32413 4807
-32413 4809
-32413 4813
-32412 4817
-32411 4821
-32411 4823
-32411 4825
-32410 4829
-32410 4833
-32409 4837
-32409 4839
-32409 4841
-32408 4845
-32407 4849
-32407 4853
-32406 4855
-32406 4857
-32406 4861
-32405 4865
-32405 4869
-32404 4871
-32404 4873
-32404 4877
-32403 4881
-32402 4885
-32402 4887
-32402 4889
-32401 4893
-32401 4897
-32400 4901
-32400 4903
-32400 4905
-32399 4909
-32397 4910
-32397 4912
-32397 4916
-32396 4918
-32396 4920
-32396 4924
-32395 4928
-32395 4932
-32394 4934
-32394 4936
-32394 4940
-32393 4944
-32392 4948
-32392 4950
-32392 4952
-32391 4956
-32391 4960
-32390 4964
-32390 4966
-32390 4968
-32389 4972
-32388 4976
-32387 4980
-32387 4982
-32387 4984
-32386 4988
-32386 4992
-32385 4996
-32385 4998
-32385 5000
-32384 5004
-32383 5008
-32383 5012
-32382 5014
-32382 5016
-32382 5020
-32381 5024
-32381 5028
-32380 5030
-32380 5032
-32380 5036
-32377 5036
-32377 5038
-32377 5042
-32376 5044
-32376 5046
-32376 5050
-32375 5054
-32375 5058
-32374 5060
-32374 5062
-32374 5066
-32373 5070
-32372 5074
-32372 5076
-32372 5078
-32371 5082
-32371 5086
-32370 5090
-32370 5092
-32370 5094
-32369 5098
-32368 5102
-32368 5106
-32367 5108
-32367 5110
-32367 5114
-32366 5118
-32366 5122
-32365 5124
-32365 5126
-32365 5130
-32363 5134
-32363 5138
-32362 5140
-32362 5142
-32362 5146
-32361 5150
-32360 5154
-32360 5156
-32360 5158
-32359 5162
-32358 5163
-32358 5165
-32358 5169
-32357 5171
-32357 5173
-32357 5177
-32356 5181
-32355 5185
-32355 5187
-32355 5189
-32354 5193
-32353 5197
-32353 5201
-32352 5203
-32352 5205
-32352 5209
-32351 5213
-32350 5217
-32350 5219
-32350 5221
-32349 5225
-32348 5228
-32348 5232
-32347 5234
-32347 5236
-32347 5240
-32346 5244
-32345 5248
-32345 5250
-32345 5252
-32344 5256
-32343 5260
-32343 5264
-32342 5266
-32342 5268
-32342 5272
-32341 5276
-32340 5280
-32340 5282
-32340 5284
-32339 5288
-32338 5291
-32337 5295
-32337 5297
-32337 5299
-32336 5303
-32335 5307
-32335 5311
-32334 5313
-32334 5315
-32334 5319
-32333 5323
-32332 5327
-32332 5329
-32332 5331
-32331 5335
-32330 5339
-32330 5343
-32329 5345
-32329 5347
-32329 5351
-32328 5355
-32327 5359
-32327 5361
-32327 5363
-32326 5367
-32325 5371
-32325 5375
-32324 5377
-32324 5379
-32324 5383
-32323 5387
-32322 5391
-32322 5393
-32322 5395
-32321 5399
-32320 5403
-32320 5407
-32319 5409
-32319 5411
-32319 5415
-32317 5416
-32317 5418
-32316 5422
-32316 5424
-32316 5426
-32315 5430
-32314 5434
-32314 5438
-32313 5440
-32313 5442
-32313 5446
-32312 5450
-32311 5454
-32311 5456
-32311 5458
-32310 5462
-32309 5466
-32309 5470
-32308 5472
-32308 5474
-32308 5478
-32306 5481
-32306 5485
-32305 5487
-32305 5489
-32305 5493
-32304 5497
-32303 5501
-32303 5503
-32303 5505
-32302 5509
-32301 5513
-32301 5517
-32300 5519
-32300 5521
-32300 5525
-32299 5529
-32298 5533
-32298 5535
-32298 5537
-32297 5541
-32295 5541
-32295 5543
-32294 5547
-32294 5549
-32294 5551
-32293 5555
-32292 5559
-32292 5563
-32291 5565
-32291 5567
-32291 5571
-32290 5575
-32289 5579
-32289 5581
-32289 5583
-32288 5587
-32287 5591
-32287 5595
-32286 5597
-32286 5599
-32286 5603
-32284 5607
-32284 5611
-32283 5613
-32283 5615
-32283 5619
-32282 5623
-32281 5627
-32281 5629
-32281 5631
-32280 5635
-32279 5639
-32278 5643
-32278 5645
-32278 5647
-32277 5651
-32276 5655
-32276 5659
-32275 5661
-32275 5663
-32275 5667
-32273 5668
-32273 5670
-32273 5674
-32272 5676
-32272 5678
-32272 5682
-32271 5686
-32270 5690
-32270 5692
-32270 5694
-32269 5698
-32268 5702
-32267 5706
-32267 5708
-32267 5710
-32266 5714
-32265 5718
-32265 5722
-32264 5724
-32264 5726
-32264 5730
-32262 5733
-32262 5737
-32261 5739
-32261 5741
-32261 5745
-32260 5749
-32259 5753
-32259 5755
-32259 5757
-32258 5761
-32257 5765
-32256 5769
-32256 5771
-32256 5773
-32255 5777
-32254 5781
-32254 5785
-32253 5787
-32253 5789
-32253 5793
-32251 5796
-32250 5800
-32250 5802
-32250 5804
-32249 5808
-32248 5812
-32248 5816
-32247 5818
-32247 5820
-32247 5824
-32245 5828
-32245 5832
-32244 5834
-32244 5836
-32244 5840
-32243 5844
-32242 5848
-32242 5850
-32242 5852
-32241 5856
-32240 5859
-32239 5863
-32239 5865
-32239 5867
-32238 5871
-32237 5875
-32237 5879
-32236 5881
-32236 5883
-32236 5887
-32234 5891
-32234 5895
-32233 5897
-32233 5899
-32233 5903
-32232 5907
-32231 5911
-32231 5913
-32231 5915
-32230 5919
-32228 5920
-32228 5922
-32227 5926
-32227 5928
-32227 5930
-32226 5934
-32225 5938
-32225 5942
-32224 5944
-32224 5946
-32224 5950
-32222 5954
-32222 5958
-32221 5960
-32221 5962
-32221 5966
-32220 5970
-32219 5974
-32219 5976
-32219 5978
-32218 5982
-32216 5985
-32216 5989
-32215 5991
-32215 5993
-32215 5997
-32214 6001
-32213 6005
-32213 6007
-32213 6009
-32212 6013
-32211 6017
-32210 6021
-32210 6023
-32210 6025
-32209 6029
-32208 6033
-32208 6037
-32207 6039
-32207 6041
-32207 6045
-32204 6046
-32204 6048
-32204 6052
-32203 6054
-32203 6056
-32203 6060
-32202 6064
-32201 6068
-32201 6070
-32201 6072
-32200 6076
-32199 6079
-32198 6083
-32198 6085
-32198 6087
-32197 6091
-32196 6095
-32196 6099
-32195 6101
-32195 6103
-32195 6107
-32193 6111
-32192 6115
-32192 6117
-32192 6119
-32191 6123
-32190 6127
-32190 6131
-32189 6133
-32189 6135
-32189 6139
-32188 6142
-32187 6146
-32186 6148
-32186 6150
-32186 6154
-32185 6158
-32184 6162
-32183 6164
-32183 6166
-32183 6170
-32181 6172
-32181 6174
-32181 6178
-32180 6180
-32180 6182
-32179 6186
-32178 6190
-32178 6194
-32177 6196
-32177 6198
-32176 6202
-32175 6205
-32175 6209
-32174 6211
-32174 6213
-32173 6217
-32172 6221
-32172 6225
-32171 6227
-32171 6229
-32170 6233
-32169 6237
-32169 6241
-32168 6243
-32168 6245
-32167 6249
-32166 6253
-32166 6257
-32165 6259
-32165 6261
-32164 6265
-32163 6268
-32163 6272
-32162 6274
-32162 6276
-32161 6280
-32160 6284
-32160 6288
-32159 6290
-32159 6292
-32158 6296
-32157 6299
-32156 6303
-32155 6305
-32155 6307
-32155 6311
-32154 6315
-32153 6319
-32152 6321
-32152 6323
-32152 6327
-32151 6331
-32150 6335
-32149 6337
-32149 6339
-32149 6343
-32148 6347
-32147 6351
-32146 6353
-32146 6355
-32146 6359
-32145 6362
-32144 6366
-32143 6368
-32143 6370
-32143 6374
-32142 6378
-32141 6382
-32140 6384
-32140 6386
-32140 6390
-32139 6394
-32138 6398
-32137 6400
-32137 6402
-32137 6406
-32136 6410
-32135 6414
-32134 6416
-32134 6418
-32134 6422
-32132 6423
-32132 6425
-32132 6429
-32131 6431
-32131 6433
-32130 6437
-32129 6441
-32129 6445
-32128 6447
-32128 6449
-32127 6453
-32126 6457
-32126 6461
-32125 6463
-32125 6465
-32124 6469
-32123 6473
-32123 6477
-32122 6479
-32122 6481
-32121 6485
-32120 6488
-32119 6492
-32118 6494
-32118 6496
-32118 6500
-32117 6504
-32116 6508
-32115 6510
-32115 6512
-32115 6516
-32114 6520
-32113 6524
-32112 6526
-32112 6528
-32112 6532
-32111 6536
-32110 6540
-32109 6542
-32109 6544
-32107 6545
-32106 6549
-32105 6551
-32105 6553
-32105 6557
-32104 6561
-32103 6565
-32102 6567
-32102 6569
-32102 6573
-32101 6577
-32100 6581
-32099 6583
-32099 6585
-32099 6589
-32098 6593
-32097 6597
-32096 6599
-32096 6601
-32096 6605
-32094 6608
-32094 6612
-32093 6614
-32093 6616
-32092 6620
-32091 6624
-32091 6628
-32090 6630
-32090 6632
-32089 6636
-32088 6640
-32088 6644
-32087 6646
-32087 6648
-32086 6652
-32085 6656
-32085 6660
-32084 6662
-32084 6664
-32083 6668
-32081 6669
-32081 6671
-32081 6675
-32080 6677
-32080 6679
-32079 6683
-32078 6687
-32078 6691
-32077 6693
-32077 6695
-32076 6699
-32075 6702
-32074 6706
-32073 6708
-32073 6710
-32073 6714
-32072 6718
-32071 6722
-32070 6724
-32070 6726
-32070 6730
-32068 6734
-32068 6738
-32067 6740
-32067 6742
-32066 6746
-32065 6750
-32065 6754
-32064 6756
-32064 6758
-32063 6762
-32062 6765
-32061 6769
-32060 6771
-32060 6773
-32060 6777
-32059 6781
-32058 6785
-32057 6787
-32057 6789
-32057 6793
-32055 6796
-32054 6800
-32053 6802
-32053 6804
-32053 6808
-32052 6812
-32051 6816
-32050 6818
-32050 6820
-32050 6824
-32048 6827
-32048 6831
-32047 6833
-32047 6835
-32046 6839
-32045 6843
-32045 6847
-32044 6849
-32044 6851
-32043 6855
-32042 6859
-32041 6863
-32040 6865
-32040 6867
-32040 6871
-32039 6875
-32038 6879
-32037 6881
-32037 6883
-32037 6887
-32035 6890
-32035 6894
-32034 6896
-32034 6898
-32033 6902
-32032 6906
-32032 6910
-32031 6912
-32031 6914
-32030 6918
-32028 6919
-32028 6921
-32027 6925
-32026 6927
-32026 6929
-32026 6933
-32025 6937
-32024 6941
-32023 6943
-32023 6945
-32023 6949
-32021 6953
-32021 6957
-32020 6959
-32020 6961
-32019 6965
-32018 6969
-32018 6973
-32017 6975
-32017 6977
-32016 6981
-32014 6984
-32014 6988
-32013 6990
-32013 6992
-32012 6996
-32011 7000
-32011 7004
-32010 7006
-32010 7008
-32009 7012
-32008 7016
-32007 7020
-32006 7022
-32006 7024
-32006 7028
-32005 7032
-32004 7036
-32003 7038
-32003 7040
-32003 7044
-32000 7044
-32000 7046
-32000 7050
-31999 7052
-31999 7054
-31998 7058
-31997 7062
-31997 7066
-31996 7068
-31996 7070
-31995 7074
-31994 7078
-31993 7082
-31992 7084
-31992 7086
-31992 7090
-31991 7094
-31990 7098
-31989 7100
-31989 7102
-31989 7106
-31987 7109
-31986 7113
-31985 7115
-31985 7117
-31985 7121
-31984 7125
-31983 7129
-31982 7131
-31982 7133
-31982 7137
-31980 7140
-31980 7144
-31979 7146
-31979 7148
-31978 7152
-31977 7156
-31977 7160
-31976 7162
-31976 7164
-31975 7168
-31973 7169
-31973 7171
-31972 7175
-31971 7177
-31971 7179
-31971 7183
-31969 7187
-31969 7191
-31968 7193
-31968 7195
-31967 7199
-31966 7203
-31965 7207
-31964 7209
-31964 7211
-31964 7215
-31962 7219
-31962 7223
-31961 7225
-31961 7227
-31960 7231
-31959 7234
-31958 7238
-31957 7240
-31957 7242
-31957 7246
-31955 7250
-31955 7254
-31954 7256
-31954 7258
-31953 7262
-31952 7265
-31951 7269
-31950 7271
-31950 7273
-31950 7277
-31948 7281
-31948 7285
-31947 7287
-31947 7289
-31946 7293
-31945 7296
-31944 7300
-31943 7302
-31943 7304
-31943 7308
-31941 7312
-31941 7316
-31940 7318
-31940 7320
-31939 7324
-31938 7328
-31937 7332
-31936 7334
-31936 7336
-31936 7340
-31934 7344
-31934 7348
-31933 7350
-31933 7352
-31932 7356
-31931 7359
-31930 7363
-31929 7365
-31929 7367
-31929 7371
-31927 7375
-31927 7379
-31926 7381
-31926 7383
-31925 7387
-31924 7390
-31923 7394
-31922 7396
-31922 7398
-31922 7402
-31920 7406
-31920 7410
-31919 7412
-31919 7414
-31918 7418
-31916 7419
-31916 7421
-31916 7425
-31915 7427
-31915 7429
-31914 7433
-31913 7437
-31912 7441
-31911 7443
-31911 7445
-31911 7449
-31909 7453
-31909 7457
-31908 7459
-31908 7461
-31907 7465
-31906 7469
-31905 7473
-31904 7475
-31904 7477
-31904 7481
-31902 7484
-31901 7488
-31900 7490
-31900 7492
-31900 7496
-31898 7500
-31898 7504
-31897 7506
-31897 7508
-31896 7512
-31895 7515
-31894 7519
-31893 7521
-31893 7523
-31893 7527
-31891 7531
-31891 7535
-31890 7537
-31890 7539
-31889 7543
-31886 7543
-31886 7545
-31886 7549
-31885 7551
-31885 7553
-31884 7557
-31883 7561
-31882 7565
-31881 7567
-31881 7569
-31881 7573
-31879 7577
-31879 7581
-31878 7583
-31878 7585
-31877 7589
-31876 7593
-31875 7597
-31874 7599
-31874 7601
-31874 7605
-31872 7608
-31871 7612
-31870 7614
-31870 7616
-31870 7620
-31868 7624
-31868 7628
-31867 7630
-31867 7632
-31866 7636
-31865 7639
-31864 7643
-31863 7645
-31863 7647
-31863 7651
-31861 7655
-31861 7659
-31860 7661
-31860 7663
-31859 7667
-31857 7668
-31857 7670
-31857 7674
-31856 7676
-31856 7678
-31855 7682
-31854 7686
-31853 7690
-31852 7692
-31852 7694
-31852 7698
-31850 7701
-31849 7705
-31848 7707
-31848 7709
-31848 7713
-31846 7717
-31846 7721
-31845 7723
-31845 7725
-31844 7729
-31842 7732
-31842 7736
-31841 7738
-31841 7740
-31840 7744
-31839 7748
-31838 7752
-31837 7754
-31837 7756
-31837 7760
-31835 7764
-31834 7768
-31833 7770
-31833 7772
-31833 7776
-31831 7780
-31831 7784
-31830 7786
-31830 7788
-31829 7792
-31827 7794
-31826 7798
-31825 7800
-31825 7802
-31825 7806
-31823 7810
-31823 7814
-31822 7816
-31822 7818
-31821 7822
-31819 7826
-31819 7830
-31818 7832
-31818 7834
-31817 7838
-31816 7842
-31815 7846
-31814 7848
-31814 7850
-31814 7854
-31812 7857
-31811 7861
-31810 7863
-31810 7865
-31810 7869
-31808 7873
-31808 7877
-31807 7879
-31807 7881
-31806 7885
-31804 7888
-31804 7892
-31803 7894
-31803 7896
-31802 7900
-31801 7904
-31800 7908
-31799 7910
-31799 7912
-31799 7916
-31796 7917
-31796 7919
-31796 7923
-31795 7925
-31795 7927
-31794 7931
-31793 7935
-31792 7939
-31791 7941
-31791 7943
-31791 7947
-31789 7950
-31788 7954
-31787 7956
-31787 7958
-31787 7962
-31785 7966
-31785 7970
-31784 7972
-31784 7974
-31783 7978
-31781 7981
-31780 7985
-31779 7987
-31779 7989
-31779 7993
-31777 7997
-31777 8001
-31776 8003
-31776 8005
-31775 8009
-31773 8013
-31773 8017
-31772 8019
-31772 8021
-31771 8025
-31770 8029
-31769 8033
-31768 8035
-31768 8037
-31768 8041
-31764 8040
-31764 8042
-31764 8046
-31763 8048
-31763 8050
-31762 8054
-31761 8058
-31760 8062
-31759 8064
-31759 8066
-31759 8070
-31757 8074
-31756 8078
-31755 8080
-31755 8082
-31755 8086
-31753 8090
-31753 8094
-31752 8096
-31752 8098
-31751 8102
-31749 8105
-31748 8109
-31747 8111
-31747 8113
-31747 8117
-31745 8121
-31745 8125
-31744 8127
-31744 8129
-31743 8133
-31741 8136
-31741 8140
-31740 8142
-31740 8144
-31739 8148
-31738 8152
-31737 8156
-31736 8158
-31736 8160
-31736 8164
-31733 8165
-31733 8167
-31733 8171
-31732 8173
-31732 8175
-31731 8179
-31730 8183
-31729 8187
-31729 8189
-31729 8191
-31727 8195
-31726 8198
-31725 8202
-31724 8204
-31724 8206
-31723 8210
-31722 8214
-31721 8218
-31720 8220
-31720 8222
-31719 8226
-31718 8229
-31717 8233
-31716 8235
-31716 8237
-31715 8241
-31714 8245
-31713 8249
-31712 8251
-31712 8253
-31711 8257
-31710 8260
-31709 8264
-31708 8266
-31708 8268
-31707 8272
-31706 8276
-31705 8280
-31704 8282
-31704 8284
-31703 8288
-31701 8291
-31700 8295
-31700 8297
-31699 8299
-31698 8303
-31697 8307
-31696 8311
-31696 8313
-31695 8315
-31694 8319
-31693 8322
-31692 8326
-31692 8328
-31691 8330
-31690 8334
-31689 8338
-31688 8342
-31688 8344
-31687 8346
-31686 8350
-31685 8353
-31684 8357
-31684 8359
-31683 8361
-31682 8365
-31681 8369
-31680 8373
-31680 8375
-31679 8377
-31678 8381
-31677 8384
-31676 8388
-31676 8390
-31675 8392
-31674 8396
-31673 8400
-31672 8404
-31672 8406
-31671 8408
-31670 8412
-31670 8413
-31669 8415
-31668 8419
-31668 8421
-31667 8423
-31666 8427
-31665 8431
-31664 8435
-31664 8437
-31663 8439
-31662 8443
-31661 8446
-31660 8450
-31660 8452
-31659 8454
-31658 8458
-31657 8462
-31656 8466
-31656 8468
-31655 8470
-31654 8474
-31653 8477
-31652 8481
-31651 8483
-31651 8485
-31650 8489
-31649 8493
-31648 8497
-31647 8499
-31647 8501
-31646 8505
-31645 8508
-31644 8512
-31643 8514
-31643 8516
-31642 8520
-31641 8524
-31640 8528
-31639 8530
-31639 8532
-31638 8536
-31636 8536
-31635 8538
-31634 8542
-31634 8544
-31633 8546
-31632 8550
-31631 8553
-31630 8557
-31630 8559
-31629 8561
-31628 8565
-31627 8569
-31626 8573
-31626 8575
-31625 8577
-31624 8581
-31623 8584
-31622 8588
-31622 8590
-31621 8592
-31620 8596
-31619 8600
-31618 8604
-31617 8606
-31617 8608
-31616 8612
-31615 8615
-31614 8619
-31613 8621
-31613 8623
-31612 8627
-31611 8631
-31610 8635
-31609 8637
-31609 8639
-31608 8643
-31607 8646
-31606 8650
-31605 8652
-31605 8654
-31604 8658
-31602 8659
-31602 8661
-31601 8665
-31600 8667
-31600 8669
-31599 8673
-31598 8677
-31597 8681
-31596 8683
-31596 8685
-31595 8689
-31594 8692
-31593 8696
-31592 8698
-31592 8700
-31591 8704
-31590 8708
-31589 8712
-31588 8714
-31588 8716
-31587 8720
-31585 8723
-31584 8727
-31584 8729
-31583 8731
-31582 8735
-31581 8739
-31580 8743
-31580 8745
-31579 8747
-31578 8751
-31577 8754
-31576 8758
-31575 8760
-31575 8762
-31574 8766
-31573 8770
-31572 8774
-31571 8776
-31571 8778
-31570 8782
-31568 8785
-31567 8789
-31566 8791
-31566 8793
-31565 8797
-31564 8800
-31563 8804
-31562 8806
-31562 8808
-31561 8812
-31559 8816
-31558 8820
-31558 8822
-31557 8824
-31556 8828
-31555 8831
-31554 8835
-31554 8837
-31553 8839
-31552 8843
-31551 8847
-31550 8851
-31549 8853
-31549 8855
-31548 8859
-31547 8862
-31546 8866
-31545 8868
-31545 8870
-31544 8874
-31542 8878
-31541 8882
-31541 8884
-31540 8886
-31539 8890
-31538 8893
-31537 8897
-31537 8899
-31536 8901
-31535 8905
-31534 8906
-31533 8908
-31532 8912
-31532 8914
-31531 8916
-31530 8920
-31529 8924
-31528 8928
-31528 8930
-31527 8932
-31526 8936
-31525 8939
-31524 8943
-31523 8945
-31523 8947
-31522 8951
-31521 8955
-31520 8959
-31519 8961
-31519 8963
-31518 8967
-31516 8970
-31515 8974
-31514 8976
-31514 8978
-31513 8982
-31512 8986
-31511 8990
-31510 8992
-31510 8994
-31509 8998
-31507 9001
-31506 9005
-31506 9007
-31505 9009
-31504 9013
-31503 9017
-31502 9021
-31502 9023
-31501 9025
-31500 9029
-31498 9029
-31498 9031
-31497 9035
-31496 9037
-31496 9039
-31495 9043
-31494 9047
-31493 9051
-31492 9053
-31492 9055
-31491 9059
-31489 9062
-31488 9066
-31488 9068
-31487 9070
-31486 9074
-31485 9078
-31484 9082
-31484 9084
-31483 9086
-31482 9090
-31480 9093
-31479 9097
-31479 9099
-31478 9101
-31477 9105
-31476 9108
-31475 9112
-31475 9114
-31474 9116
-31473 9120
-31472 9124
-31471 9128
-31470 9130
-31470 9132
-31469 9136
-31468 9139
-31467 9143
-31466 9145
-31466 9147
-31465 9151
-31463 9152
-31462 9154
-31461 9158
-31461 9160
-31460 9162
-31459 9166
-31458 9170
-31457 9174
-31457 9176
-31456 9178
-31455 9182
-31454 9185
-31453 9189
-31452 9191
-31452 9193
-31451 9197
-31450 9201
-31449 9205
-31448 9207
-31448 9209
-31447 9213
-31445 9216
-31444 9220
-31444 9222
-31443 9224
-31442 9228
-31441 9231
-31440 9235
-31439 9237
-31439 9239
-31438 9243
-31436 9247
-31435 9251
-31435 9253
-31434 9255
-31433 9259
-31432 9262
-31431 9266
-31430 9268
-31430 9270
-31429 9274
-31427 9277
-31426 9281
-31425 9283
-31425 9285
-31424 9289
-31422 9293
-31421 9297
-31421 9299
-31420 9301
-31419 9305
-31418 9308
-31417 9312
-31416 9314
-31416 9316
-31415 9320
-31413 9324
-31412 9328
-31412 9330
-31411 9332
-31410 9336
-31409 9339
-31408 9343
-31407 9345
-31407 9347
-31406 9351
-31404 9354
-31403 9358
-31403 9360
-31402 9362
-31401 9366
-31400 9370
-31399 9374
-31398 9376
-31398 9378
-31397 9382
-31395 9385
-31394 9389
-31394 9391
-31393 9393
-31392 9397
-31391 9398
-31390 9400
-31389 9404
-31389 9406
-31388 9408
-31387 9412
-31386 9416
-31385 9420
-31384 9422
-31384 9424
-31383 9428
-31381 9431
-31380 9435
-31380 9437
-31379 9439
-31378 9443
-31377 9447
-31376 9451
-31375 9453
-31375 9455
-31374 9459
-31372 9462
-31371 9466
-31371 9468
-31370 9470
-31369 9474
-31368 9477
-31367 9481
-31366 9483
-31366 9485
-31365 9489
-31363 9493
-31362 9497
-31362 9499
-31361 9501
-31360 9505
-31359 9508
-31358 9512
-31357 9514
-31357 9516
-31356 9520
-31354 9520
-31353 9522
-31352 9526
-31352 9528
-31351 9530
-31350 9534
-31349 9537
-31348 9541
-31347 9543
-31347 9545
-31346 9549
-31344 9553
-31343 9557
-31343 9559
-31342 9561
-31341 9565
-31340 9568
-31339 9572
-31338 9574
-31338 9576
-31337 9580
-31335 9583
-31334 9587
-31333 9589
-31333 9591
-31332 9595
-31330 9599
-31329 9603
-31329 9605
-31328 9607
-31327 9611
-31326 9614
-31325 9618
-31324 9620
-31324 9622
-31323 9626
-31321 9630
-31320 9634
-31320 9636
-31319 9638
-31318 9642
-31316 9642
-31316 9644
-31315 9648
-31314 9650
-31314 9652
-31313 9656
-31311 9660
-31310 9664
-31310 9666
-31309 9668
-31308 9672
-31307 9675
-31306 9679
-31305 9681
-31305 9683
-31304 9687
-31302 9691
-31301 9695
-31301 9697
-31300 9699
-31299 9703
-31297 9706
-31296 9710
-31296 9712
-31295 9714
-31294 9718
-31293 9721
-31292 9725
-31291 9727
-31291 9729
-31290 9733
-31288 9737
-31287 9741
-31286 9743
-31286 9745
-31285 9749
-31283 9752
-31282 9756
-31282 9758
-31281 9760
-31280 9764
-31278 9766
-31277 9770
-31277 9772
-31276 9774
-31275 9778
-31274 9782
-31273 9786
-31272 9788
-31272 9790
-31271 9794
-31269 9797
-31268 9801
-31267 9803
-31267 9805
-31266 9809
-31264 9813
-31263 9817
-31263 9819
-31262 9821
-31261 9825
-31259 9828
-31258 9832
-31258 9834
-31257 9836
-31256 9840
-31255 9843
-31254 9847
-31253 9849
-31253 9851
-31252 9855
-31250 9859
-31249 9863
-31248 9865
-31248 9867
-31247 9871
-31245 9874
-31244 9878
-31244 9880
-31243 9882
-31242 9886
-31240 9887
-31240 9889
-31239 9893
-31238 9895
-31238 9897
-31237 9901
-31235 9905
-31234 9909
-31234 9911
-31233 9913
-31232 9917
-31230 9920
-31229 9924
-31229 9926
-31228 9928
-31227 9932
-31226 9935
-31225 9939
-31224 9941
-31224 9943
-31223 9947
-31221 9950
-31220 9954
-31219 9956
-31219 9958
-31218 9962
-31216 9966
-31215 9970
-31215 9972
-31214 9974
-31213 9978
-31211 9981
-31210 9985
-31210 9987
-31209 9989
-31208 9993
-31207 9996
-31206 10000
-31205 10002
-31205 10004
-31204 10008
-31201 10009
-31201 10011
-31200 10015
-31199 10017
-31199 10019
-31198 10023
-31196 10027
-31195 10031
-31195 10033
-31194 10035
-31193 10039
-31191 10042
-31190 10046
-31190 10048
-31189 10050
-31188 10054
-31187 10057
-31186 10061
-31185 10063
-31185 10065
-31184 10069
-31181 10072
-31180 10076
-31180 10078
-31179 10080
-31178 10084
-31177 10088
-31176 10092
-31175 10094
-31175 10096
-31174 10100
-31172 10103
-31171 10107
-31170 10109
-31170 10111
-31169 10115
-31167 10118
-31166 10122
-31166 10124
-31165 10126
-31164 10130
-31162 10131
-31161 10133
-31160 10137
-31160 10139
-31159 10141
-31158 10145
-31157 10149
-31156 10153
-31155 10155
-31155 10157
-31154 10161
-31152 10164
-31151 10168
-31150 10170
-31150 10172
-31149 10176
-31147 10179
-31146 10183
-31146 10185
-31145 10187
-31144 10191
-31142 10194
-31141 10198
-31140 10200
-31140 10202
-31139 10206
-31137 10210
-31136 10214
-31136 10216
-31135 10218
-31134 10222
-31132 10225
-31131 10229
-31131 10231
-31130 10233
-31129 10237
-31128 10240
-31127 10244
-31126 10246
-31126 10248
-31125 10252
-31122 10255
-31121 10259
-31120 10261
-31120 10263
-31119 10267
-31117 10270
-31116 10274
-31115 10276
-31115 10278
-31114 10282
-31112 10285
-31111 10289
-31110 10291
-31110 10293
-31109 10297
-31107 10301
-31106 10305
-31105 10307
-31105 10309
-31104 10313
-31102 10316
-31101 10320
-31100 10322
-31100 10324
-31099 10328
-31097 10331
-31096 10335
-31095 10337
-31095 10339
-31094 10343
-31092 10346
-31091 10350
-31090 10352
-31090 10354
-31089 10358
-31087 10362
-31086 10359
-31085 10363
-31083 10366
-31082 10370
-31081 10372
-31081 10374
-31080 10378
-31078 10381
-31077 10385
-31076 10387
-31076 10389
-31075 10393
-31073 10397
-31072 10401
-31071 10403
-31071 10405
-31070 10409
-31068 10412
-31067 10416
-31066 10418
-31066 10420
-31065 10424
-31063 10427
-31062 10431
-31061 10433
-31061 10435
-31060 10439
-31058 10442
-31057 10446
-31056 10448
-31056 10450
-31055 10454
-31053 10458
-31052 10462
-31051 10464
-31051 10466
-31050 10470
-31048 10472
-31047 10476
-31046 10478
-31045 10480
-31044 10484
-31043 10488
-31042 10492
-31041 10494
-31040 10496
-31039 10500
-31038 10503
-31037 10507
-31036 10509
-31035 10511
-31034 10515
-31033 10518
-31032 10522
-31031 10524
-31030 10526
-31029 10530
-31027 10533
-31026 10537
-31025 10539
-31025 10541
-31024 10545
-31022 10549
-31021 10553
-31020 10555
-31020 10557
-31019 10561
-31017 10564
-31016 10568
-31015 10570
-31015 10572
-31014 10576
-31012 10579
-31011 10583
-31010 10585
-31010 10587
-31009 10591
-31007 10592
-31007 10594
-31006 10598
-31005 10600
-31004 10602
-31003 10606
-31002 10609
-31001 10613
-31000 10615
-30999 10617
-30998 10621
-30997 10624
-30996 10628
-30995 10630
-30994 10632
-30993 10636
-30992 10640
-30991 10644
-30990 10646
-30989 10648
-30988 10652
-30986 10655
-30985 10659
-30984 10661
-30984 10663
-30983 10667
-30981 10670
-30980 10674
-30979 10676
-30979 10678
-30978 10682
-30976 10685
-30975 10689
-30974 10691
-30974 10693
-30973 10697
-30971 10701
-30970 10705
-30969 10707
-30969 10709
-30968 10713
-30965 10713
-30965 10715
-30964 10719
-30963 10721
-30962 10723
-30961 10727
-30960 10730
-30959 10734
-30958 10736
-30957 10738
-30956 10742
-30955 10745
-30954 10749
-30953 10751
-30952 10753
-30951 10757
-30950 10761
-30949 10765
-30948 10767
-30947 10769
-30946 10773
-30944 10775
-30943 10779
-30942 10781
-30942 10783
-30941 10787
-30939 10791
-30938 10795
-30937 10797
-30937 10799
-30936 10803
-30934 10806
-30933 10810
-30932 10812
-30931 10814
-30930 10818
-30929 10821
-30928 10825
-30927 10827
-30926 10829
-30925 10833
-30924 10834
-30923 10836
-30922 10840
-30921 10842
-30921 10844
-30920 10848
-30918 10851
-30917 10855
-30916 10857
-30916 10859
-30915 10863
-30913 10866
-30912 10870
-30911 10872
-30910 10874
-30909 10878
-30908 10882
-30907 10886
-30906 10888
-30905 10890
-30904 10894
-30902 10896
-30901 10900
-30900 10902
-30900 10904
-30899 10908
-30897 10912
-30896 10916
-30895 10918
-30895 10920
-30894 10924
-30892 10927
-30891 10931
-30890 10933
-30889 10935
-30888 10939
-30887 10942
-30886 10946
-30885 10948
-30884 10950
-30883 10954
-30880 10956
-30879 10960
-30878 10962
-30878 10964
-30877 10968
-30875 10972
-30874 10976
-30873 10978
-30873 10980
-30872 10984
-30870 10987
-30869 10991
-30868 10993
-30867 10995
-30866 10999
-30865 11002
-30864 11006
-30863 11008
-30862 11010
-30861 11014
-30859 11017
-30858 11021
-30857 11023
-30856 11025
-30855 11029
-30854 11032
-30853 11036
-30852 11038
-30851 11040
-30850 11044
-30848 11047
-30847 11051
-30846 11053
-30846 11055
-30845 11059
-30843 11063
-30842 11067
-30841 11069
-30841 11071
-30840 11075
-30838 11075
-30837 11077
-30836 11081
-30835 11083
-30835 11085
-30834 11089
-30832 11092
-30831 11096
-30830 11098
-30830 11100
-30829 11104
-30827 11107
-30826 11111
-30825 11113
-30824 11115
-30823 11119
-30822 11123
-30821 11127
-30820 11129
-30819 11131
-30818 11135
-30816 11137
-30815 11141
-30814 11143
-30813 11145
-30812 11149
-30811 11153
-30810 11157
-30809 11159
-30808 11161
-30807 11165
-30805 11168
-30804 11172
-30803 11174
-30803 11176
-30802 11180
-30800 11183
-30799 11187
-30798 11189
-30798 11191
-30797 11195
-30794 11195
-30793 11197
-30792 11201
-30791 11203
-30791 11205
-30790 11209
-30788 11212
-30787 11216
-30786 11218
-30786 11220
-30785 11224
-30783 11227
-30782 11231
-30781 11233
-30780 11235
-30779 11239
-30778 11243
-30777 11247
-30776 11249
-30775 11251
-30774 11255
-30772 11257
-30771 11261
-30770 11263
-30770 11265
-30769 11269
-30767 11273
-30766 11277
-30765 11279
-30764 11281
-30763 11285
-30761 11288
-30760 11292
-30759 11294
-30759 11296
-30758 11300
-30756 11303
-30755 11307
-30754 11309
-30753 11311
-30752 11315
-30750 11315
-30750 11317
-30749 11321
-30748 11323
-30747 11325
-30746 11329
-30744 11333
-30743 11337
-30742 11339
-30742 11341
-30741 11345
-30739 11348
-30738 11352
-30737 11354
-30736 11356
-30735 11360
-30733 11363
-30732 11367
-30731 11369
-30731 11371
-30730 11375
-30728 11378
-30727 11382
-30726 11384
-30725 11386
-30724 11390
-30722 11394
-30721 11398
-30720 11400
-30720 11402
-30719 11406
-30717 11409
-30716 11413
-30715 11414
-30714 11416
-30713 11420
-30711 11424
-30710 11428
-30709 11429
-30709 11431
-30708 11435
-30705 11438
-30704 11442
-30703 11444
-30703 11446
-30702 11450
-30700 11453
-30699 11457
-30698 11459
-30697 11461
-30696 11465
-30694 11468
-30693 11472
-30692 11474
-30692 11476
-30691 11480
-30689 11483
-30688 11487
-30687 11489
-30686 11491
-30685 11495
-30683 11498
-30682 11502
-30681 11504
-30681 11506
-30680 11510
-30678 11513
-30677 11517
-30676 11519
-30675 11521
-30674 11525
-30672 11528
-30671 11532
-30670 11534
-30670 11536
-30669 11540
-30667 11543
-30666 11547
-30665 11549
-30664 11551
-30663 11555
-30661 11556
-30661 11558
-30660 11562
-30659 11564
-30658 11566
-30657 11570
-30655 11573
-30654 11577
-30653 11579
-30653 11581
-30652 11585
-30650 11588
-30649 11592
-30648 11594
-30647 11596
-30646 11600
-30644 11603
-30643 11607
-30642 11609
-30642 11611
-30641 11615
-30638 11618
-30637 11622
-30636 11624
-30636 11626
-30635 11630
-30633 11633
-30632 11637
-30631 11639
-30630 11641
-30629 11645
-30627 11648
-30626 11652
-30625 11654
-30625 11656
-30624 11660
-30622 11663
-30621 11667
-30620 11669
-30619 11671
-30618 11675
-30616 11676
-30615 11678
-30614 11682
-30613 11683
-30613 11685
-30612 11689
-30610 11693
-30609 11697
-30608 11698
-30607 11700
-30606 11704
-30604 11708
-30603 11712
-30602 11713
-30602 11715
-30601 11719
-30599 11723
-30598 11727
-30597 11728
-30596 11730
-30595 11734
-30593 11738
-30592 11742
-30591 11743
-30590 11745
-30589 11749
-30587 11753
-30586 11757
-30585 11758
-30585 11760
-30584 11764
-30582 11768
-30581 11772
-30580 11773
-30579 11775
-30578 11779
-30576 11783
-30575 11787
-30574 11788
-30574 11790
-30573 11794
-30570 11795
-30570 11797
-30569 11801
-30568 11803
-30567 11805
-30566 11809
-30564 11812
-30563 11816
-30562 11818
-30562 11820
-30561 11824
-30558 11827
-30557 11831
-30556 11833
-30556 11835
-30555 11839
-30553 11842
-30552 11846
-30551 11848
-30550 11850
-30549 11854
-30547 11857
-30546 11861
-30545 11863
-30544 11865
-30543 11869
-30541 11872
-30540 11876
-30539 11878
-30539 11880
-30538 11884
-30535 11887
-30534 11891
-30533 11893
-30533 11895
-30532 11899
-30530 11902
-30529 11906
-30528 11908
-30527 11910
-30526 11914
-30523 11916
-30522 11920
-30521 11922
-30521 11924
-30520 11928
-30518 11931
-30517 11935
-30516 11937
-30515 11939
-30514 11943
-30512 11946
-30511 11950
-30510 11952
-30509 11954
-30508 11958
-30506 11961
-30505 11965
-30504 11967
-30504 11969
-30503 11973
-30500 11976
-30499 11980
-30498 11982
-30498 11984
-30497 11988
-30495 11991
-30494 11995
-30493 11997
-30492 11999
-30491 12003
-30489 12006
-30488 12010
-30487 12012
-30486 12014
-30485 12018
-30483 12021
-30482 12025
-30481 12027
-30481 12029
-30480 12033
-30477 12034
-30476 12036
-30475 12040
-30474 12041
-30474 12043
-30473 12047
-30471 12051
-30470 12055
-30469 12056
-30468 12058
-30467 12062
-30465 12066
-30464 12070
-30463 12071
-30462 12073
-30461 12077
-30459 12081
-30458 12085
-30457 12086
-30457 12088
-30456 12092
-30453 12095
-30452 12099
-30451 12101
-30450 12103
-30449 12107
-30447 12110
-30446 12114
-30445 12116
-30445 12118
-30444 12122
-30441 12125
-30440 12129
-30439 12131
-30439 12133
-30438 12137
-30436 12140
-30435 12144
-30434 12146
-30433 12148
-30432 12152
-30429 12152
-30428 12154
-30427 12158
-30426 12159
-30426 12161
-30425 12165
-30423 12169
-30422 12173
-30421 12174
-30420 12176
-30419 12180
-30417 12184
-30416 12188
-30415 12189
-30414 12191
-30413 12195
-30411 12199
-30410 12203
-30409 12204
-30409 12206
-30408 12210
-30405 12213
-30404 12217
-30403 12219
-30402 12221
-30401 12225
-30399 12228
-30398 12232
-30397 12234
-30397 12236
-30396 12240
-30393 12243
-30392 12247
-30391 12249
-30391 12251
-30390 12255
-30388 12258
-30387 12262
-30386 12264
-30385 12266
-30384 12270
-30382 12271
-30381 12273
-30380 12277
-30379 12278
-30379 12280
-30378 12284
-30376 12288
-30375 12292
-30374 12293
-30373 12295
-30372 12299
-30370 12303
-30368 12307
-30367 12308
-30367 12310
-30365 12314
-30364 12318
-30362 12322
-30361 12323
-30361 12325
-30359 12329
-30358 12332
-30356 12336
-30355 12338
-30355 12340
-30353 12344
-30352 12347
-30350 12351
-30349 12353
-30349 12355
-30347 12359
-30346 12362
-30344 12366
-30343 12368
-30343 12370
-30341 12374
-30340 12377
-30338 12381
-30337 12383
-30337 12385
-30335 12389
-30333 12391
-30332 12395
-30331 12397
-30330 12399
-30329 12403
-30327 12406
-30326 12410
-30325 12412
-30324 12414
-30323 12418
-30321 12421
-30320 12425
-30319 12427
-30318 12429
-30317 12433
-30315 12436
-30314 12440
-30313 12442
-30312 12444
-30311 12448
-30309 12451
-30308 12455
-30307 12456
-30306 12458
-30305 12462
-30303 12466
-30302 12470
-30301 12471
-30300 12473
-30299 12477
-30297 12481
-30296 12485
-30295 12486
-30294 12488
-30293 12492
-30291 12496
-30290 12500
-30289 12501
-30288 12503
-30287 12507
-30286 12508
-30285 12510
-30284 12514
-30283 12515
-30282 12517
-30281 12521
-30279 12525
-30278 12529
-30277 12530
-30276 12532
-30275 12536
-30273 12540
-30272 12544
-30271 12545
-30270 12547
-30269 12551
-30267 12555
-30266 12559
-30265 12560
-30264 12562
-30263 12566
-30261 12569
-30259 12573
-30258 12575
-30258 12577
-30256 12581
-30255 12584
-30253 12588
-30252 12590
-30252 12592
-30250 12596
-30249 12599
-30247 12603
-30246 12605
-30246 12607
-30244 12611
-30243 12614
-30241 12618
-30240 12620
-30240 12622
-30238 12626
-30236 12626
-30235 12628
-30234 12632
-30233 12633
-30232 12635
-30231 12639
-30229 12643
-30228 12647
-30227 12648
-30226 12650
-30225 12654
-30223 12658
-30222 12662
-30221 12663
-30220 12665
-30219 12669
-30217 12673
-30216 12677
-30215 12678
-30214 12680
-30213 12684
-30211 12687
-30209 12691
-30208 12693
-30208 12695
-30206 12699
-30205 12702
-30203 12706
-30202 12708
-30202 12710
-30200 12714
-30199 12717
-30197 12721
-30196 12722
-30196 12724
-30194 12728
-30193 12732
-30191 12736
-30190 12737
-30190 12739
-30188 12743
-30187 12744
-30186 12746
-30185 12750
-30184 12752
-30183 12754
-30182 12758
-30180 12761
-30179 12765
-30178 12767
-30177 12769
-30176 12773
-30174 12776
-30173 12780
-30172 12781
-30171 12783
-30170 12787
-30168 12791
-30167 12795
-30166 12796
-30165 12798
-30164 12802
-30161 12805
-30160 12809
-30159 12811
-30158 12813
-30157 12817
-30155 12820
-30154 12824
-30153 12826
-30152 12828
-30151 12832
-30149 12835
-30147 12839
-30146 12840
-30146 12842
-30144 12846
-30143 12850
-30141 12854
-30140 12855
-30140 12857
-30138 12861
-30136 12864
-30135 12868
-30134 12869
-30133 12871
-30132 12875
-30130 12879
-30129 12883
-30128 12884
-30127 12886
-30126 12890
-30124 12893
-30122 12897
-30121 12899
-30121 12901
-30119 12905
-30118 12908
-30116 12912
-30115 12914
-30115 12916
-30113 12920
-30111 12923
-30110 12927
-30109 12928
-30108 12930
-30107 12934
-30105 12938
-30104 12942
-30103 12943
-30102 12945
-30101 12949
-30099 12952
-30097 12956
-30096 12958
-30096 12960
-30094 12964
-30093 12967
-30091 12971
-30090 12973
-30090 12975
-30088 12979
-30086 12980
-30086 12982
-30084 12986
-30083 12987
-30083 12989
-30081 12993
-30080 12997
-30078 13001
-30077 13002
-30077 13004
-30075 13008
-30073 13011
-30072 13015
-30071 13017
-30070 13019
-30069 13023
-30067 13026
-30066 13030
-30065 13032
-30064 13034
-30063 13038
-30061 13041
-30059 13045
-30058 13046
-30058 13048
-30056 13052
-30055 13056
-30053 13060
-30052 13061
-30052 13063
-30050 13067
-30048 13070
-30047 13074
-30046 13076
-30045 13078
-30044 13082
-30042 13085
-30041 13089
-30040 13091
-30039 13093
-30038 13097
-30035 13096
-30034 13098
-30033 13102
-30032 13104
-30031 13106
-30030 13110
-30028 13113
-30027 13117
-30026 13119
-30025 13121
-30024 13125
-30022 13128
-30020 13132
-30019 13133
-30019 13135
-30017 13139
-30016 13143
-30014 13147
-30013 13148
-30013 13150
-30011 13154
-30009 13157
-30007 13161
-30006 13163
-30006 13165
-30004 13169
-30003 13172
-30001 13176
-30000 13178
-30000 13180
-29998 13184
-29996 13187
-29995 13191
-29994 13192
-29993 13194
-29992 13198
-29990 13202
-29989 13206
-29988 13207
-29987 13209
-29986 13213
-29983 13214
-29983 13216
-29981 13220
-29980 13221
-29980 13223
-29978 13227
-29977 13231
-29975 13235
-29974 13236
-29974 13238
-29972 13242
-29970 13245
-29969 13249
-29968 13251
-29967 13253
-29966 13257
-29964 13260
-29963 13264
-29962 13266
-29961 13268
-29960 13272
-29957 13275
-29956 13279
-29955 13280
-29954 13282
-29953 13286
-29951 13290
-29950 13294
-29949 13295
-29948 13297
-29947 13301
-29945 13304
-29944 13308
-29943 13310
-29942 13312
-29941 13316
-29939 13319
-29937 13323
-29936 13325
-29936 13327
-29934 13331
-29932 13333
-29930 13337
-29929 13338
-29929 13340
-29927 13344
-29925 13348
-29924 13352
-29923 13353
-29922 13355
-29921 13359
-29919 13362
-29917 13366
-29916 13368
-29916 13370
-29914 13374
-29912 13377
-29911 13381
-29910 13383
-29909 13385
-29908 13389
-29906 13391
-29904 13395
-29903 13397
-29903 13399
-29901 13403
-29899 13406
-29898 13410
-29897 13412
-29896 13414
-29895 13418
-29893 13421
-29891 13425
-29890 13426
-29890 13428
-29888 13432
-29886 13436
-29885 13440
-29884 13441
-29883 13443
-29882 13447
-29880 13448
-29879 13450
-29878 13454
-29877 13455
-29876 13457
-29875 13461
-29873 13465
-29871 13469
-29870 13470
-29870 13472
-29868 13476
-29866 13479
-29865 13483
-29864 13485
-29863 13487
-29862 13491
-29860 13494
-29858 13498
-29857 13500
-29857 13502
-29855 13506
-29853 13508
-29852 13512
-29851 13514
-29850 13516
-29849 13520
-29847 13523
-29845 13527
-29844 13529
-29844 13531
-29842 13535
-29840 13538
-29839 13542
-29838 13543
-29837 13545
-29836 13549
-29834 13553
-29832 13557
-29831 13558
-29831 13560
-29829 13564
-29827 13564
-29826 13566
-29825 13570
-29824 13572
-29823 13574
-29822 13578
-29820 13581
-29818 13585
-29817 13587
-29817 13589
-29815 13593
-29813 13596
-29812 13600
-29811 13601
-29810 13603
-29809 13607
-29807 13611
-29805 13615
-29804 13616
-29804 13618
-29802 13622
-29800 13625
-29798 13629
-29797 13630
-29797 13632
-29795 13636
-29793 13640
-29792 13644
-29791 13645
-29790 13647
-29789 13651
-29787 13654
-29785 13658
-29784 13660
-29784 13662
-29782 13666
-29780 13669
-29779 13673
-29778 13675
-29777 13677
-29776 13681
-29774 13681
-29773 13683
-29772 13687
-29771 13688
-29770 13690
-29769 13694
-29767 13698
-29765 13702
-29764 13703
-29764 13705
-29762 13709
-29760 13712
-29759 13716
-29758 13718
-29757 13720
-29756 13724
-29754 13727
-29752 13731
-29751 13733
-29751 13735
-29749 13739
-29747 13741
-29745 13745
-29744 13747
-29744 13749
-29742 13753
-29740 13756
-29739 13760
-29738 13762
-29737 13764
-29736 13768
-29734 13771
-29732 13775
-29731 13776
-29731 13778
-29729 13782
-29727 13786
-29726 13790
-29725 13791
-29724 13793
-29723 13797
-29720 13799
-29718 13803
-29717 13805
-29717 13807
-29715 13811
-29713 13814
-29712 13818
-29711 13820
-29710 13822
-29709 13826
-29706 13829
-29705 13833
-29704 13834
-29703 13836
-29702 13840
-29700 13844
-29698 13848
-29697 13849
-29697 13851
-29695 13855
-29693 13858
-29691 13862
-29690 13863
-29690 13865
-29688 13869
-29686 13872
-29685 13876
-29684 13878
-29683 13880
-29682 13884
-29679 13887
-29678 13891
-29677 13892
-29676 13894
-29675 13898
-29673 13901
-29671 13905
-29670 13907
-29670 13909
-29668 13913
-29666 13914
-29666 13916
-29664 13920
-29663 13921
-29663 13923
-29661 13927
-29659 13930
-29658 13934
-29657 13936
-29656 13938
-29655 13942
-29652 13945
-29651 13949
-29650 13950
-29649 13952
-29648 13956
-29646 13959
-29644 13963
-29643 13965
-29643 13967
-29641 13971
-29639 13974
-29637 13978
-29636 13979
-29636 13981
-29634 13985
-29632 13988
-29631 13992
-29630 13994
-29629 13996
-29628 14000
-29625 14003
-29624 14007
-29623 14008
-29622 14010
-29621 14014
-29619 14017
-29617 14021
-29616 14023
-29616 14025
-29612 14027
-29611 14031
-29610 14032
-29609 14034
-29608 14038
-29606 14041
-29604 14045
-29603 14047
-29603 14049
-29601 14053
-29599 14056
-29597 14060
-29596 14061
-29596 14063
-29594 14067
-29592 14070
-29591 14074
-29590 14076
-29589 14078
-29588 14082
-29585 14085
-29583 14089
-29582 14090
-29582 14092
-29580 14096
-29578 14099
-29577 14103
-29576 14105
-29575 14107
-29574 14111
-29571 14114
-29570 14118
-29569 14119
-29568 14121
-29567 14125
-29565 14128
-29563 14132
-29562 14134
-29562 14136
-29560 14140
-29558 14140
-29557 14142
-29556 14146
-29555 14148
-29554 14150
-29553 14154
-29551 14157
-29549 14161
-29548 14162
-29548 14164
-29546 14168
-29544 14171
-29542 14175
-29541 14177
-29541 14179
-29539 14183
-29537 14186
-29536 14190
-29535 14191
-29534 14193
-29533 14197
-29530 14200
-29528 14204
-29527 14206
-29527 14208
-29525 14212
-29523 14215
-29522 14219
-29521 14220
-29520 14222
-29519 14226
-29516 14229
-29515 14233
-29514 14235
-29513 14237
-29512 14241
-29510 14244
-29508 14248
-29507 14249
-29507 14251
-29505 14255
-29502 14257
-29500 14261
-29499 14263
-29499 14265
-29497 14269
-29495 14272
-29494 14276
-29493 14277
-29492 14279
-29491 14283
-29488 14286
-29487 14290
-29486 14292
-29485 14294
-29484 14298
-29482 14301
-29480 14305
-29479 14306
-29479 14308
-29477 14312
-29474 14315
-29473 14319
-29472 14321
-29471 14323
-29470 14327
-29468 14330
-29466 14334
-29465 14335
-29465 14337
-29463 14341
-29461 14344
-29459 14348
-29458 14350
-29457 14352
-29456 14356
-29454 14359
-29452 14363
-29451 14364
-29450 14366
-29449 14370
-29447 14371
-29447 14373
-29445 14377
-29444 14378
-29443 14380
-29442 14384
-29440 14387
-29438 14391
-29437 14393
-29436 14395
-29435 14399
-29433 14402
-29431 14406
-29430 14407
-29429 14409
-29428 14413
-29426 14416
-29424 14420
-29423 14422
-29422 14424
-29421 14428
-29419 14430
-29417 14434
-29416 14436
-29415 14438
-29414 14442
-29412 14445
-29410 14449
-29409 14450
-29408 14452
-29407 14456
-29405 14459
-29403 14463
-29402 14465
-29401 14467
-29400 14471
-29398 14474
-29396 14478
-29395 14479
-29394 14481
-29393 14485
-29390 14485
-29390 14487
-29388 14491
-29387 14493
-29386 14495
-29385 14499
-29383 14502
-29381 14506
-29380 14507
-29379 14509
-29378 14513
-29376 14516
-29374 14520
-29373 14522
-29372 14524
-29371 14528
-29369 14531
-29367 14535
-29366 14536
-29365 14538
-29364 14542
-29362 14545
-29360 14549
-29359 14550
-29358 14552
-29357 14556
-29355 14559
-29353 14563
-29352 14565
-29351 14567
-29350 14571
-29348 14574
-29346 14578
-29345 14579
-29344 14581
-29343 14585
-29341 14588
-29339 14592
-29338 14594
-29337 14596
-29336 14600
-29334 14600
-29333 14602
-29332 14606
-29330 14608
-29330 14610
-29328 14614
-29326 14617
-29325 14621
-29323 14622
-29323 14624
-29321 14628
-29319 14631
-29318 14635
-29316 14637
-29316 14639
-29314 14643
-29312 14646
-29311 14650
-29309 14651
-29309 14653
-29307 14657
-29305 14660
-29303 14664
-29302 14665
-29301 14667
-29300 14671
-29298 14674
-29296 14678
-29295 14680
-29294 14682
-29293 14686
-29291 14689
-29289 14693
-29288 14694
-29287 14696
-29286 14700
-29284 14703
-29282 14707
-29281 14709
-29280 14711
-29279 14715
-29276 14717
-29274 14721
-29273 14722
-29272 14724
-29271 14728
-29269 14731
-29267 14735
-29266 14737
-29265 14739
-29264 14743
-29262 14746
-29260 14750
-29259 14751
-29258 14753
-29257 14757
-29255 14760
-29253 14764
-29252 14766
-29251 14768
-29250 14772
-29247 14774
-29246 14778
-29244 14780
-29244 14782
-29242 14786
-29240 14789
-29239 14793
-29237 14794
-29237 14796
-29235 14800
-29233 14803
-29232 14807
-29230 14809
-29230 14811
-29228 14815
-29226 14818
-29225 14822
-29223 14823
-29223 14825
-29221 14829
-29219 14829
-29219 14831
-29217 14835
-29216 14837
-29215 14839
-29214 14843
-29212 14846
-29210 14850
-29209 14851
-29208 14853
-29207 14857
-29204 14860
-29203 14864
-29201 14866
-29201 14868
-29199 14872
-29197 14875
-29196 14879
-29194 14880
-29194 14882
-29192 14886
-29190 14889
-29188 14893
-29187 14894
-29186 14896
-29185 14900
-29183 14903
-29181 14907
-29180 14909
-29179 14911
-29178 14915
-29175 14917
-29174 14921
-29172 14923
-29172 14925
-29170 14929
-29168 14932
-29167 14936
-29165 14937
-29165 14939
-29163 14943
-29161 14943
-29160 14945
-29159 14949
-29157 14951
-29157 14953
-29155 14957
-29153 14960
-29152 14964
-29150 14965
-29150 14967
-29148 14971
-29146 14974
-29144 14978
-29143 14979
-29142 14981
-29141 14985
-29139 14988
-29137 14992
-29136 14994
-29135 14996
-29134 15000
-29131 15002
-29130 15006
-29128 15008
-29128 15010
-29126 15014
-29124 15017
-29123 15021
-29121 15022
-29121 15024
-29119 15028
-29117 15031
-29115 15035
-29114 15036
-29113 15038
-29112 15042
-29110 15045
-29108 15049
-29107 15051
-29106 15053
-29105 15057
-29102 15057
-29102 15059
-29100 15063
-29099 15065
-29098 15067
-29097 15071
-29095 15074
-29093 15078
-29092 15079
-29091 15081
-29090 15085
-29087 15088
-29086 15092
-29084 15093
-29084 15095
-29082 15099
-29080 15102
-29079 15106
-29077 15108
-29077 15110
-29075 15114
-29072 15116
-29071 15120
-29069 15122
-29069 15124
-29067 15128
-29065 15131
-29064 15135
-29062 15136
-29062 15138
-29060 15142
-29058 15145
-29056 15149
-29055 15150
-29054 15152
-29053 15156
-29051 15159
-29049 15163
-29048 15165
-29047 15167
-29046 15171
-29042 15172
-29041 15176
-29039 15178
-29039 15180
-29037 15184
-29035 15187
-29034 15191
-29032 15192
-29032 15194
-29030 15198
-29028 15201
-29026 15205
-29025 15206
-29024 15208
-29023 15212
-29021 15215
-29019 15219
-29018 15221
-29017 15223
-29016 15227
-29013 15229
-29011 15233
-29010 15235
-29009 15237
-29008 15241
-29006 15244
-29004 15248
-29003 15249
-29002 15251
-29001 15255
-28998 15258
-28997 15262
-28995 15263
-28995 15265
-28993 15269
-28991 15272
-28990 15276
-28988 15278
-28988 15280
-28986 15284
-28983 15284
-28983 15286
-28981 15290
-28980 15291
-28979 15293
-28978 15297
-28976 15300
-28974 15304
-28973 15306
-28972 15308
-28971 15312
-28968 15314
-28967 15318
-28965 15320
-28965 15322
-28963 15326
-28961 15329
-28960 15333
-28958 15334
-28958 15336
-28956 15340
-28954 15343
-28952 15347
-28951 15348
-28950 15350
-28949 15354
-28947 15357
-28945 15361
-28944 15363
-28943 15365
-28942 15369
-28939 15371
-28937 15375
-28936 15377
-28935 15379
-28934 15383
-28931 15386
-28930 15390
-28928 15391
-28928 15393
-28926 15397
-28924 15397
-28923 15399
-28922 15403
-28920 15404
-28920 15406
-28918 15410
-28916 15413
-28914 15417
-28913 15419
-28912 15421
-28911 15425
-28908 15427
-28907 15431
-28905 15433
-28905 15435
-28903 15439
-28901 15442
-28899 15446
-28898 15447
-28897 15449
-28896 15453
-28893 15455
-28892 15459
-28890 15461
-28890 15463
-28888 15467
-28886 15470
-28884 15474
-28883 15475
-28882 15477
-28881 15481
-28878 15484
-28877 15488
-28875 15489
-28875 15491
-28873 15495
-28871 15498
-28869 15502
-28868 15504
-28867 15506
-28866 15510
-28863 15510
-28863 15512
-28861 15516
-28860 15517
-28859 15519
-28858 15523
-28855 15526
-28854 15530
-28852 15532
-28852 15534
-28850 15538
-28848 15540
-28846 15544
-28845 15546
-28844 15548
-28843 15552
-28840 15555
-28839 15559
-28837 15560
-28837 15562
-28835 15566
-28833 15568
-28831 15572
-28830 15574
-28829 15576
-28828 15580
-28825 15583
-28824 15587
-28822 15588
-28822 15590
-28820 15594
-28818 15597
-28816 15601
-28815 15602
-28814 15604
-28813 15608
-28810 15611
-28809 15615
-28807 15617
-28807 15619
-28805 15623
-28802 15624
-28800 15628
-28799 15630
-28798 15632
-28797 15636
-28794 15639
-28793 15643
-28791 15644
-28791 15646
-28789 15650
-28787 15653
-28785 15657
-28784 15658
-28783 15660
-28782 15664
-28779 15667
-28778 15671
-28776 15673
-28776 15675
-28774 15679
-28771 15681
-28770 15685
-28768 15686
-28768 15688
-28766 15692
-28764 15695
-28762 15699
-28761 15701
-28760 15703
-28759 15707
-28756 15709
-28755 15713
-28753 15715
-28753 15717
-28751 15721
-28749 15724
-28747 15728
-28746 15729
-28745 15731
-28744 15735
-28741 15735
-28741 15737
-28739 15741
-28738 15742
-28737 15744
-28736 15748
-28733 15751
-28732 15755
-28730 15757
-28730 15759
-28728 15763
-28726 15765
-28724 15769
-28723 15771
-28722 15773
-28721 15777
-28718 15780
-28717 15784
-28715 15785
-28715 15787
-28713 15791
-28710 15793
-28709 15797
-28707 15799
-28707 15801
-28705 15805
-28703 15808
-28701 15812
-28700 15813
-28699 15815
-28698 15819
-28695 15822
-28694 15826
-28692 15827
-28692 15829
-28690 15833
-28688 15836
-28686 15840
-28685 15842
-28684 15844
-28683 15848
-28680 15846
-28679 15848
-28678 15852
-28676 15853
-28676 15855
-28674 15859
-28672 15863
-28670 15866
-28669 15868
-28668 15870
-28667 15873
-28664 15877
-28662 15880
-28661 15882
-28660 15884
-28659 15887
-28656 15891
-28655 15894
-28653 15896
-28653 15898
-28651 15901
-28648 15905
-28647 15908
-28645 15910
-28645 15912
-28643 15915
-28641 15919
-28639 15922
-28638 15924
-28637 15926
-28636 15929
-28633 15933
-28631 15936
-28630 15938
-28629 15940
-28628 15943
-28625 15947
-28624 15950
-28622 15952
-28622 15954
-28620 15957
-28618 15959
-28617 15961
-28616 15964
-28614 15966
-28614 15968
-28612 15971
-28610 15975
-28608 15978
-28607 15980
-28606 15982
-28605 15985
-28602 15989
-28600 15992
-28599 15994
-28598 15996
-28597 15999
-28594 16003
-28593 16006
-28591 16008
-28591 16010
-28589 16013
-28586 16017
-28585 16020
-28583 16022
-28583 16024
-28581 16027
-28579 16031
-28577 16034
-28576 16036
-28575 16038
-28574 16041
-28571 16045
-28569 16048
-28568 16050
-28567 16052
-28566 16055
-28563 16059
-28562 16062
-28560 16064
-28560 16066
-28558 16069
-28554 16072
-28553 16076
-28551 16077
-28551 16079
-28549 16083
-28547 16086
-28545 16090
-28544 16091
-28543 16093
-28542 16097
-28539 16100
-28537 16104
-28536 16105
-28535 16107
-28534 16111
-28531 16114
-28530 16118
-28528 16119
-28528 16121
-28526 16125
-28523 16128
-28522 16132
-28520 16133
-28520 16135
-28518 16139
-28516 16142
-28514 16146
-28513 16147
-28512 16149
-28511 16153
-28508 16156
-28506 16160
-28505 16161
-28504 16163
-28503 16167
-28500 16170
-28499 16174
-28497 16175
-28497 16177
-28495 16181
-28492 16182
-28491 16184
-28490 16187
-28488 16189
-28488 16191
-28486 16194
-28484 16198
-28482 16201
-28481 16203
-28480 16205
-28479 16208
-28476 16212
-28474 16215
-28473 16217
-28472 16219
-28471 16222
-28468 16226
-28467 16229
-28465 16231
-28465 16233
-28463 16236
-28460 16240
-28458 16243
-28457 16245
-28456 16247
-28455 16250
-28452 16254
-28451 16257
-28449 16259
-28449 16261
-28447 16264
-28444 16268
-28443 16271
-28441 16273
-28441 16275
-28439 16278
-28437 16282
-28435 16285
-28434 16287
-28433 16289
-28432 16292
-28428 16293
-28428 16295
-28426 16298
-28425 16300
-28424 16302
-28423 16305
-28420 16309
-28419 16312
-28417 16314
-28417 16316
-28415 16319
-28412 16323
-28411 16326
-28409 16328
-28409 16330
-28407 16333
-28405 16337
-28403 16340
-28402 16342
-28401 16344
-28400 16347
-28396 16350
-28395 16354
-28393 16355
-28393 16357
-28391 16361
-28389 16364
-28387 16368
-28386 16369
-28385 16371
-28384 16375
-28381 16378
-28379 16382
-28379 16383
-28378 16385
-28376 16389
-28373 16392
-28371 16396
-28370 16397
-28369 16399
-28367 16403
-28366 16404
-28365 16406
-28363 16409
-28362 16411
-28361 16413
-28359 16416
-28357 16420
-28355 16423
-28354 16425
-28353 16427
-28351 16430
-28349 16434
-28347 16437
-28346 16439
-28345 16441
-28343 16444
-28341 16448
-28339 16451
-28338 16453
-28337 16455
-28335 16458
-28333 16461
-28331 16465
-28330 16466
-28329 16468
-28327 16472
-28325 16475
-28323 16479
-28322 16480
-28321 16482
-28319 16486
-28317 16489
-28315 16493
-28314 16494
-28313 16496
-28311 16500
-28309 16503
-28307 16507
-28306 16508
-28305 16510
-28303 16514
-28300 16517
-28298 16520
-28297 16522
-28296 16524
-28294 16527
-28292 16531
-28290 16534
-28289 16536
-28288 16538
-28286 16541
-28284 16545
-28282 16548
-28281 16550
-28280 16552
-28278 16555
-28276 16559
-28274 16562
-28273 16564
-28272 16566
-28270 16569
-28268 16572
-28266 16576
-28265 16577
-28264 16579
-28262 16583
-28260 16586
-28258 16590
-28257 16591
-28256 16593
-28254 16597
-28252 16600
-28250 16604
-28249 16605
-28248 16607
-28246 16611
-28244 16614
-28242 16618
-28241 16619
-28240 16621
-28238 16625
-28237 16625
-28236 16627
-28234 16631
-28233 16632
-28232 16634
-28230 16638
-28228 16641
-28226 16645
-28225 16646
-28224 16648
-28222 16652
-28220 16655
-28218 16659
-28217 16660
-28216 16662
-28214 16666
-28212 16669
-28210 16673
-28209 16674
-28208 16676
-28206 16680
-28203 16683
-28201 16686
-28200 16688
-28199 16690
-28197 16693
-28195 16697
-28193 16700
-28192 16702
-28191 16704
-28189 16707
-28187 16711
-28185 16714
-28184 16716
-28183 16718
-28181 16721
-28179 16725
-28177 16728
-28176 16730
-28175 16732
-28173 16735
-28171 16735
-28170 16737
-28168 16740
-28167 16742
-28166 16744
-28164 16747
-28162 16751
-28160 16754
-28159 16756
-28158 16758
-28156 16761
-28154 16764
-28152 16768
-28151 16769
-28150 16771
-28148 16775
-28146 16778
-28144 16782
-28143 16783
-28142 16785
-28140 16789
-28138 16792
-28136 16795
-28135 16797
-28134 16799
-28132 16802
-28130 16806
-28128 16809
-28127 16811
-28126 16813
-28124 16816
-28122 16819
-28120 16823
-28119 16824
-28118 16826
-28116 16830
-28114 16833
-28112 16837
-28111 16838
-28110 16840
-28108 16844
-28106 16845
-28105 16847
-28103 16850
-28102 16852
-28101 16854
-28099 16857
-28097 16861
-28095 16864
-28094 16866
-28093 16868
-28091 16871
-28089 16874
-28087 16878
-28086 16879
-28085 16881
-28083 16885
-28081 16888
-28079 16892
-28078 16893
-28077 16895
-28075 16899
-28072 16902
-28070 16905
-28069 16907
-28068 16909
-28066 16912
-28064 16916
-28062 16919
-28061 16921
-28060 16923
-28058 16926
-28056 16929
-28054 16933
-28053 16934
-28052 16936
-28050 16940
-28048 16943
-28046 16947
-28045 16948
-28044 16950
-28042 16954
-28039 16957
-28037 16960
-28036 16962
-28035 16964
-28033 16967
-28031 16971
-28029 16974
-28028 16976
-28027 16978
-28025 16981
-28023 16984
-28021 16988
-28020 16989
-28019 16991
-28017 16995
-28015 16998
-28013 17002
-28012 17003
-28011 17005
-28009 17009
-28006 17012
-28004 17015
-28003 17017
-28002 17019
-28000 17022
-27998 17026
-27996 17029
-27995 17031
-27994 17033
-27992 17036
-27990 17039
-27988 17043
-27987 17044
-27986 17046
-27984 17050
-27982 17053
-27980 17057
-27979 17058
-27978 17060
-27976 17064
-27974 17064
-27973 17066
-27971 17070
-27970 17071
-27969 17073
-27967 17077
-27965 17080
-27963 17084
-27962 17085
-27961 17087
-27959 17091
-27956 17094
-27954 17097
-27953 17099
-27952 17101
-27950 17104
-27948 17108
-27946 17111
-27945 17113
-27944 17115
-27942 17118
-27940 17121
-27938 17125
-27937 17126
-27936 17128
-27934 17132
-27932 17135
-27930 17139
-27929 17140
-27928 17142
-27926 17146
-27923 17149
-27921 17152
-27920 17154
-27919 17156
-27917 17159
-27915 17163
-27913 17166
-27912 17168
-27911 17170
-27909 17173
-27907 17173
-27906 17175
-27904 17179
-27903 17180
-27902 17182
-27900 17186
-27898 17189
-27896 17193
-27895 17194
-27894 17196
-27892 17200
-27889 17203
-27887 17206
-27886 17208
-27885 17210
-27883 17213
-27881 17217
-27879 17220
-27878 17222
-27877 17224
-27875 17227
-27872 17230
-27870 17233
-27869 17235
-27868 17237
-27866 17240
-27864 17244
-27862 17247
-27861 17249
-27860 17251
-27858 17254
-27856 17257
-27854 17261
-27853 17262
-27852 17264
-27850 17268
-27848 17271
-27846 17275
-27845 17276
-27844 17278
-27842 17282
-27839 17282
-27838 17284
-27836 17288
-27835 17289
-27834 17291
-27832 17295
-27830 17298
-27828 17302
-27827 17303
-27826 17305
-27824 17309
-27822 17312
-27820 17315
-27819 17317
-27818 17319
-27816 17322
-27814 17326
-27812 17329
-27811 17331
-27810 17333
-27808 17336
-27805 17339
-27803 17342
-27802 17344
-27801 17346
-27799 17349
-27797 17353
-27795 17356
-27794 17358
-27793 17360
-27791 17363
-27788 17366
-27786 17370
-27785 17371
-27784 17373
-27782 17377
-27780 17380
-27778 17384
-27777 17385
-27776 17387
-27774 17391
-27771 17393
-27769 17396
-27768 17398
-27767 17400
-27765 17403
-27763 17407
-27761 17410
-27760 17412
-27759 17414
-27757 17417
-27754 17420
-27752 17424
-27751 17425
-27750 17427
-27748 17431
-27746 17434
-27744 17438
-27743 17439
-27742 17441
-27740 17445
-27737 17447
-27735 17451
-27734 17452
-27733 17454
-27731 17458
-27729 17461
-27727 17465
-27726 17466
-27725 17468
-27723 17472
-27720 17475
-27718 17478
-27717 17480
-27716 17482
-27714 17485
-27712 17489
-27710 17492
-27709 17494
-27708 17496
-27706 17499
-27704 17499
-27703 17501
-27701 17505
-27700 17506
-27699 17508
-27697 17512
-27695 17515
-27693 17519
-27692 17520
-27691 17522
-27689 17526
-27686 17529
-27684 17532
-27683 17534
-27682 17536
-27680 17539
-27678 17543
-27676 17546
-27675 17548
-27674 17550
-27672 17553
-27669 17556
-27667 17559
-27666 17561
-27665 17563
-27663 17566
-27661 17570
-27659 17573
-27658 17575
-27657 17577
-27655 17580
-27652 17583
-27650 17587
-27649 17588
-27648 17590
-27644 17592
-27642 17595
-27641 17597
-27640 17599
-27638 17602
-27635 17605
-27633 17609
-27632 17610
-27631 17612
-27629 17616
-27627 17619
-27625 17622
-27624 17624
-27623 17626
-27621 17629
-27618 17632
-27616 17636
-27615 17637
-27614 17639
-27612 17643
-27610 17646
-27608 17649
-27607 17651
-27606 17653
-27604 17656
-27601 17659
-27599 17663
-27598 17664
-27597 17666
-27595 17670
-27593 17673
-27591 17676
-27590 17678
-27589 17680
-27587 17683
-27585 17684
-27584 17686
-27582 17690
-27581 17691
-27580 17693
-27578 17697
-27575 17700
-27573 17703
-27572 17705
-27571 17707
-27569 17710
-27567 17713
-27565 17717
-27564 17718
-27563 17720
-27561 17724
-27558 17727
-27556 17730
-27555 17732
-27554 17734
-27552 17737
-27549 17740
-27547 17744
-27546 17745
-27545 17747
-27543 17751
-27541 17754
-27539 17757
-27538 17759
-27537 17761
-27535 17764
-27532 17767
-27530 17771
-27529 17772
-27528 17774
-27526 17778
-27524 17781
-27522 17784
-27521 17786
-27520 17788
-27518 17791
-27514 17794
-27512 17797
-27511 17799
-27510 17801
-27508 17804
-27505 17807
-27503 17811
-27502 17812
-27501 17814
-27499 17818
-27497 17821
-27495 17824
-27494 17826
-27493 17828
-27491 17831
-27488 17834
-27486 17838
-27485 17839
-27484 17841
-27482 17845
-27479 17848
-27477 17851
-27476 17853
-27475 17855
-27473 17858
-27471 17861
-27469 17865
-27468 17866
-27467 17868
-27465 17872
-27462 17875
-27460 17878
-27459 17880
-27458 17882
-27456 17885
-27454 17888
-27452 17892
-27451 17893
-27450 17895
-27448 17899
-27446 17899
-27445 17901
-27443 17905
-27442 17906
-27441 17908
-27439 17912
-27436 17915
-27434 17918
-27433 17920
-27432 17922
-27430 17925
-27427 17928
-27425 17932
-27424 17933
-27423 17935
-27421 17939
-27419 17942
-27417 17945
-27416 17947
-27415 17949
-27413 17952
-27410 17955
-27408 17959
-27407 17960
-27406 17962
-27404 17966
-27401 17969
-27399 17972
-27398 17974
-27397 17976
-27395 17979
-27392 17982
-27390 17986
-27389 17987
-27388 17989
-27386 17993
-27384 17996
-27382 17999
-27381 18001
-27380 18003
-27378 18006
-27375 18006
-27374 18008
-27372 18012
-27371 18013
-27370 18015
-27368 18019
-27366 18022
-27364 18025
-27363 18027
-27362 18029
-27360 18032
-27357 18035
-27355 18039
-27354 18040
-27353 18042
-27351 18046
-27348 18049
-27346 18052
-27345 18054
-27344 18056
-27342 18059
-27339 18062
-27337 18065
-27336 18067
-27335 18069
-27333 18072
-27331 18075
-27329 18079
-27328 18080
-27327 18082
-27325 18086
-27322 18089
-27320 18092
-27319 18094
-27318 18096
-27316 18099
-27313 18102
-27311 18106
-27310 18107
-27309 18109
-27307 18113
-27305 18113
-27304 18115
-27302 18119
-27301 18120
-27300 18122
-27298 18126
-27295 18129
-27293 18132
-27292 18134
-27291 18136
-27289 18139
-27286 18142
-27284 18146
-27283 18147
-27282 18149
-27280 18153
-27278 18156
-27276 18159
-27275 18161
-27274 18163
-27272 18166
-27269 18169
-27267 18172
-27266 18174
-27265 18176
-27263 18179
-27260 18182
-27258 18186
-27257 18187
-27256 18189
-27254 18193
-27251 18196
-27249 18199
-27248 18201
-27247 18203
-27245 18206
-27243 18209
-27241 18213
-27240 18214
-27239 18216
-27237 18220
-27233 18221
-27231 18225
-27230 18226
-27229 18228
-27227 18232
-27225 18235
-27223 18238
-27222 18240
-27221 18242
-27219 18245
-27216 18248
-27214 18252
-27213 18253
-27212 18255
-27210 18259
-27207 18262
-27205 18265
-27204 18267
-27203 18269
-27201 18272
-27198 18275
-27196 18278
-27195 18280
-27194 18282
-27192 18285
-27189 18288
-27187 18292
-27186 18293
-27185 18295
-27183 18299
-27180 18302
-27178 18305
-27177 18307
-27176 18309
-27174 18312
-27172 18315
-27170 18319
-27169 18320
-27168 18322
-27166 18326
-27163 18326
-27162 18328
-27160 18332
-27159 18333
-27158 18335
-27156 18339
-27153 18342
-27151 18345
-27150 18347
-27149 18349
-27147 18352
-27144 18355
-27142 18359
-27141 18360
-27140 18362
-27138 18366
-27136 18369
-27134 18372
-27133 18374
-27132 18376
-27130 18379
-27126 18381
-27124 18385
-27123 18386
-27122 18388
-27120 18392
-27118 18395
-27116 18398
-27115 18400
-27114 18402
-27112 18405
-27109 18408
-27107 18411
-27106 18413
-27105 18415
-27103 18418
-27100 18421
-27098 18425
-27097 18426
-27096 18428
-27094 18432
-27091 18431
-27090 18433
-27088 18437
-27087 18438
-27086 18440
-27084 18444
-27081 18447
-27079 18450
-27078 18452
-27077 18454
-27075 18457
-27072 18460
-27070 18463
-27069 18465
-27068 18467
-27066 18470
-27063 18473
-27061 18477
-27060 18478
-27059 18480
-27057 18484
-27054 18486
-27052 18490
-27051 18491
-27050 18493
-27048 18497
-27045 18500
-27043 18503
-27042 18505
-27041 18507
-27039 18510
-27036 18513
-27034 18516
-27033 18518
-27032 18520
-27030 18523
-27027 18526
-27025 18530
-27024 18531
-27023 18533
-27021 18537
-27019 18537
-27018 18539
-27016 18543
-27015 18544
-27014 18546
-27012 18550
-27009 18553
-27007 18556
-27006 18558
-27005 18560
-27003 18563
-27000 18566
-26998 18569
-26997 18571
-26996 18573
-26994 18576
-26991 18579
-26989 18583
-26988 18584
-26987 18586
-26985 18590
-26982 18592
-26980 18596
-26979 18597
-26978 18599
-26976 18603
-26973 18606
-26971 18609
-26970 18611
-26969 18613
-26967 18616
-26964 18619
-26962 18622
-26961 18624
-26960 18626
-26958 18629
-26955 18632
-26953 18636
-26952 18637
-26951 18639
-26949 18643
-26946 18645
-26944 18648
-26942 18650
-26941 18652
-26939 18655
-26937 18658
-26935 18662
-26933 18663
-26932 18665
-26930 18669
-26928 18671
-26926 18675
-26924 18676
-26923 18678
-26921 18682
-26919 18685
-26917 18688
-26915 18690
-26914 18692
-26912 18695
-26909 18698
-26907 18701
-26906 18703
-26905 18705
-26903 18708
-26900 18711
-26898 18715
-26897 18716
-26896 18718
-26894 18722
-26891 18724
-26889 18728
-26888 18729
-26887 18731
-26885 18735
-26882 18738
-26880 18741
-26879 18743
-26878 18745
-26876 18748
-26874 18748
-26873 18750
-26871 18753
-26869 18755
-26868 18757
-26866 18760
-26864 18763
-26862 18767
-26860 18768
-26859 18770
-26857 18774
-26855 18776
-26853 18780
-26851 18781
-26850 18783
-26848 18787
-26846 18790
-26844 18793
-26842 18795
-26841 18797
-26839 18800
-26836 18802
-26834 18806
-26833 18807
-26832 18809
-26830 18813
-26827 18816
-26825 18819
-26824 18821
-26823 18823
-26821 18826
-26818 18829
-26816 18832
-26815 18834
-26814 18836
-26812 18839
-26809 18842
-26807 18846
-26806 18847
-26805 18849
-26803 18853
-26800 18852
-26799 18854
-26797 18858
-26795 18859
-26794 18861
-26792 18865
-26790 18868
-26788 18871
-26786 18873
-26785 18875
-26783 18878
-26781 18881
-26779 18884
-26777 18886
-26776 18888
-26774 18891
-26772 18894
-26770 18898
-26768 18899
-26767 18901
-26765 18905
-26762 18907
-26760 18910
-26759 18912
-26758 18914
-26756 18917
-26753 18920
-26751 18924
-26750 18925
-26749 18927
-26747 18931
-26744 18933
-26742 18937
-26741 18938
-26740 18940
-26738 18944
-26735 18947
-26733 18950
-26732 18952
-26731 18954
-26729 18957
-26726 18957
-26725 18959
-26723 18962
-26722 18964
-26721 18966
-26719 18969
-26716 18972
-26714 18976
-26713 18977
-26712 18979
-26710 18983
-26707 18985
-26705 18989
-26703 18990
-26702 18992
-26700 18996
-26698 18999
-26696 19002
-26694 19004
-26693 19006
-26691 19009
-26688 19011
-26686 19015
-26685 19016
-26684 19018
-26682 19022
-26679 19025
-26677 19028
-26676 19030
-26675 19032
-26673 19035
-26670 19038
-26668 19041
-26666 19043
-26665 19045
-26663 19048
-26661 19051
-26659 19055
-26657 19056
-26656 19058
-26654 19062
-26651 19063
-26649 19067
-26647 19068
-26646 19070
-26644 19074
-26642 19077
-26640 19080
-26638 19082
-26637 19084
-26635 19087
-26632 19090
-26630 19093
-26629 19095
-26628 19097
-26626 19100
-26623 19104
-26621 19107
-26620 19108
-26619 19110
-26617 19114
-26614 19116
-26612 19120
-26610 19121
-26609 19123
-26607 19126
-26605 19129
-26603 19133
-26601 19134
-26600 19136
-26598 19139
-26595 19142
-26593 19146
-26592 19147
-26591 19149
-26589 19152
-26586 19155
-26584 19159
-26583 19160
-26582 19162
-26580 19165
-26578 19166
-26577 19168
-26575 19172
-26573 19173
-26572 19175
-26570 19178
-26568 19181
-26566 19185
-26564 19186
-26563 19188
-26561 19191
-26558 19194
-26556 19198
-26555 19199
-26554 19201
-26552 19204
-26549 19207
-26547 19211
-26546 19212
-26545 19214
-26543 19217
-26539 19220
-26537 19224
-26536 19225
-26535 19227
-26533 19230
-26530 19233
-26528 19237
-26527 19238
-26526 19240
-26524 19243
-26521 19246
-26519 19250
-26517 19251
-26516 19253
-26514 19256
-26512 19259
-26510 19263
-26508 19264
-26507 19266
-26505 19269
-26502 19269
-26501 19271
-26499 19274
-26497 19275
-26496 19277
-26494 19281
-26492 19284
-26490 19287
-26488 19288
-26487 19290
-26485 19294
-26482 19297
-26480 19300
-26479 19301
-26478 19303
-26476 19307
-26473 19310
-26471 19313
-26470 19314
-26469 19316
-26467 19320
-26463 19323
-26461 19326
-26460 19327
-26459 19329
-26457 19333
-26454 19336
-26452 19339
-26451 19340
-26450 19342
-26448 19346
-26445 19349
-26443 19352
-26441 19353
-26440 19355
-26438 19359
-26436 19362
-26434 19365
-26432 19366
-26431 19368
-26429 19372
-26426 19372
-26425 19374
-26423 19378
-26422 19379
-26421 19381
-26419 19384
-26416 19387
-26414 19391
-26413 19392
-26412 19394
-26410 19397
-26407 19400
-26405 19404
-26403 19405
-26402 19407
-26400 19410
-26398 19413
-26396 19417
-26394 19418
-26393 19420
-26391 19423
-26388 19426
-26386 19430
-26384 19431
-26383 19433
-26381 19436
-26379 19439
-26377 19443
-26375 19444
-26374 19446
-26372 19449
-26370 19452
-26368 19456
-26366 19457
-26365 19459
-26363 19462
-26360 19465
-26358 19469
-26357 19470
-26356 19472
-26354 19475
-26350 19477
-26348 19481
-26346 19482
-26345 19484
-26343 19487
-26340 19490
-26338 19494
-26337 19495
-26336 19497
-26334 19500
-26331 19503
-26329 19507
-26327 19508
-26326 19510
-26324 19513
-26321 19516
-26319 19520
-26318 19521
-26317 19523
-26315 19526
-26312 19529
-26310 19532
-26308 19533
-26307 19535
-26305 19539
-26302 19542
-26300 19545
-26299 19546
-26298 19548
-26296 19552
-26293 19555
-26291 19558
-26289 19559
-26288 19561
-26286 19565
-26283 19568
-26281 19571
-26280 19572
-26279 19574
-26277 19578
-26275 19578
-26274 19580
-26272 19584
-26270 19585
-26269 19587
-26267 19590
-26264 19593
-26262 19597
-26261 19598
-26260 19600
-26258 19603
-26255 19606
-26253 19610
-26251 19611
-26250 19613
-26248 19616
-26245 19619
-26243 19623
-26242 19624
-26241 19626
-26239 19629
-26236 19632
-26234 19635
-26232 19636
-26231 19638
-26229 19642
-26226 19645
-26224 19648
-26223 19649
-26222 19651
-26220 19655
-26217 19658
-26215 19661
-26213 19662
-26212 19664
-26210 19668
-26207 19671
-26205 19674
-26204 19675
-26203 19677
-26201 19681
-26198 19680
-26197 19682
-26195 19686
-26193 19687
-26192 19689
-26190 19692
-26187 19695
-26185 19699
-26184 19700
-26183 19702
-26181 19705
-26178 19708
-26176 19712
-26174 19713
-26173 19715
-26171 19718
-26168 19721
-26166 19725
-26165 19726
-26164 19728
-26162 19731
-26158 19734
-26156 19737
-26155 19738
-26154 19740
-26152 19744
-26149 19747
-26147 19750
-26145 19751
-26144 19753
-26142 19757
-26139 19760
-26137 19763
-26136 19764
-26135 19766
-26133 19770
-26130 19773
-26128 19776
-26126 19777
-26125 19779
-26123 19783
-26121 19783
-26120 19785
-26118 19789
-26116 19790
-26115 19792
-26113 19795
-26110 19798
-26108 19802
-26107 19803
-26106 19805
-26104 19808
-26101 19811
-26099 19814
-26097 19815
-26096 19817
-26094 19821
-26091 19824
-26089 19827
-26088 19828
-26087 19830
-26085 19834
-26081 19836
-26079 19840
-26078 19841
-26077 19843
-26075 19846
-26072 19849
-26070 19853
-26068 19854
-26067 19856
-26065 19859
-26062 19862
-26060 19865
-26059 19866
-26058 19868
-26056 19872
-26053 19875
-26051 19878
-26049 19879
-26048 19881
-26046 19885
-26042 19887
-26040 19890
-26039 19891
-26038 19893
-26036 19897
-26033 19900
-26031 19903
-26029 19904
-26028 19906
-26026 19910
-26023 19912
-26021 19916
-26020 19917
-26019 19919
-26017 19922
-26014 19925
-26012 19929
-26010 19930
-26009 19932
-26007 19935
-26004 19938
-26002 19941
-26000 19942
-25999 19944
-25997 19948
-25994 19951
-25992 19954
-25991 19955
-25990 19957
-25988 19961
-25985 19963
-25983 19967
-25981 19968
-25980 19970
-25978 19973
-25975 19976
-25973 19980
-25972 19981
-25971 19983
-25969 19986
-25966 19986
-25965 19988
-25963 19992
-25961 19993
-25960 19995
-25958 19998
-25955 20001
-25953 20005
-25952 20006
-25951 20008
-25949 20011
-25945 20014
-25943 20017
-25942 20018
-25941 20020
-25939 20024
-25936 20027
-25934 20030
-25932 20031
-25931 20033
-25929 20037
-25926 20039
-25924 20043
-25922 20044
-25921 20046
-25919 20049
-25916 20052
-25914 20056
-25913 20057
-25912 20059
-25910 20062
-25906 20065
-25904 20068
-25903 20069
-25902 20071
-25900 20075
-25897 20078
-25895 20081
-25893 20082
-25892 20084
-25890 20088
-25887 20087
-25886 20089
-25884 20092
-25882 20093
-25881 20095
-25879 20099
-25876 20102
-25874 20105
-25873 20106
-25872 20108
-25870 20112
-25866 20114
-25864 20118
-25863 20119
-25862 20121
-25860 20124
-25857 20127
-25855 20131
-25853 20132
-25852 20134
-25850 20137
-25847 20139
-25845 20143
-25843 20144
-25842 20146
-25840 20149
-25837 20152
-25835 20156
-25834 20157
-25833 20159
-25831 20162
-25827 20165
-25825 20168
-25824 20169
-25823 20171
-25821 20175
-25818 20178
-25816 20181
-25814 20182
-25813 20184
-25811 20188
-25809 20188
-25808 20190
-25806 20193
-25804 20194
-25803 20196
-25801 20200
-25798 20203
-25796 20206
-25795 20207
-25794 20209
-25792 20213
-25788 20215
-25786 20219
-25785 20220
-25784 20222
-25782 20225
-25779 20228
-25777 20232
-25775 20233
-25774 20235
-25772 20238
-25768 20240
-25766 20244
-25765 20245
-25764 20247
-25762 20250
-25759 20253
-25757 20257
-25755 20258
-25754 20260
-25752 20263
-25749 20266
-25747 20269
-25745 20270
-25744 20272
-25742 20276
-25739 20279
-25737 20282
-25736 20283
-25735 20285
-25733 20289
-25728 20291
-25726 20294
-25725 20295
-25724 20297
-25722 20301
-25719 20304
-25717 20307
-25715 20308
-25714 20310
-25712 20314
-25709 20316
-25707 20320
-25705 20321
-25704 20323
-25702 20326
-25699 20329
-25697 20333
-25696 20334
-25695 20336
-25693 20339
-25689 20341
-25687 20345
-25685 20346
-25684 20348
-25682 20351
-25679 20354
-25677 20358
-25676 20359
-25675 20361
-25673 20364
-25669 20367
-25667 20370
-25666 20371
-25665 20373
-25663 20377
-25660 20380
-25658 20383
-25656 20384
-25655 20386
-25653 20390
-25650 20389
-25649 20391
-25647 20395
-25645 20396
-25644 20398
-25642 20401
-25639 20404
-25637 20408
-25636 20409
-25635 20411
-25633 20414
-25629 20417
-25627 20420
-25626 20421
-25625 20423
-25623 20427
-25620 20430
-25618 20433
-25616 20434
-25615 20436
-25613 20440
-25609 20442
-25607 20445
-25606 20446
-25605 20448
-25603 20452
-25600 20455
-25598 20458
-25596 20459
-25595 20461
-25593 20465
-25590 20467
-25588 20471
-25586 20472
-25585 20474
-25583 20477
-25581 20480
-25578 20483
-25577 20484
-25576 20486
-25573 20490
-25571 20489
-25570 20491
-25567 20495
-25566 20496
-25565 20498
-25562 20501
-25560 20504
-25557 20507
-25556 20508
-25555 20510
-25552 20514
-25550 20516
-25547 20520
-25546 20521
-25545 20523
-25542 20526
-25540 20529
-25537 20532
-25536 20533
-25535 20535
-25532 20539
-25530 20541
-25527 20545
-25526 20546
-25525 20548
-25522 20551
-25520 20554
-25517 20557
-25516 20558
-25515 20560
-25512 20564
-25510 20566
-25507 20570
-25506 20571
-25505 20573
-25502 20576
-25500 20579
-25497 20582
-25496 20583
-25495 20585
-25492 20589
-25491 20589
-25490 20591
-25487 20595
-25486 20596
-25485 20598
-25482 20601
-25480 20604
-25477 20607
-25476 20608
-25475 20610
-25472 20614
-25470 20616
-25467 20620
-25466 20621
-25465 20623
-25462 20626
-25460 20629
-25457 20632
-25456 20633
-25455 20635
-25452 20639
-25450 20641
-25447 20645
-25446 20646
-25445 20648
-25442 20651
-25440 20654
-25437 20657
-25436 20658
-25435 20660
-25432 20664
-25430 20666
-25427 20670
-25426 20671
-25425 20673
-25422 20676
-25420 20679
-25417 20682
-25416 20683
-25415 20685
-25412 20689
-25409 20691
-25406 20694
-25405 20695
-25404 20697
-25401 20701
-25399 20703
-25396 20707
-25395 20708
-25394 20710
-25391 20713
-25389 20716
-25386 20719
-25385 20720
-25384 20722
-25381 20726
-25379 20728
-25376 20732
-25375 20733
-25374 20735
-25371 20738
-25368 20741
-25366 20744
-25364 20745
-25363 20747
-25361 20751
-25358 20753
-25356 20757
-25354 20758
-25353 20760
-25351 20763
-25348 20766
-25346 20769
-25344 20770
-25343 20772
-25341 20776
-25338 20778
-25336 20782
-25334 20783
-25333 20785
-25331 20788
-25329 20788
-25328 20790
-25325 20794
-25324 20795
-25323 20797
-25320 20800
-25318 20803
-25315 20806
-25314 20807
-25313 20809
-25310 20813
-25308 20815
-25305 20819
-25304 20820
-25303 20822
-25300 20825
-25298 20828
-25295 20831
-25294 20832
-25293 20834
-25290 20838
-25287 20840
-25285 20843
-25283 20844
-25282 20846
-25280 20850
-25277 20852
-25275 20856
-25273 20857
-25272 20859
-25270 20862
-25267 20865
-25265 20868
-25263 20869
-25262 20871
-25260 20875
-25257 20877
-25255 20881
-25253 20882
-25252 20884
-25248 20885
-25246 20888
-25244 20889
-25243 20891
-25241 20895
-25238 20897
-25236 20901
-25234 20902
-25233 20904
-25231 20907
-25228 20910
-25226 20913
-25224 20914
-25223 20916
-25221 20920
-25218 20922
-25216 20926
-25214 20927
-25213 20929
-25211 20932
-25208 20934
-25205 20938
-25204 20939
-25203 20941
-25200 20944
-25198 20947
-25195 20950
-25194 20951
-25193 20953
-25190 20957
-25188 20959
-25185 20963
-25184 20964
-25183 20966
-25180 20969
-25178 20972
-25175 20975
-25174 20976
-25173 20978
-25170 20982
-25168 20981
-25167 20983
-25165 20987
-25163 20988
-25162 20990
-25160 20993
-25157 20996
-25155 20999
-25153 21000
-25152 21002
-25150 21006
-25147 21008
-25144 21012
-25143 21013
-25142 21015
-25139 21018
-25137 21021
-25134 21024
-25133 21025
-25132 21027
-25129 21031
-25126 21033
-25124 21036
-25122 21037
-25121 21039
-25119 21043
-25116 21045
-25114 21049
-25112 21050
-25111 21052
-25109 21055
-25106 21058
-25103 21061
-25102 21062
-25101 21064
-25098 21068
-25096 21070
-25093 21074
-25092 21075
-25091 21077
-25088 21080
-25085 21081
-25082 21085
-25081 21086
-25080 21088
-25077 21091
-25075 21094
-25072 21097
-25071 21098
-25070 21100
-25067 21104
-25064 21106
-25062 21109
-25060 21110
-25059 21112
-25057 21116
-25054 21118
-25052 21122
-25050 21123
-25049 21125
-25047 21128
-25044 21130
-25041 21134
-25040 21135
-25039 21137
-25036 21140
-25034 21143
-25031 21146
-25030 21147
-25029 21149
-25026 21153
-25023 21155
-25021 21158
-25019 21159
-25018 21161
-25016 21165
-25013 21167
-25011 21171
-25009 21172
-25008 21174
-25006 21177
-25003 21177
-25002 21179
-25000 21183
-24998 21184
-24997 21186
-24995 21189
-24992 21192
-24990 21195
-24988 21196
-24987 21198
-24985 21202
-24982 21204
-24979 21207
-24978 21208
-24977 21210
-24974 21214
-24972 21216
-24969 21220
-24968 21221
-24967 21223
-24964 21226
-24961 21228
-24959 21232
-24957 21233
-24956 21235
-24954 21238
-24951 21241
-24949 21244
-24947 21245
-24946 21247
-24944 21251
-24941 21253
-24938 21256
-24937 21257
-24936 21259
-24933 21263
-24931 21265
-24928 21269
-24927 21270
-24926 21272
-24923 21275
-24920 21274
-24919 21276
-24917 21280
-24915 21281
-24914 21283
-24912 21286
-24909 21289
-24907 21292
-24905 21293
-24904 21295
-24902 21299
-24899 21301
-24896 21304
-24895 21305
-24894 21307
-24891 21311
-24889 21313
-24886 21317
-24885 21318
-24884 21320
-24881 21323
-24878 21325
-24875 21329
-24874 21330
-24873 21332
-24870 21335
-24868 21338
-24865 21341
-24864 21342
-24863 21344
-24860 21348
-24857 21350
-24855 21353
-24853 21354
-24852 21356
-24850 21360
-24847 21362
-24845 21366
-24843 21367
-24842 21369
-24840 21372
-24837 21372
-24836 21374
-24834 21378
-24832 21379
-24831 21381
-24829 21384
-24826 21387
-24824 21390
-24822 21391
-24821 21393
-24819 21397
-24816 21399
-24813 21402
-24812 21403
-24811 21405
-24808 21409
-24806 21411
-24803 21415
-24802 21416
-24801 21418
-24798 21421
-24795 21423
-24792 21426
-24791 21427
-24790 21429
-24787 21433
-24785 21435
-24782 21439
-24781 21440
-24780 21442
-24777 21445
-24774 21447
-24772 21451
-24770 21452
-24769 21454
-24767 21457
-24764 21460
-24762 21463
-24760 21464
-24759 21466
-24757 21470
-24753 21471
-24750 21474
-24749 21475
-24748 21477
-24745 21481
-24743 21483
-24740 21487
-24739 21488
-24738 21490
-24735 21493
-24732 21495
-24730 21499
-24728 21500
-24727 21502
-24725 21505
-24722 21508
-24719 21511
-24718 21512
-24717 21514
-24714 21518
-24711 21519
-24709 21523
-24707 21524
-24706 21526
-24704 21529
-24701 21532
-24698 21535
-24697 21536
-24696 21538
-24693 21542
-24690 21544
-24688 21547
-24686 21548
-24685 21550
-24683 21554
-24680 21556
-24677 21560
-24676 21561
-24675 21563
-24672 21566
-24670 21565
-24669 21567
-24667 21571
-24665 21572
-24664 21574
-24662 21577
-24659 21580
-24656 21583
-24655 21584
-24654 21586
-24651 21590
-24648 21592
-24646 21595
-24644 21596
-24643 21598
-24641 21602
-24638 21604
-24635 21608
-24634 21609
-24633 21611
-24630 21614
-24627 21616
-24625 21619
-24623 21620
-24622 21622
-24620 21626
-24617 21628
-24614 21632
-24613 21633
-24612 21635
-24609 21638
-24606 21640
-24604 21644
-24602 21645
-24601 21647
-24599 21650
-24596 21653
-24593 21656
-24592 21657
-24591 21659
-24588 21663
-24585 21662
-24584 21664
-24581 21667
-24580 21668
-24579 21670
-24576 21674
-24573 21676
-24571 21679
-24569 21680
-24568 21682
-24566 21685
-24563 21688
-24560 21691
-24559 21692
-24558 21694
-24555 21697
-24552 21700
-24550 21703
-24548 21704
-24547 21706
-24545 21709
-24542 21712
-24539 21715
-24538 21716
-24537 21718
-24534 21721
-24531 21724
-24529 21727
-24527 21728
-24526 21730
-24524 21733
-24521 21736
-24518 21739
-24517 21740
-24516 21742
-24513 21745
-24510 21748
-24508 21751
-24506 21752
-24505 21754
-24503 21757
-24501 21758
-24500 21760
-24497 21763
-24496 21764
-24495 21766
-24492 21769
-24489 21772
-24487 21775
-24485 21776
-24484 21778
-24482 21781
-24479 21784
-24476 21787
-24475 21788
-24474 21790
-24471 21793
-24468 21796
-24466 21799
-24464 21800
-24463 21802
-24461 21805
-24457 21808
-24455 21811
-24453 21812
-24452 21814
-24450 21817
-24447 21820
-24444 21823
-24443 21824
-24442 21826
-24439 21829
-24436 21832
-24434 21835
-24432 21836
-24431 21838
-24429 21841
-24426 21844
-24423 21847
-24422 21848
-24421 21850
-24418 21853
-24414 21855
-24412 21858
-24410 21860
-24409 21861
-24407 21864
-24404 21867
-24401 21870
-24400 21872
-24399 21873
-24396 21876
-24393 21879
-24391 21882
-24389 21884
-24388 21885
-24386 21888
-24383 21891
-24380 21894
-24379 21896
-24378 21897
-24375 21900
-24372 21903
-24369 21906
-24368 21908
-24367 21909
-24364 21912
-24361 21915
-24359 21918
-24357 21920
-24356 21921
-24354 21924
-24351 21927
-24348 21930
-24347 21932
-24346 21933
-24343 21936
-24340 21939
-24338 21942
-24336 21944
-24335 21945
-24333 21948
-24330 21949
-24329 21951
-24326 21954
-24325 21955
-24324 21957
-24321 21960
-24318 21963
-24316 21966
-24314 21967
-24313 21969
-24311 21972
-24308 21975
-24305 21978
-24304 21979
-24303 21981
-24300 21984
-24297 21987
-24295 21990
-24293 21991
-24292 21993
-24290 21996
-24286 21998
-24284 22001
-24282 22003
-24281 22004
-24279 22007
-24276 22010
-24273 22013
-24272 22015
-24271 22016
-24268 22019
-24265 22022
-24262 22025
-24261 22027
-24260 22028
-24257 22031
-24254 22034
-24252 22037
-24250 22039
-24249 22040
-24247 22043
-24244 22044
-24243 22045
-24240 22048
-24239 22050
-24238 22051
-24235 22054
-24232 22057
-24230 22060
-24228 22062
-24227 22063
-24225 22066
-24221 22069
-24219 22072
-24217 22074
-24216 22075
-24214 22078
-24211 22081
-24208 22084
-24207 22086
-24206 22087
-24203 22090
-24200 22093
-24197 22096
-24196 22097
-24195 22099
-24192 22102
-24189 22105
-24187 22108
-24185 22109
-24184 22111
-24182 22114
-24178 22117
-24176 22120
-24174 22121
-24173 22123
-24171 22126
-24168 22129
-24165 22132
-24164 22133
-24163 22135
-24160 22138
-24158 22138
-24157 22140
-24154 22143
-24153 22144
-24152 22146
-24149 22149
-24146 22152
-24144 22155
-24142 22156
-24141 22158
-24139 22161
-24135 22164
-24133 22167
-24131 22168
-24130 22170
-24128 22173
-24125 22176
-24122 22179
-24121 22180
-24120 22182
-24117 22185
-24114 22187
-24111 22190
-24110 22192
-24109 22193
-24106 22196
-24103 22199
-24101 22202
-24099 22204
-24098 22205
-24096 22208
-24092 22211
-24090 22214
-24088 22216
-24087 22217
-24085 22220
-24082 22223
-24079 22226
-24078 22228
-24077 22229
-24074 22232
-24070 22234
-24068 22237
-24066 22239
-24065 22240
-24063 22243
-24060 22246
-24057 22249
-24056 22251
-24055 22252
-24052 22255
-24049 22258
-24046 22261
-24045 22262
-24044 22264
-24041 22267
-24038 22270
-24036 22273
-24034 22274
-24033 22276
-24031 22279
-24027 22281
-24024 22284
-24023 22286
-24022 22287
-24019 22290
-24016 22293
-24014 22296
-24012 22298
-24011 22299
-24009 22302
-24005 22305
-24003 22308
-24001 22309
-24000 22311
-23998 22314
-23995 22317
-23992 22320
-23991 22321
-23990 22323
-23987 22326
-23984 22327
-23983 22328
-23981 22331
-23979 22333
-23978 22334
-23976 22337
-23973 22340
-23970 22343
-23969 22345
-23968 22346
-23965 22349
-23962 22352
-23959 22355
-23958 22356
-23957 22358
-23954 22361
-23951 22364
-23949 22367
-23947 22368
-23946 22370
-23944 22373
-23940 22375
-23937 22378
-23936 22380
-23935 22381
-23932 22384
-23929 22387
-23927 22390
-23925 22392
-23924 22393
-23922 22396
-23918 22399
-23916 22402
-23914 22403
-23913 22405
-23911 22408
-23908 22411
-23905 22414
-23904 22415
-23903 22417
-23900 22420
-23896 22419
-23895 22421
-23893 22424
-23891 22425
-23890 22427
-23888 22430
-23885 22433
-23882 22436
-23881 22437
-23880 22439
-23877 22442
-23874 22444
-23871 22447
-23870 22449
-23869 22450
-23866 22453
-23863 22456
-23861 22459
-23859 22461
-23858 22462
-23856 22465
-23852 22468
-23849 22471
-23848 22472
-23847 22474
-23844 22477
-23841 22480
-23839 22483
-23837 22484
-23836 22486
-23834 22489
-23830 22491
-23828 22494
-23826 22496
-23825 22497
-23823 22500
-23820 22503
-23817 22506
-23816 22508
-23815 22509
-23812 22512
-23809 22513
-23808 22514
-23806 22517
-23804 22519
-23803 22520
-23801 22523
-23798 22526
-23796 22529
-23794 22531
-23793 22532
-23790 22535
-23787 22538
-23784 22541
-23782 22542
-23781 22544
-23779 22547
-23776 22550
-23773 22553
-23771 22554
-23770 22556
-23768 22559
-23765 22561
-23762 22564
-23760 22565
-23759 22567
-23757 22570
-23754 22573
-23751 22576
-23749 22577
-23748 22579
-23746 22582
-23743 22584
-23740 22587
-23738 22589
-23737 22590
-23735 22593
-23732 22596
-23729 22599
-23727 22601
-23726 22602
-23724 22605
-23720 22607
-23718 22610
-23716 22611
-23715 22613
-23712 22616
-23709 22619
-23707 22622
-23705 22623
-23704 22625
-23701 22628
-23698 22630
-23696 22633
-23694 22635
-23693 22636
-23690 22639
-23687 22642
-23685 22645
-23683 22647
-23682 22648
-23679 22651
-23676 22653
-23674 22656
-23672 22658
-23671 22659
-23668 22662
-23665 22665
-23663 22668
-23661 22670
-23660 22671
-23657 22674
-23654 22677
-23652 22680
-23650 22681
-23649 22683
-23646 22686
-23643 22689
-23641 22692
-23639 22693
-23638 22695
-23635 22698
-23633 22698
-23632 22699
-23629 22702
-23627 22704
-23626 22705
-23624 22708
-23621 22711
-23618 22714
-23616 22716
-23615 22717
-23613 22720
-23610 22723
-23607 22726
-23605 22727
-23604 22729
-23602 22732
-23599 22735
-23596 22738
-23594 22739
-23593 22741
-23591 22744
-23588 22746
-23585 22749
-23583 22750
-23582 22752
-23580 22755
-23577 22758
-23574 22761
-23572 22762
-23571 22764
-23569 22767
-23566 22769
-23563 22772
-23561 22774
-23560 22775
-23558 22778
-23555 22781
-23552 22784
-23550 22786
-23549 22787
-23547 22790
-23544 22790
-23543 22792
-23540 22795
-23538 22796
-23537 22798
-23535 22801
-23532 22803
-23529 22806
-23527 22808
-23526 22809
-23524 22812
-23521 22815
-23518 22818
-23516 22819
-23515 22821
-23513 22824
-23510 22826
-23507 22829
-23505 22831
-23504 22832
-23502 22835
-23498 22838
-23496 22841
-23494 22842
-23493 22844
-23490 22847
-23487 22849
-23485 22852
-23483 22854
-23482 22855
-23479 22858
-23476 22861
-23474 22864
-23472 22865
-23471 22867
-23468 22870
-23465 22872
-23463 22875
-23461 22877
-23460 22878
-23457 22881
-23455 22882
-23454 22884
-23451 22887
-23449 22888
-23448 22890
-23446 22893
-23443 22895
-23440 22898
-23438 22900
-23437 22901
-23435 22904
-23432 22907
-23429 22910
-23427 22911
-23426 22913
-23424 22916
-23421 22918
-23418 22921
-23416 22923
-23415 22924
-23413 22927
-23409 22930
-23407 22933
-23405 22934
-23404 22936
-23401 22939
-23398 22941
-23396 22944
-23394 22946
-23393 22947
-23390 22950
-23387 22953
-23385 22956
-23383 22957
-23382 22959
-23379 22962
-23376 22964
-23374 22967
-23372 22969
-23371 22970
-23368 22973
-23364 22975
-23362 22978
-23360 22980
-23359 22981
-23356 22984
-23353 22987
-23351 22990
-23349 22991
-23348 22993
-23345 22996
-23342 22998
-23340 23001
-23338 23003
-23337 23004
-23334 23007
-23331 23010
-23329 23013
-23327 23014
-23326 23016
-23323 23019
-23320 23021
-23317 23024
-23315 23026
-23314 23027
-23312 23030
-23309 23033
-23306 23036
-23304 23037
-23303 23039
-23301 23042
-23297 23044
-23295 23047
-23293 23049
-23292 23050
-23289 23053
-23286 23056
-23284 23059
-23282 23060
-23281 23062
-23278 23065
-23276 23065
-23275 23066
-23272 23069
-23270 23071
-23269 23072
-23267 23075
-23264 23078
-23261 23081
-23259 23082
-23258 23084
-23256 23087
-23252 23089
-23250 23092
-23248 23094
-23247 23095
-23244 23098
-23241 23101
-23239 23104
-23237 23105
-23236 23107
-23233 23110
-23230 23112
-23227 23115
-23225 23116
-23224 23118
-23222 23121
-23219 23123
-23216 23126
-23214 23128
-23213 23129
-23211 23132
-23207 23135
-23205 23138
-23203 23139
-23202 23141
-23199 23144
-23196 23146
-23194 23149
-23192 23151
-23191 23152
-23188 23155
-23184 23155
-23183 23156
-23181 23159
-23179 23161
-23178 23162
-23175 23165
-23172 23168
-23170 23170
-23167 23173
-23164 23176
-23162 23179
-23160 23180
-23159 23182
-23156 23185
-23153 23184
-23152 23185
-23150 23188
-23148 23190
-23147 23191
-23144 23194
-23141 23197
-23139 23200
-23137 23201
-23136 23203
-23133 23206
-23130 23208
-23127 23211
-23125 23213
-23124 23214
-23122 23217
-23119 23220
-23116 23223
-23114 23224
-23113 23226
-23111 23229
-23107 23231
-23105 23234
-23103 23235
-23102 23237
-23099 23240
-23096 23242
-23094 23245
-23092 23247
-23091 23248
-23088 23251
-23085 23254
-23082 23257
-23080 23258
-23079 23260
-23077 23263
-23074 23265
-23071 23268
-23069 23270
-23068 23271
-23066 23274
-23063 23275
-23062 23276
-23059 23279
-23057 23281
-23056 23282
-23054 23285
-23051 23288
-23048 23291
-23046 23292
-23045 23294
-23043 23297
-23039 23299
-23037 23302
-23035 23304
-23034 23305
-23031 23308
-23028 23311
-23026 23314
-23024 23315
-23023 23317
-23020 23320
-23016 23321
-23014 23324
-23012 23326
-23011 23327
-23008 23330
-23005 23333
-23003 23336
-23001 23337
-23000 23339
-22997 23342
-22994 23344
-22991 23347
-22989 23348
-22988 23350
-22986 23353
-22983 23355
-22980 23358
-22978 23360
-22977 23361
-22975 23364
-22970 23366
-22968 23369
-22966 23370
-22965 23372
-22962 23375
-22959 23377
-22957 23380
-22955 23382
-22954 23383
-22951 23386
-22948 23388
-22945 23391
-22943 23393
-22942 23394
-22940 23397
-22937 23400
-22934 23403
-22932 23404
-22931 23406
-22929 23409
-22925 23411
-22922 23414
-22920 23415
-22919 23417
-22917 23420
-22914 23422
-22911 23425
-22909 23427
-22908 23428
-22906 23431
-22902 23433
-22900 23436
-22898 23438
-22897 23439
-22894 23442
-22891 23445
-22889 23448
-22887 23449
-22886 23451
-22883 23454
-22880 23454
-22879 23455
-22876 23458
-22874 23460
-22873 23461
-22871 23464
-22868 23467
-22865 23470
-22863 23471
-22862 23473
-22860 23476
-22856 23478
-22854 23481
-22852 23482
-22851 23484
-22848 23487
-22845 23489
-22843 23492
-22841 23494
-22840 23495
-22837 23498
-22833 23500
-22831 23503
-22829 23505
-22828 23506
-22825 23509
-22822 23512
-22820 23515
-22818 23516
-22817 23518
-22814 23521
-22811 23523
-22808 23526
-22806 23527
-22805 23529
-22803 23532
-22800 23534
-22797 23537
-22795 23539
-22794 23540
-22792 23543
-22789 23543
-22788 23545
-22785 23548
-22783 23549
-22782 23551
-22780 23554
-22776 23556
-22774 23559
-22772 23561
-22771 23562
-22768 23565
-22765 23567
-22762 23570
-22760 23572
-22759 23573
-22757 23576
-22753 23579
-22751 23582
-22749 23583
-22748 23585
-22745 23588
-22742 23589
-22739 23592
-22737 23594
-22736 23595
-22734 23598
-22730 23601
-22728 23604
-22726 23605
-22725 23607
-22722 23610
-22719 23612
-22716 23615
-22714 23616
-22713 23618
-22711 23621
-22707 23623
-22705 23626
-22703 23628
-22702 23629
-22699 23632
-22697 23632
-22696 23634
-22693 23637
-22691 23638
-22690 23640
-22688 23643
-22684 23645
-22682 23648
-22680 23650
-22679 23651
-22676 23654
-22673 23656
-22670 23659
-22668 23661
-22667 23662
-22665 23665
-22661 23668
-22659 23671
-22657 23672
-22656 23674
-22653 23677
-22650 23678
-22647 23681
-22645 23683
-22644 23684
-22642 23687
-22638 23690
-22636 23693
-22634 23694
-22633 23696
-22630 23699
-22627 23701
-22624 23704
-22622 23705
-22621 23707
-22619 23710
-22615 23712
-22613 23715
-22611 23717
-22610 23718
-22607 23721
-22603 23722
-22601 23725
-22599 23727
-22598 23728
-22595 23731
-22592 23734
-22589 23737
-22587 23738
-22586 23740
-22584 23743
-22580 23745
-22578 23748
-22576 23749
-22575 23751
-22572 23754
-22569 23756
-22566 23759
-22564 23761
-22563 23762
-22561 23765
-22557 23767
-22555 23770
-22553 23771
-22552 23773
-22549 23776
-22546 23778
-22543 23781
-22541 23783
-22540 23784
-22538 23787
-22534 23789
-22532 23792
-22530 23794
-22529 23795
-22526 23798
-22523 23801
-22520 23804
-22518 23805
-22517 23806
-22515 23809
-22511 23810
-22510 23811
-22508 23814
-22506 23815
-22505 23817
-22502 23820
-22499 23822
-22496 23825
-22494 23826
-22493 23828
-22491 23831
-22487 23833
-22485 23836
-22483 23837
-22482 23839
-22479 23842
-22476 23844
-22473 23847
-22471 23848
-22470 23850
-22468 23853
-22464 23855
-22461 23858
-22459 23859
-22458 23861
-22456 23864
-22452 23866
-22450 23869
-22448 23870
-22447 23872
-22444 23875
-22441 23877
-22438 23880
-22436 23881
-22435 23883
-22433 23886
-22429 23888
-22427 23891
-22425 23892
-22424 23894
-22421 23897
-22418 23896
-22417 23898
-22414 23901
-22412 23902
-22411 23903
-22409 23906
-22405 23909
-22403 23912
-22401 23913
-22400 23914
-22397 23917
-22394 23920
-22391 23923
-22389 23924
-22388 23925
-22386 23928
-22382 23931
-22380 23934
-22378 23935
-22377 23936
-22374 23939
-22370 23942
-22368 23945
-22366 23946
-22365 23947
-22362 23950
-22359 23953
-22356 23956
-22354 23957
-22353 23958
-22351 23961
-22347 23964
-22345 23967
-22343 23968
-22342 23969
-22339 23972
-22336 23975
-22333 23978
-22331 23979
-22330 23980
-22328 23983
-22324 23984
-22323 23985
-22321 23988
-22319 23989
-22318 23991
-22315 23994
-22312 23996
-22309 23999
-22307 24000
-22306 24002
-22304 24005
-22300 24007
-22298 24010
-22296 24011
-22295 24013
-22292 24016
-22289 24018
-22286 24021
-22284 24022
-22283 24024
-22281 24027
-22277 24029
-22274 24032
-22272 24033
-22271 24035
-22269 24038
-22265 24040
-22263 24043
-22261 24044
-22260 24046
-22257 24049
-22254 24051
-22251 24054
-22249 24055
-22248 24057
-22246 24060
-22242 24062
-22240 24065
-22238 24066
-22237 24068
-22234 24071
-22229 24072
-22227 24075
-22225 24076
-22224 24078
-22221 24081
-22218 24083
-22215 24086
-22213 24087
-22212 24089
-22210 24092
-22206 24094
-22203 24097
-22201 24098
-22200 24100
-22198 24103
-22194 24105
-22192 24108
-22190 24109
-22189 24111
-22186 24114
-22182 24116
-22180 24119
-22178 24120
-22177 24121
-22174 24124
-22171 24127
-22168 24130
-22166 24131
-22165 24132
-22163 24135
-22159 24138
-22156 24141
-22154 24142
-22153 24143
-22151 24146
-22147 24149
-22145 24152
-22143 24153
-22142 24154
-22139 24157
-22136 24157
-22135 24159
-22133 24162
-22131 24163
-22130 24164
-22127 24167
-22124 24170
-22121 24173
-22119 24174
-22118 24175
-22116 24178
-22112 24181
-22109 24184
-22107 24185
-22106 24186
-22104 24189
-22100 24192
-22098 24195
-22096 24196
-22095 24197
-22092 24200
-22088 24202
-22086 24205
-22084 24206
-22083 24208
-22080 24211
-22077 24213
-22074 24216
-22072 24217
-22071 24219
-22069 24222
-22065 24224
-22062 24227
-22060 24228
-22059 24230
-22057 24233
-22053 24235
-22051 24238
-22049 24239
-22048 24241
-22045 24244
-22042 24243
-22041 24245
-22038 24248
-22036 24249
-22035 24250
-22033 24253
-22029 24256
-22027 24259
-22025 24260
-22024 24261
-22021 24264
-22017 24267
-22015 24270
-22013 24271
-22012 24272
-22009 24275
-22006 24278
-22003 24281
-22001 24282
-22000 24283
-21998 24286
-21994 24288
-21991 24291
-21989 24292
-21988 24294
-21986 24297
-21982 24299
-21980 24302
-21978 24303
-21977 24305
-21974 24308
-21970 24310
-21968 24313
-21966 24314
-21965 24315
-21962 24318
-21959 24321
-21956 24324
-21954 24325
-21953 24326
-21951 24329
-21947 24330
-21946 24331
-21943 24334
-21941 24335
-21940 24337
-21938 24340
-21934 24342
-21932 24345
-21930 24346
-21929 24348
-21926 24351
-21922 24353
-21920 24356
-21918 24357
-21917 24358
-21914 24361
-21911 24364
-21908 24367
-21906 24368
-21905 24369
-21903 24372
-21898 24374
-21896 24377
-21894 24378
-21893 24380
-21890 24383
-21887 24385
-21884 24388
-21882 24389
-21881 24391
-21879 24394
-21875 24396
-21872 24399
-21870 24400
-21869 24401
-21867 24404
-21863 24407
-21861 24410
-21859 24411
-21858 24412
-21855 24415
-21851 24417
-21848 24420
-21846 24421
-21845 24422
-21843 24425
-21839 24428
-21837 24431
-21835 24432
-21834 24433
-21831 24436
-21827 24438
-21825 24441
-21823 24442
-21822 24444
-21819 24447
-21816 24449
-21813 24452
-21811 24453
-21810 24455
-21808 24458
-21803 24460
-21801 24463
-21799 24464
-21798 24465
-21795 24468
-21792 24471
-21789 24474
-21787 24475
-21786 24476
-21784 24479
-21780 24481
-21777 24484
-21775 24485
-21774 24487
-21772 24490
-21768 24492
-21766 24495
-21764 24496
-21763 24498
-21760 24501
-21756 24500
-21755 24502
-21753 24505
-21751 24506
-21750 24507
-21747 24510
-21744 24513
-21741 24516
-21739 24517
-21738 24518
-21736 24521
-21732 24523
-21729 24526
-21727 24527
-21726 24529
-21724 24532
-21720 24534
-21718 24537
-21716 24538
-21715 24540
-21712 24543
-21708 24544
-21705 24547
-21703 24548
-21702 24550
-21700 24553
-21696 24555
-21694 24558
-21692 24559
-21691 24561
-21688 24564
-21684 24566
-21682 24569
-21680 24570
-21679 24571
-21676 24574
-21673 24577
-21670 24580
-21668 24581
-21667 24582
-21664 24585
-21661 24585
-21659 24586
-21656 24589
-21655 24590
-21653 24592
-21650 24595
-21647 24597
-21644 24600
-21643 24601
-21641 24603
-21638 24606
-21635 24608
-21632 24611
-21631 24612
-21629 24613
-21626 24616
-21623 24619
-21620 24622
-21619 24623
-21617 24624
-21614 24627
-21611 24629
-21608 24632
-21607 24633
-21605 24634
-21602 24637
-21599 24640
-21596 24643
-21595 24644
-21593 24645
-21590 24648
-21587 24650
-21584 24653
-21583 24654
-21581 24656
-21578 24659
-21575 24661
-21572 24664
-21571 24665
-21569 24667
-21566 24670
-21565 24669
-21563 24671
-21560 24674
-21559 24675
-21557 24676
-21554 24679
-21551 24682
-21548 24685
-21547 24686
-21545 24687
-21542 24690
-21539 24692
-21536 24695
-21535 24696
-21533 24698
-21530 24701
-21527 24703
-21524 24706
-21523 24707
-21521 24709
-21518 24712
-21515 24713
-21512 24716
-21511 24717
-21509 24719
-21506 24722
-21503 24724
-21500 24727
-21499 24728
-21497 24730
-21494 24733
-21491 24735
-21488 24738
-21487 24739
-21485 24740
-21482 24743
-21479 24745
-21476 24748
-21475 24749
-21473 24751
-21470 24754
-21467 24755
-21464 24758
-21462 24759
-21461 24761
-21458 24764
-21455 24766
-21452 24769
-21450 24770
-21449 24771
-21446 24774
-21443 24776
-21440 24779
-21438 24780
-21437 24782
-21434 24785
-21431 24787
-21428 24790
-21426 24791
-21425 24792
-21422 24795
-21419 24797
-21416 24800
-21414 24801
-21413 24803
-21410 24806
-21407 24808
-21404 24811
-21402 24812
-21401 24813
-21398 24816
-21395 24818
-21392 24821
-21390 24822
-21389 24824
-21386 24827
-21383 24829
-21380 24832
-21378 24833
-21377 24834
-21374 24837
-21372 24837
-21370 24839
-21367 24842
-21366 24843
-21364 24844
-21361 24847
-21358 24849
-21355 24852
-21354 24853
-21352 24855
-21349 24858
-21346 24860
-21343 24863
-21342 24864
-21340 24865
-21337 24868
-21334 24870
-21331 24873
-21330 24874
-21328 24876
-21325 24879
-21322 24881
-21319 24884
-21317 24885
-21316 24886
-21313 24889
-21310 24891
-21307 24894
-21305 24895
-21304 24897
-21301 24900
-21298 24902
-21295 24905
-21293 24906
-21292 24907
-21289 24910
-21286 24912
-21283 24915
-21281 24916
-21280 24918
-21277 24921
-21274 24920
-21273 24922
-21270 24925
-21268 24926
-21267 24927
-21264 24930
-21261 24932
-21258 24935
-21256 24936
-21255 24938
-21252 24941
-21249 24943
-21246 24946
-21244 24947
-21243 24948
-21240 24951
-21237 24953
-21234 24956
-21232 24957
-21231 24959
-21228 24962
-21224 24963
-21221 24966
-21220 24967
-21218 24969
-21215 24972
-21212 24974
-21209 24977
-21208 24978
-21206 24979
-21203 24982
-21200 24984
-21197 24987
-21196 24988
-21194 24990
-21191 24993
-21188 24995
-21185 24998
-21184 24999
-21182 25000
-21179 25003
-21177 25003
-21175 25005
-21172 25008
-21171 25009
-21169 25010
-21166 25013
-21163 25015
-21160 25018
-21159 25019
-21157 25021
-21154 25024
-21151 25026
-21148 25029
-21147 25030
-21145 25031
-21142 25034
-21139 25036
-21136 25039
-21135 25040
-21133 25042
-21130 25045
-21127 25046
-21124 25049
-21122 25050
-21121 25052
-21118 25055
-21115 25057
-21112 25060
-21110 25061
-21109 25062
-21106 25065
-21103 25067
-21100 25070
-21098 25071
-21097 25073
-21094 25076
-21091 25078
-21088 25081
-21086 25082
-21085 25083
-21082 25086
-21078 25087
-21075 25090
-21073 25091
-21072 25093
-21069 25096
-21066 25098
-21063 25101
-21061 25102
-21060 25103
-21057 25106
-21053 25108
-21050 25111
-21049 25112
-21047 25114
-21044 25117
-21041 25119
-21038 25122
-21037 25123
-21035 25124
-21032 25127
-21029 25129
-21026 25132
-21024 25133
-21023 25134
-21020 25137
-21017 25139
-21014 25142
-21012 25143
-21011 25145
-21008 25148
-21004 25150
-21001 25153
-21000 25154
-20998 25155
-20995 25158
-20992 25160
-20989 25163
-20988 25164
-20986 25166
-20983 25169
-20981 25168
-20980 25170
-20977 25173
-20975 25174
-20974 25175
-20971 25178
-20968 25180
-20965 25183
-20963 25184
-20962 25186
-20959 25189
-20955 25190
-20952 25193
-20951 25194
-20949 25196
-20946 25199
-20943 25201
-20940 25204
-20939 25205
-20937 25206
-20934 25209
-20931 25211
-20928 25214
-20926 25215
-20925 25216
-20922 25219
-20919 25221
-20916 25224
-20914 25225
-20913 25227
-20910 25230
-20906 25231
-20903 25234
-20902 25235
-20900 25237
-20897 25240
-20894 25242
-20891 25245
-20890 25246
-20888 25247
-20884 25247
-20881 25250
-20879 25251
-20878 25253
-20875 25256
-20872 25258
-20869 25261
-20867 25262
-20866 25263
-20863 25266
-20859 25268
-20856 25271
-20855 25272
-20853 25273
-20850 25276
-20847 25278
-20844 25281
-20843 25282
-20841 25284
-20838 25287
-20835 25288
-20832 25291
-20830 25292
-20829 25294
-20826 25297
-20823 25299
-20820 25302
-20818 25303
-20817 25304
-20814 25307
-20810 25309
-20807 25312
-20806 25313
-20804 25314
-20801 25317
-20798 25319
-20795 25322
-20794 25323
-20792 25325
-20789 25328
-20787 25327
-20786 25329
-20783 25332
-20781 25333
-20780 25334
-20777 25337
-20774 25339
-20771 25342
-20769 25343
-20768 25345
-20765 25348
-20761 25349
-20758 25352
-20757 25353
-20755 25355
-20752 25358
-20749 25360
-20746 25363
-20745 25364
-20743 25365
-20740 25368
-20736 25370
-20733 25373
-20732 25374
-20730 25375
-20727 25378
-20724 25380
-20721 25383
-20720 25384
-20718 25386
-20715 25389
-20712 25390
-20709 25393
-20707 25394
-20706 25396
-20703 25399
-20700 25401
-20697 25404
-20695 25405
-20694 25406
-20691 25409
-20686 25410
-20683 25413
-20682 25414
-20680 25416
-20677 25419
-20674 25421
-20671 25424
-20670 25425
-20668 25426
-20665 25429
-20662 25431
-20659 25434
-20657 25435
-20656 25436
-20653 25439
-20650 25441
-20647 25444
-20645 25445
-20644 25447
-20641 25450
-20637 25451
-20634 25454
-20632 25455
-20631 25456
-20628 25459
-20625 25461
-20622 25464
-20620 25465
-20619 25467
-20616 25470
-20612 25471
-20609 25474
-20608 25475
-20606 25477
-20603 25480
-20600 25482
-20597 25485
-20596 25486
-20594 25487
-20591 25490
-20588 25489
-20587 25491
-20584 25494
-20582 25495
-20581 25496
-20578 25499
-20575 25501
-20572 25504
-20570 25505
-20569 25507
-20566 25510
-20562 25511
-20559 25514
-20558 25515
-20556 25517
-20553 25520
-20550 25522
-20547 25525
-20546 25526
-20544 25527
-20541 25530
-20537 25531
-20534 25534
-20533 25535
-20531 25537
-20528 25540
-20525 25542
-20522 25545
-20521 25546
-20519 25547
-20516 25550
-20513 25552
-20510 25555
-20508 25556
-20507 25557
-20504 25560
-20501 25562
-20498 25565
-20496 25566
-20495 25568
-20492 25571
-20488 25570
-20487 25571
-20484 25574
-20482 25575
-20481 25577
-20478 25579
-20475 25582
-20472 25584
-20470 25585
-20469 25587
-20466 25589
-20463 25592
-20460 25594
-20458 25595
-20457 25597
-20454 25599
-20450 25602
-20447 25604
-20446 25605
-20444 25607
-20441 25609
-20437 25612
-20434 25614
-20433 25615
-20431 25617
-20428 25619
-20425 25622
-20422 25624
-20420 25625
-20419 25627
-20416 25629
-20412 25632
-20409 25634
-20408 25635
-20406 25637
-20403 25639
-20400 25642
-20397 25644
-20395 25645
-20394 25647
-20391 25649
-20389 25650
-20387 25652
-20384 25654
-20383 25655
-20381 25657
-20378 25659
-20375 25662
-20372 25664
-20370 25665
-20369 25667
-20366 25669
-20362 25672
-20359 25674
-20358 25675
-20356 25677
-20353 25679
-20350 25682
-20347 25684
-20345 25685
-20344 25687
-20341 25689
-20337 25692
-20334 25694
-20333 25695
-20331 25697
-20328 25699
-20325 25702
-20322 25704
-20320 25705
-20319 25707
-20316 25709
-20312 25712
-20309 25714
-20308 25715
-20306 25717
-20303 25719
-20300 25722
-20297 25724
-20295 25725
-20294 25727
-20291 25729
-20287 25731
-20284 25734
-20282 25735
-20281 25736
-20278 25739
-20274 25741
-20271 25744
-20270 25745
-20268 25746
-20265 25749
-20262 25751
-20259 25754
-20257 25755
-20256 25756
-20253 25759
-20249 25761
-20246 25764
-20245 25765
-20243 25766
-20240 25769
-20237 25771
-20234 25774
-20232 25775
-20231 25776
-20228 25779
-20224 25781
-20221 25784
-20220 25785
-20218 25786
-20215 25789
-20212 25791
-20209 25794
-20207 25795
-20206 25796
-20203 25799
-20199 25801
-20196 25804
-20195 25805
-20193 25806
-20190 25809
-20188 25809
-20186 25810
-20183 25813
-20182 25814
-20180 25815
-20177 25818
-20174 25820
-20171 25823
-20169 25824
-20168 25825
-20165 25828
-20161 25830
-20158 25833
-20157 25834
-20155 25835
-20152 25838
-20149 25840
-20146 25843
-20144 25844
-20143 25845
-20140 25848
-20136 25850
-20133 25852
-20132 25853
-20130 25855
-20127 25857
-20124 25860
-20121 25862
-20119 25863
-20118 25865
-20115 25867
-20111 25870
-20108 25872
-20107 25873
-20105 25875
-20102 25877
-20099 25880
-20096 25882
-20094 25883
-20093 25885
-20090 25887
-20086 25887
-20085 25888
-20082 25891
-20080 25892
-20079 25893
-20076 25896
-20072 25898
-20069 25901
-20068 25902
-20066 25903
-20063 25906
-20060 25908
-20057 25911
-20055 25912
-20054 25913
-20051 25916
-20047 25918
-20044 25921
-20043 25922
-20041 25923
-20038 25926
-20034 25928
-20031 25930
-20030 25931
-20028 25933
-20025 25935
-20022 25938
-20019 25940
-20017 25941
-20016 25943
-20013 25945
-20009 25948
-20006 25950
-20005 25951
-20003 25953
-20000 25955
-19997 25958
-19994 25960
-19992 25961
-19991 25963
-19988 25965
-19985 25966
-19984 25967
-19981 25970
-19979 25971
-19978 25972
-19975 25975
-19971 25977
-19968 25980
-19967 25981
-19965 25982
-19962 25985
-19959 25987
-19956 25989
-19954 25990
-19953 25992
-19950 25994
-19946 25997
-19943 25999
-19942 26000
-19940 26002
-19937 26004
-19933 26006
-19930 26009
-19929 26010
-19927 26011
-19924 26014
-19921 26016
-19918 26019
-19916 26020
-19915 26021
-19912 26024
-19908 26026
-19905 26028
-19904 26029
-19902 26031
-19899 26033
-19896 26036
-19893 26038
-19891 26039
-19890 26041
-19887 26043
-19882 26045
-19879 26047
-19878 26048
-19876 26050
-19873 26052
-19870 26055
-19867 26057
-19865 26058
-19864 26060
-19861 26062
-19857 26064
-19854 26067
-19853 26068
-19851 26069
-19848 26072
-19845 26074
-19842 26077
-19840 26078
-19839 26079
-19836 26082
-19832 26084
-19829 26086
-19827 26087
-19826 26089
-19823 26091
-19819 26094
-19816 26096
-19815 26097
-19813 26099
-19810 26101
-19807 26103
-19804 26106
-19802 26107
-19801 26108
-19798 26111
-19794 26113
-19791 26116
-19790 26117
-19788 26118
-19785 26121
-19782 26121
-19781 26122
-19778 26125
-19776 26126
-19775 26127
-19772 26130
-19768 26132
-19765 26135
-19764 26136
-19762 26137
-19759 26140
-19755 26142
-19752 26144
-19751 26145
-19749 26147
-19746 26149
-19743 26152
-19740 26154
-19738 26155
-19737 26157
-19734 26159
-19730 26161
-19727 26164
-19725 26165
-19724 26166
-19721 26169
-19717 26171
-19714 26174
-19713 26175
-19711 26176
-19708 26179
-19704 26181
-19701 26183
-19700 26184
-19698 26186
-19695 26188
-19692 26191
-19689 26193
-19687 26194
-19686 26196
-19683 26198
-19680 26198
-19678 26199
-19675 26202
-19674 26203
-19672 26204
-19669 26207
-19666 26209
-19663 26212
-19661 26213
-19660 26214
-19657 26217
-19653 26219
-19650 26221
-19648 26222
-19647 26224
-19644 26226
-19640 26229
-19637 26231
-19636 26232
-19634 26234
-19631 26236
-19627 26238
-19624 26240
-19623 26241
-19621 26243
-19618 26245
-19615 26248
-19612 26250
-19610 26251
-19609 26253
-19606 26255
-19602 26257
-19599 26260
-19597 26261
-19596 26262
-19593 26265
-19589 26267
-19586 26270
-19585 26271
-19583 26272
-19580 26275
-19577 26274
-19576 26276
-19573 26278
-19571 26279
-19570 26281
-19567 26283
-19563 26286
-19560 26288
-19559 26289
-19557 26291
-19554 26293
-19550 26295
-19547 26298
-19546 26299
-19544 26300
-19541 26303
-19538 26305
-19535 26308
-19533 26309
-19532 26310
-19529 26313
-19525 26314
-19522 26317
-19520 26318
-19519 26319
-19516 26322
-19512 26324
-19509 26327
-19508 26328
-19506 26329
-19503 26332
-19499 26334
-19496 26336
-19495 26337
-19493 26339
-19490 26341
-19487 26344
-19484 26346
-19482 26347
-19481 26349
-19478 26351
-19473 26353
-19470 26355
-19469 26356
-19467 26358
-19464 26360
-19461 26363
-19458 26365
-19456 26366
-19455 26368
-19452 26370
-19448 26372
-19445 26374
-19443 26375
-19442 26377
-19439 26379
-19435 26381
-19432 26384
-19431 26385
-19429 26386
-19426 26389
-19422 26391
-19419 26393
-19417 26394
-19416 26396
-19413 26398
-19409 26400
-19406 26403
-19405 26404
-19403 26405
-19400 26408
-19396 26410
-19393 26412
-19392 26413
-19390 26415
-19387 26417
-19384 26419
-19381 26422
-19379 26423
-19378 26424
-19375 26427
-19372 26427
-19370 26429
-19367 26431
-19366 26432
-19364 26434
-19361 26436
-19358 26438
-19355 26441
-19353 26442
-19352 26443
-19349 26446
-19345 26448
-19342 26450
-19340 26451
-19339 26453
-19336 26455
-19332 26457
-19329 26460
-19328 26461
-19326 26462
-19323 26465
-19319 26467
-19316 26469
-19314 26470
-19313 26472
-19310 26474
-19306 26476
-19303 26479
-19302 26480
-19300 26481
-19297 26484
-19293 26486
-19290 26488
-19289 26489
-19287 26491
-19284 26493
-19281 26495
-19278 26498
-19276 26499
-19275 26500
-19272 26503
-19268 26502
-19266 26503
-19263 26506
-19262 26507
-19260 26508
-19257 26511
-19254 26513
-19251 26515
-19249 26516
-19248 26518
-19245 26520
-19241 26522
-19238 26525
-19236 26526
-19235 26527
-19232 26530
-19228 26532
-19225 26534
-19224 26535
-19222 26537
-19219 26539
-19215 26541
-19212 26544
-19210 26545
-19209 26546
-19206 26549
-19202 26551
-19199 26553
-19198 26554
-19196 26556
-19193 26558
-19189 26560
-19186 26563
-19185 26564
-19183 26565
-19180 26568
-19177 26570
-19174 26572
-19172 26573
-19171 26575
-19168 26577
-19164 26577
-19163 26578
-19160 26581
-19158 26582
-19157 26583
-19154 26586
-19150 26588
-19147 26590
-19146 26591
-19144 26593
-19141 26595
-19137 26597
-19134 26600
-19133 26601
-19131 26602
-19128 26605
-19125 26607
-19122 26609
-19120 26610
-19119 26612
-19116 26614
-19112 26616
-19109 26618
-19107 26619
-19106 26621
-19103 26623
-19099 26625
-19096 26628
-19094 26629
-19093 26630
-19090 26633
-19086 26635
-19083 26637
-19081 26638
-19080 26640
-19077 26642
-19073 26644
-19070 26647
-19068 26648
-19067 26649
-19064 26652
-19060 26653
-19057 26655
-19055 26656
-19053 26658
-19050 26660
-19047 26662
-19044 26665
-19042 26666
-19040 26667
-19037 26670
-19034 26672
-19031 26674
-19029 26675
-19027 26677
-19024 26679
-19021 26681
-19018 26684
-19016 26685
-19014 26686
-19011 26689
-19008 26690
-19005 26693
-19003 26694
-19001 26695
-18998 26698
-18995 26700
-18992 26702
-18990 26703
-18988 26705
-18985 26707
-18982 26709
-18979 26712
-18977 26713
-18975 26714
-18972 26717
-18969 26719
-18966 26721
-18964 26722
-18962 26724
-18959 26726
-18957 26726
-18956 26728
-18953 26730
-18951 26731
-18949 26733
-18946 26735
-18943 26737
-18940 26740
-18938 26741
-18936 26742
-18933 26745
-18930 26746
-18927 26749
-18925 26750
-18923 26751
-18920 26754
-18917 26756
-18914 26758
-18912 26759
-18910 26761
-18907 26763
-18904 26765
-18901 26767
-18899 26768
-18897 26770
-18894 26772
-18891 26774
-18888 26777
-18886 26778
-18884 26779
-18881 26782
-18878 26783
-18875 26786
-18873 26787
-18871 26788
-18868 26791
-18865 26793
-18862 26795
-18860 26796
-18858 26798
-18855 26800
-18852 26800
-18851 26801
-18848 26804
-18846 26805
-18844 26806
-18841 26809
-18838 26811
-18835 26813
-18833 26814
-18831 26816
-18828 26818
-18825 26820
-18822 26822
-18820 26823
-18818 26825
-18815 26827
-18812 26829
-18809 26832
-18807 26833
-18805 26834
-18802 26837
-18799 26838
-18796 26841
-18794 26842
-18792 26843
-18789 26846
-18786 26848
-18783 26850
-18781 26851
-18779 26853
-18776 26855
-18773 26857
-18770 26859
-18768 26860
-18766 26862
-18763 26864
-18760 26866
-18757 26869
-18755 26870
-18753 26871
-18750 26874
-18748 26873
-18746 26875
-18743 26877
-18741 26878
-18740 26880
-18737 26882
-18733 26884
-18730 26887
-18728 26888
-18727 26889
-18724 26892
-18720 26893
-18717 26896
-18715 26897
-18714 26898
-18711 26901
-18707 26903
-18704 26905
-18702 26906
-18701 26908
-18698 26910
-18694 26912
-18691 26914
-18689 26915
-18687 26917
-18684 26919
-18681 26921
-18678 26924
-18676 26925
-18674 26926
-18671 26929
-18668 26930
-18665 26933
-18663 26934
-18661 26935
-18658 26938
-18655 26940
-18652 26942
-18650 26943
-18648 26945
-18645 26947
-18641 26948
-18638 26950
-18636 26951
-18634 26953
-18631 26955
-18628 26957
-18625 26960
-18623 26961
-18621 26962
-18618 26965
-18615 26966
-18612 26969
-18610 26970
-18608 26971
-18605 26974
-18602 26976
-18599 26978
-18597 26979
-18595 26981
-18592 26983
-18588 26984
-18585 26987
-18583 26988
-18582 26989
-18579 26992
-18575 26994
-18572 26996
-18570 26997
-18569 26999
-18566 27001
-18562 27003
-18559 27005
-18557 27006
-18556 27008
-18553 27010
-18549 27012
-18546 27015
-18544 27016
-18543 27017
-18540 27020
-18537 27019
-18535 27020
-18532 27023
-18530 27024
-18529 27025
-18526 27028
-18522 27030
-18519 27032
-18517 27033
-18516 27035
-18513 27037
-18509 27039
-18506 27041
-18504 27042
-18503 27044
-18500 27046
-18496 27048
-18493 27051
-18491 27052
-18490 27053
-18487 27056
-18483 27057
-18480 27059
-18478 27060
-18476 27062
-18473 27064
-18470 27066
-18467 27069
-18465 27070
-18463 27071
-18460 27074
-18457 27075
-18454 27078
-18452 27079
-18450 27080
-18447 27083
-18444 27085
-18441 27087
-18439 27088
-18437 27090
-18434 27092
-18431 27091
-18430 27093
-18427 27095
-18425 27096
-18423 27097
-18420 27100
-18417 27102
-18414 27104
-18412 27105
-18410 27106
-18407 27109
-18404 27111
-18401 27113
-18399 27114
-18397 27115
-18394 27118
-18391 27120
-18388 27122
-18386 27123
-18384 27124
-18381 27127
-18377 27129
-18374 27131
-18372 27132
-18371 27133
-18368 27136
-18364 27138
-18361 27140
-18359 27141
-18358 27142
-18355 27145
-18351 27147
-18348 27149
-18346 27150
-18344 27151
-18341 27154
-18338 27156
-18335 27158
-18333 27159
-18331 27160
-18328 27163
-18326 27163
-18324 27165
-18321 27167
-18319 27168
-18318 27169
-18315 27172
-18311 27174
-18308 27176
-18306 27177
-18305 27178
-18302 27181
-18298 27183
-18295 27185
-18293 27186
-18291 27187
-18288 27190
-18285 27192
-18282 27194
-18280 27195
-18278 27196
-18275 27199
-18271 27201
-18268 27203
-18266 27204
-18265 27205
-18262 27208
-18258 27210
-18255 27212
-18253 27213
-18252 27214
-18249 27217
-18245 27219
-18242 27221
-18240 27222
-18238 27223
-18235 27226
-18232 27228
-18229 27230
-18227 27231
-18225 27232
-18222 27235
-18218 27236
-18215 27238
-18213 27239
-18211 27240
-18208 27243
-18205 27245
-18202 27247
-18200 27248
-18198 27249
-18195 27252
-18191 27254
-18188 27256
-18186 27257
-18185 27258
-18182 27261
-18178 27263
-18175 27265
-18173 27266
-18172 27267
-18169 27270
-18165 27271
-18162 27274
-18160 27274
-18158 27276
-18155 27278
-18152 27280
-18149 27283
-18147 27283
-18145 27285
-18142 27287
-18138 27289
-18135 27292
-18133 27292
-18132 27294
-18129 27296
-18125 27298
-18122 27301
-18120 27301
-18119 27303
-18116 27305
-18113 27305
-18111 27307
-18108 27309
-18106 27310
-18105 27311
-18102 27314
-18098 27316
-18095 27318
-18093 27319
-18092 27320
-18089 27323
-18085 27325
-18082 27327
-18080 27328
-18078 27329
-18075 27332
-18072 27334
-18069 27336
-18067 27337
-18065 27338
-18062 27341
-18058 27342
-18055 27345
-18053 27345
-18052 27347
-18049 27349
-18045 27351
-18042 27354
-18040 27354
-18039 27356
-18036 27358
-18032 27360
-18029 27363
-18027 27363
-18025 27365
-18022 27367
-18019 27369
-18016 27372
-18014 27372
-18012 27374
-18009 27376
-18006 27375
-18004 27377
-18001 27379
-17999 27380
-17998 27381
-17995 27384
-17991 27386
-17988 27388
-17986 27389
-17985 27390
-17982 27393
-17978 27395
-17975 27397
-17973 27398
-17971 27399
-17968 27402
-17965 27404
-17962 27406
-17960 27407
-17958 27408
-17955 27411
-17951 27412
-17948 27415
-17946 27415
-17944 27417
-17941 27419
-17938 27421
-17935 27424
-17933 27424
-17931 27426
-17928 27428
-17924 27430
-17921 27433
-17919 27433
-17918 27435
-17915 27437
-17911 27439
-17908 27442
-17906 27442
-17905 27444
-17902 27446
-17899 27446
-17897 27447
-17894 27450
-17892 27450
-17891 27452
-17888 27454
-17884 27456
-17881 27459
-17879 27459
-17878 27461
-17875 27463
-17871 27465
-17868 27467
-17866 27468
-17864 27469
-17861 27472
-17858 27474
-17855 27476
-17853 27477
-17851 27478
-17848 27481
-17844 27482
-17841 27485
-17839 27485
-17837 27487
-17834 27489
-17831 27491
-17828 27494
-17826 27494
-17824 27496
-17821 27498
-17817 27500
-17814 27502
-17812 27503
-17811 27504
-17808 27507
-17804 27509
-17801 27511
-17799 27512
-17798 27513
-17795 27516
-17790 27517
-17787 27520
-17785 27520
-17784 27522
-17781 27524
-17777 27526
-17774 27529
-17772 27529
-17771 27531
-17768 27533
-17764 27535
-17761 27537
-17759 27538
-17757 27539
-17754 27542
-17751 27544
-17748 27546
-17746 27547
-17744 27548
-17741 27551
-17737 27552
-17734 27555
-17732 27555
-17730 27557
-17727 27559
-17724 27561
-17721 27564
-17719 27564
-17717 27566
-17714 27568
-17710 27570
-17707 27572
-17705 27573
-17704 27574
-17701 27577
-17697 27579
-17694 27581
-17692 27582
-17691 27583
-17688 27586
-17684 27585
-17683 27587
-17680 27589
-17678 27590
-17676 27591
-17673 27594
-17670 27596
-17667 27598
-17665 27599
-17663 27600
-17660 27603
-17656 27604
-17653 27607
-17651 27607
-17650 27609
-17647 27611
-17643 27613
-17640 27616
-17638 27616
-17637 27618
-17634 27620
-17629 27621
-17626 27624
-17624 27624
-17623 27626
-17620 27628
-17616 27630
-17613 27633
-17611 27633
-17610 27635
-17607 27637
-17603 27639
-17600 27641
-17598 27642
-17596 27643
-17591 27644
-17588 27647
-17586 27647
-17584 27649
-17581 27651
-17577 27653
-17574 27655
-17572 27656
-17571 27657
-17568 27660
-17564 27662
-17561 27664
-17559 27665
-17557 27666
-17554 27669
-17550 27670
-17547 27672
-17545 27673
-17544 27674
-17541 27677
-17537 27679
-17534 27681
-17532 27682
-17530 27683
-17527 27686
-17523 27687
-17520 27690
-17518 27690
-17517 27692
-17514 27694
-17510 27696
-17507 27699
-17505 27699
-17503 27701
-17500 27703
-17498 27702
-17496 27704
-17493 27706
-17491 27707
-17490 27708
-17487 27711
-17483 27713
-17480 27715
-17478 27716
-17476 27717
-17473 27720
-17469 27721
-17466 27724
-17464 27724
-17463 27726
-17460 27728
-17456 27730
-17453 27733
-17451 27733
-17449 27735
-17446 27737
-17442 27738
-17439 27741
-17437 27741
-17436 27743
-17433 27745
-17429 27747
-17426 27750
-17424 27750
-17422 27752
-17419 27754
-17415 27756
-17412 27758
-17410 27759
-17409 27760
-17406 27763
-17402 27764
-17399 27767
-17397 27767
-17395 27769
-17392 27771
-17388 27772
-17385 27775
-17383 27775
-17381 27777
-17378 27779
-17374 27781
-17371 27783
-17369 27784
-17368 27785
-17365 27788
-17361 27789
-17358 27792
-17356 27792
-17354 27794
-17351 27796
-17347 27798
-17344 27800
-17342 27801
-17341 27802
-17338 27805
-17334 27806
-17331 27809
-17329 27809
-17327 27811
-17324 27813
-17320 27815
-17317 27817
-17315 27818
-17314 27819
-17311 27822
-17307 27823
-17304 27826
-17302 27826
-17300 27828
-17297 27830
-17293 27832
-17290 27834
-17288 27835
-17287 27836
-17284 27839
-17281 27839
-17279 27840
-17276 27843
-17274 27843
-17273 27845
-17270 27847
-17266 27849
-17263 27851
-17261 27852
-17259 27853
-17256 27856
-17252 27857
-17249 27860
-17247 27860
-17246 27862
-17243 27864
-17239 27866
-17236 27868
-17234 27869
-17232 27870
-17229 27873
-17225 27874
-17222 27877
-17220 27877
-17219 27879
-17216 27881
-17212 27883
-17209 27885
-17207 27886
-17205 27887
-17202 27890
-17198 27891
-17195 27894
-17193 27894
-17192 27896
-17189 27898
-17185 27900
-17182 27902
-17180 27903
-17178 27904
-17175 27907
-17172 27906
-17170 27907
-17167 27910
-17165 27910
-17164 27912
-17161 27914
-17157 27916
-17154 27918
-17152 27919
-17150 27920
-17147 27923
-17143 27924
-17140 27927
-17138 27927
-17137 27929
-17134 27931
-17130 27933
-17127 27935
-17125 27936
-17123 27937
-17120 27940
-17116 27941
-17113 27943
-17111 27944
-17109 27945
-17106 27948
-17102 27949
-17099 27952
-17097 27952
-17096 27954
-17093 27956
-17089 27958
-17086 27960
-17084 27961
-17082 27962
-17079 27965
-17075 27966
-17072 27969
-17070 27969
-17069 27971
-17066 27973
-17063 27973
-17061 27974
-17058 27977
-17056 27977
-17055 27979
-17052 27981
-17048 27983
-17045 27985
-17043 27986
-17041 27987
-17038 27990
-17034 27991
-17031 27994
-17029 27994
-17028 27996
-17025 27998
-17021 28000
-17018 28002
-17016 28003
-17014 28004
-17011 28007
-17007 28008
-17004 28010
-17002 28011
-17000 28012
-16997 28015
-16993 28016
-16990 28019
-16988 28019
-16987 28021
-16984 28023
-16980 28025
-16977 28027
-16975 28028
-16973 28029
-16970 28032
-16966 28033
-16963 28036
-16961 28036
-16960 28038
-16957 28040
-16951 28040
-16948 28043
-16946 28043
-16945 28045
-16942 28047
-16938 28049
-16935 28051
-16933 28052
-16931 28053
-16928 28056
-16924 28057
-16921 28060
-16919 28060
-16918 28062
-16915 28064
-16911 28066
-16908 28068
-16906 28069
-16904 28070
-16901 28073
-16897 28074
-16894 28076
-16892 28077
-16890 28078
-16887 28081
-16883 28082
-16880 28085
-16878 28085
-16877 28087
-16874 28089
-16870 28090
-16867 28093
-16865 28093
-16863 28095
-16860 28097
-16856 28099
-16853 28101
-16851 28102
-16850 28103
-16847 28106
-16843 28105
-16842 28107
-16839 28109
-16837 28110
-16835 28111
-16832 28114
-16828 28115
-16825 28118
-16823 28118
-16822 28120
-16819 28122
-16815 28123
-16812 28126
-16810 28126
-16808 28128
-16805 28130
-16801 28132
-16798 28134
-16796 28135
-16795 28136
-16792 28139
-16787 28140
-16784 28142
-16782 28143
-16781 28144
-16778 28147
-16774 28148
-16771 28151
-16769 28151
-16767 28153
-16764 28155
-16760 28156
-16757 28159
-16755 28159
-16754 28161
-16751 28163
-16747 28165
-16744 28167
-16742 28168
-16740 28169
-16737 28172
-16734 28170
-16732 28171
-16729 28174
-16727 28174
-16726 28176
-16723 28178
-16719 28180
-16716 28182
-16714 28183
-16712 28184
-16709 28187
-16705 28188
-16702 28190
-16700 28191
-16698 28192
-16695 28195
-16691 28196
-16688 28199
-16686 28199
-16685 28201
-16682 28203
-16677 28204
-16674 28207
-16672 28207
-16671 28209
-16668 28211
-16664 28213
-16661 28215
-16659 28216
-16657 28217
-16654 28220
-16650 28221
-16647 28223
-16645 28224
-16643 28225
-16640 28228
-16636 28229
-16633 28232
-16631 28232
-16630 28234
-16627 28236
-16624 28235
-16622 28237
-16619 28239
-16617 28240
-16616 28241
-16613 28244
-16609 28245
-16606 28248
-16604 28248
-16602 28250
-16599 28252
-16595 28253
-16592 28256
-16590 28256
-16588 28258
-16585 28260
-16581 28262
-16578 28264
-16576 28265
-16575 28266
-16572 28269
-16567 28269
-16564 28272
-16562 28272
-16561 28274
-16558 28276
-16554 28278
-16551 28280
-16549 28281
-16547 28282
-16544 28285
-16540 28286
-16537 28288
-16535 28289
-16533 28290
-16530 28293
-16526 28294
-16523 28297
-16521 28297
-16520 28299
-16517 28301
-16511 28301
-16508 28304
-16506 28304
-16505 28306
-16502 28308
-16498 28310
-16495 28312
-16493 28313
-16491 28314
-16488 28317
-16484 28318
-16481 28320
-16479 28321
-16477 28322
-16474 28325
-16470 28326
-16467 28329
-16465 28329
-16464 28331
-16461 28333
-16456 28334
-16453 28336
-16451 28337
-16450 28338
-16447 28341
-16443 28342
-16440 28345
-16438 28345
-16436 28347
-16433 28349
-16429 28350
-16426 28353
-16424 28353
-16422 28355
-16419 28357
-16415 28359
-16412 28361
-16410 28362
-16409 28363
-16406 28366
-16402 28365
-16401 28366
-16398 28369
-16396 28369
-16394 28371
-16391 28373
-16387 28375
-16384 28378
-16382 28378
-16381 28379
-16378 28381
-16373 28383
-16370 28385
-16368 28386
-16367 28387
-16364 28389
-16360 28391
-16357 28393
-16355 28394
-16353 28395
-16350 28397
-16346 28399
-16343 28401
-16341 28402
-16339 28403
-16336 28405
-16332 28407
-16329 28409
-16327 28410
-16326 28411
-16323 28413
-16318 28415
-16315 28417
-16313 28418
-16312 28419
-16309 28421
-16305 28423
-16302 28425
-16300 28426
-16298 28427
-16295 28429
-16291 28429
-16290 28430
-16287 28432
-16285 28433
-16283 28434
-16280 28436
-16276 28438
-16273 28440
-16271 28441
-16270 28442
-16267 28444
-16262 28446
-16259 28448
-16257 28449
-16256 28450
-16253 28452
-16249 28454
-16246 28456
-16244 28457
-16242 28458
-16239 28460
-16234 28462
-16231 28464
-16229 28465
-16228 28466
-16225 28468
-16221 28470
-16218 28472
-16216 28473
-16214 28474
-16211 28476
-16207 28478
-16204 28480
-16202 28481
-16200 28482
-16197 28484
-16193 28486
-16190 28488
-16188 28489
-16187 28490
-16184 28492
-16180 28493
-16179 28494
-16176 28496
-16174 28497
-16172 28498
-16169 28500
-16165 28502
-16162 28504
-16160 28505
-16159 28506
-16156 28508
-16151 28510
-16148 28512
-16146 28513
-16145 28514
-16142 28516
-16138 28518
-16135 28520
-16133 28521
-16131 28522
-16128 28524
-16123 28526
-16120 28528
-16118 28529
-16117 28530
-16114 28532
-16110 28534
-16107 28536
-16105 28537
-16103 28538
-16100 28540
-16096 28542
-16093 28544
-16091 28545
-16089 28546
-16086 28548
-16082 28550
-16079 28552
-16077 28553
-16076 28554
-16073 28556
-16067 28557
-16064 28559
-16062 28560
-16061 28561
-16058 28563
-16054 28565
-16051 28567
-16049 28568
-16047 28569
-16044 28571
-16040 28573
-16037 28575
-16035 28576
-16033 28577
-16030 28579
-16026 28581
-16023 28583
-16021 28584
-16020 28585
-16017 28587
-16012 28589
-16009 28591
-16007 28592
-16005 28593
-16002 28595
-15998 28597
-15995 28599
-15993 28600
-15992 28601
-15989 28603
-15984 28605
-15981 28607
-15979 28608
-15978 28609
-15975 28611
-15971 28613
-15968 28615
-15966 28616
-15964 28617
-15961 28619
-15957 28619
-15956 28620
-15953 28622
-15951 28623
-15949 28624
-15946 28626
-15942 28628
-15939 28630
-15937 28631
-15936 28632
-15933 28634
-15928 28636
-15925 28638
-15923 28639
-15922 28640
-15919 28642
-15915 28644
-15912 28646
-15910 28647
-15908 28648
-15905 28650
-15900 28651
-15897 28653
-15895 28654
-15894 28655
-15891 28657
-15887 28659
-15884 28661
-15882 28662
-15880 28663
-15877 28665
-15873 28667
-15870 28669
-15868 28670
-15867 28671
-15863 28673
-15859 28675
-15856 28677
-15854 28678
-15852 28679
-15849 28681
-15846 28680
-15845 28681
-15841 28683
-15839 28684
-15838 28685
-15834 28687
-15831 28689
-15827 28691
-15825 28692
-15824 28693
-15820 28695
-15817 28696
-15813 28698
-15811 28699
-15810 28700
-15806 28702
-15803 28704
-15799 28706
-15797 28707
-15796 28708
-15792 28710
-15789 28712
-15785 28714
-15783 28715
-15782 28716
-15778 28718
-15775 28720
-15771 28722
-15769 28723
-15768 28724
-15764 28726
-15761 28727
-15757 28729
-15755 28730
-15754 28731
-15750 28733
-15747 28735
-15743 28737
-15741 28738
-15740 28739
-15736 28741
-15734 28741
-15733 28742
-15729 28744
-15727 28745
-15726 28746
-15722 28748
-15719 28750
-15715 28752
-15713 28753
-15712 28754
-15708 28756
-15705 28758
-15701 28760
-15699 28761
-15698 28762
-15694 28764
-15691 28766
-15687 28768
-15685 28769
-15684 28770
-15680 28772
-15677 28773
-15673 28775
-15671 28776
-15670 28777
-15666 28779
-15663 28781
-15659 28783
-15657 28784
-15656 28785
-15652 28787
-15649 28789
-15645 28791
-15643 28792
-15642 28793
-15638 28795
-15635 28797
-15631 28799
-15629 28800
-15628 28801
-15624 28803
-15620 28804
-15617 28806
-15615 28807
-15613 28808
-15610 28810
-15606 28812
-15603 28814
-15601 28815
-15599 28816
-15596 28818
-15592 28819
-15589 28821
-15587 28822
-15585 28823
-15582 28825
-15578 28827
-15575 28829
-15573 28830
-15571 28831
-15568 28833
-15564 28834
-15561 28836
-15559 28837
-15557 28838
-15554 28840
-15550 28842
-15547 28844
-15545 28845
-15543 28846
-15540 28848
-15536 28850
-15533 28852
-15531 28853
-15529 28854
-15526 28856
-15522 28858
-15519 28860
-15517 28861
-15515 28862
-15512 28864
-15509 28864
-15508 28865
-15504 28867
-15502 28868
-15501 28869
-15497 28871
-15494 28873
-15490 28875
-15488 28876
-15487 28877
-15483 28879
-15480 28880
-15476 28882
-15474 28883
-15473 28884
-15469 28886
-15466 28888
-15462 28890
-15460 28891
-15459 28892
-15455 28894
-15452 28895
-15448 28897
-15446 28898
-15445 28899
-15441 28901
-15438 28903
-15434 28905
-15432 28906
-15431 28907
-15427 28909
-15424 28911
-15420 28913
-15418 28914
-15417 28915
-15413 28917
-15410 28919
-15406 28921
-15404 28922
-15403 28923
-15399 28925
-15396 28924
-15395 28925
-15391 28927
-15389 28928
-15388 28929
-15384 28931
-15381 28933
-15377 28935
-15375 28936
-15374 28937
-15370 28939
-15367 28941
-15363 28943
-15361 28944
-15360 28945
-15356 28947
-15353 28948
-15349 28950
-15347 28951
-15346 28952
-15342 28954
-15338 28955
-15335 28957
-15333 28958
-15331 28959
-15328 28961
-15324 28963
-15321 28965
-15319 28966
-15317 28967
-15314 28969
-15310 28970
-15307 28972
-15305 28973
-15303 28974
-15300 28976
-15296 28978
-15293 28980
-15291 28981
-15289 28982
-15286 28984
-15283 28984
-15282 28985
-15278 28987
-15276 28988
-15275 28989
-15271 28991
-15268 28993
-15264 28995
-15262 28996
-15261 28997
-15257 28999
-15254 29000
-15250 29002
-15248 29003
-15247 29004
-15243 29006
-15240 29008
-15236 29010
-15234 29011
-15233 29012
-15229 29014
-15225 29015
-15222 29017
-15220 29018
-15218 29019
-15215 29021
-15211 29023
-15208 29025
-15206 29026
-15204 29027
-15201 29029
-15197 29030
-15194 29032
-15192 29033
-15190 29034
-15187 29036
-15183 29038
-15180 29040
-15178 29041
-15176 29042
-15173 29044
-15169 29045
-15165 29047
-15163 29048
-15162 29049
-15158 29051
-15155 29052
-15151 29054
-15149 29055
-15148 29056
-15144 29058
-15141 29060
-15137 29062
-15135 29063
-15134 29064
-15130 29066
-15127 29067
-15123 29069
-15121 29070
-15120 29071
-15116 29073
-15112 29075
-15109 29077
-15107 29078
-15105 29079
-15102 29081
-15098 29082
-15095 29084
-15093 29085
-15091 29086
-15088 29088
-15084 29090
-15081 29092
-15079 29093
-15077 29094
-15074 29096
-15070 29097
-15067 29099
-15065 29100
-15063 29101
-15060 29103
-15057 29103
-15055 29104
-15052 29106
-15050 29107
-15048 29108
-15045 29110
-15041 29112
-15038 29114
-15036 29115
-15034 29116
-15031 29118
-15027 29119
-15024 29121
-15022 29122
-15020 29123
-15017 29125
-15013 29127
-15010 29129
-15008 29130
-15006 29131
-15003 29133
-14999 29134
-14995 29136
-14993 29137
-14992 29138
-14988 29140
-14985 29141
-14981 29143
-14979 29144
-14978 29145
-14974 29147
-14971 29149
-14967 29151
-14965 29152
-14964 29153
-14960 29155
-14957 29156
-14953 29158
-14951 29159
-14950 29160
-14946 29162
-14942 29161
-14941 29162
-14937 29164
-14935 29165
-14934 29166
-14930 29168
-14927 29169
-14923 29171
-14921 29172
-14920 29173
-14916 29175
-14913 29177
-14909 29179
-14907 29180
-14906 29181
-14902 29183
-14899 29184
-14895 29186
-14893 29187
-14892 29188
-14888 29190
-14884 29191
-14881 29193
-14879 29194
-14877 29195
-14874 29197
-14870 29199
-14867 29201
-14865 29202
-14863 29203
-14860 29205
-14856 29206
-14852 29208
-14850 29209
-14849 29210
-14845 29212
-14842 29214
-14838 29216
-14836 29217
-14835 29218
-14831 29220
-14829 29219
-14827 29220
-14824 29222
-14822 29223
-14820 29224
-14817 29226
-14813 29228
-14810 29230
-14808 29231
-14806 29232
-14803 29234
-14799 29235
-14795 29237
-14793 29238
-14792 29239
-14788 29241
-14785 29242
-14781 29244
-14779 29245
-14778 29246
-14774 29248
-14770 29249
-14767 29251
-14765 29252
-14763 29253
-14760 29255
-14756 29257
-14753 29259
-14751 29260
-14749 29261
-14746 29263
-14742 29264
-14738 29266
-14736 29267
-14735 29268
-14731 29270
-14728 29271
-14724 29273
-14722 29274
-14721 29275
-14717 29277
-14713 29278
-14709 29280
-14707 29281
-14706 29282
-14702 29284
-14699 29285
-14695 29287
-14693 29288
-14692 29289
-14688 29291
-14684 29292
-14681 29294
-14679 29295
-14677 29296
-14674 29298
-14670 29300
-14667 29302
-14665 29303
-14663 29304
-14660 29306
-14656 29307
-14652 29309
-14650 29310
-14649 29311
-14645 29313
-14642 29314
-14638 29316
-14636 29317
-14635 29318
-14631 29320
-14627 29321
-14624 29323
-14622 29324
-14620 29325
-14617 29327
-14613 29329
-14610 29331
-14608 29332
-14606 29333
-14603 29335
-14600 29334
-14598 29335
-14595 29337
-14593 29338
-14591 29339
-14588 29341
-14584 29343
-14581 29345
-14579 29346
-14577 29347
-14574 29349
-14570 29350
-14566 29352
-14564 29353
-14563 29354
-14559 29356
-14556 29357
-14552 29359
-14550 29360
-14549 29361
-14545 29363
-14541 29364
-14538 29366
-14536 29367
-14534 29368
-14531 29370
-14527 29371
-14524 29373
-14522 29374
-14520 29375
-14517 29377
-14513 29378
-14509 29380
-14507 29381
-14506 29382
-14502 29384
-14499 29386
-14495 29388
-14493 29389
-14492 29390
-14488 29392
-14485 29391
-14484 29392
-14480 29394
-14478 29395
-14477 29396
-14473 29398
-14470 29399
-14466 29401
-14464 29402
-14463 29403
-14459 29405
-14455 29406
-14452 29408
-14450 29409
-14448 29410
-14445 29412
-14441 29414
-14438 29416
-14436 29417
-14434 29418
-14431 29420
-14427 29420
-14423 29422
-14421 29423
-14420 29424
-14416 29426
-14413 29428
-14409 29430
-14407 29431
-14406 29432
-14402 29434
-14398 29435
-14395 29437
-14393 29438
-14391 29439
-14388 29441
-14384 29442
-14381 29444
-14379 29445
-14377 29446
-14374 29448
-14370 29447
-14369 29448
-14365 29450
-14363 29451
-14362 29452
-14358 29454
-14355 29456
-14351 29458
-14349 29459
-14348 29460
-14344 29462
-14340 29463
-14337 29465
-14335 29466
-14333 29467
-14330 29469
-14326 29470
-14323 29472
-14321 29473
-14319 29474
-14316 29476
-14311 29477
-14308 29479
-14306 29480
-14304 29481
-14301 29483
-14297 29484
-14294 29486
-14292 29487
-14290 29488
-14287 29490
-14283 29491
-14279 29493
-14277 29494
-14276 29495
-14272 29497
-14269 29498
-14265 29500
-14263 29501
-14262 29502
-14258 29504
-14253 29505
-14250 29507
-14248 29507
-14246 29508
-14243 29510
-14239 29512
-14236 29514
-14234 29514
-14232 29515
-14229 29517
-14225 29519
-14221 29521
-14219 29521
-14218 29522
-14214 29524
-14211 29526
-14207 29528
-14205 29528
-14204 29529
-14200 29531
-14196 29533
-14192 29535
-14190 29535
-14189 29536
-14185 29538
-14182 29540
-14178 29542
-14176 29542
-14175 29543
-14171 29545
-14167 29547
-14164 29549
-14162 29549
-14160 29550
-14157 29552
-14153 29554
-14150 29556
-14148 29556
-14146 29557
-14143 29559
-14140 29559
-14138 29560
-14135 29562
-14133 29563
-14131 29564
-14128 29566
-14124 29567
-14121 29569
-14119 29570
-14117 29571
-14114 29573
-14110 29574
-14106 29576
-14104 29577
-14103 29578
-14099 29580
-14096 29581
-14092 29583
-14090 29584
-14089 29585
-14085 29587
-14081 29588
-14077 29590
-14075 29591
-14074 29592
-14070 29594
-14067 29595
-14063 29597
-14061 29598
-14060 29599
-14056 29601
-14052 29602
-14049 29604
-14047 29605
-14045 29606
-14042 29608
-14038 29609
-14035 29611
-14033 29612
-14031 29613
-14026 29612
-14022 29614
-14020 29615
-14019 29616
-14015 29618
-14012 29619
-14008 29621
-14006 29622
-14005 29623
-14001 29625
-13997 29626
-13994 29628
-13992 29629
-13990 29630
-13987 29632
-13983 29633
-13980 29635
-13978 29636
-13976 29637
-13973 29639
-13968 29640
-13965 29642
-13963 29642
-13961 29643
-13958 29645
-13954 29647
-13951 29649
-13949 29649
-13947 29650
-13944 29652
-13940 29654
-13936 29656
-13934 29656
-13933 29657
-13929 29659
-13926 29661
-13922 29663
-13920 29663
-13919 29664
-13915 29666
-13912 29666
-13910 29667
-13907 29669
-13905 29669
-13903 29670
-13900 29672
-13896 29674
-13893 29676
-13891 29676
-13889 29677
-13886 29679
-13882 29681
-13878 29683
-13876 29683
-13875 29684
-13871 29686
-13868 29688
-13864 29690
-13862 29690
-13861 29691
-13857 29693
-13853 29694
-13850 29696
-13848 29697
-13846 29698
-13843 29700
-13839 29701
-13835 29703
-13833 29704
-13832 29705
-13828 29707
-13824 29708
-13821 29710
-13819 29711
-13817 29712
-13814 29714
-13810 29715
-13806 29717
-13804 29718
-13803 29719
-13799 29721
-13795 29721
-13791 29723
-13789 29724
-13788 29725
-13784 29727
-13780 29728
-13777 29730
-13775 29731
-13773 29732
-13770 29734
-13766 29735
-13762 29737
-13760 29737
-13759 29738
-13755 29740
-13751 29742
-13748 29744
-13746 29744
-13744 29745
-13741 29747
-13737 29748
-13733 29750
-13731 29751
-13730 29752
-13726 29754
-13722 29755
-13719 29757
-13717 29758
-13715 29759
-13712 29761
-13708 29762
-13704 29764
-13702 29764
-13701 29765
-13697 29767
-13693 29769
-13690 29771
-13688 29771
-13686 29772
-13683 29774
-13680 29774
-13679 29775
-13675 29777
-13673 29777
-13672 29778
-13668 29780
-13664 29782
-13661 29784
-13659 29784
-13657 29785
-13654 29787
-13650 29788
-13646 29790
-13644 29791
-13643 29792
-13639 29794
-13635 29795
-13632 29797
-13630 29798
-13628 29799
-13625 29801
-13621 29802
-13617 29804
-13615 29804
-13614 29805
-13610 29807
-13606 29809
-13603 29811
-13601 29811
-13599 29812
-13596 29814
-13592 29815
-13588 29817
-13586 29818
-13585 29819
-13581 29821
-13577 29822
-13574 29824
-13572 29825
-13570 29826
-13567 29828
-13563 29827
-13562 29828
-13558 29830
-13556 29830
-13555 29831
-13551 29833
-13547 29835
-13544 29837
-13542 29837
-13540 29838
-13537 29840
-13533 29841
-13529 29843
-13527 29844
-13526 29845
-13522 29847
-13518 29848
-13515 29850
-13513 29851
-13511 29852
-13508 29854
-13504 29854
-13500 29856
-13498 29857
-13497 29858
-13493 29860
-13489 29861
-13486 29863
-13484 29864
-13482 29865
-13479 29867
-13475 29868
-13471 29870
-13469 29870
-13468 29871
-13464 29873
-13460 29875
-13457 29877
-13455 29877
-13453 29878
-13450 29880
-13447 29880
-13445 29881
-13442 29883
-13440 29883
-13438 29884
-13435 29886
-13431 29888
-13427 29890
-13425 29890
-13424 29891
-13420 29893
-13416 29894
-13413 29896
-13411 29897
-13409 29898
-13406 29900
-13402 29901
-13398 29903
-13396 29904
-13395 29905
-13391 29907
-13387 29907
-13384 29909
-13382 29910
-13380 29911
-13377 29913
-13373 29914
-13369 29916
-13367 29917
-13366 29918
-13362 29920
-13358 29921
-13355 29923
-13353 29923
-13351 29924
-13348 29926
-13344 29928
-13340 29930
-13338 29930
-13337 29931
-13333 29933
-13329 29933
-13325 29935
-13323 29936
-13322 29937
-13318 29939
-13314 29940
-13311 29942
-13309 29943
-13307 29944
-13304 29946
-13300 29946
-13296 29948
-13294 29949
-13293 29950
-13289 29952
-13285 29953
-13282 29955
-13280 29955
-13278 29956
-13275 29958
-13270 29959
-13267 29961
-13265 29962
-13263 29963
-13260 29965
-13256 29966
-13252 29968
-13250 29968
-13249 29969
-13245 29971
-13241 29972
-13238 29974
-13236 29975
-13234 29976
-13231 29978
-13227 29979
-13223 29981
-13221 29981
-13220 29982
-13216 29984
-13213 29984
-13212 29985
-13208 29987
-13206 29988
-13205 29989
-13201 29991
-13197 29992
-13194 29994
-13192 29994
-13190 29995
-13187 29997
-13183 29998
-13179 30000
-13177 30001
-13176 30002
-13172 30004
-13168 30005
-13165 30007
-13163 30007
-13161 30008
-13158 30010
-13153 30011
-13150 30013
-13148 30014
-13146 30015
-13143 30017
-13139 30018
-13135 30020
-13133 30020
-13132 30021
-13128 30023
-13124 30024
-13121 30026
-13119 30027
-13117 30028
-13114 30030
-13110 30031
-13106 30033
-13104 30033
-13103 30034
-13099 30036
-13096 30035
-13094 30036
-13091 30038
-13089 30039
-13087 30040
-13084 30042
-13080 30043
-13076 30045
-13074 30045
-13073 30046
-13069 30048
-13065 30049
-13062 30051
-13060 30052
-13058 30053
-13055 30055
-13051 30056
-13047 30058
-13045 30058
-13044 30059
-13040 30061
-13036 30062
-13032 30064
-13030 30064
-13029 30065
-13025 30067
-13021 30068
-13018 30070
-13016 30071
-13014 30072
-13011 30074
-13007 30075
-13003 30077
-13001 30077
-13000 30078
-12996 30080
-12992 30081
-12989 30083
-12987 30084
-12985 30085
-12982 30087
-12978 30086
-12977 30087
-12973 30089
-12971 30090
-12970 30091
-12966 30093
-12962 30094
-12959 30096
-12957 30096
-12955 30097
-12952 30099
-12948 30100
-12944 30102
-12942 30103
-12941 30104
-12937 30106
-12933 30107
-12930 30109
-12928 30109
-12926 30110
-12923 30112
-12918 30113
-12915 30115
-12913 30115
-12911 30116
-12908 30118
-12904 30119
-12900 30121
-12898 30122
-12897 30123
-12893 30125
-12889 30126
-12886 30128
-12884 30128
-12882 30129
-12879 30131
-12875 30132
-12871 30134
-12869 30135
-12868 30136
-12864 30138
-12859 30137
-12856 30139
-12854 30140
-12852 30141
-12849 30143
-12845 30144
-12841 30146
-12839 30146
-12838 30147
-12834 30149
-12830 30150
-12827 30152
-12825 30153
-12823 30154
-12820 30156
-12816 30157
-12812 30159
-12810 30159
-12809 30160
-12805 30162
-12801 30163
-12797 30165
-12795 30166
-12794 30167
-12790 30169
-12786 30170
-12783 30172
-12781 30172
-12779 30173
-12776 30175
-12772 30176
-12768 30178
-12766 30178
-12765 30179
-12761 30181
-12757 30182
-12754 30184
-12752 30185
-12750 30186
-12747 30188
-12743 30187
-12742 30188
-12738 30190
-12736 30190
-12735 30191
-12731 30193
-12727 30194
-12724 30196
-12722 30197
-12720 30198
-12717 30200
-12713 30200
-12709 30202
-12707 30203
-12706 30204
-12702 30206
-12698 30207
-12695 30209
-12693 30209
-12691 30210
-12688 30212
-12683 30213
-12680 30215
-12678 30215
-12676 30216
-12673 30218
-12669 30219
-12665 30221
-12663 30222
-12662 30223
-12658 30225
-12654 30225
-12650 30227
-12648 30228
-12647 30229
-12643 30231
-12639 30232
-12636 30234
-12634 30234
-12632 30235
-12629 30237
-12625 30236
-12624 30237
-12620 30239
-12618 30240
-12617 30241
-12613 30243
-12609 30244
-12606 30246
-12604 30246
-12602 30247
-12599 30249
-12594 30250
-12591 30252
-12589 30252
-12587 30253
-12584 30255
-12580 30256
-12576 30258
-12574 30259
-12573 30260
-12569 30262
-12565 30262
-12561 30264
-12559 30265
-12558 30266
-12554 30268
-12550 30269
-12547 30271
-12545 30271
-12543 30272
-12540 30274
-12535 30275
-12532 30277
-12530 30277
-12528 30278
-12525 30280
-12521 30281
-12517 30283
-12515 30284
-12514 30285
-12510 30287
-12507 30285
-12506 30286
-12502 30288
-12500 30289
-12499 30290
-12495 30292
-12491 30293
-12488 30295
-12486 30295
-12484 30296
-12481 30298
-12476 30299
-12473 30301
-12471 30301
-12469 30302
-12466 30304
-12462 30305
-12458 30307
-12456 30308
-12455 30309
-12451 30311
-12447 30311
-12443 30313
-12441 30313
-12440 30314
-12436 30316
-12432 30317
-12429 30319
-12427 30320
-12425 30321
-12422 30323
-12417 30323
-12414 30325
-12412 30326
-12410 30327
-12407 30329
-12403 30330
-12399 30332
-12397 30332
-12396 30333
-12392 30335
-12387 30335
-12384 30337
-12382 30337
-12380 30338
-12377 30340
-12373 30341
-12369 30343
-12367 30344
-12366 30345
-12362 30347
-12358 30347
-12354 30349
-12352 30350
-12351 30351
-12347 30353
-12343 30354
-12340 30356
-12338 30356
-12336 30357
-12333 30359
-12328 30359
-12325 30361
-12323 30362
-12321 30363
-12318 30365
-12314 30366
-12310 30368
-12308 30368
-12307 30369
-12303 30371
-12299 30372
-12295 30374
-12293 30375
-12292 30376
-12288 30378
-12284 30379
-12281 30380
-12279 30381
-12277 30382
-12274 30383
-12270 30383
-12269 30384
-12265 30386
-12263 30386
-12262 30387
-12258 30389
-12254 30390
-12251 30392
-12249 30392
-12247 30393
-12244 30395
-12239 30396
-12236 30398
-12234 30398
-12232 30399
-12229 30401
-12225 30402
-12221 30404
-12219 30404
-12218 30405
-12214 30407
-12210 30408
-12206 30410
-12204 30410
-12203 30411
-12199 30413
-12195 30414
-12192 30416
-12190 30416
-12188 30417
-12185 30419
-12180 30420
-12177 30422
-12175 30422
-12173 30423
-12170 30425
-12166 30426
-12162 30428
-12160 30428
-12159 30429
-12155 30431
-12151 30430
-12149 30431
-12146 30432
-12144 30433
-12142 30434
-12139 30435
-12135 30437
-12131 30438
-12129 30439
-12128 30440
-12124 30441
-12120 30443
-12116 30444
-12114 30445
-12113 30446
-12109 30447
-12105 30449
-12102 30450
-12100 30451
-12098 30452
-12095 30453
-12090 30455
-12087 30456
-12085 30457
-12083 30458
-12080 30459
-12076 30461
-12072 30462
-12070 30463
-12069 30464
-12065 30465
-12061 30467
-12057 30468
-12055 30469
-12054 30470
-12050 30471
-12046 30473
-12043 30474
-12041 30475
-12039 30476
-12036 30477
-12032 30478
-12031 30479
-12027 30480
-12025 30481
-12024 30482
-12020 30483
-12016 30485
-12013 30486
-12011 30487
-12009 30488
-12006 30489
-12001 30491
-11998 30492
-11996 30493
-11994 30494
-11991 30495
-11987 30497
-11983 30498
-11981 30499
-11980 30500
-11976 30501
-11971 30502
-11968 30504
-11966 30504
-11964 30505
-11961 30507
-11957 30508
-11953 30510
-11951 30510
-11950 30511
-11946 30513
-11942 30514
-11938 30516
-11936 30516
-11935 30517
-11931 30519
-11927 30520
-11924 30522
-11922 30522
-11920 30523
-11917 30525
-11912 30525
-11908 30527
-11906 30527
-11905 30528
-11901 30530
-11897 30531
-11894 30533
-11892 30533
-11890 30534
-11887 30536
-11882 30537
-11879 30539
-11877 30539
-11875 30540
-11872 30542
-11868 30543
-11864 30545
-11862 30545
-11861 30546
-11857 30548
-11852 30549
-11849 30550
-11847 30551
-11845 30552
-11842 30553
-11838 30555
-11834 30556
-11832 30557
-11831 30558
-11827 30559
-11823 30561
-11819 30562
-11817 30563
-11816 30564
-11812 30565
-11808 30567
-11805 30568
-11803 30569
-11801 30570
-11798 30571
-11794 30571
-11793 30572
-11789 30574
-11787 30574
-11786 30575
-11782 30577
-11778 30578
-11775 30580
-11773 30580
-11771 30581
-11768 30583
-11763 30584
-11760 30585
-11758 30586
-11756 30587
-11753 30588
-11749 30590
-11745 30591
-11743 30592
-11742 30593
-11738 30594
-11733 30595
-11730 30597
-11728 30597
-11726 30598
-11723 30600
-11719 30601
-11715 30603
-11713 30603
-11712 30604
-11708 30606
-11704 30607
-11700 30608
-11698 30609
-11697 30610
-11693 30611
-11689 30613
-11686 30614
-11684 30615
-11682 30616
-11679 30617
-11674 30616
-11673 30617
-11669 30619
-11667 30619
-11666 30620
-11662 30622
-11658 30623
-11655 30625
-11653 30625
-11651 30626
-11648 30628
-11643 30629
-11640 30630
-11638 30631
-11636 30632
-11633 30633
-11629 30635
-11625 30636
-11623 30637
-11622 30638
-11618 30639
-11613 30640
-11610 30642
-11608 30642
-11606 30643
-11603 30645
-11599 30646
-11595 30648
-11593 30648
-11592 30649
-11588 30651
-11584 30652
-11580 30653
-11578 30654
-11577 30655
-11573 30656
-11569 30658
-11566 30659
-11564 30660
-11562 30661
-11559 30662
-11555 30662
-11553 30663
-11550 30664
-11548 30665
-11546 30666
-11543 30667
-11539 30669
-11535 30670
-11533 30671
-11532 30672
-11528 30673
-11524 30674
-11520 30676
-11518 30676
-11517 30677
-11513 30679
-11509 30680
-11506 30682
-11504 30682
-11502 30683
-11499 30685
-11494 30685
-11490 30687
-11488 30687
-11487 30688
-11483 30690
-11479 30691
-11476 30693
-11474 30693
-11472 30694
-11469 30696
-11464 30697
-11461 30698
-11459 30699
-11457 30700
-11454 30701
-11450 30703
-11446 30704
-11444 30705
-11443 30706
-11439 30707
-11434 30707
-11430 30709
-11428 30709
-11427 30710
-11423 30712
-11419 30713
-11416 30715
-11414 30715
-11412 30716
-11409 30718
-11405 30719
-11401 30720
-11399 30721
-11397 30722
-11394 30723
-11390 30725
-11386 30726
-11384 30727
-11382 30728
-11379 30729
-11374 30730
-11371 30731
-11368 30732
-11367 30733
-11363 30734
-11359 30736
-11356 30737
-11353 30738
-11352 30739
-11348 30740
-11344 30741
-11341 30743
-11338 30743
-11337 30744
-11333 30746
-11329 30747
-11326 30749
-11323 30749
-11322 30750
-11318 30752
-11316 30751
-11314 30752
-11311 30754
-11308 30754
-11307 30755
-11303 30757
-11299 30758
-11296 30760
-11293 30760
-11292 30761
-11288 30763
-11284 30764
-11281 30765
-11278 30766
-11277 30767
-11273 30768
-11269 30770
-11266 30771
-11263 30772
-11262 30773
-11258 30774
-11254 30775
-11251 30776
-11248 30777
-11247 30778
-11243 30779
-11239 30780
-11236 30782
-11233 30782
-11232 30783
-11228 30785
-11224 30786
-11221 30787
-11218 30788
-11217 30789
-11213 30790
-11209 30791
-11206 30793
-11203 30793
-11202 30794
-11198 30796
-11195 30795
-11193 30796
-11190 30797
-11187 30798
-11186 30799
-11182 30800
-11178 30801
-11175 30803
-11172 30803
-11171 30804
-11167 30806
-11163 30807
-11160 30808
-11157 30809
-11156 30810
-11152 30811
-11148 30812
-11145 30814
-11142 30814
-11141 30815
-11137 30817
-11133 30818
-11130 30819
-11127 30820
-11126 30821
-11122 30822
-11118 30823
-11115 30825
-11112 30825
-11111 30826
-11107 30828
-11103 30829
-11100 30830
-11097 30831
-11096 30832
-11092 30833
-11088 30834
-11085 30836
-11082 30836
-11081 30837
-11077 30839
-11075 30838
-11073 30839
-11070 30841
-11067 30841
-11066 30842
-11062 30844
-11058 30845
-11055 30846
-11052 30847
-11051 30848
-11047 30849
-11043 30850
-11040 30852
-11037 30852
-11036 30853
-11032 30855
-11028 30856
-11025 30857
-11022 30858
-11021 30859
-11017 30860
-11013 30861
-11010 30863
-11007 30863
-11006 30864
-11002 30866
-10998 30867
-10995 30868
-10992 30869
-10991 30870
-10987 30871
-10983 30872
-10980 30874
-10977 30874
-10976 30875
-10972 30877
-10968 30878
-10965 30879
-10962 30880
-10961 30881
-10957 30882
-10953 30883
-10949 30884
-10947 30885
-10945 30886
-10942 30887
-10938 30888
-10934 30890
-10932 30890
-10930 30891
-10927 30893
-10923 30894
-10919 30895
-10917 30896
-10915 30897
-10912 30898
-10908 30899
-10904 30901
-10902 30901
-10900 30902
-10897 30904
-10893 30904
-10889 30906
-10887 30906
-10885 30907
-10882 30909
-10878 30910
-10874 30911
-10872 30912
-10870 30913
-10867 30914
-10863 30915
-10859 30917
-10857 30917
-10855 30918
-10852 30920
-10848 30921
-10844 30922
-10842 30923
-10840 30924
-10837 30925
-10834 30924
-10832 30925
-10829 30927
-10826 30927
-10825 30928
-10821 30930
-10817 30931
-10814 30932
-10811 30933
-10810 30934
-10806 30935
-10802 30936
-10799 30938
-10796 30938
-10795 30939
-10791 30941
-10787 30942
-10784 30943
-10781 30944
-10780 30945
-10776 30946
-10772 30947
-10769 30948
-10766 30949
-10765 30950
-10761 30951
-10757 30952
-10754 30954
-10751 30954
-10750 30955
-10746 30957
-10742 30957
-10739 30959
-10736 30959
-10735 30960
-10731 30962
-10727 30963
-10724 30964
-10721 30965
-10720 30966
-10716 30967
-10713 30966
-10711 30967
-10708 30969
-10705 30969
-10704 30970
-10700 30972
-10696 30973
-10693 30974
-10690 30975
-10689 30976
-10685 30977
-10681 30978
-10678 30979
-10675 30980
-10674 30981
-10670 30982
-10666 30983
-10663 30985
-10660 30985
-10659 30986
-10655 30988
-10651 30988
-10647 30990
-10645 30990
-10643 30991
-10640 30993
-10636 30994
-10632 30995
-10630 30996
-10628 30997
-10625 30998
-10621 30999
-10617 31000
-10615 31001
-10613 31002
-10610 31003
-10606 31004
-10602 31006
-10600 31006
-10598 31007
-10595 31009
-10592 31008
-10590 31009
-10587 31010
-10584 31011
-10583 31012
-10579 31013
-10575 31014
-10572 31016
-10569 31016
-10568 31017
-10564 31019
-10560 31019
-10557 31021
-10554 31021
-10553 31022
-10549 31024
-10545 31025
-10542 31026
-10539 31027
-10538 31028
-10534 31029
-10530 31030
-10526 31031
-10524 31032
-10522 31033
-10519 31034
-10515 31035
-10511 31037
-10509 31037
-10507 31038
-10504 31040
-10500 31040
-10496 31042
-10494 31042
-10492 31043
-10489 31045
-10485 31046
-10481 31047
-10479 31048
-10477 31049
-10474 31050
-10469 31050
-10465 31051
-10463 31052
-10461 31053
-10458 31054
-10454 31055
-10450 31057
-10448 31057
-10446 31058
-10443 31060
-10439 31060
-10435 31062
-10433 31062
-10431 31063
-10428 31065
-10424 31066
-10420 31067
-10418 31068
-10416 31069
-10413 31070
-10408 31070
-10405 31072
-10402 31072
-10401 31073
-10397 31075
-10393 31076
-10390 31077
-10387 31078
-10386 31079
-10382 31080
-10378 31081
-10375 31082
-10372 31083
-10371 31084
-10367 31085
-10363 31086
-10363 31085
-10360 31086
-10356 31087
-10352 31089
-10350 31089
-10348 31090
-10345 31092
-10341 31092
-10337 31094
-10335 31094
-10333 31095
-10330 31097
-10326 31098
-10322 31099
-10320 31100
-10318 31101
-10315 31102
-10310 31102
-10307 31104
-10304 31104
-10303 31105
-10299 31107
-10295 31108
-10292 31109
-10289 31110
-10288 31111
-10284 31112
-10280 31113
-10277 31114
-10274 31115
-10273 31116
-10269 31117
-10265 31118
-10262 31120
-10259 31120
-10258 31121
-10254 31123
-10249 31123
-10246 31124
-10243 31125
-10242 31126
-10238 31127
-10234 31128
-10231 31129
-10228 31129
-10227 31130
-10223 31132
-10219 31133
-10216 31134
-10213 31134
-10212 31135
-10208 31137
-10204 31138
-10201 31139
-10198 31139
-10197 31140
-10193 31142
-10189 31143
-10185 31144
-10183 31144
-10181 31145
-10178 31147
-10174 31148
-10170 31149
-10168 31149
-10166 31150
-10163 31152
-10159 31153
-10155 31154
-10153 31154
-10151 31155
-10148 31157
-10144 31158
-10140 31159
-10138 31159
-10136 31160
-10133 31162
-10129 31162
-10128 31163
-10124 31164
-10122 31164
-10120 31165
-10117 31167
-10113 31168
-10109 31169
-10107 31169
-10105 31170
-10102 31172
-10098 31173
-10094 31174
-10092 31174
-10090 31175
-10087 31177
-10083 31178
-10079 31179
-10077 31179
-10075 31180
-10072 31182
-10067 31183
-10064 31184
-10061 31184
-10060 31185
-10056 31187
-10052 31188
-10049 31189
-10046 31189
-10045 31190
-10041 31192
-10037 31193
-10034 31194
-10031 31194
-10030 31195
-10026 31197
-10022 31198
-10019 31199
-10016 31199
-10015 31200
-10011 31202
-10007 31201
-10005 31202
-10002 31203
-9999 31203
-9998 31204
-9994 31206
-9990 31207
-9987 31208
-9984 31208
-9983 31209
-9979 31211
-9975 31212
-9972 31213
-9969 31213
-9968 31214
-9964 31216
-9960 31217
-9957 31218
-9954 31218
-9953 31219
-9949 31221
-9945 31221
-9941 31223
-9939 31223
-9937 31224
-9934 31225
-9930 31226
-9926 31228
-9924 31228
-9922 31229
-9919 31230
-9915 31231
-9911 31233
-9909 31233
-9907 31234
-9904 31235
-9900 31236
-9896 31238
-9894 31238
-9892 31239
-9889 31240
-9885 31240
-9884 31241
-9880 31242
-9878 31242
-9876 31243
-9873 31245
-9869 31246
-9865 31247
-9863 31247
-9861 31248
-9858 31250
-9853 31251
-9850 31252
-9847 31252
-9846 31253
-9842 31255
-9838 31256
-9835 31257
-9832 31257
-9831 31258
-9827 31260
-9823 31260
-9819 31262
-9817 31262
-9815 31263
-9812 31264
-9808 31265
-9804 31267
-9802 31267
-9800 31268
-9797 31269
-9792 31270
-9789 31272
-9786 31272
-9785 31273
-9781 31274
-9777 31275
-9774 31277
-9771 31277
-9770 31278
-9766 31279
-9762 31279
-9758 31280
-9756 31280
-9754 31281
-9751 31283
-9747 31284
-9743 31285
-9741 31285
-9739 31286
-9736 31288
-9731 31289
-9728 31290
-9725 31290
-9724 31291
-9720 31293
-9716 31294
-9713 31295
-9710 31295
-9709 31296
-9705 31298
-9701 31298
-9697 31300
-9695 31300
-9693 31301
-9690 31302
-9686 31303
-9682 31305
-9680 31305
-9678 31306
-9675 31307
-9670 31308
-9667 31309
-9664 31309
-9663 31310
-9659 31312
-9655 31313
-9652 31314
-9649 31314
-9648 31315
-9644 31317
-9641 31316
-9640 31317
-9636 31319
-9634 31319
-9632 31320
-9629 31321
-9625 31322
-9621 31324
-9619 31324
-9617 31325
-9614 31326
-9609 31327
-9606 31328
-9603 31328
-9602 31329
-9598 31331
-9594 31332
-9591 31333
-9588 31333
-9587 31334
-9583 31336
-9579 31336
-9575 31338
-9573 31338
-9571 31339
-9568 31340
-9564 31341
-9560 31343
-9558 31343
-9556 31344
-9553 31345
-9548 31346
-9545 31347
-9542 31347
-9541 31348
-9537 31350
-9533 31351
-9530 31352
-9527 31352
-9526 31353
-9522 31355
-9519 31353
-9517 31354
-9514 31355
-9511 31355
-9510 31356
-9506 31358
-9502 31359
-9499 31360
-9496 31360
-9495 31361
-9491 31363
-9487 31363
-9483 31365
-9481 31365
-9479 31366
-9476 31367
-9472 31368
-9468 31370
-9466 31370
-9464 31371
-9461 31372
-9456 31372
-9453 31374
-9450 31374
-9449 31375
-9445 31376
-9441 31377
-9438 31379
-9435 31379
-9434 31380
-9430 31381
-9426 31382
-9422 31383
-9420 31383
-9418 31384
-9415 31386
-9411 31387
-9407 31388
-9405 31388
-9403 31389
-9400 31391
-9396 31390
-9395 31391
-9391 31392
-9389 31392
-9387 31393
-9384 31395
-9380 31396
-9376 31397
-9374 31397
-9372 31398
-9369 31400
-9364 31400
-9361 31402
-9358 31402
-9357 31403
-9353 31404
-9349 31405
-9346 31407
-9343 31407
-9342 31408
-9338 31409
-9334 31409
-9330 31411
-9328 31411
-9326 31412
-9323 31413
-9319 31414
-9315 31416
-9313 31416
-9311 31417
-9308 31418
-9303 31419
-9300 31420
-9297 31420
-9296 31421
-9292 31423
-9288 31424
-9285 31425
-9282 31425
-9281 31426
-9277 31428
-9272 31427
-9268 31429
-9266 31429
-9264 31430
-9261 31431
-9257 31432
-9253 31434
-9251 31434
-9249 31435
-9246 31436
-9241 31437
-9238 31438
-9235 31438
-9234 31439
-9230 31441
-9226 31442
-9223 31443
-9220 31443
-9219 31444
-9215 31446
-9211 31446
-9207 31447
-9205 31447
-9203 31448
-9200 31450
-9196 31450
-9192 31452
-9190 31452
-9188 31453
-9185 31454
-9180 31455
-9177 31456
-9174 31456
-9173 31457
-9169 31459
-9165 31459
-9162 31461
-9159 31461
-9158 31462
-9154 31463
-9151 31463
-9149 31464
-9146 31465
-9143 31465
-9142 31466
-9138 31468
-9134 31468
-9131 31470
-9128 31470
-9127 31471
-9123 31472
-9119 31473
-9115 31474
-9113 31474
-9111 31475
-9108 31477
-9104 31477
-9100 31479
-9098 31479
-9096 31480
-9093 31481
-9088 31482
-9085 31483
-9082 31483
-9081 31484
-9077 31486
-9073 31486
-9070 31488
-9067 31488
-9066 31489
-9062 31490
-9058 31491
-9054 31492
-9052 31492
-9050 31493
-9047 31495
-9043 31495
-9039 31497
-9037 31497
-9035 31498
-9032 31499
-9028 31498
-9026 31499
-9023 31500
-9020 31500
-9019 31501
-9015 31503
-9011 31503
-9008 31505
-9005 31505
-9004 31506
-9000 31507
-8996 31508
-8992 31509
-8990 31509
-8988 31510
-8985 31512
-8981 31512
-8977 31514
-8975 31514
-8973 31515
-8970 31516
-8965 31517
-8961 31518
-8959 31518
-8957 31519
-8954 31521
-8950 31521
-8946 31523
-8944 31523
-8942 31524
-8939 31525
-8934 31526
-8931 31527
-8928 31527
-8927 31528
-8923 31530
-8919 31530
-8916 31532
-8913 31532
-8912 31533
-8908 31534
-8905 31533
-8903 31534
-8900 31536
-8897 31536
-8896 31537
-8892 31538
-8888 31539
-8885 31540
-8882 31540
-8881 31541
-8877 31543
-8873 31543
-8869 31545
-8867 31545
-8865 31546
-8862 31547
-8858 31548
-8854 31549
-8852 31549
-8850 31550
-8847 31552
-8842 31552
-8838 31553
-8836 31553
-8834 31554
-8831 31556
-8827 31556
-8823 31558
-8821 31558
-8819 31559
-8816 31560
-8811 31561
-8808 31562
-8805 31562
-8804 31563
-8800 31565
-8796 31565
-8793 31567
-8790 31567
-8789 31568
-8785 31569
-8780 31569
-8776 31570
-8774 31570
-8772 31571
-8769 31573
-8765 31573
-8761 31575
-8759 31575
-8757 31576
-8754 31577
-8749 31578
-8746 31579
-8743 31579
-8742 31580
-8738 31582
-8734 31582
-8731 31584
-8728 31584
-8727 31585
-8723 31586
-8718 31586
-8715 31588
-8712 31588
-8711 31589
-8707 31590
-8703 31591
-8700 31592
-8697 31592
-8696 31593
-8692 31595
-8688 31595
-8684 31596
-8682 31596
-8680 31597
-8677 31599
-8673 31599
-8669 31601
-8667 31601
-8665 31602
-8662 31603
-8658 31602
-8657 31603
-8653 31605
-8651 31605
-8649 31606
-8646 31607
-8642 31608
-8638 31609
-8636 31609
-8634 31610
-8631 31612
-8626 31612
-8623 31613
-8620 31613
-8619 31614
-8615 31616
-8611 31616
-8608 31618
-8605 31618
-8604 31619
-8600 31620
-8595 31620
-8592 31622
-8589 31622
-8588 31623
-8584 31624
-8580 31625
-8577 31626
-8574 31626
-8573 31627
-8569 31629
-8565 31629
-8561 31630
-8559 31630
-8557 31631
-8554 31633
-8550 31633
-8546 31635
-8544 31635
-8542 31636
-8539 31637
-8534 31635
-8533 31636
-8529 31637
-8527 31637
-8525 31638
-8522 31640
-8518 31640
-8514 31642
-8512 31642
-8510 31643
-8507 31644
-8502 31644
-8499 31646
-8496 31646
-8495 31647
-8491 31648
-8487 31649
-8484 31650
-8481 31650
-8480 31651
-8476 31653
-8471 31653
-8468 31654
-8465 31654
-8464 31655
-8460 31657
-8456 31657
-8453 31659
-8450 31659
-8449 31660
-8445 31661
-8441 31661
-8437 31663
-8435 31663
-8433 31664
-8430 31665
-8426 31666
-8422 31667
-8420 31667
-8418 31668
-8415 31670
-8411 31668
-8409 31669
-8406 31670
-8403 31670
-8402 31671
-8398 31673
-8394 31673
-8391 31675
-8388 31675
-8387 31676
-8383 31677
-8379 31677
-8375 31679
-8373 31679
-8371 31680
-8368 31681
-8364 31682
-8360 31683
-8358 31683
-8356 31684
-8353 31686
-8348 31685
-8344 31687
-8342 31687
-8340 31688
-8337 31689
-8333 31690
-8329 31691
-8327 31691
-8325 31692
-8322 31694
-8317 31694
-8314 31695
-8311 31695
-8310 31696
-8306 31698
-8302 31698
-8299 31700
-8296 31700
-8295 31701
-8291 31702
-8285 31701
-8282 31703
-8279 31703
-8278 31704
-8274 31705
-8270 31706
-8267 31707
-8264 31707
-8263 31708
-8259 31710
-8255 31710
-8251 31711
-8249 31711
-8247 31712
-8244 31714
-8240 31714
-8236 31716
-8234 31716
-8232 31717
-8229 31718
-8224 31718
-8220 31719
-8218 31719
-8216 31720
-8213 31722
-8209 31722
-8205 31724
-8203 31724
-8201 31725
-8198 31726
-8193 31727
-8190 31728
-8187 31728
-8186 31729
-8182 31730
-8178 31731
-8175 31732
-8172 31732
-8171 31733
-8167 31734
-8163 31734
-8162 31734
-8158 31735
-8156 31736
-8154 31736
-8151 31737
-8147 31738
-8143 31739
-8141 31740
-8139 31740
-8136 31741
-8132 31742
-8128 31743
-8126 31744
-8124 31744
-8121 31745
-8116 31746
-8113 31747
-8110 31748
-8109 31748
-8105 31749
-8100 31750
-8097 31751
-8094 31752
-8093 31752
-8089 31753
-8085 31754
-8081 31755
-8079 31756
-8077 31756
-8074 31757
-8069 31758
-8066 31759
-8063 31760
-8062 31760
-8058 31761
-8054 31762
-8050 31763
-8048 31764
-8046 31764
-8043 31765
-8040 31765
-8038 31766
-8035 31767
-8032 31767
-8031 31768
-8027 31769
-8023 31770
-8019 31771
-8017 31771
-8015 31772
-8012 31773
-8007 31774
-8004 31775
-8001 31775
-8000 31776
-7996 31777
-7992 31778
-7988 31779
-7986 31779
-7984 31780
-7981 31781
-7976 31782
-7973 31783
-7970 31783
-7969 31784
-7965 31785
-7961 31786
-7957 31787
-7955 31787
-7953 31788
-7950 31789
-7945 31790
-7942 31791
-7939 31791
-7938 31792
-7934 31793
-7930 31794
-7926 31795
-7924 31795
-7922 31796
-7919 31797
-7916 31797
-7914 31797
-7911 31798
-7908 31799
-7907 31799
-7903 31800
-7899 31801
-7895 31802
-7893 31803
-7891 31803
-7888 31804
-7883 31805
-7880 31806
-7877 31807
-7876 31807
-7872 31808
-7868 31809
-7864 31810
-7862 31811
-7860 31811
-7857 31812
-7852 31813
-7849 31814
-7846 31814
-7845 31815
-7841 31816
-7837 31817
-7833 31818
-7831 31818
-7829 31819
-7826 31820
-7821 31821
-7818 31822
-7815 31822
-7814 31823
-7810 31824
-7806 31825
-7802 31826
-7800 31826
-7798 31827
-7795 31828
-7790 31828
-7786 31829
-7784 31829
-7782 31830
-7779 31831
-7774 31832
-7771 31833
-7768 31833
-7767 31834
-7763 31835
-7759 31836
-7755 31837
-7753 31837
-7751 31838
-7748 31839
-7743 31840
-7740 31841
-7737 31841
-7736 31842
-7732 31843
-7728 31843
-7724 31844
-7722 31845
-7720 31845
-7717 31846
-7712 31847
-7709 31848
-7706 31849
-7705 31849
-7701 31850
-7697 31851
-7693 31852
-7691 31853
-7689 31853
-7686 31854
-7681 31855
-7678 31856
-7675 31857
-7674 31857
-7670 31858
-7667 31858
-7666 31858
-7662 31859
-7660 31860
-7658 31860
-7655 31861
-7650 31862
-7647 31863
-7644 31864
-7643 31864
-7639 31865
-7635 31866
-7631 31867
-7629 31867
-7627 31868
-7624 31869
-7619 31870
-7616 31871
-7613 31871
-7612 31872
-7608 31873
-7604 31873
-7600 31874
-7598 31875
-7596 31875
-7593 31876
-7588 31877
-7585 31878
-7582 31879
-7581 31879
-7577 31880
-7573 31881
-7569 31882
-7567 31882
-7565 31883
-7562 31884
-7557 31885
-7554 31886
-7551 31886
-7550 31887
-7546 31888
-7542 31887
-7541 31887
-7537 31888
-7535 31889
-7533 31889
-7530 31890
-7525 31891
-7522 31892
-7519 31893
-7518 31893
-7514 31894
-7510 31895
-7506 31896
-7504 31896
-7502 31897
-7499 31898
-7494 31899
-7491 31900
-7488 31900
-7487 31901
-7483 31902
-7479 31902
-7475 31903
-7473 31904
-7471 31904
-7468 31905
-7463 31906
-7460 31907
-7457 31908
-7456 31908
-7452 31909
-7448 31910
-7444 31911
-7442 31911
-7440 31912
-7437 31913
-7432 31914
-7429 31915
-7426 31915
-7425 31916
-7421 31917
-7418 31916
-7416 31917
-7413 31918
-7410 31918
-7409 31919
-7405 31920
-7401 31921
-7397 31922
-7395 31922
-7393 31923
-7390 31924
-7385 31924
-7382 31925
-7379 31926
-7378 31926
-7374 31927
-7370 31928
-7366 31929
-7364 31930
-7362 31930
-7359 31931
-7354 31931
-7351 31932
-7348 31933
-7347 31933
-7343 31934
-7339 31935
-7335 31936
-7333 31937
-7331 31937
-7328 31938
-7323 31939
-7320 31940
-7317 31940
-7316 31941
-7312 31942
-7308 31943
-7304 31944
-7302 31944
-7300 31945
-7297 31946
-7291 31945
-7288 31946
-7285 31946
-7284 31947
-7280 31948
-7276 31949
-7272 31950
-7270 31950
-7268 31951
-7265 31952
-7260 31952
-7257 31953
-7254 31954
-7253 31954
-7249 31955
-7245 31956
-7241 31957
-7239 31958
-7237 31958
-7234 31959
-7229 31959
-7226 31960
-7223 31961
-7222 31961
-7218 31962
-7214 31963
-7210 31964
-7208 31965
-7206 31965
-7203 31966
-7198 31967
-7195 31968
-7192 31968
-7191 31969
-7187 31970
-7183 31971
-7179 31972
-7177 31972
-7175 31973
-7172 31974
-7168 31974
-7167 31974
-7163 31975
-7161 31976
-7159 31976
-7156 31977
-7151 31978
-7148 31979
-7145 31979
-7144 31980
-7140 31981
-7136 31981
-7132 31982
-7130 31983
-7128 31983
-7125 31984
-7120 31985
-7117 31986
-7114 31986
-7113 31987
-7109 31988
-7105 31988
-7101 31989
-7099 31990
-7097 31990
-7094 31991
-7089 31992
-7086 31993
-7083 31993
-7082 31994
-7078 31995
-7074 31995
-7070 31996
-7068 31997
-7066 31997
-7063 31998
-7058 31999
-7055 32000
-7052 32000
-7051 32001
-7047 32002
-7043 32001
-7042 32001
-7038 32002
-7036 32003
-7034 32003
-7031 32004
-7026 32005
-7023 32006
-7020 32006
-7019 32007
-7015 32008
-7011 32008
-7007 32009
-7005 32010
-7003 32010
-7000 32011
-6995 32012
-6992 32013
-6989 32013
-6988 32014
-6984 32015
-6979 32015
-6976 32016
-6973 32017
-6972 32017
-6968 32018
-6964 32019
-6960 32020
-6958 32020
-6956 32021
-6953 32022
-6948 32022
-6945 32023
-6942 32024
-6941 32024
-6937 32025
-6933 32026
-6929 32027
-6927 32027
-6925 32028
-6922 32029
-6918 32029
-6917 32029
-6913 32030
-6911 32031
-6909 32031
-6906 32032
-6901 32033
-6898 32034
-6895 32034
-6894 32035
-6890 32036
-6886 32036
-6882 32037
-6880 32038
-6878 32038
-6875 32039
-6870 32040
-6867 32041
-6864 32041
-6863 32042
-6859 32043
-6854 32043
-6851 32044
-6848 32044
-6847 32045
-6843 32046
-6839 32046
-6835 32047
-6833 32048
-6831 32048
-6828 32049
-6823 32050
-6820 32051
-6817 32051
-6816 32052
-6812 32053
-6808 32053
-6804 32054
-6802 32055
-6800 32055
-6797 32056
-6792 32056
-6788 32057
-6786 32057
-6784 32058
-6781 32059
-6776 32059
-6773 32060
-6770 32061
-6769 32061
-6765 32062
-6761 32063
-6757 32064
-6755 32064
-6753 32065
-6750 32066
-6745 32066
-6742 32067
-6739 32068
-6738 32068
-6734 32069
-6729 32069
-6726 32070
-6723 32071
-6722 32071
-6718 32072
-6714 32073
-6710 32074
-6708 32074
-6706 32075
-6703 32076
-6698 32076
-6695 32077
-6692 32078
-6691 32078
-6687 32079
-6683 32080
-6679 32081
-6677 32081
-6675 32082
-6672 32083
-6668 32082
-6667 32083
-6663 32084
-6661 32084
-6659 32085
-6656 32086
-6651 32086
-6648 32087
-6645 32088
-6644 32088
-6640 32089
-6636 32089
-6632 32090
-6630 32091
-6628 32091
-6625 32092
-6620 32093
-6617 32094
-6614 32094
-6613 32095
-6609 32096
-6604 32096
-6601 32097
-6598 32097
-6597 32098
-6593 32099
-6589 32099
-6585 32100
-6583 32101
-6581 32101
-6578 32102
-6573 32102
-6570 32103
-6567 32104
-6566 32104
-6562 32105
-6558 32106
-6554 32107
-6552 32107
-6550 32108
-6545 32106
-6541 32107
-6539 32108
-6537 32108
-6534 32109
-6529 32110
-6526 32111
-6523 32111
-6522 32112
-6518 32113
-6514 32113
-6510 32114
-6508 32114
-6506 32115
-6503 32116
-6498 32116
-6495 32117
-6492 32118
-6491 32118
-6487 32119
-6482 32119
-6479 32120
-6476 32121
-6475 32121
-6471 32122
-6467 32123
-6463 32124
-6461 32124
-6459 32125
-6456 32126
-6451 32126
-6448 32127
-6445 32127
-6444 32128
-6440 32129
-6436 32129
-6432 32130
-6430 32131
-6428 32131
-6425 32132
-6421 32131
-6419 32132
-6416 32133
-6413 32133
-6412 32134
-6408 32135
-6404 32135
-6400 32136
-6398 32137
-6396 32137
-6393 32138
-6388 32138
-6385 32139
-6382 32140
-6381 32140
-6377 32141
-6373 32142
-6369 32143
-6367 32143
-6365 32144
-6362 32145
-6357 32144
-6353 32145
-6351 32146
-6349 32146
-6346 32147
-6341 32148
-6338 32149
-6335 32149
-6334 32150
-6330 32151
-6326 32151
-6322 32152
-6320 32152
-6318 32153
-6315 32154
-6310 32154
-6307 32155
-6304 32156
-6303 32156
-6299 32157
-6294 32156
-6290 32157
-6288 32158
-6286 32158
-6283 32159
-6278 32160
-6275 32161
-6272 32161
-6271 32162
-6267 32163
-6263 32163
-6259 32164
-6257 32164
-6255 32165
-6252 32166
-6247 32166
-6244 32167
-6241 32168
-6240 32168
-6236 32169
-6231 32169
-6228 32170
-6225 32170
-6224 32171
-6220 32172
-6216 32172
-6212 32173
-6210 32174
-6208 32174
-6205 32175
-6200 32175
-6197 32176
-6194 32177
-6193 32177
-6189 32178
-6185 32179
-6181 32180
-6179 32180
-6177 32181
-6174 32182
-6170 32181
-6168 32181
-6165 32182
-6162 32183
-6161 32183
-6157 32184
-6153 32185
-6149 32186
-6147 32186
-6145 32187
-6142 32188
-6137 32188
-6134 32189
-6131 32189
-6130 32189
-6126 32190
-6122 32191
-6118 32192
-6116 32192
-6114 32192
-6111 32193
-6106 32194
-6102 32195
-6100 32195
-6098 32195
-6095 32196
-6090 32197
-6087 32198
-6084 32198
-6083 32198
-6079 32199
-6075 32200
-6071 32201
-6069 32201
-6067 32201
-6064 32202
-6059 32203
-6056 32204
-6053 32204
-6052 32204
-6048 32205
-6044 32204
-6042 32205
-6039 32206
-6036 32206
-6035 32206
-6031 32207
-6027 32208
-6023 32209
-6021 32209
-6019 32209
-6016 32210
-6011 32211
-6008 32212
-6005 32212
-6004 32212
-6000 32213
-5996 32214
-5992 32215
-5990 32215
-5988 32215
-5985 32216
-5980 32217
-5976 32218
-5974 32218
-5972 32218
-5969 32219
-5964 32220
-5961 32221
-5958 32221
-5957 32221
-5953 32222
-5949 32223
-5945 32224
-5943 32224
-5941 32224
-5938 32225
-5933 32226
-5930 32227
-5927 32227
-5926 32227
-5922 32228
-5918 32228
-5917 32229
-5913 32230
-5911 32230
-5909 32230
-5906 32231
-5901 32232
-5898 32233
-5895 32233
-5894 32233
-5890 32234
-5886 32235
-5882 32236
-5880 32236
-5878 32236
-5875 32237
-5870 32238
-5867 32239
-5864 32239
-5863 32239
-5859 32240
-5854 32240
-5851 32241
-5848 32241
-5847 32242
-5843 32243
-5839 32243
-5835 32244
-5833 32244
-5831 32245
-5828 32246
-5823 32246
-5820 32247
-5817 32247
-5816 32248
-5812 32249
-5808 32249
-5804 32250
-5802 32250
-5800 32251
-5797 32252
-5791 32251
-5788 32252
-5785 32252
-5784 32253
-5780 32254
-5776 32254
-5772 32255
-5770 32255
-5768 32256
-5765 32257
-5760 32257
-5756 32258
-5754 32258
-5752 32259
-5749 32260
-5744 32260
-5741 32261
-5738 32261
-5737 32262
-5733 32263
-5728 32263
-5725 32264
-5722 32264
-5721 32264
-5717 32265
-5713 32266
-5709 32267
-5707 32267
-5705 32267
-5702 32268
-5697 32269
-5693 32270
-5691 32270
-5689 32270
-5686 32271
-5681 32272
-5678 32273
-5675 32273
-5674 32273
-5670 32274
-5667 32273
-5665 32274
-5662 32275
-5659 32275
-5658 32275
-5654 32276
-5650 32277
-5646 32278
-5644 32278
-5642 32278
-5639 32279
-5634 32280
-5630 32281
-5628 32281
-5626 32281
-5623 32282
-5618 32283
-5615 32284
-5612 32284
-5611 32284
-5607 32285
-5602 32285
-5599 32286
-5596 32286
-5595 32287
-5591 32288
-5587 32288
-5583 32289
-5581 32289
-5579 32290
-5576 32291
-5571 32291
-5567 32292
-5565 32292
-5563 32292
-5560 32293
-5555 32294
-5552 32295
-5549 32295
-5548 32295
-5544 32296
-5540 32295
-5539 32295
-5535 32296
-5533 32296
-5531 32297
-5528 32298
-5523 32298
-5520 32299
-5517 32299
-5516 32300
-5512 32301
-5507 32301
-5504 32302
-5501 32302
-5500 32302
-5496 32303
-5492 32304
-5488 32305
-5486 32305
-5484 32305
-5481 32306
-5476 32306
-5472 32307
-5470 32307
-5468 32308
-5465 32309
-5460 32309
-5457 32310
-5454 32310
-5453 32311
-5449 32312
-5444 32312
-5441 32313
-5438 32313
-5437 32313
-5433 32314
-5429 32315
-5425 32316
-5423 32316
-5421 32316
-5418 32317
-5414 32317
-5413 32317
-5409 32318
-5407 32318
-5405 32319
-5402 32320
-5397 32320
-5394 32321
-5391 32321
-5390 32322
-5386 32323
-5381 32323
-5378 32324
-5375 32324
-5374 32324
-5370 32325
-5366 32326
-5362 32327
-5360 32327
-5358 32327
-5355 32328
-5350 32328
-5346 32329
-5344 32329
-5342 32329
-5339 32330
-5334 32331
-5331 32332
-5328 32332
-5327 32332
-5323 32333
-5318 32333
-5315 32334
-5312 32334
-5311 32335
-5307 32336
-5303 32336
-5299 32337
-5297 32337
-5295 32338
-5292 32339
-5286 32338
-5283 32339
-5280 32339
-5279 32339
-5275 32340
-5271 32341
-5267 32342
-5265 32342
-5263 32342
-5260 32343
-5255 32343
-5251 32344
-5249 32344
-5247 32345
-5244 32346
-5239 32346
-5236 32347
-5233 32347
-5232 32348
-5228 32349
-5223 32348
-5220 32349
-5217 32349
-5216 32350
-5212 32351
-5208 32351
-5204 32352
-5202 32352
-5200 32353
-5197 32354
-5192 32354
-5188 32355
-5186 32355
-5184 32355
-5181 32356
-5176 32357
-5173 32358
-5170 32358
-5169 32358
-5165 32359
-5162 32358
-5160 32358
-5157 32359
-5154 32359
-5153 32360
-5149 32361
-5145 32361
-5141 32362
-5139 32362
-5137 32363
-5134 32364
-5129 32364
-5125 32365
-5123 32365
-5121 32366
-5118 32367
-5113 32367
-5110 32368
-5107 32368
-5106 32368
-5102 32369
-5097 32369
-5094 32370
-5091 32370
-5090 32370
-5086 32371
-5082 32371
-5078 32372
-5076 32372
-5074 32373
-5071 32374
-5066 32374
-5062 32375
-5060 32375
-5058 32375
-5055 32376
-5050 32376
-5047 32377
-5044 32377
-5043 32378
-5039 32379
-5035 32378
-5034 32378
-5030 32379
-5028 32379
-5026 32380
-5023 32381
-5018 32381
-5015 32382
-5012 32382
-5011 32382
-5007 32383
-5002 32383
-4999 32384
-4996 32384
-4995 32385
-4991 32386
-4987 32386
-4983 32387
-4981 32387
-4979 32387
-4976 32388
-4971 32388
-4967 32389
-4965 32389
-4963 32390
-4960 32391
-4955 32391
-4952 32392
-4949 32392
-4948 32392
-4944 32393
-4939 32393
-4936 32394
-4933 32394
-4932 32395
-4928 32396
-4924 32396
-4920 32397
-4918 32397
-4916 32397
-4913 32398
-4909 32398
-4907 32398
-4904 32399
-4901 32399
-4900 32400
-4896 32401
-4892 32401
-4888 32402
-4886 32402
-4884 32402
-4881 32403
-4876 32403
-4872 32404
-4870 32404
-4868 32405
-4865 32406
-4860 32406
-4857 32407
-4854 32407
-4853 32407
-4849 32408
-4844 32408
-4841 32409
-4838 32409
-4837 32409
-4833 32410
-4829 32410
-4825 32411
-4823 32411
-4821 32412
-4818 32413
-4813 32413
-4809 32414
-4807 32414
-4805 32414
-4802 32415
-4797 32415
-4794 32416
-4791 32416
-4790 32417
-4786 32418
-4781 32417
-4777 32418
-4775 32418
-4773 32418
-4770 32419
-4765 32419
-4762 32420
-4759 32420
-4758 32421
-4754 32422
-4749 32422
-4746 32423
-4743 32423
-4742 32423
-4738 32424
-4734 32424
-4730 32425
-4728 32425
-4726 32426
-4723 32427
-4718 32426
-4714 32427
-4712 32427
-4710 32428
-4707 32429
-4702 32429
-4699 32430
-4696 32430
-4695 32430
-4691 32431
-4686 32431
-4683 32432
-4680 32432
-4679 32433
-4675 32434
-4671 32434
-4667 32435
-4665 32435
-4663 32435
-4660 32436
-4656 32435
-4654 32435
-4651 32436
-4648 32436
-4647 32437
-4643 32438
-4639 32438
-4635 32439
-4633 32439
-4631 32439
-4628 32440
-4623 32440
-4619 32441
-4617 32441
-4615 32442
-4612 32443
-4607 32443
-4604 32444
-4601 32444
-4600 32444
-4596 32445
-4591 32445
-4588 32446
-4585 32446
-4584 32446
-4580 32447
-4576 32447
-4572 32448
-4570 32448
-4568 32449
-4565 32450
-4560 32449
-4556 32450
-4554 32450
-4552 32451
-4549 32452
-4544 32452
-4541 32453
-4538 32453
-4537 32453
-4533 32454
-4528 32452
-4527 32452
-4523 32453
-4521 32453
-4519 32454
-4516 32455
-4511 32455
-4508 32456
-4505 32456
-4504 32456
-4500 32457
-4495 32457
-4492 32458
-4489 32458
-4488 32458
-4484 32459
-4480 32459
-4476 32460
-4474 32460
-4472 32461
-4469 32462
-4464 32461
-4460 32462
-4458 32462
-4456 32463
-4453 32464
-4448 32464
-4445 32465
-4442 32465
-4441 32465
-4437 32466
-4432 32466
-4429 32467
-4426 32467
-4425 32467
-4421 32468
-4417 32468
-4413 32469
-4411 32469
-4409 32470
-4406 32471
-4402 32470
-4400 32470
-4397 32471
-4394 32471
-4393 32472
-4389 32473
-4385 32473
-4381 32474
-4379 32474
-4377 32474
-4374 32475
-4369 32475
-4365 32476
-4363 32476
-4361 32476
-4358 32477
-4353 32477
-4350 32478
-4347 32478
-4346 32479
-4342 32480
-4337 32479
-4334 32480
-4331 32480
-4330 32480
-4326 32481
-4322 32481
-4318 32482
-4316 32482
-4314 32483
-4311 32484
-4306 32483
-4302 32484
-4300 32484
-4298 32485
-4295 32486
-4290 32486
-4287 32487
-4284 32487
-4283 32487
-4279 32488
-4273 32487
-4270 32488
-4267 32488
-4266 32488
-4262 32489
-4258 32489
-4254 32490
-4252 32490
-4250 32491
-4247 32492
-4242 32491
-4238 32492
-4236 32492
-4234 32493
-4231 32494
-4226 32494
-4223 32495
-4220 32495
-4219 32495
-4215 32496
-4210 32495
-4207 32496
-4204 32496
-4203 32497
-4199 32498
-4195 32498
-4191 32499
-4189 32499
-4187 32499
-4184 32500
-4179 32500
-4175 32501
-4173 32501
-4171 32501
-4168 32502
-4163 32502
-4160 32503
-4157 32503
-4156 32504
-4152 32505
-4149 32503
-4147 32503
-4144 32504
-4141 32504
-4140 32505
-4136 32506
-4132 32506
-4128 32507
-4126 32507
-4124 32507
-4121 32508
-4116 32508
-4112 32509
-4110 32509
-4108 32509
-4105 32510
-4100 32511
-4097 32512
-4094 32511
-4093 32512
-4089 32512
-4084 32512
-4080 32513
-4078 32513
-4076 32513
-4073 32514
-4068 32514
-4065 32515
-4062 32515
-4061 32515
-4057 32516
-4052 32516
-4049 32517
-4046 32517
-4045 32517
-4041 32518
-4037 32518
-4033 32519
-4031 32519
-4029 32519
-4026 32520
-4021 32519
-4020 32520
-4016 32520
-4014 32520
-4012 32521
-4009 32521
-4004 32522
-4001 32522
-3998 32522
-3997 32523
-3993 32523
-3988 32524
-3985 32524
-3982 32524
-3981 32525
-3977 32525
-3973 32526
-3969 32526
-3967 32526
-3965 32527
-3962 32527
-3956 32528
-3953 32528
-3950 32528
-3949 32529
-3945 32529
-3941 32530
-3937 32530
-3935 32530
-3933 32531
-3930 32531
-3925 32532
-3921 32532
-3919 32532
-3917 32533
-3914 32533
-3909 32534
-3906 32534
-3903 32534
-3902 32535
-3898 32535
-3894 32535
-3893 32536
-3889 32536
-3887 32536
-3885 32537
-3882 32537
-3877 32538
-3874 32538
-3871 32538
-3870 32539
-3866 32539
-3861 32540
-3858 32540
-3855 32540
-3854 32541
-3850 32541
-3846 32542
-3842 32542
-3840 32542
-3838 32543
-3835 32543
-3829 32543
-3826 32544
-3823 32544
-3822 32544
-3818 32545
-3814 32545
-3810 32546
-3808 32546
-3806 32546
-3803 32547
-3798 32547
-3794 32548
-3792 32548
-3790 32548
-3787 32549
-3782 32549
-3779 32550
-3776 32550
-3775 32550
-3771 32551
-3766 32550
-3762 32551
-3760 32551
-3758 32551
-3755 32552
-3750 32552
-3747 32553
-3744 32553
-3743 32553
-3739 32554
-3734 32554
-3731 32555
-3728 32555
-3727 32555
-3723 32556
-3719 32556
-3715 32557
-3713 32557
-3711 32557
-3708 32558
-3702 32558
-3699 32558
-3696 32558
-3695 32559
-3691 32559
-3687 32560
-3683 32560
-3681 32560
-3679 32561
-3676 32561
-3671 32562
-3667 32562
-3665 32562
-3663 32563
-3660 32563
-3655 32564
-3652 32564
-3649 32564
-3648 32565
-3644 32565
-3640 32564
-3639 32565
-3635 32565
-3633 32565
-3631 32566
-3628 32566
-3623 32567
-3620 32567
-3617 32567
-3616 32568
-3612 32568
-3607 32569
-3604 32569
-3601 32569
-3600 32570
-3596 32570
-3592 32571
-3588 32571
-3586 32571
-3584 32572
-3581 32572
-3575 32572
-3572 32573
-3569 32573
-3568 32573
-3564 32574
-3560 32574
-3556 32575
-3554 32575
-3552 32575
-3549 32576
-3544 32576
-3540 32576
-3538 32576
-3536 32577
-3533 32577
-3528 32578
-3525 32578
-3522 32578
-3521 32579
-3517 32579
-3513 32578
-3511 32579
-3508 32579
-3505 32579
-3504 32580
-3500 32580
-3496 32581
-3492 32581
-3490 32581
-3488 32582
-3485 32582
-3480 32582
-3476 32583
-3474 32583
-3472 32583
-3469 32584
-3464 32584
-3461 32585
-3458 32585
-3457 32585
-3453 32586
-3448 32586
-3444 32586
-3442 32586
-3440 32587
-3437 32587
-3432 32588
-3429 32588
-3426 32588
-3425 32589
-3421 32589
-3416 32589
-3413 32590
-3410 32590
-3409 32590
-3405 32591
-3401 32591
-3397 32592
-3395 32592
-3393 32592
-3390 32593
-3386 32592
-3384 32592
-3381 32593
-3378 32593
-3377 32593
-3373 32594
-3369 32594
-3365 32595
-3363 32595
-3361 32595
-3358 32596
-3353 32596
-3349 32596
-3347 32596
-3345 32597
-3342 32597
-3337 32598
-3334 32598
-3331 32598
-3330 32599
-3326 32599
-3321 32599
-3317 32599
-3315 32599
-3313 32600
-3310 32600
-3305 32601
-3302 32601
-3299 32601
-3298 32602
-3294 32602
-3289 32602
-3286 32603
-3283 32603
-3282 32603
-3278 32604
-3274 32604
-3270 32605
-3268 32605
-3266 32605
-3263 32606
-3257 32605
-3253 32605
-3251 32605
-3249 32606
-3246 32606
-3241 32607
-3238 32607
-3235 32607
-3234 32608
-3230 32608
-3225 32608
-3222 32609
-3219 32609
-3218 32609
-3214 32610
-3210 32610
-3206 32611
-3204 32611
-3202 32611
-3199 32612
-3193 32611
-3190 32612
-3187 32612
-3186 32612
-3182 32613
-3178 32613
-3174 32614
-3172 32614
-3170 32614
-3167 32615
-3162 32615
-3158 32615
-3156 32615
-3154 32616
-3151 32616
-3146 32617
-3143 32617
-3140 32617
-3139 32618
-3135 32618
-3131 32617
-3130 32618
-3126 32618
-3124 32618
-3122 32619
-3119 32619
-3114 32620
-3111 32620
-3108 32620
-3107 32621
-3103 32621
-3098 32621
-3095 32622
-3092 32622
-3091 32622
-3087 32623
-3083 32623
-3079 32624
-3077 32624
-3075 32624
-3072 32625
-3066 32624
-3063 32625
-3060 32625
-3059 32625
-3055 32626
-3051 32626
-3047 32626
-3045 32626
-3043 32627
-3040 32627
-3035 32627
-3031 32628
-3029 32628
-3027 32628
-3024 32629
-3019 32629
-3016 32629
-3013 32629
-3012 32630
-3008 32630
-3004 32629
-3002 32630
-2999 32630
-2996 32630
-2995 32631
-2991 32631
-2987 32631
-2983 32632
-2981 32632
-2979 32632
-2976 32633
-2971 32633
-2967 32633
-2965 32633
-2963 32634
-2960 32634
-2955 32634
-2952 32635
-2949 32635
-2948 32635
-2944 32636
-2939 32636
-2935 32636
-2933 32636
-2931 32637
-2928 32637
-2923 32637
-2920 32638
-2917 32638
-2916 32638
-2912 32639
-2907 32639
-2904 32639
-2901 32639
-2900 32640
-2896 32640
-2892 32640
-2888 32641
-2886 32641
-2884 32641
-2881 32642
-2876 32641
-2875 32641
-2871 32642
-2869 32642
-2867 32642
-2864 32643
-2859 32643
-2856 32643
-2853 32643
-2852 32644
-2848 32644
-2843 32644
-2840 32645
-2837 32645
-2836 32645
-2832 32646
-2828 32646
-2824 32646
-2822 32646
-2820 32647
-2817 32647
-2811 32647
-2808 32647
-2805 32647
-2804 32648
-2800 32648
-2796 32648
-2792 32649
-2790 32649
-2788 32649
-2785 32650
-2780 32650
-2776 32650
-2774 32650
-2772 32651
-2769 32651
-2764 32651
-2761 32652
-2758 32652
-2757 32652
-2753 32653
-2747 32652
-2744 32652
-2741 32652
-2740 32653
-2736 32653
-2732 32653
-2728 32654
-2726 32654
-2724 32654
-2721 32655
-2716 32655
-2712 32655
-2710 32655
-2708 32656
-2705 32656
-2700 32656
-2697 32657
-2694 32657
-2693 32657
-2689 32658
-2684 32657
-2680 32658
-2678 32658
-2676 32658
-2673 32659
-2668 32659
-2665 32659
-2662 32659
-2661 32660
-2657 32660
-2652 32660
-2649 32661
-2646 32661
-2645 32661
-2641 32662
-2637 32662
-2633 32662
-2631 32662
-2629 32663
-2626 32663
-2621 32662
-2620 32663
-2616 32663
-2614 32663
-2612 32664
-2609 32664
-2604 32664
-2601 32665
-2598 32665
-2597 32665
-2593 32666
-2588 32666
-2585 32666
-2582 32666
-2581 32667
-2577 32667
-2573 32667
-2569 32668
-2567 32668
-2565 32668
-2562 32669
-2556 32668
-2553 32668
-2550 32668
-2549 32669
-2545 32669
-2541 32669
-2537 32670
-2535 32670
-2533 32670
-2530 32671
-2525 32670
-2521 32671
-2519 32671
-2517 32671
-2512 32670
-2508 32671
-2506 32671
-2504 32671
-2501 32672
-2496 32671
-2492 32672
-2490 32672
-2488 32672
-2485 32673
-2480 32673
-2477 32673
-2474 32673
-2473 32674
-2469 32674
-2464 32674
-2460 32674
-2458 32674
-2456 32675
-2453 32675
-2448 32675
-2445 32676
-2442 32676
-2441 32676
-2437 32677
-2432 32676
-2429 32677
-2426 32677
-2425 32677
-2421 32678
-2417 32678
-2413 32678
-2411 32678
-2409 32679
-2406 32679
-2401 32678
-2400 32678
-2396 32679
-2394 32679
-2392 32679
-2389 32680
-2384 32680
-2381 32680
-2378 32680
-2377 32681
-2373 32681
-2368 32681
-2365 32681
-2362 32681
-2361 32682
-2357 32682
-2353 32682
-2349 32683
-2347 32683
-2345 32683
-2342 32684
-2336 32683
-2333 32684
-2330 32684
-2329 32684
-2325 32685
-2321 32685
-2317 32685
-2315 32685
-2313 32686
-2310 32686
-2305 32686
-2301 32686
-2299 32686
-2297 32687
-2294 32687
-2289 32687
-2286 32688
-2283 32688
-2282 32688
-2278 32689
-2272 32688
-2269 32688
-2266 32688
-2265 32689
-2261 32689
-2257 32689
-2253 32690
-2251 32690
-2249 32690
-2246 32691
-2241 32690
-2237 32691
-2235 32691
-2233 32691
-2230 32692
-2225 32692
-2222 32692
-2219 32692
-2218 32693
-2214 32693
-2209 32692
-2205 32693
-2203 32693
-2201 32693
-2198 32694
-2193 32694
-2190 32694
-2187 32694
-2186 32695
-2182 32695
-2177 32695
-2174 32695
-2171 32695
-2170 32696
-2166 32696
-2162 32696
-2158 32697
-2156 32697
-2154 32697
-2151 32698
-2146 32696
-2145 32696
-2141 32697
-2139 32697
-2137 32697
-2134 32698
-2129 32698
-2126 32698
-2123 32698
-2122 32699
-2118 32699
-2113 32699
-2110 32699
-2107 32699
-2106 32700
-2102 32700
-2098 32700
-2094 32701
-2092 32701
-2090 32701
-2087 32702
-2081 32701
-2078 32701
-2075 32701
-2074 32702
-2070 32702
-2066 32702
-2062 32703
-2060 32703
-2058 32703
-2055 32704
-2050 32704
-2046 32704
-2044 32704
-2042 32704
-2039 32705
-2034 32705
-2031 32705
-2028 32705
-2027 32705
-2023 32706
-2018 32705
-2016 32705
-2013 32706
-2010 32705
-2009 32706
-2005 32706
-2001 32706
-1997 32707
-1995 32706
-1993 32707
-1990 32707
-1985 32707
-1981 32708
-1979 32707
-1977 32708
-1974 32708
-1969 32708
-1966 32709
-1963 32708
-1962 32709
-1958 32709
-1953 32709
-1949 32710
-1947 32709
-1945 32710
-1942 32710
-1937 32710
-1934 32711
-1931 32710
-1930 32711
-1926 32711
-1921 32711
-1918 32712
-1915 32711
-1914 32712
-1910 32712
-1906 32712
-1902 32713
-1900 32712
-1898 32713
-1895 32713
-1890 32712
-1889 32713
-1885 32713
-1883 32713
-1881 32713
-1878 32714
-1873 32714
-1870 32714
-1867 32714
-1866 32714
-1862 32715
-1857 32715
-1854 32715
-1851 32715
-1850 32715
-1846 32716
-1842 32716
-1838 32716
-1836 32716
-1834 32716
-1831 32717
-1825 32717
-1822 32717
-1819 32717
-1818 32717
-1814 32718
-1810 32718
-1806 32718
-1804 32718
-1802 32718
-1799 32719
-1794 32719
-1790 32719
-1788 32719
-1786 32719
-1783 32720
-1778 32720
-1775 32720
-1772 32720
-1771 32720
-1767 32721
-1761 32720
-1757 32720
-1755 32720
-1753 32720
-1750 32721
-1745 32721
-1742 32721
-1739 32721
-1738 32721
-1734 32722
-1729 32722
-1726 32722
-1723 32722
-1722 32722
-1718 32723
-1714 32723
-1710 32723
-1708 32723
-1706 32723
-1703 32724
-1697 32723
-1694 32724
-1691 32723
-1690 32724
-1686 32724
-1682 32724
-1678 32725
-1676 32724
-1674 32725
-1671 32725
-1666 32725
-1662 32726
-1660 32725
-1658 32726
-1655 32726
-1650 32726
-1647 32727
-1644 32726
-1643 32727
-1639 32727
-1635 32726
-1633 32726
-1630 32727
-1627 32726
-1626 32727
-1622 32727
-1618 32727
-1614 32728
-1612 32727
-1610 32728
-1607 32728
-1602 32728
-1598 32729
-1596 32728
-1594 32729
-1591 32729
-1586 32729
-1583 32730
-1580 32729
-1579 32730
-1575 32730
-1570 32730
-1566 32730
-1564 32730
-1562 32730
-1559 32731
-1554 32731
-1551 32731
-1548 32731
-1547 32731
-1543 32732
-1538 32732
-1535 32732
-1532 32732
-1531 32732
-1527 32733
-1523 32733
-1519 32733
-1517 32733
-1515 32733
-1512 32734
-1507 32732
-1505 32732
-1502 32733
-1499 32732
-1498 32733
-1494 32733
-1490 32733
-1486 32734
-1484 32733
-1482 32734
-1479 32734
-1474 32734
-1470 32734
-1468 32734
-1466 32734
-1463 32735
-1458 32735
-1455 32735
-1452 32735
-1451 32735
-1447 32736
-1442 32735
-1438 32736
-1436 32735
-1434 32736
-1431 32736
-1426 32736
-1423 32737
-1420 32736
-1419 32737
-1415 32737
-1410 32737
-1407 32737
-1404 32737
-1403 32737
-1399 32738
-1395 32738
-1391 32738
-1389 32738
-1387 32738
-1384 32739
-1379 32737
-1378 32738
-1374 32738
-1372 32738
-1370 32738
-1367 32739
-1362 32739
-1359 32739
-1356 32739
-1355 32739
-1351 32740
-1346 32739
-1343 32740
-1340 32739
-1339 32740
-1335 32740
-1331 32740
-1327 32741
-1325 32740
-1323 32741
-1320 32741
-1314 32741
-1311 32741
-1308 32741
-1307 32741
-1303 32742
-1299 32742
-1295 32742
-1293 32742
-1291 32742
-1288 32743
-1283 32742
-1279 32743
-1277 32742
-1275 32743
-1272 32743
-1267 32743
-1264 32744
-1261 32743
-1260 32744
-1256 32744
-1250 32743
-1246 32744
-1244 32743
-1242 32744
-1239 32744
-1234 32744
-1231 32745
-1228 32744
-1227 32745
-1223 32745
-1218 32745
-1215 32745
-1212 32745
-1211 32745
-1207 32746
-1203 32746
-1199 32746
-1197 32746
-1195 32746
-1192 32747
-1186 32746
-1183 32746
-1180 32746
-1179 32746
-1175 32747
-1171 32747
-1167 32747
-1165 32747
-1163 32747
-1160 32748
-1155 32747
-1151 32748
-1149 32747
-1147 32748
-1144 32748
-1139 32748
-1136 32749
-1133 32748
-1132 32749
-1128 32749
-1124 32747
-1122 32748
-1119 32748
-1116 32748
-1115 32748
-1111 32749
-1107 32749
-1103 32749
-1101 32749
-1099 32749
-1096 32750
-1091 32749
-1087 32750
-1085 32749
-1083 32750
-1080 32750
-1075 32750
-1072 32751
-1069 32750
-1068 32751
-1064 32751
-1059 32750
-1055 32751
-1053 32750
-1051 32751
-1048 32751
-1043 32751
-1040 32752
-1037 32751
-1036 32752
-1032 32752
-1027 32752
-1024 32752
-1021 32752
-1020 32752
-1016 32753
-1012 32752
-1008 32753
-1006 32752
-1004 32753
-1001 32753
-995 32752
-994 32752
-990 32753
-988 32752
-986 32753
-983 32753
-978 32753
-975 32753
-972 32753
-971 32753
-967 32754
-962 32753
-959 32754
-956 32753
-955 32754
-951 32754
-947 32754
-943 32754
-941 32754
-939 32754
-936 32755
-930 32754
-927 32755
-924 32754
-923 32755
-919 32755
-915 32755
-911 32755
-909 32755
-907 32755
-904 32756
-899 32755
-895 32756
-893 32755
-891 32756
-888 32756
-883 32756
-880 32756
-877 32756
-876 32756
-872 32757
-868 32755
-866 32756
-863 32756
-860 32756
-859 32756
-855 32757
-851 32756
-847 32757
-845 32756
-843 32757
-840 32757
-835 32757
-831 32757
-829 32757
-827 32757
-824 32758
-819 32757
-816 32758
-813 32757
-812 32758
-808 32758
-803 32758
-799 32758
-797 32758
-795 32758
-792 32759
-787 32758
-784 32759
-781 32758
-780 32759
-776 32759
-771 32759
-768 32759
-765 32759
-764 32759
-760 32760
-756 32759
-752 32760
-750 32759
-748 32760
-745 32760
-738 32759
-735 32760
-732 32759
-731 32760
-727 32760
-723 32760
-719 32760
-717 32760
-715 32760
-712 32761
-707 32760
-703 32761
-701 32760
-699 32761
-696 32761
-691 32761
-688 32761
-685 32761
-684 32761
-680 32762
-675 32761
-671 32761
-669 32761
-667 32761
-664 32762
-659 32761
-656 32762
-653 32761
-652 32762
-648 32762
-643 32762
-640 32762
-637 32762
-636 32762
-632 32763
-628 32762
-624 32763
-622 32762
-620 32763
-617 32763
-612 32761
-611 32762
-607 32762
-605 32762
-603 32762
-600 32763
-595 32762
-592 32763
-589 32762
-588 32763
-584 32763
-579 32763
-576 32763
-573 32763
-572 32763
-568 32764
-564 32763
-560 32764
-558 32763
-556 32764
-553 32764
-547 32763
-544 32764
-541 32763
-540 32764
-536 32764
-532 32764
-528 32764
-526 32764
-524 32764
-521 32765
-516 32764
-512 32765
-510 32764
-508 32765
-505 32765
-500 32765
-497 32765
-494 32765
-493 32765
-489 32766
-484 32763
-482 32763
-479 32764
-476 32763
-475 32764
-471 32764
-467 32764
-463 32764
-461 32764
-459 32764
-456 32765
-451 32764
-447 32764
-445 32764
-443 32764
-440 32765
-435 32764
-432 32765
-429 32764
-428 32765
-424 32765
-419 32764
-415 32765
-413 32764
-411 32765
-408 32765
-403 32765
-400 32765
-397 32765
-396 32765
-392 32766
-387 32765
-384 32765
-381 32765
-380 32765
-376 32766
-372 32765
-368 32766
-366 32765
-364 32766
-361 32766
-356 32764
-355 32765
-351 32765
-349 32765
-347 32765
-344 32766
-339 32765
-336 32766
-333 32765
-332 32766
-328 32766
-323 32765
-320 32766
-317 32765
-316 32766
-312 32766
-308 32766
-304 32766
-302 32766
-300 32766
-297 32767
-291 32766
-288 32766
-285 32766
-284 32766
-280 32767
-276 32766
-272 32767
-270 32766
-268 32767
-265 32767
-260 32766
-256 32767
-254 32766
-252 32767
-249 32767
-244 32767
-241 32767
-238 32767
-237 32767
-233 32767
-227 32766
-223 32766
-221 32766
-219 32766
-216 32767
-211 32766
-208 32767
-205 32766
-204 32767
-200 32767
-195 32766
-192 32767
-189 32766
-188 32767
-184 32767
-180 32767
-176 32767
-174 32767
-173 32767
-169 32767
-163 32766
-160 32767
-157 32766
-156 32767
-152 32767
-148 32767
-144 32767
-142 32767
-141 32767
-137 32767
-132 32767
-129 32767
-126 32767
-125 32767
-121 32767
-117 32767
-113 32767
-110 32767
-109 32767
-105 32767
-101 32766
-99 32766
-96 32767
-93 32766
-92 32767
-89 32767
-84 32767
-81 32767
-78 32767
-77 32767
-73 32767
-68 32767
-65 32767
-62 32767
-61 32767
-57 32767
-53 32767
-49 32767
-47 32767
-45 32767
-41 32767
-36 32767
-33 32767
-30 32767
-29 32767
-25 32767
-21 32767
-17 32767
-14 32767
-13 32767
-9 32767
-5 32767
-1 32767
